id,type,content_id
svVR5dGkVwS0kMlI6G93Y,VIDEO,V1c59SY9bwAzh0mbqDU4z
g8VnjEvCmXRMMojo_4-oR,VIDEO,xbMVNZynlPPrOTWI4fmdl
aBLFTaVvn1Y3jhZEf0JoT,VIDEO,PBVFj5TR_ghcF472-H_Gw
6YYpgkOTi4gnq2l3boT7C,VIDEO,d2_YvmdjEhDlvi9YzKCF3
mxPWIGw3uesbxxhu50vKj,VIDEO,_KhAkQ22CR9hMlaLIgr-U
JT2wEFLWpF247kcMyQ5io,VIDEO,03qcimpBxcr2cHEQsknxA
9QHAB9t0dfqCRHL_YA2jE,VIDEO,ayg4sIquKrR6Ti-xQioT2
fFkTCdqJDgN2XtGEvVJ9_,VIDEO,YptI1BUoo07X1U-Dri87U
cXpvSGq0THvhyjqNUKAWx,VIDEO,sF2SP_i-QZ2wQoyT1k4Nt
bPjb_3hmgScqsCT0qQa1T,VIDEO,MVZC7woZ5k0rYPMHvRnOi
Rownf89VMCPL1gzfgoKho,VIDEO,_2vVS4uZ7-ROY10drsTmf
CtRcUB36ZQSy0W2XXCq8f,VIDEO,-9m7suSU5S3LYetAFzI5V
OQSDJuRpPYFo_cusHpR5W,VIDEO,awc1K8hYsjTTi42gGSOCE
YdQtaR9nxrezILJdKhP9s,VIDEO,vyAKmt6BabJSVdDX3AmR5
JU1yAHe6HKwMXpsfRQDTp,VIDEO,sKxRDRiSI9tFZbcPUzNqP
9gLIeXaL3Lm5xV6-is4SU,VIDEO,2-Il20fNmkMcnItVb6kR1
1mtLtTcdQLWYqEMB-8tfK,VIDEO,sF9Zlh1ekaaWof9M-WV-x
lRTkDIdMXgs-PCrjy7ITm,VIDEO,CWk643oxJp_Dkztb4mUsb
178eK9cdxYAMnKqU4Al-A,VIDEO,8d4Vkj9n4wtsBT02CSKC3
Q9wnxy0m0SCZAPI8O3J3u,VIDEO,C89KgIne6BgU2XNjDGZtL
PjiRr-eUYRvoWiBjZYqJT,VIDEO,B9waCYgGJdvAQ0ygbffgY
RuW7lXkl0iYrQBqG2kBej,VIDEO,6sXZIPku-axRCuRmWWHVa
OvbNVknQpTFWYuO8T8ZQH,VIDEO,IwmRMYnQDqqQgshQWGwWZ
u4GB0BSukACduf4etJ0Ef,VIDEO,UPtOS489KuuKM2ZgYRlM_
Le6pA4O7g4q9gFghlH5j3,VIDEO,zWGZo2By4D3ePfY-po3Ky
E0UhbfJzeEcqXrfVl0Blw,VIDEO,XVTA9-1MQEmfUsqy42UX_
4ObDjJjDeP6NkAWBKEqab,VIDEO,U1hpSsro4TXYu2am04Tm5
pGdfI0BY7Gr-AFJxan75l,VIDEO,kj3UNhd7femGQAUTPVA9_
uvKLWI8Q2NcE8lQV8VFlJ,VIDEO,l4pd2qlqDJqrg2VuPpOvk
WlwZSMX_NCRC7g2_uf4WB,VIDEO,topFYulxMVHCWfUFd0PKJ
E4AYU76_tP3Ua54IZvhWU,VIDEO,INTQugAHpnqGugTCbbwCk
v0_zgc7dfJjTQ92ugrtOM,VIDEO,LAd7j7UK5hkdsVulAr9Ar
9E2uoDbmBKUL47en2AYuF,VIDEO,rzGd_dpLvezPjNNkqoEzr
uD0XgWUwVLcy70uv1o3JS,VIDEO,8q94mISEwa3k6DY0S8Cz5
plOT7ETHk1TczIVO5EqrQ,VIDEO,iT6Hj7AveAs1c3kSd8dvM
6JqYHQNg_ODMHwLwqUIOX,VIDEO,C21bmbHnY_741bKpRAtCW
AI1wh2KO3WMk1l5-xoLvM,VIDEO,gW8FrhUISI_JGHIsattjB
NoJq7XIxrJBeOHQtGmY_s,VIDEO,Y3pRZ3b4TJ4-qnT69jy3E
rn5Aj3BdNPWcSstRT48_f,VIDEO,Zf0DG82QLg0u4h6c3AF7-
FECtHYdM1G5AFNzmAztxv,VIDEO,8q_I-MvmbHNG0VMvfvbID
ka5W4_r41_naNBExdAQJu,VIDEO,Sp5S5TFDPMOx_NAyCH24M
ffPHSPk1mNwjQylV1ltGS,VIDEO,tqCElGjME8p6xMHKPbcdW
6uNB9r-ZycnnDtDeFaSmL,VIDEO,POMcgm3yGrKgp7uiDh2lK
4migIMRvqZ1r0fScUfkFC,VIDEO,E34-vh6SZQ8_xhNOyI6Gr
OnR-9EwlObsD2N-43UsRF,VIDEO,vXLTdRfDq1vBSOYELR5Gy
K30N9HJhy15M663Fxsm18,VIDEO,6Wr-rKhaAkHZo3ZCl0C6n
vyoY3Ws_Vm_AieIxVY4tM,VIDEO,VKBKmr6vFL_isnM97uQHw
f52v2SMtmLr4oJHNc4lsN,VIDEO,i2BluVFOdo6iHCQXUrp7n
h7LE62X4GwhlHKWwi0fRQ,VIDEO,nr0ouz-9hBMtNQXTZqBfK
PNVwFeJ84NMOucqkPeyiY,VIDEO,aex7te7HcAewDpQFTtAUa
43yyjfauJMbbRps_28nHe,VIDEO,R3rDU6aVKR921_SnXizKx
momGQMNSoZ79MTtz4olyM,VIDEO,HxiHtxiaaF-WDCRryt28l
8OlzoU-qiiSU4yFWSwpYV,VIDEO,u2sCKmfC1lyf8Wl0blD29
LB4CY9ls8qlC2cWJVAOTF,VIDEO,g1c7CrpiNz0xurIWkMSdo
hhw6tg73Be2l-bGICwgDb,VIDEO,UBPG8aYN0OjbsN6J3sf21
sZLAetRpi92mHhw2Pm1qz,VIDEO,Gfk0TcDvujLAcOz8TLv_6
nTnVpHkxKU84maaaKrh6M,VIDEO,elhX2qeZHkjhJTEE2UytK
lRRkJvXb5yEkr4mziznTH,VIDEO,yBfbEbtvk1K5hLItd4ZYF
b_sIhb1Gh_DoncqO4orSE,VIDEO,eSJUY35QycMBwD6wacKng
zJytawAlbeIe6mcJNDUWy,VIDEO,DtkVl1MannuuAD6tktIXH
JzCkBD4V-PnYHWwjQKcrF,VIDEO,NA8JMMF70REiBjMQw_SpJ
TB-a7wMEZFEfg_E9e6Rws,VIDEO,4-6pLvCmcdFAE8NVGEZha
7SjmNsjKSzjfaCXg8tC9L,VIDEO,2hh5__PYB4qquomIZR12B
I8RR9TNcsLSLEvwbHBls_,VIDEO,myV9qv-6SiIGT57qs9ywj
a7J9PWm4fL0eSqFyniLOp,VIDEO,UHDVXTjhqlcxjhinW7l5U
Al2jIRIotbsGvQ9U5Z-cD,VIDEO,77cWE-3cYmuP8NlnydwMK
-b4qLaaotz_g6Trufe4rQ,VIDEO,Ao5DxoEmfdazizJ7cPnIN
uVrlpc_ZFOZYGj9vPvTPb,VIDEO,VUulF4GI66VVhUpo6Cp2Z
eYK6ZlNMyJq2tTf_RVbXl,VIDEO,7xrvxXAMvTEQk6SW6sDKz
kdgqubrfzSoNfmYmQfuSH,VIDEO,X2da4vyNI6GlK17tdJInQ
agfxooSJ6Vtk4xV3R4HQu,VIDEO,A_2Op6Gz3ted1rnGCsfCV
cYE1TOwrqTGehLOSleH7i,VIDEO,c6cHEGCTAU18JRARGe15y
458PGw_TnDnh4IyEOfNT7,VIDEO,gctOTie27w0Rz4_HPAKHD
CdbivGLUY4NPbNkl1xj4N,VIDEO,w4LmFmledKm51qWJnjCXe
UfeSEkd6T1N7E_HO6iSuH,VIDEO,6qlkGz7QOF6bk8dXy-fFw
eKL3hQ70uk_eu05gvrv4f,VIDEO,42SGkpSrrsm4nL6rfQcEJ
tWXqRhVjglA75eiWPnfuP,VIDEO,otdeKHtonkG-NMDkJMUyG
PdQpqou7cri4D6U6-mDGk,VIDEO,QyPiheCi5em1C6J24i8QT
g9uZrzYivUSRpio6oarND,VIDEO,7rYJMS8KfyYOhC9Sttvbe
qPjDSCKNhXnOjDoW4vW0y,VIDEO,ryRS570UmFTsw1wd_hE6K
-LEKhXo1S2qDFiOfKOBJD,VIDEO,7zbZw_vyUgkbql-9D1iLg
Mm8d7muON-S3AKbrB6Dkb,VIDEO,DN4fpcD1vHsjx8B0KuqNB
ArelvPABCodYDwH8_0J-k,VIDEO,G-zdfaHWZdXG-RiWqFe3C
cpnkiyXbscVQP2RQQ8ohu,VIDEO,jRWbKBjMWt5U9FEYNlkBk
P7BtayKiptlu7z_84vrmg,VIDEO,CcUCBcAj-DCm-7Xhvd2NY
D9QvJovrqHixJwpGk6JFi,VIDEO,hEZvrXcjpgN7Lcvc1tdbZ
0visXlmwy6dtTM7YvcptI,VIDEO,HvbuC-hCuOSy0yKcE3Jaj
PBRMYMduKcCR3oSkTk2zu,VIDEO,AkOToy565vTSmhw-L9JF0
aKCzgZiH0bkU7qohXzqnO,VIDEO,DDA-8ulix15VezLvrMJ-A
ALHEsZ1BhBXLf4fQhULyF,VIDEO,OTbIx0JWGO5w1gCCD9jRE
7gGvr9BkMQW1N30yOYAph,VIDEO,HRNlDYqgR8wDesJd6Q13n
7rgi18ATgelW_bZpwo3e4,VIDEO,uL4E-hI85U_V29gQHA8Tc
mx3oGuMb4bMrlRyNqZ4kj,VIDEO,_SseD2SMrOne6OfdhYLUo
VcBFj-8KrYDAZMTB7ZAlI,VIDEO,6hMPNd6UNbwwWVRFWNKn3
cXLDhd2tErOmDQ9yHuX0_,VIDEO,eHZkdYLeHcqvxCxq5UtVM
IiiD8SsnLBQ_HWzGyfyyG,VIDEO,NSfvHI4ZXd4b8BY1MVrri
KoDcYK1anqlPN7q8LYuyl,VIDEO,AOgfxSk2tilZQQz0a4we1
jo9bSlDHsnHjqj4YXYhpD,VIDEO,n6mGujTpzEhy-PBO7ZHpM
OvwfhQ8y0OGEKWHDAxZCz,VIDEO,Cr6Kw4w7OSWDYFNeoVszR
s4cRiB75uHC-yIRf638oU,VIDEO,u87rBxVHEhTF2KkODe7_O
6PHNBagE9khzyIvOaId0i,VIDEO,L3MrJst9NQlCrzrq29_wY
FZXuqr5MHWJrSA9QZ85F1,VIDEO,GsDEHE1EGTDv_xwHOroOY
pVUzxZ-bZ3npczurW0zNG,VIDEO,NDAwHbI0Nc05IFRRBMo08
DMTAoCofzI0wbKsTTji9V,VIDEO,ELc3EtKlfmyjO0X2BXR3_
bkskH8mojRPA38zqRc74S,VIDEO,-ADtmnkdcL3k0UePH6Yx5
VHrFA1i0qJ99t8v2xQbFH,VIDEO,vA851wmMaz9BgM3K_igUg
TkagCflbC-EuV2xXvCLuD,VIDEO,XoK0Dglf3_XCbWTin35x0
7W8WOhHlejMCho2xD8-kg,VIDEO,xWpLUdMOQ6uGrLEyWFlOj
TuknAmqx4qTTLdbbAsy00,VIDEO,0djXEf1rW_wxDvmzawt-d
d8T_nch7k39KJmZKpMyW_,VIDEO,xhdK1PoKochKgozWetS_l
qxhI8oXTeu2GZejM_OkKS,VIDEO,hducNnqj3bTw-JbdF58I3
2fwN7x2uHpDa1zwdcubbf,VIDEO,aNBx8vv9LhUJhYbMDz6Z4
JBujGLD968MVLxo-kcb1f,VIDEO,Nt6f9AtZFZwqrwsMBM-0v
nIC2LKJ7o4ehtGBfSUaDQ,VIDEO,CoAzAGea4cdWaF8WsbYh5
63YsGglkEcZ1jbD17MfqQ,VIDEO,nG64LrLDgLfj2B_IfkOrQ
TjuDtaSwogzWm7iLSIIJ7,VIDEO,1ZKmYg-FAv2Fr25pfKFnD
vGwda9HQ9d8mj5lpJV0Wk,VIDEO,Ugfpq1DupaKBo6QQHeh7w
CrRvIZ4EnHo6wIF2r_s2S,VIDEO,O1uE4a4njWG325X2MRMpm
ihDP8BuDgwV17RIK3cTpX,VIDEO,RYOBinpP5_aQh3bTx7Dwd
6LoaK3MfVAgu-3b2UbEd8,VIDEO,iHUQl0l-wykjFD2BJtBjF
vsjn5hJLyZCEWopf8dVj-,VIDEO,Fh3kBPeI63XMeNyk_csqU
4SLITf64anYER1E7ZkNSy,VIDEO,KOcUDdYxfdLex572wWMeq
KXiBF5k3kCOH3DokPSpBH,VIDEO,m1UT3wDGioOie-njlfFnb
bsnNvxjyRvPLqufdvNylb,VIDEO,EUwv7mjLC8Dzw8QA95Cu_
Vyq_wWuSvJBBRSkbdsRbv,VIDEO,f6mAWUMCge7pba673YS3N
s0VCms0vu3KQeSESQYv_a,VIDEO,bYm9hvt9koCyCyyY_fs1N
0b-5JPrFz4Ftp9NcmsZA-,VIDEO,c8XGuV0dHPDR7tfbP79vr
niUpeqFR7n_XBXxA42e2v,VIDEO,YV1UZv5ZWBAXNPdrPotKE
jFWFNn4-GUZcJHQsiQZG9,VIDEO,xTeJV3UYw2RP6jpzS38XE
R07ALwtsFjUDxUOIhlDmE,VIDEO,GN4O6U7zb0T7hhSq1nbIH
4d22_EeImhBLH2A1LgGxr,VIDEO,9G54NM4XeXqHPkVCuYO5E
IO4-RHmzac8faGLndDFru,VIDEO,lU9NwlHNK2w2dJjlk2Aw1
PmQ1N6I-0Gszvqmynwv3d,VIDEO,T5Ffa-vOHwIFK6AF5nEnY
YhGF7fBjlGwwEtQQCObVm,VIDEO,OHHsrxSY2HDfACRe_u9wz
rJb7yM1LESmcxMWzRtDps,VIDEO,pO4SDy9w9MaNb9zIHNttE
4UVuOSLtKcgn5CnizagGX,VIDEO,AoB0yU3h6Zb1qDKW5bQeA
tunZ8mD37n86PAubCbe6v,VIDEO,xuXdRmkfvtG5Xynptftf3
XIDi2-JW4Q0KbB7a-2ucu,VIDEO,qWl4KaRcr3BjEVfZuNI9M
NHxK6hOO9JODAAs4A6fKE,VIDEO,mq9rzNuP5i6lpMILqQwhe
NA9vapOZ6RvPsCnmqo89c,VIDEO,aThha4DQnJzKq9yoN_NmU
mMwQgQ85Wy3PxhyrwxmIv,VIDEO,wVh37PCCESaWY6r96a9Th
3nCT0tEgywWBUnPXbJThk,VIDEO,ONinUz9Y8AlSseqB-qDQd
LN2kA_9aM8vC2mQTgUNkF,VIDEO,n5h-k1D_5cUuYG18xGGNT
-yE2xdXmeM41YgRFrbfcM,VIDEO,2tnb4jaMG2C5ZjqVU9AlT
p8LgZ-jL1fL70Vp6GV17Z,VIDEO,CcfoxyyAGz4e9UBuB3lNm
8DzYy25LqaBgYeUroo_53,VIDEO,DpWycQJXyIcbTXIngzqyD
s2OuVcYw93V7OwPrm2esH,VIDEO,cCEH21W6mcKXTI-SN9ur_
YNrAdznvqnOJzImT3DVAo,VIDEO,Fo2fbKQQFi6K_srf7Hc32
ypTr16xO--4akeYvsHLTN,VIDEO,7ydMG_0QzaiTBXyK6tdca
ze7sk9KRGEN8f011_qp0e,VIDEO,Cy5JnTZL20hEahQhdzSMh
ChX3et4UBBlDZjfBbgmu8,VIDEO,zwLQwCILzuNqj7MuDNk29
Cy-VrfBpPcyPIId8SlEVq,VIDEO,MDVYebCLZTd6g87o4GyX4
V1kBGwRktxoUj8n8Wxyyc,VIDEO,LCOhe4_GjNr5hbPAlFMrG
s6aFbvczFtRy-8Oyt5rHJ,VIDEO,5RvzmJl_uFyCNEfGtYGFz
4MuaZLtYDkDHA9j3BAflg,VIDEO,ALJL99n-TZrw9beftL1Yt
gUeRWhUTQhxedNV5nSvDm,VIDEO,wTQoiz2P-SHccemQv28XX
Kr7DIdvx-sEGah1uxb5hu,VIDEO,46kdPAw4XymlY3WZHar3L
UJqs0YxgGoRMlCZ7ijwYS,VIDEO,kj6FPnhXydYtb72Fmgcjn
qcOwrBYoMq98BFUqfy1He,VIDEO,s_aSqU-X4Xnz5xVTXc0HZ
RwIBQCnVftVfabSSxhbzi,VIDEO,Jp7xTyZLGvDX6wvmAMY3P
-o-C3h_KmfNOXjUXeyvLS,VIDEO,7sePnLqffpSXJ-xP7QTbt
yvix6pCm5vof75oiDdwkN,VIDEO,auYZ7Z7C3OrMvW531116j
wL_AStzi9NsAmuTAMT221,VIDEO,zf1ra8ZUMGXBwN7dCGQJZ
3wxIagky0r5YMUmjHdejY,VIDEO,VJ9QU23fZuTDuye-sFL1D
vAVP3ZRVRnnA-oitk_0XV,VIDEO,Zy_NJgqeuFjK0rOnfyQkE
kpozlz-C6FDd4UOO-O7xA,VIDEO,iWvrTYv3FfrcqrilHmsBq
PNna29g_PESWMw57umEKp,VIDEO,CGrFWIgEaSV36ahPV-N3L
lX0t2-vbZoWfsTsyIe3ex,VIDEO,MxzmLszaFZG2QX0B9xc6U
B7YYskNNt388238jLjArk,VIDEO,2c6VBekDATzJvERILV1nM
RTeXvbv_KRPMhh997nWb6,VIDEO,A5eVfCBvxt2QKj58Qeumw
Je1bRE1JnJHrnndjJJB_p,VIDEO,zsHtbj3SdOi8jfYfxY9Tp
iGiuk-e-U21JC_viNv9dj,VIDEO,48ho74m3yj1V8BE6WJ2QT
cz_7aH-2JdYfi0sNe-MyD,VIDEO,dtVqz1sAtWqYIyeCj3SaJ
MPkqiw_YKhhCAXj-Sc_aA,VIDEO,ysPR2t_cwodhS9q423QMT
lxFjI-vZCGa1MJBYCSjJr,VIDEO,877l_SPPk0d7A0SlJ-nKO
0-LjGVPqxvT8hrXPN3-7v,VIDEO,cTBZ8rMnvukA0pddmdLJI
E7rn2D4oQlh4bY_TwkECx,VIDEO,K2gRvHlALI-RSuf9wxDWy
TUo6zhgCFEvOTW9gIijUV,VIDEO,cPlNmem8yTDJy3RKiGBQm
MbbCQ0sKeU119U1r7s5kj,VIDEO,Tz4yboml2PU9WgroWJdtr
csDlaFkJLwJDzgsmHTu3-,VIDEO,NkRBCRMPrl0zLKXzeTgpe
DwIp6DndujEy1wGA1WOg9,VIDEO,Zl03LDDTJ9ZFdKbCBfc3l
vVR5RQzBU35PqVU7LAWr7,VIDEO,8PM3vxvhXSdiy1SSNJ5vA
BtW2mj089U_6eMOxZxpw_,VIDEO,JQONr5hrrPHFujbrygx29
0oEG9_j9iwyjowbLlrd_s,VIDEO,8pY5pDiggSWTvVAW9QlhF
HEuhqgwX7b9qgLUBd-DCX,VIDEO,KVKRqKeISJHuZEhKGcOAB
Rt9ftZzUMpRxfnVmz0hr5,VIDEO,qA9v1b4dDvU497KQxWk-l
UBn-1e9ERctjQu-vshYG2,VIDEO,zxbWYEaGIgVUQiPi1iCxB
X0ifD94_qazXAgHAytl9_,VIDEO,qVHV-BL9uhPApCAdWNfks
XJB2r_Mv8mplxxGFxY5Lz,VIDEO,jgxGu4eD6dIGpwVSg00t0
cLs-haLuyCvkwQNuzLoNA,VIDEO,KvdtkQVKgDs7xAYligDXg
J9VK90oyB6KbxQ1iX7VZb,VIDEO,rMcO-fT1l-JeUv47hbJau
5ZvAuoZ4OMPly4vILTX8k,VIDEO,EJlyigYddHaz_jJrZHAQ7
_LtqBP3mJSTAC3tpIhlNh,VIDEO,Js38izp58LyAeqinwQgkL
bwfJQfQDD5EJ1m8CMoGly,VIDEO,UqScwtR6HcxDBetD_k3Iy
n5RKF_9Z1K0DypZxECid-,VIDEO,RifC5RAjCLs--JwmwClnT
nVR5OCBEEVFYP2efzfZXf,VIDEO,22LpX8OKMW9qvU8gNu5kH
InecDVMIVsm5l6PZMT3HH,VIDEO,1xXmKEQuzwfh0a9eSjSO5
rY2VygCfOjwfO4ngoZCC1,VIDEO,TaLzW2Mfb8hMmrgxhL0n1
ldHjXXP0nsQ0oiWh5ABrz,VIDEO,XjffEvNoLu2kK52Qe1zMo
3jkdxxrYCvNKzP3WljXl3,VIDEO,34WwpjZlkiFpkCqmhvZ59
lL1ajS1DJGO48jk9XF_7z,VIDEO,nqs1icqz2JzGdfx6kulb7
HM1cHvkkplTczF9Kja7kA,VIDEO,uD25pylBOrw4eNyP6li-7
6OkmFhcOGd5lF7BAjfkpJ,VIDEO,kl6zFfm8gTuuCBHrJu2JG
r2RhNhkNixwZJT5HVME2Q,VIDEO,tjaovukV8sdLZuslhyOlk
rIv2kUy8Hs6miGuGRO4sX,VIDEO,MrkJz8CuZqz0OyI_8Lw_Z
BA93xmZOtn5m98E1G7aHW,VIDEO,uLyD4WgAIaHM9UtTFhGl-
cznSpRNw5b_XiqMmnHj7F,VIDEO,fd-rc18Tw30kZjQFYMp4z
QKAcCqzGmXQYrLuhyDeVz,VIDEO,XhHFSGxjMZavfoZxUS1ky
JWaYvjd4Yr-iVJZMvp6B-,VIDEO,6p203NcTdFhTw3XNc4gcg
5UyPUieVWHAobV-DLgsDJ,VIDEO,N6iKDAgaNN5zZImU2PtC2
zWInsxOE8prEEZUfZfjKC,VIDEO,Hr76ZaYK8hsjQ9FZtQwrP
Y7_cApHpNmCS6kdiTFM-v,VIDEO,T922WHgKG1qn_9sZcJIQL
k4b8knCIuz8Dqm2JcR8_8,VIDEO,X9puuoSxhVF4f2C4IPPFN
cH25IHmTzBa31Xwc4ebs0,VIDEO,54Cc2X55Rn3AbH7E3SlZs
VM7YlhcX592a-DxrlGcXc,VIDEO,bJN1W6wG-CGE7jusXC0a9
_A0n-aEXltbJKnv-eeLnU,VIDEO,fTzOW5FZ_e3wKmhvFMb0l
iTV2xz53QEM2NFNWSPgK1,VIDEO,bkVpQ0V7D61x__IHrliUb
TbXg89UigxSAiCFPNqExT,VIDEO,EmYzNK0nTfOX29G0V04g5
QEwEaaDW3U-gU68Zvnmmt,VIDEO,6brEUIhm0h2cGhs_BHH0w
kYyfBV2Wkmgo1Ce2ZBq2k,VIDEO,Wnl_DClY-DV123Tx4FGAp
jqIlMUWM2bCgiSU2U76yC,VIDEO,-UPbb7BpsIzQ6cz4nE7Vl
_GH5qZocsxvRNXS0Z5Jx7,VIDEO,8jvR9U7GtgvA0X1UK-Lc7
9D1hGlIaAWzOF777Rd2Um,VIDEO,gP7Iab07OPA3hQyfwnlBe
6P8ct40zHY19QFO298xhT,VIDEO,6secwDqyi8lXgzObcTZ_f
HSA2O437flM1iT0C8nXwd,VIDEO,6Mq8w3XIFkwDsFzQJnRO-
LAAIjjszCHtdiT87SdEQQ,VIDEO,IN87R7H_hSpihrMZw6Hxg
9-A9GGzCgAoOrebA8RAal,VIDEO,Y1uhBojugEGefIzHiBiKR
leWybEb0DjvXnzsYArI0t,VIDEO,F7oKMAvRZjYC-wa-gfFLa
c_3l8DfJjlvueuEQZOriB,VIDEO,Nkn_LHfT9w5p4o4Ckm12c
OVELo3N-T-2cP-3kLEgoI,VIDEO,Sc-32A9UWPBho2nAUXPET
TrH5W-KEtqkSeEQ1ouSfz,VIDEO,UPrpVOvJo7e-y3PrB72XI
Z7EtH4zTs_cKg9juEoogL,VIDEO,ZWJWucRN4jjbuV4iA90u9
eCZGVU32gRFU2mF3IsuId,VIDEO,xIuzUS-GeMWSITCslNgkf
4UcWbOBcdUIsITjF4MDZD,VIDEO,kXrpbQXt-bZ1Qnett7i7l
aVB__EZ1iEPcvDbfAllcr,VIDEO,cL4maEELPbZoT4wCYf8YS
8IOu14l-76rfo665zR4Sn,VIDEO,FUjOaOqk3Q3hV424my6lC
VyDYfAFHE2MjunpmV-1U1,VIDEO,Ht3quhaVxqUKlPtcmv8_j
Yx51a7Ul0P34kuSS37W39,VIDEO,Z-Gmp5sRv8PjEHGTMBAUE
yxd0jupNkijc2oxLclpOr,VIDEO,6qvp9ilvZkYV2rl14ABp1
TRMY_fbcEFe0fACawGeFR,VIDEO,BP60-HS2N0Wi-xN-MmiFQ
kw7bUK10z5hDZUiASWTwP,VIDEO,E2PXLBhW6SdHLVdnQW6CI
LVUJke67T3jf4LjSj6hbR,VIDEO,zyutflS7ux-Qi9eh_c_QZ
brDDmkUsYCLl9jabpW89K,VIDEO,Xd_PZfSUmFxyhsfjGxI8H
ZLUBkEq9XdTqjptymqjAg,VIDEO,A-LSbZHFSIfJ_1d-k2CbI
Nh29f91i2siWEBy1p5XNK,VIDEO,5J0mkGwmkYcDYcDL34Bsu
dYVIuH8FOFS1uk6rXT0_T,VIDEO,XVLKc1u0rjvYQ5endb-f5
KsKQ72YhsdYWqWVzAp-Dm,VIDEO,Qkik27sktuoJvQhv0MIqc
gmOoqI79ob3CRXTqjD3VG,VIDEO,VcbvLUyy8l-Ycz62YbgbM
uaaTaq60yDNVhor_EZSNh,VIDEO,YKIIZWOQG_RaYcX_P69ih
xmpxa1sSPUnPIZ7IuMDbC,VIDEO,gAUvxN9ShQ4yFhApfruW6
7Oy0CgPOx5yePrIJQn_dS,VIDEO,P415qOox-y1F-m_avn43L
QI5m8fgrl1Y17pvSFaNQT,VIDEO,G0RATesU61WcIhKk6DvBX
Ea-pLFElXObyf_8gryGxK,VIDEO,wALIe_vAHiRETnfm8ovBz
u8xNJKdRI-qJr0uvRTjlW,VIDEO,UeLPFIli8C4zPYhTFMlZr
4uy0Ell9SqquugzdvVBUp,VIDEO,Y9MGUgY3UyQyjrvAB7YAH
SVayr_Jm_6UHfMm5pkiUG,VIDEO,SfzaPjB3K6AawHMxhBExz
Lpvg0nZYLnp5g3ONtOU_v,VIDEO,qEdaDeA3CN4LOSTX446V5
p7F0mquP83gAJe2LKcJqm,VIDEO,7lITkbEwtva8Vr1ew3KVt
42g9uWmjU3z9Fo7YeNH8J,VIDEO,o7hRBGzpisEoEzQnCbL8B
hCVro8NBjerLZhpYIrfj4,VIDEO,LDc8KbB0ZuQqh4XlkTw8O
vPteAAsQ2SMLS00potT7t,VIDEO,dUbBGmPBrCGlbR1Fcx2aY
wen-O459kYqPvz_J5sxCD,VIDEO,K4krmF8COLPRI6uyIEWHy
LL1KBhz5IDDclxJH9cheV,VIDEO,Iitx64smA3j-W0jbScJSq
0rNl0CRb2wMGSSjawExI1,VIDEO,iCA7431WXVD5_HBCtsMoA
ENTpVUvSbcRKePLcbfXbH,VIDEO,6Uvy3766cD7kL_vP2-zMl
HwjeHiN6NEPnMIeDHI0iU,VIDEO,xVjDgVAE1g20xHUNgX8xM
jtneaSnBb6v5Ai4P6KKY-,VIDEO,Oymh6ThdZ5zuOtDXHP8Ns
LR2CVGnzPA6aOAk4PE376,VIDEO,DRHthNvHCiFJnyFEICev5
cCo7ugIUC29CQb7I0VrWx,VIDEO,J7P5lE_u1iTM3KQeaTgJ5
TxEigfa7xunQBcJZshr8o,VIDEO,ToG4StSeygJwNvumoocbf
MmlE9y90AfaGCkWbFk_jV,VIDEO,nNvjrEYUIyoOUkAhd_fSU
tRSROzpLN533hCZiEkUAL,VIDEO,1y-JoPQcfZ14I5tePKzjA
70GdPJmAJcRVI6i8c_vDc,VIDEO,OvgHi422l6qZTtMgvkDao
b7o-RGSxAVO8VTTS-550F,VIDEO,hgVyJiJbILgR9N8tzBqw7
VL9XJysbUGNb3I4xZTHG7,VIDEO,kPmZPcxgOzTHHCARfC3kR
2tqGTPcFczmuzRtaTR3gE,VIDEO,-z8luqNW9D1g-O8pBKWFm
tI1l1ZoWyDViQ6urIjDz_,VIDEO,mqQIMuQYrxvqYZaLJ2HWr
kHn_VYsseG7HNoJMMXd71,VIDEO,KOgNGRPRO96wcbu4kMX86
DT9-66TlXEw8jqr-oQDoM,VIDEO,f1-erCJYm9CqcuIpmGWLj
b_E9WzT_tvs4bcYbKWmip,VIDEO,ZQDFl-JoLuoby69KnW5Rq
jMlkytUgAAcL4I6c0zvsS,VIDEO,v5ywfgwmoUsO_yJxu3cpP
OAaPPrCaxDelI5Ul9nAeI,VIDEO,Ni-5py0agHMqvsyJm-sz_
AdPFaN2cFiS_O-DAhTxpB,VIDEO,hCY_UrHzjJymUEp6UWy02
DsHbPvZaEoARYP3B9Yknl,VIDEO,_SJC-n0iej434IM90rUMN
fZcDdDrZPmJmmJaHlq_Gw,VIDEO,Wp-C_spUBPIqurv31vP0N
BPdwP3LFDwWZEA1UQYdyr,VIDEO,_Nm9KgQ-U2XA_4mvCFApL
DbY3SpiyN0OOOz3a8TjzD,VIDEO,5EUtrKiEcwRiIE_NO-Zh9
t5fpNCe74oUxrrhFjoPh9,VIDEO,9NxbpsRz_i2UrlLknT8Jo
saiet44PSpwUfOxNDr7Px,VIDEO,OCVqQ59cgWT10re-iKFeL
qdSDgxUzk409HTotiWsMj,VIDEO,co5ZuKElcStctiTyLWzOt
DCWCg8wZFRRludlzKLFAq,VIDEO,NBqaEItZp8J26yi3A6OPH
cOcAoLdJmQwnAb0N4xCKw,VIDEO,7Nyv15QduoA2SH01dJalo
8rItdhumak64dDYW7zbI4,VIDEO,mMkKcwNGdJW-y9kZItp-j
oG9UrgoFuIFmKRuI9jDPT,VIDEO,8rExKhfaN09xm1B_2jQSu
jRJ_QwA0NQj1CtchVCyJ4,VIDEO,kJHIVsJLiEh2Hu5BVpB5Q
L7TSSKna6x8h3n26CFbY7,VIDEO,yA8gi9f6mNW89nGN4Z59Z
lXVofWJ9I_6zla6GdEUix,VIDEO,DVofF8ch6Ds2c5LRA-qFK
jCNqzZXxI_oPUTAiq12hx,VIDEO,8T73LGiqd5e1doPK3XqCG
p5exT2WOGvw7M_cP3_1Xr,VIDEO,1e8_8bi0mqjN66YTKC7Qd
4JVzdtAPsCJ4pf2iksz4Q,VIDEO,RDWJzfpn5fxia2JwuYtRZ
Sy3cGPyFDUrqzyoQW1bxH,VIDEO,wCB7_DZ4DAnCO9J318gIT
aRig-4mJSdNjBwP0VMrX1,VIDEO,eWzTgVqZCcJQHx3UoPfwW
DpzbrA2CGixxnUocoARo4,VIDEO,YmwhEsVyyW4eqLtuQfAj0
v21wNjIQnQQ-OXvmYpJlr,VIDEO,wNPpW9Kyqv76eOZWlCLjB
lFIFi7KbM1pMcqzcSAANl,VIDEO,mh3sQdnwj95srl6D6eP8r
ORaBnjMU_Nah3J_pdXhgp,VIDEO,EtpNba_jii74G_agFQiiD
3GdUuXMQrj8oOVXiK91Iz,VIDEO,G9O_vlH_pl7vRtIo6JseK
FPl1bxq9aX9rMCYKfC3Y2,VIDEO,5sFQ8JABxsPRa3Gxhy-EL
Vc5tE8BNu3KlVTm_sMFq1,VIDEO,7HVdk1sNvlpukC3eABcgS
VtsAiMPSKJfB-e7mfuXWY,VIDEO,Ii_XJc3lzSpb3GkF9LE21
wLjwaFtuI5dgHT1P_8ikR,VIDEO,IXHFByl2o-NqVmCdj9AIQ
4rmFrARQTf24TzPknWzMm,VIDEO,WFuLvLdhdatXObapC8pBc
vjpaImqRoufGmTWxPopqK,VIDEO,duZPTJ_-4cwOWoC5gZ1vx
H-vhhFnLB-wxY88hxPz0H,VIDEO,GSwe2_Y0AtjSz50lQw6vU
w8QSbaX1YmoGkwQMp_Oa0,VIDEO,JsBP4f3V02L1FfaoGYGEy
NpoFMF2R8jLRkH6dcT8lg,VIDEO,3MQw-70RrhV8vpvbEk-uA
QUwuU8n-8HQaQE0qdvD5q,VIDEO,upd2wiI3XMP6nOpvZZUME
NHFSK5dXhrYADDLD4ioQ3,VIDEO,WWXRYWsG3P5ZMsHep-2r_
ICMo_W_jwFdSVZ5szDh_V,VIDEO,0kLtZNB1Jbax1BkVXriuB
1tatA1bYk_iLSDBS1pC6l,VIDEO,zwpni1It8mFLc1JE13rvP
PBJDRtsBCKGuuaKurvyD3,VIDEO,PTFwry1x5MtG4TucpkDRr
YWvj9bjAOlna3y12LjaOL,VIDEO,EKt2oIXNSAVhr5HBFB3Jv
WGU78Qqf_Uy2n7wvMxq_4,VIDEO,M_2OnyRVeyvXWuG9fi02-
-1GVozMMbkrtBMjWbTDrA,VIDEO,M3qyXpxFdQcuEdZStcc7z
w4vfgOaLnezEkd9avLLQz,VIDEO,LvNomiEgKcksO123Pe3eW
kf5vsqFF_rr9Hcm8uBnO-,VIDEO,hFVg3_75JVbhIxfVIVJca
dl6OekGX5HO6QNoL1b6Bn,VIDEO,hgRZeZpg-DleBOXB_CWO1
dfEpXjafxawZQQ75S3AbI,VIDEO,7ZW06ZYzph-mY9ewPZNbS
dSNyj_04Y785GdVCOcr3v,VIDEO,EPK5GE_cDK-cx17a0LNv5
zzalX1kZkDoXeGTb9X0Dm,VIDEO,RCC2tcVo20JB_P3ndWX03
KIcAofyFQp7hhKOVTbd2l,VIDEO,IgPSnB-q_77shZXEWvvB2
zh-3m1tiIALqLfNMSI0Kx,VIDEO,rRBl6KfPQ2TfAzAa6z7xh
Ab5cl3DnQvxHpYZ4qXYIa,VIDEO,bNYFN6qFltFL09BNhU2SB
gLJf9s24jSj0EyA1tWtCB,VIDEO,an8m6_aVTi1Yzl2MEoyWe
pU3cx429y1idqVoBZ2i00,VIDEO,BTV97PR7ZQ9mpqzjaHQrE
qQBbvN5agttuj55NUuAzo,VIDEO,L3xZ3Q4REwK5_2CZoGF-b
JvUMJj2766LEpBlRye6iP,VIDEO,Buck7-_gHrRoMlWu5CXz3
YTKWQErKB9J1bXPbeyJ5Z,VIDEO,0hXBKhM57x5QFeU4kjhRv
md9ubu-ppN1I_8eoYKaFr,VIDEO,6Y2oJWuz0hTRx3EfSXKfq
Egvu01cp_mKjzpvYCycmc,VIDEO,mOSGO3rRDreFF5-iuSGRd
nAcPsRK0JJbXWopEBXWfF,VIDEO,P6k69_lnl2wUIXwCwQOPw
QmJKSez79J7OJO3-0rJHt,VIDEO,171o8LBSinZ4A-JTGnFGD
0ZFwuFj09tEWAuqiZ27Rd,VIDEO,mgGGSCQ-695PduM0RtXsJ
4mH97tdcFDZQs-trfNge4,VIDEO,OquBcGPoOs_Srx8v400g_
2g8fAd4OWL0RpLgy2CxjE,VIDEO,cFYXCGciu0yhfr3BtKJku
rFdz8GTCKf_4FKfkyNvNJ,VIDEO,V6Ls1UJPOuDwKAVRUMQ-j
4NXaB948PeWKmHf5Ef_Gq,VIDEO,F8mru4MLnSUMoL0EgYMfT
7h6Tc50BeRz0BF5t14Dcl,VIDEO,E_xkz5RlWDZOmeqzsD2NQ
juFikRt3zDO0n9HiOdN6Q,VIDEO,6Ud0tsHEU__UnWnXwY3zL
EeNdWXKL3tZGpWwmVx1wq,VIDEO,2BEmp90oSg5fr9ynzr9u0
QZ3CVsGq9XbYyfWsC4nnh,VIDEO,MshVJNN2kc_KNeI9-Z1qr
R_rQRbQjPMeMELNOItawK,VIDEO,_7V2P2bM6is3RzF2LuGAa
G_OGYW139RC2lzBFkF7it,VIDEO,uD98dpfnthanUlmqGli2x
STynRa3zGjdUerKiIQ6en,VIDEO,JYMJ-3D5VSGcDc460HQqn
92_YB0krgbVzEK379lg06,VIDEO,INtrwtt1dp2cY-w4eKlwm
qEwDZdwZx5phULAwjNBJ9,VIDEO,LM7pCRkaDqmwf-TdRTllt
_cFoPTzJfQshYJsEZBa6Z,VIDEO,Tms01UpQ5D40ZM3JvGBb4
FXg8OplGdG0TyvKCxvUFi,VIDEO,29tqVyDOBJXLw81bE-TCa
7xWFcr2lrWgzjYgrO8KCN,VIDEO,63oE3aH3hbDtrXU23koir
sfbSIVDrvU9wQ3Jfry9uf,VIDEO,ZkDsVIV6d-x8wZa40TJVd
Nfi-teN2arINwwquQtnuG,VIDEO,FkxlrfotrvQ7U8XIJAlMi
QKr_JTCu_bueKXf9F6Bzi,VIDEO,xUXf92JEUkE0NgeMD7tRt
gQ-RqG9ienkCNdaPAhyrN,VIDEO,G779afOHmQDnQNpcQqYRn
lPDp7m6q-0Bqwf76D0gYb,VIDEO,RYh5TnofgLMXfoz2A8fzG
EKrbg7sX0PZJ9GL6ebCj2,VIDEO,8tIe-YcfDYuvqHmm5lwuc
3qVREJDOA2QUAsCBGaGgV,VIDEO,LNMuU77zGdrwV9TSBBC2V
amc7XOlCclPnDTka--1b-,VIDEO,iCfGdPRsYY1I5cEildfBA
5EWSzh1Et8xD5n0QUve2o,VIDEO,H3b2JxmbJ_NR6KuQrgag1
bEK1fx5bzMeYG95fFuIbV,VIDEO,Bzrr5dVOSFgKRlgZVB4_Q
JcEpFBAvPzXT3kn695Ja4,VIDEO,KjaqYqCfc-z3VcTrwz36M
cMcuG86Fd4siU3c3JSIGo,VIDEO,PHU7VsbLPXY57NAZ7DSBL
H-4OwYPYBnK7YNTU-CCIN,VIDEO,OhE2WyNf2jA0X3Y1u7vhf
rd_V2lVO_Go-znLGBESch,VIDEO,AzOrVX0qwp7eZqGRqmVO8
n5Vgz0_BWJTcPgSn3G6q8,VIDEO,rjP7DeoW2GXIcn4YWNEk1
SVjOLyFw7DvneKbX9P70Z,VIDEO,as6l76xFOsn-p1kqP3MvG
-UP1TKe0QxaCOQN6N1Vuf,VIDEO,IG-5EwvMhBbJrBzy4ahHC
jrHd8s05amA3uvBQE6EEa,VIDEO,rjAQOyTVUF37LVN1ID81X
5Or_JaKDIVxA-Ieau8IOS,VIDEO,WzWX8oRgz0zuBKW-7JGa0
jIHwWbQ3Jo09DEI7EtP6F,VIDEO,bwt1JWppweZQUgUtbWqBs
mhxPK5zdUdwY2SOBc7sRx,VIDEO,UWG2HmO3n5uQUn9V_Gyl-
xNBRkkhVng_5sbtkdnXMV,VIDEO,KNg2DpX6BW6OAHhgusIvC
yloKMy0rTVZ41Og3tqmCf,VIDEO,XG0abndjbsAWSuHyvwaVa
zA7BiQdsmRQLEh8L5vpEk,VIDEO,QnPRZLTv5j1s2AU79X5Ml
ksIyuLuybSCWdxXeMbayg,VIDEO,uSFPEVoTCGKLC2ekGyYOe
7B7zdUhllo1kgJrZb6c-C,VIDEO,MErPftUCCICWOIlHQvDpQ
aHWGhCGBE_uEvxkKqoAqS,VIDEO,hVVAxrKlapO4EPTBKOAOZ
WDg4mAlhCdKhtKiuGuFQp,VIDEO,4tQnoZj5onW0F4Hu1gy3-
DLdw0ZGT6VXdiGksRkJZ9,VIDEO,3yBOtqswQOrqcbKNBIVyq
0oiJTRgaX6bskoF-J626H,VIDEO,Y5wbkXssMVGPK450e4rJW
LEIrzMDPAOzGcxq_h9YEV,VIDEO,Kj_TyCPY_iyQQr2fWu5uo
xb0MQTXSkQzTAccCMbm7o,VIDEO,lR9lDixrru3R-FgCb7o8B
DCNaSE_EoOai5z66_G-3k,VIDEO,9MmXkvPXdZhqTG2LVJ107
RQflY04cwA6cyIBjMDsx3,VIDEO,85cQV0ydH7U66cnVWtumS
k0Lm_12WGG5feiupv-xoq,VIDEO,vY2xRjPhXW6KYI3B7n1Vd
myGQXot7blReejzdXvkCn,VIDEO,AiOh1Utz_1bkS1OXGzqsn
-LORHY03VVg1YaqEztYLN,VIDEO,3JgsP7RwWsAPQJqNwDhBY
u9tLVCzsV1thKVKvmOR54,VIDEO,GT20jEtU79jl67FH-DJme
04JHwv6h414CGd8kJOfOL,VIDEO,XfaUz5z8cywODyYusn8LK
E3xP80taDhjLlO_YPx_CM,VIDEO,jKRkjq3bp41tjP4Dijp1N
uIEfvh_OxI7_FCXJyGdIf,VIDEO,jYgC1wGYk5HQINXVffhnP
svXoU8bWZWGJpO4JpzJnO,VIDEO,7YLD4juATaKMNRGW3sYk-
ZuFqZYznjETWDs_2jviQx,VIDEO,Xgu4sKxx3BBanzYJssKBk
KB_q8ICaB1oIDExOY98eX,VIDEO,ml4TEZltAUmcDTivTjRip
z_ohdFI0bk_B4zBxK2bwF,VIDEO,NFyWrxj1lzOwyAuCnDwSz
l0jhepcDjlkpNAV16I3nF,VIDEO,K0rmUQFO-rt25_USLOmYb
v7eMVqBQs5US08xivJHhY,VIDEO,3cJX9aNh5O6SpyJyNiT_O
wLp-CxvfclC2P9USDJSZs,VIDEO,1kQSIakfKvgX9kgiSWdF9
0kapAAfI7653Yre12hygx,VIDEO,O1q4R2kCUScdfiV-nlm5i
WOqwc8K5R3L9ZmhVQWD40,VIDEO,63qY5uHc1jSS6RZreosJc
sMY6tYaoOHaseqB3XQMbS,VIDEO,CGFxtB6X8puJZko211HXy
0kHSZ-rcvp1naa9iM56Wd,VIDEO,Erhl5izwQ-50a9jpL90CK
ay27K3iYUd5qK9fqv8Kkr,VIDEO,AD0O0cauc-UkkOsofWMrx
cz-E_enoGIhkTA_xmoMVL,VIDEO,ZOUzTJh_2p8itQKTXWyaA
BPn9e4TXt5024SyNeVwjN,VIDEO,kh8H106jNINnPXZcfwrr3
rFb8TB4T10pXk4z6xoUO4,VIDEO,xMqzRUSbHFuZrjyLfjulI
yATQ-CLJR0j-4yP4krJqv,VIDEO,0VdOyTCvP_9DifJ3y8c9j
JGVw-XLOyplw458AmBjBv,VIDEO,6dZioVogA2VJedPTZiki9
YJlSHFiOPnFx1FCQuKat_,VIDEO,TRPPyMqe_d9BMVu07OLqW
Dv2LRwyb9G8DPb-_RDIDR,VIDEO,Slgt5Vgi51kAYpql6tTRN
oYL-v5sn1Aw7ZUmL-RDh2,VIDEO,RMwTCzt5SYZuatRZqQ9P9
bwXcJsq-7bIU7ubaPu1tW,VIDEO,fGILSn8QSpiIx3s6Zd9sl
GzywhAwCq5FgCH-C1jYGH,VIDEO,sWCpDwHJMeW1pqQXvauJc
NvRUJai6geVgJWNC2zTKy,VIDEO,ADU33geJ-6ZX0kT7do4UE
TsDnQUGIegzm8HO2C5ELQ,VIDEO,jhMYovBexRxV1WjYpdXnp
so5DCh5Mfmx8UTLxvxJX_,VIDEO,ZcMZ773YoBCszCCLdFJSY
hXRYHLz5ULZJE4C3SHuBg,VIDEO,7jdrD6t4Lu8l8jggDHgm-
BccsDkgKcViZ5KREvFjPy,VIDEO,o8UqnHPzHFGmZu6wflogV
HWR6Ds6agiGvp43pR1qb6,VIDEO,7KkpRviZNR66gnfHTDCq3
4qnBovMMHdfHI-e4A5eVO,VIDEO,QG_pyEU1UqLFZtndVgNlG
Yy9PxNpymv4gJ71LBxxnh,VIDEO,H6i5HEqcuWxEBI5eKHWRB
LnrRryVA2v73tjv-cAYoZ,VIDEO,l7W4yv0ta6E7xTuTFshYo
sI8MPm2jzxPquWgy5xDZi,VIDEO,5ie4o1mKZB1W8UpEidQU3
YE-b2wS6ipPizVncN2RhK,VIDEO,RSCIWykY3KDRozV_Aq6_R
oMZxqPbJNV-UgBq8s-O8-,VIDEO,dfuYG9B2JBxzXLodoY3Vi
9t4KHWg7nd_J8ojk73WaT,VIDEO,VqsM_6HpANxR4iOCQCjTa
D8LT0mKP54Vw5LlUisRjo,VIDEO,7ZvMJYL11E3xHOADvr6ba
GBh-bdveAZ1F-lVA77o7-,VIDEO,ZDP30Np6yThIIxc0V9iHk
0JFzlqZe1Eg1ZMA8u6T68,VIDEO,Q4JIttfDQN0HS-d9fTW4u
UR0DixUB88ITsAf9UrmVK,VIDEO,ifpBGe74n4Cz-PCECSlnj
tp6f3KEgZbvkweeZyf7I9,VIDEO,_ippPWWWmuJvYh_64bUls
qI5IzP8TqHrqwUgyAtqCF,VIDEO,9bYDvcvDZwRcEITcQ3xRL
dBtRbwMII1NC7Eu9bG994,VIDEO,5OfQV-xsgisLDmcGeuXxa
ud7DxHRz0bQDSd1c9jz6E,VIDEO,-8zD9g7ViG_FqT1TA25kX
33f1RfBHTLb6W10l6Wv8c,VIDEO,ZsuwAvw23AU_XoPoEzHPU
HRPetCSOB2fkmyTuhHGU5,VIDEO,KOLoEd-lGJxmZczPvL_G-
_S-5HWnDO_enzsGNcSfsr,VIDEO,QgQyync6tpEVC5GT6JhYm
npCjVIS4rfXigCwJAoi3j,VIDEO,e1N5CSTglnbDcKJ_U6VOO
sNPtYFfFDa_fni3SbRqqY,VIDEO,praeRnK5ThaDd0hFkZ0SR
oC7QKC-_36l_GvMBk8vGs,VIDEO,WM0T919KpTj1YIjs-TElW
LwRpCEoV-Iymi3mWFkj-s,VIDEO,MmF9YCBoLU1aFlb4zcmX3
bYRPLnTYOSDBiekVnK1TV,VIDEO,4IjfgftkasHaGLzCGvgod
cy4Wq2s61KQtT6zBBlXn0,VIDEO,BkoMcl_KsBVgeddOUoG9F
A-6bWtoMBgS-CdbJs2EPn,VIDEO,hKraqFnc-09WrCivAqz4O
OyVIO3vkRmBDfDlEK8riK,VIDEO,zOKdXmmPb9gqepINIAV2Y
8iV6eTRH52to-8ThdN1Uo,VIDEO,O24U7CpAPuMkr6V43BWgH
ej6lYIr5Kb6CC0y9bdqb7,VIDEO,iw_cglxO_JRlWZzZegfmR
fxkMBLkxhCwiTdxk8sv6p,VIDEO,8KdI36tR5zZMgkCDJcqg1
12YNYwNUJygGRBvlkM6ZK,VIDEO,rC2hpUH5e5hUyDGu2LRj5
JTfy8L_PAw8wi5DkZXmri,VIDEO,mQnJ4RLZlFKuU58I3VYiD
VGskNNCItCiYX_OnbK8ir,VIDEO,aBsF2tJNLp51NfHGP210j
-WHs1Ris8gmALt7SYZysh,VIDEO,_vN5NO8Ftmru7EATBILuH
TH2onnGAiRfGwIWfAmqVt,VIDEO,7fdyp8rMBADxU5B29g0-8
VEVtCp2OM-xv9aWVftUq8,VIDEO,ZBwcPidww41Ikxp74_6ei
3PqbYjstnECLnO2O-Hi5L,VIDEO,yfTelmokIsAWi0FfVY6v3
WZkxXi7HkA2jcmV2PDRjf,VIDEO,YxS2DxuJIdBT3tv7sAVk8
Elvk-nvZ7vuNG5jMl5ya6,VIDEO,q8WfgcGx7bOWQ3N2j5m_q
Y0EJP0hfFJvtJgERu4QFx,VIDEO,EzRDXaLOYXbqXY3bczsAa
0t3EfYdsB3yJCA4UiH5ii,VIDEO,P1UeojbRgZgesvlYizvOS
QMW183qPQ-I2ypzNIAbKX,VIDEO,1efdo7HMvljQ7tYbLvhMZ
udSebEb7Nv-i67tSM0Q_3,VIDEO,mNfPPRPa63CL8wT0RnCE6
tRmvyvhNvFJmBLlAuQ6Vg,VIDEO,uzMYqHXhmKAR2b4iiAswE
vyGCrnRedA0MrnfBTf9PC,VIDEO,O99epbaNPdNA4_qEdLG8M
vq-JxE6rD3y-ki94onUDT,VIDEO,_VIApbt2unOa3zFCyHR3i
QgZRVsVx14NFwra5pz6R9,VIDEO,jMNyE8Y6CarHmtG1Dn8u-
wtxrjR0qlOeCtM0SwZoK3,VIDEO,UjKEGJ-Ffi2X98AB9uIjO
i2TtACAxe1jPZaLHk2NVJ,VIDEO,2DjpZCuBaLeotfT93bZt8
KdAVsT1PZuuaf9DG-VXfW,VIDEO,dXMxDGnOy8JMzoVQeTKtx
oInh_FwQgrYEOAZIhx5yL,VIDEO,u-3U4tiziwd_Kp7RZpf85
PGndCA1to8Sj4wqBWiC5G,VIDEO,DNL_z1E6KONZHSHPt41il
1U0Pxc0eHSfvkvY8UKihV,VIDEO,l882nDAWcQLXyXewmJq19
r8t_o4krAgU5IoB6Jywb1,VIDEO,nK2GwDe9h35fOAismTCTf
gTBh3y6IMukgixTE3KTh-,VIDEO,FGnqO4uFWdBDXM_HE-e-V
L2CADfKoyZWEr3SKoDckY,VIDEO,-jRYF-8DKMcm47iwj8z_z
iynALmg4WJmzsGfej4bZe,VIDEO,P6mGzR7R5Oz45JoaBwlRp
j1JcdX27cbGdOnX3rXp6X,VIDEO,y505ElCC3LyAH8inriLNS
RN7PRMqonh5wprzTMxN1G,VIDEO,_dHS0GHUf7KYDyEdFWt6D
h26XZYEBz64wIwPe4fvMw,VIDEO,4x_S3QNkPj0g0VCvpN6c4
-CurrlhmRIv_Qvk8cq_Oy,VIDEO,2HEyoY96mh-Kp7G0yPYpX
U46Fot5b4cv6uAvsaKH4w,VIDEO,NfiNiaiJnCtqhFj3RFpgz
zhagX1V3ctyWCHAvADAZq,VIDEO,d_hnOltIdcJA6Wvy6u-GY
WusccPrYnWwSeUA9ocluN,VIDEO,TnKSN0-7pZoFONllXCgDV
Xe-klAqSCuzKbVrworO1Q,VIDEO,JbxEVIC3PCUquKkXZbDeT
VdbrQBRzgnPIG9lYbhTaZ,VIDEO,C3AxhGX6KCUdNshScP-KE
5lL0M0aMiSpb6XIXZW0zZ,VIDEO,dP3b8QT4hIWFTUEscitmP
DNK4VAvdtnZc40b_PQNrL,VIDEO,G7OpnoHIPHpLCsetLg7HH
JWy2PUdnEzaUYsycdUfQ9,VIDEO,m9CV2pIwzXAQFv73cIAbU
F7QbyzmnOAA1lOD1kgBs8,VIDEO,VD4PTVPjl5Ij2juWBqIfE
T5brfLwUZdDTZ0L4Lz3cb,VIDEO,w_y2Y1K9_Wf-zk8DA0zKj
9yUInKEOcYGCHbJ9YPtCa,VIDEO,T5COtsTW3lA_17FAkDQYy
BG5ICDaOA2h5cJNWTSyv3,VIDEO,1GvmtHwvqbYqONt0zeCmi
7kPMm4_VlpoM22l8HUKkf,VIDEO,pA62ptekOhOaC64F8lNtQ
BJus5QJOF_pFo1Xyc-Rti,VIDEO,K3yY-QwS56scVsEP7nTV3
OoxV0lSHMWdq_5o4_DuXd,VIDEO,pgCKACC5Nyi0L7CR1KKQg
q3MCdy_OGNUPr2OyG7YKf,VIDEO,TJwBzqSUAwuuX4wYR7Ip7
ete2YvNS8K7xpDRDLC3nJ,VIDEO,jYw4j7T-FJ2Oa5P_cxPrh
xzpA7vjgUCLCX8Y6xkBFh,VIDEO,SlNRNvfQ5aEI2Ob6msDds
xjaXgczsHudLR8yiUz43r,VIDEO,GVpmf30uJbMvsCAn_GOc1
paL9xTpLUkstyyZj_EJsK,VIDEO,Y99kNy9GPvQTnX3K4NT8C
tqfpRPCCf4RhJ79Ed1-0g,VIDEO,rooqicHqsBnK8_LWYY-e2
6edZypYhtI91TjDt0TSSu,VIDEO,yEcCjqKLHCHLpR3Y0CSTR
BThBgOafiwEpyGYkt-SVg,VIDEO,qK0-1O7Io0ozcp3sH4eoa
wD-VtOc9PVU7LhkGJCbie,VIDEO,vwIe3YcJGEFcDEDSCOyxB
ZPf_PLnicoT0iYTS8bQrB,VIDEO,NgBW3u27MFIrI4zpQwltr
QdQMddLXfx-u8Q17tzEio,VIDEO,gZxrTFeeVMMUDxafC8fe1
x8PRe51r8Ajvyj4kG_MAf,VIDEO,WFfRzwDmXqY1DUJRALNPe
q37Hl2Q1i3mQMXLQHus7_,VIDEO,UCQkzulP7DgfQ2P7rC92y
qgVV4AFN-dqyKCIlIkUcX,VIDEO,CWNvLRRJ1_G8VN0mz4O81
mXkgAl38yHMJ4FJtwqabn,VIDEO,RGulW_A5Ef5rcFFAnjPLz
mW0eT8JyqDIx-f9IyXNNs,VIDEO,N2932YxomIXT6uh9KSbvi
Zv6JEG7Ahg72z45PxebVl,VIDEO,4sXbPR8PEkvY7P5xG8NeK
1w-efo-2oGb8iVidJ0cnV,VIDEO,EAUsLhKjAbiDLUPmnALFj
K-hlys_zGnyrZd_v14WSY,VIDEO,B2L518MF5F5YpnhwwNY6C
Ar7gtxCv4HKGtvkG4oMsv,VIDEO,V7BbyLkAe8kXjwsNnaUWM
nNAk1jNxAGmBcUOtIdK5T,VIDEO,YWqT71G9j6TawXQR4T73F
qlqLl6K9v5iTE7NZ0CgKH,VIDEO,8wSykgYd-ePqShbBw5pQM
bbBIBskeOdR3iu6PWUb-p,VIDEO,fDJkhTjHKIcJZA6-Hjnig
IKhbp4UCe853jCzvKRJGy,VIDEO,d60EQQU4BCbO3eOjzdGKg
pW2F1jFUgR-uchqlP3l8i,VIDEO,bnTvEr_dNx1fTx33W-HiK
-rS6xkIraydqNWH9Ma8As,VIDEO,zVqiBHjqBXMZWrg4hwmV3
VAO5qGBtpKCbw04eBUTX0,VIDEO,nNmaLE_-cd95wRjsyhpCB
yUHKzU8QNpiBvL2cvMAOo,VIDEO,g9daVvW0700HlvGX57TnG
YMvEWEtLUuQTxoO9rotof,VIDEO,u4RZFdvWMYdCPY-QOT71r
3JxK-wbN4a-OlpcWUkye1,VIDEO,IA-ZNFzlH6xX-x-HbqvxT
7ezR4VBxvo657jgdCD4e7,VIDEO,yiovilMYCgS_pT7iWDMHl
NtFA9yTKGE_9rGIJoycoR,VIDEO,lFHnvkA0y8ED6o_rVm7I3
wqMH113wUu956U8w53aBE,VIDEO,fyHofvV2d61JIgrocggkZ
NkZgOF8qGWfimjP03phKf,VIDEO,mQRmq-AR4K5ccHVoYJoLN
75D-4TJhO0NrWS5RXA2mh,VIDEO,RGdV7BtfZB1NPopE6aoPB
WMOVbpU8hLWbC3Hvt1G_y,VIDEO,IcYA3DUYW6eVSe-_JR3a3
Vyu0FuPoubwXQHZ--FwK0,VIDEO,cid2n6y1I8ips5MRuemH8
n748AMwFjLUrjSFNZN5O9,VIDEO,pgbm32a6LQL7C7dj2pTlP
E4AKB2wF_rU3BHyUlouHL,VIDEO,TKLxiSv7nIB0tnlpCm925
vOSZMC5Uvp2XaPpyaGuew,VIDEO,XWlYL82wzGwFGOwhj4mze
fhNbfLATG93DcwhUXoRTP,VIDEO,dd0YmmeC596F932ts-Pfa
gxTCVWMV2HovqhIoEHVpV,VIDEO,U9VoIV5q3MPOvDmuvVSQm
4NuCOeEULumAdPZcWeXDb,VIDEO,fNrlam5BJWhQIjW7efH8Z
ZEqehr5V05BlnY8usHTZJ,VIDEO,ZrQdkG-kndqv0Y9bP7H-S
j-f-cKZ-J8_1TcKh35ZJK,VIDEO,ZEpyuVpvJaU-ROW3xusDg
sqs6IxJJorxoKaZnPpOfp,VIDEO,0x8ZBju-MjdJ5oQI65Zod
ae-AUNZoscx8ct99qb0nL,VIDEO,H5YSoAdeMH-R8qZ9LCHil
zbIJN9f0bFgWUhRlkkrBr,VIDEO,4ju1XzowP5-76VYyxSzGa
Uy4YybFThogtp0yK-AG1-,VIDEO,juakBxnJ12qeRoTzBq595
5ku6QlgeJ6FFmjdAxqj1x,VIDEO,TLkwv3lbU_qGC27Dim-mI
FxJX6u2NdwIqzVstmgFg-,VIDEO,l5lQhqejXLC4stN1k0gR0
1-AxepxwHvfhL2DBLOnW_,VIDEO,aDcUhA3Iz9tQD8WQDiM9S
GLXjPvTBAU0cDwAXrvIx0,VIDEO,ei1dxiZpbiSTXwE71PI0W
T-gSPcyVJIe9zS8xdvYa0,VIDEO,YXq9p7qvfltzYNnuW52gR
n_RGUZWyPyoGpakV8EEGc,VIDEO,jchINCo1NQ7XwKW5X03nX
UvFi2Zd8kkFyysk3UTOJV,VIDEO,NjsKfD3-yiyjlTwcRm_Ah
hS4PJhaNmb4-PAIKmzGYh,VIDEO,bCkWfjeQFlqt59uFw9y3C
zTLKtwEN9z4T9VMULWst1,VIDEO,xUZr_mYXyTwUFJHRuGoYf
b_eU67d0RnRC6iJdbe9E_,VIDEO,7VGwLXrDjQgV3rlDMjs2g
JhbbnZvb4y7SfQGqRgany,VIDEO,wKF5pbE3EOFMrK5mfvDyC
6ebxPDND2Uo8QPTHOiYhI,VIDEO,74crSEmkWaRNHpFClLdcc
Y_dYJKyc1nXXEfLka-DXG,VIDEO,jeDYlVQBnOwMf-7YyhV66
kPJyBUOmWB-dxqC-TwWo-,VIDEO,QJTnsTi45VXlGWvi2ihJL
g1rdhO76iu8bqViiY5iF4,VIDEO,1dxc8p6uM71dH-d-jvYCH
8R1rOZg4PJAzsw71sH-DU,VIDEO,vpEBKzETdTFjE97OemYbS
4-uSoRMBk5agpeH_gFALB,VIDEO,J5M7Sl3zluvhGv-0ap-5-
y1KDDonFGfKbL19zUDVED,VIDEO,8otPSKtfo1nXwcr58x2no
yd4FkXj68u53SdCAru6rq,VIDEO,7_QIhU-cQ2b4sPH6zEvlB
bqAkBMIrxjAW3LvEBdcbQ,VIDEO,WSutCGBNhjWtLHhTrnqoL
Ux4_4yqJzCK_fA6_xnwL_,VIDEO,4lDSlJTVqv-C1aXFmN7z9
obi6ik5ApnLJ-3q09SWOh,VIDEO,CdGjxD42RdOQvwmG0NG8O
Cp5EdXacaWUDuWwmUpREa,VIDEO,XcYNSKUZ__6p4CkwGrjQi
D_BrtThRBL6ubRD-znJcR,VIDEO,E_q4Adm0ZraoHjMsXCPwZ
6T1QdaBcGkC2QxQg4whaz,VIDEO,zr5MBdshzRBVNe7arfY60
Wr6or37RM7qELwOprogj3,VIDEO,MvekPO095gHFjmNhSb6ub
8jJ--4x6Ou18qAyL31q7z,VIDEO,4ntiqokWlK1BgRniFHD_j
aYRYLVtcq6MTP8ULO2p4Z,VIDEO,wmpKZoUQ-_-0VLqNXfkFF
isH80mgO4PWuGmogXJEZr,VIDEO,pNfl2SylAyup-4yubXczP
ePeO8aV6G1dL_3mW66rP8,VIDEO,BIfGOvR53eW3tW5KiPvKO
VSuF8M8aTnYtLhe1m3ueI,VIDEO,zd8rpZH_tWvFx1dgmoaH4
1QzsKUq0tV0x7sPkIQPJP,VIDEO,P8ERBv9-q9U8YZuS95jfU
OPwMIiNCQniTF_TABO4t7,VIDEO,cl-4a55sbApfkdXIgF7lm
Bl2YWR6yhCtoh-4ocLcoT,VIDEO,pxmKmKUskK6oKdh92sQK2
xTX3L8V6qI-zOezvNCHjf,VIDEO,4E2Q_NK5h4tMB_0lB4FwD
rdbkbcOi9uUZdT7JUjnHz,VIDEO,AT17oDf0Tkv-mAyICNK-7
GwR4v60MWo2Xs_8CQj2Qj,VIDEO,wXRSrOYxnUfr57-YFTjQM
u7fwwJZMPXwpbJ7K23gdT,VIDEO,meWgmE3bHEZh2dRiF732I
LJjBqNhFfmaWoKVi0o9k2,VIDEO,qrSHb2aN032YxldtzCuPK
52WbUS9PLcvwY58Luhud2,VIDEO,hnBd_o_Thcgm7GvQmmgGv
MUl6SdgHuWamGv_uRh8Y-,VIDEO,Z5Lvya5o9JGy6sURwqh3w
3Cz2V7l45jdX58bC3jNQa,VIDEO,0HlpJSX-gLqXk_ssw0uSt
1K4WB8RVe8M6a8yNZTIaW,VIDEO,AA80Rc9-3tS7sstywE0iW
bZQa2ka2tBmN_shn8_Wn0,VIDEO,_fFF7Oby-l1l51rgDzLwu
Xi1NrNMs27W1A9hSnuTVx,VIDEO,oGZhLDc9q1UGW7hU25u6r
9EmE_7wX1h9M2pGS5O2yr,VIDEO,-dk2rlceCPwcnvxbmp5GY
RzmnJCHevk2q6ZcVZ1WhO,VIDEO,w_rJO8sMfvsAqKweBPLfS
GOZA-lzs05vPFPW7TbUI6,VIDEO,qMofxdgQCKnePU2YqNwm-
M2aZp8Te6GAB9sJURxHaR,VIDEO,nGSzpLabMZwlLBzudqg3X
V4kZ6gdU0eMZdBKFJHQgG,VIDEO,FVugfj6fA4E8C-Zg4wQjR
h0SUzEBl8KlKB5KrjAPF8,VIDEO,5-DlpuUmav_cOf_URjt-K
LcPrTjOBsbeST0Qez6h0e,VIDEO,4HeYVflEx_J9dn49BKtOR
-_DKKkSEJPKjV-rZJmu1E,VIDEO,cyt3XK_A0R6uEZw4pT9Zi
Pdeov-vabhZnnEj8cBA39,VIDEO,VRGQ4y_ngFN3RwCA0m5Gd
2hHFosV7oTUuoSIUj3p0t,VIDEO,CLld-UVtRbI4IEtQnxQm7
RXXDqracNoo4EDuclHiSN,VIDEO,C04zdyUoT_uvX5zkbMqxv
JYFyacVrEaiSdPYKGw8Dz,VIDEO,P9EKSaQeSnA2ivu1RSOMA
wqZgwniGT0zu9NqTViPgl,VIDEO,hj6i4NFbqUPdVBHXurRNe
WkLZ7n10YmbI1voQAgaOe,VIDEO,u9ZQy-Hjq85CSDDnMvgms
P004QHJzQEjVZ7Q7NS0UV,VIDEO,lLgKeGxMZnIlO75DM5t5W
s2NgpqfLpHc985DkGeq4K,VIDEO,o1LChR5PTxIannGfeF4Zx
EIwETOAgVHoOHz7wK-F-O,VIDEO,ieF3YSGm1Agei9rC9AHKX
Ba-yPf0Lw8Feaeinrd7cM,VIDEO,TTEMfEzR2ZtiIYh9O2bZ4
tvDw0lK8WcncWY11KStmY,VIDEO,AjvpV4kceauFPJFCck-rf
NyPDAjxAgWUIze0arEW6f,VIDEO,yU_MyXDWw5AlnkakKviMT
5-XyAHiefJAGaT_VuF-6n,VIDEO,3M5sR3U7oLpbFlEbuRP43
3m4_dQ5L4EyG6Y665yvRO,VIDEO,cS3Z3Y5SKHrljdDlwR1kT
JZa7-9471RXD4ste0z06Q,VIDEO,z84k970320WcfnfV6FDnS
PQeVZQ5IOC_W7BWa6U69j,VIDEO,qXfkhicok8XPSijSU17Xy
Q-A6qriuSspFNBCwJ4iVG,VIDEO,bbuCY5VXllzFtXYa8Jw0w
U6WISp_aBjaeI0ZR9KS8r,VIDEO,EUQBUZlYrtNPzXEH9rLmO
9BrPXF3GU8GwzRJzRgJ68,VIDEO,tvUxpQOR24f5FE-12NtHT
Cn9gfqLRmOwC0vZ6j5e09,VIDEO,bSXxdDQPX5LVY5vLDU1fb
pg8lC2ff0XWgPxqoSeFFT,VIDEO,qg6ZgPvi1MZp8IA6E9FcI
83cdMbNSXVPdh7MVOECLC,VIDEO,aXtppD1pu0ONn2Reczrga
tETIPD_SuQuQhBwdUS84f,VIDEO,-CYn_MuHrA0a_9rvVx59J
jQVFGSFkpRx7reH7hNMNq,VIDEO,ctMAVQbM2f-3E28Y7_BUY
gaOWfyPIZbk5EE8boG3zs,VIDEO,wnSon9EF4cZOWbS2OXu9u
01Y8vxWT-ypFdok42g7MY,VIDEO,m7pgunHb3JbLWgnZJz8Gq
FAYJwHWrREYvLm80jju9F,VIDEO,w76aZ40i-9RemnS3fitlr
EEXG_IEpYO1HemOKbDjxi,VIDEO,BSS7cb_Ku2RxMA9GAzVQp
ZYTFcM11TMp0GNW5aONaF,VIDEO,TXwhYuQkiO-0QxQXR4Qc5
hcoJ3rhKtplRmKtFxVyIK,VIDEO,WnhvuiMXCbs4Iob4DymiZ
UaFhuVd2mqk3b825haHv-,VIDEO,txp7kZe8OfXLGqlna1cQu
fLAsU5pUqm6OX2aIx4YXO,VIDEO,IyyZfSE9bEBJwp8CofI0u
Xr_6kgJo5SMvsk2p__Dg7,VIDEO,kzo2FxdLuYSYwLK9-9cdf
g3-MmS1uaYrI-Ysg7u4wC,VIDEO,xqLhbYMPFIAGb7btxLzqs
xqiPv8yPGCEUYTISDwbnk,VIDEO,Hovun0Dz-h4qIqr3NZZsw
rENjtd3kpYuScuWitcqeJ,VIDEO,iWZeaTX82efBKIA-KpjQF
pOuvS_YDJlo84du0LaUI1,VIDEO,UoJ63zqqh5cnwnFXWns67
E3Q2Ms8TkNb5704zdUgqB,VIDEO,W8mDxQNQvCJVkLEEcJrHs
DY1TuGnwzHmHChKCVx5bN,VIDEO,1UyoNeFHUp2-0XSPHAIDB
xxC--2ZStw355_7gu07xn,VIDEO,HhmP-npMsVVFwVQkPvps2
VbfGsfMXGAJh_ExV3m0Mk,VIDEO,BNlGswAIQDPYD9mrTzeGq
vt2-8bIPIhuU2HK9N3U6O,VIDEO,qOGv2i5F7D8D7_W8iNJpA
9XVMAdrI5mMu_m0MuicLd,VIDEO,hseRelVDGFD96brfY0Hvi
8PXbjcmb7QAc9p9kcQgyf,VIDEO,AINmzH0Be3LsVI-liOTT7
7jzAu-szEHOk7L1lbN4dU,VIDEO,72t-0orCKlg1Bg90mHutF
_RRD6qWHa1MeZqCnqLwBe,VIDEO,9ndEz1riXXe99j782p6fA
Vn48QXgWPlSt9ZmJ-YNjb,VIDEO,8Ls74pIF3WwtMeUo_ZfxQ
z0cZ3fte-gssBtRVqWe5x,VIDEO,9YasSECG-n4Io_l_8ZjiD
CVvO-zPwmvsgLRanQoRsO,VIDEO,zSUcoPLzXAkW0Jm6xD9ne
jaIPyjigG5ohLOXy5djP5,VIDEO,tllKONMMconxnq3wmtgE9
VoPAyuuo_MC02uBmGkqiD,VIDEO,mQt02r1s3_rew9LXFVvsv
zuoXMFIN1Tz3k4mPfL8Tp,VIDEO,gPqj5puxaIZAk2CcqewjW
m05BGkipUsUkWkZee8CBm,VIDEO,cEJFpU5WkoS5SgpxQgrY-
XYJJBSVbIc97Ab2mzcjfp,VIDEO,5k7_ksrwQVxTO9Q4FSY3a
MfnhlyRBYrPfbqa3U0C4X,VIDEO,9LN1MD3rUerckgZYEbYuV
oO8sQwhJp76tOgx0Cxjpm,VIDEO,C5H0ayXA_CYPp3Ukkpvkw
zc41_HHGvTYtU6jpmryij,VIDEO,iAFerJfWaDmE1lYc0_L5O
86mBaPMJ_xSx75V007czu,VIDEO,TRRlLm8jtOb-e01-w-yWt
bdXl9ObzvFVcSaLyOv-xm,VIDEO,LMzNZHv6l3wT_0K3A2tBQ
vnrh75E1LQau-h9P82tLc,VIDEO,TJNo8nwAY5K1eK-akEm9J
iKOSIIV9r0x58m4uwiGJg,VIDEO,Zmwt8Q-RFraki1uhbFwuT
c9-2dKgkJ9e55T1FHpnD7,VIDEO,Ss-XxS1BQ-aUuC35hdIY2
IWbM-vdSkmmE2AHIhrPli,VIDEO,duvrYdmwXpfgABvVXxsxR
Dmud0PoFpAxiJe1d3mCiR,VIDEO,elbVunKTj4wrJtM4NQ5Ge
6JaSri3iMKtHnckCwP2Cy,VIDEO,e1lSMzJlST0o6df_ubySg
KaHoXohPNkPLgN0Ut4X1k,VIDEO,Xl2HqZgEuHhBOrU1nkSa-
-KXQasNs76ysv9KkGCT4-,VIDEO,RUc39pPzHHtWwRgUtshcv
LMAADRIXTfwi2YQTO8UGz,VIDEO,OYFuo9GQmAk8mCJLXGqvn
CzptbJsItOLgRjfk4rIjK,VIDEO,BAiJvezvZcU5AmEs78Wcw
ylNY5JzJu3Py_05ytMeMJ,VIDEO,eCEIDRT-SzGRCYMtdcwrN
RT4oFaWYxGATpbmRI7sZR,VIDEO,c48BOay7e6UJo6P-N4hhj
YDmQ7eAx4P2WBGGT7GBPO,VIDEO,Dys0TIvbq6J8Bls18Cb3J
QOP3butp6ejS7i5dOC2bj,VIDEO,iruhMDmwgwpMGrMPF4cv_
cvDxzRylUgwsdnYK_O1qa,VIDEO,Q5oJcAgI4W6N9OTgQ630D
XRDW8LGM0Rj47Wl0UKAb6,VIDEO,kS3Myi2xzF9Uc4nK1P0we
G52hqkIJWsOZBffb2q2hj,VIDEO,UwBEhcs_LUWIPoxdRKwDC
v08_g_Va96EtrcOuld1K_,VIDEO,8wHFwKvvHdgSTUSX4pELy
uakzOZNGICjG6XDMhPT4A,VIDEO,9G0OCDSx2s8XqfyzzPspR
du4Dedwv5k4Rm-waLWCzg,VIDEO,Q3NIYqN4QAE3bDr8WsQhA
tMMVbdWMljk641kNf_jKV,VIDEO,gxU_4dAHtuwqmLUos5EDy
60LMhfv_FPvMZe3g4MU-i,VIDEO,thpxZQHdGjIdLiAFvKxTi
zP-U1GPHVA08c6-K10xHO,VIDEO,2v1BB4glEfnnK_OZbYPyd
F9y_98Qk-IWeyJWNDLhQE,VIDEO,T2yHaYoD7m1WLT3mMncta
mxO-VCAGNySlqlAxW7kJA,VIDEO,726VWoQMX0XRWJO-69-eO
vGfqTp4iWHZUcN1jJBOJH,VIDEO,mIysQyCNLJ14-AJuvInud
KSPRXfh8QMOXTWDBFE16V,VIDEO,a1IuWWBwiAYWxDb4kysCJ
7RcJaeokRg4GsM_Df9fyl,VIDEO,U3rKr7DqT_9dejdOPQkS-
n414OzifKgktpr_-C4eqP,VIDEO,j7I8vYsRC7Ials9k5k_oK
VdjwhUdk8Bhmc5mU7APo9,VIDEO,vsKEdsNUp5WOf5WykLZys
AVXcKYJUmKlVgd26MWkAE,VIDEO,7VhZXBO2gL0JyhkUUyIVW
40DVhR6ngjKD0b2pW-71u,VIDEO,bV9twNA_tRAiJJDX6ffqW
8Op6Kw8tpiPYHin1164gi,VIDEO,qF64E78DWFHkBY31DxOEI
_RV_ZBieBCyGD4y-qZxxq,VIDEO,ROzKteLTxR1OQvyBam4LF
YB6LfAGvNAz-5QdxE0kwt,VIDEO,IsxwjvkTK7INnIZ1Iv6SD
y_08IE4esLgsmPn3SiN--,VIDEO,WfCJQBmUAZafdoNgJJU_E
pyw2_EYwSjukA3REt86Ji,VIDEO,1ztujsqUjf6LtkIL2L6Xy
VCL7Lfhg3aJvl6MdjV66R,VIDEO,My37tXqq61to2sMUefNr0
MQVAUQIuVSHwNYj2X4IWZ,VIDEO,PSkKUK3snyY_hq6r8aQLg
DFdCxEsJxkgcfNThv_1sS,VIDEO,ccpq2z1Ma-84J5rL8vR-a
dhtWfb1785yvBbowlRCDE,VIDEO,oBZ83SVrhEiK8kQPufYbM
cTgXyTrDVXvUnTNdHashE,VIDEO,yv1op2i4P__r1tCoNo5xc
dZVg8uK3G-r4DY52LIL3V,VIDEO,2Kqp7-q-e7cwnWiHgRvHM
h8UKszhx9kTSmjRxyH0Sq,VIDEO,BqKARoii4RjpZvpcUpr1I
hqVG7Dsc6b2zzk9nl6O9V,VIDEO,n0g9c0sosxUCktbuiARXo
2I6Pl_eTdVYLFt6VajZb8,VIDEO,hvSLbvpb-fcjx2rhxqB3t
M552OXh3SXtQ3QrOnn4gH,VIDEO,bZNMG-5LlOOKmLVMBofRT
mFcI8_YmZc3Mjn5AaXrkL,VIDEO,qspgr2V4TYYHiAucgr9Oa
K6pLwuYSD_5-Nj6mDkxEE,VIDEO,sDrUPgXabtlifB4QFKIyN
aDymsKGYlgRCh8otMX7ij,VIDEO,4FHFFfc6Beu_ROmckJXsq
p4n0uuZiXowwOgr5jdp7Y,VIDEO,tfWSFqDlKzWReA8GcAtuk
xC2J-qm0Vvy4qkWVQrbj9,VIDEO,wO0sIBVTXpMMyZ-s9ZeWU
0QCy_6HTxaW4WhbZnCjey,VIDEO,5AnBy-PoicPy7fL7kFOFO
5JXaRqcTexk0suZRuZYE-,VIDEO,62BvrA6cuUiAxj64nNMo1
q1LvMqkkfvukAI_aspnp9,VIDEO,2m9iXbR7Q1-OEXw8FJZcn
uxpMBmusNOjmPo8Wvbuoz,VIDEO,jOxdzVuIXHfgmx0dy40vE
W1jetUjFMXMJkf_qCKRPD,VIDEO,E4vyM72FKmPvpQD5bFxfN
RvgN3XuLRhaPrdTofugP1,VIDEO,zn0ocbaA8cRv5Va8YXw0D
ConX_FGIDcQaRRhg8avkr,VIDEO,ppQmMt2T7MRB4zDOX7STr
7DVQRVoSCUKsLDtxZRo9l,VIDEO,iKje8Cz9J7xlE8ofbif6w
kHfBEFydNnMwMWS44Suyz,VIDEO,JXSK_0LXaD5yExEO16ONp
arsaxwLG1iSlvW9AEsvTx,VIDEO,L2R8e9qQprxVeV7xtf1gA
SPFec69dIaEzTpWfxRRJ1,VIDEO,wA7-wG3NvvABmpoJWWNi1
kGHos22noSByF6S2O-f8P,VIDEO,RLDxLMYQu-G2UPcdzwwKS
tVPFVE0HigTKEikCkar1t,VIDEO,8eAKgtlmEzOiboJqEtWCM
eZNXkY3QkB3qTJDHyh1WK,VIDEO,Eh0ErxNVDH4z0itIbM1Br
qX57SvPSi8fTSNHvqPkxJ,VIDEO,teZkqTYrxe9yPPO_XO6J7
shyvGWC6jHam7HkIGBQAL,VIDEO,vLdxa74MLBcAn3I392XLS
gfi7zJ9YrHnTuvCH_CmPd,VIDEO,DN7xVZZ7HpkhIoApJQM5u
L3zKE2en6JP6aILAuIrTV,VIDEO,X82j6c1dGjONCmOV-o-ov
alI-SpZM-W2j3gWGSVVTk,VIDEO,Z3-i0K1LZsrAxMuGbvEjM
8Aj2SeQ1S96f5-S7s9U83,VIDEO,Yg2c7Io1QmJASQ1MO_xiL
kPM3P0Hmo_Rin-oPNJAP7,VIDEO,kjRzLS6H1GXHDwv2cSYWq
FAp1ls6cmA_1X_SOzHRr3,VIDEO,cCfn8B7WNxGrxeJ8-bVPC
zKyBBvm8KYuX9WGvasjgq,VIDEO,ef5yZrQug4KSJOcPTv4cP
N6N3exvuoU3m55DhQlLly,VIDEO,AL63w3FYh6JEQKK1xiKVX
1_QasGjzr83xgwLm_eVNP,VIDEO,-XS22cj8vxS1RznXdF_u1
FjQiziezVlxlW-efyzL77,VIDEO,9cnM-ewhlAILfL-pOVsLR
5mZPf0IJtMLbQNWz-dSvV,VIDEO,Y4aCpvS3byJFvr9VrrkNI
Eo6q8Abv_RZvs4gU_We_f,VIDEO,YU0tp2U7V9dVzwIESSRMn
rSsEi5lScZHu0u9EK2Nnm,VIDEO,nw2sRpt4J-dwGUjyOdJnT
-QlBCmUBjo6gXAxoU5uNy,VIDEO,pEaCxsPT_vWi0KN0wiLls
xmt5TkTv9ixiYV3CCVRTs,VIDEO,VlDePkpdU-OgR8h_A7dPb
7Olk9qc2v-Q-or-HsGSWw,VIDEO,Pe34EuHfn44JOUbnTQ5zx
P2sKPD6wIw_9DCj--VBn7,VIDEO,wfnHjoPy3fcYU7N3MbTuH
-KJtlzHcl6R2mFntAR-wx,VIDEO,_tTAs5pSN1IImqPWnHtAq
rITDU7dI7xvyzbzqw3uoZ,VIDEO,e94JIQsh6ex0_SEcgKKc8
m3eHdldhO2W0yhVK0VYyD,VIDEO,7LMGu8tkEPVERyDEPbH0m
R2lMxpjoOj8pEuZdJOx2s,VIDEO,-eOI5fOq8xEYv_IKPdvrK
GcwDrs-C4SuntVn7g4SCM,VIDEO,8sRBzVoj6FaiAdlTGMOwy
6rx6OVPPubFNr-URNq1kq,VIDEO,iXPMV_ubRbCE9l_FT_1ik
d8dMMEmO2N1mNbE48nYVe,VIDEO,Ol3-CdzLjvxxkUt2F_0zm
1QwXN2mMjEvyRELEGBigM,VIDEO,hrpEgHyB9ZLDOCjEzz8ob
kg4Zev7PCNf3OkuCJUsVs,VIDEO,-nQ62mzlb3lnYvUETcvzF
MBqanLyEG3JB6jLhBikWv,VIDEO,E-hq_Wg0HGNyIkzFEbSi3
LmgyeaKbGnCe-9l2e0wSI,VIDEO,VPCT2W2xi0IsivAbo1ypH
kOSjSet7L91eN6_2-L8vZ,VIDEO,5C2w5dSSUZd-ygjPp_-L5
1YpYRDtuSYKeqrqBCK4cB,VIDEO,LtYETccZPYYzFD2m-A9J7
OqAcvHlTe2r0VZIEDrxlc,VIDEO,bnTqgCjk6_xUDo5dYwdGZ
T_wfYBaWTOq6DfV3GKZb8,VIDEO,PuG2qm0ZjoLBbvhJFV4SF
IY81OP07bbxDQJKUxmQ_r,VIDEO,19CdCibofXgcOoyo7WKpH
DcCT9XFIu1FFGXAATSqa2,VIDEO,njnRWA1DwtwZ2LcEQxNNh
VR0IKFnCBqfRn6nTu1UVw,VIDEO,02Y3gXCCTLwgglpJ6owef
lFmouZeM0_RYuIZyY1EB9,VIDEO,284mDCDb9uDOGtQDSF0G-
EQerCgj5EpQBth7NsWIzv,VIDEO,iJ7TR4cZ7Bkr8LBd-ssSm
3YCuWBmXWlB2o9Ny_v9Sl,VIDEO,AuI4qm5fTr7cCHaTJk4UF
Bj7sXkbW-3AeYXdHKciAb,VIDEO,rA4DK1YfywTN5YtXQaceZ
Z_W_SntUMdesYAFDvdteZ,VIDEO,DWIXa4lme-kMXHrMn7qYF
4ycX_3jucHB8MY51u_n3H,VIDEO,Q-U_LQXPWkXfimbEBUo3x
ohCq676kOMkuqQG0PpR0B,VIDEO,sAJdYug883lSgLBYsVkTF
vntOrcR4PtyYO4y1PMxCI,VIDEO,UUF-gS2zeZfQNngmbXvO_
v4LHvwH_DioS-UHgF7s9p,VIDEO,vhdD9-znsooIrSBd5L7fE
Ceu4ogtcELesjkHtpEW7c,VIDEO,SrTXcbaiF9bKqlyCRNBiK
YCEQIhOEx9eN09wTKHKtj,VIDEO,YC38tixlGIDjzI7Zaf2sg
-s5XY0PXzwkZcYzycjw6X,VIDEO,qAELM5fKwdHA-pRTZluBe
ZX6h-hkghlo1jda1dRtnb,VIDEO,8ENfQ1pogDwaGy9cxhjN6
jpEw-aKYTg7o8x8nfr-jn,VIDEO,VyCFvQ4ZKkKW8_UKFez86
6J2PWPthECgcJYHazojIE,VIDEO,np9l06uEdVqPSf9lsR5Ah
43qXyJ-K4CJxpScbxqfa-,VIDEO,YiejZab7ugUMWMGW4DI-l
vgyWWDlmHQPjRSIkBmUE8,VIDEO,23EmQZLJ86VNLkcDdtJGG
-p7QI_H8eGxqGtuG0rc1X,VIDEO,S-igBl6fkb3-YuLXoh5C0
c9yXwVfY-fX1KydVy-7OZ,VIDEO,tuDrRhq4MJ0I_VZqdcsPt
AKuXrJjNNJBnWpwDnmzpu,VIDEO,xV1EQ0y4XgU2puL4-th3A
KHJrxMv4FYdslRSKOvWX-,VIDEO,xgxC0uET_FECK9HGobbkC
86ZHUF8SitWkTQcAVxMBV,VIDEO,rJkTmZ1-8XB0tcMrCSAbG
lYjuDL1-P0JnowNSq-PQp,VIDEO,qZHB83StcqiUBJZMizRje
Wr6RG0-hSTPomjsuWuI3P,VIDEO,uP41pcu7wvMyI3MWjwiXu
Nzzfwcd7ApcKrPeqPoIO8,VIDEO,-x9bVcQUo3SUTpO3RCz1n
be00D0tCmfFmRzel71ue8,VIDEO,ZMPE9N5jD5Jmz8C27dZTu
o9dcfrhaBn7r5i5x_Pwm-,VIDEO,sx4WBhwlNozPsHRFOolLU
5L84Ok3KIZ-fwzcBioukO,VIDEO,_GiRgl-svwkzCzMIYMUx3
Rm1cfBLMwZCoZH2iJlZ5Q,VIDEO,LhOWuhSVkw8lMzeI2ec9I
r_QlD3PQwhWQl_K3aujjN,VIDEO,N9Tc0A4mo1rd8DxHC5bQI
nlNuqKyJGDhGcPHB6B5Vb,VIDEO,sAB4w1st56Nas1qpOPsdH
4tRJS7SUVoj6TljO9VV-t,VIDEO,12IVbDZLpBO9EvSEwkJ4-
BULx4CWs4ZlAPbH22MtOB,VIDEO,J2Uie2MzKz6t8YJg2JPzJ
DFey-b2ONYbtRAxlTVm1F,VIDEO,7DR5w2QxwF2nBhr-EeQdS
Z7TXUSC88tSdXc_C_7ijr,VIDEO,vMQRTvPOiLcF_bmuoAIPv
-AC1uhR4FrCU7zqCtkjzl,VIDEO,LeRjjEP4cPiy4a3xyWy86
RkMePbSvTsz8_rvcafZYy,VIDEO,2IGF03PrKmAVevu3ppHkR
92pneLO3l9Q8NxXJjjOGv,VIDEO,NKRK2Qvujx-V143umLQG0
6ErCsce3ags0mBErX0FId,VIDEO,pwbQY1nSrtOqL5-vp1PO2
UVAQg3LrZxiUmkF4Iayuz,VIDEO,233jX3pzkLX0oFBW50u4K
0Y02NHKQBufi4Y1pFC2Tn,VIDEO,d8gNy4tZnmay7Jggsp2fl
0ZOdltLbMExFVLClOaL4M,VIDEO,-LvP91rKhrwA934eYySwr
6LJ2KEJxGAsJx1Gi9PiJ2,VIDEO,M75qSlF2pngaVzyp1bhkZ
-PBQTSGOdxgY9ywKOoXF_,VIDEO,YGs2TnRwa8yFUfvYGx9_W
69kBSzU08eEYJBZXIpS57,VIDEO,gEEL2qBtTYq_4hDrhHMBk
Wgg9tQ31FLqMf6dYVz06w,VIDEO,z0uVhMSKUPrxoVItpmdTJ
V0aKFOYOwHW4rECa1e6Q_,VIDEO,hwZbVlMfgucloyEsBh9VA
AIgQaa4Cgr8058fgLCNsu,VIDEO,2QAxW0a5AqaaoJsYlG7W_
ndgS5J0hOKxSo52YiINhB,VIDEO,EM9u2RhyCIsyMk3LJejBL
cOT66zqsVDVjvB-UZ0iep,VIDEO,OtYBaFRj53VQSr844fccW
cJbp4MrYgRffCeSQ4hpj7,VIDEO,0dfo0V1qFaXdWD3GRj6ap
XsIrNVMSXKrfEPcdDz5t-,VIDEO,9vXsiMle4MxuxQGqk67WR
ggg7UVUOwS7m1Fk5ZwcmT,VIDEO,VBJzJ76vne-sEqbYLbUx7
3GpYn6j2uFvHfoHgMOfLl,VIDEO,UwuehHYJfrBWXyt2dUM2R
HOXf8pE6skZ68HKmFn2ca,VIDEO,CJHbDqYB3BwFO1kVi8uQ-
wzIUnAaH2A9_CtVxPKhRc,VIDEO,ybP0lumSIeLAmAYyx46k1
WQav14Mxhr44bUsUxi3uz,VIDEO,dU4ngjZUmsEVFiKaMf05P
cRwOM1ExhV_zP4CyNg8L3,VIDEO,HWW5azLxECoeOdebCJ4vA
W-hXhODuXu1QNrKv9Qyfj,VIDEO,Dzzo7aRjMS0ev5BgpBlHC
Hj8QoZSppc1BvGRZL0mQ6,VIDEO,E3uK9C-HKyhVFHUClfr5f
lToRE30X3J19atFsbXmQ7,VIDEO,6FQTS4CB77YRDJlbKdhzI
xSVvvRSPXzMic_ol030Sl,VIDEO,KuUWykoV0Kc22qwAK4KGg
aGdiaWu9YWbgHFr_91iWh,VIDEO,gA7QHnUrcobYm3Xgksq5o
CfHOoBFJENUHk3EWHzEB6,VIDEO,V1ckQnhVaUg7Fp4u6YWxz
xaaSrVh0IBYJuwAD7R9M7,VIDEO,T3_SnwrI1WuwMMX2mJce_
pSUoJkPRESMGupNTih5L-,VIDEO,BVCdYaOtv8-GxDO1ZTNOn
xmyyaUPyOTjWpP1-8wsUS,VIDEO,pS7ahuUllrLOy4UDOvBTE
EnbB0HIugf3EHuZeoB4pZ,VIDEO,aoFndcT-NSlBPgi_Xht0i
yLIaatr4iUmFeVVN6VL9-,VIDEO,l2qEx5-bca8H3Q_Kr3ATX
1C9HAsaa-irfSgAmqi6C8,VIDEO,5QvWF-vsRxzuoI2d-ytC6
BfbG6fuaQ3XPOqifJn9wZ,VIDEO,35mOqOz1L__uLo9WfAQAL
wGNNQf5mS8zkYLuEiAcHm,VIDEO,ce539hHkZIjdiW698LZpQ
JY_y1225bMWK2-K2TJDza,VIDEO,EJqzeQrvfyLY8YwPuVlPy
9hR5qzYkq4BJSa8VS932n,VIDEO,ntCpyhBsPY3t4U9dehrSd
vanJ-lxapRShrchizysi_,VIDEO,YfTDOc5Jre3VVuFRklsHb
B9JgBvc1OtXZQNY6-C1KU,VIDEO,vlncRG76LewCYFPD0t9mW
l7TCl_FMtPDVjdiy31kfE,VIDEO,vic_QJ_0dmxCMLjybU0N6
uNpaw8IeQF1S9ftZbzAnM,VIDEO,AgWlAcpODAq8M50W1_103
vB0097FioAJKCa6EDZU66,VIDEO,WzG6xCII5Ehct6TRXksjd
lqAINNI_RGu74pvhD2Jxb,VIDEO,uCBQdtF9r_fItoWHmQE5z
Kuk1suHbNsCy72xqn8vcv,VIDEO,CLLDppQCbnBwD6Fnz2GW5
ANEi-fkelrRmMAZG1Z6MG,VIDEO,5n3ExihUWjxYgYGan-QKf
e3vG6mTFnRT8Dwx7R_Cz1,VIDEO,VjeQCpGLLv67twvoXSYcG
b9GOHyzsBeQn6erTnQ7-F,VIDEO,OlFzyGLm91yqTL8BvJZEg
MmGrQLHPhOaRx3VGLgvvX,VIDEO,CTwCAC2o7kQHwygKajSnA
ewTv_b_IXjmVsAMs5iqie,VIDEO,IHkIwYERDNEA0HNrJTc0s
UXy98xprXqXBZZ6Gw6kth,VIDEO,b-iekOhVddWpEJtXw83aj
_OY4jYcMuUeCi74U3wx3U,VIDEO,2jAJ9vI0TYN_o6dUmWQbL
UG8nTQ_YhSgeO_dtMcTgi,VIDEO,Pn_Tp477TpyFEZeImgfIP
uQUI1WYHGRV5wioHw8tWp,VIDEO,gYismHabF5uC0aXSg1QQw
Ln07rBBjREhmFSSVQjT_P,VIDEO,U2Wvb8OtGWSNNoYHde2Sw
BkljpCUrfrzkP-7UxSJxr,VIDEO,QJj8mSHrxnhDq6p1U3tu2
WWgqQdBTE5oRG4FnRYLlQ,VIDEO,K3qvrfxqJbseyCt05HGC8
SN4nodP5ixtSpnWsw_LFe,VIDEO,QM04TQmM_aNKY4c18ybv5
tdoWhGagzocrGleo7mQQR,VIDEO,CdLg1Cs9kRDy1ARG8gXR7
sZ9iskCVky8KP_37COf5O,VIDEO,0jPmKsGYtnfWNCCcFM7k7
DujdVgQG1RiodQ01A9vre,VIDEO,ToXV-cx4wxeOBGTdXV3pO
d1-CD-X_fNOPVXSSBZ7Rb,VIDEO,txIEOzEMT_6h3JHDQMwMS
XZbnEU5kIH_2AOjpnWhav,VIDEO,Ppq8xAsEKm0e7RCPxCb_I
OfCtmoreFUGDVo4wAIFdb,VIDEO,xIEdRYVoHeVXERr-gAWip
bXypRqH8I4NtQT2NIX1-L,VIDEO,E0UHQrfWC-lI7Dy3eLcat
Oi82GmFzcVQmJ4Kx8klgv,VIDEO,SbYwx6ufLXEckTSKgi5KO
qexndJcYZK6b6dUh6CLFD,VIDEO,Uu6Xpel_cTLtlclMuMx0V
m5KKUU8z54r5977XoNo9F,VIDEO,NLibCK9tbFASEqYr7D6pv
_FXoG9Xhs8euJlGUEI8Wv,VIDEO,u9EtqBo0O-ha5wUfjQ8vG
T-BTWy_NetLiLdFXRgxZu,VIDEO,iuXTzhmAUrlbUVTuchpLe
4VeAWzllV1df2VOfz9xfz,VIDEO,McSX--zX4zU5wHEdE-ctv
oeA1soSGC8s0yD3Yvne8f,VIDEO,ifgcYkZDDkOIe7pc-WLD4
x85bO6qaxr6Efvy9btCZr,VIDEO,jaWaJCNGXSbmIbCpnY8sD
KmWVaNvb3gCcc9rhgircM,VIDEO,pC9EfhLc1BMX7wJPz1ga1
1_uJy3iKSEWVS0pPPjxak,VIDEO,zutcocxjOdjMfvylHO7X6
4dXHtoAZLFiLhizhKQ1g7,VIDEO,FpWH3l1biFDcsrN5VqYQb
4yUROdDQ1qhZHc6X7LqwY,VIDEO,YbWpvdLOk3B6CO3_v-Nmv
2teqVPWlWBKXseylXRqFa,VIDEO,H_cFsEKzO42fMpBMOXayD
-vc6Ikc4njq0GbwcOl_8j,VIDEO,GP1EnS0bKR6NhTQvK-xZn
Fmb1vPPC7c0gPKbMOwbv6,VIDEO,tiqD6_mSee_ybbJZkU3M8
MKqe2P2qrRIukC6P8A8TW,VIDEO,ZjK9GrO7T3gNml_2yTjNW
Sy-2eP6QXAd8RLNOwkvsG,VIDEO,UbeJIvasDuKLH482-0udP
1E0ky9F65KtWL7cbnaJJ-,VIDEO,P2WLN2Pg0duuQGJKQLnOO
yqebUN0gSS3B6tyjsqTgF,VIDEO,d6pHHfEWigCrAp4HFy7TX
k0yLLfYcgjz5CYOGnVTJ7,VIDEO,FQYhhHnZvyLcdmpLHBa4e
e_N9hlsg3SVWqEEZuu7DH,VIDEO,fuDpARs61LMBZENgljPLn
XQMABxpwmA6TS2orUPaOL,VIDEO,JJiVs90KbCiSRZ_mXrwsm
BnajyHST_HpHgvF6FWvR0,VIDEO,GEsYj2PmuerHhEJBgBtqC
jOFEFjMcDt8XXgKlEy0JY,VIDEO,r6iophIUFNKGwfJzWJPXe
Ccy8X5FwB3nHPZ5KB5pgP,VIDEO,MJHbSjTK14gZWe0u7_uwV
pki4XcmwNJ8l1pNWgQxae,VIDEO,Ko5WnyC8Rx3KxeWc7ewe8
c7V1f48OBKw2USPEXG7w9,VIDEO,W2Eww2pzo_s4034zc51Py
3XKkseqf_Z8k6Ii_hQKv7,VIDEO,WF5BHmalFMz7L_FW4jXgk
hlJafnrJysbLUeC7q8zUs,VIDEO,UB5mmolXAbtlBHSBa4YiN
3-mQ-9klIFPYZ1AaImK7V,VIDEO,NAdmO528k4yWvHPZ0_EbU
CoeXsW21fliT3ly2vRidi,VIDEO,jW71_U1rl_jkTBgEB7UyX
ol_CKlck_7Sjv51RRQq4v,VIDEO,TI2blpdrtTHwVZPJj9rRq
tjpeV5Pzyz1Hy1o0Ecyvy,VIDEO,MXCZ7YRPiCl-c_uJ5NAgo
vjhu1GpvvqrdUT3Fb78UI,VIDEO,-xsOdpDSzc4eBV4it3wJK
G4qD_lFHx7Qh1HvVNBG1z,VIDEO,CpgMeYN-4cyjddJY6eXoJ
dNhZ36wBJ0k4Z6DwLt085,VIDEO,IyJlN99mm0RpR0qI1Dqzu
wyj5XWCPjPO5nFzh92c2Z,VIDEO,NxvJCvXQ5RqGoTZdo9hWg
9y5iPMXRYJZ6zSrfvnqqz,VIDEO,Q5-WwaLrbic2_JpUXW3kK
f9S3kL8arTqPj9ArD-Eyx,VIDEO,XhIuDsC9Pc7B3D1wN9Mgd
j1-WqmIONb7yQEy8fqF4B,VIDEO,pPfkvJwA1mqyvS-eUsEF6
CWO1_afa5-Uk-wscR6T_-,VIDEO,OwjHEfEZ7RWRyiXiBHiaI
_tIRlXK6KHqUiWbG2Dxag,VIDEO,ZX7IYEsqjh9exUpvj05TK
nkT3SlldRgz2i0Pj6Ev7c,VIDEO,TsZsGizdVtm5ctEYKI_Ub
aDilYf9tv8T7KXMVAsEN7,VIDEO,lEOB-0-Kyd3GhBW1xD4Wp
B6KSsFeTqXKNl6kmjb1en,VIDEO,ZGFS1GZXss8nIufcObaxV
FGtz2cLU_7_QGo0eUZat-,VIDEO,h2-XcdNRFLypp9ggOQDhC
2Y8IWw9DwXxPdZQ0jZ0ro,VIDEO,1wXEp280eb6GaQZWRx7HQ
8Otg2zLDMLRQpUUryYt9s,VIDEO,5fdIe8KHRAKceRBGFJDZa
9lB9waodVlUxSWV9ebSmq,VIDEO,WgIRzE-_6jnooHt6bm4uG
13Igq6CvsTWnNuogMXqcS,VIDEO,pza8ctg6pO0D39t0jGahP
GRhcYGZ7n7tBvXobEHMtA,VIDEO,6n4rGcux7kwJle5BsaV1M
9k5tS-qBMLMeFIPL_O0j7,VIDEO,gQEV9_B_wSCyFfy2-thoG
h1eCp58uJQpTJdbWzKvAA,VIDEO,c5fD2b3qZH-IqIarINYd_
n4ERbI_BrglOxedhTkA78,VIDEO,ES8AJAvd5IQV-g7pUzX7O
bKu-1uD1AV5fTbrF05KVm,VIDEO,0G-Wjmjv4ZTklGIMoVDkh
uvkx-_R4Exytlp1yEo2Xx,VIDEO,m9zt9d2HEBnXzHfjUTz2D
MwP5DE_afBPy4YXKlkifI,VIDEO,_zuqJ-vylSDRs9nnlbwKT
adL507dVUl88kgXdg78uM,VIDEO,aCU1JuiA3GF12vEYQ1ycJ
0VIn7xjD-gLB95WL-pPhw,VIDEO,-vFF_xgip38Jd6AZPLmDa
03oZ4JFe60PXMjFntGMT7,VIDEO,f2eZmFCeDiWcdDon7IC34
lA-bYKiqA4lnn8t9pvOnw,VIDEO,3QOE3KDilUsBtcG8VPEMf
VXasnFEh9CcyDJwEMPGoQ,VIDEO,CVCIHKQkmz8JnUOZ_w2zT
yKD5-es3Intq9JaWfVZmn,VIDEO,ny5rys3XHjE8hhA7HexmZ
gfSoX6ZXkbXTLUXHVC-4e,VIDEO,Pr6JxRnKQBEl4Fx69RWsn
G4DoCedUY8Wmm9Por1Btk,VIDEO,z2kFpOQDBNC6Ky_OY4S7a
UZ8dYxqyD0oSG9E03oZ4d,VIDEO,G31-zVVlrujnP-IhZ_jKB
mPE3ZFg8aEC6hXZV99t0w,VIDEO,K49boFSxm74y8SMBaaFOR
BbU3MIGtgDzX_Zn9h_FZa,VIDEO,RW37z2gW9gqebhk8G3etK
xtv-kSh-Yvq1iJ1oMM-0s,VIDEO,x_vQm5xTHq9xHy0UUH3vp
bhlGfH9v9HUwTYISl-mlx,VIDEO,j6Pr42ZwwNsGVrgFQkkjX
1uMTuNXLFRd-QdPxn2Elh,VIDEO,8RZTm1cgtnihQLs2XrMCs
cHtI28wwVMwugVVKrtyji,VIDEO,qkfzs1pvaMYHtphfwFObd
zHtmcn0hBCrsCfsWgJ2z0,VIDEO,mCMHBn5oft9OjAAthEBCp
lAE8K4CIbtDsz1kvEgkCi,VIDEO,lTTDDom-hfw-7px2vDLoY
ewD5DBCrMlJQPCOs1qVC8,VIDEO,CSMQ4kzUr9wM11G-eWJhd
6H9zC4He8CEimNjCpEErS,VIDEO,3ahdzfYoA11lVl8ACzfer
i1eigTdFLASg46guborQc,VIDEO,VYkAt-OjAeCChEfBHlxzp
jG7zH1NMikCGHJtAF7BSL,VIDEO,62IMbC3pI6D6Q5MUJEPj3
zFe2L5tIr593oC0cbGpTu,VIDEO,4O8_7zknUC4U3_hU_csHR
-Svk5eRV3y9IGDabPUDHl,VIDEO,qwaUlW-t2i7ZjP7BcgomY
w6kbCdaCfeYfyFBNTa8V1,VIDEO,mJlnzVOC2ObxE6neJD-MO
o9ZITHjjjF0lzX9kBI2c8,VIDEO,3X1MS5EJnYRfMkWcz_ZHZ
kDwOjUocIkJn6Gd0W_Rf1,VIDEO,T5MwLh1ik5QEIF-aFTT4k
qFbnKR7ZsQRSM30v4jeaA,VIDEO,ZIJnZTIFlSSrypTDj9cnA
ln80Rxr8PlqIuGPu9KEZM,VIDEO,1Il3alc38GQs0nZMDgMn2
Njoru4lBaCj3DDXB0EEfs,VIDEO,uTFtGxRwwsqLZUPrAsrUb
39gzZdnOHF_gk9f4suy_K,VIDEO,5b5sa3e2r-wFdEN8FElkD
-Qxni5udCjPzqY4uxufo-,VIDEO,OIeMaIcaMxw2vyI5ZVZD5
hGGZe33LXq-mGOQXZpiJR,VIDEO,BVNzBRaVlbtLS9ogKUyCw
2lrLF54GhHU3uO4vzPoDV,VIDEO,b3w2ILZEEm_EFji8K95uE
CPW7PFmLs7Xh9aBrM5uNl,VIDEO,j2VG7W2xBl8LUEKIxUJKT
9DNyG6ME4WFGfY6d0EzlW,VIDEO,d-eiCDKula_YFuko1Py9S
pGHfJxxClMRy8kK0vWbfP,VIDEO,1Jk1UF68ZdaEJnIShlZoO
FqV8_zmu8CTy70K299-qu,VIDEO,3wuf-X0bEOFuPpFm9g93a
X5QUFk_MOrurkxK4bMXx9,VIDEO,lFFfrTUpK94hrI4wabxoT
iPWz7SaGQbQrER7kBCRP2,VIDEO,P9IzGm66ox2Gqfkxs-wHm
IvXlVQQHfgFStaMe3KpX7,VIDEO,9X_el1ee2XHciYz49CB0F
DReZ5dwClfGC_guvMxeeU,VIDEO,VqzdZTQZNN5xF9uHXcJ1f
bdEZer1dy6jZqHngzwROs,VIDEO,W8KUHs8sqpDm4FcvK_wg7
ejHl3msnoiJH2D_SpZbb3,VIDEO,AEs7l3vK1_LxOh975q3yt
TiDslqC9Y1vTiFIEPK2TA,VIDEO,J9X1-76KXjeFyJt3a0NUT
at-5I17Xn3fri15O9k_70,VIDEO,6jH-7cTIvrgOn7e_7hmSs
YJOAkdcbE0YxPc2uqLvCp,VIDEO,fWQz3NqJhqdHmshqRnJzX
zTVavQAv6VflmByvPAz7W,VIDEO,BZBkhkr3L2htXw1HuOe40
C8rf9EzdVkCS236ZSChOG,VIDEO,qp2MdQlJiOrJB1vvftR8S
TKXddutLC4W-yQuFFAv88,VIDEO,lFC2ceyLkc-f7ZdlW8j_g
X_rN963DR6j1sGXlWuJ3v,VIDEO,6vQYqzQmAL6zmhiOLLCWD
vzi92zeNkejzmJbLUALHq,VIDEO,t--oc1e-3uGyu11mZ6A_5
Pus2C7ENTIogxw1-13h_u,VIDEO,ISjd6vRmMWh7ZMBBvA1CL
wI1YgE0Vq3WJ6_HurqF8E,VIDEO,oj1FwSulxuoHDPwQmhgr_
nZmlYzcjJ2z0UcsYQeo6w,VIDEO,LbiIhQ8hXwCbdLmTtMKW8
z9nBUDLcVRwY2Mc9orzHy,VIDEO,ymmhomSJq_RzAS-qJydQU
tPVtrt83FpgoiVFzK30_Q,VIDEO,7KkY-1jk3AIYeWalaq--T
tBkrZy9d99a5CagkFCV5J,VIDEO,OPT09MBTwP5ZnwsSj4c-D
KIUykIirlOumj9XUVjnPF,VIDEO,8qlsEmYKEx9XLl3MD554C
kEkQMYLBQwzofepVDsXmx,VIDEO,sq8EEfaafdh7EcRzxLbF7
EtlAi-8G48YsWH_1oD1Ot,VIDEO,lXjuZ32cov1TbG40k6UBx
BdsMEUF-pHwtNaspmochD,VIDEO,XICtf8Xsb-ppnvk4InfwQ
L_ni7zv8ltIl-1mVvpwqo,VIDEO,FnhlH0Obi8nCOZ6mu1bD9
TudbMcNzWsA-RcI82-rag,VIDEO,olhmNzQ2NIt0qC-HQ4bkK
mVyP7YWrb23ssejqr-qqE,VIDEO,r1x3ojhbaVJvzMtycOXIT
QuGivaa9W_5u11bLBKvnU,VIDEO,zeA38Smj_tf8Np5ABSt93
H_Ie7I-w6NvqAmRSRr33r,VIDEO,B4wsERLnMDEDyRK9knvQw
DqssCXC3zlonfGeZJt4NZ,VIDEO,fw7v5zK7SycnVlIMYhKu8
tFA9xtb9hmzVRC63Xt2Qh,VIDEO,AXBpcJyf_kX5oGkyxbkPy
WiU_lk2Ckww5Gze9hPKkB,VIDEO,zHw4tC3PzYKVpQzCHwlph
XyI1aW7osG2aQQ3CQinwz,VIDEO,gJXo8hBteJAhzN8WhUJtq
7KDa6tYqnKZI2wQ6T4-15,VIDEO,jqfp8Awx75nxd0hJ-gT0p
_dLAInHPn7oGEADLL_GBz,VIDEO,xuSl3APh-q1-cizKULRVn
pe0BtLDtyuFxHa4xeZI6x,VIDEO,CyXnldUFeBjkglWyZgiO-
mfGlEM3AUV9_WzcRu8Mj3,VIDEO,OIZM9TZ4zlB6LlriulO-_
FCmLFSas_NM10s-0C1P6s,VIDEO,kk2-KehzE-iKFNeepmMIP
upsfaY4EVDXqPPbDVkZOg,VIDEO,GzIyOAAEGhztSh8C2nJ9Y
4g2xvDaKCHcyCaDaP-EPt,VIDEO,Wf52xu8ha1u2AMU9rEIIV
CsPDlBFJ_1w-US35ea7sD,VIDEO,cvuGF9sXRNh5c3FfwoWjK
uo1FshkOvkJ9QITrM13U_,VIDEO,YgQPVFR00K5hqBY_e9eBA
oGsgX36V0YQTa4-9QYRll,VIDEO,9CPcbm52zJxS2FzngR4P1
uA7JlH9HhyMCKrmtOvNiu,VIDEO,ulBnRPOAOFNRgkFTPQQ-p
wwvm4GXfxOl-cMw23Mp7-,VIDEO,1endZ-ZqHNSPiSHksyp31
Q3k7rGCcuUq3v3FxnTf4H,VIDEO,cUa9OGirNI5xkiRL74S8H
kJSHeI80QNwdOdxFn6n45,VIDEO,lGMGogCgICM6WGt_GhO5N
3gHXUaQAJX4zQ2CfcNqIM,VIDEO,05OxcENGahsX0ki9KIRfv
meF2_nzmxiESiuNWolYW_,VIDEO,W8oa7el5dJn9i0Jn8nqNP
N0ZLRNf7Wz00P5drvMs1V,VIDEO,iBHvh8_Y3qeAr0dzo4euM
m7Bjk4YQONuBxFMcfsoQX,VIDEO,XK_4xgtvBNwVmpUa8pbg0
L9ueugUTKGdd4PJvpUBpZ,VIDEO,x27JOtBSomqq8J4nS2j8x
9fIQpaswrzobNUg-yIuki,VIDEO,TFGJwe18MC1eyyagYJknI
9teNQ9Mxb16ViA9xAl9os,VIDEO,a_bICprEDGyo7eIrlChzm
4ZY4umMMTCubGDX-II29g,VIDEO,KBaul2aInOaWetfzBtHbW
89eYBssTYnnZ6VUwz0wZm,VIDEO,7xf6Hbys_j1GZYakhrzlF
K13AQgrCL4Uch9t5FqDzr,VIDEO,CwEOV1fcZ85mW5UJxRCFw
faGGXPCLSaZE83L6QE_RO,VIDEO,TbWleoPkUh6CWc7Kh-OVF
PuoVXFZqJdiODrlZxYSED,VIDEO,lBP5gaHu8ybRI30Z3FI-H
mN9lm_-cHWcE8LTvqJBV0,VIDEO,YUUD2rSH_7Y-rEesUG_sH
J34W5m4BUf0_IZLaAlDEg,VIDEO,qeeKFnPDfZXyQ_np3Q4QW
f_jzHxGw-E75Y9xgPV1tI,VIDEO,MJH8igiz6Azns30F740xy
IjnK1TF8ZYHSGYsEae5P4,VIDEO,ZqNyAfNJrZKaucgpXqVyG
IzNYOcF2GWBdIuBxD63dt,VIDEO,EkBXbmhCMA7ai2OG9X84J
6P2_ZlWgRUKdK2Wock1fi,VIDEO,7pi5Ial6o-1hbNmg0E7JF
cuEwRk48ZBPJXU3QqB4MV,VIDEO,kZZa58VIKuR0aRYeuEZTH
wmW11MRiH4bT1kRsGVyBN,VIDEO,6YKrA0oHoL8DcSgBQr_u_
a5SEaMhFDIN0ErTioNLYo,VIDEO,TYgsC3lI6mgAnD6J4MCMy
De8H7ZxZRAlM_3FhjWlk6,VIDEO,d0jNgefRo11XJETEHFF8R
7p-otQMPsFGUcbMTpwGHL,VIDEO,Z6ROxumweZ2GErej65r2j
pk4du7FWsqpHWf4fl7R-n,VIDEO,nGr1O06THnHJEVDi6HECF
JdyHcPAl4J3Zz_vmYxnTU,VIDEO,Nz6e7GPgYtpfNJg9atb4S
STstZEcJ-Yi8VOdWtoU41,VIDEO,n5tSQrhla-PNU7538nCX_
_ypjcMUPS56htDJYiy6rM,VIDEO,tuyElC8vFlmKFd3iJPfv4
v-Hc5EhFPl-PGlU4pMByB,VIDEO,Jnd9Nf7eQjdQIiJg3Xnp5
cy5_ngAkjaXo-N9GmlAvs,VIDEO,Um5POwILyyGv_xMB7uI_o
8FO99BrobUtY-dctwCiDY,VIDEO,kM7xhj4bkUBw3ZBzY2wcE
IEkQlO1YIw8RmTJ8igYKX,VIDEO,NfMPaI5FwrgJYgcEc5DOs
5_OmKLobtUaJozio7h8yC,VIDEO,NbRje8vwX3pwd3MKoh00y
JUjdl8aHTNkoUBW9O0AkF,VIDEO,ZN8sry_EPmJl09uHJt37U
edMsj-_0jxy6ksvUzpSMn,VIDEO,ZqVtwXENRMsHOB6CzO7Ub
h3Rq8OIhB0M92SLgHB5wv,VIDEO,mVwGpfa6dIs1o1FvxPqL_
4kBuejfVAntlD0xXA7jG6,VIDEO,BDO9XOvWcUhRlWgK9pZzU
VpwzZzORZnGCHBMlsQrFY,VIDEO,P1eQgmxSirnOGFSsF0BJ6
8d1qFYBQ6Rxj8kgQSMIjr,VIDEO,5SZf1pLLntfbTwymVrU_8
5_Z50nu4ylD6-TuiQUUuA,VIDEO,JHDOwfw8AVrkNZoSuYbh6
tX4sxfCl8iyjQ0Y9MQ3tW,VIDEO,z9ezWAZGu8gJQ1pCqgevH
hUw7Hrmwi40rY1J2k84NT,VIDEO,tzNrIAnKh_NOgXt1kCBoH
-57CFPjZceBBCeY8UUypD,VIDEO,6r-OnC-zsKv5u_8TmYluH
qiugkOJDHkXY0zEdnN-h_,VIDEO,IJtExYqgabtx9YMPe7Q0G
v2B9sK8F3dA3EycIfIVMC,VIDEO,Me9neAAyY11TzVKJHebp8
Bu8x1Q4wF9QJkKh3LfCSD,VIDEO,ZffUeG9KuFIR3cE6V9R4I
hVyh6RcvEzT_1NM6i9DKZ,VIDEO,BZx3v_YKLsrt5zOrjWmJR
noNW-m1RhR9AUbamxsZkQ,VIDEO,TC6Poj3BLB4e0-lc1p-Wt
zezFI8wDvxwp7rTrEkNs5,VIDEO,ZEiXtbuR8fX90gS1Eum2W
5w04NFX-xisCYFkMpmXlC,VIDEO,LY2HAfO3bUP0ec1X8673N
-AMQCfJ0kAmd9LoJAptKX,VIDEO,RqJ9WADqk_EdKFcd3Q4ZD
uVqp_fflsIEWHVy7lJrzM,VIDEO,sfAv4Pv7M_P8_HDJ6-omQ
O0NuwFe3UYFNWQQGLAvcl,VIDEO,43iUjDNAMKOZtf_mE_Ehl
YiK0pBmZNnyu-ipTW8ABK,VIDEO,NBE2yZf6FZQ-X5gcpXoRi
A4eY2lKIiLGa_uZhBO43Y,VIDEO,Z-73z6lqHen6o2bB9WIgD
ghy2WOH3Ci9F2ebBgH9R1,VIDEO,4JfbrCug0_PKeIqQDSQIf
zlNASg7WUpiNAC54IMYC5,VIDEO,nESizb0HYzF6ONgODYapZ
3jn4S3jLBCEYJcuBuBIz4,VIDEO,XnrXZx3Ji6VnyQJuIHfQi
uDBukO3ndWc8XGeOypqVU,VIDEO,CGuXbnOkcEtR5_rGsa1JN
6P8_dMa5Zi_ycScohnMuv,VIDEO,A6Ki090SFk7GYZWt37SzW
8Lq4-Ttb7h5vmAPqmxMKf,VIDEO,k_ozF_KZyV7GA6J-8BacH
2VHVhIhNoOBO6Kqc8MgcW,VIDEO,N7sNU5eSNOD114CvhqHBO
8P4goDZ-plauzTLo8rL7k,VIDEO,O_jszI2WPU8n1U5M9PWtn
kPcbzr79sJJzFGz5SNTSp,VIDEO,G7ycY7DsT7dSmr7RRq4yy
EGuff9F28C8VW_O0W9nL1,VIDEO,38rWpX2xWgSNhY_oZVPqw
ArkSRMxXqnUvMmyhdPPCK,VIDEO,4Hbp3bx2O2JtTGrz3wWfy
WWK-25DrjYazwsVFUw7x1,VIDEO,0HiOpP47CPvoluMIl3K6I
7a75Iqxnwjq1HjU8ZDotf,VIDEO,Z3KqJbBmmDFYIiz7P6_X8
M0Pg9WH9pDsT5YUm-UB4J,VIDEO,1yi6kkf-Brol1hGMG_n2P
r7TLyyCj0Vnc3inuzHr6K,VIDEO,ec3eYHjdpDRenXyatklmS
SA06NFGh9D3C-HEcFG6RG,VIDEO,eqvohcJfNT5crQcckxtwe
oEMlU042A20NMXzv38v1I,VIDEO,eZ0SX7ZC6EyuESEQuHjtV
FcOJJFWdfqNI0FIZiGhfx,VIDEO,8KquV_M2E0vS_u3OiMXmD
NAZwKfMtfWxQNnHXnR59C,VIDEO,v7gbnkrZXVfaiB76HNZl5
xCRbrmuVcdSOC-A8Maes4,VIDEO,MMOc5ra3TmOFkrTYZVBH4
kzdyki5jKww24iKh3Kb7x,VIDEO,p2uyxyI-9Yoh1v4Xr86XH
GsPUvJa-WaKKFsKFj8hZD,VIDEO,8NQ983h2_zNQKF6nw0s-a
87WoTKS-kZjtFK__PRyJ8,VIDEO,Vh9fxZuj3hbM6YjSntRtw
LtgrDAvIpfdnst6_KMO6B,VIDEO,jSocYCPzxB_7eRWELezH9
KHhA2WIoLrs6Sl6wuYp9U,VIDEO,NBYIB2lRkcZ7M26cbmWbJ
whcvL3zFpfHHepNom7X5G,VIDEO,FyxvUQFdf_ZDnZsMSaa4U
A7GzbmsfIrPY4s_9wvAF0,VIDEO,brMv_g4n6FAIY-qebk9um
Ewi-RNuXHIauiXWyAMLdH,VIDEO,l6QMYKi7RmSk3ETHbZytj
_5DRXYFTMXAESqdPf3rw_,VIDEO,LG_mvZiNvyduzo69KzGsR
2KM9mtczwhrRE8nx9rHr3,VIDEO,cw4cIBU2TGKl7yqWEA97b
E-yERlB5LRowI2X2CNLXa,VIDEO,63g771Dnn4dvhp8hIiFMs
4rrG8fUeN80lBL1N0PePs,VIDEO,GUBLorogJYC7SlpqzDjtg
uFGDr4BBgUzJ6bKcHH_WR,VIDEO,8KubGlGFqz4-7lFRfAEzH
qRfzaW-cpTCz3HEG7Bzdm,VIDEO,IMYQCgLOg_7zs2kseawoF
kz2sW8tqCJl2ZYI8IYe1D,VIDEO,Qd-SeQqH-6rTO8acAO1Lr
Ti07TpnrtLksTmjqYk9qM,VIDEO,wTkj_6LwRavDuO9IQiqMe
HVx2pLWOSdF4A-iVet5m-,VIDEO,Dh44F5tT2assxD77_Sq0v
NwcnidrNNPjo6UHoviius,VIDEO,2aWTDzf7jN2eHxs7IIfzz
6nkJlUbG0gn2F0CtK0UcO,VIDEO,TwP4xE_ofijebS6tEWkdz
O43vEqPI-qITOIE8_cDzf,VIDEO,e01oLRZ8G8HfYhnO24RBN
i3L13VNCNgHkaQn_ZF6cj,VIDEO,bEZMU73fgsyoVIMd61a69
MPkqRo8ACWXlReRv0rys9,VIDEO,r-MJk3l7TQtYOCChYWxNU
0hiHrsg9Aks9HFLF6iWLX,VIDEO,_T_rqTCP9YjSP_VAuHsMa
WOHaNvCOJBUx60LvvJgjk,VIDEO,68WzOgxel-iq4LtvgvdFi
FJdO8-W96Ub4vDypJbkMR,VIDEO,LBndbJ3jR5rQr36RPAM_u
VgJHMFx_ESdEEEC7hgF4j,VIDEO,rhaespzBZuVbyX-7ZYQms
3M4UtNL-15ElMcxdSIXax,VIDEO,1GU7HXmqk55JMZk4aTvcF
NzuG6USaXkjhBicIUSaKi,VIDEO,jK_U-QRoAmL-qeHqN4EgJ
5uwBw0R1gHOvRsFFECB1s,VIDEO,7lAlOSGiTr2bgO7Kqz3jy
VjghwSNRtP6E479XVU9pC,VIDEO,aSVVyu45z5nBDkD3ZutyM
YSsh14BaWjcR9uNTdrNMS,VIDEO,k4x3gkGr51GE29g-4XV27
0Fj5W8QNLUiMfh5J8R8Ei,VIDEO,HkYq7pJ6KIP-gVNiGUL_-
icI1vctI0EykPEqmA5k8Z,VIDEO,IjmxRl9hf2MCyu_cOaZAK
DpjVP6KRsEuIiywlqqe9Q,VIDEO,L2anw8XIh05IEPqOawk9i
PJl7VT2z3RkNF6GcJwo0S,VIDEO,Mb2UpI9jRpY7SIyArUrV3
WYUAsijbAqR6YDk0WcBYt,VIDEO,TVI38J1QEC2loJkYtc-zs
gLQrRjVywXiBvK0u_ejqw,VIDEO,DfFxIeW7orVLmrl7w4rLx
2iWTnOUYaOvKH4LZHEfIC,VIDEO,BKKdunxk4bC7BxQKYsCj8
GUfvlHDTqaC0FOQyIj5Y1,VIDEO,QP7AAr4AY6-9v9L5Q2tgH
CG69w08WufR6gXXigR-R5,VIDEO,rJbxDjiq77QE7VCeFzmbK
h1P_VOUNMFh2f-BWXZEIf,VIDEO,t3arC4s4PAgvlMq8B6Xe-
3TK8cIJ_g3XoCd5W0bJ5r,VIDEO,dNjczA2zyFJtdqAsyDiGN
FTuIuuWsrDckAQF7ZrS1R,VIDEO,lPZERx0IoIFd6gejBROrN
wuvq63yct8cAcGQ3dVDf6,VIDEO,xlR7YDe4E82bwtlh4cudG
djTDXBRIjzo1gScUTbfPH,VIDEO,p8iWueWqh9jl0RvKAnzaG
-FoZ9BdksNu5JdZ2FpMOs,VIDEO,sYxp_YK_vNewK63ulP6aJ
wsZFl5qfDxQ2Y5BU2Ep6d,VIDEO,8raLO-a-9ef3Xl-3Egpwc
H0vdTMDbOuQ9EFMRuMEUX,VIDEO,BLJy4QAQt0x-rodFrMdfN
CqvX11O_O4HzTY1qbDnB7,VIDEO,IDnoVaU47_OHDAyTsmIdb
acG-HXNJHI7xAKKzg6HSn,VIDEO,G-xHuoUMf-zkiBMWOVdUE
YtFkEHefcKyE7F_H8PatQ,VIDEO,JtGthkr5_6dvKBIGYUs9K
Cq18hRiPmDCZfAyurFf4C,VIDEO,cR05Ug3NoMAQTE90P-OcB
GwmrOJs2ddFhggfyZ0Mww,VIDEO,d4YUHeaTiAac1wQobE4ua
Ao6HvOPMVJj0Ig-o0zfiO,VIDEO,y82UNSJqy1UBa5fS4E3Gq
qz0mW4G3I_d7flAcXJFvi,VIDEO,B0jvikI144QHuss5YMgo0
Bbq8Ubh5imEjKjdpLC-fL,VIDEO,wFt_kjCXmMAgTk07VnvSc
NbR_1Kg6XvxsW5f6Zv9p9,VIDEO,Skw3NLskhLX3AbK3QBGgh
fvIcATWvwkhkC8oydPkbG,VIDEO,XKDJDh4yEqBmp-6qftyIZ
wyb-5du1_AkunxLN6fsad,VIDEO,TvnCZteIu2yRWg0PhY2jR
mEg7NoMbjE4QR_6rz8o5Y,VIDEO,rxe6ObHIzOwaXS_vDRZLc
e8XVY81uqJNt-MKUIW5xQ,VIDEO,G8h1iOEEV90UbAGz-tmjB
SpVoyGWPDxs30HZxpcIpN,VIDEO,q6kulsNSoIyMcdU-7EOFV
ofCQ6j3pZ-SJUoCSf_NSb,VIDEO,rj9CaXSbCJrJDcHMp3DKk
UuNZMIdsVlQm0I16t8s_L,VIDEO,VapVIne__FRNnW47rFRDe
wthjMpNzrlIC8-Dg9Q5LD,VIDEO,rV8RU_99PPJWK7d2xBhlp
jc4RwcZMz-76cpiAVh9mJ,VIDEO,j6oEDXfMigCMAQxMgvucn
kXlDJPvxtdUdNLI2wtSHk,VIDEO,G29-cK42fit9yLzEUZXpx
aLh6zqZanUPFhWDT4Tj9T,VIDEO,LJMhcmFs9_NI35N7D4Qyb
4Jt1_r3LWeoBz7wqShKEr,VIDEO,NifYe136mvyiJ8PTuE7hP
Fq2GE-XicaMS_AcF91ZBj,VIDEO,nJUCNzCme7IetDKQARDXD
knNZ4TN9vePNH56Y1Wfqx,VIDEO,kXK3-GJA1eF7U7e7GbG23
K_x27TvEjcZ7rdiAfoiO_,VIDEO,vNREnhDpoXVd9yq1i4CsF
_FVBmeIr5yv8xoH-ivfxe,VIDEO,WtZ3DtLDBkFfhYYCWcO_v
6WcyrIplTvv8skuPGh_9H,VIDEO,IMK235dhyZ99ZrvrXqFGM
4m40HUrWHZ2wu8dY03Gip,VIDEO,BhRrDCoeIJ_D-SXn1_G6Q
oTkSYKDOpaLzC2oX5W3CX,VIDEO,0jdbf2ro3ch3XyUXQsuUe
pUoGi8IVT8Hguquox-R4C,VIDEO,4qwSB0KAUy0RRLEmOL6s4
wpeZhGXlfPrDK7CNCOyff,VIDEO,XoL979GrhXJZ9zMn8o0oM
Q3DjwI-fIwRpH5eLeZN1_,VIDEO,d3_gAVzKFnMswmjqOpKxk
XGW3l3b5YzSgyJtGLNBcx,VIDEO,8a9J43dkRk6BSXp1_z44v
WgPsgC2nNl_u4L499VdzC,VIDEO,WpYQ0_lpKPj8PD_DGP3ke
zUuer0OTsiyB7adHHeyFm,VIDEO,Zvtc2zpMF47pLPJqNpxFn
Jsyvs7JlU2lxYf_6EWeo5,VIDEO,ikxEEPQTRk9DlYa1JsFZQ
eHMM_xruvQpz6p5WUk-fI,VIDEO,iHCfUwPUwSp9fo3JiiPs8
byizRBdcMS-yQYD-PKt0K,VIDEO,JZqBTwxIeae0SNl0gPM9i
6wmBl5glQ-ToM2ptD_ZFX,VIDEO,UT_MaWlOjv2VKfLaroOgq
MratJwBVGJXOpm5pfX8ee,VIDEO,cpaeVEWeQUcqT4RAV41bf
amFFLVlelPeVWcueK3cQS,VIDEO,uCkL_zgP8YVVkJA8BUt8j
qxmpkxb3aY0fwcwqCWZxX,VIDEO,izSrG4iGyfdPr9cTehMFE
vkXkV0jQPylEiT0LSKBeZ,VIDEO,sq8fUMt8xfFTxkr26Xbdj
V_V0V8AoPDMQx0rXwDNg5,VIDEO,skgG23JTuFRc60lcVYvZF
fSbSpbk6UMfUc65SGphuN,VIDEO,hy5ONUQYLiSEJ_M-wO7-K
4bImzLYY53fGtHaYGAy1f,VIDEO,TuA4F5_iCLmu6TSAUTgMg
B821E36cc6Ew-pJLfq4Cl,VIDEO,pJCYm6FNAqnz-WY-a9C7G
yJ6Nlq95IhKUSbTTQjjkp,VIDEO,uIm-NXb65sCVGatkBxUig
vaxE7TwbO74bcTeFWzyeK,VIDEO,Wiw9aaGJAQd_wHfuU11nf
Ii4-OM2HhqN5k26NIWvAc,VIDEO,b4sHJXkoYLFskM-4Czqqt
iV6_sBFiO6Oo_LsFy172T,VIDEO,-LCMTuta3ZyjemK-Onk8Q
-rMD4kUDyVRt4ZZzJn5Qp,VIDEO,gwD2tdyN-CiS6hfILGRL_
8MDcIRV2Blswb4rV9KR0C,VIDEO,DHdjZJAGYwNV4-YlhqpnV
Z_fjzMy53d_dICN3Vey-x,VIDEO,VIsW2oAmenZWXIBVtcJH0
TGW4CAAUSb73GLAtNYjSV,VIDEO,tQX-H4MRNtE6w-TOpVv1Y
jZcqWx7XRMN--q_GIZCUT,VIDEO,DOk4KbgHoNzhOn8i21wt5
B0YcMSK_WIiYIXtiFrZLT,VIDEO,_QOEe0Eri2aJKBCntT0B0
0XXqrtKxmJYflouNN43ID,VIDEO,o97PxMg8sNjrv2sW6TVUm
RyxFiMS55LKS6co_g3yoG,VIDEO,X_ad8lbqtv0JF2qD5IKBd
fr4N12fdtZuiKlqIe-E7h,VIDEO,l_JnZWfN621NFME5IrrAd
X0htoLBMWZbP0cNTbAfrq,VIDEO,moxKpW0OcSSBLAg0fQVLM
-JEuxdFl1lin0thpvn_no,VIDEO,R_vgG06hvYOMGJL46sBWA
FkenhMEZWzn-ovBoZtbIv,VIDEO,IlxCiir5HmOMe-b5nz2wX
8sZ88ktDIzqq__EMPLnoF,VIDEO,OGEHZJjf_DN60UtoKjqbQ
lKlLjkxSBqOrbzzihwaX1,VIDEO,2RTsXagHyyoUuoWIkTSF6
AqOfOQvGfrusUhF1z6Pu0,VIDEO,88bdx14c6lSuz6htLjn_K
1mWEDAViK7lwrmJGkR4Oz,VIDEO,Zv-ZL9UAK6-R5b2X6WHx5
2WWz_L4m3mZFuOwi3LBRY,VIDEO,C5C39GKpkficPHaCtFdwe
9n6jgimNU67eHdM6Mq8oC,VIDEO,H9cnGbzwKHmxPgd1V8gxJ
aua7sgUMaKsF6IWZPEwHD,VIDEO,FzZ3F9RPpV1jQ_hhMRsH_
tdEI52W2urPPT9dc0cPWs,VIDEO,wxWAvOp7RRlAGMStId9q8
GfgcclvIK0NoPuVyehWs8,VIDEO,r1pvfId3Po0OJaOOZjCCO
fNPlNIANscIRhrBOpVAwW,VIDEO,W3LgBApcQ5xF-Q5XL4VsK
YQLctVwW9nuky3UMTxH67,VIDEO,Lm0lX5gR3ZUJkjoQRWyql
gm8p3gvShCKFBSW0Uq6VB,VIDEO,Rkbj8bMsnmOA81ytLi57O
JyI_7mzH7o2DX-JXwf4vj,VIDEO,MHODA50DGvWT11nvIi1_b
mpANwGYElyWdTZ4nq4dpo,VIDEO,S9vQtGx_dMF4Y8SQ4OxpX
826jJf9P--9b5nriNBJKS,VIDEO,ZmLchEPmPLQkgP7_ALrsE
lmS_XhYSPpLc4-ESzyLVP,VIDEO,GdVHcG8liPkwn7bdeorhv
NRfPMwVMXNLXu_z8Ti6It,VIDEO,9M13SN-6pEUtO2f436pEn
yIfpiTPBGtPW4nO6-Hxgc,VIDEO,wCow7CVpi87vIjucS99X1
SLhMFiQTBLmz_6kVxKP4w,VIDEO,6lQgQgTBH6m5RbxPZ3Uhx
TRLDutQm11SiHC6HBHJEU,VIDEO,RLKX9WiX08faBIlyGufKd
TVeuSd6D3_MJEPKuyGMq-,VIDEO,8LXKkfyCxC93Ln8FN10sW
cjzwcLTv-g3IA-MEEbTxw,VIDEO,X7oKAVIWxOXh6NEFVBYLR
H60fmV7HaKuQ8n5BDTjdB,VIDEO,rEjARD4BKFnctmrnOOtTn
g5uriW8N8nHBVn7kOVcWX,VIDEO,W3-SOsYy8LKgEdypwAGwd
zbm0b_2Br2vTkd5fDSSxp,VIDEO,EwS_Duat-wKfK5JT1erp_
vveVFP0Zt--RnpWyLZbJl,VIDEO,ry4xvWb5PfKNum3WCVJb-
9O2NfqYp0YrAOpWoNMR1n,VIDEO,wiQC8QqdDZaC7Qt5Au8-_
OlxSa5WDwmnNEq0d2yxGm,VIDEO,ducYx4AQLaJgRHqTCt1a-
1w06y2Kx2Lp5Z7X6U_iEp,VIDEO,Z6nGmkEs6HI5is_UotdF8
EeH1vCkw2kyZbjbVEAcVx,VIDEO,_4MRH1VFRr0kJ5gv00ej5
0mBXrBQqjmA49s3UL93fw,VIDEO,AfbK2omm3tKPU8S-iwe4p
m8fHa1R436gwVdLsD8Fho,VIDEO,vURqvFwjeeeWIvQBu6ejB
gCNytAfy2NRxHInBRIEr2,VIDEO,4GXq-DGj6ysyoIau9Okp4
NncTrbSA3IKf2fRnHrgX5,VIDEO,MRpHEqxnA5zADOYOc5PTp
zdngZu8m-eW-RbAMjijTZ,VIDEO,7wZN_-SIuvTmiWUXGdNOE
Qa6QDPg-SRLIi8F8tsAPD,VIDEO,s_dXH3OYLyXDrfthTjkxk
HD9TRG89rSL9U2duA7tj4,VIDEO,UYaCpEtol8gfR2CIcTlfr
PylT8fXlkijpXBvmx5wsF,VIDEO,_yxIOD-TFzDlYKs7MJ-2Z
22_I8HU6IwzaigZ-AviJn,VIDEO,45CQzQtEnCT9W-XpjciG-
mnYSUMkMPs1QhxbWEqS_O,VIDEO,SussLBHLBATYh3iVgp5Pw
In9slUocng7gy1VqmDqin,VIDEO,x90IktDcg5CXt2bRWPoRB
4MWvNZ1B9T-Mnqc5barVW,VIDEO,5jeVM6EDgrmLGGtz8T76Q
ap0VG2emvX4zo6y7wQgXB,VIDEO,ptrWJe5W1kYJkvUaGQjLC
rmPPXM0cGsh_5XKfe7G6Q,VIDEO,mBrmoqEU01Ke879kvo687
CjM0FX6-JlZp8ulDRPCyk,VIDEO,XSLmGfAVoILIlJmeTD2xz
3Daz4mtkdpvb4VTK6yEZc,VIDEO,CQEtV5dQI197tVgsnEGv8
Zdv-cARgt1s9CzzZ4Dzwe,VIDEO,gnPGwgFr6-iWjncYnmO2Q
MqqNlFste1CH7Sv5pgKk4,VIDEO,1C_4SSN2-4vSB7zWl6ejM
h1asl5-dM3bbI7OhZ8dWW,VIDEO,C2EaA16ZpNPtoiS9eu-r_
pIuDHUGYkqtbnNgxdp3j8,VIDEO,Zd4XmH9vnpuXmYK_mlS3e
tk5qbUpp825mVg_rSIowz,VIDEO,7e4aAsWW0v8va9WuylaRB
1MBDQMtiArz8h09-tQHIM,VIDEO,cuItlYYsR5Kgowt0zRysF
QKWAfxphksut_BKBRzq_Y,VIDEO,IlAAhBOBe65R3zjJIYHxK
17krz8sCEJ7v5sw38Ge_Y,VIDEO,4ACM6PLivjuGwODppePMO
592_xXI4nb5V0v48cQWXg,VIDEO,YSDs2hrPxt3mte7MjJiZm
q4JHp2ddw8FVfhY9aLf5X,VIDEO,MFGwj1AIQF7vhG9JyyiC6
2JVLEAQs1B6h-fh4kc7Al,VIDEO,0hRPla5B9diesjGv5UuCe
Riwucyvn6MTuxgSVKY4DW,VIDEO,E2aHRTC5Z1U9SQfk9juXv
z-moscCOFMu_ObBMSnn9z,VIDEO,TIKsNNqrdIaQ0GUNDcFiN
pczXUN1GtA6g1vLPCQ2mt,VIDEO,wrtgMqVF8RkEfRU2djv7r
dHTB_VB4TEAfDlXtcQ-o2,VIDEO,IEAOrFP3DhVNQMn0TBJVM
B5sv29SZ5tISYyPjyPsi9,VIDEO,QXZq2QcO6Do0T3iLke0jI
ZwSKlTm0bTzu-z18prVvP,VIDEO,S1ZbvknkKvxBqgTOsLdH4
gT1WwDB5vvlqA3t3gJg-A,VIDEO,_V-B_-r4YyCNxAQrzFaxI
3Kk4eLbKAaFz1YryEPKJ7,VIDEO,KKooCAwDL6T5NlZfVyIxI
LH1QAHJD7rERTevWUYea1,VIDEO,kDmdjrd1A_OZxPoTAW-o4
uhrgoqywqz2OxKopavxRx,VIDEO,EQDYb1U55Nerav3MbT3ii
kO0kfvYHE6OQo2Z5Lo9q2,VIDEO,bW9jCh3qa5Dk7IKtKhkY9
_zAgudQ6TkvXTTXezaGSb,VIDEO,-2uMBwg8GN5UJ6AwMiJaS
O9JaVYHK_JfK2dNILghkL,VIDEO,OZVBYlVhk0dtJEujKfxW0
mciwQBJ72ZYUr1OIk8FFr,VIDEO,-aiAyo3EWlEDbeTVbrdgQ
skOMZrmJ_v4AtLrZMqxJD,VIDEO,ZJV2Hskaupi6CAIbcVxG-
mDsfzgcKOA9aY2ACpdtz9,VIDEO,rgx5u7Nm_DLapap8KpCh2
nIZqqJ8m_IwiwR-g1FQZo,VIDEO,nsRkU-Di0_PK_8_si9duu
mwfO5Idvm25nPL5je4A7C,VIDEO,yQ52iJbMd8aqk0OiNEh3J
b7GVxZra3QHNzgw2JP-le,VIDEO,Kh2NjJt7D5yjNPplhKFMU
mD_JRITODx0-8fC5Km8LR,VIDEO,FOLvwhlMn0NJMZaplfeUi
TzLCa17vSFJClOKnPC3r_,VIDEO,qB38IDie5O46v5-7K9y7u
Fx8LmKJ4zyal3GLwSrK5_,VIDEO,sTa5cwkUftt9Up_UgbC2g
mvXSnqFkGwRmATPd9cNzD,VIDEO,Pb3gwl29LZYpjk4AjeB-k
jSQkJ8QssYJlj0yuj3LYZ,VIDEO,BOyScbG0EvQuWYt8UQoGC
0IGzIAKQJRYkBoOVeGwBq,VIDEO,hEon5baFMLLkTZPrRRwqs
Qe-M5cGkUmknRf9nfUrLv,VIDEO,WKwKUgC6bP1lgUjwIdadR
Ea7UvLwDsrd7HZAc_MJ5E,VIDEO,7ESWH5csUCOlTyfET-xjT
Kj_QWQHLVtQaDcoosiRNA,VIDEO,yugRpKoroPU2Ds0eHaFC0
VnGSsy6PYDI4jU5-LtrKK,VIDEO,fYkEVRoeEnHV9iqhSXGPe
bcrFzrsq20Kvx2hKN80ik,VIDEO,HbdDUE1bjDMhEXFiLU1c_
JQ2SmOSQ_UrOBHrRLAZR8,VIDEO,ykSl0zJZBp8olmVURtU_c
za6rEbereRfH16eqSQ46D,VIDEO,7hmToCEAU7VDUmXplbbgJ
SXnsn57Y6VgAm8Ifk4rLt,VIDEO,P1HdpzhAxiZtIatez6Ugx
X3jpTBYiuu0ko7JsNIaq3,VIDEO,X_EzZHfHRn3uEEsym6wEY
7H4KW5BxrQvoIjE6Y8Aet,VIDEO,QoJ3LzNDjxiBtYMvk4zTa
CG2CKyidhFlSStKEtZdI3,VIDEO,su5oAcK-fdXDr6Sz-5CsD
_wfoMG11RC0yer9UHNrdF,VIDEO,E70hObH2jYWViYNBnjG7V
-XcTDL9v64tnRa-S5Pgl4,VIDEO,fkfUn76Ux3iLyUZ9d0tXD
GMO_VsL6THWvBSNT3tFU6,VIDEO,1s4H1DVkt5ajWy4wDtWr_
WsHWtE6zCjVZtIL3mQtgs,VIDEO,lcfnhDX8myBCtrJt59wOG
m6qgV13Wd6-35OeOwfeKE,VIDEO,2jdErEYq0uakfesGdEWrF
WmOIzGVb7w5CVVmmqDMlY,VIDEO,5A3kCvb4vzYF_dnRAVc4m
NAavc5vGWtmCx9Nm7Mzed,VIDEO,IbGU7oDtU1G918CgNPoty
j69qf7W_stpM31qhb-Evu,VIDEO,gQSfaU0aONbRu11P3mBo-
xPdchWDn7WxwZmEi63UBJ,VIDEO,xu5_NyEy92ukewVC3LWit
_GRMBzBHNo_hkP2ZrjnAm,VIDEO,YJrPdXumKawDm2x0IRug9
qWrO0PfiyjTxX7YMaref1,VIDEO,YkoiBtOTe2UmouIdB8twI
NuwqjkhrKFx_VYQpuHVir,VIDEO,eX6ktxlAqst09ON122BZ4
27X78418_q0ByznVVWZSn,VIDEO,D24qrL3Fh_M9ITsI2UQ-b
pHxH4NxHH6jk6xSCslaXg,VIDEO,f4AZKVSdlb8DX0e8PFzOS
fKUKgVcucXQANh_GiEuT0,VIDEO,MSgl3I-jr8o-_jsnSI7Ff
n5CEG7iGfWAxJUWbp5nv7,VIDEO,q1x0rCRmdsT1g0_xxIA9E
WQA7KnYgMr4lRABDm16At,VIDEO,AO-8S5xrOn1FqdPWWqN7h
HrL1t0OFVoqGrdDe_0O8B,VIDEO,pyAE6BHo3Yn9cVdX5fTxL
pL4bk0GpqOvYNMNkBBOVf,VIDEO,mS2Zw_WXmCrNPydxWESAy
0gSvG1JQjKub2hcSgOZE1,VIDEO,LMR12CcgWKgS7vGMUBsmt
K-MetI73cxeo0OlqomRuv,VIDEO,O6yttHApdv0T6Au-m9CU8
tBTw2C_jEjDujLGpqfANg,VIDEO,o1WxhJXhahW5UPR2TGGTl
FbYgb2fxlfQBGjqO2nQxt,VIDEO,ITZtQHhfzST6GLAG3iJkC
3yIGuEsmeeXvA7K7bseE9,VIDEO,DG3dbJGz7VXbZoZisHsLV
tD8QbgPDuMnkkihtk95q3,VIDEO,ZPHHSZWR82hELNc644sb1
2_mbuClU9i5i9KZLOrU1R,VIDEO,UqgkodtUn7a-7FoAeLIHr
WKUoQlmIk6ZtgCmW5LeXp,VIDEO,QZVHJ01GZUSO85OuNkv9t
w-cHRCG9lnnqIH05hcY_i,VIDEO,iMXxkC5H0idZE5JOuFraP
1dM6xyJ5ZfcviMdn6JFAz,VIDEO,GmuKWP_sw2coiT0XAUC4K
28u9lNOo2uw0aDpX5pLN7,VIDEO,7qJYWJvflSnA5pYKajtmy
hiYIBzvamUKbECvH6f5dH,VIDEO,RJTnddYqMQGiZUCBt_oMI
XcFCZSv4hPIBDvwuqZ97B,VIDEO,AL7DHxAq1ZE8odQcc__5b
V2o0tsU-yFGryFWOsC7Ya,VIDEO,ikUo1hJ3TXBTAHIoGWSgr
aIA9AkkqchROwLxr4mbGH,VIDEO,fqfQ03Pfl6VYePT46gAEq
kY7RvuwzDpSlrKJwwHBZC,VIDEO,DRDPcvj2gXAUGBatNxZZa
BljI5ns0vzCbjAnwCHyz6,VIDEO,QuzgqbWXkTOlnYpdbyoAF
iQHctkenwDHfeKDKUnv57,VIDEO,ua7bWoQPm-RuT93rVodOY
EDr5FQPNQ23nw3y2KZu2R,VIDEO,l0Oqb-cw_UgfzVYkIXyA1
E-Ae0BeoQsR3Yz2LFEzeO,VIDEO,fss3eLvrSVh7EpeSDSWWd
a09V8squQOm5Vdt4HQNdN,VIDEO,4NiPT5B8l8kdctQUzgg7u
O6s-gMobQ7EtQe7VoCsKt,VIDEO,Zk4AdsJleYzADZZnwCwZi
DZvNKjT9hi3YFjbOv0Zh4,VIDEO,SpHCuHn99W_1SyyW5sPso
WFqplpX3LZ9M3XVuAVIWP,VIDEO,4fI-Iq9WgljvixHvD9URo
Ni1_9KRAp1mG6GZ34VWez,VIDEO,0eClsqY3XV26H_OJsaTHb
a1CMFvr7SMBIjXqvAmRY8,VIDEO,fngeGdtdxWRc99glmNYqi
TxjgmqVMzkksOQiTpplWC,VIDEO,OJLK9wf3z9sW81c1h6FmY
XDhAHA3W2IVPnUjl1lreu,VIDEO,mDeox-l78UevRHGZYQkBI
0aTAHn_adiuBjc6PjwDeS,VIDEO,2izZ1P5N0sYSO4VVDPF2W
KXspqMMU78VS1GddV24Nq,VIDEO,e5r8R9WC59gxWXn6PfAo1
QCOsoo-4oYO8EZxNpGVkF,VIDEO,i-H78-RNqCIY3Ip4SEcKC
WH7Tf-gLDfU77Xlviv5oR,VIDEO,5wNa6OHFX-acvgvaosk6d
hmStKKLYcVM8_tI9uMD4X,VIDEO,I2ejUT2lAOSUSLhBsYp-t
eOtykvLq0w-cL4rA6DAHv,VIDEO,iTlgujUIbyAfoT3nsva74
bYjLVf7r39TbAgfBThO5S,VIDEO,4pe4Wf-X_FTaoOzECn7xF
UN1GTVMYOegCgyhEpX6VH,VIDEO,9xDMR0K-BAfiQzYgHlEG6
qdqdz6Xb7VJuQJZ2JbxhN,VIDEO,KbrMq0VStWaExKiCHbLUP
H2NUQWDo9S7UVLptDHJw7,VIDEO,F2HhfJpG6_mDRQfvzLXQe
xdEpPUlITaFZ4SasgZrZ5,VIDEO,dAaFG3qtkTPoE59hFB02W
0RjkTTR5nA-2ipe-kZYUx,VIDEO,7szerd4NUSkOomn4igOww
9XrCPx3F2_8R7tIbmXeqQ,VIDEO,yN4xYoVOqYMEYu5IgDbMM
wbC7QeEWPtFRLD8GnUxKD,VIDEO,B7C2otpiodSzkOrMYgKQ6
g2v50dW33V8vOY2coUxld,VIDEO,Uy4zQ6MQewK7PgKPO8oH6
_TASn4E8cBU9EKhHU95ZK,VIDEO,448bfwsNaLYzT8XTg_pP2
PN5eZ5vlLZPp51dqP-zI0,VIDEO,nkcyJxM05vNSkgItLNSwx
vRbnCX4DX7lhLLwUtUMJn,VIDEO,fVJxTUb94MrDB1rB8VPb5
yRdMHq-I0CojoGnu1PxqY,VIDEO,h66JrKpT7hJ8kZk7SPJ5Q
ocTP07LJzXEfeO8QgC7JZ,VIDEO,KUHMmSRrTzSWP2J6Urw8O
gzyj04XvmmZQnD9AeOSxX,VIDEO,H-_0Yx9jmyWm-53Z2IiWc
zALd9wHWuRwTkkQV4AGFw,VIDEO,bKAXGcqFHFRvpOYKl8kcE
W_mpqbUlcBf74fp0tyM0Y,VIDEO,F-YGNFAM2yJ43UlPWkCTL
IVJVWuTNZgh53AZYHlYYN,VIDEO,dNHOtaiYKgiYo7W1uO-gK
LUWnW8FVkvyK3uLOqsPlI,VIDEO,E1lOwPmDFpNFewBjtWnru
7JUEmp_8LZIZmvrM-jOqR,VIDEO,qq66mQ-BwZs_DX_-Nwyjz
O24dgT-q2aj00y2YvqU9y,VIDEO,wAtG7y_pCbsq58JavMAvU
5iRb9AHDtqqpLommwdmA7,VIDEO,ri2RvNzn2J9KCbK3CHoib
t2Ar4zgRwS2GKMCYW8KXU,VIDEO,CnK4bFK7p_Hb8sR0YaGs8
nPn_ujT-7sJSuoGMNOj7K,VIDEO,tmtYdZ9hVmWhGeSK3Hxyi
AL1f1YUogUjQ07yqdMNbr,VIDEO,_zYp_VZYHcFAOLNRoHlPr
meXgC1Nouix2wFF-Shb22,VIDEO,J8kpUEW55xTzI0F36UTLe
avoF-VK0Kupcz34C7GYRh,VIDEO,uOTx70cVTg6udGI6TU_RP
durXOw-1cU0vUrlClBugI,VIDEO,mh45K_ccnXXlApnP4S19_
lcsQ8xAJSgv6lckVfctto,VIDEO,Hk18A7KkT_gPiTiTWX0fc
Ci-yglggO7M_eTqiloDfL,VIDEO,zzLeCs6lPfqXzmoTAmVnp
cJZ4zRGTqG2JbMkobIjy4,VIDEO,uRdYOU0meHK_8k-6tE6eD
DylnELmhQB6M5P1t9-qXb,VIDEO,Za2uX1pVHF-8NXoJSiH-u
AvBsnmMz9pojoU8ODI6r_,VIDEO,RVbKS4favNebUUeZrXT1M
GyghdsPHEnUIQ72QZACT9,VIDEO,IosbJ4Q0uTEXKSvn20nZw
70DgiwQSPvUnn46vE-iFz,VIDEO,6mMRhYj8BR5naWvn_BRjU
5l79L0icZGmcM6ffBQNo8,VIDEO,gqV6AF1-ec4_YU-FcvPYs
jm38dU5cqI4bWF1yRiR8p,VIDEO,6QPK8RcsMr3MrbayKc_5Z
jm23bPQezyj5BdUcXmQFN,VIDEO,g6plw3-l3m6s9LBs6OnKd
AIebBz7FuAjEMDd2kgnI8,VIDEO,wc-ZDrP5cLDCffdfK7lBT
oHF-HeSnyDLBoezvcHNKx,VIDEO,X9TILiRCV49lKdnflUi3n
wzxzDoKyxDT8-v-qXEkQf,VIDEO,w1QtJDa_gd4-rdgsAu63x
gwqBOLdgSWIeZAZ4R8Wu6,VIDEO,tAcgusk7Bprw7Jk8eKclN
e1L34jzBfuxn-eDTIRPWS,VIDEO,DoKlZoEs-S9Hqw7ptcb1d
zx-UBhkLCmek2w4cdFGc3,VIDEO,GPAjngpW6dcvZagq5mhBx
peEC5ohlmr0BHcs6RMfSl,VIDEO,2Zlk_O1Kggav8a59SY0aQ
LUkT_Onz7VB2epV5EAnvR,VIDEO,wERa-olzS-AhqITYzr-g4
I52eeIIMYlj_pzU2n1sPv,VIDEO,Icn5poFgdPtTtPXI-6YkY
HieuC99U8Y_IV1wZjIvLk,VIDEO,ka1mBk7cZ6v_7QIbMCWjo
0VEm0-f1YsE9Aqa6A7MVB,VIDEO,7hY9UQ0cH_oGLuHo5xMLL
r2DMfPhcacBXH-iEDbmul,VIDEO,m8nVLo9wKgxMJc5oFWhxC
K54EAmsPtAOXUZCgFT0Hg,VIDEO,O3vPCeSks2XEBsQb9Boj5
eIxS9tua2RNuLbUiIqjs2,VIDEO,R-G7LvmQLQskmnbdyvHUX
Wce8F1jEr0y1diPbgklgo,VIDEO,z90VtD0WgW7rRojnaaGqQ
6vivowNgkZcm7nTVtAZBL,VIDEO,VLBAyi3VWv4xBtP1LmEPu
pbbMS0dOGucchNbWfh5_d,VIDEO,c2H6tWzsC_XubiJ1ZWn6C
koOWED-9WbWeq6jfOeEO-,VIDEO,a8Hs4OnbbXD879c6lDc35
s5LR9f_iqtif4VKz7PvX3,VIDEO,W07IKZO_Z3R_-L0BrStB9
B8H3dD1ML1DFKOhxrbDir,VIDEO,v_KQgxCoQ7-ucxzPuRr77
bPCetFExajQAndq9emyIf,VIDEO,ymvFkPNwfEHGumqCsZBdB
P7A_UA9nQdQUJBLTE6xo8,VIDEO,kKXxVSE22oPtIpgfYO9tr
v0itxyQpOHyG4v3xC2gZa,VIDEO,_4NKALqRZA7oCIpLg0Dpt
5uAskHKg2e4dom2Mi_dXe,VIDEO,loZ5Yc7lrbhxOnyYakAGt
7KxtMSBIoVaF4mLrWqR8n,VIDEO,hJ45wp8_7-4OU2EXnnd7e
iVg8NZDIp-o5lSX7mbnRY,VIDEO,XBU9EWB0LIDSc7jhgAk9Z
NP5DjnRM4Sa8BiSYSFlRC,VIDEO,qL7muYPoJLQs71Jd4HiyD
_D9jD68mWuKYDzqT1mdB0,VIDEO,GPc95EBOLHBSVobMV9F_t
04egL1CyLXR8lTr1JFxAE,VIDEO,wBNIZeKsmqi5Lnz_4B0NC
yWTxkj9sU4XO7z7xgpWjj,VIDEO,s4N5QOO2TC2eeduWLrPUe
Rl0pm3iJ6br75SBFSPLCo,VIDEO,kyqMP3N1ZjedqRxKtbP2p
0NzmPTKcDHn31clK9E1ry,VIDEO,PuEn8qYR7gQ65FIG8NCEG
ebrTfWG45BtPVusNgUkrw,VIDEO,oTwcdSMEUTNI9ZenmcikK
qaeY1IbyUF8QA9xFUCVEO,VIDEO,9IAV7Aeiftxt71MskcS9_
DuZOtUnqr-hA_Zqld8ffh,VIDEO,t010rC03RqRB12ekNlfMi
W6zcFQR_kLo6ORXkO3_Jy,VIDEO,_Tr4PCTyAOvRW_2o1Pvlb
M3nQUdDVzC0euaghbfC80,VIDEO,BVt8guY34-4CgXiWrbNT_
GFI5rJVNqEU1egHEWbhsB,VIDEO,cBNg_CUH-Y1NUHHLyoOv6
I4uPPqj7bxhFxSeYiSllW,VIDEO,JufZaDyta_EmJoaitMuhG
gKieWR_GYqnEUqDJzFjYR,VIDEO,V609n2Jl0tihCM9TLXbCC
wo5UHwsJXIxAnZZh8w5SN,VIDEO,_PWqTwPXZgGxCvlKA8yjQ
-hkJ0Q-pPlTXdz8Nup3vD,VIDEO,3b8STMbXzuQJNoyfmR3yo
8WqeQM8U20Gf7k3YHR2o4,VIDEO,nNSgcc_GIbGvxxgM7T1r4
9SWmhbZs8bqU2KIHP_dg_,VIDEO,IIwKg-2DxeVFaGiq8HBM5
xRQu9k0Z3bcnJsBCilVvG,VIDEO,ZYD3R1nNaDocfFG_6c_NW
SenOa6CFGFbbcJA7ZoVW4,VIDEO,NsC2hMJ9iwnsll_9XoqfZ
qo8vGFBWU8LX-Q4ulGOcu,VIDEO,f7OWRM5W6v3fFYcpQFqjv
9ac4IBLfA2aA4lj10Yumf,VIDEO,UhfHRah-mvOmj1g2d6jz6
0cVgXfRCy965xnkj1z_fr,VIDEO,HnXvgX-Bok0k-63gYlBEJ
_kvJlKysIeWSJ22uTbIEH,VIDEO,FFV41x1gMph1ir-OX062I
syz6Eq8XwcsQbJTF2jpiq,VIDEO,SsRlJaD65zaHLDUus7mxf
TzCd6qylBgbLupugpKPau,VIDEO,pkP44LEolOYDSV_RyAK3o
EfIVPhlF1ixbG82qqzvwI,VIDEO,hAJovMMEOIUk8DctmtwC-
u4Ko47st1cSvGkFuNabKP,VIDEO,5Y0D2Et_o4xcLrELLDw-Q
BjydropkJuGNDWrO-gyPu,VIDEO,e8gW8Bdr-EeprYLcUVY-G
TkTs__tMjj1rIK_U01syj,VIDEO,uzIi6bvv_SDKM6YsM0c4n
rhKn4XzB-uEwA1vgGQ5a6,VIDEO,kfwH_F2pJiLe7cS_u1EI-
-mB7XJ_VYukOupNGD3fhp,VIDEO,T_Mb8A8EdMq5Jy-nNrlLd
uUsqkPG0z3tYMdDi7uGb7,VIDEO,o6ep764ipMDIWKjsPA4Vi
RnUVM2h_OlfBxhC3LcVcw,VIDEO,9adxRhTlMp48Hu5u3gJdA
y7lsRApxk4-B9HsZ4jKOw,VIDEO,ufAqkGIdoGUw8OPa9nW-c
yyJYrr6J9PHcOvTDJMKRJ,VIDEO,waF3QbxTV0zzqzvye4X8k
jmSNqNjfJkgavrzpw9d1X,VIDEO,ZQ_8xCrBbzhf8UqrVu2DN
0sHJlTdC7D9w_q9o2DeEz,VIDEO,_0z5x5vTO8ILLjfsoyinB
H207mR5aI9wfRAvOlZmA_,VIDEO,VwoyZviNFEW1YO41Zd_FA
5Sv96Q1k9Nkr7HeI9HJG4,VIDEO,SuR8t0UE-UvGJH9uLPGyW
acXjRbtUuRb-1I8uWv5yr,VIDEO,86WIIf1R_PPWnlIyVXCdQ
OVftpoay59_QBD3pTZabd,VIDEO,Hox1O72d2nmWxBGBc2L4O
e8sR-IE3lSfmiynPIIqXZ,VIDEO,2Lzr4NMmIKRW1MxX8rR2P
6Y1P-buB3SCESCkzL6-v9,VIDEO,mJdQE96X8tc1UXVzQf6_k
9cV7lSZIFQCBSBUU5B73L,VIDEO,wCI20I2YCGAqTVOaMYRRY
c5nNWgHWxlNFMG_JQsjPJ,VIDEO,G-LYiIt5Q4eXC1irzCuLM
I0LCwt4upnGoNBVpCwpO3,VIDEO,2QvVL8aZb2i2iHUsdMX2Y
ku7H1xHHU3_4jbu1pXwdo,VIDEO,PlHXF7E55CFASGonleUoz
HZGt02aK9G6lp9w9Cxe0C,VIDEO,hLA7Z68-hxVf_0rgpwNww
SbXAqmbqY6u4Q123-jYoQ,VIDEO,sf-FyQl93w04KO9oqXPVy
l-U6nEhxtaGH3H9FE8Myr,VIDEO,G77eiZahHiG2TyF1pHdoN
fckVSvoqugTWgG91cIqLm,VIDEO,vgQ3hK2GATb7b1dXb0qXI
d8SDILbNnmbav0E9cxZbA,VIDEO,PzhKLzoD9d4zFTGGX-5ik
7hic-ochFLseS7IWQ1R0k,VIDEO,ed4v2PUhaGOGxHPvyvlly
JB4VdjLeeaikpByruI0VK,VIDEO,LpNljbem465kEbcswX862
f3UCu-r0CR4EIat4cmhEF,VIDEO,T3kqzXU_DnnBd9YLusvIi
ydGz42jAGs9UDjXcjpSRY,VIDEO,Kf4oCIhO4I300FW-pw5CH
PXPPkosJNbpoO7hK3CD3-,VIDEO,SS2sb4v7HnTD6C4W2KJK7
Nefb8Ohu8Q4qMLhfPQpsR,VIDEO,D9MkJ8eyJcX7QjHczYcfT
KAhDr1u16eavRjVSqrsru,VIDEO,tU5Y7EpBfByxq8U1ZyqNy
qd51RHl5i0PoQlYY13DWM,VIDEO,SzekxAKU1dEdjXibRgXiP
jJagogtoV0ZjxFE9jn9JL,VIDEO,f8R4_BSWt15EdZl-3Hmp-
kbB2OHjjXm6xY23tMkXDE,VIDEO,ZTqkU4HMv2qIw-STyiEvw
W3ifYpfjJDErUwuWtxm8-,VIDEO,PqkpS_XXm2xVAZhei0xz6
7yIomWM5khHwCgc4TvksW,VIDEO,StehmR9BV1jNhCSCW6jWc
_J_7p-nWbP2zwRGN-Lo9V,VIDEO,idM96KyaB1hIAhz4xZRHD
PRLqVXRNGH0T8USj11o_C,VIDEO,RoKs-2rkeP80may7bywds
m3uBL8F0ljRy7dMUBYwUu,VIDEO,nm8d-lG8FJcA11P6QyZu4
9UuTPYH2U4f0okIyyUA4c,VIDEO,MGP4dj_hqQIxveSynRKtr
5zxPA1NKcipxR7CyYTvy0,VIDEO,5u2muJvmN6k6oqtfZi6Wc
e40h5TvHqmssGi1wMwgkI,VIDEO,7H9Zsy3G1X0hF3aL7RiTr
5UAUjJA4Bj4RK0wq7DEn-,VIDEO,oQZT4p74Ofd_hKmRa8nJs
jKxEF4NKCO3j9NXIHgUcm,VIDEO,MvOfckwz1fT_lzzuqNjND
rCoA98Zx-3BTofWLVZ1AV,VIDEO,gQu6o23D8bfbA32wOUZGH
t9eFTeXzj8lYLmAn7oWtY,VIDEO,wAkV-ZSHLFM6jiHQUX2ua
v2XX6aldpSjOlihO6o_ZB,VIDEO,TRJ1EJfH4k4YVBhoDyX6N
11ECFHYMKH0LWcpiwV39f,VIDEO,nFjOYyKmHqR4AkEj6_RId
WTqifJE7s7HVNjdsuoFWA,VIDEO,roMsx_qC0noF5AVcm7PdB
clFTI0rOgZupR6GsFzEAp,VIDEO,tQS9hkBI8VZvXaz3VxUaj
v3UHNlILjR4_ogRONOMl0,VIDEO,zKLhCDveLI9v-n6g08Qkv
Rs9tyjdVZgnHKGYzmwnWL,VIDEO,6K875h8Xn_0HHLegZYo3w
MVBJ2NwNVQRgYGsdftBlf,VIDEO,FBdFjKRSRA3_KCiJAbNFM
QxhnxnkO2i_URvvn51k5R,VIDEO,HVqGHhHxh96TcRllN_W0x
1bXDq5KbeZ1wvlA_c1pAL,VIDEO,DXjWy0_BgzZHv_gfbdQY1
o69lb2WlS-IJi0T40PpnU,VIDEO,hlKVBYslt2NQBMb4hl9gw
jHFYCPCPEbJu9ybtBWo5Z,VIDEO,jKPm6_F3NO_8NwjsYseBi
LbFc_euZS3Rp0azC0XyCK,VIDEO,2GIadDj2CNr7p60fnIoMx
XZyATom48l6tdHYL10Z_x,VIDEO,ShWuFqsq0sd9Csiz6EnW4
yJGu0cmrmviWVR3EL8u4O,VIDEO,CDxgdFBnet2AcwXAOsApM
dJA236qBh3gOKD-HxTsBO,VIDEO,PdWLoe-uMYOTMCzo3de09
xuZTDnAkp45QuMLUVcfY6,VIDEO,W6yge_IxCzTx_ZYIaDq6M
8LQRxfKy-bOTDeSEIjEBt,VIDEO,tR8hXLYIEODnCbWC9rMCg
_cY8YSud9CFp0IvpOirvC,VIDEO,wAO-oFLiS-Lilagd-xGnD
fP1GjkNJXTUm460j679B-,VIDEO,COan-jyNeoMIZ6aHmUJqM
TncZgcldnkfLtYlZ0dmPy,VIDEO,N7e8loq3TEUK8qpgqk5L3
LbXZX3u0spvUKyPl6OpJA,VIDEO,Ptb7WHIeyvK9KuLxzAESf
DMvM6vB1947ID0bYw9Zb3,VIDEO,KE7s0Zv5HeDyTXqVIqvm2
IF2mHRQEFSkkIOBkVjDZG,VIDEO,fHNUdX0mgnTL0jznmk7B5
Up4wzFy4R6YLjzoWdZwhL,VIDEO,nPbBSjvoYeukXCtMZ42Mo
FYzp8Aj0A1nBmdKY_DTal,VIDEO,4eyCSCmQyWWMB9NOgoYO_
68HOiItSvOJ0JLCj-B4g-,VIDEO,ILmtKcdWa5ybspCp4ZlwU
D9CNC28OvdVPhAwQocNao,VIDEO,802xLtTk_wmzRWCu8tuSD
J-UZ-5P4kczMFWwjyQx7I,VIDEO,ajN7r3PXnLGCqriOksqv3
RiKa-mOBIyKYGzXjvETJc,VIDEO,VNTZghEjrNzzkGMWrmOs2
8T6U1Y4lt69eioDUmU-bx,VIDEO,QrC927-wgHxjYisIByQ8Z
4fqBPjqkYHnry958sSdQv,VIDEO,bvC2F7A0JQpcDKtdSDYKX
6sCe5Vdt-fU8pMjVymGPB,VIDEO,zCRAp7UFP7BUHS8HCCUqt
ZZHJZLhIPSjLBWR3z1pOK,VIDEO,Qu5oL0MNvKZ1Z6E8736Tr
8e0YeZz3VgGBnLx0E3GNL,VIDEO,l-71trnWVg1c1NrYXclpc
fBskoaPug3g7FIQnJTPGk,VIDEO,-7f0C0GxvA1pZQawHPzen
ZqX5ujnj8PmEkdQHZvDij,VIDEO,nxpB5uJDtz6bZKOiwomBe
GWGJFLQVhtj1ML5YNLsAg,VIDEO,ivD63tlXNJwuhgMlceP0V
cPhUouUn4wH1mR2Ct1j7A,VIDEO,nj7nYqAs-RMqPAV_0isMZ
sthZ-Wn8bh1PnzVOY09qf,VIDEO,f0mg7YA7QTsRMqo4j8w0l
4OL50Xyv7ARo-5zUVGPNs,VIDEO,zMwy3fwUqNdjjIhIermKV
hQYbwqMq2m40ofQHHy0EM,VIDEO,hX5Z-lnWNa0ZSlTWrYDzf
kpHCRT7xAIFMSpKf2RO2N,VIDEO,kBxPEXC8vEr5DbYpHL8if
j9rHiZy9tPHzVCfemphC6,VIDEO,Cy-fsTehR4kdf3Y4p5sVp
-vgRYvmx6WlFX0221MTjR,VIDEO,pEq347rPOzngOP323szqe
9EeJYfPyVefBSPedLEW2q,VIDEO,L1_PRw4P3U1g0Q0S3Or9V
mzahSofgpElQC4i22sY61,VIDEO,InLMMfPU1fCpDxM8F5vMk
b1JpfFvOZhrfZJztfbPNp,VIDEO,Tfh9pxjDvGbBPDFLjq99Q
3gwd7pXil6EKGRqWC6Eos,VIDEO,ftXk_QE4CxlFwsQllzPE8
nb6HUqw_lfQrnuVILa5kK,VIDEO,tsiGwRiCxcdqes5LQYLr3
AXZJE7tsk1dGiLS1Qe8ip,VIDEO,D-HPN7xafSMWZjyUg-emD
k3scUldfuK3fZ1Xk6YpEp,VIDEO,rroHEzjoY5MNiPSms9OH7
MQ0VWbSyB_SazQErRc38t,VIDEO,n-wBh5Uk-684_ygYZ8Npt
whxQjhs-l75CqjTfxvHs1,VIDEO,YL9ilpNmC2X2xSHE18pxr
r-Poi8ALuyhYHRrOnKh5m,VIDEO,Y9JnH_w1_6MIKnTL4uzG4
bKo-rICovccFq_KpUXcCt,VIDEO,p1uRw34mwv1Wb7FEaPZb_
cSmmmBQxwI7Dt4melLBV9,VIDEO,_d81jGc1lkDKhQa0n-nyL
CkgCvhGZVSXd3ae7zjJxA,VIDEO,o3axIA5ZezPvOMMcdpbtr
TeKtnL1DoZKvq7-yNic4C,VIDEO,FO7O1BfGLtNW-15UXXI_F
M6_Hf7n1bmBfEzBtAkzad,VIDEO,eEgFzaprc4JHwsmYaMWaL
qtJwx0Mb-uOfiERZCsO3M,VIDEO,iaPSRp1dk57Gu0UiUG_tZ
N2eVIGPETqPRIyVeHKOy6,VIDEO,CmOBftPx6w6scP4AYzai9
v_jRdFiGCdh6VW0p5JpEr,VIDEO,HOuFezXHdTEBW1OMvdwuo
Z4RyWGEFfxBLrBljM-M1O,VIDEO,iUkQ_TkUgZPk6v8k3nVWC
Sna7_ATt9o5AisohjNTHL,VIDEO,CjgegvOnegC3YGJ3_6eJV
5z_VuIUPApC6TPmbCE89U,VIDEO,mfEONWOd4bCEDtARHddA8
u9oGrivj1-gY3uOI5Um9s,VIDEO,HJl-pSO6meCcNy5a7CVNF
aCHra3vTCG80PFwpNIDEB,VIDEO,kH-uBtLse6OeGsu_AGbrv
nzAKAPRfHVgT_W-PLUWm6,VIDEO,ATg4if16UMme9fUcJaF4x
JIwdzErHVwYweK_voAMjG,VIDEO,P9tKNaJXektM7kJ6E20-f
pXB6uRa4h7zWyYNOTpr5j,VIDEO,56_A7bX1A6tqTOsoqzOxI
-FEc-TtYvObgVtVhFGsDQ,VIDEO,LUSgqnN0oh1QNDoAR-i0o
Qft_O1YKRWeLffr4PwUar,VIDEO,2XjJ9z4eDcYt44c4y6fqJ
CLZXkM_DzO7vRD96J_eJA,VIDEO,KWbS1VLm5TWfajW6O233e
N8vteJVRqrdeNpyJ1qROE,VIDEO,cCii2C6dviL5Iog-w_oI5
j2Ncmi9wOdYJ3nlbeqtEI,VIDEO,FF6re3jqt9ErJ6Y_qGViF
wxmi-6OPbd_QyK77klWB4,VIDEO,3DC9bK03TRO_0PMW4mIku
5W595t0ZZ8AuMTyzJ_KB1,VIDEO,tHUDrDfHQRbzB-SE21Z0V
wR-6sXU-OUTyyW7pY5ufs,VIDEO,zJasCUx_EOdLrZyB8N0tQ
AbDbiDu042ohM34Kh9Hp1,VIDEO,zFLowxOm1c_lnuKEvg77u
3llPdWbYlHrCTN7dgfWIc,VIDEO,HlzVi9RoyIXYRQMtYDm_q
9_zJDEkqgjt9P-NJDVepc,VIDEO,3w3hetzYILGnNTYurZGh4
yagCpoiT_KQ9QME-RTIdh,VIDEO,4PqcmGhxAJWkTfbmrGMzr
cBpY9LLQXSX35PVkj5YGj,VIDEO,_f4CtdpIzY2phch6qXvLL
PjRq8GuXT8WMB0PP6Vqws,VIDEO,IFanpERdxMuVfFsVPUhHA
mwQJbsoJTW8ATl0R1IRLZ,VIDEO,_d5yvTNx8LGPFYdvUqPwt
9WbkTTBj0fpg-1JEHZm8n,VIDEO,s6hrxZ-47dvfxR0VjPXjq
k0eMdabvO_ZLLH6v6aRyE,VIDEO,TvBFkEoCuloyItnRAcHAn
iIccuRy7SbYAmgaRcyWmm,VIDEO,2FPAJy0YsJn-34udgd_AN
guC17W487FvmmhOJgUwtu,VIDEO,qbWUsPMFIo4DZI9wSNovW
z9HiJU4Auk_W02F1WLypY,VIDEO,0oiCDAkRHK1_MRn3hJ2KL
aUn3nnDvBXwU6_giS6bI0,VIDEO,YlGzNOfRyyMEPRMaZeM4_
RQ1ld7SKk8eta0ud1qTDd,VIDEO,eX7ker9n14TCZAg5KL7rm
R-VTr5Gcmk1iIoqDmNhVg,VIDEO,t7JtDmHE24bFSecSqdqsq
t11aLriYH9E37qx_o2UN3,VIDEO,Pa1eCYgDs9x0up0UPdGTa
ORhsWItiRL0ZCuj_znQXE,VIDEO,exZ98xvL25BFnxJKuACxD
b_xr1DVrjKTDROieHIw52,VIDEO,OTIwnEcF_2oQrB-Ssq7DL
xbwNshVPgMj6QPbDwszUV,VIDEO,c2GBJLCTp4A7hbFAvKHW8
9vl6T3tFUxz9wMpQlvJ8e,VIDEO,t5F0CQJPo9O5bg1a8bhGp
4VbFpDSlTj9pA-p4MpB8t,VIDEO,09lOBY59xbB-EL5YrPIkr
sdUP4Byk00HgCxcJB5Ob5,VIDEO,6zNFCX0jxnEwvMmui_NDU
HBI9WeULiakKy8WpZD55p,VIDEO,LnLLD1xYX1z0nz2iQdWiP
jrFyILoZtL_XhV1DXquta,VIDEO,3TkdPyYfIl95Z9lfOpY7W
pKQ5rms6gEf6EmuC0iHh0,VIDEO,fRTmkDbd7A_Tc0uYVUC5i
5Q2W40IGf5ygZkPM_29EN,VIDEO,Lg0QLENwWhgHt-orFnmmD
5CLe3Og3Jtt6vWjZBZrOU,VIDEO,7R7ja0v1-QwxYrtqr3yEg
NOqym5-9PQ6AB4eUR1XHi,VIDEO,W212d_4LhD32gFe3NQ0zO
exaodLKxh1u3aM0IugEba,VIDEO,GD4nFCvnEy-u736t2SeGA
2K6Re_6F7uovSNYSUiXTP,VIDEO,ThtTYRjDqsJlfL9vEWsy3
cpafsrNneGbsk3AhY83-d,VIDEO,kCsK6dm0Q54WXoZkQzAv5
ilfYfAzFJnTMVrWrQNEjd,VIDEO,3vmZijY9rYf6IDEGUjJBS
J0iUCx6TmeYwj9quEv6og,VIDEO,wxryKBdQ06cDTlDcV9i-R
OaZ0Q8pVa3jIFY2AcIsMJ,VIDEO,erED9r_x2x78-3FqZoLek
bPPHvlCSWQ5yMaKEE_qQE,VIDEO,VX2L9YERRATmtOAM7LcDC
BfiL8Fqe9CbNh6WLtlPUG,VIDEO,z5wH0fy3adN4Ji6Sm-uwV
yVmt1vdi_WYPRzuQkwdOR,VIDEO,kOeiWDEvoGPWJxwXqEYxp
n_iQkZ8MCfGIxqooABI_6,VIDEO,FUAsAJ5D9XwUSeKoNXd35
i89LZgPZTjEKx_do734Ly,VIDEO,cU4JI3ikXwtl_h4ceqZJU
sxFh9qGzKLwJTVsNixEMk,VIDEO,MbgY_djszHhXbgEdmT67o
nJqgczeM2BqYM7YynRm0Q,VIDEO,uMAL3G_8e3YVX4LLOc9s4
Hlt6YTxLNHizfxqN3Nknd,VIDEO,J57fZttHISX8DWKbCCQhu
MaCV8gTv1_453FOL67IF2,VIDEO,ODJMbMkAMqgfeHKQIMuB4
dzQX41fIIHO-1kE58_zfv,VIDEO,i6EFz6pflbSxzZFKcd-jY
n3rk7LVDNyG0ExOwVzu1K,VIDEO,LL2Vo5_whZFwCtex1gxXR
-fSkG-lhtd6BmiorMgto6,VIDEO,wrBvEVkMkvad7WfzoJb6K
Y0pv_sRChF19UqUKU9ncS,VIDEO,do1Pl1qUdY3SWELaKGfCs
BCFONcztpOispmjI4PjGj,VIDEO,oKpHhnXOaWhIF7q1Hv2nL
zc4QCKVJ0hZFDH6-rL9qH,VIDEO,kUXyc_7Fz43ttG3QwZNae
J_nLWyQsAzV2GyAaprDlJ,VIDEO,5UqGB6ceK2mDm23j88Ebm
Bm6pVmbzO-UyRMlZvKJoy,VIDEO,fRq17J-HdS7-BbgdhuFeZ
N7iBezQS6xyxOVVIwKhE8,VIDEO,9JoeLokygwWCxRSgLFeCe
mngq_-5cxIunpyk8Kt34i,VIDEO,_zxf5PmFDOmtFnyZr_o3e
JQbLv9Lp11vBJ8ghsu-Wx,VIDEO,MVpH6Wb9I3DSQSyhrC7GV
KpBSJt5cXh6hzY4d17PdR,VIDEO,YqZy9Cw9KKvOcRkZxakAS
pEnSKrhqJigQroqjx_Xs-,VIDEO,oJkf1_yzZLjNZuUTxaRNW
bHSgjopXhLCCwsuv-92hP,VIDEO,pMPIwHjcxtKFbFuPv2YWM
e51SYkD_5UsfK3lOr1ly7,VIDEO,OqOP5mgBpYy3Sbh4COat4
d6RdOXWbZcjN7MAxWmpD3,VIDEO,zjGxpFNBwSxl0n3LfIpry
h0e7ggmI4_fWtmyvUaBVc,VIDEO,bWmgIxHLoagXg9GJck0QG
ty1Yn8Vz4kjkQ68W1UfSy,VIDEO,Q2N8s2VWuI8wUFh1USioj
PgDUr74w1LY18e4ru5CVp,VIDEO,_qh2ZCBmUNdRJSNd4ms2Y
Azi_AnupHGGbhhJ35pzO0,VIDEO,H2cE42UOBJAfXkl-jNRvt
ezpabXnrZdT3EqfBXZEzv,VIDEO,5eXsG4wIx2PIq979q5FC2
2CERGt_Dl41_QM9fCZxFf,VIDEO,rairwrjn1BImIWIeOLmhk
Lhw5hvzl5LADad6s-yFfs,VIDEO,TxkSjkp9u9ygRWwemFgMb
oecIXvEcoBnPb03lgOAbG,VIDEO,PTz8IrFxrXe2Dyz4HhjiI
3jQa6LaIg9dpb5DuGdsk6,VIDEO,9Ccr4rloiptoq8fREeORE
Tbx2Vnwm854LQztkInw9g,VIDEO,U-gMmEjhmI8ch5IfgDFUj
GML2St029Ghjdw6LM-R4r,VIDEO,JGUGyVe3VguV_wIcF-YUO
K7Mv5dgujq0MgSPHGGGRB,VIDEO,zwhl1BSndAo3-fHTx4aRj
R-hLQb7_WTJqdz_-LBf9q,VIDEO,jBN2iFuD9sUjB5dY0NrQW
3EmeGIsu-MVCFUYTZoFJS,VIDEO,_MVVaSD8jewIvWSmaCBXs
iSLc_sCVui8TriKkaElS5,VIDEO,cPRQIkzGpvFkmxN3N-z3X
On4e1_UOHTDwniHdrMOhL,VIDEO,wvftdug6AUniHmvOSbbyF
fR474fsafqzh3HXeA3m5E,VIDEO,G65RS8q_c6Aw-6Lc6Ihpl
WNpKlcJuwHkZeOOI8FcDH,VIDEO,lLIh0QNVdbBK_Hcu8_uy9
-Nk9K4SQHXAXbktPRz3kO,VIDEO,clrDs4dDN7gr4WK6vya9b
ZUz18a1Ae8qsSSr4XowrF,VIDEO,Qx_bfMgQVFuT9Q7o00KCK
XZVTtvNN-MYu2RsFKzUTq,VIDEO,PbgH7dXkQAu1_znXUdy9Z
gexPaaohs4IROGlKKLTQO,VIDEO,4WY9p17xIEDUEDQ5ZeGfs
b3PrJpq1mAqRWrM8QVSNH,VIDEO,Nd3nKpRrUqOQNizLcb9gs
ZPWGtE148d_i7rnm8GOju,VIDEO,-Ol4Kvdl4460Ys1ZRQHBz
RIqQuynycGq97ypv48K_6,VIDEO,1DHmTYc2genKoEnepbBRP
R7Xz69o5LoYw0zOQ0uIYp,VIDEO,Vb4rbrYlA77GdjDRGGFdx
PtVa9n8ZKrPUT2xcEK98-,VIDEO,o9v8UgRAgANar4XVSdGYm
iOZmGfPH0yDZf_u-xoDfh,VIDEO,mfbkkZm9CBbvNNZODyxPA
o_Y2GHsK5QomZmbV76mIX,VIDEO,dByEZAthk2225SVY-tZKI
-bR6EM-c5bGGPhp64hZUR,VIDEO,bNlE2FZTOpIMoZoMGbLLQ
sWUwR8jvkT2bYr5C0FKHQ,VIDEO,b06jdLLPev77WwnhZXJuq
swpe3nQpsvwmrWVgQ91Pi,VIDEO,M9oonnyocs_I8cw0uHohc
Ag1z2Cpt9kFiN7g5MrLjc,VIDEO,_fxmAKnuG0XCVpBn4T4Dt
PhTUHzac7yf_FMq69_tcc,VIDEO,hrsXrjhjzY3W6aVmCqXu0
es0OlmaBa3d4pDZeQmzLG,VIDEO,Z-BL61eGAu3CaH7JZE0vc
kb-r87bLBt6B4a7pdeo2f,VIDEO,QYzwtDo-0_Pb8f_hr22Ju
5W80VSXZvrfgzJcqWOxU3,VIDEO,RgIBu9bYfy5qurqMOIFW9
cWlOJ_rm20gyaj9ga8bn9,VIDEO,4QZ7ThgRFzrz3GLrbbncb
GuTeqhOY4CJQc4r_pTwe8,VIDEO,5F95Gxa6bae9dzscV5Rj3
6uYECcW3umNYbXxQ9Vfhe,VIDEO,B6hgTmmg17bY8SGFSO43b
Y8IcF7AdC22vdD2GxTeXT,VIDEO,CYpTfXl-0TON4-N5-JxFk
rXQ25_MYutnJpAJNlEduu,VIDEO,o9yaUwMGPmbrX9tMNzuhf
aXR7-NHv8zxyRESvNuE0M,VIDEO,0yJ7_zVNTxL_BPpCpcZjy
Jle_Q6jsXWAqyDrZGYQdV,VIDEO,3dSJd6vF_RZk3nytk_tUl
EXA8F_9SjNBrLqz3l9K2g,VIDEO,hQlY6FVMaWPx47Gpkwnoh
jeyi6SwXQVz5XkmXy6Pxi,VIDEO,usb8N1EJZQ6Azd0jmyttS
Q3jKNUY4sto2795aQfvF2,VIDEO,ZJj0Tdi4jMyBsRW16BOEj
tcw4LVTei_PC-Q9SBEISX,VIDEO,Q0n2Jh0kx4V5xB0GY2yn6
Qmhr-_aTotVpAWJE9s_DG,VIDEO,kt-_ptL5TiQMbVY8KIAcI
QYofTXnKstkbCitW10sQX,VIDEO,WAWcn9XYECtIbXoYDegOq
K8HTplaWCeWYBRzo-pgm0,VIDEO,l6-Nqe6z-KOo3dr_PDeYY
JxkXmaLho1jBCJmb8JEpw,VIDEO,E9OJzuI5YXhrNwTlX-4wi
6Rw3RxpfVu1_ypsWweO75,VIDEO,C3TvZlrR5TWm2XrtYOs9J
K8wQaonrZqZSY-AC5t-bW,VIDEO,5vpP-c5d6UxJmZBR2gSI2
cj1AzIPlAhdTRh0Rx__VA,VIDEO,PI0kXb6z0tHh84MRSdBjr
8a_RttM4VP5d_LwkOp9IZ,VIDEO,YRqfSV86qsEDJK5I9U1gI
xJwgroiNydlHUlzSvjlZG,VIDEO,SBSF-ccwGFk1sOFasvgfq
j59XClydWHjJbd-EsGVXl,VIDEO,1xhPGQ9FTGCwD_KtnyKJe
2iHdP_LU1v_2ehe2z643_,VIDEO,e9_KhFd4K57UrTtSjFS-X
Bpf3RAEgOtQx8u4a8V9Cv,VIDEO,tv82u3JQLLit9J7LXyoMg
1Q2-UXsawps3gx59eK9mT,VIDEO,Cqb2G3U9LJHVeuH9t4hnP
ARlyjp-nY7lllb6zNK5sJ,VIDEO,Wjap6Glk0ulprWLwVM6i2
mYnpMQqYpkDN2rUc0WeC4,VIDEO,lzQyzmOYbWYvyxNEC1a_k
t4nIPmzBYVFbMR9-qAXuo,VIDEO,AYYK8hGZHCXDdNB06zEls
NNEQi_5zwm80NFJ_yK4ad,VIDEO,569R7u-U38W9jD9HH37WT
t-5nvOZDGcCUxB_-M9tbE,VIDEO,WDX9nNVwC9crULcGNTc0v
WVGWqnE9SQi_yBJPX-Dhr,VIDEO,rccMq2GTNcpAE9QtyEzNi
Ik-NsG1SU9Qm0f3nvJNQN,VIDEO,K3sEuMVi30uiEOC7Kb-rF
paVUtA1D02f4SqV11-B-p,VIDEO,57OkoShkhPqsEY2X45yH2
hCUxEeR6R-T_gsgW3pNfy,VIDEO,EoXsbLihY_Xj7xIvivRCM
DFOgS6UfTswv_PR3Zv17l,VIDEO,ChJ-vo0HgRVq_50NW0RSW
gJEMgo4xVOgx8F1Q-f8-3,VIDEO,6045Sm8-MokHN_yh0QVaU
N-MdKh8ANP2T9WIiiCGWE,VIDEO,LvCDoeGGLIFM2lbcfcEkQ
CF9zrBcMrH6UbBRkgdfbq,VIDEO,WfBlCYpqvBA3q7EO1Nu-y
U0mZnS-4z83QwKVpA-s8o,VIDEO,_BnxGMfEnWIT2OwjFixmg
cCd32r84liAX_1MpXy4gn,VIDEO,bm4AF2TgGGfS0a0WRs0mf
AX3fFmX5HBdCfaXFZcERh,VIDEO,X3y6XQQSOXIJe7ZE9CRPW
3KSBZJN04_A_-q1Cp7V8B,VIDEO,TyBdqOpEADPdySSpXYmKL
7SVPYk-bXSgW5Vsu9q8hf,VIDEO,jwYBjCjPfWjp8kDU3UPHG
k1jNa-DDA_xqHr8W2spTj,VIDEO,szqigzCKLKEoU0Juo1owk
D3FWZe2UM5VJ04xAp7W6m,VIDEO,eUM_KrMXbZEngKa90WtKi
QO9UGR7kfdfobcEG2DS2p,VIDEO,vuKVpmoa0wxsNd1xi3sCc
UUHawSHD3dv8sSLRgnP8Z,VIDEO,mpcCBjXYLzCQZMTsN0nJP
7ZzKRHqoMqaADeZPvtlqm,VIDEO,iiVKDoR2xi_ZzzYTVNnMf
cqtIDm3HPMZqDeWOHbPC3,VIDEO,3-5ktMmmOH601w36_17pl
M0fxr3DFnuYQrj4MZO4qN,VIDEO,RCZcPNHpWBHIhyZHQN4pM
tW3ZI9ZfIVzh2EVmd2GS_,VIDEO,sP74hq9kYZu7EDLScY4KV
pEbXAd6W5aCH4__EG3JyI,VIDEO,DR_yhcie3_HLSMLv6sWRo
l2xOPuNqHacbrhPzQYD1z,VIDEO,-n60X-eBZW-tvbx70yOG1
JyswO-HzbL_mz6I839tFc,VIDEO,NmyhgEeYZkZifPIzvPyu2
rVx4yeBVGR07g8ohAjELX,VIDEO,a7V4ODprhEHoAIYdQktgu
MzKJAurBCyZ1oJGbQ-5VE,VIDEO,LX72CpkuoO9d2jA1_7w0a
nJqzOB1zYDWON5S0mu4SP,VIDEO,qQyv4jN4yf9GHfcEqRNqn
XRBL6XOytXDtzpyd75Eat,VIDEO,faJ4ERbzNye8Lyiu_Hs7w
lghutULNbRfsvXUjzZHHS,VIDEO,XBZPr-4TZHimZu1FBq0Te
C8X7tWCzzxgIj2CJmd-SR,VIDEO,_fOuJbWfKolB36kJSA3za
Atqh52ZsnU_DdmSuWpCm3,VIDEO,3T5qUQghJIlketg4dyP_q
-gIyjCz8s-k3_kAyjJ7as,VIDEO,sbuUO3C97ETxVbv9MNSAT
JWqNkp8F7t5fiB1hjQa2y,VIDEO,A1ofMskFNhNCbeEa9lLhL
Hc59s8Ozi7gW0TtRaeBHv,VIDEO,jRReHUBvAzM0IsS-nJLJU
eYMD-lFzTqj7h0pqWVLVa,VIDEO,EL0gzSb3-4xoxiuMzKLmt
Ny224Srtp_tL1kj95i8S4,VIDEO,xxcaHCYyDoBk4Ez7ub5Tk
hSWH1BUn11tBcJl0TlTRI,VIDEO,eq6nmriIT7lWbyID1evCC
aS6AITosvGeX4ggDLNvjh,VIDEO,tWfORzUGlwM4Pp6P3ahLt
vWBdY7qW6Y1LyTdBC0AEX,VIDEO,oBGx29Z-2FljLC_AKJ3W_
7PhvMK_xRgqPGGwWfC0hA,VIDEO,esfiNIo_k0912CsqN9yjE
137TFlTULHwJKGGiXT8Ok,VIDEO,U0nnZAnwLhIaBFA1eYRE-
jhvQ7H89_4ohVHjxpN4jT,VIDEO,2Aw__wVd5ZC6jE1NkvcmY
sQw1ZcMHQD_z150geVJ-q,VIDEO,3HRadJ30yoZaV0Ylcn2XW
c4jJOCu4ynKFXo_cjFYNS,VIDEO,xe-kcMgVtIqJFiFc-18Ct
9_L7aM0r6OQLLYqyZF1Sx,VIDEO,DgR52VM51WpCY7EiiVHrt
5GfZ198DTfSKirb4mVuG_,VIDEO,78Jp9KLAqr9UKNVrGWkNL
cZl6o9TeOxx3qvNXZTsRa,VIDEO,eWkGNn_Gm75BsFM37qEdN
zNnyV9QhbcBzkx6kNjvxd,VIDEO,4Nees8RTksPIK9HXZ0pge
ZPFWznUuP0yyJXs95aEWR,VIDEO,bD8rtYKQXaTJUfj8OH357
44eqdMlEu7-NuJN4wR3MY,VIDEO,z8xhAe5M9u7_S9dlr4zKk
FYj2ohgr3rh1bnfSz7Fne,VIDEO,-w5-PvCnrzsQVpLZvAT6c
VrGeNwMV1aCm1W08RSspA,VIDEO,JZuLc3l4ptFf2jh3Zhs4J
oZze76f2Cf_Mv56F9n-_i,VIDEO,Mc8iQsIAJm7X_ZP9trDBe
nz8SNABB2y4UkIc8Y3_po,VIDEO,X9DyO0kuCQCmenQtmgnWA
4Th2dCpb49Kwh-xWo447a,VIDEO,ZPsH5hP0Bv-BhMT_IrObg
qsYM36q59_hovxcpb7gkn,VIDEO,yb4Y3LJ35u8SxA5J6ziMD
Qm_Up6fjKYzSMCd18O-w8,VIDEO,p62O4gPZlsn82StTl_utZ
_w05qxy035O9Ru0XZlgPP,VIDEO,ae_hLnSaaM69Eunb_aGYP
6gQGLyhG0DDlSih4PCKqk,VIDEO,qyfCh0Hu0gpaYi4XXZKne
FNW_hrCmJG6nhKoAAFOnm,VIDEO,mZ3Wt6W4eeSUbG4dz9BhB
Jxe-JGaiNJ_3uDe_ErLND,VIDEO,cXswhYuIUfBLO6wM-ixhD
ZLxwu7j1WD2XdovLgvP_Z,VIDEO,vWlInbJZpm-PWtHEXiRE5
jvuk0wRWSD3Pp7k2PG5y0,VIDEO,N34-zJeZgKGfe24ahELxK
F-yBeBJJ4acFw7QC-gn0J,VIDEO,hUHsWWEpLgEKKw8o-sUoy
vZ7bZBJCMmUPUD-ZaeIB3,VIDEO,9e6f4aIu6rPjpifU5tq7W
tA32jrz1AFj47zDSP4eZY,VIDEO,_lvxhBl6UvPN5dxe9u8X3
p2ULmTj0H0e2g229oeNNs,VIDEO,TlmuaMPrfZEzQTH1Mnmdf
fmw8EoT8OlF6cJOe9X0m0,VIDEO,H7y3BeLCbIMb6RgWyZpcW
yLDbd3r1sSM6DuRpxGbrl,VIDEO,YPOKRzvl8-u0Xt2jShYMv
6LVyEq52tzpvfPFFm11LT,VIDEO,mx5tHo6n83AaE2raYai3E
EpyR09B1uTfYQQxL-wlbn,VIDEO,yYeC7iP2kIsfj7Z9_FWiz
xhUgGyqgD5VNcX_Pf-AaP,VIDEO,A_ehqafaxbX7m1tDN1g4L
EXwcUd-CgFawUyfQY1OcP,VIDEO,6vzHCCIjnKWsu6WtRfqn2
e78AJDIhqnRuG3Jobavd6,VIDEO,dOCZe49bLYjm2Jw6itsT2
PpTcw9GtDVJU8sOM6OC01,VIDEO,9qkDN2MDL9Vw-Bc2SnxS1
8FnB9HYI7B0UB1F1grewl,VIDEO,h0e9rpQkkPiXLp7Hr0xSB
cjcip10zB8BzC0pDNV01Z,VIDEO,lLkBWq4aBEJCHWCz5jxMS
ul3QCVZyQqLdlDW26xoRn,VIDEO,kJX5zlSfYsuaf5aJ8wlv9
ibxnfPMbLczFzS2HvO0cr,VIDEO,pdkqMw3lQfkMmZhjcjfRl
9nNoyUory4Zhu1s1ZYGL1,VIDEO,Oc_-DMk4YRiBU6rzm73nP
JPPncvtATR7Nr0ZVFzqqU,VIDEO,Jpu4uakzwZiM1UakgdL-Y
BvQaXsPeZfLsU8tRri8PU,VIDEO,lwgQbbqOfJIdMqy4L4mFA
FgexJK7aBJloLf5LnLzJj,VIDEO,PuULpI9SDQh5DtEtIPc5M
_jKdF-huBJ-zATTQWo3Y3,VIDEO,BUZzhct-Liy2Etqtk33OW
pgh364mdE0HObnzdGGsun,VIDEO,2jM5G61OFO7Zvf557C7NJ
JCDLaA8M3QnXDwGLwG0rL,VIDEO,TnQXFbVIkRQD-rdpFW_Ej
Ja3MVgT8OkTtdcw7DnfqM,VIDEO,N3d4PbTg4pMNYM48OSA7l
-CfH0hfx1Rv2qHryCdX6v,VIDEO,OnvAbu8sMK1qPJDn0lcnn
P-2EDP2BSy_K5bM0CQaFv,VIDEO,hvMMx8u0n4u5PcTacQ2Bb
S3hK09oxHxyOaLXJ8UWiq,VIDEO,S7ApyMR9PLU0d0vU1n6bR
reHLK6zI4PTROmBsdjZcl,VIDEO,7SSrtwg92DRLtm6RPc8tx
B7tAjcQ3bYSZS6I3c2pyj,VIDEO,FjtJFZgLNNoMx0lUbDB5n
pUAoKfycdOqiNnhGKxGuO,VIDEO,nTmq_FazDA9LShCKTzwfz
WgPQXI52WEY7A6YqfAIc7,VIDEO,DXGpSpiq8PRHW7-H3f76S
NsWBQiyRpgWoCIuOpSFsI,VIDEO,YBW1tJV94p4ITTajAUrMZ
7RGF8l6t4vR_JKbUSAZjC,VIDEO,tiShGdf1hTIxF_mcFiaPA
MwJkULAEFK_rp5fbmBB5B,VIDEO,OH0xBIawzE6eSlLnVtM7h
xSexQyIxaoTDFqiMB_hXr,VIDEO,y8QnAHWY8XBsXOjBCZAW8
KxKXX3xY3oVZpD8AFEgZd,VIDEO,3InFjKT9mWzrKUmSywv5E
bnQR2VVacEuRDKo_sHvzz,VIDEO,f694FRltqjBolfjYOPvNB
CB9K0mbA6jfxbBMBASfdz,VIDEO,KuSvlG9UZOPX9LCBLKL9f
tObX-RYCNaEf3aDO0M_2h,VIDEO,lvh2RrtbVMIgaLFIFXpVg
az3LWdYFhv0QSrUiw-M0_,VIDEO,qIfrUf5fqK7237BigNcnG
RNOtTObscuSKR9aZkt5ax,VIDEO,hVCYxprFJmRFo0VJdhrKi
kN_pWaFYk3pseDcqkMRuU,VIDEO,7_jxrf8nNVqBDFvLBUYVe
_s5LHzvZDkO-5YnIuvRkF,VIDEO,s6VQDuhELhzlXTbqOym7B
dYYMVs9wp7selcXWMuXvF,VIDEO,GDN4EjJ87AJ0NauWgEYZH
UfDcD0NAHbLK4KnlqIjuR,VIDEO,2GuXo2js1JTmArXohtHJ7
OA09ZpoVOTeGea74-6GKq,VIDEO,C0P6SUsSTjFekYLVaAlIl
Hwnt5qliAd-5ETPUM4Ljv,VIDEO,ecLpO40ycVG2rMqA2P3fO
nOonKgTyf80uMrQRDPhOa,VIDEO,XUgDMBGUTGnHed525ySuZ
igOsCDCxiMtlBXRHvHVry,VIDEO,b7aKOZQ8zhrOR1LAAe6-R
06cxMmhk63q8j8I1BJ4Fu,VIDEO,0StsoArdsVXxecd9T2gXD
PRs9SnUAXoShXlgJRw1Uw,VIDEO,r4YsDO6YpXKpMqMOu6zRd
uHMWlS2ZtpfCZ2fR2LBNQ,VIDEO,KzIVLXURKQ7GCG1QDMgzO
hy0nD-7FlFGCzURPuKtiR,VIDEO,Beh1QTLOgzSoqctxZks7u
fK0kdNODX4KW0FGEZkjjS,VIDEO,rrMIIc9yQO0194ATmlZbI
qIW1k7q2c0HG6MgYrynbd,VIDEO,gqyoRrnUfv17HEIaHTVOh
SjUFw_lR_-Khl9gHT_YpA,VIDEO,BKTV0dhnvBSmsfLdSGpy_
lbQoE8NEIdazHbNl6p1lB,VIDEO,yAfsbF9bnwNrEBQJclUMk
am0wBIFVV07WTNWsFvp83,VIDEO,4zACAcXnDJg98jtYQWH6U
Ts9jUSlVLM1qqS_YrO0Zd,VIDEO,_QahsKL8O_diLvWomsOgY
ZIFbmNc2D-KOSpv9AW2cB,VIDEO,tBhOVJq_qeH2zkFVCaXIx
4_l2ngISIGkV-cdlVUbmc,VIDEO,rkGLqBzchLhbZHSInBnQm
eprl4BP6jRtKMCRqKJgud,VIDEO,JsHGKoKMxce2ukJeSz-dd
n3lmOZpts7alT7hmVFA92,VIDEO,zyYsY9V3NnIO_nwrwDfNS
xitzR9nvesbyL1GXC5Qbu,VIDEO,ZBs4mCyHSbLZMS89p0iIy
ZxtLxZE4y_VbKIHK4x5Bt,VIDEO,--hT7axhpK8t7FdR7YvzH
L3corTS2pRPFl2uIN6JLB,VIDEO,Aot8XaD4VvgW1BwBMFQ7f
kk5M7LMtE8KamPtEVmCmq,VIDEO,aUM_14NFegF8Kv3Z6pJ1X
Pr_he7vVTmg_WMlkvUGXW,VIDEO,qfdIMc8dFEuG1LxdcTB2G
u6DCV8lucqMrc2w23OoZp,VIDEO,IoJFQ2YAhh1uHpyLxbj4l
J7TLpSlBTOl8B-dlvXEDU,VIDEO,ba5Fc7cxzx3TENe8_rgfp
jP3rx5ikpEACtwA8Yscgs,VIDEO,3IvYqpbZeaLsB7hIYTUhU
S-E9BTzgEJdcfSIgIvOKK,VIDEO,mSOSvZwGAXvPIzv9-9ul0
UMKgWgWSzL27a6Gj0IiZ-,VIDEO,W3WRzqJz-bip8H90dXL3k
2cYAZBckRfngNz96UZtJt,VIDEO,2YC55u1l0qsu3f1nF8lcg
2HfKWD8HLJfgNwcYkX3V3,VIDEO,NOqzjak7gZraExHOCT8qC
OeJO7KhAh8c3M-h-UiMcd,VIDEO,pN7gEKvFggL_kfIcC_kQO
nsfZppKHVLrmFRt90uqOv,VIDEO,-ib0h_ZU2lHNolWksxLjN
H2Fu7ILzpuQSxP9wBCndr,VIDEO,_OBmv6TsLWB6S-IUZCA2F
g1JKhKL_tBit9ZH8P-1wh,VIDEO,LZamzTcCz9ncIqetPwJKa
Yhvm4TB0c0owqQhrTe8k6,VIDEO,mT2LcOZ8O-vYKT46c8rJX
jE3zCWm5AUG_ENsasB57l,VIDEO,OPJM-cWllMNQELW6gipby
vsDzZQc8l62CaRCqXIOkL,VIDEO,U_JdjkM2llzm1HzPWXwrx
nIPUQ081zddT2Ge51kIv8,VIDEO,-BIdjXgvA1JWhZhJHhlis
JjrsbHfA9S-G40bOK0Yag,VIDEO,ZCZRnwevpRuwqLj-Wp3df
s4JQ2YSPsdIPb7h3oV2cA,VIDEO,hoin5FLyfg7A9SiRmv6th
Wg1_7NijMnOzVgAOlWP5m,VIDEO,7mOKfFbYzDQJWt7N8FKMy
0ZhcNtFSuuFfIXtTLZOQT,VIDEO,jusfdA4D3ffOz_fZfAql1
Y7F-WHgixQTE6wqZCes66,VIDEO,RR_Rd1EEpXX30Z5tZpDE9
DBemHkQJXOGwykJiW_nXr,VIDEO,55xMr94a68rdLrM36eTed
A04pxkv_WWXV8hnUAOIKT,VIDEO,QU3ct6_KeLZh9BtqyDi-v
OUKgIA94yS4WWM5CV0919,VIDEO,1lWROwdSwRc2dl-CRjjsg
kkIntKLzv8GnOH-8u52Ka,VIDEO,rwoXfrSVj2EaRMemqMZVB
HX_xiUw_8W_xNJkhFUvg5,VIDEO,fdfsh1kIJVodIFmzRgDEv
ZTmCEaTmtawqBbo5B46uf,VIDEO,DmrDVLi9GWU3082APuyV7
LS2We5r68BSmGzegwQ-zH,VIDEO,dDDNhC5EG2JqXOxMRIvZ8
Uc10qQ4e-QmbeENd_KQAv,VIDEO,6uhjr5JMhH1rV8mdqDgjb
6iBwMr2IQ5NCRm_M8ajPq,VIDEO,dDQEfBn9Cfi6ba_kcKwVq
0flXt-FY1fAU_PFXuP65I,VIDEO,V9nOVM0G3lW2mML7Ca3Jt
zlCO2LS82z42IQ1YLGXhx,VIDEO,LV0p0IG0q-s4uWyHR1iGS
4zlVzai4q3X9uxXCrwUr5,VIDEO,27Q7AzLUHXNOBtUcjFxRg
zrF-uxu3QrISiZDKwdY1o,VIDEO,pr8SoTv3RHORtltcd6Wh9
dMMykMda4u6OnoaDayEVm,VIDEO,ajQEHDZtHN2MyZdClnCJJ
iQIUHm2d6pmMRLJYlncf1,VIDEO,xpN9i1znmWmYBLQGhz5dy
8ukGzyr6yKdyWSqInfa9c,VIDEO,L3T_OZkeCpNtdVdibIPZ5
6G4g_ys-dewPzsU5m19Mm,VIDEO,6i9QUGE7jb6UnYGoqnyUK
02skJHsuQCZbHugZb2fOG,VIDEO,bqIfTD1o-JcKMzjyP89-Q
ydtoIAginvERO1ylQNUb_,VIDEO,ld6cDUFOfsPcgVGyMsVxT
sO4QmaYMYb80SlfHtBZcC,VIDEO,OXwM4GZmjftLqeYSbsrO6
81cREEg3_YCaBFpnu8r22,VIDEO,n4L8orbRUJns5_uNmQvpK
wm-tbWWFERMyQoL5T6bDo,VIDEO,qqbMLNBS57KsNlWn13V_k
7dEmgy_TPlyQAe9kVFQhP,VIDEO,RJ756bWp57Vsm1L7BnLTG
jAjutEBgrF1BbfjrG0m6o,VIDEO,vBymoDMuaCqgDxdjLLi1o
ob9eZMf8xbtRDKFJWKv9R,VIDEO,fgxCdIPTj8sK-Nd5xV99O
0oMzma9dSQcXro6JZQ5C0,VIDEO,L_bcOxq5vQV77oMl4PCY4
XnKGSZd7ZRnk1Z0QGqQAT,VIDEO,2HkPWKfvBaKNrysICDNSR
XBeRKHep764MZ7C6R-8k8,VIDEO,sR8NI6Gf3DRcIfHUyfTQ_
9A064O2vE4TRyGHIF4L3D,VIDEO,GqI4mETdutyRz0S5Yex3C
iC62G54tQRyqHSKH76VUm,VIDEO,HZuCPjg2SrCjBG6mTohjt
6gaD1Ooq4SbfxIKVDpSr0,VIDEO,RRSGK3jXxw9GFpfMx8X4a
ucQZW5mRd4wOUqhnXCKnz,VIDEO,LkLxM7IBAHv44w5rh2FOD
YUzBpMUwADbQyiRJp2Xhh,VIDEO,ddr4f1f-Z2wKzJKcTWzMR
jKsm1eNjuWTK-vgkoB2aj,VIDEO,FMEZ_yH32XSErFTnp1Hpz
R4rku_Jb0Jz38OPxrSQNb,VIDEO,smFWQZB3wJtb3XOQXXsQj
SAK7-fsrT7RfBKr_xFOxJ,VIDEO,APdWrl4Rafkr_KFG8tbSY
mDGP83ByIuB9Y9tSmC03m,VIDEO,O9Wd1rii4yORDDfA2MTM2
wKWciJ6N0-A3AFiH801GW,VIDEO,yJe1IgzLhNsNZeMc1nGF4
53yAx-mG2T3yUQDKY-Isn,VIDEO,8Go2R3YzZSMF_Xlgw9zdF
tZsN9l9ei-5BifAbQ62Uz,VIDEO,PFRiJmQG8Ldyp7ArkX0Q9
MEUD22WFxUmQL9VyWyLbG,VIDEO,_xSWreVpH3VJlKiiYQ9u2
0yQ-y3_Yec3_dwQz0NNht,VIDEO,kc24BRmuHvOAouoAW4x4K
WmTJ3Qb5zRZcBSHJeTQN4,VIDEO,G-1CgFpsrT7yxRarqF074
-U01FWC1DNc2XOtEqjmOo,VIDEO,obN_ujvUpI7GjuRg-P1zU
NggRI3kRukw2CNU0xcfa2,VIDEO,Q7wZ2SQ8SBM8wfVf2tLfn
OWpCihXo9DXJOJ9yNzF-V,VIDEO,ktdcFaXKcVNaueLvhWByW
M7P-NidLDry4rTElHbG9f,VIDEO,q2SpXGXrGkgkfw9dEHHE6
RW6EjxoSL9g2eUiOsqva-,VIDEO,DskaUlR1JlNRll2rH9Ogk
VmZRETZEMiXJX0ucix-6E,VIDEO,mFv6t81IbuS3Ew-3b6YHq
_YUNM4lBVuzSWugLcnqcz,VIDEO,7uhB95ViGtJz3eyujT6CT
Kp9tK92DPRiHc-lHWS0kc,VIDEO,PxqZnydIE2C_ZyhFgZzxO
NtrNcyoW1ux3EBPCjNcVm,VIDEO,DMB5S1OxIbuqRbk9ZwSqq
Q1p1jnROT2FmIMTk3cODZ,VIDEO,AU9ZqItyveYQseoStowsC
ts2hjIUuG58pu3TKHwB6e,VIDEO,v-4IviazLfnkgt5iTLcww
-kK3TlYDnnH5FhPtb4wfe,VIDEO,A-uczDwmv0gSqbNgB7gt2
Nf72oB8g3iydPYXWM9-aY,VIDEO,lFXZ99kAdXgCBhs2W-eXU
4oGtBoVk2X06-uazTPVi1,VIDEO,sGZS37hIlWBPBSKQOWbJZ
xq2FNXSnGwjxg-KCRXeh7,VIDEO,YWSQYkXikeMHTQxqkHBe0
N6PWOv7ngp7TJJqvxD0SL,VIDEO,1WeqJdhU3jFXWz80h1Q1m
67sObfp1lELXIt54aNlqn,VIDEO,nWuPNj651pkcqCceya9vC
jMXP-3RZ6hrJF2PeYp-V5,VIDEO,nkwOglKVHlcrzY_Yf6wRS
pWYAktXNvu_UgkjeQy-2n,VIDEO,ydQzJNaNDI2MB_YwCMpZJ
dsYZb7rKNluwc9OwwCGDd,VIDEO,LSLUPtbNLWlgpmRNqBaJa
h4Ephl6NbeGtLN58MMpJ6,VIDEO,6UFGo3haGR2gvx5GAmf0s
htZLtgb8MrXJkzheqXnDs,VIDEO,LXljOiedYXxfBMgfPK2uD
H5OqFc90ViaAjXUT0xGKV,VIDEO,0q745FSRXPjERnxob2Vxe
0R4UuBfSPBUAYdNUMmFb8,VIDEO,uGTe_uWDzsa33DnLrh1QV
jtza6lpxDcHZMD-QHowej,VIDEO,XGaYi-HDMZibkXTQsKI05
NPev4ndZR4dNcU9Z3rUEk,VIDEO,yvfq-s-dozYVF6UMjrM9u
9XZhcAYwxUwY-E2Njt0QF,VIDEO,91qvzktHJLZ-wL83jLVc1
saE-qgR841VLcRCeYnwUl,VIDEO,2VgGJnjy6XAeyH17lAq8N
iG3X6Pb0cx8Sm7Af0cEn_,VIDEO,38KczUpaHaOEdPKrMM149
TjjK09MMhWtRIGLD56CoN,VIDEO,myjYzI8duKW1JKCdPShP1
o4XmAADXJAquI5xzSKmha,VIDEO,szuuE9JHPTTb-oMTd0-WJ
Mm5J75D7aMe_zBgkJ-5dQ,VIDEO,Hd-DBTGQtmGocTzLP9A6H
qYOT2HkKzuDC56n3pSATL,VIDEO,lSUG3d_6teoWKXB-Go3XH
Od1LLS5qXMJyUTagsb99l,VIDEO,nhCv3-7jchp0COrdrILHD
fujCtCGrLNnrC9vzpJBtg,VIDEO,CRUPatLHH1psPS_4xtIf_
PxdgFjYmOo4oLo3JbkoTL,VIDEO,olISOdE6-vUwymlY6JKuM
uw-l1Incc3ZjRRn-LAAIW,VIDEO,LpH1nDxA-LODPrzRCvKUi
UleBDs7iMvZzu_juyySf3,VIDEO,IW2pMblz2PfbFgIuLn7vy
K4aLeCvuFg2vt66Q_DKYo,VIDEO,XMyfBlcy5WSnIvMPP21oX
5Ga8DC51RLhbht38Dkmr4,VIDEO,Vw4tOgOczIPpfPBSCC7ra
Cu8NNziVIf8VdNb4DPjt6,VIDEO,MIu3_YjXbS-2R32uldRIM
S9Eq72mQJULSTcLz3YaxS,VIDEO,xvH_hUXP2wdfbr-GDFuaR
19IDPMTbUeRUmeok8MYbv,VIDEO,F9Fw2sQ6U2lsApjhLSHpW
kh6bqdCv5092hVXJCbMpP,VIDEO,8icZnQdsvu23CshFPwz8d
Ihskb2uLTRysYXJT_SbpS,VIDEO,JA9Lk6NXUEHstsW5O4o7q
4SuINvGgDQimmNYYFsd-f,VIDEO,LBzS5DZmILig_0wCFzCkG
kii9TGK88Yyn8QbsvfhLJ,VIDEO,lnVk1z8KPlA7jPyBgM8_g
Ev_knb6dshjFZBtK_1wHi,VIDEO,NpK3DKp3LP9_dOemssmgC
0R2m0QNJbdXOZ0kEWvTrv,VIDEO,511shzR45kUqRFpj7bc58
3EqKaHw2vp4wdNA0tdcQN,VIDEO,WqqLQB7-RFgKTH543K1-u
H0r9kdy7fEjFTqt9Xmu9J,VIDEO,2iFL893MIMjqocdaF9ene
SZUWrOfMjoP2fUKYHJXN7,VIDEO,ei-pkfyGKqgetEEmxLpo-
Uk5RMo-Jaz_KgdBkFgLPp,VIDEO,ZzKaCPXLcPcNgr8vEV3jf
ynAU5FavT7XrJZeetaxaZ,VIDEO,XcH_JdsE67U1_TkUiUIa5
3Aq2C2yxjqhg1QiHJiQFa,VIDEO,VWQKFPgHNcWIhMG0FJ_aa
GByF19GmFlzvyprVcPnHj,VIDEO,tQfjFJJHvR81NEgHUPKHU
ruRvBYq1lprLqUvB7k5r7,VIDEO,3MaaFbkhOl4l-Uav0DUUA
sh5JmY_c6v_fTbIOjXCXq,VIDEO,s0JpwQU8ZRk--UkmHd2XQ
VGodHJfaeteVZ7o_-job9,VIDEO,Q-JK1MG73gPS2i5MbBayj
STXgv0SsTefIHMwWudHlK,VIDEO,5lvNI3QuPQKrPb411rwj5
u6YLsNb-zvhtlddue0f-W,VIDEO,ec0GYxcLmhnWMaVRnax2Q
bdmtcDCoHUC_utoyO00rZ,VIDEO,XFzcoe2fQqz_VrnowODY0
Qp5q0dncVK4_qnxs304g1,VIDEO,UFlCS5mOWRxkKPvB7yQYm
sYGQu6miNQBbg-jpKLA2B,VIDEO,zfY7SQ-u3Iaxw1JcHHnQq
NpaQiLfo19AP-fAEdeJ7P,VIDEO,tePXVnQUL3M4NgAT8BiVi
I3Ji17Z91ZShsjOF4kUto,VIDEO,bhQswaE6JfKfUuXQRkJIv
mqIvFgGl4e_yJcd-xnEGW,VIDEO,qF-JbmoaeJs1261r2q7dm
OM7ETxuLFYFCByDxZYeOa,VIDEO,c55HGGvCjRg-EYUfAqN85
kh_jRUosGT33U7iAx0LbH,VIDEO,nQHG4jCRFMC1ltQQ1T58x
RPaXhlco3EBfnANLdzdzN,VIDEO,H85ANVRuKeigcUCuPhk2e
eGgOWmOW4iJCQitgxYuDA,VIDEO,hrZR9wixg04ZNDg5CYvhv
2KLcsiDXPR7xuvI1V2eK5,VIDEO,9dgm7Vflw8C7hiqKxrp0q
8KfshZMxxQQ6ssgn5moIW,VIDEO,3nFH6Tfnn_mgChKSzMGmC
RiqHpSdd9tElAa1ABzTBI,VIDEO,MmTImAU5wSxlAYTA_qHgM
tleynbfut9FxvumDBo6ih,VIDEO,lQ-0r27eGLjTM0BobKKsg
6oEA8k5K_xIhpRBhUAOwi,VIDEO,latH5XBI_Vix4JmuPPSXz
CbatwSnPeD0ROq0kpSaDH,VIDEO,4GngvvtktjOdjbnIHyy3l
m2IsjTJr0uLr0-GvFuyDc,VIDEO,aUeT5u4M2Yj9sGGxc_keY
VZD7Ef9uDeTTmSJ5gAg9w,VIDEO,J8Q_kYkIMDMNXeE-eknin
_bdje-r_kna9j-vu8bftQ,VIDEO,_CI_duNVmf0Mu7wHPX3md
INAiOw-ShKeXLkLzaKjfQ,VIDEO,FfP6I2jvUcio5F7wUNfFQ
Mky8r4PtteTLJM6mNlyIN,VIDEO,YRgY8OC47s30ZA-eP5D9I
k2x7VzfjT1706yp5zEzv5,VIDEO,0DyMSY073xHWqttL9Ts7z
kneLEEY_XYTl_kogPbopx,VIDEO,kUOhzcqON9t3DAKKFNSbT
Ds-tbzPP_sOeyzmQIhMvZ,VIDEO,pRhTqguvJUr5wQju2tSpP
oH0Zvblo5vS4zwO764TDH,VIDEO,2803dVknat7bgh5TvN8Wb
wVBC72UrSGKUx0UfzElN5,VIDEO,k0mVgy4D5ZNWJYgu0uGM0
XXr42w-1XdFg-OKRPNvXS,VIDEO,GH_ykNN-wMcnMMs68x6C8
roju_Z8pr2-J-eNJ8poPc,VIDEO,bKeX9X1aZI-aGdLex31lN
R818SykdVtdEgG_V2eoAV,VIDEO,rdvrSTpJLyHTakR3U8Dv5
H5NEcShR-cYFLm4lIGfQK,VIDEO,KkTKHEcEt2uyNv55ArMTg
YhXOfcXO3QElVLY8GIQf-,VIDEO,Ep5J1l_Yr9A13aZ5clf6v
GysHmsB6o7TsN9GdBKb6E,VIDEO,8BhTrAdS0x00w_zS0dssx
ME9YqwlT5as6U9q3ACJmb,VIDEO,51VTi8qX-B8ALX95gze5D
8XqW_Uf-P1Q2wSJySCDo9,VIDEO,QYz-xcDpbMALE1RCh5KtE
r6gV4FBcbnJbVfEWUrn2h,VIDEO,lAPZ0SyYZAj4dNZTsbQEZ
6qkb_E1ivof7zbvVsy5ve,VIDEO,cqWJqpriCVeB1UqUyRflh
vE2kzkfny41tEEHu8Hk_s,VIDEO,mPQ8opCcrPuEm6ZBcc680
sthyZl5Ai9mKpQjKOVWq2,VIDEO,mrbSaAXbrQfHESnPlLpjh
oJcjES3PVglIXGsft-84o,VIDEO,jP-w1JalavwIVV-V_6sWZ
y7_JT2Oloa5NGPCcNayUz,VIDEO,-tmFR4dYk38Akciwo0vd4
9P31BCUMOVc2p1OT0mJl4,VIDEO,IXpn5VCEcPw27vyCvluHi
39mH3yGE1kJiRHDlI9bkc,VIDEO,xowf2z8nCr3PgYO-SEtU4
QLqJ7FsQhZ5QB_dRmkDJ6,VIDEO,87OeSS9yh15LdyRq_eVJA
NUCZ5S8hpejyxTyyud_uK,VIDEO,1oubQDzw3MiYnH-uvK-AA
CpEnSR_x8T7i9vPUVYUEE,VIDEO,JYa7EzEvuU6-Sv7wOLclw
xYL0ri3N33Cg6cZXANOw2,VIDEO,dGjVOt6CAHpFsjnIz5L4r
tIafyWXVfXA8JFhK7VWLE,VIDEO,Z-fJzRk6hK2IMIMBEb-6K
e5iER5Kb-kNdsRHOWwM9H,VIDEO,1E8DuCR9ec3cx0hW3Xg4s
k2wsLPKf0Bh5Kd1AoXG4d,VIDEO,PHIAwr78Q00sPrPDXjek9
7SxmeOeyMVEUOYHkjEWdb,VIDEO,2rrKoJG1XcIyqd1BELGX9
v4hTG1ocAd7YN6lwC-VrL,VIDEO,uWf_Lawv9eySdeLOvMTJY
kAYSo-NACBwQfSMjSsQuE,VIDEO,rDCigced8G-RaHr-1bBlJ
KQiA1nyQK5CGxSzveOG5g,VIDEO,Lua0rp9t5HWgc_3k-cF0m
xVUdeUCCxT7gTdXH-A8RV,VIDEO,IE2eXVgualRRiVsAcBoYI
bCV1jULL1yy0ls7UGJLV3,VIDEO,wF3F5hASSWYeN7aKNBnP7
E-XLGr70llygVnMIIiVbh,VIDEO,x_bRRJrUO0FCopxn5C8Du
cXg4m4Evb9evxHcuf8paR,VIDEO,vmsWnie1wu4M3Zb7w0QOL
kr08uGAgqFcRF8Chb9-hA,VIDEO,UShyQg76DyeS__UYavsrL
G4I0koou2687wRyZroI4G,VIDEO,MR0NwQmyLWUCSAWhJagf4
B54MbVub_lJSgVaOEEFNP,VIDEO,eE8ihKChFZe1xICj_nwiY
6mFfP-J68s6lEF52PATfO,VIDEO,vqXCBC10OcpsIxky99ZSt
kkNva1X_ML7jBMmbkgfiB,VIDEO,OJmTzuwnBsmxGj87sA2V-
Yl47o13loQrrvOJwEgcdU,VIDEO,p26-iTfqXdQvRZXELgjx8
6rbzDWZVK_M-Yrnf930lJ,VIDEO,pOfDYk58SEa7k1BBcdOK0
9RrsvWWfVS_7POMOt7dxL,VIDEO,f84ESDSfHMLH1YtE5Z1xu
n9yLv0v5Jl3THu9kiOvfD,VIDEO,x6zA8cpm6W4CzN2ICXwaS
CSDJJVnW-mnD9l4b3K2gF,VIDEO,FJkjSRVW5Jo_2T3ZYZek0
L-URY7j6hqsq7cF42_DtW,VIDEO,leL0gdmNzwaPXP9D7XkAq
h4cxz2GexsFMOHmFlkeZ8,VIDEO,xZt9z1NyX3Mc7OOzawLNZ
mSW4UxM1x5t1G2pVVehTq,VIDEO,JNAyV3u9NV4dXq2ogeAOb
PqOA2z2OteHJ5fzl7_wE8,VIDEO,rzw8LjHVdjIY552N3_blL
MiOlH6vx5ryGQGelIZzqR,VIDEO,lFFvUjvIcigKvcpBjmiKn
fViMdFr-nsabtaC_70CjK,VIDEO,IbZ7ngR3bpKyH0TZ1ai5x
uLjKzeyJevrgbNNIAqIu1,VIDEO,_RvAVuC2DoJGkWHGp-lcA
FvUxQrxE55xKcdwUplm5o,VIDEO,3NyozhkgXkO0m8pTDKN_f
3k-QCLq37dGHZcPjmTshF,VIDEO,syhkaYraPrAjAP-LTVQ4K
ZD8NpOinNGWdEllGVaiy7,VIDEO,C2TIhKFrGMkLoFuXPzSY1
3ZjkOv9U81yJQngtekwpI,VIDEO,5wk2EC1ItwmBLdbvf0sTL
bDdFqmsZ-2oUsssRsxczZ,VIDEO,nsEGsNP2QHxWXtFI8z5Ho
V8JBAZLPzNSfhBHATnidL,VIDEO,803uBfsr8KRwTxdJnq_Iw
nq1C0QUMwabcIkgpE_EKI,VIDEO,jvJ1YC0OKWozv7sAYHydQ
Kouma6WhUKfMAMnCkXfsA,VIDEO,1vCDl72NeuEgoDig-ZJ1S
YRdo2L_XSUOaXciVucXqv,VIDEO,Rz2i8U-Mgjvwg6GHp7sG2
mdPQ7vUCpsOIh5t7r9COr,VIDEO,TtdsZ5v0M9slUVp073c7L
tXi4OdHBrPL_i3ZvcVQc1,VIDEO,xpIO1RZrOHdBoJAqpy1uw
-ODR0XwsDiDaGDvIQuzrL,VIDEO,SEjDTpX9niDaviec7z-h5
9Bm9PPY8RVbQf_DM4cei4,VIDEO,7IwBzb2IKQB6JnQHi8GUH
jAjxwKmMQNkOHIttSWYtr,VIDEO,-9JeqApXRhwfIH2pm-_aU
LGlbij_wYFCKBskW5dZz9,VIDEO,Z7KaKqc5TV5Jp5K7OlsWu
17HAB6XSTadSfcgai0BlR,VIDEO,UwcxiV0TNQlGX51B53uEF
rxrG70wbYvAFOnmzdysrQ,VIDEO,VVr9UWxAVS6r3KbWJGL5J
FQc0CILLCQYiN0ZrsI5w0,VIDEO,SQBmfIt_0pC5GjUabXK_J
s7s0Bs0CFeWdBZnzVgGuH,VIDEO,1VqK7xWl0DsN_A2FvJ1GK
pu2vL-ILrEu6nY1Y-4PkQ,VIDEO,R18BP0YDAbZKazOcVBMOH
899fUhlN6EnEmojycXrd5,VIDEO,D9h6MYLqtCyIEAnndWxv0
R7_1zbaJdBw4t6m_C6hwP,VIDEO,0Kk9SHxnUy08WGkhfyIkr
mO4bl-GLrOYPMvRtxqXZA,VIDEO,1v5Rth8nmvtmlLmx-Y_rQ
n2CUSgYHNLg7Z4DAs32-H,VIDEO,GdHwWRKzKQDOxdO52vsGB
nhx126tsR0U9RcuO6v2mT,VIDEO,3IsL3CveeUrEyIbf3XZrF
ay7zOj9lGNYg818yf9yjN,VIDEO,jT9stJB2lOHPF14BmSeWv
6ikOEEDH3IZX4MABAk02L,VIDEO,5FOS8y_mCnrkDEmpAZlzN
_2cAV0jRmGuuI0GfjCrUS,VIDEO,GAqmgjw4XecUqbYBPY61J
xGDdx871dw1y_xienGNxv,VIDEO,B7C3dZt3ef3x8G_2OBAIc
ryemAzMEfJUZG_QNC-gXc,VIDEO,viruKHZfNXmKTFiwxg6dP
Kpqerf0OIOxFuNef7l38i,VIDEO,1cFKiphWd9We8g86V8CME
c2EyWNnOmxZp2NJhKf2rH,VIDEO,xJ56RPJ3sA-c-s0rhbPsL
pmBY-oayXGaMHG4pLsqKz,VIDEO,RdoSPXXD2vkVG53Oc6kh-
a1iWQ8EdKZ59xbo61Zt0l,VIDEO,sQ6-llxqPWVGkGzgNL8iN
l7Kz_68hJcjCtblhKtOal,VIDEO,DUdLwlW5IABBLVrCQ9NrJ
ovnhtk4yRVSYFoxNPMnht,VIDEO,J9T9Q_gKg7rFREPj8cxIb
U1kx4q_Gn53CCrxnxB980,VIDEO,MWIfFeG_2lsdvtZWZBrv7
htOuRa3CChv6tnS-xt0bc,VIDEO,Uz8RJjXFbLzbSZzLVU9I8
LfQR_mNBAJu3KVt5TKmrf,VIDEO,g77MeDXAc1gIpw_EQDWJM
k9WuoL4vz69MvgoD5UgrM,VIDEO,RoGUC0soJ0D9D8sYg0tl-
Nn-kdXaqkcg5pegYk4tp5,VIDEO,aqfob2ZaZm3TsiVOGW6Nb
Q9w3WfKm4ycyTQBdPkNJ2,VIDEO,aBI46PVFE1_CTCuAPxJ5Y
p5B4H-HInCrpgEdyMdAoO,VIDEO,s7LwQuPp7hRUDHSS7_hMw
gxbXeEMCkPp1ZNg8XmjZe,VIDEO,v275Ix5KJoooTS_Z5XC5O
9DJIFa83iTKJUvU4Efb8k,VIDEO,awF6UPabsAWwDQ50f8IoE
nEQK9KkqLQfaqrFhZTfuq,VIDEO,jfLK_HxVO4SiXdz7lOZWW
GOMk2A4SamYKcF1kzLM6m,VIDEO,e3IW7O077LqD0PuufVeBA
P_n8zJW8awoaqjY2yPAK4,VIDEO,wNKXCOLgNmh8p0w1lNs66
pq4dgn97IkWDsJ43UcEs3,VIDEO,7RcCTBBQoEKN-vwHFno1L
HSFINdAbOgxU7ps4wLQ3z,VIDEO,NhIAckMXfONHqD5zWuiaj
w5d1XBlu4jZd3QTPvSMlm,VIDEO,_y7Oo0ojs0K8MZNtDlG57
x-iqJ6xHftn3Me-K1D72V,VIDEO,Qc5EmC_YU0VBImPuNSKLk
3lWU9laCpHRNOSJ9A_XZz,VIDEO,xNARlrRK6ozwfVLEkc8H7
zUUuV8-WertKlBgqIs7YZ,VIDEO,dFnoUcpVbxWht3Iw1K-to
Opi5px7AckZlIFt8TwYAs,VIDEO,cZ1QRGyrZGNvH3pvhcczw
pr1NqpHn6f80UcKTlX8CC,VIDEO,PDgTavFfrg6lKxEcgjilw
zqukpKouPoWu-GEYuqHK1,VIDEO,7s6Cb99bOWBnxXX-DWxQk
Bpq-MtSYseVh5ARMlqKK3,VIDEO,twccFlA1RBE9st6LE7U9b
_hNXegqLraIyZZPianaoX,VIDEO,DheIniwj-klu-m4iFL0tX
-GOydqw6h5jm2IbC0Mtbx,VIDEO,W3Rg0zwfAaPlD-tFwMu0k
LRnt3ZCOaTuo4_igPbr2F,VIDEO,Z1l5UlEqK4GA8h8mHp_o0
8sgOa32Vjkj-QGnNqjmRn,VIDEO,aSqNjSWWeICfJCpxbSGLq
6Ul7lxW5PG2wCn3WCwCVC,VIDEO,auvQ8ZopnbK7Btve9mG0l
7QCbeA_Fo7AckIhw8TXrO,VIDEO,or9j5sVTOpwDYRKu3cB-R
LW0yWI2syn3iZI4qYUeEG,VIDEO,RlT0V35TJVdjbnhMjJcEC
0x7jwCcb9u2oI8rC0bDyN,VIDEO,TxKxJOCOw3_2D-Cti20zx
aIdoTRkZUFJyqPZrXIM3i,VIDEO,w8P0N5-pRJNvhSHNnpD2g
TxZHGYFsei6xA-U9o596g,VIDEO,ErDGTnJzCR_lBiMguTcmG
44e2u3XMruZftEZ8VSKtF,VIDEO,g1vyM-XSdA4z4mCH2XrHT
ewV-b54I6gc7dHuFgQw2i,VIDEO,2uPfAzhnWxhVXi9TCYyKr
nl23pTOf-xgJqRVIugNP_,VIDEO,pxyN6PgfRZkaYfdj5RWZq
oWLa4xjXjQynlEfSkhI2F,VIDEO,lSTf13FmLl3ZgXiVl-XOC
Rs1Ia-Beh0F9o6WjwZgzh,VIDEO,aXxO9v7rMGxm6KsoOa5yx
Pynsj4SQpzDuXlAOUIn5t,VIDEO,urhDilaXjTDCY3h3MhcB9
ESupgIgBnBJRK9MU6wYuy,VIDEO,rN9K5curibEM8Cd8i48Lf
y3W2LYotlF5wJqTqE32VS,VIDEO,twHvOj4Rikj692MPe9WKr
wfGUdNZtJvfc20ZG7j_qx,VIDEO,J4xlyY05cmg4ckEDavuiQ
LDKI0nU9Z_PGD2KcKpEKQ,VIDEO,v2Fbp3R0Pfg_cf1lAmqsP
RbtUU4kFzcOqBjrN78Wgv,VIDEO,HgEo89QucuRK-fUCWSTMi
-mCEMCayNkFrHyf5x9EEx,VIDEO,5jrBXFeJw2AzS41XHsndL
73j6wNLXKJQ33lcFhWQD0,VIDEO,LQDwDqlY9rvfOOhpEUT-Y
Lw9A9I0yE46pO6Lq3wSig,VIDEO,AXL1ndbTM7_demjE1pn_q
a0XQI6GHUXxpDZiZskfiG,VIDEO,c2K7illcRPqCkbg92qPdV
9zLNCIjDMVM1efW7flPcI,VIDEO,hoONJ7t00WPeifu69dnSp
GwIeNuqQmbqT2L3p5vnJs,VIDEO,Qf5nRV0PrQzhs8ZIIw2Nn
xv6bqo4H79j4VXYTOmxuz,VIDEO,5sdw0E81Hucr9hiJ73e7X
lKqi3_FPWv6WVAyNfy0VY,VIDEO,a1jNcr2KXGwrCWfobj_Y5
oj4RLUjnUNVeocYaW0hnw,VIDEO,ZMvhdsEkI7QSsQzMtvdFi
c-ExA9EHCrXubWv-A7_9g,VIDEO,09599FriTk8CGDRBhF6gF
BSXJm6xOPguotj6U-pudr,VIDEO,qtnsejLfczBdv9qqw_erU
0V-PwppAPnJ1dbhCgKgAb,VIDEO,DfCGL4LF3hATe8ecfo9vy
q2IwDbEwYNBd-RR2ZL5up,VIDEO,_3cjP26dlX8ozRoDzH4kU
mlnwlhIebdVVGbzPshevD,VIDEO,ST_cg_dBqws2GIato4s5X
H_K4E3wpx8d1hYT8Cv0dB,VIDEO,gPQWWhy4lCM60uREX4T8b
2tA9Zj7MdgoWlxsyMudfB,VIDEO,sx8oEGATWrkGzPwiTZoEg
rJ_urZ7wpF0OC5Zser4uB,VIDEO,u78YmQM__jq-mmfPeJGRK
gvNA1rotLjBK0LsSX6uP8,VIDEO,-qZaFzBOedfLpe4IaGMMi
Zn04uFmioNepN5FV5O6dt,VIDEO,905cj2UPJTurnF5Jew1gr
mLy5U2IU-06wcSBjzTu5o,VIDEO,KsudpqpQgase_Lab2EXoO
-ErI8EqLsEtDF2gxHBiRD,VIDEO,hyxkwiri3HP0wYejnisar
EKFhngAsd0vE0kfQi_U9E,VIDEO,3iKJHt7Bs4pAq8t6nTRwM
NdBeabjZ657mLDUCPiasG,VIDEO,_ABtuF6-ntA4FN40W9Aaf
UX7ylXO0Qpj7QxWZMorYu,VIDEO,XuwImmQXjNv7iSp7Axkqw
rFMUNf-Ce-_HnUMfANwbz,VIDEO,VCLh39d5uF8psdTsOcuRW
c5YmXf-gek_eGkrG_VcNV,VIDEO,rfadDkFfu80sgrO1TVL7M
-1yhTTo0BqXB3jUtRmask,VIDEO,-kF-2E0mpcYSM0nQmRKVW
Zj73asr3iFRtY6hZrpYlm,VIDEO,1Ua9InKlGZ9zsgML-XK7a
TIvCfdmz1zh1IS0jKRjK2,VIDEO,QKYk0YrAw1LFHOrW-5klv
W7zzuwOdoBrIl_EmuYw5Q,VIDEO,zadgrRgH9SWZY9Z2L8DRA
z0D9PuTcZGaYwTwyQ43oV,VIDEO,5F7YHj4jSjSIIfBbiQFOt
Mp81wDbwc2BCOLlgvnOiw,VIDEO,vPla5uuZUhc9Z4pvUdVcD
oEqATeClFyvEork2oMj9I,VIDEO,GsSDLyj5wQeGj_yurRbHu
JCGZ1pA-1k4LxkQiSSGav,VIDEO,ETtQUgsOFuTWtWRxTiflT
CicQ5rXwoPuXX0AbGLEh5,VIDEO,Bh9kwQpTnQV-YD6OvRhFk
lDgGNkk5D9lhLuYlPkoyV,VIDEO,OIr8YIV5gv3ZiNNucj1MJ
8TPQtqaNinSxaoGsMxbQU,VIDEO,ceyTWNG-hHlSo6XrGxrtQ
fGx261UodTFLrjyt2c69Y,VIDEO,bYvCbwkvmlHRodQx8ZGV1
yFxzG7C5WYRlkEhShegpw,VIDEO,UcrYSjOkPedYi_8EqLGba
SFq2DBnYwEKSgxOVrvrsq,VIDEO,OsclNDxAVI_Z8A17Oolsi
D7OQ2P1Y3V8Ux5YFdeROv,VIDEO,IrKsAohCJj2mcn8OQapLP
q_L3cDT0IP9TB4-ARGFvj,VIDEO,ht8IREnKt7BnrXQi-_GuF
wCPlfCGmRZ_s3dqvvXfRd,VIDEO,gPn5n-P2n9ApJJHuS36qf
6nXG4rXGfTAiq3O6RKMbV,VIDEO,qv9k7uvrzH3wb1mxsFDSz
5M8Sr4ema3knvrgliV6Jy,VIDEO,QQUjsYCNSz5D6_h0LeMfO
lAzLW0B7g4NAl5_eJxosk,VIDEO,a_p_yJRpXKApCWEgXQ8e8
KRN98Zc_Ckbc66ok4cege,VIDEO,AKZInogMr5QEWeNEcy3jH
4seQU2gFLRpluaEWXEMEW,VIDEO,p9nqf1qN-Dv1w1vs2zNRQ
3Xq8BLrEC9_-Oif3wxuC8,VIDEO,RRO2QPL3aR91GZBAReziI
XLNK-Db0EHSBa0CgSn-KW,VIDEO,hwdDVRkpYKuvn5A8l-N8w
YnSQ8p_EUi-_x9KKfWKEc,VIDEO,EcbcYBOePsOD32cq8Ntjs
E2L1QBgxx-ercmCZIUfot,VIDEO,A2g2RhvLT4T3s0vUkikMA
bDR97p2F3t5Je29Vk5Hg5,VIDEO,pshHxz33zHb0nhANcKOis
Klfh9FggH7UKgIoXneu5S,VIDEO,mBJnNRBXmu4BG2uL7KfFd
6qi-shDsz2CVtFPZZifzX,VIDEO,HhLMJ6NeUGMQFHH8di0Ax
YYhAJjSvUxLaR6iQWOKvb,VIDEO,GAbychXIziQ3WESACi2pH
mpXY_XIeTaMWsPBb8a3wz,VIDEO,uZM8ls36-QjOW1HrjBDkN
dDEy2PTi3PkCAwUOOBaPF,VIDEO,sz9Kl784GBgBVA1Ju9qod
goULajQEusQ2fnp5aeRIW,VIDEO,j3qmOKf-hBtoRErMenWXO
cd9qPDAZp7KlaT05vAwua,VIDEO,Nh1An4IVoyQJSy36Z00yQ
lP16BVpjpdrML5zfFEvVC,VIDEO,jJgTiJXv239Z4UcbXVrly
vuAuJqXcpVAKHU8CVPkoN,VIDEO,ixgSVFgdUaPaCgJX95iaG
Lc-1Hg3Dn-S7ixU3eZyBv,VIDEO,R1SVc-cXIInRU34rmlg9M
wISSTWhcNY9JdMoYwjXgD,VIDEO,zqaRw-8OC-5lxbO6JTnlC
4V3L7ROOlNqAX8zvWJJFV,VIDEO,zPbTHxb7WU07iGM2Ui2KB
5XIROqqLWH23nztLohEGl,VIDEO,xkINIH516Hn5kG5QeJpkU
qblPpArWygUzfAPjulnQ2,VIDEO,eqnR-BNoj5DXyfPHGVXTw
IET1NCMj77myFjvJSDkJg,VIDEO,2bYnvRW9gvBDdEjEyEngH
cMct4BtxeTziTJMOX6Axm,VIDEO,SuKcm6CITzyJ-3dX3mZ9m
QIpMQDskVx19zIyWDvFqI,VIDEO,H8pWLeWmd83ZUrwi6oyjh
3xuAOfMepZ4tXsHVFWFmJ,VIDEO,xWpPRzmtnk88wgVKs-48X
CGb249CA6g0cjgBOZzShU,VIDEO,APW-HL9XxIB3BZ_CBEQFG
WLTml8iVmneePrb9KaYFj,VIDEO,HaBN2e3v-Von1YqE_XfYA
s6P6hEQAY0ScNkwtUqfgK,VIDEO,NOfyVTLftT0csy9OTeodk
fU88VbHszEvRElinNL3Ol,VIDEO,WqAD9X2REyQX3jwDqn86m
RXT6Dyj2sm-1Tigwgbebz,VIDEO,sE11NdkKxjTEbpbha7gwt
Iq9GWDX5qe2BifeNdspT-,VIDEO,0QdGPVpriC1_ec5tSj328
JzECm4rn-nN1MD7ZfqqCr,VIDEO,rdnwmc1WkZb44qAA_KiS9
sejvKfbn-tQKIKxiCJbmi,VIDEO,BzFJ6SjJqqz3t-Re8dV6y
tpf2lP1dPMduUbS8pNQew,VIDEO,EkAzlWtsf8qHRtFYmHE41
wmAgP9S72CkXnSp_scFt9,VIDEO,eYLEaZpyIXlg7OqmwlN36
XnipK7qz5Eln3ti9EvKPO,VIDEO,bHFhSuntCxdfdB7qABL-0
-wdtS-JcTlGatPrKdXxjY,VIDEO,oglvABHggYtPpHS00mZZk
E7Nh2en7nfectsx_wI4qb,VIDEO,b9QP3uRR3W0yZ8RpeQ_63
UA_pMXMMsLcFRav1GVEEf,VIDEO,uuA0RVyE9x5BNj9vHjMYc
sHTApv5xZBwarJA01KiXn,VIDEO,DimdktA1hdP_NNEOWcF_8
w0vu3RwxeeMKd0XKx5adw,VIDEO,ywLRer4iP7AyOWb_xhNAy
kl41p7XV7XMIYDsAr16_M,VIDEO,PN4fTPXQRpLOAmVe8jDFP
tLe88qikhk9cmQropD8Eh,VIDEO,WxDGzwgL7Xqz5pgJZj_dE
m5uNnw-sJTMkQSi9AulvE,VIDEO,9vOUVKbv8KE_DK4DI-wUX
Y6Z4jpYIt2NWKnF7gtehZ,VIDEO,2BMcp6OIH2YATDdd8oG5l
rc9XdK7g88J3PSYtYApBJ,VIDEO,nVbWLzIu1BSHsuJ1HZw5h
9gYR839IoR_Qly5ihCVHS,VIDEO,7bYCpRpAHKzjm4Em36tiX
5pgc89Gq-Yn4lz8IY-sGj,VIDEO,RCfcul-EqysRUmgRAFvKd
UnYtehXEhs1UwYoe1Ei2U,VIDEO,GGzOHsQWT4q9eCukx7P5J
6Uuj6xwxDYXXi2iIABadM,VIDEO,QjTzjECr5OcgY7v7f_u6f
FdCUZXNJRZ7i-_hDNkFhs,VIDEO,iIdkJdlD8rOzvoNF0VLAN
ncG5jKP9HSGaLY6SgXDdU,VIDEO,jGB-5XJShO2ANqXx74D56
X710-QuZcFkVFKQvzOR1P,VIDEO,ode1FhYKcvJFIrvyTxmHA
xQt73NX2S4c7LJmoPpmqa,VIDEO,Qnf0BGMY96Sa-2QniVHyT
eBRu0EKhs4vzROomCDcHo,VIDEO,unbH40fkZunrYCmR_ArvV
VmQURpvbPLLX-EJFjJZA9,VIDEO,oOhjXSxo93mQ3SkkkfxWU
oytrQrCQ0CgHRs1mimPS8,VIDEO,fNjqnF9ShkANEiaAWehZa
YAErqhx1ZK9Mp7_6PyRw6,VIDEO,D4K24lloRCyUxNcinUabe
66caYFFagHv2Gd84zaR_y,VIDEO,R_5nu-voc3YoXAJtfkMix
RI7YO5ExgfypIYn3qOgML,VIDEO,oO__5c6Al-9W9Y1SxZIKl
R0eUZcoF7a0Ap5l0Xme8T,VIDEO,-9rhRfSCZhpXx0ofmibkA
WyoCObEdrxSpxj1i-J_PJ,VIDEO,BgL9O8XwGHnFBu9Y1XFRx
EDgsD6-vaFnyHqYZqAc4Z,VIDEO,5mai2swOL3GLQRnFO6w7S
ddtE1cZkq1k83iKMlGihg,VIDEO,PbPwDMTBGbVjofA5h9eVN
_L1l001ZBWWZXRHlnt7IU,VIDEO,3lVu5d2V_2mC-KXrfYCwZ
ZZamAVE_vBufpy4W_snY1,VIDEO,BlX_crLufkMBfM5PzBiOc
npcf7T1U6zrPUmYHOtiDj,VIDEO,GsEC3vIVNIgSAGvYYBc9w
-BtlmUCCtGeRYCxqlZ5Tc,VIDEO,RyrOF7hLpasK4sbHUfYWp
ce6HD5me6iFV3oPmOmCRE,VIDEO,siPVR_KCL-T-fAYUM7Jd9
5801-Y3CcR7v_6kxNAYyf,VIDEO,9h6Yr8_rzuGoWrZt3kEtF
zCBW3VK3AW-r0Qkdfm257,VIDEO,is4gsf2k1ZdWsiXH9P073
XLMkuOgYbobN_ocQYg0ON,VIDEO,PVKAG6pj0VqiUGKhiBUN3
z_k0YTPIe5y8ILGHaaHI1,VIDEO,-U0XIE0T5t440toinXxoy
LUioc19X6PpZBXmWdR-B5,VIDEO,1EobbaLU5ElnjZSUB3L7e
rbAQPVE4ZRvPDLd7Nbcb2,VIDEO,bRDxdNQjc_ARKAK1vMVaS
0hcrCCHIbHvFtoZtx8Pvj,VIDEO,MsLE-wy9DRcFOv0cA6_4F
n24oc89LV4X0D64Ov1F-B,VIDEO,NBYvS5YuQXeB0vARThRrb
BrH2CSAQMorHFRmJCxcjX,VIDEO,Hw_2xtZ2cbldRdwCFN7A4
JomdU_Txn4k7n-SnBMdP0,VIDEO,NNwa6RrFN5kBvdq8K8QnF
mJz7YAGdWZ5zHl_dgVHKq,VIDEO,kuJQiSMaoFfunuAINO0ji
D4nS7r5-Lt4jlDtyXn3x6,VIDEO,5rwQmZA5JBdJRjYEBEbXh
lqC2lXfYUr7FXA_TWJBp5,VIDEO,EAHJ5ESA8xFkmWVuFrcNI
AX3NwDWDY5OYr6BZYJRor,VIDEO,kPrcnZgpbd5MhyVWKmACf
2HILpAYGMLWaRBZcEL_bm,VIDEO,W5ggQIklwLtv4vSaUNGSN
64-bWKMA4dE1VdQt3Phk9,VIDEO,QIymPV5VG_CvQ0fV5cWc4
CF3bl3vTQfcSNlkX6nC3b,VIDEO,3nCOjSNlISPL0VjwIsY_v
w408ZTDde73pVydjV3lHI,VIDEO,r6OMcaZlfRvYnJMSDkxHg
g1ednCaGiCuCcJFUc1-qL,VIDEO,wVFRTNbCk8Dlpy-ZqO43W
kUT2E8K1qPh8_qIYV8BeQ,VIDEO,CSnug4btK0SL6tFWx_egG
jZznvEXHm4XnviMTfKN-j,VIDEO,2EPCFUp5ekQLpx2VST-AP
S6UtIiA02QoxsK_-NESPW,VIDEO,X5-iff7SoCcNEUdmqcDF3
XZxnFKpAYNArlGX38pAIA,VIDEO,TbYfoNVc87JdC4QE5NcQ4
KKnR1to4SiSMp_yV2iHsy,VIDEO,imPczHhdsxw_BwbIaMg8b
Zl7WBzwDacxTPYescklQn,VIDEO,BMfuysnygRwLH8Ja_-hgR
Uhb34dNVcuoIhr3HXWcud,VIDEO,AFagK8x7KHLPGsyNidnI1
om6KsqAazuzL0cEFPe8Tp,VIDEO,4c2RapSPq99SkmXVT5qcz
-RxcDriqfTbMKnSjEhZw5,VIDEO,7wW67eroy2jbB_jXZDLHP
Z33XGkDzd5ZXGWU-R2MJL,VIDEO,ry55FvwFUuk8iSAA05Osp
KXfO9n2IeMYAE1zRr-9bi,VIDEO,8DbE4eVjvyiNwy2pd8IdK
ZxiDhBcJffCT8olyinRNi,VIDEO,Y4F03YC7OMYKBea7bxaWW
edt18qcipsrqNn3Z9suOg,VIDEO,AeawHhDYafmcaDgLayAyj
kZzTEQ3SvZ8wR3vFJW9YE,VIDEO,UkvQ8v9pKEsu1253ZTW3q
j3DXQn2R1ySmvW-E2KBLJ,VIDEO,-0hFT4WQPaO2hOv6ONm2a
a_Ak0jGpIScEoLosXKYR7,VIDEO,s7M50uQswrUc9UcpvW1ep
HRTtpD8F7x2Gy5G8z8tp6,VIDEO,WawK99m-PuytQn-j1SAUj
vY4VTeOV9DpcFYvctPojz,VIDEO,46kNAOzDGcz-X4EDIzZFk
illvPIBneGDFatzlmLnZs,VIDEO,8zHr_kVO0l-Smmck0J6fi
iNrdE7FlSijt2kUqlOrnv,VIDEO,cUIiRFNjDRoV6zyLedI2J
hu0YruWZb74fJJ36EuXaa,VIDEO,fczPikoEtr0mtCLuDQkOr
FR81tJlT8GjpE_YtJyHNA,VIDEO,JaolL556-ZQN6_Kasl028
g1TJnPCAQCGOO9dV_lgPb,VIDEO,8vBG23VLVGmL0C9ffKI-f
o293HC_IWfeX9lWiIy-IE,VIDEO,VVEF_UGBxQtFB7BTGo9-B
9KsxvoqyqENAVcQ8ybWYh,VIDEO,B8tsRCr7a5fmtXv3f2j8K
rq-q6aqsVZKFi7RVF6rOt,VIDEO,M8uYpFTP9hIm_N7wSfOHN
7eZ2EQC54vlVuhALnsZdD,VIDEO,rfj9sy2rBvSyVKyrRbUke
_YKQBOXDtLtAu73ycDaKG,VIDEO,R29-QcecRaGvzDU5NTMSf
gmSxhVWubeNQwjMxesax6,VIDEO,bX87XLw_kK-PVEZ1049TX
Uczu8ZJYJ9w8lP5FZdG04,VIDEO,7YxMUCr6z6NVAUhWpzmIG
sA3O4ZQ96Zjla2xzoKG4D,VIDEO,E2uD1jD9890TNfDKEA2p9
987JeG12yvOuS6H15uWeZ,VIDEO,k5drMHJvJ6g6g48n-uw2Z
KRE9ihe0bd_2Poew9P6bZ,VIDEO,tymVMou0IqV4h9DprCbWB
rkYQKtQuNC2wvIPq-lr98,VIDEO,jCXpeE03lur_72mT9qV1l
yICpPNkS1rneCrra8ciG8,VIDEO,qPbD7JtusUs8irT17Pt-T
8FoqVqz9JTwz7pF13WM0e,VIDEO,Pyr6-TD5owe8kUqi9_xKz
TiqTI2P8tAGU36CjYXqp_,VIDEO,2pmTI0jd6fg2e8faKGdwC
2UBVOc7EXAmDtLIKRPVlz,VIDEO,Q2xS20KG_gRo7jVDfC2we
B3gzwXKADB-r91eykKdS-,VIDEO,UUMZIrbpx9x8lYT6w2X1X
oKbAnR3eA3zOlv0sIbugW,VIDEO,SQblluuI5MsDD0KbOMW1H
D-qnVABvTaoMbSF22FjsU,VIDEO,EMqs1EhDKDmxPbfni80Um
VFCMyVIwP_UImOzzsTqSK,VIDEO,CLxYi7536LWDWaZtTchPu
V1KD5SZhfScg3_pif5b6W,VIDEO,aJqWvPoHqC5ZrEXmTSt2x
MVKSH7Pg2nfNuxYz04hCg,VIDEO,Gd8stubydbUdCf5Xhocql
qwsfH-eKsn5q5iSeZYzVM,VIDEO,hbuWvYm7clDlanvqZihj7
jAXN6VSHqukO8K8NMKMXF,VIDEO,TnuNQ5-SDo9ZbPyqMAOFp
ztprv-_zbZtzpPGwUEtkb,VIDEO,5ppxjlf4rYf15otzdu9PD
4bubJT9bOT3s0LnLm6_zL,VIDEO,hPz_4PMu80t-QMes_hff_
vbwChBU_u_OCQf1e8iS8w,VIDEO,MwahdHNklJjT5NIOPXTIj
qpLzWSHr_xEGv4YjK2z1a,VIDEO,UQ_vm6_oBaT3InYUSUpNg
5DuIBRF6GCJlMx24BlDl5,VIDEO,owg0pecuFbCj4Ok3xA9jS
qurVUb6S1ZNSjeSuWEb1H,VIDEO,irzX8yqC7e2svlqzsG8Px
Im8ADUP9iRCS7oKz48lvS,VIDEO,y96h_sPjRbY5PJUul_JDE
7a1YEEn_EQ6W1Na9Yhbk4,VIDEO,KeQQeQBpV1w48_hq5N7Tf
Esj52J_y-tZN6TTljo6L-,VIDEO,6_v5gAOS_QytkXje8z8x_
IUpd9LFCeZ_XnH2ml3WxM,VIDEO,Wi9ZkiCql529e7M24cWoT
W9ApHU3WOL9TL8tfjnkdp,VIDEO,WkIHYABJ7CxPwI6RnXvNv
TKusRvbwLlXBj8xfLyguW,VIDEO,hzBG9IH1rYqlhbkSTlGUM
fgYNRsd7YTy4smkg0K1gV,VIDEO,7yyJGA3hxBXuD3ZVWuCW8
mprokCnNfHRVAIsMZc-8N,VIDEO,iitDKXUQd2VISq13bqGnj
7SVxCUxTD5uCtvVMOZD7j,VIDEO,hM4PZdJCQL7a34-oo_7lr
7MarCsELgVLQbcB5BxYwT,VIDEO,Z6xcFl84QtFgp1BrhAEtG
bxxZbKfKZX5PvyI-9NXyw,VIDEO,XkOkXg9ziG9iveihXSlJ7
tpfA4YNBBrM9w3NZmRPa3,VIDEO,ATIqavQKYWvYyulUEy5gK
Mj7gRv1y_-olcKSqr4oRo,VIDEO,akXpHb1MK3y9lgoHmXwmj
Slf64mvK-GZHKXJ_p0i9v,VIDEO,WXQMlvfTz3nxltBcbu0PZ
IbFPzm_H5bvwB5trU7_67,VIDEO,6vUd6IDe1fIbR3wOxC1xE
SVb0mpDTkt4YOPCJkZn2z,VIDEO,y12W-ziz284GYf0F97n19
Pc4Yo4UiwkfJ9ESNFDwyq,VIDEO,Ind4WrqbESG88dWKazbeW
Xr15roQ0W4-QRP0bUbKis,VIDEO,R9q21Mte5X_BE9t99GbXY
rEQ_kmkl_qJtNsajjzX31,VIDEO,5MG2EQ38O7H9JW2errDJl
27QGNttIJ4C_3VBEW0snn,VIDEO,EqxEvg6FJBB4BDY4f4iJG
Qy1KmrGLNkxF2k8OT4FQl,VIDEO,PZqD3Xhk5UqrU7fcNP54i
SnZg968Uw51nEuaYXkdxr,VIDEO,hd0cVgTL6cPEHg2fBvT6W
_2wxYA95SCZQ8egLr339E,VIDEO,f0JnfPYjD6S4n70OOb5Qx
y0bK4rQPo2iQuk-V8Agke,VIDEO,kJ5g9hINXSSJMi_qL3e-v
GlYbqT1cJYJ40ibP3Ygyn,VIDEO,_RruRHjIEhCkRBncWQ25a
54zlFUhEasO_1UrVpbG86,VIDEO,7MxX-USEU10mJZAddenW3
wk-uE4YjCMym8DCG4LhyQ,VIDEO,pDHkFTIvzkvfDRkpFMYj7
sNh8DAPqGT7goDoamU_Cr,VIDEO,wxzbZg1Ohek2XOaKZ0wJ4
ElSQRSb6IRGgTRDIH8iwS,VIDEO,BMPAWQQdtFm5nTRUQUTL8
A71Xrllk6JtC1nCBbTwNw,VIDEO,NmXvI8fm298o60zSV-xY-
f92PiiZ5PRWs4veZ1CFl-,VIDEO,LlCc_FxoLpRSJWRBH85NT
X_nlERyLd0hUIEM2kmRtW,VIDEO,4JSbDr0nL_ZLAXZODHyfB
ncvZSwjNM-RM7Qb2OwX1z,VIDEO,Sbgrv4eF8zVtbletL19hr
dNaUTLOWXCNKaDQdsa7bs,VIDEO,zEElhQ9ImW3OmONUY-BvP
h68_9wcH-dD5UDMzyNxwh,VIDEO,c5aF-VGn89-BNIMeevuB0
-J7L2qj-a-FxZdg9NOk9V,VIDEO,YQls0MgtV4gtMwUURpjtS
sOlLDcn1KLnngFWp2gAtp,VIDEO,DuiAKzVUEljnNSudT-Wml
CZ_30M1lJkzR9Ka2BxtYq,VIDEO,c2hId2KmCYV1vQK00ztyB
eIZorgcWhPD2bI3kw06Mt,VIDEO,oHySD_Q-2iCTs512l4sYR
w65CTz5tjJbNwA1mMLMaj,VIDEO,sJh3MrOrROZTndm5cX5yk
17IgHMr5VE0tC1CQFlPHz,VIDEO,WUYaz241ifnMJbkAQug22
RIDCcr3fnRfKKINMnGetU,VIDEO,A1E2QZneZEijKwoi2OEVN
UxZpujOJUNaCtIjhpjbCC,VIDEO,MOdFf3zyg5C-H3Nnnladh
W1DmmkZ6aHadB16mwdQJe,VIDEO,YfxFlJYOXaQQICdW0iavv
gqHYqO8MKBsaGrWPvYLTm,VIDEO,J-EWfTOm3eSms0lRbvRv1
nKVqIBm2TZXC4Ab0oGIUC,VIDEO,UrCFQsGFsS16bPMPs_DgT
B_fWkqVHfCxv9DJB10Pbv,VIDEO,1H1tTSF1DngqIIoUOtetr
2QEUFb8yivG18T4QluY0q,VIDEO,goB7RVL75ILI4bA-Y-dqS
QE4S2EFDpbhNsUjgb1xyD,VIDEO,dSSDqL0QgF919oIgyV3f6
2hxeWJe1FX_zM2nVqeyj4,VIDEO,zZtCC9lU9aFc8D2-6-Ch1
UkCuKbkdMC12IWNJ6RZs_,VIDEO,1GmcQV_5ZlSfiITGyAyOa
9jvutUSbsg49z5cUDDKmb,VIDEO,ETgjZmfnGXssKh3trKCwF
yRrEfWs8I1VYJM5bfGVxA,VIDEO,OADh-2GbxFkE37_kX9ofS
Jz-OQQr1FwAGz0G50IU8M,VIDEO,iPb_LgUVDehkLAhjhMl5s
v1csRoMe5Hfn8dVZDA_zv,VIDEO,cyMtS7Rs5dwgG_pYXZWIX
-hVLSy_pzLNaUqkP-Sg-A,VIDEO,1nYscXzEZJ1PXWOxcJxzz
KIvrbzX7th1vskvRvQ3jA,VIDEO,z3-JLo6rt-b7-2ZlAOtPB
gvcl0t3BQJpSnWh6HL5VO,VIDEO,gGJXWoxHOu4MteOzc4nkC
D_MGyitOoWW14TYqy5TUc,VIDEO,1Kt9Zz8SdZI7mOClaP-cY
FN_pzhR2c-JnfNFd6WMcX,VIDEO,kguG_SChpGeAOA5BbFpR4
_NvBVNCBUu801JnQhwTJv,VIDEO,arwxsKQ0KPcL0YDL61F4o
MGxnxhBbaHDO9HqBCAE7S,VIDEO,WHX_rrkjz_cTW-Zm2iSRS
YQpWZGzmOz2pquLtdBu7d,VIDEO,No5zmfbsk_HFMQNjFCshQ
j0orWRTjgUk6sOeGRoYYG,VIDEO,lggcwyrKJx8n_WwDLVZS4
BSuGlf8ylFY3PcnBexhoJ,VIDEO,6Xc8lY402l-zgX46AGaBU
MsXt2Ltz3563ZnzviugvQ,VIDEO,g6G_u9DrjsTkanEfXebOa
INgaDg8d28pYIbyOWucDM,VIDEO,wlKaDM3Z7jVrIWMJo-cE_
WOGdvht867plso-9AAawu,VIDEO,kXnQBIGOS-THKWjp3Ndp_
fGhnatpCepJgCrmJnb6jz,VIDEO,qiIVgNbVP0mQ__klcc0Rp
wc4uUmW2T4I83bUS3n6nK,VIDEO,pSmlu1Pf7QMgGbTS4pF4j
Guk_tFZgtYkXHHFuyuFAX,VIDEO,N3xn2Tj5qk5As5D8ex8-E
YXB0ML_is2s_VDKDLrxtW,VIDEO,crOGMutvZy412A-cWDdQF
4YaZQAe4OJv7Dm7wKXz1y,VIDEO,prv_yZi4oYDoqsWTrtYgr
C0VYgMobu9EuVeQnf7Jva,VIDEO,3q_8azeC46D8MFYDalOi5
pQQGIJpFII7Xt-KEh8l8F,VIDEO,WgK_YUiY4bLyEUSjoiy47
f0LsecwozYU_sMKFKWjXM,VIDEO,myVWXUcr6bsXlsNAApv1i
HJr9ay8TFGQLWrs9NpoAI,VIDEO,EDUoJhGnMRPYPwaNo-nYT
cwcCRKgKcN_PUypIq2aak,VIDEO,d7LSeBoIL27G-9X0VHQ4i
rkKlH6Vn6aHdUtpsycqNI,VIDEO,DwN8qI8eg6-6mmeNCneFS
6gjsaml-zm08R4O0jLXOn,VIDEO,uaSo5T8nU6DP9r4_K5OgX
76vQgDdyuyV1zSMoszScZ,VIDEO,zXWkmie7rXjIm0reJsNlU
EmthUxe6LtCIDh5VTalqq,VIDEO,_lxBS4NpjPFj-m1e6kwB_
FgKA1ZBlvFL4ZwiHQI9cn,VIDEO,iolY_KTzpOVXCtJNsl9Kj
8s-7B_ZQ2J7Stv54Wa702,VIDEO,IAJGFio1wJLuZNcNlpTVQ
0Z6ySnymM7s_FkEbRExe-,VIDEO,jVW2tS9Rhir6-PZ3pHgAO
jabJkKn6SdXCTSA3SsMEk,VIDEO,Bm2dtUpceXcLLI_cJ7jM2
dCExpN3FkV3OTCGyUu3Ck,VIDEO,OuuJ66gY5k3iGvI8HuPhU
Rq0kH-unplHWJRGHLIy7a,VIDEO,xhpP0SUWudKgSGvnrt6wQ
fPFX_zCIBhkOmHynKkdKP,VIDEO,PMdi7zGTgzquzTYRMSkYW
tLYxAArS1SE6PTGFPKgzo,VIDEO,fv9pp19ZrAnbGxDx-TKAT
2VJ8rW0v7IXX_3FBb8vah,VIDEO,T-xjVw-BYLBQ78TGMGfaF
zqIwNc3PJt-ZXWLY-rtwA,VIDEO,wFh0os18a-GgnSeWx6Xso
JW6jPNh-OI7jT02rtmqCx,VIDEO,MhnbBhKQAJrGAWJ1FbEOy
SnX3iOjK9WJqkS98c8xGC,VIDEO,dsozagxPO5KYsrDkwlR2t
ORYH3Yp-PYRHkLCDE4Cm9,VIDEO,DN7iCBAfSKxT-wZJdHP55
TIFqtvYKI97KEGPL4vAx7,VIDEO,rtjuf8-Kc6kzbzD_kT3zL
LrEUuQyGoEFO7zfG5qDBq,VIDEO,2tikify0rcA4-ozq-7fBZ
73_1k_lVNMejxMpbHvv-J,VIDEO,vTivO0gxxmhq5cym8N0ed
hLCx_RUXs3Gf8GjklRLKh,VIDEO,_zWbv738wwNVkXMPKOLpb
jcM-C3RNKdsDm7HjVVGz0,VIDEO,E1H8MnVKwJIVrDJKMtTp_
GSFFXSeB8zFlaH6w3G-ov,VIDEO,0HOJo7lx9HhjNyeG9Lhka
p8ej-fsRl6mnpj2sVL7sI,VIDEO,jttdBSegJRtGz28mt9j7e
XdVMxkUvKrSB1bsgl-_gD,VIDEO,Vt7qO6ztB4su78I_6uUqY
zI0d-Xo1LTGnayddOtXFm,VIDEO,qaUAsYPzDNL3Dniodin1a
b5VML81CsydBbbYMPJghg,VIDEO,h-5hUlgcDCMpCdvInTvvg
hFwVB3ZEDWitFKiSjC3of,VIDEO,YwKI7ZcNNlbRynsU8AoLP
1kvd9RYz-AusHaQ9j29yk,VIDEO,VIqkg9I5EzsFd_4oA9zzM
NXL3Gn60gSlFImDpDTl68,VIDEO,_iLFbdtupIPncNtgV4ae6
iKQz_-QzoFHyPhVMEtAS2,VIDEO,t6K5ZHnkDQECcT-DXSg1n
_WErfghGpRHLxwgUtzP8u,VIDEO,0V7xBMzAR__k3TOghFsvq
ZUkB3BXLwGpFAECoe1H4u,VIDEO,CPtem4IWSq_6YTWiz8fRR
BTc6-Kj5JDzkSjXNfeOOP,VIDEO,l5CHveQ_fkNkhSHESV9eh
gXwsAnkGOVbvEpe7LIjtq,VIDEO,OvCGpS81W5FlxosO4dw5l
DBRM6TDkcJ4CkhYsXwmPn,VIDEO,RiPuRfblMxWG6047eJJne
SkUmjmNSs7YChukgW4L-l,VIDEO,b4lxCCecP7X-LN5UBBn4t
zFTEYbhV_KpPDLdF8GbBr,VIDEO,IiUoT_-jjCGQ7xZKUW9bi
YEMGSyqI3Nfd8vkGUzEq_,VIDEO,H-rLudzCzuwHmlCwOkIaV
6mu_O-9pq901_4tKtQ1-3,VIDEO,ENcqvK7Qi_X0uyKnpNZ8s
MDwGtyr7sFUS7HT0KoRxO,VIDEO,_NwThVldGeKzN17-EuY_-
27OonlpLYbigvPVPvvQ-2,VIDEO,8_X64rQhzSH2physqrwsA
d3gwDRSQtDCQ4ElAyXz5-,VIDEO,WSXP7RxU9YRuQkSktiFxh
jzMREckKUJn5sCR0i1_qG,VIDEO,RDL-QRU_PMq2gkQvhi3lF
6YQYNef0JpGxnTB2qO0w0,VIDEO,vmZPHFQoLyCPpLbNb_FPI
OkR0ZVU7hqxkAcz3e0nTX,VIDEO,SqXTZVzCa2Q9eOko7Ti-P
vy4VXYA-zrJCfgvGCDK1V,VIDEO,ZOY0aYrQMPPPXZ7aM52SQ
Cld9VO5CAZNlHJvky_XvD,VIDEO,QOHNQM_BQu0brkx7lDdnp
5GsuI4841O1dJSkRqCvvY,VIDEO,9cavnAr_Eqhb2Nh3oRTe4
xNOyFz8UyB6s9jTr0qBKT,VIDEO,6WZveRyQFURwZwJVvLN4o
yrOGv4fenFHiBcfU-txOU,VIDEO,lCEKdFkUrwHxlRNI7tG0l
31RVEp-XVh20MTmLwh_xA,VIDEO,jNI4iaJ2TdyAfTZwkzgpo
CSEDp-9EH7otIZerDifyc,VIDEO,JO60KSVp8dvUaZb5xuTS_
c8WflUQ0FcU5oT8CQZmsm,VIDEO,xp6WC7rQ3havlwU25Ib63
olkZjJU0t6GptLx5bLujU,VIDEO,gAqVa896X-3HcEWq1TxII
FdGKkS80DXibkJAmUypeL,VIDEO,SL3JZGWRB1S4b0KoploI6
lt0mLEqIn9ql1sC041qsm,VIDEO,9URyUqu_9y_K7B-LpZkgy
2xUE0CJ_OaVbdCykT9alH,VIDEO,pnscCAD3jWEG9IQVCxjzJ
VeWkIf-EuXqdfN4RphEOk,VIDEO,gaaetD5M6QBu9_0DAqR-n
Xg3v515FpmxeLDple-Wts,VIDEO,U2mt1A_KbVwlY6hpJxZLu
AKMmV18ZkEDaBli4Pgbsh,VIDEO,7F-pzS6xiak64bi1Sdkso
ZLS0XeTZShpbClkr3iA0t,VIDEO,LZu_IBcFFKeMaqWxLMIhb
_UuqPiqBbbxqsszek3NJs,VIDEO,PDvzFHhj2fiu6V4OQLOxn
eKwYKJ6xCMjI1GtLFRDJo,VIDEO,dsAJ5Ici9LxxDp5XCetRy
6visSXGy49Uvvfm6EnW0f,VIDEO,1w-CgbKkfP1iCPo0-eSd0
DW-Zo_MZ5N_K4JDqyVjZ_,VIDEO,R8usExDqm-tUMI_7be2JN
Zqjcl_WPt_wCb3bUrKPJv,VIDEO,zcm0vSVBKLUZYgteLvMuM
86Ng0kmJWlVVpValegE0j,VIDEO,wYadoV6KDNUcXK9CvYJaO
jqOq2jf8I5C6XpyX5Y6SP,VIDEO,hPnCyU4a0nK8-qv3yClmu
6XCDQ79dBbp1gAsQH0wQK,VIDEO,XD2Nq63gz4d-yYeR1AzMn
MBaVjfBvOdz2PHH4SZw-h,VIDEO,K2uaL_cih-7d_iT380VZC
8ysHAQ2Px7MoLNu4Uiis4,VIDEO,LOn1Y4twaEhwcvRgKTiEl
7Gdt5odHeDPnfoSwgMmuW,VIDEO,Qo9lrkZTddEwz2CKVC3oA
7Mmm1IhLi5buQ1TQ8RP0Y,VIDEO,5CC8uXHVoY5J-btROvTdr
ZYplN3AX6BGa_Ksot8dzA,VIDEO,-aQDF223YeAQHeYbHh65b
3TMAvCBGo-3ixY-ucdigj,VIDEO,H0VfX-EHAX4VfiN_0E-X3
a-h8xrY5P1xt_G5o78qiW,VIDEO,S2dpvQ_PMb-tmT4iFxyDJ
aNonCQXltcHjwVW_ieWot,VIDEO,XEt6tVFcfwlXD2GL10JGY
bubVOy2oNypWp68TlMfmU,VIDEO,wHYF9D-yXWImBJ4pY-BMb
1jVri80Q3zWZwgFUS7cVX,VIDEO,7VkKqWxzN3la19zxf8tCs
2oHVrha9qSkbnz7K7IpBe,VIDEO,pLX5VDznTJ0pVl1kyzKT2
MQOGJOJHcpRmG5LNfRdS3,VIDEO,sxKZXPQI549gcspCwge0q
rru0F2_oMK7MbZNkf-OCd,VIDEO,x1iYxR8ANGW2d2vsSsSlR
kq9IXbRldK2faM7TuPDKs,VIDEO,XqbS3-eQq_9bMoCGXHhOu
28Qm9in3xdo8L787Y0Ail,VIDEO,QFJUJ8ECMMnHAKTvOn2fh
XrdI6pu_Xc10_Tabz7Xfv,VIDEO,4QZJ9WpzdHSw4JkM_eGNf
kzhD1aWPLYZ4dfla3ShCc,VIDEO,MW-p-luqgE1YbLrT6QiZC
-QqbY6QG358ec5teT4C8h,VIDEO,TThKNcOsgrasON_b009sr
5R6jSO-ckjP1SGzG8CH9j,VIDEO,NOPyUcpjX3sZt0wRCrbla
gHihROFaH71ktrRbbdK-K,VIDEO,BmvbM_52iEHDSfns9_3q4
-KfSqXDOByeUWqcoXD3Ft,VIDEO,7eW7BtCcYUnLEC-hczW0l
5KgBdEEEcZ48djWEZnw41,VIDEO,Ap7LbgH5jjphQik6EDWks
qIuxA22acjPJG-bSVVtf4,VIDEO,vp8miw_G-4QTsbi5XdeMw
WlIukmGo0P0F-BGchoY-q,VIDEO,NQbGAKhZyaGBVtBL1Zu-H
Xv2NDrehT5ZPcRNsBHelE,VIDEO,mESnaVysVUxpZQ2N4-YLj
-OS-AgKO0OagdtN-Pg1zp,VIDEO,tIyL3uWVoU_-47VkuEA8r
90ZktzrVDBb_qzq95F2eS,VIDEO,3UOUIzmSwmXTputCfuZdI
53yFeF3NSsCDM5sWN3VRk,VIDEO,z-0638TQ-QRHaX9GVpiDV
R9cSnZQ1Mnk4kSNMteMhP,VIDEO,sXoxZ820uVHtTItCOMt6j
ZvV1cVNWkY_9Il4QaPQbn,VIDEO,MvT7sMhxcOwADyL9Ue8hv
-5ZHPWxiMjkmo1nM3xQ3m,VIDEO,86v4IZZAXB_fB0BSYtEMZ
lcap4loXJG9YjCcsNWL0j,VIDEO,FrpfBzO3Yp8Tgqru8jh4o
HEgAfYz9ab8Vpb0jL682l,VIDEO,7jh7xIqlQ8AvfgMpD4uf5
lC7YnokNYRhuizYZBM6A5,VIDEO,jF1zLg-dJKRlswR8-KCBE
EuoQPtbJfiUI_7hqDgfPY,VIDEO,UIwocrAIAjyvnMKE97l-W
nf7O44gd7_sUkM1_ljDuz,VIDEO,7oKRP95DkxaQHG3KPRK-Z
JBKco_fA3lAR52YQ0oOl-,VIDEO,8-DvELc1djdeJcwGWQzMA
EeL375kEy5Tz_RaVxfIAk,VIDEO,Gy4-l4-34x8wn8fHdW9aa
pxa9b53e1X4MGDNaJvr8D,VIDEO,d9YZkGhcbKlkv8_ohDTc-
SdwDwAkpo2XONRIz2giu5,VIDEO,euQf92lPs79BVHB7-3XF0
gIZr8QkrDxq3I7YDhfPgC,VIDEO,inwDSnlMmwDOYAXbKdQkY
1uS1spZh8ACoXAkagq5ft,VIDEO,tkuzINv2-wQEmfS8vvFGO
JAvgewNBYET0P3ZmwwPmZ,VIDEO,y6bja-jcVRVsLW8v6ixts
5KjRclBdwAD-QIwo5l79K,VIDEO,0vJSpuAEV9NPg1wdOsaDM
JDyxOCD6qZCgsqWSnYc3s,VIDEO,GM2LYLp1nD8YVPVvYGxTl
FSpArvnNK298NetgX5JH-,VIDEO,mglXjQtpQ6tYJ2ycD36S8
Qi1A_LwL_YiVsMOoGfRp8,VIDEO,EsY-GyQoRff0iINeQQ2fA
64Ufmh634s5jtwLzUmdji,VIDEO,lOzuGojY-zcM6l1hzPFWX
8X5kNTLCNvCsfpDHkdhOa,VIDEO,eHGJLVFpOW7FcEcbUDSIB
KmW2F9wDRNRxQTdUqU8Kv,VIDEO,jSMkp5qDK0Jc48icddEmb
ak4fbtwptBkANUkAfD0U0,VIDEO,gpZIn-s4nK040PC9R25NA
Vqa4smDKYJmiCU78MFSjg,VIDEO,VohRjxfXPX9YIWeaKhifs
z6GHc62_bdTmjls9jTFKR,VIDEO,ea0hCjGmSb_FJjYQ6zue4
cnIJVJ38wuxLinmcPKhFi,VIDEO,n82DbipT0lgb3JAzM2ztW
92pcEofPUMDG5x6h1REPY,VIDEO,p7to4wveSFhcSGOGoEoxz
IVQNkIXX2wHfxkcQnxqla,VIDEO,bF4YXnpwjxz-0H0z-ypMa
MZYdj__jyjCGcxNxhnSLv,VIDEO,M1X37mwbKGXKohnEzLYWz
FwXXvHWVg7vVLfL8P7UZE,VIDEO,gr9sWdZKBtl37fOqG5ixy
mSpc-mtPLrHhmw8QTUejg,VIDEO,mIfqypLgvxs031Y0gX1_6
g0eDyXFqq8MXxgR3JERon,VIDEO,HtOrD9e1tbnRwLYs5S0so
V_y-S2GWEq-fKthXZ_lkk,VIDEO,C9NJzDndIstQQyAKT0tB8
iVvyM4fyV90d1Ga_s3geF,VIDEO,UFgV8tUVths3R-ViF8QAP
ahm2OUnxS6rWInMj-Ykrm,VIDEO,5wMBDW6oyNRnwTwEdJSxB
2v8tYvE02RT92Yi_la2o4,VIDEO,eYr8vxZzyYtdJZfG1tNlp
dUEjItsDw3afNEKbMnPSS,VIDEO,UJN9yLB7zxmu720KDX7vj
FfpwiyahYNkfMtf4k_Swl,VIDEO,GllTbAdug_xHF1W7AvSZS
bZskcm-rBnBzxHZSDKaX4,VIDEO,yX2-Rxa-iibmQAuXssiAH
T03zuHh7jsl4227wsKFFB,VIDEO,nQW_0yKom4D8gRMt_NcUM
DMgZJIP4YjjoAdCaLaaf5,VIDEO,UAk2vCGHC01SbA_b3QR2S
TEBCrQGBG0lAyj9_YXp6F,VIDEO,zpIC4vVBaJYrocOqM7OQC
kEbKfxeT9ZjnqdT0jIFuE,VIDEO,mu_aw483KuoMniVwAhYFf
IFmU_E1YPpsIcTRbjQcEH,VIDEO,WiqCKcje64Ob5EYz1z97u
FSeD7wyDZwMOLt0Nv7V61,VIDEO,Z02V2ZvPbkmAbgrLTg4K0
K-x6nXL1aZP_DozZgrEas,VIDEO,OAgKnY-pgyyvvlcu-X13M
KjpS90NRakpVA1tEwO8UI,VIDEO,q16M5ibtFlOcWmMt8SZJI
vjVsSImXuB0HAgObXXop8,VIDEO,HwONj6393DuMplNITLXUv
NQC95VegNzj6dONG_hJr3,VIDEO,VfrR2u8zBZTQdNrSB6r9f
1dmd5BzOIaC37ruFyztqr,VIDEO,mPAcKbXHoZfHENEuxzjwh
QcQCYE1GYeAFrjMuRFSE_,VIDEO,M9qymn0Yfld1V1WP3vT0l
DUpqC3ufG-o4ZXxJ58fSd,VIDEO,oHpwu8F2QRRTZkJEHVA_r
JKcAVwC1BqiLqzzR1jiS7,VIDEO,9f4C_E60YU7k4qNzdQ-_D
6IC4cNlRqj0PYhp0zURSt,VIDEO,LE0gRWni3sQuOMiD1t4qo
I6XkIxhp70NgKx3S5Qp2B,VIDEO,uYUQgq4_784RSGyivENwj
cHJ8iP7fU5XgRtjeR41Dg,VIDEO,T7SKHaSpODqW91whXEaa4
vrsXr4CAkGqdYHlyDOxna,VIDEO,frqHKU6Ce2cJljFT5Z5t7
AFUXeA_R5vtSoU4vQuWob,VIDEO,Q6gvYlj5fu-BtaS4-upki
co9ukJtGWocCB6_EH0yge,VIDEO,YCr5v3mkXDpLX0bR7m8Lw
Sf7CuMb7viIF6Wq8pbBUW,VIDEO,xqRjsugXj2KzcOjlWfR5f
YBlNIH7y6RxEvCp3tW3MZ,VIDEO,jJn-Jf1xBQIuiZ2hOzQUQ
eyYrLvjTANV-idT5kShXf,VIDEO,S9I357vVO05QydxAfsNw7
Qv4VRxVcsj4O16yhRewUY,VIDEO,IZJ4FnOQXXYeG1KPlLRGV
xRd3JdjphicMMmfl1C4RB,VIDEO,BqjCD1FK4aMmkVRcuN5lS
N-441WzevYPZkUZnwxoH7,VIDEO,tGvoDWdDhlP-uDfgkx0xi
XcBMVO94wSFh3fdKV_inR,VIDEO,GAMMdFasR09_RHiHyRLX7
J5HrOySUW3rHvkoU8fPhA,VIDEO,zFLsr91xCih0yy73pB6qu
WZ15hC6mXQnu1Gk_I3h9G,VIDEO,FvwVcZJuwbDT_zSuyLjEV
gfoht4T7yd9jnGmuN7aRl,VIDEO,-TeP8F_O0r1XrODsGfHS5
-lcCqf776fqFm8IiGLbr-,VIDEO,MY_IV-AxdSJXMaJY7_wTo
QH__Jl3jnkpqgHrxFN4TJ,VIDEO,iLF7XH_orH6QDhY3Jq1Us
UDffPAGJkzSk7nMmOUR-m,VIDEO,W56i80jYqMCfcE945x5wb
2orwrJoon9In3VlGPTLWB,VIDEO,-y1AUb3VT25dojpxDS45s
a0DRXQ6i6cTlE9Hc66hId,VIDEO,mHBYkg5E5JuN_2HXYCL12
tRIo11vodqW_mbeCAP2CB,VIDEO,l1jcU2wKWpJN50zbAVfpw
zLfPVDy2QQqr8cw9oL01_,VIDEO,8vyODzoXtLrLjL8HDpF_P
slccJVa5vuM7foIA6Bkxa,VIDEO,lFFno1fZgJIGKWQHRISQ9
evCLtx4oF2YeKxFmPYwoF,VIDEO,pdb7A4tOBqBy8UFB4XauR
JMnhc56rb70LNsKRwoUSN,VIDEO,iZYMOA6Y0twdE2RE_9LMF
6cmC6tv42MalYlSOXwac5,VIDEO,AwenJPlK-uNfqDDVwd_Tf
-O-B37pVBnPk_5WIvvgUl,VIDEO,N6f3Pzy1Rv6QyU6hs7Dso
BASCptICk4vyiFpYmcvmL,VIDEO,wB6GZvqalQzluFcDNSAID
UIQvIekK4NL44BBL2_Luy,VIDEO,ww8MdftMGEiumgldUQXZU
gy5DLCxZgpzQBcsd7BvDj,VIDEO,bJAVMyRSKB-UJJ-zXIKFa
pyMgj6M7I8o7yCBmLsGX5,VIDEO,cf6l98s_Dun1X7RpFKYL3
aIQGgBEFbFLOARXxjYrJb,VIDEO,LcRQdAbpqJSnwM69d3iAo
m8OFwH6vyadOTffg1txZw,VIDEO,5wnPhlBdJ2KBye39BQ34d
c4w6W0pw6iRett3GaVI9q,VIDEO,w_aJVaN_OL0vmqwQSN5RK
lE762_TBXxVJzd2k0UNhy,VIDEO,Il84VJY7U5Gb7PhkOi_2b
CTmZJvh6RMcn2Ymi1SU8Q,VIDEO,K8o8bihwvEpiqOrvQNdmm
KgfVsvbjrNlxIvVf2sbpJ,VIDEO,8ySUrP8wamWSXivT2X7qM
WUI-j0ARpRl3J4FTAE0B0,VIDEO,OiJoXnNfp6iD1mZb67hd4
QGFLcuJcxjuRLKlM8GA02,VIDEO,ZYuIMqeMY87N6seMrQ8el
0MmR4SrTQ4Ka9nnB7M_lc,VIDEO,XckUgw7PZBP7DQi4zTnQ2
tbeie_NYPnljIUmr5OemA,VIDEO,cf8skeKG9nc41ceVCJHV-
7d1BkemMc_R9Evh356OlS,VIDEO,o3pHeaNj7Upb-EhYDs7YB
uM0KmpG2vaF6qpTxKOlel,VIDEO,pEH1CoQx2tbOCPZZaNDKi
AIOYmMy4Z93jLd62CMHwG,VIDEO,f4gak8hE-lk2KQcsUec65
VhkVTFVJFS-3eobgtKb6-,VIDEO,pU7lvnV7WpG-vpppYHQrp
5iWX8gWnmFJdJcRq8fsTn,VIDEO,568llD3TJZ-w_qgwfYT2I
vrwyS3oMx6p_5VTopE9YG,VIDEO,0cethiDyRJVK0mzVts-p9
z7Z1d1W9omCxtyWDue_0-,VIDEO,NiUpejEnJBTLIrwxco2Dd
ds5-SmpWRhWcSHer9INZt,VIDEO,WJhcc-G7wqsbHeZeHZ6kn
kPGeBZO_E16PUtC7G2UDr,VIDEO,ykSzTGQuEfgHjyT2Z-7jL
JmcBHa1VTnraGLoTSnJk9,VIDEO,GnUfjeO0wriXTkOtQTANH
3nd4j8nPyk9XrxHh_lAH6,VIDEO,VAu7VVRvP-TfdhdOvrBvJ
quGg_ICdLWJfGOs3EknoO,VIDEO,vO-v1nPpk7RHTG5WqyI10
HeMyOv9BaWl7Oqmd5p-Uh,VIDEO,w0oUDUevY0LqN9qM2JmT5
ycVWU-ZKru9mW0-5C8UGG,VIDEO,ImY60MtGJK3ZM5G8_qrbj
LE-9CyWnXido9KOlStNH_,VIDEO,KcB-wF4tFnQ77-a3dAXnL
oFl4q0QVx7PNtBq_OdulR,VIDEO,BbIyg3dEYP-2QzPRM2PzX
fM77VplajZR7Gq0shdjIu,VIDEO,vY4ezAv2Jf1LHFvdf0kma
p-e96dNuO0GoXHHBJCPio,VIDEO,PRVLSBksB54KykMco_FgI
8rU6ihq4OIhrceDSfHYG1,VIDEO,izZODS0ArARst6LKvawni
S8pXoH7zTG74olHd66CSl,VIDEO,AMh3HIWBRiTx_NIFPSyVU
qL25sQXvcE4kLshi1WodR,VIDEO,qd_9Ef8iABaDyujfUC00H
MdsjJEVFrGiqyhgt7ALSa,VIDEO,AAcjN1uMkchADbBkhZUn0
jO8b9rnXydIOtxtjxmWbM,VIDEO,ikySxfm6CeeXfFMK2rrOQ
uQeYZXN5mG4JLqahWuMyP,VIDEO,35_0I4O9UP2cjMiN4atRZ
lKWmKPVnaz30QdVqWk72j,VIDEO,70DE86ryxgfOfoB0rV0y3
D7ptTOg59pNiUHaheVWFN,VIDEO,TQ4V5BliMGwfH974KpAth
hrkh0RyzuScZ7YUfLK10y,VIDEO,aHhbB3d8LmZ-rgjWuUz9p
CChKUIIVdfvttkadWfIEd,VIDEO,U9vff07cIJaB1_mF4rl5F
U_Xl-V-GBnYCLYebJOW8r,VIDEO,Y12Gk8RUDOSpuusjd5tuu
5kH-C1amI3VpXMfdrQoaO,VIDEO,V8EepwdwCnutsBOY04kqT
Ea3HYtJ-EYBhHV3eMHkQc,VIDEO,pJgYApZv-L2Uh9ixqQZWt
QtGn6WHaDHcdj-OzJ_gQn,VIDEO,oltuOsxrHUTRSwTZhlpma
zYukJS6_FxB8KYzr0LW9Z,VIDEO,7fHB9cmxSl6r74jIM6L44
H7TnQiwYfmruoHWssc4Bx,VIDEO,2ZxjeDva_LoczNTOZMsYI
VphzeuOSwK8tVsZCqi8D6,VIDEO,DalN2OFDsQwL_dUPS8oUV
y2J_Ktv06eO4Ek_m3iCJZ,VIDEO,am12diuNtziRcWRZbl2Gx
3ZzQ9bTUawXVrJ3EFlBAT,VIDEO,xEqq-g2Q9mkW9dn7VbsRm
LEOZbYYigwbRZVZ98bgE3,VIDEO,ty29T5cZfc1hbtwk3zJoX
USB2qj54PhK-a6Hq4o4Ju,VIDEO,y-OuG3uZrPewxWoPsrSAa
BGA9w0dXu8GQrJYKAVdqs,VIDEO,svuRwefbeiX6CE3th9jnN
RPT9T4nG76UV89Qe_0fR5,VIDEO,NnDdileDlLx9-qRL46ikt
KgQnD4qtunHxi_DFEjaPQ,VIDEO,t6-tlM5bUd-8uY0tEY_4Z
Y_ISrlj3g4y9n58S_-pKl,VIDEO,cOPuNP9HjjqKy13V01WHA
1XDRFjRQN2cLRHBY-EM8-,VIDEO,f5l6rAmB4xS2jMv3W4h1D
IZBZkMjVn7lZ8TxD1woac,VIDEO,NPc_dT5eNHE4pmbV42Foy
dabJkHQGYH0oY5p-03IVz,VIDEO,_Ylf0pWed4EPtM2tEmeOm
yXoglNVUJFoUd4rWy6fmZ,VIDEO,u3Eu7YPG-6usJkLrBsDnZ
24AujZ82LpxAeXpG_W88f,VIDEO,sWRwzJdsc890-xGF8tCAX
Rgfq0qUpPPy4k9_vbZQYM,VIDEO,i-T6Pw2kUL6ySSFuuDlG1
OdBS8V9-cyGqJDc2pTM28,VIDEO,TtiuvGGIIenlQ1zm8r6ms
6cAhj5uJDnVCiaThSlVrP,VIDEO,pRYjtCHorKZrA751bu5RL
l2gPhYw3svKxaluY1pcS2,VIDEO,lAgtLGTDMZiDGNcv-SHAA
vXeA2pts3q7nsju06nMGJ,VIDEO,Du0vt5nxWx-d9V7--_RNk
_16P3n5po3sUvAN7dP9Ri,VIDEO,RYHRqkCdksER1QOnh_NzW
3v1RI1yXlW1hLT0zRrgnM,VIDEO,OWlRl0rFEcUhuUSbPAd_G
R0DheHN8FlLKmFc-jFdGv,VIDEO,QkLAnPnTNsaAQ9rCSTNag
9DzkQfn4N1mtqW-LaBxzt,VIDEO,ew30iOROi_2WkSrX6HY6g
Nf-KOfMpFdi6Q-Q0PZxn0,VIDEO,sYPJBtbw3N0He7j8CN79P
S9LEomX--6dQmgIkAoIm7,VIDEO,AuCXgDSXMZ8wADY8TgZOR
3Rr3nd7xmMlDy1vOw-L7M,VIDEO,gveOqxmLMQmbHEVSORrMc
JJn86AKW2g1RG9s9AbIyA,VIDEO,NU-3KADnYrXQJ2o8KnSfk
Vl1g0Rb-3teubAg3P2LPm,VIDEO,Se6cEE_6qNWqkjpWQOsxX
DULyCYdSGRCyT-VALx3aU,VIDEO,j4c6KRZ2bggXf4Qb83idk
bh3axWh1cdtLGA9POxtFI,VIDEO,-yNyqn_SGQDdSfXwyIGrU
6N5s1ASnaT8TemkfF0jkE,VIDEO,29p5U-iS63OriGhKl6-iJ
4KWtpyXGrVSpWJGer6xSL,VIDEO,8xTB9nbpske9HMr76KFQC
os9BwhudUhfcPhbTTej5-,VIDEO,yxgQt5tvLNLkj9Ej5bkQb
g9duxpGF8-JUbisA7C3Sb,VIDEO,dv4h4THzrlYndx3RDlWn6
ZfhMXRVfcV1yF5TzaYW7m,VIDEO,S2wc2lc4T2vzgudK9AiV9
bQL9BMtJK_V7P6ueUhpik,VIDEO,dkPfg-BngFcY0u_w7RMin
WQ6jYzPV9AYFq6YQwUc2s,VIDEO,jePl5RYYzSbyZTltf8srx
YpqYTASfYv1jFlZ3iR2tP,VIDEO,G9j-yogsN4CdOBdCcgl3K
SSoTv8DJDiFyKjC9tRUGD,VIDEO,0w1PseRhxO7F1_qomAWTu
WdpD-1POAogojWFYgudr1,VIDEO,ZKjWtVUE3V7pOYwuuXo7i
cpV-NzDVCn-h0zeA-nyvM,VIDEO,In73WfyjT8db7pNjbJfn_
ICwmiLCCUEsc5-bLgDd9t,VIDEO,gGtHwCxQ_L-KhUdFk47eW
aYWagFGlPqYLWniz3iYgR,VIDEO,dFkD_b1xHjv44inBgP58l
1V7SEJzRjFmMRJb62QiwI,VIDEO,5MsQe9skso1nRhNdgoj5F
1i_TeUjMAGUTOJtfmHEU9,VIDEO,WYRT7cnTAJKwDwEjRwOv9
4c8Eg4IleekpMnY-dsGuD,VIDEO,Z55IzKYs9PL1H785z282f
8dcuKm-2GMseLNmct4IUA,VIDEO,uuAmRt9PWPIBQRpuWnMFG
B3QzIIPoRjfQE7ED6R7ub,VIDEO,zoVwqSPKPqWkdDvqoBcwY
rCy52mG5vn5LKnADoLsGR,VIDEO,mHeJwJRv6erOzTtVttm13
aoLIQzq529rwmnZ6T7KV7,VIDEO,KLXMo7wCmlsuDBRaJJJC4
BKnDVIQ50UWnIqUGB5Zc_,VIDEO,WOsfDWzojVVgOg1wQsOLF
lnikeN83C1e4uR8Vh-8j9,VIDEO,hYX4aJUvflWlR4tXZO_Ks
pHzNXStbebqXY8v7Qrc3n,VIDEO,5gwHCaNiSdxprIGwq99aS
7pRsmPbJLC7onACK4gsXI,VIDEO,vLk2PabfHXFwffMsPTu0o
E3jlx8mSLV0fESTVxpgp9,VIDEO,V6GvjHllFwelGK93wz7mq
n1wWgAa2g5ZoKe2YehzVB,VIDEO,LU8pvttBJ4FxXf1vZYeeW
GP9-LHpjCVz5V7a-Vr6oD,VIDEO,PkK3UOc8YkLMlGoVmX9LB
S4jqgWPErTr7fkDfLhZH-,VIDEO,VcQa8sdM8GxfMJICi8V-P
Dhw8qLiU1QnXLB9D1co0U,VIDEO,4Iq4dl_4s1POWyaS-B1kn
mTkhpE2FHQ9LklZ-ur4lC,VIDEO,HCYYLbO2XGlrerGkaJexB
GzGp9SjsJpAPcoIHh8vwn,VIDEO,bEMv5WSw2MJwaYrzWsxNW
VsX6euES9rUQUEljN2RE6,VIDEO,d05Uo5-xKt_HtrSLgudYz
QaJKm5wVol8RcyWdhM-9t,VIDEO,qLH9rYrm1MIly1K0NfYMf
Mw3ExJlt4-MC-k5aKpmsS,VIDEO,OsMsD9txmxmBFWZz8UvY8
UvE0ghxBihWon-_-oMdDO,VIDEO,CF_k9nW9qJSfX1mjgE9Og
qJmg-VzfxRatKphfayR0Y,VIDEO,BN5yYBXhZGTzkK-QBH3Py
PC7SNxybhSJULwEhsdVVV,VIDEO,bZkTMQDiUzl6ZEBntfPfl
xe7BntJN-upmtt7fUnW5g,VIDEO,Ij0U_y3vVL-toFVXIO_Xc
Mtr41i22GJ149QbiQDjIr,VIDEO,NjSPABsfFfr3xHLjxpCPv
vVjZfJXnxL84sb0CRiWli,VIDEO,SWrygB852xpVq_bI-yFGN
hpR6hItXIujfLV50JkRjr,VIDEO,XU1Sc3QgBeV32sRDQx5bN
C94BWyElxbfQwvUT2aSZ5,VIDEO,m8b1C6uodbn7jOvu_LiiS
-CRI852qu2Z7h9X04nnhw,VIDEO,iajoScNJofJmscw8T1uE4
VN5YaCP5OjiJxbzIB-GnT,VIDEO,Kap_X3ezfXKxX-03ZPfOj
n_TqEXAX96ku_T633KaGN,VIDEO,vaEuy-LxnF3BRAagRycHa
rn2WB_eH05HOyy8mRWh_Z,VIDEO,-c1PC-5r99q5rhxQ1fizS
kPb2WYwoH3oonW5XU7VpO,VIDEO,Syctn8RHjCMJ6rR3_VdqV
yr4XK_rYZZatt6CTL_NjM,VIDEO,ONQLOjfa7CjYxYY5lpT7I
_FcONV4KVGy1qRVyadDL6,VIDEO,QglM1P9SmSUx6BgebEWdy
_wuLVsrZCfQl-yFCfNoXp,VIDEO,l7V8gGhQK9gDRaI-2IfiP
-bF69GZb1UBn4xYGHbgre,VIDEO,j8hesiHQrb-PADvMQ3Wrr
g0ywHeyhS-ij2DVykM3ml,VIDEO,4Mg0skwL-VR4jEn9g2jpR
riw5H-9tQEJqge_EIOVfV,VIDEO,TvCLqNWaT6CojOZwMB0wC
5hhSiLqAcJ0ZT2gt-pudQ,VIDEO,tdHE4Jp4N2W1M9M7Fbl6L
QGIBjISTMDAsC2OSBwaCH,VIDEO,8nnD7I0lebZbdzEEeT9qx
MQaS-cv_ptwDZyfB495G5,VIDEO,xBuHRHtubiQdmjMhYqV67
Q97Xqn-YgAG-RMesoA6lN,VIDEO,8OkuaOvXfvdyjGigPUnWH
M8vBH3evtoanTxTI7N5Ts,VIDEO,nSZ0ARSNDO5kwV_HIPjEz
-MU0KLB63wch6wbS-1AF_,VIDEO,dDrPdNruySw1ATTM2w1Gc
QTZUlCDuW0_JbuTgWd9Kx,VIDEO,cSM1_DMJVvhA5mHaM-Hvv
j7ZuX0VHmbdfJ9v95SxDI,VIDEO,SOG2sIg_C_VvPP4pCRSyp
_Q7z-_qPItlzJS19HaGvV,VIDEO,AWD7Heei8TKZG_49SXLIL
tKHnIIhQ98HoKTk1vqM8s,VIDEO,NuY-d4qAmBKIq9IeZ1vPo
EIFlxHIRawzYAdUllu9RE,VIDEO,3CUWxC3ccsWMlyRael-OD
k8waNOoQihsd_eEksTtif,VIDEO,RlDJKdT_BMT113xZTXJiS
oxFdUs0MzhTdspxZQuDA5,VIDEO,nGn1nOycZ-FP4YnnWYoAH
hWVxcOAWZJJ9-GMXDNQVu,VIDEO,3mQz-qn6jmZXlR_f6OC00
taIR2xnEKdqq_M_ifEZMQ,VIDEO,m6J9_xomXqL_4kiSzuQnj
x58lvFNj2VeESJyz-FKNQ,VIDEO,zCpgls64sHoMYsZad78yN
vHVOJtLDZK2Fve2JFFPvk,VIDEO,8-W-vqSjiq_DV84PK3RAp
WxG_dJSM2wNWbb3WPBHvq,VIDEO,-JHbnbayKV-zZSMGTCXaB
at91VgYHIAgZAX7hoMHEf,VIDEO,y6j9AgKxvS6MRgn9GtqvR
qK140a9F0cviGW9VmXS6E,VIDEO,Zo0aRMFUSqcMv4zY6fB-9
7kBzt0n8TPTANqg11W4OE,VIDEO,Kcc2dC6JsgMz_T7tCcE7H
7AhWDKI49tVNpEytMwW8U,VIDEO,5_vuMhsWytI_hPZr4yYHc
pl1z6zfDx2CQQfeB_KzEK,VIDEO,ULuW6EWojoOfdg0YWA-s7
eOJZrUSszZ0xxoJWho175,VIDEO,kNYkvngn2Q8ic2bpXXYgV
2PvHQWBxqCNWJRBD6YdFZ,VIDEO,4JqmYKYNug_cdka7Qg_Gy
RfbTEwaUSLzR1RIxF8sbH,VIDEO,_JQCWs5Nr0lCLCmQyHMkg
-93cY9tM04sRfmaPST1eU,VIDEO,HhNvIs9ygoXruRI96O4W0
HqhmwdZ6-H-qzy0UYIP_0,VIDEO,HoTIsVtDWRULYDMsyaYKU
PCNDCMUxCJukf3lhVtNqO,VIDEO,RkeMRNe0mLiDaUXqOw6l6
o_1OwTxkvCj66xXEZBMRT,VIDEO,5chZfQ98RriT9lUeF6hnD
kuCJyGj_MgJl7e7O5-OP9,VIDEO,rTOI24raaYBz4TKxabcVu
uv8cJmRcJa4OUrs2KoRfq,VIDEO,KnONDqBFrxcIaxbuqaiBH
Pv92sKnb3Oxq8C6YCPwDL,VIDEO,Z92yMOivW4JmNGkMguLas
0QTBkPnTQ70Ht1nJmJAES,VIDEO,F9FQ4hNnYzOK33TVoVYG4
6CjlDX3JVPsBTuIgCrMZz,VIDEO,TJvwGGdXH7rwnn3iDqdJJ
-Ig3ygG-G_nchz5Fmp1Jl,VIDEO,m1cBLEKtZcF5EGmFJQMg8
z9seP2nHHWnSoY50Yt96T,VIDEO,V2SJJc7EwK-AYOOAMFFTA
RaJIpWHOlgUqmKIG4TJP5,VIDEO,gDFlrGZOmu5Gc_WwysUKr
ot9Qk_fq-TomMXiFZhmuB,VIDEO,Z0yPrJtzSh5U0iIWmzi-j
XOfi-2k-kzuTPhq_ahPkk,VIDEO,-dcEjiM7Xcw9ZBCvhIeJU
QXSX1i2gh671TiqadnIrW,VIDEO,J1URUsw13gqEhE1HrvUPx
UbsAXld409v-nYbVK6b8d,VIDEO,QykFc97u1IKWxdYFPUeK4
x6yRxIOJrEdMOQ_qdH5B0,VIDEO,GN50_GZpqZXwXPSnDXqjs
va57HF3VT2bMHEAeeGmvR,VIDEO,JfMjhkv8PJ7qlHKTVomh0
mosEV_ektLTWghIgJnE2x,VIDEO,33Y-eXWjdsu0kj7axPYo6
ykEefj3mgLiRboGuoFD6o,VIDEO,XPVx-nyvWzy2rDA2e0hBG
5Qv8ikVFuiwW0WvlCW8OW,VIDEO,Amb5eNL2tCb0_aMBTnn_2
zK9SmXyeOCMcHtN9WH8nK,VIDEO,wKSOfQWvErAikmfhVxTds
F8TrEm9ig6eblsRN-TxNe,VIDEO,IuqW9Ap_7-j7ZPi-1Umvo
v64zTGZU5SXLtoteGJIjM,VIDEO,ZOcejjG8KWVHNMdrQgw9j
uH-nSm6A43GLxx38DeYTZ,VIDEO,OFArSyBrWnx2IIeY2HL7Z
Bp4lcBSFefTv-Td_QnMkE,VIDEO,D6_tEkEU-zFq73ViL9hmY
6B5oT3zjK4nVGcWMY5hI3,VIDEO,lZIgphxHFXrI4s1t6ZE4q
HWTH-G2zP7qjEWcxgA5Bb,VIDEO,f1EkahloZdqjQGmyfnTcV
SZfO6fc1Bx5_49V3eHfwI,VIDEO,0wihWL5mMKqqpiuvaRImj
OzMRv953ET4OuYvxzpkXr,VIDEO,NxbjoMaTD8uuOBFAumlFX
Lq2c_CkdPQ4JTt6qzcZR_,VIDEO,B1HqzG3AZDsIJSCpVbO6M
cO9vowBRvTZlBKhySZVNl,VIDEO,wMLGnzd1mlvlFoXlJcp2F
qeo-j6Mhbu76p2WoDT7Tx,VIDEO,UhyLjF3-V5-p9qHxKNKf7
tAHqdEHFMfJTAutSDeOVa,VIDEO,N5abRboVcacNhjBco7V6o
u7FkEj4F9N-xMK1BEPK6M,VIDEO,7MPhPfESsGa8J3NY0DCS6
0WA8aXQvizVyOcuph_olr,VIDEO,7GvBODv8xt3HsPQdzQY9K
bzMg2F4-LzbXOaseArkPG,VIDEO,kIaO8X-2PmY-nAY63ptxq
b-BzvuvI7T-XtVcVvRvWj,VIDEO,t25KUE1fARYTjByQzfu47
W0C-OUkzXKlQq_QJnqpNN,VIDEO,MA3d5VxqXQ6gRp3BWNGss
wZYl40Sv3SWClc4tNXarb,VIDEO,Gpd0IkD-BQxn2bM7ewFMR
FX-ZXKlbJwR-Z3wol5WaD,VIDEO,3Mj0NNAp4dtDBjA3Dqq9C
75GNMe07C8yHUb9W5flX2,VIDEO,NMUvCo602nSF39ZmqdBXw
PyGM1QrGnu-swyQwcwE21,VIDEO,GwSpXDxcbAQudUhEYlEpQ
jeroZ3eRkp5stddpnCHal,VIDEO,FwDuGjYwm9zarju-_TOd8
USZX2pqLth-AAFuSXvxK5,VIDEO,qF1ynrg_s1uTFPrKm6f23
wKajfHlkOApt4WV52_9Hb,VIDEO,oVs6hAsFQz8x91tUOF7xH
oOzE5ws8X7dyQh9_-PoXT,VIDEO,gYw0eudIZodav0Exfwloa
NfQk41OKePuy-MTB371dG,VIDEO,P0QqhrWXTP9QVTqoCuB8E
QqzuvI7HXHZ3wU2O5NL6b,VIDEO,P7-lzPvo0LEtJi5aUthWY
nK8xkJiOeVY5WKYPQhFZp,VIDEO,JA7vp4qZNUGxkn0Is31Mg
LbaabNK4a6o4SJAfYhAgm,VIDEO,HCMz-67scIEdAIDUrkPPe
7T4AAbihm8tU9ooSAmrXs,VIDEO,dGMO4U9DXOSAOnd7j5bI0
eWhmd3OwWn5DH4MFVGxhY,VIDEO,AnZ8cFmCnokHqwRgnzo9w
oQ7C0wEZttp_GiFsYGbKR,VIDEO,PMH-6PTu91dexYxumo5ir
HmX_KLM9dX8Zk5f6XamtD,VIDEO,_OOn-NOcLyLcUPjW32CK4
eD-oIQOMxpExUb3YYgu5j,VIDEO,hn3xx6HveKiwo512KMIjM
jAU9KLANeMWuUDCJ6x7gW,VIDEO,XDwaH6oNTLPIxufhZCk-G
ef7G5NI6CEjI4EEHA2Gpe,VIDEO,VcFy5RYCN71p_-gpfEO7F
pvjwK8FJpcr5Or5Dks4qr,VIDEO,Z27TNo9fZFK-8YROp8HOD
9qyICdRw1W9v9sYujBEf_,VIDEO,qanehuIOtsBUDxXKQ-Prt
5hcvLrPKjBvihy0tgXnAk,VIDEO,RNWXb0voBvqvqy3mUGkir
3it48NgpdR13h86ZsN1Kj,VIDEO,YHpJO8CVqxOLeD5OI8KDJ
dkuIatMOM0A4M9Ty9FtBm,VIDEO,d-ML4VJeXJsxqn1mj0lwj
_flWj6KO05XvsMJVp1X6f,VIDEO,DXki_JlERbOyy7_fV-1-q
d40SBst8YuPvgGfwKWJT9,VIDEO,egAv8QM4ClGWru8vOELsE
whWRGbKPqii9t3VvNXiQ3,VIDEO,1qTX0Rcy1TuuTw_XBzRpm
k5xiSr-3WcxwZt1CIaHHo,VIDEO,tCJ-Ae4C1peBmY_J0-k8A
XGCCurCxy75dVtMwI-YsL,VIDEO,7_bA1DumPZv5Ul8XZbFiW
VNuda1ND6_t0Qh-S3mAtx,VIDEO,1tj4hkUTxAAWSx3l7vrVv
qHRHN3vezxz7iXivFmhFb,VIDEO,x18G3vFIzxMXYLn-Va0NQ
nEtQKYvns0qLL5B509R3F,VIDEO,z6pueEDr_JoBbIcRa4XbP
16ZEFPbHPLZh-vWy3TApk,VIDEO,vKznSrh3ezTK-8waYluw4
nVU5LKnucJxfyhuqkmX1U,VIDEO,X_4ik1rLf3Iehc7k42neT
r08onJP9cROJDQ2H82Sd9,VIDEO,m_54H5BZ6o4105NNL-CB5
jn2GvBxIJBGqDXco8bNd4,VIDEO,SOp3R7txc-F3XlxEaTSQ3
K7lrvXyB2ooTsUq9qpyOC,VIDEO,Qz24QEvu8k-COHbWOtOmH
mr41riFtzehQMvv_qLvG8,VIDEO,ReX0wt5FN1RfP8tnaSWte
7Mv_xG9TQJEnMsoi9hHUm,VIDEO,auWAZJzjWVQyTrCzbOegL
Q-OGhwHGIHWY1jxiID87C,VIDEO,naRMrLcWMz9rLDZFBVx7M
cege8ittmFFSwmbKzJo5c,VIDEO,QuelnXRCfCqoBYkzDCB6G
pzls1YCNTje075UleH4Vv,VIDEO,eAMuth2ZrJ1zdDHFK2mjV
N7PeJXiztVLKUh9Bj8JFT,VIDEO,Po_MGJC_1qTRxghcMchcM
gHXdTPNcMU4eGq7rrQP4K,VIDEO,ye2WNIcO--EZ2NwuWhE9x
UFUFO08axjn9eV0WTO3Et,VIDEO,r7vwIPE_Goa2FPEbUx1PX
HfgMSAXLlSxXkZURM8aS9,VIDEO,rJR9U02JUSfidq6hwjikE
25dX3gCBuFq7XFy84LkiY,VIDEO,BA8MBUVpn-ONblSLULthJ
364ilnioRd1mGQLuMStlA,VIDEO,35FSKaRvepp9fw2xBS0Ea
lCC7Wi1yJJxXpkhl-y65o,VIDEO,YdYpq1PSrOuspgNiAUtw0
jHNKmZ3K14ocWq0fBGGC8,VIDEO,r6tq0l38NXRhipA7MtkcO
yZ3ZOe-mNNk-78WtK7JmM,VIDEO,gKWb3LT-Gz2Km2nINyMoL
M9N_1QrN9Pn0Zzz8iStuz,VIDEO,d5OXm1P4Kg-VTssh1U0QQ
3h9vYa_csQF8eC9Y4Wl-4,VIDEO,49DCdDfFymhstQ_GFvUXf
Dz90GR55LFvtaZej9Tjrm,VIDEO,Bne5nKrX_6lZiQmpc8wCN
mJxr0e7zWRrjOnxDbS3CH,VIDEO,BsL_tHXkaC5FakxiK3bzM
rvDWgHthnX9H6Vm1mdReS,VIDEO,gKorobZuoEkw0FrODvth9
9PNctFeuunWB_4kERepei,VIDEO,MWykgZNAPnUpgavDnAE9M
4gv_CtahPpR8Q2hPC4I0R,VIDEO,4X4Fi6rOG7OQa9n_f0s2O
YiBRrS5V9t3b7xkcpgBxM,VIDEO,BhYo_u24qH_fnwN2gSU36
EDilYTgsXPxY3-CqqNUCO,VIDEO,B1H77bA2c5qO67smQnmcQ
-tF87qp2gIHpDAjvZrmoI,VIDEO,k9SRm9vPO4xhuhh2Mtprv
xEpEUxt4mLgJrzNoXTJIG,VIDEO,7lQ2c1KkUqRacYYkLqqLF
eTVzA9yuLYIPkLmJCyAtn,VIDEO,duFmpJJgDuiF7xzG69x2j
H2nNODE4JT-aEuSG6VOgs,VIDEO,gVxmpIBO9NZRWN3Wt5nhL
TzQqAOymwZ4Dq4XGxHOZs,VIDEO,h586z6IvYAqFT4haW3JBn
-x_Ut-LeOkTBi_K0SStWC,VIDEO,3Jd99vGv9lfXI2wantyVM
mE6pF4N68afpUZSedVeeX,VIDEO,UV6Zrx_KWCa_UUwLOb6ek
9JbgnLW6NplN3NBzNuA0b,VIDEO,Esr5wuU6pxRP3XyahYmie
twHqi9yzknhVfwMosF-cv,VIDEO,J8oYfXYf_Mtj6NPeHcpjm
Bn_rkWJvMe4eswEnjkCKr,VIDEO,9r1d8o2ow_TNhEaoweqKA
jXc3gkfhI8FksAos0Pl6q,VIDEO,yjnGAvCzxrpi5n03kP3zs
pno88H72WY-BziZ6nib48,VIDEO,B3xZjUE18EemOaBHRQTO_
FUpZnYu1QmsWcFC5UdZdr,VIDEO,no4C5fnS8O-JpdYKp4Oi_
8Kx0VowaUj9RC1xJ07d4z,VIDEO,eIAwyWPf45LN0SzHY-kMq
hv3kVz2B-vKeE1J7Ndray,VIDEO,yQT11TxMv_rSiPccT04HX
Hnw649FemINTh3HJ6geOP,VIDEO,XbPJe_GQrJ-q0Dl0JYj9m
SwUeaV5D8N3fHjVRvGJsQ,VIDEO,hvLDkwK7XQBk_XdK-KF44
VdgaXKZFGy5ErtK0yygxp,VIDEO,1nA4o6v2SgQFkaLzw8KPt
2TedkdFk_WaBm3i-8zfrW,VIDEO,U5Jot1sqtQgDwolVUyUpx
VdaYyFLpwYANrVGrANtwU,VIDEO,kuA-y6afI2cPdvUtpI9S5
U-26FY8GRL4yCRn0dEUGR,VIDEO,O1f5JKcsuWlSbiwDznoMQ
qBtszFa7P6TId59DeWSYP,VIDEO,vf8nLb37cCphtyEmPd541
zBKuZeCSO2MVw-b7xUwxy,VIDEO,YjkBufy1UQchzmj15mdS6
S-sLArcolYUt35BEj8F84,VIDEO,i2UKCQG0mGdgKb8az55ya
C5v28VqhgKpIi9_npauEj,VIDEO,qnoQMalaySn2nQslbP16w
6fm_5ZUXOdYODlRnObQsv,VIDEO,70JClWlpjqOxeaYHkb6C0
jNyHC70yl-eYe2l5p-SLT,VIDEO,E3frUFJz8-zB-lcEpFXtD
epMtnoKY1HH1y7xNlu8rJ,VIDEO,WwS0ZBMqCpK3NBsiAn0AI
dXu-KAcuGJMQj7syA2WZZ,VIDEO,aBXflWwgULQ2m3HsN-RsS
aq5e1F25oOIbOQ8Ynjv8k,VIDEO,E25oajoVvDewBwpUTEyQ4
Sq6u_S3ogcJrPv1jz4jvd,VIDEO,B2qkmsVBBqZdrrelKYQmF
8f_kHNRpLVgQqkGpAcbBS,VIDEO,bBGi6sEr7CvPxPWfn310h
lna_PJX-TFSyJRbZvlSbl,VIDEO,DFAYfcFEJyEEy6taqpbL4
JA1yZN8ZOOLH0PFtPWod_,VIDEO,eHsw5AcAzER4jo-VyrT5l
qcBVZEF5Em7CiP3KLkBwp,VIDEO,TWK-EmEhwjQSXgi64Fic4
s35LwrCvO5NompZ64YWHP,VIDEO,aE91kfyoaXmhrRCgmZspX
SLQp9K430TcuhHw1AICpd,VIDEO,UQsjgxTrPaWywhu3YytMx
Wvv3UCJvHghCPhbIGDyXS,VIDEO,8nqr9dCRwKWOiZADaVYfZ
8i40A0oHlBZBOXJO0j53H,VIDEO,tC5SK1L_TEi0_dS487mMs
kwFQLibnDUaseN2jJIl2N,VIDEO,X3AngNa8vVcp_AVcTAX8n
qxI3PRvEOahUfq5Gpbj0a,VIDEO,mc2M1q87uZMHXF6rt4Y1S
pFCG_q2j7fDXnpoRy6a12,VIDEO,f_hh_g8m43z0PAGEBROWf
6KEHfd_jwzitaYJWQvDLf,VIDEO,eAaPAXUDYILY7drvG8iFx
njFiUq_kehzBkuTUP99yS,VIDEO,iDXt_twxPXWRgQvbKIOG_
n5eYKCHrzIFPZuzs7RHxH,VIDEO,XIbcpIoYoLaT6oKmcvTrV
Qn8zlr_pSDVRQGtS0S_oi,VIDEO,jcsPqh27JBaQHIjq4P3dy
hwTIZbIzdzKZYHQiw2-Wb,VIDEO,CdQxTI9ksz8EQdkYmCUm0
Gqd39jyESbgDo4aP1_gF6,VIDEO,hx5tG9wAk0TwStkrmbl9f
smQxo0zTWoD3ZpK5aReiH,VIDEO,Xdb13yx42CVqYTOmMM_kC
gfZEUNC8daORj-Nb3fqjA,VIDEO,2xjJnoV6kxputUwBuEyz9
QDi0qfCL3h3LjsoB82hgB,VIDEO,frfD2o2DFyzsloCJCxSkr
nqvzqzgSoK7aDUwNAbjm-,VIDEO,iSb66DHpTJobPW6i3PA7H
psMzH2tE_6vFVJcWwq3-j,VIDEO,FLT4TSI53P9ywwGNSkwof
y5jgNhZQjGB1QmRrcFHiZ,VIDEO,pqAVA2gJl9yETpukMWqbc
TZnG35Z23-NW1rMnVvbWX,VIDEO,-hZ3tBMclgHWc8kArqjeL
MgXX7fbK3JdDacLhm_tJA,VIDEO,TiC1d3lDgoi_aIVO20Ai1
0qWoPsoRQA4z_XkTAMo4z,VIDEO,DIHMOF5N7icUzM2e4dQZT
qrVK1MB7-sdN7pBI__nEf,VIDEO,Nx3MBJTDIbojgsbGfdIn1
RdgFwT-AUv15MHcowTlH_,VIDEO,O3R-AR1XSGf36_rK6dnGQ
deRXOUDZnuDerdiLwrDmu,VIDEO,piR18phygy2dN0YGE07FF
Cd_djvYTYfTGIn3vp5CRu,VIDEO,BQDi2ZwdbBuMueLVg8jhr
8WTRd72S-bWlqsovnv0Nb,VIDEO,_KvFk10IlNOcQyw9KvXvQ
Q4qDXWDQxSr1kYkYUR-92,VIDEO,5vaD1GO7T1BqYVjkZYoux
CxxlW6hp9pWBCl1h_qqLt,VIDEO,73nGeZYxHViaNlZsYBOrs
_OtZqYmoJipk9_DaMnnqL,VIDEO,EQQ6WnA2uFtXdI-M1-lr2
BR1Ka3Kw3YcPfdRYtzOE1,VIDEO,zDL36Sn5yiOoynIVaNC1G
i7E0aBd24nQnRuQupjLji,VIDEO,nV7nf4H-UjVk0kOncrqy1
dMkqhmZGSKwA5ZcB5PgtK,VIDEO,Ah_E3y4ncKEvdu8jB-iFP
4OOEHz8lDis6JuLGpb2CS,VIDEO,dTCRhtT00SPhFkk6ka6jc
GmRjE3eZR9dE45C8C9ibe,VIDEO,uwedyQRUcuk7YS5gjxqsv
M9jQHmkSES7qg78SL3eo3,VIDEO,qYvZZZiGtVi2RSWq1W3sP
xBLbqNzPGGEyQX7jFHIei,VIDEO,uFSqy3TFWyLM8dgp7_uBb
H6ruZSPwpQhHngX1it9wz,VIDEO,dBVhgv2bfnltX1dloURl4
7u1TQpROl_xovAduQtbtE,VIDEO,o1BekVFLmKYCImmyzkst2
c_jdVHh3DXEfvQD6Z-q14,VIDEO,frTlSLxIiZpPdlBUnOT_S
oWfluOP9OiwkbwfvGXNIP,VIDEO,6LPRpj-cHgUBzf7bRi3bZ
EBAHY7dqRVahv6aJ2AyyL,VIDEO,g86sntfl1RI3gipJZxo0_
apbsDxhpDIhuewIeGYdeX,VIDEO,fDBZEOFoRH-xboobD4BQm
vf7I_w6ipnkCHJ4PVVxMb,VIDEO,5Z_0fKfFek_y8yYN_Ll1x
JXpO41XavbZYJ8fmaSaFL,VIDEO,5j3wnxTWunCN6BRbln2BG
9w79RgmZvRV31A4hVjMX_,VIDEO,929uVcfHfHahnVVRGpvCB
J_kvbXA4DiW77GZuU3Gfv,VIDEO,QqYb92BJe_6dRojplH9iK
dtrmZPH5bljtvRCla2-FL,VIDEO,Lakn7wmEYMdjBTp84Ykd2
CgjZZ5EAjPjEW2WSrUUmO,VIDEO,iVWIfR3LcvX_DvtMiDgw-
dFYfuOmk-32Pzl7Gtq1QM,VIDEO,wBFhFHlPAWo0BXw8_pqbY
L7iYeW8lU1EDyEL1ajyty,VIDEO,K389XIq_EFcCkWXDW38ZJ
oM5w_tJ-jSx4DxM6NtXZR,VIDEO,7cM60GOK1Pl-QujNXvTqu
Jh7IhQk2znQNqYtSUCXIC,VIDEO,9Zcl_UCwlU2cyzrz7HXnx
LqrIM0ILDgPdsh3LeuXdj,VIDEO,idZvzYrhAk9ch2nyNUJh6
h03EHRZ05SWP7OaUKZp47,VIDEO,2pWsennRIgF5HcsDesyXU
0SsElCQQffxMRzkaSl8ze,VIDEO,1Lq9f4TkYc4b15rZCCogO
ZRXeeycIET2eH_gtQiLAC,VIDEO,pXdNt4x0P7FjHZpB2V-8J
pG_HKQNn3M3S9NPQRreQU,VIDEO,AItg1I-1-x3gumnU3Haww
cSR68xXu9kFmr9qWbdV9D,VIDEO,gSVJrNfVdMCn-BHoYDuCE
DWw-IyEhQQELZEJewVL4v,VIDEO,Y2q0bEM6P_d1HcSjHyU-s
fZ-2mGJYSe1C2uKTlm_cN,VIDEO,sx1g65qExy16kuho9P4yF
RXh7Hp1hTeDF_OIQkn1sH,VIDEO,-em5CJUi4F1Ho5BXULLf2
oB6pA_4AIAWsAOmeVOBs3,VIDEO,2g1I3SSzQuwJVXk9WXU18
BqQiZOBcIXyhxSfwsTlQS,VIDEO,Ps0sy_xNj3UzJUrjCvQQv
jtFJjGo74VwDr8UWacP4A,VIDEO,FJcb79I7ZkGHN5kCKjmRZ
1w4QV2k1elpEvPkUYGwjm,VIDEO,iJ1sautB7pAaD5cidiwjr
u3QBlmDQGpd42ReAaKOga,VIDEO,gkf-0WEX_ySj9XWPXEpBB
v-YzEq7vgTXYhWWLug2_k,VIDEO,Fp8Piy7iDPymq4jF9DIVN
-69zHqdV3uTCB32TS9Tz0,VIDEO,VYADA_pF_unYxZ8uB20kz
4dTThSFdMkeecIMpfMRUc,VIDEO,Q8N9j2yhzrxL7QbimyMZw
rADL369uOzPo-kmJUV69I,VIDEO,eHXr7_6k6XQT07ydopCo7
Btxdbo8teQSs1wIeboYd_,VIDEO,HNdYNw4LPYHxVrhXFL3TJ
IF2nfr5Vrz3AZBm2UGhWh,VIDEO,muBfFYqysMCtk3WlSyzHO
um04Px9tz8H33JqbUlitk,VIDEO,RNF3qZap5LAgx3iPQ8_GW
rmAPoyXtfoCVbSTj3caOD,VIDEO,UO0tytqzDWKB4fe_zCAhj
pQjXGdjgv3cdFzWsKBimj,VIDEO,0JzdvLHxrmTznVDxliHaU
hICoetbfxWmGGDO4snzza,VIDEO,jpK7ZrGgjXAulXQtj-nYI
pjzgBQPp8kaiYD-boSl85,VIDEO,Q7I2loNQxrRwVxIUV3NYF
x3NB7i5deiIuLMwU_6Qc0,VIDEO,Cktebhy4btySkIv1jf1_I
cOZ-5rvSl-dVXQ-6aDjZm,VIDEO,Kp4vAzUHGxZlzYeH4q16e
G-NMxyrF9MDdzlu_5PuMI,VIDEO,QZMuxjUsK_ebtIIs0Cztl
muRo5Ai65oAB2BCJGPkmv,VIDEO,j6aUFsXYHtmIEwTQ_7P7o
vD5K_GxMnJnAqYN61EciE,VIDEO,AE5qaoiep0wufL6KhYIBr
eta1w6t9Dw9_BZ6P905ir,VIDEO,_MouPNE7BkPcJy0yVLTUT
Gncks2TAgI1ePAVfhy9mo,VIDEO,CpCk1azCUjhP024Qu9zD4
h4jDemVIiMGmmzpmE-r1a,VIDEO,G6P1BYKETOCbIY_CP7nym
ixcfmZM5BXvQaNsYISOvN,VIDEO,9VXbZuATGQBlFBOS-oqZk
1pGCIGnqN2ZH7Rt6Ulzwl,VIDEO,mRRTDowoLoCZGSTKpW5Ua
JQtFVKUoLP-bEZCsXhdz5,VIDEO,WBAS7_m25ZsHXm-Vpc_nD
RNTGXdncuoXyrU98IrC8f,VIDEO,f0ZvOe2dYpVOnjxQUSBQd
jctvxOFkKZTIww_qLZAx7,VIDEO,oeROzF0l1UZdkpjHvvA23
_epqXtILeAs3IOoMdwonb,VIDEO,nelkp6fGuP4LV3siHVciG
VQVKBFpk040_C9xyBIDrs,VIDEO,J0ESPj93zNVvQFI2CHzWN
IYUqMslmng-yYGbF9dLmr,VIDEO,pHqV0-swB89ZvlIovqP-0
kMH6LtIhkKz5bVefgetNw,VIDEO,YujBTZ7RmgmjuF830mqn-
omd-FH0LVPY83HzWGxkl7,VIDEO,oSUsUU3-SAnCz5HXHdSZp
BeZOHReEmNslZPvjxlRFY,VIDEO,uOMcNmv9xOmUtCjNUWZWo
KmOaBjp6kIYcSDt6KgWv5,VIDEO,q0zyIsFcz7Y9dUl1dPYli
DyeWKtx3-44tNRzSO0i7C,VIDEO,IUCDM4_p3Fxn1At7ptLxP
VfTLoLTiWzJFLwZtGkOKk,VIDEO,hYBRd332372zW-hOA1_ra
x8Lge-bIVOwxw_Jq2Jt5O,VIDEO,lKAIOsxuQ2XPYEhgSYBFZ
Trnrrqe2rgq3ZEIa8raiU,VIDEO,x7ghyXxb-rctqAjzwK7MD
SuuhDRNeWN6K3sM7P0g_v,VIDEO,MQMQ2IfgL-Pb1P-5j6Y0V
wnEWmkzY-sflxwXYNTv4F,VIDEO,LKvs8YQzrWhlgAVHNQ8UL
HAvdW7mvkAjQ_d4zI5YMd,VIDEO,E9R-9D0LOYs1r2pEXq0k2
ayvQVjZAE_BPGcnnF78n4,VIDEO,hKhGSaA4RTcuoefEIxvdU
sFQjWde8OXmNuoS-UkTT1,VIDEO,I0XlwZWN3K8c30J-UpDgM
TAw1S5IwnI1MAa430LD_F,VIDEO,S_GjjDqGQtwV-IPlcX4in
Az7ZvffAPbvzHmAiuXkXx,VIDEO,GGSh9G-AG_rK2R4YCBImW
S1U6vD20waGnvPEwb4RAQ,VIDEO,6ItnU6UIqRdwj_r7RIMZC
_anvDEjRojKN--jv11Roy,VIDEO,zCXtkyOdNkkuYGgtP4WET
TVg4s9Z4v1fl7ZRaN4wAN,VIDEO,VguoP00xy-QtlK38xIO6r
dy7mqIG9D2Xi1wWyu6pl7,VIDEO,288ezpwqLqbpV-erychlp
YCuAkzx0bnBO_fg3_D5eD,VIDEO,nHPQVdmfsuZO_3khyhoLL
Q5r_vN2R0gHjd9Wae6gcj,VIDEO,A9-T1l2HpiHvWLXDxtu4Q
ee7Rdb8OEywiBLFFlQWRE,VIDEO,tYXaLDI9djH4HzzGSn2fT
4d4T9NxSQwnFN2Ly24-L0,VIDEO,I-P_bYg6v3FvSOufdT77U
FST7eVDsI_nbvwAN-dCyk,VIDEO,iaNS4mgZsD99Ka7X2W3nl
K8Cy1kuxt-GMcv7VWJkDO,VIDEO,FYwghSIcxfcKk-Wgo1s8e
Uotapgp2oUQMsorQm9RSh,VIDEO,AEmjgXlehu_19h3myZpWR
n8nRIvrhgNIhQmUAW34jK,VIDEO,O3q9b0os7xd_NbCZY3UFj
DwsRcntOcol3T8kqSTWfK,VIDEO,W-umRxgMk9VkgBawMEk14
twBSZkTA0QXrOEAi9vEUk,VIDEO,P_pY54MUkzUuzhn60zTlT
0poX1Bbp1Q9s1f7bar_Qb,VIDEO,R31Kclj6ha-KcAhRB-_NU
dNJxwWwrN70QRCPgBTEdf,VIDEO,m92jrQZr2PIRzD78mUOcC
ASqnQ1SgeFiss4iVkPrwW,VIDEO,prIfIAK_jYynvuDquEZNR
uGgD-u1M83e83b1bkbwX0,VIDEO,RefjHAwcUzcHDwCocHnkX
X7MujDaZ-CPVHJYLf_WjX,VIDEO,y1opgUo7jClMxXl5MenmG
ngGbFhanb1y0VxcuZsGr_,VIDEO,TwKNH1Jq89dxvalbuP2pd
nAvqtoSG4cHxyjJxxHN4H,VIDEO,524a1nUmMmFty7yrlySNp
D8QnGwtdjHDZTtkvBK1pE,VIDEO,aykFuQJMI4curv-MYycMn
oPAhcY7Z-ZhWhh7G7rThA,VIDEO,-UZmKkbGB7P9ta0IaeW6Q
KRUidc3dMYYQ3rG3PSYmb,VIDEO,TY1nKeZf6MZv_Nvf2nD1k
wA5TOKw2Gr4N0xVl6gf1e,VIDEO,9pZdovlt7v8aQS1Sb2Ygo
EWhQx-gXqjoK9YHYcu-pq,VIDEO,T24wnfT_e75VBWX2TiEUL
eiz5nkBmmzvz-I9gA5U8Y,VIDEO,clHZyYdIJHCdhFvMo_8zL
6KSqeLGEPGjAOwnLesN16,VIDEO,TvxrN-2kXeliMpiVRKVuF
IazIcpWg_sAhRC0038Cql,VIDEO,mG-6smhpYaeTJwl6Fc9wr
pAoKcaMqh0e6v02v47yBd,VIDEO,pZ8WGoN3oCZRSpDIEsqbi
sxXymuCwmjCPbpRPfsQYT,VIDEO,GHAmICH4j7IT2UP_Aah9P
dr8JF4UFjjdvmuqOQvH3V,VIDEO,yxdIYnkJeWrAeV7Za-bGq
kCViqZg-TflmZt1fHRWe3,VIDEO,yJ0pDxqUijIretVqbsE7z
UoYCDBBGEQUD8Anexxswk,VIDEO,LT3JRhDYlOaJGPaYt1bI5
CXCPtkoiv31-7aFpuBEXK,VIDEO,eXW17IFfOlRp6QmxFNqp-
-VNjOrWr3wxFQPXq16EID,VIDEO,gTfRoilgxcDDNYdclSXfS
4-slHXPz394pyMM-fm5w4,VIDEO,25YJBkEOj1KHCLITVnk9m
VIRxGUXBYSurU4n5r3hV1,VIDEO,07Z8GFf21vVc1byaYr4ld
ftAQCjRwrkeC61EDcqrbF,VIDEO,9tbOkxUrzrsOMn2qo4_OF
fKrEUWnkDxSEp108CcXMC,VIDEO,dnMYEDYyvtxDGYGbe-gVB
meRpssKYMq7nPBZ4D86cW,VIDEO,LNNlrlGZYWducLuhwh6EP
_AYNlH12U8SHRF2OFWvmC,VIDEO,58a0Ox1dYvnE28LrZNnHc
WizZVQVP0SMqRHEnAU0tx,VIDEO,PCMKDX8qZ11M2jYTZNdKG
LKsY_h55aF2ALCosGfFSI,VIDEO,Qg8XK3CvBgI0w26zcn05M
PpxTXHYa9b7A_QlcZ2EY7,VIDEO,qTcR5luBIXygGylhQJGRM
6XFGuawgeSW_y_a1Pk4E4,VIDEO,f_HaFeFP09Q1UMBV3b8uL
z9hQ8996DcTDRluBySFdy,VIDEO,7ZTb7UrbHDZpuuwDKqShV
T4D9_8G4lAgRHH0IROt4v,VIDEO,QDTn29jAQX3A9x0NEDGIT
8Ez-jNzaA4K-ACfYrkfSB,VIDEO,Hpt0r5qMGcrqzN62qMWTo
eVDh61evQNyJsBkmWiSoR,VIDEO,jbpWQy1BN9S2fMu1r74_e
rzG6rwNs1VQQLPhNvvNxs,VIDEO,JNBLBQ92KNbiJBaZbRn82
eTQ8I_EoRkby5KI4oU8tR,VIDEO,d4h6QA_pIW4ULyI-pratu
m2ekPJuoUxsUPMpm8l8qg,VIDEO,PLn6wQ_CX5nAveD1XX0FL
VBn6nW3vToz1VYecqLxLg,VIDEO,7QoNho6424orC2-tvxEjO
3kAqgUFvCpXoBjdmL7s-l,VIDEO,gZcgrLmqCQrItBqEqUZDI
kGmJybspx6Aa21murWWgN,VIDEO,a3NbZO_a7utNxB0EwZCGD
dVdVgcwnp0Ehd4SBQwrdJ,VIDEO,6VUTr6pMyKoFgyexD7Wgr
8gV_Vo2ewu_-w3i5uknh8,VIDEO,CUc3ZAI6vs2_BB6fb61hu
Y3gnJJRAu__UHA5pqTRQ_,VIDEO,9Vm_9mLEx3HE0oCYKoEsg
R66VFXZ6SVRIGM3qfrYug,VIDEO,6bXnk_PcZXFaSqKFwh55M
CrXREVy7m_0ZQMDw2C7vQ,VIDEO,O70XBy39Raa0DD-ZPwAuh
N0Q9SSrK2TnRcnyWRloJ9,VIDEO,Jf_T-DpbkXLQJ1yG2Ly_g
ZzVsgIdFbVlxi987h472U,VIDEO,rKcmTkdkQ44c1YZv7uzMD
sOhImf7miuuNGSqSdJetG,VIDEO,QS9Z9HyfQc_cmrA0Uile0
fIIZKoROLCyD9jcvVWuBv,VIDEO,7GvkThFFQrJ9tAaLMETkn
S9S_e05bFiyz5qyPRHuY3,VIDEO,7S2Xu2yNm3Znkd4_D3xj0
1UteCp0i0wEt9jyoSZms7,VIDEO,2egz7LNlicdq7Ix2KDH5A
BEJ4C82ZTivek9L0IFr-N,VIDEO,o9HoNNnd_xTiEfa1zr0bR
ZiwPyWZYgtdvu18aDpELh,VIDEO,pXTmDy4OzGmODqElWqBAj
bSuwJe7YRQU_mRwk9LsxR,VIDEO,XYnwFZRHXrkXYzIybdXYo
b9ZHtGweOvvb3564x1DfA,VIDEO,5b4OyYGgfcoimOBMIbXbB
S7fOcKZN3_06zZeSeKRwH,VIDEO,la6ycM76bGh6FQnGgrl7P
5Q5pCf-RKjdkIQ23r7Pbk,VIDEO,-hiLQx47Sqd5H43DnUKdx
tvLYbEUU81gnaaKpEEhl1,VIDEO,n7Vqf4IMqoyP4ej56c8SD
6OPXbyjpmG1Ix1W3K5Q35,VIDEO,S3dvOpF5nddwRBdTrtxh5
Rb9f1L-HYgY-6oFoejm6b,VIDEO,yCHlMM3IWCBw98CUPNIXV
MzV3UWs0Cg4P7T7b156cn,VIDEO,flTYHUHeSWS-3kV6_q2O8
KBNqUgdAXiJglnZ6dkEYg,VIDEO,mM88S-lw19XQcb9PS7I1i
m_6exxdoHCy6djBA3f_xT,VIDEO,1gI_v4m_RmBg1mhyIwXtq
pClTC5OnMMcAFgs5ISyVM,VIDEO,9igl6UKnsQf7-uV7zIquN
0udaiTjNRmbTGen_kc-4S,VIDEO,u-NRGrA_6z-xta1D3FpXJ
zyLsBj9DkqWSRMFeddSuJ,VIDEO,5YQZxn9CxBe4BnKLJwAkD
z6NsgdC6MR39W_451696m,VIDEO,LdHVHfn0r_r4vlodRZJki
eXFsCcGnP83_9eqmk_P45,VIDEO,27WUKif59R37mlaiaYuad
xQ6PCG2XqwY1oMf6Pqty1,VIDEO,vBsiFD5Exp-IIfdh3zQap
mE4apAXw1O4ZYoc8GtnyY,VIDEO,H_6W5CNFxVrBfrY2x3vR9
F-YA79wA3B5G2nuNe15fO,VIDEO,SiiAxk1GTHKXMsoHODFfT
U-VueCZeh1Vpekd1UQ5xo,VIDEO,fIgOC0D7UwWRI3KwtQUmd
0u9U6ODYR83z6DtVghfDy,VIDEO,r9_Q5QGsLXJHmyORRBJoK
iT6VM9Gtl4_6ry7Oubsn5,VIDEO,vQlQnn5MnzjCtwBGJTqAM
TalEoHA319gLYtvo9mjdC,VIDEO,E6hGUK8_9sYfEv1g96pa-
IJMdDdkjwc2QloHSM5GTw,VIDEO,U4jL32NKQeQx-QWBtPJOM
4vTsLuqGLavuySJO2bfS_,VIDEO,u9hhhquMDP1O09C4w_lzJ
-5Gipyja7O9_5TGNxHbUw,VIDEO,q25Dd91u2C_DuSyW5dBqu
pVeQv1f4OvO0ovk0AD1ZP,VIDEO,i5gJagQdoLh1WLqzyGEvC
zn83QK1Hd7OTFKuAR_TdR,VIDEO,0Hu6vCCDmfPTFIKBPTq0F
0Mz5w8cVcgF9vz2SW_TJP,VIDEO,UCYemnv20WnbvZ1O1NV1x
CrrbKDRyWq_d9L7Dqkxpd,VIDEO,BGaQ4bxwOW-MjwDui2_mv
AiR9PHJLunkF3HOWKYpd_,VIDEO,waVIlyLiE4ToRwVAFWmgN
9W89esKpIXlYVqcOJ-E2u,VIDEO,OFLwjimJ1OfBsL1PWjxKx
r1iO-G9croKl0IUFoWkkL,VIDEO,Z2Kc0naSgbQXVPDleZ9QE
iof-mHBMRFz7Fmp665rKZ,VIDEO,4BFv2pVGLi5uoJV3QwcSD
4k28dl-jx_CR5cwLiUve4,VIDEO,4B2VonWJv1FGk7rDt0AAH
bgPEyM7nUG2zffEYT5D9p,VIDEO,RcAwwGVOLq1aNz3d24InS
G9WfpibX7z9jWFXT2dEGp,VIDEO,EVJQdow2Vq513kHB9mRkX
ufuk9FgBUxhlkUXnfZW8W,VIDEO,Aqr-ajm-qziw74UPR7of0
7FgegnBPjkXZ7FVHDKsXu,VIDEO,zdN1v8g5TPS1kW6zO48gx
waoOng8r8Txt57LsrqgVo,VIDEO,zhfPHwX4ycgF-Hj0fCToi
UNZBDHy-_70BBh0jiZn9z,VIDEO,aW3N7ZlGFKX_jJK5KYy9w
evbwU8-fuOMu5KR5tYVV5,VIDEO,7wbPICRhi7aAzX1PnBZZD
EScH9Zw7Mw4hOpdTqFkp7,VIDEO,FpmbzbkSXRuN7tot1jDd8
RDYv0-5tUKv7e2ZfVVnN3,VIDEO,Ekb2S8YIeQXbWg8nV2Fwr
nS3i6J_n7IiVJhmjgfQv1,VIDEO,vvKqjPaQCPpizmtf101b8
FaLZmdXFzzJ1iCF6JNJCs,VIDEO,fuZDGUsZZ6wKFx2oP6rwz
Xr3stXBP_WMuTXTCGAzFM,VIDEO,vtt8daxicUO9jAX1US652
TXeQKk77RsqUT2HlAGweU,VIDEO,q6wS4Jt84vU2-jNvI-rBm
SXjhvlUJ9NfrNm2H7GDuT,VIDEO,KiByH887HbPBbRCghX78r
FJc3IUgGNWEXtFfpPLOu6,VIDEO,fspDhLDjZF3MWongLtvl7
rOVztwsUEMMP3_VPq0gL6,VIDEO,w9PPsPwX26CldYUl2Pk_x
BYaaK7WBKXcV1MVaJ30Uz,VIDEO,OwVUj_oSx4Z-tUufUJqwV
EhX--R1bP3wV0N8PJR5xs,VIDEO,W68UcUrMRn3e3nqLWP6qy
vWJaSWxA7Prr-SKWJU-24,VIDEO,W5VnobN_sDNXQAW4zHS0b
kxq0-PMcovQa5rImEaRyJ,VIDEO,SAHIkjOCdu0xVwxmZSlBF
5S7PYmuMhBNuJLfC4m2zS,VIDEO,cnlVPVr6aAfAyUVatmnmz
Q5LM98N0vMO67209OSb4B,VIDEO,zlPAVkmNZkTGWNnAKn8Bp
2eFcNRNJqazdhVspvX9hA,VIDEO,XMU3NU8xhSgtCRkW7j2xy
qRLUEHdRSPpnyjCsybw0g,VIDEO,IejV_54d-PTbtPjMky846
Os3-vVGUukiIvcNAN3Cz_,VIDEO,ebOtzIp_75XNAMz9VDnhx
SvBeIHAYpkAg4jpX2xVEm,VIDEO,PL2MC62EvNNaWy_1Jy7Pd
q_VB0gndGgmbU6h7KZD2T,VIDEO,u15_sne64AAXML05xdr4y
y9urHF58s5izrj9XbSUAG,VIDEO,aZ_xtw888hvjikcb2remM
ZJMbmbQnBVMaQ_BbOnGiG,VIDEO,Fej0TRb7g9EVuuYG-BV9R
lICh9lWdMiES1clMJJC2-,VIDEO,KVyTY9Bh9VVV_VWe6-zyO
g_8PoUIkr65SxaB-DL61O,VIDEO,M3eaebwZUUugkEV2Gnn1E
Dd0HIl-G7lATPrk57tTt0,VIDEO,Ccj0U7WDlk_EgqF7yMzoQ
KRipDJu4m95jgQ9Sqx8rN,VIDEO,1Vt0OJ8AmRE55bPYifh2I
cDtFYZDrRm220Kkxm-Dsw,VIDEO,5YszksIPFG9KaKCi01zEL
L8OaFP_edYMHX5bCZRctU,VIDEO,reU83kd2PnPK06khw-xZR
gsV6FhOqBYNrn3dR7alzx,VIDEO,83r7ybKHi9YZrYvnfveoF
qUIJ4TV83A-3Xafi9MSZm,VIDEO,w94q5SNHW0q6tWja8CsaR
IhY2dLoO0LcyhED5IwXo-,VIDEO,eNsiINhi1xi9aBu2R6cxI
2HD2Arx-11Vi-CnilAI2G,VIDEO,CJOMyemFhuHYp7ab3OrBz
acE4sqX-5OVpcdYIL39qv,VIDEO,DdDrlVlC5p-AioOU_2sdh
4APSjGd4Gb9lRNaDY1l1g,VIDEO,0VMD8ewdQH-yJcbVKvoC6
nHunSXyCR7sdaMpSaK9YD,VIDEO,Xub8Y7tww1UXpX7GgP9pP
sR_jaIeL_cGWNYxTzsMIg,VIDEO,GMYNUcV1r8OQBWLF1kORj
FInTnRxUdXHcpsoF08fhT,VIDEO,_3B92fs9dlaU1Y9xrvwdp
qsTdAknVwNc_s7qIPD3nr,VIDEO,e59PjLf3k_sP3gENSLexu
47rddQBWnoJZjRw177jBQ,VIDEO,zRZsUdl8HVa57K6DPrzd4
OhofbsW3zYjV06ZTinda-,VIDEO,ZQpc50IM3QLiKlpTkZyq1
VQbvUvn-uDKTFnbQmItUq,VIDEO,2Lt95fZWVrmDlSzEcd2ry
JAQz8ZlU1Lbx_0veevanL,VIDEO,5olbVLrSEErMp3qC6GCYo
9WdkCff-6LoJIio5bde-Y,VIDEO,wUMnihJPBvfVwtgyu5DlI
VO9p2aa-WMeZTf9CAOzFZ,VIDEO,SXOFgLG6MRxVzek0dpkHp
6pebo4FGEdrOOsE2T6TeC,VIDEO,KNOvRaPGkqAUHBViXI3yH
m5tndgi4aEibo2O68mHB2,VIDEO,Ej0mKNvp3oi7gsvJ_mmal
4ZwTk6UlJO_xMJ_N_pg8J,VIDEO,JvlXzrIkNGRoF8-6Y1EZl
dgXIV83yrFYHzbEwSgtys,VIDEO,w6lUmgRKivjDeAp1vHsr1
Nx906rRB6xD1JtxIkBJT6,VIDEO,SDsBMhw8lrc3ljFlNTq9s
2NyWZv-UBzSXGoVIkFo_M,VIDEO,PAGxVq4ounlUUAfg4jwM3
V4EpzD-HXG1st0E2Wmprf,VIDEO,v51I9k4ekyeiaTqDCZrs2
NIfUidwFZeociGyCorkE0,VIDEO,z3DnH3ZyZ-JOO2ZcgT3lt
CX1THJR4WR68zw6hMPB1P,VIDEO,iXfw0_lC99RRmkC5yoUFk
p5M2yIN4o7GrSA7T1q8lq,VIDEO,KyMVCXUzLFIkW7hbYy2oU
j9JWr1pbT8ikgUpsyaO9n,VIDEO,8Y0H_F8rNw-ih-M9mDJdP
oDAQWIXhubMz10RyEANb0,VIDEO,0zhDJlj1RempEaItmhmQk
mcSFGm0Wc-u4ZJvJaOeEE,VIDEO,dCyDgAPDbmwLWXNQtFO1v
eAmrCrWjTjYMtn2I0avVF,VIDEO,Oank3_BihHPeUnHfI6S5T
L12ocDOumn0ZOEAec0aUG,VIDEO,V3IkKIF0mB--GPIiJa-dZ
TvaoS79meBJbil_4HMD6A,VIDEO,X-ymY-YS0EFTSYB37QkGV
Ztz5hrr7EgG_t9VuEnR2X,VIDEO,5COrl5kYhqjEcFkU3gDb6
yI311k8A09uB4ZeE8R6ga,VIDEO,uMjeFHWqQMkuJeNBrZ6Sm
pNyDzcj0E0V4MR7p97JJo,VIDEO,wNfhVR2S-UqgMatZXqnIt
yHjJXPR4NFLtMT_WN8Fc1,VIDEO,XLWkSmuqHUW9OpeWinJev
JbsxqrHm5JphsxVwjDcMK,VIDEO,SiOEzqGwbDgIXyMyiFGGg
EgO43JksAjObx270umGaE,VIDEO,LJ6gbik3z-gd2Bb8Yjg0U
UuZVRL70z4DmnZx07SEnz,VIDEO,bF9EsWQad21O6t5rttPvC
MFUldChrxuHmICRRrSHod,VIDEO,kIVRDht9RmlC_NbBAn3Z5
Gq5ch-cPZiw8jGd1AYtfC,VIDEO,xKqw2uipTTmGtNfBicqYT
reEmnJQiDlfQcuys_XlID,VIDEO,0I4n2OU7CwRC8fSFrzaJa
2yWskFeirm6-y86eSdfDT,VIDEO,jwP-tOrGYgL5VWoHdeQlB
Na1XNeTvOcL6VDmsQrRfP,VIDEO,kuK8iZEb3IcyE-69-oobC
j6g1zU9GrxPP3SfVmuShb,VIDEO,LguRGgNg1EOkSzileojV9
KnzRRBRnMKWvxTHAJae6X,VIDEO,oLLDY1Dtv7mED3Tjv460G
kYPLUmtkL59tMrO-VNbE0,VIDEO,Vg0vb5hhrLUnIKNA1fTDy
eE5l3wejr7wTBlng8_qYg,VIDEO,L1wj2-O6tLDlfAHzfU63E
vHxynSYLKFz-1jq31t7cY,VIDEO,V82BZ2CiR0m4VyK6kBneU
a50A3uYkTBZAMnypTMpIB,VIDEO,_-8YTmDGByByikaP2cR4D
9P0Fkjx7zJYynXoBJB871,VIDEO,KiQvtxh5rOh-cGjLBJwwk
0kc3bMF-9qRqaizcswjBs,VIDEO,-JXcnruVRYSR6mxVFc5-B
0xYbXr4nl2xNPLX_DrMQY,VIDEO,S3gVkoPYLaG1Fv3iIK2i7
F1CK0-zCHGXtu-KZSDkpu,VIDEO,F1erR3KEtWqtt60f3uzSC
EhYkb06id0lOtPMjky8kT,VIDEO,2J7UtgV9nX78eesIlVAiP
ZO7sjGipIhONlc_n3C_su,VIDEO,iHTIbYaN8mpnRVdzjDG2g
OVGvzuJ619GUR4yGgsr6u,VIDEO,npNLxdrRdfrnrfeeA0kOM
aaU13KBOnxfjNDCTvu51M,VIDEO,6cRD-71qqpB9gFAJb4w4k
E-SvjAgtKgRE7UqVSG0bt,VIDEO,2RRMGmce9OXnk-nJcQX2E
_j66e5lyFrsELyBWGzrac,VIDEO,eY2Yx6Kz-EEtb1PC49Um8
DXNwY0zd-EfIQq44-4dXI,VIDEO,p3r_BbhfID5Ubc1mU6DeJ
tdXqRXcdoeP85yIIH_-lS,VIDEO,axuaPpIXDlqgoEdP62F1t
sjJyeQ16SIpxX-h5arKpr,VIDEO,dv4m2F0oH8I9C5V1nEf5l
2urlUae_B2DAGJ0yI-twx,VIDEO,ADwkVDNxkN8rzCgj1HKL-
-cGvFE-QgwzM-Y8n-BVAg,VIDEO,fdC3b4DNGTskA1DojVS8P
1V5xbXxBbsfg1JW0Bnowt,VIDEO,-dLLB14wZcQgK4ok1dTlQ
wuP9mRVBeMYswiKnPJkHt,VIDEO,6LC_j0bGWwcClAe4NOMKo
Aqd8L1EeG940dvwoIySR6,VIDEO,D-PUO-AD1z3WuFOTN4jLu
G9C-NwpCSzYQQkWRuzVms,VIDEO,8CDS5speYGjAOopenaDWI
r9esr4AZ-LeFwcsqM8Bjm,VIDEO,WBqK9yF_TP9piB5esVrnP
qGMyJaKpW16GiTLE8OSG-,VIDEO,jzhGTSV29aJNwwy7OUjk7
aZppUHD76WezPP2Mij8po,VIDEO,42iDM73ar__it_95qK9SG
tuHrAkj35UX3LNVtC6-M0,VIDEO,KDI_HnU2S7aWNvXvZpNJu
SeWV8Ymf1KQ-uyJD43OHj,VIDEO,QJQwHX4E-kDsQzB8HKERe
gfCNsxCLls29buHOGGaZT,VIDEO,to_5spbUedp4CsP68I8lZ
hPYncjLE-uaQL0WejQEfm,VIDEO,zKHWd-tqMjdJzJ3Acr2fW
1bT8SOQZ9CGzpMhpmZ0l-,VIDEO,jtpKPwlunxAwhZrmVau3n
e_gAgGm92mHCVHsyKa-Rp,VIDEO,vOh7MSSQZfH8_SYuFrwER
G0el9rsiteEMKI26nQKLn,VIDEO,6N2M7QXCqFxOXEBA6eu4t
rOLEN4NyYzfIx5Q4X38rl,VIDEO,BDHWU_hCLKme3y4M9gpF8
90KKklPc7CQzfZlvLsdgf,VIDEO,rpaa4N5StPL2S9gfYFuvF
YfyiFEBW4dHdMFoPlQhgo,VIDEO,aRO4aRAUj-WHkY9ICeUCL
PUi304-9CVyhQPkyIDkgu,VIDEO,StosnICiiByQ18Ej305ip
gHzP7mSvS3_mjIMi0OLCE,VIDEO,YC8fUg5EzNBOGsx_3YSIN
GKalsIO8rPCnKSG6W7q_F,VIDEO,ON5RRK1HN446wB8m8R_x5
rVR6l8FizAVX9KPsLMZwk,VIDEO,-c7C8GV0Aaf0QVjWXVP9L
e7Y9j_FhW9Q7Ku_G0RWtm,VIDEO,h6IIAXvLmHYvcsR5K3cVb
gFIKLIM0WxO5KV1flvPBo,VIDEO,cNQozRcGxpaS4wAhoHse7
Gx-zWLDP82TbOzySvzjQ2,VIDEO,WSrynDHVoEcoP_koikPfn
rOf1KSh7RvpkCJHx6cnv2,VIDEO,FRWgxTp-iMI9n1dSFZ6da
JgJZhpQovKv4hoCOCL384,VIDEO,1ouU_xkQtCfRuIiX7xpHz
q6Kk9FFT5AbSdYQsLcvpD,VIDEO,lVAOTFHfStSKUiZgUfjGL
NqA_RFFgSb1VtX-umpsC_,VIDEO,w-w6Mmt0KCgw_iwA0W0e4
e3gfzC999gAh73_KsWYxx,VIDEO,o6sv5b4Wwm3016nod-EEa
mVyMy8eRSn_j0hbVxJM3i,VIDEO,bx0X7FhGMtxolGKXksaDC
nPPvdn0cIyAHqMSXuQDqT,VIDEO,IF-lBMfeANQJlIjLW-1e-
o7tZj35HnKrmIs84DAP8O,VIDEO,32wtMDmOLiM9GGTqeLhJM
uqXQCRXjoSbcDVDNwwJAx,VIDEO,TMEiYUJBkh_pa06aVeeNn
blUIo-aQpLjUnPiXMlXz_,VIDEO,c0DlMRl-8_TfNRowXv_D6
0ZNNxtbOq9FUGDMkSsPbQ,VIDEO,gqvZHCgrSXzvfmgtRP46S
gudKKt8l1ox6mZAqQwzyi,VIDEO,PLywxu8oNYmcyMN0lJJXV
YlTgnjgUoMoBZhseA4BA6,VIDEO,e4GicDGRrm_BBIu4uCNMi
JsMDUltgmlBAe3_zTYYB0,VIDEO,nrxz9eSaGZ2fn5EVaOWvf
Y3YBzKRp7fTx49kuVSUd2,VIDEO,kod0yCxC2zfLuy_Z4XHbq
r_8OPCcGBW24EnxvVJ6Aq,VIDEO,6ye7oy-a2V6VkX3f3cKm8
osUBhzIifz1E1Cpk9GjqL,VIDEO,KxGZntvh0JBO0SKtF6EG4
EB7ybm-_fOU1XEaNASPdd,VIDEO,MBJn3lKNHQXdzvxPc_xKX
RqqaTe8qtf2JGIW24SoRR,VIDEO,quafVdvB0lIQMGx1q5R65
Ca4Q-g1I4tON8ZAFeW-jd,VIDEO,aLlZDCrkdf6PKxoZpOl61
S9H67ftHAvnRaIDqZsROp,VIDEO,Wk-1zLmwQqH2L4RTUNbPi
KjjQQQS8GfLKB_NDf7W1k,VIDEO,StqFakEy615lKW4E2FuV1
uku80sGyeAxKyNjYn-VNO,VIDEO,x4hArghJPXA0PIr3sqSRu
sGHn2qtV-56fbSmTM4iQ2,VIDEO,LB_uPTUYPgMoM2MSaDtab
Rp0kmlbsC2vOUQ0lkJdfq,VIDEO,BRXVJmS58y_Tr-IbG8yOo
uhJXwD5ZZ3hBAhBaddVtP,VIDEO,A0KuEp7STg1EdKffdFCSl
gOKbJluPi-rVk4LSzUA6r,VIDEO,nU45hQM85STu_0oeHc_DT
sysqyRHACEKRxavps8hRK,VIDEO,Ker9AvjLNCMPz0b3BVOd6
LNKSRIv2Cf-Ia89gcxEVl,VIDEO,KGjagLaPwvGBiSuDpzbS4
c4vaUAsq2LiRGAuKE7YCg,VIDEO,dFq_jPdU-xhRpMzz2htEd
rXuVmonKQKsB60ZRZxDWw,VIDEO,s0I89a5-u5ZPya6Wdbdto
9tSO-qa0GZR1qQMgDuZcQ,VIDEO,_Fk4KkSmkIbvP_CU6Xxun
NOUYBsc3PeSPLOvloEDnT,VIDEO,xLFti_2v00qC-zZ046nRH
KHvZbSJVlkA0h68fajKxM,VIDEO,lvaOYRxlxuDD8qbWL9s4A
jL3usKGwY7aJKbzHpkZ4l,VIDEO,lU585tKSIa5Vza99ij7yA
Vy0jn4ufEv38HfpK4rpVv,VIDEO,m6SK6lG2rJ16kDq7gVdAR
LYgpBtPMEisVssy49tD6y,VIDEO,zKTlxhrQJMzcecl7DbFYZ
V3r4orjEtmm0feUUOMS6w,VIDEO,toDwMkRLi17V9CAariAgp
_Vnono-OIJduTFIooR0DJ,VIDEO,QcwUfFAnIkkSFQaKRU-Ti
5672Qc5_72QYIJs9uMASD,VIDEO,CPeo2_OfAHqyE4fhYZ_2P
ttYDiR4gr7Q3bp9cqXK69,VIDEO,Sizy-w7HR7fSOPa3Wy2RK
2Dr2UWBkuNGM_gMFwHGKx,VIDEO,Hb8ZZN1cf27Y1A3oB_tog
5CUEp8d5rDDMUCHTUUNDL,VIDEO,jDkXlBsQPRt-1S8fZWxED
tdzKZX0Fo3SrjrTUE82qg,VIDEO,jDZfYjgnIJIifJw01FlUN
tXb6jfuGMiz__qt2n7Mns,VIDEO,xoWtk033EVYEP6keuEpHP
QqvOw0ZL4sHE2KIZSe0eI,VIDEO,mFV5mf4am2iDyU2ziVIsR
O68d3IYsTskXFMEg85sLi,VIDEO,l2YN021MUiE5pkraSQxAg
wA0XTRRmZVTRibyxwAGOh,VIDEO,Skt3YeNI72jXVozcrXz8J
1h2jMduXeU6hmbqyGClap,VIDEO,O2l465BNSFi26Di0yGY9y
ryT7_nyiEOKndAsU05bEb,VIDEO,GuTJTRuhDIsQ-axHSxuGo
gsrVIPO9IEQOdy4_MfnML,VIDEO,yEtEL79to0l94aXXPCKwm
ykwrZwXN-wZVVD8OS3Mr8,VIDEO,w3spH9x4u1jmTTfgtwES9
HQduVvGqrDaM5rHRRvaD_,VIDEO,HQ1tVeJANjRcFuN_aQkT_
-A2n5q6FR5je6egsRLrWg,VIDEO,14I22UNjvfiUGXn4kyxSv
z_h7TvA6UW-qVzx5XNkcr,VIDEO,LlBVph9Rm5-ZISiXreeUR
mBnEnIOVfg9mEKEmgpuGV,VIDEO,jlD_tQuYS84FBMtbwpRcv
NambhUPvrfDyRNekx1xll,VIDEO,2lfM7DRc2DwZSEdAUX22U
3g_J3PPHaXDrri1RIRwKo,VIDEO,_XojxdYbfL8QEYIe1C8QI
Vir9jawuHQ8gJUirgcOPh,VIDEO,rVOet2ZPB3LfrZiczcmZP
QgMEb3iymSL40X6BTwI-L,VIDEO,WURpMpKKUXCYxCJi-shQS
BSJITRVGWtHx2XuPw1bbI,VIDEO,Y2GWwo95BgTtMR0OLPjVA
4-1dafcRMgL3aCUb8E0-m,VIDEO,2mHtyOy4DDfYPdr8VQlr8
nNkAOAM4dwjbywS94mxo_,VIDEO,HcQdidJkeCzuQB43Xyicy
Eop-8aF3Uo32hmllOj7Cl,VIDEO,dKprk7rRJ-2CAfH8jBYIa
FfyWG7_8AwYEocZDXTDdR,VIDEO,BSKAEv_dnu8_tdqt3HYoe
2bLNVJ6ooDKOAoYqHrvkp,VIDEO,ziweg5BSuiAYBpBRWaCXN
UMqW4zYWa6Is5SCqbGYOJ,VIDEO,Vox5Z4Ye6qHAwMn7XamS6
-Ea6de46mfNkXZq9aSksq,VIDEO,-ibL0oHMzeLpsYJgT1YZD
0hALaQiFYevUfOlRYqjLx,VIDEO,rVk9U1NtmWFwFWXjjSDKf
YAScOIsDt7ESxx7i87vTO,VIDEO,yZP6bXxGQ75wCCL7ZQDJj
LHarEAKBjhZ43qTmkW7He,VIDEO,jySONLFjvMyPcePLJFXu0
NsDoZ6HukIodnpn8k8TeY,VIDEO,PU-l_k2hY7ioBCd42PNTY
jwvz070WId9i4TDWaOBYu,VIDEO,_0mYZXZhByJndoev6_Tgb
4kJ_5ULfw2N-eLFJ5BtAA,VIDEO,FUzZUKaaj6NWfl54iRaQC
W3_I4go3Iz0Oa8dK551uF,VIDEO,oqefT4DodHJxZILRnhP3Q
2b2jc1ZwttQonzOGkb_QC,VIDEO,Jh9w3boJLHKFGjyFmNgDg
gmsaRGiUtEUAT-4kiedB0,VIDEO,j4P5HDZkRDxUH0-CHs1Mm
oLAPmADYdhRsauBVwMZUG,VIDEO,l-DWEdvLMHYpXsObkGF4r
DU7rBRhkfGND7y803AUcE,VIDEO,CkfygmmH_hJ5xiQ7HbERj
HVKGnCX02B1xuMUHXESrQ,VIDEO,eM_lhTGSnUYAv-XYPvgYt
BVZsDyi_6mOGjuCsWZYEV,VIDEO,-GJUWi3gEswUSV7IyDLqW
91ods6pmGUkPVrC7BroKN,VIDEO,KO8PctYwnGR_USWB1M3lW
lrimDKNZ7ry1m_3uS55Lf,VIDEO,twZBdLf3Pyz7tTScc_Tl2
s86W9DzylrMpFCKEbs-sM,VIDEO,5Vojl7Z5NdZKB9_bltOuX
591V9kWyVDO0vO-8VOHLq,VIDEO,2o_7UuIh1M8G-U2aEH4iQ
vgU909pZJB6fWzXEhNrsR,VIDEO,dZgVFdmqmVJ7ni-gUiLs9
SyzMc2IvRodY16gD20evf,VIDEO,_UQsm7ufaKaoap5Zinceb
a1ozGZwFJTevejAII3ZaK,VIDEO,ghbVIaVKlMpDv7tNggME-
rkWGFZKcQIhb6_ag2JnsE,VIDEO,3LteEy_GM-vtfqItnD1zJ
WcNU1OQ9e75ITdFza4Jm4,VIDEO,XID8AnwZNZD2egD8lSedM
Kk_dn3W18O7tqgNg2q2LP,VIDEO,88k4pUeCb36TshxKW3rOq
LHCYhfYBF0W7m0N_9vlou,VIDEO,6-JSxqkiMCYm0X5oO56xG
v1r6M6-nkcpQyNoQoFfk3,VIDEO,I8luv4W3P_JwY9PRTciA4
3f2t05SDLvvioGtQNin3Q,VIDEO,guxGsQRtdhxfeR3sMjINu
ro-b3PfkFtQnY_bXis5PI,VIDEO,Z2gKNKrEMT5MH60vgFtn3
_U7gwy_JqSsrWMc1gzvgt,VIDEO,2SqtaXni1mW5Pf4qZqnF2
PEBMplCag3-CbIHQw_-IL,VIDEO,I2HmYV6DV0-Uz3GYSknKC
bS3JK40UQzOTe3o-i1ygQ,VIDEO,cK29tBMbRjOfpElMY7rR2
unmX6vvC_esZbFkIhiGcH,VIDEO,7Bsf0KrKOIjc88_rl_MQn
kBCIR8pu-FFLTv2dUecGU,VIDEO,QIl2fCoHZ9sPBkaFPU9DW
v40DORPWuGHIAcxDcxTNt,VIDEO,cqVevBJWuQrx7eXCkFJ79
cu0bJktJDcKLJMII_QL2u,VIDEO,7W0R8__DvUC69g3idCjKd
UTrJ-wkCEfLgVqwgpaARa,VIDEO,azNiZNyZpbXcmrvZj9Sb6
6LUIuqPHtjEHSyDKMgeUS,VIDEO,S0mzLu8Wz2wgT4_yfQEd2
pPCUkh69EJpmIomVweSfa,VIDEO,YDjhWgnhUTdvnLyuLGMNb
S1YNfvL76sCMYA2VzBU3A,VIDEO,ZYXhEANltGphRVnEPGwSt
z_GW2aXooYBCdej4bSfpG,VIDEO,i38QHIGTPgTFSdhNcH0oC
Ji-OpZCoMsHVTObL7_2Wy,VIDEO,z37XNvf2wvvTuh1pshE8v
-jBurJkEurxQwZ0yQyYbc,VIDEO,Xez-puaeC9_5OQDyvmT2X
4mJKvu78LJV7zYwpvR5fb,VIDEO,cLfPG2bPP0732F6AzPnRF
05Z4RKJ5UTqBQyPLSWuw_,VIDEO,YI3icMORNAhJI4EspmGw1
1uy3DmoBoTKuGurkh6cy4,VIDEO,rcmQesNksCZoO9BwBA9z8
m46oaijZfpV8Qo0WYfspT,VIDEO,GCkvYgepZBF9zqXHBeYUK
NFlIq355e0owmxg8tyFXv,VIDEO,1-_bcsenQ-6WVBJ0sx4dA
SL0mVeWRbcN1C8nCT2Ump,VIDEO,oSBo9Agu8y73jb1uQdRq8
O2lI8cIAwXFd80CnK0PA1,VIDEO,T9oBtnl47IissGbLkaqq_
6oSSFexiBnAcK-brwOpVn,VIDEO,AtLu1G43IJL5nzSlvQfmK
S0MX9oGsvN5iyiWVYou7E,VIDEO,3J30Pp67CXHhwO2HgX4CJ
Sskj_bJJOfDm9FPGAiOgo,VIDEO,IgCyezQxHNndacez3SQNm
U1K-uZUxd2hU6b-8abMgD,VIDEO,iH-3Fh9OmZwNEt8Xo8wzl
bFBbQSthPaZofHbo9_I9-,VIDEO,moeenGizTs86x7brnJxDG
XSBFMCY49n2J6nY73z50c,VIDEO,tTV38OHEPrdTc5rR8Rgeu
Moqxl9c11NSkUP5FJg_Yf,VIDEO,fuaoWSecpPiDenitUHvDN
m3qaXUfowYUqzM6dZY75b,VIDEO,i_y7kbSgsHW7QyJGVwJWb
-QxKGjecDptiEccIXYgwd,VIDEO,bvm4ZF0kzqm3T9VjcaEwW
Nby69Xq5zP-0MxOPq4pfx,VIDEO,wm0UgXHLIUClTlsAoOibn
hkmUtC0KVI0D5l-fKre0K,VIDEO,hiuKLoHWCI7pbw7XvAyvQ
MruqMW-mqKljNvCJ_coOh,VIDEO,6ZvxWRxoEzKE39Kx5wskA
Zeah10xIaOlHr7AIJ64NR,VIDEO,VboZQG1aIp7RTTHiUDnjG
MDkvmwvHgnIWd42VzUZKz,VIDEO,8X6P5KyD8Byk2mEu5AnzG
UN__itu_zFnpeZC7lof-h,VIDEO,9PLhd04U5Cd1Vn1qc3xma
SpyR4W3GK4rxdaOLYW-mx,VIDEO,TUgf5xo0dJad2bqnCdOnJ
nr48t7pdcuCW_CyC8joqm,VIDEO,e_4KAAxOINRr41apRPHzZ
gicJEqnofPqL33oHMbAuC,VIDEO,rcg-sb0SLXJVYVnPNri8T
uk4bDbKCLy62m7Xeeqy7r,VIDEO,UFD3MSMYWBm98NSq0VreK
4xxiqWP_WD4-4U3bEm5g7,VIDEO,fwUEo4Qck9gP0J3ZhwVbN
Cdwxte_6yslR2nqnIrJhR,VIDEO,OPV0aLz1cYq_oJzfct__T
fAKEaY0h7q2jKO-aEv4ed,VIDEO,J3z4dY7vuqgBUnvZbIfNa
1CMfhxYPYi29JOQJi-Kb8,VIDEO,nlA0cbLl0lQz7zNfzLWGv
-5qkIJkhFr7523pFtNWUT,VIDEO,2bz1FwqqF9Eh9tS4iZUGt
JaBqhZx23TE1dD1qfM_6w,VIDEO,ymJxRUfxCcITIoNoZ7xcC
7g-H3Um73sw7JvwBpJ6s9,VIDEO,wLCCAF4tueY5s8GKNy8BA
7Ksfl6LjaughME9Mzq4VE,VIDEO,GEu-5T4xe313y2JrP4P_I
8cRTZGzJiDjHFPHh43mCC,VIDEO,XpcRwtkyqccT8P2d_aYp1
hKiKq5_u5ToU7LB7yV0bz,VIDEO,xUVzPdyB0kUmHf2kp5VkJ
Sj5AzPNYeeO78oNqjG8eJ,VIDEO,02hKSQliofUniZXqtM204
o2levH3I_ba4ZuExvddcv,VIDEO,3cExWhR2uRS5o_dx9UB7C
Huk4EwlpZzYGzHKHiVdlK,VIDEO,sBHEIv03kW3jkYvsE2J6e
DhLsC3QK3L9wUKFULig2f,VIDEO,ZRJaZ84szZzRgrn7gqokY
0tzlLR7hfevC2XWuIASBN,VIDEO,rx7c1tXxAnWEWmWEcgJrw
oEwbU_O32r8baL5ZmSWs4,VIDEO,HF4Q_HudxqPDSLmeWwmpQ
5vr_6x01fWkYZNtyqchIs,VIDEO,FZXdNyFl3B7iR7OugxyU5
PN1vw2RJ-KUw-dtfMA0wf,VIDEO,fH18SuZxdJ3mhmKrg_CTP
CPQK8wug8jfBgL9w2u3xA,VIDEO,VIMCNyxwz02G5lAZDSMsc
_oOx5LwWlrGwPufC2omvQ,VIDEO,swHcZYPFz7TPMwVRKYS_B
RuG2s6U0-_Mq1XekMvOvE,VIDEO,fDuoW_XHCSqHSpJB1_c5a
Hm8DgRKWeOMQ11LvukBLC,VIDEO,SNuyrYKObL9LXppOmIbLz
qeCFMa5A7Gn6cI4Nzgqyy,VIDEO,QnkhP3GfjE47yrDxR57Xz
Gne_9zKtP-Sq98gtZryCV,VIDEO,j6M2XlaMFbKzbeiJnsW_Z
JDQncyxFOEC1dr3mx83N8,VIDEO,MSbEg9SrAJCSOfapWo0FU
OxJJx-2ORfehgfaYjbznm,VIDEO,pR9H1lYnnoiUE2CGYt2mo
e280cF6WFTtqwT8aoy1IL,VIDEO,1H7RyYqu3TSxKuWbS7t1X
lhydiWxU8iJ5B2DpzvP0a,VIDEO,NNPvMWEj03xUoyxwYcUQ0
QaEvRn6_nqgdtXd6XxBSi,VIDEO,j_kvEUrwjCL7VAXxBOuGN
zuqkDjWHURPF0q0kt3UfM,VIDEO,ihaFztzMBsTwa2__7VDTV
yjixCrkiCUV5qTuu9tOmm,VIDEO,GS9DXyGzPBjTvdgHkdE8y
-7zJZbDYXlFKyfHSlQ_-X,VIDEO,dFDnGPU4L7mPnTY5gAK9l
O-YFZIWbp7wo74U54_Wrc,VIDEO,QtHOWqecavNpPrf7cu2Zn
cX-SJzo4CV8Bj6VZslmgH,VIDEO,iSWlqQ37snWY1ms2UNHiT
lzNj95TdgPaE1F1UcrL77,VIDEO,mP8XL48yi6PG5cpuid0eg
ZmiTE27lr0GDJUiJQ_xvX,VIDEO,ZxlG9Fgv6dMXJ7BelkT9b
0EJrrMS0vhGWajx2p1mYK,VIDEO,lJhuNGfrcXvOkxpfGjylM
idmiCINNY3Xtf2R1fZESq,VIDEO,rCHWGiJiEBCBWMZWx9qE5
i4813vRPSuis44aAvKJEV,VIDEO,IVG5ED2XlhH-MKUIhhnfs
EK7Ymz2ochy0LJDxXQNhj,VIDEO,P-Wc5kt_deTNobOVVZqFm
G9qIECVVtYSbjf00owLw_,VIDEO,7UyPzmXMXO9NQLIkq2p7U
C3-bVR7SMDJLJxtryhvPO,VIDEO,0fX3IFyI12jZrS9sMZY-D
eGTqEC5RQSs9cC6DPKsoK,VIDEO,7NQnp4DVGnlhqMzjnjvFg
Ide_bAxVSWn4q0o8a8Uz9,VIDEO,oo-7gbSkdTXhTkOE2q70-
PsAhUi7GfWup4QovF17Wp,VIDEO,Sqm5jzgTJzYu6A7DEqZ07
y_GzCiRZfVWlbHG9X6UKu,VIDEO,Y5kPZsldgPP0U1eCqwaP9
t3Y-qyLNeYYTN9J2XM3Hz,VIDEO,3OkOX1PEl1SXOOS-VpecU
l7Tmk6993d-2MZhNsFKdg,VIDEO,wsFhALJ8yRSFaeYQZOMRh
dzEftuq-6eqtkMtxxRQZJ,VIDEO,zEW_Nn8tV93XStbAp_MaP
tJ7V-V_2GLONKKDhh3p9M,VIDEO,Gr0XgkULV_UCldFVB-1PC
YHjWSRTsN9oRkeeeX0XCT,VIDEO,ozAOWmiP9kTdk6WPDnHoR
qdGip_pDCLGKus4HL7_jt,VIDEO,yRZFWyYQue2Srs8dBOTcZ
Z6jXjEuUYRc0SRW-YlVSQ,VIDEO,90xRj-M09T7C4QZ1rVQ2q
KUQ3SVqS9HGKz-VMzOAmP,VIDEO,tona4nFWZ8GJ-NamGSyaR
ND6zhtg0x7gnQ6BT0z85d,VIDEO,RgtRmR-sn0mN2ouzmZXjQ
JzZSnQ2_K--X45Xt_Iqr6,VIDEO,-lik_JQdd46s1oRVoKFw6
awTX-C87_2Lp9-H_W_jED,VIDEO,nAA_jo-TBrHtHzjLAB-Wc
DkTYBAe31oYHtvfvOUO7g,VIDEO,NSaotunomcBHdWSgUb7QA
L48EMHNKpTTv1mhzs0qyK,VIDEO,KMHtisP1AfjWS8r0JhVRc
_LYJataPyXhryU5C0Y_Bd,VIDEO,PDTlkWOvLfYEJ1bY3grO5
UHI7SLFt_5XTlzS7kxuFQ,VIDEO,gdTHyx4yx8a3XINjfsVJP
B10OQ8hWva9MfGxmMNLrx,VIDEO,ZyplnYojVp0hy0n3mEDv4
hgpX13HKyQRPddK3Kck4E,VIDEO,gFUlYG5qL3RUGAZ9D2WwT
f9jsWnZIoth0Vn30tKQbJ,VIDEO,6Jj0xRabFrubXTrRnjsLP
GhGetselk93MF1bpowL3g,VIDEO,At0nbdzwHmlfePosC2wRo
7BXCxGyZ8hLo7SGG6SI-D,VIDEO,XfWytXBkaogJ-2iMMMbLT
44KMPESheadBehJLrgiy_,VIDEO,4sT4u9VIaBFDFKgVZrKrC
67DG-0VSFf6bEaEvHrsAv,VIDEO,ip3Mj4mYxPN4dGCdR7SDd
n77TqtkUiGjiLsK-w1BpH,VIDEO,WdXgy_EtMt9T5nGHm5NqP
osMhKg7rmVKuj8_2v9MFO,VIDEO,htgw4nvsesFnX1DrD_vR9
yIG558zjC6C9xEx9gZ4Sp,VIDEO,hMwutd97mFs_VSXRJgO9w
Fzk1VymQZeduBKvzU8E1y,VIDEO,4cuQJKNdkOlU6DFnwNtBq
tqR3Fjl9VYyzH5nCQbD_r,VIDEO,NR_CKJgye8ewhiStfUQSk
zJYAW6rdDyYba2o5tuT-h,VIDEO,jYykEWsXTAozpQMeIwXB7
sbS4txmhTyBDf0XrjLeeP,VIDEO,7mjxLg8u_WYEMYV7pF9oj
52mGB-w_JSNkrEbDhPW2_,VIDEO,nF6vXTkj_ogz0Ee2RRgMC
dz3n3qg-bRN8lQXXv1-P_,VIDEO,b075RWc4bn8NyNAtsTDgh
moPY1x5MCdEnpV4_Zwhkp,VIDEO,ndDhABTbu4jzpXSQvW90n
IndPRxQd2V_TKui7AzwSD,VIDEO,UMs4DhW7eoRHUASjTKsQp
h-mL5z4r7mYvUKSZKEIaD,VIDEO,EEbtrnabL7np923VqLFPB
acKDWTi0n0-NIVxBf0yp9,VIDEO,aFDphah-cBmoHjkzj3EE3
hhsxEgGhpZE0BknaZrBmr,VIDEO,i2jiOiuuN6lAJ5Xm1U6cs
wO0vHa01m4uQa1UuA-xT6,VIDEO,RTHJt-658ZqCL23-X4-S8
rzjCHrMjWGcc5UMEDpXW2,VIDEO,Zp01wNKbpFWxjOpgT7iZf
p5WspJq253YCkzRpOuyNc,VIDEO,nN1jNJH5HCsyUUPP3zovi
hTh6ZosWemWsOV2ryMMCw,VIDEO,d_PFshWM1J0ag5W9WE3-i
lQfPHim1RboOAeeoPeB8v,VIDEO,9oD9Oi2CDfXrPHbgDcagJ
ilWHfQH-_qNV6plKZ5Npl,VIDEO,CO5ZU6s8fiKDQdEQU9T24
Zz9oVhx5U-HxtVJ98kKrO,VIDEO,5jS9Vm0ApdKgc5aepfwN9
NIwRSMKdWbOEvMQBFseaZ,VIDEO,u0YTd-2EP4sCPkc8M1JtP
0eA-gsAfMZeq9kVCjCEXZ,VIDEO,U4rl_b7o9uPBIJ_DTii2b
p8DqbUymVqRRf8Qx8C9dj,VIDEO,n-AAVPbVtKdjUFIzjaMKT
zZsk5NvVyoUwmT8VoV8WY,VIDEO,dYx_pbplFX7NCELqV9SNO
yiuN3HUpvBg9oRW8j1efX,VIDEO,dGKq1UHJBfgHns7L5Q8MK
LHYVo2ba-aG2KUPoxJQWK,VIDEO,_AHey_yvb-LToUkKZvyqJ
-MQAqf8s7Pze88yDTWQiH,VIDEO,doKeGDt3XBwpA2FFpGi4W
CcArvxpkUMyd2795qNjnm,VIDEO,fwOTi5iHvaUxJY6Qa_M7h
NfHEYWvwZnSeEC3HAkMNg,VIDEO,dnRWqjggANoV8-Z2_ixIU
YZC_flw4bakAXUbvrBCXy,VIDEO,ytCPhjBMiqOxbasufK3ur
oYCvwU58aOWRyahb1cHSd,VIDEO,7cbi_zQFrnmtgRiLRJ40N
a-SGOyV69mxujj1mczYrp,VIDEO,ISqZcQmO-fJXKEIaxMkap
JhTg_XEfk2PcZ_Nu43m_K,VIDEO,rxdT9rZTr1EyIIVdYGAxB
PJeF6LuSTr1R3qbDOWrIy,VIDEO,zl3RfKWtbLd0ebSVG5trw
8GqshXBd_xnhyPAJZK-IW,VIDEO,gx6SERjFTGO_BcHAmmtTY
VxKYcbL1qZsxDP6FAjagm,VIDEO,eg9znUPvpGV3JeyVy9K9W
AXVIH5ZUdEFqG1-bhXGJx,VIDEO,PmK0sO4Cc-dRU_fo3aUfm
4hTz8yHlJ87Ysydy4gZuC,VIDEO,hOCEa8SKTGSt9ocXEsUiK
H0fzXOXK_7ClSTedQZyQp,VIDEO,BEt0Yi2wN6ebvQ15OrHkg
P_aob-wD2Mud-w8pNAWOn,VIDEO,RTx3i01hfMmF4qPckZS4F
rCKcpkPhr9k_OzeIjLVgh,VIDEO,ou2-ATVRS-yOQVd4QfV4N
jyVEOAGgkauy6q8wiWKmw,VIDEO,95tLg5DJ-5yWtTojO25zV
NRXJN7jbdsEyTnsU8eO1o,VIDEO,6kk5mn5cjty31BaraVNcP
SapK1R0n1pVmH6oLbXD7L,VIDEO,14cUtKKmYR7iG_E_QR9k7
N7930l2rqho37o4GAKXiM,VIDEO,CTVrzn0fNYqOvx1BeoYtY
XKq9RGjuHKurGNltSJ1XI,VIDEO,mIUY2x1cHfGz9uR7ATC88
ybc0P-o362VH0N10CCf8u,VIDEO,f8Xf9pg0eYDmh_Hd_NyyV
hclj3Berja1NcxVeTlBPl,VIDEO,LHN8uKJ0A3tloFtVD-Nwp
hN3CgSuPgiimJx0YlO7sW,VIDEO,aOIpjyCftZQERja_rVB7d
vO5W8cz2iOcMfsZJbf6F6,VIDEO,Lzkl6Qd51-SmbS_JSSXMs
WIQgTAShAzgF-V2fupRSy,VIDEO,XG1SzGfSQa9iZeNreTTja
HUBuyp9ZNC4Sc0LX6_xUJ,VIDEO,qcHz_9Lo9gmTy3iFF6zPG
o1XDZr1FazRVfjtI1As-2,VIDEO,VAH8Esj9W8Rjd4TXbxqap
BCGyvaA5W1Z0zKH4SRqW6,VIDEO,CMOqxSWaxJb0HGvf-7i_g
hoMYMekb33mvxkBKYqxgs,VIDEO,TSk-ByICIpbAwMtO44qSw
amP01vkZ3SJrR_l9InanF,VIDEO,rYCVQ9dP7bogckauHiUXt
ka0cyI4lEESeADJpcT_5f,VIDEO,UwQlN5diCCBFd7eA4KhpK
Uz1g8YI-G0x5v0_PPZNwD,VIDEO,3ssXqmwYIUl1OvMYvr64U
235VWs_Mi5g-p0BqV2RHb,VIDEO,uW4m42S7azmBGLkvdSGOc
VXSbwEBXHK2o4v28Ji7Qs,VIDEO,B9b_rel1lEexk6ITAmQ9K
Z6jaCj-14NrqN-gcIWODB,VIDEO,9om-q-Gl66kajYGndKODn
D46dWV9tCLTjJgM4q7DAc,VIDEO,MNiFndYEUXUEInSQ7BiUW
p9C3luT1n1HzNVPcbWkzP,VIDEO,Uz-uHGjNY4d0A3UANNMDJ
bKTNh8829f8ANulJja_nm,VIDEO,9i_aSzjrXKnf0563-DQSs
JdKPd0P0eqMHAl5-hJHmq,VIDEO,Ki7_bky6Lg0mCZpMXhj3i
w8yt_gqeFwS4OYraTLmO_,VIDEO,51bSnvOP1IjsuECkho7lZ
PUyyUTnBjhUPQDolUzsTV,VIDEO,V-Q6xvxahweJZyNW8KLSa
u6Jd1MFF1KGsZ0Czag6wN,VIDEO,JsTTXMzj4C7tsaGV7BVz9
M3Ir19XV4PIKHEkSmo1NV,VIDEO,NQwkhXQf5x3CJAfbgJm7C
hyY3AATvd22CMPYQ-oAiz,VIDEO,hoCIl8xDbRmb9roQfdntV
AbfIqjSXB6xd9iYcV9nF4,VIDEO,SPOpTNf57F_kue6HRt4La
J2wPYQXpKxmeooxrmTBRI,VIDEO,yhhxLJntSDqB7mey_0qV5
exrcaZS260iDQjZWgfsRM,VIDEO,EdrvYsRh8Gha1MG8e_B76
oWl66eDYFRlJDJd3rzxBk,VIDEO,bQ2UrTKllL6SJS-6wF_XV
KVZb2hqNHkU7_gJIib-K8,VIDEO,7mgTd2b_8n3K6Ovb3HZFm
_uL7cdmDvior72_rKYruB,VIDEO,H7aQ9VzrbgyyVc0vZNYlQ
A-V4a67AnYF7slNMPZ79l,VIDEO,LXIP71h9Tv7c253jdIWKz
x8nTEpF_5UYJ8rxmYrAqH,VIDEO,YjLbJNJuScbCb1_By2ZQD
aO8UvWaOoEJ3LIN_rb8yo,VIDEO,MtunehDSnyIkKz6IF_r6o
WbS1KwTb0PODZS_pwoNo9,VIDEO,nhaNJuYivHhGiz1v_PF8V
xjlkqC1ffe4F7JEAebq3H,VIDEO,1WMR3WOw9D3kpU4y5ZGNT
iXWq10-rDOi69r1oLP2Il,VIDEO,rUPUfrFSHdnIRHfo2WSka
Kkqyqkxd0Aj00J1aBItVU,VIDEO,qX_K-jo71__0-xWQu6Muw
M8UhhQTp9FLDpIU54TtaN,VIDEO,7p2DeZ2NCurlTPw6m-UQf
Q5DQq_xGGaAUgJWEktElp,VIDEO,ImMWYd9nBAv-sGnSIZgts
sm7KRazdK2SIz2n3YNIQE,VIDEO,Hc1zzgHbaHsQTFL8mwvJJ
XpMlOdOJfwSGAMscQURTM,VIDEO,82wHcUBwCeiGXe2XHYs_K
TQWS5q9jEJ77_8_2RkicP,VIDEO,tY6K6UvWu-JAcxvbGPBSI
bJv7pHyXFcK3m3B-ZVmww,VIDEO,4J5q2aHXmLSqW_MxUATm5
aDUjWFWZrRSdoDEVUGNwU,VIDEO,rQ-8e6ejx-Zp-BRDEczLA
u3rEMrceOjZgfW8b_YX6m,VIDEO,k87UddcI8xhTx2iKI-CM_
o1zRBIBkij_LW60cno1Yb,VIDEO,YJFBrW_RmT2h4EqshPQFE
TMgWwKmIGvfwrM7LBR90B,VIDEO,qn3NdtUVDjvppseevGbmO
REK207dxRokwIgNDzY2QF,VIDEO,ODh-Qoya0Md_B0w7f8YGV
KXtezHl5xNXQRevfj5ZIC,VIDEO,va0Xp7rnIrmDXxpUSJgbo
cZFXNU25fTgNu2qlRAfzd,VIDEO,IL8KiSu5fR4jUk-9Iuwx_
gbcqAQxcGd15LGa1EipJS,VIDEO,nx23qX00SssSQgBjXgeKb
5-DcT0ET0blCh9nQRy0ae,VIDEO,HvvlmRvJpFjj_YSHLTEtX
gwqyVC2JOyFs6SQpVTD0t,VIDEO,eUGa8T-ny5fSYqcdvvvoM
IpH8Sqpj1dwz2hZnMlCoV,VIDEO,RC8pJDCX5aXGd0aFYlmJa
uC-h3Uay-E-IxM_wjkJP7,VIDEO,tf1IiVcpPtL5_3PMnWLda
EMohC8koLqFPcg6pZ_ORg,VIDEO,-dE93gtaIAB3MA1nmY2i0
H4BA0l7c5ec7SRppInoW1,VIDEO,nj2Q1fhwzPktijRU8qmVe
gFnxKZliJ5XfRNkRXbscj,VIDEO,iBli3l5XtAILfpg3z_OzT
gCVlvojhnGvF5tTHeVCEA,VIDEO,aJytkH9zEIj86fwiwuH1x
HIW9o9nP6iRiRGLjI44cu,VIDEO,cagWHgvAtreZxzAAuvrQN
JFMotryridKzrlaIMBmE5,VIDEO,KqDgh8N0SjdZvwULT7rc1
SheVfKxJ8htJVrB9fAzvs,VIDEO,KvekgZeT-1kqe4ZAmmgx8
-PwbRtlGmldWig_sTgqU9,VIDEO,Vh-Olro8kI_sKuy2Rdh2q
_a--_XBI8IdYxeVrpUd_u,VIDEO,xwcULOY3vDboqSpGXhM9j
-7jAOmornKzr58TJdHwvu,VIDEO,l_9NgVbGDMJ_H2YYIv8GW
gvXuYLteH1NABKYtZiprH,VIDEO,5Wy0rBqR67emzHTc9Xr4V
bM9Vrp3tHkhFozQJpHiGD,VIDEO,8_7U2pKBODQ9n8LKfnXG0
JYRO9ZT2XceNBa7ay3aqx,VIDEO,ubLJa-cuzPhtVXLLD0R4K
s3qxGkzAXmU5ehli9kQe5,VIDEO,Q8Cai5kUI9Hi39RXqrva0
-z_p-hpMz2atKSmXecJZ-,VIDEO,UuIilrlLqm9PEFfZoQIfp
Ky-5Sb5tdhe02aQ6YBz_v,VIDEO,88APeB5P7fBNk3keXNPJT
pE-TtoWxB8T8BqkD5CeXS,VIDEO,STQxkyKyFzUq_Ix_lDjUd
er95GBOt5i_91sVyHDxJK,VIDEO,O9-IDa0s1jUDB97EQX7Ri
9pZgeBWPNJLVDEg-70bwC,VIDEO,t-qiJvNekwGqmyva2xu8V
1y0BDci_fNmliE25MR7yH,VIDEO,YePT4btPBw2Ba_ViPpR08
TfsBeuUY4kZd-R3vxq-Fv,VIDEO,YoV-Bw9DQxXgGDETBhfFk
abFdlV9RGvFtQtPMbY8oE,VIDEO,IVodc4sihcqGDmCCMLOnf
qTCnyKVbA8ecc74pbPKzW,VIDEO,mlsV-3wQu32t3nyHaSdf7
RD_YqTYWpxAL0yvjhEfEf,VIDEO,fDalVfu_4gyUbjyryp34Z
ZDu7SLVi1Fh-jUZgoFRED,VIDEO,q5qQok3O4o_4ML5lb-wbR
AMvlDeTjQATXYVi6PlAcn,VIDEO,hd3IGKJHdbxYvtbOItBwt
6QGmrUTe4822HPvDqSXdo,VIDEO,A9Ad_YrQsl27bEoKzAhn0
s1ZRdOt8sxBufAXyzRL7y,VIDEO,LxioWPxwBE5noImCI5cbf
aOeyhNsD7m2sQ11L5THYZ,VIDEO,Qusv9Q8Y5Ui22gCb9MDk5
m6INAzIeE5NOQ384eD1r1,VIDEO,Ks1Z7Dx-67Xz14UeV-fxi
GNZawjQXjgyGcP9Y8lDv8,VIDEO,_4AXKQPW5JNv9NLQs2Rq3
AHZnPZe3oBeh8Qg_P1Ryh,VIDEO,UvZ_vQUlgcRZztrtdfxcM
H2g3vlHiqq3p_yxlNmS4y,VIDEO,-fE5r0EHSmoFI4Zua8bLR
HdZZCWVAAHiHpyEWR4acS,VIDEO,RtiyfczdkrqK7wgGBJcOP
jdY3zuup3jRwwkmA9C71G,VIDEO,WBoO-WYM3nSA7Ayf6TrIm
tnxCfgi-o0_kET-7anMbN,VIDEO,e5H9njak7ymD8P0TvUqxI
Yxbl6BNrQcvQPXeQiaLgI,VIDEO,jTYKkJ_SCm8atmUy7vMgp
IaRCgYs1AX1dEMnXHayRN,VIDEO,OceKW86q-XUPooknkpiXN
x4Q09rQN133cKoQqbEm5z,VIDEO,UobVL67TPooXU9-8mogHo
NRrwVMrNrmCCHxQjNrJ8i,VIDEO,I_a10_U6TSknU6r3GuP1g
bx6Ln7HJj3jd0U8ENObSu,VIDEO,rjsUwNeH36o5wKFqn3M6N
NxVxd0hnnSYDqhq2GzaYG,VIDEO,in4pGoOE3A5jT-QmPvQHQ
tASd0amnRxspuqaseBHzC,VIDEO,SscXpwCFDu3MrAK1RNxZT
IUNVrK8RYhk81pUmO_oVg,VIDEO,uhAUAKswL2RM0JWesPf-d
LeoccaxVHBU4h4aHZMmoT,VIDEO,JGEODbjnbfgfOW2sv6ASM
zrrh5F_81jC6uJLxYA3mb,VIDEO,4I0ARZ6aJudsDrWPk76xq
mkk01AbmlaYM-NzcW9jQ6,VIDEO,MI3ZFbYmmcuoGZWRAQYRJ
JS8LbHO_M4VNtZnld006i,VIDEO,C1SVnBLaylwgdd-votS1D
gZWbqpeLvc7TWyOfOwBUI,VIDEO,F5SH6Xa-Ny1k4Qgpu5NLE
vdipr9I5VyjEXwsFx8px5,VIDEO,Lb2lEAoeKVArcjY140ED1
6iIxR2ssk0Jyf5SdEtGje,VIDEO,h-qDdm5-ItL3qCmbGRKlx
gZSKInkqN_gvaPkYShCtJ,VIDEO,ubaRDtAjcZL8_LcAq_E1t
0ErMaPq8L6Qc4A8BqJ8Kb,VIDEO,twtWMdi3ZUFr2DfAbaVFb
N80VWhEJOhJ_EqfqE1JGA,VIDEO,BsCsmytwnEp92Y3DZcb4D
0IFSU-eUZgiLanqHb3QLH,VIDEO,vb4BcKM4bn77FKWk4b9OW
YmtiUYJm6qrad3U2a5CyC,VIDEO,W_SlJnemFZOlw1d8cpRfM
KzvuoghAnYmRkrvzzCd2N,VIDEO,PWzrjJKgQSIv1kAy2Ils6
CaaqDQYy4DIZHniIcQ7F_,VIDEO,wdUa1WxawBf1yZW6KPnpl
Cf6uV8zz-ZPSmK7AgP5ln,VIDEO,TVOT0U1-PV6l0PhZkGdRq
fJ9AZ7a0PPD0F7f8hq1t1,VIDEO,WcUhhqTQ4bnN8cFlRKLOq
vD10sg7SyOqxcPnXC7Dgc,VIDEO,mBMEZNYKlmq1vua6wlDE6
nwai-BCxVy-xDaL0QzWJf,VIDEO,OOi8VC0rs7P5lKrcNlIwN
ONlC9fChyHZwGRgZSBgHU,VIDEO,z8EB0MMTB70nvb7SNcfla
yXCK6wafwz0KmRWfGFl55,VIDEO,xbDOqer2e9aEo4Bg6eCo6
81EvB-gldBiCBGdeGWgdQ,VIDEO,71NlknwNUqBFJU8zJRGOX
prD3pIptHkS6j94u6QnUU,VIDEO,inoVwANA1rao-dgbrXygY
u-GTJV28enWQU-TXkmtEl,VIDEO,61rAntKlGLZTdFXJJKdVe
qSN46xBQeMm2YdyBG-Pl6,VIDEO,bjyfzEiz9UQ4Lj1Zv-GcE
Xqajk__HAkr9M3QEmgIoP,VIDEO,dYAjK8boWDxMRHnMfGEF8
ROG3Mxlgr9qgXSM_XSbA8,VIDEO,t5L7PCplUKKC8lkx7KeUL
oaq240-obpmaz0W3ZwWBg,VIDEO,NQtSrlkiwzJuDcywaaOPn
BxDUQnSuQV9lwO4_l9vRl,VIDEO,evzmcAbKCzqg_FCqOuQhc
R9ExYNTlfsMepvzaokOG-,VIDEO,zuKAk8dmm9J_aRYe0EvPA
U1sH6_tYIs4VXOBQ0xFNr,VIDEO,t5LyNYg0vk5zN5Ijm1X0D
FVajovP81PpIRDh6Gy4SG,VIDEO,WEpzKlYIOdpOvFj5s2e6n
0HYdI8umiWHljpQtAE_jZ,VIDEO,3MseKCn8IOD1k7sq2eDrI
cVMd4pASYATe0aTMrLZDz,VIDEO,GT4K0b-Myq-ZJnPStkEYB
sDFuooIyizu0RNkwJPW02,VIDEO,iysfkeHoNBGFHc_cCPOhF
lBkvxszsd1jco1whC5bvb,VIDEO,brPV9CSTnxSPQ0Ilfi9Ig
PTqmZ4DYIbH9D4NDzGHMB,VIDEO,nCSklkIe2XOCRdcyeKwvf
2uJAQTI2yK_5Ym14Sd_Ud,VIDEO,wzFFzDq2yZJGlj79YYY1q
tLoIMuHRTzzqbxAXYs4zo,VIDEO,K5IGQzWMF52PDnG9BMPtb
nOxKBsFG7SxwcK4mDEqKT,VIDEO,Id1YBj7pgxjJafklq1K5-
KhIUSeGPtTnbkLdMlyrzJ,VIDEO,V86wBK3BwSs8Sm1GYFTJA
u5zbpMcOKaAJ4XaBhd1Iw,VIDEO,PCJ7h4ChlFQUIClP83ueJ
6aC2183yQByjnR4iYfSNM,VIDEO,aMkFWp5U4R-dnAdtVnXEY
1YmAAvIEUF6pzwsH8xJHz,VIDEO,ZyKiS3KjacsRW3jhSaou_
18TF8sCQHR87AEbc4p4wF,VIDEO,j4BY3uFbBQovPs8RFerDE
MgRmMrO2pV4LYnbNCcnZo,VIDEO,oo2SC5uMSakTcoiHLs6NO
oHQDLGwuogyDD0FSpRsI1,VIDEO,xYvm3qZgsincOe-q7twq_
rIfzb0D5a99MHHyk9xfkt,VIDEO,r1DiN4J8iZHy1fMQ1OBWI
OTd7v_Uo_FdCefSfztzhh,VIDEO,pcvE_a6GLSwdvpmoF2er7
bXrXpszfjS8o4rYVEMYMp,VIDEO,1G-B5BsDyCm6DCBWyqw6N
CYr-zisKFprA_Nmbojw6a,VIDEO,HkvLYHJl_0ujt6OMgwdm8
0FCN-G5Oi_x5mRZWSZf_F,VIDEO,MuM_1-EDFjEOaOJA7D-i_
Ym8L7JZT2Zr6Ifo8b23MA,VIDEO,3Ofu1J61ki_65UZBjxhRH
UV9lgSl2NhAhltQ_MRCzo,VIDEO,pZ1SBgnBDIam6dJibODtX
_eZgKfObGWDNRK_d3HVRV,VIDEO,GC0pS3TLrWbpnx4FVtlPn
GQ3hKRzcq6OIX5lwrO8fy,VIDEO,WkFJpnvcvUhJChIImAOPs
jkIJBRlEE63iPVvnZ48qU,VIDEO,aNyWj3VzfkYQ4h7Kd_1mb
LzyTWjluN0NtDssjx9lJJ,VIDEO,D7OUH19ReXfSNeZeVNTCB
NwgkKEjrzNR0qWdKnxcl1,VIDEO,rNScBbK4vVlovBu873hhT
GUcGF2mCKfsEwT_Ig-YSP,VIDEO,oL1ZUfEoeGiNirW0Zrfma
1QSLc6VWeVKtJrRGERKFc,VIDEO,hMZEx4fHkEvBQrPqhJiSo
forkOlVYymitZ8swU0_WZ,VIDEO,OmpBw--XFyLLVVah2R9U_
2l5AS0bBjrozuRcxzuMyM,VIDEO,-yCaioZf_6oc02o7LdO7F
--6BtyKPZTyfGzNxjiG_P,VIDEO,MDC-qBvUD80Nj1XfK7CCn
zwdDAj08-K22Dajg6tB77,VIDEO,8Uq14BAamHNyxWXaj_xnI
FWyP_X2off_9Mcyn64LOi,VIDEO,4yLRpvetKJTqcR2r6mPZh
VynHaVFcji8510FfovqR2,VIDEO,M1DuoCF5TKZFur4uc5s48
9uE0GiO1UD-mwyz6ghjVP,VIDEO,M7JximTJfxT4S5Zzhy4AD
GXuKVMnCoA1B4LI_YX6-u,VIDEO,jvgIB7d2KHi_UScbJ4gpA
nLscZhVQQTGbxWytNGexT,VIDEO,bjZQiibXxyUtmrGp9rhzM
1fAvb-e4qga_D-b1K_eLw,VIDEO,vANYKPaHMOwIb4NlX5neM
2G_HUAglNXKJHB7xA_k7Y,VIDEO,BgAP_rfpjORBVq3XNWSTX
TDbGGPzzAI90-NZYNVtI8,VIDEO,RjThFszXuEXaTge77SOcc
ypMrZZqnWvOI-bUUhdb4I,VIDEO,2qMRGo5fqarmGhuUgpkAr
POB9jvcJLow_GHsQFStrW,VIDEO,AgKkxDO32-2zPMFOHFAi3
NrKZ5sPZexeaRWSX4wYK6,VIDEO,zU6jleoPPqKPPqJNZOwO2
ea7lf9S18XWPtdH6q8d9e,VIDEO,1bEhKXNoW-Q7DC6cGGcbr
mlLJuGC-dzQ8qZQTrctne,VIDEO,GRI1EwC0BOP40Wj5S9uwp
JVTZBxZqEkU-mkn0Jd3-9,VIDEO,UXuQn802CqrdNkhPtq1pb
sOGdsqEqBQP0zRsuL82WD,VIDEO,PPuovll_V1DXZEIzYEfea
WikBtSSAOddWXjybgcWig,VIDEO,TsTYWsk7s6pLkl2RcSLr1
SCcAdNTa-VrSORnADZd2T,VIDEO,_cmQ3H3pwQ07Pe5LHLXiT
_wVvBqEMfDwTAG5j-OS4Z,VIDEO,-sqgcrC1EAvdCpjIG-wE8
o8FVcqn8aOZTCP_OVEOpi,VIDEO,LhMxsV0FjRQzxclTaem0u
8gDlbXEFjengPv5YBIH0y,VIDEO,TJkpjOQKStveuKVor6W5f
cEAe-ZX8vSZ9QrowZde2K,VIDEO,sQsvDsLY-v3CYx8THs_-I
jWh5yELNMbgosukxn0svy,VIDEO,X3lIfPiu6asj3jybHal5G
EQHcsmetjJaB8rHrGfL7B,VIDEO,X-F_2p4FP3A3r1EzEqCuc
6mAEEeL_DSpRoV_cq6NGQ,VIDEO,6oKvqOBS2aJaPqTIi8UG8
Zp_MPfaiC32RXP4FgFXlM,VIDEO,h5Bm-jYOtLXT1GfOvzpb5
PGj0KMUxeKs1l-lJWgkeT,VIDEO,9TUCSlt4XZTVSqQMUS1R8
eXKAUL4J35kejr7iTj9cH,VIDEO,33yo0m-1n2u4cuRfhLM1w
cS0POgtkOWTgQ21ywA-HQ,VIDEO,ih5D3fFoLKxhw5KE4CDTD
C2YOHWvey2ofcY__q0Npv,VIDEO,d36karHRNXLhxENZIYJo6
kiSxjbVUXfkoGWZJRECmd,VIDEO,gC-M2EIwk7WrEkq2I1WD7
tBgFdz4V-FWjItyXqhC_I,VIDEO,WPmR2cvZVp4ehmfmk4OEy
3nknQTSjlHrlyQ6KJWwdp,VIDEO,S3U0PT1iP2RGXNuHY7Srz
0MG-86AZtXDNO-_3kNcUG,VIDEO,_3fb5HvGtExOQFm8tPgJU
c13n-Zkno3-EbRypJ3XGb,VIDEO,nT_7EkpmKuY0s9-xPpdHz
VveXuHaLfJLAJOmoD9yA_,VIDEO,3Kimo1IiI2blJzS5MAww3
eOq0MOnwU5N6vOIU6eBjU,VIDEO,hnqh1HyhYJPsZ664GWTrU
Us_pEks9bEa662I9Agfbw,VIDEO,rDzzkO2l9Uvlp6M7rFEcz
UbteVeQV2rcuRou-aqo5D,VIDEO,Pek2I1pCho48qK80Rgtk9
ZNSK_VCxrCktengKAVvJT,VIDEO,90CfjK8DXZO_UXaTKx7ul
Wyed5sdjTY9OggWqUkLsZ,VIDEO,zuYdUgSmCeI7M3QHF9EVl
6ZgrVGbRVcEOz826LHw4V,VIDEO,w5P4kbefLlgnfVfoMvy93
vyipUABDKFwW8lZS2rAtn,VIDEO,e-Fz1KxTRJuVSuQuNnooR
1EN3kOjmw013OQXXG5G0u,VIDEO,vkK0xl0glWopT06a93dT5
iHwGtWT_1Tc81eLdsfaW8,VIDEO,dyEYuIjb0xUR96Pi24qdK
jWJS4CxVvsqb31FMTflud,VIDEO,HWkNYeWJoqMKdsS-oyJRE
tLlX0R9uOV4NGiHBDKWvv,VIDEO,YxQ5s4_wcD36IIvNX0duR
X_3u8uzTfZAw9ujfX1voo,VIDEO,XI4771H-WsHYOF-kXnWHV
fTXYnML5CQVUjwVNmSR_t,VIDEO,s8hF5JugyP80FYuR43MNq
XaEEZrL-dlFYbYyLRKI46,VIDEO,VMuYn-vOqUGGJXYCLlJr0
BCc1Wh291OOT-SZekfqUW,VIDEO,yg7cOOdHPNjERJmoXtWo4
5vgnnBjYA1tQVxWG7htmk,VIDEO,zAgUR9dkJDiKwWnUD20u0
4Of0sv2G748a65SCsLPBm,VIDEO,9_PpnMGmSfA9UBCfkImLn
0YhVVlyIjqHsG8968ZO2m,VIDEO,91b_CxHbDFxBi8zyxQI6W
7yVvdg2FfS94CPQ_HFE5S,VIDEO,YtkzRDJO9yCk7_5SAAsPZ
PsVLmjW1mE-eeVOOqoL6U,VIDEO,Yunlcd4DxFkVAbQySS7fH
-Xd_XoKkyq5Sc6U3SU5or,VIDEO,uUPgENLjO69jBt1Vp8LfY
hUkmg0r7nz-PLZptaV4Ic,VIDEO,oj3Q8c4jGt5fKjfUJQCdB
FsTnwKkIM5gnVTNN-eTo8,VIDEO,jJEmNOaVkQhd1ggSCLvvc
hTrXynMHRV9aXGVr88mSh,VIDEO,dTwUrqtx59g9o-xMZjZBc
s6gA7V3Rbw4q6NkctNafN,VIDEO,lcH4AT3S_gdU6AzARlrGc
iDut8NBDLeqEPsTkzspf1,VIDEO,nu-pNJHdwfy9_ODDMJ41R
g7L9WL4nfgn5ABMniloB6,VIDEO,ZlMJSjR2h9ZKOleyASBtT
_RXbK3wLKNICZaTq3yrGN,VIDEO,3ZislAiHcc_mQwi8RLV_C
MXhBA-DZC-u2WQz1_bdNb,VIDEO,gDgJVYUjmnuJtQHD_3PwO
kD_tEKsGK4V06ktsHEI60,VIDEO,Pd_0SzwJPoK9l9A7eb7XO
ljHTsvd-atr_b4-3KJ8gp,VIDEO,9vMNHlNAfLR2T0GUwbvY2
X1moTmENWGhNz05FtlNJ9,VIDEO,yC3krGOPX1dYGGi4cttaY
IbjBIfWlXw2zyZrcBwDmw,VIDEO,72uLhBmNGJrlx-eCkX0bV
_xqu8NWur65g3jCpCmvYP,VIDEO,zhsJ06YFwsiZp1DsJOmDh
udV4cfCgN2xYN__W33UVw,VIDEO,tNaMUS8DGZ0N-pqHS6K2O
5dBX6lxN11ocvjFSEMHqK,VIDEO,jeEf4yG-IwuCkSka6bmdJ
hFs7RCRAPezPhaEcqh4UJ,VIDEO,wFrrKk0_P5bfVCjV49fZD
lqgU-i1t9r-ldf4AnDU-z,VIDEO,FcsAYR90xEziPyt1zaGDF
q4vMBaU7T1ABjiaLvt6lJ,VIDEO,0KggXXxS8Sj0QkAp-02XX
BW3n4RELKIdnBUNZOISLU,VIDEO,x5jEmhYLoFTZYaFL0QiR4
WcXq1RKtsSlBA-ak2aVlW,VIDEO,fKkUP73uzHBPVbISVPZb1
iKg_ORx0l4FXUprZrYYbV,VIDEO,NNEhBCzMtVxv88-7Yy91y
AI-gB4W-zuFhLTU-iHHHX,VIDEO,kLLawwb2ffs4XaxRjmyq-
-dnTtkCseDrCMb43vCS9m,VIDEO,21qB9mkTXGptYMhALFME-
QX97sfe_nWILysYJNgE77,VIDEO,U3xcOMJgcVci431Le3_oi
b37djqFkSSY1oOGkNPXsl,VIDEO,GAdAaW8jTbSiLrah8sjQt
KLAUDvnojuwpDLJ8cBipp,VIDEO,lpBgEJ_XQV11UxDv_r5_m
boYIvo719zHKfV69jwE3b,VIDEO,qUABPnL6YnfEB-GhUszuw
bwPUb2_HWFpfAocsuZrl9,VIDEO,EV68YjCgk5zHFRGtn_hxx
YoE7FvZaMIih3DtQT4Js1,VIDEO,Gts8JhMMvEwikzBM9qTaE
CVW1mkQcvVQjrb_HJecIJ,VIDEO,IEE-yQP-tKRSllqlo9ZUj
a9nc0BeliyZu3pd8FDjrf,VIDEO,Mh0ovE4NnFqcfy5TxtAgG
LloSBV50PF3lQeGJGy-qK,VIDEO,H8c_5q8frahQCLsHeQj8t
xoPL0EvW0whOfJtAT1Ukz,VIDEO,LANCN5EPnzKT4CEFzid4V
1mkTV5fw969aS2GoanSYi,VIDEO,VtPT3mNwZUqAar_E7UxtB
OQ8sxAC5hJAz26ckiVyOT,VIDEO,bgaqce7NXaGMZg4znZ0Bz
XDBfpTqweECPEhZJudUs0,VIDEO,6Am6rLvK53eqcV3G76SIc
COAl9fHXFV0S9PWFBqk7M,VIDEO,lD4aE6eSjDlgZIIjEUB5K
seu82FNY_EEB6D9EZD9Ng,VIDEO,qm-ESz0M-ITOEdYHydJyZ
D2lSTjkAB-tJIz_r6uekb,VIDEO,luPIHxvYQ5X_UKVtOuDFF
vHoXgUKUpsnzFN_PfAHCg,VIDEO,a28vL-uP5fSWIosjrEK0x
PUx-ly0iaBKB9lMjP56C2,VIDEO,o8BUh_1Cnx_A9XmsMlTRB
WGojLWzmfw7caltv--5eN,VIDEO,nILNDtP_gyzRGKBDo8BQn
4uNqOhF98yMHuAXh71WV_,VIDEO,QyhQt5ypxE6ERv_qWbrDS
a3T5WvnErWvlZGX4LPQX0,VIDEO,Yo_XGVrNlgbICL40QfVGa
5kJh-ZMehxW_mQHlt-_cg,VIDEO,tC0zbdrRlP9PLFanJrEyc
dAib33U4RMIieUhMWzND1,VIDEO,ThIqza1LPfKRLQby_Ux2J
FlFMjL5i4qMWg8l0i190F,VIDEO,BSJrJ9vyIjfN6vQ67pww5
gf-TwuNnSj5LgTPBO6sqn,VIDEO,IL9szsvv8dbXeuMN_ba2_
hrBtyD_uzM8mcRwTirPw1,VIDEO,GI4VEDm9kokItR9w9VZa9
2K4Ko8ztaONHLPazP_Bto,VIDEO,6_maKxPOHGhDZ_nODdvNw
L0y-j0E23J_FNX3YVc6MQ,VIDEO,wv3U6Cr3Jp55FyA_zltj4
qeCSZz-ae-HYZ_m0weM9h,VIDEO,qWbwhhW745UQo_H2KcCM9
rMUXi3yZFMCLym8UeQ5fq,VIDEO,nBc8gs1UPB7-LuXAVNl2J
lc4L5IjHm5QVIE-wTi8oD,VIDEO,93xv88RcEmKGcKTiMym48
O8Iac66uopq6hzH7rZ6K8,VIDEO,0o0E63XT6ayl0YrKMuCTa
UJrczURmWXZ5lPyRpMOBq,VIDEO,ZK-MRLiM0qEhxoPf4gcvj
J1I5QGw_t0RlHD3JETPeX,VIDEO,ty7ToykEDsrApvTysfO-7
h-UCo9gQ4EszaRpxKIVwS,VIDEO,1FKOA-kLfe0NhUN4m4D08
h5RriwIB70qgEVymbKaIT,VIDEO,Q7m6XHylUAGi2l5Zp0ahE
2bwt78Kt-Sq_XfJZcXPlg,VIDEO,ue5ctMkPxiGe3fwHNug_A
J4EYXuM5XxWUMVxqHkFUD,VIDEO,5ZOx2Ap0jI-Fg2Nkjtfld
jbUwCC-IZ07LpQx5rZR2k,VIDEO,F5kYoRFtOGjmWy8TSz0El
h98Ia6dpeBjwThNi9Qt7l,VIDEO,uqtLW7FEOtNhPAHCr2e9a
t3WYv_EiHjJTy6mpe2bh7,VIDEO,fZhJ20Gb3kpbyBU2Ywiqg
3Cn07y79245Uaa7z_KvXv,VIDEO,MRt2HXW1smVBZNYZGbIOD
PaoFG_V6ie9lPvUncEGJ4,VIDEO,YBXq7cVMFEy6cBUzSNM-d
MmN4Ece2QOtDwged_3330,VIDEO,tIs71E-_qNH3Bjo92TPY_
xVpQhdMM0dUNUya2x8GgN,VIDEO,MT58S_DvoGXmfutorzuik
CMFtPEeSEmoUaPqBTvneR,VIDEO,Ts_BuI5jTio2vgsYp6y8-
0CbUdHS4ybIDoukzK88kK,VIDEO,xSASFl58FTNtIYDxkTFF1
iRF0AYFBNR5uxAszBdW9U,VIDEO,keHIfcFiNkv6sGfWaQ9nR
krd9zHG2iqvIMZmtA0Ccm,VIDEO,JcPk50bhS4w6YpTcLcDQt
EzHsjrrqW5yoOwZy8uslZ,VIDEO,eeKevBFSFZCa2XDJH7vap
dDJhhvi2dzfZ-Pw9LHh28,VIDEO,VX673OeTyy-JBvfktSWbF
EalDBYRkgJrhtgQUfd4HR,VIDEO,eadB-SwjK2QOtyUBpnuLW
KKoITetAE22bLv2-gtWgK,VIDEO,oFWA0Zz6N2_sqX9nC4vfY
s_9mdcE9Hgufhk9YpH3gS,VIDEO,LX36ogBUoC3Y4PYiD7mRb
Dj66DpVKxYjfMMDiDBd5d,VIDEO,-AjtJ-5ueH3pLeqUixOoR
3tWNnWfclf-9R5gOsuulW,VIDEO,YDkAeEuf5PGwF-fJ4aAvy
KHZzTDjOdqN5wXIKfhADj,VIDEO,4KwNdLOsFJWdW1NaITknL
Sditl29aRd6PB7f0ZByMY,VIDEO,APNmAfA7DpcQh5S8d_9tf
vIkkYzEicAccknRTQmslI,VIDEO,40aWG8WKuGoxceMVp-y70
b36Ux8Xg4crng8gPKYIAi,VIDEO,tR9SpFUy-JKaCW60KWTaL
KHU6wiucruzbPykyDnpxe,VIDEO,szJ21YkCn1FTDUYG18MBX
3sYl3PPVxsCGMzGFFtvWn,VIDEO,sCDcyMnxDqhReBTplj_VG
WX6jJfixt-YznyOApK5Ej,VIDEO,3feoDeHMWF48nGHe-U3wR
cDQNZ_FTkUW5oGG6Dnncu,VIDEO,SWcIRkwY4mSKDsNk9LSxF
EKWkbJDZH6H2_NsSm5c_g,VIDEO,qMOC_nHXHg9ouZfGETPdf
LTQKUdekoCuVNbmLs2_uU,VIDEO,NXpsMfVp_G2TYAOXzjAb2
DevI1BNI8H_UFKudP65Io,VIDEO,y3UJq5ayiIxKRr59afSLK
13ps4j5UmfbpDxXsGU8US,VIDEO,HqXdnmUKBLZAOBCDTlY2l
FRqVWKq0hErHOjfA1IYHc,VIDEO,pUxDwLcMFU24aQG2CpBZs
uSc-PaR6zMJnm6kP31d7G,VIDEO,nWaScpy1zSXNYC04GxL7n
LuWvPwt5gWXQ7pgZqlqIR,VIDEO,fHPkn6B9CrtU_cPM1SclQ
-gHrPBZvrF8ja69_ldRAQ,VIDEO,VsjhDs6259jEf3ZcEXJYJ
yLy--JFnuBc9cJRiabaS5,VIDEO,T11y5po8CqlUnDKyPSzPc
LnnJ_d4Svw24_0cphKtJY,VIDEO,44IdbbDk1ZaAeJTLxWPdz
KiTx40Z9CpFKbgzcgRW3d,VIDEO,YhOE9rwFBTVlljRxHpFZ-
yugFABg_cfo5V09S6xpmc,VIDEO,ThaPDSTfXCMmEsqxJDZJ3
ljZJKOT69mmIQ_xgl44GS,VIDEO,UndrtTMiENeg1x3KE2LK3
QXVURuYPimBP6Yksx4Tlk,VIDEO,9-V7JaLTZdNQ_rdSGEsvj
RsfmYFzW0oTlXYCtR7geH,VIDEO,Za1CGUD87q9-neGaHbsUz
ozyM-8hChsMJVBto-RB5S,VIDEO,efhOjzg6zJvATVzaKUfV0
M86CzKKXj7FmXqDynRfLQ,VIDEO,P54xooCPJiZDLmqc0-eFj
gwSJpHQiv7775aV0SG5pk,VIDEO,5Ie53BKPPfUMW2Li7EKQD
EK8U1fiKAUG6IchHTV-_W,VIDEO,IvU7YhoqsYXIaaLDmmUAc
4224Ers84xZWgtUewzBu4,VIDEO,uHQ31FOJK3Gr0047wRZ8J
fOcTxEMpxSV0BL4FcbJPY,VIDEO,rJnK21E5MqENBsVA44rfH
y9RW9Kf5uNKB6nOkXiYmR,VIDEO,JLbBVglOfxNWGoDDNkgXR
e-wzTJhoztNq_8tsbCFlF,VIDEO,FRXVFVRn8IjWrIo3iRyK2
IMkeq-vYk2mKYpBaEWHw7,VIDEO,_Yfodt8y58FebEm6kr9gE
HkpSxfSBpSsqySg7nZG0w,VIDEO,s5Gtyi3MgPqGe5ORiQgps
fBgOn84KfY4aE7iA-nwTK,VIDEO,8QL-WlosLHjcOB5EjNGKV
D7mhRno1A48KqmQbGIo7m,VIDEO,STa7vJM1YQszRWOowEW5o
wCh9js3Y_WwE2aSxDHJYc,VIDEO,1LZCOAESKF8cpwtVsa8BF
DJ1OL7CxQ7pN7KsuPwRW_,VIDEO,hZm1q6gHXM7axjkCltxn8
zByDcSejVBzZXYSFg8wcP,VIDEO,IafphoOlfbzSglSpdijPg
qA5Q-rDwL93BI_eJNfQMS,VIDEO,kWY8G5d7BJFPqznIBCJq3
tVscSeCGoqw29m0o2wNFb,VIDEO,jQlkW4jp2ZkrC8ZH17ERg
7x6GX21shef3hhbX5oLeV,VIDEO,69txy3d64eJiwARqGnHUM
jhenUsZwsVkqnDJt4yqjU,VIDEO,OU5Tmlqf_DYHtgM2iP85X
XPsUNCFD_EYUy0SxNOxbh,VIDEO,Trzv0cmyPo4qE4Ny3YWqN
22BPSfZi1DoiPL51e6IOQ,VIDEO,-BNcYRItdBBEijN_l3RTA
w1vS_e4El3x12zr5N-BIp,VIDEO,K0nrx6yYL8ZQEV6moZVCF
iCJUxli-_GUwMCzGwxQXg,VIDEO,JQVlEOjIi6tzHCve2IJb-
Kmg0IdwWhKaNxGN1lMefd,VIDEO,DpzA4MEtE20SgqaQyiarI
eRWFWTnSzcoFD0kM0tBr8,VIDEO,AWNbrF2JmSKyo2YwcvybH
bfEsb1B5BBcVT6vk042tt,VIDEO,m-JB6v32IdhxSDim3Him2
LuT7Of7QR-ACVAhMKAg7l,VIDEO,PGFYGT_1BxkrYYuuhy1Ac
bFec8hadbfcU38eqzV784,VIDEO,Ud03FHwf6nPuWDSTIZGu7
ifzU2B6llDUw-zEPaBBr4,VIDEO,O5IrABFWf4WtPxOy58XxA
r2bZhKwZBWxh1eBDUChSs,VIDEO,uAeMhgm-TN2a0qfg2WQBh
tFCZQeoWhvrv-_M1JXqeK,VIDEO,VUOHdN6VD2ie6rpSnwkQ9
51HqnSH_5QqmlQXalDkKE,VIDEO,Tjy6jlpTYLEPFTD9-E3Dc
ItuoBHHDTDUdUXiFrPgKk,VIDEO,D6GCyINWbSp7dr5y9QAmu
9VegNA8ORyBTaK7ZiG3Sp,VIDEO,DzSxKhQeux5LKGPkCd9yM
Mr4jVM2lvfYRyVkQQHPcc,VIDEO,8beryLRY7GN1UXTFBY-T2
1qwmWnMEzodSjewzd3YeK,VIDEO,zGHf87EIrz_jtDVniKyKS
gfBSZacaW1WHAcUHEaUkY,VIDEO,zUTqENAkzUqv_Exkqo1SQ
Rg4C3pcenRdoLj8372HCE,VIDEO,GW2757n-8yAYVcczEhtWi
ZdzgdYVI2co8EANXHTLSX,VIDEO,Sw-lfPGWkcT4P0Y5RiIlR
yybX2t3andzHiOjm8Oqbk,VIDEO,AHUhHxoUztd7_Kc2jnVSb
Sk6NT3Vz8JIuT0CEVu3qH,VIDEO,gMGSuRVRJxcvZ1HnS-4A-
6n_H-HZEEZ9Sa_WHDw9Rx,VIDEO,SaOjYCIWatTYh8mWuRFF5
ybokaqfOL0o54LW-HXOok,VIDEO,uqpHzp2M5jiLBGDzUJjjP
NieM-NF9TuVCxdf0GDU1N,VIDEO,Bcl-BdZqFfw2d436mQBMR
UZ7JxkreAQCDs-OpAkaAD,VIDEO,rhuPWR730F9_b2KSGDZiB
JyuSqPIWTLlWZBcwdkTkB,VIDEO,4ZtB-J5OS5wvBJnF_UeT1
Tf35NZcJZD7XQ411K87h4,VIDEO,u1vu_jEBhTNRQdw_pYJqo
lqLDYmKpkHydBPlcp3RVn,VIDEO,YyrBMQkk2J41n-tnVZtFY
UZsxuoikuZKRMcOmwMm2M,VIDEO,esZ5igVRoA6KP3kUlFsIo
PQPq9cqZ63Xml-FxMiI6N,VIDEO,gC5fu4lYzD_aCDDSrisz1
4-0kgtlN48gydnA3FHNI2,VIDEO,px3wOcqsq5q-Ijngm-ayF
Md1HwkW28CTfji9nyjgwA,VIDEO,D33fvRqUVElJtNjFMl9Ws
JS81myTcf9hyQ1zLfeVl8,VIDEO,RiFYa5mwZKQkHNTEzUp8F
XAHYyGv2jkFs2gcouTcsi,VIDEO,5rQt7bq9b3Ey4VxkHOK0Z
GMX5qSslbBsSL5NWjjz3o,VIDEO,muDZtW8vaoPQ_LPfF3qxD
vYqmgFJo7VQ7dNrR8Q8uT,VIDEO,RbqzKz_RvHWqNpHdk5NIx
v1RXn5lgUvng16uURP1Zy,VIDEO,UdW3LpCy3ss2b8dvKEr1O
Wz7gA8Zs5Z3DaurVWo3z4,VIDEO,5dzhXA3vQOn1fRy9avhg6
CJfcvqi__Xrmu9U25ET4r,VIDEO,Q5nmEoAVYWi3W6Gn09VqN
mLt6oL3n__YTWrWbJ35ew,VIDEO,dFBq7ROqbF47eFsFCxiSL
PnTkzBbUAVIGkcdfJMczj,VIDEO,bH-L6W_rbqHPI5g8QDBIn
3wil6lP3Gzt5ajwQFFxfY,VIDEO,9Z7tt09C-wc9BLkN4QGjj
UAt-VJMvzIaLDz2n5pJ2Q,VIDEO,0u1NunyxKDuxkaRHd6R1P
DZXx22fO0rtclpMt_IPkX,VIDEO,fAWou0fyFa8tewMFnVrZW
6kKvY7skBQ8j9iMgQV-8K,VIDEO,LaemyzBdrESR0keb1PTpm
SeqG9P7638Tcw5b55Qvwe,VIDEO,2zZcsEr4GVtMTfdYxXHek
p2ci7uwlO2DVI-UFMglNY,VIDEO,qLAiRJX57vxktANnIPF9F
O4DpD8b2h1gs6pQJB9Pmm,VIDEO,0i1v4I8WzKuxcJr21HMdf
e56zEPGfUYSanX_VnNH9P,VIDEO,5YcUcPHdSN5HgcO7ULAZO
ezoR7zG7JocpuUvHlgJQj,VIDEO,5UR1WqTKvP5vhTBkng_gy
iOp-Uxz4b92dKpY3TUDh5,VIDEO,3xl_JuBQLfOTGs-L3T2Y3
hqAnzhG9BiKX3Ct6iYOCT,VIDEO,vFFYtKDr5SrmMQDQonHRU
tMxaJ6AEmOvednVndwW1N,VIDEO,YLGdpXIOws0ZVUkbTywEO
vj-rg7hAw3It_g5kvWx4t,VIDEO,x_RpUlGowZPKtB09KoJDP
toKlaez8Rd3JH2vIxUXYi,VIDEO,5hy9d_AMBoy6E_3oJgFJa
7novQpVbjlbk14Pw6OrK4,VIDEO,oyolVCLwcWYXlbdFYjGAX
DXitN7hlUHheSr7h1mXSF,VIDEO,qKXIRvhHilkwwe1b62k65
NgooQfy2I_shcz6sT5zl_,VIDEO,dnycj-VXeJ0HzEuFpdooK
utTS7bFKajfxRGcSZsHtV,VIDEO,eBJW_olflMm5Z_EdUJrww
N9XK_E6e7u7AneoB3CNTy,VIDEO,p4jih5xeicxXF90Ojpvyo
1AnVBwOF6uE_QP9e21Xjd,VIDEO,G1pSttWNX0wenJFmP5jiG
a39AfsnM42oK5n6WGpz-u,VIDEO,UDcObmMa9toAUfO8WAVDc
x-Jp3nf_1XW3Nip946G9J,VIDEO,heXvqicOMCGOJga1XEJBC
IkYplaiAoFVe5D7DzfYvl,VIDEO,vpUw8SXQDOwdAOz_0sxO4
2GnUKYeNk8bf_JhyvihkW,VIDEO,rS1SGFyXfCPpz46woYAyn
Pt3q598nS4_DyeTy8_z8Y,VIDEO,8ascHaklLIqHD_XOSDTS_
9Sj0IM5O0_h0FemKL475u,VIDEO,3NByuO9w3WUkG_AL7zI3k
Tio7qd71ogN9CEMd1nrGy,VIDEO,5KFx0cZK5N-7kpe1oRT3C
JytGFGj_DDm9tdGpnVJjZ,VIDEO,RlNuFxyRP4poH0o_FJ9e4
2VxmP6EKYwOieBnxgUBGg,VIDEO,g7Eo_FaN3RqBKUE6K2WCQ
e2m8qM7p9xd8eNYSzgPqS,VIDEO,4RVAZHkxhTO-PPh0lcPBm
FDQT0P7IsMvzUmAI-XhFh,VIDEO,oLTKqQa2_aDghjQzgRhTY
XxKVZX8R2bCTvUcDqtKkP,VIDEO,vObukjfwB3pHv0vTTqiGN
pWE4GGkt8UAAk2llaEGVl,VIDEO,ij_xBDuvefLePWwUrIsbY
WjLtomgfdR4qFjY0MY6Hx,VIDEO,4pYosXctnJicfGHqEtrgX
yGHBGrYPv40KUoJZHiDw3,VIDEO,tTMsICYp6uyeMySB-djBf
5a8Lnnx80mkimyW1JAAvn,VIDEO,DtzPPaa3kKgPiAl0_DmGL
SFpVtGizeHmpI0K9gJ_Ol,VIDEO,XfGcRPA_u95K_zbDhnrVA
sdVzERqtmWZRRVKBV9FBp,VIDEO,tdOvdeqOwU1y4lg6DxBpU
cfRWXmz_hXyYSmbKInL8_,VIDEO,3D4Mmlloig6OuY-5CZbPd
AHfOl7dJ4hKt4cR2dHkCX,VIDEO,p7uz3aNpQyJrGVx8SVGLu
XUqWGv8T-T2rBBUQz8WIu,VIDEO,zJ1tbowDP6ss0LS8pCNHN
CnfW3uoWZ6SKp_ScUBD0m,VIDEO,YvB2YmDby2FY-2C3FT9H7
vPl2tNE7nZZ0ve34_3bxf,VIDEO,WXyEKQ-K1v_HGzOU9rIon
suSrjmtw0DAA-QBLUfA7G,VIDEO,fHVKArl3rmFhuywHPrcIY
UV-8KXUhtew6LHAxYPY7H,VIDEO,DzV5bWouQeysC3s_3zfDu
eQ3UQEgqjY0_YTcwe-av7,VIDEO,A2cUq0v8th9l9aF4sFQ0Y
eKdsH-xq86ooKRlAiGdad,VIDEO,jsoTezdf7k07V3lsEPrla
rqoGU4Awz3QP-yMMj-Y1S,VIDEO,Dj1KWYt-hqMB7unQrIwQP
GFOhvWWuNeHqUfWKY7VDn,VIDEO,6kaQJyMDmFk4sNXIRaxKT
WuAOlzYth4hfi3uSwZZI7,VIDEO,t9jJemnglbcQaJ_JgKFEx
9UjI6DZ62vzsKJBuawvkn,VIDEO,gIQS_C0yyBzknCyzMO9GK
UAwf4NNY4DXB-V2-r861G,VIDEO,Hy234_KBnFb-r9ssYWtet
Dzqg5WRUnH_tBOw61J48_,VIDEO,sImD44HikDAZw81ZGFoiP
yvHva7eo6Tsr0SY3Z63fu,VIDEO,aiUWc1a___4PQOD36ZUAu
c-bFv_pdPx88bDe6ElWd1,VIDEO,08jQmrxRWQFclx0sbsdnv
SFB-LgeXzlSX0cl4J_r_I,VIDEO,wn3yCLn_SPzsovOuVP3Ep
zSaOIE_3QiLdDvSXx6onV,VIDEO,58qjsZ0gTTce8P4H_sWT0
Fc9wFp2Q73hih3dgYhkI8,VIDEO,wZJcR-6NO9uRgqeoTTty3
VfdKjx3X2NF18c7rZ4qoM,VIDEO,ltFyUUI3sYFrjUY8nMJUI
Iwdrj7lQkdWLt60OvBKj_,VIDEO,GDKqr888h1bUq_MEw5ewI
-FM6F-oYuTStHYT0TMsRr,VIDEO,TqSznQRMThBMWg0byZzxr
QTrqUQ7sQX6kd1BweIXh8,VIDEO,u-jhRWpSSMjp4hkI1o2u-
ptgM-ycZq8gf_QOHt0g5r,VIDEO,NX-JWvYqCKFs4Lo2IuluN
blIz3eBni_vocBj8b3uPq,VIDEO,orBticw_khAdxE-Vq2s0B
c3c5xcEIW-YDhfKK5wfhd,VIDEO,jSk52GHDs2hcGI42ksc-t
8hqHq12afQgyTJk4EG4dW,VIDEO,Mo3GkeZesGHWBgt4oS5e3
jMcB-YRAgBP4pKkhdoFD-,VIDEO,diuF-nMR07Yg5LJ13vpNj
gvujQcw5ExovlUdopoT9T,VIDEO,GwhYIcrN_Ug3XKWm07Eqo
rqW9VxUVXN50FOxT4NXNL,VIDEO,_k2uz2n5jdu7xoHvvf9Lj
xUWSz0SVzZWb7zxb4yntB,VIDEO,X_fcU9q519PhdZ5tcI5pN
OXmONdhfJd9vB0iDH2c-n,VIDEO,TzlY1fNl0r4xaeedMeOIF
vu88mxz1rioxIE_XcNoZT,VIDEO,HvSZvyvFdOPkE-mEOyNPd
VZW8z8rKzuTfsHmSlZVtJ,VIDEO,ZIEgVOAHQ9cBYVCXU0KTS
rFJ6mTya-BD9iulXPIZTF,VIDEO,DonEeDv5oktBC1CCHC9P9
LdBpq30pmVBB86JhwxMPV,VIDEO,GsuAmNB-ESfwqFRKcE6yt
N5r5copejsZ83PUQ4d1gy,VIDEO,w4dZvrGw7XBiBK1AYPpcL
ltDLW27Bvk7IcLpsfFadC,VIDEO,f1U86Xr_qfKF8E9c7uFN2
rrl_VEdsxwn5kzG7naMjS,VIDEO,xFL1Zm-KdnaEYl8h4gdn6
veXHG9U3qWreIf9nfEQTS,VIDEO,kB0zeyK34RUBVBerLhgGX
zqQma_JwrYmWboYxzcAiB,VIDEO,canMTc7FUODVept-Fqlpx
3VhqIP0BtLV1ysFQUasTh,VIDEO,IUC0NPZBrQWNprob5d9U7
K1QlPVu7nBJWfVbANPcJh,VIDEO,4Kd0dDHdyEqR6piEnRzPK
hcbW0zLBVJ1hmzVZfuVCH,VIDEO,Ww8cUeXjx9fd5jwNYBPvL
fz18GA33CHhfQxEycnbgz,VIDEO,_jLmxjzjXnzQUAP5LWXYU
zJQpf-AFgOuOyrhqGYbbC,VIDEO,T855ZLVICdsQwQhBusG56
O8Em4xYQDUzifevwZSStU,VIDEO,8IjFqs2fOi2MLBUvEOs0m
bq3mxq7M0lPcpGw90TDWm,VIDEO,ygvuGn3xSDvKWyuGVFX49
4cTEg5VEUFl7gMGy0o-kY,VIDEO,dk0WSbrapimv8_gniiqx4
S8xtde7HnmFo9U-sv0wn0,VIDEO,Q4IsbpoxXmFBBlTwNzvT4
j9ftrlb2Q9YGfMz-kvzfY,VIDEO,249wc_RheiYMqdbBvm1iG
yvsgA91VivMedRMAcUUVI,VIDEO,gJeXvZ_AJpGcqFWm0woHh
jq7dQa-P4auj_nyZnlzo9,VIDEO,64o6HXdTeFaognYa9xgQ7
cMiFs9eo0ykgya0Z3U_wQ,VIDEO,vMjR_5x_poHBno5nLTJz2
CZP3GMBzKkaYPbatSlwvp,VIDEO,XnPeFmMNxt5IOPEC3Rk4A
64ynqIsbiBEIVwAidTkTd,VIDEO,S3wwp4TshfAwMKAM8l59E
YVfdPpUK7OFozNIShCTY2,VIDEO,WIEuO9DAOZf8MBAeeq7yg
N3VrYvZZg-wlNBObtO0Z-,VIDEO,WhEykhsnik_D__MxelfaD
HTMJx-3Eyd5hEpH28qmt_,VIDEO,8ZCgff_tk-1IPfQY2j_aQ
aPAKdPiw3E0MChDdHtoLE,VIDEO,DUM1an4QSDaDUoX6NhMur
2OPBGtwCNi7hv8ETk-P9u,VIDEO,E0NgLQXdqwTN5C8EBnOPC
4KbkVh15nmknN8pSwNE7T,VIDEO,ysizrerMz-5MbQq674bj2
LV_pCuapbKWEQUuRI5nNh,VIDEO,LJHyWfgpoafdwaNPZXEz1
rSIA4JfKNE-85IB__Nb0N,VIDEO,RmjSTF85-FAqOHcDnZVTe
oZLuuI_4XpXA2rrNVRPNT,VIDEO,sOTMjWDSRBgStSCzv0g5N
ngMjqSOAs7ZLfIuUw68Tk,VIDEO,kz5QK4bXzEy2anMbEume3
rmRalBRdxNBG18pvyKr3r,VIDEO,xixA16DNk_afRzQ0nI07h
CdDtHhRuxhF4X8_oD3W4g,VIDEO,m_s05ms2FFE4L-w_ETYIg
AWQzPqT_NHzuPcgWdXqoo,VIDEO,1JnZp7hDiPBQRPGmdtEzu
kI4BEXu0ZkwvcpKgRhtU-,VIDEO,Lu7lxrQt-xOOQHejIG9Mk
ystb6QzgKpFuGAauzu5o4,VIDEO,bnNmJCd8d5AuuNGIiBX-a
aV3u1L6V9FxPKlwqcVqcc,VIDEO,BEZTpsTnluljK978D0yir
oiwJbz2t3gzO331niaYXF,VIDEO,KHogEeJPWrDofKe4Auh7L
BMfd07PUyy68fiulfUNCv,VIDEO,3TRzS_ASCI3XQ5w87dA7f
dEazCHXQS9BPvjhx_umOb,VIDEO,drAtAJlWA1O5CzauuSzkF
Qp6IVaKGq4iCNrQyFYnoX,VIDEO,u8eNg8rJNQb-hxIdkcpR-
1mBeSKjKwYB5e99IbsMHB,VIDEO,bjDo-xIdqEM6KTvWha6bW
Rrkng1Ucc-PWhMEVxsE3Z,VIDEO,U67EAFHr7c911sWM4Mziq
VlCAKM-j4lkIdkMKdhOmt,VIDEO,U2GCYwqU2uTxIGwREeGBa
Lw-NKBXr0vdjriJ3wNmer,VIDEO,w73YOybykCH2iFRm2Vj__
TSyJaNVITR4GmX7CHgP9C,VIDEO,DxKSsvnKDu_9b3fHPUKEA
ImON4ykGUh9LCPpQB8WlH,VIDEO,Ul-vgoP3y_FcCtHctyYoS
YQfedKKsHrbO2H4Vf55DJ,VIDEO,5ntx5lSWa3rIgmSTYqbp0
m9qx-rOc9HmjrozPbeVKe,VIDEO,05hG90SUi_HB0CbBeWHfa
ETphXS8QxXZuZ4qgWcBWE,VIDEO,Su2jCNhcoLfyL0IS9s_Ud
sNdXPBchis5T6HURRU0_-,VIDEO,Ybhq6IuIcpvgH3JRI-ih7
ixFauOKS3f_98bwa3kLjv,VIDEO,Dotc0R8IKE1mLayjlRHU9
jWhc3m0XjbPeJAR9fBAyR,VIDEO,m70aQOlNKp99rgQtS-aHc
_KwFPSPLQdPMBLvGkRygq,VIDEO,L4o-s9vWskyIHFGVqTKVU
RvEqDxS0--4CrssAmcI1b,VIDEO,EPIEHchpjRFuKOUTCgU1z
E9DVFAyS6bvJDPbQeSMLF,VIDEO,HOEQpu1Zt6jB1Z0w_2Zwo
KdZPW6Y0s2JFMXsW7BLES,VIDEO,IiPegM4FZR5aJ1jzaJ6rt
_I50TpOeEmCXVzFLBTcwE,VIDEO,caBW4dHqDeOeCwE7kfwAz
vnwKkUWzJgfDvD2PcDnIb,VIDEO,iqIC3LQQY6ie1YL5YTg0A
kXKHVN67fCiOLGm2GexRe,VIDEO,aGdWvdQvsH3_KVOppZ_BZ
8XjO6Jzs-bcjnWZ6jQn89,VIDEO,6Nn08vvRTpPq-1h7NRFKk
Y3_-5mDi2VBTS9Q4G1Ad_,VIDEO,mWzaXk_ncaI-1iLvH_Q9h
sPsUBgADKTMk5sS0tCTZS,VIDEO,hQooXOvM0xyX3tJDOkJ2S
YQUtX-CspGtmI7-mWgg2V,VIDEO,by7o0modE4r7lNrSShiar
xH4a-JbXJaPw07m1LlCoZ,VIDEO,ZRmUd3RPOYYPpCYX_UCmB
d_87dhGpNvoGf7i3Mqaab,VIDEO,FwZYmmkc5qhctlTm4nd-M
vdZMcR0cLrvKNl9zbiPIN,VIDEO,fBcbNdsrzUmKith_WbhDJ
3S4tCXOjUlAUSjbHPL5kc,VIDEO,4k_Tvh8e31MAwVEkVMyWQ
M2oB86SYSlXXEuXrJHUpW,VIDEO,TwO3_iH7rMzoMXrL688HP
W3T6o0HiqnmDifIslICp-,VIDEO,NO5WOV1RSzyK0rlrD_c3W
RmWnbUH8nWsftaC0mUPan,VIDEO,DLNZ_opGe8_-DtkDZMmgt
uawfmh8A69DYgmvZUxSjP,VIDEO,eVdsvTc8CrAsUewpVdH1s
pQwwCU_wyKW3tA97Su4-B,VIDEO,qf2bDeE-Gw9y5AVpG0u-G
3pWG17ucy-_VE45Mb36_a,VIDEO,9Q_9L5IToKX4sZ7aTmxHz
xpcEtneqxjqAe6ynkdCev,VIDEO,Kp9ed1eIPWVMWWbqDUEm_
ti-iNW3IqPC6ciY7oB-9S,VIDEO,S1wPq81ps_JRbSGcApMch
6zY74ElQvTTErYXxk2hiB,VIDEO,VCqarh0OnK3IlhoUK73mQ
f3mzB9rmYg1p-6eso_nI6,VIDEO,1V1Lwr_BirMMPgYDonKbj
xtSpvU1U-PLjCmjHAsuR4,VIDEO,Do_NmwkdNOD6yLCDiKD4x
ON6icl22imfFvhOi6LGln,VIDEO,-v0jFijc2TCr3JrBSeNzR
3nwF_y9LgVSuTOQ3fJnwx,VIDEO,nidd6FzCLz8FJKkHJR5AO
1RR2AZP8WfbOT59XnioXo,VIDEO,bS8verhE0dEQo75q2VIYd
tr_ltJNcKbgA8Oft6_25i,VIDEO,Ur2TQUknm874ItoCv_80w
K6B2stDTrAuXM8hYysQUL,VIDEO,JyTS2Z3SNbIfCiCFeKSDs
UaKDqZ-30hBZvsAx6KHZO,VIDEO,cbpwDlR0qG3b4FVDf7Edv
0hahkeAkF9BsIfkF0PZ2f,VIDEO,qrfuh1JaEAMC6FeTzP4f-
GR-XkyiFOCqlHmDiPRz1e,VIDEO,k-QUQLm06OHprE7H-AtxN
O8aQWSkUU-aXwknbm69Bh,VIDEO,wbKqaV3vXNyA0a1D6ojVd
8e7husSG6O7nTU9lWdPz8,VIDEO,qmS128Di5Wj1KkLHa4MC2
MTyx8e3TWmCZUMrjCo0y-,VIDEO,brnW61LPjPALUOZXtM5OL
_Qho0lf6_hhexDD6obw4-,VIDEO,9PU57O71vrGTG4JXCoU_D
y8BV_LKdVJdkn4mfP05uV,VIDEO,PxEZaF9ZvSIFgeRPn1xs_
V4V3YAfVX2cTROsiKT9PV,VIDEO,7oyUHvPR-mrqukgN-GlGv
TVWCSu6VgHmZr26o_PjDe,VIDEO,PvmzE7S9pC1Nyz1XzvQQO
ff10YjoOiufl7nJ_K2K17,VIDEO,Z1UHWoNfHhKtiloIqYRqX
eQyBBHZ5noikgUJ6BcDPk,VIDEO,JJnxXzlRinb_TdU_VhvbM
TF_-BPX5odSPvQJklbNch,VIDEO,-127za3mCpYaRVdJHy-JK
IXuX1EICmnW4YjReeqEZi,VIDEO,dEXvQJzG8FZ2Ix0oC6uNI
2Z6bOWhudKyYL7AnN2UJ0,VIDEO,NyaG-UXVKAgrbA8bHtJ0k
VEGa1gqvap3AaWs69a1Oa,VIDEO,y9OHpApCsYq6hdHy4o_2z
jrdW2rjSXbx6kBK8CSUEq,VIDEO,BMRxFquyxY0efdn7CWYVn
PhM3TdOH93BDsFwFx8NUe,VIDEO,_iVF7IH1gwYxu2-uLfnQo
ETEIjdrthrrcWLBJJaA_K,VIDEO,ewjsp0amSap0UF5BGcyyE
Xb4RHjgH9DrKTAK1IVg4P,VIDEO,IOJgi0Y6WhEY5Ed5cyxkB
2XDU_qnBJ0qvh9-6iANzc,VIDEO,T5Zo3CVFyJ2HfTRkDQaCa
AvaHkVAzqNACwa4NmJ-zz,VIDEO,aGm6Ae_2efe7A-k1-R8IS
6bn4GaYIPmGXdx5oL3T6u,VIDEO,joChR-5fkJPNJB2gQdkJ2
jWVORfO1S-WopKfNOv50x,VIDEO,n59QLSbU9SGCzpHmuYSSZ
DhUA9HlbAUWq51rQbXLsg,VIDEO,BQOvvmErIoqf-1WLsE8QB
jygYg7IKkBe62Y8Hhirf8,VIDEO,cGHfw8nA7QzyaNk2LvzdZ
LmtOYFU9e8Wv2c_sjn5vR,VIDEO,HwkD1NTcytv82jyV7SX01
cETj7izN6sfiFA3ExQzIF,VIDEO,L7YcZPsjCkhv2qv0FovOP
omms5RsNLY3egeC9PZx26,VIDEO,MV7V88b-7QIUh9mGz2Cd1
HwwuFjvNGQYXxJPLId0pc,VIDEO,laYmNbONNU2jV-h8VFeUa
10yOy922J5D3PT0CQ2CmP,VIDEO,pERjSNxi-uOCvSeELPjbA
-bSQJ-wqF75BldugQBOuz,VIDEO,81Tf4K8ty98C5i_QWRf6a
SW8TlpJ8mfwugaWAul8RX,VIDEO,zLst3RIWDHpfwPeF7KCtQ
HWoICfi_Bam4yTKhHLTnW,VIDEO,76hilKP0xJX4JxTefwq1w
fbBLLfd9JFH5L4Vu3mVyp,VIDEO,F9YyHGgArVYCDHnUE-ql9
8D_g2q6pub14ZGPdQ1zUn,VIDEO,ROTBMGw7sO3eWxgp4GaYe
5PzS7A7OR500OeBLaG63s,VIDEO,0LlEgWotqQ5rO8lXuapks
nk5VvbmKCrtuJV5sXAdAt,VIDEO,dRrrVTMJSVBtzNnz6yFXK
2OGsxxYdV46nlaHB5BJZJ,VIDEO,J1qCd-Wxfq2ebRv9xKPUs
ro_8X0xAWM-MIvWU9Z_I5,VIDEO,8rOqCf3FyZQazTLCbBCZQ
QNruQ9D61AqY_bZS9ZWQv,VIDEO,eNBXl1GLtormC57Q9zLFo
Y0rTq8l966yg7x4ISyI35,VIDEO,shHG-ccOAlinILceQhDb2
DI0NlcH_hIdqnezsFVRbC,VIDEO,TVOJMkIuLdwbb2nSEFt80
rWxDcawscjlKO9piZ8jzL,VIDEO,lIyRLN2kqsxtFpGKZd465
ZIbW6a3d9ohnEYp72f1Yk,VIDEO,gJsJuqcOg4VcWmVTZOgNc
iHIlVDJu-O39TN7qlyNsi,VIDEO,HxEV7wqnBL--XYuIRdgVZ
DCLfYCKPznT46HFRerc46,VIDEO,Nrs548zT1Uld8GoFvbd3j
2p0sqaM2EK1a60jRCy3PO,VIDEO,oDvR_p4b-k6ioPhK5G3UI
YfmagHm62PZ1T6cXF8RMG,VIDEO,jkc6Z9WFpDuMLryeSIL5g
sWkRi6A8MX7DYip1JFwSg,VIDEO,B2BDXBokI3vW6fs2qHmFq
scZOMRdq0NWdR-oWNKKYg,VIDEO,HCk8JAYBxfVoDq8xSyTVc
e4ksEuir0Rs72Jl7ju_dZ,VIDEO,9WmF6a2ATYjgH0eaXohkC
EYW9G0ryoFOioDxmDap5H,VIDEO,vc52RbdPQgDoNq7975UZY
d_LQV3f-n4ZRCjciS6Mab,VIDEO,OoG-WX0Qt0GCW1K-EmV3z
OkdcmFqGl4dQd_ts2LOyu,VIDEO,OmQeCNBlW10646xoPL39W
s0u-9lTGuLQJlBIbgUUoo,VIDEO,I6M46cBoeOYj_HXf6x_HS
Hcvavz5wu7WKOns1YtBNn,VIDEO,Kky4NxH1dpVnVT3k6h4y7
cDLxIC5dRpswFtGEhDwKY,VIDEO,Getrr8HUBQEH_-sRsZfwW
WLVVB-IPPWU4u-h4vGWSd,VIDEO,vMKzEJ4S9a33aFzchb3wS
QYTiU1Dx_L3_z64c5FFzX,VIDEO,qsuPQRAD538OHsm90IHi4
euMnjwwCILhAaLHv9zUIC,VIDEO,LG0X0YE6adbVlOg_SHTzd
IFAImPhasLnVarXFe27j3,VIDEO,b3CFybp7CfmMeu-b1rbvP
Bs_5bj_bR87jAan0PRJNo,VIDEO,nNqnBzG1Rxk3fU-CXtYY5
-M9yMlAsOnnfQehRWo8pF,VIDEO,GLUCt5Qj7wJWZJRDs5Nx0
Aj0KPBl64rD8_rfUWqRMa,VIDEO,-PcaeAB_4xJlQ6t6YKH0Z
RNYQaNzv2DOaF8gu9eX6D,VIDEO,DGcOs1jhu7GWXMHfBE0Dk
lya4iDaw93c7xJD3ZHVNI,VIDEO,UCs-E4Mibp6z9vp3hF-RN
m87uqBaJ4Oze0t_HsYMxu,VIDEO,cXufsHJh1nzNZlJ-9cuao
9oWTupBvjgsTp_dKREfvY,VIDEO,l4G1njyqM9ySIzCgXqBr2
9aM7GvxxcjwUK28C27Cwd,VIDEO,ezO3iF7Fw0eoR1VjNaWi1
nZRmJobr4ej9WPetOQhoZ,VIDEO,rIv8l9GmvnOt2oOOaPf-F
i1LLKiK--qMv2Bk2K-U7c,VIDEO,K-rvChanEgf_ZhP7hEhpm
rXeEBwbOzNy0IYE3KRM7J,VIDEO,GbisM5z3rPPJiEFNWKTQ3
QMC3FFzOMV3vQsQIUEUoM,VIDEO,BPaLGSdB8hS0Qrtq1ygdo
2OqjjbeRU3pHqhAzILeVf,VIDEO,EKha8PrmfPYCz8ejV8kr4
AcBHtZpxDN70v9RtOWTzx,VIDEO,c62W3KDtPzMehNUiGPy_U
ZLPXLvL2nbNeWmZvxsV8s,VIDEO,a0yTXmTr5Weo70s03Rrko
WyO-laM6zFvGT6tIfGq_r,VIDEO,MIz3zEVEFWxToRnJHSHqO
fIeu_V4X2yNHVRCPJKPvI,VIDEO,RVDvXrBtqfH5CgeT4j8Y8
0gEbY_h_8YJPwuIjk59wC,VIDEO,LKvMrvn7xe2jphqTxR3U6
Fw85bZjRMXdkvFTtzWm2O,VIDEO,JmiqgWhJxL9BfFkBYlBMX
oRoPOfnqaHY1M2rPt6mwX,VIDEO,-QK_XCcizuTvKSwvox0z8
TEqFGhhSmIsPFm2ewKZHw,VIDEO,Gr_e_XMFgAW6SG0hA9Eg8
3ks6JFZdIFVura9g6JPAH,VIDEO,U_yQzonF8W69sWssRF0AL
v-Z4-HwssVmOO66ZVHtX7,VIDEO,-KKSUpuPTREX0_m-V_cNv
9djFnmKXiYsA6zFNP18Hi,VIDEO,gU2wds4VVFxQBCnQdkb2K
TdYwn-pW1ezpT4XG6zqfU,VIDEO,Ic32dDa4cC4woB8MsqJai
rVIRTVXcZWFpTxxMwjW_A,VIDEO,DcbMELp3ntjzqvo8I7b7Z
4VXLzZ6VNPj8jDBflzb7s,VIDEO,s_HI0ygkTMGN9PQ7U9m9c
7sA-dWTq44zgK2L419bt-,VIDEO,_AxhiUX9XzFi9BRTwMnxH
UX8RsiCGmYXnGmFUQtNxK,VIDEO,apOusVJ9zFu0_7RyrDWw5
G6NDUKRFjGuz8UDHIh_SA,VIDEO,mTVNcH68H8aizNJzopYyf
-O_CjdRvkLmapvzwgUwLS,VIDEO,TceTMwaP2lK0hanI_wEAc
-lVIxp4RBix7ncQ5UTX2Z,VIDEO,HQC7umZLGiE2zpY27qi33
xVZOyFAqj59lYs7v7_jsJ,VIDEO,9_2aBFYt0vWDnQzPo9sNN
qUIqcyiwPmki9GoyFm4KM,VIDEO,9Y0dQrpX6A7XwBU6EPrY7
7jrdyuoi3SsXy-p6n233N,VIDEO,FDqAp4krzRiY49S31zoq6
JSp1a9jBx8z8IARlBMWO5,VIDEO,OBMmWGNCVI7k0fmUKDiVc
EECuTlzX6FLa8clUAj1Be,VIDEO,i-Cb5q-zMdAjukjdpN1Cq
kNZEJ9HBGJrAOBQbSNRLV,VIDEO,nh26XOx3gj1KAEs6do1KR
AqS71XWD3CiYaNP5dRqXz,VIDEO,yulJc5qmzzq3gX8gRZ6eh
0VGHvPRKBRcjkBi6QP4w6,VIDEO,6nXooXT6qz1iCrObGTdUE
vv5qxUnA0fhp-b1rxgiHC,VIDEO,9X9WQFlJotxbALYbvac9w
LvfsxaiPOa9yxCb5ZnB0T,VIDEO,yMfepJgmk_1bHu0EOQVbC
YraTm-zmxfuzT9YPhay1y,VIDEO,arQChuiFie0-1QtrjTxlK
zNZGyg77v2QjcDRcJRXKH,VIDEO,vEZPYIvF0IFszDbkP1lk9
KcUHWzTcZLHY0MOS4DIv4,VIDEO,kysZs3H5JPIfPJ0zPh9tx
qn57bG58RKcLPFVjp_g9m,VIDEO,odTpWXRU1RT3OITieFj_k
9ysbTDSWTz-EbSUuAzBWh,VIDEO,Qcy77ZoOHNW_uULZxgsOQ
OYc3WKOmyVOkTRI5uodfe,VIDEO,I39-N6DRMfF07HR3W9-_Q
i3RE_7E1Bg7EuNtHTDqjk,VIDEO,cYWB7pTD92nj53osPKXDB
G8qqgYKqhxeWB10Y7EftX,VIDEO,fnRbLBWhjYjNSa3pPFe7k
KU7QqyTJSwHD4b_Jhf6Dt,VIDEO,obVvYDneMkVIuMc04xg5a
hT3wrdgNdIwWkxI3B_Xj_,VIDEO,AqVfTPdtOSjqXerjLcAs2
nZlla29y1afRPreVsCRWM,VIDEO,a5jb7QNtR90BVAbGVPCHS
zbhe5Ve9_fg8tXFOlBkXQ,VIDEO,sr-RkVE3-M_aJ70uQ17Nf
7kpjnUFTG5Atsoy6rz4nG,VIDEO,DbcH4L_YC6foSVvMXJ2VD
zN_VNmmlS6M4Z-ptPqEEi,VIDEO,E7zwojXt8fJZrxBEEiLCw
gGdkYdfwxKUPxHlh8oFHm,VIDEO,6Y1-PWhVwJcQZHCQO_xnd
9btLLB3BMj77oXJXRTZem,VIDEO,MMmCHGPNtlkLIfj0duOBu
Y461LsR-0HbYRsJ1cbQS9,VIDEO,ViCBLgHCcTBgT6No20Y7Q
6doM8SJVigydudHR9Dt3V,VIDEO,yHivo7O4B0M6xRNr4VlvJ
0HBCvSlEFXEiNsBa1Rd_y,VIDEO,csAgijtCkkgaBvwjMMlbT
3V_jbjFHRPER8DFUiRm2Q,VIDEO,ECx9Zhq-2WU9PflP11sy2
wcMl3F4GvvLvD8YXJCbsz,VIDEO,7mx66ImHYCiDrAZs_di2w
nnqI3O-OGC3SGF3NcL7Ty,VIDEO,VYgCr8G0CYHcBVXoykgzZ
OxgMHCeDRlqs-NrgjsSC2,VIDEO,ZOD-d2xbE5Mi-LDoqAlUp
zVyVRmmPfXJto4K3agvQ3,VIDEO,xSoD8CfuIFdLEW6aK8G37
Y6GpVQJbKpObzelxxKRUo,VIDEO,NXIPEckRl3cBRsDqe8O8z
P-x0wkRfeR0pEOcMnZnlx,VIDEO,ly8JvFnBrNc612VniOPJG
pfSYJQTsV2WS2oPAHffAY,VIDEO,1sKuuUV9rI20x-3HKW2Rn
nU3NhC_N-MSHhjtjnnQbJ,VIDEO,SUh_wPHA9VEYG-Dp12RUJ
3Cc2F-fbpmg4wJeF8UANp,VIDEO,r5EggGzY_hhFDMEBdMylu
97DlXP0IJ4XyTy8RUiHk6,VIDEO,ZBB8XcT5nM29JcohjPpiC
ASsKmNybdTcp4d366eb_v,VIDEO,kWj7Bnm-CXKlcDLPzSzTv
WGBD8GbVu_0kzqBPBEClY,VIDEO,KXEfzG6zCd7OCLH6fVuYd
dMR0SjFl0y23qXgfrMZHX,VIDEO,ZAvbdW619F891YGhHYY_B
bSj6MNBMnNZLcrhzkHbuV,VIDEO,hH9iNcHsBtR6FmboJkHwX
dcp_2pFvdYIjV4zneaswC,VIDEO,K6FUSbYy5W1VFFKccZKAL
xEltQFcCVneK9lXZ8UKZy,VIDEO,VPtS9jtwT48zmQ-EVkix5
z7vhbKjiCAtpxXRoS9LxM,VIDEO,CMYvs3JvUSUw7zgkzfxDc
qO9dxsXiv4EB8PyMmho3y,VIDEO,wIJdDN-fmWstWu3eAGIzn
lVFpER4YXLLcLClT25WDu,VIDEO,N5-qXqeSAQiaLk7bg2gQp
cMEhuN5l7DuPJlzX4QzPT,VIDEO,M6UJ9FEH0CgYv2seHSVef
8X6Eg_yb9uKZ_LFCQKb_N,VIDEO,S3wh5TCzEAzO6QeZsWe1t
nSTNkW16d3Sd0u83T0nk4,VIDEO,8aLrCmdyuLpLQ3f0Xe67D
LMwngMzYIDmEjJIPJYIBb,VIDEO,oNs6CuXnVunwNUTJgJ5eT
G50yzwrRXE0MwqWTI19PC,VIDEO,OzoQ9CAb7PfjSfFtWAR6-
6nrg9LxmT4NW5Wk64kvPt,VIDEO,hgnm8wyyCZMRtxTwXLOsq
jXcG1O4y7Lb1tVulYVHrJ,VIDEO,hPIGWh7vGhPkPaa0hG9W5
K-bZ6xcyLOm9E2E78TQQz,VIDEO,evswpadLU-ThIVorQrhEy
UgLD8a3LK6iEaqnMSHY5r,VIDEO,o4N8Gh8vcYIshQRkffpE1
zkc77eu30GqJV7W_SqSry,VIDEO,NcJ5aynXvSOg_KQqKP5MY
hNbiZnr2_7ugeNR_lFbwa,VIDEO,jEpNDjU3o5Abt0AqnkyFj
dUBIgBQXoU3ynzUagfBOA,VIDEO,Pt_SbpjKRZnzn0-asP3Oh
TKOXd8UH4qTiZCQgXS7VW,VIDEO,7H7Anp50wGIWZ0eyaIFvk
K6QRn7xAloMA05w5CWBTM,VIDEO,mQdImP5SGpwVojigpyCg_
XbfZjsOpfolEythJBofjf,VIDEO,6Yn2NBVQhqmuXcOHHhK3z
zcuRcSw74OtUxQC3cXbEh,VIDEO,AhhempGneuZPQkPcdfg2o
9mb4qe91hxBMexwVl2VR1,VIDEO,lTBdnb3MiI2PMo9UOfama
mN0qxebBJf3pj8likYFmV,VIDEO,iNp59Jvv9SwqoXeaYQrcA
trwIWQ3gqZSqFQ8Dt-DFT,VIDEO,9T196ex9OI9rWHo8HJ7IN
9cZyf6_43htaej-bdLsb_,VIDEO,5pLf9swv1iu1MatXkMcAZ
HOyMY6qE-Aa95NcvnL91J,VIDEO,LhPLEoGreh0G8Vhv4oM2C
jjVGlBR1boUT6Qoe_0h7A,VIDEO,VEIFhn2CjYP1DC1ExZ4zQ
B7UWWGtiwpEqLjAepWK3x,VIDEO,OkO4hspu3UYD6LN9jcGx9
kReNXCDlaCFhC7h_4IqXm,VIDEO,ZlR948bho77J00pAXhIp7
mH19g-h9_fuqH_Mfik1DG,VIDEO,paBBHLVP7Wakx6Xgqxkn1
od6uxTE26mg8K3MIjHeaS,VIDEO,FzojjAJnmS20fxhGrgR3i
uYI7EOdQinLpzrB_qe-dT,VIDEO,8LunNKY5qEnJfcYdF9zEl
TqGlYL64POKHsO6mAHVF6,VIDEO,vLU06ROW7tdLc_2mmP6ax
pvsqb9zwoP4cO_vjgNqfB,VIDEO,PUh6DL7FJLygdVL0T7_hS
WbNEgvNH74PbWMqKIqCBx,VIDEO,YTHC7M01h70eLzUNTg9DB
Ab-zUN6npX_axiD4XIy_b,VIDEO,fSAjSusIi6u8VHBBk_25b
OmJBsZNWk6hEQG454H_fu,VIDEO,1WroXZZfDTq1XAn3-hpQl
k_EqzvtqoUNJ3bl0FL6Ur,VIDEO,D2ItHEzOIZmCjMzYAV8_o
5YQsyc6GA8MCZMWq11DHe,VIDEO,QS1KD0mX3eOu44RYTTaL2
d3c9zEGW4FsmBcugmDimC,VIDEO,uiLynMu1EUFiVYvgTtZ41
zvyY9wL8DCUN22IYBmWLj,VIDEO,hfd20z74PuAg1Hqrf7QGZ
kDNI5zbAjf07G5MucIGfA,VIDEO,Q32lMLkpdFVYa0ehpY6Bj
1h--uQ9xtdn6SO2D3NNeA,VIDEO,lVhhQ9N-CIHF8ZKdncgSg
KvmHJH9Qqm5hzAkBlwOrP,VIDEO,3FlktzyVamOJU4hpPyI81
YOt3aumwDWxPyzkwNrvvJ,VIDEO,18S-WXo3u0dvPjjzUWW_6
6CAJB4fDNGp3zgEUSVVDG,VIDEO,3v_070xcKA6Pskak0wAkk
MyIEqpjQ5VzoyX6_2q6pe,VIDEO,2Vckt3vau2e0mwheXcuzH
DbVYxHj0d01naDFjCJdR4,VIDEO,cyamEb-N4VhnGo94edbsL
MFtnCNtVWp4NI_ehIvT94,VIDEO,khwDKrm7huTfynTslAyWX
PGzeveQTY_xBH70f4Vplg,VIDEO,gx0DK8oWTP9dB7q1DI3hn
XuT-TZVkblJ5pd4IFqwXm,VIDEO,UGkLiuBKYLr4UyLgYtUtU
MH3-R6L78NPWbVKqb7M1S,VIDEO,wLx6IPDj3dkUhTOUpAE74
NMoyDiEbm79N119VkG3f4,VIDEO,T_MYUlU6IITVVqlyzoj0f
gFX6PDlKckBxjtCknPEWe,VIDEO,rrKynNeEdj-vYHKEqsOsm
uXUohkuWj_mUBRLQ3uo8O,VIDEO,0L62F87VB9Fr0cMymM8c2
51_zbOsIiaDAm26p4OYCL,VIDEO,uWCXA4BlMJMtNQrspB5tp
CnF-eufleIKIfDy-epLf3,VIDEO,90k1LJN-OAHTOajTLtHfK
Qj0LdoUmFt4Mjpaezmg0a,VIDEO,OF9MHYPV8e8lCfXUbFNzk
GaK2DlbaK5C_GdPiBveSj,VIDEO,Z43Cej6VEjCyV20r106sO
vkdMeY59CnLXm0VHPEz_i,VIDEO,T-SL0fw7wodMWxEuSeyEZ
SrH-Fc7QbghoR679gSg0P,VIDEO,-KsCtxHaHHLh8_BPji_j-
747ajZdulALK80zFa9GJJ,VIDEO,KK_aAEalsURwoJFzBE5Iy
xeCU9jvX5ODaDyBcTkxd_,VIDEO,Er5ZVrHjNfAZe4v0Zd9X5
Am2b6BOu76k1wJpFbSfRg,VIDEO,f0RSB8O8wZcY2ZP1CaC_n
3mtsFT57k9XDwZXejWXXs,VIDEO,hhvnitPV3jE4Q8XkCs3jN
OLe7k-b8D7V9Dr5A6q-7U,VIDEO,JtZ_g1WKCJG1ccG0dBxfB
ZHkVeHKfi8Gst6paS7RQZ,VIDEO,sHIjkFwe-fYVEKJPBnI1C
eesT74Voz4rA5ouN40nlR,VIDEO,jV04FkaOl3L8FOJ5kA27f
ouuzXvvhJvlTCpk8QPTiZ,VIDEO,ol_i6mdgn6P3Z9YFM_JdQ
YOrDv9bg_5jgFl8OE6W8a,VIDEO,m4DEqpZgD0UUaY3F2gg9O
9WCORTe5lpdaQxzo9eHPE,VIDEO,2SBRQ-43GXUO2Q1FQUGz2
6Zu9RhRbIJ6V1_DZpxxLL,VIDEO,Pwxz6axGwfo59VyfIktCR
_QzijB_zowo9UFN0EU0D9,VIDEO,KLlXIHJEWcMiH3JZM6A3R
JdX7JyWCUJINRCOEtKMbP,VIDEO,OHo72YciECxSlu4XMEE_8
PZ9JpWt0ih9v1zvb-25T-,VIDEO,3GmS9KtdFyU9QqWJqQ21k
SeKQwlp20ItUkm7_xpzRW,VIDEO,c24GznQAgbyzcs_u3Q2CL
MpuVEfLTAX0sngYG3lO7_,VIDEO,t-QS4RB-2RIP9dSaqL9EW
HirmZJOmgzzqzWa8xoY7z,VIDEO,Ymnuf_cwG-5ukMSF0buP0
fkZzlWLtRJqyqa22N1HiC,VIDEO,8IvWMQJyvL8guSaJsZK-e
E9uMotS_aBvRjjLjYNA2n,VIDEO,iHQhXI7_RV_R7kYw0avzB
bzZ1olnK0tHCOV-Ytc9aL,VIDEO,ULGoUvJOXjnhPC4JMochI
I4PVUWZhKtDHzwSc5Tzf3,VIDEO,B3JEImDf4vJCIR5oKLcF0
9r3tSsNTJZ5HBjWAccQ13,VIDEO,cKeP5EoO442UA7FCNUFIO
xWCr1ndyBVL2jioWr6U8N,VIDEO,wZQ-HtLligLmMVY7dS2nV
VTDfUpKcKTV-aEzJhW908,VIDEO,75B1Li2gAlnGZ9Xyv3LUG
SFccQ0HhOZGcX9e7jzQm0,VIDEO,V6IHVH_KU5SppPzd_uvS5
EWzNujQfHrGhC2CSrOYb5,VIDEO,M24qjewEnS1zDj988nQ35
OLDfzpoXJc-jbJLI8YBnK,VIDEO,IAfHArz3sl9VnWHsXPNEG
g0m6zDVj-o2IaQGqa6DRr,VIDEO,RuL-Qqzl_2u4fZVVX5aYK
0mlQwHw71zenIQ3ZTu6SJ,VIDEO,wToy3weK_SNp9onQdvp_Z
RjY5h28qBGRYc87ScXSGf,VIDEO,rE_m-bP1o0Q1FIWcofabo
IeacznCXKZM2pfN3xdxtk,VIDEO,owFlaxKceLZwwqoe_BRfI
WFVvfVjUzCMAzEpKqfOHo,VIDEO,OYlUeHrZRXiD2wjnjgy-N
hNZQHxMEcY0NkPQo49xd8,VIDEO,KloCQIy6KDMmXBzMK2aTP
DjD4Ikc-yAprjT470m1ZO,VIDEO,_rlcnUVZWcUXiurC_nMv8
YwlQaj6K_cEJgcBVpCGiY,VIDEO,MlBrkUQZwerKlzJn1k8cL
jIImpolk8jp97nx0tTFo3,VIDEO,B8GVZagSDh-4HBeJruee6
lXXlTY-ZRqBmMCXBXZLVP,VIDEO,kwN2-HIBxc3AJg72jW7EO
TszTxRGInJ3TL5iU7bbpE,VIDEO,YQj2k-PhFkJYYfg5zEPLm
V834Se6ZyE3L_UuqRCCni,VIDEO,Znl-pWESxbHjcPDpdMNxm
h169FBPBbvRm_YvmLSoHq,VIDEO,fbsuzoId066136vKqpegF
ZSIThJAfgVwEW1NWis_cv,VIDEO,BvT3KyoIDY5_TXJEBe9H7
0qPv0EtglQQyfnjJ6S2AZ,VIDEO,JklaK7peVGoFIaduWCoCf
qVfAdxybgSq7JyGuN2Y1j,VIDEO,tOCjigxpSpMWAG156Wcf_
jwrYNX51k95cC3RMKah5m,VIDEO,p7eREIto8Lv3rU14UshqA
MJQIoikYyh7xK6-RpV1U3,VIDEO,sTU8HCc_bk_lc_BrEphAE
mxSc9-otSb5xmKbULNFnH,VIDEO,1eb138B6Dz97bvRFuUNXx
vfyEhnALPZKgaSwJwEiMu,VIDEO,8Rnln6Jmy9wUPJGBqoSMn
V9WDqxenT-PaDFu3H389M,VIDEO,XTH4vLIVqREwZMuUmVyYI
hePqkDuIoz33lAbqne-V6,VIDEO,RL63BccLDC58u-J-gXyu_
lcEgHZASnGLCcPb04PGmi,VIDEO,bQpKnZSZkxJOia79hL-fv
O98pDogKmV0v0YyPVGK25,VIDEO,iboQRc7aCyT8W4j3ilNP5
oYx8UYe1T4jB5aRhNuiLB,VIDEO,qH0f4NEsMuI_-hPP_Lt04
u-FHSCpxK6mYUPiqlgO76,VIDEO,WbTALDF6dsg587y9bK5vy
nVOrm6Szm_wAALv4cOMDm,VIDEO,knPUf3rJCa4iKfwCy-_yG
bpQbMNax-TXMHvIFhGtXK,VIDEO,vJ4K8hPLU1Rr05AYNJryY
q4C3ZmFXBEr0_o8VN6bc8,VIDEO,t0HmV4m6DF44Ul47Rtgse
ZHA1ir2iNHIt65rEZ8zuq,VIDEO,O27e5QpWzf9WcydZlUX-Y
b6-2i_bkcMpZl_icLIBmz,VIDEO,I3QGvJ5n_J4KN6oY_AWSi
qHSpxEdcgd5vzOEI1JES7,VIDEO,w5o6EsPXxGfaeXL0B2CvE
1Zycl5YxFaf4nSBwFIZ69,VIDEO,dLVEZJx5jaBEOAfeDDzvZ
MnnVh7csdbDEFvl7IMPBH,VIDEO,W8TNp6src9b7dcxyT9SyV
7CN7AIp3a7cgqyZvSfWnF,VIDEO,ER5QB0FrGSdQcloKCTMPJ
uCfjm8ECIygVNhTfLX6bD,VIDEO,uGtZ2qGd-cQcMlgr-E_jz
q2MYB-uRHTMB0QBZ6wV_f,VIDEO,zVQOrpdROUfxu512uDdsH
fKnjn3mbQH48-YHrYCXTc,VIDEO,5HPX73_zMZF0ildUIX6Dw
-EtWdxCpuc9mN22JHDstu,VIDEO,j04QA9i4U9a04ZfqVRKei
pvl6OhOj9luLCECSUhHnz,VIDEO,m4_6u_WjcqXBAjmIJowVB
U-L0HqUqIxO-ZVDmDBU3K,VIDEO,iAsGD67RRC_nNqp0bf_yj
fa6CKfO93Gyr0NNTWlSi-,VIDEO,UjGF67Tx1pKvHvXJLKIOy
Y6qTjx8Xl5Z4lgpklt9I6,VIDEO,zs5hwue_vEenXW1cu2Z6O
2oYrcg2bE8IAFz9Vb-Ii3,VIDEO,lG8bLCJ8pKH9h3jlCQbOH
8vHUjFAe4A75Ql7MnzdKc,VIDEO,fK4NGYwTjqxXJzS86RecS
wKnmcpfPBRBWAZmrIAYPh,VIDEO,l55jpg2FZ5UmCmpxLAiSi
CzukMhLe5zq6Qj9zRhl_i,VIDEO,Vox-xp9xq80x2kyEXgQEy
EjEeP-KrEo1JoXONN0N3M,VIDEO,qocsTf6x2zBhQ8s-Pl2yX
U0Mn0Yz263xGk0CNBfBcM,VIDEO,-S2I99ffbPKRbCyNiMC7H
2wnroqnBfdZXjrU8YDPQh,VIDEO,QEnn_ewXAmSpXYczxyfac
DK38H7OcoZcM4_dlEvlvd,VIDEO,b5q8Vw-9VEIR2_D7uQKeY
pv4E5JHH_zf7qUdJ7Ixgk,VIDEO,hDs28WSZzIBCkX4bkeKNO
WgafY_VOEho22m6gOnX8T,VIDEO,xH196ekZ2XX6in-IU6y-E
9QOXQhsn4cEDetD0rex_y,VIDEO,-Ld6ovUWZwneMEhX2-f3k
NUqiqDUCxgJHyNZAhNIso,VIDEO,VKC9cBwGLKIRwiHliUh_4
wezktEnPppCY9H3f6agQ5,VIDEO,ITwKCGbsnGNV2NBrYlU8B
DrNEWNnHVeHEV17ff2iiE,VIDEO,_5ezjpYpDyhGo2aFldXSk
jK5eaqy6X-8Xs9hOsFr3i,VIDEO,hQXMr3_4k1_wkEPYtQuRP
n5SmqFXPaPBqgbG2TU1mX,VIDEO,NXhd6xtPE9qXIqorbwsbc
RdJnqRNlmn_Ipb7N8aSmR,VIDEO,0_qisphNculmgSQ70iI8K
Ei32dbqlhexdqACLz5JhN,VIDEO,fmx7LNzArhozQcRwdhpuj
xT-aSaWoJL70l-t6rHQQI,VIDEO,ydpXMowcSJbgKajzrHJWp
KB6iMnw6eqb9QK5EAM2k2,VIDEO,E-iB2a8j8LUKjD-6JYosn
H8oD0A133MT1mUTcJ6Cet,VIDEO,5oDDWF-uM_M3RfBNUFfwi
OreoDRLGD3QWvtEM6P6m7,VIDEO,YfQVlNtCq8f57QP3wP72p
_cUXzhtM4nNwBGVMvBvVX,VIDEO,qrsmyaFCYJOOk6kC0MtUG
EO6-VxlIB92WqQzZDnTnS,VIDEO,rp9X9CGQS-0z4adq89BLO
v6XuuJv9ZSbES8i_MLJ7u,VIDEO,Bflnt4ooB-Cza24_y5_-v
VrBvgljYmAH8MVKQgaohu,VIDEO,TL-Sta6pwphTgCBTF29b-
ahE3lw8AWKlIwYQo7h4dl,VIDEO,5Zw1eC-ji7-GELsLrucQS
03vQptw36DOzmkOcXmBID,VIDEO,gXVW-kODVnsbsYjun1QSG
dXC97sTQrh6FNOhojIKKN,VIDEO,1rWgV5KcNeN1dEOyHIgmL
-yO0T6DV2GhyOoudPbje8,VIDEO,kVWCZa0T8Pdp-JAVNC3_q
F5DFsBn0lgOJMxm3t9PuL,VIDEO,Mon8ImFYAQzq_B31pl0V2
YyvP3nZUh2ssBz0nRvV4R,VIDEO,w224o9M3gvvJbB07Tkvvm
dRDeIa29fLUN7kbLR5vEh,VIDEO,4U1CANZpM_nG9ErrLPLS_
VM8xru-Ef6uZuV0hIdl6A,VIDEO,KCRuezGDTLEmCgaxolP1D
tFgToWI7vSzWtxrPqfPN3,VIDEO,e-Lyhu1EprJdBQyWzxYYB
T1i_G0TtRu7WRMDBKWCSz,VIDEO,zkFsusqhT5Vxb4fHRrjqJ
z5xvJM66lI9hI8W4Q5-n3,VIDEO,0yS0K_45TX8B6hZ4xzmJo
PXyMIH9Jhh0jLsZWgbBEA,VIDEO,0ONzJzKwDjyWOzfL_F0XG
L34Cj0f6nMfoUW_RoJZU1,VIDEO,cZEGlh-cyyDVbiKoGAzoe
5mrE6Jt2Z21dc3k_vjct6,VIDEO,3pGySQ_xlZuWQGvGzPrEU
T7C00MzkMeuOkaljndyzo,VIDEO,MHu3x35Q6E9Ucoh8syAQg
CNUWDPEvkvyDhsV7bXtsE,VIDEO,NVqzQ0Gojx7u4khJSAOr9
LYEELhAxOuB5hOxGVcyse,VIDEO,vdiEb8nTwD5R367EqktZL
fZcip4jkz8QicqAl0z4aV,VIDEO,TLia0AxGN2ME71KOUmgrA
EGKcK9g0TFwib_luK8a4s,VIDEO,CBjT8v39gTXbO2jiXZtcM
13cEhRarLsBcSxlvj6g2c,VIDEO,KiQ7nWu1VUuO6VZXS2pAY
WZ0QLPW6cMlOoVDgPmcxt,VIDEO,uKf1B1F-uLMYhIz16glAX
dbQkiTGPehCzwHADf18Cl,VIDEO,jsk5UPCG2XB7l0VNQqUVk
NSuPZv_pM7V1p4l_6wLhH,VIDEO,6zdlDbMOVxaaO3Qm04b7E
0abvxNt8qHESyBBrDk6Ep,VIDEO,fF4DU821D1FoNCvXtdMcs
L5sgmzx2rnio2fg1WmSaH,VIDEO,CsxnDslFxHSVaBQ2Vq3XK
wByZ8r4ZWUD0bliV5LNEs,VIDEO,69wMXflZS7yo4u9y8lA0L
q0l49AucReJL7IJ6Q7F7E,VIDEO,ZjH3VJpPmfJh_BwcTFMGu
vVcUAzUHtL_f3ROQkzGr7,VIDEO,Ide8ptCaEnDVr2voSnp30
MWN_5E-1MwhuawywZOeb_,VIDEO,6VhLq9-tJZGKzt47VuZjL
ThF2rHZnVqF_ZMEt9H18n,VIDEO,L5klc0dfFv0Zp-X9BOc6G
Rfi7OwVD_wPCPAQKANQAM,VIDEO,vm7qKGK9R0vw1QiR_D_fP
0z4VPXO-LKatAqChWi656,VIDEO,B0mBKCh8H97M48D0jl-dk
YU6CaDllJyUyGEcvwFFvX,VIDEO,x5Mx-LTIhwU9RojDzEf-Q
ygQbEXUIC8GNGhKv_fAh9,VIDEO,xWib1wgfg43VEcTuB_8tj
yqWLlHQlZbp05PiJA2dBq,VIDEO,BOqPLXAhiGxC3MutELKdY
0XD3dgJPMSS8w6Hh9swYJ,VIDEO,Int2chN7b1qIdVNGFSiI3
UMwYuwiFz_qsrXy0vhNw2,VIDEO,FN9nsi9Pmw1YBGrTPqmHj
fOqXwJ4mRU2qJljjYgFoa,VIDEO,XDa-fH4tp_31CdaK1Pl_q
614VFCWXb4CAsC8mT3hCh,VIDEO,4FrGX38EZKOMN7KavXgdI
sYDSeC65KI2t4koxNkhFB,VIDEO,E49lj-w9BZM4W9YREgZ6O
xyRHockHLj6WhNG-7xWP0,VIDEO,gezsyhaEa58K5j_xvJR4a
Ek9k2l8bHaoeEuBbzF7GS,VIDEO,UD3HSA2dzVU0XFJExkrWT
_UQ_XyU4dwhqLGKGvK-47,VIDEO,J5ygdgLeLrmciJUzp8R0A
Cq_AmYcgnmGOYE-eqnSTM,VIDEO,Iy2c40tSOCxdBpIuSolZe
R4ucCbs1L89lvMx8hrkdj,VIDEO,d8opNIjQm1PHnRFTV6Wmi
h15qO8CMw0yO85YVKNMD9,VIDEO,IIIRmG2G5pRkc8wUq0nev
3Bzip0Q5eFj5RmJCRwEsS,VIDEO,D3Gct97XuP-kRoukYL92g
kEqJ2zKGXhY37kkt-MOAV,VIDEO,dAHPl3boQ_XwJJQICRGKl
RB-4XWnja7X0_4CeE8byu,VIDEO,5jIR-VReX1m7ismvjEiyk
1-HMMTrbTyTsz4Bhnqbph,VIDEO,UYM47ta1zFGOhik1oexGo
AdJYQj2jMUSb6Ei58Gh6V,VIDEO,8TqGGLl1f4J-PHisuiWL_
gR_MwBMX6ZqS4IljBAc9x,VIDEO,HeT_JTq-8z3Cqfys1uVjW
8hD_l4TyahDR85e4Z3vSw,VIDEO,p5V-LXHmPcuL7PyK5gTZF
nmuOgctWgNs5h6s4_RnLd,VIDEO,04XT2ATz-mxkT0HU3_kWk
XtVYzhhVonWtojXKXxlvE,VIDEO,rJBfVPzzYSGwfvHkPJVb0
S0kbK9ndS0DCxxcGO8gOO,VIDEO,Y0jzCCFZIId47MJ9vqKGv
pPF-tVAX9VLem6p-xhx5L,VIDEO,Npnav-3A3_jb0-EDFxHpV
OCsyESb22DaruwNVJWkhf,VIDEO,nIX3ORvwF6BmE9PYSTehR
kdfPcuFHQyiVEb56LYvGD,VIDEO,pSRy75O9fW6jt2T9g43pH
AXvKiSOfBxWzVu1rsv8uZ,VIDEO,fHGR_rqiOc1XYa-TicRWh
EtjzYeSeZ4Txa8keVC8Nr,VIDEO,Q-Monpsp9AWD3tNRe4pwF
LiyxAIMEk5gHnVEabSA3r,VIDEO,cqFkCdyA5QMRxbd66HM-n
a9Edo8DxKd457a1rFnhso,VIDEO,SD6_ovQsKpkf1U28XY1Sw
qnK5vHkDI_VdkQiLq4Zh3,VIDEO,bDDm_k06fl3XZpYWuUSMR
7dmXH-H_Kp6jPmRA1wn5Y,VIDEO,n5bAdYRnWV_d1-xCGuY9y
S8neKtOW8gZPQWjc5cAvi,VIDEO,wkucIESAmi-msnFPcouUe
aaAPt2SfWhGclyWsdy3J8,VIDEO,DVnjSHQkWqLIK5pCCmU60
yRJ5oRu2SAHJcFGQpxjJx,VIDEO,j06Yib0SFW0o-TTrM0pfs
o04gv7m2p3zVVNTGkCy7D,VIDEO,lZ29X4OHbIylorlfGFd8w
XBP6auQYTBEErvj7ctlfx,VIDEO,iqBsULlm3r6UUXQMeGjxz
tpum7a2s63xRdnthar6tX,VIDEO,BRwOUg86eBDgU1PUibjOT
J4yHGGcK5_fIC06ulqCN5,VIDEO,VdrcQVKkn8-LVtyTtcK67
WcyPsqBHyRhP8iYWOtdC4,VIDEO,ObqXBZGJ-jAS24dOY3RAi
eMncyKd8XkmUp7HNpihCx,VIDEO,jWCVMeswTAP5rcCWP3xCB
eUIYn6up9CfGzjQ-s0ytf,VIDEO,yAXGuCBq3X2aa1KwLmysb
wzhi0ktfuFerHDsOglMVr,VIDEO,gV9QrfW2c0NUa4y0bhmJC
HnW4z4YncA3ct0H-ZfzgH,VIDEO,bajJlMYOWmkFAKVNsfKfP
AXFGTz4-FgEWy0DA8kIan,VIDEO,d_oBNdkm2sB3qUjC98x1P
j0Qudt1eGuxRm5ZyQbChX,VIDEO,gKw7YqYv3cR4F0KpPEhPS
PAF2zBtUNIZVUPF_n9t_7,VIDEO,1bJeyrgZNSKtVHWDCPHV6
1WZPDl-dvRGnD7bPHdZpB,VIDEO,H6fo_xdUgIa6QtPZMd3pH
sbm3dOW8U_3MkseJVda6w,VIDEO,M8rXk4HyO__EGsGGT2v1r
T92tYCbYGK7YlQpL-ao3D,VIDEO,4OM0Pd3p4dXVlrsLCeQh6
KpK4IAMKeLsVL8fqM9jJM,VIDEO,dP2VJb_EOtE9J5kdrx_yz
BmAJUuB0iQxn4ftPUBD06,VIDEO,G9FTcbEws-7jlXUhXkFqy
t_WFtr8sbGFxjNPK26ypM,VIDEO,D1oloe5FqlisgXyW85AZg
FiE3XowjjqKSzlVc58qPT,VIDEO,hIkQvwU2hws2-krZ-D893
3y6P0-LeYNA1JQ7SXFaVv,VIDEO,cphnZNdauXsqyBV1peBoK
RVZ1dGrRkIFvs8EZtLsOj,VIDEO,rQqByPR9V3t4rSNs1Jpyn
WIixFriOTxXtgzrLCZDb7,VIDEO,i2i6ZHR0RsqVgEa9A9RkS
Jvj6T3aNcU89BSTcXJWtn,VIDEO,ki0bobTZ4CvPAC4gyha32
gdF2JVVLeB4Q-H-WZ2FQn,VIDEO,TQzkHI2JLQCdmbY4kZ5tO
LPaE4rFDEVKJayVQlpYgE,VIDEO,IyyqN3o-UxuHXBIACFobn
9twVT5o_pcwxDGuVb-IiW,VIDEO,5JDEups7bKWofEWxiuYi2
YJD3pbmosZ-2t9AlyYHm7,VIDEO,O00_CriBvwWP7yD2vldBK
4P0mAsvLEHwADHCmnNirQ,VIDEO,kuAotd4IpzTlnOuyhJFzu
8IwcQCFnj_wsA_t6PG1Bl,VIDEO,84h5IWItlx2o7ac0poY_T
lDiyNIhBwkQkN3Muxutzt,VIDEO,3RUa0gUozPuvBuiCUBD2o
9FY-VInkjYR4yIBdJx0dm,VIDEO,3ZuP0nUvUtbcyq8YsJQmY
_bC0KMHk5-T2JhiXat42T,VIDEO,DfxRAp0E3ci5Y7UT2WZDe
CRBCkW0Ub7L__GIVyOpIN,VIDEO,d2ATPnDPeseXlQMXXkP-t
mZ9lmOTrwBnqti10CLTv3,VIDEO,7vu17IQ33acmwPwYB-mou
n9DdIrvAlg9RgXnZQGvtd,VIDEO,mXp5Vk2EYwAFdvUFIC56B
MdKiSOtfyQ-NtTBccuOR8,VIDEO,akjv6rjgobQE6eUdjiSBu
euarTZtT5do7vByhWP9f_,VIDEO,OswFWaIiDqWqXdMuKrYav
Ao3rpRP4CHRYseHgUEWLD,VIDEO,ZphCAkS5wZ9MogHHcmtIU
IlgTJ6xzRgzfEQmZJKquh,VIDEO,oaAHJEsFQDXcafj2EmfO1
Rb-xFEFlPCfjO21AJNdjk,VIDEO,g_WcnMP0C26USC5Pzlu8i
ItcHfsvgY6E-LPCs1HjEQ,VIDEO,RB9-6ycdyfXelO1nu4Pp7
Hn5URIhi9MTtDQpDWEwnu,VIDEO,1RjHCP-DpszT0s25fMG3L
4ff4EUXjcNNNloWxdjOko,VIDEO,t_R88KBzmWgMNaGZY9m2l
f7bxKvyFv0ir25GRn7AwB,VIDEO,7iZGTb9_b1HlsZAs472AX
d87vs9yPTjFx1WdCjaIsc,VIDEO,LxDwL4-X6jP-ZkVa9gCRn
oaD4k-eEgbyrXNtbDZ3hj,VIDEO,fr730iX7uOdf-6EakniJ5
G9vb1mNqVODzlB3vGWL0I,VIDEO,r1Xk8bQsxguYWoPqOncAX
Znf1zHZJq1aKImktOwyl6,VIDEO,96wsAOwdh8vAcaRzgWPRt
8hy9r8pRkQJQKdPX988cE,VIDEO,MNtzs64qY7suyynx9wyWW
O8lS3ZuQzX1UkVOC4f7ce,VIDEO,Bx6fJ1qR4ZUYJHG8ielCI
-a5r5Ht5ExsYMbZEjYoMg,VIDEO,FAQ99jfOYMmoN9sVDU390
dlVrdiMei2ERPZnJ8Wo3a,VIDEO,k1EQvU0H0aNAhuqk6FPCe
4MvRT9sU5WSdWPwqjPZ4i,VIDEO,jzu26Jg5vf0yPvpe51x2g
WT3fBM9T9ku2LMkcjoj6t,VIDEO,nL90vM-yMCg4hiAxegaXU
v0jhtGJds2NqCaS9CLMUn,VIDEO,Z_T0QQ518ezom4EFWNAdP
_nXP21x3cAaFYeNla6FAq,VIDEO,aOhZFFm0zfJ4uNe9orEm_
B5N9kQEO0CWdGynnUCtq1,VIDEO,rEYGWdmYOO8gBH6w5DajC
7dYN23-YDkUeaeKrQsxfg,VIDEO,RNezimr9365YTfeLruqj4
WTJlWLsvhpEzWI2YrwmTw,VIDEO,Vjz8TYV2xa-1tnP1V8bZK
HMB9XKkfK-K9g42iawbw_,VIDEO,eNl6QtPmrnjLl1ko9HYL8
266AWjJzkyvvTWFHjNYWI,VIDEO,HDtB-P8rGwzb9-AwTTwUD
qiAPVTwE7gEcFfJ06SfJm,VIDEO,DRuBJd1GyFshlQi2HoEcD
_Patkw8qLSMbY1eSPmDee,VIDEO,WVpPs56aHzIdEMOrgKxzl
vfr9m8MFSp3OrHPsfHT61,VIDEO,ISIp9K7T2VHIdIrv3rpqn
fqH89pyiXp3zSsJ0LXmfe,VIDEO,PZz9oBy2xG4bjiHxKREgc
tGWQGXf3eT0CzUig9XOCa,VIDEO,PE8qHFCNg0co9fFP2v1jS
oBVfy8v7I1bEsPL9yAo-6,VIDEO,bMfJGJBZyrQXwpDBOeERa
gl_ACpX5nnF-vqX0-eXeh,VIDEO,0EuLvmGYMrrGV5X9FEyif
BM7w1fGzLBgjeGgGMMc-D,VIDEO,nOgSKD8DebSIBcacOOk1h
LLjDLBgHCzgvsdhz-k0wo,VIDEO,q-oOldpKumZV6B8jXAfLs
RbwO2sDPQ6yUSr7onTzvH,VIDEO,HkjN5BzCst7Ij2VUfixLU
fE6VICPqO3xZOQk3YT9W2,VIDEO,fA9TGhWJ6hzuxp-uMyCG5
SkrgfgnQm6hqBGKNgqNjH,VIDEO,i_9ughhiMZx6xg8CaoTCs
QfFB7CLl9GWpzXuKc_xy8,VIDEO,n9I9RHYmdgOYaGJeucYMN
SOFtdCfAskqiPuYr__xkA,VIDEO,IEFrkdRoZjusxgu63xpwT
ilmrivCxcacp-WBLJMLYB,VIDEO,SqC4l3DYeZkWfMMJpCYoG
xD3DNs5T23ClmpbU9hFNP,VIDEO,p90GXfIIOUAq5x1WAhCCd
LfJl9krVZ3A7qIC8ZD5p7,VIDEO,WA6D83nmEyIiJUj_uGgLp
0RCOKVVxr0usBiyncLsxi,VIDEO,mPwXyAKtkufrQE-0DNSCC
4ujjmz5xFxopkjBQxSb3A,VIDEO,Qmd4fRwqT6eGQpVBM0Ch4
VkFg8tYut6k76ahHZ0x4T,VIDEO,BhJSYDjLCYgZ6IVY1evyv
ZsSKsZzDJm3LbvxgdVU1H,VIDEO,aPAi1krpSIuI9LDqW2J-1
43cejOnu16o9uDrWnKLm3,VIDEO,Z_xYxVibcpJIgcmlPv6K-
5_GzeIvOXUE-UE1aEcU0H,VIDEO,tYJOk-8S7V9qV3qqeP9Qg
zABWzHuWX-Jbh_pjsGV3G,VIDEO,1rup8aasVZrWchyKQXHLI
jeFZCaduVpz_JMoeVKEan,VIDEO,6ajo2yvF1vqeH14l-61tk
S01LT5jH_sEibCQ9c9A19,VIDEO,ZDybrkbYx_IMY0rvJ9YSi
IsIBW6RLoLOWWRE2xw-Vs,VIDEO,RO1BAlrFHq7AZpiItWrJm
2ItI1JlQyJ8CP9Ix0PsnD,VIDEO,DM6TPYLBNy-HYflEHuttL
bZ8YYNzbUHSu9pacVRRkP,VIDEO,louNpRe8indX8b14Hhj_N
KoveEMRZSLkcvtCGYbcfw,VIDEO,ntX-B6Np3NOK474LensTu
rCflQbHL1YlYbDeLpugN4,VIDEO,5GNjRomFVALX82Uba_Rhg
4jFzBKoi5sUG5FnxiXTQi,VIDEO,roJJt9FBa2xsCfIZuCJd8
32aEB8s0v2oK1j5d4nS1T,VIDEO,Ns2i4aLKfIpBIAwIA3IxH
N7OEsbj2bTdm_a4Kj6Guf,VIDEO,6Qv8t0OLT5eEXg4-flhtw
4oSx3gt2jNp4N2YX8bKDh,VIDEO,T99lWOthcQjyJcUr65kg2
BbdFEH8lKccrqGpCtvFmr,VIDEO,YdEnsB2O_q7xff24yLNBE
VeBllv3doFArUbOmIhuvW,VIDEO,KXhyhFNiKRISt-21ABZQ-
STUIUPdSdB4Ah4AzILer9,VIDEO,2rfMd3v6s4cT0M_0mOX8M
_JzPNbe51OapT31E7aMvp,VIDEO,ZUUi1SweMItk39OEXn6fR
NXF37QfGS7qyZIRTGIyMB,VIDEO,88mOe65Fz6aTRcQBp28GA
NO4AEGCvxR6CwLvOrKtH8,VIDEO,2vP_aP2U65kuQdB8okNoF
3b-OSd_mAhAHaw4Xxzoei,VIDEO,UH65xVhHbpT8XbSTcn3S5
HU9iPJwKYfLOPXQjJ5CAf,VIDEO,ilhdosPYrcmwiVrMEJmHH
L81o5QjQtU5y-nUtDByMx,VIDEO,8YUvUa4Yq80UlcXmX455T
fnCNPmCt1v5uV45BvgDuE,VIDEO,oO4vICzPnvl3HkH2uaKmX
BdjSo70vztlLMB5zopocW,VIDEO,3rS9u_w3z_386crwKtotU
9X5J-fTJytwZMzKOItSMc,VIDEO,yGmRxhQlE5Rs3a7HRbHKQ
yxE-Ex-gjRgBY86tMuB9_,VIDEO,kkOkBKzbXKSOHgJHeP6f0
AOLMfj4pB8IYw1hYe-bdg,VIDEO,mbMFRbE_LEh2Lt3ScRkxe
hcY4FAoeHuhBCKdpBexBF,VIDEO,Q66JFJgnzZ1FRfHSEJVoT
W1J09thcrzGqD39IQqrRv,VIDEO,067siX-S0KieWQDRDh-5A
WJEsrytAuESxXydjPcruv,VIDEO,X1cNo28ZZRfMlZAkwedqu
LlNPMNJSq1d41ISi0TTsr,VIDEO,vrpKCFdgB7uL0IqnbcRqf
v3ssg6PwB8v3mndg47WFl,VIDEO,UUOSvFpKzlkoOK0orp8eK
ObwYDBpUbZP2Ooa9ptgI8,VIDEO,yD5NL4OGaE1c0K__i3EN1
VwRnWuEcmeJ6gxB-a6_Xs,VIDEO,c5BhRU2As0fF2RbWC3lBZ
o6kU0b22035xoPD6Be5Gu,VIDEO,mfsXC52iQQsqd0nbKPnOx
Fvjt2X3vtMiswgiKac8Y5,VIDEO,cgMveay2CQJZU2QNgwZIh
LQp1-9eED2KLl9g6RMIVl,VIDEO,xLitFWA5_9nks6UyspXfS
RpH8mO4UOV4NkwlR0fdTC,VIDEO,Peo5DzFEn9RBZaBOAHnip
LDo1SiCXzq5jhOGVy1KDK,VIDEO,iZkJW_RDD01SzlmvDoSuj
hzoutBCkc5KKCzi6-NLrk,VIDEO,B2GyDNotHMXWz-Ygn9dta
p-KxjduuNTtJT0nhEUfPk,VIDEO,K4ILokrJP48vpAlN-HB44
6Dr4sut25ORY5gLkgJ8vF,VIDEO,p-oemeeI8vWF5X6QxQ_gQ
-krk-Ynya3V0pbcTg6PCn,VIDEO,EDwCc6nbIreex2m1HA8S-
_fBcriMoct-yDBdgDdKp1,VIDEO,VO3qVSHpKMtJ32OW8jLJK
yY9ls71xSNv_IRwnmBMx1,VIDEO,jp-G-JC9yq6tzdKpIRtdU
IETAuaA9y0OCf0xBCiERE,VIDEO,z_KEqCrkXjA8GCm8mGa_5
dkywEDrqrG134GL-QefvC,VIDEO,nA1pAjJC1Z7tEoFfY0HHa
fuPdU-CImniicbIY8X6jj,VIDEO,H7EH8GhwQxBZbXjWWD-gb
O0sVFliUPlwqI29zLRRzJ,VIDEO,8bxptahxHOZDW57l9404V
2EcbWYqUOY7GvEuCXPTeS,VIDEO,tyevvLf8VfqVTCNBXMTfZ
JVenTbiLbz8kqr5zbknm_,VIDEO,Ete8GiyqOcQfUIgXf5pdh
_inkZPA4yt8lcRg0Rnsgl,VIDEO,tdxcXVK5FU8gOtDlVhVmo
78-RR4-FUoFD9la7l9thz,VIDEO,7J_6LAqcvvNOu2fXrcWCn
-CIk_i4unZG8NMEb-zrMa,VIDEO,-8uUxNcHjiaMrJxS92x78
YFZHmtWI8hj9sj6GG4NAs,VIDEO,w_70tI4Re6oI6jNnPXo-2
HKIh2DpmX7LzVVVxzxe3Q,VIDEO,jCS-U0nM2JuVQJpat2K2d
OfE--Rr5OOhAv9zlwD8x2,VIDEO,emUxwyRnTPVg2udmzIAD3
cgTW26pNZl2o9OVdOhXq0,VIDEO,tfo13yZsEj4unqgzzM2ZD
9PuQeJChmgEa1Gfmg4D6Z,VIDEO,VTyXlxWHg0Tfc-BG9SWoG
a5zZ70By_jqbqsHPjBWco,VIDEO,1RxWqN2Lvsh-b5YSn2iEJ
OC4x6zvG0a_2wk2MWd8qn,VIDEO,2fK_l8KcpUa8P4pHg1vt5
XcoH8gpAzS3uOg0NnMTd9,VIDEO,WkHGqza1TBgAPWjo3gBQq
JH2IXoVDlM5b7NH2iGxJ7,VIDEO,PQfPZcEBBCE-EC8UuBpbA
1xRKj6S3P_wLHbmPn0hA-,VIDEO,8rHh_T1xN8p6HdHgYFRka
1ixVR9BiRtYKxXtj1v49X,VIDEO,gA_m8IWXKy3s5jGJ_kb9i
8jidLsUlW--7pQYKCmPOt,VIDEO,26ljfPIZK9zG2o_9j4AoV
Z_cGbTDff--YX4IWyYvML,VIDEO,zh4kS26Y2Kp1gd9uScMz0
HodVdyDBj3Lf_d7q0i5GV,VIDEO,MWtsxDYlSAoTMDKzlIstg
A8c3W93ezbC0K8-fY0Qv6,VIDEO,OJZcUgaJgM6hotExKaFSE
kURDq-RdDTnEwhJvSzIKA,VIDEO,_vP4AvvbxJuGxhY6oIO4g
WImcSBV3ab9Z1RbXhqqlt,VIDEO,4IYTqhBRkT1xmLdeTJW_1
8_Yjj7Obkd5d5OHq5Ctdg,VIDEO,huATRTGrCSFhHRPiWdZoS
orkgVh6UQ8AlztY5tfQRf,VIDEO,zWjI7110XfUZt5zn7wUpp
6kSZRteo5oDcbCF80Ku6j,VIDEO,adb5KhRec3a0v-QVnHu0-
YdQ7ZWxb86WnzO3fBRpmF,VIDEO,FftedX4FpL_fhZL4jw0Pd
R3DR-EmE2p7SwYq9qsKUO,VIDEO,xWcdXEAKWD3oIqzDn5oyR
Wo2SyeI3PiewPa-OEWGLM,VIDEO,D7LpIAWErXLSpPzmHhN0c
BFVFQw_XOj3PzgnLxLBW1,VIDEO,vC_xbJZyaBeMONr76IuOH
OPutnASWuk3HfxERATSNP,VIDEO,VjgFoEwYhMBpa6SeS5K1d
iLAh_IVsdxxbuOpGK_-Kr,VIDEO,Vje2R9JKa1jmdajCnvats
BV_WBljDtfqakRYnGR7b6,VIDEO,oZ5vY1NrBeErlzH0wIeB1
M1ZR438b-_c4YIRatjD7m,VIDEO,V_qjQjWymSYSAcxLOYtm6
_t4_hndF9ez4upJi9kruQ,VIDEO,VFQlgATXa56S0nSvIHP0o
FwIhUm5RwWOFVg6NtXvfT,VIDEO,24uJac3oUgcvAT4TuszEF
edii6ayEkGr4G__MJVVLd,VIDEO,Mixatfk2D15XpMbboIfkh
m0ug5Ol5wDFwS3dnv3ltZ,VIDEO,1X2hbr2VYTln_ADuXvJmy
3qSb05GisNxRTbFF9zyYO,VIDEO,JUPFjG-gn93FTcu8IM_QY
ql5MmeNRz8qXivo8lw3Q5,VIDEO,_56gTrA9mqSo-UDkBMkAN
B2KELChDtnINGhpryD8EH,VIDEO,80ey3j7d6zx2q3_P4nY8-
f9w6rTUhqkTfkwgO4XAzv,VIDEO,3zcwiF1OQVEcFRwkijAeh
NvhqIFmrNGnCDx8H6w4xQ,VIDEO,9FOuMdFG9avauoo7I4I6l
PT0Fe9v_Baqgg45xwrPEK,VIDEO,3SZfYAFHkrXTNUkKBeD-Y
Ksng2t4DZf7afJtmAY0NJ,VIDEO,XNC07evHsVGOWkWP7kH2v
inh8hc1B4XjGYGPJhnBzm,VIDEO,1Fbt9iP53lSsrsGeRLuWl
MdxFpFYuViTsqqA5_nx77,VIDEO,TmsRUUNFApA1IBQla9_P5
w-NrabRvyOziQcOD6RkGN,VIDEO,ikKAdMLfvonDCj0lQmzwx
XyZJ6uTcPterhHfgrV7PU,VIDEO,6Wk4-qdwyqB2azoZo9SA4
o1GFMOZzp1rjBi86UGAZT,VIDEO,YWMq3gHoYahGyn2r59llk
zPXelbq1BBwDnMC87sfj9,VIDEO,PwgVr1AEGT7aAc6f_dcDO
cFR1Ctj7QxrtRxUGf_UNC,VIDEO,CL1rarHOL0_Jn-zVUMwpM
TZAcqe5bqvhhDB42VI_3W,VIDEO,PCKI5Ds5xieJSR5azU52t
NEPCVXxupq7tvsEwhNW77,VIDEO,FMLlm-kq8IaagyZ4wL_Q1
feT1SFE8etQHQItCF6CnL,VIDEO,m3b0f3eG7m8c6xByiUAbO
KSuSuzI0DBVetO9xvWSni,VIDEO,9a9-07aFGniTxOh3DAEfp
-hOvlYuQSlj9mOJCfrGXJ,VIDEO,dsL0nCeXKSvrSEQ0i52p4
5dAivYc0HhlJrFPkgq3dH,VIDEO,zxUO0-TV5RH5Jh0ntVRF3
8AF_R7NMrd_jGTlDkvg1L,VIDEO,pRMAwXnhX8q_WC0rARghl
IQ1jrDTfn0xX7dzAj_OUU,VIDEO,9lTfsSCLq6I-PmijvW40b
fedFUrD7mfZsP_qPWJPlK,VIDEO,ho-V0QUX6XStdI621eivR
3vGu2H35h4kAc07QRg0fI,VIDEO,oVIi8K5f9wtnQn25dYGLM
qiaVQMefLTdrd9BMCeFbz,VIDEO,3HiAek874LmLV-oKaHSrd
V-lvHsyLcqRed81g0_lKw,VIDEO,a07M0kYzk4xyQ7lCEpbda
LLFLw-sgnyYano-2KgHJO,VIDEO,B5IOYPgNLdStZurXvWvDb
V3gBCgocGZS3UgbGEIq7K,VIDEO,aPvsAqQSLzJPRZvZzHYc6
_-UQjmUczmZAFcTZ_BKM9,VIDEO,de2CgwuybPGx7cWyzfeNA
ZslorvkRFf-l71wSXpwpB,VIDEO,Fexk6PBbpYvo2sUCL1VjS
9YjcJna125nrOJiiNzNwL,VIDEO,F9LT2F9YJYeV9Ghk6Ii46
jboe4EUpnLvy-Czv7NFzI,VIDEO,U0Lh_jyqV_HP1Ei3ge7e7
HT_IDf0wFJOaFe4RwS--D,VIDEO,rpMMX8MeXSehLlOUkNXb1
a33xi0dURgPZBRzzFCplI,VIDEO,cVcWCxxg4F30wOdckE-2j
7AoOLyJL0rx9MykHyx7K4,VIDEO,RUpuXeNoX_lSUXw1tP47t
_l6F9ARdf1OKYYoV-1edv,VIDEO,DL5iH8awGNKlFtNyugBBN
KqZ4XR6eCSJdOTk16_KVa,VIDEO,w-RfLqnKAJntf726OywdX
l1kuplvJpuu_HeIlQBu9S,VIDEO,wloaCxL3id4th7lGcznRI
obY4GmlvvYPMpvL4I7r5F,VIDEO,ioWtxEaoGlWAgeULb5-ju
6QfGlDloDFwW8TCE2b4iZ,VIDEO,UtW31XyLh-Ba5UFIYuspi
fTClOMmxeJpvtGz6TvCqH,VIDEO,NyoopctjzaF6IQCEqOiWA
LmutzPrREyc3x5dCQOx_N,VIDEO,BGFeVgdBr9X-6A1km2qqP
caA_Qa-gP9Vkj3PSdXg2m,VIDEO,8YWcAT0VL_IY5DQ5jzHa7
aCcSbZpMn90_VTbIBKWXj,VIDEO,RBiihC1anpn2wwkBq1yEG
59JKG2L0TVLPnbZMPYdCA,VIDEO,4wPtOWPNRuLHQe-tnb-0T
LOwDsyjPZkbCAN3oylGEB,VIDEO,UOW3IUESW4IftN_I0pada
eWyo139h2XCRFUPXQsooG,VIDEO,LRM5QTK8znRhwYEIo8Q5p
Ee2YnlI83Q0s85E6x_0nS,VIDEO,olML2iqSAd2Wu5NHzLCvd
Bq7D0Ym3pqqE0l7n6SpR-,VIDEO,_BwMMGMhVcDSzwUkPk0R-
IMQj50pup-KmF-nTqeSSR,VIDEO,XLu3vD784PT12HgNKXIr0
_Qf_FesDtxeTnhELfe322,VIDEO,yD3egvb44lUZ0INmWe7Uw
WI8pqe5h1giE7fvcYy_bU,VIDEO,g6bvawAk4BXqd34vmVoDD
pgff-VDG8sIub6fkv3una,VIDEO,bYYhzlAcfLEBFVwjMpLfb
tBemGBVMGsLHx970v4ozF,VIDEO,agX34UIp6CtcnplAxRiYa
a-spPMrpsCfZi3bPcmK2Z,VIDEO,qqRWl1EGvZLWbp99SzJYP
AbOrHZm5kwAMk9P0155C3,VIDEO,dzFZxj2dUX7D7DcdSF-h9
0t8C0mc7y5Lq014YMz-Ja,VIDEO,9DLICrt-lFsuVgGoNvtPU
7U10ej160tWIhSx64xAOC,VIDEO,lkYhZU4SOtMF-AWb1Tevh
eBmKKyZrPAKj7SWduHBUu,VIDEO,CmkPpHi4BQpIXktg4Ko9X
r88JkD-owVUYVpVXbsX4y,VIDEO,4a0vF1lo8TVDh0dzdNclK
PTQZcBcEu_xxA0y2NDLXN,VIDEO,ff0pCK3i7IWvN387wTGou
gsc5A9VkR6APbB3YaJi-n,VIDEO,mOpgoz0Mi_iHO4o6U1Z_A
y-aRaZCuCxWEcTDRvOIQK,VIDEO,G4Op4Arvh8V90sC4T1sKx
LjXj7IIzpCMbs5w_YeA2K,VIDEO,gKrOjWHb5ZQVZiqQWzhKg
09HZZF_7aWIGUozVzk6IG,VIDEO,3EIP_3hmZM3GD4GD9649L
ybsV1fzV3Rsp_VZZPAFHj,VIDEO,TCqRSrcwKlY6fZWFYeibK
Kp-j6tGNadMkUSoowo_EO,VIDEO,9_B3b86y5hgqSk5z4NbDN
ClqdO79hZ9-ZQdRZubhqW,VIDEO,NnCMP1tIc00iUmmuSS7Tw
D_mlITHDqs5Y-lf95URhX,VIDEO,ZNXSdxcIjpGiZK01StuMm
XAAeARRzFoRdUF1L1Ty2t,VIDEO,xCZzaYwfyquHIUZwQIrVf
5RrHLEF_sD5gjg3KuDtSV,VIDEO,isAhMhcJ-Rg3YhVXdZUbR
3Kidzah33bt7jKMj9d8CB,VIDEO,qm4XsuDizP4ZZG7wuiBnS
BHxKwttSCcm1ZH9TjuO6a,VIDEO,HXBWJ86_oc8BB2d40pgoJ
7Qo3Bs_1Fpw8PAY8zS31s,VIDEO,DAvOTmv68xuliG4yOYh1C
SpPH2NbY8W6bJxAG88alF,VIDEO,-DMh2vBpYYkQYinGMoJdF
twFYSl3Uefoo0Uh0dtZQy,VIDEO,pFikjnxQPiX-YOwQVFo-7
8JU39rDByGmdsb18Oryjr,VIDEO,shwKZIMMVtABcWK3DCqEK
kNvJKPYnIauqbZRrtlW6g,VIDEO,NFwsu7R25MIhAe0XWbS6r
pRtDMv3ofVA10etadzQs9,VIDEO,rLNuK7TqMjoMI2BR8YN1P
ak3ucNDScDREKQBiLKK_D,VIDEO,4uLVPcQTztWpD4UVLNX_H
BLXmZ01I2M4ZbKoCbN3-O,VIDEO,t_o0Uiptc574cwuxr8vnS
7rfPeenIWBxR0N0kURIxw,VIDEO,3U-G-x2b8JYvSnQzzhqXj
-rt5CkliLF85KLJPVNMQQ,VIDEO,PzG_gyj7W_69QWewZA2Oe
1_ZAoGQ3rIibift2MAGeU,VIDEO,J297HsqMe2XjWHWyjrb62
7ZCOCJyTWLPL7WE4lH__X,VIDEO,ZgP_zv_3gGs7IZljkQ7fj
GBI7arl0bCNBnl8lk274d,VIDEO,fXkmQo899D7j0TxFvT_JG
UVnMigXWBxcrW7kciYvso,VIDEO,9Bl0feJICegbJ3gP312TD
ySlem7eO3XdOKZ-kZeigV,VIDEO,qX5_XVqsL_6I3q_DNCa2I
XezEy_jedMLtFb-xsZSOE,VIDEO,rFCUWBFhLdjw25b5g84Dk
AebSJjVWjpKAEfy0qVJEY,VIDEO,XKRfVrbMIeVU5ePEyVIMl
-0cVajotjAkZaJKCb1iCf,VIDEO,QQsNNnVcLznJD4O8LkDCA
UewP4VhrdihXzQaA5iHvg,VIDEO,ZxjRPcHrc5-s1TXlpAGn8
onLtXcYUeD8tcmS1znhFM,VIDEO,5v2sDltDSUXovqFuTTG7T
74IZDoPMxgP-38YhHOXLj,VIDEO,RBYleGL5vQ19pVOaFUEME
YREFGcehDPdfql91PF_TD,VIDEO,JF1qKsahxpUodWE0wqPGd
Ya8WLeagpGl79pmuZmlrL,VIDEO,LzB9FdeXYaUpJFeMSB57R
zylTpFnrQm10Cd6ogMo4g,VIDEO,VL0FBlJ26PsgqbWlTi2Rn
-7txuJLUeHfYdQARd2h4D,VIDEO,FgVE1xy-S2znNwallWO-2
gfQBz6lX2yD-4AS0-vZXO,VIDEO,vdnlavEuHbq5Gu2n7ulR9
V7pi7wMidra75Kkt8AiRp,VIDEO,0-qYuYg01AjJrWAdzH0Zn
5qJ1eQHwLt0ZQiBUTOOEQ,VIDEO,04qHrnXLb8LFz9e76LHMW
DtDBMn4LocgSFAgIm7igx,VIDEO,IA5SKTDOzkP1iLGM_ygLz
m00TBp4qiYQdKQAwQpeZE,VIDEO,bgzwr1I5C5cHVi16HFaSD
4lG3KxBj0gaMaBezO-e4z,VIDEO,nMtR9DrId6K_oS4nekS1M
ofJhcVIQug7sN_VkVSZF1,VIDEO,Cs7J8kiJ_7IU3VvPlyBJ9
OsRnNgpq1mhn04lGuD3ga,VIDEO,OTOmOZHgXUzE-tbuy71HX
5NVIgDN13SGJ4EOXeQGB_,VIDEO,d45jYvaR-C8ib4BkbRENi
4FSLS2yStVoBjeOljy76T,VIDEO,R3oYnmRi4CbWXIuhgP_Db
EbQmhswzv0bYra0b43vnP,VIDEO,obaMS6ojOQzGgWerDDX_D
rZJUe6u79frYoCCkiNv_f,VIDEO,kmAuwJjm27-rB3aQd1FA-
ilVWHHnoUROEeGimx3LYZ,VIDEO,F62vfIHJyT0O7sbcj6OW4
3daYttXLeWF2-wiBuAj5i,VIDEO,qaJ9Dvr5mtwFnB1PsSCMd
0kUchOD0QvLkBqpvScXFW,VIDEO,h6kkfFQiPfYBkBXvakN8W
SYMO31N335wCU3mHCi-qA,VIDEO,5SDY4Uqpy4yK_NpRBZgpa
nVGqvIcXmN01p_V3uSwk0,VIDEO,Ciw4vhVAlcqPKqDfKqOHy
kL9yPejxJHOiBFOEA2Fo6,VIDEO,9_3Bi2pTTSqaFTeSkjqfJ
_dC4T8WybS1hVoTiiZ3lT,VIDEO,P_eMTLMxtReBoBIGEEyYf
xK3JFSSBUIaRqucC4kYYb,VIDEO,tcrDtLkFCF539mfImmcjZ
CwWwjT7wzn0UoYrwxlPrc,VIDEO,qF8-GHyaDhaE9f_um45SE
Ts8XkC3z-OWLHNCNUJjEx,VIDEO,me7cOBwd8gNwEc6OQN1Fr
gEHNdoohJox51F9Rtg_35,VIDEO,0hXQezWo4YAcbeI0_Uida
8XH3C1fxL4-550TlHmJ57,VIDEO,dH6h3duTHJVgmsiGZ-ils
zIFCFDnxvzLojwTVoprOT,VIDEO,eM2P-1Zadh6hg-mMof5p8
OBudvHLVhroP65JXM9PIc,VIDEO,yIXwa4vRFgya9obg1Lk1U
o6uMq_HLq2nVpBVvNi2gz,VIDEO,NRHkOf4HYPdSUDB53TRwO
59WiOHEfK4a_K2o9wOkNB,VIDEO,1i3ILSxXrgTfJ8cLS5t8T
KUswblyuZT2i2jYlgv-5n,VIDEO,Ezs4sPnzQP9C9aFWVUYCy
0aKJGYIoiEbeNPsGi-HJo,VIDEO,bbmjey9nUWi3MuIAQ0W1F
VJkd_7awbc4TQxn6aHDLP,VIDEO,mUc4WfIj4hZFwBZuOTLBq
Am4GmcKZAwOWiyJZsb9cr,VIDEO,U0frc72qpOYQr-EGD68U-
tGqNhnqEO04Fj_idI53o9,VIDEO,IxAPkK9EyO3ezL1qvRu4c
tE6z7lEJLlBi5NvN-TjVR,VIDEO,dsaeKtJWUkVQl7HuAcSj6
DrjuLb-UgitruT2tKsZ3T,VIDEO,dOy2EOJYDemio7shdla4H
FFismhQIxqwu7Vkdqvp-W,VIDEO,Doll8oga-YPRCBDt71-Wb
RLKfSN3-ECQUjiXTCrNWC,VIDEO,b4T7U13w8mZoriz0zstgi
NZ7UKP-Ss7gUY4lhpfK8C,VIDEO,xxSUCQx-tyBM6t0LdiNUi
zpRhKvbn4-WUzyiuCqY7a,VIDEO,W1b8aVuEmcZH0du5dY3xE
X7wppizYqZfuHZ6BtLHnu,VIDEO,a--W_eeEH0Avlk2WMiYkb
PhNmKVZBjH5jjbWdQDogk,VIDEO,e2Dz-N4kEu3DF157ZopIQ
YL5kjrg7wEsRW3RnaSRq9,VIDEO,S9pegPizQdIDBCVwxE8Ox
Bc0znjfau2ML9kX_5pb8I,VIDEO,5dtEV6Wqf798dm9fcA4zu
sqpNOwLXyIe7H5csv3Vw-,VIDEO,VSmdIAX95DuZoPUN8r_PX
7MSnSXWlIxC_wQ4ulM9j-,VIDEO,6CjQRmBPP8SgXmUHlKZBU
ZKhtrtBcHcansRztByeQ0,VIDEO,FfAI7uCzJFdYMkBnGp0UW
JVqn6BxwlWhY2dmZVPcHs,VIDEO,YhAqIoK2Ur8FIaJvTca_l
jqmCoVHmIE-R4jMOPhvLb,VIDEO,e4rtuGhuqzDHEz47NSXzQ
J5QO55wob5y6QX1UK2ROf,VIDEO,KFtTzrGE0wSvzXVAfP1fA
DnWoQPNNGqDIeKlr9dbDy,VIDEO,P__cPALX9GuS-tvr5Wuck
Z0IFaurq0xNEX0mIwVMBx,VIDEO,Cm8RLXnRyRNzeJ5qbxCtF
L_k_9PObG08xcq1qJ22Sd,VIDEO,7p5pOWQ_SuCBQ87HaP9B8
rN-SyAjNhgHyTA8Fn_qFY,VIDEO,9KOIkk_dMG59TetCn-1XY
4LAMOtYtdEDu5jaMVgZB_,VIDEO,caW3V5uPkfGZpWdcCA-PQ
TVJnPOdEE_ecT8gJCuss9,VIDEO,ye9LnWdCLejJ0okz1oSwi
uaorqRJD2eSbes6YBaz18,VIDEO,gtey8Yc6H8vGK9-0T3q8o
QB1qD5j26D4qkAuIb0l0w,VIDEO,eF7D4XbURWzHpXhdGzqHE
7BI-d35oggDOT0TFzDKq7,VIDEO,0OKCSR9QfRHho67iEJwtp
v3VEn6T9groTNzM07EoD0,VIDEO,VTn0Zu5PyKUIOW00u6ECH
qlZzeJhI5So7IQE_WUm3k,VIDEO,2_JAChbKkims908VJr_uV
UA-J0X-w3369Gq-BgBlfJ,VIDEO,vfXCJtrlfPxasL6ViHOU2
UjbV5gFsjAOnm0BLuqtTf,VIDEO,LwCn2QKK7px7sVRIFNnHD
gfV0mXjzRvq2yeOY4X6CG,VIDEO,7SFl7A75UX2LX7PCrxwcr
tj-5_gzbaRs-k9JZDQuiJ,VIDEO,TGl1bDUUv7yx2ekCCEjRo
pEpNm0cgo2H5tib6_CZJs,VIDEO,doDD8lFh6lnMnLFPFGiGd
Ax9_k3IImjX_hMQjS-Nt9,VIDEO,bjLTk0a0lh49i2YY0KjtC
uDgDpB9V44YENbzvlabOd,VIDEO,5pJmXLELv9UIP6DkGIvom
jctaLG33dvwq7-Rp8z0fj,VIDEO,WjV8A6YVk3bVU8pKVcWKe
za7lU8T8m6yuj6Z1umjDP,VIDEO,CI06R0PjPDomTDrSnOL1h
UKkpRDCSjmcDA0Zdk8vzS,VIDEO,4BcSjgOB5wrlMW9QYRRsS
sKrQTTRl6_41-h_D3Am0K,VIDEO,T9z9NtKs4h4mJZBIADexr
P80QAZf_Pr0lDWdXZfFL9,VIDEO,GvKAVp0GSjBFThCOkAQor
zgfoS1jrZ_5O7XHeJYB98,VIDEO,tui0EKHuLtxGp1haJ5QhY
lgfMyjolV9cE0Tf6W7vNb,VIDEO,xyhzFsgOsJTdmeNlXOg8f
DPvV5wQRMqUo7PJpHcUQW,VIDEO,Ig4sXfbP6mZb3jClwodpp
ocRoGJ50IIJb6oowvFkFy,VIDEO,_SDVWNiH_6v4LDfZFplYE
GPOhREfgm-10Rk19YWEkL,VIDEO,6uJFam1CyXGC8M7EeZRKP
Vxb4xTwSns8GzUAxCNqFL,VIDEO,VO1EUTHGzs0KA5cMGKXPS
LqgkCvLB0iAw0gPzBgQdM,VIDEO,mEnDVf9ImEnDxDa-ZYuXV
Qq03OMTj7PQpNyIhg2tM1,VIDEO,5TIbHKLiPHZYYfW-uLWoE
mKZQb2wNETbn4GdsF0fW-,VIDEO,l8Et9UNWOYxmMoJ-_M7N3
eAX7gJQ2fCl_nOlhAD6Fn,VIDEO,qo2aHvKcRV6U2yjdNXCbN
GkkCLYHcPOdcuPSYs5_j4,VIDEO,s5OwCzzlgILa7b5DKVl1w
ZFjTyk-k1l1Ay6uZYdPWD,VIDEO,-eKrqZbjoo21D6LN4LPzm
v_JBkQULnXCRHoFLKDtS4,VIDEO,leUGBYZQ1_3i26B5aJMcZ
2ZitVeA9Mu0DRgUoVqqEv,VIDEO,51zq1M-Xbp5DO8TYn-A9g
RkKfH0JkkCtzvtT5YQywK,VIDEO,pgNuvYz-EY-k2T9iJm2zw
Kf72ADCm-gsAaVXGhH5n5,VIDEO,jltfHaH_KQY9Bwopu8S2b
Ss3TitKXdF2whQqbfl7q4,VIDEO,jXdwMo8ukpjEFZg5WhNE-
aUS5ZO8j9pFFpmcWaikqg,VIDEO,9HYlGa5lGH9rRc-sMMAgS
9Q9zWo7SGnxNgxpL-IzsY,VIDEO,Qc9XaPBQK7MZtEf7KkOMj
-Uzmpm5w3BH_X4BDgd9J9,VIDEO,UEmLFxaC4WVh2F2psCDWT
IxbaQm3y7_MWJXnIEU5lx,VIDEO,23sIze5xa8S5aewSGkiws
EawYUFZQHtuuYxubX-tVw,VIDEO,1Lr3DWc9rfOTC0JAZiXTP
NlWEWWn57j8zIN1xp6u3u,VIDEO,qayHRZOWndnsOOt8JUJlK
J2jrY86RNL-MlxSNCdAll,VIDEO,-CtElXK--E81ZPURJiOy5
SBJqKYtDzEXsMB2P-C7e_,VIDEO,qLjZRYUzoX_4nOPvOaoPH
khd8i-7UX97U2o21R_8ol,VIDEO,wQ22FrZiST6EIFXgoHFKg
VgKHAIPWVo3IPtGdRpV-0,VIDEO,lW4LMVyo9hdENNka8rzup
7EICTej0T6PM-pDG1aJwi,VIDEO,tPX9-C8zsuNE96fqGPBp0
EWLQuw1uaFrdCebdgS9BD,VIDEO,C0WIiZCe7M3AOM56VeA2h
NY6DZFSAFI3hI8qM7MyEY,VIDEO,nvDDvipCQ2PobPmsIbuSW
e38DPocTcoZSkW5Gl1fCd,VIDEO,xs9zNM2Lo-tzsIwdDonQO
CT82-_SXyvq1sXiNvMnKc,VIDEO,itT0NRAImDibAt7pKozlk
FqlCqZSQHGe8YPe9q9jVl,VIDEO,kvjpcIttiOfbNBugvIza8
cGRYeCPtCwh_XO1N_Zk1R,VIDEO,8IB8GOSwunxiNyxyl4NdN
VkgRUNsCoTiz5olpd_vw3,VIDEO,03b1KpB1lrvXyLWNDI45x
E27-sneRaJ7zz5p3sWFUN,VIDEO,CiBtbTfMkTvAqwWc0JDxr
0BefLT8IdScnIjzV3SicO,VIDEO,_ZFjYHXOTXBTN5c4zOVi1
bcEZbNXdri4HyydCB5Yc4,VIDEO,MXBRjFmTzLx31kGgl1yL5
63k9NGR9O9PXnfHONs3Pj,VIDEO,cAY7qZe4lVjgcJGu69aRG
3jvUhg1rid5RJ_3z7_SZ8,VIDEO,TytLzQpTHsWOU21xnKHmS
8UlkbpyMTAcdX3RUPq_D9,VIDEO,ltkNQeTMMzWZAxk-KCs4J
are4GnUy7wK1Hk5kjUWQR,VIDEO,uxZSfrIGgufKZVPt8w8XO
mGwtKvngAy96NqcSt0fFy,VIDEO,UAKMhHfI8r_E9raMgHv0I
tnN3lBvenZYwOviXn5ZgG,VIDEO,2l17CymwONA3oVjUwHUGO
BAscbYd_ZzMQY8kUSJzI_,VIDEO,Fln7MqAGmLDuVm8A6WCjx
Q01YAADAFoEGs9XCHxqrX,VIDEO,8EfnZbtIel7bdDGFLjQLv
DlJB9GgN4IrzsgZjsTtyM,VIDEO,Jj8YzY-m4SqEW13nXwHMA
xhP0-WI-zS6Y-iBCp4Kc6,VIDEO,0BkPlCkzTACk6nOjLu_b9
3pFHSKBT-yDDnRhHRMgXr,VIDEO,yt9uoTimkV3KISBQKyM_j
Gv-lCr7z8obDBFPL7XVk8,VIDEO,aGw98tDJ0AVACI1x_3q9A
c6LOIXLj6seTv1kHQWFj4,VIDEO,QKXtdjZVkjR0QwWT9Facf
WYpGCg2rx8re_j3mXsoRj,VIDEO,vZ_ovGum11LzJpTyATYkg
giYULSV7QbaDN1MXozSd8,VIDEO,wfeh70mSl_0LYr5GrV3Tn
kEEchmJYngkrnHX0aw7sv,VIDEO,tKTiNMhG8U3unWq5udnJI
2K5oGZwpOsoABVBxGc1nq,VIDEO,UcLPIN9nXRy65KcBieTrx
7uSEtpmlKUy8ESHtKO9NF,VIDEO,iLahHX_Y3UPMBajKrigmL
RXHih5hqb3lDvH3wmjw7V,VIDEO,oF5PGsI0DQhYJGZxsuRU3
nhBddQat4MfDgXxFVkZ6a,VIDEO,seIaRyNUJqJo_5DF0xgtQ
phaZ9DpvtCc56GjYVL0lH,VIDEO,Neaf3n1o0WODB_NcpIc3L
-a185oskwacKiT3LzsGjj,VIDEO,8MmOGl9WtqIxCThnXuGhR
4rFpheVP7_IyO4GRwgUT_,VIDEO,xpf7Ewi4-85WfA7FJWdj_
Bo3symPdORRswgWtwaVQ-,VIDEO,znc6pljHrqLGF0ElTaUwk
qGuM1djjtgnN8nBwmCmXP,VIDEO,YqtBwMIJqfvr8XaIK7ZPp
QcKUQ4LcxZt08KX4R4BuE,VIDEO,lvzcuzKcUoNHvHP8GhhhA
0TqwKV5SlUKiRAXueoSR6,VIDEO,EyuEYsO3NeNcEmFmON1Dl
KGRvW12JWI8oVkT624EKb,VIDEO,AGHqsIXsNT7zmR--zlsqe
Jw3WeoUn1zy7p5wAre0tn,VIDEO,saDI2Sud3uUghsKT0hm48
a204CjoQdLv8p6MkdX9-Y,VIDEO,ZzpI01XP2fJ1n9cl3xGfe
YDHNTJz7P1AhR01uF-R_l,VIDEO,FgNdOJfSu1rZD32VjSwDX
oBcq6ALamjemh5SMo2PZN,VIDEO,mKdg67brfUdHnXyJz-nHM
e4AjOtAgZETEavYk5gmFA,VIDEO,7lszglJJmPx1LhwjX3iG1
wj5vYVt3Y6qu_GxpWSORk,VIDEO,GRzK8LcSe54nZUO72rsIG
DN8ptYWsWK0DSl8lwNmrZ,VIDEO,myb9g2EMnl5XqCsXAQuyr
4iSZcdBbEZwxG_MyF1qRT,VIDEO,2BWxoW3GS7A61j8iDtqmV
Aa8FX1Wbfhz-4RmUjzryZ,VIDEO,mgK1P7AkttYnITBLt7sSf
fmFklp8ADxvKnTkoaPsCP,VIDEO,xaQnJiJEdyNqmdBbtkX-k
sWoU9magWgYcDSuDuXrOx,VIDEO,GxxUEixDzZchgr0jYd92U
8nfnKUzuybl8DZOE4K9XE,VIDEO,FiQ-8P9K5TJyJ3lZpuUU8
-FR5xNy3Tcb0Vgzv3a1ZO,VIDEO,fVS4962caKTGDhDaybYQz
yKJXuiFVUHSjyMKUAFWLW,VIDEO,FISZ54_VWMpMdte9T_2mC
s4yml5IbWk1bXtnkgSw38,VIDEO,36rO2T7JqdID9OMii_tKj
MPqMj8catIusYW9CocoZP,VIDEO,VX-htDlN7W_wzK2pVJxO_
STKmxkowys7fjqNcBbvU_,VIDEO,QEzJ2A32jl3aLPWz4qgAO
K-_0CwYZbo7paCUNWUAaN,VIDEO,zz8BrFDRNpwEGcJnHLN64
0ZWyQKf7CBsqOaFoj_E0E,VIDEO,lhPTXietLMEGVvz_p7cA5
gS_YA9gIkEkdoIpnJcVGD,VIDEO,KBdWDX2jHxH3B6VqHb7qS
er7xmNcRneL4aeburH163,VIDEO,xR0AwPFXfOcat4HAvrfpi
l2vPSSAjPUsHe3pnh3Bb4,VIDEO,aNa9CqMviYDC1jSvapuM8
5_kcQF1W6X_6iLKO5QH4x,VIDEO,0nrdi1L4EpNPTUG2ui18J
wPU-swzriQghRvPLWsqFE,VIDEO,bv2cwavLa9jo_suPyyqje
KOX7mpswcm1EmkEVxYX7v,VIDEO,XEx87Ll4DxjGZ0hO_y8jO
MUxonNP_83Ol4OB90Rqgv,VIDEO,07Fv0mjW5rNgykFg03qb3
Fsnkxl_iT4dVfvMu-fnri,VIDEO,KxUg_6fWiacVFHOdoz2r_
8iDonFIJqZY69dYgFmQSI,VIDEO,gIZsQBCWJVTxruJoF7rJX
xCcJUrMqMySSgXx2az2Bf,VIDEO,jMXJ04RylYwZDhjLsRvfd
gnDR3zDaiJ35pst51FSqY,VIDEO,WAe7hq-K4u6lq5Pmn7sJ2
aICVHsSIUosjndIofPSv2,VIDEO,lkpLj-0gpAhv35RNRa8eW
gA1_zmY7J1xhYsNKeqe6Q,VIDEO,PQ5mU7Yvj-gDfDBr28WJY
NXPv4vJzY90e3X2u6k_F6,VIDEO,bI4fS3oiiLEbvI4iNG0Pq
AIceGDaVJ5mGOnidIfe2f,VIDEO,88BBc1F4XLYqfsUS6fdMG
1XTVNhhv27foey-SH7Vin,VIDEO,Osi4LhSY3pk3nMdaIyZDl
6a1FiKNQScwKbCXMng3h0,VIDEO,UOjIFbifbuY02NHeIDA5-
xba83NOshDgxcm-WvHi4A,VIDEO,b4s6E-M8z53NVgMHeHnZ-
aCcM3nr4X2p4KH5uLFFEn,VIDEO,xko7gxBl9V5e-7cngm88_
R91IV86GnDJxRZJgb825n,VIDEO,aXgQVIlOvr0XjFbGICQQT
CEIxSszYor_bsD4mzSaEJ,VIDEO,4dkIgCZelwkVqeYivFdgn
loF4i6lx5kPGbGi1Q_2kE,VIDEO,AHTW_bHCek-4jVehH9QY2
6WrR7rNo9RIVs3LJYROVm,VIDEO,4uRAzISVvRjRchO3lsh1c
Ik3-97ZU0Xd5E0y5kSwMY,VIDEO,nFcYtiDqPKZAyfjIM6Lmo
qirPilvgTuV-IwXq-fw7H,VIDEO,UQG2QsbGTQiVcXL__1SNm
J_rwcOQMgjoO1CD2WVbjW,VIDEO,nwb5UxxKKvfxH7RlDYjIQ
hjhK0AVLIX_hXq2NNLqZ7,VIDEO,V1ndBDuRuWPSKDroKjOPj
xhYN5mJCh0XMcomx2GKus,VIDEO,8yE6hR2EgvmfU96_aUpcA
90vMu3AX0B8WaZt_rdbjw,VIDEO,jnzfI1E6whFssUI6sLjWG
Bk7VETfKpDo5-wzUG-RcP,VIDEO,39HOfXyeW-CVNSG6L3r4c
4I6bTOhvP4VZjOooz3Nu7,VIDEO,wy5pTPzlBRuHvg26N8eux
hupY1c1hXv0mnW6nJn_tr,VIDEO,R-uE44oam75GZlILONPTf
vvBXraZLwjBteCAxJuh4J,VIDEO,hTfU207SW6YTFMxEMOmZC
h4h4PpjlGVB3tcwq77jD_,VIDEO,1SexXbjlfKIoqbM79WjCo
6Cp-LItQwu0kej8CZgZTc,VIDEO,pEY8b2bAMOsLjwM7nXRAm
2D3s9XSaJ9ipjgXfn2qp8,VIDEO,g_VlpIE_97ttAfDm8F-yG
ZDarHzDBxuIh3vNq5hVnT,VIDEO,TLZ4XlfkiJrLYn_pt9-8T
AXPqkOKSmPgynQfuMWL7L,VIDEO,-kUDLiPZbxQDtMS2ZJtwU
PfUmrfXbYvIOnyVu93wK3,VIDEO,IuI_FEX7rcEpk7BPbxX06
LkUs2m6-v-kdOQ0m8blzU,VIDEO,01bJ0UJeoAM5jqVqyfiLp
qzfdbBDrMP2R-P-GoWSUB,VIDEO,98_d5HT2tT1WYlHL_AuQo
FuSCV3ufSD5pcxbA5DBWI,VIDEO,th27jJbPAPsiIDaaqfVCr
QPg3RHK3xWPRQAK3CjMYN,VIDEO,evni4gH05vhZssp3WuWKd
4x61yWFXovuscpEpGQxbR,VIDEO,h3IskyWbQclFJIphbh9pz
IM2T7EDLVJNk5luiAazdu,VIDEO,cEHyihJawTFkgtoYw48l-
eOoNnONeYw2HySgp3Vq4o,VIDEO,AeBHY9lWM3CDA_RYwyrom
KUcO-j-lATRQ9fGamL8Hm,VIDEO,f6bQ8R12C_KFR9UwZZDsT
B5LHgdOtR4edHSKpQU5uO,VIDEO,2qv05gZ2Js38C3yu2tJ8q
r1QVoqs_mk9NlydNk5Uyu,VIDEO,hLpJ7QqqoXvLEu4KE7daM
nKDPGnVv41rQP4gZO-UzD,VIDEO,OgsIIncmmbdaf3w9tHQW8
o7F7ZJuAP3NpN_59CfYXJ,VIDEO,KUCGOEKZ3K9cWlXNJTw3P
2euUuQHsHxQ_xcvbICLYx,VIDEO,CmlC1n_V_bZU-ixKmqqKz
nOkMYjRm95sDsHF9-IdQD,VIDEO,Q7t7OQn6a2jdtJJN958zg
NlDAjrgJ3SNb9hh7KSfWX,VIDEO,_7maoeU8XonfDLQ-5hU7w
ZT5SA9wzP3OtXqEF0APrK,VIDEO,xJT3TwlagA6F9J6QcxDdf
qgbmSXkJakNkcNyeO5hlP,VIDEO,JnvA_SntqADcQz2eqsJ5D
H8WJqN1QtXW9i6PVkwCyj,VIDEO,4JNHwM1aZaqf9cA-eKcEX
rXupFSjb-ERjDdiWsXrjm,VIDEO,nFTIC5aAlXPWvX9OFf5GE
ZwSwA5DwV_C9ATizwe7Uk,VIDEO,a6NCpFp4u79xyN-Wr7F-9
kWs-W1Mm8UUXlVd79ZMOZ,VIDEO,49Xx5D531BV3Iiv-7d92I
_TUhheK8SPyXzcIgS6OY_,VIDEO,mJmD92CaLEzc4o_CkO7nS
po5xWKZKKGEbYv5mSLSua,VIDEO,6FEL5HHpF1hpzUarmE-Wg
dMUCezV1kxYIzvg8JYpw1,VIDEO,DYSb1QdBKEyVimLJCk9Lk
w4Urx4nvumSR36pkr5wWS,VIDEO,rmksJbb6NvOLPzh5afrrl
p6SJFJ1xRVhEyjF5CnAjq,VIDEO,lBePh2I7o7AtB3DOHJ4tO
n9GdCCeC1lr9f83rlCKb6,VIDEO,EVjUuNvU9TH4AO73uZY6V
9Nemd8Yebjv95V53rCtEa,VIDEO,TLgktk0ifeJa98YmAxNmC
ynoyFd-dzXfDm2VHk6S3X,VIDEO,lolKGQ1pqs-71QhcYN-zn
wFsN0AEvjmYmJmSfljAqw,VIDEO,ETgqr2T4-x4yV7WJB6q2n
ltUNFPkssk53JLZyNRaiQ,VIDEO,TKwNvOBMoRJ-DGDTcTQnX
vg-4vK23GhLXWS4koHJnI,VIDEO,wTGkX6mXkdGn6Ap3A91ba
g36BT7NiEoM_r0UF-9CR1,VIDEO,BfEZPGnEHdTS5UJB_GVaR
r51H5W18ftYPQLMa-2zvx,VIDEO,f-Cs7ErOpEXy45uuizILH
TmFAmPawo0Bchu0UOzFaq,VIDEO,DEmlFk_6P7gZqLToZZamK
DAmdFpqHkn4azJ7tPa49-,VIDEO,Z5gOvWkDBAq7vc-tMkw0u
LpGD16IktQikQ-m8C3vgH,VIDEO,2AZC8gB1QkTrrtLOpl3Cn
JxbiSX-oC5HLdTGBot2BD,VIDEO,CAgtvphq58Bor1GurAVbf
WqhWaSamumt3Hjh2RImmv,VIDEO,HSICLJZWHk7s-zl-dtKNY
W9Q889JOAJvCyUzFCvdRn,VIDEO,t9p7DQkAAIe7kSRCAv3DT
N2dxn57dYSQNqUnVZacZr,VIDEO,QZYgO2tQ_UE_ghQEajjPz
IAYNB9p8shkGuP-7v_Iq9,VIDEO,tTtTuNS4aVSjDvE3GV9F6
L4LikXSuuT2CKg2BAuY-j,VIDEO,zbHZAlUUIozsGOH1a90Dj
KCE5yJLyE2hezQZwWda9t,VIDEO,asqpXBsO8S4ywLOAN_fJW
Yk3RFSB0CgpgUOjClqp2w,VIDEO,Uoq1Rrc5oo-e4iDCE7r1p
0BJBOCHTx1wGjU7_PLXkV,VIDEO,rTMbnLQsiYwGqfEB6e7yM
EfrFPhGvHyBDKqXLv0_yp,VIDEO,IKjhqJJDGzwGs0wExg3Gd
F9j-HxYfwbwKLKBh8OjZ9,VIDEO,zx_y_DE_SFn3jpA3Z2QsI
9hXRyBzzWffCXCpLYbcLR,VIDEO,gslqtSv97AK7mZPGrYlOt
HEtNrRpNkWBJwVlPwDLhS,VIDEO,vYFJFSo8pBNZj2v-LIIWm
1nhJ314Tsf31sFOkFhk8u,VIDEO,V36SgmwcFY76M8-9N0Hpc
s7XSnKqynI93QKbnvb2Yv,VIDEO,-UnYX69cZPl44tvaKGR7V
EqCfXV2eh3fIUmqXxgH6e,VIDEO,32QUQZsF--YIJIxyQXA-B
5JOGCH62aZz5_B8eaM9ff,VIDEO,OonNT-8eJU8uQ1XRSBYlB
0ynF8BEL9F2DW0xwTjokv,VIDEO,yPCrlh9hsB982ebCRlG-d
X-uHqsfO5zGWmerZytY4F,VIDEO,AzHVDY1he_YjJ3mr5iF77
vIwrKfesr2bweUSfRgWnt,VIDEO,FvBYCHKZlji306xd-qhZO
vSOZHKuVTibrcDCJMD0Et,VIDEO,Zo-sE5Fobnr-v-2UCWJQw
EBe31Hodc2UQMdWSsYsFp,VIDEO,Vt6nHt_etMKBO2XCIUel6
9hFfCIsyzdsP20V4PUFFw,VIDEO,_2y126ImiwKrPYVX3h5AB
JEF9ys9bHixTxwVbhQTUm,VIDEO,T0pxN2Nd-3PQDL1unxA8p
npRoxTmiPT9u6Q_DbNkPD,VIDEO,mglO3xgAO_ynDpNWNshgm
ItrEpekp0Rm62PDFzc6CZ,VIDEO,Wdh6JpDZh7fbqpWw67HMC
-YvK-Khycxp9yoRtArYOz,VIDEO,76pasqTq6qbs5kis5uSuo
MQJF1B5w04I0ZUg-EDYaI,VIDEO,PYbKjHvQsiuv3gcs-6-X8
evmhp0THTm5TOlsahyIsK,VIDEO,UzszuepH9JNcGdZnePw1W
ge9ZFeO_ya-diLy4NBIE1,VIDEO,fqlm2EG0nJFikby_SXTsN
I4u1JzaYxgI5zxU15xNA1,VIDEO,V0fldKITBDLzH_sNqJP22
0LbCulV8_F3DN1U0pYljk,VIDEO,i4Z4sAt67KYxALGVeaN0C
2o2WOtFtwsT1dKOqdY_R-,VIDEO,NhhJn8n9bpfdHUDyEymOD
CICRZZTUd8ZZSaB7vosip,VIDEO,O1ktRfYphBXUxoaQBxDrh
JOCvxwnMbc9STuwyk_M4N,VIDEO,4Yak_XwGuSBL5Kr5if_TU
-O4sM1QJvI_LgxDPeF7g0,VIDEO,E04exv2jtzTL4LAxBsagm
NbWdbY0iRPerBNOzQOJAL,VIDEO,FlBgSV6N3g8wc6VuQ4udF
caKG3NPjqIa8hkR-Ad52F,VIDEO,ZLPmxc11Qs7oZLxmkGOut
BKsQAAGCkQd35fQI_vMML,VIDEO,u8wHXYhCtJz0snnicyVBW
9ZZ9Ye8Z63S0OpII7Suy6,VIDEO,3gCsxVuWKfa0Z_PrbhQb-
1nTJAzGTKkQRTcyMWlHRV,VIDEO,FHb8SVXbGKVzTeobMrtPe
OlaxR8rSDKinqgPTKf5ms,VIDEO,8OSxthP_Dg5VDwgZSMf3V
qTCGf_-tuUpVbOBG77PyT,VIDEO,wVa0qwZyq2I7BhqMsAIdf
0xgL3YLzorh1Pb_in9dvU,VIDEO,U1U7vEfgeAq77XssiIIab
WlvYv1_Rkwjy7BtgdXMbC,VIDEO,RwgRXA4Ty35bWcGKhs0lv
phmyjvAifD2HNKQiK-dvx,VIDEO,0SGLcUd-8Qh7NbwJWttcp
GCaaiiljVgXXnzibMhp-Q,VIDEO,AVZLugNqZ279ACUP1nzeJ
Dw2HtD6W0UtygHUxNZf4k,VIDEO,0IhEK1kLvzhdZabi9jT18
JSTgmD6vlKMvmRXyX_q8x,VIDEO,nfRrhMtSxRqqY4r1cv5TB
-2MwmrRxOQy1JZlOt6Cxu,VIDEO,QmySWx9HMhmwqMFqypseP
0VGy_Kgiyd8q7FkDd3CgO,VIDEO,Vva7fgch1tGnppRp_yULU
MPA6g4BVmD-kd77Tpf2qI,VIDEO,Ywc5xZh57C4VZUpDUQiNt
fsssJ0Io78cBUqgVaTvLj,VIDEO,0hkesvP9WlYiJcnfvM6bF
-ADctky8RyS_L_ol02vis,VIDEO,MraqP996KJGxDxfkdIjNF
0vWy9O7cP1_bpJahlm3i0,VIDEO,rGc_8XWWACuTkHxKXM4it
-lxR-tthYyuH_OsZIaZRQ,VIDEO,kVXlQE35_yh1VxTrQ4K86
FgvgOOHJhWK1sTOjoVJP2,VIDEO,bGaobqoyJMZT0QIrOl49L
FghIAKGy2_LkHZIP4Dohy,VIDEO,8RqDs7__blaGUGqVuktfB
THGHJN2SXr6snRqDrFsJH,VIDEO,W1d0dwY1K3ttWyaLgDcwZ
GygjlgsNBkGbn9Sy-95ib,VIDEO,mg395VFl3KP1qkQBT_Sd1
sfj5B3pt5BW6fsTROT6ET,VIDEO,HQNbDd-DN1RGxMlLp6874
rjvXDgntuOeh0oCbWlXcl,VIDEO,-AXxCjT946erjBgrtKDnX
bCtPMlIS3VsOT_87cbwUd,VIDEO,Iz_iokqmDJcPtfMvdsv-b
F5kPSzUsSrxW4WrdfS2Kh,VIDEO,Y8FLkSSG08GWovIc_G5iR
iFeP4Iv2NzuQnvjfPKOv9,VIDEO,i546ev7vwlprYuDXuAL58
71sf0UcXs-COgQa1qY7EG,VIDEO,Pt9Q_xqHcja_a3G2qSuQy
JUUE38zDg10BRA-xLblsv,VIDEO,il2ktnobIxr38BT24vqns
1wOHqGH7V870Iw5Y2a7Ll,VIDEO,wg8L5kflLVbz9hQuiNP6A
zQvX92YjAJN-AExmrqjUk,VIDEO,UtXATE_FvjugjES_SKYtd
vn0P59GEbHXywazGKIkAz,VIDEO,XL2viE-mYd9Nc60peYG99
8TE0p_zvA_tbpwMK2I00V,VIDEO,3gqWBWYq_YLXNGq__t9Yj
Pz0WU7mV_6DScMKQTe0N9,VIDEO,tc73kDNW84IIPaogIlVKJ
4vTMuDpEAWUlB1N5qYY8D,VIDEO,6GqT7gGiHoDMCSD85YWLX
c-iyb99IcnOsiuMCC0ZlG,VIDEO,K5I5Mib9ncQcJwZBd1Ut0
Z-w2Ds6yMyYeUbyoGtRF-,VIDEO,ZsEVU_Z4Z6ZH8PZEPBbxm
1KdJNFoUcjGkmhvIxzwBl,VIDEO,6x-kAkU9PXhMJFsK4f9Kk
PnjIyzbWttbyt7uy5zy5O,VIDEO,WPOccaFzzw3kLDVkEyArP
5K99DpM6DgByzYEJiCoKz,VIDEO,dGINj03sCwNMg5DIVdH8h
ycFCW2N7qeHVaH9UxRFjK,VIDEO,dUQ_7dsHYP7rc0jMhmQpd
gpAbODLupZES17auwD2SX,VIDEO,vwUWfOD_1BH5pnJ8GQP8n
70aITrVk4Sc31Xc_DfJ8m,VIDEO,R__Rj3g1WIqZwY0MwO8uQ
0ATndVrJ8JK6feCDDe7OO,VIDEO,CqNbvZWsoD_hofqv3Z7CA
sbB6PZAxGbLHTpSb0hUr-,VIDEO,n6nCfdbwlyTptQTJMtrMV
6bfVPLpCo_ayQAok9ZrNU,VIDEO,RWMk8Nx0pAjAJ1SVahVAM
SKk7jyj-d-79CO5Oh8X6E,VIDEO,iPrRVU7eEiuTjLKRYZxqn
NXUyVbfv-qTF3DNIVM6WE,VIDEO,AiHLYrEe_uV_BunbKgLaE
AgiQ2fMRIwStH4nEV8uww,VIDEO,ZopHbDrUgQxIH86XjLWOA
jn54137ABwyX19edpETXy,VIDEO,kJCifUN_hyXfMbKpmRzIj
wPmqEC-OchiTGFpESC7e7,VIDEO,tLjv1wkYdKGpArxYRa87y
C97xa9jKzlmaTJHrtPtGT,VIDEO,X4YeUR4hMv6AH_lXB3eIS
b12mxvpvYqJoEmq0UJiU3,VIDEO,dxKWAU7MJrX_QENKcyVIW
KarDUp35rpvz1RGeg1_pl,VIDEO,9NkRSNxYxUXFOO_lNL0oz
PLR6N9nmzC-6gu58wtbgi,VIDEO,FKQB97y2455RHtZXg5aOI
ebl1W21NHo0sUGMH0WpxU,VIDEO,HqEa0sVCquSR85sYrGHmh
yFbZA3iBXDdVEQhsFVBvW,VIDEO,hvXGNROdhayRtyi160CmH
xabmZwiJoenUGkelEx2CX,VIDEO,3wT33uR-20x-Y3rgHpleb
ksBA4doaz_gIvMHpiE5n0,VIDEO,NtVu_4G5s_-TTWdJpk5D9
ZC7BpgRDIPKZlWWu3T8U-,VIDEO,R83w0eOUMduOAWlnZVzz_
0jf31RW-CbWLdBzhp3fPl,VIDEO,Yq0_P-HWOx1vHIAjxa9kH
OPMqRUs6-xXmLzNHLAySO,VIDEO,zNPwt6S9BnvVhBAYWFeCs
zGE-m39Pw_8cJTCEOjKvS,VIDEO,fHYm5IV9k8B-sOQWvoN5k
9ILv6B15kCvWj1cdVdrhr,VIDEO,CsjEL2Y4nthS2ckW2bSry
Z3HzLLrv_PfFRFs0agJDM,VIDEO,3Dfr0ylWptmLjdSNB-jLm
Lex_jFvtx6niNMNc-EfoX,VIDEO,eM6GmzpUQQpqNRbPPgLlu
xNg4lCyBi6XUkR19IzzM3,VIDEO,8fPpJEOgsFjJVNzF6ozZL
yS9cmVBoWbEeo-iueiagr,VIDEO,w4da_mvHulur4tkAWbtio
uaZAMN-0F9xJZW2aRDtBt,VIDEO,ITfjSGY9ZxpcAI6tSo0R2
hh41cYamgcAM9FtvYk_lQ,VIDEO,eLv48JFD9R-LNEbvHKUgd
FeJHKl4rZIXa9thVsa_gj,VIDEO,OJweAe4nWEq5KpF8LcL_Y
9UEorjoWxJPsQtPZAGAfI,VIDEO,oaWQdWobF1Z9HDl8E_s9_
o79vMI1DhsZIXDzK1Imp2,VIDEO,xI6_msxWiG175DlkNuiFG
BdWSt2TPQj91EmVAAIn8O,VIDEO,hwaDId8iV7T0c0vlHDwkl
-43E7dZdO2anx5e4cqOwY,VIDEO,9U9txb_fSfwk2nxEK8TPv
zJaT9Eq-OHilYnZaoj28_,VIDEO,AdO27QD-lj6QTDMBREP62
_c4LAYedK8Iq0Vrv3L2BH,VIDEO,qnGiobQ6Rv7F3-v0eev4x
rt5UELlCRN8kF2lLsgNSH,VIDEO,xtlAWNVBSS4Z8S5u6Qp3T
Yg96vge9NYsnMftXk7yON,VIDEO,CiWEyn5y3YaH61CQ_a47r
JrOZJFXOWu1M5GO1MnXY8,VIDEO,tKSS15ShtF432qjwxUSFT
0Eyn38EesOQqCEP1MixhB,VIDEO,7I8M24-iMNHOfseOmMbQ9
t-0lANaqfCneZMcMQgliP,VIDEO,Cvm3tzNfo1Ch8o06SpLBc
udVAYTNfJBMxfEH77z92z,VIDEO,3U0EgWzuGeCyevRsUbl7b
qOUh5iPakW-atXr1_Csbn,VIDEO,varUzqpvHbV68RN8C1jbt
NcfqxQFvgTGHRpZVWVDz5,VIDEO,iN_vKRdoGIWFEsjF3oIXD
46MyFdXqf4_aeDsTXCl82,VIDEO,CasPbmdC2ltgtKts5HXPz
5qb0zs19ZmMQC-2TAXGgO,VIDEO,ftblSkl4_AHWDEooT1VNR
xIt4hX0wJRj8zIUM1FBPF,VIDEO,5Tr9umQxwnxiBO-JtkGw-
BMFQT1qP10uMqWLFlSGud,VIDEO,gxmRLzYk-lMpUKAAGrHkb
CCpJ9D8GqUhvmCgtRo_u_,VIDEO,zjqH9DEkcIcpoG_6ehem0
lI7XQmD1keDV-QTafMnGO,VIDEO,vPYTui_2FXtjzvNDJZVRz
ABcjyYahJbNZqb_QN5z_I,VIDEO,8VZOznIKAzxXiEuTakIN8
Cm4FiL5V5P1GVrmSBt7d3,VIDEO,yZZYx4_dqIGhAr2Vy_4SB
ZES4_DI1mnkaRCGZ5bwgb,VIDEO,KTJk0HKHxxxn8t1X9EovY
dZa5Ys9Izn435XA-pJ1Rb,VIDEO,L4OyrA62n__x_ovaGiKOd
vDyDVMHGpTp5MTXxUN2vj,VIDEO,DteZllGiWW06vTOhb8OEs
mcBQmC96zP1_yqy_dwLfF,VIDEO,RKmeJ-fd3wxhNr0qXhPCD
_KmtkQiCqivFLjWxsL29N,VIDEO,e3OnkiBzKwiQLZ2RbnW01
qskVTqQdIfjaE0kopI1Cb,VIDEO,D1u-u22rrdM_q7LQcAxOQ
Q0Kht0WIrlTizBhIo0CdD,VIDEO,DSoaYbgeVjfcKxN0NlFME
RrLDWRlweE0vU8Hvgr59s,VIDEO,vSsErwON72RzFwUboPKTV
VH5YmGfX5_AL9Z2DvywwW,VIDEO,8vEj5Et89Fc7MaveDrvF7
ETudbeh77vfQw-QuPSIxT,VIDEO,3mKeDTyfRccwq0CiX2ME_
h8WVqNd0GLABpKpf6hIlk,VIDEO,DeADLQCX3h1BdOtDXRYsY
dyUVhoLlHc8iqBzV95oXG,VIDEO,cV2nMklF6CsNvTOM1gR-M
rGXtMJYFd_PG7o5IAs233,VIDEO,KadlDPRlQa1s9tyqTzAl8
JhjyK32b8QuKAngy3N0IR,VIDEO,Mhcun6CHwzOEHVK6SfXYB
CRutETBoA-z7q02jftfRZ,VIDEO,lUvWNs-tnTwDCZUQlwkh4
XBlxAs9w4Twvs_pgG9euW,VIDEO,dcak4v0AtiSLkj4ejSQlJ
xczUiLTqhVeOInkpJmQZM,VIDEO,yxZIAS8-N516Oy5sFlND5
__tjOLgBe1CYXCQi32hCx,VIDEO,8JotMuQzhX4z95BPYbdAZ
GLZcjATxWoWDLHT2a94Da,VIDEO,LB9d2Sj7WWWCD3nbcVDS0
mYyfhFzm0bjgvw5GQ2n0v,VIDEO,1iHEttpRHDdurI62EFo_k
h4JZ6SzkKDKVSNNSXAoh1,VIDEO,El8vbwaG1TaLLP50zMG9m
5BQTZQu8cbpbxtjFxXoRR,VIDEO,WhByrsiIsZcPmhssAITAf
rI7mhxo3w4AGfUdYuZBHu,VIDEO,rG58N-1-dYCg7F0zTBXUD
aXx5KkjTiBe05ABxleoCC,VIDEO,W1GG3cJvLerQY0kn0FsAN
IHOaU7DBeSpDI8AW-ceWW,VIDEO,d9ru7s8zHEJCOsWhtGvO6
b_EBJ5TL0qeWB_iZVkIT9,VIDEO,fClzHZk2PXddI3auTONju
JrMIfs30WNMW2KofWBztK,VIDEO,-Pg3LHeZ8wK12Zq93P1X4
dIAPJZGVek1xaZtZmFqtB,VIDEO,CykwyozoM1kiEqu_kL_Pp
5z-WM3a-sM7g0jHqwIeRO,VIDEO,grVzeZ4XlDZDP6h6jWHJL
UaBUVwKWXAAZv0Rv2bz_1,VIDEO,Ue9lKK-LIyQ523GqObOiV
q7X4SBqjiIEFNu9RrSEE1,VIDEO,PvhI7kKsuYDuGf42TRyYx
dBuyu97fUz5DUPMzX5TR8,VIDEO,2ndYv47zUZzTpyyPFOPb0
OfLfE4HLcqdYA3cc5L0PW,VIDEO,Emp66oW98upeUFsgs6OoS
Mp3Cjkm5wMikfvJQe1gAw,VIDEO,lTtpxyiywk1a5zbUFzuAf
pkSZb5Oo6wrvvYxOdDlaZ,VIDEO,JngxfDnHlAZ2giiRm-Vcs
UBI0KBODZFkf3QjJfJxl1,VIDEO,JTZaTEjGuMHfdyxSTPwDY
wQV7rnkOaQ3eqz7P13JY7,VIDEO,-bbGk15KYkx0lMEzrb-J-
JGY9UoLIjDSbRyW3yVhSA,VIDEO,k6pz2ZKVedZRvDraYiWvv
cVISgGV3Fcal3T3X1pj6a,VIDEO,_D20Nnoc3PcN2yXTEHKA6
QZ3nH25cPLoPcO5anl7TN,VIDEO,Cs54F04YrfClStSOcqeAS
r1nG9a--MCqnR8Ui-VK4k,VIDEO,5FAB6TS3ah131ecZVBh3-
Cjz4Xgt15HAPIZ32b4okW,VIDEO,620k_p2JmA09EuoqyHSgP
X8RDZvvx86UrRc3quinMd,VIDEO,S4lZ0n37zKekvdlxg0e2J
xOG02PHNudlMBeEojMezv,VIDEO,NWzhMBS9WzMXq8vbRupDQ
-u7X5G61u61px3lcOxLh6,VIDEO,g24TthOJQcoUaUGGZZWkk
1VmvG3D99gnyKZPvUZsRE,VIDEO,zDk0LfwMxyWF-zLI7ffUS
0NDNbI_T6NhtQ4F6ckb3D,VIDEO,mM51dCNTBIAPjxa3290pp
i5scaNjkPi3SE4keXM4vM,VIDEO,S_Z33cABaDw8Ips89QS-o
4pJ-71ZeafA3ff-30ONvg,VIDEO,B5k8ggfjeewLwlMsY3RAQ
TZmbXSszNMtow-Jxw0O9h,VIDEO,oG5p1gydsivXc5j6UgBcJ
HlpdFs3C4fVxSJbvKFAK0,VIDEO,tAicUgkd_RoQbvO77MFrD
I9FGh0KpMZJ_2oWpHgizl,VIDEO,k-6a7unZkblpX0v8QS5QN
3ep8DtdCQ6uQxcQ7McafJ,VIDEO,m4NmoXqX9OpGOGTOzV7rR
XEEK3ZyicS0VzwXUA8V2G,VIDEO,M-on6iTGDpHzYyM_WOaU0
3KsMWOUGEjLQe79bGKyU4,VIDEO,-zHQoYhKpdQaBjgxSpmIj
DGDVuoJbwCy51RkNzdJEm,VIDEO,4eHJy7wMrDHJzeGEX4PUm
zjTKFD9jjnAlKfZMLiOhr,VIDEO,tDphgdHsUs978_9672c0q
hPZQDlo_1uLzmzQ_LrQZq,VIDEO,3UVJ9pU0_PAk2du5jt3vq
JPgXAdDAYPWuX15no2JQE,VIDEO,otNJsMPNN6RPDkcJ2_De3
I2kv1zx0EN1YtqO6ZM8Oh,VIDEO,dIKUHfUtMH6Y0JPv58fsS
uZQw4mfd4FsId9j7_t0K4,VIDEO,41_v1AoRauBun0RxsmfxP
W66Q7MaCYrA3iBPGOwRqb,VIDEO,Hh4XSa6zlxSxVv0KlqdrW
Vd6rJZbXALJQN0QCfHiQp,VIDEO,7P2DAwnWC5yeLScQM7ky8
szlY5ea4MLs498IfOj0hY,VIDEO,Q5zVdCLfMdIawFSt8AiLV
n76Zy0r5SSg0SYf5BEOH2,VIDEO,UQ16bWmoaa6EV4HHa6TIf
Ajq-eyZcRUclQRNzMKVSB,VIDEO,SKz2z6gngX-97PyIb2ot7
L1QyU2NBcB3gMemrro_am,VIDEO,D58VeGIW1U6cDt-58gcEo
XSGygKu9Y2O493uBBblSg,VIDEO,upcWhyGqecGmR8AKdNGrz
cLP3InJY2ZAT55WiApODv,VIDEO,oEe6pNxcpcQgE88DOVZoM
-ByiqD4nCrdC9ZJCTOSIk,VIDEO,nOoNjJtPhNohJLFolfhPz
DKwWxFd605lphqjhj2QTE,VIDEO,mwA6ItUGB71zZZ9UbPn2e
jIaexD6B6qqWoTD4ldAFP,VIDEO,GrCdX3XHGB8CxzK-QjgxF
7r9M972rXinF4axcNeSwH,VIDEO,U3RiR9_WC2sWWYkSnmVIy
W0-21Lg8oRHa9v8jPKnDF,VIDEO,PGLELn-psqzBv4irYJCHd
ymVerOyZv2CJEhR_ENYXR,VIDEO,sd-9gY0IGuEspULGPBHoI
4nkpfg0_T6-0aTkXaiKcp,VIDEO,1GEUdrcJRoiEpy3RtwY20
7fv5WnhAD6tPITWREe6lE,VIDEO,Wjfb0HKpRL6zRvAyA2wDy
SjXNy_11p2OUC9I6_9IbT,VIDEO,3IeFqPFk-IHMo2xo-MAxA
mOnZsR9TSnelusfw8MN5J,VIDEO,_163jmtVbiY_J5Ie4IDIt
FEoRZcGXhgNcakVUuOO6f,VIDEO,ekbW_NC-oD8pdamj6ro-s
kpBFV4BF-iVR4gWOrTwjj,VIDEO,QUR1SC0EnQYwjv2FjJ62i
GhaacUTXI3JSQOzMPK6pY,VIDEO,Nqs7sM1nEl1m28k18Acj2
kBVKKSaNPfL74rtArZzw4,VIDEO,xCr41LrnHZKVbwgoh8R1x
y6dzN8RVMjcz3X_9YR8yR,VIDEO,A4FGx4M7ZlPwf_bbn8sxZ
-0FI1Xvp0wP0qiehDhXgw,VIDEO,i78obwaCZhXh40F30BVcx
fwE8IlR2sruMCraiGK_Sv,VIDEO,dXElYu1CuIowpG8qcvPPc
yrO0eBsevuXkr18GgNS1E,VIDEO,jh5H5r6oKlVcJlE3cQqqP
q9S6HIMLTdL5WD_llHhJi,VIDEO,jSKhLH67QYB2hKbcMIqo5
bqV8JXZnNkDBE50JHIuym,VIDEO,GZvyHzGwAadUmTWTGXXCe
xhX4YczytiG-no897m3uo,VIDEO,OYnuGv8YOrHNlFAq_rZra
1te1DIjaz1Vnx_2DPLyU7,VIDEO,LN7TcSL6d1uZRooUePxQi
RjFeodP-YU5UtzGrxVsOG,VIDEO,lFNwE7p5uXXcX6gTQGdJc
2VQcY1KFQO4IAcIQQA1IC,VIDEO,_KNSZ4TR675PlJXEnNHf6
SS2vvpdDMOJfsea3XYa0u,VIDEO,bVTz_a7i_y3QaNlTaQDUT
GfCC0dhCsCtjOHfbcYJyC,VIDEO,oHy2x20cfM1qDV8b1CYxZ
j40dcyWHEJUImE215tvsb,VIDEO,zUax1QPy4kpvu6A8r-1bY
E5XfrcHsejmmE9o7KdU1G,VIDEO,Iv7XcPEuuxpCLBADujEyW
CzkdGweCMmgSJwpYHOlmm,VIDEO,XJQziMvK-_LgYFaAlSxWZ
J9ccHCsVzUJTyZpZe_NHh,VIDEO,1jOdibR6cay0fI1J0VX4t
qhrpOSbv_nqAwC8DEQBpz,VIDEO,3C1P3zN7edDlTjuAN60er
ZZT-r_QVI-Bo5yZgxmto9,VIDEO,YtDJ3_lB8PaAjMEQitlA_
alivq6kJRnfmhn6QizqQ7,VIDEO,jcnUoCWwIWnn0U-Z4QAIu
_7qh9nZJ7LGNUq3gsXThs,VIDEO,a78vG2ZNfMIPpM1yo3IXG
4B8Tudfv6eGGMePIwye2T,VIDEO,YeOhwddLnxtgsfL05-ztN
HPy91V28TaHHhBhbMU1z6,VIDEO,hhrHuiZxP-3I6km0VhIx8
A34pJ1ErvCLe7UJl526Ti,VIDEO,YzseEvM5hwyN0gNeSJ_iT
ebPtACGywu5a86usb8f9a,VIDEO,w_NKMgCJtYW7ZAihT1x_3
793eENfKNdHBKongyc9jl,VIDEO,vWYLQVBUlqELopEgWH7AB
UuHPN366i-K3G83EDHQke,VIDEO,qIMpHEhYruWbSIMGLE6i5
pzl0FDm31R6juycHq-Czw,VIDEO,XjV3JHPEAYbyus4CqT0g0
prD656TXiOqDpYH1zQky1,VIDEO,G-U8M7vC-Zz5ZRH7bRhlk
rGrSKGI2FATro6kXWnB5v,VIDEO,Dp-Mzd1gDe1QebH1rfAew
US1cC6Q8itbGbEfddLBSn,VIDEO,D8Ooq6M0-aAxfFplz3Q3O
kIu7NFq22uEn893rfcKzE,VIDEO,rPq8mwIyewxaXKFzWojCs
SrcbsW4PRaYlBu8qTayCV,VIDEO,BHdyr3URU3vbwShBmJsh_
0lZ4BdercbEMOWsqTcwnl,VIDEO,-5n4Lb-51lPY_F6wmdsnA
GlrhIpu4v54aJvF7LoTAI,VIDEO,ZGaKhz9HcDHXEtW1dnw4a
Z5SCf16jqJgbeXd1Duoxv,VIDEO,d4zJXgUVCYtWjbFVjoOiP
Izdpl0NKwhi7SP98EWDTd,VIDEO,zO_IPO8u4UMTwz3jhkRpt
L_n3qUF1pLoJMe5i36sqL,VIDEO,HC0rth5TC_f8rpxCMgB7u
b1f0EDZQ9A5KotfvnVA7w,VIDEO,g3bZeDWVRDPZ_KmiISS7a
TCxY_-czem6F6BZdVBQpm,VIDEO,INigRI-4clDmP4s5abKJ5
9w7fjgKci-1Vh4TB-csxs,VIDEO,TiM65VC39Vk43Q1v3pWvp
N3k4-d-mO3nFQ3UxeeZ1O,VIDEO,BjwZU3XG7_Jr9v4Ii0plm
azVPqRUo9QY7nrd2fxkne,VIDEO,0DE0gVHg2KPpXwcl01ygS
f4lnj1ftyYMol0VAPZ5tE,VIDEO,Go4i5wwhSi_PjTJFggnn_
sQzWl-uWnQVgKXsypa4jt,VIDEO,FFUO2GXuAnsW5burR0xKW
wN5a9_wmMHz6mqwUXSP8m,VIDEO,7HqiL0BsCCuJprcqVZxwD
aOoeFH4cMLssUgZDEqmwI,VIDEO,_LToSJDKt9yYrOq6JDF9p
tqq0Q_FS44KHxy3Ob0UzK,VIDEO,0EolNf_3hXin4Ko5-icet
6tTpM5I8RW4QQc-LG-Gmh,VIDEO,BQ-VKfauqOQ4J_zUy3FcN
xz5GCZpyQogKLj0BKZoEJ,VIDEO,aPxhXRntjaYUCiGb-RLfa
L8yoKWWHHqGOhzAV9pomt,VIDEO,3OHpOESyCQoiiZstCnuWF
y-nvEuhp-5SOL-RpPdRhE,VIDEO,GRbK9UQoeNg3b6pvU5x61
nwxFKEkRWlk6NuYIU92pq,VIDEO,QV7KMFW0H1L0LEWyivSOz
jkLtDctjzQS2hOHRWIADl,VIDEO,F3qAs7Xn-uGlRw0AxNHGk
Wv34O2KjyswPwPDr9VV_u,VIDEO,7rlydq3xoZU__XK0Z8DRi
HsMmD_2sksKX8BrXU8J9H,VIDEO,7KlQCMNlbPUtWMLafRD2x
2IQTsRzMnhclZ-4NzrGGu,VIDEO,IGXU1S_LnxmJXSj7gOeFd
e2V5XLbKZC9T-H583TS5o,VIDEO,Af_aJTEKbeTERXSXnHXxX
WT6UzncqtArMYpP9OcYs0,VIDEO,qyS89Xt7KcQ6np_SWRUlB
Q48UnARE2fXWSAbnAR7Dl,VIDEO,9KUyp2b99ghiPMPVdfbNx
vkoY_jPIVCSyIzkBER2jg,VIDEO,ZD4LwNY4ixNrmj-pDOkhK
RJhwDtwFu7h6yOB3jHVLt,VIDEO,B1nBXuvlQrnq0auRTSpzp
gvGkCG2SxUZIk5vtfdujf,VIDEO,dhmFVfQsa1rqrXGmsAKEf
-33MXFVvWb63getKcwD8D,VIDEO,ixfmQiZ5iC_YW4UcCiWXJ
r0Sx1CkBXemRK6gBSG7vW,VIDEO,3-oE7yW1eLqFs_vcfOGmV
pJRBCS4hE90nRNES6cCxn,VIDEO,9BcWx2qBjRDhc4UVcOdv5
q5KYYlIksEV_695y9Z1V3,VIDEO,48LfkcMpzr0vOw5FtasCB
hZMtgjBFnWAyNb_Y2qYdW,VIDEO,NCSExnoMp4OgjOeoLf9Z7
GntiwEVq8GPIi0tA2E0Zn,VIDEO,eJB4P_t9BsU8K5Ldpe_8S
M2YlQJZeHh7Sudi1XEuri,VIDEO,WtAy8Olsmx3CtTKXBk7QU
us6eIianGcOXTtvE0y1kU,VIDEO,P6VB1_Y5AeAtQE_1so1Md
hkRPbb_Nn5rfMe9qmezw5,VIDEO,PhwPyPDZ_NO35mTRax76t
6ptlrxvcfuDSKzzOex-JA,VIDEO,T7gPiYFkTuzKT8XRmsiCo
KBMVl78LdvZOlAk0-4oid,VIDEO,KpVfohXfxChNPfxSBi2JI
0Xv2ihyB9t_GNMWF1XOcl,VIDEO,uMwOQuyynHU94sijRhETP
PmoaObFOq5h02e0Ge4l9a,VIDEO,5BPjF-JbCGUSlCRRqTm5D
8643uszSL7vFQCV_JFeod,VIDEO,jEHy6YtKAzM2MBdvlOcYu
11w8uN6LigIHvGZNYgWEy,VIDEO,p-IiUf0NLFL6jwKUJ9ih-
QhbGLiRfumwAzao72mNJz,VIDEO,a5IGS3o9ceIhlqLauo0b0
ssp3jI-kl4q5g7H44fqtt,VIDEO,Z450wGHxLgNXMjacNdkeX
JD11sdYneSL-nJBfVC_mX,VIDEO,XOI1rh17V2-Bo-K87th-c
LadxFXpd94xEytciGp4ls,VIDEO,ohNdx4FFNVoxEzIeJZRk5
TcinpoD3ZuDsaE9yaqVlQ,VIDEO,fjevl044S6iO5ELP4ZpQ9
JDU75Em3845B2UtEfX-1G,VIDEO,QO25DrzV_aKAakzUhs10T
bpc1tZrL4sJdxKRYsdCNu,VIDEO,YQxeeIB4dMZU-7j-Kji4v
v2z7cqCyCCfBqnv5KZjQe,VIDEO,B_saAqLA-qOb3wehrsp8N
aTO2R1fFgyqRD82t2vP4L,VIDEO,D18d9Bh0PkmJgV8y7yIpc
3goB2U9fP6x4_ovQbFig_,VIDEO,DNuBef8L2_BNxziPeXdrm
P_asGVpRrnV9nHsMA8W5Z,VIDEO,8dAEUo9q4pQ5ZgH2Hg36T
Y1TECHg0C6lBhuNrGfIp0,VIDEO,eE0cNiIXF2FxdWu0ijZ2y
WPJ2sPMOczFlUEqn3bSeF,VIDEO,YLK9H8gEiGs2ofAgR9lDh
B9sHvHTKcLZBdJRASh53t,VIDEO,h_Ci5u1Zk4Z4HGxMKR-_m
6S6GjWKetyE9Wxozxy4do,VIDEO,k5vfF-ZolisYY0u9b1Swr
IURAlTmXm5F7YzFVo4XN_,VIDEO,EjHWIpJVNwDNRRHxNu82J
gqzFxjv6K3vH-iZWjgIgQ,VIDEO,bwLLmUr4obgNcTcPMqIAS
hjNxC_0g3eFYm8WWA03tW,VIDEO,doVpn3XxubRYAXBBfgqDW
o3Qae9NTtim9CVhwl3NL8,VIDEO,YEM8L7S2VnTLf9lbL6Zvz
t78iaijeh8W218v1sOEq7,VIDEO,l_IKGv4prBIR_64OiWLl0
3m7GoRjPEFxNvrUJa9IqY,VIDEO,5vPh27oIkyR-S0iacloUS
tkQTF5NAhhBPKLQKBAB1L,VIDEO,jR7V1jRpDgDG_eGuJC51X
AABhJp2unSLRkX1MllejN,VIDEO,gaHrYObS6Hhb5H2_YzDZ5
xD9rItn7VN_nhiga-I02d,VIDEO,LlwS6mHjappadGS0AzWg1
ET_GymAQ17VT1m4gUfwY5,VIDEO,aYQleSeYYEe4DgacDlekV
WbOarezdErizLlVnWpaDS,VIDEO,gqwEUFYNn_CE77yVD2r8d
InWiTUbva4xKcan0qAstT,VIDEO,R-d864nZXtaB9E-sFaHxl
23LFN_L4EgFd3UuwTABB0,VIDEO,H9m6HXfYFBuSbXxsTyF0m
IvsGWvNhkwL49x8ddkWbF,VIDEO,kz53HdN2a6_Lv4uVr5aFN
XxvncofJ4d-qiFWfCtdS0,VIDEO,OrkFirpsnjA-aRD0cJFdR
zJQqYB9hgUdEQwk1XyBfn,VIDEO,KoJYFzizWnrodlQRbdwuk
PahUhmUWW9nXBYvKxpOwM,VIDEO,ThdhGD2_FNmJA5Tfs4Q9M
dvtdF9R1KfcjQxhy4uUQX,VIDEO,YSRm_XR0YcFXMEJAamRKR
Oaue5klfKoko0v8GZYLbT,VIDEO,Kv-14K-OXyLSfXnaP3TaO
VN-ZG9qaqNfJU537N_JBC,VIDEO,Hio5e8ZcXrCOsKwCmMZEq
mtVSLghb0uNnYiI5R8iTd,VIDEO,_gRZnzTfAucx6dRNwVa2g
_fwbPOdlx8YTh9ZwpueOH,VIDEO,rL626frqhur3sYyTwolzw
y27uS7h4F7pjAHuTQGESA,VIDEO,LMHXJKbOqXxSDrcAmXhyG
ZG6ZpLZ2UKj2CF5mhd1b6,VIDEO,HaeyMnmhAaLaA0-xVKQdT
e3I1Ip2NJSUQY74c1Iiex,VIDEO,3TIvw5OsyQG3GHw2OXvaB
aYk_6IG_VSlxtD4KSsohn,VIDEO,DwOCcQTnjcLWY0efrSEfA
cskgg2v7JfGxrR4AhZNmN,VIDEO,Q2fPyYvmyN8PIKiQdp_4j
tcxAuHnC4oEIRXsQptTJ0,VIDEO,hstAxQ59WpvAwZA3vwJFd
QizXclcV0BPQCJM1015oS,VIDEO,y6bsB5hQeyYPigt0U167T
u8vlS2kCj0ndwAkP2-KKO,VIDEO,X9Cm4-muL0I-p2OSliB3q
4JcP4kc7lbIvqQNhboi51,VIDEO,wfX4VqB-1OWFGoYtR3qFM
IIAI8Xj-DqUbEvyZtPU4B,VIDEO,MlBNT0u3Se2VU_2Te7i9T
qk-S15v8DcNQY2UvgYouj,VIDEO,BWdisnRntswT_gq9-GAVX
FkKkZdGlGtb82xoR558eq,VIDEO,iqSmFCftgAqimGXsRoJF6
ZYRYND8_Ei0yCamLaGlbj,VIDEO,fcDWVNtmZ_wWfb3CFcWrS
Yk4Wrzo-S-ampW0BvBEbt,VIDEO,bPYQBU3kCEeDHxVitKz1y
MBQL7xMLQlKktEioK6YTn,VIDEO,QMTPIJKFWH4uTozjSVchQ
AuH2U4YTCa_zUvPmRDVX3,VIDEO,eGJ3mrrSEy1K1BaI9xttl
fn3loKxFqtelOA_6aNvak,VIDEO,gi46PQMDE5ia7lgxbPztX
hdDpCkb-PkyxRYHBMtbhh,VIDEO,hLs0fcWw8NHZ9EBsWsrCw
s4YgvuaBz8uD7XzDrT2zC,VIDEO,9_dha5nhTJLKF54iz7_xx
BCUNhvVl1Svg0ybgwLVxa,VIDEO,AflRZXMNIYy91Pmnur-jE
3hS23f_Uj4hMDJ0bXhRy-,VIDEO,NCzDtYz5wQZcE9SK5LCvD
XR50K75IpmxEPoj8Iv-3d,VIDEO,Bd2VWC4dHgVt7xdb5kkQL
jgQb-IWCUZwuecNeKIua1,VIDEO,kGmblr5dQNGWBf_iMRvYc
USqpp5BMw4xNfSmSFkOtI,VIDEO,3P9ocRKZKKqeBsuvJariY
KNtXRmOncXP7whA573K_K,VIDEO,xn9NhYeuDzUursSmZ30K7
IrCugA6LhowYQMxiIGgsj,VIDEO,NcH2uAEGekwxJccEJBXT3
jd1ZQZeErqWcCi7HC8paU,VIDEO,BeYtWg-EHFdflQNSGMOt9
f2S3MQFrffehWhtIELJe3,VIDEO,tgfC7GrvbPGxzlnhEO99Q
peuHfMEsrB20IAcHQILzH,VIDEO,VdwPSat8GlWLWCteuLnpJ
nwIi2k9hC28EboO8HVSIZ,VIDEO,oLNCsodb-rE-CSdIcYmnX
kaX2RTqeLIxcaq9AmQMpj,VIDEO,VVTpyDzDGJYasu_h4qScW
HqMPXA0iQMy_obnVKzPX-,VIDEO,cAHIz-Vi3ZpA2OAQMVAko
H4DZLxvAs-F0fcLz3Ky0c,VIDEO,Zsf9HQ1ZZTsKAH93Cb49a
XQi-eLlhEqqb4evQn9pta,VIDEO,2qa9D9kXMa3x4fjEg6cHb
dcldv53HQbCRcJ0YkeFbp,VIDEO,Yx-dfhonKmAFFE2A3Ttdt
xz_RjDEV4BNG7j09m-Qua,VIDEO,OwzW8XMg7p7rsiw0LlioK
AG5MslwbWFB9zbYLc3EKH,VIDEO,1l9t-kMWgeu39hgbDehe7
5V2gYD2Iv1ZhewoHkfdIC,VIDEO,kEU-D1S72Dx8tT2IjWrLn
fx-S_ywRIq2lDmmGH93Wk,VIDEO,hHn0kEx427k3M6Mt0_yRe
w_aAGjTMSoVN1EFqIlWTm,VIDEO,ZAuuW52bfGTsdcPLVF2NA
NxBpHZMzLNfml0M3cBKNu,VIDEO,1DJhKnF5ALozj-dIKgo24
WkoHrNvc-VqOR435g-oQK,VIDEO,RUk5mTSFRh2DTCxsetMcG
X9y_EEnSp2b9tQBQeopS9,VIDEO,QxYFIeKgkCvmX-4RbSs0O
8awgj5MQl220nriRofBAo,VIDEO,kHAvxoiAW4_-oT5miG2xj
6YD1EaN_PZNYGWAE-m1f0,VIDEO,jTBybC2GDci8VwG5GVhZc
fpKdf231ZzIE8HPXHzhl6,VIDEO,5kqPr50eQFlwQfy4D9aC3
A6Ubgi1zya9Prg7ROaRLC,VIDEO,sixfzrCb9JinAgaNxLnZ-
Y1dopGHGq0Mk79CSy2ZBJ,VIDEO,W5pjiOL0l9DDKUXssctHR
st5dk9jnNRDNHGZMO0jto,VIDEO,cYuoO4HKioP7HxSSnY5cc
gfM71ZCVXwFGG-zPK72pW,VIDEO,n09pkk0Mdw5hyBUzEIP9a
aOFPPY5i3X2iUnrS-2nxO,VIDEO,sfrbR24PGtTc-R8OVHyAV
0atguvNjLZpPImzf72PCK,VIDEO,DLyvqs47pBGAo-xvQVM1J
f6veAo87vkZrYS2Q256qF,VIDEO,nniCT5yK22vy9u2QMLvmR
6YzEZj0j4K4nZt_4CjBvm,VIDEO,9qNRMntrv1aWKCbxaaeeu
Dr2PZNmm_vY-ieKwOaoF3,VIDEO,BjzlItN3fIzUXFlNTs4Nf
TgUNhZ4Ola_6YA-tCkMKS,VIDEO,PFN2vnMcS1YnEFCkgc26j
5xGqFQHxyGNfeclRdGEK8,VIDEO,pGGO0iTVZO4_aF_QMnBtl
WHHRzudzn5zTzi83B5iV8,VIDEO,oMKpFMMq9EXLGuzOQwwid
G82rhTjYH8v1X8dYY5xlg,VIDEO,EDzJfuZDM8WbloPU8iWS8
x0N6sZ7IVdcbNbDBsX0Oa,VIDEO,SO2q-6VoZR6QC4oxfqVu5
i2oCkJ52iwjmkUo6Wx0Tt,VIDEO,loZ8W4Oi5EtYZ4dKVBhVP
l9AxIo1Rs4s-aizCu6Xxc,VIDEO,LR7m11uAP43YAhHcX3aig
oAhw7PPw4pagXg3ahjJiH,VIDEO,xt0KxoBb277a16ODhjmkJ
boXvWb72Uzyx3IKquCQRr,VIDEO,q1O-RLzGTwhtzSlOCcYtd
0bZ83Y0wIck97UUSv05kC,VIDEO,bTjqKQNWhR6lOaxpWevGw
aIvJ7AAAlDdoR_aKj2BhQ,VIDEO,u6Z87cHctn3oGojTlmn9a
ka4FPNHgqmM98DqHQwMhU,VIDEO,CsqgfUheD0AtxBAkeVPx8
_WYwUqHfIzyPIGj6zKLiW,VIDEO,-E3MzVNtqPgDix9q8DMaG
IATvRTYvLEH3u6qbY77J_,VIDEO,7mosLFgHBzGlX-ILsrNLM
zX_g54eOOj-89d9BTzBrW,VIDEO,K2_3SrrDwya2wNkRpBzVv
bDaO6G-yxYBp8yvLE7OEq,VIDEO,zu8TFxgco7DHeWvtOK7fw
mNcJ23Jr1A3RqxUY6fPNb,VIDEO,75R1bRgKCfQwZ_P_MTskw
Jv0-v337EYeCAZxxWWgi0,VIDEO,FCC6rmfbjkm9bnQFRToHI
BIKmeOXIVMIvUaavo6hIF,VIDEO,rbfAxCYfbuCrr9Pk7av2m
eVud-M1qeYMxOeKvKGUYb,VIDEO,9rORQSE8WJu1NUzAIb5kL
C0GzNeFl0AMZfcip-QbZ-,VIDEO,zX76UE7vkw6NavGmEEGQa
tIQvHSOXajahLHQHnnQDp,VIDEO,_QXsJrBX-NrvLynMVDxj3
OWuk7vNPNFRQgQ2i5FvAO,VIDEO,mlsIuVNbdZarTeUOOKGHH
ML04twiUuPg-FC2bXIrQ2,VIDEO,aYb16xicEaWOBExlcxU-a
r5rjJPgHAk-s-qhw1PULf,VIDEO,QHh-W-iq3rI1HzTstHbWW
bu6nuyF8L7_9ySfP5JQx8,VIDEO,RrpzfokjpUT8jbu5z1O0M
S2nR1dCtaLuwCnhNQ3kMD,VIDEO,meIkxmLzhZDH6k0-NBksp
mm4u2Epmp7887vwrD5514,VIDEO,3oOrMHiNaixO8737d6cIm
hB0zBXKhlqcgpbxv6To2I,VIDEO,hejv-kjI-SIbSB4umGTtj
oma-1qzl5BK1uTFJHAaHm,VIDEO,Iq2hN4JuPPuu3ACtGbvPw
IQ5ZnEyedLnUS6bP_ujtP,VIDEO,1hGEVFUv-Xf3EbGmNxcqS
HI2ElRi3Wy7gOG41epX7O,VIDEO,YjZFsrEKJU4TNdi1VVi7t
DdcnmNbUy1wVy0yaFkMZP,VIDEO,Ac5-_nTTZv0_rzc8_geye
7zVCKBDgFVtaOriQ1CI-b,VIDEO,K9Akms8fG085suj3ZQ7N7
FdVlFFPCum4vw7OTiswoU,VIDEO,1VMCO8OLHaQrqwiVAKLAg
mCxHqBnuZZ5w_-ZXTKNMG,VIDEO,Nk3h_rfgaxdM_ztymcoZG
ST7BwaYoC5ZFWvwier48M,VIDEO,_fn76xEqsRp_jpvi5DX6t
aYMLd0zLQ0LDgZ9UmMIJT,VIDEO,4xnirPIVTrn-jduANVqvd
Vnz4Lgtuljgsl3eHMbvV8,VIDEO,9zjLRwLcARWa_QRC6Riuq
cZWPQizlGXYFYyiPwhTwk,VIDEO,gogHCOF7SlgTlSv6gS7xs
pKZXNbpZYIOTTHfoxvpRx,VIDEO,SnPhY9-V06pDhiwDpO-QC
uPgqhuZCSE0iQ5ZcyoQSa,VIDEO,lS7u6Ea-Dp1SnMeqGM59u
PpYn00fAehjnONrd0_9NI,VIDEO,U-DM45o4HJgDZDfz1Kfx2
Fx4v7Y4FUIbEP21bGhtha,VIDEO,McLgMOj-c0r-TCWMuVgtw
8WXHD0iXSZdnLl2C0UdoQ,VIDEO,h3CvSyluV-YBi_y1mJSXw
KWkTNG_pz_XqJwGPr6bpT,VIDEO,ndVJ6ztQuDZqUFHC5SN8b
CkNaWzzn-SGasMRyUEGXa,VIDEO,BwrmLJDbJDrkZh9gAeIOT
-7YrLQy_mCptGYVn36r1_,VIDEO,TCt1D9B6Sh9ngfCp2mNxp
ptamcz5egTc9ZS-4L_vHS,VIDEO,TMd4A_eTYCunnWdHeJarv
8UMiii3LhfOlX6_O7QoP0,VIDEO,wNzT9YuNFp0833ZJP61fO
83wNDwekRLPRx6CBcXb88,VIDEO,a-w1SPhdnYfpmUALvd0JN
tRF1lFmlHBsrIxDR_WPsA,VIDEO,MZXrJk3UBGpZ3GfSyZyxu
BzkDiCEL1B2RLS3RtRxYf,VIDEO,4SiCvhC8C-nHt2AGHF5Mv
-MWJ8VAi8yXXxha3N83u-,VIDEO,SsFh31Hs2CTaa7uf21Ljk
KqDv9D2Xtss_-n4Eesc7X,VIDEO,J43pfIkuUopVZtyKB8evn
6oDhfQcCqXHcXIey3wjoG,VIDEO,r6sq8pVl0-E50VNIPVFJt
QziWWzLN22GDgGW0sKHTj,VIDEO,44bzDpYa8WAIUOJoNPoC5
2Wh14Jof3UGJ4QEcflTDW,VIDEO,x36QFP65dnZZR-uZCO2co
_RrusbjmicqX6Ri6VEROx,VIDEO,WnrUN6QYAyiGcwDGWEdkb
lrlD9H3l_C7JOHFZ3fUIK,VIDEO,-fgr13utcIJzpr8gECg2e
muvwOy6wd_VQoYyH_i3sg,VIDEO,gIaucoTcWuCzNmE6EbQYM
H5yikuXIKNbqyGhHQ-kdM,VIDEO,8IExUW1KHtCXQEQm8axu0
r5Da7mC6KJpuC3Xf4z3V-,VIDEO,yOs3OdIK1w-fU3doTR3ye
Kt_DTINXLna6IbXSqURXC,VIDEO,5xqb8xD2N8bwwMt-05Qpw
d4b1QsVs2cXF-sfcuFOoc,VIDEO,GhGNjGFj264Od_7AUc1jR
l0IsWTL4zQXJuBYl-yyry,VIDEO,KvqB7G08TjppPb9aqA8dr
T-aAZ1ihj7kZk5p9iDvQf,VIDEO,eXYfMeLgq9gWrb5Lt9Cns
y3FizFSVIDyypanbWSpPH,VIDEO,tHrPkj-mGoZuwwqFYfwar
SuLVQU042hhTXTqDA9hZ3,VIDEO,0R2ZZGm4qCgWc2N854AIv
4hz7wMnmLFr-xNSlj5OHM,VIDEO,YgsLglbce486vKB1Jm7fe
v12EbbWT5GtCMdN-0rJCV,VIDEO,rf-sQ_osUlKCdaA_EuhCe
q3LOLV_tow0pXNYpb9DNW,VIDEO,tYVycWDLRu399DHBqbdf3
z6c9kxtJbpVIhTqgLIpfT,VIDEO,NruucunqvpiR0wsX2ByHQ
YUWVRdvZu8VqcoFteQBO9,VIDEO,dY_d8HzDQtpvsNBYjyG_4
gFXKG4yCwJxXBEBdW3whT,VIDEO,xRK-rYzm18FgkZ3ul-s5Q
prZZ9P1od6TrAOWGO4EU5,VIDEO,wyBgge9fgT5dkHQV_oAE7
SbzTn9lenrRWSWZyzFwmb,VIDEO,RWli7dR-JsnAkSGt8ySmB
pOomYw3u7z65mWm2sRDiO,VIDEO,T3n5SxhJKMX5U1RYKAg0m
r3YH5vKyqOBIVCcWn4GVz,VIDEO,mYscs0VFg7hwSuqWSEGyn
CPQihxtNfJs-0J3Hqrg9T,VIDEO,G2ZqLpiH2EqQpB_jaLL2o
jyuvxISsYJ8AXBOLpG3yj,VIDEO,_vU-psyOaqrqvmDoBcHkY
J_wTZLShyDiJdfWRKO7Xt,VIDEO,bYRbCtvcFL78BjjAqA7Eg
CuoAI1qx009EGmJvScroa,VIDEO,-UaSqf-QAvtEZ_LFWbuNr
Dpo6hQERw0vSPr43g5i7Z,VIDEO,LGIxnfUtQSKkMujknJ7-T
qS0smVcYE2822Jy6bDyW8,VIDEO,xh_CtoFpqz-bBkGh-unCB
tGzSvyCNSmVSgEfSakz8f,VIDEO,Wg3-NyR_Zx7K1zCurvSxP
3w0MrHH6BJ-yhC_tva5kE,VIDEO,cQu8NW2sFNSFYzFiOtrIn
OMKGe3wTk3T3rj36DSbeQ,VIDEO,AP1w4k8ODpft40-MIP5cw
yU7JB1zEm4nu2jHQBPYkw,VIDEO,lclMiwQdCws9-hq5HrU-F
MyAHbFECyn3CwcnaUnYp2,VIDEO,C-DItrZpWXKM7EjxrwrIA
vfAQ8g7OBFsKSqE7VBmr1,VIDEO,l3UHqsaWcjxS4Q9mm8eN5
ArVebV1SNNGFB6-QxJhk5,VIDEO,Pbhm5Sd7b5Y3YTfNlRU8o
2wGvPEA3gHsh2XyRvxDYF,VIDEO,kjhA4pU1iQBXe6shhvmT3
KcjdgDtrglHFWcWBK3m5D,VIDEO,NiW-lV77-yvu2eSDfZa9n
tqjGbS0Xxk-N64YsZswWB,VIDEO,WCANBfmNtPBrFwdT8RScM
UtRCqpUJPey7okYGpCyMt,VIDEO,-nGLkWIorhwKT04tMJtjq
Wy1IMB6I7sDDFKUpwoM-A,VIDEO,bsRepR0EKWZZprvBysKj5
eCiBSYXACe-LFkqtnns1b,VIDEO,EAQxynRjqoiFGARTXVya4
OqQZBnH25Y3mMLU9v51rP,VIDEO,gVC0ska2qf2YGa2JYmLc_
dmwh3GzH4gS02yCyIlpFY,VIDEO,InV3Ul3CCZWqpv77TgNxp
oyWdLwGzJKpSUAjYWkNWo,VIDEO,2S6xmsUHCLPZ7rkggJeGt
6iAXHW9g9gWEZnP-25O1r,VIDEO,b1HsIfPm6rGDu05dW95u8
zM1Y3QnUME5UmB2jIpzJH,VIDEO,vLyHa8Q4pf1T7x6DlWFlU
Lsx0_H5szCtA_BBP01deJ,VIDEO,lRVbN-CHXgtruWifqDlRR
WAnkAPhwYlRqLag_r_Ksd,VIDEO,Y7xu4JY0RvZDXcCVyWEaT
vQ8TuCtwd5ttqDzuFdpq9,VIDEO,fi6a4hyCi9MOMKEQ2NrBT
otRBNitX_CUTxnschEJa8,VIDEO,slbFIY1t6B94JPX38zkMQ
yyjJtzVwU2R9ah21eFNgt,VIDEO,o225dIOlR_AFO9pd9ecTO
c9jOcXln1Jiij4XVWb02o,VIDEO,3hTc2w2p55RLoGmwAtQ6R
GT9t5Nfq7GPUlu5Iboxs_,VIDEO,oaCLq4zRivMr1348gVnVb
Id0rAlFiEI33hK1Fp66q6,VIDEO,Tg-roy6WzS66MqgyOuvpZ
lwZtSA2zIGRZ0XWcUB31i,VIDEO,9N1JLvSlmjkYTc0Q0rg76
zo0U6RCEynciZsj9H5xQ4,VIDEO,XDQyhc0eUDiRlZEHLPmoG
ialDfDSBLUmCxwAWYWvNM,VIDEO,WTScOWfeW4laNK-W2hZvN
fpzUoDBJ7mAAh5ArP80ll,VIDEO,KwoSR049LBGnYmo9ayJ4E
nfs9r1bnf1wvDdN4OfWav,VIDEO,tY5UeuEMDmynA7XTva0m4
EeqglC1A_cJW5KgtkY9_a,VIDEO,Xg-LhYLQ2SdkimTvfJFgD
igqb3FcOoR-LCi5pjo-s8,VIDEO,CQD3dRerw-6UKCHU9Z2ZG
Xj_oLX4IygIKXxy0F_J0a,VIDEO,rtCG6DcBYSzURtiktmtup
qGHtDraSRHHUfX5X_h33n,VIDEO,nYXwBJab35ACtgGfcnT-K
hFZLc93L_4zA-pisWM443,VIDEO,rMxOEUoTeAtML2BJD9Nv1
mBxjBLN2AU942jToNGb8r,VIDEO,b5XDZJs-pDaTc1GzFfjpq
kaCzPXc1YlBW-v3m1YXf7,VIDEO,YsqP2K90JJ0e1n7GLX1ql
o78WcfF_PEOdNTWv14wg2,VIDEO,J2w3NYew86drAU1CZRmDR
Jp3QSuDYvosuApMyek4kE,VIDEO,AacPsO8vnbHczURjVj4vW
NW6IfxdwJSU4B1oXkDmNh,VIDEO,natqWxzI9BTz36-d_AuCh
YRSfGpD8v5TBlQHUrwnbT,VIDEO,CEVXe3KEp2nE2PjKGJSXe
By6_56CCWJUII8pRhGd0j,VIDEO,ZsVYBk6PoTMLOUgVDrKVe
h09ldy9htS9Y0yiO1qb1Q,VIDEO,olBy7RH6Vg6uSWjeY5hh7
G8zpC7mhjFJrEbKAeOrht,VIDEO,5DUVXwOcJM7tJXesdRgEP
28mcx5zrCU9f-cv4EELQO,VIDEO,RU3I-1tnDJTfGWa0YF6aP
RUh3uapko9STumGGmE3H7,VIDEO,0qKSs1H7GdHHri7ecklJq
gVrAohXrKOf7lz5g8s71-,VIDEO,-Wx9M3cmOD2MuWReAIiMS
ECIqDkaAMMpOxBUn15IIb,VIDEO,aXjfA3cIRKsiqysMkYEZQ
DrFf5MXSbONzsB3UjG32O,VIDEO,CpQOm682lt0A6Y0sRnmc8
47vTBXaZvl-JDW7wfXj-K,VIDEO,VICzffNlw6RXnH1uVz8DC
8Ru2uFmXkf-S7sn_5-sN-,VIDEO,6pD4sxJGmX16FwR1SR3C6
mxWSTwA4P6hGhE15GH1ag,VIDEO,3LGvAQVotNJltHvaNYz7I
9Ohp7jG68QmsNUUYyOPz2,VIDEO,I8HsBd568R24lKVhhSudE
krNgTVvS3r6AdswCE21BW,VIDEO,2O7NUmXmQDuFK7It38SI2
xuFPoOQEkBkyCSpm8YP3C,VIDEO,INdvYZkxxg2fl65vLlYl3
49D2Dw6BYdDHhoGeU_Pw1,VIDEO,cxwWcS56yW0QgEDSe93G-
bjHWzYNEuaYFikexTcjhN,VIDEO,HX_QUC5l8INufRIn-FweB
GSEVe5Z6zRhQ6Qf7sX5LL,VIDEO,A_RNRACSJMcc0lNllCHJy
RshtuLQpSD3LXESpJgfAv,VIDEO,AdtpYJTPRmoHIcviEmFDX
pnnznuiJDikBbQ1CGDG8i,VIDEO,9ubK4yeKZouzpL3CEgqLh
iHGLUmLxmkUUWpTJ9jNsZ,VIDEO,C_Y5t5hHLR6fC0xxmRzmd
b7uJk3pKEwc_KAgor9xSR,VIDEO,kjWAu8OG1029dCAkZOA9x
in7g5hSCkzrIvBWs1CJ8Z,VIDEO,HTURPuclzFrnmkAlZ7iX0
7dxLhrXr9yiQccyX1hbeh,VIDEO,rlg-xXlWeFCsL9DTnsriz
QpsOxhDOJqvJBnE4ZrREy,VIDEO,O7OarM5QJigsKy4w5FtSp
is3HpaAD1rfwdIkjWBEAV,VIDEO,bXq-YG5L-lC8_pxYUGzHQ
g4_YDa5uj04AXa8RQntZ8,VIDEO,gpBQ0-ikS0LaFlzI7fU3k
nZLuxKP2cnugK4abUsJCb,VIDEO,aWtH8ShnZOQQa-gV5QNkz
zPLRP_M9T-AJV6k_yEdT_,VIDEO,kL3w2Wj2qdvB-u1-wNDbi
3sDlCxHMCvuICQAQoBSau,VIDEO,JyTaDixYlYgoCq_kZL7jE
ERrjBfTKO9O4dH3G415th,VIDEO,Bk2clLxVU6zGrCiV8-pO5
6mfd6W2Tq2Su-eTpRj0no,VIDEO,QAcaX_zmxeLPuYklRAU-H
eBq2irwViyzCYE6cLAFHN,VIDEO,AYkQd6TnQT61kN5qztl5l
8goLEfQf2SP0vxrNCRnf-,VIDEO,Ey4ApxGEehntfCEYz8Jtt
pLtNb32-P7lNLELMZYgSN,VIDEO,GrTBlnF_BFoWNe3544Y5E
gc7JRLBRcBwU-eHgnTncJ,VIDEO,qPEX-Kgqkwn0tQM4HvF9M
68wFZ5d44ZJHRXdC9rESv,VIDEO,fbtHYONpwCMt5vul3Uqr2
F27DoRsTb8sjvv9HmZhPV,VIDEO,zu6-y-Fl3fEI7TUzrPe8h
SwTDQhm_HCDYuT0RTY7b3,VIDEO,AeOVNpoCiFwJ3UW04HVwz
K3iD3Hb1iN-KMiS7h90fU,VIDEO,6n3LlD9RSeZhWcKvqcF8p
bdFWckiiYfCpYBOkpWQMa,VIDEO,pdKeMOO7WZRg9UlD3uIsN
a6PVXN1tp4ds4cIDnpdUh,VIDEO,b48QoqvbSiSkyxHbmPfnw
JcUzE47sPTF9vIH3xhyWH,VIDEO,37dXi2azGWMuazXx1_qsd
no0DkEzmJbVug6B-kfaJ9,VIDEO,b0jfVQkmT-abvx837UgPk
HhT8adI6JumaSgefutNP_,VIDEO,6dvlDgMGL13Owk2rnc39p
eP1sYoktR06og5uwlXq1y,VIDEO,59pdGd11wBvB9QyNIaDlr
6jitR2PYJzk0gzgnwV5H1,VIDEO,Q7kQwvExM8dgvM4hg91--
kCo6rhWMIfrCoXFheK3EG,VIDEO,ZbRXPSHNhsD-18ggCqBkq
rAxYgc_v0P31OnqtWToQs,VIDEO,MZPR18VlqEl71c6PGNk61
BHKA3vmPxnInbr0oW4ZEu,VIDEO,VbRSOc0lU7uNPBXXCilXI
3xaRGxOvWn0jKoY-jqYHF,VIDEO,y5Evn3ZZuzvUjVIQhTYGY
_Pz4usPvq-hkNEAwxJE9U,VIDEO,G4kNwapkwkXaDNp0pUCp0
V79dh9-WnK8Oabp37eh78,VIDEO,BO9B7CszXfPL4lOzsNwJf
Eyu4UkQJTs1KYSXA1OYfY,VIDEO,KdptVH3asFfFJ7VYWUXUJ
ItgFiZowfUcerPMcNCTVl,VIDEO,nALVkon_DHPXSBF7Pc4Vc
0NwsrIfgW-uvLFuKR3iP9,VIDEO,91NXVmQmyQrgHb_hucbG5
360rh5f9f2TCfDRVZ8qAN,VIDEO,KQ_TmSCnFSFWC7eUqdggI
Wklxj_ZVrXhw09fJd82Ww,VIDEO,qmufGQ94Rs7M0f7TiKc4m
HsnbLqU1JHFJf7pQDV4zw,VIDEO,rxMyW53gj6qxllaayaE7p
Lk5sDthTSTvQv1S5j-rDA,VIDEO,3U9rEtGagwWpt3RokIU88
SyF6yD4I96CfWt2c02gP4,VIDEO,96nwRikjnDzIBaDoJuYtw
Wr93j_LGZBKmI8p0eJ4iZ,VIDEO,9nFMF-0vLGSE9O3U6HfYJ
SNTfVaZfmpf2wfo_7ptdf,VIDEO,IIJuAS2OJbwtFcSj_rAo2
abqO0j9CFuEYA5QGXHPqb,VIDEO,9vmodHDVf_avY9OZKzYWJ
o3C2HQOmgm8JsgPyvPRpp,VIDEO,6hd0SK0qAqiw0xgo9CWvn
pvnyxy5KhSQxmcLmZb0wu,VIDEO,Y4RWZwKBcN4SEDiGDBrsg
gChk4jCWkQn00GrAR4WJX,VIDEO,TeIq8-a5ICOeq5pW08VOR
nZ1rlk0IvnIfzn8IRilHq,VIDEO,rRvpgtIDVDoUt9tSahtA7
EIHgtOcsfJcZyIfczQlT_,VIDEO,Q5f55R3drjDcVAHr3UIir
4JNka91AEzMcN_iBlDPKZ,VIDEO,BABbVUNhtDTdqXQOUNDGs
-sRZnHxZuJqZAgjAIHiDQ,VIDEO,tawAMO3coTSkgDZymiKCn
KsTziiHAOwhIs8yEFpSok,VIDEO,ebpQp_EuTrLiq4WbzirVr
aTGRg0y9MQ0loSAQmRxPA,VIDEO,yWCekIWoJoYwUAknAbXz8
4nyMLZ9y4ojv9fumkzvjS,VIDEO,vDmBc45X3b1_RWlzOhjXh
_fIRS3d4PwEMjh76GLVLJ,VIDEO,YFRzTPrAY8u9To_MFwwec
5syduzANupq1WvgIRmKN2,VIDEO,2p8yUwW7sUpDr5w_tUlxG
pDFW29L3d9mh31whV0q_v,VIDEO,t1-rKuyHHdLhelyzVNgyQ
3KPUMhNe2bb9pUQcYGQUw,VIDEO,pr7c6bZf96WnD-S8S2P71
FIi7hdnQDJpeiZ-bSEWsC,VIDEO,hIsMO2UP40St-kmbjqqts
nz8cFpL8SJRvZDn_4nKUw,VIDEO,QP9WIDLVJ5EkTxsp6bPOg
4nQH81RskeAKyocwf53lE,VIDEO,rtU7UCYZeTAU2GoSi1ywc
-BBTn_MH35fOz7t8qA5VL,VIDEO,ZfksiNF2pJvaue7bEMbJF
Ooznv7mVqdu-IxYXyz0mT,VIDEO,H5K9yV1E5oqqJzBIGkIFu
pbjJuArm-6eS1qIr9kRig,VIDEO,M23VNIQrPrmz-TET9Vtdn
rWej5fvjNMVPCquBHU2NV,VIDEO,PcHONJ6q4_oNtWbMkotK_
8t978Ry8P67EMQ9anLjvu,VIDEO,bkISvur69VR3dI5I7RUOa
0m7g9Lmgmml3HdzO_piIe,VIDEO,A3WGkF540qPhXL6YrwL66
XoaaAlqMKsl0B3Dkpamjq,VIDEO,lK96FK8FbFK8lQjHdCgWE
MYCxBMalAk3s0FxTYoj5b,VIDEO,QLZk5qh9lAX-NGjV8m7Tq
RXfu8fYmOiGnNqVx-viJR,VIDEO,b10MIYSbNQvy2kO8wH58O
y_wzdch7XJ4MiPIxktEEm,VIDEO,K3YsW4IyqJMJCnL4NaYZP
hury176UTZOK55l1QbBEQ,VIDEO,JemOUPo1HvGrVPoZbAN2w
xL6htLDCQVJy1kEThS2Zj,VIDEO,Drm7c8_jsU4Dxqx5ikE08
whlwTT4OK9v1E8xSm54wy,VIDEO,09iTkLEq70yOBY2913tZt
dhPp8MnSGrWDGQQAPi8D3,VIDEO,1qo-4rgwTRGigKLDw0PSB
RVwo8-sNxUBuOu4NTS_Aj,VIDEO,a72buQ4hektGeBEuQU52q
G_xhFHQgTnroZ0nNg_Ovg,VIDEO,PTRDRoiVZ0I-qgwvZu7vU
QTOB2u9tvFebkvJQUXpuY,VIDEO,YfV9SIsfbUcVK1sIaEJtH
1MMjsjDUa3t8L6Oo2gzu3,VIDEO,WewVVSzZ5h2i6x9gEU87m
cd6bTEVO1ks8z3jxKcWnp,VIDEO,cCqf_4YyANW_0PBKCCz6a
ApaTIG3_4wKAy-w2eB_iA,VIDEO,0mvfgnJwzsixJE1WsoMKK
CigzLAODu9ZLMBTI7m_vj,VIDEO,tDtPPDDIsRBOvNLpOaA25
-IifLDSrkKDo5yMlTk0gC,VIDEO,owoSBPLP4dRt3CdjHWm2g
kVkekHbWLltFgpS94r3O3,VIDEO,xRVPJBgZJwOkLgfrELF9Y
QUjDts2VEGQbFzd2j5AmK,VIDEO,bGFlqDjEiU_jYO8a7Od8z
J0nk5uFRmLzTho110VthM,VIDEO,NvnxK9w2a-_8rU4fQUgsg
HwL2VICMJVRUCxrssSNgp,VIDEO,1zy4IT2RtdtvzJYR4muwN
iUeK9WwoCRJ8dGV8IBjJ8,VIDEO,TdDdfYHBEYa0Ol7EaKj5r
QBqeGPpo9aUMwmUSpjj2S,VIDEO,Mvfu2i0k7N0VdR1jyDP4T
83iSX_XWsxd-R84blZkjW,VIDEO,kJqM0_ZMfzJaOHyvswqLQ
DHftTMkHFXcKfsxQQM4Sz,VIDEO,z8AhtMVRqg0en4pUkrRYg
993YgQtWuqSafo4BIG41S,VIDEO,DAOG041Eygg5jVAaQEqcI
RgT5JLGrLccJRaLGbR89B,VIDEO,NrlvYUJbdy5MPzE6nYtQy
3RryfbggWnK0tXREMAtHU,VIDEO,LsFqExJeOgz4hxrtIs6K8
Vn75Q3kZdfHrK9s0R9F26,VIDEO,WlUaEvsNtLi3qJXsC45aw
vbu2lOR2nBLG0R6UnN1QP,VIDEO,oZ_i8NRJ-2vYzeJ8Dtsms
gijvBn1JVVyDaywAa2Mhq,VIDEO,mNp1tIqDKbm5A_u631hWn
LF6Agwyz04ffPNFi1ew_O,VIDEO,VrL8_X9L66DhpLy-reiR6
GralSKg4K-nx8Wqg2TYSk,VIDEO,SybJiwJp7Bjca9gjRuhyj
Wc0ZChcDUJ5zwbtXUbQnn,VIDEO,gR8XDQ8a9_NvJss6XhBMg
FD5ve5Jw5Zu43mO6bWtpN,VIDEO,jkvJcQczmkTU9Vg-ZrbXE
CO4f1wUXsjTklUuU1BKO7,VIDEO,-GTBnFbvj8MpqXyUVlgYL
ZIyrI5_to4zTDjGtllYWO,VIDEO,-Z0G19WdEMRcOEAWkiNkz
svH7uSrfU4DjB9tLGZ8iT,VIDEO,idt6xpYZVPR1F4Yu7kfV4
ljRll6_UyH0Wk7AlitPqm,VIDEO,L7CaUtu9K7mORDS0t_nwC
Y-7FCcxS2-KYCoAPVkEBs,VIDEO,i6OenFB32w8LqQrmEfrAb
IxfI2kDNsTE9aOgkpMFn0,VIDEO,YVhWhwUgHQJwbYapWdLMm
7-w4SFe7GweIWOAioBv08,VIDEO,ceIFV6o8kiR2xJ0oZdTFE
1H_OU1GrXOjMcjkVErR4y,VIDEO,ve8MF3N4LwTu9j3xd8QAe
P4WirekraH2FatHuoY7zZ,VIDEO,4hM3_QF3Zu7ZUr6OSdNnU
_T0Ajg2xHfFpX4ykgSblN,VIDEO,pYpmnoVHaS9DAjKSu6iDi
aWyqjVR1RVn-TNcseREgj,VIDEO,L97o9QPHjiB_nL9VV04Ka
6KgNjiT3vzSDpkQdYyDst,VIDEO,aEl-DdED5dpGxJY9QT_u5
S-DLxgfV-z9EIRTm7oMw2,VIDEO,Pz2WxYSYnQgLuLPR7AlGr
nagkiLesKuZB_dXgtHzfF,VIDEO,C_T2bnffr4mfJDBsO4_5U
s1xe9mCjvTR36Ww_o_WQU,VIDEO,5VhMsSqXhe8Gu29B6hL_X
zJq_JKMJfYVVYsxjVmCo-,VIDEO,ktiP4f31AxzJHN2e4TbiJ
lv7Mw1V2SQeuLjd6uxDBu,VIDEO,IDuoVWHNWZbiHWJacmpvk
3Q6zUpK751vVeCDlmySeL,VIDEO,Hci67F6RsHig3euMirCLw
OQhKBWOsHBUW43qVvyrdJ,VIDEO,cVQVcYw-nItfAe-ScUuAB
1W9jRyWXle12b02IzwXZU,VIDEO,MQMJgvRCujDGj1hL0l07f
-HeGUNVOeuSoKw3gS9s3I,VIDEO,EU22nGqmG43NBAcrGAS8B
xpPaAH8ouG3nR4nFVciK2,VIDEO,HRN42f2JiZDZ8xrgzzUqC
D-vCX5NjqiH9wSP7uAqD5,VIDEO,IrdoSfpKXjsJ0AkWAyN_9
_ysfEQGfOdwK8bFtXwEPF,VIDEO,dbPVNk-dJ4A_RJSLwlmul
nV4pHQsjhN_Y-V2QcWF-E,VIDEO,xtpmVCztzB2svQb8xVv5v
L9UzywbeauR63zbltULIC,VIDEO,5JahNfmNkpaGuMx_xglRN
XTL-GWX6I2fwHD2LEtRm6,VIDEO,GtaIKQMOB6po1L6lsArIy
uY4ElAyu0dv98DH-iWD5Y,VIDEO,zsSUWDaM9IK__nwgaZRh6
09efcRsza_En6LMsMF88g,VIDEO,bf5bhgxmQ7WSYVJ-lm1TS
ue3zxoSbBn-QuEE2gYWWb,VIDEO,zihKxGHcn7-Ib9LPhBTM3
lczrOr1Qv25dpkcIMJVTW,VIDEO,f8cGLKPfW4nY0KDMS8LGe
havipXO2RlI6B6JXInAzQ,VIDEO,OJHp96nTcqYwMcUUXYene
qgjW38o5DJ4jDt5p93YfN,VIDEO,fAWBmu4pjhtOX_ZxXQAix
Q9h18Nnblj_Vz91JfkQ-2,VIDEO,rsnogJeLvi-h2GO28L7Ao
VpOB6dxnEfX80NSqjpEkq,VIDEO,6_SdHp9U1XAFyx0xKWoWN
o7nAm6K4pzME72Uc9INaO,VIDEO,MasUkAtE0TUTX41bhGFJe
demzv6NhonegqGZAZx2mS,VIDEO,xmTZVAiCN6aB3sa8lCEaf
X01VuQvi5NOocii1uu4EL,VIDEO,VZYaQN13AU_1_tnZZ71MH
P5M4JLElSTURHhlRm50Vr,VIDEO,RqsBHBHr9a2F7uRv52nuF
2jvb9qjUUMa26wcjlo-iK,VIDEO,fmohyej5hXgCuB5fYS0JO
xs9dT-_ECFzFE56-YdhZU,VIDEO,3b82OpdR7HYYwtiLlcVo6
ycMw3DVMyaAKkZn3hlaGL,VIDEO,aOlMK7eJzWH0xdXWfyaB1
24b34wrJdBq8QZfKqY67n,VIDEO,ahzVXKF9HHi3ze0AyNg68
c6wxGxwTOERGqoSI75qe3,VIDEO,vmBdilFBCXvKBnsiFUBqy
JmjdAp0WZ1WLVtkMmmZyz,VIDEO,4rZOj3lA1eXD_4H9-MBB4
ZTL4l9TelbvSjxur1Da6G,VIDEO,zHlYmH3RWqNNn3Cm9yQDM
QUmiS3R1Dg9dTjJ-JJXu8,VIDEO,IrLrE6qRmkz7JjLT-wvgs
u2T4D4_feSdiY1f0eNwza,VIDEO,sYvdPciQrD5DWkV9Ya2r0
iIMG6iQJF5Rwi5e8ELcRS,VIDEO,ULanovo8Y4dK2AI5-3u-3
Rv3tGjt3bkkkHw4sKUyJO,VIDEO,Ihcyij5yma_jo8tFEN7fT
IYbps0IbpzX5cn3CAgrhQ,VIDEO,dvpSs5kUGpTNzt6DI79UW
1blZsw4DNU8kOpStxmUEc,VIDEO,1MkkOJGRz66R_Y5ErVa8U
vc6iu4Rm1FE9IbdILN7yU,VIDEO,t7h-oUuTMR7057SR2ECF8
AQQK2HPbtKCAscF_7QfZy,VIDEO,MzKYwha1npvyPy-atPXGl
l3svx4-HAWU91i2UcNNhF,VIDEO,25QdmQAy8rg6LbQDE35tp
Vna5gUp9_dn2pDYlxthUr,VIDEO,LLgbl7MIQX_2X-KWXREfZ
sxZvdLIXg9c7eSwJOFi6G,VIDEO,OflDNCsT08xcGZd5OuEQz
sbfSLzrrnFYV1hnqc7MJU,VIDEO,J5jQ7SHBuWoMGFGAAlKe7
jvYWvWyU3MjTHFFyrln8p,VIDEO,-XgpvjC6T6vyqf0ZYszbP
JDT1GkpKy5mSNJxYun6bF,VIDEO,Y_b4omU8FjXNN6mQ_kID5
RnmV76iRegrdWKLBdBwKG,VIDEO,d5QrbnuU7-FdIq3wR7dwP
ohnAFVBwqpOa1z2_t4VIV,VIDEO,bbeLI9dPRTyhAUOGGWzPW
3cDU9o-c2z0hI5jhiUkrH,VIDEO,8y4C_9kX5Zm1zFeOnbfkX
YNuZVX0NGplwnVMb9hiIH,VIDEO,D4BlJVKhChIsBvYHrlOIz
Dv1KA1Zoo0ci1gUod5LGW,VIDEO,QmueKWIzlfhOJD89d_S58
xcnfZ7Nt1Md19pCj4MyLM,VIDEO,gW9ZZHMMMalza7OyqiWCe
yaEdVMuFXwQsoCXUGSlVS,VIDEO,oYuybBGGojU4N2KAt18y4
BhWtRM80lj32jGAyGyEZu,VIDEO,vzurDjOmO43ZZAhMwFl7I
3ShkKHOZhPKmNes63fV09,VIDEO,c82luq20aA1G6SK85EPNh
GcXga1NbPcrtboLQUyIE4,VIDEO,TBtLdahofuafXQUKl0eeD
95yLzt2k_mgbdOC8O-WNp,VIDEO,J5Y-dkBPsnEQ73M53-qqF
yuzQ6-y04onVIEjmLbQps,VIDEO,EJkyv0nyZWod6XGqKGsRo
Fq5-88q87seQDGoMKD9qv,VIDEO,bJYz7GRBQokoYfKqyZ_et
3X8pqac9x97jqrftjnLXw,VIDEO,bd5OCgnaYB4G6kZ0jdUAi
yf1xQyzBASaJy2-ImGJTT,VIDEO,ed0_ZcLP2FeHmMEcyDqCx
nDCGLPYgXntp8Ea6NdtkJ,VIDEO,EVye4jAQjkNn2vwzmM1We
tuv8zH916OK5yed25NZ50,VIDEO,1TypOy6VleRu8QDtoCR3T
bHgipxr_oOnRco_p1ovLp,VIDEO,uyyaDIJ6oxC4KVOPiC1vO
jghisfX1sLAxC1-GaobO6,VIDEO,ptEISZE5ctyMdlPW5is7s
taC_T49dafD59Siszqrlb,VIDEO,f-OcMjGK3nmxDL0fSOhZB
E6YfySw_DXE-8yTmuZoTR,VIDEO,eDTiE0JGadGi3r8A-FFPb
-j9f4ufiMWMxRZ2NY_Gi7,VIDEO,I3_16c5SMXw89SLZKbsLS
kxPXt4uxX1yYSx-40GFwJ,VIDEO,yw52ttpPwKBYDXET04LXV
b1LHLdctP0Crge4lARQJp,VIDEO,L6fFldMzYtaWqxt8n9ru8
BS9c9z2DUo8s3Tm5GIxP4,VIDEO,lAaL_nzrFT7B59pECtd-k
zBbfTYqcH7_3cIdic4MOa,VIDEO,vrVrzWC7ffaOh15vTOhkh
w4mjHMjeMpAXVRq4mqURy,VIDEO,Ixmk04i16YdmYWd7BDb2c
Cg-c7Rb_bD2VWqrtdQMiT,VIDEO,ifYtp-_8uVJBkR1zGhl6v
OcvYLHJ6APUQOABj7G7oj,VIDEO,0o7R1TqCtdsc3IkgdBdEX
q8PTMge9HiRjLOwVWsUlg,VIDEO,WZ90xS__O9s1cynZd7HPV
NuJ4m60yK4hK3_L1hGLHX,VIDEO,2O5tV2ygFXH1JpGlkuJP2
DRHTO7ZQqt8JodJajyGj9,VIDEO,lpYkWdSVWl0mTt-kw1UD0
wGh3COFTf5Qw9rSAna80F,VIDEO,Hfr-ODRYJ4LooL_d6hwo4
zLRLqXsDUxP2BDfQiBq1c,VIDEO,xXbytDei7kgoLAYBs1C_R
L6rRVhV4SojryJMWIMRsJ,VIDEO,uG70k37_ACgVawa0xATgh
a8pKkyiXSGI-NIWl5f4R2,VIDEO,v9TvkwUiaZQgmoU3zb8LG
--cFw1k739H11vpffdbV1,VIDEO,rdsHNKHRQbYkN58IqrtPI
A2QXGFhsd_6kL3-RYPGqI,VIDEO,YqdvPlQliDQ47ao1y9o8R
4dd-kyIvawSLAJ0jEo2h8,VIDEO,o0M--OA6GhXva2hS9THQ2
CWU3s0mP2XW0IyUvtvaz4,VIDEO,7c8y5OaKW0yeGN0Aq7OpY
vbxWGB3ZVvzvxEp2S58vE,VIDEO,iu7q8cvmW4mgPmxPnsjuN
U2LYe5DmtezRAYdCFg35D,VIDEO,UIESfGQ7tUcdXQylLsUlq
dkqqN6w5s6kbeqaSYJSlT,VIDEO,pketvdukELpgBPcfmxy7Z
6Yw0f0XSp-gNZVaziZmKA,VIDEO,9eJcIepp6GTMIeqG5H5ct
W4jtwuLHdjLynoAUxf8wT,VIDEO,7okxVil6Pl7xTPKp7Pp3v
fcGCgPWtaFgQVj2xij0xC,VIDEO,bTWNinMN0Xkhbg7PV9cj7
TJpci1i5sNJWIZh6pnoYJ,VIDEO,ceTolBtx0_t4PbdSL4gh9
DC0emYz-0-_RWGdE0rDrn,VIDEO,IwcOqvwzxuKWPnZvS4EoV
X7I5PuLTaHVJnH3F6FEYj,VIDEO,bfRGFyIyYC5wkYqFYaih1
QhPVeCEBSYrCeJqRWIbT2,VIDEO,-aZrR2WPieKSxdHUtNeS8
Te8dJjdbShlVltM1vkgde,VIDEO,RvI-hld4UnzgDt2LK_bPc
7UtYRTdZdg-A6zvBm8y99,VIDEO,9o_rpBL7s_BlQZ3aijdqv
_2DkpxjHt5Sq1_foAF3Ex,VIDEO,qpbYbq9Nkce8PeZF6gALQ
RoEGhRKnVyPe7-nm0ccnx,VIDEO,LoIBKAphd90RYYoZ1Vcxr
DNhdgPC5_hAySICIBu6XO,VIDEO,V_KIyNlhuzJxChIdZlchX
52sK8Hvf2uSnf8Z0Vuysz,VIDEO,N8ztbNt-IcSnmbk2oT5kY
lsJsMKklAfUJklZcVnsv2,VIDEO,U3BU4flSznjhfS0fB1Chf
Lu443TBpmODBEyN1ZHDac,VIDEO,5bIMq6SvJ3-HDfwy-cKL2
nQHpv6qLi2Qbwgy1bLWUz,VIDEO,mXIl9knP9IMojNKnyyhXX
zC_mOr1c4b891OZ2SkOjd,VIDEO,o66BzMuwqc1fdTEHVIY6l
thNPPzm66KWW-uZf3-iuQ,VIDEO,Z-DK5eg0bmuKcfY77aTca
qtQbIB8SYcr4J_APMjog5,VIDEO,KmbohYdrXjmKOx9p95bTV
3103aryDYSX5sjKubmvif,VIDEO,o5w-VQreMnnHsm0HrjkuS
bMtyLPkvkYxWPmX68TIAx,VIDEO,eNflRMZ_oZrbQQqaZOnrR
6JwjHIW3QYbesuKwFeNtk,VIDEO,NPXCgoRfpdBNPXUwWRcR-
Rj13f5zWaDy4rlKMhG-Xu,VIDEO,9Oe4GZWV97ExevoDhsXU2
AcBm4UwpWhe31RPzt1ent,VIDEO,A54Y_rvFMeStfNTPUHlSN
a6jU8liw65lVjwsX7OgJP,VIDEO,hmLmNVrHN5edCxjQvvSDF
vRTdLPTJDvE19qEKOqYWT,VIDEO,lCRzvkTEd9p7dy70bmtjx
17WNST9a5nawl9rk4gJVy,VIDEO,ZyItjsp4qRbp_CAUrlaZp
gLeY0ezZcdqly729n6ZGb,VIDEO,95fdlvh_wXzpEBTbMltul
cGcSDBq7A3mLwOYPem2Nc,VIDEO,zNtL-z0CaIvkl7GpI7YYN
IEnRBFeDLLQMq-g5DxCUk,VIDEO,vYt13zyV-ezDgrw4xVQF4
5MA94Dz3VPBm8QS_-whsx,VIDEO,TDLRs13MR0h9TBSblrdCj
f0nv_Pf3XsQTwplHzxYa5,VIDEO,2xg1BpPFeNkshg2MxHE0K
GYEm2WqkdXDwg7CEQFE5p,VIDEO,WLg0X8uCcUAxdbsNTcY-c
1pZQ5YZVPESCiw4zijjDQ,VIDEO,7Lk-N3oKffrvY6H1ISNu-
Q7US9fTIo1iqw8jnS35A4,VIDEO,A6cWKnv0FO_26lGqw1T6I
4d0MCfLys1LIYzjDlH8DI,VIDEO,xwM2wfz-qZDiAuQppHrGt
CO3O19VTvEnlWpmOT33aj,VIDEO,Sf32KB_3fXcLdtv85VjGY
t093xx8TU-3QHkDfKKPcL,VIDEO,K7CYnNOhMFsKbMsmJsxgM
KePR0wxcejVlKqD4FmWc4,VIDEO,im2UPtOsqCPr8PKviBG22
O2sbpTEzRmneofslcN0wR,VIDEO,RGrhHhyQpfYPNmWeUOX3G
sPw5EwXYhOExxMVkvu-T6,VIDEO,Xz4YAaNx4e8sfZJQKoa2I
VSMOeSlYBPIJzzZ6eWHb7,VIDEO,J3CVKzIQMCKK7TU_4NCJj
ETzp4we6w2Uc0WAibyZ1q,VIDEO,QfU0GU6aOqZ0hCHyLzpTw
HUMElLTEdN84lmxLkGLoF,VIDEO,oJQr-oJ45f5a-z-rio3j0
niguTj2y7r1GB1ikyorqK,VIDEO,6dPe766WddRtWwowya6Sj
kJ8cABcyrCiihDrPPEG7B,VIDEO,-JrULJLPw_IJA23P1_uWy
hBe0_RYmpLDkcMv0M2C2c,VIDEO,uE1TTeEv3mhESjJPog-_9
HQrb8Bj7JOpfCAh_HBYvb,VIDEO,svCzrxczRJ7qTmnjdyPaW
5XrLECfXOAZsKLmbS0BE2,VIDEO,Uv9uAlHK3CXHPsFDsCSiT
VfqiSZRG0XWc3L5GQz864,VIDEO,qPeRUHufAD8EyYEFRUrgh
ldSo_8ONTE22jbz9TA19T,VIDEO,zwSD1wm9apm5krOU8_onn
1CfMQLTgFZ_Liaaae7Ttt,VIDEO,HoqnsqFkN3hPlQu7_4B9B
hu3WWA-E-2oPmXNj5V9aZ,VIDEO,yazHU_TMJiMorChc3umq3
OKIP58i4KduRB90cSLh0h,VIDEO,12hdg9HlQucrw0gH1pFCJ
KFa9IKzE6RoSxyjT5OlzF,VIDEO,CLvi1F8zV2iIDaxxWH6mU
8zK_LiN-uectHSw4dLDxL,VIDEO,0TXGhyr3jGtveaFG274yO
m-UnrNN69A8ti6L4NOhXD,VIDEO,IZ3G7xlLYFbQhUbwRRY9B
o0MAxKSW1U2Qhf1Fc7_CI,VIDEO,AomiXd4jidQ1Ee4G_LqUZ
EHxKGFuzNeIDHDYdWGjrH,VIDEO,oFP8qKZ8zsXP1gcv8NS2M
o_oY2nyKJVckk0DTAvTdU,VIDEO,SvHqBb3BgIZTybx83Xi59
EtvZXGgPDy3gdzoaV4Dne,VIDEO,Uq0jMs7bp7yaWb5WwmsGA
-03ZVIq699UaFOwzhXxCS,VIDEO,O297k1iz0Bm0OAjxHb4WQ
YVB7lTr0aa3SZZjXyI_7X,VIDEO,brkqvES00STlHxT8INHaf
6-KxC03oUeu3q1QbBCmTH,VIDEO,r264z2jYVccD3Ux0qeRgz
swIUTsXuvzd3pvGXKptEu,VIDEO,wcwnJRKTAhKtfRtHuj7Pb
ZuveLjhJTTYia1u6cVS9d,VIDEO,IR6a-sIqWecSP5EHnrGW7
6TSaV-pfk5F0rmEVs9YMb,VIDEO,EjvwEkql-rv_4SQ4QxR3-
S3F8vLq7Y82NnQ5XL8WWh,VIDEO,7WXWlzERrGvkv-6pPdyPp
s560LjtcVsyRtb-QXFxs5,VIDEO,eCoVhIyYwEyvldIiXieqB
QbHbulkxdttLzS-8Yd3X8,VIDEO,aCtAbdfTbbb_YqQ_oIkDe
AsaJG_S7_0jEW1b0wsDX1,VIDEO,OnUPVLp-p3dPQ1WIiX_XF
3vJYAY7X0t_6f8OmTTFvQ,VIDEO,390N_VCq2osDg9G2EEbwj
ZYbdPz2NjG-Ai7Xp5YPOL,VIDEO,IlVulj2d6Bv7PnOs73h0F
c7y-wsLZL7JNyetJTTve3,VIDEO,aRjvyDzTKfz_t-CKOqSdJ
SUW3IBXtYuJKjZI-pZ5fU,VIDEO,BXT9fHShn2hRWSN9FnZ3n
CG460X2sq0XqL2SWQrMCp,VIDEO,0Hd42F-fcSGYgz6RhHq8B
caNehkEZAVivwZcZWpRCv,VIDEO,xsYEaYoVFb8i3R9XWcGLh
BLsWakkK30mLaJobH21gq,VIDEO,MPymk3g7-wKCfk9_Ouqsu
RHSTqwDc24Hr_p95I3tEp,VIDEO,Bc9a6ZeWXb5TfBxGjyWgn
VvHxIDab0CuGPrIL1yNFb,VIDEO,6rJq1xDGnWHjsVkVshnyG
58oibXmQ5DpLFCDTu8Pq8,VIDEO,qyBZu7jYoA2O9UCwioF-t
gBkytypG1p0pcGg8Jp3UY,VIDEO,OPxc5jxDKXvtpN6TUm5ei
7uUUTy2mLg-hZBNoBuFCN,VIDEO,4_AZRprrxxXINs8k2PYEs
QjOnTUzxDT2FoBLWpSdqm,VIDEO,nRhpSd6Oa41T6qBUQ3ZkX
Vg8rYRtvrBHDdjmaXGJPw,VIDEO,JEMt-DL5exzc84fR_c6li
X8vKZYaVSrfY9k_e7GXYH,VIDEO,w2qOUsgL18myc5_UOPskN
4JRiPagDYUrOCqTtVmvRX,VIDEO,2vGWB2T5PAthql7EFK7wY
wbmdkR7VNMwi_JbgAhB2q,VIDEO,B9hshxjMxb1NdEhgubk3-
W4fwt0aSwBVuWF_cV4FuU,VIDEO,4OAOSPx4eKl01qKkuWkQz
03_YLtUkN1_-ZsgTkA3Ax,VIDEO,HcvY7n5y5eoxkfKMsQb3H
w2xXO_R7bSCj6eX9sLejH,VIDEO,DkXPK7UwFK4B0PAgkouUs
Mw6bWxh_k8IXOVKQsH6b0,VIDEO,RRkNHO_a0JCUoIGaGTu97
-PqFUrCzoa9sPYYpkBcig,VIDEO,a8VdbBr6dlexp-FcmIH_-
Hh7ry0j4lzhDogTFVCiap,VIDEO,RbUwyBiUjoZroMO9tGl42
9l1ewD1E3GTcQiZ4lE4I7,VIDEO,GEJnLc-VHyOW6bh_HvXQW
iG5P8InqWQk6C4Lfb6gNs,VIDEO,HmXI0HnsZHqCiUnj5skNP
3-eAvORnhljUNBQI_7HQo,VIDEO,F7FhmCRfF1bqJ21R0lgA_
HC0GGi4fvrcMzJPvC42Ah,VIDEO,AQh6OgrUxQWj33duOTJQX
BW_FHne7amtzkRqIcRZml,VIDEO,z72Ps-IU0hHZi0wyJEdb5
woVfXH1Rboj9f-Ac87W_U,VIDEO,sdHSCbXrCcd2tBvCvbOak
GgBR-bbhIdLG3NFnmM37P,VIDEO,5fjJZrESwEg6OvjRtmZBl
7-KCXVD8ViMlGAM4870om,VIDEO,jVf60ohHVubMUHy_lZxVv
TGW7SwsZUltefSK64zW82,VIDEO,oFQ-EHUnBfNNcFhtprvg2
U1jgeOKYrBfYk4hXMuZ4-,VIDEO,jJMEUsi4aqpzVEsm4t3TB
jhRv07UsIl3r1SZyptNmO,VIDEO,6UZkSF0IH6keFqwXnJw3w
i1mbxe87MCvXZSB1WC-E9,VIDEO,IAKaB4SHgxU55BoMkx1VA
EHNyC42cdW5ScPiVWw6Ch,VIDEO,pvNXR9VeK4diK_5i9RGI6
D7UlNIFIHkAp5E-e0YIyS,VIDEO,PH3Cn2r4iPxnZFIxHjaZe
Xm3cSRcCHuKLelnH-FTZD,VIDEO,BWAlH1qq979m8s8U5kiD-
9JvBQz_sTpsli0uH9Gusn,VIDEO,eL64U29On3XnkgI5pYrAa
SsINChnA2zUdENK6a-w7i,VIDEO,-EoBR-appq60oIVBRJSM-
4_m3a-WvkKVQHl2G6dOya,VIDEO,mPbg25HxJNZGb6tYW87Zc
F3oma0FMazu-m8wpTfrQl,VIDEO,9yfo1zPHK9oijjsQ7cybm
wYELgSLNHQTcUdbO3yCNY,VIDEO,ZvaSmwhonF_6KNzQBodPX
IIvbFBDgKoG15DTn3wy-t,VIDEO,MFpvucmu5yI8JeE_0e6Y1
moov06XKCJ8z539dqb4LY,VIDEO,qxVUZSMAM3nPxXu-poEgG
l98kP6lu_ACHzzjxcUiO0,VIDEO,9fZ8iO4sYoJiEBLznUK55
tDxt__OArRfT_LJq94jFR,VIDEO,lJP-ug9xVq1c9bg9n12wS
rPk6_OZrUv15cXYY8K-wh,VIDEO,87Ld-qVMNo_SCv_AUXJHV
wpM8rfoQijw8mp85QRff9,VIDEO,tLXeNHL0JpUFLQh0ob4AE
Ub_KuEzS0nntsxQrtAOYg,VIDEO,xFoBdQi3HIv5A_GfJGp63
z-XgtId686f54qASkVsyg,VIDEO,IIwbWGFYOK6TGzAUT6Jph
OGuGwpz93hsizFTjorA7S,VIDEO,ik4AKEeyjbOnA6Dilb9pX
sVcjrZVw-oG8oM4R1Ck72,VIDEO,ZyPFgXYpD_fo4SSTHkuWp
0sBLkGoSfJ7BmraCWlQi7,VIDEO,rrLSdOa148coBgLq5AJ_P
2PM4RjBqh0N1j1LNpeARC,VIDEO,NdCZkvFiO6cTdEcblN9D5
95KfjiJqPog0qlAIObDbl,VIDEO,DDRGhCCKrwnhXfmynWDr4
m84juY8BfO1YgVSaTikUW,VIDEO,1QrsSzLb5JyjSWQDm3fNL
skFmtBp6kSig9WYoE4ioZ,VIDEO,szS2dqytI02hrtiGR9M-A
fyJMbKVxNA5lOWzTgJrak,VIDEO,ayxi6IRqXMCviRKiIiGFQ
mkx3XtH0DxFtwQNxZbjTW,VIDEO,fIWAuLbLYCDiFyDRyBw9u
9_0WwX7ngaixoJG8V9Gtn,VIDEO,Q0eba4y-sGJMrRMWCH6Xk
wJ45U1vIep1NRxs-hcTiY,VIDEO,tQS9nDYo86G0zdMa4vu3p
i9W0s5nsHghP405AfLn0G,VIDEO,vOfOvZ36wa-vGqet6rpU0
_GxSQOTNouMpCY7OviYH-,VIDEO,_PPaKRGG4G11V_K9I3kMq
kkwgwq1HssNzGnaj8pGXN,VIDEO,GkRI_hbPcStQKm0OdSxJA
QdqM1L_-_ndGWgaznpuf0,VIDEO,0c6W5DQ1KN7GaBm2BMJ_M
0Nyd3ZkTbR07fnxQe4AsL,VIDEO,m2ftwTT3HBmO7N1ywzUWl
61GgWKW3ljsjzcOtZfTa4,VIDEO,xp80JRhSFsq6HuWEsUX_4
QHitqXqrIN3r4LM42pv5B,VIDEO,sJ1Z8lycuLkbJk1pNvFEP
h_25eICCQZA6bbVdXC8Rd,VIDEO,N1MvF7n6T9js19TlS5wbY
zDCPD2Jwb7HZ-GLKvoVy6,VIDEO,FRQC7Z_z9nCZJORrQIGRe
umvcWaFgHf8t14Fvd2dkM,VIDEO,cJCGltkm6EskEhQglpBsy
7x2D10sUasZdr7V2X0V1o,VIDEO,2eXkru-Fo2Bb8LKYoxvQW
bc43xdOfucsqSOn6UCnjg,VIDEO,xq-w85Vd_vMucgcWHhzE7
b2Q8-pfgRU01xrJfsTAxR,VIDEO,K41ZmSWd0V5mktO391Wkg
-j1rQKXjyK3Ie8ZmCwjiU,VIDEO,Y6k4UiX3vXXIvATqdJIDO
799Z45U6sslkzgLKqFsCR,VIDEO,26NdR8Z8N7gAMS3EOQFHl
nWndT92vNHIzAnR46naKf,VIDEO,-hSlIZNEYRWxNeW-JbVph
e24zIn_HNwZMtNbdyv2G-,VIDEO,sV-jsLjHxsf8cOQiZELlS
h8AUBNMh5oXKSNEDGfAHs,VIDEO,uWyvAJSTtdrY8tHSDgG4S
HA97eY4vjfRY-HuaZpy2K,VIDEO,ncfEsExGXSt7zCM9tGX7F
YU3kp5QfTXAgmK2_9GOND,VIDEO,bd_SK3wX2pc9mKQQroPR6
hFAimp-VQeRXU2jLS54Tn,VIDEO,TBusYNhh_cMck7-FO7ED2
rHXgMDf-rnRWvMFC-cIQF,VIDEO,Oy4MqZDTb31Xc2NMhT-Il
eL3htBGc4huf1Ugm8pyOV,VIDEO,yDdzWWEggGJI0gY4bzhHz
XtAjJROp2gI24KtTvb5GF,VIDEO,WMQQ9vopeKlm5jG08jCCr
7ThywPQefyFA4S5dA28Xc,VIDEO,aFjaE5Q2_ZW-LasIOYjZP
GhT4CS4-kt8dRJsTDq7Rf,VIDEO,VEkQOLI9-b3JGyra7hbTd
kWvzyV_oJ0WcFqMs8rLWa,VIDEO,kwInqMvSIAG1_sHz10rlY
hFA6wUxPAyDH-uLfdw72V,VIDEO,J5G-2JzIkhZWFtUI7puRW
IODaFyzNUgZCvOLwWM8yq,VIDEO,BaTIdHC401wRXrEhptYx9
-HXJLfcHYK7DVhQQUi73_,VIDEO,HBUxa07y3tUB5Hq5TCfUp
y8-fT4zucUsmt9wUF7ECQ,VIDEO,SzOEzLwB5HFW5y0kI0pxu
AbkhxJyK2UbjspCissdpN,VIDEO,cHwjfZr1F4oKRkZhmXAgQ
4Tiuon4SoT0W7w_MSiskv,VIDEO,iqYMdXYALdsebNC5y12K5
Alw3B4M26wutg22peE-sP,VIDEO,qgbw_YI5CzoUcPIAau0uD
HvqDRlrO6y_pw3ywKaCtR,VIDEO,OtJEOuRg1tnj0WQmUjIbk
_DrMd6mY1lMCWM6X2zDX4,VIDEO,mVG2HQ9EDd01LBU1983JV
EtfDZKgF6tlNk05enGdn0,VIDEO,LtP884v7DSFWC677wvJzy
jHmarNKgdYkuMnyJVBmN3,VIDEO,mmI3IT8C906FmmQoGjRZM
f74vxm1C7jfM3QuG1Ti_G,VIDEO,DWpisuv1kz6bfMLVJu7X1
fejxBtuV2mpbzZt5-uN39,VIDEO,Xj1YNB7y3hPfRfMNOHcxR
60Ko4SL5_GjisftvtH0fS,VIDEO,GdS_LT-uc4SJ2-M_DolHW
MVSSdx82BE9PNFTLt4Vu5,VIDEO,2jj4r4blv_6AgKqMYlZau
jUZk_Dy_6Da9-2GTPssiC,VIDEO,_iz3prhRpTBUHb9cEhXUJ
ReHMUsanC-4V_fZK3M4_C,VIDEO,A5tRLnBi_KMaQclDFFgfx
s8LBQyxhPyJDpKIcEiRxi,VIDEO,eWEbVvdZHcFUv4QWEQG3N
JnmFpf6o3LV5P2HO49is5,VIDEO,g_5PfsUIdVlPhySZuKuC7
cfx65yzWKW22AbAmmAX1I,VIDEO,CJMEheHySP9JxeK7wOr_B
EGQiYt8yUtFtbonpG-Nla,VIDEO,6FntLL46A5VE_FSK2ap0C
BPLOh0pzkrEuFuSu6HuF_,VIDEO,LE0e2XgbXnQHZFM7AiMsu
z6WjeLK7wjm1U_jBIzI-x,VIDEO,n395Xf_Uwenre0YTfkqzz
XcVDOhQ4Ji2ghQ5RhrVw2,VIDEO,tXxUK9j7ZA1YLGwCpU4Hn
mDPSmDE-Z2BGXY5m-1zPK,VIDEO,DfwvoaOcoDh4EKSMJrGGq
2fWy1gxWFlSJK0LO_RDWY,VIDEO,xrkqoU6G9BG7Uz1I2psk7
jeG4ZycpSHH0yCUl0s2lp,VIDEO,2PQ8AhqDxXjUTbgQWerDZ
yW3IDSSYo2Fx7a8J2F0R6,VIDEO,SyrUcaPiJDxO5hJnmTJAC
B0szxHkByWnFcx6B_0Mzb,VIDEO,so5q7X64vj0nKEreyxI7b
IoyzMEK5k7TnzIoaDCRfD,VIDEO,KBl47HLY_H_Vss73GU0uN
VkLXG2Qd8cfn_BUCoVGds,VIDEO,xoDf962v2u0py3Mi2nnzC
fAPafVGMV-2_ZZb5IDfQe,VIDEO,xl5_3iy8XzQTqTUkSXNt2
AD1JUTF03xfeXNCk5mrZA,VIDEO,ya1t0kqrtMsjRGKnfnvyv
qV10J02RkHXKpjWCgJQCe,VIDEO,9jCwhOh8bofqCRSyTmuv3
AUww_X52O6ofGCw-CaJY-,VIDEO,dL89vtzyzmt7C_dThvnJ6
bRS74SmiKrvpD7AKj8uMI,VIDEO,QsJ1GodPywKosnIIdUozC
nyUfvOdImF1kY_-25HvaT,VIDEO,IzSJgSGwb2PdkYfNaHMaN
uJocLhMdFkNBLRwvJd-Nx,VIDEO,AoaxBeQiyCVqTLINpzUUi
7Seg5kBjmfBsTEi8d85Kp,VIDEO,7TYgIa4Uf26fRDpfW4wpW
yk0eHpIHLA9gEwJD08qyv,VIDEO,eSWU4-VoCKpu5cI8xjfyk
x-JbHkb7jNslpZ03apJsw,VIDEO,wfaHlmu5lyCuMF7mrfACJ
9iqG7as3bt2vB5bzwHMhF,VIDEO,PEKiq-Cc8kbIB7bW6LbMC
FjQ52FsxzA3CMbOyiUo4u,VIDEO,tKJ5vd1L0aAtqNJbimQ0F
rPS_klKQXBZDdrSVi0V91,VIDEO,iv8H37lAirx7PxAfzL574
gw2ICZcjXONPUex7nqRSG,VIDEO,4qiAathX00EjznmC93eK0
djidbuj55Gmr7s3w0z3bb,VIDEO,_4nG09JZ2L1inlcyTjopQ
7BYLfMIpW66P-b7Ssc42e,VIDEO,saCOUrow20UnPxY3c5m02
XyJGrkKzdZJOcK_xGPciG,VIDEO,jgr9KK25zyry8SJkeG3x7
B62dBc642V-vo63MMhzoO,VIDEO,Y1AVS4fz4NPauS40wZQUF
mlIbuzV4tT2vagg6cqoL0,VIDEO,ewQP-3M41e46Ew92eTAT_
h3rvy1Q8jvLqTqLAUBxyD,VIDEO,q4QzvLWNfXVEcFk7KaqmA
YW9SSdo3IKNeiJaCsqBch,VIDEO,m-0cN5JfSafdT2XpxI41E
yRIOjdcGJtGleXb56uYHF,VIDEO,w09edbkffA68ZtF7JOZCZ
I479_Cn3ISO60vSH-NbzK,VIDEO,q-3scymH7qCFXZG_b20Wp
3OwTf_hObnS__2mqy2-Rc,VIDEO,Cm8OmHGd791ceqFWuzYs4
1rYClCLqeREbGPnu9jasS,VIDEO,777enChuIeT7LQScQ3eki
0gS7GxzhtgRieaPxGRhlF,VIDEO,46HFsrNsOJ-woLFzMkDyR
G_rskKyJgQ6QIxhUvwLo-,VIDEO,ylVEK1OdGl-2x7lJMNP1U
MDiKo2M6z_MCEOgmoM6p2,VIDEO,nqpRIQlVRM-o9oknmHQgG
rsbB1Zx1NeM5slcA5IFGe,VIDEO,q05Exyt42JTZeTBQnG4S8
nZvanLfLINm_IDrwYcqVQ,VIDEO,S90GPiQo_cN-XuGoNRFVt
GsCU9_wCeFPrlLphma3Z-,VIDEO,MmNByZcUIUJBSShYesVCM
SlcJvUQW-UoE_M2lpyTew,VIDEO,7K4uz16hYEVDcrIvkVct6
oWm0ZAv7RcN8OyWgPldkf,VIDEO,eWk83egV8SamEEc-4XcS4
Ca_VxYxB3dgHiVHI9cJZW,VIDEO,bC7xDJf52azwGFnlRLEvz
xGx3_8yi6yH_a4K_y6mS3,VIDEO,245lWClvvDjoSGQ1JU0CI
0E06mlQ4s8XWRYDsFxZ0A,VIDEO,jxhHKLFiSi6HiLMd_TwxH
XlpWB5fycrBnWkQipmCy2,VIDEO,_XnuPQZsP9JQJgsfqoMal
o1qKT6dgKVKuVp2dACZgL,VIDEO,TwaAyQkr21oqduXsuk3UG
si1vCa7pjZOS73UsFajbw,VIDEO,gIN6LAK7yviP-MpLV6tlb
695d7HwiMD0WRP-aogrGL,VIDEO,OchHxs5TmZuZ5tekAuATl
LJZkU0pUrJvmU7fMvfFF9,VIDEO,pVGWUOLoxxj4cWC_1xalH
puXWI4CKu1VTJVbTre2ca,VIDEO,u5LgIyXGtL_5uNfv3a27w
e9_33HrfdbwqvC6f1QnIB,VIDEO,r6rvu1tqNAX2T0M8vFedD
b5J1eELuvlQFzlFdIZ3qw,VIDEO,tsa6Ip4kXWURtvW8ctIXh
H-hJnArATsNta2bKlx4By,VIDEO,SL8XXus4c-yiATntlim9h
G8vVUE8iGycgA5pyN4cn1,VIDEO,12MbrcTTZe7QREvjht5GS
Af8fSKCWoF0A0sbIf_R5U,VIDEO,jYhpfMKAfdR-rgnvebDMi
AYgVrt0WCjlubvSPDHfzU,VIDEO,LzsnQfU-HPu630P0w_ep8
E3ZT-IQPXMdKglzmeGFXw,VIDEO,xY8_eVycprhf3_d0hXqC4
mO55lc03pZDCfnYmxbSNt,VIDEO,HaqNh7PfGK5pk5Rkii0f5
RNHmQaDCprjnYwpktQYlf,VIDEO,wIvgNxmW_NCQUyux1JVUA
ws6Mcb06vJwdy9IDxmUVz,VIDEO,0LjV95z1lft4J2OclfPqM
WXNdrX1jGphJTbLHj32I5,VIDEO,rkGiNeE16dcuX3Q1is43E
mVZMazVGnmG8ym61-ixbi,VIDEO,GzQ713Klg4qgqW8Ld2hUW
mds4dDOjK3e5ffxyph-zU,VIDEO,psY6mAJ7kU6GjxBGB8w_b
T1__IFUrZfl-z43FcFnun,VIDEO,sWuM0hUCbfPp6Ixwk5Kmb
IuCAoP9lEKrHXiNLdLIPb,VIDEO,uy0Z1DuNgA_CoC195PAAh
8M_r5w2ksYl5OtsJXW1or,VIDEO,xmWvplHwO78JiD2wtKsL9
VI_ZviDYGYlsSAdcAW5VS,VIDEO,QfSTtwWqSMe5MGClv9CDD
GkqdujawhER1LC-p-R_Ge,VIDEO,Li15Ud7M_MML4fC4qTriP
iuWjMk6__GRkOqcvgt-lH,VIDEO,PsQ-pdcuJJCfL5-3wdDyC
_YHZt69KjnSwWxPlrRmD3,VIDEO,n-JrNjFuytvUQb7yEsnkc
Dra-9z3mNVLL3kGYDdlqC,VIDEO,_IDrNGINqmNsMnda1XK1X
ETw6q326ijNfJAg_YicF4,VIDEO,G0bMYqNouFXoBhypJW--H
Hj-GX4jIJ2RrbdDEOAJ0t,VIDEO,OFQ7Tm0llmEkvehwHA7ft
g1VJZBdbWYKq_8n94W3Wd,VIDEO,R0tdtftvgt5fI_0d_LFbN
R4Xmz2qRXmBy_iaWrRSPx,VIDEO,4zu-fJAFBNJ9bgvyrajuc
anuJFO8j_5_y0KijY8H9E,VIDEO,WVHbQQ8cwTXfr1DnSMhU-
OL8wJotjwws9Ywr3fqsM7,VIDEO,2dELuBIwAMVxBQ1clvu0U
g3uCoKlfL-NKncTItNQkZ,VIDEO,Lt_5LQ74EW6KKsQ2ipDJ2
C8gHll1hEvQjCPDIYJwLW,VIDEO,9Gb4lJykCEPuFye9peBEG
2fcjaiqT0nVlTUQU8pAjj,VIDEO,Swi2KGscjX4UgzCBEMDqT
44qR0scT7TWmohp-lD9_x,VIDEO,f6EyBj2OIVKXrVxEYGUc-
OCAAyBr98M7ZVpoLDAMqP,VIDEO,PYY2-kxVsHZ_rf6fQ8CZe
fthiiSUTe0n562YO8nI21,VIDEO,ZTTjR03WPmHVAnvMmfNW-
EIi-6dTMoS5G5grH0HbTX,VIDEO,XW2Pj1RcQACL7DjL0pLjC
n5Rf-cF-aiAnsTP-8kZ6p,VIDEO,9iDFHw5u6W2cMpJK0I_CM
d5eAxTgkddM-cj2u67Ejg,VIDEO,ef06PGdfSKk2Xb3RUQXIy
GNnTQ83blkuH5wkOKiVBb,VIDEO,HQHkYMF1fcG-zXhXrco_s
pZZRGKw2nooN33CDZL40Q,VIDEO,PkssbSW42JdPdE4eJlJwM
674GRNecB3zWL2AlihWBW,VIDEO,s0mEEtNefhlvhshUAg82d
vRXWCYouoWJshCwXbw6oR,VIDEO,7GF1jSK3B6yzerZ7AAi2D
bzDuxPisRK8NxDG9adI6B,VIDEO,1MgKLgXr5EaJn-hfeKsRI
HTcnkRwMUXMHVeZljzNQK,VIDEO,plrRXF-8XgLvA-EuH742_
6XfOSsy1yIYTH867-cGZy,VIDEO,HfsPj1BNJls7fgQD06IHU
_FoDIreZKu5snwjNPfcXZ,VIDEO,U9YnRUn0HnsZbcQ0bVqie
mpfRYnW6WuVoN_kEZbQ44,VIDEO,Z-1u6D_KOWswSRsZab8zH
Nj3jgdCFmd1oihWP695tb,VIDEO,x_yYYihTW0rVRMpCUwXjE
24WR3Of39UI3omxvyRVYJ,VIDEO,8u61wwGHH5Oa1sZK1NVWh
C4LES_px72HSgoduWih3d,VIDEO,t_jvYiUPXb4u04bwIVrCx
s5o-XSeBMbo6XWR5YqGMI,VIDEO,EssYneKglaIh8nl7jcbjL
wyecGxWdtld9xIgeZPQ0G,VIDEO,lASMJf9aTxwKcRLPLOh0b
FaziIgeVFVDB01q7lqE8A,VIDEO,IKX65FgNX-CWnAUlELeqv
E1T5fVytmdU37fjJUcUsf,VIDEO,_G_tV0APlG2a0g59deVa2
wNzZHbmZO8T1gtw7OC_ZR,VIDEO,--7mmN46Q7zfFCE2gf7PI
9udijAEsMlvSa2LO7h6BJ,VIDEO,Q10ksgXtgxCUOqMsk1Q9j
xnsxIckz3OzpU2rOkB_0g,VIDEO,eq60_pAoVcWR8Z_oeGwLZ
2aGCVEH583cdKbEUPG-DF,VIDEO,zTerIcg6YBvuFaT37KAXp
LtNJMPrDC3gx5ZLBAE9VZ,VIDEO,OQdYAzbhAHyoO7JQS5uRI
W3EqnOrcNvJi-IBmt1bTx,VIDEO,9YUspM-De3ms18kZOh6LE
Kn5dlK_x4AFbbPdzCWzYy,VIDEO,2rapdVAu-MGOHbge-jvGD
JMQeVpamiYC2x4s6de-6w,VIDEO,Uo9-DuHcb7mb9pud6jumo
_mfXwBNDB7Al6iaOqDKzT,VIDEO,xRDFojWwvzq9QcYoOYco3
9S6MNY1M8GKS4aQjAqzJy,VIDEO,gE6fFkdIMxObUyxz50-E8
pIqW1iWwCfvH5pGzdpBOb,VIDEO,CJ5KWgcBxKK803hyrtWLt
d9P5jB0G2ulz_Z_4xKrMc,VIDEO,q2tZ2-pfXb_XJef8OL_YR
kk1gx5vxZGIKggSI9EVhL,VIDEO,-DhYvMqAPHStad38pZhds
i7vBJt16POh3rfMhDAcSl,VIDEO,4xNcMziC8gbhMQ-Rs9Z4N
9-XLTGprAOMILLn2z5v_G,VIDEO,vOsqcNoiWD8NPhs9ifE6n
1KyhScSiKPRhuEw4_W3Da,VIDEO,2VnlF8mHhuj8qkYA3q_1j
YbFFZBpIxAH_GU7yrnQ1F,VIDEO,vbAPZwfWMzHQY-KVQLpA7
TIWffzB1797Rf6aNJ0xaj,VIDEO,nyyaGwwxuN6nxoH3_eaV_
O-ovsDb2FYEST1lcB26Ru,VIDEO,16FBCSt35RpNYwzdnXAWp
pt0bZs4lswOU3F8HjOUIo,VIDEO,wFUIL4TjYYp26HEyFLYUe
45ZweiA6f4aO1Ml7Sm-X1,VIDEO,u-bm84a-_jP47lpBnOpgk
ceMc9MaDHnt1-tsXzRHCY,VIDEO,g_wZRLcfwEGGec7-3zxAr
uMn5NTGmzdVTnVRnnqKbB,VIDEO,Pu2YuOuftBLb9dfHYgw_U
F1WqARiC_ccHNqKaY2RZ4,VIDEO,cIsh3vwVhLCNtk2JjKQhT
08Smstzwd6gPj5EoWRtc_,VIDEO,foxzY2GXk_XD4tHwyp3Yc
l_zazlwbdRwscTf42bGQG,VIDEO,bzj4-h_dST5q8MwLiWkpp
Dv1_2VxF1cY6okOuRF1P9,VIDEO,ZKk52JCdiIDwmsbXqvbZU
aF48rORU-4eMsyCS1ZQ8N,VIDEO,CvIYzOtR306N5AqLOPrHD
lyPh-908NPUhtrEr-pary,VIDEO,PXS9rQXpHLP9VXwqswZ7Z
PaQ7LSWyGnHvJZcFTJjDb,VIDEO,qURg8x2TSsFUYX2c-5LCC
L_UmJkw4nIvtUzkNluQ4X,VIDEO,UXNT1_8D0NVdGJ6FsJDPV
IbXQ1m36Xj4aWaDrH5MO4,VIDEO,Gh7xWRXY-vENGFMcUT5Qs
IBlvn3tRQpkg6ROwhpPnH,VIDEO,bkj7Hx0XhTXmPB4fmNRTs
njbwEFVzEMwsuUbKTe63Z,VIDEO,qxEwvgHNFLYvD3sNagzW9
ulVfZ9sJqeC-rNn7qXyhA,VIDEO,Pn4J4ilROvCAQ2e8fa5Le
T5gzhHKyMUlHXQFY7y4f7,VIDEO,MXrJfz3V98BYFn66yIT2I
Chz_3S6Ao4Ut1WKxyp8Sv,VIDEO,xD4_TtPG3N7qiGzt3p-MJ
Ye4yprTcBa-E_4baSS5GX,VIDEO,7pJLzXiU8td1UG0XHbysp
fkf4QAIxqTeOei-4L252n,VIDEO,LsEVCOBlwy_7Qkj5FL_Zy
0hxRbJWDnkdiXJXsjcGUr,VIDEO,X2A5SE9QzJGIlbfFYWQJD
YlMBut1m6wkcYA7uCVBkA,VIDEO,pL40cJvKelZV4fxkFxi26
bU8LoQODbW_q6EXxq_NIv,VIDEO,R6Olwa4Pww2b9LkNrduyn
u5YudsrZOjPGpCJjrrFrH,VIDEO,CYLFImZxAOMle3QEzDkk_
pzPqQvEmOIO2mn-07oTWX,VIDEO,2RVNmYLjU-dg2nZIWQLvd
bVSN4ETy16Aw_WVIdIGyC,VIDEO,x2myiDwfkQ-HTfq5MdnJH
iTKp6f0gLgh3iXdBJtMTv,VIDEO,iELBN8gAabv95A17jui_s
X4vu6CcVEb2BJzBIIDiGT,VIDEO,IxZWav2B_oTfaiJpeDV3i
AJVw9DeSF-jntShGwGw-X,VIDEO,ve3xS6PM3pYgXI4bPFcks
VaOZ8fc4p_zd4qn4RB3l8,VIDEO,Fp39ZzAqJw1FYoTeW6HJf
FDfwhA5vFmTmoQifsRQIQ,VIDEO,YcxYHVH8Euz8lL8tdGETM
Za16vCLKy6cYhs5t6u-0y,VIDEO,HI-q_e1s7cMwtdDNC54ft
KHExoACpZB5katvNvTBVT,VIDEO,KJ6dwJGU6htwN6XA095DS
Lt4e0QitbHj6ftIs8QuVf,VIDEO,vSRjhVWNVS0EfjVKa7rsZ
ISGv7DjDvjjt8KcLHTNyY,VIDEO,tRZcTlnLzbHtefx02vLBl
s3ExWGLjldvx1qwF3geqS,VIDEO,dfyug1Zp8HtO-5KPBMPDX
AcLuh4X73ttNG8TSqp8un,VIDEO,23YyfO1Ek_qWk4KHxmDci
Nd9OVzr6IJm-F1pPmw13U,VIDEO,HTVO8Omg1aIE76qZSSXWB
QTONJzRz4ctuZfZDI4COu,VIDEO,841Ejx3RDJGgnTAQFjU4U
uKR1LR7dSmZ5Rqvb4qGjd,VIDEO,dQofwMJe6aABynfp4YPfM
uDWKKm2FjL1M2H8bGlTfF,VIDEO,lPNpgouQg97Sqg6P8mRn7
bsYZsdPFb1sGByZ9UnmGY,VIDEO,B6MAHQVdkO8HuUYNyNj9V
ffYtSmloZuoTYS5xwoY4o,VIDEO,X42mKcEAziqT_ccWuHp1Y
n5a93rhm6r5tLD4MNVGUw,VIDEO,Qbx94XDgdpbpdI3F6wgIh
7Yxr6hLtrQVJ56DhxA7Z9,VIDEO,BbhA4KjBuZjW2YhDigI7g
U5JqLRr1asloDTGPCmwMr,VIDEO,n6LqcAQp2KsDle2xmzi-B
w90oUd17a-RDwB2KUdgFn,VIDEO,Y8QepOSk3XjY0LZU7-UHl
4OBxP0X0KLtAKROXhjldJ,VIDEO,LZwWF31reZfMdJAVwSVMd
PmMnBoR0tC0W3iOc4B0qn,VIDEO,KweTL15p_H0PcD371jPuc
fD7lQKFXozQmQbxBxoDcd,VIDEO,my9R8a-VLH3wisdKkwaRS
RmuJwx2KaPMM8gYFHSoti,VIDEO,DIIFmMb0mBVO1TC6L5VDU
_IaDHkge47pojv8wVgvZA,VIDEO,IpcUK56wW-HmNPwtPaDtd
51G9_edrscjA2x8nBFWrH,VIDEO,CsTfWFST7w7TZX-OkY1S9
TdyJhmKIInelKk4jRWJ_e,VIDEO,Z0FvSjffWGFkzdZba1cOe
xGiLmYH2HsmdX_ZOeKDSL,VIDEO,LzSfvi3ezuyzz5Vyb4U33
L4F85dY7jMCU9DVtsnkX-,VIDEO,YB9qx_DqLblzcdjou3nEo
x8jmKFmVUuuqoFiqu9_O7,VIDEO,AgCFfU5cVEFl4gcinO8lR
RTcA0DoK9sXuX0m7JOkSd,VIDEO,6sHHSHFbyxQe0t-BRzYAQ
sblZdH-U59pCgLGM_MKRf,VIDEO,y_sIz7DsDEpr4sbRIzCDz
8bccrudx6dPBa79jqatk4,VIDEO,yuo5DN_u9k83DaE6GrU7z
ERoTi6jrZ5tgp8xIW5hAY,VIDEO,gHAEdThqlgX5qL4PjsrDI
aLkL2OkQ9WcxpczuQgv2J,VIDEO,cg7m9tCjDUf2vsKd5AyTa
xLd2OgEgLGlutn2LR5pl9,VIDEO,fV9NZ5Xaze9snkKZu0xZq
_zkwP9T81L1KkpYJdzLqs,VIDEO,2QeOLM4wvFjH4uSndD0IK
-nta9itQhUbvu9JnEzjz7,VIDEO,kn-ji51O_cQ9PvPs2yfnu
3XSf0fpJtKUYd-hOSzRnX,VIDEO,6YEjjP06Ypch8A-y5ViGd
mfKEf-R-CLNsYBYnFu2m1,VIDEO,Etz672VlKwVOrx7Z1g2w6
nasQq2jLgUzOPxfl_LfOX,VIDEO,DYs1Nsbe1-NxuCXZ8roTj
X1W0iJgeAxICy_xswSGjC,VIDEO,9pX7M6DOMfaLmaxzxZM0B
8M6bEmA3YLOBySYnK_T8w,VIDEO,Inp8TqjpsnMO_u-v5xgRm
_L7mnT55xg0eYxia1Iubd,VIDEO,x8ThBpRJkcGb7miPOYKG_
LzoPSNu86fVtvgVDIOYMu,VIDEO,nvFUhpEpcdIo1sUkC1jrg
2pI97fTFYMMhD8sM0VYEg,VIDEO,zccMGPcrlQN-geXgDTurl
qfbst4dxSgf70VfQ_575S,VIDEO,MQS4sx9eGU20PHawxnQbc
Wl1Yp-8dD7aDfy_R2DuVt,VIDEO,e47fe0EDiIDg8NKaDT5Uh
u60Z4wn6AJyEBdf0woFXb,VIDEO,pvMjweUPmYc4gTVW7UvKH
pC0EdJkgOPStAoEgdDfR5,VIDEO,0C1lk9Gj_076pl1ADppul
8M0JyJOJqo-drGMd5938D,VIDEO,oQv-HVDSE5lkqOTSp4I_S
sOqeLCqIiHKcpxl1waU4H,VIDEO,gsfJvaUu9hJs4tMjtIwuH
VNJDRQFMzOJHyx-JdqAco,VIDEO,-StD16ikElX53ncEVlrRr
X8WW0X3Pk7hQBz2WtfSxt,VIDEO,D7wApkLVPioy1-a2XOzJD
8ZjIbFds2UOpnWBH7kh05,VIDEO,__TxW0YVvWdk9zwKAk9-b
Y4V4u90NcglVg7mNEtWxz,VIDEO,Ly_Q_08pEoBo88X_bg5Vg
j0y-gbNdLNy2hejuPitm2,VIDEO,tDBy268QWA2EkUA4_Ve3D
ZbuzwBVCn9k_Rm-Ler-zZ,VIDEO,ksmEKiEccnbiKaEt7xvt6
DGXNsKTcBhPVueBm6oZKk,VIDEO,yZ-Ownj9vH_MVFTqDJoSK
z8QivRIvwTy2Z2pBW9HeM,VIDEO,a3JvJrv0GCyO8cwtkyrrn
3J-JXq3v1SCq3fz1RA2mb,VIDEO,HXZNI4MGp4C5-zJeLTDRE
M1x117d5dbqOXObstYxXd,VIDEO,hz38J9gRvhtvyoqrv4wbZ
xsogIwcCE90h18Xwf2mam,VIDEO,xaTlOffx-hUXoEbsbEbJN
y0qSdl0DgOlve9Dtvbu3E,VIDEO,sgjg1Y_YFdfX_vMrT5hux
1BYuueZXPL9bqI99-9-lL,VIDEO,l9mXn72kKh_2SAiRzjSue
KSOOvDkd2FSoNeczW-Tll,VIDEO,tq0IfNcxg8GYSkuRhWoL1
rMc7syFcClgANeD0_ftJZ,VIDEO,9qkbSdkkcylkB4mTIGiPj
myF2-aHVNoXjw7b72djaX,VIDEO,UNBlCNjMf1x0MQhDAUqHY
hUU9zs6g7VpT4YDAZyCYl,VIDEO,n81b4qviTgFri7ZyA5CnF
W29Z3NpBGh-5DeKnUbLLI,VIDEO,W0RPpTSt38AIXoHor0Uq1
_r30Dew9fCqqFvFlgJbqC,VIDEO,F62GODflpNVTFuo_j4M2O
TJ4e-ECdNH1OUT7j2-zgZ,VIDEO,sGFf1R1bCq00joMllsvsU
tGW25UTh3YNEXCy87C93y,VIDEO,b1jhpc1L8Xyb8GMMvcImJ
EsgVQl7grhlGHk9Vn8Vce,VIDEO,_Jg1-2hdfFlki8aFIHR7b
CUxXRDtmLna6gL6StImsR,VIDEO,f_6a3I_6xvO07MnPgQEHI
Vyg1FtzgT8QsvGMGTDlBW,VIDEO,9EAKQCjhcVv7Jkg_-wk2J
zPHXJIsXmgYVvZKoAB0yY,VIDEO,tQctwNWxP2aCHqO8KmTY8
ELHnqjMpGvrflRXS4N-ex,VIDEO,XdQjEDgiH3GFMAFglmsgZ
wMIiiJtbnLPCqdGnfGVpm,VIDEO,fvPCkBu46mvliXyuEcJJE
H18GcSahxNKr6ic2h3A0O,VIDEO,CT3myveWyIm-IuPKr79ON
rb4TkE4YMLWsuSqMbc1sR,VIDEO,eldr45t1f1W6Xh2CL4-lG
FhE4Z7gpDHJIPfLl_NpR3,VIDEO,SDf4HtqQ-YHYCFAOgVyS7
QpPy-Q37UKygsn2B_elyw,VIDEO,Fr-vVOId5tnevf-7oA1us
7t6Qiut_oq_hXFCkFCaPw,VIDEO,g-zfTLdoSM7Zv5LrtH65r
1uJynGsD7tnozmH3n0bLD,VIDEO,SlK0JsrcztKs4s0hDsspO
tAzkgjfhdXCGKzZewtmnS,VIDEO,fBJtyUiOtapAVX_OM4rlH
9U6HvdMCIEHCiDGA2Qo_P,VIDEO,G5s51nBuBAcR-gDOBERXY
CQq1L7h8R_B87AqyWJkXA,VIDEO,VBLFMKb0QIJrNaAvYxmmI
479vMzowYWDnVcuqzItrv,VIDEO,ZdnpMBWKttyh4i3YL6cJ1
uI46xtSKW5Ov-LaBjU7c3,VIDEO,T386GgI5fUVjuYGkHgfHo
o8hpFfK8YD9-A4UzOY9Q-,VIDEO,MT4pJoSvey4VqqRCPwB5S
r_lui5zk9yrMdR86M740J,VIDEO,qqbyFqhaO7j0hDNS8yKOW
KBPU2O6Fp2q7YCx4PvVli,VIDEO,QTm88fFdsxmcoXE6NRwWv
udUFNhOV9YG3xPAxpOuQs,VIDEO,wj8jc_Jfyj9T30bfQ61aF
z8nZ933XWEmU1iE1Kq3rg,VIDEO,xaC8Q9MJYAewegA2iPJa1
nnnZVL-Evb_AFG02D2Gfr,VIDEO,o2vT2CK7vv8szfVOj9pcX
0d_N2zMzX3J5vEVTlOaKQ,VIDEO,CeImzMeIY2My4XGjdeoyK
iD2IZjWLbdOfKvAR6JZAs,VIDEO,zwW_iYGIAQU7LSwsss0qV
IafuAT_NU0q73t4VSBPSa,VIDEO,fcNUaQPB09-xeY5wnEzNJ
uSBta8BLHgFjT3RN_8EeK,VIDEO,eqkXiJXzjIWzi2auUB7RJ
aO-UlFMor2qQGin04YOYt,VIDEO,8QvgU3ybBaKPbQSY3kG0t
juPL0or4N-G0yJfDG3hm3,VIDEO,qlFqJMudcU1Y8gNfVv8QC
eD1SKSErETaez5z1vYG4F,VIDEO,1t6RG4KYfgpoKg3qx0Vh3
IvipWDCnL5YojTtMXeNP_,VIDEO,bmsU_DpPbMiCL-p5jjG5Y
becm3Dr3Fy-23jf2LAwZR,VIDEO,ICgkdebxiTUMnuIlfj2xo
3fG_Gtg0rEl9-ZPWP8Huk,VIDEO,B1sxhRlpszTe0Uh5WZF-h
Z0juyB1XBrYU7HVyV1fWp,VIDEO,AGJshPOwy9_EgFtlq2Zgc
RNQnh9qdtbnn2zFdWEg91,VIDEO,RLnaNchRIn3Yd3CX3osDj
AQ4cSvMe20BCcBMGimH43,VIDEO,HJpBlZZQDbdSE70DbNZeX
D2wfyU1YcefiS6_Hvya5b,VIDEO,G9xFnHdshuUp2pIfuiI_N
8iG4X7Sioyrb8kE_W_MAG,VIDEO,Es3rbvnLcP2lQaH0tbo69
YOiSsH6-gQlLYRWt_7VkW,VIDEO,91SJsDIKoYo9rLiW9GVEA
_IAJA7Iuz9ePbLX61kee2,VIDEO,lTChNU0UiLK_KDBbfUkwL
NXo77NgAItNI-QmhHlL2P,VIDEO,UMDjelYbUY6D6mmikJgyi
MK1hFW8X_KN1kjm34aky9,VIDEO,GTE3OVO3ni4if0_3UBj4G
93q3mAopUwYPR6a_ENeJV,VIDEO,QKVZtYhQm3tfpEQEP1Vgt
9fYcUvT-O36EzbQwZ3kaD,VIDEO,beuDA2-WA9aAXhk9W0r2h
pyS8Acx-ofJ9QN-GoHNPZ,VIDEO,QWxpJBFPl_4IIDJ8TxS5F
TQgsivH-y5zNdAaQZFurr,VIDEO,n2Vd35ibw60HKQGZ7xbiY
dav_3Bs8Tpqq1Sk-bl7X1,VIDEO,UkUG8rDsjS8z-jppeYVzY
lG2JYgtNa1RnrCX5jGlic,VIDEO,28IyGeRspG425zxhcwdT1
Sop3zx-MuKP12gD1qT53R,VIDEO,WIMosvI8cuZBgVmdNks81
5IziKBiEGZqDi8jh1XhrV,VIDEO,pklgRmrfe570W0xTqvyQV
_k7OonET-K-phrv8UWds_,VIDEO,XSAwo587UFreHV7IsOuT3
X0_EdclMuRMyQ3sObPZ4J,VIDEO,KBgbX4RLn179dF_DbQqlL
VPr18FCaC3dSwkM1n0QRs,VIDEO,wprv9uP64QqXBDrOOqmZG
BtQsFcog-F0ThPmQUHT7-,VIDEO,CnTf1GelLR2oo2Tepx3bs
tLL_m805zf6iNunlCLRLD,VIDEO,C_7oDPyTjGycfxbjKknPQ
628kJLmaTce36qLUHG83L,VIDEO,vgE9LUOikbjhhXkJwoWPh
Sh1rWvi4WAT_5T9Bfqjyt,VIDEO,5tyyyN3RMRdbzmliwaZOP
5rwZEGf_uf68xtBGGR2TV,VIDEO,f4gj8nkXkw491KAnX_qNZ
bXcz-E9knFDba6Nyrs2s_,VIDEO,KRcS8YabunYFkpQn4nnX2
XM8hAcGh_9Dc5wPqUJYpC,VIDEO,lJAwNZBpK3tNbSiXP1Da3
swfGNoUXbn9JSNOnTlUwX,VIDEO,RgPYLd-cyl_GB6fRs5MsB
Dsg-btmBKGGCWYXByWlzl,VIDEO,m6ceLWiBS6CQZBJo5K4qR
g-bjyuRg5Kp32hIixLwX1,VIDEO,EMzDtAvk_hN2-4hZJfIAp
4w7M9ls-kdmeSnNAqfYGK,VIDEO,H_FOfIjOmU43O4O2WKF2G
oajCrFBWjx_ZNfG4NwIxv,VIDEO,yeDO2_Fyc3eayUAsg5v-1
yeBmqWXbPSpvekkLZ7lU2,VIDEO,Wb9gtrfMUgmqIC8vlVxK1
Xe1XXZ-uRyw2vhn0xn4B6,VIDEO,bAdS9vrWZsf3FBVlw5mcK
vBqWgnM53XtEydu5Izcpk,VIDEO,VhAkhRkdCKxyjbU1yFT2q
pSU2EHYhGYuCaiDVa0VGR,VIDEO,RI9KauwNPilRxx1wXUhPS
_T-V8kFZucCzlZceLGgFt,VIDEO,UIL8J9wFKV2Xg3N0uDojR
FTpQ_3Eyt6zVa2JA0d1tX,VIDEO,2ohXMYnmCfwGlDTZN-a6Q
kYwxQ9AmHLTKsOTBrxatr,VIDEO,6uyU1lVBO4I14rww9wc0J
ZIu3oIas9cZf-gjBHLBUr,VIDEO,M5VsF32y00VkZnFbQmEP2
H0Gcw4jx8uKf4Kniz9r-6,VIDEO,dJu0PF1LjflvBMc6Za3Gn
UAVYHR7puYhKUjPPRsb3B,VIDEO,pxMrFXV8hFMzls6xa2AAa
rMJ3Jrv4t8P3U4KqDMJus,VIDEO,MN7hLHCmbNqzayhRKv_A2
a4w0YR7Wwh0mtlo-mSZL7,VIDEO,LcxPO8iblYUIxWGFKflxg
BiB8GTXVUlup71mOPiytD,VIDEO,9uzz5HgHJSJBLX4VOqkDN
T7c_xxNtvHuxdOmhtKMNj,VIDEO,Wx8Tt2R_TMdtJ_VRlg07-
48rz0mt9-Pnkj9ucg23QA,VIDEO,Iz4dAUBaB-1Z11X4SPfNy
hCWxmK9JR-XnF6cx_SFOA,VIDEO,pojgH_PExLiqJ_NG0UMSi
_hNSAjUper1UgxOPj3hTp,VIDEO,sXrqeSbzxQNxGxeCNg0OM
jZ_MJ-Vo_7UpbQRniiDbB,VIDEO,gTLV1P1PzcSAn90-cD8QY
W_gusZX_GfgGdFyRW5msQ,VIDEO,oEfikuyh8EhNE6m2OiOKW
z4u6POGp6TP_FDGIR6T5n,VIDEO,8HvP2pTxEOAQABkqaT-OB
FkObmiiX1zcS4Y9awjmEn,VIDEO,eAGIKxxjUnZlJgjL5uCiN
091z_QXY0MA0byn87upe6,VIDEO,2SA8mybJkQUPHY-t-P_3w
Ozy1wmfKZKl97ALNKdI5-,VIDEO,ZY86DcIr1WHuNwP0ECqcD
W6J00fmCVdU0PiT97rIT9,VIDEO,5hia7Gb46TFkXsBYtOj3x
9pKwB0Z2GLS9fVi6nzzpB,VIDEO,ODxLCejXantOt8R5i05ER
Y3HGqwHAXwbHqxOYqYgxp,VIDEO,HZj_GTsl2GeMi816WReCF
SLjG2s7PfSGZ3qelwauje,VIDEO,d8LnCjPiCP_W9Ur1qk8t3
qHrcwmVdjpNi8XKO6mYLh,VIDEO,4yvE8TY5aRzh8azwvLzfp
7Ish2klz812hqCCgFc6I8,VIDEO,me2Sh17VlCIDGa9FD6zAW
JmGOY_GUP4nhF1GefjIM6,VIDEO,jBAAjv5Z_TMYM-pf5gsOJ
izZmUpJ-7udzUq0QPx1JC,VIDEO,oVjdnnGjsNl7P3qty7t38
pl8SbblL5DqhHzmFOqh-1,VIDEO,bpsKB7FHPkOUiZLLVjNdQ
f28lW497HbQOcQyGniVIt,VIDEO,tM5zMAGjddGhvfTmRIPGa
_lhigpFUoAdNBr4KEUx2T,VIDEO,gc2mAHfGBapucW2KkwZZm
mxxBdvpfTlhyTIYH_pcwH,VIDEO,4KeAX5SID40Tbn-9AQemB
Q3nashRtp0lX64VUunlnb,VIDEO,BB0_glSc8-afqZB8NQBuz
NsjbV5qpV0pCt-Qz1Q0VO,VIDEO,PzIF53XoiqG-a7AGPQfas
U96c7_DoKuuetrKI9qt_E,VIDEO,yVLKTQ7w7bWCfhp8Fie7s
9y9-GBc__pZaHEPvXtD-Q,VIDEO,Fn8QzVVFjQ5XbS16cm56A
hXwkMwvZLcxhHEPD3ukTU,VIDEO,h1a1qqDnF7FCUbMCGpGAE
9lOcxpowLca41fooKcj0w,VIDEO,W2WQCO4TfQNRo_3Jc0tA9
QKpsX1ATdoc__DEnQ7anL,VIDEO,MdC_p-d8ZVufFC8Bal91H
OUUjq97s0AnnMdf6O2Log,VIDEO,2zRoh36a-rdAC5ig_wDgz
kR86VKBUPcY4KNBsEph1h,VIDEO,HoV8bHVuFcNRAiWpcFAtg
5Y3m1j0QTBlG_kEXJj5vX,VIDEO,Te_Wt9NBlBwdKae46o7zi
ST44pdq1ifBTbY-Krs5bm,VIDEO,8F5AuaHWAHXyYL_4mabIi
nqbUKnsWPlxV3WW_Vwueu,VIDEO,m6uBGY3cFaR4koyazsqAL
qIJwqJiix4DVSSZkpZxLr,VIDEO,rzS-xreh1yMGqkE7K-DfF
U8ipc4LPBkke9_0QTTH7l,VIDEO,bdqdwDYFOK6M5n0aHiqrO
e5sSaNLNX0-uR3TwSaBxh,VIDEO,xOrM-astM1kcwSQ51WiFX
mG873ZgiI1E50McZYNt-7,VIDEO,Ad-zzTCrtBxm-10uAPTTJ
VrTLFKS9cbC_O86PCIpjx,VIDEO,U0PkXuuHUTKtMQ8rJu3yM
5jaMUN__Gt_JQ5GXKWhW3,VIDEO,nzreqo7lh7okWjliyFo0r
oEtcsbTIBjXJCRAkB675t,VIDEO,VVnIM2IGpM4RNeWqJZmGH
EDHX6cM4g0rSO6hkqCJx0,VIDEO,Lj06GwxDLX2cmq8nvhJax
2__xWA_TROfaxORm1N4Kw,VIDEO,I1A9hlqXaFnOSj811hphW
bt1GppEXnsfIsPYZQXGNs,VIDEO,XvTdkY7wmfhcepkJqsVHz
BwP3xd7T1h9gJz15UwIaX,VIDEO,s8j5Ev--f2xgkVboOdX68
GcMUkZdpBTM-ugsqCkSa9,VIDEO,flLDZv3D-9wLF9AyIFEpA
vFF8KfJdPO2rE9HicoCtW,VIDEO,wGFrozoP7cl6nA0eEpRQV
yHlxtHQ-MmT3GQ0BL_mQJ,VIDEO,XwB_KY3ayM_cGPT4FSN28
AilI7tOQIs1JzkSm8tOT5,VIDEO,T4m9s2FxxgPyil3ugUJPF
TqjloqevHsWYq53KD-bOm,VIDEO,8x5ykANFXApC4gnRFJs9U
Xf6CPqxPpjA0O3tmOlzql,VIDEO,oGCoZynFoYxQ6juPsuu_Y
qDwut9oTnIWlQ7JZ_7Lty,VIDEO,5D0peB8F3hrNArg_ypCqn
7SoKnG5BGYlhlbQWh7eBT,VIDEO,IjZLwGLy-MzfialKvvoYU
AXPrDralb-_ZnwLehbHMc,VIDEO,mUggzl6WUBbo0GrO1FMsf
elVheCwbtK4xMRzYyzUY6,VIDEO,0SfZRVw0BWMm_NnhCvg-b
2HHpdJ_Cjpi4t1hMIx7nB,VIDEO,fb9b2YgpjZDBOBLmM6f9G
ucD2jlxqEyNHbgnlkha5d,VIDEO,xGwAKE7FBeo91QOtA905E
ymL4w5hpyWXCBgPVJi9-B,VIDEO,KxMCXjqndky1k2KXE0B8c
3Yq3_dZ8EaIPg5ln_JBo2,VIDEO,e64l04UA1rR_2UjdJ3XlE
5zwWWhGqioAxOeUtOAnVF,VIDEO,aJkTdt6gNrjVkLi8sMSrt
nI5p69Shi-3JtoctNoqcX,VIDEO,AnkQQR4gTI85vWtiBMldJ
EmVk_CRk1E3TRX6n136Ya,VIDEO,NzMQUFDBvjr-sblO1olGq
GFnZpF74xULsxYNKbspd-,VIDEO,2jzpRPCQpeGs3B5V59q2E
3Q2y2nJYAFmIsFWiuljw3,VIDEO,4xvSl4zaKo3_RVkxl22Qa
r7Z9RdM5QN_tCE1v9CU31,VIDEO,87byUgYfLhx9_oejVxnXo
HAxVVO-KhQIIP67FcX0_q,VIDEO,DGdLyeYh4s5Vrc9mPW5Kp
NxXSxVx9op09jfePOS83Z,VIDEO,PTt_M9NFaYD-Un51CkdNd
d_EMDMltwfeOhHbPTFOP_,VIDEO,FOo4QCHrdvI_W3CHyN0Fw
Oqx9ErYH-9XHAbZdFqj3H,VIDEO,JA6rmv-FCFeOTOQi0XHn-
8TVWP-1FgOzSNWz5KfxwL,VIDEO,M39gSyYWquOFVJXE4HvO6
7DxGPPZGl4aa92dv8lBlU,VIDEO,skCf-xgN7CiKHHveoUPMz
tR7z06F_niWNGDr_tzUqD,VIDEO,kiRaf-4ANJ_D8crxbCMbF
bdLouyKCazlgE3XwCxQXs,VIDEO,iJMUQ_3aKC8W63npV9-g-
CGjrY2pwxFA0iy3B93_J5,VIDEO,pbvAPzbnBJqGxojcGLRPE
G9G2Vg2aw2x3GO5V81-gO,VIDEO,HgVijJpR_VanYSUPLMk-D
bdXANwY6RPmyK4f47IR90,VIDEO,c2myEVTvQ-8akThJBOawo
6iDmYbZ_CHA55Svu2C3ZO,VIDEO,z3w9vrhLoYm3ZZdAVHzUg
XXjX_oKLOWrNEcSz5bOwm,VIDEO,Md_rLyIVwwt1RVJkP3c9O
yvOBg4U0-j6DqqOxLxM73,VIDEO,0SJAKh9YDAPcJ9lC22K3x
SzUhcyG7UMgtEpsscyxIX,VIDEO,o9Hhymn7OYeIdlgGAsKMZ
OazGtseWz5W_Dohtp5_4W,VIDEO,lZvH0Ixe9TKhzM5O9lLIn
vBCwF_FoBSECy09Td3AVW,VIDEO,txqwFi-UmddIZclmFVjy5
QMJQ51T0QMbA-GbqH4I0X,VIDEO,P2OJv9u_zhyOvrfLo7M-7
-bNvH0M86QcF3G0-9Gb-1,VIDEO,Ke8bSqphKaM2sXwh-aT8-
XOEqrwtU6dWbxugT0bVYQ,VIDEO,Gr5A-CY2zQFqUTU_FK_bt
cRgLGDEsMKVUwnilpPOof,VIDEO,wUqjyfgrZRM0ZPkfSP721
q0hiaFikaSSwaElXD5vBj,VIDEO,wANj0uDIDmAUQVoe1jaHY
DaUwaB1WIqcfjm6eBskUk,VIDEO,t3Nc7QL_akYWMC4Ii74h3
MgHFf08L9XTapRWyCCwzg,VIDEO,HU9gyIFIVdY-13ckByM05
gY0dijYJA-F3AKU3TgPx2,VIDEO,8lLFW0Cq50Ny5A-1oZvI_
j2nediTCKd9uvBUhPy4nB,VIDEO,r7ty3yBWtgxug-EBztmNb
XkF0mdv2KkkcfDqjFZ5MG,VIDEO,LpVFy42wGFpaRtyBd0YZ6
WQicCFx8KZRdEBPbXtq6o,VIDEO,Xpm-CNA56QWYqTon9u4d5
gENaTY3F6QsIg3VBb9Nyl,VIDEO,6RhC1RjtZbu45LVL7e6Dw
-IdJKIIaVoz7uuNgoJrwv,VIDEO,6cVdr_PEwYqWdWHiaMPsK
qXd4StJjS0FKRHv92rtEB,VIDEO,XEE3nwhCzEFGV9nYdlIwh
N0RPd4OsvcHWs6hwb2KT8,VIDEO,0PxQj28dhMOuqY9AWmXMv
JegL1hsOKgRiWUFmPiySU,VIDEO,RW6_JKQ1_tPguIy7C46zQ
f7LVIxIb0HzWMBBixwSAp,VIDEO,3gGgoJb_fck-3OLOk2ZwK
vVJ5AlbDdmUwYOwmVmatN,VIDEO,HNj74WfqTQ6LhCsLrCsaI
n50c9jRgfcua-3jT1McSv,VIDEO,-3lBKhnT4GefVStbhCHet
x-tBgPST6m1kjRNcQnGW1,VIDEO,WRFq3_y8j-9oRWH8I5yRD
EbkvdXlA4khsOLFfXiDN0,VIDEO,d4DIuOW7LsaQ6mUcCpbCU
BkgttpbaoWvVl2vGkAhDx,VIDEO,v78fpXO-rvy_8MQiAQaBK
LcQi5s5wRseeM4NhizOzs,VIDEO,9pnJamSBLXPIgDTBs-cpn
9sB6dipg4Qo0H_OaliN4y,VIDEO,TPgfYBXSWG8QVVeJ2z9Q7
g-TEA5yrz0ZiG1D97sOJf,VIDEO,NSSfCJAMt-k_iItSIAi6n
Ad56H4XshSTP3Bv2gDwE0,VIDEO,z0v0aQeJi7PxP7OcDv5hV
qQgdgXDMTpO_5jzyxURcC,VIDEO,9ApkVddx_w8ehYqPbzqyN
DHWceTNUHn2FHEIKgbcXC,VIDEO,DSutSVyB5DPSQphpDonsE
OPzYoqiq-tpt1GTSzreNS,VIDEO,j0hdCW2-znF50p4k4xPUu
jOmvrLKB1f9F1j0kdjHV0,VIDEO,k7si6DuF7r17hE2gSocC4
jweT65CZBIM7T_H0z8a-V,VIDEO,1-8OAFxGZNjNU-gvov4PM
8JTBQx_-8TZKs-hXQEeL4,VIDEO,2b61xu64-lBPATK9ybXGf
fPyFcI0IKpQJudTs4tTs4,VIDEO,Lez9rKpQddJiJS1B9PelO
2l3Zhebi7V1GSgN51kcP-,VIDEO,DQgkbm_bmA_I8X32NHTYM
Z5GLS1Nn1rHUoOsYARMPC,VIDEO,f0qviyO2KBpkuuIPz0e1N
G0Bse1oltJqGh8_dtwK2m,VIDEO,uyw9ac8L8gmhVchfibxGW
oLvPWnDWMkgn4fCkM5AMo,VIDEO,BhNauDFIgpCGH5NDKkEWG
M2Wn1M9mCEGHQ4bJRTazk,VIDEO,6aE3RgLe5UtlxGJcZU8l3
qQfhGox5c84awBag-cklF,VIDEO,9N0MD53pU7traKkLebQH-
8Rl45FL9CnztmSE9YKRXT,VIDEO,le-qiHg6uGcVIKof0pDcv
WXo2nQDqg2TwMcDyTPyey,VIDEO,R1-75aXATVQzwrexEu12B
rF9Ya2FN6IPpIgLpvzYXL,VIDEO,mgLWFpz3eCwkw1juGfwFI
D1zl8qjhIrUPk6MVi72-F,VIDEO,QjSrGF6kO2vGm9dcDVIcw
WxUK2Tw58egb3w49_QORb,VIDEO,lyIei6Ll3UxHBaRezcpqn
BBkNygQy_Owwq5ersQrsy,VIDEO,VkKcMEqkH06ToiKIJ8V8v
j718xZfKHFUBA7jtA6zb0,VIDEO,w2wUY_xF7SbSSnPkflifa
whttLUf_kpUiSitcWI3ye,VIDEO,6Sp6s7uSBkZypVBfMLCks
g6IS__F-XbolxeGa-6KGX,VIDEO,jId8QHPgOKeO6ugtqKP17
_im5d-GcHQvNwpLovkJ9E,VIDEO,8LIwvwv9Y-XKIav0LWrQ2
XLmg_ZY1WPZuEj9wcBZfc,VIDEO,Z71jiMkabij63czvHKXOX
h8qayQtaOCove4XvdFNwV,VIDEO,aRl39oi5GPed0Ue_XSQ7A
lG_EqNH_-ZdhRMU26MNwf,VIDEO,BPC3bOuU4cpwwcFooA8rp
T39_bAJVSscs5yodjZqIY,VIDEO,QiMasSRc1o1Z8QimKp31-
TjX48JskUoZkyDwbDVicc,VIDEO,M72SBoHg3Y84jKkYqypck
tTSdchl2TDaUgfzhxe1Td,VIDEO,nq4FwlwectqvWHQs7EVvO
kK5OZ7E61sAFmLX7h1eo6,VIDEO,IAHsmwHsnI0LncGiwnHNx
0RXlLcg4btuZotSA_MTFP,VIDEO,UxAu-we6wlVKI5AlNffVH
gMOgvyWhjP48FxlxiLggB,VIDEO,CLFCGIHG0QU-eDpCbhECO
e-V0i1CLYbsShVI3157D8,VIDEO,CMXkWMYlSIJPCAJQQD5w_
nQLKWTsu1qbDqEZ-U09hA,VIDEO,u-Tc4hPHb0tlprTO3B7KO
bxne5pY70jT_m44CMJb0N,VIDEO,9ofozRqobKmjfAXF_Dozt
YqjQaf2v-d7eEOhFJG0Ag,VIDEO,MlE-sOLi0NuBy38VRqp33
qAr9aWwLStJZuKE83RTjO,VIDEO,r6z2ZvegcBwXnXZtgHXvP
eOjQEHRCrC5kUjxVKQ9SZ,VIDEO,Mot3fDEgnkhq6axOlwTuu
lErTBa1P5Wx6fVjJ3tmQ4,VIDEO,iamLZ8NoL1ytqYCLYBiZ5
rs_uVeec-uueGh0Zwt_8o,VIDEO,I8U0qAv6Xh5HIZi9Fyqs3
znYQeZjIIxEvxDxGDTlGz,VIDEO,gqm6q832z3MzTIygZ1Gs8
KXhYClwG5X52dgWD3K19t,VIDEO,ezI271TJwh0IDu-zOo_W8
xTz_IPf91Ugu8jKoh6FVt,VIDEO,2BSyjkPG8YWUknDsgmiRz
5a7a4_wK7T-MhSWIFvyVe,VIDEO,qPOg-jZBL95Wm8awwL1a8
Pc6FVxMjV8KuL7xjpkBWr,VIDEO,crh__lPAb4FdK4BbXwcC6
13qVJwh1NYH_WXhezQKpV,VIDEO,ZmlFIofyWr84RRjXKoGXX
QFGFkfwFqa6Yhy-rns3Rn,VIDEO,pjzGUDnX3wB8xG0SQIh_s
3EOPzX3dDtlkVF3QPAakD,VIDEO,_Evb2VDkxTJ6i5damemul
lc5SrIauLMk8O0UK_AWVj,VIDEO,sV4aPiQEXRfUmHkhb7iNj
gFXSO6Qqfg_itXIFL446X,VIDEO,fV5p-mfIVT5O8BKIbh_cO
WoTUCsJTviNa86YEZiKiL,VIDEO,9qeyR-t0qul3GpTSXdFJR
uiUoL8cCu4o4XxySAMuhj,VIDEO,IPdtwjEU-21LjvfTzpgBa
8JRlf6NYeVKLsgLtQarTI,VIDEO,yb53wz_efBK9egc_mQ8yw
exY1OjFFvot3EikITehbX,VIDEO,dqylxZoLN0crkErFWRM0f
mEFvM7lJnAkcoNMOYne2v,VIDEO,xE_nOYxU0dK3kUcCA-_Bj
z0dEW2rIyjTw1aP_zcQE5,VIDEO,8CUc_NDnX-WvCOhB4h9DK
91FIDbmQsWsW8XzKuVbPZ,VIDEO,6VikpBesnq5qTFhWA8_EW
kdpRjfuIzulr4XqzFYf-9,VIDEO,yiMBYe2X828EZsE1CWIo6
FBsT3qW-47JbctFKowamt,VIDEO,hKw8Qm6w721bscDrsiFwB
ullvL9-66tU8kRytmbK_0,VIDEO,FCubu3QzzWVBqeTYqHQqU
bqRNPQE6KrrMJ7B8v8AIG,VIDEO,0IsnA8I2_grTJ1CS_y7Qz
iPBrweDV60muXXawBjTdP,VIDEO,2EyDIcfBbGxWi8gnNiexG
7po0AomSLl-KJEOHHmR9E,VIDEO,KBxnKHR02llCcyS9lYf9k
dgPA4Wbcrvt9mEom2h0_S,VIDEO,wUgxl5j3_SlcnO8HE5qTw
mgSic1vXVpNr0FSdCUlm1,VIDEO,iDqlQlzvU3S5OF9lFmYpS
davMMEs596fSZdp0-31d9,VIDEO,wYdrlBaqi1iGuAV_q_I-T
FhqdA0O_XCsiF28pmLHrO,VIDEO,yzMCDFRWlN9IfcGCqqZtT
iTvV_0Cv9zeqvJJdzA515,VIDEO,3FsOGbdkVUI5sSB6YuoPn
KtSPtZC8D1KmSS64_hbCZ,VIDEO,2pSXiHpOGXC5wTB3TXROW
jqV95NjeD0fymYPMiBuZ3,VIDEO,96zyNA56ozCiLvdG7QY16
ueqdwTnonCmXPXbdlZZAE,VIDEO,soMe1nba-vmYczcMUQtz9
gddo9yyLJu8vgjPy2fr8o,VIDEO,NZiTQLxXOeCc2dxkQimYk
pjsszm_3YXtjh42GX19r9,VIDEO,so4Q1oSBfhQTeVkNo8y_c
go3zfry2ojvbGoD0gqo72,VIDEO,4gEhRy1XXzAdb6xes5yyH
Uf7rOMgUD70Tn51HDmNmy,VIDEO,p5Z9_rZmquaasAwHmjXEI
e6fhv3BDAlPtePIAmZ7WK,VIDEO,vIOXHhHLDlZ-s7QilU_uL
kv2gWblSMK8VaYA6rkLsx,VIDEO,2TESChAlO6fJPS5Tc3fO1
CztYiJhVvFbKflttkA6Ul,VIDEO,mhToG8OnBPUulVhMu26F8
EjVGicUHRqfbDHssiE2NO,VIDEO,S2WOA4JS2s8j3k2sH0Wjr
-tO6MKazticDwopdeg0xc,VIDEO,OcrJeupvstIVdBPLS0HYs
b0OdPmTiXnv4dAu-sTiiR,VIDEO,HK69CVcRzBOJCBDvQLjVv
MWCoF5ZuUEzwX-gDpFyEl,VIDEO,gwMuDdlNDJS541eRlFvJI
WnRqP8pl3hDendq6zsLiV,VIDEO,flyedhJ4ALZPTVXRpc9e4
Hhzn374XJIZEtb4xOlnOB,VIDEO,JyK0RSqmAnJySRut4ptkL
XRAe6JFoEHzVpUDTLDEu_,VIDEO,jTBwtol8rCKn5jntUAFlN
hQYvPcgMqxSxJH0FbqPR2,VIDEO,5vP2RYSXlmUwAhScx3VL-
ddDZjRPaOnhMuu0Dbdqny,VIDEO,JdvJm0YKnXhCFvnkX0NWf
VRh8KYIeHW0Vu4_HgM2sW,VIDEO,ghnah_p9PzjtqXJtFhSdk
-4vppgUG-15qO08Q3RebI,VIDEO,6F1gR-YkyKIlZs2lCwA9F
b_CeAtoGXQoJ3Agk-vOgX,VIDEO,Lbo7c_8YlhVR9LRCXbsB_
808ctEL6g_mrmKdgVbRQK,VIDEO,CgTtl-A9RRDImmVGzIbdm
M08GArNYwrEY6PglJ3ahV,VIDEO,s7eEN38ep-w4Uv5dqg1B5
eg-8_93CIMLF8cHc97IZl,VIDEO,zA5Hei1O7-T6vdLk3Wpx_
J5PmHuGsrx_mRmDFFxGQz,VIDEO,8L09EBiyOCVP8Vhp8p2fW
x6qpc4lZtdT7wq18MKUSi,VIDEO,NrMyKs4r-VyEhqs6snAbi
xnhAxC-Gx9vKcMiH34kW0,VIDEO,rXVO6U81LmWOdM8KhCBNA
OifTf0gOC2EGcztxyz6zb,VIDEO,aEuT82oKA0rtw1mW4VHYK
6izO6owitI0dxWnvvUueU,VIDEO,owlPQAIll4bXbj3c2-b91
81Xr5qbfXpvo72BIVKyUb,VIDEO,2e5U9R5bLKQEW0ciDLCiz
01cqb_KdoFx1bjEA2RR9d,VIDEO,7dEaz8ygWnwfwixz8njYB
RHXPKlYdiSQmi_8dMnLG5,VIDEO,tU1imoUmN2ERnEt0aZaft
cr8bX3vIfyMw9_2pszIrY,VIDEO,M9Oaym4cN8jh6KdOkvwdD
IhHB9EtEkBXRbboylkhTx,VIDEO,C9b7fhe3-_UqF6FaSKmuK
7FPK9eNCk_37a9rqs7VxW,VIDEO,nSq-9xNQlFS6dEpZ2JJ1D
ZP0D4LbdKOBCEs7HH2oQ2,VIDEO,2cMwbEnALbllPbVcLYEjG
2t5Qj-KJ3FMUOvYU7nhFS,VIDEO,t1HO_yxV1z-JlqUth9TNV
eV1LoJV4_yYe3-oybSAlP,VIDEO,pPofYtrAnWFmo3_89Prdy
7NmwqJNCxBOTtsWDrNKbV,VIDEO,j-bAEIgWWErm6y82tfj0G
yTTtBdOMxjFvTj-waVzSL,VIDEO,pQUgDPFNlY7b5m_pMUuyN
ewspsyQVWQJrc3p5k98hw,VIDEO,Do2wM8LGoG9LJWe_2NB-h
WyUb5djcjyPnlfsUzxNJB,VIDEO,QygIwOrOjTcDxCnHa5blV
vMlFyi5wUPH_GD3-qSAzM,VIDEO,8ieKjLBkfeS4-8ENS7u2Q
mJoggq3dOcZC7v1Hcf_ba,VIDEO,Yl4wYiC9O2b8IkjWtgZN4
WPI-_tRpsfxB9yQrYnHTa,VIDEO,ggzM76XfNRTeqsTk-zRDo
O9Jtt-Etmj2RldGlHPtNn,VIDEO,qseJ3F4GoLaeLR6y3Y297
rG3ElLz6Hx3V8V0KrdjKb,VIDEO,lFgi3ckf9YK2SM_rGwmq3
9T3TMCacGjhc2Sp2dCzTN,VIDEO,mgEMULnbjM_nUCwzREYel
GofpqjnZ-6AScqU8Ei_vv,VIDEO,hTD96phXC8tueBLaX2s3e
xXwjrETBBZkVlpLMDxErm,VIDEO,JTaMTFo3IaLDbqg0NEbbd
SW8O-tq3FaAn0rHA5lroR,VIDEO,WO91lnC6zdqNH3wIxtPO0
tEVLgg5yVbdgNeIXzEtnT,VIDEO,VgyVIZjqFH5dAk2l6-jSg
aFAVwKivob0-zMXSEZcUF,VIDEO,9WfsdjUj4Ti28g_w-LRlN
ZLeSWU5DeMaxY4ikoMGXT,VIDEO,LGA01_AJdzJwcLTW7m3wD
L2_1KePYdrao7K0NmiDk4,VIDEO,A5EIMROBrmJ1b8xVlk_iW
PJprMWr5bwGbReoExRA4b,VIDEO,N7HP0mhD9KFulsAim4La-
aJhSd9GvbIBUXcCihNkFm,VIDEO,52LXe0KKqXcj3fAAXi8ly
5XfunC0W-NkAGYw2sgEkn,VIDEO,WWMgCFRXpOJp7VBStZmdf
n9DDAUHNgMKsddIw68Cjl,VIDEO,GwmlRw9UupNb5zLfFWSUL
x7KCf8K0zF6lAxcu22SVM,VIDEO,zVw0e8zv9HaMziNoNIW3n
7Ta7eCnXpRrfz8r6sUE-S,VIDEO,orQzqhZLrQExiBCXsOAcj
FevEvFbnQHpSiHc7SGCjQ,VIDEO,coUNOSqH2u-jyHHGtUGKx
R7jOnnxu6iQUsSmzbkE0S,VIDEO,hvfBIHztqohgnH9yVQC74
iEzbSgc8Lj7fYRPP8jeTl,VIDEO,eXDslx2rRQ9mHUF66A1cz
2jgtzgMDtQ88cjRyqTYCx,VIDEO,6AjYxexxwq5TahwllqiUl
U55joFa5BGQ-IGFCxrclZ,VIDEO,6VljzX3PCDvtlOoQQ8WHl
97YsqLOp3XJiO3M7fzOO-,VIDEO,DF2kB2NaqMbHZyCfXc3Vi
Jn331WOiHrKi4pOJuB6ex,VIDEO,i_uniLs5MziEujGF45zVU
SmVhfnf6jhXvH9KNvaLvM,VIDEO,UCHwaTmfvV02i2DzNpvr-
4sGwkWkIVClIObDWLLWka,VIDEO,8lp8bqYNiiLSMUTelyf1a
Ezg2VTs1r70l56wMvBU5E,VIDEO,DmBs5peFS5d3vTSzokLtt
FBldkQJS97j3b6xQwqSr5,VIDEO,wnSDqUHIqPI-0aVV5rc7X
VZeaclDid0Tcb_4-MeTml,VIDEO,5_6ZGOcGCrrfHxp8sggVu
HlreXhLMCeO7pygO2VYUf,VIDEO,Z9GmAzzTMCo80i0oiM7Bq
FDJt7DIc7twu3zprtld5a,VIDEO,OICLMuaBriL1hqvzwn95R
Jb6Srs49cOPoYQRhppIHK,VIDEO,NGOtmw--MDUQEBuflKNun
QZJnwboqz__QU7HE3R_cQ,VIDEO,1GusDcAwLPp6dkpUnckQy
Km20Sa4LF9StiDSjbV0pD,VIDEO,vouwIBL3UmnOBdpoIwGpj
JJNhS7-bwZaa9QGdGds1T,VIDEO,siOcXnajDZtla5g3JpmaB
jeN1cOY4M9QaRJiz5amy5,VIDEO,FXDacU1Q4QyEzQ-NRm5EU
K-8wrC2_Oa6_ODxGTIZ2o,VIDEO,8HSZlHMMMziX4T4J0KgI4
84mcZ-5UYIIhtQ7D9Kaog,VIDEO,LWYU52OXvrZ0gGZIuCTRR
XuvdF5uGoGg4n74VG8Sbm,VIDEO,iccYa1hGGEDj16xcONm73
Soavb3nprVHbqPnWLD3zk,VIDEO,cyAy4nQbCHYczf6KgeZq7
s91NL8HD71Wkax_bwq23i,VIDEO,p1rSgTtINctoo8ceCcDxR
pJutnxZN3EEjPYsId2rgB,VIDEO,jrKMio7novnRr7SQ9BkHU
WjwsW0pP0eVJhxyyOrAsf,VIDEO,dS63ZqVobcWWqO7EnKMw_
sOanD6w2PfRxBEs03340N,VIDEO,13XJS8XkNQ2knW_UI7G_l
iHFQe1lefc1qfujeMVVcp,VIDEO,jjMOXQPIvVTbjQBQ5NiCJ
a1Mtpm-vsodWmkCI0I4j0,VIDEO,eNgpsrB_onifEjbyX750T
7GEGS-Yy-it4HhZYOTeTq,VIDEO,2xtZ7ovKnASJchs9103PY
8fsTC8hIrE1GVgXrzEW7h,VIDEO,B-kFtA4-v6kuANmTlrMCp
zjMA0b1Lj4g53VBkgp5ad,VIDEO,5KwJ1oenrNvrvwshu84EU
eyZPWeIA_68OKGL2UD7J8,VIDEO,84Uq-hkfT9j8uZKeQSE6n
fY-_yiClfrNG0JpjvrWB8,VIDEO,AeWbKaLD_sQ2_opYljaHU
TOMTY3z3iLp9R9zGDUuNe,VIDEO,_eGzIew3QQcgzaDO7sZDD
xQaKssdPwpKeRrlMN01IT,VIDEO,j4ECT9lpBM9xc-T7GynVT
kIMoC_pTKw2aPo7ZMW4xy,VIDEO,Yvsu-G6D4pLtAe8mLZW0e
eG9JPpILtzSqdy24mht_G,VIDEO,oGAy5I6Gwvz4KVqFiIaSU
sR_EwgtQKG8GCRogEnODR,VIDEO,b5aWVyPRXzs5G_wJruY2K
A9tj9sqsQJxSPbri7ig3I,VIDEO,83dHDIN9HdMCU_ADQkv0Z
HtNOEiteNi6gHFqy9arcE,VIDEO,iSb9q7bdWopfU6zA_rCph
4GUPIulXu0DBHNPgaea-T,VIDEO,MtV-kB8dI1B0mBU4e2S3P
9jqANCEj1IdMRWK9EJjU9,VIDEO,Wv6EyVQAKgghFi6-Cm7dF
73ksVwLcJHgfH0XMFl1T0,VIDEO,C53G6YWJV_5-gMbq141_k
kywCQokgbJDQqhf0MmfOf,VIDEO,L9RDnERAvljexWFPuRvry
xXEDJEqCZ1omhh3yVUx5Y,VIDEO,BSfquqrznNZ4sfnAQaBbE
FbF8u7Lo-83b5cb5xmt-v,VIDEO,wFya7cuFSWwh-iO9SfJ-2
fQZIxwrqN65Pb2Mu-U7Pb,VIDEO,PmXylqPC8evki1mIPTmJg
zXCvW1CL7XO5O9gnB99p_,VIDEO,xuhRS98VplguqEjUuQ74X
7wEkZYdXnuTfsmXQrYBcw,VIDEO,W0CTAdqAb4BSl0LeQ_6Yi
6OmhV9jKRKZX2ZsPjElfl,VIDEO,IKiwdwK0bLOB5or4WuKwZ
MM8jlL0J7wNxcrg0b0na6,VIDEO,GJvCHtoqneIlSWSjObjwk
FsCOmDxy_Uz3vaLmMfeYr,VIDEO,e9QuPpltxl-QAcYuYnAuo
xsu94ImaFNFI34_CYrSgW,VIDEO,70vBKqcr-m_M1qaYm-gQ4
bLisW-CqHbzsHqOOfAhBe,VIDEO,SQd-hkXexGnyz0S-l_ONA
OUnuHhgMDSXi3QMTlln-G,VIDEO,jZePH-EEHAC1T1KymMpj_
ZXg38kqfCAN7ihhy-bz3e,VIDEO,iGT-RbIFFa1aZ0tL4tLci
r74n7VD0IGbxZKx1fPJA2,VIDEO,txQ0gdbjWC1R8reFL175_
KPtKUm_WXWEFXtfXfkiAL,VIDEO,4kyRmE2iBZsYVcsLUNylc
BEy63EHwZ5FYGUbcC2TLT,VIDEO,4uoDfY8vQuXFLHUaVe5sy
rwfQLFFHZtX2M8yiqJ3L-,VIDEO,r7covHXHn12TIgoZvCy4A
PWEpGc_TFoBCiY1Txvoeu,VIDEO,wnD9EVQC1T4WGcsUJiAtt
wNFOVUt3qDW7pOYdmzgk_,VIDEO,Q0s1fndmLEFjtY1IvkEsO
GRPzyg2LJw-deiRoBkLKZ,VIDEO,CJoVQ_JOdZhqa9dEHE1if
4dCaj8uPv7LCexBYOoJfC,VIDEO,evqEvcVICH_jSw-PzPhOv
Ss4GnpAKtEA7z6_ktI8JF,VIDEO,W-EuctYfkcxglZhrFMI9y
fKUuSnYfDVu1f98-fHvaG,VIDEO,QeqgcewhzmtmAdeA-3bGy
NZjAwUOw1M8IP44z4JLau,VIDEO,s2VsxiWTDrtSYJuzbxULB
DKb_2c_7cO_-DGhn9nGWL,VIDEO,f33Y2DlOB7NntQhjmjhpe
3vNkwQaT9hym4gH5QVfCU,VIDEO,LtQLVCIDa9l56vdcFegLI
iNmfFeY3t1UcQhGS-hosI,VIDEO,1elXAeyyZNwnbUpWy8oQj
GJQh7wJQDPXo6UFxqgmz4,VIDEO,Zdyu5goVG8oMvSpJViA0B
yEr_zMlwIoCpvwd6hCqR3,VIDEO,lAOlInZbHGtHEvbcK_FpF
iNyH52KPbiF0J8HUVELCc,VIDEO,C9t4n9iG87I9UUvqA_hny
-7hIkLpbRAgrwI97Ig_dA,VIDEO,z_uVdkcx6hq3EgVxxht-V
DDVj7iwhpR8GqV8wIh7bu,VIDEO,x6BqJRF3zaH2Siu7DLj3W
YACVCJWpqrmYmVjL7eD8x,VIDEO,_Fi1BXugJ-5LDf1BWFdwc
g7YIB186Nd9R5f4qKFdxQ,VIDEO,qLF3IbFNKXirPg0r8UkXs
pnRPKNAOFfBXiK5PLsByQ,VIDEO,IcCpOx6xRRSn0foZf975R
Acyd88MGAcxhY9PJku5ul,VIDEO,KkMG6zNQRFE8Niu0eVn0Y
D_oNvNy-fDHVHAWQktat0,VIDEO,7rPokdkuIjw8TLtbO59SN
cRpsEvguSrqRJ8NHtLNXW,VIDEO,B4WqC9yPM5vt-GTqb4Eso
HsYEDYS7jIWjQ-APu1Q_C,VIDEO,N-Wjp6jW4Pjx1EFRAF9tX
WMkTBaorqI2n0fDt59JR5,VIDEO,rY0jqdzr--Fjsd6trWs_E
3xy-0hwl2pBthhkRUNP1R,VIDEO,JUrHwTZqVkZ4q_KncuWDw
smXf40XE7dwccG1IBpqnW,VIDEO,4L3pS5MXatb2E67sPu6t7
DBiF-ldt4pHgGsFR27uJj,VIDEO,fr8E9Tc20SxmJWNwkygws
IA1fxq7uphz95he-l7rqR,VIDEO,ZzWe0iRk2IHVh4mZNmi1Y
OcvJlnDT34G2TOm261rkC,VIDEO,Kt7Jb01cQUlhhplvaygi2
duVyQGZDAxZx2R_58nC4m,VIDEO,JknjFxNHk9wl7yuRN8tqL
dKSAHdmM0BpwArb3-xBBW,VIDEO,YhfRN2FJjgAJhnwLvdOGE
7X82kTHzEQIqABY0DlD2R,VIDEO,IRXTMCcPSy9GSipcEqwu9
t9YPn9Cf10Bz_8ApYklh_,VIDEO,CtDZErJp9r8rQHYHud6_I
3gGZL1LrtpBjEFpsOSJm4,VIDEO,rs8kg6t-IUmK9kGtPxt-E
j3eeBFZNa3D5zt9pgx8hr,VIDEO,-8bQNhDgohqO8b8nlYFbG
sKTBBK9c5wqsqIY1VPCiq,VIDEO,ul67QPkuLsYMc3BxxJ7Zb
d62wNcbsiYkUIwIU3jdVx,VIDEO,ypQLAQLJjGOTN3iA-qx8O
mwxSHfP7jZGXtHovtWoy4,VIDEO,ZwEvd84KixmPBtS90b4IY
52wgk-_61VnjKa_60HQmb,VIDEO,nNzGSto3PAe9CB_SCZ0Y0
3AeygVE3SWDC_J7ihSWwo,VIDEO,w5X3Z2BxyxmhTbUnzfBWn
RPJaRFWwZpGKzqknw80u6,VIDEO,43fN0pRVtdEDLiOJOKg8M
cCFTD4CGwmEi0eeACN6K8,VIDEO,0IKTJ3XiNEzXLS6bFD2Hb
IwXzRrsB7pM8TYdJnjJzg,VIDEO,iod-HyxyUSQUfVQhCAmE6
fEEdPE7H3_geintmBsOAF,VIDEO,6Wthwa-KNFZ5GjwIdQb4T
iguNokMdP8RpTUWGtRA_m,VIDEO,BsPE79m96gulJYM-aIbYV
ME8zK4fCpcxbF7d7WNcnB,VIDEO,u9DLgpX9_Sso47CXwc4rB
lcUyiji6PWRE-uuPwKbec,VIDEO,T3mrBCKLt5D1TbJd5lONk
FjnVoDGQ9bk7RLejcGfA4,VIDEO,_bms4REuizZjAdAKhkriK
TGB5vdLymGVbzoQvUTT6L,VIDEO,Mz8s9TOLv7spEEghuAIFc
nRWO8xq4XH5jKZlpaLQlY,VIDEO,9knnedj2ATkhCYktQQRGe
QFOxjGzJbfrf3-0hb7xUm,VIDEO,nkeK8-bHBD2SslWmWY8wr
6MIskO4UBFuSDnChLvtGG,VIDEO,mTRhHPcfD1_76GNJ3yeDM
ikUxg3VzjuhBdNA1I2-Fq,VIDEO,isTeVId-VbsKzqob2meTk
s4Qg3serpzNfpmN4OsNoY,VIDEO,f8-geLFMYUUVi1ZhUfZ01
mUN6Xa3RtdVGewcJ17JAx,VIDEO,YyQqqdbasGw5naFaNXLkK
D9qkxC9cg-hUR0qEN07kk,VIDEO,X3VDxEqz5P5uSd9lRdIcM
Rf1AxF--m4Y_3dyL-FJvL,VIDEO,3R9-_nLCrtfgwbhTGi8IL
ULBN2XLQMWH0yZQpnUifT,VIDEO,fwC4FYueufPxMZQOKPREU
Ko7nZpMMDdajhbCZcHY26,VIDEO,ZcuR4Y0pLSuGPLKn-T4ZU
ul96Pe_FZ2JyiTXRcyX-1,VIDEO,U6rDdI2GsA4xp4OZJWPxL
hX-NJnXQ-4sjs8xFqISEx,VIDEO,ItyNlXeBPVVD-Z67e-BLB
-iMmWjySmOnsJYAKIgbSy,VIDEO,1risATcR7VyJlYiELwWPz
9Pwi3d-HATxz34I1a_wFx,VIDEO,-urGqVBb-UBF8_lFRuxML
xtczM3C0LaDm6A5Lkftq2,VIDEO,LMzibCe8Y1iY5mvk-5Kvr
hzimVHON0mW3uignrJIf3,VIDEO,2BKIGJ99s70XetDcLtm-u
kCM6BvxYSxX7gRKJN5r2O,VIDEO,hsc35x8DTi5WDpLm7kau0
3HmpbuoDW7X7oJLK9YMmf,VIDEO,TlbgQwIQoGY4HMeNxW3LJ
BlDVoD81axK9rNKoGmOqC,VIDEO,bVZIqXwGXeKhSCffPYQjx
WneaVaEEr12ab4BKXos3o,VIDEO,w_nIfDQ7KkTRUvqjpZPbt
vw5Pb0xTMragpFsXO9UT3,VIDEO,jbB4jVYh0rttMNjGp-bpX
Ua1PqjraK9Aeue2MQQSBB,VIDEO,hIdHSYozWa2zkhhUwEO5K
rXq01XFxtlgJEpRgNGUYz,VIDEO,fV0Y4M5WIplyU3Ne-8Yhj
ikbk1rJqGSxJ9zaPW1LoB,VIDEO,gJ03Cszmlq5S19ulneyMg
uZawHwfAXGmnkbKKferGb,VIDEO,HGn0bMJSBe6bmv5-3NL1L
DZMV5Vd8vZEpCOwChGliZ,VIDEO,LfqV1vSWEZoEIAMuNbkCL
sYoOdJ4Bjxz8pEqlvGfbb,VIDEO,_ep5EpAtkMs_JPRvdCUTE
cPbWNv3agXqc9_VmwgYyn,VIDEO,78RvuMVtseenofmtITzRV
Aa6xLzH9V-uESa6TG56KV,VIDEO,cJ6fZGDfrtwZ7dOGd73iG
O3V7h3yCDCRJIftIL9Iq-,VIDEO,0iJLwnbwGNBIiwEPDgWmH
PwQ3zcTDD6WAGAk7OYTjJ,VIDEO,_646IrDY1MfF8tYe_JC2q
n1K8SyfzD4NVuKISmDsRM,VIDEO,adIwEPi79c05w54MYF5E8
XgYJOBZrKA7_a2cpLpbdx,VIDEO,2YMMgx-XK6JRoWqYB8OC1
24NBVjxwpfgHadEgbipKI,VIDEO,FtYpdGPdbSP-pD5g1qx-h
vZCtxEhKiZ-jikS7D3C8I,VIDEO,X2MZXG5mf6ZT7nqt3o_ia
bZ6oVtsyIGDoB0xHs2PnO,VIDEO,roJCozgDUCDAwEKgoNwCN
mwopyQFIr7-iXNp1OZjVx,VIDEO,387cAPiMM9CCqDWUjwkgb
Tjx5XJ2zXcLyhpN-J5_SD,VIDEO,gH7rNqVTsaWAkLCD64_PP
AxQKeLAjpxsMATz4OUjnv,VIDEO,vltdwHvCAjYTwr5nJQqzd
MRXu7rAbvA6dFvFhA-eot,VIDEO,xrCQY068D3Dl9SoCJ2BQZ
PiVLdJwAJP2pLP6EXXu7T,VIDEO,XtBbagUD-tgivYB99YThA
Ch84bqeAJ7wlia6QnXoT4,VIDEO,4K4kObNTO67ZElQCd6iM8
nxp2U0YZlpIg93410Ig2y,VIDEO,bqgY3a1YTfQXqB91SzmR8
pn9FC8ne2mogG-IXmRo5P,VIDEO,1kEQRNRSIx4UlofFKWDA3
svCVm915OTlyZWXi7Jx4O,VIDEO,MyOZqq6Z_xv2zV3gV8dFS
aUJUGnUxH1Jz9CiTmvM_h,VIDEO,UqhkOGt6cccIo532LitVX
iMqW4caNeDDKojHJNnSUg,VIDEO,JExVXlTX8TQ3qBGPR11P1
b3dUx_J8xwPU8IpzEQguR,VIDEO,IAhKKcuQ5AUkAJK9-orLL
LJYZDX-2QMK8X00AQtlNK,VIDEO,z7ziZTGxhOxC6WQ4PE4ZJ
4kFk4d_tmhdNWMPqrTeu3,VIDEO,xQmH8YL3gngPjmv0fqZhd
wf-g7N3PIekEF52TItHOI,VIDEO,JAA2LYnLkxKxSc37FcCke
JZwuaxsg0Xb22jK_M1JIF,VIDEO,eGgWDLsnPkGBhPC64ji_l
WxGd85hzHdVWH9gmlA4T5,VIDEO,ck35agT0KcMeuoSgFY-lY
el64MoqfUAoUTzZPvW3U_,VIDEO,LfXuuNQj57QU5rjqPiB68
xMuscKYrfvYJTsaK-aqkS,VIDEO,Z5YuC6tp-tc7VPyV_PsaV
lhye6gNVvYzAhRTX1Teo_,VIDEO,qp72mZ_5FGn-B2iLO7A6O
YDJ8xjjcooLic67ocRxoC,VIDEO,UCNv0g8ipx6FYfcMWEpQF
SrDlXhVRduM1MXvQ7K3_t,VIDEO,djfOxgJraLNKpTWqC0aGs
cPMC_qfvsqc2E0T2flJJ8,VIDEO,B-oEXBShnBkjMIZY0PHB1
BHt5y1uyYHz1zQ0lCxkFP,VIDEO,FgjjCKAEUa0BdXlSpvou7
yD9wpvHgIXGvWYPkkmqtZ,VIDEO,PoG6W6OtrLP4Uo_OI0gFa
k5srQluDwUN4i5kc0dFAd,VIDEO,e2OrDOz1EdKKPqdLz_CAA
_qVQ17AR3HvlMd7a_5xtT,VIDEO,kaqCTTPMAThhPg_U376av
qKCW7ArXwbTaCMMC3jNiC,VIDEO,oTXe4mQYKeeQUhIelWrs-
fkN8634TXTj3eSROrSjXL,VIDEO,EhFCn3MIKiLc76XbJBDjK
31vxh-_PeYZNkyH4OFybI,VIDEO,GB0ynLHjr7MYbt7_5TfvE
PQ7_db2pZj8xBU6h93AaC,VIDEO,qF7QH1KWn0gf0oDpvSxTj
YpC8nF0MCtGmmHeTcjSV-,VIDEO,Jz7JEC-gxt-8o3tzC1w5c
aHTaOGqCiztbROzq8L06E,VIDEO,ad_-OP12jtPmACrT00J5J
PezLpk1Y6l7aWV2CRt6Fm,VIDEO,AVPg_1XNxKq86f9RldW_d
2sw1B2OLGHgOM1L5_oHnE,VIDEO,GXtDYxHszUxsTOTXIeWd6
zmvMY8efN6p4T5ecqbqlP,VIDEO,mmwDxL2FqToKO5vyAarTb
kaZr2dO6TegZRa3wSRDqy,VIDEO,jp33fM4g5qGhaUzxR-TIo
twrRB_93Ze8-F-eiyxjB8,VIDEO,f8wUc6A2SnNWrnoKjTuS5
pKedHTmG9nd7fxFIeFseb,VIDEO,Lt8J3V0bF9uhiwzCmRKPS
Ax4FB4DJ7DqjK1dKmWJ-n,VIDEO,1bZ0Hb507sl3zhwxRvpg0
RZi_yzx7xm9_7XMEmUKSR,VIDEO,wl0D7h9u4MNTqjd-imLM8
RJm97p7KqoLhp9K94xiug,VIDEO,H086HvoUMEyZ6RqadlHbO
Azn0gg95T96lCESwi7Iaa,VIDEO,jZDOqtnuSyIDhLGE1hJni
U56LqqtnP-qMtKoMK2Cah,VIDEO,-eAO5LAJ1BtwWc6KLgN-j
PSDjjQP_9f1SAC2GgZge3,VIDEO,f6q1X_AewRh6s3goER5Vi
145Yc5S6szWpiZQHZLulv,VIDEO,nrAj-kk7Us3amzjZdF6Yo
MgHJgRDWZxRQJOHLplzlI,VIDEO,quBelw_4D2jr4FXOND_AZ
vqN-Vmxx85Pof7BrGO9zg,VIDEO,OTvPIG2qmnFJD5KmABEfd
_tzF3gHTghDYSzjB1g_pb,VIDEO,mbEI_1A1jjf0uYHOpLP9d
H6jb-vV3FO_7qn_-pj4-K,VIDEO,1fQskn4y1TYWVsgEcnDZu
6swBQB4Nrq7jBAU16oTFn,VIDEO,6ex9EqSmy-fFY_3c5QeiP
2YvOw7f-oRrl8ko4mL6Vu,VIDEO,GmFDpyqQEcuCNBsf6l4YS
bJnJb0sUUkMqCbeDxzkvq,VIDEO,XITRtxK12X98FEr48y1Di
5uyaGiiVi_GgeXSALMv_p,VIDEO,kwipljOnXUhHhure7bQbm
R-XXzHMtQn18a-O6PzkSW,VIDEO,vDyutqGesUBRSjRq-4AUU
io1WmakAvLgmyf58kozLx,VIDEO,TR2lGxJh9mPFajFXQjC0H
ttPFgJx07Lb2sxLiCR-4s,VIDEO,bYYBkUMeYazsajSBcLIE9
AzJneZOBW5FcKb2Z8Fv39,VIDEO,m2RRcLJVfB5qbceYiwd1C
th2CQ06h3-GSUUOMqf5LA,VIDEO,UwpR-5ZfHwEJXFWtv1P_h
arnbyX1yWVNMiwR0U3z_k,VIDEO,S21aMjZzpoItxqTZBcgTt
O1uCdv-AU14Q6asd51Rck,VIDEO,HEcJtaIqNWiQw4xazWr9V
4xTR2QVhQoVvDikADqjGf,VIDEO,UT14M8HlExIqLiNbA7Ydq
WzBNHA-6FC2U4Bph5bNCG,VIDEO,UWtPKouEc8Yyiel0jwXji
aKIploNoEuqyTDBzbKK22,VIDEO,i4QbquRJbpMMk5f18EztI
yVE67LadZPh4p875rUH63,VIDEO,XhGAQydim4AlLd36ST2vn
BLR9QbrOLebivR6XK47ce,VIDEO,NboDA76dxNL9TsDMAu_md
3cjv71Cz8lgELrNPkt4oh,VIDEO,aW9RZw9CCdkT973Qm4-ZP
1y0AAZz_9X1U184RXIHeb,VIDEO,mqZ-hAtU8mb7zwrs6z4nF
_4SVxcq8eJjrEweiYPhfU,VIDEO,wYEFlH8__Il1VgSEfzblz
CEpkVQK4-TcTWLDpsHYzF,VIDEO,-fhQ7OPUmD8mXbA-4VQbd
DX8Pr4IsPjQHq3jFRmCS7,VIDEO,uDI7bZGKORzIR4-IaNUdS
sHOa_gZLK7eMp3UiY6SSK,VIDEO,-urLfWoF520aPsSgIR3vp
4MOGZ-xvZfGF2Z_KJfpTc,VIDEO,kuaBg3O1aIwGTYC2TcXno
t0xd9lk8cT2rA8qymk8Dd,VIDEO,7JpbILGeVNz1fikeROxIM
CqSthVB7PlWKA_1ZpyD2h,VIDEO,MRRVBb7FUfTE25INfd7iJ
hEiahkT_Fcg8VAoAYpoDN,VIDEO,tKkDtLd_A3pHg6LDHIsw7
bB6gbTkN9sPVGpr-vJ35C,VIDEO,u5iSg8DoLN2JvihnaDk-e
1o3PYYoTIVTt1ZDKmu0sm,VIDEO,aqXq-O5My4u7pj37tY8JX
-bLtaRbjJd_bartMU_gFV,VIDEO,jLOs6LGsJqwUTPqISZajd
LgF7MiVoeEvPtz9uTWFFi,VIDEO,Ykp-Hy0vDnqxygONFWt1i
pJE7np1sbwS3elf6HRaWv,VIDEO,Mx-TuauUAjuqqZGa5QRX9
JPO9xH5lH6wt9U7ybZtVw,VIDEO,n-hk9gmylbkz2EBdoMUDL
brxdvbWE1Fq3dH5CBUD5q,VIDEO,O7lXCgLNxrCxNnlfrv-e9
uyZSXLjBeg_UwPPxlDpI6,VIDEO,N8uTEMXfzax9anNPKkYuB
RC-WmRxjfEV0aaLFkStPG,VIDEO,7yhiLNG9kjtGaGPCqRrXq
-3_TRBbPvAebibk3Drrs8,VIDEO,odUHmPkqMcKq5s4lvvT_0
xIKHQSY6r4wTsCKXj5PY3,VIDEO,LKEKu3CfGds_j1riwNiSy
3Fsv19N-1sA4-Kuo0fEwP,VIDEO,KqDCo57su1HV9GWivALEr
ce1nQbigFl_ttCWKEpWbb,VIDEO,SgGdqRBgVD7u09YmiD6y2
u201NhBEXoWb35xWJL89q,VIDEO,wKJkgprcA_uvnKVjk0kVM
Jc8MhpgS42_13ZD-fo3LM,VIDEO,X6PwHBaOIff0IW1Z4uQ7y
a-d7s1df7CUH6h8nZHBSv,VIDEO,-fHxZ2LdntJq-kEBnGbE0
KABAm8TV-aXrlwQZ-DBoa,VIDEO,IMmwgSYsds2HqHZNsIBDs
btXXroYqucXUe1e6JN3r0,VIDEO,jee4zkgFjm81q4EvSVZ_w
RYnB_imw9Je3ETNQV95aX,VIDEO,RNbYv8IJuTbgEz7YXsgd2
QQzR7Ssj_9Jj3_RH94sxS,VIDEO,1AymNknQUDHRJb-sZYiiH
Lt5RjqDmRDpzJTHSxaxEa,VIDEO,V1DuwrU87UYBUSt9OuRE4
bQmUmBaijqidGerkCqsdj,VIDEO,xGeISoJ3hcweqi6yf7JNg
7GGySGzATRhbsae1Tiwi5,VIDEO,8JxhgOWBXcO7w0qVe8aF_
lWZW6XhO9EUECoP7IZ4I7,VIDEO,1zsOawKNFaiVdBYXK0htB
Ed_ksRwFufAV-slH4O9Kn,VIDEO,zjTMiZRkX2JlBHjkvj2io
vX8mI9uYc1MHsrlqZxCy_,VIDEO,xRJEJAXZB9sLKjAaRvo4Q
RTCgbQYTmh-qUJ8xCNzMw,VIDEO,bm0b28B9zdHS6d-O_H9FP
e3pWYzisAh6WaUXEmnAkm,VIDEO,prx2Wb1AtxJdsI6NznCdi
mA4EaeFZ5o246c1sjFTtV,VIDEO,YRdSlPBrw42rrimhXrveu
vXj1UP5A9egWX39IPg-aM,VIDEO,sH5qGEZ_M-6-1HoRDGI2Z
gQcix9JDTr_iTUkjZur3M,VIDEO,LcUEby8_r74GhPkO6KWgS
aUk4DKNvqmbzI465JYRxp,VIDEO,YKxoGXAEVDqB53Asbsqe1
ZxGLIsk25sHmz5HLHWGkd,VIDEO,WLrxnj48nTcPZ4Eyp_gAr
mRPQ4GdEUZwbLZ099p1yE,VIDEO,xFn32oHbZarFF3H_6onEZ
r9jHwcTK2LHYXd4zVNWJF,VIDEO,eDFMLsJJQq_70rQ1Zdhbw
TvSFqOhDFACI8FGs8N6oI,VIDEO,G585yUjJGbRxSQ9_fT4TG
hCbg16NyZrVpGPKPe9V3N,VIDEO,LWxnHo_dvNxyZiMzVC7zN
lhcXmlpTak9bSNz7EhyVP,VIDEO,kYsZ0vfIcmqLOGfO6OLmD
9ksd_m6T0B9RTjRG-nDXQ,VIDEO,71z1GitwJ_9IUJe6PPdp6
nnJ-p36b21XeLT62hL8nC,VIDEO,1GSRmYaYkxjDBkun3D3tX
JFaLtmcFd6thMUutN8XC-,VIDEO,-0cmAOD7zusi9OSxq6wwW
HC0Zmg_IEHPtNK1WKPBBy,VIDEO,n8Db3hOUN36tRfu4e4xvC
aw4zeuKLs4tKtBJ0iQUyG,VIDEO,6tDrSrmbjzWoszw1u8ySa
9vgOsrsI-Fc9wO0txHA6r,VIDEO,3INRLBqpxzEfMFEkNzAsE
PSbNz5wrGc0DclWXdGZx4,VIDEO,QKyJ9gyEKysM81U-fm6r6
TgAQSfh2BFVQYRLBs5Jye,VIDEO,ALVCx2Tpm84DPwceSHtbW
rfGw1RzYmLK9ZohQbi7hv,VIDEO,Ik27C2j4Aq0-NipYur5yM
9toSHoUMUhmSULo1OyxZK,VIDEO,b8dKKn8LIm_EUtj4fA7O5
UAhe7TrqDm3yd1PaJYmVu,VIDEO,3Gs5grrYWZ_j-eb9ajJzR
Lwbt1LL2m5QPoSrA0COby,VIDEO,So8mb2L6Ce-Muh_OsZQIt
_f7cN0kSKly_RDZuJTVNN,VIDEO,D9lPdSxMCk9KnS2VDGAqQ
nsmERg8P3qm4IISt0t-xz,VIDEO,lSgF7irXPfC50Dmc4N9-4
cr5_Vd4uP9un19Xg_aFf3,VIDEO,fqO0aGcoADMKVYroH_SWK
encDfcw4F60kuD5kq7yhh,VIDEO,oBeVygNGJe77c99Ax6u8U
8HV9pfulPZMjn2aerM9Ca,VIDEO,P6VKBsOYwn6Zo3dK35Chz
0maSB_AcRA4HP7BChlv94,VIDEO,9JtkasunzfUoQuilIgTfk
KZtSTsFl_1NzMohIC1o7B,VIDEO,4MB_RLq_aRMcn0BKGuULw
v69QRFNp27Dz4QrKXsJJ0,VIDEO,jzpmgiUQikoeIDhQ-huAO
S6-DPKj8SFHxd2oB-QCgA,VIDEO,e1IrvJ1aN95uX5Zvu5cG8
K1GmwU-38NhMdUfBiH0BZ,VIDEO,vvaRDnlZGH37nnom7wYIo
GQd8c0z5uXRqRa9s4loGi,VIDEO,vnxsLQRFAZSTTFA45wFvU
GrmS6WResE5645IwridyY,VIDEO,Hd_S_R3hQcdRGRZhpAJkD
so2UGdmRzipcDOlP3EizP,VIDEO,nC_qF5nehiER1_LIXESCt
uk7JGYb7uBny-WtU2fjDS,VIDEO,zEUkwEmjtuQAMLt2VtUUM
O_WZrVivLY-0R81OOTMwe,VIDEO,0ZSDNDtQancfHS53Qpi64
Cx9H_-GRkVrE4ugrraPjl,VIDEO,RLs2VsUM9HEspY91Z0Vwd
cdT1-hs1f-sXs0oAEnQ2n,VIDEO,YIaPaiCTGBvNF_-WmrTaA
gOY5gQyAYNjpgYa2n-WHj,VIDEO,RQtsl9IRs36Wey_9-7gJS
vdU3opuhIdIB7EKm-DYO6,VIDEO,ftsiz1CgVq9jLv3U9-35c
j7DfuHmRlead66aNxwEod,VIDEO,09VU-z2SYyXpZ5iML64dQ
rfDl2pPNsPwP2u7Jw5lQV,VIDEO,IcC8csCG2yPsnrdRZ_-qP
LVclHMU06HPtFPS5Axjvt,VIDEO,0TvrOwYhUIfmnjlUeuiVX
LSxUuJXZBnGYc3l18QBEk,VIDEO,K3uHaNtyJJdHBLYAU79gn
FO0jJXRaXhClgAI06xJeS,VIDEO,8NapFd-Gm6ocdbXv1CrFz
92hsVSvodjSyewpsFV4Wm,VIDEO,4urmyuAgDXziv4XTri06O
dfotZWLqY3m0AXNzSU93y,VIDEO,QJyuXKSzQwo2TPayVewuQ
6kI0w1lVuqAmtupN__0VZ,VIDEO,cP9vCn4kMXyYqqFbebwCx
07FYLNaz0aBnRlyNjhv8f,VIDEO,IFoNdzO2dc4EHtIgdRgjs
eQV2y7mw2GP9-8k_M5yyv,VIDEO,hWN1SUlEnWFmW3NxdqS0q
Foi8od78_6k7LX4DtGwFP,VIDEO,2zaZhRrE657nvKWv90w2v
_72jiB0IYgDRIrfJ6YRvv,VIDEO,Bk43W9hq0o3w9PZbIruce
LQJ7LHum6zZ9BsDMYOBeL,VIDEO,0CTU-oKgyCzrclwb2xqsT
IIXgoWwChbBrUdL91qL8V,VIDEO,pJ9MqTSUAamEolQjtByjJ
kMH2MrzLME3QZG7lEr2pm,VIDEO,_CYSFj0k4IOUDiiLivS-j
irWnJZuST2cw8Gofh4ruB,VIDEO,0CUFY1-2csjqF-X-GVtMi
21CSvXbZDOoEbosOQAre5,VIDEO,0nU9Fer-CZL5GI00kQ-p_
zZwBVvXqQZXBWdWGtyvkz,VIDEO,GTH5NBsrZ1L7AOHZU-LSy
7Z3tSnwj5_melHgzdsEDh,VIDEO,i13FylFyn2H8ekNjygPSL
cEq_FeZ5rH8Ib_I0j00rL,VIDEO,PB7_cqjWNbLIkToPofKeL
BD6xalPZLuZL3gk059vDI,VIDEO,ZsQW8tr_xDd7xCBcb68-3
_gtZJ0qH1ywOcsVZxFDxT,VIDEO,glVGdLwMCipgMOaj5SQpW
gxRWxkuDP7OHmur2Nc9py,VIDEO,yCAu-djSWAUMT5Nhuc2Ol
iSn3t8kRYvTIG5MbuIyRH,VIDEO,UPsfVQ4VBB955SI0AiUd0
ckq16Pp0HpRX87NmgtzI4,VIDEO,p6X3uc2xPr735elulhUSQ
I0WMOcS1MKp2TWFZGjhf9,VIDEO,ntdKPxgEz2XIVyIA4Bwt6
Eqwr-894uj8LTVJwsIS7z,VIDEO,5jB82M693l1mRkUExXZSX
5iv6b5xCpaU8qDXLumlC6,VIDEO,CI7q0vrFOXEPn7QSrupAC
ULBVzWuBl7ordZf_Afh0v,VIDEO,qk4PXRB4TSAyB9h492pH2
2D-nbNAFE66yu01qe9iJ3,VIDEO,15WDXSbAQnmwxO9aDv4yf
QbqtU1KvxmLE8K5W8-jx0,VIDEO,cL1o_nAe7eOfct-MUFNX6
ZLd4J3Lt61NZYpn7tJ1_S,VIDEO,9LD0LMoSzNL9rtdzwawuv
59_q_tW1Hkp6KsbBV9oXU,VIDEO,iH7F0-wLrnUdlKYgMjryo
tzUVsscYO1o8XDYtcEI40,VIDEO,_Dwyk_v7c_g9ZEf88U9F2
ILubPhwB_LgF5rYOYr4aF,VIDEO,OpuqiC_9H8wm4imCi_Bir
UZFzBGiDQLIaJV6S3PvHO,VIDEO,1DSNmZYyI_DFC_zXdA8L-
U6auzsbjS0bDc4ahsWQBf,VIDEO,NoN6Nlc4OdOSCjlzD8J_F
qVH7i28NCmTA4w4a_684F,VIDEO,sQ79OE4TIOGWkEZ9SURfq
sUTtcw3WaqLIQTo56WJ6B,VIDEO,OME6WfSX8c73rSFlexAZz
xQkIK0my_8UocCzAhGdcR,VIDEO,hzFgludHVFzT9bpFGOVBj
t38dCYYfHwQYImchEX822,VIDEO,Y43ShQb69Q88XFuCOTn8I
lh7LMspUdHLDBDWq255IM,VIDEO,iAM8XipcZM69W7BotF5os
fN6exvZeX6i4JLHNb7BiU,VIDEO,3fa3TJPMBOeWz9NDo7-Pk
U2ww7CwfablSJNycL1vrr,VIDEO,0LzGe-3e409YnPJm25m45
r5nljNkfrUkpToScaqx0r,VIDEO,njJAbPgWn5x3Buk9tasNx
FCZemsuf3Sw4mRKu1KqoG,VIDEO,fW0AwEYiVw4-HTCkw48zH
QPZirPDm4TNgNddHzttPQ,VIDEO,lGZehvcv3WM6cWQ7oBp63
i2b130ThF5Sp0KyrrWQ0J,VIDEO,0VgYeTqty4CZ5qqieFsVA
PSb6jF8jka5lxADd4vo-I,VIDEO,haaCKvqPIizfxrpAvx4Ki
9km5IaWwzwNXqK4srDMTI,VIDEO,S1Oe3IOFkUDdTUoX5OZb0
BowTt2vuR0jiF9zGeR6nF,VIDEO,ueCEaf_mX0c3SkYmjti9m
c8XVvOXaLsWuQmrJH2kQp,VIDEO,35CtkNLfpxPLTTvFHjylS
DXiyjcvjjP6d7pwQHuO55,VIDEO,1Wdgv_cmw0JGIKnQrHs1t
KIpFd7uuDSk9a5LsAOdjp,VIDEO,j7VJtcLtGIXxzOW2N8z5n
jC8mt4jsV2rC9bKH-_oR2,VIDEO,x28EUqX-q7gK2LBBSiTa4
8P9hTqZ8cvpL9G8yQgPwX,VIDEO,jjA-9o8dpMKNxCTrVt9h_
7bN91GUn0Eaa1ZwLrxyVw,VIDEO,flUSn4iFjwzLC_-IpptgP
d4Yd-Xdyp_ZIrS3Y8aPbW,VIDEO,TPRE3tGxK1FCUiz7YHefv
rqErQLoPqcJcnwpV7Pat7,VIDEO,IMhofnVq7hjPdDROPtrW_
jphVb1gcK7EiXytvAJNBR,VIDEO,tThKtVRvwgRpBin-AJ-C0
ydzOpWXQYdMLd8IkTH9Es,VIDEO,7h-CEaRBcIfzQXnEnhdiA
7p0AZ2P5m2TRF3u2C6QBb,VIDEO,dEkwBqzaMFI1ETQcuPjmr
TxD4pFi2BWTmzm_tBHhXS,VIDEO,CTdA9SnxNbx024Q9BWh2D
Jqzpi8OVHnCj5AZ4ccG5c,VIDEO,-gj8YwDbMpfOsZjiD8hAI
lp5q7KroKV6cbQ1yn1Swr,VIDEO,uUpqrvhuCVfEHabHkpdEF
FlW4s9jXarClhu2E3dyQI,VIDEO,wV1WTZPJhyu9BPTZlRf2h
AHAs275d2EevUp6NivzOR,VIDEO,rQkzWjti8a8wll3WuPG22
bG_-ku1GSr5vx9D0_KWAf,VIDEO,NkCxZzjvkVQFWyy8SQmN5
f_OyVO4kFXzElwGHNQHIF,VIDEO,1bnPn-RKpDoSyvDeQ0EPl
YlRVHxCknYFJ-scva20nv,VIDEO,ZCNNQr4J6geOSU74d1FxH
N-Y-chfk7p4HiPHsgJ_3Z,VIDEO,AMkXFJjC4Xr4weul4rgIh
06f0StCpMst_X1ZOeTVe0,VIDEO,lPUkp82tqLPOjSBGF2aZE
BzZcAX1uECO9Ho3dOHT1l,VIDEO,wToXvRgX0S-jSbb5llI_N
keW5uW9-KwerY1WNGGy7W,VIDEO,ie5hv3oYTbHZeaR2sFGVn
TaNTV-soiXjp8NmXz9SlK,VIDEO,UscV-verIQGGSfAPFNO9z
NDFzSgoMJ4gJTBXNHnKxb,VIDEO,CJoY8D0cYAv6fPc5YxHUO
qLd06xYyp6pGJIBgGfKMt,VIDEO,htu_aKVPMbOAYr4Wx1wWx
EGUxAMQPj5o_OcIFRz8bx,VIDEO,oCgvOnlPptlX2g2bqftKx
k3Ggsc9G52foA7RPEVJf7,VIDEO,YG1-3DmM2MOfRBJF9WpeK
gWk_Ka9Q_sW2fchLU02Su,VIDEO,fXTIQBj8ZSEDhmodxb5Vd
fkHgB0Sc5hj_MKUEX9_hU,VIDEO,08KrGMeJux2lZqjRP5bSk
18hGTQ3W2rIVCXiiKtPt_,VIDEO,z4a8pBbxJQmfES9y14b0e
oFrjBMD4D4DJ4TcRMdjpq,VIDEO,aBE4I0yuiAdJGfkKml1IU
FXV7I_PV0gkL6GFdV8yxo,VIDEO,k43I5yV89g1_-5C2UClxh
TSx486d0SbhtJ_mlg6ebf,VIDEO,RGQNqJpnnEpISin5SVLBb
LGhhKHwLStZClKfboJlSW,VIDEO,BMzw8Nut6KX3gMknQw78g
dTz7cXVGjDi9cwrEREuRm,VIDEO,rFzROg_IxE2MEDa6NDv-X
w6dZlmgaI2UcYWdrZcTjm,VIDEO,naX9Vlkk2RtlMRKZLGcNT
ZoYDRhjJM3o8r170V1ipU,VIDEO,t5TQW-PXad0QrlKFVpjvf
U-AZC0Y0VWi2_vIhMTJKp,VIDEO,VKL43pQ7p8xbLzk-Ay98f
_ZlzNrwEs8ciAu-_hZRpC,VIDEO,J_4L4ssj3FInhplkqVIB7
2jmPjTGYjBCEcUKuKzGpF,VIDEO,4gWHNrNPLMPcC5rmwOFYB
Pks1QpDyeCpkUNs-29igv,VIDEO,rMutIl_nPIsBMxddrcaEe
BBD8LCmHa4tJg0FIX872w,VIDEO,zsgAhrVkJ3eOZC4AnsihS
_4h0y-b4l8toXBipW1cGf,VIDEO,ukqNvvg7F13hrWvxOW1mm
de228XTlZcGecP588edoe,VIDEO,_l51jlS9RNVHLL9lvXzEt
sO686vrz_AOFUPQSqvEC8,VIDEO,2v6Bx6vrTrZrreA9mzacd
ogx6Apa1TudsESX5ZhZ2S,VIDEO,WEUQ19K23dn5b8Rlyuyko
YaKn3g_oabZq8UTOMcaMJ,VIDEO,fEfaAmeH6XVybDUP96aTm
IduJxHr2UU8EufKa5z0vv,VIDEO,pYW4VtO1HG2ZepsGC9mBc
QCxo9FDCku0MZLqwV3oQ1,VIDEO,betYGl81i9HWbedteSdPF
yF-ySGpiXaQG--6CnEYll,VIDEO,9ugOfV5WtXgutW5Vd12VV
RrnWcCS0rle4DhELaOxPD,VIDEO,zGQCSWAOEYylLtXEZ1fE7
wk8_shRrmC25pdnStq5-t,VIDEO,rvpeNGVg2K0JKYmTeCQGz
Ts5Hp60Xvr16MbdkCi601,VIDEO,4O-nWkAdkybI1pnWQ2yTU
aIyuBdCtlprZlM2-T8rkD,VIDEO,r4-BrbJm5oF4DomhzxZ8Q
_BbPkPDdyEQPP174QFkRP,VIDEO,q1BHamaJUGXtPL_H0X6Er
8pOxspr3zmWkiEi9hQszw,VIDEO,eVh0xLbwrK9oeM789fJea
8ZPt-_Ljd-y5rhthrbDhh,VIDEO,fCK4P_ps5P_AT03bVDJVD
YTk_Tk-5f5opwS5J9Z2uB,VIDEO,UX5TOfooxINGyJBEI8bVI
4sa-hErXXYX6ty1UYhD63,VIDEO,_R_sCdwS_iSwV-0rRW8q7
L0XxTyZZFeNnCGXGIY7So,VIDEO,7vZwZzCO06SXGd-O-QidK
CoqNBPvwOLYdIR1K2I5et,VIDEO,coGItsm07b9qcrNaEznXX
WgCHgOm0ZY4nhPqwGnmjv,VIDEO,9XErhjcSGPHDLOlUDAsFI
zGJzOtdNre1ZtZMzDWgWI,VIDEO,TsakoEeNpULpuRkA_AOLw
2tvcgHw8diYzYGo7E6d3p,VIDEO,HpUP-PEYWJns_9h59ftRK
kodHIFf0KOIOcVBA6X3Kf,VIDEO,DlHd_Y1PgPfo5OVTvWKqx
FVWlFC20f-kXhu_ACLEhq,VIDEO,4fNbdEUgtAfTaGQyBXnyP
t67CqCiycQpWWYKs4Ww4n,VIDEO,qvNqVixb-JZ4FqW140saH
oSbtFeBprO1JJcmb4go_U,VIDEO,sosdZtnaE6SpbUxlmyWqc
xxl9S9iE4XwSCBKiYRS6m,VIDEO,RRh7sqDTQevw4bqb4Ihmm
dew2-9cgm7Sk40EL99F-B,VIDEO,Q-Vmdp3Jf3_K_hwUlmrmR
REnF3Ux667cfUTOeWC6OD,VIDEO,go_0ozWuy6uNw-VAfQvK7
my_UERBl_21jA-57HcGo1,VIDEO,O54_eosx1zPh6QNWePad_
R6zkjjzf88eoDbF6QiiPi,VIDEO,-wg8-rlCaso6XnzKvyjgO
yJaRDTK8JNhFpqa8hK3S2,VIDEO,mbUOwFQEmHOAeVcqe1N7u
yGYe2_D-uokvjlqUaIfzN,VIDEO,9kkyNgETNQhCr3DAFW8Lm
GgXFis3On-s7xD24gAifd,VIDEO,c8lWwjNV1CeZS2piU9oqr
OVCTViHGvkb1ozc-qk_xC,VIDEO,-XAshgWmwb-i5PG4R8HJv
bDAJllOjRyB6w3Ji56rzd,VIDEO,46d1QCeSBKcO2wuiW_PX3
hS1tU_wqJXY4331_C1ZHw,VIDEO,9vViOBSrbwd0E3iwXlrsV
KsDHVDyKnzRlpn-hgjU-H,VIDEO,8SntxasLb-n5e2s1coScF
nDpLQCojWZxEWHpQE3dvw,VIDEO,7FX1yYl5J-gVL9jSe53Vh
ouYokE34DtGcpJHO5dWkK,VIDEO,ZTmpyCSL-1l2_EMQa-unY
ff8iVJn1hNCc4l0f5WQKa,VIDEO,bhiy-je2CD08uej_q1fMT
CuvFiA9QxixEHLl2UqLAN,VIDEO,KS4-roU5qcOYwjr_PpCvO
OfuEHCmwP1xvjcEBtBePT,VIDEO,2vye7CEyhK_mRo5NjFgjn
xEdiVLyfgiGVT41iFo3Nt,VIDEO,395i7i0Uawl9XaGMrVM_g
lNORrE6teduJtYOb43OcF,VIDEO,SEawMZa4C5YFa4AuCJhxT
HqpSDKv1f405MiLXJ6Fx2,VIDEO,46Pm663gl4PDADf4GVKIE
UzYdLsQCZ0vmYMdTkhtuW,VIDEO,tto-vdgMheYurw_1YtGxT
PhZl7n88yIaMjblOBRqf_,VIDEO,lwG4ucDOIBBADZB68KaIN
PmVcE6bB_ySAlgrcj8iWZ,VIDEO,v-d9J7IpUkvdx9W3jIAAO
9v-I563dzerZOp3jSUQm_,VIDEO,WF-jlP7fp76XDVUQb1nem
R6FTVNK0XRdoODqedHHY_,VIDEO,r73GDYwNduaEXhS9GcPzw
bPllamCN3Nbckfvh_wWXT,VIDEO,6io9-PPG5oiSqtPCDBvP8
WvxBtdurFhijMvgcQH6YR,VIDEO,HCpKJRRyMQftzngF25c-C
TRioplys2Puzt7B3wqNh7,VIDEO,3kK7T-HPAybelvR7guTU7
o0uQM7a87x0ic0ZheftjV,VIDEO,Scdp1E0OtxyzJColpma_y
3s0sD9cAxe91t5lXZdEk0,VIDEO,5fXvfVQosJ8GgiZnCgNmA
CMsrGKEQZwzqpP0GF7IEY,VIDEO,YwN-PDUK0Zosi1N-cI1_Q
Cdw5xqRw_RnhONhzzHgxo,VIDEO,o8RKx1KsAfd790GyA0WbV
kY4GcxvAZyZpuzaInfNr-,VIDEO,bGvuKvpXEs1h63OlQu1hi
r_anFkXZ8DUQkgDa4QmKh,VIDEO,LIshBLmUzGd9zQ7S6YU3n
KYM4cAyAejjwY8onTfiFN,VIDEO,IRdj4TPNnSUBWMc8pO0PI
YSeO8yUKJ_MicmQQewVHa,VIDEO,0uj7miMD1wh4TJvipglsZ
aic7N9LvGk0wSWXMZHtz5,VIDEO,FAiqSxz0clYkLp8YrTjPJ
YmpHSzwHGO5pZ9__dP8uw,VIDEO,R4FFIn1qOCJxVjrtu5KdB
yeU3pCN56sjADva4CeLR9,VIDEO,o6VRvPaZ5wKwZkGuz4K3S
mHbXGv0-9vRrUJtP-nZ3m,VIDEO,iOs7NPGbVZ80E4lINNHPr
-irg0fYZ3d26HUAe6jhAd,VIDEO,pOWlbLlCwT4PHbq3mTQKj
fWr6TXTC9aYxXw7KeNXHn,VIDEO,VHtLj3Dhaao4SiQjuHM5a
jybz-Su9R7xuEL5Rmtl7j,VIDEO,JVl2YXQZ-8D3CKJA1JRvk
jUUDGgVYlMSVaLs9ojEyf,VIDEO,cDYn6PZA6o1pythyLg9LG
3nHjruGD-irzRmokYRyj1,VIDEO,rjhkZo1ZiM-hJGaVvqe9s
7If5H6zBcDGxvVlxrtVIv,VIDEO,t86BcvxWe-G9pbSf7RR_1
MA8bt2NHCHCCIvTXl1Fe-,VIDEO,LT4p8gxmwRFpWRac_zgXk
NoVEadl4v3O2nWU1xzMSQ,VIDEO,Q90V9jeugJm-4ueQkbUFf
nWUPjkA7W1enjCxzRJIDd,VIDEO,2gxjLdZHWm-CyyaGejx-N
zIjO4XC8GzUOsHV7mq6BI,VIDEO,sTvVMCQ-mISUQbyZRSnBb
ZcryXf3tLZJN0ojIypY9o,VIDEO,nL47ERvsBcS7v98q4aMTd
mtEh9E0YNI5uPuOKg5orq,VIDEO,rZjSnYtJxmr49t33-Qcpe
dhIHtNGgmY6mtTB4XtQdD,VIDEO,8vOTzWSkO9hLy1-XYf5bM
Qby9-2ttVkrfmPp-4ChKM,VIDEO,760TmY5nY3v10FtR2Y_Do
TB2n2Bc3PDScaJTLpxcVo,VIDEO,QDjvWiDxq5w6Nx_EwA7BY
k6J7AbIn5WOpv5aSb-AB7,VIDEO,dJunROyvVtxTnMBUozrAs
ac1uACXBB_JJY--Q6r-h7,VIDEO,bBuF3lSEs-mi9y5NmRMuB
E5JgDtbuZ4mtqY14hfaZY,VIDEO,uBYdu185QMvjHDytRVA1T
8lGga5MYSy2t20I7F8jfs,VIDEO,6Aaz8AYQLYPsP3JqMFIJr
TVtt-ma3XiPpuIr0GCuY-,VIDEO,ZiH16a9x5sJGKZrk2qU38
iE-_Z_lI2chbvbOjDP9FF,VIDEO,qg2FADc-WvCTePFo-os9y
qIljQq-MBYsw5x2Fowme_,VIDEO,6yvg7LTGzNkkGlnrs5Fo8
huvinIWJoQDAj_CnFFfSU,VIDEO,G21gQCMgiSt0yL63XVXE9
mDDKBk2cpAyz9RTUe6mYv,VIDEO,VDCiWWMUJY_e4Yb15rURU
QlcMpLHVFKSWFDEyVGb6B,VIDEO,tMAMKItAx8lCVJU2OpY97
VJMbIMss4qTMz34_exqp5,VIDEO,7bzM82S2FXAXhVXjMCQeS
xKTEHKegRfSCWPjF_SL99,VIDEO,ZHn-ifCZ9RH56cRYJgovs
xZmefEau9gMF68P1Hsurr,VIDEO,xwkuzG84zXSqlwNioVgXb
0bxyzTWeG4OhcdcINP6C1,VIDEO,zX6IeEtRx2woAUkX9NNW6
mhwRU5Fxcxz-MDVSfsa9F,VIDEO,XaML4qJkjnXkeYI4kh6pU
uVJKFhSDxinMprrIxWaik,VIDEO,gAYkNul7zZgA82_bLam-p
4_VwWQKE5cxrOj4POWB31,VIDEO,_1SWljADJ_0TiRuUilOdN
1mua1WU-U6y-pkxxfFSl0,VIDEO,PJrV6vqb8fXh-2tfU5d6b
6iRMyCYDm1JCgBW-RaTr5,VIDEO,5oK1vdvsKOV8ZEDgjrcpf
8VgsavU6g6TV1EEnH72vU,VIDEO,mL56M1rKXqBh5RUkzh7qw
6c-eFeltjhrOCDO5MPMiw,VIDEO,8q9QDbI2efM9ggVjhFkA9
-k0SuxtV1-RLwHs_dY318,VIDEO,AOIERnA8cz6qcpeuzIb_N
ZWM5gSaA5uIouFVVw9D-P,VIDEO,I8EwwEw3wULpP1WqteLu1
JVuIdyGnev3UthnVzeKWB,VIDEO,oA6Avw8QABK60HWfXXQ50
W4sfK2sIeiUUvTTJsqsir,VIDEO,JavXsjE9vNmaTW7oIw576
emznp4NM2-7LYwg6-OuWS,VIDEO,b6Lr0Q_WgGBipEyQHlA-r
UvXv0H-ParUbTqVONr-c-,VIDEO,dpfpJ3ZW3vCRCKJMRjWNS
YPfizJfZj5Tzd78wKp-PH,VIDEO,4ZtvxkBL4RYFs_HNOmNan
96vUGVkDcr_9fr5dkHCyU,VIDEO,-UIuHkxqAxN4AXXvSr0Gx
kduhvTB-Re-w2wJBT68Da,VIDEO,ahirNVZyskTAL6RIYqG-o
R0Tn3y-NqoJSowjVhYXbh,VIDEO,bT6vHFIpc4iq1TkggAUZY
iR_sdWPgTQZ3ZF4hCA2y7,VIDEO,iMfMCtRqWg96kQphR_qmG
GuklUteT8wDnoDerHi8Jg,VIDEO,u94bOESpaRz91Zvqu5mup
oS-_c254dVicizQsf-sWN,VIDEO,OM2Mb6_8-wExIfRJPewe8
ACH7tHvY_A-lfiWSOC1CR,VIDEO,95ZsTgvt7XQETQXybG6BO
ZC69bJdgX1nM_nZBMbB6X,VIDEO,lrSCmEK9W-m-BQsVIRivX
ohpGCYZhgv13jWYwJpEkk,VIDEO,fCCDeCYovLgu_4vmeg-DR
nKYHMenIgbXyPJlzI1E-j,VIDEO,JNO_nvLpuCJII-0KRaJIH
tT55susnaZaigjmR44ShK,VIDEO,ByrOrhBbO6elXKDCW9rnM
LZaIra3JmMylVyD0RIirB,VIDEO,YSE9qQW_yuF9WvqPuaVes
-JXO-7gqE3CMoDhJa79FT,VIDEO,17y28r5iSQ4MmhBdMtnGK
E_Ftz0L7GnhMjfnbxP7a-,VIDEO,DU23H9cVkEZs7y-dF7CPy
VXmACpQ87rMXPuTzb6TkW,VIDEO,oCmuHpviz9EWyF9ALx83T
lXpouOAnxEgtKVUnIs96A,VIDEO,hoPi1BW3L_haxkzb6shgS
v4JTBUKk1y9iStGqBIAgw,VIDEO,EqPv75UEyPxY2E0ARYrsL
xP4bN4N0U5XettHhUkquN,VIDEO,0vhfeAUjyZRWCwTOrQx4v
at4M4sUmJrkD-02LT1W77,VIDEO,3DWXKqSoHHtjn4pFd00JL
2YbjuAk_St0jmfRZpOMjU,VIDEO,BzeLXAqub6qu29bD26xIz
s1NQt242o9HBgi52sW6Dc,VIDEO,stzbSzmaVTX8BB9cr-adQ
mJIy7G9Ou-tGorcV56pmQ,VIDEO,ZKXZtPzzui3gx1Z1-xbKI
YUjGVXbm-bX-2bOIfK11g,VIDEO,IcReUylvfq965sggyA-Gg
4zUzgau8yNTaRhKYM8JFx,VIDEO,tpi0cHEDaRoo0BzkDclEE
7XTjKFhZSnuNwGYnlRN16,VIDEO,CgtDu7w8qwO4Y5COVqGaw
O1m_OFwNL4yG3Izi_t37A,VIDEO,yR8J9Ddr7mbEiMuHvl9p8
LWece8JA3nUmPnRThpwRw,VIDEO,WvodJjVSmgXDw-apPIr4m
YM6xtwTPSLJAd2NSut4lh,VIDEO,_GxfPqTrXosBooPG4TsJX
a_cmYmuOfPevj_XPL4SJ3,VIDEO,6Bskt8FwckVSRrLIBI6qQ
MwU4MtO6877djzOkNEKIg,VIDEO,MARgmQBF85dSxKhL4VvJp
4Nujuq53Q-_-W6AmEZq2t,VIDEO,NDfIGY0ZG0-iUhK7XZxPE
bxsyb_GVkf7t6p_Gv-o0G,VIDEO,QFKb3FXCY2uyUUPKvV6HD
dlyH6KE-r4t5PUbZYrYMU,VIDEO,edpfAkSobs31gTJ1oq5VS
dIgNZona8AX1nTNOxLDLx,VIDEO,5qWnB_vqHE1XgqHYQC3Gc
meWbo2EB9XamUZciv0LKq,VIDEO,KoIL1XaZO4usEvGlVASfn
0DAppGIFrFW6CvcUIyEPd,VIDEO,YEhAon8oe6gjjworxuBS_
eEtasWIKkjAp6rVriZUMc,VIDEO,oFJQWf_LSmq4pgCfjyFH_
pD-x7qI4Ajex8VnNV118b,VIDEO,lAKYK50vZxKcGe6ixtUkX
BGig8GrX0at24devq_jF9,VIDEO,6W_eY_VWSEI4tIr7Gu3AJ
x8l4ouVbI38mzweyMDZwD,VIDEO,4OivQp_PoJvEHn6xxW2ot
8H16DBslsgBMOhBaT-EIH,VIDEO,KPBtTBfiFSEaSwCBmBLcV
yvw3TtTQy-z-pUnjgZJcC,VIDEO,Y1_rzpxGaTilDYnfEKHPc
ysiqPakeTzIHOjZmdjWdm,VIDEO,mpRHBP_0OBr2B7wO_aQ1l
D57g5_RCd88au4Vs5Hy8E,VIDEO,VCx-2oSmsmIf-E97OzG14
ckWgnRGig8CRPsccIOSnC,VIDEO,UQQYWFUKFwcAUQg2S4PpF
6mE0-3gJLKlj2b3ZTherH,VIDEO,vbekUOmE2JAzw_cAd_xOt
1rOKwd8fBo6zXbG51Pi6d,VIDEO,6t3cMtYZdBmvbCpMGLjTR
DK6JqNL_98Cq9MC1VwBrQ,VIDEO,LQQudAlxGmRVPIY_yI8mk
vojW0jdPT8WWcYRjQkSQn,VIDEO,AyVcTmV5J8DBMQwZPiyCn
q0CNEWbL8D1bOO4a6OFeY,VIDEO,zOYLjsDXPrj3SlI8lcwyo
IhYoWng34u2VRkHplI_0-,VIDEO,eZrxKfGB7DxXySmsC7orw
BzMC87oSU623FQz0MPNE9,VIDEO,7a5hT0uKktHd4Z8hTQipy
IHYQJmd4GdcRtrywP6HmX,VIDEO,27Ek-HPFRiN5aP0i93Vkz
nISCFEMmgULZ4EaM6qkpo,VIDEO,s7ZvI3EEJhN4cleFx2C9H
P2KTVa7Fftl-UAuw0gNAp,VIDEO,mS81cnN3hMqqDWZ3iEr8A
Kd4ZNsg0OcRz7gQLgKb0v,VIDEO,zbjZYRv0g1-x5biGwTff4
q-YgBnIszMQiE_YByrglz,VIDEO,1gr6cFaQBjTVgmlsOG2xc
zdHzWf5SQ8XCDcPDzgC6F,VIDEO,4-oswIe3zjZvI22GVZEIE
iZSocYQZzroPcdEuO2qkk,VIDEO,o9qk9t8shTVzqe0gYNRy5
pGqoQI8ctfNHZqQw-ULM5,VIDEO,HRUwioHvZWkf1cfAT3BDH
YX5PUAz9Wh-7sRC1Gc9Cr,VIDEO,nFM4LoxQ8SdnMSoyZRMdH
fhn3hLxc6QHlEPhprlZXJ,VIDEO,ozelvrRv75W2vcPYUVmzT
D2lFm1AQtdI0b2JTSdXwg,VIDEO,M99FyKgQucIqqL17nZs-V
Hqs7kF8J4k9AbyjL7alYy,VIDEO,R6nX0oc9OzdtavGgvgzKx
7VDcviDQOJ1Z5X_42bwQT,VIDEO,5H_2_IAVyqAfiCDjo7QRw
q62_T3Y3EUNGDUwRHpJ64,VIDEO,aQUzukNsbdPawsgN2liqM
xKNwNA9zqigGZi5QQZzj2,VIDEO,XGa7rA2nGJj1BGpOO-CWu
uTCVmSMc0n4iGh1JbiHmr,VIDEO,2kMCz9ixPTWRYaFM23IbS
SFG8ahZdlh6ApuHOAQ18e,VIDEO,P7NK-UKEYqHCNBzYtvDQD
fkUcZpTwuNMlIMTxznGxb,VIDEO,wQBHgonu2ARsdxRPb2Zyq
e7H29e8Aea0rBXgnoIr8Z,VIDEO,O4WXIHnlRJGKzjRS6TW0t
Im1qiJoWr3VM_yAUk0sp0,VIDEO,d13BDW0JGUIZYmYpegreC
czJGF6roZH6QiV8SPm0wv,VIDEO,kmfm8KLBLI4Sk50vDwxBS
uvCeMB2dd8EyIP78FhJT2,VIDEO,Y8LYGa21kOSey3ZN32vud
24bhJRq79okxSQ3Zlkgzf,VIDEO,XHL-2WZjFCroUNHgxhADT
SRxauXerHdTghlMvJSZ0I,VIDEO,z9ZdpcYd3-dFeQMeEeQwV
SeOTXTPRpVP3v02tNd0qu,VIDEO,E8etbyRuRCxu4wwmkfZci
hTjWWARRI3uEvt4drH_KZ,VIDEO,ycvGNRJxRTBe8NYstmJzC
wtA0R_zqjCGrYeUGU4LPd,VIDEO,BYteKwWIvFfNFtqscmIpX
umqwiY1SJ_enEtmJkFxmO,VIDEO,EHeTssktz3lOD2rMjicP_
2shZeXzY0FGjT3zEePAZn,VIDEO,2wODNkqT78-8iHXnUXz9a
MwBq1kayjxUVho19f0WJX,VIDEO,VtiMjO_BKBGmHIP-JGQ4B
JnCzbpQ_seDiIyZS9ltNX,VIDEO,iAvJNeQN9y0TRtDHH2i7j
Mhc3bv7qAEIUNERz7Yayg,VIDEO,CqogXhFj2PA0Nrp8QJWSo
Q9ijhJsQDAA8P1c5uw5-T,VIDEO,QY1ItlLTvgNTu6z2kLLa2
k-MRmZLn700c7qxbjGWBK,VIDEO,cOs0gYkDjYztu1VJlkTbt
B1WM5gO-FPUxYpfxAhR0Y,VIDEO,ByVi5xbxlcwxiXJskMk39
QeDhfR0w5ElUOPXW2mDy-,VIDEO,jPI2Lt5ceG56bVTsTgH-5
tIb3IptB5JRKt4pntiZXk,VIDEO,r6_YvQN_RLufJXlkp-XkG
As13bIYjkwCdOGAODgPzI,VIDEO,VI-DQ3fWkg6rpfi_wz-HR
qgow32I_HJWeL--KsQbBT,VIDEO,N-PE09V1xsMvRd_PsSBc7
b4FEFw_EnXvIcwu3BKCfC,VIDEO,etIy0_mshhK5B0HKTmpEh
sgk-zQxWltxK04OdXO-ww,VIDEO,OJIHAzO7I4TcPe4AV2RAD
PPcHlPoOfwvpSPddUyDnS,VIDEO,94CT6slKmOK4RWPjHzHQy
BkujjY1M2vBbxs2DV8o3c,VIDEO,OerLUJt16wTGnsEzvjgKu
pXosLmsHIm-WN5kWzBzWi,VIDEO,d-XUTXeXpRcofNxUcWn2K
OSzknGrUN3ZXr_Dow2bD6,VIDEO,ygI_GxCxifLbBDR8RRs_X
LaEyhlc4rpWmKm_san1GO,VIDEO,UPdV6V-MAudn4VxYupezf
gTfVvI1U80u2Mu_CutsON,VIDEO,jyu5CwKhx4t6EG_liWjrF
PhwKQbp5RSkC42yEFV6-p,VIDEO,P4ow_gcnZDRlw8f4-T9bd
ZHrwYa8HgkdK95HlGsP9J,VIDEO,tvr1bapamFdVSscPULrds
XHDBLSkSmmJTziz_KdZ5Q,VIDEO,Eo4gatGCSRK4N8PH8I998
r84H-fsmYC8bi-8FRUoNg,VIDEO,WwvFKLk8OO0zwX1ax4zve
orV6Re4psMZtcJ4bCLzVC,VIDEO,pPk3IhPElTLNpzkfCYjyw
szvEMxfiwKO0dWDvyOiOX,VIDEO,EQRM87rS9WXtZxIt3psen
ihoCB1WYTSW3-VFtZ07dm,VIDEO,FUQ9KIUalgQKwrO6Asi4X
NzoLBcqQ9aEZ-m9FS2UA8,VIDEO,T947L_AyzcZKQQjC9RkMt
dCRvAgvBEob_K3Km2jdHU,VIDEO,LcyovzktC0rH5K9iAnW8J
uXLWpS_7jpW8JTjh3yHiW,VIDEO,b7xBGe9VpzArtPRqwE5Et
nvBJHIMYUGGBe04K3VYH6,VIDEO,yH55iuqfipZrBC56DgIKp
Xqa3aVeWjjlBCnG1wki6H,VIDEO,7tmBQtaUfFcP3N-gNJIh_
w4JIi8G6tH8ykrreAoyw1,VIDEO,1RdkWYj4UM5Wc7eA0uJNq
LTgIiZHiEuzolsWDPN8kN,VIDEO,GSZd3yVpZuhOL_WR-eOB2
Dn5nXOAy4Fd60nAiYyjdu,VIDEO,8SrTMXpu3vleu56RtH6sC
S7iCKepqD1Ml0HtgXcEai,VIDEO,vt_1Xy1qjaGJCow5COJ93
klOMZ0JgZ2ylkxV3hyQWJ,VIDEO,o1_gUZJdkhNONarrIXtfB
b757Koy76-yiQ-qpXOc5l,VIDEO,TdOAbwlIRz_5RD4N57EoW
oMcDd0M7ExuESxNeP0oWe,VIDEO,Tgn-w23WNVJJw5pmO3agN
IlXEvQlqg6eO9bBeaI_RB,VIDEO,EsGRMx1c0zR_rziC2Kn7s
IigokvkqZVn0mrcv-vC4y,VIDEO,OL8f7evcmknR84mdBxRNP
Rq_xbb3QXvZ7NNmCO7TDU,VIDEO,WHnhkb7kBja2VGeWdMv4J
tBbaPgJg3dlS80ZIrQhto,VIDEO,G3NtvmjbnFM_B63hNQj-s
2VXVX-DAond5NtsM5-clV,VIDEO,FIbj9wxRbWLYfAEYSDmnL
0J7Raun67r1aTF9uPeh48,VIDEO,J1rLL3LBzjQURKAo5QcU9
8oUZFk0ZTPFJa3uXN5FVH,VIDEO,iMcghSmn7C2HZ04Sru9Gt
JAA6vMq7UCupcZ8P43QD6,VIDEO,wdcn2ybwFNtZREgx-wWle
2JL5SwnatJ5O-49EFIevW,VIDEO,eeHzho73-iiuzLXx2OkCN
IT8E_nT_AorF0Ko38FqFL,VIDEO,OkjaCyXl_ErH-5Njtjko0
vGfyevH9_IuQSGeOdPYtU,VIDEO,DLmx3wQtbHPa-IxlHtp7j
h0sv0lpATYVLwo6L31mPC,VIDEO,bhOwAW0IQvLwvo3TWYC0d
6T1UAGqEm0CzMyLK8vf5O,VIDEO,AQcEXNVTXVlb2dJCeHLng
cjsRvV822JDIMUsfhHDJV,VIDEO,vOIXC7SJWncAv8rEr68Yv
gYbTxi8Q6SS7lWiG8B1ex,VIDEO,mDlT5YWKebZJorF_SK-2m
BZ0slD9TZT6fmsGrbbWE4,VIDEO,W3Y_WATmuSuMA49cuHNqH
A-NRx_O3U5LmGq6m9a_NS,VIDEO,IDpWPxzFadsgW3lt_d7xX
kfilx4yD_RDutOIMB4VcV,VIDEO,X4UDxzPNmaTWScRGSi8QB
ECo0TW81aEDDsRngWcSex,VIDEO,Bvr98DjicF-uBmPOnpqjS
i0IPwkv6Wnainunhfakrb,VIDEO,cSvDMOXcfNwrF8igus3yj
b74GGhiq9gaNsfzNJnXCr,VIDEO,grz6e5PUUdd5C4a-r77qc
3sr38cOe82fi7Xvm0Yj3h,VIDEO,NaJk7guOM1HPf1QJZWXeL
QRl5d0p2o5JvGwnrLh7el,VIDEO,fYtBFF8J9XyZvFWYIFPCD
WpPiiwC0rRod0ZjE0c58J,VIDEO,mhij--HYFAu4RVXz5s6_C
FmeDHQXaUcu1vXb2CkGOe,VIDEO,7rm06NUzmdZ1oy89T88qm
-DF9VxzCZnRo8DDkMeem9,VIDEO,OLmTSlevbrtrIZFWCeYxf
U1ulFmwMYBe0FXqOVC-zb,VIDEO,ngtNRW4rkm4v9r0GbKo6n
qcj6pAcQbvJCVTj2OKPc2,VIDEO,QSCrV4VBe_A61TVw2SfaQ
5pgKURb-4Qm5IVDHi0ZQq,VIDEO,uKqh2SG2ML6pbeo9K8_Bc
yzL0Fck0nkj1i7761w7WQ,VIDEO,GWdUiv6wQ7E4ceVddfMSE
U2oFjLNHNqDsWCWA8jH4x,VIDEO,nnr4EPQipZR04bud862j0
12RigRiHQTe2BhHXypKQQ,VIDEO,M-W_d47_e66kNZtrcJgRR
NzRhPNRYmeA57gJCyQ1pG,VIDEO,8c1bs2YaiDMkmM8T2uM2G
nuXjuFe-J4dnckGaJMjZO,VIDEO,lT8UN_YnKhCTHag1NhlSA
qcPAzJKpeAZ-XUE5HPy-k,VIDEO,xxB2vkk5U9vlCfJwobjnx
RRm-nTtH-lfbmNG5Q88Bo,VIDEO,umEmT7rQA1xtp1Ck3Ptol
LIb1xjfH6OwfmK3HgxoBk,VIDEO,iCmfVbaBd8OpIm7_dPHdU
EjsIBzNb91c16WGjffSIB,VIDEO,Gs8bM6UOj4YBBjsiZEMC4
R4WsISCLoHrKTkem6Nz65,VIDEO,BxWKXqG6nmE85NkHIEMGu
0JTiSittMoInkUYKdb-V4,VIDEO,d9i-x0Jlw22f7SJcGB1Yu
bBntxBomK89gbF8C6KLYQ,VIDEO,QMeM3byClOAvp4y-s9Dqr
Fnj-2On2UPIz8-YxHdawg,VIDEO,-9cx_9pDrcppY0VeT9ufq
U4wS8VAdyn0PwVSjPjZx7,VIDEO,e0zR_4AekDY9U6sw5oKfB
xmbgQbh94aFCj5rNFGa36,VIDEO,HG5mL2y5RAMpN5XR3_pFJ
ACRehB1BjOC_oLzS3NohW,VIDEO,F-JC3PVC-GyHe1hXFdmxM
X4BF3_g7Ge6R-AH6Gfwv2,VIDEO,vCbPxGkRwxTZ9mHP3fdEI
s9qTTCT5tmaMyjpcBiLJh,VIDEO,BbT617ffU61yoV6UcpKtq
5blh8FO-bkw-4L7s2X-Mf,VIDEO,mvbjs9-klS1a3TWRNzn7h
ROCv_G1eYHyHudrQnsZzt,VIDEO,ZU11nDTiPHBaiKB9r0DAU
t7JC1IrvKlzoTJruZrL0F,VIDEO,vR4n8iYGCH0kBK3uihB9-
sqySKB4GEAVg4xqKENnEp,VIDEO,7K_UTTCpk2WtRkqWmjSzh
Cd6viw1ervXu4pH-yh0Hi,VIDEO,NQxZp8x3cEHRN-pZ0ZVMN
6KnPXrK7XMX27bZwik1gP,VIDEO,VRQ7vtXduI5lEXRoB1ED1
R-tTsRlZ8fWeHyZOW-9bD,VIDEO,WdJO3enNsHvNTwLsHIQHf
TzGOtXTz-yMQ7kQGb1Mgx,VIDEO,5-5_pRpF2gAvlU10F5Ppr
gc3Kk_H6WaCFcPzsosGBx,VIDEO,nEJddtXSmEegCjvGmyUw8
eKQ4gyoyUUcKC650XI_d8,VIDEO,GbmMB88nbNzw4AGk2DON_
xv4xsnkqXv0DUKDDuPS5U,VIDEO,sxAAracqUHVQfWTHxx66Z
e7oN9e2Oj0TCEXMEMSyyr,VIDEO,H6CAErdU8lPvdBMxa4AOt
ZxecPn0c06gYZlUnAOdPY,VIDEO,Ss_CHwmBU4oh7-umWWKCJ
r940qrwewgXWS-mUL_U17,VIDEO,1kh_HMPunesfG1L9uSfYg
3rCURecmgoar5bQBANNeE,VIDEO,KJ9FiUcivp0OBvHHlzErP
JFvFhSZCtay33abBsvXgG,VIDEO,_K3JQn7TxodLrCICT1CPp
qNzEB5TrRkz7ZpqATX4Fq,VIDEO,xg-Ji2QPsT3drtozkWRKC
MqeaHE2mCsfYPshm4Hblz,VIDEO,sHANaWV0hpZNJ4h88IHZX
Ez7dxfsKD-6jA8VTYmSz5,VIDEO,Imqc01LZncjjNDCM4d__O
N8hYFa3VFatlHi4OuZHy8,VIDEO,ae0zTj88wqWM5oM4EOYSK
-yYMJCd8L9PQjTojPKxm1,VIDEO,_lFR7k6Y73nSnFNyQmjAw
MfLKxu5DA1knxwWg6CXvj,VIDEO,LiSQccXN7AN1M9ToyvJOP
epjxPwoeOzxOZqHdmeODS,VIDEO,xktBW2Xx5PdeEiG3MVoa0
wPdoZu6kjRHmUZ0s8wmhj,VIDEO,jiXnmfDFmWFLNaNGMJ1N_
nx3NU-BInKqyOuB71_iIe,VIDEO,CU1tKKOciODR9NMszUKV1
-tTpNrIs7CP--24ahmnib,VIDEO,Fn8SNLTbC3HKTXBYDGYXa
6bUwNWLFmS4eovnwL1mzq,VIDEO,f_wZdzy_KD1h4zM5sEjcv
mqO-tdotbT0Lmz1K39EOI,VIDEO,MuTgIkFIM0GqO-Zrp3YRH
biZOk3WLVF8sGR5V0_VgE,VIDEO,aBY9vndUlG5sjGmcqCy54
eS0MIQI_lrf7r8z9k7-B-,VIDEO,O7QGECd9lCAsMnry8WtF3
eUwijswsS6qrltC4gS0wP,VIDEO,Q2ym6VU3JkIwTcPTajLZg
f0HO8ItfDv862x-TTiVm5,VIDEO,cdRCG2zXjgegxy6rbIwbC
snCBxEGQhmd1Bb1DpbGUF,VIDEO,NFn0Tbjx4Tn6eOj8NlaF1
5hHuWI7LdyTni9Wy5UBkO,VIDEO,nZBPXd3GPb7XaD5vKfkcE
svIDKS1jTQd78brW8mf4c,VIDEO,PUiKj_euZEKWAg6HuqSs-
MOCr0X7qAEltIy-EvQ6lR,VIDEO,2EkOQ7RogQitwstYVYSx7
XUsjue7B5JLrHV16cM3yJ,VIDEO,bLxgOCDK6piGiIU4uj4do
fRfyZpRJOMMgM69O1GG9k,VIDEO,NUMPHzUBpaQepUm6VDvrV
0z48mnzkQzOu_2DR4lcOS,VIDEO,C68JAe2SGHmiw7pDh-QeX
Da4Gc6-FLNsYCImxtfNe9,VIDEO,Hit_NJd0aoig-KF3GVwyU
T4zc4oKKf3kYpQeAXgqDa,VIDEO,CF0RoTYF-ItXapRysq0fe
KuvQTGBi3bCDzd_18hWod,VIDEO,68DQdaDosEgzNlcX37a77
3fbzMst___B_3zefMD8G4,VIDEO,iw26mYRClSLOU5vOmy3_8
h22dAzikmGLSY1YWw_Gin,VIDEO,Lej6PlEg_JxTKVfx1X5sL
AngVHwOEYajQfdikpxuRK,VIDEO,U1Q5F4ED7uFjsd_C6B9Tn
ZJjP6kYNeaCzdT2KXFqhG,VIDEO,CkHvgEfArYOdaxLp_IEee
El53vOE4V0NEUZmG4I5zn,VIDEO,8tcS9YFdaUTBK59MaPG0D
JTu3RE2_WPo1iL5I0aMqZ,VIDEO,Jf8v4r3-MAKTKGy1ugEfm
4NLqcni3LQ0Q3zG-EVZeo,VIDEO,mBxaX6s7P9JLTvXlqR6Nd
3c44_Lu0AnKdW7pYi6HMR,VIDEO,CDF_x376iDjCIGv_o0V7R
liLEQV0YmaRlNrWfD0Fe9,VIDEO,HJ7xbMZNL-oq6U_KAiRpv
Svp1VMbLP3mEL9pkCUFcH,VIDEO,MaTV9hUGUAwd8WU8GSibk
IUrE8VFlL3htJfK15T4qx,VIDEO,ZvRm-rODcGvj3It6XwOX_
VpYkYpGpNWZdMSIoFwCbr,VIDEO,i7mj1aXNlno-vbsdb8D4Z
DLbn56DigI16c0dk9OcKi,VIDEO,Nt8CqrzLATc-mZ2lEQZI7
jRvwzUNnN7DMwmOnRxuBE,VIDEO,vazOdtBmBuxqtH-OpqYf-
qugqhI7MopWDdJneTMBfk,VIDEO,-jACYfDdT7zcmdq0E-Dnh
S0X33ykII-A9s_C_Iv46W,VIDEO,QDXu1LUSxwZUeoc2MkXdz
SG3UMPJp_Qo_Xls9sJbuV,VIDEO,FaOjATo_wg_0W0CpWl7PO
8KZUoRvaGrP9GFJr1M-xg,VIDEO,oa7wqV_QO9CWj8E83Y6yV
TkAQy7Vkkjj167zsI_264,VIDEO,2PN4UikjiPha6HV8GvR7a
jpyHKoiNeERsD7mkNpfgg,VIDEO,XFXHUWszAY-R-oK7B7GIN
NXZyInKnoF5daXTVu1EqJ,VIDEO,ETFMf83Uua2tJAdIN42KT
IRn3ajmS30r2GqU6YgeyR,VIDEO,MlCbp-OJKKjfISL1DmxYg
k6zKf-AaVWBSzO0PA8EHE,VIDEO,uhbJ_bYCgNPfuobVurDGc
jfdM13Pme-eQ5jpJn0dP0,VIDEO,pUGIhsN0p1LxdCtI1Snfe
y3VrZ8AeRZ_Rkq3NQVN9X,VIDEO,9-zWPWqZkvgshVRoIpq99
0V5DfAMPaqeCdvARdJrHT,VIDEO,SuaP85aIEnIMkgdu69EKb
OWMFZbNc1ZkiNCg5eAPmG,VIDEO,Yf6FnB6MYm1c2aOdfojww
UsyX0wMKNlBzsfJP92QJi,VIDEO,uIPvPSBBubJwuEjH2bhWW
9xeviGckqdv-HVJ5rPWLT,VIDEO,5U9gfdSSCDsGLpGwdkakA
W7AumcL2_Zy_q7qiQQep8,VIDEO,7-4dy03-_eMnYZorJcQ7X
RQRvy5QKVTqxDigGvats_,VIDEO,fBZEbke2Q4EEDKT85Karh
shkgRxhYj83JrPvWmySzg,VIDEO,4xtBS9A8fFakNAK7Fu4o0
opn3Eb-N3uN-U1wgtsy-E,VIDEO,h_fCmXyiPw3fNpejuKQDe
Krrv4JWQcdFp5dTd2XI_u,VIDEO,hirT4rFB3yFEdgd2t3i7C
GYhIktSfp9UT-3dCAKwZ4,VIDEO,su95Zf0zchzwR5kZHFuXh
vTsoMMdO8fkPay3cehLpk,VIDEO,F1HZgq1WVFvCA4irMYtBb
z1UuXPk_nwIFEhjS05km0,VIDEO,08Ps5mciMJ503x7QapUjJ
-qd-i8liWlVRUmVT_pmfV,VIDEO,WYvMuPunLViAxexPZbP2X
lsnJl56BoT1Cibe2RYZGn,VIDEO,odO3itArlyJfuAw_wS_tY
FD6VnjRMr5RUYb06wwVzS,VIDEO,ghcNpXsFH-QFkrtTir9pt
yHPF0U3SLBn9USVSsezn2,VIDEO,GP23GATkIv_3NTANU1sd6
OGGlZTiH61D4KE_ru1HTj,VIDEO,HjJu92dZU4fHHVLKF5M8s
uLd-xg-fJ89DTKqPfCm3c,VIDEO,oWamQFR6wqaT2OHORbjsR
Gfy0pNKpXpFka1cUybAPd,VIDEO,b71-ia6IY20Luo2FwztcZ
_9PFHE8XeWZq7WPVR39-4,VIDEO,Vb0nq_Pw5TvAc3XqJK97P
2cr_TZIXUhQWGLt-yuQth,VIDEO,5rqSZ6RbtodWcPxS9n4IO
ZOyYA-2m3BHdUV5I8SYor,VIDEO,l2F-msy0NB7WD0MJidCKa
2loCb91h1PffdM38Dzodx,VIDEO,7MV-UzzU_XPSfEyttfyq6
_jlxgtz5sFoFEExZ65lkp,VIDEO,ijSHYdydb-Vd-g3pjDcek
CzJ_BqlmflRCTSXYYIgIw,VIDEO,IaKx10_5g--knPkLLG1Ll
5lszhhU9-CkDsYufWD2wy,VIDEO,jl4Pc4SKN0-n0iX600N6J
gG4KyshoMrzdppUykRqrV,VIDEO,6za_eDwyBAnEzUsFlRKX5
DzWsSAjmRvVu4oWIrp-6_,VIDEO,TxV0J8cKb06FHtp20pJo_
XdUwpXVqKEmfy7D3ajKwc,VIDEO,61XUZ5oK6rTVXvbVx_S7F
oN-HJ7Ss1KXP4E9LFpF5B,VIDEO,CirXkZAyNI09PRDBxDSl-
eNaxdeFYuidyFeuPXXKHs,VIDEO,QFiRLR_Hf4P-IsPMrGPCc
NEy7LV2-NHB9HlwEuvdNx,VIDEO,qDW2ZWnbK6iWE_1g_f55Y
R_FhGuD2xAndVbo8ZgCe2,VIDEO,pt8CbBtCTfbsz965hGkS-
CGYyBCf6mU2XqJHIEg67W,VIDEO,kIFSbYfCLOVkAgWVuGbPG
YN5nxASJUZxsinLCEnIAP,VIDEO,GTYRgl4T1cjWMNBAHnZRo
LugSmU8DI1lWYhw3f0zXp,VIDEO,5etmuO3M0QLxc10Tlk1K5
SKz2nK3mghTbBPYQlfvdn,VIDEO,uQzFPlsKzHw3gfyS3BLH9
vLoGSowcO4kgxvUYiG4J9,VIDEO,xf6dQrh9suFyQoBulrRzc
pgNCWHTshaHeV_5NRKQxV,VIDEO,dJ6sonjVbbh3gfwSAOJBT
EIWPdTMcyxJzXiJWGlilp,VIDEO,iqVi3JsKehDsZ0UvIGV8n
gh8CqS_Q1jkPvMByIlHk4,VIDEO,f95LMhFCpuoiUROHdT6_L
Sy93i95Tk0ath63O3GhXq,VIDEO,cFJJd_O-oAT19OCngubia
ntOVfZ4_W5Nri3iIhZBIX,VIDEO,boYt6ZUCYfO95kmN7dI5s
bXceutJBPb5kqOj4Rtmf7,VIDEO,z6Uy6VXrTRezCVHJ13Gn2
3qTuKiTqoMt8bV3oeGoxj,VIDEO,Y5GmurKowta0FvOCbGYa4
Nc5pIzpXdpHeIHcXVhTtT,VIDEO,SGYmYx1Op_99d2HsZBR3r
Aeiwo2pK89RE3VG6Cy2nS,VIDEO,UINwibfi5viwpY29PSA3t
UD7GDqwLIFJTXBkYWclgW,VIDEO,v5N5GWU3NyRfdFAECNC5T
BrcbcFEb5ZaUIuxYnaHP1,VIDEO,iWAm-7PL6MGrHNNrP8mIc
56nUeZ0XLTSj-WfROtAaL,VIDEO,d2KfOu5Je60v1LjR-khkE
c2HdlC5LudRJo33OJ6rJk,VIDEO,uRfux74ph4dyQp5Ru14Nr
8usb3j9CNVxkigF-26dz0,VIDEO,vxzwYwGQ3Ag8mgHcLQzBh
pgKIwPotNEXF7X5A-lGY2,VIDEO,XNN4QpJyIZff_r89_VXVi
zl8_sbIRpq1muqOkRv9nf,VIDEO,OeSMxSDfAyg9lWpPBPq8S
S1p43r2Fq48Xc9wyfvLr-,VIDEO,hGeVqefjyUc9Qd_xVSS5L
JEpVftC6RFrxDASQg1kcf,VIDEO,5hbLAKnIIZCG6zD92meR6
y3CyvYq9cR-wCuRDUKXhg,VIDEO,IMiFH_RwKWLvXVYIZ3i_-
pASLwejMG7ST_LFs3stCh,VIDEO,y1U7Axwfd7DOaAbPDEVz4
r9chEctXtxiqYIv94sScs,VIDEO,lzrPt_zHKGAVfP2ux89mY
Gh17fSTTjK2lmtnAxPXdI,VIDEO,V-UheA2p72I1INalY_MKY
xeFpJNn0Gftb19ciH-m8e,VIDEO,_4E3NLsrlYYlmVIMbHdDY
_pTv5N0rkkuqrgZTaIO1y,VIDEO,u15kmqwO-P_-2AIQNQG8j
L1AvfXKO50NsJ2NyBZlKY,VIDEO,XeOiqX9Gr-xfR7YggdqWV
wxcoZbZ4W0Yokl6x4y-Eb,VIDEO,_Bwc6S5-xKyLhNevX8t-I
cvkxV0a65G4HXL4AY9WEp,VIDEO,YSNURZE7voLyRv5HTjfZn
aGVLs5DAubGEfcCLGxtAK,VIDEO,wYZY-SZ5Last-ys6jkb99
hX_A91YXMc6RYH1MIBkkw,VIDEO,EjdTn4l2ssNHOYMdzMInD
ZaecL-tECfk4cYp3ImeAM,VIDEO,JenkCrGRP6DHcjC7ZcyQ3
niYfBas_j-ae43hIKcnOZ,VIDEO,7kLniBmRvmGIOTF4C9UUF
AEE_1-4W09Txm8Op2Svr-,VIDEO,Q1fQOUo1Fh1hX0edTflVQ
3fsADO9-IZFZIyCo6vfOL,VIDEO,2PwFggjDYg783QLJzWBYa
g8H8_H4ZkqDPSuSS_rqyU,VIDEO,R5zmSVmnnjavuq0ohb_tU
1HlI2dyAswCVwfkHiHn5A,VIDEO,-wme0SkuXw0DeDXFcyf2D
nVHaeVDlUUoYONaBqz-IY,VIDEO,2AvFO71RPyzi9dJURJNXE
V4s_C-q4l06S4gCt8nLN0,VIDEO,HslDdc6yCWI0mzBqDgbd2
VsuvzJJ4wgknjRU419olp,VIDEO,ZWRLlUSOSkJ3_y7jGPWKR
BpT4mvl4OLhlY7QaB1uX3,VIDEO,OeeI4IKlGXWcEc6wGCgTN
TE9QnQoEQSv38KtP9gUAC,VIDEO,_GaEXo35C1-LA5oEZybob
QZgSsZdzJAEnhLzrrIazY,VIDEO,DqSnaOkVfoAZjCgEXHACq
9CWJo0sEsEtATvFBtT6MH,VIDEO,k2y6lo_AyfBrAFa7p4WaZ
4Fg2xJA9nxW56sZyebp_T,VIDEO,yEG3NwNbji_jec6lkFBFR
p8MLUVRO4PoAaHWOHwFuj,VIDEO,arUwKXzi1hI2EutAOTr7O
QZk3CNBYLccjqCs7_RZI4,VIDEO,n4t_-R9z7o08KLfZf6HvS
IIZ5qr1_fZg-K3No_VRa1,VIDEO,nYohhf5UDwH2-9D_025N2
_hSCQU_MFaIrPTGpkOSwY,VIDEO,_Yzz5_DUx_aa75TvGzOkf
iqA-AsVvCLuP-llzdgNw5,VIDEO,-a9F8s4PO7Yr04XoJGSPa
SkHZQzBxGy2ia3SZjPinS,VIDEO,CW4IGE7_LEIh__9KWL4fz
ERz6vGFnBr8I3m2FB1IlH,VIDEO,FEgDVo9haW1KhwvKxutcM
9PmQ19lTHftEYVLX_oSCR,VIDEO,4EIicDI4ZV4cyQKBl3wm1
ll247i-qqma6lcOFPT3xa,VIDEO,ictKCB9dIOSWf8od8zl30
pv2KIkyTxWVzUj_tUcxfp,VIDEO,hi-TqCSoYplXtBnSfKsbm
d2vOuAKS6spSoh3-Fntv-,VIDEO,3CkB4pzgaQ-OKQrFPtbta
6YE5bDeb8OtaSIej7MZij,VIDEO,zozzGxiQG3lkEUeU_pkHG
2ahppgNk0T-jVnYW2CNSc,VIDEO,qkarVB4qEaCq-xCU7RSCB
abuoB2UGT2hJghA1nOvwG,VIDEO,G12GtM_ANiUD0AV_i9ujb
u3XjZHfUKnlOu2N_oLwzj,VIDEO,9B5JAuuFbwBrv6A3Xh_DO
v3wY11ctD1BC8MXVG831i,VIDEO,84S3Zw9NCwUcX6yzoGUA3
deKGleBpFL8p_5SnV-ORY,VIDEO,xLSffejRHmeRPECe93Whu
VgkqLzVCamjU1i2wk4DK-,VIDEO,ry2QvST89zhyuLP_SRdYi
ybiXBrZX7MXu3T-doAFTD,VIDEO,tJC-S-LwSR34tqLB1uSzf
niskLPwv8TJbIdEXFA6ep,VIDEO,yxtanfwiP65WeEWe2VZpA
rLnJSKdRSPTt6aHqkbYHr,VIDEO,hacr0PPq_-xEmZ8Zi3OM5
TSh5A2g7u-p0usTskdVs6,VIDEO,Zddmih91i40M5RSY-8Haf
255zNObGO4-LaYp1aZ98O,VIDEO,aM7J-IBkq_7PMTofbl-hs
vp_DYWIIL6vfXoUVv38hc,VIDEO,L448P5QbeOsyG2mdKY1It
dq6zMt1l22HwhBpX-t0HE,VIDEO,BOwTYtjXVTQoGtqK-q8np
xVXinrqLQ8ljOn5rXd1is,VIDEO,272yKbrsOlk2WD0dFn79t
YRg_WG39pX3dvXVnh9eOv,VIDEO,UqZExJqzwFRZP5HSD2Qxo
5d_TvZr_1SHDh3rH0_Tpy,VIDEO,bOVQEWy7PwaEM5lV80iJu
-tM9FHtlhelJDM0t7kbUe,VIDEO,-gHCaKdebXts3xkMzE7AY
sTUNpBMN9-Wf9zv7hum7l,VIDEO,QSAHAtf2_iurKPvj0fWLN
TNvGz7mYM4PV6h2JJ8CYD,VIDEO,3onxWfnEinwDiu52ro5Lt
urwCsVTX5YHCekDNPOAOe,VIDEO,d8JHGtx9kRijBOTuyk5nB
yjG_KLdd3sH4opOPmTcyf,VIDEO,19OFNc8ZkbBZQhu3N32Iq
OlvpN9jareahAuMvikwuF,VIDEO,CPFOYslIjpVSf_YAMdnNt
iU52G7rEkHfWxhJSG4Mt9,VIDEO,57koJFaIz1Xmg-5Avz1OH
EMkwl78WXGvWoeN6Lh2un,VIDEO,RIjoU7CEgBzEKHpi9wzOV
rd0wUYtyt2Bhc8xB53eo8,VIDEO,0ivF48pa1zfc6jJqxRQoR
V2CgLK298Q0-Um7N6HnCu,VIDEO,8OAqmsDNkD-9U0a89jctK
7KelWyt_r3HKGlhr0skcf,VIDEO,dneazxg8kuuYNb6IgBmY8
fiW9HDBpdL0a0XNsnkzBF,VIDEO,zG24o8e-ZsyWWhSTrjQDq
txQWP5GqUioH_DtjXPLwC,VIDEO,casIjOiVyul8NBGE4tGGD
QUyJUJs6l8t7szQrHEdHl,VIDEO,4Wlm7BDZjrQ8bNODqCOqu
X_oaENviHFSGFZ13HHsW-,VIDEO,8aYhQ8ly9L2vucu6CtZTI
841xWO0l7jl080p1TzGZL,VIDEO,g2xRkcY3uiCy9CNk4fQ9x
KBzY3oXMZjV_1x7n8W7qz,VIDEO,8kkcA9KTx-prTM7w3KMoo
81Avl5PQ5qD3ctoDf8_Wa,VIDEO,BIMtDubKM6P0jnXukB6fr
YuukaYr90FUPauHCkSFkW,VIDEO,OVoCIDTA-zuqH39tjTOIC
zZEU4TpY4RCDg0X0HTfuK,VIDEO,myg59ho6jr_5tdQeWLOqb
UYpCN3gY96yQ2PqyWTs5A,VIDEO,r7MxW6cDSx8xEcos7GXgj
nOy0t8fkDACdVvSoo4sct,VIDEO,lXltDCF6hQYH1z5wLPt7w
uPU324vHcQHRyPFNaCgbt,VIDEO,b7UtS7Re8oe4ppIzfVaNz
yv5yZ2hKNxvl7klGZ641T,VIDEO,rnojkTuVKXkKM7MXy_m7Y
2r-tFk3esaQl5KG-1yoS7,VIDEO,F_ZHJwHM4tVveCfy7Jrge
6Y23kyplEyjzCeGqzZJkq,VIDEO,ELRj4W--UDJNG4t-vzehy
UcaEJqtZVp5xYK3XrJr2Q,VIDEO,uMkARb9__AKyYLGaDPw0H
anTimPQQ9m9fVDjv42J1T,VIDEO,nPuVVPoi5j_w9hHDh_299
OMDimLY92jBT1abP2uGVQ,VIDEO,eYH1q0Pa_0W1aiPaVJ-gD
1jNxKAA9gpHzZ7XtyifUo,VIDEO,9VCh_x5KBGdwl19HJIaE9
7KOlaBP_wfbaOvYujFX6X,VIDEO,y0j8852HCsQ7pnwuguwp5
J42Dt4I1XIgx5QXjhZS7u,VIDEO,plGwWnuQFV7kIfvdpDxD9
034Qlf3Aya_BhdTkRqXT8,VIDEO,zNRG8vTlw_otKqAL8sjNS
_dQtPSky1o8YN2i1zYPJX,VIDEO,GLQ2dbW2RPSE07pMojCM4
T8Q_cNU8nLjUkAg2pkf3M,VIDEO,tPxPFTXxuD8eB5FtWqdG-
NIn3HHqQHotC7jO76j5h-,VIDEO,l2X5ecC_iRHFaeVi6NCEs
Mju9B8sYKyTNKrd9zGUC5,VIDEO,lWmlULQFjqRuAWxZHJVcn
MJQz2_8zc6TKwsS-IsLag,VIDEO,V9G6qCDfV7qxUvkNsUXnI
mZF0wG8mkM3wGu5XwbWvZ,VIDEO,MGmCaLfAZ-fKQeLtg8Zhf
pyzGcjkBuLbkexEHjtrqY,VIDEO,p2LD6y-5GAVubzd8Z98nF
_Ab2WI4SnhoJ1hbacCm_f,VIDEO,fXQLaSVAy3Lh-wKaSMAm8
UCaO_HRzBsVfhPdd-vVQT,VIDEO,63GFSMqt4IozAlysRBg7y
FXwZLJnsMjvdEQ61ic5dV,VIDEO,UeMJf9DhBJC2fknlHVmsK
AQrU3KN3AGal4jnKoT4p4,VIDEO,LFSl6d8Jx3JNxyd7-tTj6
zG_9iC2MdMgGhL0z6QuFg,VIDEO,SqFejXFPbMVc23x-l9i7y
RVI-U0MhT8UZY5fmBWx4t,VIDEO,zzkRjuliBllT9hUUhsbyQ
cK2V-Fo8KxAUYCEbENMPR,VIDEO,7Qmb44z29c9tgqDmTK0Ox
LVUROCB1G8nFCgF-8bT-c,VIDEO,vJG7FNkEWh1AqPErqLaRT
NY7jIW5icqHJjgohQxbb9,VIDEO,6pyIQfiet1D6-YRauiDbW
7bJy2p7z6FnZtY7LZ5JL1,VIDEO,4vbWqNEoHvWSnj0rXONKY
1rxYorA8DHf0FoavTnm0Z,VIDEO,jykRBY4_05B4oYMdztO4Y
k5aYEyky7PFfjod9x9y_p,VIDEO,EOE9FuS88WOkOKy1b8Z7O
NdtJFDV2yGOPA0j_gCxqR,VIDEO,3GswZgdqdid5y9D8lLdQM
sX9ubxDRebzxseDdgot4y,VIDEO,dZGmlQ-VF1NyYphgRcxZj
q9loafWof4hmp3FKuT_B2,VIDEO,6DFC9G4T6I5FruTiTJJ_r
qkioFK6ya2aMWdin9oGC7,VIDEO,WOFeQKrHfI0kDyN3Id7N6
vJei0GAFQK2Cn0apa8v4O,VIDEO,Z1wt04sS-TcdBJi355CgO
3JKeo2-Pm0GLe7GxTKShT,VIDEO,gRfQRYq1PTCkqAT1ovTEd
mO5oCksw02Xe-5KiVP48d,VIDEO,SDgIKm29NZlr0nY2E_s7B
IJzJJM8cbY6gI2da3rmZO,VIDEO,n-tUge7lspERDlTFeiVzM
O3JRrnuSCh_-KKbzLUhw3,VIDEO,4QwVvRqPtkucMTySuVRB0
t7T5KmKsy6MMcVuXsq1-S,VIDEO,HJRPyIM3hakebVAvGe0j9
ZGTgTcpi-utjcHjdLqWZY,VIDEO,hzXRpgKPVRCvro9AH20-f
38uy_yzu3WWZ8tknJr0Bi,VIDEO,3ax4HxHzzA86lJANSTcdC
HJixqnx_avvZuVfFYgM3o,VIDEO,FV0JtikqDuDjwmRHh3AT0
CX0KaSHI-XRLHLVGLpQFQ,VIDEO,0bwSyARX-HvlECigCCwMO
LgE0FMXnZ2ytNY_ezHjE0,VIDEO,YERjZKzhaP_c6rUVoQXq2
jZs5zo5oezGgE0i2_e8O1,VIDEO,1NkIjXH0nT_bxjAQab8nZ
1_LHoPRZ3zWssZdLHwvnx,VIDEO,wQk8M3u0fKY7GZk1XPGzf
J_wzCd0LzPwfjs71QESbw,VIDEO,STgkcF0bujhr2zKmuP0SS
o2AgX3QUduqKmYgms8YKy,VIDEO,99mkh9P4v84eKNE6qDPY8
Qu27qvg84xnqNU5CV5GRj,VIDEO,mXrZRZMiF0s39jt1aPUm0
WU4kWPLE3gaN3Bge4zNSo,VIDEO,zAiGkqYmFeoXqJuqcfbdW
ZXykh5Z2h-3cVDP7oCiYb,VIDEO,pSgD0FFsiQGKlbc1_3uA7
IYpmTvgHYa9qKsy5kWL9d,VIDEO,uO-nKoybe9dIpkhB1KUpJ
sTeoj9W26WeOWugMzA6DV,VIDEO,mO-UJJfjaZMHcVySDVNH5
aC3SvKjjOUg1khX4n1K8r,VIDEO,29y0kOsTCCUjemJMC_ZKO
ZS2IzXUajVm1WXG83llSA,VIDEO,27oWJw7-QLw_qLd0tTOMO
rQGmFyu5s1wx3uAf8csV-,VIDEO,okN24REoxwZI3O6H86nmd
SJggq5SFwVcdGLdVRDnRd,VIDEO,OGyd9H9-qL60Wrzlynx5a
ALdoNDv_IkCBrpsozpYAQ,VIDEO,6X1bSur2uQ5oC1mObAFQ_
f2xzDEvIB7DIRdvxp0_Hj,VIDEO,1SvUoH7Gfa9APgkCPKs_Y
d2niNjpHVO7xKnw0dkV43,VIDEO,65nOVsFXax0svZ3ZgPYdD
Swznv8lLLW0pOeKbt1nGn,VIDEO,XdDRKk0D2R0TASVUWrsNM
AFVEA8sjIFRBF2zb3D5YL,VIDEO,xi-_J9frBQ78P7P2y897R
eSmUN6UUVnIzv_PLbaF7t,VIDEO,HsnOOCFl1gW_WrzB1Kgrq
XNKJwYCDRxQmG0bOXo710,VIDEO,qVbWl70IMnxXHS2ZeLjHB
uBQlAHNmVGt6D36IA_SWv,VIDEO,HTG0xrO6jQmfz4LbsnyUH
0HIIlSihfV_NuwxWMcP4_,VIDEO,3bwZftvCyJmI3-OVFDRZF
ovxxM4YPJSwRJZB4f29CR,VIDEO,a5xKR8whTEDU9mX96b-62
RfyYwXnpFZwgX3cKekcuI,VIDEO,181icXujrs19pNUjBH-nM
4vN5IXcHGEiaospRhxpZ6,VIDEO,xCeiyNhqpcsG44BvvM41i
g6PAOFt1FzPPxxFXbbYfF,VIDEO,ddq0FcRCkgSvbiJoCNZaG
l4x2VN9wYg7ucRvoDO2PG,VIDEO,auId9-dnDVxbCAXjFnpLP
lcyk-wWZUhehGeaLIgSay,VIDEO,5NIm_Uh1zmBjKT8K10neH
r2CD-A61xNyDcjqlNIDth,VIDEO,6OQs9F11v17i-9z3jEZbg
eQOFRgzWKrYZggy6gfjOl,VIDEO,aBEEfiWszcY4Hf4FCbIes
AstL880O8-P3ceZNjXE5w,VIDEO,fBRUcTLMlyUT7etb8Qcwu
q88DzLDvXLwpqWS_0UBKf,VIDEO,j-z8BPD_CZfahuLbdP5qI
q8XcpGs7MlwowvsIw5Vw2,VIDEO,CDv45S1cBpQhovy3oqFOc
GwXsJjqaHQ18h2jqXDLFD,VIDEO,jLJnmoyXUA2-7uRGtd63h
c5Zm3QWyMa9uCOpeltui9,VIDEO,3-0P-mLDraO0ZN9_WSFhP
2wnw9TjIaIwW1mPranZLO,VIDEO,EzwIst3-y_E5Ua2COR09x
ZqtybDQt77192BiHA3gyk,VIDEO,ZYHBzSGGDHf3ci5-doImm
Mww_ysZzN1Z7vlqTP6uWu,VIDEO,pwmcCdfsV5_D4mpRIJBZ5
ZgtdUNO38uUpZuVHNwpLn,VIDEO,XCkfh7FGouBSzq_RTLkme
o-_nAfiqrsVUfCG_vx5d0,VIDEO,yuNn8qn2V-NP-1GJ08F5U
wF0mL2Yc328RcPZ0hstRC,VIDEO,Gxw-i8U6kVyY_ZAlfmk7I
g_TbH_BBORjlnY0zgX2v-,VIDEO,YpUpr6M8DjMhqWoHK2lhv
F1NiYe1Vd1skH431CJajv,VIDEO,Z4D7vWAr5760ty5luf4Xp
4vQXAotJ4t2F7C8kb-If9,VIDEO,yOUpVRDHPHPZYknQW2j9t
lZpHZZ5hpnIhR6kAsbbMJ,VIDEO,DBNRUr-xKKx4GMDBS1Qan
TENkvrBnPOfXrobtF_BMO,VIDEO,hfhUE5DCmfHquu9mfHokx
iZmrGQW2dqgh43mZ5k9g3,VIDEO,FfWcTIDjNmm0vUhqaDZwW
ICF0MxLmbKgUfNUOIn6hO,VIDEO,NND_LefAqAJTYVESZ46hn
5YAaC_cSylUmu_xFOQ4ri,VIDEO,F1xFjBmk9pQDIjdGZQuOU
qoCAQ65RVW_gX_PwvY3DX,VIDEO,CcZqnFi_9t0_BeG4IqAn3
rrjPycci9l1KUKoNLVLTt,VIDEO,5-TXSjQkcJo_fIlAQcvHO
cR4auQTkdDIPRrn6IF31a,VIDEO,uVvGHPM3bSs6IP3ZWAeCi
OJbYYmUozU_kTyisQewpd,VIDEO,0eAJKOVikAb2ColgUq_VD
XRj-WxJHCPMUkfwfHGHC3,VIDEO,0FJoXswmgM3LhPpp14Nf8
QQ0LLm-AGrC0iiBGKdLxN,VIDEO,O7FihLnTITPy5XmCXIdwh
OHW8ocfx8Cy0_z_RID2Ho,VIDEO,Vb4EKzO8M-Wp7nxrNeRVo
U0OD0dfSbS_ssq905dPnc,VIDEO,wX3qwwHgIDxtPN2O12W5o
47NT6nhlWzGSUz7mNmU28,VIDEO,XYu6aXFgjTn-y0o3YEL_d
_THEgtLY7y-2fD2eSiTdQ,VIDEO,TzoPKYB9R4u8pr-gQsYPC
lTT1msuHDrZjfGNRXEN8Z,VIDEO,zSRAAimFTOJpiLcpYbIKX
VZWXXjVmvXqwfjp3pLceX,VIDEO,erjhXeCf-i4mZ8Jd3BBbx
lXZLqYjYzgDYF9hVUnSxp,VIDEO,jOZQhe6AX0GtUc6eMTWPu
zLfgIDHKAjrmxD5nXPpIe,VIDEO,HzhcseJJ6J2EtnOfotO01
B7esj8s4Q73ktXZmFQ8_1,VIDEO,YxphJYQgDJXkPMTNBgMBo
ssqeSus2f8gjOGu6VUXFx,VIDEO,tk5NfgFMm2LVeDSy1WQpd
Y-bB7Ukbb2rzImounEeRD,VIDEO,ouVP7hszyZds5QDHcqz3l
iw2eH_SDKFaCqHUHT2Ifw,VIDEO,s6pG_ViJGeIS3DUBx1ICv
CVRPFci882UecePyUkhe8,VIDEO,zx1zmwsJdWgXOaHb6_6_H
_3Ow1Cs4lddRz4aUdOyhJ,VIDEO,KBlmrjATIo-lm1tIU6Xyc
Ke3ZgDn4ApQ_j96ALvyEg,VIDEO,Nrr-ym2iM1nrrWYvDYauJ
LWrUuuq488DnASfp9jty3,VIDEO,u-cFHzOoXqR5Y2q05PIgg
RK0i9ozNf0EHNMZc-g1p2,VIDEO,ISUl9qiIBALWDVs0FzK9h
cdyeob4RkMvr84iUWXzBS,VIDEO,6ntfXQfpQJvvqv7mEXVQ1
YXi1vhNwqaDgPqh5bzPEZ,VIDEO,Zdns3QKXp-kllA1MB7KjJ
9r79Z1yFF3tojAPgIU8LQ,VIDEO,7kmofRy0X7-TEvAk5MhTJ
2CmcFqwHAkwDNOhoUCTIj,VIDEO,VtetYL6mjWXmgHGiKvy7I
UJy673Lf-bpQscLy2Iz1X,VIDEO,0VsTFtQ_d44z8KqTvxi8b
ZMU_CXkVc44bV0c-0oenq,VIDEO,EozDzegBrJXfPur_30oi1
bLaCp1M9Be1aU9krSegeX,VIDEO,jOT5N7JLcEFQ1ozOOu42E
AuEUQH3hqVvnXpddmkSjl,VIDEO,Rl2zDi2S-AFSIXisHL23v
oTIf2zNJzOzvFW4Zy9cVn,VIDEO,eN3to3JLARFc_qL_Pb-JW
E3oADHPICUDA155VmADxj,VIDEO,DC1B-cu-wWdHWaDcLLrGS
UpsaA2Hktt1n5cpFet-d6,VIDEO,BwwKyvhGZ1BbB30gaH955
vUJoqoBBe6vCAqotOoNfe,VIDEO,71_9iiJbqDPeJCXLydosx
1nq10OgG7tGriluNllOxr,VIDEO,Q_CLTkwcBWh33uPbRxMm2
Fj5MfMwoU7coMCyUigyGO,VIDEO,3HJq_tt_bhxa5jNf2wjFU
Hi_JNn_MUSt_XImigkhg1,VIDEO,uVuvMsL4TiGOKg4XjgrFG
6yRCSNiNn5-J9KUBhEoVa,VIDEO,oV0gZwGHC4StFHhS_HZRx
22kAc_2sAiMmWmXTmDb_1,VIDEO,4DaPSN9tkwCzxAnnTV2so
0xzHXiJ8-eM0z0NQ8FdqA,VIDEO,4I7EcZpsxetcbh7LjlimL
H3AItS_-_hb6vhrQn9kGF,VIDEO,QYjX-y1SrBXqllvFX0nui
Zvxi4zREFdgpwZH9yY9mu,VIDEO,oVCk4TFl0n9NzU-gDfdez
B4IbWNjrULDRwAbedvbA4,VIDEO,1ISQCvg-kE_X-UL0moHeL
UHfOaAEU9XWmxUzZQejid,VIDEO,QWSxuDGNyT7zOzueN1V0h
cwb70pE8fR6YDkIz0gPtU,VIDEO,24zJztqvIwTHixoFbFUjU
5Nkc2UtN2Suf4AW3L0v5K,VIDEO,QptDYzzYkoJg56ZWaeOfI
V7ZqKW_H-wOnyFDY0VI0w,VIDEO,XYT9nH17slTl2W23dYJkQ
TpUXU2JXIUwhWeocUExss,VIDEO,aoLVI1WP_e0RxDPsrVz-O
1bebQeEy1T9jH8ITvu5ZE,VIDEO,AFBGy5scuEF0p7Q-WPdjs
0-rBnHSu4uYAIwEoFNXfh,VIDEO,uaJZzD9qD-KdRc1X6nr-u
JNOieiF9Ygs8StQ-stMdt,VIDEO,Rq3hcA-g6ZFdgpT0C2OUH
1YM7YIftN2oaSvhj6ksgW,VIDEO,iPUrOYHVHLyhuVuNmLjwh
ZHzwA0VlKa71Nvjqoj91G,VIDEO,niK7U8Xses1keJDmS6r4H
FOsPPd7G3KDIEJEebAMME,VIDEO,3pmqESpnnDhey_EMRjhdm
_6l0nH4GRot9SvF10ZrZ6,VIDEO,g6J4FkPvstD36_k5kaKKN
07cMQiogoEnKbKfHEfbBO,VIDEO,m3yMhgKc0MbAd_aKJP2aR
fqPz-ZqiYMO1P48S8A-et,VIDEO,JuspMN1sBCxC8zdFrUpkV
hCJWTJaHon7_DpS_H88RB,VIDEO,CIqe8y6oWgCD3xxfPNwxS
Hi77KSr7isY0TlHuU1kag,VIDEO,Cbi1BeBGrCSNBgJNJBJ02
MfZEHZK5OsIhZ2DNgCp1h,VIDEO,6xYsRlPjzExU_5MEuH6g3
A_9PriO7a39EAnBVl8tJj,VIDEO,J1IzKHKkdrZ3V472LQoSO
FzIYjxA6rQhENxhPjE9p0,VIDEO,wldXjYzelXx6S1mVow_Cc
L1XLaA5ocKl2FkIJn-Y5G,VIDEO,x5o8DfnHBkHC8LN6pvQuR
sjY7zhoujcVWKoebw-6tt,VIDEO,zUUM7pjwGhnG4oHYDDguR
kT3RiiHGjxmIubqDuBfJ2,VIDEO,S7xkwx2Jf7J2NWQaCa-38
u5Thx_bv8P-e7hgnwfOTT,VIDEO,vzf-ljeFLndwfR3KaGXRu
H7mcCmu7DZr7ZJFxeDmFb,VIDEO,3MIBXbi0DqsS2YBQ-BIQj
s65Tm_47F219EiPCuJc1p,VIDEO,Ya8MMgn-jFucUssXNmqma
kAThspRgcIqE5uwGHD-Ry,VIDEO,0OCLxZMrBcBpKmYZueiVy
Rb23JiGjeDyEksKqRFgVx,VIDEO,3s1Ju8XHczwUoQ8F8CI3v
vKwJ2lkxpuL-XPrEc4Aj0,VIDEO,OmnmbikoqLzP0FEVm9MGL
luG_ptmpwxmlgTHUEhait,VIDEO,R9ri_4SoWJgkfK7LIHkzI
jnLbU6bNqzqzB9DwN2nuC,VIDEO,t3K4IApx2HeCTmTmOb9AZ
99a274Y4ibG3mBzqBrjgr,VIDEO,tSMcVmekLChL1dytv5wL_
qOfylcVjX9nKWEAWHdIXY,VIDEO,Flwu1C_QsRC78fWOOQrBp
zhpnTOkSAIGt_qrUHwVpz,VIDEO,jAW_rniffSx5ET1CvxIau
FW1YOS0w--DDN82AUcNjj,VIDEO,UE3jEhp82CFW4qy9sRyXt
V_55eWxcaFCZaah_aMLce,VIDEO,owJfyCyJE-9yVnBsZuLix
gBuYibMXbSGt3-vOzx9eH,VIDEO,E-6RM4iP7gZ9WbbG4zIcF
fYvmW8sERkr5l9otMd_Vj,VIDEO,JVVcJ-2wv5mp3d14fIqm3
Y8SdZZUlL5dPbd2ax-2cm,VIDEO,atnAd-H_87qmy0sQxHcGh
gGii4PKmEEkzqy5RkL78B,VIDEO,tVdg2Hf5uK_FhDrmBuPzI
gh9PNixKCPptbhQCkNTZJ,VIDEO,xwkO-SbngoQqQxtFV775v
ywHaHWvRUoCj2SgmPn0TS,VIDEO,zRBT0V8umn3sb6tdWvHuX
AJ_wgDGH4fWrHrKS91DRN,VIDEO,SoN9G2sqzfimDRlqYsQx7
7s6NycZy6k0vvW9NvOmJA,VIDEO,nHPyrit-j0m_5OzNrghH4
xhNURjnh_AKJyzINHwbxh,VIDEO,Xf7wF_BM65XsdKFt6veuE
Px_wAz21ebDRfIr7Gs6fl,VIDEO,OBtoxKnhpJsg28Rm9h63R
W-1itsTP10koSohuo_sxq,VIDEO,eaGWi3Mn9crO4Pfj4rMb4
cDmEBxXyRNnbcOmacPJDB,VIDEO,bA1fAp3bBMUiVojZVAOZr
z_eP1LpwYtUeF0y3vEM4f,VIDEO,LGJcvwbl_ono0j0t_4XSM
jsWryvgp-xJaOqcwy6s1f,VIDEO,gnOj-oS6jNQ1IAcL6e0si
WoBzzHdxHytFuFp0YdZkH,VIDEO,FjRiQxn2CrZHWBmjYwTgr
QCTdqP4YP7WTeg-eAYE4c,VIDEO,Evd-xZB1BdLWFyISIlGNc
Qzb4q_z3byJeVhDVRybzM,VIDEO,utKxXuyePnnfXArA9aOty
rE25LQw_KQdxhSzx9qQFb,VIDEO,iROiUV2nFyWOqkwUhymHv
PUPqlUwVmlG7nodLn1_j1,VIDEO,jiXfvCXkHOItOiU6wmvwS
opw1LxoceInSMdBqkge9X,VIDEO,33miYgxgz6yPiuVS3W9Rd
TII3waHUiUc57Wdjv1HSY,VIDEO,AoIg7lpWN-aMUgUv3plNw
mkr5aYy1scFvnVEP20hzH,VIDEO,AghBKxR0_jAOqf9RZSrv_
8maz4tlApNMwW7PNNFruD,VIDEO,k14JYEUQ_jBnZfcvFJaXm
5dY0KOekrrXOqrd4mVIWW,VIDEO,eiGTLw1T-hqnivA26Dc4L
yQzDi_pI3SrznGvBaW0oL,VIDEO,KDy_MxYei8AHy_tZKDUQH
nRsLd77YACqTp53DHDrKD,VIDEO,kR0Fg6ztENmANr6c_YWKR
4SfFbSkseF-_1dLSZi4_P,VIDEO,n8DX6lOSq-4KIThdPZOUu
O8G44FqapN8-h6iiiEeo9,VIDEO,b8iP-eFQOnl1LgxyC8hiZ
CvNlH_k6AiO8CeulXXL7Q,VIDEO,jjZyvxRe2166HxwnawgYy
zLYq8B54ePCORwYdlquEe,VIDEO,olUGgzMAdtMWuWIvrZ22z
W7n8ohG8Dkz95QjEz5APK,VIDEO,3z9tIxFM1HvUKv_dG2GVR
_fFcYPzzb2wYhVeasiUgL,VIDEO,uAYx7kaDp0Pf1dCnYoABG
AqDPKuwXelXfxjkFcQGb4,VIDEO,33_IlE9BF2Ib-f6eW_0i8
uCJTHpiN3AYZriLK51FXr,VIDEO,BwetBLWMdEsSNV8Q31vA-
X0DMzfWOGLQyXXFBKRowE,VIDEO,owFBJz6ntU8I9_QAHZeJ4
DCeHZtebU6e3zjh9TX5O4,VIDEO,1jENsZ4yI4Ke9wqzf0yF7
-iiXuTensBLGA9yOQVrJr,VIDEO,EtrW48m7_P-84m8HKdf36
4Xb5221liw6KNMt9XYyjD,VIDEO,MzNTHbYCuyqkSr58Ayfe2
HmOJrIa8gIBvrWgENBnhO,VIDEO,Lbbb_nZL0UAfmeJluczI9
irHtZ3N20OC7Jrg5i-amP,VIDEO,To1Lw9BjOT5bhc1fGkclw
BA6c-ZAY7Cuw9g2TN7z_C,VIDEO,S53e1u4RGq69SsxsM5Npo
p_7m-ohGYYeA31QjFwFAT,VIDEO,CYX-uXASBR8sLyAojVlaA
HlqjnbU37Dx0CytbQ3pTc,VIDEO,lZ57KJ4RcBl0C8Z0mwcrl
7QksTGUSvQXtQvTej01hQ,VIDEO,22zhV5Fn3SPh28btr3TKt
HiYHF23LCsoluN-tozMrs,VIDEO,4r29Ckxy51-SB4Vq0bneM
K-E23YwgttOcRcQfeqRVD,VIDEO,fyYX6bo_HWRcIEYiMNNw4
crO6vv_BV4WNmaH-swKi1,VIDEO,rT-aQaKFh32_iDDWJsZ8d
A5cItVCv65vbZXSO4f7jn,VIDEO,ol7k0mmwK7300QGn77nYO
a5zHXhdVvUynqGlYxWKSD,VIDEO,nxbE7o5_sV5Ydnf7Ix_Zp
s2vCX44-1JSPBeXYMrMi7,VIDEO,ywe6O28yRWJTgt9MYQvhp
hf951-u21F5TLYc1iJsIk,VIDEO,RwrklpTZF8cgguUdb-pjp
55bOb9MSD8CneQ8ASamU2,VIDEO,8YE-Grs7XBEr2wtSc1UH2
gsJivEAKCRJ0-j2ZocEI0,VIDEO,Db8Wj2hFKmbUigIrDGC14
1iAZFLzLRAtbeR6xdc3JJ,VIDEO,Dldiwd06St6lKmcAsdZvi
tBe7_Y9ppAGPCSzH9XXGx,VIDEO,4E1X4Ba_OBUh2Yg7apqeA
8PEpOMH3RhGURmN97BIdm,VIDEO,aX6yY3SppF7oi4C-QMeFT
8CUiYp71xGZJE7RRQl_G1,VIDEO,qqU47U9AlYC7lpfpEks5R
mNuU4AzY5w-R9bD654X2g,VIDEO,CnvVxFiNJh5kQxGIMK1Td
4fo5tEcz8Cq7fDVWg9TLT,VIDEO,yTfD2Y9dult1P52aQcrYs
TsimptnlIU8WpaNwJry8h,VIDEO,4faIIOEkOfJQ8SMBCEYdT
GD_1aj7nmalCNolddlUaZ,VIDEO,eRdokTVaslyvDuEaoNZhS
v_HuWnjln014qfie28Fhd,VIDEO,Lb48aYYkIyK8w8TP4uiUC
6p3WI2dV1P13pTcJwa_ki,VIDEO,bbX20E_VmPXAxqhWkRBjD
0Dh3r4-dF8JviNp3EyF-2,VIDEO,bCLzxKMcx4aWMgTcx6Sk6
sxfoM90L4YMSyQ4rm6IU5,VIDEO,kKBlolF7b7MnoYv22ztK5
lEO02fM6WtKLDECgDl3dl,VIDEO,GRpILraK4avrjaXgAlYPh
XX014DvpC6dO3skGVf7w6,VIDEO,EG8-TdYaHXhUD6viRkc4g
hsxXr7CP74D2YiLamMqc2,VIDEO,Y4SEzJ8PcVAy8ACOfhOcT
2VPEgzqe4T7UHvq6TwnQL,VIDEO,bqjzNcrKEZEWL-lVgqRrl
YNfFhz-3tlEuDo4zqkrxU,VIDEO,C64Ce0aM0UM1VPTwH5Zg8
FSjrJjgUI8wyWCK0u5n0B,VIDEO,4JPBdX_9hPQ5AzhJFyXNB
f80yZwnwFkxBYY5DpTZBi,VIDEO,BJwW6pclzWz1M88wfX6WJ
-olkGvZCs40_xhwmohAQ1,VIDEO,XWMw27FqYqIlfkAVRirPU
z1px-Pzf5MnTP_p--IRG1,VIDEO,_LE6W8Us_LTBnuST17d2i
Aa4KTazEmxQWAGV3-FYeu,VIDEO,F6NAlb4e48qlWVp_C8GLG
ETBVosVLjWoFUXVyJ_C1r,VIDEO,2_R3FgISUHk56YaEhkEy-
uAmM1JUXHbkZXN6jyWNVZ,VIDEO,sjKC1Ew9ODB3z8WdZ5xx3
j5-zLZ0VZHgjrazgMdSuC,VIDEO,Pt2Jxnxhm5LBJsne1YtWS
K_dJOPMyRdtWMPONsiXl6,VIDEO,PE8iZjgrWbu3O9EJPZmyx
jQrFZdtjA0KFY0eDUogGA,VIDEO,CpYwOxykmgMhDqA0Pg8E-
olyYanZ3Z1z-MbeM9JBA3,VIDEO,GVasXrcJsUQ5ai0JNFn9Y
_SeJOsFIL-zQA33UtKbRS,VIDEO,DrqDH3CJQkyhGLItC-IrY
VR0xa_HblFP5SwUWEs783,VIDEO,A55ZiZNh6zrP9tRB5gmqH
GKsYCkUKRJ5GO7wwFgDGd,VIDEO,b-m0rTAS3Tb1gYosRdBjo
so-QZiGxCrtQLRXlOZJao,VIDEO,NiX-eRfMpQZcUfukwG_Ah
WeTtru4kiyj32903OhLAD,VIDEO,46yN9Bkh7S_009O_QOl_z
cKA0MODlbrXNQ05MOlRRV,VIDEO,_WS91vSe42VKzGUqhD2yZ
_x917FDGoRs_RWOr8eJzj,VIDEO,lX2LDDqVoo_u8rQuT716k
AG0CTNSxBOJIAne1YzB8k,VIDEO,9URZQYfyDLhbi2xWS8m7s
I0VpPxtiosqaTE-G6epYs,VIDEO,UQTC0naJEZ6o048HCM53j
mERRJZqOsCVAebYpzMu5K,VIDEO,bRgTmKzMvp3ot0jk6sJ-v
C7EhLUhixTlrGU2UGnD_s,VIDEO,nhMjyQ1FP0OwxVeiouxz-
27AscH-3BvpWtyeAZ5LZj,VIDEO,3Amvw53D5ImQSUwJo_tcU
dXfjX0OhuzaX_API3VgiZ,VIDEO,Dqz9hASpHxTGjO3yq3CSp
zhCuAj0XynGFqrNT3gqNG,VIDEO,B0U6j_j_tCHT-vI2ay96S
_aoonJEgTZSpiarwhsNPU,VIDEO,2yDH3cmqSdXPIj39IXjvj
8GpjKlFgtEbUBSlfqd8Da,VIDEO,TKDmU10zGjb62X0HAtnSQ
cPeanCWppsigetny3QPth,VIDEO,yts2ViLlKIBzJR5MHMCje
zN3ZhVjA-tQCdgbsTaakM,VIDEO,6qHiBpCZMIRpAck-J-xdA
ixMOF1QzaY4P3I5pb7f2x,VIDEO,D2XVy9R-FxSPBm5LWwVBL
ZIhx0MDFGKw9PyjIbkqcq,VIDEO,b4Lzas-BH374astn5bOAz
zxSVkynSdlaoIgyfBDxit,VIDEO,tT1YQ2eKGn5KGeA_QVp_s
o4Vy3OM7axMJEnG79IFEY,VIDEO,Nu5qZFykyoPtm0XSno96I
j3Ocj06Q6MulPpJFjZ3bj,VIDEO,T0TzJXlnwvwPZ7r0QUo56
A6e89a21hILtf7VMVSCTR,VIDEO,n6dkpj7R8ieuG9UbBYg2L
TWNuKULfZbPw2HVMRuUbW,VIDEO,wbF1lkEMNixsb86xNtxnZ
dL4rfu1dtdnmDf2eDVvzr,VIDEO,3MFAgkbN3-o7tYmYI9iUG
9KbgZJ2hzODLU5XhYyJCw,VIDEO,-VkNV2ZuCSpu_Uao-aYtD
4iQsUsPJ1DtuIO2quPnuE,VIDEO,UltQ-417W8oj6ZJWsEGKb
psyBGQJO3yHoGCV7wcL5D,VIDEO,Lix6kaiQ2cdCcxrqA9rei
AGjr9EF-MMqgNf5pac8mL,VIDEO,ZsfLfe3Vrsr0OKbGIlfRS
ftcV3zixIBGUv-h3u1GuU,VIDEO,w-ePyRg32zsYV-VVUsxGi
AyN2mh1-RGx3UgPyUeueQ,VIDEO,_zi3B7ODsV6ku7yPkX6c2
Q_MbzkvidbIvFoGJgN4C4,VIDEO,ufT1dj2JJxGHUPfx3iSlk
ED4YU6UHZ5UerroFM0UBT,VIDEO,pV0zprAgwU8J4v6uK-SFT
fFSla1EWRRtRw0ugQ_lwl,VIDEO,MV-vlwgmzX-sWg4uvP7nk
Ot0CH6GqFwtzjFAipQ5r3,VIDEO,dBgDkOmhN61WQ_IsW-m6z
jkqQOV1l5PudALqAk339_,VIDEO,tgxUGIKvFmj6Wc0cfUlaV
YrpJme4y9q6fLe0IM9Uwz,VIDEO,CiFe4wIBEnPZFiOFMa4tk
MwO14bISg-UA6VhIJ5obz,VIDEO,s0fveg4geQiHZwwkchif-
MuSNIcT5NOqLnLhHo2mpr,VIDEO,OSzM_rrTbf40MU4TTpKrS
_5oPoLKIzH5qSuQlUMtcY,VIDEO,w_jRfB0sOuoW8szNK778C
xMxEy7MdvNRaF1Sh3WfqK,VIDEO,25RLPgz6T6Jzvk-6QQWTo
OYbaSmJLFFF0dOsmuqXpB,VIDEO,Aa-l9YucxuDXe13IQNT_M
m_2xkPihynYTAP_0BN0JH,VIDEO,BxDbxJv4WsaPkUrpAoJ_C
qaxW0H_-pL2iwk2uSVLFL,VIDEO,4ZiNCcneIn301PMA8wxTo
9faXEg6aHhTLOQHGi5T5n,VIDEO,iEJ6okJzyvxmSUaEld1Ok
L7O9wfOJ4oAUN4kaGhdog,VIDEO,ynzaNPlxKmf92tgvAuHW1
p-9psFhXW0Nma0_tCZtzq,VIDEO,9WSjT2rOxyop1FHM8ljBe
9dJR2mYCqL0wFsvUnz7YN,VIDEO,c_T0pPEZE7J-E0J37Pr24
ZVWL1tyGMJLF4dNK-6lU8,VIDEO,HHlDRscFfBDWFrgrj_uOG
y-P1jd4L4xbSOtGXvcYZ-,VIDEO,n-QfEBPXFwkI9zueqywow
SItBM59GHwZRNfuuR8Rae,VIDEO,FX2EY3sPCyow_4pB5Gqc4
gxhrXWiRONyC3MA6F_6Wu,VIDEO,u-pkyw7ed75touF961J7O
2vCBGmD2c5MKDII6lcazm,VIDEO,657jtVwqXUfELXWwOOjMB
BGyMCV35MyU50xjd5Yjxy,VIDEO,5Mkm8FrqaxuWObrwuChgk
55_Hephn_YLlRPve8HESt,VIDEO,RdFglwOsIviSggDTUFxN2
86M3xFctzBGMYlFcEtqhP,VIDEO,BGBOiDURiegRPkdvsiRpf
OsiRT8dNV0FfTEoBG4Wrc,VIDEO,Zg9IFgxOTF9-4E_YnrA0C
WjJOeN-Y_hjpw0okXxihG,VIDEO,VspjWW2ek52QK27GKEkd_
M60NV9SrbYYso2qgVIcqg,VIDEO,4Z2taTXKfkkcRi3sYUlwL
3aVqFpqumSuFRbM96Uilz,VIDEO,kEM6-ns15xT5TbxB5RCuA
34anQHAA98AwhLNaUmzz-,VIDEO,GxE3I4O-9BQzJme6W__B8
7Lp0KdRWKaHB1ikFsSzQ_,VIDEO,uz0uinF8sGjacrgTC4zPB
aelwX6Atoj4FjgcdFh9Mm,VIDEO,3kfXGW_2DNydjgjFrEsEe
EgkMr1Fy2bg_3yh8qFi0B,VIDEO,9V7iLOPAPUckngGGIj8ax
faEOeqGVDjUP75mQArqpY,VIDEO,Cwfki3yA-c-ak16N6I9SD
_RWTHbS8IaqUsm9eWGLtB,VIDEO,lWiHRB7JyaQg63JXV1eRC
REbEfM0JxGEIOhdgPutHU,VIDEO,Dvwzn0yRgny3ayPHmcCIZ
rNnHFBiRfjyG9KYm1kA8b,VIDEO,jSrAirNHjA5A9acerwgl-
KRgoCvqmWg34cD_UQIKRS,VIDEO,w_yU7uMtUUirU7avN85UN
KcINmsurlZTMT17XUClY8,VIDEO,_A7fIION_SswjNZoaaFKL
1nK-kZ59-4tFY-LJ7cGjI,VIDEO,g2yYKkC3eGhZp8UI1fIT4
-dW4VAzVYmbSIXg8tqEGb,VIDEO,A6aECa6N3T-3p5xtJ__TB
t0huHl0HPlrrYbpVsO23z,VIDEO,Qc8rmYeM0HSUBYqXU4Zef
C6ZAP9PBhdjFRCo8o7O6v,VIDEO,lilG1yf8ywzbU9eRXq-HL
6diuM80V-sDEj_y57g8NS,VIDEO,RG5UdNnAyt5PzsrYICI2w
wey-Bc8Cs3Je8WvbveSYo,VIDEO,QEuvub53ZXTh3PssRXsim
H2GSgHJ9tf_ggguoSIsIT,VIDEO,nAwfDIlZWmqxwfKoIwKJx
EnRDYubINdMZOgs7127oR,VIDEO,9zuTPcfiPPq5EjW5-RZeu
1G-GncLUOhPqq9reTt4Mv,VIDEO,6yak28q8bjYHgsgzQeokw
gGt03E4pQjQjEBpIuJ_CU,VIDEO,pv38Uum7qx5or-0jmItLi
gMupBciRS2tWB-xM9VZFN,VIDEO,HZATjbMINiS--Vc-ovK1Z
wS-9_jPFTzkmshRwsR7LF,VIDEO,iwIcoAi43r4wvpubutK8L
Xs1A6yMHhK1qtk-nXjNm4,VIDEO,zEzRK6kdQ9ZDVRdzUWde_
Ocr8JA-1vk-2UJqnQ6SmT,VIDEO,hP1dwZWqQgTdBUHUlmy2w
10ihgCw85TvQmHUzB7b_b,VIDEO,9BoFUjGD5GA6_2IIj2inS
JBEjEeRUA3R3SBCXvoGI1,VIDEO,SsYBbX6t6B0XDyUEB8tOv
BfBDWETDL2iXSSmiFk8Nn,VIDEO,sJ0oWWyWhEK39SUxv3_NJ
miCV3245os5EMkOr5zu49,VIDEO,lroW4nYkdI13rI8KrTxxc
ujOupsfJaQBtEhLlBb7uf,VIDEO,GYEbVsP_gdmX6lLWuzNrz
WKK6BNS1gnZvggRDuPh3C,VIDEO,59mc2exy6YzlAtnxDcekr
5f1jIPhktT38iFwdCNqrQ,VIDEO,HD7y0EuTMIG0MO8JSTc4W
Ot35iS8Ocn96tb2CPWJDK,VIDEO,58MSe93PZ0pCdm1PftzfT
4qLrAD-QCVPLzYfyVnbXS,VIDEO,x5iABUkUl2sRNEn5vD4W3
LXPeKMgkD76dycZft0G8Q,VIDEO,lNbWSwjb40_aPchoZVFvT
vMBhud9HGlOFqSIQd2yYD,VIDEO,3A2BNahL-8w5PPcySW7LM
vXX-H8oetakGeq5VSQOMK,VIDEO,aYY7vr0sm5ffPIXeJVMMX
31nR1eh7XcSDwEFlsCfiJ,VIDEO,14fIFeY3UsCcv7wPAZItt
YKew53LPb9hTEEcpa3NaM,VIDEO,cnSo6gRykQ9C1o93BlySq
2t4tF8K-C5iPJ7-1IrRIZ,VIDEO,yDtVKFSTEstsVUqQAjuXy
lTBh7pzjt3CAupCrFjEHo,VIDEO,R2xWItytAY4vKZdYLML1r
tVPYGEGCcIup7XTzjXmKQ,VIDEO,PAIu99zkUXHJp2BlAFlua
roqUKgHNf_Ut0_GVH4-t-,VIDEO,cDmPA2sYJm0hhjJ9luSbV
GDuNwK16iodKKYo3s2rTg,VIDEO,QiA6qAyBk1iNuYSniruaS
tohwaf-4wHwsyx9hYsrp3,VIDEO,IEmV2YD4eyRmz-fT2_MNV
gr6KGvrsz1H3sXhI0KVk7,VIDEO,M35V6eo2_PDP0YV1nqtn6
H3SosdtdzqmntCE5g4W4c,VIDEO,mus_d4sUPsBuodKFwEKRd
77kxd5R9CleUBFFyezI8f,VIDEO,7LV8cdE-3O35m-ZmNi8qc
tfHsfzUBERX8My7Ri0Tlb,VIDEO,G3oEB4QdBwxdKbjEe_VKS
8-BfyLXITQ7dIBrSfph7H,VIDEO,ocMtfYdHpXIhBKKtpWBI_
UBxpAc6y0R44TkenzjBjK,VIDEO,LJ8t6gZSZ0eKfzc__CrVY
aXuVMORoY35xuEfE_ji1N,VIDEO,UFl6PIsV9gxUdZ7I-5z3Y
0h3fsouzenFNUAHNFBiol,VIDEO,WnOniJWsmf12ihSpdDD9S
Vm4C-MkT5-_wbvnbrM1CT,VIDEO,NM_vcTYHM42-cNhuIIfA2
gJrdP3AG6ep1KUhFp-6lB,VIDEO,1iyWgjwJGTW0Hdx1guFif
EU2jfNte8yv0PlpwdJyTL,VIDEO,DpDfRw3lDhNr6D1qTOzqS
HMbIlccr-kH6ag4iL6ksh,VIDEO,z7rn3QfUUQiyTEUNXiKH5
AfjXG3jVA09KczeLKBD6F,VIDEO,zoncv3n0wg1qPQF71AeWk
jxbN19f3s_rAkRBW7id7d,VIDEO,2KGqwuFcGAW7sSJlF3sLR
OoLjkM1e_aK75Mh6hpupL,VIDEO,WkXvfshO5h3lJ25DaFHNP
VeIcQrpOCbItgmPFsDvRj,VIDEO,LMGUhdIPvzNikadRdEGP4
Ka18a0HTQIa9twzoIALux,VIDEO,xmOsbJdGTBjUrcVh37siv
dPYUJz9xBNgEAc2OzZGaz,VIDEO,yUOJdzb51y2pLQU8O3WWL
jOiXAcg-w9c4BjAiM0uPI,VIDEO,-03cj4tnfrCaB_EqWz8Fb
-hPVTFhs0VR8ooGHNrlXQ,VIDEO,9rTVtrOmO_T4MRm8v_F0M
VYt3RaG7wy-SijrDTjSAU,VIDEO,z6zrJhzVVXaaKxkt4qqEN
x0W8NJ-Q2eSh_Qxgi18QZ,VIDEO,B5un5la7aN7ohlCj-3Hkr
TD8FMgqgaeYhxw5CYieUS,VIDEO,DPHK2OVRDOtaCwlOsGiOp
M8Enal7RRdpY1TRSbFaE1,VIDEO,HlJn8eUSNft8mfq1pqeHx
YFTwNfiMHXFhFRwTo1c1O,VIDEO,pdfkuY8eaUYFDfFFRgSjV
WNZSow0t68xN97-04lsDY,VIDEO,rrzgJ6qR78sSns0QYumnI
6z4ldu-ZlTjz7jl4P22Wv,VIDEO,iEsIoQlHt0ZX21CcmOSga
IIIMnW8C50_cQjzftNbfd,VIDEO,YhShf0zm-u8ukVoq3NWfO
gL_HR5HZi7Er8QOp7Pd-7,VIDEO,FeWb7yTyyF45BhtrKRGm1
AYz7WV_oKxX06cY_F47kM,VIDEO,DjtZQajAQfuTMKjJpOMYl
aZ5rlwVA4XysQy1ARRS9M,VIDEO,bRkdySJIE87YOZFMvH_U4
Mlg-0Br-rgWJxmArtoldy,VIDEO,Hkic5_z4C2gL5HUSyiaW6
aEnM64qM-h67J-17hgOPT,VIDEO,nNcjj3LnPO7WkgxyhvY1m
IYtR_Y_dvZJt-J9svLhs9,VIDEO,knZg9QKyovgmPc7x7OLkr
r5Y78RjpU1ybv3AV97rQH,VIDEO,FVWV-zYG0EjypMIbMVcPz
jveGBGZkXyDrtzrYV7BMc,VIDEO,H0QvBWHk4vT2ajxLq_xFj
hbE0XcY0qxNiMQAI2faYz,VIDEO,LzO_PplWVavLCcpqZpyc8
2mdWzFXBVkd4H9vxn_033,VIDEO,hM1oNb9iH_FpiL_YQdjlg
Z8M_6jyJAksfmrIQ11oDR,VIDEO,4fSsqcDoJUDpJsG7XT6ts
hKt4rZngJYevlHhwVXGtE,VIDEO,VJxoXI3UqehMlQglDQdrM
cxosI_bn1JWe-4XKYGgbg,VIDEO,8nAxYcpcg2KyWm7PQMCIv
ABL0hJtZJyhwsHFQTscyB,VIDEO,qm-uu1_ubjeJ8SFvCEem8
cjqrWAdgGiLc8Hsc5B7Oi,VIDEO,K9BTeJfieDQ0ie_UtnCzL
ORnwdFqMwUlH0TWSrLrIX,VIDEO,0fb42ZO7GDH43Ysc4oU1l
2XgcYBmFePyRanuLT0wCc,VIDEO,MP68gYC5nBvKfTVJG06YX
dgoYISkHsbnCNcXsQD5g8,VIDEO,hezI1IkMcdpZKYBjisei_
AYxhBoKT_PtlPwo60_OFC,VIDEO,lVMxuPN2qMF-pup4qTnp3
Y7m4Y4Kq1jXSJ9b1IAvTo,VIDEO,H1Cv8aPUFdfuYaJ9Jck6f
zwXf3S1241QANdUa0o4nd,VIDEO,3VuNmQKCWPX2n1a2pkLiz
JV1U6W03n1V9JBaQ8BJnw,VIDEO,OYM3BONigihhlMx-XtOCj
YPhi7GJ4rgbqIktYV6tUf,VIDEO,U1snhZ22fZTa_GbHrD1K3
a6WgahIw9pqnGb2xPFgsa,VIDEO,E4ulAyyAV2I_me9DQ9et-
Myb0aV24u3DGLXOAzh02k,VIDEO,QHsvRd5FvUsNlMj-0VnwN
0oyvnYrglfsxrtAYHhODg,VIDEO,4BQdm-8t0dEFWK0wzvRuv
sh1LtOaeSGBNCo5bJrin2,VIDEO,ijn2_hmLTEpnyHr8Q0fVR
YaNljEFfC7CUQtock93Ld,VIDEO,Z19EXFrZASeF00oiKyLuz
l4SeB_8qRv4Oo5q6mZRYZ,VIDEO,zoED3tyegPMQ-tdlHZeG8
t1q1sEB546C23WSPV7Eo3,VIDEO,JBu80_dwVQmJCJt4SuU4J
oKlv7-EcY5OPeuUPmstMD,VIDEO,BSj_lo-eF1QVGGihvc9uy
d-YE_a29cbi2ztlEGq091,VIDEO,ropRNHrHJbnV0o-MWWUs-
QYbetE8KcPYcgRaoKFpo2,VIDEO,cqp3ny1aDY3e6oyqGqxKF
9u_4uJ9Fe6AiTAX9nvAju,VIDEO,WTwX6S7Og9SjVJ1JZltdc
ySXEMd5N6WYaxkc8jUapN,VIDEO,WYBVRLsUZTavRlI3Bhb1B
FXtEXZdOQFrqTVVgs2LfY,VIDEO,Y54cW2M2OdblHP-XRfJHV
XMCCfVudG381PxZ7K2ctJ,VIDEO,HntPzhZiQdghRyukpf-Md
qEmTPEh6KqQijh_MBai24,VIDEO,pr0z5MO44BIVW6fZpAbh2
E8NJOS5WXNCvuUb36Nvtp,VIDEO,OXHpvW7zh0RuRbhjxaJR0
Cbo4fBUOEQHKYaCstWiDk,VIDEO,wpnmniBGA9CGeChyp0DCB
MtIaZEAUJ12okHCrphyg_,VIDEO,sMiWRXiVYcLK0D_3Jcr4n
33K5Jo-qw_BNCNBp2J60v,VIDEO,pi__brczL2uaWiiDns5Mr
CXqC1XXCzEACqDt1y5tMj,VIDEO,cuPRXJ8t_-4OyWvfxwTFM
Sk4MXDy8GZSBW1Cx7wub4,VIDEO,--L088jnkNjknrrcZh_v3
cBQY9Z7B0gKMzCoSz96SZ,VIDEO,XanMWbamyIrv2Lje5N0jZ
RQgFvf-PbML8wsbEh1urt,VIDEO,3SHgNJyS68SMGBTBeGHlG
fZvyGxQSyiTq1CULCVrtB,VIDEO,UUTRPg_mGevl_4ZBtDiDw
Uuhrdur5kWVCeJwvwlcOJ,VIDEO,48HL54Ka4kNrZszyiBW7d
m3ATSAFwPF-NW-S4zlgva,VIDEO,0oOodRTLWPUSz25dMic-p
8qf4Aqccl37pJykW7XTAQ,VIDEO,y3TBJi00F2Yw-BU-FlLpu
em919zKBEB5qFV8LudiVr,VIDEO,4rwv3ywzzn2cGkS754eyv
XQFWOuN0F9rsih_4hUWng,VIDEO,n2xJX10BcyTf2plQuzPJQ
bsgcTMTumWOcjYJ1HncBZ,VIDEO,Kef_muPQ1WuHFEHLWF0pZ
FffZ0mxnAYNE5z2Otdbd5,VIDEO,ka20NlI6l2hU34gmCpGBM
3IzJzoAhp4lxm_4rlaQvA,VIDEO,D5SGMsazl8HkVXTRz0DG8
NjvDmsulHhkr7gAf695qR,VIDEO,LuHz8I0_H1enaCFriWB43
7-Pr475owwp73beHXOqR6,VIDEO,IlY0xgBUWNrH-SzP7JNfL
fibwSC11U0TUZNA8B5Hy8,VIDEO,j4aUuCf0v6GfVh-9xKz3g
uhcs3TgdG-M-sfgAvNKst,VIDEO,aMkJ2ZwsGyXVO4SWDUq9M
ZePvjd_miBh8O7wE-BxIH,VIDEO,GaSGtWzSPElWgc3H8bCFF
QotgreI9nxAMIuaeSYhOF,VIDEO,YM9uBgrghmp_fkqwX6NQs
XLEZdYz17ckAWWRY0HEVG,VIDEO,1YexIudi_ukxMauMTYI3b
YiVP2X6_BiSfLzMmku8Ue,VIDEO,VzY5fwbjnq5gjheDPNGwt
0rqwon-p-6McJR5z_9BA4,VIDEO,QPUwe1R2ohFNbuonepgFm
DZPdId4LVJ5HSCB3Q-nby,VIDEO,2cYDYXZWxGBlMF0vBJT2m
_soiKvXYBNOlcLL8IE4gH,VIDEO,aaSQRdBksFP6lKwkQSim0
-IdxSFgb6b7AAFhVjiYad,VIDEO,mZ7TDSeewAJyW1dMrllXO
wwCn6H-eC9eI5j11amCPI,VIDEO,jLFjMU_n8W0CF6yYEWO2X
KQaCcFjncCij1kzpcMH8L,VIDEO,mV9uprazX_SgnMe6-yy9e
D_wg7wzQpuxvMSh-Z6hIs,VIDEO,Su4VjCz0a4xtZFdII9SBD
0TYVSUWDU1fQCPgZCg4jX,VIDEO,f2BJaJjEFzSuw4eSABdRB
Revw3rDqjwmfq8hVAbdRY,VIDEO,_AxZ6R0hhZDJXzuKOeYLi
g5ZC6qJOT1lIGoHNtakf9,VIDEO,CuKn6pxxxO-J6P72Ig5lo
bQvtsjhREn4kRtyhWYOWf,VIDEO,gSoKMbGlX4KtyE0prwDwm
fznRShg7LY1_jCa_2eFZp,VIDEO,87bD9yNgHEYK_SVhyYxaF
lGJQuKcRHAhJLOeVwIPYB,VIDEO,i-AEAWt3fex2-xjlpEc2J
f0qEm1BXo4MVmEOlAk0Gj,VIDEO,FWOE_Udl7AspeUe_io6kN
dvYWXQPLLPVzHBW8W0RRp,VIDEO,VUhFbGYecjSpzDgUyCsVk
sWCOHpXBoAsssErn1A77X,VIDEO,jX18ctBHyTFHBYyTo8-iS
ngC5ZCJsvvoyUVd8mPQc6,VIDEO,J-ER34DFS_eiuQhbstOab
-4dE4Vv7tQNN1W6UKP4QR,VIDEO,poPFOD5fDbDb4ne6aEI5G
26lXm2GN27RQ-HX7PkeDY,VIDEO,JCIXgIL-nPW0gFaYHDfxu
8t7mxACS2V5B4TSGGFzsm,VIDEO,-9y4ErKYImDkZ48-3QJqL
NP4jdV4_q5pvmhhct59zE,VIDEO,SDMVoq-bI26KoJrPJhyx5
2kj1oHV_guizwsJJrH9ZI,VIDEO,WtIiTGOBXXDhKBPxLl6yq
nNJWrXRIkSzjxLTRTt7AA,VIDEO,3udaRqFaMhYoYdEyzhWJr
5QBclgJWCA4znzHKgzB95,VIDEO,u_RKBolfTLw0iGh8aVf3X
CmNAsmKYO_PbrVGhU0pzt,VIDEO,QOqQ901Dje-JlMLrMmE7q
le-XMewi6h0DdIEOCHwfX,VIDEO,jqpum6NamwNtCLa7xmGfT
HHm6hys0Y3QTRLha7JSyj,VIDEO,acqXHlSGx6qg--5QdfrH7
xQvzwHWYCmqbAcdOV6LPI,VIDEO,M6T0DxtnRWYVQzE2UaTLT
cW84eMDUHEbuEiMIPD7X_,VIDEO,D12NtYemCPugvxuI9cCEs
gO3sJb1Lv5zMBrCbCqAgW,VIDEO,6NJ-e_5N9SWbZIej9KEWc
WjNx_6uhDWTu1zxy2hX8I,VIDEO,pZDAcX-70wlE15PKcukgd
2nj-AKKucgTf_94p1-hEx,VIDEO,UTb0E22Gx6-6U3JO6Mc6D
5a5wm4j4SC05Lxfgyghli,VIDEO,qKeOC1p_ZqO9-1qnSMZ-6
fzuDF3M3Z-YvofPO-jh_V,VIDEO,v2QrZXojDDsy_dT0LeED3
Uvh2u2bhXQjLYnbv8m0gK,VIDEO,gCl3fHe4H9ik-ZxRSD8yt
nMfZA7N6lac1agusr9LeJ,VIDEO,BJJYwHMSm5eR5MqWa-Kl_
GUprgf_np_T4EWDJre-7_,VIDEO,a8p78wLnc4uV3dGV-uGub
aej7yXQt8PTnoUXHuzscv,VIDEO,IyLgkyRiDzaRw-shkvViL
0YzHgzY3Gk1efM6aDTmqN,VIDEO,80ps-YOXpXKGyAiLnm0v7
M6vKIyVqCFDj1eOmXPZQr,VIDEO,xmtyNhqmhhIUocxIH2d4n
Bp9qwIQwOeu1PvunUh5ha,VIDEO,qKoXkHKDDABfuvebpl8AU
oAhudtSgk7tZd2OMPnZVq,VIDEO,ouKccU-vsi9uSsKblwiaY
IJXZ_G5sK6yyWDSjmHAnx,VIDEO,IriKFHImNxUDhDnccqk7g
3INTaWq6FRukfo5mn-IaX,VIDEO,9wSZnro_3WKcMP2Y9-PsK
lzOlifHjWE0i-56TdOCcz,VIDEO,0JV8G6daqoWPUYavqkPtH
_8wM72BlNqO0yhX6xmVjk,VIDEO,IqryLwADAcaaPg9OUZGKM
ZnfmpG6IOYY5SqoJvAEwm,VIDEO,GxdPuOlaAEI9CIYIK_O18
T2GJ_YnWfSdPXrHZvD5jS,VIDEO,w6I-mMJOeb4lf_AUiXpL9
adtmQoe56wKvKZiXaEBHy,VIDEO,czV26hrNXA6z3Af1-q2Z3
lPFiOv5OhS9beaN4kt3-R,VIDEO,ab8yVV7VvDhvyzLW5wdM1
foiG79DpChfnLoiV8ElCQ,VIDEO,j2zB8OKrY2VDtY8BzVGEa
SbWd1hN9T9YvoGDkOrxNy,VIDEO,QCz2nRrViqfg6axEnT0XF
Ur6YEn_yzoh37sxv9drLk,VIDEO,osRLSbTTSOuX4-QgLV8Vj
4Dkxxjv0wkSehzdV4LL6n,VIDEO,G3LbCz_t410jedzxTYKEr
PnAtlLIPXtZlyqnPNwkLy,VIDEO,3fVXozltrCB6Z_kaLvnmO
7asOwHI5YvQcaVYI-AEde,VIDEO,7onJRrgQfC-PP85LH57Jj
ZaCRpnl4deS44vOI3ovEP,VIDEO,XmLIa6pIric8dK2r_S4-L
BojOCtU1_CXsUW9oxMNWY,VIDEO,tFRFG55hH9I3v8r5x5wCX
VWNQjLwZ1nI3yL_iaajIs,VIDEO,gCiYog1iFgmIad4u-qYFF
WvIQcM9Xt7Hx0NcBl6qGZ,VIDEO,G5e3uMWU4UUOg14rklQQd
4l2kdKyi_aXZM-6T7CSL_,VIDEO,30ucO4ZJBMvT7Ive0I3yg
fGl6_sIPZ2nQ-9EukG7pw,VIDEO,wwBSzc18lrkOu_tLcVFGl
eOMecIJPDUShMn_VGzP0Q,VIDEO,C80hN96T3QKLdN3057GCN
z4dmV6kvzE11C-_LPb-O5,VIDEO,uTs7VSXKgkSv7KmgIvBMY
yUarbusr_Pqat1lFJB0dU,VIDEO,ppZkrbZ1ESTdaLiUlmV5d
eihsu0UNsyePPV7Wz7fKS,VIDEO,I-IBkm3bFBon4DQGWjHk3
2oCuuOVwtP89Xi7p39wPP,VIDEO,yUWm85fK-bcXd_sAtGiDG
RjlUK3qFCb5-yYd-Sl7DJ,VIDEO,Q0GJjdadDZBZ-v1kSht9N
8LXP0hfoPefDnIoFCTnPp,VIDEO,5jRwxostROqWoQDzGhcGv
R4hjelhdnWUZSjroMqS2B,VIDEO,dB6SMk0NPGHkZnF9dYfNW
AW06VnCaoY6NHlYYdGYIi,VIDEO,pNF5130NKMw5Mw79ThfBi
sMdMeKUxiCQNb4BrwGoh5,VIDEO,zCwJd7ifGvjYv05nkcFBE
krcDHK3SbkHrA542UECNr,VIDEO,V0yR8jJDAj-ZnK57xc0mB
vDy4r0Wh7NxMfteohS6rl,VIDEO,73ZHNkhAJRcPa6neNLSSN
Zb1l1RUtXXXjK9kJdappN,VIDEO,_uMpzZToP4S0uCqabb8h8
h-Uf3UqnlD2E5o9VYQWtg,VIDEO,VrcTkPZX6FLLcI1B62Ehb
58l0aNYqgKQ0obSX36EWe,VIDEO,ntSYqsfjPonl36M9yHasY
qVC49Cp-9Jq_fJp3wX1Xm,VIDEO,ClGtyaEJTVz4vJ7kpj8K0
k3zWaP1GFUawzog7_tip3,VIDEO,uiPE9lOUOC2r_3DcufssP
j0Xx1HVjIqNaXkGAGfaZh,VIDEO,xNiNyALOInMUh3fSYnTru
DfRgAJ5nxQyI83IodM3a7,VIDEO,kqRczb-5sCq_V0lfjCely
elbNHl4WxWXkv8tyC0KjN,VIDEO,5W-_h9hTVa3NipfoHYv5Y
m8tJzrehr73RzwN4nu8ep,VIDEO,mC2gwRFmGgr8saBS5QFn9
5bKl7lElBxIpICERz9iqh,VIDEO,V19eCdEd0a5hDZ0pBtMmq
8gm1HMLGixT-s3wujmAP1,VIDEO,UU0KTIhjOYsVIGS9T299-
2ghy4ivfJMwFtg4fSbRSE,VIDEO,iLb7KSh0azkM7h2rmaJKe
65EV1WRDmICume6by4MkB,VIDEO,XwHWT58buOwl5g0uEmgz-
efOkBFZ2d-4wPkMrVuwi6,VIDEO,8VCi1reff7QKHjmSiXFS-
8taHxT8x80zeygqIdD4cL,VIDEO,eQxDmdaKe2GjAN2kOQdHN
5k33rMm6j1P2aTliHoLGW,VIDEO,Ypl0CgET59FCHiQx4Y-Dy
vT_U_WUZOi6noRM4lLPF8,VIDEO,MxEE0G29h5vYzzQJ08-qX
MRxS5VPIZ4HLhshvzyVYX,VIDEO,f8xEhWLeaRpimxa_hlqJj
3rJ7tjvIRWqoVKURrdADD,VIDEO,oqpGzcvtkiATdcYd6xBo4
_ZMrCCVP63AJ7x6aMIWuI,VIDEO,8bXFCe9e1pwH6dexLsFMU
aWAx0KWLCSHZkYEOxZyqH,VIDEO,_qZInrD2nr6kVzE117vq5
t--1jVHsEDdaYs1gNoQb4,VIDEO,pcjam1HLsD4EZCDERcFBB
yPr4iDmv9m9n4nK2tVODm,VIDEO,BSqDYnCAicPhP5SHSsUrw
EhpRN5Gz2Qk2J3lnqzd15,VIDEO,ZExiT5CFYZrejsadRSuP9
m1QWWsqkdmjvsvC2iPeqA,VIDEO,42qHth4aKTTUqg23dO5Rf
KSIXSsprARdTqz97TymOk,VIDEO,hD016Fp341ueEzlATgxCG
Az_VGDZ9sY8HOO7UaG3Tx,VIDEO,Br_HXyIRmCMLVom0PhhUB
nV-L4fI0AI6yxNasmN-MU,VIDEO,t4ioNJiH41QC0d6fZRmJA
J3Ue24acqRCgczgSyGHfc,VIDEO,B_eQoCLF3_8XTQ4wus6Bo
PX_U4D_7EHnAwrlSkfbpj,VIDEO,syOaQcfMVjuWQKidWKQ2e
pS2S4764H_D2clFfz2_Im,VIDEO,vVmrtf_jDGJg1zrwL5Nxo
TqWXTpT5T_bf9mXr8DiYa,VIDEO,ZGBPSMxL6UKbsK0CAj72Q
47-0q-yWSjdOlG98NIU47,VIDEO,aLpWTtYmJvTPfEzEMKru7
JquhH1IixV0mtXEnkrya7,VIDEO,Ic4ySWgLswNXKvc19J1_8
sqL4Bv2WlKG09fTRrpbFR,VIDEO,nKnp9XtvRlc9CChCtP1a_
1FpJ8tRKpwYv3IqYbWch9,VIDEO,GNVNvU1hg1-ScJygKvNR9
TgHFWT3KMdYjrqTh2lYoT,VIDEO,SC5xYA7FHDNzjT4U5Grb2
Qqw-GEJ8_IbTMGTAmWWqt,VIDEO,nYLy8RxG0-cDqYFWUYZqK
vxl0CsrSM4_VpWpD2paQ3,VIDEO,zdYZpzAmu6qtgd8w8x0n1
crMEyYHDhX44qP4ZhBTTi,VIDEO,9jMG8Of9e6X_iWlBy26o3
EfiqhkWvBJ7IOKMiz-Fwh,VIDEO,unEzliWiqoT1NkgTdMriW
z2BMKcEFJdZquU_Hr7XyM,VIDEO,Cy3uqpib6bw6L3kntlm_V
TX6M934H2VCfYZC3GN0tC,VIDEO,uJEbXdmarcrEAbnpX3HKt
xdIoCqd_-TArsqwy5a_mQ,VIDEO,kHOznFAR__keLylGGdv9q
v3NPbFkrX9KQPDS7bo2Ij,VIDEO,c7ybMWHn2nGDSMGR1vyXd
EkqUtOsc3XbmYHaQSaTbn,VIDEO,KvranurAMz0sSpnUiG09C
meYodKKYwc96JtbcA06Ki,VIDEO,LWwWqW0puIMk6U4IKg-06
wb5RpHI1qJyYiJ5yWwUOe,VIDEO,9OhT8IggCyVI4WmjdwOky
X3oMmE8Y7tQ0K5qr8QzAb,VIDEO,mdBbk-AHgiSwXyRjVy19q
gjwk70J1fq5qE0EvBhfsk,VIDEO,balTylGVhZIYI0OZWq8rm
A4P2sjZNIo0hvbRLE6uSX,VIDEO,nBJ80WPuVoHowtSvGE2lG
6LP9JT88pnT5D0SNdRamT,VIDEO,wOOm0UelguDke-NCkPkYd
GodGruOM9_-N7DKCfctOU,VIDEO,dc3KZnulbCNHDLRm_iSZ-
2WuFWv6qgkKwrnjmxvDhT,VIDEO,21oB6KwkXs2F1QRFg96bM
k1CgZ-bxhyalFrz466YfM,VIDEO,0yR7P3vaNLO8Nbv2Nao-m
TCRiOvk9k0ei0NmsQvd-S,VIDEO,AUdW9Emu5I0s_FvJ5Vx2T
KTqHfrsMLooMwYEG997rU,VIDEO,o9H7HvureJWorTe8oairm
Eyz8xiJVtZWhTk5S48HMw,VIDEO,fyVxU5FHxdOL12Fc_vtj6
ZOtJIIaJ8bmO33dojBdKN,VIDEO,naVMeMEuTh7MBD6zXnX5Y
KL7PvfFFZkb2Nolnkpuyj,VIDEO,YsXseVZ2-xXz-HjQFRMga
3-qxFrkHqP3fBBxaIPMUM,VIDEO,lxtes1YiKl-Ee4SX6rfW8
x9dfeAJA_E-VwErL0LCK4,VIDEO,5h2AUE3A-pVWr-w7ewYR5
UCzpGhWZJ5C684uvLcSwe,VIDEO,Bv64dw9z0TUI4TAfoKx9V
ZqJWZhCStTeZliaYFOJQh,VIDEO,tQej3rD6YkjZwRptwTa60
2DeBQ8a_PZXRdKLrpCMFk,VIDEO,tLnE9mashp7SM4oTwYNjB
VDVrjWw_jKEcnXSswJyfF,VIDEO,WEvjZZ8t-yS7zwfqL_wDG
uaOUKgjqB31tWPP6EoqXE,VIDEO,tDIq_uL53rhxQDE3eUIKO
4ObQO-aPLQjKmkBChxepO,VIDEO,7Jw1WS14lFgF2BUFgNGj1
TWToxqONw7TEIwM-nFgZd,VIDEO,nSbThJ-GrVHp28HvgFQm-
AjkSktHDJ4nH8YuhJZPO4,VIDEO,uGbiuSaaun_J-9Z8RhdZ9
vm3pV8VNwd2xZVlXYncDM,VIDEO,CFFqx9Aa1qZghYx4nf8-v
gdJS__bOtMTgYsRy7w8By,VIDEO,aCOt0s_5IU5Zf_l7RFzBS
gsqE5wetzcKVrcp_95wBj,VIDEO,v-V6GET_zQPjWg94_LBJZ
g5CrzQ6IiJJlALFzxLcRU,VIDEO,f55xY1IlQ2kifZk6U2nsT
GQMfJbiKW4DvO0O7MJyrK,VIDEO,h_JqZZhjLIfgBEIiPVGWT
bTK-ueGLgxun1lZVvzvKr,VIDEO,pCH-JPVx-esrgOI1vrH_C
6yduZ61PrZ6EwQGRbiqkO,VIDEO,FLuR_bBYKlb-wxhh3ytBL
CmfaXoL7G3UKlyg54rHE1,VIDEO,h15X0HeaL0mIUF8M3IQXZ
6muG7clt5iO7QKTAC77m5,VIDEO,sg7ws1UPgpuw2hnkGvMcQ
vPdKaf3OYQvWkNikzWN5A,VIDEO,pThbwjMJVFaTgRDUckQN9
ebXiwvzy_vGTSVAKw8JkN,VIDEO,Hj1-U_rwOjUEFsqFOaX7I
Y74RwFTH-PKIMQSxj5hOU,VIDEO,wa41fg4rEEEXQqDfvUEqJ
RfIde6qu5XPcMkuHrEJrs,VIDEO,dpOzszOaNHTAkCELheAFs
82gq6VeHrnabse__FeuJF,VIDEO,k7nhItE2C8Qm3674UHRNg
chsA9e_7s9cnWWjBim2wn,VIDEO,WvNq2BnYceUUXOt-Z4Kuh
gGBLL274pDttwbq6pBXSr,VIDEO,QQTQdJV4dLOfXp4S_ctoo
wu5IIqtfmy1XII1XDPr-m,VIDEO,uD3GkS_qDT7yesdKmCkPG
WUSc17BSrUvFJqLIkKGPK,VIDEO,zUuHm1_d4DyEIn0j7QoUY
Ltl9rSdKYnucrSJWgA-x8,VIDEO,eFxMBjgOv76Jw32Na6q86
RxPPa9vwJZ7YIYRXJOT71,VIDEO,Kt7AuhyjSz9G_TOifm3Qi
hZ4OA-k8Ym39h_eCb7SMi,VIDEO,Y-3I-MuKwaoeVHXWsu1gL
0z5oIyJc4dDyz49-0VFIm,VIDEO,gwgRhBFWrwgwg_EQ3zUSm
tS7NdWLoUmk4_mLVKjGKY,VIDEO,mId_pChvUnKg2ZFbEVpQ1
ctgHhbvI2rt5Sr3W2R_Yd,VIDEO,2tL6YiYRaiIEIWZS4XVvA
52mdoncfQnA_qrvWSel4A,VIDEO,7sfwasHBmzQV6LXlrG5OO
hu077VjYpQyKCtV4fReO6,VIDEO,ItwxM7-MJc3oX4f9VCcIp
7oxvdSSbmBw-2JEnAzTk2,VIDEO,CSH6Tz1UgBj9hiq8cU9gI
ybiKf0XXYUpFqCZuVYbu0,VIDEO,ZwQj48b_oYgu04isW6wyb
8cGR2mF9amkTUwf0VLnDZ,VIDEO,VkPdGtrtfkxrxPYC9NLDu
--NUIhShf4eD31znZFeqI,VIDEO,_OjPzPVScmetFdgvr2k4B
eOOdG8u06BeOCtmaNpbPR,VIDEO,ZtqjuV_DaqYDj0SYWMjWB
-Y8-i5bQXeHOUWt7gfeNY,VIDEO,bbtAlBbo-oHlhBRUhfv15
QEukOrSr7-6Pm89AMdZyQ,VIDEO,Kc-cFRuNutYn6BOXaGXMx
7xjAYu0ghuk8MDu9Nj8mF,VIDEO,kG19SsKFpYQiFutk0vRZa
MLsAMbA7D5OpmnEvjzvLE,VIDEO,zidnG2gWCyavql9DbKEAe
G1K3_qi8EHP6qAhn-Ck5_,VIDEO,ILNkwyE9a7mZXhAkx0RUi
qVVyDZtQHPYJKkWNl2rsD,VIDEO,-q-qvsqPdht5eKkReanFK
fbYo5EZBMX9OQra_FJcqO,VIDEO,PffDoWefqyfh6pb2xbOHN
HRYdM-vSLSFeDnkKBCPfh,VIDEO,5Sy5ZZSel25ypKbcBj_yE
0BHUsrODGWCS7d0zaoa7p,VIDEO,G2MyM_mzZuuM7lzcFSDd0
t4XOv2YsnMd3sH5mHiF1O,VIDEO,HgufauzP3gPs1-0iPRaID
1qDjkVYeTcJanjbOMPNDj,VIDEO,X4SCusQDd4a-fpZEeY9zX
bywn8sEXwHujxjKVJiTt1,VIDEO,rLrA7Hk1aIPCoB_Qf2GgF
-oQ9G0I8RyN4wcFp6SaXt,VIDEO,ILIYMkwjci1pLsW18l-nL
FNMCcmjkoVfhR1iC78qKc,VIDEO,D3fBQeOcy1bS9iad50U1w
2yOvIPw1XefTaUq9HuDHc,VIDEO,AvTSFcdBIYjUMabYyFeyY
lJgJl9nlnTGljmVHY1fh5,VIDEO,2ot0wpwB6bOYanmV0D9R5
hCdSeRQs5srvldAoTsmsz,VIDEO,QUk7zsnP-V9AKdtEG-WuI
5LgNdQ1SlBzTcBkiVx7GL,VIDEO,fQ8Z3XohxrTE_FWruRjYd
eO_0AezycUCGqKH7T80eY,VIDEO,yem-eYKl3IEqkRpu6utci
KxAg6_tSJpSs0jH7SMnEY,VIDEO,ooQ9Msx8zO9GW1TK7YWhS
20SYGBQB-_Q-tXDOaP6Z0,VIDEO,eBJiMs1Ii5S9C_hizYSey
GeFdjbHzRwvXN1WGb5Bs8,VIDEO,IxG3PBO7I-dKjc6i0_QHv
wY91ZOyYBtyh1siPHSXwU,VIDEO,z5FvcX_KSShbg-LTDvy5z
G8ueVF4u_ep_4nLniYGch,VIDEO,OubYCawMpLVW33872V_nK
sjxhjny2e3GVFnBJfYtRq,VIDEO,SpV6GyO09E0zszBTbxjk0
c_7OigHlfgZ7366FwNpz4,VIDEO,5TTR2inHabKjdE8pkRnl4
p0WVkYfly6tuSF0wSBIso,VIDEO,VL8pT_OUG_zvWAqYKfDqN
APAadFmqCJVX9aOUo1KgK,VIDEO,JaB1XIJ5dbGklVlFUCP7p
L-W-bHuZvVTdrsjpcUkol,VIDEO,ycpFAPDzdHuVqwe8Wjggp
03_7WbweHBsWXvJ79WxOn,VIDEO,dH8YYEhBytaiT67dkM5Tb
Aj1IKrrgMgIBXdrQgcF19,VIDEO,qehVvS-4zPcsTH2qHy2yQ
UbpGwZ4jrK6C67zQXU2Oy,VIDEO,IqcvQTomPHvDR7mSPvEvu
9JHod2OV8popnLmd6-_zb,VIDEO,6hhPSRdFdU5RCojr2cIdD
oqfcocGdOXVuZl6usLSqK,VIDEO,wXJ8kVJ1MpyztqcwzlLtN
PNE2TkZmHiedeziPQMdpl,VIDEO,wAz5a5-JjBJCiEQvnZ9uG
DVpK0gyxlBY2OJTGghVJW,VIDEO,J_8HGBaPseRNYTQHtFrnn
qcwNexsQy5JA1ggJyBN4a,VIDEO,GgOZDTw2RjaN6vHxspjAG
3MMjhficBpWT0weARgI87,VIDEO,CgXpl8KcM06uPQ5labfQS
XX8TPOVAeMKsTu7vbobv-,VIDEO,DtdFnXJ0vLNjt22FuHi0z
tXWAnj_mpbc9Eh24_9dGy,VIDEO,mVHgS_uYgx9jSQZpA3DDv
EZtrvhwOIU4LuhMVSsaSd,VIDEO,VxsCiPk0KVvMC6NqDNvpj
sUnoTOqZButgpacwft7WN,VIDEO,yvlUsN8cxnxYZE2EFZCCL
oon6sjTXcop3BjGdGW0oW,VIDEO,48Bg2-5eoJ2uQKxNGB1VI
I21Q_WQvzN-ZxXoqEdkkG,VIDEO,kYFOTkpLVDiXbVEkdXwJM
5Exlxeftw9d9jg1YYNqVg,VIDEO,XHs4bEaIuBYVNL6WoWaYR
fe0qDd1nivTwBLewORl_K,VIDEO,MiLa-nJoHr0evUNgs9elF
zaFugmAuRjbTq7bVLdc9u,VIDEO,V7uY9DkF3LpC8PTVPk7f6
NEIKJov4-VzcFyTvAhATr,VIDEO,6h_GOh9cjfbJlQsyQ4QRh
OBfiskLhnhPCbPcF8j0pl,VIDEO,hPHxAp6Zipkyy9EPD5S_V
zmh2SzoZnpqSXjqBwBufm,VIDEO,0skNykteQB1IZt9jeeAOm
cfPoOfVHMfitk1kpsvRTF,VIDEO,cdPAhxL0ED04XbSZaC-H7
mOzkIZh7gW3C_DBNO6o7d,VIDEO,y89rEUwJAYajJ-_QXrsQN
hN66TRRsqDyIm9XjmdVtL,VIDEO,IHpSfEJ-z08B1dD2c-UGC
lPjPhBWXytVmOCjPOS1Kw,VIDEO,aagTUyxHVIH9U1t3jvYpY
28cl22VMP88VuDktKlWtD,VIDEO,H8HiGmMKe28sL62WySwFF
QsGC-rnC9gINjgNmhK7g3,VIDEO,ZIhZJCSWVw1YDhm5L_Sy5
EhpNOqye1Mbeu4icUIW5q,VIDEO,CtJ7_E9UtJ8JoQA3PCYLl
oxbqMZRl2NZCI5MvMNz01,VIDEO,27H0L1jGmxPvuedZ43foa
jtlBE1Mv9rk7jVjM2wYFy,VIDEO,SxT3iWQBDWengUIZVC-6z
7Whbhc67G6Ky5D9kJve5C,VIDEO,lJOSDrm_Csz4WqeuaihKJ
ulKnlChCRjei93cq7v8u8,VIDEO,34HHH58jprFWunk1KxqKA
9lqYAo9NaO2um7AMo5YVB,VIDEO,eS9N84w0cR-_hzgabVhbx
sM3Ax3j6twztsv5sF9iSx,VIDEO,GqORHn9OdPJIaBz8Zv5PC
5mMRuKAadCDY99wlXjbn_,VIDEO,DPF5tPka0PiRJ5_1iDWYc
VKwggyQU7Pzq2135AfFmn,VIDEO,C5wFMtAMBzEriIABTmW_q
K8aKT6rDKD_U2rzVwKVQ7,VIDEO,LLAcVm5y-YAjdNrUSn-Na
dz4VCY05U8wTiCXHa7pu-,VIDEO,WFT0b8WA9ZdzSpXZOSgv7
JPaC1JGEXzst-4l7EECis,VIDEO,GkaP42STa1oNNww1VDVdS
wfIyurvJjvckAUKOsZxDP,VIDEO,r-OZaHVHvI0d2yNN7eetm
HW3dFH2ZgBJaH3kNwMW8f,VIDEO,UfrjgINZcOpX6eyXGPAwD
yb8pLL8j32A87xZG5zwVV,VIDEO,0ZUo-zSBtTiXTzutr-RfT
VZ8uG9bRhw-Xf2LpsO_Gy,VIDEO,v71jzdRfKSZpEJJwWUe1s
57VBjZeGhVkDD1OzPZsiw,VIDEO,cvL-nvCoM3NPJQ7xbK93Y
LDzviTjrVGUq7F2qt5jR5,VIDEO,tdsuQoaj1MMq9hz9UT_Is
edeL_UGJeoE5f_7GK94-9,VIDEO,i1eziF2ue4EpkRIR-ZboE
kXXD7oAn15_TrdDyRU2gj,VIDEO,z9HlIUjLZGRlE9eVmcoEJ
_tvBYWPN_U-jrNHHeKiHq,VIDEO,DJWFOx-M6EtDCfJSHf26l
5Jkl3gRWJsvogUQpM_kOb,VIDEO,tyx1gVVvYhljorD-h9cV-
dQ3gkGlSCbTo0OqvY0H98,VIDEO,4VlxcClkT3vocgRhdysEU
OMsR2ZM1DuNtLMU9scpxJ,VIDEO,n92kXr9lToLETMD4EJzSz
4z3WMTLC4nSQgxrnH4KJu,VIDEO,1oYmIucQA4whpjNFSSc61
EfW8CV6lW0zTqNXPX7WPf,VIDEO,d_EJzdrl2GjPbgrcz_iDh
MV7MDA0drQkVp5XhTsOTS,VIDEO,moCT9Hpat_A5mL0FLBA7l
Rnli1CUI_mx3Z3nr5cRtg,VIDEO,h7LsNlqZMpJ2pcjFiEd5Q
7j0mJ54afT9V6koWbnl79,VIDEO,HnYoeOWdjkVM_K8J6-KAf
QAogIfmBaFVTqflsbgdb3,VIDEO,cmyNqNhGu8nLdskpWI1Sl
B49_Mac6_tXUFhRb_B_qI,VIDEO,JjqwEDNsOkZYDVgaIl6P0
GGwbNikKb7yLHLKNHn_bw,VIDEO,ZypcwYSPzq0FIXIJayqgm
L9gZkrmIqhR3Y_pnMCljt,VIDEO,-9kniUixlp7eWqc1CD3QB
535YkbCNMGpfHNWpTdynv,VIDEO,ssKhl157cceeXL7Yr_hzh
MeLnhnI0RvmjjEIwSF_Nd,VIDEO,4P10K-ZaVc9-q1BXYXzBC
3NckxdsRqsKd-ERG1YcVp,VIDEO,43n07Lerd82MdVHd_Zfhj
ti8uJcAUUidMCGRJxZmVJ,VIDEO,cGM_BL9506MlOnz4sx1qW
B3A25gGvMDzQ-xMhOMsOj,VIDEO,yoO4x9yY9clMpYLA1bjQp
hhuuva8M5XnMJtEufMFQY,VIDEO,3eDeDheiNAQsUXOCoCYlL
I88FR7nH7khFvqxyH328B,VIDEO,FIKsLVmM0osVY9qhXMWJh
2ZZgC4zcTexsz6fijhHGs,VIDEO,sPN8VaI_a_ry-ZIV_4PUa
1sSTIHFrqztlaMCNzZbGB,VIDEO,h-9Ocj0AvI7SI9AS6TT-N
581slLNA5YeCP7j1aaojO,VIDEO,jXKhhKEufjTW4QqeDHJ66
vgsbaTLqww5O2hqonb2c3,VIDEO,nxBO2fJtrRHjtKYEw-8sK
ybwFLQHYhe-e9oMdpUwNd,VIDEO,7hZhgpxvNEIN94F_tVhw8
DFIT5QiDzGwurTB73n1H3,VIDEO,fAHMTxGl7zS3zpYRzyaPb
3p3bgIwkVrArZxuZ-A53B,VIDEO,XFk-ZRWcHgjjlwDDN4pIE
7j21wjRWq2SHOj4l_WCbW,VIDEO,C-gsbNkUGL9-o4GffQPzz
jgtaC4CEc_83OFFViGFqd,VIDEO,x9CWwgduEttiPdj3HZqPF
RKsM5R1wSlKLVxNBd8pGo,VIDEO,jIENhdomNVFbimgFVrNm7
q3sEpl32hWpPvO7SK0IxZ,VIDEO,a0_ou0EH57z4UcmBbMWPR
TcRon2weu9yci4xXjjyUH,VIDEO,GPxqNbkGk39ypIADw9h9W
OYjiswf_6bTpcfx4EW1GX,VIDEO,i6b6zLSXWRLXLxhN4tq91
RbvZwCE5XLNfb4cIJ57La,VIDEO,uiLSF-oxlOi4SJnsHRQ8O
u_q-KuOV6kTOiHEoQ5GpC,VIDEO,ADDZJZp0TqlXbBxhTsPuR
9wyIeS-yGzQAGgYTIDtLS,VIDEO,34Th1narznGePfjeeW7Xd
syzr--qiC1Eg6QWiqQ_PA,VIDEO,rnzC2GQEl-3b_RQ6eJtQL
ej_Q5z9ttz389Jbg_Sqd4,VIDEO,qQSYNuwF3B4rvFszfqoU3
bfhP0vsbGglD25IrHddkA,VIDEO,CXMCjLEZACjdK6YhwoeRi
368b1_q04ddYk_c82OkaW,VIDEO,2C9Mwq31b2fMLYkbDHM_E
it1fTjGw8wkJhv8SqlIjl,VIDEO,H2g7OCk69Tcz1_iypemVm
d4-1k_sMNfxnbyYrOFW3X,VIDEO,DVhJSg33V0YfNPqETiqKB
W4Vv2poGnnDxW9ePg8Lo_,VIDEO,bBrRwul72xKcVQHg4X6Wc
BfCZyJQxBi8qKS0lXf48B,VIDEO,sz4TgoIASWU4L2y_pi_9W
lzOPzNaGOzGsLWc0zkkmY,VIDEO,El1zzCsUWpJuOlgnUu_ik
0sqVQVWbdGl_LBcbknHkz,VIDEO,kaht51SuYVCsJa09z9eYa
5m4ywu3HfltlMQT-T8U2C,VIDEO,Ldl-7rdSc7_5tWZ8cfbsT
yN0yhmrCt_bMOOuyiMhbJ,VIDEO,RcjkCDDXt5sVjRH0pTIOh
exMW5zG1iZxPtteHp93tH,VIDEO,fcrVgzhRb7hUCVu9j4ylE
VgXvuvt2bwabnE6PhBbf6,VIDEO,oW0UtLAo2SmvLw2nG0Ian
BB2jrTSrmQK3s119puqW7,VIDEO,rciquKnMo4kD6QcRQPiCW
v87lmzbiDH8NawcLA8Sbt,VIDEO,_C28JpfDoH8Y9JMYzv6iz
WUSv3xaUljG7T1fajpKNx,VIDEO,cZlD1kuRNa3LFv2Xt0ZwS
0BjnOZJJPB2eZ-Xj_p66R,VIDEO,FzE2pjuL27uFxeoKtTW34
QMAWPd_2LEGEGHpfG9KMG,VIDEO,lvHo6ht11OFK3tXeFhGPc
hYTT3cxI8Y9ezvSWs_8S6,VIDEO,gmTqM4eVOXFL68K1FVCeh
IX6O8hR3hZT6FMrXqQc_4,VIDEO,EKgmGo6ukd7GL_xWWgfo6
7JAwUmLz4l6HMUy6kLuJ6,VIDEO,G-pTJC3w7-hkHO_nWmRqR
sLwlJcmDaH_JKrvT9Ktcm,VIDEO,j3ywEoFJRYO1teGoQmibh
jWaP6TK9zp3xJA2QCy_A-,VIDEO,SmQDwT_6vomh6LuhbrqJu
Uqk3d_wNDk_y3eOuGOVbS,VIDEO,pVGpDaKn4yuCHe-ggCJEO
nkUeAVJYIZlF_ZRYb68zc,VIDEO,WvEHXBV2MhSZol7MrZJ49
MaKAEJu0p37TSJUVelcfM,VIDEO,_eSYkl536Z43JlrDQYE1b
Mqtc-77R52SQ7H-myjp5Q,VIDEO,5XdR1Ktcocz-dFxwLl29b
cmYQlWu66fu4uJpLaRPZx,VIDEO,eBbYygQkNOG2T9bwwCv-3
m0H6e1pXQt3EFqKfVEzim,VIDEO,_8pN9g4RKQIHMXCaM7SiE
UGLKG3vSEk1FS0FJKovYT,VIDEO,wn7jzWWkvBhvADFfsWqNo
xFVmbcYbqJFV714k2_noJ,VIDEO,Db__fznvrL9rMiWwlzSok
n2LrSoEiUy4BGGUOjjnCA,VIDEO,mVmM15rJ5xHZnb229XWti
WpbmilGUEh_k3xfRz1OS5,VIDEO,Ap624k1MeBXHCy4ojwaAe
ddWt0p1se3c18uM94Jqk5,VIDEO,ppHq_Hv484IxuqKyFhmtx
ENm9rfXNpUvAaD0g0ihVe,VIDEO,DQLuCeIx289KoC9WCcuyW
jbfyD4fqFzEPxXcVD3fRO,VIDEO,k1uCBlY7gZjeS2tXYWYPv
vECYnA3EEmsnUxvFUkACg,VIDEO,ZLi1LqAQsgN2Wkc0_4dmU
hgQmYz7nZ91YPw9ItM0Wr,VIDEO,e8JmsPLfXNQ1-DHGbhDv7
GA3Eb0TOSRnzVyAkDjEzX,VIDEO,rzpzYgIQ4BN6X0Dnl3qPr
AfAEcy3XmLVgTH45Fk_vp,VIDEO,6e7eGfafPHBo_LKsaMniT
jenAKWiMQnJMPb1KTaC-U,VIDEO,ngwPjOUTPyI7wSRZJiGE1
RyxDNliMypv5pSkzojwHj,VIDEO,kZX9HxbPRh3ySxjLe3nfv
NZbTPPBQm7Uj_1x31W8Kv,VIDEO,ymNmi3gW7sKFY1Q5hZfh2
abADAsCLFN90-yGJlM5En,VIDEO,rXQv6gJXCa7z8T5106zO0
o9eDOTgVdJSg6VI8VvIiO,VIDEO,gs8NGaXezIqAP0VVKRpJ4
uovdcJnsXJmqFWs7nQUUE,VIDEO,q7Q4_HKXWfgjwlpugBB0a
z-EgehLXFVti1BwhOyeyM,VIDEO,-kO69iqLyVB8MwtOHFJTR
yZ-a3CLusmkIKs2QGWOMH,VIDEO,F6t5HFDIskWSW2oS5sGzy
f0mG27JO3Vlx1jJLEi7bM,VIDEO,D52QTfFW5OHsD7is5lD6U
uijmeip2x9DGf2YLV8a4h,VIDEO,13qZ-jwvuZbWX9RusEKHr
Nw3LzojFf-CYqqeDN-9eh,VIDEO,SNCvIKfVWojahVl7Xb6Y8
rZaBAqDnFX-Gu8k6ZJjRh,VIDEO,S2MpRyd5gT65Nw6kkBMJU
MNeC143_C8aKVWy306N_u,VIDEO,bSIclS07alWaAg3SfhHqV
VZ5HhakeMCWo2KYj8NJOh,VIDEO,foAYDPFR-bmQnCrPOWdWM
3KjwznMjRQ0dvHybEH-Jw,VIDEO,D-XN33IOYOqVBcHv5wdUx
TSt0W7KFo23ZbTTJc0eEI,VIDEO,k-wfk798bfq2smqKxOJPD
F2dF4xFl70tMdv9xbAr_d,VIDEO,sH35B4XpQDTXO1CHty7h7
Hxm4HhxxUkCBnK38JwUJt,VIDEO,n-24d57N9xQ1-uSJFsDKK
aJiw_UudNOgFieodYdzkZ,VIDEO,2UimlrAHHIDdVM2qcLjRI
fyLmZ8swO7UUToKa-IyD1,VIDEO,OH3vFS6b23UuqiWdaVwei
0mBovcz9d2ub-eTdMD9YG,VIDEO,TX1CdrZEgDfxXikDBSAX7
DYaD5dlIbYldW1xGOBB2d,VIDEO,a8AmlKK9qazjRh1V3bdNk
2A5KSkqzPhWASBjm7dFFd,VIDEO,-b9cmVj0zOP_NokFq6zRw
I_sGcpXK5eoaQKMKYLLXw,VIDEO,cM4VD8rQgKv052C7JIL01
LxclYVsgPJ-nDLFCC_diR,VIDEO,sAr0Oa_bYx3gWkXfARbao
IecV6TdtdGm2nM_16FD0s,VIDEO,BRnuMKdsRIok7rH0U4h3b
2ki-74oZ4qoNlSL_v3MF_,VIDEO,LKRqoqfsHB1Vr6nzX8hOc
LUFeSW4jF_4Uv4QNlBtiS,VIDEO,esiLzYyI1V0vrc-F-YGp6
XDTzRfLFVJ5yxVzmr-mFM,VIDEO,s-nv1d5srx4Y1EOEK-Dos
ctvR6srFzqnlYJ5yNLvWp,VIDEO,7_ATr7scuERsBx48ZodSx
7q6fco2QaD9ysHwWexDec,VIDEO,TMtgKGOXHT6ia6gYzqJwV
e0JOdEtqWN15iBDqWev3d,VIDEO,8GgS4GPrTSZIxAh2FTmK1
NtEj-r69zoOynp66-KHXz,VIDEO,8SKkveZ8At6V3XeSAP_CC
Cae8Me_BQQm69YNeTZsRJ,VIDEO,E7dyO3JpuSfXOPjvKglhV
VlIr1jK2IGdo5U0lpZXUG,VIDEO,6qkQiPX6JhdvIfa-S_5oW
6ZpezAm6UNMLjU_EVLxGp,VIDEO,QPgtV_DAzjrX0EEg4NP9p
aoqSeSV-N3NP4zt1QfHKo,VIDEO,zkE3hCmilNpT_vWsggb26
vE1xzAaMPg2bTXmxNJC2Z,VIDEO,ACJFqlIbX3IlYENdshj_n
Df2SpSx9M6IHRZlitA999,VIDEO,sbGMtHbzfKkTcXv2uuVmu
pjkNSGDp6qFdPrF3Dn8E2,VIDEO,dFx2MHU1uH8mXUToc_TbB
6JM5B546PygdP2ojsvh8H,VIDEO,2oCV1C5NAWp070_Ry3G8U
6JvF5lzdqASlEwhxdjZxf,VIDEO,srN5AvMzdUAqnEjDEB7H5
OifiBKKaMDpRrW74WHIUU,VIDEO,5xfQto0I9O6NaISXUts4N
2GlV_abdcPxV492c_ncA4,VIDEO,J20kwAJLDf9QHa5SQBn1p
1uUj57hnqrCdhed1D7gXG,VIDEO,inyD-7yCV89TPB27Y0h7l
bFfeUIMPpKyiWNMt4EkRD,VIDEO,_PXAAt-GQDsb2FM6Jb5k8
2vsxy1G_W8L2NjVqrWoeq,VIDEO,mYinJiu9ONn-9cnLpQ8kc
jfrZuSOBDo05kQMyfUEOx,VIDEO,jlvvKf-rR3F0HeTZ-HGzU
rlW8s4JS4PCzytMzRYOlG,VIDEO,joXpdYbL7wKO37BJh2kUn
eNWmn717ou1Ad6k4YZg1E,VIDEO,1K04TGCWGadsZKAe035VF
FnEL-aX8WmTTD26z1tujm,VIDEO,IneNTZU4bG6-LEqKxpz1W
UwNKdckX6-qwHgAo5UbqB,VIDEO,5yi6YWYdNtixC2bLyOHIi
f-BrtvdmRVG0cQQjLFB52,VIDEO,dcBRNPb6Y7xelgh3WbLl0
BfJqltLTaK_Cw8MTDNhob,VIDEO,B4_NqDQAeX8cq1nRylEgF
ja6J24w2-C7TsxTNqzU1Z,VIDEO,3-BQfvrpQ7SXcuuMWdPDQ
kG2D7hl-9Xl3N5oVcg2if,VIDEO,7uMqpwWBH8bRUZl08iNaX
iNmwHwQ6S3N2ENJJOUgRz,VIDEO,Ai-31ho2plvyUE522D3SH
fzhvUp8dI_lEfU_Cm3kKc,VIDEO,YEwyIDBYxnC6u5DS0P5ZP
Bf8RI0_9o6VWgSk665XyK,VIDEO,LOf9YB2_ENMqwrR1xQhgY
xtDDWZUnud3VtJZkEA2kY,VIDEO,AD_W3uM9XgeCfI8rON-Ch
mYkgGNuPZJjE1Cp1dCgsT,VIDEO,F0_i-SJ02SwnoiSqSV8S3
s4D1o4Ym_J5lTPruDxQyN,VIDEO,Q80jkzpvWIlYjZw_IHJUm
zUBqAxbFPbO8zRTAATYNJ,VIDEO,OY6Udnc16saGtTHeYCX_L
ECsBOW2x0ZszKzMTOQbB2,VIDEO,Hxk2Njsqb95w4znuVS5hg
MkoJu-79Bg34e3qeir4I0,VIDEO,yOy5wzapBVy2mlqkFwJNC
vPcwjVaFDEhm57JmEEK6L,VIDEO,3a6BC7CMtgeQsHtu-dpH5
2AkqVEEByz163mE5jlA3f,VIDEO,Kt7AimVqU_oTgycsuUPXy
thiMXQxdoyJr_qg26xsxT,VIDEO,wyzqf3PwCNvIxTrrf3pYm
7SsP7nDEljN6xQIDgm2hS,VIDEO,zQc_JwGHY0X8nCvFjFziC
Cl5b-exbeOAqRNA43FW1x,VIDEO,SH84-eO_aU-ogE_rhFQ9i
_hv8zOBoeRYVVaM2ZuaZI,VIDEO,1k_12CLGPDEIJaYIVifFP
rUC330vFhR40d8BEAe4zG,VIDEO,T2eCHyKM63JOLzXC3-MDW
tF-xx8cANtLm5NqP2qD_E,VIDEO,Sz8PEFpFkv19es9zjO2oT
fTcguLFOWkhv1nPLe1XL3,VIDEO,3dGIMOKrPb1BjalmKQCct
7-fKM7354ehTJHMsp2x35,VIDEO,IwxSNt1oWnQ-Gv4c4X8H4
tViQ_9awg0-R612Jn0DX2,VIDEO,cc0wjMc9WB6SV_COlYHSR
52kxnOpnMsqbcrC_P1Jlj,VIDEO,2tU-XB2idn8bzks6LhHSK
S1SS8wIELDY7Ix9QsCAs7,VIDEO,TSzDZelbQC5gFE2CRJJQ4
-82dCsuFJEOY0yNDDf3gH,VIDEO,GNAewHTCpdxeWjWty9m2d
5Gu4JUbd3hQ6AzGNu-AxY,VIDEO,uy7aZOtIW9mnqd9eNjmMZ
n7RbWu93KAEtUnckNpeid,VIDEO,yRVlPMwEuyw07Mo6rDwFQ
7UvVcF_iPG3Rur3CQLnyn,VIDEO,Bk0PGIUE--y3bud0p03Ju
A_OAS9uzODV_IF5s1PVDv,VIDEO,9GWTDnwcgod1vxYR9ADSA
7hK9rBVSL3HTRY48xXBv7,VIDEO,s2R--z130dHzuNDg9NPuQ
bDdDvf_1sKzIc6XR8hoNx,VIDEO,st0j5im9BmYuYlIKSzLnS
doUzDtqNbyfNZcB43kPqW,VIDEO,TZBByij0j-_eD_z36e5-E
gjK5Alm7BqyQRNTxLqmBW,VIDEO,2ZRoDtmXaOMGdb6ApIIOn
wyYD9OIFywVNM06tEfkP8,VIDEO,gLZpa9DBseiBpqE2d9r49
rzKhHY3ipf_fp0akRxdV6,VIDEO,kJ2zOX4zG5Gt5hvzR1k_-
xLrn32A21N1yKet0VX-m4,VIDEO,oeP9EV5Krf_C4W2cJhF9O
yRakK26FeAXWZgVdbQmNJ,VIDEO,oM4HFsW4Z7L1p_FIMMco3
5itlCBtzhTbyXOnhjXHjN,VIDEO,LXRG4oYlLE1FqMYPcW9Lb
gpSNj8EE7Z1XJn7mF6rpz,VIDEO,IXGNRrPzrR1lGsNw2MjFM
59AjgxbM1FqUgrgiVgQz5,VIDEO,ihycWHhQSYcDMjApzACAj
EC7ABsGO5EDot2ZmWsjIV,VIDEO,N9FgMkeemciXUjBErfrJs
oTCDrVfnULwA5SNoJii26,VIDEO,U8d9iduCTMVOdFqMq0gKw
Jm1EbU4jcW126iC7ahr3P,VIDEO,CNVHrfXepLryuU2atydVe
zrRj3WRLwVHlD0bFDPkvW,VIDEO,bf5oy45coCsfnkiqmsd4Y
K1PIm44hwz4IQTVVWKNcW,VIDEO,hYla82B2WMnlCuZKNJ9dd
QwO9yVkfj7l3Z_WAZQfDR,VIDEO,js_4LnHuVknmHTiUOtA-M
E50jSere-L_dVrpr8lpFU,VIDEO,ZYBBXsJl4rmNR90-JKMYM
wGWMsuuvelEvNuTvhtVPs,VIDEO,hujHq-6ABVVU3S6ngDNEH
5STivG651MRxcWuisrlJ0,VIDEO,1nkAJ7ceZW-vrlrR8WLhv
6okPM9DKFmCjuHK37LDOF,VIDEO,iSrYcfyzXDnV8tsIUbaYI
hRrLAAyw8mE-QFbVRoKK0,VIDEO,IwkW6OOeSZIMGy_ozAkBf
dEhRYqGADlmBMhyvAGll5,VIDEO,7sHM6wASXLBSg8gcKmW5q
R_yNgcZXY8Hai9Pee1RDA,VIDEO,OAR8pIVPRsLGEg85tB4pe
RD92FJuRiYnDW8V0ovfPm,VIDEO,6HwaQvB94T9g4eGAQLdaX
3WcpjquW0dMxCfMmWKxCJ,VIDEO,0556m2Xnn1MVwPfmiZbVd
kHAAQlB-7nXnvBPQsIy5G,VIDEO,XGKRsvhF-LpWn79AKPsit
jw1VCDYSvdu46ZVt5nCzy,VIDEO,-K0AVdPZkbSF3t1cdJTKp
w-nF2qnfgiusLDNlKJL1R,VIDEO,mwwJ9khDMJvAgwIu7KT-G
-w9KFf_Fg7ehNuLM7zgn9,VIDEO,5oOkkL2H43HCP7fKGe92I
4LVARnQ-9jD7KfCHXMkZ4,VIDEO,xai-UhugJtJlNT-IqPiGT
0gFjqr7jJKJN1lrZ6mXC0,VIDEO,23y4SWkWVKC4Qi1WLnr2v
rBg8fimkOjfIFQ_S_a2LE,VIDEO,EJezPRswFnw9mS_ztnIL4
esD-Jq5PFegvXD1ykcr2Q,VIDEO,18ZG2gUQclTcXA5AX5U3o
LF-uGwsWTL2CqcUHKb21Z,VIDEO,zRyR7T83YhXBwjKr7UnWB
1igfuzhN6XdOUAfcQ4rlC,VIDEO,FQ28H-5ndOa7PeX_63VId
NPETko21sTBx0mo4HoBf3,VIDEO,kyvQxJpUmVb6mJWzxoM5W
4ZgyrDCkFWtZju1KOZ2Dz,VIDEO,6Rph7cvac2Fe4RBQ_YZvK
tV43TZvfbj15v7BjutgH9,VIDEO,jB4fcy2JzuAr-pXQVe7so
zG3wWKPpb2goqHHBL1lWj,VIDEO,xELfSbEGsa6BIEZ22rnMS
CQYUvv1KcE2WN2YZaRc_q,VIDEO,PnlfxZaFonsbUKJN8Q6NU
WlhuHTzB9RXRXxh-a9ZRz,VIDEO,S6YmQHrXFzTMXRAaISndg
bkhnYIkv2pv1NOuVo60B3,VIDEO,-qyKv20esM9HnfpPkugcT
JoXTsZ-kNlPer2OrMu-pK,VIDEO,Mvc4oKH-Vt_eWjOtd-1SQ
RWYvWLbci8Ix_DiGteT9T,VIDEO,8d4qPs3E2hi0l9p8dZn5Z
Vzq_4DxVYp3is9DlLd5GQ,VIDEO,gubPJEYpJIPk3Cw8FpoHf
rlFbqZWBQrGL2O-2EpsFN,VIDEO,zafx7fSRdQJeky0J3tU5a
nalo8Kl8K-Knn6JxtMBvR,VIDEO,ChJJ5G7Tkmo3i8uLtsGL1
AFnx7QW8x2H7jv8G33a0c,VIDEO,3YkQrkhYUOo8X21tjbvIq
mRjq__pYQqz8abkVVrRyC,VIDEO,cl_rC-9T-fSWW7kKdFMpt
foKje6fFds6ZyzGJThP7W,VIDEO,eXOXF1MEtBSa_ZcouaIjH
sAU-SUQ3TQtQZe0qKNK7Q,VIDEO,06849vC40R3VGIwbXUfW6
eUqbWPdtc_zevmNCqJ4TF,VIDEO,0agpD6ampcj1OruTsaU_U
KwcVaOY0vz7fnufbChoOM,VIDEO,nv2-XWjaoOhCaQQG0urVo
Zc34_tOWDlblrjTDuX6_7,VIDEO,EOWFbTWesnWunRdoLPjdd
byMIeaZVGYO9CnfskByGP,VIDEO,02rK2tmvy78EC82e07F7J
-q76fo7kovQ-gE_xvIbnc,VIDEO,4zQzHm672zDkdoQdJTkyv
GHAgxCk7o-fJiQMTAElQZ,VIDEO,CY9yZd2H-Jx6jWtASDgDf
MjZ4yyZ5mMcTv9xBQr8UJ,VIDEO,h17rkbp765ahNcnAz9h3o
SZAO0oIpbeZ4IQ-iZJAkb,VIDEO,JUXMH3IUzQbIrwyutogUI
rUCwelJeLZ3kMFZsCq4Yk,VIDEO,HCh62e70x86i7680WqyMS
Q3L1nVekVHsdJE5JLYbS4,VIDEO,M_pmY-a0LutTyqC0mpODZ
MAmTCp-eGT2MuaoYpVGmv,VIDEO,RbgYjzWZvfK7G0UIMGitd
uILsbVWU-CTa7JgVB8VeR,VIDEO,EY-bi5wtWFlmSYPgZYZsV
wh0CjQorCNx8VyxYSowIE,VIDEO,9ebAgLd6CM1qbwnCzL53-
lnifmuBPKJLFkyN79VTD-,VIDEO,R_xADFZ85RLzTJDKvM550
XH3qEC1LsvlpYcVrY6INf,VIDEO,7qJHYIRqvEHEibkw24cOa
RJQOa04EKUO7XtJ9KDHqE,VIDEO,FkinOmneyuu7jng-i9kuA
wKl6301Y-nnnzkVzopDOa,VIDEO,4q6YXlUxDHkBnlejRmsmW
dgm23ZBGT_yjJ3_PIvE5j,VIDEO,D28nRjSmZ9Cv_Rd1GyWkf
7CoRE2wreUOjaVKx5fnJL,VIDEO,DDjKbvtVMLI4kt135Ye9A
GQ5FyKq3TTvFi7G4NVQdP,VIDEO,vp2p-tM12rDAnsckk5uqQ
0XHJNC8Pqsx3Lesv_FRzK,VIDEO,xMtHid-VBGNlwpwrtPI95
GgQqlhfv8iTpYqkC9aDlp,VIDEO,kEHe2j5p36aIlfoR_CKYU
dsFjV6d00hF6c55nEOYHh,VIDEO,CFdD-RktU8cBwHl6997hT
YJyKDtdbEWr9mn3Y9XUFP,VIDEO,9uUcVGzqiU37YPgyH6iTE
cOGS8i0SDzF-fim15irSJ,VIDEO,uy4BwbOA6QswtWVuM_r7O
aF-ERLPH_xo_Mj76RphX3,VIDEO,L2_TUYFTLkIEH8bwD9f2P
BCcVMoBh8Hxbogcvi1ZH1,VIDEO,M7wpYgb0pcy2lXBidiL_B
D6GAvHowMULbSoQn_QlHG,VIDEO,uaFVLWYapLOZCs74xR0-h
YACToaeFY6ZAoYGqasGl0,VIDEO,W5qog1RdCDMor2xhnjnJi
rglT3jiwQrrvtd-m27PnL,VIDEO,SYDo_3Qt7USxTIoEfJjxh
cRVTRcborPoixL45xASal,VIDEO,TLVkZeWuPdPdHJejXay95
KxUtzqNyAHUJUAGyjphdn,VIDEO,zmSkoCHRZL1rtnixykJ5R
557RIKwrIHzSQa07UCkK5,VIDEO,mFCsuN4nGIME3kWlLSyBW
DTTY2U5JnHAjtvsfGoISe,VIDEO,Qf1jjRO0WFUNQ1bhGIWSA
znjri2wsDUhutjOkjNaBe,VIDEO,A1hLmTVOD_zevTENnQ3yz
vmu-zas_AADeekzL7KtB3,VIDEO,4A0aj3FHpw44dYK0ldGzy
D84O1iDkLt4QSV7WDUv0q,VIDEO,h4NcPl73umr_hA60FQyTn
WniNlBWqaqLouF6dcERi7,VIDEO,B0MOZK8O-nq7-KWbbh9lY
ST13SlxbdqXGG-eo250mP,VIDEO,ePDjQDQgBu8qGNO5yCeJi
UkgKGlfHalPDWazbpiL-p,VIDEO,EGSFhtHplx5qTQLqrz6mQ
cefRNeqqT3EYOQlH9EdAZ,VIDEO,YD3AYPG36sDrJgIerwEsm
fU5oOKzF5Vp_52eZmkWVn,VIDEO,R2YM-kdU0jO0SPPWpxmB2
dnYgyCGbZFQ_OJT-rJNqO,VIDEO,YPT0skq-VHxOkxW6lUUab
iNKjAg_fU6NnScStb1Rua,VIDEO,R50CekpKZ67oRZRmE7cfM
5tMqeMOD7aIMNycJDJbVX,VIDEO,xgo-A-1KqGnwTyPhdYBPC
8yoSJ66Z8RdyNapGjbfXz,VIDEO,cAIA31FDoOe3od3nUyKys
HNwfZdfFoVe4EqYzNGHKy,VIDEO,eF4tQq3EUiqnNX7s1ANVs
HCSegtL2EkfI2moxZ4ayA,VIDEO,Vs_vfoYWgJhZ_6NnpkscU
ZOn3PzZWOt-g6Z6vcXrlW,VIDEO,3ux52eEdA_3W2UsoOfb-_
BCjtcpHi9iUHiiU1_TBCq,VIDEO,JXQdguZ6HYLeQAaMHouOY
XDpGV6104rnbQT25jCD-p,VIDEO,SSePaaLnzxR6CDsOp7CBK
9ipgj-VjlpXU3v7Mkmixj,VIDEO,kKK9rJ3582ldtohwwFuDz
Z06CAY_QRDeCu4beqeJq7,VIDEO,lir-ikUJFhWypL_wSVZzE
pM_CNsQpBJWtglTilfY0a,VIDEO,v-UuILVTVyipE2cQACRpa
B60cXA1VagU5if3MHZnl0,VIDEO,WqwJk_N4s05xPqgckh0do
W4hSXLVKTDZtLOTne1Nct,VIDEO,_eYtRRAsQXIqBjl0Kuc56
-tzNV1TdIEPETRggqZI_x,VIDEO,FrU0ditPeNQpcpejjKD9M
xHNSBHM2afSNoLTRg4pVl,VIDEO,5qpLKqs9R5mOCIKW4sLnG
dlqJaoA3zWMzAKdeVAKgE,VIDEO,uA_Y25Vrroq0Igndx0Kvc
WwzKIJ4PDgzTUBRHsVge3,VIDEO,9b-olcpEFmCySOADHuo1P
JUnMsIXH6F9AA9awNslSZ,VIDEO,arA2SfrEGp-4TCldZhTnp
W_UGhORaniwH6b4E3Ze6W,VIDEO,ukUCEKpiUx70Fv0TeQlVw
jMuzVl9MQrZhzLH2HlWbi,VIDEO,AzKWyad8gHTcpKr7bI_j4
OjHBoGe_tJVWLQ8FF2TEh,VIDEO,rXpmxYWqS7zokpWXxsJns
KA1yoN4lUFd73U4dhrvLa,VIDEO,hYemlOpPHMSzwI-rasee2
EPEQEi1my32VdZX9nVnfd,VIDEO,Qqimu9wsyfDJ1MaOWIQQq
CHesTystSzhOe752ibc1f,VIDEO,nWoPW9kngBrKwQkckK0Zy
vvnfGAv3ixJXAvjtcY5XK,VIDEO,DJ9w9YKE_uoKknjP493SO
H6VJHuV5bPhByXBjROAI1,VIDEO,HZGMPNu43LYJ4LXkVrrMS
P1QK8h2DEBv5dpyteNytH,VIDEO,FxmN2Y7ymV5JLaVMO0wJ8
Z6mAdn80njKlKDMH7TPNg,VIDEO,z3SpkCueUuu3GhEUoa3My
eZIfRDrTeTOECGNsXTTCZ,VIDEO,-W7aYsvwWj9f_buKW2X3N
FqJyrPunDJeviq1yafP55,VIDEO,iFQLY357XDQOldbntbs9q
zYWNqAhWXCIvmMXyKg5kd,VIDEO,dgKzLOODJxumOG2DSUju0
qx9_EbCIDkori55y4HUnJ,VIDEO,vQZZuDBqzmKwdhOuZSeuO
pSaCGYbezNqRKUZtpe2Zb,VIDEO,u5-w39ISjMmAzJ7cXF60H
hrGPti8mIQpon6KK00aGG,VIDEO,Gpf9wVNlX_VyFWarh0cy5
iPTVr3ZyDVNIwzA2frnu0,VIDEO,JQ8TV3EYNmO3aq13VTLY5
4WWatMDEb4NiJuQ3bFvpD,VIDEO,ft7q-33sy2Fels8buIsYv
8Qg5FbQhLyftUQcEGVpn8,VIDEO,tkz1ZMGMgFSuDj1Fqndko
uWFMb2fCN1nsYno7yGpI8,VIDEO,SsoPLxyduMLUJi8iDqA0Z
kQhoVeBM46WEBjCx2hqME,VIDEO,PliFPYhqViQohTvwLMtWr
W9GfT6uuV97VzOaBB1VRn,VIDEO,T68CGcAeVrxI2G2nKJa1P
07ZboxpOXDRoNecNJ3_Di,VIDEO,_HJEYQvabPsQ81mFL8qa8
RFQLlPr1f7YUGUhhCN-M3,VIDEO,WzKbp8TqEpm2F1Wv16Cdi
n6_H9F3tWSMgzQH9Hik7S,VIDEO,Myt3PMXm51QmDLulcmIGU
FsqPNTq5xqlsS4bZrtZ_k,VIDEO,2FDV6J1HBtNApwlpDZchx
wpY4zGEzb3Fqjzt3T3qwE,VIDEO,lrpTsrzYkGETFpk-_0dCC
TXJ_urzBBUX5AZxssLx84,VIDEO,BHTmZbu_Uf5NPWu5bwwX7
NO3D-156oc1FVAcEyg0u7,VIDEO,sJNqUbo5QAns_39vRawuq
LEP_W47VA1gLC69sfHu9N,VIDEO,1Jv56T2qZrtmG8IbOtz9f
boYs-UPnQ-qK7ivfBQTjC,VIDEO,sKMaFq-kse6mfq5YmHxHG
MGSa3UG8poXIvs7J_7hH_,VIDEO,VTiqaRZ8aO0wkw0oo59VR
cBTUvnh6uqqIhogXVeZwN,VIDEO,p51ncsRNNFrIfC5O_1ylw
pYjR3Z9k2O9sNL_UbnZcw,VIDEO,qQB3SEEWK5KqRUIfw-nOP
k1lRI8iR1L-oPakj-xpBe,VIDEO,e1w2ZhcwPlVcOdm0_XLfI
JU9Ei4bIhJKkxNI8loq4X,VIDEO,eNXuVKCZiGp0_UgKC98A0
vaIcjAMhEVCvJTF-pZM1R,VIDEO,y2Y41hEBck1O1TCVac-N-
JiGHtXC5DwzeIOBlDTTkF,VIDEO,kB-WLIPgyCBFroE1vIPzA
34wPrK0h0GombzF-LZPk5,VIDEO,4tGNN2qMH-i_PZWS6hnvj
vs9FbFhdA2OZlhwyUfVLq,VIDEO,y5ppPNxQ8IlcwWu5S5dqZ
QeH68uuLJVJ7DRHtolyeU,VIDEO,BuzTbMeqvVbbFRSQKjiM2
rlDp7dnZ45swnd2-tPpHQ,VIDEO,dsYsO75voqD6Ic5NF0P4w
RI7DhL0lNN4zvZNcXkXOB,VIDEO,B1FR5JEpqfR-7xh_MdNM9
fa2kMImOqLMdbMS5keh21,VIDEO,ZlwOys0673ogL_sOz_j-m
Srn8VNw918RasVKkIPAKm,VIDEO,TVVyk-SdURjsLGb2xiBoR
jyIUKFoMAddBct0P1KAkd,VIDEO,0-cB2k-f00-7LskTVrHgK
2cGUYPdEzMeezE4nHMR9R,VIDEO,aeY7G9OAStgc_UMyXzwBQ
WQYgJpZCgSAHWjprzG78U,VIDEO,Ehol1xdoKWbWgR9ZmV2oo
08qA5XBOfshPv-UUeMXfb,VIDEO,UVMLLg3IurhnksoqlVCRR
9lgZstCoWZ26lNFqykLzp,VIDEO,aA4_yE2HdOAAx8-z5u6LS
0BYfnJh5YagL7uWDdyszF,VIDEO,8w2iiPp8y8ILgdoGjdw1s
GhI911ZMZEc7eIRP5EUGz,VIDEO,yh9wdlnntZ9VFQGwUEXN-
1NH2jZWGpMJuLC3UWU0l2,VIDEO,wTRLAf5vp01CP1z_3vqVv
E_y0R8lGNxfplXJ8XGS8X,VIDEO,MOkhTLHYvyAqg-mQT9wln
fnaRcXyPcjxM5L484qmhb,VIDEO,txC19_A2MKi3AgkJk9sYr
6-g0GDlrXzf8-6w5t_GmY,VIDEO,Y0gP4JrojO0sfO7gzFKzD
H17tn5T9ely7adC8Xx-KN,VIDEO,WK-VCnaIT-YyXTM9kis1s
u0WWNxQ7IKZYHd35KDiV8,VIDEO,lIqS89b5CC_H1rH0LxxJM
6FyYnWOUIjBN-j6KgF0CP,VIDEO,tsgMMXYf0UxT3W96uFsm8
DtlcsCprrd9F93dJ8it1J,VIDEO,qM_xv35bcxVUEJ3c4MB9O
mrL_LxOhpd6DXiIujym1D,VIDEO,_KBmDt-s-d9nKxkjUAHIE
Ck8mv6mLxtbg1udYZaYJ3,VIDEO,y2GEpEPGEquogVDPJTcVe
NjOkq8DQUtX3VOIWDKpXb,VIDEO,AU3HIGqjVKRkrLv3VfDNg
z3Az0jiLRLBs7jIrvdxCU,VIDEO,KUA5PiXVPuj51_0EMsPx8
I0EUqgAS8pio-NfS_P_XZ,VIDEO,PPPxUZZ45wvYC8HGidRoh
KSM61w2rjrb6umIraZb_u,VIDEO,ZwATJ9__TdVmxUUAoQ5bu
uAe4AzsuMniZuuQqjvmk3,VIDEO,MpTDFl6h_mrufNc_HsT5G
31fcxkCc56kMM9kmBYxFl,VIDEO,fj5wDjjKm9p3LJVjGUSUp
vEWwXugfTEP-cuOthCDt6,VIDEO,wOVn1SuhY83Gud6z-zvPm
uG_a2gWEUOBovc9Ob7Cd1,VIDEO,RPxKAnhOLxoa7Y9JhNqIo
R8m-bJ3aTqKPC7DcgfJsO,VIDEO,bUnyK6uhyQWK3_xIb6qlM
lcEX0K4EG1_5ewp0YfCOb,VIDEO,Swhut08Xbv_05H_uH0ids
Qr21NH9A7GbSsrDZQZaje,VIDEO,l_r-YYsbEA1McT5lLH-jo
LXK_PobWTYmgGcIXB5d_G,VIDEO,_1D8XIaCWAr36PYD_5G0D
P1DUbKc19ky_SdqwF-f7q,VIDEO,vqDjLLPqLCtTKNa3OJRdn
oF-XGqxkBCz5NBaUitjRr,VIDEO,xQR2o-f_m15V2JNjtjlVW
wqgh7e65J4i9sKmh1g5zR,VIDEO,tuCvhD6ad4oH4_xt-qN5Y
dXaTLN-Ye_CEn1l-FNeiT,VIDEO,PPywTWyD4dXGqoTX_ekiM
cEVN5VeabT7HEdzAxu7RH,VIDEO,GzMp52g5kxpmUCdcbuMgw
wtxlZWwErV2dZQDov-W8i,VIDEO,QvylPSVhSMoJaGb-Kt00F
F2wI2ilVxmmIydniULM9R,VIDEO,Ta8NUcrhsi00EkMIJJKUv
P8cM9o7KdYQsXIfbfofLT,VIDEO,aUe89HCb3quKAkVsIC1qq
7l9AchnjBzDCGRaEquWk4,VIDEO,cJ8LSQYk-LN7eeO8kY2zW
KMoXjs2tAoyVlAZ87429Z,VIDEO,KddzN-vULj4YNB7UlCJrw
qDINfhWx5J1Zq4bU1MjSZ,VIDEO,c97Giiq7x-Tl4BWoLHuVG
8rVlgJc-Ih6_qbv62NDDf,VIDEO,bD1yBGUWHWpPiIBGchSGv
oAdhfKlUHI7GxKy2ODQjZ,VIDEO,rRMQ7yH2acKO0a4sxazAP
vnQAwLJABBsxF1H9LLb1a,VIDEO,ZVigY7zTKMo5bqnnc0LXA
EeGKscKM7hwKrdovVvJtG,VIDEO,jLRYfH_4LXScoAuNxrUYz
fCI4gJciN0-khDBzh4qp2,VIDEO,t0nOzfgcJKY8OZ9z0SOxH
4HkVq88iDwydCuBXZseNk,VIDEO,r20qeBdNGgOLkaUYh6Ow4
1Iix68tMAnakYWbrBzV1i,VIDEO,0oWBuZFPOl-sNCYH-K8f-
ZWdLkgM5kGh5tcT3F97O5,VIDEO,VT52B99VA14jZmGqpu0Zi
yyORMLwFQtbIMYKzoLlvm,VIDEO,ABevKPgLntqLl9Z9r0NIm
7ML74BQ69ukZGzZFFclHP,VIDEO,38GXj5mRCkJCgCNsI_DOk
-yZ5fVFFqx4mXp4-81XXL,VIDEO,nb9c2333Rnzb200nv7n64
w-Sx1chr096LUiV3fq18G,VIDEO,iT0orSt3XeuDoWGPHpiB1
KSVqJMGIrf1IYSiCk6c6c,VIDEO,BlavIpaJWqty0D56iKVM6
Ra71PxCXRDY0s25ajiXTZ,VIDEO,YSWBZdoWVerwZW2653gDi
xjXSk333T4vZNbMxEgFDu,VIDEO,pEA3WFNM8nbc55iRjMJsE
ebminaCkcCf-ho0SDK_RD,VIDEO,MbFS6Jo3JjTEdtj1y2K6D
HH-SFEtOKyQTifmOP9vXl,VIDEO,izptUY5TsC96kNU8wVB8k
q4O5g7BscHm94mOd_AIsk,VIDEO,Km9f8tGuiON_Mjs4Hty6p
wa-4HWY_Fejscu2u3eJe2,VIDEO,eXOPNXjBNgCZ5M5HAN4Yr
x1E0uGIgGAxaFlLo327lY,VIDEO,AdtBDNDaokpqgk5B7X28p
d7XxajYrAwlwQCaEOkecT,VIDEO,U4PUO_9zEeRmIXh2ZMAzx
HYBJ-3IIyeluyKhfTpDVv,VIDEO,wwjJNlgYa3g9GT6WU6L7q
OIOg9RvY-GOdfkAfBnpoa,VIDEO,ZO9VcoKyZpxgTg4b9ttwI
QxAoxSXFWTT2pdb0dilDA,VIDEO,wLsTSoObPCxd2NrrLiZrH
i94l31uCz7sfNSgJ4wrlX,VIDEO,AzVcsCpYwyyzITUYEojJt
ikwD4DrU6if5aq3TH8RZJ,VIDEO,xwM2E-JEFrYlaE8HMjDdV
K6Fk04LrSqVh99NiR0mKy,VIDEO,lr73Iet0-ldhwldm7G3VR
W1J3qvygdhf5vJmIuhQgL,VIDEO,8o9vYjtNw0LRv7CwUKg-W
-o46NC888vfSl1NBngRnh,VIDEO,-VBcvccM3R_1KWBMP-ge1
kmPLiCZJ-tqQWb12inqmp,VIDEO,EBxc0xNhB_SveP8o8xcGq
CxKYQ6FgjPLQtvhOU9-2E,VIDEO,WQb_VOtX7jwftOaNeoPw7
A5MSC7vCv75NB7_4_frgN,VIDEO,w1aXk7makYip9vF_Aw5XB
pLVGLn-gmyvuXrJPtd-ZZ,VIDEO,XDT6u83rsCB7dq_27HENa
XxZr4JRoQ4CC7LVz7mim9,VIDEO,HALIIS2aHKGamQTevnM19
QLhuHQ-IId6vMtf1ezUrI,VIDEO,ahwobfQBAXjVeam7J0NgT
hRNCCQVbIPMDR_U2-jkUW,VIDEO,OVhVYryqWJixVmYviRzL9
BjakqWplKlxwJD1tw9y3K,VIDEO,fxb0JUOvvuszICmxzvDtz
nyyh5dyskAwnkU4Zq910L,VIDEO,6oHCOfnjbMifzO36Bhw8W
JO9WKKlABxRzQ9pETR7tI,VIDEO,HiaFjmNKUmmCtpp8NLc-X
JwoAh2ULbx1sXzje9z9dC,VIDEO,MEv_u4ehMS0ksuaWeT--2
bm2ozpZ2Svd1k7b3ob__e,VIDEO,wN33ytT29MFdaEdQk8kWX
vkMkFtUQOIJV0yeV5P4pd,VIDEO,DjXpT_SgTupIg_xLgWFhA
YLGMJB4wfO10w7fqSxEra,VIDEO,yUMs04_jfAFvIyTS7Iq7h
-iJTk5YhWBGRA6RYbA808,VIDEO,qbYkgt7H-Hpd1JuO49MEO
7HeiUIB6woSTOkqTXyD0R,VIDEO,A9Jr_VkqTc2kZ7fP3Pa0L
8vVzskoJARFVG136MbtwL,VIDEO,mko6Bxbf1J1Ms3BXfF1gD
BIO7O8YPeOaIi2ofjr8uI,VIDEO,iVyJU5F8Yo_hfLme2krRy
RbKMHQoN_nqP6hz7FVsoL,VIDEO,YsmdSUwPb2ykTSPZyOhuT
7k66O_KAEY6_LIh0U0CK9,VIDEO,Z5Pm0qCGTcN0a3n2hZcZn
bgzhSQvQe_GX-yqtEFwzw,VIDEO,uAV7Mt-42rrS3_itJvSOK
KxMSbwF-d-Z0k6iLJLKZ6,VIDEO,KI-c8C89zM5P5zCB6l8rf
8WzQrP3gCUgvA89Yzf4T1,VIDEO,597JKM3M1Jou7OqezuHxN
N2YWV70HvvUkdxktyVeXe,VIDEO,SczOprnuocLi4FpxpUYXp
2C6BJyKVsmjTGwcWCk7rG,VIDEO,uo0MyIhk1gtJaTYs_h4P0
EjCHzhqPzzCxBVPbRMYMv,VIDEO,z46mQMOUibPWuS4-hxTyC
MvKSjNhNlY-kCueVfF9pr,VIDEO,bE_taMbf6GpyvCWfZXd0s
VuarddfUzlrNb3V22TTDs,VIDEO,2C7Cl4mbRUxHcdWc08HiI
QD50YRozBPhRL9LU_egrT,VIDEO,yXOgMMUkFwKD7QkrE24El
Z5P0yc3_2UOWyllb91JHt,VIDEO,NibuekDxykcuIFHWFluxZ
_s2qjXMUHpTOIzzxVCNW4,VIDEO,ic2TClWbNgXb0xSe5c-W-
37_IU_EL6t5xLFFXSLM8g,VIDEO,jeryN1-Uxwxfy2vmEX2vd
A4vijcCLEwlK9PcFiOFxa,VIDEO,vq3r2wLZRzxKohMS5k5G-
6Y6-2Us7i_AV7xjHCWFRU,VIDEO,FklkeEyU7XJ6ORLzB8V-h
I02gBP21Eou18qP8NFf2f,VIDEO,dCMfNLZQ02vmn0c-ii3Tw
RbjHTQOVjmMo4oDgGpaA9,VIDEO,BgOLwGgosx9toODUKCFVo
1jzWvARsywx7O_lJAjlY1,VIDEO,A_RUmysdjE3M25COJG663
YaZubN_enr1XVQ34UhDx6,VIDEO,EXFX_HuGzVmPAKQrf8-lB
9cGcXevaOrHS7Jdy_vUwt,VIDEO,gXCDFynSxPz8283v80c0n
_8aypBMf46lBVs918vXTD,VIDEO,-DYYhzkmgCssrPM2DdlB4
UHF2FAqg5y5zX5RmBonkQ,VIDEO,sqxxgETrJFaTEbGnJ4dHB
5zgj2uCJkSkmqkZ1S1vBf,VIDEO,9kNDO5u_NPokRWYGcnKzz
N6YInNB-IIDUNCnVvydNe,VIDEO,9LRJUY4OQ_a5oTI0yl-xj
k0zpuYFzyw_Tf7MIWc00D,VIDEO,sT-eRreb4cDG3WpNfbqs7
xckBK6xyezFrF05yvr94i,VIDEO,aMV6wHCQW5dIXo9OyJ4Vj
D4CrOP1uJKig0OR2lhHlB,VIDEO,bWzM2gvYfekDLj6zIi5Hv
NEEfeeoZFymXHeOXXQiaU,VIDEO,NwxBYUBYAWJLPSYOFey_1
DpDfi_eoY6jvmUa0XVMPE,VIDEO,5cFbJq16gs_K93U5giqQH
iNcUxTKG90f4BuEQ-KGFB,VIDEO,yjzQ8gTLEkQiQZpuWVM91
qcWUcGrkNfZMitdVNcv9E,VIDEO,0JCVqZKwrVt3BSMEMkUXc
0cX4aMtJqAjM-18KUC0jP,VIDEO,xzKf6E-HxF35xw6FuK0hr
Be3B7ZNw6p313EXLyA5tB,VIDEO,D3o-MJ0LSZxoGZaNM2-sT
O-AjToCKpZW96K9_HWoi3,VIDEO,tga9coJrnHMagMgbGerxy
biTbV3bZl4dwuox22bZqB,VIDEO,xujDO242zKr9bbKDOKEyp
8BTGVLjX_563l9a8MY4_c,VIDEO,5yJXk9TpZ4TKt4Srtsx6E
RjkTI50kU902-6T9oXwJR,VIDEO,-1VWLBcXVpfTYevWoQux4
sWSyljztNJaUEGXX_WKJ-,VIDEO,L1kAQH58b_dpg919LlBHu
DFCjrJ4XiVclaMchIe_Bh,VIDEO,5zAn854JgGcTkh_CQxW8o
N39rGGndiK-kx7sC1jUFc,VIDEO,BoWWCMSCuz670UAYC4TVg
mqZopB-27RdgcGPmHuPRn,VIDEO,dQE2FbMIWtsCJcXuZY2U_
XNKB6fb_ewgCB1VCAgASg,VIDEO,eDcOgUy5hcUTcUki1w4_7
DkVu-2PBxR7mfCfw8k9U4,VIDEO,LtzSsCf-VOHaT6WC2LbNm
f-keit8Hyw5oLh90wtBmZ,VIDEO,3vSpzX0l4nft3cF0nCheG
E-G2qbkOadXA2lmP66Z6B,VIDEO,fCRP7p9Rg22TWjYclzP1c
3YJy1inwU53F_5qjpi93Y,VIDEO,5fdIshtq5GTQnkwAjMH_U
HWB0wBwc72cj6sTkwfcUL,VIDEO,WNHyFbdzK_UI5fazpDbwf
datsDnXFyDUzm3ZxTXGgW,VIDEO,lpi7ns6tQQVEMVvc5Kwf1
SUqBp_Uzjx_eZvYyWKdUJ,VIDEO,AqpQYnZ0LJZgjirLm1fxQ
ihBFkqWKF5bjBxPN89eBO,VIDEO,SJHmSMXZmzWde0qu4X4Ho
mqsH0lAaZj3BaG67cpok-,VIDEO,T1oEtacqQJbGJOPI6CyiU
wXwjpLy4jO1-Qz0HPklZI,VIDEO,ZVOJoDVQUJCBhe7YPb0DR
KeiNCc25UHHRpf3b-MAuS,VIDEO,FjXsRE-W-iFMp-6DeKI5N
IUTla14_h85vAqf-VD_-J,VIDEO,iE7tjB4QUlisl6rkM-cLQ
Z0oeYQ3rw--RGRd-IZci_,VIDEO,Ujew0vBTFo9PYsWJYoNeb
LM4z_WRdVTgxwwRUnkL1f,VIDEO,87fazkmQKyRy25k9Kw_OW
dnt2sRfAggdcXzGUBpxW0,VIDEO,vsapDAKmquRyiAs5eWy26
YVswd7sjsndsvs_qPHdDd,VIDEO,hvCLGgpe-YKZzSnU3vxnK
rYLa9qfCgnaBS_U6jVjQG,VIDEO,8gzsK2_X_Lq1zrBiJkovB
lBhn66zZd2sIY6uJMU4mK,VIDEO,qbFs_dzGhq397mgDNyo7q
x9WvUR51INCIH6wYQ8cvO,VIDEO,q-1su5XlAsYZRtri4OmDx
tUELUD4xAJ-P4r0Ca2e8r,VIDEO,LE3uVYLKXqzN3uBb-2aBh
RJ7V_qyj7P1lTr4OUlBUw,VIDEO,lU1dIrEh_PBRpuuznIQEj
TRjQRzhYpcB2AzUF8AJIc,VIDEO,Z0OqJ5dBo1uLXDUylMq_r
WykZEZkA3hMmX90tGcVwH,VIDEO,YaUsXf_9m7I2zOFtt2Qr9
fkggvI7vR7Za7qKK9cr_6,VIDEO,HKQjQ2ko7XtD0jzNxx3O_
Y-vtsGpMoyG93jTrA4LT6,VIDEO,NA2KALpfYyeJHnLE0E61M
vFgRf3rDVE7cpM7Wi2zeU,VIDEO,pMF4rovrPWq3lGITurWcO
Emk6UUBHO_chsIMd0cTYS,VIDEO,Wjvv7TG9c3t3vyAFw5qA_
3SA2LoadvyKIXabSI1lp7,VIDEO,0lqEUApIlSGMVs3OCnmQP
nsE2k5eMlPbGHyG6L6T0c,VIDEO,jGIyUC5VI8AU75YoNpJ-6
PX1dxeVmWEGBs-4l5DCfZ,VIDEO,RFmc5xT_vX9R6ETnwaSQY
Ewa-nnFxUEpEw7f6EHYsh,VIDEO,zlCdf_VIo58yd1rJSK50c
qvMkzFG8doP1QbiEZL4Tw,VIDEO,EF7FUeskCGrgnNpHI3Iy0
yjzsJSLCAJ0W-_3iFIazz,VIDEO,-7hyfaJK-oGKaVONmHYf1
1VyTBLx4NbsGwNrkeMxLn,VIDEO,5k7-hCiwGb67ygyWjOPen
sBkjmbI0ECEWBru8nMv8x,VIDEO,qzpNEEKAl5NADE-FwZiRN
hS7VWkbm1u2_0lY2cEe7c,VIDEO,GgHSSQNKP05_quCs3BVZp
fjGbVOaE59BRqQZXTJAGQ,VIDEO,4eHty_vlD0NH6N3GHjYDK
qpLtkC4W8wjals7iudNNL,VIDEO,4nJMN51uUB9Io0_gcgbzt
tGOvbz8rj6Jqi4JAz7NXA,VIDEO,bjPDCrhzALEDi1R7S6yDD
DpbJXMNfXtOIokK6CPin0,VIDEO,VB791gN0RPpU8eJOXctAd
euchyybMcoxrYejZTKyE7,VIDEO,rNqFSD04JRBpRFWus9CYT
37Rq6cWBB45JYyj8JCSim,VIDEO,rKHiPy7VsdFzSb_bEIuy7
Uq3pVM4u8HznHxJINTihk,VIDEO,oS3GJZ8AgLymkYBxksJKY
yZUzdbAeydN3zJGhL8gV3,VIDEO,6eLyLMbGTx8twFfnA2R0o
nOauy0LH1g08tz4nW-oko,VIDEO,z0G2sXbBoyDm5Y7kz6pxz
w-P548qi4o_oxFRe_4qYJ,VIDEO,owtnZffA5qoIR_3CI83Op
QIjizYXO03t5_tAixYoes,VIDEO,Pgijpr3U80g4b9GV3jwWy
h58UsncLwt43zta98VGC_,VIDEO,hq29FEe9eqQ5jVb04HCv2
yO0ds4gpHjboojSMtAHhq,VIDEO,uxbDYD6H64UtqgSEZkLnY
0LKpwjmA0R---ErWYXDo3,VIDEO,VPFSc0-eQtVtx5vnWGh5O
PrI60yz4hpr4_pV1vNXhi,VIDEO,HP-nevFwg_0z-ow5bfaup
tIT0zZPB0aDVjJxLMELiB,VIDEO,aAKh5Md4f5X7qzP91ENey
EhZlUrczMdUA32ElmSshv,VIDEO,-MWlcWIOWGkXC3Cz6nP8r
boS-qxDf_yVUaBkUlvzMp,VIDEO,Yk5iK7QG7TOsrZm0fODCh
Ut33OVsy5pw1scBcJJ__c,VIDEO,k7W1t66GVz5_C_Mwuhg-y
idz4uV-mIFP2bbYCfsWHL,VIDEO,gfRTy02qE-HAY1KpnBSWz
MmZ7_yzRk1eqzE5O8_BbM,VIDEO,BM4Qjj1wNhva4MXmeB7kJ
J_jjozOQIe-qzZoqGw968,VIDEO,KVdK9N2Xgm3OWTb7qcYSW
55LKf6GgJQBNgxntnLlpg,VIDEO,uL5tGaPn9pFcy2grO6GtQ
yyBCgZCPlwhoXOBZS7LYl,VIDEO,pWJ6sCq5myj20MWyEeVIF
S4ll2BNRS8Lf2O-fnrHcE,VIDEO,nizH_yBiMmjW1FMiiAPng
9pdHniGQbJRZmjWUIeAUd,VIDEO,6WgHA0iwn76Fndlaua6gK
1B9tT0_Plf_Rsz-xAVNAQ,VIDEO,Io_fknSn8zy1nAld4wRRe
21mj8300xHwy8nvgMoKLw,VIDEO,Rd1JyoCc0MksXHWAvUZfR
bceWNVevuS6RE9MUj286Y,VIDEO,NyAO2B8T5ckE6os2UZGb6
4RITqtB694iwQoiv43qvH,VIDEO,9RyCjeOge1hunLW0rbOeI
Brs6aUsJdHs1uqBsLRsZa,VIDEO,LViCTXlw8LLMl5bQbk4aU
GM5w-Ok5zmmjppaLgLYtn,VIDEO,-q8UspuW3qYUvb4wXAPMB
IZVd8cqcJUlWiOY1R8uyz,VIDEO,HLqnAFYiERm_mNsSdWYzf
2ooTub_m2qEXPV4qE2l0Z,VIDEO,2zxNucyvpuFBkX2vFhfQz
RE2MC_uf7tSmtU7_cVaAX,VIDEO,5qcMXoKra8NugyebmbX02
VhjyDnPErZMt9vzufbXe4,VIDEO,pVcYKmpHZKJp_oZehtqH9
d2HuPvcMGRD-JfrcEKFwW,VIDEO,3Zip_ml8MMa3-vTg6_gJ4
DqmyccKyW-uoX-Y9ae_pF,VIDEO,rVxcAWaEw3UonfogCEWea
EJ61UxCdnL59jOm9V1ty6,VIDEO,VjAHtbkhraCFjlVe61YAZ
fthuO1ZYtflkryJDTXL3c,VIDEO,0FWaVcFkkaERQwde5tAhh
OisnP3ORQfqQQNrqFcOk5,VIDEO,T1uwfIF6uWBmKuZDML5sA
aALUPqVTQog5APb3ZAG3A,VIDEO,1-LkHqYbWB0j-7OsHdCqw
ojj5ZJiJmP4f9KtnOmMS3,VIDEO,KAn3C74swCMGgwE5ltLcw
1mmlM7lzJB_-VUwwnCdrS,VIDEO,-JG4pbIjY0ziqaMXgPknL
nnsLycLpHoRIK_5U1J68D,VIDEO,XPRrcP4jj8g-JxydU4PA3
2nmlxOA3bgw8ioQdjvxXT,VIDEO,fXXeEBr39J6l9qkbKuuRy
XRxff0d6fhywhthAAhs6S,VIDEO,sQdNCeHvZzS91rW9pjOIj
zUvuXbJAJuVewu3MhxsPw,VIDEO,xbTxl-R3Kew_60gj3_mCk
zMyXEcwmfRQ_td-5fAPm2,VIDEO,H_6Z0CIpqnAz1XzxLUtHD
HPF_JuxlnxHi-m074KuzK,VIDEO,j-5_QdZqtItSXdK3wZSyV
NsB5ekwSwgx0XFunGwqb3,VIDEO,21qm2YsGNO31JQ5kHSFhc
M6sGolGHjYIHXkslz6taE,VIDEO,OWDwHwAN_GUVCXKSc9zn6
4nxEfWTNjkPo6c3poDCGf,VIDEO,JyLzG4-cw_Zj37QeEOI5d
eP53ulZPSPVYQrB3TENIA,VIDEO,8S19IWX-Le7rCpzJGrL4q
6qrVi_4MM_aDq6TE-SLa8,VIDEO,VcHXziFuuFooVZ-hLRNLy
jDmy50C21u4EYeHKHi5bv,VIDEO,yQVsUENvBoP00Nx8WIUi8
Vza1GmNCHf2RUv8qkWGmq,VIDEO,gLwl0Bgc4hJtpEAbA7ZPm
jl_9Zocg3loShM7hV3MXd,VIDEO,HIyO1bfuRprKO6c6ggCz7
UMCRy-bZFV-lzoJcMqqnb,VIDEO,u6mglkjJ1GhOlGv522w5g
nn9V9ebpaWgyiqgY67PoQ,VIDEO,2TeDVjWlOZ-LjT5XhC3Sz
nmOtGv-ulGfMnfn0_S13Y,VIDEO,PX1aM5iSN6vi5Cuo5kBRK
Ug1Sy2vGq2N7_NOSeLlSO,VIDEO,UKvSNAs-K9eXnzryu9TPK
BPS07NV0E6novpxWFRvVj,VIDEO,X-trvOrgvekyP-FAmdak0
H9L_4xiEMTxS_kFV1reED,VIDEO,1QBemFcgMNyXs_2BVn5Dc
VShQ84o-9Wi-1fn9IX1uI,VIDEO,mz9GQKMfc3pXxa32GaBo8
P_lAZHQV0SgN9DYpf39jI,VIDEO,7j3dkHXasc4VK9CQAnzMx
6gibAdel0RXD6x6ju5eT3,VIDEO,CNAN6Sk9Y4JqezlpqFyd2
5UfbbGwQf9q4Sb2L0xDB0,VIDEO,s19-4ciF8XpYyFM_VDW8h
MULkibTarKEqYpGfQiPvm,VIDEO,tXXEXOvpt1QTH_10-bfBr
CZCUZ2xS3moe8M7SpO61m,VIDEO,I5lOHInkImt6F1ChS75so
OqbUCOcfEcCf70ty5k2I0,VIDEO,8e_lLx0BdAzcphXU-6n9w
FdQbxsrXBZ_yws6PcBhqW,VIDEO,ta4hh-2YUQ3LipTmNoEMG
dPie7M48TWbpVT8ZL-Lqp,VIDEO,g6PXJ1USdFAnhjxyLisOd
oCZZTxyECCU2wlS3Eri69,VIDEO,9nIGUxJHTrymyHnQCdF3T
9XIhpft0scbbahemNA5b1,VIDEO,lYmL52_JPSy0vE_wbzYk1
d_0RHuZUA-Xaqe1_OLR-O,VIDEO,8uk6SZU1Jvn-T43dJ0OPc
AX1CzKbjZ5oLGFZv9_LK0,VIDEO,1ipjFTK9uqJVF4MYt0MrH
eGWVbdZEBb_K-Y8hqJuiz,VIDEO,y__3IRuhyd0oeXvEVBIe9
FE-uj5eB1ocX9jZzsqj_2,VIDEO,CdlAg0EJagBngEQ7uNbaH
xFcg3QA3gjTVAcKiWx74b,VIDEO,DnswQEUbKfyN-_e4seCkL
ZcdZxa0Ln3FGE2Zme4fmm,VIDEO,sM6l_1XCUUW81SNWu2R9z
7ORnXMRR18_3NaEvEdhxc,VIDEO,m3sxyUy9ULiNI0ln1kjLl
RZp5MDjhQDK_JhDNql8mp,VIDEO,kWX0p5Z577MfWhK7UZe3f
WyoiwMVCEnZNp02XVM0pu,VIDEO,CT1iC7FdW74d8f4r0NqCo
IRF17aGmJzmXZ2YNQoWW2,VIDEO,YUEfnIkVTuZ4JWf0MZoDz
NbH7C0zrMHTacUo2Gv3Cx,VIDEO,8G3jKTBy0uzBqidZyqUtw
PAuxoaQb63guwJiHlvA7J,VIDEO,YHajHHhiAJus1xCmG_cC0
TjF42jjYOUI27aHWV0t7D,VIDEO,aeDxA1SDei57yMbJv5JwV
QFj7d7Wm_9BJKKombfywZ,VIDEO,SVye1WIT0hREtt8C08UL0
BDaQdYaYIfWWzv3AdPnXU,VIDEO,94a682Hthy6IaA6rbXDwJ
sExh8Sx8A654aK0X5u6u3,VIDEO,uUGfMnv3QqolSbNprMIQ0
HbDIcYfZsURFBCcPfWwBs,VIDEO,uwbC1xqoUeM8rIlwwvY6Z
yU3FivGCP_Y1QbCobqY8C,VIDEO,dG0zdrBjjdCYxUvNTMuNW
Cgov1vTVAS0dSGuSS1PyV,VIDEO,HlAztY58nAM9quBxW-TI5
E45W8q2HdRqV_O5UaF0xJ,VIDEO,n2hpCufYcWx8seKFQIkR9
MSPXNTUT5DXi45miQSwq6,VIDEO,IVqsbmf18VYaHkdNiDoRv
BrP6OZB1R59ZWJDnXuHRE,VIDEO,lxeb6dsZbd1JnTS4CkylB
-1mk0tKOVAErGzsuBxTaR,VIDEO,9HCaggUkNUOhgtLSBOH-7
BaDJ-am6yi87S0Gc8UhXG,VIDEO,_HLMbpAwHvkle5rN2urWd
PdVuBNxJZP-IRF3epKVcp,VIDEO,tYGUnMpOJU7bxbyIs4adt
cR7CCuu3RIWc4R_6sPpLU,VIDEO,KE25SYysIoqxgr9rYRyW2
48h3vMt6LVrQ03UOVZEou,VIDEO,lK54vUHMDg4YUNsvhD-Jp
HQ0-JsunjurV1q-UntLn8,VIDEO,jav7-zDuTuhiKZTMk5KL1
Vw4wF8XTvzrznxEmTg-Mp,VIDEO,BuaBzEOKb79IybuTuIlEO
tCgRYWJ6_ckJye4Yp2m7L,VIDEO,1nln88SMxBo5CVXFdGYAR
JFzk6PwXAJBYNYhgbNrjP,VIDEO,-EvlF_h5fQX8yDXQDDqLX
3jydWhB92isBgBFcW82Tw,VIDEO,VTOCb4jvJOkXwdRofZ1Rv
Go0_QWyli2mPLqoRNNSn2,VIDEO,mdnGPQ-DY4BZnLqY8HzNh
rjS5vIYl4I8hPX3U-y8E9,VIDEO,SPfKn-iSmhFoC9PQVgZWF
tU135eS0jDlYQ5QNl7sTu,VIDEO,w3LTDrX6ULlgm7MRjoDdi
nfwisShxxOlIBLRY-CFrN,VIDEO,qfArvxs-_gpArHPXjxRla
Mnv0NJDWo29eAIKKt9BDM,VIDEO,QSLoWbfuTUuuVml7ZASIJ
scR8NrOijEH0piQFCEwwD,VIDEO,FPqEQBvjVgPZhTybXVvAo
M1mSxzh8IL221Wv0f6fC7,VIDEO,b2Dbk_KMu1AhiIz15nzsC
45wL0gUBiQw0k0rA5fQue,VIDEO,t8I1LFSbzQEakeiw02QfZ
Mug3ezNcPAoqjYRy35keK,VIDEO,KN-jSAaDjHHJxvK3u0PIV
UsfuroqNnM8VNhPXhtLBN,VIDEO,oSbb4VX7oGHNAvB4M0MQR
AyleKVT2Hd_DVp3M7NjIC,VIDEO,KnC6G_o9yM9YoE28T6vz0
a9Iv6YaRJkSj2MPaXvVZO,VIDEO,z4hBJaWkmg5mXkeEjQLK5
d47dYsCCkvJytCpMeaCBU,VIDEO,lWi6DgFiThQQ3XdzpALON
RKqPFWAE5iKKF9Nrsy73_,VIDEO,J4X5o6fEcv-j3JtUWThXE
m5zhickcRmxkOI8VRlg9t,VIDEO,9J7AjMaXOmHz2zoXkjX_J
W_ezks3_akvNPtmuHUACE,VIDEO,_ftbTv2EdntQFENTwr4bV
0sojPo_xzZKdlj5JZcEyu,VIDEO,FtwIHHwGbPz7WhOptb5fW
6RRFCNJxB67vVWtsN3fkM,VIDEO,RJPCj3KRsjJA01pmQ58SP
tIMuw2JcwMAkwkD6ZRV47,VIDEO,2HNWvkIUZRw0vzjoknyJA
3hllL0kW58gBrLYwrPCA9,VIDEO,0taKzM9TLqDJyPV_6DXMf
CcNmyi7gKPBffAIM3nWlZ,VIDEO,RrvAuCh-doccBjaSqWaIz
g7QF6BPYk04bzLZbR1xBO,VIDEO,8yLAvBsc8lkdBzZDwVZHd
eYiofHeN2GRSVsiM8z4cr,VIDEO,Df-0gd2yVM1wZaKHe6r2q
Czoi9xF1JJfIUhL5DrF3p,VIDEO,LRchmSYukhAdWM3LK4-cu
0O9elS2wwPOOb4FgEe1od,VIDEO,HOxBsGFm_91BtjEjFc25A
3BVRo89PIPg351y2bnCJP,VIDEO,_SvwDY1c098mnRIXZgiT4
cyOEGOaUW3Kn6m4yBkrXU,VIDEO,Htfjuc4TFxVbkvsB679ax
QyIWTIm7wSzvoLGjUDOl8,VIDEO,5h5RCmvW2pJ0ynPu7v7sK
-NAPQ0n--til-Wxebievn,VIDEO,p_aAQDZjs8TtgIEuygAHW
vw_GKEoNn260fsgW6OSSO,VIDEO,S1DAC4mWkR1WLGoLK56Pz
ZnlBXV-kuDjBqN4Faqqa3,VIDEO,XnO8mvr4U6IEbmqc7JIj3
dyrO3hP_17UfJ8Rd23odT,VIDEO,RfQxjHeNOjuyxvkAHWa22
lqgYDubNfbrDmUlqiCwEI,VIDEO,LtIL3ULYRUJRCb9TdyeUN
_rSDl2OFFrR07_XZZh02I,VIDEO,B7gnfDyly1avk_qoiggsi
tgUQqMNSoM-9PWSBgDXl3,VIDEO,7C7WyTiPxhSYVrNFBW40u
qqXJReob4KgSAF_6UF91d,VIDEO,JefQUs2y9puw9APUHBIlR
2iK-plcIVWV5gdKnkAo6a,VIDEO,jNy7QiUZqwOhS7WeDZ75m
Ya8lb4hdh368sxSalvQLf,VIDEO,gGUiWzmorWRZ7AslbzNih
7JeVmn2BXGJpwN2l9cUmD,VIDEO,Wnl0M8PpXf6rF468NwBXJ
WbBHihRfA-P6-GGklbP73,VIDEO,lBvvQ3iBuTosIUFIlxtp8
DeTyAr-BlcbE7UtrNnfuZ,VIDEO,_gysE1kXOGdtFsJVXVel0
JsoO8EaMKzZecCPKtKfEG,VIDEO,10X9T3OZFJOCn3VY5kWNG
3mCRtNHj7hEUyZ3FVkpoJ,VIDEO,Wsf9ultW5mUN0hrdC0_XT
78ZYsuevf0bcaxYwdCCz4,VIDEO,88hJvpGWC50Vh16EPa6ix
ZOsvlE2lDH2HancgcZG5k,VIDEO,KeAxtzsAbNqv8Y80-WouL
cyTdn2XMieR1ZJp3oQPqV,VIDEO,tsGP7vIN4lHv_5SpgtWiW
Lq2IUKk8TWAwV3CClALld,VIDEO,KIsvr-jI-6nBv_SGsb82G
OdjLGgVUoVyML438vXE5D,VIDEO,yov4z-F9FO2Ns8KELOGsn
0WhxczPVB7pz2jL2uVR81,VIDEO,fUnL8URr4keoKjiVKHHeT
rLMjfF2kF23iGyAMTdyCk,VIDEO,6ek901scJCvHWIFJ8xnUo
qJb0X60HNJe2G7p9AaljI,VIDEO,PmY18rhDX0b6PFh26Mau8
0Zf_kqldTjCSsDNS242_H,VIDEO,YM-U2CgEp3p_BXfMhmH9V
EHjt0tBZiy6GTrqDBlQHF,VIDEO,wDK6FlwxfmoY0OOYx8raj
S0_WZc1p_K_rVpkrUf1Bi,VIDEO,BqlbGybd_ZLw93pV3ZDZB
UZ2_8DtBxtYJnpOd0UF3-,VIDEO,vrkgdgQlKDyAYWDKPLbd3
4FA8EAok1Ynv8rVXwqQgk,VIDEO,7jityGKMC-GRiykvejTct
PoqAghlHzNz654Jve0lMX,VIDEO,KXYAaYe2r7v39YmVjlQsp
FD0rH3ckQpzYAHN-99COs,VIDEO,UooWJglqCCZkYvU3DGgpS
X0lJM-VlKE8my6CldOXp-,VIDEO,5F0SXJSNT0E34hvzMo5gC
TD8nWQeloBFA_xr71UppY,VIDEO,gzNRnlGvZDE8wjjPZg7hn
ggHcQ_CmBirbfMQpgMGr6,VIDEO,tF2KGDLj8k8NXrDvGfp5P
xXPnj0m4DJtCKEjPoIcm3,VIDEO,L7QHTgr6tfjv4SOzi6R_Q
Jnn_rWCZMo4gYO8b-VraV,VIDEO,DN0Hh-bPHPZJOsKGznw-7
WNtuzIuTBct9TRHe_5X77,VIDEO,Nr2n6YH7LjNEAhq2bKSex
RAJP-rS_IBSJNwBHIybS9,VIDEO,wJLAhc6bI1a-c7OK1deWC
zQTSc-PheeJhQAjjsOLaa,VIDEO,xmyF3-Tqp5uf5fuyY2nxD
ulXNIzY85Efe16JYavT6I,VIDEO,qisReCOM5M3rf6RxbWhWm
FylAAenstZo1t7SJpDMZU,VIDEO,6LfPpsXZl1G3WrRGZrA8q
_R6ujKNFn_0mPqVY4CzGG,VIDEO,sZOI0S0EX11Kpor7AErxd
PIwjG8ZUM1jqj9x_9v6kN,VIDEO,J2VlMMFOMxO_7V1hAlFlG
NVEkPtyvgljTk91u83uJw,VIDEO,NCVUUaXc7sTh3apfUq6S8
GSbzAgulp_H43Tf7E82qB,VIDEO,GnhyzJNUZGmT7L2XIaUkr
0U7ZhgHXQOnu17GdBTMx7,VIDEO,acT3eCFnbAMOVhnT78G_k
CcEExkY8Bhu3W4kjsL9nW,VIDEO,igJE4xFooJw-RaBjH2_wD
CRwAp0ue18dDWAg0Y6V98,VIDEO,CTGL60F8PFrw26DDClyYW
jCg2kujo_pv09znNGcgTY,VIDEO,Ke8uSX8PfI8lq_OxmrAEG
qC3Ie_LEIkZLNPhekYnq-,VIDEO,4DGAFj734fcmynjYvZNAT
i-djRnn150ycULjQnnat8,VIDEO,PpJ39yMqQjPlNzNSi-QLF
Qd4YtyxSzGltEDOiNxnqK,VIDEO,RCHtLPqohihTxK8PkWri9
Ejj_bOoUOTjOlNhSah8rM,VIDEO,Vy98zVrpqnBuRxCms6vFR
NWp8Am_sNFrTt9tp1w__Z,VIDEO,LUSAkmPsrt52dfMI1PmSR
NY8zKAE2-3k6BRB1C9TXN,VIDEO,69I_PD3Wcbkt_qRoqRzRS
pVwSY-VxsMRmI0Oce8g84,VIDEO,QPT5Npq6Vv4bc6MbsJhdu
h3GIGmV305IBDVJTHvXwy,VIDEO,ZsKjiv4CFx3xiuUuB54s4
vQQW_up5dDBVTIQ-9Klgp,VIDEO,T3BxiqMd0OM881SdVVUIW
Zr7nPclEwW5f05Ez8NKQe,VIDEO,QquoUPM7QJN-AIMwaDT8l
7MYpqsZboz0gsLSyo9eoo,VIDEO,IcfkVtIdVrLYml3HKYajg
e0h17HeT6RAFW081dIlvM,VIDEO,SYmKQu60fnDR0RKZC7ee5
AMkDlKFe90uDMnJsg4XgJ,VIDEO,en32i5xSXduIy9gP4XRmq
YrsdcSQQ7uJGc8Vt1vr6i,VIDEO,qQrnuqk_tB8KwppTYcg06
um3qq3L095iqcIZ-L-BQ9,VIDEO,XBQ5NcA1PY8vYcimziu8E
BTxANOj5t-7s1RojVtzHV,VIDEO,ptrdcOOIBbQHVUfx2Bggq
ffdZ5ZLnaJJ824yKdjNbc,VIDEO,A8aaBaGjmHXPdYsMuVXKA
2JmtLsqVvH__oBPira5ij,VIDEO,c1-nhs2fpCRa0SY9Awxyq
bGQ2qx08-moc3KNKYf1Ir,VIDEO,XXkPuyaBjdI3Npt9wOOD5
cuRNijy3wXZdvCfKDoEhI,VIDEO,7F_5OH3S2V6HuiZC9bn4s
fzslOd7WlQBZAkvieIIvf,VIDEO,vJybuc5SqS79VWFTLmluQ
bvPIZvtzksWC6zbljyTNJ,VIDEO,VbHMmoxBWH1rLZxE1GhYt
AkISOnw-PDnySGJSooezb,VIDEO,cVPVCYJNjAIrzed6ptR9P
H4LOALHrDxI32fGQZ4EaL,VIDEO,cijhTsm6_obTAJf-J4rQJ
xCMMBk-en3WHn5Of-j1Rm,VIDEO,yIz0-xEr_PROnOw-91-6E
UCPHQUpS6Cj9sJl7MflyX,VIDEO,pLMDYxdqgDFvgHyWcR8YZ
EbFtHvhtgLBC6fEE9UATf,VIDEO,nHdwV9wYirlFMNmXnaoOv
OrZwNCwd7Q2wsuEUD1m29,VIDEO,5slYhqsZmsb3MIyG7lufO
8N4MmRiTlb2fZJhYcrFFz,VIDEO,c7m1M3AK4fiXOjiO7Gjrk
5YDZZqQGOpgZ0itjInHdM,VIDEO,ZukWZI0qTtWFkfD_JaZHu
_rA82B5rSSrabTfsIGx64,VIDEO,2hOP0iTjLOFv_kNWUCOsL
aDjVOkUzFxHC1jzhhnxeE,VIDEO,80ti0D7Ym8daXWRO3Qv3p
gt8VQ3u12SHlb8UhWA7q-,VIDEO,FLkZCajfPicYB-QQV2nXE
ATR0AreMwMxJcXbGGRQ9A,VIDEO,a3myYpYf0FUx8VS-eneUQ
3Y2aFob3YiFNLSpmEVPM3,VIDEO,9zThJz-HdgVegwh6JXJih
gGSC8CO_5uIeM03_H2J8S,VIDEO,7jufdjs3LubTj1B0KpFsl
WL98QpKCMrIWOK5_hNy4_,VIDEO,pfG0V7rGuhf1L2tf5YVBT
lbpX_yhULJWta6EhyNrAB,VIDEO,630RBWTFBYoFr7CETklpQ
GpeYG8hfAfIHb_Wd8Ial5,VIDEO,H6lndbUNE6nSIP_NrMG88
CzMjIxGehk1M_HtH9lTzA,VIDEO,BwMp3fZYdc-pKPOuS8eed
IzC8KlVGfJgj5CbN8QnVN,VIDEO,ronE8GXwiBiR-W2gIH2bH
PjCVxGIATGnoiVSc1Ijno,VIDEO,9uQCPU5Ad7czbCMbmiw9T
xUFCrcqjdV5nwqHNr7nzG,VIDEO,BGs5LDTJfqHysGdj3eWxW
XGJH3lN1qcTha4qOnJiZm,VIDEO,rXoRBNZ1DOYoF1-1CosQ1
QmD-VaGlhljiLgeo9QbzZ,VIDEO,IePZCZcSaS68aMReNeiCb
q1KefbW0ZKvpGkNgAagzd,VIDEO,QxOJdIg1-O9vL7J40dhrp
GIfcJ8sNzhbSEyctZMopx,VIDEO,5I2WFIrzTpCzVXPkuTygM
48RfWcxcIQAESayoScAyz,VIDEO,OAeNcBgbRp-8FSaNVF65U
TgHBE9q9d42NBzy0lwJ95,VIDEO,8cvQ5KPwj7P6r6kGNLqAB
AO_s57D8pXhq10CFnnYO0,VIDEO,lLc-QbMNdgAc29aE4MmCq
6IYeCBdaiOExdqL4QzvbB,VIDEO,ZUAX4HIrXoVz_vmqWOIkQ
Lq-S1itV41N87H1v-C_5u,VIDEO,haJSil6SMaOFXdRj8tY70
ywgIg-P-LKgj-ZmoyDs8J,VIDEO,1nxzdmO9sv3LZvGihv56x
9n24sdj_xVtTiRm7hYUez,VIDEO,dZwxQ7OjRYCiy3cALk2KT
76zTVw52ESuSVZF1T_mbg,VIDEO,3B7arjVyG81EQkGV-z6aQ
g9QDi41F2wLpcD3aJZKj4,VIDEO,KsbuvKFqXvArVaCH5f3U1
914BDWncRTo7c25TS-quL,VIDEO,YAjt2atekAhwQmZk7vj61
07oAOgyA8TxmUE8EdF6b_,VIDEO,6CEYHHUOe_SLhwBWHG1pA
0SH2dKmCJQ9Xri6qv3l4N,VIDEO,iVZVZM5jwawxp-6ndoHJk
ZWTuubYH4pXXkYjWwKL1v,VIDEO,kJjFRxzSCaAljQpaugmM8
unoFllHuXcxjcrH8141Gk,VIDEO,HQKe_HeNn91XCPOWagcV4
_e7cyhn2CgJl_BQ6dYlvf,VIDEO,N4XNsAwb6GVHBjho-eVJP
gFV-Y-V3haa3BEMrUVHdx,VIDEO,rHZdvmBMfzBJ3_ctc9Yzk
tzY5wa0nYDfOJfrkIhpXr,VIDEO,DNrYJqCz71-j8qINeRlS-
R2ky9vVhm-hbRmWPuyoHJ,VIDEO,Cz-jctfPQHiBUDhvUTTlP
nwknKQVU2E266VcWn6u2-,VIDEO,FhfuPcFcp6F8nvDU_u6tx
oyjA3MfKlKoVwmN4RrDji,VIDEO,HcjNJEhXtij-XSNyidp9v
l64n2UgOAmT-qR5DMpiej,VIDEO,FKtiJwVtCon50Ov28RjWJ
VqrPdgQbGtwVlCjOKAIhz,VIDEO,lHocmbiTk8EVpd2Q-k0Ui
muGOjZsoGE0DupsqNMfer,VIDEO,UUvWfN__AgXP5t0wBiZRQ
6nSFoemNQSOFOdFndBkoZ,VIDEO,UEJ15uu2_P-g5diGE-gvM
D_COkXepQH_6rvreU6h8K,VIDEO,F8Byh5oLX6QUXmcJdi-6O
zzLv6wZaTrbTYe0F1OhnA,VIDEO,YJqEMP85nfNQGvdARoGNI
Pb-X27U8DHe_Ne1TmUvYd,VIDEO,mR1QlZyMLMwVGHI1WBnnI
UifH0CmoJGAwJfYwpDpOo,VIDEO,ozonrxiDTRdpaRJFfL-SJ
UOSr0YgIEOJf_QFgervPa,VIDEO,G_7WJD3cOPXPjqA377-sa
0rHa-zMjtrXW4QRHMcUsB,VIDEO,s0OSk9rBGkM7TJWucwLcJ
eT9u8iq5N-owhk9bOoow4,VIDEO,ZYMPGgQm8NlZiX3bqVZOx
iZLJtnXtRjItwR6Jt1zRv,VIDEO,SI3ey-CvGHSl_8n6KlJAj
tvkyMWjltUfDAa_k9gAnz,VIDEO,pOtTuUfke0ONFB0uA5yI7
VVJXmQ-VWbtGBrJh4vNKg,VIDEO,6uUb9BBebjubOpAqaIetv
WJAe5u_dqqpbquQ1qzXEu,VIDEO,P3ppWFj-q66Jx92xB745g
ZeXoCtm1zvq-6zoFnUsNO,VIDEO,4ZlghuWyvWkH7-lEhrWmi
uZGEasoBO9L5MrnMZkuy7,VIDEO,8zz3uTg3SacPbXrtNFHcR
quiTuMth8kO4Q7rfRU6oR,VIDEO,jAO6dGiWcmdSJXFrGQb7N
RDA9ozpbwayF22bvyLWzb,VIDEO,DJve_mN2r2rU5RVKXMZXa
o57TKoTMkyKX258yDVUHb,VIDEO,-WV9_HmpTiGRwcmTLFtJx
4H0VWx8BPrpx0EeT7fyYT,VIDEO,hWbznnbFG3DiwCIp6WAwM
VeXqqAyoCZ0BVfVMsSQP0,VIDEO,9LbzivGam7qP-LHCgSd8r
hfoMDSp6647Jrm4bBcCA8,VIDEO,kZqsQmkgnFmicyNqgZEJy
Jv1JKxAGSJuA-v8a46NYt,VIDEO,yYfFKGObsoX6dSfS4cm4j
ulREuF998OSL2CenwPUcA,VIDEO,MMiydrVwD7JDADI9ejPeP
4R-yV3JeOZL40hPnlvCHg,VIDEO,jEvAhpUnCfpNKXsUsJ099
ogPZmdOMb6oI4_cRgcXaf,VIDEO,OdsOdOP6nEclOkzqhR7D_
So3lnJXtaBDS2uU4QF20R,VIDEO,qFksrpbUqOkn1y0iowpQ-
knvEZrKfuDTOOSXQzTnfZ,VIDEO,6BKEKZBTolwt7p_gmGDXh
hrjFg-f5eXiBxdz23LIEt,VIDEO,5or_VZ0jV1IjQKycIB8KS
hzzFYCVylN5wsorrHtoVZ,VIDEO,YEKZU6fUlSDDeLx_Lf7a0
avo_cGt7kVN_xsi-HUXuP,VIDEO,GGXgClAF-iGa2psNX4xG4
o5oM8meEAaIqBZnBFdqyM,VIDEO,6GWC7v-zWnoozhTp2cgcy
vJg0jwva_SsztDqFpjIRa,VIDEO,mFi1gwAg7XmgTMhdd8JKz
z0KYzuObQ2TSeyAGO-fwZ,VIDEO,Nuj3G0lfXe68SlcXzNf1v
J_uYRh-MVSlJTb7iXCK-D,VIDEO,Fq77P7Hb-_8bfjKzLhUEj
zAoZxH_imDflqS33W9XdI,VIDEO,UqH2iqk6tMIqt1unAOQRb
gI_FDt2k96MaNp_7jv7zT,VIDEO,AbCU8LQ2ePppQxQYOrpxc
tEpFuLVN275Co1NKkLUYd,VIDEO,MmNc0sv1-NUirft4vpgcb
AxKCpJ2UL6ukvNA55GHjm,VIDEO,0IUfRzZqq1beY_zWQkAWH
DyhhO5G-Aj2IFHI8yjA1M,VIDEO,GjfKhyr_Yvm6Vap9Kw5Oy
pdPOrKRe3-M97NZeyEgRk,VIDEO,JuBLX9JI0m12AwzLyOFld
3361yf0Na4H9SxVs6ShC2,VIDEO,o6TMOxAHI73xa8IKxTrF9
rGUlOGjnwjMM-VEEyWojo,VIDEO,EYqw3slAwyTqhoGbIKVMn
H5B7NwUyQ-z5q4DTLn7yy,VIDEO,VIgh8gakcPS3AhnHdi2i_
kMbhZQ7cAkkmhV1Wbps-3,VIDEO,LDgOIl6M5O4un95L_Ea0k
ps1vmKZGqI_ZQnyt1dwc3,VIDEO,TvMuMMlHleEo8jyFjJL5O
uMCpEZcGjm9QKKDC_mtah,VIDEO,7eljedCVJqZN1VgnvPPqy
R1LiGf7C9Z3By61lIpMpO,VIDEO,erzNbDXjBLhZaMYujKFVR
g7Z-x2YGE61FNXaF8xYj_,VIDEO,Tl7WW_BQeroRkZnSWgPtw
V8sosCAedeN6EjiTLMqEp,VIDEO,tl_UOXXvZNnnyB0g6VEGl
gBpTdZh8zm_V3ycPJGFdX,VIDEO,uIbyYER9W8BaGEtEVsvU4
THQQmAc6Lavg4xKUS0Zhm,VIDEO,8vJTWc1GfhUjaz9etpFlt
-2OvVeJgbijc1A2CIcSlU,VIDEO,ooe41bUuMjcYDA3GldqSS
wpxQkdvkEeA92-DpMGnZF,VIDEO,hMhlxLwJGuthJdJK1D8k-
9zdJRU5p5XNm6McxME9n4,VIDEO,PKTSal2E6MF2XnNc9SIFq
LCtFtLubuQ8-Nk4B8kX5p,VIDEO,QglGhyFcQcASt40gkhwsG
Do_w8fESn7zndLChVOPTb,VIDEO,4q61JvGhD3iBzPP8vlOda
23ePhGpe4Zpnvyc6gCmLH,VIDEO,jEj_-KWNf4RZEzhISANMh
uxDQbaQ0NXEezm_uQR--9,VIDEO,Kp8k13BR0kdN7oz18_78y
eTndm6y20Myy6SV2AeCqB,VIDEO,tvrbbVdIPSuOzD0mBpcQu
cnSRuWnT_K32omddPuW36,VIDEO,NOEOM4z-9CgkCXeYogyXz
FHr0gP2SNpSG7OTfBC8sS,VIDEO,cCKxLsfX3vr4FODpoxuhS
IaG_QN4Et1k-CVYowgXb3,VIDEO,f4fZhNwuGrIejknG2qHV-
ovDV7hRK6Zz3cJVVRloaa,VIDEO,kV9pRQ20X0R3F4SneROEI
oxoI85WYP1HI0C0N7nnUB,VIDEO,YR6TAhPLIC7xk9_Xn4Lw1
osGYCRWSq3-VRpO10jzYK,VIDEO,xuy7U573a22rXAuGKigyh
oNz8wtMwe5SIaELa4R9KQ,VIDEO,ogHT1sVmjkVKRQASlP4KY
G1vGhAglfgRXqZXeXRVwm,VIDEO,nOCSXRoj6THCiOEa0eo9G
L25-4sTbfU2sZqTEr_2_l,VIDEO,sOZgiSvIfHf8eMGGg5d-0
9WisSU0q5EB6T4DmR3RTO,VIDEO,1m-VVyKYQNkxpQHq-8BpX
u4tzVdqYLaexAH_iXJnt6,VIDEO,ABTzT4GVtZOSaNYLQIXSk
ijQIw0YtrnG8NyzcNc7ns,VIDEO,US863EKVkS02gE8TCKi3d
i6rdFzvDF9dkGOkRu3qaC,VIDEO,ZdFjEkDifWuyq7HyeUiSB
aGxUUGZBCwo_8mtidg2r7,VIDEO,sznyd3Bzqp-8pCY6E1dHb
qhElIyledP0UNNkJbWivK,VIDEO,xVGSyRou9rFdV4MHecE7g
QMWVZcNh_RBvWV1g5uwrT,VIDEO,w8LPqYmDirWZaMzqsL_tp
slMInlRgCULhb1ce_8iv0,VIDEO,Q3LGT6uuRDx-wD4pcTRNW
0RknVgabeSOrgtzRN7hHv,VIDEO,hHBK9jQ2UBN8IP1YBXgtJ
0eA7UvDjyAQcFafP271-9,VIDEO,az5IxUyW3iTMtqIcLX7-p
rmlmXerAm2_7oA138q2ax,VIDEO,eEcvRVD242sT4E_ccFxea
_Jv60kK3Pk0eYKYACmSh6,VIDEO,V9euxQ4Rs0lKpmb63xGEG
dX5zykLmMW1WbrB6Kfqwo,VIDEO,AG3mQ_UaRW4Bf6W8H4wzZ
KyWeg5deKNMEQ2-e-lwRr,VIDEO,RSfe90MRmnX9FyfdG2s_p
0PR0KsW2YD0dxzVk9KoLa,VIDEO,7Fzf5z6wnX_XKj1xx3K2B
siGpuywLsqZUicPB2bG-c,VIDEO,mkmn1hD3_tG8fZb5WTnbe
wfxMxT8s-AbE256VTfgB9,VIDEO,c7SmzZgxyI7xjIij5PG-6
fOUpEbu3cZI0RofRolcHZ,VIDEO,bOt180SxhIZl47BpDgjlH
YxMJa0F1M_qm9vXghdqMe,VIDEO,BTsKImJDJ_fueSgMe-Mb1
z7QBEiORwXf1MV2AAIJ4C,VIDEO,wdKQzNyS5-DxBRj2mEpbZ
TtrguaZqhWne3VMbF08zL,VIDEO,WiWM8e-UTzlLy2MvU-OUU
UCSTBtx8ZxjAtmwWBQczV,VIDEO,eJLoxcKiSckHGwT_hfXHk
D3ERf4WsmEpAfoeQ85L_Z,VIDEO,akQHWit8whWg4UQXJ3eJf
STvBjvI_YZ6tV1xo2CjYu,VIDEO,3LwsiezAeNUF2v_NjMelt
h2SRUY6W_hENAsT1sB3zc,VIDEO,s8vG1mD_XCmPVC6vthvPk
XtitHw4KAwR7dYRO9EjkI,VIDEO,iI2IdNmqliHrPsYcgj5vm
lhEG5nv_8RzKsWQpQoMcT,VIDEO,HrvkQWGIGe2c5p5B9-hOg
pcpG7-WWkxnYbaXIP5UK_,VIDEO,MOK2vduZ-fvPBKa8mq3Jd
hh41wkKjqFrckmP_AzYhT,VIDEO,mVv5VgobJmyrzdXem0nrB
ISp88rMzO2PGisCzo4yeG,VIDEO,QZVRqPd2fQc_BnImr9i9C
QzprcdVFaxCnepY2IaBJA,VIDEO,tozvPj6PwMVQCF7vptXba
LoFomnOLXnZGVNA2lUNVm,VIDEO,AL1ONiq9HcWbgA2gTeWP1
OggdYq579uVStl0P2p5Kn,VIDEO,vbH3zpYcVeduQb9zXk559
IA6413MdA67AEvvkoA-Er,VIDEO,ZqkYo1Ik2Bdd-aWrdlJ6T
JvvwuCGFF176TZ4sCwCdb,VIDEO,j3t-Dby_Bw008LKJzVfnp
UYAXkSZi1Tm9hEumVtInV,VIDEO,pZCqSa_LKtYf6LIkJaJML
1gPPgSJhruj6b_FoO-RLe,VIDEO,hxdiEE55Alvq3rJDLUNHm
deYRVw9qU_KEwyLdqn0MB,VIDEO,gRQj5TjMsH1crwPrVoRSe
sU2fl7S8ZleM-UuLAE4B2,VIDEO,XeqhVwEmURLiMjlJ0Yyw8
Sp8KC-VfeFBkDU0svpDaR,VIDEO,e-oGirnvQSBFMs4--ejKx
hbGCJSQORDnQKgfFEo3WF,VIDEO,wQjmitrXgPhP4iWeYQ82b
64v7hzFRh-0zXZGZlq6Fa,VIDEO,VRgWM8WfengAb7Lw6pT5c
nBbyrdIDadMcT4YOqqoTO,VIDEO,Qa448wmGYbBJkuLW-RcUj
WLWpNpsLzXgXaRLk8xRcv,VIDEO,3TM0TPNq1TOT3lRgtUeeR
_1LHECcdzpuAOu7OeokZZ,VIDEO,IzmVr4cWv8v3Fbh5GIyYG
aS9zNam2f0wnCfkc1wDrC,VIDEO,6JFyq9KZcT_gkRlGCksH-
KrO0_dnokOXJrhUE4kQ4U,VIDEO,hX317e91lo4E8p27a2crh
5rfXFXiuJqD5KoaKEf5oY,VIDEO,SU-t64DCkJBzWWMH-h-vF
iXud8JzfD4nG0CsJehuJu,VIDEO,G2ZOwkMk_eGgtB0MFLBJX
M-QZ2x1zMbmqetJB3nnki,VIDEO,csLt_g_ircIJzxtIYnPYn
K_iWzIoQCnytVgvdkZkpZ,VIDEO,_8ATEDmdSJJQPN5SfoAKC
BSqGXIb8Xqi5y3twIdlEH,VIDEO,h_4J2rMqI6vWYezcFEpQ3
d216eAL5hHOfwvpgzTspk,VIDEO,EaBtqlmVLm0aF0GPacRml
XaaedHlOwEgcfDYT97dPW,VIDEO,-sHvElY0lPeCtp5Hrvg6c
Kus0pj3r-TTWiG1_ivA9k,VIDEO,LhPxmsU_hZ6Z8QZZsFSxU
DTXhrOSIFUmqhTiuupSWp,VIDEO,bzTD-Fmf6ffaP9h3PV2pq
1xhoHb7peVAQTOss5Ip3O,VIDEO,NxLTeKNvktFTuPkaqH3YO
ZhY4ht6mrCtB_2LcpSzJG,VIDEO,BraxlWjVapvX43yn_3lml
LC4lMvetR3_ERWLOQpMEk,VIDEO,HqMMM6qKmd9WvEaXsOvST
e8pK9g9sEm0zQuuBm-292,VIDEO,phx2Cb8FgZeR6r-KG_92j
nuBrpisbM-W-K09EmyloG,VIDEO,xnvSrZOf-FyTxr1QI_zbR
vaoVTa9GbonPxV3eYPTs2,VIDEO,Zt86Q3kY6TuBtIX7tjXoz
hruuz50M7iec9SopTYYLS,VIDEO,Qbdf5RK-cHSYEwIVyQUKE
mnsGd-HOhNzJGVZJmSOpc,VIDEO,zLa-qoO1f0UODH2sQqYY5
lkZC0erFTNHnh_fXAzT8J,VIDEO,oRdQks9ue6gusgGfuNv79
XOg233DCSoouJpwwgzab1,VIDEO,kq-nyrow0pX9qYxh-IA1G
7lgj-YQJF6wJKqA7I3Gww,VIDEO,jlQ1kosYfJ_WBFx4RFIZU
L4mm40aabvn79XFBIoV_Z,VIDEO,Q0MYwC8JN2LcgtWU-k_hF
AAnyN5IFGOkC_zVHpwazt,VIDEO,jo7jkAj4hrd8PxOlyLoph
TETNggKD8j029AuqzwgCX,VIDEO,_Iy1vvtk9CLuUyzZPMQcL
TV4QI-yjANtlIH0zGig8L,VIDEO,KCVxHVSbmT_zHIm-mgwZC
SWQcB1XiZ01MRgkZ9vYQG,VIDEO,32Il5IH5oVfw_z7_L_3VI
eJCP2_W4ghiij_Lf8qiew,VIDEO,FG2dV9A2yuD3Wv0i7H3AW
mcmjjpxY4jdI9GWkw9nKc,VIDEO,b22QCt93UVpPopWxYtESj
SpOqwkRx-aSeZBKo-B_ue,VIDEO,1MNXe_P6t29J8g16LrNh7
x7UQ_YjbUHXEowZgG7aZD,VIDEO,CMmpS0FiOHwPCIEly4eRu
4O2WAgfn2Q0WiOD53dpAb,VIDEO,B4B--TXIDWfUqdPCPLw3f
IzXeBmJ9haRhN9SKUnqQP,VIDEO,xt0TIl-hAUQdVSOH_tocO
pqTetNj3YOc2gGLx8eAL-,VIDEO,mmU41kbj2AtcSkAo4oFtV
_AmjsFnsnDq---cYKNFcJ,VIDEO,I05s12zlJihnJZiHiqEtZ
D0pkYyDFqV04DwhH5MN-d,VIDEO,LvYe6iOsZUNTZtEw1h96U
GpE7PHMbc59I8jHIcJFpw,VIDEO,nvEbPCagbfD2JTJayiGwR
7D8i7YrOiipmdQJqlK0g8,VIDEO,_w1IG97McydcloNj3nShR
cVcZhuDC42_jaGT3O_fEv,VIDEO,24M53uzRQ6B_qHEvr0R9o
fWlxNoVfFOwqlsdv62dlf,VIDEO,5lXpMebxc5u0yFCDkJY2d
3inmR-zcfb-gRu0Tq1l1N,VIDEO,BV1u6oEXbMJ7yp0felYf-
-WjRqwrdVWdfUkiQx2i5O,VIDEO,ay3xsj5fuRraAYKBeqX9T
C24UqSeEoLP9DleFAV5_g,VIDEO,wXIY1RHrmlC-bmyU9O2g0
qOuz9LdjF9bF_zcgp0Hbm,VIDEO,wymE8siq892X9aRVVaWxN
R_PTjOqnzQs1x7dlZO9pD,VIDEO,epJsh5JP_8we5B6sgGnAz
hA83E-Fs27QiqmqgHydDJ,VIDEO,q-fhm4S5nFq4MCxwRQNrQ
k6uNQlL4cksunB6EDlc2J,VIDEO,p9cWufYj8ZnCwWpEeRazZ
TN3HuFesv2qYl_62l7fgy,VIDEO,PBVBk3E0N8Q44dqbMgPk0
MI6bTbKzpsnIbDXBLyPkl,VIDEO,W4XB0lb1PfadKomn28eKN
9EcNPZYMWviA1IxaCV4Uu,VIDEO,kGgGOOj3sjHvvG1nVtLZo
_ebuG1I7fb74uM3ivCr2l,VIDEO,fH0DLSG81XYd-efjtRwcc
Y9ALljIc8ZatwSVaHa9j3,VIDEO,2NOFhhmJxypVl6z6c0AMl
Nxi6-f0EU9aS9WldvxuUr,VIDEO,D9193aF-cu01AMH8fsrfw
QasmCsG7xVrIg9vb0A421,VIDEO,kzzT_gJIYlcw5KHhhxAZb
0CNkUjYQRtaVay7t5t0Hy,VIDEO,GHRihmCCftbzkPOvoiL-5
Nd9bWnBnNLTfwu9vRL0wm,VIDEO,6CtDZ-4GVgzhoqnpk6xBp
x93L5B1JDfQJ2F2dti81i,VIDEO,4OFO9IVYXoh0-E-BcspeB
kdd_E6CijwDDQb7H3DPfk,VIDEO,B0EyLOasBJzfehtLzNhGP
sgv1YKWhjJwzwhbKDqr_g,VIDEO,qWGalykSlsw4_8Ao3uilD
jc5PPg6AtU10XTYJwWJkz,VIDEO,qsLIIjw1ODJje0ZV-fQCU
_hVeSItkO8hDRD-NqBpg0,VIDEO,E-xt98K1v6o4dUs43XNoK
FxTzbBU24fhnRis69BM0q,VIDEO,Jmg0en1NTTiTrYfzORXsk
26qnhUR3KRImpzidmFmOb,VIDEO,IU72tOA1Cse9JzyFjUzut
K-nUOgg72uH0ErdntHncR,VIDEO,AfviE0cRz0Tcb76dvoQG6
PiiOzenZHidTzsJCpasK6,VIDEO,PHgt-hzbpJtFpmIPfRam9
4jhc0gkSwZsKQZNl39c6t,VIDEO,DQ6GdAAAqjCu-fKVrFPSn
1j4x-FZTkH2uL4Hev3q7Z,VIDEO,Lad4KLlIA-cLUQHXoj10G
Byv3pnuhR2CVt7DPsSe2_,VIDEO,THo-n5ShIlsm8UGaCJeMZ
pD2MiYqrcEXw9NLlxZIQa,VIDEO,g4AnmcdcPYTykCkmoO_AK
ssE6ePvNKuhlLxUax0a6U,VIDEO,HVwGMBi89To83AQ1W4fW5
HpgE8XuYgxJzH2lOESRhe,VIDEO,Djjg8FDe8twvliTt4Wbdm
JKXx1YBEX9RCnjSXHP81j,VIDEO,qKdgp1V1B4arbG4vJTXVZ
D8G2iSWTADSfufGtTXPF_,VIDEO,lJe0s8P8X1KoNjKKh48D-
5GjIqnUuzz9KHtziHpdHl,VIDEO,wlS1TXefwr9MGqLv4r9jF
fFsNsZGcoRezSbSZm8Uu3,VIDEO,ZZY4TAZXAq7yVS9srCIxO
B8L2i38RvUkIeh-ESTSp6,VIDEO,cIIOnUoKH_qd6A_dsnn-U
za0GjtnehhEpfh7F7h3re,VIDEO,MaXTd48YP9Niyx6th4A_H
OATbHk9i2i2khI1fA4Kni,VIDEO,DVhCtI4cXq89Uxgnl5Nxe
KMRj_8aOhXP7BPDSxYUUd,VIDEO,HaUlpM6CGn2DnyuNOTxqm
mKazkvRn8tQx8AKPJ-ihf,VIDEO,ueuw3YRK8clIQdbNTx1fF
pvxIFRWf5yn_qHemyipo4,VIDEO,fql3WInBKkPcvA2LWH0pB
6jU3jHF8j90GuNu2RCCVy,VIDEO,z5Q5MayEmCc9ZQdyyLemG
yjO_hnDimBp_QLisLDThC,VIDEO,ea6LXmt0uyhh-Uyn3gRfO
-VCx_Xxq3qtWwboiKWY9Y,VIDEO,12atPL9Tp0jY7X4EPJBRY
lQU3t-t-MVaHpk2DHRR_Z,VIDEO,FWHnEcbtqYVJvmr4Ke5_O
BE8RIk_-5rsoRedi-LlQG,VIDEO,ZPL7Xn7xlyJ4HO3y-lIrT
lzC14temJgco9z36TUBBC,VIDEO,Gf4tx9eH6Xfzp7jXvS0cN
wWrP3hRDG-myfXILsu52g,VIDEO,VZCm36Gw698vrJxm8dqa3
wAckhCOAQjWw1i3GnDhOV,VIDEO,kNR0WBJXuUMZHyX9RK45t
3jJivL-Zq3sdgphqVJey9,VIDEO,qFEN7duBpN0NTKWtPDPBW
DKgBUcNd5XKpHxrDsb6QO,VIDEO,KzPWVoOb50LE-RgNf87af
LuLCpbWScBYdP2DC2JU80,VIDEO,RDdL5pWJHtynvlf9YkIma
EEc_JTfaixfBbH0OSi5cI,VIDEO,dFNB1cEnvDZOmUqh_RHZz
zCaai0hdtNfHrxH41MJBm,VIDEO,qYX0-UOjYB-1WZbubo_hb
iKgk11nBdOYJgo2ANccCy,VIDEO,Q4Cco6wYzbxbFGzyI4M1a
i46te8V6nUupooq7U76G_,VIDEO,A3Tshpt8Zm_GANxIowmUM
0uN43iXYS10RUadH9_WV1,VIDEO,5irrB81TLQ_5aQx15kon-
f3PQJjHnwzRoLyMGW7I1G,VIDEO,665zDtwU149aGX_lYqflA
QM1AqdkpCEIs_aQ6ZbiLN,VIDEO,eFV54IuS58ZOeHVAuQF_e
2g_juY-IqUbpTeD_CNueP,VIDEO,6-yhvA2DfN2DVP0lqmXk9
tnofNwSwXLNsjKtCYT0Oa,VIDEO,KE7yRlcjvCXLCN-H50Rta
kCKoq5nMoXv_-PeldYaZd,VIDEO,FOj4xzdrT3HXAa0tT7SH2
tmzdD0SOTg8j7Uogb93Bp,VIDEO,IVld0lZrDakUW1iSOrito
YQNwZQyixRJ_UIHTXy7lr,VIDEO,kOo5cpE8O6rDGJXlQ4k0X
VSXwq1e8ZMLgkPLCFZY3o,VIDEO,6OTICbmd34wAmsHtdxEY-
3b6ZiktF5wtip-iVAxZPc,VIDEO,mJ1JIxZxaSHBILFTHvpNu
ePqRed9d3KGzl_ge39smK,VIDEO,rF8QKCoAvCuMaG04ZkEut
0PC3fu5zR8_dBEuRgvEMd,VIDEO,E3OfxsRTVwDAjsrtu5fSh
ASd6YgRnzaMORjHXWwO3Q,VIDEO,F3aWWyPxd3S7LARAPCfTy
9R2IEB3fABeq8DcGvNKnf,VIDEO,yTvAVH6BB7QC7_p33iO1U
d3xxNQihzHX87FVQaSDnX,VIDEO,7jvGbU-qb4D4WQoeVjWEM
epPoSyLbyNXXz8gURa3f6,VIDEO,FLYpaiZGyxrFAAM-J60zT
ZuN4QjmBjKLaai7OWBNev,VIDEO,jYwqahuqhMxl8QPidfiFH
SS6CfaCeVGqUoevCAKi6S,VIDEO,WjGV5gnHTQAdPyjkBIltM
5WYpNSM1nYBi5nvGocZYy,VIDEO,-B2Cl4_zfGRO0VvwL5HT9
9scDVh_KFRHfbsZyz67rV,VIDEO,bTfBHCDU-r7gQ8PuZsCUw
fVpEQ-DdlPzNre5Z9a9Vq,VIDEO,cKkRD3pQEaKnwsP_AHs7H
jvELuXFpnY-MIt9SlfLkd,VIDEO,UWs9SwgZnEVPIY9s7WM8N
T91r94Ko7QbSwb_c1KBH8,VIDEO,VSzHuonJyOyhuXvsFynGd
0JC9K3uj2co4d4NZsWEMZ,VIDEO,-lXtYYwy6yJAF4VUXSLVr
nrcffiRrsg6oX7bmDj8W7,VIDEO,25baFrtydylou2Xa-zmiu
3HjxEP4wjkRDxH-LXxyYo,VIDEO,rji2WAube0VExJm_CVQk_
NFAtzspqiDVkQapEsLy8x,VIDEO,CKGAsThfQHYlEnu1xHLX5
lKx-ZFVGeW3YZoGyOblHN,VIDEO,33Jj3Xz4GvefQabzMqrmh
NtyiC-fZbP6lk1FnR9Kk-,VIDEO,W1pUQH1GNqeEwOM0-EnlV
A6FslvG4D3LKnH_c7uIiu,VIDEO,jclUPBEU8nZ714YiYhnhW
e31bT8TyUgYAr6Bez5u6i,VIDEO,YvHePs-V6lbH04h9Xne4g
ybRg1GLgvGf5g4WbnFesx,VIDEO,oqB5Zcq-Ye5pcl4B0KDQs
i8ZfhtD8TVhi65iE8m9Yf,VIDEO,U9mLD9zueasqRG8Mrs64J
gucMWV_q1ETptMC82pN9k,VIDEO,agnCcNSzq5sODJ8wWujLv
jPtfc5J8hJybedpralxP0,VIDEO,p44G-zif6s4YvrwIYDbh9
asN8sp68TPWkUJO2NFuz8,VIDEO,e43Cv0aGnqocP7C8gDZf7
PW8z5i2JPK67D7Qdps36x,VIDEO,h6cxoTpf5a3qFOjqABW5T
0mi4aT0JtpgVE7PKXfyAG,VIDEO,bhuR8hwoODAfz1oXA0JxS
nLqUJEfjMCF3KOiJRTGNX,VIDEO,lZslDMmSfCoFvQZV9DUJW
c4O7ZeiQloAtOCe4HFOL_,VIDEO,sggux0u4oX8f_zZwScNxx
YwmWBnrGwmZsFs9LQ9ZEv,VIDEO,RrGa9LkksFC_MhgZDP3KD
2xFWe221hjSi7eSjoDYDJ,VIDEO,GGtmMkm7BAvw3228Y_qPn
0x682cC6pQ5qFNOKfiCqM,VIDEO,NjLK-V4y9PPXgdYwVqQgG
SuUZwHQBFB7C2PCSw-eI-,VIDEO,zLaApT1KmhVWF7UP_ZAbw
Y_3zPDaRpdlngI9qjIl-w,VIDEO,FrGEdeA2FBJJPc7OSTyle
leUU7oA-3VItnmCR37ADA,VIDEO,NadVUhmU9dlLMtDtKVqoy
8EJthke4qiCaolOXmqA_2,VIDEO,P9S5hxNtcbeKQvF8CoGkD
EsyJLdocpvpPjhMVmZFjp,VIDEO,XpwvL27wH10O4nfOTAgJR
eXnjkbvH1lCwHCG5J9Pue,VIDEO,GfsjE6Zv0jAl7mD1daWc1
nagvA6Tw-z1ThpU2eQclP,VIDEO,8PrTfh0ldQJRibeFdmj_B
En5n8aSxzKt7PY2DRit6_,VIDEO,2TnmlxU6EJCqkzJG8K3Gs
eBUkP6-fidEq3U8RCfP1y,VIDEO,wOC3OvWlSviFo7rGPC82T
mESlLU4UGZ2AJ_wOzHlXn,VIDEO,J7TremjbXoJaVBMMvfAVU
1x5qINHhP_hAgBbpyaZJD,VIDEO,b1RYZwCD3qVDsUFz6xabl
duEc8ydKJJqtVcs6By53j,VIDEO,615WVCWw_sKLZ_5cE94ER
yrEr7E5dmUuxectSzQSM_,VIDEO,d1wY_uyAaBoo-bLt0hulw
i1TEqTFYpWRjwGiEzm-CR,VIDEO,vrAdERp_ylY1a36VEGWI5
Mq-27goPJYpeQ5y1AhAsi,VIDEO,SfvYEQqksK5V20KDEAMmG
i2gaqJIq8uW5sBcoZvjgC,VIDEO,ulkOQAuDAfPsjs_t-9gjT
3rTBnLBBgTBM03Jh8oCJg,VIDEO,RYXKQnX0qy8irIHGmBV71
YbWC2cfrF02MtDw1t_l2D,VIDEO,BLaeZysSH1L7pBNVFclDm
bB_PvGP89qZtttLaFb7HS,VIDEO,auXxW51VOk2WuhUj18Hbv
wQy6_fb2IIhFdQcsoru23,VIDEO,4-3wXi2GZ5-75zVRzLpBG
Y2VttbOiJ1czrNbc6ND-I,VIDEO,CbQ5e5nWjxPccp4ijdJaq
vAlOfyatrBbNiRr8n-5S2,VIDEO,LGVquWU9vNI8hAeWWw2Zc
MdeIyI7LjUwxBQ2OqWNPd,VIDEO,i-rQeIlomw8p0H_0fnDMo
BI4hKWOPEqV5Iqhj6UeX-,VIDEO,NWtBsrV8JplsZfybnpg1-
QrpPDbUYErKtfYvQR5cv0,VIDEO,koI-Hw_K5D-AWcZE8bKCg
MVowDwCXGvF287McPnyXn,VIDEO,Gy1M0Uw8sPEDOtcikHMbq
-uByww9vHZMgecpA45DTb,VIDEO,HaTwEe4ynJ-2E8LAYD1GF
uKCQ3e5czTPTKotAp9MJm,VIDEO,0kAYjlHJVWuCxVi7h-owp
bKeKw7Eil7xSMqpo6CvJ-,VIDEO,Al9wbNW9BC0o25tSGzoJH
xdeZv47ydrgp5gM2TUnWc,VIDEO,0ghscirZNxuQaiMiJLoIn
LYcdjSMS7vWONDMAlLVJ4,VIDEO,GPjf9SFOlu0nON9FQLz9D
15EXW9_B7mMe4rPrn4lI5,VIDEO,V8CDlKPhR3RkTPrTCSJs3
kOQhxdeqzqy8RI4H6eyxJ,VIDEO,D5t0BUr3UIvp7gpb2M_qS
Snm1zuKwKunhzfgxn2KR_,VIDEO,OfMedyaWO4ZRpzg_PbEB_
acQLokqpoUcXcVWkMhzKb,VIDEO,LDBKJ1UEpFuYf0yqo5MzI
FgSw-9g7hTJOpX8xclLrs,VIDEO,jnGVfreLGijEc_pQeajPo
-3q8UtNqZanTWBsKqCwjF,VIDEO,SZYe-01PEQ4OKLEsJsuQ7
kOvTK3heClrmLcRp1yl1S,VIDEO,tcFalFX098dPnIQyhfsTZ
AP6q2hJmGeP9errszVjof,VIDEO,KSVkSXcdyenNPAfydd4x5
ztqY_Nq7-FXww-_RfPCKT,VIDEO,lz2JX9WF8Z7JcTnQiw3EX
PIdBcJcGo5EA4IdzTSgAO,VIDEO,yQxa5IxNp93nMeZbF8qXK
YLE-f0W24BpDnNwCwXgVO,VIDEO,kJ7BTYFipsSPYuxHQBUhO
4_5qjsisPRkaR6-ojKEjQ,VIDEO,qt12ZeeG_eV4GryZBEmHf
pzYgyhHCwRqYS3QRnaN8a,VIDEO,MZ0jHlSGMXCUKs6CMVNto
JO3H0NMb0l1RMTUlpO57J,VIDEO,yV7ukdQ0MuBUne5ImOAbo
G-LYSYo5wu_3KtMUI43Ad,VIDEO,AfSuWfiOkK2g04kJ8QAax
fTnPYp8MI6cfLlVHojNQh,VIDEO,fzxAf7rwGVJtsaAB14cze
ANCpdr9EwZEu3okXx2GEc,VIDEO,Olxn46b3XRjIKuUQW__aw
5s3qo7xr5tz5EvDEyJ-8O,VIDEO,GYPCca_evRvAYCvnlzjjp
hPDD3Xr8Bry_HteQY_bWc,VIDEO,awCsgQsJcuBb1D8KLE40G
vqajFZoh5BYAShzQlggZ3,VIDEO,0s1JQFELKlm3yFqiLY0jS
GRQHUiE9p6PPlQxjdmv__,VIDEO,1M6loFY_mjuWSco6fcdMT
q_y5GsXvvS0hZsxX4ylOc,VIDEO,Veb-v2FLecllepYOsarqS
qnA559e6jfiRrGICWbu_G,VIDEO,qr7z8eM1UQQdNU2gweOdG
b-sE977otGs9sEFD4B4Iy,VIDEO,33oeojuoTfZ0uSCxqB7Q_
TxLNhwOH3UZsul4ytCTrl,VIDEO,r08cbLjbqaOC_8uojSjUX
jvP9RIAjEN_IxG_AVmAOt,VIDEO,QJbhUN6eFJ4nSu__Kw4Ci
QlTaa6SatCGw003NT7Wl2,VIDEO,2J_uAFEFxbkb0GnSk4ygb
Sr-9_6R1qn7tKEBjmVYFd,VIDEO,So8rj4vhJ7NdnP9vJoE9p
CuY4Z3zmyOVIDJ3Ymvm3_,VIDEO,4mMswanBH_H-8lwojgAUi
9Pxtpd_9DXEnkwXYywez2,VIDEO,GcDo3CXHtL8z-y3b5cXVg
ncY8-GrXI-rTzN3XKlzYt,VIDEO,YSfBKTF8O5NHrAgPjVyle
gk0xLiL6i4Lk5K8Wyeuq1,VIDEO,8uS5nOOpfg8r1D06Y_o4o
Wk2DPgapbfzzjfJlsMN2p,VIDEO,EWpdsvkHxifP0BuHTB4SJ
y_oHH7p6w2ifCrxH67Rxd,VIDEO,SwEdOcHt1qUT4X1ahfhHk
pwS5OK4-_JqccwuhPJMKi,VIDEO,zLfmIbgAlWXCRDjHs_cel
i8lZaWHh7-sHmJ-9lrq0r,VIDEO,1vGRK5N_KahHJzCQGqVy2
aFjFUGk5vrtPYRvAs2at3,VIDEO,qwmURg8WUjgcli5nPBwV5
QFVusqeT5iHZLZMyIxurN,VIDEO,Se7a_-seRDkorUIm4TNim
0rU7IgX5lV8wJISfbyahB,VIDEO,YZvHyHdhejp99Xr8MBG2d
0vaultZYaqn5TjQ9F_Mb_,VIDEO,rpGS4PaDLkmUxtJs0Vntb
2H3BInIzuXgw9vc2Hm8ox,VIDEO,kEk9udawUmRQRM_h6XiuE
0fVfb8DT2kLI19_rtQX88,VIDEO,9Ci8nT8o1quAtzBInNFHl
9gtP90PXYr4LmqF-bxfeA,VIDEO,RBA7Ok-3CJDlFW8WYiohY
WGSifdTF6cmjwDQf8hSB5,VIDEO,AZ1vvI1nEZTxoRLLw4bn2
seX0pt00STaBoafYY_EEH,VIDEO,GD-8R3Sj4JH_pRDdDU8Df
M_U1_ousW516xPuuK-N9Q,VIDEO,0J3flur3pyodMT_gcSSXl
TgPG_yE6sDydAmx_dh_b7,VIDEO,PzKgDx-LB6lDk-Xfd07UY
YvaVAEasBQxneQwlp009E,VIDEO,RAXrWMFQxFHVnJdczf2dd
7ojR1PRAQiMh6ThgU5Ld9,VIDEO,cT2wukfM6DraK0cp2K0fx
9GvkXfQxa7GGC2v_9Ixwv,VIDEO,M69lwnXhVdULdTUqjGcSW
J2ODOAeMNvFXKRWA8MdTi,VIDEO,nK2-t1J5XfqcFGEOD3IuN
jxLQDzbAnq2SgXvSPurDR,VIDEO,6xCrjASDF_iy8v0k_E0a6
WCwDSH28jF0LGjf7H0Lpj,VIDEO,9mzStl_ETz-V8kLNVPhTy
FcCvNXO6fehJOnlyOpDHK,VIDEO,3Zkt-8wnBPYLNcJBhsAiz
N_-o76vfbqNUT5h4MG2rz,VIDEO,MhoLNvbyaNQdcYBb5cvuV
ccMiey86sciiWAfDFgdgq,VIDEO,THs4gTdCqnZyjwxnXpVKH
AU1fFLfeRB0v_5cwIIZl3,VIDEO,R2A6I7J2pAi5V5y8d0w5p
dG0Ttg0d_eWaLnRwQ8Dvo,VIDEO,9x2NopLeN4AWD5Pbe44jU
Y4Hw_pfnat3ceBxyKb8vO,VIDEO,ej1nUbn94EzBItmXpCU4A
Gu36R-g9XGGHIO_D4TKRt,VIDEO,f0K04jH8Q5mZ42RbeyiBi
o2Qh4XTXzBaYFOAzlePFE,VIDEO,VJ6aK5YFbRcYYQ9bgJRiR
Q6GF5WyRZrc8R2Irlgw2s,VIDEO,ibtP7gVIhYribxYRw8gHv
W1gVrgYQ7arNWcttu0l61,VIDEO,3eHSpXcNSzLDcj2T_8Duc
kpuVJqidLwqfXMuLaUSBZ,VIDEO,I40rDZIKJpE3q2jqYV425
jxhwdgItbnxYX8PM02ckT,VIDEO,JUvkam1nAbUE747h3RNrf
2kVujlSqOHHaS3YegTn-F,VIDEO,IAoXGlAfaTRrPY6S_db0r
aCw6NZj-7NSJwY7jJq7Bt,VIDEO,rXkcTMxO6OPEy1I75xa7p
RIb-9LnqsC2r9fGrcJjkn,VIDEO,UlhzIX8RcAMZzWsc7VBnH
TOS0fiISl6e_8jdv9KHm4,VIDEO,M3ZOysG0p3kAMSBfNovLw
44ECtacvUiTLXJTIK07g9,VIDEO,Z0rPKMK4hwXLXW1hjFEmF
S5plDu59By-cb29p3zpgf,VIDEO,MDuv368yPmDZleTfA2r-P
9h9NO8LkX14YUZelRw3DW,VIDEO,EdBIwOyQrX0Jql2iVK_gU
lOMgim1tnbVJls9DUxWcx,VIDEO,f3eLS0enzTQvty9OZ3jZK
TUlYx829_ok9YSQZNy2nG,VIDEO,9bAPzKi5mA3pA0eltBi-y
C0obaTxNDPePeUykXmwU-,VIDEO,tRr5WVN2nDawEpt0JVTPO
OLhikGr0tyBDaox4kvx_b,VIDEO,cp-y7vQs3PX01RpHziIwB
Bl12wmhs2Cx7FHdNWcoqc,VIDEO,VeHy8QsTDIxE9Z0a8YJet
EA-I-Qc_x1pdqJPDJxpvJ,VIDEO,ejKF8yloZN9tZHAowrV6j
2JjtVm3v9Z9PVhsj1XU-q,VIDEO,9-ZATt5Gj9c5oYYoi_tO4
074DBiuB2nZMAlatLr1sy,VIDEO,UMGupR-DURy5hk_YDoPHp
kHKvJBLUBdbmlmtmzmILk,VIDEO,orGK5WJJKOFk3Flx9jf9z
3iUX2o68jyjOyXAx5z2-x,VIDEO,PVu4pUVE0Z9dpfnN6dusF
pypS9E_Xf2YTS_EmMRK4O,VIDEO,40Non1g-ieNGgdx21INaN
X4JzkGC3s_55oiPKaBAmi,VIDEO,tSF2ZAqGqsxAOtjRoLDiH
HcCHfdTLoG8YWGxcpPr11,VIDEO,yjR-3DWG-v0hS6Pnd-rBw
PB8JdMD9x--blTwJRy-j-,VIDEO,FgPxR1RFtUdLqTtJS_--f
5k4V9qI4exhavO7N8MCeL,VIDEO,s7eK6s6mRQmkl37z04SuY
UbSSLg-wAYDN-dPXfdXPI,VIDEO,DA2ZH23_4HvS9mVHdgI2c
bkgfZupSKrKTOSFHFwMSq,VIDEO,T0LUw_ndnv8Z8jUqQHXSm
_P03hMIV6PWRLA21PY0hQ,VIDEO,InAM8ylEdA_jEGm_BXlK5
zy3F-I7IG9vJHjaHrmW-0,VIDEO,fI6moBdiPADjxY3_ftoUg
EUCfw3BZ8GA79XcGgmor_,VIDEO,V4Wmsd6lii9k33Mwdr3D5
Z1ZdAn-LgaRxb06Ikptpd,VIDEO,zkRbcxQMmVnZ8wcf8UZ8f
43BC-pTrNiKIc8lhrZRjB,VIDEO,o6J_cHTC1a9asw4lmPOsn
VC9hYlqPKUKQ5VZMaEEHW,VIDEO,FXL67I-zEasrJFDSoePo4
Nru3EYrifeXzW5vr-jPsA,VIDEO,DOGR9QMbbQrbZ6-bVJqvu
CJpMIEqPFpXnXE0HZEd4Q,VIDEO,TLVpILTLrbm-C2-HZdL3E
xmU333BGMIlXNrznzEJex,VIDEO,JEh9tdrBIrqV6kPaVUvPf
BFz965Z3iyjxio6e-anLk,VIDEO,HIMbWut2Bu77cy8SczvyG
4PgrqJ1ueQQ3G0Evi0PE8,VIDEO,nxJ8ORPL3JnWY0YDKmpOt
XFpwVIwNuMDf2t4oCutWv,VIDEO,IV_U9UhnxshVFCzEZdf8x
uLUZhFbwvNlZSX6nXYkFy,VIDEO,Gp1tsw-BTVEc05lLFIDoF
yduDnTM3EPde7JeOMMF5V,VIDEO,LEm_nqg6fXYlXy50vN4uO
gJ1D9jtrRTkEGf3pT82I6,VIDEO,XYy4DhSeezGPRsY-vRupT
bLqYoK-cs7c_9vUUPthci,VIDEO,ptKffG5s3l2AjVqTd90Ii
_vGCVyWU1dfWdQyuahPJ5,VIDEO,ssKqa74ER5oT7VajH4pGt
uDxoNP2o6A4nykA4Q3VIk,VIDEO,A1E-dfCRszS4Lg3qu2Hpl
RnRmPb6RBkIYpXR2EwD8O,VIDEO,fHcOE-GFaJ798RmlCo6Ce
oY6gHbjcWJF2EEMtIvf33,VIDEO,9f7aoxN0AiHkRTnL8yUN4
P1IxJpe6FWH3cquQOSOVw,VIDEO,WrwS5J8oxxbMLYR2KI4Zo
lEg-jHfrr09I64GDPlKZ2,VIDEO,KvAevmq_kJDtjt_iY7H0o
j6guZyDdWuJLpVYU4jkam,VIDEO,f2S1BOmPh2mK5wkMrFG7t
cdYyUjbS_pffCZxVwG5rw,VIDEO,G0RYZPMDmKdDLpZDmV3k8
NbMjQAdcfo1ug9v1sWods,VIDEO,XWey5Cn-LtKkPQ-s8nwdG
_8QfBx3LhHXu_UeH3GiVb,VIDEO,VKokVMyIvjqZUTdzB1F4r
a8cvvw1BG3YSLMsGQazkG,VIDEO,CS6mEbx7t6z8yQ2FgPL1c
9MvXbMXtOGGQzNBpFVdNW,VIDEO,Z3CBNkQAxmqyt1yDN6pxI
Or-az39QUtacYwib1DlZk,VIDEO,CfwC6Xc0irPH7XKZSMR8F
nSbAtVf40m5J8dkQwbPtZ,VIDEO,-m2T8cGH53Ufv0oujb8k1
DSTUPPgs0LX_W4pdmajB3,VIDEO,YF35GFPkuJxFUWmu2I1_u
nnPTZEjOofA8pR64NwCIQ,VIDEO,2cjOKft68TMcl6esJlaho
2NSgcbpPGYrVRPsgGds9y,VIDEO,tf6lNM2bi4O702yDixQHp
d4L-UILM9o_l62jULc0nq,VIDEO,aBN2-3WJSy0dMuJnbpe2a
9qyz0rz3l9imBJrHIxt0F,VIDEO,V8yJ88WD6utk2SBUJsy2e
XBO2hxfpGt-GTPq88GavV,VIDEO,HhdZWdYeOUc2o8K8wZ3Eu
lrTsl8kMEFI6TPKxdABcs,VIDEO,3ac940EwH5uZ11hD2hCTU
nEGxFbqM65OqsL84skWu0,VIDEO,XwEt9-P9fKlxVHlR34ljz
uD_ImFuiPOJEC85-TMt-e,VIDEO,p38TEhFXjVaI0tDpsoXNm
thmmWTx0JfkvX8nCjwznT,VIDEO,vlo0Kg8V7Qc8metcDq5I7
eoxWYtLLfH3HpcODwAAx1,VIDEO,ATAAMITJ-PIFIK8xq5yFy
T2-dI2Mlpdg__02WxdKKW,VIDEO,TcHFNsk9RbrO8AzOgvMiq
tCFuV8al0rFZo_-KdHp3M,VIDEO,4AiFz_vmWdVRL1Nz0bTky
SRXxPhVlr77vjzxJ1pt21,VIDEO,RqYRBwo6KZBPcwRjeOaS5
zRTjQg6mKp0ePNsFvFqXo,VIDEO,ejQwqWg2a78sgQDQppc8l
seM7BeEvQ5btpeK-6PP2n,VIDEO,EPAkZ7QbmLRs0N3FzWQmJ
16DmhivL3RlJTke8_ZH7c,VIDEO,TZqP7p8X5lEa_kbZBIrle
mmfH0NjV3k0YcRTzGHkqH,VIDEO,LL1Tzf0XflFf-S-TML3CP
27Pcz4zdLExoYjCuf1spm,VIDEO,-SohBb_kJpvAUgqkAUpjb
yUXMFsSTrfeUXJGhZzfev,VIDEO,hm0CzPP7Z1-cLOuUI9Xza
FFNYW9KNwpN8pNQW3l9X6,VIDEO,wX6dRDYu_OZYEVs2vlUoe
2X3Flz3Q90YckdGt53ZhL,VIDEO,p-iDrxuzZWmua0QNFhX16
O_0n2-WuZchY4ILjBvNPz,VIDEO,zT-r9A5Xh8C8FWyOLZMNi
ovD-S1urrGjiD7-0eyWwO,VIDEO,rBhgcBd1pdyCsaEsdVcD6
O8qRw4D8VmAW8Ew_quFDO,VIDEO,uedXy58RR2MxECHSiZW8K
hmxU4IPyHQtgAL9oE7bVY,VIDEO,15bna8HUw_8oJfbOrpIZP
AzKcuQfsJpze5krnWyeO7,VIDEO,fMVjhvroHNRAKJtjO4xoA
B8VJ1CFnocnKEiwlgmv4c,VIDEO,iiFxTK4laDfO2LasI4XtK
xnzlPXCknlXrOWzamvRGu,VIDEO,sCWY0F8i3jVhm3_2vS_Vt
DvxJlbjjm2sP9M6-M01lQ,VIDEO,krEgeDeypkQejTnhdPlmB
U7yJYE75QECK6doEZOarf,VIDEO,1CnpxGSI3sz5QkXeRX7Th
isYOFbAyrNInXYkdlvasF,VIDEO,M2_wmDN7VoAKXOVQnroV1
NGdO4k5BfzZ23N2TV_to2,VIDEO,zIq-GBb1RnE-4NXMT-ram
0QNOj3CmNnW3UhUI7E4c5,VIDEO,TlVZqQs3ZrBXm1nEraAcQ
ri7Yl4GFSRPiEpsLsoJgw,VIDEO,iZmlLwxQhnYr4GBVsq9lT
9HmtYse4u-IMQfDxThZlE,VIDEO,UaAOZ9wrcAdA7vlTSppzJ
joikk4rLLGUM4Yu1CN0tp,VIDEO,c26f4N4aobnuDYKXpdYpN
4rwOk8KBOUt20WJJl_vlJ,VIDEO,1Tmr4OaSxfnFwRk5WE5Ah
IYjMAChMk7KyMdBRNt6d6,VIDEO,2VCHoIabFde1axjotj7Cq
KnFYqbT2RssXQcT0bJSdf,VIDEO,TVLwc16KGOLyp3vqvv3l2
xXc2wM0HorAnGHVu-yYoK,VIDEO,thwhXreqUU_psfn1madPY
pyzX_z2SzX0gyL5SBilae,VIDEO,YfXUn0eQ56eqnsomqAaaB
4pFyaTSA7d0Pc24WExWdm,VIDEO,9hHGKBAWSwradwqxRUyN3
8w33slu6OoMHl21lVePGK,VIDEO,tIQwfbLa8cMxydkSOfkeA
ff3gcUU2woEHGgQteOSap,VIDEO,4fjIhlTxekrxFA2yR-6H3
Xb0j_Dy4Xz0VLr-ES9CMQ,VIDEO,5oVnvFh-NmWzDGqM1EFxL
tfQILSPZOGJ9WggIXQZUS,VIDEO,CN63CcwLY5LymvXHIv_Xk
hlyGCckbSPWVxhPI2TcFW,VIDEO,vPKV-LhJogasAYNUFfJHD
H7XtlGGQQx8qS4qOk6wem,VIDEO,q-2nS4h8rRHjM4e1_F11p
8r3tRLHWpW3znjXxcxoDR,VIDEO,yv4gkEdXw6N4bR8i0kurr
GxvTyp7gJjxdtUd_LoNOZ,VIDEO,9ucsU1AK4BhAX2XDoWJOH
9l_vnatSHeCGu-EZWocf0,VIDEO,1ynryOg7Gu2HFpGvS1nTH
BwVHkSy_N-A39kVSYVD8V,VIDEO,ZyPkz2L3kuXlzjmXqoaH3
o0PUYyHmSyHqspD5jaYbs,VIDEO,yDdv0ijrP6r8rCnO6-gKL
OZMIa61mNQQedvyp8pVdo,VIDEO,Q9ZK-GNqC87XFYGQIiry5
lt69nMvbqeyb4oE7aV_Ks,VIDEO,xNllyZUWQB1SYHtusEI8E
OSeA9OKJ0gkarWNPYj9OC,VIDEO,YpOMR-hqu_D_RhMePOCXN
Kzhbob1RGoXSDAzh04b_E,VIDEO,ZmQDgVWYICqlGYXHiAJhN
fmCU0H7t_J9UKruPerXNG,VIDEO,mdrNVfz8jvgZMgoZODShP
FU4Wu5tsKDxvgVdNKpivl,VIDEO,eGKiM5k8RED0c7t5DNkc2
VX1ZM6ulA8G8Dltg5s8mQ,VIDEO,h45XW6cjg0pMYebAUXg-b
guRooMyFiosWRmvve-ZF_,VIDEO,FvDtTd630TfLyNkZhan49
RL5w4FtoKXDOVQ7WTLVEw,VIDEO,RcfUCTqjLs5uOTHh2apvY
B5iZ0JljXaa5ffCTAl54c,VIDEO,XDcB-9WU_qhz3bRTD6mFr
nj0lfFt5Fro3Mx7Xe1NFL,VIDEO,pcy1NdBgAAK7b1my_5WR7
kSptyIAncvD8EGagm8mQ4,VIDEO,tj9qLP8LrXpK73NIuWbbi
MAVFY760Rs6CqU4iVib_K,VIDEO,idJqx5HAhB5NgzPkcXoud
7d9bftecYh3AGNS4ZBqRB,VIDEO,yR0edWgTd3_qLU7yF9cuo
MzD93e4v3R76UIfhWngQf,VIDEO,-R-U8YM5uWI9nPj_O84kS
ghXEzcoZDAj7VMyacZQwL,VIDEO,LAL2gkFF4iDfmevRbIfDo
wAatLk1mm84VIZ70_5DLh,VIDEO,SA4kEU4Yrz7W6U4KZCTmG
bAOgw8EL0Lc89mHXiZ5O3,VIDEO,mqQnCzO2of3JNjEuJTQRw
EQ9N0EvNHSlHpi5g5Hw_8,VIDEO,CmRQ8-KaTgX1nv0_yS9CP
cQ_MDsNBufir2JLk9TW3w,VIDEO,J0h2tlHhWwr3G1pn6U2BJ
pUO03Cb63_fuLFCSFzFRb,VIDEO,Shu1Psy9TQ7nUdeQEfjJI
rwOwgKF0AFdKNYUwQDBqD,VIDEO,2TIU4KNSTb-WrfWYIgJ10
Q_MUvAG2DQ2q9ZBCo6ecH,VIDEO,kD5zVl79Z_qBZY7VnwSny
syEQuR0SkECdFynP4Hdas,VIDEO,3MK0jP5my6zbfpFir4CP0
gf4OLgDbLjJSSnMdlRJgL,VIDEO,UWK6ce2Zp1Nj2FlKI3oId
o4UK5qOrcauu5qa1otS8a,VIDEO,I0x2bknQ-oUTGmsJ0iBf8
lmpkQ8Nfw3e55JudMPpQl,VIDEO,tRku2qKrCyibTL3a4DVZD
lBXvaSIA0fiL61L3U1mnv,VIDEO,Pi0-9ipghG-ts-86Yq_zy
H6f1n10ve92MMOoOWDHYU,VIDEO,ht1ltlLveOFktQQERS83d
hIp8cIS5p-fxlVgp1IUZk,VIDEO,IX2JtLZz5vziWr23y4Dna
cDwvoByrZLSTw3vFEmsDx,VIDEO,Gtm5FO_ki4HLjm-JoQKxp
NhAlgnYXdmVxK_15Omlmw,VIDEO,VsAY0uMrGzYQg52XOy5Q4
7YG1FHNzQKWi9yLB517Ou,VIDEO,OsZKP2dAvPfNMnp9aJZJP
TXrLs2nBD7F2YHcVx2xaA,VIDEO,UYmQj31TYvCOo7xi-OUgC
oXNzAL-vPXs3upalk0DSI,VIDEO,qDWVG-noH7LJvKil4NLX9
vLC3gTaUjwZrM0Cl0gkMA,VIDEO,g6tf5z4Gj7A7BjtaoEz2v
4tV98d7O6p4XpUWfIx3ey,VIDEO,6IjkfbFeOjX1IS5wQB-YJ
y1PlNNDo186s6AKRdm3JY,VIDEO,g63otPURxW14iegtyhxaA
wwe73byDyTRQR6L4H_Dxr,VIDEO,wkDgjWxMvAnFjbzpOTYIl
PBs5o-ALrVoPUVyCSI-SF,VIDEO,Kj-5H5zChpDM7Oo9uPm7A
PBmqhA40qPsJSXKTi1AjK,VIDEO,lXCeCmQaH4YUzTu8JDDrA
WwcyBQSPKiLP5NOn6u7mX,VIDEO,TPQzu05_zE-PVqvAdCwxz
qmC8sAdgG0xFEpkgqj4bF,VIDEO,3-Xp7Y1EcybD76o1Pm85k
9BKjtXHDM8JjUbH9CTrbH,VIDEO,cscyXlMrULF6jCl318-sj
dxTPmF7G958vOfmDW7hqP,VIDEO,zrYu0iuIux3BvBH_dJMUB
I_ZowdzwmGmkhoy5FpuHr,VIDEO,eZH__WRUv0JNWMvDl5Ms8
ugFw7GuBPLhaPpq1GYq9W,VIDEO,UtqFR-ZaJp4By0x53vxrI
Zofp9Ju4OCP2vvGT1GV4X,VIDEO,GP2ZSo7I4br5MDSlyvfxh
Qwa5Zl67vnmPtWr-xLv3v,VIDEO,NPsemwOp-G0oW0AwacO3D
-Sf1oEYpfy3dlTW2QFDNL,VIDEO,tSQ1XzvOfd6JsBJtY1PrY
gbcgECl1BDyBOLR2ZNUAY,VIDEO,SCc_vKKTDJdQQKbpSwaVp
1Nx5uobt9Wd8Cbx3gzaJu,VIDEO,nH7-qZe59NFd9jbX3nWDD
nO3SRnceQltddxwUBRbu4,VIDEO,pwQA8G996BW7hzomEHWJi
iNzq0RN1qR5NL1uwottCw,VIDEO,s23E6XJX5qbYIID_WFA1M
19_mGPeXX40swlVvOLGGE,VIDEO,2crGf_agiFvRaBE_lBHsA
2YE1JVGBvLQTtlx3b_oAP,VIDEO,neRtemA6_ZwWtgDnrwTfe
sfTCydJfbyutpIqFHzhu6,VIDEO,iWn7WARcUgUBakjosFBEL
KlqJEDOu5sGL0408z9RPZ,VIDEO,o1_CkO33_ngkzHVn9U3po
_ZvoUZtYYxZr5cg-Lv63Y,VIDEO,4ATgfM64KnjcCwGzwh9NN
KoHOJVDhITwxTZBBE_Vy4,VIDEO,d_EGzBtqD0HlJp-6aXFnZ
jp8K1tdHIYDCIh9g8gJy9,VIDEO,HKwqwPsGimH22BvTzomin
BH6lr5Ho9MIg2hWJdCuFq,VIDEO,-8zqYi6ok3MJFNPxgXGGF
A_F909EWWBkcfyHBwlSSi,VIDEO,IlYUT5UqKLGggFo7V9Y0_
ZdR0RnGK3rjZy9-Yc3iDK,VIDEO,NJ0iFPymVCuf3UhiWP1yz
yRCfXmoI3dT_DthpTpp27,VIDEO,I9scD55ecAcBOdbCFBWcS
z1X7OAnKfa0Tr8f7LSZdc,VIDEO,wJxk6y0-dGBH4Cu_447mF
vYogHm_WCCiQKRUa1z29d,VIDEO,_4VPLZ6bg0eNuwv9vcjcN
7DSO8ypQTh3aPIcCESZ_0,VIDEO,8gZ5Y5Q3Mrp4a9K67mtYS
Uts7L3y0F3l4ELlgSzdeC,VIDEO,mUHwPNUmaXlZ38GnHC90p
OZHqVBA-NaqhmmMVGSnSm,VIDEO,81gahB1M06XdADYEY3OwQ
55Q-bzIxPeIyv9aSJE2Ok,VIDEO,XCU2FfLJ-gCqnTr-nRa_J
t1EDGdwb3-8So70cdqHbV,VIDEO,PTI403vhr9WFn0FOooevg
e6w6trer21Z83SL1Hbu9r,VIDEO,EkTWVw1QmbCNuUaPt7baJ
JMny8f9LuOYbkfzizprZ6,VIDEO,3pH9J6TjFgk7uvjwQR3Rb
aqclPMcM43Bsoo2XPvhwL,VIDEO,bqLQxTYcsyvoh5ZwpF4Ii
2AR36Z4LExz5qZXx-Kmv8,VIDEO,qRd8AJu0w6S-YYU1i0KeZ
kCrL7b8DaNSv22Vp_Ji7t,VIDEO,ae9mpcGCsAYm_c-V-JRi_
AGt61Ynz6ReZ-YT6FN8z3,VIDEO,srSpuCTlkagc7Sb6RwuDq
6_fvK_6uXFFCCuaDKTvyC,VIDEO,bx4RT1WvQ16VV9yQLbsuY
FBGT2-9r29SE9vkiNmBPQ,VIDEO,BqimEX6bUPYpEW6DSBbfF
hIYm_NhtzegalYl6D0RoQ,VIDEO,DusBvdLg188aHYftuLJtV
3M7Ld8BzC4IWpml88sFQh,VIDEO,qkZIPp4n7j4NxKm3KN1eG
iFcW-e_RkhxipSCnCNczj,VIDEO,xTCxtfOesJYMpxtbg69X0
QpIFsy0gRbwnQe6Nv_CD2,VIDEO,5z5KM2jJle5jiewZfDh8T
N0YKKo0HknBlpeBaHnazE,VIDEO,vUobEMFsLmhdnJqPTO3Hj
YtQrw_xUyMHm78Tv2InhP,VIDEO,5oQwhDrG1uW-ZqwxtPB0y
E_57UOiOnIjJ9UniDR0SD,VIDEO,uMtr2xEABB7kaWvfzhZzT
Uj2wV81uIxyg8NNOLoRnc,VIDEO,spwJ-Q_VZ1_FmpGaGJxH9
v0OxXhaxmpSFkOMETGMIF,VIDEO,BvdbaFsiI1RhIGhqoVa3m
OgvXoERL04tnDfTU6Hx-0,VIDEO,iC9b6j9oPN9ilSmoocPdC
4br0luVjmUf6kOJ8lKw8q,VIDEO,LCC0LyJgw8qtzcu0SvJDe
zY0eFUkB-kbeopteDMrvC,VIDEO,vVEg7XgB5Ejmd2y0gDH6A
V_YDlPH7hjGHRSmnFkXLS,VIDEO,JGpKZ558ocQupNVUcR_lN
YRt1vU4qmSxIYVeGm2WjY,VIDEO,yTO1uQd7-VYyPyJ7Wd-mb
5q_nC0Vl1bpj9eTHxIJJ6,VIDEO,L0DGPeqekqCuqi4IXI9Ru
N5_1uVU5rq5hU1mxexXnC,VIDEO,04meD4AZlZGwb50DL4dNL
EuyvR9ZuyXVocovuMMkyE,VIDEO,ieNOe8melG199KkB7RwFh
go_T29nC6FiF61YChtaA5,VIDEO,C3VxcKo1EZO5oTSCBbn5Q
15992cwMIy3ldLVR9iLDA,VIDEO,NbF9druwuPJHossOep0cD
XvG6JtGl401oVCfeL2Nqc,VIDEO,P6qDm5ys_Wn8vp4k5pLuF
zz28N-WDdyvelpnMaynJb,VIDEO,EZy6UHkgA01mvz2gsCibG
uNzVKSiacie8Y1VgUfFhD,VIDEO,YaDmjdlE5vr1395uk8HJ2
RyumT6xiQP2y_1YBS2trt,VIDEO,wfGwxPEn-aGbb53o0xmYp
Y7EUQJFFd7PE2gX9Tiz2I,VIDEO,1snIbRGsWMQ73V8GRNGuc
IA6rJX7Zmli6a9ced2l8M,VIDEO,biwkWDdFzYMslseOGTdUZ
3qjHZhKhAjd3HFnEjmdx3,VIDEO,dDZwPIspNrMoE3xhWyd_W
-bKC33Dhh72bl-jAGa4fl,VIDEO,MwG8q1b0lyybBQM_UF1XP
0W5keEgG6duNyiiQWejT1,VIDEO,CNlUF6Ehm18r86-nmfIsN
h--sAAajFUprVyFqaceGB,VIDEO,rC7347PbKm-he0BN1-6oc
s8EtHVS926SQ-N-d6YNL3,VIDEO,S-qeP5f6d3ZoqwyuyTdhF
4DtpXXFHgIJJl7aDDipMS,VIDEO,CIL3q5oXK8kNoTXxav1Dm
tOkvYhuRDJTNUzRkqW_fx,VIDEO,tnSlZx3noQCM40NItwvcW
G5EPZZ3klX0FCp1yQ4nbH,VIDEO,ATYgcA4W41O5QXd4IGr5u
5crb9lH_n_jNW9qMLQUuf,VIDEO,6xzuA5eNvRNJJIMdCoc2M
tu3sw2-_BU-Py0X-tFiin,VIDEO,OrCxBu8gEW79ZpHDstfZE
NYW7yhAYtEC4NH9HijGao,VIDEO,fIUR62ZaKrhb2rhSdQq4i
i9rnZjWV4LXHI7gM5SiNt,VIDEO,U3Jel3fqMq0-85itWLTVw
X5GoySTIQfOG8d35NVHsV,VIDEO,cgB2EzcCm_OproXTbTyKx
SEW5gGLMGFGwIMJZsbWxX,VIDEO,eIalvpPAnsHrKhTNnp4V_
ZDtV1RsgmAyKOmId0OSdK,VIDEO,8DVtIEt14gPjsiHPJXkPf
FS-1O_kKuzUg97gnVmKja,VIDEO,fhQwlp1Gj3GWsrah6X7tR
mWdoOAPyQ6E1FSDVLPpcD,VIDEO,htyynEzOQJln26VrTCGSd
UWpXPMCsvyQYDMeZWjff-,VIDEO,46ZU5mz3GsQPSH6qOUuX1
QguNib8MQ0hhNLu7GKttG,VIDEO,WPJoumpQe9HVI8EVGyaP_
5ek0qtIphlPYDSTEcFezg,VIDEO,7UwjLlEzZqLH7kLsqqnmN
rJ233qkFO2GKiN9M1tii0,VIDEO,aGc8BDRM2GmpIQcfKzkUo
VW2ReLdf7RP8i6G5zs9_I,VIDEO,SbFxaYAZqZ6cCRl_gz5XK
g0byBacQ9u6ZjxYRpuOVo,VIDEO,mhGh-NT6Qu8yZUXnSJj5s
qQqQrggWHKwd1fWPaBzTE,VIDEO,B8t0SWePzswT8e0xcFTai
ul8pxFArHw_KO1eryymIw,VIDEO,iitIm7SjnLO_YlC7YrrJ5
tIDn8j_Q1mp9ohmKW93te,VIDEO,CoNQ-_KV_8KZ5x_wS2p1N
krq9jY81uTdQ3jn2Gl05s,VIDEO,Tp2Qwvxuk8NK_ANm9PzSW
7kK3ZvfnpM0UodcpQeuVO,VIDEO,MyqIqEIlA_Bji338aFp5d
21OGIYMsFyfdZ_smQ-YgT,VIDEO,kpC0kDCotuZOQDRfnzMLk
bB-3HHr-TFKJiKD3CXkPr,VIDEO,89WE2T6ucYtu5KbEHMNgE
n0ul3QnpUf7OnJ1Nq7KsV,VIDEO,QUSOp0bdWtvRQeS2vDHGL
BJ-MyIP637lHBx1TSAP2v,VIDEO,yOySXQ1PCvCDoZNY_P4Z3
XFk-DQNgIRqNvgQaCb-W7,VIDEO,uQDofPFoC2tOTDuLA8Fcy
qredIZed2sVWzAGTkjueZ,VIDEO,RxBuSh4SncG4-UocJu1Sk
76yFJE842PGhebujkjdiN,VIDEO,a4UWj4Giz19w08YRsrBEG
5p8zLRsBlhXdt69RfsR83,VIDEO,flHm3OSZig4sQwMn8YPSb
Gxg70Mrj5jjmjBp_utZg4,VIDEO,m5IdZ-xvJNHBpstlYr3q9
NDigllzVkkN5yZXxSk78r,VIDEO,90Si9ElmZqoM7pmM2tZDA
cJlFakjVCylxgGZQ3X15F,VIDEO,3xy4osMEJMEIvG0vk_0Y_
WxdpJV5OiIGn98JVVEdQ_,VIDEO,zTCwP7E9sf9QQIjIdvFxT
v8ndFXctVWGHRugwFBJCI,VIDEO,4Lez8Zh39WPR-Y07Xl2w-
WzJoa5JruUFn3QKJKf5U8,VIDEO,fReoztALKw26P4b0p-1tx
FM0Fov6EbZ6JbSzEFoDGJ,VIDEO,FbDxDuBQ3EUDnCRYSuUYO
su4vQX_zXihz9FkDhsgm6,VIDEO,Vmf1232qK82H3zn9rVyjX
xIaG3l_-kVaeFGJ6n2rrq,VIDEO,YCMRw7M9hEjbGJfIkCl3Y
wGRApsOt9TwurnCnAWIf-,VIDEO,w9jRQ5QITwunL76CJoDnI
SXSVAkWSzr5nuQsizgRvg,VIDEO,5Shq8zdbYK2S0MkMjl2_x
76nU5zW3Tsu1eTgDMXid3,VIDEO,aWmTRb7TDr6lSuiq2ss_M
j5n6oTSgQ_OUVEgO604qC,VIDEO,NiZ40QeceImZhejk8_SCA
xOpkYn372N0PnXC6_EV42,VIDEO,jnfdj3_KMdmcogISwRCHM
iEWflAypICUiEq1REUR0X,VIDEO,Vp7Q0uThQHkxob8244jhZ
ySmUYHc1P3-BlJ8cdPFAf,VIDEO,Vnu230RMwYlFgIPcTwLFk
uHZYhG-a3kJPcWqfKsAWa,VIDEO,LzpPBRvyQFaV7Sph88-kQ
bRouaSezldBpyAEC1FslL,VIDEO,lkgkFbtI-M3cFwvlKbgZY
pWgGec60zyR_SQqvNmzdf,VIDEO,cF9hURO6OiSHi5UnlpaO4
_U4SPYudEzPY5SBAHN6Ak,VIDEO,CHYjNlKsIzi0VLUDS4ZU3
rF9wDPl5a-kCGm7syvy4w,VIDEO,TH5JtbK9_aF_wX6C00pab
Ij3bbmCpnGuHN4PD0kliT,VIDEO,DzPtXodM7ywNII4Yl76-3
boiSdoo8oGL5Z3vTYoxfp,VIDEO,KKmTsGS3U_2KmIdAo__8N
aPCQXLZUlo_TRjHOHssps,VIDEO,7jewpfuMThTJJOR3O3poC
WLeAfxR0PuAlJD8rnFUFQ,VIDEO,6oMwhsAezBXNyYr4vf47d
p0Vg3bhvT4dqfAjIR6GY7,VIDEO,IMkOKcKEyrPgbmKoFVmUP
dzxNd-ixrqEBKZKD3iT3A,VIDEO,MoyZr6cINTLj1AVOXfLYW
prvmPtVTj7W2VpaaPeGyc,VIDEO,9Gak7XSYYUns-z0aZrjN-
IRKbo-7pwQDh5bVL-_1Wq,VIDEO,90v6TS2Z3Eex_ZG6_RfM1
b_Vtm6OBQt9D11yQkRpxr,VIDEO,LVPH3LoXP0vpEmaH0M4NX
zjfCkvj7sAHONOAIXK6Ou,VIDEO,WoGUy4j_EvMh9DdATrW4q
LjrifyuWtY_wr8YGuC-dr,VIDEO,yyl7q-lzbcIsIZUUmoYd7
6hiYRngPvR6vNnrvq7Bca,VIDEO,UdUjB-DzczqOtHPb_48wi
p_gaqHU-tRQ6CfEtHFRy7,VIDEO,SNluDB712l-M2H-TbeYRg
SPJRK7HP6RMiRorH-s7Pc,VIDEO,S1VfmYm8OTvDRnfzwpk8I
N3lWYLNI8rLE12vT8Y2nt,VIDEO,F4lKHg1Qb3k_DKeGhTiXw
YkcNGK_DExNjVtPsM1ZCT,VIDEO,QsVww_wBlLKx0318vfE9u
mSMZ3E7QX98ENnobiRepu,VIDEO,MYKah9L7qUUPmsbxgboFl
5IZZFdxEdCZd_X6ry6Pxh,VIDEO,ngU1WCzdma3HIEfy1f9Xb
_it8irKG-h6y7B2OPEVD6,VIDEO,CvfjRelMAK2_fdUqPKbsB
cFYdqWSJsbt8HIJ3fINUT,VIDEO,5nmedu-ifTLGuycd2C9Qg
-JgOe6CDKpBoxmqJjMXil,VIDEO,90rtXV9SPbTskTWBEt8qd
c2wSAGaUkCVdkZX_8pFkE,VIDEO,lBGzbaZ3JJKtczdNR4BNh
XOFjIgCEqUBvk5VY2p9Ti,VIDEO,DRNxi33HS-4CZANDfUCWS
YlS_Z-xTCla6cA0CNnYiH,VIDEO,unWhKimoozQ5qY0SMPISo
Yl5E6gSKUAnCEYXCMHOTg,VIDEO,DRT9SN4mySjAaY2mZy6FC
0ALR07_jiNfQ8MmqLFN3h,VIDEO,4xWbh6aEp-cfnNo4671Tg
xTkMPZK32raB2rMoGZZpG,VIDEO,Elv8CpVwfymBwF2M9Uf4Q
ks6Y8zd5FTNljq6fISkLL,VIDEO,v0vhc7IP2gBW82rQWoNdR
fbCYDTcisILTnxj-KLTIe,VIDEO,cqio8NvTte4PiI2SxKkbN
oVgArHDwZZCIch7yFFWty,VIDEO,BmTZOr3RhjMt4e2P3YJ8K
8jX70q2WyBTtmVhq1xbi0,VIDEO,JPK47X-qkVQHCpsmIXqKl
jhPmDAaOcBb-7Le8PETpi,VIDEO,8PjqqQHH7kr3A6GqEu8an
wQHKktynbKdW3pMZxWc_3,VIDEO,ZSmJ346Ias6TbIiB_2XsB
sQScxwPj5wuo7c2GHBXgN,VIDEO,5BI4Ps6dWTm_TWlKg-cLe
nySxm7b7qMKqv49WsMdUj,VIDEO,PHuLK43d7yhY2YmXJgMt0
0R3MSm2Q_nmyva9cTK4Yy,VIDEO,KAc7pCSAFXRaxpRemNiGT
CpjRJZ1i2of3VTl-K02YL,VIDEO,SazUhygN0LtWqgHRpq4mN
VGOhLqxPWkin11nZeWTlt,VIDEO,wor2lNPoUYrYVwkEPNrfa
HtC6K15hK-1SnpufPUmQW,VIDEO,KmfpLeLQX8Ln8EZ-366Ob
0CcUrT9ns3PITwFx9nw-Q,VIDEO,4p2Squu-ULcs-y-iQUWfV
U6wGnRZscOmJFnAHzT1gF,VIDEO,uAvEAS_FxBjxj7Qi6IgPa
_IFAQ6W01i5ijJNKRQnia,VIDEO,w-PVgalU99ZYrYK7kP0us
wFSC98H-PsyBL8Usljxcf,VIDEO,JGMaRMDssbf7d8Xa1foWI
gu-qIcZPZmAnOzz5gAg9N,VIDEO,M1QVNiTbn0Z2lKpegi_tT
qbLJIiFIp-ylD3drfo9QX,VIDEO,GMLpBIKgviAP4CVqqJ0wA
nu7S5nNWh0pFCdIvV9aR3,VIDEO,dyHdCdhltAnXkE73DvL1Z
i9eD7wx27kGxAosRPNMYE,VIDEO,nKq1-VkZiaBO7aJ9DeDvT
VRz61_Tc-ssmI23srY_tH,VIDEO,aJFE6K0M1d67_OToZ61A2
yGQKHT68VO-H158Nji3kU,VIDEO,XEse4CKBU_BxgkkXeQXqZ
uo71twNSPLK9mDBCPawy7,VIDEO,JayVfwoUpJhIJhvWBH9kf
5teh_mPYMUV1RcKW-YGgo,VIDEO,r7D0AfRnbBbPjoNw8sDHM
VoGuk0_IbmXrtC6tUF4cw,VIDEO,3q7zv2meJ7jWkUuhTT-fe
61yzLYeNlXIntQIuh4Czl,VIDEO,PLaV98s0kTgCXz0agm4BT
Bn1TnwzMZre4yZZmg3rxm,VIDEO,hfQoU_jd2dLS9UPVLv4NK
3HmYZ14Vr_kIWxqwA9Sro,VIDEO,NGn-DiXU6x8OGOP5WqY7q
qU-oBAQjyB_08lfXZJVvI,VIDEO,6YB9v9PPl3aTkGiuayLm3
93e-VtU2GOF8OMZQkdIsA,VIDEO,y5oL2NXGjUdawlV7M8Kw6
eeIzYOmT9m2h1DWgajQ53,VIDEO,LcJRwjBi1MIq1Idr1Cjc6
W7WZyAJizkK2RuIwGwL88,VIDEO,iO1dWD-us6eUkd2pEZi4P
aLPxQMddjQu1r3uZUdkUY,VIDEO,jVLV0A8Hhyfx1tJdj9ltG
iFVsMKGLkR3ae7Nyuz6e_,VIDEO,VF5tucI8KZebe5zgxaQGs
X9rSYDkXcZj8AwKEGisIM,VIDEO,gTbBhgrY41apgiXNzLBBY
fk-4Lo_jKGIeAq_xWLdq5,VIDEO,V2rddGdlBSFPOubZiTmMV
IbUHQIk9MgZNyE2hWmCbA,VIDEO,b3o0wfjiFhLXlzXZsqxEM
O9SdTRpdAJRAIo9trrEu3,VIDEO,fGhqaH3sICl9rRpKsU29v
CekXh1V2T01SyxJhtRh9v,VIDEO,4IvHS3qGP8c9e9H6Vl5w8
pVlEeCOKzdJhNf1BYUeAG,VIDEO,GA_WLtJ4GJPUO8Rq9MhLR
tR_hIb0x5PJiXen5Jmtgp,VIDEO,E__lqIxVXveSUjDe1dDxI
Yw6rYR-HU6RaTezHDS8XO,VIDEO,FZzzbDmCU04wYhoHjdHNn
oEwhM2dFcFGeiydcZxHji,VIDEO,XpAFSYhXB-PjWkQZkdMSH
G0yol1ZSQ1Fc6AAj4lJg-,VIDEO,vrqRIawVPd_SfRPXKFpNQ
VRc8X9UqyaF7Pjl2OksUf,VIDEO,UPkw9ZKz6z0orUvlBrEcr
e0wFE7YYnRyMenQMlWXA2,VIDEO,mOAt9ZwZtRAYiHGElP1p_
vKJr4VVRiMdSw4UmnWVii,VIDEO,r2_-kZf2bzphwzBeg8bzn
6X5fZ_x3508tZyUazXLB0,VIDEO,JArieEOPkMgifjF9g5Gdt
iIubGH8VpMEJh_BLAYjid,VIDEO,oti_RDMK4TNoc9tynJZVz
6iDg2o160Nu5hBsqLoYeV,VIDEO,pBzYq2y8uKbF9_Ew2Eftw
ph-9RKumUIto22-AftxF0,VIDEO,9Vfhs1G5NubkfaBfZd27c
TSGdbop7qGBGIHBvc2eGg,VIDEO,Bc-YPqv9XQfqJCJlJ9lLm
-8mT3uPj0W84kWACuNYz-,VIDEO,oI0lJ5e1G604P1B87duF1
1EWS9fSdH_RZHiv0mr-Hl,VIDEO,IOSNXoLryLhSkNhhv9wL4
eISs0Wmdwzb0UbbwDg3Mj,VIDEO,GFngFXkBMFCMVX8-Cqki1
4tp9rHWRPmOGh8cebyazv,VIDEO,gyr4rghf1Nwn853UF8738
XuXPy9zfwk4hO14umpM5n,VIDEO,stOQCHQmBv_rKoEY3-jNy
1Z1op3PBgKQB98bURFKdm,VIDEO,nWMTTCiduaf3IjpW2parG
j_oINpkUvBa3sFli8ht22,VIDEO,PkrLusW1xHESTK_16IPgR
OUY5uc8DSUFjBCDzotv7e,VIDEO,QqlN70NzBWq1m4_F2c89B
l2xXqi8uSXJIDpcQzZSZG,VIDEO,LUsVGOU5s7GR9XQSwTW4Z
zzN2UOilxBRnVCYaqXGmM,VIDEO,hPhAsMKrS-yjS8Zlkq7Yb
JS_x0YbAJwEwFvfiNDnuZ,VIDEO,79QwmJUZy8HiIZiJhuQS5
HqmkDXeddx07xPfZxBvJZ,VIDEO,TQGCyXXwO5G2n7-JO6ZTo
_PPXtE0txeVDTQmfcv0dF,VIDEO,b2p2k7YM72NL00LbwEq8x
F37laT11UGLkpUhe4el9a,VIDEO,WmmJdM8kDNAOsrdNFM8Nq
Kt9ou8gDITLnjp92FRdQP,VIDEO,-9wrawynFEXu05Ulq3j9_
HH01FdfjFzJT3tgiJNLGx,VIDEO,YASPJag8K5JgUGoanB0j-
OepIKNN0ojxkaKTAoLsyP,VIDEO,yhiBlV6ZVupXe1D0EHRoh
3pEz2Fhb5bsJuE7nX52X-,VIDEO,N8SLdcdZ3V1fEER0RI5sW
kN1Du6D4FgfngMenCykeF,VIDEO,GQbdLQ-E8vlSIKAbi_aO5
tyU2-981ojKC2GkaicZWX,VIDEO,Urycvbpe9dvH0wg9WEpQY
PEpyp_R1XzM3faklCYUDw,VIDEO,-9hSypMYr6QGMIZJE2WZl
cXx3iayBJUFAXp4x4P6_X,VIDEO,9ZRo1w49i2MPCuoUFita2
UbQl-OJTWu76yo8Eezuqp,VIDEO,QhtnxCY4j1Z6yNkAVWWa1
WORnkS354kp1Hp7YJ1UH3,VIDEO,o0aZAbmG6bxnHN6DhEi2L
ueFG88Zs5hmiApLeptPMY,VIDEO,iZZlyrX4G9pH8YZRJJHQt
-z5OpB-OEnvNL_BE-Ton_,VIDEO,Lxg0ITJSQ8rsF0YIjEJ2B
EV5rwRoNRo20-14cbbaEC,VIDEO,X4bABwMTuHOs8pMsXEIvV
z_Vpk3rtTtX3kM-Euk9ZU,VIDEO,JKLE-bL9SJ4jRdo5I1-h8
gCquuC1WEFvvKyZJKtSWn,VIDEO,DpdvDnDp98saHuq_hVt3M
pbafo8_c3RruqBYpW08_P,VIDEO,9HHRx3hQev8f1tu-Fwc1v
B_HJ25VzGwug_mnFnwo1p,VIDEO,NdIVFsNLws56NsuY7fRmZ
LdCwc8SG9C5GOa6okk2xA,VIDEO,sau0lukbR-bpbjg_qBw9G
iaezmoIcDW2BkgqW6-jJU,VIDEO,8bXLSNq7JNWTBSXTxLqAJ
QErkuCcp5TEc6GVC4-Izo,VIDEO,s25nKu6YU5QP3U6c8FpyS
pKwETLd-jEys_RKZtYRVy,VIDEO,EDdqqxeYyz5nhN-asGyHQ
z2qRF38btrCZCFyLCyz1K,VIDEO,yBAewyeoYGbc0kDjfPXE_
OgCD7Gw2N8EOW6FUi_W_e,VIDEO,WeBUQifEcAVbemf4T5yZU
4R2DgJR0RxQmq6lSTO49H,VIDEO,al95YTVkOXfI80IovPmlr
JoJjl7UXp2onA9NCeYe-m,VIDEO,pEuOA1epiA9XImdEDtYgJ
8tgQMgvANTyME015qB_f7,VIDEO,vuY5wpb5Uewa10A3Fg6NS
9KH8DMyKIEuQZhT0tdhM2,VIDEO,A9n-QDypBwBPsft-Q-7Q7
0HkGTa99HLe03XOX6rG3C,VIDEO,zyAYTRTTCLzPOMQRbO8YZ
YQegMEruUCbJTPetWqzLy,VIDEO,MNQzdUERohvon4jmArlVy
hLHa5ZtJzGaUrG0V1podm,VIDEO,hCHlT4AzYIOQCaEiqy_JY
aPNoBD98BTurPH9P4RrNT,VIDEO,k8Jt-fMPBHfm57n3JWrxW
ojDZXTpYVirsdaVDdrNDt,VIDEO,CgHG3HS64TV3GDhPp5dAn
UxBCOhLgWSOLOSncIE29f,VIDEO,xhjTEKsdHWemtm-ebCBm-
tBWQZVg1o_6YRSLqXiq5l,VIDEO,y0837VKhYNQBlz14lcJr_
HvYlgZw-EernHqDhJ4QUf,VIDEO,q6Q2rWJGWWZ8MYK40Ngx_
2ByXLCKr3m9n9Icw2Hxl9,VIDEO,PdhnY7ZODzTIMm4Xf7KDf
6cCjSsmv_bdYri3hzvzlB,VIDEO,yrzUeCllDeFKYeiY__Wqz
GLB1qGGYewij45ieYzEXg,VIDEO,cJR5IW9AahhrBoN0F0nyp
-s-KYmW_mImCZIXBGExzO,VIDEO,iLIEj8ukl1LrYfSn0S4HU
rHga3d171kyB-MSKgKGwf,VIDEO,jQCxSgguB5TANBp1jOJu-
3zOb0XdRASQy3z-n6lbz4,VIDEO,XNNWN0oq2xom4rmhKsW9n
_2GK91GfaJhEig_pMxqGz,VIDEO,wbrViKnuQbVMC3bcPcQrl
coQWJ3GJUg7peWUbUu3TK,VIDEO,4E2OO2u14xL4zWH5sz6ez
eoJeEiBIPaohUh9v03O4P,VIDEO,xIzEUKza6drLbyhRk9v6F
vNh_PK-ic973BkY70oeAM,VIDEO,Qvi3dE2kgli7PVQYfQg80
ULL2DLF0tydNmC0OOAaNi,VIDEO,ZZBhkNA3b0PdggiuzkYGB
cJfSEC_yRia2I5lSgk77g,VIDEO,qouMGSPSV3Bzp6UwoXA-e
NiMll5QUo-hCtUwaJKHG0,VIDEO,D_kGvAr9l6Azm4DFqWZ6W
kdL4sUgBisfqjbd6bSnn3,VIDEO,R5H39nV960a7zXRPRct8X
rRjRFTRTYS0I974j7QPLr,VIDEO,yFeQFUHIBskLhe1rVSe9A
gcRi6SyIW9NRBPyrs4LFI,VIDEO,jDWFWzvNpukZTJIgBh5Lc
mbRmKnQEmAgsLUfKg990v,VIDEO,K2ZmXcpPAlnfX77_hqwuT
_6HdnW-0aL8M_w39djL_3,VIDEO,F_RYh18EwsJztQPDB4RGN
WY30HTkclCwjOgh0Q4nbW,VIDEO,GU4fdk1mm1QdNkhyW0FPE
ETNWw94zne6erWeO1655_,VIDEO,haQIfd4D69G7fcRnjMf8w
NtblUeZgAxymS4q_2S78r,VIDEO,YErA11chx3G7owQn9tQLp
zcfnhTTtScV75__iAxBfv,VIDEO,7hdo1wWuhowRMgaCpabT2
OmEhIIf7fW2BfI2nLxUzc,VIDEO,M0UpP71CbWjmj-ydOV1UJ
Fm43Hz3TH7KTmBWfyBQgF,VIDEO,VOytbbyxuVpLt2Q5y8O1U
IsgKzztI5OQF96N1ACZAI,VIDEO,vF8SW5hBB0_nrOBw8Kp_4
tGljcSxS8R14IbL4nh7o2,VIDEO,Cjj6DB7ZlldGepkDNOBuB
iBZVPk8uc1AKdlDzWsu0o,VIDEO,CnnUjD4MZsbeax0kR4DO9
xdHSz87zeczHaSsuVTb1o,VIDEO,BdLPNZDDuzqoRYnDMrDZP
9iacg7f3tSCe484trUWOe,VIDEO,GdBucPpVzka_50ZMXvRLw
rwH7HanXxE-wuLE4BZrtN,VIDEO,w8obi2oPkEKNUuKWYNvfi
NJPlPjGd-8DTmBYjTnuvN,VIDEO,TLJFc2o4TOm7FLOp-ik4_
xvYgGqnxFTq3Ru4gEtQ1v,VIDEO,6VohHjEYWA86wEL5M-nBA
BOH0y5ctoszn4y3J1WkaL,VIDEO,al8UzAIRywmYZEkJ41XuI
cOofJiGZzzQPKKMb6Hd9X,VIDEO,7x9SKpHSEP276zpcKm2ym
KkCv-S6KHRmhcu95VLWLl,VIDEO,iu0JXjWbyvlJAPcuLYiOU
w33DpVd5Q_4wsmopT1WH1,VIDEO,WBY64DleEqwtrjDItpMS3
H-OT6WR8P4gekynDdoB5M,VIDEO,bmOHHAzQRlcQ-pWodcBh4
3Qrl2bPL08L--OYIvIteP,VIDEO,VHhN4SLpTG5J7LWsWAhMy
6w0hjTS8y88XpEmlqiXOn,VIDEO,Fr0-egCeSAWHz8FfyPoZy
J3qG0oi0KJE_DhO49lSBm,VIDEO,VqayD8xW4h_F6VgyB7yNi
MgdywPZ56DB_XSMdpZdIx,VIDEO,iS37dqZ4aVGKZYWcTfGx1
_PJ4JMumYCBGCS9LK95wX,VIDEO,rvG5eR33VjApvz3hruP_G
SYhSVnTnrD-zws5ER7KYR,VIDEO,UrF9y6XEubdz3nIyWvKOE
m2-cxhKGiMYkBAj2ErV_n,VIDEO,IP9hsD7q5NrfeaBDPKHKQ
yPOkK7yb_SVmUKroo7cmT,VIDEO,KDtJguOe3ojjrJnguqH6q
X8C0R1E1Fx1hJ9a-TjQX2,VIDEO,11pFRdNDU8_cJ0-LPVTrf
jlpUStswn32lPak-ypr_m,VIDEO,PbBf1YdkvCYh0vqIQAesl
nuov6t_nBlFTClIcR4iMb,VIDEO,3SfU4Dn4ESrrm-DPzNYxp
HF1a36IJpmlBsDMc99cFD,VIDEO,F_BV7rhpn8HUU0rhVp_Jd
JAx52l9EL_iiA47eIUgNP,VIDEO,EmRyVZW6CwhRxyx2ofHRP
JcLnjSNxalgog8dXelUsO,VIDEO,MH_0cmWJCudWsUGPlM7OG
PxQZMwlx-8ZEcygZNny50,VIDEO,I_TpG-fF9pmuCg7e8j8bR
6EcsSG2cofcdjJI0VHImf,VIDEO,ClMMV6TaNi4XCivHdQvY_
YAdLMGE1rp95JZi86UXpp,VIDEO,2VYvPYM-IdG3-59OlgPWS
edSJfE_VmxW4ZaA8Ea7uU,VIDEO,AM77dm-wvWnv_hYRwl1bK
qvR_7SeTROTdo4zvIoCx1,VIDEO,x6o2CCD6B5_lY9Re99HDg
N4FdKByXaqv3z2u7SATDS,VIDEO,yGge7tsN6J3n6MQ55l2Li
fCU_qxYwLMGjsVbVMBOhv,VIDEO,kQj4t6AYBJAumlSoEgFX8
SoVldRscgWirJiJzdwVSI,VIDEO,OCm_x48CF2OH4P9SQrOQP
TXXM5M1O7RVpHKZjpKMff,VIDEO,n48QBT4lkxoNCKwzuOiGo
BrBM-b1-YO-Ra_myVaKgZ,VIDEO,abBI9K4h_m3R4WAwm4CKo
HM_AXWaZ_ljMuRp9aFIuC,VIDEO,v9o0quipOthg7P7MvYPxe
ncU-ZqRZmspK_O2RjUqv7,VIDEO,5g7E4eodzh3JECBC5vtlt
x2-5w-1YpPap64iowK-aX,VIDEO,UCQjzNVuY5iuSMiz38rUb
ZKc6H69BgJQSGpSR6GzPJ,VIDEO,SHX3Ly2_FIgeyz7ZdVBuO
T4paZeX_7IEwTPzxMOwxb,VIDEO,U52tMPqWgxxc6idWyZx_8
L0rh6_Km1rPKldn2N0Iqi,VIDEO,o03msJKDzrMg71JZWXdEf
OkhXaR31uMTyhVZ81z6or,VIDEO,xTknvRb6lJ-UcG2HE45Hf
iqptk7P-RNNlsQ7yd8BNq,VIDEO,sPiIo9TMNr90kirLOslaY
3iBAQssd3SiEtS5HTnhCB,VIDEO,5hV9Kti9I7UYlIfL4egq7
zP5Q4Rk8YHHjkDB-stSvc,VIDEO,vYsja-4xTpPIdCn8-qgEZ
9k1JAn87pRKwCuztSKlp2,VIDEO,6rr21uBPkvHnv5ueQV5YH
unKt9oX_JzcRIAvKQxU72,VIDEO,x1Sjz4EznXL5iGq-NyWuU
lYaw12DhOE9kjFLRkhws1,VIDEO,wyF-xRtYuH20cnOVmtg4s
eipgZWTh45nNeDHcEPdBQ,VIDEO,L0vj7Pteu6kV4hp79UYuu
Mqg0p5gPI1Y_HuR5yEBrh,VIDEO,vdIdRG90n0_Vl609raE7a
tOOh6HaCf99FDeWYBPbxi,VIDEO,9zU8_9B9Jw3KCxaKXHPDw
DfiKhQJ_N_ETIUZYczXi6,VIDEO,RmCN2si3J3w3_q1aPR5-C
YgrIfEl-KDBMu4RoOIUhg,VIDEO,25kU6qpmAUvW9FLBe2ueh
XOI3bVA_BK-t4F2M8urNZ,VIDEO,d8Wovc0mX7f-1g2n3iDHA
kFlWxVPER6qFyE5iPjlLT,VIDEO,iqbGUqflzeskS_eCjEjiJ
zZy9oZH3v90Hb3zG1BTb-,VIDEO,zhWaUL-a_N131E8Mw9vr9
1uarEBJ5iwyQfEfdhMsOw,VIDEO,tjAROkJQQvX--RiJ3_7w4
4PcLmfQvVi4_JG4Mu5Uqr,VIDEO,PDwa0V_6Py6R5Io0AW0KB
tVCMY28sMuvcoHV--tvA9,VIDEO,cNXhaV3tTR4V3nvF4KPWx
Cc9dBVY1DLnjc6tvtEMcW,VIDEO,YxNIVy-Kt42_cHVC2eCda
H8YWx4JF0N0Pbt8CURVUK,VIDEO,dR8tDr13jlZ_WVLqWzWFp
PmttiADDwxLqq86VV_n3q,VIDEO,rRWCN2O8Ts4g4Z6fFidP9
D-VYpNnVXkqzx36uErOvI,VIDEO,Ty048hnd00LUgsj7qp-AI
B0WtGbEGNn4T4_goOgFnz,VIDEO,rZDI4iKooVeDv74xdLqx9
B5bpouXd2xNsy8cuIT5X1,VIDEO,5xcYQpUXRyLNVpAsFB9hx
aAhOMenPYoUANxkysgQv2,VIDEO,ZnQNRuUWjjQAaCWxDvqPP
hVr8AzJTFeWvwnR8iLxzS,VIDEO,mjgOAsAtvStoMtCS5HrqG
kTiqimM8-_pjAxQF3bjJS,VIDEO,pQjcjvuXBL1SoxxXHwQRI
NXKhXiisAv8wZzvigMKhw,VIDEO,qOcjcZCeAgnMaS6qMdKNn
4gfsUU7hQEM2oxHBEykbM,VIDEO,7p8mMIAl-sTA39Jvx41ng
0M8zB94O-Jyj3qFAlMRjd,VIDEO,9R21aLIG4J68fqEcgvqlz
hd6216eLab3oMjVxpnkI1,VIDEO,5PfhQka0sRqBolPbhGElB
3KtSn219SLvTbh8dUFIOu,VIDEO,GxTIrkMoVd1zEsG6BLQ2C
YfWJxf3VFOKpUFUrvkSX1,VIDEO,-7fD8_TadSpmJ-i9jisxC
Nqe3fFyMuLN11yTHdNfnX,VIDEO,AMMNRB-IMGX9IzIxIj0Zu
WK-hL0fwScBCAvZ-qwQQ-,VIDEO,_IJXdhvicou1NBhn15vOQ
PyHLUcpglzV1-MZDM229O,VIDEO,MQ9jFh0_TzM1BwhVfqFPs
glaO_Wn8Waz6f8QeDJC1K,VIDEO,IOQJ7LSgpW3q6wwTNjmu9
7yDjZkcVvuEO2I7Yyd_MN,VIDEO,lzZ6mvDArstZnu8VdgIWP
zSSWPOylf-0D5SDGIUfQW,VIDEO,9wwLYZ5fZRNS6FXuoiRbm
zomnKfihZvgW7ONLGhFX3,VIDEO,YoOzN0nP9V2_uEdkSgoo3
vs8C61PE383QPsYrM0jq1,VIDEO,MKAv0SUecBvH5s25S8wzD
7s2kaxdXb5opmPagmtzsC,VIDEO,HRgV7EZd0AMoSE9WIhMCQ
ON9mDT44SR1CDG9AF98DL,VIDEO,dEhzus6rNqASGruqDkbKk
sgdWTOp8ZrZ4W7AspvUXC,VIDEO,ZAHgR3J4wnFbqckCnl73J
7y4zDCXnPfDBeJGk20HVQ,VIDEO,9EEo_WkUYCBu4glXeNfEA
kdFVcHdzpVC5FzU9JetNF,VIDEO,LT8vCXzyiJ5g7QKb0cg03
itACY_NPIpbOzBd6r2Jsz,VIDEO,tN0zkET9X3VvtpvHHgjSc
9revbzcw-wddq8bwbzO4y,VIDEO,TDMIkikaBfmInpki33FGf
pxwDyyT_jUyhn-vj14pfk,VIDEO,07jswyTnN1-zslwqzxxmw
zEItHQdqtiTeDre6XAae7,VIDEO,3_vZohjzKD4Qzea0GGacR
uC1KrvMkEaY4YZ41RJIEj,VIDEO,MQww-lxIks-57G7udyDee
8qalx6u3__FskD9KL_Xed,VIDEO,wB96Be6IXvjIiuRjp9RaU
tOcNJJCN7tZd9cy62kGUI,VIDEO,00jr-O6rysJpcRJOXHof5
YdWMhXHh0JRyZSy3zevDb,VIDEO,KLIqIo4epmWeBYENB65Ek
hEWt6QpwkvBjjYbRCt4C_,VIDEO,lIZWTmtx85ZVk8kb86ss7
kvmOpbDIaYLfx29a7ijir,VIDEO,FbNuBDXt-0hhJmwrB7Eel
NIZhDUNQsRYh-8-aR_YfB,VIDEO,9T00r-xI_8U-IyUJrTWSh
c9LaQ3rGXeoUUfXqZZYBZ,VIDEO,GlQ39t4bDG7UD-wsQsjDM
fV28zeHDC6e8tq0rTrC8B,VIDEO,pd63j0bxWGgtl40GKBQHx
ozFE0ICxuyzU3cPdBdJB9,VIDEO,Zb4Xd-eliWfFb7g9fkjs2
HTb06grrwEhgr9RymKm5k,VIDEO,ksAAREAPxBFdphg5c8nSo
CdJcetclsgTH0LPawyD1I,VIDEO,YP6myJcL-I1oEPXx9Pdfn
D4nc_8zJmuuRSkCGHAPds,VIDEO,x2N20y1dxu-vC8cOdmAWd
H8DiSYxmozmrjA8gmv7Ot,VIDEO,i3015E3AVavaw4-I2vdOg
p3K6Y5FSXjZKOpUotjBD8,VIDEO,oq_Z1ceemHDp6wsT8H6G2
tND6WJoI5PsSm4TSj1KXu,VIDEO,LLWrGoV1M9XyJa2XErAkL
pvquvp8sAiPHhGdT29Rlr,VIDEO,j7k0kpALzzgx0noNIME0u
EfZklOiy-Y9LwM2RAXEYL,VIDEO,ieUGGyR8Bc6_19vf_5G6w
m4aL5hAzIPWIHRyudwtX4,VIDEO,ol_eEmcE8KlxVOWsINWXM
mC4dYZlSAi00E5dVvEmSr,VIDEO,MK_A4KcRlCJAilI0fqgwH
0O3ysHRsBZe_2Dt0yt-K7,VIDEO,4Gpsc_NJaCVGCHTuE2xQ4
SEiSyfJ4SSuOYMQeEDeVv,VIDEO,EtmoDfS8GsMFC6LAf_-gk
HDR6wWKV5D4Fa_Emt-EsF,VIDEO,jHyabdk3lZCDHcl8OOGHt
sZeAyeB1BCwOD15PKeB8f,VIDEO,H_XL3saOy1QzrUvEvR01W
3ekBlYwwNK__KxRaCKera,VIDEO,3C7YpXt-MA8LQrEb7Y-la
hff-u7QHEZJtp7epVKyOx,VIDEO,6Rs8g-kF9wSwn4-U49-F2
NgR4V-ivTkB8m58dxL8Nu,VIDEO,tLoPGDr7W14LPk73PnMlZ
CGi5ZaVY1zelgF0GKEalj,VIDEO,uHM1nSs3aPaN486p0vxyt
dm3hEK0hKc3ddK1Rf0q9m,VIDEO,ObiC-tjgk8fKQtmniKFo-
jgOKCnJQIhbIReJiq552v,VIDEO,3FK5TzbDEruLfCwmeMdoc
_lcw1jXZN_4UV9M23hrJs,VIDEO,gZS15zs6i349JbBqyLDtM
1GU8lUsyjX-K2lR0qeBSx,VIDEO,eiV0dVKUSl97os0WK5sa5
Y3vf7jNeRl2DUS-C1gCAf,VIDEO,HRHRN5D_-Xlf_CLRq_0px
8yu1bXxUSUZbwVhgSGSwZ,VIDEO,onGM82qWOXQQHVcurw_1q
ybJkldQ4sV0nwyj-j3LnK,VIDEO,BjH0z_1k1czsnN8NnGuf7
rz2HRG_dQv40Aba15E3ZV,VIDEO,WcLVeukacs-_Gqt54wu08
AfYLtMeVPRh2wpMjtgHDV,VIDEO,0GH1D7OUMgFTLxux2OPad
MYEiUnn36G1GFknJAWTAY,VIDEO,AvktnbDpjY1RqGjS8cCsU
jV8PaxOGzStOkAJR85Ect,VIDEO,pA3z0daTF0qHLF-Dh2KZ6
gNq8ux7GzEHIMmN145RNb,VIDEO,AdZoV-C-lKXauyDUO269q
SAqTezkOkR1mEgjwwrek5,VIDEO,8xwL4ahg6CGANlQAK-SjY
shsU54QWobmFnGXFYmiLG,VIDEO,N1V7bHWgkWOVcE5JuTSKn
KqHhsWIYyLDKmd2arKx04,VIDEO,qIGhfoH_EmysD1KrsW0Uf
DTJapKCoqpgmcl4_RUTuC,VIDEO,LF0SZY2KCuSdKOqjuQ6JH
r7fxRSQ4dgHrOfPm12KaM,VIDEO,l60JXkKQAAb0D8y1RRwEY
ESdK3OYBcS8CJczarncGc,VIDEO,XQKMofE8EoPwvunpvE9lo
KYmLH90svV7-eCMhKgVBY,VIDEO,u2UElmMsVA9pOi8KBvJTO
1CQv2kQWE-pinp5LC8h9K,VIDEO,SybPxT1RfcmnNxFOxro2r
tErQJdbbmqjIQG2XWU62y,VIDEO,qk7BY6rAU_8fm6UYD1rQG
dokOKDe2JDt9zT_G0qHpk,VIDEO,4bhhy_LVVDVNmLOeCBmd6
zaMK5rcG-_HiCljOuWZ77,VIDEO,5E1kcUUhMLs7HUxs2zWxT
_uY1vjQebx3Bt0P9kG9hm,VIDEO,VlGmrJgdHExxn3byoCViE
JvKQip6dKhHOhqt4MLi9F,VIDEO,lJi6vCiMVqgeVRDyVdts8
He3MbrH798Q7g6FQrsTvT,VIDEO,NeC8kn7EnPh3ih9T9AfVJ
wYNThxyC4bjAfGC4cQXvs,VIDEO,qvOCJxJ1rqr6_DWlG9mKe
bYUDsOeM0JXft79VDcbua,VIDEO,DYu8s2OjRrnEomjL8jnl-
SyCXmNMeMXDJGNGxoHeVU,VIDEO,bStwBGTAe80YQwaTURIIG
kjO9wr1Cyhs4x9_DMREFW,VIDEO,ZlQGmLcm8G1_6mp01qea9
Llroa0FplrPZVWTR9I99i,VIDEO,kiIwrn4Tx7-k2sKZfoni_
LOLsCHWAjK3Mx8WI2RpWb,VIDEO,yOI8VMx0jgl-CaLjr7LUg
RGQ9inP0hui5kxLe8cbzu,VIDEO,8fjJe0y26b6lOhO3ZPOsx
iphZCgZNIJNXMrmfZ9AzN,VIDEO,inNlj5kAlLOT6FjP4f9TM
zx2aYsKnVttYZQWqFOkRq,VIDEO,MsOZsx_TvNlinthxTu934
5wRbQfOF-y2Jpim6ezp1m,VIDEO,YhdEjcfY1gps1YB2sIQ_P
5btlvIRacEcx5kd-EqeYm,VIDEO,OkbDiIsWieYq5QCtn7_16
cvdBj8nR6dIfFfDSxsYAn,VIDEO,sWED5UOC7gNhQITJCk3l8
Z6h6C6qEyjuR6aEk4YDO0,VIDEO,4f_nhu52N3MHsfMK-0eSK
50fhtQEQb2MFJUdU1_Y5w,VIDEO,pc-V8L-onWGvgwMP5mcxI
erynSfVbB0U-LZsruqRWa,VIDEO,YKdkAlwxp4YUD0aHc0we-
osVarb2VDL9Qg2qMNi-Re,VIDEO,D33PARBBd_VLCm3oIsZbu
J9RXqiGIExcaZE2yMgrDn,VIDEO,PTAoP7aSWJ0K1zkvsCS3b
C2-oeUyylJThXe_Z4ImXr,VIDEO,L5iQ9_oq8HamPZvsgS4YE
FJfVavq9HbXH5TuEThEJj,VIDEO,K7L7HVxZToSCJYss4CFjj
MHOcl6GKzGvYhFj75ryTw,VIDEO,3H_SCJmspYIB8QoNzlr0A
af_dboUJpThYjLiQFUC9f,VIDEO,iRelFG37f-CBRtmeG_Jqx
iZajBdsqC8uDDDZ1I__zY,VIDEO,NbhkU-ScMIAVYIq2TC1HK
02GHoObMdkUP-N8tTUYh9,VIDEO,hkySwAixbVD_QZtR5UeOW
kXcmSlZPGXh_eUpn1aE4L,VIDEO,ZcqC7kc4rfkcoJq_EApTI
-Q6x_uTJeQO3PXBiK2K4B,VIDEO,ry3E1eeclqP-xKnfX4AUb
PfK_c7lYFbsLXQFf7fsto,VIDEO,QjwDX2zebAfvhh43bQ-eK
pnigG5mBuUg-uSEj05xng,VIDEO,geNeioN0tP5o4APHKwvGS
LnFVjdyCHJCSrSy-9xlK_,VIDEO,yUBWsLV5T9lHENEflanj_
7N8f9T4hMjDjMJcUIeXnA,VIDEO,WYA50ZecFpSo7zpXF-XF_
84fh8Q0DmYJJIcBf_ZSv1,VIDEO,wEpD7nfgKL6to4W4rjj3R
boRTuGx6VlNnYazwJo-Py,VIDEO,7i5mvWp0eOsVRCVbFQYGY
XM9qIsmHXgn5PqvfoAixq,VIDEO,tIc5M7Y51KAIHQtNa-dE4
aRDkLPuA5TOBSJYK4rMpZ,VIDEO,HvTGyflnu49IaQLPlM36_
w1oXu_cAWd9NMHg4nD4wl,VIDEO,_fleNpK-3PbF1CuCyRuyC
FUJEK9GnnCnYrGwSmP7Ch,VIDEO,02IelVgZSbjKEuzIkvI89
dt5ePOMK_dTxz9MOeSRxM,VIDEO,Xl5acZKjrbohGnQY6Vm6w
wVA2tYafIUCowEtt8hTMH,VIDEO,bRev7B8xIeEkmO1xt2w3t
eXpG16IVZUuV45QJZ_WLH,VIDEO,CePTtj_O3fIbktyyTQcLW
XePqDW0gGPd47yGre2lBc,VIDEO,LEtlfTi04Po9BjzqbGMB8
TDxnvqjazOQ7lu9MG7TX8,VIDEO,qmn6YjUcZ-91D2hNC0TY2
AvRuQaRuDJKScUXDu_FeC,VIDEO,lnOaRZESnSTVbBHzRdaxf
kzc52jRvrIvsmCDCs1mZi,VIDEO,sRldvI3jBSLTJ2kySSh50
0KR1H5Ml1mqrbfB1Ubi1u,VIDEO,7uH3Y255gGbdtf3CMyb6n
5ffzHiCOW9eWJ2Ftx_r8M,VIDEO,m90knReV-iP_GbdyN_y65
EhhwUfMF-6Z6xOnq8X9Pn,VIDEO,qiUxha6kKeDUf5FBic1dX
efdXYgrRcrrSGD0dGSrPb,VIDEO,QSxr1UAP43yogZi8biwhd
asa8z7dQIwJ_ordSf68NL,VIDEO,Aon85rkKZ3AoLxNazSMo4
eUsjo90HLUUSnAyqNr1SI,VIDEO,5Ys7Dxf7B3toNWDpDsbBZ
kk3eOro3ybfrUGgJTHaUJ,VIDEO,1e-N_zfhj148UQe9GC165
wBkP5KKICos_eNKbm_Bw1,VIDEO,Jl5qE_pURyKRD5ApnesCv
B52vZitPopz69lZufFiwP,VIDEO,0qIskDIPfUXdH99m8EIDb
CIkE9gCkw3PP9FWoqNskm,VIDEO,Vtw6dLkc5U_WGOIqwWGhb
R6MQH1PTmeo-g1Nw9yZTa,VIDEO,G3BfRJLsPsBCDCf3AH-9v
6ZEZHk4VSL4VLvZQy_752,VIDEO,phkLAnqLH3DF5b0jvy2cn
RiD951cXgpWmmGfU4nsAd,VIDEO,tfD1yRZtzLJQBtLPLjUh2
EcSGmKKWAIPp4cNapoGY9,VIDEO,pbduivWpvYB_OAQg4YuUn
6ik_CucDA_lVbFWpPeDvg,VIDEO,eSui3NWHeWGWLEuIbD08Q
KVhKXbsuIj6kuqRnQSOI-,VIDEO,vytvK1_-iQKATk4fTWCLB
JEZ_igOKbKR2bRyPRKFOa,VIDEO,rvBDSaAeDWw2MWeau1-uq
XjYLMFtwS7VOmB9gv4gVy,VIDEO,ma4vISLI4De6-HOUaEjrJ
KktCx_ogR2ILf5VkGmXJk,VIDEO,MrzTHq3ITo1-4C-goRt6_
TqMG0KzEN8qqtrIxygaM-,VIDEO,eyr3CIBXfGQO_8RpxDOBk
ndAUSsTn3byhL69za7Ms2,VIDEO,BEFOxXNHLygk6wlh76dmM
F8OM6l9jAySWpetVhiUsa,VIDEO,AFTYvokU67-Rnz2U1SJVl
3RaXhtYaGx5YXIjkGxQW3,VIDEO,feDpCTWKDID8UZqBHhm7n
74rmBzB-zImcZDNfYggWi,VIDEO,18AX4TnDU3zxe-HqNP1pF
ZhZMgsRvNjXP0AJk02GIh,VIDEO,IxKOq19PhsVbgFHJzd7mU
G93NA6GOoK6aMHAsr_W0s,VIDEO,OyVDDT9pFcqbi6eaxBxDq
TkA9Hjf2Oup3nV2cw1J7d,VIDEO,r-DTbSvaoL00S1drkSXKT
GN-xl6a3zjBhanzb4g7q2,VIDEO,HIH12Q61wrp0h_GEM-GTS
rooXsesp9pfkQIEg45x86,VIDEO,ldKvLrSYlguQtpPXEZlZo
zvwGk5A1GU6vg9bSMDzns,VIDEO,ENQ93LseSgtrYHbVPXIBo
qw2XTjd327hK5zsyLy-Xk,VIDEO,_eKbPHM16Bn-Rd7dzQN8h
AeEcf4QK66P2Gqyws9Dvg,VIDEO,YXWKtSvB1YPMY7yp72qDD
fshw94NB3l80N1P64em0Q,VIDEO,Ct3YN7hJFu27Kvssp3nWQ
HBRmGbhmT02i-p494OvtN,VIDEO,dSu1xhzYltXvd6gnV5RBa
WcSlvFYOpAm5GzZ1MGXXN,VIDEO,mpYfGeOsENC0HtSVsqSxl
ndxrCFAXL5xXfYFDAk_cg,VIDEO,YKidk1QAFi-5YD95N_shu
0XT7EcjbqgD6fnYEged1w,VIDEO,WDNO7SMEg38C_lijYxN2H
w0uT8YjHa5GqC1EuBnozZ,VIDEO,QpfU2WiiDKQqCtzD-ORYs
hY0kB4-HLg8foaAolaxWk,VIDEO,TzMQ_uo4RLCPS0onOVn60
_TjKzyKXG2UcYJMMqapgc,VIDEO,ZlIggJxTHNXaLZZJXpJuJ
i_JWc7sAIblm375bL1EQC,VIDEO,ds_QpxsIzS6_h1MxZ29JX
HY752--qBM2ZW_FOTGFwy,VIDEO,ET-mV3VcMW2XTlcheWh5v
2JwNtlFsqk2wfgQa-T6MF,VIDEO,XNRqfK3frJnINr7WbuIpW
f1gqMxnqsCHIOZmtOKnfn,VIDEO,RtAzqoZm_ra7z3ZPCjiHO
mt20hEO6rIJqik4eypc3A,VIDEO,VtD5ZCBSlb1R7OTmeXeHl
P-MmAHtR7PNOsgXPQdhKK,VIDEO,OWxr46QYLfBR5p5VVGOwW
n5cKIIslZvIypmnTCYNl7,VIDEO,DvTyB0nFK1gGODuixRqHJ
sgRumDxRqoGUX2xGMVmsM,VIDEO,MRKeY3Pf36c3LsDNQkoTb
wQC6RHJSGS1At6ju2rYPg,VIDEO,IAyNSxyJcc5WzAvtQ60ja
-hbMtCUtY6mcb0fp6cSeT,VIDEO,adVUgyF8k_jzjVxZN-4fb
56QNkQtyEGwc-8u6Rr3AB,VIDEO,OxUMvwPwXZmLcF73u8p1r
BbyMLXLnn1IZAUEeeg-bY,VIDEO,soT7cf_yoDRNYr5qkssNy
pOSF61xCiRpcTOdGmPeRu,VIDEO,bK3n2TfgJmcX13Tw9ojOV
QZIWOFQRsDDMgEe-2-AR7,VIDEO,NHMEHSFZvNFn1vOIvUH6w
D889Kz1qQhQsnWXl1GfbA,VIDEO,qPLv7iGV-Cu0YGmZRrYVh
_1aPKweWgelFvpRgqcWWg,VIDEO,mgmp9yGnjv3Cv-gyhvP2B
o6dmr7eCI9x1bhAQXRIvY,VIDEO,EQhvneuW-DMepJtq975Jd
vs4r7ljMmRo2Kjl2yol08,VIDEO,GRvujvTKJI_hoGMB8EQhl
N_W9jqKfAPP05M-RZzPLW,VIDEO,Oij5GuzfTnoN6zQluMeOp
3JLl25keQmnTASBsDdpYO,VIDEO,42-IIzCAd5LXP-FDCvjYg
el8m5UZ1nwtwCDRpDperL,VIDEO,bFV_3er3uF0GMZdbdz01q
dkZ66zV6Ij3Sh5cGJEpAk,VIDEO,PiPTsRCxHnZoQj5KsFhUd
mee9H9dAz24Zf1o24RsR7,VIDEO,aedyzEXlU5kzM7mIThmwF
eLRdJg_fA4FJGkmdUpxVu,VIDEO,ahdKCpqGKDJZkKZF8fRq5
kNaIEecc1E4FO2m9MonoD,VIDEO,1B4o9n6S6VFXMKXxe4TNn
xrLX8simgk7skR4_NJ3q6,VIDEO,W5yLBxRNpxf98ifvDu-RP
monwwUYei1BsitMqrZuS3,VIDEO,0kuuFmxDvW8MjZfR4fTZl
2jHsz87eTu9RMPOpHNDk8,VIDEO,hWd8ooL1aWntnMfllXi0P
fQgZz05pfhH3JVtSj3ex_,VIDEO,hhsQQW1304TSm7-FwzWC3
9onGsQMl_nGNjsOlZqX4s,VIDEO,K8URFzpg59RAYEO-KJmGI
nrkkm9Het1DKlhe7nQQKX,VIDEO,qCV8P3HWARq9zSn2QKVRg
5T7gXKrje5fJCTfF2aDUl,VIDEO,6OZPNjnm7JlftH-drnl3V
9H8Y2ZSpHBdnj_TiOBhnV,VIDEO,HO0v8Pq93PBpNk2iPV48-
fyecrF7t9V-qehKSq79FE,VIDEO,2qxADefIlc3Aq097Rzklc
O0LuRkTNMRBjG6ERVlW6j,VIDEO,Tn9LlQAOU5zE-nmXXveL8
u294GCt_t9mvbMFKlQVrP,VIDEO,99Dvmux04dE-qdrzeD9CO
u-ffwwrlvDURVnzUPdwFI,VIDEO,NU0uJv7U2jfT4MJhs7ASP
JlAk6SObogHj-hDr5nPc1,VIDEO,iXP9taxP7WUmpt-eNCe26
dzgw8wcjiH5w67nNEaNXS,VIDEO,IyS4D5CSnYYOuey43nU0e
U2FKQ3lV632KFS-fk0cC9,VIDEO,nLdSTyFYIDVWbcVGj84Ww
Z9J2skYJOVGaDmzm0PZi8,VIDEO,Z3AQ1A17vAQgGnuQFjcNz
vfNvgCqw1-cy7zSPFsKJ3,VIDEO,fVCm7dmzueRCStzI83VsW
tl-EEOk5Cjvf312SHbh7m,VIDEO,kH5JCp_UfujsVmFhHb2-x
VfnmLsHbv0QvG28UXKO3_,VIDEO,pzryDvNJfuLEJSRQmxfJx
I653FGOQA7yZY_OEwaNrZ,VIDEO,Itn9_uKQm9AXdu1fX3xoM
fq62w79uWj--oHm5k2Owd,VIDEO,gVh0z9kQcCN8qsrBz92Hp
VKt_bfKvOUcY3CMhst96X,VIDEO,W0s1noS1csBn_pMxJVdNV
yxIxHozREPN16FZyiesJW,VIDEO,t3aZ4fpiW16Hlh4bC_yqd
s6x6oAoO4A39hP3sTlgdv,VIDEO,WF6A-oUHMdsD18-xAjy3J
h_NfZvjXYGzox7Fd_BoWZ,VIDEO,vXj1ipIRGpnjXLsCpN4AG
36rwMuK-_HWgWXlMKBhLo,VIDEO,azgK4_UBNqsSIvkdDJd7V
GBGM1VXbddWTFVoYWgdyp,VIDEO,d8iC7rSSgHHAGuILsyalR
HE7dyOovNDvbwpesfSoMW,VIDEO,dp0wADQ__vM54UxPAdqR6
JpQ8i3ZXH0VeGVD7TU9LE,VIDEO,UAJJYSqsiMpg8LZqhC-FC
AP6F_evRotYMSYb9_ytHk,VIDEO,9a9eaK1BVDP3I_lIQrj3o
czkB_7cHYCrsTM9kQNvp6,VIDEO,XaXmhlnvetJhkrV3m9c2A
P4ziY__hQYBGL54D3ba-g,VIDEO,WnZ3l2w9gxaNsMhEltKsf
WEHG1OnTpikIxSjevwvtF,VIDEO,78QhciqESW0up7li24xym
Od-vcCDJ2x9QejT3M49cU,VIDEO,cO59FGx0d4XzUlRpyVVEh
7iHkW86uR6vTqTVJY4KXw,VIDEO,FNMOSNzNQrg1x87ojZLcv
H4vVa0nwRlDELeHK7MyGH,VIDEO,hLbW7rL9spZ4OZa1NPLBW
EVvC0khMMXZuwi1YhmaM3,VIDEO,bq7Y9nb-PeuKXGn7X5XRf
SjO3HuHTd7uq69qV3CbQf,VIDEO,z1lvRZYAfwQ58SP64e-0C
cGnFUnuOLEdVnqdFXkgdo,VIDEO,sHGhY6j6kEDLl0NVP6R-v
hPxyLK2mLmtb3xJ5WhwJ3,VIDEO,SCJLuh5-ltKWJmrOecwd7
K4fB3Un2mYHa0d-QpHUn1,VIDEO,2wDQpKExhkFbNfv9An67V
MYmUJkR-7BOie_EWJ2xNs,VIDEO,0TCtlSYd9F9lSQAtjyZsu
PvldpJockpgXn6vlA9gYn,VIDEO,oPBapF3Qg0zdGukQ8c0z0
j3soZkQjBEhwdzDGDIYpw,VIDEO,AsUTcx3H6slG-Y563vdsi
iUovH_rWxCSFRCxct4cT1,VIDEO,sek5GVIk-UXu6RQbKZA2Z
nAB_TFFs5mR8qrAu59CzW,VIDEO,t_562TLS5GkZGWXvxhwdc
aJ_GxpM-G3B5bJL2gBCq-,VIDEO,Kl8YZ2D4FRwYcU9cWA4L0
tVKwkwf_zrS10G2JDKa5w,VIDEO,FD6-y_M28he4DJeu_LBzF
Y_kVmMn7QWj7c81jfnXTy,VIDEO,hFMY5xLz2WhyREGBoiO18
At5ZUkf4qOC_pYJKupx2Z,VIDEO,4wqOWN6_jpGAMlYojctmD
P3Z0NJv497J3gtbGoD8-U,VIDEO,qRFQwgRSr_IJLQiLd0URB
vuzUC2ryq10FnJ9ppSYoz,VIDEO,lbNKLHYu9QsexPgoUUknh
_7YkF0Gq7xsx3pqwdZTyH,VIDEO,kzshSBwOI9WSad0o3BV7x
KUQY1iZS2HRN6IWZ_23x9,VIDEO,Gqds_ueH6GesFq6WajUzL
MdY30ZdwTmsmq7aBWa3rT,VIDEO,7qsfbn8M1ACLAnt2hhzVl
Yy3XzAMIgsnoG3_4RhTVT,VIDEO,cl_f32TfEY6NML_pEjWW3
-VyBgCXMjTpUwRx5v9fqm,VIDEO,q-pIcqqUHvducXHfRHLEu
6Sx_W9UAPwwBpBtvzZgwq,VIDEO,Nc8YvdP2OYhE1CMPsokrx
_j0exe09RxQ80emAfsYiL,VIDEO,6V7SiofBOrYsdHRZvgifj
sEjy4U7OFxttz9DQqRuKY,VIDEO,MmPNI6iWaHh4y_UxZnYCq
-6D-706FXxJSiXnmNZqb2,VIDEO,lEudaotnP49RNjEpSw13f
qvILmmsqQ5ntVdvQBPjRK,VIDEO,Zm_n7-a3USqCn9q50xIBL
SOb9j6EXuLzzg1LBjlho7,VIDEO,h9AMiXww598qpwUivvyPz
5-dz00GoS1QPdZgxvcPwM,VIDEO,7ddT4OkaKg5AiviNs3KY5
Dw-6VLpMU7Lty30tbrZqP,VIDEO,A3Q-uGZUKbU7mrJUkxJrd
7GJyG-5Cd4aLowCdZp_2p,VIDEO,N9FLTzIyUIcVcz6H7SFlF
3BDnkSSbKRMzir7R43yjR,VIDEO,h713id1S4-BcBlGNPkRQY
OUUV98sjKVFThiKToRmu3,VIDEO,Zt5aUHxADHirxd3XDvlvH
hMifxy-RLaQ4fqsNgaCmO,VIDEO,R_-kb2r7aZ657dQKj9PZh
AW2YhtbGokALf08khtDhl,VIDEO,IPLIx5_pPrN2R3b74DsgO
CaDQNfP2AG46IxfAQhRtY,VIDEO,UbmHvdfVnV0DWdZqtRKxi
sS_iMfK7-xtVt9sMwrcw5,VIDEO,NSymUtDC1BCKSxXIQxSQV
bHFe23iDaaXdpFZKeHm95,VIDEO,cYwS6lmjHBnb-EnCQBCXy
dWz7BMiwgLBj81W3x1Y7N,VIDEO,Ll0S5d5iQ7SIL2QjKph9-
0IY3kHKFgwC2eJhER-U7o,VIDEO,7F9zGiq7wnaBYpRqu67qx
CC05Hxs56aiDhne0EWICu,VIDEO,MpnPoV_sYZlodwQi0jpBo
QX8GCRVJY7NZJXCd_WiqQ,VIDEO,UI-F_Bp0-5pT6jHUMUqVe
D2Faqg6KqbDXM4ZeO5l25,VIDEO,pTgxnblMWvKzZ_nYnvKP6
GMLki8hbBrw5W7bEap7oc,VIDEO,tLCmZ8V-IiR80xhP0bygq
AvGMgFO9jtI01N3qIvfj_,VIDEO,cHlyQe7-ngY73hN_itjjc
rGi7lOIKvSu_v1mHhm782,VIDEO,zidCMXUaazG4Je4jszKIw
odBxgUJAu2_eyTHjwc6nE,VIDEO,RRDYmTss66JTsQrYYd_jU
yiMLDNXm5nC-ixDLidoLt,VIDEO,KkbbeN4VMF-S-I7oA1kfn
ayoJhakgOD75eBqDZeRab,VIDEO,SBQ4e_DsM7nxO5XTGLIp7
9l0IMfQ2Cl5VokVlI39nx,VIDEO,Esi_STl9KvPGeoDfgSwLV
1kFUMVv3R71RQ1yaJSDhU,VIDEO,wfVc-HptMe7iqprt1cVbR
LblNxGSNvSBT5lo9b_WP2,VIDEO,uv1PIWReqes_9LxfbS_D9
Z99CH9_EIKoNRbD7H5JmD,VIDEO,UYn8Ms7oBC3Vn22rD2jEX
N4TBwsCRLsdf2mSkSnILz,VIDEO,y0rsE_FOWQL7lVjqonL-_
wT1XPIVBzOdn0ak7ILKED,VIDEO,AQZATGc5yeFHEwFYquBNx
h7Y7d35mqyzwcoqRNSg56,VIDEO,GmIJ0HuHMOyG0FMf9nDcK
zaNOZ3S1cc_dmCeNl_2eA,VIDEO,AQecG-ISAEFLkq_tzzMqd
lS4ZlHSwn_UoHCPii08gT,VIDEO,FUg3bdGBQxwJM7A4610IP
JX81X3HCeXO4uFgVawF-4,VIDEO,QLA1r4pRSsvpWYNL2Mxdk
N_mxGbMCSem2MYDSX4foO,VIDEO,3QMrHXDKd4OpoIJ8CX4Ma
KacE53fGALLgM_0vdBZ1i,VIDEO,_wRCrNZPdzWevVQh0VvYH
3DPMLcvYYLpSMX3Vj8xNV,VIDEO,etts-8FqSW9i5wjAVJbFf
vULJqbr9-AdmbNQp4_alU,VIDEO,qlnuJ9GxvEO8ZZp7N9hPd
seG2nnLIyLg9uED8Wd-Nt,VIDEO,BVxSxF7m_Db8QEUDUBqkR
rypEEtHqc8uSqLAMxoMWj,VIDEO,mbPVD2aZf3LEa8bnMN_iY
XFM30JwP1Ko_MK4u6AAx8,VIDEO,PysITfvJvlwJzUsbMv0nk
V8ThUYV3KQhwn7d2IhEa8,VIDEO,OLyMpwshjb5g4f_f6bAEL
XKfPoSGNsOLqTG8mqMUmj,VIDEO,SHgtCuPaf1B4EtkwbNizH
7tsxEroChAx3o8Slom7LO,VIDEO,QOPOTtR4fnKuh52k98obg
dir69R9zE7SCu3tqADoO5,VIDEO,Gb5MnExPxdB7c-Qt9tZI-
___-ZyhCvljhoxO5wfoqq,VIDEO,0jo95GpFtbmkVkrjp00lT
3Tp_tmPVfaj7G3VEtn_Ow,VIDEO,8AvN0skC3H3FvuR50bYf0
EBUPDDKS2W5UT3QElotXe,VIDEO,ykzMaZd937-3CtNQKZKFd
0Zkxt3NXb7doQQarRL5BI,VIDEO,y6RysPcpGyEJuHG0vHPCH
ZUCzJtkJfkxYzMma1A6OD,VIDEO,DmcIdRxHaSN1rrry5zlst
0J_4wz_ADPLBq45PmbBLQ,VIDEO,KjnDOXwAmUOECPki9S9MY
RngMnwECvuARg42y1kQxM,VIDEO,35A61VpRJJXgPvwRdx6g6
aPrAY8yd7dFrmScwank17,VIDEO,TrbU6IN6u8cPJ2t1rri_Q
4XKgSIZ_mg3RcY4wj4l4c,VIDEO,UXy7CkZkqHphFahD7bfgN
oEKl5h7L26kTy5NaGpCrf,VIDEO,TH6xoVEWI2Qot58OYZOOw
ODYTeo11rIGFGHNgifRz8,VIDEO,9SFnxHTWwS0Vpk_d_Ll4L
Ke6A7UDkBYQWaxkw-JWVn,VIDEO,StUTYlaF8rcJbsJQd6XYz
FHxea4uGbFWWb4p93bz2e,VIDEO,TTqcrBqSQqFi-sLargFVz
zGe5K5VZ01aKfICrO5c5q,VIDEO,uM5h0oG2ZquaTF92y2Lqx
bR8n_RTXcZ4ZL3pIJOFk0,VIDEO,rvnjgOF8usJVZ14D9qWwy
RU0olfDVtf61QGRc5fCPm,VIDEO,Cx9toYw37BlZFAqtM4KD5
suIED_r6AXGzx-BWlycP7,VIDEO,_-EIaOS3Nw5Nmy11r4RWH
dbOw0r_Cc0Ib8LR9EvOxH,VIDEO,hOakqDpq4sIOeuF5_I_iS
XsRa2qyAR2RZaI3OkkvPX,VIDEO,cpeWYmbtfjVH9IJoZV2F-
ww32SkM7cXtaDs9Bbm9vW,VIDEO,2r0CgiuYpGF94WGvlUDDj
6Q1hnsBiByhf_bOxUARGa,VIDEO,TcgrxIuXBx2BXQCl7InDw
82znRD9IMRK5KRRKvz5X0,VIDEO,T8acyFTG34c6AHgc5w6m4
vtPlrYflxRim6cNtA6QUR,VIDEO,9C-r4EdYzCuQsJYAgazEi
ENSauKeFFVEajMPv0YLQS,VIDEO,-t5znQ-WjtAEQWzBFup3E
RsW0ssGQp05CPREkX2NeF,VIDEO,e_L2xYvqMRKRoDUlx4ZwV
ATCRL-JixXr7j_lxPD9lU,VIDEO,ubnc28DCQCSehlf6qMWK5
yOdOLBbQsPsFFKO9Um_4R,VIDEO,sY4Xk7EloJfGakAmgoX6G
ZeRdkKXFDkNU2bDEr7Lgj,VIDEO,-9Ukn4LrYpu4vo038D80H
ds-Op_tnz6PqCY743xTaz,VIDEO,f1ftbWvnwdKoJsRcwIIeg
52y-fxPtYXq9TdWmjg12G,VIDEO,bO2OyXGIeybAz7KtWANsk
WZ2CcEgT62kuH0lM1VjDy,VIDEO,JlMdTP9GOEw-gi6YRFn-I
SIQuLsbvbkKoJiGvoCWMz,VIDEO,s45ENW3EnlbNldjsB1zeC
4pY3y7kk7hnTGd9v9vkkV,VIDEO,VAMurJL0hf_SRzbpdfmcq
iCgdUAbLisZzWeFMAYhfh,VIDEO,Iv-IzUBjjnu3KZcup8OWl
6VGQtK60kLBBinrCo3SE2,VIDEO,y85ZOcm-oDObHSJTdtguk
vWxSu84yf9LBt2fjRgrfW,VIDEO,Jg27vhadZKKaQPOyEb3O0
cji7Rlassft7P1MXB1NeL,VIDEO,EYoMs80N9fOU03BRb7WbO
Oc6sCh-TxxJFBBUWBO3eB,VIDEO,LvNxVxy__QMOl4HgLSD7V
OBS9frA0FBB5td6wGvRfN,VIDEO,0p2YjxsrKAgUuWkACOfkP
0s3euOfaGkurcSa5NIdE_,VIDEO,mFhSHqEC_pTU09rKbQY2z
aK6szWTDAKd_zsfy2VFCM,VIDEO,X2VTvkUZUpL9QNQx-Ksib
Pp5SfmFWPZnXn_BJ7eceK,VIDEO,Su4XLgxOpyxsccHVPERhn
nBbxcZL_nslUV8f7mNhqd,VIDEO,VJPhUe2UJ4YEdY4Q3HCQw
_AiLtIEf6rNDOyqX-Ieh5,VIDEO,j0E9F3mkCRJpsQMsAIrky
417b21S7DxnTEEsfRvUml,VIDEO,g3Da3PpgNSl6uH1yiIKbq
cMJ89SsemMCPeUPFKnIfn,VIDEO,xL_0jsP5eGUhJhheIZZJm
vC7iX9BcmDAU-tfOxKuTO,VIDEO,kJe0vMKt1CvW8Sah1ny5T
AwS-8dXwDITTkBHdHIW0w,VIDEO,3MXdNsmhtSWq6TlYqO7YN
ZZxBjdtgSLr-HvC_FjU33,VIDEO,P-SMKkMWT8XyRnZBugl5O
1kQxjJHoDiHoiYQ4sfkj4,VIDEO,ePlu6UlK5hW7EdHAOQFVD
G_5VtTllIzmYogLfm3U51,VIDEO,T0X8efdVyldgrH5cmt99u
vzWw-SjfVwhodni7JkzmO,VIDEO,o-SCgx4Gr3htx0MX8N0OS
SZxH_53uEDuq_Yw2KIn2J,VIDEO,qA847-LdLUUycB2xu_6to
mnfyhXGbhMHtFfFtMQJSj,VIDEO,sQ5AkViCpRLbpcG2kZ_4g
4-K3VdCcAWr231laz7Ufj,VIDEO,fbRUK1smK_CKSJWmuEQiJ
guubnYsNDovoszYI-q-Ug,VIDEO,vA4G_XlXMNi_yIsc8IY-D
Sft2da73mwy_fxV_DbjVe,VIDEO,TNkOjpKuEeQoL4ZSw4jAm
LX38r8RhUpkkPy3LJmqNU,VIDEO,zI4e2n8IJN1oEhUihgH_Z
rvXVnY-1At6KB5MGWKGW5,VIDEO,-WAl8WdqFVnp5py5sHy-o
oqSZeddMIuqWYvH1eu7Nv,VIDEO,x9gUjX4-gFzeoc8GsP66b
R6ntFqxPEz6lZHpChwS6h,VIDEO,S-EWf6mZFagnhxAMgbhHQ
HLfkMTQg9hZYl_f48pemt,VIDEO,_h-LBiI8CokLE82nYr4rN
CGvSgwwKwwiB-SRkQEFMi,VIDEO,kDPlPxtis3GjPPbFTZOg6
RNS0HAewy72RG9NGfg-FU,VIDEO,BUR7xR21yKYpPGHFSG-Kt
qsA9fP7tliNADo9etoDUt,VIDEO,HOLm2e4FzMExkLvElGs2y
VvDyoo_CaJoH0TofXnSAW,VIDEO,7wm_DvTnEAiKVij_Il6XD
4GcSNDUA-ESf5N5G18NPH,VIDEO,YDZmE2UdQkqW7YHenph6_
etVXU1CdgO-3SWJin2OeH,VIDEO,sO2FjnTwgGFPjGYveCWH5
wvTAaQHlm1RXSPe7ln-5K,VIDEO,m69dlqtoggWbWE449ZDu1
8zMXhF16IVAE0Lpv7Svf5,VIDEO,HSfggVNUf5GcJhGFT3tk5
eBMkS-KfGHZ9MP9D1Mqbs,VIDEO,l4D3TpCRG9S7_HPBM86zp
CP2B1Kgr0GWymDL5w3uC4,VIDEO,797wwd0gMDDQ0WyUYkoi7
0UFALriMOVf91FKKZ2moe,VIDEO,5R6D8wkTL2vkgYrJk4JPh
a8NX4iFONP8Fiafi5hsqb,VIDEO,2CSAKAhg7bYIVaOXujLfj
78SrEqC1V8OBTbZfjIcgR,VIDEO,QN8wdR9gfh6KTTsh4Bjb9
hwScAdA8dF1BRCNRFDhbc,VIDEO,CzK_EYfgQHCbPYhCBjllL
_8GPjcz48WDcBwCyE7MSP,VIDEO,OWaf_Cm0yFS0Y6pS390S_
dsGb8MHmutDnSAorJYoyw,VIDEO,9YYkZStHDiddeGzpEQ5mc
jHP-5JeORUF1NU-UUUf1V,VIDEO,84pjoF5vhuRzkGSCzcras
Ep0np50SkquIkSiYwCera,VIDEO,QYRX23Aa9ojQXgtkq0xhQ
eXht4WWclGlR5zze81t-W,VIDEO,a7VXaS_-E4KAezrrIPZnT
oA60tN2-6jF8s1TcRfk8b,VIDEO,ls6LibZf9wV1TIFS_5okU
EvssKZopnif9o_J5HN3iG,VIDEO,ZoIB3FJ6VB2LxZXGYFFTC
InLytYNR8qr56zvFHHBcr,VIDEO,RcwzRG-HTqq1FceShyZd0
OfR-t9ifWZKUUX2ggtTQC,VIDEO,MkSt3WxuJ6V30DIkxgFSc
zFa2P3LUxIQJM8evkcOPr,VIDEO,tZEwO9AJoUHpwCBETnvlV
-G5wKr_CZQ3zUwanHMQuZ,VIDEO,UMc8-1l7qrN5MuBoxBhC6
PGniSO1_ve2AChRaHwXwH,VIDEO,dfA7G8lzzvPsKJgZMHFor
CoRWSX_RTtQtcoUrauprI,VIDEO,n3wo-rvhSk_TWPxJGvqXm
fjoCW4uitWZ7JEVNI5ZQb,VIDEO,CN5qPi9rwb2fNYndeNaef
30AgT5CyQpfFq6NU4aylr,VIDEO,wQssgPOI1FXZAaeECUHIY
lrwIT54kpg8Hlqkw3nS4P,VIDEO,Mdd9XsnYKD2c2U_MZT-sK
7qRDqyLl_pNl7LrUXaYiW,VIDEO,pL5Z3Dg7EgIcxv0nfUl7S
iIgfrAKuAT9KtJ3Q8sNrO,VIDEO,EMV5ENxcMgCQsAAD_5gyq
B1BKZsZMviys2QxSEkegv,VIDEO,uEOo2HeduwCj4C_CUUwgL
VlFxxQW2EyUJFlM9jHJJd,VIDEO,0DgZ15dUWza7hQ15_sq41
jZ8y-_FztHYJGY0L0ffSN,VIDEO,xdpmVRMkCsyjDHc1sarjr
OBe9W7JHnJb2L79p0iUIk,VIDEO,O8IodnSnDxaqRUqHpQtMO
QSDZy6uMv84vte8WaKehL,VIDEO,XoPxwHdM2ZmYTtjg4QCli
nAYc8ZO9EjgOU4KRwPuZI,VIDEO,ZWUek-D_5hjl12EVRkTZ7
7wPEkvnzt3PrOICUk5qLb,VIDEO,zeTdqZx8w9NGW2lYs21Oa
n3bYaNm8O3YS0jhYauy4Y,VIDEO,PJFgonTysVbRjENj_NLVN
2n5Dzg0YN7RI0hQQp_3vR,VIDEO,CRyzDb2mh6Sdim7M6_2Fk
bEfjQCj9AOFBRV3LEEWrh,VIDEO,A6DUyrgzJ6p1F4Pd8M_Mr
7HQeaw5uRiDY-OYMerw2Y,VIDEO,sjrWieK4OgzXUfelCJ2tl
Dv0Cj1L1IXRPU45BfMKPi,VIDEO,M2avTiIcmQLYUaas3Beoa
qUYlx0BzqCmpf1qLT9_3L,VIDEO,Q7UUDuFpcOaaCVdfWAFzv
-tcmUysorT024CLsc3Uh0,VIDEO,P0gqTQCENQy_YoRDqHVvb
t78T318hwHM9x9MdDY3N7,VIDEO,en6sGJixzpdb6-13L_YIj
49ZKelvaDmPIabwdNz1DQ,VIDEO,Dh5hd5y7s8cLK_B01o8k4
nldHgjDbZq3YiPCmTqJA-,VIDEO,46pYHzDtckruT5GxMzeI3
tOx6w0jEtRM8gMN2EOv5g,VIDEO,EXHHmFP3vMCnTT1NkXO9U
b6fpoJgRDKW0tjEhtKMIE,VIDEO,du-tMc-mTwn1cdAk6hzTJ
DMBh6yEg7Lyw1EvT9uPvW,VIDEO,hnaijzKlLip4Dxkd0dBrO
UrNF5IG5MTf-lkfuzsvxY,VIDEO,LtkebQF9Ga1ym2-IOXXcI
iNLjEwqd8uDW7OEDBAnNa,VIDEO,jgEjnWKjjG33mKzecz7sz
nXIn4SDj3H5hCItcY2CGD,VIDEO,mUa3EFd02lpUxpnvG9Azp
7yuwi5eCE95WsIO9JhfXx,VIDEO,VVWR4p8ydeYNtStGvOnkW
GCd6zo3zpckPGpwJ3uqSs,VIDEO,25-MaxL6kqKd6XQQP9Ojk
X7wj7QbPNIzkuUdN50HzK,VIDEO,yx-aqX4QD3L7Nt9YWrncu
Jg3lVknVYNJZy3bBqiyRe,VIDEO,uDkT7pN3eAB_FnFts3XFK
J_9Omk3fjtbwZVJbnA__S,VIDEO,FcuwjP1kzFRzkMoGtQImE
wFt8PUTOTm4ipppmWgLo-,VIDEO,af-tkIka40Tpw80dKvo5K
vL1KZOtYumw8Rz4i6aP0_,VIDEO,g8CZZIjmT-Muh7ovxxbzZ
ftFVFM2zMMTgi-l_MqOKz,VIDEO,Vx8q1BKiIBPizcU54GrAS
WLccrEXzwr6eFuJ3kBx74,VIDEO,Wahl5tgN_DNmzLuTw0Q56
4X2ZYP5TM62wZAb2GXZFy,VIDEO,BK6bFXVcj54S_g_toKlX9
LMTDOJyW7_NKRA8Gr-bdA,VIDEO,X-HY9BrbTvJYk6q3N9JM_
bMfyHsc7cuVNDUgjuXb9X,VIDEO,WkLBnubHpWxpyzVC0MVp5
PTZZm-DLhgzKc0yrQ-rzt,VIDEO,ks69j6kflLlRao5ypJklH
3p3F_6f99vATSzGiG4O7Z,VIDEO,s9g27XFWk2lv1svoBk1iE
fxD4ODLbUW4qGY4qcWCbn,VIDEO,f5u9sJ0hTjuD0LMfic5sH
MZzWC8uOYwQ2sD2hclnPb,VIDEO,mSOAQ3IkrCCdpxlgiDXpT
gVbwvTabhk78GFRPOf1e2,VIDEO,H1qC-yOZY8iS7GzoFzeQm
_REZ7YfT8fN_Cg1DFk9tL,VIDEO,xQr8MqqwzsudjO5I11Rli
KyrE9Gsk_fDJ2vnMEvPGa,VIDEO,ayjLrWrSYy_4ymBS8pE6v
wrVxJnW--IEgZLUFKRZKe,VIDEO,jPoLdYoFdl7ahU4Ws_Cns
S5jg4b305cgf47kh5P0tP,VIDEO,xRj0FTKqYeN-RIgeuDA6t
PS3r-GwsMKXKAueUn7xzK,VIDEO,Hy43EBGkBm_FIx7S7LiaJ
FL5mOWTr1fK6YQeklBsFv,VIDEO,idvc_ZEwdC5rasRtxMPmG
Rr_nXvlcJHElHx5QSzjPV,VIDEO,UbttmjUD651qmcYYFnSkg
m2OowToYJuI-oIQG5OJK0,VIDEO,NZQ1DQP0Au-Ys6_YGg7Qd
fs9X2_0cOiTmqnUeurdyY,VIDEO,UcHFsy7AmwGBwhnRfZ3Qc
5TdUfl-FNJZ57jbHwqoyc,VIDEO,z8IGFh5tr6KiW0qLxIKvN
YdbMy1ekFaWO55uF9on4j,VIDEO,mRJJ3NI6UIHiDONbxx-7g
2d5Vmc8qY8eEOy6b1FGJO,VIDEO,004A79-Jbu6Qe5Nh324G9
pgnZ5nwbxSejWO3xDujMb,VIDEO,3DWbkL3M-KRR-OjA4EpAn
ELBsxdO2ap8SUPDB9Bumb,VIDEO,dXM99Hi86IxnR_jmo3Nvy
m4jRtJ_s3zBJ87iwXGTgq,VIDEO,Exl34OKreFIKiLGBjroET
KyTPr_3DJUQmEnCWM7aYF,VIDEO,LlEKQQYdO2fiPR4qh6g4m
kZkEdWCNLf-0wXVMRPXKd,VIDEO,XWw-B-eclo1kk2uDiRaYG
l77uDttHOT40VGYNFINuP,VIDEO,d6u7RqoGvMaO2oBJLNyZG
yZZD3kWe4fNyoTXW9Mnfh,VIDEO,kp5sM-OBBd6Q7leFeD2bo
TC8_xJKngGW98QSsg8OmS,VIDEO,eI5JHV0yRc1WbbQUcEXRR
8fPjhadiY5RDIZoFbWDFz,VIDEO,LaULfPS34IwfOx8-IdkuC
Rw247T_pv8Pu_vpTotnAY,VIDEO,NPSB1vBGrs14X0jJsgRyI
RnhXUBUVHiY8PMaRBdQ-E,VIDEO,T6qf-etqZYKly7DVsZLHc
0z7KvuqKKrgJMfH_xVQSY,VIDEO,oGnEfvEJnXqVCdAdB-0ly
POKOki-CyelmqnLkpLtVf,VIDEO,hND3TnMxNOh229ACmgQap
kUNSBVIwd9I2D8FBEkQTP,VIDEO,7oWZxgPrLVL6ja5ZsTwwZ
bQuUJ1xGbTajagHCrWyCH,VIDEO,90St1K_tlHsnOIHktaE97
nPyZYfVP-AhsgH25kq9KD,VIDEO,9t6AqoY8xAIqI06dbpFAA
JnZlUiewb7fP9NdnnP_Dd,VIDEO,y2ojBRigkOTfWhTPoo2RQ
BXDlWofIXATpCois4HYJY,VIDEO,nxF6wUOMAfDh-WHmXLi3t
hFfY-bp43g0L3GAR0fkVj,VIDEO,SwJbC62M0eIrw9vTOR9wB
oRvFGyMhFxF7oEwcK6Apj,VIDEO,YCydPcRjr5bfboRHgOenC
G_CSopIk674w3Eht5YHET,VIDEO,Dh2PG0b92KjwXzPNeX9bV
Mgz7KgcQ_OFwTXdongZZc,VIDEO,xWfJfHGhFDO8sncGuPi7A
VDi68siGMQoTFjnFeCYZn,VIDEO,KI8A-Tc_fnxUyLQ-6NoWO
I67jzOiNsqMZ-5PkhkPwP,VIDEO,mj6jL6OaHsw-JtEN9OfFf
T-G9VSSYQjHr0yKwlrcrm,VIDEO,Tn2Eg2hKiX3kK7ywz6m98
dlZeSpzSdGz97_D4ujNrU,VIDEO,5AzA29tLk8-EqwYfEYVYM
U1TLtj9040R2DzrykaAVU,VIDEO,tiDr5GU3DfnJaODup4Kvj
D_dDJtZTikzUDTVhmJmgo,VIDEO,8BEfaKMs4AycqyBvJKknR
9D8pCs6UIATAGyxgc2lyr,VIDEO,bCnPeMWNuTd-YV4FwiiVR
OMywbEmaEmcHLppm715u0,VIDEO,Lm4NAuvvIzbyLAzK1MbQP
f8diAHDmLCwO7ulEuq5cV,VIDEO,aMt5ZWt8nY53Y6-gcT0wL
xUHQO7wUTMqjNzFNx1JOE,VIDEO,rGyCRAI_mzwAPZKwpNUtL
miSfkkA-cfxOK_Hj-AJqp,VIDEO,e7fEsuJGs8mzDsA8AV_2S
AAyI7k-3NNXDDCNLm6ELA,VIDEO,aeIgSC3dLpKLm5GmeKeXH
I2HSHQkhAZs0DOtYdfOoe,VIDEO,JiSdbjInHgurG-uk5r3gL
lr6I7tbprkF9yHvZQZweW,VIDEO,nugo5sTt9Ep4u89AN0SPD
E6W9rN6uy7X7pOg40Z6Iz,VIDEO,vs6GkyH6W9g51zPNumu0m
4b7uN6FIuCPywnuE64PGb,VIDEO,TIs39BoIqvwmfmTOjK-3T
LlchNZOh4gC5ykfvn2VLT,VIDEO,yI6b6chVoxxMmDnFnvrBi
TfPZN8t-HpaE8tAdGYK-n,VIDEO,JdTCj_kGuJXheHow-8z4j
uGCKTzD5UNHTKyMwaYeju,VIDEO,GyoV0S9jqIbhA3Eym2ySg
Lq7mn4H57NyGo_MVb9vaI,VIDEO,V2VPUMYcEBrTxpaPmN7Xg
YmmFbz3qhhux3xSO54hD9,VIDEO,wDCVIHlgUmfO-mtGirvov
Q72yzW9wXlQqG8xOX_YzX,VIDEO,VjuvXrlMXFJoH46t76VWW
Ecn8mmMRKljKYc9seCFGR,VIDEO,88kj2i10ZXkf4CuMTF4yH
pZqs2WNU2HNczRdnuSH9I,VIDEO,2mRcIWsBmzmGZljK2hlOS
F7548BBarajG3qiRCzPdF,VIDEO,GXdg00RKhYxFmc78fS-qs
3KT0U_TXII-D39JLG4iYL,VIDEO,7jbqcyYqVlqrRTmpyMspW
3WGdq6dO1oaN9fXgICWfS,VIDEO,fsYQDcYQV-G3yq2lc-uJY
5LPKnRz5ke8FtlRKN0rzc,VIDEO,DxHG8tsgIRmr5bpLr8UhY
eOiYPfkg17AcLmbzLppbJ,VIDEO,ZsVOEW__2eNDO2k5nritr
d-cqjN5ZJWZKe5xgDRFOv,VIDEO,yg0OMec4i0c_ixvWboAT6
0WLk5O1eWQuGXGRpbWh-8,VIDEO,QIcFmF_Ao8ox463cneJu7
EAZVATvvqV1dqm2l-kkGm,VIDEO,6UO_Za5iDSIoYsJrmek3s
uGRQFGS7z6CjTBazRcJ0X,VIDEO,FYGPnWqRgDJVyPWTK4Xwa
Gx4ssPZm_IQuWv9fMlKMV,VIDEO,9lOWbJRr8L0CR0nNE1CjQ
QjB2H8483HgBk1T5xIltY,VIDEO,cl-joO1dW_ZWFI7WeuYcZ
TNx1qM6LG04yZm4TWHkdp,VIDEO,IOP6bnxMPaG_XONqTseb1
jGSWzI6mkOEMRuW3FfgqH,VIDEO,wTp1lq92Mls-m0y4r8w3u
5UnmY4k5-PyKHfBKmqAJj,VIDEO,KenUXaI5SMvIq-_Sj7X7A
1fzDBECT2J9sXky2uJAp3,VIDEO,Hc4FRi02mVNxU02pN4z2f
dbwt0J-bg5voFUwxciZhQ,VIDEO,jN5DtEONCcV3AyGHN1tUB
Tov65Fnn-otWUtVIhbNP2,VIDEO,0X98iLOttLn_k3DJNb34t
ffd1v_tH7sGrjZ8whSf34,VIDEO,q-oGpedulE3V17QTL8lT6
OF247lYj3A75C-embhxsj,VIDEO,I7oMkofRU_POWr72Pabrk
tEW9Wgc3SLCE3f1LDUzLE,VIDEO,x1oda-NW2PGo_IvJhwlbL
a03zN3ZPpyK_gPqvA8auM,VIDEO,sBVSNrDVpMJKL1NrHbncH
9lAYRLBd-X_fUQCXZUvLM,VIDEO,nHD2Lo5Py2-gRdW2mc60d
z_n5tsZW9JW04b9970OpC,VIDEO,5aEtznyUv5nWWcKklkMnJ
zdPga9AUJwveDsojP1uCc,VIDEO,etA7UA-eKsI2Fso_i5_CM
10clfR2dVmDLRNXL9xRKR,VIDEO,Z2b7_ydhKxNUJZK-vaFuh
5n45-tJ2sCe502dSlCXga,VIDEO,n7j5fAvnVPWOahPy7nJ2n
Suaxq5rJErRUnZ3M5zNNa,VIDEO,M5yf6gpMJIWFU1gm78H89
18y7id0nxLuU1nsnITjMK,VIDEO,vR2ihzIhukZfcDxSkwOUh
oIHZhqxz4hulqZUOtbGbn,VIDEO,8Gp7gS0eRdIlghoCh2UCH
yT1yvh-Q9H3qFcU1wpitb,VIDEO,HM6-YOxayHR4nCkgwhQcv
1XQJqKlQ-n4tIQGkg96v7,VIDEO,ocTZKmN9omN8noayOLbVv
CKe9eBiHv4qwS9wBfBMU9,VIDEO,8R4rdJXhxG5-aLXQop6oy
tfqS8B11zWqh3fWhnl9Yx,VIDEO,LtPFgQnoqKtwNM6Aj0tiT
ZukZLNzlZRFRLJMSXaW_a,VIDEO,7TeVP7FCGDVB0BpQnq_im
oLDaEMck5h-ZkzmH91W90,VIDEO,OiVb1DCt9QO7qafoskSlH
keLQXpULaqpFkPFV6QEi-,VIDEO,Sn1eBof2Xpxp7zzMINhOD
S7WQ8iEPn5xLlGKfZlVFo,VIDEO,0Oyp0JmNj3zNwmlm1HAdx
eB1EVMkcP-5syf80aQ_pI,VIDEO,1qA9BwASIMXov0LPnaJ1Q
jjzfhMQ1aqsCLelIkEXxN,VIDEO,SB9Zu9PJwX5HFY3fkuiBT
3jwzjvsJzEDejJ7NH8E9-,VIDEO,Xx-hzTYmcyLo0G9v-W4gY
UFHFEwtcUO0yGAUpM05e8,VIDEO,ydPAQYL1t7Xl4DRn01YAU
WhUoIVAGRoT3oH2uZr3s0,VIDEO,JeNOP5-TbFjCnpSkoceLI
iv4aheVw58mgZmmlLQZ-b,VIDEO,b4Icm2dkKORpElex4CsrO
gMh6w0koSf4wE59K6RSaK,VIDEO,skvP3soY8XvdkZ5YySCiT
Aepx1KQd7Bvg3N_7T2nhQ,VIDEO,BDt0U_0oe2-6vtam_-zZQ
HMUi8atToldmqoMcmGe6G,VIDEO,5xpAXmsw95ivthdptcRDQ
LfCakknsjUvrG5dpfTiR0,VIDEO,NXhHSWu4YuaeNwkIBqlvR
su0RJWfIswWRmUGwKKoba,VIDEO,E1mSju8RyHfQ6LMFq5Jch
vuXPGfvGloQ8zXFKjIErL,VIDEO,3bZ5HNEBOZon_2JXL4XUi
CUj8CTkKi5r6Zmo-pVbSv,VIDEO,F9KLYYtqN8Y1tGkpYwgQy
efQF0I-7xNuAZOp2uU7VX,VIDEO,oKpqTVUsbhOo0OOUyY1xs
2drDUXMWLd4keyujQS42e,VIDEO,d4_07bUA9YwVzDIP0jhrs
PM1GUzY8mCGD1a7EpIX8n,VIDEO,-4BX1ULlbU_8iHDVFuGf8
39A-WC6UqFjEy4Qs7MPGC,VIDEO,li5GXNDA8pyV_HZBvsEHx
YTkazHjSIJL0sJ26Bul6h,VIDEO,ul7F_hqBI_2XbEhZG13SK
2Ny0LAUdamaYh25mYxN1t,VIDEO,GQ-LxEpapAC-smE6lPTxH
gLDEraFlj1DYPjUfLv_Zq,VIDEO,X9kR1-rXBWUR_tTnVGONv
IFEycgf6yemk8MOf7otBG,VIDEO,CpDVY81b2EYipAvhbMfKt
Nu4SlUTc2Vcq5Jgd5Tkh9,VIDEO,WCWQj9lVJCz6JY0XYLqpx
_tlHcZo5f0YcqeLP-8_o5,VIDEO,hAvQNAR0GB86ZQQqQZ7xb
YuD6ENKBm9OPMtoE6uJG_,VIDEO,dz-SjkqFYUm-RXH2NS0jA
-J4NDM2To1h7YZQavOdX9,VIDEO,McDFzbuEmx8FReK6l96cc
Glq-gK4TTEviYWZ5KadaX,VIDEO,XF368Ol886zmhHjseUMDW
BMfAKG0Mvhs1aLNXrwuKT,VIDEO,tUzqjhM4lomcl4M6XjQOt
RZrEfzlUcQLBtdywWtPG-,VIDEO,ZmMD8T834bjZMLoVcsQX2
t5rI5a-4yNlCfXeeKQul8,VIDEO,5DHxlRaKdu-KV-B7vDZzO
YPx7hHfRjJ87sN382BEt6,VIDEO,qDwymmFVXtDyBD7efcp6j
poC7P3DML1g3TmEzyJvGY,VIDEO,2br9PrMBPIpIDdHv_yqJQ
cLpD1zZ52vSAvmUiBYUG0,VIDEO,tHqcT07Tku_fY7xlXFQTn
TVJcjpr10OmEihMcVLrH2,VIDEO,pstlumpljG8Nw24bs2Ryf
0omzm9W-6bQLuw9TnO2rh,VIDEO,BMP71O1iDSkQS8w0FLdYf
3mF074DDEClPShbyNh6ef,VIDEO,4wOAjHjmlQf_eX04uOOVT
FjHFfztFiuNEyZLNr1Ve6,VIDEO,e41110w9G1wWnvUkLmc_V
lIk4Rd1HDn62YzFAVN-2u,VIDEO,Avw_IlNFzzH3GHIPai22P
Z5FKW7o2D4iMEL190LJTW,VIDEO,FLqlKuCsU7xT9nEGBRlB_
oHNs9NwcMq6lQRYDdqxB-,VIDEO,kxR1-WiayJtpvT6LssCMj
VqYyDOo8LSWbcdcFYlfqr,VIDEO,BgyIuP_pBGWfaQ4enRUw4
IjZkfOaT00x5AAUsWZG1S,VIDEO,YyIHHp48oHM9snD8agXnb
cZevHRphmR90ycyM1YKvp,VIDEO,Hd8eieGyrRAFARsVKU4dG
gQoTRqK0AeLfxQ6C-O7i_,VIDEO,ldziTIrtVHC0fi__2fUua
9z_4yo1-rcJ9CaYgp4OXg,VIDEO,Ims4inpN0V1jHoR_mSeP3
fgsSlxCN5ITgwTVF0iueB,VIDEO,Fv2cKQFyVPxyyS4XB8v39
HpZeS6XEglr-CnbmY5ntp,VIDEO,7zOWm5NG4kFb3fp44J5DK
uG8wSPJDUP5zAitmj6-HY,VIDEO,lwbO0uXBaS84qmEq2It-H
hyvYbEw7RclVYZG6Ihg2Z,VIDEO,ga9tC-zlDiAY6ZmxQ7_L3
sAn_Os7pdJlmIrpxZu2cV,VIDEO,yMXqAyJLnNMqt-DzAKBW_
D297bxUK8aC2heVCDsNBa,VIDEO,PgeQ3-WupqZlmtpdwkatU
EKZVEevXKJjuhjYsietq8,VIDEO,rKdLEtt6F5Em1XpoCUMAN
ASRMdhIG_lQXU3ab5PVZv,VIDEO,SoZTS9OBznFtmgFwmo361
MoU8QYokbC8S1N3b0a38W,VIDEO,mrgw3jH02Y_hwKXKBu4sI
CJuCnMQnipgRPOSZQqYOv,VIDEO,f9de7f9x6nhest9O3Xu32
yQz9ywrI9h8sKvtS8kozJ,VIDEO,CepNgmDbvCQP0G9fMX4W6
nivHi6SxNxC-dMQc4fxxf,VIDEO,tkPKVCKqiHjphJJpgdjof
7Ln4mONG7lRgp1HEzJovE,VIDEO,8dpF4MA-Aau7n8bHFf7Px
RYlayXMbRxAahDfpNk43A,VIDEO,WXbKhwUy0OYBPxDfX2_ik
3WD2aw2zYGBeiyTc6g7cv,VIDEO,SMjR10tIfTLZpnDfF49QA
jOYNvPUEgnU96hcM26bdV,VIDEO,hZDt4DUdgIvS6caqOlW99
x_mCmtS328Rc7S2Ety2R-,VIDEO,vkUhbH32wBHFc1sU4uLUD
_rBR3_jl4Jf4on3khfRnF,VIDEO,BRuHAHQN0LJnvWb6sp2mP
6qLUJOmO8nXLIeIB-8NjG,VIDEO,gLCyfdwEgCVHKAzAAbjWV
J7_c4Gr4VYDW5lTtdTSAt,VIDEO,MNF3pQRNXv_XM4Qn7E9XN
aGlqT0E-RcMt8Ko5ZTBsw,VIDEO,NCTNfjm6IaAr-up2Z1bpM
uDAfvM69Sj9pCz-8a5vRA,VIDEO,Morv3qqIdGC-npub8IaFi
LTn2OHHA1EyL4kD33zxFP,VIDEO,RaAZ2w6X7suNX9IpUwo-9
_Z7KojIicCR_Oyyu7grFm,VIDEO,Xf1VQO0yMukyyhHzLV12P
jtNUoYG241Mi5jb_xuUfW,VIDEO,0sVPTNlOrPxU7DYLfQfSr
Cu4ywwx-JQ06pyer9ttwd,VIDEO,mnXH4vdmGMU0jqkae3g1K
8qaC-6u592cwqkITqnmfn,VIDEO,Im_b_kzxkDhiFaRd1FKVW
KciAYXRFuIFMf5ww6-gcz,VIDEO,a2VhaTxqJDvVzrzISWQt9
XAu_pvNkAeFUxeSfMIUNy,VIDEO,7HyC5OHTGNE_pi_63WXhg
zCu1IBSORglJuYmVkirOe,VIDEO,4qjDlpP3ugYxccIQM7Khg
czL42_C5NoKnGympHu5o9,VIDEO,SHR_hDnZfgFel3BGmJ4cX
6y-dQ8nQSwrlVrUtnCMt-,VIDEO,x47lBFT98Ln81KV73n_9e
K4-6YCBg-eUw4VIA4ow8N,VIDEO,y4eYIlDdibCLhMHwqxiMH
v0CASyiB7-sfBJoBQf1C8,VIDEO,9K_4jmvxilssA7aML2G4r
gDCyodRnLUJH9vt4oZLDw,VIDEO,wBk75ESGjPxgjSzXBSluA
uEtmMGvj2UosHP7D6pj_V,VIDEO,am89wPiaGHcuoZm0qtt94
9ZMsBDImrFnIKbCWngtWK,VIDEO,B4lQBSQjNhaPGzT_at-7e
rc3rOFpgn5HbL0_Pu3Klc,VIDEO,9JBLrc-2q5NX5yNeUsehh
B2cR2QH6p8rijaY7j0rH_,VIDEO,I_AzXQMOvjn3YOruhrGFj
jIbvZBnzqK0mlguxkT6Zx,VIDEO,Zj0QdWnq8STRo-jkwRv23
MNin_SEFcO6lxTc-r754O,VIDEO,HYtPcHkSbGt4kfCs-KbW2
llnOQLX2kqcisk9ochDDO,VIDEO,NBP5UTgOMKR6R7jPt6T5v
bW5ZEmFbZnle8AQt4ksga,VIDEO,bFrftitzkhkvM-FmcaHpm
CvfgGLD36EAQfsEKNwkH5,VIDEO,ONrKz52_aVYSST_SvyBrS
2mcdCsQ35AM1m0VR64ZSu,VIDEO,66QkM3ILmpHEcjKJu7jqw
Uu2xEqN8kptoYY9qdVM5q,VIDEO,EIausDJR0JWQ9zU4GNikY
hmPDyeo8XmPhqSfz3Ihe6,VIDEO,ofxxusr2MR4rnVJmCVZ4c
njMqXiO6nDvdg3AhIkEWE,VIDEO,Ta__gsHHozxBFvxFReqCq
iVCOwPH5hC5b1UpAQDL2T,VIDEO,1xIJNQiqaUhUchQRvoFhG
2rh3GhT1Yv92wph49jK0o,VIDEO,k2x1t_xVXFt46TK0JOO6L
OSRKo3iDtSwWqEGfvaRkm,VIDEO,upwbXsbMDD6jpNmSmtvxI
uuwAwfFNp0lCBbjP3jZgV,VIDEO,QcYX9KLTUTauq45A87luu
1QTotZ9gcsf--2ZgS41BL,VIDEO,ulcmSwReqo1z1eXj4ad0R
Vr4pDQVs3PriKeYWzPVvU,VIDEO,EAMaw9Lqy8JDFgN6vKGhI
rlBH95rv4ReJOMU6B2E0Y,VIDEO,azCPDfLBC88njMtW0D8vI
VOJ6Cb3tf0qS8I-0bAvVI,VIDEO,m8nbWrc2pZqnfQOApuKgT
F69Q_Ve4M2irO6MXbF569,VIDEO,ktYCbCW-OI5kHLr1BwPMd
tnXnMTUtaKKS0Rqrn-wZW,VIDEO,bZpjspovvWHPCYKn2uEr8
T3qaGEl_1ir0LqGLt25gs,VIDEO,j9oPREhbIp5sKz7zIfHSt
DsGzdbPVaOQ5HlYd8DyZX,VIDEO,hrjhLBQilo-iHddC0u9lg
1RfIqfvGQ6u9YK-Q2rVmT,VIDEO,__0c7HbbY7ULVw4SkQOSc
WTTLpQkD4iOMHtCELLj2e,VIDEO,If919t5pFxiw7fvN4ZI5T
qRpG-q8Txy2WyEBudcq2z,VIDEO,yxgv3PXh4aiSksHLzH0zE
c5OHygONNDrtQvusyVh_B,VIDEO,0oad8Prn206UX1uEDTQHg
JNJuhkJU6NOWP5fufV6yF,VIDEO,4MJG6JEAh5y416whJ4Kyf
NLYGOiqKXHDgPZop7Piyl,VIDEO,tMR6bZWtpJX5duyyMruwl
7TQJi7ft58D4z-HWYmaN4,VIDEO,si1O0hAE06y72HoxJesQ2
fs7cg1kUGP4Bhjhn187ee,VIDEO,sRt5IHa7BoRfU5byZqID9
_IhBSM25Io397MOjE-p9_,VIDEO,Sg3B_VNY4ddOp2DmSXqvU
wBVAA7q-N2WJ81u1FvB67,VIDEO,T8Omo_k-S0WbqbSBzxC_0
qLiFWd_1IDTxESJJAd18Y,VIDEO,kdn-WQg9nDDsddHnpb0uX
VJDk3SLHPCYwTMQ_VPJD9,VIDEO,rc3582J7QF-BTwptR2t71
u_1z0HGUZ_WXe9MLKjCx3,VIDEO,9Ju_TS29VGRI0PcQiUdi7
cOYcjDcU57mP77TYRg1-I,VIDEO,ne2BnAYjXgN9WHkOS7vut
mjmL6SpO19Q_LMCARpIqA,VIDEO,iOM_zkFSprCRMD6229wrC
rSE2iJmrjuVIWKWqaGZgK,VIDEO,SXhIIMKtUsddZLACT6w7u
qf4nmnibB43wthqzAsQCs,VIDEO,_YsNRqdh0hxrLsB2pc1o0
pr2iiENZlErrqCko4tx7u,VIDEO,cwTi5VZQDbt59b6DY6nI1
eTJZxDqR8ZPvvFSaoHbg_,VIDEO,w_-lZDGG2-baaKyD6FviR
06WbU5jc7QkfHq4AEpU6p,VIDEO,T61T6wpjoqgM5apdkFrt-
tKSLYy7D3T68Vbeb2f8IN,VIDEO,4dfamysdMbW2ialJNV4iR
EgsN5VTUWI6I7r4y2AEGk,VIDEO,8P28AwZFXyLc2laU6jD7c
THtFjqpFaFM-L0nvuuKS3,VIDEO,ttap2SB3MK1PUVoOt6SZj
CYTYCeYnf9o4jCZlX40tn,VIDEO,kcP3V8sBMKeqGklD_Dht2
hr6Pi23A66vY5UH9JPy2r,VIDEO,82dKwBacW05ueaFMzkI_7
nWVmyLWvIdrv_A2g7NS41,VIDEO,l3RgE3k8z--PV3IXzxf_x
Z3IS9mt6u_2rNqkY7LkaA,VIDEO,3Ftmvqg5Ld9xC2x7wsrxI
ODaHIUhtbEpVCOCG4Ur_r,VIDEO,Go5uAYiPEwjIkcGBU6I67
Sd8UZFhWmg88EfX_8r3KV,VIDEO,NqhODrydzHEa-4N44BNPE
Qp9EOzeWUWbi8cVo_gQXp,VIDEO,hjOqctN6smzPfNHMZ9Eqn
3R8X_tRIxbnmHDvKCcSBg,VIDEO,Bl3KjOrwcyxYr0kcw5_xJ
cCNyYoShfPPukWHZ4PqW_,VIDEO,dTitewFJRHJLwP03s-ss2
YrijJIQSqMPT2Bi6S_9il,VIDEO,1d66ghuY6_Y82Q-1kwUpl
GIHTJD06wkkxw-4GT0pEr,VIDEO,J1MWs-ZIkfinigtNLTPfr
lFEAMs9ZmD-SCRaZ8pFAN,VIDEO,6EfqVGUNlupt6n-0171zf
UxccCL5N7oEGXLVTP_A_V,VIDEO,0IKGS0R5xQ9OCEtILbwvI
M-RhiGqeINENNTldPem20,VIDEO,u4nPhxiCMKQ71i73Cgl7i
7XDzFXfmkjcNYIVuP5fSt,VIDEO,tNbM-YCp5ZtgU4VJSXxn9
_S2CmO0aJO4LJJTh8PVKg,VIDEO,R4a-luOpa79YC2H1WIHkM
23uWGYIufXJJQ3MIAEPCx,VIDEO,EWNtTbAyIOVqjH7psXWwc
0H-ZBHqqRg3uJCZF5qM_v,VIDEO,2TZm9pFXmrry7cerRuFKL
1MzP5iG-AtR-plCMcDRju,VIDEO,8Nv3-FZwmL0fisc8CTlHm
pEBtNBUUUtDguXPDDrtTm,VIDEO,btSFCrTs6uisLkNUkeL_P
IfMzqCFWDoe_GAe38wYMK,VIDEO,IK3oePGkrnGNUscvcKxW4
edM5k2orv7J4Ba7JSxxPr,VIDEO,Ptc24cuAhKs5mB6k33bH9
I8fs7WaMcHnEKCcEVz76s,VIDEO,xFwRl2P1_a71MxA-pPsE1
wb-MVkEUdg7ZMH4hhs4zg,VIDEO,2HKVPnaqV6Mod44w_3EO2
VdrUr20Xu-qJdks7d0fcT,VIDEO,QPQGjXt4bup1ERI4mWYjT
sn7antOjE8xVimtbcS0dr,VIDEO,WwAKtmNCw5AOGny0X6qHW
WglVNdJHvxagjToFNHSFB,VIDEO,pkMzSk7a-e_XmXn9hyNNe
zsk5j8YZqr-pnPH-Gpgeg,VIDEO,ixLtxKxhcmuj88bFcwRXd
yZ5Jr3wYuPOeYuFl4YY-W,VIDEO,aZpmercU0CvV8pSdynNAO
Vq-mVLTbQTpM0Rphp4Rto,VIDEO,zOW7w9FdCYghYitDybn63
I0KiB8S5LH2HI0R1clWXP,VIDEO,h5pUgsvaV9eeVbPR4l4g0
m-w6qKyxjHCWkp5QCvQA9,VIDEO,hb4tVZuktuYkzEWSS7_QW
4KRnoKoqZGR8o7HJxUjvm,VIDEO,kLasE22z-SwIla5x7XWz7
N8pg9dBAYK3l4dhftfM5R,VIDEO,Mfj5_WkwwwwbEaUTdwhUA
ZKC1PX40bL67grbsdRhRj,VIDEO,_68BYCGjTMRNXiv_0bFQN
YEj11_wUMpNGViiwXO4kE,VIDEO,1wvwk_avfFet89WYM0GUb
_dhnCGBFxs20R961jOl69,VIDEO,dM2y1W18xACahhlr-gxqx
upsai4k1-CTPfvfatVT2T,VIDEO,SMSxN6P08jel2D87wzQyo
aEM1jtiFJmrEwjqY_XS6m,VIDEO,A__HZKapTy2Z5kBv-vMh7
402AlrFTm9dUTbkJTpz5a,VIDEO,JqwDvqeRuPC3mIpCtVg2z
xYRoedVHED4gCLkaIFdp9,VIDEO,l_WF4Hve9QtlfFmgXtoY8
17ZFWL4hC5YROK1Sv-_wq,VIDEO,8W6JswLV_46nCavkBGdC8
8pduWgfDdkqIH0N__oMk_,VIDEO,aw4JLK-AOKHfOOP_DRa99
5kWbas33CAmu9QYFk8liX,VIDEO,0JBS8uUuNZrA41_BOPTbl
yKVy_Rx0das-JRYmW1e0G,VIDEO,LqpwtD89LWE1taihPhJ47
9Rl9Gk5vfZop5uEDN03FA,VIDEO,lEt8qAzMDInvz3wh1WLtC
8Qj7DxOUgzFlTuANjDnfe,VIDEO,KifYiMtmjOJ0lRzZZU84a
pDHvKIRYSCQ3kZLPaRyVN,VIDEO,4QgFkc_hCGQCub0AmhcSE
iTda1szQIHEjAZJH7C_o6,VIDEO,GB-o2uOP5oBqrVVHvHVSb
OOhRhJiO2qwfr6ye-egk_,VIDEO,mnnoPn_IISwDLPqKp1SRK
KJnGlFSMXiLNcw5sOLxrg,VIDEO,5lklnbpcCmT7SrsBaNhML
Pfmm2mdd69pZUbJ8XuCf9,VIDEO,bPHCDL2kxGLn04qbmknh8
1bdfZYNUBN451S9hK2DaQ,VIDEO,NHIt06KAaoTIm5tJDJWKN
X5h6pafL6JedF6mWymWE2,VIDEO,ibzIq6Tfvetmah_Igolpw
E6oTq0Jq48FSMUQKoBBDU,VIDEO,Knx2uP8p9KAtBmm_638mQ
tO6TH8d7vmbWsrsvlYraE,VIDEO,s9IIptQm26t54Tt8pmBRj
cUl_WKzYKOTRVXZbc6OcM,VIDEO,Z_y9ucpnYifXNW7b5lubf
GKP2aKzzPZPVFInOPGyKA,VIDEO,7RJdswDwLAOJwV4Jvj3gm
Pl0w3J6vd7QOtxR764q-G,VIDEO,XjbNP9mo-yLKz5nFvlafs
msgX4GLW2d7cWyDxH9kNa,VIDEO,7LXQ_BkWxbmDaERAPEc7c
uY2Ax5sriSto0JR1Ci5QO,VIDEO,lhszAgWtJ2xt5MnVJDIYv
fFtIQEsvXaoRyCOj1mAm6,VIDEO,dM8-kanOuxatNWV3XAKeR
UfsY7uBL5Alv8gqQufy7m,VIDEO,vk-Fl2D5t2l6p8xupYSuh
eSM4NiG2wbZCvpKtHmZUF,VIDEO,jicdbsQN1bRX8_QnM-Rwr
d5ZROroIUxf53sE5QYg02,VIDEO,xsyV7LYORNRJ7C5aodJN3
f3-iVCG9laMWExfzcysth,VIDEO,Th1vbgRE54oh2XvoQ07v7
I4HbEifw7qkovibOf49_g,VIDEO,457g9Auv3a-zqVnuxFDoO
JPrZTas77osKRPVcHpEB4,VIDEO,cYFlsSF55vgGVhahHY_39
Exa-dEfjkJdFYQQVA1xZp,VIDEO,BGIOyFwC4SStnWZdbD_NI
pZIQjPNPFjc_ywwWJ__6n,VIDEO,wLlq5uvCpbhL-9GSVV8-H
vW4Kffafr1UxkbCNapVNu,VIDEO,hyJuaUZMhfPwMmqylu9Yj
-RWbNNRiaLNCTHYm-n6H_,VIDEO,1iggBoMwwXp87msjsgsEL
iFpfEa_tOtm9b3bCY-6k5,VIDEO,jStMaS2K2nPOec89ktSkn
vPvD8S-QyQL47Q8DSy3H-,VIDEO,ULh2ewQKu4EEtGxCzxnn4
yzJIncYKC2fv3p7IIT_9u,VIDEO,XPnDgB8j2rqQ3FAx3rmXh
4ytJTFIypwR15Qy2Wwnmv,VIDEO,HS92sM2TWs8-ekql0bWCw
3lwUj7UHEpQ2EiSts3JaZ,VIDEO,I-5_yCYAhu5HzkJnTS5E1
pGmWVZkoPuCj4IeAbo2lP,VIDEO,2h9eATWmEx0GZP4poqv5a
1ARTPo46fhwA5Ppx1Dpck,VIDEO,9JPOVUy_7KONdv1GtplpN
HM-AGQNql5utYxOA9T0iG,VIDEO,MIixJT0tsrZwnZ2XoFdog
SBQiN4D3djYbxXfC0NRkN,VIDEO,n8kEQkQKLDyO3fcmMRsXB
36Hu9F1WTTHU1uPK0KdRw,VIDEO,XjRF1qoxc3Tz7L2JU_ecD
c41gh7inOmZkWbwfbfwaJ,VIDEO,sCSSfifJn7VyF0pH1VJOO
LsyKkf6r2gI2N6pCm48as,VIDEO,V4VxjHU2ViBCd50tolEbu
S3pLPXI0vmIvOOVwQIU1J,VIDEO,ErO0tGDrhnbonLkrM7-LU
sfLkGLIlNMZ0IDu7i18vS,VIDEO,DldAUrbr1Iv_a3JPA34eT
iYbvPlzT5ylDCAtHWcewx,VIDEO,5lDkMIW5j-DAJC03plvgU
2xcy_h8tpoEESSR51j2mk,VIDEO,ABDtBc1AM3Zq82kaT_SUs
BcaEYYudRikiw4Q26CaB5,VIDEO,vQidlZ9mSZuQCvye84UrP