id,content_type_id
ThuGMy9cbn6LGiJjoUoug,svVR5dGkVwS0kMlI6G93Y
n2RILyebQSMqil5_9LbCm,g8VnjEvCmXRMMojo_4-oR
gx-l8ZjyrPwNeji_hrJdR,aBLFTaVvn1Y3jhZEf0JoT
DET-E6I7Tio2O90aKlmFg,6YYpgkOTi4gnq2l3boT7C
x8ZlNPMngSuc4dK4yAN3U,mxPWIGw3uesbxxhu50vKj
BOMI5NeF0r7h16iRDsDOO,JT2wEFLWpF247kcMyQ5io
zCPc1wDYFd0c0RNIpFqVF,9QHAB9t0dfqCRHL_YA2jE
Urf33mOFTJROTdIXc0J7D,fFkTCdqJDgN2XtGEvVJ9_
Z7ll_pupTudeXk-JNxu44,cXpvSGq0THvhyjqNUKAWx
aIoyQ34XZE3F7Pp8jnROH,bPjb_3hmgScqsCT0qQa1T
llbHMPD2Lyf_4AKh8MgA8,Rownf89VMCPL1gzfgoKho
eyqJOZYzWIb9F_FaMScCm,CtRcUB36ZQSy0W2XXCq8f
ISJ5CWaZ9WOKV8RSkb-tW,OQSDJuRpPYFo_cusHpR5W
iJOodGl6lAB8neTQGZzPy,YdQtaR9nxrezILJdKhP9s
9h4Vnu_cT_XzATwP-K6sB,JU1yAHe6HKwMXpsfRQDTp
qmYMY33EdCRtp68EMntA5,9gLIeXaL3Lm5xV6-is4SU
YT3aRnfCasADOafm6DhHy,1mtLtTcdQLWYqEMB-8tfK
vFdtF6BK4b8cZIkIm36Np,lRTkDIdMXgs-PCrjy7ITm
oPiBUajSxvTaVpwiIGemP,178eK9cdxYAMnKqU4Al-A
GTlDnoJdTNPeR2VD-hIy9,Q9wnxy0m0SCZAPI8O3J3u
MJ39QAsvk4esc6QWkS9xR,PjiRr-eUYRvoWiBjZYqJT
7TcIPmrZhNLm9r7HviJ21,RuW7lXkl0iYrQBqG2kBej
2pxS7px9Ts2E_mROS9VmW,OvbNVknQpTFWYuO8T8ZQH
ep-S_3CpXrPRa_FZ546DX,u4GB0BSukACduf4etJ0Ef
Rh-ReENZhNa4n6FBG-gLJ,Le6pA4O7g4q9gFghlH5j3
Tz235E-oqDSh1keqgtLN3,E0UhbfJzeEcqXrfVl0Blw
mK1BtGpsRadbQhIfmH6GB,4ObDjJjDeP6NkAWBKEqab
nXlsFpQSduSEMcJA8R4cH,pGdfI0BY7Gr-AFJxan75l
rgS0_wWraWmE9UkDV3B4h,uvKLWI8Q2NcE8lQV8VFlJ
LFKjLMqJgNOe6RyC4XPiQ,WlwZSMX_NCRC7g2_uf4WB
Pd7X5c-jn84YRhMP9kMtZ,E4AYU76_tP3Ua54IZvhWU
4rwC-iZPOpvGY7yKzZ16o,v0_zgc7dfJjTQ92ugrtOM
xsFHMjK_q0d7Zf-cALQjj,9E2uoDbmBKUL47en2AYuF
7ySmC9c4JYQIUp5-cmKXm,uD0XgWUwVLcy70uv1o3JS
0TtJe6PubkDkmlJk-L5e3,plOT7ETHk1TczIVO5EqrQ
9GZE1FMALOIwH250sFFh9,6JqYHQNg_ODMHwLwqUIOX
CNSOHXGiCDmAHkHNSisfM,AI1wh2KO3WMk1l5-xoLvM
92e0jZmkg8D08sMJeuVKO,NoJq7XIxrJBeOHQtGmY_s
yxb7EN2GKhen4hCH2vPxA,rn5Aj3BdNPWcSstRT48_f
y8i7HI7W4ecUc_lmzgD8r,FECtHYdM1G5AFNzmAztxv
mzo_z-CbnuiqufXmpFCa9,ka5W4_r41_naNBExdAQJu
iY8kV7_Y1xcmPTGgZHGyY,ffPHSPk1mNwjQylV1ltGS
izAl5DLHmg6vKASFff7El,6uNB9r-ZycnnDtDeFaSmL
UO2QsUs7eee-tQwZA7HUQ,4migIMRvqZ1r0fScUfkFC
oCGoHJGi03qqnhoYbif87,OnR-9EwlObsD2N-43UsRF
mpE23-HY-vd9FnlY_DrO9,K30N9HJhy15M663Fxsm18
azTCC8dNXNkaG3EW8E8YZ,vyoY3Ws_Vm_AieIxVY4tM
2_IJnyMKeKK0Zj0ezzo9D,f52v2SMtmLr4oJHNc4lsN
3FeaSTpWUVUrHhlp6dU3E,h7LE62X4GwhlHKWwi0fRQ
4OBeYHHtTL1P2GQrRPMJQ,PNVwFeJ84NMOucqkPeyiY
uEsmXWlES3W0a38rPfpOi,43yyjfauJMbbRps_28nHe
BCW2LVxfMvco9kxwluXTv,momGQMNSoZ79MTtz4olyM
LlT20GW_0YnIKNGg48GDS,8OlzoU-qiiSU4yFWSwpYV
mjG6MRNTnMYSrGXnZbjmX,LB4CY9ls8qlC2cWJVAOTF
u8ORqJlQZDSq7cZkn05f2,hhw6tg73Be2l-bGICwgDb
Z4wjGlmeHXQhbQNr2UXCg,sZLAetRpi92mHhw2Pm1qz
cpL4YDK0qOhfC0ohvUNtx,nTnVpHkxKU84maaaKrh6M
Gqkp2wHLwYzvp-y-KDXMm,lRRkJvXb5yEkr4mziznTH
IfsIp5GD93-Bk31iGVgjB,b_sIhb1Gh_DoncqO4orSE
TOQcbDbPmqOBS6_2oWkOf,zJytawAlbeIe6mcJNDUWy
ug07gKJTcczFkESyfkc2b,JzCkBD4V-PnYHWwjQKcrF
kmXwq9pqG5ukvRXxx2dA7,TB-a7wMEZFEfg_E9e6Rws
PmQhKeFQbLBB_mAgKubjr,7SjmNsjKSzjfaCXg8tC9L
-5EUClDccuqKm7PqWHmKw,I8RR9TNcsLSLEvwbHBls_
zaZlFfIKvmhdmmGwNiLZh,a7J9PWm4fL0eSqFyniLOp
2uBJBn8T6x2slrSBoLhl0,Al2jIRIotbsGvQ9U5Z-cD
Ytm6_OztR-zDQwz9cB1o2,-b4qLaaotz_g6Trufe4rQ
yeJIQBNmwVtncCSPuesI0,uVrlpc_ZFOZYGj9vPvTPb
z3OaI6aKmSblN0rMD7P7T,eYK6ZlNMyJq2tTf_RVbXl
IWGh8aH1zg14ufTxGFRdR,kdgqubrfzSoNfmYmQfuSH
75jtFaO2NaBvwgzp8lJjX,agfxooSJ6Vtk4xV3R4HQu
6pbgWlzyGmAFAZyz1hpst,cYE1TOwrqTGehLOSleH7i
NwE-nWwPvwsBhGPmE_sxt,458PGw_TnDnh4IyEOfNT7
eRWYik52E7tKtai2HB6do,CdbivGLUY4NPbNkl1xj4N
aXIs9ja-f8QICAoINK5zL,UfeSEkd6T1N7E_HO6iSuH
2dRS10HycaUp3qJwOs0-C,eKL3hQ70uk_eu05gvrv4f
aRHWndBsJNOHDXDv9nJ-1,tWXqRhVjglA75eiWPnfuP
zgpYnyn0H2DETN-pouPri,PdQpqou7cri4D6U6-mDGk
RJo08o1PqYh8uIy8D-SAb,g9uZrzYivUSRpio6oarND
kuzMwAHabPG7MO35Sl_Z_,qPjDSCKNhXnOjDoW4vW0y
gwGZBZs-lkoNSdGKn9bec,-LEKhXo1S2qDFiOfKOBJD
7oaS5FfvJhBSvQvU6M6Ac,Mm8d7muON-S3AKbrB6Dkb
0TVAvds_u0Ft8484bFVo6,ArelvPABCodYDwH8_0J-k
myu3-A0Yj7wwPWjsbf1Vv,cpnkiyXbscVQP2RQQ8ohu
CABwegbAGBbKVHbUPhVMQ,P7BtayKiptlu7z_84vrmg
97mKglv74r62BvAC1M-2h,D9QvJovrqHixJwpGk6JFi
X0M8CR9-uboXC0taqQ2Cu,0visXlmwy6dtTM7YvcptI
AwGO6xNb52YKOfFEJlURq,PBRMYMduKcCR3oSkTk2zu
gZyndjY92g7bNthP7HIgu,aKCzgZiH0bkU7qohXzqnO
1Aj4DqWInKfLL-NZlnSP4,ALHEsZ1BhBXLf4fQhULyF
4ElNAnJozytz_XDvSIf1v,7gGvr9BkMQW1N30yOYAph
B1AtGOC8-cY4_3SFDDzC8,7rgi18ATgelW_bZpwo3e4
jXBawNofrRmhrN_fsZxxK,mx3oGuMb4bMrlRyNqZ4kj
1iK8XKq-My901OENZ6U9w,VcBFj-8KrYDAZMTB7ZAlI
1xDXVhc2qLpa0AbLL0by8,cXLDhd2tErOmDQ9yHuX0_
L404veEDM8i3HRgkpQgx8,IiiD8SsnLBQ_HWzGyfyyG
MUsSWCk4yQnZFGkHLfhUO,KoDcYK1anqlPN7q8LYuyl
D8yEqrKrrXp2v3zg4OVAb,jo9bSlDHsnHjqj4YXYhpD
uxF8W-ItK4aOp8e5UoxmJ,OvwfhQ8y0OGEKWHDAxZCz
ha4EChYCqHWm_laj4DA2E,s4cRiB75uHC-yIRf638oU
sJZCMjT1jTEf9206seFQn,6PHNBagE9khzyIvOaId0i
GiqF87Jz6WHXNxw48HuQQ,FZXuqr5MHWJrSA9QZ85F1
kGidsgBqqYxbxf9rOTd23,pVUzxZ-bZ3npczurW0zNG
ixSf4JVPsFhh-DATFbzPj,DMTAoCofzI0wbKsTTji9V
G7tDC8dch9Sct0gevmHVk,bkskH8mojRPA38zqRc74S
WcJ15kX8I7Ah02qLIN66s,VHrFA1i0qJ99t8v2xQbFH
DnSSa8nWZdACgkU7gWGOU,TkagCflbC-EuV2xXvCLuD
mero9k_luKIq_NX0NwHy_,7W8WOhHlejMCho2xD8-kg
MKDTmJY0pmat9okyYvuuC,TuknAmqx4qTTLdbbAsy00
LS9oppK9Ft_KpwQVAjEcn,d8T_nch7k39KJmZKpMyW_
MOiVTfdyoUIOhsRgea7VZ,qxhI8oXTeu2GZejM_OkKS
WpNwgOGTpeWVlNh0sXd5T,2fwN7x2uHpDa1zwdcubbf
9idjdd8KCxtu9L1mMrye-,JBujGLD968MVLxo-kcb1f
XC0FIsXQldWMzbiRGDbiN,nIC2LKJ7o4ehtGBfSUaDQ
Wg62VYEr8s9ngMENxJUuK,63YsGglkEcZ1jbD17MfqQ
lJnERBDY2z7agzJl0nAtG,TjuDtaSwogzWm7iLSIIJ7
cGfyTBsBmmYGJ1SRz61eF,vGwda9HQ9d8mj5lpJV0Wk
5OuAkOC-7-TdFuaH1P4cq,CrRvIZ4EnHo6wIF2r_s2S
wNxljsP6G52Ajw8CvUnod,ihDP8BuDgwV17RIK3cTpX
g5jjtsVFq-bYlBiORBtui,6LoaK3MfVAgu-3b2UbEd8
OEuLpv1ZsPRdSftRLTETX,vsjn5hJLyZCEWopf8dVj-
p28VF9TV2-RFpDIx9rmUJ,4SLITf64anYER1E7ZkNSy
7s5Uc__vK39iHMA1LMHjU,KXiBF5k3kCOH3DokPSpBH
re6E_fMjU7BGXsOd-0Hra,bsnNvxjyRvPLqufdvNylb
e8L5Lhr7e3k5Od3_8_i3D,Vyq_wWuSvJBBRSkbdsRbv
8lajPHMwVlFU7QQ1NR2he,s0VCms0vu3KQeSESQYv_a
_KSz6CsJ1tekE1xGQDeBq,0b-5JPrFz4Ftp9NcmsZA-
Gmf9FhiSqy841Y4tM5u_D,niUpeqFR7n_XBXxA42e2v
0WX8W0QjiLBeoFuM3rOCl,jFWFNn4-GUZcJHQsiQZG9
LCtWHoo4QxQjpdfm4W4qN,R07ALwtsFjUDxUOIhlDmE
KCXw0NQVTMqdpF3RWJw5C,4d22_EeImhBLH2A1LgGxr
JH5AcO71cWlk9V3JGXnM5,IO4-RHmzac8faGLndDFru
b4Hlv9TIvL_YspMYga05J,PmQ1N6I-0Gszvqmynwv3d
nTLZqLR9yvZDn1tn1numy,YhGF7fBjlGwwEtQQCObVm
RK-stwXKkCXWu8BhPp0RC,rJb7yM1LESmcxMWzRtDps
ePC3d9reAk0z60s_BEDS2,4UVuOSLtKcgn5CnizagGX
_G3GueAXv3giTAl-zcSLu,tunZ8mD37n86PAubCbe6v
lJjDb0zMDen2hoKEY1Ymg,XIDi2-JW4Q0KbB7a-2ucu
QlCGCXCtZBgRvACpAL5oj,NHxK6hOO9JODAAs4A6fKE
GgN850knbNOS5F9m094sh,NA9vapOZ6RvPsCnmqo89c
r1V1tqkb2i_M73hAP9bc9,mMwQgQ85Wy3PxhyrwxmIv
Qsssc9DfDVSFfVkWIiHTu,3nCT0tEgywWBUnPXbJThk
Id_HuoxN-sUoRHi1BlH9e,LN2kA_9aM8vC2mQTgUNkF
RusvvclpX7Q1hazI_wNdy,-yE2xdXmeM41YgRFrbfcM
Oey4FOSn7rbiK2c8__B2V,p8LgZ-jL1fL70Vp6GV17Z
hYYJ7uYJGtaBbVdB0nOKv,8DzYy25LqaBgYeUroo_53
ZGi8ELx1-0SzB1ePlsXJG,s2OuVcYw93V7OwPrm2esH
BBRcPOeuMqbhMGk4Bzqpi,YNrAdznvqnOJzImT3DVAo
Bmdj_u5S0lRWylaMvttW-,ypTr16xO--4akeYvsHLTN
Z-58Gdd40J8o13aAEnLg2,ze7sk9KRGEN8f011_qp0e
fYAXKrOpRwn7AvgcXzo-_,ChX3et4UBBlDZjfBbgmu8
TXP708N8EAXU5rlWWFPey,Cy-VrfBpPcyPIId8SlEVq
DOEV_AtLRV0Inae4VNWfB,V1kBGwRktxoUj8n8Wxyyc
ZIppFKbFLWkKE30kSkcEW,s6aFbvczFtRy-8Oyt5rHJ
1VGCeXdy3nHwFPxOMABIu,4MuaZLtYDkDHA9j3BAflg
NLeanLd93ai48MBqK3wxE,gUeRWhUTQhxedNV5nSvDm
aMjT6a6dIg9G7iLmkS96A,Kr7DIdvx-sEGah1uxb5hu
oaYdHIhtGYgkyy3j37TJx,UJqs0YxgGoRMlCZ7ijwYS
bzkd8ogT6WYmPViZpPbwR,qcOwrBYoMq98BFUqfy1He
-540xMy_mkNMtDNT1M9Va,RwIBQCnVftVfabSSxhbzi
8Z8epyHCgGA4lz4lk9TbX,-o-C3h_KmfNOXjUXeyvLS
CP048cyDB5Q7WPe2nQ1XP,yvix6pCm5vof75oiDdwkN
aVIysuChAbZEJNWELqtqr,wL_AStzi9NsAmuTAMT221
uGowGCzVFy-jC-h65Djtw,3wxIagky0r5YMUmjHdejY
vI7JTl4eak2XqK2E8ZAsr,vAVP3ZRVRnnA-oitk_0XV
o8_FmacAyepghTDXLQr0i,kpozlz-C6FDd4UOO-O7xA
z2sb-IuZZef6P6L_wFHaC,PNna29g_PESWMw57umEKp
JkP8b47KUIgIZldFJAdL4,lX0t2-vbZoWfsTsyIe3ex
xzNfv4Jsp1OI8VakgWpUw,B7YYskNNt388238jLjArk
tsRykn_GfpPOWqjZcD5DW,RTeXvbv_KRPMhh997nWb6
AZgkkweU6W7iYDQ_ih6U8,Je1bRE1JnJHrnndjJJB_p
jz7NfdwSzhMtqP0cMl30N,iGiuk-e-U21JC_viNv9dj
6FBo_Bz15IWHiPk01-dfR,cz_7aH-2JdYfi0sNe-MyD
sQcM1bUqT9DH4PN7EB2_G,MPkqiw_YKhhCAXj-Sc_aA
nRcaCrw-Zt-k8bHrPAYoB,lxFjI-vZCGa1MJBYCSjJr
zpMV6cOEzjyyjzd3sheY7,0-LjGVPqxvT8hrXPN3-7v
JVSl83rOpLcoWphSossnj,E7rn2D4oQlh4bY_TwkECx
G78ZIzXzpwDc3Tu4YUvMD,TUo6zhgCFEvOTW9gIijUV
IJehncOFWUjMmIbTM2hrG,MbbCQ0sKeU119U1r7s5kj
j7IZZRhPfBGkTiYfNV1WL,csDlaFkJLwJDzgsmHTu3-
YDqVkgxbWUV8o5smDIJT1,DwIp6DndujEy1wGA1WOg9
vFjw9kc8w3wcsZnaPnzT2,vVR5RQzBU35PqVU7LAWr7
eu-Kqy3zcqBU_lGZF04oo,BtW2mj089U_6eMOxZxpw_
CfNIpVZdM-fHUvCoKf1Bj,0oEG9_j9iwyjowbLlrd_s
RRuqQqPhjPYEWP9EqeNmQ,HEuhqgwX7b9qgLUBd-DCX
SrO55nvT2GynSgeGUdscW,Rt9ftZzUMpRxfnVmz0hr5
ahzKatWfb-Xua-jWuDtvw,UBn-1e9ERctjQu-vshYG2
qyyuMxFDDNGWC0yHBWdPs,X0ifD94_qazXAgHAytl9_
_rABivECxHhuZOBtgPuUl,XJB2r_Mv8mplxxGFxY5Lz
BCEEBQnwGvVJqDJHyH7eC,cLs-haLuyCvkwQNuzLoNA
myxkGjbyGU0I_TaQYIvUj,J9VK90oyB6KbxQ1iX7VZb
XVNpU8EESucqudQzKDdKr,5ZvAuoZ4OMPly4vILTX8k
lp0nN3Ii-JvBsAPIr_kyD,_LtqBP3mJSTAC3tpIhlNh
q7lxLRvR8MWuklMya_oR-,bwfJQfQDD5EJ1m8CMoGly
yJtVnh2rB57JNFYDE3xWp,n5RKF_9Z1K0DypZxECid-
s-AH6iKGt6coBd40fyf1H,nVR5OCBEEVFYP2efzfZXf
74jVQBhZ_COIrqmybe39k,InecDVMIVsm5l6PZMT3HH
x5-hPZm_toHXkYbN-AGvW,rY2VygCfOjwfO4ngoZCC1
WLdpvqf8stYBBLry0h0pE,ldHjXXP0nsQ0oiWh5ABrz
AimAztFgPK3lCGiUp85F2,3jkdxxrYCvNKzP3WljXl3
7QfJ78rh01m3APMg9FYA8,lL1ajS1DJGO48jk9XF_7z
ljC3dCxvMqLlbSu4NQVC4,HM1cHvkkplTczF9Kja7kA
IqXJhDvzuYti1LkwjYhKr,6OkmFhcOGd5lF7BAjfkpJ
tMuD9W4LlLHdBp-_puxGt,r2RhNhkNixwZJT5HVME2Q
wPdXPXxtJRpfN9MH_BsVd,rIv2kUy8Hs6miGuGRO4sX
bqGWh5xmfWnXR9m1KnRGW,BA93xmZOtn5m98E1G7aHW
6nGzwmVlxM361YV1zpv95,cznSpRNw5b_XiqMmnHj7F
C9lcNSiLBmYx9jFRiNraC,QKAcCqzGmXQYrLuhyDeVz
9G1fOVXX5TP634a7AUanK,JWaYvjd4Yr-iVJZMvp6B-
_iHP-AdfVbbC5-ZkrRXQJ,5UyPUieVWHAobV-DLgsDJ
QGivf3zZtgSXGDANyWOxy,H-EYUp-HpQWezQymXXXXI
qO6GyZxpY2kOtRqaQUGuG,zWInsxOE8prEEZUfZfjKC
CWkOmVXq0m8Rns9U1kzZk,Y7_cApHpNmCS6kdiTFM-v
_-330HdVsYH9071GNRqSZ,k4b8knCIuz8Dqm2JcR8_8
CPFSSiOUhThSL62vyWTbk,cH25IHmTzBa31Xwc4ebs0
M48652RyPVB34DPBBX1fn,VM7YlhcX592a-DxrlGcXc
liWpLB-goasfX8AZAzXce,_A0n-aEXltbJKnv-eeLnU
gGD2Nl4diZ-BJ8BTcB75f,iTV2xz53QEM2NFNWSPgK1
iI8E0ygHcNd2QvHstnzBC,TbXg89UigxSAiCFPNqExT
kLiIoOzwkqUQNzDER5SRJ,QEwEaaDW3U-gU68Zvnmmt
KS4oZe6KRqlT_jkcB7-SW,kYyfBV2Wkmgo1Ce2ZBq2k
H0l6CkbODIj8X-YXDfF6c,jqIlMUWM2bCgiSU2U76yC
gtstyzATAm2Upbtk1gC4y,_GH5qZocsxvRNXS0Z5Jx7
MExU-dWQAYy1qiZotykPc,9D1hGlIaAWzOF777Rd2Um
J6IUfnA_cQX_Td68Z7shg,6P8ct40zHY19QFO298xhT
E3f2_w8xdAehdD_PGHyU_,HSA2O437flM1iT0C8nXwd
80HPtyewiFQ6k4FPq-8wr,LAAIjjszCHtdiT87SdEQQ
fFxclLACHeja4jdC5vRrg,9-A9GGzCgAoOrebA8RAal
ICJm9zLIWLuOnPQNinLG4,leWybEb0DjvXnzsYArI0t
GSxYbkUEZWkkyYHR13OhU,c_3l8DfJjlvueuEQZOriB
NgO_dtyE-YvTYqFKPoyk8,OVELo3N-T-2cP-3kLEgoI
Yw0aBSGc-jbcQagoZW-AV,TrH5W-KEtqkSeEQ1ouSfz
3Zum6T_NgJCXI0TKPRMQK,Z7EtH4zTs_cKg9juEoogL
AmbYg7uHUyUwW373jix9I,eCZGVU32gRFU2mF3IsuId
mXOlCFuw-ZCQ2nbrpffWZ,4UcWbOBcdUIsITjF4MDZD
OHNUywXHvwzy7BlmX5j16,aVB__EZ1iEPcvDbfAllcr
eiQJRyDXEJThpdFKNz3rc,8IOu14l-76rfo665zR4Sn
mfMjkqoOxwqOlK94yuMpp,VyDYfAFHE2MjunpmV-1U1
H8XRS9WKjGxHYFI4Mcm-R,Yx51a7Ul0P34kuSS37W39
_X1FwMVij2-CFkVuR20Go,yxd0jupNkijc2oxLclpOr
9uQjxdnZhRIpLg_gcE8DE,TRMY_fbcEFe0fACawGeFR
J8xpU18cIU0DF4s-K8Bvr,kw7bUK10z5hDZUiASWTwP
6SWr2HCM_WG319VihqNZt,LVUJke67T3jf4LjSj6hbR
bPU1SgyhxDqFqxG6GOQSS,brDDmkUsYCLl9jabpW89K
bqJYeg3oJKs6-zJsN1pYH,ZLUBkEq9XdTqjptymqjAg
aFk_Vr04J7_kNl2BRQTTH,Nh29f91i2siWEBy1p5XNK
v9HyObiLA25-JWfAo9yjz,dYVIuH8FOFS1uk6rXT0_T
ziLAd-9GCZ71yhAAQ8z6Q,KsKQ72YhsdYWqWVzAp-Dm
Q_F2uF0iFgs2GYpJ8zv2C,gmOoqI79ob3CRXTqjD3VG
gZmgU-swBVGVWA3L50IO8,uaaTaq60yDNVhor_EZSNh
Wn3xi_ZVbYebavl57M3Dx,xmpxa1sSPUnPIZ7IuMDbC
iOCCOIKrbaxZ2dNeUMScX,7Oy0CgPOx5yePrIJQn_dS
-KK-dnfJcsPTgLPgO1oTP,QI5m8fgrl1Y17pvSFaNQT
i7T65DRPWsUYeFyienXwI,Ea-pLFElXObyf_8gryGxK
GZS47zCFlOw78u7YOnm_j,u8xNJKdRI-qJr0uvRTjlW
9hy6rK1NWQp2Fat25DjET,4uy0Ell9SqquugzdvVBUp
3qiSjCPl8xwfijncEYJad,SVayr_Jm_6UHfMm5pkiUG
qQknJA6N6aLVVe8V_bbwp,Lpvg0nZYLnp5g3ONtOU_v
qlw8DZiGoHvLL61CKRJFa,p7F0mquP83gAJe2LKcJqm
iu-CsCVTBpdU9KTFxAf_a,42g9uWmjU3z9Fo7YeNH8J
PfpszxqBbDtech0P4MbdF,hCVro8NBjerLZhpYIrfj4
ss2m96JB_OKWzZQVBBUaV,vPteAAsQ2SMLS00potT7t
UfdxEirnN92jV_BkfkXi_,wen-O459kYqPvz_J5sxCD
bdw9-8ZYkaY3k9WTSTp-W,LL1KBhz5IDDclxJH9cheV
4u6Js-JOvEdtjcyLtoWiO,0rNl0CRb2wMGSSjawExI1
J4Pw_5reqeW5uXv_z8l7u,ENTpVUvSbcRKePLcbfXbH
SQMJLvjlXeT3z4oqCgGka,HwjeHiN6NEPnMIeDHI0iU
mODZ4vHkgHar6hbdxV2I0,jtneaSnBb6v5Ai4P6KKY-
MEeNudZzVHhSK9mlHuXUi,LR2CVGnzPA6aOAk4PE376
XocDwBFwe5By27lwL1ppu,cCo7ugIUC29CQb7I0VrWx
oaM17qGp_nn5x6Rk6NNQm,TxEigfa7xunQBcJZshr8o
uKRA3XQ4uhss-vAOmWMOD,MmlE9y90AfaGCkWbFk_jV
71Pcy47joHhWp2aeTWgDJ,tRSROzpLN533hCZiEkUAL
tgmcL16BvuxCvwaNPZh9N,70GdPJmAJcRVI6i8c_vDc
R0Yq2cHTHo9W-MeDRIlr4,b7o-RGSxAVO8VTTS-550F
UZioR7GEFdxmeKRCKds70,VL9XJysbUGNb3I4xZTHG7
JROUrrzLHywoaFcIK0JBj,2tqGTPcFczmuzRtaTR3gE
zKiSizTIsJQDHcuFEax2K,tI1l1ZoWyDViQ6urIjDz_
hu8VllIxkrXqSfWPebfIs,kHn_VYsseG7HNoJMMXd71
Rs6-gS-QLBXCDcYS8K2Sx,DT9-66TlXEw8jqr-oQDoM
59sW5IWBfqFyg3hdSuvqH,b_E9WzT_tvs4bcYbKWmip
2mo8uSsaHZiENMAJykOJd,jMlkytUgAAcL4I6c0zvsS
CvIz-HrI9ELMp-diBythl,OAaPPrCaxDelI5Ul9nAeI
UfU4CA0ZRGGWMwX6dXdOw,AdPFaN2cFiS_O-DAhTxpB
mxgJd_kx8MOJD_BFYQwqE,DsHbPvZaEoARYP3B9Yknl
vCKHGlUsibKAaQPK7A7MG,fZcDdDrZPmJmmJaHlq_Gw
liat_MdLbmvy3157PpUp-,BPdwP3LFDwWZEA1UQYdyr
N-y1H-P4hAsuinruRStx_,DbY3SpiyN0OOOz3a8TjzD
wtJ-uKSj4CzwufoeE9YMK,t5fpNCe74oUxrrhFjoPh9
1ONybmYRJy2Rz66Lrzp1Q,saiet44PSpwUfOxNDr7Px
j0ZygnI28PYYrTyrjcmPl,qdSDgxUzk409HTotiWsMj
rjRLgUeBFJzkNJGB-V8Z7,DCWCg8wZFRRludlzKLFAq
JPqcYO6nbaB_NhtLSqoS-,cOcAoLdJmQwnAb0N4xCKw
I-hDvFUD9xmLbEqr_tpmH,8rItdhumak64dDYW7zbI4
yyE6ZH5omRA1d27zUMtVm,oG9UrgoFuIFmKRuI9jDPT
q0ASXAYOHRu9zF8p68635,jRJ_QwA0NQj1CtchVCyJ4
bn9LsF2mc3eeBGYgZFIdn,L7TSSKna6x8h3n26CFbY7
32Z0dhOxvArRl6eemQTS7,lXVofWJ9I_6zla6GdEUix
IFrJPCxndvHxRGRoZidGD,jCNqzZXxI_oPUTAiq12hx
NFamO_rYtSaqLeJp1uKSK,p5exT2WOGvw7M_cP3_1Xr
lJ7ZnTj7fkRxOBquL21ec,4JVzdtAPsCJ4pf2iksz4Q
rZxH07M_BUb7odm2LiUpT,Sy3cGPyFDUrqzyoQW1bxH
Ikbf26VvUv-GJQC_Pvtaz,aRig-4mJSdNjBwP0VMrX1
e0Ochyp8HQNWDJlKO8s1f,DpzbrA2CGixxnUocoARo4
qChC2_qzfd_-Dbmt52Df9,v21wNjIQnQQ-OXvmYpJlr
Yne-cxKn2XEivkZDBGjS4,lFIFi7KbM1pMcqzcSAANl
39mk882shfaqkJvjdC53H,ORaBnjMU_Nah3J_pdXhgp
OF6xYY0s-S8h4ruiZL5h1,3GdUuXMQrj8oOVXiK91Iz
_KhfyXvqMNatWrTAbu-Mh,FPl1bxq9aX9rMCYKfC3Y2
pxNl_5hFTZDMRQzJX4dtU,Vc5tE8BNu3KlVTm_sMFq1
Ck1U9GqZagVcYsO_v-nAm,VtsAiMPSKJfB-e7mfuXWY
2J8F0-ssRuI-Fub3oda02,wLjwaFtuI5dgHT1P_8ikR
N9uUIKqfhrumqs5h_FT_2,4rmFrARQTf24TzPknWzMm
eR4qhyU3MuqN6k0LfFLT8,vjpaImqRoufGmTWxPopqK
v4mrAEkrVVkMT-6ouh4q_,H-vhhFnLB-wxY88hxPz0H
GDkrqkXXd4GrR7tpUQCaO,w8QSbaX1YmoGkwQMp_Oa0
vcYCNgWr5nDFWNUFElzir,NpoFMF2R8jLRkH6dcT8lg
GKyUm6dMfojR-tVjxvwOY,QUwuU8n-8HQaQE0qdvD5q
JG2CR7r3FUXTSFfPKSeSI,NHFSK5dXhrYADDLD4ioQ3
ntixQt0UtWiEcmD0vfiZg,ICMo_W_jwFdSVZ5szDh_V
QryJet9TR01tOW9uAaKHr,1tatA1bYk_iLSDBS1pC6l
BQVxtcJKSAzAK9GqhEMRd,PBJDRtsBCKGuuaKurvyD3
mFQf_-yVrBk18VQ1bbifr,YWvj9bjAOlna3y12LjaOL
RMzi5Igh1pJav1Lz-A_qQ,WGU78Qqf_Uy2n7wvMxq_4
yc1ZrcEloO_1FoTG9qbxB,-1GVozMMbkrtBMjWbTDrA
XJan2WnCwl2rNjFAx7ue1,w4vfgOaLnezEkd9avLLQz
CAOOxeUMmZU7P24e-cEuu,kf5vsqFF_rr9Hcm8uBnO-
B1wAFznK0Mk3aQqMmdaYl,dl6OekGX5HO6QNoL1b6Bn
jMq8qFVVEce1B7FcPqDTu,dfEpXjafxawZQQ75S3AbI
wgMHGHpk97kivoHnOACAY,dSNyj_04Y785GdVCOcr3v
d6qtrZPGo4aFlx6h8MgP_,zzalX1kZkDoXeGTb9X0Dm
pyOMNmc0YNt7g2Et04RNt,KIcAofyFQp7hhKOVTbd2l
C5a5i8Pwq5XeuWfxdsbKo,zh-3m1tiIALqLfNMSI0Kx
j_ZfkAEwlE-iEVSuLegBY,Ab5cl3DnQvxHpYZ4qXYIa
YgpCUm465PxyGkwsuz77p,gLJf9s24jSj0EyA1tWtCB
NxHJ6LDclW1jjdmtWEoxL,pU3cx429y1idqVoBZ2i00
x61YJX6xmHQCJA0yyjyZS,qQBbvN5agttuj55NUuAzo
1_WRXL3RiTi1FR55j6zCv,JvUMJj2766LEpBlRye6iP
NzZjNC5blRhe-OJa7UlRS,YTKWQErKB9J1bXPbeyJ5Z
qnjfGWmpuzKxmzvATEZAh,md9ubu-ppN1I_8eoYKaFr
EfniC6u_lmdlVG5krdTHO,Egvu01cp_mKjzpvYCycmc
Xo3Ezd60ONU1TaMJXSTUJ,nAcPsRK0JJbXWopEBXWfF
6JDKATDoOskmFCI5mdwSB,QmJKSez79J7OJO3-0rJHt
XzHXHLTc4JBclwva6sikz,0ZFwuFj09tEWAuqiZ27Rd
ZAoeQKA9Itt1gi4fzmRXZ,4mH97tdcFDZQs-trfNge4
JOX7t-Aincr0y45vZ-Gxs,2g8fAd4OWL0RpLgy2CxjE
gm01y5szvPw1nrOmvp7PL,rFdz8GTCKf_4FKfkyNvNJ
g7WvECcrtr6tsGYb6Te3t,4NXaB948PeWKmHf5Ef_Gq
BUZABU7FziHjh9EdSV_LE,7h6Tc50BeRz0BF5t14Dcl
pgIwNjS-8PyoUqNVbhPiu,juFikRt3zDO0n9HiOdN6Q
Gdz_fEB52IvKjWYWdaOx-,EeNdWXKL3tZGpWwmVx1wq
qHO0aSnB1UKlBKPx9DleI,QZ3CVsGq9XbYyfWsC4nnh
_Pfj4H5H77qEYhGunjG7P,R_rQRbQjPMeMELNOItawK
zm_oXkTo_tIi2Fz6edOMy,G_OGYW139RC2lzBFkF7it
yb5CoLVZEx_Opl4qtdRNg,STynRa3zGjdUerKiIQ6en
Zc8a_487iJxdYQSMS9Hq5,92_YB0krgbVzEK379lg06
In2ZvXRAwCbatqgkxypvD,qEwDZdwZx5phULAwjNBJ9
MxhNtglEpJPxMEEDuD8bL,_cFoPTzJfQshYJsEZBa6Z
HkQiUlSFXt52KcfP4pDb-,FXg8OplGdG0TyvKCxvUFi
TekX7f2YN0EaGETnSJ5x-,7xWFcr2lrWgzjYgrO8KCN
x0tsKF-BIopqpzUNymnLy,sfbSIVDrvU9wQ3Jfry9uf
OuqHw6HwKQNz-ZkYHPeTY,Nfi-teN2arINwwquQtnuG
7GnIpjH6Hdj1h9iVVpMMg,QKr_JTCu_bueKXf9F6Bzi
9THS3n173TqSDX1jOl2YI,gQ-RqG9ienkCNdaPAhyrN
l4v97y5HENstH5IC7m7vL,lPDp7m6q-0Bqwf76D0gYb
_I00p-hm2d4uJssT2Z5cA,EKrbg7sX0PZJ9GL6ebCj2
wW0YIrWBg3OhaW2JdiEYp,3qVREJDOA2QUAsCBGaGgV
lvaes_VqJg0z5X-uLk8h4,amc7XOlCclPnDTka--1b-
9fi03V9m074CqdWXQaKJp,5EWSzh1Et8xD5n0QUve2o
oNlPTRp_x0Brcu-vORASn,bEK1fx5bzMeYG95fFuIbV
Gp5_AKL964hLo_itV8OXT,JcEpFBAvPzXT3kn695Ja4
ASKqq536UhekmcIgflYch,cMcuG86Fd4siU3c3JSIGo
SK854prVedInTdla9J40o,H-4OwYPYBnK7YNTU-CCIN
SJMR0Yyh0XyLvjR-VO2H-,rd_V2lVO_Go-znLGBESch
90l13W5z8EyRfZblycmZE,n5Vgz0_BWJTcPgSn3G6q8
rcDWxnyrwjaiSlaFdjS1Q,SVjOLyFw7DvneKbX9P70Z
8VzFWSE78y55-1fsaCKpN,-UP1TKe0QxaCOQN6N1Vuf
Nt4BVT6iB10CJlbRimDbH,jrHd8s05amA3uvBQE6EEa
b6_f53jBzQVBHiYtRKIov,5Or_JaKDIVxA-Ieau8IOS
1_M1eX-fr_H2YV77ACbad,jIHwWbQ3Jo09DEI7EtP6F
eE_4khOUWQS3lI74l6ZZM,mhxPK5zdUdwY2SOBc7sRx
r4vKBVAVE6-2qgND08QLN,xNBRkkhVng_5sbtkdnXMV
TzzO4599C4sZfqL4oWfTV,yloKMy0rTVZ41Og3tqmCf
NpGJ0UWpNqeDgDOBEBS0y,zA7BiQdsmRQLEh8L5vpEk
giKshM0mFBdbYlYrAtvZo,ksIyuLuybSCWdxXeMbayg
dL54GFydUPtxSG88DqVGd,7B7zdUhllo1kgJrZb6c-C
APUkna9wqFQjWOci1aliC,aHWGhCGBE_uEvxkKqoAqS
Ph2JH1J1gvf7OUteSeZyX,WDg4mAlhCdKhtKiuGuFQp
9CXuTcdsgQDKDvXnJrc-a,DLdw0ZGT6VXdiGksRkJZ9
F6DyCYcW4_sO_bvlmNEHG,0oiJTRgaX6bskoF-J626H
VKX8dd-OEbZtDd2phekay,LEIrzMDPAOzGcxq_h9YEV
JJfqwWkmwT5NeRe1GmFlQ,xb0MQTXSkQzTAccCMbm7o
Bco9DZ0L48oY6mW8X0HOF,DCNaSE_EoOai5z66_G-3k
UKXZAgSqYpkwOgi2Fmou6,RQflY04cwA6cyIBjMDsx3
Tn6UMW8QM6_AzR3kiic-W,k0Lm_12WGG5feiupv-xoq
TzeDEMHfSGutXNGh-Cvur,myGQXot7blReejzdXvkCn
0ARErrv2rmspCoBy0mOlU,-LORHY03VVg1YaqEztYLN
d2JNnmucLhQJfXOp3cfeV,u9tLVCzsV1thKVKvmOR54
IGV4i62C8PU05rSpY6KzO,04JHwv6h414CGd8kJOfOL
D4h3ucNfT-Qrqznd1UYHG,E3xP80taDhjLlO_YPx_CM
Ld1aALezWD19RdEV7RjSu,uIEfvh_OxI7_FCXJyGdIf
G7oulAcxRI2p8Zsm_mzlu,svXoU8bWZWGJpO4JpzJnO
sSz5ckHWojdyLQuzLtIFz,ZuFqZYznjETWDs_2jviQx
HDn5HAII8Sdp0rphvwB3q,KB_q8ICaB1oIDExOY98eX
yVatxs91yG-z8QmT_cvqO,z_ohdFI0bk_B4zBxK2bwF
RukN4EfOh6_5c2S-MY_0V,l0jhepcDjlkpNAV16I3nF
NBn3_uDRd6FAsHKMPNdoa,v7eMVqBQs5US08xivJHhY
OwWhQeRfvaWAw_1N_4hjM,wLp-CxvfclC2P9USDJSZs
wdVTdYDMrXzXNOvjTCko-,0kapAAfI7653Yre12hygx
3-n0yTELHJtLn51aCuuwo,WOqwc8K5R3L9ZmhVQWD40
dTwaF4TnkvsMP-YOhWtg-,sMY6tYaoOHaseqB3XQMbS
MA7FHSaldOSKjq5R4s1LG,0kHSZ-rcvp1naa9iM56Wd
tgIWxEn2pRCyVS1aVbNvZ,ay27K3iYUd5qK9fqv8Kkr
iJk1MafzOUXYURrJ4eEd6,cz-E_enoGIhkTA_xmoMVL
tdf6mfTbVdvzsHj9aUgE3,BPn9e4TXt5024SyNeVwjN
-39G5LlPp4uc0E8SsaseO,rFb8TB4T10pXk4z6xoUO4
psy-glUmX0mwI23M_FcaW,yATQ-CLJR0j-4yP4krJqv
3d4yvliANx-U6eXvXkC66,JGVw-XLOyplw458AmBjBv
v79jnVrvffia7xb0oQOt_,YJlSHFiOPnFx1FCQuKat_
waUtutbb5yn8ipjrNP5el,Dv2LRwyb9G8DPb-_RDIDR
JBBZqZpkm-K5PSV3XRZba,oYL-v5sn1Aw7ZUmL-RDh2
Wn1pLVO2nr3FmG6di6yz5,bwXcJsq-7bIU7ubaPu1tW
eJGq_kZC-97jWiaVJN2gQ,GzywhAwCq5FgCH-C1jYGH
fYfg0vauuP7oOf9OenKas,NvRUJai6geVgJWNC2zTKy
sYo84LMHREzmsLGAXrBEd,TsDnQUGIegzm8HO2C5ELQ
53typBVyRMt1VcOkcBHIm,so5DCh5Mfmx8UTLxvxJX_
WpLoNO4KADBnYjYu5NiTe,hXRYHLz5ULZJE4C3SHuBg
btuTNGXMfogKGX_oEySfY,BccsDkgKcViZ5KREvFjPy
Bz0xcqkV_8TUu1kr4LCpD,HWR6Ds6agiGvp43pR1qb6
U1KYGy8d-t0pcukqBKLer,4qnBovMMHdfHI-e4A5eVO
0CR4Tbf-wwDgfNt1SasYB,Yy9PxNpymv4gJ71LBxxnh
cHyhTgKpeprdFs0i2PkGH,LnrRryVA2v73tjv-cAYoZ
uWFhmp99_RKCnk0Ak1F6p,sI8MPm2jzxPquWgy5xDZi
txDDCUWuSV7x0_j5k6bdI,YE-b2wS6ipPizVncN2RhK
aKCe4Hu_uHV7MZONpukf4,oMZxqPbJNV-UgBq8s-O8-
D_kqHT31QgVZN2Fv-RyEh,9t4KHWg7nd_J8ojk73WaT
RmAMiQWodI6q12DfR_7Eb,D8LT0mKP54Vw5LlUisRjo
hzRRFEhQmaL3sAtJHT39F,GBh-bdveAZ1F-lVA77o7-
SvTvDghEy0V3QgnpIBOth,0JFzlqZe1Eg1ZMA8u6T68
skbw_F_1scmd4KneiIQfn,UR0DixUB88ITsAf9UrmVK
PQhJkQXHmeVOpnMNhXDrD,tp6f3KEgZbvkweeZyf7I9
va1ARS97DfUCLXCHSgAhm,qI5IzP8TqHrqwUgyAtqCF
2kJB53VcKaVlAmpSBEi6p,dBtRbwMII1NC7Eu9bG994
xW2Xh6yJDTd7TcaswzwO1,ud7DxHRz0bQDSd1c9jz6E
bhaJxggVP_pwq4Hv4rFZJ,33f1RfBHTLb6W10l6Wv8c
fgL8380Ja690zhKK_AsgE,HRPetCSOB2fkmyTuhHGU5
HT9eIjYED1okTjR8hMgKc,_S-5HWnDO_enzsGNcSfsr
QBwq0K46gh59sTnPUeLIA,npCjVIS4rfXigCwJAoi3j
ViNYOMLD95d6dIiRUSc_g,sNPtYFfFDa_fni3SbRqqY
1jmn9fAcr4q-OB-z2Kl1J,oC7QKC-_36l_GvMBk8vGs
kUO4gSTu5tumR1pHAtJ7s,LwRpCEoV-Iymi3mWFkj-s
9AuQjBfuAbqZFyJH8TTGj,bYRPLnTYOSDBiekVnK1TV
fdDdWRxyPRwMYR41AweOd,cy4Wq2s61KQtT6zBBlXn0
zmdya59r9N4LDj4L44Cx3,A-6bWtoMBgS-CdbJs2EPn
dtG8Dow8B1KWo6ndvn3fh,OyVIO3vkRmBDfDlEK8riK
5HOukqDfROa3svAWChOXk,8iV6eTRH52to-8ThdN1Uo
foX-WVkJWWPBTNWR5XtIT,ej6lYIr5Kb6CC0y9bdqb7
xb_cWjCA9qUi8BDhd2XT3,fxkMBLkxhCwiTdxk8sv6p
B9fcc0D-a1FRnbnIBHtaN,12YNYwNUJygGRBvlkM6ZK
3RLCWlsX17xyvkwWFTDsI,JTfy8L_PAw8wi5DkZXmri
shoYOtLExCIDeD_os_i9d,VGskNNCItCiYX_OnbK8ir
jTWZNXap1aeWAUYlJ54dJ,-WHs1Ris8gmALt7SYZysh
mf1uhssUyndpfe69GvjYP,TH2onnGAiRfGwIWfAmqVt
vtHPFsN9iwCh5E109EsZV,VEVtCp2OM-xv9aWVftUq8
pgzZCJErjKk7_6lg7KYbp,3PqbYjstnECLnO2O-Hi5L
qpqdUNhtrXt37lZ_P8JBx,WZkxXi7HkA2jcmV2PDRjf
8ke537z9xxlZyCoJ5-zG7,Elvk-nvZ7vuNG5jMl5ya6
Vn6m7EOFhLoHsR2ljg3_9,Y0EJP0hfFJvtJgERu4QFx
_FI8dC3tVS81UzrCWDYhz,0t3EfYdsB3yJCA4UiH5ii
wvVxf7F8hJxdpl-7zlDRM,QMW183qPQ-I2ypzNIAbKX
ZI-BTBMqTVRwVWTrxCW4e,udSebEb7Nv-i67tSM0Q_3
Ua216YF5hWwUmuwFlv1Jb,tRmvyvhNvFJmBLlAuQ6Vg
79tx3JNd72XTQJBgZl0TM,vyGCrnRedA0MrnfBTf9PC
DeZCZpwHhnaPuR8-AgjBh,vq-JxE6rD3y-ki94onUDT
aziMjVbdUK1m9fFB0UV04,QgZRVsVx14NFwra5pz6R9
SvpwI8t6VzxuMgKYCDhVN,wtxrjR0qlOeCtM0SwZoK3
wIE2EOSBWr1ix0y3U1p7I,i2TtACAxe1jPZaLHk2NVJ
iV5oWgFSPlpzeZHkcw9_N,KdAVsT1PZuuaf9DG-VXfW
csCYLHJ5v-SX6zDodZBEu,oInh_FwQgrYEOAZIhx5yL
aJjti3ZMMsVYGpmzEuthf,PGndCA1to8Sj4wqBWiC5G
u6x9fr4K_EONM3ysFSzYm,1U0Pxc0eHSfvkvY8UKihV
2B_Fapo-NyhaQWx45Qr0F,r8t_o4krAgU5IoB6Jywb1
XhYKbtu3Hu33K2DST8vlX,gTBh3y6IMukgixTE3KTh-
4AeCN3fJS00bqxEwzdzvF,L2CADfKoyZWEr3SKoDckY
msdFjTJREvm2-e8W1ngwL,iynALmg4WJmzsGfej4bZe
JBBBsZyKQjWdqistBemXt,j1JcdX27cbGdOnX3rXp6X
94ij8m4niJyehwtsCN-0g,RN7PRMqonh5wprzTMxN1G
b2b6P-lPbYUTCue6Lm_Yv,h26XZYEBz64wIwPe4fvMw
Lx9xIhlGSpDd0ronZ4GfK,-CurrlhmRIv_Qvk8cq_Oy
65ShmmOA9IY72x1dHftWa,U46Fot5b4cv6uAvsaKH4w
we0LyUA3lvBxbWFpve6S4,zhagX1V3ctyWCHAvADAZq
Ida7A4513Q7QsnHXFAunL,WusccPrYnWwSeUA9ocluN
C8p909G2LJOaW40vHqYb2,Xe-klAqSCuzKbVrworO1Q
7tpRXozfuZxICLTWSTgvM,VdbrQBRzgnPIG9lYbhTaZ
jH06XuOftLokS3D6tisl9,5lL0M0aMiSpb6XIXZW0zZ
UT-_85V-Tl_pETX8z5jpk,DNK4VAvdtnZc40b_PQNrL
b7hDHQ2-5Sy8aAtQgQySv,JWy2PUdnEzaUYsycdUfQ9
ftcWx-qCXX-EI3aZK1hVW,F7QbyzmnOAA1lOD1kgBs8
A3ngJQS-ZGIU6gOe3uuLY,T5brfLwUZdDTZ0L4Lz3cb
fl8z9ILRhZKRp9byrHvTX,9yUInKEOcYGCHbJ9YPtCa
2gUGoT_M3u60O3TWHpV20,BG5ICDaOA2h5cJNWTSyv3
lb_GcSrjx8iOmh295vcxe,7kPMm4_VlpoM22l8HUKkf
TKanqmdPAoKFVdF7EQ-Qk,BJus5QJOF_pFo1Xyc-Rti
MF7bNNDhgnWDFvNejZnqv,OoxV0lSHMWdq_5o4_DuXd
zUqvf9m4BeY7erj9jHdKM,q3MCdy_OGNUPr2OyG7YKf
A63KDO7e06XxW5jsZ6zFS,ete2YvNS8K7xpDRDLC3nJ
jfYy5A43BSQB1gObaQCPa,xzpA7vjgUCLCX8Y6xkBFh
rT4_E7S0K0Q8qc3k4WW0l,xjaXgczsHudLR8yiUz43r
3y4Ji2rvySU0uUtTeo-wL,paL9xTpLUkstyyZj_EJsK
ZdesYG8KF27QfXMulMwDe,tqfpRPCCf4RhJ79Ed1-0g
UPDLYxrEfeIOh0ewZZLwu,6edZypYhtI91TjDt0TSSu
tYVAfWU-YiT-UAVZgMWFp,BThBgOafiwEpyGYkt-SVg
qhdbYW9JGy36v7U94LleS,wD-VtOc9PVU7LhkGJCbie
btK4qWfGIi90FkBPhOaNf,ZPf_PLnicoT0iYTS8bQrB
GD4GuYBJPNRb-jYL9iHUw,QdQMddLXfx-u8Q17tzEio
GXNTqWx0doyvzlcN5rTzR,x8PRe51r8Ajvyj4kG_MAf
0QZJjrwoz9ocCUpIi3A2p,q37Hl2Q1i3mQMXLQHus7_
rmSS6vcd6FiVf-mKMYoLe,qgVV4AFN-dqyKCIlIkUcX
tW19oyiPQ8FwTp-w4B8Kb,mXkgAl38yHMJ4FJtwqabn
oZE6ttQEljHHKelSxgWYJ,mW0eT8JyqDIx-f9IyXNNs
YmFvrvZrbklr6MF9yFcp6,Zv6JEG7Ahg72z45PxebVl
glp9WcpQqLB3kqihIKNC8,1w-efo-2oGb8iVidJ0cnV
7Iin1HlFquZFG53wGLEpf,K-hlys_zGnyrZd_v14WSY
pZSHrfXeMKfZTF-_3bLzS,Ar7gtxCv4HKGtvkG4oMsv
hyWF4DVQvqVKbrHv7cdxR,nNAk1jNxAGmBcUOtIdK5T
3AZnEWF-XH9X5yqfPR3Ez,qlqLl6K9v5iTE7NZ0CgKH
WcAu8Uw_nkGhYZrhsial4,bbBIBskeOdR3iu6PWUb-p
47CsQ0hfCigADyKmDP7k0,IKhbp4UCe853jCzvKRJGy
3AJ-wWnSjgxspBlzca-QT,pW2F1jFUgR-uchqlP3l8i
Icx3ML8KqnatftFAVBcp7,-rS6xkIraydqNWH9Ma8As
4FrmkzkRK61eokmImSkTO,VAO5qGBtpKCbw04eBUTX0
-PuoBk6y0ww8AsXXIs9nN,yUHKzU8QNpiBvL2cvMAOo
jTqhIZA6wpY_0sYlRTUz5,YMvEWEtLUuQTxoO9rotof
f6eOtA3D8yIJ5cRtiTYWU,3JxK-wbN4a-OlpcWUkye1
X6Bo1BiGuwNwC_XxR9B9c,7ezR4VBxvo657jgdCD4e7
EU6P3GiIbQJtipgIv9ZDF,NtFA9yTKGE_9rGIJoycoR
3kFabOxLO6OqRDI8-iooF,wqMH113wUu956U8w53aBE
AdcThu6GZ9E126QMvGxRm,NkZgOF8qGWfimjP03phKf
vHjhozcNdBRrASCDH_Ii8,75D-4TJhO0NrWS5RXA2mh
hoVrQH55C4tK6zcq9K1Mt,WMOVbpU8hLWbC3Hvt1G_y
zsTbjEepuEa3RdN8Oc7uI,Vyu0FuPoubwXQHZ--FwK0
fRUZjvuuthi25JCq5INJn,n748AMwFjLUrjSFNZN5O9
dTvVe1Cmhjpf_S1vsdpCV,E4AKB2wF_rU3BHyUlouHL
aE8ObO9-UzAL_upCMbwiI,vOSZMC5Uvp2XaPpyaGuew
CphUHwVugs8HBa5BJ5wdt,fhNbfLATG93DcwhUXoRTP
3SCOxquK9DYOcc4u7bDtN,gxTCVWMV2HovqhIoEHVpV
-3ZhKqQA0Cl5sG7xWoa7W,4NuCOeEULumAdPZcWeXDb
oc28ZwnKQ31IT5rNqiCLi,ZEqehr5V05BlnY8usHTZJ
xdlgoq5qV1eGBQLN9Bbic,j-f-cKZ-J8_1TcKh35ZJK
tvzOeHCUWFpvO1SkvVvX4,sqs6IxJJorxoKaZnPpOfp
dEmddrgiNhK5OEgjZId0c,ae-AUNZoscx8ct99qb0nL
_PjpAX3fqUYOGpWNnmV9j,zbIJN9f0bFgWUhRlkkrBr
hcCxp8TsoW-5e5ZCqj-rv,Uy4YybFThogtp0yK-AG1-
E-nO_wRjrfumyG5LfG9A0,5ku6QlgeJ6FFmjdAxqj1x
dNw1yejsMwVjj339Fg7-0,FxJX6u2NdwIqzVstmgFg-
K41Kt3FrjFAXOhRtqnP3v,1-AxepxwHvfhL2DBLOnW_
eL1yHol562RaOY33sB9eE,GLXjPvTBAU0cDwAXrvIx0
YME0AEySnHrMmTPjJ0L0Y,T-gSPcyVJIe9zS8xdvYa0
Rt4UqRQo-sldE92_C7uY7,n_RGUZWyPyoGpakV8EEGc
z-jrL17tZphT5vXu09Ee_,UvFi2Zd8kkFyysk3UTOJV
obS2Sf2As_gm9nRubGf26,hS4PJhaNmb4-PAIKmzGYh
ajn03A3AA2zPLLRQ9ITur,zTLKtwEN9z4T9VMULWst1
BuEa27eSjv34BGeXtLdtv,b_eU67d0RnRC6iJdbe9E_
KO2RJZOFRStngmBg981Vy,JhbbnZvb4y7SfQGqRgany
iQuptdr97LkPK2dhUy30e,6ebxPDND2Uo8QPTHOiYhI
xe4ruycUX1zMp6PghUqLI,Y_dYJKyc1nXXEfLka-DXG
4VRsrqTchictai3tigH4C,kPJyBUOmWB-dxqC-TwWo-
Gewxt0gPc6ZNlI_fSQY0t,g1rdhO76iu8bqViiY5iF4
690GZ6G36BaPIO6Cj13vJ,8R1rOZg4PJAzsw71sH-DU
Shwmonun3wwhkc-4qbLBi,4-uSoRMBk5agpeH_gFALB
EogV208UhWN7-ZB2fOi57,y1KDDonFGfKbL19zUDVED
3R9y1q2XSxssfBQR_1vAz,yd4FkXj68u53SdCAru6rq
7KaSzUUUp4-uL_QY0GDzA,bqAkBMIrxjAW3LvEBdcbQ
FjIdjb-63ly36-ixxorzy,Ux4_4yqJzCK_fA6_xnwL_
NXqPoIcX39JoQneOxvY7Y,obi6ik5ApnLJ-3q09SWOh
faBqB1U1FpEGAR0F95keS,Cp5EdXacaWUDuWwmUpREa
95sV4W-HlTmEV2-0-MqHN,D_BrtThRBL6ubRD-znJcR
p1PFiPGcpiBIvpH-DF1QE,6T1QdaBcGkC2QxQg4whaz
Uxy8M_AnOx1aIWGCBbzRG,Wr6or37RM7qELwOprogj3
-HAihuB8tP2Jm6B78dFTg,8jJ--4x6Ou18qAyL31q7z
myOEeEDMDDVlVl3qnflfO,aYRYLVtcq6MTP8ULO2p4Z
UJ2Pe0PzcgZw_mV4N0TkA,isH80mgO4PWuGmogXJEZr
rXuD7X4twoo9aI3Dyy3oD,ePeO8aV6G1dL_3mW66rP8
rC4TmBpicUiUt9zY27IwF,VSuF8M8aTnYtLhe1m3ueI
3uKg155C23UJUEN0fx_Ax,1QzsKUq0tV0x7sPkIQPJP
hyby_QOPn9CjYrLPgo1XF,OPwMIiNCQniTF_TABO4t7
-BnAViDgiQNo8DERV3KL8,Bl2YWR6yhCtoh-4ocLcoT
4H76R25L2TfgZkh_5Qe4T,xTX3L8V6qI-zOezvNCHjf
rISwgeQPl8ldC7wTFhv5R,rdbkbcOi9uUZdT7JUjnHz
B6O-Nv3ULJUEXXct4oBER,GwR4v60MWo2Xs_8CQj2Qj
2UdfyfIxknH2UuJT9h750,u7fwwJZMPXwpbJ7K23gdT
Bs1YfUq_71WNjy0MOtuzm,LJjBqNhFfmaWoKVi0o9k2
7xFGmumwmdXd2iZXxk0Uv,52WbUS9PLcvwY58Luhud2
04YNFkC3krAiuZ_D3xFol,MUl6SdgHuWamGv_uRh8Y-
HxYP-UorHBlQ_lJ9K9b6j,3Cz2V7l45jdX58bC3jNQa
wSpYNv47UWAujF2Bth0Qw,1K4WB8RVe8M6a8yNZTIaW
yw8UMaQAFG_xZAHdywtcs,bZQa2ka2tBmN_shn8_Wn0
4BOkvdTG8_hpVnw9QyEF-,Xi1NrNMs27W1A9hSnuTVx
86CRdYHIYmgphJ3sw_tZX,9EmE_7wX1h9M2pGS5O2yr
rbQvVsCz5x7UJFSQ3Dn-V,RzmnJCHevk2q6ZcVZ1WhO
YHBaptsz3B_aLegCa2ddf,GOZA-lzs05vPFPW7TbUI6
M0ft-pM1TsprXn1_BuE9H,M2aZp8Te6GAB9sJURxHaR
NrptiIBi0P0t1OcBL1Ea3,V4kZ6gdU0eMZdBKFJHQgG
32jiHyBXHOre2KyAg7BvV,h0SUzEBl8KlKB5KrjAPF8
4g45tHtb8vynwG-zJz9aC,LcPrTjOBsbeST0Qez6h0e
LSFOwCo_6PnW22wRrN7Zs,-_DKKkSEJPKjV-rZJmu1E
aySfobD1Q-ed42GqYh47T,Pdeov-vabhZnnEj8cBA39
g7L_Vu-g34n1Qpb5u7Mhn,2hHFosV7oTUuoSIUj3p0t
BsdIO3V3OyqwKvPYMkhgh,RXXDqracNoo4EDuclHiSN
VVtQwvxGnHh9YSSUz73uv,JYFyacVrEaiSdPYKGw8Dz
htROYjy9rQ9zCZ-Mr0bJm,wqZgwniGT0zu9NqTViPgl
ehm2pg0ROIAQJL7T8oU3S,WkLZ7n10YmbI1voQAgaOe
WW5V1Q3_udPpq37LFaeah,P004QHJzQEjVZ7Q7NS0UV
f1s77gjgNjqqgNZMo1R-l,s2NgpqfLpHc985DkGeq4K
cs1nmZL-VIx7sosXGMrYH,EIwETOAgVHoOHz7wK-F-O
0vNmzy2Y9P9LIRbe-Eyp6,Ba-yPf0Lw8Feaeinrd7cM
mYRpNRDTSTh6wrFGSdToK,tvDw0lK8WcncWY11KStmY
PlG2XMTcmLFE59Saz1K09,NyPDAjxAgWUIze0arEW6f
e0yJPv2sYK08TGvd39bqq,5-XyAHiefJAGaT_VuF-6n
kuqDoroeo1aZOgliIdjyx,3m4_dQ5L4EyG6Y665yvRO
Ot4zdSLhkh2UmoxxcKlpx,JZa7-9471RXD4ste0z06Q
YEXWKW0SdTu2hPmIv87uQ,PQeVZQ5IOC_W7BWa6U69j
jSb-vinFlB50OAQsrnZ_y,Q-A6qriuSspFNBCwJ4iVG
BY0-JHK3snGnWjXQR9SIT,U6WISp_aBjaeI0ZR9KS8r
eTQtcxFFRuprv-Am50D86,9BrPXF3GU8GwzRJzRgJ68
Y2H83X1KnZ3373sA5mM0n,Cn9gfqLRmOwC0vZ6j5e09
tgYumWfsHS3ti6xH89gIi,pg8lC2ff0XWgPxqoSeFFT
NuMFOpTdttJ--1pW2CwLh,83cdMbNSXVPdh7MVOECLC
C4-MlUsdJDsZ4oqTNTeeZ,tETIPD_SuQuQhBwdUS84f
Ir7Tie9PgMycY4zNoQurw,jQVFGSFkpRx7reH7hNMNq
6KWk6iJZ89XIKlqRcSYoX,gaOWfyPIZbk5EE8boG3zs
UTyCMC3LY1qS-CCR4Nvzw,01Y8vxWT-ypFdok42g7MY
q6wpf_5L3CUCNCTCRezjv,FAYJwHWrREYvLm80jju9F
S_WWSbUzZBrM-ELleqQZD,EEXG_IEpYO1HemOKbDjxi
vKisPCTXtyAadb22BZJJ1,ZYTFcM11TMp0GNW5aONaF
RJPp0vog3bkEjAbv2_9H8,hcoJ3rhKtplRmKtFxVyIK
o0lsILToLTo5A-eeeb_Hy,UaFhuVd2mqk3b825haHv-
jRo5J81U9JHvbV2rbtnPI,fLAsU5pUqm6OX2aIx4YXO
IWFXIyXhZjJ823WwWvomj,Xr_6kgJo5SMvsk2p__Dg7
JAPk4KIAVVdzETMiVfmoa,g3-MmS1uaYrI-Ysg7u4wC
pd4AfhMmsybELZ8kOJKH5,xqiPv8yPGCEUYTISDwbnk
4SyzCVdObpf7aLD-C74zc,rENjtd3kpYuScuWitcqeJ
RTnvgeMoy3wvux0RZgH8V,pOuvS_YDJlo84du0LaUI1
eYeOJZ6adbQFvRzYAq1mB,E3Q2Ms8TkNb5704zdUgqB
jVOvla8bqVfQOPvzFgiSU,DY1TuGnwzHmHChKCVx5bN
BKtcx_glC9sKggutcFeZw,xxC--2ZStw355_7gu07xn
5GUOoGZZRo57X8yeaM0-M,VbfGsfMXGAJh_ExV3m0Mk
07Wctxf5znvsSvJIARjHh,vt2-8bIPIhuU2HK9N3U6O
Tnye_DzevQwJ7jNCtjbXH,9XVMAdrI5mMu_m0MuicLd
BRQXiQURcoZkyLO_In7Cp,8PXbjcmb7QAc9p9kcQgyf
Swk7fegsX28FTs_9E5h35,7jzAu-szEHOk7L1lbN4dU
I60S6HiyeMYeVa2YBzLJU,_RRD6qWHa1MeZqCnqLwBe
qEFLZqmwkkST7ASB-w-MC,Vn48QXgWPlSt9ZmJ-YNjb
H2fSPyyoZ6dEmCJlqFUDq,z0cZ3fte-gssBtRVqWe5x
MJwY3FDDJdyBSd6QqmrZ6,CVvO-zPwmvsgLRanQoRsO
_i4Bx5wRi_IinOblpL7Ak,jaIPyjigG5ohLOXy5djP5
ENjwQsg_jzqU4WCBCtEFa,VoPAyuuo_MC02uBmGkqiD
-HlYWIZYKoA6Ja6cRXvWr,zuoXMFIN1Tz3k4mPfL8Tp
bVSp8m1anjR3uuwoiNtLu,m05BGkipUsUkWkZee8CBm
52P-dfZf-OJe-jZke54qS,XYJJBSVbIc97Ab2mzcjfp
S3kVIU5WzZX7YgyC4AzPA,MfnhlyRBYrPfbqa3U0C4X
VnYfdiYYw8nSttRLBVJRC,oO8sQwhJp76tOgx0Cxjpm
aFq6qcGLJdKax7No-VgPx,zc41_HHGvTYtU6jpmryij
DA1e1jnSLi51AdgfDj4Dm,86mBaPMJ_xSx75V007czu
G7hdOYJTlP-5Qn3YqQ4Jp,bdXl9ObzvFVcSaLyOv-xm
SadWSy2rfwWqG3IZDq1rD,vnrh75E1LQau-h9P82tLc
k2GfnLgun0-kOQqHiNXC6,iKOSIIV9r0x58m4uwiGJg
qjk4muXeKKny3wc4BDRgT,c9-2dKgkJ9e55T1FHpnD7
ctKA0u6XY5HXT271JwP9v,IWbM-vdSkmmE2AHIhrPli
vHdR2BARCAWBFy-hasOj9,Dmud0PoFpAxiJe1d3mCiR
B2UbE5-QBybJ4oAjZ8q_N,6JaSri3iMKtHnckCwP2Cy
siKmgp3aEnG80KNyLYBMY,KaHoXohPNkPLgN0Ut4X1k
tX8VWEc7c449G7FHP0nPG,-KXQasNs76ysv9KkGCT4-
QonP5ba0G8G5A2H8xYB_Y,LMAADRIXTfwi2YQTO8UGz
62a-SzUzzAhlh6fUQhbQl,CzptbJsItOLgRjfk4rIjK
LLya10a6IkjXa4RiRq5bL,ylNY5JzJu3Py_05ytMeMJ
NHxuUGH13H0ikTKekTFH3,RT4oFaWYxGATpbmRI7sZR
cXGZs1BDd5U7u3A34gRHw,YDmQ7eAx4P2WBGGT7GBPO
bdC-RvHncTWRBgBTXGzst,QOP3butp6ejS7i5dOC2bj
9QNB_PIBiSY4Vl0oJ585O,cvDxzRylUgwsdnYK_O1qa
YPidryVLDO3Hcb6GEud0p,XRDW8LGM0Rj47Wl0UKAb6
J_dXLLC3sJqHzmpZAEy5w,G52hqkIJWsOZBffb2q2hj
GBHoy1CF4PKkVa1YvjZxs,v08_g_Va96EtrcOuld1K_
PRQ_ZxQZkOtlf10bGc5-G,uakzOZNGICjG6XDMhPT4A
W83RqStmX87zhYEu3TT_y,du4Dedwv5k4Rm-waLWCzg
J8halaEmHfeSegC9C_rw3,tMMVbdWMljk641kNf_jKV
oEV4z2qLtz_OupWevtV-a,60LMhfv_FPvMZe3g4MU-i
uUG3k7AYsEiAuzNtAdqAj,zP-U1GPHVA08c6-K10xHO
p-sGs1zxwtGoO3D-4FuDs,F9y_98Qk-IWeyJWNDLhQE
QqovGj144q2MBsmeKa1u7,mxO-VCAGNySlqlAxW7kJA
Vf2Ll61k5JFs2drMk-4SN,vGfqTp4iWHZUcN1jJBOJH
tF92MUdg9H7YFkrJJyltr,KSPRXfh8QMOXTWDBFE16V
SP8CnvH7WutDUPiiCFPgX,7RcJaeokRg4GsM_Df9fyl
j57oCeDt-hnCPwV6a5Zeh,n414OzifKgktpr_-C4eqP
n3MEl4qCcuybXlOg4PTLs,VdjwhUdk8Bhmc5mU7APo9
bcc8geaJRZHZd-AmvrR5G,AVXcKYJUmKlVgd26MWkAE
uj7eq61ZQYZCRplfAml6Z,40DVhR6ngjKD0b2pW-71u
f1t3GPEq1qqK5PAX_WNU5,8Op6Kw8tpiPYHin1164gi
2hIEIdmHd3-jtJqB-kAix,_RV_ZBieBCyGD4y-qZxxq
6iBEK4jGL4elDZK_seusL,YB6LfAGvNAz-5QdxE0kwt
EDqfEGs7y4m_3UHE5EtQ0,y_08IE4esLgsmPn3SiN--
3kup8EwEArF13_T0H4gcD,pyw2_EYwSjukA3REt86Ji
abBAndbtoDsqDa3FlWQRS,VCL7Lfhg3aJvl6MdjV66R
8P5EavSG1k4KnDqOolPZZ,MQVAUQIuVSHwNYj2X4IWZ
78Ml-UEQcIvyzhKRTWyda,DFdCxEsJxkgcfNThv_1sS
iz6I81oDQBMQRspmLhg3A,dhtWfb1785yvBbowlRCDE
qnzj-gkdEvKyqanzGBSyv,cTgXyTrDVXvUnTNdHashE
95UXQD8WUp7OxRiu4jlUD,dZVg8uK3G-r4DY52LIL3V
nojCSZeE_ydsOLxk5QVEy,h8UKszhx9kTSmjRxyH0Sq
jz-8WyZF9x2U-PH9yDPpS,hqVG7Dsc6b2zzk9nl6O9V
uL9tlTTIsPyvoKD-ibY61,2I6Pl_eTdVYLFt6VajZb8
7KblnqPCvw2UsVpWkupiJ,M552OXh3SXtQ3QrOnn4gH
GibS6FiD5ZmXA32QbwGDw,mFcI8_YmZc3Mjn5AaXrkL
l3aeLE8-om6VGOyZcLE_a,K6pLwuYSD_5-Nj6mDkxEE
5xExgj8d26um-_4gjfgBO,aDymsKGYlgRCh8otMX7ij
PXnKSf96OSC1wnl5XsIu-,p4n0uuZiXowwOgr5jdp7Y
K8-NoTc62jxLJiRFv3YyY,xC2J-qm0Vvy4qkWVQrbj9
prcz09O0GI4kmxESUcK35,0QCy_6HTxaW4WhbZnCjey
uHjcW9y52fv_8XxiewNOG,5JXaRqcTexk0suZRuZYE-
DXRr43nmYCGtrce1P-YUM,q1LvMqkkfvukAI_aspnp9
i_bLDhNfwPifE77JTM6Hb,uxpMBmusNOjmPo8Wvbuoz
6z_5Yt_0pstsoSu-fsi46,W1jetUjFMXMJkf_qCKRPD
D8MK-OfvLNxAeVTNsiHN3,RvgN3XuLRhaPrdTofugP1
rtLm-wv1ANSrn_kR7CLRz,ConX_FGIDcQaRRhg8avkr
M0ZC0NLCHq1Ss2zIla639,7DVQRVoSCUKsLDtxZRo9l
D81Ovy4A8yBak95DDy7hM,kHfBEFydNnMwMWS44Suyz
bGzybaS7Vez3g41hpT5Tv,arsaxwLG1iSlvW9AEsvTx
SVfNIOW-x4FOG3Yu9xrNS,SPFec69dIaEzTpWfxRRJ1
K24QNNRN741rnGKhCUrVG,kGHos22noSByF6S2O-f8P
4jLUZquy9Neiz2UDkO-6o,tVPFVE0HigTKEikCkar1t
BhxRoFpxXEj4MUReOSHmw,eZNXkY3QkB3qTJDHyh1WK
hkQJXQukpO0iowGFhSPyP,qX57SvPSi8fTSNHvqPkxJ
jIYel2F-INGXGK69Jx5eu,shyvGWC6jHam7HkIGBQAL
HeesPS396O9_ITwRplWYi,gfi7zJ9YrHnTuvCH_CmPd
gvVsvPAzII8T1-P4yWmIi,L3zKE2en6JP6aILAuIrTV
Z5bwTwMKmWWkGbbJScsd9,alI-SpZM-W2j3gWGSVVTk
Jiz24LITnx4Z8l9gS2AP8,8Aj2SeQ1S96f5-S7s9U83
dPjGS3SzYtfG-wpIx-y_K,kPM3P0Hmo_Rin-oPNJAP7
A4tSArsp8PoCbx8LsgQf8,FAp1ls6cmA_1X_SOzHRr3
7FnvUPDBrhKE-sjo78IMK,zKyBBvm8KYuX9WGvasjgq
bXe4cxd1TFlBC6bgNQAg8,N6N3exvuoU3m55DhQlLly
Dg1sAjHJwwnxNJknSv-gB,1_QasGjzr83xgwLm_eVNP
1ilk1NiWanHoEi3jPuCFo,FjQiziezVlxlW-efyzL77
dN6d9QxFlJrEsBlHWK-6U,5mZPf0IJtMLbQNWz-dSvV
qrFKDvKE4cVmJWRqZ9y5G,Eo6q8Abv_RZvs4gU_We_f
GQrhRME6or-30pjZdykWt,rSsEi5lScZHu0u9EK2Nnm
IteKg3syEb39hq6QNA68N,-QlBCmUBjo6gXAxoU5uNy
_xkNI8cQbzfFIjzQddLub,xmt5TkTv9ixiYV3CCVRTs
G14Pis_KnO-fzhBvgDkWV,7Olk9qc2v-Q-or-HsGSWw
MCa0xOXbZMgvMKfaV6Uan,P2sKPD6wIw_9DCj--VBn7
Ev7XJl1_jgQgR1adkd-Zh,-KJtlzHcl6R2mFntAR-wx
Mm2S2xviFXhcxf3RqrUx0,rITDU7dI7xvyzbzqw3uoZ
sNvcrZvvR_nu4ewTYUp1W,m3eHdldhO2W0yhVK0VYyD
kJNu5q_UD3wRvtQNq4KHe,R2lMxpjoOj8pEuZdJOx2s
1MX6xEs55O2C6STW_WdND,GcwDrs-C4SuntVn7g4SCM
dEiHnFGnc3jC09S2kKN82,6rx6OVPPubFNr-URNq1kq
0zEXMkLPlE7VU0LT9V3cz,d8dMMEmO2N1mNbE48nYVe
O6h5sRogb9ZsjSOADAoTa,1QwXN2mMjEvyRELEGBigM
oa6D8khgdrfsr0xb9Vz1b,kg4Zev7PCNf3OkuCJUsVs
nuecSBJvq4mCXYKgpzT_Q,MBqanLyEG3JB6jLhBikWv
QJ9yzIR7pmvyGQ_aWPxB5,LmgyeaKbGnCe-9l2e0wSI
7pD3Xiz6grGlr3vgZocU1,kOSjSet7L91eN6_2-L8vZ
9lG2zhsD-5pv8pAlSOOWG,1YpYRDtuSYKeqrqBCK4cB
8zLKK-O73wltWXkuvpgMB,OqAcvHlTe2r0VZIEDrxlc
-6DovOl1eckRxtdsLGUwT,T_wfYBaWTOq6DfV3GKZb8
yMAPBgtCvGFBdsO4DTRKW,IY81OP07bbxDQJKUxmQ_r
qouHnHB-yd0jUU8uE_qQL,DcCT9XFIu1FFGXAATSqa2
PVG6yjo5Mluo6M_z7BW3M,VR0IKFnCBqfRn6nTu1UVw
g_0y2eXyt7i3AS_jJg-u9,lFmouZeM0_RYuIZyY1EB9
kRUAreKNgRTDXRy2xDKcc,EQerCgj5EpQBth7NsWIzv
Fhcwh5AN1w2UCMuKBOljJ,3YCuWBmXWlB2o9Ny_v9Sl
htQ6fms3V-B-EW4Ul29hH,Bj7sXkbW-3AeYXdHKciAb
L5pgqdWxAflcj9fkjEK22,Z_W_SntUMdesYAFDvdteZ
QWBj7sOAQVATmOyOndu3_,4ycX_3jucHB8MY51u_n3H
ybQ2rz70gE1yFt9B-_UGL,ohCq676kOMkuqQG0PpR0B
GfhoEMAld1ts3Vr7KXIgh,vntOrcR4PtyYO4y1PMxCI
e_CMJZtyICcaKdhz57YQW,v4LHvwH_DioS-UHgF7s9p
q-yGohpx--q7CN1Kd-Sh_,Ceu4ogtcELesjkHtpEW7c
6wDRu3spktPapEd2MlZmu,YCEQIhOEx9eN09wTKHKtj
Yv_B0XQSzkN1mCPTbk342,-s5XY0PXzwkZcYzycjw6X
yg7wsSSRb_xXv6paTxG6h,ZX6h-hkghlo1jda1dRtnb
cFWlfjf7FEBKmENW5fTRb,jpEw-aKYTg7o8x8nfr-jn
ofCfabfVEWmJSWV01gaZ8,6J2PWPthECgcJYHazojIE
Bs4Hef23Ja7_iigXVMmfv,43qXyJ-K4CJxpScbxqfa-
heg66bDlXYS8A99bm6eh1,vgyWWDlmHQPjRSIkBmUE8
S036MMj1qyt20TJNEdGif,-p7QI_H8eGxqGtuG0rc1X
HNFrBgq65-8p1sExoDZ5o,c9yXwVfY-fX1KydVy-7OZ
Q5-QwdoSRtceGLCvjNDmP,AKuXrJjNNJBnWpwDnmzpu
235HtWnXopA9sZ3xSaQHs,KHJrxMv4FYdslRSKOvWX-
rlYD8udCK650Z37MZhEqP,86ZHUF8SitWkTQcAVxMBV
RMJ9oLfL-R7z5g0mZ3hZE,lYjuDL1-P0JnowNSq-PQp
N3OSeW2jNSBrSJyW7j5U5,Wr6RG0-hSTPomjsuWuI3P
RgokTMulW0bpA5UuqgWIg,Nzzfwcd7ApcKrPeqPoIO8
M4cKbLpmeqUcHELg_vIqp,be00D0tCmfFmRzel71ue8
jALWDx2EMXY4zrNxKpuqd,o9dcfrhaBn7r5i5x_Pwm-
FTvOe4bYF9iRxAjJ-WgmJ,5L84Ok3KIZ-fwzcBioukO
zBvMIsnVk_WEJLq8XCTsU,Rm1cfBLMwZCoZH2iJlZ5Q
PrP9am1QEkZMCj2aHwPZN,r_QlD3PQwhWQl_K3aujjN
3voaoEGchxW5OL1acfOyL,nlNuqKyJGDhGcPHB6B5Vb
D3GqBlHRAJ1gadsb2gPeU,4tRJS7SUVoj6TljO9VV-t
cUgbRLpmi3gsUgnHYMNc0,BULx4CWs4ZlAPbH22MtOB
jf_KHqGBwu2X85GPnbnM1,DFey-b2ONYbtRAxlTVm1F
LPdaFHxgtRF_tQ1CRgVkM,Z7TXUSC88tSdXc_C_7ijr
FPWI-gkhj-iGtkhERW_md,-AC1uhR4FrCU7zqCtkjzl
iRDqOejYDuoEiK4dRKqqR,RkMePbSvTsz8_rvcafZYy
7Yh8FGovF8iHH4k7xhwkf,92pneLO3l9Q8NxXJjjOGv
NXWkmhrzT2Qi41VwBrXWl,6ErCsce3ags0mBErX0FId
tEu-lE61MN78ziLRssDC5,UVAQg3LrZxiUmkF4Iayuz
mdXrTixCtvPbRgg62s6Ji,0Y02NHKQBufi4Y1pFC2Tn
COJffbQQOyP-1MZJzyUnD,0ZOdltLbMExFVLClOaL4M
1aRaGZiJKT4NnBFmbPtZz,6LJ2KEJxGAsJx1Gi9PiJ2
NXCJIEAgh2890Ikyddofm,-PBQTSGOdxgY9ywKOoXF_
A-9ggMqeVRdWjHPbZhzTN,69kBSzU08eEYJBZXIpS57
deb76fFHKM8gAVQof5St8,Wgg9tQ31FLqMf6dYVz06w
BMlKTESg5GBlW7Dz0_9Bk,V0aKFOYOwHW4rECa1e6Q_
3VZB4XV7-omEzjv_bG2g0,AIgQaa4Cgr8058fgLCNsu
0D6CspidOc1gaRbww0-Tr,ndgS5J0hOKxSo52YiINhB
OqZqghP56Uv0xg9vhGMFX,cOT66zqsVDVjvB-UZ0iep
LKfsRx8pj7phkQH_yXiJX,cJbp4MrYgRffCeSQ4hpj7
58xpJZ_aM7ntxnIdbdPZf,XsIrNVMSXKrfEPcdDz5t-
noIZrK_YJHP0RkgM-FtDp,ggg7UVUOwS7m1Fk5ZwcmT
wH4zqXW9GXtEiYO-ouuHT,3GpYn6j2uFvHfoHgMOfLl
8aTXzfUbSNpwHqZmG1lrQ,HOXf8pE6skZ68HKmFn2ca
JOluR2r4RA6KBR0dXbeXK,wzIUnAaH2A9_CtVxPKhRc
R7Kpo__1dlQttHKlpJZUU,WQav14Mxhr44bUsUxi3uz
Kp5fwxZmKT54xDTO2nut9,cRwOM1ExhV_zP4CyNg8L3
-HWUfqR6IjReWs6U3yADH,W-hXhODuXu1QNrKv9Qyfj
JPhEQPfaHR2HTKaiv-vqL,Hj8QoZSppc1BvGRZL0mQ6
AsRNDXanwutVCgoMBafvH,lToRE30X3J19atFsbXmQ7
kjJLDo8EdMDHwlB0MP-J8,xSVvvRSPXzMic_ol030Sl
RyshXvZK6pimVACBffR-d,aGdiaWu9YWbgHFr_91iWh
rRh6vrzKtzqlAGNfvZxAC,CfHOoBFJENUHk3EWHzEB6
nO2dSR2xppGVSdJQAPMHP,xaaSrVh0IBYJuwAD7R9M7
X0ZIQbPB9SNoRwYagfhvH,pSUoJkPRESMGupNTih5L-
kT27dpExCMoqKl_s0AUhN,xmyyaUPyOTjWpP1-8wsUS
x3cvFmrqidIaaPFyhbTSN,EnbB0HIugf3EHuZeoB4pZ
eyObih8M7ROtZ-KBfQr_7,yLIaatr4iUmFeVVN6VL9-
ZpKjnWl62MjBkOaPYvQNl,1C9HAsaa-irfSgAmqi6C8
ddz2pOFIgWEkyhuVcRPjL,BfbG6fuaQ3XPOqifJn9wZ
FPbjQJHEcyWY0EE2iBU6l,wGNNQf5mS8zkYLuEiAcHm
dWZBy4etWlps-L8HZgEL2,JY_y1225bMWK2-K2TJDza
TZu6QX5JkzmNOgc9ucFW7,9hR5qzYkq4BJSa8VS932n
Iz-Jzvy-d5QBpL7kQiuq_,vanJ-lxapRShrchizysi_
JGuZTQ_Qdi-7vlkedxgbN,B9JgBvc1OtXZQNY6-C1KU
WSHOm__1RMbiWFkzdJSip,l7TCl_FMtPDVjdiy31kfE
98xnnChmz2-LGuE-bTZAD,uNpaw8IeQF1S9ftZbzAnM
DYjxS8UjfO07wfi8e4DU_,vB0097FioAJKCa6EDZU66
tf9wfg969uyFrAfYKpR0B,lqAINNI_RGu74pvhD2Jxb
ghGlIl0MEjTZa_OqLZ1IW,Kuk1suHbNsCy72xqn8vcv
m-D-v_uuHxG0BbD5-SaS4,ANEi-fkelrRmMAZG1Z6MG
qzgp0cSO1LXu0btNIRNNp,e3vG6mTFnRT8Dwx7R_Cz1
jRdxG-NEaC-xp3fPqmQ-c,b9GOHyzsBeQn6erTnQ7-F
JExJnaDhP_NUX_k-bQ06N,MmGrQLHPhOaRx3VGLgvvX
N-dEAHflMh1rhnhlaiuOw,ewTv_b_IXjmVsAMs5iqie
W3DQ4qwaErutbmy0Fso2F,UXy98xprXqXBZZ6Gw6kth
RDSKTDAe24e_PGqLit-0L,_OY4jYcMuUeCi74U3wx3U
-jOAEIhjnn2OnA259WUsC,UG8nTQ_YhSgeO_dtMcTgi
F4TeBQRcUKcbU2qK1Tv_D,uQUI1WYHGRV5wioHw8tWp
RHF5I2OhjYHHzzK2UyyUu,Ln07rBBjREhmFSSVQjT_P
LpYuFZPDjM8-kJonb4OXV,BkljpCUrfrzkP-7UxSJxr
hp7sXsyDkglIKbR58hAiq,WWgqQdBTE5oRG4FnRYLlQ
0BBoaJf4rCo2fxGx6Dyim,SN4nodP5ixtSpnWsw_LFe
1Gmx9DYlYVRcJgCpOKw5L,tdoWhGagzocrGleo7mQQR
pwCsi0Ed44y4pTz0XAsG_,sZ9iskCVky8KP_37COf5O
jtHKeiFdZFTPQ_cK_yfe7,DujdVgQG1RiodQ01A9vre
FbdrXHYWCnmtRhjtAo3vj,d1-CD-X_fNOPVXSSBZ7Rb
Vcx8XgsQQXZnCGy5Rxbcd,XZbnEU5kIH_2AOjpnWhav
V5iuAkx3VrV0KeFyiDfRc,OfCtmoreFUGDVo4wAIFdb
cp8wQG69dnVkNJepY9S3k,bXypRqH8I4NtQT2NIX1-L
sH1PThxm_J4AnBsmhtJlB,Oi82GmFzcVQmJ4Kx8klgv
TuRMqjqUqow0TO7IGtD_q,qexndJcYZK6b6dUh6CLFD
Dr8101Jchhaf_6-lQ1Lei,m5KKUU8z54r5977XoNo9F
1S8yjGOJMQRsTH_XH3D-t,_FXoG9Xhs8euJlGUEI8Wv
xlCJlEEL55sblMD99Xv2X,T-BTWy_NetLiLdFXRgxZu
GapFtv-hVsOj785RWATIk,4VeAWzllV1df2VOfz9xfz
vnSmQnzm1_R1fRAIOh7NR,oeA1soSGC8s0yD3Yvne8f
wYrtTondp8GSwpmSK8Fv7,x85bO6qaxr6Efvy9btCZr
4_bI6KSMz32qA_inAjlx2,KmWVaNvb3gCcc9rhgircM
TcGL7c-IeOtvwnhUg2uCk,1_uJy3iKSEWVS0pPPjxak
PfM0e7HAtLJF3DMr2ZFB-,4dXHtoAZLFiLhizhKQ1g7
lyXdtRzTEGVY6p8JPTtye,4yUROdDQ1qhZHc6X7LqwY
CClMNGykRlUiSkfphpVoL,2teqVPWlWBKXseylXRqFa
aouFvTQjCIfpysGhd-wAl,-vc6Ikc4njq0GbwcOl_8j
M97ZX1852l-jcnnpDK96H,Fmb1vPPC7c0gPKbMOwbv6
4Z-tIKJfZQLNjGiL7nQJg,MKqe2P2qrRIukC6P8A8TW
S2lqPAf5rmyeMIuLHqK_x,Sy-2eP6QXAd8RLNOwkvsG
M6Z__fXsvvkuX7C207C22,1E0ky9F65KtWL7cbnaJJ-
WCHlqCNez0pQw7T0Mo1oF,yqebUN0gSS3B6tyjsqTgF
0-CFxe9wjNmShEzIkbPLE,k0yLLfYcgjz5CYOGnVTJ7
Zj1tg_7VqEvj8jcwUMbgh,e_N9hlsg3SVWqEEZuu7DH
cBPY567FFh5c-eXkRYnev,XQMABxpwmA6TS2orUPaOL
fuS5tZpS4SrI_0f9sjOZN,BnajyHST_HpHgvF6FWvR0
Rg_H8pnefxghXGal94jWs,jOFEFjMcDt8XXgKlEy0JY
Wu5eim8cbVkBgjwnJ0IWD,Ccy8X5FwB3nHPZ5KB5pgP
nVLAG8wVN_MFA7g1gjJFk,pki4XcmwNJ8l1pNWgQxae
xoOQ2hVquLmn2ZSwzMPvv,c7V1f48OBKw2USPEXG7w9
aodtjWK35e31KBs1ypGXa,3XKkseqf_Z8k6Ii_hQKv7
NwYo22jopLWzTO8HUhnbD,hlJafnrJysbLUeC7q8zUs
TSA0BG4oaY8FIWZt9nUDn,3-mQ-9klIFPYZ1AaImK7V
1ZaouMUpAvBWmq9S4Z4ch,CoeXsW21fliT3ly2vRidi
JjZ6L-BPetHLU5MFPeWAp,ol_CKlck_7Sjv51RRQq4v
ChQnmhbCxCYwXfvKbOScY,tjpeV5Pzyz1Hy1o0Ecyvy
qY6TMBBd_Qog-K-1DTfdZ,vjhu1GpvvqrdUT3Fb78UI
rgS6hpQoPn7py4nZKc-Zi,G4qD_lFHx7Qh1HvVNBG1z
3IKX5lxCGuoylNy-VEsUm,dNhZ36wBJ0k4Z6DwLt085
F463glpOWcMBqOUyRWISH,wyj5XWCPjPO5nFzh92c2Z
vI68t7LLCbVKOuBTgHrl6,9y5iPMXRYJZ6zSrfvnqqz
Iboh60YEDwTVBg6ardIaR,f9S3kL8arTqPj9ArD-Eyx
KC5LTvspmx--i30IZ2ve4,j1-WqmIONb7yQEy8fqF4B
JNtBjpbWrEBhyXSAC4LeE,CWO1_afa5-Uk-wscR6T_-
PO7c-hmN40k-SwDPA1Z9O,_tIRlXK6KHqUiWbG2Dxag
MrQjS8TyXugm8wOfPGDt6,nkT3SlldRgz2i0Pj6Ev7c
RNnHHLddjeIQKSgtxXuIK,aDilYf9tv8T7KXMVAsEN7
4q08oaoGKaD8uiPouD1rO,B6KSsFeTqXKNl6kmjb1en
ZQefIJ0Ey0-REzeQ1jaOp,FGtz2cLU_7_QGo0eUZat-
JTIL6EtbSEmICHail1Sx4,2Y8IWw9DwXxPdZQ0jZ0ro
Drexi5PMvKb-xWzT2-_UN,8Otg2zLDMLRQpUUryYt9s
8Pxv7lCXmjuscw-MZ03Bs,9lB9waodVlUxSWV9ebSmq
kZwFHl-tXygC97_e7tI28,13Igq6CvsTWnNuogMXqcS
s2lvc5VYDHgjJ-sZaAIRq,GRhcYGZ7n7tBvXobEHMtA
n3R9hBE_JghWO9yJj2a55,9k5tS-qBMLMeFIPL_O0j7
Y2GuC77PwLPaPH2SAX3_N,h1eCp58uJQpTJdbWzKvAA
bt5zPEPPbzFjVd8j-dLgv,n4ERbI_BrglOxedhTkA78
GS5BwuDnpkdUtT78k29L1,bKu-1uD1AV5fTbrF05KVm
G2kyhRmBXRjNd_lmEMpvO,uvkx-_R4Exytlp1yEo2Xx
m0XZTwJ87pbvaXwxlfBl7,MwP5DE_afBPy4YXKlkifI
K7WR-2ptnb0Wx5K2pGXpa,adL507dVUl88kgXdg78uM
YcMtNtJ4tBZkw0PqPp4Yb,0VIn7xjD-gLB95WL-pPhw
h27aJ39yY97hHe10htfgY,03oZ4JFe60PXMjFntGMT7
wBD8QWRQ5wH0sB57sma1d,lA-bYKiqA4lnn8t9pvOnw
xNVLutvW1E5iPgR5cmFBE,VXasnFEh9CcyDJwEMPGoQ
bi02F1XhxayICNLD1KebV,yKD5-es3Intq9JaWfVZmn
v6L34UAe6GXs2tscMbrl1,gfSoX6ZXkbXTLUXHVC-4e
LiEumOPPzzZM5RszO70zc,G4DoCedUY8Wmm9Por1Btk
pGWRyRmvLntym7UB1kjGu,UZ8dYxqyD0oSG9E03oZ4d
33eF2JqiYYk9vE-kY5tIw,mPE3ZFg8aEC6hXZV99t0w
Cl-sa6BwrzaOvAEOzpg17,BbU3MIGtgDzX_Zn9h_FZa
-fGDE3QwR-nfIUtmfHbNQ,xtv-kSh-Yvq1iJ1oMM-0s
8SFb-cl3OsZgp-NHe-sWP,bhlGfH9v9HUwTYISl-mlx
Vtz7HVC7cV5vzgwoiF0Lo,1uMTuNXLFRd-QdPxn2Elh
i3QWpbFNlwW5kqIlklQW9,cHtI28wwVMwugVVKrtyji
qG3I9WqJcnVBnD5Ap-XDy,zHtmcn0hBCrsCfsWgJ2z0
EAJRngibE1puR3QOHIRjX,lAE8K4CIbtDsz1kvEgkCi
ZXZ23xH5jINFZrSFyXkvl,ewD5DBCrMlJQPCOs1qVC8
AALfzk42aQyROxv-wTCYw,6H9zC4He8CEimNjCpEErS
tANNHw6KC6CJ8BrI-AeZj,i1eigTdFLASg46guborQc
xCASwuICxK-GX5H9IFT3c,jG7zH1NMikCGHJtAF7BSL
2kZXuOV3rbrI8DU7x2Pcs,zFe2L5tIr593oC0cbGpTu
zgJEHxD8QChKvl1Hj9IAU,-Svk5eRV3y9IGDabPUDHl
w9oS5XO5aB6XIeUfJmxau,w6kbCdaCfeYfyFBNTa8V1
UeK5critDKWK_dTVYIr2M,o9ZITHjjjF0lzX9kBI2c8
_gyyzCQZsgkGGN63KdnDc,kDwOjUocIkJn6Gd0W_Rf1
4dvKJfSV-P5MxBhGR8oxE,qFbnKR7ZsQRSM30v4jeaA
URbPB7kOc30GapnpEPs-J,ln80Rxr8PlqIuGPu9KEZM
MH1JNm7Ddk5s_iZYcMszf,Njoru4lBaCj3DDXB0EEfs
dwS-WHWaH7lrHJ_Z_LvqJ,39gzZdnOHF_gk9f4suy_K
7YB7p2ztTaiUCYaUUsqBX,-Qxni5udCjPzqY4uxufo-
_OEiqiyT5zOJErSjhclry,hGGZe33LXq-mGOQXZpiJR
cjQ9DE3hiIIYb8Hf3mBXq,2lrLF54GhHU3uO4vzPoDV
ivuqHO5b6SB43jmnkLHw_,CPW7PFmLs7Xh9aBrM5uNl
7tKfcBbXKDgm00g4GQPRr,9DNyG6ME4WFGfY6d0EzlW
vl-lwG4_oLMq4G4-OA0rS,pGHfJxxClMRy8kK0vWbfP
iC4CULu7CHdbD3w4ZFkCz,FqV8_zmu8CTy70K299-qu
5dN4li1Shxyxisk4lfDHP,X5QUFk_MOrurkxK4bMXx9
ue4-s2NZ0zcpSGgTcWST7,iPWz7SaGQbQrER7kBCRP2
Urbjkrq4PvEdr9eHOSRwk,IvXlVQQHfgFStaMe3KpX7
uvK_Wxbu3V9h95BwGEz4d,DReZ5dwClfGC_guvMxeeU
emeygBxOwLEr6Dd3JUrqG,bdEZer1dy6jZqHngzwROs
k5RFScC85aVAcOyux5LQu,ejHl3msnoiJH2D_SpZbb3
gT9utwLjnPFTelWn1w6WQ,TiDslqC9Y1vTiFIEPK2TA
SUTz6DTAWXfXr7gxiyySL,at-5I17Xn3fri15O9k_70
26KrHG88UMGmDoNIN1KGU,YJOAkdcbE0YxPc2uqLvCp
uD9KmRi7ip_JRr6ZkSRaZ,zTVavQAv6VflmByvPAz7W
fAxdsDFSOa6ijnaqJ98dV,C8rf9EzdVkCS236ZSChOG
87nfhV4mMZHZV7bzjAXaI,TKXddutLC4W-yQuFFAv88
YfN4EaYV3VkGJ_WErd21h,X_rN963DR6j1sGXlWuJ3v
akd4kVMN7Opz0TamF9AGE,vzi92zeNkejzmJbLUALHq
4U_TAwiiPKRe2FBW6B7T_,Pus2C7ENTIogxw1-13h_u
8r2gAKSG7DjSVzG4lDbA9,wI1YgE0Vq3WJ6_HurqF8E
jLc-bPqSqQtpZpIG2x_Oh,nZmlYzcjJ2z0UcsYQeo6w
d5waeI75AbpW5Yk7f59GF,z9nBUDLcVRwY2Mc9orzHy
ED89l8QVVpy8oTG7z_0XW,tPVtrt83FpgoiVFzK30_Q
WElOCbtObf-_S612QDFw4,tBkrZy9d99a5CagkFCV5J
IkFsBuDLGJm2JdHF_PsV3,KIUykIirlOumj9XUVjnPF
_oWKWu0bhWp9IWBPRnuzM,kEkQMYLBQwzofepVDsXmx
MM5WFE1aDxLzEgXNW8n_Z,EtlAi-8G48YsWH_1oD1Ot
BkFYdjsy7s3G_qrV-kEDL,BdsMEUF-pHwtNaspmochD
ktgWH7dOz0hh57eSkRJY0,L_ni7zv8ltIl-1mVvpwqo
rzORjcaCztGvCVH8q8p_x,TudbMcNzWsA-RcI82-rag
VS7e4zBZydwo1xdH6_Kav,mVyP7YWrb23ssejqr-qqE
7ruKaeHkgyHE5wdhafDrh,QuGivaa9W_5u11bLBKvnU
MnUs4HhO0VSnO2lVgS3JK,H_Ie7I-w6NvqAmRSRr33r
pCZRRSPw4MKQ1FascYQkL,DqssCXC3zlonfGeZJt4NZ
KgVPVFgSB7RGzgkaP6ONg,tFA9xtb9hmzVRC63Xt2Qh
n7u6up0YuTXtIFRHVNVDU,WiU_lk2Ckww5Gze9hPKkB
ruNf-kHmxqOQ_2gjUt4eS,XyI1aW7osG2aQQ3CQinwz
s9TAYtnOf1PRGjDOBzuE3,7KDa6tYqnKZI2wQ6T4-15
cCJwSFag-bEilIg5IZmq9,_dLAInHPn7oGEADLL_GBz
1a7mdaSrcXI34W6_Uv676,pe0BtLDtyuFxHa4xeZI6x
U3DJNJPhx9bvs4N7v-Pdp,mfGlEM3AUV9_WzcRu8Mj3
-ueISdecNw0iqjVIQVrtW,FCmLFSas_NM10s-0C1P6s
an5iRowXno-vI0I7Xrvtz,upsfaY4EVDXqPPbDVkZOg
KAubUuf7cZYm4a-DmXFOm,4g2xvDaKCHcyCaDaP-EPt
U-6ym-qK8fxTWE797U699,CsPDlBFJ_1w-US35ea7sD
-jz4gA5kr3IgNznSBtzqZ,uo1FshkOvkJ9QITrM13U_
tSNh3f224BaVkP0mAZiur,oGsgX36V0YQTa4-9QYRll
1LKo2Cn3piXseQcOnt_ur,uA7JlH9HhyMCKrmtOvNiu
8yaXVsiwnmX9JjrxeDkm9,wwvm4GXfxOl-cMw23Mp7-
Esav08OVXyESoneE1A3co,Q3k7rGCcuUq3v3FxnTf4H
Ckoih0D8lzJNv6sbTyknD,kJSHeI80QNwdOdxFn6n45
0Tn6moGxTKuA8SbNc9Arm,3gHXUaQAJX4zQ2CfcNqIM
DykLlYSrZNXhqSk2CWPfS,meF2_nzmxiESiuNWolYW_
pCnUFH3ABBWK9-pud2Hgf,N0ZLRNf7Wz00P5drvMs1V
PAzMK_4JafiqWx3G86TQp,m7Bjk4YQONuBxFMcfsoQX
6GGC4BOfLu85iCrC6yUnI,L9ueugUTKGdd4PJvpUBpZ
wkN3HRHJod3UBgqj6ZplH,9fIQpaswrzobNUg-yIuki
tP-nPXY_zeHLseqa7woja,9teNQ9Mxb16ViA9xAl9os
zRyn42Rdrccl2wPE54C0f,4ZY4umMMTCubGDX-II29g
SxFOypN3RB3ZXqnzm7427,89eYBssTYnnZ6VUwz0wZm
mjwMeg47f74N-i9hTXTXV,K13AQgrCL4Uch9t5FqDzr
QjVRIlY6UerYk3IPD8xMZ,faGGXPCLSaZE83L6QE_RO
-VjSOW9kexsdXViDE7WVy,PuoVXFZqJdiODrlZxYSED
UsOIwOp0kqWCJHHK0r3Ey,mN9lm_-cHWcE8LTvqJBV0
dtNmjYllN6B1_VJkuTOY-,J34W5m4BUf0_IZLaAlDEg
4ThY9MAnzOK4WWafSO2Py,f_jzHxGw-E75Y9xgPV1tI
pxGg4u5pw_ec4fuL-Noc8,IjnK1TF8ZYHSGYsEae5P4
jpkBjsPvZuHIRQnMh73t6,IzNYOcF2GWBdIuBxD63dt
ybRnL30G2PAypiKZMX3tf,6P2_ZlWgRUKdK2Wock1fi
DbIKDYR8ibYd_2fpBpc57,cuEwRk48ZBPJXU3QqB4MV
3lih4RF0j9Pn-n9-f-K9H,wmW11MRiH4bT1kRsGVyBN
ohP8vA6xsEu5jmJGCQJlK,a5SEaMhFDIN0ErTioNLYo
cMRYd_q7yG7GwlaPD0LUC,De8H7ZxZRAlM_3FhjWlk6
gRaogntEsVJ4EHPrYZeiJ,7p-otQMPsFGUcbMTpwGHL
G_mr4ISmfxi0EPN-ATvH6,pk4du7FWsqpHWf4fl7R-n
zoTqhVAasu9Gk0mYTPhSy,JdyHcPAl4J3Zz_vmYxnTU
ywJvncVCBnMLd5HcG2Utb,STstZEcJ-Yi8VOdWtoU41
r8FQbwY9-wqG9_xs6lEyU,_ypjcMUPS56htDJYiy6rM
MitZDhWdaA5DA4FNjHouf,v-Hc5EhFPl-PGlU4pMByB
OHC7UAEK6cYl4nXMhZC7O,cy5_ngAkjaXo-N9GmlAvs
bhAJfBqx1KeP3lzCtlBpu,8FO99BrobUtY-dctwCiDY
-FQFpqLKdbxXdWTY00xcc,IEkQlO1YIw8RmTJ8igYKX
knSvR01veGL2kMcC_Fsyk,5_OmKLobtUaJozio7h8yC
linR3VWEYl6v5IW3iWRfe,JUjdl8aHTNkoUBW9O0AkF
excI-dHi2P5p9TrbKj-Vf,edMsj-_0jxy6ksvUzpSMn
pML46Y8wW_YWw5yFJb4Y0,h3Rq8OIhB0M92SLgHB5wv
ewNZgXwYpSQinIo6-RBF3,4kBuejfVAntlD0xXA7jG6
m_JYkeU3tziAX0KiHIi8y,VpwzZzORZnGCHBMlsQrFY
OPhLW5p9WsETzKburbIT0,8d1qFYBQ6Rxj8kgQSMIjr
W1tLFNUKTiLieKevRPyb9,5_Z50nu4ylD6-TuiQUUuA
ZRCYw-__YTcVUd2rLMow2,tX4sxfCl8iyjQ0Y9MQ3tW
WY0tHghPv2VldOw31lcke,hUw7Hrmwi40rY1J2k84NT
eigB_mlIadEeCpKjZUtW4,-57CFPjZceBBCeY8UUypD
2D7EzOXyZIwxrk3SKLx8i,qiugkOJDHkXY0zEdnN-h_
EPsI0qWL1vWzb_ku3952A,v2B9sK8F3dA3EycIfIVMC
l81bq6umgAxxjSAve8eTo,Bu8x1Q4wF9QJkKh3LfCSD
jJxCsQiUtjYYW6H0lgeIa,hVyh6RcvEzT_1NM6i9DKZ
qo_1Vplu_IyKsfugl3Luz,noNW-m1RhR9AUbamxsZkQ
ok11SXQI86Q_KMWxl552Z,zezFI8wDvxwp7rTrEkNs5
pQckUoSO-tCB-E3f1P0na,5w04NFX-xisCYFkMpmXlC
hFY9BTiNhqbLqQYgPE3Md,-AMQCfJ0kAmd9LoJAptKX
eCpf5UJqWJ3W97eKv4lYD,uVqp_fflsIEWHVy7lJrzM
n5dCiYR9NUrC7QM1y_6GS,O0NuwFe3UYFNWQQGLAvcl
gwWNrFbY5C9my82-AAwrU,YiK0pBmZNnyu-ipTW8ABK
0epXH8EJjajjxgzf_jS0V,A4eY2lKIiLGa_uZhBO43Y
n8oCR7s--Q783IngUzONz,ghy2WOH3Ci9F2ebBgH9R1
ZKSi8E59Tx8_jKtlwg9ww,zlNASg7WUpiNAC54IMYC5
stSEBIG7Q0a1j_Kegt9KW,3jn4S3jLBCEYJcuBuBIz4
Z2w08-jAeiW7GXYurB1Ko,uDBukO3ndWc8XGeOypqVU
o3yElu9pdIq1s9-osg0yj,6P8_dMa5Zi_ycScohnMuv
dX5L_YApxjCUIRKN6n9BM,8Lq4-Ttb7h5vmAPqmxMKf
6Uz2E5X1DUrT1i2V6p03T,2VHVhIhNoOBO6Kqc8MgcW
f-kJfYPSn0oyQDYYVLP2v,8P4goDZ-plauzTLo8rL7k
S6LjHuCJP9zmQenlxvmuT,kPcbzr79sJJzFGz5SNTSp
JpO9CNUZACKJVYgvS77Bs,EGuff9F28C8VW_O0W9nL1
KnuWdjP3j7BnUkHqnIDke,ArkSRMxXqnUvMmyhdPPCK
P-S0aLxvD1DS9emWMxEdg,WWK-25DrjYazwsVFUw7x1
emUdc8x53ATAO4RMAbc_Q,7a75Iqxnwjq1HjU8ZDotf
UXM_9Hg76x3SgOKcwHgwF,M0Pg9WH9pDsT5YUm-UB4J
r1uxPse9JEcmRii8gTA4S,r7TLyyCj0Vnc3inuzHr6K
b-dG2sS0ni0hrxsDHXn3_,SA06NFGh9D3C-HEcFG6RG
gZOeqI_LYnm1-SN4UUY7P,oEMlU042A20NMXzv38v1I
fI38dZQdYHY5RRDXpG26n,FcOJJFWdfqNI0FIZiGhfx
gde8RmJ1yuPP-VxY48N8U,NAZwKfMtfWxQNnHXnR59C
hk1X8u4SEP4cybnVLagWw,xCRbrmuVcdSOC-A8Maes4
L1h-3nEPztyBPfBlU8lCX,kzdyki5jKww24iKh3Kb7x
ZFBK-VVHZqkpSyAoCnyE9,GsPUvJa-WaKKFsKFj8hZD
n7cO7VPfNH7rIEBcIg7ed,87WoTKS-kZjtFK__PRyJ8
PNks3aeTkdgOYtnhQ5KH4,LtgrDAvIpfdnst6_KMO6B
NExvzODqbyfkKrvwVHF7r,KHhA2WIoLrs6Sl6wuYp9U
MqqtWwVtWA7FsJy5g1NiY,whcvL3zFpfHHepNom7X5G
ToiH60dbGWfQiUMSEN79e,A7GzbmsfIrPY4s_9wvAF0
8SBNT52rAiXb7gejXvOvF,Ewi-RNuXHIauiXWyAMLdH
GdbruQe7ceXz5OHNQVOId,_5DRXYFTMXAESqdPf3rw_
wj6djfrG8M8PbfJZgzzla,2KM9mtczwhrRE8nx9rHr3
rKgLEetrbCf_GwRTpSL94,E-yERlB5LRowI2X2CNLXa
IWx0fWLS93EHcxAIzg9x8,4rrG8fUeN80lBL1N0PePs
xt9aKYzs5kVzVfSmtORXE,uFGDr4BBgUzJ6bKcHH_WR
ZiPiRhD7unz8bY8JF6J7N,qRfzaW-cpTCz3HEG7Bzdm
jvtNORjbHeg9sKo9qUkNK,kz2sW8tqCJl2ZYI8IYe1D
279a0H_I0HW6ppGm_1Nue,Ti07TpnrtLksTmjqYk9qM
G2NTWhgyXnvXUdf300oOz,HVx2pLWOSdF4A-iVet5m-
tVxS_GivUrPYTY-QawWUy,NwcnidrNNPjo6UHoviius
LDIoLcDD9l5cXJ-W4jPCF,6nkJlUbG0gn2F0CtK0UcO
8P3TzEMVdyQpt0EtdoqSG,O43vEqPI-qITOIE8_cDzf
KdxmRUmldXHPc883tPN3V,i3L13VNCNgHkaQn_ZF6cj
0cMDTrFARImBFR2uoYl0V,MPkqRo8ACWXlReRv0rys9
wnpn1_mrR4RYsrgAUmPrA,0hiHrsg9Aks9HFLF6iWLX
2rS6zlPiSp2f4-QCakPwG,WOHaNvCOJBUx60LvvJgjk
f4eHgUmuty_PtT5Y8yPt0,FJdO8-W96Ub4vDypJbkMR
paGbZ0cCwqQB7zbEezM-d,VgJHMFx_ESdEEEC7hgF4j
clKVpS2uEjmFUiTH0_JnN,3M4UtNL-15ElMcxdSIXax
47fi8EC7HNp4-j_-IksNF,NzuG6USaXkjhBicIUSaKi
gA3rmxGPDGwXtoQCYMEJB,5uwBw0R1gHOvRsFFECB1s
FEzCPmCmDSo6frMOZUTQn,VjghwSNRtP6E479XVU9pC
9zoWBe84zBTndP4bIJvWp,YSsh14BaWjcR9uNTdrNMS
8axD00_-xXKdSaa5JN-Pk,0Fj5W8QNLUiMfh5J8R8Ei
ba8wsM7zhF4yRjP_bZbGC,icI1vctI0EykPEqmA5k8Z
ORQyV44YER2gJufrUyTll,DpjVP6KRsEuIiywlqqe9Q
f8dJEebDPuuk-Wl75ReVz,PJl7VT2z3RkNF6GcJwo0S
Vr9__b12I9Q2rFhxt84VB,WYUAsijbAqR6YDk0WcBYt
n-zipJL6j3-GTQfTbgQLX,gLQrRjVywXiBvK0u_ejqw
KKdZtQhF80TDq-mAaZUfk,2iWTnOUYaOvKH4LZHEfIC
z03uppWwLtYnnmCf-PsQ7,GUfvlHDTqaC0FOQyIj5Y1
r8mQHzxZO6rGUt20CZZon,CG69w08WufR6gXXigR-R5
CnbTPtmhPaKNqM5BQjc_v,h1P_VOUNMFh2f-BWXZEIf
49n6uqYJsaTTJJ0IS0roT,3TK8cIJ_g3XoCd5W0bJ5r
TStI8HYBM5kWBYl0D1KBQ,FTuIuuWsrDckAQF7ZrS1R
8wNQggul74FWodk49A_y0,wuvq63yct8cAcGQ3dVDf6
0qbSW9RHGtZays86crgGv,djTDXBRIjzo1gScUTbfPH
In3TlRBcKm12ubNRoK9Yj,-FoZ9BdksNu5JdZ2FpMOs
uaLVwbyZIJuFTPLVYJ2cT,wsZFl5qfDxQ2Y5BU2Ep6d
8DQ3K1SXuyenp1CmEKrvt,H0vdTMDbOuQ9EFMRuMEUX
JwIfF0prwT1ME7aH2XDBY,CqvX11O_O4HzTY1qbDnB7
JvO07MBExjBoAH6mxAMT1,acG-HXNJHI7xAKKzg6HSn
EC_1fI0QzOl78Mlw5JRCW,YtFkEHefcKyE7F_H8PatQ
sMIYzqDDv20hygEZeg6wA,Cq18hRiPmDCZfAyurFf4C
njNKM-IOqxQ0EO-iv5EMc,GwmrOJs2ddFhggfyZ0Mww
6wYbnK3WgnPREtw-In8fU,Ao6HvOPMVJj0Ig-o0zfiO
7uzOA-SbPK2EfZuXLf4qr,qz0mW4G3I_d7flAcXJFvi
-kmIR4mOcGSki7Rf7JfaM,Bbq8Ubh5imEjKjdpLC-fL
irWGMljeaOLQUhkinvjn7,NbR_1Kg6XvxsW5f6Zv9p9
qY0nLjtOwo_4MQghde59t,fvIcATWvwkhkC8oydPkbG
O8wQa9BWXe5lJrFVldzOf,wyb-5du1_AkunxLN6fsad
vQOvDgNrrJbFHUN6q2uYA,mEg7NoMbjE4QR_6rz8o5Y
T-C4nhwFSUHK24oIWXZGt,e8XVY81uqJNt-MKUIW5xQ
JEWHSRdBEUDFGGulunNVx,SpVoyGWPDxs30HZxpcIpN
LEPabQlYJEJj6s4pCpNhM,ofCQ6j3pZ-SJUoCSf_NSb
yJ2X6-mq3rGxCXqp4kDlp,UuNZMIdsVlQm0I16t8s_L
JywczuUpjFhi_BWbigpKZ,wthjMpNzrlIC8-Dg9Q5LD
Du8D_2IeJGuPRCGvoVEZ7,jc4RwcZMz-76cpiAVh9mJ
IvrXohManB7q-iGPFh3Cs,kXlDJPvxtdUdNLI2wtSHk
_i8qb7CbNoUww97mtPP2t,aLh6zqZanUPFhWDT4Tj9T
GCFzWeETzeONFWFyLZtJ_,4Jt1_r3LWeoBz7wqShKEr
MJtSQZH6ohDU8OHMAYBx2,Fq2GE-XicaMS_AcF91ZBj
zmPJ1XEWlsn3wlekIy34O,knNZ4TN9vePNH56Y1Wfqx
xRkQ6zoLGU10xY-Zc_jex,K_x27TvEjcZ7rdiAfoiO_
VJ6CaKrHaj-oNz7j_fvnf,_FVBmeIr5yv8xoH-ivfxe
Q60pZmKBIG4Y3fiMX1fKe,6WcyrIplTvv8skuPGh_9H
v1ZPmhjhZrXQ5J1KAD3AY,4m40HUrWHZ2wu8dY03Gip
OoCfkp3Znkt50ytE8AYVk,oTkSYKDOpaLzC2oX5W3CX
5FlP_mJUuFg5I8tifTsBI,pUoGi8IVT8Hguquox-R4C
wp5hpiLsh6Sf3zsdDElvm,wpeZhGXlfPrDK7CNCOyff
0kiF25ieeH7dbXXizrSfl,Q3DjwI-fIwRpH5eLeZN1_
VgyzmCAV3H6oi_Hx3K_En,XGW3l3b5YzSgyJtGLNBcx
WoqF3pkTHYybW0Do09O2_,WgPsgC2nNl_u4L499VdzC
_dP7sPYrq5XdvG2DXapcO,zUuer0OTsiyB7adHHeyFm
4jP__pimVBEv91XXxCY70,Jsyvs7JlU2lxYf_6EWeo5
IqWomzSTn4LqWhvQGwD_t,eHMM_xruvQpz6p5WUk-fI
KDli_OCfAom8BCJ5kBwhw,byizRBdcMS-yQYD-PKt0K
dxHynTPcXwSPBLmJ_WXul,6wmBl5glQ-ToM2ptD_ZFX
Rj7BB6bnOcZQBG26akXjw,MratJwBVGJXOpm5pfX8ee
PEnm0i0eTVHps8-Z3nIvk,amFFLVlelPeVWcueK3cQS
WFQsdFqlRGG1wbXgjP7zv,qxmpkxb3aY0fwcwqCWZxX
6DcodVLvFdXoxoE1aHAO7,vkXkV0jQPylEiT0LSKBeZ
WmhBj3584BanVcaSM_YsI,V_V0V8AoPDMQx0rXwDNg5
rYQ_PFDWVTcg-vnUiJB9X,fSbSpbk6UMfUc65SGphuN
OGSKaxHaw7l4MAH1xaoF3,4bImzLYY53fGtHaYGAy1f
o5Q_JIXdtxRfkrRjusfBQ,B821E36cc6Ew-pJLfq4Cl
1OC985VFtScMo9us3z0XH,yJ6Nlq95IhKUSbTTQjjkp
-rjaPQQyFLni46KRMmaBD,vaxE7TwbO74bcTeFWzyeK
Y_X734uAlzZIv7DUHLlwE,Ii4-OM2HhqN5k26NIWvAc
zU6mQ47vJ_-PYtTVLwGiI,iV6_sBFiO6Oo_LsFy172T
sv7vBcp53nDb9iL5D8u8a,-rMD4kUDyVRt4ZZzJn5Qp
llPEgEarPxh2h4dSzHRT_,8MDcIRV2Blswb4rV9KR0C
sT8akmQwxbWoMMeFv517w,Z_fjzMy53d_dICN3Vey-x
1M4pbg8eRrrhjjl6-qdDW,TGW4CAAUSb73GLAtNYjSV
ynioDwfws43DIO3eKvmSn,jZcqWx7XRMN--q_GIZCUT
BY8X5Z9g-riNNQCfkQC5g,B0YcMSK_WIiYIXtiFrZLT
Mw7c4Lo8SNvAA3XKa8K12,0XXqrtKxmJYflouNN43ID
350gmOERwXP_xFUNse7vd,RyxFiMS55LKS6co_g3yoG
aaV0DKIQ5lS61ilAtDDT2,fr4N12fdtZuiKlqIe-E7h
uwVHQ2wSbaTsicImxsHb0,X0htoLBMWZbP0cNTbAfrq
k6o6jLJ11M1b_p1LNKKxb,-JEuxdFl1lin0thpvn_no
cvS_NaQFRjtBOUQYRJx1l,FkenhMEZWzn-ovBoZtbIv
LLVXznmR9teErX2AKMDwJ,8sZ88ktDIzqq__EMPLnoF
gKtdSgYUhFu2zjTBxOaGD,lKlLjkxSBqOrbzzihwaX1
Nm5Rxhff3i-BSRWOsH2dl,AqOfOQvGfrusUhF1z6Pu0
thoiz8P7BJSWMe9NyYGyL,1mWEDAViK7lwrmJGkR4Oz
QMo_nu5TkOyO3wmW2MtZ_,2WWz_L4m3mZFuOwi3LBRY
fgJ_3UlzKAMInatOfBthY,9n6jgimNU67eHdM6Mq8oC
C8bju1S22R4aoSAhjLgxv,aua7sgUMaKsF6IWZPEwHD
blBl37VbhIuRaD2ilkrRB,tdEI52W2urPPT9dc0cPWs
gUg6il48Ktzufmv4W57iJ,GfgcclvIK0NoPuVyehWs8
HB5YDsnd83oMW2OJiJZ1E,fNPlNIANscIRhrBOpVAwW
1ntwI7ab-HGr7JsRKipX9,YQLctVwW9nuky3UMTxH67
8EU2i5BXnHHEa5YaZRqzf,gm8p3gvShCKFBSW0Uq6VB
VdNSMjrgK4US8eDRj6TqR,JyI_7mzH7o2DX-JXwf4vj
EbAMsqItFfMIKfGec93Ng,mpANwGYElyWdTZ4nq4dpo
bCTY9_drZJyHWranb14Er,826jJf9P--9b5nriNBJKS
ZRdywFKXMj9beUmkNuGvC,lmS_XhYSPpLc4-ESzyLVP
xNbOk4mD6w4TEJ7IoupHb,NRfPMwVMXNLXu_z8Ti6It
tPp_089D5hYnATRTK3iLE,yIfpiTPBGtPW4nO6-Hxgc
X4pdTiPj-UWnx19nAQddw,SLhMFiQTBLmz_6kVxKP4w
vtLpunJH1ZS0PkxnWGbXG,TRLDutQm11SiHC6HBHJEU
xevodgD_8VTiRJSdL67bE,TVeuSd6D3_MJEPKuyGMq-
pCLlh3JVIPl-QkGHsChXU,cjzwcLTv-g3IA-MEEbTxw
LyI1DpfbVkZjnygX2Hka6,H60fmV7HaKuQ8n5BDTjdB
gaOsNZn1iABGsfQFaZNWO,g5uriW8N8nHBVn7kOVcWX
ZchWlYGY6z8n-p-QqVcjh,zbm0b_2Br2vTkd5fDSSxp
DQZLj4vSwy23ZBLQvf037,vveVFP0Zt--RnpWyLZbJl
JZR8tBDHo2YXdg6bCOWcq,9O2NfqYp0YrAOpWoNMR1n
36tE0nKqqlLs5CIwks0CW,OlxSa5WDwmnNEq0d2yxGm
3QmWk_voL9B1DLgS_xOhR,1w06y2Kx2Lp5Z7X6U_iEp
CUQst_Y16m0MUJlrscrDn,EeH1vCkw2kyZbjbVEAcVx
vQFrN_2r5X3ptyFTBLMid,0mBXrBQqjmA49s3UL93fw
fJh6gAbCzW55RXYF1S60Q,m8fHa1R436gwVdLsD8Fho
6ody9I4JXPePjqNm8dUI7,gCNytAfy2NRxHInBRIEr2
xY-0nqBjMdW6nDBhx3GI8,NncTrbSA3IKf2fRnHrgX5
6BM9KqRXLSbP2fIyf5x60,zdngZu8m-eW-RbAMjijTZ
lErNtcbdJYVqRvxGN4GCK,Qa6QDPg-SRLIi8F8tsAPD
CC_lliaGynSwrHcjYu3Oa,HD9TRG89rSL9U2duA7tj4
AxHXtlUY1VTT5f9WruCCr,PylT8fXlkijpXBvmx5wsF
gQ_SWdrzD-0LC4_91khkA,22_I8HU6IwzaigZ-AviJn
lymyPksDn3M9npPgcHyca,mnYSUMkMPs1QhxbWEqS_O
peCVG_-YqygGEK1zK5Xez,In9slUocng7gy1VqmDqin
_1bgXJqMSfG_RfzHyQa9Q,4MWvNZ1B9T-Mnqc5barVW
JuCgoiAmIOAjyv39sPdm5,ap0VG2emvX4zo6y7wQgXB
Rqw8lwcZpXVitRKmsXIfL,rmPPXM0cGsh_5XKfe7G6Q
e8OSHsYOFuQ2qtRjisiYV,CjM0FX6-JlZp8ulDRPCyk
QtZ35_TecnJ1B0zaYyiIY,3Daz4mtkdpvb4VTK6yEZc
tYKRUNZCXnUzRfVor6XB4,Zdv-cARgt1s9CzzZ4Dzwe
U4ZGA83v8_wIyazROLPqg,MqqNlFste1CH7Sv5pgKk4
TaVAFxVvo2Gb26Qc_1mwz,h1asl5-dM3bbI7OhZ8dWW
laO8MPpXdicpZpdivfbbr,pIuDHUGYkqtbnNgxdp3j8
EUJaDj9zAuAY5hrbbwyUZ,tk5qbUpp825mVg_rSIowz
HtfDKHJlOa3PrpTTVZw5N,1MBDQMtiArz8h09-tQHIM
tMAiWMTdIiHNJwIFy3OyQ,QKWAfxphksut_BKBRzq_Y
Rii25LtLaTB41r3YpqKqe,17krz8sCEJ7v5sw38Ge_Y
78CmClbXY_AjJ9fXkk0WA,592_xXI4nb5V0v48cQWXg
OXFPcEZdtJ2PLZaJ39QLz,q4JHp2ddw8FVfhY9aLf5X
cLc6KyTUDfAX2WaDwoW7l,2JVLEAQs1B6h-fh4kc7Al
2ZHGQkFagYKIEfFCTQRNV,Riwucyvn6MTuxgSVKY4DW
Ax7iK5tKK2DzztisqwRHb,z-moscCOFMu_ObBMSnn9z
OWNiyF8FXCYva1o4GOLD1,pczXUN1GtA6g1vLPCQ2mt
cDM4BoXOAjCRRPLSWlDWd,dHTB_VB4TEAfDlXtcQ-o2
78bwl2TCcxzXPtdTV0kYW,B5sv29SZ5tISYyPjyPsi9
fkm7he3JeT7pvG8kfYNlT,ZwSKlTm0bTzu-z18prVvP
YhbKETUL_R46o5h0J6LDN,gT1WwDB5vvlqA3t3gJg-A
eOHZerv2zBCjWC3f371J_,3Kk4eLbKAaFz1YryEPKJ7
3PBzQ4Lyro7wjwsl_Ry8N,LH1QAHJD7rERTevWUYea1
d3kOI7emXHsYVc1reiPvv,uhrgoqywqz2OxKopavxRx
ynUiBACARDV6P_UgDxkff,kO0kfvYHE6OQo2Z5Lo9q2
TSmIpyaurShL1y_zmjWZb,_zAgudQ6TkvXTTXezaGSb
bGqFsLwHon26cyPv-yVWX,O9JaVYHK_JfK2dNILghkL
pPituX-MPhelfz7dtOyip,mciwQBJ72ZYUr1OIk8FFr
to-kS-u5weLgW51Er9KYd,skOMZrmJ_v4AtLrZMqxJD
s3P2VF3bb9bJj_wnuYwmz,mDsfzgcKOA9aY2ACpdtz9
FeNPuKm03i8iZy3HHpi-Z,nIZqqJ8m_IwiwR-g1FQZo
G4mEWFSI_IiBmuUvNLt9_,mwfO5Idvm25nPL5je4A7C
gOqRzPcj_jtKeSvO-POqE,b7GVxZra3QHNzgw2JP-le
hw2g9bvF8NpuO9vta403X,mD_JRITODx0-8fC5Km8LR
SaBfd5IFmFC1xiI7gZYdK,TzLCa17vSFJClOKnPC3r_
7lnXNPS-odwNNEzpC3YFj,Fx8LmKJ4zyal3GLwSrK5_
hh1SvgYATvHTlOkChGBXW,mvXSnqFkGwRmATPd9cNzD
qi4ND4iLN81upEeBUVO4s,jSQkJ8QssYJlj0yuj3LYZ
0-kMR9D6m1D-eSfXzYwVv,0IGzIAKQJRYkBoOVeGwBq
eJo-YmeJKU-fzAS8sdlw4,Qe-M5cGkUmknRf9nfUrLv
4KoCAeu_Ed-kzACb1JIBs,Ea7UvLwDsrd7HZAc_MJ5E
8D2OmhFSR9Ck40Ma6Fi2H,Kj_QWQHLVtQaDcoosiRNA
0wekK_6K1LS9fVhQ2m_NS,VnGSsy6PYDI4jU5-LtrKK
Fm_C6hyBtHHmup0-w8OKY,bcrFzrsq20Kvx2hKN80ik
L6qGtaINaeG-ROUH0DogP,JQ2SmOSQ_UrOBHrRLAZR8
spWE0-5wKNqjZzSF1tmuS,za6rEbereRfH16eqSQ46D
-Bmk8Tutb6n9cMEW3-0dC,SXnsn57Y6VgAm8Ifk4rLt
0COPVugFrdw70S9hZl0Tj,X3jpTBYiuu0ko7JsNIaq3
Krcfl4VGAP2DCA2UPjNYQ,7H4KW5BxrQvoIjE6Y8Aet
H5YtUTkCzkcSNS3y2ezH8,CG2CKyidhFlSStKEtZdI3
HPzS-ma_xcKLyuV_0naGY,_wfoMG11RC0yer9UHNrdF
X1h18Sr0tK7wmjOMIc-9c,-XcTDL9v64tnRa-S5Pgl4
k5Z8-GuDpy9bnTiEQCzME,GMO_VsL6THWvBSNT3tFU6
xHSdSV7CnN3iqG-VPawv3,WsHWtE6zCjVZtIL3mQtgs
PzJMM0i0ecCDEBH0ceXcj,m6qgV13Wd6-35OeOwfeKE
qzor4DVqrxS988ts31tdV,WmOIzGVb7w5CVVmmqDMlY
juSO9wOXqqwXcMFmi2SM9,NAavc5vGWtmCx9Nm7Mzed
OoDzg14-SAKllT9ID9-kT,j69qf7W_stpM31qhb-Evu
mlEs0L0r8i13KH1pSULyQ,xPdchWDn7WxwZmEi63UBJ
2aqmyQ6mbU2u4wi9sjcQs,_GRMBzBHNo_hkP2ZrjnAm
G3LkJZLpYpx68ijFOg1AP,qWrO0PfiyjTxX7YMaref1
ey57ZDEJCX_72iuCrlQte,NuwqjkhrKFx_VYQpuHVir
cEYa39zOzw-V_Gjy83B3A,27X78418_q0ByznVVWZSn
ZcMVISC_cvOr5PAukapYP,pHxH4NxHH6jk6xSCslaXg
pbo20ku6oaidBVMTKBmnt,fKUKgVcucXQANh_GiEuT0
8QPklegVEicjGfjKDarHZ,n5CEG7iGfWAxJUWbp5nv7
_CC9OxEnFYr1ypDQdqr5m,WQA7KnYgMr4lRABDm16At
q8pHLavSRAPZidUqB0m0S,HrL1t0OFVoqGrdDe_0O8B
1NOX2aFeaLqSHFFU1UlCH,pL4bk0GpqOvYNMNkBBOVf
JjoKqSDwO0ltmsw1kBA24,0gSvG1JQjKub2hcSgOZE1
_bUkOTg-PCmQPnPzKMDzi,K-MetI73cxeo0OlqomRuv
Uc0uMYZVGZnrhNdMsQUnb,tBTw2C_jEjDujLGpqfANg
_58QKJgpJgst7f2RkpNF2,FbYgb2fxlfQBGjqO2nQxt
tElU2ZZ56V5Nr21fEOwBf,3yIGuEsmeeXvA7K7bseE9
twulLnUy3YvCZHo8U4C0B,tD8QbgPDuMnkkihtk95q3
YDYms-RFALY9tswcu1cRw,2_mbuClU9i5i9KZLOrU1R
BZxGgqK0QqfILMTYoszSD,WKUoQlmIk6ZtgCmW5LeXp
OOmXz_5icYeS0KsH4qipO,w-cHRCG9lnnqIH05hcY_i
nCjKJIr71E5aMkedVaAVi,1dM6xyJ5ZfcviMdn6JFAz
atjP13zbHF_QzNO91iYN1,28u9lNOo2uw0aDpX5pLN7
IhwKOeLdMXT5xZR_8pUWc,hiYIBzvamUKbECvH6f5dH
I2rBFWLsKVGY4JwLuI10O,XcFCZSv4hPIBDvwuqZ97B
5LgOtYtJkT3x38NwZ9boW,V2o0tsU-yFGryFWOsC7Ya
9j3rUjpwwD--YPUsbZRiU,aIA9AkkqchROwLxr4mbGH
IbwhvdLHXwI7G9ekXzcI_,kY7RvuwzDpSlrKJwwHBZC
ltfJ_YWeztnqou9_DS5BP,BljI5ns0vzCbjAnwCHyz6
jMc8Trs5v-7TjPahnUMNo,iQHctkenwDHfeKDKUnv57
2HBeLvLPD0xIZsGdrMFNr,EDr5FQPNQ23nw3y2KZu2R
gPZNE5gWc1qnRS03ltDNM,E-Ae0BeoQsR3Yz2LFEzeO
3zBEYGFEp1gwwg3M9VUmd,a09V8squQOm5Vdt4HQNdN
-kdFLfAujPZ0KxJIlrcvI,O6s-gMobQ7EtQe7VoCsKt
60PoCt-bfqn9HHYw3ZOQ8,DZvNKjT9hi3YFjbOv0Zh4
gTJ0bocwI6LIeVQGtpIDh,WFqplpX3LZ9M3XVuAVIWP
Ru0FSGwk6pysDBzKeoABW,Ni1_9KRAp1mG6GZ34VWez
pcIoD9z-qy_cZNpf6AqXT,a1CMFvr7SMBIjXqvAmRY8
0I4dLsfmM0p8t2Rudr1pM,TxjgmqVMzkksOQiTpplWC
dJzN68INI1SFbLiEuMRg2,XDhAHA3W2IVPnUjl1lreu
E3AYuFTtFPw1q4MZ-qm9s,0aTAHn_adiuBjc6PjwDeS
wuJR3J9PqnYzuhaoQ7ssT,KXspqMMU78VS1GddV24Nq
hVlIYuI8iAzcKgu3LSQ7Z,QCOsoo-4oYO8EZxNpGVkF
dF6CVtpBeZTUWLqCdc6OH,WH7Tf-gLDfU77Xlviv5oR
EhXHEyar4xNMX66rcN-0u,hmStKKLYcVM8_tI9uMD4X
tobkJIWJDF4XO4SjEZ8pf,eOtykvLq0w-cL4rA6DAHv
CVaidDV-7X-ZNyCagQz9v,bYjLVf7r39TbAgfBThO5S
PqgoNl_dKE0dbO1T_2JYl,UN1GTVMYOegCgyhEpX6VH
nEXZdnAgD27g2VyDACzAz,qdqdz6Xb7VJuQJZ2JbxhN
9uyunlVwITt945K2wYsgt,H2NUQWDo9S7UVLptDHJw7
OHU76DtenS288NGLE-fqG,xdEpPUlITaFZ4SasgZrZ5
rT1ewBSikYhU8drPTA3Lj,0RjkTTR5nA-2ipe-kZYUx
wAKtHyG7K0wLFjfwrNk12,9XrCPx3F2_8R7tIbmXeqQ
ehydCfXbIucohgWT8e4BJ,wbC7QeEWPtFRLD8GnUxKD
IPNhQL5xxfUW1KkGfmeKm,g2v50dW33V8vOY2coUxld
VxSDykwbERhOoPS3ujlf3,_TASn4E8cBU9EKhHU95ZK
T3TWmeCPwR-Yh2Y3A3AJz,PN5eZ5vlLZPp51dqP-zI0
pDvQNlhEmDceGC_2qkCw3,vRbnCX4DX7lhLLwUtUMJn
GGbwX7XbWnFfvYgNSxUHd,yRdMHq-I0CojoGnu1PxqY
Lmr9sP-BnCyoqbGl3RqnS,ocTP07LJzXEfeO8QgC7JZ
Y9jYNu-ECKN34Gs2VTb7Y,gzyj04XvmmZQnD9AeOSxX
RDGfKb6lX3PmxW--6BdF4,zALd9wHWuRwTkkQV4AGFw
xniWwb4NAdsVSirAL8yqZ,W_mpqbUlcBf74fp0tyM0Y
W_GeBj3Ob6YHPdub7loED,IVJVWuTNZgh53AZYHlYYN
1YFbzgkqLKUBZq57jkIiS,LUWnW8FVkvyK3uLOqsPlI
RBUc7HH-0BYc-_RXpY8Rt,7JUEmp_8LZIZmvrM-jOqR
H_DRNppPVZf_FcVL8a4RW,O24dgT-q2aj00y2YvqU9y
EdVJeJbEtTXe0modl4GNF,5iRb9AHDtqqpLommwdmA7
-3RAVYlYuTYDNIj_uwSDA,t2Ar4zgRwS2GKMCYW8KXU
CtL_WMkW89MQvsRCjnSS4,nPn_ujT-7sJSuoGMNOj7K
f5Kfj1F3H_84M5ZgCTqtJ,AL1f1YUogUjQ07yqdMNbr
XKvuUqpvew2HgzMPfYS2w,meXgC1Nouix2wFF-Shb22
EYeLURDLDJwPWOOTshmPr,avoF-VK0Kupcz34C7GYRh
PyqBQSUwFdEvXDDtknEU9,durXOw-1cU0vUrlClBugI
HZ-yCL4Kb9FIN2zfIk-GN,lcsQ8xAJSgv6lckVfctto
KikPAbBqBlvh53-_DI-O_,Ci-yglggO7M_eTqiloDfL
wQYw6zrtAMGjUQR9rdRK3,cJZ4zRGTqG2JbMkobIjy4
0JHL_NWKNpXeVe9LneBLS,DylnELmhQB6M5P1t9-qXb
BuZIbAvLQ2dSnBsTFs-mr,AvBsnmMz9pojoU8ODI6r_
lYqlpX66ET1IQlM7d-sLq,GyghdsPHEnUIQ72QZACT9
RMmVkBzKqxfeKsLNnchoh,70DgiwQSPvUnn46vE-iFz
uNCkaQvsHi-p5h4wBTVaX,5l79L0icZGmcM6ffBQNo8
371qfpOWILpgQT4vDs_tG,jm38dU5cqI4bWF1yRiR8p
Xe7lUrtwp-onC5Cbj6FSx,jm23bPQezyj5BdUcXmQFN
6DqjJXy3-Fg6cL7B3M1Sd,AIebBz7FuAjEMDd2kgnI8
vvT4L2_Sgr53DAxy55vst,oHF-HeSnyDLBoezvcHNKx
cGMcOGZ3zZxQCkivZgcIg,wzxzDoKyxDT8-v-qXEkQf
HxZ03UnkMj6KCkSCdAprV,gwqBOLdgSWIeZAZ4R8Wu6
Vha-lRiorQwwTkr1cuIpp,e1L34jzBfuxn-eDTIRPWS
cOZBKEMpOmmG6NPs1-X5W,zx-UBhkLCmek2w4cdFGc3
LXPB_EiIn0GLYtsQxQvjE,peEC5ohlmr0BHcs6RMfSl
mj6YBGOfIj5KF80dY-GG4,LUkT_Onz7VB2epV5EAnvR
A03jZenCHe_QzFwpgFn8o,I52eeIIMYlj_pzU2n1sPv
jxrxZZgQAGRR4IeJv9Ado,HieuC99U8Y_IV1wZjIvLk
QxKLMQkoM7vMixpTomBTT,0VEm0-f1YsE9Aqa6A7MVB
qWA3iz5hrISBx5Jo4ePvO,r2DMfPhcacBXH-iEDbmul
cLb72_OYpsLQxev3TC4Fe,K54EAmsPtAOXUZCgFT0Hg
QKc2xMh5GFhGO_Iohng6p,eIxS9tua2RNuLbUiIqjs2
JC7Ze4B8_aJAtErgAs-ip,Wce8F1jEr0y1diPbgklgo
R0FWdlep6VnnHLN0dxoel,6vivowNgkZcm7nTVtAZBL
yeoBNZSuQ2sI_B-tKTtHO,pbbMS0dOGucchNbWfh5_d
7ICwTon0fvLomZie5Fx-w,koOWED-9WbWeq6jfOeEO-
sqb5aX3JZqsXBI9o8e4Yi,s5LR9f_iqtif4VKz7PvX3
xlqmedPcjfcQq6SeLMeeM,B8H3dD1ML1DFKOhxrbDir
wu6zvdmnWDtA3IDBRSAbJ,bPCetFExajQAndq9emyIf
0tjyk88XkPPFMD75Ulk0A,P7A_UA9nQdQUJBLTE6xo8
D1GidSjyZXy68DhI3SCQH,v0itxyQpOHyG4v3xC2gZa
Lyi8OaNjt0DGs5gYxExjv,5uAskHKg2e4dom2Mi_dXe
xV_ORMw3RiRDEHVm9r7Td,7KxtMSBIoVaF4mLrWqR8n
UT9fuRATZ6929cCQh-sJx,iVg8NZDIp-o5lSX7mbnRY
Z7iwYoUmMXQyuipKPhCCw,NP5DjnRM4Sa8BiSYSFlRC
RGZC9yrzpulme835kVhIc,_D9jD68mWuKYDzqT1mdB0
co9inibMFwBU5noev7KoN,04egL1CyLXR8lTr1JFxAE
BgeXhnz88ySf6gF2ONPXw,yWTxkj9sU4XO7z7xgpWjj
I19xrlCR1kxvBEGnyfokW,Rl0pm3iJ6br75SBFSPLCo
ZzaXxwXUGnf4RWGZ08DZI,0NzmPTKcDHn31clK9E1ry
xiS8GRzqKWnw3RqUnIcgo,ebrTfWG45BtPVusNgUkrw
Y5rYyVaTH0wYWG93w9QzJ,qaeY1IbyUF8QA9xFUCVEO
TPX6vy2idgVKtIPewxPFW,DuZOtUnqr-hA_Zqld8ffh
Rns1GuCc9KnTKHsLV0igV,W6zcFQR_kLo6ORXkO3_Jy
LIcquP9EIpKjeyQPA2amM,M3nQUdDVzC0euaghbfC80
fZLSUroaMWNC2boTOD6pS,GFI5rJVNqEU1egHEWbhsB
Dlrgbx955ohe5cclBKR9I,I4uPPqj7bxhFxSeYiSllW
p_xBQ6j6_xWiMm-pSGudQ,gKieWR_GYqnEUqDJzFjYR
ZzQaDVkO7pNST-dJt5Y-L,wo5UHwsJXIxAnZZh8w5SN
bzCSQtKgPu3CdERX_eAoO,-hkJ0Q-pPlTXdz8Nup3vD
DkYmfbHh2PDqCguPePWNO,8WqeQM8U20Gf7k3YHR2o4
iW_bTNUNNaa2hSGtQe__u,9SWmhbZs8bqU2KIHP_dg_
Umrd_zx_u5R8PMAHtWM-e,xRQu9k0Z3bcnJsBCilVvG
3HHi36xzgKfJyfQ95sHkI,SenOa6CFGFbbcJA7ZoVW4
wMAC1KVz2--5FulqprTLk,qo8vGFBWU8LX-Q4ulGOcu
FNiVoiUNPm2xt4_B-s4nO,9ac4IBLfA2aA4lj10Yumf
Rv8ro27Z04j2aVuoA628Z,0cVgXfRCy965xnkj1z_fr
aoNMS43awPi7xZlQsWBbz,_kvJlKysIeWSJ22uTbIEH
GyvHdyznlI9peUQOUENmS,syz6Eq8XwcsQbJTF2jpiq
08_pcG9ClksoS6dw-PgGv,TzCd6qylBgbLupugpKPau
zKsrjcUuMYCdj3Tt7xjeM,EfIVPhlF1ixbG82qqzvwI
ivO8lh45aaljK90weY6De,u4Ko47st1cSvGkFuNabKP
Q19MdxKpgrCaCtpsbTP2R,BjydropkJuGNDWrO-gyPu
ZF6_bPCnM8_79DkD2FDhm,TkTs__tMjj1rIK_U01syj
J7YhT3rpsKAPP31U-rdvS,rhKn4XzB-uEwA1vgGQ5a6
LiqOjJuast7HR-N8LeDR1,-mB7XJ_VYukOupNGD3fhp
nq-pRMg-ccpnRObo4CKiz,uUsqkPG0z3tYMdDi7uGb7
11jaM86DQdn88rfHNYfGn,RnUVM2h_OlfBxhC3LcVcw
zvELo43B90E-6ihQJVHL0,y7lsRApxk4-B9HsZ4jKOw
fKKT77wtQl7LPiFBFazg7,yyJYrr6J9PHcOvTDJMKRJ
UR8RH_RrCeoFkaseyUAtf,jmSNqNjfJkgavrzpw9d1X
UrfVhddwTKfhAiqzCA0xx,0sHJlTdC7D9w_q9o2DeEz
G5y0r_PUWqxN65P4auav2,H207mR5aI9wfRAvOlZmA_
q0gmClYVtXXJgykyTvi4P,5Sv96Q1k9Nkr7HeI9HJG4
SH38fgQCO1q34MDNF4CU7,acXjRbtUuRb-1I8uWv5yr
nBiotPnG6J5q74YjtkhQd,OVftpoay59_QBD3pTZabd
WfEH70wDnWvq0cbfX39f8,e8sR-IE3lSfmiynPIIqXZ
C8Ol45AaR2mQ-LyjdY-8H,6Y1P-buB3SCESCkzL6-v9
LN78KaVD-TNYrSzfTpVdp,9cV7lSZIFQCBSBUU5B73L
o5bT5TsmRzr5Swt3oQ0Ww,c5nNWgHWxlNFMG_JQsjPJ
fqoYOH1NPpCRZHcQ6GXQu,I0LCwt4upnGoNBVpCwpO3
JrB30MkzgOVTgoUSsDkPZ,ku7H1xHHU3_4jbu1pXwdo
DNo5hGOSsrNuldXh11syn,HZGt02aK9G6lp9w9Cxe0C
gPvviLtxOAjNmCATs63Ia,SbXAqmbqY6u4Q123-jYoQ
hE4J4OjRhFnabVCiyOCM-,l-U6nEhxtaGH3H9FE8Myr
HvuzJTd5IC263JiEsEIgV,fckVSvoqugTWgG91cIqLm
NLa0P4iTJqwxY4SjFVlj-,d8SDILbNnmbav0E9cxZbA
jXqQTwkeEZUoJao5VzzdP,7hic-ochFLseS7IWQ1R0k
ODoyPn9qMwlrGQ_4h976K,JB4VdjLeeaikpByruI0VK
q025rKQgSuvXK0Ze36yyU,f3UCu-r0CR4EIat4cmhEF
FdyoZULmv3atBUclRuyoo,ydGz42jAGs9UDjXcjpSRY
Go1giVh1QyDw30c1O3zjZ,PXPPkosJNbpoO7hK3CD3-
ypCSrzmOP953UN0uo5lya,Nefb8Ohu8Q4qMLhfPQpsR
Ljc9znG2ulyevoyH5g9UC,KAhDr1u16eavRjVSqrsru
WJ_gDJDPkDjfrCorMomve,qd51RHl5i0PoQlYY13DWM
GhAl3UuwY22SrDeHgAd-h,jJagogtoV0ZjxFE9jn9JL
hp040swtu3UCoEr2ox3mH,kbB2OHjjXm6xY23tMkXDE
yg_pAXxwsbPkePaFiWcdi,W3ifYpfjJDErUwuWtxm8-
VU6RYHFBc_YBqPTIFXKay,7yIomWM5khHwCgc4TvksW
N5vWO_5P8X8GOvKeaWSHo,_J_7p-nWbP2zwRGN-Lo9V
IWXGmhswyupMliNm7Z0FH,PRLqVXRNGH0T8USj11o_C
hvAdP3oBiAy08DL_t1NlD,m3uBL8F0ljRy7dMUBYwUu
4sLCOnWNHdDubVLOu0aLx,9UuTPYH2U4f0okIyyUA4c
4GZzF4LhjWvZTOSQZP3L0,5zxPA1NKcipxR7CyYTvy0
2rarHdAFhby6G82FF7jWd,e40h5TvHqmssGi1wMwgkI
rQj30UtTT7Jq5XIyP1i4s,5UAUjJA4Bj4RK0wq7DEn-
-LOxBhYWBJ7sqwnXpaRNO,jKxEF4NKCO3j9NXIHgUcm
2yIf88YDKBzeZ_u1L6blr,rCoA98Zx-3BTofWLVZ1AV
X3hx-0cHyISLOUN8H1vaU,t9eFTeXzj8lYLmAn7oWtY
Ma2VpZU5UXdddYWgw8gPj,v2XX6aldpSjOlihO6o_ZB
mP1PH2TkIpdJfbdxxSc8v,11ECFHYMKH0LWcpiwV39f
7rSWt9QGg8gkXuW3nGkQE,WTqifJE7s7HVNjdsuoFWA
rOXvGwYe0J31Oxifybup-,clFTI0rOgZupR6GsFzEAp
A4iNaYbOKqlhDl4BA9zvo,v3UHNlILjR4_ogRONOMl0
NctK624SF64vp9mRFhBWk,Rs9tyjdVZgnHKGYzmwnWL
avsEF6eO5LN8yiBeS1IMy,MVBJ2NwNVQRgYGsdftBlf
YqPEcHvwLWc-JSxzUG0dv,QxhnxnkO2i_URvvn51k5R
jPNgIngYEVUZEzoAq0rOM,1bXDq5KbeZ1wvlA_c1pAL
GkdlSxweBPc_VqMvSmCuG,o69lb2WlS-IJi0T40PpnU
pC9X_lxyMxq1V-bPHhp-r,jHFYCPCPEbJu9ybtBWo5Z
2hqCUhZkC9N53UkSaOSX3,LbFc_euZS3Rp0azC0XyCK
rdoZ9mfJ1ZK4OCSrBHiYV,XZyATom48l6tdHYL10Z_x
ZkQOHCIAop3vj6_eHBlgt,yJGu0cmrmviWVR3EL8u4O
OPxAtNzpckLF2tNF_b9wv,dJA236qBh3gOKD-HxTsBO
hwi6gL-yao5JXVRAoq0YM,xuZTDnAkp45QuMLUVcfY6
vf90F1EF7a0z9iaZxokv3,8LQRxfKy-bOTDeSEIjEBt
XIieVQVXFNP64CvgC6CyV,_cY8YSud9CFp0IvpOirvC
ar2jl85le42vdySRQ8OWr,fP1GjkNJXTUm460j679B-
TVM4gi_I2_SXBE_DHVnqY,TncZgcldnkfLtYlZ0dmPy
g3ySeoOTwRLhFiumfNHkM,LbXZX3u0spvUKyPl6OpJA
tzyQtCcpt0FpGzflWdF98,DMvM6vB1947ID0bYw9Zb3
IF7EtwXksM6T7Ngx04TlG,IF2mHRQEFSkkIOBkVjDZG
kZzJ6vD3f0VvYWlG6okzp,Up4wzFy4R6YLjzoWdZwhL
1uWKfyIuZ1A0mvrWZQSxw,FYzp8Aj0A1nBmdKY_DTal
YanKccA9wDa7udHUJRQPN,68HOiItSvOJ0JLCj-B4g-
qM0slJpBCLyAZ-6agktYr,D9CNC28OvdVPhAwQocNao
PtAQZFAVse00Dun6uDjct,J-UZ-5P4kczMFWwjyQx7I
QL0KQFPLsRuh57iUDL9F6,RiKa-mOBIyKYGzXjvETJc
LTTnZdg8Zc70os1dCdIm2,8T6U1Y4lt69eioDUmU-bx
0qxooMZuDBQqMj1ATY1V8,4fqBPjqkYHnry958sSdQv
CxMIpOOMOR7bZIpt_Z_VE,6sCe5Vdt-fU8pMjVymGPB
aPeOR23DVOLJfnqxh7Io7,ZZHJZLhIPSjLBWR3z1pOK
5odymgGv_sjD_6sG0Zc7Q,8e0YeZz3VgGBnLx0E3GNL
dOaYs1q6IezqTpE5BvEAq,fBskoaPug3g7FIQnJTPGk
fEyi60clJWcvMRHidzq8y,ZqX5ujnj8PmEkdQHZvDij
PEg028jv2Rifu2KGBB1Dr,GWGJFLQVhtj1ML5YNLsAg
-SdijZnXWmWiwIazK4f3B,cPhUouUn4wH1mR2Ct1j7A
N3Lv3TZVB_YArk-pohMFy,sthZ-Wn8bh1PnzVOY09qf
6_UuZeAenwPXn7eGyJQLj,4OL50Xyv7ARo-5zUVGPNs
6OS1wDi08HGV3lIKSOJDj,hQYbwqMq2m40ofQHHy0EM
BvgfeyHRwX2tOSwE-V2wO,kpHCRT7xAIFMSpKf2RO2N
fh8g9ILj-26nYZNgUvINo,j9rHiZy9tPHzVCfemphC6
tRMslWRa5UcCgNrkuggFq,-vgRYvmx6WlFX0221MTjR
5TZe_rm_AOT8VXPu2p6bw,9EeJYfPyVefBSPedLEW2q
qwE4gzEqYQ-ZBiKQ6pSmE,mzahSofgpElQC4i22sY61
uISKbQ5vlEv68e537_wbZ,b1JpfFvOZhrfZJztfbPNp
pd3AJbV12hLC3-lJC-U-P,3gwd7pXil6EKGRqWC6Eos
s-lRIP8rfCNcrIgv8Lz7b,nb6HUqw_lfQrnuVILa5kK
8kInuM86-A94OIBYgFxEj,AXZJE7tsk1dGiLS1Qe8ip
HbRt4nUlbKAUD8rT4Z39m,k3scUldfuK3fZ1Xk6YpEp
KthoWQUJ7pWC7-kZ4vBVc,MQ0VWbSyB_SazQErRc38t
cwT3Xnk_5XGdBpAqMukx4,whxQjhs-l75CqjTfxvHs1
zKYpYT9XEE4u29TRu8joz,r-Poi8ALuyhYHRrOnKh5m
h60kWGQJI5eHqmp66yyO0,bKo-rICovccFq_KpUXcCt
zbeEwwPVPdth-iOokdYx3,cSmmmBQxwI7Dt4melLBV9
B5ZmLlD3_TTcZW8yTGuJA,CkgCvhGZVSXd3ae7zjJxA
flBfcRq7QA5fHpX2DHl-j,TeKtnL1DoZKvq7-yNic4C
O5BycSGUztIKTlvSZCJsP,M6_Hf7n1bmBfEzBtAkzad
dXAR5NnZ4CUQCN7xPHwGs,qtJwx0Mb-uOfiERZCsO3M
0C_-faCj7hLq98_pm5IZb,N2eVIGPETqPRIyVeHKOy6
9-FXQmn38oyID6QGw_v7M,v_jRdFiGCdh6VW0p5JpEr
8jFHxEWqNUtjuQ1na5WwT,Z4RyWGEFfxBLrBljM-M1O
3BVVbUlBLJY0F4L0MJ6q2,Sna7_ATt9o5AisohjNTHL
_VM9c4Ut9Hv_E6a7JkRmm,5z_VuIUPApC6TPmbCE89U
BSfUY8iRTQ3ADyzsvE-JK,u9oGrivj1-gY3uOI5Um9s
r7yZBULP0qhT8XhXp0Gyn,aCHra3vTCG80PFwpNIDEB
0dMSygjdpEGvyUlQWK8bo,nzAKAPRfHVgT_W-PLUWm6
TpMUK-Ei9NHImb6ZH6vWF,JIwdzErHVwYweK_voAMjG
Gp1fdYXGSu53HlhUH4Psz,pXB6uRa4h7zWyYNOTpr5j
tQvZ8GWZXuotmKB3ZmP5j,-FEc-TtYvObgVtVhFGsDQ
cfBJRI4ip1IiRayZJCB1Z,Qft_O1YKRWeLffr4PwUar
TmlelF_BzsJ1yg8W-2RqL,CLZXkM_DzO7vRD96J_eJA
jkGK86ez5TPWWTskBHn1j,N8vteJVRqrdeNpyJ1qROE
WZiKlwf7Gy3jNDHFbcEYQ,j2Ncmi9wOdYJ3nlbeqtEI
CunDogcHp-gtkbei3VZSr,wxmi-6OPbd_QyK77klWB4
rFQVlrFSZ3GItQ3SttXYm,5W595t0ZZ8AuMTyzJ_KB1
Pq7OwktMh1rZ766i5fd09,wR-6sXU-OUTyyW7pY5ufs
4JA4ziCAZmVX0lt-DmWrj,AbDbiDu042ohM34Kh9Hp1
kUR3isfmAGcPokegeiTPW,3llPdWbYlHrCTN7dgfWIc
AWy-kyoym3AK_sZowhPqb,9_zJDEkqgjt9P-NJDVepc
Ekrd0s7qmXszGOPjXjRNw,yagCpoiT_KQ9QME-RTIdh
D6IcGQ3OpzrwCIm2LMzpp,cBpY9LLQXSX35PVkj5YGj
Bl2Ov5L-0D1qlX9VqRhkT,PjRq8GuXT8WMB0PP6Vqws
GGMSBBbPZEBccM_TTooRG,mwQJbsoJTW8ATl0R1IRLZ
G6sof_8XvPE-fDjzfLW8J,9WbkTTBj0fpg-1JEHZm8n
n7AfEs1gnjhUs-IKak5pt,k0eMdabvO_ZLLH6v6aRyE
jabR_oRrThcQflwYK8FzD,iIccuRy7SbYAmgaRcyWmm
EYeNBGR61JY0U8dSBE2Nw,guC17W487FvmmhOJgUwtu
0JfLHiQRg1ri2zsNbGBFu,z9HiJU4Auk_W02F1WLypY
5oPMZmhuNAM0QxVG5lkKB,aUn3nnDvBXwU6_giS6bI0
iml_Z1InNzNFJPQvgIqb_,RQ1ld7SKk8eta0ud1qTDd
gHdvqeXfjxC_vk3JTrNaq,R-VTr5Gcmk1iIoqDmNhVg
HVnb0dpBY95cyojHiNLuk,t11aLriYH9E37qx_o2UN3
prH5kFTOq-NwSOP9avUOT,ORhsWItiRL0ZCuj_znQXE
JEa5NWZH2aWHt-627YT1T,b_xr1DVrjKTDROieHIw52
DnJrfR_d05TFG1tD1pT0l,xbwNshVPgMj6QPbDwszUV
kN_TwECzOxeuM0wOqMAQq,9vl6T3tFUxz9wMpQlvJ8e
RKxNyBdE8WQgEsIr3hnKN,4VbFpDSlTj9pA-p4MpB8t
TDoDqzB_B_OenipwWugcm,sdUP4Byk00HgCxcJB5Ob5
UMY7NpmkoBMBOpx2X2XL3,HBI9WeULiakKy8WpZD55p
no09h9Lb7GvNmK6DHOFdB,jrFyILoZtL_XhV1DXquta
dkoYZcbty4Q-tz9m_VH4C,pKQ5rms6gEf6EmuC0iHh0
CcN1d5iubB3i0IGXuQCEA,5Q2W40IGf5ygZkPM_29EN
MohbQQ6mn2RjcgZ9mhiEW,5CLe3Og3Jtt6vWjZBZrOU
EyTBc3vBTEuhYygBLTflh,NOqym5-9PQ6AB4eUR1XHi
Nq9nLwLucExvU0FY5L2nP,exaodLKxh1u3aM0IugEba
6s6vkKc7j26MO9kp5P58s,2K6Re_6F7uovSNYSUiXTP
Cp63jDxNaVeG3OF63lIPX,cpafsrNneGbsk3AhY83-d
7xL2P_t6drYAvtISrDCEl,ilfYfAzFJnTMVrWrQNEjd
RjqhadPShkX1UKsGJL1_q,J0iUCx6TmeYwj9quEv6og
0QhWGxxjHln_1C6bJpkez,OaZ0Q8pVa3jIFY2AcIsMJ
QZKYQmvVlwnt5M_R6ktY7,bPPHvlCSWQ5yMaKEE_qQE
ALsY8XeO5DUMqicCJNLYU,BfiL8Fqe9CbNh6WLtlPUG
M51Qw86oHtyRfItYxN7sB,yVmt1vdi_WYPRzuQkwdOR
r0q79j-wlL40MC8qrMTI6,n_iQkZ8MCfGIxqooABI_6
-CkXmxc0nAIcnqYwT-aKY,i89LZgPZTjEKx_do734Ly
bLkwpZDr2mUXL3668A0K6,sxFh9qGzKLwJTVsNixEMk
76sEmn9hbtx5rULJH8eLa,nJqgczeM2BqYM7YynRm0Q
Ykcs3Yd-QAGljL5dbaJ_7,Hlt6YTxLNHizfxqN3Nknd
EUiuC0RTbE6tA_-26SKmf,MaCV8gTv1_453FOL67IF2
3W05UAi2OrKmI3Tjf_BZJ,dzQX41fIIHO-1kE58_zfv
HZFsJf8zFPrr40GImtN8R,n3rk7LVDNyG0ExOwVzu1K
ZwNaMAkWcqQ4Y-psBWdl9,-fSkG-lhtd6BmiorMgto6
mqHMVAUBh1tTBuiHHRkTc,Y0pv_sRChF19UqUKU9ncS
YHx1L1Ec3lWW9NNOscbmq,BCFONcztpOispmjI4PjGj
LINekaXsjQkc4NHBtIBIm,zc4QCKVJ0hZFDH6-rL9qH
NBM6-Lbq7Mi7mruDoBCFV,J_nLWyQsAzV2GyAaprDlJ
n_WslUcB3bJIwsM5BGBCr,Bm6pVmbzO-UyRMlZvKJoy
v69abyrfad-4CLyWLXZvu,N7iBezQS6xyxOVVIwKhE8
q5hNqB3oC72nnJyOXV9vm,mngq_-5cxIunpyk8Kt34i
hR1ewwCY4Ob7XJnuUg5UR,JQbLv9Lp11vBJ8ghsu-Wx
UhnrNBipTHNuM03yRcBlk,KpBSJt5cXh6hzY4d17PdR
EjaQ2SogPf522rAXTUdLd,pEnSKrhqJigQroqjx_Xs-
jwhd5Un6r-0KTP9zXCVWK,bHSgjopXhLCCwsuv-92hP
JTbViOVWDNWRN-UDEA7eg,e51SYkD_5UsfK3lOr1ly7
MoJnXxc4tM2FdumTzLL3g,d6RdOXWbZcjN7MAxWmpD3
6omqlyTtXVsn5_91Vm4ik,h0e7ggmI4_fWtmyvUaBVc
4cf2oGQrEUnlN1AKl43Qm,ty1Yn8Vz4kjkQ68W1UfSy
5X5OcBMPcfuin8SKjs_0Z,PgDUr74w1LY18e4ru5CVp
leIrJ5w6TF0MY4h4Hgg-U,Azi_AnupHGGbhhJ35pzO0
EjQXhF-vcdBZqERF685Ha,ezpabXnrZdT3EqfBXZEzv
365WvCMoZmXrq6GvHy8hU,2CERGt_Dl41_QM9fCZxFf
IpMFgV5IJnGeEsoX1bmoR,Lhw5hvzl5LADad6s-yFfs
ZwaGen1qZcTi6noN2d_F4,oecIXvEcoBnPb03lgOAbG
gSaV2u0j_syvEuWYwgy9P,3jQa6LaIg9dpb5DuGdsk6
iHcwHxXQ3_13K9x8dJdiS,Tbx2Vnwm854LQztkInw9g
BSafJDA6JSJBvleLfp6V_,GML2St029Ghjdw6LM-R4r
rD2ENcGVkHT0Owny3_qIR,K7Mv5dgujq0MgSPHGGGRB
y0sWHbalwvXwB9Q7qkTCy,R-hLQb7_WTJqdz_-LBf9q
RYKfTfFnRjLaEoFAKezN3,3EmeGIsu-MVCFUYTZoFJS
Bg6fODOAlz25EHoHy6xL0,iSLc_sCVui8TriKkaElS5
vm1LZAdQ1LT-_wYfUGeP-,On4e1_UOHTDwniHdrMOhL
xvHMOBOl83aE64lSP6WCY,fR474fsafqzh3HXeA3m5E
b9DR680_eVIAOf6kr87XC,WNpKlcJuwHkZeOOI8FcDH
cAqCpY7Icq9UCZBJoV_au,-Nk9K4SQHXAXbktPRz3kO
LwkIPL6lcfMwbPzabY0oz,ZUz18a1Ae8qsSSr4XowrF
cXsX_kQk2PsISkD1CGjuH,XZVTtvNN-MYu2RsFKzUTq
ahEjnxDNMWXREBMyjJfgm,gexPaaohs4IROGlKKLTQO
jHQDB2HDtT7-YPKGXyojX,b3PrJpq1mAqRWrM8QVSNH
_1liGVSf2kbKd8SYtbUgH,ZPWGtE148d_i7rnm8GOju
Zwgq-FBqKpfySCUUjLxu_,RIqQuynycGq97ypv48K_6
97gNDP3jHOOsrrI9ljsQ0,R7Xz69o5LoYw0zOQ0uIYp
Hwb8g9DjjmE1wgd2QWh13,PtVa9n8ZKrPUT2xcEK98-
ljrgeBpP5SGJp0LCxhngn,iOZmGfPH0yDZf_u-xoDfh
AIf_euAFDZ78Get1xpeme,o_Y2GHsK5QomZmbV76mIX
MQY95REuZ7qrj4bFF4Kry,-bR6EM-c5bGGPhp64hZUR
ai85xYooD3cLbDep-JB7s,sWUwR8jvkT2bYr5C0FKHQ
yx_SdIbFNmWJwn9tMhV2p,swpe3nQpsvwmrWVgQ91Pi
443eWmyW01j0Z-5oL7kiX,Ag1z2Cpt9kFiN7g5MrLjc
Qhu4HFQ_5e5dbm5m566zS,PhTUHzac7yf_FMq69_tcc
apsYtVenPahrHu5C4IfKw,es0OlmaBa3d4pDZeQmzLG
Nb25smpSkx8ZRYuO46a9a,kb-r87bLBt6B4a7pdeo2f
nb-iN6DSu9yRN0c89wRKn,5W80VSXZvrfgzJcqWOxU3
Vv_SWrnVAHHb29j-i91v5,cWlOJ_rm20gyaj9ga8bn9
3ykhrCFW9UQi9jjE387sW,GuTeqhOY4CJQc4r_pTwe8
UGrdBLVVj-Us3MXX0PnA-,6uYECcW3umNYbXxQ9Vfhe
XiOuwdBKvZLlT57u1ESFE,Y8IcF7AdC22vdD2GxTeXT
Je-p9DH66mDVl3y5SIiSH,rXQ25_MYutnJpAJNlEduu
YcheiVdubtGnG8fE5zw1j,aXR7-NHv8zxyRESvNuE0M
dwuzTlgMrMOhynMiHfogJ,Jle_Q6jsXWAqyDrZGYQdV
O36wpdtNcoPAZt8SIrpIC,EXA8F_9SjNBrLqz3l9K2g
dcB4nDmt45RlA7htV7WSu,jeyi6SwXQVz5XkmXy6Pxi
dM-y_h8x6zivGs0ThsqV0,Q3jKNUY4sto2795aQfvF2
qlGAnf0kGM5Z0FbjahhdA,tcw4LVTei_PC-Q9SBEISX
nJzdVh-3gwSgI5hjWQMB7,Qmhr-_aTotVpAWJE9s_DG
YqDPs1Tcv7iLmxCyjjVUq,QYofTXnKstkbCitW10sQX
BJ-7D4vcm_7jvZ-0pasN1,K8HTplaWCeWYBRzo-pgm0
7KTk4cIwEP9wtLMxvSlWJ,JxkXmaLho1jBCJmb8JEpw
HVPy08BYIAbkxNR1-OkLA,6Rw3RxpfVu1_ypsWweO75
bYVIXKbUBDHSVmrwdZXy2,K8wQaonrZqZSY-AC5t-bW
_lSsWkc8mgNI2LFRfWpaQ,cj1AzIPlAhdTRh0Rx__VA
NiiD4MH_ASs3n80KTyhA7,8a_RttM4VP5d_LwkOp9IZ
aMhv6e3rdDoDCj-jGKw52,xJwgroiNydlHUlzSvjlZG
hobs-USYV29iMI2tAizDF,j59XClydWHjJbd-EsGVXl
4eW9SzO71bTOVKAdpnpbR,2iHdP_LU1v_2ehe2z643_
Bl_boDwkMfKC96WlXLuA6,Bpf3RAEgOtQx8u4a8V9Cv
zqV_XTrixZfZDoc02tzNM,1Q2-UXsawps3gx59eK9mT
z_clwdN2kFC4lXCek6bcg,ARlyjp-nY7lllb6zNK5sJ
1x4kPM7pmi7ieul33wUac,mYnpMQqYpkDN2rUc0WeC4
rjsgaJ9dL4rpBOPYdHzL6,t4nIPmzBYVFbMR9-qAXuo
ixRl69tFfd-9zhO88I2YR,NNEQi_5zwm80NFJ_yK4ad
HRQ4RRwsJTlj3xiGYbtTc,t-5nvOZDGcCUxB_-M9tbE
F02HIy4Vfk9_goqpxvPGj,WVGWqnE9SQi_yBJPX-Dhr
SF50jUXcCbdKtC4B9QeTj,Ik-NsG1SU9Qm0f3nvJNQN
815Wt38sasEcN0uCwcapl,paVUtA1D02f4SqV11-B-p
POTZdgwulN2aEqkDRX0rT,hCUxEeR6R-T_gsgW3pNfy
_Xn7p4pvaKosAtIPzPqDR,DFOgS6UfTswv_PR3Zv17l
bp0RYVAzKb5DwerG9LhAi,gJEMgo4xVOgx8F1Q-f8-3
EnQd-jJDJrvlkAOVllRJF,N-MdKh8ANP2T9WIiiCGWE
oj0RONTxbWjHgrXAZFFMu,CF9zrBcMrH6UbBRkgdfbq
FExtVERwzJYfUtQ8pibVt,U0mZnS-4z83QwKVpA-s8o
vUt2s0KoAzUUF5pyfbhVj,cCd32r84liAX_1MpXy4gn
1QC12cw-hH7DHwhHyoxE-,AX3fFmX5HBdCfaXFZcERh
gfsFHJ_L7Y6n2CYaLXlI4,3KSBZJN04_A_-q1Cp7V8B
oOi3AqKd4J-UGLgGTPtn4,7SVPYk-bXSgW5Vsu9q8hf
0tS66L3GBXgGYNa8KdxUL,k1jNa-DDA_xqHr8W2spTj
YYIeIHRCEJiB0TBOYwXRR,D3FWZe2UM5VJ04xAp7W6m
bE-ff7wkKrzil_SZNyu_6,QO9UGR7kfdfobcEG2DS2p
ErJVvBxQcadvqDESlmGYk,UUHawSHD3dv8sSLRgnP8Z
HnVJ_JJMEaeuva8ORHmsx,7ZzKRHqoMqaADeZPvtlqm
4oQ02fl3FDxKrrTpUqCJn,cqtIDm3HPMZqDeWOHbPC3
rKLE6SGNL_h06BAzcTcfA,M0fxr3DFnuYQrj4MZO4qN
ICbAt2iT9_67BOV3wTrjg,tW3ZI9ZfIVzh2EVmd2GS_
yILRZl7ZOoU98SBzArejR,pEbXAd6W5aCH4__EG3JyI
8PaUIy9E2AY5k9C2hVYWy,l2xOPuNqHacbrhPzQYD1z
qSg3LESsM3HH9gymaeBSK,JyswO-HzbL_mz6I839tFc
u686ZOUc4XlRt11U4YyhU,rVx4yeBVGR07g8ohAjELX
3fzgfd-VbgayjtZooZaUC,MzKJAurBCyZ1oJGbQ-5VE
s7MOi9cSIECwzFFQnKAFq,nJqzOB1zYDWON5S0mu4SP
Fh91HCyrlZKz4ulPE6c8A,XRBL6XOytXDtzpyd75Eat
nazd65lutr3JysQ8OhElm,lghutULNbRfsvXUjzZHHS
cBDzJfarRNQwopzj4AAG6,C8X7tWCzzxgIj2CJmd-SR
FRm8I2LD1BsXz1KkiM3Au,Atqh52ZsnU_DdmSuWpCm3
iSiF0NxGZReOq2KRnZPQN,-gIyjCz8s-k3_kAyjJ7as
sFneBQeoNflH-s0ca2dSu,JWqNkp8F7t5fiB1hjQa2y
jEvpQwUvaM1mqMyJPb7mf,Hc59s8Ozi7gW0TtRaeBHv
R08nWYXh52rC4TTf4jKuz,eYMD-lFzTqj7h0pqWVLVa
_ngk4-wvbRpD5IgzVe0Ym,Ny224Srtp_tL1kj95i8S4
40rdYHs53U8mC6JVhqBzL,hSWH1BUn11tBcJl0TlTRI
foIq5NN3En3bO1OoyX3rE,aS6AITosvGeX4ggDLNvjh
rTt6NDz6fM858uswoy7sm,vWBdY7qW6Y1LyTdBC0AEX
iF_wZKF0ckbyRw5anP8wg,7PhvMK_xRgqPGGwWfC0hA
YHu9n_PFOgOaPiBcLmIKR,137TFlTULHwJKGGiXT8Ok
HAFLRb0_joPNOAhvC4JkH,jhvQ7H89_4ohVHjxpN4jT
ZvVFAVwpHld0-CYq3Vx0U,sQw1ZcMHQD_z150geVJ-q
XUp1pICYFmHl2IGnS_w7d,c4jJOCu4ynKFXo_cjFYNS
G5RJxfX79hcF_LM43GwxF,9_L7aM0r6OQLLYqyZF1Sx
EBhDADpXh7TSymZr5PGb7,5GfZ198DTfSKirb4mVuG_
TbV5StLT7iVE7b9EOohcx,cZl6o9TeOxx3qvNXZTsRa
_30RBtosuGVFpltgn9R2q,zNnyV9QhbcBzkx6kNjvxd
tzQ8g1X9Z9CV0BXQN249w,ZPFWznUuP0yyJXs95aEWR
RGLRawoaFPJgn8T-NkY2J,44eqdMlEu7-NuJN4wR3MY
XHCTeDnOsIrsc2pk4kcoE,ZAkYmB_3XZB4d_l92wkoh
ec86-B0ztc1SODjI3BfW7,wCb4Jeqt_5EK6sN9g_jpc
shJDDe0rgs57by1mi61s-,k5-IBfYrnzLUhLNu7enBE
lanSJgv3q-hodzvKTX22a,SrdO53CoTnBcEqakSIffm
A8k0grs41iY9UTNYc1iI9,90PU1RNMJ2Pkw1KRB6-E1
ZlpDhCPJa1l8es63_SrPs,W0SO3OsU_Js3GEh1E4-l6
HnYHc_69PgY5X8yfw9m7_,B1N5QJ9LZK0U1gqp6pAup
2dux8D3AXzuljb2zivFVs,sLXdQk81u01H9XYYXJiTE
JXrn0NOIwgMfgnr5KnRZQ,FYj2ohgr3rh1bnfSz7Fne
8WXa5QvPX_IHTEdMScDjC,VrGeNwMV1aCm1W08RSspA
OTTU6-kDuwyAK03OgxZWY,oZze76f2Cf_Mv56F9n-_i
KuSCwpFzkgmv_MKelMv_C,nz8SNABB2y4UkIc8Y3_po
OiMwrrsKJpQ4ZxV41A1Pa,4Th2dCpb49Kwh-xWo447a
hsv4VV4my9JxNsmSjLj94,qsYM36q59_hovxcpb7gkn
fmiKfAgKZDergax6Yx98-,Qm_Up6fjKYzSMCd18O-w8
CdT8fQN9t52v7PCzdlCFO,_w05qxy035O9Ru0XZlgPP
TDJpZTzmipVOI7qG9U8Q6,6gQGLyhG0DDlSih4PCKqk
RZopxGcPfjMsU01rT__Ou,FNW_hrCmJG6nhKoAAFOnm
mjJia7lQtlxqa86iI5mj0,Jxe-JGaiNJ_3uDe_ErLND
A0_DOEWMpH-aPnuyM-VUV,ZLxwu7j1WD2XdovLgvP_Z
_bQU0erKtiKm-7xU0kqi7,jvuk0wRWSD3Pp7k2PG5y0
2pjgMTcuToOHIVUt62wGd,F-yBeBJJ4acFw7QC-gn0J
l7k7JsW_4UnCvGZBawoBM,vZ7bZBJCMmUPUD-ZaeIB3
_bC8grumr9sjBSSLmbJfo,tA32jrz1AFj47zDSP4eZY
4I-0cQXsO7rNDCcJT8EyK,p2ULmTj0H0e2g229oeNNs
arTFlcNuqx6W1yBxVWcbv,fmw8EoT8OlF6cJOe9X0m0
Xwxz90JULql29Jt04itgm,yLDbd3r1sSM6DuRpxGbrl
FnS61sMk2ct3uc0nqZ2s4,6LVyEq52tzpvfPFFm11LT
LmyAkU9sQiR_TncHWTvaj,EpyR09B1uTfYQQxL-wlbn
IG6gIghYxXVlDgAslAoL-,xhUgGyqgD5VNcX_Pf-AaP
hHQcMqSmYMPFWRQnDx15O,EXwcUd-CgFawUyfQY1OcP
8TKrEDa4jc5iBbQy1zEBf,e78AJDIhqnRuG3Jobavd6
TmRQbusra3cuWn2sguodu,PpTcw9GtDVJU8sOM6OC01
101Y1uw8bkjhXJMpUmRSS,8FnB9HYI7B0UB1F1grewl
N6NS_vQ47Htu5lAculsK1,cjcip10zB8BzC0pDNV01Z
SrjvKGY1RkdGxRdEbHeP5,ul3QCVZyQqLdlDW26xoRn
sGzNH8c4B17XB2fscYy5s,ibxnfPMbLczFzS2HvO0cr
J_iY5AnbLq6ERTtpyxc9i,9nNoyUory4Zhu1s1ZYGL1
VxVlBJMp8RoNN8AdYS-dE,JPPncvtATR7Nr0ZVFzqqU
GLwQOcnKgo4SVuKBdFya8,BvQaXsPeZfLsU8tRri8PU
3Mr52AqSSubyJvk2Yi_kQ,FgexJK7aBJloLf5LnLzJj
104bSCQow-LSnb78RFKSY,_jKdF-huBJ-zATTQWo3Y3
M0Nvj1lfZz3HgzZosj3el,pgh364mdE0HObnzdGGsun
oEec9JRSlc1GLrlzLPmtd,JCDLaA8M3QnXDwGLwG0rL
hawQIY41qatqfqJSLI6Jp,Ja3MVgT8OkTtdcw7DnfqM
kyw9zTiTsoCgU0NqjPb58,-CfH0hfx1Rv2qHryCdX6v
MgLITxd8L3Lj2t4n7moem,P-2EDP2BSy_K5bM0CQaFv
fGYQesj2f3LSfxkuFmI5Y,S3hK09oxHxyOaLXJ8UWiq
luL-O-w_9JUsOIUoaK1Tk,reHLK6zI4PTROmBsdjZcl
rKO6UUIPYbxEY662wR9TT,B7tAjcQ3bYSZS6I3c2pyj
zrDDoNu4CEoG0InKQF-4S,pUAoKfycdOqiNnhGKxGuO
ClTbj_5kiorxy3csRBzUh,WgPQXI52WEY7A6YqfAIc7
vGehmB-CP_3TVqRkXjn4d,NsWBQiyRpgWoCIuOpSFsI
Y9gm3QC3a7pFG5rt7U39I,7RGF8l6t4vR_JKbUSAZjC
FVR1wZ-u4dXf_zYad5G6z,MwJkULAEFK_rp5fbmBB5B
YwAlpHiN6b5rs6SrMbu5A,xSexQyIxaoTDFqiMB_hXr
UhuNyiBL8iL255LBId4Y2,KxKXX3xY3oVZpD8AFEgZd
Gs3Bb6wrv_IB2B3Qw-dGK,bnQR2VVacEuRDKo_sHvzz
wkGoW0qz1NlXVHGcHS5-2,CB9K0mbA6jfxbBMBASfdz
-LGBfz6SghcXb5HLfz6ni,tObX-RYCNaEf3aDO0M_2h
GCMgc1hA7vy165XLNITXP,az3LWdYFhv0QSrUiw-M0_
fI7_X21085qWO8S-l2NB6,RNOtTObscuSKR9aZkt5ax
EaPFJtovSlglWL9mUN611,kN_pWaFYk3pseDcqkMRuU
0Qjp0cB3QPlkA8kiIgBbA,_s5LHzvZDkO-5YnIuvRkF
BzIKm4SiqIBKhlNmGBFv8,dYYMVs9wp7selcXWMuXvF
1Kmdc1THVHB1c2cSH8sb1,UfDcD0NAHbLK4KnlqIjuR
sXkbuApfJy9lm9gidjx8p,OA09ZpoVOTeGea74-6GKq
i5wEVAT9q5SFhfJOLz0m1,Hwnt5qliAd-5ETPUM4Ljv
bZcl0NqN2ohN8yGIq-_Vi,nOonKgTyf80uMrQRDPhOa
SXZ77vtOkZlthZei5w3Yf,igOsCDCxiMtlBXRHvHVry
-Qq4EVwRKoiNlAkNh5ehI,06cxMmhk63q8j8I1BJ4Fu
axdo3hiIkUgDSyoCPCX5o,PRs9SnUAXoShXlgJRw1Uw
7q6dmxJEhhE48pr0un9ZS,uHMWlS2ZtpfCZ2fR2LBNQ
9hhIvmj6HEfDlR-CB0OVk,hy0nD-7FlFGCzURPuKtiR
-UgR5yV7R4V8Z56xjMQb5,fK0kdNODX4KW0FGEZkjjS
sm631lzJTQ6vHqxP7DBOh,qIW1k7q2c0HG6MgYrynbd
No5f71OAWXZ8s588rjGqr,SjUFw_lR_-Khl9gHT_YpA
RiRGL8f0IIZ-DBsizjLXC,lbQoE8NEIdazHbNl6p1lB
GP4fwupYipiYpbbSz9OdO,am0wBIFVV07WTNWsFvp83
7bu2OPKJu0BTmE7HBfPxT,Ts9jUSlVLM1qqS_YrO0Zd
yoJ2J6QQ1oAwwq9VtKh62,ZIFbmNc2D-KOSpv9AW2cB
j27zvC5IkZfM_wV0p7Poq,4_l2ngISIGkV-cdlVUbmc
UFXCURLmxdU7AdX_giq2V,eprl4BP6jRtKMCRqKJgud
5vY0DcbHoGCKgDc100rBn,n3lmOZpts7alT7hmVFA92
9AgXi-9fSEAnXU4gRpzSH,xitzR9nvesbyL1GXC5Qbu
mMj9Nsh5HMXuhARraCWGR,ZxtLxZE4y_VbKIHK4x5Bt
s2QVckoutEDdW89Mk4q6v,L3corTS2pRPFl2uIN6JLB
pinu-4P8TtY50Fju0TREi,kk5M7LMtE8KamPtEVmCmq
NxWraKo-DMxNQGPcIFOAc,Pr_he7vVTmg_WMlkvUGXW
jXz6T4sLlYa0nJTfc0EKy,u6DCV8lucqMrc2w23OoZp
QnG9SFLTyf21nuYwzyH8I,J7TLpSlBTOl8B-dlvXEDU
KG8jU2i7p7Ikvbpl_B17R,jP3rx5ikpEACtwA8Yscgs
BsKersrgiVpW3qVRkZqDc,S-E9BTzgEJdcfSIgIvOKK
5EtiyDtkathM533DnI6PG,UMKgWgWSzL27a6Gj0IiZ-
QUvrXfVQdSC0fpYs_vA8z,2cYAZBckRfngNz96UZtJt
wkkGckLHfwdJhewzl8Gn8,2HfKWD8HLJfgNwcYkX3V3
cPWbf1XuNqIsati_RKVwX,OeJO7KhAh8c3M-h-UiMcd
IFbfo81roMq6GOhY-Lhoi,nsfZppKHVLrmFRt90uqOv
m0VcXlAKqHKkYfA4vtmPJ,H2Fu7ILzpuQSxP9wBCndr
T05EgE65dk596N4O1WdqP,g1JKhKL_tBit9ZH8P-1wh
nt-zBSEVsZ9yQ4ApMTsbw,Yhvm4TB0c0owqQhrTe8k6
YVspppzFBFTy3ksBtlBtv,jE3zCWm5AUG_ENsasB57l
HbKK_DXquQ49CEGg1fYZK,vsDzZQc8l62CaRCqXIOkL
NpM59lnjKGrfBKfsjtLA0,nIPUQ081zddT2Ge51kIv8
IgdoTaG9mXS4OeQXwi2Ve,JjrsbHfA9S-G40bOK0Yag
022GJranaheDqzAY5r8RG,s4JQ2YSPsdIPb7h3oV2cA
leGlZiMuVhjzVnm7b3Vnp,Wg1_7NijMnOzVgAOlWP5m
G68qMCG_Y0bGAaoiuJ5CI,0ZhcNtFSuuFfIXtTLZOQT
R5GU_VXuEuy3tkTXBHjKi,Y7F-WHgixQTE6wqZCes66
uUn-JghBGUiMSwh1nlEFY,DBemHkQJXOGwykJiW_nXr
T65xVorUZ1vlpOVh4bY8p,A04pxkv_WWXV8hnUAOIKT
TCLfJzhHNWi92ys5SJyiU,OUKgIA94yS4WWM5CV0919
oibqK3X10XzMK0W9iBe9I,kkIntKLzv8GnOH-8u52Ka
dJazyhFngMm8lpoD6ogVo,HX_xiUw_8W_xNJkhFUvg5
iZ2DXN0w1iL9WsstVwuhS,ZTmCEaTmtawqBbo5B46uf
vyaD3x89A_ElYA0u1JNel,LS2We5r68BSmGzegwQ-zH
e-khd_FnoutloR4ZC2BZr,Uc10qQ4e-QmbeENd_KQAv
wp-ItccE7DCaYEI7ebdaq,6iBwMr2IQ5NCRm_M8ajPq
S8YtSrEewPOyOOn9lSRs2,0flXt-FY1fAU_PFXuP65I
IrnB066sCGHCwho7GzqGp,zlCO2LS82z42IQ1YLGXhx
X39EynemHiF4ReDts4xP1,4zlVzai4q3X9uxXCrwUr5
pTaaLJklyV_8cHQqTt5Yf,zrF-uxu3QrISiZDKwdY1o
D_mud1NclFxeOSqV6Rby4,dMMykMda4u6OnoaDayEVm
jFMLrxFeGfD3ekXW190p-,iQIUHm2d6pmMRLJYlncf1
W3r_cbYXn7Fik_0mOjPYd,8ukGzyr6yKdyWSqInfa9c
LiStPorv-BmLhiskN9yAD,6G4g_ys-dewPzsU5m19Mm
SCly9q3QN1XXBGkqZN-6k,02skJHsuQCZbHugZb2fOG
PNxkDxCPG3UZtcNblTz0w,ydtoIAginvERO1ylQNUb_
Ts1xjTKj0xSC5SShwup1z,sO4QmaYMYb80SlfHtBZcC
jfcx8Z4NN-zeZSh3FzjZH,81cREEg3_YCaBFpnu8r22
XlcrYTCH_BCaAFTeagAKH,wm-tbWWFERMyQoL5T6bDo
DVGxodVnekDfkDGeFH9Bd,7dEmgy_TPlyQAe9kVFQhP
XUfN4WU6BW5aNc7fMbxEi,jAjutEBgrF1BbfjrG0m6o
4WvXikILXk-dw2BGj62Js,ob9eZMf8xbtRDKFJWKv9R
mLEN8NQtN-cdXOKTcwXur,0oMzma9dSQcXro6JZQ5C0
Dv7mOzcevhlYmjsnZeteS,XnKGSZd7ZRnk1Z0QGqQAT
2STc5w-AxmCfb-pgcf8k2,XBeRKHep764MZ7C6R-8k8
r7Hov1J6fspLz-FNt3Lqf,9A064O2vE4TRyGHIF4L3D
dI-V2rm_YaOFOP0zkdpPZ,iC62G54tQRyqHSKH76VUm
m15spQmfOCKF_QqSzjeSv,6gaD1Ooq4SbfxIKVDpSr0
lLVHV6r6c0T17ITWLrXf8,ucQZW5mRd4wOUqhnXCKnz
Tum7_4MVHf0N-jQ6En1hZ,YUzBpMUwADbQyiRJp2Xhh
BdC1BrzajuFKJqWGEcUNT,jKsm1eNjuWTK-vgkoB2aj
Y3hAu9MY-E2ASkAW9EWz7,R4rku_Jb0Jz38OPxrSQNb
essh04mRB8YZy79oIOyM-,SAK7-fsrT7RfBKr_xFOxJ
TmJ0asFpEm_CIhb5CW0AS,mDGP83ByIuB9Y9tSmC03m
yky-L0Aa9KkkEBotl6feq,wKWciJ6N0-A3AFiH801GW
PRL85OdywM2cdygkLsRJL,53yAx-mG2T3yUQDKY-Isn
o8fqQU__Oj21ycr_CCcL-,tZsN9l9ei-5BifAbQ62Uz
SWncFo5Y9lIrzp7bmNUUF,MEUD22WFxUmQL9VyWyLbG
8wv7Grq9Vn7RUqTuxL13m,0yQ-y3_Yec3_dwQz0NNht
6Ozn01EeDik0aADGUkVFM,WmTJ3Qb5zRZcBSHJeTQN4
yLFTTfqRd3Wj0EtBzOPdE,-U01FWC1DNc2XOtEqjmOo
PbvWKoTy9oHK0HKTkEYnM,NggRI3kRukw2CNU0xcfa2
tSDDETchk4R7W-nL1zk9g,OWpCihXo9DXJOJ9yNzF-V
WtNmS-lxTWfZQQCVY5kzS,M7P-NidLDry4rTElHbG9f
VIylVc0nY3vJhf7kYO8b4,RW6EjxoSL9g2eUiOsqva-
6ItQGcMzRDbQ7sA9Sp0Bj,VmZRETZEMiXJX0ucix-6E
YBMSZm3mRDC13KFn7M6dK,_YUNM4lBVuzSWugLcnqcz
-yUkhMHFDjnW2ImyaQ0LZ,Kp9tK92DPRiHc-lHWS0kc
C-dPDMHOwTEIYJS_ymQEk,NtrNcyoW1ux3EBPCjNcVm
WLOiG2WQCOmBM0RvfYANl,Q1p1jnROT2FmIMTk3cODZ
AseJOL5NN6z0HUicUCanG,ts2hjIUuG58pu3TKHwB6e
BNeNR7ZI2mqM9pIumyKjA,-kK3TlYDnnH5FhPtb4wfe
Gng_NlagmkoIQUhw2bHhL,Nf72oB8g3iydPYXWM9-aY
-i4vTzHi4zzjEmWY419E2,4oGtBoVk2X06-uazTPVi1
nEljPOFy8yZrTmHakhmCq,xq2FNXSnGwjxg-KCRXeh7
1BrUJ-vRtdfB4SpBDWobM,N6PWOv7ngp7TJJqvxD0SL
eYalhKP8zwGcvVG-4wByV,67sObfp1lELXIt54aNlqn
yeUQ2fseFp-Nn5vdmTXfG,jMXP-3RZ6hrJF2PeYp-V5
jzopd4uib0YE-WOPEl4EN,pWYAktXNvu_UgkjeQy-2n
g9DHO_BH8Rm502T9bVch8,dsYZb7rKNluwc9OwwCGDd
cAKMRjXwFc5mZUsjyDoKt,h4Ephl6NbeGtLN58MMpJ6
wYYbbfLcmgLV19_kCAQO0,htZLtgb8MrXJkzheqXnDs
SnK3ijLMedCyldZf9sOOO,H5OqFc90ViaAjXUT0xGKV
PacrzUvD0GisAwCuX30nd,0R4UuBfSPBUAYdNUMmFb8
Td7lBb5RTqC6NlH38y9aQ,jtza6lpxDcHZMD-QHowej
CxS3ZodafiFxHsEtUixtH,NPev4ndZR4dNcU9Z3rUEk
QdsUUDjl1R47-O3XRItyj,9XZhcAYwxUwY-E2Njt0QF
9vDQuv08r-XtRP11DdxNn,saE-qgR841VLcRCeYnwUl
bd4z49egA588sOwdqzvwH,iG3X6Pb0cx8Sm7Af0cEn_
Y7XlQahaUa-ePyosTtb0K,TjjK09MMhWtRIGLD56CoN
Obeyw3I2pM9mbAOGDP6ij,o4XmAADXJAquI5xzSKmha
EPlu6mPcyolkmyPt4a84v,Mm5J75D7aMe_zBgkJ-5dQ
I-Ywwj6VVoff-j10HbAhx,qYOT2HkKzuDC56n3pSATL
jtH1PR-DORnuaF5aZNTBG,Od1LLS5qXMJyUTagsb99l
O1d89jolIorQ9CRFDElip,fujCtCGrLNnrC9vzpJBtg
USOYe8gwxpeyO1_YMJWKD,PxdgFjYmOo4oLo3JbkoTL
1DnOcOoYw0n3TH0ae_rAT,uw-l1Incc3ZjRRn-LAAIW
mUYGl4ZMRgbSw8cQ50nC4,UleBDs7iMvZzu_juyySf3
6TKCWg6PZv97ZiWnzkIFm,K4aLeCvuFg2vt66Q_DKYo
S8Z-rLSRDFWHI9kRfMFeu,5Ga8DC51RLhbht38Dkmr4
3RyJ87kUNddFSeztqKFWq,Cu8NNziVIf8VdNb4DPjt6
dApJIAKrtfYsLjfnHCCIb,S9Eq72mQJULSTcLz3YaxS
3rDLeO5XrCN3gE78uUj6y,19IDPMTbUeRUmeok8MYbv
BfdtxEXxLjoHRs-PH-U5b,kh6bqdCv5092hVXJCbMpP
vqjQfy4zbF97yO3dC9vVr,Ihskb2uLTRysYXJT_SbpS
Ce9fSD7xRN5bXJLY3gtoI,4SuINvGgDQimmNYYFsd-f
StInhf61VpZ74BnuLusfS,kii9TGK88Yyn8QbsvfhLJ
T2wIjOxPdkR49NEL9zSbr,Ev_knb6dshjFZBtK_1wHi
vNZzf513ZAZE0wq4RP-7O,0R2m0QNJbdXOZ0kEWvTrv
WUUqxmtsXO0x5L9waGbkb,3EqKaHw2vp4wdNA0tdcQN
H1Sh8JHuOgsx2kxVCbUn3,H0r9kdy7fEjFTqt9Xmu9J
moNsm47ONwrdGfx8HNCeX,SZUWrOfMjoP2fUKYHJXN7
2rjIejzxwZdHwJuyy9stV,Uk5RMo-Jaz_KgdBkFgLPp
RUahWs1XPEmb8EbvLT5vc,ynAU5FavT7XrJZeetaxaZ
IYCQGoEtXShK3b8KtINBQ,3Aq2C2yxjqhg1QiHJiQFa
QtWsEAFETjsX1DZTovXPY,GByF19GmFlzvyprVcPnHj
HGN_vVzaQ2NYfVOVozYQm,ruRvBYq1lprLqUvB7k5r7
Yu4lbAFNVPsGPPoX8b11d,sh5JmY_c6v_fTbIOjXCXq
fbuoqQPv7932oCk8sZnxn,VGodHJfaeteVZ7o_-job9
Hqz7ZQhgSMt7mt3E_wmnJ,STXgv0SsTefIHMwWudHlK
ASZu8JEJ1WaUrVxLjHMeJ,u6YLsNb-zvhtlddue0f-W
1p83PQV-8RZ1DUnsAeaON,bdmtcDCoHUC_utoyO00rZ
5sxmO5uAznSbM1-273a8h,Qp5q0dncVK4_qnxs304g1
ydos7hRC5S0XbaD8qr9YD,sYGQu6miNQBbg-jpKLA2B
3VmlUGjkqTSPtAhE_tnQi,NpaQiLfo19AP-fAEdeJ7P
yHWNWZHBaSyLHmzk8iw0l,I3Ji17Z91ZShsjOF4kUto
abyCfTV1svjzsfwCh1lrl,mqIvFgGl4e_yJcd-xnEGW
LNJiQ51wxcM3apJ_xaZY3,OM7ETxuLFYFCByDxZYeOa
-UepSUVOSFs2z5vu4Zs3r,kh_jRUosGT33U7iAx0LbH
tgWRLJssRyF6T6fRpzi7J,RPaXhlco3EBfnANLdzdzN
u0lgifEjbthNh3tTkicPv,eGgOWmOW4iJCQitgxYuDA
Bnntsrl-4BERIY-QldL97,2KLcsiDXPR7xuvI1V2eK5
7sYlxxJssOrrXfsfO56Ux,8KfshZMxxQQ6ssgn5moIW
2ntG6gxVK-ZPb0BNoM72k,RiqHpSdd9tElAa1ABzTBI
RIrwylMNb3wTT936Ox69v,tleynbfut9FxvumDBo6ih
rt7TjCX2Hz1QCrgQCAYH3,6oEA8k5K_xIhpRBhUAOwi
kZbmtIQ6ezMKuKNQRb1kb,CbatwSnPeD0ROq0kpSaDH
8htOkU8QaBbC5kIMUYRD-,m2IsjTJr0uLr0-GvFuyDc
wCGdCwieii-ytM6Ph46g1,VZD7Ef9uDeTTmSJ5gAg9w
ou1wNDWWUJqTw4VgCMuNS,_bdje-r_kna9j-vu8bftQ
R_hCFePhDglOmsz3x2sUT,INAiOw-ShKeXLkLzaKjfQ
WXmNRN_YYa9PEWg6ZQlUx,Mky8r4PtteTLJM6mNlyIN
nOF4cHDrLAHJeq6AwglVI,k2x7VzfjT1706yp5zEzv5
xbrAD0no6hED4m9dCTLCy,kneLEEY_XYTl_kogPbopx
pF1OgD8gNwMoepcVfm5UD,Ds-tbzPP_sOeyzmQIhMvZ
ViLMsVrxzlVbV18E72Xd1,oH0Zvblo5vS4zwO764TDH
7Y71x9_f0wTkCsP8hGF2G,wVBC72UrSGKUx0UfzElN5
3lq4c8ZYbmPKK7pcVc3DQ,XXr42w-1XdFg-OKRPNvXS
J5U9tFBc3-mGdcxZDO9Ll,roju_Z8pr2-J-eNJ8poPc
c7ITohyNDLTQMxXt9lDjX,R818SykdVtdEgG_V2eoAV
whTjJGJWfnc0jDzQ4-PmN,H5NEcShR-cYFLm4lIGfQK
KjknE9bRcYPUN44ijvicJ,YhXOfcXO3QElVLY8GIQf-
g631l0sZix5ikChZhQr0c,GysHmsB6o7TsN9GdBKb6E
29GjHC_Ae1Im_gQx1bPBI,ME9YqwlT5as6U9q3ACJmb
BtDtsfcSPoYgcXSirtsrO,8XqW_Uf-P1Q2wSJySCDo9
3kbDwelCELx-UbB2iT3e0,r6gV4FBcbnJbVfEWUrn2h
yUI3e0U8qc73IdKBR6IJr,6qkb_E1ivof7zbvVsy5ve
5mLI0Ka9Wrl99WclKfOWZ,vE2kzkfny41tEEHu8Hk_s
vMDXABEYS5TPQYfUzB_pn,sthyZl5Ai9mKpQjKOVWq2
9NfS6Ub9iFu-6_V1TKOQ0,oJcjES3PVglIXGsft-84o
jDEv182HcwpN4mjOfoCHx,y7_JT2Oloa5NGPCcNayUz
SQeCjwOBFY2xRYOLz9gTt,9P31BCUMOVc2p1OT0mJl4
vma6tAuo0xU-NqeEDeJVe,39mH3yGE1kJiRHDlI9bkc
pZ137BHafU26tBywX7qv7,QLqJ7FsQhZ5QB_dRmkDJ6
fOj2z4JgfIzSvBr-8Z32q,NUCZ5S8hpejyxTyyud_uK
UxqTrN0_pX4aWYMi4xyo-,CpEnSR_x8T7i9vPUVYUEE
QR6UoTbk-aeiYjtmEXUZ9,xYL0ri3N33Cg6cZXANOw2
TDGPnoBbswA91llaf20E5,tIafyWXVfXA8JFhK7VWLE
-p87Cq_nBNjUGi-1QOjsw,e5iER5Kb-kNdsRHOWwM9H
tBAm93jkOfIQ4UleGNARX,k2wsLPKf0Bh5Kd1AoXG4d
pc1YRDc71g5k29D2GAC0t,7SxmeOeyMVEUOYHkjEWdb
zXXEv5TyYjH2c1NK4py2g,v4hTG1ocAd7YN6lwC-VrL
A-AaN1k4hyGJ2h2D_ZVL9,kAYSo-NACBwQfSMjSsQuE
JmT5UgFzQv8RJddYTJtiC,KQiA1nyQK5CGxSzveOG5g
mrnr9gaStRydl4yRSjjSI,xVUdeUCCxT7gTdXH-A8RV
Z4wWY4JHnMoYKS8o1nBDS,bCV1jULL1yy0ls7UGJLV3
uBqUIYe7db_PxD45zxbn6,E-XLGr70llygVnMIIiVbh
-kWYzBdT_xMNwtbwhvTUZ,cXg4m4Evb9evxHcuf8paR
KDuOq54HOX3HIR429ezzO,kr08uGAgqFcRF8Chb9-hA
4yYnwfHzdTKfdFKOGleVD,G4I0koou2687wRyZroI4G
-vqTTeGYhVqWl1Am3Oz5t,B54MbVub_lJSgVaOEEFNP
hmP-U2QgJIc7pF9-Y7lII,6mFfP-J68s6lEF52PATfO
_T4erELoub-BhRK0Cr2XH,kkNva1X_ML7jBMmbkgfiB
l78EWUFO5ZOu-P-3W0P9E,Yl47o13loQrrvOJwEgcdU
SZiPrMXgYsSg7SN09v6KQ,6rbzDWZVK_M-Yrnf930lJ
6IfWPBZ_uXZj0AqL5VuZc,9RrsvWWfVS_7POMOt7dxL
nbmNncywh0g7TBeFqELdD,n9yLv0v5Jl3THu9kiOvfD
2E5TDyJemad7hWk_AvU_2,CSDJJVnW-mnD9l4b3K2gF
fc8YtT72FHtw3dli8FsDt,L-URY7j6hqsq7cF42_DtW
80jAIZuWiqmL1NOuHhS6d,h4cxz2GexsFMOHmFlkeZ8
G9Dovqf6Q1vTasNPoeo92,mSW4UxM1x5t1G2pVVehTq
NxhOkECzU96-Yhd_IL11m,PqOA2z2OteHJ5fzl7_wE8
JeT5CSd4ymhCCS5iGjk_a,MiOlH6vx5ryGQGelIZzqR
KfvhLqyp7OrnkD46cHevK,fViMdFr-nsabtaC_70CjK
G7YsQeYnr_vuaJYkp7C1K,uLjKzeyJevrgbNNIAqIu1
gqo_-1v_ypvRLto4nCHzB,FvUxQrxE55xKcdwUplm5o
Ur7RUFMEDDAPcVydrxDhj,3k-QCLq37dGHZcPjmTshF
nPjlJYgR64aX0ef3lmGAk,ZD8NpOinNGWdEllGVaiy7
f-355C2aus-1LmB34rsDG,3ZjkOv9U81yJQngtekwpI
koCV7ly0GxUUYiojoLe1W,bDdFqmsZ-2oUsssRsxczZ
9TuGytzMEuPZi5fB_43w5,V8JBAZLPzNSfhBHATnidL
yMTiaDoH88uGDUPZhO2Uh,nq1C0QUMwabcIkgpE_EKI
fTYQJ5crxS5CalbCAVqQ7,Kouma6WhUKfMAMnCkXfsA
kt5Kg24SXZjRxTUihwrF1,YRdo2L_XSUOaXciVucXqv
-cdBpPwdiNr67Q8BWp-Dx,mdPQ7vUCpsOIh5t7r9COr
qf206ZrxemYqwb0sMEMmP,tXi4OdHBrPL_i3ZvcVQc1
wdw1XaRLbCRW1TRM7F38N,-ODR0XwsDiDaGDvIQuzrL
MmVfdks_3Fu7LdIhHbteL,9Bm9PPY8RVbQf_DM4cei4
VOmt6H07uOgxIwG6GaoRa,jAjxwKmMQNkOHIttSWYtr
MEQ5fhhIaB0b0MzbHWGot,LGlbij_wYFCKBskW5dZz9
HqVn7yQaEPoJIifIzKC8y,17HAB6XSTadSfcgai0BlR
f1AE4Tp65UwrC0aYl6RuL,rxrG70wbYvAFOnmzdysrQ
1hdn0y2Iy1WRG5KH2NyN6,FQc0CILLCQYiN0ZrsI5w0
6hjaNSOWyhI40MdIyB0eX,s7s0Bs0CFeWdBZnzVgGuH
GtaDLWYx6nLYak0_PDEEM,pu2vL-ILrEu6nY1Y-4PkQ
8FXq5de-4nZmVkjK-OFzM,899fUhlN6EnEmojycXrd5
RG-7TbJsO4l5NhLirc8CC,R7_1zbaJdBw4t6m_C6hwP
KDPrc0BuA_wR8LQl6Iof0,mO4bl-GLrOYPMvRtxqXZA
Ciib9P-DDgwpT_PK0M9wB,n2CUSgYHNLg7Z4DAs32-H
4g8mHsgrqDTpvWkwtTGN3,nhx126tsR0U9RcuO6v2mT
CsM9fAQGYV36EsTf35uN0,ay7zOj9lGNYg818yf9yjN
AnDLAOzZS2xW86-011dlV,6ikOEEDH3IZX4MABAk02L
5ByW-2lTPgGIYk4SSZtCo,_2cAV0jRmGuuI0GfjCrUS
5zNkM8Fj6XCdWG8CFiX5b,xGDdx871dw1y_xienGNxv
uxDF7sDzoVToSp8JO-Ooh,ryemAzMEfJUZG_QNC-gXc
jqL7TqyTUKFopCwkUpi5S,Kpqerf0OIOxFuNef7l38i
LOdS_OmFvBvtrqAUnKDHf,c2EyWNnOmxZp2NJhKf2rH
Dj1n27Gy_KjmgEryS_2pF,pmBY-oayXGaMHG4pLsqKz
c5_LMXcyQxNNrJxgr115i,a1iWQ8EdKZ59xbo61Zt0l
zqiOFbnRJ4VKrhHg9GumB,l7Kz_68hJcjCtblhKtOal
AH1fh4nxnEIPF-UD6nZ1H,ovnhtk4yRVSYFoxNPMnht
7pwYhHVlcXNNVtjOJpsjR,U1kx4q_Gn53CCrxnxB980
BQfD2ws3y-m-piEnT2UFd,htOuRa3CChv6tnS-xt0bc
R8BoF_Y9-NUSKM9Zh5-bn,LfQR_mNBAJu3KVt5TKmrf
ljJTjEZ0gYAMTKEfKmW48,k9WuoL4vz69MvgoD5UgrM
VISqIEj6umZ_R4BPdR4SF,Nn-kdXaqkcg5pegYk4tp5
fkawIDhJZrnNFbhnwEkA3,Q9w3WfKm4ycyTQBdPkNJ2
9is2Mj6aG7iZs2JwGpUt7,p5B4H-HInCrpgEdyMdAoO
_QsDUdYO7N4vyad06y7Hw,gxbXeEMCkPp1ZNg8XmjZe
sNaRbnD1yMrizYcuybM-Z,9DJIFa83iTKJUvU4Efb8k
IS6oU0HQH08Kv6p7_4XVa,nEQK9KkqLQfaqrFhZTfuq
QU_WT5cVi0rHEOizTxHLi,GOMk2A4SamYKcF1kzLM6m
nF7IADr7VtfmEfPsNBuPx,P_n8zJW8awoaqjY2yPAK4
2ETjGCxQucW_ymQZc24aF,pq4dgn97IkWDsJ43UcEs3
6hyO6akAtlx4vr8t0-FlB,HSFINdAbOgxU7ps4wLQ3z
9wi-xLV3-8OyZzhIzvWPI,w5d1XBlu4jZd3QTPvSMlm
sQ1ce7o0hniooZD2us3qf,x-iqJ6xHftn3Me-K1D72V
8hIht7I7mexh2bRbSfBZc,3lWU9laCpHRNOSJ9A_XZz
ShjpVBJSxQfN0wwVh4WxI,zUUuV8-WertKlBgqIs7YZ
ekMyO_ZUT3Ujj9w_C3l-k,Opi5px7AckZlIFt8TwYAs
cwBUlYQHnit1p7EHaCZNa,pr1NqpHn6f80UcKTlX8CC
0J0DikzGF-Vb_wdji9vnh,zqukpKouPoWu-GEYuqHK1
CBUoaHCQOqjQkXmETfZJW,Bpq-MtSYseVh5ARMlqKK3
VauFvbdPTvjpfsJmVzYmm,_hNXegqLraIyZZPianaoX
CbEctPLceereQp3DRf-XC,-GOydqw6h5jm2IbC0Mtbx
8OBzOTO_8NjcNScdLCHeS,LRnt3ZCOaTuo4_igPbr2F
FFhbq6AGjo5PSlEbKpekk,8sgOa32Vjkj-QGnNqjmRn
BRNqhWaiNOUSDIXiH27Vf,6Ul7lxW5PG2wCn3WCwCVC
eGPMIusJSiVhPdk2WZVqg,7QCbeA_Fo7AckIhw8TXrO
DtPUocqiLe-lr0ACs2_aU,LW0yWI2syn3iZI4qYUeEG
7rudX-_vi5YlikVKxq5WL,0x7jwCcb9u2oI8rC0bDyN
LSt6cD0GsKWxYFhsmjHvL,aIdoTRkZUFJyqPZrXIM3i
XTGaXeYXyUjBhtZojwKzE,TxZHGYFsei6xA-U9o596g
Mdofbtst0or87n_x8Igj_,44e2u3XMruZftEZ8VSKtF
HEjGhevNNqD8jo-uXGuMU,ewV-b54I6gc7dHuFgQw2i
9bKQCWPODN4MoBLugNTO9,nl23pTOf-xgJqRVIugNP_
yhwGFCWNoTrZeB9Fl3T7u,oWLa4xjXjQynlEfSkhI2F
hnXHBjjv9FxBcp13Mw1vD,Rs1Ia-Beh0F9o6WjwZgzh
x9p2sJlGyB1l8ew9j5RB2,Pynsj4SQpzDuXlAOUIn5t
GfMrYrJPcT6ykNInSucpI,ESupgIgBnBJRK9MU6wYuy
OA8bpqPGuChP_0E9MSm8F,y3W2LYotlF5wJqTqE32VS
2-mxqj740aR5lKXU3ykIE,wfGUdNZtJvfc20ZG7j_qx
EBFV75zBtM82OozvZdAyQ,LDKI0nU9Z_PGD2KcKpEKQ
b5s0vTH8vkv3igL8oKtpg,RbtUU4kFzcOqBjrN78Wgv
blQr51sX2LxCq_N2KdNS6,-mCEMCayNkFrHyf5x9EEx
_2XS0b7FLCw5hanqo-zdW,73j6wNLXKJQ33lcFhWQD0
VC07yqR0AgkjHZxRplyA-,Lw9A9I0yE46pO6Lq3wSig
60Gd8IE2ADlU8u2h0uBNu,a0XQI6GHUXxpDZiZskfiG
-3f74ad4Yyn_iyny-mFlc,9zLNCIjDMVM1efW7flPcI
Lvf_14KG1oZcR76cuDvRu,GwIeNuqQmbqT2L3p5vnJs
kpoqaGzgAkq7JRw9GJhGI,xv6bqo4H79j4VXYTOmxuz
XqiSISoyJ9yXz87iZn9CE,lKqi3_FPWv6WVAyNfy0VY
GAd5jhfPrPwEp_uP-Js7J,oj4RLUjnUNVeocYaW0hnw
jqeRw790CMR7RM-xrghTV,c-ExA9EHCrXubWv-A7_9g
Zet8UBNVP3of6PbuoXSoz,BSXJm6xOPguotj6U-pudr
6MptRrKfF1ld2wwIAksN-,0V-PwppAPnJ1dbhCgKgAb
mh6HwMey5YDEv7uBAWbTg,q2IwDbEwYNBd-RR2ZL5up
aAyueL3GE-eXk5rXN_hNz,mlnwlhIebdVVGbzPshevD
1GOpEcPTpMw35J6Y5q2c2,H_K4E3wpx8d1hYT8Cv0dB
GHevIi9NLcxJjjQDQKqb5,2tA9Zj7MdgoWlxsyMudfB
lIOf9o6cVhHq1sluCoAhb,rJ_urZ7wpF0OC5Zser4uB
cvUtfstmlXFnr_pql4iVa,gvNA1rotLjBK0LsSX6uP8
TiJEmSM_kXpwyV8z1nHtm,Zn04uFmioNepN5FV5O6dt
h4DOVTVWmX_yyfzJXOrLk,mLy5U2IU-06wcSBjzTu5o
F9xgbIxL5rx9AeN6JeHZf,-ErI8EqLsEtDF2gxHBiRD
9zgiWrFgJ1r3lH6c1YLI9,EKFhngAsd0vE0kfQi_U9E
faB0bE_TQxLvItnymWbK3,NdBeabjZ657mLDUCPiasG
Tm_8g7N4mrzvKGFjoqEpd,UX7ylXO0Qpj7QxWZMorYu
M6ZR7W_rNvENPtqyLzWPy,rFMUNf-Ce-_HnUMfANwbz
GP12lFLtT17DZ2M8-e63-,c5YmXf-gek_eGkrG_VcNV
RFZNlUoZ21E_W3vZHB30U,-1yhTTo0BqXB3jUtRmask
DEl83KXAR0nGCUyaBsgmw,Zj73asr3iFRtY6hZrpYlm
W3XWGAg_3l1ozEZyflpFw,TIvCfdmz1zh1IS0jKRjK2
2QBDui7yyjLcgq8hGVoXK,W7zzuwOdoBrIl_EmuYw5Q
vUdQ5F0O2tuGuyvbCZiJ0,z0D9PuTcZGaYwTwyQ43oV
eeCZMrZ9_K1CMMUjmywYc,Mp81wDbwc2BCOLlgvnOiw
r2ujhXVRaPzh3Rs-h2Lum,oEqATeClFyvEork2oMj9I
HI3z6sX6gotYyKwKytpqT,JCGZ1pA-1k4LxkQiSSGav
9lKQvt3WsstKXgjVD-U8Y,CicQ5rXwoPuXX0AbGLEh5
hFeXRHXVaBgLVscfeX5s9,lDgGNkk5D9lhLuYlPkoyV
qSaGzygojExqQuuakyEfy,8TPQtqaNinSxaoGsMxbQU
b2P5d-DR1B20BnV6ShklY,fGx261UodTFLrjyt2c69Y
v_UC6OGG2SS9cQWNtNXMY,yFxzG7C5WYRlkEhShegpw
v-jUs_GyFAMTe4jvarcTr,SFq2DBnYwEKSgxOVrvrsq
_2pZgx7n3t_27EYM2zAnv,D7OQ2P1Y3V8Ux5YFdeROv
lmEvkDodoATfQA5-TUKbS,q_L3cDT0IP9TB4-ARGFvj
4H54EIrFWXynSfs7bxk6i,wCPlfCGmRZ_s3dqvvXfRd
z0Y8_e97ErDdFtxmoQL8M,6nXG4rXGfTAiq3O6RKMbV
ZI6iwTi0iAgwaXEfxo2Am,5M8Sr4ema3knvrgliV6Jy
poG5VUVOAVbxxj1nWSy_t,lAzLW0B7g4NAl5_eJxosk
auPPCPpwllZuZeVakynSJ,KRN98Zc_Ckbc66ok4cege
gxk8u9uptwjuearvZwILB,4seQU2gFLRpluaEWXEMEW
zD4gvlKCLP52n-W8cEISR,3Xq8BLrEC9_-Oif3wxuC8
OwU_xajeOGHkZdnF-8y9v,XLNK-Db0EHSBa0CgSn-KW
kA1m3iZU6bpRQ4MhMVPWN,YnSQ8p_EUi-_x9KKfWKEc
XRxMt-pdRX_XhPRIV_xDe,E2L1QBgxx-ercmCZIUfot
kS3-x8asZ_2ZigLt5STQ2,bDR97p2F3t5Je29Vk5Hg5
BBFoxCpideFn3uj7vGWeC,Klfh9FggH7UKgIoXneu5S
DAs9icK7rfwHsCHXHQepk,6qi-shDsz2CVtFPZZifzX
eSO5W5KEL7daeMMU1dMOU,YYhAJjSvUxLaR6iQWOKvb
jrIHEwq7dUFB5uZvvXe5h,mpXY_XIeTaMWsPBb8a3wz
qmaBnt6Nl7AHSawqRqeWp,dDEy2PTi3PkCAwUOOBaPF
qPkYZ-1f91-0_XvsKV6YN,goULajQEusQ2fnp5aeRIW
XWzGI5OYOu5qQT9MXEq87,cd9qPDAZp7KlaT05vAwua
ei4nVTHYnhyj_whKazsZf,lP16BVpjpdrML5zfFEvVC
_6r9j1dhRyKniLXJlCYHb,vuAuJqXcpVAKHU8CVPkoN
zvX04ssYEzPHS_m4fwm_A,Lc-1Hg3Dn-S7ixU3eZyBv
Rvp6KZkNgVmtkvtkk8EmW,wISSTWhcNY9JdMoYwjXgD
9erID-cbAFQQSVU8aAZUs,4V3L7ROOlNqAX8zvWJJFV
TKTf_as2Io4U2hPGstas3,5XIROqqLWH23nztLohEGl
BpMSuth4Duccaj0boKiyu,qblPpArWygUzfAPjulnQ2
ae39Pv8BrADUdGMNLLoaO,IET1NCMj77myFjvJSDkJg
hkZs6CP4YoUwqZDTEw9b5,cMct4BtxeTziTJMOX6Axm
RXt4_N3H_pfIw32XY8BAr,QIpMQDskVx19zIyWDvFqI
rNBF5tTRC_PyppBqVtw3u,3xuAOfMepZ4tXsHVFWFmJ
7YcHYJJOTPjdxmf8rfBGd,CGb249CA6g0cjgBOZzShU
8i7xibwnPre63itV3j-Z1,WLTml8iVmneePrb9KaYFj
6piTYeM7BOnsdzxoUwq1K,s6P6hEQAY0ScNkwtUqfgK
9eBxqJNnCGJsvxH5uywS4,fU88VbHszEvRElinNL3Ol
-92x9X7HMf4W3GszA38mu,RXT6Dyj2sm-1Tigwgbebz
oENKzUuQMGhNRCdoN9uEw,Iq9GWDX5qe2BifeNdspT-
LK-fBbTUpMC8sT7mYCenf,JzECm4rn-nN1MD7ZfqqCr
P1rd9PH_HBhSTZYv6CR7n,sejvKfbn-tQKIKxiCJbmi
9ykPHtWlqJewhl88fz9oJ,tpf2lP1dPMduUbS8pNQew
VAF2a3Zx5NCo53gOX7inU,wmAgP9S72CkXnSp_scFt9
mYcDoWnnSM5NesUH1LjZB,XnipK7qz5Eln3ti9EvKPO
ztL8X6n-XhGJUse9O4a1a,-wdtS-JcTlGatPrKdXxjY
SJuWu3CEnA6Fmv4oFEyZ3,E7Nh2en7nfectsx_wI4qb
dHaZ51I3YHqVru52Mn54R,UA_pMXMMsLcFRav1GVEEf
yssuzU8gDbN_fMPVyYQXr,sHTApv5xZBwarJA01KiXn
-vmNEPm0X4L2-SClem4jR,w0vu3RwxeeMKd0XKx5adw
6hsSOXOGQhCgiP9o3m1J-,kl41p7XV7XMIYDsAr16_M
EGQh7ij_1LeJ1HNDKOWCW,tLe88qikhk9cmQropD8Eh
QFEkz2hmRapicxiXlIjUl,m5uNnw-sJTMkQSi9AulvE
Fqo6tzeeh7biiGSdoXFD7,Y6Z4jpYIt2NWKnF7gtehZ
JnEyt7PBgV4c1exLd4ybc,rc9XdK7g88J3PSYtYApBJ
M9ddmP6ZP_6sv2-3UbXcD,9gYR839IoR_Qly5ihCVHS
7caXfh6UEi3tQ1_AWoxL-,5pgc89Gq-Yn4lz8IY-sGj
lb8-0akVWW8rbc7CQguwS,UnYtehXEhs1UwYoe1Ei2U
KVnCL2xDoO_QBj6fALnLe,6Uuj6xwxDYXXi2iIABadM
Ck_9Aqg9eY9_5fgpE9Ac4,FdCUZXNJRZ7i-_hDNkFhs
AWP2JtGlWA_R3FeXyp3fZ,ncG5jKP9HSGaLY6SgXDdU
-l4j_0FVP_CTdOVDi97bR,X710-QuZcFkVFKQvzOR1P
4teUqNvD6_bpUVbcMOMgG,xQt73NX2S4c7LJmoPpmqa
Tu0sb-kN1LNjuXpKOIxzO,eBRu0EKhs4vzROomCDcHo
-7EAhGqsDvaY8BK0Se_FM,VmQURpvbPLLX-EJFjJZA9
WSPQjDYsjHcl933WEHgUv,oytrQrCQ0CgHRs1mimPS8
9LkoPJnUpZ5HoZaLL7I6h,YAErqhx1ZK9Mp7_6PyRw6
T5VXO5sRUmGWJ25mvwmTD,66caYFFagHv2Gd84zaR_y
penWnAU9zWCKKsYBQ_lJa,RI7YO5ExgfypIYn3qOgML
7DuJGG6aAkF_RTOauxPDg,R0eUZcoF7a0Ap5l0Xme8T
pQ2IVW-rwKl47FdSMbS9D,WyoCObEdrxSpxj1i-J_PJ
0QLyxuMRokAXo47DGfIj6,EDgsD6-vaFnyHqYZqAc4Z
1eR7fxijnxQlM6lKu6b7E,ddtE1cZkq1k83iKMlGihg
AGbTDnR-Ycp_LTSdqQou9,_L1l001ZBWWZXRHlnt7IU
xon_393meS9m2JSx8YPpK,ZZamAVE_vBufpy4W_snY1
NPMW6eUzrdzs6rlOOjYAE,npcf7T1U6zrPUmYHOtiDj
Zk1StEuPQbUulf4EhLXP-,-BtlmUCCtGeRYCxqlZ5Tc
Ul6_o_vQ79eRMaOBLjAyR,ce6HD5me6iFV3oPmOmCRE
550kDhJ7xYaVHAt584ig9,5801-Y3CcR7v_6kxNAYyf
3VFdk1O91roWL_S6YPpKu,zCBW3VK3AW-r0Qkdfm257
TjSr2h9qlQ9cSFjzozEqM,XLMkuOgYbobN_ocQYg0ON
YsbN51bVhhZsNc3WMEZMa,z_k0YTPIe5y8ILGHaaHI1
KE0zJMt_btoEAVK_piTGN,LUioc19X6PpZBXmWdR-B5
EP7EOk7QBbBceiUOhokqC,rbAQPVE4ZRvPDLd7Nbcb2
QbDtDBk8uz_hmA9EPydC5,0hcrCCHIbHvFtoZtx8Pvj
SFqaD0Jiwir2iFTuYcGjT,n24oc89LV4X0D64Ov1F-B
gHOyaYe2coO1Y1DR8PZ-8,BrH2CSAQMorHFRmJCxcjX
nZOAkZF6hUQyeFK24H9dO,JomdU_Txn4k7n-SnBMdP0
LCo-AakXT0X_BC2ukGCgz,mJz7YAGdWZ5zHl_dgVHKq
19lanBQ5WfrfD85XdFKg9,D4nS7r5-Lt4jlDtyXn3x6
tT6IKd9ocWfDJcJxNFHlf,lqC2lXfYUr7FXA_TWJBp5
ggpvKTMNCyz_7JMwX3AcF,AX3NwDWDY5OYr6BZYJRor
mPLMNUVtt5G3ne8IqaHp7,2HILpAYGMLWaRBZcEL_bm
glV1XTjWFkKAiTtMckNAG,64-bWKMA4dE1VdQt3Phk9
0XUg3iHJ4QPUwgpoBBiZ_,CF3bl3vTQfcSNlkX6nC3b
whtaOlCRqXf1DhxhPOm6i,w408ZTDde73pVydjV3lHI
hCOG1RTzQj5EbUppWXHxn,g1ednCaGiCuCcJFUc1-qL
lTQhzdZL6QUpOAse7gJo5,kUT2E8K1qPh8_qIYV8BeQ
6oNDt7icdw2z-akQNESpq,jZznvEXHm4XnviMTfKN-j
WuW4LRFK8P41acE7-677-,S6UtIiA02QoxsK_-NESPW
aIG0IxTSp_tK2F6CHMpr-,XZxnFKpAYNArlGX38pAIA
ijlLGst3euW1mPu6nhJft,KKnR1to4SiSMp_yV2iHsy
AVxe_wLFzPTQ9nxfkjnk5,Zl7WBzwDacxTPYescklQn
yxdg0Kk2Adpkwv-FxBvJt,Uhb34dNVcuoIhr3HXWcud
KBHKDjIq-PxTd0iiCJsVP,om6KsqAazuzL0cEFPe8Tp
6dRi6qdZ0CjKRFimXkhOW,-RxcDriqfTbMKnSjEhZw5
M3BjtZIp4rABL18v-Ro2b,Z33XGkDzd5ZXGWU-R2MJL
V7QriQx1HtNr3Ay7RRvkp,KXfO9n2IeMYAE1zRr-9bi
tdJmtOjQ4ab451hU9SLLL,ZxiDhBcJffCT8olyinRNi
P4k5gG_AT0cjSlu7_di7U,edt18qcipsrqNn3Z9suOg
9yE8X1hfVG0L4AzqQKvCS,kZzTEQ3SvZ8wR3vFJW9YE
bo8IVZfKdUf1qNFGiCM6s,j3DXQn2R1ySmvW-E2KBLJ
NTu2BCu5wtCChtI1HeBk3,a_Ak0jGpIScEoLosXKYR7
5FxJltmPDm3_h9rNtI37N,HRTtpD8F7x2Gy5G8z8tp6
Y7VOqRfQO_fOr8p01qaYZ,vY4VTeOV9DpcFYvctPojz
HWWSqCpWVnvhSj4939uhv,illvPIBneGDFatzlmLnZs
BeuG2LG1Kdu0Mpn5CR0Vy,iNrdE7FlSijt2kUqlOrnv
e5w1JPbeLcDJnSnBh6ukY,hu0YruWZb74fJJ36EuXaa
Rtqf1hAx0B6rJQ54fgIDv,FR81tJlT8GjpE_YtJyHNA
WzBwoji-MOZbbt3-Ms9yV,g1TJnPCAQCGOO9dV_lgPb
KhAr0HIAMEIHwY4YIIJiu,o293HC_IWfeX9lWiIy-IE
eW1J-uv5awmv5qS4YrBeT,9KsxvoqyqENAVcQ8ybWYh
MdjcsByEeYeV2353iJ9BO,rq-q6aqsVZKFi7RVF6rOt
cdsolamKuB4aw1eSchyCe,7eZ2EQC54vlVuhALnsZdD
WyAO2NDaKXI8HExLdr9Wd,_YKQBOXDtLtAu73ycDaKG
SpJmsirM4k9iAp1Nej4qZ,gmSxhVWubeNQwjMxesax6
QbBUTbxPJ1d7Ik0cbWtz2,Uczu8ZJYJ9w8lP5FZdG04
fxClANCsHD16_7lvjfghl,sA3O4ZQ96Zjla2xzoKG4D
sbHJfrk_bB6BFWHrkrG_J,987JeG12yvOuS6H15uWeZ
_PpUtqfD06YBNvKUInkB4,KRE9ihe0bd_2Poew9P6bZ
TpDsBWXqdlol3DhxmjI4G,rkYQKtQuNC2wvIPq-lr98
olSZvSd9MNFxoifBvmns5,yICpPNkS1rneCrra8ciG8
pMZbBw9Pgv8lXoRloDNBs,8FoqVqz9JTwz7pF13WM0e
uWMo9ciC4jkrf8o5IoAQI,TiqTI2P8tAGU36CjYXqp_
b6Fx9fY0ubSlMM7WmyXle,2UBVOc7EXAmDtLIKRPVlz
2ssD0su_d5CAHyzQDJPqa,B3gzwXKADB-r91eykKdS-
y7geOnXDwHBtyhctp2UD2,oKbAnR3eA3zOlv0sIbugW
kij87lWo8ruoPQ3SDVlB_,D-qnVABvTaoMbSF22FjsU
i5_6JpHXKz64I-2wWNhap,VFCMyVIwP_UImOzzsTqSK
kefZQJ2aA8hEtKJrkIKe9,V1KD5SZhfScg3_pif5b6W
tuRd24aQzRpNve-AcqAJn,MVKSH7Pg2nfNuxYz04hCg
225ro_c-bDIqGnKpfCeXU,qwsfH-eKsn5q5iSeZYzVM
WTtS1fctHa2p1dqYCD9xw,jAXN6VSHqukO8K8NMKMXF
IZbFnEYEqjyXiTOx9VgOP,ztprv-_zbZtzpPGwUEtkb
QqJNrU2X1G2zWtzNUHaUC,4bubJT9bOT3s0LnLm6_zL
S4wUZUdf8AflcSFPmpRMx,vbwChBU_u_OCQf1e8iS8w
-xFu1SFfd0EeXihFAJbMy,qpLzWSHr_xEGv4YjK2z1a
3esCDQb7aAAO8R4LBFU7W,5DuIBRF6GCJlMx24BlDl5
ApQKhOt-qkjtsLboPHnwP,qurVUb6S1ZNSjeSuWEb1H
pfeY3ip6FwbZBrL8PKN0b,Im8ADUP9iRCS7oKz48lvS
qHiyREFonTJEbzhA-WZKZ,7a1YEEn_EQ6W1Na9Yhbk4
sw65Uy9gTdM-vS-zT1mRA,Esj52J_y-tZN6TTljo6L-
gVFdWurtMtXh6z9kZixbu,IUpd9LFCeZ_XnH2ml3WxM
_aIWZ_1d0vAlE4vTCN6sV,W9ApHU3WOL9TL8tfjnkdp
Ez1FVu9vSO-LVJw_uJpV-,TKusRvbwLlXBj8xfLyguW
vHWIHV6cLQ_NIccBt04tY,fgYNRsd7YTy4smkg0K1gV
_mkPO2Y3-LoSjigB3s0Dw,mprokCnNfHRVAIsMZc-8N
pPjuvhHz6YxNv1NpF48DN,7SVxCUxTD5uCtvVMOZD7j
Dbs3OIHhycfAXaX28uBbv,7MarCsELgVLQbcB5BxYwT
dazskZgw-Lrc54vO0EL98,bxxZbKfKZX5PvyI-9NXyw
CPlS7TD6utaghdNe6WDIO,tpfA4YNBBrM9w3NZmRPa3
E60Y1_efTRRYVkDs9IKEa,Mj7gRv1y_-olcKSqr4oRo
EJNDOQrgz5hVof6WPlKCY,Slf64mvK-GZHKXJ_p0i9v
SM9ZqZ39j3szuLl0tkO4G,IbFPzm_H5bvwB5trU7_67
B4spkmczbz6sXhxflQKRR,SVb0mpDTkt4YOPCJkZn2z
jd_SK0CYtTmiKAST9at3O,Pc4Yo4UiwkfJ9ESNFDwyq
Ow6ggOSxFxUUtQ1pwFrYb,Xr15roQ0W4-QRP0bUbKis
rwPBz0UYWqgjV1hXqa4Jy,rEQ_kmkl_qJtNsajjzX31
AvHT9jeeqkWu2VcHybeNW,27QGNttIJ4C_3VBEW0snn
BPB8SpFX_6uSvzMtr3uwl,Qy1KmrGLNkxF2k8OT4FQl
HYRUetnLpJGH_xehqEs5H,SnZg968Uw51nEuaYXkdxr
dPA4uHeUFrIEI11ERS30E,_2wxYA95SCZQ8egLr339E
EQ39uPhsXYgYy0UPaGx6O,y0bK4rQPo2iQuk-V8Agke
6Q7rwSk5-ECWAlbvP1a_i,GlYbqT1cJYJ40ibP3Ygyn
NJG5gE3HTCXkT03lF28JN,54zlFUhEasO_1UrVpbG86
xzoRdOXjxStENlcmkHIdh,wk-uE4YjCMym8DCG4LhyQ
l7n9rKn99-U5Qf1IXR2sQ,sNh8DAPqGT7goDoamU_Cr
RZWRUV8dP68bM2oWhZfO9,ElSQRSb6IRGgTRDIH8iwS
BjSaqfYdQeq2lHz6puraX,A71Xrllk6JtC1nCBbTwNw
P9YLoK05vFGNze8bhhPv5,f92PiiZ5PRWs4veZ1CFl-
8Rm4Yy2HA47TDRj_uYE-Z,X_nlERyLd0hUIEM2kmRtW
6Bo6FTvT90_7oV4iTODTq,ncvZSwjNM-RM7Qb2OwX1z
w2H6MKH9K0H4oc5C_JcW1,dNaUTLOWXCNKaDQdsa7bs
UqTq04vxOUcNBeGSdwa6h,h68_9wcH-dD5UDMzyNxwh
nm_KR7YkJEr_l681P7I0A,-J7L2qj-a-FxZdg9NOk9V
O5NIuGqnCOt-7zYLLWep4,sOlLDcn1KLnngFWp2gAtp
GSBttYUxeWgPNjSvo2wnB,CZ_30M1lJkzR9Ka2BxtYq
4UB920MTt5tGQSzLwg6Gp,eIZorgcWhPD2bI3kw06Mt
aSoYQlXmqMxXLFF1cz17G,w65CTz5tjJbNwA1mMLMaj
C7CR0fRb7c2X-PZjY4qrU,17IgHMr5VE0tC1CQFlPHz
wlzh2Vk2shFoFuB8hOrGB,RIDCcr3fnRfKKINMnGetU
HcZOp3ngAc3w42Hf40OGn,UxZpujOJUNaCtIjhpjbCC
17DKkGIDZAk2PgKCEN6An,W1DmmkZ6aHadB16mwdQJe
rpscNE1KVBCpB6Ay4Ssx_,gqHYqO8MKBsaGrWPvYLTm
Gftkk0JQRy1KFpdMSz8tZ,nKVqIBm2TZXC4Ab0oGIUC
2dF3Esy_LKbEXBVoix7pS,B_fWkqVHfCxv9DJB10Pbv
ABvAPhhYxyxJR0ukFSC1n,2QEUFb8yivG18T4QluY0q
A_ly5GsQwyFsqbcjb9m6z,QE4S2EFDpbhNsUjgb1xyD
dOYMyRVB06kAE6FPjSH0T,2hxeWJe1FX_zM2nVqeyj4
ZmKq9XWLIhrZ-y04HPUiE,UkCuKbkdMC12IWNJ6RZs_
gIN73TSHxpOIHnbC4wSP7,9jvutUSbsg49z5cUDDKmb
aOxhxIqbBlX8Qut4ZuQBd,yRrEfWs8I1VYJM5bfGVxA
kx8dR7Rghl4TylnNIXrQa,Jz-OQQr1FwAGz0G50IU8M
5qETCQ7J_5hoKOOV7YAr6,v1csRoMe5Hfn8dVZDA_zv
d3QJL4WcJRpicLegVEDZ5,-hVLSy_pzLNaUqkP-Sg-A
XYDVmWFV_86WvrhE9VuJH,KIvrbzX7th1vskvRvQ3jA
t2Xl10gpFRiSqX7EBkxDP,gvcl0t3BQJpSnWh6HL5VO
15X8nKjQRlh5SpcVX7nlW,D_MGyitOoWW14TYqy5TUc
0-c-eLuVrq_h4lOKDZWl6,FN_pzhR2c-JnfNFd6WMcX
t4dYY97gM-3Hhk8Yso2a7,_NvBVNCBUu801JnQhwTJv
ZfRQYvJdVXIzcGNpkeuuQ,MGxnxhBbaHDO9HqBCAE7S
9cTfcn-5c4j8Q9GJJaCS3,YQpWZGzmOz2pquLtdBu7d
GdXX21EDaYT833kRFg_Ni,j0orWRTjgUk6sOeGRoYYG
kLjREAKF3zgDJws6O9N8V,BSuGlf8ylFY3PcnBexhoJ
dlPkeiUJHp75OIPcQeFXY,MsXt2Ltz3563ZnzviugvQ
bHjTwDjtw5MoQTMu_C_Hw,INgaDg8d28pYIbyOWucDM
VGecH5MaauIz8IUWiLq0C,WOGdvht867plso-9AAawu
P_aIULWKbNz7K-hZyotAt,fGhnatpCepJgCrmJnb6jz
m5-ytmvPnIsAHkhlvseuC,wc4uUmW2T4I83bUS3n6nK
Q5GDfpQrurYpMNkGYnc6Z,Guk_tFZgtYkXHHFuyuFAX
oCtgaBQ2RTiKlAHVtZ7kk,YXB0ML_is2s_VDKDLrxtW
A0sOZQNIG1sCbBPzA4x-2,4YaZQAe4OJv7Dm7wKXz1y
uaATHd7cyxoLv56b8Oh65,C0VYgMobu9EuVeQnf7Jva
dKcMHp6yHYOsMTfUN6jyL,pQQGIJpFII7Xt-KEh8l8F
lBi82hH7ZVEnHC8QIPYr2,f0LsecwozYU_sMKFKWjXM
Iioh4AJH_0L36otb3E6xs,HJr9ay8TFGQLWrs9NpoAI
Hgq57b-wRQaOmAxClzlY_,cwcCRKgKcN_PUypIq2aak
nm__uv2CF6yg30rYii3L-,rkKlH6Vn6aHdUtpsycqNI
Czs__NukD8t9oCjjq5nbG,6gjsaml-zm08R4O0jLXOn
zSOKq3nio9m0tCU9vDCi8,76vQgDdyuyV1zSMoszScZ
JsrroC3oLqGUl4TeUD0He,EmthUxe6LtCIDh5VTalqq
QHswlIulBIDO-5OxkqzIY,FgKA1ZBlvFL4ZwiHQI9cn
aCmDd_kVg1BcpYG7XXeBI,8s-7B_ZQ2J7Stv54Wa702
OOWbQgpfRmkdZjq7ojggd,0Z6ySnymM7s_FkEbRExe-
-tf5dzne2NdcBScM1rJei,jabJkKn6SdXCTSA3SsMEk
MhIGuTsUpx9zc6rpIow5l,dCExpN3FkV3OTCGyUu3Ck
EBW5K4uSo82fwhPl4DuP7,Rq0kH-unplHWJRGHLIy7a
p4h4AI0Txuj1McY8FXmPf,fPFX_zCIBhkOmHynKkdKP
JC_fzK5_jkuurZfddZArR,tLYxAArS1SE6PTGFPKgzo
wGXHIQbbm9aUdPAM0z_X8,2VJ8rW0v7IXX_3FBb8vah
QN0EOaZEwlRACwsrB3AJx,zqIwNc3PJt-ZXWLY-rtwA
jymOJ5gz9QyMlDU6Tjb7M,JW6jPNh-OI7jT02rtmqCx
TFsN63U2xFlshTflCwIxQ,SnX3iOjK9WJqkS98c8xGC
LIfbJHAxn9bunw5Z5P3Rn,ORYH3Yp-PYRHkLCDE4Cm9
my7wnF1cwl9A1dOxc-I4H,TIFqtvYKI97KEGPL4vAx7
FYSiAALGaKYjpupyflLnb,LrEUuQyGoEFO7zfG5qDBq
-Zjd2nFpiQZnDMYRyvnY0,73_1k_lVNMejxMpbHvv-J
9-ZsP4E5MVNpMotwmk5V5,hLCx_RUXs3Gf8GjklRLKh
bx3BPBMpFo0jfb-YGKcGa,jcM-C3RNKdsDm7HjVVGz0
rFpJ-HH0TEHimGSzRz9d8,GSFFXSeB8zFlaH6w3G-ov
_wkyG0T86v93Ig4U3uqvt,p8ej-fsRl6mnpj2sVL7sI
iOAzo0vRzDTlFfCuZyNCu,XdVMxkUvKrSB1bsgl-_gD
h0RZM1bTAE9bEZgmAPtYT,zI0d-Xo1LTGnayddOtXFm
a5oun98NsuncbSLnIOc7X,b5VML81CsydBbbYMPJghg
SSb0Z74biBvtjUfcZm8dt,hFwVB3ZEDWitFKiSjC3of
ImthGAQT67ff9OcVLeSpk,1kvd9RYz-AusHaQ9j29yk
fCh1QxyZ0SliTahU0r8Xx,NXL3Gn60gSlFImDpDTl68
JqxXO57xCkbqCB9o36GWl,iKQz_-QzoFHyPhVMEtAS2
sREb-e1crpurUs_3RO1dE,_WErfghGpRHLxwgUtzP8u
4kNNBSwR3MVelH71d00rU,ZUkB3BXLwGpFAECoe1H4u
HDimK3SoInJRBGg6otUup,BTc6-Kj5JDzkSjXNfeOOP
vu8MgD0X1RKFBpUDTOSd6,gXwsAnkGOVbvEpe7LIjtq
xyUaHAsrM_V8gbnLyJXMI,DBRM6TDkcJ4CkhYsXwmPn
Q7m9h5RazFTP_MEGzhPYz,SkUmjmNSs7YChukgW4L-l
HoIA3m9XrL0MpIKFYZhM-,zFTEYbhV_KpPDLdF8GbBr
GfSXzO0NCeIKjtM0mt1du,YEMGSyqI3Nfd8vkGUzEq_
NhmVbKqZequQ2ABUeH3AR,6mu_O-9pq901_4tKtQ1-3
LVMvLUIgPaLfJRq8olqWA,MDwGtyr7sFUS7HT0KoRxO
FwFEnHeKun0_6b5eqczhY,27OonlpLYbigvPVPvvQ-2
kxi5jtNO1zB-VEmhlq9LT,d3gwDRSQtDCQ4ElAyXz5-
-ztITG8q33Qmg1-4J5PZJ,jzMREckKUJn5sCR0i1_qG
_Z17FuODCVtsfcJhwtmfS,6YQYNef0JpGxnTB2qO0w0
uSSECrc4McVzQve9TiOTX,OkR0ZVU7hqxkAcz3e0nTX
usM1h1dw89PlW1-SOUwqb,vy4VXYA-zrJCfgvGCDK1V
pf-5tMK59blUNy_-3Y3xd,Cld9VO5CAZNlHJvky_XvD
6A_Y7ETN0s1oIvoxJ3GgT,5GsuI4841O1dJSkRqCvvY
jIUf9KgZ3paLjPqmMgQQL,xNOyFz8UyB6s9jTr0qBKT
RTuABx2BidduOF3pHn0zx,yrOGv4fenFHiBcfU-txOU
ZQFlb4Kc9LAqjRlcnTYLl,31RVEp-XVh20MTmLwh_xA
s_0C41YldNY5LeADfn-uM,CSEDp-9EH7otIZerDifyc
TKlWivUtXU_pnDzHx0Q8m,c8WflUQ0FcU5oT8CQZmsm
63ZRI50iMcYOtVlBnVNYs,olkZjJU0t6GptLx5bLujU
MQW4PIwFvH8kl4Ysx2gUM,FdGKkS80DXibkJAmUypeL
RxaMkz9_M3PVnl2sK_2Nm,lt0mLEqIn9ql1sC041qsm
G0-yPVg6m_4gFzoflYGxM,2xUE0CJ_OaVbdCykT9alH
8_SYcMXM7CotqdrllpVAc,VeWkIf-EuXqdfN4RphEOk
xeL4yfZ97evkVniVgg0s8,Xg3v515FpmxeLDple-Wts
JRvz3qmjylQ-L_cI70cG-,AKMmV18ZkEDaBli4Pgbsh
Vw_0gfwHWH_SslnOrLQFg,ZLS0XeTZShpbClkr3iA0t
aaOxU8yK1g2S4ZnH7OogA,_UuqPiqBbbxqsszek3NJs
fglnajuzu2sYE6aWvsopt,eKwYKJ6xCMjI1GtLFRDJo
-VwDEscNSvfVt-nV2UmRI,6visSXGy49Uvvfm6EnW0f
o8qf3QP5l5zCJC7-5778m,DW-Zo_MZ5N_K4JDqyVjZ_
dVvOHv9RvzDohnDtRZwOu,Zqjcl_WPt_wCb3bUrKPJv
YvM8BhkM-ozbpZMmhURqX,86Ng0kmJWlVVpValegE0j
6TMIAsvR5t9diJWJH8z4t,jqOq2jf8I5C6XpyX5Y6SP
qiNRHTzKP4iBeqkGlw7yl,6XCDQ79dBbp1gAsQH0wQK
pfjAOi8W08zjcFTradzhR,MBaVjfBvOdz2PHH4SZw-h
PhsEboDcw-X2J6cGbKKe3,8ysHAQ2Px7MoLNu4Uiis4
VeG8yMOF1hENttXSoVInK,7Gdt5odHeDPnfoSwgMmuW
dX7SA8hitrhoEIw2wTxTm,7Mmm1IhLi5buQ1TQ8RP0Y
J3UGr0eJvKZE6j9P3qPbc,ZYplN3AX6BGa_Ksot8dzA
jb0vx4ryDOb-ePuEtciQg,3TMAvCBGo-3ixY-ucdigj
kY1Z5lzgJQWttPakfhimd,a-h8xrY5P1xt_G5o78qiW
5F3W9i3Pgs4RLCEwZKMrh,aNonCQXltcHjwVW_ieWot
QrvQ5ww8EmeinwETrcth4,bubVOy2oNypWp68TlMfmU
IaWuJ2fStWj9BVgwlNW7t,1jVri80Q3zWZwgFUS7cVX
2XEKPsQTcMwFbhNPJjnku,2oHVrha9qSkbnz7K7IpBe
koLMqXOC_SgUp2Ui-Qog-,MQOGJOJHcpRmG5LNfRdS3
zvxE9zO5OkbjcyBbcy9aZ,rru0F2_oMK7MbZNkf-OCd
H3wPlpwXkfDd4eBGSMlWM,kq9IXbRldK2faM7TuPDKs
g37B4nFOhNmhjmZPgPZ1S,28Qm9in3xdo8L787Y0Ail
1lleHMhZf0oVUDV9vEOcj,XrdI6pu_Xc10_Tabz7Xfv
Kk262kW_ANLh4gIYgdkDc,kzhD1aWPLYZ4dfla3ShCc
IRAju83S6jV1ni6CT4a61,-QqbY6QG358ec5teT4C8h
vjrzws6dufzS_SGYohR8D,5R6jSO-ckjP1SGzG8CH9j
xPGrKAnNueFnHa50pMUan,gHihROFaH71ktrRbbdK-K
GrQuRUrsJpTbpc4PHMkvO,-KfSqXDOByeUWqcoXD3Ft
ER0yJ2rKFiT_ZMveH7-ar,5KgBdEEEcZ48djWEZnw41
6hP_IJ3D-nts8iDR4Z7e3,qIuxA22acjPJG-bSVVtf4
RysLLpn7pc-LWNecWx-HB,WlIukmGo0P0F-BGchoY-q
BXdxs80QIuhLuHUYnGnBu,Xv2NDrehT5ZPcRNsBHelE
cWaP7M6Socx5T9qY59gsW,-OS-AgKO0OagdtN-Pg1zp
raiT5CB-4ZBoIH4lCJ8s3,90ZktzrVDBb_qzq95F2eS
Gn-KwLuFYSixf3p7pJr5z,53yFeF3NSsCDM5sWN3VRk
RlElsBk37vs4bPB9gZnXb,R9cSnZQ1Mnk4kSNMteMhP
xDlnI166N7fkHNoXsUeBZ,ZvV1cVNWkY_9Il4QaPQbn
Bq_kO6fqzq64vQurxlGxD,-5ZHPWxiMjkmo1nM3xQ3m
EpfkE98TJ6MuyXfNgX7VP,lcap4loXJG9YjCcsNWL0j
i8Kd_vy4riNKxlNG6C47n,HEgAfYz9ab8Vpb0jL682l
hcnt9eaBGkvb0z3SVMvFF,lC7YnokNYRhuizYZBM6A5
Q0rg4q9e-doMuSMn2zy6s,EuoQPtbJfiUI_7hqDgfPY
nNDycztDzVpKRU3vLyN6F,nf7O44gd7_sUkM1_ljDuz
4slnxgo5tGRO8eYpHIoli,JBKco_fA3lAR52YQ0oOl-
yrM28N1s8e6bt5fivhl4Q,EeL375kEy5Tz_RaVxfIAk
I3mG0fOsDKpyDG7b0tmob,pxa9b53e1X4MGDNaJvr8D
XZ7o4SFDchgVPgIbDFu4V,SdwDwAkpo2XONRIz2giu5
Z8tXLXzi0vd_VrH8l_Jv8,gIZr8QkrDxq3I7YDhfPgC
NyBsSK5lZ375aWPd614_8,1uS1spZh8ACoXAkagq5ft
nMDKY_V-TaNoGb2rR9FeB,JAvgewNBYET0P3ZmwwPmZ
rmpVA_94X26q2mbBgY8aU,5KjRclBdwAD-QIwo5l79K
WAoOc4XaWV-LO1MULq7q6,JDyxOCD6qZCgsqWSnYc3s
dza2gcBK2p0_cpc1FaWHT,FSpArvnNK298NetgX5JH-
Fz7W6jk0VzXk_1iVkxBOW,Qi1A_LwL_YiVsMOoGfRp8
y_qVABjEerSZ6rxPGtRFL,64Ufmh634s5jtwLzUmdji
DWuVlmAy3RrAkmntljLUV,8X5kNTLCNvCsfpDHkdhOa
SjItfxdi0KIWiaGvJB2X0,KmW2F9wDRNRxQTdUqU8Kv
gRF8fyI4RyexTDUDFHobg,ak4fbtwptBkANUkAfD0U0
CiM0EsoPArTndQ8x-ZFvL,Vqa4smDKYJmiCU78MFSjg
zGmI70SXM5g9pzGCyyWa9,z6GHc62_bdTmjls9jTFKR
XCIBzSQDew8fWeILRbxUD,cnIJVJ38wuxLinmcPKhFi
MGYoNiaQk5m42bgY8_H4I,92pcEofPUMDG5x6h1REPY
xnYh5noV5kyknGdIC41Y7,IVQNkIXX2wHfxkcQnxqla
-QpSR8dOgFtSZOtt3v2fU,MZYdj__jyjCGcxNxhnSLv
mBx4mTolN6F7sMtoLQmRI,FwXXvHWVg7vVLfL8P7UZE
UaCqsvSKd2wzfDTLbgAhE,mSpc-mtPLrHhmw8QTUejg
xMqK4W0GH8u1XvpwK3wKd,g0eDyXFqq8MXxgR3JERon
cJIOAyJh2y_8QhjXC1zWR,V_y-S2GWEq-fKthXZ_lkk
JXmj0WrPvtjH0BEKJlFFa,iVvyM4fyV90d1Ga_s3geF
uofj0-wdJAdUym8zSLEk6,ahm2OUnxS6rWInMj-Ykrm
CWyCwplfA8pqEYw8NUKBa,2v8tYvE02RT92Yi_la2o4
lf_tsCIy1UZryOfDZWbhb,dUEjItsDw3afNEKbMnPSS
okhD7wSPrUVS_Ih3aRBjj,FfpwiyahYNkfMtf4k_Swl
txiSC99Sh3D36zkPyfPsk,bZskcm-rBnBzxHZSDKaX4
VhPZNd2lXJ6CgMO5ma6S0,T03zuHh7jsl4227wsKFFB
V0UszVcnHzexJ-cwFhWfP,DMgZJIP4YjjoAdCaLaaf5
pcj9Lbr1wT-ZFTy6g23hw,TEBCrQGBG0lAyj9_YXp6F
a98gB78n7PCorE3KJSs4y,kEbKfxeT9ZjnqdT0jIFuE
yGH9cz_8HHwh6EebLmSk8,IFmU_E1YPpsIcTRbjQcEH
gH_-PnLpvCoC2uIs6-PQf,FSeD7wyDZwMOLt0Nv7V61
E9lB88sY6strPaQfCxyr0,K-x6nXL1aZP_DozZgrEas
S8c6sMU5m7Ieso46nJ3hz,KjpS90NRakpVA1tEwO8UI
r77FFAln1ytwE58c9_flY,vjVsSImXuB0HAgObXXop8
lD0Yd_iwfH0nfq0ytr7kW,NQC95VegNzj6dONG_hJr3
YXYSuubHe6JZ8C2bGGSz6,1dmd5BzOIaC37ruFyztqr
xNx5WdrrWM9YblFyC-aCW,QcQCYE1GYeAFrjMuRFSE_
wHNvS16vNTxpTyEZo5U1e,DUpqC3ufG-o4ZXxJ58fSd
p8ByjNOsQu-rGIaMBnhQ9,JKcAVwC1BqiLqzzR1jiS7
KEbtfn4caWsrAdzJI20nr,6IC4cNlRqj0PYhp0zURSt
KXYBwPQwxFLp1rL5iELRN,I6XkIxhp70NgKx3S5Qp2B
aaPiUA3TkR50-twLbh6-j,cHJ8iP7fU5XgRtjeR41Dg
jKvKsErZdInOX5l2k1Ekl,vrsXr4CAkGqdYHlyDOxna
lvdgIoBmhIpt_RCdJ2Lai,AFUXeA_R5vtSoU4vQuWob
Yvfcs2PqlFgZAXd-UBlLN,co9ukJtGWocCB6_EH0yge
JnTRjHMQ4WHPoGU8JFuy-,Sf7CuMb7viIF6Wq8pbBUW
pVBLWDA28kFsPchejfCs0,YBlNIH7y6RxEvCp3tW3MZ
GVeDe_JalIA2ywfGhUkAT,eyYrLvjTANV-idT5kShXf
XE5Gwof0WwrMLi8BbxkEa,Qv4VRxVcsj4O16yhRewUY
kBr1vJ3jts6oZHBMkm2gN,xRd3JdjphicMMmfl1C4RB
rxm8B2yTwN7ZE0JfnGK9h,N-441WzevYPZkUZnwxoH7
H76B-bDQvmGAqOBqGcEa1,XcBMVO94wSFh3fdKV_inR
ZKI1AB9QFmxq13vk3qMW-,J5HrOySUW3rHvkoU8fPhA
zT8Ig5KlInRgnd6QU7Zqp,WZ15hC6mXQnu1Gk_I3h9G
oYvyHqMIZzkcWIR1wa8rL,gfoht4T7yd9jnGmuN7aRl
p68Ls5boErneunGpBRApw,-lcCqf776fqFm8IiGLbr-
ZhFfi-9WXUfrz98_HAJz4,QH__Jl3jnkpqgHrxFN4TJ
nEY_XcsyH4dGdY1_eOOID,UDffPAGJkzSk7nMmOUR-m
Wliq-63miWpucD_CAOTXS,2orwrJoon9In3VlGPTLWB
Q1deyLv42UhS2vNxk3jdX,a0DRXQ6i6cTlE9Hc66hId
3EebS_1ccoDZ8RjZITX6o,tRIo11vodqW_mbeCAP2CB
wmquXprIqI99dqjogYN8E,zLfPVDy2QQqr8cw9oL01_
h2z-MlYnxH0Ro5e66-NmW,slccJVa5vuM7foIA6Bkxa
cr2JkSrZp06iLfluPj_xN,evCLtx4oF2YeKxFmPYwoF
9JMYIXTf64RSp1Cj3Inrs,JMnhc56rb70LNsKRwoUSN
oLZNE-OtPe0S8xJRkR_8h,6cmC6tv42MalYlSOXwac5
WhU5F68bQyQNtCA4x1jIj,-O-B37pVBnPk_5WIvvgUl
c4EszNHTGmBGRW4kGg9hZ,BASCptICk4vyiFpYmcvmL
U3EmmJYm7e3PKtf2gpyfw,UIQvIekK4NL44BBL2_Luy
8FmGKyTi2azdv1e1JzM6S,gy5DLCxZgpzQBcsd7BvDj
-lUZT4w4fOZp-rdXwkmr_,pyMgj6M7I8o7yCBmLsGX5
shAY8PsSLFeTyNSuSXC4l,aIQGgBEFbFLOARXxjYrJb
gFzWXxCp4mD_A2UjTfAh_,m8OFwH6vyadOTffg1txZw
eymsbdW8wCci9R9jcdZa4,c4w6W0pw6iRett3GaVI9q
6av0DLZAamXYS4mJJNkOh,lE762_TBXxVJzd2k0UNhy
-9o6qk1f4-BzWlK3y7f_p,CTmZJvh6RMcn2Ymi1SU8Q
XIuwfAOQQFBLUWdjZZp6C,KgfVsvbjrNlxIvVf2sbpJ
UnjmYUtfPkmFI8x60FEw-,WUI-j0ARpRl3J4FTAE0B0
SnfJnjRpx4Uu6yYuUtkUd,QGFLcuJcxjuRLKlM8GA02
iGGVMd8gMTTDE2IDEAWRM,0MmR4SrTQ4Ka9nnB7M_lc
e-CdHLGopZSzFks__oOoI,tbeie_NYPnljIUmr5OemA
Jr6taf40udod4Cgf_NDcn,7d1BkemMc_R9Evh356OlS
4q6ZAszVsMsVclGiu87HI,uM0KmpG2vaF6qpTxKOlel
hV1CBfSMg-2LYAEfEAZ8D,AIOYmMy4Z93jLd62CMHwG
yE9yVHdzxlfujpooPRnd2,VhkVTFVJFS-3eobgtKb6-
hkG3StQBL95S09zrCzdCm,5iWX8gWnmFJdJcRq8fsTn
wgAHr-MldZKuxUQqBo6Ba,vrwyS3oMx6p_5VTopE9YG
T_rKun9QAgAWYN21_LgFJ,z7Z1d1W9omCxtyWDue_0-
597KI2c-7yvoN_4fFjCF1,ds5-SmpWRhWcSHer9INZt
iH6anz6SKqDFuTnuLbHvm,kPGeBZO_E16PUtC7G2UDr
tdzXSJkeC3u6uHtswhqMz,JmcBHa1VTnraGLoTSnJk9
2gOJupg6KLmaDe-vDAK8V,3nd4j8nPyk9XrxHh_lAH6
zCKF6wgUDU0nr98kjx_za,quGg_ICdLWJfGOs3EknoO
igjMP9XilEmFICP9YktBj,HeMyOv9BaWl7Oqmd5p-Uh
OT1DyAdKJROdORN51g8ny,ycVWU-ZKru9mW0-5C8UGG
9bB4m7rmfF_9n_9ho8-Hu,LE-9CyWnXido9KOlStNH_
hOxFcbi-WBWoH28gBczHe,oFl4q0QVx7PNtBq_OdulR
Mk0L-WF6eospmrnrn0ehO,fM77VplajZR7Gq0shdjIu
JPI4lQfLQyqeI-TK6y9PS,p-e96dNuO0GoXHHBJCPio
tCiuL3PnuraHGfi0m5VhI,8rU6ihq4OIhrceDSfHYG1
rc1blM4AkT7b_dFsIL7c-,S8pXoH7zTG74olHd66CSl
FREPoP7xyn67sTnKrNbMD,qL25sQXvcE4kLshi1WodR
u21vJNgd0HRt4pIgKpbO_,MdsjJEVFrGiqyhgt7ALSa
jsyW3pqG6nGzxUhg3EaX2,jO8b9rnXydIOtxtjxmWbM
KnrzEE4QMO918kD3FDwGa,uQeYZXN5mG4JLqahWuMyP
i304EuLPKtEAlEXvGyncV,lKWmKPVnaz30QdVqWk72j
W7FGrvEQds9-g8nr9JRgW,D7ptTOg59pNiUHaheVWFN
z_MBWzkIR5__CtM3rwYYh,hrkh0RyzuScZ7YUfLK10y
fYY0A18o0giVvWpB2q3dS,CChKUIIVdfvttkadWfIEd
ghdSnF0z7EtdxMpmC7XBS,U_Xl-V-GBnYCLYebJOW8r
CgEhvlGnCz419oLxpC629,5kH-C1amI3VpXMfdrQoaO
lAerpIwl9aECuZGi6qETP,Ea3HYtJ-EYBhHV3eMHkQc
ztrDfahl3glmALsYwkwaF,QtGn6WHaDHcdj-OzJ_gQn
puhyBIidJAbHEFzKed7lX,zYukJS6_FxB8KYzr0LW9Z
YxbgoGHLyOrrbhYz5lffU,H7TnQiwYfmruoHWssc4Bx
RlUM2h1Tzk6iLnB1I9gct,VphzeuOSwK8tVsZCqi8D6
PBRhVZ0-wi5VnNfB334yY,y2J_Ktv06eO4Ek_m3iCJZ
Nj6a91ytl4Kt7dqNADqIV,3ZzQ9bTUawXVrJ3EFlBAT
FUlVOBPj1HP9dfsA_udi2,LEOZbYYigwbRZVZ98bgE3
lICHdAnhBntREtcODLlFo,USB2qj54PhK-a6Hq4o4Ju
w1p3MaxNo-bJojgy3G3dF,BGA9w0dXu8GQrJYKAVdqs
j3J74GKvCz4uMCCmaNQz3,RPT9T4nG76UV89Qe_0fR5
nfE6rREqfz_c60VCwAfPi,KgQnD4qtunHxi_DFEjaPQ
NxqyPvMm0OgPVVx_R0oGd,Y_ISrlj3g4y9n58S_-pKl
bcnRVYvRoV6mZbW7mIqlT,1XDRFjRQN2cLRHBY-EM8-
GdWf4OVdT1VCXjJF0Hbxq,IZBZkMjVn7lZ8TxD1woac
ilfGGLTZdwzwB2m5Xavvf,dabJkHQGYH0oY5p-03IVz
LGK7KniN8fwUZiHavD0f5,yXoglNVUJFoUd4rWy6fmZ
9a5vxctKYIxxT3zKGuatp,24AujZ82LpxAeXpG_W88f
ZGcgQEqidT5moruTzs8MI,Rgfq0qUpPPy4k9_vbZQYM
v6_BCiRtpkvzC9bw84MEH,OdBS8V9-cyGqJDc2pTM28
6uExW-zasv_IxTOGFWw-m,6cAhj5uJDnVCiaThSlVrP
rHKdXKZ366cyad1-1PJzf,l2gPhYw3svKxaluY1pcS2
LOe46TtfkpN4B9raYwUK3,vXeA2pts3q7nsju06nMGJ
SEEotIPFlNtSqBQ92sdYh,_16P3n5po3sUvAN7dP9Ri
1WEN3t039rjC1tGWmh-E6,3v1RI1yXlW1hLT0zRrgnM
NRC52Ru7XlU3GnEDpzkVi,R0DheHN8FlLKmFc-jFdGv
3AhYPHC7W7LQUZ49q-ISB,9DzkQfn4N1mtqW-LaBxzt
woj8DLEKmYYw8reyWRT_c,Nf-KOfMpFdi6Q-Q0PZxn0
3UilA-nMqPSuQTYfqKZh-,S9LEomX--6dQmgIkAoIm7
4y921l_J_wuiW3w8mPfri,3Rr3nd7xmMlDy1vOw-L7M
mMmKlFvkLsRcpqmXbpg-P,JJn86AKW2g1RG9s9AbIyA
2K0Bwbqg_E6O9afEGuJ_E,Vl1g0Rb-3teubAg3P2LPm
mj0G-mIZVe1WUUWZP4nc7,DULyCYdSGRCyT-VALx3aU
egW0Ta_eXu83wcoLqCm5W,bh3axWh1cdtLGA9POxtFI
M4FCBdxEB5_zeiu-2fJAI,6N5s1ASnaT8TemkfF0jkE
yPnzOFtGAmNeFLUheKqA2,4KWtpyXGrVSpWJGer6xSL
eGG_1wNApKGtTRuTwnEED,os9BwhudUhfcPhbTTej5-
hUzh-eFYFxHYJTTyM8EBG,g9duxpGF8-JUbisA7C3Sb
ZrLEZc2A9FI9TXi7nPk31,ZfhMXRVfcV1yF5TzaYW7m
oYhjDGJWGZi9M8XCmTMai,bQL9BMtJK_V7P6ueUhpik
d27I0gs62PM2s2nhD50s5,WQ6jYzPV9AYFq6YQwUc2s
5imk_4YcB8tNH-pBDS-1h,YpqYTASfYv1jFlZ3iR2tP
J7gfE7q2MHQcq5fLvpYbF,SSoTv8DJDiFyKjC9tRUGD
jBnLTg3N5omdwegwM9LYa,WdpD-1POAogojWFYgudr1
GlVpxfomDPm7Zr8wyVE1L,cpV-NzDVCn-h0zeA-nyvM
Afdjk2GmcKdY4HAnjKUqJ,ICwmiLCCUEsc5-bLgDd9t
Ecn3bZufXF6AgJa237sLJ,aYWagFGlPqYLWniz3iYgR
gELP1f4Crl80ctZLa7UP0,1V7SEJzRjFmMRJb62QiwI
MpZJpUOStQPHktRerfAhf,1i_TeUjMAGUTOJtfmHEU9
RPxBkrYIXTrLPBUjtwaZD,4c8Eg4IleekpMnY-dsGuD
5JBr59nmCuBrpJU3-M2k_,8dcuKm-2GMseLNmct4IUA
U-4bmeRig6BwbeQbMU6p5,B3QzIIPoRjfQE7ED6R7ub
00QuHaY24kWtznVg4gOeF,rCy52mG5vn5LKnADoLsGR
ktwnuMT0dpYBuzF2h3vLq,aoLIQzq529rwmnZ6T7KV7
AqKBqISC5ynf7ckUVYqnu,BKnDVIQ50UWnIqUGB5Zc_
GnEgBRd84_0rurbBOBrTO,lnikeN83C1e4uR8Vh-8j9
RGCSaE4UQ2QhFVeJnnson,pHzNXStbebqXY8v7Qrc3n
cGEEhxIwlvWRcZWE1k2_K,7pRsmPbJLC7onACK4gsXI
ABrPNp0g4gg4beujkADcd,E3jlx8mSLV0fESTVxpgp9
Z-eWlDHTrVYuZmOlyX8l4,n1wWgAa2g5ZoKe2YehzVB
UbKXdHgF6h9-dIPrbeLNo,GP9-LHpjCVz5V7a-Vr6oD
5HnHB3aRWGAEmy-PCNiOj,S4jqgWPErTr7fkDfLhZH-
-xnSy5ciy_Y7LsTZAVKnj,Dhw8qLiU1QnXLB9D1co0U
ZNrekp9U3l7wDH7JrsBic,mTkhpE2FHQ9LklZ-ur4lC
hw16GjEJ8AlcgN8GgJnTL,GzGp9SjsJpAPcoIHh8vwn
mScDJR9vBf9fZ_fcNai3V,VsX6euES9rUQUEljN2RE6
Fc-HIQ4js_nbxo_ldeefJ,QaJKm5wVol8RcyWdhM-9t
wK-LiBIDZhQxD9eyCRUOJ,Mw3ExJlt4-MC-k5aKpmsS
iFyq_xuTH7SVgLWEnwfg9,UvE0ghxBihWon-_-oMdDO
6L0g09hWIaGQ2CBb-RQkF,qJmg-VzfxRatKphfayR0Y
c0ADyXGLhHYSG50uw6__V,PC7SNxybhSJULwEhsdVVV
K3MPT9DsLuaeGQIscOCKt,xe7BntJN-upmtt7fUnW5g
ijcjM4I9m2roHJHSYb7Sf,Mtr41i22GJ149QbiQDjIr
Tf2HQ34nvtkY9z7AbGKq3,vVjZfJXnxL84sb0CRiWli
BiqOeG5iSLC8fusILouUX,hpR6hItXIujfLV50JkRjr
susU4FkyRgsgeTVQKNyfZ,C94BWyElxbfQwvUT2aSZ5
P6vX7RXwsKPojA9YIsbJv,-CRI852qu2Z7h9X04nnhw
3AmewnZj0XtcyQfo8VcHV,VN5YaCP5OjiJxbzIB-GnT
i5zhxtYyK1O-0ZOGZx2zN,n_TqEXAX96ku_T633KaGN
amRMrFSrw3TO8mx79cyt1,rn2WB_eH05HOyy8mRWh_Z
ozfVTMYO89wBK6XA7rdY6,kPb2WYwoH3oonW5XU7VpO
6gSESh8tyA3OfzFAB6YqE,yr4XK_rYZZatt6CTL_NjM
s5000NGcdylcFiR0dNwl2,_FcONV4KVGy1qRVyadDL6
MSshdiaO0hp0lVs5RH8p4,_wuLVsrZCfQl-yFCfNoXp
Qv3schUOjrXrOyn9Baa8Y,-bF69GZb1UBn4xYGHbgre
LMWj3LDOy9qcSpPShZz5g,g0ywHeyhS-ij2DVykM3ml
zZnl6sJdjM87E8XV0CfAq,riw5H-9tQEJqge_EIOVfV
ZCDPkdWMECAK6ER8kU_M5,5hhSiLqAcJ0ZT2gt-pudQ
JgsNKuWt9v3MwsQUrOPYh,QGIBjISTMDAsC2OSBwaCH
XvwRSYoHAl5fpxSRVHfXK,MQaS-cv_ptwDZyfB495G5
AMeSNqOVqWbYFBjlqFJBp,Q97Xqn-YgAG-RMesoA6lN
AR0vtcjn4SOQxk9TmknMj,M8vBH3evtoanTxTI7N5Ts
LkT2_tCWVaBar15fxrX7O,-MU0KLB63wch6wbS-1AF_
UCDZ9oL7B5QPFx6y4ZnAw,QTZUlCDuW0_JbuTgWd9Kx
B6b6j27oxE6Stiw-RnIA3,j7ZuX0VHmbdfJ9v95SxDI
XtcNpEXnD1INlTWuTE4-f,_Q7z-_qPItlzJS19HaGvV
QYGy2BQSmjCdbgISiK6Pg,tKHnIIhQ98HoKTk1vqM8s
t-sB9N1yzwLJvZKRUMwyy,EIFlxHIRawzYAdUllu9RE
Nb9aL5Vh7x4kDviVVNKHS,k8waNOoQihsd_eEksTtif
b1IUB2B_FVXkxvblfVWBn,oxFdUs0MzhTdspxZQuDA5
IFKiKuIk1XOrylOtfFBf2,hWVxcOAWZJJ9-GMXDNQVu
KB3mtEFCq1TBgaqf0r3T8,taIR2xnEKdqq_M_ifEZMQ
xfD1wXnHBKudRHXaVYRNQ,x58lvFNj2VeESJyz-FKNQ
17o-QY6mTsLDSF7XUJu8L,vHVOJtLDZK2Fve2JFFPvk
cQPIVPE9BmtG3g6s4PQtw,WxG_dJSM2wNWbb3WPBHvq
cQgpcAZ4g1Xg8IdJY83Xb,at91VgYHIAgZAX7hoMHEf
AVsVe3c8mluU4GiNLK7V0,qK140a9F0cviGW9VmXS6E
GC7vGclAjA8TUbKmuPNjm,7kBzt0n8TPTANqg11W4OE
1KDhLrtSsLN-dLeqn2VCW,7AhWDKI49tVNpEytMwW8U
G-DLQjyPM12hDYMIqlYXQ,pl1z6zfDx2CQQfeB_KzEK
MyCJO_1-x6u2l8Wjz5_Wx,eOJZrUSszZ0xxoJWho175
soC9kU-9Pn80Ra4JJ3hed,2PvHQWBxqCNWJRBD6YdFZ
ldKtVrGe2Lsjekkhvb29D,RfbTEwaUSLzR1RIxF8sbH
lLrzxgr7u52hiLM-IsRMx,-93cY9tM04sRfmaPST1eU
K8FQJ8gqJjlM32bepI_lG,HqhmwdZ6-H-qzy0UYIP_0
9rrxcLzYcxJEbVuG_qOAp,PCNDCMUxCJukf3lhVtNqO
DJixqsjnhOS-tC9nM0n4i,o_1OwTxkvCj66xXEZBMRT
1ZcTklOQ_sfM8Gwzrh_P7,kuCJyGj_MgJl7e7O5-OP9
-u6oEzP3epf8rAGMefaHb,uv8cJmRcJa4OUrs2KoRfq
LUTnIqeLY0mYbnjFB59TZ,Pv92sKnb3Oxq8C6YCPwDL
I-vtouySI_Wx6EYCHtAWq,0QTBkPnTQ70Ht1nJmJAES
p4VGF4dEb1G7UcX8Ub13o,6CjlDX3JVPsBTuIgCrMZz
e3Ezoxz7rJkpAitS5wnb5,-Ig3ygG-G_nchz5Fmp1Jl
On9Fk3iPduH7gqTDY_I78,z9seP2nHHWnSoY50Yt96T
gYbgySGsfapK7WB6UrkKV,RaJIpWHOlgUqmKIG4TJP5
ozqeESUT7IDGNpbOXvAou,ot9Qk_fq-TomMXiFZhmuB
lMUp3TH5OnwTcX5cuAVsn,XOfi-2k-kzuTPhq_ahPkk
NFuTa4JGGk-AqiKu-VKLB,QXSX1i2gh671TiqadnIrW
hOm8hdvuGmkcg62GW6h9Y,UbsAXld409v-nYbVK6b8d
bmm3Ryq6x0QL0ioWx_1bI,x6yRxIOJrEdMOQ_qdH5B0
ntw6aX6H-9U47KjFoWZ49,va57HF3VT2bMHEAeeGmvR
407g-QjI5rBGFDkbJttHR,mosEV_ektLTWghIgJnE2x
qxFf-wmOhveCNj7_embcm,ykEefj3mgLiRboGuoFD6o
ss8JT41MspKDsrJBJtHFf,5Qv8ikVFuiwW0WvlCW8OW
ZlYThl_NBQwckHxaGml9F,zK9SmXyeOCMcHtN9WH8nK
ir2dRVRN6Gt9WKSzC1iWT,F8TrEm9ig6eblsRN-TxNe
OMERHVQMBuC3Ts8YeyQfw,v64zTGZU5SXLtoteGJIjM
SESkEO0nl4fn6okFdhacM,uH-nSm6A43GLxx38DeYTZ
lkdL8W9oe7syr19YJqOPh,Bp4lcBSFefTv-Td_QnMkE
4-Q1uHm-vJA_izMlmz34x,6B5oT3zjK4nVGcWMY5hI3
fH01FOM3KsxkzaRRoErZa,HWTH-G2zP7qjEWcxgA5Bb
o0bosaxzb_puEyu4pvEHF,SZfO6fc1Bx5_49V3eHfwI
hKcZ1kS3tJAV1KUKW4dRG,OzMRv953ET4OuYvxzpkXr
RLIzeXpGyPWMjQlrpb7uK,Lq2c_CkdPQ4JTt6qzcZR_
bN8sE-OYStog_hoEwhwXU,cO9vowBRvTZlBKhySZVNl
AesxAhI0PIIfdCQKGyIRM,qeo-j6Mhbu76p2WoDT7Tx
tDuOjxwKQ5xbs3H5XuhJ5,tAHqdEHFMfJTAutSDeOVa
7V-Wi4G1Yrbqg6SnX24pL,u7FkEj4F9N-xMK1BEPK6M
pb9aH7ud45UdT2RgcwZwg,0WA8aXQvizVyOcuph_olr
6tQAUGisy6bm2YL_k2nrG,bzMg2F4-LzbXOaseArkPG
n0PAQzzMBkLdx0j6R2Qgd,b-BzvuvI7T-XtVcVvRvWj
o2lD9lpBPMbKYNzwEoEtM,W0C-OUkzXKlQq_QJnqpNN
c2OdrweMxTziTBTEqkW9v,wZYl40Sv3SWClc4tNXarb
RGz6Zzg2esIqPfz_kZPa8,FX-ZXKlbJwR-Z3wol5WaD
_r3ZHZC1TeTxRWRjPOnbA,75GNMe07C8yHUb9W5flX2
TI6Hz42xX2Mr6f6Hfqfgr,PyGM1QrGnu-swyQwcwE21
USYEPoSFhEcr1KlhXE4JT,jeroZ3eRkp5stddpnCHal
VSxIbDbolii6cdlRbMOca,USZX2pqLth-AAFuSXvxK5
TgG2T0XhCUP3IdjhPHeL7,wKajfHlkOApt4WV52_9Hb
sWLL9oIQKUpYNr5b6_GKB,oOzE5ws8X7dyQh9_-PoXT
lv3lVc0RAwaUMkOQLb5FZ,NfQk41OKePuy-MTB371dG
bd7CxjaC5k71zB7HHOdyu,QqzuvI7HXHZ3wU2O5NL6b
uiDP4rfDqeJJcbeNB3aBC,nK8xkJiOeVY5WKYPQhFZp
WiNghfqQ5RjDoyIvXmh7c,LbaabNK4a6o4SJAfYhAgm
wClsZEeWlfL2k8im1B_Hk,7T4AAbihm8tU9ooSAmrXs
aQ12JnvPQmoT9hBlB4Rpj,eWhmd3OwWn5DH4MFVGxhY
v-OVoCg7OSnhpdNaM1gll,oQ7C0wEZttp_GiFsYGbKR
saWr8M5a19N8xGgaYRO7G,HmX_KLM9dX8Zk5f6XamtD
8jzj89iPnM8JUnwYVxz-7,eD-oIQOMxpExUb3YYgu5j
HBj0rES6kb-5cfOzcl5TY,jAU9KLANeMWuUDCJ6x7gW
JP8vrJ5fMkb1TU3qhVT_9,ef7G5NI6CEjI4EEHA2Gpe
5JKr-F1UEjZg6rusQZ-ym,pvjwK8FJpcr5Or5Dks4qr
yhcaSouv0mBAVbkhfciqq,9qyICdRw1W9v9sYujBEf_
ex1CPAgI5d71K9OHRZzdK,5hcvLrPKjBvihy0tgXnAk
JaZ_avTwKhnBvIz9-JShC,3it48NgpdR13h86ZsN1Kj
HqVKCnNR9RBL-eLHQ4oE0,dkuIatMOM0A4M9Ty9FtBm
f6kHxti16_6TuSBS7-KqQ,_flWj6KO05XvsMJVp1X6f
hjfgcLISeTJ2rkNCcmIQP,d40SBst8YuPvgGfwKWJT9
tn67Vrl0iiWA4LX5_0mgY,whWRGbKPqii9t3VvNXiQ3
T2sItHWoNxyJqk8Ky92ZC,k5xiSr-3WcxwZt1CIaHHo
myL5DDNUt1vyGb0xgn_FL,XGCCurCxy75dVtMwI-YsL
ZULvQejC7GBQDEOc59eUS,VNuda1ND6_t0Qh-S3mAtx
vwDppPagK3V8-VYy3h7cP,qHRHN3vezxz7iXivFmhFb
Y6-hhc0TeNecVIws6pRTn,nEtQKYvns0qLL5B509R3F
4KQAJQBRqOvHuiQPrQ-i_,16ZEFPbHPLZh-vWy3TApk
ThPZpB5OpnsVTvdjxgho_,nVU5LKnucJxfyhuqkmX1U
pwqbwl-4S5KUm51J-GEdF,r08onJP9cROJDQ2H82Sd9
ci5YUlEPk4gZ8bPiiCl0v,jn2GvBxIJBGqDXco8bNd4
mTnmWCxX5sLVa3LYBImLO,K7lrvXyB2ooTsUq9qpyOC
OitTmoKpQ_p1LPfli6Z8x,mr41riFtzehQMvv_qLvG8
r6v06kQDsqJodsuoSZkwj,7Mv_xG9TQJEnMsoi9hHUm
QrITOEyQYxVmlKQgREcQ8,Q-OGhwHGIHWY1jxiID87C
S4WQA6dlz0olRLFeWor_G,cege8ittmFFSwmbKzJo5c
5ntLZGt-Q7Ql9afcIe-GX,pzls1YCNTje075UleH4Vv
DhBQpd1EWakHI4FyF-PHR,N7PeJXiztVLKUh9Bj8JFT
gX69uy62BV868UtTKWgj8,gHXdTPNcMU4eGq7rrQP4K
5UJAcqK3NC8dZz-8LY28N,UFUFO08axjn9eV0WTO3Et
lLCPglk9KjX_mqnSHY5co,HfgMSAXLlSxXkZURM8aS9
va9fHXd92XW2q5SXXDtej,25dX3gCBuFq7XFy84LkiY
At2DuTh636JNvQYEg0DIQ,364ilnioRd1mGQLuMStlA
wSFf0ldUm05emisC0ab5E,lCC7Wi1yJJxXpkhl-y65o
NPExP4evWdogIFhR3n5rh,jHNKmZ3K14ocWq0fBGGC8
SG6LpWn4lDSV0V6w3O1e8,yZ3ZOe-mNNk-78WtK7JmM
4KWnPk6hwMYat3EFeI6fn,M9N_1QrN9Pn0Zzz8iStuz
JV1IIdPbpYICdzujw_Heg,3h9vYa_csQF8eC9Y4Wl-4
QuKoIzCz_K1ttTmMxYzXc,Dz90GR55LFvtaZej9Tjrm
VNSDm08aHvFuhYQjcYUoH,mJxr0e7zWRrjOnxDbS3CH
s48xlqKwA9r-rYSfl0XEz,rvDWgHthnX9H6Vm1mdReS
23Vx3zHlGz4h-QMWNb5KJ,9PNctFeuunWB_4kERepei
bEIwVicsjCVuZteR1QfYE,4gv_CtahPpR8Q2hPC4I0R
rcUnIF55tEU046hjmN1rq,YiBRrS5V9t3b7xkcpgBxM
XuOYMJy3KsaiueXNihAHS,EDilYTgsXPxY3-CqqNUCO
rYfIQCI3E__PFsIuv5Tc4,-tF87qp2gIHpDAjvZrmoI
fD2kQ_WQCf-9YvLi_vijh,xEpEUxt4mLgJrzNoXTJIG
qvmWfmTjbGd6gx-3BjRPw,eTVzA9yuLYIPkLmJCyAtn
2bFYa4aJ-N0h6R3BkyRZd,H2nNODE4JT-aEuSG6VOgs
Mbh3rBGHplzqN3f5V_Hm3,TzQqAOymwZ4Dq4XGxHOZs
hJU0rVY9eN-_rmuU10GYo,-x_Ut-LeOkTBi_K0SStWC
-8Xp5URG63zsdm5xNtrFu,mE6pF4N68afpUZSedVeeX
8TAU4mrTSjx8MO_OZhBDo,9JbgnLW6NplN3NBzNuA0b
4LjMnDwxvjOTK63x4_7fk,twHqi9yzknhVfwMosF-cv
XFgQ-ZIJSO1uH-vLP_zVh,Bn_rkWJvMe4eswEnjkCKr
67fYB3jvKhgJO4WE32TL-,jXc3gkfhI8FksAos0Pl6q
9SWmGJHIuChgdY-CllkHV,pno88H72WY-BziZ6nib48
pXyv6ihJOMNWn3nv1VXnI,FUpZnYu1QmsWcFC5UdZdr
bNdOe9oYTK6VCcDJXb7Hd,8Kx0VowaUj9RC1xJ07d4z
wT7So5QRaxOWlO8mq4aR1,hv3kVz2B-vKeE1J7Ndray
n8-eWzVYSh-LIY3WlvTMi,Hnw649FemINTh3HJ6geOP
cfOERdXTT9EpEGV5Fp5fY,SwUeaV5D8N3fHjVRvGJsQ
Z1YeqUUMlCtwDEG-016d6,VdgaXKZFGy5ErtK0yygxp
ToEjGJHCBGveCe0Y86VIp,2TedkdFk_WaBm3i-8zfrW
6qJ6TmL6u0eXY3bcBQOGp,VdaYyFLpwYANrVGrANtwU
DvQCN97k8AqLSxaAZ1_5W,U-26FY8GRL4yCRn0dEUGR
vINoTfE30DiebfQH80Pl1,qBtszFa7P6TId59DeWSYP
Ex5bhyRl-Lk8fF8ay9yHv,zBKuZeCSO2MVw-b7xUwxy
Xvuj3GavjSItkIvjhcBHK,S-sLArcolYUt35BEj8F84
b0F7ri4lrbG1Gyv0zNi9T,C5v28VqhgKpIi9_npauEj
JOmY14oV6S46QcF6Mq6_k,6fm_5ZUXOdYODlRnObQsv
sSc5xT9-sU8lnuASOCSBg,jNyHC70yl-eYe2l5p-SLT
kVGmfRi5eLZo1CMoFf60c,epMtnoKY1HH1y7xNlu8rJ
VO7pSTxwYamcgWdFwpxJh,dXu-KAcuGJMQj7syA2WZZ
cEczA2Ec6yOxqlgTgzmR1,aq5e1F25oOIbOQ8Ynjv8k
b12y8FYFoVrqk42ngl1jC,Sq6u_S3ogcJrPv1jz4jvd
nqSEZ2Zs8fs-juGb-KtZ8,8f_kHNRpLVgQqkGpAcbBS
4Eb6i2zBDRN7OXCKxu-4e,lna_PJX-TFSyJRbZvlSbl
JXoxy58253IYAiyeNsqq1,JA1yZN8ZOOLH0PFtPWod_
zXuTqfrS0bV7jujlhcCy_,qcBVZEF5Em7CiP3KLkBwp
ejLWCirh1gnbRbj63cP7W,s35LwrCvO5NompZ64YWHP
qFaTtxncyNqXYtaMjHlx1,SLQp9K430TcuhHw1AICpd
jvQmygLoW7YCC1787QGDu,Wvv3UCJvHghCPhbIGDyXS
-xyPZEK31TwvRKWjKV3CI,8i40A0oHlBZBOXJO0j53H
LVVMYvNwyuvwxkt_JTBGX,kwFQLibnDUaseN2jJIl2N
Gokn4C8pe5cYyQGSS8zk1,qxI3PRvEOahUfq5Gpbj0a
8YlYOBskP54728cxmrBcg,pFCG_q2j7fDXnpoRy6a12
BOjqSfnaG7MeOTVXuVvmy,6KEHfd_jwzitaYJWQvDLf
LhljOK638zMrgWLMZe-ME,njFiUq_kehzBkuTUP99yS
hvFDDlRL2gJsbDdO_BEGE,n5eYKCHrzIFPZuzs7RHxH
r8ihbgFqRg8h9Gu0xI7VP,Qn8zlr_pSDVRQGtS0S_oi
5Lz4Pu5SeoHeDg6BSJXmZ,hwTIZbIzdzKZYHQiw2-Wb
n4bYKY-dN_DpWVe0Eq_aP,Gqd39jyESbgDo4aP1_gF6
iWBID065LPYypVi_wKliP,smQxo0zTWoD3ZpK5aReiH
RWClCJuaFEmnxB_b99Fmz,gfZEUNC8daORj-Nb3fqjA
m7GjXwBqMBN8RJ22h-WsG,QDi0qfCL3h3LjsoB82hgB
pTPp6h7OVOI0m6mN7QbjI,nqvzqzgSoK7aDUwNAbjm-
TDyl5RWG8YfjShAFI6ntI,psMzH2tE_6vFVJcWwq3-j
EAd-WAZiMSnNS48jGM1UD,y5jgNhZQjGB1QmRrcFHiZ
36JTfMmBqybTZoM3i57-H,TZnG35Z23-NW1rMnVvbWX
fc8Vnm0VoTZAOyHa_SFtI,MgXX7fbK3JdDacLhm_tJA
ulHGJubkkM7jRhTXW24On,0qWoPsoRQA4z_XkTAMo4z
T6ygtjUHyDgZSsBPjxvqH,qrVK1MB7-sdN7pBI__nEf
s5ZKlTYZmiPPnIAO8C1BP,RdgFwT-AUv15MHcowTlH_
rXgxxgLssz4K245n2jBbz,deRXOUDZnuDerdiLwrDmu
Y8XYR0sL9fQ8AesJoWrc8,Cd_djvYTYfTGIn3vp5CRu
qwVTPfkwRXIOdHRbW1AWG,8WTRd72S-bWlqsovnv0Nb
fQqAcu_jRCx-39FAiDqcC,Q4qDXWDQxSr1kYkYUR-92
5-CsK5rbBrEq_ykJDhIPe,CxxlW6hp9pWBCl1h_qqLt
WYSW_uUcoIUu_ykCQbLiN,_OtZqYmoJipk9_DaMnnqL
sHOM-QTNl0S8tufaeQXLo,BR1Ka3Kw3YcPfdRYtzOE1
2SE8g0uAb0QW-mgwsvllS,i7E0aBd24nQnRuQupjLji
Dwfw2x5gz2vo4j1j2unkz,dMkqhmZGSKwA5ZcB5PgtK
Yhu1VSRHPKrvqsRfaUF1U,4OOEHz8lDis6JuLGpb2CS
0qrnk3c9lCdVYbx855-b4,GmRjE3eZR9dE45C8C9ibe
H1KuG-jSbBQ0FacC4Ewfq,M9jQHmkSES7qg78SL3eo3
Q49cR1AIuUkQYJNdUi7D1,xBLbqNzPGGEyQX7jFHIei
ipILyIZmNfigSHcLGoqQo,H6ruZSPwpQhHngX1it9wz
Cot0zAwmLlqsRTL6_oDhu,7u1TQpROl_xovAduQtbtE
7-dF7Gvn33204CexV-JV9,c_jdVHh3DXEfvQD6Z-q14
CeJh25sW3DFDojpC2-dCJ,oWfluOP9OiwkbwfvGXNIP
gTOfjWGuRqinpokco3yKI,EBAHY7dqRVahv6aJ2AyyL
ALGbM9Lu29_5DWPbwblSI,apbsDxhpDIhuewIeGYdeX
2G8z2ewLoPHK9Nr8AKs3b,vf7I_w6ipnkCHJ4PVVxMb
BrehIBAvV6Fr2o1dCFbq0,JXpO41XavbZYJ8fmaSaFL
Zg8W0IKjCXmufCrKjvjgX,9w79RgmZvRV31A4hVjMX_
CffDFZ1xWcHgbUDtyF3im,J_kvbXA4DiW77GZuU3Gfv
OIEF8LjpcOnMT3ble1lZ8,dtrmZPH5bljtvRCla2-FL
O4dyRPsytC1yAJq_7-386,CgjZZ5EAjPjEW2WSrUUmO
Vm31lK-GLY_RwTLDqbg3R,dFYfuOmk-32Pzl7Gtq1QM
SIujGWOayibLcPURb7mfm,L7iYeW8lU1EDyEL1ajyty
yCsagdFsCkq1_R6F1fPNx,oM5w_tJ-jSx4DxM6NtXZR
EN8NqttpBg3mzNdTUKVkJ,Jh7IhQk2znQNqYtSUCXIC
zVqrEQvOaxZ6kt-GdgEAE,LqrIM0ILDgPdsh3LeuXdj
G1uLshjbykl16osNXZ7Hi,h03EHRZ05SWP7OaUKZp47
R5BTY_7-kDOvThtnoeJ_n,0SsElCQQffxMRzkaSl8ze
nNypE0SOsqK33JB2fMvWW,ZRXeeycIET2eH_gtQiLAC
GUDGIAfz3cuazCSDZD_ZC,pG_HKQNn3M3S9NPQRreQU
qQ23EATOaLVrfTrk5gDko,cSR68xXu9kFmr9qWbdV9D
PKBfhpfFWqzQoiM5AYLUM,DWw-IyEhQQELZEJewVL4v
6UuQ6sSq9BmWSU9QLGP9l,fZ-2mGJYSe1C2uKTlm_cN
rsik6YaWH-fcW5vcikgTp,RXh7Hp1hTeDF_OIQkn1sH
bMKuE5lC1rHOIHG7Whnyx,oB6pA_4AIAWsAOmeVOBs3
OcB4iBXcbsDz5crMSM1Td,BqQiZOBcIXyhxSfwsTlQS
_bExGxPowGjtRAxS9_vgH,jtFJjGo74VwDr8UWacP4A
Swb61gGdssiU52MkH6qkD,1w4QV2k1elpEvPkUYGwjm
ad52XEqmEH0H-Ey9cRw0Z,u3QBlmDQGpd42ReAaKOga
c9UywAsPIbz0aKZnEReJ9,v-YzEq7vgTXYhWWLug2_k
CEVWtQGqqwBWjH3fCl4BS,-69zHqdV3uTCB32TS9Tz0
t2_aMW4o2DWur6s4-LUlv,4dTThSFdMkeecIMpfMRUc
9KbVMYt8uFjSqWFMYPMTs,rADL369uOzPo-kmJUV69I
t_nt7AheOfTWkmdCZMADA,Btxdbo8teQSs1wIeboYd_
xUN6sdT-7xM30NeTaJNfa,IF2nfr5Vrz3AZBm2UGhWh
mXhztdXsTZWy2ENVKg1sN,um04Px9tz8H33JqbUlitk
hgazLoqOEiSBlvowwV_AG,rmAPoyXtfoCVbSTj3caOD
3cre1WdluVxz-h32yAfIu,pQjXGdjgv3cdFzWsKBimj
lGP_JZZ34lPHy4j807K4G,hICoetbfxWmGGDO4snzza
FDeUgwCuMV0IxMV9xR-Ct,pjzgBQPp8kaiYD-boSl85
e6K7IWXW-1PVorL5FCGRw,x3NB7i5deiIuLMwU_6Qc0
WzEIxsMPy-f6p-S-h_D_s,cOZ-5rvSl-dVXQ-6aDjZm
OrM9Y1ZTlBEob9sNnod6F,G-NMxyrF9MDdzlu_5PuMI
bccLBzkCojoClzQh0JkV-,muRo5Ai65oAB2BCJGPkmv
kFTZeBrkf7SjuYoHE89Wd,vD5K_GxMnJnAqYN61EciE
Btsxu4RC8ejMDtrf3MmbL,eta1w6t9Dw9_BZ6P905ir
YO59K4jWU5XbvE-UA1NUd,Gncks2TAgI1ePAVfhy9mo
1ZbJcg87jrDw23VVS6gDg,h4jDemVIiMGmmzpmE-r1a
THcocF7Q2BMaBVKamFrxh,ixcfmZM5BXvQaNsYISOvN
NptnqbgbcdAoOepkRDktv,1pGCIGnqN2ZH7Rt6Ulzwl
mnbr_gqjhOmVnZG_cCr9G,JQtFVKUoLP-bEZCsXhdz5
6wTOeS2_YCGEUPcvIpW_m,RNTGXdncuoXyrU98IrC8f
wfjJ7-tVQPlF5cua_hg7i,jctvxOFkKZTIww_qLZAx7
heRcvITFg1zAz0LzgzTIU,_epqXtILeAs3IOoMdwonb
DwXBXiLbdS9p8Jx3fS_Na,VQVKBFpk040_C9xyBIDrs
EzTpsm7fWInkxjUPjf3V0,IYUqMslmng-yYGbF9dLmr
kTCHxYmxxwjVvSKr6t8vr,kMH6LtIhkKz5bVefgetNw
K2hTd6P5lAA58Lw8V0Cxz,omd-FH0LVPY83HzWGxkl7
5GgiIu25OSLhLPgoqvhgX,BeZOHReEmNslZPvjxlRFY
rhvuO-kfsMHMNCojL5_PL,KmOaBjp6kIYcSDt6KgWv5
Zt3PkCmW7IxhNzG_aLtl1,DyeWKtx3-44tNRzSO0i7C
_LiEdKbJf9HuyCDWaEjAy,VfTLoLTiWzJFLwZtGkOKk
Tz_M5Rws-hWVWs-1skfVR,x8Lge-bIVOwxw_Jq2Jt5O
UT2Iy-MatM7XZlLbaGeRo,Trnrrqe2rgq3ZEIa8raiU
1FidVABGSa_eC8ozZRzJP,SuuhDRNeWN6K3sM7P0g_v
eVLilelli01ugcp-EvFfS,wnEWmkzY-sflxwXYNTv4F
1KNdeG_Lg1OSj9plIr8CB,HAvdW7mvkAjQ_d4zI5YMd
DpxVqfHJtNeq0ungvpupv,ayvQVjZAE_BPGcnnF78n4
hNXjk_3BW3OlXzrXELtPl,sFQjWde8OXmNuoS-UkTT1
-Oca2buWZdJmqlaaFOm0T,TAw1S5IwnI1MAa430LD_F
3Iq7h0MRQglnN7DdefPB0,Az7ZvffAPbvzHmAiuXkXx
MrXaAMSdHU8pExQH0YN4-,S1U6vD20waGnvPEwb4RAQ
FMcwuPolq4_vxvczZgbrK,_anvDEjRojKN--jv11Roy
vZZiLUj_XJGtZUG18AxpD,TVg4s9Z4v1fl7ZRaN4wAN
GTllJnx6sjtu6x7hybX15,dy7mqIG9D2Xi1wWyu6pl7
fljBNXfrrcA8L5i9Fvd-0,YCuAkzx0bnBO_fg3_D5eD
esRVPAWWkY_pOGc_BlD1m,Q5r_vN2R0gHjd9Wae6gcj
AmaFP2XZ_Ofpp6xMpisMe,ee7Rdb8OEywiBLFFlQWRE
15YZU_PFUvtxOtcL-aZCK,4d4T9NxSQwnFN2Ly24-L0
ly4o90u297CQePkyYDR-O,FST7eVDsI_nbvwAN-dCyk
gBZNW6_EgKYsYGSwaATsq,K8Cy1kuxt-GMcv7VWJkDO
fGT1iHb7V04Jrpk2gH4d5,Uotapgp2oUQMsorQm9RSh
QEiTX33hNph040HBOq2BL,n8nRIvrhgNIhQmUAW34jK
nqMUlOlGvBAQcr8-RbYM4,DwsRcntOcol3T8kqSTWfK
Kzvk_CgF5OR5pxMOV631s,twBSZkTA0QXrOEAi9vEUk
Wgv8_G5TzNTIZfCFnO_Vo,0poX1Bbp1Q9s1f7bar_Qb
ghvsnVfNeDZvxmtKCWxm4,dNJxwWwrN70QRCPgBTEdf
ym1eBZKJ7m2qIDKu7nv76,ASqnQ1SgeFiss4iVkPrwW
oj8oQY2Wg-dC0lq2Vfs5L,uGgD-u1M83e83b1bkbwX0
mLNTYFe6AW8_0BmAUFZT3,X7MujDaZ-CPVHJYLf_WjX
ZF6EU1x-HTA275MyUOp9R,ngGbFhanb1y0VxcuZsGr_
3W7tgNb48qHuyj2h6Ny8T,nAvqtoSG4cHxyjJxxHN4H
jiNKvevA2IqpdpaWnOi7l,D8QnGwtdjHDZTtkvBK1pE
bbz2_3Ml_mknoGB200qbb,oPAhcY7Z-ZhWhh7G7rThA
tYcz_ZzXKZgB36iAN9Iwe,KRUidc3dMYYQ3rG3PSYmb
ZQ88zHtOqlIJrqrQTVqAJ,wA5TOKw2Gr4N0xVl6gf1e
MsNe7JD_FPiAK2sHqN_lP,EWhQx-gXqjoK9YHYcu-pq
F1F-CvXF4XIB2SG5-BFXG,eiz5nkBmmzvz-I9gA5U8Y
mhHULhGbyctf3EPcFBvtV,6KSqeLGEPGjAOwnLesN16
y-z_euVWEuMDlCrekvqHM,IazIcpWg_sAhRC0038Cql
2TnQd_H8J-U4ebs6Lwa3h,pAoKcaMqh0e6v02v47yBd
klGJtk1rvxqfP_2lL7HTp,sxXymuCwmjCPbpRPfsQYT
EMFFhpCGDniF84qRcmoCK,dr8JF4UFjjdvmuqOQvH3V
ulxftVrvr0h8-O5TbJGmW,kCViqZg-TflmZt1fHRWe3
aRnrjIQFlOu5nkxi-PYHe,UoYCDBBGEQUD8Anexxswk
bBP9NodLcexPyaTsAU0Sn,CXCPtkoiv31-7aFpuBEXK
OBELo5o2c8zTL5Lmkpy8v,-VNjOrWr3wxFQPXq16EID
XcOM1xKpCIANXzwAe3T-7,4-slHXPz394pyMM-fm5w4
K9fHOChXrdEb3G5R0-zC9,VIRxGUXBYSurU4n5r3hV1
IzxB8MZyeIUWG1uGnUh5d,ftAQCjRwrkeC61EDcqrbF
vGR1iiitnPwwulXDsaMHF,fKrEUWnkDxSEp108CcXMC
YA5EhrnDArExgzkGcz2NX,meRpssKYMq7nPBZ4D86cW
dP87rjyecDJteF2pSuOPb,_AYNlH12U8SHRF2OFWvmC
ZCtaJp7fCwPLWMwYSu9RO,WizZVQVP0SMqRHEnAU0tx
c9ZV9rhrw0mtaT0UsK1W7,LKsY_h55aF2ALCosGfFSI
SRZuSN1McaI08gzZvkVT_,PpxTXHYa9b7A_QlcZ2EY7
CFQ9qEGw3YyTn9zG_DWla,6XFGuawgeSW_y_a1Pk4E4
vj9XTWef9m2x0c6bKzDop,z9hQ8996DcTDRluBySFdy
MYK0CrDauympctbapdY-o,T4D9_8G4lAgRHH0IROt4v
wYF6O347t2rdGMoYxZ89N,8Ez-jNzaA4K-ACfYrkfSB
xf8iZYzhU6s8tsdg5kh95,eVDh61evQNyJsBkmWiSoR
2IM9VzQOyZa4teVQ5huUf,rzG6rwNs1VQQLPhNvvNxs
mOEXfato1LYK2G4XPCD1i,eTQ8I_EoRkby5KI4oU8tR
sv3D9b2nieZ8KWatPHv_-,m2ekPJuoUxsUPMpm8l8qg
eyzdJHQabyNFBgAfDPCHC,VBn6nW3vToz1VYecqLxLg
D5VXqTw2Imct0TSAEhCiE,3kAqgUFvCpXoBjdmL7s-l
Z73Bp_zuyTdoWNuSaB3Qi,kGmJybspx6Aa21murWWgN
ZHAc16knpk-eOPOE1wTJn,dVdVgcwnp0Ehd4SBQwrdJ
M9dnOzkD6YbJvcWrU2quk,8gV_Vo2ewu_-w3i5uknh8
vWldtrMzus1jTjlie7Qo6,Y3gnJJRAu__UHA5pqTRQ_
j5c1883Ewkcfw8tNjFOUf,R66VFXZ6SVRIGM3qfrYug
qzEpGIhei9DDKmO5Z1HBp,CrXREVy7m_0ZQMDw2C7vQ
u70iXRcHf_vbO9IUU1jER,N0Q9SSrK2TnRcnyWRloJ9
MuzDPiMZvBA7B4XRZv-sX,ZzVsgIdFbVlxi987h472U
KtxPKzdQ2ZmixWzJNnqLe,sOhImf7miuuNGSqSdJetG
tCP_QGB24AcWPLXGdDOFo,fIIZKoROLCyD9jcvVWuBv
kc-X-U4Fxvh4qm_JICCHe,S9S_e05bFiyz5qyPRHuY3
2TrE_SzX2fph59pfXiXqm,1UteCp0i0wEt9jyoSZms7
gjl28sEy685UmYxkUGene,BEJ4C82ZTivek9L0IFr-N
ADgC1eZn4iieC11ewcwid,ZiwPyWZYgtdvu18aDpELh
Vwq0h1CX5ORCOLW0m7YkH,bSuwJe7YRQU_mRwk9LsxR
nrXKw9DfXY7AN6ftseExe,b9ZHtGweOvvb3564x1DfA
IDZfrYRKM6JYdvxdcIp5X,S7fOcKZN3_06zZeSeKRwH
5ZMxAS4DGLI2AjuYT94wl,5Q5pCf-RKjdkIQ23r7Pbk
Y-B_V6ve0r8o2OPG2DXsB,tvLYbEUU81gnaaKpEEhl1
a2ABa5bd8zUTJhiTIJt07,6OPXbyjpmG1Ix1W3K5Q35
F-I-4VCSXGmsLcZCuzlCc,Rb9f1L-HYgY-6oFoejm6b
45UrmdYkuIUA9ysz-v_yK,MzV3UWs0Cg4P7T7b156cn
DFvldAg1hZ3R4Qq66BWgp,KBNqUgdAXiJglnZ6dkEYg
VytEDXPOhCrau063R-EqQ,m_6exxdoHCy6djBA3f_xT
yrMWRPSu3-VNGozs3M7IV,pClTC5OnMMcAFgs5ISyVM
rAXLbdi_8NDl3aJYAoSbV,0udaiTjNRmbTGen_kc-4S
sw_BiSqS5sdNwQXxIkEgq,zyLsBj9DkqWSRMFeddSuJ
3TcsoCxa55xQYZ8dFeSvG,z6NsgdC6MR39W_451696m
s3WiX8w6Nw8EyKEK5ok2K,eXFsCcGnP83_9eqmk_P45
VldWhNSjoZzMraQUmcdf1,xQ6PCG2XqwY1oMf6Pqty1
AjFRnj8EX5VoyO8uYu5GB,mE4apAXw1O4ZYoc8GtnyY
S2Ol8xCXXgvKbhNE9AEiV,F-YA79wA3B5G2nuNe15fO
Bk5df2NALpFgdVkIIo30b,U-VueCZeh1Vpekd1UQ5xo
H4ACWb4_2kQKVLXOd-_Ca,0u9U6ODYR83z6DtVghfDy
_o78V5pi2Ks_3RTZkJHHE,iT6VM9Gtl4_6ry7Oubsn5
3SZNrHRqrAwSqNC7bTEfr,TalEoHA319gLYtvo9mjdC
SLHXcQM2IEHL7yLDt5Qlw,IJMdDdkjwc2QloHSM5GTw
E-NNDd8s3VRauTpqvLqIU,4vTsLuqGLavuySJO2bfS_
bFIRQKXwnSRgn9umrcJAa,-5Gipyja7O9_5TGNxHbUw
PM_R0dPB7TSLf2_kYFWqM,pVeQv1f4OvO0ovk0AD1ZP
7tDDcnlzDNx3AMptmO9mg,zn83QK1Hd7OTFKuAR_TdR
BeTV0c_nzNzvH0AvdYb9H,0Mz5w8cVcgF9vz2SW_TJP
D4y7edyy5QEf_IUik1_PC,CrrbKDRyWq_d9L7Dqkxpd
6pbl3AZ_oQXczMEo4pf6j,AiR9PHJLunkF3HOWKYpd_
9RKNGcAult9iZhMFF5ShO,9W89esKpIXlYVqcOJ-E2u
_EnTH47lrZRy1hr8B8KI-,r1iO-G9croKl0IUFoWkkL
XhZht7Ekxkr9INr6-U4Hu,iof-mHBMRFz7Fmp665rKZ
EGiWuNiPkVC1wXklDnvxt,4k28dl-jx_CR5cwLiUve4
6ZyEzmMSWHR1ges_8npL7,bgPEyM7nUG2zffEYT5D9p
zz099g57JP4AnD2azZprx,G9WfpibX7z9jWFXT2dEGp
9XFqioRZS27qulNrqMoMX,ufuk9FgBUxhlkUXnfZW8W
nLFndghPFdb8gSg7L0NwC,7FgegnBPjkXZ7FVHDKsXu
BanziArNdV4Z265M4c3DT,waoOng8r8Txt57LsrqgVo
rcASOIoA0k1j9yuvk-6u9,UNZBDHy-_70BBh0jiZn9z
Hz33qrURubTtxVzjrP3Tv,evbwU8-fuOMu5KR5tYVV5
kKYEhtiinAIHO3c2fTFZg,EScH9Zw7Mw4hOpdTqFkp7
26Hw_ogFQB_1UM7WMQfNL,RDYv0-5tUKv7e2ZfVVnN3
XaiXnySYXY4aPdI9Ukgwv,nS3i6J_n7IiVJhmjgfQv1
aU2lAjZj3CJwLvX3PuDfe,FaLZmdXFzzJ1iCF6JNJCs
_ckz8Zvp-ok2VrO3UZAqZ,Xr3stXBP_WMuTXTCGAzFM
Ittx__9JdohIgyOwXkm4l,TXeQKk77RsqUT2HlAGweU
Kn4qi9aZeqbOmuPVi6fOd,SXjhvlUJ9NfrNm2H7GDuT
KyZONGsYDRgIw0kAOZCZx,FJc3IUgGNWEXtFfpPLOu6
EIEcTReFjLkbwPdHa93t8,rOVztwsUEMMP3_VPq0gL6
pczaMCrjAPh1aer58N5j9,BYaaK7WBKXcV1MVaJ30Uz
9etvWZxbhJzZANPe1LePs,EhX--R1bP3wV0N8PJR5xs
YOlQg30T1oOHIWG6-eNJ1,vWJaSWxA7Prr-SKWJU-24
37uaI4DUiLjyGgL3xmYnI,kxq0-PMcovQa5rImEaRyJ
VMYjiC23Q4yf2pPoyahEc,5S7PYmuMhBNuJLfC4m2zS
xllmBiNADWTSCwU4WAaR3,Q5LM98N0vMO67209OSb4B
lqnrt1MUYxUIfiWOm6aXN,2eFcNRNJqazdhVspvX9hA
_k56h-s33XcYUDvQwdMP8,qRLUEHdRSPpnyjCsybw0g
lNkD0qH2tHIbUdA5_DIwk,Os3-vVGUukiIvcNAN3Cz_
_1sNma7qw7p4d-DKqKJng,SvBeIHAYpkAg4jpX2xVEm
MgI1_zZO54V-ZSzGuWA8h,q_VB0gndGgmbU6h7KZD2T
d9c9sThM0wplqx8ln1c6Q,y9urHF58s5izrj9XbSUAG
fVoYxcu0y35s-cN-fpN7D,ZJMbmbQnBVMaQ_BbOnGiG
tQFdmFXMVavaEB41wyKvA,lICh9lWdMiES1clMJJC2-
RvwrSewwuMhXW0zyUkMEl,g_8PoUIkr65SxaB-DL61O
fUEgdbYL0_jdiXhDvuebD,Dd0HIl-G7lATPrk57tTt0
9BPHeVtD8WWhAHGWVpUoE,KRipDJu4m95jgQ9Sqx8rN
HMqc3sTa8qLb1CKhcI5wz,cDtFYZDrRm220Kkxm-Dsw
JwKHpVFTr8aWUayEuJ9-c,L8OaFP_edYMHX5bCZRctU
3ZUkVTpUcI3f6I6ZWHfMf,gsV6FhOqBYNrn3dR7alzx
HbLJdOHiprMx1Zm0kIFNV,qUIJ4TV83A-3Xafi9MSZm
f2Jds44dVjlVl6aIuDxOS,IhY2dLoO0LcyhED5IwXo-
RcMSFaJ6YomfXpg1FMBBP,2HD2Arx-11Vi-CnilAI2G
pRJWaaFnAiZs_RZw79ULP,acE4sqX-5OVpcdYIL39qv
w-39IDto87hcDXeZ4v9lt,4APSjGd4Gb9lRNaDY1l1g
LoAQbwgWQwKhrybUt2E3q,nHunSXyCR7sdaMpSaK9YD
6MmhhuixuQz6d8h_Et4ew,sR_jaIeL_cGWNYxTzsMIg
3Y_tzBMtq0iObb6Lg5hqJ,FInTnRxUdXHcpsoF08fhT
Omva0IGVqEp46SDR9GU-F,qsTdAknVwNc_s7qIPD3nr
UdPAmD1WS0GzCL7qZg8yj,47rddQBWnoJZjRw177jBQ
zWp76tvXEzS7xNxn7IswL,OhofbsW3zYjV06ZTinda-
gbkms4oot48JUXL5XZZUI,VQbvUvn-uDKTFnbQmItUq
oQ6YjwYmDr-Q-6x_e_cuN,JAQz8ZlU1Lbx_0veevanL
Ct8nFO06fgaGcTE3WeRbn,9WdkCff-6LoJIio5bde-Y
Q8OA5E8FENfvSecmazmNc,VO9p2aa-WMeZTf9CAOzFZ
pIveXzPmBO3Bf43s7gx_Q,6pebo4FGEdrOOsE2T6TeC
t_AhesAriDvq03tBjwwzy,m5tndgi4aEibo2O68mHB2
vhg2Jgf9NRzs46corAJgv,4ZwTk6UlJO_xMJ_N_pg8J
mrJDXwY1IklRimQ-cXI3d,dgXIV83yrFYHzbEwSgtys
n2_QrrMEIzLEasmROFNBx,Nx906rRB6xD1JtxIkBJT6
c7yuHpv63c_iT7bFiRm0C,2NyWZv-UBzSXGoVIkFo_M
yYfLRBiUnMr9QCLh-ZmlC,V4EpzD-HXG1st0E2Wmprf
dslVdx9tb5qeCa7RFmOYb,NIfUidwFZeociGyCorkE0
Hq6-9QYqOOFc05vSEkHS5,CX1THJR4WR68zw6hMPB1P
-kXmDjac4lj13dJZ_YAPb,p5M2yIN4o7GrSA7T1q8lq
r_OP1HqP9e5Jp4zWAZl_Y,j9JWr1pbT8ikgUpsyaO9n
9YOGxPsDSqQpwbTDxTKF2,oDAQWIXhubMz10RyEANb0
WF6gOGdtlx429bj3_DCj_,mcSFGm0Wc-u4ZJvJaOeEE
n-sr0w5zevn4q6HGRIr0-,eAmrCrWjTjYMtn2I0avVF
IUv-p0ioeL4auAbJ8Wwp1,L12ocDOumn0ZOEAec0aUG
MGzhm2jFYHEFRru7x5KFJ,TvaoS79meBJbil_4HMD6A
fN94O-If9e7rzgsptEJVU,Ztz5hrr7EgG_t9VuEnR2X
d2kgH4vaGGewmxY9c47Vu,yI311k8A09uB4ZeE8R6ga
zpdRQ7HaMGfmB5sF5mEB9,pNyDzcj0E0V4MR7p97JJo
y8N5O5wEZaMyeNG3pwh3j,yHjJXPR4NFLtMT_WN8Fc1
M15CbAkLA8wtbwx2ig0M8,JbsxqrHm5JphsxVwjDcMK
Uf7W19-LSj66pmDLrkIDg,EgO43JksAjObx270umGaE
sG9assL4a3Tmpo0Jv5UJK,UuZVRL70z4DmnZx07SEnz
HHPAOjYxaQHA3cl_yduVU,MFUldChrxuHmICRRrSHod
69tffk15FknhIAh29BPCg,Gq5ch-cPZiw8jGd1AYtfC
vuzN8QDFZZB-riRD43PYp,reEmnJQiDlfQcuys_XlID
JnLsNHmaddMTNdW7qYicg,2yWskFeirm6-y86eSdfDT
ylFqzE167gv_4w8LqWxAa,Na1XNeTvOcL6VDmsQrRfP
QfX-8KtE0kfHDcK0llCOA,j6g1zU9GrxPP3SfVmuShb
FAKkjvzEwgP1Nez03AN-Y,KnzRRBRnMKWvxTHAJae6X
wdnmB6pib1Ua2x7s8bKe-,kYPLUmtkL59tMrO-VNbE0
kiR-PIRy4UCD9ckqwU0yL,eE5l3wejr7wTBlng8_qYg
z1LTeadHIFozF3hUjpGnS,vHxynSYLKFz-1jq31t7cY
6qYE82V5dVIminrGRgrHt,a50A3uYkTBZAMnypTMpIB
tEyjcdQCNsU31lde1-vgG,9P0Fkjx7zJYynXoBJB871
XNvuMXUBTWWAVp7JqACu6,0kc3bMF-9qRqaizcswjBs
LqosjfJxXWMyXAYAeXPi3,0xYbXr4nl2xNPLX_DrMQY
8bGOwzj4FcFeYEddUeb8g,F1CK0-zCHGXtu-KZSDkpu
JxiRXkI_etHHTznFmOfn1,EhYkb06id0lOtPMjky8kT
BRRvctuTttaps5vcPAvT2,ZO7sjGipIhONlc_n3C_su
YKegkyrFLvM6Brs1rAa5V,OVGvzuJ619GUR4yGgsr6u
uoMe3Q3zSeKLspH5clR9q,aaU13KBOnxfjNDCTvu51M
k759PMZ0EaleYE0v7gYp7,E-SvjAgtKgRE7UqVSG0bt
Bs6-g8c3oe_RTOEBYCHKa,_j66e5lyFrsELyBWGzrac
9AGG6TvfB4TEr_aUuYUjy,DXNwY0zd-EfIQq44-4dXI
jvnIeA_HcHNR7rwHoRlAz,tdXqRXcdoeP85yIIH_-lS
0KZGYFSiVeWtE7L0uK3S5,sjJyeQ16SIpxX-h5arKpr
5XXB2J812jvK9K0CD0Knq,2urlUae_B2DAGJ0yI-twx
s5GubfvnT0JCoHSLvDEOD,-cGvFE-QgwzM-Y8n-BVAg
zrx5NUexDqPJowEJUMJc5,1V5xbXxBbsfg1JW0Bnowt
k6hmyngXOaZ6LfLekwP68,wuP9mRVBeMYswiKnPJkHt
eZ2Y6N5txEv0GsFbqOfC8,Aqd8L1EeG940dvwoIySR6
SqLFLqLF052JeMLqh6nsf,G9C-NwpCSzYQQkWRuzVms
2YdA1rgQbQclExGODwp9o,r9esr4AZ-LeFwcsqM8Bjm
YCAnLgPASqhwpEhc78j1E,qGMyJaKpW16GiTLE8OSG-
1AEQ7EMNpcwEE4YAvkMZL,aZppUHD76WezPP2Mij8po
6q4p_CeIs4lP7D18qnZtk,tuHrAkj35UX3LNVtC6-M0
i2jFJUAQRasMueImbs4nQ,SeWV8Ymf1KQ-uyJD43OHj
kkJDT4kmf61Wx_d421K5Y,gfCNsxCLls29buHOGGaZT
nPfOD2SvRLD9sbq8-3QQy,hPYncjLE-uaQL0WejQEfm
g1gyngFDgoPAWl0dOXocm,1bT8SOQZ9CGzpMhpmZ0l-
5wUotFo63hETRL5FFrCzS,e_gAgGm92mHCVHsyKa-Rp
2-zL6-FL2mi0zhUq-wvJe,G0el9rsiteEMKI26nQKLn
A66iOK_0lTr37Feo5Athb,rOLEN4NyYzfIx5Q4X38rl
msP5FHK9ThX2mJjI5UkQq,90KKklPc7CQzfZlvLsdgf
e8ExBMFCHGC7kw7TJMTLX,YfyiFEBW4dHdMFoPlQhgo
nDNJQaWuTnY9dTta8T2Hq,PUi304-9CVyhQPkyIDkgu
dYOAILOSOyt2Qs5vTU-mg,gHzP7mSvS3_mjIMi0OLCE
mTewywxdK4AKWUrAZ4Zow,GKalsIO8rPCnKSG6W7q_F
bjplRG0nWkUw9He6SQ-KT,rVR6l8FizAVX9KPsLMZwk
r71hJGB38ALsA3wXetdmt,e7Y9j_FhW9Q7Ku_G0RWtm
hUmLRjg5vZmqJSpO2XLad,gFIKLIM0WxO5KV1flvPBo
SSPfZ9T9wQkWhfsmjW7v8,Gx-zWLDP82TbOzySvzjQ2
kPGw9vqTOHVnaKtnM1x5x,rOf1KSh7RvpkCJHx6cnv2
46bj1jd40-b5E4T07hVui,JgJZhpQovKv4hoCOCL384
JzK0rLyTppXXOVau5Drpl,q6Kk9FFT5AbSdYQsLcvpD
LWq7G6r-lG1dXskjaoTmn,NqA_RFFgSb1VtX-umpsC_
IWGgMnSYnGU_--wIfLnJE,e3gfzC999gAh73_KsWYxx
RUFL3l0lrh7a8uP6D8Gng,mVyMy8eRSn_j0hbVxJM3i
d7lDWRLu_Nj6mXzC_KrEO,nPPvdn0cIyAHqMSXuQDqT
2pfknYzzKUJ4z95lTK0UD,o7tZj35HnKrmIs84DAP8O
N0gu8LwGwYY2X1OS7asMC,uqXQCRXjoSbcDVDNwwJAx
QmQECkGA3xMUFOD08wAbW,blUIo-aQpLjUnPiXMlXz_
8naB2yRv72QbZU2sb2PXr,0ZNNxtbOq9FUGDMkSsPbQ
mdpo8FYZ73zk6dSEBBI8r,gudKKt8l1ox6mZAqQwzyi
MKbrzDny0_8Z9k1ZWRYar,YlTgnjgUoMoBZhseA4BA6
cApHFwmek2vRLkkwbxmAi,JsMDUltgmlBAe3_zTYYB0
pxTa22HfPpPuSsSfcPD6P,Y3YBzKRp7fTx49kuVSUd2
VysuXLm1xoYKPjeplxVHA,r_8OPCcGBW24EnxvVJ6Aq
XgXXvjyzXS8gvJnD27xN_,osUBhzIifz1E1Cpk9GjqL
O5F4aYuELLuWOeApiw7aW,EB7ybm-_fOU1XEaNASPdd
UXY4z2KUwC7XMk24ObLny,RqqaTe8qtf2JGIW24SoRR
MO3d6TD4wYIH4d5283CEd,Ca4Q-g1I4tON8ZAFeW-jd
T8z0J8Kf5nmxabmbdMPdt,S9H67ftHAvnRaIDqZsROp
HHS5gl9OaQgL8Y6kghTHl,KjjQQQS8GfLKB_NDf7W1k
JrtK5Td6buYT2ABHaQyi0,uku80sGyeAxKyNjYn-VNO
TJub-Q1x7EpAz3pD-ckeF,sGHn2qtV-56fbSmTM4iQ2
aNovkEHdGweeJveZMa_f1,Rp0kmlbsC2vOUQ0lkJdfq
0Tg1PwQNxQ0nts7nsK4B0,uhJXwD5ZZ3hBAhBaddVtP
ki4MOTKDOrTsc6m0sfjFZ,gOKbJluPi-rVk4LSzUA6r
79ikRx3vSmimscfVZ6qBp,sysqyRHACEKRxavps8hRK
fi6cTO94hlyeXSdteRvL9,LNKSRIv2Cf-Ia89gcxEVl
nP5GKQt164AEeCE_BdvYS,c4vaUAsq2LiRGAuKE7YCg
G9EOdJ8LI8W3hwnZ5dNQz,rXuVmonKQKsB60ZRZxDWw
l-bmEY7VjdgMilhPdEShj,9tSO-qa0GZR1qQMgDuZcQ
tRzNC9D4QjOqbAYMjfJ3R,NOUYBsc3PeSPLOvloEDnT
tnA-vRpTn_MPyWMCdvhro,KHvZbSJVlkA0h68fajKxM
9QqkZWk4LbrmnY123IcKw,jL3usKGwY7aJKbzHpkZ4l
whciBWSD6lZucuGlFX60r,Vy0jn4ufEv38HfpK4rpVv
dO02nUXjL4rRobfuiiFhO,LYgpBtPMEisVssy49tD6y
lUefRTK8Lurm9n-o8CwsB,V3r4orjEtmm0feUUOMS6w
kpW-hAccbwNZze7WGPNVc,_Vnono-OIJduTFIooR0DJ
u_DK8x33KVQFYch75yCtQ,5672Qc5_72QYIJs9uMASD
GlXirj74MqvdkoP9wUK8w,ttYDiR4gr7Q3bp9cqXK69
_DKVOfv4AjF1FRsYCBCqF,2Dr2UWBkuNGM_gMFwHGKx
8-3wQ2Vq1IIxxJj4dtfGN,5CUEp8d5rDDMUCHTUUNDL
Jl5PNoGtX11YOXcUMMNg7,tdzKZX0Fo3SrjrTUE82qg
pHoJWkpsg6f-hAh-Dr9f9,tXb6jfuGMiz__qt2n7Mns
M26w5Bgt3ASKUGBfuvnjZ,QqvOw0ZL4sHE2KIZSe0eI
BN44hJ1ECKDlCqhXJE86P,O68d3IYsTskXFMEg85sLi
dW3MYwvnmQd6PmGqHusKK,wA0XTRRmZVTRibyxwAGOh
dxQVLN-Fkp9GiZWE-hNkO,1h2jMduXeU6hmbqyGClap
iJ8TR56LCY_6XvbXpPINZ,ryT7_nyiEOKndAsU05bEb
TEwUp78Ls_5uZEoJgHu2J,gsrVIPO9IEQOdy4_MfnML
w--uYqSyMM04u8hnkFJzX,ykwrZwXN-wZVVD8OS3Mr8
nnXRRJ6pc-ML3OXEsjBJn,HQduVvGqrDaM5rHRRvaD_
tXyj4O27BWcicZqM0_66o,-A2n5q6FR5je6egsRLrWg
2FEm-Fe7etk4rpdqQkqqe,z_h7TvA6UW-qVzx5XNkcr
Ao2JDDty889IwKu-Dk1m5,mBnEnIOVfg9mEKEmgpuGV
NNxdCpn3I-UgtA8bw1SQZ,NambhUPvrfDyRNekx1xll
Z96DecVo0ko0KLzHZf54c,3g_J3PPHaXDrri1RIRwKo
w-SfWiOhQKP8ltW1r2FE1,Vir9jawuHQ8gJUirgcOPh
aziV9t4h-zEwhC7fMscV2,QgMEb3iymSL40X6BTwI-L
B4k-McVbArMYc7-t_2kwu,BSJITRVGWtHx2XuPw1bbI
1znZg27hgRdy4RJcVI9jG,4-1dafcRMgL3aCUb8E0-m
q2EScPy7UCWn1EeAIVjkF,nNkAOAM4dwjbywS94mxo_
YvSwK4TrYmQdg6VnurFDJ,Eop-8aF3Uo32hmllOj7Cl
DtrMwyaQSd8aOi_m8Ydy1,FfyWG7_8AwYEocZDXTDdR
OEu_7QIOBZoz084MLRUe5,2bLNVJ6ooDKOAoYqHrvkp
ehtCc3f7nHHOXpR9xwqsi,UMqW4zYWa6Is5SCqbGYOJ
ssBkvfo1IAVYfvR9K0tpN,-Ea6de46mfNkXZq9aSksq
b7qoOB-xfTJxaCcAl2bDg,0hALaQiFYevUfOlRYqjLx
6TaByoh036MrANEILmxMB,YAScOIsDt7ESxx7i87vTO
CluTMYmP4oq9BdpDppYkb,LHarEAKBjhZ43qTmkW7He
DlGy1cMKathdvXMjZ0PBU,NsDoZ6HukIodnpn8k8TeY
rG_rwYvxvjJ9BUXS2cP0R,jwvz070WId9i4TDWaOBYu
lR4F5B8lii7I8f699Z3rj,4kJ_5ULfw2N-eLFJ5BtAA
gnAp3MAnOvyLDhDQ4cPfP,W3_I4go3Iz0Oa8dK551uF
aX4MIKjDJDEUthVkOiAaG,2b2jc1ZwttQonzOGkb_QC
DVF9VKCBmcHbBn7nWGN3e,gmsaRGiUtEUAT-4kiedB0
1HSTpFuBz1gy27sT4rtXB,oLAPmADYdhRsauBVwMZUG
ai6fBfFqoHlVFYtmmR4C9,DU7rBRhkfGND7y803AUcE
QpQOe1c8DGXm74_38W5sG,HVKGnCX02B1xuMUHXESrQ
rOzY0dOBALfSqPg2NDT18,BVZsDyi_6mOGjuCsWZYEV
yE9tzxwKha-hDjy6_YR8A,91ods6pmGUkPVrC7BroKN
jg6svIYjcQUivNp4_WN6j,lrimDKNZ7ry1m_3uS55Lf
7SD5O1-MvXS7qzYsKrE4_,s86W9DzylrMpFCKEbs-sM
zJOeEGOxDYlPd5nLWX9rP,591V9kWyVDO0vO-8VOHLq
B4ASQQKEJHT9_MRjqEdzn,vgU909pZJB6fWzXEhNrsR
TBmTK1yk8Fd7IMFB4gClX,SyzMc2IvRodY16gD20evf
lvBs8cc_VJCpJ5-bwBMT2,a1ozGZwFJTevejAII3ZaK
dd3etmiFQvq117ySAhDOK,rkWGFZKcQIhb6_ag2JnsE
SPvwtg0y7lUXOiGHe1k04,WcNU1OQ9e75ITdFza4Jm4
F2pP1L26jqueDmtz7KPRf,Kk_dn3W18O7tqgNg2q2LP
PacP4vWNmV-J9f0bp6sQe,LHCYhfYBF0W7m0N_9vlou
plxVB_S7JEtEQf1f-M2Zy,v1r6M6-nkcpQyNoQoFfk3
i-_e1GujR5Ce2Vwy8mUIT,3f2t05SDLvvioGtQNin3Q
JCF-5G01S7xKcLn2LIk8w,ro-b3PfkFtQnY_bXis5PI
8NSykGWmltZ7ZL7g2hCH6,_U7gwy_JqSsrWMc1gzvgt
jjdXaCIPlyN42SyB68lOI,PEBMplCag3-CbIHQw_-IL
4EFGAt2XEi8ytU278ZDPc,bS3JK40UQzOTe3o-i1ygQ
RA-armJAHvhurcYDl648G,unmX6vvC_esZbFkIhiGcH
HfJ9X5Sf3GW7u6ZIg1X4Q,kBCIR8pu-FFLTv2dUecGU
XpRZxkNksH4kofGRRUgja,v40DORPWuGHIAcxDcxTNt
p7Zq6YJjE6NS68LR6B_SW,cu0bJktJDcKLJMII_QL2u
w7UU8_VbJrNFi6204E8iJ,UTrJ-wkCEfLgVqwgpaARa
BAf6yeOjsUfV0xTa0p2CV,6LUIuqPHtjEHSyDKMgeUS
m_fq2-5OHvfi6UtWMxzjt,pPCUkh69EJpmIomVweSfa
RGR61DXEiiPlS6YE2kz3w,S1YNfvL76sCMYA2VzBU3A
-mBLPQkuiOJiC1Cfr6POG,z_GW2aXooYBCdej4bSfpG
Bzt4FusTAWHCNuD1ko6y0,Ji-OpZCoMsHVTObL7_2Wy
2KPyDAZt-wDnvTBhA9xan,-jBurJkEurxQwZ0yQyYbc
7CcPSZjanWxtwgAmPk7LE,4mJKvu78LJV7zYwpvR5fb
VAIWyq3o6aAVBhMpkHOEJ,05Z4RKJ5UTqBQyPLSWuw_
RPpw9fROEVwUCn1xAPWTQ,1uy3DmoBoTKuGurkh6cy4
0Gb36BfqLY_uWZ0pukmHm,m46oaijZfpV8Qo0WYfspT
lnePscXnhE2opzXCY6nLx,NFlIq355e0owmxg8tyFXv
-Brm2Zoo8-yY9rW06tNhA,SL0mVeWRbcN1C8nCT2Ump
GnUq3omnCQSckwdJ-Cxmb,O2lI8cIAwXFd80CnK0PA1
DaJaxFLbvi8XoVxpnk3xH,6oSSFexiBnAcK-brwOpVn
dPAQCYg-CTlBZXdzPq2ME,S0MX9oGsvN5iyiWVYou7E
A6h3yq_-m7akyFMX29x1V,Sskj_bJJOfDm9FPGAiOgo
DrynlVbZTXuUAQOeH2cZX,U1K-uZUxd2hU6b-8abMgD
scxA__bVoCPOmgRCnHqHE,bFBbQSthPaZofHbo9_I9-
teI4GDCwp02fzBrShGE7F,XSBFMCY49n2J6nY73z50c
VGtvdcTRP2NzJBYIj_Nnq,Moqxl9c11NSkUP5FJg_Yf
NwXG5lGnzz1aaota76VNM,m3qaXUfowYUqzM6dZY75b
AnwavCvK22Dmw3U3AzpPx,-QxKGjecDptiEccIXYgwd
wreLy9G_NmO4IvKbr-qqV,Nby69Xq5zP-0MxOPq4pfx
B7F_U2sR_XMzXEl82jgll,hkmUtC0KVI0D5l-fKre0K
zC2FAAVMcTyOuAH5mPIbS,MruqMW-mqKljNvCJ_coOh
uCkyxs4kIlcaapW89VF0K,Zeah10xIaOlHr7AIJ64NR
_qH3gp-8g3xrzNoR0HaOq,MDkvmwvHgnIWd42VzUZKz
a1fYyqWes2qygZjUAtlzJ,UN__itu_zFnpeZC7lof-h
tGzLyBDhvaJGD3CYjXMng,SpyR4W3GK4rxdaOLYW-mx
EzpeW1d1A5tq2HhWm57Ib,nr48t7pdcuCW_CyC8joqm
so4iTFYiQzqOG7M78B4u0,gicJEqnofPqL33oHMbAuC
AIANJcFa6I-bnVUQJR0je,uk4bDbKCLy62m7Xeeqy7r
o52VeyUKZ0PfupqkISdB-,4xxiqWP_WD4-4U3bEm5g7
YTVTxL5tmRG0Hn5rt2VAW,Cdwxte_6yslR2nqnIrJhR
fqTvdhZl3qDVPdbNvRP5u,fAKEaY0h7q2jKO-aEv4ed
0O6kyZPxZ6CJIkiT9Lu7W,1CMfhxYPYi29JOQJi-Kb8
Q2V9cBowRr1qlTKhHNYmz,-5qkIJkhFr7523pFtNWUT
uvIs3Mi2IdJvG7SYtJUWZ,JaBqhZx23TE1dD1qfM_6w
dI7t4yppWtN4wu0-Bh0AV,7g-H3Um73sw7JvwBpJ6s9
C7CnY-9eodOllGRooxQCx,7Ksfl6LjaughME9Mzq4VE
954t_vDUPu9WjKKEIq0de,8cRTZGzJiDjHFPHh43mCC
S2nKE_VCD3fC8mF0IVfSc,hKiKq5_u5ToU7LB7yV0bz
30jHEjiiWtVevT3GmKWiP,Sj5AzPNYeeO78oNqjG8eJ
_f5KxbxHXMBMgg0N9-eeF,o2levH3I_ba4ZuExvddcv
_6A73KKs7iseQCIkYzyzF,Huk4EwlpZzYGzHKHiVdlK
S-BDR5NXj8av6-STKBUnM,DhLsC3QK3L9wUKFULig2f
t7VV8ofoPf4Qvv7irFQML,0tzlLR7hfevC2XWuIASBN
FsXiPZtSmgUnMslyY29Bd,oEwbU_O32r8baL5ZmSWs4
tBzvJenGAI8eMwJlmhK7S,5vr_6x01fWkYZNtyqchIs
0p5kAR9BDYhjAhk5yxGg8,PN1vw2RJ-KUw-dtfMA0wf
I4XFBYT_cd-sUriNFWEl0,CPQK8wug8jfBgL9w2u3xA
O99RKjq5AwTaJAxSsS_1L,_oOx5LwWlrGwPufC2omvQ
-lOjqM7ByRPBYzHIGwsdZ,RuG2s6U0-_Mq1XekMvOvE
8ioLBEYzvlyI1vQCJi4Qc,Hm8DgRKWeOMQ11LvukBLC
r_l6xCCH5s5NL9sG0A6Jo,qeCFMa5A7Gn6cI4Nzgqyy
pJvCRo1nMDfVu4YQyeZbZ,Gne_9zKtP-Sq98gtZryCV
wo1C8X_ab17ha_5qkZNW1,JDQncyxFOEC1dr3mx83N8
7u11ZF2MM7kST6tE18727,OxJJx-2ORfehgfaYjbznm
Eth4-jpWwNW7Zb6MLPDtR,e280cF6WFTtqwT8aoy1IL
WVyL02ntCXfgSjtkUim4q,lhydiWxU8iJ5B2DpzvP0a
YqNKJZhwhNGxZt4wlpo05,QaEvRn6_nqgdtXd6XxBSi
yYObTzW44At58S1mD8PLj,zuqkDjWHURPF0q0kt3UfM
pfQPyiYAS_MTrpXAorRPa,yjixCrkiCUV5qTuu9tOmm
sJJoGwKMxSX_ZapVHPhWQ,-7zJZbDYXlFKyfHSlQ_-X
tgt738CacKD1A9M9AeyBy,O-YFZIWbp7wo74U54_Wrc
jyavnf2Yzkkha4geakLhC,cX-SJzo4CV8Bj6VZslmgH
IrIXKuRBCEvjUQ0XGYe2B,lzNj95TdgPaE1F1UcrL77
NY7IXjIAAS-RkmZc0V5rg,ZmiTE27lr0GDJUiJQ_xvX
0y_KkowQXaYooB_eZ3apJ,0EJrrMS0vhGWajx2p1mYK
sN5HYRV77S0_BXd7mj2_A,idmiCINNY3Xtf2R1fZESq
aUSGUb6eCqtNYU7J2ixfj,i4813vRPSuis44aAvKJEV
LDIw4NXBSqbDh7WE3G2Qo,EK7Ymz2ochy0LJDxXQNhj
vaDJvVLSMxLpIkVlv2VxZ,G9qIECVVtYSbjf00owLw_
hhtVy3mHQ6IXHL2zQJK7S,C3-bVR7SMDJLJxtryhvPO
2caSy83i4T4zVu5r84bir,eGTqEC5RQSs9cC6DPKsoK
FIi39R9DasfPiG3Mrv33E,Ide_bAxVSWn4q0o8a8Uz9
Iwd5OIc3v8ZN1paxbuCuv,PsAhUi7GfWup4QovF17Wp
wVrtxA90IXEHQbEPjfAGS,y_GzCiRZfVWlbHG9X6UKu
SoQ-pEaKIAO30yW6xDxbD,t3Y-qyLNeYYTN9J2XM3Hz
O7PeyevH_1ESq7f_Axhmn,l7Tmk6993d-2MZhNsFKdg
PA-RNB6xkHhC6tto3Y3wx,dzEftuq-6eqtkMtxxRQZJ
JeA2HJkBj8oNBGTISQ4MI,tJ7V-V_2GLONKKDhh3p9M
9pSsfnhr6-vjnGQMJn-OF,YHjWSRTsN9oRkeeeX0XCT
bm5BA3XnKJ216IaDTUioh,qdGip_pDCLGKus4HL7_jt
ZQSiD532NqsB053POnBS4,Z6jXjEuUYRc0SRW-YlVSQ
eY_LaIO9-KaF04WEi0zEL,KUQ3SVqS9HGKz-VMzOAmP
EuFpxdO4oYwj5vQA1OC1W,ND6zhtg0x7gnQ6BT0z85d
Gw4s5DGnQmMd_RRgrer-8,JzZSnQ2_K--X45Xt_Iqr6
RB2j89kDlga4a8lVE7KG2,awTX-C87_2Lp9-H_W_jED
cXIfgfKSQNHH28L4uKKwZ,DkTYBAe31oYHtvfvOUO7g
xnz6SWEtP7MUfpNr4S_lF,L48EMHNKpTTv1mhzs0qyK
9MdLyn7_zF1vCoG6C_0Jk,_LYJataPyXhryU5C0Y_Bd
eRbDpvucbvjTDpSd8hA42,UHI7SLFt_5XTlzS7kxuFQ
0TtMfoy37xA7nb-OCsj69,B10OQ8hWva9MfGxmMNLrx
-8lHdckhKR2sThu5ODyLo,hgpX13HKyQRPddK3Kck4E
sOW5usGygFtTEZBV28n7h,f9jsWnZIoth0Vn30tKQbJ
OoCORQqvZqBz83D7KTTcE,GhGetselk93MF1bpowL3g
oVKkqW9hoxOnmCMEQEXnf,7BXCxGyZ8hLo7SGG6SI-D
-q4wszicf3R5gP6vhNs6n,44KMPESheadBehJLrgiy_
7tj9kn2HOyKReW4oIupBM,67DG-0VSFf6bEaEvHrsAv
D6Ef8uC7_W0kXbaQK7Eia,n77TqtkUiGjiLsK-w1BpH
vedqiMitdlcTYHW8xUUG_,osMhKg7rmVKuj8_2v9MFO
AxQHAn8Twf_2C2uSPyQXs,yIG558zjC6C9xEx9gZ4Sp
-skFxXUgUyODK9U2xmN1d,Fzk1VymQZeduBKvzU8E1y
bR2tg1SYWQiEpTnmrh8bR,tqR3Fjl9VYyzH5nCQbD_r
-riL9GKWyx2AQ5b_zkbQt,zJYAW6rdDyYba2o5tuT-h
OaLuOZOy4hRnEJ0povh1Y,sbS4txmhTyBDf0XrjLeeP
yiWFGsBW1ccscZYB2nHlD,52mGB-w_JSNkrEbDhPW2_
oSU0uBTlgHORjr9n9q-zW,dz3n3qg-bRN8lQXXv1-P_
hTWCQXlBDZsr2U8O4dGC2,moPY1x5MCdEnpV4_Zwhkp
hxH4rWW0XpYyMFFruy75U,IndPRxQd2V_TKui7AzwSD
ohvZAW6hFtWPuSlTsC9vc,h-mL5z4r7mYvUKSZKEIaD
EpNbHsi9weGuoVY7pfQOJ,acKDWTi0n0-NIVxBf0yp9
P66w8uhm871GwewVZbs3d,hhsxEgGhpZE0BknaZrBmr
u_wRM5gszjwryxmvvQ10G,wO0vHa01m4uQa1UuA-xT6
Z7Ay1L1o-PxSyaLRh_R_-,rzjCHrMjWGcc5UMEDpXW2
hLs4mOO5waiNukOkEpcJS,p5WspJq253YCkzRpOuyNc
0lMnGza9KBDxjduQBbup_,hTh6ZosWemWsOV2ryMMCw
XPzEV5AohL9Mm831bYo7z,lQfPHim1RboOAeeoPeB8v
9LJCPPrNuYvL-1KOrEU4f,ilWHfQH-_qNV6plKZ5Npl
k7ubUI_LrcG4Vd1mUxDEc,Zz9oVhx5U-HxtVJ98kKrO
bo_fJsVQluh8FvbK1HSJr,NIwRSMKdWbOEvMQBFseaZ
DUK9Nv2x1a-uhxhLiYxt_,0eA-gsAfMZeq9kVCjCEXZ
ay1AS-lWQXJ2ckr2uoVXN,p8DqbUymVqRRf8Qx8C9dj
Q8vYGKw6qJeohQJO4Rt7e,zZsk5NvVyoUwmT8VoV8WY
szPVWCp3PcuC4d33hVD6X,yiuN3HUpvBg9oRW8j1efX
mnjYIvpuuwY5n7O0_RLLC,LHYVo2ba-aG2KUPoxJQWK
ePDVWargjSkOmEzC9qGR2,-MQAqf8s7Pze88yDTWQiH
ekUhuS8tRCRv8o3PZQdjW,CcArvxpkUMyd2795qNjnm
KlZOd1PJ5vWJF7A8iRe6X,NfHEYWvwZnSeEC3HAkMNg
yDGeoP_bSPHxXEXidnSnI,YZC_flw4bakAXUbvrBCXy
sYljH41HizSj0hsJBlxD1,oYCvwU58aOWRyahb1cHSd
Zf8eIKuCBjErBOYhqj22B,a-SGOyV69mxujj1mczYrp
qdFmD3rHz5ry5iKr-h0jD,JhTg_XEfk2PcZ_Nu43m_K
w-0A4jIF3_DLBT-_ZkQRm,PJeF6LuSTr1R3qbDOWrIy
VFtLqGVj0kmr65W5Our1N,8GqshXBd_xnhyPAJZK-IW
KJT0vFgabBTn9CvoWJuj1,VxKYcbL1qZsxDP6FAjagm
ltukWh85F7gvDQJETUW1F,AXVIH5ZUdEFqG1-bhXGJx
Z1RY16YcFOW3Kqie3Ils5,4hTz8yHlJ87Ysydy4gZuC
8TgOW--8I1LL0TDywV4Aj,H0fzXOXK_7ClSTedQZyQp
NdcfEStI7aF9M212RA1Qe,P_aob-wD2Mud-w8pNAWOn
moPL5dSGF6MTT4WzK78rQ,rCKcpkPhr9k_OzeIjLVgh
3yAJt-VPCTQIzX3REYA_b,jyVEOAGgkauy6q8wiWKmw
aHpzn_3nT16fXgl_iEtdy,NRXJN7jbdsEyTnsU8eO1o
s1DnYe_WmCKTefm0LKc9S,SapK1R0n1pVmH6oLbXD7L
FxQvl6iKgW0MLFSZFHXzO,N7930l2rqho37o4GAKXiM
kxk0AA_tBjJcEXQp3v_mi,XKq9RGjuHKurGNltSJ1XI
kI450BsKDvMWxF7SBsFpS,ybc0P-o362VH0N10CCf8u
JecRhTGer9nyzQsBaQ0Uz,hclj3Berja1NcxVeTlBPl
q0jMZQ9n9z22ZIt0zvGjT,hN3CgSuPgiimJx0YlO7sW
5giGB7R4oDKVCenpyuWON,vO5W8cz2iOcMfsZJbf6F6
Fj740XsXOGxXBk5rUIMjb,WIQgTAShAzgF-V2fupRSy
HrlPTjxKA7Y9IvDIlFZhQ,HUBuyp9ZNC4Sc0LX6_xUJ
9dshhX1RLGD4eYT00m5ml,o1XDZr1FazRVfjtI1As-2
XLmivl8VoUbFlE0zu9hj2,BCGyvaA5W1Z0zKH4SRqW6
xMv77729b57XwL09Yb6Eh,hoMYMekb33mvxkBKYqxgs
hJbCLHPpjnrLZ-WfgerOP,amP01vkZ3SJrR_l9InanF
FSOeip9jZY_Z6hviSiqB0,ka0cyI4lEESeADJpcT_5f
x1KV-vVfiU34jJlLEiaCo,Uz1g8YI-G0x5v0_PPZNwD
y4mFWcuyXF3oqjxNUXJcH,235VWs_Mi5g-p0BqV2RHb
Dt-5zWKClJJjcXTLwTtI-,VXSbwEBXHK2o4v28Ji7Qs
ku9Ajqlwy-V5f7gLPRgv5,Z6jaCj-14NrqN-gcIWODB
OONO3Lx6bUw-bItCCfm4u,D46dWV9tCLTjJgM4q7DAc
JaV-7nT-VH2HaPCOyRBdF,p9C3luT1n1HzNVPcbWkzP
bCjh8lMzAWsXBakqzM3jj,bKTNh8829f8ANulJja_nm
OUurH2apHzUFHiDbikD2K,JdKPd0P0eqMHAl5-hJHmq
H7A_9yrQlewlUCR2J6pR6,w8yt_gqeFwS4OYraTLmO_
CG9WORbKKM3CrTHtJDjFV,PUyyUTnBjhUPQDolUzsTV
m088bUIlg-1-p5vY-tG3x,u6Jd1MFF1KGsZ0Czag6wN
YPlCoPsNI-pJfRzS1er0f,M3Ir19XV4PIKHEkSmo1NV
H54h5tBaCYT-GmZ3t08uB,hyY3AATvd22CMPYQ-oAiz
V8SXd3x6SKAnR1l6Jo8Ta,AbfIqjSXB6xd9iYcV9nF4
UuTTIjAX2braynoZGasQz,J2wPYQXpKxmeooxrmTBRI
x9hTRC9kXVBH86NUUtqHn,exrcaZS260iDQjZWgfsRM
hiHYc_zzx8gc0v6uBVRFh,oWl66eDYFRlJDJd3rzxBk
kvxSTfMcISrdJ80bcz2xk,KVZb2hqNHkU7_gJIib-K8
S2nFcQcv4nzWcyRdml_IA,_uL7cdmDvior72_rKYruB
I0BLWid9_GT0W1f8Q5AS_,A-V4a67AnYF7slNMPZ79l
C_yotaRhLriKgOgR8TyFT,x8nTEpF_5UYJ8rxmYrAqH
0vjdFofPOGJlIiwYBTHKI,aO8UvWaOoEJ3LIN_rb8yo
gU1EHHMs7TT3UwcnQSHtL,WbS1KwTb0PODZS_pwoNo9
0ehmh57rItfZf00McqW6v,xjlkqC1ffe4F7JEAebq3H
agpN2tpYFNVdu_QtZQb0q,iXWq10-rDOi69r1oLP2Il
VMbxps3utHaXsNE9DQEnA,Kkqyqkxd0Aj00J1aBItVU
aU9OADyBK_Ybkg7UUC4tX,M8UhhQTp9FLDpIU54TtaN
bfdoFf1IjSOSRMrgkeXBo,Q5DQq_xGGaAUgJWEktElp
P8P-UXGoTrNzXMtb4w-i1,sm7KRazdK2SIz2n3YNIQE
h_EPHzvjPDoYQZjcUBZCB,XpMlOdOJfwSGAMscQURTM
i7VxyexdOq0ccpEj-FYS0,TQWS5q9jEJ77_8_2RkicP
FgPNWrez-YQq9Hyqkxz7e,bJv7pHyXFcK3m3B-ZVmww
IJgE1bmO-T5Zt-aLlAVA3,aDUjWFWZrRSdoDEVUGNwU
yWpOzNurIQON2tpDStwUP,u3rEMrceOjZgfW8b_YX6m
fc23ZdkycmR6ymnz8VY9z,o1zRBIBkij_LW60cno1Yb
wTTNASAUT5ZTX6J-ZdxqG,TMgWwKmIGvfwrM7LBR90B
LB7XcKjUHz7aaFl6codvt,REK207dxRokwIgNDzY2QF
8H_oedguMeqiMiUsH3ZsD,KXtezHl5xNXQRevfj5ZIC
D7dCxlzfslddcuWVV-8VU,cZFXNU25fTgNu2qlRAfzd
EG805D5GP8YfJgmkFj6Yi,gbcqAQxcGd15LGa1EipJS
qsFQo4KZcEu_VAGCB5Qmh,5-DcT0ET0blCh9nQRy0ae
8C9Nbz1enUdgxPM51n3qi,gwqyVC2JOyFs6SQpVTD0t
YLeDsGDIZhmKz1lJicHxy,IpH8Sqpj1dwz2hZnMlCoV
uoLnnbBgi4H_-tgFMe3Sd,uC-h3Uay-E-IxM_wjkJP7
vXmfwWSTp17ft7Qeg2MxU,EMohC8koLqFPcg6pZ_ORg
hHvHvqx08w43ekL8HFyjU,H4BA0l7c5ec7SRppInoW1
tHmewFfZXpmF5M0Zrs8_z,gFnxKZliJ5XfRNkRXbscj
_Z4gtt6ytv_tyj2C2GHLj,gCVlvojhnGvF5tTHeVCEA
laeGAB9-O36iUzqHmt3-G,HIW9o9nP6iRiRGLjI44cu
tgVt5GZUeUDx6mEVKH2i2,JFMotryridKzrlaIMBmE5
4Knxw0yCNPhWNf-JS_N-Q,SheVfKxJ8htJVrB9fAzvs
C3Rf-PnY3vSDSqF_BGTPE,-PwbRtlGmldWig_sTgqU9
ofRzlowyaah-CifJPilOr,_a--_XBI8IdYxeVrpUd_u
sMlPWosQcO1JhEv2p1CvQ,-7jAOmornKzr58TJdHwvu
ymmhjASO8OFM9ru3hzlkS,gvXuYLteH1NABKYtZiprH
dN0EWR-zflb0PjJYBH9ya,bM9Vrp3tHkhFozQJpHiGD
i2HOIBq9Ah1Z2tImu7-Ux,JYRO9ZT2XceNBa7ay3aqx
ACwwUQEpj5pytHskiNNw-,s3qxGkzAXmU5ehli9kQe5
iZYAb4ViV_sSvjg2TG9xf,-z_p-hpMz2atKSmXecJZ-
6UVZcrWG5z-fZl-6ciCNY,Ky-5Sb5tdhe02aQ6YBz_v
fyP_iz2hUKkFdAiAF0HGN,pE-TtoWxB8T8BqkD5CeXS
7b9RFkV3A-ZMxc5hQ1unf,er95GBOt5i_91sVyHDxJK
Qf8bvkJ5nwK2BiO1ynZ9U,9pZgeBWPNJLVDEg-70bwC
cDnVStcmUg5lw84INtQoa,1y0BDci_fNmliE25MR7yH
qfJFoHAS_V6egJEvEbHX_,TfsBeuUY4kZd-R3vxq-Fv
AbfpPnhXmNFF5xsZDBVJ0,abFdlV9RGvFtQtPMbY8oE
Morlj9sDiousXHioo17g4,qTCnyKVbA8ecc74pbPKzW
abUAgumwQeB4bwMHQGQlV,RD_YqTYWpxAL0yvjhEfEf
49kUsB28p7_eJ9unYHE5h,ZDu7SLVi1Fh-jUZgoFRED
uEsUsuA0dHWM2ii9-d3KI,AMvlDeTjQATXYVi6PlAcn
Hvz5dvg50yIevZ1ffxyFa,6QGmrUTe4822HPvDqSXdo
q2QaQD0lVipzPF2yDp8ow,s1ZRdOt8sxBufAXyzRL7y
6SDeUI8S8uCyFkm43oRtH,aOeyhNsD7m2sQ11L5THYZ
B_-vKI8TURLdGMrnBeRr8,m6INAzIeE5NOQ384eD1r1
p6VmSUdtQ8BgZB6H03DbJ,GNZawjQXjgyGcP9Y8lDv8
r0Oq11DmNG5sh5Hg5ZgmR,AHZnPZe3oBeh8Qg_P1Ryh
iQ6KyP1XkUDZA6M5WU9x-,H2g3vlHiqq3p_yxlNmS4y
BN-h7Q4R6_RhKrqwQ2HD6,HdZZCWVAAHiHpyEWR4acS
Vg2rpl6rtSgkzJz8lJLGr,jdY3zuup3jRwwkmA9C71G
j1dyyWpcCGRkQVzIIm-0S,tnxCfgi-o0_kET-7anMbN
-KkkSmQ-gA6U6OOXacOeO,Yxbl6BNrQcvQPXeQiaLgI
pS5rQJaas7dHWTqPhkaqO,IaRCgYs1AX1dEMnXHayRN
DrS7kJUh8APTt4OUdnK_x,x4Q09rQN133cKoQqbEm5z
AS7r1Vcp8Pe0Y7twYDxQO,NRrwVMrNrmCCHxQjNrJ8i
IGUHJXWi79ngyyKrj154W,bx6Ln7HJj3jd0U8ENObSu
yfMaE3nhdlZrE1nmSqFVv,NxVxd0hnnSYDqhq2GzaYG
D2sqFEyoWXERedOJ5Qg6O,tASd0amnRxspuqaseBHzC
_QvhnTjzMBCogETZ9T6Lv,IUNVrK8RYhk81pUmO_oVg
M_iTmP_mIVrBEIKtJorTw,LeoccaxVHBU4h4aHZMmoT
LseeuRpAc96OS60s2D98V,zrrh5F_81jC6uJLxYA3mb
5KMo9tAR1ePyTycTsFUAf,mkk01AbmlaYM-NzcW9jQ6
tesEAvpWadMupCm6TTc8y,JS8LbHO_M4VNtZnld006i
q9TqrjyJEwL5Nzg1zpfXE,gZWbqpeLvc7TWyOfOwBUI
pm3fiw-lLRVZYFz1lIDNh,vdipr9I5VyjEXwsFx8px5
qYHX9zewuI67UvpYRHmXJ,6iIxR2ssk0Jyf5SdEtGje
aJPjIjSt4ICWgeOUqg_0q,gZSKInkqN_gvaPkYShCtJ
oNoTFc1-5HTKVix2h9so3,0ErMaPq8L6Qc4A8BqJ8Kb
JjRDe_ehmRXg6Efao60Wu,N80VWhEJOhJ_EqfqE1JGA
0dBqLTQj8FXP2j9b_mNLf,0IFSU-eUZgiLanqHb3QLH
NUEjFB2c5T3NKk6N_8oeN,YmtiUYJm6qrad3U2a5CyC
fHHPAmlQthXVxEncUUE4A,KzvuoghAnYmRkrvzzCd2N
b8Y-7IsasjyrEkcFXQdcm,CaaqDQYy4DIZHniIcQ7F_
MVi7jbbV4fLUbaVimgJ2B,Cf6uV8zz-ZPSmK7AgP5ln
Ke88eIrtJZUFyK1f2VcTl,fJ9AZ7a0PPD0F7f8hq1t1
4t6Owv-m___TYtOhmYLTo,vD10sg7SyOqxcPnXC7Dgc
Wv6BPJoNGHv__10WJsvJx,nwai-BCxVy-xDaL0QzWJf
u0D3md0xK--VHVfUvAUX0,ONlC9fChyHZwGRgZSBgHU
-KmK_Z_BtFWn1L6sWBTiZ,yXCK6wafwz0KmRWfGFl55
C_Nc_2xvnQ1MVzyTcEdSl,81EvB-gldBiCBGdeGWgdQ
r5VNbfqrS1OU6JSpAxbbI,prD3pIptHkS6j94u6QnUU
6CZYclzpgYoYNriIl0pqR,u-GTJV28enWQU-TXkmtEl
GB2aP301HHEGAIKMYpQIh,qSN46xBQeMm2YdyBG-Pl6
v-lSmQ9lzq3Rl_eZ1Tv45,Xqajk__HAkr9M3QEmgIoP
6qQtptE2r6kiYaBk4q2Ca,ROG3Mxlgr9qgXSM_XSbA8
z0lsq3H-ryhTSfkZp0dMB,oaq240-obpmaz0W3ZwWBg
4CQp7cdsHMxI8rwZxIOdy,BxDUQnSuQV9lwO4_l9vRl
Gyz0ngTPzYoCjfebLDC3N,R9ExYNTlfsMepvzaokOG-
9VeaRfYdziGJuAuKKjIyS,U1sH6_tYIs4VXOBQ0xFNr
WT6jVKzuhTkzKCDfcniz0,FVajovP81PpIRDh6Gy4SG
56OJCUu3M6Kl8mjTGnOr4,0HYdI8umiWHljpQtAE_jZ
jrs6nswDwoppo1Tce3mAI,cVMd4pASYATe0aTMrLZDz
Fxuu97c4vHLGIdNq6GcAb,sDFuooIyizu0RNkwJPW02
gOZ2gm3pPdUISc49ZMpbQ,lBkvxszsd1jco1whC5bvb
2Z-Ot0LuMn06Mv8bYhea9,PTqmZ4DYIbH9D4NDzGHMB
KvXc-TlK0Hr39YkqqsQyO,2uJAQTI2yK_5Ym14Sd_Ud
9fubxhmj5r99gHpoXD7Po,tLoIMuHRTzzqbxAXYs4zo
AtZicnki9qRtZsw5QAfSI,nOxKBsFG7SxwcK4mDEqKT
yz68uYSidelqGeKUg-9ge,KhIUSeGPtTnbkLdMlyrzJ
esE7MA7oduvquDJkwL0IZ,u5zbpMcOKaAJ4XaBhd1Iw
xUr2nif5qonS_zUO_m6re,6aC2183yQByjnR4iYfSNM
SKhYTuIdj-1Gro-YSaxmr,1YmAAvIEUF6pzwsH8xJHz
1i0iz8QIJ1JWVrsD7r_lv,18TF8sCQHR87AEbc4p4wF
votwcyyA6nW-Gu71yoo1H,MgRmMrO2pV4LYnbNCcnZo
1PqTlqvjWNj6-rlrakjSN,oHQDLGwuogyDD0FSpRsI1
8ENciKS7vaVaTOTmtnncO,rIfzb0D5a99MHHyk9xfkt
AvqpSHMT6PUI8lvcaulRL,OTd7v_Uo_FdCefSfztzhh
upNEJc29DbJSQAlzz88TY,bXrXpszfjS8o4rYVEMYMp
k3vnmrCEE1if66_VcrdEm,CYr-zisKFprA_Nmbojw6a
7RNSOxRQymk4XyqtsihN7,0FCN-G5Oi_x5mRZWSZf_F
0t09AXyY1qcnObQ33hC-i,Ym8L7JZT2Zr6Ifo8b23MA
6r8VsQ_Ai-XgL4lXgvWfL,UV9lgSl2NhAhltQ_MRCzo
qh9hE_NLqJgZ2ZpA-hyTo,_eZgKfObGWDNRK_d3HVRV
3XPwvEAtB0v5hbv1-wIwE,GQ3hKRzcq6OIX5lwrO8fy
V805U-pf1AFRqIa8DAM1P,jkIJBRlEE63iPVvnZ48qU
E408dDv0jSxSDr_-Bcb6b,LzyTWjluN0NtDssjx9lJJ
nv2SIA6JoF34YzrY3-LYa,NwgkKEjrzNR0qWdKnxcl1
25GwBBR_ZADmE7z5SW8QQ,GUcGF2mCKfsEwT_Ig-YSP
1aUPZ7kOr8kd6mal_ECFI,1QSLc6VWeVKtJrRGERKFc
EUvCiNgScty__UhzaRhoC,forkOlVYymitZ8swU0_WZ
3xf9HhPONqMZKlrIrmqLh,2l5AS0bBjrozuRcxzuMyM
Y3F9xzavq7yAINs3i2fsp,--6BtyKPZTyfGzNxjiG_P
z3GA_Rm3ZQBfXe9jaArEI,zwdDAj08-K22Dajg6tB77
SyOHSVgogmZlWWj8S-kYx,FWyP_X2off_9Mcyn64LOi
OM1OzlhWxuQxjeDVKT6ER,VynHaVFcji8510FfovqR2
2H47rNyfqTM_IoUymSgEU,9uE0GiO1UD-mwyz6ghjVP
9RhracRdV4td7F1FVVB_B,GXuKVMnCoA1B4LI_YX6-u
7-X_6rrQvyY34MfUrEmVz,nLscZhVQQTGbxWytNGexT
RIkTvWYI3vyjxhedPu_kV,1fAvb-e4qga_D-b1K_eLw
vJlxtikYlzXVE8JMjD1S5,2G_HUAglNXKJHB7xA_k7Y
zgJu7BoEQYgcDBi4Azjyz,TDbGGPzzAI90-NZYNVtI8
AVgb2VWQvZHmBaNuxZauz,ypMrZZqnWvOI-bUUhdb4I
1WWuaUbEP3pOhzaOi3Ge3,POB9jvcJLow_GHsQFStrW
udqZgdNWQdqDw_IN3z0aq,NrKZ5sPZexeaRWSX4wYK6
X0pClz1cLjC_V0diwMLAA,ea7lf9S18XWPtdH6q8d9e
QW-ejsB2DdO5pGgk130Hf,mlLJuGC-dzQ8qZQTrctne
_2ODmdLSu9Qn17rXFbi9c,JVTZBxZqEkU-mkn0Jd3-9
tSSBM7qG2EMH7hcoGKIl4,sOGdsqEqBQP0zRsuL82WD
W-cV7D6qn5hxCIiw8j2zl,WikBtSSAOddWXjybgcWig
1k2xRwM_C41sLgWj9ZX6L,SCcAdNTa-VrSORnADZd2T
UH3I_QzuyoM5nHLd5vsDo,_wVvBqEMfDwTAG5j-OS4Z
CVvvV7iJ09wANlUeUGbLj,o8FVcqn8aOZTCP_OVEOpi
VDJuczeHqI2jZTdIYS8p2,8gDlbXEFjengPv5YBIH0y
nuROc-BzylObQVASdFhTx,cEAe-ZX8vSZ9QrowZde2K
sf_XMPeXcZ9JryC9EE-uD,jWh5yELNMbgosukxn0svy
pu_gLe09JqJnoo8ggueOA,EQHcsmetjJaB8rHrGfL7B
_B0Fmq4qy1HLNVjH8q_YD,6mAEEeL_DSpRoV_cq6NGQ
G8g1taTsJdQuFIbWpijH9,Zp_MPfaiC32RXP4FgFXlM
d81wO2iX2IW78qBWyH18C,PGj0KMUxeKs1l-lJWgkeT
4A0OjQPrv87pfFVS_nmdj,eXKAUL4J35kejr7iTj9cH
tisyh0V6YMW9DRM9QlLt-,cS0POgtkOWTgQ21ywA-HQ
I2nHrJPdt402nUlzWADye,C2YOHWvey2ofcY__q0Npv
VRi7K58FHmVCCg7YVK2dV,kiSxjbVUXfkoGWZJRECmd
_i7RpTZPenzA6SPFNgNIM,tBgFdz4V-FWjItyXqhC_I
BO4yRTePD7G3pEY741VkC,3nknQTSjlHrlyQ6KJWwdp
skF3HsC5xJfPalX_8daHx,0MG-86AZtXDNO-_3kNcUG
y5DTduQioEzs4M1Yi25Bg,c13n-Zkno3-EbRypJ3XGb
YhaGrglsxwz-dYHH0sNiG,VveXuHaLfJLAJOmoD9yA_
RCmtH4PLZrQj01bwHg2ov,eOq0MOnwU5N6vOIU6eBjU
_IrGb9bj0a--tBuW0djUL,Us_pEks9bEa662I9Agfbw
IUR7qG7K8h_By3Ej4lhNB,UbteVeQV2rcuRou-aqo5D
CN1xFX_EcjzWG1GFOyS3g,ZNSK_VCxrCktengKAVvJT
fGavnbUR7y7kHJEGtOTk_,Wyed5sdjTY9OggWqUkLsZ
P8UkC9bBvxrS3VBUjXKm0,6ZgrVGbRVcEOz826LHw4V
yXVGIbs8zvPAI_omYo1md,vyipUABDKFwW8lZS2rAtn
V0EzxFag0z1wni_t_CP5C,1EN3kOjmw013OQXXG5G0u
AxKWXfsn83i2W89_AH_rq,iHwGtWT_1Tc81eLdsfaW8
mM55WCglh-d0iCcr9IGfm,jWJS4CxVvsqb31FMTflud
133nSvi0RhPAe2390r82f,tLlX0R9uOV4NGiHBDKWvv
RyMMLqGKe7_gpGrhd7xit,X_3u8uzTfZAw9ujfX1voo
T1Z5tsUDa8bB4a7iX2cOE,fTXYnML5CQVUjwVNmSR_t
MYxbM3ca33Wa4d63iVzCV,XaEEZrL-dlFYbYyLRKI46
CxNFKvGj14gvnWzB19Y4T,BCc1Wh291OOT-SZekfqUW
clvr2NkC945pAD-aOXq7r,5vgnnBjYA1tQVxWG7htmk
zNCCrGdgOq8z-c3xCRcpz,4Of0sv2G748a65SCsLPBm
CWYKcrSlDMroD75B57_JV,0YhVVlyIjqHsG8968ZO2m
sBJmHrQZaFrC1wgGhtqcu,7yVvdg2FfS94CPQ_HFE5S
QgK4swUR-GzmETbWCevoW,PsVLmjW1mE-eeVOOqoL6U
KZtVGYM5XWL6Iz4WL1oOh,-Xd_XoKkyq5Sc6U3SU5or
_WHWNzJWhL9LY-V4ncUQf,hUkmg0r7nz-PLZptaV4Ic
UQ7538-L808tLg0RK9wy1,FsTnwKkIM5gnVTNN-eTo8
MVnxSkydIhRgeLeRcqT0q,hTrXynMHRV9aXGVr88mSh
zsc7K7tB4zUQdroYgFGPe,s6gA7V3Rbw4q6NkctNafN
Eg1f35mhcAvgJKjiaO35f,iDut8NBDLeqEPsTkzspf1
pwuo3rYujwZWbNZDW2Ngc,A6UlRSb4x31NCn4cJibwM
Y82qhCHEhdMdvjeGHZPnU,OnJbXSh6Qrv6n-rsT2UBf
w_L45032fWB0BVQxvVwQq,g7L9WL4nfgn5ABMniloB6
F_FtLMUsVzBOf-gFg1fpz,_RXbK3wLKNICZaTq3yrGN
p2bB30SccDtsicGJqMTI5,MXhBA-DZC-u2WQz1_bdNb
FYeU7FK-a9J79p2jkGdzj,kD_tEKsGK4V06ktsHEI60
GLORGl0miA-zZLzWffEf3,ljHTsvd-atr_b4-3KJ8gp
RaG9Lpxb2V7f_nWNXaFLc,X1moTmENWGhNz05FtlNJ9
-aFLO6FGtEHIrpBDZTuf_,IbjBIfWlXw2zyZrcBwDmw
qux1CTQDSYB_fSmGkFiMA,_xqu8NWur65g3jCpCmvYP
XvLR9rpv-uOl8kcdThmoB,udV4cfCgN2xYN__W33UVw
FpKFW-ZHp6czZfMeYNnvn,5dBX6lxN11ocvjFSEMHqK
wdIOZOdfObdGQsaU8XaWX,hFs7RCRAPezPhaEcqh4UJ
1bs-rBKKHaZvWREBmRMZC,lqgU-i1t9r-ldf4AnDU-z
E9XB7VVQWJcJMbeZrPX75,q4vMBaU7T1ABjiaLvt6lJ
UAmqI-jX2fvjPH6F_ufcC,BW3n4RELKIdnBUNZOISLU
g2HuepBisT3Yyfh1rqE8r,WcXq1RKtsSlBA-ak2aVlW
MZuZ0yMN2ZL2GQM-dmYg7,iKg_ORx0l4FXUprZrYYbV
lyng0AoKbJ5lt_frNV6p4,AI-gB4W-zuFhLTU-iHHHX
H1PJgRZ7iB-jborA6213M,-dnTtkCseDrCMb43vCS9m
xUBg_njddVQ6_mxOZIUVA,QX97sfe_nWILysYJNgE77
86oz3jTfdvsLhRKtr1CeC,b37djqFkSSY1oOGkNPXsl
f-rVusVuHmI91jMQ30OMR,KLAUDvnojuwpDLJ8cBipp
_PjVjXIuE6GCTq_o9Gwu6,boYIvo719zHKfV69jwE3b
dm8_Ixc9wNhCZUYL_HZi3,bwPUb2_HWFpfAocsuZrl9
UAQp9PpGXegQezwbCIBbg,YoE7FvZaMIih3DtQT4Js1
4PtR_dHrab8URdG4i7Xpn,CVW1mkQcvVQjrb_HJecIJ
ndeqb8sjrlYNA3j_dJe4I,a9nc0BeliyZu3pd8FDjrf
I_ZtXm26J8dzPNrfE5vWT,LloSBV50PF3lQeGJGy-qK
ZMLriT7_rwUJKoG3ilA4h,xoPL0EvW0whOfJtAT1Ukz
164oSCdn-1s59ILEX21Um,1mkTV5fw969aS2GoanSYi
m_Vr9cjU3GCULnr3MlARG,OQ8sxAC5hJAz26ckiVyOT
E27i9f657FLUlZHb8W3O6,XDBfpTqweECPEhZJudUs0
eQcCNlZ1k_OjeGLGMJXON,COAl9fHXFV0S9PWFBqk7M
Oe6-9QUoEllmg1h73gIVI,seu82FNY_EEB6D9EZD9Ng
sNF1hCn5oLAc4P24oIEpv,D2lSTjkAB-tJIz_r6uekb
rWhTLqTojoAssQDVw08BV,vHoXgUKUpsnzFN_PfAHCg
H25pAu0yfWqZDlPPIOolO,PUx-ly0iaBKB9lMjP56C2
psWgMpwE0k-D4stJYcruc,WGojLWzmfw7caltv--5eN
BJoEyILBr52znKbHuHks3,4uNqOhF98yMHuAXh71WV_
dFQKd8_MeRNP-TfocD0ZC,a3T5WvnErWvlZGX4LPQX0
FtQWCNQPWR2KgURMfak17,5kJh-ZMehxW_mQHlt-_cg
OYw3sU8y3771u_O-VjsP_,dAib33U4RMIieUhMWzND1
v-39qx99yHeP2aQ0ar20B,FlFMjL5i4qMWg8l0i190F
9SKdrVVMmtCfqO5grnd1M,gf-TwuNnSj5LgTPBO6sqn
sFslrvxYE77Q2ufeHRI_w,hrBtyD_uzM8mcRwTirPw1
4YwoCL2c_Rr42xzK9o6Oq,2K4Ko8ztaONHLPazP_Bto
REnondX4Ie9COLhAzWXzA,L0y-j0E23J_FNX3YVc6MQ
7HBUYVXyBo6vgc7S7zWY8,qeCSZz-ae-HYZ_m0weM9h
RaAKBxqjtk5oxjQx8oYdd,rMUXi3yZFMCLym8UeQ5fq
1eDQDY_5OdbRwZlJ_Jn0F,lc4L5IjHm5QVIE-wTi8oD
kv1IsJwEGlzkkwttahpM3,O8Iac66uopq6hzH7rZ6K8
zcWVWkT5j5t5s_18E7L2P,UJrczURmWXZ5lPyRpMOBq
PLXhmfdY256tYWnKG1PN8,J1I5QGw_t0RlHD3JETPeX
OV_wx8oPgLUJ9w5Ychnzh,h-UCo9gQ4EszaRpxKIVwS
6BhEQJEa12yXOgpE-GTbb,h5RriwIB70qgEVymbKaIT
BcPXZU-E82Zh5F_dEhlQT,2bwt78Kt-Sq_XfJZcXPlg
bM3k1xNI6Ef0SJT8VXkCO,J4EYXuM5XxWUMVxqHkFUD
DIneQ1rJ9yEfEeSOeTyMc,jbUwCC-IZ07LpQx5rZR2k
Q8cpo2LynkJy_i__qcT-m,h98Ia6dpeBjwThNi9Qt7l
TnJxNQW-raYdNQ6-La_Ni,t3WYv_EiHjJTy6mpe2bh7
FkH5cYf5RMnMyiin_qNv4,3Cn07y79245Uaa7z_KvXv
AserZFdWVo8y7PASxXWpN,PaoFG_V6ie9lPvUncEGJ4
OdN1iFPYBxHyJ42MkYwIG,MmN4Ece2QOtDwged_3330
MKIv4Q_6q-B-AEuZc34MZ,xVpQhdMM0dUNUya2x8GgN
8LAhB9PE5VHZlLsfkSWux,CMFtPEeSEmoUaPqBTvneR
nx_3jG7P6hhy5BYGTcBjH,0CbUdHS4ybIDoukzK88kK
EiLeI6WQ7f73AVmsblVsc,iRF0AYFBNR5uxAszBdW9U
3Afh_JIop0cxSb6Wujz68,krd9zHG2iqvIMZmtA0Ccm
jCGwF06dxNXn3Sepo9ZzT,EzHsjrrqW5yoOwZy8uslZ
BF4twuMU1ExyqxeClmmFy,dDJhhvi2dzfZ-Pw9LHh28
2kLx2h2c3ihxl4KhrG_eu,EalDBYRkgJrhtgQUfd4HR
C-crI-fI2LLlN0wEZME6I,KKoITetAE22bLv2-gtWgK
IrTlgaOLlP8BftvJmak_W,s_9mdcE9Hgufhk9YpH3gS
qsV7czDa1tw2AqVxMCg7h,Dj66DpVKxYjfMMDiDBd5d
EnH9BHz0ubpJfVlqPLsNt,3tWNnWfclf-9R5gOsuulW
zxf9qWs-mgPGkVknKjD4a,KHZzTDjOdqN5wXIKfhADj
xvKXHw1voOnkFqVFYIpf0,Sditl29aRd6PB7f0ZByMY
4hs1jc9TQjxsSZX7EF3RE,vIkkYzEicAccknRTQmslI
NsJ0iDiRuQbFjyJXEU1WN,b36Ux8Xg4crng8gPKYIAi
yqRKfHitNJM1ZrUSTuH3_,KHU6wiucruzbPykyDnpxe
EEcjXOV0hszqAMHouviB1,3sYl3PPVxsCGMzGFFtvWn
A9hnaTVyBZgoJPuBJ8ecX,WX6jJfixt-YznyOApK5Ej
JDmHo8-9i5jLdsuB-k2zS,cDQNZ_FTkUW5oGG6Dnncu
VB73WHjL_YfrE8po8TgVw,EKWkbJDZH6H2_NsSm5c_g
5-IcsEp311xDWINGTKc9o,LTQKUdekoCuVNbmLs2_uU
X4Er1UjRGEb0WdyS0LNW5,DevI1BNI8H_UFKudP65Io
GD9tjZcvUfpnCsWKq1419,13ps4j5UmfbpDxXsGU8US
tMWZKIAFYp2UH0CRRalsg,FRqVWKq0hErHOjfA1IYHc
4ZUcFn8HlZLGozWhrq0qX,uSc-PaR6zMJnm6kP31d7G
NJnZ9APE0jr5ZUw8JgmdT,LuWvPwt5gWXQ7pgZqlqIR
kTA3XEMXgH1E24W5vh-c4,-gHrPBZvrF8ja69_ldRAQ
hNMl8-Wr9_43p8J9J6CrI,yLy--JFnuBc9cJRiabaS5
v-SLde4jSU250EnkLEM_7,LnnJ_d4Svw24_0cphKtJY
arjTVj7R-EMTwyVsRaW8C,KiTx40Z9CpFKbgzcgRW3d
Nz034yH3rA4TW6hvDsS9u,yugFABg_cfo5V09S6xpmc
7ETm0BpFejtsogM0Wnj9P,ljZJKOT69mmIQ_xgl44GS
i8bOZTydIf888xeTZtu39,QXVURuYPimBP6Yksx4Tlk
5qUqKzpgi4b7od5DyAp1_,RsfmYFzW0oTlXYCtR7geH
xLCCHzIcD18L2fW4J-qxx,ozyM-8hChsMJVBto-RB5S
TVGusvQLgWXy6_uGcj7RR,M86CzKKXj7FmXqDynRfLQ
5CzIslzlzVPe4YJJzhwj0,gwSJpHQiv7775aV0SG5pk
AZr_eUltpqU5s_Yb4p7mx,EK8U1fiKAUG6IchHTV-_W
DW2gidg2W-rMJ28N_0w8D,4224Ers84xZWgtUewzBu4
uL4_m69Y279DVWxkDPWZa,fOcTxEMpxSV0BL4FcbJPY
u9pWEgAQBz_SXdJLnPVUG,y9RW9Kf5uNKB6nOkXiYmR
azYCrqHYjGO0vzoNcNhP_,e-wzTJhoztNq_8tsbCFlF
Kule6sxcfwxe2GREu4qrd,IMkeq-vYk2mKYpBaEWHw7
cEJVTRLJm3WsCWaJYcv3m,HkpSxfSBpSsqySg7nZG0w
a7Euh9ZgNuGDAz-YynkRW,fBgOn84KfY4aE7iA-nwTK
wMKQq1qJGv3dl6y3BAQO3,D7mhRno1A48KqmQbGIo7m
UUjV2VUzfZWboUbGjIlIM,wCh9js3Y_WwE2aSxDHJYc
b334iR3z-nKxPCOxnZAXr,DJ1OL7CxQ7pN7KsuPwRW_
Rj1gdfBTOtfSo1QLLOEL9,zByDcSejVBzZXYSFg8wcP
j-GgHZqJsgPFQ--Xt692T,qA5Q-rDwL93BI_eJNfQMS
4iUd8PkrC4aqxkiNd1IfV,tVscSeCGoqw29m0o2wNFb
ikKdk-XYfqM9Upw-xTaAC,7x6GX21shef3hhbX5oLeV
OdnTgd4-WjqW2QPWuDGWK,jhenUsZwsVkqnDJt4yqjU
2km6YIz4z42cTs2Jr0Jkd,XPsUNCFD_EYUy0SxNOxbh
0YgSY4MPD7wJQJNnD8PlI,22BPSfZi1DoiPL51e6IOQ
Xmv-mSPrPJnj6dQ9kuNeM,w1vS_e4El3x12zr5N-BIp
4wZrO1K6cAC22pU5OmPer,iCJUxli-_GUwMCzGwxQXg
IUa5HYa_2gf038Cx5kf91,Kmg0IdwWhKaNxGN1lMefd
tisFM8Jt98OsbDpWSaMGL,eRWFWTnSzcoFD0kM0tBr8
7KYfWqop3ihYmVupfD23q,bfEsb1B5BBcVT6vk042tt
iBBn2LKAC5miL6RSy1lIb,LuT7Of7QR-ACVAhMKAg7l
PkOOJ3-QQil9VHmdqUF_L,bFec8hadbfcU38eqzV784
782yCAOp_pLhAMOl9RklN,ifzU2B6llDUw-zEPaBBr4
ISR93Nu_lEzhM3QycwqNq,r2bZhKwZBWxh1eBDUChSs
YcA7WsTW2LJPwwTAfPXO4,tFCZQeoWhvrv-_M1JXqeK
_-vI1gHV8bPYD5KwBw63Q,51HqnSH_5QqmlQXalDkKE
YVp6NACgym5iKWr8KkncX,ItuoBHHDTDUdUXiFrPgKk
-dp4jSj5NPMP6oHTWOY-0,9VegNA8ORyBTaK7ZiG3Sp
7iIC3Jn5gmrR2_efsdfo8,Mr4jVM2lvfYRyVkQQHPcc
1NRc5lYRXxV6J00sKp-r7,1qwmWnMEzodSjewzd3YeK
BwunFbj6Uat9-RY90HS7_,gfBSZacaW1WHAcUHEaUkY
0zE9JnD47-9OMembc_546,Rg4C3pcenRdoLj8372HCE
_H8cEKClwHvWpizLDuqO9,ZdzgdYVI2co8EANXHTLSX
sBsEaVS3uSFj7eUFHhubk,yybX2t3andzHiOjm8Oqbk
PnUwiqodocksz19OqT3dj,Sk6NT3Vz8JIuT0CEVu3qH
2xTbJTqJrfsTAoiD3-DdZ,6n_H-HZEEZ9Sa_WHDw9Rx
IOIz4AVtieRMMASvBKWfB,ybokaqfOL0o54LW-HXOok
9koWutET2VQ_iWrJjmE60,NieM-NF9TuVCxdf0GDU1N
b6FdT7PYmRFqgmXLiICKm,UZ7JxkreAQCDs-OpAkaAD
G5vQrnMoWjKzly8cK_n3C,JyuSqPIWTLlWZBcwdkTkB
0tyyo9xGbOaNf_WBbYEC6,Tf35NZcJZD7XQ411K87h4
vXFR5002M1s8JEEIA_Ai4,lqLDYmKpkHydBPlcp3RVn
gYlgM9zc1RN0B1mVVIhsB,UZsxuoikuZKRMcOmwMm2M
zAtobe9AdTkZNX-jjbZb-,PQPq9cqZ63Xml-FxMiI6N
b1YwrtjA8lP1vuIjsG_0f,4-0kgtlN48gydnA3FHNI2
aYTiCLHWCxVMIxyKoJwPG,Md1HwkW28CTfji9nyjgwA
nU6i9dCxmYfw1VA9Z6_Fb,JS81myTcf9hyQ1zLfeVl8
RwHH34masWef1bpLOyqnh,XAHYyGv2jkFs2gcouTcsi
xqSTXRsQ_IMg_Rp4tkaQD,GMX5qSslbBsSL5NWjjz3o
_kiJEdYLvs1WVwHJFz0IC,vYqmgFJo7VQ7dNrR8Q8uT
5TKPGIdkXz1m_3viJJ_zP,v1RXn5lgUvng16uURP1Zy
RRPUxEDZZi45yCwa5gi4A,Wz7gA8Zs5Z3DaurVWo3z4
N0HHjCCOMy2XSzxycPGjx,CJfcvqi__Xrmu9U25ET4r
uXtF7dhnwOtcVgQadoBRN,mLt6oL3n__YTWrWbJ35ew
XomZF5gmeCgoRQe6gCIdQ,PnTkzBbUAVIGkcdfJMczj
gtKByfNXbkeU2TtD0ylpZ,3wil6lP3Gzt5ajwQFFxfY
nZFaxGs07mtXmgkyp7UeB,UAt-VJMvzIaLDz2n5pJ2Q
PW37fu28YS5pQmUwTMIIO,DZXx22fO0rtclpMt_IPkX
4aWuB9B0ygZnGhr4w9QCK,6kKvY7skBQ8j9iMgQV-8K
X0_oDdpvZNkj9zGQM2IMf,SeqG9P7638Tcw5b55Qvwe
_WdqL8HXnmdX0Wzf8PwD_,p2ci7uwlO2DVI-UFMglNY
2mVPn_tVgtECaa4IESLSy,O4DpD8b2h1gs6pQJB9Pmm
KcQ4qO1RIeJf3pvdk_K30,e56zEPGfUYSanX_VnNH9P
QeOVI71ve6VwNuwoIFrYg,ezoR7zG7JocpuUvHlgJQj
bC87cM1JHRSrPFlW_Too3,iOp-Uxz4b92dKpY3TUDh5
YfLNDGvkfUpAtixanya3h,hqAnzhG9BiKX3Ct6iYOCT
oMD10_1NbZhCShN1w41D1,tMxaJ6AEmOvednVndwW1N
fxEiTNIJw-CSTdNK9RAti,vj-rg7hAw3It_g5kvWx4t
xq6GqQlHODkZX5qExXKWo,toKlaez8Rd3JH2vIxUXYi
s7qCyy9CpAJkvFSsFR2Z1,7novQpVbjlbk14Pw6OrK4
H-7lDUlc9w7BMJXv4UJOI,DXitN7hlUHheSr7h1mXSF
jeZDzRvYy_Nr-MYMJwcDu,NgooQfy2I_shcz6sT5zl_
RJ7GCL0BZjWJyMJrc7Hu6,utTS7bFKajfxRGcSZsHtV
mnIQ5eexjIopbErgDDyJU,N9XK_E6e7u7AneoB3CNTy
tunLyU5cS2VJHX3MUikmO,1AnVBwOF6uE_QP9e21Xjd
EA-AoHsZRbAfRWvAuBkDU,a39AfsnM42oK5n6WGpz-u
7oDM-RaitVHaQ9pZ--CV5,x-Jp3nf_1XW3Nip946G9J
UrtU7h8J28hAnqxWccvIZ,IkYplaiAoFVe5D7DzfYvl
huYsOututfOUVj8rSOod6,2GnUKYeNk8bf_JhyvihkW
covykT4apD7yJVyz9DMJN,Pt3q598nS4_DyeTy8_z8Y
TGHPauR04m4r1F4sF9geI,9Sj0IM5O0_h0FemKL475u
YJ8HaPMNeYabOzQTOlj3R,Tio7qd71ogN9CEMd1nrGy
0MJKIewS_PottUr9JXH_r,JytGFGj_DDm9tdGpnVJjZ
0ZTrl2zopsSknqx--TqyU,2VxmP6EKYwOieBnxgUBGg
hOzaWeQndtsC3VnLJEzH2,e2m8qM7p9xd8eNYSzgPqS
LYikDbuOKPqRaolyXr9Gp,FDQT0P7IsMvzUmAI-XhFh
u9wnuCl36g2UXPaMmalF5,XxKVZX8R2bCTvUcDqtKkP
J92m6xaJlbxdzVEnFfLxv,pWE4GGkt8UAAk2llaEGVl
-R5cQPoCmBz-2mp5gBmy0,WjLtomgfdR4qFjY0MY6Hx
PouGoUKdjBwgJNosbA2ek,yGHBGrYPv40KUoJZHiDw3
64CLe7qLaEhjRZflwNGWa,5a8Lnnx80mkimyW1JAAvn
1bd0WYpqTpguZuT7sxduL,SFpVtGizeHmpI0K9gJ_Ol
4WJ8Qev8wkfz4FVAH7t6V,sdVzERqtmWZRRVKBV9FBp
SzysHAVkk5kPJzvx102-K,cfRWXmz_hXyYSmbKInL8_
pxwQVpMtEiz_jwqes-m07,AHfOl7dJ4hKt4cR2dHkCX
MFbtbRCkIORcQuwfFgJ5C,XUqWGv8T-T2rBBUQz8WIu
Cc-IBP7VKMWMc8YU5TZaM,CnfW3uoWZ6SKp_ScUBD0m
seLAUgh_7hWJfmGOUh3d4,vPl2tNE7nZZ0ve34_3bxf
GIySqYQh4BTONPA3WErwe,suSrjmtw0DAA-QBLUfA7G
qNTNg21PkatTyn5Q93bGk,UV-8KXUhtew6LHAxYPY7H
uhrGwTdTuRKA4qeCdPdr3,eQ3UQEgqjY0_YTcwe-av7
pwUVQvfqHHfcvsrjvadJy,eKdsH-xq86ooKRlAiGdad
QIGWnOKiZuYT8p4Pk0pLc,rqoGU4Awz3QP-yMMj-Y1S
v88ABxObmQYqgABNZAQFT,GFOhvWWuNeHqUfWKY7VDn
v0nxqe5t0UB2fa5mwim5N,WuAOlzYth4hfi3uSwZZI7
IHrGYe-XijqWecki3HLEK,9UjI6DZ62vzsKJBuawvkn
d8gLAGYgNB2GLRXLPzW_i,UAwf4NNY4DXB-V2-r861G
0YeSoVz2KvKghJeDjna7-,Dzqg5WRUnH_tBOw61J48_
CfRojlLNcFDZxPvyzZidD,yvHva7eo6Tsr0SY3Z63fu
aUBq_7g0r_qgjiXTMtifu,c-bFv_pdPx88bDe6ElWd1
CKar6ZAVMJ-DvRloF6Wi1,SFB-LgeXzlSX0cl4J_r_I
j4LF5RD9TlRuNUFQiEUUY,zSaOIE_3QiLdDvSXx6onV
9LDxHj3LfLZDEeqTEwtsv,Fc9wFp2Q73hih3dgYhkI8
9TZEXMVVYykGTaQXLGYYp,VfdKjx3X2NF18c7rZ4qoM
kqsRCvsBLhoKbjRcT9Ft8,Iwdrj7lQkdWLt60OvBKj_
pgqB-J5pf2Y0L1sCEH_yL,-FM6F-oYuTStHYT0TMsRr
0RsBaTd9DrmxGB3VRHQhx,QTrqUQ7sQX6kd1BweIXh8
NQcg26TPbgAdSS9rbyI9B,ptgM-ycZq8gf_QOHt0g5r
Tn-4Ucd-ZZBPY53hjTsw6,blIz3eBni_vocBj8b3uPq
jPKP2sp-B4-YQjEYaUOx5,c3c5xcEIW-YDhfKK5wfhd
sm9sia2POs-qJaonahYDK,8hqHq12afQgyTJk4EG4dW
zwsD0BIKmB4sc_gsCGzDS,jMcB-YRAgBP4pKkhdoFD-
FjrlWCNOfQk0xyPR9Owdu,gvujQcw5ExovlUdopoT9T
litYvQ0Gof9u_OBl80eH6,rqW9VxUVXN50FOxT4NXNL
E8uXX4dbneo0xL6q0kZWe,xUWSz0SVzZWb7zxb4yntB
ET_Y5ar1zf8B6LLpC5m5Y,OXmONdhfJd9vB0iDH2c-n
eSfK8ebB9sCo0sh9lQVvZ,vu88mxz1rioxIE_XcNoZT
Uaf6xX9CgWAMsmIboYn2F,VZW8z8rKzuTfsHmSlZVtJ
2g7l7q_R7LQqf6eU09XO5,rFJ6mTya-BD9iulXPIZTF
_-LngE60ftyA4TTY3cBAa,LdBpq30pmVBB86JhwxMPV
ZqJFvRhzSISDoNGjED08h,N5r5copejsZ83PUQ4d1gy
eIpP1qHaQZAq5oaAuqn-w,ltDLW27Bvk7IcLpsfFadC
_by5rCH5g6-ya_oZjVEHl,rrl_VEdsxwn5kzG7naMjS
YLvkmCShiQy9TJI7XefDW,veXHG9U3qWreIf9nfEQTS
EyL6WaE9KhJwLQc9MkBTB,zqQma_JwrYmWboYxzcAiB
znu0JhShZLjtDzUFJagdy,3VhqIP0BtLV1ysFQUasTh
OGzvwU2dXLoJpnWftjBlt,K1QlPVu7nBJWfVbANPcJh
PsXuNk8-rJhfoV9LZHXrx,hcbW0zLBVJ1hmzVZfuVCH
xMu80dyL29YgDjcPplrLv,fz18GA33CHhfQxEycnbgz
iD8_F5oJEt9d9A90Iy8gj,zJQpf-AFgOuOyrhqGYbbC
uGe7C4-ibbMgy-sHKyEge,O8Em4xYQDUzifevwZSStU
mqJG7UNEHhGQwVsxJic_p,bq3mxq7M0lPcpGw90TDWm
iWLZtUdVc80wqa8aB5EqQ,4cTEg5VEUFl7gMGy0o-kY
9Umpf3ktrdP68EOoqSg51,S8xtde7HnmFo9U-sv0wn0
8rGN53K42_e9chw1UFiCq,j9ftrlb2Q9YGfMz-kvzfY
KN-QaeIjMcwPru3ioNnSQ,yvsgA91VivMedRMAcUUVI
0hTT5pa30qojMp6skFuS4,jq7dQa-P4auj_nyZnlzo9
DVeBZuwqRVVehgUWrBWlp,cMiFs9eo0ykgya0Z3U_wQ
FltE5qxVCVBUg-4-ZFO5v,CZP3GMBzKkaYPbatSlwvp
RNfo4sY6zyCj_z14KMWXv,64ynqIsbiBEIVwAidTkTd
9hTX68qKl413L4k4DtT1V,YVfdPpUK7OFozNIShCTY2
WwJeiiuvNo8nvBsfA8hsy,N3VrYvZZg-wlNBObtO0Z-
hVGD76le70U-g2jkM814F,HTMJx-3Eyd5hEpH28qmt_
inxtK11a3mNVfMhuZLLK_,aPAKdPiw3E0MChDdHtoLE
HbmMx-9uH9AtaOyEn7TK2,2OPBGtwCNi7hv8ETk-P9u
S2OSFB7Pkam1tPbjJ_VkG,4KbkVh15nmknN8pSwNE7T
njTSxHKbvm0fF-LIvQpvQ,LV_pCuapbKWEQUuRI5nNh
sc7sT5ELIXJtCq_7VgvsF,rSIA4JfKNE-85IB__Nb0N
rZKapvkTmAvPsFdjiX0l_,oZLuuI_4XpXA2rrNVRPNT
Ovni6_VHgne75WWqC223L,ngMjqSOAs7ZLfIuUw68Tk
KCciFBYrFULdBkCdhtciA,rmRalBRdxNBG18pvyKr3r
7nfLJwgW77J76tzPXUjiH,CdDtHhRuxhF4X8_oD3W4g
SMOX2p10K74SiKw_-T-Gh,AWQzPqT_NHzuPcgWdXqoo
bWS3I0fPM-a_uv3FbB5ZO,kI4BEXu0ZkwvcpKgRhtU-
Lb-jjubTaKHfLJlJVE4YC,ystb6QzgKpFuGAauzu5o4
MFcCznms1kl5NxbhQYz2n,aV3u1L6V9FxPKlwqcVqcc
JGEv4CWLrTxKY528T4kjL,oiwJbz2t3gzO331niaYXF
Q94GhrjAnw9cvAbd9Hphs,BMfd07PUyy68fiulfUNCv
LKxF7mUc86belAd8p3SlI,dEazCHXQS9BPvjhx_umOb
DVSMV-ssyfyGiUum6AVpG,Qp6IVaKGq4iCNrQyFYnoX
O4RLHIoWl0f3dXhpk8-EK,1mBeSKjKwYB5e99IbsMHB
PbYnBJZPuFAEx5iBs2y8m,Rrkng1Ucc-PWhMEVxsE3Z
mUNF9KJCc8-a1vu41g_aZ,VlCAKM-j4lkIdkMKdhOmt
ZlXpUtr4AvEb6pa-g1YOg,Lw-NKBXr0vdjriJ3wNmer
yXzTWwUEwFqtP2cjat7f3,TSyJaNVITR4GmX7CHgP9C
XfAwWSV24j_DKxgRPme2b,ImON4ykGUh9LCPpQB8WlH
-6Yzn9tZCTAokcZr_33A2,YQfedKKsHrbO2H4Vf55DJ
MUUFcCGo4AknkCqv6efeC,m9qx-rOc9HmjrozPbeVKe
sKSSp5rl1l2NPDQyL8FEo,ETphXS8QxXZuZ4qgWcBWE
uGFMzGzuYr3DmbMMMBcHn,sNdXPBchis5T6HURRU0_-
vkwh86QKnrk85x4rCSVwD,ixFauOKS3f_98bwa3kLjv
BYs-AlEXq_RnIWRijlIQR,jWhc3m0XjbPeJAR9fBAyR
lhKFmz9xTq4AbMiipcM4a,_KwFPSPLQdPMBLvGkRygq
dVq-BbApvX8AgrWOwlvrR,RvEqDxS0--4CrssAmcI1b
34GqBUASl7Hd-FB36lhHS,E9DVFAyS6bvJDPbQeSMLF
QapZZ6b77PMKkADzvz-96,KdZPW6Y0s2JFMXsW7BLES
FcE2Q2bE_swHDIjvofLnV,_I50TpOeEmCXVzFLBTcwE
c_irfWnk1kD2xy-8O6p6v,vnwKkUWzJgfDvD2PcDnIb
1L9ZbXLtIroo5aZqK7LrU,kXKHVN67fCiOLGm2GexRe
2Do-QAJhJHpGSQsr5Va6p,8XjO6Jzs-bcjnWZ6jQn89
vgBCYBuZga17DSZgLZU2i,Y3_-5mDi2VBTS9Q4G1Ad_
L3QTgdV22uXPKK6EhRqbP,sPsUBgADKTMk5sS0tCTZS
CcXEqXERLGilyCzvTxxwe,YQUtX-CspGtmI7-mWgg2V
YA5yeWk-BN7sXR8Kb7nXT,xH4a-JbXJaPw07m1LlCoZ
7rAcmGVZO_Ngzm0NKKbQZ,d_87dhGpNvoGf7i3Mqaab
8EmeysVNpisxQ4HRsG2fC,vdZMcR0cLrvKNl9zbiPIN
cDvpX3-aG0Jly59eGHVkZ,3S4tCXOjUlAUSjbHPL5kc
xdX0xwSPSo-VFdoBkz6uW,M2oB86SYSlXXEuXrJHUpW
349tLEobJ3IxaKPPffdJe,W3T6o0HiqnmDifIslICp-
Bhh99BlwDbPcKTJbU-FmX,RmWnbUH8nWsftaC0mUPan
2okmfRGzF8b7v1e1UBdKi,uawfmh8A69DYgmvZUxSjP
wIVuoeo4pJcK1fup69IC7,pQwwCU_wyKW3tA97Su4-B
BLHVvljgOy8r39NC-Cv9Q,3pWG17ucy-_VE45Mb36_a
c9cHdLZa-QYEVOz_tTRjr,xpcEtneqxjqAe6ynkdCev
fma2660rIidFpXua_OIQD,ti-iNW3IqPC6ciY7oB-9S
SCbuIb4vybMl8iDBx_IgN,6zY74ElQvTTErYXxk2hiB
rM9AMmCkS26nIH3w8wSGV,f3mzB9rmYg1p-6eso_nI6
GJb4s7o1CHZRrO922lPuC,xtSpvU1U-PLjCmjHAsuR4
MkYI7mb6jd7liw0ByDuqJ,ON6icl22imfFvhOi6LGln
DqOTNIVnJykra0XMa3kci,3nwF_y9LgVSuTOQ3fJnwx
z09HrFbsUIGfXYTgfyDE7,1RR2AZP8WfbOT59XnioXo
gt7OBWFLOfxcBVfPX2uDl,tr_ltJNcKbgA8Oft6_25i
ExqAuwGMvuk0P9AJmaGqN,K6B2stDTrAuXM8hYysQUL
Ccw9IrlDfaCCxO57u7pFO,UaKDqZ-30hBZvsAx6KHZO
s4uOH7OqcnIlf6QbZAO3a,0hahkeAkF9BsIfkF0PZ2f
0rk1UVZ3cYIuhP1VjHgyU,GR-XkyiFOCqlHmDiPRz1e
LRcTX9QDb2PKjuC8NSo_v,O8aQWSkUU-aXwknbm69Bh
GZB4EDqbApxoAaz_rn0Yt,8e7husSG6O7nTU9lWdPz8
kHqR8DOjvl_d092zx1idC,MTyx8e3TWmCZUMrjCo0y-
rhDj0ICKIGGgPCMWUPf_y,_Qho0lf6_hhexDD6obw4-
rnVVDJosHxqIb0ec0Nj7K,y8BV_LKdVJdkn4mfP05uV
ouzxLKwGQtZ666OTgnr0b,V4V3YAfVX2cTROsiKT9PV
_Co2Vpder9eI-rPKnEax2,TVWCSu6VgHmZr26o_PjDe
J5t17esw7a26UTU5vcN-_,ff10YjoOiufl7nJ_K2K17
M-yijJcEwnzVwSU8yEdp8,eQyBBHZ5noikgUJ6BcDPk
EIp3WsDNmZfGYWBwG-2aK,TF_-BPX5odSPvQJklbNch
4cseHYmiGhfNv8Q9Wuw5S,IXuX1EICmnW4YjReeqEZi
GAfrAtwAVK1MiJVx7t6xg,2Z6bOWhudKyYL7AnN2UJ0
ewh7BzGoaXz-ycRE_Bej8,VEGa1gqvap3AaWs69a1Oa
YTy4xx8gX3oYY7Q6OS1sO,jrdW2rjSXbx6kBK8CSUEq
zqM2pwKmPbj9XFSwBS2A-,PhM3TdOH93BDsFwFx8NUe
APUZbBbeXisiZtRXynU5c,ETEIjdrthrrcWLBJJaA_K
ZPMwBnKvLvOivkpQTte8N,Xb4RHjgH9DrKTAK1IVg4P
Vup7xReHbni3QfF9o5_No,2XDU_qnBJ0qvh9-6iANzc
oX8JVwhPu_7Y44uK0zPQX,AvaHkVAzqNACwa4NmJ-zz
7cG7Ab4bxib43qKJZianP,6bn4GaYIPmGXdx5oL3T6u
kE2VJxuJMma3xOsIrPy9u,jWVORfO1S-WopKfNOv50x
ZVm8iZcbg9ta-rLKlCFxL,DhUA9HlbAUWq51rQbXLsg
POIFqbsSrA-9WSZ3TjsQN,jygYg7IKkBe62Y8Hhirf8
A_DgMQw2zojFJPV5ajXQ-,LmtOYFU9e8Wv2c_sjn5vR
nNOiJnNHNQzPoFmLwyC4E,cETj7izN6sfiFA3ExQzIF
UJZCCM_68Eg-LKNjFzvhp,omms5RsNLY3egeC9PZx26
-dOoLJodPVbgUTJv9GPjf,HwwuFjvNGQYXxJPLId0pc
LDp5B5omfRbtcHgQQkIHS,10yOy922J5D3PT0CQ2CmP
xOvN7l9VTzoEBmxvcbiQx,-bSQJ-wqF75BldugQBOuz
rbSMcbIwkq0NjC7dUlFa8,SW8TlpJ8mfwugaWAul8RX
SSTxoBr2Z8fVr-N9CM-oe,HWoICfi_Bam4yTKhHLTnW
Ol9jCtUxVHMVx2_LujI23,fbBLLfd9JFH5L4Vu3mVyp
kICvBAlnDchZL0mavb0rT,8D_g2q6pub14ZGPdQ1zUn
wWxqdL2rb39Pl1Zn1CuSs,5PzS7A7OR500OeBLaG63s
9nY2C8-tBiHWpteuY2QEN,nk5VvbmKCrtuJV5sXAdAt
jxSFygZDeK7qrKzgI1Hr3,2OGsxxYdV46nlaHB5BJZJ
KwzGvwvUl_fm8jB_NMgYB,ro_8X0xAWM-MIvWU9Z_I5
gCkqlq-HTPU44-AFGZJQV,QNruQ9D61AqY_bZS9ZWQv
LJphMa76rWCFgtcGm6kxH,Y0rTq8l966yg7x4ISyI35
NX2hP4c9zrb6Sph2aAMYt,DI0NlcH_hIdqnezsFVRbC
AGbQYmo6Shd5R4_JGejVT,rWxDcawscjlKO9piZ8jzL
8PwkFuzjRhuD8LhokNHls,ZIbW6a3d9ohnEYp72f1Yk
BxCaavpQf01FpHBOaWW2V,iHIlVDJu-O39TN7qlyNsi
aIO7NwTvuzpmsG_cpu9PY,DCLfYCKPznT46HFRerc46
G-dKztj2uK3Fq795uWdhr,2p0sqaM2EK1a60jRCy3PO
8xi3fBEj555I63t6U_Jg3,YfmagHm62PZ1T6cXF8RMG
f84vrxAbxou1MM-PMIDPA,sWkRi6A8MX7DYip1JFwSg
Rjr2sM_gDc_m3fnzkYbiS,scZOMRdq0NWdR-oWNKKYg
rwSOTo-D7059mkL2sEtUB,e4ksEuir0Rs72Jl7ju_dZ
y_sZl7dD2n5KH9cZZz8n8,EYW9G0ryoFOioDxmDap5H
KMu0XrGeqSB5IpewcXRMp,d_LQV3f-n4ZRCjciS6Mab
eP5NTQIq3tZUip5pGnno5,OkdcmFqGl4dQd_ts2LOyu
iXdm-OFhv4zSzS585F07N,s0u-9lTGuLQJlBIbgUUoo
DN5yX9CHQufJZh8bpWpo5,Hcvavz5wu7WKOns1YtBNn
cIhsVP8m5VarM7bAGURob,cDLxIC5dRpswFtGEhDwKY
sEWLUWRituwVS08_XTDcR,WLVVB-IPPWU4u-h4vGWSd
uzZWLN7TvFYg6bYcwodhW,QYTiU1Dx_L3_z64c5FFzX
90TiDtY5wqsfrg_l9lapG,euMnjwwCILhAaLHv9zUIC
kZJjHM5PaQP7F-FVU9LAz,IFAImPhasLnVarXFe27j3
YHS5XD9J3Kzm_Kv2nKs8E,Bs_5bj_bR87jAan0PRJNo
YSxQ1FRzwMK-CsXv8VWHj,-M9yMlAsOnnfQehRWo8pF
aCs8tXNAb4tbA8DUOgxCf,Aj0KPBl64rD8_rfUWqRMa
4FC6T3_7ij9raw6lcrO0F,RNYQaNzv2DOaF8gu9eX6D
WRcpMZM3T-inQfFzUrqKk,lya4iDaw93c7xJD3ZHVNI
2DLMcCUtR7-rs9cOrGOuB,m87uqBaJ4Oze0t_HsYMxu
v9HyuqyAkIZFJHPheD1ce,9oWTupBvjgsTp_dKREfvY
m-ZL-rKkuo0ID-VcjBTkw,9aM7GvxxcjwUK28C27Cwd
RiqCTj_tpi8pKAx3ElnLo,nZRmJobr4ej9WPetOQhoZ
T_PBB6nqT1VY36q1d_17N,i1LLKiK--qMv2Bk2K-U7c
fAmYri3cEKizTAzxatVJB,rXeEBwbOzNy0IYE3KRM7J
GtqkVDcscAln89S1ik9LW,QMC3FFzOMV3vQsQIUEUoM
_m1do4rSyuWVz5dOdZK0e,2OqjjbeRU3pHqhAzILeVf
gBSC5Ss4V4-fOOBHMeRRf,AcBHtZpxDN70v9RtOWTzx
a1p3CIp3QhnItOLwt5ZPc,ZLPXLvL2nbNeWmZvxsV8s
ggbpPzm1XJT3etgnK-AbC,WyO-laM6zFvGT6tIfGq_r
yKhQOQ2oFY-IbnN5TZmh4,fIeu_V4X2yNHVRCPJKPvI
BnMg9W4Offg6u7Hj_dXLv,0gEbY_h_8YJPwuIjk59wC
4EiIPWXa-KUooWnG0eOnB,Fw85bZjRMXdkvFTtzWm2O
9rWPMxCNAgI_xIJ8b4edm,oRoPOfnqaHY1M2rPt6mwX
WK6W1p4kE622v4LQwGqhg,TEqFGhhSmIsPFm2ewKZHw
FH_8QdSriqY8v4trP192X,3ks6JFZdIFVura9g6JPAH
l42x7zdpU4JQK1N0eeic8,v-Z4-HwssVmOO66ZVHtX7
Tat9jPqZ8__mn58l-zuNE,9djFnmKXiYsA6zFNP18Hi
6NLWoc6ZX6YV4UdKfY2cn,TdYwn-pW1ezpT4XG6zqfU
QqAveYcW0ShfUQvbZeyhE,rVIRTVXcZWFpTxxMwjW_A
kIyL-nyxAPGePwoseLXsO,4VXLzZ6VNPj8jDBflzb7s
yvMM_m77-IOer0LK6flF8,7sA-dWTq44zgK2L419bt-
jwndUFJVzFyC_oU3uYmBe,UX8RsiCGmYXnGmFUQtNxK
qWV0bu_CsJ11QJW4urZkq,G6NDUKRFjGuz8UDHIh_SA
vYlyZNE7AiTRzb7VoIE9j,-O_CjdRvkLmapvzwgUwLS
elhIjOPD3AvExqc7EFzMg,-lVIxp4RBix7ncQ5UTX2Z
fyd4-ZZoAmy4q67izo-TF,xVZOyFAqj59lYs7v7_jsJ
77ciH0EUk20lhJFPBj-Z0,qUIqcyiwPmki9GoyFm4KM
-I2o2Fi21ssFb5701u0b-,7jrdyuoi3SsXy-p6n233N
7E-vcuow4i3UXTVk6QgqY,JSp1a9jBx8z8IARlBMWO5
Zv9bydChQwpPr1zAFD3wF,EECuTlzX6FLa8clUAj1Be
W_0rijxbR2T3bn_TX6fPz,kNZEJ9HBGJrAOBQbSNRLV
onDsbrSqSOCpHvvtlUVci,AqS71XWD3CiYaNP5dRqXz
Z-eKSYVrShuICEy9s1hwJ,0VGHvPRKBRcjkBi6QP4w6
YJ_weyTjw_0NkMrAohmUB,vv5qxUnA0fhp-b1rxgiHC
SB-OZ49_GGhyQEtdWw0ka,LvfsxaiPOa9yxCb5ZnB0T
yyfH9ZsAtOjm_aKf3b_bb,YraTm-zmxfuzT9YPhay1y
bU5Lqnp82fo2Pgl-WL40l,zNZGyg77v2QjcDRcJRXKH
PW1HHydJngkbt-v5GyM_2,KcUHWzTcZLHY0MOS4DIv4
vD2_1OE9V5DKqP5zWppnU,qn57bG58RKcLPFVjp_g9m
YcARddHaP-lYmKEBY1cVa,9ysbTDSWTz-EbSUuAzBWh
3krO_i6Baozf08RGXSX0a,OYc3WKOmyVOkTRI5uodfe
1ctfrDFFg9GL79G8tQsie,i3RE_7E1Bg7EuNtHTDqjk
2k8qRfFwzSnex9ZskF_cb,G8qqgYKqhxeWB10Y7EftX
_BrylknodTiX7c0rrTCnz,KU7QqyTJSwHD4b_Jhf6Dt
bNnL4hVRyQ2ssxJcEoHRy,hT3wrdgNdIwWkxI3B_Xj_
DM47JkmC2rvUpsGr0cr-r,nZlla29y1afRPreVsCRWM
X4cUukdT6dV_bVSqdXFro,zbhe5Ve9_fg8tXFOlBkXQ
QKEg-FJWIw__Q8hM-TtD2,7kpjnUFTG5Atsoy6rz4nG
bdmau4Tvg1b42n_GUZv8y,zN_VNmmlS6M4Z-ptPqEEi
G9U3nqpczVCmhkGG1Gzj3,gGdkYdfwxKUPxHlh8oFHm
2A5XVmSdoO2TelSr1VhV_,9btLLB3BMj77oXJXRTZem
_7D-ecLMua53N-OlSs0cM,Y461LsR-0HbYRsJ1cbQS9
pwrAnFDLlxBQTriHrktLG,6doM8SJVigydudHR9Dt3V
5knDMOL5Nnk28o5_dB_YJ,0HBCvSlEFXEiNsBa1Rd_y
H5C1yN5XwSnGztN61C8_N,3V_jbjFHRPER8DFUiRm2Q
yyJM8RSK7agtmRG_sLFax,wcMl3F4GvvLvD8YXJCbsz
Iicte3TsXZZCOm3ezKRy2,nnqI3O-OGC3SGF3NcL7Ty
EozlLHb7rKu_i6BjZPZoh,OxgMHCeDRlqs-NrgjsSC2
IxTMYxs7OeH5pEHH94FnL,zVyVRmmPfXJto4K3agvQ3
aaK38-yhhyNx9EncVZsx2,Y6GpVQJbKpObzelxxKRUo
43NhY8oHXJSCzv-F3ySQ8,P-x0wkRfeR0pEOcMnZnlx
xyeyEo_tJqex8oezcAlBK,pfSYJQTsV2WS2oPAHffAY
38wmVkUokQf02P8Ukc4t8,nU3NhC_N-MSHhjtjnnQbJ
G4uTvYZWYw2cTE6xtGrVQ,3Cc2F-fbpmg4wJeF8UANp
hTPis6mq2kpOZtUf72K0m,97DlXP0IJ4XyTy8RUiHk6
mAUg5NyvYgGHevgeMFOq4,ASsKmNybdTcp4d366eb_v
x_gkDPvRdiQJMfusr_MbQ,WGBD8GbVu_0kzqBPBEClY
zLE0ZYeTpYbjxF0sp7RDi,dMR0SjFl0y23qXgfrMZHX
1Nh6axRMBSQrhxBB_Y9Bw,bSj6MNBMnNZLcrhzkHbuV
yYvu_m33hpGvpGBOLja2d,dcp_2pFvdYIjV4zneaswC
ZyUVX6Wv-TdfVKcC8Ie5k,xEltQFcCVneK9lXZ8UKZy
lTdQB9rOT8zMSf2biSr7C,z7vhbKjiCAtpxXRoS9LxM
x4ZGVnJ5Jb54Z_-mieV5z,qO9dxsXiv4EB8PyMmho3y
zdgEryS6usXO73POPNcrm,lVFpER4YXLLcLClT25WDu
CQBpv24dFY-8cmZSbUZrx,cMEhuN5l7DuPJlzX4QzPT
S-4rPEY66qUBbpQENPJ3H,8X6Eg_yb9uKZ_LFCQKb_N
dZ6T2x1npds8ocEFE-M5M,nSTNkW16d3Sd0u83T0nk4
L3xGqK2i60wDJ29YB9byf,LMwngMzYIDmEjJIPJYIBb
p1Rqo7DBqVn2vuUtHwYbd,G50yzwrRXE0MwqWTI19PC
T0xq61NR9YrN1yJfWyUVM,6nrg9LxmT4NW5Wk64kvPt
BWXwe4OnRwf6oVQEK-dTv,jXcG1O4y7Lb1tVulYVHrJ
_jP44wuNHyZgM_biCGw31,K-bZ6xcyLOm9E2E78TQQz
C5Iw-zezX-PQmJxQVdGTZ,UgLD8a3LK6iEaqnMSHY5r
FrwsofK2BFeFoHgSVRj4-,zkc77eu30GqJV7W_SqSry
pEaXL_oMPygHOLzdGY0rH,hNbiZnr2_7ugeNR_lFbwa
ulpt8zWU7wfnKlK3GX4-y,dUBIgBQXoU3ynzUagfBOA
2vRf0MPwi_2CNE0i8H6W4,TKOXd8UH4qTiZCQgXS7VW
SgGc7iQ2KVDeKeuo1OyUs,K6QRn7xAloMA05w5CWBTM
DbQqOygKZntHQBULO7WZt,XbfZjsOpfolEythJBofjf
4zqa5GqIynVhADBmfPpig,zcuRcSw74OtUxQC3cXbEh
lKcktctH32Jd7_ZYfPOdL,9mb4qe91hxBMexwVl2VR1
HrFaQfVCrGelxBYtBvYRE,mN0qxebBJf3pj8likYFmV
I0K3zDZvUCrOUyl_Z-k9o,trwIWQ3gqZSqFQ8Dt-DFT
nb4y-w6Hn47Q4WBNfnicQ,9cZyf6_43htaej-bdLsb_
KD0DhsEtPojf_6jQyDZcZ,HOyMY6qE-Aa95NcvnL91J
4yHVn9qFpM0IdoaJOkQjY,jjVGlBR1boUT6Qoe_0h7A
fzPDZ7h01_VQ36n_GqkGj,B7UWWGtiwpEqLjAepWK3x
zF3eQwlw9IJUbt9L25d7P,kReNXCDlaCFhC7h_4IqXm
uH-LiRHRUr-n2Osb6FCH_,mH19g-h9_fuqH_Mfik1DG
F_tnpwTXbpVddeP3oTydS,od6uxTE26mg8K3MIjHeaS
MW5UjnwD9aj4_Jc78CFr-,uYI7EOdQinLpzrB_qe-dT
GwtRkSKdegn_5cybkYIEM,TqGlYL64POKHsO6mAHVF6
08k0SQtjmYaWNMhrrTT_9,pvsqb9zwoP4cO_vjgNqfB
weG0b4Fh7dya7QiYX1PZo,WbNEgvNH74PbWMqKIqCBx
aEzr9aCtJkBAfLetUXYPZ,Ab-zUN6npX_axiD4XIy_b
j_FiMf1-TA2e8OyU4sqvC,OmJBsZNWk6hEQG454H_fu
MnZcFfBq1V9cnVgwB24wK,k_EqzvtqoUNJ3bl0FL6Ur
kTB4gkxi2f09KCPg5kuqa,5YQsyc6GA8MCZMWq11DHe
ITzNMSAAXRGkMuV6tbbcm,d3c9zEGW4FsmBcugmDimC
D6SFerHdQYRjWtTZgB6E7,zvyY9wL8DCUN22IYBmWLj
Vp9zgmwkMIIYL4DPVSFM1,AV7N7wqPqOtaJhjVb2f4q
qQTKR3qq4WDXcWsWwXpnx,jvcyee2eWG1hEAlk1blZT
wNR7sOIUmSEZnuk3IJXB-,kDNI5zbAjf07G5MucIGfA
gqB5g21gsMLE5g1NTaext,1h--uQ9xtdn6SO2D3NNeA
go2dvHRS30yKwl5fSTHQu,KvmHJH9Qqm5hzAkBlwOrP
dJPj-OtVfJiUNL0mXRsri,tK0HWi0vFLqg5Tu-F4Rkg
FF3mn0CHdoomFlwfNVqa0,YOt3aumwDWxPyzkwNrvvJ
lwrrxq_2wttmUIRQHUikl,1GrFBqIVJSIvYK-UqF-D5
ENub8cl9HT5W2VT4bvGee,6CAJB4fDNGp3zgEUSVVDG
L534RhNZLFkg6BlC2RQWo,MyIEqpjQ5VzoyX6_2q6pe
Cn06_juDf5d5xScc29dJw,DbVYxHj0d01naDFjCJdR4
DgRvyKNjM3UI6dggkzZla,MFtnCNtVWp4NI_ehIvT94
s5MlsnclLsAgHWX4JC1RE,PGzeveQTY_xBH70f4Vplg
o2ht_M7rNQGKSp0QwJ4lH,XuT-TZVkblJ5pd4IFqwXm
DtWtwjHmS3QcukcWssNY2,MH3-R6L78NPWbVKqb7M1S
RSvESBO_y5AxT9_6G7nCw,NMoyDiEbm79N119VkG3f4
slTRRxNkPGoz4ZyWh4zUj,gFX6PDlKckBxjtCknPEWe
awPx6YWHw2hlTiVQmQtpJ,uXUohkuWj_mUBRLQ3uo8O
mJ2ffExp76jb6RREG6SNi,51_zbOsIiaDAm26p4OYCL
IlgnRHzARk3fSO3mZpX8H,CnF-eufleIKIfDy-epLf3
1mWsG86yh_xwoDO0tgAZG,Qj0LdoUmFt4Mjpaezmg0a
6TI9zUBRzCudeX1HtBLxI,GaK2DlbaK5C_GdPiBveSj
WCSotO5bqYJBmEkiyesc5,vkdMeY59CnLXm0VHPEz_i
b_bdu27oJhVoZMOapGpg5,SrH-Fc7QbghoR679gSg0P
Ho-5jWvK1Z8Ls8NhgQd1B,747ajZdulALK80zFa9GJJ
znQq1fZT1NNJ8r_6WAC44,xeCU9jvX5ODaDyBcTkxd_
KaHab0HW4OQYdAKEDGOTx,Am2b6BOu76k1wJpFbSfRg
lULIGi4wm7BDAjzEOPe7B,3mtsFT57k9XDwZXejWXXs
mCkuCh7DMkrIbLrgt76lz,OLe7k-b8D7V9Dr5A6q-7U
OAlQN-wHZUt-IFOg8nIap,ZHkVeHKfi8Gst6paS7RQZ
UWbtLh1YYkNu8R1OvX25E,eesT74Voz4rA5ouN40nlR
cwNHa3GFK1Cg4DWDCbQeZ,ouuzXvvhJvlTCpk8QPTiZ
qR4t68oPpx8aH3hZUbXQK,YOrDv9bg_5jgFl8OE6W8a
zTrBwyK0Lpy-JPQ2Q-pD-,9WCORTe5lpdaQxzo9eHPE
QvSq3vHid6ss7bz9khv3W,6Zu9RhRbIJ6V1_DZpxxLL
Q-m962w_5fZeDM9DRVNDN,_QzijB_zowo9UFN0EU0D9
ED3_d5DVIztm8zIP_58X6,JdX7JyWCUJINRCOEtKMbP
M7OacfkqBjp_ZtqaWJOXF,PZ9JpWt0ih9v1zvb-25T-
-Z8iRYpWlLyqSmQM3avhX,SeKQwlp20ItUkm7_xpzRW
SWfJ_dFM5hklUVHY0srlu,MpuVEfLTAX0sngYG3lO7_
wCO46laLe89GuLNtQWkSE,HirmZJOmgzzqzWa8xoY7z
ehik4CDE4FQpI-qMkOiyv,fkZzlWLtRJqyqa22N1HiC
xgkxZdetREojVdFYfz7yi,E9uMotS_aBvRjjLjYNA2n
bxXeJEJUyg5TAaWP6DwND,bzZ1olnK0tHCOV-Ytc9aL
tT9FNYeT6KRzfRxIefdij,I4PVUWZhKtDHzwSc5Tzf3
19Ne14m8pUlif3LVWG6KP,9r3tSsNTJZ5HBjWAccQ13
mVO9rVOlMiKbkI4yg99gN,xWCr1ndyBVL2jioWr6U8N
narXaGz5E6kC9oNqZl4nb,VTDfUpKcKTV-aEzJhW908
lGehhUA4abfFpid5Y-imS,SFccQ0HhOZGcX9e7jzQm0
GrBl2hIBR3p5at0cSXSh-,EWzNujQfHrGhC2CSrOYb5
lrkpYiaS2r5JRzvOQRr9t,OLDfzpoXJc-jbJLI8YBnK
_pdaMk4dE77weC0-5lNZE,g0m6zDVj-o2IaQGqa6DRr
v6RQpOoPQKM-pJVtZ5ObJ,0mlQwHw71zenIQ3ZTu6SJ
u43jckM2tRIi_Uywskzqo,RjY5h28qBGRYc87ScXSGf
zFYPuylaz4wnflK7hvwlI,IeacznCXKZM2pfN3xdxtk
qB0g4x8kFtaiR1OXhD1Hp,WFVvfVjUzCMAzEpKqfOHo
oimq97K0atkyV1Z5bcqe8,hNZQHxMEcY0NkPQo49xd8
WFbQjyNr8RMjCJzTR0WxZ,DjD4Ikc-yAprjT470m1ZO
uzKNL_9pog7ntl4Cn0qUf,YwlQaj6K_cEJgcBVpCGiY
rH-jcYpmAgx686KhwOLeb,jIImpolk8jp97nx0tTFo3
GupB45muRXyX-RRc_ztz0,lXXlTY-ZRqBmMCXBXZLVP
NQ36CxlngjA02A4L6CzWm,TszTxRGInJ3TL5iU7bbpE
g8vFC0C01SOwKb2koFCud,V834Se6ZyE3L_UuqRCCni
8VOoXgBrotTWwO7mTZON1,h169FBPBbvRm_YvmLSoHq
Y6N6AgVgmZGfcq1zHCTz4,ZSIThJAfgVwEW1NWis_cv
kOWlQq7hdgMCIbxjBidyY,0qPv0EtglQQyfnjJ6S2AZ
0xprYHwsPchR58fKJVit9,qVfAdxybgSq7JyGuN2Y1j
eJWjB58oJ8svhDE1UJ6eD,jwrYNX51k95cC3RMKah5m
tWfT2yMSG0XYTbtfkIDy1,MJQIoikYyh7xK6-RpV1U3
kyCWBtRR6Vwfaahn5abvG,mxSc9-otSb5xmKbULNFnH
1Va-CZRXTxlqmmMJBifZP,vfyEhnALPZKgaSwJwEiMu
LIaGehEPsiKcnt-5GLbJL,V9WDqxenT-PaDFu3H389M
RcsxPLwlbEXpeNrWqtJEj,hePqkDuIoz33lAbqne-V6
HDi7krI54sAhJGZdC12Sp,lcEgHZASnGLCcPb04PGmi
_SAGSUaqFH5cGHrJ4jIk1,O98pDogKmV0v0YyPVGK25
FivAL0X_aNAl1txYd-Ekv,oYx8UYe1T4jB5aRhNuiLB
MLcB7WrpQM4ivbfGz14VB,u-FHSCpxK6mYUPiqlgO76
7d95mFJNv9gfSBYoplOGW,nVOrm6Szm_wAALv4cOMDm
GmZT5VgAho8fxSGpAiX6N,bpQbMNax-TXMHvIFhGtXK
LFOXW4a5-z-EiiU7UDW3k,q4C3ZmFXBEr0_o8VN6bc8
8NOc27-uT_7XT5p-vIxk4,ZHA1ir2iNHIt65rEZ8zuq
KMdccapJkSH92jiaKrsBG,b6-2i_bkcMpZl_icLIBmz
Fq3LG2i1M74AKfCa6iHNV,qHSpxEdcgd5vzOEI1JES7
CA_2Bx87r4CiyqFj45J6B,1Zycl5YxFaf4nSBwFIZ69
Zz5s68DWgxojrzZWkrj7u,MnnVh7csdbDEFvl7IMPBH
DAEcSiloHALH3casLgsb8,7CN7AIp3a7cgqyZvSfWnF
KB9gqvR2hHsnbXEAR9V8F,uCfjm8ECIygVNhTfLX6bD
3HcmIqR05TZAjGKObUXxA,q2MYB-uRHTMB0QBZ6wV_f
bmE9_tDZW-LZgGXd49C5k,fKnjn3mbQH48-YHrYCXTc
Bm83pbDUnBbUJyV5Uuccg,-EtWdxCpuc9mN22JHDstu
kffndAKfKwDEEz7iQf9Wo,pvl6OhOj9luLCECSUhHnz
KEG8Wh0o5QstnuZNuC5gJ,U-L0HqUqIxO-ZVDmDBU3K
JdpFLSe2YVAeNuvSRFTW2,fa6CKfO93Gyr0NNTWlSi-
QobWj8eCdzK0pFknLINrD,Y6qTjx8Xl5Z4lgpklt9I6
3G5HW-xgihNvTcMK0q9pe,2oYrcg2bE8IAFz9Vb-Ii3
InkkkYTwFJhFLW_SPoXC-,8vHUjFAe4A75Ql7MnzdKc
6g90rg2hJmIJUlFK8BCDb,wKnmcpfPBRBWAZmrIAYPh
SyZAbo_u01aONeyHSVAjL,CzukMhLe5zq6Qj9zRhl_i
s-oI2ZkF9EpEJIOled6cv,EjEeP-KrEo1JoXONN0N3M
QPO_l65mESsD_yriffmFl,U0Mn0Yz263xGk0CNBfBcM
xqKyJ4XaQhQnsl7WWGcza,2wnroqnBfdZXjrU8YDPQh
xXMoEwd7wt5ZKR0cOJ9uw,DK38H7OcoZcM4_dlEvlvd
keUCKwQfXPOf5fUKIi9Fk,pv4E5JHH_zf7qUdJ7Ixgk
TT7GnxXsRGHTVvV8QX2t-,WgafY_VOEho22m6gOnX8T
bs7n9uI50S_YraMt8GNRU,9QOXQhsn4cEDetD0rex_y
j3KyVojLgEHPbZlvrr_J5,NUqiqDUCxgJHyNZAhNIso
PlR9LAa46uw07pjUK1wGF,wezktEnPppCY9H3f6agQ5
Tq2RMVfdPNnehL5lFbby8,DrNEWNnHVeHEV17ff2iiE
5wUrqg6f3zUwnwGWbtKj1,jK5eaqy6X-8Xs9hOsFr3i
UXd2C8Ha88BgS7aOtink6,n5SmqFXPaPBqgbG2TU1mX
b6ftx1Z1NETlIBCXw8qf8,RdJnqRNlmn_Ipb7N8aSmR
4QTmWE6QC9xTxLyfA26oe,Ei32dbqlhexdqACLz5JhN
skrs5qHwkSv5ZkKX6ukuk,xT-aSaWoJL70l-t6rHQQI
Dk_DzK5loY6vYktok-g6S,KB6iMnw6eqb9QK5EAM2k2
0Hwpd2tWw524Q8I8U3xXi,H8oD0A133MT1mUTcJ6Cet
ewKcI_l04wkyVr7YU8six,OreoDRLGD3QWvtEM6P6m7
Fq6Ei1LSk-g5dQ4hGFf3n,_cUXzhtM4nNwBGVMvBvVX
xyJDB9PZBvcevSjUYXG7m,EO6-VxlIB92WqQzZDnTnS
HItwW7qhxwt9B-ohYNO61,v6XuuJv9ZSbES8i_MLJ7u
6iWDSnlIWhWDUf3hDjCRS,VrBvgljYmAH8MVKQgaohu
Z_Ro_Ut_WxQ9KEFXxbiYD,ahE3lw8AWKlIwYQo7h4dl
b9XM850htBNck2TbImwPK,03vQptw36DOzmkOcXmBID
vTCKnmxqyneFHYLJhavRp,dXC97sTQrh6FNOhojIKKN
aCnl4Dk5aLqUZ1CrBPi2_,-yO0T6DV2GhyOoudPbje8
XIOT0XRKjYwe0veLozr0h,F5DFsBn0lgOJMxm3t9PuL
E-Y6cxaXFNqBCHMjcUJby,YyvP3nZUh2ssBz0nRvV4R
ncXOOg0Y0PVorRXzqB8pr,dRDeIa29fLUN7kbLR5vEh
mW3P-EgOUEEwEsa7KoR--,VM8xru-Ef6uZuV0hIdl6A
Zai9BxQE4wBRJQC41Q1mW,tFgToWI7vSzWtxrPqfPN3
4giSFL8hVeoX4Eqo-10ZG,T1i_G0TtRu7WRMDBKWCSz
3FSMVRFT7DckJCuhrnx9o,z5xvJM66lI9hI8W4Q5-n3
5sAcKukbKP47Ub1JN_Mus,PXyMIH9Jhh0jLsZWgbBEA
udKONInuiEFvV6QCE4kfY,L34Cj0f6nMfoUW_RoJZU1
tNZKatf1QAg_mWsQZnuOQ,5mrE6Jt2Z21dc3k_vjct6
aNgnBWwzsXekSODWtmTKa,T7C00MzkMeuOkaljndyzo
5pva08SnuPYMRvBdT_Kk8,CNUWDPEvkvyDhsV7bXtsE
l_4-u-k4u3CkLJ5B0vfCW,LYEELhAxOuB5hOxGVcyse
gIjd_GWUcKeLWb4CnSwy9,fZcip4jkz8QicqAl0z4aV
2nLgt8auto_ULYWEFR9wK,EGKcK9g0TFwib_luK8a4s
uoHGLIfdl8NXQFPpNg5R7,13cEhRarLsBcSxlvj6g2c
VtvPJoM5csHc9MJXO8Qw4,WZ0QLPW6cMlOoVDgPmcxt
Abc5Wmxc6kBFRvp2FiouT,dbQkiTGPehCzwHADf18Cl
ZPAlHkwfU2E2GT3ftQnnW,NSuPZv_pM7V1p4l_6wLhH
VR0M1T_193iJnt476DEb2,0abvxNt8qHESyBBrDk6Ep
yx2lRYjN8B7eklBf4g1wj,L5sgmzx2rnio2fg1WmSaH
uQB_UDIUZydOUFYbxcMsX,wByZ8r4ZWUD0bliV5LNEs
lNk5tf05AmCWYotNZiend,q0l49AucReJL7IJ6Q7F7E
lEAv3qiFfo9H7i5pAnG0S,vVcUAzUHtL_f3ROQkzGr7
Oi3WMv7WMhG7u-GWNCTIR,MWN_5E-1MwhuawywZOeb_
R74O8KeGtzhBm57G8hgqn,ThF2rHZnVqF_ZMEt9H18n
zr9ONSDmJhWZ19DmKJd8V,Rfi7OwVD_wPCPAQKANQAM
8Q9MujBcvWhxLm-j6ovyy,0z4VPXO-LKatAqChWi656
CjuNJMarEIoNEc-GfjdHv,YU6CaDllJyUyGEcvwFFvX
3hchPBzwHmIH9WBV5YiK1,ygQbEXUIC8GNGhKv_fAh9
SQy4uYUDUnz7QoL9ncEGr,yqWLlHQlZbp05PiJA2dBq
lFGKl__65GA4nocU9Lh_Z,0XD3dgJPMSS8w6Hh9swYJ
4MkNO7x5mrjx5BU7UEdzf,UMwYuwiFz_qsrXy0vhNw2
NOGJh4WAZdTZn3fEL0Uuq,fOqXwJ4mRU2qJljjYgFoa
KDrHWoTDXrlfqCgy6omIP,614VFCWXb4CAsC8mT3hCh
BvZed84hQ1CsFtBh_RxRo,sYDSeC65KI2t4koxNkhFB
YZsE1_via32-Q-syoK9cJ,xyRHockHLj6WhNG-7xWP0
CRNjHksuVUde4i2erjS4C,Ek9k2l8bHaoeEuBbzF7GS
130itO4Kcyg7oKeJjaVCl,_UQ_XyU4dwhqLGKGvK-47
Ykj8KC1ZHJZcX8H3yTZhe,Cq_AmYcgnmGOYE-eqnSTM
kOCBU9ZGVva8cpIgopbEr,R4ucCbs1L89lvMx8hrkdj
Ca0ez6FhSB9W4U6Oxd5g1,h15qO8CMw0yO85YVKNMD9
n353XrjrvxcA4KKwdHXnW,3Bzip0Q5eFj5RmJCRwEsS
1RjR4nDXUjj1q7sXeLRDP,kEqJ2zKGXhY37kkt-MOAV
Ib_0GExBb_uAmEKLnadb7,RB-4XWnja7X0_4CeE8byu
ARnCHLB2vFa1LRc1UOxNG,1-HMMTrbTyTsz4Bhnqbph
D1-P-96a8ZhwAsRWUyD6_,AdJYQj2jMUSb6Ei58Gh6V
r09VJO6tww76aOQ4FoLyi,gR_MwBMX6ZqS4IljBAc9x
LctyQ8ZsTgbkGWGJ-l80c,8hD_l4TyahDR85e4Z3vSw
yymQMIsrVnXMzZFG8Vjur,nmuOgctWgNs5h6s4_RnLd
sOAhTZ01wMYNLWLpg15jm,XtVYzhhVonWtojXKXxlvE
VhZqV8zn6_0I8BUpo8syc,S0kbK9ndS0DCxxcGO8gOO
4frhGyNTw3oVOayxM3T6V,pPF-tVAX9VLem6p-xhx5L
_NvR1WQv2N2av3TdvPcoR,OCsyESb22DaruwNVJWkhf
pIJMlOJ2Pd5VbsqlqmpD9,kdfPcuFHQyiVEb56LYvGD
1q9_p0Gzx8tV3gfgcEgB_,AXvKiSOfBxWzVu1rsv8uZ
__qwOZQrgbOOVr9KV6GOE,EtjzYeSeZ4Txa8keVC8Nr
vBfic3Hqdf8455XLzx1uT,LiyxAIMEk5gHnVEabSA3r
c5gL1u-4OnbMEV7zxWqLK,a9Edo8DxKd457a1rFnhso
pMx12HCSOn5HYQ80DP30o,qnK5vHkDI_VdkQiLq4Zh3
nsoiZV2G-7fvFCljRV9OY,7dmXH-H_Kp6jPmRA1wn5Y
onuvEQDkIbIxirWls4eVT,S8neKtOW8gZPQWjc5cAvi
6O8HDoMAwGocUmi1h4umc,aaAPt2SfWhGclyWsdy3J8
F2mVFnjqYww2DTh4h1k6_,yRJ5oRu2SAHJcFGQpxjJx
paa4suF6oaK3MpXbG74Hq,o04gv7m2p3zVVNTGkCy7D
72LygPrCMltzTmPW-Hxeo,XBP6auQYTBEErvj7ctlfx
PyU3HWwIbgf_q_n9F0lJQ,tpum7a2s63xRdnthar6tX
47iECdEEyWOI0uycB-pVU,J4yHGGcK5_fIC06ulqCN5
QNwSBWYHy8f25CNgy-eCE,JMwPeiZr4G6yGEkCn6YMR
ZZyMO1mybCkiCpHL2Kx75,WcyPsqBHyRhP8iYWOtdC4
RCe410PBtpXDCK6pPiPbO,eMncyKd8XkmUp7HNpihCx
RvVfgzENHFg8ysxnFKcOM,eUIYn6up9CfGzjQ-s0ytf
jysINBJQ8j9BgLLP2GQZW,wzhi0ktfuFerHDsOglMVr
mmgjK5Bcct6Du_IVnGfIz,HnW4z4YncA3ct0H-ZfzgH
2ePon1YWS3ILAMpL7ZmQM,AXFGTz4-FgEWy0DA8kIan
NNe8xUGs2mA6S18Cd7sZM,j0Qudt1eGuxRm5ZyQbChX
NhaV4a8QgfNNeyKk4zPEm,PAF2zBtUNIZVUPF_n9t_7
f8RXEJHNUSMjSEP_Gao0v,_x-HNvg5BMeQlO2U18H0P
_GckX3DRTpX7hIxCHSOt1,JL66nh8V6x6n6Cp6JTHst
RfCGWCIAnM_oTmvsItn7i,WM0rmnjbt85rZ4NKuDYeN
Ep5C_0IoajFgl48tfaxKX,1WZPDl-dvRGnD7bPHdZpB
wmBsZ8FSnNOLzWBS5xSFP,sbm3dOW8U_3MkseJVda6w
kt5YAFJiMzDylWKvzrx-D,T92tYCbYGK7YlQpL-ao3D
k_e-1-tbFor9lCP6d7jH0,KpK4IAMKeLsVL8fqM9jJM
x2nvxNmzxuK7t7RmLyAvt,BmAJUuB0iQxn4ftPUBD06
_dobm4wg8Ntk1WXQhTtRI,t_WFtr8sbGFxjNPK26ypM
NCiLJk6ufQ8j0y5aFWCUJ,FiE3XowjjqKSzlVc58qPT
Sezn6IQddayj5be2Ao5Up,3y6P0-LeYNA1JQ7SXFaVv
EHzGvAfkcnRd6twdvsymv,RVZ1dGrRkIFvs8EZtLsOj
sVuh5VjAHFdlqIDkbMpYo,WIixFriOTxXtgzrLCZDb7
QWLFpKEH_yOZMnxxTFpzn,Jvj6T3aNcU89BSTcXJWtn
PqrXF-9WrDsqYfztniCLk,gdF2JVVLeB4Q-H-WZ2FQn
C0Gqd3LsVSINFTFNTy-8x,LPaE4rFDEVKJayVQlpYgE
HWUe4nvIX7EbROoVm-cp6,9twVT5o_pcwxDGuVb-IiW
bq4s8TwQLlfLSP35pyWKn,YJD3pbmosZ-2t9AlyYHm7
j0CPuR_21eGP2mlqDSYBk,4P0mAsvLEHwADHCmnNirQ
FS4Vd3AgMkktFQE1cd190,8IwcQCFnj_wsA_t6PG1Bl
VNB4QB5XfAZ1V3BolASgw,lDiyNIhBwkQkN3Muxutzt
NmzTC3TB9Vwiab61IeeQO,9FY-VInkjYR4yIBdJx0dm
d_blMcz2I9pDu4yvkKOtF,_bC0KMHk5-T2JhiXat42T
3MouOeyMXXpmSnpCQOSfH,CRBCkW0Ub7L__GIVyOpIN
gHX07LWlc1E5AJcipITV1,mZ9lmOTrwBnqti10CLTv3
THPxzZnL5Smrr9HAYrboB,n9DdIrvAlg9RgXnZQGvtd
keApMeUc-SIVrx1F8qmdD,MdKiSOtfyQ-NtTBccuOR8
HMLTi6LT_Y4VsMuwdXkVW,euarTZtT5do7vByhWP9f_
NoRtG7YDu_J6BzajDRBcY,Ao3rpRP4CHRYseHgUEWLD
oPzCC3V2XpQosmQWgU2n6,IlgTJ6xzRgzfEQmZJKquh
o06-n_CNsscpySV8TnXr_,Rb-xFEFlPCfjO21AJNdjk
9T6OcvFYQzSn9jbEELCZC,ItcHfsvgY6E-LPCs1HjEQ
iFaJY3ZVND664OLInyMDR,Hn5URIhi9MTtDQpDWEwnu
7Ps07Hdc2TLSEag5bk6Fw,4ff4EUXjcNNNloWxdjOko
mJ9avmtIlud-BaPnR_Cl6,f7bxKvyFv0ir25GRn7AwB
7sKcOIG1N4RVst6PJ86h1,d87vs9yPTjFx1WdCjaIsc
7dHNnVSyrX85Cmlsd4XQB,oaD4k-eEgbyrXNtbDZ3hj
4GTp3HZGELLVnXJzroJyi,G9vb1mNqVODzlB3vGWL0I
NZqssJm0nHYB0O_OsVOTl,Znf1zHZJq1aKImktOwyl6
bdDFp5et6mNzrsVu7sqhs,8hy9r8pRkQJQKdPX988cE
GIAzYaPbw-sNvYqeujned,O8lS3ZuQzX1UkVOC4f7ce
SCf5RxZKGjtXGoQSgGUrg,-a5r5Ht5ExsYMbZEjYoMg
f7oXH5KiiGjsJwwo2_6nE,dlVrdiMei2ERPZnJ8Wo3a
iRBPMjisGYHbN0WI1mC96,4MvRT9sU5WSdWPwqjPZ4i
WnF8b3g_YmsATiqk11FhG,WT3fBM9T9ku2LMkcjoj6t
Rwx8C029ud734I4Yy8qsC,v0jhtGJds2NqCaS9CLMUn
Y_oO5sx9Y_uAgpYZT8yBP,_nXP21x3cAaFYeNla6FAq
H3YbEW4DO10YHAcv68tLY,B5N9kQEO0CWdGynnUCtq1
uhD-Cd50_w6-OBHuAUN5P,7dYN23-YDkUeaeKrQsxfg
Se_MqjzmnRr6CuMwcVEFV,WTJlWLsvhpEzWI2YrwmTw
7oPqCeMF3Iv-U5f2x5i8a,HMB9XKkfK-K9g42iawbw_
dzcpYXsHHG1Gj5FmsB7PC,266AWjJzkyvvTWFHjNYWI
wFp70q1P5-B1DEp7vZ2Lw,qiAPVTwE7gEcFfJ06SfJm
2UzBucNidHtPpgX1zESod,_Patkw8qLSMbY1eSPmDee
grNY0ZxW_0rD9l5jzeEV2,vfr9m8MFSp3OrHPsfHT61
G9GeJQ8CXxGbY5wITJwl6,fqH89pyiXp3zSsJ0LXmfe
O4Gow5ZyYbuGn8E_aV5lD,tGWQGXf3eT0CzUig9XOCa
ay2WUsWw6PU0zhrrFiZ4x,oBVfy8v7I1bEsPL9yAo-6
4PFkzr6TJnHAnQ0g4H--x,gl_ACpX5nnF-vqX0-eXeh
GiVJrLjvuLfMRIJWLcudD,BM7w1fGzLBgjeGgGMMc-D
V719dTd4b-z2f8kXpKzFZ,LLjDLBgHCzgvsdhz-k0wo
y5tMeiCH4Po_6zj9-3NpA,RbwO2sDPQ6yUSr7onTzvH
DuxL26b2SO1iJShkz8S1U,fE6VICPqO3xZOQk3YT9W2
AGt_mOPSBfsK0qVvxP2Md,SkrgfgnQm6hqBGKNgqNjH
07kF82e5OcuGnGDWec7Hi,QfFB7CLl9GWpzXuKc_xy8
0mqY2Y4gswLJUyXcHGqbH,SOFtdCfAskqiPuYr__xkA
S-FpW6zYD7mbXZKBCVajP,ilmrivCxcacp-WBLJMLYB
lS2ePwnFnHP7oWiNnVMZy,xD3DNs5T23ClmpbU9hFNP
pHIIchykVaMW4ypZ-w9H9,LfJl9krVZ3A7qIC8ZD5p7
oichW4RhY0G11bao4Fu_C,0RCOKVVxr0usBiyncLsxi
qo3k3-GWIn4YKS11F9snO,4ujjmz5xFxopkjBQxSb3A
-EOhTClfja1eYkR4wXj5g,VkFg8tYut6k76ahHZ0x4T
_VgpIFIRkYxXw98hgoVe4,ZsSKsZzDJm3LbvxgdVU1H
boUm_Y4a26lxs9l9Kbsu6,43cejOnu16o9uDrWnKLm3
tQBADIcOKy1j5SsJGACIi,5_GzeIvOXUE-UE1aEcU0H
ztzuQuRv4G0KciP05NvdA,zABWzHuWX-Jbh_pjsGV3G
18Zg6HE_Pv3zoLGgXDGfv,jeFZCaduVpz_JMoeVKEan
Om5gYd-I0vn3A3lyH5Fy2,S01LT5jH_sEibCQ9c9A19
2YNsWXdirAiw_tGsl-pW1,IsIBW6RLoLOWWRE2xw-Vs
UGjmfbMjxvsNAKLIKufTj,2ItI1JlQyJ8CP9Ix0PsnD
9487POGPmtjWQxusWVHKv,bZ8YYNzbUHSu9pacVRRkP
d5-T3I0oUgv7qo0INApF3,KoveEMRZSLkcvtCGYbcfw
hd53hgb1iQ8uSJnQjzeFt,rCflQbHL1YlYbDeLpugN4
J_jMsRDF8zDlFATZSiS2e,4jFzBKoi5sUG5FnxiXTQi
kBLU0TQ5X-sDbTHEvq37_,32aEB8s0v2oK1j5d4nS1T
jFHcYd0Tm-YMrrcmv67Jl,N7OEsbj2bTdm_a4Kj6Guf
QGHsFnfyUAApnKQfwj0mU,4oSx3gt2jNp4N2YX8bKDh
qBzxCG_T9T514zdg41Bc0,BbdFEH8lKccrqGpCtvFmr
mY1QcNm8OUP-OKoAjV3Gy,VeBllv3doFArUbOmIhuvW
0EoHDLg29JSDoF_g9ZKl6,STUIUPdSdB4Ah4AzILer9
4YxdTzNKH6sqxKAXRf1Cv,_JzPNbe51OapT31E7aMvp
D-6H2Ig7RL3kyCnjLAkjN,NXF37QfGS7qyZIRTGIyMB
-vdSS4CknDNQ3TTj1FNIM,NO4AEGCvxR6CwLvOrKtH8
f18ZFc4Fdd1ubgg1EBEAX,3b-OSd_mAhAHaw4Xxzoei
JwMLxVvGyNU7LltnQ3WD_,HU9iPJwKYfLOPXQjJ5CAf
WJPDZXqwtNLreBAQptJp1,L81o5QjQtU5y-nUtDByMx
3fjHzvQI6luiOKSIKy83l,fnCNPmCt1v5uV45BvgDuE
QWi-5_wC-Leo5bO_FUBOP,BdjSo70vztlLMB5zopocW
kjTMu1Tfor3bqyrcIsAnH,9X5J-fTJytwZMzKOItSMc
QNGVRqx2-uNINAclQq2k_,yxE-Ex-gjRgBY86tMuB9_
uGRmQAiQBeNNX_9Tgrg1Z,AOLMfj4pB8IYw1hYe-bdg
lBwMnOb7AHkAuGhuceNl4,hcY4FAoeHuhBCKdpBexBF
TVs-PDHhYjdffzA-MthIy,W1J09thcrzGqD39IQqrRv
DsrEC2INK8uDxh2MKD092,WJEsrytAuESxXydjPcruv
A3WX6wAHF9IBW7PB0QSfP,LlNPMNJSq1d41ISi0TTsr
SYs7UrZFcFrKEkS6TWJ6c,v3ssg6PwB8v3mndg47WFl
svHiL2BrfT49Gm5TY9Y2Q,ObwYDBpUbZP2Ooa9ptgI8
kLqu-56WF6YFOOkiww4P5,VwRnWuEcmeJ6gxB-a6_Xs
qAv95DvhNjsVnepTqgTrH,o6kU0b22035xoPD6Be5Gu
sKb4q66kcye8MyxPXiu68,Fvjt2X3vtMiswgiKac8Y5
GGsG25LaCmrG201xygQln,LQp1-9eED2KLl9g6RMIVl
JkUxmm2Ebc6FQmnPxo4F-,RpH8mO4UOV4NkwlR0fdTC
A5TRqXFxu8MM2A61kRoXk,LDo1SiCXzq5jhOGVy1KDK
FhGiN-3M3vO6uVpIoqD_6,hzoutBCkc5KKCzi6-NLrk
_ID6JngzgAWFNTtVlDaMr,p-KxjduuNTtJT0nhEUfPk
2TseG3a4ekxSWEc7hEh2u,6Dr4sut25ORY5gLkgJ8vF
Di0QkFIQIpxZyMomfxYAY,-krk-Ynya3V0pbcTg6PCn
3RLKysDafYOAEc5bGI9sO,_fBcriMoct-yDBdgDdKp1
04wJOlROCBZR4DT4COuVx,yY9ls71xSNv_IRwnmBMx1
ZVB7qm6wntOLWgc2aYUUi,IETAuaA9y0OCf0xBCiERE
A7TFCNJkWPQ7wWxXoMeyy,dkywEDrqrG134GL-QefvC
zqa51xfU0pX9eWHSjilx0,fuPdU-CImniicbIY8X6jj
VYxRQuN-KdHu0Jc2Q9Tt-,O0sVFliUPlwqI29zLRRzJ
N_LU1JReVUaiCpNWEZKnD,2EcbWYqUOY7GvEuCXPTeS
7cckQatUFDJUfIIpb64fv,JVenTbiLbz8kqr5zbknm_
JOCBxk4FQDOMYHZEilHyw,_inkZPA4yt8lcRg0Rnsgl
BfiNpyQKL4NcTTgwcfRwi,78-RR4-FUoFD9la7l9thz
-Fn1UKRVsIT8woggAT77p,-CIk_i4unZG8NMEb-zrMa
CfYSsh5mbxeY30zA8zPqP,YFZHmtWI8hj9sj6GG4NAs
wOHiiWv_vVB7RrOnI21K0,HKIh2DpmX7LzVVVxzxe3Q
GywfI8VKSEaTcPFBm9CQm,OfE--Rr5OOhAv9zlwD8x2
dGV89ATtqhblhBKqbqu4D,cgTW26pNZl2o9OVdOhXq0
Odf1ycDXofyhPbzGjNqT4,9PuQeJChmgEa1Gfmg4D6Z
mGhSBTBsosCYqrC7sWed2,a5zZ70By_jqbqsHPjBWco
yVQkgZMvJ72Rn1Q-6IpBg,OC4x6zvG0a_2wk2MWd8qn
BrHQLfQP6aYn-HL0lQufm,XcoH8gpAzS3uOg0NnMTd9
HWgJlmv43rjcqy6vbSwO5,JH2IXoVDlM5b7NH2iGxJ7
aPWbt4ZT84cONCbL-a8pA,1xRKj6S3P_wLHbmPn0hA-
L2PTqkuM_y4NUt4toFkTb,1ixVR9BiRtYKxXtj1v49X
g5hv5QPsTPZVP3HCn_eXl,8jidLsUlW--7pQYKCmPOt
lHPcPmvNMQZVMBLPilqjD,Z_cGbTDff--YX4IWyYvML
MEa1ammSt2wyp2YewF2m6,HodVdyDBj3Lf_d7q0i5GV
hQV73w66Ec3ZGQ4zb9gMN,A8c3W93ezbC0K8-fY0Qv6
MdEKE3mwIyhghLJ9P2EUy,kURDq-RdDTnEwhJvSzIKA
UxRahkYe5OT8eN358NJsA,WImcSBV3ab9Z1RbXhqqlt
U8MJ_4IK_tdE2XfMspAzQ,8_Yjj7Obkd5d5OHq5Ctdg
r0W5cQ69Ub1ERozZkWQmq,orkgVh6UQ8AlztY5tfQRf
oYWSjSVJijQGjdFmNFINE,6kSZRteo5oDcbCF80Ku6j
ilzq8cy1HRVqxJfIJp0Kg,YdQ7ZWxb86WnzO3fBRpmF
iTmZywR1CcVG00UF99Jmy,R3DR-EmE2p7SwYq9qsKUO
t-wT9IuPf8d1pMd_Zf-UO,Wo2SyeI3PiewPa-OEWGLM
yXeseDjTwNC6n7RBOTt2a,BFVFQw_XOj3PzgnLxLBW1
U4y3PyuonYvUFrpNJHWvg,OPutnASWuk3HfxERATSNP
BhOTnWvCzkf4BLEvRTVrl,iLAh_IVsdxxbuOpGK_-Kr
obp1Of55nsPSXKplPQxIe,BV_WBljDtfqakRYnGR7b6
ej_aABLLAJNyngm8SKDgR,M1ZR438b-_c4YIRatjD7m
dMW2RpX0titCY_gWXOsFD,_t4_hndF9ez4upJi9kruQ
aNdUzB1kFAOm3bt4NZyrI,FwIhUm5RwWOFVg6NtXvfT
Kds6SCUOzb4upVT8NQbxK,edii6ayEkGr4G__MJVVLd
bRZuPVUD-twmQF6q-wavG,m0ug5Ol5wDFwS3dnv3ltZ
yuBqB64KxyIGbrhtssT8V,3qSb05GisNxRTbFF9zyYO
tfkbSwM8DYaAcyfBbJ5ne,ql5MmeNRz8qXivo8lw3Q5
I0XvxNrHOx9Uw5LKg2-Cy,B2KELChDtnINGhpryD8EH
h49LYYCdkjB0L76MWIj1b,f9w6rTUhqkTfkwgO4XAzv
PBz8ee_8hGs399nT2jFjh,NvhqIFmrNGnCDx8H6w4xQ
Wmm9mWh0kGe6TQEubNgbO,PT0Fe9v_Baqgg45xwrPEK
lBnRRt4zrVj8hxAkOKUgN,Ksng2t4DZf7afJtmAY0NJ
PDruRncUvuryGGswIldP1,inh8hc1B4XjGYGPJhnBzm
7NPhQBF38Bk-rVFl_nCId,MdxFpFYuViTsqqA5_nx77
4YXr9reGla7gRtc9PYxXo,w-NrabRvyOziQcOD6RkGN
_J3A9Pcybf9ceq97EAkTI,XyZJ6uTcPterhHfgrV7PU
ByMtZMDeZgLpgkdqP9Bk9,o1GFMOZzp1rjBi86UGAZT
lPj2FLEhMTbTcm1FeVLG4,zPXelbq1BBwDnMC87sfj9
pC119SBOlmtvXNhYB6jUz,cFR1Ctj7QxrtRxUGf_UNC
txQNedoPR5os3SxHhPxCx,TZAcqe5bqvhhDB42VI_3W
E5AGofullm0yNpwjb9XDZ,NEPCVXxupq7tvsEwhNW77
wj9BEjq1gWeiaYWiPbkOe,feT1SFE8etQHQItCF6CnL
Z_0bARraYAbNlm4O3w7Ov,KSuSuzI0DBVetO9xvWSni
UE13wL64aEl3iOCaiQm3D,-hOvlYuQSlj9mOJCfrGXJ
tKuCVY53aJ-hGxPRCMOPr,5dAivYc0HhlJrFPkgq3dH
2oVfkg0aYYZFJcGhwO_8f,8AF_R7NMrd_jGTlDkvg1L
iVji56ZX3SMGKnpKDatn8,IQ1jrDTfn0xX7dzAj_OUU
fbYYMjS9uyCj_zcA1T3zn,fedFUrD7mfZsP_qPWJPlK
8yEJRG_FbHGQy3QxpvGq5,3vGu2H35h4kAc07QRg0fI
fDA38ahNw8wrIyNfFwgT0,qiaVQMefLTdrd9BMCeFbz
dc78swsnK-Ygn5j5Xrze5,V-lvHsyLcqRed81g0_lKw
6w-lxmAuRhmKemM5NYmKs,LLFLw-sgnyYano-2KgHJO
bml257eqO7DzySM4hPxAX,V3gBCgocGZS3UgbGEIq7K
itbG-_SWeBgbIybg0XKfg,_-UQjmUczmZAFcTZ_BKM9
ZCluHQTip6PS_dgrLjEHj,ZslorvkRFf-l71wSXpwpB
_a6fk0Pxm4KqAnmkAm9jk,9YjcJna125nrOJiiNzNwL
9WbhkmV5nhTCFAmurid_S,jboe4EUpnLvy-Czv7NFzI
VQ3sVZi85plK3Xp9C1eIx,HT_IDf0wFJOaFe4RwS--D
CRiruSPKe59M5vLX0c5Dv,a33xi0dURgPZBRzzFCplI
tN9vQPRoMqscn5q-3ONMJ,7AoOLyJL0rx9MykHyx7K4
OK3xv_2VlmVEFC9aT6zQq,_l6F9ARdf1OKYYoV-1edv
t0gnoNv7gJ4GBMhghiPe0,KqZ4XR6eCSJdOTk16_KVa
A6P8jbmbEYQgMPs1ZE36C,l1kuplvJpuu_HeIlQBu9S
L58wtcz9vZmkoiP6UOa68,obY4GmlvvYPMpvL4I7r5F
H1aMu5_IrTRmiojtTLBji,6QfGlDloDFwW8TCE2b4iZ
TY-vyb1HFZQJ98H5uiDKJ,fTClOMmxeJpvtGz6TvCqH
G7qthi78_-aoPwjTzsv--,LmutzPrREyc3x5dCQOx_N
ge7VMXSxSP7No0XjYfNWS,caA_Qa-gP9Vkj3PSdXg2m
ew4bMwyzDyREfxF94GY3H,aCcSbZpMn90_VTbIBKWXj
68sbbUEbClQylmdjlN5Zn,59JKG2L0TVLPnbZMPYdCA
H4V9lM9B0K51ozvRnsxjj,LOwDsyjPZkbCAN3oylGEB
SRaHN9WGAJ1RZy3Y-9mQO,eWyo139h2XCRFUPXQsooG
kY3MK0idX4KZVmohgq_a1,Ee2YnlI83Q0s85E6x_0nS
41Xnqyd3Vcg4c9u-CGloL,Bq7D0Ym3pqqE0l7n6SpR-
4nWbUfXP2b9nODvQ20uJZ,IMQj50pup-KmF-nTqeSSR
jE6sid2Ej7NOhUIhwnXbu,_Qf_FesDtxeTnhELfe322
O9wGTLGp1gtzCl5fffi77,WI8pqe5h1giE7fvcYy_bU
SmVDDQVeQPp-nH_AUdyQ-,pgff-VDG8sIub6fkv3una
-HneIMe8LhXK027SLoFj7,tBemGBVMGsLHx970v4ozF
NqH1dkAsBcojSWeX9jVmd,a-spPMrpsCfZi3bPcmK2Z
uJODUcfqzANWmuW-lHCmx,AbOrHZm5kwAMk9P0155C3
zVm23dgqOW2CB_yg8mkPo,0t8C0mc7y5Lq014YMz-Ja
FhZugPjGsDWdrpfVDuWtm,7U10ej160tWIhSx64xAOC
WtfiQJ-e7-ILA300qRaDp,eBmKKyZrPAKj7SWduHBUu
uLQdxhQS9to5aR9NKXxJv,r88JkD-owVUYVpVXbsX4y
0R7UhHDsRCILYmop-gDc0,PTQZcBcEu_xxA0y2NDLXN
xISAqDDsCjrnWb3jV64TN,gsc5A9VkR6APbB3YaJi-n
D5SvYp-rRF2dsWhMHOkq7,y-aRaZCuCxWEcTDRvOIQK
LkNqejKc1ztKFJ-JumlQL,LjXj7IIzpCMbs5w_YeA2K
olE-ryAlzz_orLxGqEEgd,09HZZF_7aWIGUozVzk6IG
B1uQlzehwiwOCOrcY56pV,ybsV1fzV3Rsp_VZZPAFHj
jrG7PY8y1RLOyrxCO5UbQ,Kp-j6tGNadMkUSoowo_EO
QiOaL_nMDn-JeyfOQVp09,ClqdO79hZ9-ZQdRZubhqW
G1GZRjWKR-blLsF-Jqnz6,D_mlITHDqs5Y-lf95URhX
koyGkZC4emRNHRv9sJBMb,XAAeARRzFoRdUF1L1Ty2t
tgiPRMecuzPNbVSzx4NGN,5RrHLEF_sD5gjg3KuDtSV
0uGAHC15RI_ysL2TjlnTG,3Kidzah33bt7jKMj9d8CB
WB-vnZsN5ljpGAip7_nNL,BHxKwttSCcm1ZH9TjuO6a
rJVKO2_x314ZzTCJuLUJ5,7Qo3Bs_1Fpw8PAY8zS31s
juUh3ZnX_7hc2Rb7UkeDO,SpPH2NbY8W6bJxAG88alF
kmUnJ9WhaRIrdPHv5fbNJ,twFYSl3Uefoo0Uh0dtZQy
43nT5A3keqvlp0QtFwYPw,8JU39rDByGmdsb18Oryjr
0oRD_RPHgMb35kgougdvZ,kNvJKPYnIauqbZRrtlW6g
_c7Gkh6YgDn-9TNCEy-Wf,pRtDMv3ofVA10etadzQs9
yZNLVTaKJMGm5nn0YoQn-,ak3ucNDScDREKQBiLKK_D
oSTFjhhwqsSDLoWUKGXZK,BLXmZ01I2M4ZbKoCbN3-O
PDpQKP9kDrnEzNMwLLBHY,7rfPeenIWBxR0N0kURIxw
ZFykMJhaJJ8FuaqXEMsY6,-rt5CkliLF85KLJPVNMQQ
Pd7eLfrJd83Z8bkF26Zgq,1_ZAoGQ3rIibift2MAGeU
lFU1-3kRC5ICbyPjoe9wq,7ZCOCJyTWLPL7WE4lH__X
EB2_EwjVs_SGToYICqLnm,GBI7arl0bCNBnl8lk274d
OONYxLlztHzg656s1I2fp,UVnMigXWBxcrW7kciYvso
1FGZx2I58yzdbcY-gJxG2,ySlem7eO3XdOKZ-kZeigV
shqDvC-63jLZpAdLCqW96,XezEy_jedMLtFb-xsZSOE
5ZsXUv3RnhN_DZqDJ9ADB,AebSJjVWjpKAEfy0qVJEY
ihDvidl77a-H7eWQ096T5,-0cVajotjAkZaJKCb1iCf
qHp-6u1CHVokBwXFPeTBn,UewP4VhrdihXzQaA5iHvg
ene3vDPa7yKZlzzUV_eP-,onLtXcYUeD8tcmS1znhFM
cCPEWWoiNnSX_lAiN-J9Y,74IZDoPMxgP-38YhHOXLj
RpbF-Tj55zcGWaEcgFnNG,YREFGcehDPdfql91PF_TD
KzMLgcjlyro-BpJg_DUK0,Ya8WLeagpGl79pmuZmlrL
lnpBjvUyMHFfN1hoshVyF,zylTpFnrQm10Cd6ogMo4g
DtnxoAcBecFONhe8Gy3oi,-7txuJLUeHfYdQARd2h4D
Gk9e37OT8Kb9gne-aFPPp,gfQBz6lX2yD-4AS0-vZXO
h7bvqtTqlqHYFaXFb_KgA,V7pi7wMidra75Kkt8AiRp
dtrcBAUeRd31CyxS0LlB8,5qJ1eQHwLt0ZQiBUTOOEQ
6hmd7UplO3AFvifyL_bt6,DtDBMn4LocgSFAgIm7igx
xqOWR9Y-vOClQAeCXDoBi,m00TBp4qiYQdKQAwQpeZE
HszHTcKRSFihDqywAAc-O,4lG3KxBj0gaMaBezO-e4z
4kVt4tFZQwXzrXfK1uIPy,ofJhcVIQug7sN_VkVSZF1
bnOy4Y6jeaaiP1QrtiiYl,OsRnNgpq1mhn04lGuD3ga
uPG7aftAQmphZ6L_rh5_q,5NVIgDN13SGJ4EOXeQGB_
iucOvdurSDajWTyixST9J,4FSLS2yStVoBjeOljy76T
D6MNQjkwq7wZeS9SyPInu,EbQmhswzv0bYra0b43vnP
YnCYwR8SwksHe3H2_v8iq,rZJUe6u79frYoCCkiNv_f
93eTJa8ystKzbWVDJJBlF,ilVWHHnoUROEeGimx3LYZ
uxofKYlhIfyiXjmYhuTtT,3daYttXLeWF2-wiBuAj5i
WBcX2rUnTNLyANYGLbaxY,0kUchOD0QvLkBqpvScXFW
NW01WQ_tnV3nzRUZgPLv3,SYMO31N335wCU3mHCi-qA
TPO7ruCxH0iJIT3TyPz8c,nVGqvIcXmN01p_V3uSwk0
6aXHUCrnx_PW9lpJnt0HT,kL9yPejxJHOiBFOEA2Fo6
iXBAEnM-OZg4igsJtvMVC,_dC4T8WybS1hVoTiiZ3lT
MPPqI3XkuXRcYgio2e2Lp,xK3JFSSBUIaRqucC4kYYb
LxffDTM2y3kDFKK1UADFp,CwWwjT7wzn0UoYrwxlPrc
8u5Y3fMSNEA3SEkcQFxau,Ts8XkC3z-OWLHNCNUJjEx
dNUydqgmfScw9J2wXGMYD,gEHNdoohJox51F9Rtg_35
wdSjozF1c10o4KHUjh6Mb,8XH3C1fxL4-550TlHmJ57
phEqEuKay_7w3wOIkuWGB,zIFCFDnxvzLojwTVoprOT
LsmvfOpXE2e-NblAmVgzH,OBudvHLVhroP65JXM9PIc
Pr7XVT9ieOrvjaWK1k8Db,o6uMq_HLq2nVpBVvNi2gz
Gr9Tn8V0x3i2XAGj_e7ht,59WiOHEfK4a_K2o9wOkNB
Nm0bTXEuagw3-BIerOUab,KUswblyuZT2i2jYlgv-5n
2IkfqGRgBrv25Gzh5Wf5t,0aKJGYIoiEbeNPsGi-HJo
1w8qGd9rXdvHw1LoOtuRW,VJkd_7awbc4TQxn6aHDLP
5bxO7z64l4FEhnRc1USm_,Am4GmcKZAwOWiyJZsb9cr
koFpkYOw4p4D5z35guSzw,tGqNhnqEO04Fj_idI53o9
paFKxe5KXo6jNXdKMyGHz,tE6z7lEJLlBi5NvN-TjVR
vVf4a37hvFHdaQCkQC8cs,DrjuLb-UgitruT2tKsZ3T
mg_9yTD6QHbotgbpk44b_,FFismhQIxqwu7Vkdqvp-W
jAu_kl7GodFxW9Z4GHC_S,RLKfSN3-ECQUjiXTCrNWC
s2RGedUMkjOdeWEQh_xRr,NZ7UKP-Ss7gUY4lhpfK8C
EujWqT9JnNa5K8o6pxSd9,zpRhKvbn4-WUzyiuCqY7a
KlenYkyPx5Kakl6KQWxOR,X7wppizYqZfuHZ6BtLHnu
iHN9Nqp_luJT6MelDQlW2,PhNmKVZBjH5jjbWdQDogk
GqHrgYpWWnWC4HOrJs5ro,YL5kjrg7wEsRW3RnaSRq9
AGQe3zSfj8b0tga6PeL9X,Bc0znjfau2ML9kX_5pb8I
HVDelyEWSFQX2YOnBQ2rH,sqpNOwLXyIe7H5csv3Vw-
XM9sO2f2UG9TeFygeRrTJ,7MSnSXWlIxC_wQ4ulM9j-
2aOr4c7F9wpEmPKVj24tw,ZKhtrtBcHcansRztByeQ0
rDizLLeXcDYk_DLX_vdFF,JVqn6BxwlWhY2dmZVPcHs
SdUvo57tEBxAc2SbIEEIC,jqmCoVHmIE-R4jMOPhvLb
0vavko59DvPrJHVHVihs_,J5QO55wob5y6QX1UK2ROf
M-f7PFMr9tV1VOsRTki73,DnWoQPNNGqDIeKlr9dbDy
utHecBVqtmatRBhG-pICE,Z0IFaurq0xNEX0mIwVMBx
XfffI_8fau9QgdZtgl5lD,L_k_9PObG08xcq1qJ22Sd
X-_ZoAZILNfeFfUtKJgrc,rN-SyAjNhgHyTA8Fn_qFY
xKgCIwgBDLF9WGI4kTfT7,4LAMOtYtdEDu5jaMVgZB_
xLsZzsImDnEjtUaFMVKBw,TVJnPOdEE_ecT8gJCuss9
SWxtH85_M8q2ztOPmBrVu,uaorqRJD2eSbes6YBaz18
Kndeyjp3kJHWkIcqvjgJ9,QB1qD5j26D4qkAuIb0l0w
pNf6T9ZG_tdH6QQpAU6th,7BI-d35oggDOT0TFzDKq7
1afdTWOz_hdlc7dNu5SEW,v3VEn6T9groTNzM07EoD0
sjUEQDPQc4dBLBmQGOMVp,qlZzeJhI5So7IQE_WUm3k
KM-tLWU2A-_-TInMKjd4-,UA-J0X-w3369Gq-BgBlfJ
ZUgIBj70IhWLkkqEs5Cur,UjbV5gFsjAOnm0BLuqtTf
ArGg-Sk7rdyGCqseNRN7v,gfV0mXjzRvq2yeOY4X6CG
qUsKj9WpMmy7EpEEgVcBv,tj-5_gzbaRs-k9JZDQuiJ
rLENmldEK9Spo3BF10RFn,pEpNm0cgo2H5tib6_CZJs
dEmlRgZnqmpHMaiJ2rNPL,Ax9_k3IImjX_hMQjS-Nt9
ogGZR4yNTHqtJcBzPDqCn,uDgDpB9V44YENbzvlabOd
Ull7-FYXxknURlf6S1uNG,jctaLG33dvwq7-Rp8z0fj
oBaVO5uZrak85j-p4Aieu,za7lU8T8m6yuj6Z1umjDP
CVf0NulVV_Xb3JlJKGNbR,UKkpRDCSjmcDA0Zdk8vzS
L-ev3KAIifdcozA3QHwAF,sKrQTTRl6_41-h_D3Am0K
GE02Ha12DpE6IEx7Pt1ei,P80QAZf_Pr0lDWdXZfFL9
Z-GUEN2hyiom5aoumNt83,zgfoS1jrZ_5O7XHeJYB98
5AQxx51_6cbr_QC1Aq5E0,lgfMyjolV9cE0Tf6W7vNb
YbyUag2QhDki50I3of5MD,DPvV5wQRMqUo7PJpHcUQW
sA-jilpRoPRyKQipiHY1V,ocRoGJ50IIJb6oowvFkFy
bHhG1QE0moTnDErLu4AZZ,GPOhREfgm-10Rk19YWEkL
EfsrtDs0LAEPSijcJ9QIy,Vxb4xTwSns8GzUAxCNqFL
-riC9QqliFWlrn6PkkHyJ,LqgkCvLB0iAw0gPzBgQdM
atYEOhQhQXKX4FwLcoraq,Qq03OMTj7PQpNyIhg2tM1
W3TRiD3qnNsVAh7kkKpHr,mKZQb2wNETbn4GdsF0fW-
sqem_qpOK-zs3y3EkonuO,eAX7gJQ2fCl_nOlhAD6Fn
Y8vY9ny3EB3P8hqWfG7ee,GkkCLYHcPOdcuPSYs5_j4
TAGJ4EYvIb3bK-TcY1HBA,ZFjTyk-k1l1Ay6uZYdPWD
Vbol3kG8Anns5WsufGr0p,v_JBkQULnXCRHoFLKDtS4
3oiZmb1Yl7CvVFPCDfgeZ,2ZitVeA9Mu0DRgUoVqqEv
18bepSk7NZ_aJAq-T4azS,RkKfH0JkkCtzvtT5YQywK
7OZnqunmMRInNpVUNX5e0,Kf72ADCm-gsAaVXGhH5n5
1cHjt7-duBjNCowQHl7GU,Ss3TitKXdF2whQqbfl7q4
DuNWC7_uVkHtpWuKH5xU2,aUS5ZO8j9pFFpmcWaikqg
3J20wHOdd6bHHBAwBkB9w,9Q9zWo7SGnxNgxpL-IzsY
leUywSwFdWAarCyv-x7z2,-Uzmpm5w3BH_X4BDgd9J9
c-yx1H2rLydvPlrvufQIZ,IxbaQm3y7_MWJXnIEU5lx
QPMMF0KcDIuF117L8RVnM,EawYUFZQHtuuYxubX-tVw
Kv-HNJu7AEDckP_1CeO04,NlWEWWn57j8zIN1xp6u3u
4C4GpZ-u-TiT8UH8rQ4C9,J2jrY86RNL-MlxSNCdAll
QPUrflF8clmdkPmzWvnFK,SBJqKYtDzEXsMB2P-C7e_
icma7AJNpzMhayKjVvRpt,khd8i-7UX97U2o21R_8ol
ICWJ3Rd7VHlaQc5GBV4Vy,VgKHAIPWVo3IPtGdRpV-0
kRRixs4ogET7KhGjnUwdD,7EICTej0T6PM-pDG1aJwi
w2eiyfzt8CSJUB4LPhcYL,EWLQuw1uaFrdCebdgS9BD
ksQaLkeBsJf0lEba-Mn0A,NY6DZFSAFI3hI8qM7MyEY
YO47Gi253FhrAhc6DuiB5,e38DPocTcoZSkW5Gl1fCd
HsTGx-FmdKKySEDdwL4YR,CT82-_SXyvq1sXiNvMnKc
-fJDGU5bL5O5OoBpR9NOq,FqlCqZSQHGe8YPe9q9jVl
MKQECIQNEGDyPW_SXRAu_,cGRYeCPtCwh_XO1N_Zk1R
YoJs1E-QnrpNbS1zMAl8G,VkgRUNsCoTiz5olpd_vw3
YJEMio5N4Wo6TcJ8RIzCE,E27-sneRaJ7zz5p3sWFUN
ZqfBTBxYxRzpa90yB45aw,0BefLT8IdScnIjzV3SicO
TT4EIBzleSlrNGAUFxbaW,bcEZbNXdri4HyydCB5Yc4
dRnao7LUJ9Gmg7EY2mSp3,63k9NGR9O9PXnfHONs3Pj
XXGAmypJ6Vk8yWzNo8iTi,3jvUhg1rid5RJ_3z7_SZ8
2f4uAMq4uyGGIMLmttDDN,8UlkbpyMTAcdX3RUPq_D9
TCjtRHBSfquccdD4YDv7e,are4GnUy7wK1Hk5kjUWQR
knDB5plrzoOLNP8xDqu2M,mGwtKvngAy96NqcSt0fFy
akOqFVLrj42Opx7UQyvxg,tnN3lBvenZYwOviXn5ZgG
f13sY88MOj6DEfZZLlg42,BAscbYd_ZzMQY8kUSJzI_
UXEwaSxM3t2g-2Cn9YZ7K,Q01YAADAFoEGs9XCHxqrX
QI5WfCGWuOwkHzLHrXe0G,DlJB9GgN4IrzsgZjsTtyM
wT1da_w2rwt754orV1qPJ,xhP0-WI-zS6Y-iBCp4Kc6
1_G6LYjpi2cdrmGP56CyR,3pFHSKBT-yDDnRhHRMgXr
h6kJiVoHu5bHW74qjXCC0,Gv-lCr7z8obDBFPL7XVk8
4GJEAThEEKZ_MT6Yb7nZF,c6LOIXLj6seTv1kHQWFj4
DwcoleB8x8bF2Iq_Qv6wH,WYpGCg2rx8re_j3mXsoRj
iOjf0pHRRvnRhjuGmsyjw,giYULSV7QbaDN1MXozSd8
cwDzDxcfz9ZcZ1utfo8PO,kEEchmJYngkrnHX0aw7sv
jO1RRtWw4H-shUy4sl--R,2K5oGZwpOsoABVBxGc1nq
8tnwJtWfsxdiDRA3sereV,7uSEtpmlKUy8ESHtKO9NF
MxfJaHt_VH83ozLgprURa,RXHih5hqb3lDvH3wmjw7V
VbnpDYIiLPzKEfUtd65tE,nhBddQat4MfDgXxFVkZ6a
CefAXgYsraQRIvh9e4QGM,phaZ9DpvtCc56GjYVL0lH
QZy4-9JDJu4RYn7a9uEAC,-a185oskwacKiT3LzsGjj
uIYxKBCSvrEcnTnLU92Gn,4rFpheVP7_IyO4GRwgUT_
a2z9a-dsUvieZg-jI5RXm,Bo3symPdORRswgWtwaVQ-
YgZlDfbikLuYqRCOX-LJC,qGuM1djjtgnN8nBwmCmXP
PKk4UyBksUP79ot2oDiak,QcKUQ4LcxZt08KX4R4BuE
9niGWgVq7ftI9DIFvIAWQ,0TqwKV5SlUKiRAXueoSR6
9leneARrNBI8QlyC3aEpV,KGRvW12JWI8oVkT624EKb
ejGmimWXB63NQIvaByXWE,Jw3WeoUn1zy7p5wAre0tn
eD2CxBwM1oWwyH1A2YplD,a204CjoQdLv8p6MkdX9-Y
QfOUytVEN4v2_nBrxglZn,YDHNTJz7P1AhR01uF-R_l
fD-Rsn-kQfE2XU5oZZEMD,oBcq6ALamjemh5SMo2PZN
k5BUMK-72IuCluDtLXdZc,e4AjOtAgZETEavYk5gmFA
rwSb0Rh-L7HJNUHc4_C9S,wj5vYVt3Y6qu_GxpWSORk
6eWoZl1diTNLQdFvrnIWq,DN8ptYWsWK0DSl8lwNmrZ
iM6JFZ-0sqln0EfiMbtK0,4iSZcdBbEZwxG_MyF1qRT
KVqcBZe9WigVODAoHzHsw,Aa8FX1Wbfhz-4RmUjzryZ
KZwouToEXErNE2L3dkeLZ,fmFklp8ADxvKnTkoaPsCP
mFt996K54EnKUlx052BQh,sWoU9magWgYcDSuDuXrOx
qclGmOtMeDcJ13N8Ei02S,8nfnKUzuybl8DZOE4K9XE
fITXlUh6DtXYVlskpFHWb,-FR5xNy3Tcb0Vgzv3a1ZO
XlCf3ndAYKQ1Xv6UG-PER,yKJXuiFVUHSjyMKUAFWLW
ICOCX_yu6ShIqnfRwuzZa,s4yml5IbWk1bXtnkgSw38
nETScZc_RqaqF25IWKKRS,MPqMj8catIusYW9CocoZP
N0KLi0NOcsSg8BJgrAfOx,STKmxkowys7fjqNcBbvU_
zoBzu6NhjYHSQkbS5qFsX,K-_0CwYZbo7paCUNWUAaN
hMAuLg5aGf0cK7cr-usuZ,0ZWyQKf7CBsqOaFoj_E0E
tFncDraDmwtkjYYjKxbLo,gS_YA9gIkEkdoIpnJcVGD
kMNFhoyM_YllMVq_BT9F2,er7xmNcRneL4aeburH163
Hel-tkBl3CmPopTb0ZmiO,l2vPSSAjPUsHe3pnh3Bb4
p1tnadNQnO3hq3WSkNXy5,5_kcQF1W6X_6iLKO5QH4x
lUVQBKSyQbOf3B29Ev4jJ,wPU-swzriQghRvPLWsqFE
afpKf6DrSW6yLg6jMp_uF,KOX7mpswcm1EmkEVxYX7v
MxhIR2bWhQ98ShEdMyR9k,MUxonNP_83Ol4OB90Rqgv
RV_oEcKWyT7dqYrcS8e5P,Fsnkxl_iT4dVfvMu-fnri
QUzjjqW9j_xr195VQTLXr,8iDonFIJqZY69dYgFmQSI
dLmXFmTUQX_zO8oAU2MfZ,xCcJUrMqMySSgXx2az2Bf
WHjw9JIKXuUdySLTHipG2,gnDR3zDaiJ35pst51FSqY
6Sm_vMCQSSdnKNUHO6bAh,aICVHsSIUosjndIofPSv2
2wtfkv9b-MJ4mUFhhy-CK,gA1_zmY7J1xhYsNKeqe6Q
dU9gkU8iMAuMV6VYxmi-U,NXPv4vJzY90e3X2u6k_F6
HbZMVT2bVhQjxLD6qrWgC,AIceGDaVJ5mGOnidIfe2f
Kdu5ActIEQCtDBCp6gwDP,1XTVNhhv27foey-SH7Vin
0IjhBnkzdbyoie3cTkosD,6a1FiKNQScwKbCXMng3h0
-kXB6phDikbjLk5Jdl9Pa,xba83NOshDgxcm-WvHi4A
LRglV9C6ql93NvqJc5h4r,aCcM3nr4X2p4KH5uLFFEn
oa9lzO1fdkUu23uiqrU42,R91IV86GnDJxRZJgb825n
bf87Uv8EJHVmLRq4W-085,CEIxSszYor_bsD4mzSaEJ
RZnFq6uMiN2Kn0ocDraVA,loF4i6lx5kPGbGi1Q_2kE
6G9OwSNguxOlzk6MBT6tS,6WrR7rNo9RIVs3LJYROVm
umniVez53oexFhrjeR1Zl,Ik3-97ZU0Xd5E0y5kSwMY
jqajcuAMbaCh7EgTEY_Op,qirPilvgTuV-IwXq-fw7H
S3xp0opK8QmpQeXv4B00G,J_rwcOQMgjoO1CD2WVbjW
Z2P-OIY6OA7Hsbm1tvjf0,hjhK0AVLIX_hXq2NNLqZ7
9NTaMo6Q0rKQdukuCVIKh,xhYN5mJCh0XMcomx2GKus
mix5VNF2cJOF1j2usQWdq,90vMu3AX0B8WaZt_rdbjw
X0R5xp25MtLlRHfR5xj-k,Bk7VETfKpDo5-wzUG-RcP
AELf2Aho2soJqncxrx7hf,4I6bTOhvP4VZjOooz3Nu7
MM9bmYkL_YMSDN7PFc2kn,hupY1c1hXv0mnW6nJn_tr
F_0bPOtIK5tGHth9aJNcr,vvBXraZLwjBteCAxJuh4J
Q167ZU9SZbCj4o-z9V2wO,h4h4PpjlGVB3tcwq77jD_
_p2i3Rc7tMID5lGrBcewv,6Cp-LItQwu0kej8CZgZTc
036SYG5fX1aBKn1TE0nbP,2D3s9XSaJ9ipjgXfn2qp8
X8e91Ds39FsTk_CNF4zs2,ZDarHzDBxuIh3vNq5hVnT
PU51InJvW3ZP0UfYBsLOJ,AXPqkOKSmPgynQfuMWL7L
7rPkBc3hGZg5m0CcOy4Tk,PfUmrfXbYvIOnyVu93wK3
D_tU0-byjv5rfRmce_vFo,LkUs2m6-v-kdOQ0m8blzU
EDBhxH6r9cBMGd9wRmVnU,qzfdbBDrMP2R-P-GoWSUB
kKGQmi67uTRPPLF_1Pb4w,FuSCV3ufSD5pcxbA5DBWI
UK_cm9dMfS4iF2iWsuNg-,QPg3RHK3xWPRQAK3CjMYN
iVxSo7OGXoEltkFKDqviN,4x61yWFXovuscpEpGQxbR
TeHSfPQZ6KUJe7zJKQSjz,IM2T7EDLVJNk5luiAazdu
QJL2HsYSBo4i0N9KWnN-l,eOoNnONeYw2HySgp3Vq4o
7qtNyAQEbKxbMYToE_ocn,KUcO-j-lATRQ9fGamL8Hm
qv8u182liUEKDBPT976Qq,B5LHgdOtR4edHSKpQU5uO
P8if-TLJa82e3F_MeHlig,r1QVoqs_mk9NlydNk5Uyu
VGnCm5L9MjiHCenWGzQ-4,nKDPGnVv41rQP4gZO-UzD
1p_lCx_qsPQumw_xtgOMd,o7F7ZJuAP3NpN_59CfYXJ
mSaM5_-dCbBqvMOpMDEde,2euUuQHsHxQ_xcvbICLYx
aljVm1t6OCjOt_yre7Z4T,nOkMYjRm95sDsHF9-IdQD
-pv377kc51VDGbIhNd7rN,NlDAjrgJ3SNb9hh7KSfWX
zsxpqPYNRaqBjxxGotFBu,ZT5SA9wzP3OtXqEF0APrK
SP7trm-x1U1XweRjcaUPb,qgbmSXkJakNkcNyeO5hlP
1E4g4_reagSmQ0_c09KPq,H8WJqN1QtXW9i6PVkwCyj
CAjSGGWdCT1sslebokc0E,rXupFSjb-ERjDdiWsXrjm
-Y2ATq5UJGa-WcC4QNvA8,ZwSwA5DwV_C9ATizwe7Uk
WqJwghT1f7CxzJIPFuthv,kWs-W1Mm8UUXlVd79ZMOZ
z2BpfmBzxM3XUOtFc0Tgz,_TUhheK8SPyXzcIgS6OY_
5jrHoydyBE0J3oIsBdFHR,po5xWKZKKGEbYv5mSLSua
4noNfn6II14GWkt-roZgK,dMUCezV1kxYIzvg8JYpw1
sfZvZ8IkMh0zy2-TFdY-S,w4Urx4nvumSR36pkr5wWS
S-kjJ8JweC-gVTwHZmCw_,p6SJFJ1xRVhEyjF5CnAjq
h-hopu7g4yk0w8Rxzkp8W,n9GdCCeC1lr9f83rlCKb6
2SQ7YWZvihP4yEf7zT9qM,9Nemd8Yebjv95V53rCtEa
KuYmIimG02VGd949fD1L3,ynoyFd-dzXfDm2VHk6S3X
Ekk0ARSPOsDJz5-0hViln,wFsN0AEvjmYmJmSfljAqw
fDFcmnNivuREc0lcFdaxq,ltUNFPkssk53JLZyNRaiQ
XDLbbPEtaDH71iGeaVE5S,vg-4vK23GhLXWS4koHJnI
TkhpR0dMhv3PxRiZE3u9_,g36BT7NiEoM_r0UF-9CR1
aQOWozdtYl3sg7gAEthNm,r51H5W18ftYPQLMa-2zvx
4DLfy-gva8gC5HqvtRGG2,TmFAmPawo0Bchu0UOzFaq
4Ld6eKyXQheSSl4s3VIhl,DAmdFpqHkn4azJ7tPa49-
VwYUrmzwXP4v_D72ugk90,LpGD16IktQikQ-m8C3vgH
f7wJdvIxGi3DecY2MsHxJ,JxbiSX-oC5HLdTGBot2BD
YdWIyNF8VuJr__jGyPizx,WqhWaSamumt3Hjh2RImmv
OXlgAsMR8b32W3_ahHDs8,SRL_wxXImFkCOWiZGS162
y6xbgwOIrfxidKjbN28Yz,DLl0f_1H25bfUAyBXcMic
7uUWffJAa_KFZh1HRiT3m,9b7vM1LaZpZ-zbAt8eoTk
HM3sUFHA2ATkKZ2HbdP5X,W9Q889JOAJvCyUzFCvdRn
MHDNWhM2GBAvq6m50Lo8K,N2dxn57dYSQNqUnVZacZr
s_wpV9lNT3RTJAYOHHYW3,IAYNB9p8shkGuP-7v_Iq9
bekAoaU5eCOWUo4ed9TZx,L4LikXSuuT2CKg2BAuY-j
_uYtdEicddR7-eLb0H6Ji,KCE5yJLyE2hezQZwWda9t
nRMyrf-7NihrBAq2m6HPW,Yk3RFSB0CgpgUOjClqp2w
Cr1AZB3qQz28A6BhB6SJg,Ze59eimufmmmuiw05tmN7
xgq-poJnOzzSaOTtF7z9u,0BJBOCHTx1wGjU7_PLXkV
QlR9V1RGTyHzbIbYMgPx3,EfrFPhGvHyBDKqXLv0_yp
6_Ag-rcRgR4svdXpRbECq,F9j-HxYfwbwKLKBh8OjZ9
oIceUYOaxDKlZueMvH5Px,9hXRyBzzWffCXCpLYbcLR
M4v5yv9C9kZt7MJkRkEEn,HEtNrRpNkWBJwVlPwDLhS
RU1vA70KbgxVtH7SqREdz,1nhJ314Tsf31sFOkFhk8u
ePIL6Kv1jvgCtdSPmReQO,s7XSnKqynI93QKbnvb2Yv
fAoXklKTZ56NsDMC1fFtS,EqCfXV2eh3fIUmqXxgH6e
pAOZXCtY1-pqi_TEYL0Bp,5JOGCH62aZz5_B8eaM9ff
-xMyT173kt2gpGwqFAIoV,0ynF8BEL9F2DW0xwTjokv
dt1F0ZhUY8pvJsVO-zLLZ,X-uHqsfO5zGWmerZytY4F
ReOXf-pWbK5NkU3Iy8g2M,vIwrKfesr2bweUSfRgWnt
AG7Q9NVSu75SUAuifHU5-,vSOZHKuVTibrcDCJMD0Et
twYQZfJsICcortF8vExxa,EBe31Hodc2UQMdWSsYsFp
jfKGU7NXHVifeCUzExsRT,9hFfCIsyzdsP20V4PUFFw
N6LDg2JChKR_RA0zyjhKm,JEF9ys9bHixTxwVbhQTUm
VBExaPgpWRVpULbeP4KEE,npRoxTmiPT9u6Q_DbNkPD
9Ab1d67fjPRTzljXjNKuS,ItrEpekp0Rm62PDFzc6CZ
GNzlsZ94_Eb6qPvhpmBoZ,-YvK-Khycxp9yoRtArYOz
YgxadC1ixR3jjnDWM65CG,MQJF1B5w04I0ZUg-EDYaI
1_KTM67XkZlrijGQ1hN6O,evmhp0THTm5TOlsahyIsK
u23Jt4-lUBogMhUCubPIj,ge9ZFeO_ya-diLy4NBIE1
qw_W4rR8Mhe6dQ0MgHd8G,I4u1JzaYxgI5zxU15xNA1
6eV_5y4OqTw4Gqz4DH4xF,0LbCulV8_F3DN1U0pYljk
6tx9QcngQ2IpnRfaH53bC,2o2WOtFtwsT1dKOqdY_R-
qzvCq5e7X34QtrLWR5hlX,CICRZZTUd8ZZSaB7vosip
_cOZPRe-MyaV4wXYwGgMj,JOCvxwnMbc9STuwyk_M4N
-3q8EB6JBBRe9GuxePyTu,-O4sM1QJvI_LgxDPeF7g0
OK_m7jiK4MlH2s63gsLo1,NbWdbY0iRPerBNOzQOJAL
-PwrOmvKqG5U43q4bdG0K,caKG3NPjqIa8hkR-Ad52F
xaaD_95CEMhPDCTQMJqpf,BKsQAAGCkQd35fQI_vMML
euJPinEbzDS2r7ICHuYTP,9ZZ9Ye8Z63S0OpII7Suy6
KUYEsU5HZm_Xx6T90iPie,1nTJAzGTKkQRTcyMWlHRV
UFie6tIx1hU0ispce5N1J,OlaxR8rSDKinqgPTKf5ms
CcPajDgawhAh2IqYPoBVD,qTCGf_-tuUpVbOBG77PyT
0F3hvYuD2phomQJi7OZ8g,0xgL3YLzorh1Pb_in9dvU
OdgI__AbXpzmVM05-Zl03,WlvYv1_Rkwjy7BtgdXMbC
I8VEdvK2LeUznoWUvFz1p,phmyjvAifD2HNKQiK-dvx
1Ci-fOCS0Odm2Llvs24GY,GCaaiiljVgXXnzibMhp-Q
yqM6kv5vRnfenvDIKuAGt,Dw2HtD6W0UtygHUxNZf4k
Vt0EYxB4wlFpelaOmxvAz,JSTgmD6vlKMvmRXyX_q8x
PzIakUsIL9gYpcxX_Qt2G,-2MwmrRxOQy1JZlOt6Cxu
0g97pVkBHow9skUUezVQ-,0VGy_Kgiyd8q7FkDd3CgO
tdN6-vMnjXwp_ZUuR7Evf,MPA6g4BVmD-kd77Tpf2qI
9GLWN6i85Q42FttWhxx0Z,fsssJ0Io78cBUqgVaTvLj
wDfwr4wDuVyLkVrBLo9Dl,-ADctky8RyS_L_ol02vis
ZefNCgJiqZI1wr43m1W_A,0vWy9O7cP1_bpJahlm3i0
fb7pE8aH_RiafmflHe1K3,-lxR-tthYyuH_OsZIaZRQ
AENN75YjXRAlYRaVY6f2G,FgvgOOHJhWK1sTOjoVJP2
clHkg9OBryRGOhOdRkrX-,FghIAKGy2_LkHZIP4Dohy
lr2jShGZesl4u-ImtqxdE,THGHJN2SXr6snRqDrFsJH
zdMT8LFEAOTLrU4XRc4JY,GygjlgsNBkGbn9Sy-95ib
IYVtKGZDqVoTdGHxWPJR9,sfj5B3pt5BW6fsTROT6ET
mDvKDEZuEvDjejqWihAkX,rjvXDgntuOeh0oCbWlXcl
7cIQLauK-j6J1hDeXVEUt,bCtPMlIS3VsOT_87cbwUd
lTdK37TPgYFaC6BRSWfvs,F5kPSzUsSrxW4WrdfS2Kh
Y3j7GwhFKGT09stdtsvZi,iFeP4Iv2NzuQnvjfPKOv9
6h2mUrB_AN_kEthGoUKK9,71sf0UcXs-COgQa1qY7EG
JlZyrGye6QbftwrlDH5Y9,JUUE38zDg10BRA-xLblsv
LRWANabR8B86pGnUHQSGx,1wOHqGH7V870Iw5Y2a7Ll
EiRAjxbEnStgmDSnN4P0f,zQvX92YjAJN-AExmrqjUk
RPe1hO3E8KNsnnJYNtQ_z,vn0P59GEbHXywazGKIkAz
LWBZDDU2e1ui3sJQSOAOl,8TE0p_zvA_tbpwMK2I00V
gjAYks1ix-7HUOfJD6OZQ,Pz0WU7mV_6DScMKQTe0N9
EBg-cdirSjC8o6CU4_a7r,4vTMuDpEAWUlB1N5qYY8D
PuUtlb6gIv1E1zHssJEa8,c-iyb99IcnOsiuMCC0ZlG
atik8WcpXvi3TQ7Ck0QSm,Z-w2Ds6yMyYeUbyoGtRF-
RfT-5MRK_nNsp5wQX2wbe,1KdJNFoUcjGkmhvIxzwBl
XqtTEh1Z2hOYNIlwMdW_N,PnjIyzbWttbyt7uy5zy5O
lN9FncafrjmvV_QLQKlq_,5K99DpM6DgByzYEJiCoKz
7KREa9sXVa2weK1ZuMGwJ,ycFCW2N7qeHVaH9UxRFjK
Hw1y96_-1LmBikIrw1Kef,gpAbODLupZES17auwD2SX
xpofLcH4tofs2DojkR_gn,70aITrVk4Sc31Xc_DfJ8m
YmDrjlpd2D0I668Ajx31P,0ATndVrJ8JK6feCDDe7OO
gGFIgcz-CAB0l2iV_kBLX,sbB6PZAxGbLHTpSb0hUr-
ETOr5CIEjvZHgqre5wGPx,6bfVPLpCo_ayQAok9ZrNU
ket3ewiJAY_PtzYaC5f8j,SKk7jyj-d-79CO5Oh8X6E
milYIds-AmXUb3oWLbEF_,NXUyVbfv-qTF3DNIVM6WE
6CL5jyHzFSZPjr5VDDkf-,AgiQ2fMRIwStH4nEV8uww
yQxOdU7caDFMYdDUCkJ0o,jn54137ABwyX19edpETXy
ljWmVr3VHr5UT2VA5gPCJ,wPmqEC-OchiTGFpESC7e7
pd7yOBOKFAlrYNBi78Jxk,C97xa9jKzlmaTJHrtPtGT
FG5NnR1CCUMWXB-dwDkD0,b12mxvpvYqJoEmq0UJiU3
up6Z_cdKGlfI9Ed3w6mma,KarDUp35rpvz1RGeg1_pl
v0PNiVHTySbgesqzlVF4i,PLR6N9nmzC-6gu58wtbgi
tCpswupxcAs9MYZ_KyCyJ,ebl1W21NHo0sUGMH0WpxU
_0GCqpmi5Fhr82oHP3UnJ,yFbZA3iBXDdVEQhsFVBvW
mFXLBtMOCM0pzDDWB7eDG,xabmZwiJoenUGkelEx2CX
LlTO64zlAV-oO046SABCL,ksBA4doaz_gIvMHpiE5n0
onbJ-psteb2UECGj9sSDn,ZC7BpgRDIPKZlWWu3T8U-
HZhWUaq-s_GkwM9IsyVG8,0jf31RW-CbWLdBzhp3fPl
JNTGSn3G-nb1fJn7L7QHq,OPMqRUs6-xXmLzNHLAySO
FRRtK7fX8xtti6uOFvFHq,zGE-m39Pw_8cJTCEOjKvS
o5ViCAS9GINgZ6BqCys7q,9ILv6B15kCvWj1cdVdrhr
3lyWazzmEBtQ_bmbdh4xG,Z3HzLLrv_PfFRFs0agJDM
QstksGPzmomvzpqGorPOL,Lex_jFvtx6niNMNc-EfoX
6UZ0RW5s6exBcjHJmgA5M,xNg4lCyBi6XUkR19IzzM3
ZiENKv8kdmPaKMoaI7Sqc,yS9cmVBoWbEeo-iueiagr
VD0pX9Sx30XSDB0CP4u7i,uaZAMN-0F9xJZW2aRDtBt
clhslqU--jDrwBfKKENAL,hh41cYamgcAM9FtvYk_lQ
UMsYw0PCf5WVwf6Ejp1vE,FeJHKl4rZIXa9thVsa_gj
AiCKqqkpO2anUNU0j7pYj,9UEorjoWxJPsQtPZAGAfI
_cSrYh_2llX4I_YMfwolF,o79vMI1DhsZIXDzK1Imp2
KPGsqyCxsXKHcK9QFRUmJ,BdWSt2TPQj91EmVAAIn8O
9DjyFdrs2IxgRbTaVIQLD,-43E7dZdO2anx5e4cqOwY
U1muRnIuAZiVLzgNj5pen,zJaT9Eq-OHilYnZaoj28_
rbLA8fwmSco7j7G5XzbUn,_c4LAYedK8Iq0Vrv3L2BH
ErhY61JYzXUjgGL_g5io5,rt5UELlCRN8kF2lLsgNSH
XhxeeiYnwtLgvvaeyC59_,Yg96vge9NYsnMftXk7yON
tPJJmdqYbEXZamtn9UAlO,JrOZJFXOWu1M5GO1MnXY8
MzpGx0Mm1lJTp7VoNirm2,0Eyn38EesOQqCEP1MixhB
63NGrkyx68hnLwLaUW9m6,t-0lANaqfCneZMcMQgliP
yo0m1d9gWEUorr_tcSWm0,udVAYTNfJBMxfEH77z92z
WDj6_qXBGZqC58MuO4F1X,qOUh5iPakW-atXr1_Csbn
oas0B_5xIjddUOdh-MQX5,NcfqxQFvgTGHRpZVWVDz5
KqgUFBfdTsaMULhw-KsUb,46MyFdXqf4_aeDsTXCl82
mm1MwZfiN2M4VTN_8bV7M,5qb0zs19ZmMQC-2TAXGgO
x8KvgcJWYqdlqf1koDxQb,xIt4hX0wJRj8zIUM1FBPF
9zlq1lqZBML5KTuLScdH8,BMFQT1qP10uMqWLFlSGud
lZgrxyOebkAiVHIfxnKyd,CCpJ9D8GqUhvmCgtRo_u_
d1XLSP4KhC4HTva2RHshp,lI7XQmD1keDV-QTafMnGO
a_dKqeZa6rR9ocoy9o-pV,ABcjyYahJbNZqb_QN5z_I
IrsE6CFcOkE7Dc_zMFfX4,Cm4FiL5V5P1GVrmSBt7d3
_KMC6NmyTx-bFauqFDx1J,ZES4_DI1mnkaRCGZ5bwgb
8t33u1m86W46ZhTGFTQ32,dZa5Ys9Izn435XA-pJ1Rb
bXVXB-sydrbICTAFFl841,vDyDVMHGpTp5MTXxUN2vj
cQZxBIyL18hb7Kx_Fqvo2,mcBQmC96zP1_yqy_dwLfF
Je7ez9I60BZRkuf_zsMig,_KmtkQiCqivFLjWxsL29N
SkBzuNg8raiCBlWGgxyy0,qskVTqQdIfjaE0kopI1Cb
xPBo3bBg1m78Q0pKTbiju,Q0Kht0WIrlTizBhIo0CdD
rP5VlPgKWH-u5qzqbkDuF,RrLDWRlweE0vU8Hvgr59s
fAz5dI8mCpE1TZA4yesY8,VH5YmGfX5_AL9Z2DvywwW
IY81STnkIc2ev9lWjig1Y,ETudbeh77vfQw-QuPSIxT
c0Tc-seOqpCRbHwvskB96,h8WVqNd0GLABpKpf6hIlk
2YbBQBiniJLqnAyv4rX32,dyUVhoLlHc8iqBzV95oXG
6qfwatr3Suu2axKGFaNWz,rGXtMJYFd_PG7o5IAs233
Mx1kzGnt_AXNL1arPlb29,JhjyK32b8QuKAngy3N0IR
iUT2NNAS_5YCpM_wn-dJW,CRutETBoA-z7q02jftfRZ
DXLRyMpatFlvm-IVM-pX8,XBlxAs9w4Twvs_pgG9euW
WQYUQQWepS2EVdiOKkZuJ,xczUiLTqhVeOInkpJmQZM
cgxdOpZZke_6SyfTaEJIf,__tjOLgBe1CYXCQi32hCx
140PZNrji9w9hAaLuz3Re,GLZcjATxWoWDLHT2a94Da
7cgKWObm15bU7X2VcggQD,mYyfhFzm0bjgvw5GQ2n0v
5Q7WvOVsh8_Zv4XSS3LnF,h4JZ6SzkKDKVSNNSXAoh1
aKW3Z927x9b_8cDsc6lRp,5BQTZQu8cbpbxtjFxXoRR
mxInmeqHLs8nivN32aA0L,rI7mhxo3w4AGfUdYuZBHu
O8IJFX6oDXAXhbRQNEjl-,aXx5KkjTiBe05ABxleoCC
y8CBtCQw0MIwXHxjzsxC6,IHOaU7DBeSpDI8AW-ceWW
uxH7oWGaZ622Ig9JF1UN4,b_EBJ5TL0qeWB_iZVkIT9
u548YgyN-ZTTJ0GMlfMC1,JrMIfs30WNMW2KofWBztK
ZPbcm7QPImxO3jxNXMV45,dIAPJZGVek1xaZtZmFqtB
QgFYmOoZL-r7fEffePTdu,5z-WM3a-sM7g0jHqwIeRO
WmaCgcG8PgjTCVveGs-77,UaBUVwKWXAAZv0Rv2bz_1
ZJtaraRVUHU2DX7J6NzzN,q7X4SBqjiIEFNu9RrSEE1
zORHSuV1bVUf-rr_kTRtW,dBuyu97fUz5DUPMzX5TR8
MAVSTjNZJpJa1uXzemeTJ,OfLfE4HLcqdYA3cc5L0PW
X8pVc37kPQGzqwX3wyc7o,Mp3Cjkm5wMikfvJQe1gAw
EkgedrFtkFsHf8H-xr_f9,pkSZb5Oo6wrvvYxOdDlaZ
hbOJII_swuuUxlCN_wUR0,UBI0KBODZFkf3QjJfJxl1
kML-zpWJVfEVvTJvq79it,wQV7rnkOaQ3eqz7P13JY7
dt8tF6TYh5M4rzR7nwBe7,JGY9UoLIjDSbRyW3yVhSA
TlUeRGBCs_Kqr8fTPzL0R,cVISgGV3Fcal3T3X1pj6a
nQ7b6CVZuvt5nn6iv9HS3,QZ3nH25cPLoPcO5anl7TN
r5nMm9b91yor13w2DKwKV,r1nG9a--MCqnR8Ui-VK4k
gWMaV68UvUWgb7ZaGDskz,Cjz4Xgt15HAPIZ32b4okW
QM9T0BqJSbrEd6Uaur2X6,X8RDZvvx86UrRc3quinMd
nLbQudA23ImC8L7NA-iF2,xOG02PHNudlMBeEojMezv
cnhVcX_VGaxs2-Rcw3fmu,-u7X5G61u61px3lcOxLh6
G4PqNoj8CURvr3Mi7mnfF,1VmvG3D99gnyKZPvUZsRE
WV1nFAKDu6w6h_cDcY61-,0NDNbI_T6NhtQ4F6ckb3D
OVxhGMw0wacV4EoIMJ8td,i5scaNjkPi3SE4keXM4vM
EEa_XWEdOPGo7yuOkAWS1,4pJ-71ZeafA3ff-30ONvg
Wx_8-iNzDn2jKOpzwjZCQ,TZmbXSszNMtow-Jxw0O9h
jwBtSqhHza6bOScUmD-uY,HlpdFs3C4fVxSJbvKFAK0
f7fDtBozG_BadJhlOyiGG,I9FGh0KpMZJ_2oWpHgizl
IZKdA-iBrtCsYcHh-zrnw,3ep8DtdCQ6uQxcQ7McafJ
jV7JgwzXd5jJaq0Uv4wxK,XEEK3ZyicS0VzwXUA8V2G
Ndwhbd4kupS0PFHhLnm6K,3KsMWOUGEjLQe79bGKyU4
fvJKQzxP58AO58aub_Nv7,DGDVuoJbwCy51RkNzdJEm
DjnrjLCxn654auhMWA-W9,zjTKFD9jjnAlKfZMLiOhr
xKbCVWLy2d6QLdh86s4dh,hPZQDlo_1uLzmzQ_LrQZq
BgwodujD_oXsE3i4ruETW,JPgXAdDAYPWuX15no2JQE
vfN6ZAn9aiFZZJia2seQa,I2kv1zx0EN1YtqO6ZM8Oh
peJVSx9D71myok_tNsJHM,uZQw4mfd4FsId9j7_t0K4
nozLg1Am7BypH5PCk7F2O,W66Q7MaCYrA3iBPGOwRqb
Fgia7r3Cw7jmOScnAHVaH,Vd6rJZbXALJQN0QCfHiQp
4OP8ymbhlU_9IV-IN0NiI,szlY5ea4MLs498IfOj0hY
2l2m41PVQiavd62TF7sDt,n76Zy0r5SSg0SYf5BEOH2
Olt13jJqztGTOr6OKMMpT,Ajq-eyZcRUclQRNzMKVSB
ItlivInRag7maJoNrWs-4,L1QyU2NBcB3gMemrro_am
b2lzEdgWCWfHfObEQWtUT,XSGygKu9Y2O493uBBblSg
zu6vcbtTqwu7vJAiMtpej,cLP3InJY2ZAT55WiApODv
zDvttA8rYt4GOtwfQLPB8,-ByiqD4nCrdC9ZJCTOSIk
AGjLeV-3NKOSgu_taXTdx,DKwWxFd605lphqjhj2QTE
AfNUo0nrFonGC7dKe-QbW,jIaexD6B6qqWoTD4ldAFP
wZA0YWfnkQSnVzJdAgvNm,7r9M972rXinF4axcNeSwH
p7vnjw4pkUQ6TM7AzsGxm,W0-21Lg8oRHa9v8jPKnDF
3kP3xvOjnWgscTbdrpDXu,ymVerOyZv2CJEhR_ENYXR
0Fzrl-H0PJPe05Fw1-QBK,4nkpfg0_T6-0aTkXaiKcp
nS7BsfY9h2OBzl7FRtV06,7fv5WnhAD6tPITWREe6lE
R3RfSooSzYoJKLUMaHd-X,SjXNy_11p2OUC9I6_9IbT
i8Xp6bb_RApVPTbcqLtN9,mOnZsR9TSnelusfw8MN5J
jmBNt05lfMX82JxscrhHb,FEoRZcGXhgNcakVUuOO6f
IuXiza2Lwx6ra_XYTl1Ex,kpBFV4BF-iVR4gWOrTwjj
ycRgkr3PqUyv-vMuH1-sX,GhaacUTXI3JSQOzMPK6pY
d3Bs4rh7RZ116iwsYV3Hk,kBVKKSaNPfL74rtArZzw4
KXhk1eYYqFPMJaKev5go7,y6dzN8RVMjcz3X_9YR8yR
ZosHWEWMfFALtwLPBh0i4,-0FI1Xvp0wP0qiehDhXgw
tPMEtzjR_0mpvm7S81XQE,fwE8IlR2sruMCraiGK_Sv
TLw8uJN5YtB9rGmpvzBMd,yrO0eBsevuXkr18GgNS1E
gM_DbSx8fcgMYDXfHOsLr,q9S6HIMLTdL5WD_llHhJi
hRR9jfl3fdDJlBuyO7RN8,bqV8JXZnNkDBE50JHIuym
KcmUJe7r0lFX5dR2s9VeF,xhX4YczytiG-no897m3uo
5XKcFDFZdLUAb-md91vV9,1te1DIjaz1Vnx_2DPLyU7
jTlv9z_03nW9xt3HaM4x4,RjFeodP-YU5UtzGrxVsOG
AZ3_GJhcKXekXuvlptmqa,2VQcY1KFQO4IAcIQQA1IC
k_uU08VO9EvL0ByU5r65O,SS2vvpdDMOJfsea3XYa0u
0IQzTU3hoLT_uD9uH6bro,GfCC0dhCsCtjOHfbcYJyC
VA9LVAdqWHvV4q1v-zXJj,j40dcyWHEJUImE215tvsb
R9aB8JIjF54NDEguj04WN,E5XfrcHsejmmE9o7KdU1G
5U_zfWHItAtcsFuIfsrWp,CzkdGweCMmgSJwpYHOlmm
EqKFxsl4JBHWFBERchbg3,J9ccHCsVzUJTyZpZe_NHh
sSWwyvR4LkRhBW6xOIRfS,qhrpOSbv_nqAwC8DEQBpz
9HyKSoa79Ekn11On0dafX,ZZT-r_QVI-Bo5yZgxmto9
4L4YMUhkkqHdBPfcoWg4H,alivq6kJRnfmhn6QizqQ7
GhhySooKmT2ikz-KbJCbD,_7qh9nZJ7LGNUq3gsXThs
6jESDOO1iZO5URtQmte0V,4B8Tudfv6eGGMePIwye2T
-ghmwfTR9YgZ03S5CKfrf,HPy91V28TaHHhBhbMU1z6
BKCtf-QiEckH3D27gnC66,A34pJ1ErvCLe7UJl526Ti
BnHSWFIl-FCGqP5qH7i8t,ebPtACGywu5a86usb8f9a
cLl8fE1zoDKNm4cJwl0Pl,793eENfKNdHBKongyc9jl
NYuFg0uaqqDgPMV_MSFpa,UuHPN366i-K3G83EDHQke
jK4Wv2FNLIvaCT7-Mfasb,pzl0FDm31R6juycHq-Czw
DcRlIRaXQDbwL9Gq3l7hu,prD656TXiOqDpYH1zQky1
AbaUUqlRePAxvTbvTB6R7,rGrSKGI2FATro6kXWnB5v
SRUpqcqZZv6sSuF9shMTp,US1cC6Q8itbGbEfddLBSn
vJyhWLJ3S6JTtSZ2FQ5Kj,kIu7NFq22uEn893rfcKzE
X79HagUiCweXD5OwOYc8y,SrcbsW4PRaYlBu8qTayCV
obF-Wn-wnkQ2kvdkGoRqf,0lZ4BdercbEMOWsqTcwnl
Q4DsFSzmIqalKAKwZDo7f,GlrhIpu4v54aJvF7LoTAI
B_ciDIM6_8RWMWLJCuVaB,Z5SCf16jqJgbeXd1Duoxv
RPtCTC-BrWpsG8_cXXkMr,Izdpl0NKwhi7SP98EWDTd
IaDxVbUZsWSmZ7Dsk4jsG,L_n3qUF1pLoJMe5i36sqL
f4fTp-pY9DMBSNpzDMDxQ,b1f0EDZQ9A5KotfvnVA7w
ctlYaKQkjLr0tkoJejsQS,TCxY_-czem6F6BZdVBQpm
vdoByV9MxwISaniRQgLd6,9w7fjgKci-1Vh4TB-csxs
S_-Wsph57UWE_L8sQum2Z,N3k4-d-mO3nFQ3UxeeZ1O
Pq2w1olN3HEMrGPjuETBO,azVPqRUo9QY7nrd2fxkne
8-BSUUvuZb-fHQaiELnJo,f4lnj1ftyYMol0VAPZ5tE
xBd6fod9Ri1lqNGD6LhXB,sQzWl-uWnQVgKXsypa4jt
31QjANt3OpS8PyiyAc-Wy,wN5a9_wmMHz6mqwUXSP8m
_VnxpI_XwIeT0gMfBcOGF,aOoeFH4cMLssUgZDEqmwI
F63PbIc-imV1eZ6_cn58L,tqq0Q_FS44KHxy3Ob0UzK
2L4OedldPG4ZlNQwi4k3M,6tTpM5I8RW4QQc-LG-Gmh
WIQ-_1Efp1Chsf-HBnQk0,xz5GCZpyQogKLj0BKZoEJ
2vKgxOXG9wG7Sc6hIXWv8,L8yoKWWHHqGOhzAV9pomt
vBoFIu2NVgI2NtksPCUxP,y-nvEuhp-5SOL-RpPdRhE
Amxl0HJVK4-2JzTa_tAwh,nwxFKEkRWlk6NuYIU92pq
sqIUNByXz_AMpr5MYmDHn,jkLtDctjzQS2hOHRWIADl
oOkFmC-H8W5CWfv43K8am,Wv34O2KjyswPwPDr9VV_u
Ji7Y0YqKFJaHat3_VbnJ-,HsMmD_2sksKX8BrXU8J9H
nI6JoJMMIo-ZKrL66ZIkY,2IQTsRzMnhclZ-4NzrGGu
Tdg7Hv2GHRxNvsp0aHPfk,e2V5XLbKZC9T-H583TS5o
F7NkVXK1GCNB-2jRlzdA_,WT6UzncqtArMYpP9OcYs0
t7XuVgwSTa2EV7400W6on,Q48UnARE2fXWSAbnAR7Dl
NRGcbVi1thGw2-UK1P2Pe,vkoY_jPIVCSyIzkBER2jg
haSSke6dAj1KdtB92UFal,RJhwDtwFu7h6yOB3jHVLt
37ftH75hw2aADu0qfEh7c,gvGkCG2SxUZIk5vtfdujf
wlWroonzxeJjcX14Q5eS8,-33MXFVvWb63getKcwD8D
NvkwG282UxM4ySjnug7Zk,r0Sx1CkBXemRK6gBSG7vW
EKlcqGfhIcGfl7Jqt_Qtk,pJRBCS4hE90nRNES6cCxn
IwpVaRemnqDxd8aVEHKXY,q5KYYlIksEV_695y9Z1V3
tIiXdVhpFqd4ziX8kBdhR,hZMtgjBFnWAyNb_Y2qYdW
R2sylXuecNAmizq3YxBM3,GntiwEVq8GPIi0tA2E0Zn
UvPB6T4DvZzTeOAovw-yH,M2YlQJZeHh7Sudi1XEuri
PUr8GUnmmedhprwC0zea6,us6eIianGcOXTtvE0y1kU
7w2SityYecZzW1WTbHtM6,hkRPbb_Nn5rfMe9qmezw5
x5aGEaT_fSuj9Gmgoa31T,6ptlrxvcfuDSKzzOex-JA
HmL0VdX9iAeoDUBhBf6E6,KBMVl78LdvZOlAk0-4oid
cxpsq2BPJRC_p62drKTY_,0Xv2ihyB9t_GNMWF1XOcl
VvyMk1LmQ-X-m5J33vmMG,PmoaObFOq5h02e0Ge4l9a
m3tkHLAiRUktuj-LaLn_D,8643uszSL7vFQCV_JFeod
8cZ7k9Eryz3bx4HJn5Pw3,11w8uN6LigIHvGZNYgWEy
FjknRzYEejuZicPEkO-yx,QhbGLiRfumwAzao72mNJz
DMOzl0ED9lmcij9T1HSUH,ssp3jI-kl4q5g7H44fqtt
l1LrTc7G_ysItL1TgMSt9,JD11sdYneSL-nJBfVC_mX
4FhvLdTdsOsLn7HvSPSES,LadxFXpd94xEytciGp4ls
_z-jxfJ6m6cIGky__Gxiw,TcinpoD3ZuDsaE9yaqVlQ
2zIdIOlfnJAzpHNz1KZ4W,JDU75Em3845B2UtEfX-1G
agP1DqctlQ-bCEi1On6hn,bpc1tZrL4sJdxKRYsdCNu
unQHP8JwmcS30YX1W1HXA,v2z7cqCyCCfBqnv5KZjQe
VFzuPo9mI97aT7hXzdQ2b,aTO2R1fFgyqRD82t2vP4L
loi9g90jCsQKNVmxBb73Q,3goB2U9fP6x4_ovQbFig_
ZWulZ_xVnbx0pIuRXV2gh,P_asGVpRrnV9nHsMA8W5Z
O3M1BJDYjtKefAj5YMlmq,Y1TECHg0C6lBhuNrGfIp0
ayM_ktr7RCU6Rfm0U7B7h,WPJ2sPMOczFlUEqn3bSeF
dk1_BkGWHIz1mIeOCkRef,B9sHvHTKcLZBdJRASh53t
mzxHftEjg07ksSBPMXO6g,6S6GjWKetyE9Wxozxy4do
3eON6ckrJpcRv_Zx8Xt8H,IURAlTmXm5F7YzFVo4XN_
hUl8V2o_Ze3lEg8YYASSx,gqzFxjv6K3vH-iZWjgIgQ
U-mZKLgVT9C7j1tmij8TA,hjNxC_0g3eFYm8WWA03tW
IV6gqrsqH5P673dtvutII,o3Qae9NTtim9CVhwl3NL8
XgWZHMnCwi2eaJ9PxEEkT,t78iaijeh8W218v1sOEq7
aUJTo5a-gKM9-nmCLbSmt,3m7GoRjPEFxNvrUJa9IqY
vxhkESKpUimBhW-s1hF4B,tkQTF5NAhhBPKLQKBAB1L
hnz_0i2yK7FYXlKNlsz-2,AABhJp2unSLRkX1MllejN
jBSL0TGWfNpuBTv0JGnVO,xD9rItn7VN_nhiga-I02d
wwX3kCnUdsvLnCTVBYYCX,ET_GymAQ17VT1m4gUfwY5
94588VAyPB4ADmTWHWWYu,WbOarezdErizLlVnWpaDS
aZXoiwh_owC5bWhbwQ5k-,InWiTUbva4xKcan0qAstT
JSepYWOZDB-ONQa7dFoNp,23LFN_L4EgFd3UuwTABB0
pAbJmEindJHRIGCqh77Ij,IvsGWvNhkwL49x8ddkWbF
_Oz4dozfzxdaSsNGS-PLZ,XxvncofJ4d-qiFWfCtdS0
oAw428eOcIeV4erGqpLQN,zJQqYB9hgUdEQwk1XyBfn
BXT_gdZc_MXpPXj7cb2ec,PahUhmUWW9nXBYvKxpOwM
Uf5S4jP5FNo27qiWgOP0Y,dvtdF9R1KfcjQxhy4uUQX
za1Y9gTI8cudfj3_tmjfZ,Oaue5klfKoko0v8GZYLbT
GmgZR5ziuGXZZCy1cqQ2E,VN-ZG9qaqNfJU537N_JBC
2EJwnTdPzOwV5Gx35zGXF,mtVSLghb0uNnYiI5R8iTd
YPZ8DlIhazxdpSq73Pw0I,_fwbPOdlx8YTh9ZwpueOH
BFj_BCPmo7TCymqO4rrdr,y27uS7h4F7pjAHuTQGESA
lKiervBkWRzjQzdU7AyBw,ZG6ZpLZ2UKj2CF5mhd1b6
AyqHIX8wmwy_mRxW0ypG_,e3I1Ip2NJSUQY74c1Iiex
8lI-yxucqmRQ1phxuo_Nz,aYk_6IG_VSlxtD4KSsohn
HLJa9gEvOp6ueY326kJ4O,cskgg2v7JfGxrR4AhZNmN
U8iL66kI9bQd_KxM772Jj,tcxAuHnC4oEIRXsQptTJ0
ul-coT67Y1nL4Plo5OHSH,QizXclcV0BPQCJM1015oS
kVARkrfladpJ6IJT0F4Ch,u8vlS2kCj0ndwAkP2-KKO
XSWfUtjFZQ177ydqLol3j,4JcP4kc7lbIvqQNhboi51
g3wI32xpOGGlKcopb9ACr,IIAI8Xj-DqUbEvyZtPU4B
c4rLXbKSVHTGxRr-Qadct,qk-S15v8DcNQY2UvgYouj
g_pGDfo5wLnfdrhIGUIXs,FkKkZdGlGtb82xoR558eq
3MMUUN-w44MHUnUtOCJHX,ZYRYND8_Ei0yCamLaGlbj
pkZrdHM2FAOp9Kr8eH0cv,Yk4Wrzo-S-ampW0BvBEbt
Ln0dD0nkQG2kynEvQQcWi,MBQL7xMLQlKktEioK6YTn
_DMPWc9P3RbyTTb-nrp6e,AuH2U4YTCa_zUvPmRDVX3
adnSnLY0d-rE2sd6wjiMO,fn3loKxFqtelOA_6aNvak
Oha5m_kBVBeXHxxo5zzAI,hdDpCkb-PkyxRYHBMtbhh
5PlCo9upq1iieO5X-yADZ,s4YgvuaBz8uD7XzDrT2zC
IQB3sna1KyLE_U-J_7EH7,BCUNhvVl1Svg0ybgwLVxa
nm3g8FkDNC1woWeoWJRuv,3hS23f_Uj4hMDJ0bXhRy-
E48iaw-QFsUFYa11wI5hl,XR50K75IpmxEPoj8Iv-3d
qUCdjHq7_U7MDIW46DU0_,jgQb-IWCUZwuecNeKIua1
b4rtDdWgIWDvlRLm3jZqk,6stbRVpV78RdCN7slAvZP
2HFu4l9PYkof9rWCTJVY8,OPHN1C4ZBhFtPh4HTZGZI
35AZ6BIxydjWKUwVXzveB,Yu2h11-PxeT_PLWRzACSn
-RwFdkhqXsgqM-ti5g-Du,USqpp5BMw4xNfSmSFkOtI
6uxcrEc6Axv3bWywVkfW3,D2z6DqqY29llMkz_whvM1
6ty-Ge2M9pc8syCLcNSWT,oSbgUs_e5b2_jvU6pcpUU
XDhur-JYs9Llpp8Gwop4y,PSJpaSbqtd0KgHatEGU16
X_OwafyRDtsRaQr6sBIOj,kXyl7Zsv427J5i2OJ_sjE
bP3qzy6VVvYxqobokUGBM,oz58EGLyoO8FBIhEge9Hx
Kmg1yU7bZlzMGN3dXpfs3,KNtXRmOncXP7whA573K_K
qmRET_WVrp75qJnW4hHaR,IrCugA6LhowYQMxiIGgsj
B7dk4zjJADXP6k553h3ko,_apqZQ7ZBaoEy01vgph4z
AVbPRaa-jmfigiQtYVMA6,jd1ZQZeErqWcCi7HC8paU
-iUdN9zO19gzL0dVnC-xx,f2S3MQFrffehWhtIELJe3
n2MVlZdMi4UX_NpGD9jiX,peuHfMEsrB20IAcHQILzH
AnhjSxAFyhrdXRCMXWs5-,nwIi2k9hC28EboO8HVSIZ
hRjEwRcVVvf5JgRlBe8BQ,kaX2RTqeLIxcaq9AmQMpj
xkfNb_orTKtqEviclIRTm,HqMPXA0iQMy_obnVKzPX-
r8lREU7w7SZHOqYE6Jk1u,H4DZLxvAs-F0fcLz3Ky0c
nLZS7XQxMf74KlMH3IIGg,XQi-eLlhEqqb4evQn9pta
RMpAncFv_TYs0V_GWci_U,dcldv53HQbCRcJ0YkeFbp
qbxUyCab7fLFEbK69LJZ4,xz_RjDEV4BNG7j09m-Qua
D1ptpnMxksp9TwKm0GlGr,AG5MslwbWFB9zbYLc3EKH
-QeacjQ_9wLzJ2Hv1aBnm,OjTPSO3a5kA_-RuQtPtFS
go18YLusAyCeK1ELu_jK_,gL1bH3VxqBmPSSQEJX51G
h3aWhWh3SYxP6S657KcU0,5V2gYD2Iv1ZhewoHkfdIC
NvQ8YKyNkgiTxTe2a5F3P,fx-S_ywRIq2lDmmGH93Wk
zqDV2wJS5UTRV_9chjY10,w_aAGjTMSoVN1EFqIlWTm
pPHtGxEQCuBrN9aqgTedI,NxBpHZMzLNfml0M3cBKNu
Zap5PVgrkTz0CjASBXPtj,WkoHrNvc-VqOR435g-oQK
eZS8YenTlcUV1qmMenwZ-,X9y_EEnSp2b9tQBQeopS9
J56jCWDBo0yr0KzjlmTB6,8awgj5MQl220nriRofBAo
8nGykU8-V6oWGaF2ewBPv,6YD1EaN_PZNYGWAE-m1f0
8DiO-H0Q961kwFp5OeqLx,fpKdf231ZzIE8HPXHzhl6
JTBetWt1DXt_R-MoW37Xv,A6Ubgi1zya9Prg7ROaRLC
cRFMhpWOKxKZQ4yvTdlvX,Y1dopGHGq0Mk79CSy2ZBJ
rHairkaUSGKOedoqjYTFJ,st5dk9jnNRDNHGZMO0jto
30Kuxibhxv4uJagPSpIGO,gfM71ZCVXwFGG-zPK72pW
7GkFwKMop6tarIp7ojwwY,aOFPPY5i3X2iUnrS-2nxO
fPdXCP0gqumNGMnu3TSpP,0atguvNjLZpPImzf72PCK
nhAMdXix4gi6pNwL8fq5e,f6veAo87vkZrYS2Q256qF
cH8LmcoxY7yVXyKLKmIsl,6YzEZj0j4K4nZt_4CjBvm
Rs1z-xZR6-UxWE-ElKmAj,Dr2PZNmm_vY-ieKwOaoF3
N3b4Hszvp8_J4FKaT-yrQ,TgUNhZ4Ola_6YA-tCkMKS
KOzGYteY8Va32XS5JQTay,5xGqFQHxyGNfeclRdGEK8
wdFo5PZYp38HpmZdOSg7g,WHHRzudzn5zTzi83B5iV8
3r4Xcbmm5JwoMaNJFAwK_,G82rhTjYH8v1X8dYY5xlg
Wsl9gdlXGU7Wg9GKHwr48,x0N6sZ7IVdcbNbDBsX0Oa
2-CWkq2A0I3l4kVZswxua,i2oCkJ52iwjmkUo6Wx0Tt
i25i8dWIxGTrNpRydulOP,l9AxIo1Rs4s-aizCu6Xxc
g4dfjWNTsp6aAT95yig9H,oAhw7PPw4pagXg3ahjJiH
LKwIqac4piK-3dCWdYvv8,boXvWb72Uzyx3IKquCQRr
SZAAoDhEGrPF8aioyyy9z,0bZ83Y0wIck97UUSv05kC
UbZBiZoiSkA8nfm_cLzLX,aIvJ7AAAlDdoR_aKj2BhQ
UTBQvClmBZdedZfeKMpCd,ka4FPNHgqmM98DqHQwMhU
xo9HZ3pnqbVH046eRb5kl,_WYwUqHfIzyPIGj6zKLiW
_UoURLYfXqdMsLRT-Byg4,IATvRTYvLEH3u6qbY77J_
Kycokqi6z4Q8qEHJa4WPO,zX_g54eOOj-89d9BTzBrW
wY58Wpp3QhP99ZIgGod08,bDaO6G-yxYBp8yvLE7OEq
R1KNPo-HJyNc4Kh2uLy64,mNcJ23Jr1A3RqxUY6fPNb
DA3-NfexvsIP40Mw4iwnj,Jv0-v337EYeCAZxxWWgi0
nu3v-g50BCzaWp3yEX8gU,BIKmeOXIVMIvUaavo6hIF
5l4kBVNq3mWQnIYsP0C7U,eVud-M1qeYMxOeKvKGUYb
VSKcdLmaT0r2Xobewyv2w,C0GzNeFl0AMZfcip-QbZ-
fiRb0yN7NEOgIFwub7V8M,tIQvHSOXajahLHQHnnQDp
QHXucdCnItEzrwpKIj9LY,OWuk7vNPNFRQgQ2i5FvAO
nyKN0Qz1tsVOj6Jfvh78J,ML04twiUuPg-FC2bXIrQ2
SlbDDRNrqTTZmNP-BX_qI,r5rjJPgHAk-s-qhw1PULf
5tELsL_WfEzABa8gJHOTc,bu6nuyF8L7_9ySfP5JQx8
jt_2lkx1bfdx0R4nAEfP-,S2nR1dCtaLuwCnhNQ3kMD
8eZYz7g6B2rZ7B69AIY_o,mm4u2Epmp7887vwrD5514
FIMvGNG-wFvQVYKLTPVVi,hB0zBXKhlqcgpbxv6To2I
R5fYEl209QU9CdP-S6gb3,oma-1qzl5BK1uTFJHAaHm
6V3h_ojvAthwb7uQHrdB3,IQ5ZnEyedLnUS6bP_ujtP
4j90OYgX2rKblT74kCuqY,HI2ElRi3Wy7gOG41epX7O
NUJFPlek63b9MrzViVlIM,DdcnmNbUy1wVy0yaFkMZP
z3SRLDS9jK1HBIky82BKI,7zVCKBDgFVtaOriQ1CI-b
COwtUgBXoKVUlIIXRijT2,FdVlFFPCum4vw7OTiswoU
uNkwH5Z_LYYyZcdQf39uc,mCxHqBnuZZ5w_-ZXTKNMG
xyHdq192ZOebfE8xv7IOS,ST7BwaYoC5ZFWvwier48M
j-PTe87L1r2utIJKj5SAx,aYMLd0zLQ0LDgZ9UmMIJT
9heWbShCyofcx0bTmbjDZ,Vnz4Lgtuljgsl3eHMbvV8
kTmM8SmPnY45E5FkJmHSI,cZWPQizlGXYFYyiPwhTwk
aG7EjpdhTAhqzZyed2ura,pKZXNbpZYIOTTHfoxvpRx
fFNxBxOPkxGnAjT5l1-81,uPgqhuZCSE0iQ5ZcyoQSa
ASYS-Q_wRjOAN6RgaIPzI,PpYn00fAehjnONrd0_9NI
dxHs8af6boIKgbbllm4F1,Fx4v7Y4FUIbEP21bGhtha
LiYyxh3vH1ir9zDnH1oDm,8WXHD0iXSZdnLl2C0UdoQ
QfD7pUuQVzBZBnuerzGfO,KWkTNG_pz_XqJwGPr6bpT
MepQ6PIb3jzxy8hbvxNU2,CkNaWzzn-SGasMRyUEGXa
ydq_jYVOq81gseSlzVvym,-7YrLQy_mCptGYVn36r1_
ZTJ9dZkTs87jYyvDqIDB9,ptamcz5egTc9ZS-4L_vHS
7j3yw2G2DR1HnXwEntFQ1,8UMiii3LhfOlX6_O7QoP0
2ZDq4e5adzWCwdI8if1Un,83wNDwekRLPRx6CBcXb88
2tqDQA_hk-P939UhK2zxF,tRF1lFmlHBsrIxDR_WPsA
69xtCTUYYoUNN2Hu-kvu4,BzkDiCEL1B2RLS3RtRxYf
Q1GySOJNL03ZSSUmcO5YB,-MWJ8VAi8yXXxha3N83u-
WtGwe3-8KrRN2k940gPq1,KqDv9D2Xtss_-n4Eesc7X
9-PzxtOaVx7z4Acsuumhx,6oDhfQcCqXHcXIey3wjoG
WSgo84X1WxLBFih1S8_Ic,QziWWzLN22GDgGW0sKHTj
kQuBC3LYGItxhAvX79zff,2Wh14Jof3UGJ4QEcflTDW
6mnK7eU2Wmb1eFzG7qeCb,_RrusbjmicqX6Ri6VEROx
SdWg01In6uiI7ddja4WZm,lrlD9H3l_C7JOHFZ3fUIK
kDiwKMFfJdfZfNKtiwd87,muvwOy6wd_VQoYyH_i3sg
YkcRKjohEMQx6Rk-VGQAk,H5yikuXIKNbqyGhHQ-kdM
OwwxhtgYPgd9KoEhf94r4,r5Da7mC6KJpuC3Xf4z3V-
bLl0_HkM0gts0ETh-WH_1,Kt_DTINXLna6IbXSqURXC
ip2WGD1Lzm-J2ug99Gjbv,d4b1QsVs2cXF-sfcuFOoc
D_FHLI4VpylVlH7gzMWUq,l0IsWTL4zQXJuBYl-yyry
0YHWv0VSWXSNzrO8wpshj,T-aAZ1ihj7kZk5p9iDvQf
nakC6nSNuQRjHSIDs_aMZ,y3FizFSVIDyypanbWSpPH
G-LzcyT-wS0b2gdSriNHh,SuLVQU042hhTXTqDA9hZ3
DBBVeXlWI6RLnnkjkWwNf,4hz7wMnmLFr-xNSlj5OHM
kKnbOe6-ToRXVcY4JfW0b,v12EbbWT5GtCMdN-0rJCV
f71xnFaEG7ICI0na7aCkf,q3LOLV_tow0pXNYpb9DNW
onQEljFOf_fevZIHLEInJ,z6c9kxtJbpVIhTqgLIpfT
3LgKrFcw0eVx8E9rdJ4Lx,YUWVRdvZu8VqcoFteQBO9
sidkgGdbWPMFiIhm4Nv3Z,gFXKG4yCwJxXBEBdW3whT
aJyBvp_tZ9XqVDd_KDL0O,prZZ9P1od6TrAOWGO4EU5
04KWbYWSE7h5aQl0gUUP5,SbzTn9lenrRWSWZyzFwmb
BWndPj1BoD6-AOh4SMVdx,pOomYw3u7z65mWm2sRDiO
MNkfCLRsxduZ5NAilI7rp,r3YH5vKyqOBIVCcWn4GVz
XQQ7KKoBQC-EQZu5Ih4rD,CPQihxtNfJs-0J3Hqrg9T
9a96EIGssdE1oXpzTPAZ8,jyuvxISsYJ8AXBOLpG3yj
JKjcuyX7ShRvRc8hL7py2,J_wTZLShyDiJdfWRKO7Xt
EwepAwF3dZiCm_miA7xLi,CuoAI1qx009EGmJvScroa
P_k7HzTjJ-GFoKFTPsSHk,Dpo6hQERw0vSPr43g5i7Z
sxjMavGPuk6uf2sarFA2x,qS0smVcYE2822Jy6bDyW8
hIgWe5TzeyrtKeiJoLjXn,tGzSvyCNSmVSgEfSakz8f
OATsIu6_P052hgD92BrZh,3w0MrHH6BJ-yhC_tva5kE
vXJ_yjPtNDLnxl3J6oyVZ,OMKGe3wTk3T3rj36DSbeQ
x5WKt3h2LFtFX1_E4w15w,yU7JB1zEm4nu2jHQBPYkw
njjD9P_CmKfwuGX0-3wzB,MyAHbFECyn3CwcnaUnYp2
CPfv1AhKat6JDsM3Q6_TK,vfAQ8g7OBFsKSqE7VBmr1
BcdfzlXbxqmj6FIQqV99X,ArVebV1SNNGFB6-QxJhk5
CrnNlP1YQvYTVghVQTEWE,2wGvPEA3gHsh2XyRvxDYF
ZMdPGIbQIUmLaMB3CEdVA,KcjdgDtrglHFWcWBK3m5D
4zjhknluNSoBZEQ511jzq,tqjGbS0Xxk-N64YsZswWB
Ue-MppgGHT2HapRzpHMd-,UtRCqpUJPey7okYGpCyMt
PH6-3aEbsas8wGxXoBtM1,Wy1IMB6I7sDDFKUpwoM-A
l16fYMjZAXksxOi49Ybyk,eCiBSYXACe-LFkqtnns1b
wv7Oo1-yKCQp1x-nowGgG,OqQZBnH25Y3mMLU9v51rP
AOm0nrjltM6mSbCa1m4st,dmwh3GzH4gS02yCyIlpFY
iyJNArS44oFh6mgQflD4z,oyWdLwGzJKpSUAjYWkNWo
SJIOox84Q0fyGlcdfzxQf,6iAXHW9g9gWEZnP-25O1r
nno8JdjIckVtCqJAP1hJs,zM1Y3QnUME5UmB2jIpzJH
UUChe4oJFXD2VmhuiB8nF,Lsx0_H5szCtA_BBP01deJ
EFo7lVqR1a-i3llHecJzp,WAnkAPhwYlRqLag_r_Ksd
3_370icUNACjGOFsbYc_K,vQ8TuCtwd5ttqDzuFdpq9
h-Lg940d-iyM83u3QjLr3,otRBNitX_CUTxnschEJa8
gpcqvOALuaFsIqZVK-Cl3,yyjJtzVwU2R9ah21eFNgt
a6_4oo7eL6g0WEYCtNjmO,c9jOcXln1Jiij4XVWb02o
fneF0MfaLjiq7UnzJ4YwO,GT9t5Nfq7GPUlu5Iboxs_
maIOHLSwftIUKH79tuIhQ,Id0rAlFiEI33hK1Fp66q6
4PNZYbln_FqgfClRd5xqq,lwZtSA2zIGRZ0XWcUB31i
CKRP-oezvdafP9fsECXGT,zo0U6RCEynciZsj9H5xQ4
3gGbDj7R_ZFj0knXm3385,ialDfDSBLUmCxwAWYWvNM
iFX2nQdAucDoQf2YgIwDw,fpzUoDBJ7mAAh5ArP80ll
EtCUW1mIRTSvdA3mzU5IY,nfs9r1bnf1wvDdN4OfWav
MPd659WR_tLL162zoqcrZ,EeqglC1A_cJW5KgtkY9_a
p0gv0kpiPBX3cLbYvQmln,igqb3FcOoR-LCi5pjo-s8
pGPo76h-i9LcfvScBQiMr,Xj_oLX4IygIKXxy0F_J0a
iiVcN_AorF06Jg1sO1h2u,qGHtDraSRHHUfX5X_h33n
jBk7ZKPTXBfSfsug1pgnH,hFZLc93L_4zA-pisWM443
Sj4PCC31mQhBsXwWVhtNn,mBxjBLN2AU942jToNGb8r
wteqSsjsti7J4UQEySBuI,kaCzPXc1YlBW-v3m1YXf7
NfrsupuHVYu3rNB_knobI,o78WcfF_PEOdNTWv14wg2
7TwjupsZccKmpaTHDO5qL,Jp3QSuDYvosuApMyek4kE
2MAGf8PgcFESGDbc3htM3,NW6IfxdwJSU4B1oXkDmNh
dtflPmd0jrJDyCjxeiHoP,YRSfGpD8v5TBlQHUrwnbT
lg_Qo2rjCbwUVGs_7s8nq,By6_56CCWJUII8pRhGd0j
DA4yCTZpfEPOq30AoxzUh,h09ldy9htS9Y0yiO1qb1Q
QVZKSiBvVqQid9Q-rED-q,G8zpC7mhjFJrEbKAeOrht
cwy4JJEmECc2Xsl2xVduO,28mcx5zrCU9f-cv4EELQO
2KrgvjF7kipRq9W8YRWoK,RUh3uapko9STumGGmE3H7
0WrbkXvuZX6UCzQeEFVAI,gVrAohXrKOf7lz5g8s71-
QniaLb0Eu5CffzDMjWCHl,ECIqDkaAMMpOxBUn15IIb
ugR56Ii25EQHTKbGlahzB,DrFf5MXSbONzsB3UjG32O
jCBjJBfeuA57dTl__Nt_C,47vTBXaZvl-JDW7wfXj-K
mOpS55pmIUCzrYZuPnlsv,8Ru2uFmXkf-S7sn_5-sN-
HSIi3Fs1eIzWA5srwCaZt,mxWSTwA4P6hGhE15GH1ag
NQ-ruPO0D75FkGV_eTmGc,9Ohp7jG68QmsNUUYyOPz2
OC4vF13CkBVOJfneRQuZZ,krNgTVvS3r6AdswCE21BW
-McaLQVEt_h_hkgCXcX_D,xuFPoOQEkBkyCSpm8YP3C
-VZ2yV-gKnf73BpXRdlS0,49D2Dw6BYdDHhoGeU_Pw1
l1i-5YUvnkoJIJ9c1xCIc,bjHWzYNEuaYFikexTcjhN
-O-lsDcngm9LeDCbocFXE,GSEVe5Z6zRhQ6Qf7sX5LL
657WGVGyUUtlw_9qQChzW,RshtuLQpSD3LXESpJgfAv
9eMbb21uwQ2yWZoVdjTP6,pnnznuiJDikBbQ1CGDG8i
5K3cRJT6PrQYsVKRUBldu,iHGLUmLxmkUUWpTJ9jNsZ
TTI9mNjvCaOyqy925t3eH,b7uJk3pKEwc_KAgor9xSR
UVOQpPyZnzllto-7459aW,in7g5hSCkzrIvBWs1CJ8Z
zRBzyYp92l3GMjIsiZ5NS,7dxLhrXr9yiQccyX1hbeh
Y6-1Mco0frqRo60ZNTliE,QpsOxhDOJqvJBnE4ZrREy
LjeNEv72FWE9xpCYS17he,is3HpaAD1rfwdIkjWBEAV
mmFqrRj-hR3YBgQt88GUT,g4_YDa5uj04AXa8RQntZ8
5AY-ShUHyRJeQltnEU6Do,nZLuxKP2cnugK4abUsJCb
w-odNLiVrpJSFpCa1ynR7,zPLRP_M9T-AJV6k_yEdT_
S3SKpyLtoir7LgNeYZA-S,3sDlCxHMCvuICQAQoBSau
jJAjnekLEU-GLh0R6TFm5,ERrjBfTKO9O4dH3G415th
W4QwajaK5asWxHyDrsQ7J,6mfd6W2Tq2Su-eTpRj0no
GLFqN3PL8JiwXrVKBmIYu,eBq2irwViyzCYE6cLAFHN
1Zr9mkW2Hyn0fSrt66_Og,8goLEfQf2SP0vxrNCRnf-
w---Dd9EyasImjqvprgFs,pLtNb32-P7lNLELMZYgSN
AfLusoKYpUrpBuMXR1bRY,gc7JRLBRcBwU-eHgnTncJ
YagIHbQhhf96YWEqz_OIQ,68wFZ5d44ZJHRXdC9rESv
Z5D3_pZYj6WLoxNpXdhWB,F27DoRsTb8sjvv9HmZhPV
70oyyK9x_QrY4YZYViAbj,SwTDQhm_HCDYuT0RTY7b3
k0v-Z0XwQTcW__K32Xyn4,K3iD3Hb1iN-KMiS7h90fU
8NePxsZn3Qe2dgWJyESRQ,bdFWckiiYfCpYBOkpWQMa
Qqwa9DWXryoPWPunzQTj7,a6PVXN1tp4ds4cIDnpdUh
oCLemY0Z8sUJuYMsVCeF0,JcUzE47sPTF9vIH3xhyWH
yU_UY1SaPAWvhGKRqCSmx,no0DkEzmJbVug6B-kfaJ9
55hYDIokw9S-yhJeUveyd,HhT8adI6JumaSgefutNP_
TSojyvFuqp-xS6MZr-R7y,eP1sYoktR06og5uwlXq1y
CClsmzB8lEdTCCoLfS1MM,6jitR2PYJzk0gzgnwV5H1
RBA5slYDPUPv8Vvd5EWAp,kCo6rhWMIfrCoXFheK3EG
QgVHHvX8NoWUGBugjGBRS,rAxYgc_v0P31OnqtWToQs
AXA3hP6rj5zbcxhuXP6gW,BHKA3vmPxnInbr0oW4ZEu
AJ97JldSR8cYkU4JL9K57,3xaRGxOvWn0jKoY-jqYHF
pTTrW60fOWOHodpexyXh3,_Pz4usPvq-hkNEAwxJE9U
D3XynARJ2pZ2XQg1XcNxQ,V79dh9-WnK8Oabp37eh78
hFsUc09gwHgIaGj92wRvI,Eyu4UkQJTs1KYSXA1OYfY
7m8wzruucDJjEkxPazLNZ,ItgFiZowfUcerPMcNCTVl
8nQYNmE1AVXL0ZXBDWVMa,0NwsrIfgW-uvLFuKR3iP9
oZU0pGW_cZHo43zdLUVYI,360rh5f9f2TCfDRVZ8qAN
M3FIb98ciupyTIhHmB8_T,Wklxj_ZVrXhw09fJd82Ww
UvjfN1liKqrdT-I2-BO-K,HsnbLqU1JHFJf7pQDV4zw
6SpJC-TYn97mSr6eT5C-A,Lk5sDthTSTvQv1S5j-rDA
K1V-3sSCZPn_AGF2eZFIj,SyF6yD4I96CfWt2c02gP4
u01wycdplT75betk9vPLf,Wr93j_LGZBKmI8p0eJ4iZ
PM2f7Yx-NmaNzoIsRmWIX,SNTfVaZfmpf2wfo_7ptdf
bOjDKF3M7XBSigITtZ6Yu,abqO0j9CFuEYA5QGXHPqb
o0_onGT1OgDBw8ldfBnoI,o3C2HQOmgm8JsgPyvPRpp
RehYLppk-QKRcv78DYn9T,pvnyxy5KhSQxmcLmZb0wu
XOxwTLwvrsoY6bLPfKOsR,gChk4jCWkQn00GrAR4WJX
murFLw3d-DDvI9uZSOrgL,nZ1rlk0IvnIfzn8IRilHq
UyNIf4EDh7yPp4rOJVj-n,EIHgtOcsfJcZyIfczQlT_
DgTU0TN9Qqu393Dv86VSB,4JNka91AEzMcN_iBlDPKZ
l7WjdVugQhZapMyXqZw5D,-sRZnHxZuJqZAgjAIHiDQ
QTthLVSfBORz8_aPJD6N8,KsTziiHAOwhIs8yEFpSok
KTzmDCml471I3Ee1PJMMd,aTGRg0y9MQ0loSAQmRxPA
4cF-5gJfpARHDp92059Mu,4nyMLZ9y4ojv9fumkzvjS
CeyiNh6xy8zQsovIPsuhS,_fIRS3d4PwEMjh76GLVLJ
na0Kd00SVNHUMCesAv1oM,5syduzANupq1WvgIRmKN2
nk3SJSw0wVFaQB-JVYS7H,pDFW29L3d9mh31whV0q_v
7OjsGIwHRzc9yyXVUFkUc,3KPUMhNe2bb9pUQcYGQUw
z6Xs0DlDNXIvWjfXMlnLG,FIi7hdnQDJpeiZ-bSEWsC
XHjtXBPxAeRousu1hxeFq,nz8cFpL8SJRvZDn_4nKUw
qKD-C9pNlH9dcuNr2Lw-5,4nQH81RskeAKyocwf53lE
2KgGDWq7org7LLWovG-Gq,-BBTn_MH35fOz7t8qA5VL
WzJPz6u6kLdgE5rW9NnQy,Ooznv7mVqdu-IxYXyz0mT
KmIvX-cdnmAx4Ov3nA_GQ,pbjJuArm-6eS1qIr9kRig
U4-wNA5tL6BncWU7gxnbb,rWej5fvjNMVPCquBHU2NV
Yxv6nANdczF1MAyQyFP-Y,8t978Ry8P67EMQ9anLjvu
Ksim79WGKOwJXYxY97uR9,0m7g9Lmgmml3HdzO_piIe
pB41vCfjKrcEPbEhJEjQa,XoaaAlqMKsl0B3Dkpamjq
BAXmXfZltFsV3375h8GVE,MYCxBMalAk3s0FxTYoj5b
N2oZQIyrJvwui21z62-A7,RXfu8fYmOiGnNqVx-viJR
dQR3Iv4sC7nE4gLW7gRJ-,y_wzdch7XJ4MiPIxktEEm
Ey3no7ev-4KmQXkz81fq0,hury176UTZOK55l1QbBEQ
7Sqc3VjTllD_V4lOeyPDQ,xL6htLDCQVJy1kEThS2Zj
Tg6EcjybbiyqiOj0n793C,whlwTT4OK9v1E8xSm54wy
c0z2Z0fq0wqSyRcExrxLg,dhPp8MnSGrWDGQQAPi8D3
-ovyUXE6r9X4L24d3As9q,RVwo8-sNxUBuOu4NTS_Aj
gf52PL9oG9n8RCUwetItx,G_xhFHQgTnroZ0nNg_Ovg
d-aj4FFmLcAGi7eDIWSdQ,QTOB2u9tvFebkvJQUXpuY
IqoyAjhw67rHYwA0NBPLM,1MMjsjDUa3t8L6Oo2gzu3
2hQIyNWKQ1xhliVgc2uwg,cd6bTEVO1ks8z3jxKcWnp
CV6fUB357zKKiHVZEpwZ4,ApaTIG3_4wKAy-w2eB_iA
vQ1sts9o090roXihc3Z7F,CigzLAODu9ZLMBTI7m_vj
DQjnhRhbVKf9HTVHi60Wh,-IifLDSrkKDo5yMlTk0gC
Jh3a0IZpfc0aGl71fmzwJ,kVkekHbWLltFgpS94r3O3
YX9j4iBF1oxiMypw2i2RG,QUjDts2VEGQbFzd2j5AmK
c-FJ_Oo5KdbB2-dO-wg89,J0nk5uFRmLzTho110VthM
kMx2K1AMBH2bwQ9PzN-ml,HwL2VICMJVRUCxrssSNgp
HJUYAP4iCoO5mLDXcD6gr,iUeK9WwoCRJ8dGV8IBjJ8
3WoRz8PE-Dizd89TL4eI6,QBqeGPpo9aUMwmUSpjj2S
XHFcazIUUn9J_sfuriayI,83iSX_XWsxd-R84blZkjW
McMnsEbK_NgVlpRcYXgLP,DHftTMkHFXcKfsxQQM4Sz
FTsMFXvsUQDDdnUN-23nN,993YgQtWuqSafo4BIG41S
Zz1PwGTpSBEjykqIGxEuC,RgT5JLGrLccJRaLGbR89B
GSsaxr5Zx_ZHtm9X1Ps8F,3RryfbggWnK0tXREMAtHU
0mcj6WUL2EZUYRa38BUVQ,Vn75Q3kZdfHrK9s0R9F26
D1230Jmleza1mw30oj5wl,vbu2lOR2nBLG0R6UnN1QP
4qekTqwnrhEDMVvEZFjTe,gijvBn1JVVyDaywAa2Mhq
HPc38Swt9hho2CnXwx2aY,LF6Agwyz04ffPNFi1ew_O
G0gZIjPKxdaNMiTJCA5CY,GralSKg4K-nx8Wqg2TYSk
zG5HwcSYw_IX56k8uAsvC,Wc0ZChcDUJ5zwbtXUbQnn
i5EtA9JsWL552xlpizqHb,FD5ve5Jw5Zu43mO6bWtpN
j7meaXgLw_dO6rA2BxgKM,CO4f1wUXsjTklUuU1BKO7
NBxDSN9cLx2_6KBRuioRp,ZIyrI5_to4zTDjGtllYWO
tpR76tU3XCJvgmFj2aDKu,svH7uSrfU4DjB9tLGZ8iT
g2zbpCxh2AuK_42lCYq0l,ljRll6_UyH0Wk7AlitPqm
nFqCN_KznDdtFlMtX4gRd,Y-7FCcxS2-KYCoAPVkEBs
-xKeTTcwzm5JSx5yINXfZ,IxfI2kDNsTE9aOgkpMFn0
VdlxZ2-fYbjpBXlNsauA8,7-w4SFe7GweIWOAioBv08
3gD4fKY-sRwvW0nBU0cCz,1H_OU1GrXOjMcjkVErR4y
c0pcMqjaTyaRqiQ5R2EPK,P4WirekraH2FatHuoY7zZ
7GCy7_EWQEKEB-iFhiYBs,_T0Ajg2xHfFpX4ykgSblN
EIqzJB5zl-VswfPSfSlMu,aWyqjVR1RVn-TNcseREgj
q2ffVRLIfiPPDVJmVVevC,6KgNjiT3vzSDpkQdYyDst
8BNS9RRKkUwUGT-pkq91t,S-DLxgfV-z9EIRTm7oMw2
V9M_JR8KHoDGYc20R0T1g,nagkiLesKuZB_dXgtHzfF
DqOtIn7ZloSKxNBAM54wg,s1xe9mCjvTR36Ww_o_WQU
i-ic1egSqU59ojbsY7cTC,zJq_JKMJfYVVYsxjVmCo-
1CvF2Gm6O07E9KZCFG3rO,lv7Mw1V2SQeuLjd6uxDBu
rh1e_WMdg_bvO9zOBabi-,3Q6zUpK751vVeCDlmySeL
BZLJGlM6z1tHWt7_ltvEx,OQhKBWOsHBUW43qVvyrdJ
RYM-kZwpFBiwFaKVBQdFA,1W9jRyWXle12b02IzwXZU
9Jk3wtuBZGbYZJZJ7npuL,-HeGUNVOeuSoKw3gS9s3I
1DtJegmzOBIknQ70bszIT,xpPaAH8ouG3nR4nFVciK2
WlMiPymciB_qHyZRLFILp,D-vCX5NjqiH9wSP7uAqD5
MTZesB1DwOL72UM7LqH2h,_ysfEQGfOdwK8bFtXwEPF
lNtrjgmI2wQfeTRd5BpwV,nV4pHQsjhN_Y-V2QcWF-E
p5PAFHFmcv4WJPXNX1ZYD,L9UzywbeauR63zbltULIC
fH_uu9P7gE1THHtZph8UW,XTL-GWX6I2fwHD2LEtRm6
09w8OGoblnHGFrhy3m8xI,uY4ElAyu0dv98DH-iWD5Y
ycB6UC7tDRAMGmTTOE6V_,09efcRsza_En6LMsMF88g
5rr73vPX7h2rZrY6ULe7b,ue3zxoSbBn-QuEE2gYWWb
ybF0Vg2odW9wqn0tvt-cR,lczrOr1Qv25dpkcIMJVTW
xPL_Gxd4xPdzgpmJp5rk8,havipXO2RlI6B6JXInAzQ
83XdC-qr82bnBz8BeXVFd,qgjW38o5DJ4jDt5p93YfN
40dsGbsqj9uo7NXCtFasH,Q9h18Nnblj_Vz91JfkQ-2
Q_ewmJf-2Pr6iHEmdXKKQ,VpOB6dxnEfX80NSqjpEkq
G-Cf1yaAdGoG_E7eMtbhj,o7nAm6K4pzME72Uc9INaO
_f8tepyC9psI8HadAqL1Y,demzv6NhonegqGZAZx2mS
v6cS8GEhddtEP9VAjRsXT,X01VuQvi5NOocii1uu4EL
annTEOQJO5jSIIVqYDGKL,P5M4JLElSTURHhlRm50Vr
JzPf0MXIesquc-bWJJLSg,2jvb9qjUUMa26wcjlo-iK
wgTJYxoyUCJcfiJTicqSn,xs9dT-_ECFzFE56-YdhZU
5OtGKzEZsmHy8i9E1WyYh,ycMw3DVMyaAKkZn3hlaGL
mnMKxgZS6QvdfOcjHhNKk,24b34wrJdBq8QZfKqY67n
b4XwvzzRcH7jLqDs4UpBN,c6wxGxwTOERGqoSI75qe3
l_K6K0Bzd6_cb3JWKTTuX,JmjdAp0WZ1WLVtkMmmZyz
05SQiHU-tN_Rlgg5zr7e3,ZTL4l9TelbvSjxur1Da6G
-RiWJY4AdkEywrEzuZUNL,QUmiS3R1Dg9dTjJ-JJXu8
TiNfUXuCPg_VFGBHIMhBk,u2T4D4_feSdiY1f0eNwza
1WDMRhQg9v0JcPGBWI5MT,iIMG6iQJF5Rwi5e8ELcRS
og66aFbDjRyEXvFeLfr4j,Rv3tGjt3bkkkHw4sKUyJO
gM-XShyHKYJeSboORsafj,IYbps0IbpzX5cn3CAgrhQ
Xs2np18veCx5s3a48K3qR,1blZsw4DNU8kOpStxmUEc
2w5VMrcpqLr7TrXv36-aw,vc6iu4Rm1FE9IbdILN7yU
fcc6MGdVw_H1Ll8sPmRFL,AQQK2HPbtKCAscF_7QfZy
GwAegiN_2IVzN4cbKVIwc,l3svx4-HAWU91i2UcNNhF
u6AADctljUKByFWoJP-0J,Vna5gUp9_dn2pDYlxthUr
9ZFXZ75Dff-9m14xvwwgp,sxZvdLIXg9c7eSwJOFi6G
qrw_6EGuYvXa8GLiDygKU,sbfSLzrrnFYV1hnqc7MJU
MVvjqZQtWm2A8MAuOIw_v,jvYWvWyU3MjTHFFyrln8p
YITCTaQzK6yGVpMqwpOlB,JDT1GkpKy5mSNJxYun6bF
QkSQU5v0yktt4N2vAWkQi,RnmV76iRegrdWKLBdBwKG
a5xzJF1IWz8fHniCKpnTK,ohnAFVBwqpOa1z2_t4VIV
Zonc8dboQdk_H2tTg_bWN,3cDU9o-c2z0hI5jhiUkrH
yTFt2qXHspWpcN4eo1ZoM,YNuZVX0NGplwnVMb9hiIH
zF_MXrPF0Eei8sXW_Kp92,Dv1KA1Zoo0ci1gUod5LGW
RLIAgivTOiAQVUXI4hlzQ,xcnfZ7Nt1Md19pCj4MyLM
BJYh9_Z9kw0aTgLS-e-_U,yaEdVMuFXwQsoCXUGSlVS
T09qVCyl_IidCDodJ3Pun,BhWtRM80lj32jGAyGyEZu
2h5E5kkTk0z--ccLl8YvN,3ShkKHOZhPKmNes63fV09
b5AhsBN-ep8xPBUoKhX04,GcXga1NbPcrtboLQUyIE4
VSsiDvxQybq09UDM3MsC1,95yLzt2k_mgbdOC8O-WNp
S2KKgal0j5lXbgRfzgOtH,yuzQ6-y04onVIEjmLbQps
fVu3OaeOBCFi1UZ41dey8,Fq5-88q87seQDGoMKD9qv
LgUGE2Wmu85jUnW4d7B9S,3X8pqac9x97jqrftjnLXw
mu4_6kWi-MbqPYxdDPHpG,yf1xQyzBASaJy2-ImGJTT
VHGM9u_TxtJP7RXVMSAii,nDCGLPYgXntp8Ea6NdtkJ
Igm01_WzDKJ7x12bZx4GD,tuv8zH916OK5yed25NZ50
_SXyJS_RDq1aHouJZ2wZg,bHgipxr_oOnRco_p1ovLp
berWraquv9aGjStfST214,jghisfX1sLAxC1-GaobO6
aP84W5bITufmGgkwRzOIQ,taC_T49dafD59Siszqrlb
DLBD_uaiTukfLNOIiVQNi,E6YfySw_DXE-8yTmuZoTR
9HmAsKac9tDhBQ-QhERgQ,-j9f4ufiMWMxRZ2NY_Gi7
IlaD1I54SCDU_qUna6luN,kxPXt4uxX1yYSx-40GFwJ
eLE01s3JlHdwSsLCLC_Qc,b1LHLdctP0Crge4lARQJp
eJTg43ABG_Yg-ARrn3P1b,BS9c9z2DUo8s3Tm5GIxP4
CAkPalNNRE0sePSUHVueN,zBbfTYqcH7_3cIdic4MOa
j-SRFGcFSb-tVSAnQ7F_T,w4mjHMjeMpAXVRq4mqURy
D_ABQ9IiH2ZHZ7m5_zhDz,Cg-c7Rb_bD2VWqrtdQMiT
mKExRQMFC6fE95dijkSKB,OcvYLHJ6APUQOABj7G7oj
cIyVf8bw_vvkhO4Yk3AeZ,q8PTMge9HiRjLOwVWsUlg
v1dKOpCO43LO5J9pcKlAU,NuJ4m60yK4hK3_L1hGLHX
zG3gn1BtlYgauLPbRLWKD,DRHTO7ZQqt8JodJajyGj9
9YUCayW3ShY4iWCzwcO-d,wGh3COFTf5Qw9rSAna80F
-Gal6gqMY12QkglT-0oE5,zLRLqXsDUxP2BDfQiBq1c
-p_tAOEDKI_jc2oWgufI2,L6rRVhV4SojryJMWIMRsJ
Wql2nP2XQgPn9lljTAF7d,a8pKkyiXSGI-NIWl5f4R2
480bjr3-7VWz-t8ZMVAHG,--cFw1k739H11vpffdbV1
rbl-d2CfHsLGOWShlVujU,A2QXGFhsd_6kL3-RYPGqI
-Dzf7OXKa5ZSYzh4B0jw1,4dd-kyIvawSLAJ0jEo2h8
P-tIeI5c9YvU4koiBkKOe,CWU3s0mP2XW0IyUvtvaz4
pUNDvH4I4NzZTd6pxKV3R,vbxWGB3ZVvzvxEp2S58vE
ahfcUIaagGAW9SucBZMCO,U2LYe5DmtezRAYdCFg35D
QnSvOJ9s0lgdOzOyi0YmC,dkqqN6w5s6kbeqaSYJSlT
3TzV_A9E6KtJsCFR-r-lY,6Yw0f0XSp-gNZVaziZmKA
ahgjdS6HJDlGJMfmgn6tV,W4jtwuLHdjLynoAUxf8wT
RlweTxpi_NxFvFsf3s_wY,fcGCgPWtaFgQVj2xij0xC
49Wp2vQSfoMJMflUXQvph,TJpci1i5sNJWIZh6pnoYJ
Dcu1biRl5DdKmhNplHuBJ,DC0emYz-0-_RWGdE0rDrn
ylsg5xUPPUtUi3aHwy378,X7I5PuLTaHVJnH3F6FEYj
o3dS1w5jKvrQ7QRynxSQe,QhPVeCEBSYrCeJqRWIbT2
TO_6VOYVPUtks0Pu_GK6P,Te8dJjdbShlVltM1vkgde
LQ-2zWxc05B899slaHwD_,7UtYRTdZdg-A6zvBm8y99
OrtFbnA1OUMK0dV_1FJR_,_2DkpxjHt5Sq1_foAF3Ex
fS3lN4Bn1xcZgru--8j21,RoEGhRKnVyPe7-nm0ccnx
XyurX0jpO5HBpaj50Xrmq,DNhdgPC5_hAySICIBu6XO
SSs3m_4B4suPTjezYz8QR,52sK8Hvf2uSnf8Z0Vuysz
7QmA_2I0D9wYcwO8ttiOH,lsJsMKklAfUJklZcVnsv2
hW2fqNDZqk3eTSRKJ5d4M,Lu443TBpmODBEyN1ZHDac
n3ymyX5vl3afbKE9e-oHx,nQHpv6qLi2Qbwgy1bLWUz
G4LDHSEyT_RNDDiZhT4YZ,zC_mOr1c4b891OZ2SkOjd
lWnDjlcoAL-vO8rWTevYF,thNPPzm66KWW-uZf3-iuQ
y4RASe1qsfjmb6VZBYBOq,qtQbIB8SYcr4J_APMjog5
QuAPWY9QDnme6BYKqlmCK,3103aryDYSX5sjKubmvif
QoN7Y-x8FVKDHE_XbSTN6,bMtyLPkvkYxWPmX68TIAx
X5XfH6F8-ZtMF9CCaQvBM,6JwjHIW3QYbesuKwFeNtk
rezjod8RX-KI_B42gbFYl,Rj13f5zWaDy4rlKMhG-Xu
S_vG0dyQwAh7Xn3alag71,AcBm4UwpWhe31RPzt1ent
W5iuC3Z1C1cgLABQz57yc,a6jU8liw65lVjwsX7OgJP
J4gJj7OtTJDgf47NZpex7,vRTdLPTJDvE19qEKOqYWT
gEuIBSSFWwVG_qZDhVSOn,17WNST9a5nawl9rk4gJVy
oLSTHzK12hNgcYzKx7Oml,gLeY0ezZcdqly729n6ZGb
7RtSpGaf3Exl2WCtXgMyr,cGcSDBq7A3mLwOYPem2Nc
EZnV6aNIs2OVve94HnOov,IEnRBFeDLLQMq-g5DxCUk
BjvZaSImHNQ1BeybckZzE,5MA94Dz3VPBm8QS_-whsx
_U_uPqfNpXFm6p4BoqXzS,f0nv_Pf3XsQTwplHzxYa5
CDVJ1garggfEoo23yxQLU,GYEm2WqkdXDwg7CEQFE5p
bzFbRkjjwUMI-aoxEsqjW,1pZQ5YZVPESCiw4zijjDQ
WX_GqYQlovKn1XuocXN6G,Q7US9fTIo1iqw8jnS35A4
H1EZN0Xk3v1V91oiqz4J5,4d0MCfLys1LIYzjDlH8DI
9dEEk0x17Uj-JsJoCXwo7,CO3O19VTvEnlWpmOT33aj
c-AD68qFjczXOwI_cY4Gr,t093xx8TU-3QHkDfKKPcL
OqvV4mXH_u46cvyzy8Slx,KePR0wxcejVlKqD4FmWc4
IOGDZ7NY4Qtuz6ytBcZMT,O2sbpTEzRmneofslcN0wR
J9vHpNOcyfz8u_badDAv-,sPw5EwXYhOExxMVkvu-T6
f6JbXYuv_LvILYPkiTSL5,VSMOeSlYBPIJzzZ6eWHb7
365ULM0gXmufJ9msThNwk,ETzp4we6w2Uc0WAibyZ1q
lsamA1kSqH6kwYeOgsFm8,HUMElLTEdN84lmxLkGLoF
HJwx2MJO7PfzS6lkedDFM,niguTj2y7r1GB1ikyorqK
i0RcwKP2AV0ke_STGpA3x,kJ8cABcyrCiihDrPPEG7B
BM4H0D8PMM30ZUeQ4enmv,hBe0_RYmpLDkcMv0M2C2c
WWuaXaHN2bhOat_keg5bh,HQrb8Bj7JOpfCAh_HBYvb
jvaiUK62KYzU7QXGiVTVt,5XrLECfXOAZsKLmbS0BE2
D7mb9EEICDWAYc8Pau8hY,VfqiSZRG0XWc3L5GQz864
b-4h2_bCK1kjStu_Nlofh,ldSo_8ONTE22jbz9TA19T
gD2veVQ25YHwIjHaEv_D2,1CfMQLTgFZ_Liaaae7Ttt
aXLXRnUERSnkEVWvYl3wB,hu3WWA-E-2oPmXNj5V9aZ
aWjEFjNBA2RCLoOYUbO5O,OKIP58i4KduRB90cSLh0h
UFxlpXVFnNIvP_JHVTSHA,KFa9IKzE6RoSxyjT5OlzF
UqWRopCOHRPNZIM2-2lRI,8zK_LiN-uectHSw4dLDxL
jhTfBWcXIZSpPIu2m_5z2,m-UnrNN69A8ti6L4NOhXD
zQ7HaIg3OCbEO0Tmb06jW,o0MAxKSW1U2Qhf1Fc7_CI
ZBgv-UpNT418jY5yuzrnn,EHxKGFuzNeIDHDYdWGjrH
qJ1Mw1UYkLKiZYZPHM7Sr,o_oY2nyKJVckk0DTAvTdU
xOa2WbE5yRZNUD9VLXFMR,EtvZXGgPDy3gdzoaV4Dne
OP5hEOnEqMv3IRVnOHi0y,-03ZVIq699UaFOwzhXxCS
iELgnssop0Ukzrk0Qjc-e,YVB7lTr0aa3SZZjXyI_7X
VOeTI-Q_gjZrXt21Et2VC,6-KxC03oUeu3q1QbBCmTH
9y5j9suGW-Zbh1G73hV1G,swIUTsXuvzd3pvGXKptEu
tHQygd1XkTL8l-rnZtf56,ZuveLjhJTTYia1u6cVS9d
sQdyChqc2qkC6wNTDpZdx,6TSaV-pfk5F0rmEVs9YMb
H1UmpReYw7g5GtBrynOhB,S3F8vLq7Y82NnQ5XL8WWh
9cXnuaU6sPVwojU0T1NHv,s560LjtcVsyRtb-QXFxs5
uci6QwSrQPe4CBhV_iQj8,QbHbulkxdttLzS-8Yd3X8
CVckg9y1a8AxkgWTHp8ZV,AsaJG_S7_0jEW1b0wsDX1
HLBRKYEP_8QEtpH1mpGOQ,3vJYAY7X0t_6f8OmTTFvQ
tSItfB14K24e-PLK2P6QH,ZYbdPz2NjG-Ai7Xp5YPOL
cbxWPbS143Lf3vbkn9Fjk,c7y-wsLZL7JNyetJTTve3
Q27144itzr2Okc9XzdNcW,SUW3IBXtYuJKjZI-pZ5fU
JI3M-4LE9D3ldMvpHjTib,CG460X2sq0XqL2SWQrMCp
15olOB33L28FBaETtbSl2,caNehkEZAVivwZcZWpRCv
zjgJzkqAGZgoGcR6Wwj4J,BLsWakkK30mLaJobH21gq
ysyBnd-lj0_bQ4oEHhq4K,RHSTqwDc24Hr_p95I3tEp
dqDNzD0ODe1Lr95Sddumq,VvHxIDab0CuGPrIL1yNFb
uXzQouGo69vMRJ8bXn7nS,58oibXmQ5DpLFCDTu8Pq8
5cUt4UPq_zuoWhzTYPf2p,gBkytypG1p0pcGg8Jp3UY
rUY4IJqjPTJ3uz6c06Ts6,7uUUTy2mLg-hZBNoBuFCN
rAE0lz__hvpLQiAuIe38J,QjOnTUzxDT2FoBLWpSdqm
9nHqqjTY8i6gLZ8Tye60S,Vg8rYRtvrBHDdjmaXGJPw
DhoX3vrdchBiw34bp1GlG,X8vKZYaVSrfY9k_e7GXYH
X1JQrMuJ1CK6TJaSRMKMk,4JRiPagDYUrOCqTtVmvRX
VdGJv4AJfEdJiaKmPPhPN,wbmdkR7VNMwi_JbgAhB2q
8Fzo27czjF0YIyZJpWquu,W4fwt0aSwBVuWF_cV4FuU
aD69HPPWJro0v4Ue-0F2M,03_YLtUkN1_-ZsgTkA3Ax
hH7nevsNRi2Q0WdkyrSVt,w2xXO_R7bSCj6eX9sLejH
vMxBT9m7HD3m_gDGm9J0L,Mw6bWxh_k8IXOVKQsH6b0
aoUUXYifde79dJ4DTgw-l,-PqFUrCzoa9sPYYpkBcig
6i9Rd6-IPYLKFWbbwIYs6,Hh7ry0j4lzhDogTFVCiap
HJC_1fewxkQGZK8wyaXhW,9l1ewD1E3GTcQiZ4lE4I7
PK7EZk9G8LqBlfcBrDQnf,iG5P8InqWQk6C4Lfb6gNs
GwXdp6Kx_QFUMG3xXUOID,3-eAvORnhljUNBQI_7HQo
KmOSiHBJyHeU3iACL8X0e,HC0GGi4fvrcMzJPvC42Ah
QqnnKKasDBubKXNj3uko_,BW_FHne7amtzkRqIcRZml
43QljZJMa6O7Xux4J1nPJ,woVfXH1Rboj9f-Ac87W_U
DYyoBEwiuH6m8qsM9RGG9,GgBR-bbhIdLG3NFnmM37P
PcVTcigxejMu-QatGluIr,7-KCXVD8ViMlGAM4870om
rbyvroOFHOA2p4n8CR55R,TGW7SwsZUltefSK64zW82
VStiLGCsCZYUTKqDrZTlJ,U1jgeOKYrBfYk4hXMuZ4-
CD74p2H2c1fcct2WhyRQP,jhRv07UsIl3r1SZyptNmO
dtzXBGtBCF2O_dLkoWik3,i1mbxe87MCvXZSB1WC-E9
WgKNyb2ssAAeiDxy4rjSB,EHNyC42cdW5ScPiVWw6Ch
GFQFkO60JWuRpg7chjOU_,D7UlNIFIHkAp5E-e0YIyS
khBrBJiYeBde7OZ5IwwzB,Xm3cSRcCHuKLelnH-FTZD
pc2b2Jhp0CImX1o0Ai_y3,9JvBQz_sTpsli0uH9Gusn
oMj2lX_QyoZ2wCrLV9s-g,SsINChnA2zUdENK6a-w7i
vL1C6bUSdUKTsZIHKV4ma,4_m3a-WvkKVQHl2G6dOya
d0ncDYi3U4NYqSucod1sF,F3oma0FMazu-m8wpTfrQl
4KbGKhVzLa4b5U0-iIP0b,wYELgSLNHQTcUdbO3yCNY
A2vOGyvWdLA_wtvA3Z4dE,IIvbFBDgKoG15DTn3wy-t
U2OKBN-fsyBwr8S6TnWUL,moov06XKCJ8z539dqb4LY
cUUd3lgmC0lmj0FGMP4Et,l98kP6lu_ACHzzjxcUiO0
lOG_y21-B6zhleXoF6wBf,tDxt__OArRfT_LJq94jFR
gz-q0UyquY3zl_Sqqjgat,rPk6_OZrUv15cXYY8K-wh
LnEwcgsgtj7sBXzMRXQIv,wpM8rfoQijw8mp85QRff9
ivPAOWlyzMWYXg_hVmJhD,Ub_KuEzS0nntsxQrtAOYg
-kOelglRFXtmw0rebeuSM,z-XgtId686f54qASkVsyg
65-1UU3VlIY2pg8B3KpUc,OGuGwpz93hsizFTjorA7S
8OmXdqFvP9kcQG56yF2p1,sVcjrZVw-oG8oM4R1Ck72
lVg6N-Lep2v25IUak7PE7,0sBLkGoSfJ7BmraCWlQi7
n0ZuVMRaS2wQgcDMZ49RI,2PM4RjBqh0N1j1LNpeARC
JCU4p3pR21TPPFLABXjs5,95KfjiJqPog0qlAIObDbl
ShT1LyA6AfjLtLYffVK0a,m84juY8BfO1YgVSaTikUW
OlTPQyS0PTBSDzBfbh7Gh,skFmtBp6kSig9WYoE4ioZ
19M1V_tFr2qnHqja7Ez77,fyJMbKVxNA5lOWzTgJrak
v7Kd5naReDdN_9ATHK4Kk,mkx3XtH0DxFtwQNxZbjTW
jcB07iH-0HoYe35LVhe5s,9_0WwX7ngaixoJG8V9Gtn
CcBZez3nEH4DPxuKs1aLC,wJ45U1vIep1NRxs-hcTiY
kBIZ2WuR_-iIR7KnUgt9C,i9W0s5nsHghP405AfLn0G
mDDpJpvdidFxgJiT5VmK_,_GxSQOTNouMpCY7OviYH-
KpOEo3oqv4JXFt_P9ie_y,kkwgwq1HssNzGnaj8pGXN
fRogpFVNntEatDVADk5If,QdqM1L_-_ndGWgaznpuf0
yqmLUtw-fpWKrCO7v5Zba,0Nyd3ZkTbR07fnxQe4AsL
jWLzZs22DwoFLU1ocsffe,61GgWKW3ljsjzcOtZfTa4
5rnsGGNhHV3QDFHgS9xVp,QHitqXqrIN3r4LM42pv5B
6d5vGVVLjzuqKENmyrSx3,h_25eICCQZA6bbVdXC8Rd
U6g2neUnrC37rD922zIgx,zDCPD2Jwb7HZ-GLKvoVy6
mhuq9S8j7A83Ae0e4SjN3,umvcWaFgHf8t14Fvd2dkM
A6SWE3JWwsb1fKd9kQRtc,7x2D10sUasZdr7V2X0V1o
KWAf6lv-wUiu9SQd8iQ7P,bc43xdOfucsqSOn6UCnjg
QimCRdb5ht_avNSdaxOdu,b2Q8-pfgRU01xrJfsTAxR
AjghpXiZ2F1Ra3pwPZOcT,-j1rQKXjyK3Ie8ZmCwjiU
rYF8Aay_DB7UdOTcgrImH,799Z45U6sslkzgLKqFsCR
eLbD5nGVWyE7p0KdG3rzb,nWndT92vNHIzAnR46naKf
3W4D1GYRffiSpnIFixnC5,e24zIn_HNwZMtNbdyv2G-
OoC7BJzEwgUfVuTR96tZW,h8AUBNMh5oXKSNEDGfAHs
JhSqITpG9yRTFCWCIsIW4,HA97eY4vjfRY-HuaZpy2K
1jHHyKa_LGt8prjDNO7Lp,YU3kp5QfTXAgmK2_9GOND
7tlKVdNdYhlaTX86TabTY,hFAimp-VQeRXU2jLS54Tn
Yt6rK8MEKwAZbAMfWtEiK,rHXgMDf-rnRWvMFC-cIQF
5AqjmfzMKGe40ARtD2aOd,eL3htBGc4huf1Ugm8pyOV
YziuSCxsSeju3OsQW82QG,XtAjJROp2gI24KtTvb5GF
DWv3Rie3BA1ns-SvbEhkq,7ThywPQefyFA4S5dA28Xc
_6gB4ObuOWpb5KJUOsUNC,GhT4CS4-kt8dRJsTDq7Rf
NYIjv25ljZhKc_qEUWMFX,kWvzyV_oJ0WcFqMs8rLWa
E99OyEOsVZoA5Jsbtkvjb,hFA6wUxPAyDH-uLfdw72V
rUkWRHYT9D3MLdnFh5tQE,IODaFyzNUgZCvOLwWM8yq
bRbKIzIfZvKU969BP01bt,-HXJLfcHYK7DVhQQUi73_
-sxb8FduJfXGYxVjHLNl_,y8-fT4zucUsmt9wUF7ECQ
Ss618Q4gzC1S09QSpcLfu,AbkhxJyK2UbjspCissdpN
u6WBD9pXTe6-sGmDNTHSt,4Tiuon4SoT0W7w_MSiskv
akkVmcgtqFTnwxy4iEL6A,Alw3B4M26wutg22peE-sP
PqsTVaCi3SEWG6k6Rt9A9,HvqDRlrO6y_pw3ywKaCtR
HdZETR7q8EuQz-o4crNK4,_DrMd6mY1lMCWM6X2zDX4
0GY3A0owoTVZb5qe_ltqM,EtfDZKgF6tlNk05enGdn0
SrBjigDzZlnSiAARxPHLX,jHmarNKgdYkuMnyJVBmN3
K7F9kBaDEDVsLC1it6zJR,f74vxm1C7jfM3QuG1Ti_G
QPrwDCvqDVnFr2nI9ZZtW,fejxBtuV2mpbzZt5-uN39
gDzskZFTdA4o1FvyHTi_8,60Ko4SL5_GjisftvtH0fS
9Sp3L9i3H0Z1iaTA_gHiv,MVSSdx82BE9PNFTLt4Vu5
XAbFgyGev4tnqmG-hHTuF,jUZk_Dy_6Da9-2GTPssiC
ScTF81Fppw-leOqgIPI6l,ReHMUsanC-4V_fZK3M4_C
ae21pdZuSAcJzRS3pu1wq,s8LBQyxhPyJDpKIcEiRxi
f7rEBkXxZTG7J7xPfQRhX,JnmFpf6o3LV5P2HO49is5
CwdnxBdA0N4bN1SL7NlCr,cfx65yzWKW22AbAmmAX1I
L2XwXHePFOg-Jo__euIKF,EGQiYt8yUtFtbonpG-Nla
tfH4rp7F1ZFxicwMKdX__,BPLOh0pzkrEuFuSu6HuF_
iwGM1n7A7B0uTheHuXuf9,z6WjeLK7wjm1U_jBIzI-x
2xxOVJRhQbdvs_PAnmDj1,XcVDOhQ4Ji2ghQ5RhrVw2
aziCLAh7IyjbfOEc7Rng8,mDPSmDE-Z2BGXY5m-1zPK
tsigoBQP43dPR_XRe0syR,2fWy1gxWFlSJK0LO_RDWY
xPxbxA0xFEO_eJC5mF0Fj,jeG4ZycpSHH0yCUl0s2lp
ADxjudqoDPqfaKfcMPu3Q,yW3IDSSYo2Fx7a8J2F0R6
jMqCJozXagtyqkA7QLbVT,B0szxHkByWnFcx6B_0Mzb
BRDEuLiOEuPAY3KmMFKoA,IoyzMEK5k7TnzIoaDCRfD
YPMGMRgOXY1cN95soC0g6,VkLXG2Qd8cfn_BUCoVGds
e3H20rdomGCPda1ORfo4A,fAPafVGMV-2_ZZb5IDfQe
VluSEKO7riNDJtZ9vpWom,AD1JUTF03xfeXNCk5mrZA
d34TUosVScDpMqKVtQQIv,qV10J02RkHXKpjWCgJQCe
FPyXoM5iPC0SIVbQ0FJY6,AUww_X52O6ofGCw-CaJY-
dZAVVU3DR_WIMt2qY8uuQ,bRS74SmiKrvpD7AKj8uMI
3KBY3rkO8g7cqzFuMwDFL,nyUfvOdImF1kY_-25HvaT
LCx4ClkVmP4s5dOEaBHlp,uJocLhMdFkNBLRwvJd-Nx
VuTpbXZnEGOs0BW0ODHLE,7Seg5kBjmfBsTEi8d85Kp
u6g8d8Pxyi-LSlT04NWUk,yk0eHpIHLA9gEwJD08qyv
gztOLNhhLaVNpal39HLmp,x-JbHkb7jNslpZ03apJsw
YoclGpBevBz3ZyOxinidX,9iqG7as3bt2vB5bzwHMhF
wHXL2QuAlgzSzLSKdGqdp,FjQ52FsxzA3CMbOyiUo4u
rFnDICu9muV-9HGE_tlmY,rPS_klKQXBZDdrSVi0V91
2Oxenx2D35wl2chlMTNx3,gw2ICZcjXONPUex7nqRSG
qYG9zYY1TO22LxUG40lDL,djidbuj55Gmr7s3w0z3bb
KDfKFutegmSjIcEpa6r2A,7BYLfMIpW66P-b7Ssc42e
CRHPrPddyl1gDxV_SWYB6,XyJGrkKzdZJOcK_xGPciG
u3Kxsfv2RD9uoc8SoNFKy,B62dBc642V-vo63MMhzoO
gBbXKLgUh0ltyBMzhUZ7Q,mlIbuzV4tT2vagg6cqoL0
mfHPb4glbYXY4a8Jdx2Kc,h3rvy1Q8jvLqTqLAUBxyD
OPXEOwdIe2gcqHNMZTRzy,YW9SSdo3IKNeiJaCsqBch
KrqKKnQ93sIWWDgbzyhoE,yRIOjdcGJtGleXb56uYHF
N64VcR532am33MK_d0Tva,I479_Cn3ISO60vSH-NbzK
PKS0NZ1kv4xo-clhIsOZu,3OwTf_hObnS__2mqy2-Rc
3ruakuisanWSDVgqN8ULx,1rYClCLqeREbGPnu9jasS
d2RfLfBH4MEZvEIyPTU3m,0gS7GxzhtgRieaPxGRhlF
w6sVBDqVTTsUuo6j9E63A,G_rskKyJgQ6QIxhUvwLo-
SesQ0VbMR2ZmKSbiabJJ4,MDiKo2M6z_MCEOgmoM6p2
mqE7BcZsZ0Uh3_sEqpUcI,rsbB1Zx1NeM5slcA5IFGe
zdkG-eJx7VJu__r2PZ6wF,nZvanLfLINm_IDrwYcqVQ
9J9XS0Rwr2vQG8498u4Q4,GsCU9_wCeFPrlLphma3Z-
_XQo00PsCenSO_XVqmivc,SlcJvUQW-UoE_M2lpyTew
SacNK9vxLC3MU6vans7hU,oWm0ZAv7RcN8OyWgPldkf
dO9Mg1qkLvgytDnyeoRLr,Ca_VxYxB3dgHiVHI9cJZW
60n0ssv6vmbf8Z36DiGXh,xGx3_8yi6yH_a4K_y6mS3
AIxZsckZdk1io_bdFYZoB,0E06mlQ4s8XWRYDsFxZ0A
kN6oDsyDqu51uWG3rC5x9,XlpWB5fycrBnWkQipmCy2
fz8D-COIGA_Xxt8Vsbyj0,o1qKT6dgKVKuVp2dACZgL
Y8RKXLogkUxzOEfcRlwat,si1vCa7pjZOS73UsFajbw
Bl_GkW6zzLs0WRQAdyve_,695d7HwiMD0WRP-aogrGL
RlMAqog-ClLcbW3Hww7WG,LJZkU0pUrJvmU7fMvfFF9
U6qDHIQZI2dYMvtsv6aJB,puXWI4CKu1VTJVbTre2ca
BnCNBK1hSVawya8SUmclR,e9_33HrfdbwqvC6f1QnIB
i3cppb1Ct2uPkXq9wJxZX,b5J1eELuvlQFzlFdIZ3qw
vp_o9rdV_rPhmICx4nbtr,H-hJnArATsNta2bKlx4By
Tf6FxE5OjrbPT_zr7eWmC,G8vVUE8iGycgA5pyN4cn1
mtjLMhjQ8HJugd-SLbowM,Af8fSKCWoF0A0sbIf_R5U
HQgC7k8mx8vHn_BgF5JDz,AYgVrt0WCjlubvSPDHfzU
WqoWr2_QVn38KZ0dX9wK4,E3ZT-IQPXMdKglzmeGFXw
2i9kv38PFcrFViIKkJV3r,mO55lc03pZDCfnYmxbSNt
HhwuajKCcws0NTK87ltDd,RNHmQaDCprjnYwpktQYlf
0fzzPKcM1xez0Oj6FQY78,ws6Mcb06vJwdy9IDxmUVz
6u5wfB7unM9khaRBauLaq,WXNdrX1jGphJTbLHj32I5
lPCrD1B0zlhb2JQLRMtlT,mVZMazVGnmG8ym61-ixbi
Gj44gW6mTHVcd_56AZ-Ip,mds4dDOjK3e5ffxyph-zU
Xyvur-RHLRbYm1BrS-aP6,T1__IFUrZfl-z43FcFnun
RBox3YZKACugT7q1uj5pa,IuCAoP9lEKrHXiNLdLIPb
s_jJvu_P959Z8a21tSEPD,8M_r5w2ksYl5OtsJXW1or
gNrIjnp6H-Hh1w4MVFE0P,VI_ZviDYGYlsSAdcAW5VS
id6bPWMhHW9dTn7d-YIku,GkqdujawhER1LC-p-R_Ge
w499ocUdBN-M_UrN__SsF,iuWjMk6__GRkOqcvgt-lH
P1EyXy-8IsM-k0-m404Jd,_YHZt69KjnSwWxPlrRmD3
BLdIbMiZhKgOPbLhndHfR,Dra-9z3mNVLL3kGYDdlqC
ip_E7fvZMDxh0syS04iZv,ETw6q326ijNfJAg_YicF4
BqrIxRzcCWPnGiDFYQcnj,Hj-GX4jIJ2RrbdDEOAJ0t
WLqcrFExJrpxoEvC0ELRg,g1VJZBdbWYKq_8n94W3Wd
ut-Hblz31lKXG_M4EINd9,R4Xmz2qRXmBy_iaWrRSPx
aJSRulYaGU58rcZxcB_1H,anuJFO8j_5_y0KijY8H9E
cQn4rxACwmchYxOtjY12m,OL8wJotjwws9Ywr3fqsM7
dmO4Fa4yukGQomVyDjAwh,g3uCoKlfL-NKncTItNQkZ
9HTJ0Ok5G4iaa97R64dNB,C8gHll1hEvQjCPDIYJwLW
-12ByMRy60mcgkJEQKozQ,2fcjaiqT0nVlTUQU8pAjj
J4EGFRW1g8JhjawxLRH6N,44qR0scT7TWmohp-lD9_x
YnB0wqPch-MrhJ9u_FpKY,OCAAyBr98M7ZVpoLDAMqP
nU3jKr7_CBJYDkRR-ksV5,fthiiSUTe0n562YO8nI21
9kKGv6bmO8E0kEwIJpQ-W,EIi-6dTMoS5G5grH0HbTX
065f8eOuEL0ZJCi6R9CmJ,n5Rf-cF-aiAnsTP-8kZ6p
U1t1BM9NhR-tS2ROo6zds,d5eAxTgkddM-cj2u67Ejg
sNHwUT4W9kfweP0um4FTo,GNnTQ83blkuH5wkOKiVBb
Brtoq9rY7MN7QCmGajYnU,pZZRGKw2nooN33CDZL40Q
YazA3oCDxprb1VwnXDdE8,674GRNecB3zWL2AlihWBW
QiW-W3vp30QwaIS8HK92_,vRXWCYouoWJshCwXbw6oR
6enPACiRu3_HMj0OOECPp,bzDuxPisRK8NxDG9adI6B
DhTYD0YMb-T6J0-TJ5Rro,HTcnkRwMUXMHVeZljzNQK
ACcbbGEunX9cUe_JiJHw6,6XfOSsy1yIYTH867-cGZy
z3SaJX8ulaOBzI4E87Ccb,_FoDIreZKu5snwjNPfcXZ
K0SxsrSygEUlhbXEKYQK4,mpfRYnW6WuVoN_kEZbQ44
97UyCXhxo56FU8CXFUUwL,Nj3jgdCFmd1oihWP695tb
ty3VgBFKB3KX-cyy_DdRV,24WR3Of39UI3omxvyRVYJ
7fWm3FxK2zYR-BBqR7OUU,C4LES_px72HSgoduWih3d
vZEUqM7Evt44hlPuYMvwt,s5o-XSeBMbo6XWR5YqGMI
GHWu0gU9cxvm6mp2nPwCc,wyecGxWdtld9xIgeZPQ0G
C-CBEaB2IsZS_Xm83T3k2,FaziIgeVFVDB01q7lqE8A
SUHaLll6wD96J8JFJSW04,E1T5fVytmdU37fjJUcUsf
5AOFrE42iiOyboi4qIg6O,wNzZHbmZO8T1gtw7OC_ZR
v1c7Osdv2SyqNh5iwsXOL,9udijAEsMlvSa2LO7h6BJ
jpxO7tQIhB0iP6aLJ_WVz,xnsxIckz3OzpU2rOkB_0g
h-8-2jXBPutoiFBCR1XjA,2aGCVEH583cdKbEUPG-DF
2glyGPYrhZzpRfMOO9O-y,LtNJMPrDC3gx5ZLBAE9VZ
eyoTWFbyNukKmODMJXq0Q,W3EqnOrcNvJi-IBmt1bTx
Ta9PlWXaEWzcLr_7E5YxT,Kn5dlK_x4AFbbPdzCWzYy
zCy5L9NYAyuumgUXQADAv,JMQeVpamiYC2x4s6de-6w
fDcOR5V0p9ePSXX18E1Hh,_mfXwBNDB7Al6iaOqDKzT
eRrqrQZXjwXl6Ii7fMOm6,9S6MNY1M8GKS4aQjAqzJy
JSeqD2pzjJ6AeSAlutxFj,pIqW1iWwCfvH5pGzdpBOb
HP599MGbLODw4yczARV1a,d9P5jB0G2ulz_Z_4xKrMc
LOmdgeaBcaMknDDyrDi0v,kk1gx5vxZGIKggSI9EVhL
GSJqqKjUzoYu7YD4yRmQe,i7vBJt16POh3rfMhDAcSl
CtoyBqaYxUeyXXauj2QlD,9-XLTGprAOMILLn2z5v_G
dVX4J5yYNiwdkIPtP4lIN,1KyhScSiKPRhuEw4_W3Da
ykeWJ7nst_kwuUvuZgyqO,YbFFZBpIxAH_GU7yrnQ1F
yG2LJjiu1fIKiaAikV30y,TIWffzB1797Rf6aNJ0xaj
g90n6fIJzq2m-ov4JAE04,O-ovsDb2FYEST1lcB26Ru
5E-Skykb7ffL9K6KEcmI4,pt0bZs4lswOU3F8HjOUIo
c17xgXfuKEYD456rHOBGL,45ZweiA6f4aO1Ml7Sm-X1
1vKC6CUJJIgFujlRpvJ6t,ceMc9MaDHnt1-tsXzRHCY
o0RTwfLscddXEqAZYW4ZT,uMn5NTGmzdVTnVRnnqKbB
_hgxK32W5bTgfY4lt0YSy,F1WqARiC_ccHNqKaY2RZ4
-vTV9g6b1rcF35ioiK_m8,08Smstzwd6gPj5EoWRtc_
7Vwmxp3e0d_titDZ6rFps,l_zazlwbdRwscTf42bGQG
cIjw_XeKtgkVqN9WZSR8K,Dv1_2VxF1cY6okOuRF1P9
1W5e1qvUgYG5UBJjU2ATJ,aF48rORU-4eMsyCS1ZQ8N
TbuwcSkWoEL48Pb8cxNj0,lyPh-908NPUhtrEr-pary
Ah4e8izPpJP89iMhhuO1L,PaQ7LSWyGnHvJZcFTJjDb
jVNeoCPb-a_ZKMNCe0veB,L_UmJkw4nIvtUzkNluQ4X
-UvhfmdfzBfApO-VJdiBt,IbXQ1m36Xj4aWaDrH5MO4
HuVBdV0Dmjlxr9a6itlUx,IBlvn3tRQpkg6ROwhpPnH
d9nAX813ns6Kl9LmuYKVw,njbwEFVzEMwsuUbKTe63Z
DtUoHX6_sK8jdUfzf83xt,ulVfZ9sJqeC-rNn7qXyhA
uVDK9fZ-RXVLnAHH7UUFU,T5gzhHKyMUlHXQFY7y4f7
6-kM9royUotMSZaxltWd6,Chz_3S6Ao4Ut1WKxyp8Sv
SRN6D1-xoyUweoSoBCqhO,Ye4yprTcBa-E_4baSS5GX
NUmYarDOJFUBSY49Vjaf1,fkf4QAIxqTeOei-4L252n
RO0ztyKTyCwxIbIHC6_p3,0hxRbJWDnkdiXJXsjcGUr
M3z1THPrky7qt_nKF0Krw,YlMBut1m6wkcYA7uCVBkA
cWYKM9-CDGd_TUt3rhP6b,bU8LoQODbW_q6EXxq_NIv
U1vIq0Z04iES8u8a-lqRA,u5YudsrZOjPGpCJjrrFrH
zT-lD0mDrLv-gB_v7Uyuo,pzPqQvEmOIO2mn-07oTWX
ky3XPWeC4RYDV962hoC6a,bVSN4ETy16Aw_WVIdIGyC
X4Ak_vpt5eNO7PKUNd_-6,iTKp6f0gLgh3iXdBJtMTv
PMfsJ945dTcfMCYZXbpAm,X4vu6CcVEb2BJzBIIDiGT
rUleNUnwX52R3zwRM6S8O,AJVw9DeSF-jntShGwGw-X
CRl41VHKL0K_gC62QnL1O,VaOZ8fc4p_zd4qn4RB3l8
JwlVfrzzmfR2F1Md_5d_2,FDfwhA5vFmTmoQifsRQIQ
UqQ9niPngQLcaW6wKNrT5,Za16vCLKy6cYhs5t6u-0y
TDpsmgpAIW67OG1FiDTx6,KHExoACpZB5katvNvTBVT
IXnGvEQl3O2oY7vAYI_v9,Lt4e0QitbHj6ftIs8QuVf
3-6OF2L6rO2R8Q9cWj9FG,ISGv7DjDvjjt8KcLHTNyY
H5AUEDRY0EEskh6kIriMY,s3ExWGLjldvx1qwF3geqS
5-0NPNv0fUwyrLYrx-UFW,AcLuh4X73ttNG8TSqp8un
vVwcW9SNnFYuohjI8bss8,Nd9OVzr6IJm-F1pPmw13U
wTJ5In9tsjtXpdAKAq42B,QTONJzRz4ctuZfZDI4COu
hk7vyzwyKq7a51UGF1eQX,uKR1LR7dSmZ5Rqvb4qGjd
dFa6VgITsQEGxawwmBkzD,uDWKKm2FjL1M2H8bGlTfF
TWgFqIctiSD64XUYGOiz_,bsYZsdPFb1sGByZ9UnmGY
GPWflT5IelH_9ViPH5LU8,ffYtSmloZuoTYS5xwoY4o
kmpbqx2eTg4q14OCxk5ga,n5a93rhm6r5tLD4MNVGUw
cL0pquIwZ6DDF6tEdiKeI,7Yxr6hLtrQVJ56DhxA7Z9
JL0JHcIw5JH0G0IrXMIb9,U5JqLRr1asloDTGPCmwMr
zl6gdOwEptd7QZieGktq7,w90oUd17a-RDwB2KUdgFn
JIDBcECOABgzUwy0_sHJI,4OBxP0X0KLtAKROXhjldJ
wlAJ5btCR53VxBO6kCPqy,PmMnBoR0tC0W3iOc4B0qn
Ins4ekzej43fBlkNjw7od,fD7lQKFXozQmQbxBxoDcd
NB7kyHsFXIOvOc1IjEbat,RmuJwx2KaPMM8gYFHSoti
E7bTRxQG2POQlMR9U7ewa,_IaDHkge47pojv8wVgvZA
3j0ljAIJDOm5OTVR8de7s,51G9_edrscjA2x8nBFWrH
eg2tshiW2oTd7NOELtIuk,TdyJhmKIInelKk4jRWJ_e
iXOBvQNbnRBJC3S-zfEAX,xGiLmYH2HsmdX_ZOeKDSL
q9pek7k9Zk9XZX20n6d5O,L4F85dY7jMCU9DVtsnkX-
AgJKWMNj62Aj1Rf0YlZ5x,x8jmKFmVUuuqoFiqu9_O7
CBquoYfHsTxPoHYfWanw8,RTcA0DoK9sXuX0m7JOkSd
o8csDCGJCOtCHwx4Vppmc,sblZdH-U59pCgLGM_MKRf
pZAUEbkoHoajly6bj99B5,8bccrudx6dPBa79jqatk4
tAIe9yHErsjdHefVTwfa-,ERoTi6jrZ5tgp8xIW5hAY
UcG4e2fgNwnwuO-lqS-iJ,aLkL2OkQ9WcxpczuQgv2J
Uzs0MkTP2zUMm_Un5Y_AM,xLd2OgEgLGlutn2LR5pl9
ooj8Osc1VEaNE5bD_8-_N,_zkwP9T81L1KkpYJdzLqs
X8pP2cmG93xshkOVJv4Ps,-nta9itQhUbvu9JnEzjz7
W8hlrnt-3wCPJuK_UVjSL,3XSf0fpJtKUYd-hOSzRnX
Xpcz0vPM3b9ddwJ7Fil_A,mfKEf-R-CLNsYBYnFu2m1
dqB1dsHG6HEQWWf8NypKB,nasQq2jLgUzOPxfl_LfOX
9Ym21KSwSPO8kJfCcJmNF,X1W0iJgeAxICy_xswSGjC
xi0dsHo3ovmdEsPVycWOZ,8M6bEmA3YLOBySYnK_T8w
loneN-WX8SMkFl_R_fLzX,_L7mnT55xg0eYxia1Iubd
rBz8TvERURUbwehyAvNus,LzoPSNu86fVtvgVDIOYMu
ekAWrS4o6fTydGcrGGcuT,2pI97fTFYMMhD8sM0VYEg
bvO0DnsYFl9ThtlumCqfG,qfbst4dxSgf70VfQ_575S
WWknmFzdLYtFA9iIzxQjJ,Wl1Yp-8dD7aDfy_R2DuVt
qKvw0jrdlV9LT6hezAEua,u60Z4wn6AJyEBdf0woFXb
qPx4SBl5HU3b7UYXfc1SD,pC0EdJkgOPStAoEgdDfR5
ddRgxMDtD6GYYMiVZrFhg,8M0JyJOJqo-drGMd5938D
Jp4QtsOVs8d25v6x8kHY2,sOqeLCqIiHKcpxl1waU4H
2hJ65Ail-3FA6uZbFVHhl,VNJDRQFMzOJHyx-JdqAco
jQb8OEccIVwx1zEB1FkBV,X8WW0X3Pk7hQBz2WtfSxt
UGzbBHAVvWPryXyS6M1_U,8ZjIbFds2UOpnWBH7kh05
ksWZZZPZjANNJezQYlDRU,Y4V4u90NcglVg7mNEtWxz
EVK_v0NXHrPOk7pOGeVTM,j0y-gbNdLNy2hejuPitm2
kyYlgPnkvS79lwIuIgW5Z,ZbuzwBVCn9k_Rm-Ler-zZ
x3IVT-WCKmJKf9ZjPimDM,DGXNsKTcBhPVueBm6oZKk
ilESegmdZ874Z1CpIO5NV,z8QivRIvwTy2Z2pBW9HeM
ROGH_fdfZMlXQEyoVIEuI,3J-JXq3v1SCq3fz1RA2mb
UXjUvjL9a3aNaYEygnOHd,M1x117d5dbqOXObstYxXd
EXlho0V4vJp0KkRrgrzZ3,xsogIwcCE90h18Xwf2mam
-3FaPC-6LK-jxnxmKWD6h,y0qSdl0DgOlve9Dtvbu3E
6XdXwKYSss7g-e2dABHpn,1BYuueZXPL9bqI99-9-lL
HMbd6yHTvTxu6pDoE0FAV,KSOOvDkd2FSoNeczW-Tll
xKfoRUq3xCGayuP2XsCHy,rMc7syFcClgANeD0_ftJZ
Kj551ONNOejWf3930g0BG,myF2-aHVNoXjw7b72djaX
uy6IELUNY9jLxQdOTlGD1,hUU9zs6g7VpT4YDAZyCYl
Vk0wpMP6DasL350ixzK1z,W29Z3NpBGh-5DeKnUbLLI
Lwq1vERkAr_4MvBvCagz2,_r30Dew9fCqqFvFlgJbqC
xQDs8U0jCx6Jy2SNd6SKm,TJ4e-ECdNH1OUT7j2-zgZ
6-tT-vgG0EYSm8PqfOA7f,tGW25UTh3YNEXCy87C93y
IcJCVG729jz4zXa66kJal,EsgVQl7grhlGHk9Vn8Vce
5kWMdOjO9tiRYSF3FXjf2,CUxXRDtmLna6gL6StImsR
_HK87VqabRKvlgqT8-6jW,Vyg1FtzgT8QsvGMGTDlBW
amGxjEVW56HBaZzarmyqm,zPHXJIsXmgYVvZKoAB0yY
Q7KDhYrr6S2CBx3C37z11,ELHnqjMpGvrflRXS4N-ex
MJ243pExpzAJzfyf5lD43,wMIiiJtbnLPCqdGnfGVpm
oi_yqReOND3iZGNJOnnSv,H18GcSahxNKr6ic2h3A0O
BfuJkKOA-h6u4aXnJzzqj,rb4TkE4YMLWsuSqMbc1sR
xv1gZ3l433jRbmSQoF7LI,FhE4Z7gpDHJIPfLl_NpR3
qMZbrmrWk9tJCwosuAaUc,QpPy-Q37UKygsn2B_elyw
A8nLnW2ynrdNmLCE_o0QS,7t6Qiut_oq_hXFCkFCaPw
txpgJbKfn-RXiC8uJ9HKh,1uJynGsD7tnozmH3n0bLD
3eEL_u8jErLhjkB91HwzR,tAzkgjfhdXCGKzZewtmnS
d9Z5p2wQVH685v7jcQJgJ,9U6HvdMCIEHCiDGA2Qo_P
ZksQoNyg4Ad0Q136NR8qN,CQq1L7h8R_B87AqyWJkXA
dTDptemyvDstmjPXJZtxb,479vMzowYWDnVcuqzItrv
5cFUD-QfnhXVHImQRqSw6,uI46xtSKW5Ov-LaBjU7c3
rgDATyvj58cg2XJc2U2Oz,o8hpFfK8YD9-A4UzOY9Q-
3edKlig-2P_ExIzhUVJOm,r_lui5zk9yrMdR86M740J
NrvKWAK4ZAuBoTPg2FmJz,KBPU2O6Fp2q7YCx4PvVli
9A2MGewGSfmi_EWpvNlUQ,udUFNhOV9YG3xPAxpOuQs
7BF4nFOZigEA0TI3C7wN-,z8nZ933XWEmU1iE1Kq3rg
ZfEE1ghIDPaI2FHAQH5gD,nnnZVL-Evb_AFG02D2Gfr
1s0ONcciUzEu9rtzkNUE7,0d_N2zMzX3J5vEVTlOaKQ
zqwQo7unxbPjw-Ym8uMDd,iD2IZjWLbdOfKvAR6JZAs
dmyq0fK58rlMww4Aqdn5E,IafuAT_NU0q73t4VSBPSa
WWi_PZcVfFvffoVQqsTT8,uSBta8BLHgFjT3RN_8EeK
tt8udvsidoAs1TxwWktxF,aO-UlFMor2qQGin04YOYt
OIaYoFc-Z_ZWqdZCJFQQT,juPL0or4N-G0yJfDG3hm3
8bLeZZgNKtc4IO3EONpx5,eD1SKSErETaez5z1vYG4F
drgYWnXYLM8fJNwQxCx_9,IvipWDCnL5YojTtMXeNP_
NKZjEK4GS2AWIC2bsgkOp,becm3Dr3Fy-23jf2LAwZR
dQI-k-Nz9lI-KOpYO_mOX,3fG_Gtg0rEl9-ZPWP8Huk
EPBBh6M_KGJKAsecyx0sY,Z0juyB1XBrYU7HVyV1fWp
pHn-DScDePKRm9mkUKqIr,RNQnh9qdtbnn2zFdWEg91
FoybKd9DD7kTHrzayOzI9,AQ4cSvMe20BCcBMGimH43
SgN2-cbKg2BRr9csVJpw7,D2wfyU1YcefiS6_Hvya5b
RZzbV_w40f4Rom8Gl6PMy,8iG4X7Sioyrb8kE_W_MAG
qHU04oITKSr1Ln8bj8R4M,YOiSsH6-gQlLYRWt_7VkW
-DI1Sx8hfsWxGJlYCK2iu,_IAJA7Iuz9ePbLX61kee2
k9MpKa-Km72iaWqWjrWeZ,NXo77NgAItNI-QmhHlL2P
bMrLYxSVJLDnYEW_opUvs,MK1hFW8X_KN1kjm34aky9
nCIf9Tebyf71VnzEZ-bM8,93q3mAopUwYPR6a_ENeJV
0UMZoXvUiqA4X3t_ZNh74,9fYcUvT-O36EzbQwZ3kaD
B-ATiQXtc0JSQQ831AquN,pyS8Acx-ofJ9QN-GoHNPZ
DnJPX4Avin9GBJDqRd9fD,TQgsivH-y5zNdAaQZFurr
YU77pS92oNWwS_8wfEyGk,dav_3Bs8Tpqq1Sk-bl7X1
U4vbsE3SjzzPHIctrv58I,lG2JYgtNa1RnrCX5jGlic
krg4DEzzAeHgAly2--ZSq,Sop3zx-MuKP12gD1qT53R
HLLEGueVb5GusgLfyyASc,5IziKBiEGZqDi8jh1XhrV
mPOIzhprpEx8NzuSC9cHf,_k7OonET-K-phrv8UWds_
HWVtIn-wR_mIzxTVc3q3u,X0_EdclMuRMyQ3sObPZ4J
42elh3HzwvZZaFF4MLhsB,VPr18FCaC3dSwkM1n0QRs
go59wS0WbLdwXf5pCOKy4,BtQsFcog-F0ThPmQUHT7-
K4DU3UHcMZx1-kAstFARw,tLL_m805zf6iNunlCLRLD
WvWU4sKDvfYXGpk68C38i,628kJLmaTce36qLUHG83L
JKAA5F3AqwZ5StLp0Hs_t,Sh1rWvi4WAT_5T9Bfqjyt
MncaiI8dcUb3OwG6I75_F,5rwZEGf_uf68xtBGGR2TV
2hqZBxlsCP3OLo1dqdjD0,bXcz-E9knFDba6Nyrs2s_
Qk9hnIZu4ELglcFpzcvWy,XM8hAcGh_9Dc5wPqUJYpC
f53gGRkcw7pqSu2OhCykx,swfGNoUXbn9JSNOnTlUwX
CDSoOoRU_ZYB4-cC8YnED,Dsg-btmBKGGCWYXByWlzl
gT54HhI94AqHykAt1ubCQ,g-bjyuRg5Kp32hIixLwX1
ru_4AuVMQc1BkJnfx3HnP,4w7M9ls-kdmeSnNAqfYGK
Yl7k4EwyXq8CtjDxMXOnD,oajCrFBWjx_ZNfG4NwIxv
MRy099RKptRRitXunw4-o,yeBmqWXbPSpvekkLZ7lU2
FvlX0kDMG1Siq5450X_M3,Xe1XXZ-uRyw2vhn0xn4B6
_Yl77oFcPdR_Y259Q5Dl6,vBqWgnM53XtEydu5Izcpk
CKI2J9QhS6Mvm2oJ5aBbq,pSU2EHYhGYuCaiDVa0VGR
Do2HAJ6Col-CBs8OdxX19,_T-V8kFZucCzlZceLGgFt
VB3sUauJGKpt_TF6H8HpT,FTpQ_3Eyt6zVa2JA0d1tX
hFRAgbKeZdN1CHR7m1Be5,kYwxQ9AmHLTKsOTBrxatr
3Xn-sDAKjgxJdgvNAI61u,ZIu3oIas9cZf-gjBHLBUr
CwPs6sEpzB8p_nj1NtY0B,H0Gcw4jx8uKf4Kniz9r-6
BmxAB2SJYloEJAo0wWfBM,UAVYHR7puYhKUjPPRsb3B
JfJNeYDS5Hyfur0y9BUVQ,rMJ3Jrv4t8P3U4KqDMJus
2EXAid7uOcYDcwRGfyVdm,a4w0YR7Wwh0mtlo-mSZL7
Kko9CEOGFHQP4uD_U5NdA,BiB8GTXVUlup71mOPiytD
TU7kMMaTFPMhzYSuentKN,T7c_xxNtvHuxdOmhtKMNj
KTt03NrdE85Z9KNKIKY0g,48rz0mt9-Pnkj9ucg23QA
JVvrw69ndbAbt4O9y1BUA,hCWxmK9JR-XnF6cx_SFOA
p6-sujOJYex-As4Vf4-jj,_hNSAjUper1UgxOPj3hTp
694ZvzpBKURhcC8fuTiXs,jZ_MJ-Vo_7UpbQRniiDbB
0ifaETppvSANHBZzyRqcg,W_gusZX_GfgGdFyRW5msQ
m16GtM2XhN0MgRbGzZpuU,z4u6POGp6TP_FDGIR6T5n
EU3YuVHMHdadxsVmtA9RV,FkObmiiX1zcS4Y9awjmEn
C4yuv01fUmoyfmWjl9ic1,091z_QXY0MA0byn87upe6
0wD-zyFMvYgJqbSEP6z3Q,Ozy1wmfKZKl97ALNKdI5-
KxcyIEnHCVoXJHRH_8PqC,W6J00fmCVdU0PiT97rIT9
jFZbTlyuNFv3KEv1UXDYf,9pKwB0Z2GLS9fVi6nzzpB
dqLm2NRlmharGS4nZ_ruu,Y3HGqwHAXwbHqxOYqYgxp
BDIkrvKY1mEtZu9W9Ifay,SLjG2s7PfSGZ3qelwauje
IdaCFjVFSNtKnVKZmWi64,qHrcwmVdjpNi8XKO6mYLh
YTcTC4K5-5-76xnqtUIfe,7Ish2klz812hqCCgFc6I8
EszwswPKIZqV9hrl_gZZQ,JmGOY_GUP4nhF1GefjIM6
OiTUKYvvb6o1htgpiH8c3,izZmUpJ-7udzUq0QPx1JC
kYsZlhr3jbUvVlIvQxIvj,pl8SbblL5DqhHzmFOqh-1
st0xx7u5cKLvQuLe0wPaP,f28lW497HbQOcQyGniVIt
aheyRJrzufOgEQu-ECGww,_lhigpFUoAdNBr4KEUx2T
0bCTfb8rfB7Dnk4lPVJhV,mxxBdvpfTlhyTIYH_pcwH
AKH9-NJARQuPeiV8huHDE,Q3nashRtp0lX64VUunlnb
pcFEAaqRDw2u6FXSyxc3_,NsjbV5qpV0pCt-Qz1Q0VO
QMOs-Ke5uf9Wo9lsQZMym,U96c7_DoKuuetrKI9qt_E
b0ZYSZu3ByOkEFuiXZLYH,9y9-GBc__pZaHEPvXtD-Q
ofvLSMIjzJMXhgKxsHvb2,hXwkMwvZLcxhHEPD3ukTU
qiK3c04kPlabXxv-LxfXW,9lOcxpowLca41fooKcj0w
ipn8LMSBJ6xw26pUnAEoF,QKpsX1ATdoc__DEnQ7anL
gutKV7gzeBVNXkGMXc_WR,OUUjq97s0AnnMdf6O2Log
P9euo6E9y8H34qz0gWArj,kR86VKBUPcY4KNBsEph1h
6UCdGhJJ7zLDqdJwjMwc5,5Y3m1j0QTBlG_kEXJj5vX
UqwtaYM3hEs2bYa0T2v3L,UsuBaD8y5g3qIx47j2rdx
ixhh-cWlCtviiCBZSaUO1,ST44pdq1ifBTbY-Krs5bm
SzqGLSOv2lY0CjALuUhfK,IQJul_sSavYM8VW4ET9HZ
WhNeJrPacM2Gn9jHKMnMX,nqbUKnsWPlxV3WW_Vwueu
5X5t_jbwwLV_CPHVwbDuE,qIJwqJiix4DVSSZkpZxLr
_gtJtMUSNRNgHsqSjjFwL,U8ipc4LPBkke9_0QTTH7l
5GWslOitRPueBNfnPvQSJ,e5sSaNLNX0-uR3TwSaBxh
S2z7B3k4LFDUrw2CrimKv,mG873ZgiI1E50McZYNt-7
WgRR5WIwnBh3a6nNZ2Fgm,xGngVQoAiRCJ8YPvrqSCs
PR5dPQQ4QHsebGG0Fn6N9,VrTLFKS9cbC_O86PCIpjx
BiaoNE1JReuWsQ-DcmXe9,5jaMUN__Gt_JQ5GXKWhW3
bQR7sruma8t0maxPqyuPy,oEtcsbTIBjXJCRAkB675t
4fz1d-wYeql4ylDhGw0Zn,EDHX6cM4g0rSO6hkqCJx0
0vcNP0P-Jk4W_a4FOOoXu,2__xWA_TROfaxORm1N4Kw
gSCrBxvQHZuzJ6pXuS4VX,bt1GppEXnsfIsPYZQXGNs
4p3-UZwDGXY2G9ZAnW-Ov,BwP3xd7T1h9gJz15UwIaX
Q4Gv-tylt3IgO692t9ZT_,GcMUkZdpBTM-ugsqCkSa9
cQMHnszu1IKpwkXG0hE2O,vFF8KfJdPO2rE9HicoCtW
YC1TpAONsX-fVS0H4EZ3g,yHlxtHQ-MmT3GQ0BL_mQJ
OFogC3pxrOrsvxoRHmrmk,AilI7tOQIs1JzkSm8tOT5
vyemBgU5X6RLC9mGyHHC3,TqjloqevHsWYq53KD-bOm
eZbthKFhChDAsEz8W6Wif,Xf6CPqxPpjA0O3tmOlzql
BGk1K6SNKv8nDI81Ii040,qDwut9oTnIWlQ7JZ_7Lty
jALB4e5VKVQYhLGoYEgN4,7SoKnG5BGYlhlbQWh7eBT
JxjfAlVO8A3F07w_AjkYz,AXPrDralb-_ZnwLehbHMc
QQEsvAu-X_4PCf-0WMXst,elVheCwbtK4xMRzYyzUY6
EpPy-9cmJpUI_cYnoV2P1,2HHpdJ_Cjpi4t1hMIx7nB
_yDaJQ-S3sZEY6XV7uAYD,Qtt4lGs0L0ADhAHg4CemY
9lcY_RTyr8-P39FEfI9Ak,ucD2jlxqEyNHbgnlkha5d
xUe0qOHpU94nOn6QozQtV,ymL4w5hpyWXCBgPVJi9-B
nqWnfkdMLdYUniFaFlt7x,3Yq3_dZ8EaIPg5ln_JBo2
QbSomYHmhQd-tVj6kJg1p,5zwWWhGqioAxOeUtOAnVF
-elt6Z65HsSnF3wUUlOF7,nI5p69Shi-3JtoctNoqcX
2vK1hLaLk5fFsZBbQso78,EmVk_CRk1E3TRX6n136Ya
QJvXSlsd79qlnib5GiTJ8,GFnZpF74xULsxYNKbspd-
vURbuV8QSnL7EtXhpAbKP,3Q2y2nJYAFmIsFWiuljw3
N9BoBko5pfLrrkfIOClo-,r7Z9RdM5QN_tCE1v9CU31
6CbkvelRFeGTzgY3FaUJ7,HAxVVO-KhQIIP67FcX0_q
6GOYMpq0TfHR9e4fLowWV,NxXSxVx9op09jfePOS83Z
l4MIT8U5PzJ1mjlsjd79T,d_EMDMltwfeOhHbPTFOP_
fkP-KfLpQJQH8iFhe8VGk,Oqx9ErYH-9XHAbZdFqj3H
FRtY4WmV9slnBqvLD9wPf,8TVWP-1FgOzSNWz5KfxwL
Gc_u3h6YrXynuVpbpwp9y,7DxGPPZGl4aa92dv8lBlU
FdjmpDBQ0atkzAbRbGo6D,tR7z06F_niWNGDr_tzUqD
YsISuWSqJtr8WdrWIRif6,bdLouyKCazlgE3XwCxQXs
46kXaWryrTP1v3OkOs_e5,CGjrY2pwxFA0iy3B93_J5
Wt7FNDxDqCB279TyK1R-7,G9G2Vg2aw2x3GO5V81-gO
p6-HsZAvFQZ5LFcWV400V,bdXANwY6RPmyK4f47IR90
p5C9K_0ANULePfVeeotDY,6iDmYbZ_CHA55Svu2C3ZO
hMtLvTyS5WBuZV8DGNQtc,XXjX_oKLOWrNEcSz5bOwm
pYudhQYFYlrYU_h_s6ebV,yvOBg4U0-j6DqqOxLxM73
g-Y403_gSsgIaRH8tbCpq,SzUhcyG7UMgtEpsscyxIX
N0m7SkZUyaXg0yjd0zUNr,OazGtseWz5W_Dohtp5_4W
Fnr6bKzDL7bqznXSR4Xo9,vBCwF_FoBSECy09Td3AVW
iql4aCGOX8iRftNnfW3J-,QMJQ51T0QMbA-GbqH4I0X
osxADv24SL65_qo8oNsks,-bNvH0M86QcF3G0-9Gb-1
1KVWeStXiBOqffRFMBba3,XOEqrwtU6dWbxugT0bVYQ
b7vn-xRou1LfhCddYP6KD,cRgLGDEsMKVUwnilpPOof
FIXWaOfr8vj6LQrdSUeu7,q0hiaFikaSSwaElXD5vBj
0G3KeR1Dh2pKeN3adMFTD,DaUwaB1WIqcfjm6eBskUk
S-HbT25ka8rexuHJQuaWD,MgHFf08L9XTapRWyCCwzg
LQbXI0l2QJfr4IYl8oeWd,gY0dijYJA-F3AKU3TgPx2
1ELrA1Z6yJKE8UQD8LrN0,j2nediTCKd9uvBUhPy4nB
LxH_T4LFivRk6WszZGHQy,XkF0mdv2KkkcfDqjFZ5MG
RaiLFxXWCHAOL-XoUSc9Z,WQicCFx8KZRdEBPbXtq6o
QAZEDGMpVB50dGVD_fZ81,gENaTY3F6QsIg3VBb9Nyl
GFq-_1d-dujgVBF_4Bpc6,-IdJKIIaVoz7uuNgoJrwv
7G4XO6FCC5ALqi5gSb-3t,qXd4StJjS0FKRHv92rtEB
P251pDX099aBSG6pNJI4o,N0RPd4OsvcHWs6hwb2KT8
656AJ3Ycj_gdRNNScuRxl,JegL1hsOKgRiWUFmPiySU
NbO-1oELM4jfyfNNJfJOr,f7LVIxIb0HzWMBBixwSAp
nUs8RgJ-DrU6jggED8k2p,vVJ5AlbDdmUwYOwmVmatN
CiyAs5SubdMpfMJp5fNTI,n50c9jRgfcua-3jT1McSv
bP9l2XHr6dAfmmA4sVtI7,x-tBgPST6m1kjRNcQnGW1
XYKm9Jo9K3EVpv4rgklSB,EbkvdXlA4khsOLFfXiDN0
cMoAC4if-F5sOn65v-rSh,BkgttpbaoWvVl2vGkAhDx
8xYmfpcxT3pMdyAHpEPG2,LcQi5s5wRseeM4NhizOzs
-JyQVxkIn6Lvk6W_xIuNN,9sB6dipg4Qo0H_OaliN4y
RKESNFr7de1a1eGKEJx6l,g-TEA5yrz0ZiG1D97sOJf
nM3MAzkuLnG9vNwysaZ1k,Ad56H4XshSTP3Bv2gDwE0
9NjcT4px9YS0XqMs8mBd9,qQgdgXDMTpO_5jzyxURcC
F15K_M-LLXsstByQ6iZfz,DHWceTNUHn2FHEIKgbcXC
I6odjEhz4D-c4UZaXCSjj,OPzYoqiq-tpt1GTSzreNS
kmjGQL5--6YMRBMnzhB3F,jOmvrLKB1f9F1j0kdjHV0
QP1mg4fLu3kF7xSQWeu-V,jweT65CZBIM7T_H0z8a-V
PBmyUPcnLK0LnYxmaEULQ,8JTBQx_-8TZKs-hXQEeL4
zHjpOjaDv04LtVkzKG5d6,fPyFcI0IKpQJudTs4tTs4
w9i8EjD0514r2dn94Nsjz,2l3Zhebi7V1GSgN51kcP-
HlR0UKHwhdoJsPkscGv2C,Z5GLS1Nn1rHUoOsYARMPC
9AX6I-FnJR4jQ4Dr-b2Yd,G0Bse1oltJqGh8_dtwK2m
xfo3oKJ4W_IdCwpKYuIlH,oLvPWnDWMkgn4fCkM5AMo
dTWxzr3mZ8cxTE2mGypOh,M2Wn1M9mCEGHQ4bJRTazk
dgR-HIc6JLwEEEiqAY8UD,qQfhGox5c84awBag-cklF
voWcCtO9qH4l-VszWuixW,8Rl45FL9CnztmSE9YKRXT
1BPBnKXesXGLe_oRpLMGb,WXo2nQDqg2TwMcDyTPyey
Fxjnj0Xq5E6yWePsCvRPu,rF9Ya2FN6IPpIgLpvzYXL
zUHIzXsMzq8-ETwqEl2kb,D1zl8qjhIrUPk6MVi72-F
9LI5A3TxHAko7IVO3y1WP,WxUK2Tw58egb3w49_QORb
t5rLggkpiTkQ1i5T7No4E,BBkNygQy_Owwq5ersQrsy
sdIiDR7S0FyI0QophXXEp,j718xZfKHFUBA7jtA6zb0
j0lQ_Q5ZhnfkcPouRcanM,whttLUf_kpUiSitcWI3ye
xGq8VMwH8wX6yVZutkVuA,g6IS__F-XbolxeGa-6KGX
S-Wyv-HuRrpmEZM1D-MF8,_im5d-GcHQvNwpLovkJ9E
_w83BJhG1Aim0q-GGuoiW,XLmg_ZY1WPZuEj9wcBZfc
7HakxgIX1-qP6ckOkkNgJ,h8qayQtaOCove4XvdFNwV
-2juPrgE_CH51v7od3yqV,lG_EqNH_-ZdhRMU26MNwf
nz9kC_27XBwfkRAmY99-0,T39_bAJVSscs5yodjZqIY
-r_NW-Y8CE72HYHF1-oQf,TjX48JskUoZkyDwbDVicc
H7Ma0vjf_lKCZd1kMi-D7,tTSdchl2TDaUgfzhxe1Td
Oy_0Ysqy66MT1LtHV_N-T,kK5OZ7E61sAFmLX7h1eo6
4q2uhOdrwsBvtAf9aU_ik,0RXlLcg4btuZotSA_MTFP
jehHh4Uy5aW08v6LZgsVP,gMOgvyWhjP48FxlxiLggB
-VPyWhDqsnHWBgC0cGyPP,e-V0i1CLYbsShVI3157D8
Go9MvTS6GfTsEt_vhzHvm,nQLKWTsu1qbDqEZ-U09hA
q_MH7SRBUXaBhGGil9fM0,bxne5pY70jT_m44CMJb0N
5OH6XGKOdeFRrQjNpfr5n,YqjQaf2v-d7eEOhFJG0Ag
CTDBSGWzw8tdnDJeFI8kE,qAr9aWwLStJZuKE83RTjO
qK0ygIXGkdM_6dKQb5enR,eOjQEHRCrC5kUjxVKQ9SZ
vrg4M3ekzHqjRuUxjQN-R,lErTBa1P5Wx6fVjJ3tmQ4
nTncISSMpg-DQADgCmybY,rs_uVeec-uueGh0Zwt_8o
ZaA_CXM_6Pdzz1VJQKHmw,znYQeZjIIxEvxDxGDTlGz
yxiFnu1BiDm5bJTBJuVjk,KXhYClwG5X52dgWD3K19t
TZ1113zWCaZOz9Kj9nQlr,xTz_IPf91Ugu8jKoh6FVt
0cttzvSfcKsew3CFrJT7c,5a7a4_wK7T-MhSWIFvyVe
LyIX9309G5YS6EjhZiJWD,Pc6FVxMjV8KuL7xjpkBWr
JwyNaNRUnWf7-kvvocah8,13qVJwh1NYH_WXhezQKpV
yndHYFE3oWsjivlD9nPKU,QFGFkfwFqa6Yhy-rns3Rn
9br61L7qA-bLSIYqHHeOp,3EOPzX3dDtlkVF3QPAakD
x73DfOfZFyhUe11upL8WG,lc5SrIauLMk8O0UK_AWVj
J3OJVrxk0QeXk-ZA7Von_,gFXSO6Qqfg_itXIFL446X
-GNPZtVqB8CcP6_heTTnl,WoTUCsJTviNa86YEZiKiL
IA53shAMONJN4pE2RSTEJ,uiUoL8cCu4o4XxySAMuhj
g0vGuS8-wTWcBI0wwzUOi,8JRlf6NYeVKLsgLtQarTI
nuaqrovjQxm5O9HRAeWO2,exY1OjFFvot3EikITehbX
-oDOj9FHe27-qasaVbvLk,mEFvM7lJnAkcoNMOYne2v
UujMcfJ9K6XerbPOcixUD,z0dEW2rIyjTw1aP_zcQE5
9iaBA1C77gbVBiw7ZDK-v,91FIDbmQsWsW8XzKuVbPZ
DVwZcN2GJAegVkg1nyK2S,kdpRjfuIzulr4XqzFYf-9
-hbRfREoPVvSxnG-HU6uu,FBsT3qW-47JbctFKowamt
s9KcTGXkHpn3kcZk7QOCa,ullvL9-66tU8kRytmbK_0
w6gytAjKSvLX5a3qiprhV,bqRNPQE6KrrMJ7B8v8AIG
jXUoKf3uxDRlNoK_2lcOF,iPBrweDV60muXXawBjTdP
4qMzRuLvBfJAy6AIORMHa,7po0AomSLl-KJEOHHmR9E
B4hzZ0kYh_gsU0Vzi5MMs,dgPA4Wbcrvt9mEom2h0_S
L96Batg7yRpgx8XjN0iIP,mgSic1vXVpNr0FSdCUlm1
ji0LD_h0s-URvetmNj2Ue,davMMEs596fSZdp0-31d9
i2AhnLJBngOhrV2S7z4zG,FhqdA0O_XCsiF28pmLHrO
G9C2hgmDiaNnJD50JATMi,iTvV_0Cv9zeqvJJdzA515
a1TVEAzCp5riWl-XhAxxm,KtSPtZC8D1KmSS64_hbCZ
LvWwp1S0fAcANVNyUvXPS,jqV95NjeD0fymYPMiBuZ3
gr2tw2K1UKxMtojZBi1Kc,ueqdwTnonCmXPXbdlZZAE
Ra5WoQuO3uDE3kj348jfi,gddo9yyLJu8vgjPy2fr8o
jH4bFd0zIZCHHv25zFFtW,pjsszm_3YXtjh42GX19r9
ocAcc0ajXsUeO0t27WkPi,go3zfry2ojvbGoD0gqo72
TbbZU42jvxVLxKlZuNXGz,Uf7rOMgUD70Tn51HDmNmy
jJoIT17byCRtrAWLZEAzF,e6fhv3BDAlPtePIAmZ7WK
fSyNefbAqc-bSbHfyJaJV,kv2gWblSMK8VaYA6rkLsx
w1kDa497X_vxzITbWGV3t,CztYiJhVvFbKflttkA6Ul
gzxs2XKrGrCwGfSTC1X4N,EjVGicUHRqfbDHssiE2NO
wvAZo615pIuIl9aaook79,-tO6MKazticDwopdeg0xc
U8GwGVrH89kvyucC0lXC4,b0OdPmTiXnv4dAu-sTiiR
0qgnE8vqCmxAzpz2tEj9u,MWCoF5ZuUEzwX-gDpFyEl
aAYefMkOFIqnFEXshSplp,WnRqP8pl3hDendq6zsLiV
T01wCOrnebVYWKPevDOiQ,Hhzn374XJIZEtb4xOlnOB
q7uZWS8MuqFTGRz19eKRW,XRAe6JFoEHzVpUDTLDEu_
87i7s90Px5ThM81WX7Jx8,hQYvPcgMqxSxJH0FbqPR2
uo_mum_mFv2hQvPgfgMBF,ddDZjRPaOnhMuu0Dbdqny
h8pHfbkIo9MsqoBnGevu3,VRh8KYIeHW0Vu4_HgM2sW
GPNDRHCYrkCG-R-oWo2yV,-4vppgUG-15qO08Q3RebI
cfZwWhKwxmbF4bcxDgKbp,b_CeAtoGXQoJ3Agk-vOgX
AHQ4yGE0RBTk_iSIG0Alh,808ctEL6g_mrmKdgVbRQK
-iAZqC-ryTuvtg6_fFVym,M08GArNYwrEY6PglJ3ahV
PfconNe6B_vKYvmkXW19T,eg-8_93CIMLF8cHc97IZl
wo_NrLq3kcHNjLU3NEtpQ,J5PmHuGsrx_mRmDFFxGQz
IHENY_KHbnUSKv6KoivLj,x6qpc4lZtdT7wq18MKUSi
Zr612sae9aPE6T50lVPgK,xnhAxC-Gx9vKcMiH34kW0
LnmdoAWq3mQi-4XzNtfW7,OifTf0gOC2EGcztxyz6zb
tudTe5JaTcgKvnt1EqNIk,6izO6owitI0dxWnvvUueU
n_VbhDEGFqDtogm2F9eTr,81Xr5qbfXpvo72BIVKyUb
T9DEgWm_p6gp-1LmLJ4Fs,01cqb_KdoFx1bjEA2RR9d
SIA8enbXSEGjoDT8szVXl,RHXPKlYdiSQmi_8dMnLG5
9q6bPQi6GmybkytamUmK4,cr8bX3vIfyMw9_2pszIrY
kgCT3iv4PNt1nDvPoDMf0,IhHB9EtEkBXRbboylkhTx
iUEf5dZQAvE-tc7_8jcW-,7FPK9eNCk_37a9rqs7VxW
5tfY_q2ueWAeUl5pFCPwF,ZP0D4LbdKOBCEs7HH2oQ2
ObkXyHdFc3HQ-ofBBGkem,2t5Qj-KJ3FMUOvYU7nhFS
ACdton25UmWf05hsqxkJC,eV1LoJV4_yYe3-oybSAlP
spzCnfIPYNOmpogV8V_mQ,7NmwqJNCxBOTtsWDrNKbV
30P4LQQWIb2882T-nO1Nk,yTTtBdOMxjFvTj-waVzSL
MJ7YDU3iRjbIn61b8eWLC,ewspsyQVWQJrc3p5k98hw
Bh6Q22Oc7TZmHX9Qys8iD,WyUb5djcjyPnlfsUzxNJB
AXbtn25h_LYiuYoZFLMO0,vMlFyi5wUPH_GD3-qSAzM
fYZsByFyYCStJm193QlVR,mJoggq3dOcZC7v1Hcf_ba
U_VjacO9ht0dkfuaMMkML,WPI-_tRpsfxB9yQrYnHTa
Z7JIxoUgI2Lw5ZW5EIUHt,O9Jtt-Etmj2RldGlHPtNn
3B3trte5uBiB68umfBtA0,rG3ElLz6Hx3V8V0KrdjKb
fBESEUz9ylLsKn2tylu7-,9T3TMCacGjhc2Sp2dCzTN
B1iw2ymMlsdYRG1-7jHMJ,GofpqjnZ-6AScqU8Ei_vv
n36haqJmg_wz6GUklvy1J,xXwjrETBBZkVlpLMDxErm
9Vawdrh2I5rcb0m7jNBpE,SW8O-tq3FaAn0rHA5lroR
OcoUN722PxMKP2AgmettW,tEVLgg5yVbdgNeIXzEtnT
7yGKgs5MOBy4FOkepkm4t,aFAVwKivob0-zMXSEZcUF
xRM9yJthz1jZTMRV_IUhc,ZLeSWU5DeMaxY4ikoMGXT
GXSjHpqyq23NWKyVt20Vd,L2_1KePYdrao7K0NmiDk4
pSx2--HabU1T8UneSFcZT,PJprMWr5bwGbReoExRA4b
V6_cNmqULgL6uoMoDNRcl,aJhSd9GvbIBUXcCihNkFm
9-pyhGCPRcCD2V8FAXWgk,5XfunC0W-NkAGYw2sgEkn
2vjwj1PMrpK5-xhQfXzVZ,n9DDAUHNgMKsddIw68Cjl
OvyGQcenKiDtXO5lDEkwc,x7KCf8K0zF6lAxcu22SVM
MW3t2TUb3a4v7HMwnBSO7,7Ta7eCnXpRrfz8r6sUE-S
y7SYCzITDbLBHDlsu7FOm,FevEvFbnQHpSiHc7SGCjQ
7nIrwCqObKDI6tJUYmVY8,R7jOnnxu6iQUsSmzbkE0S
GkdGH9J9Ee_UUg1KA1PYH,iEzbSgc8Lj7fYRPP8jeTl
9AWsM2BPwpD-BT5E9Ua36,2jgtzgMDtQ88cjRyqTYCx
PF763XoYJnYVTDNP0eCrp,U55joFa5BGQ-IGFCxrclZ
mw_ZtV8KbirGxcRJhJwqu,97YsqLOp3XJiO3M7fzOO-
TumpWKaO49QK6NGqLNLtZ,Jn331WOiHrKi4pOJuB6ex
6XBBnsT1_zWftKmd_pgv9,SmVhfnf6jhXvH9KNvaLvM
Rdn-UUQ56gb2SLt2hSG0H,4sGwkWkIVClIObDWLLWka
CLI8h7m9MLQOQ3JHFV3WL,Ezg2VTs1r70l56wMvBU5E
unAmI5YFZZbcaKPe6pUr8,FBldkQJS97j3b6xQwqSr5
oj5wFzfPVOWvxxqai4onj,VZeaclDid0Tcb_4-MeTml
4XtB0IJqBKGatsh2gq9Yv,HlreXhLMCeO7pygO2VYUf
PUEtX7rNguNYzddd9TVHk,FDJt7DIc7twu3zprtld5a
GJN1lYi-b4Jtp9RfF24R_,Jb6Srs49cOPoYQRhppIHK
9ypoVpoyW4Y3_sDGpJsrV,QZJnwboqz__QU7HE3R_cQ
_8X_3V9SX19StE367WGsO,Km20Sa4LF9StiDSjbV0pD
7LVhIoSMKh9FvUTynwiqr,JJNhS7-bwZaa9QGdGds1T
bZpZypjm_MIi4WAqL6QkS,jeN1cOY4M9QaRJiz5amy5
70H1-Xn4_RYz-DCD9PK3K,K-8wrC2_Oa6_ODxGTIZ2o
saWcVz_PRND1XaeAle8AK,84mcZ-5UYIIhtQ7D9Kaog
WZ8wtfxD-uVKE3SCenTNd,XuvdF5uGoGg4n74VG8Sbm
6wJZPR4ct32UERe_2_5fw,Soavb3nprVHbqPnWLD3zk
qHsfaeERIUiRUPaABPZPW,s91NL8HD71Wkax_bwq23i
kDX6U-BwZdmBDsQxfp0Xq,pJutnxZN3EEjPYsId2rgB
MzZh2akKJr9pofYwLi0Pr,WjwsW0pP0eVJhxyyOrAsf
4mpvTNkOif73OjoOPpR0j,sOanD6w2PfRxBEs03340N
njfPlP1HMsbTEUZv7HnWk,iHFQe1lefc1qfujeMVVcp
PX0tF971pwF5g7jYdjY_V,a1Mtpm-vsodWmkCI0I4j0
BnOm9K8VuCnNHKuPNJNVI,7GEGS-Yy-it4HhZYOTeTq
enfXLCvPf39hPjBXSPN6i,8fsTC8hIrE1GVgXrzEW7h
-bk7GgmGBpw-qJQI_NQW9,zjMA0b1Lj4g53VBkgp5ad
uf-e1tCEYosRaywwYoPj6,eyZPWeIA_68OKGL2UD7J8
DrxX9j45kOVJRVV75-P8e,fY-_yiClfrNG0JpjvrWB8
O47erzb4Iv0AYl-fftx6a,TOMTY3z3iLp9R9zGDUuNe
hdlHSQezq86bcdgn_RKn0,xQaKssdPwpKeRrlMN01IT
35kNxzeKz1o5UKWKVy8Ch,kIMoC_pTKw2aPo7ZMW4xy
zhQrCqeG9wG1ZXABeotaR,eG9JPpILtzSqdy24mht_G
fMnO4YQq773wIcbL3sAZ_,sR_EwgtQKG8GCRogEnODR
fs74HbUokxNfJHfi_h9Uk,A9tj9sqsQJxSPbri7ig3I
nAHbahV-8DTWPYXqLXkab,HtNOEiteNi6gHFqy9arcE
YPEqFfZoLqzXDzcg9F567,4GUPIulXu0DBHNPgaea-T
6kg00RIfBk5KO0dVaZID4,9jqANCEj1IdMRWK9EJjU9
yxTqGWOFgxnmYW1t7LmZp,73ksVwLcJHgfH0XMFl1T0
YtQd0-KrKbwpGTBOBGdRA,kywCQokgbJDQqhf0MmfOf
3EsDKL9Pu46FFZZ_p1CG8,xXEDJEqCZ1omhh3yVUx5Y
G4Mz0W3xqToC1HVjVfDf7,FbF8u7Lo-83b5cb5xmt-v
sHZ558MyQLkpSTpCQlgHy,fQZIxwrqN65Pb2Mu-U7Pb
V1dlnvVFJynaEtMA1t9jc,zXCvW1CL7XO5O9gnB99p_
oUp43VELcaVyCk9doHkxM,7wEkZYdXnuTfsmXQrYBcw
PV79dXBLB5B9JVCbnBa0y,6OmhV9jKRKZX2ZsPjElfl
eZleg4j9z-dKbhvHSGoX_,MM8jlL0J7wNxcrg0b0na6
D7p0I514BO_EFnGEvtAYY,FsCOmDxy_Uz3vaLmMfeYr
fdDcCK0uXX8xmKc_7RxnK,xsu94ImaFNFI34_CYrSgW
cGL4ofwi89--axwhWyNKt,bLisW-CqHbzsHqOOfAhBe
TL98Ez30pMJkiheB4ZVzu,OUnuHhgMDSXi3QMTlln-G
pxLjmAoSoZ-_5zJ1Bk7ne,ZXg38kqfCAN7ihhy-bz3e
-ovebLLft8e3F235uk-rr,r74n7VD0IGbxZKx1fPJA2
Ry-AFp5BYNkClxz_iL41c,KPtKUm_WXWEFXtfXfkiAL
xoPhuVwYIY09pQk95GDgn,BEy63EHwZ5FYGUbcC2TLT
yErFUQhbvYHCHlEmLe3D7,rwfQLFFHZtX2M8yiqJ3L-
MIf3aVWXnnnQNlaf989qj,PWEpGc_TFoBCiY1Txvoeu
qig2hAlWandUygx7s1eJG,wNFOVUt3qDW7pOYdmzgk_
THskUYTx1veE4oHCdeLc8,GRPzyg2LJw-deiRoBkLKZ
Wpf2KlgJeL8Kgez5KADrm,4dCaj8uPv7LCexBYOoJfC
8BInINy40Q4E03NiVpZxB,Ss4GnpAKtEA7z6_ktI8JF
Y6MB_CCA-CzG3GgQ3zQ1_,fKUuSnYfDVu1f98-fHvaG
u6PoPqlvulmfeCVmbH7Dk,NZjAwUOw1M8IP44z4JLau
lzB0x3GaGqTlVa3TLwFrC,DKb_2c_7cO_-DGhn9nGWL
jlZGqf7zFpZr5UTRsqHHs,3vNkwQaT9hym4gH5QVfCU
ZEOUEffVjO2De8-uY-ZBo,iNmfFeY3t1UcQhGS-hosI
XlSZgvKBmvS49rYe2omKA,GJQh7wJQDPXo6UFxqgmz4
gcCVfMkwzGo4M5q3JX8SV,yEr_zMlwIoCpvwd6hCqR3
8H-8rYoBGydGVoEEuVPA0,iNyH52KPbiF0J8HUVELCc
bLY3Fodc1b2_y-6bBe5Id,-7hIkLpbRAgrwI97Ig_dA
x7xd_edICkqbfo-MD6---,DDVj7iwhpR8GqV8wIh7bu
J0Mt_406o7pMVC1vBMPJ7,YACVCJWpqrmYmVjL7eD8x
sZJOYNJTD2x3tIi8eu0sv,g7YIB186Nd9R5f4qKFdxQ
3dnPUmK7uFNAGvxyA4iR3,pnRPKNAOFfBXiK5PLsByQ
x-EtfbLIkBrlNCuYY_ybG,Acyd88MGAcxhY9PJku5ul
rOU4LigcIK0HiMp9-3fra,D_oNvNy-fDHVHAWQktat0
cAeLAlUSwOuRcMYxMWLrS,cRpsEvguSrqRJ8NHtLNXW
2o41DjZDFtUUEfDNe4g9h,HsYEDYS7jIWjQ-APu1Q_C
cy3gK2txU2KQ9pwUibccN,WMkTBaorqI2n0fDt59JR5
Cnog9ozIZUjc9Nr6vSX6O,3xy-0hwl2pBthhkRUNP1R
IPhvw1CXlojWEqEItPysb,smXf40XE7dwccG1IBpqnW
MxcZA8KhdCPrSXjLQFEZb,DBiF-ldt4pHgGsFR27uJj
B2JdAs00A_lZLY8YomTri,IA1fxq7uphz95he-l7rqR
yW6bn6hOVq0Bskyb6hQU7,OcvJlnDT34G2TOm261rkC
8c_vsPsiSgC3AiU0XTqYP,duVyQGZDAxZx2R_58nC4m
4ZAS4ZQZCqVp-lTKaf_Kq,dKSAHdmM0BpwArb3-xBBW
IRYqxqa04o-ST6hxC2hxy,7X82kTHzEQIqABY0DlD2R
L4exKce4_u20eQU25YL4F,t9YPn9Cf10Bz_8ApYklh_
naZQ_GiE_hMivy6N93WIE,3gGZL1LrtpBjEFpsOSJm4
xs_ZWXBLredv8i3fF00sq,j3eeBFZNa3D5zt9pgx8hr
_wUg8GkhPmp2Lnf-h4eYv,sKTBBK9c5wqsqIY1VPCiq
7G6pxIrZFBJODrFJ54esD,d62wNcbsiYkUIwIU3jdVx
Od1SEX4RYAIbFWmP24I02,mwxSHfP7jZGXtHovtWoy4
ClozfvoWUg9783toyADWH,52wgk-_61VnjKa_60HQmb
kRBVnYrO_4G1LpVDDLPNE,3AeygVE3SWDC_J7ihSWwo
dcZAnk1EBowUYKeQ_n2wb,RPJaRFWwZpGKzqknw80u6
siBHMny7LQHTriU4ngNle,cCFTD4CGwmEi0eeACN6K8
All7LDsVAknt_grrJlGVD,IwXzRrsB7pM8TYdJnjJzg
RKjux1l7Q7ka23g84S2fc,fEEdPE7H3_geintmBsOAF
a2VFC-D4wNv76GvVb02H1,iguNokMdP8RpTUWGtRA_m
UoP9B9_G6u-eES9Tns8Bs,ME8zK4fCpcxbF7d7WNcnB
VixC3fNqOfBSjR1-WMK1W,lcUyiji6PWRE-uuPwKbec
WmYnKfoxBiKomTBWYVY-b,FjnVoDGQ9bk7RLejcGfA4
eBgxIGi7OeWJKVqI8Qw3v,TGB5vdLymGVbzoQvUTT6L
CwyjMf_Am2PYg1bKTOTHl,nRWO8xq4XH5jKZlpaLQlY
rrAbQwXiFFdgA2BjzAsE6,QFOxjGzJbfrf3-0hb7xUm
TM_nx8FKDekiK7wkW5VG3,6MIskO4UBFuSDnChLvtGG
-Kl2VWJ3N74WHursjIOaz,ikUxg3VzjuhBdNA1I2-Fq
zOOVh9wMdq4-MLpHSUO_1,s4Qg3serpzNfpmN4OsNoY
bAm7Y-WCBkDPvGnB3yF1W,mUN6Xa3RtdVGewcJ17JAx
MRsHHKJQqntCsZNnLBxBM,D9qkxC9cg-hUR0qEN07kk
7I0om1IRdHtSVD_ulz-WW,Rf1AxF--m4Y_3dyL-FJvL
m5z-V85qxkrnSNnaC6AgS,ULBN2XLQMWH0yZQpnUifT
DUOhS335IgayOzbxLI7os,Ko7nZpMMDdajhbCZcHY26
NaUDfoNNCPVIsN8wTDFBG,ul96Pe_FZ2JyiTXRcyX-1
XouCxOWClMmD9wkwj-jjl,hX-NJnXQ-4sjs8xFqISEx
knMhjSahDxszwL9VWF4_X,-iMmWjySmOnsJYAKIgbSy
QK12rGbNHWZYhBJxOaLI-,9Pwi3d-HATxz34I1a_wFx
T7a8tTr5Ql3n1JsyKgtBL,xtczM3C0LaDm6A5Lkftq2
aaWWIaKvfhmaV5GE39dCz,hzimVHON0mW3uignrJIf3
ZFnBZTOKZHNgKKzBT_7uf,kCM6BvxYSxX7gRKJN5r2O
rDsdfJ8FricdVfw85jFxh,3HmpbuoDW7X7oJLK9YMmf
rTUiNv9cHPsWN-QRqFP9t,BlDVoD81axK9rNKoGmOqC
9nYcVODK_D8lL5MKxbugu,WneaVaEEr12ab4BKXos3o
1JKlyMITLNgCYHu38pYM6,vw5Pb0xTMragpFsXO9UT3
xhW5VkgGlYF7Jugxf_G9I,Ua1PqjraK9Aeue2MQQSBB
RE7ipsRrHtSUW9qj6r0a-,rXq01XFxtlgJEpRgNGUYz
PF-GgSnpJxA16W07csA5p,ikbk1rJqGSxJ9zaPW1LoB
re9oStNX8fikWyjOw5xmk,uZawHwfAXGmnkbKKferGb
_lyG6ze0JstdYaRgUD0Qi,DZMV5Vd8vZEpCOwChGliZ
dbBhMSLMsysYQhoMe0zdu,sYoOdJ4Bjxz8pEqlvGfbb
evGzNiI2fC_PlMkkAtQ6k,cPbWNv3agXqc9_VmwgYyn
bm8HuSmMWb6H0qaNeMROn,Aa6xLzH9V-uESa6TG56KV
-myWqDJfKOXouIie114kn,O3V7h3yCDCRJIftIL9Iq-
5L3Othlbi-Aj8Y4931Wk1,PwQ3zcTDD6WAGAk7OYTjJ
779XtEgya3isX8AWxle2y,n1K8SyfzD4NVuKISmDsRM
RidgcerUFrGtodIaxNZkK,XgYJOBZrKA7_a2cpLpbdx
z9u8pNgeNmPeqdl8CtYpT,24NBVjxwpfgHadEgbipKI
fSNznppsf36xeFvdJI-DA,vZCtxEhKiZ-jikS7D3C8I
1ivqKGXfKX7ThSOE_NymA,bZ6oVtsyIGDoB0xHs2PnO
BUMW8Hm8elDtGoCoyVGJd,mwopyQFIr7-iXNp1OZjVx
5pLaF9IpYM8bDsRc5ySJc,Tjx5XJ2zXcLyhpN-J5_SD
7A_3MBVxqqYB-XyQhf6Qe,AxQKeLAjpxsMATz4OUjnv
k4pRzqANh2VvdF6ZEVb_C,MRXu7rAbvA6dFvFhA-eot
a_bpV71udZU12BGEfN0xz,PiVLdJwAJP2pLP6EXXu7T
2Xjsj8zOanBl2bq1ic2Ml,Ch84bqeAJ7wlia6QnXoT4
IsDKhfhcJkUQwOEMK_Cyh,nxp2U0YZlpIg93410Ig2y
Q6uIhGMnOJjiH9OPQETcC,pn9FC8ne2mogG-IXmRo5P
WktNH5UTRzJlJBwNcdqZQ,svCVm915OTlyZWXi7Jx4O
MtSTNIWltql9i5eUxSbP8,aUJUGnUxH1Jz9CiTmvM_h
sjM_cX4K5eEdGnDu9dH40,iMqW4caNeDDKojHJNnSUg
lf3rgJe7zJ8xZr7dqQ975,b3dUx_J8xwPU8IpzEQguR
trRrCc8OaeooOyx286bHX,LJYZDX-2QMK8X00AQtlNK
IE0wfkapTGfUoBQkllTLQ,4kFk4d_tmhdNWMPqrTeu3
FupgmOMZ8sYk_b15dUAda,wf-g7N3PIekEF52TItHOI
-Z9duziTm1Cp6KYqg8Ukh,JZwuaxsg0Xb22jK_M1JIF
-nNtKxVElvT5IvPVDyOuJ,WxGd85hzHdVWH9gmlA4T5
N0VbtdQkdB9VM5yRVSU3G,el64MoqfUAoUTzZPvW3U_
XceSskBA65TQNbmUa73-q,xMuscKYrfvYJTsaK-aqkS
bYTGvop0MFXYuB6n1fzcC,lhye6gNVvYzAhRTX1Teo_
s7ixnMYQvjbUpMglC7U8q,YDJ8xjjcooLic67ocRxoC
E2JTs7zREXrpfNaC-_zAE,SrDlXhVRduM1MXvQ7K3_t
BmeyPYPpKdq2O4YkFMfxr,cPMC_qfvsqc2E0T2flJJ8
lwX5EC12CUqgY2cproC2k,BHt5y1uyYHz1zQ0lCxkFP
rEPbxCneMf2TUf5ejIQp6,yD9wpvHgIXGvWYPkkmqtZ
gOgl-ew6JKWyQSXnd0BDO,k5srQluDwUN4i5kc0dFAd
9mdGxdgOJ06NPgE7jNAnA,_qVQ17AR3HvlMd7a_5xtT
Pf8R7C7JRq9VzFFUC-VwM,qKCW7ArXwbTaCMMC3jNiC
yaAjyzYRBAN52l_R5GKaT,fkN8634TXTj3eSROrSjXL
1sIBvyJBc6tcRVdxE3If2,31vxh-_PeYZNkyH4OFybI
mqF4cnyrErKg-vtx7m4YO,PQ7_db2pZj8xBU6h93AaC
1AXpqeOmZuxEg5pVQ68eh,YpC8nF0MCtGmmHeTcjSV-
2O1BHWPd2UISQuzAEd3BO,aHTaOGqCiztbROzq8L06E
MAfgJzvkU8QngDi9IsRW5,PezLpk1Y6l7aWV2CRt6Fm
dKp272ragBGEDYmCGP-CN,2sw1B2OLGHgOM1L5_oHnE
OxW9x2GsU6I6rGA_H0we5,zmvMY8efN6p4T5ecqbqlP
y1eAfIM1XvKRtLb2qMMXO,kaZr2dO6TegZRa3wSRDqy
LKBhYNC4o__sg0iQwrrJY,twrRB_93Ze8-F-eiyxjB8
IMswOxIUvWU-tYFDpA1aV,pKedHTmG9nd7fxFIeFseb
4y8-mdiO5Kkjhl-Whf8Hw,Ax4FB4DJ7DqjK1dKmWJ-n
80_rNP8LgnNc_mQHPNbOc,RZi_yzx7xm9_7XMEmUKSR
o1B9Ch-1qXZ6b_giN55Gi,RJm97p7KqoLhp9K94xiug
8GsPHjNFKZoz3JBQWpdcK,Azn0gg95T96lCESwi7Iaa
bT9wDy1vaFwR_5tvNwM5M,U56LqqtnP-qMtKoMK2Cah
3jtgCb3sCvmqILMa5VpFE,PSDjjQP_9f1SAC2GgZge3
D0ENiDvDmVRKZ0cGv8w07,145Yc5S6szWpiZQHZLulv
V0CcqCx_6VHTyjCGiczvc,MgHJgRDWZxRQJOHLplzlI
RsyqwWLK1_AssL-3EAJ5r,vqN-Vmxx85Pof7BrGO9zg
60X2JPl6RTs8FkW8v1-dT,_tzF3gHTghDYSzjB1g_pb
fajc_sxZhU8e_MVo7vDkK,H6jb-vV3FO_7qn_-pj4-K
_RkZilVuDDxH1-jU62Njo,6swBQB4Nrq7jBAU16oTFn
al32OcK7o0GZZFNj7IsCo,2YvOw7f-oRrl8ko4mL6Vu
dtC6RbagxqBcy4bjLHG4S,bJnJb0sUUkMqCbeDxzkvq
mY0btpYwMExRlwV81qUyv,5uyaGiiVi_GgeXSALMv_p
0abep36pHdykQpuGEtNiJ,R-XXzHMtQn18a-O6PzkSW
qAXM9iOQe29JxtEc0ba49,io1WmakAvLgmyf58kozLx
oYWK4xdfcCzD7duWL_kGp,ttPFgJx07Lb2sxLiCR-4s
Cq6Dp9RY-0wOjPj2h9nmO,AzJneZOBW5FcKb2Z8Fv39
HJEdXqPotgIiYCloq78Wg,th2CQ06h3-GSUUOMqf5LA
SUyjBMI_A9GScCkRyusF1,arnbyX1yWVNMiwR0U3z_k
P1z7yYVP5Fs9uBK2RDFd4,O1uCdv-AU14Q6asd51Rck
F6PgOOnSNQymnrZwpNviX,4xTR2QVhQoVvDikADqjGf
fjc3F2X6uVYiQvj6Vsl6b,WzBNHA-6FC2U4Bph5bNCG
q1VlpGYVVD9qDNR2mgwRQ,aKIploNoEuqyTDBzbKK22
_QBDlU-5uuzS24gcWV-1V,yVE67LadZPh4p875rUH63
YSEDVcK_Gv7wK2eA_P1v6,BLR9QbrOLebivR6XK47ce
dzghPW8PgMB9nJOyBRSid,3cjv71Cz8lgELrNPkt4oh
TynhxLnwbSEzRm_4E79KA,1y0AAZz_9X1U184RXIHeb
XGa40vRly5Rr40FmVUZ9I,_4SVxcq8eJjrEweiYPhfU
Khc7qqpag0VmlWHq_Hgkt,CEpkVQK4-TcTWLDpsHYzF
2Or0P-yW-ta-H4FjipR0s,DX8Pr4IsPjQHq3jFRmCS7
F18CtTMNsFq3Zfoa5lyA2,sHOa_gZLK7eMp3UiY6SSK
SrYKkYJdoUl4P_4Y-ytQ9,4MOGZ-xvZfGF2Z_KJfpTc
lw93k0YFA-d1ol3gf-MUf,t0xd9lk8cT2rA8qymk8Dd
5eRDXFTDkE1BkodKAGK_0,CqSthVB7PlWKA_1ZpyD2h
v9iM06ITgziK4hr6fTz0F,hEiahkT_Fcg8VAoAYpoDN
APP1pXhPDRWRawSN0FS05,bB6gbTkN9sPVGpr-vJ35C
tBBHtOQqqx3kik5pIQIoq,1o3PYYoTIVTt1ZDKmu0sm
Rn58iJE17-yD4Zki-Veeq,-bLtaRbjJd_bartMU_gFV
ZKyjuL985r9LrKlUzqea9,LgF7MiVoeEvPtz9uTWFFi
SjeB_XGoYrRb-GxKzBnjf,pJE7np1sbwS3elf6HRaWv
ihgZ5yQMouz3dSU6zABn3,JPO9xH5lH6wt9U7ybZtVw
pIm9WWp4t-8WdZ9WZlvCO,brxdvbWE1Fq3dH5CBUD5q
WN-VG1nHnseLSIRz8J82b,uyZSXLjBeg_UwPPxlDpI6
aaixggbVZx4I9bTTEwoJM,RC-WmRxjfEV0aaLFkStPG
KOaMjc-qMnBnqoXL10xgh,-3_TRBbPvAebibk3Drrs8
WrwkArDONvYUA0ood4fmz,xIKHQSY6r4wTsCKXj5PY3
N_yqBckSuCs2_sRmqRyXW,3Fsv19N-1sA4-Kuo0fEwP
OAwIEQTU3ww2CveO2kude,ce1nQbigFl_ttCWKEpWbb
sFFgCSn6UPQBqStY36j6F,u201NhBEXoWb35xWJL89q
W5-N9kxmkQiimf8UTzTfv,Jc8MhpgS42_13ZD-fo3LM
7HEZXUx53QlPZHlv7w_D3,a-d7s1df7CUH6h8nZHBSv
71M3TPyB9CFAODOpLxuEz,KABAm8TV-aXrlwQZ-DBoa
ST5f5O-NTZcJlQBS2RAFB,btXXroYqucXUe1e6JN3r0
xejEc4NcjyYg0w8nkKrjf,RYnB_imw9Je3ETNQV95aX
5GKVAmFvyiojeCxwBCO54,QQzR7Ssj_9Jj3_RH94sxS
0Iv9WcSzf8qcM0brzqvRO,Lt5RjqDmRDpzJTHSxaxEa
eyCqQ1M40MfqhsABLi8br,bQmUmBaijqidGerkCqsdj
xJsjzpHGjeQIeKqs0MDp-,7GGySGzATRhbsae1Tiwi5
3mZo8iCf71pO01Ydk063-,lWZW6XhO9EUECoP7IZ4I7
6PiUJBHT6F0ZnkansbG2D,Ed_ksRwFufAV-slH4O9Kn
dsalL9rkWZTBZknen3o1q,vX8mI9uYc1MHsrlqZxCy_
chVnXnH9UnfBYDZ9rQB4B,RTCgbQYTmh-qUJ8xCNzMw
4y-7E0Dq-DHAXr4wkVDb2,e3pWYzisAh6WaUXEmnAkm
L4k9Hc7cGkvJX3mKdthD6,mA4EaeFZ5o246c1sjFTtV
lsm0_XuWCHyoHIliGmDkE,vXj1UP5A9egWX39IPg-aM
xafPBF4UneLTjhjGhXsrM,gQcix9JDTr_iTUkjZur3M
C-f8yFDrPrLCIZjIq8I1X,aUk4DKNvqmbzI465JYRxp
KpJy1WPwl4S8Pfgzyyb9G,ZxGLIsk25sHmz5HLHWGkd
HHSclb8fk0-bEufg5WMyW,mRPQ4GdEUZwbLZ099p1yE
NNNRXvlD5RLa6kzk9cOCa,r9jHwcTK2LHYXd4zVNWJF
MeXZH_Gc3ycvx3_tzn0u4,TvSFqOhDFACI8FGs8N6oI
D30WXV4HdN1b6oAT_H_Ls,hCbg16NyZrVpGPKPe9V3N
GryyxJ_r_sBlIKggy--cg,lhcXmlpTak9bSNz7EhyVP
87WSVQk9TshEzI1Se9VA0,9ksd_m6T0B9RTjRG-nDXQ
U6VWLsIwE0SIXHleDLNy_,nnJ-p36b21XeLT62hL8nC
gkFIBJ86bB7KHYSrD5d2G,JFaLtmcFd6thMUutN8XC-
Vz6cmizhAfwa52YxZmjZA,HC0Zmg_IEHPtNK1WKPBBy
2PttxXdYdcJZkJhMOeSV0,aw4zeuKLs4tKtBJ0iQUyG
ClbxPYAgAv-ckc8D2ATi2,9vgOsrsI-Fc9wO0txHA6r
ou3kgCjJag79OlUJ8g9Bv,PSbNz5wrGc0DclWXdGZx4
b4anfjlhzXo9g8y_Co2yc,TgAQSfh2BFVQYRLBs5Jye
t41mLWCDb52adzQtltk1x,rfGw1RzYmLK9ZohQbi7hv
VfZnV6HeljMYdAtw8Ui3D,9toSHoUMUhmSULo1OyxZK
QSxftFO6Ke1dDi64hmLpE,UAhe7TrqDm3yd1PaJYmVu
tw3b2-RGTyWzVaidjq5d0,Lwbt1LL2m5QPoSrA0COby
2hNRimch9U1IGXT-SLz2g,_f7cN0kSKly_RDZuJTVNN
nssDjBBPf_T2WwahB5aO1,nsmERg8P3qm4IISt0t-xz
QSL72i0rV6wkw0eZdVcyA,cr5_Vd4uP9un19Xg_aFf3
lYQ6fw4rqiqert1j7div-,encDfcw4F60kuD5kq7yhh
muWdQ0_vcVmj0uvOswVlK,8HV9pfulPZMjn2aerM9Ca
GmkPw-ozZsfmpNy2HuBwD,0maSB_AcRA4HP7BChlv94
8NBtjgftxDJj5oJn1sUPS,KZtSTsFl_1NzMohIC1o7B
i6EFBJGuYpqT-0mzARzlW,v69QRFNp27Dz4QrKXsJJ0
eKsHXaLAfj_KgRzg09HbB,S6-DPKj8SFHxd2oB-QCgA
JWQoaSt7HqPWt7bHs8sFO,K1GmwU-38NhMdUfBiH0BZ
ubD54FAldbT-9XbpyAMD4,GQd8c0z5uXRqRa9s4loGi
ifBP9plzNirrN2w6fMzCn,GrmS6WResE5645IwridyY
4XSxw56LpYOXR0r9YVK_P,so2UGdmRzipcDOlP3EizP
KZcYePdfT-CICpqCQJwQv,uk7JGYb7uBny-WtU2fjDS
Tqk8aE-Hvz1GT5B3HpcvG,O_WZrVivLY-0R81OOTMwe
RIvbuooKkVchDEe5ijuEi,Cx9H_-GRkVrE4ugrraPjl
DW5eSGfZ-qrG2dKvv2ft0,cdT1-hs1f-sXs0oAEnQ2n
fY9dpscZdhGd19qIr1jIt,gOY5gQyAYNjpgYa2n-WHj
CewkuHvtmosmG2rgWvKZr,vdU3opuhIdIB7EKm-DYO6
AFXk5AL29waz9RocNwZjn,j7DfuHmRlead66aNxwEod
EQ0R2vinvDbIx6Pm-IOXs,rfDl2pPNsPwP2u7Jw5lQV
QfAkLghfkakn2uiyPR8m2,LVclHMU06HPtFPS5Axjvt
YKA97ZjUx7_r_QBS_2XUI,LSxUuJXZBnGYc3l18QBEk
lDkZ8JCEoS8PsISPu8sV9,FO0jJXRaXhClgAI06xJeS
Vg2qeY1WwOy3beORvlm0W,92hsVSvodjSyewpsFV4Wm
Ul9BvPH4xjG5TgdcQnXmP,dfotZWLqY3m0AXNzSU93y
0-dOJ0afn2l7KI1xa0Vxg,6kI0w1lVuqAmtupN__0VZ
w0MCKB9ClpuYmVdj3iCK1,07FYLNaz0aBnRlyNjhv8f
2MyjN3J1vcs1qBF4anO7-,eQV2y7mw2GP9-8k_M5yyv
8-tXWyhzf8Xa3ydko-tAN,Foi8od78_6k7LX4DtGwFP
EYqNCeHDd01_446GaRU3K,_72jiB0IYgDRIrfJ6YRvv
-rxm54aPG99RXvzbCfFyb,LQJ7LHum6zZ9BsDMYOBeL
1_0U0hNkJAkRQ4-wHHC9G,IIXgoWwChbBrUdL91qL8V
q47mPyPUs1zx0A54F4khy,kMH2MrzLME3QZG7lEr2pm
yCxMbr7MfsBw6tpzMHk3L,irWnJZuST2cw8Gofh4ruB
u8Ugwohl0kNxoUfdLA3nB,21CSvXbZDOoEbosOQAre5
FDgykkMed94OlAq6Bl45m,zZwBVvXqQZXBWdWGtyvkz
5W283S-Ysoax_s21yqR3z,7Z3tSnwj5_melHgzdsEDh
H3VjZnXfGusbWX3KysvlT,cEq_FeZ5rH8Ib_I0j00rL
qB9TnhRidYW_WmdB8Pj7p,BD6xalPZLuZL3gk059vDI
qq686l1VKWCJZ4kWoIRYr,_gtZJ0qH1ywOcsVZxFDxT
0wdeBSMoS16sqvqEflSot,gxRWxkuDP7OHmur2Nc9py
ezsk6CnKQBzN4fc-O-tfU,iSn3t8kRYvTIG5MbuIyRH
po0XXT75p2AcsfGqtEBfi,ckq16Pp0HpRX87NmgtzI4
qJ0jJaAvr27UNRz1rKgn7,I0WMOcS1MKp2TWFZGjhf9
twUdOnaBS54CysiUjSh5j,Eqwr-894uj8LTVJwsIS7z
ewm2IFW4FPz5lLADWiuVJ,5iv6b5xCpaU8qDXLumlC6
VXx_pWOTw5IY7gJUhTrRC,ULBVzWuBl7ordZf_Afh0v
1e-s7uqs6Tf2N4xquj-Qe,2D-nbNAFE66yu01qe9iJ3
bBjM16Zl1LctNiCrBi1HM,QbqtU1KvxmLE8K5W8-jx0
0-UIdyWR0LjLXapjhwkLY,ZLd4J3Lt61NZYpn7tJ1_S
9wh-s20QmyGJXPETx2cQR,59_q_tW1Hkp6KsbBV9oXU
AEmuUS5r-WE2kZb2P-MMx,tzUVsscYO1o8XDYtcEI40
EXEb1t9U9KIEuSDxaMs3v,ILubPhwB_LgF5rYOYr4aF
y6C3pL8Ie7woVIktvKUHY,UZFzBGiDQLIaJV6S3PvHO
OH9Uy3ml4p-qKUCRQ40iG,U6auzsbjS0bDc4ahsWQBf
ayWx08K9ndfeO0DrBoU_I,qVH7i28NCmTA4w4a_684F
RMUR5GBxxud14mnIdlKZP,sUTtcw3WaqLIQTo56WJ6B
XflYb6lf42Rrjyh81F0q4,xQkIK0my_8UocCzAhGdcR
YcJ7cLeixtS5s9Vp7ncxh,t38dCYYfHwQYImchEX822
B2Cazx38D51GMg8z_Hbbw,lh7LMspUdHLDBDWq255IM
GJb03I7muRHYFVuszcKj3,fN6exvZeX6i4JLHNb7BiU
2yQNPok9I5-0YOZieVHAv,U2ww7CwfablSJNycL1vrr
NQQhaVF3mHxfWEcEQRD2A,r5nljNkfrUkpToScaqx0r
ITeBEGj3GTQ3CnNqKSsPx,FCZemsuf3Sw4mRKu1KqoG
HiT0X9CEcqPq3sV6UZ2Ns,QPZirPDm4TNgNddHzttPQ
GrNgSksbSeT2oTtEFL2au,i2b130ThF5Sp0KyrrWQ0J
djx9fKu4KtkA0Wbch69oq,PSb6jF8jka5lxADd4vo-I
HFHv2S7kH_VNloaFl7znP,9km5IaWwzwNXqK4srDMTI
I1u0-h63g1Moz4-HmKIyi,BowTt2vuR0jiF9zGeR6nF
iRzZU3OIdNbdsTNiUkQAe,c8XVvOXaLsWuQmrJH2kQp
Gs4uBx_46JhSeH0Q0EAOR,DXiyjcvjjP6d7pwQHuO55
bYI7jhp3dGGf2blBCWQIc,KIpFd7uuDSk9a5LsAOdjp
YYVC07iXT-bvRGjgURpLV,jC8mt4jsV2rC9bKH-_oR2
B6fioQ3a1ywQJX3vd3QpS,8P9hTqZ8cvpL9G8yQgPwX
2EA2lw4g4-UrOtQm3l30S,7bN91GUn0Eaa1ZwLrxyVw
nNJNkuZaFd2D9oKatjSTd,d4Yd-Xdyp_ZIrS3Y8aPbW
h1p9rawWLYeNCtYq1qX77,rqErQLoPqcJcnwpV7Pat7
AAe4ekUg9WSC7y8jPc3OE,jphVb1gcK7EiXytvAJNBR
ZWeK1oVC8gkWaqihgrbZS,ydzOpWXQYdMLd8IkTH9Es
9UhKW7k3l_yzqrDYhyKWE,7p0AZ2P5m2TRF3u2C6QBb
gkNi5iR7nHgaud-yhclax,TxD4pFi2BWTmzm_tBHhXS
zMwhSKruReYggALsM5Yoe,Jqzpi8OVHnCj5AZ4ccG5c
Nbk60lBSKW46xMMp4XydP,lp5q7KroKV6cbQ1yn1Swr
Dmhn5Ar2VQvcBfrRGrQEy,FlW4s9jXarClhu2E3dyQI
IT4Nd389fcASrOpVU-XqD,AHAs275d2EevUp6NivzOR
MvYpeWByGas44gEiwoSuu,bG_-ku1GSr5vx9D0_KWAf
LBe72Lhkst_n3otA6pMcC,f_OyVO4kFXzElwGHNQHIF
gU1igN8f-ZT1OIUNmBl8l,YlRVHxCknYFJ-scva20nv
D3s2QIee7LykEaatADfTE,N-Y-chfk7p4HiPHsgJ_3Z
1yNRPmnqSShMcWZ1JFL_2,06f0StCpMst_X1ZOeTVe0
J7p9LZqSFWNWe7T-QBeQ1,BzZcAX1uECO9Ho3dOHT1l
2Kv63LP4Iw8E5E7KRw8K7,keW5uW9-KwerY1WNGGy7W
smnvROC1Q3ZQFMnGJ86ds,TaNTV-soiXjp8NmXz9SlK
6-emhn4--9-6t9L3brinP,NDFzSgoMJ4gJTBXNHnKxb
YopO63F7lVuzT4I8X94O_,qLd06xYyp6pGJIBgGfKMt
A5DK9xFnq3LsqpzuSF5m2,EGUxAMQPj5o_OcIFRz8bx
Uzv7GVcGgVkhSYzO55X8A,k3Ggsc9G52foA7RPEVJf7
WlpVDDeqTVcuYXjh1Aj5Q,gWk_Ka9Q_sW2fchLU02Su
E6NndGIljkghyYB5BXev-,fkHgB0Sc5hj_MKUEX9_hU
RdYsTGrlFQXz63d0SkyOg,18hGTQ3W2rIVCXiiKtPt_
8BjbOLw3GALKEci_nGUny,oFrjBMD4D4DJ4TcRMdjpq
wBrd-LLPikXgfcAUcLpQG,FXV7I_PV0gkL6GFdV8yxo
PKrp9iylaL7GFNENQMCLr,TSx486d0SbhtJ_mlg6ebf
03Hbi7M1SH5fE-_vrfLsc,LGhhKHwLStZClKfboJlSW
2SetEoMMsbQFQy9kznnbs,dTz7cXVGjDi9cwrEREuRm
zvGtLGThycje2r4ULbipk,w6dZlmgaI2UcYWdrZcTjm
KvZsziCqsx9a_6qddrJpm,ZoYDRhjJM3o8r170V1ipU
kuD2oicJydkRtG_0DuygW,U-AZC0Y0VWi2_vIhMTJKp
6xGe8qra47C6JBv2Vc8Er,_ZlzNrwEs8ciAu-_hZRpC
G3Nb713-uQS6XLVKalWIJ,2jmPjTGYjBCEcUKuKzGpF
SSrRp06dCDDUGwjneBBqz,Pks1QpDyeCpkUNs-29igv
Jnocv_xXdUvCuwRrhv6-O,BBD8LCmHa4tJg0FIX872w
1gXhRuL8eh1XjFOB0m6i8,_4h0y-b4l8toXBipW1cGf
B4ELQNJKDGD3JjbdFDnoW,de228XTlZcGecP588edoe
XMv3igCzU6S_RxDECyWJf,sO686vrz_AOFUPQSqvEC8
DKRJ6y-qJwox6hDiOGyzX,ogx6Apa1TudsESX5ZhZ2S
1KnrGMys6s7ffTW3hfoco,YaKn3g_oabZq8UTOMcaMJ
BQLO2u31EAAduEp5fTYbF,IduJxHr2UU8EufKa5z0vv
JA74MkDGIwLlcxSf6wRfK,QCxo9FDCku0MZLqwV3oQ1
QJ7CFsPpoUlkZhlBmV-gk,yF-ySGpiXaQG--6CnEYll
n0bCnioi1SsJz9q86E6o4,RrnWcCS0rle4DhELaOxPD
XUeG3LHB8RaOlCkj2VRE1,wk8_shRrmC25pdnStq5-t
kMIY-f9k4FzXlFvnWlefn,Ts5Hp60Xvr16MbdkCi601
Jx_kVqdrqs4CYVOvLrVOY,aIyuBdCtlprZlM2-T8rkD
Dc-YrEoh7WMeuf_-pJmid,_BbPkPDdyEQPP174QFkRP
uBQddZGYJgsefq_WLtpTJ,8pOxspr3zmWkiEi9hQszw
iFn7kZAOfAichNticxxpq,8ZPt-_Ljd-y5rhthrbDhh
U0UwOiVDa8Lxe0oxjb3F6,YTk_Tk-5f5opwS5J9Z2uB
kwmQlUSkH2Nt3RqBuaLqI,4sa-hErXXYX6ty1UYhD63
0qBA6L2Ae8IZCtaUifq_B,L0XxTyZZFeNnCGXGIY7So
ghpvGNLBZB5swKJuAR-Ht,CoqNBPvwOLYdIR1K2I5et
DTLD840-k3FcelfOwJAn8,WgCHgOm0ZY4nhPqwGnmjv
ak5d6vuQG4UDmAZjH91A0,zGJzOtdNre1ZtZMzDWgWI
HZ4w5SgeKCKSKA4u-WkUa,2tvcgHw8diYzYGo7E6d3p
SlnK-6HYL1LZxFfJP4c2A,kodHIFf0KOIOcVBA6X3Kf
CO4GBvf-P7j0V6qoZrnkZ,FVWlFC20f-kXhu_ACLEhq
L55TdySLVLMsz1OkvdHJo,t67CqCiycQpWWYKs4Ww4n
OKS5iVpXMtvaKD9Iu65xG,oSbtFeBprO1JJcmb4go_U
crkOGStx2AbGUNr2VNIt5,xxl9S9iE4XwSCBKiYRS6m
cTQ3sk_yVLZFBgTs_7hKW,dew2-9cgm7Sk40EL99F-B
kuv2XZc4q04HhBx8SpTKK,REnF3Ux667cfUTOeWC6OD
RX8kOXFcL2lo00GgaDrHo,my_UERBl_21jA-57HcGo1
EY619uVUj3VICO8v2rBm5,R6zkjjzf88eoDbF6QiiPi
Cib_JtYFG43SQzWVpJUgE,yJaRDTK8JNhFpqa8hK3S2
mH9tT4W3gynGt-Zj9nk1e,yGYe2_D-uokvjlqUaIfzN
ZP5L6If8SdAN5u_UBuE3h,GgXFis3On-s7xD24gAifd
tryEQAbut52IKcyS6h274,OVCTViHGvkb1ozc-qk_xC
klkChLE8wxsGPjQfegPlK,bDAJllOjRyB6w3Ji56rzd
7875j__CKPaWd9aiLQ5Dn,hS1tU_wqJXY4331_C1ZHw
Xx9wIckXoi0CS-9bEECTn,KsDHVDyKnzRlpn-hgjU-H
p4o3Quy38xbTI7mMhraHF,nDpLQCojWZxEWHpQE3dvw
YkcmY6UtDQk2bP7jHJ9rd,ouYokE34DtGcpJHO5dWkK
V7HgFHyNALSteAZnVVSGq,ff8iVJn1hNCc4l0f5WQKa
4Y_86FBAjJ-xz2VgOgFT5,CuvFiA9QxixEHLl2UqLAN
jgNNAF2xjWnEMTUVV3qmG,OfuEHCmwP1xvjcEBtBePT
nKYX7CZSGIK1rMQnOGYV7,xEdiVLyfgiGVT41iFo3Nt
iVRqUlOAGxWRywbM2ppz-,lNORrE6teduJtYOb43OcF
u7AdZ6JmUY1WlyFc25Xwt,HqpSDKv1f405MiLXJ6Fx2
4e8ymEUYlf13vpWj9bVJV,UzYdLsQCZ0vmYMdTkhtuW
FX3mQwuMvdeEIRA2ioeH0,PhZl7n88yIaMjblOBRqf_
AU7rPjtzdXM5XSeI-vQU4,PmVcE6bB_ySAlgrcj8iWZ
owzzpxa9LBDIS9_H1W2Qi,9v-I563dzerZOp3jSUQm_
5drrtDvF9wYW3K2dSymlf,R6FTVNK0XRdoODqedHHY_
Pnaka8eR1g0xd9IALI_rH,bPllamCN3Nbckfvh_wWXT
04dQ7rzQJMOak1pfxy5to,WvxBtdurFhijMvgcQH6YR
31bSb2GJrLWU9e1IYnPnl,TRioplys2Puzt7B3wqNh7
mb-EkeV15MeYcMy-eEbdI,o0uQM7a87x0ic0ZheftjV
1gXYeOQlgTvsbftzShHXs,3s0sD9cAxe91t5lXZdEk0
kpgsYYKjmeC3ep1eBtoqk,CMsrGKEQZwzqpP0GF7IEY
M7HD7Cl_Y4sYVaPBe1JFD,Cdw5xqRw_RnhONhzzHgxo
oiXR60TwIud7Ci_w-TQPE,kY4GcxvAZyZpuzaInfNr-
HSuTWp_mR_-J5Ispqq5jG,r_anFkXZ8DUQkgDa4QmKh
DaZiMPgbUbLk3xHFDRbQy,KYM4cAyAejjwY8onTfiFN
sqaWCcpz4pCo_rvFJaBAU,YSeO8yUKJ_MicmQQewVHa
zBN603hm0CyKryK4jTnN_,aic7N9LvGk0wSWXMZHtz5
bnlu5h-VOHpc6j8wala3y,YmpHSzwHGO5pZ9__dP8uw
OV0hSKbe6_kPUVtUpBd9s,yeU3pCN56sjADva4CeLR9
elBdxAIk4mJGYIVw_EeXm,mHbXGv0-9vRrUJtP-nZ3m
egcWrT7I0hZqsgbDK7F_k,-irg0fYZ3d26HUAe6jhAd
8ASrFvLaSYv0SjFBnEtKz,fWr6TXTC9aYxXw7KeNXHn
54pkspeimBVYKaeZsD8Cs,jybz-Su9R7xuEL5Rmtl7j
On9KzosX2iM5e84lYsCvq,jUUDGgVYlMSVaLs9ojEyf
erTTMmo4HEmGcN9XxoSxF,3nHjruGD-irzRmokYRyj1
Fd7AwfG6I7GHwEaGc6zld,7If5H6zBcDGxvVlxrtVIv
ULo--EpTBIr0_GInmJHqZ,MA8bt2NHCHCCIvTXl1Fe-
qZAW7pQloyt7Sgv-nFhh5,NoVEadl4v3O2nWU1xzMSQ
q7-ABkVw8OGkZ60O5WQRE,nWUPjkA7W1enjCxzRJIDd
f6uCxdR_iqNJ1Hx_81Ri-,zIjO4XC8GzUOsHV7mq6BI
NmfNNYVJGBXrxrTAtIzKZ,ZcryXf3tLZJN0ojIypY9o
IDw8g97hyr95S7ztHug11,mtEh9E0YNI5uPuOKg5orq
e0U_XLqOdbLwjFKLIYVEA,dhIHtNGgmY6mtTB4XtQdD
mqlmhmFZURdj3AMAcxXZN,Qby9-2ttVkrfmPp-4ChKM
ClUq_J5kN-gA1pqsTb8JX,TB2n2Bc3PDScaJTLpxcVo
MDaVyj6f3-Deoziphp6EA,k6J7AbIn5WOpv5aSb-AB7
ChoaBffUuIu9xs4KbfoD7,ac1uACXBB_JJY--Q6r-h7
AEIMkeIO7AtiaQM9uiPE_,E5JgDtbuZ4mtqY14hfaZY
ZpUhNTXHRf1dnZdema2am,8lGga5MYSy2t20I7F8jfs
V-OtM1y7OMV0pFxgOj7s9,TVtt-ma3XiPpuIr0GCuY-
CDPyYKJkZSh1Ed-bL8eTw,iE-_Z_lI2chbvbOjDP9FF
np9lPRrsLLagmK5VE7adX,qIljQq-MBYsw5x2Fowme_
6jGWUaSdtNkLOoTKJV7Mu,huvinIWJoQDAj_CnFFfSU
jDFvANfq3NJM2Dke3PyZ4,mDDKBk2cpAyz9RTUe6mYv
7cynJ3-5o7FYRaNl6VTh6,QlcMpLHVFKSWFDEyVGb6B
T4v_L2GTQkUmwkQxtw4pv,VJMbIMss4qTMz34_exqp5
sL_n1Fjje_9Nz-QMSOxcW,xKTEHKegRfSCWPjF_SL99
OseKjK7CRm3PulYm-xB0c,xZmefEau9gMF68P1Hsurr
Dyk10cQmG8T8hAN9G5Gno,0bxyzTWeG4OhcdcINP6C1
VOSF5YAHl17GFa7a5EOSo,mhwRU5Fxcxz-MDVSfsa9F
CIQLssao-RqNy_QIMd_vd,uVJKFhSDxinMprrIxWaik
PuSxhOe-1lLD59-pPMngd,4_VwWQKE5cxrOj4POWB31
Fuy18gfPKXzv81SGjXE1-,1mua1WU-U6y-pkxxfFSl0
Cmc2QEBfGfgQPOUzbqAzt,6iRMyCYDm1JCgBW-RaTr5
83YbtrE9QQBhfh6FRHCTy,8VgsavU6g6TV1EEnH72vU
xvVWm1zpsUcdqAVuDwArl,6c-eFeltjhrOCDO5MPMiw
I8lov8jPGIX_UTWk3N-PW,-k0SuxtV1-RLwHs_dY318
Tc_gpbyudrwlhgvQWBV_i,ZWM5gSaA5uIouFVVw9D-P
iu1EW0f4cMuc7x6nJz7qZ,JVuIdyGnev3UthnVzeKWB
QRuhQEeha2KnDUyK87PTn,hTFAtNS3T95hMXHAaiZYJ
wyI7E2pnAlBTXhLK89-gj,W4sfK2sIeiUUvTTJsqsir
bBLImzECoRCuCqlOMMwTk,emznp4NM2-7LYwg6-OuWS
ZmrbMjJzBNPHDr6Rlab-M,UvXv0H-ParUbTqVONr-c-
dq1IeP3tkz0UOLpuonZPB,YPfizJfZj5Tzd78wKp-PH
JqLH_VBz0-tk92GkHa8cm,96vUGVkDcr_9fr5dkHCyU
IDNNktEVd9LLgrlOAVCpQ,kduhvTB-Re-w2wJBT68Da
ynCMwOZWVS5VeDYASScBw,R0Tn3y-NqoJSowjVhYXbh
o3dqJIUsnTYijCXTnbJw-,iR_sdWPgTQZ3ZF4hCA2y7
JFmnRRlK4KhNMESkllFvb,GuklUteT8wDnoDerHi8Jg
S82LvDRl-CUUf2Fc3Eqpv,oS-_c254dVicizQsf-sWN
ZEyZ7EWeGpYfv362wasE4,ACH7tHvY_A-lfiWSOC1CR
sSQHIuKbSfNVMPXu_tSN7,ZC69bJdgX1nM_nZBMbB6X
C3jHEntNk3GXPgeWw7AxI,ohpGCYZhgv13jWYwJpEkk
FcQ7baAtUjOy719EBrTqq,nKYHMenIgbXyPJlzI1E-j
eArfDE1gBRMyJBiWzO4O2,tT55susnaZaigjmR44ShK
M3dVEN5mEuahFStoGZkSC,LZaIra3JmMylVyD0RIirB
9a1JLVskVVWTuBhBWnz1B,-JXO-7gqE3CMoDhJa79FT
3jW2AQVPcx8UzpVtRQmep,E_Ftz0L7GnhMjfnbxP7a-
EotIr15Vw4F-OFoVE4Ht_,VXmACpQ87rMXPuTzb6TkW
QIOlb6kEyS518t-JXU9F3,lXpouOAnxEgtKVUnIs96A
AziI2fiqI2olnNVnX9UWW,v4JTBUKk1y9iStGqBIAgw
wFsMs58hMNtQXTQOqm3Em,xP4bN4N0U5XettHhUkquN
G7iPpff0_wso7z5mbVrFE,at4M4sUmJrkD-02LT1W77
ht34_LZwTKBOqRQTt6FKH,2YbjuAk_St0jmfRZpOMjU
qXnR8cfxxaeEQ0Q6km-li,s1NQt242o9HBgi52sW6Dc
N9CoopdpBXz1uTCfFTID8,mJIy7G9Ou-tGorcV56pmQ
xs4xYXo3Z3pFWhQ2mHGNS,YUjGVXbm-bX-2bOIfK11g
Cj6Ibhl3FAxd1KTU_PKyB,4zUzgau8yNTaRhKYM8JFx
hH7srvQr895mFg3ZOPSqT,7XTjKFhZSnuNwGYnlRN16
PQemJ9EVxDeA8bnLxCcca,O1m_OFwNL4yG3Izi_t37A
tpmMJ-lO1aIOiALnCzblQ,LWece8JA3nUmPnRThpwRw
QJVMY4WQFOtFC3w9vfOVX,YM6xtwTPSLJAd2NSut4lh
2Rcf-F1QC0-3xtL5o_0Z-,a_cmYmuOfPevj_XPL4SJ3
HKPTFQKI0aPe7s0yuGO94,MwU4MtO6877djzOkNEKIg
KbY_KgLloo_rZzK3U5lST,4Nujuq53Q-_-W6AmEZq2t
8KHQQysmvO1NzZekXav6G,bxsyb_GVkf7t6p_Gv-o0G
_Ky_iqbSdlH5FLURkUMqT,dlyH6KE-r4t5PUbZYrYMU
EHSmyA78slyQisVo0_ahw,dIgNZona8AX1nTNOxLDLx
APoT6m6GzPPTTy13-SiSI,meWbo2EB9XamUZciv0LKq
HPdleu3oxYIagLIXz-FBO,0DAppGIFrFW6CvcUIyEPd
bt92yuA-R8yuaLr-GEvKH,eEtasWIKkjAp6rVriZUMc
9pRilEzDh_bAtfH6GcnBH,pD-x7qI4Ajex8VnNV118b
ocNQeHCeZj_Zcr3bHI7j1,BGig8GrX0at24devq_jF9
ME-rW_l3Z52nRwHghIIt2,x8l4ouVbI38mzweyMDZwD
knsDIcM3X2GYKXhW-blR7,8H16DBslsgBMOhBaT-EIH
ESwAuzMO35BwD7PB8wyEO,yvw3TtTQy-z-pUnjgZJcC
xX0Vu1AdFAp4H5ezVYCFF,ysiqPakeTzIHOjZmdjWdm
BXK46929zGZpc8NhkCmiA,D57g5_RCd88au4Vs5Hy8E
1RZvm3GrtsvFHSANCYnz0,ckWgnRGig8CRPsccIOSnC
U0MzgB_myUT_ehl7VyfJs,6mE0-3gJLKlj2b3ZTherH
I50akkt14WQhUpQcGgfvv,1rOKwd8fBo6zXbG51Pi6d
MojNKNptEmsPGtY_UQ374,DK6JqNL_98Cq9MC1VwBrQ
gIVkCfcUz8rAYcaKhyLAn,vojW0jdPT8WWcYRjQkSQn
O2_9x75qMo3CZf49IcAkF,q0CNEWbL8D1bOO4a6OFeY
iSEUeibZvc0tFH2jwP3Z0,IhYoWng34u2VRkHplI_0-
736hCX3Y6fO72xHhAwl9X,BzMC87oSU623FQz0MPNE9
SBhzijSjbJav-Llforj-R,IHYQJmd4GdcRtrywP6HmX
vkZOi8WkrWpKz0wFEzfwZ,nISCFEMmgULZ4EaM6qkpo
3iSnzIcJ6ECJFeg9_d04c,P2KTVa7Fftl-UAuw0gNAp
vc0LXW1kTgq7DU0HEeBj9,Kd4ZNsg0OcRz7gQLgKb0v
mPS5UXYaZAnVCQAvrxmOo,q-YgBnIszMQiE_YByrglz
W3QxDK0XhnSQqI_SpzfJa,zdHzWf5SQ8XCDcPDzgC6F
rAWgFVN9P-lWo3oiYE7mU,iZSocYQZzroPcdEuO2qkk
JikTmspHICtsDedaDuqoY,pGqoQI8ctfNHZqQw-ULM5
wOPRSftaOi0umzVYN9A4t,YX5PUAz9Wh-7sRC1Gc9Cr
ZnwsPvHsiE9HdPLJaBWDt,fhn3hLxc6QHlEPhprlZXJ
RTG0lTSO_ur8YwbOkCSdP,D2lFm1AQtdI0b2JTSdXwg
Z0bJlVw-FZOffFDuIhPpw,Hqs7kF8J4k9AbyjL7alYy
_jFE0ObZW2hRz5BNBFcA1,7VDcviDQOJ1Z5X_42bwQT
83QuXkwE4j_RKlgVHR98A,q62_T3Y3EUNGDUwRHpJ64
trmEc0_VD6XbmKhDD8_zi,xKNwNA9zqigGZi5QQZzj2
uO9gO9A-3DaRWPUPVELzt,uTCVmSMc0n4iGh1JbiHmr
7RHOP9q0EQKUuzIVuibAz,SFG8ahZdlh6ApuHOAQ18e
GQY01mwxGg0U1OFG7GAMm,fkUcZpTwuNMlIMTxznGxb
16gAb_wz5p1QFxwKLr5kA,e7H29e8Aea0rBXgnoIr8Z
x_EiU1j2rY6F1UKJAApcv,Im1qiJoWr3VM_yAUk0sp0
mXN4X_Uy4v1Z_xxCbhovy,czJGF6roZH6QiV8SPm0wv
O9tHF8kL9CqSrh3QvlLTg,uvCeMB2dd8EyIP78FhJT2
lo7ysIEznZOKcCZUYd5E1,24bhJRq79okxSQ3Zlkgzf
JFxZuz6v6EfWdPszGt8FY,SRxauXerHdTghlMvJSZ0I
6uUd_3Kcww24xA6ZNFq8J,SeOTXTPRpVP3v02tNd0qu
aocuDy-lbjlomB7BPWot3,hTjWWARRI3uEvt4drH_KZ
Nyvc3bnLijVpLE1gFTCch,wtA0R_zqjCGrYeUGU4LPd
_wvLw5qRYaq9VU8mYhuwZ,umqwiY1SJ_enEtmJkFxmO
F3Mpz4XoX12gcxsGkVODI,2shZeXzY0FGjT3zEePAZn
0qltgQjS_iXOl7aroBteU,MwBq1kayjxUVho19f0WJX
y_oBxZINamQIW8EjqC2te,JnCzbpQ_seDiIyZS9ltNX
uDi6_3yT_3jI3jcJbt8E9,Mhc3bv7qAEIUNERz7Yayg
kBIZ00M1P21UyAUj8D0MS,Q9ijhJsQDAA8P1c5uw5-T
tN9WO-_MhjrPo-IwjWn1m,k-MRmZLn700c7qxbjGWBK
wS5qVYngMnLqHvMwuC67M,B1WM5gO-FPUxYpfxAhR0Y
CTMfw0kt2_g41dFhY-YYg,QeDhfR0w5ElUOPXW2mDy-
kCLt-PSqMndZv6nl9sdLz,tIb3IptB5JRKt4pntiZXk
XJ1mDuDNR6tPhrmewr7mO,As13bIYjkwCdOGAODgPzI
tNi-5VEJSMPGumx2ug0oQ,qgow32I_HJWeL--KsQbBT
pj71Q4FsMqA5wOazDOigr,b4FEFw_EnXvIcwu3BKCfC
FELlCdrgGUX6rxB1lyVOO,sgk-zQxWltxK04OdXO-ww
YslRx2eszjkUiI32Y4gOj,PPcHlPoOfwvpSPddUyDnS
LOV_vcexWBfkYjHY7M8pe,BkujjY1M2vBbxs2DV8o3c
hBXdj9LMPb3zjjLP-Qf34,pXosLmsHIm-WN5kWzBzWi
wM1Cwd1LlYKQbGf_8YwqS,OSzknGrUN3ZXr_Dow2bD6
xS4h4xNsNf6XDkrD07-1X,LaEyhlc4rpWmKm_san1GO
4UXGb_vzZ4UoWwYBB0uvw,gTfVvI1U80u2Mu_CutsON
cT56y4E9PKUh_Rgfje7ia,PhwKQbp5RSkC42yEFV6-p
ZA727hBIOEzAoY8XrUcxJ,ZHrwYa8HgkdK95HlGsP9J
-e8fVQoKtYGL3O9xvXqyL,XHDBLSkSmmJTziz_KdZ5Q
Spao5FvBnHwjo1t2CLG0M,r84H-fsmYC8bi-8FRUoNg
uVWMdp5wC3Esa526zGaxc,orV6Re4psMZtcJ4bCLzVC
bZLZZbNEV4TSK5Hizhffc,szvEMxfiwKO0dWDvyOiOX
YAt8NDFqmxcSK25jqvFk7,ihoCB1WYTSW3-VFtZ07dm
nNwAxLPnfdl9Wl4qnlQC2,NzoLBcqQ9aEZ-m9FS2UA8
-Wh6W6363lKl8VYpYg1Hz,dCRvAgvBEob_K3Km2jdHU
EQUyzvyhAzxo6r0PigqaM,uXLWpS_7jpW8JTjh3yHiW
E2rs-SsGI0tHr8waA-Dm-,nvBJHIMYUGGBe04K3VYH6
iHrCDpR24QoYaL2KGlicv,Xqa3aVeWjjlBCnG1wki6H
--8qeFSR01zqpONYgWDTw,w4JIi8G6tH8ykrreAoyw1
Eqn7RHnYYMjc383NlwOM5,LTgIiZHiEuzolsWDPN8kN
bKcXf-qMYbkEsqdAUEGQq,Dn5nXOAy4Fd60nAiYyjdu
kuPQhbFTsei6rgK1jFJ_M,S7iCKepqD1Ml0HtgXcEai
X3GKhCWqezg2u3STHsILM,klOMZ0JgZ2ylkxV3hyQWJ
Mp8EwwtL0zDO6Ue3BRav0,b757Koy76-yiQ-qpXOc5l
vmTj0ON_U83iz6ZvabWKQ,oMcDd0M7ExuESxNeP0oWe
FCyxme5UjpP1gVZtA5DfY,IlXEvQlqg6eO9bBeaI_RB
QFlfeUEhdh65cC9bCHUuR,IigokvkqZVn0mrcv-vC4y
q5TLNl3-eIYMzzPPlQvDL,Rq_xbb3QXvZ7NNmCO7TDU
XqcXbAUx_dalRRMfFVpVY,tBbaPgJg3dlS80ZIrQhto
qIXr6GgPHuBw76RMobh-A,2VXVX-DAond5NtsM5-clV
viaJw8iCBhYd_Whar0Y0C,0J7Raun67r1aTF9uPeh48
flcliKaDOhx1j-OpqN_iD,8oUZFk0ZTPFJa3uXN5FVH
7Wut4zbVrQFXjbap1TxTx,JAA6vMq7UCupcZ8P43QD6
FdxpzhejoBFdUhGAMQ2Z6,2JL5SwnatJ5O-49EFIevW
s2Bp3RlDwJWJQopFQwTEY,IT8E_nT_AorF0Ko38FqFL
tiiGpE1dGr0CFSpaHcNVa,vGfyevH9_IuQSGeOdPYtU
iaDBWIPxZoTBcSSnsdMNU,h0sv0lpATYVLwo6L31mPC
oAlCj_WwrCaEeQm39brxA,6T1UAGqEm0CzMyLK8vf5O
t38tm2Q24wlxSt2sgT77u,cjsRvV822JDIMUsfhHDJV
cHjZnhfyaDttOuy8bO5Eu,gYbTxi8Q6SS7lWiG8B1ex
xEPd4quVO1AQ1kl6WhFIK,BZ0slD9TZT6fmsGrbbWE4
rWZ3xDz96zo1YnhNAMene,A-NRx_O3U5LmGq6m9a_NS
LmclPGLClHyCEoq9SpSVB,kfilx4yD_RDutOIMB4VcV
YMvR-SNHFwVykJrqRlsIy,ECo0TW81aEDDsRngWcSex
4DkFuh3xjN1C0DL4-QFR5,i0IPwkv6Wnainunhfakrb
5QNtB8Y43h-a9T5UT8aYH,b74GGhiq9gaNsfzNJnXCr
ewXEKkSJmQWkYE_rZuiYO,3sr38cOe82fi7Xvm0Yj3h
CxJhSzJi1hEyicx-_zDiQ,QRl5d0p2o5JvGwnrLh7el
vJpcXUXP1mDekkTE2PZre,WpPiiwC0rRod0ZjE0c58J
Sxa3DBF22fU6kZbb5wmie,FmeDHQXaUcu1vXb2CkGOe
2PSG09n781mnAGqZ3FqM_,-DF9VxzCZnRo8DDkMeem9
-91ROTRP-plgZBO_4ztZ_,U1ulFmwMYBe0FXqOVC-zb
9_hm6dbYm_ZS5NqVOv-bm,qcj6pAcQbvJCVTj2OKPc2
5RUPXMR7HZ0Mxhc257v28,5pgKURb-4Qm5IVDHi0ZQq
Gq_xISDIoGu4Sc6lnILSp,yzL0Fck0nkj1i7761w7WQ
MINz2CR8pU5fohIMEtylO,U2oFjLNHNqDsWCWA8jH4x
5UK_JzOuKW_RzqUpTq-o3,12RigRiHQTe2BhHXypKQQ
AyGrnMfHNd0nqwE4iRorm,NzRhPNRYmeA57gJCyQ1pG
6-SUKh8i81wVo2_FOmqkJ,nuXjuFe-J4dnckGaJMjZO
PqAc-_XAz8QYD7yv96_Dt,qcPAzJKpeAZ-XUE5HPy-k
6puyiET4aRfChvfh43ukX,RRm-nTtH-lfbmNG5Q88Bo
Xgg0Sh0n6wmR9AXag9Kc4,LIb1xjfH6OwfmK3HgxoBk
DSPxf9RItWzf-J6lEQOPH,EjsIBzNb91c16WGjffSIB
gBAj7_jsrMhJfBjtNA2uX,R4WsISCLoHrKTkem6Nz65
IPAI4UCMpFQ6_4WWXtWhX,0JTiSittMoInkUYKdb-V4
zxDIvLL6M7syLqznCIkL-,bBntxBomK89gbF8C6KLYQ
-lamjduOLuKQuhHV1iiyb,Fnj-2On2UPIz8-YxHdawg
U6uhKI_UpIm4pvDLyAYNm,U4wS8VAdyn0PwVSjPjZx7
FYrAbxrBKjfM32X8KH9ej,xmbgQbh94aFCj5rNFGa36
Qgw3WI8NuNgShgZ_Lyd_9,ACRehB1BjOC_oLzS3NohW
r7TDHhZoG_DfeJN3e5v9e,X4BF3_g7Ge6R-AH6Gfwv2
e41bv8I5kJh93aievuzuU,s9qTTCT5tmaMyjpcBiLJh
CqMYSqGZNwkOQRUFxaa-_,5blh8FO-bkw-4L7s2X-Mf
8KO9iz_HUqhaKV6KQKU-a,ROCv_G1eYHyHudrQnsZzt
uBICPv4VZLPFRz9RNtpIn,t7JC1IrvKlzoTJruZrL0F
XFdsl8Lh0zbdxN4a8mJKw,sqySKB4GEAVg4xqKENnEp
yGGiIyPQO8f_RJuTgLPY8,Cd6viw1ervXu4pH-yh0Hi
ktgMO4shxaY1QsvqKrWVU,6KnPXrK7XMX27bZwik1gP
z3hCLNcL2LHrhv0TLfJHQ,R-tTsRlZ8fWeHyZOW-9bD
EgIZF7yMLXqDUad87povR,TzGOtXTz-yMQ7kQGb1Mgx
-ApEK6VcPIsej3XBPCKJ6,gc3Kk_H6WaCFcPzsosGBx
Udwmwq9B7B14fl0XmwLxB,eKQ4gyoyUUcKC650XI_d8
DFV1Y4WCo2RAzjLqn-zY_,xv4xsnkqXv0DUKDDuPS5U
1FYjLg9LExslp8mranknf,e7oN9e2Oj0TCEXMEMSyyr
hU081HdRhw8gI-lUWDqrm,ZxecPn0c06gYZlUnAOdPY
SdR6VFwrr3DvKTZljX-L5,r940qrwewgXWS-mUL_U17
n2QpEJLETxH9kRBMM-StW,3rCURecmgoar5bQBANNeE
yVJvTvOfKidrc5HzEDwqk,JFvFhSZCtay33abBsvXgG
uEk9wLSxAV3aZ1AmcvdNH,qNzEB5TrRkz7ZpqATX4Fq
PxXcwUEwgGzsKASntrEZM,MqeaHE2mCsfYPshm4Hblz
Je-0qD2ehDe3HE2Mv7Uh2,Ez7dxfsKD-6jA8VTYmSz5
vGHxzC67vWzipjBe2Dr4P,N8hYFa3VFatlHi4OuZHy8
11E1p8fEWpGYC8GsNU-Oe,-yYMJCd8L9PQjTojPKxm1
5lQlaXddUTXE6zlIJex9M,MfLKxu5DA1knxwWg6CXvj
7IoGpfEMBH-rxlfohz_AV,epjxPwoeOzxOZqHdmeODS
ocBTW65tXOMVCnHpX8AWM,wPdoZu6kjRHmUZ0s8wmhj
22aFpo_7blKm5txao8fuC,nx3NU-BInKqyOuB71_iIe
DftAZhWSu-V8nRgLcG_Qz,-tTpNrIs7CP--24ahmnib
vqcVsj4R6y0VG9mw568A6,6bUwNWLFmS4eovnwL1mzq
b8IWU-FfChReOvFvUSsq9,mqO-tdotbT0Lmz1K39EOI
oRoc3Kr8IpWPOyXTQBFRD,biZOk3WLVF8sGR5V0_VgE
cr38_fw8VLzGpKrYrwSM-,eS0MIQI_lrf7r8z9k7-B-
QoCVl-Pm0GUD21qFNRp4b,eUwijswsS6qrltC4gS0wP
usGvyp6I_H5Fu_dOpSmgZ,f0HO8ItfDv862x-TTiVm5
OvtSVRYKrTauTPqP_w7M0,snCBxEGQhmd1Bb1DpbGUF
IhTTYa7e1nYRU6UkVhda4,5hHuWI7LdyTni9Wy5UBkO
FHHjMADAbuRyd_vRriTGT,svIDKS1jTQd78brW8mf4c
iKk6N68Mxeew5IqLiDk4r,MOCr0X7qAEltIy-EvQ6lR
_g6SbtWvU9mrodOQT9tuo,XUsjue7B5JLrHV16cM3yJ
RXSx3y3SP-_PihLLppwi9,fRfyZpRJOMMgM69O1GG9k
9yWCYaer4nxED4FFjTv4h,0z48mnzkQzOu_2DR4lcOS
pTBH1RQcMJts-XhBh0VIn,Da4Gc6-FLNsYCImxtfNe9
RlM087hgo_blJjefrE8Bo,T4zc4oKKf3kYpQeAXgqDa
Ny0m-xf3pC2wBLuqxcyyN,KuvQTGBi3bCDzd_18hWod
QGrcM-5W9Ggn8ncnacmRB,3fbzMst___B_3zefMD8G4
ChxUp3lTYuMUt6m638BO4,h22dAzikmGLSY1YWw_Gin
0cVAqBqHBTe4p0DL5eJ0D,AngVHwOEYajQfdikpxuRK
LoHUR92-vfmFWjtDACgDB,ZJjP6kYNeaCzdT2KXFqhG
3e0NayLR1XvHXOsC2AfxB,El53vOE4V0NEUZmG4I5zn
G8ElXK2rG0g0TrJpfEKey,JTu3RE2_WPo1iL5I0aMqZ
WUeGuOSO4UMuoZrlS7nL0,4NLqcni3LQ0Q3zG-EVZeo
Pcwki9IicmBxMjFqyMbja,3c44_Lu0AnKdW7pYi6HMR
x6CJwYY94sH6yKITcF4Pv,liLEQV0YmaRlNrWfD0Fe9
a-Wa1dlwmI9QX8zs4AGcU,Svp1VMbLP3mEL9pkCUFcH
bIT3L0-UeKWFfrOx1q8Eo,IUrE8VFlL3htJfK15T4qx
3oo_GiTNQi9FDbjfwE4IN,VpYkYpGpNWZdMSIoFwCbr
gbU3a7rifC_htL-fSlV_2,DLbn56DigI16c0dk9OcKi
RLFLp2zW5auIXbfTCpXcn,jRvwzUNnN7DMwmOnRxuBE
B4QKrHR26XQeN6N712K7x,qugqhI7MopWDdJneTMBfk
MU8xOaO_46kkeDDgf7H_l,S0X33ykII-A9s_C_Iv46W
ukYAXdaVUZhAvaxu_dC0U,SG3UMPJp_Qo_Xls9sJbuV
1o8zajaPqDCu0zAflZyjS,8KZUoRvaGrP9GFJr1M-xg
PnFcOpfYqkj7LGqXdcNO5,TkAQy7Vkkjj167zsI_264
-WtdvfnpzZ9xBYHQZ-fgh,jpyHKoiNeERsD7mkNpfgg
u3dAiRJzbJXdNlfeB8rYd,NXZyInKnoF5daXTVu1EqJ
50s7quwvghSZSxcKHq96m,IRn3ajmS30r2GqU6YgeyR
spxs7N4mk_iZl-yBJ61kO,k6zKf-AaVWBSzO0PA8EHE
I8sAxrY6ERCdsdOLdvh7r,jfdM13Pme-eQ5jpJn0dP0
enczekaxKaV6ZyL6MIEEt,y3VrZ8AeRZ_Rkq3NQVN9X
0icgqupJIxyIqV6EsK-l-,0V5DfAMPaqeCdvARdJrHT
Od2er3i7_6mg-w4ijBkaR,OWMFZbNc1ZkiNCg5eAPmG
oVIUkZhsbZ24M_jxLYheH,UsyX0wMKNlBzsfJP92QJi
BUZEyMEEO8PureGU-3bG5,9xeviGckqdv-HVJ5rPWLT
WNKO0zNZqeDeFBNjrCkEV,W7AumcL2_Zy_q7qiQQep8
A_nZsANpFxvck2nQ5Q2oh,RQRvy5QKVTqxDigGvats_
2roV7VBT_e0wPIM1qGjK4,shkgRxhYj83JrPvWmySzg
jVLOPxd6HCqLFRX2Fo5De,opn3Eb-N3uN-U1wgtsy-E
wlWgDph25VsDZfpDkop1N,Krrv4JWQcdFp5dTd2XI_u
ecBpC0rblPAXTCvnlLRHC,GYhIktSfp9UT-3dCAKwZ4
RC0-iESDwXvgv17gyMJ8D,vTsoMMdO8fkPay3cehLpk
H3hCSuur1-PhPOdkX04ET,z1UuXPk_nwIFEhjS05km0
h8Yka0wAv51OlwEVlpR0Q,-qd-i8liWlVRUmVT_pmfV
zkAMhFk9THOifYOn4i9GR,lsnJl56BoT1Cibe2RYZGn
lG0jfhTHT60Xsz7YndkjP,FD6VnjRMr5RUYb06wwVzS
T_KvhgT5FFNz-WLwB_-IX,yHPF0U3SLBn9USVSsezn2
eU4BXxOPFlsUUV0ddp9A-,OGGlZTiH61D4KE_ru1HTj
6ckgYyM2ggTforAskzIRP,uLd-xg-fJ89DTKqPfCm3c
zGKvGZ4UBVTfN6IxZFjgY,Gfy0pNKpXpFka1cUybAPd
vznXsLZ23uZ0ez-PS0Y52,_9PFHE8XeWZq7WPVR39-4
dZMfxZagYvHH9T7XjKgln,2cr_TZIXUhQWGLt-yuQth
fmLhIb-kv9Jis7x-JX7kg,ZOyYA-2m3BHdUV5I8SYor
EdENgyRs-HLotnjysVRKZ,2loCb91h1PffdM38Dzodx
SQVRPvRr14gYXDlg7nAWT,_jlxgtz5sFoFEExZ65lkp
O-4u1xRUWB6LBeo10O279,CzJ_BqlmflRCTSXYYIgIw
5lgKjqPaON5jpcB-r2vyc,5lszhhU9-CkDsYufWD2wy
wtCarNIZmLxyUyQcCSsLt,gG4KyshoMrzdppUykRqrV
G1fJIRBu6AgD0XvO0q01D,DzWsSAjmRvVu4oWIrp-6_
Fz4NbhxAYEIyeoOLPyfRk,XdUwpXVqKEmfy7D3ajKwc
NSQj8cQta0DZ0XrK4nn_t,oN-HJ7Ss1KXP4E9LFpF5B
xJYKeZGvLgDdnV_RB7I-1,eNaxdeFYuidyFeuPXXKHs
9CrAdIalM89tGa7ggfwA4,NEy7LV2-NHB9HlwEuvdNx
RqD7Mc__0U-hleCH9ZNqz,R_FhGuD2xAndVbo8ZgCe2
hf_BMq4A_KK4OZ6UTWMAn,CGYyBCf6mU2XqJHIEg67W
cSaD9uWDcfuOR6UWEDBbG,YN5nxASJUZxsinLCEnIAP
3pjUnii2_nKZYNNZAwiWv,LugSmU8DI1lWYhw3f0zXp
h74-bVOK4UXmRtQEdEBvn,SKz2nK3mghTbBPYQlfvdn
VeuypqL7BSc-Zz1W-W6JN,vLoGSowcO4kgxvUYiG4J9
yOSW-jOgtkTaPS4uQ0TCA,pgNCWHTshaHeV_5NRKQxV
EnobBhtWcwGHaNEyJLuF8,EIWPdTMcyxJzXiJWGlilp
fvqv_8sPbTn478_lu-Opv,gh8CqS_Q1jkPvMByIlHk4
qO1_V0Zmp1k_pGlHutpVa,Sy93i95Tk0ath63O3GhXq
1WRpGCY8dig7y-4VwjzSZ,ntOVfZ4_W5Nri3iIhZBIX
FUDMGVKrXUsYvZqWILe8U,bXceutJBPb5kqOj4Rtmf7
83XAPA_eNRGY3V8fgQdk0,3qTuKiTqoMt8bV3oeGoxj
aefpqeO5r6fP9ttUmwWVE,Nc5pIzpXdpHeIHcXVhTtT
bKLtLiNOxBAdjA-ldhrfW,Aeiwo2pK89RE3VG6Cy2nS
fdHciAkwm4nj6irujwty_,UD7GDqwLIFJTXBkYWclgW
ttJtdf_5ywaR6QnrAvIwP,BrcbcFEb5ZaUIuxYnaHP1
nL-mMaqmllEdsoHS8iCVb,56nUeZ0XLTSj-WfROtAaL
sYi9KHweoZJnG4mqpLyNi,c2HdlC5LudRJo33OJ6rJk
Bfh2zfGBIBWhbmvB40pYA,8usb3j9CNVxkigF-26dz0
Ig54T6SGTDlFayshsHPk2,pgKIwPotNEXF7X5A-lGY2
mjV62Ry0wuty-SNz9U3N3,zl8_sbIRpq1muqOkRv9nf
HuPC5l7P-CxgYBDKTUYN0,S1p43r2Fq48Xc9wyfvLr-
g-o24kdBMlu9G2PjDnN1H,JEpVftC6RFrxDASQg1kcf
sZu7CdeoPpO1hzx2KqOAT,y3CyvYq9cR-wCuRDUKXhg
YtYqTutssFIEsAcYRhs7C,pASLwejMG7ST_LFs3stCh
oQ0xWzkjyimarRQyXTKI0,r9chEctXtxiqYIv94sScs
ELx-6NF6rXiHzWN_LYuK1,Gh17fSTTjK2lmtnAxPXdI
772mIJfNhBjI20FswPcKS,xeFpJNn0Gftb19ciH-m8e
O_VfnaPrqjBGfoazkRhkS,_pTv5N0rkkuqrgZTaIO1y
dzbmF68PxzLue2BXrBH6M,L1AvfXKO50NsJ2NyBZlKY
KXESWDYS1MazI0XSP_d57,wxcoZbZ4W0Yokl6x4y-Eb
sb5j7Sj1cHJAO24J0W84I,cvkxV0a65G4HXL4AY9WEp
4idmby63Ll67BEzh4yuns,aGVLs5DAubGEfcCLGxtAK
ga_55QmoAQABHDkOFDUmF,hX_A91YXMc6RYH1MIBkkw
L984GeuXyNW7POa27zrZ2,ZaecL-tECfk4cYp3ImeAM
yXocn44GiwedHwvZ-9ta2,niYfBas_j-ae43hIKcnOZ
NQOGxMzmJHnqdKaJ0tVXx,AEE_1-4W09Txm8Op2Svr-
pYyvt6vyeSvWkMeksb3hP,3fsADO9-IZFZIyCo6vfOL
_08B4_J51zPNcuar43Zrf,g8H8_H4ZkqDPSuSS_rqyU
chYyi4HkUapKVwF4lSik6,1HlI2dyAswCVwfkHiHn5A
l9SdWowkLjBHVGOOINF4-,nVHaeVDlUUoYONaBqz-IY
dQoYsvG9gRUacduyII_5x,V4s_C-q4l06S4gCt8nLN0
Drr64sFc1xaAZ498VtNy8,VsuvzJJ4wgknjRU419olp
pD76swnpX-l7BZFVwKf4r,BpT4mvl4OLhlY7QaB1uX3
cSBb8DxcIrAzx_I1NrQ1e,TE9QnQoEQSv38KtP9gUAC
_yOlJ_qik9njbr8gUrzAE,QZgSsZdzJAEnhLzrrIazY
iNKgWO9XDjVgAUpjozu9S,9CWJo0sEsEtATvFBtT6MH
Gf7UG7ACnNEwxPKi0MYcI,4Fg2xJA9nxW56sZyebp_T
-eHTAvwwkKuXBJnRbkn4c,p8MLUVRO4PoAaHWOHwFuj
QjWAQHs-XNl_jbluXiFbp,QZk3CNBYLccjqCs7_RZI4
HwXBQWVyKN-Hx9c0hVT9l,IIZ5qr1_fZg-K3No_VRa1
Nxmvn7EkpZW320OOLaa4u,_hSCQU_MFaIrPTGpkOSwY
eP_ezr5ngRaTsXsndywrx,iqA-AsVvCLuP-llzdgNw5
OL9P9LoKt4nyz3IwJ-08j,SkHZQzBxGy2ia3SZjPinS
xy74j3QUPTxhfNKIydjxS,ERz6vGFnBr8I3m2FB1IlH
P0bg2kbhz1p7C53-EsNSy,9PmQ19lTHftEYVLX_oSCR
n8oflW7Ul5eF4Wea6VplR,ll247i-qqma6lcOFPT3xa
dYPz5tJIoEM-h6u3Mrjt1,pv2KIkyTxWVzUj_tUcxfp
h0JhkVfjd8gYoVR8Ak75a,d2vOuAKS6spSoh3-Fntv-
quvrXImXWY06_PrraqK7G,6YE5bDeb8OtaSIej7MZij
G5td8D9lkqgDVlzvAA06-,2ahppgNk0T-jVnYW2CNSc
PELjCF_4yY_Cot6H8FR5H,abuoB2UGT2hJghA1nOvwG
1ZvZtjbouh9zC3pIXrPLp,u3XjZHfUKnlOu2N_oLwzj
1ON3AJYgU5la1I8vFDq3f,v3wY11ctD1BC8MXVG831i
CWsTh8QSrz2VTZGmTnZju,deKGleBpFL8p_5SnV-ORY
dIeMJ6l8aLBdZzr2N81kY,VgkqLzVCamjU1i2wk4DK-
m3PJhPdyxvYd_9CKgRv0M,ybiXBrZX7MXu3T-doAFTD
UHynXU-CS_Gn_MfvqT3JD,niskLPwv8TJbIdEXFA6ep
R-OV7XpDp8U3OxMrKbiqw,rLnJSKdRSPTt6aHqkbYHr
bv1_YCqIAOAdj8K-PWdq9,TSh5A2g7u-p0usTskdVs6
ym2XESXcBJS9WP165sRy9,255zNObGO4-LaYp1aZ98O
u54C5dObkN-AjEP_Sx6pW,vp_DYWIIL6vfXoUVv38hc
7ZZOA_SLMKW736k-ElQ6t,dq6zMt1l22HwhBpX-t0HE
Or8BDGOnSjjDb5Z2oWBKY,xVXinrqLQ8ljOn5rXd1is
bln02hvoal2pf7sidXV4F,YRg_WG39pX3dvXVnh9eOv
9rvQNq0aCxfU0k2eu9eXd,5d_TvZr_1SHDh3rH0_Tpy
5CN1gB8ksdwZrq2h0upZn,-tM9FHtlhelJDM0t7kbUe
Jij8MxHJuY2P75fFuZatX,sTUNpBMN9-Wf9zv7hum7l
z7sM59vYiw3rPlsOwwAdf,TNvGz7mYM4PV6h2JJ8CYD
CS5Btue_u25ugeBqEm06y,urwCsVTX5YHCekDNPOAOe
pEA13NRZEq0OniXQUwYRA,yjG_KLdd3sH4opOPmTcyf
6d6C_2Dpxbuo4tEwcLp-O,OlvpN9jareahAuMvikwuF
8cUaxiMMBdUIloElLewVB,iU52G7rEkHfWxhJSG4Mt9
pkCh_mFA5oKjJR6kUOF18,EMkwl78WXGvWoeN6Lh2un
ZHF_QE9WLM5Wnh8omxiVq,rd0wUYtyt2Bhc8xB53eo8
Mdpz_FEPTwST_FmasBK0u,V2CgLK298Q0-Um7N6HnCu
KaTKjSMhEA28zO_BHwE38,7KelWyt_r3HKGlhr0skcf
QrNcbFyq7Y-e301T0Y1GM,fiW9HDBpdL0a0XNsnkzBF
338hH24VJXLCYaSr9_C2A,txQWP5GqUioH_DtjXPLwC
LLLWKRGw-YZZKTPyVJczO,QUyJUJs6l8t7szQrHEdHl
11aGrTQj31YhxAa0gO2S1,X_oaENviHFSGFZ13HHsW-
Tf5JMrSO1_cBZ2vjKuJQg,841xWO0l7jl080p1TzGZL
hdp06hgMM3zGFH8evPZ4m,KBzY3oXMZjV_1x7n8W7qz
0x307FfrcyODhj-B9tqUQ,81Avl5PQ5qD3ctoDf8_Wa
L_3Tfe6oT-y5mQQF-WjMB,YuukaYr90FUPauHCkSFkW
rHLopQf-q3WCRqf9ewt8l,zZEU4TpY4RCDg0X0HTfuK
Es908AT1h1x3Kmf_9oeSs,UYpCN3gY96yQ2PqyWTs5A
2e0crshBBLCrssHz88FBo,nOy0t8fkDACdVvSoo4sct
1KDvqCTaz1TbLL8HpLr8W,uPU324vHcQHRyPFNaCgbt
5FPueyOngALJEUrVgcFG9,yv5yZ2hKNxvl7klGZ641T
lAlVp3MtdobYkOQMI9VmD,2r-tFk3esaQl5KG-1yoS7
qgMsBeUJSasr8FU_7W0xO,6Y23kyplEyjzCeGqzZJkq
M31gNWik4mBQNp6ghvKF9,UcaEJqtZVp5xYK3XrJr2Q
YWk6-l_tweL7rElyK1pTr,anTimPQQ9m9fVDjv42J1T
1A1v-YHFJ_IGL6YxTYfXn,OMDimLY92jBT1abP2uGVQ
wCEBMtNqEnyXHe5WOQJ_B,1jNxKAA9gpHzZ7XtyifUo
G2Em11jPhBR-dVl773ZG0,7KOlaBP_wfbaOvYujFX6X
5t73OpVkVPRuxMxLmEOoZ,J42Dt4I1XIgx5QXjhZS7u
_sP0cSsvx9eBkWWUvlAbE,034Qlf3Aya_BhdTkRqXT8
Nbx5h_qB-4tPF6qgzDzke,_dQtPSky1o8YN2i1zYPJX
yU3DFcnE7ZtWaYOFtW7oU,T8Q_cNU8nLjUkAg2pkf3M
BBhI4TAxoR_eAuccMnOo4,NIn3HHqQHotC7jO76j5h-
BeNO68XW-WsNOh5dzRAs-,Mju9B8sYKyTNKrd9zGUC5
isdytQmxv6Xb8SpYfejos,MJQz2_8zc6TKwsS-IsLag
OyoRB9fnpX3_DRBkTzFdL,mZF0wG8mkM3wGu5XwbWvZ
3y2dMHP3nPyTO4iqXb2a0,pyzGcjkBuLbkexEHjtrqY
yrAA9R5VaR3BhGT28lx4z,_Ab2WI4SnhoJ1hbacCm_f
eQ9GlvZ1lLdiTR-hmeacR,UCaO_HRzBsVfhPdd-vVQT
_MGFg-LJa9wbdbcrs0A1F,FXwZLJnsMjvdEQ61ic5dV
JOZS9rokRkwcOToNFbYBE,AQrU3KN3AGal4jnKoT4p4
I4lNSIxdh54l-Lof3J8H2,zG_9iC2MdMgGhL0z6QuFg
h15gjdbNJTA0zs1TA9kt-,RVI-U0MhT8UZY5fmBWx4t
UtGb-BrPT1Tmhqx2aH_uv,cK2V-Fo8KxAUYCEbENMPR
d1mmWEVglI3vUPYj5WS_7,LVUROCB1G8nFCgF-8bT-c
xscwZf8Liyi84eflSeUTE,NY7jIW5icqHJjgohQxbb9
BQQ6dVXkANHURpbpmpdbM,7bJy2p7z6FnZtY7LZ5JL1
pxdXfFKrwQHo9irauWBRy,1rxYorA8DHf0FoavTnm0Z
3J1ZwtGApcwunao6MBulq,k5aYEyky7PFfjod9x9y_p
45ihJtRV6RkBRAaP2LVBi,NdtJFDV2yGOPA0j_gCxqR
H8sQeNNZfe5rIR3FYhe4F,sX9ubxDRebzxseDdgot4y
wwd1Rz0Pbbv1BsLwG7fyK,q9loafWof4hmp3FKuT_B2
KZirAytZztttlcLVcDBtQ,qkioFK6ya2aMWdin9oGC7
ki5Za8sLwawhc6JOFRg8S,vJei0GAFQK2Cn0apa8v4O
rhn6Yj0qeFPOUFYS4w4JW,3JKeo2-Pm0GLe7GxTKShT
M9-KTF-_ftRXJ9hxO4s7w,mO5oCksw02Xe-5KiVP48d
YnP-Z5fEGdEVtmAAbmYdx,IJzJJM8cbY6gI2da3rmZO
_sJHSroNC9yC6OXZa0Igf,O3JRrnuSCh_-KKbzLUhw3
VCsXiSCi_WWptOo7mRvHg,t7T5KmKsy6MMcVuXsq1-S
LXq3T-7a8x9BDOJhDJ3e3,ZGTgTcpi-utjcHjdLqWZY
_yTrCWhtFaJujBwQgFbYM,38uy_yzu3WWZ8tknJr0Bi
qk-hOSs2zf4OE6wXkfbbX,HJixqnx_avvZuVfFYgM3o
J8GijRERERNwTjDAdGgkx,CX0KaSHI-XRLHLVGLpQFQ
dV0HY1-vQCDxWsgr9t_M9,LgE0FMXnZ2ytNY_ezHjE0
WTDywrtB9Fliy-gBF5yad,jZs5zo5oezGgE0i2_e8O1
lCYvjVlKsuoQs6vFKvcY2,1_LHoPRZ3zWssZdLHwvnx
kGZQEgpWevaPQpnIhUVVg,J_wzCd0LzPwfjs71QESbw
kNMDOqk4lYH98SQsb0gMZ,o2AgX3QUduqKmYgms8YKy
E5CjIH81wiAkmMs5NUkWc,Qu27qvg84xnqNU5CV5GRj
3bJl7CllOvCQidN7mqMCG,WU4kWPLE3gaN3Bge4zNSo
1Uc-S6IF-nqJvJkVAEDd7,ZXykh5Z2h-3cVDP7oCiYb
9-3wsGrkIQlNwGw6x9re2,IYpmTvgHYa9qKsy5kWL9d
R073I9p3J16aKhYgF-F00,sTeoj9W26WeOWugMzA6DV
5BhHMQ7P843XzGlcO3s4R,aC3SvKjjOUg1khX4n1K8r
Gh8YiXA663Og7lBsNpQkv,ZS2IzXUajVm1WXG83llSA
0xpSId5_sCkN1VD0yx3aV,rQGmFyu5s1wx3uAf8csV-
UCOtb2IshWv5WJ-_t2llm,SJggq5SFwVcdGLdVRDnRd
L_z3FIOUredjIUu4GCYxP,ALdoNDv_IkCBrpsozpYAQ
A0ir8U3mDd1d1s0w3ivRX,f2xzDEvIB7DIRdvxp0_Hj
vX5Rk11snjMJrmx2XvJ9e,d2niNjpHVO7xKnw0dkV43
UxcqMuOasGfd3qiHFvCD3,Swznv8lLLW0pOeKbt1nGn
SLdpr4AdmMbnuKKGjnV78,AFVEA8sjIFRBF2zb3D5YL
01uQMzl5GMODaVs1VCgF9,eSmUN6UUVnIzv_PLbaF7t
nkem27xqYsq6n4tqqZ_y0,XNKJwYCDRxQmG0bOXo710
3Z8IrDOSqUv5teSGsNrMS,uBQlAHNmVGt6D36IA_SWv
S9NeRRDeSv2s_RA9bNpg8,0HIIlSihfV_NuwxWMcP4_
33VKZdsWurPW55thGKafu,ovxxM4YPJSwRJZB4f29CR
I_7ASoH8tfR8ktyoSOGek,RfyYwXnpFZwgX3cKekcuI
gpxGNBcW5aX3G5qqWUf0R,4vN5IXcHGEiaospRhxpZ6
ZTKfv1Y73cWRFGlSn0EML,g6PAOFt1FzPPxxFXbbYfF
cmtZpVryEAOXY-E9Svda5,l4x2VN9wYg7ucRvoDO2PG
CHlTFWYx4WC-3-_t9_xz8,lcyk-wWZUhehGeaLIgSay
PSZ2RvDErkGkoXE6VSv8n,r2CD-A61xNyDcjqlNIDth
wAYm8GaOTQSxYDMdeGOte,eQOFRgzWKrYZggy6gfjOl
rNf17JrmBvvHATCzYGQtU,AstL880O8-P3ceZNjXE5w
629qvGHDyBY_uGYLou09d,q88DzLDvXLwpqWS_0UBKf
OBl-IdmxLxsduFJyGNvnY,q8XcpGs7MlwowvsIw5Vw2
D32k75fXk2znroyFfYATA,GwXsJjqaHQ18h2jqXDLFD
L_zxdDcwGfcwnjp0I5OCJ,c5Zm3QWyMa9uCOpeltui9
TnR5nRaA-DJkTrnTEFlD7,2wnw9TjIaIwW1mPranZLO
6ZT57qVgpZmSAqaJOJcHU,ZqtybDQt77192BiHA3gyk
azYFDjvT2WZ4C1X0pKB67,Mww_ysZzN1Z7vlqTP6uWu
uWZvvWaKjzsU1-4L7db4y,ZgtdUNO38uUpZuVHNwpLn
P8dRokFTBEeBbYq0e8xDD,o-_nAfiqrsVUfCG_vx5d0
QOD-I3YG9mncKtXr7vNt0,wF0mL2Yc328RcPZ0hstRC
mLcQpFpO0yGlFLeYLqR4q,g_TbH_BBORjlnY0zgX2v-
qI-DAMzde3mDJX1ne3E1l,F1NiYe1Vd1skH431CJajv
zuVs-NFfNJg0pxqfKgnz8,4vQXAotJ4t2F7C8kb-If9
5kc8CLpRvXc2PxIBk6ChD,lZpHZZ5hpnIhR6kAsbbMJ
l_GTNHUCmso60y5ny7J71,TENkvrBnPOfXrobtF_BMO
CA8kIXmR6eyu45SXUwbG5,iZmrGQW2dqgh43mZ5k9g3
KcOzDRg-lBX3DqRPkgSWP,ICF0MxLmbKgUfNUOIn6hO
JBieIJDttYVEVzj292F3b,5YAaC_cSylUmu_xFOQ4ri
ClMuQVcYEbTpve4wIGaXd,qoCAQ65RVW_gX_PwvY3DX
yOzLm9b7RUeMWwfO1AzsF,rrjPycci9l1KUKoNLVLTt
Pa3wxhzVnaLVZ72QfAK9g,cR4auQTkdDIPRrn6IF31a
k4gQU73RlHAX49cHrFNTb,OJbYYmUozU_kTyisQewpd
BPY5DvQdJg7pP4EUEwLbu,XRj-WxJHCPMUkfwfHGHC3
zINWufFqupP36-nuHc-dg,QQ0LLm-AGrC0iiBGKdLxN
hu4adeRaY2_RK04vSSoq_,OHW8ocfx8Cy0_z_RID2Ho
tRDpyA8rdF-yUizkCBLm8,U0OD0dfSbS_ssq905dPnc
Gnr022WQ7-Ewz-NP6FD5R,47NT6nhlWzGSUz7mNmU28
JG0qQ7nzXcWd0zHkADXGT,_THEgtLY7y-2fD2eSiTdQ
wxFC_9NRRmRrGoBOG56X6,lTT1msuHDrZjfGNRXEN8Z
J9kNsq9dHruN2_yzyMBwq,VZWXXjVmvXqwfjp3pLceX
3LoJB_QEGSVqrKgT8mvnf,lXZLqYjYzgDYF9hVUnSxp
UHyfzXF9LLWo1G6clhgwu,zLfgIDHKAjrmxD5nXPpIe
b3J3tvhGzIDk3Rd_ssDy5,B7esj8s4Q73ktXZmFQ8_1
m-IzQuWmAT1xR9bJRac0z,ssqeSus2f8gjOGu6VUXFx
Q_gev9kSVKl1BILSjvQmv,Y-bB7Ukbb2rzImounEeRD
m1wfOkoEzCT1N2gZpz4Ay,iw2eH_SDKFaCqHUHT2Ifw
M7Hm6AnA28WddJEzSNqzK,CVRPFci882UecePyUkhe8
fRCxQS4ptQ-3NhP15ZhJx,_3Ow1Cs4lddRz4aUdOyhJ
UmcEHpsfIC1EFI8AqX7s4,Ke3ZgDn4ApQ_j96ALvyEg
hUOwrGqtXvoBOJCdbfQrS,LWrUuuq488DnASfp9jty3
K-xGnHLX_bh49AT33WTSb,RK0i9ozNf0EHNMZc-g1p2
0LGrG3pVODAp70X9LltPL,cdyeob4RkMvr84iUWXzBS
RIuLn4oPbQpGqAHRuMn8V,YXi1vhNwqaDgPqh5bzPEZ
ijjp2vjozaWWgMd2qiUBr,9r79Z1yFF3tojAPgIU8LQ
uST7kqd54xNf0jO_xma6h,2CmcFqwHAkwDNOhoUCTIj
SmGaCet2LwJwz6bqb-0bf,UJy673Lf-bpQscLy2Iz1X
xB9Y0-gZ_uPgvL8KzgRlh,ZMU_CXkVc44bV0c-0oenq
OZsaSeBv-PuZbpRiztaMV,bLaCp1M9Be1aU9krSegeX
TPkoEnufigi9VE0mWIrST,AuEUQH3hqVvnXpddmkSjl
Nu3OnFF_qt_xr2ZxIJz_u,oTIf2zNJzOzvFW4Zy9cVn
01HPnipEiQcko3WNeo4pk,E3oADHPICUDA155VmADxj
AWx_-_2gAXnQYBtVDyYQe,UpsaA2Hktt1n5cpFet-d6
ZNcqm3iAEIuCLj0BlYhlj,vUJoqoBBe6vCAqotOoNfe
D71X49wOhJjLcVnhanMIY,1nq10OgG7tGriluNllOxr
I1gP0GZIQjCw-AUojFtez,Fj5MfMwoU7coMCyUigyGO
6sgOpKJZCsW4xy_fG6sMc,Hi_JNn_MUSt_XImigkhg1
och7mm06_WMdSsD_dkW8L,6yRCSNiNn5-J9KUBhEoVa
gHRMei-Xf8wxWe7nm1Ehz,22kAc_2sAiMmWmXTmDb_1
EHdUTF8rOYPuiAdiZ1r4C,0xzHXiJ8-eM0z0NQ8FdqA
cvgJJHDq5SI3NfFs3umjX,H3AItS_-_hb6vhrQn9kGF
vcWmkrL2bLNFGfluiDbfm,Zvxi4zREFdgpwZH9yY9mu
WJuiSoowqMv2RRXYvhfTs,B4IbWNjrULDRwAbedvbA4
t8WmQJVvEZriF48BySyBt,UHfOaAEU9XWmxUzZQejid
l34qLcHAzf-AGze-hRr-V,cwb70pE8fR6YDkIz0gPtU
krssgBVpjSzYXW7tKutNB,5Nkc2UtN2Suf4AW3L0v5K
1XPOH-rnfAg0T--Z53pzQ,V7ZqKW_H-wOnyFDY0VI0w
6jRp1MWf96LSvaJgtDBm0,TpUXU2JXIUwhWeocUExss
FytBPIQDCK2_62wFVr0tv,1bebQeEy1T9jH8ITvu5ZE
C13ksmXS-f2tNgHrJoC3t,0-rBnHSu4uYAIwEoFNXfh
XiJgoPkiL32q1qoTluJ6u,JNOieiF9Ygs8StQ-stMdt
GmGubS6llojCZR7bAxHOE,1YM7YIftN2oaSvhj6ksgW
ko44f1QsrDYYgPaYwOXvH,ZHzwA0VlKa71Nvjqoj91G
9BxQWTEZEjFKlVcxmGua7,FOsPPd7G3KDIEJEebAMME
RpgDF3WrGcZq5-JYgr_xq,_6l0nH4GRot9SvF10ZrZ6
J8cdhU2l54TvokKEqm2hE,07cMQiogoEnKbKfHEfbBO
p5sX_7tJkeSQZldaVyD9e,fqPz-ZqiYMO1P48S8A-et
Njy6DEOu1jS7umiCgbCmg,hCJWTJaHon7_DpS_H88RB
NW0U8yAuTHt2iyhPEFp0t,Hi77KSr7isY0TlHuU1kag
PNV88VQD2i3QwADb3GXKA,MfZEHZK5OsIhZ2DNgCp1h
idqAVoLGa3M6SzlmQDQS0,A_9PriO7a39EAnBVl8tJj
4Q0wvAkr2aP_z-yTFKdcl,FzIYjxA6rQhENxhPjE9p0
QOrTqA4pevsWEuzDDS2uE,L1XLaA5ocKl2FkIJn-Y5G
kSJjPYFIgblSRWSpfmCCr,sjY7zhoujcVWKoebw-6tt
ulFjx2VpsPmyx0pDNqzme,kT3RiiHGjxmIubqDuBfJ2
z67Q3T-oxRodJXECkHwWc,u5Thx_bv8P-e7hgnwfOTT
6NXKllWH_CKVSI5BtritN,H7mcCmu7DZr7ZJFxeDmFb
k70pTVIms3OTxr-OAXDcZ,s65Tm_47F219EiPCuJc1p
3nZrsEoLjT7XxX1viaDJl,kAThspRgcIqE5uwGHD-Ry
Kh2qFHSrhlLKS81hN91No,Rb23JiGjeDyEksKqRFgVx
ZBl7GMRu8nZ4NJ7YXzwIG,vKwJ2lkxpuL-XPrEc4Aj0
buRyF1SRe04L-73UPnkVR,luG_ptmpwxmlgTHUEhait
NM1IHrDBL1DIW4n_1KoHy,jnLbU6bNqzqzB9DwN2nuC
jmTscQM-9v0m5ttTTSlQC,99a274Y4ibG3mBzqBrjgr
DeDOGxPQKNiwivLWrEE62,qOfylcVjX9nKWEAWHdIXY
UuWiY2aDQeXhMYZywBlrs,zhpnTOkSAIGt_qrUHwVpz
0Iaqs_mEHYuTKYDbASaCj,FW1YOS0w--DDN82AUcNjj
DwJ_yXMUe0rJrtO_dethb,V_55eWxcaFCZaah_aMLce
AudLLLsLVtMNJUUiVmfRX,gBuYibMXbSGt3-vOzx9eH
ynfXBObN8sz1CG8KaSZ0g,fYvmW8sERkr5l9otMd_Vj
q-LWcxHGxLOCbNTjo7t1p,Y8SdZZUlL5dPbd2ax-2cm
mm5jyDKoH1kzX-9usUvAZ,gGii4PKmEEkzqy5RkL78B
BcVbR5Ov01VMOI_uKeE3q,gh9PNixKCPptbhQCkNTZJ
xxTbx87TAsyUlMshlmZpe,ywHaHWvRUoCj2SgmPn0TS
RVdUp8K0nw_e3MbXhgAqj,AJ_wgDGH4fWrHrKS91DRN
dwJMe8656Vsqxc7s8H6Rb,7s6NycZy6k0vvW9NvOmJA
9uXMul9DkHmn1i8MQLvVx,xhNURjnh_AKJyzINHwbxh
9NeBq3Lj2qAD3Rlf5J3If,Px_wAz21ebDRfIr7Gs6fl
3TJG7RXuOfGarop3xnEgz,W-1itsTP10koSohuo_sxq
hX2gl04JnHGOEjm-UprcB,cDmEBxXyRNnbcOmacPJDB
eZ5yicqml8Cj6jmwdNBZj,z_eP1LpwYtUeF0y3vEM4f
-rRHZzmx8mCXky78KOlGR,jsWryvgp-xJaOqcwy6s1f
loj69b1j1kUgQTaKM9Jf0,WoBzzHdxHytFuFp0YdZkH
XzWi3XPVMEB8yVe238iLt,QCTdqP4YP7WTeg-eAYE4c
MtjbzUmnF6bks3X6DCZiH,Qzb4q_z3byJeVhDVRybzM
PwTsoF-T8TZcduoSaroZp,rE25LQw_KQdxhSzx9qQFb
E8LagVOArsQvfIpBQFZQM,PUPqlUwVmlG7nodLn1_j1
ozhTNmkJhs2BtZdsQy1UO,opw1LxoceInSMdBqkge9X
Kksntw90ndLI2XAtTFka2,TII3waHUiUc57Wdjv1HSY
vBm9WL9qBvLVOoDsvOuCS,mkr5aYy1scFvnVEP20hzH
KMtPZ0CD1wmSyWVmzrvq1,8maz4tlApNMwW7PNNFruD
6OeilGEttXFw3grlfUcg-,5dY0KOekrrXOqrd4mVIWW
kXPjweoOKqZr0nthsOMj7,yQzDi_pI3SrznGvBaW0oL
l6w_OXkOpo-q6QfuNayxx,nRsLd77YACqTp53DHDrKD
EG5I-B6rXXFFdizkk8zFq,4SfFbSkseF-_1dLSZi4_P
360tlUqBDm5waOSO4DyjP,O8G44FqapN8-h6iiiEeo9
z-li_BWY7C5TxEUJa1bq5,CvNlH_k6AiO8CeulXXL7Q
M2jq-8AWovnH0bNGD66NK,zLYq8B54ePCORwYdlquEe
yevCUNFuOBWhORuuVQ0Bd,W7n8ohG8Dkz95QjEz5APK
y3XfI_dBik-12NKmwtjcm,_fFcYPzzb2wYhVeasiUgL
5uTQe4dG6HIXKL_Pc_RWX,AqDPKuwXelXfxjkFcQGb4
bU6GYaI2L-jsvIEPAY1Pd,uCJTHpiN3AYZriLK51FXr
NS3utLq6aWTRjL44CKcib,X0DMzfWOGLQyXXFBKRowE
W31LcCtewVIGRHPoYQ7rD,DCeHZtebU6e3zjh9TX5O4
g5iJYlAY9zNThMs4B3JuE,-iiXuTensBLGA9yOQVrJr
l9HnqsyoFmocz2RjeP_ip,4Xb5221liw6KNMt9XYyjD
zQLYCLwR8ooFaOxhcIHUm,HmOJrIa8gIBvrWgENBnhO
qTRIDm5gicvlrm7GQ47Ef,irHtZ3N20OC7Jrg5i-amP
6-31aD2pMfkUvhJ2VBSNn,BA6c-ZAY7Cuw9g2TN7z_C
_5a7GUgUuIJZUV6BXZBXG,p_7m-ohGYYeA31QjFwFAT
ZpvYo6nzh_8JA5YLm6Jst,HlqjnbU37Dx0CytbQ3pTc
UPPNwdlHsi9fUrbaMpc29,7QksTGUSvQXtQvTej01hQ
MTxAFYfhHcADief1cKPoh,HiYHF23LCsoluN-tozMrs
Egq2byLeYNWERIY6UH5zC,K-E23YwgttOcRcQfeqRVD
6Zlj01hU0CufvQl82AJ7-,crO6vv_BV4WNmaH-swKi1
mxX45tYXMVYFV4EU-XNU-,A5cItVCv65vbZXSO4f7jn
C3NVRvP0tnG_MQvQ1CBCJ,a5zHXhdVvUynqGlYxWKSD
jJOsdXJAC4u3MjbHr6BQG,s2vCX44-1JSPBeXYMrMi7
GLIN_4cGVhLyn_kZDm-_F,hf951-u21F5TLYc1iJsIk
J5nzxrcDiGOlWDZmYnfq5,55bOb9MSD8CneQ8ASamU2
gMFuQMi2dkcyV8ru_65-Y,gsJivEAKCRJ0-j2ZocEI0
RhxI3UEbHWmrmxe-329Bc,1iAZFLzLRAtbeR6xdc3JJ
-VpW00ihcMaZd-PSnRaTR,tBe7_Y9ppAGPCSzH9XXGx
e3YpQfTtdpaA2eAOEOAUj,8PEpOMH3RhGURmN97BIdm
wTgR5-nH1237nh42exTZ7,8CUiYp71xGZJE7RRQl_G1
Yw3FeQGyvOZvUl2Wdumuo,mNuU4AzY5w-R9bD654X2g
7A8NimQlzbTYbc6bpcAVA,4fo5tEcz8Cq7fDVWg9TLT
nA-fgY4zf7_xe8ha-XdSH,TsimptnlIU8WpaNwJry8h
EwUz5LT6LUN9xBOGBLB4k,GD_1aj7nmalCNolddlUaZ
zh3HLymLE_IGBVo3Mv7Oq,v_HuWnjln014qfie28Fhd
qFSvBKcsUrotAwqXZPuzg,6p3WI2dV1P13pTcJwa_ki
epSr980sjhj9i-WuOnLta,0Dh3r4-dF8JviNp3EyF-2
WFb4azwGzfX3H2vBn9spQ,sxfoM90L4YMSyQ4rm6IU5
dwPaiZ4txnXZr5fcSr4ZZ,lEO02fM6WtKLDECgDl3dl
TFD3I3dp-3H4U6_RWggUC,XX014DvpC6dO3skGVf7w6
p2zwVARqO4NdXh311EE0u,hsxXr7CP74D2YiLamMqc2
px3zfYgioaXPy4ty9IBlB,2VPEgzqe4T7UHvq6TwnQL
2TFKpixggeUuoTWDd47Og,YNfFhz-3tlEuDo4zqkrxU
GLrfK-NC5PUw-OrR4n3bS,FSjrJjgUI8wyWCK0u5n0B
qQOhVpwcb2DbxsfOOiwqk,f80yZwnwFkxBYY5DpTZBi
XHuxQfCidxVIV84feSuJ9,-olkGvZCs40_xhwmohAQ1
qAU7dihPmC7QBHjLrPs0i,z1px-Pzf5MnTP_p--IRG1
wQUq8UeOaaLnoFpgoQoTW,Aa4KTazEmxQWAGV3-FYeu
hiZ03tThONYtveb7_lFBR,ETBVosVLjWoFUXVyJ_C1r
Xs1WMB1CLmuGaO9e8TR8J,uAmM1JUXHbkZXN6jyWNVZ
P6uNAf49K2bZ1aVX_VnN3,j5-zLZ0VZHgjrazgMdSuC
x0p7JkDbY6pb0bQZUqQs8,K_dJOPMyRdtWMPONsiXl6
-FMzQ2x6Lyy6I4hs8h_qn,jQrFZdtjA0KFY0eDUogGA
Uljb-hMO7apys4MWE_Hhk,olyYanZ3Z1z-MbeM9JBA3
bVLG1eEQ5VXtLG--l0GVc,_SeJOsFIL-zQA33UtKbRS
M2vyUJKVsRyhZ3uYs-KWg,VR0xa_HblFP5SwUWEs783
_MzL1Jin9IpXJ3GUFsZzI,GKsYCkUKRJ5GO7wwFgDGd
qI5paR0C2LTaKbj2iQsOI,so-QZiGxCrtQLRXlOZJao
j-B8nUekTsD8-JbSoLZhG,WeTtru4kiyj32903OhLAD
WYMIC0jeR55g9TtJ90vaZ,cKA0MODlbrXNQ05MOlRRV
4KeLECDT5ydbiDxuPESMI,_x917FDGoRs_RWOr8eJzj
qckzqPoMHpQxxj59XU5ml,AG0CTNSxBOJIAne1YzB8k
3f1Pk-tXUoDmvCr8un68A,I0VpPxtiosqaTE-G6epYs
ymgX1hZSrcIOih5RDbiT3,mERRJZqOsCVAebYpzMu5K
G3CSItEs66PUafI-Xj-eD,C7EhLUhixTlrGU2UGnD_s
hsKo1wwZNGP-4RzGrxR1p,27AscH-3BvpWtyeAZ5LZj
4v6GfJkEok5h6vtPCvOok,dXfjX0OhuzaX_API3VgiZ
9ofQ3Cjw1XQ9AtRrRCaKx,zhCuAj0XynGFqrNT3gqNG
XLhiDZZk7vIIUEa5J1Rlb,_aoonJEgTZSpiarwhsNPU
UIPfAkfT61pl15xwoRdMP,8GpjKlFgtEbUBSlfqd8Da
xKMqOn-Nm19H2K4rTLNLB,cPeanCWppsigetny3QPth
vuDlrftdFoY7SyX6u60se,zN3ZhVjA-tQCdgbsTaakM
MuF7J46Evvu8RvHjx4Zr-,ixMOF1QzaY4P3I5pb7f2x
U7g_gaTPH0DLC-olWAaTP,ZIhx0MDFGKw9PyjIbkqcq
Lbn3w7uIy6G9RK03AEOUj,zxSVkynSdlaoIgyfBDxit
9p9LavK6tybloBpj6rojE,o4Vy3OM7axMJEnG79IFEY
yL9H7v0of2fJNCBc3G45C,j3Ocj06Q6MulPpJFjZ3bj
fWjTn8tmd4FiYSFRLqIdO,A6e89a21hILtf7VMVSCTR
IoMiRdjl3kr6hzD7S0-MP,TWNuKULfZbPw2HVMRuUbW
UAb-Q7OziW_6K9btibcI0,dL4rfu1dtdnmDf2eDVvzr
-36gO85phL6STFlsnDd1j,9KbgZJ2hzODLU5XhYyJCw
pNiyyJJixsLa4y2imE1N1,4iQsUsPJ1DtuIO2quPnuE
5KeKjgQ2aO1lmIOADYwFI,psyBGQJO3yHoGCV7wcL5D
Tw4AEtwPwLrqZTgVt3WxD,AGjr9EF-MMqgNf5pac8mL
8xb5WY0e6TmuQGaUK6Anx,ftcV3zixIBGUv-h3u1GuU
YGx_9haThASZjoV0KO3GN,AyN2mh1-RGx3UgPyUeueQ
B-QoNK-kkp3yBFjZyQ-3E,Q_MbzkvidbIvFoGJgN4C4
r7Smd-SXpVokttsA_IOML,ED4YU6UHZ5UerroFM0UBT
WzliuWVQxaeO3k77m4PVR,fFSla1EWRRtRw0ugQ_lwl
oKqXRixdRr6nRP5ZrV04N,Ot0CH6GqFwtzjFAipQ5r3
ZJs2klVSrwZe2l8NHkk6L,jkqQOV1l5PudALqAk339_
dK9KHvq0aEHuFxYDBugZx,YrpJme4y9q6fLe0IM9Uwz
hDCQrI5dF-dAn7kADbSdL,MwO14bISg-UA6VhIJ5obz
txyLY3BBwQANU6wgnBdOT,MuSNIcT5NOqLnLhHo2mpr
wgWaiKNkLolauXDEk_gsB,_5oPoLKIzH5qSuQlUMtcY
G-LK5BVSvAm6-aTzJ7nnr,xMxEy7MdvNRaF1Sh3WfqK
YjcD6EiZJmCvwLa6AgwVL,OYbaSmJLFFF0dOsmuqXpB
qOxpThY0GNR3ZTiGqypI7,m_2xkPihynYTAP_0BN0JH
fR8KmfKVekDiA1gqX9XYb,qaxW0H_-pL2iwk2uSVLFL
0Y2fDLIxure9uTk2JkML3,9faXEg6aHhTLOQHGi5T5n
pO3SKEXykvXkk2M-T5EQB,L7O9wfOJ4oAUN4kaGhdog
4ruHEpAi39shZn6cxRQes,p-9psFhXW0Nma0_tCZtzq
ZEgDrWh6fNZb4iRbc-v9H,9dJR2mYCqL0wFsvUnz7YN
kI7BfdXtKDdcgs5c0bISM,ZVWL1tyGMJLF4dNK-6lU8
rHGf2B9IpkSrV-089SSJt,y-P1jd4L4xbSOtGXvcYZ-
mtuT4agJpLxDJU683Lsg7,SItBM59GHwZRNfuuR8Rae
yBTdmq-iOKPE3xPbyhszv,gxhrXWiRONyC3MA6F_6Wu
9Gn9z5-8tGE2fcs_opdJn,2vCBGmD2c5MKDII6lcazm
HLimgAChFc6zfC1GzVLUK,BGyMCV35MyU50xjd5Yjxy
xnyI-OoUnp27555_GByUn,55_Hephn_YLlRPve8HESt
ya0kEozbHDgPCV4PMglEH,86M3xFctzBGMYlFcEtqhP
v6G4KtK4YTr4gW26fBxEZ,OsiRT8dNV0FfTEoBG4Wrc
QsDquucOsyhjyAYjLrruK,WjJOeN-Y_hjpw0okXxihG
1cfY4nE8zJVADhw7zoRvV,M60NV9SrbYYso2qgVIcqg
SxqsXc3hBnv4FAbJIZ7QV,3aVqFpqumSuFRbM96Uilz
qjSiavdwXmIeo_HFSlZov,34anQHAA98AwhLNaUmzz-
6fb-Ovwya92isR8gFlYIH,7Lp0KdRWKaHB1ikFsSzQ_
PAeshvQIU4wq-E8TK7tZ5,aelwX6Atoj4FjgcdFh9Mm
VC_Ipv4M2yVNHd4sOxA58,EgkMr1Fy2bg_3yh8qFi0B
32IjBnd3ndbz9HeKuXcNt,faEOeqGVDjUP75mQArqpY
akKQKutAKH10aQLF8JVD1,_RWTHbS8IaqUsm9eWGLtB
Y8GhDEBwjMU2zbkYQvtbr,REbEfM0JxGEIOhdgPutHU
9_iEZBetgoE0pWrODLQ9U,rNnHFBiRfjyG9KYm1kA8b
dEiWxgPdX53xRzZylMNQj,KRgoCvqmWg34cD_UQIKRS
DIAuLVLjgC8EAT3hfI7wf,KcINmsurlZTMT17XUClY8
yzJbedsEW6SwJt3w9Yor4,1nK-kZ59-4tFY-LJ7cGjI
vzHkEXiYFfTh2QdoPHpX0,-dW4VAzVYmbSIXg8tqEGb
jwIectOeaWWLQO2OpWaO0,t0huHl0HPlrrYbpVsO23z
yqpDtJTfrxHUC9ExznC2-,C6ZAP9PBhdjFRCo8o7O6v
koHFl88U4PvQe1vo39QDv,6diuM80V-sDEj_y57g8NS
hAGs3EFXIDqdD2ef7CWd-,wey-Bc8Cs3Je8WvbveSYo
RbuOQM8VGc1I0qbFOrSyt,H2GSgHJ9tf_ggguoSIsIT
6GIdF4gq7Swg6yztvAyaX,EnRDYubINdMZOgs7127oR
KkxqwxmOczqEAIvH8E8Ei,1G-GncLUOhPqq9reTt4Mv
7iI0VFzZf9c8o0A9OJ5Yh,gGt03E4pQjQjEBpIuJ_CU
jBCLHBbkoDPrs5xX3QOM_,gMupBciRS2tWB-xM9VZFN
VBjTrz3fnOQj6o2dFJWLf,wS-9_jPFTzkmshRwsR7LF
ruc0IaZCtnNHtkQ_Hhcdo,Xs1A6yMHhK1qtk-nXjNm4
9QNfxn9BZdAJUYkcs128K,Ocr8JA-1vk-2UJqnQ6SmT
LS9n6xNVXFJ60JFY-Uo0o,10ihgCw85TvQmHUzB7b_b
mt6XdpPAcWLrZqiPeqbFK,JBEjEeRUA3R3SBCXvoGI1
Cu92Af-5JXLm2D2kHlEWZ,BfBDWETDL2iXSSmiFk8Nn
9yOZDPjZr7LWpVhc-JNas,miCV3245os5EMkOr5zu49
4a7jU6AUgeLSeOjxQXHaL,ujOupsfJaQBtEhLlBb7uf
Yb3UvL_Cjcq_DTTJ9auQP,WKK6BNS1gnZvggRDuPh3C
fTWkKFFlVPluGBOKqe7Lo,5f1jIPhktT38iFwdCNqrQ
iL_KXkaaHV9to9lxeaZys,Ot35iS8Ocn96tb2CPWJDK
HKEL9wDbNE7RXCsHeLbwI,4qLrAD-QCVPLzYfyVnbXS
4NqtqFXS83R5oDBAM3sOX,LXPeKMgkD76dycZft0G8Q
afs8ULfFTzDNbesnN6VLz,vMBhud9HGlOFqSIQd2yYD
99IeIj4gAFJnlJeEf3k0s,vXX-H8oetakGeq5VSQOMK
EGU7Ev5WPmBXpWj-K6-Sc,31nR1eh7XcSDwEFlsCfiJ
DCGHupccHiKrOvqclSuT6,YKew53LPb9hTEEcpa3NaM
FtZm5TqkqZkxOPicoMPSh,2t4tF8K-C5iPJ7-1IrRIZ
h4NMXas2yVtQ4JAmNbvaC,lTBh7pzjt3CAupCrFjEHo
Gx7qkxcvR_c6IvvNQKK3L,tVPYGEGCcIup7XTzjXmKQ
nCoX2igxXXqm6et4HjseG,roqUKgHNf_Ut0_GVH4-t-
ABxb6tEmtTDQWfVt4PScI,GDuNwK16iodKKYo3s2rTg
Q5ctOn3Ss9HzUwOYb17bT,tohwaf-4wHwsyx9hYsrp3
NS-75cM50xTxi-9uHs0J6,gr6KGvrsz1H3sXhI0KVk7
Nhb2znd0huGBnWADxiDEm,H3SosdtdzqmntCE5g4W4c
vNEOJMk0gTXsfG01pmPNX,77kxd5R9CleUBFFyezI8f
H40pWQHtcIkU0p2vjuVcl,tfHsfzUBERX8My7Ri0Tlb
g0SJpXDkRpys7VaxMNNuK,8-BfyLXITQ7dIBrSfph7H
AqsB25hnSPjZyzx43gY-C,UBxpAc6y0R44TkenzjBjK
vqGZsjOkKR0fUP5YJFGQv,aXuVMORoY35xuEfE_ji1N
fvmQ1rWV1mi3iSWFL4xmB,0h3fsouzenFNUAHNFBiol
BytjaiqO1f8uqAWLrmk-0,Vm4C-MkT5-_wbvnbrM1CT
L3Jg1-EaEM5tBtt_TJibx,gJrdP3AG6ep1KUhFp-6lB
bloyFQIRWKg6VFXXI6dOJ,EU2jfNte8yv0PlpwdJyTL
N-2INeW6z15GI8m9CUrqh,HMbIlccr-kH6ag4iL6ksh
y4jF0mINUE0Iwra8oJdHF,AfjXG3jVA09KczeLKBD6F
QrYL2Q6UVYeAuwld9V6DC,jxbN19f3s_rAkRBW7id7d
hCFDnrBcNqLkenS78xhWK,OoLjkM1e_aK75Mh6hpupL
soghvE_sVoKe4HEIIHZhz,VeIcQrpOCbItgmPFsDvRj
D3yIaUPZ2xRwGz67D_4hh,Ka18a0HTQIa9twzoIALux
IjrjdqguiFgsUPb_U83YN,dPYUJz9xBNgEAc2OzZGaz
X7R85qSZl4BQxG6oqICMn,jOiXAcg-w9c4BjAiM0uPI
FQO7_DJMmskgjE-Wl6vUT,-hPVTFhs0VR8ooGHNrlXQ
n2cOYmzGvKr1H9WWWj1Y2,VYt3RaG7wy-SijrDTjSAU
hc-ZG7SG5-wOeo-VsvCv7,x0W8NJ-Q2eSh_Qxgi18QZ
Tptf3DlwuXQ3Z4II4gc7P,TD8FMgqgaeYhxw5CYieUS
ryGLtsV_mH2l2akK7totQ,M8Enal7RRdpY1TRSbFaE1
dX1Sj9uf5SRyACuV-I-LV,YFTwNfiMHXFhFRwTo1c1O
PEAYFQ9iwYF6lN_W8Ko12,WNZSow0t68xN97-04lsDY
c35bMWtgMSCuR27gud84E,6z4ldu-ZlTjz7jl4P22Wv
qRicPKQ2XbxFWHF8ioy_m,IIIMnW8C50_cQjzftNbfd
iGsfnFwDgSKFI7sk1PIJb,gL_HR5HZi7Er8QOp7Pd-7
_chTbzWCoI16hEK6_s6Uj,AYz7WV_oKxX06cY_F47kM
c9vwjMmkJJNFa9JLfpOl9,aZ5rlwVA4XysQy1ARRS9M
2EPPpR2Ie5GajnuaMGReA,Mlg-0Br-rgWJxmArtoldy
bJLrCQTXZax_VnRlNLF61,aEnM64qM-h67J-17hgOPT
AgXscj28-5gUkbFuY3bnP,IYtR_Y_dvZJt-J9svLhs9
3qmzKQ8Vnj1nT3Sy7eFlL,r5Y78RjpU1ybv3AV97rQH
KZho1VYVgwQ2VAYk_FOVV,jveGBGZkXyDrtzrYV7BMc
BNcQEyk7Tre5Qhb9aKQbk,hbE0XcY0qxNiMQAI2faYz
BEOijnWmp8GMqAeD68cZS,2mdWzFXBVkd4H9vxn_033
Mlg_Dto8zFh-OSEKM4EVv,Z8M_6jyJAksfmrIQ11oDR
pweNLrGS_0hQ6wt6ydbxi,hKt4rZngJYevlHhwVXGtE
Vj1tvOBneN8qjba1G4zAO,eay9WaC5H7Hz18HxN8Hin
xd0l3QSmzVos1CpiU8rFs,cxosI_bn1JWe-4XKYGgbg
jcqyEy53sFWwLcE_Xe4Qu,ABL0hJtZJyhwsHFQTscyB
xEt602aujbB56YR4933BQ,cjqrWAdgGiLc8Hsc5B7Oi
MlI7ECivF6RBG3KHPYj5L,ORnwdFqMwUlH0TWSrLrIX
nQIF3rO8Qg0dTuF1LHmXV,2XgcYBmFePyRanuLT0wCc
KiarWiDpYROQctF_KTt8c,dgoYISkHsbnCNcXsQD5g8
WnFnZml9M_TzCMP3PfgLH,AYxhBoKT_PtlPwo60_OFC
CKIZQeGr7uTqzW_D4sCe8,Y7m4Y4Kq1jXSJ9b1IAvTo
5H3dcngNUH4TXuuGF1KL5,zwXf3S1241QANdUa0o4nd
P5El2NpvvAp7oet11XqYs,JV1U6W03n1V9JBaQ8BJnw
lsfxg3yyrTciJiyoIuc1I,YPhi7GJ4rgbqIktYV6tUf
Y2oqiotXWLk5_PcDy6LWt,a6WgahIw9pqnGb2xPFgsa
KtUOpTLoUSV2Nqqlfc3vt,Myb0aV24u3DGLXOAzh02k
jVgc15VkNKSBixiR6HkX8,0oyvnYrglfsxrtAYHhODg
_mA-qNg0qF5Bc1y-Aedcl,sh1LtOaeSGBNCo5bJrin2
wp9b9Fzfnv62-WGD4RIsF,YaNljEFfC7CUQtock93Ld
MTh6YVac8xkIGqwVZtM0q,l4SeB_8qRv4Oo5q6mZRYZ
k6-OTkJ25LRX6XcCsJGDV,t1q1sEB546C23WSPV7Eo3
wRfk_whrHcr81qKDOID4j,oKlv7-EcY5OPeuUPmstMD
7uvyI-qsKL1gm66f9UTel,d-YE_a29cbi2ztlEGq091
1wVLhBYQwGOAPnQ2xfBZF,QYbetE8KcPYcgRaoKFpo2
5UxjVP6q2z2MwpfUsSuYs,9u_4uJ9Fe6AiTAX9nvAju
yGxZ30yTCUvVhUW0N2B1a,ySXEMd5N6WYaxkc8jUapN
2HndZ29UOxbgLlCepujYF,FXtEXZdOQFrqTVVgs2LfY
9M3TbctBh0-ztXEz1x78J,XMCCfVudG381PxZ7K2ctJ
8ujjuWmp-W1lbYPlWDNYy,qEmTPEh6KqQijh_MBai24
19lpSgcRFpSmu3oj3HuBh,E8NJOS5WXNCvuUb36Nvtp
BDQlbuisuQdPtYZM1XXC4,Cbo4fBUOEQHKYaCstWiDk
lkj99TYG4LP-p8F68_pG5,MtIaZEAUJ12okHCrphyg_
ylUpwF4ZiQFeWlknXHaSr,33K5Jo-qw_BNCNBp2J60v
gR5l9Z7q4KqV2-MGXfsdk,CXqC1XXCzEACqDt1y5tMj
7-d5VGD3tqCHD1F_S2ONF,Sk4MXDy8GZSBW1Cx7wub4
5XqFjUhmVUeuUneJ_AruJ,cBQY9Z7B0gKMzCoSz96SZ
m13Rp2mDPZFaL-seVQd9j,RQgFvf-PbML8wsbEh1urt
nNOd8XDix4b64PcG9A9iq,fZvyGxQSyiTq1CULCVrtB
IP45xHwGIOON2iAjuh0fc,Uuhrdur5kWVCeJwvwlcOJ
Ts4U6RBFvLD4xcbhEisOj,m3ATSAFwPF-NW-S4zlgva
9c36B52XO6JrZGBNX0sda,8qf4Aqccl37pJykW7XTAQ
46x4VSJjeGG3pftp6wd6L,em919zKBEB5qFV8LudiVr
s99Z8GCuKcPPaU30jBS2q,XQFWOuN0F9rsih_4hUWng
eQF5JRXRnMDbRPSOaZL5R,bsgcTMTumWOcjYJ1HncBZ
38bY7LPzkjm9ieVyW_lOy,FffZ0mxnAYNE5z2Otdbd5
n3sD98Q7BBymPJIu2-IrL,3IzJzoAhp4lxm_4rlaQvA
YIUY0m29-pAtfW-jPnYMV,NjvDmsulHhkr7gAf695qR
Re6gORELkd8c89VEVoG-6,7-Pr475owwp73beHXOqR6
VgRqSaM3BjdZKWHi6fkc-,fibwSC11U0TUZNA8B5Hy8
celzw8o1DyyfTkxUl26qq,uhcs3TgdG-M-sfgAvNKst
NqwbHh1q-6u70Kpi2ySZL,ZePvjd_miBh8O7wE-BxIH
wyZGHr8szLHw1pnQvvxA_,QotgreI9nxAMIuaeSYhOF
w-KPoDOmd4Ff8smddyOwJ,XLEZdYz17ckAWWRY0HEVG
VD2N6c-ASO_p4zAaBTLWr,YiVP2X6_BiSfLzMmku8Ue
M8Peqeeg7yPaYRoi22JEI,0rqwon-p-6McJR5z_9BA4
ewuyGKXUaNYxE8k6MbbpO,DZPdId4LVJ5HSCB3Q-nby
1uwbSyfsixj6WtVxW2-0D,_soiKvXYBNOlcLL8IE4gH
X6vNcDBYviTzmLEwmWo3D,-IdxSFgb6b7AAFhVjiYad
xwAE28t2l51nRJ2PYsI-l,wwCn6H-eC9eI5j11amCPI
35zws_TOsmmvYT6piQqml,KQaCcFjncCij1kzpcMH8L
qTFMo4EGU6eL-EV9QjUis,D_wg7wzQpuxvMSh-Z6hIs
XAzPvFGiHeC0a6RSt0Qq4,0TYVSUWDU1fQCPgZCg4jX
aVjhO69N7MiUa54nY-Rqj,Revw3rDqjwmfq8hVAbdRY
c0fMpjSz6FJjjMdMM11Nm,g5ZC6qJOT1lIGoHNtakf9
UhI6qUhC57F8NybxygUYn,bQvtsjhREn4kRtyhWYOWf
TGNsnxLxypfi3o67fAStZ,fznRShg7LY1_jCa_2eFZp
hlCw-gPoSdGnwBSLcQyYN,lGJQuKcRHAhJLOeVwIPYB
LIZkQ-cFU35qakzDYa7cR,f0qEm1BXo4MVmEOlAk0Gj
3WA7w4ISfaU7ajJ9NeB_l,dvYWXQPLLPVzHBW8W0RRp
xU6Y8O6jArsT1ab6lW01L,sWCOHpXBoAsssErn1A77X
ymW382qFeGeASmYhW5KWF,ngC5ZCJsvvoyUVd8mPQc6
GVPus_np7kY9BIHPkxOHK,-4dE4Vv7tQNN1W6UKP4QR
a-BkUIMyQPHzoRkGEEOYp,26lXm2GN27RQ-HX7PkeDY
7pvDO4YpVQzAO24DZSjJh,8t7mxACS2V5B4TSGGFzsm
Z0cq8v3-GEbYuXiGamzUX,NP4jdV4_q5pvmhhct59zE
ZwWd_IgnneyFMTFX5xN3g,2kj1oHV_guizwsJJrH9ZI
GcqJAdcDpkWqlx30dtTRC,nNJWrXRIkSzjxLTRTt7AA
IeBaou_Hm7v-K0H_oIVgG,5QBclgJWCA4znzHKgzB95
S32RJQtmmvezwI-Yoqdhd,CmNAsmKYO_PbrVGhU0pzt
Gm2gmhGYprcxpBdmjmzv2,le-XMewi6h0DdIEOCHwfX
SzPuwVWccTryQMYgJC3qk,HHm6hys0Y3QTRLha7JSyj
NjvQLzNe7ckDXIOffLiZ0,xQvzwHWYCmqbAcdOV6LPI
vRjpqxR7POvOU2WMtFQ77,cW84eMDUHEbuEiMIPD7X_
sLGSuwtF8_n5hZ8gN8OWj,gO3sJb1Lv5zMBrCbCqAgW
syw2p6txKb2cpxAWiAsJA,WjNx_6uhDWTu1zxy2hX8I
2BFnYWb2vCGgMBWNIwz9b,2nj-AKKucgTf_94p1-hEx
yKsYSyAhLj72GeIstMaum,5a5wm4j4SC05Lxfgyghli
2PFDYXqEfhRTnl-Hoz07v,fzuDF3M3Z-YvofPO-jh_V
irp-JWxkA6hP-e9nR7iAy,Uvh2u2bhXQjLYnbv8m0gK
ExMtjJDOubp2OuRvm5nAx,nMfZA7N6lac1agusr9LeJ
6Mrp27nsX8VOJ6CHW1Ukq,GUprgf_np_T4EWDJre-7_
xblFD5a7607miwQg1Zlhb,aej7yXQt8PTnoUXHuzscv
VwsOCHiLOk0J8UrNsRcRq,0YzHgzY3Gk1efM6aDTmqN
FDzpjXApQ-2u8cwnzE1WH,M6vKIyVqCFDj1eOmXPZQr
p7ISJgbsouRdTyk0cjw3Q,Bp9qwIQwOeu1PvunUh5ha
Sz8xXH0aQp1XZitsIHXDs,oAhudtSgk7tZd2OMPnZVq
X_KBnh9nyXQiA6sF78Moo,IJXZ_G5sK6yyWDSjmHAnx
SGH3gTOk8LhhBLjnrCyjc,3INTaWq6FRukfo5mn-IaX
iqjEVa8WBMjH4Q4aOYT0p,lzOlifHjWE0i-56TdOCcz
HH47eACGvTRjOJihXPjll,_8wM72BlNqO0yhX6xmVjk
zOS5XSfLJVm9MT2vlxIOt,ZnfmpG6IOYY5SqoJvAEwm
UQYzvpW0hsOq6aBoPZg1P,T2GJ_YnWfSdPXrHZvD5jS
wD2krr5aTgU9trJXD5I-0,adtmQoe56wKvKZiXaEBHy
O8NZpE29X3FekTZAIEooI,lPFiOv5OhS9beaN4kt3-R
UHKjtVf6gcaTOHsz0PxEV,foiG79DpChfnLoiV8ElCQ
ghTlt8cMizf3KcCI2WUSj,SbWd1hN9T9YvoGDkOrxNy
uIgRaAO_3c6MtUpSn_Xc6,Ur6YEn_yzoh37sxv9drLk
Wz_XoeGch0oBDk9poriae,4Dkxxjv0wkSehzdV4LL6n
TGwCfuYE7rEJaATUAtfz_,PnAtlLIPXtZlyqnPNwkLy
wjR4olAjPCA3JGpH2hsfV,7asOwHI5YvQcaVYI-AEde
1ihLb0t2Z4LSS9las9sUt,ZaCRpnl4deS44vOI3ovEP
EHhN8dIjLgSgX11-MwYNy,BojOCtU1_CXsUW9oxMNWY
zAXHfv5npdld8Nq_LJwFv,VWNQjLwZ1nI3yL_iaajIs
mYChI1Gb0TEOUnW6cQG_U,WvIQcM9Xt7Hx0NcBl6qGZ
R4YtrETIQZyWeOFUKxZ0T,4l2kdKyi_aXZM-6T7CSL_
lsTCOez1gpC4ou0ibElID,fGl6_sIPZ2nQ-9EukG7pw
I5jpuaoEtP5oqdWQwxwR5,eOMecIJPDUShMn_VGzP0Q
tx8jczsta0z_vHBonfTk4,z4dmV6kvzE11C-_LPb-O5
zGZkEo-dL0KaetoaBqCwI,yUarbusr_Pqat1lFJB0dU
z65hSolBoEmyAzm7PfVM7,eihsu0UNsyePPV7Wz7fKS
_81gzdFuCPygPRu9e_rwb,2oCuuOVwtP89Xi7p39wPP
sdQanXfEr6sxVAM8B0ZuL,RjlUK3qFCb5-yYd-Sl7DJ
n5zngo0IAfK62fItCOpKv,8LXP0hfoPefDnIoFCTnPp
xLG7U54d4BiYPOZFMrWIP,R4hjelhdnWUZSjroMqS2B
_adWoouSGxtMBI8fh-906,AW06VnCaoY6NHlYYdGYIi
SZn-naSQTzoICEjlSPYdA,sMdMeKUxiCQNb4BrwGoh5
gYNkN8CxySu7vNan3URWk,krcDHK3SbkHrA542UECNr
jpxHmr47tcVeYta7O2TXi,vDy4r0Wh7NxMfteohS6rl
HnKyB8ZIsVVVhixHtZJVD,Zb1l1RUtXXXjK9kJdappN
ktqCbhsOiwTnlsTdWNcQl,h-Uf3UqnlD2E5o9VYQWtg
6NDItYK89NrUOT7ekotRL,58l0aNYqgKQ0obSX36EWe
Dcp9V4hKM6D2AG8KFPWqJ,qVC49Cp-9Jq_fJp3wX1Xm
8S--QDYO5_lVSaN6erkc2,k3zWaP1GFUawzog7_tip3
TcNjy_0grXJhQvwTVeAPZ,j0Xx1HVjIqNaXkGAGfaZh
cLpLstkbbrnWfXq4cDJvJ,DfRgAJ5nxQyI83IodM3a7
v8_FoF3FsGjrRb1fzLeWB,elbNHl4WxWXkv8tyC0KjN
8U7A7gKIZXMp99zBoCgOG,m8tJzrehr73RzwN4nu8ep
rfVFdX5a39ERWnOUCeoM3,5bKl7lElBxIpICERz9iqh
q9GnbGD3HBXE0eMCDq-q_,8gm1HMLGixT-s3wujmAP1
CIjcTh2LF7h1M9VKiKKLU,2ghy4ivfJMwFtg4fSbRSE
SnMZgbKDFULEHiDatnhsR,65EV1WRDmICume6by4MkB
B8364wQC1Y1vBDcmr5VTz,efOkBFZ2d-4wPkMrVuwi6
wIPDDjffMGgN4ilbxJ28I,8taHxT8x80zeygqIdD4cL
-qDvqPudEFS0E72hYXBkf,5k33rMm6j1P2aTliHoLGW
ua1TsiNb_xkgl9ZKpFFx8,vT_U_WUZOi6noRM4lLPF8
_hCPCPfjgH6-h7BIhkKnj,MRxS5VPIZ4HLhshvzyVYX
bw4XIMwFY_kFC7d5XA_eB,3rJ7tjvIRWqoVKURrdADD
HseKqzi-ID3l93XNU3Fs2,_ZMrCCVP63AJ7x6aMIWuI
rh9uEu9KNPSGtaIUhqQ2L,aWAx0KWLCSHZkYEOxZyqH
_jDVyYFKPfD1QQ8Rx5qUg,t--1jVHsEDdaYs1gNoQb4
IPomojoGYs7MlverxKES0,yPr4iDmv9m9n4nK2tVODm
oaeAfBiy9MnpQYioMCqmI,EhpRN5Gz2Qk2J3lnqzd15
bnjlcfkxflssg9Q6L39GJ,m1QWWsqkdmjvsvC2iPeqA
wdtFa5Ek5JlrCLaJpIq1c,KSIXSsprARdTqz97TymOk
G4p75T8u8WgdQH_lXo2U_,Az_VGDZ9sY8HOO7UaG3Tx
sI5tqN4zWs_T-TlOPBALC,nV-L4fI0AI6yxNasmN-MU
xhuwxw4GuGfpdUQh6hvFg,J3Ue24acqRCgczgSyGHfc
nvrt2RveCP8n7dG62fWTH,PX_U4D_7EHnAwrlSkfbpj
5xpR0kvwmUoxDX-Pggqaf,pS2S4764H_D2clFfz2_Im
gMM1CfwG6Yxps43c4tQLe,TqWXTpT5T_bf9mXr8DiYa
9u6Y4Id-O8s5fLaJOxtYX,47-0q-yWSjdOlG98NIU47
ZXPHMkd19BFdG2LyPa1oG,JquhH1IixV0mtXEnkrya7
6_mGyRfRpYGFN2pBX1_0D,sqL4Bv2WlKG09fTRrpbFR
C7FQR4yRdCUQdZ9G5V4gn,1FpJ8tRKpwYv3IqYbWch9
3tHeLQW9k2iVK3fM6_YZO,TgHFWT3KMdYjrqTh2lYoT
72XxiFpdgIFJklzo-vCZm,Qqw-GEJ8_IbTMGTAmWWqt
wAZdZzKAhSZhwGXJFaYj-,vxl0CsrSM4_VpWpD2paQ3
kAODHejlyUgKl_GchRR4R,crMEyYHDhX44qP4ZhBTTi
bR5B2Evf6ePGZ3UNSEm1_,EfiqhkWvBJ7IOKMiz-Fwh
YGAWpFNeBNX3gVbYIkYdI,z2BMKcEFJdZquU_Hr7XyM
uJwioXBtZz3330KNGrb6S,TX6M934H2VCfYZC3GN0tC
XUPtXdKP7giJqm5JwwHqs,xdIoCqd_-TArsqwy5a_mQ
SbWa8jPSdtTI3dVWkdLvi,v3NPbFkrX9KQPDS7bo2Ij
8n3iuI2DCCB8jiPeCLwS3,EkqUtOsc3XbmYHaQSaTbn
YW-Xo3ITjW8h3JgQ6fY-B,meYodKKYwc96JtbcA06Ki
-fJzkhV261uNXJ6avJK9i,wb5RpHI1qJyYiJ5yWwUOe
EWdKO2TAVEITbJPIOUNsd,X3oMmE8Y7tQ0K5qr8QzAb
jr8BkaOBVxKIFaOJHaCF1,gjwk70J1fq5qE0EvBhfsk
K2L1Zf1gLKMrtW7QX4TN1,A4P2sjZNIo0hvbRLE6uSX
ZHiiW2ikSuCkydUwPCFIr,6LP9JT88pnT5D0SNdRamT
fL99uoPzChI5zttAUNaIH,GodGruOM9_-N7DKCfctOU
k8m74mwVU1ALBv_MGYzVM,2WuFWv6qgkKwrnjmxvDhT
zsYhZeNYdwtQVutxf-f8A,k1CgZ-bxhyalFrz466YfM
rIdF31JfSbI6QYAOwRQUA,TCRiOvk9k0ei0NmsQvd-S
d513xyU-WFinba2HGXXhH,KTqHfrsMLooMwYEG997rU
obFd7WFvDSq6osUDG8Q6P,Eyz8xiJVtZWhTk5S48HMw
SVc8wJi2ldAjdadeXtm_S,ZOtJIIaJ8bmO33dojBdKN
mOM3SsWv1MaBwl9p_jhX_,KL7PvfFFZkb2Nolnkpuyj
gDxVWJOX9jm6W5lMCoAW_,3-qxFrkHqP3fBBxaIPMUM
p-Mlns5dLVHoa3KaDlrR9,x9dfeAJA_E-VwErL0LCK4
LV-1uA4hyc_-2BhkfUcfW,UCzpGhWZJ5C684uvLcSwe
DrF43gr3xuRgm1xPMaccb,ZqJWZhCStTeZliaYFOJQh
AdV-xiyRtdOBXR9qafX26,2DeBQ8a_PZXRdKLrpCMFk
cwMCqtt7s7tzFHqU0wv7J,VDVrjWw_jKEcnXSswJyfF
Ip_wSCaTXZyRe4CL_4Jo_,uaOUKgjqB31tWPP6EoqXE
ruAvJmBFUEtGZdPeaiRHj,4ObQO-aPLQjKmkBChxepO
LLyZhOlY732RPu7JMe2Dr,TWToxqONw7TEIwM-nFgZd
ORoIISoCZ7Wv56sROPKoJ,AjkSktHDJ4nH8YuhJZPO4
6_pfb0OXtkYz9ww7t5dIa,vm3pV8VNwd2xZVlXYncDM
NlMmDNDvGDzdF7Be5G_KV,gdJS__bOtMTgYsRy7w8By
XgIcRK8-lZkoSwz7rKpdZ,gsqE5wetzcKVrcp_95wBj
qhkspNK8_T1wCq5KwDhup,g5CrzQ6IiJJlALFzxLcRU
En65S34YyphZhlRPdAEPo,GQMfJbiKW4DvO0O7MJyrK
uS110FsZuoJxuzfTdbARG,bTK-ueGLgxun1lZVvzvKr
QjvudtotXtO5hIkRQ-5pr,6yduZ61PrZ6EwQGRbiqkO
lX3sKO1aaqcqcdB2TkhHz,CmfaXoL7G3UKlyg54rHE1
lL0yrGR_jKX-oDmyXQ5TB,6muG7clt5iO7QKTAC77m5
faSZzsf5J068QGeqcr6Ec,vPdKaf3OYQvWkNikzWN5A
5Ql7XD5tcpLEXqxPnAc83,ebXiwvzy_vGTSVAKw8JkN
wgeVkKc7LOo5tGdozEbdf,Y74RwFTH-PKIMQSxj5hOU
BdGMAyq6V3rZ7SfaAprsP,RfIde6qu5XPcMkuHrEJrs
a0_P28Dj4xr7QfoT8p8fN,82gq6VeHrnabse__FeuJF
Sq_WzGjXyO57n6Qj-UNOm,chsA9e_7s9cnWWjBim2wn
aW-qw1HGDP2pEDqE51caN,gGBLL274pDttwbq6pBXSr
vVqvflx59YtC2eemM0r08,sZ2MJeizWjlkyyVuyyT-6
SsbckQAZzP1lc1UdUxeXW,wu5IIqtfmy1XII1XDPr-m
DdiBGQMNTz50Kqnliwi52,WUSc17BSrUvFJqLIkKGPK
lD8_nPpuhxVss_bvtNiQa,Ltl9rSdKYnucrSJWgA-x8
u_Npz9x7B5t_C8zSxa41P,RxPPa9vwJZ7YIYRXJOT71
u4D0xFRxCfFSh2EH6apkE,hZ4OA-k8Ym39h_eCb7SMi
bJ9XbG4DC6AHg1u4UG1h6,0z5oIyJc4dDyz49-0VFIm
_UA_4W7Oxh-z-TgnZxOrv,tS7NdWLoUmk4_mLVKjGKY
yI7aLhq1F0aAhMuUXIBzS,ctgHhbvI2rt5Sr3W2R_Yd
Vn5_yIAZA-pCpHQr993O8,52mdoncfQnA_qrvWSel4A
TYTidnlh_hLNrieRpf2fk,hu077VjYpQyKCtV4fReO6
pFI9wV0TC_jmotaEo00lO,7oxvdSSbmBw-2JEnAzTk2
f4oRf0A3LWNWeCKmScCcU,ybiKf0XXYUpFqCZuVYbu0
nNqjmg4_1kDI_KobsVFG5,8cGR2mF9amkTUwf0VLnDZ
xKweBoZY8jvx_TAGIay-O,--NUIhShf4eD31znZFeqI
H5rY9pCe3t3VKlreMRezL,eOOdG8u06BeOCtmaNpbPR
y_cwRaHjQmZvtQaLIKaCq,-Y8-i5bQXeHOUWt7gfeNY
ooVCsLNScUOXQ7blZQTpq,QEukOrSr7-6Pm89AMdZyQ
o_YrKcp_73HZUXd_XpQFD,7xjAYu0ghuk8MDu9Nj8mF
3NgS1Nsh9ya95CEI8HkgO,MLsAMbA7D5OpmnEvjzvLE
n_vH0G4CoM6H1uXSnEPod,G1K3_qi8EHP6qAhn-Ck5_
DG8RZmbujsmByrnDHvgBo,qVVyDZtQHPYJKkWNl2rsD
cvDGd-iOWk-5aKla_FT_2,fbYo5EZBMX9OQra_FJcqO
mS4seKbsSfg5JJWqtsOGX,HRYdM-vSLSFeDnkKBCPfh
Q0Brd2Pvq_oQcQ-gYtw-w,0BHUsrODGWCS7d0zaoa7p
fwKpeXafL-GbqPjFkZsB_,t4XOv2YsnMd3sH5mHiF1O
2DkWZHzO8ApXT34xpxVIv,1qDjkVYeTcJanjbOMPNDj
F1JzDjQu-rRHXaFicZuHz,bywn8sEXwHujxjKVJiTt1
EOfTQcex7tagglBZGLrxe,-oQ9G0I8RyN4wcFp6SaXt
jL541zxRg-zHDrbC36ZO_,FNMCcmjkoVfhR1iC78qKc
cZdUQKIqVKAqq7jkv8BLz,2yOvIPw1XefTaUq9HuDHc
i8g8S6c0LgGUm1vEC0AmG,lJgJl9nlnTGljmVHY1fh5
OfQnQpC4EEXdCKCWsuqev,hCdSeRQs5srvldAoTsmsz
q3GVnI_wvsSZxUA5TmJwp,5LgNdQ1SlBzTcBkiVx7GL
lPgtHmxHwSx83Og1bgXIL,eO_0AezycUCGqKH7T80eY
ClQsQCpFXJtGMmA5MkTP0,KxAg6_tSJpSs0jH7SMnEY
ap_OtCs14Amy1eYut_HUc,20SYGBQB-_Q-tXDOaP6Z0
WlE1qczHgmMa9NeyLdesx,GeFdjbHzRwvXN1WGb5Bs8
PJSLzROG6ELY0veDZdhJ_,wY91ZOyYBtyh1siPHSXwU
uQx-nRBZxKdXOSEpRrJZu,G8ueVF4u_ep_4nLniYGch
22H5JGCjYtlEqd-h3Zm29,sjxhjny2e3GVFnBJfYtRq
tDwzeWehj8NYNbiVCuEk8,c_7OigHlfgZ7366FwNpz4
wRfR1S9Gj00-NluyQuNaL,p0WVkYfly6tuSF0wSBIso
XY_ZfAp4E6Qjn-6hVc5lU,APAadFmqCJVX9aOUo1KgK
85pQiV5DsUOcAPGkDiKcZ,L-W-bHuZvVTdrsjpcUkol
AKqUktDgikPNc-vh_7o5D,03_7WbweHBsWXvJ79WxOn
QFscwUD9-8ENPhBvb7aA3,Aj1IKrrgMgIBXdrQgcF19
bPXxlbC_UXftxEDG-wVtf,UbpGwZ4jrK6C67zQXU2Oy
y4YO9SPzzspxZCnwZTO_a,9JHod2OV8popnLmd6-_zb
W8sYKxN5NMN9L-8A44idA,oqfcocGdOXVuZl6usLSqK
HpMyknWmLUSJ_ahq7Oo0g,PNE2TkZmHiedeziPQMdpl
69wRP3xrn7yZMnTsYEl5B,DVpK0gyxlBY2OJTGghVJW
w79bqiTxoL0bPcYQSZ7My,qcwNexsQy5JA1ggJyBN4a
h6oLAzupgulFtQQrdQTrF,3MMjhficBpWT0weARgI87
OhkOLXzyMuA9r1uOKc26Z,XX8TPOVAeMKsTu7vbobv-
08PxsYWmX2y4JB73tOxJi,tXWAnj_mpbc9Eh24_9dGy
JBaIq2Li3zkNVlqRD-wp9,EZtrvhwOIU4LuhMVSsaSd
oxmHUk8RUGz3tR7lPPCNj,sUnoTOqZButgpacwft7WN
UkGRwE0FyHUPIVReZO_gg,oon6sjTXcop3BjGdGW0oW
5WEWByhFNsZNpbU575gdM,I21Q_WQvzN-ZxXoqEdkkG
--c2UiICS05LuMwuQqRi9,5Exlxeftw9d9jg1YYNqVg
8M5Jk_eN4HW13sPZZkY7d,fe0qDd1nivTwBLewORl_K
O7Z9svzQTS5_5ukj0ah7f,zaFugmAuRjbTq7bVLdc9u
MvosOwT6Ov7tUNFSoOLkF,NEIKJov4-VzcFyTvAhATr
8zEfNvowhP-olef0HHOpU,OBfiskLhnhPCbPcF8j0pl
F87FPatsd7B5MhqzDxPE3,zmh2SzoZnpqSXjqBwBufm
TQyR_Eg8hKrT_UtzQBbpa,cfPoOfVHMfitk1kpsvRTF
7lF0fcpPPrl4rFt4zQOKe,mOzkIZh7gW3C_DBNO6o7d
L6Y6kQ0lUgevQynaFwxVW,hN66TRRsqDyIm9XjmdVtL
DZizdb8HudNUw2SCY2yPO,lPjPhBWXytVmOCjPOS1Kw
ZCuqBjAX3wAqium-zXMYe,28cl22VMP88VuDktKlWtD
Rkqow5K0cYMSBKxexR9ui,QsGC-rnC9gINjgNmhK7g3
n-yTynJu8j2oCYqjFp565,EhpNOqye1Mbeu4icUIW5q
8jZ8DhIrM9iHxUj5kF6FC,oxbqMZRl2NZCI5MvMNz01
ElkYBwB7LaeMaiHwZYiwo,jtlBE1Mv9rk7jVjM2wYFy
OqRGV4nkAWffKtcX6yE2E,7Whbhc67G6Ky5D9kJve5C
YX9mjVlM3SkVTJCmxPm6r,ulKnlChCRjei93cq7v8u8
M3HVVlfBvBrNWXACZ3xwG,9lqYAo9NaO2um7AMo5YVB
sBis8S_ZqwNp_OiM2hiYH,sM3Ax3j6twztsv5sF9iSx
CkoHL6W30-tYsrHD3QbIj,5mMRuKAadCDY99wlXjbn_
_WzW-jD81YSp88XDU7LdC,VKwggyQU7Pzq2135AfFmn
vT4Q-TwRyFrAQgZqJIyTP,K8aKT6rDKD_U2rzVwKVQ7
yILnT31JbXUtEu8SwjYc3,dz4VCY05U8wTiCXHa7pu-
0MNLyl90qIRz-a0PMkVKI,JPaC1JGEXzst-4l7EECis
DlN-HZhroK617W3DWbTqx,wfIyurvJjvckAUKOsZxDP
wXUuu9O8PIFvFYGtahfrE,HW3dFH2ZgBJaH3kNwMW8f
DDHEFXy7yxl4G1NH8QeGn,yb8pLL8j32A87xZG5zwVV
PyYMwtKWphxfpaEMiUhQ2,VZ8uG9bRhw-Xf2LpsO_Gy
OhbDDREcKc6LI2RZsvqNl,57VBjZeGhVkDD1OzPZsiw
D_EN14PBrdD70nf5rPdWS,LDzviTjrVGUq7F2qt5jR5
U7pYEKlSgLb5ElJ6Ft3OF,edeL_UGJeoE5f_7GK94-9
KnO_v6JEDtkcIZ0MgGFAM,kXXD7oAn15_TrdDyRU2gj
Y0tJrfMekHKo_Vl590Z8M,_tvBYWPN_U-jrNHHeKiHq
BC1_0XiGVeB56BjXONLVT,5Jkl3gRWJsvogUQpM_kOb
rELqW7Ka6vfHYLWBmhAN5,dQ3gkGlSCbTo0OqvY0H98
iapFtgzuFPdNdJ0WUdSYs,OMsR2ZM1DuNtLMU9scpxJ
QZwKcuNMAs9u1QrdgyBSl,4z3WMTLC4nSQgxrnH4KJu
RtqYXNelegTiOwldN0wH_,EfW8CV6lW0zTqNXPX7WPf
4l58AKRRqUVfcgp1Wh6ex,MV7MDA0drQkVp5XhTsOTS
Rfe-nsp2qu6lR2cnCwE7b,Rnli1CUI_mx3Z3nr5cRtg
QI4L9ZzmOYf6YdNYau0nD,7j0mJ54afT9V6koWbnl79
x53F9SBgS-Xh4DgjkmSgv,QAogIfmBaFVTqflsbgdb3
jcJkdmxIv5XqvyVzPlEBM,B49_Mac6_tXUFhRb_B_qI
fFwTqW93K0-9T6OgCzrVh,GGwbNikKb7yLHLKNHn_bw
xj6BIm4erBGC8AT5i8mnE,L9gZkrmIqhR3Y_pnMCljt
y83oGxxGW7DY9Fbdjn0DN,535YkbCNMGpfHNWpTdynv
bI9E7vw8R-ZUeAG224ODp,MeLnhnI0RvmjjEIwSF_Nd
KON1D73xFvqLXDfUd9-VQ,3NckxdsRqsKd-ERG1YcVp
KDVrOjiJM6Vv9EdREfTns,ti8uJcAUUidMCGRJxZmVJ
KamxWUHXHK4xLabHgKtbE,B3A25gGvMDzQ-xMhOMsOj
hEMl0N6kuzTEdoXBfLI7I,hhuuva8M5XnMJtEufMFQY
QCoTJDDlSZOyDRBM3z8nT,I88FR7nH7khFvqxyH328B
kSFQpt7WdX9AU5F0T_iNA,2ZZgC4zcTexsz6fijhHGs
dQ8FdlNjpjeY08O4gUG1g,1sSTIHFrqztlaMCNzZbGB
5f9Xd40pvYzQUOLh09TrD,581slLNA5YeCP7j1aaojO
0DOhtxZcpAuauL1703ZG8,vgsbaTLqww5O2hqonb2c3
BZww6Qc0YOn-Vo-nV5WOP,ybwFLQHYhe-e9oMdpUwNd
Mffqmds33I-m7eLaKe8dB,DFIT5QiDzGwurTB73n1H3
uyXzbjThcobP1gNQG9PvZ,3p3bgIwkVrArZxuZ-A53B
ot6OUVcYgZL2ibXNcLDFg,7j21wjRWq2SHOj4l_WCbW
w_ogcSo2cYvD4WXuG5Yua,jgtaC4CEc_83OFFViGFqd
0OHPB9PtDQQjAQOJyoehG,RKsM5R1wSlKLVxNBd8pGo
GVZVGbx8yugeEsmm_ldc9,q3sEpl32hWpPvO7SK0IxZ
EYCPHPagj3-BM1igdJNJV,TcRon2weu9yci4xXjjyUH
9JQDOJK9nIOKWFw5T5_Um,OYjiswf_6bTpcfx4EW1GX
6RM2gl7QBi4Ew3GfT1Gki,RbvZwCE5XLNfb4cIJ57La
KsKu0sbdaIcj7oqgdTvoR,u_q-KuOV6kTOiHEoQ5GpC
hPUDMdNwKP8eEIgQbGd0u,9wyIeS-yGzQAGgYTIDtLS
xNnmvvoaO91E5I3-lRJqJ,syzr--qiC1Eg6QWiqQ_PA
oTstvzxl-3_zJus78rj70,ej_Q5z9ttz389Jbg_Sqd4
Z7VZXkR2MRlWdOo1sjjT9,bfhP0vsbGglD25IrHddkA
ozYUvsoMpcFBc6rjKAhQi,368b1_q04ddYk_c82OkaW
lSWC63E42j7zkj33Ei9Mm,it1fTjGw8wkJhv8SqlIjl
VZfPj-r99ubR6LLOF91gO,d4-1k_sMNfxnbyYrOFW3X
JeHjK-vYrweiq0jGGC1MP,W4Vv2poGnnDxW9ePg8Lo_
5yANBppzYwN7_cUg75vPN,BfCZyJQxBi8qKS0lXf48B
xiZS4Uzs2OZt1fBUaWNni,lzOPzNaGOzGsLWc0zkkmY
k6F58mrJlvUTmpiyVSPTM,0sqVQVWbdGl_LBcbknHkz
3qgVer3OPAZxa8BuGwyi6,5m4ywu3HfltlMQT-T8U2C
NUTQHqFpbLzqz24zu8lqw,yN0yhmrCt_bMOOuyiMhbJ
Gb-BFaE034s6moJlONh8j,exMW5zG1iZxPtteHp93tH
7mrtLsKRdv24xxTw55KDA,VgXvuvt2bwabnE6PhBbf6
AGk512AEjR__sxJC372ok,BB2jrTSrmQK3s119puqW7
fYHoROyROoqEBjI-l8dOg,v87lmzbiDH8NawcLA8Sbt
Bni1gXfkP1D-K8jt2A1in,WUSv3xaUljG7T1fajpKNx
Xk1hFWci8lQVTgLX2I5JX,0BjnOZJJPB2eZ-Xj_p66R
WM6pRcmYC-P2uNRDN_dqC,QMAWPd_2LEGEGHpfG9KMG
VfBIrD7fU02D0DuRio9s4,hYTT3cxI8Y9ezvSWs_8S6
areBN4upqbLH1J7zrNEBc,IX6O8hR3hZT6FMrXqQc_4
8HSlZjEKoNu9THuPGtE4v,7JAwUmLz4l6HMUy6kLuJ6
2w17fsCO_1R1ZhuFsCGHk,sLwlJcmDaH_JKrvT9Ktcm
m-S1TIxquoFBNFuWhAkge,jWaP6TK9zp3xJA2QCy_A-
aXNiO-ghJ_DGwpCbFqVyC,Uqk3d_wNDk_y3eOuGOVbS
Y4ByWdljIbp-f5BmCGaGS,nkUeAVJYIZlF_ZRYb68zc
5jJKkGicEURlKbEjDBiJ9,MaKAEJu0p37TSJUVelcfM
zRo29ANAE3Uvn_37TwdQV,Mqtc-77R52SQ7H-myjp5Q
1OL1tpcGUTAzU7fbZuIhz,cmYQlWu66fu4uJpLaRPZx
MmqvXC_uA73IZgnmIA7hO,m0H6e1pXQt3EFqKfVEzim
0wN8mBvZXYM_3voDvlEjC,UGLKG3vSEk1FS0FJKovYT
GMC13tHLxsOE0HsW3mZKl,xFVmbcYbqJFV714k2_noJ
t6AA8RbTRBaAzHpcwWzMS,n2LrSoEiUy4BGGUOjjnCA
zyxCsiGr-dyeXOxUyi8IH,WpbmilGUEh_k3xfRz1OS5
1b8gzSBJ21nDy0_rgMW15,ddWt0p1se3c18uM94Jqk5
8CnxiRtvqAuWA2uMbbKmW,ENm9rfXNpUvAaD0g0ihVe
dSCNLOgrIO0MpeeaE-24A,jbfyD4fqFzEPxXcVD3fRO
5WJhl_4kVvM2OC9Fz1qsv,vECYnA3EEmsnUxvFUkACg
Bfyb0aucX3cmyHrT2bxfv,hgQmYz7nZ91YPw9ItM0Wr
lvJBxWr6GB9xUc_ulX9fF,GA3Eb0TOSRnzVyAkDjEzX
mesAVzYOqLo_pGfQcwc-9,AfAEcy3XmLVgTH45Fk_vp
QIBtt2C_mNlxeK5wah1ba,jenAKWiMQnJMPb1KTaC-U
8mSGb2VtZkPFCM5xly4Ww,RyxDNliMypv5pSkzojwHj
_KWndfWJopkww9ohpDq4j,NZbTPPBQm7Uj_1x31W8Kv
nMLs4q8cmE5pE3mHvBKUR,abADAsCLFN90-yGJlM5En
1Lon_ndY-a36Ye3gXsVZG,o9eDOTgVdJSg6VI8VvIiO
ie-BGR7bW1UUPFvi0ipa3,uovdcJnsXJmqFWs7nQUUE
_2V0fRZBJhqW6UCxmQsl6,z-EgehLXFVti1BwhOyeyM
nwuIVX2QBmeNPrrCWwzQF,yZ-a3CLusmkIKs2QGWOMH
QLWIfjcgWOeH_0CWt1nIe,f0mG27JO3Vlx1jJLEi7bM
OuujIjzAdjdH-Uub8rW-q,uijmeip2x9DGf2YLV8a4h
72OSkGul90wBg1OWmZWgV,Nw3LzojFf-CYqqeDN-9eh
IVqVntwRQFmGQg1bqbRWc,rZaBAqDnFX-Gu8k6ZJjRh
dKRk9x-HKjaBI_SsH78Fy,MNeC143_C8aKVWy306N_u
PY7RNif37eIA1y1w-L4Bn,VZ5HhakeMCWo2KYj8NJOh
WlU--1yRuC7Mz4qOM2zGX,3KjwznMjRQ0dvHybEH-Jw
EE_tDg79QcI5DNIAdeN6B,TSt0W7KFo23ZbTTJc0eEI
4FSw25ZHf3UMG13fzIhjn,F2dF4xFl70tMdv9xbAr_d
olcrUBWUAslApse95uSC3,Hxm4HhxxUkCBnK38JwUJt
enZR3JL7Qa8Bud7M1OSY6,aJiw_UudNOgFieodYdzkZ
vaeJpSGB-wXvNbTIpBlbR,fyLmZ8swO7UUToKa-IyD1
e2ZHAFJVZ5PB6BFnE634h,0mBovcz9d2ub-eTdMD9YG
vKuR7QOm528VWf9lxiSCG,DYaD5dlIbYldW1xGOBB2d
0E3xVcuSAEhExjDOzdCpF,2A5KSkqzPhWASBjm7dFFd
zwIZ5cQtVQ5SWDtvIL9Jx,I_sGcpXK5eoaQKMKYLLXw
SxQnJzsZqmCq7hpA7kDG9,LxclYVsgPJ-nDLFCC_diR
SFetPCcx8jltSujcfSKY_,IecV6TdtdGm2nM_16FD0s
e_ylLn6yX7XNgR_U2Nyyb,2ki-74oZ4qoNlSL_v3MF_
hzCIQSZ1Pl2QOuHfieZKE,LUFeSW4jF_4Uv4QNlBtiS
XkGapKB_uSG3aYJLi4WAu,XDTzRfLFVJ5yxVzmr-mFM
ILUHLr5zSiMIRR__anusP,ctvR6srFzqnlYJ5yNLvWp
DkOndbgtvOrFs6LE8ouua,7q6fco2QaD9ysHwWexDec
Rqx8IIGHkyppitJ6dGqoM,e0JOdEtqWN15iBDqWev3d
bvm_V_w2anJp2kuUPxGcZ,NtEj-r69zoOynp66-KHXz
SP5hp21nS4SA43mBLCNzC,Cae8Me_BQQm69YNeTZsRJ
LAlznVXyBlwSwNkMhNzY_,VlIr1jK2IGdo5U0lpZXUG
smQWTfGvCSvtFxnjbKS85,6ZpezAm6UNMLjU_EVLxGp
SCSiDzCBMV1vYakFzmjKs,aoqSeSV-N3NP4zt1QfHKo
EDwAnJhUKyovnzArTzSqI,vE1xzAaMPg2bTXmxNJC2Z
WmxY6zzaJbe-yWLKz8meJ,Df2SpSx9M6IHRZlitA999
DsjsX4R7KIT5hueyG8WSJ,pjkNSGDp6qFdPrF3Dn8E2
2Jj2onw7ny3g9U_DIAjmy,6JM5B546PygdP2ojsvh8H
uzUy83U7J-_hWDHf5y-_f,6JvF5lzdqASlEwhxdjZxf
3uUzFmckbUOM9K2iigx5J,OifiBKKaMDpRrW74WHIUU
TtGXxl-xARA33LDhdkptP,2GlV_abdcPxV492c_ncA4
FrxS4eIYrQyhlM9Wj_ka2,1uUj57hnqrCdhed1D7gXG
bTPoCDK3lSq-qY3gB6R7k,bFfeUIMPpKyiWNMt4EkRD
h82yok-gk8SDnUwXEE1mC,2vsxy1G_W8L2NjVqrWoeq
NVXtN9U1CHmhGVgxNr3GA,jfrZuSOBDo05kQMyfUEOx
GJc4Fge3VBEKBi_Vk9l0F,rlW8s4JS4PCzytMzRYOlG
2mueWU8nez6SFlf_1FL3v,eNWmn717ou1Ad6k4YZg1E
1eZR6MysGdqGOTksD0ME3,FnEL-aX8WmTTD26z1tujm
51Kjt9ON_QZ-dxn18Kewk,UwNKdckX6-qwHgAo5UbqB
UXML5Ci-ZuXRK3TOYB0EP,f-BrtvdmRVG0cQQjLFB52
KTIBbfXbImJwbYvWeN4nn,BfJqltLTaK_Cw8MTDNhob
MpKAyTZOJAHvUlmvxeDwK,ja6J24w2-C7TsxTNqzU1Z
iWlaJP-b5bdwGZOIQmHqv,kG2D7hl-9Xl3N5oVcg2if
dX1mBtgr3E5sOjexaHKV0,iNmwHwQ6S3N2ENJJOUgRz
_TctlWFcmfT63rpk5H3Ib,fzhvUp8dI_lEfU_Cm3kKc
T-QWuVhhF-PhRsXSIkAGe,Bf8RI0_9o6VWgSk665XyK
3B5_ZXGmg-I69Ld-hmonR,xtDDWZUnud3VtJZkEA2kY
WYU5znvOIb8Yj3F4FVufz,mYkgGNuPZJjE1Cp1dCgsT
sPXLyXCKF5OgkvU3eE4Cz,s4D1o4Ym_J5lTPruDxQyN
oz_JdABOzIJMz50FGf7dt,zUBqAxbFPbO8zRTAATYNJ
Rei2af1ELKHKimNZEPTGc,ECsBOW2x0ZszKzMTOQbB2
2vmMWxisMcymZ__4GiHQ8,MkoJu-79Bg34e3qeir4I0
jj6gnU8jA1SHoPKbGRhJq,vPcwjVaFDEhm57JmEEK6L
Qppjyi2IqBHhTAtJZnmXA,2AkqVEEByz163mE5jlA3f
6lSISD-izeN14Lbcp2kC-,thiMXQxdoyJr_qg26xsxT
voawkiKRjHJya2GXBwfiP,7SsP7nDEljN6xQIDgm2hS
P-6KjzwyoF-DceQK2rksi,Cl5b-exbeOAqRNA43FW1x
InTRn_WmnI-CptrlhV6F4,_hv8zOBoeRYVVaM2ZuaZI
xEDcJ816pJux4j6BB3mwR,rUC330vFhR40d8BEAe4zG
2zw6OVtS60BV3tFo-PjFt,tF-xx8cANtLm5NqP2qD_E
ON3fLNKP11lcAG9B-EBaT,fTcguLFOWkhv1nPLe1XL3
h0ky99RArmiCis_ePY_8B,7-fKM7354ehTJHMsp2x35
wgwjoy-3WvyKpu-M0ycbQ,tViQ_9awg0-R612Jn0DX2
QcA-0pTBL8UM0h90PkccG,52kxnOpnMsqbcrC_P1Jlj
CSShhI5t8hTPyEGjL0C-u,S1SS8wIELDY7Ix9QsCAs7
axLuMV0_bcBqUWm88CTwL,-82dCsuFJEOY0yNDDf3gH
iJo4_M13MrQIcc1V0a1bt,5Gu4JUbd3hQ6AzGNu-AxY
tUUtrad3VINvGzo5yCTRL,n7RbWu93KAEtUnckNpeid
EJ4hCjoD2PHw8bJ1oVtNJ,7UvVcF_iPG3Rur3CQLnyn
drqmzktS0nQDk8mvGK2vf,A_OAS9uzODV_IF5s1PVDv
IQF3CIP_RCgHt_6Ev_28L,7hK9rBVSL3HTRY48xXBv7
jQTVXfHgzVYmO0MA9BGD2,bDdDvf_1sKzIc6XR8hoNx
1ALwTiY0CT255p9dREoPk,doUzDtqNbyfNZcB43kPqW
3sRQnebRUIQJmr0xRx-yh,gjK5Alm7BqyQRNTxLqmBW
Gzonsmkk25OVKEj2ETvHT,wyYD9OIFywVNM06tEfkP8
qLNshjfm0lg0e0G8ObH57,rzKhHY3ipf_fp0akRxdV6
VvHC5Bu9Et9or-uaNR-Qb,xLrn32A21N1yKet0VX-m4
O17jHGbx-YbUsTmFHlbXr,yRakK26FeAXWZgVdbQmNJ
pAxg9Z6U5fuK5sjwvKiJt,5itlCBtzhTbyXOnhjXHjN
P8AGRNvXH4onYJcNCJAF-,gpSNj8EE7Z1XJn7mF6rpz
vFnMs2z8H3F_i_l-C_qTV,59AjgxbM1FqUgrgiVgQz5
7RA_t-3AcRFDQH4e6PSaL,EC7ABsGO5EDot2ZmWsjIV
KrZovjbwrC62508IRh2DE,oTCDrVfnULwA5SNoJii26
h2C0qXietz1qhBaG5l0CV,Jm1EbU4jcW126iC7ahr3P
uI-xkAopsDh6HSMHTTajn,zrRj3WRLwVHlD0bFDPkvW
WtgJ3JVzvXrstzrDwDo67,K1PIm44hwz4IQTVVWKNcW
rm9CVM1i_167tyLtlAeFQ,QwO9yVkfj7l3Z_WAZQfDR
_kR0Skzndi5--Z6FiObI5,E50jSere-L_dVrpr8lpFU
XHsvLyJMOKJjiAeV7ptNF,wGWMsuuvelEvNuTvhtVPs
sS4OmxmvY5kHcEt02PP1P,5STivG651MRxcWuisrlJ0
qCJJ1OZ9inHoNKNQ6KbYX,6okPM9DKFmCjuHK37LDOF
RPdCjCPmu9fVsg54R4YhJ,hRrLAAyw8mE-QFbVRoKK0
DkJ8D1COr3fKAgYu30Hcm,dEhRYqGADlmBMhyvAGll5
I50V1pvBQ2GGKZHYkEwo5,R_yNgcZXY8Hai9Pee1RDA
3p5BP6GIjtuzgu3po_IdL,RD92FJuRiYnDW8V0ovfPm
hUeaPTM2tbxwfxS6MynY2,3WcpjquW0dMxCfMmWKxCJ
pvnAbwkk7fZIX_lox-8Fm,kHAAQlB-7nXnvBPQsIy5G
lBMb3ih5rnHHMqppj_2ao,jw1VCDYSvdu46ZVt5nCzy
IZUE4Qs-EgG-BkZrVN9rJ,w-nF2qnfgiusLDNlKJL1R
kufXc3YbOvm8auROaK1rQ,-w9KFf_Fg7ehNuLM7zgn9
JLeAsHPEz6JjuNmzvC3M5,4LVARnQ-9jD7KfCHXMkZ4
E8KvdYzF7pxAMHC1-rQ7-,0gFjqr7jJKJN1lrZ6mXC0
3inHp-2qhTLqYzsE-ex3N,rBg8fimkOjfIFQ_S_a2LE
7TwuzXddcChWgoUgrG6Ug,esD-Jq5PFegvXD1ykcr2Q
17LVzLEbP-gcRnRv4ESEI,LF-uGwsWTL2CqcUHKb21Z
4Ad0Ns0xpToetIeI2i-eY,1igfuzhN6XdOUAfcQ4rlC
vaWQKG5_FJMuYk12dGYpy,NPETko21sTBx0mo4HoBf3
AkjcigRKW4EKIvRJsIxY0,4ZgyrDCkFWtZju1KOZ2Dz
DxtjSB1a2yEgQ0OpX0f-_,tV43TZvfbj15v7BjutgH9
u7JSbEwIQarMPbgpBDtdz,zG3wWKPpb2goqHHBL1lWj
sFbX2VO07hyYmB-5zEKsB,CQYUvv1KcE2WN2YZaRc_q
_oQKR6XbNhCerZLlSz56L,WlhuHTzB9RXRXxh-a9ZRz
kE9HwG8hohKlRI0j_y11J,bkhnYIkv2pv1NOuVo60B3
A3pUAHmo-f_h-IkRhAD1j,JoXTsZ-kNlPer2OrMu-pK
ytPpytDI2fXfKEOUTzn0A,RWYvWLbci8Ix_DiGteT9T
6wDF-96SCn2Q_Rq22uDq0,Vzq_4DxVYp3is9DlLd5GQ
Zda-Q_qseL1rvAjc2sDsu,rlFbqZWBQrGL2O-2EpsFN
Rw0aOqqI13gGwK0LDGvsr,nalo8Kl8K-Knn6JxtMBvR
pZ8Cd6-ZmRvHswWfZBYdf,AFnx7QW8x2H7jv8G33a0c
beZ923GuWcKhRM1ctqZhb,mRjq__pYQqz8abkVVrRyC
t8slnQECSmOj-D_BtVo_M,foKje6fFds6ZyzGJThP7W
UL3gA3LAefWDlnMbfcJpq,sAU-SUQ3TQtQZe0qKNK7Q
0S6sdaeIJx5rHt8duxjW5,eUqbWPdtc_zevmNCqJ4TF
Jru_WllMoJHCQ4BJaSUx3,KwcVaOY0vz7fnufbChoOM
-TKE-53QYXGPul3giBn7R,Zc34_tOWDlblrjTDuX6_7
s64QSJt62zmJlAP1ZrE8m,byMIeaZVGYO9CnfskByGP
2AW3qqsW4Iaz5mUERBoDF,-q76fo7kovQ-gE_xvIbnc
1YgQEUqqMLn5ckhy8DT_p,GHAgxCk7o-fJiQMTAElQZ
ZqPmywBA0QuTKGQwArj8G,MjZ4yyZ5mMcTv9xBQr8UJ
DmlvTmoKMOvHwFZ-fNkwP,SZAO0oIpbeZ4IQ-iZJAkb
gk8np3OybQs3hc-zijeDp,rUCwelJeLZ3kMFZsCq4Yk
yOa6R7bp0de-pkd9wjsDM,Q3L1nVekVHsdJE5JLYbS4
iG7VgByl0N9juLHdCLrcA,MAmTCp-eGT2MuaoYpVGmv
cyQLD6ldsBcmQ8cLcaprs,uILsbVWU-CTa7JgVB8VeR
4NeLgjpe2jco_-wzFvZ0Z,wh0CjQorCNx8VyxYSowIE
TEQOTgffN4y920MZ-aorr,lnifmuBPKJLFkyN79VTD-
PMuB1NLtKlGErS3CdYs2v,XH3qEC1LsvlpYcVrY6INf
YeHEDtEaWK_TzCkr-GVX2,RJQOa04EKUO7XtJ9KDHqE
x8TzKIZ80UxPO-lY48Aq-,wKl6301Y-nnnzkVzopDOa
aYpvWYnj-LGyMYKC3sD-Z,dgm23ZBGT_yjJ3_PIvE5j
NwPbX9rfNZUXTbXqdx8EC,7CoRE2wreUOjaVKx5fnJL
a_SJ7jOR1Nv-Ef3yuDEjS,GQ5FyKq3TTvFi7G4NVQdP
SN5GWs1yx-Hs2PFZkZLs_,0XHJNC8Pqsx3Lesv_FRzK
acASkeiHzYKQmUeQuSoVx,GgQqlhfv8iTpYqkC9aDlp
gHaJZlkjCr-TkYTFmuDUG,dsFjV6d00hF6c55nEOYHh
wYp9eKpwTMGkN_mEHufEB,YJyKDtdbEWr9mn3Y9XUFP
STfPxr_ZkV1Zh5XsWwOaq,cOGS8i0SDzF-fim15irSJ
PNFxCmRUnFmnMcaGOeANb,aF-ERLPH_xo_Mj76RphX3
nX5PcIm19UtU6cebrj9su,BCcVMoBh8Hxbogcvi1ZH1
IpPWSLk3pMhsj6kPnBl08,D6GAvHowMULbSoQn_QlHG
74U-K8tybJ_JcBfYHgdyg,YACToaeFY6ZAoYGqasGl0
woYAM6IfZwLZ2huWxNugN,rglT3jiwQrrvtd-m27PnL
a1479eKsnrdoRfNU9ZCtU,cRVTRcborPoixL45xASal
NcEr7wC-MlTbDU1_ZG_cy,KxUtzqNyAHUJUAGyjphdn
MoL_G-OEodt9c9XnRc25r,557RIKwrIHzSQa07UCkK5
LvTfskhx4kxg_GGp6df_y,DTTY2U5JnHAjtvsfGoISe
po4yRQudCp1d1SIZGEqFv,znjri2wsDUhutjOkjNaBe
2wnp9HXufeZROoK7s-MGz,vmu-zas_AADeekzL7KtB3
y70wWwWvTQuLUEkSLARNQ,D84O1iDkLt4QSV7WDUv0q
JF2EeJSzLiLugiclb14bP,WniNlBWqaqLouF6dcERi7
cGfU3qXSJRLYrgPO937Uv,ST13SlxbdqXGG-eo250mP
_fQrEPCPhxehZVOQ9rrV4,UkgKGlfHalPDWazbpiL-p
Q33PkhdIEC8LRhA2XC8ap,cefRNeqqT3EYOQlH9EdAZ
VKTF8Zt8Q2taVSDHC7Lr7,fU5oOKzF5Vp_52eZmkWVn
Me8rKcBbv1R_ZIVKQQ665,dnYgyCGbZFQ_OJT-rJNqO
JaGzvpwUMtBl0gaXZq-qy,iNKjAg_fU6NnScStb1Rua
KtVwS8u7e-_zzF7SMg5pQ,5tMqeMOD7aIMNycJDJbVX
Ib4jy2aqQVQOMClxpSZwU,8yoSJ66Z8RdyNapGjbfXz
4lcqQXxurJyOlSP5BYZzV,HNwfZdfFoVe4EqYzNGHKy
6g3SQkbg_yHWw5UUwsTqR,HCSegtL2EkfI2moxZ4ayA
sJgLgajkMNlUjouXDu2Z0,ZOn3PzZWOt-g6Z6vcXrlW
RauCxh_0A55GO8trNd41O,BCjtcpHi9iUHiiU1_TBCq
ICvJNu_fORl_zETbNbpdb,XDpGV6104rnbQT25jCD-p
iWwwS-KIWtnTirMqcvhgK,9ipgj-VjlpXU3v7Mkmixj
woFgGQCe1Yow_Y6AU275m,Z06CAY_QRDeCu4beqeJq7
PutrSCXAgbdmSwwEiiPqF,pM_CNsQpBJWtglTilfY0a
FOmIU0KSBLH9z79kzCxgR,B60cXA1VagU5if3MHZnl0
oQy1Aaof0ON2Km5E6EMIV,W4hSXLVKTDZtLOTne1Nct
qakt4_jEhy6TQjUptB7Rp,-tzNV1TdIEPETRggqZI_x
Ce7nrvwyYbtD_5IpIf6ir,xHNSBHM2afSNoLTRg4pVl
TiTB1JIT4BKsZeScPqjg8,dlqJaoA3zWMzAKdeVAKgE
x1bnbDErZ-V4Af4uUWVnR,WwzKIJ4PDgzTUBRHsVge3
AMW_I26BgAm17tFKSgboD,JUnMsIXH6F9AA9awNslSZ
6t_U4nFU1cJuK-hL9poLG,W_UGhORaniwH6b4E3Ze6W
sGfJh7QJBRzZ5pQ6Mt63d,jMuzVl9MQrZhzLH2HlWbi
ZT04ZhqozPtdsFTTT9gyz,OjHBoGe_tJVWLQ8FF2TEh
x2R7QWwA2yqtGsrd1lfdQ,KA1yoN4lUFd73U4dhrvLa
p25eoVW6ikXJwSJksjO9U,EPEQEi1my32VdZX9nVnfd
uOC5NXTWhmsi2od8ILLxY,CHesTystSzhOe752ibc1f
hqzJtErzei0HHA__hY2Jd,vvnfGAv3ixJXAvjtcY5XK
LRrArSZAxa7rtlpvS41AA,H6VJHuV5bPhByXBjROAI1
tdz3KEV1E-vusz-iijB-j,P1QK8h2DEBv5dpyteNytH
5oruPLGRLd8xWA3SnCWAN,Z6mAdn80njKlKDMH7TPNg
fzRhK_einJQrjzXxkuSrS,eZIfRDrTeTOECGNsXTTCZ
4p6mav6WGZ2BhZzMuP23o,FqJyrPunDJeviq1yafP55
Q5KwHLcJRBj7BNJ2--09i,zYWNqAhWXCIvmMXyKg5kd
GZDmNjYv0wv4VjMYHsx0E,qx9_EbCIDkori55y4HUnJ
Ll15DgYrJe2HNkZYGWOg0,pSaCGYbezNqRKUZtpe2Zb
ucJJPzG3sXlWKotTO8K7m,hrGPti8mIQpon6KK00aGG
fbNyhhjWj-kN70swjW4Uq,iPTVr3ZyDVNIwzA2frnu0
7iikbtlPczviwdfj663gb,4WWatMDEb4NiJuQ3bFvpD
5xVhM-64neOfEFQwEVgAz,8Qg5FbQhLyftUQcEGVpn8
RbNLW7i-e2Q056pIo7qjV,uWFMb2fCN1nsYno7yGpI8
xf0XDp0kdVq-_MECHBgaB,kQhoVeBM46WEBjCx2hqME
cHrsAp05OvGGpLfrGnKjX,W9GfT6uuV97VzOaBB1VRn
8Vavs4zudRO1KadnCnRb9,07ZboxpOXDRoNecNJ3_Di
H089mQ1tbutLBOUYomI8_,RFQLlPr1f7YUGUhhCN-M3
z4Q0SaNSKmiU_JaAJsi7p,n6_H9F3tWSMgzQH9Hik7S
ABbC94VzwKpHS3_zrFmmg,FsqPNTq5xqlsS4bZrtZ_k
EwFYXzjickq1YZ-ZbJ45e,wpY4zGEzb3Fqjzt3T3qwE
zb5n3YvQr294lQYbTnWV9,TXJ_urzBBUX5AZxssLx84
d7PTD_EAB-1RTWZkI1271,NO3D-156oc1FVAcEyg0u7
LbbnjXEiMGv153g9wmHSg,LEP_W47VA1gLC69sfHu9N
kaAI-C8CWqM36ITu7B3-l,boYs-UPnQ-qK7ivfBQTjC
1ppXuHg0tmiJGLkffw7C6,MGSa3UG8poXIvs7J_7hH_
StL_X7SstDtBcl8EpFd_d,cBTUvnh6uqqIhogXVeZwN
nVmTpHg8u3Y3R9H_YSxS8,pYjR3Z9k2O9sNL_UbnZcw
ubhqkQJw2tnHSY1_lPxx3,k1lRI8iR1L-oPakj-xpBe
j_Tf3thY3eYzyBkENWmAG,JU9Ei4bIhJKkxNI8loq4X
FnJcsmdPp7xy61JGubZfs,vaIcjAMhEVCvJTF-pZM1R
yFkt8azuUYUMzQuAmxLId,JiGHtXC5DwzeIOBlDTTkF
9XzC8EqG-aQo0uAi_DUyV,34wPrK0h0GombzF-LZPk5
Nn_rStpRhDVdIf2Ew2oQX,vs9FbFhdA2OZlhwyUfVLq
6O7120XfmTfwwyJ1Un6x2,QeH68uuLJVJ7DRHtolyeU
UaFKPeZl_Q7whG5PkJkWW,rlDp7dnZ45swnd2-tPpHQ
ltdSLdsxCLfDLvzwOEalt,RI7DhL0lNN4zvZNcXkXOB
-Jb0n61O2_kQsocEM3AUZ,fa2kMImOqLMdbMS5keh21
dVQOfRQwCioYpAZS01HYA,Srn8VNw918RasVKkIPAKm
Cv-6beNqGkl28uHx4ngwU,jyIUKFoMAddBct0P1KAkd
UwsZDW4EYcVh49Z3HuDBg,2cGUYPdEzMeezE4nHMR9R
bnPl9-lhDPQMGHIjMQxTp,WQYgJpZCgSAHWjprzG78U
SuN7LWhraG1O6j043tKOT,08qA5XBOfshPv-UUeMXfb
halbClKjCGiLV1gJ0YAwD,9lgZstCoWZ26lNFqykLzp
mghzFa8U0wJRtEcCD29Op,0BYfnJh5YagL7uWDdyszF
onnrIbIUhc_vuvXVprEio,GhI911ZMZEc7eIRP5EUGz
UpPood539QWwER8TL6e8E,1NH2jZWGpMJuLC3UWU0l2
hy0oPL_2g_RqZTwY-UO25,E_y0R8lGNxfplXJ8XGS8X
p0CwbmRPaBxvvNdIwOdfR,fnaRcXyPcjxM5L484qmhb
8E84VOk9z0exie7eFR86Y,6-g0GDlrXzf8-6w5t_GmY
si_scjs8VmdKPlBbz-60T,H17tn5T9ely7adC8Xx-KN
UXpn2m6DU53lz_CRzpWyw,u0WWNxQ7IKZYHd35KDiV8
RI8_e7-BrLvBRvf8bLndu,6FyYnWOUIjBN-j6KgF0CP
jbVjA3YTvBA9CHFPmGQUH,DtlcsCprrd9F93dJ8it1J
_m2tSdy8yzqpN_gkv9vMx,mrL_LxOhpd6DXiIujym1D
5htsGoRmRKmkLAfQIAZ4h,Ck8mv6mLxtbg1udYZaYJ3
BFhQdPqHq-3IcRnH_OAHj,NjOkq8DQUtX3VOIWDKpXb
mDzaRiWOOJncOrhbGO3gL,z3Az0jiLRLBs7jIrvdxCU
1peSAxsGq_P8PYLV-1Jem,I0EUqgAS8pio-NfS_P_XZ
QWcT_1u4zv8RZ-7aipyrW,KSM61w2rjrb6umIraZb_u
U99rs8vVWhPhzz71WNAAT,uAe4AzsuMniZuuQqjvmk3
Y428gF06mvxTnipxDSz4r,31fcxkCc56kMM9kmBYxFl
pHFnR4fOKHYu-06I6n41i,vEWwXugfTEP-cuOthCDt6
IDyC2zqCGkhzTIUTM7yRP,uG_a2gWEUOBovc9Ob7Cd1
_kMKIy9HGLOb29xdQmqQz,R8m-bJ3aTqKPC7DcgfJsO
ERuw7yMVWgRzAzmnLZ6r-,lcEX0K4EG1_5ewp0YfCOb
F4XSzTJrDngA6foOxW3pV,Qr21NH9A7GbSsrDZQZaje
KKP7ekeIB4lr6Y3Qx4PFK,LXK_PobWTYmgGcIXB5d_G
OVGplL_VQ7eFsmfXwmbZs,P1DUbKc19ky_SdqwF-f7q
Frm2Ynk0UN1PmrBb5KPTi,oF-XGqxkBCz5NBaUitjRr
-CkIipWsV3cJOeQ7bieNE,wqgh7e65J4i9sKmh1g5zR
N-b4Fu5Uu3XkYf2wFrlOc,dXaTLN-Ye_CEn1l-FNeiT
vLsBkHKke17WQSOPSRvnz,cEVN5VeabT7HEdzAxu7RH
H-tRTuOBEC_gx0oAUFPow,wtxlZWwErV2dZQDov-W8i
VuVAVSkTiI9BGR4H0G-IU,F2wI2ilVxmmIydniULM9R
R64FuSCwZD9Puie-x5-ZS,P8cM9o7KdYQsXIfbfofLT
hxPeRDiJbRs2sjq8wz8Xq,7l9AchnjBzDCGRaEquWk4
_STyeDfqPWsEfSVCk8aar,KMoXjs2tAoyVlAZ87429Z
moF2m9EglcAbjwOelkpS8,qDINfhWx5J1Zq4bU1MjSZ
5j6OBoHbWaOzy_peHR1KS,8rVlgJc-Ih6_qbv62NDDf
JaGgdZzU5uvIumGXWbH0i,oAdhfKlUHI7GxKy2ODQjZ
Gdq6dIeOaOp9ArV4Jikip,vnQAwLJABBsxF1H9LLb1a
WcnBcZql2VhJzRxGhZx7o,EeGKscKM7hwKrdovVvJtG
mxBaNpSu3v094dtNQSecT,fCI4gJciN0-khDBzh4qp2
wEnjM0nf9KPPA48UUJqE8,4HkVq88iDwydCuBXZseNk
DFB6KaNdxdskDOvEXqcGr,1Iix68tMAnakYWbrBzV1i
aQOGeFAPPnV99VFXBgno_,ZWdLkgM5kGh5tcT3F97O5
MA5JimdFd5TG7flFOAjhb,yyORMLwFQtbIMYKzoLlvm
0XsihZAgKdgzlSzMV25W_,7ML74BQ69ukZGzZFFclHP
YCgi172b6yRWhGyaofgBp,-yZ5fVFFqx4mXp4-81XXL
_id2N94_i-DC2mQphLKHY,w-Sx1chr096LUiV3fq18G
Zw40mdaEYifjG16mfXGxA,KSVqJMGIrf1IYSiCk6c6c
MnKPLqZnV5Otp906jy8ZY,Ra71PxCXRDY0s25ajiXTZ
8agd_fmrNuS0_ZdK0Ce57,xjXSk333T4vZNbMxEgFDu
s_ia5b4YqPpWiQQx797Kq,ebminaCkcCf-ho0SDK_RD
FmPR2jarsJPaWOjhzReWF,HH-SFEtOKyQTifmOP9vXl
HCIQiSeYMtyJWBoBmoxOA,q4O5g7BscHm94mOd_AIsk
5qYLsX5O7ZKRiMsMVktPr,wa-4HWY_Fejscu2u3eJe2
cDLWWnYx8yKQkn9j2FQJU,x1E0uGIgGAxaFlLo327lY
e6-VMcwql-8_KhJWKqj-c,d7XxajYrAwlwQCaEOkecT
yewXHBzNJwhR7AtLAcJj1,HYBJ-3IIyeluyKhfTpDVv
f9M022m12QpCtjAbQjPrN,OIOg9RvY-GOdfkAfBnpoa
obZEQYL8616Y2hKdwpJ-7,QxAoxSXFWTT2pdb0dilDA
dno3e_WU_OG1pr5Zhy8qH,i94l31uCz7sfNSgJ4wrlX
G0kkedki1KlRJrcmYisuG,ikwD4DrU6if5aq3TH8RZJ
fjp_A_gzYoHKT1ecn5UGA,K6Fk04LrSqVh99NiR0mKy
s0NY7gxxAj-h9a-B9gnaj,W1J3qvygdhf5vJmIuhQgL
4YUrAhevL9Pu-iq4pamDZ,-o46NC888vfSl1NBngRnh
3ChoEmFznpqBfUngzoTI6,kmPLiCZJ-tqQWb12inqmp
7tfeXSp_Jg9Hu5Eab0Ofw,CxKYQ6FgjPLQtvhOU9-2E
XoYqmV2IxV9rfqqyoaRc5,A5MSC7vCv75NB7_4_frgN
fbaE0ux94y13A-6fgmyNn,pLVGLn-gmyvuXrJPtd-ZZ
te8WPySoIFY0G7AfC100V,XxZr4JRoQ4CC7LVz7mim9
uwVAUXK1ew1x9pBaUCemd,QLhuHQ-IId6vMtf1ezUrI
cTwps-cGRPD6SKAwt4Pkd,hRNCCQVbIPMDR_U2-jkUW
GO5VYDoej8CmhITEdTKA7,BjakqWplKlxwJD1tw9y3K
6AvC7kihvzUoz_mHnG94W,nyyh5dyskAwnkU4Zq910L
tA0tzMw8DjCn58JKcMWfO,JO9WKKlABxRzQ9pETR7tI
9ZujkPN5TT1eYj-Y4UJnX,JwoAh2ULbx1sXzje9z9dC
AS8n5RyFhe0kClcTRmJkH,bm2ozpZ2Svd1k7b3ob__e
84rmai9aZYAfiM3h8QSgM,vkMkFtUQOIJV0yeV5P4pd
MpDJmWVQ33lrk0ZQ8-C29,YLGMJB4wfO10w7fqSxEra
JvhpLMXL-MsVsP97UI_mB,-iJTk5YhWBGRA6RYbA808
eQ4a58CcHmY6FWuTuysjL,7HeiUIB6woSTOkqTXyD0R
-yqe9kwKADGgoijU7sdT-,8vVzskoJARFVG136MbtwL
i7WJiohMLuvRhVER7YIAD,BIO7O8YPeOaIi2ofjr8uI
DqsCYkBXzQYLyQtTX5t51,RbKMHQoN_nqP6hz7FVsoL
nUBZEX1JXZE0U6SZRJrVI,7k66O_KAEY6_LIh0U0CK9
JXds7_hsoW_SeGZw9bAxn,bgzhSQvQe_GX-yqtEFwzw
jDaUR8-CEPNpeBKVsvoaC,KxMSbwF-d-Z0k6iLJLKZ6
RLg5MFPAkbShbVNFbh1JT,8WzQrP3gCUgvA89Yzf4T1
itgrk_MeIY3RWWTJGE-VA,N2YWV70HvvUkdxktyVeXe
W2gpV4lLJXyqcB37OmAIn,2C6BJyKVsmjTGwcWCk7rG
dz98IW1c822hy9Y84-bQs,EjCHzhqPzzCxBVPbRMYMv
5rzxfJgrtVrFCQVW0AZCu,MvKSjNhNlY-kCueVfF9pr
oK3DHJ7l7q7QECwXvzmvf,VuarddfUzlrNb3V22TTDs
fZ0ZIu3rpNCYpimcQOkhb,QD50YRozBPhRL9LU_egrT
E5Ump6KT14OtJovwyDs5Y,Z5P0yc3_2UOWyllb91JHt
wI0jZs5O8d1oMgl7-OR9J,_s2qjXMUHpTOIzzxVCNW4
dwp_R3o0Ebez8hFD4pA8m,37_IU_EL6t5xLFFXSLM8g
PrzJ0VJ43YuI3xa27LRFw,A4vijcCLEwlK9PcFiOFxa
gZQ3edUFMqMaFkKk5-Lso,6Y6-2Us7i_AV7xjHCWFRU
xzkBSoeK2OwQIvs-A8iFW,I02gBP21Eou18qP8NFf2f
k38vcgtL9gsWH7yHB_zu8,RbjHTQOVjmMo4oDgGpaA9
Pge3S79iSSX4Zs7ax3ORv,1jzWvARsywx7O_lJAjlY1
Bd-3dXfmQKG1C62eVyeSQ,YaZubN_enr1XVQ34UhDx6
Jw-cLlcl7gIfTe4hJWIOl,9cGcXevaOrHS7Jdy_vUwt
bZGfRDkz6VC8be666Acxy,_8aypBMf46lBVs918vXTD
PK7WrqEe7INxklDNicLoQ,UHF2FAqg5y5zX5RmBonkQ
yk20r5j2cg-UupYfM4HSM,5zgj2uCJkSkmqkZ1S1vBf
-qKTqHNR3cj00avCbG4sN,N6YInNB-IIDUNCnVvydNe
7-4Lb-YT2pvkJbsZeIdVP,k0zpuYFzyw_Tf7MIWc00D
JiQ7W5CYK33YrguMYdbZo,xckBK6xyezFrF05yvr94i
iYIhYqam_MpX-BtVu0yXW,D4CrOP1uJKig0OR2lhHlB
Se6DitEUYLPUCm5D8qgN-,NEEfeeoZFymXHeOXXQiaU
mr7EQBwxh8Tb1rbpxob98,DpDfi_eoY6jvmUa0XVMPE
gMHssN9ddUgJAegX16bHB,iNcUxTKG90f4BuEQ-KGFB
dwhA_26Aaqh4D7j4cjlAP,qcWUcGrkNfZMitdVNcv9E
jefk6suT6sQ_j9Q_oihdv,0cX4aMtJqAjM-18KUC0jP
X3EsnNe5amtC3KPk0xIeQ,Be3B7ZNw6p313EXLyA5tB
cZLJgsxfEog_3B8hv_AH3,O-AjToCKpZW96K9_HWoi3
1PwCKcS804-sTDolDkuFv,biTbV3bZl4dwuox22bZqB
ZfU_Nt4KXfECWWFbFS_pt,8BTGVLjX_563l9a8MY4_c
Cza4679-7d1E3rBVu3pti,WoEzofDCgEHFpqLhaopkk
rCnaAebX8-YenTH-8VK6p,RjkTI50kU902-6T9oXwJR
UqKrWjH0V8Kod3_ehtqeF,sWSyljztNJaUEGXX_WKJ-
TuQmiYaZ0iLymWcvlFStQ,DFCjrJ4XiVclaMchIe_Bh
zAOFS29dwtk2c8ONRh7F6,N39rGGndiK-kx7sC1jUFc
1X6B4e-UlGG7xX9q6ZGUy,mqZopB-27RdgcGPmHuPRn
03s5kcQr2vGLRfUtFqI47,XNKB6fb_ewgCB1VCAgASg
Ut3MzUg4vi3Sqf09BLMIm,DkVu-2PBxR7mfCfw8k9U4
DMOfLeEuGFdH5AFgRSS_m,f-keit8Hyw5oLh90wtBmZ
vPPq7dHUbR3YYIVV65ZVJ,E-G2qbkOadXA2lmP66Z6B
ZUZ5EqOMZhoSldchpVLdQ,3YJy1inwU53F_5qjpi93Y
pcgd21BOrPtLx_2Cd9lS0,HWB0wBwc72cj6sTkwfcUL
I-mwyOjqJzgNnudz8vZc5,datsDnXFyDUzm3ZxTXGgW
u3IR99dVfmulni37TUDrb,SUqBp_Uzjx_eZvYyWKdUJ
4Rbd12-3TIPeSjVqi583N,ihBFkqWKF5bjBxPN89eBO
DjqGKA6TWahpj7Jqa6EwB,mqsH0lAaZj3BaG67cpok-
pZKtuLljsm4Pgxw-3Dr_m,wXwjpLy4jO1-Qz0HPklZI
HOmt2IMRiV1k-fF9fdgpR,KeiNCc25UHHRpf3b-MAuS
cHXqDFlMA5gyrNDl5dsfN,IUTla14_h85vAqf-VD_-J
VdJXNPtCLjbZmUAIWEIyh,Z0oeYQ3rw--RGRd-IZci_
JDW2jnl2fK6kFgeGkrY4L,LM4z_WRdVTgxwwRUnkL1f
_Ah68yBS1sFiXySPZjUR5,dnt2sRfAggdcXzGUBpxW0
Ojg9rBpmPGkdoHowK_6uT,YVswd7sjsndsvs_qPHdDd
JhAiI_tVnPpawekDO8PNL,rYLa9qfCgnaBS_U6jVjQG
qtDMDUhNOFfhLjSAVnb1m,lBhn66zZd2sIY6uJMU4mK
noFY0NbpTi_TX_ttjDsDG,x9WvUR51INCIH6wYQ8cvO
KVOnaZmzawCR4qyDW5Tgb,tUELUD4xAJ-P4r0Ca2e8r
DSdjbv-6NEbid0r4aUKqV,RJ7V_qyj7P1lTr4OUlBUw
GzmxKq0eEZW4vSgPLJP90,TRjQRzhYpcB2AzUF8AJIc
CfRt02G8D54gldjrAYgGL,WykZEZkA3hMmX90tGcVwH
XELzeJvm6oPwqoYmCdVQT,fkggvI7vR7Za7qKK9cr_6
lpfEDkhSFlz5oj_vDI7d8,Y-vtsGpMoyG93jTrA4LT6
5bKFsnqdxJkTjbBNnNvJK,vFgRf3rDVE7cpM7Wi2zeU
dkGeF4MVwE6m-4on6GVJv,Emk6UUBHO_chsIMd0cTYS
mX6_1VtV7PUgyj2_6GYII,3SA2LoadvyKIXabSI1lp7
s_JoqP-HVPTRV-1d6Et5g,nsE2k5eMlPbGHyG6L6T0c
G7vh0Kx7SnhKmfDtw_0_b,PX1dxeVmWEGBs-4l5DCfZ
2GyVy4TpxDn88ZPrHdaFc,Ewa-nnFxUEpEw7f6EHYsh
WdpcB2vcwtm32YA-UjsgJ,qvMkzFG8doP1QbiEZL4Tw
ZO_lWw6py-7KrrnXl8X2Y,yjzsJSLCAJ0W-_3iFIazz
RDHB3vjJjvAc1WIK0F2-i,1VyTBLx4NbsGwNrkeMxLn
C34KVfBF-CGXmc0f6tSk_,sBkjmbI0ECEWBru8nMv8x
QVTWGcgGjnpC3C_JtQA92,hS7VWkbm1u2_0lY2cEe7c
qt3CIRsvsg57IKCoJxYDP,fjGbVOaE59BRqQZXTJAGQ
es65ktrdIXnl8EbmZtYrn,qpLtkC4W8wjals7iudNNL
fCM5_dibGXADZMdJJgFPY,tGOvbz8rj6Jqi4JAz7NXA
nyEX9ClS68eYO1Af-sb9W,DpbJXMNfXtOIokK6CPin0
UBA83anW_04ujBu-8flCX,euchyybMcoxrYejZTKyE7
HpwISWNCkpqX00Eb2yJMy,37Rq6cWBB45JYyj8JCSim
orpHSKs_A1qtYFAVhdeeS,Uq3pVM4u8HznHxJINTihk
gxEBSVHWW6plF3TbdNrqP,yZUzdbAeydN3zJGhL8gV3
RMKmq4tj_kr9bkktkxlG9,nOauy0LH1g08tz4nW-oko
5bL9nwOEbJ2L59htxPxo1,w-P548qi4o_oxFRe_4qYJ
cSt_7HePvXFYTpiH-jLCm,QIjizYXO03t5_tAixYoes
ouGREJjnkzOi0Oo7gUr1v,h58UsncLwt43zta98VGC_
pBG2yStRFCJqyDKiZneXm,yO0ds4gpHjboojSMtAHhq
Y_0IG8-p9zuJOd4mVXt4E,0LKpwjmA0R---ErWYXDo3
jYgFxfR9BT4zdPoJewdas,PrI60yz4hpr4_pV1vNXhi
pDTh8QRO3Rh0KZnWg7N3G,tIT0zZPB0aDVjJxLMELiB
4ld7IPVLs7AaYcJI5xPgg,EhZlUrczMdUA32ElmSshv
QUHkq3XoVxxq4cbma38fM,boS-qxDf_yVUaBkUlvzMp
e9-zPjpeDOhhTaHwEZNZx,Ut33OVsy5pw1scBcJJ__c
CDAzByCMS1YCekTGGD5rO,idz4uV-mIFP2bbYCfsWHL
zmY4MqOM1XNZJWOe7KG8S,MmZ7_yzRk1eqzE5O8_BbM
3vL2_wFZbaf13UNsOrTkQ,J_jjozOQIe-qzZoqGw968
joMEUDTa7_szQvW6Bo737,55LKf6GgJQBNgxntnLlpg
60L9p7GzIRyMQyXvVL68m,yyBCgZCPlwhoXOBZS7LYl
QX-3T651Vh2Mnw6cnGthJ,S4ll2BNRS8Lf2O-fnrHcE
zlj5VE6n_ogqI6rstagvC,9pdHniGQbJRZmjWUIeAUd
Jy5eV8BU59fKu6BKrovpn,1B9tT0_Plf_Rsz-xAVNAQ
RmMp3rnWDPq3uQaADG6o1,21mj8300xHwy8nvgMoKLw
YZhgI-065s6OZnkkHeQfE,bceWNVevuS6RE9MUj286Y
BzgoX2-N-C80-97_Z3cWn,4RITqtB694iwQoiv43qvH
kgOKFdqAad1wb0_rA6HTb,Brs6aUsJdHs1uqBsLRsZa
g9QQxRshDCOfncDD-eTOV,GM5w-Ok5zmmjppaLgLYtn
OLH9zpKnAHbaE_slW0irp,IZVd8cqcJUlWiOY1R8uyz
T3A8aMHwn5bjuC-46vZxj,2ooTub_m2qEXPV4qE2l0Z
TDSfpl1xksUWJHqMoY65Q,RE2MC_uf7tSmtU7_cVaAX
_452g84P4uE-DVjMN9-SG,VhjyDnPErZMt9vzufbXe4
Y6LhFhNQG2TMK6lsCCEI6,d2HuPvcMGRD-JfrcEKFwW
h6-9MlTTR5_7EbOi06Yo9,DqmyccKyW-uoX-Y9ae_pF
nwAHUppYmqjM-q1R10K1a,EJ61UxCdnL59jOm9V1ty6
M3es6FihwmHzlG2itLnGT,fthuO1ZYtflkryJDTXL3c
Ek2VK1k71z5h_7zFZ6fVQ,OisnP3ORQfqQQNrqFcOk5
7YyHybCJpC8ldFiwRQPJu,aALUPqVTQog5APb3ZAG3A
v42GRBWedtXg_32DvWqTf,ojj5ZJiJmP4f9KtnOmMS3
BxLohrWAdRypVwcPF2UJQ,1mmlM7lzJB_-VUwwnCdrS
mvg5ZWuwKB-NAPyZjMXWi,nnsLycLpHoRIK_5U1J68D
bMXHktcQGK5Rgvb6hppYF,2nmlxOA3bgw8ioQdjvxXT
8OB4VnoL4E9ip57NK5h28,XRxff0d6fhywhthAAhs6S
M1idKfigedkjKMW8BGwBf,zUvuXbJAJuVewu3MhxsPw
zjCxd8_cDb-GG1XiTdmG6,zMyXEcwmfRQ_td-5fAPm2
itQeOHpzWgba58wTZ0XaX,HPF_JuxlnxHi-m074KuzK
WK4aIitid5Fxb6LbYvBHc,NsB5ekwSwgx0XFunGwqb3
74b-u6bcI-uNtdy_-e2x0,M6sGolGHjYIHXkslz6taE
q2ayJ95Q4--4cJleuNf5a,4nxEfWTNjkPo6c3poDCGf
msRpSRkdX252VCUxLRsRN,eP53ulZPSPVYQrB3TENIA
3k2aTl9qEEHzcjkAcUBYK,6qrVi_4MM_aDq6TE-SLa8
fDY3fsqQJba2go8zcYS7U,jDmy50C21u4EYeHKHi5bv
Or-p68ss6pMZ-qC9zgM0f,Vza1GmNCHf2RUv8qkWGmq
ew9Wl7bik6bzUBY-Fyxyt,jl_9Zocg3loShM7hV3MXd
KPgm8n9CVf4UXCnd27-yv,UMCRy-bZFV-lzoJcMqqnb
4NarvwmkOlgM3b3w8ytt4,nn9V9ebpaWgyiqgY67PoQ
yx_1c1OVyh19uBLj7gXAq,nmOtGv-ulGfMnfn0_S13Y
m_bKlleT_FLzrfcKov6IV,Ug1Sy2vGq2N7_NOSeLlSO
ZzNTkSOdVKqCflO80c_zy,BPS07NV0E6novpxWFRvVj
koJnGi0olMzD_Sc7vyjYm,H9L_4xiEMTxS_kFV1reED
oGeL9u6qnhKrS8D_GmiCa,VShQ84o-9Wi-1fn9IX1uI
94ACZbgURTtq01H061jy1,P_lAZHQV0SgN9DYpf39jI
EWXlwJHjrTae9-4tWIwYk,6gibAdel0RXD6x6ju5eT3
VAmLlJEba0N_ULVViRZts,5UfbbGwQf9q4Sb2L0xDB0
UdFcenu2MId8WEwRKkOMJ,MULkibTarKEqYpGfQiPvm
4ImdAWERd-DzZH72PRp3j,CZCUZ2xS3moe8M7SpO61m
q7PdUJPWiSvJxiyGw_Ohr,OqbUCOcfEcCf70ty5k2I0
we5luz_u6hPxrIqqcxLZ_,FdQbxsrXBZ_yws6PcBhqW
K4MJhTqycHc-HInT0qXE4,dPie7M48TWbpVT8ZL-Lqp
MDJ_U49h_S4JawCf4IxuS,oCZZTxyECCU2wlS3Eri69
P1Kl5BKNwgcHJu1tyqQMe,9XIhpft0scbbahemNA5b1
oX1Qv_fBB5HcjqMSSwf7q,d_0RHuZUA-Xaqe1_OLR-O
092XYDvVREDz-WUqf2Poz,AX1CzKbjZ5oLGFZv9_LK0
cz3jb1Gnys24fTYxoTAXj,eGWVbdZEBb_K-Y8hqJuiz
lvcfbdD8pfJd34bwcs4pl,FE-uj5eB1ocX9jZzsqj_2
_7sulhpOIH6Y9G147ZV1T,xFcg3QA3gjTVAcKiWx74b
FhCv04aIqvbIJwhLElWeB,ZcdZxa0Ln3FGE2Zme4fmm
0lEd-kZQzt2DYJXwqmdJA,7ORnXMRR18_3NaEvEdhxc
u8FH064uh-btYndegSpS_,RZp5MDjhQDK_JhDNql8mp
p5okr6FF6VtLXP0IyXoQ3,WyoiwMVCEnZNp02XVM0pu
SpbSlml0bdmFzhMWpOoCR,IRF17aGmJzmXZ2YNQoWW2
0hTIHASXEDCNylX5GtXbE,NbH7C0zrMHTacUo2Gv3Cx
57y6DzEh60DU6YLFHu2Zm,PAuxoaQb63guwJiHlvA7J
ybAO13YOljiTx05EkWjd8,TjF42jjYOUI27aHWV0t7D
8BSWgsW5coSTsR8bRSzMH,QFj7d7Wm_9BJKKombfywZ
1CfUxX9M2DShykAVe5jsu,BDaQdYaYIfWWzv3AdPnXU
24QTp3lP02TcjvZy417qr,sExh8Sx8A654aK0X5u6u3
I0dttZgtxoHjygQrXI6_V,HbDIcYfZsURFBCcPfWwBs
mpHowSKZWzCgEWjUOLwQD,yU3FivGCP_Y1QbCobqY8C
rp9mIM4IgZzCB8rCOTDNT,Cgov1vTVAS0dSGuSS1PyV
H3Yp-fccUFAE0AbP8RM8j,E45W8q2HdRqV_O5UaF0xJ
IQfImhuhrxlJpruMmXQbg,MSPXNTUT5DXi45miQSwq6
jB0h951EHZi5s-rHynyGz,BrP6OZB1R59ZWJDnXuHRE
_gJoVXTx0CtAEzarULgl1,-1mk0tKOVAErGzsuBxTaR
u_3AzgCf8P9iQXGhIfH61,BaDJ-am6yi87S0Gc8UhXG
wyV-nQQDL6JsaqMmGIvbe,PdVuBNxJZP-IRF3epKVcp
QNmLnAdyHT-WlaotkZLLR,cR7CCuu3RIWc4R_6sPpLU
syzBwtjs0AkK96ur-bCQS,48h3vMt6LVrQ03UOVZEou
njDbV7q8mEj7F8WuRJ-Kz,HQ0-JsunjurV1q-UntLn8
P64uLifrVzlBIZ8XtuJxe,Vw4wF8XTvzrznxEmTg-Mp
6pWKZOwqVRzaSC9XB0djt,tCgRYWJ6_ckJye4Yp2m7L
ftuTrGsmH2eW-bIIWXwu1,JFzk6PwXAJBYNYhgbNrjP
A5oQPCSyDjtgC7gdiZhFH,3jydWhB92isBgBFcW82Tw
Nzb_4zbfmLGdj3e0nz_HK,Go0_QWyli2mPLqoRNNSn2
VTnTAKniomindpOXxad5U,rjS5vIYl4I8hPX3U-y8E9
jXe7r8H-duvcP7rnmX5ot,tU135eS0jDlYQ5QNl7sTu
Ud5jcfPWYrOjnaISytLFr,nfwisShxxOlIBLRY-CFrN
nyFBljeVIPxzP6I1jvEUn,Mnv0NJDWo29eAIKKt9BDM
YFwTGiWS7kdI55QVMwJex,scR8NrOijEH0piQFCEwwD
9wpcX3F7Q3AU9uLjC8jfW,M1mSxzh8IL221Wv0f6fC7
CDzrgVUTrE1b-Ou2ccQs4,45wL0gUBiQw0k0rA5fQue
HHEwA3SQsZ8QiOB3DrjZl,Mug3ezNcPAoqjYRy35keK
iMpu4FEeLHlKhet6QNHxg,UsfuroqNnM8VNhPXhtLBN
EOuRy4c8-ywtJ_s6AeqTL,AyleKVT2Hd_DVp3M7NjIC
om-E8rda-cwjYJXMF5TWL,a9Iv6YaRJkSj2MPaXvVZO
BmC-1wgE3oK28E4-ySyW5,d47dYsCCkvJytCpMeaCBU
sUMlfXDvhSKe0MLMbk8fK,RKqPFWAE5iKKF9Nrsy73_
Xk0C56O4w_SH16NAlLlDs,m5zhickcRmxkOI8VRlg9t
m3CRpo4sDv85SbmvkLZzf,W_ezks3_akvNPtmuHUACE
bZG7KUcGK8sLpOlTxuz4M,0sojPo_xzZKdlj5JZcEyu
kTUCX4IUGOK-mIkVX-HNM,6RRFCNJxB67vVWtsN3fkM
HdjKUAqNc4pyrc0Fdv_gf,tIMuw2JcwMAkwkD6ZRV47
DfUGthGsXNL7b1mzqlF8n,3hllL0kW58gBrLYwrPCA9
Z_p8MsKX1LVaWx9T9Zbdd,CcNmyi7gKPBffAIM3nWlZ
1gyBTLvNrIDeBER5h22tN,g7QF6BPYk04bzLZbR1xBO
326tA1okAC9Xe0SCyfL7V,eYiofHeN2GRSVsiM8z4cr
ry9QCj5ZchFjWN6xn9uUz,Czoi9xF1JJfIUhL5DrF3p
dZw9SVEe0cjWSqC0YCxsj,0O9elS2wwPOOb4FgEe1od
JoK0MVMNyozKXxFDQTrYG,3BVRo89PIPg351y2bnCJP
m2cYlYsIzusm1vfRudvfT,cyOEGOaUW3Kn6m4yBkrXU
CWrs3EA94s3b5WU4s135I,QyIWTIm7wSzvoLGjUDOl8
DJAhV8HizUAJ0DuiWKLsI,-NAPQ0n--til-Wxebievn
n7Kd9LIfeutQYVNx_hA91,vw_GKEoNn260fsgW6OSSO
RSLGU3briPojxEuFS1DxU,ZnlBXV-kuDjBqN4Faqqa3
a_FuEXgJETjROGUsXy1OO,dyrO3hP_17UfJ8Rd23odT
RVYf6b84YGn-Je7rdEpdJ,lqgYDubNfbrDmUlqiCwEI
mu_g2tt4VYf0Q1LPZbs4b,_rSDl2OFFrR07_XZZh02I
B1HxG_yv26cYO74Pe-UuT,tgUQqMNSoM-9PWSBgDXl3
m0-fSwOfQU72fzUuwfHSB,qqXJReob4KgSAF_6UF91d
LyNzhBbH4BpDUxpi4BVM1,2iK-plcIVWV5gdKnkAo6a
1uBu5lkOAlbZzU0tRp09M,Ya8lb4hdh368sxSalvQLf
ko1p-Ixz_eKI1rMsTzvHJ,7JeVmn2BXGJpwN2l9cUmD
XF3JXgHYH79l8BRcPoevT,WbBHihRfA-P6-GGklbP73
SVDhR8-PYd_JNGTB2bzRM,DeTyAr-BlcbE7UtrNnfuZ
kKRiUNb60gEfjuE70u7U0,JsoO8EaMKzZecCPKtKfEG
j88gMPNfwIi0Ski1kEhYB,3mCRtNHj7hEUyZ3FVkpoJ
m9vbpShWyFVYK4qs8t6CD,78ZYsuevf0bcaxYwdCCz4
byASAFx3lfsU_QMUynfVA,ZOsvlE2lDH2HancgcZG5k
qdJ6kchEny9-_v3rbJopf,cyTdn2XMieR1ZJp3oQPqV
_eAGZZm0o_mdZGDl974W-,Lq2IUKk8TWAwV3CClALld
M9FESn-1TrCZXG9c80gvI,OdjLGgVUoVyML438vXE5D
cR6soYr_7e9jHkjaAAk_z,VatFezRdu8wiPpyrBt1y-
dPnhH9UaFJxMp6xpHeloC,y2AWSwG3DyQnkgw3VC5Ae
aGsOvuFjyDpmGsAaK32mW,0WhxczPVB7pz2jL2uVR81
qMzZVpoorPF4srG7zA69M,sTkv_5aY0Na3oBZDogV6n
3lswzjxPt7eC4RxZqvsJ4,OcGenfhnj4Owtgpy-pTSI
H6TSZF8OF6kzz9z4PXTcP,HCW0AwuERNu7Dvv3Yn7Xq
0DqMdidtpR9YuYqGNpWY3,rLMjfF2kF23iGyAMTdyCk
AJTda3SvE6wu41giL0SnA,qJb0X60HNJe2G7p9AaljI
jrWV08UoISkZ-q54NVhQC,5Wj_f0xVJR7pZCjB-Qdxr
SRH4SeiBeGyXlamCqVWST,0Zf_kqldTjCSsDNS242_H
eotdiehwQEG3gu3pegXUu,EHjt0tBZiy6GTrqDBlQHF
VRNs_3tl2p6m_rIn-Lw6_,aTkM5MsG9LSEIH4O130A-
ESqInf60Adyq4mjOYlMGy,UYzDIqNbDIaaDwB2dfRZx
yfSMX5SpP1z7F8s5sMn1H,S0_WZc1p_K_rVpkrUf1Bi
NbTa4Pdor-590cELSCVyi,ae_u2lf7idU5bUDs51RX-
9kJbqygaHTRdF775ss418,3af4VWsHWbe15YJwZRddV
GrF1aOeV6KYM4Oig38bvf,UZ2_8DtBxtYJnpOd0UF3-
b0adgLiUzO7W6IUwSXvNe,4FA8EAok1Ynv8rVXwqQgk
EjmjNA35NwEBY1oTSj3GG,PoqAghlHzNz654Jve0lMX
mrg6E6o6U96T3S3kDZ9ks,FD0rH3ckQpzYAHN-99COs
4iRNSFuUWFwIB-pbVUuXI,5f3kSgI7IJx-XFBzzaTHC
XMy6ER1-Zq_XUbK15oOgj,X0lJM-VlKE8my6CldOXp-
A2aAqSeRvZvgPJ2oALq5t,TD8nWQeloBFA_xr71UppY
58xZjjWc5jX64TXbayW43,ggHcQ_CmBirbfMQpgMGr6
qssVO6oOgMM66QmL4dbmk,xXPnj0m4DJtCKEjPoIcm3
UkyTIcnc2g3EfTYEIHFJc,Jnn_rWCZMo4gYO8b-VraV
NXsnXhbVMoXwy0YNbO0HQ,WNtuzIuTBct9TRHe_5X77
Qmssqhg2Ky4CuUTQLSuec,RAJP-rS_IBSJNwBHIybS9
N0DHRKas4VvX0cwDCc1gl,zQTSc-PheeJhQAjjsOLaa
YwSjX6livmop42Yhca3rO,ulXNIzY85Efe16JYavT6I
-ogGjRzzLqYZKLrDOCgPv,LpcuDD5DFdczN7zbbbYtP
lUig_YKl4Hl3NxyNvilms,AYs6QXjDxMQDjJcPHVr7j
wYpzlGwYV5USlylbXuYpT,jkDwY1p3h-HP923YylUI-
hCz0w3WT17rPN-vveCJ0i,rNw9scJm-IhnN61J4_HCJ
DQp56g0Eh7DCbg4ApWRA6,FylAAenstZo1t7SJpDMZU
YlHKcpvcW14EvYZBfWISL,_R6ujKNFn_0mPqVY4CzGG
F5_QGG7Bw-6ivqB-O8P7X,PIwjG8ZUM1jqj9x_9v6kN
gxWQ_iDGg19dcjxi8_ywk,VFRGZuWg887Bu6TablMoa
BUII19RidcB7m3Sic7OM4,KlpT3BwVifwYIc5LtgBBf
XZ-DXcsEm8LZqBL3FoWuW,e5S40Tuto0lo7eyYOcusO
sK45RaAW917hRrV99Y2ot,NiWJTgVvXyDrJbnLT8tus
apFGSaelBZLmUN3g6Q_BC,FcjSyN4y_VN4OWx37iG_F
2KoWeio9RC3lpWk_ZtW2Q,NVEkPtyvgljTk91u83uJw
4QQusC8TGLRkqP6ndjVet,3G3avdN9BzYRId8VDtMQF
zuXSB3BqSAfbquqPiZLVx,GSbzAgulp_H43Tf7E82qB
u-L12mQeRAE0fAJgUoQ1b,g1CxyVu809nDX5btt_76y
RsZXMmxo1nreROJzPkD5G,0U7ZhgHXQOnu17GdBTMx7
Gn-HPt-N2NzFjqeg816bg,0XSpV1eNLFoSgBmZUvLWH
gTT2fQ1tbR8NyI_S_tK-n,_NxN20T-trgOF01nhj0nc
CdrqxeWekZH-_gox0_Als,CcEExkY8Bhu3W4kjsL9nW
GL1w8e7Ue9X6HaWABPgUZ,CRwAp0ue18dDWAg0Y6V98
XnAVzRVB64Qzl6xSRFdu1,jCg2kujo_pv09znNGcgTY
Zh7lTPBztG4fPI_OTY0K8,qC3Ie_LEIkZLNPhekYnq-
Nr85E6UWyjT77TfUNtLBY,i-djRnn150ycULjQnnat8
ba9K6XJDwEOPaT7tWqJVn,Qd4YtyxSzGltEDOiNxnqK
RBz5XjYXXk_smmiI6GaKZ,P4TIWXheOBN4hZlgX2GKu
KXTJ3Lrz6mEArxOGKihaw,_VM0V3J7rMzaSrBLsJ6EP
guA4y2ZSg8qxewmVhonEp,XWxxTkrAnXaq445uWwOC-
kVAhjvWlzPYQGLK-1kfQP,Ejj_bOoUOTjOlNhSah8rM
v7jNeIf8zcVKSp-nf91cv,NWp8Am_sNFrTt9tp1w__Z
pD4P31ReYlOuUgNWg3NYS,eSF4tUGYtR-LxlCcYsWci
G5zOozhK1DdarbLibirzD,NY8zKAE2-3k6BRB1C9TXN
LHbrK4us7SQsVWz13G-nf,pVwSY-VxsMRmI0Oce8g84
tKK_EcaLWmSbtP9VSXPZ3,h3GIGmV305IBDVJTHvXwy
SoyA6G0Gw7W3AkiR2P3gE,vQQW_up5dDBVTIQ-9Klgp
y5PJi62fFjX3B9I6YDzgC,Zr7nPclEwW5f05Ez8NKQe
imulE7v15zovkuTYHYlKb,7MYpqsZboz0gsLSyo9eoo
lFXW7VG7BsGvXK0euV6Vq,e0h17HeT6RAFW081dIlvM
igpplZEPDZfNMYCoGNvW1,4fUZ55dzKJ5EkJdi0WbVO
9cLjAW90eg15BH5ZQuhVf,YrRAfac7PoX1ErkQl-f5l
cqWZmcBGJsAWv9LPPv19U,AMkDlKFe90uDMnJsg4XgJ
hYCZzQURXz77dIZQ-S-6a,IC8b-YxszTzRP1kKDTzVq
I_R19G8udm4c2iG97O5BX,2xpivRRrz9iLnEMHOF3zy
uEWch0X_QwlfH4VjfdZNd,_0kUlAmxFCn4SQG9ZzpWT
pUAnyJc2dxpE0x8Hw8KhJ,YrsdcSQQ7uJGc8Vt1vr6i
Et_dePWjuZJtAwa9tn2ci,fnmp3bqJlBJRf3uc0rych
hOfpRdccqgQG708N2PRUa,um3qq3L095iqcIZ-L-BQ9
Ctj1cA124y31obtt1TSOk,BTxANOj5t-7s1RojVtzHV
EAEOG2Dbr_6_GN9WgYxw9,ffdZ5ZLnaJJ824yKdjNbc
3-gJOu7DVmnkvyrqcLImV,2JmtLsqVvH__oBPira5ij
cS0F_HwJnZ8c2z9lgqqsO,bGQ2qx08-moc3KNKYf1Ir
qfKj7xgwr2wxiTmBlUylM,cuRNijy3wXZdvCfKDoEhI
W2H9_iFZNy9fE444eYK0i,fzslOd7WlQBZAkvieIIvf
yMDi89R9zaOtRsFhzu9OX,bvPIZvtzksWC6zbljyTNJ
flwnS8Ocb5B0jLQrn3nkt,AkISOnw-PDnySGJSooezb
rRYdAJykLCVTI-7Xhq7_0,H4LOALHrDxI32fGQZ4EaL
Wzx30vDM47MJAslrrV_pG,xCMMBk-en3WHn5Of-j1Rm
KpZfOEveM0aodkZsf4yh4,UCPHQUpS6Cj9sJl7MflyX
sZo0NXcmyjFseehE9MNxT,EbFtHvhtgLBC6fEE9UATf
wsu0hj9SlV-B6-NlS5q6T,OrZwNCwd7Q2wsuEUD1m29
BHEftWPttQz2pBr5-0nEL,8N4MmRiTlb2fZJhYcrFFz
3nR68JFoAan9CIItlFGlo,5YDZZqQGOpgZ0itjInHdM
kXMSuFm2lklmQOxkYyl79,_rA82B5rSSrabTfsIGx64
9bkhc_NY4kXkB2fvzYj4s,aDjVOkUzFxHC1jzhhnxeE
YClejc3mzrDrD1brgqeYY,gt8VQ3u12SHlb8UhWA7q-
aV3XcYHFMPpMr3nsHGGk-,ATR0AreMwMxJcXbGGRQ9A
N7J5s-0NkqqXjmS1G7Nr0,3Y2aFob3YiFNLSpmEVPM3
jLwUvNAnM1yH83QghZF5O,gGSC8CO_5uIeM03_H2J8S
lyCET0KmLn-cMS_dEC03t,WL98QpKCMrIWOK5_hNy4_
OkBV1_KYJ1c6kko7DAv3C,lbpX_yhULJWta6EhyNrAB
14IFRn6bd3OrMpYLuMqGE,GpeYG8hfAfIHb_Wd8Ial5
rZ4Q0Cz27VHjyfr4IpRL3,CzMjIxGehk1M_HtH9lTzA
ozLdunaMrvgPoN_NWDYNe,IzC8KlVGfJgj5CbN8QnVN
159LclVWSJYLqfRbCno7X,PjCVxGIATGnoiVSc1Ijno
GXiGHjTuA2-KS2DXMqnkd,xUFCrcqjdV5nwqHNr7nzG
jtz00Z4McNnIpB6sclBmj,XGJH3lN1qcTha4qOnJiZm
qGmJkvwBoZmrePdv7E86M,QmD-VaGlhljiLgeo9QbzZ
p2mlBOe3TrwuIHRKEOqdo,q1KefbW0ZKvpGkNgAagzd
1We3HewzcUIRYmtIw-KPd,GIfcJ8sNzhbSEyctZMopx
NtYmh0dODf4pRaIp_sn5B,48RfWcxcIQAESayoScAyz
6sm-B16hwM3p2IZ4Fcd_j,TgHBE9q9d42NBzy0lwJ95
uYdnvMmhe-VbY6rbiIY_j,AO_s57D8pXhq10CFnnYO0
lG9cCkY45FODlPwAFuzmY,6IYeCBdaiOExdqL4QzvbB
YZDHyG149Y20hG523MX6t,Lq-S1itV41N87H1v-C_5u
BhFqjpBECMsBsw57Qqg08,ywgIg-P-LKgj-ZmoyDs8J
5Y67CjHZ7VyltIkRhwgCX,9n24sdj_xVtTiRm7hYUez
hEvIK1_pHtFpRuwaKec6F,76zTVw52ESuSVZF1T_mbg
5Fl4_3vOgIYI_PnhEtrmH,g9QDi41F2wLpcD3aJZKj4
nXNpN0IVllhs4zP8mmxVn,914BDWncRTo7c25TS-quL
VBGzAKJwA-L7ZXRC5GYab,07oAOgyA8TxmUE8EdF6b_
Ei-OILRLA95J40H-NSl-U,0SH2dKmCJQ9Xri6qv3l4N
LwraZrh2x6CXbJifqnL_7,ZWTuubYH4pXXkYjWwKL1v
FwWE3kZvqUKYhbQ2JZaFJ,unoFllHuXcxjcrH8141Gk
Lk1eIfROzcJ59P4EN5-u4,_e7cyhn2CgJl_BQ6dYlvf
uqXop1525igNzfxh9t7Xh,gFV-Y-V3haa3BEMrUVHdx
xFyH1zbPM5Y94AfojEZpE,tzY5wa0nYDfOJfrkIhpXr
1KlKH4wb3adC8Up6onuTf,R2ky9vVhm-hbRmWPuyoHJ
g9SIos-kce2rrn6nVPa9Y,nwknKQVU2E266VcWn6u2-
oLCavFfigOCXqsCNqTf0t,oyjA3MfKlKoVwmN4RrDji
PIIbMiq9vZspV8BokZ1Jc,l64n2UgOAmT-qR5DMpiej
I5h1sC9E0DN_myHvDzEEl,VqrPdgQbGtwVlCjOKAIhz
cVxUoQYBN3L9plJLaDzDY,muGOjZsoGE0DupsqNMfer
Ns8j3RlIM7dbcJXp7Edn2,6nSFoemNQSOFOdFndBkoZ
J2d1wmuhrBGqsearN_jeP,D_COkXepQH_6rvreU6h8K
zKubHkOsO4LWrhjYUAoij,zzLv6wZaTrbTYe0F1OhnA
uUOaTH2IWzh3tJ67t0XnT,Pb-X27U8DHe_Ne1TmUvYd
tAIb4yJ1cCEDVWwbKbjPZ,UifH0CmoJGAwJfYwpDpOo
8456YZUwszVxX82XlFjgh,UOSr0YgIEOJf_QFgervPa
Z6oEGQ3TtyzVfINQDKXFW,0rHa-zMjtrXW4QRHMcUsB
N18CTaF1MUlvAjAXKXeK7,eT9u8iq5N-owhk9bOoow4
yfWka92CQQsBfk4IP9R25,iZLJtnXtRjItwR6Jt1zRv
QTfWIdlUp9gTxGpaQs5nV,tvkyMWjltUfDAa_k9gAnz
iAkin5k6B44mlm28daRVV,VVJXmQ-VWbtGBrJh4vNKg
BSzKasEUEKuQ9c9Ld-sIE,WJAe5u_dqqpbquQ1qzXEu
ViwUd0xEL_oeVc3EGDp7Y,ZeXoCtm1zvq-6zoFnUsNO
mRAbEwx7tdmvf3EsVyoBp,uZGEasoBO9L5MrnMZkuy7
6LoqC93PCX9BLTXv1UTUN,quiTuMth8kO4Q7rfRU6oR
1l1gs6O1mlXRwpZGzHQ7I,RDA9ozpbwayF22bvyLWzb
WzP28dui-2cJABRywk4TP,o57TKoTMkyKX258yDVUHb
SrPwrsKVXJksWhEVnsJ9Q,4H0VWx8BPrpx0EeT7fyYT
_U5REd5j3UTHXoz3PBX6W,VeXqqAyoCZ0BVfVMsSQP0
KcFoEoMioE-IL65QahHPP,hfoMDSp6647Jrm4bBcCA8
0Zotl6lFeXHmrmeL6gdNy,Jv1JKxAGSJuA-v8a46NYt
LFjocKRNjjX9hfLYdEWcr,ulREuF998OSL2CenwPUcA
ODQOXOpV4B_8aBw6fTjG_,4R-yV3JeOZL40hPnlvCHg
kZey-XbMKufzOXD3rLEKA,ogPZmdOMb6oI4_cRgcXaf
wFDi3-kJt615W0MV4I0Po,So3lnJXtaBDS2uU4QF20R
SIKyj9gpq57hwSDnMZ8BV,knvEZrKfuDTOOSXQzTnfZ
mcLYEcvvIjjP486ZAAh_a,hrjFg-f5eXiBxdz23LIEt
JAE32c3ST0KDDF_i3mHa7,hzzFYCVylN5wsorrHtoVZ
utnxmYvjOiElqo-hVLQ16,avo_cGt7kVN_xsi-HUXuP
qJAhHhkMgBHSNBFEo1njX,o5oM8meEAaIqBZnBFdqyM
BwDXS_MrDDVrdjznfESBT,vJg0jwva_SsztDqFpjIRa
bKPUp9ZY2p0oV3XIp2ERm,z0KYzuObQ2TSeyAGO-fwZ
VLMlb153vt4VssyMPv5xu,J_uYRh-MVSlJTb7iXCK-D
0gHaMlbiYSkcfY6fJXnik,zAoZxH_imDflqS33W9XdI
HhvSSxAx06wawclVItsW8,gI_FDt2k96MaNp_7jv7zT
_NbffEnJUiigjR-tylh6X,tEpFuLVN275Co1NKkLUYd
jg2M4GEoDI3ON-UO7_mEi,AxKCpJ2UL6ukvNA55GHjm
z2XVuEynKq_l-0cwU-aJo,DyhhO5G-Aj2IFHI8yjA1M
_BkZQxfd9sF7gLkKNZfwQ,pdPOrKRe3-M97NZeyEgRk
BDbsD36DuXiuuhFtq9GB0,3361yf0Na4H9SxVs6ShC2
HbFviMYxEk_S8tKyLLhFC,rGUlOGjnwjMM-VEEyWojo
69uV6X7QEutJKb4YDDh1E,H5B7NwUyQ-z5q4DTLn7yy
Y1ydBF2veuqbIgnLzzbn7,kMbhZQ7cAkkmhV1Wbps-3
Vb3iHOPlaTMlJ5KKRsEar,ps1vmKZGqI_ZQnyt1dwc3
ti5pbBKdcrFknXrlZ_bBZ,uMCpEZcGjm9QKKDC_mtah
NO6eIB0STdmTjBWRzZe0T,R1LiGf7C9Z3By61lIpMpO
xOUvqQA7WrolF0LfqX7ZW,g7Z-x2YGE61FNXaF8xYj_
83NS-amKcfick7ZTBaePv,V8sosCAedeN6EjiTLMqEp
ZRv5usWwE6oO6Rc-iDMFj,gBpTdZh8zm_V3ycPJGFdX
fCm6hsjkM_oa-DmAt4V95,THQQmAc6Lavg4xKUS0Zhm
Ix5BdUIzCot0EpUjZBkU2,-2OvVeJgbijc1A2CIcSlU
vvMfosnbemP_h12y07-Nk,wpxQkdvkEeA92-DpMGnZF
4L_RFQJEvPGqTMI0w7qmr,9zdJRU5p5XNm6McxME9n4
Z7Eh4-hFKKlqKheeodsmq,LCtFtLubuQ8-Nk4B8kX5p
esXS1qkl5kqnfhHkyi8iD,Do_w8fESn7zndLChVOPTb
hjY02rSrBXi3AzROyPkHa,23ePhGpe4Zpnvyc6gCmLH
nw3pbVyp1ISkusEF6H-o4,uxDQbaQ0NXEezm_uQR--9
7dRYoSU79RVK4CrL7E3rT,eTndm6y20Myy6SV2AeCqB
qTYXQEGrJLelMa1O7c75n,cnSRuWnT_K32omddPuW36
c5fpll3mkN-ZY0ypY3y7Q,FHr0gP2SNpSG7OTfBC8sS
YjywM03NKpVYme0mIPfnL,IaG_QN4Et1k-CVYowgXb3
KV9yj0uB95QLiqDR5NodA,ovDV7hRK6Zz3cJVVRloaa
5T4h7iZU7wfKeHQdikR8i,oxoI85WYP1HI0C0N7nnUB
r8lISoHdnGSC3rpRWqoV2,osGYCRWSq3-VRpO10jzYK
Qamc4Rgp_pcyIGlFJvxLv,oNz8wtMwe5SIaELa4R9KQ
INiHEvQH92rn0ucobAQMN,G1vGhAglfgRXqZXeXRVwm
sN1C-3QfIb_V5nj7oQxyG,L25-4sTbfU2sZqTEr_2_l
131A3XcWedTzwL0Gd9DRc,9WisSU0q5EB6T4DmR3RTO
V8Q4JpOyNm6uYhk9xKvcX,u4tzVdqYLaexAH_iXJnt6
FWH3EAmcTCP8WM2Ztc1ti,ijQIw0YtrnG8NyzcNc7ns
eiIAw8bkudOpQW0RcUx_9,i6rdFzvDF9dkGOkRu3qaC
MdkczRqKl1TXhG0iu_-2k,aGxUUGZBCwo_8mtidg2r7
B47NrqUMwDpW7GfWLOsAZ,qhElIyledP0UNNkJbWivK
a42is4qo0BhftLgqAIdHX,QMWVZcNh_RBvWV1g5uwrT
kSvR_5rYJc6CBGeJMPwbU,slMInlRgCULhb1ce_8iv0
Lm-ng0gvGCEw6hf6P0RKr,0RknVgabeSOrgtzRN7hHv
XOv1Jf1hI8DuhLYuz0Q69,0eA7UvDjyAQcFafP271-9
QQi57cLw3tiWwhszpKzRT,rmlmXerAm2_7oA138q2ax
cPAw7Gw13illD5_oeJAbD,_Jv60kK3Pk0eYKYACmSh6
9NZm0tL2A3zfoWro3-_Jk,dX5zykLmMW1WbrB6Kfqwo
8gylyjkHBQllpi5h7J4-v,KyWeg5deKNMEQ2-e-lwRr
eiqgbtWRgSMMB3Spvu7tS,0PR0KsW2YD0dxzVk9KoLa
hPG0HaJ8HFcH7Ez2ho5Ye,siGpuywLsqZUicPB2bG-c
2ByJWpRe-FKfQSeK6ZzMj,wfxMxT8s-AbE256VTfgB9
JNCYLT6leqcmc41JwvHV4,fOUpEbu3cZI0RofRolcHZ
TIf48UfmHBHhZDArJ_YBf,YxMJa0F1M_qm9vXghdqMe
9jH-oh1E9fjTYZRuzWzHB,z7QBEiORwXf1MV2AAIJ4C
F95DRrYYhYSyk38JWBmrB,TtrguaZqhWne3VMbF08zL
Jg9VsYNfcFapj5ZqaOPUE,UCSTBtx8ZxjAtmwWBQczV
x1kxWMT4MfaSgSyOayV_x,D3ERf4WsmEpAfoeQ85L_Z
JTLybJeEeoyLc7CW42R1V,STvBjvI_YZ6tV1xo2CjYu
pbMM97V2KhreWnykGONlZ,h2SRUY6W_hENAsT1sB3zc
UJgHfricZTj9o2SmWFbpG,XtitHw4KAwR7dYRO9EjkI
oAaEZO3VvlZ6JkE3uokQA,lhEG5nv_8RzKsWQpQoMcT
CRTem3PYuAf_zjCuZNSrr,pcpG7-WWkxnYbaXIP5UK_
CBTmL6TGzSBGZS-9O2pLZ,hh41wkKjqFrckmP_AzYhT
lGUuLyDNQ_RdzU7dm8_SE,ISp88rMzO2PGisCzo4yeG
PHZ2j1ShsL6PuFZ0GVNjW,QzprcdVFaxCnepY2IaBJA
7KPOg4UhZL-BtD4nE4p7m,LoFomnOLXnZGVNA2lUNVm
AI8IRep16nzVc7MytRmPk,OggdYq579uVStl0P2p5Kn
DO1KqA9aOt3-FULqWA9Gg,IA6413MdA67AEvvkoA-Er
DjVCUioXF0ZwC_3DzmaW-,JvvwuCGFF176TZ4sCwCdb
WZ_HTA6_udYCmRQCNKROu,UYAXkSZi1Tm9hEumVtInV
w1uwoepO_HMIn6Sx_HTwD,1gPPgSJhruj6b_FoO-RLe
xxFRUZDmEPAOHJIv9JN2t,deYRVw9qU_KEwyLdqn0MB
lqOk4uLhLs_lzcg3jikjU,sU2fl7S8ZleM-UuLAE4B2
4FVgWVBzuTdFnIgXAyrPW,Sp8KC-VfeFBkDU0svpDaR
r6chbb-DSFmJMmuK_0H-b,hbGCJSQORDnQKgfFEo3WF
JuPpMs7bNmhLqgBv9--xi,64v7hzFRh-0zXZGZlq6Fa
egH8BlPQzIE4ikYk6jAU1,nBbyrdIDadMcT4YOqqoTO
706rKaVPrzHgDo0PuSiDE,WLWpNpsLzXgXaRLk8xRcv
Xg05MdU3fTiSme568TnMO,_1LHECcdzpuAOu7OeokZZ
h2eJKr_6-Q6yHIo3rc2iv,aS9zNam2f0wnCfkc1wDrC
qufQI11BingpOYzkZP-kT,KrO0_dnokOXJrhUE4kQ4U
vhZbpOHCZuT5W-K7G2i9X,5rfXFXiuJqD5KoaKEf5oY
-Z_317Uvl4P7M1T-tSu-b,iXud8JzfD4nG0CsJehuJu
PMbm5v5URXDwKziuFUbeT,M-QZ2x1zMbmqetJB3nnki
p62oDXqzXoloLrrEiP1Dn,K_iWzIoQCnytVgvdkZkpZ
POd-cO4O7UQUrXj0tfGHc,BSqGXIb8Xqi5y3twIdlEH
-pZtDTPqkKvGiWX7-2ZXK,d216eAL5hHOfwvpgzTspk
lRBg6rq6F4HlSMLrX7Dyv,XaaedHlOwEgcfDYT97dPW
5d0OfJjT41uxenDH7FZqo,Kus0pj3r-TTWiG1_ivA9k
E0lMvi-chTT1wVCiLOfdo,DTXhrOSIFUmqhTiuupSWp
yGORH7xcbclP_THqZCzMO,1xhoHb7peVAQTOss5Ip3O
3oXRSeszmii5Rlcj8k_7B,ZhY4ht6mrCtB_2LcpSzJG
1TfFEuiSRmugzePlSaR1s,LC4lMvetR3_ERWLOQpMEk
JBW1F3cTAof-6Q8KuYSVs,e8pK9g9sEm0zQuuBm-292
vxRzGxh1c4EV2AtbrbheG,nuBrpisbM-W-K09EmyloG
AkCOBvw0AokeZGRSq5zYY,vaoVTa9GbonPxV3eYPTs2
dj8am-TzNPxR_Godi6k5Q,hruuz50M7iec9SopTYYLS
C6gFMNmXxMMvaEHpOfETh,mnsGd-HOhNzJGVZJmSOpc
GeCFsP-xBdCfsBARL_S1i,lkZC0erFTNHnh_fXAzT8J
0Rk9HDOIAYU5qVBBOKCQj,XOg233DCSoouJpwwgzab1
A8AZtduHf2TCGpDpoi_-r,7lgj-YQJF6wJKqA7I3Gww
4LPc__JpcnDcjcrjy5bEh,L4mm40aabvn79XFBIoV_Z
FykLPySGzwxz2PZQLLhco,AAnyN5IFGOkC_zVHpwazt
l7RR5tkQQhaDYpIvV5oZp,TETNggKD8j029AuqzwgCX
x40kHzpja8PmyRg3nJAOc,TV4QI-yjANtlIH0zGig8L
UuJzcahcJR9g0pUI7W1ub,SWQcB1XiZ01MRgkZ9vYQG
-aRtqOnrL30u5XBS8cvP6,eJCP2_W4ghiij_Lf8qiew
U1q5629HSuD9yYck0ozdC,mcmjjpxY4jdI9GWkw9nKc
WT9QT_CMS7Hwe7JlyRepk,SpOqwkRx-aSeZBKo-B_ue
4QucHDJZjNAl_HuSz44Ci,x7UQ_YjbUHXEowZgG7aZD
7awL3Q13nYEqZFxeIy35G,4O2WAgfn2Q0WiOD53dpAb
6B1ioeeBlQH87jcepXaS0,IzXeBmJ9haRhN9SKUnqQP
8cxGnRDuTZQ7MIz6DghJm,pqTetNj3YOc2gGLx8eAL-
KBqTF1Dr-TWN2kGzk9kAW,_AmjsFnsnDq---cYKNFcJ
3HLOqR3rX7Equo2vtlXJC,D0pkYyDFqV04DwhH5MN-d
gfho_We11PvAIgwgC_Ren,GpE7PHMbc59I8jHIcJFpw
RS5inzyJMUTxrU6_T8AL6,7D8i7YrOiipmdQJqlK0g8
cOaRw0NH4TBIG7gpkjY0i,cVcZhuDC42_jaGT3O_fEv
vOIg6dEJmvWWfQfy3sw_D,fWlxNoVfFOwqlsdv62dlf
KsKEwxORPBuI1AllSzqpW,3inmR-zcfb-gRu0Tq1l1N
zy3KjWtIoBiBBnckbIqE5,-WjRqwrdVWdfUkiQx2i5O
tc6wpANdS62hOtNG1id-x,C24UqSeEoLP9DleFAV5_g
WIiDMz8NRQetP244LVR12,qOuz9LdjF9bF_zcgp0Hbm
CiYxmjlf9VJa6wf5UMJPR,R_PTjOqnzQs1x7dlZO9pD
bPINbrbfdSW_2W2fFB69s,hA83E-Fs27QiqmqgHydDJ
qAh56AkKhDPW6MEPCGbd_,k6uNQlL4cksunB6EDlc2J
aWJEHopTUh8RfLBANFk0K,TN3HuFesv2qYl_62l7fgy
VxFwmY0SHzshStxSMEvm8,MI6bTbKzpsnIbDXBLyPkl
uVdJWwUbYwqDSz-d0UUNz,9EcNPZYMWviA1IxaCV4Uu
7Q2vysHK4TN-X0VupoCuX,_ebuG1I7fb74uM3ivCr2l
APD4ElOM_jkQWxUWrD3WD,Y9ALljIc8ZatwSVaHa9j3
C2NhtdvIpbSoULgaki6vr,Nxi6-f0EU9aS9WldvxuUr
44mOtpS2sCDLJARQkzhIY,QasmCsG7xVrIg9vb0A421
zZSvgxxH0Z9iZu-2s6q6C,0CNkUjYQRtaVay7t5t0Hy
esE2tYVHbv4QWmDG1XUW6,Nd9bWnBnNLTfwu9vRL0wm
P4lLYF8tgcElLsdQFjdXs,x93L5B1JDfQJ2F2dti81i
8Vhd5jABFp5aj_TJ-u-y0,kdd_E6CijwDDQb7H3DPfk
NGLd7x3NEuLbVxdFxgLF2,sgv1YKWhjJwzwhbKDqr_g
ag0xExYMuf_TaPNu_dnz0,jc5PPg6AtU10XTYJwWJkz
Nj1cqdbDJ-EeaZp_i5RV7,_hVeSItkO8hDRD-NqBpg0
Mu_kVQkkIRtkfjQA6rOV-,FxTzbBU24fhnRis69BM0q
IM3FMovN2Z0EAwz0kAu-V,26qnhUR3KRImpzidmFmOb
YiajRTQeDQAtu9NC149YQ,K-nUOgg72uH0ErdntHncR
N91DR50iqVPVW9Sq-WBiL,PiiOzenZHidTzsJCpasK6
030DSF2Dr-BcAN0XN1tAr,4jhc0gkSwZsKQZNl39c6t
j4Xc3TI4YVwsFCiMNUS9A,1j4x-FZTkH2uL4Hev3q7Z
Bm83-P9bUW6iHMwPqDvRc,Byv3pnuhR2CVt7DPsSe2_
3G_iiQGiR8U-9DJ4MbvTA,pD2MiYqrcEXw9NLlxZIQa
cX4RKiOzbAWuUKFkOGXx_,ssE6ePvNKuhlLxUax0a6U
2wy17TphwlXtY8IJiGJZi,HpgE8XuYgxJzH2lOESRhe
1AUdgMUjSU0FwxDnrrT6Q,JKXx1YBEX9RCnjSXHP81j
guEmku7AdN-LrT6nh7kFt,D8G2iSWTADSfufGtTXPF_
Q_JTJ406nXVq31oVMPknW,5GjIqnUuzz9KHtziHpdHl
xdIzvU7mFL8Omlyzqb0_E,fFsNsZGcoRezSbSZm8Uu3
b1bh_9Bpa4ffIMVL6eyAX,B8L2i38RvUkIeh-ESTSp6
11D1i0_ZiKWDcZyg_2YMb,za0GjtnehhEpfh7F7h3re
g2WstxuooaZhbnjY6hmDw,OATbHk9i2i2khI1fA4Kni
iOBVNk3iwieywgDcDrSUC,KMRj_8aOhXP7BPDSxYUUd
OZ08pMuqapWOxJIHBPQN8,mKazkvRn8tQx8AKPJ-ihf
JHwraAzg74GeOMIck9YS8,pvxIFRWf5yn_qHemyipo4
5N6huBNxODOSd0fcml9vH,6jU3jHF8j90GuNu2RCCVy
KJgt5zsY0dLLylbTbUn06,yjO_hnDimBp_QLisLDThC
mhSx9ztCD4CggdXqQggSt,-VCx_Xxq3qtWwboiKWY9Y
YJOnCyDM80bY9tKWanW6F,lQU3t-t-MVaHpk2DHRR_Z
P4Ewl9J-ZMJqNjm7oj-uM,BE8RIk_-5rsoRedi-LlQG
ZR-JMnlNuDxqhAvGRka42,lzC14temJgco9z36TUBBC
yDvK5eNSw3jxxg6OwPaEQ,wWrP3hRDG-myfXILsu52g
pAZnVSs7aBgMCceYQPgoS,wAckhCOAQjWw1i3GnDhOV
kgcFruiwH-yC5jT_inQH1,3jJivL-Zq3sdgphqVJey9
KBCCqNxZ-6RwllgiLCmoS,DKgBUcNd5XKpHxrDsb6QO
7KHp-8k3S485tg56aH0a4,LuLCpbWScBYdP2DC2JU80
ASXNZ8G5hTyUAuvBQjlFf,EEc_JTfaixfBbH0OSi5cI
jYWT4U5r0w5eq7Jyrp0Mm,zCaai0hdtNfHrxH41MJBm
VEGNCrdgyKsCaad6qdBjz,iKgk11nBdOYJgo2ANccCy
-aVWpwq8p8YdOt0Agxl_o,i46te8V6nUupooq7U76G_
n4ColMb3_M-ptPZAxcAzn,0uN43iXYS10RUadH9_WV1
tcw_ofeqwDccGDcI4bj2M,f3PQJjHnwzRoLyMGW7I1G
Hy_Bq_dDx3BwG7qRz04ws,QM1AqdkpCEIs_aQ6ZbiLN
RjdzACmB_JSiHsHnsZjwv,2g_juY-IqUbpTeD_CNueP
tGXFj5EMnl0EzH-ZLf3L_,tnofNwSwXLNsjKtCYT0Oa
lP00Ggn8U1JPEKySy8ZQM,kCKoq5nMoXv_-PeldYaZd
1o46gMJzlVJyirFXUzTIX,tmzdD0SOTg8j7Uogb93Bp
yLEjas6hCdnaVCYm6DGXJ,YQNwZQyixRJ_UIHTXy7lr
JtW8mN6wzGS0rUF0mU3Oq,VSXwq1e8ZMLgkPLCFZY3o
Dw5mzOBQEb4GZGQSx0XJg,3b6ZiktF5wtip-iVAxZPc
MzkULXrPeqTvxnZN7IceK,ePqRed9d3KGzl_ge39smK
eU9ff_Eqwb9C-Zod-75ZE,0PC3fu5zR8_dBEuRgvEMd
mylWGiHJXqnYqX8wsU-Wd,ASd6YgRnzaMORjHXWwO3Q
nQKrG50MEQE2AcQ5qYF1T,9R2IEB3fABeq8DcGvNKnf
PfiDS1M2UuoziZkB5ty9_,d3xxNQihzHX87FVQaSDnX
IPuDp1VlWuQoeEvGs4QWb,epPoSyLbyNXXz8gURa3f6
u92m5QJ33i0qXlNrEjljZ,ZuN4QjmBjKLaai7OWBNev
p8Beztnvn1X_Heq73dTrj,SS6CfaCeVGqUoevCAKi6S
JX4rBAS0YS6gZuaYP93FG,5WYpNSM1nYBi5nvGocZYy
evxIVzQP4VF_GGiN2xwnR,9scDVh_KFRHfbsZyz67rV
YoRuLzAK9iuZIHnL1RNJj,fVpEQ-DdlPzNre5Z9a9Vq
-12LGNhflQtyM5jHLln8G,jvELuXFpnY-MIt9SlfLkd
U_3IeLtOnHCWkuKawgb0R,T91r94Ko7QbSwb_c1KBH8
MqZ6odoNMwC4-_pibZPeO,0JC9K3uj2co4d4NZsWEMZ
R8oeN1sSpAeG_GBrduEg3,nrcffiRrsg6oX7bmDj8W7
WCTSydyldkmoy1I1HMgU_,3HjxEP4wjkRDxH-LXxyYo
9skzpG3udqSVDkwerJDov,NFAtzspqiDVkQapEsLy8x
p6k9FEHajcTVgx5NWS4dY,lKx-ZFVGeW3YZoGyOblHN
IOZvO3ckxPETtfMCiph25,NtyiC-fZbP6lk1FnR9Kk-
a4akG2gLDuTYuIru29PRV,A6FslvG4D3LKnH_c7uIiu
Ss-A5na1x1bAW_ylOcobm,e31bT8TyUgYAr6Bez5u6i
EOmq9e7wx5eHnxHsyb3OK,ybRg1GLgvGf5g4WbnFesx
De2oGV8qG8zyaL_tZY38H,i8ZfhtD8TVhi65iE8m9Yf
B2OzhkD0ZO76fks4XUuds,gucMWV_q1ETptMC82pN9k
O68XUfv7fPHh6g62b9bj0,jPtfc5J8hJybedpralxP0
E2b7WEBjA7OdjstynKZeG,asN8sp68TPWkUJO2NFuz8
YvHKPZEOrLu04FkBxV4Uo,PW8z5i2JPK67D7Qdps36x
ItgbuE6IpJ57nUHUMesEf,0mi4aT0JtpgVE7PKXfyAG
f0xOMNKVjin9ySOk6OImv,nLqUJEfjMCF3KOiJRTGNX
XFmaTmAgLEaydFIFHqYXv,c4O7ZeiQloAtOCe4HFOL_
dmgybeoM2-JAQJ_lOPGpm,YwmWBnrGwmZsFs9LQ9ZEv
Ve2RHZHWkaWbWAa6zUIAn,2xFWe221hjSi7eSjoDYDJ
LIHBSmQrRD_pTwz1YpXVB,0x682cC6pQ5qFNOKfiCqM
DUHrbErOi_QpAPzlLh9iE,SuUZwHQBFB7C2PCSw-eI-
estnZzz7fElCnQ4NAVVD9,Y_3zPDaRpdlngI9qjIl-w
USNJQui_H-rA_HlHrew8g,leUU7oA-3VItnmCR37ADA
eTSz99K2lhHQcG9UdYF4v,8EJthke4qiCaolOXmqA_2
BU4ABB60uUcCdoaII7Wfd,EsyJLdocpvpPjhMVmZFjp
gVywtSrBWurI1xkt8nmZH,eXnjkbvH1lCwHCG5J9Pue
SH6CXjEo3pLyjP3i9KA9e,nagvA6Tw-z1ThpU2eQclP
WQA2UWY1gDkn5DiX40QRI,En5n8aSxzKt7PY2DRit6_
CQTa0MDGZ_wOPpLYRXUgw,VTNkqGwEq-1ocHQVefefH
Fm508asQhRiQ8sUzvxSqt,y0YMEfYkiX5Q9n8u8KHUd
RsaCVmK0eGQmGMkUr0VmT,eBUkP6-fidEq3U8RCfP1y
gjt6NdnouMRRdAZDDcSix,mESlLU4UGZ2AJ_wOzHlXn
LpGHlT6API5TiyD65xoML,1x5qINHhP_hAgBbpyaZJD
erPZSJiInsYl1dRXfSnjt,duEc8ydKJJqtVcs6By53j
KcefCXEelIGgtPQNl-lbZ,yrEr7E5dmUuxectSzQSM_
7byLFbMkwVcWGRbrDb2uQ,i1TEqTFYpWRjwGiEzm-CR
SrZgT4Id-04Cj_8P_e-Ta,Mq-27goPJYpeQ5y1AhAsi
LSg3ybofTgjt7ceBKgr5y,i2gaqJIq8uW5sBcoZvjgC
H4U_Sb2Fc7NWzYlNs26yf,3rTBnLBBgTBM03Jh8oCJg
v84SaNeoKyuJg69CJPmzL,YbWC2cfrF02MtDw1t_l2D
pkL8Bp7L_6Mfzd07pET42,bB_PvGP89qZtttLaFb7HS
aMJ4IIJS_WY9CeK_VpFnE,wQy6_fb2IIhFdQcsoru23
C51z_FEFtwl8jftY0s5dR,Y2VttbOiJ1czrNbc6ND-I
-tYjK9RpTCJ-0duRnv6JV,vAlOfyatrBbNiRr8n-5S2
rhNBO7D3Nrepf3djBYFLT,MdeIyI7LjUwxBQ2OqWNPd
kQUZ1xTbkOULxRCZLT0nZ,BI4hKWOPEqV5Iqhj6UeX-
Yg_Lub8Ajl7tim1yyBl3W,QrpPDbUYErKtfYvQR5cv0
pgRnrazJse9R6J9RMGuq9,MVowDwCXGvF287McPnyXn
ZRds23dU1ryuy4LJmUdDB,-uByww9vHZMgecpA45DTb
CZ8KqOLsOM72_icIRZ0rV,uKCQ3e5czTPTKotAp9MJm
gY4zXPrbgwIl8-EAEIi3o,bKeKw7Eil7xSMqpo6CvJ-
Nwu508kqIJv2_GtYb2dqK,xdeZv47ydrgp5gM2TUnWc
MJGDcaeHMFNo14Af_dyai,LYcdjSMS7vWONDMAlLVJ4
gRii0Mq9CRCB9pHUVPVj9,15EXW9_B7mMe4rPrn4lI5
7GLZnxfJeI_SvfFd0cgJe,kOQhxdeqzqy8RI4H6eyxJ
s44s8UAI4Y8m7F16baszM,Snm1zuKwKunhzfgxn2KR_
-aA2P6G70-96zO9S5Rmb1,acQLokqpoUcXcVWkMhzKb
lfx0UhFnF0jD2HAoP_S1q,FgSw-9g7hTJOpX8xclLrs
PSSGKY8jk-MpQKbKsc7j5,-3q8UtNqZanTWBsKqCwjF
yVbTaqaMvEtdNT8dDaqlM,kOvTK3heClrmLcRp1yl1S
DSFaFshao6CKW-ZK7-oag,AP6q2hJmGeP9errszVjof
vdrgAwGB4HUXYzhYiR2Nc,ztqY_Nq7-FXww-_RfPCKT
w489DA3u9Hv0vuPSAlROQ,PIdBcJcGo5EA4IdzTSgAO
sIPZErLYmAnS-vnNA3qrA,YLE-f0W24BpDnNwCwXgVO
H91lme-au3dtwvvgoqfeK,4_5qjsisPRkaR6-ojKEjQ
wf5nHtSASiRnVOULJ5CCA,pzYgyhHCwRqYS3QRnaN8a
dl5_EcZrZ-F-uEM8RsWt6,JO3H0NMb0l1RMTUlpO57J
sAoiixaBikO-b6m6cNeBP,G-LYSYo5wu_3KtMUI43Ad
Or3gKgyJDO7snzIkshxIF,fTnPYp8MI6cfLlVHojNQh
HM9Cp327unNaQbdrj2L1x,ANCpdr9EwZEu3okXx2GEc
UkGLUMXoEAgftjHuk7G8l,5s3qo7xr5tz5EvDEyJ-8O
lNyDikPPtK4b0hl39zQei,hPDD3Xr8Bry_HteQY_bWc
OcZ6Ohd07dD97Vi2oQVxi,vqajFZoh5BYAShzQlggZ3
kOkkyZ0iLAleMThDW1TBg,GRQHUiE9p6PPlQxjdmv__
axfDtHiUdhgu9t1S4YAQP,q_y5GsXvvS0hZsxX4ylOc
oZPgRqEIFhe6hMFWrYc3v,qnA559e6jfiRrGICWbu_G
DGhHueCyTJ_3yBfnsaSGL,b-sE977otGs9sEFD4B4Iy
rzEfmG9kqSLT9O6kfbC4M,TxLNhwOH3UZsul4ytCTrl
LbFdzrJjmR473VXYN_DpI,jvP9RIAjEN_IxG_AVmAOt
ZoCsz185mCmb73PUETU1d,QlTaa6SatCGw003NT7Wl2
pMFPXtkz5TOjbqbWNfX96,Sr-9_6R1qn7tKEBjmVYFd
wP2m76M4PluwRDt6pTWDq,CuY4Z3zmyOVIDJ3Ymvm3_
UaT9bzyQ17Pu_617wZZLE,9Pxtpd_9DXEnkwXYywez2
EpvRCgbfOtUwcyQnnrMFt,ncY8-GrXI-rTzN3XKlzYt
xJzt9E1GOv2E9ZSZd9-FJ,gk0xLiL6i4Lk5K8Wyeuq1
ah5EyaGyp8Evr0qfcGQdi,Wk2DPgapbfzzjfJlsMN2p
pIpULmy4bIgTC2WHK2k1X,y_oHH7p6w2ifCrxH67Rxd
vL8vPIkBjbMrzX0QmqFrT,pwS5OK4-_JqccwuhPJMKi
da32IREcWvdnMpZgc56_b,i8lZaWHh7-sHmJ-9lrq0r
I1Lp5uq2MjwKZ4QO9swQ1,aFjFUGk5vrtPYRvAs2at3
LcZlpKpAvWtVZ3Y_aBbD1,QFVusqeT5iHZLZMyIxurN
nZ_wcXGLjfauVItgRLMbj,0rU7IgX5lV8wJISfbyahB
JhWSOU7D5u_TCGqxlrUS1,0vaultZYaqn5TjQ9F_Mb_
XbtBo1wVk4cpZJk7zotrG,2H3BInIzuXgw9vc2Hm8ox
Tl_OuRS0FGomi0PFu0bCK,0fVfb8DT2kLI19_rtQX88
mmRgOdk8D4xQ5E39QCoZv,9gtP90PXYr4LmqF-bxfeA
dvlUWyYnjrr2VUWvfwdGt,WGSifdTF6cmjwDQf8hSB5
cnYRgayGaiPzXQH84MZL4,seX0pt00STaBoafYY_EEH
9zt-jXVlqrJQAZe4aXTbZ,M_U1_ousW516xPuuK-N9Q
XFPYf48PebgiBzumOPtcR,TgPG_yE6sDydAmx_dh_b7
ig8vsPxgqK3Uvl2g2QDgf,YvaVAEasBQxneQwlp009E
rb3m-w7EbutE47hPYlvAD,7ojR1PRAQiMh6ThgU5Ld9
UpffpkoXFnoN59YICs4Bl,9GvkXfQxa7GGC2v_9Ixwv
cRzP93F3DqqYhM8YhjOBu,J2ODOAeMNvFXKRWA8MdTi
Dhj6Bnq8d6HJ71DUHIiQY,jxLQDzbAnq2SgXvSPurDR
ee2JV4Quy9LsU_PA9gDr1,WCwDSH28jF0LGjf7H0Lpj
QD9imNfso5CLdmqCKc8kI,FcCvNXO6fehJOnlyOpDHK
FIDeDFkO8u9fzNOtkBzvd,N_-o76vfbqNUT5h4MG2rz
ucXs6cz7BhUf7pdE0KjqY,ccMiey86sciiWAfDFgdgq
OliDRE-QL6prtYqb0Pv7V,AU1fFLfeRB0v_5cwIIZl3
KiKf3PXXaLHYLV84-BEqg,dG0Ttg0d_eWaLnRwQ8Dvo
GrZbbeUQtR6P63pDqRQqV,Y4Hw_pfnat3ceBxyKb8vO
69XFbQZKSIBdsPnLG_pAa,Gu36R-g9XGGHIO_D4TKRt
_-sAFBlfeYW_CfeijUCEA,o2Qh4XTXzBaYFOAzlePFE
Phy_vHI1MApPwnbxYKGbz,Q6GF5WyRZrc8R2Irlgw2s
OwG6sxUzi7MjYi4QgBdgI,W1gVrgYQ7arNWcttu0l61
7QqQCilLEg9fStmJwGZKj,kpuVJqidLwqfXMuLaUSBZ
_6mxYB2kdHRvJwjIpVSWL,jxhwdgItbnxYX8PM02ckT
usbQ95tQzuXr8zObTUba-,2kVujlSqOHHaS3YegTn-F
1WTUHVdnTf_JmC7fMBo3Z,aCw6NZj-7NSJwY7jJq7Bt
CvKkI_M7wZmldElZAwcIp,RIb-9LnqsC2r9fGrcJjkn
h26ZYu4lkEmQEDfIat0d0,TOS0fiISl6e_8jdv9KHm4
u1D6pAIcVVBIHoilgpnWL,44ECtacvUiTLXJTIK07g9
he6N9OI41W7lwwhOp_0rZ,S5plDu59By-cb29p3zpgf
-g27YCTiss_6wuiIRRHbs,9h9NO8LkX14YUZelRw3DW
z0onXdoW9GMoOSbnPvnWe,lOMgim1tnbVJls9DUxWcx
wCVcYVmEoRj9CA9l0TO9G,TUlYx829_ok9YSQZNy2nG
9NWAQVvQvTNOp_EPLkNoE,C0obaTxNDPePeUykXmwU-
FBBp37qMlm5BdxLBGq59_,OLhikGr0tyBDaox4kvx_b
bgGmyft1ROptskdbGE2-b,Bl12wmhs2Cx7FHdNWcoqc
UnVbocWC3g9tnwZ8oRkek,EA-I-Qc_x1pdqJPDJxpvJ
TvcBtiMyvkelIK5EGER61,2JjtVm3v9Z9PVhsj1XU-q
uhbnUBHzxvvTSJ24DE5Eb,074DBiuB2nZMAlatLr1sy
qQB9n1Xi9H88nMXQRQMIm,kHKvJBLUBdbmlmtmzmILk
2_i2QAJ4lSgI3-IHGyoq_,3iUX2o68jyjOyXAx5z2-x
GHcmG5OXz5eIxAcWom5Jy,pypS9E_Xf2YTS_EmMRK4O
Y3z0XFv-l_Tgf1gMQo3VF,X4JzkGC3s_55oiPKaBAmi
RXuXAl6Y-D5Y9iWZXH2Ri,HcCHfdTLoG8YWGxcpPr11
bwOm961tyq-slMAzQoa19,PB8JdMD9x--blTwJRy-j-
g9DATFNVtXxxhpUWyu8mn,5k4V9qI4exhavO7N8MCeL
F0jXnzM0BxqfPtcroBehO,UbSSLg-wAYDN-dPXfdXPI
8mIB1XNqqCMCVEFOO3WeN,bkgfZupSKrKTOSFHFwMSq
RsHDjFtkrnfCzO6rfwPUP,_P03hMIV6PWRLA21PY0hQ
MSqsNamjGr6RRP4VO054u,zy3F-I7IG9vJHjaHrmW-0
wceJRSHLsvXcqI6CrduHS,EUCfw3BZ8GA79XcGgmor_
jbfPf6g43LF8nMpDZPeA7,Z1ZdAn-LgaRxb06Ikptpd
6H-QLab_iswZHmaqNdp8w,43BC-pTrNiKIc8lhrZRjB
vRwXHKY3baL865feYmmmk,VC9hYlqPKUKQ5VZMaEEHW
40Zo7-VumKS1XRIqdORZS,Nru3EYrifeXzW5vr-jPsA
6cHvv_OFPyrzeahIhmQJ3,CJpMIEqPFpXnXE0HZEd4Q
vypbhq_hmhMByidF6DBwE,xmU333BGMIlXNrznzEJex
cqPMVvhVP1P6IeFzEj9C8,BFz965Z3iyjxio6e-anLk
k1vFLBOHgQyOlsmDDYqzW,4PgrqJ1ueQQ3G0Evi0PE8
zLpc8U84V3NlMST8GKmhG,XFpwVIwNuMDf2t4oCutWv
Wxz1IQp4DlVS6hot_AX4t,uLUZhFbwvNlZSX6nXYkFy
SAiLDTEynx1aBC4c8WNfC,yduDnTM3EPde7JeOMMF5V
A5D6JV1mD56r9c1V--KPI,gJ1D9jtrRTkEGf3pT82I6
Hn8HolQFde3P9RTRpLLrp,bLqYoK-cs7c_9vUUPthci
ZPq4-s6RTnHOY-s1cxhrQ,_vGCVyWU1dfWdQyuahPJ5
2Jn0oANkZ0Ml6DSOHwAWn,uDxoNP2o6A4nykA4Q3VIk
S9yU1LrfYOaX3g41lc703,RnRmPb6RBkIYpXR2EwD8O
rpb8YInXFphk4C7rkyykA,oY6gHbjcWJF2EEMtIvf33
NCeD5BdqcIuqa5uGrdbEx,P1IxJpe6FWH3cquQOSOVw
h_p0HFH14zMco2lmyaFSx,lEg-jHfrr09I64GDPlKZ2
7kNQbNnZ_XQ9qUuvfPKH5,j6guZyDdWuJLpVYU4jkam
QKvQyp_5LCYOjkWVld9CE,cdYyUjbS_pffCZxVwG5rw
kiTSrn8r7cm6-qD_71big,NbMjQAdcfo1ug9v1sWods
uVQfSpSIDxgi3EBFM470H,_8QfBx3LhHXu_UeH3GiVb
jdDglo2Qiz2U4pTsfTkq7,a8cvvw1BG3YSLMsGQazkG
xoko2OH05FY2MJD_aX5lw,9MvXbMXtOGGQzNBpFVdNW
2iP-fQLTJdU34sHK8NHeC,Or-az39QUtacYwib1DlZk
uybcn6Rc6Dbzh3g1XFcO4,nSbAtVf40m5J8dkQwbPtZ
8LcZ1c5f6hfj2HrVsVhPJ,DSTUPPgs0LX_W4pdmajB3
BcbGWbu_7ttybVyEDpRtv,nnPTZEjOofA8pR64NwCIQ
XiTj-GiHXfbcOco0yG3tc,2NSgcbpPGYrVRPsgGds9y
ACLwQjoBuAdKqA3aqHAtf,d4L-UILM9o_l62jULc0nq
3neBAPFJyAVCJEvxKMmW6,9qyz0rz3l9imBJrHIxt0F
LXZ0LuasM-ACXRrGwsT-t,XBO2hxfpGt-GTPq88GavV
t36VYTBWGM4Q1fV-AXcyb,lrTsl8kMEFI6TPKxdABcs
ryPl-FXrQNZf1YHxibdXs,nEGxFbqM65OqsL84skWu0
AjXBvJ3g-fFgNYcZwPZxX,uD_ImFuiPOJEC85-TMt-e
AAV3iyWoOxBbqOU7ti8o6,thmmWTx0JfkvX8nCjwznT
IGVQo-Z4rHHPxrh1AGhyM,eoxWYtLLfH3HpcODwAAx1
K4zVXhyT5aCn1407LoT_q,T2-dI2Mlpdg__02WxdKKW
a3N7rlcCTe3SUW547WK0q,tCFuV8al0rFZo_-KdHp3M
qmzpmovOgqyAFDgwGLTc8,SRXxPhVlr77vjzxJ1pt21
3Udz_IttSrKjUEgABGZtA,zRTjQg6mKp0ePNsFvFqXo
EfMultKQSHlmoC4Bosbet,seM7BeEvQ5btpeK-6PP2n
4-Gm0HXBzVg5Yu_5eacP_,16DmhivL3RlJTke8_ZH7c
mc2dOhHRvJGlyZBjndK5D,mmfH0NjV3k0YcRTzGHkqH
BT2Gowm65kGUTEtUpzp_1,27Pcz4zdLExoYjCuf1spm
W0PK29XRMPd928QLjCmIs,yUXMFsSTrfeUXJGhZzfev
IiOsXNie6m5o28UgGSv_f,FFNYW9KNwpN8pNQW3l9X6
hjCuTMdXkobuNHKDGuOYR,2X3Flz3Q90YckdGt53ZhL
sZzUJxAXL--fRUWjo95h6,O_0n2-WuZchY4ILjBvNPz
IKczAEnklX8NaPMA3McnG,ovD-S1urrGjiD7-0eyWwO
GZbyGf9NYQmXgt0r2AJ5D,O8qRw4D8VmAW8Ew_quFDO
R2lBpjHLETc1ScMnkg2X_,hmxU4IPyHQtgAL9oE7bVY
0SB9no_4dDnD_6FTsaNDl,AzKcuQfsJpze5krnWyeO7
749B-PeIbe_sn45x5i0GA,B8VJ1CFnocnKEiwlgmv4c
DysWZBi5BmOSuW0zRsFY0,xnzlPXCknlXrOWzamvRGu
1Rc_i6CyRWXbH2yYxgIxF,DvxJlbjjm2sP9M6-M01lQ
z8hghPKqiuNkFuiy_e52e,U7yJYE75QECK6doEZOarf
gPTeQNo58aDDX_WWjprXX,isYOFbAyrNInXYkdlvasF
1rOWnm0l0OjFvuTaPdNSS,NGdO4k5BfzZ23N2TV_to2
Lx0Ti7PCsrCz1curaqvNP,0QNOj3CmNnW3UhUI7E4c5
U9QEg47gOm7mxW9VjX4xA,ri7Yl4GFSRPiEpsLsoJgw
jUUwk2IlZ_PrRJwZz14ul,9HmtYse4u-IMQfDxThZlE
oxGCFt_yvTXDGcFXa3OY4,joikk4rLLGUM4Yu1CN0tp
_MktaAwET6m-hbafW5bBa,4rwOk8KBOUt20WJJl_vlJ
2yDpHlN6dSWFWBAtGtdcS,IYjMAChMk7KyMdBRNt6d6
LXWyvt9uDZmTEETkdQVTP,KnFYqbT2RssXQcT0bJSdf
wa0kSK3ehZKd7KeOqCZm8,xXc2wM0HorAnGHVu-yYoK
0LbdVEj80yGdMM405WRNw,pyzX_z2SzX0gyL5SBilae
zVZjBhOwBXnVIb0qp24Ck,4pFyaTSA7d0Pc24WExWdm
4jdEBF1vNZ1T0COKQePKk,8w33slu6OoMHl21lVePGK
5gDxpHTzKfy8QSDtJvpIp,ff3gcUU2woEHGgQteOSap
Fp1xpprrCJdRuOFnyxsVb,Xb0j_Dy4Xz0VLr-ES9CMQ
RNyuHKrrdJxyHay63fAjB,tfQILSPZOGJ9WggIXQZUS
wu4mXz9H-5gxuG0eeyAc4,hlyGCckbSPWVxhPI2TcFW
AQAdXBc4CRHxQ6wWqBULu,H7XtlGGQQx8qS4qOk6wem
JtRbMfQdjxf_COqiC8gKI,8r3tRLHWpW3znjXxcxoDR
45ycLtxJjGgqzh1YGVJVn,GxvTyp7gJjxdtUd_LoNOZ
QZJPg6OYGTpdWEsoF4yfs,9l_vnatSHeCGu-EZWocf0
o5Se7mWQ0HXch6Y5_p2yJ,BwVHkSy_N-A39kVSYVD8V
Jh-ntlVgLAasomL0W3Rbl,o0PUYyHmSyHqspD5jaYbs
-dZ1Ss9ZoP6ksZ00eiQHa,OZMIa61mNQQedvyp8pVdo
Ihdwv1Nr4hXWORed3WKTB,lt69nMvbqeyb4oE7aV_Ks
tf7NBsyYL-nGRIt4EKWbL,OSeA9OKJ0gkarWNPYj9OC
imJ6Z2JYr3yExKTJ_Q8MR,Kzhbob1RGoXSDAzh04b_E
5UDyJCaJmlNShkjUdJqeI,fmCU0H7t_J9UKruPerXNG
AGYtB6f_3LHUrK9evgkG9,FU4Wu5tsKDxvgVdNKpivl
UrmffMeRH9Abqony6vxXl,VX1ZM6ulA8G8Dltg5s8mQ
pJwG16VFiGbucwjUEUdQK,guRooMyFiosWRmvve-ZF_
c-YOg43dbPnVjo5WvqKzK,RL5w4FtoKXDOVQ7WTLVEw
6-DqQCr__N1Ki-6vHs8lQ,B5iZ0JljXaa5ffCTAl54c
TBfDGIwHjT8OaBUMDjYc0,nj0lfFt5Fro3Mx7Xe1NFL
hC6SFZi3kEichS-6ePvCn,kSptyIAncvD8EGagm8mQ4
zHoaFIfOMJXHWPqNX1IYy,MAVFY760Rs6CqU4iVib_K
P5Nsyji-uBWGg88upzdC7,7d9bftecYh3AGNS4ZBqRB
kzPIgj_wPpzUWH4DOanZP,MzD93e4v3R76UIfhWngQf
8V_G2cQkZbC0XBR9Xn83f,ghXEzcoZDAj7VMyacZQwL
KRyHAfMCmLOq3qBs1h1vV,wAatLk1mm84VIZ70_5DLh
Pm369QOWeVPG_JOvCwSYg,bAOgw8EL0Lc89mHXiZ5O3
nrTXsEo-1sjXc1uuUBXTf,EQ9N0EvNHSlHpi5g5Hw_8
QrI4P33JDAjW-S5TzbCge,cQ_MDsNBufir2JLk9TW3w
-h9QxiqzGWhN4MHww9sb-,pUO03Cb63_fuLFCSFzFRb
EIJgO15LV3NPrKCBcdjQi,rwOwgKF0AFdKNYUwQDBqD
0ldzo1RyU4VaP-MW49z_z,Q_MUvAG2DQ2q9ZBCo6ecH
CdACbdYkmEG8-y-DjTBlG,syEQuR0SkECdFynP4Hdas
UwK9aehB33U3qd74BPV9C,gf4OLgDbLjJSSnMdlRJgL
Xs24DzO9D3VmfKEyxFm-q,o4UK5qOrcauu5qa1otS8a
Sznt8vbwaKNgBeXTgujFK,lmpkQ8Nfw3e55JudMPpQl
sNa5566m6BmcJp3h-PdAv,lBXvaSIA0fiL61L3U1mnv
JhJG9aXSoZJHIJjGZd3-l,H6f1n10ve92MMOoOWDHYU
ldafQGL7Hdr8Xu4v9ZYN7,hIp8cIS5p-fxlVgp1IUZk
H3S56MLglXJfGH_iuHyor,cDwvoByrZLSTw3vFEmsDx
amrZV8HU0BR2vOdkFhEp3,NhAlgnYXdmVxK_15Omlmw
K-zT0ssrfMShrEiOdodtA,7YG1FHNzQKWi9yLB517Ou
kC24WWChJdm_Ag5OxAGwd,TXrLs2nBD7F2YHcVx2xaA
T0qQdIzcfzmba0aYyTHmK,oXNzAL-vPXs3upalk0DSI
6dq59yqWS_cUAXudjHbTa,vLC3gTaUjwZrM0Cl0gkMA
k2QOjkngIfhYddBhfyZrq,4tV98d7O6p4XpUWfIx3ey
DVcK6elJklaCh13O-K729,y1PlNNDo186s6AKRdm3JY
R61InUBJGXWP8b8kw7-bi,wwe73byDyTRQR6L4H_Dxr
ovMid6bjsK3UeylPWvFuj,PBs5o-ALrVoPUVyCSI-SF
7NomWYrj8iy7f5_w5Ykxz,PBmqhA40qPsJSXKTi1AjK
vNVgdCvUWfAT-1OpvKINC,WwcyBQSPKiLP5NOn6u7mX
ksIcrGgguIRUQhytl6QDw,qmC8sAdgG0xFEpkgqj4bF
ZfpeCaE51kbhaUuiPMgAL,9BKjtXHDM8JjUbH9CTrbH
h8yajw4YhyxdkWsqAbttt,dxTPmF7G958vOfmDW7hqP
73F5SdaypwJyBR2xtENcd,I_ZowdzwmGmkhoy5FpuHr
o_HweW9l670AFAHq2EQ1E,ugFw7GuBPLhaPpq1GYq9W
hiREr7XMFr73yVQxAwUHd,Zofp9Ju4OCP2vvGT1GV4X
zAEKKMzmi0r1Z3_OjsFXi,Qwa5Zl67vnmPtWr-xLv3v
-GFr4Fe7BGTRiP2jF2Agd,-Sf1oEYpfy3dlTW2QFDNL
q2wyLp4eu-8FQlw1N2tqU,gbcgECl1BDyBOLR2ZNUAY
SComMAHTu7hQSoz04n9F8,1Nx5uobt9Wd8Cbx3gzaJu
GE23NG6UYDKqD3aJ0IwGw,nO3SRnceQltddxwUBRbu4
VAbJc1mpNUS8tsSkg-3Zh,iNzq0RN1qR5NL1uwottCw
nwAKORlNxlsAnfUXRbN9_,19_mGPeXX40swlVvOLGGE
jeP6R4KAWK1YZiXGeu0Gu,2YE1JVGBvLQTtlx3b_oAP
D-gM-7mGkmF2vZ_DQyIWx,sfTCydJfbyutpIqFHzhu6
5m_29Rcmt44zz0jBy_JDz,KlqJEDOu5sGL0408z9RPZ
bdNVQEO15jtlmPhG9-U-2,_ZvoUZtYYxZr5cg-Lv63Y
T-mtx2Pmkr8C23SZ1k_ee,KoHOJVDhITwxTZBBE_Vy4
AQ9aVT0CsDZAD7hazX9cq,jp8K1tdHIYDCIh9g8gJy9
Bf1tjnrif3xKVzCx4Bq-f,BH6lr5Ho9MIg2hWJdCuFq
xze439lcHKQA1_rD2CvcP,A_F909EWWBkcfyHBwlSSi
_OF4P1jPtmQ9GxOS7IASd,ZdR0RnGK3rjZy9-Yc3iDK
o-5oUx7iJPMyjaD9kvkiI,yRCfXmoI3dT_DthpTpp27
QSeudcHS59WZI3bAnrEEe,z1X7OAnKfa0Tr8f7LSZdc
Kb7NRbJSBrNCU0x8VnL8e,vYogHm_WCCiQKRUa1z29d
ooxw6qjCM4h3E3FRXpTtm,7DSO8ypQTh3aPIcCESZ_0
GZSIgd7WeDH3kKZeaT6nP,Uts7L3y0F3l4ELlgSzdeC
a928BijzKvQRAAElhmO18,OZHqVBA-NaqhmmMVGSnSm
OcrZ8WE136CT5esDgEOcJ,55Q-bzIxPeIyv9aSJE2Ok
Bsaa-1PqnZW36oP89YDuV,t1EDGdwb3-8So70cdqHbV
BTQLwWfqkYPnorzEQ4Ck2,e6w6trer21Z83SL1Hbu9r
1Nel9OSdJd5bXTyNYOW4S,JMny8f9LuOYbkfzizprZ6
JmxCSmzIDVap0Rt5JoywQ,aqclPMcM43Bsoo2XPvhwL
v9SQ1hZ9Vf73qTIQefNX1,2AR36Z4LExz5qZXx-Kmv8
6QfkFCsLMEEp9Qdk9DAN-,kCrL7b8DaNSv22Vp_Ji7t
rxmUJzkvugujzJxB97A50,AGt61Ynz6ReZ-YT6FN8z3
fLpLp5ZWEtWGq5QmX6i7Z,6_fvK_6uXFFCCuaDKTvyC
KqPXcfaiDhoH_4I37qd6v,FBGT2-9r29SE9vkiNmBPQ
WStZBnLyuP6dadPzHDPlx,hIYm_NhtzegalYl6D0RoQ
XLvu-pVyexZoreHWH6c17,3M7Ld8BzC4IWpml88sFQh
g5tJCN01dTkSItmc7Dzo6,iFcW-e_RkhxipSCnCNczj
ChZGC-P4gZHnHxetYl8t7,QpIFsy0gRbwnQe6Nv_CD2
7e28I529699dDwGeJLUBY,N0YKKo0HknBlpeBaHnazE
kttiX04yur8WvmWmDi59_,YtQrw_xUyMHm78Tv2InhP
TtU50Dl2bU25gELbXFgzf,E_57UOiOnIjJ9UniDR0SD
7oMwyOkqt4RXOIHICAmg4,Uj2wV81uIxyg8NNOLoRnc
1G3G7jcnBzSZ99B7ZUNs3,v0OxXhaxmpSFkOMETGMIF
pKJS9HhkBXDl9mpTA7O4C,OgvXoERL04tnDfTU6Hx-0
NmZ-xNgHF3l-6PrDBnjkr,4br0luVjmUf6kOJ8lKw8q
dFpszU7tsv8OKmHyvXXdt,zY0eFUkB-kbeopteDMrvC
ZfWIGlrVU1NlMWeeqnJTg,V_YDlPH7hjGHRSmnFkXLS
48XxcxQxIU7JDjcPfQaYP,YRt1vU4qmSxIYVeGm2WjY
SRm3Fp81Nl0Yok40di1ZN,5q_nC0Vl1bpj9eTHxIJJ6
drP0Vt1DT-ObfRAx2by9q,N5_1uVU5rq5hU1mxexXnC
P4lw_c--GQ0zFZZo3cCjm,EuyvR9ZuyXVocovuMMkyE
hKkcPl2HeUxZJPOwUDE17,go_T29nC6FiF61YChtaA5
P-cLdciAGkeMyuLrQhGKx,15992cwMIy3ldLVR9iLDA
R02YpZe6xwFbXVmJl3xJG,XvG6JtGl401oVCfeL2Nqc
Gv42tA519XXIxJFWFp3Ad,zz28N-WDdyvelpnMaynJb
N9yeGmeA3Pf-OO_ItdEgg,uNzVKSiacie8Y1VgUfFhD
JhpWdgo0iPL001Skoo3eQ,RyumT6xiQP2y_1YBS2trt
nW1AxBHmlxhvXK4Qccwbp,Y7EUQJFFd7PE2gX9Tiz2I
MP_JIR3zVTvv7XpJc8HiW,IA6rJX7Zmli6a9ced2l8M
XHqC4k3CkxqHQXMnDOghL,3qjHZhKhAjd3HFnEjmdx3
pLYc5RT45ZlGUtLhVSo6-,-bKC33Dhh72bl-jAGa4fl
RB4pFCMZKCDuAvjbb9oYj,0W5keEgG6duNyiiQWejT1
Hc40n5L4jzlRPzd7QfYiB,h--sAAajFUprVyFqaceGB
1x7JirJIR4KNBKdNmAiFw,s8EtHVS926SQ-N-d6YNL3
Lds-DrmFG6w7y1Xb1s_8B,4DtpXXFHgIJJl7aDDipMS
8qWLgVxoVYjfMY1a8iAR2,tOkvYhuRDJTNUzRkqW_fx
Bn638h_Wqutk3KRC6Jvhp,G5EPZZ3klX0FCp1yQ4nbH
lmjVeL9v32ohm8sizOYLL,5crb9lH_n_jNW9qMLQUuf
yJInOliC9-NG-8Rp1GK9z,tu3sw2-_BU-Py0X-tFiin
xANRKmIwQRLeGEJQbTjM2,NYW7yhAYtEC4NH9HijGao
CpO4KKYrG43md3MjSpHyD,i9rnZjWV4LXHI7gM5SiNt
V7wHV2AKOY6j8SOvGLObq,X5GoySTIQfOG8d35NVHsV
a4qXesBSEDDApPx5AKOa-,SEW5gGLMGFGwIMJZsbWxX
KDcyaZUBkwB3FaaTa69Gu,ZDtV1RsgmAyKOmId0OSdK
NujOdJYvCxMOXw9xTxdAk,FS-1O_kKuzUg97gnVmKja
5H3hPPayZ-ZJ-p_VppqYJ,mWdoOAPyQ6E1FSDVLPpcD
tQ2O0EE2vXQT1eWEycomA,UWpXPMCsvyQYDMeZWjff-
9MOExcpoeFgtVgeXUfRq-,QguNib8MQ0hhNLu7GKttG
mbD628p6-mCH4RVvAuj4j,5ek0qtIphlPYDSTEcFezg
9PTvCR2HB5obx0-4uN7xM,rJ233qkFO2GKiN9M1tii0
NFL12BahRc6bd1YJ9EpHN,VW2ReLdf7RP8i6G5zs9_I
zC_BgpwrHbpF3UvIShUVX,g0byBacQ9u6ZjxYRpuOVo
qIgF7yjFLGhQFqCyF-_Nl,qQqQrggWHKwd1fWPaBzTE
AQGlZ9dyFgtU5TPIKRlxe,ul8pxFArHw_KO1eryymIw
nzf1dXp1R7GWdzvq8abtE,tIDn8j_Q1mp9ohmKW93te
2bYCLtUo-ap_exRWl31Lv,krq9jY81uTdQ3jn2Gl05s
jnzuyO5d-ZuWkjdkGiUx-,7kK3ZvfnpM0UodcpQeuVO
eHtU7dawYfECv0FEJ5ZcR,21OGIYMsFyfdZ_smQ-YgT
eqqqkF2zs7-5ztqYOul7P,bB-3HHr-TFKJiKD3CXkPr
DGUFlutNLfWdQ6RivZ2b3,n0ul3QnpUf7OnJ1Nq7KsV
y_bgsczwPcD3iHmUW-XTr,BJ-MyIP637lHBx1TSAP2v
qC2JsSED56MO5XVKPPFca,XFk-DQNgIRqNvgQaCb-W7
cK40_ynwldlu9ZMcDr-8Q,qredIZed2sVWzAGTkjueZ
L0cF0eelzedDFCsI3f-xT,76yFJE842PGhebujkjdiN
GjHB6dTcKDT2bifjxdSaI,5p8zLRsBlhXdt69RfsR83
SKxSY1P1s1ibAPh09fsJi,Gxg70Mrj5jjmjBp_utZg4
iuEcz9VySLUKd00pzrUto,NDigllzVkkN5yZXxSk78r
y5LY5A6jF-_NbmcWrRLdg,cJlFakjVCylxgGZQ3X15F
n2yO1hTHEEuu4Xhwzo-zK,WxdpJV5OiIGn98JVVEdQ_
gkC-uRP2apKiAo1AZBN1I,v8ndFXctVWGHRugwFBJCI
YfbR0RcIAJ66tr8bZ7vWx,WzJoa5JruUFn3QKJKf5U8
mtvxqZA9FgCP3dOyeF5MK,FM0Fov6EbZ6JbSzEFoDGJ
i6w3iBY6wg-GgXMn8xr5t,su4vQX_zXihz9FkDhsgm6
-uGzuxA1vhL8uuyBG1Cjl,xIaG3l_-kVaeFGJ6n2rrq
Lc1ZDEGHhF22f2ul7Y3rt,wGRApsOt9TwurnCnAWIf-
KVh3W_L7EA9vjjxHkbgB6,SXSVAkWSzr5nuQsizgRvg
qVz226aDBEhw5K-fpRboI,76nU5zW3Tsu1eTgDMXid3
GMNJOzWEaGVgUtKJtJzWr,j5n6oTSgQ_OUVEgO604qC
-BvMm0hEsR6Wtw1UqWMlu,xOpkYn372N0PnXC6_EV42
-rSX-Df8GDNbrD_O2lSpo,iEWflAypICUiEq1REUR0X
SHQaSNojaX2MFCbNGxeh2,ySmUYHc1P3-BlJ8cdPFAf
NXuqrmrbGgDVYsCLHkBgw,uHZYhG-a3kJPcWqfKsAWa
nHzCyryn_BexjZGlHjtYo,bRouaSezldBpyAEC1FslL
8-hE4sOv1A0goaw3wnj5d,pWgGec60zyR_SQqvNmzdf
cYwrneqOvD6v9_Cdx4D5N,_U4SPYudEzPY5SBAHN6Ak
Nc-V7sERzTEB13RY8v8rE,rF9wDPl5a-kCGm7syvy4w
WmibVbU4X6Jqy91f32jZp,Ij3bbmCpnGuHN4PD0kliT
g5S-Mx2W4GF7jOtVpKnIj,boiSdoo8oGL5Z3vTYoxfp
e5nc_muC8o_BVtuxVmg_T,aPCQXLZUlo_TRjHOHssps
PalvyQkCFuEmsHQ6KCjt9,WLeAfxR0PuAlJD8rnFUFQ
7xsSF83lFUE--OdsGbIVL,p0Vg3bhvT4dqfAjIR6GY7
_q8uGyB7j7rRiIcCBqYsR,dzxNd-ixrqEBKZKD3iT3A
yxWaXZGcOCiHGoYCf9j_T,prvmPtVTj7W2VpaaPeGyc
Fcb1p-57pKlR0_eqL7ixJ,IRKbo-7pwQDh5bVL-_1Wq
eGpThy8fYRaMNR81zi_w6,b_Vtm6OBQt9D11yQkRpxr
OXX-dpOglzrLfjar5ED3b,zjfCkvj7sAHONOAIXK6Ou
xWzwVoN-8ZEH7-SJ2KI5H,LjrifyuWtY_wr8YGuC-dr
slI86s6EnEp-Au8uqr2ns,6hiYRngPvR6vNnrvq7Bca
E9IgOrFAW3mRPlpsn3mS_,p_gaqHU-tRQ6CfEtHFRy7
em940_ZEuQDFz1yrEUIAP,SPJRK7HP6RMiRorH-s7Pc
ns3qV4D4cPCezB0CeKpj5,N3lWYLNI8rLE12vT8Y2nt
9uUuYHfO39__tRQSoSEQU,YkcNGK_DExNjVtPsM1ZCT
0KTDL1d4qqw-VwZrzjpm1,mSMZ3E7QX98ENnobiRepu
Aa103W5h8Z2Vo7-y74SKi,5IZZFdxEdCZd_X6ry6Pxh
kJ5HQ384hKti8UA12MVlQ,_it8irKG-h6y7B2OPEVD6
QGlY1sQMZXZZA_YyAZyjo,cFYdqWSJsbt8HIJ3fINUT
G7nssuS1dvMZtZekVUxaj,-JgOe6CDKpBoxmqJjMXil
c-G3X_bPn3IYoTxG4Rtfb,c2wSAGaUkCVdkZX_8pFkE
nQ6tcNNg4DSiulSG--TfF,XOFjIgCEqUBvk5VY2p9Ti
xxlAzS0V3S_UH00WiIlH4,YlS_Z-xTCla6cA0CNnYiH
GF-fzZhrCT8FPwv1hx34l,Yl5E6gSKUAnCEYXCMHOTg
qY9gL83kmvrlKBmRirxLS,0ALR07_jiNfQ8MmqLFN3h
Q1EYJ9oFRsQ5gpLpF-vlB,xTkMPZK32raB2rMoGZZpG
5Ga269EB2EMWljO-WeHKX,ks6Y8zd5FTNljq6fISkLL
yC4erBlrII24ZtRExYulW,fbCYDTcisILTnxj-KLTIe
V5QoSdu9Aw9cNkpZ7hfTk,oVgArHDwZZCIch7yFFWty
08WsEjzIxU-m0zskhy-iT,8jX70q2WyBTtmVhq1xbi0
KnNrXTAsGtfHF36RIT0f8,jhPmDAaOcBb-7Le8PETpi
-c4vS3x41nZMVgiQdVDxd,wQHKktynbKdW3pMZxWc_3
YWpDvX1qEWC4vICJJpUlS,sQScxwPj5wuo7c2GHBXgN
9McM-nGAyBXLvjK7EhbCo,nySxm7b7qMKqv49WsMdUj
LOWoN5FtzthqrIKCawvFG,0R3MSm2Q_nmyva9cTK4Yy
JRUkduVx0Hutem3ZfWmJT,CpjRJZ1i2of3VTl-K02YL
OAUMN-fOmSFc7LO4qnDYr,VGOhLqxPWkin11nZeWTlt
w5us3KxJxpV7FEwqzCtv5,HtC6K15hK-1SnpufPUmQW
w_JskoGuEGuqDaxlLmU0X,0CcUrT9ns3PITwFx9nw-Q
A1e17t-b1PkY_n3b3rJSa,U6wGnRZscOmJFnAHzT1gF
2_JJux6_gDOdTl8y0Xbfu,_IFAQ6W01i5ijJNKRQnia
Is7dHkQ8IWXDJwm3tYXfC,wFSC98H-PsyBL8Usljxcf
fm0eAA4jiAFSFbqZPCsEq,gu-qIcZPZmAnOzz5gAg9N
Dnh_jalKNOg4xDRcQfs3b,qbLJIiFIp-ylD3drfo9QX
XwjMqsXuDle_jHk1JwaiP,nu7S5nNWh0pFCdIvV9aR3
zbOaTxob1nyMS9CuwVmiW,i9eD7wx27kGxAosRPNMYE
ZP3C5wcbOZFpwU7if7sMG,VRz61_Tc-ssmI23srY_tH
nAIlIYQz_mE7_XGvlDA_J,yGQKHT68VO-H158Nji3kU
KD6DRrQNxV_qKMtb2F3vf,uo71twNSPLK9mDBCPawy7
Ljt5KUEZXJ7zlVZumQYw4,5teh_mPYMUV1RcKW-YGgo
7TyldfrJmJX71rUuXISPH,VoGuk0_IbmXrtC6tUF4cw
eBRDn6HgaxFMn__YdVYPY,61yzLYeNlXIntQIuh4Czl
s0R4QJM-6roGuF2W4mErK,Bn1TnwzMZre4yZZmg3rxm
0CUBKxV0SkX6IpfcUxdID,3HmYZ14Vr_kIWxqwA9Sro
OEbURuNzJueKqaExhDgnH,qU-oBAQjyB_08lfXZJVvI
zQe5a3E3CzgRwjIaHBHdx,93e-VtU2GOF8OMZQkdIsA
Y8ExH36AuIs_sxB8RQvje,eeIzYOmT9m2h1DWgajQ53
6WTLl1ZISLBCVnV2pr9kB,W7WZyAJizkK2RuIwGwL88
SjyRz4HgU8jU-g7u5oQpv,aLPxQMddjQu1r3uZUdkUY
EWfj9v5LZ1x5lxNfggoqp,iFVsMKGLkR3ae7Nyuz6e_
4Dl-i1QuIP2fLQDWRlLFX,X9rSYDkXcZj8AwKEGisIM
dIpWyPx7M8dYIQx4KpWqW,fk-4Lo_jKGIeAq_xWLdq5
OcksWPO6M-j2kEMU83Env,IbUHQIk9MgZNyE2hWmCbA
wzTONgTgdpTnFrQaDb5Fm,O9SdTRpdAJRAIo9trrEu3
yM_eaFjdzdEQjZvUjmjVd,CekXh1V2T01SyxJhtRh9v
Ynx1QeM_7Qm7CeBwsQ2hE,pVlEeCOKzdJhNf1BYUeAG
a-AqyXjdHdtadz71ux3vc,tR_hIb0x5PJiXen5Jmtgp
6HHbD0hURnp4rBBMQ8SBy,Yw6rYR-HU6RaTezHDS8XO
5vFO_zwozVVjDVpYLb88R,oEwhM2dFcFGeiydcZxHji
F4CmrLGyHYrILKjhjGD--,G0yol1ZSQ1Fc6AAj4lJg-
72uC4pBSigc77C7pKz23N,VRc8X9UqyaF7Pjl2OksUf
FrhmjcnCt0NSXd_vzhXBl,e0wFE7YYnRyMenQMlWXA2
qD2bkjC68tY37TiVQ0M7C,vKJr4VVRiMdSw4UmnWVii
j5crtuxYf2yTTHndrtdlO,6X5fZ_x3508tZyUazXLB0
nurIgBLXBzYA1D_Ysi3pV,iIubGH8VpMEJh_BLAYjid
8zkQZcFbOFrU-Wkpj0AZw,6iDg2o160Nu5hBsqLoYeV
xV32iKuhdz-XvuH4E4gHA,ph-9RKumUIto22-AftxF0
RqyjKOEyND4J71tv9fWrv,TSGdbop7qGBGIHBvc2eGg
2Skw3eAVTNK6y4S1YkqOz,-8mT3uPj0W84kWACuNYz-
qEVJkg1s3IshQWl6iMPaf,1EWS9fSdH_RZHiv0mr-Hl
zMkGOYrNuRk-wWOynGrZa,eISs0Wmdwzb0UbbwDg3Mj
S5BCbrS3UlBB7nWPxeeMD,4tp9rHWRPmOGh8cebyazv
wQNaFjL9dOSP84Npiiswd,XuXPy9zfwk4hO14umpM5n
-Ww7orO5n0_juZQ_QvMby,1Z1op3PBgKQB98bURFKdm
j-ImrVPu66VXVyKnhaIM3,j_oINpkUvBa3sFli8ht22
JsGByO7E_1s54SWCCVpC2,OUY5uc8DSUFjBCDzotv7e
e3_fnFjsAcrnMYQLF7XPg,l2xXqi8uSXJIDpcQzZSZG
sLsDfATXYAll7TqHtNuQf,zzN2UOilxBRnVCYaqXGmM
dE9DpPE4P0hyF1qZN5rJQ,JS_x0YbAJwEwFvfiNDnuZ
0152cd2Np9vP0vap-f7d1,HqmkDXeddx07xPfZxBvJZ
S3efXl7E8q2hgO0uRH4MT,_PPXtE0txeVDTQmfcv0dF
LZCCvlanFJSD3bB6JFprJ,F37laT11UGLkpUhe4el9a
Ofrt7-zvw5U2f-lGC3rH_,Kt9ou8gDITLnjp92FRdQP
oTox-V72oUXoTBmf3JIGe,HH01FdfjFzJT3tgiJNLGx
aE2WhJX3GqwvHKOgVWG1h,OepIKNN0ojxkaKTAoLsyP
w8AckD2kGTbdppy_AjGGf,3pEz2Fhb5bsJuE7nX52X-
sAn6PJP_gxmZecMjVIdDn,kN1Du6D4FgfngMenCykeF
RrCZNzt4blHguUb4Hd_-b,tyU2-981ojKC2GkaicZWX
5n5l3cVVZuTilbREW-U-0,PEpyp_R1XzM3faklCYUDw
Vs9KphosHZudXhdi12GRy,cXx3iayBJUFAXp4x4P6_X
lcWXes-p2eUjgvX-m7rQ2,UbQl-OJTWu76yo8Eezuqp
h7nwYlJTBWQPmiMBMqBnI,WORnkS354kp1Hp7YJ1UH3
710QRBp-g1YVHPRtMoYXt,ueFG88Zs5hmiApLeptPMY
7z4GAMRABNRqYbYTlsv9y,-z5OpB-OEnvNL_BE-Ton_
JHqWdMISMaEJn7VI8ThI1,EV5rwRoNRo20-14cbbaEC
heCaSYpgfu_5wMb1VSQir,z_Vpk3rtTtX3kM-Euk9ZU
czUoaEvZMqgE5cdXwqotc,gCquuC1WEFvvKyZJKtSWn
S99Rblu8YgFcQ-jo5ZzwZ,pbafo8_c3RruqBYpW08_P
G6AWWktii0pTKu51P_IYC,B_HJ25VzGwug_mnFnwo1p
7Q420rwqM3A5Gj8P0dz11,LdCwc8SG9C5GOa6okk2xA
sD8uB8nhSLkk7LXilqZ8J,iaezmoIcDW2BkgqW6-jJU
kE_vCQApa0Q2Cm8eDd05K,QErkuCcp5TEc6GVC4-Izo
DBlrAY1aETXaNa_7f_E4D,pKwETLd-jEys_RKZtYRVy
kDuCvR7poCFTBptA7r0BP,z2qRF38btrCZCFyLCyz1K
r4nJ9Dzg5Dp_PLp2-ktnL,OgCD7Gw2N8EOW6FUi_W_e
su-OcU6XG7S6d5Wdy2-lp,4R2DgJR0RxQmq6lSTO49H
KvAUmQ1feeJkN6Ns3XCIv,JoJjl7UXp2onA9NCeYe-m
9VUEi2xtCMuZN3iotu2K3,8tgQMgvANTyME015qB_f7
zFKPHAvt6tMiIK_1Dlw8A,9KH8DMyKIEuQZhT0tdhM2
5o9dzBwSegJA6R6KD_X60,0HkGTa99HLe03XOX6rG3C
UYtu4wwrLia1Ci_qiKaBw,YQegMEruUCbJTPetWqzLy
k-KTyd5HfatsnNcBy_fJG,hLHa5ZtJzGaUrG0V1podm
n7CmW1gJzkcfTmilNBN0r,aPNoBD98BTurPH9P4RrNT
_p-UpHCdcSvlaiO1vwERj,ojDZXTpYVirsdaVDdrNDt
WTDOvwWMuDsBDefdjE68G,UxBCOhLgWSOLOSncIE29f
tP3jtw2A697Vx5XnGdFB7,tBWQZVg1o_6YRSLqXiq5l
Ci9bR7eFD0EfCl_Nuz8Sq,HvYlgZw-EernHqDhJ4QUf
4TMVMMkf_-pOfIQZGX9S5,2ByXLCKr3m9n9Icw2Hxl9
xm39Si_XhWyMqt83qPrCk,6cCjSsmv_bdYri3hzvzlB
k7rFmghc_fBl2FYrdwA_6,GLB1qGGYewij45ieYzEXg
XzpV4zVTYn5kMYDEDIxjR,-s-KYmW_mImCZIXBGExzO
bkA_NZoHfGJKvxGN1FVz-,rHga3d171kyB-MSKgKGwf
L2LOR9lWqZpXjIWFBvzgu,3zOb0XdRASQy3z-n6lbz4
K9_Xjx0nmY7n7zB4NbyCp,_2GK91GfaJhEig_pMxqGz
eQmFkU-vOH6NZdwNP_AOx,coQWJ3GJUg7peWUbUu3TK
XkKksJn_KxnWa3oLm9rwG,eoJeEiBIPaohUh9v03O4P
ygry35Par3jZ5EoufO0y4,vNh_PK-ic973BkY70oeAM
BUT0WJYIlzphELyxUHtUm,ULL2DLF0tydNmC0OOAaNi
nu5S7dBHqLiTmVzhHOLPm,cJfSEC_yRia2I5lSgk77g
7rtKd6HFeDusCKwSz4N1E,NiMll5QUo-hCtUwaJKHG0
8vHjdUIA7p8m0FAarlzXf,kdL4sUgBisfqjbd6bSnn3
oOIJJKjiKyUKlGtMkg-ei,rRjRFTRTYS0I974j7QPLr
jiNgF5wNUERr2Yz-5kPhu,gcRi6SyIW9NRBPyrs4LFI
JkXOsK-t_PSPVh_T2krm2,mbRmKnQEmAgsLUfKg990v
GuMZk9Mc6b3sKQi94QuMY,_6HdnW-0aL8M_w39djL_3
C5iNWI5HHapnKTE-IN7vb,WY30HTkclCwjOgh0Q4nbW
QogGsbszGlslZWkmwuj5Z,ETNWw94zne6erWeO1655_
-loGP6USLOa2MkUx_KFGm,NtblUeZgAxymS4q_2S78r
irwOWOt8fbwDoNnFthNFz,zcfnhTTtScV75__iAxBfv
WbDC1kFMyPV-lJYqkOhtE,OmEhIIf7fW2BfI2nLxUzc
RYCC8Gi7Ek95vD2Onhmpf,Fm43Hz3TH7KTmBWfyBQgF
NF1fLyd90Y8bhMtEWrzAj,IsgKzztI5OQF96N1ACZAI
cKq8JfdUoZ9LumAebdiFR,tGljcSxS8R14IbL4nh7o2
4-bqSLxlcJMHgHIaisqFn,iBZVPk8uc1AKdlDzWsu0o
GJ1pu23lFAq57srlPpfUR,xdHSz87zeczHaSsuVTb1o
rJVk_FRtikZTBy1yi6G2H,9iacg7f3tSCe484trUWOe
yFaoEmjRirM_Y9A6hLIBt,rwH7HanXxE-wuLE4BZrtN
mpAOR0R2D6x1Ptojlm3Lj,NJPlPjGd-8DTmBYjTnuvN
mMVNPj6OUuVZsxoIh7AcX,xvYgGqnxFTq3Ru4gEtQ1v
BrsJf1wRth7me-k6rfoPW,BOH0y5ctoszn4y3J1WkaL
aoRHFHfpMV2B5GwzLJvUp,cOofJiGZzzQPKKMb6Hd9X
lp-jpTbb6_K2uJ8F9_NcC,KkCv-S6KHRmhcu95VLWLl
xGpLNdYMxV69hcgH8mQox,w33DpVd5Q_4wsmopT1WH1
rMXQIA2gVD2PHPeeNyBJz,H-OT6WR8P4gekynDdoB5M
0WalGTvbxsUavFfsz22F4,3Qrl2bPL08L--OYIvIteP
lx6IIWHp4CmCmdJL5zRYv,6w0hjTS8y88XpEmlqiXOn
FyJP8p-I-_gZ93SOnoTSs,J3qG0oi0KJE_DhO49lSBm
eIB5zPq2jnxHOZLj9NoBP,MgdywPZ56DB_XSMdpZdIx
SMo3_77BKQAkDPJdw6VFA,_PJ4JMumYCBGCS9LK95wX
maG38KzwlwwciHuDt5F2q,SYhSVnTnrD-zws5ER7KYR
X-PA4XCltX5KhrXdDIx9d,m2-cxhKGiMYkBAj2ErV_n
sPhX3aQXN6FrGQOcLQ6yR,yPOkK7yb_SVmUKroo7cmT
y4isQbkpBRpj5032DMbae,X8C0R1E1Fx1hJ9a-TjQX2
1x_QiGGkwEoAXaOGbczKd,jlpUStswn32lPak-ypr_m
6A0b5QKLhAkTP5HJGMpG_,nuov6t_nBlFTClIcR4iMb
tfPqEfYHpP1AHyKQPv0vU,HF1a36IJpmlBsDMc99cFD
6KMk4uhuPqWncT5BJt8zt,JAx52l9EL_iiA47eIUgNP
L-7M1ujsDOWAMllZZt8X9,JcLnjSNxalgog8dXelUsO
a6OCbs2Du8BKwjNiL2jdB,PxQZMwlx-8ZEcygZNny50
w5c-e-cNAf1x9zLolFuTt,6EcsSG2cofcdjJI0VHImf
_s3AKjnO_w_Bi-CJUgWM9,YAdLMGE1rp95JZi86UXpp
YBRAmmsgRauHs9-Cu41db,edSJfE_VmxW4ZaA8Ea7uU
Y-mTQuq4Ss1kzUxdhaWbq,qvR_7SeTROTdo4zvIoCx1
uhp6s4nDf54iA5RklDwPv,N4FdKByXaqv3z2u7SATDS
kd2rI3LXjHuEokd1B-GmD,fCU_qxYwLMGjsVbVMBOhv
ebU7P20WWlzxz_lYeFlGG,SoVldRscgWirJiJzdwVSI
fvvVLuIoFsKni-Wx73gWA,TXXM5M1O7RVpHKZjpKMff
YZgIhqONKZQhA178Tx-qj,BrBM-b1-YO-Ra_myVaKgZ
wd8rOHsRVvpVoNo407eCK,HM_AXWaZ_ljMuRp9aFIuC
332nuIsPLdkyI9yMTaTA4,ncU-ZqRZmspK_O2RjUqv7
nQEN0K8zNs0Z9jbqxgwLK,x2-5w-1YpPap64iowK-aX
HeKqDaT-TOLVaf84X98jn,ZKc6H69BgJQSGpSR6GzPJ
tbf9Dm316Y7O84COCb6d6,T4paZeX_7IEwTPzxMOwxb
Ngx2SvYUEh2871nxz0Sqa,L0rh6_Km1rPKldn2N0Iqi
ulJ0CiRW8F0HIASw6OYCj,OkhXaR31uMTyhVZ81z6or
hUU9EVvwjhM2VsFNArVsW,iqptk7P-RNNlsQ7yd8BNq
pZJb8ow08rQVZRwRCeRgM,3iBAQssd3SiEtS5HTnhCB
0SEMyIbdbmPC116asooOk,zP5Q4Rk8YHHjkDB-stSvc
CRLuwtvarEbsnIcpzns-Y,9k1JAn87pRKwCuztSKlp2
4vWZ9DKbrU72ms5GuUvS_,unKt9oX_JzcRIAvKQxU72
PC4rGBz-2HCNvpkJkB_aV,lYaw12DhOE9kjFLRkhws1
8R02di67vzBuzIdyBQwJe,eipgZWTh45nNeDHcEPdBQ
I0n4KSPo462yW-SF0PVC1,Mqg0p5gPI1Y_HuR5yEBrh
1qQk92huhGA7WmX6OzagR,tOOh6HaCf99FDeWYBPbxi
rQeJBdOtI3krnX71ZmXmr,DfiKhQJ_N_ETIUZYczXi6
-Bmd6PubsAVxV-yJojcQX,YgrIfEl-KDBMu4RoOIUhg
sWdNZwCPOW4aGvWbsrUDQ,XOI3bVA_BK-t4F2M8urNZ
4luP2TaQQiDNOxrbLdytG,kFlWxVPER6qFyE5iPjlLT
Eier-lj8DGCQ0mv7wULiN,zZy9oZH3v90Hb3zG1BTb-
AUb6KX95j3wEAso020nVk,1uarEBJ5iwyQfEfdhMsOw
BxxfnbLuV9qdK-iNnDzL9,4PcLmfQvVi4_JG4Mu5Uqr
cNREut_Fh2v0o66xIIMD5,tVCMY28sMuvcoHV--tvA9
TTlRoCTg3s5MYK9NqHeB7,Cc9dBVY1DLnjc6tvtEMcW
LHdO_obtYgW-cmAqwez61,H8YWx4JF0N0Pbt8CURVUK
ZXPwwFBBkog_wQUr5ezQl,PmttiADDwxLqq86VV_n3q
4Sbv6GvmU_JzloO-8kL3v,D-VYpNnVXkqzx36uErOvI
2nwx5Ews94CALooeIIkx_,B0WtGbEGNn4T4_goOgFnz
Y_Kxbe6NR0xGvl-oKdP1r,B5bpouXd2xNsy8cuIT5X1
pkRZ9aTigwNzpDhFbEqwI,aAhOMenPYoUANxkysgQv2
qHVv5-WYQjyqaKBNvjcuY,hVr8AzJTFeWvwnR8iLxzS
p5RtNvx_2z05iPanm56FI,kTiqimM8-_pjAxQF3bjJS
SqdLbws9p3SinjUAJWWZV,NXKhXiisAv8wZzvigMKhw
txqxIGN9nTC94XidgePSj,4gfsUU7hQEM2oxHBEykbM
11UboLxWafa896B7nNWZv,0M8zB94O-Jyj3qFAlMRjd
DrD40Khyd9sc6i6JeslW6,hd6216eLab3oMjVxpnkI1
WynFbmWgLMGIjI8xnnPi2,3KtSn219SLvTbh8dUFIOu
7wGiPhV35yknPm6Up_kYk,YfWJxf3VFOKpUFUrvkSX1
kf1TGnFRvSoTOOdUE7B5H,Nqe3fFyMuLN11yTHdNfnX
f4RJbVbVPphpGwn1KDJlK,WK-hL0fwScBCAvZ-qwQQ-
BDQ6PeTMvGRyKQhT5dh_C,PyHLUcpglzV1-MZDM229O
ylQXGiDz1RS8ANZhJllLl,glaO_Wn8Waz6f8QeDJC1K
C9kwV6DH9v3v0Ua9ikyXX,7yDjZkcVvuEO2I7Yyd_MN
7RzQJCzu575Oa5HwJGY-z,zSSWPOylf-0D5SDGIUfQW
dP196tilJaVNgbFQnXezp,zomnKfihZvgW7ONLGhFX3
dL7N_Rl0XxObrSG3jvJ-p,vs8C61PE383QPsYrM0jq1
xkVKXz4odCVMJQUnvvVS5,7s2kaxdXb5opmPagmtzsC
bDS1_c4lwLgT4EEGzWjiJ,ON9mDT44SR1CDG9AF98DL
GSmri-jxxt8OXq6zIEnor,sgdWTOp8ZrZ4W7AspvUXC
RX1ZEWKFdEv7V8OCLHEBL,7y4zDCXnPfDBeJGk20HVQ
81ZGyNqihJb40UQhhozx3,kdFVcHdzpVC5FzU9JetNF
-bx0nyo0XFfhWDkX7v3yj,itACY_NPIpbOzBd6r2Jsz
oh-wrnk7VYmFpCoBSx-RX,9revbzcw-wddq8bwbzO4y
TivoEjYdyGRu_T7BsiOIR,pxwDyyT_jUyhn-vj14pfk
E-eGQM_6E2Rwxt1p7IVp-,zEItHQdqtiTeDre6XAae7
-Aecpe1DsyY0o091ROtoC,uC1KrvMkEaY4YZ41RJIEj
f91kZW5Tkw9zxwv-2DR0s,8qalx6u3__FskD9KL_Xed
4mVOaxv7khdelVSx7K5Hm,tOcNJJCN7tZd9cy62kGUI
FEYo6XCqUwu7ljgK0qfTU,YdWMhXHh0JRyZSy3zevDb
PSx8I5lTV2hs3FvxZWa2_,hEWt6QpwkvBjjYbRCt4C_
VpUHZZmr1mNVXHVSd8r0t,kvmOpbDIaYLfx29a7ijir
NHdvqwxhvyCGY9eU4JxMv,NIZhDUNQsRYh-8-aR_YfB
08B0lYDIxdmJCj_uXgIvb,c9LaQ3rGXeoUUfXqZZYBZ
yyajuOfnTGoSbccHoF5H6,fV28zeHDC6e8tq0rTrC8B
-fHAcUqkX9gEtMEj27Ae7,ozFE0ICxuyzU3cPdBdJB9
PNg17utH3Z1s9KdGMcELI,HTb06grrwEhgr9RymKm5k
YPAzXrn4z74Ie5mpVj0uT,CdJcetclsgTH0LPawyD1I
OG0RU2Kdk8EWrxaxMN5sL,D4nc_8zJmuuRSkCGHAPds
ETG6pvTrJZPZCYdByXn_O,H8DiSYxmozmrjA8gmv7Ot
N51vNcYWm_JajOt8SWlPy,p3K6Y5FSXjZKOpUotjBD8
Fy1x_F5hHkscve_h1q2_s,tND6WJoI5PsSm4TSj1KXu
aNsDL3f-h8NQj1pHf1z1w,pvquvp8sAiPHhGdT29Rlr
4oaOhDGfupPIuQnqd2EGm,EfZklOiy-Y9LwM2RAXEYL
drpAkclRj4kWiF4CR2bBT,m4aL5hAzIPWIHRyudwtX4
pR20bE-z2PSPEpFZJ3zrZ,mC4dYZlSAi00E5dVvEmSr
MKqS3BrYA_OEdRY7FiyLu,0O3ysHRsBZe_2Dt0yt-K7
D5BjzONzXR0UEbF2ohaDh,SEiSyfJ4SSuOYMQeEDeVv
fiISs39AjkHONaU9D8HQX,HDR6wWKV5D4Fa_Emt-EsF
8XjSeWPt6l0xC8sWJHJvu,sZeAyeB1BCwOD15PKeB8f
MphktpT7tSTkgFk4JuBHG,3ekBlYwwNK__KxRaCKera
5byHLFCdwgCd4JydRqAqh,hff-u7QHEZJtp7epVKyOx
bFKKlposjmaGeXz1j1eY6,NgR4V-ivTkB8m58dxL8Nu
cdv9NaRVeUEzLaDxGo99g,CGi5ZaVY1zelgF0GKEalj
KtKJaaj7NChnFQQTMnzOc,dm3hEK0hKc3ddK1Rf0q9m
cTT2v1gPp_umDvpirydLK,jgOKCnJQIhbIReJiq552v
fbje1aOwyO1Ibw3-hBkqs,_lcw1jXZN_4UV9M23hrJs
3cbG8wbUL-lbzpIijlf_g,1GU8lUsyjX-K2lR0qeBSx
2AcCLWZcmQLBj5gfUJG4q,Y3vf7jNeRl2DUS-C1gCAf
fTkJ56Hoqp504ff8hE6DH,8yu1bXxUSUZbwVhgSGSwZ
Zq-YpLJjigAnvBXIuuAdm,ybJkldQ4sV0nwyj-j3LnK
1lEbbi7N2hQhPS5lKBM_Q,rz2HRG_dQv40Aba15E3ZV
OV6WUoneoYnxOgQVNL3P3,AfYLtMeVPRh2wpMjtgHDV
7rPHRuiu1CCBRFhQq98Wh,MYEiUnn36G1GFknJAWTAY
mqvj9FT5zbUJtEgQURiGZ,jV8PaxOGzStOkAJR85Ect
jf0q2sN3x-VTJytnn1PDi,gNq8ux7GzEHIMmN145RNb
Tp_sEqxc469R3y0fql9oJ,SAqTezkOkR1mEgjwwrek5
SueL4o1OWQCp5J8piqZMp,shsU54QWobmFnGXFYmiLG
Dm2hIO3KDTe3KC7GsWrb1,KqHhsWIYyLDKmd2arKx04
anx3A4uzQDdxsQAhSZikl,DTJapKCoqpgmcl4_RUTuC
d0V5lR2CJ59VSYEUuoJzf,r7fxRSQ4dgHrOfPm12KaM
zR63Amglyv2bCHDBtL5tL,ESdK3OYBcS8CJczarncGc
8e2_7y-XNq9AGehdg-JFR,KYmLH90svV7-eCMhKgVBY
zFObpecDyOMJuFnS5Wx9e,1CQv2kQWE-pinp5LC8h9K
LjCFh3cQN-123RoinFQHu,tErQJdbbmqjIQG2XWU62y
xNT9sBbP6PX1chhBhUXNk,dokOKDe2JDt9zT_G0qHpk
fAJzuCDJtm53N-Pn9tpay,zaMK5rcG-_HiCljOuWZ77
k2qcJjP_JRxRewfUSiCt7,_uY1vjQebx3Bt0P9kG9hm
5zmJ2XasAGyygdRsu80vy,JvKQip6dKhHOhqt4MLi9F
9nw1YUUOxf1-iJ3UBm4Vz,He3MbrH798Q7g6FQrsTvT
FfaBmgEs6_PJz-YZdXcbJ,wYNThxyC4bjAfGC4cQXvs
-mkIox2IlX9-X3JeZJgFJ,bYUDsOeM0JXft79VDcbua
Zu5Z2qcul7HucrsVa2Krb,SyCXmNMeMXDJGNGxoHeVU
eY5VtwAtThpn6e6T0xjy2,kjO9wr1Cyhs4x9_DMREFW
dVl-DLzBCELkbE6oZq2Ty,Llroa0FplrPZVWTR9I99i
zApCLjw8rNF45Hdqsr_Rr,LOLsCHWAjK3Mx8WI2RpWb
Tsl1PEsFUdAwvtol2b7Zu,RGQ9inP0hui5kxLe8cbzu
pGt7BapG92LXmN_gWkTHk,iphZCgZNIJNXMrmfZ9AzN
0Qppt9suaYnwLSoEVvax3,zx2aYsKnVttYZQWqFOkRq
3eg4D0TlsZbb8nJhkswW-,5wRbQfOF-y2Jpim6ezp1m
iaBywWvnQfFBrM8aLoh2L,5btlvIRacEcx5kd-EqeYm
VVwVc1Kp7oGjc2S2FbSqH,cvdBj8nR6dIfFfDSxsYAn
8Q2rEzQ7i3MEkRw2LYZE0,Z6h6C6qEyjuR6aEk4YDO0
NYBXuH6JjA2DhzhawJtBM,50fhtQEQb2MFJUdU1_Y5w
k0lZ68kGTVotiv0WXmIV9,erynSfVbB0U-LZsruqRWa
Prjicr1qZ637urrxmUMGm,osVarb2VDL9Qg2qMNi-Re
h6a_KUyZFtRAhrSKZ4Zxe,J9RXqiGIExcaZE2yMgrDn
cp18YTXvchB-Kh7oOWPdQ,C2-oeUyylJThXe_Z4ImXr
V_6iapMj5BKvc9y3d4lH2,FJfVavq9HbXH5TuEThEJj
QdCJVEQnGi25soLgNchjD,MHOcl6GKzGvYhFj75ryTw
06aesoX5FffQlSv9pbcHx,af_dboUJpThYjLiQFUC9f
SagTPPv9ZnLMNszjYUHWC,iZajBdsqC8uDDDZ1I__zY
M6oGfceyiC90nCdQFvPRa,02GHoObMdkUP-N8tTUYh9
AFMtSu3JJb9ZOYndr8RoT,kXcmSlZPGXh_eUpn1aE4L
fp-sNUsw9eO7kVsx65SXK,-Q6x_uTJeQO3PXBiK2K4B
e-5V56E1L0SFTpMx-gHzs,PfK_c7lYFbsLXQFf7fsto
m4VlGKa5bqzVujpdj7Q8m,pnigG5mBuUg-uSEj05xng
4fEQ6HCOPsZmlsbAst_Ni,LnFVjdyCHJCSrSy-9xlK_
Rhq-gO8IluEoktvdCt5wG,7N8f9T4hMjDjMJcUIeXnA
S4RYnnnwTC9oYI7ALj2Ig,84fh8Q0DmYJJIcBf_ZSv1
Xcums1agW7ks3Yd1_sz5w,boRTuGx6VlNnYazwJo-Py
4MZ74wYJKQVsS-RksnV3_,XM9qIsmHXgn5PqvfoAixq
iWOZHMfigb3SXW-S3O4ft,aRDkLPuA5TOBSJYK4rMpZ
CtACt0NuKDLAiwzAB947M,w1oXu_cAWd9NMHg4nD4wl
Ei1f9s9hR-Stpxt206rEz,FUJEK9GnnCnYrGwSmP7Ch
Na6rg-heFbHV9bLoeFLf-,dt5ePOMK_dTxz9MOeSRxM
2lXW-f_qEmyD8nVvau3Az,wVA2tYafIUCowEtt8hTMH
YXajXCxN1y0g0AEhwf17g,eXpG16IVZUuV45QJZ_WLH
wIDdxRp5yUjDMykNtXPvq,XePqDW0gGPd47yGre2lBc
YztndL3UB_1FpfbKAp-ji,TDxnvqjazOQ7lu9MG7TX8
7EVgGQi2vw99BiGpAO998,AvRuQaRuDJKScUXDu_FeC
RXJBMgBhrx3qfH6Vz8H34,kzc52jRvrIvsmCDCs1mZi
xVqXi7SqOlR_p7Cve4QbE,0KR1H5Ml1mqrbfB1Ubi1u
bIDPDgWGDO5egRHpydfyg,5ffzHiCOW9eWJ2Ftx_r8M
N7OYTqZQX1FR5U5xV5DqM,EhhwUfMF-6Z6xOnq8X9Pn
m9LMt6N7qUo5mzzwbxjHp,efdXYgrRcrrSGD0dGSrPb
QEFddY5ejA-X7EE4SnskJ,asa8z7dQIwJ_ordSf68NL
4z9LMvcYwBB91LsN1hU7L,eUsjo90HLUUSnAyqNr1SI
VOQon0DM0s64qk94gWLeL,kk3eOro3ybfrUGgJTHaUJ
LuC4jRlSZciNkr7nvvHfV,wBkP5KKICos_eNKbm_Bw1
7261TmUAfu30nQO2ZFWK-,B52vZitPopz69lZufFiwP
3a5X7BSCApasFjmkyVqzz,CIkE9gCkw3PP9FWoqNskm
Itiw_93NzYOwZwwnGCh9u,R6MQH1PTmeo-g1Nw9yZTa
0-EivwoqLVYDtnJ1CEoRB,6ZEZHk4VSL4VLvZQy_752
01LMDbluU1Bq8ITOHE7OP,RiD951cXgpWmmGfU4nsAd
TDLH48GHTpaE2qEBcMPsJ,EcSGmKKWAIPp4cNapoGY9
Upn27jjAxKE11nt-D-g8G,6ik_CucDA_lVbFWpPeDvg
Dgx5bRr8oBjpm0e5uNEeL,KVhKXbsuIj6kuqRnQSOI-
1_u2sxDeSIO9esyRv-ekt,JEZ_igOKbKR2bRyPRKFOa
348n9dgJeSvEvI4ipWLOt,XjYLMFtwS7VOmB9gv4gVy
mmK0t0D83Sy5Rz3lOedLJ,KktCx_ogR2ILf5VkGmXJk
aOPMOnQM9dFqGLA5rZM_S,TqMG0KzEN8qqtrIxygaM-
rj6PT84DTw2-BbubaAutO,ndAUSsTn3byhL69za7Ms2
5GAhC-JxIAdr_ok_YHvJJ,F8OM6l9jAySWpetVhiUsa
ULfz3fz0q3rCKjiNsEYmz,3RaXhtYaGx5YXIjkGxQW3
MPI2938m9ZT7_38d9zzWU,74rmBzB-zImcZDNfYggWi
f-VKUJik5oci0c_Q-070D,ZhZMgsRvNjXP0AJk02GIh
dLFrn2VjuKuNBLoJzcM7m,G93NA6GOoK6aMHAsr_W0s
lBPtaej3OtXVeRrVm1c6p,TkA9Hjf2Oup3nV2cw1J7d
l4Lz_MbtUFp3k9d_mq87I,GN-xl6a3zjBhanzb4g7q2
Tt0cq1UIG2sndZZS1Vcjq,rooXsesp9pfkQIEg45x86
BDdu1Kjno_QkkdyG3lo82,zvwGk5A1GU6vg9bSMDzns
urMqqfQ9QtSG3kDQrIQNC,qw2XTjd327hK5zsyLy-Xk
KKIgvr5dfXBUju27M0Toi,AeEcf4QK66P2Gqyws9Dvg
T8NSECcD52_bxuTA_fwuq,fshw94NB3l80N1P64em0Q
vH_MgdV4oTTWLazYqeQVh,HBRmGbhmT02i-p494OvtN
7h-kp8m5GRx9K6hcKOsW7,WcSlvFYOpAm5GzZ1MGXXN
tganLLsFf8wOJncmvLbPk,ndxrCFAXL5xXfYFDAk_cg
O_qAuAJDVujwQX7Bo3RkU,0XT7EcjbqgD6fnYEged1w
mDyG-y_hsNcpEteOvSjif,w0uT8YjHa5GqC1EuBnozZ
F7SeAh6SJ3CCt0cVjMyev,hY0kB4-HLg8foaAolaxWk
pKrC8jW5rO8rdUyvNwEpp,_TjKzyKXG2UcYJMMqapgc
4sylQTpEi_1Gyoc7XPj3N,i_JWc7sAIblm375bL1EQC
DLdSBbEzXcTh2u0yGJCHN,HY752--qBM2ZW_FOTGFwy
92pCOIINO71XRjP3Rj79K,2JwNtlFsqk2wfgQa-T6MF
IHjbBdKKM4d1xxdQknSfx,f1gqMxnqsCHIOZmtOKnfn
slmGS8_AU9uWiJ4SKtdr8,mt20hEO6rIJqik4eypc3A
uCOuQLitxSLo0LZ428K4d,P-MmAHtR7PNOsgXPQdhKK
4JiF20-QKV1p7iPH3_-3J,n5cKIIslZvIypmnTCYNl7
eMprZe9u0AgQvwN_idktb,sgRumDxRqoGUX2xGMVmsM
Ti3i9XPbQs_HfqNEsl9OG,wQC6RHJSGS1At6ju2rYPg
xwVyHf1klXuRFCRzPHsch,-hbMtCUtY6mcb0fp6cSeT
JFWUXjtN2-W1JXjuBWuPV,56QNkQtyEGwc-8u6Rr3AB
8R2S380srUGhJPghYHPOW,BbyMLXLnn1IZAUEeeg-bY
Ig7DAL8xnnxVsLUb7T20r,pOSF61xCiRpcTOdGmPeRu
mb1OWyPdt3mtKGjw99JA0,QZIWOFQRsDDMgEe-2-AR7
PDExJDAD9BBH7EuBWUSPm,D889Kz1qQhQsnWXl1GfbA
W7uOOZA7rO0511U-TsVs-,_1aPKweWgelFvpRgqcWWg
8eyPaAUMM3A5ECDa8wCmM,o6dmr7eCI9x1bhAQXRIvY
pY80UavDo1YKG1S2KPsMC,vs4r7ljMmRo2Kjl2yol08
20KrgEeSHOrziKpFSmInO,N_W9jqKfAPP05M-RZzPLW
kyqMwltV6I5m121HRFcxF,3JLl25keQmnTASBsDdpYO
roTdHjZOM9mKA4e0oYl0Y,el8m5UZ1nwtwCDRpDperL
wOqo4hBZhU1yqwT4htRuQ,dkZ66zV6Ij3Sh5cGJEpAk
eLk_-7Ji1tOMpV8r-AFQ8,mee9H9dAz24Zf1o24RsR7
A98qbMQKibRh7y4LEFGxJ,eLRdJg_fA4FJGkmdUpxVu
aaxUYxOau6EsGj_YJwOXL,kNaIEecc1E4FO2m9MonoD
t3HkGvYeaqFLPK3qlJlBs,xrLX8simgk7skR4_NJ3q6
MGaXC0my0r09zOPEsYqtn,monwwUYei1BsitMqrZuS3
MjGKlmG1Xd1j_ipduov1u,2jHsz87eTu9RMPOpHNDk8
-AKc3hsGlrZ7D8u4TxTBJ,fQgZz05pfhH3JVtSj3ex_
coYgWGjP34nX7620xGXQm,9onGsQMl_nGNjsOlZqX4s
xu0Dn8NyA60AT1neMJYCe,nrkkm9Het1DKlhe7nQQKX
lHM0bFo9X0pLZ6W115URl,5T7gXKrje5fJCTfF2aDUl
cxkutOhb1fxM52cW5k38Y,9H8Y2ZSpHBdnj_TiOBhnV
kv1-_JWm526IQJ8FyN_ez,fyecrF7t9V-qehKSq79FE
xDiESJeYbH9ak8zZIE5Fc,O0LuRkTNMRBjG6ERVlW6j
7epweKQQ5Eu6OFcEBCoHO,u294GCt_t9mvbMFKlQVrP
5XGV8SbZDVMBplr_BAWc6,u-ffwwrlvDURVnzUPdwFI
In4uHYVZ0pJY_zMyFVky_,JlAk6SObogHj-hDr5nPc1
WgQueZeOxNNlf62Nfyqax,dzgw8wcjiH5w67nNEaNXS
Gz6bgbLIHOAtPjxwXcZqq,U2FKQ3lV632KFS-fk0cC9
AcoXHeo0sC34ZgEtqzjLd,Z9J2skYJOVGaDmzm0PZi8
M9-3wBgaAE-RqMFyhUq1C,vfNvgCqw1-cy7zSPFsKJ3
Cvkox5ElNhMztdwM2xbQl,tl-EEOk5Cjvf312SHbh7m
Y9Rj0ZDrINH_gQ5VVvuaS,VfnmLsHbv0QvG28UXKO3_
2tHo_GS-hSdGYP2bvl27p,I653FGOQA7yZY_OEwaNrZ
8bkJC10Zzby78wcT2cZsN,fq62w79uWj--oHm5k2Owd
ofbUwlu8Cr0r_3PsTTHKM,VKt_bfKvOUcY3CMhst96X
gxjOZ5P8ljFYCozHZSmZV,yxIxHozREPN16FZyiesJW
g1uxujKbdXO9N-JzzmI_r,s6x6oAoO4A39hP3sTlgdv
EkiPJ4uLDxQfMaRmb9Ns9,h_NfZvjXYGzox7Fd_BoWZ
NFeU8MhFXD7s4174j0WmV,36rwMuK-_HWgWXlMKBhLo
nLyoZjvUuiY4Jpg6SEI_h,GBGM1VXbddWTFVoYWgdyp
q8bcR7qPZEGwv1oMG7Gh6,HE7dyOovNDvbwpesfSoMW
wXW2FRNQDXDI3HT0WxaHl,JpQ8i3ZXH0VeGVD7TU9LE
LNbVLWmesNCzNsrgUH0Nq,AP6F_evRotYMSYb9_ytHk
UCJX4XPazIuYKAJIzV1Rs,czkB_7cHYCrsTM9kQNvp6
ZGzpnbWTw5DQ15a_q8CxJ,P4ziY__hQYBGL54D3ba-g
c6GjlU64Xi42xry5puJQ7,WEHG1OnTpikIxSjevwvtF
JKeUSuTmJnakihz5-unf8,Od-vcCDJ2x9QejT3M49cU
pOptit7OVkzyLbZ9wdo6f,7iHkW86uR6vTqTVJY4KXw
mVW8iJcEOEyK3kOQc4wEX,H4vVa0nwRlDELeHK7MyGH
X3VrkbMg663JWxDHNrfjW,EVvC0khMMXZuwi1YhmaM3
LqYKYrJ8njL7HkbGrUAYy,SjO3HuHTd7uq69qV3CbQf
Nc4oCcxRxyQgr-6B8g2i4,cGnFUnuOLEdVnqdFXkgdo
BK6nQUq3wixQrpoF4ufPq,hPxyLK2mLmtb3xJ5WhwJ3
yE1sznYkQQJo8w6cIs-Nx,K4fB3Un2mYHa0d-QpHUn1
wGeI64X2rhWWqDkE-zWUy,MYmUJkR-7BOie_EWJ2xNs
WWKNDG32eSPkr5pUaJnDj,PvldpJockpgXn6vlA9gYn
Bl0YZF_j7Fhu_WAwbBXwj,j3soZkQjBEhwdzDGDIYpw
8hdqrVtDaUVIjMj3l7gSf,iUovH_rWxCSFRCxct4cT1
bNE676n2oR4QK4meGewPz,nAB_TFFs5mR8qrAu59CzW
4MS8GCoABFMuc4OggAyHp,aJ_GxpM-G3B5bJL2gBCq-
yqpZ8Rg0KXuB9gh5vON2P,tVKwkwf_zrS10G2JDKa5w
FJAGcyzXPOYDxTA5_EEoI,Y_kVmMn7QWj7c81jfnXTy
_EemQ_oGx_aAZm5bU3jBk,At5ZUkf4qOC_pYJKupx2Z
PTHqq59DPaeSXBzFGEG3j,P3Z0NJv497J3gtbGoD8-U
-QDBVxeBNjv3GfpGpQhg8,vuzUC2ryq10FnJ9ppSYoz
9KgriCQTTPn_RyetOqGT9,_7YkF0Gq7xsx3pqwdZTyH
vUL0NpcFeSyVvB_q7NqKq,KUQY1iZS2HRN6IWZ_23x9
9ljMy4fz1bZ0u-6ex9-wR,MdY30ZdwTmsmq7aBWa3rT
TJrOFh3iHrnXamFWjGyz_,Yy3XzAMIgsnoG3_4RhTVT
ihNTmlyOMmplxUiYiFuTo,-VyBgCXMjTpUwRx5v9fqm
5cJ3NzTyQhsRkV2dsrrhc,6Sx_W9UAPwwBpBtvzZgwq
bucpO-IzOv6PSslCsw5G9,_j0exe09RxQ80emAfsYiL
ucVsCg4Hhv0yyZ6dxQBFE,sEjy4U7OFxttz9DQqRuKY
oX_0SXnrLgvKYTiIRI6aY,-6D-706FXxJSiXnmNZqb2
tGLpvI0RgjBWgKwa-EOGu,qvILmmsqQ5ntVdvQBPjRK
dmeairZTTimTrlB8llwLk,SOb9j6EXuLzzg1LBjlho7
f5wcsdFfTY4DPyGutc9tU,5-dz00GoS1QPdZgxvcPwM
0WEX9zP6DyU9gmt0wZDXi,Dw-6VLpMU7Lty30tbrZqP
V-kWj71gHTH5ExkWnDU5R,7GJyG-5Cd4aLowCdZp_2p
uY_Ci1E58gITCNekIWB2P,3BDnkSSbKRMzir7R43yjR
nGRkj1pWdsshczIriGWAd,OUUV98sjKVFThiKToRmu3
8AJ-qvME8PCNHtqUtSEJm,hMifxy-RLaQ4fqsNgaCmO
065fJJTus40IJbV8qrQ3c,AW2YhtbGokALf08khtDhl
RFPn0AbbNN2T22aoqU_No,CaDQNfP2AG46IxfAQhRtY
2RKhRnfB155JYTYY6Duci,sS_iMfK7-xtVt9sMwrcw5
c3jE6J4anSwBa84qfysU4,bHFe23iDaaXdpFZKeHm95
0EHgGg5TNVUgksghCtJkZ,dWz7BMiwgLBj81W3x1Y7N
vSUoVq7JrJ7yKovbZBllX,0IY3kHKFgwC2eJhER-U7o
vcW9TbW7cN1OMjE3_ERaa,CC05Hxs56aiDhne0EWICu
kcYwHktQQdO4tHAhR2_5_,QX8GCRVJY7NZJXCd_WiqQ
u96BmoPIkiLwJfEMaLlPb,D2Faqg6KqbDXM4ZeO5l25
nKtWQVtDzWfZA-OdzNdgY,GMLki8hbBrw5W7bEap7oc
hm9jR9ZH-7K4D3MlPT_9M,AvGMgFO9jtI01N3qIvfj_
8x5EvWFtrfpNln4tjr3Lt,rGi7lOIKvSu_v1mHhm782
ojGBGRNVByaVwmMTWN5Dp,odBxgUJAu2_eyTHjwc6nE
M77T7tveBRD293GaAk90q,yiMLDNXm5nC-ixDLidoLt
CwcmQQHbPRXUT91QVBos7,ayoJhakgOD75eBqDZeRab
SjiYAqwUc2K5Q7dBRXx52,9l0IMfQ2Cl5VokVlI39nx
LSCzTZCdPV9RXh0I-m7iK,1kFUMVv3R71RQ1yaJSDhU
mVtA5lrkn3hiFpQAcawps,LblNxGSNvSBT5lo9b_WP2
nzoeQqgJbKjhgZLPOWDcZ,Z99CH9_EIKoNRbD7H5JmD
8U8KxdYlZoRulG7VN4HPQ,N4TBwsCRLsdf2mSkSnILz
6sQz8X5S9OfW9dg72HeMx,wT1XPIVBzOdn0ak7ILKED
FNt8GomRXmNinYWgQ8YZI,h7Y7d35mqyzwcoqRNSg56
w0UZH7AEBNL5jubb4cKJw,zaNOZ3S1cc_dmCeNl_2eA
HOhaln_WPz8pneKt1-LPg,lS4ZlHSwn_UoHCPii08gT
U9Czarw-N4KdNobkNBCRE,JX81X3HCeXO4uFgVawF-4
VhOTBmmb9xwC4fR_mTpSl,N_mxGbMCSem2MYDSX4foO
nmaspRfGCzWEGGDXH6pP0,KacE53fGALLgM_0vdBZ1i
wsBBsqkfewWtpbQBj8SRr,3DPMLcvYYLpSMX3Vj8xNV
sakX6p1spyzXKxXIEnR8o,vULJqbr9-AdmbNQp4_alU
tn70d22X_cX_osCXKBLQh,seG2nnLIyLg9uED8Wd-Nt
En568-0qIvbY_755YTQw7,rypEEtHqc8uSqLAMxoMWj
U6WC8HgiVB3NvUwlZVxIV,XFM30JwP1Ko_MK4u6AAx8
la74C_iXA0dVOXPctJPH0,V8ThUYV3KQhwn7d2IhEa8
LU-B5JJ84SeNXts9K_GD5,XKfPoSGNsOLqTG8mqMUmj
ywRAwAHXB7ea79qCbiRtN,7tsxEroChAx3o8Slom7LO
POQn9toiBIbASbENPlJPZ,dir69R9zE7SCu3tqADoO5
mHcsVO8hAk4lKkgfk4zP5,___-ZyhCvljhoxO5wfoqq
9AQBB3kZcWSoWzp1_R-sV,3Tp_tmPVfaj7G3VEtn_Ow
4bJpCDXBN3WDkByRxhL2q,EBUPDDKS2W5UT3QElotXe
sPmleIOUE5UTmzVWFy7uQ,0Zkxt3NXb7doQQarRL5BI
MiVK6H6X0MTi0TM2i8Xuz,ZUCzJtkJfkxYzMma1A6OD
4OCcRyrpdJIY9rfSQlSAY,0J_4wz_ADPLBq45PmbBLQ
MBzFe4MLErDqs5l9L8ZzF,RngMnwECvuARg42y1kQxM
YtLMW5mqBnsjT7YFqQ1Eg,aPrAY8yd7dFrmScwank17
o_htgppEhXE1LZCRKQe-V,4XKgSIZ_mg3RcY4wj4l4c
JygkZbj_c-JFqhhHGeMEC,oEKl5h7L26kTy5NaGpCrf
AfRFp47dWq0cvjddKFJXT,ODYTeo11rIGFGHNgifRz8
8nya5iH7xYBFoRGnnyhNP,Ke6A7UDkBYQWaxkw-JWVn
l1SetXqWjhvV0zmpKFbmY,FHxea4uGbFWWb4p93bz2e
-7WpwJ6o2NDu-O2vrp9Y3,zGe5K5VZ01aKfICrO5c5q
QA4rIuhxUY-N_ONpKoyrc,bR8n_RTXcZ4ZL3pIJOFk0
pdRMaTzvd-ko7FxJNBrnb,RU0olfDVtf61QGRc5fCPm
sXsUq20zTbtxbBk9Ls5nk,suIED_r6AXGzx-BWlycP7
sGdeqJVH5wBu70_UyUjVC,dbOw0r_Cc0Ib8LR9EvOxH
7Kcj0IMBEfFp7Ywnw4Jpg,XsRa2qyAR2RZaI3OkkvPX
NS3lvI35qPxxR4t5uB-BT,ww32SkM7cXtaDs9Bbm9vW
4CCEptwkQCET4nk8eJgNR,6Q1hnsBiByhf_bOxUARGa
iusCogh3ajE3819G6LlJj,82znRD9IMRK5KRRKvz5X0
4Rj1P3eV5PKRwuTbcHw6k,vtPlrYflxRim6cNtA6QUR
o7rwJOXS0HSQCUpXpLW0p,ENSauKeFFVEajMPv0YLQS
DMZImg9jXa9qtHS1--KD0,RsW0ssGQp05CPREkX2NeF
_ZsgtmkKPqSsDV6syEBD-,ATCRL-JixXr7j_lxPD9lU
UABd4YiHbuPWX_9ieqoXb,yOdOLBbQsPsFFKO9Um_4R
1BN_KflJHx8MIMMEMoEXS,ZeRdkKXFDkNU2bDEr7Lgj
r5cWZAorB4_QqmXoWZV6F,ds-Op_tnz6PqCY743xTaz
ftTKcCO7-bZ_w_5Iab23N,52y-fxPtYXq9TdWmjg12G
-incYBkb9ueIqIm6OwpSf,WZ2CcEgT62kuH0lM1VjDy
dmvd1vl0RrDIpJfilTGrd,SIQuLsbvbkKoJiGvoCWMz
ynoqz_1jVtYE_aJgix5Qr,4pY3y7kk7hnTGd9v9vkkV
t1P3ZyOhS66K3dJFGKrKh,iCgdUAbLisZzWeFMAYhfh
Fdpq_fN5JrH8_KHGRAuYK,6VGQtK60kLBBinrCo3SE2
4kDvWLcT-wyazdHGEH9pT,vWxSu84yf9LBt2fjRgrfW
USJSb5LsT5nEMNp_K-m6X,cji7Rlassft7P1MXB1NeL
v4yABW1X5xZ8KEuMZ3yyi,Oc6sCh-TxxJFBBUWBO3eB
o-KcArtV5YprfpiHFs6jE,OBS9frA0FBB5td6wGvRfN
gMXqHJKZnAA6-uXwg6Feg,0s3euOfaGkurcSa5NIdE_
qyV-r4vk23FqB7H1O_njw,aK6szWTDAKd_zsfy2VFCM
zyiZjkeYOWsrsavDe0iiN,Pp5SfmFWPZnXn_BJ7eceK
kcjlm0IrA9raQxNWA9Jm2,nBbxcZL_nslUV8f7mNhqd
nCHeYMdZ7wGvmsrYrbiJ6,_AiLtIEf6rNDOyqX-Ieh5
wBuvNsHdk7eWdTIrb3-Fo,417b21S7DxnTEEsfRvUml
sZfEyJyuB6p0GZQinx1yk,cMJ89SsemMCPeUPFKnIfn
WD57O0V7weQXzlJG2BkMx,vC7iX9BcmDAU-tfOxKuTO
7I2kkUle6_P-9RqSa5ll_,AwS-8dXwDITTkBHdHIW0w
r_TZZZ1f4v2_DqyWN45w2,ZZxBjdtgSLr-HvC_FjU33
xXqHx4RyZPnbfbalie3Mu,1kQxjJHoDiHoiYQ4sfkj4
pFBfoM42e5jizzbZELP3h,G_5VtTllIzmYogLfm3U51
bW14Vspv2aq6v-uHFxvi-,vzWw-SjfVwhodni7JkzmO
6oqAbMRFFcuWMUV24fZ0o,SZxH_53uEDuq_Yw2KIn2J
LuZSmzFT7e9M6EIVEUy_m,mnfyhXGbhMHtFfFtMQJSj
tKsjZN2v_8BC28K5Xx2lD,4-K3VdCcAWr231laz7Ufj
MzD6986btfU_jLwq2inHV,guubnYsNDovoszYI-q-Ug
KppUHk5uMl2xC5hx5yNMT,Sft2da73mwy_fxV_DbjVe
CqViDE83W_RQDBScbGg2z,LX38r8RhUpkkPy3LJmqNU
-U-qsgf581Sy0WF8Ji6XD,rvXVnY-1At6KB5MGWKGW5
aRGn_S1ybj6_ULnTR1NX0,oqSZeddMIuqWYvH1eu7Nv
sIypDq_LohDEzUJjo6JbM,R6ntFqxPEz6lZHpChwS6h
M7GZE9rLSCTcoq_SugSi5,HLfkMTQg9hZYl_f48pemt
nQyLhXtb8zCd8-GBolUQY,CGvSgwwKwwiB-SRkQEFMi
ekfP7NKSjQ0J-C28flpLG,RNS0HAewy72RG9NGfg-FU
WVcUAom-Jl-aLcPO2vUW3,qsA9fP7tliNADo9etoDUt
bpJ03yLZaS3SDYqZaf-gz,VvDyoo_CaJoH0TofXnSAW
vw85rR8iLdtBE3okI--M5,4GcSNDUA-ESf5N5G18NPH
s6VRdFpihRE01gAIec6YZ,etVXU1CdgO-3SWJin2OeH
iNGOWSvSw-9TkLZOC1E8y,wvTAaQHlm1RXSPe7ln-5K
BKCfhF56FHpmtWNMYVVoN,8zMXhF16IVAE0Lpv7Svf5
OAY0TlnoNgUPiufVfsa20,eBMkS-KfGHZ9MP9D1Mqbs
CJGUw-oRGkQ4Qv8ggjSI9,CP2B1Kgr0GWymDL5w3uC4
2yaL4QnNRY6XGK_1BK_tE,0UFALriMOVf91FKKZ2moe
FrbSN1WsedtwKtmnLbbdh,a8NX4iFONP8Fiafi5hsqb
N9qoTdKp-4oPoC5SFD0k6,78SrEqC1V8OBTbZfjIcgR
TYPMelCPkG6XW1QxuVXL7,hwScAdA8dF1BRCNRFDhbc
7cyoDNceE2L7VNO--IdsV,_8GPjcz48WDcBwCyE7MSP
rV0baHm6Icwk24LiJyiIc,dsGb8MHmutDnSAorJYoyw
8qR0qzbt2IFkCBcQhbXBs,jHP-5JeORUF1NU-UUUf1V
iSZehy6WD_4uGNXGVTqFi,Ep0np50SkquIkSiYwCera
eOrubR456JUlr1hOc7gwD,eXht4WWclGlR5zze81t-W
EzteqVPDYzWhrqWxeutQm,oA60tN2-6jF8s1TcRfk8b
XZ-QntxTMa91gx9KbZUIH,EvssKZopnif9o_J5HN3iG
gdma0pTLEnc7OF1NJRkUF,InLytYNR8qr56zvFHHBcr
vWqU2GUIMGrkXPXWur6z6,OfR-t9ifWZKUUX2ggtTQC
DCpzNrTtf6thse8kiR6qt,zFa2P3LUxIQJM8evkcOPr
oaWyV6Ac_Lj4qAi2_7iv6,-G5wKr_CZQ3zUwanHMQuZ
-CY2x6GsuwLgZarHpZTEb,PGniSO1_ve2AChRaHwXwH
FcEruVnULrqgVAj1IYkdW,CoRWSX_RTtQtcoUrauprI
lk9bypXDuQB_19OILlUIb,fjoCW4uitWZ7JEVNI5ZQb
k4iQvZQo2ksAkh7pR691x,30AgT5CyQpfFq6NU4aylr
weW676fjVxegsF1WdzDrG,lrwIT54kpg8Hlqkw3nS4P
sv3uFYRp-c4ukFX0TD8g8,7qRDqyLl_pNl7LrUXaYiW
dM4ec7_k10jRog5Xavtrh,iIgfrAKuAT9KtJ3Q8sNrO
ir-LlAiq_Kc_FBKSjNxCR,B1BKZsZMviys2QxSEkegv
lERp2W0BEMcynkif9uSY_,VlFxxQW2EyUJFlM9jHJJd
myLOpI30eg0fzx5Hh2TGl,jZ8y-_FztHYJGY0L0ffSN
tPnWpKfP0BrTUg9F85f6w,OBe9W7JHnJb2L79p0iUIk
jtNbbMczENEt9NyW47y8E,QSDZy6uMv84vte8WaKehL
VBUHM3p3APaTHnwAiwcmY,nAYc8ZO9EjgOU4KRwPuZI
VqjRTwrLd8S1jK_C5Km-W,7wPEkvnzt3PrOICUk5qLb
ooja356kYJQEixrL1b_Db,n3bYaNm8O3YS0jhYauy4Y
hA1Ot-ZOSK-xyTmUv9ASi,2n5Dzg0YN7RI0hQQp_3vR
lIMWBS-jAv0V3dsb7-z2Z,bEfjQCj9AOFBRV3LEEWrh
T29rj7SGhruTtcymEufvy,7HQeaw5uRiDY-OYMerw2Y
wWkJCysJrtQc4Pcz7zPNm,Dv0Cj1L1IXRPU45BfMKPi
j9Fc__RGXW0K1sJU-w7Qm,qUYlx0BzqCmpf1qLT9_3L
cOjObIsb_OB6TLxkoW9fA,-tcmUysorT024CLsc3Uh0
-jcQntcSVMvv-j90-cc4X,t78T318hwHM9x9MdDY3N7
39FONf19chkMO3WbjW045,49ZKelvaDmPIabwdNz1DQ
Sh_reicmIBQnmESrGEXrg,nldHgjDbZq3YiPCmTqJA-
v5FmnoY92yDI43HEeKqzh,tOx6w0jEtRM8gMN2EOv5g
gqcKJmp585-ZuCXDbeND5,b6fpoJgRDKW0tjEhtKMIE
fjU4iUjijvwPFloyBPD_H,DMBh6yEg7Lyw1EvT9uPvW
K6mVIZHzqZKNygJu3z2TA,UrNF5IG5MTf-lkfuzsvxY
VGZBy6Z1ujWRiqWLBeSSr,iNLjEwqd8uDW7OEDBAnNa
nfrAFaEr2DzGxSliCwLJX,nXIn4SDj3H5hCItcY2CGD
CvOOf8NoG84nfj9wn6FCq,7yuwi5eCE95WsIO9JhfXx
tBJ6QLKES9fM37Ok5Bb_n,GCd6zo3zpckPGpwJ3uqSs
05jCadqAjPalfmNLgS9Dn,X7wj7QbPNIzkuUdN50HzK
ZFqc78AlYJblfkfpIDhK2,Jg3lVknVYNJZy3bBqiyRe
kOhxRxbJbIxouLc0Pe1-7,J_9Omk3fjtbwZVJbnA__S
LYJqpdPgJWrsGqoon3BMT,wFt8PUTOTm4ipppmWgLo-
9q50DNySjYVoMxPs3_oYR,vL1KZOtYumw8Rz4i6aP0_
VJhHCj1OeY03sLI30E6-S,ftFVFM2zMMTgi-l_MqOKz
nTOGuBFjn7R7z8Q2-qKov,WLccrEXzwr6eFuJ3kBx74
xz6wErGs4IOclZ3W45zzA,4X2ZYP5TM62wZAb2GXZFy
F39Texx8QGGoNTTcLPfEb,LMTDOJyW7_NKRA8Gr-bdA
8BWDRXayBztEyA0A_ZoPf,bMfyHsc7cuVNDUgjuXb9X
L9Psmh81ShWUJ3dtVu3GE,PTZZm-DLhgzKc0yrQ-rzt
yVTncrh_rWrTseGoUdLUO,3p3F_6f99vATSzGiG4O7Z
QnDykLj4WRnhdIav34kVt,fxD4ODLbUW4qGY4qcWCbn
22nO6p-Z0DXWnXS1YilR1,MZzWC8uOYwQ2sD2hclnPb
_zCLJlhTwMveouEOoS6iI,gVbwvTabhk78GFRPOf1e2
QM7gxnHGYilvmx2OMSGrS,_REZ7YfT8fN_Cg1DFk9tL
BZVLmp_dVITgKrP50y-NF,KyrE9Gsk_fDJ2vnMEvPGa
LMIprCIdFePqeZR_BxR96,wrVxJnW--IEgZLUFKRZKe
LD46wYSLujI-fvGpsg9xl,S5jg4b305cgf47kh5P0tP
1SuWjwStXQvnJxze9xljf,PS3r-GwsMKXKAueUn7xzK
XMJX6UKIhIww755InFgC2,FL5mOWTr1fK6YQeklBsFv
TOfWvlbl0kmyIp93VALgC,Rr_nXvlcJHElHx5QSzjPV
3jSgC63S2mYRhehefRCR1,m2OowToYJuI-oIQG5OJK0
bfdJeXOFmxR_9JzlvyhLp,fs9X2_0cOiTmqnUeurdyY
djMa-hqP7WyDJJcV_Lojf,5TdUfl-FNJZ57jbHwqoyc
Qn40qzW70nLwnMFxBQRtN,YdbMy1ekFaWO55uF9on4j
WBaJsuEamXqR6pfB8pkxi,2d5Vmc8qY8eEOy6b1FGJO
rAIVw_S67yGZgGXbRbryr,pgnZ5nwbxSejWO3xDujMb
LReirUvV1ESFb8rz3gjQ2,ELBsxdO2ap8SUPDB9Bumb
e1GHPMd-wlJ39nbVTC3xt,m4jRtJ_s3zBJ87iwXGTgq
5V83uXquDY4x1gIzaj9GP,KyTPr_3DJUQmEnCWM7aYF
cxmbjnLhncrTtQnCL7jHx,kZkEdWCNLf-0wXVMRPXKd
Z75Ej5rKwG0kCUCpSGfGg,l77uDttHOT40VGYNFINuP
5JT7L4D5IHMCGF3WefuvX,yZZD3kWe4fNyoTXW9Mnfh
1pTTl1br8q4ZbtuSi71uA,TC8_xJKngGW98QSsg8OmS
Mxr5lg3jtW8q4UTAI0t3U,8fPjhadiY5RDIZoFbWDFz
3DQFODkEi27qPQrIGug1w,Rw247T_pv8Pu_vpTotnAY
X7bbO5ka30i-eGGTQuBmJ,RnhXUBUVHiY8PMaRBdQ-E
aZ021hnnYeJRoUTIYEP97,0z7KvuqKKrgJMfH_xVQSY
xHDZFrM08K6h-MJFrYmUZ,POKOki-CyelmqnLkpLtVf
wk_zX1fSdn4OpR_nAtvVY,kUNSBVIwd9I2D8FBEkQTP
x2f1DdtQvZntEix2wASe9,bQuUJ1xGbTajagHCrWyCH
CwP03N-EgExaUEK7Wa48d,nPyZYfVP-AhsgH25kq9KD
aTbe2pZ7E7mN_Wm9U1wM4,JnZlUiewb7fP9NdnnP_Dd
HvUmx2lrCqTOxatpSSLWE,BXDlWofIXATpCois4HYJY
zdRoVX8TpQ3JsejsJUw6y,hFfY-bp43g0L3GAR0fkVj
9hxCRiLEDAahxF77tlqHk,oRvFGyMhFxF7oEwcK6Apj
TSFIZRBQt6SwGExYcykwL,G_CSopIk674w3Eht5YHET
6kTt_WP6W4E7Wjt8KJvhC,Mgz7KgcQ_OFwTXdongZZc
h6geZc1upqHbi4moJAstb,VDi68siGMQoTFjnFeCYZn
hBUHaSp8ckcMBN1H7hTot,I67jzOiNsqMZ-5PkhkPwP
d0j_OyXS-jo7JvbXQx7X6,T-G9VSSYQjHr0yKwlrcrm
EwVBGQCDVcdseaQy88XiA,dlZeSpzSdGz97_D4ujNrU
VNS_8GY-rwUYvg--nukfO,U1TLtj9040R2DzrykaAVU
D4a54xJhXDX0qPu4WYwDM,D_dDJtZTikzUDTVhmJmgo
qbUxgfUBFCUpHgpELdEid,9D8pCs6UIATAGyxgc2lyr
fcLR2wU0yVag1fC6Ff3rc,OMywbEmaEmcHLppm715u0
Q4OROkBoFrMax7OCe-8DA,f8diAHDmLCwO7ulEuq5cV
7FpFxwob2Aa02lB5HbCW0,xUHQO7wUTMqjNzFNx1JOE
COnN7XjxmfTfNPu1yUEuc,miSfkkA-cfxOK_Hj-AJqp
04Mvruy3OOH68EVeDuCxC,AAyI7k-3NNXDDCNLm6ELA
SGjv010D20pShVd6t7m_O,I2HSHQkhAZs0DOtYdfOoe
DM33FG1bit--YRCboyLBT,lr6I7tbprkF9yHvZQZweW
L3elW_V2sdQn_OIUeK6vs,E6W9rN6uy7X7pOg40Z6Iz
3X3VQaEL03hDVbhnzUiX1,4b7uN6FIuCPywnuE64PGb
kZD31kTmEEKKVb1MVEZGW,LlchNZOh4gC5ykfvn2VLT
p4zfRN-ystUh1v8zSXkxK,TfPZN8t-HpaE8tAdGYK-n
JINyG_hnYN5gTnJ1TkniX,uGCKTzD5UNHTKyMwaYeju
K3NIVYt1pjSxx-1MvL4vd,Lq7mn4H57NyGo_MVb9vaI
WQ2huCgJN8I-sQpXt0ovu,YmmFbz3qhhux3xSO54hD9
AJOobvyaPgWw8ui7gSSXc,Q72yzW9wXlQqG8xOX_YzX
4huiNrJJ1pqaMjsCBkj4m,Ecn8mmMRKljKYc9seCFGR
mfKeHov2jNb4N5u5hgRHg,pZqs2WNU2HNczRdnuSH9I
GPUKDB9UT09v8QebKHkUL,F7548BBarajG3qiRCzPdF
uhAvA7iZ_UT14BcKb9m6s,3KT0U_TXII-D39JLG4iYL
3NYE7qajn9c31oYXWx1iu,3WGdq6dO1oaN9fXgICWfS
yxSX9SQOR8U_snw4Fc6EA,5LPKnRz5ke8FtlRKN0rzc
VV0DVh1ZtjE1zZmyFn-18,eOiYPfkg17AcLmbzLppbJ
FkC0JXo2t4NNoRolYOz9B,d-cqjN5ZJWZKe5xgDRFOv
PXbZ0jvkJ0R5wlO_alXcB,0WLk5O1eWQuGXGRpbWh-8
JEKOOGvqlMjNBE0S6ILEK,EAZVATvvqV1dqm2l-kkGm
h8RlCf683RAsLaCOi_aHK,uGRQFGS7z6CjTBazRcJ0X
jMNHJT547DGpyzukKjJqe,Gx4ssPZm_IQuWv9fMlKMV
AeSgIT27u8AEvui-usfdu,QjB2H8483HgBk1T5xIltY
mxqpQ_y6gQxNcf0bd8He0,TNx1qM6LG04yZm4TWHkdp
yXQNKv1H0iLRe9FrONNeM,jGSWzI6mkOEMRuW3FfgqH
aINcb5NvrjbWAYNItwjGb,5UnmY4k5-PyKHfBKmqAJj
ahMGflfG0Vny9ylNgLlaz,1fzDBECT2J9sXky2uJAp3
Z133P9B72qIvHCDMMm6SS,dbwt0J-bg5voFUwxciZhQ
I45WQrz1CyUQV4ftgDvmq,Tov65Fnn-otWUtVIhbNP2
t065Mu9c9tEt0iv_chemy,ffd1v_tH7sGrjZ8whSf34
Z3XyqUKPfsT6sMUGhG_rd,OF247lYj3A75C-embhxsj
L5GjCZfgNxmgovsyL86Hl,tEW9Wgc3SLCE3f1LDUzLE
nPWUkiqjrpYZYcqwREFmR,a03zN3ZPpyK_gPqvA8auM
p8GcG5iSCkN7jlE1RtWBd,9lAYRLBd-X_fUQCXZUvLM
Xk2s3UA3IOo4GhS9wubhA,z_n5tsZW9JW04b9970OpC
uP1HW0cxLVpVj3izEJDBB,zdPga9AUJwveDsojP1uCc
wvgKkZ3KnrjdliiBU-lh8,10clfR2dVmDLRNXL9xRKR
RU1HhrXA6SIE3TxDaocB3,5n45-tJ2sCe502dSlCXga
e4ckYZGGcO9suwPUoRUoO,Suaxq5rJErRUnZ3M5zNNa
WdJQZRQnrOmMXeux3ExLq,18y7id0nxLuU1nsnITjMK
-Q8aKL8yQENoTX7wXl_Dy,oIHZhqxz4hulqZUOtbGbn
44UtkCBYqaX-iAfk_iaqF,yT1yvh-Q9H3qFcU1wpitb
veir-Qr6CDlB1Fdn92VY_,1XQJqKlQ-n4tIQGkg96v7
dwAHiOtnwUbrtFTlwe7iR,CKe9eBiHv4qwS9wBfBMU9
TgJGq7al9Wz4rWib_Nvbp,tfqS8B11zWqh3fWhnl9Yx
8P4Xh-HE7BWHi_BOi_2DT,ZukZLNzlZRFRLJMSXaW_a
-KP-CvhDVjdzohuk0jUmB,oLDaEMck5h-ZkzmH91W90
f-uZq1RvBHmNmalH_gnZT,keLQXpULaqpFkPFV6QEi-
51c9F--jOJiEUr7mwshqs,S7WQ8iEPn5xLlGKfZlVFo
-qdSe5c9MvtaxVBZ8H8UH,eB1EVMkcP-5syf80aQ_pI
VbNQynBIXQPRPAPRpfVwf,jjzfhMQ1aqsCLelIkEXxN
plMiTSA6IBar8Vm6C0wNP,3jwzjvsJzEDejJ7NH8E9-
8jEGP0gZ4WsyTsnUSIR-2,UFHFEwtcUO0yGAUpM05e8
VZZROihWmXTNBmmNYarYS,WhUoIVAGRoT3oH2uZr3s0
C_Z1L-Ow2TjFBMJHvHeCU,iv4aheVw58mgZmmlLQZ-b
WrgYrwlt-KHbHM8cnjw0_,gMh6w0koSf4wE59K6RSaK
a28UrI8mkTAbh7SZpq1ej,Aepx1KQd7Bvg3N_7T2nhQ
Uv0qD5jdhCu5PtsaHAP_O,HMUi8atToldmqoMcmGe6G
VM0UigqXwXBmntstO-MKB,LfCakknsjUvrG5dpfTiR0
8kG1jRDt6ecm1qtHWeWbm,su0RJWfIswWRmUGwKKoba
UR56Pglu_1MbPE3GH5cqN,vuXPGfvGloQ8zXFKjIErL
ET9yfq7LljOMnCwvva2A5,CUj8CTkKi5r6Zmo-pVbSv
G2d82ogIp4AAfs9m8-u5d,efQF0I-7xNuAZOp2uU7VX
_y5hzkWIqfzElrM24of1d,2drDUXMWLd4keyujQS42e
gXoV0MFw_HFDahG5qmsQ8,PM1GUzY8mCGD1a7EpIX8n
fybNa1esLOZC81xbxHFub,39A-WC6UqFjEy4Qs7MPGC
vWrMdh004v6lv_tc2FpnR,YTkazHjSIJL0sJ26Bul6h
fK21ujbykGuHyNjBCQekq,2Ny0LAUdamaYh25mYxN1t
ueeodgxbiwSttNDbdbCqu,gLDEraFlj1DYPjUfLv_Zq
LyqF1BF6A7VCBuZhFixcA,IFEycgf6yemk8MOf7otBG
FuRg5NU4iFcL4YezuAcaR,Nu4SlUTc2Vcq5Jgd5Tkh9
ZOjsth54kjYa01jiT_Ddg,_tlHcZo5f0YcqeLP-8_o5
pu8OTILwfm0KnMJTXwro4,YuD6ENKBm9OPMtoE6uJG_
v9QO1jBJtsgmtZT01rAPH,-J4NDM2To1h7YZQavOdX9
bVBqDRpqsaQRqg9yzUvCv,Glq-gK4TTEviYWZ5KadaX
NeA1r_hYYHruMdfqJ85ah,BMfAKG0Mvhs1aLNXrwuKT
p1hPflzEucHtjqHftwIOY,RZrEfzlUcQLBtdywWtPG-
518gewsOqoDyYe1AGii8m,t5rI5a-4yNlCfXeeKQul8
vpan0YhSxiHlxzTwQ8mHC,YPx7hHfRjJ87sN382BEt6
JBGZa1N884fEwcfpuAhq8,poC7P3DML1g3TmEzyJvGY
Vvw-YrWDLwzcVB2sO1Nvd,cLpD1zZ52vSAvmUiBYUG0
Q-xxUPQTIeZiRpN_X0bH1,TVJcjpr10OmEihMcVLrH2
YGw9jFljEaXy4ajCtlqis,0omzm9W-6bQLuw9TnO2rh
Yv9qz6veQGluGSSooN6X3,3mF074DDEClPShbyNh6ef
j5AgGriieMGBTptmUztcE,FjHFfztFiuNEyZLNr1Ve6
3Pk2psdiu5sxongU4j_4X,lIk4Rd1HDn62YzFAVN-2u
40xK3r8UJ1QXEKlddYxhq,Z5FKW7o2D4iMEL190LJTW
3QfvupKrqRKg4WBnnv_ib,oHNs9NwcMq6lQRYDdqxB-
i6PnyCsp0lXvLLeRLXeYh,VqYyDOo8LSWbcdcFYlfqr
ddnGpshPRZhnoapbxIDK1,IjZkfOaT00x5AAUsWZG1S
JzfwRB65o5iJo5ELLYteM,cZevHRphmR90ycyM1YKvp
5ldfSooe5QYcMktiIAZeY,gQoTRqK0AeLfxQ6C-O7i_
6PDUG1B_ifhrSeifZ_lVm,9z_4yo1-rcJ9CaYgp4OXg
ZkR8XpCCaenbJ_yXu4sei,fgsSlxCN5ITgwTVF0iueB
tD5yMPIVz86lSJMHNEwXf,HpZeS6XEglr-CnbmY5ntp
cWADVLtob7_R4ZKnCp4_5,uG8wSPJDUP5zAitmj6-HY
4DrYC8MLO5H322JL_-3W2,hyvYbEw7RclVYZG6Ihg2Z
T2fT27AlQcU5xO2maVbjd,sAn_Os7pdJlmIrpxZu2cV
jWvTgS0TLXZi3dKtcQuTB,D297bxUK8aC2heVCDsNBa
KDRKPNNWFbPn7D8A-F1ap,EKZVEevXKJjuhjYsietq8
VeLt2eR5dD3bH8ezZI3Ao,ASRMdhIG_lQXU3ab5PVZv
Xk_2TL_WggbEUNegI4feu,MoU8QYokbC8S1N3b0a38W
EhiPqqKQkwQuTw338i0My,CJuCnMQnipgRPOSZQqYOv
MI0-U_Ze-nDTTMabpOzsr,yQz9ywrI9h8sKvtS8kozJ
Dp-NH0WFudEeSeEELv56e,nivHi6SxNxC-dMQc4fxxf
Tq2Dy-alb63l3ziroHzbY,7Ln4mONG7lRgp1HEzJovE
WKusiN1QXFm6fiBswd9kk,RYlayXMbRxAahDfpNk43A
luAQUFNDOohLaqDrVpTpv,3WD2aw2zYGBeiyTc6g7cv
PN2heJVxFzY82CGAbZkZU,jOYNvPUEgnU96hcM26bdV
mL9CdlNTq-3vUbxTWLAkX,x_mCmtS328Rc7S2Ety2R-
QJJVxl4xt4YXHmk3s0jFm,_rBR3_jl4Jf4on3khfRnF
52uuyRVKUJlTew7J0XN-h,6qLUJOmO8nXLIeIB-8NjG
pHZbu0Nz5JRkPKRLc3o5s,J7_c4Gr4VYDW5lTtdTSAt
m8Kxsr7iX2UV2sHP8g_oa,aGlqT0E-RcMt8Ko5ZTBsw
toFQMHkl0VV8hc-KU2Sh5,uDAfvM69Sj9pCz-8a5vRA
CpH_Ee7qtNdT0wvUNp2MU,LTn2OHHA1EyL4kD33zxFP
mlTrfMRbCm8ivcuWyo4WY,_Z7KojIicCR_Oyyu7grFm
QRmE3U1sjU9FMbNF8oHbJ,jtNUoYG241Mi5jb_xuUfW
E8p4FwNyKhzx86exXIrgN,Cu4ywwx-JQ06pyer9ttwd
3gYXBQEYb9tW9kSXeosfj,8qaC-6u592cwqkITqnmfn
sETAndEYrfD7dikhF7_LV,KciAYXRFuIFMf5ww6-gcz
lM4BeI6VLgBp4JdQq6OuK,XAu_pvNkAeFUxeSfMIUNy
Nipihdk_n4ydVnZq6nLWF,zCu1IBSORglJuYmVkirOe
O7wBAuw6UQ5hUPd4hTrCM,czL42_C5NoKnGympHu5o9
sI9MgUNaS5MOXdPJPweVv,6y-dQ8nQSwrlVrUtnCMt-
hdluyCjdQuZba2CLU6kBm,K4-6YCBg-eUw4VIA4ow8N
0Kus6-oiNOhCITN10wl88,v0CASyiB7-sfBJoBQf1C8
AyzD3T1AlZpaSunosKVD5,gDCyodRnLUJH9vt4oZLDw
OyQQ1WpyhGa6MgYVydUwF,uEtmMGvj2UosHP7D6pj_V
oxUAEdCuFavipanOKVklg,9ZMsBDImrFnIKbCWngtWK
UGVfWNP_sPWTAuDnsPEeK,rc3rOFpgn5HbL0_Pu3Klc
oyIgzyEwBRw4hUV39AuYk,B2cR2QH6p8rijaY7j0rH_
SAxvXQOMwO-W9ewdTjTN1,jIbvZBnzqK0mlguxkT6Zx
ZSHaen8Z88cY4AFRccQYS,MNin_SEFcO6lxTc-r754O
bHsZOPIP_7F8Pc3ywcKSo,llnOQLX2kqcisk9ochDDO
fSuvWHrq4wV4qto9eDR29,bW5ZEmFbZnle8AQt4ksga
feGZkUhE3uIQT2WpxKvdk,CvfgGLD36EAQfsEKNwkH5
fM8iZYhaDZOxy6t4CrEyo,2mcdCsQ35AM1m0VR64ZSu
f1r9S8tM7Hp_g6ZPTFNGA,Uu2xEqN8kptoYY9qdVM5q
19AEje7nA6GW6mAmvIxv8,hmPDyeo8XmPhqSfz3Ihe6
WRM5yqM1xsqSR8yVm5kSG,njMqXiO6nDvdg3AhIkEWE
k1QDiXszKHxOuFUO5C2-e,iVCOwPH5hC5b1UpAQDL2T
olM3pP4202PcLiP0VI8kq,2rh3GhT1Yv92wph49jK0o
dqEUQnc4_Cylm4I2nIkFL,OSRKo3iDtSwWqEGfvaRkm
ZpA5LWkeI7tk6cVpv9LD4,uuwAwfFNp0lCBbjP3jZgV
Jkdl2cLXjCr4d88wbqYyJ,1QTotZ9gcsf--2ZgS41BL
n9yIRhuOHVsw7jmI_D4Cy,Vr4pDQVs3PriKeYWzPVvU
kKFhHrKSZkobIzrtyldSs,rlBH95rv4ReJOMU6B2E0Y
Ns2Zmq6mWeC_uIBrqM9uO,VOJ6Cb3tf0qS8I-0bAvVI
z3diEmaGkI21_4WGf8nF_,F69Q_Ve4M2irO6MXbF569
VtgRJFU5T3lw7Ugry6ZdX,NlhpZY0ZjXK0Uqd_RUemg
sAOlbAR202KScPjNUu-y8,tnXnMTUtaKKS0Rqrn-wZW
dOZHMINmcMlsgXyqePPZa,T3qaGEl_1ir0LqGLt25gs
94aaQ4stAnYC6UcuMMJ4z,DsGzdbPVaOQ5HlYd8DyZX
LB_bdhsjm29Nt_PexjCiM,1RfIqfvGQ6u9YK-Q2rVmT
8MZz7QDY5jq34DqdprPuM,WTTLpQkD4iOMHtCELLj2e
-x0wP5DHAv4S2HGEKSbNF,qRpG-q8Txy2WyEBudcq2z
dBlQydXT14TsT2IrHJ0Jp,c5OHygONNDrtQvusyVh_B
hwP5ToEncPlFDSR68MpFd,JNJuhkJU6NOWP5fufV6yF
rnLH7RKJwn_sICDtNHivN,NLYGOiqKXHDgPZop7Piyl
nT3ljwcq-fBsLOl8KuyhZ,7TQJi7ft58D4z-HWYmaN4
JdLKKIEgF-pkRevlM33Nu,fs7cg1kUGP4Bhjhn187ee
VcfG1PuaRsb8HtoAcOJ7o,_IhBSM25Io397MOjE-p9_
2K_DzAuDNe4cblJPNZqmq,wBVAA7q-N2WJ81u1FvB67
qwLKXtcj78X5jGGVpTvYR,qLiFWd_1IDTxESJJAd18Y
-TNzxy4WECq_d1ZfEIkG2,VJDk3SLHPCYwTMQ_VPJD9
0PVisnKVJ6FAiC7nXFCnH,u_1z0HGUZ_WXe9MLKjCx3
KCqPGgr6amqmrV-QvyHXS,cOYcjDcU57mP77TYRg1-I
qs7EEz3n_LgThoBcD5ITX,mjmL6SpO19Q_LMCARpIqA
HMf29H42dXNOXHqBcXsqq,rSE2iJmrjuVIWKWqaGZgK
wSDsmCQ12XlbmmkcbGDbl,qf4nmnibB43wthqzAsQCs
Q1wOmSNd-5zXXec-as1yi,pr2iiENZlErrqCko4tx7u
l4xxBHPwp-b_KI6FuSTzw,eTJZxDqR8ZPvvFSaoHbg_
nA95FDm4W9W_W_BIJ2NGy,06WbU5jc7QkfHq4AEpU6p
h1QQ0aC0iaqmnzCQ6oq2-,tKSLYy7D3T68Vbeb2f8IN
tWtULXSmOp5F3j7WUFM7Y,EgsN5VTUWI6I7r4y2AEGk
VE_uWy4MQF--37wLTbaa3,THtFjqpFaFM-L0nvuuKS3
cdQs9m_0MBpWtXaRS9qoz,CYTYCeYnf9o4jCZlX40tn
j3UPMHxPuHZUjMzqPFQOD,hr6Pi23A66vY5UH9JPy2r
GpII-5eJzpQcOVStvK9Nd,nWVmyLWvIdrv_A2g7NS41
PvE94d-pbFVYn7MSbK4Kp,Z3IS9mt6u_2rNqkY7LkaA
Q0ZI7FqKWcaDI2qVYzWHa,ODaHIUhtbEpVCOCG4Ur_r
2Q4LGIRANXcF-6w6TvF-9,Sd8UZFhWmg88EfX_8r3KV
SUi7-f8ix4UdpstrPvHen,Qp9EOzeWUWbi8cVo_gQXp
9WYrIelNiCTcoEMkrrXj3,3R8X_tRIxbnmHDvKCcSBg
pRdChpdHlzoTudzEhLs_d,cCNyYoShfPPukWHZ4PqW_
WIr3rHxkmHR_fG0Y2pOm4,YrijJIQSqMPT2Bi6S_9il
fGyGY30TtDfE8NBYXvdyg,GIHTJD06wkkxw-4GT0pEr
gjlbpcnu1BIJoqFbC1Hq4,lFEAMs9ZmD-SCRaZ8pFAN
o727bgRH5Cv5U8O-JM5fC,UxccCL5N7oEGXLVTP_A_V
R2IgcXvwwVKpX5c--OVJr,M-RhiGqeINENNTldPem20
sv_gTdr1_CUN70mINQMGn,7XDzFXfmkjcNYIVuP5fSt
W3c9CxXLs7OdHp6BAI-xK,_S2CmO0aJO4LJJTh8PVKg
98TkgNNazSFG6i3-Wv47X,23uWGYIufXJJQ3MIAEPCx
_yjKoHCtzClaIJ99kQLZp,0H-ZBHqqRg3uJCZF5qM_v
9kBtNTm4zEPInzjMbGbRx,1MzP5iG-AtR-plCMcDRju
i9UdQML6LzC4BWVTTdOI0,pEBtNBUUUtDguXPDDrtTm
V1t24DoGMwH3M4tuuj5Rd,IfMzqCFWDoe_GAe38wYMK
FWxN9qlh1R1VgDJH2LKt4,edM5k2orv7J4Ba7JSxxPr
sEBVvd0iVNi2euGuLCxFh,I8fs7WaMcHnEKCcEVz76s
5bOktCMYRMIq1-yobhN3U,wb-MVkEUdg7ZMH4hhs4zg
uw4iI6t8qPzi2qJrVZkoG,VdrUr20Xu-qJdks7d0fcT
jAkswaF__Gqm8LZ5CItZP,sn7antOjE8xVimtbcS0dr
OTab2pPbIT9XZ-5T4V25S,WglVNdJHvxagjToFNHSFB
7_ZLJDLlNp2I3RzSTat_C,zsk5j8YZqr-pnPH-Gpgeg
z6TE65uWPjMtLicWCeBxu,yZ5Jr3wYuPOeYuFl4YY-W
rCzaVQq_ScvX-xaq2Euol,Vq-mVLTbQTpM0Rphp4Rto
7kNe131ufYkDsWeZogUo3,I0KiB8S5LH2HI0R1clWXP
KMNTWnmzB_keEi9hNlX2X,m-w6qKyxjHCWkp5QCvQA9
zSqE37lesIzkIh3aZ8G9M,4KRnoKoqZGR8o7HJxUjvm
Ea0wuNLxI2Ld7NKn6XVUC,N8pg9dBAYK3l4dhftfM5R
NPBQjAp7f_KiXMGYI-jFN,ZKC1PX40bL67grbsdRhRj
bEa9FEKDt0kJb3Rk9rLdG,YEj11_wUMpNGViiwXO4kE
7FfhlMkz1vcfWQdiic1kj,_dhnCGBFxs20R961jOl69
6rMYxovKwWBOozvEKYIge,upsai4k1-CTPfvfatVT2T
md1S_GV0A84Wr4kqyngNi,aEM1jtiFJmrEwjqY_XS6m
ZRbImG1szFykG9aCX0n48,402AlrFTm9dUTbkJTpz5a
agSbSKcw5apkYJ3yy-irC,xYRoedVHED4gCLkaIFdp9
LsSqZCEIbHHmkAiv_1ye7,17ZFWL4hC5YROK1Sv-_wq
2WdBo3ot-glH3jtrMlkQ0,8pduWgfDdkqIH0N__oMk_
gPt7m3_pF1A3-X4kE5-wl,5kWbas33CAmu9QYFk8liX
Ovrb7wXl780k3igIhpN6H,yKVy_Rx0das-JRYmW1e0G
lC-afbulYMCplYSTs7vLH,9Rl9Gk5vfZop5uEDN03FA
zaV91VQTmTSpKoyvsRUIx,8Qj7DxOUgzFlTuANjDnfe
ecdOvKZxD6duq_P5G8wn8,pDHvKIRYSCQ3kZLPaRyVN
m3HYDDEpi6mcQTDu7-2a9,iTda1szQIHEjAZJH7C_o6
4alWGEulO30wMvShDtq_E,OOhRhJiO2qwfr6ye-egk_
TUAo5jYkXRhQRLdb6DCD_,KJnGlFSMXiLNcw5sOLxrg
nt4GbO25Kda-aB2ImIQId,Pfmm2mdd69pZUbJ8XuCf9
Lq9JbwcKxXiKXSCZFhGge,1bdfZYNUBN451S9hK2DaQ
EXYhnmRfJ0koAbppE4ULQ,X5h6pafL6JedF6mWymWE2
Os0uNpPOWS2v5WEbR7TIS,E6oTq0Jq48FSMUQKoBBDU
Lcg4uuIReLxV2Uq1TaBOD,tO6TH8d7vmbWsrsvlYraE
oPIenZI1X7A-WipDoGEhZ,cUl_WKzYKOTRVXZbc6OcM
14vg4VW3X7LOJ3DN7TGkR,GKP2aKzzPZPVFInOPGyKA
_1nDpH8BGN5XuE6iyQiE_,Pl0w3J6vd7QOtxR764q-G
bJbJQwAc8rAqURr2sjOWH,msgX4GLW2d7cWyDxH9kNa
rlBbnmLn3PnieHK9U0CXg,uY2Ax5sriSto0JR1Ci5QO
3DSaOOHbW-ezAq7eCTl6_,fFtIQEsvXaoRyCOj1mAm6
W-F18hdPW3Sm9YAlVPlX5,UfsY7uBL5Alv8gqQufy7m
idm6V99FcaDQZxh_EDPIR,eSM4NiG2wbZCvpKtHmZUF
xOggCwMUhzU_JrmruDpol,d5ZROroIUxf53sE5QYg02
V5VxYuuw3dIQ9XzMhabAw,f3-iVCG9laMWExfzcysth
xE-MMDvrokIlzSsgyr5IJ,I4HbEifw7qkovibOf49_g
8nh2fjriuIpTd9-pjSoG4,JPrZTas77osKRPVcHpEB4
4Uz04wITf9kqmF7raVzNl,Exa-dEfjkJdFYQQVA1xZp
U-_VdUlAIKLVHDvM1QDL_,pZIQjPNPFjc_ywwWJ__6n
cGCdXxcz3pk_mjpGE8RV8,vW4Kffafr1UxkbCNapVNu
dngN2DH2ZAPpay2tPjPAY,-RWbNNRiaLNCTHYm-n6H_
Frr458PNg3Inf38zFcEJP,iFpfEa_tOtm9b3bCY-6k5
GIupITLUUu7AxzV7ZBofD,vPvD8S-QyQL47Q8DSy3H-
aiUTV9AtthY9zuZmoYo6h,yzJIncYKC2fv3p7IIT_9u
K65Ogrvqo8IvjQTRQKrLt,4ytJTFIypwR15Qy2Wwnmv
dnB_RS5a1D0U_RvFqevjs,3lwUj7UHEpQ2EiSts3JaZ
lTNNcs6h7G0x1hXC2Jbvj,pGmWVZkoPuCj4IeAbo2lP
9dd3PmLxJKcMIpNL5PgOi,1ARTPo46fhwA5Ppx1Dpck
6yLFMRmw4148ku0AJe6fN,HM-AGQNql5utYxOA9T0iG
7L8PFDWHtYd-eZtfhCwVt,SBQiN4D3djYbxXfC0NRkN
BzAE4r7b9mIiWmFgkJShR,36Hu9F1WTTHU1uPK0KdRw
9XN8VGKslci7onXnxxx3d,c41gh7inOmZkWbwfbfwaJ
bv2MQdCPEgANHKEE6bKP7,LsyKkf6r2gI2N6pCm48as
lPNdi9qWdTSuAUFXWuTkH,S3pLPXI0vmIvOOVwQIU1J
2a6Z1aO0x7uxajkuXqSTG,sfLkGLIlNMZ0IDu7i18vS
aQvy25ifoEUCH4Fk6zwOs,iYbvPlzT5ylDCAtHWcewx
cNAvp_r1bpUtH80itZqY7,2xcy_h8tpoEESSR51j2mk
OvCEkddZlgpS3ccqb7W0G,BcaEYYudRikiw4Q26CaB5
fLCiuZyLuEC6uCkd5OsV_,QJzg6lg5LzNnm9G-1uvTv
sIQNdNStP2wmrNboE28i7,013a4YfTLcu2fWZdqNeIZ
FjUQ8Q6fMk7pTVqF0I2x2,7GHXwcP6hXfR2VaMkvwaH
TSzGi91hc1I8hMy6OxuvK,r_s4P_n5gkuLxlG0-l9sr
wgEyjKb3Jp38KCrqJZlGH,LprWbEUy_yqFB7XKapqsN
zuidhf-PvfMVhbDvGVKpi,KJCZpUql-vj_59-VkCbqa
axHDca18_pOXuqCsZ_rIt,mi_P53aK5dNpig4UK7ZE-
F989alVglxSbQCvO4sV2k,nFC-7WtnzScM2dRD0P2Ba
YXFjeF5DF7J_iocxsfmGM,ebxleCOnZEnUMPTlN6jhc
awF1bIfv3HNgdevLEbceF,HjbCvdYftgCqxx0rfcMcI
Si4jDL78csHk3P7jvdOCx,iaXBGkqrDS6ev41JNJl2c
WoD-VYOx0aR0ILwLXgdn5,oz15Cj29ncU4fn4FQ08K9
S-J7wqkE_YIynBxJft1nW,9inwG6qoagAxxr9sJzgz8
Z8c4d-zNPsOteD0mnf5oj,KlBEf8rbgFy43NzUuwMLx
RQpsv5Ckp7GuMinIH6oOW,NRZEUAUrFFEh4B_cjNZj3
8XigQpIwrGNCryKx0Xg_l,hBbcqxM0B_ZKRFfdDO5Ey
5xeKfEOwMWz0HhdheTX3p,_k08QkhUC_c8x2cIY-TDF
_NpoNHvTFKLbTkXcDiZ8s,B02V_uF16acYakcRF618b
vUH6wuxPfEiMimVIIPjbx,w1GLAqhIc1z1JS_-guHl_
ob9-_PSsXNwnUg71BRfBc,vHqcT8PG28i8A2-c_cDJV
nT8r7Bi2w-fbp_UuAO2BP,PG8naXsn93o-UUxSGpi1Q
gPY88lgPYJwsuW2XX0vJj,pYTyS60kR1o6vJPz0m1O6
lpSAojJWh7OFDjsDSJxy7,Br20Ts8IkRK_N5L6Z58Df
NDwg8jvJn9Cw0gnenwL-7,ktqzZS8FZrHO6xDwUuGiN
xAxTwX2oMqC3iSc0UiRG3,rJ70Zmpqq_u973Vqy57Oj
EN5tOZWbBLR9eo_d5-M7k,lPjHIkEpNS-YXReBor6O_
WvYC7mhVjNXLiY2tD4Cnh,JvnpBdsuWolpmXTiLHLPM
at0WLKUIO7WNJM8V_NaZ6,2njcpOf4fQS8RkaixPYTr
8D6OjLb5J_JdQLZQRgL2l,k1tJWhBjLtnRyEvAPRID-
o2eHhwPNzrCC2kSX5OKtb,veg1kgaotGGgNmZ9DpKz_
hdeIQGNY1VbPALhIBrCBU,Ykklxl50km0xCYj2My6U1
zaCJboqWIzFLG0z4IYB6x,ET4prNdrtfw7ED0PIHkNX
inZTFOUveK8I11rOYbRqu,X_ewY3d7yFsFiN8LENBnM
1-kj7noj0UbE0cIKgb_NC,zWmKokY1NXm94n-ffXR6O
YXw62qQ7YpW8yTV7EiN1Z,yjBKrVXgk64Uf_6a2gJkX
AeHlE0t59-9bz-CGEx7mK,tg_4DBiq7xJiBQ1c6zv0d
7IVx2ymLk3MtYtneWYSPU,28eN1E6XtKZN5se8HLr3f
yu6HorY1yTASU9TCtYb_d,pc8oiVEOP1x0Gsxb2mErG
AQrMdB_EJCZdPOu2F6lsJ,OIRA_cSj58-sLlX2SV2zq
gKHUI5ud6J0ro3cBCZ7hH,5zscvrjiSGToCfaNr_Ggl
ySeEG5ZVe4L1AabWXPZR-,nkQZb4d07HSdoe55FRW0y
-36msNRsGQ4MUS7Quw4p1,XPoQVlBOZb8AnC_78oomZ
D8phCLCyHROCHYmSqRCtT,MiYDoPncui1JAwSZyNIer
ia6bq_y2jbQVkOYYPhKOO,vLiKqr5e_XpzZGeHf1BBu
lt4r0Szid9PzFetup0YTO,JCXP_tGKhJZyVTPpoq-Cu
3y4EsNqTHDk1zvyvF9ZgC,d7RxUn9H3ENYggJpRck77
qk5ARYXPlaYWja3_gHsjA,tu4eDZxkQablgyDlV3sy9
6dll3w2xM-0s78Aj9tWoi,cebZD3kaPLjZhy-XfJZtb
7ysBUnTFCPl7fq3DxO9WP,TIXUv4zkkkRapIn5p7KuE
osG_RfKjV-QxsdYVgUs_m,huwArbpP-VAvcn6gmN1jJ
KMR-E2qYz4m_jQ2KZ9sDH,qOyaYQwhav9r1L7eL9jyG
KasJTDVf1rckIePvTYWip,DjRrDxDxhG7BHdImDxSmz
y9J1SZVrtk5GWWMcCM0V8,FPyP9tmGdzH89JaoJS2Ru
AWjTKc9KAb5rVa5qgEeNm,OCRgDJG0ALd11DQP4-p4n
WlZDAslBI1hMbsUilsPNo,L0prhMlchqcLTJTKix-Ae
6hkDMvAxrsnKrK79yidyB,m-x8_lNKmaqxJnU7pGfVJ
wJG-oB07VTvbVNM3D4DUr,r-1cHDykie2xRq69kaJSY
Xclh-YcrHdbBpEpNBjPWd,ea8V5Wjg61aVPOgjRQUTD
sU-vLiGlzyG200QxP8ZAx,vPz1i8S8uKZS1VG5tBXru
BLNfvtnwYbC79TWb9iO3o,02uWnBnTqj009DKtA9TDz
8hDK-XfqNrPJqPb1r73hq,iw8Dzli7SUVEUflhLhM9z
QXUh4CuxxqvCSvfsVKH7T,-NdUhBVWUxTGf779RwU0L
lj7JzogydC8qhqe_SKrsT,_xylOf_kiLQPxcxrv6z2N
JpkkMKnB2jOz57JN5bq8l,fXoDmuzi85ETLsM-EBMGR
wkpUHOwEWOd6C5MVf3T6u,Cb-6qZivmDgj85h1tngw4
ii5dcw7UxHcw73Y-zkfZb,NVDPuwtWc5dPa2w8A8GrV
oXoI6v8NIvukhMZ-kgJHd,AKwk5h3aSrGpfSuzWoY0w
mRMWDQt2oBUd79yzO2p6Q,KU0vLt_4WlCanuaJXl3NK
QOTJd7ph7q9fnzAmBwyQf,HP0GG97d6GJAbR60EwGmD
NyqTFVWyeLZfuW-S2WLDv,r8ZmE0LULb7e5s9nT779b
_cGyP-dJRl_tkukQ6GzXZ,1rTveT75SftMrsxMT3Y00
5SstptAzqjGjsWh9M5FUS,iNfd2as47vjLJF9_kTW1D
nAO96_rR9ZQbeVaoBsnsX,9JamhwZy_oEUyxeZwDZ_b
MxQg8DsLMXAJqPDBFMCZL,-8MfoFGSOTnjtj1K8o0LG
CMDOEP33PbCTeRIWOlyuM,n9x-2VnnguOb57zwbyR8A
AK17sJDs6Z32u9qwyma1N,CIvCnz1FTg5nWKlPU9XGH
qvQpxyJnOPXvE8inuqetg,eMaF6Y13ln5dt6D-ke-3k
8rwWFQVKPkCbcqZTX_bas,sGfQKmrqHoeDEhYWpcinn
LMSeeulEkoT8qCFUSluuu,mS_oLl3UGcOzrBnbmcOyR
BWpYhjuD7aGT4d03Kq-iy,nFDAklEhF_JNr8gbGMIEn
3u0PwN90klMIShGCqozm_,DmmvejwlZ4UM19xEsb3Gj
HG-zmntC2M2Q12HZzSf0A,7SCEFLXuawAIhv3SZmL5E
3orxEt4AsGQUHsH5uwwtH,RVYdJD-FO0OgfqMalAohj
3qfi77yLHvcBjrfDVRZ0g,ZA00rJYPID3F-1trXgM_1
bL11LWeyCUA_DAR1HzuJ8,J6L_qH5ZJR5LFiYXkBKdV
QVqDeIit-bMgkOewOxvVr,78fEvCvC6IlqyXfUa2JhL
ml7pvUVHBi7kFTdGM8DhX,nk8Sb5gcTH4WatRM7nDi4
ZsRrXH8A_X-u13It1Oh5w,45LBHp8zXJsmEOqQTCf40
gEPObXiV9zwvZKEuLqKko,6F-W_cYZyMDPIcd9DL6Cf
67LoElf_Z3A_8L7933sHQ,6PYwzy_Ptaxq5RpA5Upw0
_TAIWPzpcTHZfhjDOTyyn,quPqZoFyQkTQ4MG3pv4Nz
ZLUAutaogT5KDlOzF3mq5,BWFTB0qfCrE75ITjqD-7s
2KCmZXEBLD037eDBJIdQF,AUwud0GyqW2Ott340fWAg
Ch0uck8x8GDAtVV31_p8D,wA7vBFfQkQXkjjHzfD6dv
CIUWqLeBGcKBknnWuUJuU,4Kj5zjQtiVH_9ILSU3Vta
aNfwDNBdGJo7aTYS37LHU,a_r1frdJK9d4iqQCH100P
C2nhl0ZHwZ3n1IyQLjb56,tsw5d-65_i5ZOlAajbsB5
5F9-hRV-rVhoG0LQZ0tvk,vi2wjm7UzQYW0C31tFE5h
NosAa2N3XISEL6q21K3zO,fwkYK4ast9_ZYTZBpVshM
ZcMSFWqXpdyv7WkttO6TR,P2XRrLPspGvVtk1DSEn0h
NfOtllUX0caEffZDZofjA,gXpAtKgTrAVCsfYhLJsmk
6L3yzUGfKjJ1Etub6c32E,DoJljGxT1iBVLwqxQTgMz
RLC5D3hFZ_U-_ICniWK1S,OEGvT9ZAXZjKBn6P9b9xn
nEkPIw_wQKvNsajxXAyqf,V8kENH-2v5Nk09xk7sBVJ
9T3tMnDj12No_qBlgS30_,G7WEnnyc2GQiOaK_eXfby
Bbt0jQAWGT9ggC_CbzsCY,qEGHmSSzOEVYCavsSdQTz
PS4gUhJV1P-1-KrY-i2Jt,VSYZ3GRIhMfmSGYlxDHh_
myNOpoydZ6ICnOWdmU9mT,v8-0DrgHgqpXF0DscEk08
nSm0Ymxv-76l8xLq3NGNe,1HPa_A5EFo6hvGkY6B15Q
V5ywt6SHjtXnUyiRhJloa,xPOF8fukUE_xHO-eFsXk0
XZjaPyOqA_1P7LC7f2vS-,DKP3M9kPfXTkpzZsO_DRn
F7ngNix6KxEYkb2nKRUWM,E-ur3sXEC65ncRNa2Co11
8-nvN5UOb1UbKl25B89BW,hRBQBqnHQOrnW1vHrwz59
vWqlhOulk6SVRFxXN2oVd,OVxTHmMWLMap39lcSn7ep
CbMY6pAJo01MkTiRNb5ei,p5y-Rzk6KoXKpK3gz03uW
Lynq4d_TaE5xx4YN_z4yA,ZKzg0RDlPz_eKAnMfqTNf
zLeBe6Jm6QWT14YosgO0M,bIdWYgoYXyO8vjtj2TIrw
56_fZBZo-kw_PrI_MmjRV,2W9tNGptnzumC2Q_RM767
u-FmM_wOaKElfDI5p3efZ,WsBB9fFp31A6NaRRVoX6e
MJTw6YdefQX16_pWAzNlU,e5ORBWwGlKAswtxMIE0rW
GORa733iiVuX1UHKEez_u,nTY7ltK63zZ6rUzBAWgCs
O1nbUKAm8cIJOHZNsiqYU,VZPIi85nHcKAWmt4T3H7L
pWj1Dh9RHzYs_cOZ4WXXC,nQOwMvQW7958Egljozo9j
-LVMyuh4n1za5l3jTH4Qg,93PCypJ1N6mEzgvmb0ihk
7Lx7aSqAOhe_HLwkqqzki,tY2Xc2Q8zA50kXE91JSxM
SIm_UUkfz5Mf4tfcTD6VM,7U2Q7yDi-a39mS0TAh3LA
7IMzyijsxyjh0eRIM1HQ4,B1PCGhH28jQGdY7ab1zWw
ffp2zJEVseeZykzen9D-b,v8HoQnJ296xsaTZLrrMGy
KPiC8jE88EJLBthXmWhHO,AYRVV35peAz_YAhdTqTtq
wHX4OApfTgrxSopFviGYX,r8QanF0WAHDqQFcdCKWwQ
yw2Xhb0N0uoul5h1-zIkY,KgzxgxLNRdOfjts-TxE3T
YQT5FPxKvhEEJoPqBnJ6o,YFPOO29EpP0l9JMODs20p
mMJ0YlIhKb3WwZaFvqJfv,-fR5Ix8Ez9aVyXNVN3n2A
7HBwmSIDR6U-WL3IPT56U,ydXXBw2jZ0r6enOuY8laO
lcIzJZKI9OyVZxkQfRUJz,M8CRoUnABeq2_cvBVZ9wV
yqKpz_6-n6x8zHHUh5Mi2,TiXPt1Trgr-Iyu8xEzgQ8
sI4HaI-i5On4B5pDMXCgk,kQA6HmiRRmyouaXwvoMnf
lslFL4qnuRDu9QjhVfL4S,vQ1SCWH9LEGC3yJBuFxhs
k6IF6VpwB4xfMEVUONSSB,QEBzwi3u9HK8pbys2lPIE
hjuiV_lEBkuKuOrqN2IL4,rE3nYrzPunZq3m37hhdr7
Chn7gUc0useOtdRU-ERwf,iUMKHmxLKsFdzLVs1iNTp
zWNi23nYtOtUTpE6uUCZH,h9ajxUpiRvdtqtV1XBxVJ
q6InArSawDXXI_C0hOcY3,scqOuKdbGhBzkeQS2k5sx
N8oAXgmQlAL-ukwk74R9O,RQHq-cafRY44POg_EWeSh
LeqWbPsfkpuJMTeMQ1mXu,tJaVAuViCZbAREQ-DeXz1
3gW89c3C0QqbRXHdCr39i,qPY5BY7qApxqEsrI_CDmo
hyCEpL_CXPRc2ENthTgbV,RhgoVQONyIwH1pkAHnaUP
yN0dkjm0ng1fLfpZ04KyR,ullLSbeTKK_RFC7s33zFF
f7zF-5DzkQSKnVfVQmnW3,LOgUE_kkJ2Y8jHScu5Jv3
eHfvX4i-R9dBGghl4qx8b,QG3cDq8coUVSjUSCj0spw
mLfWYz9rxQFdftWQOU9P2,ybcdB39MzPj8P1E5R_7lI
ZFnPnEbgrILcLV9wLlClr,xekoA-H44h_ZA4VGGUith
vutnSfL35AUPB2oiKnADv,m9lDsRx00RSs3hgBQI8y2
6w4Oyv_2RMzZa8TLHCrU8,bUkI3t82tUnM7pVx-bvSA
2p6SL3bH3cmzF3vUTjv9Q,e0SOgB8PczFf3Ypur8Q8R
XnnLXl2X4TRkg5Mik7z-G,To6TLkTNwL8ALRoF7X7ry
HceerYUH9HpHhzv-4VVse,eQ2IfGjgYS71wLp37Zoml
oc2SNLZWanK5nZPEBcbD6,A76pbZIJOf_lXw2ETlG8U
NeS4qresObBQqTwjsBuYT,3EkEmL7UmEofw5qZpS-iW
m2v1fdjsyH1Wl1fvgLMOn,8_3h_0PK20NE_fE1YvOmq
PNKNOCdrbi4MQ8LwEZyDq,SLUdw9hAzheT-Ib7OjKH4
BIyLIX6rpOmKnmbO_aK-7,3sG1aKYsItiehnatRqmdI
kOFICwKWyYSRYvUKKyD6e,EM9PSotEhb9EfK_4_eFn0
F4B0FOjdOJoIw6KI4iuEQ,FTlu6JSiktbiTtDf8SjR-
kWYD5E6R2SNX4iF3iIRf8,HhCFcPvVDWcxGZUVW2r8d
B06FrIAKwjEkBSydGgriK,pWehpgtxcl28GD_ymtOce
sWFiFZuY5XB5Mt9djY0Hv,6zUBCpFcsZRP_s-CX3pgR
VSSOeXOkl2_mwzrOaGHe2,0Axc_qkMPvkH_xW62k1er
FdXsaJmzvXsUaf6IHCd1O,gvVHeQH0dIPWWCnCPX7zW
Dd_KyYPpJZdyRklGbQ65g,gO6gfD89gHDh5zo53-oao
-pkApu6LJHuRJOLkDys89,MJdUoyUIc8GxZ0F8AoD3Z
qKbKYelnAbxsUyI4OuuXU,dJsNFwyLuxhC_ARxXfGlL
6mplzCcGvGjFGhnwC8rf6,pxRZqaJlWfTogQxrNVQjz
TKX8rzEUGmjtCffJFiocg,gk9ZBrKnoWyUzNC_LHfkZ
e3QP7Iv73o0WEnTZsHRUq,8g00MNKEmTqDkMj1Uu_Pn
VMgAzo-8-p5ZnDtmhPBkM,xWpSCzIeWIj1pqTam9Oq0
L-vxL68OHBsx0ejgvpgcs,dLlMXGEeHMNS14UeE7FAi
jCEa-x-H_r1y7cEdy9mT1,7Y6vciZLtE7_lndyPaphJ
yw_TeIspOA4sMxQu8JrTd,dQsk4foJLVHjTZ8cp97o0
gs3bawgDiRFhQ9Y9yCylc,F3fs25MUHY5zmis5TGzgT
3enEn1OtLdCII3eII8ttW,_V4NLhdlJIwwQqYagl38w
IuZsLsPXWPoXx5qzQ8wJR,eleH2DUspj5f73v-LL0eH
NHwPAzUynfKnyr494KYDY,xRL0CASLqGwagGF30UIQ1
Xoo7g2Pb3RQXZOmmVDzct,JMPdTe5PifYYD4P02WoIy
1KwVDL7BcEsqTtfFtaHCp,7RzZp7bT4Q8iwBy9Bqd8-
NxvW_G7n23YS_21bc3fvF,BBrwFLXmU27Yh9_RrOBTb
bx1Hd3TQyuFNxXP5Eu74y,oUC9eGxkf4CRuTYs7SBHO
XA6Z1jc7-EPs-BBlxn8Bu,sFiAAcVHvRQGo7hdq7bEY
zMcU9Mxzq7xjei9vBFj6S,jjYyXuGvLNtqfjCD6tL56
o67s7IIK5PRHq3I5IAksZ,n907yp4jb6x1noquAECMD
nHVPLgyTIiwrIw87AUqxT,r27LQVMsc0cMqBapmtZKN
3-euhLD0Eapx9vSyJcCKJ,6wX2RKWf6YoVkm_JfHiaD
HmD-mk1XoW2_T-rVGAs0r,CJjAEFIvxXIr6HLfHXRK2
LiFmz7afVChnUAkcoYzzU,fIW4EyzT34JBveWO2Elnl
3ifyohtn2B3eHft6sT3i1,WQ2SvhPb-OG16BJRJiPl9
VNvqvo00hFm-yhIPcDnFt,AuXDKCHlH5iq2_v_kbarg
MfOVxbGsx9N-Dm6EDh9ML,MEV7jOG5WybvFgz6bnZzS
hK0wumarnwqm_NnV8th4J,32tHg5HxNFNqxeQbvJ95-
FkfO5LvKXqifXVKMx10O_,wT1CvDCfUqnPi7_lB9U_s
DSOaCJSGafbEoJ071OqPf,VCuc7vzCYeuSoYubLhcoL
UTQMih0TA5ID0AlM2zavh,EfmH05WWJQlPVp4TlEeUM
AOLlQHKJg4_xFWH7GQykm,wkw490R7dg7n0IrffLogM
f3JsaEr5mlR0uLMIsKBKZ,eyODx_9UQC27CPuppNZ08
IB4qVuDpU9zbBUZQiwVk5,HYsBirTQjWFL--T4av8p5
XO6UQ7o7mtpIeqMe_4HWA,IqqPGzmIY_VKTjHRtUJ-U
DihqWswiw88nd9XV4D0eI,0oE6yLfy6reIletK6LSXh
nJKYgivJlqbH4BjZosxRK,AA3TM3d0gJKch4xNfj1yx
Hi-1mei5Vl-tJlr8G5F1Z,l0GNibP4RfaYtznB6BepN
7Du0L30Tzf8XdhB4jfVHD,Jw4KLCy3ADoLzLSFDKBXz
6FnPcj4MpjKt_CZYJGvhS,-GCYmnTO61pRH3TBnaUf2
LtDBa9FRyavtsaMZGwzcA,nCfnoCb_P9zEmDCS9cPrj
3VnFTBwFQBroxdHq2ALCF,L2BM2egZznUUMCos4bz2D
oDusRwEE5pqLxCSv73j4-,TZWTVHdWMBJmKst0MYv-6
DSLiiQBTIQNTI8UGitHef,07Myn6nJZDDMWxpjOjwst
347bY1-XZ-y2uAxVlffTP,J9fH9I16FzhPcXfCidwuE
08prNqeDpp1NNDIfi_bVD,R-vlZDI_dtW0tgwgmzQCk
jB3a2Bh0_i6SDeqey5uQ0,OXA2UNSSkoT7PiCkMVIG_
JYasIG85KOaa_Rl3cYAyY,EMzGM66SMTzNw22XXmK1r
qURN2wo4C-doLDKZq580L,dXd9OuVFH9aIywx6VMlyC
bPLVQmppWDPJQQJ-T9qK6,OXljoDdO_PijU_O_rma9G
C-SPXJ6ZkAYzbvmpUa921,dvtEO3Kp7hEy5QSlF4bjm
1tfX_5dWXg_0Oui8roDuP,uPoi_QfmjV9IeYqBPiwHM
_SXwO4CcrHQ27RdixxWsd,rK2y2uCgcKuN0vdVOFa4w
8YoFI2ctHIYmYaypR3HRS,jJnLDl4X7YENJt1amjubd
KKK7b7QIkXK2QwsykEXo8,NThWCLpy1zPFoxgBI_t6O
OV0Vhvu6nalWqBrRy58mz,1M5JlJnjBb88SuMaME15F
VF7fVhN1C5iBWf9YdhakC,nbA-PQXqfC4QYUXPzYUHi
g27QH6wDIrnVBLmJXdNM8,hcJLBPRYaicGAjqVL55PI
36pxmJOgVFyQxKpohT4MM,Ft9XEPmDMQV7hGh2CjatJ
cwAjsqTYfuJr5ed_ncfpM,9pg0t_G4yu-veYnODGoz7
OYrGw_Ww6UjAmRWb1_QQ0,MylkkdmRc8a1DAUYFmahD
1EesxC4KHDTQoVuvY0juv,w7W77YsCypQQNs3bDsj5w
WSLUy-C3BNhfNJDbe9FrT,k9HKWtyRCkKH0AiSmPYP2
S9MDMjrR2SiAHtE4Q111o,s7PKxxqa_d-EOR7yW7avq
_a8-5QKkvxQSqxBqs6mJn,rZ-Kw1TX6wcjvKqbMwIGL
jAF8rblH_f9S9UTO8Yaiy,ZfLR7j_BlMXAHDbvGgU6o
Zrxif0THkeSEHFnQwQ3fc,RWvWm1imOx_tZHlLMbW9f
NsfA1DmvShQvORVZ-DNpW,2_XGPSojMV42rJFj-Byz6
Q-MtGa4k2cIItZZdhoGxC,rEaLXV7o8mo1sKDYzpYaU
hA_dwVzezDcirNWtpn8Q7,HxmlLoKG3yaOpyouDoRZR
c6fdcequUSN-EsZJB2eW_,RrOkWEb4pWc6_6g-vw2It
kRWdcmT6-MChFzEwPV2fX,BhM_8Qu0UERou01Nrv9Ef
NJg5qwclmmSY7LTBvCQBc,Tb0F2W0KThe5giaxDBEDL
Tr3b4zJF_j_4MU6PbAFus,8x9tagnG17Y3hdWJNW9Tf
DeXdBJM6VMUFJ_obqSec3,s4EfUP7DvZD_jUaIAe17z
KlZinuVLPWh1nOiOEBb97,Eh-NNsaPldNZw5-NZ8baK
aMJOnmMWoquZ5bGNt3QdR,QV31agaERCywONesqqwYh
i-tlBT3JiJoKPjhBbZh2B,gcFVc3_Fa9r_auuoQBhFV
vaPIqiLBPx1BG-P_rc93v,qnMSDZur_Z5UfGQFpIkC2
YJoa_qIvWP-ivE5gS3ZXY,RT5gwg5rB2YoCeZLrxvdz
jjxTI5ZX2FRLywPlTU6JQ,hZs-3_DdeR0BMzxdps2sT
nxVzbywkyDeujoRKxIMAP,2Om2chlziAqOf28NZUkpO
6BOr5kI3z9Y6SA7qz2aWV,jnX_TKtNGoV87qyYBzHaE
sVd0S1Gg-TiSJUUOkx7HF,VGpPyO2zNSp75_4zzdPDs
XDQI2j8Nihe42qz3yjzqj,wr0HmuZrC2ijX3sX9KV0d
uAJvUkBXy0V8wLmGLG6IK,StjLKwOKqrfky-DrWW9X4
hGttx52QCKfaWU1Y4H6of,NbIYVlXFwTeOVN4QwIIoD
i40L1ADKFJj7bz7RmY5i_,rFJFfTdaC92KlGKcx2lOh
Wx1Al802kMwM2UG6OVCRu,FejGEo3vLYVPHEsoXRy-J
Hs5NrYb3vwv_ulOv5-a5t,7je1SPjAapO3hUa69mm4c
XfaWlxhTwxqETB4F6c02S,EybYa3utHF3UTv2cBwhZQ
DBFd_b4bOzvVs_xsqkOue,NuGtI4kin5xnZkledqpcT
Iq9oB7nKzLP6Bs_0DS3RI,0jDuamjjZbDACLRrzxW29
SufT3zsDllD5ndJhG56e3,n92iqDhDPPeEx3rubMl1E
fwMcz1PnqKALrHlLJwb9q,OjPSveBHjrVRvh3Chc1q1
sNkNiG_wgeMKENIlUQpfF,-t4hR9ekzUAyVwExA1rFy
tAvtchq6E5VT2T9kvVzUW,ySN8bG4m3pjvIajGsTfdM
WHyHOvyCg4r-s_2-C0WPI,z0iU2UDAgEQ9OrzAOj47g
7WOs9AU-OpSYNuvm_vzDq,uTagG_kHoYdss2oqdOwaO
NADi1btDd-HNny7xs_KHn,wnslkdcMVCFfOncUslaIb
l-Kux08gXJRdyJ6Yu0M_u,CZbImlIgVRgbgNEtSxp_h
FJZJUq6wUf3D9m68g7r7p,GkFa8hQBNnbbKPNPC5FB4
TLLECXKboi3A7IE5vKOtj,BAB--WoF5RUW51nKokibH
H5IiqAL2dcAHxRfcebXnn,kB6YJnTp8AIQfW-CuV3M7
0HwXlDi6wwf_-7a22Sn6l,az3VcFeAqejovhxD7vPG_
d_z3MV7rURv95s7nXC5S7,JM-3Jb9W_Pw6ngt2SUgln
3typbvwJqm6jR10hlZdHJ,XNYg7AVLh2M_oUOBF6bBE
gCsbBXISHRYHHsVp5WrHz,g6qzoglC0xVE8xJWBDuJu
2GFHhFeKRgYImuqFRqB1_,IOijW8TYIGRpwo-vo5gbf
0r22IDW_-um2miQIhlm_r,gHJoCh_hWgFQMvgWnTIL4
3NoCotaLWi_ckiU47erJz,caonZrm3hKO99T5IB6Std
Aa96TI-W0BNA5LIz3V2ri,QDXdrpx28ngMxkIeqqb5K
qh-mB0zUPm33Z9OBl2iM4,ekUuotvumMWNKXO3eGA3e
DuYMI-Z3nUNCZFWKbkXdZ,Dz9rSrxY7tBwLoOs5YJLZ
aXfUYnnwI5FCZwdYpSHra,w6KjmPDcKhLKRm3AtZ5J0
fOUMXh3uuXwTWGkjwg2DR,JF2PD42BJGS8iuFKIn-X6
Dta_gmY1N0ZDeTQo_5e6S,siDXPkPxJ5xVe3AM7t2mr
Bv36-jtveoh8qPgD7Sujt,qTSnUYF8RktSYuVup5ZN3
qmUePsxxTlgNrPboMMJEw,a4PZAfK1r9kc-yfjwhNtT
1Htpzl1QvtN4sSHb-lRp8,oJDGFyRbpxUbf_voBdVPJ
NCND--KnfdV2MhQOTeFX9,D2-g_St2qBezxb1fMs5H2
p6D7fp37ce3d94RNo7xTF,dEnuJXEh4xTK9xViULeaP
Ykm3SaE22lQH4Gag5OyAV,Q9Tq9929CRBnFD-e_FmFS
5ELMcH2qIhM82LD7iiG6i,yp1MkuR7v1P1QQCi2MNh_
me8zVGh-QKFmGY-PpCgcx,xFsBLF_rdODziJFQH0W7K
ZMGkoOamBywjyDrOjq0bX,ZDntoERh_ZggI2_hcUFVj
UcuLd-nlbB8yI8YKjsDoW,GXQHpq4pbgFnRTO7Kq4pJ
ts_vNMmH5g9KDYFzE1ixu,j2szO1ppa4BlzX0lL53aB
m3bFn4Mh87JMgE_Noqh4b,uQJLXv-OMZRczkGbXPQWC
BMNJFtD40n4eMe4wGU4Xs,YYwYJVpAXqH0YD-Icmfs1
2Ruad0Tg8D2dsvrBDi1y8,T9vt9bZIMYxVlJLKlnrub
1W5O8rLEtBgOGnKVljj1s,sIjyr_cpvoCYEqclR7UNF
GcvNIChGUkJU3rrLrRpmv,l6tRAgVzVz3DZAG0CE9qI
65bbPLnCNSe9-6pcp91XX,dafm4F_wOPbdAaYMd4oiZ
jW3h6IbqAlrG3M5ZGqJx5,lp2vac911GkIZ5FT_XQrn