id,content_url,language,title,description
2BWxoW3GS7A61j8iDtqmV,https://www.youtube.com/watch?v=GnlU8xbFPf8,JA,韓国の屋台街やばすぎでしょ…#travel #海外旅行好きな人と繋がりたい #海外旅行 #vlog #韓国,
jcsPqh27JBaQHIjq4P3dy,https://www.youtube.com/watch?v=z37NnuDZSq0,JA,20 テントサウナ・カヌー,
Sqm5jzgTJzYu6A7DEqZ07,https://www.youtube.com/watch?v=YUkP0iuJmsc,JA,☝️桜の見頃を見つけよう☝️#sakura #cherryblossom,
MlBrkUQZwerKlzJn1k8cL,https://www.youtube.com/watch?v=T0W6shNdFn0,JA,なごやめしのうた,
NyaG-UXVKAgrbA8bHtJ0k,https://www.youtube.com/watch?v=-7fMJtApGW8,JA,ツナグ  ～人から人へ～  VP,
eJB4P_t9BsU8K5Ldpe_8S,https://www.youtube.com/watch?v=9wB_Mu92khw,JA,冬の飛騨路「料理」編,
WtAy8Olsmx3CtTKXBk7QU,https://www.youtube.com/watch?v=8xor1muqXgQ,JA,冬の飛騨路「温泉」編,
uMwOQuyynHU94sijRhETP,https://www.youtube.com/watch?v=ooOBK-ZQsXc,JA,函館の冬は宝石のようです💎❄️,
l4pd2qlqDJqrg2VuPpOvk,https://www.youtube.com/watch?v=Kq7b40VPuUQ,JA,SKY HOP BUS ぐるっと森の京都〈福知山編〉,
topFYulxMVHCWfUFd0PKJ,https://www.youtube.com/watch?v=3eFZSCD9kp8,JA,MIYAMOBI 鶴岡 中華,
INTQugAHpnqGugTCbbwCk,https://www.youtube.com/watch?v=LsOxfyziHzA,JA,MIYAMOBI 大野 中華,
LAd7j7UK5hkdsVulAr9Ar,https://www.youtube.com/watch?v=V7kHrPpspQc,JA,MIYAMOBI 宮島 中華,
rzGd_dpLvezPjNNkqoEzr,https://www.youtube.com/watch?v=dKH-OrLXx_0,JA,MIYAMOBI hiraya Chinese,
8q94mISEwa3k6DY0S8Cz5,https://www.youtube.com/watch?v=SfSkgbMQDiQ,JA,MIYAMOBI chii Chinese,
iT6Hj7AveAs1c3kSd8dvM,https://www.youtube.com/watch?v=no6BMrF5uMo,JA,MIYAMOBI冬の中国,
C21bmbHnY_741bKpRAtCW,https://www.youtube.com/watch?v=TOTVaMZJnLc,JA,MIYAMOBI 秋の中国,
gW8FrhUISI_JGHIsattjB,https://www.youtube.com/watch?v=gWCsfVVDCoY,JA,MIYAMOBI 夏の中国,
Y3pRZ3b4TJ4-qnT69jy3E,https://www.youtube.com/watch?v=Dv9GMpiFXaw,JA,MIYAMOBI春の中国,
Zf0DG82QLg0u4h6c3AF7-,https://www.youtube.com/watch?v=YTqIXstKTUA,JA,MIYAMOBI 鶴岡,
8q_I-MvmbHNG0VMvfvbID,https://www.youtube.com/watch?v=dTe7GAg_C4w,JA,MIYAMOBI 大野英語,
Sp5S5TFDPMOx_NAyCH24M,https://www.youtube.com/watch?v=cCECVoQFhQk,JA,MIYAMOBI 宮島英語,
tqCElGjME8p6xMHKPbcdW,https://www.youtube.com/watch?v=ZL_45MhhFpM,JA,MIYAMOBI hiraya 英語,
POMcgm3yGrKgp7uiDh2lK,https://www.youtube.com/watch?v=wRxKhffHVNI,JA,MIYAMOBI chii English,
E34-vh6SZQ8_xhNOyI6Gr,https://www.youtube.com/watch?v=FVyBEsi_5bg,JA,MIYAMOBI冬の英語,
vXLTdRfDq1vBSOYELR5Gy,https://www.youtube.com/watch?v=ZOoGGK8Tabk,JA,MIYAMOBI 秋の英語,
6Wr-rKhaAkHZo3ZCl0C6n,https://www.youtube.com/watch?v=0iobxyAyJBk,JA,MIYAMOBI サマー英語,
VKBKmr6vFL_isnM97uQHw,https://www.youtube.com/watch?v=ZErGPP-9C5E,JA,MIYAMOBI春の英語,
i2BluVFOdo6iHCQXUrp7n,https://www.youtube.com/watch?v=gbHY0fQ9FtA,JA,京都のイルミネーションシネステジアの丘,
nr0ouz-9hBMtNQXTZqBfK,https://www.youtube.com/watch?v=MAyXaN_NzrU,JA,京都美山雪祭り,
aex7te7HcAewDpQFTtAUa,https://www.youtube.com/watch?v=qBw0A0NlKxQ,JA,京都亀岡の保津川カヤック,
R3rDU6aVKR921_SnXizKx,https://www.youtube.com/watch?v=8PtFGXIyeYM,JA,京丹波,
HxiHtxiaaF-WDCRryt28l,https://www.youtube.com/watch?v=pviTkFpbsSE,JA,八木城跡,
g1c7CrpiNz0xurIWkMSdo,https://www.youtube.com/watch?v=kmg9mZaUDws,JA,すだれスクリーン,
UBPG8aYN0OjbsN6J3sf21,https://www.youtube.com/watch?v=YfV4aM2palI,JA,シルク生地の工芸,
Gfk0TcDvujLAcOz8TLv_6,https://www.youtube.com/watch?v=2H2T7y4KxDM,JA,ウッドランド京都へようこそ,
elhX2qeZHkjhJTEE2UytK,https://www.youtube.com/watch?v=gho5Eq_6guU,JA,バンブークラフト,
eSJUY35QycMBwD6wacKng,https://www.youtube.com/watch?v=LO4ZpdII2tA,JA,SKY HOP BUS ぐるっと森の京都〈綾部編〉,
DtkVl1MannuuAD6tktIXH,https://www.youtube.com/watch?v=MBokt3iOZ2Q,JA,MIYAMOBI 宮島地区,
NA8JMMF70REiBjMQw_SpJ,https://www.youtube.com/watch?v=v1WC364N9Oo,JA,MIYAMOBI 大野地区,
4-6pLvCmcdFAE8NVGEZha,https://www.youtube.com/watch?v=7WtGl0gyFD0,JA,MIYAMOBI 平屋地区,
2hh5__PYB4qquomIZR12B,https://www.youtube.com/watch?v=GlrVZbUkF4U,JA,MIYAMOBI 知井地区,
myV9qv-6SiIGT57qs9ywj,https://www.youtube.com/watch?v=6m9PMizmYP4,JA,MIYAMOBI 夏,
UHDVXTjhqlcxjhinW7l5U,https://www.youtube.com/watch?v=qcMD-a5i4b8,JA,MIYAMOBI 春,
77cWE-3cYmuP8NlnydwMK,https://www.youtube.com/watch?v=FA9IUGQV8tk,JA,MIYAMOBI 冬,
Ao5DxoEmfdazizJ7cPnIN,https://www.youtube.com/watch?v=_15DJpBHROo,JA,MIYAMOBI 秋,
VUulF4GI66VVhUpo6Cp2Z,https://www.youtube.com/watch?v=iV6gqECgB30,JA,森の京都　伝統食・行事食の歳時記,
7xrvxXAMvTEQk6SW6sDKz,https://www.youtube.com/watch?v=9P3f3Oh-ClU,JA,SKY HOP BUS ぐるっと森の京都〈京丹波編〉,
X2da4vyNI6GlK17tdJInQ,https://www.youtube.com/watch?v=onhhVUum4-M,JA,SKY HOP BUS ぐるっと森の京都〈亀岡編〉,
A_2Op6Gz3ted1rnGCsfCV,https://www.youtube.com/watch?v=Q8NtVfm-feU,JA,SKY HOP BUS ぐるっと森の京都〈南丹編〉,
c6cHEGCTAU18JRARGe15y,https://www.youtube.com/watch?v=vYtMLGdlM-s,JA,森を食べる,
gctOTie27w0Rz4_HPAKHD,https://www.youtube.com/watch?v=HhwTNeOv2Jg,JA,森から生まれるために,
w4LmFmledKm51qWJnjCXe,https://www.youtube.com/watch?v=FQT32wXhFNo,JA,森と共に生きる,
zxbWYEaGIgVUQiPi1iCxB,https://www.youtube.com/watch?v=rCEce02Mn3U,JA,海軍ゆかりの港めぐり遊覧船,
nqs1icqz2JzGdfx6kulb7,https://www.youtube.com/watch?v=HSq4oFgaEr8,JA,【鹿児島県指宿市】鰹節工場見学,
uD25pylBOrw4eNyP6li-7,https://www.youtube.com/watch?v=LvTXIpDghPg,JA,【鹿児島県指宿市】長太郎焼・白薩摩（陶芸体験）,
kl6zFfm8gTuuCBHrJu2JG,https://www.youtube.com/watch?v=zxffGzsF3ts,JA,【鹿児島県指宿市】青隆寺　文化体験（青隆寺）,
6secwDqyi8lXgzObcTZ_f,https://www.youtube.com/watch?v=zW3QnUgJ3Y0,JA,#うきは市 #うきは #福岡県 #観光 #ukiha #fukuoka #森林セラピー #オンラインイベント #shorts,
kXrpbQXt-bZ1Qnett7i7l,https://www.youtube.com/watch?v=E7vFYiQkNsA,JA,#福岡県 #うきは市 #shorts,
cL4maEELPbZoT4wCYf8YS,https://www.youtube.com/watch?v=7roICP27QrU,JA,#うきは市 #福岡県 #shorts #巨瀬川 #鯉のぼり,
FUjOaOqk3Q3hV424my6lC,https://www.youtube.com/watch?v=DiJADLVjmJM,JA,#うきは市 #福岡県 #春光園 #shorts,
Ht3quhaVxqUKlPtcmv8_j,https://www.youtube.com/watch?v=KE-FKxCw7eI,JA,#うきは市 #福岡県 #shorts #クロコデサイン株式会社,
Z-Gmp5sRv8PjEHGTMBAUE,https://www.youtube.com/watch?v=vNt-whgirXs,JA,#福岡県 #うきは市 #shorts #よかもんいちご,
6qvp9ilvZkYV2rl14ABp1,https://www.youtube.com/watch?v=2QbE3BVK91I,JA,#うきは市 #福岡県 #shorts #きふね,
BP60-HS2N0Wi-xN-MmiFQ,https://www.youtube.com/watch?v=wcL3MW9uhN4,JA,#うきは市 #福岡県 #清水湧水 #shorts,
E2PXLBhW6SdHLVdnQW6CI,https://www.youtube.com/watch?v=5mQkP9C38TU,JA,#うきは市 #福岡県 #浮羽稲荷神社 #shorts,
wCB7_DZ4DAnCO9J318gIT,https://www.youtube.com/watch?v=8ZeIVdtx0Yc,JA,しまなみサイクリング安全ガイド,
eWzTgVqZCcJQHx3UoPfwW,https://www.youtube.com/watch?v=VyNZ09tZjLA,JA,恋のしまなみブルーライン,
YmwhEsVyyW4eqLtuQfAj0,https://www.youtube.com/watch?v=6Ut7XEyrblc,JA,～2018年度総集編～  「海賊むすびにサイクリングソングを添えて、でござる！」の巻,
LvNomiEgKcksO123Pe3eW,https://www.youtube.com/watch?v=jWu8CkYPdo0,JA,ペイサージュ（にし阿波／そらの郷山里物語）,
hFVg3_75JVbhIxfVIVJca,https://www.youtube.com/watch?v=cy-oG49424w,JA,みかも喫茶（にし阿波／そらの郷山里物語）,
hgRZeZpg-DleBOXB_CWO1,https://www.youtube.com/watch?v=46HDocoDp-U,JA,岩野家サイクリング,
7ZW06ZYzph-mY9ewPZNbS,https://www.youtube.com/watch?v=7xRXH_3-1OQ,JA,岩野家着物体験（にし阿波／そらの郷山里物語）,
EPK5GE_cDK-cx17a0LNv5,https://www.youtube.com/watch?v=ywDGARiy5Ho,JA,折目邸（にし阿波／そらの郷山里物語）,
RCC2tcVo20JB_P3ndWX03,https://www.youtube.com/watch?v=nGHr3eJ4hPI,JA,punta（にし阿波／そらの郷山里物語）,
BVt8guY34-4CgXiWrbNT_,https://www.youtube.com/watch?v=M784XIsCnFY,JA,ぎふ長良川の鵜飼プロモーションビデオ　一期一会の感動絵巻,
cBNg_CUH-Y1NUHHLyoOv6,https://www.youtube.com/watch?v=PtAhWizf-EY,JA,ぎふ灯り物語2025,
nNSgcc_GIbGvxxgM7T1r4,https://www.youtube.com/watch?v=DCsVMvM_Pv8,JA,Gifu City MICE Promotion Movie 【英語ショートバージョン】,
IIwKg-2DxeVFaGiq8HBM5,https://www.youtube.com/watch?v=fPWKgEWGceg,JA,岐阜市MICE誘致プロモーション動画【日本語ショートバージョン】,
ZYD3R1nNaDocfFG_6c_NW,https://www.youtube.com/watch?v=0IBgnP1cC4A,JA,Gifu City MICE Promotion (Let's talk in the center of Japan!)【英語版】,
3TkdPyYfIl95Z9lfOpY7W,https://www.youtube.com/watch?v=dKmDmGeX_Sc,JA,木曽観光連盟 -Kiso Tourist Federation- Official Channel  のライブ配信,
1xhPGQ9FTGCwD_KtnyKJe,https://www.youtube.com/watch?v=zdJ-zxW-B-s,JA,特別名勝 栗林公園（空撮映像）,
e9_KhFd4K57UrTtSjFS-X,https://www.youtube.com/watch?v=tvwnNAj9F-4,JA,【4K】栗林公園PV 2025（full ver）,
tv82u3JQLLit9J7LXyoMg,https://www.youtube.com/watch?v=pZZ2uZfYyaM,JA,【4K】Ritsurin Garden PV2025（full ver）,
Cqb2G3U9LJHVeuH9t4hnP,https://www.youtube.com/watch?v=va7go9lKON0,JA,想像以上、香川。【夏ver.30sec】,
Wjap6Glk0ulprWLwVM6i2,https://www.youtube.com/watch?v=Izvh7twMwV0,JA,想像以上、香川。【秋ver.30sec】,
lzQyzmOYbWYvyxNEC1a_k,https://www.youtube.com/watch?v=c22i3RNxb_o,JA,【4K】栗林公園PV 2025（digest ver）,
AYYK8hGZHCXDdNB06zEls,https://www.youtube.com/watch?v=kA4uHRGqs4Y,JA,【4K】Ritsurin Garden PV2025（digest ver）,
WDX9nNVwC9crULcGNTc0v,https://www.youtube.com/watch?v=AJ2xK__Yx8k,JA,香川 30秒,
6045Sm8-MokHN_yh0QVaU,https://www.youtube.com/watch?v=BQ-vW4MyBqE,JA,香川 15秒,
WfBlCYpqvBA3q7EO1Nu-y,https://www.youtube.com/watch?v=9g8XkbU8S6A,JA,豊島 極上の癒しの時間,
_BnxGMfEnWIT2OwjFixmg,https://www.youtube.com/watch?v=4fIxGsdhocg,JA,18 最後に,
bm4AF2TgGGfS0a0WRs0mf,https://www.youtube.com/watch?v=s5euLBCMONk,JA,17 ギャラリー,
X3y6XQQSOXIJe7ZE9CRPW,https://www.youtube.com/watch?v=orQVtw6GerQ,JA,16 バルコニー手すり,
TyBdqOpEADPdySSpXYmKL,https://www.youtube.com/watch?v=9QI0Lo9QV-U,JA,15 県庁ホール,
jwYBjCjPfWjp8kDU3UPHG,https://www.youtube.com/watch?v=8sLUtOZpBRs,JA,14 県庁ホール前ロビー,
szqigzCKLKEoU0Juo1owk,https://www.youtube.com/watch?v=lpM5R_bf-eM,JA,13 県庁舎東館の外観意匠,
eUM_KrMXbZEngKa90WtKi,https://www.youtube.com/watch?v=j05XUL5shQM,JA,12 南庭の石灯篭,
vuKVpmoa0wxsNd1xi3sCc,https://www.youtube.com/watch?v=M97NsRkQ4J8,JA,11 南庭,
mpcCBjXYLzCQZMTsN0nJP,https://www.youtube.com/watch?v=8y5Pq4V_mGM,JA,10 木製ルーバー,
iiVKDoR2xi_ZzzYTVNnMf,https://www.youtube.com/watch?v=SPohrb4fHg4,JA,09 石灯篭,
3-5ktMmmOH601w36_17pl,https://www.youtube.com/watch?v=MQDgD0lGdDk,JA,08 ピロティ床,
RCZcPNHpWBHIhyZHQN4pM,https://www.youtube.com/watch?v=MIA343cfChw,JA,07 ピロティ柱,
sP74hq9kYZu7EDLScY4KV,https://www.youtube.com/watch?v=yFBG3dJK1uQ,JA,06 ピロティ,
DR_yhcie3_HLSMLv6sWRo,https://www.youtube.com/watch?v=dp3vxr4FjM4,JA,05 センターコア,
-n60X-eBZW-tvbx70yOG1,https://www.youtube.com/watch?v=S6VrFdSm9Ag,JA,04 1階ロビーの家具,
NmyhgEeYZkZifPIzvPyu2,https://www.youtube.com/watch?v=6KUGQIAC8Zo,JA,03 1階ロビー,
a7V4ODprhEHoAIYdQktgu,https://www.youtube.com/watch?v=DvNvEE1lLDk,JA,02 受付、クローク棚,
LX72CpkuoO9d2jA1_7w0a,https://www.youtube.com/watch?v=23xzXS27L2U,JA,01 和敬清寂,
qQyv4jN4yf9GHfcEqRNqn,https://www.youtube.com/watch?v=FnFQ3SCa0PA,JA,00 香川県庁舎東館,
faJ4ERbzNye8Lyiu_Hs7w,https://www.youtube.com/watch?v=jXcqsK4iZO4,JA,高松港のプロモーションビデオ,
XBZPr-4TZHimZu1FBq0Te,https://www.youtube.com/watch?v=FgwlDkbvgOQ,JA,高松港紹介映像,
_fOuJbWfKolB36kJSA3za,https://www.youtube.com/watch?v=HGnzZ4MoQSk,JA,統合編,
3T5qUQghJIlketg4dyP_q,https://www.youtube.com/watch?v=P-X-6-Ihbts,JA,アート編「目を閉じても光る」　 夕暮れ編,
sbuUO3C97ETxVbv9MNSAT,https://www.youtube.com/watch?v=qt8zNcpsg-U,JA,アート編「目を閉じても光る」　 朝昼編,
A1ofMskFNhNCbeEa9lLhL,https://www.youtube.com/watch?v=fR1UqcpRjlM,JA,美食編「2人のごほうび」　夕暮れ編,
jRReHUBvAzM0IsS-nJLJU,https://www.youtube.com/watch?v=GYohUiCwgkM,JA,美食編「2人のごほうび」　朝昼編,
EL0gzSb3-4xoxiuMzKLmt,https://www.youtube.com/watch?v=vBdCU5fSOtY,JA,絶景編「一生の景色」　夕暮れ編,
xxcaHCYyDoBk4Ez7ub5Tk,https://www.youtube.com/watch?v=Af4tWaQ9Hlk,JA,絶景編「一生の景色」　 朝昼編,
tWfORzUGlwM4Pp6P3ahLt,https://www.youtube.com/watch?v=qRFW1sOugYI,JA,【やってみたいけん！！】ダイジェスト版,
oBGx29Z-2FljLC_AKJ3W_,https://www.youtube.com/watch?v=Sfq3umqciaA,JA,【やってみたいけん！！】うどん打ち体験,
esfiNIo_k0912CsqN9yjE,https://www.youtube.com/watch?v=XGSCrPwhXs4,JA,【やってみたいけん！！】うちわ作り体験,
U0nnZAnwLhIaBFA1eYRE-,https://www.youtube.com/watch?v=10HxgRa-aDM,JA,【やってみたいけん！！】フォトジェニック体験,
2Aw__wVd5ZC6jE1NkvcmY,https://www.youtube.com/watch?v=DBiaf1W3yAQ,JA,【やってみたいけん！！】魔法のほうき体験,
3HRadJ30yoZaV0Ylcn2XW,https://www.youtube.com/watch?v=ixRdoLBQk8Q,JA,【やってみたいけん！！】彫漆体験,
xe-kcMgVtIqJFiFc-18Ct,https://www.youtube.com/watch?v=ppMKD_t5eps,JA,【やってみたいけん！！】水引体験,
DgR52VM51WpCY7EiiVHrt,https://www.youtube.com/watch?v=Fb8bhlyBamM,JA,【やってみたいけん！！】豆腐づくり体験,
78Jp9KLAqr9UKNVrGWkNL,https://www.youtube.com/watch?v=if2A0RvD2XQ,JA,四国のローカルチャーム、行ったことがありますか？ [ルート02],
eWkGNn_Gm75BsFM37qEdN,https://www.youtube.com/watch?v=AXphxAm9Ars,JA,四国の地元の魅力、行ったことがありますか？ [ルート01],
4Nees8RTksPIK9HXZ0pge,https://www.youtube.com/watch?v=rJjwVVpe05E,JA,【やってみたいけん】讃岐かがり手まり体験,
bD8rtYKQXaTJUfj8OH357,https://www.youtube.com/watch?v=1XDU-bbdzBI,JA,【やってみたいけん】和三盆型抜き体験,
z8xhAe5M9u7_S9dlr4zKk,https://www.youtube.com/watch?v=856HRvkAyTc,JA,【やってみたいけん】栗林公園和船乗船体験,
9e6f4aIu6rPjpifU5tq7W,https://www.youtube.com/watch?v=l5AXmPXdsh8,JA,アートの展示：長,
_lvxhBl6UvPN5dxe9u8X3,https://www.youtube.com/watch?v=QcwMzFbMLaU,JA,香川上好假期：中西讚精華版,
TlmuaMPrfZEzQTH1Mnmdf,https://www.youtube.com/watch?v=YJZtpI8UnMo,JA,加上括弧變得更酷。藝術縣。：long,
H7y3BeLCbIMb6RgWyZpcW,https://www.youtube.com/watch?v=LOOfJ4CFbMo,JA,加上括号变得更酷。艺术县。：long,
YPOKRzvl8-u0Xt2jShYMv,https://www.youtube.com/watch?v=rH4I6mr2gbI,JA,香川极乐假日：中西赞摘要,
A_ehqafaxbX7m1tDN1g4L,https://www.youtube.com/watch?v=yLESxvyPa5I,JA,香川を訪れるプロモーション,
DLyvqs47pBGAo-xvQVM1J,https://www.youtube.com/watch?v=614-Q8IuIGc,JA,2019年五所川原立佞武多VR動画　日本語版　2019　Goshogawara　Tachineputa VR　Japanese ver,
gKorobZuoEkw0FrODvth9,https://www.youtube.com/watch?v=lqkIAxvDK7k,JA,みちのく潮風トレイル 名取トレイルセンター のライブ配信,
hvLDkwK7XQBk_XdK-KF44,https://www.youtube.com/watch?v=pa7UsCXWIuA,JA,へら竿づくり体験、ヘラブナ釣り体験,
70JClWlpjqOxeaYHkb6C0,https://www.youtube.com/watch?v=CBiqzMom5L0,JA,紀州備長炭,
E3frUFJz8-zB-lcEpFXtD,https://www.youtube.com/watch?v=sWb-YAWaYhg,JA,サンタイドカフェ白浜,
WwS0ZBMqCpK3NBsiAn0AI,https://www.youtube.com/watch?v=mSyZy8S7l5c,JA,ダイビング＆釣り,
B2qkmsVBBqZdrrelKYQmF,https://www.youtube.com/watch?v=c6gm-_BqIig,JA,ヤビツビレッジ,
bBGi6sEr7CvPxPWfn310h,https://www.youtube.com/watch?v=JmzYcEc5hSw,JA,キャニオニング,
eHsw5AcAzER4jo-VyrT5l,https://www.youtube.com/watch?v=9d9DHA2ID58,JA,北山川ラフティング,
TWK-EmEhwjQSXgi64Fic4,https://www.youtube.com/watch?v=YKQ2E930x40,JA,サーフィン,
aE91kfyoaXmhrRCgmZspX,https://www.youtube.com/watch?v=jB9byTax_w4,JA,アマゴ釣り 夏,
8nqr9dCRwKWOiZADaVYfZ,https://www.youtube.com/watch?v=ZHb5pV1bR6E,JA,Front110,
tC5SK1L_TEi0_dS487mMs,https://www.youtube.com/watch?v=oqslURwjrcI,JA,地ノ島,
eAaPAXUDYILY7drvG8iFx,https://www.youtube.com/watch?v=z8DNdbEspqo,JA,ショートドラマ＃2,
iDXt_twxPXWRgQvbKIOG_,https://www.youtube.com/watch?v=_9sHucXaYK4,JA,ショートドラマ#1,
XIbcpIoYoLaT6oKmcvTrV,https://www.youtube.com/watch?v=Csn1TXN2D7Q,JA,21 真田紐　いちご狩り,
CdQxTI9ksz8EQdkYmCUm0,https://www.youtube.com/watch?v=ubtSftelwKI,JA,19友ヶ島,
hx5tG9wAk0TwStkrmbl9f,https://www.youtube.com/watch?v=vniY-FBLDZQ,JA,18星観察,
O3R-AR1XSGf36_rK6dnGQ,https://www.youtube.com/watch?v=FveAWjjb7VA,JA,なななさんの“WAKAYAMA800”おいしいとこだけサイクリング！ショート版,
nV7nf4H-UjVk0kOncrqy1,https://www.youtube.com/watch?v=LYK9AajCkTc,JA,名古屋発！Re:和歌山・熊野の”とっておき”に出逢う。,
dTCRhtT00SPhFkk6ka6jc,https://www.youtube.com/watch?v=MdvYNMYGJQM,JA,キャンペーン動画,
uwedyQRUcuk7YS5gjxqsv,https://www.youtube.com/watch?v=COdabnevuiE,JA,白崎クルーズ,
qYvZZZiGtVi2RSWq1W3sP,https://www.youtube.com/watch?v=hfSqb8UtwIE,JA,川湯温泉,
uFSqy3TFWyLM8dgp7_uBb,https://www.youtube.com/watch?v=eOdCO7cJEt0,JA,しょうゆ蔵,
dBVhgv2bfnltX1dloURl4,https://www.youtube.com/watch?v=SSsvIB4V49o,JA,紀州漆器,
o1BekVFLmKYCImmyzkst2,https://www.youtube.com/watch?v=AXA9a6r7GWE,JA,安居の渡し,
frTlSLxIiZpPdlBUnOT_S,https://www.youtube.com/watch?v=yDgUb4G27yk,JA,マグロと紀の松島巡り,
6LPRpj-cHgUBzf7bRi3bZ,https://www.youtube.com/watch?v=p0Yw16exg5o,JA,サイクリング,
g86sntfl1RI3gipJZxo0_,https://www.youtube.com/watch?v=0d89ICmMClc,JA,SUP,
fDBZEOFoRH-xboobD4BQm,https://www.youtube.com/watch?v=U31mVhxSKkQ,JA,みかん狩り,
5Z_0fKfFek_y8yYN_Ll1x,https://www.youtube.com/watch?v=ON0K0ZQ5wWw,JA,くじらの博物館,
QqYb92BJe_6dRojplH9iK,https://www.youtube.com/watch?v=IBewbGoD_kU,JA,串本町でシーカヤック体験,
Lakn7wmEYMdjBTp84Ykd2,https://www.youtube.com/watch?v=vwdguxhi-lw,JA,串本海中公園【串本町】海の中に入れる？！水族館　＃和歌山＃和歌山観光＃和歌山旅行＃wakayama＃visitwakayama＃和歌山ドライブ＃おすすめスポット＃和歌山デート＃穴場＃串本海中公園,
wBFhFHlPAWo0BXw8_pqbY,https://www.youtube.com/watch?v=NIOh50qObtQ,JA,筏下り【北山村】夏限定！！＃和歌山＃和歌山観光＃和歌山旅行＃wakayama＃visitwakayama＃wakayamatrip＃和歌山ドライブ＃おすすめスポット＃和歌山デート＃北山村＃筏下り,
G6P1BYKETOCbIY_CP7nym,https://www.youtube.com/watch?v=dHxvdBp4-hc,JA,全国旅行支援「わかやまリフレッシュプランワイドSワイド2nd」TVCM（TBS）,
mRRTDowoLoCZGSTKpW5Ua,https://www.youtube.com/watch?v=Tis2vKe37Gc,JA,全国旅行支援「わかやまリフレッシュプランワイドSワイド2nd」TVCM（TOKYO MX）,
WBAS7_m25ZsHXm-Vpc_nD,https://www.youtube.com/watch?v=BirYZ5kUe-U,JA,全国旅行支援「わかやまリフレッシュプランワイドSワイド2nd」TVCM（フジテレビ）,
oeROzF0l1UZdkpjHvvA23,https://www.youtube.com/watch?v=ifrWvqZkK4s,JA,和歌山県アウトドアPR動画,
J0ESPj93zNVvQFI2CHzWN,https://www.youtube.com/watch?v=A6I8mhX4QL8,JA,日本まんなか直送便＋和歌山県版「和歌山県の自然をアウトドアで満喫」,
nHPQVdmfsuZO_3khyhoLL,https://www.youtube.com/watch?v=1_11rssK7Gw,JA,わかやま遊び,
A9-T1l2HpiHvWLXDxtu4Q,https://www.youtube.com/watch?v=NIB48smJVuM,JA,ニタマ卿授与式,
pZ8WGoN3oCZRSpDIEsqbi,https://www.youtube.com/watch?v=1u3st6TmLTE,JA,「かみふらの泊得キャンペーン 実施中,
9tbOkxUrzrsOMn2qo4_OF,https://www.youtube.com/watch?v=vnY6F1Ce6PE,JA,上富良野町の紅葉,
LNNlrlGZYWducLuhwh6EP,https://www.youtube.com/watch?v=GNn98IFBb_g,JA,ラベンダーフェスタ 2021 上富良野特別オムニバス版,
Qg8XK3CvBgI0w26zcn05M,https://www.youtube.com/watch?v=duYHA4aOGCU,JA,ラベンダーフェスタ上富良野 2021,
qTcR5luBIXygGylhQJGRM,https://www.youtube.com/watch?v=1OLf46_AJD0,JA,神富良野のライトアップと花火オンライン2020,
Jf_T-DpbkXLQJ1yG2Ly_g,https://www.youtube.com/watch?v=CZiSEZrNQdw,JA,2019 深山峠さくら園,
7GvkThFFQrJ9tAaLMETkn,https://www.youtube.com/watch?v=JcLDY24LLss,JA,2017年TOUR OF KAMUI,
yCHlMM3IWCBw98CUPNIXV,https://www.youtube.com/watch?v=pnbP-53dyfg,JA,miyamaasahi,
flTYHUHeSWS-3kV6_q2O8,https://www.youtube.com/watch?v=IoHZPMw3sW8,JA,第５４回かみふらの雪まつり,
1gI_v4m_RmBg1mhyIwXtq,https://www.youtube.com/watch?v=6_iVcFAOCkc,JA,FHD0001,
9igl6UKnsQf7-uV7zIquN,https://www.youtube.com/watch?v=PQXWROVrZrs,JA,上富良野サイクリング　VR360,
u-NRGrA_6z-xta1D3FpXJ,https://www.youtube.com/watch?v=-5cYWwRPhoA,JA,上富良野サイクリング　VR360,
oLLDY1Dtv7mED3Tjv460G,https://www.youtube.com/watch?v=hsMx0EWo2V0,JA,【北広島町】豊平地域～田園風景～,
Ker9AvjLNCMPz0b3BVOd6,https://www.youtube.com/watch?v=OmvQJH_0s0Y,JA,法然上人二十五霊場　報恩講寺,
mFV5mf4am2iDyU2ziVIsR,https://www.youtube.com/watch?v=Cxx6mw6XeP4,JA,【兵庫県】神結酒造【加東市】,
l2YN021MUiE5pkraSQxAg,https://www.youtube.com/watch?v=HRMi3wETjhU,JA,【兵庫県】日帰り天然温泉　滝野温泉ぽかぽ【加東市】,
GCkvYgepZBF9zqXHBeYUK,https://www.youtube.com/watch?v=_NgNiKaXNtM,JA,これらのスポットを評価します #浅草。フルビデオをクリックしてご覧ください。,
oSBo9Agu8y73jb1uQdRq8,https://www.youtube.com/watch?v=5XK77Ndfejc,JA,日本の桜の名所6選,
AtLu1G43IJL5nzSlvQfmK,https://www.youtube.com/watch?v=Ekr3S5JPu4g,JA,川越に行ったら見逃せないお菓子、東京からの簡単な日帰り旅行,
moeenGizTs86x7brnJxDG,https://www.youtube.com/watch?v=bVD1pHvwHAw,JA,東京で無料の餃子はいかが？餃子処たちばなを訪れて,
fuaoWSecpPiDenitUHvDN,https://www.youtube.com/watch?v=OvCENEVTwBg,JA,はい、実際に高尾山から富士山を見ることができます,
bvm4ZF0kzqm3T9VjcaEwW,https://www.youtube.com/watch?v=rqohdt0OCQ4,JA,高円寺での楽しみ方、東京の隠れたスポットの一つ,
wm0UgXHLIUClTlsAoOibn,https://www.youtube.com/watch?v=Y74wM2Z5KU8,JA,東京で行くべきでない場所はどこですか？,
VboZQG1aIp7RTTHiUDnjG,https://www.youtube.com/watch?v=gXhK_4Yl604,JA,この東京の日帰り旅行を聞いたことがありますか？,
9PLhd04U5Cd1Vn1qc3xma,https://www.youtube.com/watch?v=FRDNc2KVGak,JA,東京には無料でできることがたくさんあります,
TUgf5xo0dJad2bqnCdOnJ,https://www.youtube.com/watch?v=n8jno52R56A,JA,どの東京のバーがかくれんぼで勝つだろう？これらの隠れたスポットを見逃さないで。 #東京 #バー,
UFD3MSMYWBm98NSq0VreK,https://www.youtube.com/watch?v=mif0F-LlWzY,JA,私たちは皆それをやったことがあります。,
OPV0aLz1cYq_oJzfct__T,https://www.youtube.com/watch?v=4KQx3vNu3UM,JA,この東京の日帰り旅行を聞いたことがありますか？,
nlA0cbLl0lQz7zNfzLWGv,https://www.youtube.com/watch?v=hzCyUsqUvBk,JA,私たちは何かを見逃しましたか？ #tokyofood,
2bz1FwqqF9Eh9tS4iZUGt,https://www.youtube.com/watch?v=z1Ibo_2Bvr4,JA,もう日本鉄道パスを買えない？これらのオプションはより手頃です,
GEu-5T4xe313y2JrP4P_I,https://www.youtube.com/watch?v=zR4tKDc5C7c,JA,2024年の東京が私たちにもたらしたもの,
XpcRwtkyqccT8P2d_aYp1,https://www.youtube.com/watch?v=n-Xm4SUFDYs,JA,ダイソーでの買い物を忘れて、東京のユニークな店でお土産を手に入れよう,
xUVzPdyB0kUmHf2kp5VkJ,https://www.youtube.com/watch?v=HQa3zjRCOlQ,JA,東京のフリーマーケットで見つけられるもの,
02hKSQliofUniZXqtM204,https://www.youtube.com/watch?v=ObkHvxJp9zw,JA,富士山登山のための役立つヒント 2024年,
sBHEIv03kW3jkYvsE2J6e,https://www.youtube.com/watch?v=vFReZxWHFkc,JA,東京でかわいいお土産を手に入れよう #tokyo #japan,
rx7c1tXxAnWEWmWEcgJrw,https://www.youtube.com/watch?v=DWwYDi6B__M,JA,日本のロッカーの使い方,
HF4Q_HudxqPDSLmeWwmpQ,https://www.youtube.com/watch?v=STnhmiWx1e8,JA,羽田から東京への移動方法に関する有用な情報,
fH18SuZxdJ3mhmKrg_CTP,https://www.youtube.com/watch?v=xOorhlV5g_0,JA,東京からの箱根日帰り旅行のアイデア,
swHcZYPFz7TPMwVRKYS_B,https://www.youtube.com/watch?v=ylO9LvWwuqY,JA,日本に来るのに最悪の時期は？,
SNuyrYKObL9LXppOmIbLz,https://www.youtube.com/watch?v=7GTICUg0OV4,JA,ゴールデン街は過大評価されている、代わりにこれらのバーに行こう。,
j6M2XlaMFbKzbeiJnsW_Z,https://www.youtube.com/watch?v=VVLCC9A8Dkg,JA,東京でこの駄菓子バーを試してみてください,
pR9H1lYnnoiUE2CGYt2mo,https://www.youtube.com/watch?v=Q2DFfyROin4,JA,マヨネーズファンはいませんか？,
1H7RyYqu3TSxKuWbS7t1X,https://www.youtube.com/watch?v=o7vMqAmR4Jk,JA,ジブリファン？これをリストに追加してください。,
j_kvEUrwjCL7VAXxBOuGN,https://www.youtube.com/watch?v=bMBHJnICh3w,JA,東京で好きな空港はどこですか？詳細は私たちのフルビデオで。#日本,
GS9DXyGzPBjTvdgHkdE8y,https://www.youtube.com/watch?v=1t4Pgy8y_VA,JA,嵐山の混雑を避けるための代替案,
QtHOWqecavNpPrf7cu2Zn,https://www.youtube.com/watch?v=pfbQWfeMCys,JA,日本旅行のヒントはありますか？,
iSWlqQ37snWY1ms2UNHiT,https://www.youtube.com/watch?v=6UBl8ChOh3E,JA,日本で見つけたガチャポンは何ですか？,
ZxlG9Fgv6dMXJ7BelkT9b,https://www.youtube.com/watch?v=hncjvbKQB8s,JA,お金を節約して#下北沢で素敵に見える,
rCHWGiJiEBCBWMZWx9qE5,https://www.youtube.com/watch?v=FvAOG0RPydk,JA,何を追加しますか？🌸,
IVG5ED2XlhH-MKUIhhnfs,https://www.youtube.com/watch?v=V51VTCvtK78,JA,2024年の桜はいつ見るべきか？,
7UyPzmXMXO9NQLIkq2p7U,https://www.youtube.com/watch?v=QL8K0iL3fkU,JA,心配しないで、東京で相撲を見逃すことはありません！👈👈,
7NQnp4DVGnlhqMzjnjvFg,https://www.youtube.com/watch?v=t2D9gEjVfpw,JA,東京の新しいアトラクション！そして無料です。,
3OkOX1PEl1SXOOS-VpecU,https://www.youtube.com/watch?v=V8VWSe14i7U,JA,東京の最新オープニング！teamLab Borderless。,
wsFhALJ8yRSFaeYQZOMRh,https://www.youtube.com/watch?v=gRSpjrbaKPw,JA,☝️もっと浅草のヒントを私たちのフルビデオで☝️ #浅草 #東京のヒント #東京ガイド,
zEW_Nn8tV93XStbAp_MaP,https://www.youtube.com/watch?v=ssmZHUUOhh8,JA,☝️☝️☝️私たちの東京24時間の旅程をチャンネルでご覧ください！ #東京 #旅行 #日本,
-lik_JQdd46s1oRVoKFw6,https://www.youtube.com/watch?v=2PZ6NaoPXI8,JA,2024年に東京に新しいアトラクションが登場,
nAA_jo-TBrHtHzjLAB-Wc,https://www.youtube.com/watch?v=R4tH4t49K5Q,JA,このクリスマスシーズンに私たちが望むのは東京のイルミネーションです。,
KMHtisP1AfjWS8r0JhVRc,https://www.youtube.com/watch?v=uqP2zShtiQY,JA,東京は忙しい。,
gdTHyx4yx8a3XINjfsVJP,https://www.youtube.com/watch?v=-OLC7mEqx04,JA,この猫はあなたに日本語を教えます。,
gFUlYG5qL3RUGAZ9D2WwT,https://www.youtube.com/watch?v=uPOHVF5-bPE,JA,東京の竹下通りでできること,
6Jj0xRabFrubXTrRnjsLP,https://www.youtube.com/watch?v=noGy5pug8Eg,JA,東京の周りを案内します。,
ip3Mj4mYxPN4dGCdR7SDd,https://www.youtube.com/watch?v=iZpjXTBrxDM,JA,この新しい高級列車に乗ろう,
WdXgy_EtMt9T5nGHm5NqP,https://www.youtube.com/watch?v=nOiSBq_cxjU,JA,東京でバスを捕まえよう,
hMwutd97mFs_VSXRJgO9w,https://www.youtube.com/watch?v=zu_N2F74AWQ,JA,東京からの簡単な日帰り旅行,
jYykEWsXTAozpQMeIwXB7,https://www.youtube.com/watch?v=Xv1iwItYsLs,JA,私たちのチャンネルでフルビデオを見てください！ #fuji,
nF6vXTkj_ogz0Ee2RRgMC,https://www.youtube.com/watch?v=hhLae3DmM2Y,JA,東京のICカードに対するキャンセル文化,
b075RWc4bn8NyNAtsTDgh,https://www.youtube.com/watch?v=6IT0dmRSzyA,JA,東京にいる間に立ち寄ってください。,
UMs4DhW7eoRHUASjTKsQp,https://www.youtube.com/watch?v=5NfYcI5JqIE,JA,いたずらか良い子か？歌舞伎町での過ごし方 #discovertokyo,
RTHJt-658ZqCL23-X4-S8,https://www.youtube.com/watch?v=MyNJrs0lNNA,JA,あなたはこれらのことをしましたか？,
Zp01wNKbpFWxjOpgT7iZf,https://www.youtube.com/watch?v=Ppmc-n4ZJfs,JA,あなたは新しい東京ハリー・ポッター・スタジオツアーの魔法使いです,
9oD9Oi2CDfXrPHbgDcagJ,https://www.youtube.com/watch?v=F5OedlH-ISo,JA,新しいジブリパークの中身は？,
5jS9Vm0ApdKgc5aepfwN9,https://www.youtube.com/watch?v=ud9S_meDWtE,JA,新幹線の座席を確保しよう！,
U4rl_b7o9uPBIJ_DTii2b,https://www.youtube.com/watch?v=z2K9sPc_B1I,JA,広島の素晴らしい価値のあるホテル,
dYx_pbplFX7NCELqV9SNO,https://www.youtube.com/watch?v=IMa1zlB0pdw,JA,鎌倉へのクイックガイド,
dGKq1UHJBfgHns7L5Q8MK,https://www.youtube.com/watch?v=7XsRW_ambX0,JA,日本に戻る,
doKeGDt3XBwpA2FFpGi4W,https://www.youtube.com/watch?v=-Nti4VDUY8c,JA,寿司、寿司、そしてもっと寿司！,
dnRWqjggANoV8-Z2_ixIU,https://www.youtube.com/watch?v=x3ye9jATZvg,JA,スタジオジブリのファンですか？,
rxdT9rZTr1EyIIVdYGAxB,https://www.youtube.com/watch?v=ywSVFP36vzE,JA,成田から東京への行き方,
eg9znUPvpGV3JeyVy9K9W,https://www.youtube.com/watch?v=p-vrGqq-tY4,JA,日本で買うべき猫のおもちゃ,
hOCEa8SKTGSt9ocXEsUiK,https://www.youtube.com/watch?v=Z9mRTPnNWFo,JA,日本の手頃なホテル、ロフトルーム付き,
14cUtKKmYR7iG_E_QR9k7,https://www.youtube.com/watch?v=-uZEnZhhWi8,JA,東京の冬のイルミネーション,
t-qiJvNekwGqmyva2xu8V,https://www.youtube.com/watch?v=da21pUHWXoI,JA,GEO MIRACLE KOBE～HIGHLIGHTS～(日本語字幕),
YePT4btPBw2Ba_ViPpR08,https://www.youtube.com/watch?v=4hGGK_qe3Yk,JA,GEO MIRACLE KOBE～HIGHLIGHTS～,
YoV-Bw9DQxXgGDETBhfFk,https://www.youtube.com/watch?v=-Sj5L_osGgk,JA,GEO MIRACLE KOBE～FOOD～(日本語字幕),
IVodc4sihcqGDmCCMLOnf,https://www.youtube.com/watch?v=N9QEHFy8JJU,JA,GEO MIRACLE KOBE～ARIMA～(日本語字幕),
mlsV-3wQu32t3nyHaSdf7,https://www.youtube.com/watch?v=PpuxILIvXV0,JA,GEO MIRACLE KOBE～ARIMA～,
fDalVfu_4gyUbjyryp34Z,https://www.youtube.com/watch?v=pp9zmoGxEEk,JA,GEO MIRACLE KOBE～FOOD～,
j4BY3uFbBQovPs8RFerDE,https://www.youtube.com/watch?v=TxD8aMjE5RU,JA,241218nara slow and loopWV JR情報カットVer,
oo2SC5uMSakTcoiHLs6NO,https://www.youtube.com/watch?v=rZOKVH5gcyg,JA,奈良県MICE誘致PR動画（日本語フルバージョン）,
xYvm3qZgsincOe-q7twq_,https://www.youtube.com/watch?v=XS3kngu3VEA,JA,奈良県MICE誘致PR動画（日本語ショートバージョン）,
r1DiN4J8iZHy1fMQ1OBWI,https://www.youtube.com/watch?v=FjOfaAsJ2pI,JA,NARA MICEに関するプロモーションビデオ（日本語フルバージョン）,
pcvE_a6GLSwdvpmoF2er7,https://www.youtube.com/watch?v=_Bb_z462hCQ,JA,NARA MICEに関するプロモーションビデオ（日本語短縮版）,
HkvLYHJl_0ujt6OMgwdm8,https://www.youtube.com/watch?v=xm0uK9FeQtc,JA,ナラ・ニ・トマッテ卿のひとりごと　ホテルいろいろ篇,
MuM_1-EDFjEOaOJA7D-i_,https://www.youtube.com/watch?v=hicjyucmRPs,JA,ナラ・ニ・トマッテ卿のひとりごと　大阪近い篇,
3Ofu1J61ki_65UZBjxhRH,https://www.youtube.com/watch?v=hE3-uTt-PEM,JA,ナラ・ニ・トマッテ卿のひとりごと　中南部旅篇,
pZ1SBgnBDIam6dJibODtX,https://www.youtube.com/watch?v=PZbtzf4bY_M,JA,ナラ・ニ・トマッテ卿のひとりごと　私の名前篇,
93xv88RcEmKGcKTiMym48,https://www.youtube.com/watch?v=FhJpsQnntCY,JA,ひろさきガイドマップ　カラーバーコードの使い方,
keHIfcFiNkv6sGfWaQ9nR,https://www.youtube.com/watch?v=4QlQQtzd8rM,JA,さくら物語,
UndrtTMiENeg1x3KE2LK3,https://www.youtube.com/watch?v=i39xLxwHdhU,JA,50周年記念事業記録映像,
9-V7JaLTZdNQ_rdSGEsvj,https://www.youtube.com/watch?v=Z-7LWg9UAGI,JA,予告編「海がつなげた、こころの絆」沖縄祖国復帰50周年記念事業映像,
Za1CGUD87q9-neGaHbsUz,https://www.youtube.com/watch?v=1IJpxtysWso,JA,「海がつなげた、こころの絆」25分バージョン　沖縄祖国復帰50周年記念事業映像,
efhOjzg6zJvATVzaKUfV0,https://www.youtube.com/watch?v=dJUke3olk_c,JA,「海がつなげた、こころの絆」15分バージョン　沖縄祖国復帰50周年記念事業映像,
D6GCyINWbSp7dr5y9QAmu,https://www.youtube.com/watch?v=JFWsrUEmQs8,JA,【VR】南阿蘇 空から見た観音桜360°,
0i1v4I8WzKuxcJr21HMdf,https://www.youtube.com/watch?v=WffHO4rz3oo,JA,みなみあそレンタサイクルPV,
dnycj-VXeJ0HzEuFpdooK,https://www.youtube.com/watch?v=pFK6M2s9J6A,JA,鯛めし　篇,
eBJW_olflMm5Z_EdUJrww,https://www.youtube.com/watch?v=PddC41KRO-Q,JA,シーカヤック　篇,
8ascHaklLIqHD_XOSDTS_,https://www.youtube.com/watch?v=JbR2Z3ghCl8,JA,宇久島　15秒告知,
RlNuFxyRP4poH0o_FJ9e4,https://www.youtube.com/watch?v=Q82GTDkpWrY,JA,宇久島ダイビング映像,
g7Eo_FaN3RqBKUE6K2WCQ,https://www.youtube.com/watch?v=3vnM_Z1e5mg,JA,アッパーニッポン,
4RVAZHkxhTO-PPh0lcPBm,https://www.youtube.com/watch?v=92xrKJkHIh4,JA,舞台裏,
oLTKqQa2_aDghjQzgRhTY,https://www.youtube.com/watch?v=N4I1sYHXyGQ,JA,a letter from  〜島に結う〜,
vObukjfwB3pHv0vTTqiGN,https://www.youtube.com/watch?v=qZDHuOGqO4w,JA,沖縄の時間の流れ,
ij_xBDuvefLePWwUrIsbY,https://www.youtube.com/watch?v=72wY8Te6N2E,JA,はしとはしのはなし,
4pYosXctnJicfGHqEtrgX,https://www.youtube.com/watch?v=XTrS9zrQ2Io,JA,私たちの歌は生き続ける,
tTMsICYp6uyeMySB-djBf,https://www.youtube.com/watch?v=x7oFpTVkAPA,JA,桂馬蒲鉾商店 “Always” Is Our Will,
DtzPPaa3kKgPiAl0_DmGL,https://www.youtube.com/watch?v=Fib0qYxnaaw,JA,3285,
XfGcRPA_u95K_zbDhnrVA,https://www.youtube.com/watch?v=Due5xJCirLk,JA,わたし レモンの橋わたし,
tdOvdeqOwU1y4lg6DxBpU,https://www.youtube.com/watch?v=dik2vcTX96w,JA,伝統的なダンス ~キチャ~,
3D4Mmlloig6OuY-5CZbPd,https://www.youtube.com/watch?v=D2YyvgPFQ9c,JA,みるく世ぬ声合  ~想いのたね~,
p7uz3aNpQyJrGVx8SVGLu,https://www.youtube.com/watch?v=Y2LyRlWVLbE,JA,Successionからの手紙,
zJ1tbowDP6ss0LS8pCNHN,https://www.youtube.com/watch?v=hYKMatqW9qc,JA,a letter from  ~島を継ぐ~,
YvB2YmDby2FY-2C3FT9H7,https://www.youtube.com/watch?v=n78xefKe8yg,JA,行進からの手紙,
WXyEKQ-K1v_HGzOU9rIon,https://www.youtube.com/watch?v=osawxA_JwMM,JA,a letter from  ~島に添う~,
fHVKArl3rmFhuywHPrcIY,https://www.youtube.com/watch?v=gtZM85pXq0U,JA,2920,
DzV5bWouQeysC3s_3zfDu,https://www.youtube.com/watch?v=BMxwIE-agts,JA,愛媛でのフィールドワーク,
A2cUq0v8th9l9aF4sFQ0Y,https://www.youtube.com/watch?v=tLAgTCwdOiI,JA,小さな驚きの部門 4K,
jsoTezdf7k07V3lsEPrla,https://www.youtube.com/watch?v=JEHwlx1eWuY,JA,リトルワンダータウン 4K,
Dj1KWYt-hqMB7unQrIwQP,https://www.youtube.com/watch?v=lsakP_tN0ug,JA,NAME CAMP わたしたちの11日間,
6kaQJyMDmFk4sNXIRaxKT,https://www.youtube.com/watch?v=tomthJm9nvY,JA,ヒルトンホテル広島,
LJHyWfgpoafdwaNPZXEz1,https://www.youtube.com/watch?v=9OrMBS9TfOU,JA,下北半島  -GEO DINING SHIMOKITA- short,
RmjSTF85-FAqOHcDnZVTe,https://www.youtube.com/watch?v=9ZB9TjxS72o,JA,一食に感動を long ver.,
sOTMjWDSRBgStSCzv0g5N,https://www.youtube.com/watch?v=pvoekrpb1GY,JA,一食に感動を short ver.,
xixA16DNk_afRzQ0nI07h,https://www.youtube.com/watch?v=3-WPSNyK0eU,JA,ウツミ漁師祭り 2019,
m_s05ms2FFE4L-w_ETYIg,https://www.youtube.com/watch?v=bPoIimeslJc,JA,CYCLING PORT MINATO OASIS ONOMICHI -サイクリングポート みなとオアシス尾道-,
1JnZp7hDiPBQRPGmdtEzu,https://www.youtube.com/watch?v=wic97tQCdkc,JA,友浦日本遺産 -フランス語-,
Lu7lxrQt-xOOQHejIG9Mk,https://www.youtube.com/watch?v=DPEzZiEhfH4,JA,友浦 日本遺産,
BEZTpsTnluljK978D0yir,https://www.youtube.com/watch?v=JWVZnPx-EPs,JA,35mmWEDDING - TAKEO×NORIKO -,
KHogEeJPWrDofKe4Auh7L,https://www.youtube.com/watch?v=kJ17-tK31_s,JA,1095,
3TRzS_ASCI3XQ5w87dA7f,https://www.youtube.com/watch?v=koLEIs7I0Qc,JA,エリアイン伏見町,
drAtAJlWA1O5CzauuSzkF,https://www.youtube.com/watch?v=dqGws35lFXw,JA,誰でもできる！,
u8eNg8rJNQb-hxIdkcpR-,https://www.youtube.com/watch?v=qjU_E2ImaOk,JA,会津青年会議所,
bjDo-xIdqEM6KTvWha6bW,https://www.youtube.com/watch?v=lvNcxj9TUIc,JA,盛岡,
U67EAFHr7c911sWM4Mziq,https://www.youtube.com/watch?v=Fv5REzC2bqE,JA,瀬戸内デニム,
U2GCYwqU2uTxIGwREeGBa,https://www.youtube.com/watch?v=VcdK2R4Tqqk,JA,下北半島 - GEO DINING SHIMOKITA -  Taiwan Version,
w73YOybykCH2iFRm2Vj__,https://www.youtube.com/watch?v=mOIh-Tw87Pk,JA,はじめよう  - JIMONOLIVE -,
5ntx5lSWa3rIgmSTYqbp0,https://www.youtube.com/watch?v=wkGRvu-W5QE,JA,尾道はもう元気じゃけぇ!! あの人と行きたい編,
05hG90SUi_HB0CbBeWHfa,https://www.youtube.com/watch?v=JSeiQZA3hX0,JA,尾道はもう元気じゃけぇ!! あの人と食べたい編,
Ybhq6IuIcpvgH3JRI-ih7,https://www.youtube.com/watch?v=8KPYasKzctg,JA,3周年,
Dotc0R8IKE1mLayjlRHU9,https://www.youtube.com/watch?v=Jz1OWEkhn9w,JA,730,
m70aQOlNKp99rgQtS-aHc,https://www.youtube.com/watch?v=Ik44l3NhBo8,JA,エネルギー創造企業へ  -国分寺産業-,
L4o-s9vWskyIHFGVqTKVU,https://www.youtube.com/watch?v=TU-_H3aYpwk,JA,オリンピックニック,
EPIEHchpjRFuKOUTCgU1z,https://www.youtube.com/watch?v=qDWwa0QqyI0,JA,家族で 笑顔で 幸せに,
HOEQpu1Zt6jB1Z0w_2Zwo,https://www.youtube.com/watch?v=uUVn-7gNj_Q,JA,ニコライ・バーグマン 福山,
IiPegM4FZR5aJ1jzaJ6rt,https://www.youtube.com/watch?v=T48xBRZMNBI,JA,FORM OF LOVE   - ありがとうママ編 -,
caBW4dHqDeOeCwE7kfwAz,https://www.youtube.com/watch?v=LfvqXH1xc78,JA,福山暁の星女子中学・高等学校,
iqIC3LQQY6ie1YL5YTg0A,https://www.youtube.com/watch?v=yhCZu08-xcw,JA,家族といっしょに育つ家  ナチュラルハウス,
aGdWvdQvsH3_KVOppZ_BZ,https://www.youtube.com/watch?v=-CUkn939zI4,JA,365,
6Nn08vvRTpPq-1h7NRFKk,https://www.youtube.com/watch?v=luDO6_KLxHE,JA,CIRCLE -次の100年へ-,
mWzaXk_ncaI-1iLvH_Q9h,https://www.youtube.com/watch?v=8BdHlKt6dZ8,JA,若狭和田ビーチの誇り,
hQooXOvM0xyX3tJDOkJ2S,https://www.youtube.com/watch?v=EH2l141jHws,JA,新開プロモーション 動画コンテスト SAMPLE,
by7o0modE4r7lNrSShiar,https://www.youtube.com/watch?v=_4JpTmZqgAU,JA,ITTOKU&SEO 感謝祭 20周年,
ZRmUd3RPOYYPpCYX_UCmB,https://www.youtube.com/watch?v=90glOPT5C_E,JA,三光汽船株式会社　- 夢運便 -,
FwZYmmkc5qhctlTm4nd-M,https://www.youtube.com/watch?v=jsvi0N0inn0,JA,35mmWEDDING - SMILEY ISLAND -,
fBcbNdsrzUmKith_WbhDJ,https://www.youtube.com/watch?v=ky_-dJMN_nU,JA,若沢田救助クラブ,
4k_Tvh8e31MAwVEkVMyWQ,https://www.youtube.com/watch?v=gGTF72vAqMQ,JA,Que Sera Sera ワイン＆音楽祭'16,
TwO3_iH7rMzoMXrL688HP,https://www.youtube.com/watch?v=JElO9BFeGj0,JA,2016ハッピーラフト 30秒CM,
NO5WOV1RSzyK0rlrD_c3W,https://www.youtube.com/watch?v=PD5dNHZegs4,JA,ギフト,
DLNZ_opGe8_-DtkDZMmgt,https://www.youtube.com/watch?v=cj68_fXGbuc,JA,ライフスタイルのためのリノベーション,
eVdsvTc8CrAsUewpVdH1s,https://www.youtube.com/watch?v=CcwghLZuqLs,JA,瀬戸内クルージングポータルサイト,
qf2bDeE-Gw9y5AVpG0u-G,https://www.youtube.com/watch?v=KFS5QFjqPEc,JA,【月刊ケ・セラ・セラ-田舎と音楽-Vol.3 BimBomBam楽団】ライブ,
9Q_9L5IToKX4sZ7aTmxHz,https://www.youtube.com/watch?v=Zd0PsztdpDE,JA,希望,
Kp9ed1eIPWVMWWbqDUEm_,https://www.youtube.com/watch?v=HUm04Yh5_T0,JA,【月刊ケ・セラ・セラ-田舎と音楽-Vol.2 DUSTIN WONG】ダイジェスト,
S1wPq81ps_JRbSGcApMch,https://www.youtube.com/watch?v=6DQGv91Dofs,JA,グランピング 若狭高浜観光協会【TAKAHAMA BAY CAMP】,
1V1Lwr_BirMMPgYDonKbj,https://www.youtube.com/watch?v=CzcnjsFu4QM,JA,AIZU LAMPLIGHT  末廣酒造,
Do_NmwkdNOD6yLCDiKD4x,https://www.youtube.com/watch?v=kWTavw8nTdA,JA,AIZU LAMPLIGHT  鶴ヶ城,
-v0jFijc2TCr3JrBSeNzR,https://www.youtube.com/watch?v=GjmKp40Y-c8,JA,AIZU LAMPLIGHT  渋川問屋,
nidd6FzCLz8FJKkHJR5AO,https://www.youtube.com/watch?v=hkhlbXGQGQ4,JA,AIZU LAMPLIGHT  七日町駅,
bS8verhE0dEQo75q2VIYd,https://www.youtube.com/watch?v=eu9A8EYyj8M,JA,AIZU LAMPLIGHT  会津葵本店,
Ur2TQUknm874ItoCv_80w,https://www.youtube.com/watch?v=ekwTohQxKLg,JA,メンテナンス方法,
JyTS2Z3SNbIfCiCFeKSDs,https://www.youtube.com/watch?v=22W4OTSxaiA,JA,もし29日間,
cbpwDlR0qG3b4FVDf7Edv,https://www.youtube.com/watch?v=Nb1tQmuJhEQ,JA,ハロウィンが来た,
qrfuh1JaEAMC6FeTzP4f-,https://www.youtube.com/watch?v=BnwJ48SvkFI,JA,35mmWEDDING - LOVE×LETTER -,
k-QUQLm06OHprE7H-AtxN,https://www.youtube.com/watch?v=jpAS4G33pG4,JA,100年以上持つ家具,
wbKqaV3vXNyA0a1D6ojVd,https://www.youtube.com/watch?v=Ost5AB8z4N0,JA,旬果瞬菓,
qmS128Di5Wj1KkLHa4MC2,https://www.youtube.com/watch?v=y9mgAgABd2k,JA,福山ブランド,
brnW61LPjPALUOZXtM5OL,https://www.youtube.com/watch?v=2kTfcPUqazo,JA,夏といえば,
9PU57O71vrGTG4JXCoU_D,https://www.youtube.com/watch?v=Oqwa8QQWPKM,JA,台風が過ぎた後,
PxEZaF9ZvSIFgeRPn1xs_,https://www.youtube.com/watch?v=sY7iAnfqquc,JA,STOREHOUSE09 CM,
7oyUHvPR-mrqukgN-GlGv,https://www.youtube.com/watch?v=RBABBExP9oQ,JA,海辺のパーティー,
PvmzE7S9pC1Nyz1XzvQQO,https://www.youtube.com/watch?v=Gw21Nha9aFs,JA,誓いと祈り,
JJnxXzlRinb_TdU_VhvbM,https://www.youtube.com/watch?v=812zWx6CeqM,JA,ストアハウスの作り方,
-127za3mCpYaRVdJHy-JK,https://www.youtube.com/watch?v=b-quC9k1pbw,JA,協力は機能する,
dEXvQJzG8FZ2Ix0oC6uNI,https://www.youtube.com/watch?v=qjk8ui3EQW0,JA,ageha CM,
y9OHpApCsYq6hdHy4o_2z,https://www.youtube.com/watch?v=uKw1oHCbANk,JA,一食に感動を,
BMRxFquyxY0efdn7CWYVn,https://www.youtube.com/watch?v=xwhK0ezITTc,JA,ハイライト1ST,
_iVF7IH1gwYxu2-uLfnQo,https://www.youtube.com/watch?v=sNP0tDqNrmU,JA,文化を味わう,
ewjsp0amSap0UF5BGcyyE,https://www.youtube.com/watch?v=Reb2JAHhaws,JA,Trick and Treat　-いたずらしておもてなし-,
IOJgi0Y6WhEY5Ed5cyxkB,https://www.youtube.com/watch?v=phNo8teSzYQ,JA,ツナグ ～人から人へ～ RECEPTION SAME DAY EDIT,
T5Zo3CVFyJ2HfTRkDQaCa,https://www.youtube.com/watch?v=nlGKLXbiiok,JA,スマイル,
aGm6Ae_2efe7A-k1-R8IS,https://www.youtube.com/watch?v=MnTQvbfGXIM,JA,ハッピーラフトCM,
joChR-5fkJPNJB2gQdkJ2,https://www.youtube.com/watch?v=wZEZ_6LV5mk,JA,ハッピーラフトPV,
cGHfw8nA7QzyaNk2LvzdZ,https://www.youtube.com/watch?v=mrWrTjXCBj4,JA,2023年立佞武多「かぐや」出陣,
HwkD1NTcytv82jyV7SX01,https://www.youtube.com/watch?v=vRwZS1tUNY0,JA,青森県公式ファンコミュニティ「青森びいき」オープン,
MV7V88b-7QIUh9mGz2Cd1,https://www.youtube.com/watch?v=nyRC33zPdkU,JA,IMG 3786,
laYmNbONNU2jV-h8VFeUa,https://www.youtube.com/watch?v=CJpP807NCDE,JA,古津軽を訪ねて〜お囃子体験〜,
pERjSNxi-uOCvSeELPjbA,https://www.youtube.com/watch?v=Ye-iUnM1EHc,JA,古津軽を訪ねて〜弘前ねぷた〜,
81Tf4K8ty98C5i_QWRf6a,https://www.youtube.com/watch?v=7gezA8IrYZ8,JA,新しい常態 青森,
zLst3RIWDHpfwPeF7KCtQ,https://www.youtube.com/watch?v=YylsvGDxNJU,JA,新しいノーマル青森ロング,
76hilKP0xJX4JxTefwq1w,https://www.youtube.com/watch?v=v2Z-QFMdiL8,JA,むつ市出身のペン画家、川口絵里衣さんに、りんごガラスペンでイラストを描いてもらいました！,
dRrrVTMJSVBtzNnz6yFXK,https://www.youtube.com/watch?v=iHG_hpsyC-I,JA,青森,
jkc6Z9WFpDuMLryeSIL5g,https://www.youtube.com/watch?v=I5c-ipT3sME,JA,十和田湖スカイランタン　湖水まつり2020,
U_yQzonF8W69sWssRF0AL,https://www.youtube.com/watch?v=QLcYj0v2lis,JA,十和田市民に親しまれる「とうてつ駅そば」,
-KKSUpuPTREX0_m-V_cNv,https://www.youtube.com/watch?v=M3VSppCxodk,JA,地域に愛される「ハピたのかふぇ」,
gU2wds4VVFxQBCnQdkb2K,https://www.youtube.com/watch?v=VczQhgCGAzI,JA,十和田市民のソウルフード、司バラ焼き大衆食堂,
Ic32dDa4cC4woB8MsqJai,https://www.youtube.com/watch?v=i9xRPMufEjc,JA,すずのや、化け焼きそば,
DcbMELp3ntjzqvo8I7b7Z,https://www.youtube.com/watch?v=Q9nJ-cvC7k8,JA,黒石つゆ焼きそば「すずのや」,
s_HI0ygkTMGN9PQ7U9m9c,https://www.youtube.com/watch?v=6cVpcpYYQvk,JA,江戸時代から、弘前市民に愛される「川越黄金焼店」,
_AxhiUX9XzFi9BRTwMnxH,https://www.youtube.com/watch?v=4Oo-SenRen0,JA,津軽百年食堂、そば処「三忠食堂」,
6nXooXT6qz1iCrObGTdUE,https://www.youtube.com/watch?v=qDHvGp2H3Ag,JA,高野崎よかネー！ byカメラマン・松隈直樹さん,
VYgCr8G0CYHcBVXoykgzZ,https://www.youtube.com/watch?v=DewmOFA876Y,JA,映像のチカラコンテスト in NIIJIMA&SHIKINEJIMA TOKYO のライブ ストリーム,
c24GznQAgbyzcs_u3Q2CL,https://www.youtube.com/watch?v=xMEOW5ZKH5I,JA,nagoyainfoncvb のライブ配信,
t-QS4RB-2RIP9dSaqL9EW,https://www.youtube.com/watch?v=fD-y0Gj8pvo,JA,きみへ届け！名古屋テレビ塔からエール　メッセージ点灯【2020/12/12】,
iHQhXI7_RV_R7kYw0avzB,https://www.youtube.com/watch?v=ViFT-t6ZFRY,JA,緑区プロモーション映像（3分版）,
ULGoUvJOXjnhPC4JMochI,https://www.youtube.com/watch?v=t5EE94fV8hI,JA,名古屋観光PR動画 Photogenic Nagoya,
B3JEImDf4vJCIR5oKLcF0,https://www.youtube.com/watch?v=W5BBOCfYEKg,JA,名古屋市観光PV - フォトジェニック名古屋,
cKeP5EoO442UA7FCNUFIO,https://www.youtube.com/watch?v=1uQUKCNVlws,JA,名古屋市観光PV - 写真映えする名古屋 中文简体 Chinese Simplified,
wZQ-HtLligLmMVY7dS2nV,https://www.youtube.com/watch?v=C_UyGNG9GHc,JA,名古屋市観光PV - フォトジェニック名古屋,
75B1Li2gAlnGZ9Xyv3LUG,https://www.youtube.com/watch?v=F_YeXD9NP28,JA,名古屋市観光PV - フォトジェニック名古屋,
V6IHVH_KU5SppPzd_uvS5,https://www.youtube.com/watch?v=ZU3F026uILY,JA,名古屋市観光PV - フォトジェニック名古屋 - 英語,
M24qjewEnS1zDj988nQ35,https://www.youtube.com/watch?v=c22Uq5-diWw,JA,名古屋市観光PV - 写真映えする名古屋 中文繁體 Chinese Traditional,
IAfHArz3sl9VnWHsXPNEG,https://www.youtube.com/watch?v=ZgZG4SertJE,JA,名古屋の城景観光　【提供：名古屋城本丸御殿】,
RuL-Qqzl_2u4fZVVX5aYK,https://www.youtube.com/watch?v=iRvZ8scvccc,JA,名古屋の歴史観光,
wToy3weK_SNp9onQdvp_Z,https://www.youtube.com/watch?v=oB-GvsbH76A,JA,名古屋の文化芸術,
owFlaxKceLZwwqoe_BRfI,https://www.youtube.com/watch?v=hvxfuhmwHZM,JA,CITY LIGHT FANTASIA by NAKED ｰNEW WORLDｰ（名古屋コンシェルジュ　イベント情報）,
OYlUeHrZRXiD2wjnjgy-N,https://www.youtube.com/watch?v=6vF4QXtQbBg,JA,ドラマティックシティ名古屋 ダイジェスト,
KloCQIy6KDMmXBzMK2aTP,https://www.youtube.com/watch?v=kAtlZMEcrug,JA,しゃちほこ フルHDサイズ,
_rlcnUVZWcUXiurC_nMv8,https://www.youtube.com/watch?v=XZUuXJMRJMs,JA,2016秋キャンボイメン動画,
B8GVZagSDh-4HBeJruee6,https://www.youtube.com/watch?v=866jSA_Qj68,JA,驚くべき名古屋 35分,
kwN2-HIBxc3AJg72jW7EO,https://www.youtube.com/watch?v=PrXqbJAdjd4,JA,驚くべき名古屋 5分,
YQj2k-PhFkJYYfg5zEPLm,https://www.youtube.com/watch?v=BtUCFNpTCPU,JA,驚くべき名古屋 2分,
Znl-pWESxbHjcPDpdMNxm,https://www.youtube.com/watch?v=3vpIZSsKDOw,JA,チームしゃちほこ観光特使コメント（就任コメント）,
fbsuzoId066136vKqpegF,https://www.youtube.com/watch?v=bcIqxZ1O130,JA,BOYS AND MEN 観光特使コメント（就任コメント）,
ER5QB0FrGSdQcloKCTMPJ,https://www.youtube.com/watch?v=CAgEB1_LvM4,JA,なんばEKIKAN リニューアル！,
-S2I99ffbPKRbCyNiMC7H,https://www.youtube.com/watch?v=49QyIzxLfkU,JA,南海＆沿線STORY 「ともに走る」（ダイジェスト版）,
QEnn_ewXAmSpXYczxyfac,https://www.youtube.com/watch?v=Gq1kZI62Cnk,JA,南海電鉄煉瓦造暗渠群を巡ろう！,
xH196ekZ2XX6in-IU6y-E,https://www.youtube.com/watch?v=GpzWML0sxB8,JA,「鉄道安全啓発」第2話「さちとの約束：踏切非常ボタン編」（CV.中島由貴）,
_5ezjpYpDyhGo2aFldXSk,https://www.youtube.com/watch?v=58ZgDyULEhk,JA,テーマ曲「きみとでかけよう」,
ydpXMowcSJbgKajzrHJWp,https://www.youtube.com/watch?v=ty2lMhQrsvg,JA,＃南海タイムトラベル,
CBjT8v39gTXbO2jiXZtcM,https://www.youtube.com/watch?v=wutEnxl8euc,JA,南海なんば駅南側高架下「なんばEKIKANプロジェクト」第３期オープン ティーザームービー（2016年公開）,
rQqByPR9V3t4rSNs1Jpyn,https://www.youtube.com/watch?v=eHbImo2nx8Y,JA,Ome Blue 東京青梅 観光動画チャンネル のライブ配信,
t_R88KBzmWgMNaGZY9m2l,https://www.youtube.com/watch?v=Gm90vjRxpik,JA,20220622開催　第１回「かごしま観光未来塾」,
mPwXyAKtkufrQE-0DNSCC,https://www.youtube.com/watch?v=xC7ADrPPkK0,JA,青いサンゴ礁で浮遊体験  #沖縄 #離島 #ラストサマー #サンゴ礁 #海 #スタンドアップパドル #船 #小浜島 #リゾート #ホテル #はいむるぶし,
6ajo2yvF1vqeH14l-61tk,https://www.youtube.com/watch?v=VHbMgvfZc5U,JA,ここにしかない沖縄がある【4K】,
ZDybrkbYx_IMY0rvJ9YSi,https://www.youtube.com/watch?v=ZEQKW8xlKh0,JA,A New Awakening 　目覚め【4K】,
RO1BAlrFHq7AZpiItWrJm,https://www.youtube.com/watch?v=CByowaJQRMo,JA,An Inspiring Journey　再出発【4K】,
z_KEqCrkXjA8GCm8mGa_5,https://www.youtube.com/watch?v=CgOkmhCUbJ4,JA,【私のイチ推し鹿児島コンテスト 優秀賞】名山堀,
nA1pAjJC1Z7tEoFfY0HHa,https://www.youtube.com/watch?v=jRFXkKRLEI4,JA,【私のイチ推し鹿児島コンテスト 優秀賞】 かごしま茶,
H7EH8GhwQxBZbXjWWD-gb,https://www.youtube.com/watch?v=8m0rnn9arzI,JA,【私のイチ推し鹿児島コンテスト 優秀賞】食と自然に逢いに行こう,
8bxptahxHOZDW57l9404V,https://www.youtube.com/watch?v=GAau8CX2BGM,JA,【私のイチ推し鹿児島コンテスト 優秀賞】沖永良部島,
tyevvLf8VfqVTCNBXMTfZ,https://www.youtube.com/watch?v=MsUFbh3_8Tc,JA,【私のイチ推し鹿児島コンテスト 優秀賞】 ホノホシ海岸,
Ete8GiyqOcQfUIgXf5pdh,https://www.youtube.com/watch?v=XFtax9iO7-g,JA,【私のイチ推し鹿児島コンテスト 最優秀賞】 水の島　屋久島,
tdxcXVK5FU8gOtDlVhVmo,https://www.youtube.com/watch?v=_llNavAMttM,JA,【私のイチ推し鹿児島コンテスト 優秀賞】その目で本物を,
7J_6LAqcvvNOu2fXrcWCn,https://www.youtube.com/watch?v=dnkPQnzi1lQ,JA,【私のイチ推し鹿児島コンテスト 優秀賞】知っちょっけ？,
-8uUxNcHjiaMrJxS92x78,https://www.youtube.com/watch?v=tWbdb0mxmIk,JA,【私のイチ推し鹿児島コンテスト 優秀賞】よかとこ，よかひと,
dsL0nCeXKSvrSEQ0i52p4,https://www.youtube.com/watch?v=emnUJq2W5Cs,JA,特別な屋久島,
zxUO0-TV5RH5Jh0ntVRF3,https://www.youtube.com/watch?v=347PBvLOoOA,JA,加計呂麻島 加計呂麻のシュノーケリング,
pRMAwXnhX8q_WC0rARghl,https://www.youtube.com/watch?v=8ooiYSoY_eI,JA,特別なカケロマ島,
9lTfsSCLq6I-PmijvW40b,https://www.youtube.com/watch?v=A_g0XBonF-g,JA,特別な30秒 / タイ,
ho-V0QUX6XStdI621eivR,https://www.youtube.com/watch?v=CI2KytcF4LM,JA,特別な奄美大島,
oVIi8K5f9wtnQn25dYGLM,https://www.youtube.com/watch?v=Yxk1zU2QHMg,JA,奄美大島 ホノホシ海岸,
3HiAek874LmLV-oKaHSrd,https://www.youtube.com/watch?v=hnFYehy6eLQ,JA,特別な30秒 / 香港,
a07M0kYzk4xyQ7lCEpbda,https://www.youtube.com/watch?v=vA6MRi_EnoQ,JA,特別な種子島,
B5IOYPgNLdStZurXvWvDb,https://www.youtube.com/watch?v=wq22T9Gqh5k,JA,特別な小鹿島,
aPvsAqQSLzJPRZvZzHYc6,https://www.youtube.com/watch?v=4-RUC_-QbmY,JA,BIRD's EYE VIEW of KAGOSHIMA３分スペシャル,
de2CgwuybPGx7cWyzfeNA,https://www.youtube.com/watch?v=8vKBNf3qeEc,JA,奄美大島 手広海岸のサーフスポット,
Fexk6PBbpYvo2sUCL1VjS,https://www.youtube.com/watch?v=9coNxu4nngI,JA,阿久根大島,
F9LT2F9YJYeV9Ghk6Ii46,https://www.youtube.com/watch?v=Fv4sMh-wlog,JA,与論島 ミナタ離,
U0Lh_jyqV_HP1Ei3ge7e7,https://www.youtube.com/watch?v=HQ8G9Gs8RBI,JA,奄美大島 あやまる岬,
rpMMX8MeXSehLlOUkNXb1,https://www.youtube.com/watch?v=hGITxWNFrz4,JA,特別な与論島,
cVcWCxxg4F30wOdckE-2j,https://www.youtube.com/watch?v=ijb-4JjgMxw,JA,奄美大島 篠穂の滝,
RUpuXeNoX_lSUXw1tP47t,https://www.youtube.com/watch?v=k-szYUvt7AA,JA,種子島 千座の岩屋,
DL5iH8awGNKlFtNyugBBN,https://www.youtube.com/watch?v=qsiMwmxPd4I,JA,屋久島 トローキの滝,
w-RfLqnKAJntf726OywdX,https://www.youtube.com/watch?v=sgH4Cd8mvs4,JA,KAGOSHIMA Energetic Japan２分スペシャル,
wloaCxL3id4th7lGcznRI,https://www.youtube.com/watch?v=v7ErJUN1ruY,JA,甑島 ナポレオン岩,
ioWtxEaoGlWAgeULb5-ju,https://www.youtube.com/watch?v=Gx7SPm-PM7c,JA,屋久島 横河渓谷,
UtW31XyLh-Ba5UFIYuspi,https://www.youtube.com/watch?v=TcafchXYoK4,JA,5分動画2015 2019,
NyoopctjzaF6IQCEqOiWA,https://www.youtube.com/watch?v=0LKzKirOv6Q,JA,与論島 寺崎海岸,
BGFeVgdBr9X-6A1km2qqP,https://www.youtube.com/watch?v=21IPH9LwlsY,JA,甑島 平瀬崎,
8YWcAT0VL_IY5DQ5jzHa7,https://www.youtube.com/watch?v=2xLM44ixLjU,JA,屋久島 千尋の滝,
RBiihC1anpn2wwkBq1yEG,https://www.youtube.com/watch?v=Bjl59CbtYnk,JA,屋久島 塚崎タイドプール,
4wPtOWPNRuLHQe-tnb-0T,https://www.youtube.com/watch?v=Bry4-k84zX4,JA,種子島 板敷鼻,
UOW3IUESW4IftN_I0pada,https://www.youtube.com/watch?v=CXUsPcttCxM,JA,与論島 赤崎海岸,
LRM5QTK8znRhwYEIo8Q5p,https://www.youtube.com/watch?v=FT3aXJjM2Ew,JA,加計呂麻島 デリキョンマ崎,
olML2iqSAd2Wu5NHzLCvd,https://www.youtube.com/watch?v=FhkUsChlI4Q,JA,加計呂麻島 夕日の丘,
_BwMMGMhVcDSzwUkPk0R-,https://www.youtube.com/watch?v=GEpGzHqDaBs,JA,特別な5分,
XLu3vD784PT12HgNKXIr0,https://www.youtube.com/watch?v=HWMJbHLNeBo,JA,種子島 竹屋野海岸,
yD3egvb44lUZ0INmWe7Uw,https://www.youtube.com/watch?v=IrHQaHpekM8,JA,特別な30秒 / アメリカ,
g6bvawAk4BXqd34vmVoDD,https://www.youtube.com/watch?v=NHrJOK-wr_E,JA,甑島 鹿島断崖,
bYYhzlAcfLEBFVwjMpLfb,https://www.youtube.com/watch?v=SH80w9hIu80,JA,甑島 長目の浜,
agX34UIp6CtcnplAxRiYa,https://www.youtube.com/watch?v=YsuVwpoPlfU,JA,特別な30秒 / 日本,
qqRWl1EGvZLWbp99SzJYP,https://www.youtube.com/watch?v=bwQpyNguDiw,JA,与論島 百合ヶ浜,
dzFZxj2dUX7D7DcdSF-h9,https://www.youtube.com/watch?v=cM9NZk1X5vk,JA,2分動画2019,
9DLICrt-lFsuVgGoNvtPU,https://www.youtube.com/watch?v=ch0KWh5ajS0,JA,奄美大島 西古見,
lkYhZU4SOtMF-AWb1Tevh,https://www.youtube.com/watch?v=ewVr7Qp4etE,JA,奄美のマングローブ,
CmkPpHi4BQpIXktg4Ko9X,https://www.youtube.com/watch?v=hN5YNBuARNQ,JA,加計呂麻島 夕暮れの大島海峡,
4a0vF1lo8TVDh0dzdNclK,https://www.youtube.com/watch?v=hwfm9Z9r-OM,JA,屋久島 安房川,
ff0pCK3i7IWvN387wTGou,https://www.youtube.com/watch?v=lCmvg0-HzPg,JA,加計呂麻島 徳浜,
mOpgoz0Mi_iHO4o6U1Z_A,https://www.youtube.com/watch?v=mUAw0KoQ-ZA,JA,奄美大島 宮古崎ササント,
G4Op4Arvh8V90sC4T1sKx,https://www.youtube.com/watch?v=t-t2Rvm-ZTI,JA,奄美の海（土盛海岸）,
gKrOjWHb5ZQVZiqQWzhKg,https://www.youtube.com/watch?v=wIkSrBQvdck,JA,屋久島 いなか浜の夕陽,
3EIP_3hmZM3GD4GD9649L,https://www.youtube.com/watch?v=wrTUJuEOMzU,JA,屋久島 屋久島灯台,
TCqRSrcwKlY6fZWFYeibK,https://www.youtube.com/watch?v=xxFwEkOm-Q0,JA,屋久島 永田いなか浜,
9_B3b86y5hgqSk5z4NbDN,https://www.youtube.com/watch?v=yJ3Pleov5lc,JA,奄美大島 節田立神,
NnCMP1tIc00iUmmuSS7Tw,https://www.youtube.com/watch?v=z7g_AiS-pls,JA,種子島 竹崎海岸,
ZNXSdxcIjpGiZK01StuMm,https://www.youtube.com/watch?v=L0-W9Fa4wug,JA,加計呂島のガジュマル,
xCZzaYwfyquHIUZwQIrVf,https://www.youtube.com/watch?v=RFt7xoXfRHs,JA,屋久島 白谷雲水峡,
isAhMhcJ-Rg3YhVXdZUbR,https://www.youtube.com/watch?v=A-H9V3RcuhQ,JA,嘉例川駅,
qm4XsuDizP4ZZG7wuiBnS,https://www.youtube.com/watch?v=V1yfzITzWMM,JA,花瀬川の石畳,
HXBWJ86_oc8BB2d40pgoJ,https://www.youtube.com/watch?v=Z64rOat_wUo,JA,屋久島 平内海中温泉,
DAvOTmv68xuliG4yOYh1C,https://www.youtube.com/watch?v=kV3eHJj_MBI,JA,屋久島,
-DMh2vBpYYkQYinGMoJdF,https://www.youtube.com/watch?v=1MQT2QPZWAU,JA,曽木の滝と曽木発電所遺構,
pFikjnxQPiX-YOwQVFo-7,https://www.youtube.com/watch?v=7dcs7qflpG4,JA,枕崎の鰹節,
shwKZIMMVtABcWK3DCqEK,https://www.youtube.com/watch?v=JkvNYRJytr4,JA,大島紬,
NFwsu7R25MIhAe0XWbS6r,https://www.youtube.com/watch?v=KlgKTLugj8c,JA,指宿の砂むし温泉,
rLNuK7TqMjoMI2BR8YN1P,https://www.youtube.com/watch?v=VBbg083AIrM,JA,知覧武家屋敷,
4uLVPcQTztWpD4UVLNX_H,https://www.youtube.com/watch?v=hj-Jjvqw1_o,JA,黒豚しゃぶしゃぶ,
t_o0Uiptc574cwuxr8vnS,https://www.youtube.com/watch?v=jW1gHCKiBvQ,JA,桜島,
3U-G-x2b8JYvSnQzzhqXj,https://www.youtube.com/watch?v=oqnAwGw7XRs,JA,薩摩切子,
PzG_gyj7W_69QWewZA2Oe,https://www.youtube.com/watch?v=z-q-u4mlrWE,JA,晩秋の霧島温泉,
J297HsqMe2XjWHWyjrb62,https://www.youtube.com/watch?v=C7DQQEVKYc0,JA,指宿の塩田跡とたまて箱温泉,
ZgP_zv_3gGs7IZljkQ7fj,https://www.youtube.com/watch?v=GoiLaXc-EVg,JA,知覧茶,
fXkmQo899D7j0TxFvT_JG,https://www.youtube.com/watch?v=KPRH_1RVR98,JA,霧島温泉（雅叙苑）,
9Bl0feJICegbJ3gP312TD,https://www.youtube.com/watch?v=WNv72BDdO4s,JA,仙巌園からの桜島,
qX5_XVqsL_6I3q_DNCa2I,https://www.youtube.com/watch?v=Z-4q_cKlPCk,JA,八月踊り,
rFCUWBFhLdjw25b5g84Dk,https://www.youtube.com/watch?v=cdnDnsrNRfw,JA,屋久島大川の滝,
XKRfVrbMIeVU5ePEyVIMl,https://www.youtube.com/watch?v=h6cWTGJWTi8,JA,薩摩焼酎,
QQsNNnVcLznJD4O8LkDCA,https://www.youtube.com/watch?v=oc23bj8HcjY,JA,いぶすきの菜の花畑,
ZxjRPcHrc5-s1TXlpAGn8,https://www.youtube.com/watch?v=s6PSCcFQAmA,JA,金作原原生林,
5v2sDltDSUXovqFuTTG7T,https://www.youtube.com/watch?v=uDD_VsQ4Uyw,JA,吉野公園の桜,
RBYleGL5vQ19pVOaFUEME,https://www.youtube.com/watch?v=vw-y8Pz9GmM,JA,霧島神宮,
JF1qKsahxpUodWE0wqPGd,https://www.youtube.com/watch?v=_22aW_ALoS0,JA,雄川の滝,
LzB9FdeXYaUpJFeMSB57R,https://www.youtube.com/watch?v=1emChnFuG0I,JA,六月灯,
VL0FBlJ26PsgqbWlTi2Rn,https://www.youtube.com/watch?v=C_cNO1bxxL0,JA,鮨,
FgVE1xy-S2znNwallWO-2,https://www.youtube.com/watch?v=p_43vyvtmLQ,JA,木村木品製作所（Kimura Woodcraft Factory Ltd.）,
Ciw4vhVAlcqPKqDfKqOHy,https://www.youtube.com/watch?v=PXJ8mLZSu0A,JA,宇佐市２０１６観光プロモーション動画,
U0frc72qpOYQr-EGD68U-,https://www.youtube.com/watch?v=JRHA1My47t8,JA,旅する宇佐,
5pJmXLELv9UIP6DkGIvom,https://www.youtube.com/watch?v=Y7ossex1xM8,JA,三段壁 洞窟シネマティック,
WjV8A6YVk3bVU8pKVcWKe,https://www.youtube.com/watch?v=Gef4_1-u1Y0,JA,とれとれ市場 南紀白浜シネマティック,
CI06R0PjPDomTDrSnOL1h,https://www.youtube.com/watch?v=2ZdOhk61JAk,JA,グラスボート シネマティック,
leUGBYZQ1_3i26B5aJMcZ,https://www.youtube.com/watch?v=vCS_9eVH4PA,JA,マイホーム計画している人に最適なふるさと納税（照明器具）のご紹介 #飛騨高山 #ふるさと納税 #木製照明のモアレ,
51zq1M-Xbp5DO8TYn-A9g,https://www.youtube.com/watch?v=qojSQsMZUoQ,JA,ダクトレールについている #照明器具 の外し方　ダクトプラグは通常ロックがかかっています。ストッパーを下げることでロック解除可能です。 #照明交換 #木製照明のモアレ,
pgNuvYz-EY-k2T9iJm2zw,https://www.youtube.com/watch?v=HpX9O847KCI,JA,#照明器具 の外し方　引掛シーリングのロックに気づかず、強引に外そうとすると壊れる問題が実は多いです。ちょっとしたコツで簡単に取り外せます♪　#照明交換　#木製照明のモアレ,
wQ22FrZiST6EIFXgoHFKg,https://www.youtube.com/watch?v=uB9Qf3ie240,JA,KANSAIサービス ー Glitter of the horizon,
nvDDvipCQ2PobPmsIbuSW,https://www.youtube.com/watch?v=05g49NxLfN8,JA,スマホで日常も旅も映画のように滑らかにDJIから新しく発売された「osmo mobile 8」 僕も他の機材と同時にこれから持っていきます！ #dji,
xs9zNM2Lo-tzsIwdDonQO,https://www.youtube.com/watch?v=KYX_2ALYGlg,JA,2025年10月20日,
itT0NRAImDibAt7pKozlk,https://www.youtube.com/watch?v=r7kYe8H90qM,JA,中国の無人タクシーがすごかった…日本では体験できない経験ができたのはすごく良かった！これ、5年後は全部無人タクシーになってるかも！みんなも是非乗って欲しい！中国すごすぎる…#中国,
kvjpcIttiOfbNBugvIza8,https://www.youtube.com/watch?v=sauI7ERpQZ4,JA,DJI Mic Mini とosmo pocket 3を使って海外を旅してみた✈️これからも使い倒すぜ！@DJIJapan  #dji #djiosmo360 #osmopocket3,
8IB8GOSwunxiNyxyl4NdN,https://www.youtube.com/watch?v=xYKoAIpCv34,JA,海外旅行に行くならこのリュック🎒tomtocのT66 @tomtoc_jp 1万円以下でこのリュックはコスパ良すぎる！ #海外旅行 #旅行vlog,
03b1KpB1lrvXyLWNDI45x,https://www.youtube.com/watch?v=UVcCFqFHQjw,JA,今回Peachを使って大阪からバンコクに行ってきたんだけど快適すぎた…で往復5万円でいけるのは最高…是非みんなも乗ってみて！※航空券の価格は変動制#PR #fly_peach,
CiBtbTfMkTvAqwWc0JDxr,https://www.youtube.com/watch?v=-UgHSuv7li8,JA,Surfshark VPNがおすすめ こちらのURLからの申込みで4か月追加で利用可能！https://surfshark.com/shumpeiクーポンコード : shumpei,
_ZFjYHXOTXBTN5c4zOVi1,https://www.youtube.com/watch?v=YDHYArzReBc,JA,2025年8月2日,
MXBRjFmTzLx31kGgl1yL5,https://www.youtube.com/watch?v=nYaVMr5daQQ,JA,タイの首都の高層マンションは8万円台で住める！？長期滞在する時もネットはHolafly 是非使ってみて！ #esim #旅行vlog,
cAY7qZe4lVjgcJGu69aRG,https://www.youtube.com/watch?v=lpiCCD2ahD8,JA,なぜ海外旅行はeSIMを使うのか！僕のおすすめはHolafly！　是非使ってみて！ #esim #旅行vlog #holafly,
ltkNQeTMMzWZAxk-KCs4J,https://www.youtube.com/watch?v=rOHWMtbQy5o,JA,インドに行く前に絶対知っておくこと！それはeSIMを事前に入れること！Holaflyのクーポンコード「shumpei-trip」 #vlog #esim #holafly #オラフライ #PR,
uxZSfrIGgufKZVPt8w8XO,https://www.youtube.com/watch?v=HFRLPZH9w2s,JA,インドの電車がカオスすぎた、指定席に勝手に座る人、座席の下で寝る人、線路を走る人、最高でしょw #旅行 #海外旅行好きな人と繋がりたい #streetfood #海外 #vlog,
UAKMhHfI8r_E9raMgHv0I,https://www.youtube.com/watch?v=Fb5iKbTNYJA,JA,流石にインドやばすぎでしょ…笑 #海外旅行 #vlog #海外旅行好きな人と繋がりたい #travel #インド,
2l17CymwONA3oVjUwHUGO,https://www.youtube.com/watch?v=nyRELvFIvIQ,JA,インドの朝食…🇮🇳流石にカオスすぎた笑#海外旅行 #vlog #海外旅行好きな人と繋がりたい #インド #インド料理,
Fln7MqAGmLDuVm8A6WCjx,https://www.youtube.com/watch?v=e7aQGSHMAXk,JA,青い米って美味いの？さすがに日本では食べれないでしょ #海外旅行 #travel #海外旅行好きな人と繋がりたい #vlog #マレーシア,
8EfnZbtIel7bdDGFLjQLv,https://www.youtube.com/watch?v=4E7fL7_QgcQ,JA,ベトナムおもしろ集🇻🇳さすがすぎでしょ…笑 #海外旅行 #travel #海外旅行好きな人と繋がりたい #vlog #ベトナム,
Jj8YzY-m4SqEW13nXwHMA,https://www.youtube.com/watch?v=2zx5BVhsDyE,JA,フランス楽しすぎた！また行きたい！ #旅行 #海外旅行好きな人と繋がりたい #海外旅行,
0BkPlCkzTACk6nOjLu_b9,https://www.youtube.com/watch?v=WPmsvUc4nlI,JA,パリでスリにあいそうになった… #vlog #海外旅行 #海外旅行好きな人と繋がりたい,
yt9uoTimkV3KISBQKyM_j,https://www.youtube.com/watch?v=ji03TS95nis,JA,カンボジアは2種類の通貨が使える？ #旅行 #海外旅行好きな人と繋がりたい #海外旅行,
aGw98tDJ0AVACI1x_3q9A,https://www.youtube.com/watch?v=ZFdCz4iaomI,JA,飛行機の中みんなこれやらない？ #旅行  #海外旅行好きな人と繋がりたい #海外旅行,
QKXtdjZVkjR0QwWT9Facf,https://www.youtube.com/watch?v=BOSJ_IkCqg0,JA,琵琶湖の10倍！？ #旅行 #海外旅行好きな人と繋がりたい #海外旅行,
vZ_ovGum11LzJpTyATYkg,https://www.youtube.com/watch?v=51VwKjVHRKc,JA,イタリア最高だった！　#travel #海外旅行好きな人と繋がりたい #海外旅行 #vlog #ヨーロッパ　#イタリア #ローマ,
wfeh70mSl_0LYr5GrV3Tn,https://www.youtube.com/watch?v=0hQtZaSabVk,JA,このパーティーはやばい… #旅行 #海外旅行好きな人と繋がりたい #海外旅行,
tKTiNMhG8U3unWq5udnJI,https://www.youtube.com/watch?v=2wCqBHHaQv0,JA,ベネツィアが最高すぎた　#travel #海外旅行好きな人と繋がりたい #海外旅行 #vlog #ヨーロッパ　#イタリア #ローマ 　#ベネチア,
UcLPIN9nXRy65KcBieTrx,https://www.youtube.com/watch?v=rwQ7YkAi-YQ,JA,ローマとある一日 #travel #海外旅行好きな人と繋がりたい #海外旅行 #vlog #ヨーロッパ　#イタリア #ローマ,
iLahHX_Y3UPMBajKrigmL,https://www.youtube.com/watch?v=H8aBMqfEiQw,JA,引きこもりが救った国があった… #travel #海外旅行好きな人と繋がりたい #海外旅行 #vlog #ヨーロッパ　#イタリア #バチカン,
oF5PGsI0DQhYJGZxsuRU3,https://www.youtube.com/watch?v=Re3VRg1i_DA,JA,22歳で人生が変わった　#travel #海外旅行好きな人と繋がりたい #海外旅行 #vlog #ヨーロッパ,
seIaRyNUJqJo_5DF0xgtQ,https://www.youtube.com/watch?v=wryiW_-Sqss,JA,イタリアに行く前に覚えておいて！　#travel #海外旅行好きな人と繋がりたい #海外旅行 #vlog #ヨーロッパ　#イタリア #ローマ,
Neaf3n1o0WODB_NcpIc3L,https://www.youtube.com/watch?v=GnEPFKZp2Jk,JA,イタリア行ったら絶対これだけは食べて！　#travel #海外旅行好きな人と繋がりたい #海外旅行 #vlog #ヨーロッパ　#イタリア #ローマ,
8MmOGl9WtqIxCThnXuGhR,https://www.youtube.com/watch?v=_7MXcF_uf68,JA,ネズミ講で国が潰れたってやばくない？　#travel #海外旅行好きな人と繋がりたい #海外旅行 #vlog #ヨーロッパ  #アルバニア,
xpf7Ewi4-85WfA7FJWdj_,https://www.youtube.com/watch?v=aLlYepmg26w,JA,ギリシャの物価高すぎない？　#travel #海外旅行好きな人と繋がりたい #海外旅行 #vlog #ヨーロッパ #ギリシャ,
znc6pljHrqLGF0ElTaUwk,https://www.youtube.com/watch?v=hVCeCfdpNDI,JA,こんな大きな岩どうやってできたの？　#travel #海外旅行好きな人と繋がりたい #海外旅行 #vlog #ヨーロッパ #ギリシャ,
YqtBwMIJqfvr8XaIK7ZPp,https://www.youtube.com/watch?v=JkSAHwxpYNo,JA,日本には絶対ない… #travel #海外旅行好きな人と繋がりたい #海外旅行 #vlog #ヨーロッパ #ギリシャ神話,
lvzcuzKcUoNHvHP8GhhhA,https://www.youtube.com/watch?v=X0aDTR1TCNM,JA,ギリシャが素敵すぎた… #travel #海外旅行好きな人と繋がりたい #海外旅行 #vlog #ヨーロッパ #ギリシャ,
EyuEYsO3NeNcEmFmON1Dl,https://www.youtube.com/watch?v=3lqEIhRSK0Y,JA,ヨーロッパ旅行スタート！　#travel #海外旅行好きな人と繋がりたい #海外旅行 #vlog #ヨーロッパ,
AGHqsIXsNT7zmR--zlsqe,https://www.youtube.com/watch?v=6iBkPO2x3oU,JA,飛行機ので横になれるビジネスクラスやばすぎない！？　#travel #海外旅行好きな人と繋がりたい #海外旅行 #vlog #ベトナム,
saDI2Sud3uUghsKT0hm48,https://www.youtube.com/watch?v=eO-9v27qbtU,JA,ヨーロッパに行くならこれをやっておいて！　#travel #海外旅行好きな人と繋がりたい #海外旅行 #vlog #ヨーロッパ,
ZzpI01XP2fJ1n9cl3xGfe,https://www.youtube.com/watch?v=IelZJ9bNCWM,JA,台湾でご飯を食べるならここ！　#travel #海外旅行好きな人と繋がりたい #海外旅行 #vlog #台湾,
FgNdOJfSu1rZD32VjSwDX,https://www.youtube.com/watch?v=-qHO706RMMg,JA,ビジネスクラスってこんな感じなの？#travel #海外旅行好きな人と繋がりたい #海外旅行 #vlog #飛行機　#ビジネスクラス,
mKdg67brfUdHnXyJz-nHM,https://www.youtube.com/watch?v=htnwnJMiqPE,JA,悔いのないような人生にするために走り続ける　#travel #海外旅行好きな人と繋がりたい #海外旅行 #vlog,
7lszglJJmPx1LhwjX3iG1,https://www.youtube.com/watch?v=v5KCN989m-Y,JA,海外旅行安く取る方法　#travel #海外旅行好きな人と繋がりたい #海外旅行 #vlog,
GRzK8LcSe54nZUO72rsIG,https://www.youtube.com/watch?v=AY43e87QK7g,JA,偽物のアディダスいくらだと思う？#travel #海外旅行好きな人と繋がりたい #海外旅行 #vlog #フィリピン,
myb9g2EMnl5XqCsXAQuyr,https://www.youtube.com/watch?v=TrJW4LGhABQ,JA,海外の航空会社最高やー　#travel #海外旅行好きな人と繋がりたい #海外旅行 #vlog #フィリピン,
mgK1P7AkttYnITBLt7sSf,https://www.youtube.com/watch?v=1Z1P4LDO8E4,JA,週末に行ける韓国旅が最高すぎた！ #travel #海外旅行好きな人と繋がりたい #海外旅行 #vlog #韓国,
xaQnJiJEdyNqmdBbtkX-k,https://www.youtube.com/watch?v=AEObhmdy9T4,JA,海外旅に行く前にやっておいた方がいいこと！ #travel #海外旅行好きな人と繋がりたい #海外旅行 #vlog,
GxxUEixDzZchgr0jYd92U,https://www.youtube.com/watch?v=3s0ilrZjxcM,JA,22歳で意識していること #travel #海外旅行好きな人と繋がりたい #海外旅行 #vlog,
FiQ-8P9K5TJyJ3lZpuUU8,https://www.youtube.com/watch?v=V9pckO8tmSA,JA,20歳で旅に出て本当によかった。 #travel #海外旅行好きな人と繋がりたい #海外旅行 #vlog,
fVS4962caKTGDhDaybYQz,https://www.youtube.com/watch?v=eoCrjLBjlGw,JA,世界中を旅した1年間で行ってよかった場所TOP3 #vlog #海外旅行 #世界一周,
FISZ54_VWMpMdte9T_2mC,https://www.youtube.com/watch?v=Dwkp0NCzLos,JA,海外を1年間旅して写真を撮り続けたら… #vlog #海外旅行 #世界一周,
36rO2T7JqdID9OMii_tKj,https://www.youtube.com/watch?v=BcBn0ILa5TE,JA,世界中を旅した1年間来年はもっと旅をする！ #vlog #海外旅行 #世界一周,
VX-htDlN7W_wzK2pVJxO_,https://www.youtube.com/watch?v=jbimzYQK0A4,JA,インド旅最高だった #vlog #海外旅行好きな人と繋がりたい #インド旅行 #旅行 #インド,
QEzJ2A32jl3aLPWz4qgAO,https://www.youtube.com/watch?v=rJhmQzv2HjE,JA,この川最高に汚かった…勇気ある人は入ってみて！ #vlog #海外旅行好きな人と繋がりたい #旅行 #インド #インド旅行,
zz8BrFDRNpwEGcJnHLN64,https://www.youtube.com/watch?v=J2XPiSCAHiU,JA,この乗り物流石にやばすぎ…笑インドに行ったら是非挑戦して見て #vlog #旅行 #インド旅行 #travel #海外旅行 #trip,
lhPTXietLMEGVvz_p7cA5,https://www.youtube.com/watch?v=uv-FS3izQqY,JA,インドでこれやれば王様になれるの間違いない🫅みんな行くしかない！ #vlog #旅行 #インド旅行 #travel #海外旅行,
KBdWDX2jHxH3B6VqHb7qS,https://www.youtube.com/watch?v=0iIT2-bQ6pc,JA,ワンピースのアラバスタよモデル地になった場所！ワンピース好きなら来るしかないでしょ！！ #vlog #travel #インド旅行 #studyabroad #海外旅行,
xR0AwPFXfOcat4HAvrfpi,https://www.youtube.com/watch?v=iiCPxVuiPdk,JA,日本人はインド人に超モテるらしい… #vlog #travel #インド旅行 #海外旅行,
aNa9CqMviYDC1jSvapuM8,https://www.youtube.com/watch?v=25srhdEC9S0,JA,2023年9月15日,
0nrdi1L4EpNPTUG2ui18J,https://www.youtube.com/watch?v=MKaMk-rQHPA,JA,空港のラウンジが使い放題になるカード！年会費1万円で1300ヶ所以上のラウンジが使い放題になるから海外に行く人は是非作って行って！ #travel #旅 #旅行 #海外 #海外旅行,
bv2cwavLa9jo_suPyyqje,https://www.youtube.com/watch?v=VZ-I8Efu1Zw,JA,ベトナムのご飯って美味しいものばかり！みんなにも是非言ってほしい！ #travel #旅 #旅行 #海外 #海外旅行 #ベトナム,
XEx87Ll4DxjGZ0hO_y8jO,https://www.youtube.com/watch?v=fhJmT-6lLog,JA,ここのカフェ控えめに言ってやばいです。　是非ベトナムに行ったら行ってみて！ #travel #旅 #旅行 #海外 #海外旅行 #海外生活 #ベトナム,
07Fv0mjW5rNgykFg03qb3,https://www.youtube.com/watch?v=V3eL0ZSLDKM,JA,国内旅行より安い海外ってどういうこと！？みんなも海外に行こう！ #travel #旅 #旅行 #海外 #海外旅行 #海外生活 #ベトナム,
KxUg_6fWiacVFHOdoz2r_,https://www.youtube.com/watch?v=ibpt_hNl5Y0,JA,アメリカの有名なビーチみんな知ってる？👀日本ではみられないことばっかり！ #旅 #旅行 #travel #海外旅行 #海外生活 #海外 #アメリカ,
gIZsQBCWJVTxruJoF7rJX,https://www.youtube.com/watch?v=PTcSMiZTypM,JA,魚を投げちゃうのが海外らしい😂ちょっと変わった市場みんなも行ってみて！ #旅 #旅行 #travel #海外旅行 #海外生活 #海外,
jMXJ04RylYwZDhjLsRvfd,https://www.youtube.com/watch?v=mfcfX6F0zB8,JA,世界で初めてスタバができた場所って知ってる？ #旅 #travel #旅行 #food #海外旅行 #海外生活 #海外,
WAe7hq-K4u6lq5Pmn7sJ2,https://www.youtube.com/watch?v=peX6bCGkK0w,JA,行動すれば人生が変わる！これからも自分の人生に向き合って生きよう！ #旅 #travel #旅行 #海外旅行,
lkpLj-0gpAhv35RNRa8eW,https://www.youtube.com/watch?v=xhGbO9f6dr4,JA,カナダの年越イベント寒中水泳は壮絶だった… #旅 #旅行 #海外旅行 #海外生活 #海外,
PQ5mU7Yvj-gDfDBr28WJY,https://www.youtube.com/watch?v=NWsRNYWXNMw,JA,海外の年越しってこんなに楽しいの！？来年はどこで年越そうかな！ #旅 #旅行 #海外旅行 #海外生活 #カナダ #バンクーバー,
bI4fS3oiiLEbvI4iNG0Pq,https://www.youtube.com/watch?v=cSOUrneD45U,JA,ANAのサービスがすごすぎた！これからも色々な航空会社に乗りたい！ #旅 #旅行 #海外旅行 #海外生活 #海外,
88BBc1F4XLYqfsUS6fdMG,https://www.youtube.com/watch?v=3XncYlhujmE,JA,航空券を安くとる裏技ってみんな知ってる？他にあれば是非教えて！ #旅 #海外旅行 #海外生活 #旅行 #海外,
UOjIFbifbuY02NHeIDA5-,https://www.youtube.com/watch?v=Syoi64t5KKo,JA,海外旅に持ってくおすすめな持ち物3選　他にあればコメントで教えて！ #旅 #海外旅行 #海外生活 #旅行 #海外,
b4s6E-M8z53NVgMHeHnZ-,https://www.youtube.com/watch?v=58ympuzVqFQ,JA,タイの1番の観光地がやばすぎた！ #旅 #海外旅行 #海外生活 #旅行 #東南アジア #タイ,
xko7gxBl9V5e-7cngm88_,https://www.youtube.com/watch?v=4yyxmjDrP9U,JA,トラに噛まれても自己責任！？ここの場所は超危険！ #旅 #海外旅行 #海外生活 #旅行 #東南アジア #タイ #海外,
aXgQVIlOvr0XjFbGICQQT,https://www.youtube.com/watch?v=R6N8RAoD6Z0,JA,ワールドカップの歴史的瞬間を海外で見たのは嬉しすぎる！4年後も楽しみだ！ #海外旅行 #海外生活 #旅行 #旅 #東南アジア,
4dkIgCZelwkVqeYivFdgn,https://www.youtube.com/watch?v=C3Mgavr-haA,JA,タイの移籍を見たいならここに行ってみて！ #海外生活 #旅行 #海外旅行 #旅 #東南アジア,
AHTW_bHCek-4jVehH9QY2,https://www.youtube.com/watch?v=MeaOw9rYcAs,JA,誕生日を首長族と過ごしました！来年はどこで過ごそうかな #海外生活 #旅行 #海外旅行 #旅 #東南アジア #タイ,
4uRAzISVvRjRchO3lsh1c,https://www.youtube.com/watch?v=htgAFsC1P18,JA,タイの秘境で食べ歩き🇹🇭タイは安くてなんでも食べれる！ #海外生活 #旅行 #海外旅行 #旅 #東南アジア,
nFcYtiDqPKZAyfjIM6Lmo,https://www.youtube.com/watch?v=Rd2niVkW0Dw,JA,世界中の旅人が集まる秘境に行って来た！すごく落ち着いててタイらしさが全くない！またすぐに行きたい！ #海外生活 #旅行 #海外旅行 #旅 #東南アジア #タイ,
UQG2QsbGTQiVcXL__1SNm,https://www.youtube.com/watch?v=Ue0166-FTqE,JA,ラプンツェルのモデルになったお祭りがすごすぎた！来年も必ず見に行く！ #海外生活 #旅行 #海外旅行 #旅 #東南アジア #タイ,
nwb5UxxKKvfxH7RlDYjIQ,https://www.youtube.com/watch?v=721AqsemRfg,JA,タイの寝台列車が壮絶すぎた…日本の電車って快適すぎる！ #海外旅行 #旅行 #海外生活 #旅 #東南アジア,
V1ndBDuRuWPSKDroKjOPj,https://www.youtube.com/watch?v=_Mgi5QEgTGQ,JA,人生で初めてカエルを食べました。肝心の味は… #海外生活 #海外旅行 # #旅 #東南アジア #海外,
8yE6hR2EgvmfU96_aUpcA,https://www.youtube.com/watch?v=XQO5cpCmyck,JA,東南アジアのご飯って美味しくて安いから最高！住みたくなる！ #旅行 #海外生活 #海外旅行 #東南アジア #海外 #旅,
jnzfI1E6whFssUI6sLjWG,https://www.youtube.com/watch?v=vznac1Ir3Y0,JA,世界一の空港がど迫力すぎた！ #旅行 #海外生活 #留学 #留学生 #海外旅行,
39HOfXyeW-CVNSG6L3r4c,https://www.youtube.com/watch?v=CsV6xm8fB8Q,JA,カナダから日本に帰国します🇯🇵次は東南アジア一周してきます！ #旅行 #海外生活 #留学 #留学生 #海外旅行,
wy5pTPzlBRuHvg26N8eux,https://www.youtube.com/watch?v=WHOGiCREKo8,JA,カナダのアイスホッケーがど迫力すぎる🇨🇦日本でこんな盛り上がれるスポーツはなんだろう？ #旅行 #海外生活 #留学 #留学生 #海外旅行,
R-uE44oam75GZlILONPTf,https://www.youtube.com/watch?v=kOAt5loNByI,JA,旅をもっと広めたい！たくさんの人が挑戦できる環境を作れればいいな！ #旅行 #海外生活 #留学 #留学生 #海外旅行,
hTfU207SW6YTFMxEMOmZC,https://www.youtube.com/watch?v=WxRQRj2JSCg,JA,海外のダイソーは日本とそんな変わらない！？日本製のものはやっぱり最高！ #旅行 #海外生活 #留学 #留学生 #海外旅行,
1SexXbjlfKIoqbM79WjCo,https://www.youtube.com/watch?v=dCzupE36DfI,JA,日本の魅力を世界へ🌎もっと日本の良さを知って欲しい！ #旅行 #海外生活 #留学 #留学生 #海外旅行,
pEY8b2bAMOsLjwM7nXRAm,https://www.youtube.com/watch?v=qKZoK4fSpz8,JA,海外のドラッグストアがやばすぎた… #旅行 #海外生活 #留学 #留学生 #海外旅行,
g_VlpIE_97ttAfDm8F-yG,https://www.youtube.com/watch?v=9HGEKf4G4HQ,JA,海外のコストコがやばすぎた！みんなも是非行ってみて！ #旅行 #海外生活 #留学 #留学生 #海外旅行,
TLZ4XlfkiJrLYn_pt9-8T,https://www.youtube.com/watch?v=5BSBT_5PGUI,JA,留学に大切なものって何！？みんなのおすすめ教えて #旅行 # #留学 #留学生 #海外生活,
-kUDLiPZbxQDtMS2ZJtwU,https://www.youtube.com/watch?v=nQFoc3KTN2w,JA,海外に行ったことある人なら共感率100%でしょ！みんなのあるあると教えて！,
IuI_FEX7rcEpk7BPbxX06,https://www.youtube.com/watch?v=WaSnhZ4E2WA,JA,海外の田舎生活やばすぎる！一生カナダに住んでいたい！,
01bJ0UJeoAM5jqVqyfiLp,https://www.youtube.com/watch?v=zFRfTTAu1Ro,JA,水の上から飛ぶ飛行機ってみんな知ってる？カナダはたくさん飛んでるから是非乗ってみて！,
98_d5HT2tT1WYlHL_AuQo,https://www.youtube.com/watch?v=EVDYVLaPIik,JA,海外に来るとたくさん感じるものがある！これからも日本の良いところと海外のいいところを学んでいこう！ #旅行 #海外生活 #海外旅行 #留学 #留学生,
th27jJbPAPsiIDaaqfVCr,https://www.youtube.com/watch?v=7S7NuY6D3N8,JA,留学中は日本食が食べたくなる！それなら自分で作っちゃえばいいよね！ #旅行 #海外旅行 #海外生活 #留学生 #留学,
evni4gH05vhZssp3WuWKd,https://www.youtube.com/watch?v=GZG54jD6Je8,JA,留学したい人は海外の田舎が超おすすめ！みんな！海外の田舎に行こう！,
h3IskyWbQclFJIphbh9pz,https://www.youtube.com/watch?v=NanBHQqiwnE,JA,海外に来て思った日本の良いところ3選　驚いたことがたくさんありすぎた！,
cEHyihJawTFkgtoYw48l-,https://www.youtube.com/watch?v=0BYVO7e38To,JA,海外に来て驚いたこと3選。みんなの驚いたこと教えて！,
AeBHY9lWM3CDA_RYwyrom,https://www.youtube.com/watch?v=4AY6WQzBwnw,JA,海外の田舎に留学は最高に楽しい！英語も覚えられる！,
f6bQ8R12C_KFR9UwZZDsT,https://www.youtube.com/watch?v=7dyZphijah4,JA,この明るさで夜の9時ってマジ？　　　　　　　　　　　　カナダやばすぎ！🇨🇦,
2qv05gZ2Js38C3yu2tJ8q,https://www.youtube.com/watch?v=sY7KPOrj8C8,JA,留学がスタート！ワクワクしかない！カナダ生活始まります！　　#留学 #海外旅行 #海外生活 #留学生 #旅行,
hLpJ7QqqoXvLEu4KE7daM,https://www.youtube.com/watch?v=cUDvUNwRx0Y,JA,留学に持って行ったほうがいいものって何！？みんなのおすすめ教えて！,
Q7t7OQn6a2jdtJJN958zg,https://www.youtube.com/watch?v=9usQW2U08iA,JA,20 photo taken while traveling all over Japan🇯🇵Did you want to come to Japan? 日本中を旅してみた絶景20枚,
_7maoeU8XonfDLQ-5hU7w,https://www.youtube.com/watch?v=Ib3zYRRDvj8,JA,I had a phone call from Japan🇯🇵Can you answer the phone？　日本から電話がかかってきたら電話に出ますか？,
4JNHwM1aZaqf9cA-eKcEX,https://www.youtube.com/watch?v=RnsSlIWwdbs,JA,日本縦断スタート！,
nFTIC5aAlXPWvX9OFf5GE,https://www.youtube.com/watch?v=Oj_jVekof3E,JA,自転車日本縦断旅残り半分！,
a6NCpFp4u79xyN-Wr7F-9,https://www.youtube.com/watch?v=N_EHXT2SzHE,JA,広島の魅力を1分で動画にしてみた,
DEmlFk_6P7gZqLToZZamK,https://www.youtube.com/watch?v=iHyfUaKQE0w,JA,インスピレーションが待っている場所,
Z5gOvWkDBAq7vc-tMkw0u,https://www.youtube.com/watch?v=ql9ZnFileTM,JA,四国への旅 深い日本の冒険,
zx_y_DE_SFn3jpA3Z2QsI,https://www.youtube.com/watch?v=7wWEZr4B7rs,JA,瀬戸内海国立公園 島と海、陽と風（環境省）,
gslqtSv97AK7mZPGrYlOt,https://www.youtube.com/watch?v=9WOQyDmSr4Q,JA,瀬戸内海国立公園 五色台の夕暮れ（環境省）,
_2y126ImiwKrPYVX3h5AB,https://www.youtube.com/watch?v=stKTPwb_UKk,JA,四国遍路,
T0pxN2Nd-3PQDL1unxA8p,https://www.youtube.com/watch?v=w_WDMIAByuU,JA,四国遍路,
mglO3xgAO_ynDpNWNshgm,https://www.youtube.com/watch?v=bZP5BVE-GE4,JA,四国遍路,
Wdh6JpDZh7fbqpWw67HMC,https://www.youtube.com/watch?v=_7Ybmo2gqoE,JA,四国遍路,
PYbKjHvQsiuv3gcs-6-X8,https://www.youtube.com/watch?v=fHYhNyFIzRM,JA,スピリチュアルアイランド~四国遍路~,
O1ktRfYphBXUxoaQBxDrh,https://www.youtube.com/watch?v=BKXm7_sQ1x8,JA,奄美群島語り部たちのメッセージ「語り継ぐこと」,
8OSxthP_Dg5VDwgZSMf3V,https://www.youtube.com/watch?v=IORw1j8fjDI,JA,島サバクリエイティブ GCD(ガシド)トークショー＆奄美群島民間チャレンジ支援事業「見本市」2023年2月5日(日),
RrpzfokjpUT8jbu5z1O0M,https://www.youtube.com/watch?v=XrYLTSFxecI,JA,【ひらり平川びより】盛美園と農家庭園,
hejv-kjI-SIbSB4umGTtj,https://www.youtube.com/watch?v=DN-vfaEUgkc,JA,【ひらり平川びより】志賀坊森林公園,
Iq2hN4JuPPuu3ACtGbvPw,https://www.youtube.com/watch?v=3LV0u_-ifVw,JA,【ひらり平川びより】世界一の扇ねぷた,
1hGEVFUv-Xf3EbGmNxcqS,https://www.youtube.com/watch?v=ygCmv3297JA,JA,【ひらり平川びより】猿賀公園の蓮,
Ac5-_nTTZv0_rzc8_geye,https://www.youtube.com/watch?v=uzBfrszw5lk,JA,【ひらり平川びより】平川の桃,
K9Akms8fG085suj3ZQ7N7,https://www.youtube.com/watch?v=F0fuftk9P0M,JA,【ひらり平川びより】平川サガリ,
1VMCO8OLHaQrqwiVAKLAg,https://www.youtube.com/watch?v=cSGGK0efWCg,JA,【ひらり平川びより】弘南鉄道の夕景,
WnrUN6QYAyiGcwDGWEdkb,https://www.youtube.com/watch?v=SM07cwUY3Ls,JA,佐渡島、忘るべからず。 二ツ亀編,
-fgr13utcIJzpr8gECg2e,https://www.youtube.com/watch?v=SrLXZIHrKqQ,JA,佐渡島、忘るべからず。 宿根木編,
gIaucoTcWuCzNmE6EbQYM,https://www.youtube.com/watch?v=7djRfuuqbMk,JA,佐渡島、忘るべからず。 清水寺編,
8IExUW1KHtCXQEQm8axu0,https://www.youtube.com/watch?v=3cYzHuhVals,JA,佐渡島、忘るべからず。 北沢浮遊選鉱場編,
yOs3OdIK1w-fU3doTR3ye,https://www.youtube.com/watch?v=455kw0OKAqY,JA,佐渡島、忘るべからず。 尖閣湾編,
5xqb8xD2N8bwwMt-05Qpw,https://www.youtube.com/watch?v=BLxNNxjTqAM,JA,佐渡島、忘るべからず。,
CQD3dRerw-6UKCHU9Z2ZG,https://www.youtube.com/watch?v=Q0H3eM4w1fY,JA,焼き鳥の美味しさ、新しいステージへ。高山駅すぐNEIGHBIRD(ネイバード)　#飛騨高山,
rtCG6DcBYSzURtiktmtup,https://www.youtube.com/watch?v=y_WZnrAqUNg,JA,本好きの天国…♡ 天井まで本棚が広がる高山の新スポットが話題！「Eat books – 本と、味わう時間」　#飛騨高山,
nYXwBJab35ACtgGfcnT-K,https://www.youtube.com/watch?v=avqccMVqgn4,JA,冬の飛騨で育つブランドしいたけ「飛騨やまっこ」は、寒さに鍛えられた身の締まりと、噛むほど広がる濃い旨味が魅力。#飛騨高山,
rMxOEUoTeAtML2BJD9Nv1,https://www.youtube.com/watch?v=S4_sVOfJZog,JA,明治28年創業、栃の実せんべいの元祖として知られる前畑点心堂さんから、今日はちょっと特別なお菓子をご紹介🍬✨それが…飛騨の昔懐かしい駄菓子 「甘々棒（かんかんぼう）」#飛騨高山,
b5XDZJs-pDaTc1GzFfjpq,https://www.youtube.com/watch?v=43kuplupTFY,JA,3秒で保存したくなる高山グルメ！高山駅から徒歩2分創業40年以上の老舗「中華そば郷里」　#飛騨高山,
J2w3NYew86drAU1CZRmDR,https://www.youtube.com/watch?v=ujr7QokQ8b0,JA,秋の絶景2025in #飛騨高山  中橋ライトアップ,
AacPsO8vnbHczURjVj4vW,https://www.youtube.com/watch?v=2h054BuM_14,JA,🍁東山遊歩道の紅葉 撮影2025.11.13　#飛騨高山,
natqWxzI9BTz36-d_AuCh,https://www.youtube.com/watch?v=scA6VigtW4g,JA,秋色に染まる「日枝神社」#飛騨高山,
CEVXe3KEp2nE2PjKGJSXe,https://www.youtube.com/watch?v=TsGokwT_rOM,JA,東海北陸自動車道を通り、高山へ向かう道。トンネルを抜ければ広がる紅葉🍁お気をつけてお越しください😊#飛騨高山,
ZsVYBk6PoTMLOUgVDrKVe,https://www.youtube.com/watch?v=c1uo5xo9OLI,JA,🍁山も空も染まる、秋の荘川へ——🚗✨高山市の西部・標高約800mの高原地帯、荘川町。澄んだ空気とともに、山々が赤や黄に色づき始め、まるで絵画のような秋景色が広がっています🍂#飛騨高山,
olBy7RH6Vg6uSWjeY5hh7,https://www.youtube.com/watch?v=mGR8Ixt37Fg,JA,エメラルドの湖に映る、秋の魔法🍁白川郷近くの「御母衣ダム」では、いま紅葉がまさに見ごろ✨赤や黄に染まる山々が湖面に溶け込み、風ひとつない朝には鏡のようなリフレクションが広がります🌄#飛騨高山,
5DUVXwOcJM7tJXesdRgEP,https://www.youtube.com/watch?v=0G4Gptkrzjc,JA,宇津江四十八滝」は、いま紅葉がまさにピーク✨13の滝が連なる渓谷を歩けば、音も色も深まる秋の旋律。黄金色の木漏れ日、水しぶきに映る紅葉、そして登り切った先の北アルプスの大パノラマ！ #飛騨高山,
RU3I-1tnDJTfGWa0YF6aP,https://www.youtube.com/watch?v=zpeLWca9QJ0,JA,紅葉と吊橋が織りなす“秋の幻想風景”へ！岐阜県高山市荘川にある「七間飛吊橋（しちけんとびつりばし）」は、山々が燃えるように染まる季節に現れる、知る人ぞ知る紅葉の絶景スポット🍁 #飛騨高山,
0qKSs1H7GdHHri7ecklJq,https://www.youtube.com/watch?v=lkj3QXXgaNs,JA,🍁滝と紅葉が織りなす、秋の楽園「宇津江四十八滝」。大小13の滝が続く人気の紅葉スポット🌿　#飛騨高山,
-Wx9M3cmOD2MuWReAIiMS,https://www.youtube.com/watch?v=A5Gq_2ls5Yo,JA,今が紅葉の見頃！池に映り込む合掌造りと色づく木々「飛騨の里」は、まるで秋色の日本画のような美しさに包まれています✨#飛騨高山,
aXjfA3cIRKsiqysMkYEZQ,https://www.youtube.com/watch?v=qfns8hof2W4,JA,秋色に染まる「日枝神社」で開催中の日枝宵灯もみじ祭り。 光と紅葉の幻想夜！　#飛騨高山,
CpQOm682lt0A6Y0sRnmc8,https://www.youtube.com/watch?v=U2iFhVzQu8w,JA,飛騨美濃せせらぎ街道！紅葉絶景ドライブへ　#飛騨高山,
VICzffNlw6RXnH1uVz8DC,https://www.youtube.com/watch?v=sOO78jOZLEw,JA,奥飛騨温泉郷にある中尾高原と鍋平園地を結ぶ「北アルプス大橋」全長150m・高さ70mのアーチ橋。笠ヶ岳や焼岳、錫杖岳など北アルプスの名峰を間近に望める、まさに“自然が描く絶景の舞台”　 #飛騨高山,
6pD4sxJGmX16FwR1SR3C6,https://www.youtube.com/watch?v=5PRJuwZCP0I,JA,"日本唯一の“2階建てゴンドラ”で、天空の紅葉へ！秋の奥飛騨温泉郷へ。標高2,156m、新穂高ロープウェイ。  #飛騨高山 　撮影2025.10.24",
2O7NUmXmQDuFK7It38SI2,https://www.youtube.com/watch?v=-AZHXuXySA0,JA,時を超えて受け継がれる、祈りと誇りの二日間。毎年10月9日・10日、櫻山八幡宮を舞台に行われる飛騨高山を代表する祭礼「秋の高山祭」。 #飛騨高山,
INdvYZkxxg2fl65vLlYl3,https://www.youtube.com/watch?v=yImJNE-VOMA,JA,秋の高山祭 時を越えて受け継がれる「御神幸(祭行列)」まるで江戸時代にタイムスリップしたかのよう　 #飛騨高山 　#高山祭,
cxwWcS56yW0QgEDSe93G-,https://www.youtube.com/watch?v=hbip6S9dj4Q,JA,秋の #高山祭 「獅子舞」#飛騨高山,
HX_QUC5l8INufRIn-FweB,https://www.youtube.com/watch?v=HUXv_-yDe3w,JA,屋台の曳廻しは春の高山祭では行われず、秋の高山祭だけの行事です。4台の屋台が町を巡る姿が眺められます。 #飛騨高山,
A_RNRACSJMcc0lNllCHJy,https://www.youtube.com/watch?v=2___Dj8-XgI,JA,カン、カコカン。秋の空に響くその音が、高山のまちを包む。闘鶏楽。一文字笠に、龍と鳳凰を染め抜いた飛騨染。鉦と締太鼓の音に合わせて行進する姿は、まるで時を超えた“祈りのリズム”。 #飛騨高山  #高山祭,
AdtpYJTPRmoHIcviEmFDX,https://www.youtube.com/watch?v=gpvzd0IR1es,JA,3月から12月まで、山あいの地・飛騨から全国へ。出荷される“緑の宝石”、それが #飛騨ほうれんそうです。#飛騨高山,
HTURPuclzFrnmkAlZ7iX0,https://www.youtube.com/watch?v=S6Ul3xmRlKk,JA,"🏔️ はじめての3,000m登山にぴったり！岐阜と長野の県境にそびえる 日本百名山・#乗鞍岳 #飛騨高山",
O7OarM5QJigsKy4w5FtSp,https://www.youtube.com/watch?v=OMDDrM7QX_I,JA,【2025年保存版】夏の絶景 in #飛騨高山 ！空と山が溶け合う、圧巻の大パノラマ#新穂高ロープウェイ,
gpBQ0-ikS0LaFlzI7fU3k,https://www.youtube.com/watch?v=f9vtUjHodG4,JA,"#櫻山八幡宮 に、いまだけの特別な景色が広がる「桜山風鈴まつり」。約2,000個の風鈴が風に揺れ、澄んだ音が響く絵馬殿。ひとつひとつに結ばれた願い札が、涼風にのって境内を巡ります。#飛騨高山",
aWtH8ShnZOQQa-gV5QNkz,https://www.youtube.com/watch?v=lydHfRi3dEw,JA,✨～#飛騨高山 の夜さんぽ～✨昼間とは別世界の「赤い中橋」へ。期間限定ライトアップで、鮮やかな赤色が夜の闇に映え、まるで絵本のワンシーンのような幻想的な姿に♡,
kL3w2Wj2qdvB-u1-wNDbi,https://www.youtube.com/watch?v=TY-Cnasi40A,JA,久々野町にある「ひだ舟山リゾート アルコピア」では、今年もアルコピアひまわり園が期間限定オープン！1ヘクタールのゲレンデを覆い尽くす20万本のひまわり畑は、まさに息をのむ絶景　#飛騨高山 　,
JyTaDixYlYgoCq_kZL7jE,https://www.youtube.com/watch?v=B0N44xE7lM4,JA,8月9日、#飛騨高山 の夏が“爆ぜる”夜「手筒花火打上げ」,
QAcaX_zmxeLPuYklRAU-H,https://www.youtube.com/watch?v=5bsawyHprzE,JA,江戸時代から続く飛騨地方の焼物「小糸焼」。普段使いの食器から茶道具、モダンなクラフトまで、手作りのうつわを作り続けています#飛騨高山,
AYkQd6TnQT61kN5qztl5l,https://www.youtube.com/watch?v=LihoU21oZ0M,JA,日本の滝百選に選ばれた壮大な滝「平湯大滝」。落差64ｍの迫力満点の滝です。激しく流れ落ちる水しぶきとせせらぎの水音、漂うマイナスイオンに癒されるスポット。#飛騨高山,
Ey4ApxGEehntfCEYz8Jtt,https://www.youtube.com/watch?v=tGfUA1OtOh0,JA,雲上の絶景、新たな高みへ！2025年7月19日、 #新穂高ロープウェイ の西穂高口駅にある展望台が「AlpScape（アルプスケープ）」としてリニューアルオープン #飛騨高山,
GrTBlnF_BFoWNe3544Y5E,https://www.youtube.com/watch?v=3yt5-Up5R9Q,JA,美濃から飛騨へ。清らかな流れと四季の彩りに包まれながら走る、全長約65kmのドライブルート「飛騨・美濃せせらぎ街道」。 #飛騨高山,
qPEX-Kgqkwn0tQM4HvF9M,https://www.youtube.com/watch?v=BdNDaAufz14,JA,飛騨の家具®フェスティバル開催中！今年のテーマは「伝統を生かす ～匠の遺伝子～」。2025年7月2日(水)から6日(日)まで、飛騨・世界生活文化センターをメイン会場に開催されています。#飛騨高山,
fbtHYONpwCMt5vul3Uqr2,https://www.youtube.com/watch?v=JPKIL5AfVp8,JA,明治28年創業、サクッとした食感とほんのり甘く素朴な味わいがクセになる栃の実せんべいの元祖「前畑点心堂」。看板商品は、丁寧にアク抜きした飛騨産の栃の実を練り込んだ「栃の実せんべい」。#飛騨高山,
zu6-y-Fl3fEI7TUzrPe8h,https://www.youtube.com/watch?v=OxB9IpFO5q4,JA,#飛騨高山 で“呑んでめぐって”酒蔵巡礼！「飛騨高山酒蔵のん兵衛まつり」開催中,
AeOVNpoCiFwJ3UW04HVwz,https://www.youtube.com/watch?v=5PQ7OX-SYzM,JA,岐阜県高山市の「花の森 四十八滝山野草花園」では、約2万本のササユリが順次開花中。淡いピンク色の花びらが揺れ、園内には上品でやさしい香りが広がっています #飛騨高山,
6n3LlD9RSeZhWcKvqcF8p,https://www.youtube.com/watch?v=jlB9vYcztK0,JA,飛騨高山の人気観光スポットのひとつ「赤い中橋」は、市内中心部を流れる宮川にかかる真っ赤な橋。新緑の季節には、青い空、川辺の緑、そして鮮やかな赤い橋の美しいコントラストが楽しめます #飛騨高山,
b48QoqvbSiSkyxHbmPfnw,https://www.youtube.com/watch?v=ScmG2Fxwxjc,JA,「第40回 白川郷田植え祭り」が開催されました。記念すべき40回目となる今回は、#飛騨高山 ・一之宮発祥の伝統工芸「宮笠」を早乙女たちが着用。匠の技と美しい里山風景が調和した絶景,
37dXi2azGWMuazXx1_qsd,https://www.youtube.com/watch?v=rUGXy9PpvxU,JA,高山の隠れ家な名店「if珈琲店」。店内に足を踏み入れると、心地よいJAZZの音色。メニューは、コーヒーとカボチャプリンの2つだけ。それでいて、多くを語る必要がないほど、完成された世界.#飛騨高山,
b0jfVQkmT-abvx837UgPk,https://www.youtube.com/watch?v=FbIfpzdWooM,JA,古代神殿の中を散策しながら、アートを楽しむことができる「光ミュージアム」。重厚な神殿のような石造りの外観。建物自体が芸術作品のように壮大で、雨の日でも満喫することができる博物館です。#飛騨高山,
6dvlDgMGL13Owk2rnc39p,https://www.youtube.com/watch?v=2mqBXNpcCvU,JA,丹生川町に誕生したいちご狩りスポット「ニシウエ青果園」。最大の魅力は靴を脱いでくつろげる清潔＆快適なハウス空間。床に座ったり、寝そべったりして、いちご狩りをもっと自由にリラックスして楽しめる新スタイル,
MZPR18VlqEl71c6PGNk61,https://www.youtube.com/watch?v=6xQDzfYP58M,JA,飛騨の小さなリキュール専門所「飛騨クラフト」。旬の国産果実と飛騨の湧き水だけで、一本ずつ丁寧にお酒を仕込んでいます#飛騨高山,
KdptVH3asFfFJ7VYWUXUJ,https://www.youtube.com/watch?v=zgghEmI6G40,JA,枝垂れ桜の郷”朝日町’にある「黒川天満神社」の枝垂れ桜が満開！2025年4月25日 #飛騨高山,
91NXVmQmyQrgHb_hucbG5,https://www.youtube.com/watch?v=PgGFZO_tHuw,JA,枝垂れ桜の郷”朝日町’にある「法正寺」の枝垂れ桜が満開！見ごろ迎えています。情緒ある雰囲気の中、鐘楼と桜は絶好のロケーションです。撮影：2025年4月25日#飛騨高山,
KQ_TmSCnFSFWC7eUqdggI,https://www.youtube.com/watch?v=AG3BeTRZnRo,JA,飛騨あさひエリアの中でも最大級に大きい枝垂れ桜がある「浅井神明神社」。ライトに照らされた桜が闇の中に浮かび上がり、まるで春の夢のような美しさを演出します。撮影2025.4.25 #飛騨高山,
qmufGQ94Rs7M0f7TiKc4m,https://www.youtube.com/watch?v=u4m9aUkpPTc,JA,丹生川町にある千光寺で桜が見頃を迎えています。荘厳な歴史と自然のエネルギーが調和する空間に、春の光が差し込み、柔らかな花びらが舞うこの季節は、まさに訪れるのに最適なとき。#飛騨高山,
rxMyW53gj6qxllaayaE7p,https://www.youtube.com/watch?v=-PISU-DtCGY,JA,朝日町には美しい枝垂れ桜が多くあり「枝垂れ桜の里」と呼ばれています。中でも「青屋神明神社」の枝垂れ桜は、目の前に水田が広がり、映りこむ逆さの桜は圧倒的な美しさ♡撮影2025.4.22　 #飛騨高山,
3U9rEtGagwWpt3RokIU88,https://www.youtube.com/watch?v=HinVdIuRtqE,JA,毎朝、宮川朝市が開催される宮川の川沿い。シダレ桜など桜を眺めながらの散策にぴったりなスポットです。川のせせらぎを聞きながらのんびり癒されます。撮影2025.4.22#飛騨高山　,
96nwRikjnDzIBaDoJuYtw,https://www.youtube.com/watch?v=O5v0mOqPqxE,JA,岐阜県に三社ある護国神社の内の一つ「飛騨護国神社」。撮影2025.4.22 #飛騨高山,
9nFMF-0vLGSE9O3U6HfYJ,https://www.youtube.com/watch?v=FMKsK-WFz0E,JA,飛騨高山のランドマーク「中橋」。朱色の欄干と桜のピンク色、ライトアップされた光が川面に映り込み、まるで絵画のような美しさを放ちます。撮影2025.4.22 #飛騨高山,
IIJuAS2OJbwtFcSj_rAo2,https://www.youtube.com/watch?v=SQ6yG7BVPBI,JA,朝日町にある青屋神明神社の枝垂れ桜が、満開を迎えています。昼の青空に映える姿も見事ですが、4月21日から始まったライトアップでは、その美しさが幻想の世界へ。撮影：2025年4月22日　 #飛騨高山,
9vmodHDVf_avY9OZKzYWJ,https://www.youtube.com/watch?v=SBL4WgmN_9Y,JA,「飛騨一之宮 常泉寺川堤」のしだれ桜が、今年も美しく満開を迎えました。撮影2025.4.22#飛騨高山,
6hd0SK0qAqiw0xgo9CWvn,https://www.youtube.com/watch?v=58DqGiJBoU4,JA,"清見町大谷地区の西光寺裏の山すそ約2,000平方メートルの一面に黄色い可憐なフクジュソウが満開に！見頃をむかえお椀型の丸みある可愛らしい花を見ることができます。撮影2025.4.22 #飛騨高山",
Y4RWZwKBcN4SEDiGDBrsg,https://www.youtube.com/watch?v=UAbNaN2nC78,JA,#高山祭 の伝統行事「御巡幸」。神輿を中心に獅子舞、闘鶏楽、裃姿の警固など、伝統の装束をまとった数百名にも及ぶ美麗な祭行列が祭区域内を練り歩く様子が見られます。#飛騨高山　,
TeIq8-a5ICOeq5pW08VOR,https://www.youtube.com/watch?v=xAbT5diDz6I,JA,色鮮やかな舞と音の競演春の高山祭「闘鶏楽」カンカコカンでお馴染みの闘鶏楽。白地に色鮮やかな鳳凰が描かれた衣装を身にまとい、鉦と締太鼓を打ちながら祭行列で巡行します。#飛騨高山　,
Q5f55R3drjDcVAHr3UIir,https://www.youtube.com/watch?v=Q6LyBX72Oiw,JA,春の #高山祭 が無事に終了しました。14日は快晴、夜は天候不良で夜祭は中止。15日は雨のため、屋台曳き揃え、御巡幸は中止になり、各蔵で屋台が公開され、からくり奉納も各蔵で無事に執り行われました。,
BABbVUNhtDTdqXQOUNDGs,https://www.youtube.com/watch?v=yWOXdZhyMTg,JA,春のおとずれの遅い飛騨は4月3日の今日、ひと月おくれの”ひなまつり”を迎え、生きびな祭が行われました。,
tawAMO3coTSkgDZymiKCn,https://www.youtube.com/watch?v=8z8-Q8UF3Do,JA,祭屋台のひとつ恵比須台の大規模な修理が139年ぶりに行われ、今日は試運転です。青空のもと、無事に行われました。#飛騨高山　,
ebpQp_EuTrLiq4WbzirVr,https://www.youtube.com/watch?v=EVnVS_Jl-B0,JA,国の重要文化財に指定されている 「吉島家住宅」。明治40年に建てられたこの町家は、飛騨匠の技が光る美しい建築と、重厚な歴史を感じられる空間が魅力です。#岐阜県 #飛騨高山,
yWCekIWoJoYwUAknAbXz8,https://www.youtube.com/watch?v=R0XhlhQL4S4,JA,明治期の町家として初めて国の重要指定文化財に指定された「#日下部民藝館」。明治天皇の即位を記念して作らせた「明治雛」などが展示されています。　#飛騨高山,
t1-rKuyHHdLhelyzVNgyQ,https://www.youtube.com/watch?v=cTL-MQHoJ2A,JA,雪の古い町並　#飛騨高山,
pr7c6bZf96WnD-S8S2P71,https://www.youtube.com/watch?v=FJJXpNDpceE,JA,荘厳な雰囲気漂う「櫻山八幡宮」。秋の「高山祭(八幡祭)」の例祭の場所として有名で多くの参拝客の方でにぎわっています。境内は一面の白銀世界。青空に雪が映え、しっとり散策が楽しめます。#飛騨高山,
hIsMO2UP40St-kmbjqqts,https://www.youtube.com/watch?v=sNmY-ps3VuY,JA,新平湯の名所であるタルマの滝・親水公園一帯で開催される「新平湯温泉 タルマかねこおりライトアップ」。奥飛騨の美しい自然美から創られる氷の芸術作品です。#飛騨高山,
QP9WIDLVJ5EkTxsp6bPOg,https://www.youtube.com/watch?v=7kMtLsibthA,JA,冬ならではの絶景が楽しめる氷点下の森。氷点下１０度の冬の自然を逆手に取り、制作を始め出来上がった氷の森は、昼間はブルー、夜は青、赤、緑とライトアップされ30年以上続く人気のイベントです！ #飛騨高山,
rtU7UCYZeTAU2GoSi1ywc,https://www.youtube.com/watch?v=gzO4W-D7Tw8,JA,大盛況の「#氷点下の森」は2月末まで！氷点下１０度の冬の自然を逆手に取り、制作を始め出来上がった氷の森は、昼間は太陽の光を浴びた純白の氷の美しさが楽しめます。 #飛騨高山,
ZfksiNF2pJvaue7bEMbJF,https://www.youtube.com/watch?v=fEEC8zjz6PY,JA,15日から25日まで開催「平湯大滝結氷まつり」。豪快に流れ落ちる滝水も、奥飛騨の冬の寒さに巨大な氷柱へと変化。荘厳な青白く輝く氷柱がライトアップされ、幻想的な世界が広がっています。#飛騨高山,
H5K9yV1E5oqqJzBIGkIFu,https://www.youtube.com/watch?v=DalEkLFrUIk,JA,木々が生い茂り自然のパワーを感じる「日枝神社」。雪が降り積もり、凛とした雰囲気がどこか神秘的で心落ち着くスポット。#飛騨高山,
M23VNIQrPrmz-TET9Vtdn,https://www.youtube.com/watch?v=RCdJf6T_vEg,JA,名古屋方面から東海北陸自動車道で高山へ向かう道は、一面の白銀世界が広がります。お気をつけてお越しください！#飛騨高山　,
PcHONJ6q4_oNtWbMkotK_,https://www.youtube.com/watch?v=GNIfcL5TuNo,JA,奥飛騨温泉郷新穂高温泉の中尾にある白山神社で開催される「中尾かまくらまつり」。白山神社の境内には大小さまざまなかまくらが登場。#飛騨高山,
bkISvur69VR3dI5I7RUOa,https://www.youtube.com/watch?v=HTcrzW39L_4,JA,標高約900メートルに位置する日本一高い場所にある観光鍾乳洞「飛騨大鍾乳洞」。冬期限定の高さ約30ｍにもなる谷の水を氷らせた「氷の渓谷」。蒼白の氷柱は、美しいの一言につきる迫力ある絶景！#飛騨高山,
lK96FK8FbFK8lQjHdCgWE,https://www.youtube.com/watch?v=WDwANevlhGc,JA,高山冬の風物詩「二十四日市」がはじまりました！飛騨伝統の民芸品小屋名しょうけ、有道しゃくしなどの実演販売や宮笠、飛騨高山のご当地グルメやお値打ち品もいっぱいです！ #飛騨高山,
QLZk5qh9lAX-NGjV8m7Tq,https://www.youtube.com/watch?v=3tvkovgZ1Y4,JA,奥飛騨温泉郷を走ると美しく雪化粧した山々、雪景色が一面に広がります。青空に真っ白な雪が映え、今だけの景色をみることができます。#飛騨高山　,
b10MIYSbNQvy2kO8wH58O,https://www.youtube.com/watch?v=QswhBUeIppE,JA,合掌造りなど日本の美しい原風景と飛騨人の暮らしや文化を体験できる「#飛騨の里」。四季折々の風景を楽しめるスポットですが、特に冬の飛騨の里は雪に包まれた幻想的な雰囲気が広がり魅力が満載！#飛騨の里,
Drm7c8_jsU4Dxqx5ikE08,https://www.youtube.com/watch?v=V17mWF9x5QI,JA,宮峠トンネルを抜ければ、一面に広がる白銀世界と青空。凛とした冬の空気の中、夕日のオレンジが空を染めていきます。四季を感じるドライブルートです。#飛騨高山　,
09iTkLEq70yOBY2913tZt,https://www.youtube.com/watch?v=m6976sNUg_0,JA,2024年も残すところあとわずかとなりました。今年も皆さまからたくさんのいいねやコメントをいただき、本当にありがとうございました。 #飛騨高山,
1qo-4rgwTRGigKLDw0PSB,https://www.youtube.com/watch?v=BaabYiOMkfM,JA,雪と中橋❄橋の赤色と真っ白な雪が美しいコントラスト。#飛騨高山　,
a72buQ4hektGeBEuQU52q,https://www.youtube.com/watch?v=bjVvwajnTd8,JA,今回のHIDABITOは飛騨春慶塗師　熊崎信行氏。430年の歴史がある飛騨春慶の塗師になって48年、塗師として歩む人生、ツナグ想いを伺いました。#飛騨高山　,
PTRDRoiVZ0I-qgwvZu7vU,https://www.youtube.com/watch?v=YQnnr0fLPeA,JA,#飛騨高山 で昔から人々が栽培し、作られてきた「赤かぶ漬」。雪が多く降るため生野菜が収穫できず、冬の保存食として愛されてきました。寒暖差のある気候で育てられた赤かぶは、旨みがギュッとつまっています。,
cCqf_4YyANW_0PBKCCz6a,https://www.youtube.com/watch?v=Z6t2wJRlkDg,JA,国指定天然記念物！樹齢1250年以上といわれる「飛騨国分寺」の大イチョウが見頃を迎えています。高さ約28mあり、見上げれば、一面黄金色に染まった美しい景色を見ることができます。 #飛騨高山,
0mvfgnJwzsixJE1WsoMKK,https://www.youtube.com/watch?v=HzLBpjUFAyU,JA,#高山 の大人な穴場スポット「東山遊歩道」。古い町並を眺めながら、道沿いに点在する由緒ある12の寺社をのんびり散策できます。紅葉🍁も終盤！ #飛騨高山,
tDtPPDDIsRBOvNLpOaA25,https://www.youtube.com/watch?v=tgRfspTAFaQ,JA,高山市内を一望できる穴場の紅葉スポット「北山公園 鮎崎城址公園」。山間の段々畑の風景を眺めながら散策が楽しめる北山遊歩道の頂上にあります。紅葉🍁と里山風景をお楽しみください。#飛騨高山,
owoSBPLP4dRt3CdjHWm2g,https://www.youtube.com/watch?v=Gc67ivCBcOU,JA,まるで時代劇のセットのような、江戸時代にタイムスリップした気分が満喫できる「高山陣屋」。陣屋庭園の紅葉が見頃を迎え美しい情景を楽しめます。陽の光が注ぎこみ、撮影スポットとしてもぴったり♪#飛騨高山,
xRVPJBgZJwOkLgfrELF9Y,https://www.youtube.com/watch?v=2A9Pvlu824k,JA,木々が生い茂り、とても爽やかで自然のパワーを感じる「日枝神社」。紅葉もあと少し🍁境内まで続く道には赤や黄色など色鮮やかに染まった木々が生い茂ります。撮影:2024.11.20 #飛騨高山,
bGFlqDjEiU_jYO8a7Od8z,https://www.youtube.com/watch?v=JUpBp0KaPQM,JA,岐阜県名水50選認定、舟山に源を発する牛牧谷が益田川に注ぐあたりにある「女男滝」。上下二段の滝からなることに由来し、上が女滝、下を男滝と称し子宝伝説が残り、古くから親しまれています。 #飛騨高山,
NvnxK9w2a-_8rU4fQUgsg,https://www.youtube.com/watch?v=OgZI0XDx8R0,JA,高山インターから車で約30分の場所にある「あららぎ湖」は、豊かな自然に囲まれた美しい湖。透明度の高い水面には、四季の景色が映り込み、訪れるたびに異なる表情を見せてくれます。 #飛騨高山,
1zy4IT2RtdtvzJYR4muwN,https://www.youtube.com/watch?v=spFURaJc-ng,JA,一之宮町にある往還寺の銀杏が見頃を迎えています。推定樹齢200年以上の２本のイチョウは、全長約35m。見上げれば一面に鮮やかな黄色と青空のコントラストが広がります。撮影:2024.11.8#飛騨高山,
TdDdfYHBEYa0Ol7EaKj5r,https://www.youtube.com/watch?v=waBCmFsw6R0,JA,滝巡りが楽しめる「#宇津江四十八滝」の紅葉🍁が見頃です。渓谷沿いには大小無数13の滝があり、豊かな自然の中、滝の水音に耳を澄ませながらのんびり散策ができ、リフレッシュにピッタリ！#飛騨高山,
Mvfu2i0k7N0VdR1jyDP4T,https://www.youtube.com/watch?v=-NaIP-dkU1I,JA,郡上市八幡町から高山市清見町三日町を結ぶ「飛騨・美濃せせらぎ街道」の紅葉🍁が見頃を迎えています。#飛騨高山,
kJqM0_ZMfzJaOHyvswqLQ,https://www.youtube.com/watch?v=RytgJFL7AmI,JA,飛騨美濃伝統野菜「あきしまささ��」　#飛騨高山,
z8AhtMVRqg0en4pUkrRYg,https://www.youtube.com/watch?v=B_ftMlL4h8Q,JA,北アルプス乗鞍岳の北西山麓に広がる五色ケ原は約3000haの広大な森林地帯です。手つかずの希少な自然が豊富に残る、まさに秘境。秋も深まり紅葉シーズンを迎えています。予約は10月31日まで#飛騨高山,
DAOG041Eygg5jVAaQEqcI,https://www.youtube.com/watch?v=3D96ewmbtvo,JA,飛騨の家具®フェスティバルが2024年10月19(土)から23日(水)まで開催されています。各メーカーの展示に加え、トークイベントやワークショップなどが行われ多くの方でにぎわっています。#飛騨高山,
NrlvYUJbdy5MPzE6nYtQy,https://www.youtube.com/watch?v=OUG0PSsifWM,JA,10月18日(金)～11月23日(土)の期間限定で高山駅にストリートピアノが登場！その名も「飛騨六花(ひだろっか)」。高山の澄み切った冬を表すような美しい季語から名付けられました。#飛騨高山,
LsFqExJeOgz4hxrtIs6K8,https://www.youtube.com/watch?v=JRRX3JNWTx4,JA,乗鞍岳は、北アルプスの南端に位置し、23の峰と7つの湖、8つの平原からなる人気スポット。乗鞍スカイラインでアクセスできるため、初心者でも気軽に高山ハイキングを楽しむことができます。#飛騨高山,
WlUaEvsNtLi3qJXsC45aw,https://www.youtube.com/watch?v=xL30eD144CY,JA,山々に囲まれ澄んだ空気と豊かな自然に育まれた高山の特産品「飛騨りんご」は、甘さと酸味のバランスが絶妙！#飛騨高山,
oZ_i8NRJ-2vYzeJ8Dtsms,https://www.youtube.com/watch?v=hr3DCnGij8U,JA,秋の #飛騨高山 高山祭「宵祭」屋台が約100個もの提灯をつけ、夜の町並みを巡行する様子は息をのむほど美しく幻想的な光景です。曳き別れ歌高い山を歌いながら各屋台に帰っていきます。#飛騨高山　,
mNp1tIqDKbm5A_u631hWn,https://www.youtube.com/watch?v=MV41mt7zGn8,JA,秋の #高山祭「御神幸(祭行列)」伝統の衣装に身を包んだ数百人もの行列は、まるでタイムスリップしたかのような華やかな光景。氏子の繁栄を願い、神様が一泊2日旅をするものです。#飛騨高山,
VrL8_X9L66DhpLy-reiR6,https://www.youtube.com/watch?v=nAI7wyaa5WE,JA,秋の #高山祭 が無事に終了しました。9日は曇り10日は見事な秋晴れ！青空が広がり、屋台曳き揃え、からくり奉納、御神幸(祭行列)、5年ぶりに宵祭も行われ、多くの方にお越しいただきました。 #飛騨高山,
SybJiwJp7Bjca9gjRuhyj,https://www.youtube.com/watch?v=CAVPTWuyWbU,JA,高山祭「飛騨人HIDABITO」受け継がれる伝統．技術．想い飛騨人の意気が高まる高山祭高山の揺るぎない誇りです#飛騨高山　#高山祭,
jkvJcQczmkTU9Vg-ZrbXE,https://www.youtube.com/watch?v=PxBSIYOV0RQ,JA,9月28日29日の土日に開催される「飛騨の工房めぐり」。木材を高速で回転させ刃物で削っていく、木工旋盤と言われる機械を使いものづくりをしている「osio craft」。#飛騨高山,
-GTBnFbvj8MpqXyUVlgYL,https://www.youtube.com/watch?v=_vkTEFSqIlA,JA,9月28日29日に開催される飛騨の工房めぐりの参加工房紹介「大家桐材店」#飛騨高山,
idt6xpYZVPR1F4Yu7kfV4,https://www.youtube.com/watch?v=Vc2LxWTB3JU,JA,金森長近生誕500年記念を祝し豪華戦国イベントが開催されました。町並みを練り歩き、飛騨高山まちの体験交流館広場では戦国甲冑劇が披露され、城山公園では火縄銃演武が行われました。#飛騨高山,
L7CaUtu9K7mORDS0t_nwC,https://www.youtube.com/watch?v=8xXiHO5tSwY,JA,宮峠のトンネルを抜ければ、黄金に輝く一面の稲穂が広がります。飛騨高山収穫の秋到来です。#takayama #飛騨高山 #岐阜県 #高山 #旅行 #takayamagram #japan #travel,
i6OenFB32w8LqQrmEfrAb,https://www.youtube.com/watch?v=IS3_ipTSIro,JA,9月21.22.23日に古い町並からすぐの場所にある「飛騨高山まちの体験交流館」の広場で宮笠の無料貸出イベントを開催いたします。#飛騨高山,
YVhWhwUgHQJwbYapWdLMm,https://www.youtube.com/watch?v=2hjU-LAFYp0,JA,平湯峠と乗鞍岳畳平を結ぶの山岳観光道路「#乗鞍スカイライン」。#乗鞍岳  のバスターミナルは標高2702ｍ、バスで走れる標高日本一の高さを誇り自転車で登ることができる絶景ロード。#飛騨高山,
ceIFV6o8kiR2xJ0oZdTFE,https://www.youtube.com/watch?v=hLQ9vgJFaK0,JA,昼夜の寒暖差と乗鞍山麓の湧水を活用した野菜作りが盛んな丹生川町。中でも人気なのが「宿儺かぼちゃ」。ほくほくとした食感、濃厚な甘み、皮が薄く調理しやすいへちまのような細長いかぼちゃです。#飛騨高山,
ve8MF3N4LwTu9j3xd8QAe,https://www.youtube.com/watch?v=YDLUr0wcBPk,JA,北アルプスの南端・乗鞍岳に抱かれる丹生川町。日本の原風景が広がるエリアです。澄んだ空気と壮大な風景の中で自転車を楽しむことができ、心身ともにリフレッシュすることができます。#飛騨高山,
4hM3_QF3Zu7ZUr6OSdNnU,https://www.youtube.com/watch?v=v4Bbw5-A_Yw,JA,"幻のとうもろこしと言われる「タカネコーン」。標高1,300m前後の地域で栽培されたトウモロコシだけをタカネコーンと呼び、メロン並みの糖度が特徴です。#飛騨高山",
L97o9QPHjiB_nL9VV04Ka,https://www.youtube.com/watch?v=HSLNBSaeFG8,JA,寒冷な気候と昼夜の寒暖差が大きい飛騨エリアで栽培されるため、甘みが強く、濃厚な味わいが特徴の「飛騨ほうれん草」。飛騨エリアは、日本でも有数のほうれん草の産地です。#飛騨高山,
aEl-DdED5dpGxJY9QT_u5,https://www.youtube.com/watch?v=WnOQq0kPT4A,JA,"秋の高山祭の例祭の場所として有名な「櫻山八幡宮」で「桜山風鈴まつり」が開催中です。絵馬殿に約2,000個の風鈴が飾られ手水舎に生花が浮かび涼しげな雰囲気。涼を感じる音色が鳴り響きます。#飛騨高山",
Pz2WxYSYnQgLuLPR7AlGr,https://www.youtube.com/watch?v=-UrJKmqaI3Y,JA,早朝7時から営業している「ダルマベーカリー」。子供から大人まで楽しめる幅広い商品ラインナップが人気のパン屋。期間限定のパンなど80~90種類のパンが並び、どれにしようか迷ってしまいそう♡#飛騨高山,
C_T2bnffr4mfJDBsO4_5U,https://www.youtube.com/watch?v=d2Q65ao_S4I,JA,飛騨地方では節句の行事を旧暦で行うため、七夕祭りは8月7日。毎年この時期に古い町並の軒先に笹の葉を飾り、七夕を祝います。サラサラと揺れる笹と七夕飾りが涼しげな雰囲気です。#飛騨高山　,
5VhMsSqXhe8Gu29B6hL_X,https://www.youtube.com/watch?v=dVDBMnDvwFA,JA,~飛騨高山夏の風物詩～打ち上げる者、観る者の厄払いを願い、毎年8（や）月9（く）日に開催される「飛騨高山手筒花火打上げ」。竹筒に仕込んだ花火を手で持ち、火の粉をあびながら行う勇壮な花火。#飛騨高山,
ktiP4f31AxzJHN2e4TbiJ,https://www.youtube.com/watch?v=IWQbXjHGH6s,JA,久々野町にある「下本農園」ではトマト狩り体験ができます。糖度を上げると水分量が減り、水々しさが失われるため、絶妙なバランスが保たれた、甘さを抑えて酸味が効いた水々しいトマトを育ています。#飛騨高山,
IDuoVWHNWZbiHWJacmpvk,https://www.youtube.com/watch?v=CCJk-XbtH_U,JA,高山市江名子町で飛騨メロンを栽培している「林農園」。#飛騨高山 の寒暖差のある気候だからこそできる、コクのある上品な甘さとみずみずしい果肉が特徴。,
cVQVcYw-nItfAe-ScUuAB,https://www.youtube.com/watch?v=vRHLToMkauo,JA,今から約330年前に一之宮町に伝えられたという「宮笠」。代々、宮村で暮らす問坂義一さん・和彦さんは親子でこの伝統技術を守っている。 #飛騨高山,
MQMJgvRCujDGj1hL0l07f,https://www.youtube.com/watch?v=NIf_xrAAzp0,JA,梅雨があけて、飛騨高山も夏本番！真っ青な空、白い雲、夏にしか見ることができない絶景。#takayama #飛騨高山 #岐阜県 #高山 #旅行 #takayamagram #japan #travel,
EU22nGqmG43NBAcrGAS8B,https://www.youtube.com/watch?v=3ab7LtZ1Dzg,JA,高山市久々野町の小屋名地区に伝わる竹細工のざる「小屋名しょうけ」。スズタケを縦横に丹念に編み込んだ美しい編み目はキュッと目の詰まった精巧なつくり。#飛騨高山,
HRN42f2JiZDZ8xrgzzUqC,https://www.youtube.com/watch?v=ZTuqKU8Ds6k,JA,日本で一番大きな市の高山市は、90％以上が森林に占められている自然豊かなエリア。彩り豊かな滝の森も多く、川のせせらぎ、森の匂い、木々の感触など、心を開放するリフレッシュ体験ができます。#飛騨高山,
IrdoSfpKXjsJ0AkWAyN_9,https://www.youtube.com/watch?v=zynCwmKA6zg,JA,水温が年間14℃前後に保たれる清流でのみ生息する貴重な植物「#梅花藻(バイカモ)」。飛騨一宮水無神社前の常泉寺川の下流にかかる橋から約500ｍにわたって白く小さな花を見ることができます。#飛騨高山,
dbPVNk-dJ4A_RJSLwlmul,https://www.youtube.com/watch?v=gXTqpaSyXYA,JA,丹生川町にある千光寺でアジサイが見頃を迎えています。参道沿いには約1000株のアジサイが咲き誇り華やかな雰囲気です。撮影:7月5日　#飛騨高山　,
5JahNfmNkpaGuMx_xglRN,https://www.youtube.com/watch?v=F5nwwpvNFlE,JA,飛騨高山の走りたい道「丹生川の田園風景」。山々に囲まれ、一面に広がる田んぼと青空を駆け抜ければ、どこか懐かしく爽快な景色。#飛騨高山　#hidatakayama,
bf5bhgxmQ7WSYVJ-lm1TS,https://www.youtube.com/watch?v=vlv08WDkolo,JA,宮峠トンネルを抜けた瞬間に広がる飛騨一之宮の田園風景。日中の気温も上がり、だんだんと夏の空に近づいています。#飛騨高山 #高山 #hidatakayama #takayama #飛騨一之宮 #絶景,
zihKxGHcn7-Ib9LPhBTM3,https://www.youtube.com/watch?v=70S5vo6FCHs,JA,古くから飛騨と信州を結ぶ重要なルート野麦峠。5月26日に野麦峠まつりが行われました。工女の苦難を偲んで工女らに扮装した岐阜県側と長野県側の参加者が野麦峠で合流。旧野麦街道を練り歩きました。#飛騨高山　,
f8cGLKPfW4nY0KDMS8LGe,https://www.youtube.com/watch?v=hDeyqS_H9AQ,JA,郡上市八幡町から高山市清見町三日町を結ぶ「飛騨美濃せせらぎ街道」。爽やかな風と新緑が楽しめるドライブにぴったりのルートです。#飛騨高山 #岐阜県,
OJHp96nTcqYwMcUUXYene,https://www.youtube.com/watch?v=BgnWvb1BTAs,JA,飛騨高山ジャズフェスティバル。大自然の中、心踊る音楽と美味しいお酒と美食で最高のひととき。#飛騨高山　#hidatakayama #岐阜県　#高山　#takayama　,
fAWBmu4pjhtOX_ZxXQAix,https://www.youtube.com/watch?v=ZSTa9VV8eAs,JA,良質な #飛騨牛 を味わえる「#肉の匠家　安川店」。元祖飛騨牛まぶしは、甘辛いタレが染みこんだをお肉を1杯目はそのまま、2杯目は飛騨ネギとわさびで、3杯目はお出汁をかけて♪#飛騨高山,
rsnogJeLvi-h2GO28L7Ao,https://www.youtube.com/watch?v=Y8bm0NcBJEg,JA,飛騨一之宮の田園風景。 田んぼに水が張られ、いよいよ田植えの季節です。水田に空が映り込む日本の原風景。#飛騨高山　#hidatakayama #岐阜県　#高山　#takayama　　#Japan 　,
6_SdHp9U1XAFyx0xKWoWN,https://www.youtube.com/watch?v=15pLWsngYXc,JA,合掌造りなど日本の美しい原風景と飛騨人の暮らしや文化を体験できる「飛騨の里」では、全長９m50cmの巨大な和紙の鯉のぼりと五月人形が展示されています。巨大な鯉のぼりは迫力満点！#飛騨高山,
MasUkAtE0TUTX41bhGFJe,https://www.youtube.com/watch?v=_GlClR0YGRQ,JA,古い町並と藤の花町歩きが楽しめる季節古い町並の美しい景観に鮮やかな紫が映えます#飛騨高山　#hidatakayama #岐阜県　,
xmTZVAiCN6aB3sa8lCEaf,https://www.youtube.com/watch?v=gQdDEXinxOs,JA,飛騨地域の豊かな自然から生み出される食材を使用し、古くから伝わる郷土のお寿司はもちろん、飛騨牛を使用したお寿司まで味わえる「梗絲(きょうし)」。1番人気の20食限定「飛騨牛とろちらし」#飛騨高山,
VZYaQN13AU_1_tnZZ71MH,https://www.youtube.com/watch?v=BsF5rKPlUAc,JA,飛騨一之宮は臥龍桜はもちろんですが、町の至るところに美しい桜が咲き誇ります。宮川堤には、昭和20年代から桜並木が整備されており、カスミザラやエドヒガン、シダレザクラなどが満開です。#飛騨高山,
RqsBHBHr9a2F7uRv52nuF,https://www.youtube.com/watch?v=nkECbcWTEms,JA,#奥飛騨温泉郷 平湯温泉の桜の新名所「ひらゆさくら」が見頃をむかえています。エドヒガンや八重彼岸など7種類の桜が500本咲き誇り、一面にピンク色が広がり春らしい絶景です。#飛騨高山,
fmohyej5hXgCuB5fYS0JO,https://www.youtube.com/watch?v=vm62UHNAaTU,JA,高山市の花でもある コバノミツバツツジ が見頃です。飛騨一之宮 の御旅山では、ピンクの可愛らしい花が満開😄JR飛騨一ノ宮駅から久々野方面に向かって線路沿いの道路を約5分ほど歩くと到着！#飛騨高山,
3b82OpdR7HYYwtiLlcVo6,https://www.youtube.com/watch?v=7rg-NGj_kpU,JA,荘川村の伝統家屋「寄棟式入母屋合掌造り」など、荘川に伝わる家屋が移築保存されている「飛騨 荘川の里」。桜の花が咲き誇る中、昔ばなしに出てくるような風景が幻想的な雰囲気。※過去撮影#飛騨高山,
aOlMK7eJzWH0xdXWfyaB1,https://www.youtube.com/watch?v=2evks3UrBq0,JA,青屋神明神社のライトアップ。県外からも多くの方が訪れるフォトスポットです。大きな枝垂れ桜目の前に水田が広がり、映りこむ逆さの桜は圧倒的な美しさ♡鏡に映る別世界が広がります。#飛騨高山,
ahzVXKF9HHi3ze0AyNg68,https://www.youtube.com/watch?v=7kBc522Cutc,JA,朝日町の桜が見頃を迎えています。青屋神明神社の大きな枝垂れ桜は、目の前に水田が広がり、映りこむ逆さの桜は圧倒的な美しさ♡数多くある枝垂れ桜の中でも朝日町を代表する１本です。!#飛騨高山　,
vmBdilFBCXvKBnsiFUBqy,https://www.youtube.com/watch?v=MVyrjAx4caA,JA,カンカコカンでおなじみの「闘鶏楽(とうけいらく」。白地に色鮮やかな鳳凰の衣装が目を惹きます。鳴り響く鐘の音色が祭りの雰囲気を盛り上げます。#飛騨高山 #高山祭,
4rZOj3lA1eXD_4H9-MBB4,https://www.youtube.com/watch?v=5Ds_euXKrs4,JA,獅子舞や闘鶏楽、裃姿の警固など総勢数百名の大行列が町を巡る「御巡幸」。まるでタイムスリップしたかのような華やかな衣装が目を惹きます♡#飛騨高山 #高山祭,
zHlYmH3RWqNNn3Cm9yQDM,https://www.youtube.com/watch?v=dEm-Wwz3tf8,JA,夜祭は、それぞれ約100個もの提灯を灯した各屋台が町をゆっくりと巡り、順道場を過ぎると「高い山」という曳き別れ歌を歌いながら各屋台蔵へ帰っていきます。昼とは異なる幻想的な雰囲気が魅力。#飛騨高山　,
IrLrE6qRmkz7JjLT-wvgs,https://www.youtube.com/watch?v=aFWd7_vs6BI,JA,飛騨高山の人気撮影スポット「赤い中橋」の桜も満開です。鮮やかな赤色の橋とピンク色の桜、緑色の木々のコントラストは春らしい絶景♡※撮影2024.4.15 #飛騨高山　,
sYvdPciQrD5DWkV9Ya2r0,https://www.youtube.com/watch?v=f5EIegr8HAA,JA,#高山祭　#獅子舞　お囃子の音色に合わせ、力強く舞う姿は迫力満点です。#飛騨高山 　#hidatakayama #岐阜県 　,
ULanovo8Y4dK2AI5-3u-3,https://www.youtube.com/watch?v=vXJIvuOQb_Y,JA,春の高山祭(山王祭)が無事に終了しました。晴天に恵まれ、満開の桜の中、屋台曳き揃え、からくり奉納、御巡幸、夜祭りが行われました。2日間で約18万8000人の方が訪れ、大変賑わいました。#飛騨高山,
Ihcyij5yma_jo8tFEN7fT,https://www.youtube.com/watch?v=A5H1lLFffYU,JA,高山祭「飛騨人HIDABITO」受け継がれる伝統．技術．想い飛騨人の意気が高まる高山祭高山の揺るぎない誇りです #飛騨高山 #高山祭,
dvpSs5kUGpTNzt6DI79UW,https://www.youtube.com/watch?v=rmG4VsJbgaw,JA,江名子川の桜ライトアップ。桜がライトに照らされ妖艶に浮かび上がります。夜のおさんぽが気持ち良い季節、川沿いに並ぶ桜と松と橋の絶景を見にお出かけしてみてはいかがでしょうか。#飛騨高山 #桜,
25QdmQAy8rg6LbQDE35tp,https://www.youtube.com/watch?v=9PG1LSrMMiM,JA,平安時代にタイムスリップしたような、艶やかな春のおとずれをつげる「#生きびな祭」。飛騨一宮水無神社で養蚕や農業の繁栄と女性の幸福を祈念して行われます。#飛騨高山 　#氷菓,
LLgbl7MIQX_2X-KWXREfZ,https://www.youtube.com/watch?v=lHaqPgOKH30,JA,"一之宮町にそびえる標高1,529mの位山山脈から湧き出る鉱泉が源泉の「#臥龍の郷」。良質な温泉、露天風呂やサウナ、ジャグジー、リラクゼーションルームなどが楽しめる癒しのスポットです。#飛騨高山",
OflDNCsT08xcGZd5OuEQz,https://www.youtube.com/watch?v=_V5p-fYUsYE,JA,1000年の時を越えていまなお咲き誇る一之宮町の名所「#臥龍桜」。周囲7.3m、枝の⾧さは東西20m、南北30mに枝を広げる大樹で国指定天然記念物。ピンク色の桜花が視界一面に広がります。#飛騨高山,
J5jQ7SHBuWoMGFGAAlKe7,https://www.youtube.com/watch?v=T2aZd5GrU9U,JA,#飛騨高山 で江戸時代から愛される一之宮町の伝統工芸品「宮笠」。イチイやヒノキの木を薄く削って細長く切り、水に浸して柔らかくしたものを編み込んで作ります。,
Y_b4omU8FjXNN6mQ_kID5,https://www.youtube.com/watch?v=xg1UVpw3p1g,JA,"標高1,529ｍ、宮川と飛騨川の分水嶺の山「位山」。霊山として崇められています。樹木や植物が生い茂り、自然との出会いも楽しみのひとつ。登山道を歩くと多くの巨石群が現れ神秘的な雰囲気。#飛騨高山",
d5QrbnuU7-FdIq3wR7dwP,https://www.youtube.com/watch?v=hofuMbszxZI,JA,4~5種類のイチゴ狩りが楽しめる「#小屋垣内農園」。#飛騨高山 の寒暖差がある気候を利用し作られるイチゴは濃縮された味わいと強い甘みが特徴。予約は不要で、開始から時間無制限、終了の15時まで食べ放題。,
bbeLI9dPRTyhAUOGGWzPW,https://www.youtube.com/watch?v=8ZriY64dpb8,JA,ざらめで作る綿菓子を溶かしながら食べる絶品すき焼きが人気「#岩ト屋」。A5等級 #飛騨牛 を 使用したすき焼きやとろけるような食感と大きな綿菓子が特徴。飛騨エリアの特産品が入っています。#飛騨高山,
ptEISZE5ctyMdlPW5is7s,https://www.youtube.com/watch?v=tLAkVgm8V74,JA,ウナギ養殖から受け継ぐ絶品の秘伝タレとうな丼が人気の「#うな亭」。奥飛騨の名水「たるま水」に2日間寝かせておくことで、臭みのない柔らかなウナギが味わえます。コスパ最強なのも嬉しいポイント。#飛騨高山,
eDTiE0JGadGi3r8A-FFPb,https://www.youtube.com/watch?v=8dEpoaxAE6Y,JA,全国的にも珍しい約100頭のツキノワグマに出逢えるクマのテーマパーク「#奥飛騨クマ牧場」。のんびりと過ごしているクマさんやエサをおねだりする愛嬌たっぷりの姿にほっこり癒されます。#飛騨高山,
I3_16c5SMXw89SLZKbsLS,https://www.youtube.com/watch?v=cBX_XGiPCbA,JA,北アルプスを一望できる絶好のロケーションが魅力の「モンデウスパーク」。初心者から中・上級者まで楽しめる幅広いコースがあり、お子様にもオススメ。ソリ専用広場バンビーノは囲いもあるので安心！#飛騨高山,
yw52ttpPwKBYDXET04LXV,https://www.youtube.com/watch?v=F9fQ7MuiTCI,JA,平湯温泉にある良質かけ流しの名湯「#ひらゆの森」。豊かな自然に囲まれた情緒ある露天風呂が人気の温泉です。こちらの敷地内、森林の中にある貸切 #バレルサウナ で「ととのう」体験ができます。#飛騨高山,
L6fFldMzYtaWqxt8n9ru8,https://www.youtube.com/watch?v=E4-fcFX3Uxo,JA,レトロなブリキの看板など昭和の雰囲気が漂う「#福地温泉朝市」。味噌などの名物やお菓子などの商品が並びます。店内は昭和のポスターなど昔のアイドルや俳優の写真がいっぱい！#飛騨高山,
lAaL_nzrFT7B59pECtd-k,https://www.youtube.com/watch?v=CHBqcPSt1PQ,JA,一之宮と久々野を結ぶ国道41号線「宮峠トンネル」。トンネルを抜けた瞬間に一之宮の田園風景が広がります。#飛騨高山　#高山　#takayamagram 　#岐阜県#旅行,
ifYtp-_8uVJBkR1zGhl6v,https://www.youtube.com/watch?v=5kajWOZ07qc,JA,日本唯一の２階建てゴンドラに乗って、気軽に北アルプス360°大パノラマの絶景を見られる「#新穂高ロープウェイ」。冬の季節しか見ることができない幻想的な風景や限定イベントが目白押しです。#飛騨高山,
0o7R1TqCtdsc3IkgdBdEX,https://www.youtube.com/watch?v=nC5lWVfcuj0,JA,夜の静寂な雰囲気の中、降り積もる雪の中にライトアップされた赤い中橋が浮かび上がり幻想的な雰囲気。昼間とはまた違う、美しい中橋をお楽しみください。#飛騨高山 #snow,
WZ90xS__O9s1cynZd7HPV,https://www.youtube.com/watch?v=Iq0WA0ZFS94,JA,日本の滝百選にも選ばれている「#平湯大滝」が幻想的にライトアップされた「平湯大滝結氷まつり」。高さ64ｍ、幅6メートルの豪快に流れ落ちる滝水も、奥飛騨の冬の寒さに巨大な氷柱へと変化します。#飛騨高山,
2O5tV2ygFXH1JpGlkuJP2,https://www.youtube.com/watch?v=TSB5J-6v9Sc,JA,中尾かまくらまつりが昨日からスタートしました！満天の星空の下、白山神社の境内に大小様々なかまくらが並びます。氷のキャンドルやかがり火が灯り、幻想的な雰囲気。雪国ならではの絶景です。#飛騨高山,
lpYkWdSVWl0mTt-kw1UD0,https://www.youtube.com/watch?v=AOZRznKGjjU,JA,日本の美しい原風景と飛騨人の暮らしや文化を体験できる「#飛騨の里」。雪化粧した合掌造りなど、冬にしか見ることができない風情ある雪景色が楽しめるスポットです。#飛騨高山,
Hfr-ODRYJ4LooL_d6hwo4,https://www.youtube.com/watch?v=-HBBoC0Yf8w,JA,名古屋方面から高山に向かう東海北陸自動車道は、一面の白銀世界！青空と雪が映えます。お気をつけてお越しください。 #温泉 #岐阜県　#飛騨高山　#高山#旅行　#高山市　#travel,
xXbytDei7kgoLAYBs1C_R,https://www.youtube.com/watch?v=6cNfxLrhVn8,JA,りんごや桃の産地として有名な #久々野町 で作られる「手作り #アップルパイ」。1本のパイの中には甘く煮たリンゴが4つ以上も入っておりボリューム満点！作る数には限りがあり売り切れ次第終了#飛騨高山,
uG70k37_ACgVawa0xATgh,https://www.youtube.com/watch?v=5EueyreKYy4,JA,新平湯の名所であるタルマの滝・親水公園で開催される「#新平湯温泉 #タルマかねこおりライトアップ」。息を吞む美しさで圧倒される、今まで体験したことがないような神秘的な風景が楽しめます。#飛騨高山,
v9TvkwUiaZQgmoU3zb8LG,https://www.youtube.com/watch?v=gRaPgMJOhjE,JA,#奥飛騨温泉郷 の中のひとつ #平湯温泉 にある「#平湯の湯」。自然とろりとしたやわらかい肌触りのお湯と冬の時期ならではの白銀の世界を眺めながら入る #温泉 は格別。#飛騨高山　,
YqdvPlQliDQ47ao1y9o8R,https://www.youtube.com/watch?v=kKG1h3b-oxs,JA,２階建てゴンドラに乗って大パノラマの絶景を見られる「#新穂高ロープウェイ」。2024年2月12日(月)まで「SHINHOTAKA CRYSTAL SNOW PARK」を開催中。#飛騨高山,
o0M--OA6GhXva2hS9THQ2,https://www.youtube.com/watch?v=C6V_VVewlA8,JA,そば通が足しげく通う、塩で食べる蕎麦「 #蕎麦正」。 店主が手打ちする #蕎麦 は、一口ごとに感じる風味と食感が絶品。手打ちの芳醇な風味が、一杯一杯に詰まっています。#飛騨高山,
7c8y5OaKW0yeGN0Aq7OpY,https://www.youtube.com/watch?v=7DPknwy95iQ,JA,快晴の飛騨高山、青空に雪が映えます。今日は暖かく、凛とした空気が心地よくドライブ日和。木々に積もった雪が太陽の光にきらめき輝いています。#飛騨高山　#高山　#高山市　#hidatakayama,
iu7q8cvmW4mgPmxPnsjuN,https://www.youtube.com/watch?v=xayGK7BFsJU,JA,陣屋前で毎朝開催されている朝市が年末の期間限定で「年の瀬市」として､しめ縄･松飾りなど縁起物のお正月飾りが販売されます。木の枝に紅白のお餅を巻き付けた「花もち」などお正月準備に地元の方も多く訪れます。,
7okxVil6Pl7xTPKp7Pp3v,https://www.youtube.com/watch?v=VWYGENtWK8o,JA,#飛騨高山 で昔から人々が栽培し、作られてきた「#赤かぶ漬」。江戸時代から続く #飛騨 を代表する伝統の食文化です。「赤かぶ漬」を作り上げる様子を動画にまとめました。#高山,
bTWNinMN0Xkhbg7PV9cj7,https://www.youtube.com/watch?v=9DPia5gizHQ,JA,#飛騨国分寺 の大銀杏の木が見頃を向かえています。昔から、国分寺のイチョウの葉が落ちれば雪が降ると言われており、#飛騨高山 飛騨高山も気温が下がり冬の訪れを感じます。撮影:2023.11.15　　,
vYt13zyV-ezDgrw4xVQF4,https://www.youtube.com/watch?v=veC_5yx7aiY,JA,聖武天皇の勅願によって建立された「#飛騨国分寺」。樹齢1250年以上といわれる大イチョウが見頃を迎えています。,
Xz4YAaNx4e8sfZJQKoa2I,https://www.youtube.com/watch?v=ryt_vmxACuc,JA,秋の高山祭2022 からくり奉納（9日・正午〜）,
aCtAbdfTbbb_YqQ_oIkDe,https://www.youtube.com/watch?v=dYQLq_2ewRM,JA,教育旅行in越前和紙の里,
xY8_eVycprhf3_d0hXqC4,https://www.youtube.com/watch?v=aiRmEp58hxc,JA,2019活動ムービー2020新年会,
f6EyBj2OIVKXrVxEYGUc-,https://www.youtube.com/watch?v=A38buJd9Rbk,JA,青いみかんの収穫が始まる - A speciality of our town #みかん #農家 #七里御浜 #農業 #移住 #熊野古道 #温州みかん #田舎暮らし,
YB9qx_DqLblzcdjou3nEo,https://www.youtube.com/watch?v=1HMU3l1fvSI,JA,Royal Food of Japan 御食国　～歴史に愛された美味がある。～　京都・淡路島コース,
AgCFfU5cVEFl4gcinO8lR,https://www.youtube.com/watch?v=qkthUiPyc-w,JA,Royal Food of Japan 御食国　～歴史に愛された美味がある。～　京都・伊勢志摩コース,
6sHHSHFbyxQe0t-BRzYAQ,https://www.youtube.com/watch?v=oNBVSY0sJi0,JA,Royal Food of Japan 御食国　～歴史に愛された美味がある。～　京都・淡路島コース,
MQS4sx9eGU20PHawxnQbc,https://www.youtube.com/watch?v=vMQMUP0NgmA,JA,テスト,
MT4pJoSvey4VqqRCPwB5S,https://www.youtube.com/watch?v=T_58VYmk6LQ,JA,センセーショナルな堺,
91SJsDIKoYo9rLiW9GVEA,https://www.youtube.com/watch?v=S6dGBWWWXZU,JA,大門酒造(DAIMON BREWERY),
lTChNU0UiLK_KDBbfUkwL,https://www.youtube.com/watch?v=OINOrySpYz0,JA,"松井酒造(MATSUI SAKE BREWING Co.,LTD.)",
UMDjelYbUY6D6mmikJgyi,https://www.youtube.com/watch?v=3HxXCp4R22w,JA,月桂冠(GEKKEIKAN OKURA SAKE MUSEUM),
GTE3OVO3ni4if0_3UBj4G,https://www.youtube.com/watch?v=dTBJO1NFmUU,JA,壺阪酒蔵(TSUBOSAKA SHUZO),
QKVZtYhQm3tfpEQEP1Vgt,https://www.youtube.com/watch?v=fVZfSQe0q30,JA,中野BC株式会社(NAKANO BC),
beuDA2-WA9aAXhk9W0r2h,https://www.youtube.com/watch?v=tftTiS8bFkE,JA,大阪酒ツアー,
KRcS8YabunYFkpQn4nnX2,https://www.youtube.com/watch?v=d6iF7rtf1zU,JA,関西を体験する：EXPOオートライド＆ガイド,
Iz4dAUBaB-1Z11X4SPfNy,https://www.youtube.com/watch?v=5DdvJ73oe3Y,JA,【4K】エキサイティングな旅 自然 関西、日本 短縮版,
pojgH_PExLiqJ_NG0UMSi,https://www.youtube.com/watch?v=whqgU1oLL9k,JA,【4K】エキサイティングな旅　素晴らしい景色　関西、日本　短縮版,
sXrqeSbzxQNxGxeCNg0OM,https://www.youtube.com/watch?v=adbSrn4d78c,JA,【4K】エキサイティングな旅 - 伝統,
8F5AuaHWAHXyYL_4mabIi,https://www.youtube.com/watch?v=ctWCij6Ab38,JA,請勿亂丟垃圾篇 ／ ゴミは捨てない編,
xOrM-astM1kcwSQ51WiFX,https://www.youtube.com/watch?v=x7doayDgFKY,JA,참선 체험편 ／ 座禅体験編,
Ad-zzTCrtBxm-10uAPTTJ,https://www.youtube.com/watch?v=zWQ7_uLJJXA,JA,壽司店篇 ／ お寿司屋編,
nzreqo7lh7okWjliyFo0r,https://www.youtube.com/watch?v=WJOTBHtjJ04,JA,목욕탕편 ／ 銭湯編,
VVnIM2IGpM4RNeWqJZmGH,https://www.youtube.com/watch?v=WKcehdInl8Q,JA,體驗坐禪篇 ／ 座禅体験編,
Lj06GwxDLX2cmq8nvhJax,https://www.youtube.com/watch?v=hFj0iFdjHFo,JA,사람들 대접하기편 ／ おもてなし編,
XvTdkY7wmfhcepkJqsVHz,https://www.youtube.com/watch?v=v4OOskgJbs0,JA,초밥집편 ／ お寿司屋編,
flLDZv3D-9wLF9AyIFEpA,https://www.youtube.com/watch?v=GGgEWO9HqvQ,JA,편의점편 ／ コンビニ編,
T4m9s2FxxgPyil3ugUJPF,https://www.youtube.com/watch?v=W3j_dYATJ9E,JA,大眾澡堂篇 ／ 銭湯編,
8x5ykANFXApC4gnRFJs9U,https://www.youtube.com/watch?v=cYW5QBxFvUU,JA,쓰레기에 관한 이야기편 ／ ごみは捨てない編,
oGCoZynFoYxQ6juPsuu_Y,https://www.youtube.com/watch?v=dyDiylltLNI,JA,拍照篇 ／ 撮影編,
5D0peB8F3hrNArg_ypCqn,https://www.youtube.com/watch?v=-8rv5XHf39Y,JA,便利商店篇 ／ コンビニ編,
IjZLwGLy-MzfialKvvoYU,https://www.youtube.com/watch?v=4jRNAVHJPoU,JA,購物篇 ／ 買い物編,
mUggzl6WUBbo0GrO1FMsf,https://www.youtube.com/watch?v=6N1Ea3X4a5Y,JA,款待篇 ／ おもてなし編,
0SfZRVw0BWMm_NnhCvg-b,https://www.youtube.com/watch?v=9SBjDB31Y3w,JA,參拜篇 ／ お参り編,
xGwAKE7FBeo91QOtA905E,https://www.youtube.com/watch?v=EdRkP1XvjHs,JA,吸菸場所篇 ／ 喫煙場所編,
e64l04UA1rR_2UjdJ3XlE,https://www.youtube.com/watch?v=BOvkwlIM1k4,JA,便利店篇 ／ コンビニ編,
aJkTdt6gNrjVkLi8sMSrt,https://www.youtube.com/watch?v=ecVhJR1tSlg,JA,坐禅体验篇 ／ 座禅体験,
AnkQQR4gTI85vWtiBMldJ,https://www.youtube.com/watch?v=r5vIRRY9QZM,JA,参拜篇 ／ お参り編,
NzMQUFDBvjr-sblO1olGq,https://www.youtube.com/watch?v=2DiX3HQWM2o,JA,待客篇 ／ おもてなし編,
2jzpRPCQpeGs3B5V59q2E,https://www.youtube.com/watch?v=NOIhPTBGhPs,JA,不能乱扔垃圾篇 ／ ゴミは捨てない編,
4xvSl4zaKo3_RVkxl22Qa,https://www.youtube.com/watch?v=UzdNh4CUpdg,JA,寿司店篇 ／ お寿司屋編,
87byUgYfLhx9_oejVxnXo,https://www.youtube.com/watch?v=dWiCGHPOT0A,JA,购物篇 ／ 買い物編,
DGdLyeYh4s5Vrc9mPW5Kp,https://www.youtube.com/watch?v=2A4CBTWR2NE,JA,澡堂篇 ／ 銭湯編,
PTt_M9NFaYD-Un51CkdNd,https://www.youtube.com/watch?v=CeIBjC_WMt8,JA,拍照篇 ／ 撮影編,
FOo4QCHrdvI_W3CHyN0Fw,https://www.youtube.com/watch?v=iOcTqINxbCI,JA,吸烟地点篇 ／ 喫煙場所編,
B-oEXBShnBkjMIZY0PHB1,https://www.youtube.com/watch?v=5luYjogYqes,JA,全身で大自然を体感！奥伊勢アウトドア旅【大台町】,
Jz7JEC-gxt-8o3tzC1w5c,https://www.youtube.com/watch?v=YgHSsBVbJZI,JA,カワイイ着物で出かけたい関宿＆亀山ＮＥＷスポット【亀山市】,
mmwDxL2FqToKO5vyAarTb,https://www.youtube.com/watch?v=C78jpRwId8c,JA,ニンニン！忍者のまち探索～伊賀市で伊賀忍者修行道場をレポート～|観光三重,
jp33fM4g5qGhaUzxR-TIo,https://www.youtube.com/watch?v=8Lr7vZmjcPM,JA,日本一海女さんが多いまちを散策 (三重県鳥羽市) | 観光三重,
nrAj-kk7Us3amzjZdF6Yo,https://www.youtube.com/watch?v=MzTyoXVKdwY,JA,九華公園のお花見と人気テーマパークめぐり (三重県桑名市) | 観光三重,
XITRtxK12X98FEr48y1Di,https://www.youtube.com/watch?v=CcxN-Vy27QU,JA,お伊勢まいりと地元の名所ふれあい旅 (三重県伊勢市) | 観光三重,
bYYBkUMeYazsajSBcLIE9,https://www.youtube.com/watch?v=Ck_6ABBFdP8,JA,丸山千枚田と熊野の秘湯めぐり (三重県熊野市) | 観光三重,
b8dKKn8LIm_EUtj4fA7O5,https://www.youtube.com/watch?v=z4OFYMj_fOc,JA,【公式】観光三重 のライブ ストリーム,
njJAbPgWn5x3Buk9tasNx,https://www.youtube.com/watch?v=-VnIirsoWwU,JA,東建多度カントリークラブ・名古屋,
fW0AwEYiVw4-HTCkw48zH,https://www.youtube.com/watch?v=PgXVW842Yew,JA,鈴鹿サーキット,
lGZehvcv3WM6cWQ7oBp63,https://www.youtube.com/watch?v=Dstk_t53J74,JA,鈴鹿の森庭園,
iAvJNeQN9y0TRtDHH2i7j,https://www.youtube.com/watch?v=yD5S4CxiZL4,JA,Saitama Japan Just North of Tokyo のライブ配信,
OerLUJt16wTGnsEzvjgKu,https://www.youtube.com/watch?v=4JUve8n29cQ,JA,蒸気機関車（秩父鉄道）熊谷-三峰口,
tvr1bapamFdVSscPULrds,https://www.youtube.com/watch?v=JNJXmPfnhAw,JA,フォトジェニックな人気の埼玉スポットを訪れましょう！,
1jENsZ4yI4Ke9wqzf0yF7,https://www.youtube.com/watch?v=nyVGquuvX2o,JA,スチーム + 雨 = 0の視界…しかし100%の冒険 🤷‍♂️ #箱根 #大涌谷 #日本旅行 #愛 #gopro,
EtrW48m7_P-84m8HKdf36,https://www.youtube.com/watch?v=friHPOVJT0Y,JA,神と静けさのひととき。🙏,
MzNTHbYCuyqkSr58Ayfe2,https://www.youtube.com/watch?v=fz5H359c6_8,JA,神戸牛ステーキ もりや 祇園,
lX2LDDqVoo_u8rQuT716k,https://www.youtube.com/watch?v=ndS7gIfKknA,JA,小浜を歩く | 日本の古い町を散策 - 4K,
Dqz9hASpHxTGjO3yq3CSp,https://www.youtube.com/watch?v=6ZCYKkVMABE,JA,白川郷の桜 2021,
3MFAgkbN3-o7tYmYI9iUG,https://www.youtube.com/watch?v=pE6A_LHTgKU,JA,Beautiful Autumn Leaves of Kyoto - Shinnyodo（京都の紅葉 真如堂） | 4K,
25RLPgz6T6Jzvk-6QQWTo,https://www.youtube.com/watch?v=3ROgOmGrqi8,JA,京都の川の音 - 祇園四条近くの鴨川 | 4K,
3kfXGW_2DNydjgjFrEsEe,https://www.youtube.com/watch?v=psEVgNS03E0,JA,近鉄特急「火の鳥」 大阪と名古屋間,
U1snhZ22fZTa_GbHrD1K3,https://www.youtube.com/watch?v=vqBE-exMoGc,JA,中津川市観光局 のライブ配信,
XanMWbamyIrv2Lje5N0jZ,https://www.youtube.com/watch?v=1fMAtwAsgLY,JA,カラダととのう奥能登ヘルシー旅 epi2,
3SHgNJyS68SMGBTBeGHlG,https://www.youtube.com/watch?v=Kfppom3aVxQ,JA,カラダととのう奥能登ヘルシー旅 epi1,
UUTRPg_mGevl_4ZBtDiDw,https://www.youtube.com/watch?v=Qh7TwSmIeBE,JA,デカ曳山,
48HL54Ka4kNrZszyiBW7d,https://www.youtube.com/watch?v=xj-rAXo9-Hc,JA,デカ曳山キャーラゲ,
0oOodRTLWPUSz25dMic-p,https://www.youtube.com/watch?v=1lqyTUB1jrs,JA,砂取り節祭り,
y3TBJi00F2Yw-BU-FlLpu,https://www.youtube.com/watch?v=8nrXH-GrbME,JA,太鼓と踊りの夕べ（弁天夢太鼓）,
4rwv3ywzzn2cGkS754eyv,https://www.youtube.com/watch?v=eiaJSfv2208,JA,砂取り節祭り,
n2xJX10BcyTf2plQuzPJQ,https://www.youtube.com/watch?v=KuT7wUZO54Q,JA,波の花と垂水の滝,
ka20NlI6l2hU34gmCpGBM,https://www.youtube.com/watch?v=X2mxsPz9PQ4,JA,太鼓と踊りの夕べ（馬緤キリコ太鼓）,
D5SGMsazl8HkVXTRz0DG8,https://www.youtube.com/watch?v=IQsSX1ZyZQ4,JA,宝立七夕キリコまつり,
LuHz8I0_H1enaCFriWB43,https://www.youtube.com/watch?v=YOcOzhTTMzM,JA,宝立七夕キリコまつり２,
IlY0xgBUWNrH-SzP7JNfL,https://www.youtube.com/watch?v=NLiZP4O5yWw,JA,宝立七夕キリコまつり３,
j4aUuCf0v6GfVh-9xKz3g,https://www.youtube.com/watch?v=yok0fmTkdbM,JA,宝立七夕キリコまつり４,
aMkJ2ZwsGyXVO4SWDUq9M,https://www.youtube.com/watch?v=gPOMMLuYbEw,JA,砂取節まつり（馬緤キリコ太鼓）,
jLFjMU_n8W0CF6yYEWO2X,https://www.youtube.com/watch?v=9SoDpT7BEPs,JA,珠洲市　安幸キャンペーン,
pZDAcX-70wlE15PKcukgd,https://www.youtube.com/watch?v=ajvbZQeEvDE,JA,兼六園・金沢城公園,
UTb0E22Gx6-6U3JO6Mc6D,https://www.youtube.com/watch?v=1M2wNJJq1-0,JA,白米の千枚田,
qKeOC1p_ZqO9-1qnSMZ-6,https://www.youtube.com/watch?v=SGOK5GCYREU,JA,長町武家屋敷跡,
v2QrZXojDDsy_dT0LeED3,https://www.youtube.com/watch?v=4bzO2YT4nic,JA,主計町,
gCl3fHe4H9ik-ZxRSD8yt,https://www.youtube.com/watch?v=C3aW8mq_MRg,JA,近江町市場,
BJJYwHMSm5eR5MqWa-Kl_,https://www.youtube.com/watch?v=NdFajjvHKcU,JA,ひがし茶屋街,
a8p78wLnc4uV3dGV-uGub,https://www.youtube.com/watch?v=cRJt6JqSPhc,JA,千里浜なぎさドライブウェイ,
IyLgkyRiDzaRw-shkvViL,https://www.youtube.com/watch?v=xIt5TrmFeuI,JA,金沢駅・もてなしドーム,
80ps-YOXpXKGyAiLnm0v7,https://www.youtube.com/watch?v=maGkJ3GrNFw,JA,機具岩,
xmtyNhqmhhIUocxIH2d4n,https://www.youtube.com/watch?v=4mb1IB0UA2k,JA,山中節と温泉の館　山中座,
qKoXkHKDDABfuvebpl8AU,https://www.youtube.com/watch?v=6d93caWpBxs,JA,石川県観光物産館,
ouKccU-vsi9uSsKblwiaY,https://www.youtube.com/watch?v=cJ6GXjgik0U,JA,道の駅　能登食祭市場,
IriKFHImNxUDhDnccqk7g,https://www.youtube.com/watch?v=zIyPR3hDur4,JA,妙立寺,
9wSZnro_3WKcMP2Y9-PsK,https://www.youtube.com/watch?v=OpdEn8JYOxE,JA,のとじま水族館,
0JV8G6daqoWPUYavqkPtH,https://www.youtube.com/watch?v=PnAcrId7rb4,JA,巌門,
IqryLwADAcaaPg9OUZGKM,https://www.youtube.com/watch?v=qlXKV1klZuQ,JA,山中温泉,
GxdPuOlaAEI9CIYIK_O18,https://www.youtube.com/watch?v=u7x10wJLAKE,JA,鶴仙渓,
w6I-mMJOeb4lf_AUiXpL9,https://www.youtube.com/watch?v=IsKcd65YbHw,JA,にし茶屋街,
czV26hrNXA6z3Af1-q2Z3,https://www.youtube.com/watch?v=N84PJvk6CaM,JA,獅子吼高原,
ab8yVV7VvDhvyzLW5wdM1,https://www.youtube.com/watch?v=TixeGYwQ6UA,JA,輪島朝市,
j2zB8OKrY2VDtY8BzVGEa,https://www.youtube.com/watch?v=UpyVzIr5Iiw,JA,那谷寺,
QCz2nRrViqfg6axEnT0XF,https://www.youtube.com/watch?v=W6-FP8jVxZ0,JA,揚げ浜塩田,
osRLSbTTSOuX4-QgLV8Vj,https://www.youtube.com/watch?v=4RGJfRvcklE,JA,山代温泉,
G3LbCz_t410jedzxTYKEr,https://www.youtube.com/watch?v=Xty5Ha3VBlg,JA,禄剛崎灯台,
tDIq_uL53rhxQDE3eUIKO,https://www.youtube.com/watch?v=ybFKHv1Jt_Q,JA,KUSHIRO Hokkaido Japan のライブ配信,
WvNq2BnYceUUXOt-Z4Kuh,https://www.youtube.com/watch?v=1p09Sj0PZ9Y,JA,草津温泉の春,
zUuHm1_d4DyEIn0j7QoUY,https://www.youtube.com/watch?v=CjOCF9EhjEM,JA,Yubatake -Symbol of KusatsuOnsen- 　湯畑,
eFxMBjgOv76Jw32Na6q86,https://www.youtube.com/watch?v=St2v7XpKJsU,JA,Sainokawara park -Scenery of the 4 seasons-  西の河原公園,
kaht51SuYVCsJa09z9eYa,https://www.youtube.com/watch?v=zv80CHzK-kQ,JA,"七重町, 北海道",
rciquKnMo4kD6QcRQPiCW,https://www.youtube.com/watch?v=MhulG_Zx-7Q,JA,万国津梁　琉球から語り継がれる祭り,
_C28JpfDoH8Y9JMYzv6iz,https://www.youtube.com/watch?v=jPZjJnIcBEY,JA,万国新領 琉球王国の歴史,
lvHo6ht11OFK3tXeFhGPc,https://www.youtube.com/watch?v=stDgwKlfgOk,JA,何度でも新しいおきなわ4K（ハイライト）,
gmTqM4eVOXFL68K1FVCeh,https://www.youtube.com/watch?v=wjlIY77Q8bU,JA,何度でも新しいおきなわ（アクティブ篇）,
kZX9HxbPRh3ySxjLe3nfv,https://www.youtube.com/watch?v=5Hoiy3CV7vk,JA,【世界遺産】名物語り部と歩く熊野古道中辺路,
OH3vFS6b23UuqiWdaVwei,https://www.youtube.com/watch?v=MQTliZaML5Q,JA,【川湯温泉】2020 森のスノーパーク,
yjzQ8gTLEkQiQZpuWVM91,https://www.youtube.com/watch?v=YM6SeTjlgXk,JA,TOBA IS YOUR OYSTER,
-1VWLBcXVpfTYevWoQux4,https://www.youtube.com/watch?v=kU5zwqeJAno,JA,ミスインターナショナルフランス リジアが鳥羽に来た,
uxbDYD6H64UtqgSEZkLnY,https://www.youtube.com/watch?v=PD-vpp4J3gw,JA,【碓氷峠鉄道文化むら】GUNMA ANNAKA TRIP,
KN-jSAaDjHHJxvK3u0PIV,https://www.youtube.com/watch?v=SFYCGM8_qG4,JA,宇和島 ～宇和島を知りたくなる（30秒Ver.）,
oSbb4VX7oGHNAvB4M0MQR,https://www.youtube.com/watch?v=SNeX8LICZXI,JA,宇和島を巡る ～宇和島に行きたくなる／連れていきたくなる（30秒Ver.）,
KnC6G_o9yM9YoE28T6vz0,https://www.youtube.com/watch?v=VaY71KTnuX0,JA,宇和島に住む ～宇和島に関わりたくなる／住みたくなる／住み続けたくなる（30秒Ver.）,
z4hBJaWkmg5mXkeEjQLK5,https://www.youtube.com/watch?v=J7yiuTj9M18,JA,宇和島 ～宇和島を知りたくなる（15秒Ver.）,
lWi6DgFiThQQ3XdzpALON,https://www.youtube.com/watch?v=Nm5c7mzTgb4,JA,宇和島を巡る ～宇和島に行きたくなる／連れていきたくなる（15秒Ver.）,
J4X5o6fEcv-j3JtUWThXE,https://www.youtube.com/watch?v=hBaNs7tn0qc,JA,宇和島に住む ～宇和島に関わりたくなる／住みたくなる／住み続けたくなる（15秒Ver.）,
9J7AjMaXOmHz2zoXkjX_J,https://www.youtube.com/watch?v=4pdydqX0xC4,JA,宇和島【英語訳付】Uwajima,
_ftbTv2EdntQFENTwr4bV,https://www.youtube.com/watch?v=Zq_b3647Gak,JA,宇和島を巡る【英語訳付】,
FtwIHHwGbPz7WhOptb5fW,https://www.youtube.com/watch?v=lVywcnKIKUY,JA,宇和島に住む【英語訳付】,
RJPCj3KRsjJA01pmQ58SP,https://www.youtube.com/watch?v=tA6Qin7hHKw,JA,宇和島【韓国語訳付】 Uwajima,
2HNWvkIUZRw0vzjoknyJA,https://www.youtube.com/watch?v=TH3NVoTPzeU,JA,宇和島に住む【韓国語訳付】,
0taKzM9TLqDJyPV_6DXMf,https://www.youtube.com/watch?v=BkT21q5hg5c,JA,宇和島を巡る【韓国語訳付】,
RrvAuCh-doccBjaSqWaIz,https://www.youtube.com/watch?v=mLIcI4e_lOM,JA,宇和島【繁体字訳付】Uwajima,
8yLAvBsc8lkdBzZDwVZHd,https://www.youtube.com/watch?v=SKXlf-tLCcg,JA,宇和島を巡る【繁体字訳付】,
Df-0gd2yVM1wZaKHe6r2q,https://www.youtube.com/watch?v=Tyv5YidN_iw,JA,宇和島に住む【繁体字訳付】,
LRchmSYukhAdWM3LK4-cu,https://www.youtube.com/watch?v=tPBG28TLW7U,JA,宇和島【簡体字訳付】Uwajima,
HOxBsGFm_91BtjEjFc25A,https://www.youtube.com/watch?v=OZJoSRjOBLo,JA,宇和島を巡る【簡体字訳付】,
_SvwDY1c098mnRIXZgiT4,https://www.youtube.com/watch?v=BJ26qbns4pQ,JA,宇和島に住む【簡体字訳付】,
Htfjuc4TFxVbkvsB679ax,https://www.youtube.com/watch?v=CKMbGH1UzMs,JA,VR宇和島市中心部空撮,
5h5RCmvW2pJ0ynPu7v7sK,https://www.youtube.com/watch?v=BTpz9VjQp2A,JA,VR宇和島城空撮,
p_aAQDZjs8TtgIEuygAHW,https://www.youtube.com/watch?v=NDairGkF4RA,JA,VR宇和島城天守内部,
S1DAC4mWkR1WLGoLK56Pz,https://www.youtube.com/watch?v=hHjrLu8mtn0,JA,VR岩松川,
XnO8mvr4U6IEbmqc7JIj3,https://www.youtube.com/watch?v=hktJS2_1soA,JA,VR玉津地区,
RfQxjHeNOjuyxvkAHWa22,https://www.youtube.com/watch?v=EjbJ3AGRq8s,JA,VR九島大橋,
LtIL3ULYRUJRCb9TdyeUN,https://www.youtube.com/watch?v=w-QFbHgK3G8,JA,VR三浦半島の真珠作業筏,
B7gnfDyly1avk_qoiggsi,https://www.youtube.com/watch?v=1xHqBKDjALY,JA,VR三間コスモス,
7C7WyTiPxhSYVrNFBW40u,https://www.youtube.com/watch?v=nGc_mxzrm_0,JA,VR闘牛,
JefQUs2y9puw9APUHBIlR,https://www.youtube.com/watch?v=qH2Mw-oXCxs,JA,VR遊子水荷浦の段畑,
_gysE1kXOGdtFsJVXVel0,https://www.youtube.com/watch?v=29NBUXVS3aQ,JA,島根県プロモーション,
4q61JvGhD3iBzPP8vlOda,https://www.youtube.com/watch?v=JDiZOGnk0Es,JA,種子島スタンプラリー広告動画　ロングVer.,
nOCSXRoj6THCiOEa0eo9G,https://www.youtube.com/watch?v=2ErZh5r2THc,JA,【雪とある日のとおかまち/One snowy day in Tokamachi】日常篇 -short ver.-（新潟県十日町市）,
sOZgiSvIfHf8eMGGg5d-0,https://www.youtube.com/watch?v=TaKix4W9T5E,JA,【雪とある日のとおかまち/One snowy day in Tokamachi】観光スポット篇 -short ver.-（新潟県十日町市 清津峡/美人林/信濃川）,
1m-VVyKYQNkxpQHq-8BpX,https://www.youtube.com/watch?v=VFh8xac5nx4,JA,【雪とある日のとおかまち/One snowy day in Tokamachi】観光スポット篇 -long ver.-（新潟県十日町市 清津峡/美人林/信濃川）,
ABTzT4GVtZOSaNYLQIXSk,https://www.youtube.com/watch?v=pRCkxDj3BIo,JA,【雪とある日のとおかまち/One snowy day in Tokamachi】日常篇 -long ver.-（新潟県十日町市）,
US863EKVkS02gE8TCKi3d,https://www.youtube.com/watch?v=tubiSiqQUP8,JA,越後妻有 紡ぐ文化（新潟県十日町市）,
ZdFjEkDifWuyq7HyeUiSB,https://www.youtube.com/watch?v=lBJ3vGXpJC4,JA,【大地の芸術祭の里】越後妻有 雪花火／Gift for Frozen Village 2021,
eEcvRVD242sT4E_ccFxea,https://www.youtube.com/watch?v=pfTi4XFdQ4A,JA,【大地の芸術祭の里】新潟県十日町市 会沢集落,
s8vG1mD_XCmPVC6vthvPk,https://www.youtube.com/watch?v=xDDJAk03bR4,JA,日本の田舎を探る：黒松内の夏 - 北海道、日本,
iI2IdNmqliHrPsYcgj5vm,https://www.youtube.com/watch?v=MHQLOehNQT0,JA,日本の美しい田舎での週末：北海道・黒松内の冬,
HrvkQWGIGe2c5p5B9-hOg,https://www.youtube.com/watch?v=SDXXS5GAkcM,JA,日本の秘境休暇：黒松内の秋 - 北海道、日本,
XeqhVwEmURLiMjlJ0Yyw8,https://www.youtube.com/watch?v=kadssCg1oUM,JA,nippon,
SU-t64DCkJBzWWMH-h-vF,https://www.youtube.com/watch?v=FuA-CKOWGP4,JA,-水と還り、水と生きる- 滋賀県長浜市西浅井町ドキュメンタリー作品,
zLa-qoO1f0UODH2sQqYY5,https://www.youtube.com/watch?v=l-H4QrcS5II,JA,鳥羽温泉郷　小浜エリア,
oRdQks9ue6gusgGfuNv79,https://www.youtube.com/watch?v=nOjqfqKZSxw,JA,鳥羽温泉郷　鳥羽エリア,
kq-nyrow0pX9qYxh-IA1G,https://www.youtube.com/watch?v=RWqAQyO6MQ0,JA,鳥羽温泉郷　安楽島エリア,
jlQ1kosYfJ_WBFx4RFIZU,https://www.youtube.com/watch?v=_7hlFWxL70w,JA,鳥羽温瀬豪　石鏡エリア,
Q0MYwC8JN2LcgtWU-k_hF,https://www.youtube.com/watch?v=eMa-apkPzUg,JA,鳥羽温泉郷　国崎エリア,
jo7jkAj4hrd8PxOlyLoph,https://www.youtube.com/watch?v=CBQpUBlhx40,JA,鳥羽温泉郷　浦村エリア,
33Jj3Xz4GvefQabzMqrmh,https://www.youtube.com/watch?v=shB7CCyLCIs,JA,岡山へようこそ、太陽の国,
ulkOQAuDAfPsjs_t-9gjT,https://www.youtube.com/watch?v=vja-lwflw9E,JA,おいしい日本。岡山のベスト（7分バージョン）,
RYXKQnX0qy8irIHGmBV71,https://www.youtube.com/watch?v=eY1rBJoX1ow,JA,おいしい日本。岡山のベスト（3分バージョン）,
jnGVfreLGijEc_pQeajPo,https://www.youtube.com/watch?v=bsXNw-p6nbQ,JA,洞爺湖万世閣ホテルレイクサイドテラス　星の湯,
qt12ZeeG_eV4GryZBEmHf,https://www.youtube.com/watch?v=jqj9t3VDAAo,JA,"ようきたね、おかえりなさい。-Welcome home, we have been waiting for you in Tanada House.-",
MZ0jHlSGMXCUKs6CMVNto,https://www.youtube.com/watch?v=4F1aF-88VSU,JA,火山の精霊の守護者,
o6J_cHTC1a9asw4lmPOsn,https://www.youtube.com/watch?v=Ki6uhoKa4_k,JA,AINU meets ARITA　アイヌ文様有田焼 ムービー,
JEh9tdrBIrqV6kPaVUvPf,https://www.youtube.com/watch?v=KB_P0mw0SGc,JA,アイヌと出会う 有田焼のアイヌ模様の皿,
HIMbWut2Bu77cy8SczvyG,https://www.youtube.com/watch?v=zn2DF6cyUCc,JA,TSURUGA アドベンチャーベース SIRI 夏の楽しみ方,
ssKqa74ER5oT7VajH4pGt,https://www.youtube.com/watch?v=lEXD5g7ZmwI,JA,SL(パレオエクスプレス)｜Steam Locomotive(PALEO EXPRESS),
A1E-dfCRszS4Lg3qu2Hpl,https://www.youtube.com/watch?v=dG10qixdJzs,JA,妻沼聖天山 | Menuma Shodenzan Temple,
VKokVMyIvjqZUTdzB1F4r,https://www.youtube.com/watch?v=prcUN_Lech8,JA,美しい伊豆をエミー賞受賞監督が捉えた,
CS6mEbx7t6z8yQ2FgPL1c,https://www.youtube.com/watch?v=GWrVQxB2Bsw,JA,備前市吉永町八塔寺プロモーション動画,
Z3CBNkQAxmqyt1yDN6pxI,https://www.youtube.com/watch?v=_4gUJ1oQAOc,JA,備前観光動画（日本語）/produce by ABC Style,
CfwC6Xc0irPH7XKZSMR8F,https://www.youtube.com/watch?v=B4ZZNqSdkuQ,JA,食とライフスタイルにこだわる方の備前焼講座　-入門編-,
-m2T8cGH53Ufv0oujb8k1,https://www.youtube.com/watch?v=i5TwgJEBoIg,JA,日本のルーツ,
RqYRBwo6KZBPcwRjeOaS5,https://www.youtube.com/watch?v=qel3r6jBirQ,JA,"【旅なんと】城端曳山祭  ～曳山の巡行～ 　Trip to Nanto City, Toyama Prefecture",
EPAkZ7QbmLRs0N3FzWQmJ,https://www.youtube.com/watch?v=z6aaFqKo7gU,JA,"【旅なんと】城端曳山祭 ～狭い路地の通過～　Trip to Nanto City, Toyama Prefecture",
LL1Tzf0XflFf-S-TML3CP,https://www.youtube.com/watch?v=-eU5xd6c9V0,JA,"【旅なんと】城端曳山祭　～夜のまちなか巡行～　Trip to Nanto City, Toyama Prefecture",
2TIU4KNSTb-WrfWYIgJ10,https://www.youtube.com/watch?v=m7YvtxrFaUA,JA,まるごと酒旅をゆく3,
kD5zVl79Z_qBZY7VnwSny,https://www.youtube.com/watch?v=0M-7GteKxZI,JA,まるごと酒旅をゆく4,
3MK0jP5my6zbfpFir4CP0,https://www.youtube.com/watch?v=d1DNaFD3oXA,JA,まるごと酒旅をゆく2,
UWK6ce2Zp1Nj2FlKI3oId,https://www.youtube.com/watch?v=MVGYZ719nO4,JA,まるごと酒旅をゆく1,
hPhAsMKrS-yjS8Zlkq7Yb,https://www.youtube.com/watch?v=YhRyYna6QGk,JA,三重を訪れる - 海と空が出会う,
YASPJag8K5JgUGoanB0j-,https://www.youtube.com/watch?v=1SdRnKuglYk,JA,三重の海と森を訪れる,
al95YTVkOXfI80IovPmlr,https://www.youtube.com/watch?v=V4UfY-HSBiI,JA,SEAWOODHOTEL2023 新PV,
Qvi3dE2kgli7PVQYfQg80,https://www.youtube.com/watch?v=o3bWr8LLn5w,JA,カイロスロケット２号機打ち上げ（令和6年12月18日：下里天満地区）,
ZZBhkNA3b0PdggiuzkYGB,https://www.youtube.com/watch?v=ZaYwztD8qV0,JA,カイロスロケット２号機打ち上げ（令和6年12月18日：旧浦神小学校会場（校舎付近））,
qouMGSPSV3Bzp6UwoXA-e,https://www.youtube.com/watch?v=OQBzQKGwmIo,JA,カイロスロケット２号機打ち上げ（令和6年12月18日：旧浦神小学校会場（浦神漁港付近））,
D_kGvAr9l6Azm4DFqWZ6W,https://www.youtube.com/watch?v=ZJEEcGi-jyE,JA,（ライブ）南勝浦の朝日,
R5H39nV960a7zXRPRct8X,https://www.youtube.com/watch?v=iDhL_Sjae_4,JA,和歌山県那智勝浦町（Nachikatsuura Town） のライブ配信,
YErA11chx3G7owQn9tQLp,https://www.youtube.com/watch?v=6vcnJJnnPB0,JA,オーストラリア旅行 | Sony a7sIII,
M0UpP71CbWjmj-ydOV1UJ,https://www.youtube.com/watch?v=vP57GFzn_Fo,JA,青森ねぶた祭り完全復活‼︎Aomori Nebuta Festival - #青森ねぶた祭 #ねぶた祭り,
CnnUjD4MZsbeax0kR4DO9,https://www.youtube.com/watch?v=9-l46E7KqGQ,JA,京都市観光PR映像_3分動画①「計画性の旅」,
BdLPNZDDuzqoRYnDMrDZP,https://www.youtube.com/watch?v=Nl6HKHiyY-U,JA,京都市観光PR映像_3分動画②「偶然性の旅」,
GdBucPpVzka_50ZMXvRLw,https://www.youtube.com/watch?v=vWu_BID3uG4,JA,京都市観光PR映像_ショート動画①「定番の京都」,
w8obi2oPkEKNUuKWYNvfi,https://www.youtube.com/watch?v=c9IIJZyKp24,JA,京都市観光PR映像_ショート動画②「新しい京都」,
TLJFc2o4TOm7FLOp-ik4_,https://www.youtube.com/watch?v=7SOxKS2WgM8,JA,京都市観光PR映像_ショート動画③「京都観光モラル」,
6VohHjEYWA86wEL5M-nBA,https://www.youtube.com/watch?v=RcWdQzQS-ps,JA,京都市観光PR映像_ショート動画④「朝・夜観光」,
al8UzAIRywmYZEkJ41XuI,https://www.youtube.com/watch?v=cN00UW8cWYc,JA,京都市観光PR映像_ショート動画⑤「伝統産業」,
7x9SKpHSEP276zpcKm2ym,https://www.youtube.com/watch?v=h4JcU8HCX1Y,JA,京都市観光PR映像_ショート動画⑥「伝統文化」,
iu0JXjWbyvlJAPcuLYiOU,https://www.youtube.com/watch?v=uJwMCfEVXU0,JA,京都市観光PR映像_ショート動画⑦「とっておきの京都とその周辺地域」,
WBY64DleEqwtrjDItpMS3,https://www.youtube.com/watch?v=fbceBPD81Vw,JA,京都市観光PR映像_ショート動画⑧「宿泊施設と食事」,
bmOHHAzQRlcQ-pWodcBh4,https://www.youtube.com/watch?v=jCJm4C1HTkw,JA,京都市観光PR映像_ショート動画⑨「トレイラー」,
VHhN4SLpTG5J7LWsWAhMy,https://www.youtube.com/watch?v=JKtJWCPJPyQ,JA,京都市観光PR映像_ショート動画⑩「モデルなし総集編」,
dR8tDr13jlZ_WVLqWzWFp,https://www.youtube.com/watch?v=ftLzdNNKusg,JA,Discover Okinawa グルメ編 long｜Be Okinawa 2024,
5PfhQka0sRqBolPbhGElB,https://www.youtube.com/watch?v=pTEe7xeu0EY,JA,文化×観光「天橋立」,
GxTIrkMoVd1zEsG6BLQ2C,https://www.youtube.com/watch?v=ja5TUqscKCs,JA,歴史文化映像「天橋立の眺望景観」,
-7fD8_TadSpmJ-i9jisxC,https://www.youtube.com/watch?v=WkJVRLXdoxE,JA,歴史文化映像「天橋立神社」,
AMMNRB-IMGX9IzIxIj0Zu,https://www.youtube.com/watch?v=H1_reOMA6Lc,JA,天橋立の世界遺産登録を目指して～天橋立伝説編～,
_IJXdhvicou1NBhn15vOQ,https://www.youtube.com/watch?v=-0z-WsEnq0M,JA,文化×観光「智恩寺」,
MQ9jFh0_TzM1BwhVfqFPs,https://www.youtube.com/watch?v=L_jI6gG2loo,JA,VRで感じる宮津！～金引の滝～,
IOQJ7LSgpW3q6wwTNjmu9,https://www.youtube.com/watch?v=1M4he4-a6pA,JA,VRで感じる宮津！～天橋立～,
lzZ6mvDArstZnu8VdgIWP,https://www.youtube.com/watch?v=4ECUtzxpVjw,JA,VRで感じる宮津グルメ！～こっぺがに～,
WcLVeukacs-_Gqt54wu08,https://www.youtube.com/watch?v=kxRNXTuvi1k,JA,函館市觀光 ~春季和夏季~,
0GH1D7OUMgFTLxux2OPad,https://www.youtube.com/watch?v=JP59J-HdtPM,JA,函館市觀光 ~美食~,
AvktnbDpjY1RqGjS8cCsU,https://www.youtube.com/watch?v=b-4vwJfdCZQ,JA,函館市觀光 ~四季~,
pA3z0daTF0qHLF-Dh2KZ6,https://www.youtube.com/watch?v=tvL3mGOHwe8,JA,函館市觀光 ~秋天和冬天~,
AdZoV-C-lKXauyDUO269q,https://www.youtube.com/watch?v=Rt0z-eg2WLE,JA,函馆市观光 ~秋天和冬天~,
8xwL4ahg6CGANlQAK-SjY,https://www.youtube.com/watch?v=Yli452l04fs,JA,函馆市观光 ~四季~,
N1V7bHWgkWOVcE5JuTSKn,https://www.youtube.com/watch?v=q_FfqwY0lOI,JA,函馆市观光 ~美食~,
qIGhfoH_EmysD1KrsW0Uf,https://www.youtube.com/watch?v=g4oWHzze_D4,JA,函馆市观光 ~春季和夏季~,
XQKMofE8EoPwvunpvE9lo,https://www.youtube.com/watch?v=259q_GId9to,JA,函館市観光PR動画　＃函館旅部　「Oh！Yunokawa！」歴史と伝統篇,
u2UElmMsVA9pOi8KBvJTO,https://www.youtube.com/watch?v=l7zm7kNfwEk,JA,函館市観光PR動画　＃函館旅部　「Oh！Yunokawa！」泉質篇,
SybPxT1RfcmnNxFOxro2r,https://www.youtube.com/watch?v=ZApjN24rTBU,JA,函館市観光PR動画　＃函館旅部　「Oh！Yunokawa！」独特なロケーション篇,
qk7BY6rAU_8fm6UYD1rQG,https://www.youtube.com/watch?v=WL0bCgaVYXg,JA,函館市観光PR動画　＃函館旅部　「Oh！Yunokawa！」アクセスの良さ篇,
4bhhy_LVVDVNmLOeCBmd6,https://www.youtube.com/watch?v=RMhqUBEzbLw,JA,函館市観光PR動画　＃函館旅部　「Oh！Yunokawa！」アクティビティ篇,
5E1kcUUhMLs7HUxs2zWxT,https://www.youtube.com/watch?v=toSJLiY-6ds,JA,函館市の観光 ~秋と冬~,
VlGmrJgdHExxn3byoCViE,https://www.youtube.com/watch?v=aEdqgNyE73k,JA,函館市の観光 ~春と夏~,
lJi6vCiMVqgeVRDyVdts8,https://www.youtube.com/watch?v=8I__Aann4lM,JA,函館市の観光 ~グルメ~,
NeC8kn7EnPh3ih9T9AfVJ,https://www.youtube.com/watch?v=R-0Uvgp7iyQ,JA,函館の観光 ～四季～,
qvOCJxJ1rqr6_DWlG9mKe,https://www.youtube.com/watch?v=aiuMwoh8qkw,JA,函館市観光PR動画　＃函館旅部「Oh!Hakodate!」　春夏編,
DYu8s2OjRrnEomjL8jnl-,https://www.youtube.com/watch?v=ztRguM6Bzjs,JA,函館市観光PR動画　＃函館旅部「Oh!Hakodate!」　秋冬編,
bStwBGTAe80YQwaTURIIG,https://www.youtube.com/watch?v=68jDVu2QngE,JA,函館市観光PR動画　＃函館旅部「Oh!Hakodate!」　グルメ編,
ZlQGmLcm8G1_6mp01qea9,https://www.youtube.com/watch?v=I2usX6Orjpw,JA,函館市観光PR動画　＃函館旅部「Oh!Hakodate!」　春夏秋冬編ショート,
eyr3CIBXfGQO_8RpxDOBk,https://www.youtube.com/watch?v=cONznRvyl48,JA,アイアイ今治公式ブランドムービー（3分38秒ver ）,
YXWKtSvB1YPMY7yp72qDD,https://www.youtube.com/watch?v=DkT7WtZd5X0,JA,初桜酒造,
h9AMiXww598qpwUivvyPz,https://www.youtube.com/watch?v=NCeYU-3eMnA,JA,長崎のドローン　長崎ばーどアイ４K　水の都島原,
7ddT4OkaKg5AiviNs3KY5,https://www.youtube.com/watch?v=6lxKEKa0C70,JA,長崎のドローン　長崎ばーどアイ４K　細石流キリシタン墓地（五島市）,
A3Q-uGZUKbU7mrJUkxJrd,https://www.youtube.com/watch?v=6plAJv7mh9I,JA,長崎のドローン　長崎ばーどアイ４K　春日集落（平戸市）,
N9FLTzIyUIcVcz6H7SFlF,https://www.youtube.com/watch?v=RzQ4yigSc84,JA,ドローン映像　長崎ばーどアイ４K　斑島,
h713id1S4-BcBlGNPkRQY,https://www.youtube.com/watch?v=-0NkPgW7hkw,JA,ドローン映像　長崎ばーどアイ４K　五両ダキ（長崎県小値賀町）,
Zt5aUHxADHirxd3XDvlvH,https://www.youtube.com/watch?v=TGkoPTlqED8,JA,ドローン映像　長崎ばーどアイ４K　箕岳（五島市）,
IPLIx5_pPrN2R3b74DsgO,https://www.youtube.com/watch?v=LOde27Wv35Q,JA,ドローン映像　長崎ばーどアイ４K　蛤浜海水浴場,
UbmHvdfVnV0DWdZqtRKxi,https://www.youtube.com/watch?v=Aa5sXV7CYZc,JA,ドローン映像　長崎ばーどアイ４K　若松瀬戸の夏,
tLCmZ8V-IiR80xhP0bygq,https://www.youtube.com/watch?v=0xM1j0pEvCU,JA,ドローン映像　長崎ばーどアイ４K　橘神社の桜,
cHlyQe7-ngY73hN_itjjc,https://www.youtube.com/watch?v=hEUgfW7FtpE,JA,ドローン映像　長崎ばーどアイ４K　伊佐の浦公園の桜,
zidCMXUaazG4Je4jszKIw,https://www.youtube.com/watch?v=Brcphjgwcj0,JA,ドローン映像　長崎ばーどアイ４K　七ツ釜の桜,
RRDYmTss66JTsQrYYd_jU,https://www.youtube.com/watch?v=b_wwznB5ZN8,JA,ドローン映像　長崎ばーどアイ４K　令和二年の桜,
KkbbeN4VMF-S-I7oA1kfn,https://www.youtube.com/watch?v=Nsvd1V8EyAs,JA,ドローン映像　長崎ばーどアイ４K　新しい道の開通,
g3Da3PpgNSl6uH1yiIKbq,https://www.youtube.com/watch?v=PBcsuiiS9_g,JA,九州きっての絶景阿蘇,
FLqlKuCsU7xT9nEGBRlB_,https://www.youtube.com/watch?v=hNlJdZ-SQ3c,JA,高知県高岡郡梼原町 維新の門(2023.9.12),
hrjhLBQilo-iHddC0u9lg,https://www.youtube.com/watch?v=MPbDVjwaHaA,JA,紀の川よくばりサイクリング,
__0c7HbbY7ULVw4SkQOSc,https://www.youtube.com/watch?v=2D504t8mv50,JA,友ヶ島（東側ルート）：和歌山県,
yxgv3PXh4aiSksHLzH0zE,https://www.youtube.com/watch?v=ujBw3fYxnUU,JA,四郷の串柿　和歌山県かつらぎ町晩秋の風物詩,
4QgFkc_hCGQCub0AmhcSE,https://www.youtube.com/watch?v=pWzwNYTxdOI,JA,【中国語字幕版】MUTSU BAY CYCLING COURSE（むつ湾一周サイクリングコースPR動画） shortVer,
GB-o2uOP5oBqrVVHvHVSb,https://www.youtube.com/watch?v=LMOS8Ygh_DA,JA,【中国語字幕版】MUTSU BAY CYCLING COURSE（むつ湾一周サイクリングコースPR動画）,
mnnoPn_IISwDLPqKp1SRK,https://www.youtube.com/watch?v=Y3lE9c7fvyg,JA,MUTSU BAY CYCLING COURSE（むつ湾一周サイクリングコースPR動画）shortVer,
5lklnbpcCmT7SrsBaNhML,https://www.youtube.com/watch?v=_2nsO6yhif8,JA,MUTSU BAY CYCLING COURSE（むつ湾一周サイクリングコースPR動画）,
bPHCDL2kxGLn04qbmknh8,https://www.youtube.com/watch?v=Gwpjhs_hnRQ,JA,青森市の魅力,
NHIt06KAaoTIm5tJDJWKN,https://www.youtube.com/watch?v=nF-8XehZAwk,JA,青森市観光PR映像,
ibzIq6Tfvetmah_Igolpw,https://www.youtube.com/watch?v=OMdm_RpuV_s,JA,世界一の豪雪地帯,
s9IIptQm26t54Tt8pmBRj,https://www.youtube.com/watch?v=2NGLcABwZdI,JA,八甲田の樹氷編,
5CIBd_bsTtquThE-gd0lp,https://www.youtube.com/watch?v=h0IxMQA0loc,JA,ダイジェスト青島,
wCD05GQWBdU3bkGgWrIu2,https://www.youtube.com/watch?v=QORlO1D_o0Q,JA,digest NISHITACHI,
9SaJrKtJmh6ZZ3smqYVig,https://www.youtube.com/watch?v=3ozx17AozEo,JA,長い青島,
jg2tiCxb8YSsNX1SdemEv,https://www.youtube.com/watch?v=HO8YmVzyEn0,JA,宮崎食堂女子旅short+,
xZNXdl9K6_pWdklLHBqtA,https://www.youtube.com/watch?v=GUISXfmbrW8,JA,宮崎食堂一人旅short+,
QYh3PNOYW1UKuVC8-Y2C9,https://www.youtube.com/watch?v=pP3efNw5R4g,JA,MIYAZAKI STYLE English ver. 宮崎STYLE英語版,
o7FsYafZ8uJ1X1ZkHJNGC,https://www.youtube.com/watch?v=Z0B7e5nEQQ8,JA,【新型パンフレット動画】温泉,
VpyPBNx_JWr0D643bRG3X,https://www.youtube.com/watch?v=-mclhlQ4jUs,JA,【新型パンフレット動画】キャンプ場,
kskayVcFw3Pu9GfjcI6By,https://www.youtube.com/watch?v=MVeR64bHxJc,JA,紫川SUPドローン,
kIcmJ31kGEo0dDjvVbSKd,https://www.youtube.com/watch?v=bv7D_FvntkQ,JA,姫路ガイド動画１分版_Ver.1,
sypZqllxc8pIHT3jzf03V,https://www.youtube.com/watch?v=tZEEMpikSvU,JA,SELECTRAVEL【東北地方の景勝旅行】岩手,
9oaX-SCwtJUck2mfeBziO,https://www.youtube.com/watch?v=DuL6mLwXLhE,JA,SELECTRAVEL【東北地方の景勝旅行】秋田,
unSELfTgjSY3GKp6RgxA1,https://www.youtube.com/watch?v=BZIS3vrKe9Y,JA,SELECTRAVEL【東北地方の景勝旅行】青森,