id,content_url,language,title,description
Lb_jlBYPeJE-Foid6v96B,https://hyakkiyakoneon.com/en,EN,百鬼夜行ネオンスタジオは京都を拠点に、ガラスネオンサインの見積り、製作、設置を世界中に提供しています。,百鬼夜行ネオン工房は、ガラスネオンの制作工房です。LEDではなくガラスを使用したネオンサインの設計、製造、設置までを一貫して行っております。機械化できないネオン管を製造し、日本独自の文化であるネオンサイン文化を尊重しています。
FvZ4gGp2LSSSiF7ZWl6fC,http://localhost:3000,EN,タイトル,説明
kgEMDbXZjNgfIFo4G1waY,https://www.youtube.com/watch?v=F-iHC0e-kHo,EN,SORATABI LIFE 沖縄宮古島ツアー♪,A journey that can only be done now. A trip you want to share. A cute airplane trip with Soratabi Life ♡
BWuXgfle-DFci4M8GMHqJ,https://www.youtube.com/watch?v=GE1OFnEi59c,EN,SORATABI LIFE 沖縄 石垣島ツアー♪,A journey that can only be done now. A journey you want to share. A cute airplane trip with Soratabi Life ♡
8RLe3C_3tAATBQmKlubFi,https://www.youtube.com/watch?v=aijNFSetwcU,EN,SORATABI LIFE 北海道ツアー♪,A journey that can only be done now. A trip you want to share. A cute airplane journey with Soratabi Life ♡
5Pxa-E0Nl6u8Ld3YcAwKU,https://www.youtube.com/watch?v=gE7inZ7B6Ck,EN,SORATABI LIFE 北海道ツアー♪,A journey that can only be done now. A trip you want to share. A cute airplane journey with Soratabi Life ♡
rMt3bSDqJErLyjflk5ex9,https://en.japantravel.com/miyagi/the-white-rock-of-shiroishi-city/68199,EN,"The ""White Rock"" of Shiroishi City","Shiroishi City in southern Miyagi is renowned for its reconstructed castle, samurai history, special 'umen' noodles, and the enchanting Zao Fox Village. While exploring attractions and savoring local cuisine are popular activities, researching the origins of the place names offers valuable insights into the history and thoughts of past pioneers. Shiroishi (白石) translates to 'White Rock,' and this rock still exists in a small chained-off enclosure. Located just a 5-minute walk from City Hall or a 10-minute walk from Shiroishi Castle, the rock is accompanied by a pine tree and a historical marker. The 'white' rock is actually ash gray, having weathered the elements for centuries. Standing at 0.47 meters tall and 1.05 meters in diameter, it is considered a resting place for a matchmaking deity. The city is linked to a larger white rock in Neno-Shiroishi, located about 55km away, where prayers for good marriages are said to be fulfilled."
wi9NV9dNdhtK7pLZDjPsK,https://en.japantravel.com/miyagi/sendai-s-flagship-street-food-hyotan-age/68196,EN,Sendai's Flagship Street Food: Hyotan,"Without a doubt, one of Sendai's must-try street foods is 'hyotan-age'. This delightful snack consists of deep-fried fish balls skewered on a stick, offering a crispy exterior and a soft interior. Served with a swirl of optional ketchup, it resembles an American corndog in texture. You can find hyotan-age at Sendai Station near the tourism information center or at the original Abe Kamaboko shop at the end of the CLIS Road shopping arcade. For just ¥250, this portable snack is perfect for a break during shopping. And if you find the word 'あたり' on your stick, you are a 'winner'!"
Q3_mGW68H6qo5y4q1n6yT,https://en.japantravel.com/tokyo/nakiryu-ramen/53990,EN,Nakiryu Ramen,"Nakiryu Ramen (創作麺工房 鳴龍) is a Michelin-starred ramen restaurant located in Tokyo's Otsuka district. Opened in 2012, it quickly became one of Tokyo's best ramen shops, earning its Michelin star in 2017. Nakiryu offers a variety of ramen options, including shoyu, shio, and their signature tantanmen, known for its creamy, spicy broth and handmade ultra-thin noodles. The basic tantanmen starts at ¥900, with spicier and sourer variations available. Open from 11 am to 3:30 pm, closed on Tuesdays, Nakiryu is just a 6-minute walk from Otsuka Station. Don't miss the chance to experience this culinary gem!"
QMsC_LaDhAU_MM637drRO,https://en.japantravel.com/shimane/youmeiji-temple-tsuwano/38930,EN,"Youmeiji Temple, Tsuwano","Youmeiji Temple (永明寺) is a thatch-roofed temple located 15 minutes from Tsuwano Station and 10 minutes from the old town center. I visited in early summer and felt a refreshing breeze from the tall trees and thick forest after climbing the stairs to the temple. The entrance features a tall gate that once marked the boundary between the merchant town and samurai residences. The temple is quiet, allowing weary travelers to relax. Behind the temple is a small but beautiful garden. Built in 1420 by the Yoshimi clan, it served as the family temple for domain lords until the Meiji Restoration. The graveyard in front includes the resting place of Ogai Mori, a prominent Meiji period writer. A unique hollow fish sculpture serves as a silent alarm for the priests, adding to the temple's serene atmosphere. This is a place worth visiting."
ULw4cc1AypfVuYpu2YM4k,https://en.japantravel.com/tokyo/gyorai-ramen/32940,EN,Gyorai Ramen,"Gyorai Ramen (本枯中華そば 魚雷) is a unique ramen shop located in Bunkyo, Tokyo, that opened in 2010. Its standout feature is the use of coffee siphons for soup preparation, which maximizes the smoky flavor from dried bonito. The ramen is served in a 'deconstructed' style, allowing customers to choose their toppings and customize their dish. The basic ramen starts at ¥730, with options for deluxe (¥930) and grilled (¥1,030) versions, each offering a variety of toppings. The soup is made from Aomori jidori chicken, Akaniwatori chicken from Kagoshima, and pork, blended with kombu and various fish flavors. With its innovative cooking method and high-quality ingredients, Gyorai Ramen is a must-visit for ramen lovers."
NsMcT23EzNSJOaMF047I2,https://en.japantravel.com/tokyo/sunny-hills-at-minami-aoyama/32939,EN,Sunny Hills at Minami,"Located in the glitzy neighborhood of Omotesando, Sunny Hills (微熱山丘) is a pineapple cake shop housed in a stunning wooden structure designed by renowned architect Kengo Kuma, completed in 2013. This architectural marvel utilizes over 5000 meters of timber and traditional woodcrafting techniques without any nails. Visitors can freely explore the three-story building and enjoy a complimentary pineapple cake, 'Sunny Delights,' along with tea on the second floor, embracing Taiwanese hospitality. It's a perfect spot to unwind away from the bustling Tokyo coffee shops, offering a unique experience in a serene atmosphere."
S41tN1KlF2fz-CbK1BzTH,https://en.japantravel.com/saitama/the-1300th-anniversary-of-koma/28753,EN,The 1300th Anniversary of Koma,"In 2016, Koma in Hidaka City, Saitama, celebrates its 1300th anniversary. The name Koma (高麗) is also associated with Goguryeo, an ancient kingdom. The Nihon Shoki records the arrival of Jakko, an envoy from Goguryeo, in Japan. In 716 A.D., Jakko gathered 1,799 Goguryeo refugees and settled them in the Musashino Plain. After his death, the Koma Shrine was built in his memory. Exciting events are planned for May 21-22, 2016, including a memorial concert and the Rainbow Parade, where participants will wear colorful Korean-style clothing, commemorating the arrival of the refugees. A giant pot of Koma Nabe will be served at the end of the parade."
lyYnZngogEKYBvL10Er7G,https://en.japantravel.com/chiba/japan-drugstore-matsumoto-kiyoshi/25557,EN,Matsumoto Kiyoshi,"Japan is renowned not only for its high-tech gadgets but also for its excellent cosmetic brands and quality medicines. In Tokyo, you can find numerous drugstores, with Matsumoto Kiyoshi being the largest chain. It offers a wide range of both Japanese and international cosmetics and medicines, making it a perfect shopping destination for beauty-conscious customers. Brands like Shiseido, Kose, and Maybelline are available, along with testers for customers to try before they buy. Additionally, Matsumoto Kiyoshi stocks various products, including food, pet supplies, and toiletries. The store is easily recognizable by its vibrant blue and yellow signage, featuring the kanji for 'medicine' (薬) prominently displayed. Shopping at Matsumoto Kiyoshi promises to be a delightful experience."
6GU69bqkedgoJOdH8xRPJ,https://en.japantravel.com/miyagi/kameki-sushi/18619,EN,Kameki Sushi,"Kameki Sushi (亀喜寿司) is celebrated as one of Japan's top sushi restaurants, frequented by the elite when they travel north of Tokyo. It is featured on the local government's 'Sushi Road' for serving fresh fish from the Shiogama fish markets. With over 80 years of history, Kameki Sushi has grown alongside the success of Shiogama's fishing industry. The menu offers a wide variety of options, including set menus (from ¥5,200), chirashi, nigiri, maki, and sashimi. A highlight is the egg cake with surimi (¥300) from their unique dessert menu. Seasonal specialties abound, showcasing the rich marine life off the East Japan coastline. A visit to Kameki Sushi is a must for sushi enthusiasts traveling through Miyagi Prefecture."
zNW_eBWNmvqZpXK0S0kEc,https://en.japantravel.com/saitama/%E5%B7%9D%E8%B6%8A-%E8%8F%93%E5%AD%90%E5%B1%8B%E6%A8%AA%E4%B8%81/18648,EN,川越「菓子屋横丁」,"Kawagoe's 'Kashiya Yokocho' began in the early Meiji era, offering sweets loved by the people of Edo. After the Great Kanto Earthquake, it developed as a substitute for Tokyo's confectionery wholesalers, and now features over 20 shops where visitors can enjoy nostalgic flavors. The unique vibrancy of the artisans and the sweet aromas create a delightful atmosphere for strolling and snacking. The close-knit community adds warmth to the experience. Every April, the Kashiya Yokocho Festival is held, showcasing traditional performances. Kawagoe City is also set to host the golf venue for the 2020 Tokyo Olympics, with efforts to accommodate foreign tourists."
r8WqwZ6yZCQ71eh0FSjUo,https://en.japantravel.com/miyagi/dagashiya-in-shiogama-city/22719,EN,Dagashi,"Dagashi-ya (駄菓子屋) is a nostalgic shop where children flock after school to buy colorful, inexpensive snacks and toys. The vibrant packaging of treats like bubble gum and curry snacks excites the senses, while prices remain under 200 yen. In addition to snacks, these shops offer commemorative stamps and old bills, making each visit a delightful experience. Collecting these stamps provides a unique glimpse into Japanese art and culture, making Dagashi-ya a must-visit for anyone interested in the charm of childhood and Japanese heritage."
RoCDPrQCxyhoRmfsjkCBR,https://en.japantravel.com/kumamoto/%E3%83%96%E3%83%AA%E3%82%B8%E3%82%B9%E3%83%88%E3%83%B3%E3%82%B4%E3%83%AB%E3%83%95%E3%83%97%E3%83%A9%E3%82%B6%E8%A8%97%E9%BA%BB-%E7%86%8A%E6%9C%AC/29099,EN,ブリジストンゴルフプラザ託麻、熊本 [Closed],"Bridgestone Golf Plaza Takuma was an ideal place for golf beginners to receive lessons. For 2100 yen, you could take two one-hour lessons, where instructors provided careful guidance from the basics. The coaches were friendly and offered personalized advice to help improve swings and posture. Group lessons were also available, creating a motivating environment for students. It was a wonderful place to enjoy golf, but unfortunately, it is now permanently closed."
EPzA8iU17Z4cckAZm3Oo0,https://en.japantravel.com/kochi/my-yu-bus/1340,EN,My You Bus,"Kochi City has many charms, but pleasant driving is not one of them. Luckily, the My Yu (MY遊) bus covers great sites around the city, like Katsurahama and Mt. Godaisan, which are otherwise hard to access. With a My Yu bus pass, you get discounted admission to attractions along the route and unlimited tram rides in Kochi City! The bus operates on an hourly or bi-hourly schedule depending on the day, and the friendly drivers can assist you with questions. Inside, the buses are comfortable, with screens displaying stops in Japanese and English. If you plan to visit Katsurahama, be sure to buy the more expensive ticket. This is a convenient and affordable way to explore Kochi's beautiful surroundings."
y03LlALOiO6qtAxsAntx6,https://en.japantravel.com/kyoto/%E4%BA%AC%E9%83%BD%E4%BC%8F%E8%A6%8B-%E6%B2%B9%E9%95%B7-%E3%81%82%E3%81%B6%E3%82%89%E3%81%A1%E3%82%87%E3%81%86/8128,EN,京都伏見　吟醸酒房「油長（あぶらちょう）」,"Located in Fushimi, Kyoto, 'Aburachō' is a captivating sake house where you can taste sake from 19 different breweries. The shop offers a selection of 80 types of sake, including ginjo, daiginjo, and junmai, allowing you to savor each unique flavor using special tasting cups. Notably, the deep flavors of 'Kyoto Shukimai 35% polished Izutsuya Denbee' and 'Tamanohikari Denshō Yamahai Junmai Daiginjo' are truly remarkable. Enjoying sake enhances the allure of Kyoto, and the experience of strolling through the sake brewery streets while slightly tipsy in the winter twilight creates lasting memories."
EViyZ2P2xDKKp8pc3C8YD,https://en.japantravel.com/tokyo/ro-to-matagi-restaurant-sangenjaya/3225,EN,"Ro to Matagi Restaurant, Sangenjaya","While searching for Niku Zushi in Sangenjaya, we stumbled upon Ro to Matagi (炉とマタギ) next door. This unique restaurant specializes in deer meat and is housed in a renovated Showa-era building. The lively izakaya-style first floor contrasts with the quiet, hunting lodge vibe of the second floor. The menu features Ezo deer, Inobuta (a hybrid of wild boar and pig), and Bobo Yasai with Matagi Cauda dip. The deer meat was tender and flavorful, while the Inobuta was equally delicious. A perfect spot for those seeking a new culinary adventure!"
9FnvDQ76F5sQsBM37tbUq,https://en.japantravel.com/kanagawa/yokohama-s-soji-ji-temple-one-of-the-biggest-soto-zen-monasteries-in-japan/532,EN,Yokohama’s Soji,"The beautiful long corridor 'Hyak-ken-rou-ka' (百間廊下) stretches 152 meters, symbolizing the boundary between the sacred and the ordinary. At 4 AM, a young monk runs through the temple corridors, ringing a loud wake-up bell, marking the start of a new day. Fifteen minutes later, 160 monks begin their morning zazen on meditation platforms. Soji-ji, one of the two largest Zen temples of the Soto sect, was established after a fire destroyed its original buildings, leading to its reconstruction in Yokohama. Located just a 7-minute walk from JR Tsurumi station, this temple is uniquely close to the city. The temple grounds feature twelve large buildings and a cemetery, covering nearly 50,000 square meters. Visitors are welcome to explore the beautiful grounds and can also experience the interiors of the temple buildings."
EpJnQsONLQq12ZBokSmpA,https://en.japantravel.com/kanagawa/kawasaki-daishi-a-beautiful-and-famous-temple-in-kawasaki/238,EN,Kawasaki Daishi: A Beautiful and Famous Temple in Kawasaki,"Kawasaki Daishi (川崎大師) is one of the must-visit temples during your stay in Japan. With easy access and a vibrant local atmosphere, this temple is grand and beautiful. It attracts a mix of locals, tourists, and special visitors. Each year, nearly 3 million people visit for Hatsumode on New Year's Eve to offer their prayers. The temple also hosts monthly fairs, Noh theater performances, and a charming wind chime market in July, providing a great opportunity to experience traditional culture. Kawasaki Daishi is known as a center for spreading the teachings of Kobo Daishi. Don't miss the tea ceremony event in April if you're interested in traditional Japanese culture."
bUAKf_tDT9CCEaDGfToqA,https://en.japantravel.com/hiroshima/vintage-shopping-in-hiroshima/2869,EN,Vintage Shopping in Hiroshima,"Hiroshima city center is a haven for shoppers, especially on Hondori, the main shopping arcade. While many stores focus on current fashion trends, vintage lovers will find a special charm in timeless pieces. Initially, I thought Hiroshima lacked vintage shops until I discovered four fantastic stores on the fifth floor of Sunmall: Union Rag, Rag Moo, Yellow, and 3びきの子ねこ (Kitten Miki). These shops offer high-quality vintage clothing and accessories from the 60s to the 90s at reasonable prices. Union Rag and Rag Moo boast the largest and most varied stock, including popular Doc Martens and Converse shoes. Embrace the vintage allure and enjoy creating unique outfits that stand out."
v01-L1m6O_FAPid7aPuo6,https://en.japantravel.com/kanagawa/kanazawa-hakkei-s-chiyomoto/1208,EN,Kanazawa Hakkei’s Chiyomoto [Closed],"Chiyomoto (千代本) is an authentic Japanese restaurant that frequently appeared in Hiroshige's ukiyo-e woodblock prints around 1834. This restaurant has stood for almost 200 years in the heart of what was once a famous scenic spot—Kanazawa Hakkei. All rooms in Chiyomoto face the sea, and in the past, guests arrived by boat. The interior is purely Japanese, retaining the atmosphere of its glorious past. The dishes are beautifully presented, with fresh ingredients cooked to perfection. Chiyomoto offers a unique experience where history and stunning views come together."
1Ox87Dh2_z3G6GSSfvXHE,https://en.japantravel.com/ibaraki/hinano-organic-buffet/16669,EN,Hinano Organic Buffet in Moriya [Closed],"Hinano (旬菜食健ひな野) is a buffet-style restaurant that focuses on healthy ingredients, starting in Sendai in 2007. With over 50 outlets nationwide, it offers locally sourced, organic dishes at affordable prices. For ¥1,575 at lunch and ¥2,100 at dinner, you can enjoy a variety of traditional Japanese dishes, including salads, soups, curries, tempura, and tofu. While predominantly vegetarian, there are also meat and fish options available, with seasonal menus that change regularly. Hinano is a great place to indulge in delicious and healthy cuisine, making it a must-visit."
mZ7TDSeewAJyW1dMrllXO,https://www.youtube.com/watch?v=5VDLXYDVAi4,EN,Suzu City Tourism Promotional Video (Short Ver.),"■Location
The Tip of Ishikawa's Noto Peninsula, Suzu City
Suzu City Tourism Promotional Videos' Site:（ https://www.city.suzu.lg.jp/pr-movie/index.html ）

■制作 ​
SCARAMANGA Corp. （ https://scaramanga.jp ）
music director : Dj Yoshimitsu （ https://djyoshimitsu.bandcamp.com ）"
mdBbk-AHgiSwXyRjVy19q,https://www.youtube.com/watch?v=r2XHv9Knhv0,EN,"Vol.0 - GOURMET 「Otaru Gourmet Report」 ""OUR STORIES : from OTARU""","Yamashita Tomohiro, a native of Otaru and a very well-known figure in China, will introduce Otaru's long-established gourmet restaurants in one minute! Triangle Market → Niikuraya → Yabuhan → Wakadori Jidai Naruto → Otaru Milk Plant → Masazushi and we'll run through them all at once!

For more information on old gourmet restaurants that we are running out of time to introduce, please contact us.
Please see Mr. Yamashita's channel below.
https://www.bilibili.com/video/BV1eY4y1q7Ka/

---------------------------------------------------------------------------------
""OUR STORIES : from OTARU""
Vol.0 - GOURMET 「Otaru Gourmet Report」
---------------------------------------------------------------------------------
- Reported and Directed by　YAMASHITA TOMOHIRO
- Produced by　FUKUSHIMA KEISUKE

=========================================
【SUMMARY】
""OUR STORIES : from OTARU"" was produced in 4K high definition.
This is a promotional video to attract tourists by Otaru City.

There are two 5-minute videos, ""Otaru Version"" and ""KitaShiribeshi Version"",
and six 1-minute videos, including interviews.
The project consists of these 8 videos.

- ENGLISH SUBTITLED PLAY LIST (8videos/17m42s)
https://youtube.com/playlist?list=PLtVrA8df8XG1Ge3yugvLaMIkxSzLRyaZn

- 日本語字幕プレイリスト (8videos/17分42秒)
https://youtube.com/playlist?list=PLtVrA8df8XG2RqsmGOzLM6joHnm0VrRip

---------------------------------------------------------------------------------
【""OUR STORIES : from OTARU"" VIDEO LIST】

- 『City in Blue』 (4m57s) : https://youtu.be/SBJpswYzGjY
- 『PULSE OF LIFE IN KITASHIRIBESHI』 (4m51s) : https://youtu.be/VT5ykjUj30g

- OUR STORIES : from OTARU
　Vol.0 - GOURMET 「Otaru Gourmet Report」 (1m2s) : https://youtu.be/r2XHv9Knhv0
　Vol.1 - CITYSCAPE 「Next Hundred Years」 (1m49s) : https://youtu.be/Ppuqev_HF9E
　Vol.2 - PRODUCT 「Historical and Cultural Gifts」 (1m14s) : https://youtu.be/jxzNFpkgtPc
　Vol.3 - LANDSCAPE 「OTARUSCAPE」 (1m19s) : https://youtu.be/reW_z3OwYV8
　Vol.4 - ACTIVITY 「LIVE WELL」 (1m3s) : https://youtu.be/5hENq9ZBFVQ
　Vol.5 - KITASHIRIBESHI 「KitaShiribeshi and Otaru」 (1m27s) : https://youtu.be/H7Fe9gWw1Tk

=========================================
""OUR STORIES : from OTARU""
Otaru City Tourism Promotion Video
Planning  ：Otaru City Tourism Promotion Office
Production：N-LLC、GEOGRAMS Co., Ltd.、nulunulu Co., Ltd.
- Producer：FUKUSHIMA KEISUKE
- Director：ITO HIROKI
- Special Thanks：YAMASHITA TOMOHIRO

---------------------------------------------------------------------------------
Otaru City Tourism Promotion Office　https://www.city.otaru.lg.jp/soshiki/sangyokouwan/kanko/
N-LLC　https://www.n-llc.info/
GEOGRAMS Co., Ltd.　http://geograms.jp/
nulunulu Co., Ltd.　https://nulunulu.asia/

=========================================
#Otaru #Gourmet #YamashitaTomohiro #4K"
balTylGVhZIYI0OZWq8rm,https://www.youtube.com/watch?v=reW_z3OwYV8,EN,"Vol.3 - LANDSCAPE 「OTARUSCAPE」 ""OUR STORIES : from OTARU""","The city and nature are in good harmony, and the townscape and landscape are full of historical and cultural atmosphere.
Otaru offers a rich lifestyle with beautiful seasonal scenery and activities at the sea and in the mountains.
Beyond the standard tourist attractions, Otaru is filled with many more attractive Otaru that are yet to be discovered.

---------------------------------------------------------------------------------
""OUR STORIES : from OTARU""
Vol.3 - LANDSCAPE 「OTARUSCAPE」
---------------------------------------------------------------------------------
- Produced by　FUKUSHIMA KEISUKE 
- Directed by　ITO HIROKI
- Music by　NAKAMURA YOO

=========================================
【SUMMARY】
""OUR STORIES : from OTARU"" was produced in 4K high definition.
This is a promotional video to attract tourists by Otaru City.

There are two 5-minute videos, ""Otaru Version"" and ""KitaShiribeshi Version"", 
and six 1-minute videos, including interviews.
The project consists of these 8 videos.

- ENGLISH SUBTITLED PLAY LIST (8videos/17m42s)
https://youtube.com/playlist?list=PLtVrA8df8XG1Ge3yugvLaMIkxSzLRyaZn

- 日本語字幕プレイリスト (8videos/17分42秒)
https://youtube.com/playlist?list=PLtVrA8df8XG2RqsmGOzLM6joHnm0VrRip

---------------------------------------------------------------------------------
【""OUR STORIES : from OTARU"" VIDEO LIST】

- 『City in Blue』 (4m57s) : https://youtu.be/SBJpswYzGjY
- 『PULSE OF LIFE IN KITASHIRIBESHI』 (4m51s) : https://youtu.be/VT5ykjUj30g

- OUR STORIES : from OTARU
　Vol.0 - GOURMET 「Otaru Gourmet Report」 (1m2s) : https://youtu.be/r2XHv9Knhv0
　Vol.1 - CITYSCAPE 「Next Hundred Years」 (1m49s) : https://youtu.be/Ppuqev_HF9E
　Vol.2 - PRODUCT 「Historical and Cultural Gifts」 (1m14s) : https://youtu.be/jxzNFpkgtPc
　Vol.3 - LANDSCAPE 「OTARUSCAPE」 (1m19s) : https://youtu.be/reW_z3OwYV8
　Vol.4 - ACTIVITY 「LIVE WELL」 (1m3s) : https://youtu.be/5hENq9ZBFVQ
　Vol.5 - KITASHIRIBESHI 「KitaShiribeshi and Otaru」 (1m27s) : https://youtu.be/H7Fe9gWw1Tk

=========================================
""OUR STORIES : from OTARU""
Otaru City Tourism Promotion Video
Planning  ：Otaru City Tourism Promotion Office
Production：N-LLC、GEOGRAMS Co., Ltd.、nulunulu Co., Ltd.
- Producer：FUKUSHIMA KEISUKE
- Director：ITO HIROKI
- Special Thanks：YAMASHITA TOMOHIRO

---------------------------------------------------------------------------------
Otaru City Tourism Promotion Office　https://www.city.otaru.lg.jp/soshiki/sangyokouwan/kanko/
N-LLC　https://www.n-llc.info/
GEOGRAMS Co., Ltd.　http://geograms.jp/
nulunulu Co., Ltd.　https://nulunulu.asia/

=========================================
#Otaru #Landscape #Scenery #4k"
0yR7P3vaNLO8Nbv2Nao-m,https://www.youtube.com/watch?v=H7Fe9gWw1Tk,EN,"Vol.5 - KITASHIRIBESHI 「KitaShiribeshi and Otaru」 ""OUR STORIES : from OTARU""","Shakotan Town, Kodaira Town, Yoichi Town, Niki Town, Akaigawa Village, and Otaru City. Of the municipalities belonging to the Shiribeshi Branch, these six municipalities along the Japan Sea coast are known as ""KitaShiribeshi."" In the past, herring was the common livelihood of this area, which is still overflowing with an abundance of marine and agricultural products. Wide-area branding of this area has great potential for the future.

---------------------------------------------------------------------------------
""OUR STORIES : from OTARU""
Vol.5 - KITASHIRIBESHI 「KitaShiribeshi and Otaru」
---------------------------------------------------------------------------------
- Interview with　TAKANO HIROYASU (Otaru University of Commerce)
- Produced by　FUKUSHIMA KEISUKE
- Directed by　ITO HIROKI
- Music by　NAKAMURA YOO

=========================================
【SUMMARY】
""OUR STORIES : from OTARU"" was produced in 4K high definition.
This is a promotional video to attract tourists by Otaru City.

There are two 5-minute videos, ""Otaru Version"" and ""KitaShiribeshi Version"",
and six 1-minute videos, including interviews.
The project consists of these 8 videos.

- ENGLISH SUBTITLED PLAY LIST (8videos/17m42s)
https://youtube.com/playlist?list=PLtVrA8df8XG1Ge3yugvLaMIkxSzLRyaZn

- 日本語字幕プレイリスト (8videos/17分42秒)
https://youtube.com/playlist?list=PLtVrA8df8XG2RqsmGOzLM6joHnm0VrRip

---------------------------------------------------------------------------------
【""OUR STORIES : from OTARU"" VIDEO LIST】

- 『City in Blue』 (4m57s) : https://youtu.be/SBJpswYzGjY
- 『PULSE OF LIFE IN KITASHIRIBESHI』 (4m51s) : https://youtu.be/VT5ykjUj30g

- OUR STORIES : from OTARU
　Vol.0 - GOURMET 「Otaru Gourmet Report」 (1m2s) : https://youtu.be/r2XHv9Knhv0
　Vol.1 - CITYSCAPE 「Next Hundred Years」 (1m49s) : https://youtu.be/Ppuqev_HF9E
　Vol.2 - PRODUCT 「Historical and Cultural Gifts」 (1m14s) : https://youtu.be/jxzNFpkgtPc
　Vol.3 - LANDSCAPE 「OTARUSCAPE」 (1m19s) : https://youtu.be/reW_z3OwYV8
　Vol.4 - ACTIVITY 「LIVE WELL」 (1m3s) : https://youtu.be/5hENq9ZBFVQ
　Vol.5 - KITASHIRIBESHI 「KitaShiribeshi and Otaru」 (1m27s) : https://youtu.be/H7Fe9gWw1Tk

=========================================
""OUR STORIES : from OTARU""
Otaru City Tourism Promotion Video
Planning  ：Otaru City Tourism Promotion Office
Production：N-LLC、GEOGRAMS Co., Ltd.、nulunulu Co., Ltd.
- Producer：FUKUSHIMA KEISUKE
- Director：ITO HIROKI
- Special Thanks：YAMASHITA TOMOHIRO

---------------------------------------------------------------------------------
Otaru City Tourism Promotion Office
　https://www.city.otaru.lg.jp/soshiki/sangyokouwan/kanko/
N-LLC
　https://www.n-llc.info/
GEOGRAMS Co., Ltd.
　http://geograms.jp/
nulunulu Co., Ltd.
　https://nulunulu.asia/

=========================================
#Otaru #KitaShiribeshi #TakanoHiroyasu #Branding"
TX1CdrZEgDfxXikDBSAX7,https://www.youtube.com/watch?v=nktcg5dh6Ho,EN,[2019] Teshikaga H.S. production. Sightseeing introduction video,"This movie was produced by students from Teshikaga High School who truly love their hometown and would like to share it with the world. So please enjoy this video and show it to your friends! -Teshikaga  Winter, 2019

about Teshikaga, Hokkaido:
Teshikaga (弟子屈町 Teshikaga-chō) is a town located in Kushiro Subprefecture, Hokkaido, Japan.

🌐 Teshikaga Navi:
http://www.masyuko.or.jp/pc/english

🏫 Teshikaga High School 
http://www.teshikaga.hokkaido-c.ed.jp

-------------------

This video was produced by enthusiastic students of Teshikaga High School with the cooperation of the Teshikaga Eco Town Promotion Council. Please watch and feel the wonderfulness of Teshikaga.
*The content is as of March 2019

🌐 Teshikaga Navi:
https://www.masyuko.or.jp

🏫 Hokkaido Teshikaga High School:
http://www.teshikaga.hokkaido-c.ed.jp

🏞 Akan Mashu National Park:
https://ja.wikipedia.org/wiki/阿寒摩周国立公園

■ Teshikaga Eco Town Promotion Council:
http://www.masyuko.or.jp/eco2"
21oB6KwkXs2F1QRFg96bM,https://www.youtube.com/watch?v=5hENq9ZBFVQ,EN,"Vol.4 - ACTIVITY 「LIVE WELL」 ""OUR STORIES : from OTARU""","Otaru is close to both the sea and mountains.
You can enjoy a variety of nature activities in each of the four seasons and ""live healthy"" in Otaru.
Let us introduce you to the charms of such a rich Otaru lifestyle.

---------------------------------------------------------------------------------
""OUR STORIES : from OTARU""
Vol.4 - ACTIVITY 「LIVE WELL」
---------------------------------------------------------------------------------
- Interview with　MURAKAMI CHIGUSA (Miss Otaru 2018)
- Produced by　FUKUSHIMA KEISUKE
- Directed by　ITO HIROKI
- Music by　NAKAMURA YOO

=========================================
【SUMMARY】
""OUR STORIES : from OTARU"" was produced in 4K high definition.
This is a promotional video to attract tourists by Otaru City.

There are two 5-minute videos, ""Otaru Version"" and ""KitaShiribeshi Version"",
and six 1-minute videos, including interviews.
The project consists of these 8 videos.

- ENGLISH SUBTITLED PLAY LIST (8videos/17m42s)
https://youtube.com/playlist?list=PLtVrA8df8XG1Ge3yugvLaMIkxSzLRyaZn

- 日本語字幕プレイリスト (8videos/17分42秒)
https://youtube.com/playlist?list=PLtVrA8df8XG2RqsmGOzLM6joHnm0VrRip

---------------------------------------------------------------------------------
【""OUR STORIES : from OTARU"" VIDEO LIST】

- 『City in Blue』 (4m57s) : https://youtu.be/SBJpswYzGjY
- 『PULSE OF LIFE IN KITASHIRIBESHI』 (4m51s) : https://youtu.be/VT5ykjUj30g

- OUR STORIES : from OTARU
　Vol.0 - GOURMET 「Otaru Gourmet Report」 (1m2s) : https://youtu.be/r2XHv9Knhv0
　Vol.1 - CITYSCAPE 「Next Hundred Years」 (1m49s) : https://youtu.be/Ppuqev_HF9E
　Vol.2 - PRODUCT 「Historical and Cultural Gifts」 (1m14s) : https://youtu.be/jxzNFpkgtPc
　Vol.3 - LANDSCAPE 「OTARUSCAPE」 (1m19s) : https://youtu.be/reW_z3OwYV8
　Vol.4 - ACTIVITY 「LIVE WELL」 (1m3s) : https://youtu.be/5hENq9ZBFVQ
　Vol.5 - KITASHIRIBESHI 「KitaShiribeshi and Otaru」 (1m27s) : https://youtu.be/H7Fe9gWw1Tk

=========================================
""OUR STORIES : from OTARU""
Otaru City Tourism Promotion Video
Planning  ：Otaru City Tourism Promotion Office
Production：N-LLC、GEOGRAMS Co., Ltd.、nulunulu Co., Ltd.
- Producer：FUKUSHIMA KEISUKE
- Director：ITO HIROKI
- Special Thanks：YAMASHITA TOMOHIRO

---------------------------------------------------------------------------------
Otaru City Tourism Promotion Office　https://www.city.otaru.lg.jp/soshiki/sangyokouwan/kanko/
N-LLC　https://www.n-llc.info/
GEOGRAMS Co., Ltd.　http://geograms.jp/
nulunulu Co., Ltd.　https://nulunulu.asia/

=========================================
#Otaru #Activity #MurakamiChigusa #missotaru"
0JCVqZKwrVt3BSMEMkUXc,https://www.youtube.com/watch?v=yqpWMVwW5xA,EN,"ENJOY PLAYNG GOLF, ENJOY TOBA CITY.","Enjoy playing golf in Ise-Shima. We recomend you to stay in Toba city with convenient access to any golf course. And we have variety of accomnodations,too.
After golf, you will find a lot of amusement spots such as Mikimoto Pearl Island, Toba Aquarium, Toba Bay Cruise, Ama Hut, and sea folk museum. 
伊勢志摩でゴルフをお楽しみの皆さま。
どのゴルフ場にもアクセスが便利な鳥羽での宿泊をご案内いたします。アフターゴルフはミキモト真珠島、鳥羽水族館、鳥羽ベイクルーズ、海女小屋、海の博物館など、観光施設も充実しております。ゴルフも、お宿も、観光も、グルメも、ぜ～んぶ鳥羽で決まり。"
FPqEQBvjVgPZhTybXVvAo,https://www.youtube.com/watch?v=PR_ieC0wcB4,EN,Uwajima - Discovering Uwajima,"There are three types of brand movies for Uwajima City, Ehime Prefecture.

They were created with the hope that those interested in Uwajima can imagine their connection to the city based on their individual interests.

The content focuses on introducing the city's attractive resources, particularly its natural, industrial, and cultural assets. It is recommended for those who want to know what kind of town Uwajima is.
#宇和島#宇和島市#うわじま#ブランドムービー
【Reference】Overview of each chapter
00:00~  Uwajima Castle and Cherry Blossoms  #宇和島城#桜
00:10~  Uwajima Sea  #海#宇和海
00:18~  Citrus Terraced Fields and More  #柑橘#みかん#段々畑
00:35~  Sunset over Kujima  #九島#夕焼け#夕景
00:40~  Fish Farming  #養殖#ブリ#鯛
00:48~  Flowers of Uwajima (Nanohana at Hokezu Pass, Ume at Nanrakuen, Iris)  #花#菜の花#梅#菖蒲#南楽園
01:06~  Yusui Mizunagura Terraced Fields  #遊子#水荷浦#段畑
01:16~  Omaki District  #御槇#津島町
01:26~  Life by the Sea (Shipping of Tai, Uwajima Tai Meshi, etc.)  #真鯛#鯛めし
01:43~  Life in the Countryside (Mikama Rice, Cosmos)  #三間#米#三間米#コスモス
01:53~  Life by the River (Iwamatsu River, Shirauo Fishing)  #岩松#岩松川#しらうお漁
02:11~  Pearls  #真珠#宇和島真珠
02:35~  Festivals of Uwajima (Ushioni Festival, Yoshida Autumn Festival)  #牛鬼#牛鬼まつり#吉田#吉田秋祭り
03:02~  Bullfighting  #闘牛#闘牛場
03:11~  Sea and Fireworks Festival  #花火#花火#花火大会#海と花火大会"
t8I1LFSbzQEakeiw02QfZ,https://www.youtube.com/watch?v=kJojUGOXSbw,EN,Living in Uwajima - Wanting to be involved with Uwajima / Wanting to live in Uwajima / Wanting to continue living in Uwajima,"There are three types of brand movies for Uwajima City, Ehime Prefecture.

These were created with the hope that those who become interested in Uwajima can imagine their connection with the city based on their individual interests.
The content features voices from actual residents, particularly those raising children, who introduce the charm of ""living in Uwajima"" from their perspective. It is recommended for those interested in the ""lifestyle"" of Uwajima.
#宇和島#うわじま#宇和島市#ブランドムービー

【Reference】Overview of each chapter
00:00~ A couple running a select shop (Mikame Town, Uwajima City) #セレクトショップ#三間
01:19~ A man engaged in pearl farming (Miura, Uwajima City) #真珠#養殖
02:27~ A man who took over a mandarin orange farm (Yoshida Town, Uwajima City) #みかん#みかん農家#吉田
03:51~ A couple who moved to seek a satoyama lifestyle (Tsushima Town, Uwajima City) #里山暮らし#移住#津島"
ronE8GXwiBiR-W2gIH2bH,https://www.youtube.com/watch?v=LvwrqwlK0FE,EN,24 hours in Osaka,"Osaka is jam-packed full of stellar tourist attractions, culture, and food. 

The city's exhilarating and lively scene, full of unbounded energy, is well known across the world. However, in addition to the endless action and excitement that Osaka has become known for, there are many places where visitors can be at one with nature and truly sense the history of this magnificent city.  

From some of the most popular destinations including Umeda, Namba, and Dotonbori, to irresistible food such as takoyaki (Octopus Dumplings) and sushi, watch and uncover a diverse city rich in history and culture. From the iconic Osaka Castle to the electric vivacity found in the boundless nightclubs in the city streets - this is Osaka.

Subscribe to our channel now and discover more about Osaka and its many wonders!


大阪の観光地や文化、食べ物などの魅力をグッと詰めた動画です。

大阪は刺激的でにぎやかな面が注目されがちですが、実は美しい自然や歴史を感じられる場所もたくさんあります。

梅田、難波、道頓堀をはじめとする人気エリア、たこ焼きや寿司などの食べ物、大阪城や万博公園からナイトクラブといった観光スポットなどを短くまとめているこの動画をぜひご覧ください。

大阪の魅力をもっと知りたい方はチャンネル登録をお願いします！

#osaka,#osakatrip,#osakainfo
-------------------------------------------------------------------------------------------------------------------
Official Website  [OSAKA-INFO]    
（日本語）　https://osaka-info.jp/
（English）  https://osaka-info.jp/en/
（
한국어）　https://osaka-info.jp/ko/
（簡体中文）https://osaka-info.jp/zh-CN/
（繁体中文）https://osaka-info.jp/zh-TW/
（ไทย）　　https://osaka-info.jp/th/


大阪周遊パス　　　 　 https://osaka-info.jp/page/top-osaka-amazing-pass
Osaka Amazing Pass　https://osaka-info.jp/en/page/top-osaka-amazing-pass
오사카 주유패스　　　https://osaka-info.jp/ko/page/top-osaka-amazing-pass
大阪周游卡　　　　　 https://osaka-info.jp/zh-CN/page/top-osaka-amazing-pass
大阪周遊卡　　　　　 https://osaka-info.jp/zh-TW/page/top-osaka-amazing-pass"
9uQCPU5Ad7czbCMbmiw9T,https://www.youtube.com/watch?v=78yBPiH55sg,EN,The Four Seasons in Osaka＜Short ver.＞,"Check out some of Osaka’s top sightseeing spots, food, and culture.
The long version is here. →https://www.youtube.com/watch?v=LvwrqwlK0FE&t=5s

Whether Spring, Summer, Autumn, or Winter, Osaka can be enjoyed at any time of the year!
Watch on as we introduce just some of Osaka's many seasonal hot spots.

Spring: Discover the lovely pinks of Cherry Blossom at Osaka Castle.
Summer: Take part in one of Japan's most famous festivals, the ""Tenjin Festival"", and check out the breath-taking Minoo Falls.
Autumn: Fall in love with the Autumn leaves of trees lining the Midosuji Boulevard and painting Katsuo-ji temple into a fiery red and yellow masterpiece.
Winter: Take in the city's enchanting winter illumination.

With so many more fantastic sights, including the Expo ’70 Commemorative Park, Umeda Sky building, and Universal Studios Japan, Osaka is full of incredible activities and hotspots that will keep you longing for more.

Subscribe to our channel now and discover Osaka and its many wonders!

#osaka #osakatrip #osakainfo
------------------------------------------------------------------------

Official Website [OSAKA-INFO]
（日本語）　https://osaka-info.jp/
（English）  https://osaka-info.jp/en/
（한국어）　https://osaka-info.jp/ko/
（簡体中文）https://osaka-info.jp/zh-CN/
（繁体中文）https://osaka-info.jp/zh-TW/
（ไทย）　　https://osaka-info.jp/th/

大阪周遊パス　　　 　 https://osaka-info.jp/page/top-osaka-amazing-pass
Osaka Amazing Pass　https://osaka-info.jp/en/page/top-osaka-amazing-pass
오사카 주유패스　　　https://osaka-info.jp/ko/page/top-osaka-amazing-pass
大阪周游卡　　　　　 https://osaka-info.jp/zh-CN/page/top-osaka-amazing-pass
大阪周游卡　　　　　 https://osaka-info.jp/zh-TW/page/top-osaka-amazing-pass"
rXoRBNZ1DOYoF1-1CosQ1,https://www.youtube.com/watch?v=BPhGS7NefO4,EN,Historic buiiding in Osaka,"Take a look at some of Osaka's most historically significant buildings!

Explore a city where tradition still stands strong and marvel at how vintage, architectural wonders interspersed between modern, lively buildings creates a unique city atmosphere where old meets new.

大阪の歴史ある建造物をまとめた動画です。

大阪観光の際には新旧の建築物が交じり合う風景をぜひお楽しみください。

0:00 ～ 大阪市中央公会堂
0:17 ～ 観心寺
0:36 ～ 四天王寺五重塔
0:49 ～ 住吉大社
0:55 ～ 新世界（通天閣）
1:13 ～ TKPゲートタワービル
1:23 ～ namBa HIPS
1:38 ～ 舞洲スラッジセンター

大阪の魅力をもっと知りたい方はチャンネル登録をお願いします！

#osaka,#osakatrip,#osakainfo
-------------------------------------------------------------------------------------------------------------------
Official Website  [OSAKA-INFO]      
（日本語）　https://osaka-info.jp/search/t/180
（English）  https://osaka-info.jp/en/search/t/180?filter%5Bterms%5D%5B0%5D=180
（한국어）　https://osaka-info.jp/ko/search/t/180?filter%5Bterms%5D%5B0%5D=180
（簡体中文）https://osaka-info.jp/zh-CN/search/t/180?filter%5Bterms%5D%5B0%5D=180
（繁体中文）https://osaka-info.jp/zh-TW/search/t/180?filter%5Bterms%5D%5B0%5D=180
（ไทย）　　https://osaka-info.jp/th/search/t/180?filter%5Bterms%5D%5B0%5D=180


大阪周遊パス　　　 　 https://osaka-info.jp/page/top-osaka-amazing-pass
Osaka Amazing Pass　https://osaka-info.jp/en/page/top-osaka-amazing-pass
오사카 주유패스　　　https://osaka-info.jp/ko/page/top-osaka-amazing-pass
大阪周游卡　　　　　 https://osaka-info.jp/zh-CN/page/top-osaka-amazing-pass
大阪周遊卡　　　　　 https://osaka-info.jp/zh-TW/page/top-osaka-amazing-pass"
IePZCZcSaS68aMReNeiCb,https://www.youtube.com/watch?v=DHzSXRGyglk,EN,OSAKAN CULTURE,"Official Website  [OSAKA-INFO]     
（日本語）　https://osaka-info.jp/
（English）  https://osaka-info.jp/en/
（한국어）　https://osaka-info.jp/ko/
（簡体中文）https://osaka-info.jp/zh-CN/
（繁体中文）https://osaka-info.jp/zh-TW/
（ไทย）　　https://osaka-info.jp/th/


大阪周遊パス　　　 　 https://osaka-info.jp/page/top-osaka-amazing-pass
Osaka Amazing Pass　https://osaka-info.jp/en/page/top-osaka-amazing-pass
오사카 주유패스　　　https://osaka-info.jp/ko/page/top-osaka-amazing-pass
大阪周游卡　　　　　 https://osaka-info.jp/zh-CN/page/top-osaka-amazing-pass
大阪周遊卡　　　　　 https://osaka-info.jp/zh-TW/page/top-osaka-amazing-pass"
kV9pRQ20X0R3F4SneROEI,https://www.youtube.com/watch?v=AOcDODmFPOA,EN,TOKAMACHI Winter Promotion Movie [Light in Blue],"information for English
http://www.tokamachishikankou.jp/en/01.php#02

十日町市の冬の魅力を伝える冬季プロモーションムービーです。
豪雪の地・十日町市では、日々の暮らしの中で雪と向き合うだけでなく、雪に親しみ、雪を友とするイベントを開催しています。そのイベントを中心に冬の魅力を詰め込んだ映像になります。

各イベントの詳細はこちらをご覧ください
http://www.city.tokamachi.niigata.jp/page/10170200076.html"
csLt_g_ircIJzxtIYnPYn,https://www.youtube.com/watch?v=jFXZF76XV5w,EN,"Japan's Only Enclave Village 'Kitayama Village, Wakayama Prefecture' - Scenic Wilderness and River Adventures","This is the official promotional video of **Kitayama Village** (きたやまむら), the 'only enclave village in Japan' located in Wakayama Prefecture.

We have condensed special experiences that can only be enjoyed here, including the beautiful nature of the hidden realms of the Kii Mountains, thrilling rafting, and the 600-year history of sightseeing river rafting.

▼ Official site here
https://www.kitayama-mikke.jp/

#KitayamaVillage #SightseeingRiverRafting #Rafting #WakayamaTourism #HiddenRealm #KiiPeninsula #OutdoorExperience"
jclUPBEU8nZ714YiYhnhW,https://www.youtube.com/watch?v=lMw6gZ2tHBw,EN,Bichu: A Journey Through Stars and the Sky in Okayama Prefecture ☆彡,"Okayama Prefecture, known as the 'Land of Sunshine,' is said to be suitable for stargazing due to its high rate of clear skies and stable atmosphere, which results in minimal twinkling of starlight. Among these, the 'Bichu Area' is home to popular spots like astronomical facilities and campgrounds that are perfect for nighttime visits. Why not explore the Bichu Area while gazing at the beautifully shining stars and sky?

▼ Official Instagram of 'Colorful Bichu'
https://www.instagram.com/colorfulbichu/

▼ Check out the 'COLORFUL BICHIU' website for plenty of tourist information about the Bichu region!
http://www.bichu-okayama.jp/"
bx4RT1WvQ16VV9yQLbsuY,https://www.youtube.com/watch?v=K0Rdg76DlL8,EN,“KANAGAWA LU-LU-LUN♪” -Fall in love in Shonan area,"“KANAGAWA LU-LU-LUN♪” shows you the best ways to travel around Kanagawa, full of immersive and moving experiences which make you hum like “lu-lu-lun”!  

【Shonan Area】
 In Shonan area, youth culture and old history of the Kamakura period exist together. In addition, there are many scenic spots which have been the stages of popular movies, dramas and animes, as well as romantic dating spots. You will surely fall in love with Shonan.  

・Enoden 
・Yuigahama 
・Shonan Hiratsuka Tanabata Festival 
・Terugasaki / Ninomiya Coast
・Komachi-dori Street 
・Tsurugaoka Hachimangu 
・ENOSHIMA AQUARIUM 
・Enoshima 

TOKYO DAY TRIP - Kanagawa Travel Info -
https://trip.pref.kanagawa.jp/

この動画に関するお問い合わせは、観光課へのお問い合わせフォームをご利用ください。
https://www.pref.kanagawa.jp/div/0618/index.html"
DusBvdLg188aHYftuLJtV,https://www.youtube.com/watch?v=n3k4ctLP7kc,EN,“KANAGAWA LU-LU-LUN♪” -Feel excitement in Sagami & Sagami River area,"“KANAGAWA LU-LU-LUN♪” shows you the best ways to travel around Kanagawa, full of immersive and moving experiences which make you hum like “lu-lu-lun”! 

[Lake Sagami and Sagami River Area]
Lake Sagami and Sagami River area has many attractive tourist destinations, including traditional events and festivals with long histories, and “Lake Sagami Pleasure Forest” renovated recently. You will surely find a lot of excitement during your trip to the area.  

・Himawari Festival 
・ROMANCECAR MUSEUM 
・Sagami River 
・Lake Sagami 
・Sagamiko MORI MORI 
・Sagamigawa Fureai Science Museum 
・Sagamihara Noryo Fireworks 
・Kanagawa Yamato Awa Odori  

TOKYO DAY TRIP - Kanagawa Travel Info - 
https://trip.pref.kanagawa.jp/  

この動画に関するお問い合わせは、観光課へのお問い合わせフォームをご利用ください。 
https://www.pref.kanagawa.jp/div/0618/index.html"
xTCxtfOesJYMpxtbg69X0,https://www.youtube.com/watch?v=JnOFv5pXvmM,EN,“KANAGAWA LU-LU-LUN♪” -Get active in Ashigara area,"“KANAGAWA LU-LU-LUN♪” shows you the best ways to travel around Kanagawa, full of immersive and moving experiences which make you hum like “lu-lu-lun”!  

[Ashigara Area]
 You will feel like you are running through the scenic spots of this Ashigara area, such as Ashigara Pass, which provides a panoramic view of Mt. Fuji, and at Mt. Kintoki, famous for its story of “Kintaro”. You can open up your mind and body in the great nature of Ashigara.  

・Parcabout 
・Daiyuzan Saijoji 
・Mandarin orange picking in Matsudayama 
・Matsuda Cherry Blossom Festival/Rape Blossom Festival 
・Yuhino Falls 
・Seto Shuzo 
・Mount Kintoki  

TOKYO DAY TRIP - Kanagawa Travel Info - 
https://trip.pref.kanagawa.jp/  

この動画に関するお問い合わせは、観光課へのお問い合わせフォームをご利用ください。 
https://www.pref.kanagawa.jp/div/0618/index.html"
9Gak7XSYYUns-z0aZrjN-,https://www.youtube.com/watch?v=zkcvnxBcnUE,EN,A unique pearl jewelry experience at Pearl Miki Discover and learn pearl culture in Iseshima,"■Activity details■
Shima, Mie is the birthplace of pearl cultivation. Thanks to abundant ocean resources and time-honored techniques, Shima pearls are known as being some of the highest quality around the world. This program offers participants the chance to visit a pearl farm to learn about the cultivation techniques in person while talking with artisans. They'll also have the chance to collect pearls from oysters and the very rare chance to seed oysters, learning just how difficult the process of pearl cultivation truly is. Finally, participants will use the pearls they collect to make a one-of-a-kind piece of jewelry.

■コンテンツの概要＆ストーリー■
真珠養殖の発祥の地である三重県志摩市。豊かな海と技術が受け継がれる志摩で作られる真珠の品質の高さは世界有数です。本プログラムでは、今もなお稼働している真珠養殖の現場に訪問し、伝統的な養殖手法を間近で見学、職人と直接お話することができます。また、「真珠の取り出し体験」や通常は体験することができない「母貝への核入れ作業」を通して、「真珠づくり」の真の難しさを体感してみてください。そして最後に、取り出した真珠で世界に一つだけのオリジナル真珠ジュエリーを製作しましょう。

■特設サイト”Exclusive Activities Information for Travel Agencies”　
＊日本語：https://www.kankomie.or.jp/special/fortravelagencies/
＊English：https://www.kankomie.or.jp/special/fortravelagencies/en/

三重県の豊かな自然の恵みや人々の生活に触れ、「三重県ならでは」の魅力を存分に感じることができる、特別な体験をご用意しました。ぜひ上記サイトより詳細をご確認ください。
We’d like to offer you exclusive experiences that will allow you to experience the rich natural bounty of Mie Prefecture and the lives of its people, and to fully appreciate the charms ""unique to Mie Prefecture"".
Please check the website link above for more information."
DRT9SN4mySjAaY2mZy6FC,https://www.youtube.com/watch?v=4BpzPnr4PnA,EN,Experience Mie Japan - Mie Prefecture 30 sec.,"Learn more about Mie
【English】https://www.kankomie.or.jp/en/
【繁体字】https://www.kankomie.or.jp/tw/
【简体字】https://www.kankomie.or.jp/cn/
【ภาษาไทย】https://www.kankomie.or.jp/th/

Learn more about Higashikishu
https://www.youtube.com/watch?v=MS6B4ax51fg"
VOytbbyxuVpLt2Q5y8O1U,https://www.youtube.com/watch?v=_mIT9eJuptU,EN,Japan's Strange Fire Festival - Takizanji Ogre Festival,"There are many mysterious festivals in Japan. Among them, this demon festival is unique in that a fire is lit at the temple. ""Why doesn't it burn?""

日本には不思議な祭りが数多く存在するが、中でもこの鬼祭りは寺で火を焚くという異質そのもの。「なぜ燃えないのか」そんな疑問を抱く間もなく火の勢いに圧倒された。

- Place -
Okazaki City, Aichi Prefecture ""Takisanji Temple""
愛知県 岡崎市 「瀧山寺」


- Shooing -

Jay
https://www.instagram.com/travel__hunt_/

Kaiki
https://www.instagram.com/kaikiisotani/

Ibuki
https://www.instagram.com/ibuki_adachi_/

Ryoma
https://www.instagram.com/ayashin0946/

- Detail -

English 
https://nippon-kichi.jp/article_list.do;jsessionid=765A0AB4349703379B2C7708AE8DD275?p=4660&ml_lang=en

日本語
https://okazaki-kanko.jp/feature/onimatsuri/top


📸 About me
I'm a filmmaker who mainly produces videos for travel content in Japan
planning regularly update Japan's hidden charms and deep spots.

🛩 FOLLOW ME
https://www.instagram.com/travel__hunt_/

🎧  MUSIC
Artlist (2 Months For Free!): https://artlist.io/travel-1941327
My favourite platform with a huge variety of songs + SFX and unlimited licenses.

📨  CONTACT
For business inquiries email me here : junh7783@gmail.com


#火祭り #瀧山寺鬼祭り #日本の伝統"
U52tMPqWgxxc6idWyZx_8,https://www.youtube.com/watch?v=EkrU2loMcc4,EN,KYOTO SERENDIPITY - Charlotte Perriand,"""A free form that gives rhythm to space."" When modernist designer Charlotte Perriand visited Kyoto, she found a transformative inspiration. The shelving at Katsura Imperial Villa directly inspired her famous ""Nuage a Plots“ bookshelf
From the imperial villa to the philosophy of Mingei with Kanjiro Kawai, Kyoto was a meeting ground of ideas for her. Explore the roots of the design that shaped the 20th century. Timeless beauty in every moment of life.

「空間にリズムを与える、自由な形」。 モダニズムの巨匠シャルロット・ペリアン。彼女の代表作である『Nuage a Plots bookshelf』は、実は京都の桂離宮にある「違い棚」から着想を得て生まれたと言われています。
桂離宮の機能美、そして河井寛次郎らとの出会いによる民藝哲学への共感。 20世紀のデザイン史に影響を与えた、「出会い」の物語に触れよう。"
ksAAREAPxBFdphg5c8nSo,https://www.youtube.com/watch?v=1IdkinJzEK0,EN,Kanabiki Falls - Waterfall Meditation Experience,"This is an image video of the waterfall meditation experience at 'Kanabiki Falls' (金引の滝), the only waterfall in Kyoto Prefecture selected as one of Japan's 100 Famous Waterfalls."
geNeioN0tP5o4APHKwvGS,https://www.youtube.com/watch?v=2aGzMWFlAKE,EN,"Delicious Restaurants in 'YANESEN', a Place Linked to Literary Giants! What Were Their Favorite Foods?!","Yanesen, a downtown area of Tokyo loved by literary giants, is full of history and delicious shops.
It feels like a little trip back to the Showa era, so be sure to explore it. You are sure to make various discoveries!

Here are the shops introduced this time.
Many of them have short business hours or may close due to sold-out items, so please check in advance before visiting.

'Hantei'
https://www.hantei.co.jp/index.html

'Kuruma-ya'
https://tabelog.com/tokyo/A1311/A131106/13020753/

'Kayaba Coffee'
https://www.instagram.com/kayabacoffee/

'Shitamachi Folklore Museum'
https://www.taitocity.net/zaidan/shitamachi/shitamachi_annex/

'SCAI THE BATHHOUSE'
https://www.scaithebathhouse.com/ja/gallery/

'Aiyu Jelly'
https://tabelog.com/tokyo/A1311/A131106/13018381/

'Nezu Shrine'
http://www.nedujinja.or.jp

'Nezu Taiyaki'
https://twitter.com/taiyaki_nezu

'Nezu Matsumoto'
https://nezu-matsumoto.jp

'Iroan'
https://www.wagashi.or.jp/tokyo_link/shop/1110.htm

'Nezu Kintaro Candy'
https://bunkyosokojikara.com/2021/05/08/根津金太郎飴/

'Kamenoko Tawashi Direct Store'
https://www.kamenoko-tawashi.co.jp/about/directshops

'Taihei Bakery'
https://www.instagram.com/ohiraseipan/

'Imojin'
https://www.instagram.com/imojin.nezu/

'Yoshifusa Rin'
https://tabelog.com/tokyo/A1311/A131106/13018408/

'Nezu Takajo'
https://twitter.com/nezutakajo?ref_src=twsrc%5Egoogle%7Ctwcamp%5Eserp%7Ctwgr%5Eauthor

'Nezu Bread'
https://www.instagram.com/nezunopan/?hl=ja

'Kikumi Senbei'
https://www.kikumisenbei.tokyo

'Ika-yaki Sekiya'
https://www.yanakaginza.com/谷中ぎんざ店舗一覧/やきや/

'Himitsudo'
http://himitsudo.com

'HAGISO'
https://hagiso.jp

'Kissa Nito'
https://www.instagram.com/kissa.nito/

'Kamachiku'
http://kamachiku.com

#Gourmet
#Yanesen
#DowntownTokyo"
Z27TNo9fZFK-8YROp8HOD,https://www.youtube.com/watch?v=NVajqOPOOFM,EN,Shuri Castle and Surroundings Walk in the Royal Capital ♯142 【4K】 Okinawa Walk Naha City Okinawa Tourism Okinawa Travel,"All videos of '@Okinawa👣 WalkⓇ' can be found here
▶https://www.youtube.com/channel/UC4onwMScAwqvQyVSibQvRKw/
Visiting the site can be quite difficult, whether you are from outside or within the prefecture.
Please enjoy the walking atmosphere together with this video.

Japan Okinawa Tourism 오키나와 일본 관광 冲绳日本观光 Bersiar-siar di Okinawa Jepun Viaje a japón 沖縄散歩 おきなわ散歩 沖縄さんぽ"
RNWXb0voBvqvqy3mUGkir,https://www.youtube.com/watch?v=w2sJ8ObJQEs,EN,Okinawa's Largest SC 'San-ei Parco City Food Court 1F・2F Part 1' ♯139 【4K】 Okinawa Walk Urasoe City Okinawa Tourism Okinawa Travel,"All videos of '@Okinawa👣 WalkⓇ' can be found here
▶https://www.youtube.com/channel/UC4onwMScAwqvQyVSibQvRKw/
Visiting the site can be quite difficult, whether you are from outside or within the prefecture.
Please enjoy the walking atmosphere together with this video.

Japan Okinawa Tourism 오키나와 일본 관광 冲绳日本观光 Bersiar-siar di Okinawa Jepun Viaje a japón 沖縄散歩 おきなわ散歩 沖縄さんぽ"
YHpJO8CVqxOLeD5OI8KDJ,https://www.youtube.com/watch?v=ezaJJn7-awY,EN,"◤Okinawa Tourism◢ ""The Umikaji Terrace on Senaga Island Wrapped in Sunset"" ♯141 【4K】Okinawa Walk in Tomigusuku City","""@Okinawa👣 WalkⓇ"" all videos can be found here
▶https://www.youtube.com/channel/UC4onwMScAwqvQyVSibQvRKw/
Visiting the site can be quite difficult, whether you are from outside or within the prefecture.
Please enjoy the walking atmosphere together with this video.

Japan Okinawa Tourism 오키나와 일본 관광 冲绳日本观光 Bersiar-siar di Okinawa Jepun Viaje a japón 沖縄散歩 おきなわ散歩 沖縄さんぽ
Tomiton EAS Ashibina"
r6tq0l38NXRhipA7MtkcO,https://www.youtube.com/watch?v=6yOCuDx2ky0,EN,Old American Classic 'Pizza In'! ♯115 【4K】 Okinawa Stroll Chatan Town Okinawa Tourism Okinawa Travel,"'@Okinawa👣 StrollⓇ' all videos can be found here
▶https://www.youtube.com/channel/UC4onwMScAwqvQyVSibQvRKw/
Visiting the local area can be quite difficult, whether from outside or within the prefecture.
Enjoy the stroll feeling together with this video.

Japan Okinawa Tourism 오키나와 일본 관광 冲绳日本观光 Bersiar-siar di Okinawa Jepun Viaje a japón 沖縄散歩 おきなわ散歩 沖縄さんぽ
Hidden gems and recommended spots
Pizza all-you-can-eat

#OkinawaTravel
#OkinawaTourism
#OkinawaRecommendations"
d5OXm1P4Kg-VTssh1U0QQ,https://www.youtube.com/watch?v=GgVBNn5nows,EN,Walking along the No. 1 Restaurant Street in front of American Village: 'Highway 58 at Dusk'! Chatan Town ♯114 [4K] Okinawa Walk Okinawa Tourism Okinawa Travel,"All videos of 'Okinawa 👣 WalkⓇ' can be found here
▶https://www.youtube.com/channel/UC4onwMScAwqvQyVSibQvRKw/
Visiting the site can be quite difficult, whether you are from outside or within the prefecture.
Enjoy the walking atmosphere together with this video.

Japan Okinawa Tourism 오키나와 일본 관광 冲绳日本观光 Bersiar-siar di Okinawa Jepun Viaje a japón 沖縄散歩 おきなわ散歩 沖縄さんぽ
Hidden spots, recommended spots
America, base, American

#OkinawaTravel
#OkinawaTourism
#OkinawaRecommendations"
sHGhY6j6kEDLl0NVP6R-v,https://www.youtube.com/watch?v=dOCm6o51HKE,EN,"[Spectacular Ibaraki] Hydrangeas at Howaen [4K] Mito City, Ibaraki Prefecture ｜VISIT IBARAKI, JAPAN","[Date of filming: 2015.6.16] The garden 'Howaen' of Katsuura Temple, loved by the great lord Tokugawa Mitsukuni. In early summer, the breathtaking view created by about 6,000 colorful hydrangeas captivates the eyes of many visitors. 

For more details, visit here 
http://www.mitokoumon.com/festival/ajisai.html 
http://www.mitokoumon.com/kankou/保和苑.html 

If you want to see more tourist spots in Ibaraki, visit 
http://www.ibakira.tv/archive/visitibaraki/"
T8acyFTG34c6AHgc5w6m4,https://www.youtube.com/watch?v=38m1RUlahM0,EN,Tourism Etiquette Video 'The Etiquette Guide to Fukuoka' (Korean Version),"Here are some points for an enjoyable trip to Fukuoka.
・Manners in public places
・How to use the restroom
・Manners when taking photos
・Prohibition of littering
・Rules to follow when smoking

We hope you enjoy your trip in Fukuoka!

----------------------------------------------
Please subscribe to Fukuoka City's official YouTube channel. https://www.youtube.com/user/Fukuokachannel

Fukuoka City Official Newsletter WEB Version
https://www.city.fukuoka.lg.jp/shicho/koho/fsdweb/
The Fukuoka Channel provides videos on the activities of Fukuoka City and the Mayor.
https://www.city.fukuoka.lg.jp/f-channel/index.html
Fukuoka Official LINE Account https://line.me/R/ti/p/%40fukuokacity
Fukuoka City Official Website https://www.city.fukuoka.lg.jp
Fukuoka Channel YouTube https://www.youtube.com/user/Fukuokachannel
twitter http://twitter.com/#!/Fukuokacity_pr

#FukuokaCityHall #FukuokaCity #FukuokaChannel #news #ニュース"
ubnc28DCQCSehlf6qMWK5,https://www.youtube.com/watch?v=QATVqmiF_n0,EN,Produced the tourism etiquette video 'The Etiquette Guide to Fukuoka' (English version),"Please subscribe to Fukuoka City's official YouTube channel: https://www.youtube.com/user/Fukuokachannel This video introduces Japanese culture and manners while touring Fukuoka's tourist attractions. The video is provided free of charge, so if you need it, please contact the Promotion Division (E-mail: promotion.EPB@city.fukuoka.lg.jp). #FukuokaCityHall #FukuokaCity #FukuokaChannel #Tenjin #Hakata #news #ニュース #official"
f1ftbWvnwdKoJsRcwIIeg,https://www.youtube.com/watch?v=KT4plHkQGGM,EN,"Tourism Manners Video ""후쿠오카 ～즐거운 여행을 위한 에티켓～"" (Korean Version)","Please subscribe to the official YouTube channel of Fukuoka City. https://www.youtube.com/user/Fukuokachannel This video introduces Japanese culture and manners while touring Fukuoka's tourist attractions. The video is provided free of charge, so if you need it, please contact the Promotion Division (E-mail: promotion.EPB@city.fukuoka.lg.jp). #FukuokaCityHall #FukuokaCity #FukuokaChannel #Tenjin #Hakata #news #ニュース #official"
FRWgxTp-iMI9n1dSFZ6da,https://www.youtube.com/watch?v=Hvm0-bzunfU,EN,"【りしぷら】Rishiri Island (Hokkaido, Japan) Shop Introduction","Introducing shops located on Rishiri Island.

For more details, visit the Rishiri Island Experience Tourism Information Portal Site
""りしぷら RISHIRI PLUS""!
https://www.rishiri-plus.jp/"
D7OUH19ReXfSNeZeVNTCB,https://www.youtube.com/watch?v=gYljw7_hkGI,EN,"Transcending Thirteen Centuries~PRAY,PLAY,NARA~","This video introduces Nara’s shrines and temples with a historical background such as praying for extinction of epidemic.
Please enjoy viewing it.
乗り越えて千三百年～PRAY, PLAY, NARA～英語字幕版"
P54xooCPJiZDLmqc0-eFj,https://www.youtube.com/watch?v=9_PcFBmKVWI,EN,yoron,"Learn more about Yoron Island
https://travel.yorontou.info/

与論島にある独自の文化と
与論島の美しい自然が守られていることは、
とても深い関係がありました。
知ると楽しい。知るともっと好きになる。

監督　宮川 博至
企画　吉田一馬
撮影　横須賀 辰徳
録音　奥野 友輝
グレーディング　桝宮 公平
モーショングラフィック　セトタカアキ
デザイン　橋本 明日菜"
8dpF4MA-Aau7n8bHFf7Px,https://www.youtube.com/watch?v=gVuEcbexjCo,EN,Ozu River Festival Fireworks -Winter Edition- (2025.1.11 18:00-18:45),"I went to the Ozu River Festival Fireworks -Winter Edition- held as a brilliant start to the New Year.
I adjusted my schedule based on information received from a channel subscriber to participate.
I felt that the winter fireworks had a sharp and refined edge to them.
However, it was cold.

Shooting equipment: iPhone 14

BGM: Song of the Ozu River Festival Fireworks Winter Edition
         (Mikan Channel Original Music)
* Copyright belongs to Mikan Channel.
  Please contact us in advance if used for commercial purposes.

#ai #aimusic #originalmusic #originalmusicsound #大洲 #oozu"
WIEuO9DAOZf8MBAeeq7yg,https://www.youtube.com/watch?v=ozv65kQGUeI,EN,Celebrate Tomonoura Together -Japanese-【鞆の浦】,"WEB SITE
https://etooto.jp/

In the local area, Tomonoura is referred to as ""Tomo"" (とも).
This name, which resonates with the sounds of ""friend"" (友), ""companion"" (朋), and ""together"" (共) in Japanese, embodies the spirit of coexistence with nature that the people of Tomonoura have cherished, as well as the bonds of support among family and friends.
Through this video ""Together in Time,"" we invite you to return, if only for a moment, to the gentle and peaceful time that thrives in the Japan Heritage designated ""Tomonoura.""

● In Chapter 3, ""Celebrate Together,"" we introduce 10 festivals and rituals that bring the tranquil port town together in celebration.
Let’s experience the life of Tomonoura, where joy is woven into the fabric of daily life."
ygvuGn3xSDvKWyuGVFX49,https://www.youtube.com/watch?v=pb60u6f5-_8,EN,NAMETOKO ENGLISH CAMP,"WEB SITE
https://etooto.jp/

1957年から2009年まで53年間に渡り開催された滑床英語キャンプ。
その理念に共鳴した有志、松野町、過去参加者らにより復活を遂げました。
子ども達はこの2泊3日の中で、英語のスキルを学ぶだけでなく、自我を発見し自己表現を学んでいきます。"
NqhODrydzHEa-4N44BNPE,https://www.youtube.com/watch?v=EJFb4KTUEl4,EN,Chair Lift Ride at Mount Takao (Ascend) | Japan's Steepest Slope | 高尾山　チェアリフト,"#mttakao #chairlift #japan #mttakoadventures #steepestslopeinjapan #mttakaochairlift #japanadventures #mybestjapanmoments #visitjapanjp #viaggiatotravelservices

Mount Takao (高尾山, Takao-san) is a mountain in the city of Hachiōji, Tokyo, Japan. It is protected within Meiji no Mori Takao Quasi-National Park.

Standing 599 metres (1,965 ft) tall and located within an hour of downtown Tokyo, it is a popular hiking spot, with eight hiking courses and more than 2.5 million annual visitors. The Tama Forest Science Garden is also located at the mountain's base.

THE CHAIR LIFT RIDE

In addition to the cable car Mt. Takao also has a chair lift that you can ride to the midway point of the mountain!
The ride time is about 12 minutes so why not enjoy an aerial trip through the mountains?

The distance from “Sanroku Station” at the foot of the mountain to “Sanjo Station” in the middle is about 872m, which is shorter than the distance the cable car travels (The cable car travels a total of 1,020m).

______
For collaborations and product reviews, you can email us at jellowspedz@gmail.com
______

Music in this Video: Morning Station by Tokyo Music Walker 
https://soundcloud.com/user-356546060
Creative Commons — Attribution 3.0 Unported  — CC BY 3.0 
Free Download / Stream: https://bit.ly/morning-station
Music promoted by Audio Library https://youtu.be/J8hgUxmBxyc


Disclaimer: No Copyright Infringement Intended. All the songs, images, and graphics used in the video belong to their respective owners and I or this channel does not claim any right over them.
For Entertainment Purposes Only. Products featured in this video are not sponsored. 

Follow us at:
https://www.facebook.com/learningwithjtandmommy
https://www.instagram.com/learningwithjtandmommy
https://www.youtube.com/c/learningwithjtandmommy

Our Crochet Facebook Page:
https://www.facebook.com/crochetsbymommy

Our Art Page  
https://www.instagram.com/love4art_ac
https://www.facebook.com/love4art_ac
https://www.youtube.com/channel/UCnk8vimjU6zT5d9xCBOlMEg

Our Succulent Page
https://www.instagram.com/succulent_lover
https://www.youtube.com/channel/UCOHVBWuIrlgRcHGWArGhYuw"
R4a-luOpa79YC2H1WIHkM,https://www.youtube.com/watch?v=WB2S5PefnuM,EN,Yumenoshima Tropical Greenhouse Dome | Annual Halloween Pumpkin Month | Yumenoshima Tropical Greenhouse | Halloween Pumpkins,"#yumenoshimatropicalgreenhousedome #halloweentheme #pumpkinpatch #YumenoshimaTropicalGreenhouse #HalloweenPumpkins
Today we’re gonna explore the Yumenoshima Tropical Greenhouse Dome.

The Yumenoshima Tropical Greenhouse Dome was created to cover this broad theme of “the relationship between tropical plants and our lives.”
Enjoy the exotic scenery created by the wide variety of tropical plants in the large greenhouse. Learn about the plants and the tropics in the Movie Theater, Information Gallery, and Exhibition Hall. Take a full tour of the museum and learn about the relationship between tropical plants and human life without even realizing it.
Guided tours are offered on Saturdays, Sundays, national holidays, and during long vacations. Enjoy a fun tour while learning in detail about the plants in the greenhouse.

""The Yumenoshima Tropical Greenhouse Dome (夢の島熱帯植物館, Yumenoshima Nettai Shokubutsukan), also sometimes called the Yumenoshima Tropical Plant Dome, is a botanical garden located at 3-2, Yumenoshima, Kōtō, Tokyo, Japan. It is operated by the Tokyo Metropolitan Park Association and open daily except Mondays; an admission fee is charged.

The greenhouse was established in 1988 in Yumenoshima ('Dream Island') Park, a reclaimed landfill and dumping ground in Tokyo Bay. Its three domes currently contain about 1,000 species of tropical and semitropical plants. The A Dome features rain forest with ferns and waterfall, B Dome represents a tropical village, and C Dome contains vegetation of the Ogasawara Islands. There is also a small carnivorous plant room.

The domes' plant collections include palms, orchids, aquatic plants, Pandanus, Hevea brasiliensis, Samanea saman, Barringtonia racemosa, Satakentia liukiuensis, Cyathea lepifera, C. mertensiana, C. spinulosa, and Dicksonia antarctica."" -Wikipedia

Yumenoshima Tropical Greenhouse Dome is celebrating their annual Halloween Pumpkin Month from end of September to First of November. You will see their Halloween theme all around the area, inside the museum and on their front lawn or garden are giant pumpkins where you and your kids can play around. Enjoy and shoot lovely Autumn and Halloween photos which will be a great memorabilia for you and your kids! 

10 minute walk from Shin-Kiba Station, which is 10 minutes from Tokyo Station on the Keiyo Line. Also accessible on the Yurakucho Line.

Fees:  Adults 250 yen,
Ages 65 yrs old and older 120 yen, 
Ages 13–15 yrs old 100 yen. 
Under 12 yrs old are FREE!

Address: 2 Chome-1 Yumenoshima, Koto City, Tokyo 136-0081

Phone Number: 03-3522-0281 


Music in this Video:
Track: Lovesight — DayFox [Audio Library Release]
Music provided by Audio Library Plus
Watch: https://youtu.be/PJdGPQigyMw
Free Download / Stream: https://alplus.io/lovesight

Disclaimer: No Copyright Infringement Intended. All the songs, images, and graphics used in the video belong to their respective owners and I or this channel does not claim any right over them.
For Entertainment Purposes Only. Products featured in this video are not sponsored. 

Follow us at:
https://www.facebook.com/learningwithjtandmommy
https://www.instagram.com/learningwithjtandmommy
https://www.youtube.com/c/learningwithjtandmommy

Our Crochet Facebook Page:
https://www.facebook.com/crochetsbymommy

Our Art Page  
https://www.instagram.com/love4art_ac
https://www.facebook.com/love4art_ac
https://www.youtube.com/channel/UCnk8vimjU6zT5d9xCBOlMEg

Our Succulent Page
https://www.instagram.com/succulent_lover
https://www.youtube.com/channel/UCOHVBWuIrlgRcHGWArGhYuw

For collaborations and product reviews, you can email us at jellowspedz@gmail.com"
khwDKrm7huTfynTslAyWX,https://www.youtube.com/watch?v=eogQ9pII-2Y,EN,RAKUGO DE NAGOYA,"#NAGOYA #RAKUGO #名古屋 #落語
This is a promotional video for sightseeing in Nagoya featuring the traditional Japanese performing art 'Rakugo'.
It abundantly introduces the highlights of 'Nagoya, a fun city that you want to visit'.
Enjoy the interesting story of a grandfather and grandson traveling through Nagoya!"
N6iKDAgaNN5zZImU2PtC2,https://www.youtube.com/watch?v=PKjZWUtrmI0,EN,Strolling Around Unagi Hot Spring Village and Steaming Food on the Hot Spring (鰻温泉散策と蒸し料理),"Ibusuki City, Kagoshima Prefecture
～Unagi Hot Spring and Sume Dishes (Japanese-style dim sum steamed with hot spring water)～
Walking guide, steaming food on the hot spring

■Contact Information
Ibusuki Tour & Experience Group
https://www.ibusukikankoutaiken.com/"
zAgUR9dkJDiKwWnUD20u0,https://www.youtube.com/watch?v=2WY1mgymvFo,EN,HIROHAKO: Seasonal Adventure with Snow Miku & Sakura Miku【ひろはこ】,"""Hirohako"" signifies the cooperation between Hirosaki City and Hakodate City, referencing the name of both cities.

In winter, enjoy the illuminated snowy landscapes and light-up of Western-style buildings.
In spring, visit famous cherry blossom spots like Hirosaki Castle and Goryokaku Park.
Experience the beautiful scenery of Hirosaki City and Hakodate City!

SAKURA MIKU and SNOW MIKU are the official support characters for the spring tourism campaign and winter tourism campaign.
© CFM

【HIROHAKO special page】
https://www.hirosaki-kanko.or.jp/en/edit.html?id=hirohako"
iqYMdXYALdsebNC5y12K5,https://www.youtube.com/watch?v=J82nbVUSz30,EN,Reidai Bridge霊台橋英字幕付き美里町観光PR動画,"This is a Misato Town tourism PR video created in 2025.

This is a gigantic stone bridge with a total length of 90 meters that spans Funatsu Gorge, the most difficult point on the main stream of the Midori River. It is one of the largest single stone arches in Japan from the Edo period. It is a nationally designated important cultural property that was built in 1847 (4th year of Koka) by the three Taneyama mason brothers Usuke, Uichi, and Johachi.

◇HP http://misato.town/spot.html?id=80"
uWyvAJSTtdrY8tHSDgG4S,https://www.youtube.com/watch?v=IxF8xF2-3do,EN,Hiking in Japan - Sacred Peak Mt. Hakkai 八海山 | Adventures in Yukiguni | Minamiuonuma,"Climbing Mt. Hakkai (1778 m) of the Echigo Sanzan Mountains.
Using the Hakkaisan Ropeway the hike took about 7 hours round-trip.

Many tourists flock to Snow Country in the winter months to hit the slopes, but many of these snow resort grounds continue to attract visitors seeking outdoor adventures through mountain climbing in the summer as well.

Mt. Hakkai is a famous mountain in Minamiuonuma that boasts a long history of dedicated climbers coming from all across the country.
There are two impressive shrines dedicated to the mountain at each trail-head, and the mountain's delicious spring water and impressive shape are part of the reason its name has become one of Japan's most reputable sake brands: Hakkaisan.
The mountain is very popular for tourists hiking on summer break and its lookout decks offer beautiful views of the varicolored Uonuma Basin in autumn once the leaves begin to change too.
The mountains in this region are said to bless the locals with many gifts and in the green season these are manifested in the landscape's breathtaking scenery.

Hakkaisan Ropeway Info: https://www.tohokukanko.jp/en/attractions/detail_1784.html
Visit Minamiuonuma: https://www.facebook.com/visitminamiuonuma/"
s8j5Ev--f2xgkVboOdX68,https://www.youtube.com/watch?v=CyMSZlR734w,EN,What services are available at Convenience Stores? ／ コンビニ編,"Learn more about KANSAI： https://www.the-kansai-guide.com/en/
Facebook： https://www.facebook.com/truekansai/
Instagram：https://www.instagram.com/realjapankansai/"
XwB_KY3ayM_cGPT4FSN28,https://www.youtube.com/watch?v=URoQf1Kpkik,EN,Taking Photos in Japan ／ 撮影編,"Learn more about KANSAI： https://www.the-kansai-guide.com/en/
Facebook： https://www.facebook.com/truekansai/
Instagram：https://www.instagram.com/realjapankansai/"
fb9b2YgpjZDBOBLmM6f9G,https://www.youtube.com/watch?v=DdfA9wz1trU,EN,Experience Sento(Public Baths) in Japan ／ 銭湯編,"Learn more about KANSAI： https://www.the-kansai-guide.com/en/
Facebook： https://www.facebook.com/truekansai/
Instagram：https://www.instagram.com/realjapankansai/"
KxMCXjqndky1k2KXE0B8c,https://www.youtube.com/watch?v=TBgrvmyRi88,EN,Things you can do at Japanese Shrines ／ お参り編,"Learn more about KANSAI： https://www.the-kansai-guide.com/en/
Facebook： https://www.facebook.com/truekansai/
Instagram：https://www.instagram.com/realjapankansai/"
aBY9vndUlG5sjGmcqCy54,https://www.youtube.com/watch?v=r1UncyUt7xI,EN,So how quiet is Kyoto these days? [日本語CC],"Thanks Squarespace for sponsoring this video! 
squarespace.com/currentlyhannah 

So I went to Kyoto the other day (about 20 days ago actually) to see just how quiet it had become recently and well... 

Disclaimer: This was filmed at the start of March, way before anything huge went down in Japan and Japanese people were still going out as usual. Actually only very recently has Japan even issued a statement encouraging their citizens to self-isolate and stay home (right after the olympic postponement announcement LOL) so don't worry, I'm not travelling right now. I'm staying indoors as much as I can and going insane just like the rest of us. 

If you would like to contribute subtitle translations you can do so here: http://www.youtube.com/timedtext_video?ref=share&v=r1UncyUt7xI
Let me know if you do, I'd LOVE to thank you!!

•

Support me on Patreon for extra content and early access: 
www.patreon.com/currentlyhannah 

Instagram:
Normal stuff: @currently.hannah
Performing stuff: @hannahpriceperformer

•

Music in this video is from these two sites: 
Artlist:
(Sign up with this link for 2 extra months free)
https://artlist.io/artlist-70446/?artlist_aid=CurrentlyHannah_176&utm_source=affiliate_p&utm_medium=CurrentlyHannah_176&utm_campaign=CurrentlyHannah_176

Musicbed:
(Get a free trial with this link)
https://geni.us/musicbedref

•

My preferred form of accomodation: 
https://geni.us/hanairbnb

•

All filming and editing gear - past and present is listed in my kit:
https://kit.co/currentlyhannah

#currentlyhannah #japantravel #kyoto"
O7QGECd9lCAsMnry8WtF3,https://www.youtube.com/watch?v=yf3sQIGmqmY,EN,"Mochi, snow and pure JOY - Japanese snow festival, Aizuwakamatsu [日本語CC]","Is there anything better than snow falling and mochi flying through the air towards you? I don't think so. The Ouchijuku Snow Festival in Aizu area is magical.

Thank you to the Aizuwakamatsu Tourism Board for sponsoring this video.

Aizuwakamatsu city:
http://samurai-city.jp/

TOBU RAILWAY YUTTARI AIZU TOBU FREE PASS:
https://tabi.tobu.co.jp/ticket/honsen/c01_d.html

AIZU RAILWAY:
http://www.aizutetsudo.jp/

Lunch restaurant MITSUTAYA:
https://www.mitsutaya.jp/store.html

Hotel OOKAWASO:
http://www.ookawaso.co.jp/

•

Support me on Patreon for extra content and early access:
www.patreon.com/currentlyhannah

Instagram:
Normal stuff: @currently.hannah
Performing stuff: @hannahpriceperformer

•

Music in this video is from these two sites:
Artlist:
(Sign up with this link for 2 extra months free)
https://artlist.io/artlist-70446/?artlist_aid=CurrentlyHannah_176&utm_source=affiliate_p&utm_medium=CurrentlyHannah_176&utm_campaign=CurrentlyHannah_176

Musicbed:
(Get a free trial with this link)
https://geni.us/musicbedref

•

My preferred form of accommodation:
https://geni.us/hanairbnb

•

All filming and editing gear - past and present is listed in my kit:
https://kit.co/currentlyhannah

#currentlyhannah #aizuwakamatsu #traveljapan"
Q2ym6VU3JkIwTcPTajLZg,https://www.youtube.com/watch?v=mRwTyYzNUMI,EN,"Discovering the beauty of Fukushima, Japan - Aizuwakamatsu [日本語CC]","Every time I travel to the countryside in Japan, I'm always blown away by its hidden beauty and surprised at how it seems as though no one knows about it. So thankful to the Aizuwakamatsu tourism board for taking me on this trip.

Aizuwakamatsu site: http://samurai-city.jp/en/
Yuttari Aizu Tobu Free Pass: https://tabi.tobu.co.jp/ticket/honsen/c01_d.html
Aizu Railway: http://www.aizutetsudo.jp/
Lunch restaurant: 
https://ja-jp.facebook.com/dendenmusi.kazu/
Hotel: https://www.yumeguri.co.jp/index.php

•

Support me on Patreon for extra content and early access: 
www.patreon.com/currentlyhannah 

Instagram:
Normal stuff: @currently.hannah
Performing stuff: @hannahpriceperformer

•

Music in this video is from these two sites: 
Artlist:
(Sign up with this link for 2 extra months free)
https://artlist.io/artlist-70446/?artlist_aid=CurrentlyHannah_176&utm_source=affiliate_p&utm_medium=CurrentlyHannah_176&utm_campaign=CurrentlyHannah_176

Musicbed:
(Get a free trial with this link)
https://geni.us/musicbedref

•

My preferred form of accommodation: 
https://geni.us/hanairbnb

•

All filming and editing gear - past and present is listed in my kit:
https://kit.co/currentlyhannah

#currentlyhannah #japantravel #aizuwakamatsu"
w-ePyRg32zsYV-VVUsxGi,https://www.youtube.com/watch?v=3CloUC4c9SA,EN,"Walking around Gokayama（五箇山）, Traditional Beautiful Japanese Village and Landscapes | 4K HDR","Gokayama, Toyama Prefecture, known as one of the world heritage sites, has beautiful scenery, which is famous for the combination of nature and old traditional buildings.
I walked around Suganuma, one of two world heritage villages in Gokayama area.
The mountain behind village gets more beautiful in Autumn."
YUEfnIkVTuZ4JWf0MZoDz,https://www.youtube.com/watch?v=sWMmV77ob6A,EN,Mt. Io: Untouched Hokkaido/硫黄山,"Teshikaga Town: Mt. Io

Stand inches away from the pulse of the earth
With the distinctive smell of sulfur and alpine plants at much lower altitudes than they usually grow, Mt. Io is like a scene from another planet. Mt. Io is located around 3km from Kawayu Hot Springs, and is called Atosa-nupuri (bare mountain) in Ainu. To this day, sulfur plumes rise from various areas of the mountain, with an incredible rumbling sound. Large-scale sulfur mining once took place here, which played a significant role in Teshikaga Town's development.
Parking is free during the winter (late November to early April).
Parking fees apply during summer: ¥200 for a motorcycle, ¥500 for a car, ¥1,000 for a minibus, ¥2,000 for a large bus
*Mt. Io is currently closed to the public for safety reasons, as there is currently a risk of falling rocks.

Untouched Hokkaido
Eastern Hokkaido has a history and geography all of its own. Despite its location in Japan, it is actually on the North American tectonic plate, and as a result it is full of extremely rare plant life. Eastern Hokkaido locals have coexisted for generations with the area's rare wildlife and the nature in the national parks that those animals call home, and as a result there are many natural areas that are untouched by human hands.

LEARN MORE: http://untouchedhokkaido.jp/en
FACEBOOK: https://www.facebook.com/untouchedhok...
Instagram: https://www.instagram.com/untouched_h...
#japan #Hokkaido"
6zNFCX0jxnEwvMmui_NDU,https://www.youtube.com/watch?v=n6Wh0u_xP6M,EN,"Samurai -SABURAU- Exhibition in Nishiki ~Return to the Origin~ Starting March 12, 2022!","The Nishiki Town Tourism Association will hold the 'Samurai -SABURAU- Exhibition in Nishiki ~Return to the Origin~' for 31 days from March 12 (Saturday) to April 10 (Sunday), 2022.

' Samurai -SABURAU- ' Project

' Samurai -SABURAU- ' is derived from the word 'samurai.' This project aims to convey the charm of 'samurai' by collaborating traditional culture, including martial arts and weapons, with pop culture, and to pass it on to future generations.

Through manga, anime, and games, we aim to make traditional culture, which is often perceived as highbrow and difficult by young people, children, and foreigners, accessible and enjoyable for everyone.

At the 'Samurai -SABURAU- Exhibition in Nishiki' in March 2022, numerous displays will feature the ancient swordsmanship 'Heihō Taisharyū,' known as the best in the west, passed down in Nishiki Town, Kumamoto Prefecture, as well as manga and anime works themed around 'samurai,' original art, videos, and weapons.

1. Exhibition Name
Samurai -SABURAU- Exhibition in Nishiki ~Return to the Origin~
2. Exhibition Period
March 12, 2022 (Saturday) to April 10, 2022 (Sunday) for 31 days
9:00 AM to 4:00 PM (Admission until 3:30 PM) No closed days
Date and Time
March 12, 2022 (Saturday)
Reception starts at 9:30 AM
Opening ceremony at 10:00 AM

3. Venue
Nishiki Town Historical Museum of the Navy Air Base (Nishiki Secret Base Museum)
(2-107, Kinoshita Nishi, Nishiki Town, Kumamoto Prefecture, 868-0301)
4. Admission Fee
You can view the exhibition by entering the Nishiki Town Historical Museum of the Navy Air Base.
・Adults (high school students and above) 800 yen ・Elementary and junior high school students 500 yen ・Preschool children free

5. Overview
'Heihō Taisharyū,' which has ties to Nishiki Town, is one of Japan's traditional martial arts that has been passed down for over 450 years. We continue activities to convey Heihō Taisharyū and Japanese traditional culture with disciples from both Japan and abroad.
This exhibition has been held in nine locations domestically and internationally since responding to requests for an event in Italy in 2019, and it will be the first homecoming exhibition in Nishiki Town, Kumamoto Prefecture.
The exhibition will feature displays themed around Japan's 'samurai,' demonstrations of Heihō Taisharyū, swords, national treasures from Aso Shrine, and original works related to subculture such as 'Drifters,' 'Armed Girl Machiavellism,' and original merchandise sales.
・Exhibited works (approximately 200 pieces planned)

Organized by: Nishiki Town Tourism Association, Samurai Executive Committee
Supported by: Nishiki Town, Nishiki Town Board of Education, Kumamoto Prefecture, Hitoyoshi City, Hitoyoshi City Board of Education, Kumamoto Nichinichi Shimbun, Kumamoto Broadcasting, Kumamoto Prefecture Kobudo Association, National Treasure Aso Shrine, All Japan Swordsmith Association Kyushu Branch
Cooperation: Shōnen Gahōsha Young King Editorial Department, KADOKAWA, Sanshin Co., Ltd.
Kimura Nihon Art Sword Taro Tamura Forge, Engines Co., Ltd., Layer Co., Ltd., Junpu Design, Heihō Taisharyū Ryūsenkan, Nishiki Town Historical Museum of the Navy Air Base

Event Schedule During the Exhibition
Please check the website for the event schedule during the exhibition period.
https://www.saburau.org/

【Venue Events】
Heihō Taisharyū Demonstration
Calligraphy artist Yuki's live drawing performance
Taro Akamatsu's engraving demonstration
*Other events are under adjustment.

Heihō Taisharyū (Cultural Heritage of Japan)
About 450 years ago during the Warring States period, the founder, Marume Kurando no suke, developed a sword technique that utilizes both oneself and the opponent through practical experience and research. The word 'Tai' in Taisharyū can correspond to many kanji such as '体' (body), '待' (wait), '対' (confront), and '退' (retreat). It means to discard the use of 'body,' to discard 'waiting,' to discard 'confrontation,' and to discard 'retreat.'
In other words, it is a natural state of being that can move without thinking. It embodies being in harmony with nature. The term 'Taisharyū' carries this meaning.
Heihō Taisharyū, a traditional martial art with ties to Nishiki Town, is led by the 15th generation Uehara Eriko, with its headquarters in Yatsushiro City, Kumamoto Prefecture, having 100 disciples in Japan and 70 overseas, continuing activities to transmit traditional culture to the world. In May 2017, the cultural heritage 'Cultural Heritage of Sagara born from 700 years of conservatism and innovation' was certified as a Japanese heritage, and Heihō Taisharyū is listed as one of the cultural properties.
Heihō Taisharyū is gaining attention as a traditional martial art of Japan overseas. In 2022, a book on Taisharyū is scheduled to be published in the UK, and as part of the publication promotion, over 50 videos centered on Kumamoto's traditional culture are being distributed on YouTube.
Heihō Taisharyū Kenjutsu Dojo Ryūsenkan Official Website https://www.taisharyu.jp/

Since 2014, Heihō Taisharyū has started training seminars with disciples in Europe, with about 500 participants annually. In 2019, at the World Karate Championship held in Venice, Italy, 6,000 people attended the demonstration and exhibition introducing Japanese culture 'Samurai Expo SABURAU in ITALY.'

Domestically, in the same year, a one-night-only (4 hours) 'Samurai Expo SABURAU Homecoming Exhibition' was held at the National Treasure Aso Shrine (Hitoyoshi City, Kumamoto Prefecture), attracting 500 visitors and garnering significant attention.

The Samurai -SABURAU- Exhibition will feature a fusion of traditional martial arts and subculture displays and events. The lineup of subculture works will mainly include 'Drifters,' serialized in Shōnen Gahōsha's 'Monthly Hours,' and 'Armed Girl Machiavellism,' serialized in KADOKAWA's 'Monthly Shōnen Ace.'
The main characters in these popular works are practitioners of Taisharyū, leading to a collaborative effort such as providing original drawings.

Relationship with Nishiki Town
Located in the southern part of Kumamoto Prefecture, Nishiki Town is known for its production of agricultural products such as pears and peaches. In 2018, a museum introducing the 'Hitoyoshi Navy Air Base,' whose history was clarified after 70 years post-war, opened.
The town's catchphrase is 'The Land of Swordmasters and Fruits.'
A kendo tournament honoring the swordmaster 'Marume Kurando no suke' has been held 51 times to date.
Nishiki Town has supported Heihō Taisharyū's overseas activities as part of its promotional efforts. In 2017, Nishiki Town received a letter of appreciation from the mayor of Turin, Italy, for its activities introducing Japanese culture alongside Taisharyū.

Exhibited Works Introduction
【Drifters】
・Original drawings
・Hand-signed hanging scrolls
・Hand-drawn illustrations in Japanese frames
・Shimazu Toyohisa folding screen, etc.

【Armed Girl Machiavellism】
・Hand-signed hanging scrolls
・Reproduced original drawings
・Five Great Swords folding screen
・Five Great Swords wooden swords, etc.

【Yukata Calligraphy Works】
・Hand-signed hanging scrolls
・Scrolls
・Folding screens, etc.

【MUJIN -無尽-】
・Hand-signed folding screens
・Reproduced original drawings
・Extra-large hanging scrolls
・Name drawings, rough sketches
・Shinkage-ryū wooden swords, etc.

【Vagabond】
・Original illustrations by Takehiko Inoue in Japanese frames
・Niten Ichi-ryū wooden swords
・Kaito wooden swords, etc.

【Swordmaster Marume Kurando no suke】
・Fusuma paintings, etc.

【Aso Shrine Collection】
・Jingo Ichi's work in Higo style
・Hitoyoshi matchlock gun
・Horseback tube
・Spears
・Bows and arrows, etc.

【Ryūsenkan Materials】
・Oath document
・Western best in the west seal
・Dragonfly haori
・Taisharyū wooden sword
・Higo Reconstruction style, etc.

Samurai -SABURAU- Project
https://www.saburau.org/

Heihō Taisharyū [Official HP]
https://www.taisharyu.jp/

Contact Information
【Nishiki Town Tourism Association】
Inside Nishiki Town Historical Museum of the Navy Air Base
2-107, Kinoshita Nishi, Nishiki Town, Kumamoto Prefecture, 868-0302
TEL (0966) 28-8080 Person in charge: Minoda

【Samurai Executive Committee】
307-2, Shiohama, Kagami Town, Yatsushiro City, Kumamoto Prefecture, 869-4224
TEL (0965) 37-8009 Person in charge: Uehara"
YHajHHhiAJus1xCmG_cC0,https://www.youtube.com/watch?v=mPK-WCii4UA,EN,Hike along the Akan River: Untouched Hokkaido/阿寒川リバーサイドハイク,"You’ll be hard-pressed to find a more beautiful hiking spot than this tranquil river surrounded by forest with natural hot springs along the way
The pure waters of the Akan River are home to rainbow trout and whitespotted char. In winter, you can hike on snowshoes through the snow-covered forest by the river. Hot springs can be found along the river, making the perfect end point for your hike. If the timing is right, you might even see wildlife such as foxes, raccoon dogs (tanuki) and Yezo deer, which drink from the hot springs to get minerals.

""Where water kamuy and fire kamuy meet""
The indigenous Ainu people of Hokkaido place great importance on coexisting with nature, where they believe that deities reside. There are two types of deities in nature – the deity of fire (apefuchi-kamuy) and the deity of water (wakkaushi-kamuy). The Akan River is a holy ground where the two meet, and the two types of kamuy are believed to provide the nutrients that the forest wildlife lives on.

Address
〒085-0467
2-6-20, Akancho Akankonsen, Kushiro-shi, Hokkaido 
Tel. +81-154-67-3200
http://en.kushiro-lakeakan.com/

Untouched Hokkaido
Eastern Hokkaido has a history and geography all of its own. Despite its location in Japan, it is actually on the North American tectonic plate, and as a result it is full of extremely rare plant life. Eastern Hokkaido locals have coexisted for generations with the area's rare wildlife and the nature in the national parks that those animals call home, and as a result there are many natural areas that are untouched by human hands.

LEARN MORE: http://untouchedhokkaido.jp/en
FACEBOOK: https://www.facebook.com/untouchedhok...
Instagram: https://www.instagram.com/untouched_h...
#japan #Hokkaido"
aeDxA1SDei57yMbJv5JwV,https://www.youtube.com/watch?v=ffv2eBP9iKA,EN,Kotan no Yu: A free open-air hot spring by Lake Kussharo/Untouched Hokkaido/コタンの湯,"This natural open-air hot spring bath will make you feel like you’re bathing in Lake Kussharo itself
This hot spring bath surrounded by stones is just 5m from Lake Kussharo, creating the illusion that you are bathing in Lake Kussharo itself. In winter, the warm water runs into the lake, attracting swans that you can see right before your eyes. As you look out over the lake, you'll feel as if the swans are bathing in the hot spring with you. This vast natural paradise is stunningly beautiful no matter what time of day you visit, with incredible sunsets over the mountains beyond the lake and stars as far as the eye can see at night. Admission is free and free parking is available. Basic men's and women's changing facilities are available. The bath is surrounded by stones. While there is a large stone in the center dividing the bath in two, each side is visible from the other side, so bathing is basically mixed. Swimwear is OK.

Address
〒088-3341
Kotan Onsen open-air bath, 541 Kussharo, Teshikaga-chō, Kawakami-gun, Hokkaidō

Untouched Hokkaido
Eastern Hokkaido has a history and geography all of its own. Despite its location in Japan, it is actually on the North American tectonic plate, and as a result it is full of extremely rare plant life. Eastern Hokkaido locals have coexisted for generations with the area's rare wildlife and the nature in the national parks that those animals call home, and as a result there are many natural areas that are untouched by human hands.

LEARN MORE: http://untouchedhokkaido.jp/en
FACEBOOK: https://www.facebook.com/untouchedhok...
Instagram: https://www.instagram.com/untouched_h...
#japan #Hokkaido"
SVye1WIT0hREtt8C08UL0,https://www.youtube.com/watch?v=JKISVLYxvBY,EN,Early morning tour of Lake Akan in winter: Untouched Hokkaido/冬の阿寒湖早朝散歩,"Take an early morning tour through the snowy scenery around Lake Akan
In winter, you can explore a freezing natural environment where it is not uncommon for early morning temperatures to reach -20°C. The winter chill creates magical natural beauty. You can walk across the completely frozen Akan lake to its island in around 10 minutes. You can also see the sunrise over Mt. Oakan and beautiful natural phenomena such as frost flowers, rime and diamond dust. The tour meets at 6:20, early mornings from late January to mid-March.
In summer, this island can only be reached by boat.

Untouched Hokkaido
Eastern Hokkaido has a history and geography all of its own. Despite its location in Japan, it is actually on the North American tectonic plate, and as a result it is full of extremely rare plant life. Eastern Hokkaido locals have coexisted for generations with the area's rare wildlife and the nature in the national parks that those animals call home, and as a result there are many natural areas that are untouched by human hands.

LEARN MORE: http://untouchedhokkaido.jp/en
FACEBOOK: https://www.facebook.com/untouchedhok...
Instagram: https://www.instagram.com/untouched_h...
#japan #Hokkaido"
94a682Hthy6IaA6rbXDwJ,https://www.youtube.com/watch?v=-HaLM4FzfEg,EN,Fukutsukasa Sake: Untouched Hokkaido / 釧路の地酒 福司酒造,"Fukutsukasa is a brewery that has made seishu sake in Kushiro since 1919.
Fukutsukasa is one of Kushiro's best-known brands. Its name is said to come from fuku wo tsukasadoru, an ancient Japanese concept of inviting good fortune. As Kushiro's only sake brewery, Fukutsukasa makes delicious sake that cannot be imitated elsewhere, and is a firm favorite among Kushiro locals. The main ingredient is Hokkaido rice, brewed in groundwater filtered by the great nature of eastern Hokkaido.

Address
〒085-0831
Hokkaidō, Kushiro-shi, Sumiyoshi, 2 Chome−13-23 
Tel. +81-154-41-3100
http://www.fukutsukasa.jp/

Untouched Hokkaido
Eastern Hokkaido has a history and geography all of its own. Despite its location in Japan, it is actually on the North American tectonic plate, and as a result it is full of extremely rare plant life. Eastern Hokkaido locals have coexisted for generations with the area's rare wildlife and the nature in the national parks that those animals call home, and as a result there are many natural areas that are untouched by human hands.

LEARN MORE: http://untouchedhokkaido.jp/en
FACEBOOK: https://www.facebook.com/untouchedhok...
Instagram: https://www.instagram.com/untouched_h...
#japan #Hokkaido"
Vjz8TYV2xa-1tnP1V8bZK,https://www.youtube.com/watch?v=m1pDS2A2lDY,EN,KAI Launch Video 2024 |  4K,"K A I https://www.instagram.com/kai_ezo.explorer/ 
KAIはアイヌ語で『この地に生まれしもの』を意味します
同じ志を持つ北海道のメンバーで大好きな北海道を表現するために始動

---------------------------------------------------------------------------------------------------------------------------------
北海道179市町村の魅力を届ける映像メディア / KAI Hokkaido Movie Media 

KAIが制作する映像は
観光PR映像や地域PR映像、人物や文化に焦点を当てたドキュメンタリー
まちづくりPR映像や移住促進映像など表現方法は多様です

Hokkaido Tourism Promotion Video / Adventure Tourism]

【Project EzoExplorer】
北海道179市町村、全ての土地の映像を発信するプロジェクト
観光、文化、人物、町おこしのあらゆる方面から、その土地の魅力を伝える
メンバーは北海道で活動するクリエイターで構成

Music 【Artlist】
https://bit.ly/3BWn2ib

制作依頼は下記メールよりお願いいたします
@ezo.explorer@gmail.com"
dG0zdrBjjdCYxUvNTMuNW,https://www.youtube.com/watch?v=k0oaDk_gxr0,EN,“sarorun kamuy” Red-crowned crane (Grus japonensis): Untouched Hokkaido / タンチョウヅル,"Sarorun Kamuy
The Kushiro area is home to the natural habitat of the red-crowned crane, a designated special natural monument that was once called “sarorun kamuy”, which means “spirits that live in the marshlands”, by the native Ainu people.

Untouched Hokkaido
Eastern Hokkaido has a history and geography all of its own. Despite its location in Japan, it is actually on the North American tectonic plate, and as a result it is full of extremely rare plant life. Eastern Hokkaido locals have coexisted for generations with the area's rare wildlife and the nature in the national parks that those animals call home, and as a result there are many natural areas that are untouched by human hands.

LEARN MORE: http://untouchedhokkaido.jp/en
FACEBOOK: https://www.facebook.com/untouchedhokkaido/
Instagram: https://www.instagram.com/untouched_hokkaido/?hl=en
#japan #Hokkaido #water"
HlAztY58nAM9quBxW-TI5,https://www.youtube.com/watch?v=ZYnOi6lue8Y,EN,Cape Kirakotan : Untouched Hokkaido / キラコタン岬,"Cape Kirakotan
Cape Kirakotan is a designated national natural monument area, and its name originates from when the marshland was still part of the ocean, 6 thousand years ago. It was found to be a natural breeding ground of the red crowned crane that was previously thought to be extinct.

Untouched Hokkaido
Eastern Hokkaido has a history and geography all of its own. Despite its location in Japan, it is actually on the North American tectonic plate, and as a result it is full of extremely rare plant life. Eastern Hokkaido locals have coexisted for generations with the area's rare wildlife and the nature in the national parks that those animals call home, and as a result there are many natural areas that are untouched by human hands.

LEARN MORE: http://untouchedhokkaido.jp/en
FACEBOOK: https://www.facebook.com/untouchedhokkaido/
Instagram: https://www.instagram.com/untouched_hokkaido/?hl=en
#japan #Hokkaido"
h6cxoTpf5a3qFOjqABW5T,https://www.youtube.com/watch?v=-aaA2dGK3uM,EN,Okayama 岡山｜JAPAN - Maniwa City! -,"Beautiful traditional townscapes, a nostalgic building of a former elementary school, the lush green Hiruzen Kogen Highlands, GREENable HIRUZEN – an information facility designed by Kengo Kuma to make more people familiar with the value of sustainability. This is a one-day tour to explore the town of Maniwa and, of course, enjoy local foods!

#Japantrip #Okayamatrip #Onlinetrip #Okayama #Maniwa #Maniwa-city #Sustainable #GREENable HIRUZEN

Katsuyama Historical Preservation District
Website: https://www.okayama-japan.jp/en/spot/1083
Highlight: Traditional townscape and photo spots
　　↓ 15 minutes by car
Former Senkyo Jinjo Elementary School
Highlight: Photo spots
　　↓ 40 minutes by car
Lunch: Hiruzen style yakisoba (Japanese stir-fried noodles)
Highlight: Local specialties
　　↓ 15 minutes by car
GREENable HIRUZEN
Highlight: New landmark and photo spots
　　↓ 6 minutes by car
Hiruzen Jersey Land
Website: https://www.okayama-japan.jp/en/spot/15751
Highlight: Workshops, photo spots

◆HP・SNS info
【HP】Okayama Prefecture Official Tourism Guide ""Explore Okayama""
▶▶https://www.okayama-japan.jp/en/ (English)
▶▶https://www.okayama-japan.jp/tw/ (Traditional Chinese)
▶▶https://www.okayama-japan.jp/ko/ (Korean)
▶▶https://www.okayama-japan.jp/th/ (Thai)
▶▶https://www.okayama-japan.jp/fr/ (French)
▶▶https://www.okayama-japan.jp/de/ (German)
【Facebook】
▶▶https://www.facebook.com/okayama.eng/ (English)
▶▶https://www.facebook.com/okayama.tw/ (Traditional Chinese/Taiwan)
▶▶https://www.facebook.com/okayama.hk/ (Traditional Chinese/Hong Kong)
▶▶https://www.facebook.com/okayama.kr/ (Korean)
▶▶https://www.facebook.com/okayama.thai/ (Thai)
▶▶https://www.facebook.com/okayama.fr/ (French)
【Instagram】
▶▶https://www.instagram.com/okayamakr/ (Korean)
▶▶https://www.instagram.com/okayama.th/ (Thai)
【Blog】
▶▶https://blog.naver.com/okayamap (Korean)

Song: Markvard - Everybody
Music provided by Vlog No Copyright Music.
Video Link: https://youtu.be/93CquwUkwn8"
bhuR8hwoODAfz1oXA0JxS,https://www.youtube.com/watch?v=uadpu5820G0,EN,Okayama 岡山｜JAPAN - Misaki Town and Tsuyama City! -,"The route features a spectacular rice field terrace of Misaki-cho, a photogenic park that served as a film location and the old townscape of Tsuyama city. Please enjoy the exclusive views and local cuisine.

Kamenoko station
Note: Photo spots
↓5-minute drive
Breakfast: Misaki Tamago Kake Gohan (Rice topped with a raw egg)
Note: Local cuisine
↓20-minute drive
“The top 100 rice field terraces in Japan: The rice field terrace of Ohaganishi”
URL:https://www.okayama-japan.jp/en/spot/1099
Note: Photo spots
↓45-minute drive
Yanahara Mine Park
Note: Photo spots
↓25-minute drive
Lunch: Tsuyama Horumon Udon (Tsuyama Udon noodles with offal)
Note: Local cuisine
↓5-minute drive
“Joto townscape (Important Preservation District for Groups of Traditional Buildings)”
URL:https://www.okayama-japan.jp/en/spot/917
Note: The old townscape, photo spots
↓A few minutes’ walk
“PORT ART & DESIGN TSUYAMA”
Note: Photo spots
↓A few minutes’ walk
“Joto traditional townhouse (Former Kajimura resident)”
Note: Photo spots
↓8-minute walk
“Sense Tsuyama”
Note: Photo spots, cafés, variety stores, workshop studios etc.
↓6-minute drive
Souvenir: Godai Hokuten Manju (Japanese steamed buns)
Note: Exclusive local souvenirs and wagashi sweets

◆HP・SNS info
【HP】Okayama Prefecture Official Tourism Guide ""Explore Okayama""
▶▶https://www.okayama-japan.jp/en/ (English)
▶▶https://www.okayama-japan.jp/tw/ (Traditional Chinese)
▶▶https://www.okayama-japan.jp/ko/ (Korean)
▶▶https://www.okayama-japan.jp/th/ (Thai)
▶▶https://www.okayama-japan.jp/fr/ (French)
▶▶https://www.okayama-japan.jp/de/ (German)

【Facebook】
▶▶https://www.facebook.com/okayama.eng/ (English)
▶▶https://www.facebook.com/okayama.tw/ (Traditional Chinese/Taiwan)
▶▶https://www.facebook.com/okayama.hk/ (Traditional Chinese/Hong Kong)
▶▶https://www.facebook.com/okayama.kr/ (Korean)
▶▶https://www.facebook.com/okayama.thai/ (Thai)
▶▶https://www.facebook.com/okayama.fr/ (French)

【Instagram】
▶▶https://www.instagram.com/okayamakr/ (Korean)
▶▶https://www.instagram.com/okayama.th/ (Thai)

【Blog】
▶▶https://blog.naver.com/okayamap (Korean)

#Japantrip #Okayamatrip #Onlinetrip #Okayama #Misaki #Misaki-Town #Tsuyama  #Tsuyama-city

––––––––––––––––––––––––––––––
Innocence by Roa https://soundcloud.com/roa_music1031
Creative Commons — Attribution 3.0 Unported — CC BY 3.0
Free Download / Stream: https://bit.ly/3KKLUNk
Music promoted by Audio Library https://youtu.be/D5k_osBF8_o
––––––––––––––––––––––––––––––

Track Info:

Title: Innocence by Roa
Genre and Mood: Holiday + Happy"
ttap2SB3MK1PUVoOt6SZj,https://www.youtube.com/watch?v=dKnp4jDlIuA,EN,Tokyo Disneyland | Meet and Greet with Minnie Mouse at Minnie’s Style Studio | 東京デイズニーランド,"#disneyland2022  #minniesstylestudio #minniemouse #minnieshouse #toontown  #disney #meetandgreet #meetandgreetwithminniemouse #nocopyrightmusic #disneyland

It’s meet and greet time with Minnie Mouse at her cute Style Studio… check out the newly renovated Minnie Mouse House…

Enjoy this full tour from our July 2022 Disneyland trip!

You can book your admission tickets thru their official website.
Some Ticket Types are on sale as of the moment so what are you waiting for, grab yours now thru this website:
https://www.tokyodisneyresort.jp/en/index.html

Music in this video: https://www.youtube.com/watch?v=hCBH6O7m7MQ

Disclaimer: No Copyright Infringement Intended. All the songs, images, and graphics used in the video belong to their respective owners and I or this channel does not claim any right over them. For Entertainment Purposes Only. Products featured in this video are not sponsored."
hjOqctN6smzPfNHMZ9Eqn,https://www.youtube.com/watch?v=H-K6qtOBdmk,EN,Sagamiko Resort Winter Illumination  | Pleasure Forest | Sailor Moon Illumination | 相模湖ウィンターイルミネーション,"#sagamikoresort #illumination #winterillumination #mybestjapanmoments #visitjapanjp #visitjapan #wintereventsinjapan #illuminations #chrismasillumination #japanillumination #kanagawa #viaggiatotravelservices

[Sagamiko Pleasure Forest] offers various leisure / activities such as hot springs, camping, and drones, as well as the main amusement park.

Experience the amazing winter illuminations 
from 2021/11/13 (Sat) -2022/4/3 (Sun)
Opens from 4pm-9pm

Admission + Lift 
Adults (including seniors) 1,500 yen
Children 1,100 yen 

Night Free Pass 
Adults (including seniors) 2,800 yen 
Children 2,200 yen

* The entrance fee includes the lift ride fee.

Admission rules

Rainy weather OK
* Sales may be postponed depending on the weather. 
* Free pass tickets used at amusement parks during the day can also be used at night attractions.

Address: 1634 Wakayanagi, Midori-ku, Sagamihara-shi, Kanagawa 252-0175 

Approximately 50 minutes by car from Shinjuku 
Take Sagamiko Station (next to Takao Station) if taking a train.

Telephone Number: 0570-037-353

Sagamiko Resort Website:
https://www.sagamiko-resort.jp/index.html
-available in various languages

MUsic on this video:
Deck the Halls B by Kevin MacLeod is licensed under a Creative Commons Attribution 4.0 license. https://creativecommons.org/licenses/by/4.0/

Source: http://incompetech.com/music/royalty-free/index.html?isrc=USUAN1100368

Artist: http://incompetech.com/
_____
For collaborations and product reviews, you can email us at jellowspedz@gmail.com
_____

Disclaimer: No Copyright Infringement Intended. All the songs, images, and graphics used in the video belong to their respective owners and I or this channel does not claim any right over them.
For Entertainment Purposes Only. Products featured in this video are not sponsored. 

Follow us at:
https://www.facebook.com/learningwithjtandmommy
https://www.instagram.com/learningwithjtandmommy
https://www.youtube.com/c/learningwithjtandmommy

Our Crochet Facebook Page:
https://www.facebook.com/crochetsbymommy

Our Art Page  
https://www.instagram.com/love4art_ac
https://www.facebook.com/love4art_ac
https://www.youtube.com/channel/UCnk8vimjU6zT5d9xCBOlMEg

Our Succulent Page
https://www.instagram.com/succulent_lover
https://www.youtube.com/channel/UCOHVBWuIrlgRcHGWArGhYuw"
WwAKtmNCw5AOGny0X6qHW,https://www.youtube.com/watch?v=KMJ5emNfOxg,EN,Narusawa Ice Cave | Mt. Fuji Tour | 鳴沢氷穴 | Narusawa Hyōketsu,"#narusawa #narusawaicecave #mtfuji #yamanashi #japanadventures #touristsppotsinjapan #familyadventureinjapan

The Narusawa ""Hyoketsu"" Ice Cave is located at the east entrance to the Aokigahara Jukai ""sea of trees"" forest, and is regarded as one of the tourist spots within the Fuji Five Lakes area that can be visited throughout the year.
Over 1150 years ago, during year 6 of the Jogan era (864 a.d.), Nagaoyama, a flank volcano of Mt. Fuji erupted. The red hot lava flow (Aokigahara Maruo) descended between ancient parasitic volcanoes, creating this two-tunnel type cave. After being designated by the Ministry of Education as a natural monument in 1929, it was introduced to the world as a geological wonder.
By the way, the tree-type lava bed is said to have the most spiracles in the world.

Since the cave is situated in a ring-like manner, visitors can view its various features by making one circular loop.

The average temperature inside the cave is 3degC, that's why it is called an Ice Cave. The total length of the cave is 150m and requires 6-7 mins to have a complete view inside the cave.


Disclaimer: No Copyright Infringement Intended. All the songs, images, and graphics used in the video belong to their respective owners and I or this channel does not claim any right over them.
For Entertainment Purposes Only. Products featured in this video are not sponsored.

Music in this Video: Illuminations
Artist: Michael Lockwood
Source: Apple iMovie Soundtracks

Follow us at:
https://www.facebook.com/learningwithjtandmommy
https://www.youtube.com/c/learningwithjtandmommy
https://www.facebook.com/crochetsbymommy
https://www.instagram.com/love4art_ac
https://www.instagram.com/learningwithjtandmommy
https://www.instagram.com/succulent_lover

For collaborations you can email us at jellowspedz@gmail.com"
pkMzSk7a-e_XmXn9hyNNe,https://www.youtube.com/watch?v=iWdTDy9u3KQ,EN,Cherry Blossoms at Chidorigafuchi Ryokudo | 桜花見　千鳥ヶ淵緑道,"Artist#sakura #cherryblossoms #tokyo #chidorigafuchiryokudo #japan

This 700m promenade and park on the west side of the Imperial Palace is particularly impressive during cherry blossom season, when the around 250 sakura trees reach their heavy branches out over the Chidorigafuchi moat. Chidorigafuchi Boathouse, around the middle of the park, is where to rent a boat and paddle out over the water.

It is said that Chidorigafuchi was named because it has the shape of ""Chidori"". It used to be connected to Hanzo Moat, but it was reclaimed for road construction in 1883, and the moat was divided into two.Somei Yoshino cherry trees and wild cherry trees are planted on the banks of Chidorigafuchi and Hanzo moat, and together with the cherry blossoms of Chidorigafuchi Park managed by the 23 wards of the upper part of the bank, it is one of the most famous cherry blossom viewing spots in Tokyo.

Access:
Toei's Shinjuku Line - Kudanshita Station
Metro's Tozai Line - Kudanshita Station
Metro's Hanzomon Line - Hanzomon Station

Music in this video: New Roof
Artist: Judson Crane
Apple iMovie Soundtrack
Music in this Video: Gizmo
Artist: Syn Cole
Music in this Video: Lioness
Artist: Dayfox
https://www.youtube.com/watch?v=koeObMIFBjg
Music in this Video: Creamy
Artist: Limujii
https://www.youtube.com/watch?v=Pp7RbiA38xg

Disclaimer: No Copyright Infringement Intended. All the songs, images, and graphics used in the video belong to their respective owners and I or this channel does not claim any right over them.
For Entertainment Purposes Only. Products featured in this video are not sponsored.

Follow us at:
https://www.facebook.com/crochetsbymommy
https://www.instagram.com/love4art_ac
https://www.instagram.com/learningwithjtandmommy
https://www.instagram.com/succulent_lover
https://www.facebook.com/learningwithjtandmommy
https://www.youtube.com/c/learningwithjtandmommy

For collaborations, you can contact us at jellowspedz@gmail.com"
ixLtxKxhcmuj88bFcwRXd,https://www.youtube.com/watch?v=JqnkER8pwTQ,EN,Fuji Safari Park | 富士サファリパーク,"#fujisafaripark #fujizoo 

Fuji Safari Park

At the foot of Mt. Fuji lies this enormous animal park. Divided into 2 major zones, the Safari Zone and Fureai Zone.

Safari Zone is a 50min drive through where you can find 7 zones of different animals from all over the world. Riding on your own car, you cannot open your windows or doors as it could be too dangerous. But there is an option of riding the Jungle Bus where you can feed the animals yourself. These huge animals come to the jungle bus seeking for food, as close as 20cm apart from you, with just steel mesh in between. You can also opt to try their 4WD vehicle and experience the same as the jungle bus, feed the animals as they come near you and wait to be fed.

The Fureai Zone on the other hand is extremely different as you can have a friendly contact with the animals. You can feed them up close, hold them in your arms and caress them as long as you want. Great for kids and animal lovers.

For more information, visit their website:
https://www.fujisafari.co.jp/en/

Music in this Video: From the Earth
Artist: Judson Crane
Source: Apple iMovie Soundtrack

Disclaimer: No Copyright Infringement Intended. All the songs, sound effects, images, and graphics used in the video belong to their respective owners and I or this channel does not claim any right over them.
For Entertainment and Educational Purposes Only. Products featured in this video are NOT sponsored.

Follow us at:
https://www.facebook.com/crochetsbymommy
https://www.instagram.com/love4art_ac
https://www.instagram.com/learningwithjtandmommy
https://www.instagram.com/succulent_lover
https://www.facebook.com/learningwithjtandmommy
https://www.youtube.com/c/learningwithjtandmommy

For collaborations, you can contact us at jellowspedz@gmail.com"
aZpmercU0CvV8pSdynNAO,https://www.youtube.com/watch?v=WfK44J5VEcA,EN,Azalea Festival in Nezu Shrine | 根津神社のつつじ祭り,"Enjoy our latest adventure in Nezu Shrine where Azalea Festival took place from first week of April 2021.
In this video, we will share to you what is there in the Nezu Shrine in Bunkyo, Tokyo.
You will find the enchanting and beautiful Azalea flowers as it's their bloom season during these days.
We will also share the Nezu Shrine's Torii and amazing Japanese architectures and cultures present in the Nezu Shrine.

Please sit back and relax as we unfold this lovely scenery of Spring Season.

Sources: https://en.wikipedia.org/wiki/Nezu_Shrine

Music in this Video: Image Enchancementalist
Artist: Mark Mothersbaugh
Source: Apple iMovie Soundtrack

Disclaimer: No Copyright Infringement Intended.
All the songs, sound effects, images, and graphics used in the video belong to their respective owners and I or this channel does not claim any right over them.
For Entertainment and Educational Purposes Only.
Products featured in this video are NOT sponsored.

Follow us at:
https://www.facebook.com/crochetsbymommy
https://www.instagram.com/love4art_ac
https://www.instagram.com/learningwithjtandmommy
https://www.instagram.com/succulent_lover
https://www.facebook.com/learningwithjtandmommy
https://www.youtube.com/c/learningwithjtandmommy

For collaborations, you can contact us at jellowspedz@gmail.com"
Qc9XaPBQK7MZtEf7KkOMj,https://www.youtube.com/watch?v=zD_oto-BeFA,EN,MOARE｜Wooden Lighting Moare - Illumination in unison with nature,"What is Moare, the wooden lighting brand?

Takayama City in Gifu Prefecture, known for its history as a craftsman of Hida.
A Japanese-born wooden lighting brand that values the fusion of the warmth of wood and gentle light, creating a sense of comfort.

【MOARE】
WEB : https://moare.jp

Facebook: https://www.facebook.com/MOARE.JP
Instagram: https://www.instagram.com/moare.jp/
EC Site: https://www.moareshop.net/

【English】
Since ancient times, trees have played an important role in Japanese culture.

There is something about wood that, when it is present in our daily life, it eases our minds.

After all, that feeling is embedded in our DNA, so when we are in constant exposure with something made of wood, an overflowing warmth runs throughout our whole self.

Humans feel unsafe in darkness, that's why even a feeble light at the end of the road gives us hope and a feeling of safety.

The very heart of Hida region's technique and workmanship that has been passed down for generations provides a special synergy between illumination and the feeling of warmth in raw materials. This offers a unique experience through a delicate illumination.

Our mission is to offer products that are highly valued all over the world even after 50, 100, or more years.

【Español】
Desde tiempos inmemoriales, los árboles han tenido un rol vital en la cultura japonesa.

Hay algo en la madera que, cuando está presente en nuestro día a día, nos llena de paz. Ya que ese sentimiento está impreso en nuestro ADN, cuando estamos en contacto con algo de madera, sentimos una calidez indescriptible.

Los humanos nos sentimos inseguros en la obscuridad, por lo que, cuando encontramos una señal de luz, aquel rayito de esperanza nos proporciona una sensación de seguridad.

El espíritu de la tradicional técnica y destreza de la región de Hida, que ha sido transmitido de generación en generación, proporciona una sinergia entre la belleza de la iluminación y la calidez de sus materiales, lo cual nos brinda a su vez una experiencia única por su suave luz.

Nuestra misión es brindarle a todo el mundo productos que mantengan su preferencia aún después de 50, 100 o más años.

-------------------------------------------------------------------------

- IN COLLABORATION WITH -

（有）山下木材
https://www.hida-sumi.com
株式会社 カネモク
https://kanemoku.jp
村半｜MURAHAN
https://www.city.takayama.lg.jp/shisei/1008717/1011761/index.html

Director of photography : Fukutaro Teraji
Voice actor : Uriel Mendoza Ramírez
Music : Spatium - Keys of Moon Music
Produced by NAUGHTY STUDIO

-------------------------------------------------------------------------

#飛騨高山 #JAPAN #モアレ"
lUvWNs-tnTwDCZUQlwkh4,https://www.youtube.com/watch?v=9pzoGSdcR-k,EN,"Nakatsugawa & Gero PR Video ""Wonderful days"" [4K]","This video is a promotional film for Gero City and Nakatsugawa City.
Please check the details of the tourist spots introduced in the video below. (In the order of video broadcast)

00:00 Tsukechi Gorge Fudo Park (Tsukechi)
http://www.tsukechi.jp/

00:27 Fudo Falls Hirozuki (Tsukechi)
http://hirozuki.com/

00:34 Miyajima Campground (Tsukechi)
http://www.tsukechi.jp/camp_miya/

00:38 Naegi Castle Ruins (Naegi)
https://www.city.nakatsugawa.lg.jp/kanko/miru/1/3753.html

00:43 JR Tokai Kiha 25 Series (Between Gero and Zenshoji)

00:46 DAiseN TouRs (Kanayama)
https://nbghjklop1101.business.site/#summary

00:59 Gero Onsen Town (Gero Onsen)
https://www.city.gero.lg.jp/site/kanko/1194.html

01:03 Gero Onsen Suhada Bijin Sweets
https://www.gero-spa.com/suhadabijin/sweets.html

01:07 Ashiyu (Gero Onsen)
https://www.city.gero.lg.jp/site/kanko/1246.html

01:14 Tochimoto Farm (Takehara)
https://tochimotonouen.com

01:28 HillBilly Coffee Company (Magome)
https://instagram.com/hillbilly_coffee_company?utm_medium=copy_link

01:32 Nakasendo Magome-juku (Magome)
https://kiso-magome.com/

01:43 Tono Cycling (Magome, Ochiai)
http://tono-cycling.com/

01:56 Mase Rental Cycle (Mase)
https://www.mikinosato.co.jp/blog/日本で最も美しい村をサイクリング/

02:04 Fire Fishing (Mase)
http://mazekanko.jp/mizubenoyakata.html

02:11 Jiuin Temple (Takehara)
https://www.jalan.net/kankou/spt_guide000000216002/

02:15 Shimohara Hachiman Shrine JR Tokai Kiha 85 Series Wide View Hida (Between Hida Kanayama and Yakiishi)

02:17 LA VITA e bella (Gero Onsen)
http://lavitaebella-gero.com

02:21 Kaba no Lake Nature Park (Sakashita)
https://yasaka-kanko.jp/event/sobanohana.html

02:28 Tsukechi Gorge Uedayama Blueberry Farm (Tsukechi)
https://uedayanouen.webu.jp/

02:34 Nakasendo Ochiai Stone Pavement (Ochiai)
https://www.city.nakatsugawa.lg.jp/kanko/miru/1/3759.html

02:40 Nakasendo Nakatsugawa-juku (Nakatsu)
https://www.city.nakatsugawa.lg.jp/soshikikarasagasu/kankoka/5/2/757.html

02:44 Igaguri no Sato Nakatsugawa Marron Park (Nakatsu)
https://maron.nakatsugawa.town/

02:53 Okashi-dokoro Kawakamiya ""Saryo Kurinosha"" (Nakatsu)
https://www.kawakamiya.co.jp/?transactionid=9cf92f98bd1ae90a0a1318612f8e72b7019c9570

03:04 Kanayama Megaliths (Kanayama)
http://hidakanayama.com/mystery.html

03:09 Iwaya Dam ""Higashisenkyo Kanayama Lake""
https://www.water.go.jp/chubu/iwaya/

03:11 siegfrieda (Hagiwara)
http://www.siegfrieda.com/home

03:20 Gero Onsen Gassho Village (Gero Onsen)
http://www.gero-gassho.jp/saijiki/

03:23 Onsenji (Gero Onsen)
http://www.onsenji.jp/lightup/index.html

03:27 Suimeikan (Gero Onsen)
https://www.suimeikan.co.jp

03:33 Gero Onsen Fireworks Story (Gero Onsen)
https://www.city.gero.lg.jp/site/kanko/list82-254.html

03:42 Naegi Castle Ruins (Naegi)
https://www.city.nakatsugawa.lg.jp/kanko/miru/1/3753.html

03:53 Yuyamori Valley [Park] (Kawakami)
http://youmorikeikoku.com

04:02 Nakatsugawa City Fureai Farm (Ochiai)
https://fureai-farm.com/

04:16 Daikokuya Tea House (Magome)
https://kiso-magome.com/spots/19

04:19 Megurin Direct Sales Office (Sakamoto)
http://www.megreen.net/itigogari1.html

04:26 Kashimo Meijiza (Kashimo)
https://meijiza.jp/

04:38 Kosaka River Base (Kosaka)
https://osakanariverbase.com/content/67/

04:45 Gandate Gorge (Hida-Osaka)
http://hidaosaka-kanko.com/touristspots/232/

04:46 Gohei Mochi Making Experience (Mase)
https://www.jalan.net/kankou/spt_21585cc3360049472/activity/l0000094A2/

04:52 Kosaka Winter Waterfall Tour (Kosaka)
https://www.osaka-taki.com/tour_info/winnter-tour/index.html

05:07 Ontake Mountain (Kosaka)

ーーーーーーーーーーーーーーーーーーーーーーーーーー

Gero Onsen Tourism Association
https://www.gero-spa.com

Nakatsugawa Tourism Association
https://nakatsugawa.town

ーーーーーーーーーーーーーーーーーーーーーーーーーー
#Nakatsugawa #GeroOnsen #Tourism"
NiW-lV77-yvu2eSDfZa9n,https://www.youtube.com/watch?v=QGso7w5IiZI,EN,TWILIGHT EXPRESS 瑞風 in Hyogo Prefecture Kamitown【Welcome Twilight Express】,"JR West Japan luxury sleeper train 'TWILIGHT EXPRESS 瑞風' San'in course (downward) - A journey tracing the history of the painter Oukyo and the Meiji Restoration - From October 23, 2021, Daijoji (Oukyo-ji) in Kasumi, Kamitown, Hyogo Prefecture, facing the Sea of Japan, has become a stopover. Please take a look at the welcoming atmosphere of the town centered around the first day of operation. Produced by the Kamitown 瑞風 Acceptance Council (Secretariat: Kamitown Kasumi Tourism Association) ★Upcoming operation dates... February 3, 17 March 30 ★Expected arrival time at Kasumi Station... 15:03 ●Other operation dates (downward <Kasumi 17:49 arrival 18:04 departure>)... March 16 (upward <Kasumi passing around 12:20>)... January 23 February 2, 6, 20, 23 March 1, 13, 19, 26 April 2"
N1MvF7n6T9js19TlS5wbY,https://www.youtube.com/watch?v=UtKFBq8pA30,EN,Sunset Festival HINOMISAKI Shrine in IZUMO,"Located at the western end of the Shimane Peninsula, about 7km northwest of Izumo Taisha, this shrine has been said to be a shrine that protects the night.  At this sunset festival (Hinomisaki Shrine annual festival, Shinko Shinto ritual), we pray once a year to the setting sun from Fumishima, a sanctuary where only priests can set foot.

QPJ home page
https://www.qpj.design

Instagram 
https://www.instagram.com/qpj.design/

Facebook
https://m.facebook.com/profile.php?id=102124014584213&ref=content_filter

関連動画-Related videos

出雲大社 - IZUMONO OH YASHIRO
https://youtu.be/2PxotkEHds4

宮島　厳島　春　桜　Miyajima Itsukushima Spring Sakura(Cherry-Blossoms)
https://youtu.be/G6oM2pUrgno

瀬戸内「神の島」厳島仏閣　宮島　Setouchi “God’s Island” Itsukushima,Miyajima,Japan
https://youtu.be/yNgTKfwfXp4

#神社 #神道 #島根県 #日御碕 #日御碕神社 #夕日 #幻想的 #神秘的 #日本海 #日本 #文化 #出雲

#Shrine #Shinto #Shimane Prefecture #Hinomisaki #Hinomisaki Shrine #Sunset #Fantastic #Mysterious #Sea of ​​Japan #Japan #Culture #Izumo"
zT-r9A5Xh8C8FWyOLZMNi,https://www.youtube.com/watch?v=kSV8lWARkLU,EN,#4 Minpaku Nakano-ya (民宿　中の屋) [Toga Village],"Minpaku Nakano-ya
〒939-2516 Toyama Prefecture, Nanto City, Toga Village, Sakaue 551 TEL: 0763-68-2104
https://travel.rakuten.co.jp/HOTEL/51646/51646.html"
OXXNI9W5iTmcJijfTeJSc,https://www.youtube.com/watch?v=rwTGuuAxhNE,EN,SORATABI LIFE 金沢ツアー,A journey that can only be done now. A journey you want to share. A cute airplane trip with Soratabi Life ♡
HoV8bHVuFcNRAiWpcFAtg,https://www.youtube.com/watch?v=7efM4pNOilU,EN,KANSAI JAPAN Fukui Kyoto Shiga in 8K HDR - 福井 京都 滋賀,Learn more about Kansai: https://www.the-kansai-guide.com/en/
Hd_S_R3hQcdRGRZhpAJkD,https://www.youtube.com/watch?v=QeJhNgUnkUU,EN,"Maruyama Senmaida (Kumano City, Mie Prefecture) - A Breathtaking Curvilinear Beauty Selected as One of the 'Top 100 Terraced Rice Fields in Japan' | Official Mie Tourism","Maruyama Senmaida (まるやませんまいだ) in Kumano City, Mie Prefecture, is registered as a 'Future Heritage Project' by the Japan UNESCO Association and has also been selected as one of the 'Top 100 Terraced Rice Fields in Japan'.
Beautiful landscapes and tourist attractions are always supported by the presence of people. This time, we visited those involved in the restoration and preservation of 'Maruyama Senmaida' to learn about the beauty behind it.

〇 A breathtaking curvilinear beauty selected as one of the 'Top 100 Terraced Rice Fields in Japan'. A spectacular view 'Maruyama Senmaida' born from nature, protected and passed down by people.
https://www.kankomie.or.jp/topics/detail_202_0.html

*This video is a digest version of the program aired on Mie TV's 'Mie Prefecture Support Group' on July 2, 2019.
Full size is here → https://youtu.be/yMrbdmKnVKk

〇 Maruyama Senmaida Coverage Report: A spectacular view where Japan's original scenery remains 'Maruyama Senmaida'. Why not take your camera and go out?
https://www.kankomie.or.jp/report/detail_532.html

【Official Mie Tourism SNS】
Official Facebook: https://facebook.com/kankomie.or.jp 
Official Instagram: https://instagram.com/kankomie/ 
Official Twitter: https://twitter.com/kankomie
Official TikTok: https://www.tiktok.com/@kankomie

【Recommended Tourist Information in Mie Prefecture】

For tourism, travel, events, and accommodation reservations in Mie Prefecture, visit the official site of the Mie Prefectural Tourism Federation 'Mie Tourism'!
https://www.kankomie.or.jp/

Request for tourist brochures
https://www.kankomie.or.jp/form/pamphlet.html

10 Must-See Spots in Mie Tourism
https://www.kankomie.or.jp/report/detail_483.html

Quick Guide to Mie's Attractions
https://www.kankomie.or.jp/hayawakari/index.html

Tourism and travel information for Ise-Shima, including Ise Jingu, Naiku, Geku, and Okage Yokocho 'First Time Visiting Ise: Walking in Ise-Shima'
https://www.kankomie.or.jp/special/iseshima/

Perfect for Girls' Trips! 7 Recommended Spots for Ise Tourism
https://www.kankomie.or.jp/report/detail_493.html

Special Feature on Okage Yokocho! Detailed introduction of 31 popular spots for gourmet, souvenirs, and experiences
https://www.kankomie.or.jp/season/article_134.html

Hotels, accommodations, and model courses in Ise, Toba, and Shima
https://www.kankomie.or.jp/special/iseshima/course/

Special Feature on Mie's Gourmet! Introducing recommended shops from Ise lobster and Matsusaka beef to local soul food!
https://www.kankomie.or.jp/season/detail_194.html

Thorough explanation of Nagashima Spa Land! Introducing popular thrilling attractions and nearby popular facilities you want to visit together!
https://www.kankomie.or.jp/report/detail_554.html

Experience authentic car racing at Suzuka Circuit!! Full of excitement and relaxation!
https://www.kankomie.or.jp/report/detail_270.html

Enjoy Shima Spain Village to the fullest! Special feature on Spain Village! Detailed introduction of attractions and access
https://www.kankomie.or.jp/season/detail_196.html

Time slip to the Sengoku period at 'Ise Ninja Kingdom (formerly Ise Azuchi Momoyama Castle Town)'!
https://www.kankomie.or.jp/report/detail_257.html

Introducing Toba Aquarium in detail! Of course, including dugongs, access, fees, discount tickets, and parking information!
https://www.kankomie.or.jp/report/detail_213.html

Have fun at Moku Moku Handmade Farm (Iga City)! A popular agricultural park close to Osaka and Kyoto, where we experienced lunch buffets, milking, and sausage making!
https://www.kankomie.or.jp/report/detail_207.html

Let's go see the ama performance at Mikimoto Pearl Island! We will also report on the museum, pearl shop, parking, and access information.
https://www.kankomie.or.jp/report/detail_227.html

Comfortable boat trip from Tomei Expressway to Ise-Shima! A clear report on how to ride the Ise Bay Ferry and its attractions!
https://www.kankomie.or.jp/report/detail_633.html

Mola Mola, penguins, ama!? A unique aquarium 'Shima Marineland' with some unusual performances, including fees and access
https://www.kankomie.or.jp/report/detail_169.html

Experience an emotional starry sky observation and aesthetic experience at Menard Aoyama Resort! A relaxing mother-daughter trip
https://www.kankomie.or.jp/report/detail_290.html

Recommended hot spring feature in Mie Prefecture
https://www.kankomie.or.jp/season/detail_47.html

First Time Walking the Kumano Kodo - Ise Route
https://www.kankomie.or.jp/special/kumanokodo/index.html

Walking in the Hometown of Ninjas 'Iga Nabari'
https://www.kankomie.or.jp/special/iganabari/

A journey woven through stories 'Mononohaware Chunansei Monogatari'
http://story.kankomie.or.jp/index.php

Casually exploring North Ise | Web magazine for the Hokusei area of Mie Prefecture
https://kitaise.kankomie.or.jp/

Historical exploration and gourmet journey in a castle town 'Walking in Matsusaka'
https://www.kankomie.or.jp/special/matsusaka/index.html

Walking in Sekijuku - Tokaido Sekijuku in Kameyama City, Mie Prefecture, tourism and travel information site
https://www.kankomie.or.jp/special/sekijuku/

A journey of prayer connecting the two sacred places in 'Kumano', a land where gods dwell
https://www.kankomie.or.jp/special/kumano/index.html

A journey to stay while touring World Heritage 'Walking the Kumano Kodo River Pilgrimage Path'
https://www.kankomie.or.jp/special/kihou/index.html

【Official Mie Tourism SNS】
Official Facebook: https://facebook.com/kankomie.or.jp 
Official Instagram: https://instagram.com/kankomie/ 
Official Twitter: https://twitter.com/kankomie
Official TikTok: https://www.tiktok.com/@kankomie

*When traveling or sightseeing in Mie Prefecture, please adhere to the 'New Travel Etiquette' to avoid the risk of infection from COVID-19 and enjoy a safe and secure trip.
https://www.kankomie.or.jp/report/detail_662.html"
_Yfodt8y58FebEm6kr9gE,https://www.youtube.com/watch?v=Ahgx21eJ7YQ,EN,"[4K] [Nature] Untapped Beauty - YORON Island, Japan | 与論島","Learn more http://www.yorontou.info/
Official Instagram https://www.instagram.com/yoron_island_official/

Blue beaches and blue skies - welcome to ""Yoron Blue"".
Water so clear, you see right through it. The ocean and sky blend together to create true bliss.  Experience the unique island culture, food and people in your next unforgettable adventure.

Blue seas and skies.
Yoron Island, overflowing with ""Yoron Blue"".
An experience of healing amidst breathtaking views where the sea is so clear that shadows are cast on the seabed,
and the ocean and sky merge together, enriching your vacation with the island's culture, cuisine, and warm-hearted people, creating special memories.

Created by 81plus https://81plus.jp/"
Vje2R9JKa1jmdajCnvats,https://www.youtube.com/watch?v=a3IXP2H3BSA,EN,【歴史 Historical Places】BREATHTAKING KAGOSHIMA〜心奪われる鹿児島〜,"#Kagoshima #Saigo #kagoshima

Kagoshima was once Japan's gateway to Asia and the Western world. Feel the echoes of Kagoshima's deep history living with active volcanoes and interacting with different cultures in the daily lives of local people today.

【BREATHTAKING KAGOSHIMA～心奪われる鹿児島～】
https://kagoshima-trip.jp/breathtaking/

その他の動画はこちら

●鹿児島（Kagoshima)
https://youtu.be/94K0NK8ivcI
●温泉 (Hot springs)
https://youtu.be/wzByRRz5hDE
●食 (Food)
https://youtu.be/a0gQl85L82I
●屋久島 (Yakushima)
https://youtu.be/xicxziXpAto
●奄美大島　徳之島 (Amami Oshima&Tokunoshima)
https://youtu.be/RP6aSx67lUo

●Special 30秒 (Special 30 seconds)
https://youtu.be/ppMUvGWmqfA
●Special 60秒 (Special 60 seconds)
https://youtu.be/OwhWxkw_f1U"
q1O-RLzGTwhtzSlOCcYtd,https://www.youtube.com/watch?v=bZohFt7UFBc,EN,"with Nature "" The Grace of Japan, TOCHIGI "" 30 sec","The Grace of Japan, Tochigi” Where its peaceful nature and
majestic historical culture will melt your heart.

日本の品格を静かに保ち続ける栃木県。荘厳な文化、豊かな大自然、そして美意識。心の豊かさを上質に満たす。

- Visit Tochigi -
https://www.visit-tochigi.com/

チャンネル登録
https://bit.ly/3Iawwe5"
9Gb4lJykCEPuFye9peBEG,https://www.youtube.com/watch?v=svqzmWapL0k,EN,Tsugaru Nuri（津軽塗） Brand Movie,"Tsugaru nuri, the traditional crafts of Hirosaki city, Aomori prefecture, Japan.

Tsugaru nuri, from over 300 years ago, have been handed down to the present by its long history up to today to the craftsmen’s patience, hard work, and their aesthetic eyes for beauty.

From painting the surface of Cypress tree, and repetition of sharpening and polishing, the solid and elegant lacquer ware is completed after a long process of over forty steps for more than two months. It is also called “Baka nuri” meaning Foolish painting, because of the long careful process.

This movie shows the handworks of craftsmen, and four types of techniques ""Kara-nuri"", ""Nanako-nuri"", ""Monsha-nuri"", and ""Nishiki-nuri"" with the beauty of the Tsugaru district."
pCH-JPVx-esrgOI1vrH_C,https://www.youtube.com/watch?v=V39G6FUQaz8,EN,"Kusatsu Onsen, JAPAN - Summer - 4K (Ultra HD) / 草津温泉","Learn more http://www.kusatsu-onsen.ne.jp/guide/en/
草津温泉 HP http://www.kusatsu-onsen.ne.jp/
Facebook page  https://www.facebook.com/Kustatsu-Onsen-Tourism-Association-486478148144160/
Official ebook https://www.smashwords.com/books/view/656812

PL / DP / ED : Yuki Eikawa
Music : ""Precious"" by [.que] Nao Kakimoto
PR : Yoji Nomura
PM : Motonari Baba
Production : 西日本新聞メディアラボ"
zUuHm1_d4DyEIn0j7QoUY,https://www.youtube.com/watch?v=CjOCF9EhjEM,EN,Yubatake -Symbol of KusatsuOnsen- 湯畑,
FzE2pjuL27uFxeoKtTW34,https://www.youtube.com/watch?v=4a1q5aC_PIc,EN,Breath of OKINAWA - Okinawa [4K] Short ver.,"#Okinawa #okinawa #4K
Okinawa is the only prefecture in Japan where the entire prefecture belongs to the subtropical zone. The blue of the ocean and sky, the deep green of the World Natural Heritage forests, and the madder colors of the sunset over the ocean are just a few of the vivid colors that surround you. Discover Okinawa you have not yet known.

--------------------
Cinematographer
totty（cinevixion）

Creative Director
Osamu Miyajima

Producer
Takuma Yoshiyama

Location
Okinawa Main Island, Tokashiki Island, Ishigaki Island, Iriomote Island

--------------------
■Breath of OKINAWA - Okinawa [4K] Long ver.
https://www.youtube.com/watch?v=DBg4vEkygak

■万国津梁 琉球王国の歴史
https://youtu.be/6SJqJhcTR2c?si=i7tRr9mzRRMk2LZK

■Bankoku Shinryo Ryukyu Kingdom History
https://youtu.be/jPZjJnIcBEY?si=tJJ2It_qzHqNLUjS

■何度でも新しいおきなわ 4K
https://youtu.be/stDgwKlfgOk?si=BO1k32PYaw5hx3r2"
lpi7ns6tQQVEMVvc5Kwf1,https://www.youtube.com/watch?v=neWJ5aIx_0c,EN,Kitakyushu 'E' World: 'E' ~ Shine ~,"This city is full of 'E' landscapes!
We introduce special scenery captured through five keywords starting with 'E',
accompanied by wonderful music!
The fourth keyword is 'E' ~ Shine ~.
'E' is written as 映, which means to shine or to appear beautifully.
With captivating contrasts and an immersive otherworldly feel,
the night city becomes a picture.
Now, let's embark on a journey into the Kitakyushu 'E' world.

● Here is the 'E' Kitakyushu website:
https://www.city.kitakyushu.lg.jp/kouhou/08300281.html

――――――――――――――――――――――――――――
The official Kitakyushu City Instagram 'Sukiccha Kitakyushu' is reposting and showcasing
captivating photos of Kitakyushu City!
If you have an Instagram account,
please add the hashtag 'Sukiccha Kitakyushu' to your posts!♪

● Official Kitakyushu City Instagram 'Sukiccha Kitakyushu'
https://www.instagram.com/city.of.kitakyushu

《Kitakyushu City Homepage》 https://www.city.kitakyushu.lg.jp/"
UKvSNAs-K9eXnzryu9TPK,https://www.youtube.com/watch?v=roE2cyCKDT0,EN,"Co-existing with nature in Kushiro, Akan, Mashu and Kawayu(short ver.) -Untouched HOKKAIDO 2023-","Untouched Hokkaido - 水のカムイ観光圏
[Japanese website] https://untouchedhokkaido.jp
[English website] https://untouchedhokkaido.jp/en/

Facebook: https://www.facebook.com/untouchedhokkaido/
Instagram: https://www.instagram.com/untouched_hokkaido

The area of East Hokkaido where you'll find the Kushiro Shitsugen Wetland, Lake Akan and Lake Mashu is a shining jewel of natural beauty. The indigenous Ainu people believe that Kamuy (deity) dwells in everything, and treasure a symbiotic relationship with the waters' natural bounty.
This belief continues to thrive in this historically and geographically unique land, which is home to countless species of wildlife, including the incredibly rare Blakiston's fish owl. Visit in winter to see red-crowned cranes, Steller's sea eagles and white-tailed eagles.
Welcome to Untouched Hokkaido, a land of natural beauty that has been preserved since ancient times.
歴史的・地理的に、ユニークな場所である東北海道は、⽇本でありながら北⽶プレートに位置するため、その植⽣はとてもに珍しい種類で溢れている。この⼟地だからこそ出逢える希少な野⽣⽣物、そして多くの⽣き物が暮らす⽇本の国⽴公園はその⾃然と共⽣する地元の⼈々がずっと昔から守りぬいてきた『⾃然が⼿付かずで残る場所（Untouched
Hokkaido）』。 東北海道、この地域は豊かな清流でつながっており、日本の特別天然記念物でもある、優雅で美しいタンチョウが住んでいる。北海道の先住民族であるアイヌの言葉で、タンチョウはサロルンカムイ（湿原に住む神）と呼ばれていた。
水は生命を育みながら、魔法をかけられたようにさまざまなカタチに変化する。

#HOKKAIDO #JAPAN #Adventure"
e-oGirnvQSBFMs4--ejKx,https://www.youtube.com/watch?v=xqa4FOd-kNw,EN,"Glimpses of NARA, Japan - そらにみつ あをによし -奈良 観光 秋-","Nara self-produced tourism PR video (English and Traditional Chinese subtitles are planned to be added)
a movie story about traveling in Nara (English and Traditional Chinese subtitles are available. Maybe I'll add subtitles in a month…)

Nara is the final destination of the Silk Road. I am traveling to the ancient capital Nara, which is different from the gorgeousness of Kyoto.

── a Film by
Create｜ Daiki Kubota
Title Works｜ Shokei Yamanaka
Voice｜ Toko Unno
EN Translate｜ Rina Takaki
TW Translate｜ Bakuzen Wang
Special Thanks｜ Kimi Okahashi

── Location
0:01　Sea of clouds in NOSEGAY Village　野迫川村的雲海
*The weather conditions were favorable for the formation of sea of clouds due to rain the previous day.

0:17　HASEDERA Temple　長谷寺
*Filming was done with permission.

0:58　ASUKA Village　明日香村

1:12　Coffee House MISONO　珈琲の館 御園

1:38　TAKAMATSUZUKA Tumulus Mural Paintings　高松塚古墳壁画
*It is said that the Suzaku has not survived due to the effects of looting. The Kitora Tumulus, located near Takamatsuzuka, has murals of the Four Symbols, so it would be nice to visit both.

2:13　TANZAN JINJA Shrine　談山神社

3:14　SONI Highland　曽爾高原
*From the Manyoshu: ""In the autumn fields, counting the flowers that bloom, I find seven kinds of flowers.""
""Hagi flowers, obana, kuzu flowers, kumagiku flowers, onobana, and also fuji-bakama, asagao flowers"" (from Yamanoue no Okura, Volume 8, 1537-1538)

3:53　DOROGAWA ONSEN Kohryokuen Nishisei　洞川温泉 光緑園西清

4:12　MITARAI Valley　みたらい渓谷

Thank you all for granting permission for filming.

── Music (from Artlist)
Claude Debussy - Clair de Lune from ""Suite Bergamasque""

── Gear
sony α7siii + fx3
zeiss batis 25mm,40mm,85mm
sigma macro 105mm
dji mini 3 pro
dji ronin sc
gitzo traveler

© 2023 kangaroofilm."
lZslDMmSfCoFvQZV9DUJW,https://www.youtube.com/watch?v=U4PqKWlhZrM,EN,Okayama 岡山｜JAPAN - Kitagi-shima island! -,"Let’s go cycling around a Japan Heritage, Kitagi-shima Island, also known as “Stone Island” to experience thrilling lookout and stunning rock views.
It is a one-hour ferry ride to the island while looking out to the beautiful Seto Inland Sea. You can fully enjoy the island even in a day trip. It offers a plenty of attractive spots such as sceneries reminding of Guilin or Venice, and spectacular quarry sites!

9:25 Board ferry departing from Fushigoe-ko Port, Kasaoka
Single ticket: JPY 550/person
　　↓
10:28 Arrival at Toyoura-ko Port, Kitagishima (Kitagi Island)
　　↓Rent a bike at K’s LABO, JPY 800 each for 3-8 hour use
Highlight: Photo spot
　　↓20 minutes on the rented bike
Lunch: Ramen noodle at “Minatoya” restaurant
Highlight: Enjoy an exclusive Ramen with “Kamenote” broth! The restaurant serves Ramen using that the stock is taken with “Kamenote”, a kind of or Japanese goose barnacle (scientific name: Capitulum mitella) for the broth. The unique name “kamenote” comes from its similarity with turtles’ paws (Japanese names for: turtle=Kame and, paw=Te).
　　↓20 minutes on the rented bike
Visit to Hikari Cinema, a former movie theater
　　↓1 minute on the rented bike
Ishikiri no Tani (Stonecutting Valley) viewpoint
Admission fee: JPY 1,000/person（Hours: 12:00-13:00 on weekdays and 11:00-13:00 on Saturday, Sunday and public holidays)
　　↓5 minutes on the rented bike
“Venice” of the Kitagi
Highlight: Photo spot
　　↓
“Guilin” of the Kitagi
Highlight: Photo spot
　　↓
Return bikes to K’s LABO and have a break at the café
Highlight: Ocean view café
　　↓5 minute walk
“Möbius strip” stone sculpture
Highlight: Photo spot
　　↓5 minute walk
16:26 Board ferry departing from Toyoura-ko Port, Kitagishima (Kitagi Island)
Single ticket: JPY 550/ person
　　↓
17:26 Arrival at Fushigoe-ko Port, Kasaoka

◆HP・SNS info
【HP】Okayama Prefecture Official Tourism Guide ""Explore Okayama""
▶▶https://www.okayama-japan.jp/en/ (English)
▶▶https://www.okayama-japan.jp/tw/ (Traditional Chinese)
▶▶https://www.okayama-japan.jp/ko/ (Korean)
▶▶https://www.okayama-japan.jp/th/ (Thai)
▶▶https://www.okayama-japan.jp/fr/ (French)
▶▶https://www.okayama-japan.jp/de/ (German)

【Facebook】
▶▶https://www.facebook.com/okayama.eng/ (English)
▶▶https://www.facebook.com/okayama.tw/ (Traditional Chinese/Taiwan)
▶▶https://www.facebook.com/okayama.hk/ (Traditional Chinese/Hong Kong)
▶▶https://www.facebook.com/okayama.kr/ (Korean)
▶▶https://www.facebook.com/okayama.thai/ (Thai)
▶▶https://www.facebook.com/okayama.fr/ (French)

【Instagram】
▶▶https://www.instagram.com/okayamakr/ (Korean)
▶▶https://www.instagram.com/okayama.th/ (Thai)
【Blog】
▶▶https://blog.naver.com/okayamap (Korean)

#Japantrip #Okayamatrip #Onlinetrip #Okayama #Kasaoka #Kitagishima-island

––––––––––––––––––––––––––––––
Freedom by Roa https://soundcloud.com/roa_music1031
Creative Commons — Attribution 3.0 Unported — CC BY 3.0
Free Download / Stream: https://bit.ly/-_freedom
Music promoted by Audio Library https://youtu.be/vJdHGwJKMwY
––––––––––––––––––––––––––––––

Track Info:

Title: Freedom by Roa
Genre and Mood: Holiday + Happy"
YoOzN0nP9V2_uEdkSgoo3,https://www.youtube.com/watch?v=WAt5a3sFUn8,EN,FOOD CULTURE OF MIYAZU CITY ～宮津の食文化～,"The blessings of The Sea of Japan, the finest seafood that Tango is so proud of

Special sake brewing which takes full advantage of the rich natural environment

Please visit Miyazu, where high-quality food culture is rooted.

天橋立観光協会HP ▶ https://www.amanohashidate.jp/
#宮津市　#観光　#天橋立　#食　#食文化"
y85ZOcm-oDObHSJTdtguk,https://www.youtube.com/watch?v=HDW2aa-tizc,EN,Enchanting Tokyo HACHIJOJIMA Island (Full ver.)／八丈島,"Hachijojima Island, which is less than an hour’s flight from Tokyo, is an island where you can enjoy the great outdoors.
With one of the highest precipitation rates in Japan, Hachijojima has its own unique environment including giant ferns and potholes carved into the rock by ever-flowing spring water.
On the island, you can enjoy hiking as well as running and fishing.
After enjoying physical activities, visitors can relax in a natural hot spring surrounded by rich nature, making it the perfect environment for a refreshing weekend getaway.

Access
・Airplane (Haneda Airport-Hachijojima Airport) 3 flights/day [approximately 55 minutes, one way]
・Boat (Takeshiba Pier, Tokyo- Hachijojima, Sokodo or Yaene Port): Runs daily [10 hours and 20 minutes, one way]

Hachijojima Tourist Information
https://www.gotokyo.org/en/destinations/izu-and-ogasawara-islands/hachijojima-island/index.html

東京から飛行機で1時間弱で到着する八丈島は、大自然と向き合える島です。
日本でも降水量がトップクラスとなる八丈島は、巨大なシダ植物や、枯れることのない湧水によって岩盤が削られたポットホールなど独自の自然を育んでいます。
島ではトレッキングはもちろんランニングや釣りなども楽しめます。
身体を動かすアクティビティを楽しんだ後は、豊かな自然に囲まれた天然温泉でリラックスすることができ、週末のリフレッシュには最適な環境です。

アクセス
・飛行機（羽田空港－八丈島空港）：1日3便［片道約55分］
・船（東京・竹芝桟橋－八丈島・底土または八重根港）：毎日運航［片道約10時間20分］

八丈島観光情報
https://www.gotokyo.org/jp/destinations/izu-and-ogasawara-islands/hachijojima-island/index.html

#drone #japan #tokyo #hachijojima #izu #island #enchanting #travel #trip #ドローン #空撮 #八丈島 #絶景"
Jg27vhadZKKaQPOyEb3O0,https://www.youtube.com/watch?v=-aHXAN8YXXo,EN,Enchanting Tokyo AOGASHIMA Island (Full ver.)／青ヶ島,"Aogashima Island, located 358 kilometers (222 miles) south of urban Tokyo in the Pacific Ocean, was the only Japanese location selected as the “World’s Top 13 Most Beautiful Views to See Before you Die” by a US-based NGO, thereby attracting attention from around the world.
The video “Enchanting Tokyo AOGASHIMA Island” introduces the unique landscape of the island, including the world-famous double caldera and geothermic “hingya” steam eruptions.
The video also explores the island’s way of life and beliefs that coexist in harmony with nature.

Access
・Helicopter (Hachijojima Airport-Aogashima Heliport): 1 flight/day [20 minutes, one way]
・Boat (Hachijojima, Sokodo or Yaene Port-Aogashima, Sanpo Port): 4-5 trips weekly [2 hours and 30 minutes, one way]

Aogashima Tourist Information
https://www.gotokyo.org/en/destinations/izu-and-ogasawara-islands/aogashima-island/index.html

東京から南に358㎞離れた太平洋上に浮かぶ青ヶ島は、アメリカ・環境保護NGOによって「死ぬまでに見るべき世界の絶景13選」に日本で唯一選出（2014年）され、世界中から注目を集めています。
Enchanting Tokyo AOGASHIMA Island（動画）では、世界的にもめずらしい二重カルデラや、地熱によって水蒸気が噴出する「ひんぎゃ」など、他には見られない景観を紹介しています。
さらに、自然と共生する島のくらしや、信仰などにも迫っています。

アクセス
・ヘリコプター（八丈島空港－青ヶ島ヘリポート）：1日1便［片道約20分］
・船（八丈島・底土または八重根港－青ヶ島・三宝港）：週4・5回［片道約2時間30分］

青ヶ島観光情報
https://www.gotokyo.org/jp/destinations/izu-and-ogasawara-islands/aogashima-island/index.html

#drone #volcano #japan #tokyo #aogashima #izu #island #enchanting #travel #trip #ドローン #空撮 #火山 #青ヶ島 #絶景"
kB0zeyK34RUBVBerLhgGX,https://www.youtube.com/watch?v=YCjbJvwsbmc,EN,ART&FACTORY JAPAN  TRAILER,"WEB SITE
https://etooto.jp/

第3回日本国際観光映像祭は世界の映像クリエイターたちと観光映像のあり方を模索するために、ART&FACTORY JAPANを開催いたします。

Japan World's Tourism Film Festival will open, ""ART&FACTORY JAPAN."" This aim is to explore the possibility of future in Tourism Film and digital marketing by means of contest with creators from all over the world. (You can see subtitle by YouTube tab. )
　
これはポルトガルの観光映像祭、ART&TURが始めた新しい形のコンテストであり、世界各国のクリエイターたちを観光地に招待し、その地域の課題解決のために、短期間で映像を制作する企画です。

今年はCOVID-19の拡大を踏まえて、日本からのクリエイターを招待します。開催地は鹿児島県与論町です。

作家たちは2021年2月に3泊4日で与論島に滞在し、それぞれの力量を発揮した観光映像を制作します。そして京都の清水寺で開催される第3回日本国際観光映像祭でプレミア上映し、コンテストを行います。

詳細は日本国際観光映像祭のホームページでご確認ください。
https://jwtff.world

Japan World's Tourism Film Festival will open, ""ART&FACTORY JAPAN."" This aim is to explore the possibility of future in Tourism Film and digital marketing by means of contest with creators from all over the world. 

Japan World's Tourism Film Festival will open, ""ART&FACTORY JAPAN."" This aim is to explore the possibility of future in Tourism Film and digital marketing by means of contest with creators from all over the world.

This is a new type of contest initiated by ART&TUR, the Portuguese tourism film festival, which invites creators from all over the world to a tourist destination to create a short film to solve a problem in that area.

This year, based on the expansion of COVID-19, creators from Japan will be invited. The event will be held in Yoron town, Kagoshima prefecture.

The artists will stay on Yoron Island for 4 days and 3 nights in February 2021 and produce a tourism film that demonstrates their respective abilities. The films will then be premiered at the 3rd Japan International Tourism Film Festival at Kiyomizu Temple in Kyoto, where a competition will be held.

For more information, please visit the Japan World's Tourism Film Festival website.
https://jwtff.world"
fd-rc18Tw30kZjQFYMp4z,https://www.youtube.com/watch?v=PIqmU-6i4IE,EN,【Ibusuki City】Katsuobushi〈Bonito Flake〉 factory tour（鰹節工場見学）,"～Katsuobushi (Bonito Flake) factory tour～
Observe the bonito flakes manufacturing process, enter the -50℃ freezer, sample bonito flakes and bonito soup

■Contact information
Ibusuki sightseeing & experience group
https://www.ibusukikankoutaiken.com/"
dk0WSbrapimv8_gniiqx4,https://www.youtube.com/watch?v=nBKCuZWilxk,EN,KIPPUSHI  -WATER NEIGHBORHOOD- 盛岡市木伏緑地,"WEB SITE
https://etooto.jp/

JR盛岡駅北口から徒歩4 分。
豊かな緑と空が広がる、北上川沿いの約200 メートルの帯状の公園が木伏緑地。
楽しみたい人が集まれば
いつのまにか「ここにしかない風景」が生まれる。"
XhHFSGxjMZavfoZxUS1ky,https://www.youtube.com/watch?v=wnIdRMcbOUs,EN,【Ibusuki City】Chotaro ware pottery experience・White Satsuma painting experience（長太郎焼陶芸体験・白薩摩絵つけ体験）,"～Chotaro ware pottery experience～
Hand-made pottery for cups or plates (finished product will be delivered after 1 month)

～White Satsuma painting experience～
Paint on a cup or plate (work will be delivered after 1 month)

■Contact information
Ibusuki sightseeing & experience group
https://www.ibusukikankoutaiken.com/"
6p203NcTdFhTw3XNc4gcg,https://www.youtube.com/watch?v=-j45L2Z-JP4,EN,【Ibusuki City】Seiryuji Temple Cultural Experience（青隆寺）,"～Seiryuji Temple Cultural Experience～
Walking around Seiryuji garden, sutra copying experience, meditation experience

■Contact information
Ibusuki sightseeing & experience group
https://www.ibusukikankoutaiken.com/"
lR9lDixrru3R-FgCb7o8B,https://www.youtube.com/watch?v=W3dcfhT5g5w,EN,[09_Unique Venue ユニークベニュー] Technical Visit & Unique Venue –Journey to Nagoya-,"This is a promotional video created by the Aichi-Nagoya MICE Promotion Council, featuring unique venues that represent the history, culture and technology of the region.
Through this video, you will feel the atmosphere of the venues and will learn about the highlights.
Please take a look!

* Aichi-Nagoya MICE Promotion Council consists of the Aichi Prefectural Government, the City of Nagoya, the Nagoya Convention & Visitors Bureau, and MICE-related stakeholders in Aichi-Nagoya.

The Aichi-Nagoya MICE Promotion Council, composed of the Aichi Prefectural Government, the City of Nagoya, the Nagoya Convention & Visitors Bureau, and other stakeholders, has created a promotional video showcasing the unique venues that symbolize the history, culture, and technology of this region.
The video captures the atmosphere of the facilities and allows you to experience their charm, so please take a look!"
9MmXkvPXdZhqTG2LVJ107,https://www.youtube.com/watch?v=wWDJfRDx1Ug,EN,[ver.POP] AICHI Japan in 8K - 愛知県,"Learn more about Aichi
https://www.heart-of-japan.jp/

Shooting locations are below

00:00 Nagoya Castle 名古屋城
00:11 Atsuta Jingu Shrine 熱田神宮
00:23 Misonikomiudon 味噌煮込みうどん
00:38 Arimatsu Narumi Traditional Townscape 有松･鳴海の古い町並み
00:50 Sushi 鮨
01:04 Osu Shopping District 大須商店街
01:12 Kojakuji Temple 香積寺
01:17 Korankei Gorge 香嵐渓
01:26 Nagoya Textile 名古屋友禅
01:35 Tokugawaen Garden 徳川園
01:43 Ramen ラーメン
01:53 Thousand Rice Paddies of Yotsuya 四谷の千枚田
01:59 Mt. Horaiji 鳳来寺山
02:04 Tokoname-yaki Pottery 常滑焼
02:18 Daijuji Temple 大樹寺
02:26 Atera-no-Nanataki Waterfall 阿寺の七滝
02:29 Manekineko Museum 招き猫ミュージアム
02:34 Nagoya Port Garden Pier 名古屋港ガーデンふ頭
02:40 Toyota Automobile Museum トヨタ博物館
03:00 Cityscape around Nagoya Station 名古屋駅周辺の街並み

Director, Editor: Yuki Eikawa
Photographer: Takashi Matsumura
Aerial Photographer: Motonari Baba"
85cQV0ydH7U66cnVWtumS,https://www.youtube.com/watch?v=VOAQv-ia39A,EN,[ver.DEEP] AICHI Japan in 8K - 愛知県,"Learn more about Aichi
https://www.heart-of-japan.jp/

Shooting locations are below

00:00 Oasis 21 オアシス21
00:10 SCMAGLEV and Railway Park リニア･鉄道館
00:33 Toyokawa Inari (Toyokawa Kaku Myogonji Temple) 豊川稲荷 (豊川閣妙厳寺)
00:47 Takeshima Island 竹島
00:58 Cape Irago 伊良湖岬
01:06 large Clams 大あさり
01:19 Cape Irago 伊良湖岬
01:21 Tokoname Pottery Footpath 常滑やきもの散歩道
01:32 Hitsumabushi ひつまぶし
01:44 Inuyama Castle 犬山城
01:52 Toyohashi Hude 豊橋筆
02:02 Owari Okunitama Shrine 尾張大国霊神社
02:09 Tenmusu 天むす
02:18 Kakukyu Hatcho Miso (Hatcho Miso-no-Sato) カクキュー八丁味噌 (八丁味噌の郷)
02:25 Miso-Katsu 味噌カツ
02:35 Chiiwa Gorge 乳岩峡
02:41 Kishimen きしめん
02:57 Exploration of Sericite Mine セリサイト鉱山探検
03:06 Nagoya Cochin 名古屋コーチン
03:14 Ankake Spaghetti あんかけスパゲッティ
03:23 Sakae Cityscape 栄の街並み

Director, Editor: Yuki Eikawa
Photographer: Takashi Matsumura
Aerial Photographer: Motonari Baba"
bwt1JWppweZQUgUtbWqBs,https://www.youtube.com/watch?v=InZG4uRAJUE,EN,"[Aichi-Nagoya Technical Visit] Sugiseika Co., Ltd. スギ製菓株式会社","This is a promotional video created by the Aichi-Nagoya MICE Promotion Council, featuring a company that visitors can tour and learn about the industry.
Through the actual tour with the staff’s interview, you will feel the atmosphere of the inspection site and the attractiveness of technical visit unique to this region.
Please take a look!

* Aichi-Nagoya MICE Promotion Council consists of the Aichi Prefectural Government, the City of Nagoya, the Nagoya Convention & Visitors Bureau, and MICE-related stakeholders in Aichi-Nagoya.

愛知県、名古屋市、名古屋観光コンベンションビューロー等で構成する愛知・名古屋ＭＩＣＥ推進協議会では、産業視察の受け入れが可能な企業等の視察の様子及び受入先担当者へのインタビューをまとめたプロモーション動画を作成しました。
視察先を実際に巡っている様子をもとに、視察先の雰囲気や、当地域ならではのテクニカルビジットの魅力をご体感いただける内容となっておりますので、ぜひご覧ください！"
UWG2HmO3n5uQUn9V_Gyl-,https://www.youtube.com/watch?v=TzqXeH-k4kM,EN,[Aichi-Nagoya Technical Visit] HOTTASHINGORO 堀田新五郎商店,"This is a promotional video created by the Aichi-Nagoya MICE Promotion Council, featuring a company that visitors can tour and learn about the industry.
Through the actual tour with the staff’s interview, you will feel the atmosphere of the inspection site and the attractiveness of technical visit unique to this region.
Please take a look!

* Aichi-Nagoya MICE Promotion Council consists of the Aichi Prefectural Government, the City of Nagoya, the Nagoya Convention & Visitors Bureau, and MICE-related stakeholders in Aichi-Nagoya.

愛知県、名古屋市、名古屋観光コンベンションビューロー等で構成する愛知・名古屋ＭＩＣＥ推進協議会では、産業視察の受け入れが可能な企業等の視察の様子及び受入先担当者へのインタビューをまとめたプロモーション動画を作成しました。
視察先を実際に巡っている様子をもとに、視察先の雰囲気や、当地域ならではのテクニカルビジットの魅力をご体感いただける内容となっておりますので、ぜひご覧ください！"
KNg2DpX6BW6OAHhgusIvC,https://www.youtube.com/watch?v=cxLr15UTi4Y,EN,Technical Visit & Unique Venue –Journey to Aichi-,"This is a promotional video created by the Aichi-Nagoya MICE Promotion Council, featuring companies that visitors can tour and learn about the industry.
Through the actual tour with the staff’s interview, you will feel the atmosphere of the inspection site and the attractiveness of technical visits unique to this region.
Please take a look!

* Aichi-Nagoya MICE Promotion Council consists of the Aichi Prefectural Government, the City of Nagoya, the Nagoya Convention & Visitors Bureau, and MICE-related stakeholders in Aichi-Nagoya.

愛知県、名古屋市、名古屋観光コンベンションビューロー等で構成する愛知・名古屋ＭＩＣＥ推進協議会では、産業視察の受け入れが可能な企業等の視察の様子及び受入先担当者へのインタビューをまとめたプロモーション動画を作成しました。
視察先を実際に巡っている様子をもとに、視察先の雰囲気や、当地域ならではのテクニカルビジットの魅力をご体感いただける内容となっておりますので、ぜひご覧ください！"
XG0abndjbsAWSuHyvwaVa,https://www.youtube.com/watch?v=JE5SsFitnpA,EN,Technical Visit & Unique Venue –Journey to Nagoya-,"This is a promotional video created by the Aichi-Nagoya MICE Promotion Council, featuring companies that visitors can tour and learn about the industry.
Through the actual tour with the staff’s interview, you will feel the atmosphere of the inspection site and the attractiveness of technical visits unique to this region.
Please take a look!

* Aichi-Nagoya MICE Promotion Council consists of the Aichi Prefectural Government, the City of Nagoya, the Nagoya Convention & Visitors Bureau, and MICE-related stakeholders in Aichi-Nagoya.

愛知県、名古屋市、名古屋観光コンベンションビューロー等で構成する愛知・名古屋ＭＩＣＥ推進協議会では、産業視察の受け入れが可能な企業等の視察の様子及び受入先担当者へのインタビューをまとめたプロモーション動画を作成しました。
視察先を実際に巡っている様子をもとに、視察先の雰囲気や、当地域ならではのテクニカルビジットの魅力をご体感いただける内容となっておりますので、ぜひご覧ください！"
7mosLFgHBzGlX-ILsrNLM,https://www.youtube.com/watch?v=HnFHKtYI9GE,EN,"The Grace of Japan, TOCHIGI Digest","The Grace of Japan, Tochigi” Where its peaceful nature and
majestic historical culture will melt your heart.

日本の品格を静かに保ち続ける栃木県。荘厳な文化、豊かな大自然、そして美意識。心の豊かさを上質に満たす。
The Grace of Japan, TOCHIGI

- Visit Tochigi -
https://www.visit-tochigi.com/

チャンネル登録
https://bit.ly/3Iawwe5"
mMkKcwNGdJW-y9kZItp-j,https://www.youtube.com/watch?v=8z9OuTgRkXo,EN,"Connect with the slow cycle of island life「Bridge to connect, connect with people.」(Imabari version)","The people living on the Shimanami Kaido gently share the charm of the Shimanami Kaido with those who will visit in the future. Each message carries the thoughts of the individual, flowing gently like the relaxed passage of time, yet it is conveyed in a way that seeps in deeply. This video has been crafted to inspire everyone who watches it to want to visit the Shimanami Kaido at least once. Please take a look.

うみまちバルアメリ　https://www.instagram.com/umimachi_bal_ameri/

Auberge Yugashira　https://www.instagram.com/auberge_yugashira/"
RDWJzfpn5fxia2JwuYtRZ,https://www.youtube.com/watch?v=DD3cGarh_6w,EN,Shimanami Rental Cycles,"【日本語】
しまなみ海道を気軽にサイクリング｜しまなみレンタサイクル
https://shimanami-cycle.or.jp/rental/

【ENGLISH】
Enjoy cycling on the Shimanami Kaido! | Shimanami Rental Cycles
https://shimanami-cycle.or.jp/rental/english"
WWXRYWsG3P5ZMsHep-2r_,https://www.youtube.com/watch?v=Rm8i_xsFbco,EN,Sora no Sato Nanki-shu Inspection Training,"We went on an inspection training trip to Nanki-shu to enhance the skills of host families for the Sora no Sato Mountain Village Story educational travel and to promote交流 among host families.
We became students ourselves and experienced staying with host families,
considering what would make them happy,
what we could do when we return to our town,
realizing that our own town is the best!!
This became a trigger for various thoughts.
In preparation for hosting starting next spring,
we united once again!!
With high goals set, Sora no Sato Mountain Village Story is moving forward.
Would you like to join us in hosting educational travel?
https://nishi-awa.jp/soranosato/

#Sora no Sato #Sora no Sato Mountain Village Story #Nishi-Awa #Inspection #Training #Learning from Others #Skill Up #Improvement #SDGs #Unity #Tokushima Prefecture #Shikoku #Educational Travel #School Trip #Minpaku #Agricultural Stay #Agriculture, Forestry, and Fisheries Family Inn #Host Families"
OhE2WyNf2jA0X3Y1u7vhf,https://www.youtube.com/watch?v=x-kXXzNhusk,EN,Aichi-Nagoya Technical Visit Promotion Video (digest ver.)/愛知・名古屋テクニカルビジットPR動画（ダイジェスト）,"This is a promotional video created by the Aichi-Nagoya MICE Promotion Council, featuring companies that visitors can tour and learn about the industry.
Through the actual tour with the staff’s interview, you will feel the atmosphere of the inspection site and the attractiveness of technical visits unique to this region.
Please take a look!

* Aichi-Nagoya MICE Promotion Council consists of the Aichi Prefectural Government, the City of Nagoya, the Nagoya Convention & Visitors Bureau, and MICE-related stakeholders in Aichi-Nagoya.
*The companies included in this video are the participating companies as of March 2021.

愛知県、名古屋市、名古屋観光コンベンションビューロー等で構成する愛知・名古屋ＭＩＣＥ推進協議会では、産業視察の受け入れが可能な企業等の視察の様子及び受入先担当者へのインタビューをまとめたプロモーション動画を作成しました。
視察先を実際に巡っている様子をもとに、視察先の雰囲気や、当地域ならではのテクニカルビジットの魅力をご体感いただける内容となっておりますので、ぜひご覧ください！
※この動画に収録されている企業は、作成（令和3年3月）時点の参画企業です。"
QnPRZLTv5j1s2AU79X5Ml,https://www.youtube.com/watch?v=5XDGClsYiX8,EN,[01_OKUMIKAWA Distillery 奥三河蒸留所] Technical Visit & Unique Venue –Journey to Aichi-,"This is a promotional video created by the Aichi-Nagoya MICE Promotion Council, featuring a company that visitors can tour and learn about the industry.
Through the actual tour with the staff’s interview, you will feel the atmosphere of the inspection site and the attractiveness of technical visit unique to this region.
Please take a look!

* Aichi-Nagoya MICE Promotion Council consists of the Aichi Prefectural Government, the City of Nagoya, the Nagoya Convention & Visitors Bureau, and MICE-related stakeholders in Aichi-Nagoya.

The Aichi-Nagoya MICE Promotion Council, composed of the Aichi Prefectural Government, the City of Nagoya, the Nagoya Convention & Visitors Bureau, and other stakeholders, has created a promotional video summarizing the tours of companies that can accommodate industrial inspections and interviews with the responsible personnel at the host sites.
Based on the actual tour experience, this video allows you to feel the atmosphere of the inspection sites and the unique charm of technical visits in this region, so please take a look!"
uSFPEVoTCGKLC2ekGyYOe,https://www.youtube.com/watch?v=knXWeMfIbpA,EN,[02_MARUYA HATCHO MISO まるや八丁味噌] Technical Visit & Unique Venue –Journey to Aichi-,"This is a promotional video created by the Aichi-Nagoya MICE Promotion Council, featuring a company that visitors can tour and learn about the industry.
Through the actual tour with the staff’s interview, you will feel the atmosphere of the inspection site and the attractiveness of technical visit unique to this region.
Please take a look!

* Aichi-Nagoya MICE Promotion Council consists of the Aichi Prefectural Government, the City of Nagoya, the Nagoya Convention & Visitors Bureau, and MICE-related stakeholders in Aichi-Nagoya.

愛知県、名古屋市、名古屋観光コンベンションビューロー等で構成する愛知・名古屋ＭＩＣＥ推進協議会では、産業視察の受け入れが可能な企業等の視察の様子及び受入先担当者へのインタビューをまとめたプロモーション動画を作成しました。
視察先を実際に巡っている様子をもとに、視察先の雰囲気や、当地域ならではのテクニカルビジットの魅力をご体感いただける内容となっておりますので、ぜひご覧ください！"
MErPftUCCICWOIlHQvDpQ,https://www.youtube.com/watch?v=b_weQqS2gxk,EN,[03_HOURAISEN KOBO ほうらいせん吟醸工房] Technical Visit & Unique Venue –Journey to Aichi-,"This is a promotional video created by the Aichi-Nagoya MICE Promotion Council, featuring a company that visitors can tour and learn about the industry.
Through the actual tour with the staff’s interview, you will feel the atmosphere of the inspection site and the attractiveness of technical visit unique to this region.
Please take a look!

* Aichi-Nagoya MICE Promotion Council consists of the Aichi Prefectural Government, the City of Nagoya, the Nagoya Convention & Visitors Bureau, and MICE-related stakeholders in Aichi-Nagoya.

愛知県、名古屋市、名古屋観光コンベンションビューロー等で構成する愛知・名古屋ＭＩＣＥ推進協議会では、産業視察の受け入れが可能な企業等の視察の様子及び受入先担当者へのインタビューをまとめたプロモーション動画を作成しました。
視察先を実際に巡っている様子をもとに、視察先の雰囲気や、当地域ならではのテクニカルビジットの魅力をご体感いただける内容となっておりますので、ぜひご覧ください！"
hVVAxrKlapO4EPTBKOAOZ,https://www.youtube.com/watch?v=ebinLj-633A,EN,[04_AOI SEICHA 葵製茶] Technical Visit & Unique Venue –Journey to Aichi-,"This is a promotional video created by the Aichi-Nagoya MICE Promotion Council, featuring a company that visitors can tour and learn about the industry.
Through the actual tour with the staff’s interview, you will feel the atmosphere of the inspection site and the attractiveness of technical visit unique to this region.
Please take a look!

* Aichi-Nagoya MICE Promotion Council consists of the Aichi Prefectural Government, the City of Nagoya, the Nagoya Convention & Visitors Bureau, and MICE-related stakeholders in Aichi-Nagoya.

The Aichi-Nagoya MICE Promotion Council, composed of the Aichi Prefectural Government, the City of Nagoya, the Nagoya Convention & Visitors Bureau, and other stakeholders, has created a promotional video summarizing the tours of companies that can accept industrial inspections and interviews with the responsible personnel at the reception sites.
Based on the actual tour of the inspection sites, this video allows you to experience the atmosphere of the inspection locations and the unique charm of technical visits in this region, so please take a look!"
3yBOtqswQOrqcbKNBIVyq,https://www.youtube.com/watch?v=JoJAoFkdH8o,EN,[06_ITO SEIMITSU 伊藤精密工具製作所] Technical Visit & Unique Venue –Journey to Nagoya-,"This is a promotional video created by the Aichi-Nagoya MICE Promotion Council, featuring a company that visitors can tour and learn about the industry.
Through the actual tour with the staff’s interview, you will feel the atmosphere of the inspection site and the attractiveness of technical visit unique to this region.
Please take a look!

* Aichi-Nagoya MICE Promotion Council consists of the Aichi Prefectural Government, the City of Nagoya, the Nagoya Convention & Visitors Bureau, and MICE-related stakeholders in Aichi-Nagoya.

The Aichi-Nagoya MICE Promotion Council, composed of the Aichi Prefectural Government, the City of Nagoya, the Nagoya Convention & Visitors Bureau, and other stakeholders, has created a promotional video summarizing the tours of companies that can accommodate industrial visits and interviews with the responsible personnel at the host sites.
Based on the actual tour experience, this video allows you to feel the atmosphere of the inspection sites and the unique charm of technical visits in this region, so please take a look!"
Y5wbkXssMVGPK450e4rJW,https://www.youtube.com/watch?v=wSDbSE9kEuo,EN,[07_ALPS STEEL アルプススチール] Technical Visit & Unique Venue –Journey to Nagoya-,"This is a promotional video created by the Aichi-Nagoya MICE Promotion Council, featuring a company that visitors can tour and learn about the industry.
Through the actual tour with the staff’s interview, you will feel the atmosphere of the inspection site and the attractiveness of technical visit unique to this region.
Please take a look!

* Aichi-Nagoya MICE Promotion Council consists of the Aichi Prefectural Government, the City of Nagoya, the Nagoya Convention & Visitors Bureau, and MICE-related stakeholders in Aichi-Nagoya.

The Aichi-Nagoya MICE Promotion Council, composed of the Aichi Prefectural Government, the City of Nagoya, the Nagoya Convention & Visitors Bureau, and other stakeholders, has created a promotional video summarizing the tours of companies that can accept industrial inspections and interviews with the responsible personnel at the receiving sites.
Based on the actual tour of the inspection sites, this video allows you to experience the atmosphere of the inspection locations and the unique appeal of technical visits in this region, so please take a look!"
Kj_TyCPY_iyQQr2fWu5uo,https://www.youtube.com/watch?v=tTKOvD4ODX0,EN,[08_Iwata Sanbou Factory 岩田三宝製作所] Technical Visit & Unique Venue –Journey to Nagoya-,"This is a promotional video created by the Aichi-Nagoya MICE Promotion Council, featuring a company that visitors can tour and learn about the industry.
Through the actual tour with the staff’s interview, you will feel the atmosphere of the inspection site and the attractiveness of technical visit unique to this region.
Please take a look!

* Aichi-Nagoya MICE Promotion Council consists of the Aichi Prefectural Government, the City of Nagoya, the Nagoya Convention & Visitors Bureau, and MICE-related stakeholders in Aichi-Nagoya.

愛知県、名古屋市、名古屋観光コンベンションビューロー等で構成する愛知・名古屋ＭＩＣＥ推進協議会では、産業視察の受け入れが可能な企業等の視察の様子及び受入先担当者へのインタビューをまとめたプロモーション動画を作成しました。
視察先を実際に巡っている様子をもとに、視察先の雰囲気や、当地域ならではのテクニカルビジットの魅力をご体感いただける内容となっておりますので、ぜひご覧ください！"
YL9ilpNmC2X2xSHE18pxr,https://www.youtube.com/watch?v=drO7t93J7uw,EN,NISEKO Summerstay,"Enjoy imaging NISEKO Summerstay!!
ニセコでサマーステイ？ニセコサマーステイの魅力をギュギュっとつめました。

#NISEKOsummerstay
#ニセコサマーステイ
#TravelTomorrow
#NISEKO
#Kutchan
#HOKKAIDO"
bdqdwDYFOK6M5n0aHiqrO,https://www.youtube.com/watch?v=ps4pV7mMfWw,EN,Visiting a Japanese Home ／ おもてなし編,"Learn more about KANSAI： https://www.the-kansai-guide.com/en/
Facebook： https://www.facebook.com/truekansai/
Instagram：https://www.instagram.com/realjapankansai/"
HCMz-67scIEdAIDUrkPPe,https://www.youtube.com/watch?v=X1OaQ2dnk5k,EN,A Morning Walk in the Sunlit American Village ♯151 【4K】 Okinawa Walk Chatan Town Okinawa Tourism Okinawa Travel,"All videos of '@Okinawa👣 WalkⓇ' can be found here
▶https://www.youtube.com/channel/UC4onwMScAwqvQyVSibQvRKw/
Visiting the local area can be quite difficult, whether you are from outside or within the prefecture.
Please enjoy the walking atmosphere together with this video.

Japan Okinawa Tourism 오키나와 일본 관광 冲绳日本观光 Bersiar-siar di Okinawa Jepun Viaje a japón 沖縄散歩 おきなわ散歩 沖縄さんぽ"
PMH-6PTu91dexYxumo5ir,https://www.youtube.com/watch?v=l3VNuYUSGKo,EN,The Best Roadside Station in Japan: Kyoda Renovation Building Fully Open! ♯148 【4K】 Okinawa Stroll Nago City Okinawa Tourism Okinawa Travel,"All videos of '@Okinawa👣 StrollⓇ' can be found here
▶https://www.youtube.com/channel/UC4onwMScAwqvQyVSibQvRKw/
Visiting the site can be quite difficult, whether you are from outside or within the prefecture.
Enjoy the stroll feeling together with this video.

Japan Okinawa Tourism 오키나와 일본 관광 冲绳日本观光 Bersiar-siar di Okinawa Jepun Viaje a japón 沖縄散歩 おきなわ散歩 沖縄さんぽ"
XDwaH6oNTLPIxufhZCk-G,https://www.youtube.com/watch?v=SbKMHEJHEUo,EN,"◤Okinawa Tourism ◢ ""American Village Stylish Cafe & Restaurant"" ""Zivago Coffee Roastery"" ""Frankie Tavern"" ♯145 【4K】Okinawa Walk Chatan Town Okinawa Travel","""@Okinawa👣 WalkⓇ"" all videos can be found here
▶https://www.youtube.com/channel/UC4onwMScAwqvQyVSibQvRKw/
Visiting the local area can be quite difficult, whether you are from outside or within the prefecture.
Please enjoy the walking atmosphere together with this video.

Japan Okinawa Tourism 오키나와 일본 관광 冲绳日本观光 Bersiar-siar di Okinawa Jepun Viaje a japón 沖縄散歩 おきなわ散歩 沖縄さんぽ"
qanehuIOtsBUDxXKQ-Prt,https://www.youtube.com/watch?v=Sy0mfGpi9uM,EN,Okinawa's Largest SC 'San-ei Parco City Food Court 2F・3F Part 2' ♯143 【4K】 Okinawa Walk Urasoe City Okinawa Tourism Okinawa Travel,"'@Okinawa👣 WalkⓇ' all videos can be found here
▶https://www.youtube.com/channel/UC4onwMScAwqvQyVSibQvRKw/
Visiting the site can be quite difficult, whether you are from outside or within the prefecture.
Please enjoy the walking atmosphere together with this video.

Japan Okinawa Tourism 오키나와 일본 관광 冲绳日本观光 Bersiar-siar di Okinawa Jepun Viaje a japón 沖縄散歩 おきなわ散歩 沖縄さんぽ"
1qTX0Rcy1TuuTw_XBzRpm,https://www.youtube.com/watch?v=4t4RkQyEs5w,EN,Ion Mall Okinawa Rycom Part 2: Food Court 4th Floor Edition - One of the Largest Resort-Type Shopping Centers in the Prefecture ♯135 【4K】 Okinawa Stroll Nakagami Village Okinawa Tourism Okinawa Travel,"@Okinawa👣StrollⓇ All videos can be found here
▶https://www.youtube.com/channel/UC4onwMScAwqvQyVSibQvRKw/
Visiting the site can be quite difficult, whether you are from outside or within the prefecture.
Enjoy the stroll feeling together with this video.

Japan Okinawa Tourism 오키나와 일본 관광 冲绳日本观光 Bersiar-siar di Okinawa Jepun Viaje a japón 沖縄散歩 おきなわ散歩 沖縄さんぽ"
tCJ-Ae4C1peBmY_J0-k8A,https://www.youtube.com/watch?v=sDQLCyfRN8k,EN,"Ion Mall Okinawa Rycom Part 1: Food Court 3rd Floor Edition - One of the Largest Resort-Type Shopping Centers in the Prefecture ♯134 [4K] Okinawa Stroll, Nakagami District, Okinawa Tourism, Okinawa Travel","All videos of '@Okinawa👣 Stroll®' can be found here
▶https://www.youtube.com/channel/UC4onwMScAwqvQyVSibQvRKw/
Visiting the site can be quite difficult, whether you are from outside or within the prefecture.
Enjoy the stroll feeling together with this video.

Japan Okinawa Tourism 오키나와 일본 관광 冲绳日本观光 Bersiar-siar di Okinawa Jepun Viaje a japón 沖縄散歩 おきなわ散歩 沖縄さんぽ"
1tj4hkUTxAAWSx3l7vrVv,https://www.youtube.com/watch?v=W-85AzFWP_s,EN,In the Heart of Naha! Retro Goods 'Jisakasu' Modern Pottery 'Kobo Ryuhaku' ♯132 【4K】 Okinawa Stroll Naha City Okinawa Tourism Okinawa Travel,"'@Okinawa👣 StrollⓇ' all videos can be found here
▶https://www.youtube.com/channel/UC4onwMScAwqvQyVSibQvRKw/
Visiting the local area can be quite difficult, whether you are from outside or within the prefecture.
Enjoy the stroll feeling together with this video.

Japan Okinawa Tourism 오키나와 일본 관광 冲绳日本观光 Bersiar-siar di Okinawa Jepun Viaje a japón 沖縄散歩 おきなわ散歩 沖縄さんぽ
Kokusai Street Heiwa Street Ukishima Street

Hidden Gems Recommended Spots
Okinawa Recommendations"
auWAZJzjWVQyTrCzbOegL,https://www.youtube.com/watch?v=pwtSVkCAwUg,EN,"The Most Famous Tree in Okinawa: ""Nationally Designated Natural Monument Hinpun Gajumaru"" ♯Extra Edition 3 Minutes [4K] Okinawa Stroll Nago City Okinawa Tourism Okinawa Travel","""@Okinawa👣 StrollⓇ"" All videos can be found here
▶https://www.youtube.com/channel/UC4onwMScAwqvQyVSibQvRKw/
Visiting the site can be quite difficult, whether you are from outside or within the prefecture.
Enjoy the stroll feeling together with this video.

Japan Okinawa Tourism 오키나와 일본 관광 冲绳日本观光 Bersiar-siar di Okinawa Jepun Viaje a japón 沖縄散歩 おきなわ散歩 沖縄さんぽ

Hidden Gems Recommended Spots
Recommended Okinawa"
QuelnXRCfCqoBYkzDCB6G,https://www.youtube.com/watch?v=-qRHueSfsAk,EN,The Most Popular Pizza Place in Okinawa! 'Kajin Hō' ♯123 【4K】 Okinawa Stroll Motobu Town Okinawa Tourism Okinawa Travel,"'@Okinawa👣 StrollⓇ' all videos can be found here
▶https://www.youtube.com/channel/UC4onwMScAwqvQyVSibQvRKw/
Visiting the local area can be quite difficult, whether you are from outside or within the prefecture.
Enjoy the stroll feeling together with this video.

Japan Okinawa Tourism 오키나와 일본 관광 冲绳日本观光 Bersiar-siar di Okinawa Jepun Viaje a japón 沖縄散歩 おきなわ散歩 沖縄さんぽ

Hidden Gems Recommended Spots
Recommended Okinawa"
eAMuth2ZrJ1zdDHFK2mjV,https://www.youtube.com/watch?v=8L4EpEY2vAg,EN,◤Okinawa Tourism◢ Let's Go Eat Fresh Seafood! 'Motonishi Southernmost Roadside Station Itoman - Fish Center' ♯122 【4K】Okinawa Walk Itoman City Okinawa Trip,"All videos of '@Okinawa👣 WalkⓇ' can be found here
▶https://www.youtube.com/channel/UC4onwMScAwqvQyVSibQvRKw/
It's quite difficult to visit the local area, whether from outside or within the prefecture.
Please enjoy the walking atmosphere together with this video.

Japan Okinawa Tourism 오키나와 일본 관광 冲绳日本观光 Bersiar-siar di Okinawa Jepun Viaje a japón 沖縄散歩 おきなわ散歩 沖縄さんぽ

Hidden Gems Recommended Spots
Recommended Okinawa"
ye2WNIcO--EZ2NwuWhE9x,https://www.youtube.com/watch?v=pk_vlVYovRU,EN,"National Route 58: Minatogawa Foreign Residential Area ➡ Blue Seal Main Store ➡ A&W Makiminato Store ♯120 【4K】 Okinawa Walk, Urasoe City, Okinawa Tourism, Okinawa Travel","All videos of '@Okinawa👣 Walk®' can be found here
▶https://www.youtube.com/channel/UC4onwMScAwqvQyVSibQvRKw/
Visiting the site can be quite difficult, whether you are from outside or within the prefecture.
Please enjoy the walking atmosphere together with this video.

Japan Okinawa Tourism 오키나와 일본 관광 冲绳日本观光 Bersiar-siar di Okinawa Jepun Viaje a japón 沖縄散歩 おきなわ散歩 沖縄さんぽ

Hidden spots, recommended spots
Recommended Okinawa"
r7vwIPE_Goa2FPEbUx1PX,https://www.youtube.com/watch?v=Ws4j3DzEcTI,EN,"◤Okinawa Tourism◢ ""Buying Okinawan Snacks at Super San-A"" San-A Main City #119 【4K】 Okinawa Walk Uruma City Okinawa Tourism Okinawa Travel","""@Okinawa👣 WalkⓇ"" All videos can be found here
▶https://www.youtube.com/channel/UC4onwMScAwqvQyVSibQvRKw/
Visiting the local area can be quite difficult, whether you are from outside or within the prefecture.
Please enjoy the walking atmosphere together with this video.

Japan Okinawa Tourism 오키나와 일본 관광 冲绳日本观光 Bersiar-siar di Okinawa Jepun Viaje a japón 沖縄散歩 おきなわ散歩 沖縄さんぽ

Hidden spots Recommended spots
Recommended Okinawa"
BA8MBUVpn-ONblSLULthJ,https://www.youtube.com/watch?v=fVEUassIXw8,EN,"◤Okinawa Tourism◢ A Supermarket Loved by Okinawans ""Union UNION 'Now Open!'"" 24-Hour Operation ♯117 【4K】 Okinawa Walk Uruma City Okinawa Travel","All videos of ""@Okinawa👣 WalkⓇ"" can be found here
▶https://www.youtube.com/channel/UC4onwMScAwqvQyVSibQvRKw/
Visiting the local area can be quite difficult, whether you are from outside or within the prefecture.
Enjoy the walking atmosphere with us in this video.

Japan Okinawa Tourism 오키나와 일본 관광 冲绳日本观光 Bersiar-siar di Okinawa Jepun Viaje a japón 沖縄散歩 おきなわ散歩 沖縄さんぽ
24-Hour Operation
Hidden Gems Recommended Spots
Okinawa Recommendations"
YdYpq1PSrOuspgNiAUtw0,https://www.youtube.com/watch?v=dZnzmrLpZ0k,EN,"◤Okinawa Tourism◢ Pioneer of Resort Hotels ""Hotel Nikko Alivila""! Yomitan Village ♯116 【4K】 Okinawa Walk","""@Okinawa👣 WalkⓇ"" all videos can be found here
▶https://www.youtube.com/channel/UC4onwMScAwqvQyVSibQvRKw/
Visiting the local area can be quite difficult, whether you are from outside or within the prefecture.
Please enjoy the walking atmosphere together with this video.

Japan Okinawa Tourism 오키나와 일본 관광 冲绳日本观光 Bersiar-siar di Okinawa Jepun Viaje a japón 沖縄散歩 おきなわ散歩 沖縄さんぽ
Hidden spots Recommended spots
Nirai Beach Resort Hotel
Recommended in Okinawa"
gKWb3LT-Gz2Km2nINyMoL,https://www.youtube.com/watch?v=f0dXRA11thE,EN,"◤Okinawa Tourism◢ Japan's First Shopping Center ""Plaza House PLAZA HOUSE SHOPPING CENTER"" Stroll! ♯112 Okinawa Stroll Okinawa City Okinawa Travel","""Okinawa 👣 StrollⓇ"" All videos can be found here
▶https://www.youtube.com/channel/UC4onwMScAwqvQyVSibQvRKw/
Visiting the local area can be quite difficult, whether you are from outside or within the prefecture.
Enjoy the stroll feeling together with this video.

Japan Okinawa Tourism 오키나와 일본 관광 冲绳日本观光 Strolling in Okinawa Japan Viaje a japón 沖縄散歩 おきなわ散歩 沖縄さんぽ
Hidden spots Recommended spots
Aeon Mall Rycom Okinawa Rogers

#OkinawaTravel
#OkinawaTourism
#OkinawaRecommendations"
yjnGAvCzxrpi5n03kP3zs,https://www.youtube.com/watch?v=ti_3SPkrgMc,EN,Listening to Local Voices / Interviews of Locals | Michinoku Coastal Trail,"There are people who feed hikers delicious food, those who helped make the trail, who provide spots to rest, those who protect and preserve the trail each day, those who maintain mountain hiking courses, those who support local industry and those who ferry hikers from island to island. And let’s not forget the local people who come up and talk to hikers.
There are so many trail angels along the Michinoku Coastal Trail!

#みちのく潮風トレイル　
#MichinokuCoastalTrail
#Japanese#Long#Distance#Trail"
jBAAjv5Z_TMYM-pf5gsOJ,https://www.youtube.com/watch?v=MUtnWXis_00,EN,Seeing differently Temple Edition【Simplified Chinese】｜Temple Edition,"#traveljapan  #traveletiquette #mutualunderstanding #相互理解 #違い理解する
This video aims to alleviate stress and barriers such as anxiety, confusion and discomfort by encouraging foreign tourists visiting Japan to understand Japanese culture, customs, behaviors and social norms.
In addition, it is a video that aims to reconsider basic manners and nurture the spirit of hospitality for residents of Japan.
We hope everyone will become aware of other’s perspectives and have consideration for those around them."
oVjdnnGjsNl7P3qty7t38,https://www.youtube.com/watch?v=BqLAqB3vVsQ,EN,Seeing differently Employee Edition | Temple Edition,"#traveljapan  #traveletiquette #mutualunderstanding #相互理解 #違い理解する
This video aims to alleviate stress and barriers such as anxiety, confusion and discomfort by encouraging foreign tourists visiting Japan to understand Japanese culture, customs, behaviors and social norms. In addition, it is a video that aims to reconsider basic manners and nurture the spirit of hospitality for residents of Japan. We hope everyone will become aware of other’s perspectives and have consideration for those around them."
bpsKB7FHPkOUiZLLVjNdQ,https://www.youtube.com/watch?v=IWzyonkQ8sg,EN,Seeing differently Temple Edition【Traditional Chinese】｜Temple Edition,"#traveljapan  #traveletiquette #mutualunderstanding #相互理解 #違い理解する
This video aims to alleviate stress and barriers such as anxiety, confusion and discomfort by encouraging foreign tourists visiting Japan to understand Japanese culture, customs, behaviors and social norms.
In addition, it is a video that aims to reconsider basic manners and nurture the spirit of hospitality for residents of Japan.
We hope everyone will become aware of other’s perspectives and have consideration for those around them."
tM5zMAGjddGhvfTmRIPGa,https://www.youtube.com/watch?v=O-6DiSVRFyM,EN,Seeing differently 시장편｜商店街編,"#traveljapan  #traveletiquette #mutualunderstanding #相互理解 #違い理解する
This video aims to alleviate stress and barriers such as anxiety, confusion and discomfort by encouraging foreign tourists visiting Japan to understand Japanese culture, customs, behaviors and social norms.
In addition, it is a video that aims to reconsider basic manners and nurture the spirit of hospitality for residents of Japan.
We hope everyone will become aware of other’s perspectives and have consideration for those around them."
gc2mAHfGBapucW2KkwZZm,https://www.youtube.com/watch?v=2LXKDhRXISk,EN,Seeing differently Market Edition【Simplified Chinese】｜Shopping Street Edition,"#traveljapan  #traveletiquette #mutualunderstanding #相互理解 #違い理解する
This video aims to alleviate stress and barriers such as anxiety, confusion and discomfort by encouraging foreign tourists visiting Japan to understand Japanese culture, customs, behaviors and social norms.
In addition, it is a video that aims to reconsider basic manners and nurture the spirit of hospitality for residents of Japan.
We hope everyone will become aware of other’s perspectives and have consideration for those around them."
4B2VonWJv1FGk7rDt0AAH,https://www.youtube.com/watch?v=WJ264UqQR9A,EN,🎨Second Round of Drawing on the Blackboard🎨 #Kitahiroshima Town,"🎨Second Round of Drawing on the Blackboard🎨

This time, I drew the auspicious Kagura performance ""Ebisu (恵比寿)"" which can also be written as ""恵比須"".

The performance depicts the god of prosperous business and abundant fishing, Ebisu, fishing. As bait to catch sea bream, we scatter rice cakes and sweets to the audience. It is said that picking these up as ""seeds of fortune"" will bring happiness✨️

Ebisu's cheerful expression and light dance are so divine that they brighten the heart when watched.

""Catch a fish, catch a fish, let's catch a sea bream with shrimp♪""
""Scatter, scatter, let's scatter the seeds of fortune♪""

Ebisu is often performed at celebratory occasions🎣

In line with the season, I made it spring-like, combining cherry blossoms and Ebisu🌸. The point is that the scales of the sea bream are represented by cherry blossoms.

I am also accepting requests for drawings on the blackboard! I prefer themes related to Kagura or Kitahiroshima Town.

I hope to create a drawing that will warm the hearts of the customers visiting the tourist information center.
Stay tuned for the next one!!

""Ebisu (恵比須)"" Photo: Otsuka Kagura Group
Thank you for the permission to use it😊

Music: Shoon Yamagata ""Come on! Kita Hiro"""
aW3N7ZlGFKX_jJK5KYy9w,https://www.youtube.com/watch?v=tBqWD2oeOhQ,EN,Mysterious 'Ice Waterfall Tour' ⛄⛄ #KitaHiroshimaTown #KitaHiroshimaCity,"Have you ever climbed a snowy mountain??⛄️

Limited season! A special project by Mr. Kurata from the wild glamping and camping site 'Ryuzu no Mori' in Toyohira 🧊 Mysterious Ice Waterfall Monitor Tour 🧊 was attended by staff from the tourism association!!

This is my second time climbing Mount Ryuzudake in mid-winter. I advance while firmly stepping on the snow.

To keep the mountain climbing interesting, Mr. Kurata shares mountain trivia and quizzes along the way 🏔️

Just as I started to feel a bit out of breath, we arrived at the first highlight, 'Koma Falls.' If the timing is right, you can see the frozen waterfall in all its glory 🧊. On this day, the weather was a bit nice, causing some melting, but there were still icicles here and there, and the frozen grass and trees looked like jewels 💎.

At the second spot, 'Kuro Falls,' there were icicles that had melted and pierced into the ground!! They were about the same height as our staff member, who is 167 cm tall... you can really feel the power of nature.

And the beauty of the snowy mountain bathed in sunlight is breathtaking!! It was a quiet and mystical space where only the chirping of birds and the sound of the wind could be heard.

After descending, we had lunch at the nearby cafe 'Caf'e de la Richesses 六' 🍽️

Mr. Kurata's special spice keema curry and homemade marmalade tea warmed me right up! Chatting by the fireplace about our impressions of the tour was a leisurely and luxurious time ☺️.

This was a mysterious ice waterfall tour where we could fully enjoy the winter scenery of Mount Ryuzudake, which is not often seen✨.

🧊 This ice waterfall tour will also be held on ★2/8 (Sat) and ★2/11 (Tue)!!! If you're interested, please DM Ryuzu no Mori. (Please note that there is a possibility of the tour taking place in snowy conditions, so beginners in mountain climbing are advised to refrain.) Search for 'Ryuzu no Mori' 🔍

Song: Gaku/Mt. Gassan Shouun 'Come on! Kita Hiro'"
Oank3_BihHPeUnHfI6S5T,https://www.youtube.com/watch?v=rUA_lncasPM,EN,I was invited to the event of the An no Hanadaue Preservation Society.,"★October 11 (Sun) 
[An no Hanadaue & Mibu no Hanadaue PR event was held!] 
～Hiroshima City☆Aeon Mall Hiroshima Gion 2F～

Currently... we are holding a photo exhibition at a corner of Aeon Mall Hiroshima Gion 2F to convey the charm of Hanadaue, showcasing the scenery and atmosphere of 'An no Hanadaue' and 'Mibu no Hanadaue'☆彡  *From 10/3 to 10/22

'An no Hanadaue' has a deep connection with our town, Kitahiroshima-cho, and I was able to participate in the event organized by the An no Hanadaue Preservation Society held yesterday, October 11 (Sun)ー(^^)/

The tourism PR of Kitahiroshima-cho, including 'Mibu no Hanadaue', featured our town's image character, Hanada Muitaro (Moutarou), who appeared and danced with the performers in cute costumes to the theme song 'Oideyo! Kita Hiro'♪

The children who watched the YouTube video and learned the dance captivated the audience with their nearly perfect performance(^^♪
It was truly wonderful☆彡

This year, we were unable to showcase the Hanadaue, but we were able to effectively promote 'An no Hanadaue' and 'Mibu no Hanadaue' in preparation for next year's event!

Next year! Let's meet under the blue sky(^^)/"
LguRGgNg1EOkSzileojV9,https://www.youtube.com/watch?v=6wH-w-wsPmU,EN,[Kita-Hiroshima Town] Drone Photography of the Tengu Shide Grove in Oasa (2020.5.11),"[National Natural Monument 'Tengu Shide Grove in Oasa']
～Drone Photography and Video～
The 'Tengu Shide Grove in Oasa' is home to about 100 twisted and contorted varieties of the Japanese Zelkova tree.
Named after the legend of the Tengu, it has been cherished by the local community.
Designated as a national natural monument, this view can only be seen in Kita-Hiroshima Town in the world☆彡
Please enjoy the beautiful fresh green scenery captured by drone on May 11, a rare video☆彡
[Video Provided by]
Uehiroya Studio, Kita-Hiroshima Town, Hiroshima Prefecture
http://uehiroya.com/"
dv4m2F0oH8I9C5V1nEf5l,https://www.youtube.com/watch?v=o1JW4_KhE8Q,EN,Sunrise and the crane (Japan Izumi)　朝日と鶴　出水市　4Ｋ,"Kagoshima Izumi, a winter daily life. As the sun rises, thousands of cranes take flight all at once.
Cranes fill the canvas of the sky dyed bright red.
Everyone who sees it gasps in awe.
This is a breathtaking view of Izumi that you must see.

Izumi City Tourism Information Site ""Izumi Navi""
http://www.izumi-navi.jp/"
1ouU_xkQtCfRuIiX7xpHz,https://www.youtube.com/watch?v=AHtcCsZltLk,EN,"【りしぷら】利尻ふるさと食堂 Rishiri Island (hokkaido, japan) Shop Introduction","Introducing a shop located on Rishiri Island.

For more details, visit the Rishiri Island Experience Tourism Information Portal site
""りしぷら RISHIRI PLUS""!
https://www.rishiri-plus.jp/"
w-w6Mmt0KCgw_iwA0W0e4,https://www.youtube.com/watch?v=rV5NSoTiE8U,EN,"【りしぷら】勿忘草 Rishiri Island (hokkaido, japan) Shop Introduction","Introducing a shop located on Rishiri Island.

For more details, visit the Rishiri Island Experience Tourism Information Portal Site
""りしぷら RISHIRI PLUS""!
https://www.rishiri-plus.jp/"
bx0X7FhGMtxolGKXksaDC,https://www.youtube.com/watch?v=ANLKsF7M6fE,EN,"【りしぷら】畑宮食品 Rishiri Island (hokkaido, japan) Shop Introduction","Introducing a shop located on Rishiri Island.

For more details, visit the Rishiri Island Experience Tourism Information Portal Site
""りしぷら RISHIRI PLUS""!
https://www.rishiri-plus.jp/"
c0DlMRl-8_TfNRowXv_D6,https://www.youtube.com/watch?v=LLX-yxaNDvc,EN,"【りしぷら】まつや食堂 Rishiri Island (hokkaido, japan) Shop Introduction","Introducing a shop located on Rishiri Island.

For more details, visit the Rishiri Island Experience Tourism Information Portal Site
""りしぷら RISHIRI PLUS""!
https://www.rishiri-plus.jp/"
A9Ad_YrQsl27bEoKzAhn0,https://www.youtube.com/watch?v=YIPW9sw70Kg,EN,Find the LOVE in KOBE,"●Special Thanks●
Kobe Meriken Park Oriental Hotel
https://www.kobe-orientalhotel.co.jp/english/
神戸布引ハーブ園／ロープウェイ　Kobe Nunobiki Herb Gardens & Ropeway
https://www.kobeherb.com/en/
兵庫県立美術館　Hyogo Prefectural Museum of Art
https://www.artm.pref.hyogo.jp/eng/
神戸ポートピアホテル　屋上テラスソラフネ神戸
KOBE PORTOPIA HOTEL SORA FUNE KOBE
繁體中文
https://www.portopia.co.jp/zh-tw/sorafune/
English
https://www.portopia.co.jp/en/sorafune/



●CAST●
YouTube→蔡祥 @lalalaeunful
https://www.youtube.com/@lalalaeunful
facebook→@蔡祥 Sonia Thai
https://m.facebook.com/profile.php?id=100044437506168

YouTube→Yuji’s Japan life @81886
https://www.youtube.com/@81886
facebook→@遇吉の日本神戶兵庫日常
https://m.facebook.com/profile.php?id=100050634077108"
LxioWPxwBE5noImCI5cbf,https://www.youtube.com/watch?v=j4eYSxD-VVA,EN,Find the PEACE in KOBE,"●Special Thanks●
Kansai International Airport
https://www.kansai-airport.or.jp/
Sanyo Electric Railway
https://www.sanyo-railway.co.jp/global/zh-tw/
Ikuta Shrine
https://ikutajinja.or.jp/
Maya Viewline
https://koberope.jp/en/maya/miryoku

●CAST●
YouTube→蔡祥 @lalalaeunful
https://www.youtube.com/@lalalaeunful
facebook→@蔡祥 Sonia Thai
https://m.facebook.com/profile.php?id=100044437506168

YouTube→Yuji’s Japan life @81886
https://www.youtube.com/@81886
facebook→@遇吉の日本神戶兵庫日常
https://m.facebook.com/profile.php?id=100050634077108"
h-qDdm5-ItL3qCmbGRKlx,https://www.youtube.com/watch?v=6DM51zk9VAo,EN,People in KOBE,"△▼People in KOBE△▼

撮影スポット一覧.｡.＊.｡.＊ﾟ
0:00 相楽園
0:03 六花
0:11 六甲山牧場
0:18 北野天満宮
0:21 布引の滝
0:31 有馬
0:35 インフィオラータ（北野坂）
0:38 はなとね
0:44 生田神社
0:50 布引ハーブ園
0:53 須磨浦公園
0:53 東遊園地
0:54 メリケンパーク
0:59 都賀川公園
1:01 ハーバーランド
1:02 舞子公園
1:03 東遊園地
1:06 ヴィーナスブリッジ
1:10 掬星台
1:12 南京町
1:12 生田神社
1:13 有馬
1:14 六甲山牧場
1:15 はなとね
1:16 布引ハーブ園
1:17 六甲ガーデンテラス
1:18 北野天満宮
1:19 布引の滝

神戸の観光情報はこちら　https://www.feel-kobe.jp/
神戸での宿泊予約はこちら　http://hotel.feel-kobe.jp/dom/s/?sc=all&ar=2801"
ubaRDtAjcZL8_LcAq_E1t,https://www.youtube.com/watch?v=RLi0SRoGZPU,EN,Nature in KOBE,"△▼ Nature in KOBE△▼

撮影スポット一覧.｡.＊.｡.＊ﾟ
0:00 桜
0:06 灘区桜トンネル
0:07 須磨浦公園
0:08 有馬
0:11 森林植物園
0:23 六甲山牧場
0:30 布引の滝
0:44 布引ロープウェイ
0:46 掬星台
0:49 布引ハーブ園
0:59 北区
1:10 六甲山牧場
1:17 明石
1:18 須磨浦公園
1:20 森林植物園
1:21 天上寺

神戸の観光情報はこちら　https://www.feel-kobe.jp/
神戸での宿泊予約はこちら　http://hotel.feel-kobe.jp/dom/s/?sc=all&ar=2801"
YxQ5s4_wcD36IIvNX0duR,https://www.youtube.com/watch?v=2SpIWTsiqic,EN,[Matsuyama City Official PR Video] Dogo Onsen Welcome Orchestra 'Oke Sutra',"Matsuyama City's official tourism PR video 'Oke Sutra' https://matsuyama-sightseeing.com/

Set against the backdrop of Dogo Onsen, the grand melodies of a Viennese waltz performed by an orchestra are mixed with the warm sounds of the '桶' (oke) unique to the hot springs, creating a welcoming atmosphere for tourists in an 'orchestra' style.

Matsuyama City, Department of Industry and Economy, Tourism and International Exchange Division
790-8571 2-7-2 Nibancho, Matsuyama City, Ehime Prefecture
TEL 089-948-6556 (Reception hours: Mon-Fri 8:30-17:15)"
PzIF53XoiqG-a7AGPQfas,https://www.youtube.com/watch?v=PgUzGzyKdOk,EN,Seeing differently Alley Edition【Simplified Chinese】｜Alley Version,"#traveljapan  #traveletiquette #mutualunderstanding #相互理解 #違い理解する
This video aims to alleviate stress and barriers such as anxiety, confusion and discomfort by encouraging foreign tourists visiting Japan to understand Japanese culture, customs, behaviors and social norms. In addition, it is a video that aims to reconsider basic manners and nurture the spirit of hospitality for residents of Japan. We hope everyone will become aware of other’s perspectives and have consideration for those around them."
yVLKTQ7w7bWCfhp8Fie7s,https://www.youtube.com/watch?v=pv7tU_KIfF4,EN,Seeing differently 거리편｜路地編,"#traveljapan  #traveletiquette #mutualunderstanding #相互理解 #違い理解する
This video aims to alleviate stress and barriers such as anxiety, confusion and discomfort by encouraging foreign tourists visiting Japan to understand Japanese culture, customs, behaviors and social norms.
In addition, it is a video that aims to reconsider basic manners and nurture the spirit of hospitality for residents of Japan.
We hope everyone will become aware of other’s perspectives and have consideration for those around them."
Fn8QzVVFjQ5XbS16cm56A,https://www.youtube.com/watch?v=JpiC9_5cJaE,EN,Seeing differently 小巷篇【繁体字】｜ 路地編,"#traveljapan  #traveletiquette #mutualunderstanding #相互理解 #違い理解する
This video aims to alleviate stress and barriers such as anxiety, confusion and discomfort by encouraging foreign tourists visiting Japan to understand Japanese culture, customs, behaviors and social norms.
In addition, it is a video that aims to reconsider basic manners and nurture the spirit of hospitality for residents of Japan.
We hope everyone will become aware of other’s perspectives and have consideration for those around them."
uHQ31FOJK3Gr0047wRZ8J,https://www.youtube.com/watch?v=QD6w6Ss5Ucw,EN,"Every Day is Yoron 4K Yoron Island, Nature moves on, as do we","Learn more about Yoron Island
https://travel.yorontou.info/

The title ""日日是与論＝にちにちこれよろん"" is an homage to the Zen phrase ""日日是好日 (Be grateful for each day and live as it is)."" In 2020, after experiencing the pandemic, we learned that our ""daily life"" is indeed a precious overlap of ""special"" moments.

From the perspective of being a tourist island, Yoron Island has certainly suffered significant damage due to the pandemic, but this is true everywhere in the world. Moreover, it is an island that has overcome natural disasters such as annual typhoons and wars.

In this work presented at ART&FACTORY JAPAN, we express the beauty and resilience of the island through the personification of various ""lives"" that inhabit Yoron Island, while accepting the great cycles of nature that repeat day by day (though, to those living in other cities, daily life in Yoron may seem like a great non-daily experience).

From Yoron Island, we hope to send a message of encouragement to other remote islands and depopulated towns facing similar issues, as well as to all people living in the ""now.""

Director: Kentaro Kusunoki
Cinematography: Kentaro Kusunoki, Akihiro Bemimi, Masaki Matsuda
Editing: Kentaro Kusunoki
Title Design: Gaku Higashi
Music: Takashi Watanabe
Poetry: Mika Murakami
English Title: Chiemi Fujii
Narration: Misa Nishihara
Sound Recording: Akihiro Bemimi
Sound Editing: Ryo Idehara"
rJnK21E5MqENBsVA44rfH,https://www.youtube.com/watch?v=jjDrBymTkME,EN,"[4K] [Digest] Welcome to Paradise - YORON Island, Japan | 与論島","Learn more http://www.yorontou.info/
Official Instagram https://www.instagram.com/yoron_island_official/

Blue beaches and blue skies - welcome to ""Yoron Blue"".
Water so clear, you see right through it. The ocean and sky blend together to create true bliss.  Experience the unique island culture, food and people in your next unforgettable adventure.

Blue seas and skies.
Yoron Island, overflowing with ""Yoron Blue"".
An experience of healing in a breathtaking view where the sea is so clear that shadows are cast on the seabed,
and the ocean and sky merge together, enriched by the island's culture, food, and warm people,
will color your vacation with special memories.

Created by 81plus https://81plus.jp/"
JLbBVglOfxNWGoDDNkgXR,https://www.youtube.com/watch?v=khNam4CmHl4,EN,"[4K] [Workation] Nine to Five in Paradise - YORON Island, Japan | 与論島","Learn more http://www.yorontou.info/
Official Instagram https://www.instagram.com/yoron_island_official/

Blue beaches and blue skies - welcome to ""Yoron Blue"".
Water so clear, you see right through it. The ocean and sky blend together to create true bliss.  Experience the unique island culture, food and people in your next unforgettable adventure.

Blue seas and skies.
Yoron Island, overflowing with ""Yoron Blue"".
A healing experience in a breathtaking view where the sea is so clear that shadows are cast on the seabed,
and the ocean and sky merge together, enriched by the island's culture, food, and warm people,
will color your vacation with special memories.

Created by 81plus https://81plus.jp/"
FRXVFVRn8IjWrIo3iRyK2,https://www.youtube.com/watch?v=-ng-r7bcfXc,EN,"[4K] [Photogenic] Dive into Bliss - YORON Island, Japan | 与論島","Learn more http://www.yorontou.info/
Official Instagram https://www.instagram.com/yoron_island_official/

Blue beaches and blue skies - welcome to ""Yoron Blue"".
Water so clear, you see right through it. The ocean and sky blend together to create true bliss.  Experience the unique island culture, food and people in your next unforgettable adventure.

Blue seas and skies.
Yoron Island, overflowing with ""Yoron Blue"".
An experience of healing amidst breathtaking views where the sea is so clear that shadows are cast on the seabed, and the ocean and sky merge together.
The rich island culture, delicious food, and warm people will color your vacation with special memories.

Created by 81plus https://81plus.jp/"
Trzv0cmyPo4qE4Ny3YWqN,https://www.youtube.com/watch?v=5MnVakBk850,EN,Yoron Island Japan in 8K HDR - 与論島,"Learn more about Yoron Island
https://travel.yorontou.info/

Turn on subtitles and the shooting location will be displayed.
字幕をONにすると、撮影地が表示されます。

Director, Editor: Yuki Eikawa
Photographer: Takashi Matsumura
Aerial Photographer: Motonari Baba
Underwater Photographer: AQUA Geo Graphic
Music: ""Passing Landscapes"" by Big Score Audio"
rS1SGFyXfCPpz46woYAyn,https://www.youtube.com/watch?v=5MSUAAro2tY,EN,Ukujima | 宇久島,"The film 'Ukujima~UKUJIMA~' is a tourism video that traces the legacy of Heike Morikuni, passed down on Ukujima, the northernmost island of the Goto Islands in Nagasaki Prefecture, which has won the Tourism Video Grand Prize and the highest award at the Japan International Tourism Film Festival, as well as three crowns at the Portugal International Tourism Film Festival ART&TUR 2022.

□ Awards
Academy Award accredited: International Short Film Festival Short Shorts Film Festival & Asia 2022 / Tourism Video Grand Prize (Minister of Land, Infrastructure, Transport and Tourism Award) winner

4th Japan International Tourism Film Festival / Grand Prix in the Japan category winner
*Best Work Award in the Tourism Destination City category

15th Portugal International Tourism Film Festival 'ART&TUR2022' 1st Prize in the Adventure & Expeditions category

For beautiful nature and romantic historical tourism information about Ukujima, visit here
https://www.ukujima.com/

Instagram:
https://www.instagram.com/u9jima/

Cast: Miu Shiota, Norihiko Ooshiro
		People of Ukujima

Director/Editor: Tetsuaki Nogami
Cinematography: Kohei Matsumoto
Lighting: Yuto Nakajima
Sound: Shota Kido
Camera Assistant: Yuki Takebe
Stylist: Go Ashihara
Hair & Makeup: Satomi Takaya
Production: Hika Nogami
Drone Photography: Takayuki Odawara
Writer: Mariko Kawabata
Title Design: Yufu Tomari
Translator: Aaron Jon Tatum/Shino Tsukiji

Executive Producer: Nagasaki International Television
Planning: Uku Town Tourism Association"
u-jhRWpSSMjp4hkI1o2u-,https://www.youtube.com/watch?v=HoPiDWrxG5A,EN,TOR is my ROAD 4K,"WEB SITE
https://etooto.jp/

トアロードの住人であろうがなかろうが、人生のなかでトアロードに立ち寄った時間は、あなたの歩いていく道にきっと花を咲かせるだろう、という想いを込めたタイトルです。
モスクがあり、中国料理店があり、インターナショナルスクールがあり・・・
開港当時から異文化を受け入れてきた神戸トアロードは、昔からいわゆるダイバーシティの考え方が根付いています。
「風のまち」と呼ぶ人もあり。港町の特性からか、来る人を拒まず、去る人を追わず。
独自のカルチャーが根付き、その独特の磁場に弾き寄せられて、わざわざ遠くから足を運ぶファンの多いまちです。わざわざ、神戸のなかでも、この「南北１kmの美しい寄り道」を選んで歩く人の人生はきっとユニークかつ、豊かなものに変わるでしょう。

主催：トアロード中央商店街振興組合
物語：村上美香
題字：東學
音楽：谷川賢作「こいぬのきもち」
語り：深川和美
制作：松村聡
映像：楠健太郎

協力
St.Michael's International School（聖ミカエル国際学校）
神戸ムスリムモスク
中国菜館 東天閣
近畿タクシー株式会社
Renu
Paul Tolhurst
Milk Studio"
WhEykhsnik_D__MxelfaD,https://www.youtube.com/watch?v=vmJMvDAM1dA,EN,Taste Tomonoura Together -Japanese-【鞆の浦】,"WEB SITE
https://etooto.jp/

In the local area, Tomonoura is referred to as ""Tomo =とも"".
This name, which resonates with the sounds of ""friend,"" ""companion,"" and ""together"" in Japanese, embodies the spirit of coexistence with nature that the people of Tomonoura have cherished, as well as the bonds of support among family and friends.
Through this film ""Together in Time,"" we invite you to return for a moment to the gentle and serene time that thrives in the Japan Heritage designated ""Tomonoura.""

● In Chapter Two ""Taste Together,"" we introduce the various delicious blessings of the Setouchi region through the sincere efforts of the fishermen and chefs living in this town.
Shall we enjoy it in a Japanese style? Or in an Italian style?"
8ZCgff_tk-1IPfQY2j_aQ,https://www.youtube.com/watch?v=4kRgilqpV1o,EN,Discover Tomonoura Together -Japanese-【鞆の浦】,"WEB SITE
https://etooto.jp/

In the local area, Tomonoura is referred to as ""Tomo =とも"".
This name, which resonates with the sounds of ""friend,"" ""companion,"" and ""together"" in Japanese, embodies the spirit of coexistence with nature that the people of Tomonoura have cherished, as well as the bonds of support among family and friends.
Through this video ""Together in Time,"" we invite you to return for a moment to the gentle and serene time that thrives in the Japan Heritage designated ""Tomonoura.""

● In Chapter One ""Discover Together,"" we introduce 10 activities that allow you to become friends with nature in the calm sea where tranquility continues.
Please enjoy the experience while feeling the sea breeze, like a fish or a bird."
f0RSB8O8wZcY2ZP1CaC_n,https://www.youtube.com/watch?v=h-IhFvY4xSQ,EN,COOL！NAGOYA NEWS（ARCHIVE）,"Hello everyone in Busan!!
This live broadcast will introduce you to ""New NAGOYA"" and ""Fun NAGOYA"".
After the live broadcast, you will surely want to visit NAGOYA, right??

*The quiz answers have ended as of February 17, 2022.

01:10 COOL！NAGOYA（DIGEST）
03:12 Opening／オープニング
03:57 GOLDSTAYOSU（HOTEL）
06:08 Chubu Electric Power MIRAI Tower／中部電力MIRAI TOWER
13:36 Higashiyama Zoo and Botanical Gardens／東山動植物園
20:44 GOLDSTAYOSU（ROOM）
24:26 BUCYO COFFEE
28:45 Introduction of Nagoya's famous sweets／名古屋銘菓紹介
40:59 Quiz／クイズ
45:16 Ending／エンディング
46:21 COOL！NAGOYA（WELLNESS）

We look forward to your viewing and participation!!

◎Introduction Spots
Chubu Electric Power MIRAI TOWER
https://www.nagoya-info.jp/ko/spot/detail/9/

Higashiyama Zoo
https://www.nagoya-info.jp/ko/spot/detail/4/

Nagoya Tourism Guide VISIT NAGOYA
https://www.nagoya-info.jp/ko/

Hello everyone in Busan!!
In this live broadcast, we will introduce ""New NAGOYA"" and ""Fun NAGOYA"".
After the live broadcast, you will surely want to visit NAGOYA, right??

*The quiz answers have ended as of February 17, 2022.

We look forward to your viewing and participation!!

◎Introduction Spots
Chubu Electric Power MIRAI TOWER
https://www.nagoya-info.jp/spot/detail/9/

Higashiyama Zoo
https://www.nagoya-info.jp/spot/detail/4/

Nagoya City Official Tourism Site ""Nagoya Concierge""
https://www.nagoya-info.jp/"
cKeP5EoO442UA7FCNUFIO,https://www.youtube.com/watch?v=1uQUKCNVlws,EN,Nagoya City Tourism PV - Photogenic Nagoya 中文简体 Chinese Simplified,
M24qjewEnS1zDj988nQ35,https://www.youtube.com/watch?v=c22Uq5-diWw,EN,Nagoya City Tourism PV - Photogenic Nagoya 中文繁體 Chinese Traditional,
rE_m-bP1o0Q1FIWcofabo,https://www.youtube.com/watch?v=z3s3OmwHLDo,EN,STAMP Memories in Nagoya,"The popular Thai artist ""STAMP APIWAT"" came to perform for fans both Thai and foreign at the Thai Festival Nagoya 2018!!
A video clip captures the activities of Mr. Stamp while he was in Nagoya, where he traveled and experienced the charm of the city.

The popular Thai artist ""STAMP APIWAT"" has arrived at the Nagoya Thai Festival! This fun video shows him visiting tourist spots and experiencing the charm of Nagoya during the live performance!

【Tourist Attractions / Places Visited】
▶Chubu Centrair International Airport／中部国際空港
http://www.centrair.jp/en/

▶Nagoya Castle／名古屋城
http://www.nagoyajo.city.nagoya.jp/13_english/index.html

▶Kinshachi Yokocho (金シャチ横丁)／金シャチ横丁（名古屋城）
http://kinshachi-y.jp/index.html

▶Nagoya Omotenashi Busho-Tai® (Nagoya Castle)／名古屋おもてなし武将隊
http://busho-tai.jp/profile_english/

▶Osu Kannon Temple (大須観音)／大須観音
https://www.nagoya-info.jp/th/see/facilities/osu_kannon_shinpukuji_temple.html

▶Bansho-ji Temple (萬松寺)／萬松寺
http://www.banshoji.or.jp/e/

▶Osu Shopping District (大須商店街)／大須商店街
http://inbound.nagoya-osu.com/en/

▶Sapporo Kani Honke, Sakae Chuo Branch／札幌かに本家
http://www.kani-honke.jp/th/

▶Banana Records／バナナレコード
http://www.bananarecord.com/shop_information/shop_osu

▶Cafe & Pancakes, gram Osu Branch／gram大須店（パンケーキショップ）
https://www.cafe-gram.com/en/shop/shop_detail/osu_shop.html

-----------------------
▶For more information on tourism in Nagoya／名古屋の観光情報はコチラ
https://www.nagoya-info.jp/th/

#nagoya #nagoyacastle #stampapiwat"
yAXGuCBq3X2aa1KwLmysb,https://www.youtube.com/watch?v=J49PuCCFR3o,EN,[Maizuru Kyoto] East Side Story / Travel in Japan / Cinematic Travel Vlog Maizuru Tourism PR Video,"English and Japanese below

The city of Maizuru is a port city located in the northern part of Kyoto Prefecture. In this video, we will introduce the eastern part of the city. It has a long history as a naval base since the Meiji era, and because of this, the ""Seascape with Warships"" has become a symbol of the city of Maizuru. The city has preserved many monuments related to the navy since ancient times. Here you can see both the blue sea and historical heritage. 
Be sure to watch the video about East Maizuru.

We thank the Maizuru Tourism Association for their assistance in organizing the filming. 
A big thank you to everyone who helped us with the filming!

Please subscribe to our channel!

► YouTube   https://www.youtube.com/channel/UCgJ1fenTgwsTDNgfQ1egFlw
► Instagram https://www.instagram.com/_unexpected_japan_/
► Twitter   https://twitter.com/JapanUnexpected
► Facebook  https://www.facebook.com/Unexpected-Japan-102942654851907/

The Unexpected Japan channel is operated by the specialized travel company Ayabex. We want to show you the beauty of Japan as we see it – tourism professionals. Inquiries about collaboration can be sent to unexpected-japan@ayabex.com

==================================================

Maizuru City is a port town located at the northern end of Kyoto Prefecture, and this video introduces the eastern side of Maizuru. 
This area has a long history as a naval port since the Meiji era, and ""the sea with warships"" is truly the trademark of Maizuru. The city has many historical sites related to the navy, and we are showcasing beautiful scenery that evokes a sense of history along with the blue sea. 
Please enjoy the captivating video of East Maizuru.

Production cooperation: Maizuru Tourism Association 
Thank you very much to everyone who cooperated with the filming!

==================================================

** Please subscribe to our channel! **

► YouTube   https://www.youtube.com/channel/UCgJ1fenTgwsTDNgfQ1egFlw
► Instagram https://www.instagram.com/_unexpected_japan_/
► Twitter   https://twitter.com/JapanUnexpected
► Facebook  https://www.facebook.com/Unexpected-Japan-102942654851907/

Unexpected Japan is a YouTube channel operated by Ayabex, a specialized inbound travel agency. 
We convey the charm of sightseeing throughout Japan from a professional perspective as a travel agency. 
For business inquiries, please contact us at unexpected-japan@ayabex.com

===================================================

English :
Hello everyone, we are introducing Maizuru city today. 
Maizuru is a port city located at the Northern end of Kyoto and has a long history as a naval harbor since the Meiji era. 
There are many historical sites related to the Navy. You can enjoy beautiful scenery with the blue sea that makes you feel the history. 
Please enjoy the fascinating video of Maizuru east side story.

Special Thanks to:
Maizuru Tourism Association
& people in Maizuru who cooperated with us!! Thank you very much!

===================================================

Where to introduce on this video :

▶Maizuru red brick park 舞鶴赤レンガパーク　
https://akarenga-park.com/

▶Kitasui former service reservoir 旧北吸浄水場配水池　
http://www.maizuru-kanko.net/spot/sightseeing/akarengatour.php

▶JR Matsuodera station & Cafe RuruteiJR 松尾寺駅　サロン・ド・流々亭（るるてい）
http://ruru-tei.com/info/2971143

▶Kongoin Temple 金剛院　
http://www.maizuru-kanko.net/spot/sightseeing/kongoin.php

▶Maizuru Crane Bridge 舞鶴クレインブリッジ　
http://www.maizuru-kanko.net/fc/location/detail/post_12.php

▶Maizuru Shinkai park 
舞鶴親海公園　http://www.maizuru-kanko.net/spot/sightseeing/shinkai.php

===================================================
""Unexpected Japan"" is a YouTube channel operated by Ayabex inc., an inbound travel agency. 
As a travel agency, we introduce the charms of sightseeing spots in Japan from a professional perspective.

** Please subscribe to us！ **

► YouTube   https://www.youtube.com/channel/UCgJ1fenTgwsTDNgfQ1egFlw
► Instagram https://www.instagram.com/_unexpected_japan_/
► Twitter   https://twitter.com/JapanUnexpected
► Facebook  https://www.facebook.com/Unexpected-Japan-102942654851907/

Please email us for business inquiry :
unexpected-japan@ayabex.com

===================================================

#japantrip
#japandestination
#maizuru"
n5bAdYRnWV_d1-xCGuY9y,https://www.youtube.com/watch?v=_RgfoZWUp5E,EN,Excellent Omi Wagyu beef & Sake brewery Japan Travel Vlog / Shiga & Fukui Tour vol.1 Shiga Edition - The Marriage of Japan's Three Major Wagyu - Omi Beef and Local Sake,"Shiga Prefecture is the starting point of this trip. The food culture has been passed down and loved by local people for a long time.

We visited a long-established Omi beef restaurant which has a history of over 100 years and a Sake brewery in Minakuchi-cho, Koga city and heard lots of valuable stories.

When you visit Shiga Prefecture, please try delicious Omi beef cuisine and sake that matches it very well.

Our next video will be about the traditional craft of Shiga, Shigaraki ware. Please look forward to it!

Special thanks to: Lake Biwa Visitors Bureau
Thanks for all who helped us
Camera: SONY VLOGCAM ZV-1

==================================================

▶松喜屋　Matsukiya
https://www.matsukiya.net/


▶美冨久酒造　Mifuku Sake Brewery
https://mifuku.co.jp/

==================================================

""Unexpected Japan"" is a YouTube channel operated by Ayabex Inc., an inbound travel agency.
As a travel agency, we introduce the charms of sightseeing spots in Japan from a professional perspective.

** Please subscribe to us! **

► YouTube https://www.youtube.com/channel/UCgJ1fenTgwsTDNgfQ1egFlw
► Instagram https://www.instagram.com/_unexpected_japan_/
► Twitter https://twitter.com/JapanUnexpected
► Facebook https://www.facebook.com/Unexpected-Japan-102942654851907/

Please email us for business inquiries:
unexpected-japan@ayabex.com
=================================================="
H6fo_xdUgIa6QtPZMd3pH,https://www.youtube.com/watch?v=wZGbQgf6JKA,EN,[Secret Kyoto Vol.2] AYABE - Japan Cinematic Travel Vlog by iphone11pro Rural Travel in Kyoto: Ayabe's Farm Stay & Experience,"AYABE in Kyoto prefecture. Just one hour from central of Kyoto city.
This city is rural country side, unknown well for sightseeing but we have great views everywhere in the city.
Please enjoy our video of summer scenery in Ayabe and feel free to visit us if you have chance!

The second installment of Secret Kyoto, Maxim's journey continues in Ayabe City. About an hour from Kyoto Station, the beautiful nature spreads in Ayabe City.
Experience farm stays, open-air Goemon baths, and Toko-in Temple, famous for its wind chimes. Please enjoy the beautiful summer in Ayabe.
============================================================

** PLEASE FOLLOW US, we would appreciate your subscription! **
► YouTube   https://www.youtube.com/channel/UCgJ1fenTgwsTDNgfQ1egFlw
► Instagram https://www.instagram.com/_unexpected_japan_/
► Twitter   https://twitter.com/JapanUnexpected
► Facebook  https://www.facebook.com/Unexpected-Japan-102942654851907/

===================================================
Where to go : This time's visit

Kurotani Washi paper village 黒谷和紙・800年の歴史ある伝統工芸
https://kurotaniwashi.kyoto/

Kumano shrine 熊野神社
Walking distance from Kurotani Washi museum(No website)

Pokapoka Noen ぽかぽかのうえん
https://pokapokanouen.jimdofree.com/

Shakuoji temple 岩王寺
https://www.ayabe-kankou.net/tourism/templesyakoji.html

Yuzuki ゆう月
https://www.ioriyuzuki.com/

Ayabe Bridge 綾部大橋
https://www.ayabe-kankou.net/tourism/tourism/ayabe-ohashi.html

Wakamiya Sake Brewery 若宮酒造
http://www.wakamiyasyuzou.com/main.html

Toko-in Temple 東光院
https://www.tambatokoin.com/

Ayabe Fureai Farm 綾部ふれあい牧場
https://fureaiboku.exblog.jp/

===================================================
"
dP2VJb_EOtE9J5kdrx_yz,https://www.youtube.com/watch?v=WWPqVPLhiDQ,EN,The Voice of the Scarecrow Village - かかしの村の声 [ #Poem #Tokushima #filmfestival ],"Our first video that is officially selected for a film festival!
https://jwtff.world/aiovg_videos/2022_j201/

The foreigner who visited the sky village where time has stopped quietly leaves the memories of that person who traveled with the welcoming scarecrow in the village. Just to mark that eternal moment.

This poem is meant to reflect our final adventure together and this beautiful Nagoro Scarecrow Village and its surroundings. Making youtube videos together have gotten us to go places we never knew we would. Although it didn't last long, we have been able to see and experience things we never imagined possible in Japan. I visited Iya Valley with my friend last year. We had the time of our life. It was only the two of us. I documented our travel around Shikoku. After our trip to Shikoku, we came back to Tokyo and we went our separate ways. I have never seen her since, and she never had the chance to see this video. With this video, I hope besides promoting the Nagoro “Scarecrow” Village, I can reach her out somehow. The poem represents my feelings towards her after our trip but at the same time, it also symbolizes reaching out to people from far away to see the Nagoro “Scarecrow” Village.

Last year, I visited Iya Valley with my friend. We had a special time there. It was a space just for the two of us. I documented our journey in Shikoku. After returning to Tokyo, we went our separate ways. Since then, I have not seen her, and she never had the chance to see this film. With this film, I hope to not only promote the Nagoro “Scarecrow” Village but also somehow reach out to her. This poem expresses my feelings towards her after our trip. At the same time, it conveys my desire for people from afar to see the Nagoro “Scarecrow” Village.

I would like to promote the Nagoro “Scarecrow” Village in Tokushima Prefecture. When I visited this place with my friend, there were no tourists other than us. The local people we met were very friendly, and their desire for more people to visit their beautiful hometown and its surroundings was palpable. Some of my foreign friends have heard of this place, but very few have actually seen it. Most have never even heard of it. However, after showing them the film, they expressed a desire to visit this place. They also asked about the directions and the costs needed to get there. I hope that after watching this film, they will visit the village in Iya Valley and other places, just like my friend did.

Special Thanks:
THE MUSIC & SFX FOR THIS VIDEO ARTLIST: https://artlist.io​ --- Start Free Now!"
7vu17IQ33acmwPwYB-mou,https://www.youtube.com/watch?v=9OTdmi_-otA,EN,looking for the shine 輝きを探して　ふくい嶺北連携中枢都市圏 景観PR映像 第７弾,"In preparation for the opening of the Hokuriku Shinkansen Fukui, we are producing a landscape PR video in the Fukui Reihoku Collaborative Core City Area.

【Video Content】
(Theme)
Looking for the shine beyond the viewfinder

(Explanation)
It showcases the dedication of a photographer in pursuit of the ideal photo and the city illuminated by light, hinting at the arrival of a new era.

(Video Index)
0:00 Opening
0:12 Asuwa River Cherry Tree Row （福井市）
0:23 Kuzuryu River & Shin-Kuzuryu Bridge（福井市）
0:31 Observatory of Mt.Murakuni（越前市）
0:36 Lotus Flowers（南越前町）
0:45 Windmill（あわら市）
0:52 Mt.Hino & Hino River（越前市）
0:57 Fields of Sabae Nabanamai（鯖江市）
1:02 Asuwa River & Fukui Cityscape（福井市）
1:09 Sea of Clouds of Mt.Mitoko（鯖江市）
1:15 Miyadani Quarry Ruins（あわら市）
1:25 A field of buckwheat spread all over（坂井市）
1:31 Echizen Narcissus（福井市）
1:34 Ayu Sweatfish swimming upstream（福井市）
1:40 Hokuriku Shinkansen
2:10 Introduction of filming locations

(Cast)
Yuta Tomosaki (Photographer)
From Fukui City. In 2022, published photo books ""The Blue I Saw Back Then"" and ""The World I Want to Capture is in My Hometown.""
Homepage
https://tomosaki-photo.com/
X
https://twitter.com/photono_gen?s=21&t=fY9xJ46wq_zY_tvLyl0H_g
Instagram
https://www.instagram.com/photono_gen/

(Other Landscape PR Videos)
https://www.youtube.com/watch?v=__80kkJmSlE

https://www.youtube.com/watch?v=LHy4b4ro0ow

https://www.youtube.com/watch?v=tjqAhBlSwAs&t=3s

https://www.youtube.com/watch?v=Lr0CZbsFPnk

https://www.youtube.com/watch?v=BOYsNYc1Xb8&t=67s

https://www.youtube.com/watch?v=zDrAJ5bm2KA

#HokurikuShinkansen #Landscape #FukuiTourism #FukuiPrefecture #Travel #Scenery #FukuiScenery #FukuiAttractions #FukuiHighlights"
ZDybrkbYx_IMY0rvJ9YSi,https://www.youtube.com/watch?v=ZEQKW8xlKh0,EN,A New Awakening 目覚め【4K】,
FftedX4FpL_fhZL4jw0Pd,https://www.youtube.com/watch?v=wzByRRz5hDE,EN,【温泉 Onsen Hot springs】BREATHTAKING KAGOSHIMA〜心奪われる鹿児島〜,"#Kagoshima #Onsen #onsen

The over 2,700 natural hot springs in the prefecture are a gift from the volcanoes. Through onsen, people connect and lives are nurtured. This is the everyday life of Kagoshima.

Experience the simple everyday luxury of nurturing waters from volcanic hot springs. Underground magma heats over 2,700 natural onsen across Kagoshima Prefecture. Local people meet and bathe in the soothing waters, relaxing and exchanging stories about their lives.

【BREATHTAKING KAGOSHIMA～心奪われる鹿児島～】
https://kagoshima-trip.jp/breathtaking/

Other videos can be found here

●Kagoshima
https://youtu.be/94K0NK8ivcI
●Historical Places
https://youtu.be/a3IXP2H3BSA
●Food
https://youtu.be/a0gQl85L82I
●Yakushima
https://youtu.be/xicxziXpAto
●Amami Oshima&Tokunoshima
https://youtu.be/RP6aSx67lUo

●Special 30 seconds
https://youtu.be/ppMUvGWmqfA
●Special 60 seconds
https://youtu.be/OwhWxkw_f1U"
vdnlavEuHbq5Gu2n7ulR9,https://www.youtube.com/watch?v=wG5iMPr1jY0,EN,【伊東市PR】My hometown is a city that seduces a lot of people -,"'4th Japan International Tourism Film Festival Japan Division Vlog Excellent Work'

Now, when the decline of 'tourist destinations' due to the COVID-19 pandemic is being whispered,
it is necessary to reaffirm the charm of those places.

In my hometown 'Ito', there are many 'sources of light', and I have seen many people come from all over the country to illuminate them.

A tourist destination can only exhibit its greatest charm with the presence of visitors.

To deliver such wonderful charm, please help spread the word.

#ItoCity #Ito #ShizuokaPrefecture

▷Follow Me
Instagram ; https://www.instagram.com/rosyfilife
Twitter ; https://twitter.com/rosyfilife

▷info
We are waiting for requests for video production, including PR videos.
Please feel free to contact us through the inquiry form at this link (https://lit.link/rosyfilife)."
kmAuwJjm27-rB3aQd1FA-,https://www.youtube.com/watch?v=zZrAblKDUOE,EN,Let's Go to the USA - Nature Spot Tour Edition,"【Michi-no-Eki Innai】
・Address: 1381-2, Soi, Innai-machi, Usa-city, Oita-pref
・電話番号（Tel）: 0978-42-5539
・Open: 10am-5pm

【Restaurant Asagiri-no-shou】
・Address: 828-2, Shimoge, Ajimu-machi, Usa-city, Oita-pref
・電話番号（Tel）: 0978-44-1236
・Open: 8:30am-5pm, Closed on Dec. 30th～Jan 1st"
F62vfIHJyT0O7sbcj6OW4,https://www.youtube.com/watch?v=-euaYYO_b5U,EN,Let's Go to the USA - Yokkaichi Monzen Town Stroll Edition,"【Negiya's Negiyaki】
・Address: 1398-2, Yokkaichi, Usa-city, Oita-pref
・電話番号(Tel): 080-2721-6946
・Open: 11am-2:30pm, 4:30pm-9pm (Mon 11am-6pm)
・Closed on Tuesday.

【Michiyard cafe】
・Address: 1354-1, Yokkaichi, Usa-city, Oita-pref
・電話番号(Tel): 080-3225-0821
・Open: 12am-3:30pm, 9pm-2am
・Irregular holidays"
-UnYX69cZPl44tvaKGR7V,https://www.youtube.com/watch?v=vPaspkvB8Jw,EN,THE FACES OF SHIKOKU 30 seconds ver.,"This video is based on the concept of ""people"", ""nature"" and ""pilgrimage"" in Shikoku.

#Visitjapan
#Shikoku
#TourismShikoku
#ShikokuPilgrimage
#Tokushima
#Kagawa
#Ehime
#Kochi
#四国ツーリズム創造機構
#四国遍路
#四国八十八ヶ所
#徳島県
#香川県
#愛媛県
#高知県"
V0fldKITBDLzH_sNqJP22,https://www.youtube.com/watch?v=RWyMygSQoqk,EN,Eco tourism in Amagi Town Tokunoshima Island English subtitles - Amami Islands Certified Eco Tour Guide Tokunoshima Island Amagi Town Edition English Subtitles,"Wide Area Administration Association of Amami Islands
Amami Islands Ecotourism

This video covers a story of the Amami Island Certified Ecotour Guide, Matsumura-san who lives in Amagi Town, Tokunoshima Island.

For more information of eco-tours and guides, please check each island’s tourism association.

Here is for TOKUNOSHIMA ISLAND.
Tokunoshima Tourism Organization (一般社団法人 徳之島観光連盟)
http://www.tokunoshima-kanko.com/

＃世界自然遺産 ＃生物多様性 ＃奄美群島 ＃国立公園 ＃徳之島 ＃天城町 ＃当部集落 ＃アマミノクロウサギ ＃エコツアー ＃エコツアーガイド ＃自然体験
# World Natural Heritage # Biodiversity # Amami Islands # National Park # Tokunoshima # Amagi Town # Tobe Village # Amami Rabbit # Eco Tour # Eco Tour Guide # Nature Experience"
XL2viE-mYd9Nc60peYG99,https://www.youtube.com/watch?v=qLZYQ8kZsNA,EN,Certified Eco Guide of Amami Islands Uken Village - Eco tourism in Amami Oshima Island Uken Village Chinese Subtitles,"Amami Islands Comprehensive Management Association
Amami Islands Eco Tourism Experience Project
We interviewed Mr. Tsuneda, a certified eco guide living in Uken Village, Amami Oshima, and conducted an online tour.

For inquiries about guides and tourism, please contact the tourism association of each island.

Amami Tourism & Products Federation (一般社団法人 あまみ大島観光物産連盟)
https://www.amami-tourism.org/

#WorldNaturalHeritage #NaturalMonument #Biodiversity #AmamiIslands #NationalPark #AmamiOshima #UkenVillage #EcoTour #EcoTourGuide #NatureExperience #MountainStream #Birdwatching
#WorldNaturalHeritage #NaturalMonument #Biodiversity #AmamiIslands #NationalPark #AmamiOshima #UkenVillage #EcoTour #EcoTourGuide #NatureExperience #Stream #Birdwatching"
3gqWBWYq_YLXNGq__t9Yj,https://www.youtube.com/watch?v=nFxdYzGmTcE,EN,Amami District Certified Eco Guide - Eco tourism in Yoron Town Yoronima Island Chinese subtitles,"Amami Islands Comprehensive Management Association
Amami Islands Eco Tourism Experience Project
We interviewed Mr. Ikeda, a certified eco guide living in Yoron Town on Yoron Island,
and conducted an online tour.

For inquiries about guides and tourism,
please contact the tourism association of each island.

Yoron Tourism Association (一般社団法人 ヨロン島観光協会)
http://www.yorontou.info/

#World Natural Heritage #Biodiversity #Amami Islands #National Park #Yoron Island #SUP #Coast Cleaning #Eco Tour #Eco Tour Guide #Nature Experience #Yurigahama beach
# World Natural Heritage # Biodiversity # Amami Islands # National Park # Yoron Island # Yoron Town # SUP # Coast Cleaning # Eco Tour # Eco Tour Guide # Nature Experience # Microplastic #Yurigahama beach"
tc73kDNW84IIPaogIlVKJ,https://www.youtube.com/watch?v=fNRgQVYEG7s,EN,Amami District Translation Guide Okinoerabu Island China Town - Eco tourism in China Town Okinoerabujima Island Chinese subtitles,"Amami Islands Comprehensive Management Association
Amami Islands Ecotourism Experience Project
We interviewed Ms. Arakawa, a translation guide living in China Town, Okinoerabu Island,
and conducted an online tour.

For inquiries about guides and tourism,
please contact the tourism association of each island.

Okinoerabu Island Tourism Association (一般社団法人 おきのえらぶ島観光協会)
http://www.okinoerabujima.info/

#World Natural Heritage #Biodiversity #Amami Islands #National Park #Okinoerabujima #Ecotourism #Ecotourism Guide #Translation Guide #Nature Experience
#世界自然遺産 #生物多様性 #奄美群島 #国立公園 #沖永良部島 #知名町 #エコツアー #エコツアーガイド #地域通訳案内士 #自然体験 #芭蕉布 #重要無形文化財 #織物
# World Natural Heritage # Biodiversity # Amami Islands # National Park # Okinoerabujima # China Town # Eco Tour # Eco Tour Guide # Regional Interpreter Guide # Nature Experience # Bashofu"
K5I5Mib9ncQcJwZBd1Ut0,https://www.youtube.com/watch?v=NkuatLFtj7E,EN,Amami District Certified Eco Guide Tokunoshima Island Isen Town - Eco tourism in Isen Town Tokunoshima Island Chinese subtitles,"Amami Islands Comprehensive Management Association
Amami Islands Eco Tourism Experience Project
We interviewed Ms. Seki, a certified eco guide living in Isen Town, Tokunoshima Island,
and conducted an online tour.

For inquiries about guides and tourism,
please contact the tourism association of each island.

Tokunoshima Tourism Organization (一般社団法人 徳之島観光連盟)
http://www.tokunoshima-kanko.com/

#World Natural Heritage #Biodiversity #Amami Islands #Tokunoshima #Folklore #Customs #Culture #Interview Survey #National Park
#世界自然遺産 ＃生物多様性 ＃奄美群島 ＃徳之島 ＃伊仙町＃民俗 ＃風習 ＃文化 ＃聞き取り調査＃国立公園
#World Natural Heritage #worldheritage #amami #Biodiversity # Tokunoshima # Isen Town # Folklore # Customs # Culture # Interview ＃National park"
ZsEVU_Z4Z6ZH8PZEPBbxm,https://www.youtube.com/watch?v=XgOLzdpEWQA,EN,"Certified Eco Guide of Amami Islands, Tokunoshima, Tokunoshima Town - Eco tourism in Tokunoshima Town Tokunoshima Island Chinese subtitles","Amami Islands Comprehensive Management Association
Amami Islands Eco Tourism Experience Project
We interviewed Mr. Motoda, a certified eco guide living in Tokunoshima Town, Tokunoshima Island,
and conducted an online tour.

For inquiries about guides and tourism,
please contact the tourism association of each island.

Tokunoshima Tourism Organization (一般社団法人 徳之島観光連盟)
http://www.tokunoshima-kanko.com/

# World Natural Heritage # Biodiversity # Amami Islands # National Park # Tokunoshima # Tokunoshima Town # Cycad Trees # Eco Tourism # Eco Tour Guide # Nature Experience # Kanami Village
# 世界自然遺産 # 生物多様性 # 奄美群島 # 国立公園 # 徳之島 # 徳之島町 # ソテツ並木 # エコツアー # エコツアーガイド # 自然体験"
3wT33uR-20x-Y3rgHpleb,https://www.youtube.com/watch?v=ewptj6kS7OQ,EN,Eco tourism in Amami City Amami Oshima Island English Sub - Amami Islands Certified Ecotour Guide Amami Oshima Amami City Edition with English Subtitles,"©️Wide Area Administration Association of Amami Islands
Amami Islands Ecotourism

This video covers a story of the Amami Island Certified Ecotour Guide, Oki-san who lives in Amami City, Amami Oshima Island.

For more information of eco-tours and guides, please check each island’s tourism association.

Here is for Amami Oshima Island.
Amami Tourism & Products Federation (一般社団法人 あまみ大島観光物産連盟)
https://www.amami-tourism.org/

＃奄美大島 ＃世界自然遺産 ＃生物多様性 ＃奄美群島 ＃国立公園 ＃奄美市＃フォエールウォッチング ＃ウミガメ ＃イルカ
# Amami # World Natural Heritage # Biodiversity # Amami Islands # National Park # Amami Oshima # Amami City # Whale Watching # Sea Turtle # Dolphin"
WPOccaFzzw3kLDVkEyArP,https://www.youtube.com/watch?v=NK9Mw2sTVIE,EN,Amami District Interpreter Guide Yamato Village Amami Oshima Island - Eco tourism in Yamato Village Amami Oshima Island Chinese subtitles,"Amami Islands Comprehensive Management Association
Amami Islands Eco Tourism Experience Project
We interviewed Ms. Nakayama, an interpreter guide living in Yamato Village, Amami Oshima Island,
and conducted an online tour.

For inquiries about guides and tourism,
please contact the tourism association of each island.

Amami Tourism & Products Federation (一般社団法人 あまみ大島観光物産連盟)
https://www.amami-tourism.org/

#World Natural Heritage # Biodiversity # Amami Islands # National Park # Amami Oshima # Yamato Village # Migration # Child-rearing # Eco Tour Guide # Eco Tour # Interpreter
# 世界自然遺産 # 生物多様性 # 奄美群島 # 国立公園 # 奄美大島 # 大和村 # 移住 # 子育て # エコツアーガイド # エコツアー # 地域通訳案内士"
dUQ_7dsHYP7rc0jMhmQpd,https://www.youtube.com/watch?v=MzXcth_ZGQ8,EN,"Translation Guide for Amami District, Tatsugo Town, Amami Oshima Island - Eco tourism in Tatsugo Town Amami Oshima Island Chinese subtitles","Amami Islands Comprehensive Management Association
Amami Islands Eco Tourism Experience Project
We interviewed Ms. Uchino, a translation guide living in Tatsugo Town, Amami Oshima Island,
and conducted an online tour.

For inquiries about guides and tourism,
please contact the tourism association of each island.

Amami Tourism & Products Federation (一般社団法人 あまみ大島観光物産連盟)
https://www.amami-tourism.org/

#World Natural Heritage #Biodiversity #Amami Islands #National Park #Amami Oshima #Tatsugo #Oshima Tsumugi #Tatsugo Model #Eco Tourism #Eco Tour Guide #Translation Guide
#世界自然遺産 #生物多様性 #奄美群島 #国立公園 #奄美大島 #龍郷町 #大島紬 #龍郷柄 #エコツアー #エコツアーガイド #地域通訳案内士
# World Natural Heritage # Biodiversity # Amami Islands # National Park # Amami # Tatsugo Town # Eco Tour # Eco Tour Guide # Oshima Tsumugi # kimono # Interpreter"
vwUWfOD_1BH5pnJ8GQP8n,https://www.youtube.com/watch?v=ATRGEV-Klyw,EN,Certified Eco Guide of Amami Islands Amami Oshima Amami City - Eco tourism in Amami City Amami Oshima Island Chinese Subtitles,"Amami Islands Comprehensive Management Association
Amami Islands Eco Tourism Experience Project
We interviewed Mr. Ko, a certified eco guide living in Amami City, Amami Oshima, and conducted an online tour.

For inquiries about guides and tourism, please contact the tourism association of each island.

Amami Tourism & Products Federation (一般社団法人 あまみ大島観光物産連盟)
https://www.amami-tourism.org/

#Amami Oshima #World Natural Heritage #Biodiversity #Amami Islands #National Park #Amami City #Whale Watching #Sea Turtle #Dolphin
＃奄美大島 ＃世界自然遺産 ＃生物多様性 ＃奄美群島 ＃国立公園 ＃奄美市＃フォエールウォッチング ＃ウミガメ ＃イルカ
# Amami # World Natural Heritage # Biodiversity # Amami Islands # National Park # Amami Oshima # Amami City # Whale Watching # Sea Turtle # Dolphin"
R__Rj3g1WIqZwY0MwO8uQ,https://www.youtube.com/watch?v=fk-9-F1ArIU,EN,Tokunoshima KAMUIYAKI Forest Eco Tour - Eco tourism in Tokunoshima Island Chinese Subtitles,"Amami Islands Comprehensive Management Association
Amami Islands Eco Tourism Experience Project
We interviewed certified eco-guides living in the Amami Islands and conducted an online tour
Consultation regarding guides and tourism

For inquiries about guides and tourism
Please contact the tourism association of each island

Tokunoshima Tourism Organization (General Incorporated Association Tokunoshima Tourism Federation)
http://www.tokunoshima-kanko.com/

#World Natural Heritage #Biodiversity #Amami Islands #National Park #Tokunoshima #Hiking #Nature Experience #Eco Tour #Eco Tour Guide
#世界自然遺産 #生物多様性 #奄美群島 #国立公園 #徳之島 #カムイヤキ #ハイキング #自然体験 #エコツアー #エコツアーガイド
# World Natural Heritage # Biodiversity # Amami Islands # National Park # Tokunoshima # Kamuiyaki # Hiking # Nature Experience # Eco Tour # Eco Tour Guide"
CqNbvZWsoD_hofqv3Z7CA,https://www.youtube.com/watch?v=YUCCvyGHyZQ,EN,Okinoerabu Island Cave Exploration - Eco tourism in Okinoerabujima Island Chinese Subtitles,"Amami Islands Comprehensive Management Association
Amami Islands Ecotourism Experience Project
We interviewed certified eco-guides living in the Amami Islands and conducted an online tour
Consultation regarding guides and tourism

For inquiries about guides and tourism
Please contact the tourism association of each island

Okinoerabu Island Tourism Association (一般社団法人 おきのえらぶ島観光協会)
http://www.okinoerabujima.info/

# World Natural Heritage # Biodiversity # Amami Islands # National Parks # Okinoerabujima # Caving # Limestone Cave # Eco Tour # Eco Tour Guide # Nature Experience
# 世界自然遺産 # 生物多様性 # 奄美群島 # 国立公園 # 沖永良部島 # ケイビング # 鍾乳洞 # エコツアー # エコツアーガイド # 自然体験"
n6nCfdbwlyTptQTJMtrMV,https://www.youtube.com/watch?v=ilbwEn92-XU,EN,Kikaijima Island Brown Sugar Shochu Brewery Tour - Eco tourism in Kikaijima Island Chinese subtitles,"Amami Islands Comprehensive Management Association
Amami Islands Ecotourism Experience Project
We interviewed certified eco-guides living in the Amami Islands and conducted an online tour
Consultation regarding guides and tourism

For inquiries about guides and tourism
Please contact the tourism association of each island

Kikaijima Tourism Association Kikaijima Comprehensive Information Site【Kikaijima Navi】
http://kikaijimanavi.com/

#World Natural Heritage #Biodiversity #Amami Islands #National Park #Kikaijima #Brown Sugar Shochu #Sake Brewery Tour #Sugarcane #Eco Tour Guide #Eco Tour #Nature Experience #Sugarcane #Eco Tour Guide #Eco Tour #Nature Experience
#世界自然遺産 #生物多様性 #奄美群島 #国立公園 #喜界島 #黒糖焼酎 #酒造見学 #サトウキビ #エコツアーガイド #エコツアー #自然体験
#World Natural Heritage #Biodiversity #Amami Islands #National Park #Kikaijima #Brown Sugar Shochu #Sake Brewery Tour #Satoukibi #Eco Tour Guide #Eco Tour #Nature Experience"
RWMk8Nx0pAjAJ1SVahVAM,https://www.youtube.com/watch?v=Lp3fmN_9ylU,EN,Yoron Island Castle Ruins Hiking - Eco tourism in Yoronjima Island Chinese subtitles,"Amami Islands Comprehensive Management Association
Amami Islands Ecotourism Experience Project
We interviewed certified ecotour guides living in the Amami Islands and conducted an online tour
Consultation regarding guides and tourism

For inquiries about guides and tourism
Please contact the tourism association of each island

Yoron Tourism Association (一般社団法人 ヨロン島観光協会)
http://www.yorontou.info/

#World Natural Heritage #Biodiversity #Amami Islands #National Park #Yoron Island #Castle Ruins #Hiking #Climbing #Eco Tour #Eco Tour Guide #Nature Experience
#世界自然遺産 ＃生物多様性 ＃奄美群島 ＃国立公園 ＃与論島 ＃ヨロン島 ＃城跡 ＃ハイキング ＃クライミング ＃エコツアー ＃エコツアーガイド ＃自然体験
#World Natural Heritage #Biodiversity #Amami Islands #National Park #Yoron Island #Castle Ruins #Hiking #Climbing #Eco Tour #Eco Tour Guide #Nature Experience"
iPrRVU7eEiuTjLKRYZxqn,https://www.youtube.com/watch?v=h5utODvtO-Y,EN,Eco tourism in Amami Oshima Island Chinese subtitles,"Amami Islands Comprehensive Management Association
Amami Islands Eco Tourism Experience Project
We interviewed certified eco-guides living in the Amami Islands and conducted an online tour
Consultation regarding guides and tours

For inquiries about guides and tours
Please contact the tourism association of each island

Amami Tourism & Products Federation (一般社団法人 あまみ大島観光物産連盟)
https://www.amami-tourism.org/

#World Natural Heritage #Biodiversity #Amami Islands #National Park #Amami Oshima #Hiking #Giant Trees #Eco Tour #Eco Tour Guide #Nature Experience #Bird watching
#世界自然遺産 #生物多様性 #奄美群島 #国立公園 #奄美大島 #ハイキング #巨木 #エコツアー #エコツアーガイド #自然体験 #バードウォッチング"
AiHLYrEe_uV_BunbKgLaE,https://www.youtube.com/watch?v=4r5dlE258fg,EN,Eco tourism in Uken Village Amami Oshima Island English Subtitles - Amami Islands Ecotour Guide Uken Village Edition English Subtitles,"©️Wide Area Administration Association of Amami Islands
Amami Islands Ecotourism

This video covers a story of the Amami Island Certified Ecotour Guide, Tsuneda-san who lives on Amami Oshima Island.

For more information of eco-tours and guides, please check each island’s tourism association.

Here is for Amami Oshima
Amami Tourism & Products Federation (一般社団法人 あまみ大島観光物産連盟)
https://www.amami-tourism.org/

＃世界自然遺産 ＃天然記念物 ＃生物多様性 ＃奄美群島 ＃国立公園 ＃奄美大島 ＃宇検村 ＃エコツアー＃エコツアーガイド ＃自然体験 ＃シマオオタニワタリ ＃渓流  ＃バードウォッチング
# World Natural Heritage # Natural Monument # Biodiversity # Amami Islands # National Park # Amami Oshima # Uken Village # Eco Tour # Eco Tour Guide # Nature Experience # Bird watching"
ZopHbDrUgQxIH86XjLWOA,https://www.youtube.com/watch?v=plZCaZJiEv8,EN,Eco tourism in Yoron Town Yoronima Island English Subtitle - Amami Islands Certified Eco Tour Guide Yoron Island Yoron Town Edition,"©️Wide Area Administration Association of Amami Islands
Amami Islands Ecotourism

This video covers a story of the Amami Island Certified Ecotour Guide, Ikeda-san who lives in Yoron Town, Yoron Island.

For more information of eco-tours and guides, please check each island’s tourism association.

Here is for YORON ISLAND.
Yoron Tourism Association (一般社団法人 ヨロン島観光協会)
http://www.yorontou.info/

＃世界自然遺産 ＃生物多様性 ＃奄美群島 ＃国立公園 ＃与論島 ＃ヨロン島＃与論町＃SUP ＃海岸清掃 ＃エコツアー ＃エコツアーガイド ＃自然体験 ＃マイクロプラスティク#WorldNaturalHeritage #Biodiversity #AmamiIslands #NationalPark #YoronIsland #YoronIsland #YoronTown #SUP #CoastCleaning #EcoTour #EcoTourGuide #NatureExperience #Microplastic"
kJCifUN_hyXfMbKpmRzIj,https://www.youtube.com/watch?v=U9VQoovTRtQ,EN,Eco tourism in China Town Okinoerabujima Island English Subtitle - Amami Islands Ecotourism Guide Okinoerabujima Island Chinacho Edition,"©️Wide Area Administration Association of Amami Islands
Amami Islands Ecotourism

This video covers a story of the Amami Islands Area Licensed Guide Interpreter, Arikawa-san who lives in China Town, Okinoerabujima Island.

For more information of eco-tours and guides, please check each island’s tourism association.

Here is for OKINOERABUJIMA ISLAND.
Okinoerabujima Island Tourism Association(一般社団法人 おきのえらぶ島観光協会)
http://www.okinoerabujima.info/

＃世界自然遺産 ＃生物多様性 ＃奄美群島 ＃国立公園 ＃沖永良部島 ＃知名町＃エコツアー ＃エコツアーガイド ＃地域通訳案内士 ＃自然体験 ＃芭蕉布 #重要無形文化財 #織物 #WorldNaturalHeritage #Biodiversity #AmamiIslands #NationalPark #Okinoerabujima #ChinaTown #EcoTour #EcoTourGuide #RegionalInterpreterGuide #NatureExperience #Bashofu"
tLjv1wkYdKGpArxYRa87y,https://www.youtube.com/watch?v=BAGMeCUk9Uk,EN,"Eco tourism in Wadomari Town Okinoerabujima English Subtitle - Amami Islands Ecotourism Guide Wadomari Town, Okinoerabujima Island","©️Wide Area Administration Association of Amami Islands
Amami Islands Ecotourism

This video covers a story of the Amami Islands Area Licensed Guide Interpreter, Yoshinari-san who lives in Wadomari Town, Okinoerabujima Island.

For more information of eco-tours and guides, please check each island’s tourism association.

Here is for OKINOERABUJIMA ISLAND.
Okinoerabu Island Tourism Association(一般社団法人 おきのえらぶ島観光協会)
http://www.okinoerabujima.info/

＃世界自然遺産 ＃生物多様性 ＃奄美群島 ＃国立公園 ＃沖永良部島 ＃和泊町＃エコツアー ＃エコツアーガイド ＃地域通訳案内士 ＃自然体験 ＃遺跡
# World Natural Heritage # Biodiversity # Amami Islands # National Park # Okinoerabujima # Wadomari Town # Eco Tour # Eco Tour Guide # Regional Interpreter Guide # Nature Experience # Ruins"
X4YeUR4hMv6AH_lXB3eIS,https://www.youtube.com/watch?v=_SqAGpP_sSg,EN,Eco tourism in Isen Town Tokunoshima Island English subtitles - Amami Islands Certified Ecotour Guide Isen Town Tokunoshima Island English Subtitles,"©️Wide Area Administration Association of Amami Islands
Amami Islands Ecotourism

This video covers a story of the Amami Island Certified Ecotour Guide, Seki-san who lives in Isen Town, Tokunoshima Island.

For more information of eco-tours and guides, please check each island’s tourism association.

Here is for TOKUNOSHIMA ISLAND.
Tokunoshima Tourism Organization (General Incorporated Association Tokunoshima Tourism Federation)
http://www.tokunoshima-kanko.com/

#世界自然遺産 #worldheritage #amami ＃生物多様性 ＃徳之島 ＃伊仙町＃民俗 ＃風習 ＃文化 ＃聞き取り調査
#World Natural Heritage #worldheritage #amami #Biodiversity # Tokunoshima # Isen Town # Folklore # Customs # Culture # Interview"
dxKWAU7MJrX_QENKcyVIW,https://www.youtube.com/watch?v=XF4yxQ-bKXw,EN,Eco tourism in Tokunoshima Town Tokunoshima Island English subtitles - Amami Islands Certified Eco Tour Guide Tokunoshima Town Edition English Subtitles,"©️Wide Area Administration Association of Amami Islands
Amami Islands Ecotourism

This video covers a story of the Amami Island Certified Ecotour Guide, Motoda-san who lives in Tokunoshima Town, Tokunoshima Island.

For more information of eco-tours and guides, please check each island’s tourism association.

Here is for TOKUNOSHIMA ISLAND.
Tokunoshima Tourism Organization (一般社団法人 徳之島観光連盟)
http://www.tokunoshima-kanko.com/

＃世界自然遺産 ＃生物多様性 ＃奄美群島 ＃国立公園＃徳之島  ＃徳之島町＃ソテツ並木 ＃トゥッカ ＃金見集落 ＃エコツアー ＃エコツアーガイド ＃自然体験
# World Natural Heritage # Biodiversity # Amami Islands # National Park # Tokunoshima # Tokunoshima Town # Cycad Trees # Tukka # Kanami Village # Eco Tour # Eco Tour Guide # Nature Experience"
9NkRSNxYxUXFOO_lNL0oz,https://www.youtube.com/watch?v=7Lv5Bd67Wyo,EN,Eco tourism in Kikai Town Kikaijima Island English subtitles - Amami Islands Certified Eco Tour Guide Kikaijima Kikai Town Edition English Subtitles,"©️Wide Area Administration Association of Amami Islands
Amami Islands Ecotourism

This video covers a story of the Amami Island Certified Ecotour Guide, Takeda-san who lives in Kikai Town, Kikaijima Island.

For more information of eco-tours and guides, please check each island’s tourism association.

Here is for KIKAIJIMA ISLAND
Kikaijima Tourism Association
http://kikaijimanavi.com/

＃世界自然遺産 ＃生物多様性 ＃奄美群島 ＃国立公園＃喜界島 ＃喜界町 ＃阿伝集落 ＃石垣 ＃エコツアー ＃エコツアーガイド ＃自然体験 ＃農業 ＃サトウキビ ＃ゴマ
#World Natural Heritage #Biodiversity #Amami Islands #National Park #Kikaijima #Kikai Town #Aden Village #Ishigaki #Eco Tour #Eco Tour Guide #Nature Experience #Agriculture ＃sugar cane ＃sesame"
FKQB97y2455RHtZXg5aOI,https://www.youtube.com/watch?v=Q_j0c71C6tI,EN,Eco tourism in Yamato Village Amami Oshima Island English subtitles - 奄美群島エコツアーガイド 奄美大島 大和村編 英語字幕,"©️Wide Area Administration Association of Amami Islands
Amami Islands Ecotourism

This video covers a story of the Amami Islands Area Licensed Guide Interpreter, Nakayama-san who lives in Yamato Village, Amami Oshima Island.

For more information of eco-tours and guides, please check each island’s tourism association.

Here is for Amami Oshima Island.
Amami Tourism & Products Federation (一般社団法人 あまみ大島観光物産連盟)
https://www.amami-tourism.org/

＃世界自然遺産 ＃生物多様性 ＃奄美群島 ＃国立公園 ＃奄美大島 ＃大和村 ＃移住 ＃子育て ＃エコツアーガイド ＃エコツアー ＃地域通訳案内士
# World Natural Heritage # Biodiversity # Amami Islands # National Park # Amami Oshima # Yamato Village # Migration # Child-rearing # Eco Tour Guide # Eco Tour # Interpreter"
HqEa0sVCquSR85sYrGHmh,https://www.youtube.com/watch?v=P9alb56hGCk,EN,Eco tourism in Setouchi Town Amami Oshima Island English subtitles - Amami Islands Certified Ecotour Guide Kakeromajima Island Edition English Subtitles,"©️Wide Area Administration Association of Amami Islands
Amami Islands Ecotourism

This video covers a story of the Amami Island Certified Ecotour Guide, Teramoto-san who lives in Setouchi Town, Kakeromajima Island.

For more information of eco-tours and guides, please check each island’s tourism association.

Here is for Amami Oshima Island (Kakeromajima Island)
Amami Tourism & Products Federation (一般社団法人 あまみ大島観光物産連盟)
https://www.amami-tourism.org/

＃世界自然遺産 ＃生物多様性 ＃奄美群島 ＃国立公園＃奄美大島＃加計呂麻島 ＃瀬戸内町 ＃戦跡遺跡 ＃エコツアー ＃エコツアーガイド
# World Natural Heritage # Biodiversity # Amami Islands # National Park # Amami Oshima 
# Kakeromajima # Setouchi Town # Battlefield Ruins # Eco Tour # Eco Tour Guide ＃Dark tourism"
hvXGNROdhayRtyi160CmH,https://www.youtube.com/watch?v=C-D6sEWm3-4,EN,Eco tourism in Tatsugo Town  Amami Oshima Island English Subtitles - Amami Islands Ecotourism Guide Tatsugo Town Edition English Subtitles,"©️Wide Area Administration Association of Amami Islands
Amami Islands Ecotourism

This video covers a story of the Amami Islands Area Licensed Guide Interpreter, Uchino-san who lives in Tatsugo Town, Amami Oshima Island.

For more information of eco-tours and guides, please check each island’s tourism association.

Here is for Amami Oshima Island.
Amami Tourism & Products Federation (一般社団法人 あまみ大島観光物産連盟)
https://www.amami-tourism.org/

＃世界自然遺産 ＃生物多様性 ＃奄美群島 ＃国立公園 ＃奄美大島 ＃龍郷町 ＃大島紬 ＃龍郷柄 ＃エコツアー ＃エコツアーガイド ＃地域通訳案内士
# World Natural Heritage # Biodiversity # Amami Islands # National Park # Amami # Tatsugo Town  # Eco Tour # Eco Tour Guide ＃Oshima Tsumugi ＃kimono ＃Interpreter"
NtVu_4G5s_-TTWdJpk5D9,https://www.youtube.com/watch?v=eo06enyKZ7k,EN,Eco tourism in Tokunoshima Island English Subtitles 徳之島 カムィヤキの森 ハイキング 英語字幕,"©️Wide Area Administration Association of Amami Islands
Amami Islands Ecotourism

This video covers an eco-tour of Tokunoshima Island, one of the Amami Islands. The Amami Island Certified Ecotour Guide, Tsune-san living on Tokunoshima Island, she guided us to Kamuiyaki Forest.

For more information of eco-tours and guides, please check each island’s tourism association.

Here is for TOKUNOSHIMA ISLAND.
Tokunoshima Tourism Organization (一般社団法人 徳之島観光連盟)
http://www.tokunoshima-kanko.com/

＃世界自然遺産 ＃生物多様性 ＃奄美群島 ＃国立公園＃徳之島 ＃カムイヤキ ＃ハイキング ＃自然体験 ＃エコツアー ＃エコツアーガイド
# World Natural Heritage # Biodiversity # Amami Islands # National Park # Tokunoshima # Kamuiyaki # Hiking # Nature Experience # Eco Tour # Eco Tour Guide"
R83w0eOUMduOAWlnZVzz_,https://www.youtube.com/watch?v=ev1x5gYRsQo,EN,Eco tourism in Okinoerabujima Island English subtitles 沖永良部島 ケイビング 英語字幕,"©️Wide Area Administration Association of Amami Islands
Amami Islands Ecotourism

This video covers an eco-tour of Okinoerabujima Island, one of the Amami Islands. The Amami Island Certified Ecotour Guide, Kobayashi-san living on Okinoerabujima Island, he guided us to limestone caves.

For more information of eco-tours and guides, please check each island’s tourism association.

Here is for OKINOERABUJIMA ISLAND.
Okinoerabujima Island Tourist Information Office (一般社団法人 おきのえらぶ島観光協会)
http://www.okinoerabujima.info/

＃世界自然遺産 ＃生物多様性 ＃奄美群島 ＃国立公園 ＃沖永良部島 ＃ケイビング ＃鍾乳洞  ＃エコツアー ＃エコツアーガイド ＃自然体験
# World Natural Heritage # Biodiversity # Amami Islands # National Parks # Okinoerabujima # Caving # Limestone Cave # Eco Tour # Eco Tour Guide # Nature Experience"
Yq0_P-HWOx1vHIAjxa9kH,https://www.youtube.com/watch?v=qyc5GnEqDlU,EN,Eco tourism in Kikaijima Island English subtitles 喜界島 黒糖焼酎の酒造ツアー英語字幕,"©️Wide Area Administration Association of Amami Islands
Amami Islands Ecotourism

This video covers an eco-tour of Kikaijima Island, one of the Amami Islands. The Amami Island Certified Ecotour Guide, Tonochi-san living on Kikaijima Island, he guided us to Brown Sugar Shochu Distillery on the island.

For more information of eco-tours and guides, please check each island’s tourism association.

Here is for KIKAIJIMA ISLAND
Okinoerabujima Island Tourist Information Office (喜界島総合情報サイト【喜界島ナビ】)
http://kikaijimanavi.com/

＃世界自然遺産 ＃生物多様性 ＃奄美群島 ＃国立公園＃喜界島 ＃黒糖焼酎 ＃酒造見学 ＃サトウキビ ＃エコツアーガイド ＃エコツアー ＃自然体験
#World Natural Heritage #Biodiversity #Amami Islands #National Park #Kikaijima #Brown Sugar Shochu #Sake Brewery Tour #Satoukibi #Eco Tour Guide # Eco Tour # Nature Experience"
zNPwt6S9BnvVhBAYWFeCs,https://www.youtube.com/watch?v=xlk4ezHf24g,EN,Eco tourism in Yoronjima Island English subtitles 与論島 与論城跡 ハイキング 英語字幕,"©️Wide Area Administration Association of Amami Islands
Amami Islands Ecotourism 
This video covers an eco-tour of Yoron Island, one of the Amami Islands. The Amami Island Certified Ecotour Guide, Ayuba-san living on Yoron Island, he guided us to Yoron Castle Ruins.
For more information of eco-tours and guides, please check each island’s tourism association.

Here is for YORON ISLAND.
Yoron Tourism Association (一般社団法人 ヨロン島観光協会)
http://www.yorontou.info/

#世界自然遺産 ＃生物多様性 ＃奄美群島 ＃国立公園 ＃与論島 ＃ヨロン島 ＃城跡 ＃ハイキング ＃クライミング ＃エコツアー ＃エコツアーガイド ＃自然体験
#World Natural Heritage #Biodiversity #Amami Islands #National Park #Yoron Island #Castle Ruins #Hiking #Climbing #Eco Tour #Eco Tour Guide # Nature Experience"
fHYm5IV9k8B-sOQWvoN5k,https://www.youtube.com/watch?v=ipY6gcJpwbs,EN,Eco tourism in Amami Oshima Island English subtitles 奄美大島 不思議な巨木 ハイキング英語字幕,"©️Wide Area Administration Association of Amami Islands
Amami Islands Ecotourism
This video covers an eco-tour of Amami Oshima Island, one of the Amami Islands. The Amami Island Certified Ecotour Guide, Tsuneda-san living on Amami Oshima Island, he guided us the Hiking Tour of Mystical Giant Tree.
For more information of eco-tours and guides, please check each island’s tourism association.

Here is for AMAMI OSHIMA ISLAND.
Amami Tourism & Products Federation (一般社団法人 あまみ大島観光物産連盟)
https://www.amami-tourism.org/

＃世界自然遺産＃生物多様性 ＃奄美群島 ＃国立公園 ＃奄美大島  ＃ハイキング  ＃巨木  ＃エコツアー ＃エコツアーガイド ＃自然体験 ＃バードウォッチング
# World Natural Heritage # Biodiversity # Amami Islands # National Park # Amami Oshima # Hiking # Giant Trees # Eco Tour # Eco Tour Guide # Nature Experience # Bird watching"
rG58N-1-dYCg7F0zTBXUD,https://www.youtube.com/watch?v=LgITOfLGQn0,EN,Nakatsugawa & Gero PR Video 'Wonderful autumn days' Short Film [4K],"This video is a promotional film for the autumn in Gero City and Nakatsugawa City.
Please check the details of the tourist spots introduced in the video below. (In the order of video presentation)

【Nakatsugawa City】

00:00 Naegi Castle Ruins, Sea of Clouds (Naegi)
https://www.city.nakatsugawa.lg.jp/kanko/miru/1/3753.html

00:04 Kaba Lake Nature Park (Sakashita)
https://yasaka-kanko.jp/event/sobanohana.html

00:09 Yuyamori Valley [Park] (Kawakami)
http://youmorikeikoku.com

00:15 Igaguri no Sato Nakatsugawa Marron Park (Nakatsugawa)
https://maron.nakatsugawa.town/

00:17 Nakatsugawa City Interaction Ranch (Ochiai)
https://fureai-farm.com/

00:24 Nakasendo Magome-juku (Magome)
https://kiso-magome.com/

00:27 Naegi Castle Ruins, Sea of Clouds (Naegi)
https://www.city.nakatsugawa.lg.jp/kanko/miru/1/3753.html


【Gero City】

00:35 Iwaya Dam 'Tosenkyo Kanayama Lake'
https://www.water.go.jp/chubu/iwaya/
Iwaya Dam (Tosenkyo-kanayama Lake)

00:36 Kanayama Giant Stones (Kanayama)
http://hidakanayama.com/mystery.html

00:40 Gero Onsen Gassho Village (Gero Onsen)
http://www.gero-gassho.jp

00:43 Mase Rental Cycle (Mase)
https://www.mikinosato.co.jp/blog/日本で最も美しい村をサイクリング/

00:48 Jizoji Temple (Takehara)
https://www.jalan.net/kankou/spt_21220ag2132070850/activity_plan/?vos=evjacpy0001&pog=cr_569554873850_dv_c_mt_e_kw_金錫山地蔵寺_ac_632714&yclid=YSS.1000217386.EAIaIQobChMIiY_-nrL_9QIVWKqWCh3cNQw1EAAYASAAEgIPE_D_BwE&gclid=CMul6KCy__UCFRAdvAodff4Jnw&gclsrc=ds

00:52 Onsenji Temple (Gero Onsen)
http://www.onsenji.jp/lightup/index.html

00:55 Suimeikan (Gero Onsen)
https://www.suimeikan.co.jp

00:58 Gero Onsen Fireworks Story (Gero Onsen)
https://www.city.gero.lg.jp/site/kanko/list82-254.html


ーーーーーーーーーーーーーーーーーーーーーーーーーー

Gero Onsen Tourism Association
https://www.gero-spa.com

Nakatsugawa Tourism Association
https://nakatsugawa.town

ーーーーーーーーーーーーーーーーーーーーーーーーーー
#Nakatsugawa #GeroOnsen #Tourism"
2ndYv47zUZzTpyyPFOPb0,https://www.youtube.com/watch?v=8k5TB_QIMoI,EN,Gero Hot Springs / 下呂温泉（Gero-onsen） / Spring Summer+Autumn Winter 024,"Gero Hot Springs sits alongside the Hida River and was called one of the top three hot springs by philosopher Razan Hayashi, who served four shoguns, including Ieyasu Tokugawa and a Zen master at Kyoto Gozan during the Muromachi era, Banri Shuku.
Gero's hot spring mountain village makes an attractive tourist destination.

[ Gero-Spa Tourist Information ]
English：https://centrip-japan.com/spot/gerospa.html
简体中文：https://centrip-japan.com/tch/spot/gerospa.html
繁體中文：https://centrip-japan.com/sch/spot/gerospa.html
한국어：https://centrip-japan.com/spot/gerospa-kr.html
日本語：https://www.gero-spa.com/

00:00 しらさぎ緑地公園
00:22 森山神社のしだれ桜
00:29 苗代桜
00:34 水明館
02:01 水明館 北乃寮
02:35 しょうげつ
02:56 望川館
03:04 紗々羅
03:35 湯之島館
04:25 飛騨川
04:31 奥飛騨酒造
05:04 がんだて公園
06:51 岩屋ダム
07:00 馬瀬大橋
07:13 舞台峠
07:39 玉龍寺
07:54 温泉寺
08:10 合掌村
08:35 餅花かざり
08:50 天領酒造
09:04 小川屋
09:22 冨岳
09:34 水鳳園
09:57 神月
10:06 木曽屋
10:27 花火
11:11 小坂氷爆"
qIMpHEhYruWbSIMGLE6i5,https://www.youtube.com/watch?v=ngsmGvNv9ys,EN,Gero Hot Springs / 下呂温泉（Gero-onsen） / Spring Summer 021,"Gero Hot Springs sits alongside the Hida River and was called one of the top three hot springs by philosopher Razan Hayashi, who served four shoguns, including Ieyasu Tokugawa and a Zen master at Kyoto Gozan during the Muromachi era, Banri Shuku. Gero's hot spring mountain village makes an attractive tourist destination.

[ Gero-Spa Tourist Information ]
English：https://centrip-japan.com/spot/gerospa.html
简体中文：https://centrip-japan.com/tch/spot/gerospa.html
繁體中文：https://centrip-japan.com/sch/spot/gerospa.html
한국어：https://centrip-japan.com/spot/gerospa-kr.html
日本語：https://www.gero-spa.com/

00:00 しらさぎ緑地公園
00:21 森山神社のしだれ桜
00:27 苗代桜
00:32 水明館
01:59 水明館 北乃寮
02:33 しょうげつ
02:54 望川館
03:02 紗々羅
03:33 湯之島館
04:23
04:29 奥飛騨酒造
05:02 がんだて公園"
XjV3JHPEAYbyus4CqT0g0,https://www.youtube.com/watch?v=z_ka3pbJ6ek,EN,Gero Hot Springs / 下呂温泉（Gero-onsen）Short Ver.,"Gero Hot Springs sits alongside the Hida River and was called one of the top three hot springs by philosopher Razan Hayashi, who served four shoguns, including Ieyasu Tokugawa and a Zen master at Kyoto Gozan during the Muromachi era, Banri Shuku.
Gero's hot spring mountain village makes an attractive tourist destination.

[ Gero-Spa Tourist Information ]
English：https://centrip-japan.com/spot/gerospa.html
简体中文：https://centrip-japan.com/tch/spot/gerospa.html
繁體中文：https://centrip-japan.com/sch/spot/gerospa.html
한국어：https://centrip-japan.com/spot/gerospa-kr.html
日本語：https://www.gero-spa.com/"
fcDWVNtmZ_wWfb3CFcWrS,https://www.youtube.com/watch?v=hexsPI3-7Pc,EN,Night Tour 4K Chinese 30 Seconds,"Night Tour
In Amami Oshima, you can experience part of enjoying eco-tourism. This video is 'Night Viewing (夜晩游)'."
QxYFIeKgkCvmX-4RbSs0O,https://www.youtube.com/watch?v=XGszDdgNFUg,EN,This is Fukuchiyama of Kyoto 【京都・福知山 プロモーション動画】,"In Fukuchiyama, Kyoto, there are breathtaking views, hidden spots that feel like time has stopped, and special landscapes that can only be seen in their respective seasons. In this video, please feel the atmosphere of each place and time.

Locations
Motoise Kuni Shrine, Ohara Shrine, Chōan-ji Temple, Fukuchiyama Castle, Yaku no Genbuzan Park, Nise River Stream, Amano Iwato Shrine, Sea of Clouds at Oe Mountain (Onidake Inari Shrine)

Fukuchiyama City Official Website
http://www.city.fukuchiyama.kyoto.jp/

****************************************
We are also on Facebook and Instagram. Please follow us!
Follow us on social media!
Facebook: https://www.facebook.com/fukuchiyama.kyoto/
Instagram: https://www.instagram.com/fukuchiyama_city/"
-E3MzVNtqPgDix9q8DMaG,https://www.youtube.com/watch?v=_hoc2CwoSH0,EN,"Wild Winter Activity ""The Grace of Japan, TOCHIGI"" 栃木県","Premium winter experience in Nikko National Park.
Snowshoeing in the woods,
Snowboarding in the magnificent white scenery,
Japanese Ryokan standing in front of the icefall,
Fresh winter taste.
Wild Winter Activity, TOCHIGI.

Tochigi Prefecture quietly maintains the dignity of Japan.
Sublime culture, rich nature, and aesthetic sense.
""The Grace of Japan, TOCHIGI"" fills the richness of the heart with quality.

- Visit Tochigi -
https://www.visit-tochigi.com/

Subscribe to the channel
https://bit.ly/3Iawwe5"
zu8TFxgco7DHeWvtOK7fw,https://www.youtube.com/watch?v=TWfzo8sjxBU,EN,"The Land of Clear Stream  "" The Grace of Japan, TOCHIGI ""","A land surrounded by clear streams.
Spring water that has been gushing forth since before the birth of mankind.
A clear canyon stream.
A lake filled with spring water.
Feel the blessings of the clear stream.
 
清流に包まれた大地。
人類誕生以前より渾々と湧き出す湧水。
透明な渓谷の流れ。
透き通った湖。
清流の恵みを感じる。

“The Grace of Japan, Tochigi” Where its peaceful nature and
majestic historical culture will melt your heart.

日本の品格を静かに保ち続ける栃木県。荘厳な文化、豊かな大自然、そして美意識。
心の豊かさを上質に満たす「The Grace of Japan, TOCHIGI」。

- Visit Tochigi -
https://www.visit-tochigi.com/

チャンネル登録
https://bit.ly/3Iawwe5"
FCC6rmfbjkm9bnQFRToHI,https://www.youtube.com/watch?v=J2f5EXOtWcw,EN,"Bloom for the flower of heart. "" The Grace of Japan, TOCHIGI ""","https://www.tochigi.global

As time goes by,
Mother Nature tells us.
For the future to come, 
Bloom for the flower of heart 
With us.
The Grace of Japan,
TOCHIGI

流れ行く時のなかで
自然は私たちに語りかけている
未来に向けて心の花を咲かせよう
私たちと共に
The Grace of Japan,
TOCHIGI

- Visit Tochigi -
https://www.visit-tochigi.com/

チャンネル登録
https://bit.ly/3Iawwe5"
rbfAxCYfbuCrr9Pk7av2m,https://www.youtube.com/watch?v=qyCqPGU-Nvk,EN,"For your smile. "" The Grace of Japan, TOCHIGI ""","https://www.tochigi.global

For the day when we can meet someday,
We are starting to get ready
For your smile
The Grace of Japan,
TOCHIGI

いつかお会い出来るその日に向けて、
私たちは皆様をお迎えする準備をしています
世界の笑顔のために
The Grace of Japan,
TOCHIGI

- Visit Tochigi -
https://www.visit-tochigi.com/

チャンネル登録
https://bit.ly/3Iawwe5"
_QXsJrBX-NrvLynMVDxj3,https://www.youtube.com/watch?v=NGQ46amViWM,EN,"Sense of Beauty. "" The Grace of Japan, TOCHIGI ""","Official: https://www.tochigi.global

The colors that bloom in the fields, hydrangeas, lilies, green bamboo, and autumn leaves are the roots of the essence of nature. 
 Tochigi the unforgettable is dressed in a costume woven with the natural beauty of the four seasons.

---
紫陽花、ゆり、青竹、紅葉など野に咲く彩りは、私たち人間の美意識の根源。四季織々の自然の美しさが織り込まれた装束を身に纏い、舞い踊る栃木。「Sense of Beauty, TOCHIGI」。


- Visit Tochigi -
https://www.visit-tochigi.com/

チャンネル登録
https://bit.ly/3Iawwe5"
QHh-W-iq3rI1HzTstHbWW,https://www.youtube.com/watch?v=Sh_OCU0Qheg,EN,"The Grace of Japan, TOCHIGI","Official: https://www.tochigi.global

“The Grace of Japan, Tochigi” Where its peaceful nature and majestic historical culture will melt your heart. 

---
日本の品格を静かに保ち続ける栃木県。荘厳な文化、豊かな大自然、そして美意識。心の豊かさを上質に満たす「The Grace of Japan, TOCHIGI」。


- Visit Tochigi -
https://www.visit-tochigi.com/

チャンネル登録
https://bit.ly/3Iawwe5"
Xg-LhYLQ2SdkimTvfJFgD,https://www.youtube.com/watch?v=7a5ORKy_xLo,EN,Let's go on a trip togather around Kanoya!,"Two girls from Thailand visited Kanoya city for the first time and described it as ""Happy, delicious, fun! A town where new discoveries are made"".
Learn about Kanoya's sightseeing spots, Kanoya's specialties such as sweet potatoes and kanpachi (greater amberjack), and meet the ""Kanoya Kanpachirou '' character—a Kanoya adventure condensed into one video!

鹿屋市に初めて訪れた外国人女性２人が『うれしい、おいしい、楽しい！新しい発見に出逢う
まち・鹿屋市』をレポートします。
鹿屋市の観光地や特産品のさつまいもやカンパチの体験、キャラクター「かのやカンパチロウ」とのふれあいなど、鹿屋の体験をぎゅっと凝縮しています。"
9ubK4yeKZouzpL3CEgqLh,https://www.youtube.com/watch?v=IGBmWl4vAJU,EN,"[LIVE CAMERA] #Hida-Takayama In front of the Takayama Jinya #livecamera #Hida #Takayama /Hida-Takayama, In front of the Takayama Jinya #hidatakayama","You can watch Takayama Jinya & open-air morning market in Takayama city.
Hida Takayama (Gifu, Japan) is known as “the hometown of your mind”.
You can enjoy staying at Onsen hotels and guesthouses, eating local dishes using local ingredients, visiting historical buildings, and shopping for craft works.
A World Heritage Site, the village of Shirakawago gasshozukuri, is located near Takayama.

http://www.hidatakayama.or.jp/
https://www.facebook.com/takayamakankou/
(EN)http://www.hida.jp/english/

#飛騨高山 #takayama #hidatakayama #livecamera #ライブカメラ #飛騨高山 #飛騨 #高山 #hida #takayama #hidatakayama #観光 #食べ歩き #LIVECAMERA #ライブカメラ #観光 #観光 #天気"
h_JqZZhjLIfgBEIiPVGWT,https://www.youtube.com/watch?v=CNeakmoER7Q,EN,KUSHIRO Hokkaido Japan in 8K HDR - Kushiro [summer ver.],"Learn more about Kushiro

■Kushiro and Lake Akan Tourism Official Site SUPER FANTASTIC Kushiro Lake Akan
The official tourism site packed with information about sightseeing, transportation, accommodation, useful tips, gourmet, and events in Kushiro and Lake Akan.
Japanese: https://ja.kushiro-lakeakan.com/
English: https://en.kushiro-lakeakan.com/
Simplified Chinese: https://cn.kushiro-lakeakan.com/
Traditional Chinese: https://tw.kushiro-lakeakan.com/

■Untouched Hokkaido
Introduction to the history and Ainu culture of the Water Kamuy Tourism Area (Kushiro, Akan, Teshikaga).
Japanese: https://untouchedhokkaido.jp/
English: https://untouchedhokkaido.jp/en/

Turn on subtitles and the shooting location will be displayed.
字幕をONにすると、撮影地が表示されます。

Director, Editor: Yuki Eikawa
Photographer: Takashi Matsumura
Aerial Photographer: Motonari Baba"
t7h-oUuTMR7057SR2ECF8,https://www.youtube.com/watch?v=NTMyk3-cfj0,EN,ReVIEW! #Hida Takayama Ichinomiya Town,"Morio Inako, chairman of the Hida Ichinomiya Tourism Association, will introduce the charms of the town.
Ichinomiya Town is located in the southern part of Takayama City and is an area steeped in history and tradition. Surrounded by beautiful nature, it is a popular area for green tourism, where you can experience farming that takes advantage of the environment and interact with local people. Among them, Hida Ichinomiya Mizunashi Shrine is considered to be the most prestigious shrine in Hida, and is worshiped and revered by the people living in the area. You can also see and experience a variety of other genres, such as the Cabinet Office-certified Doburoku Special Zone, the 1,100-year-old Garyu Cherry Tree, a walk on Mt. Iyama where you can see the watershed, and winter sports.
Please come to Ichinomiya Town.
(About 20 minutes by car from downtown Takayama)

#飛騨高山 #hidatakayama #高山 #takayama #岐阜県 #gifu #一之宮町 
#飛騨一之宮 #Ichinomiya #飛騨一宮水無神社 #水無神社 #飛騨一宮水無神社奥宮
#位山 #奥宮位山 #霊山位山 #飛騨一宮 #天の岩戸 #分水嶺 #飛騨生きびな祭 #闘鶏楽
#神代踊 #獅子舞 #日本200名山 #巨石群 #パワースポット #臥龍桜 #天然記念物
#エドヒガンザクラ"
MzKYwha1npvyPy-atPXGl,https://www.youtube.com/watch?v=lGOmDYYX0rM,EN,ReVIEW! #Hida Takayama Takane Town,"Mamoru Kosaka, chairman of the Hida Takane Tourism Association, will introduce the charms of the town.
Takane Town is located in the southeast of Takayama City, on a highland surrounded by nature overlooking Mt. Norikura and Mt. Ontake. Because it is adjacent to the Kiso region of Nagano Prefecture, its history, culture, and customs are strongly influenced by Kiso, and it is known as a foreign place even within Hida. Takane Town is also famous for being a production area for Kiso horses, and the stone Buddha statues made for memorial services for horses are filled with stories between people and horses. Takane Town is putting a lot of effort into fermented foods, and its whiskey distillery, which was repurposed from an abandoned school, is attracting a lot of attention. In addition, suna, which is pickled with lactic acid bacteria without using any salt, and country miso, which is often used in Hida's local cuisine, are also actively produced. The region's unique cool summers and cold winters are conducive to growing these fermented foods. It is also a unique place with many other attractions such as Hibata Soba, Takane Corn, Nomai Pass, and Mt. Ontake.
Please come to Takane Town.
(Approximately 50 minutes by car from Takayama city center)

#飛騨高山 #hidatakayama #高山 #takayama #岐阜県 #gifu #高根町
#飛騨高根 #takane #発酵 #発酵食品 #すな #スナ#酸菜
#乳酸発酵 #乳酸菌 #赤カブ #漬物
#健康 #健康食品 #health #healthfood #七峰館 #ウイスキー
#ウイスキー蒸留 #whisky #飛騨高山蒸溜所 #旧高根小学校 #廃校再利用
#クラフトウイスキー #田舎みそ #野麦峠 #日和田富士 #御嶽山
#継子岳#蕎麦 #そば #蕎麦の花
#乗鞍岳 #木曽 #木曽馬 #石仏 #石仏めぐり #タカネコーン #トウモロコシ #日和田高原 #山岳信仰 #馬頭観音 #天空の里"
qpbYbq9Nkce8PeZF6gALQ,https://www.youtube.com/watch?v=K2JYrHH_Poc,EN,ReVIEW! #Hida Takayama Takane Town,"Mamoru Kosaka, chairman of the Hida Takane Tourism Association, will introduce the charms of the town.
Takane Town is located in the southeast of Takayama City, on a highland surrounded by nature overlooking Mt. Norikura and Mt. Ontake. Because it is adjacent to the Kiso region of Nagano Prefecture, its history, culture, and customs are strongly influenced by Kiso, and it is known as a foreign place even within Hida. Takane Town is also famous for being a production area for Kiso horses, and the stone Buddha statues made for memorial services for horses are filled with stories between people and horses. Takane Town is putting a lot of effort into fermented foods, and its whiskey distillery, which was repurposed from an abandoned school, is attracting a lot of attention. In addition, suna, which is pickled with lactic acid bacteria without using any salt, and country miso, which is often used in Hida's local cuisine, are also actively produced. The region's unique cool summers and cold winters are conducive to growing these fermented foods. It is also a unique place with many other attractions such as Hibata Soba, Takane Corn, Nomai Pass, and Mt. Ontake.
Please come to Takane Town.
(Approximately 50 minutes by car from Takayama city center)

#飛騨高山 #hidatakayama #高山 #takayama #岐阜県 #gifu #高根町
#飛騨高根 #takane #発酵 #発酵食品 #すな #スナ#酸菜
#乳酸発酵 #乳酸菌 #赤カブ #漬物
#健康 #健康食品 #health #healthfood #七峰館 #ウイスキー
#ウイスキー蒸留 #whisky #飛騨高山蒸溜所 #旧高根小学校 #廃校再利用
#クラフトウイスキー #田舎みそ #野麦峠 #日和田富士 #御嶽山
#継子岳#蕎麦 #そば #蕎麦の花
#乗鞍岳 #木曽 #木曽馬 #石仏 #石仏めぐり #タカネコーン #トウモロコシ #日和田高原 #山岳信仰 #馬頭観音 #天空の里"
V_KIyNlhuzJxChIdZlchX,https://www.youtube.com/watch?v=upWC9Xm9Er0,EN,ReVIEW! #Hida Takayama Ichinomiya Town,"Morio Inako, chairman of the Hida Ichinomiya Tourism Association, will introduce the charms of the town.
Ichinomiya Town is located in the southern part of Takayama City and is an area steeped in history and tradition. Surrounded by beautiful nature, it is a popular area for green tourism, where you can experience farming that takes advantage of the environment and interact with local people. Among them, Hida Ichinomiya Mizunashi Shrine is considered to be the most prestigious shrine in Hida, and is worshiped and revered by the people living in the area. You can also see and experience a variety of other genres, such as the Cabinet Office-certified Doburoku Special Zone, the 1,100-year-old Garyu Cherry Tree, a walk on Mt. Iyama where you can see the watershed, and winter sports.
Please come to Ichinomiya Town.
(About 20 minutes by car from downtown Takayama)

#飛騨高山 #hidatakayama #高山 #takayama #岐阜県 #gifu #一之宮町 
#飛騨一之宮 #Ichinomiya #飛騨一宮水無神社 #水無神社 #飛騨一宮水無神社奥宮
#位山 #奥宮位山 #霊山位山 #飛騨一宮 #天の岩戸 #分水嶺 #飛騨生きびな祭 #闘鶏楽
#神代踊 #獅子舞 #日本200名山 #巨石群 #パワースポット #臥龍桜 #天然記念物
#エドヒガンザクラ"
PEKiq-Cc8kbIB7bW6LbMC,https://www.youtube.com/watch?v=uDZeSY_aqWU,EN,The Phantom Sake of the Edo Period: 'Mahitsuru',"On April 23 and 24, 2016, the limited edition sake from the Edo period, 'Mahitsuru', has made a comeback at the '17th Obō and Enokizu Han境 Festival' this year."
Li15Ud7M_MML4fC4qTriP,https://www.youtube.com/watch?v=uil7RPf0GmY,EN,Come Visit Shibukawa!　　渋川に来てね！【令和２年度 渋川市ＰＲ動画コンテスト優秀賞作品】,"【渋川市ＰＲ動画コンテスト優秀賞作品】

This work introduces the attractions of the city, such as Ikaho Onsen, Mizusawa Udon, and the Heso Festival. The entire piece features English narration, making it accessible to a wider audience with Japanese subtitles included.

【関連リンク】
☆市ホームページ
https://www.city.shibukawa.lg.jp/shisei/kouhou/shibukawashiprdoga/p008111.html"
pL40cJvKelZV4fxkFxi26,https://www.youtube.com/watch?v=2MJXAozJ62M,EN,[Reasons for Relocation] The Journey of a Couple Raised in the City to Rural Living | Country Life | Wanting to Live Near the Sea | Kumano | Regional Relocation | Sustainable,"Mihama Town, located in the eastern Kishu area near the southern tip of the Kii Peninsula.
It was a day where I could experience the lyrical landscapes and daily life that made me feel glad to have relocated to this place.

For more information about Mihama Town, please visit the website below:
https://mihama-mie-townpromotion.jp/

One of the reasons we chose rural living over city life is our desire to live lyrically and sentimentally. It may not be enjoyable for everyone, but if you like it, please give us a thumbs up and subscribe to our channel.

It has been about a month since we moved to the countryside in July 2020.
Life has started to settle down quite a bit, and we have found some time to relax.
It feels strange to be living in our current location just six months after starting our relocation activities in January of this year, but we hope to share the simple, lyrical daily life of a modest couple in the countryside.
We aim to upload videos at a pace of about once a week, without overdoing it.

Instagram: https://www.instagram.com/rural_life_japan/

[Mihama Town Relocation and Exchange Support Desk]
If you are interested in relocating to Mihama Town, please do not hesitate to reach out. We received great support from them as well.
http://mihama-iju.com/

#1 A Summer Day in a Rural Town
Atawa Area, Mihama, Kumano, Japan
Orange County

Mihama town locates in the south of Kii Peninsula.
We have always felt that this was a good decision, since we moved in the area.
The video would show you why we have felt that way.
We initially started to search areas for rural life in January. We don't believe that we are living here just after six months.
Let us show you a quiet story about a married couple who have begun to live in rural Japan.

About Kumano

""Kumano is a feeling - not a form - a manifestation of the Divine Intangibles, a celebration of life's powerful vitality.
It is a peaceful place in nature to take a moment to reflect on, and reaffirm one's future direction and meaning of life - a sacred space to open one's mind, heart, soul; all of one's senses; and let the artificial boundaries and borders of the modern world disappear - allowing us to contemplate life as one unified humanity on planet earth.
The importance of a pilgrimage to Kumano is not in its completion, but rather what you take home after internalizing your experience"" (Kumano Kodo, 2019).

Kumano is the abode of the Gods.
The complicated landscape is considered a sacred site of healing and salvation for a diversity of faiths, and is a symbolic example of Japan's syncretic religious traditions.

About Mihama Town

Mihama Town is in Mie prefecture, Japan.
Mihama locates in the south of Kii peninsula by the sea.
There are many outstanding nature and life which you would understand what Japanese people are really.
We do not have symbolic icons or landmarks in the town.
However, it is a place to purify or relax surrounded by the spiritual and sacred atmosphere.
In this difficult time, you might confront an opportunity for you to consider the meaning of life.
The place might be able to bring the answer you are searching for.
Please come to visit Mihama.

What kind of life are we searching for?

We are now searching for the meaning of life.
We come to see some people who show us their meaning of life in Mihama, Kumano.
Most of the people who moved to Kumano say it has sacred power,
and the power of Kumano leads us to come living or visiting here.
Once you come to visit Kumano, you would be able to understand what they are saying.
What kind of adventures are waiting for you?

If you like our videos, please leave some comments or subscribe to our channel.

Cheers!

English and Spanish follow

Hope you all are very well even under such heavy rain today.

We moved out to the countryside of Japan from Tokyo in this July.
Since we came here, it has been a month. We have already touched lots of different values from Tokyo and urban life. It has been great so far. Well, nobody knows how it goes from now on though.

Hoping you enjoy our channel.
We constantly offer you more videos that illustrate the countryside living of Japan.
If you like our videos, please leave some comments or subscribe to our channel.
It will definitely make us push forward.

Cheers!!

Espero que todos estén muy bien incluso bajo una lluvia tan fuerte hoy.

Nos mudamos al campo de Japón desde Tokio en este mes de julio.
Desde que llegamos aquí, ha pasado un mes. Ya hemos tocado muchos valores diferentes de Tokio y la vida urbana. Ha salido genial hasta ahora. Bueno, nadie sabe cómo será a partir de ahora.

Esperando que disfrutes de nuestro canal.
Constantemente le ofrecemos más videos que ilustran la vida en el campo de Japón.
Si te gustan nuestros videos, deja algunos comentarios o suscríbete a nuestro canal.
Definitivamente nos hará seguir adelante.

Un Saludo

#田舎暮らし #地方移住 #ruraljapan"
m6uBGY3cFaR4koyazsqAL,https://www.youtube.com/watch?v=ge7MjR_REOc,EN,Going for Sushi ／ お寿司屋編,"Learn more about KANSAI： https://www.the-kansai-guide.com/en/
Facebook： https://www.facebook.com/truekansai/
Instagram：https://www.instagram.com/realjapankansai/"
gsfJvaUu9hJs4tMjtIwuH,https://www.youtube.com/watch?v=cdMSzcNxTt8,EN,"Exclusive Expeditions, KANSAI Japan - Nara[4K]繁体字","#Kimpusenji #WorldHeritage #Shugendo #CulturalExperience #Yoshino #Nara #Kansai

【Gojō Ryōchi (Abbot) × Kimpusenji】
Shugendo, a path to enlightenment through rigorous training in the deep mountains, is an ancient mountain faith in Japan. Kimpusenji, located on the slopes of Yoshino Mountain in the Kii Mountain Range, is a center of Shugendo established by En no Gyoja in the 7th century, preserving many tangible cultural assets. One of the important tasks of Abbot Gojō Ryōchi is to protect cultural heritage such as the principal deity Zōō Gongen, ensuring that they can be passed down in the future.

Detailed information about the cultural experience introduced in this video:
https://www.the-kansai-guide.com/en/article/item/20035/

Learn about the itinerary for this cultural experience:
https://www.the-kansai-guide.com/en/article/item/20034/"
ksmEKiEccnbiKaEt7xvt6,https://www.youtube.com/watch?v=YkxTQpWdnBE,EN,"Exclusive Expeditions, KANSAI Japan - Hyogo[4K] Traditional Chinese","#薪能 #能 #天空之杜 #日本文化 #伊勢神宮 #文化體驗 #北野天滿神社 #兵庫 #關西

【薪能　觀世流仕手方能樂師　上田宜照　× 北野天滿神社】

At the top of Kitano-zaka, where you can enjoy a panoramic view of Kobe city, there is a historic shrine known as the 'Forest of the Sky.' This is the Kitano Tenmangu Shrine, dedicated to Sugawara no Michizane, the god of learning, and established in 1180 AD. For several centuries, the Kitano Tenmangu Shrine, surrounded by pleasant scenery, has continuously performed Noh plays dedicated to the deities, and it is also beloved by the people."
CT3myveWyIm-IuPKr79ON,https://www.youtube.com/watch?v=UgCZWPgN5u8,EN,"Exclusive Expeditions, KANSAI Japan -Tokushima[4K]繁体字","#Awa Puppet Theater #Japanese Culture #Rural Stage #Cultural Experience #Tokushima #Kansai
【Awa Puppet Theater Tayu Tomokazu Takemoto (Important Intangible Cultural Asset) × Inukai Rural Stage (Important Tangible Folk Cultural Asset)】
Tokushima is located on the eastern side of Shikoku, and it has the highest number of preserved rural stages in Japan. This outdoor stage was built by local residents in the late Edo period to express gratitude for a bountiful harvest. The Awa Puppet Theater, which has always been loved by local residents, is performed on this stage. This is a representative traditional art form that has been passed down through the ages.

Detailed information about the cultural experience introduced in this video:
https://www.the-kansai-guide.com/en/article/item/20019/

Learn about the itinerary for this cultural experience:
https://www.the-kansai-guide.com/en/exclusive-expeditions/course/tokushima/"
lJAwNZBpK3tNbSiXP1Da3,https://www.youtube.com/watch?v=QepXTwy6Kb4,EN,"Spiritual KANSAI, Bushido Traditional Chinese","Experience the traditional Japanese martial arts for yourself, as the blacksmith pours his soul into beating the steel before your eyes, fire sparks flying as a shining sword takes shape.
Then climb a massive, beautiful castle keep, learning the fortitude to live a pure and honest life.

more about Spiritual KANSAI (Scheduled to be released on Dec. 28th)
: https://www.the-kansai-guide.com/en/index/spiritual/

If we reconsider our moral compass, we can rise to a higher level.
Jin means humanity, charity, emotions ….
Gi, Honesty, morality, sincerity …
Rei gratitude,….
Chi, wisdom, understanding…. 
Shin, the strength to believe,…
Chuu, loyalty, fidelity…. 
This is the philosophy of Bushido, found in Kansai,
Japan’s spiritual region. Kansai, Japan.

當我們誠實面對自己，審視自我道德心時，人格也將隨之昇華。
「仁」，惻隱之心。
「義」，誠實公正。
「禮」，謙讓尊重。
「智」，明辨是非。
「信」，誠信守諾。
「忠」，忠誠真心。
迎接武士道精神的洗禮。
關西，日本的靈魂之心。
關西，日本。

The KANSAI Guide: https://www.the-kansai-guide.com/en/
Facebook: https://www.facebook.com/truekansai"
RgPYLd-cyl_GB6fRs5MsB,https://www.youtube.com/watch?v=2BFh110BROU,EN,"Spiritual KANSAI, Kokoro 繁体字","Seeing all of these unique Japanese expressions of giving thanks and traditional arts with your own eyes will allow you to feel the passion, mental fortitude and the solemn weight of history that accompanies them which have been passed down from generation to generation.

more about Spiritual KANSAI (Scheduled to be released on Dec. 28th)
: https://www.the-kansai-guide.com/en/index/spiritual/

From ancient times to the present,
various festivals, traditional arts, and ways of life,
the gathering of human beliefs and consciousness, we call it ""culture.""
Sometimes it takes an abstract form,
yet it can touch the depths of the heart, feeling the infinite power it radiates.
Paying homage to our ancestors, grateful for the earth's selfless nurturing.
Encounter the long-standing Japanese culture.
Kansai, the spiritual heart of Japan.
Kansai, Japan.

What has been passed down since ancient times.
Festivals, traditional arts, ways of life.
All human spiritual activities, we call it ""culture.""
Sometimes it is invisible.
But it can be felt.
Prayers to our ancestors, and gratitude for the blessings of the region.
A place where you can encounter the eternal Japanese culture.
KANSAI, the Spiritual region in Japan.
KANSAI Japan.

The KANSAI Guide: https://www.the-kansai-guide.com/en/

Facebook: https://www.facebook.com/truekansai"
EMzDtAvk_hN2-4hZJfIAp,https://www.youtube.com/watch?v=OewLkuSnVdQ,EN,"Spiritual KANSAI, Wabi Sabi 繁體字","Visit a beautiful Japanese garden, dress in a formal kimono, and try preparing some tea; or perhaps visit one of the villages of old-and-simple homes that can still be found across Kansai.
Finding order and respect among simple things, and a pure beauty in something old - these are the moments that you feel “wabi-sabi.”

more about Spiritual KANSAI (Scheduled to be released on Dec. 28th)
: https://www.the-kansai-guide.com/en/index/spiritual/

There is nothing more harmonious than the atmosphere of old Japan.
Places of tradition,
of tranquility,
innocence,
honesty and integrity,
simplicity,
purity,
and a respect for nature and for one another.
Where the traditional Japanese aesthetics of Wabi Sabi,
perfection in imperfection can be truly experienced.
Kansai, Japan’s spiritual region.
Kansai, Japan.

The pure and simple old folk houses, with clear and pure streams nourishing the gardens.
The respect between host and guest and the moment of quiet peace.
Harmony
Respect
Purity
Tranquility
The spirit of tea ceremony, “Wabi Sabi.”
Experience the melancholy and wistfulness of Japanese aesthetics.
Kansai, the heart and soul of Japan.
Kansai, Japan.

The KANSAI Guide: https://www.the-kansai-guide.com/en/
Facebook: https://www.facebook.com/truekansai"
yeDO2_Fyc3eayUAsg5v-1,https://www.youtube.com/watch?v=a02s5HNWX_k,EN,"Spiritual KANSAI, Bushido Simplified Chinese","Experience the traditional Japanese martial arts for yourself, as the blacksmith pours his soul into beating the steel before your eyes, fire sparks flying as a shining sword takes shape. Then climb a massive, beautiful castle keep, learning the fortitude to live a pure and honest life.

more about Spiritual KANSAI (Scheduled to be released on Dec. 28th)
: https://www.the-kansai-guide.com/en/index/spiritual/

If we reconsider our moral compass, we can rise to a higher level.
Jin means humanity, charity, emotions
Gi, Honesty, morality, sincerity
Rei gratitude,
Chi, wisdom, understanding,
Shin, the strength to believe,
Chuu, loyalty, fidelity….
This is the philosophy of Bushido, found in Kansai,
Japan’s spiritual region.
Kansai, Japan.

当我们诚实面对自己，审视自我道德心时，人格也将随之升华。
「仁」，恻隐之心。
「义」，诚实公正。
「礼」，谦让尊重。
「智」，明辨是非。
「信」，诚信守诺。
「忠」，忠诚真心。
迎接武士道精神的洗礼。
关西，日本的灵魂之心。
关西，日本。

The KANSAI Guide: https://www.the-kansai-guide.com/en/
Facebook: https://www.facebook.com/truekansai"
Wb9gtrfMUgmqIC8vlVxK1,https://www.youtube.com/watch?v=sgbQKxFUvl0,EN,"Spiritual KANSAI, Pilgrimage 簡体字","If you choose to walk the entire route - which takes a number of days - you can hope to find harmony with nature and a new respect for those who have come before you.
Then you may connect with your inner self, discovering a new life and new values, and being reborn in nature.
This is the kind of spiritual experience that awaits you in the mountains.

more about Spiritual KANSAI (Scheduled to be released on Dec. 28th)
: https://www.the-kansai-guide.com/en/index/spiritual/

The spirits of the pilgrims of the past beckon.
Their ancient, moss laden pathways lead through pristine nature to somewhere spiritual.
There is something noticeably different, following in the footsteps of those, seeking the way, …feeling,..reborn, during this one, single lifetime.
The sacred paths of Kansai,
Japan’s spiritual region.
Kansai, Japan.

在布满青苔的这条古道秘径上，
寻找最初始的足迹。
藏身于雄伟自然中，
先人虔诚祈祷的低喃仿佛仍在耳边徘徊。
随着步伐，一步一步踏出自我，焕然重生
熊野古道。
关西，日本的灵魂之心。
关西，日本。

The KANSAI Guide: https://www.the-kansai-guide.com/en/
Facebook: https://www.facebook.com/truekansai"
bAdS9vrWZsf3FBVlw5mcK,https://www.youtube.com/watch?v=2ZQh8ZE7CwI,EN,"Spiritual KANSAI , Pilgrimage 繁体字","If you choose to walk the entire route - which takes a number of days - you can hope to find harmony with nature and a new respect for those who have come before you.
Then you may connect with your inner self, discovering a new life and new values, and being reborn in nature.
This is the kind of spiritual experience that awaits you in the mountains.

more about Spiritual KANSAI (Scheduled to be released on Dec. 28th)
: https://www.the-kansai-guide.com/en/index/spiritual/

The spirits of the pilgrims of the past beckon.
Their ancient, moss laden pathways lead through pristine nature to somewhere spiritual.
There is something noticeably different, following in the footsteps of those, seeking the way, …feeling,..reborn, during this one, single lifetime.
The sacred paths of Kansai,
Japan’s spiritual region.
Kansai, Japan.

在佈滿青苔的這條古道秘徑上，
尋找最初始的足跡。
藏身於雄偉自然中，
先人虔誠祈禱的低喃彷彿仍在耳邊徘徊。
隨著步伐，一步一步踏出自我，煥然重生
熊野古道。
關西，日本的靈魂之心。
關西，日本。

The KANSAI Guide: https://www.the-kansai-guide.com/en/
Facebook: https://www.facebook.com/truekansai"
U0PkXuuHUTKtMQ8rJu3yM,https://www.youtube.com/watch?v=Rn9ZSIVgBB8,EN,Let's go Shopping in Japan ／ 買い物編,"Learn more about KANSAI： https://www.the-kansai-guide.com/en/
Facebook： https://www.facebook.com/truekansai/
Instagram：https://www.instagram.com/realjapankansai/"
HgVijJpR_VanYSUPLMk-D,https://www.youtube.com/watch?v=BL7J4KGAIDk,EN,Matsunoyama Dining in 美人林 2022,"Sustainability. The model for it still remains in Japan's satoyama.
The activities of the satoyama have been repeatedly disrupted and threatened by the relentless heavy snowfall,
yet they have risen again, inheriting the tradition while coexisting with nature.
Matsunoyama Dining, which reconstructs this grand satoyama story through cuisine, is presented by the world-renowned 'TAKAZAWA'.
This year marks the fourth time the satoyama story is told by 'TAKAZAWA'.
What kind of story will it showcase this summer?"
1GusDcAwLPp6dkpUnckQy,https://www.youtube.com/watch?v=PX-dthPzgHQ,EN,Perfect for Passing Prayers! The Only God of Wisdom in Japan!,"If you think ""I want to go!"", please comment ""⛩""♪

＼The only place in the country with the God of Wisdom is here, ""Koubenomiya Yomou Shrine""／

""Koubenomiya Yomou Shrine"" (こうべのみやよもうじんじゃ), famous for passing prayers, attracts visitors from all over the country.
Not only for passing prayers, but also because it is the God of Wisdom, they perform blessings for helmets, which is unique to this shrine in Mie Prefecture✨

Many people have been seeking the wisdom water that has been flowing since ancient times😊

For more details, please check the Mie Tourism Topics👇
https://www.kankomie.or.jp/topic/823

📍Koubenomiya Yomou Shrine
@koubenomiya.official
Address: 3314-2 Ouchiyama, Daiki-cho, Watarai-gun, Mie Prefecture, 519-3111
Phone Number: 0598-72-2316
Access
Public Transport: About a 10-minute walk from JR Kisei Main Line ""Ouchiyama Station""
Car: About a 5-minute drive from Kisei Expressway ""Ouchiyama IC""
Parking: First parking lot for 24 cars
		Second parking lot with many spaces

For more details, please visit our website
https://koubenomiya.or.jp/

.......................................
【Official】Mie Tourism (Mie Prefecture Tourism Federation) ▶ @kankomie
【Official】""Maru Mie"" Channel ▶ @kankomie_2nd

We are sharing recommended tourist spots in Mie Prefecture!
Please follow us✨

#MaruMieChannel
#kankomie
#MieTourism
#MieOutingSpots
#KoubenomiyaYomouShrine
#PassingPrayers
#Shrine
#Ema
#SuperEnergetic
#MieTravelAmbassador

VOICEVOX: Kirigashima Sourin"
84Uq-hkfT9j8uZKeQSE6n,https://www.youtube.com/watch?v=Add0BDNICuQ,EN,Breaking News! #Tsukairaku Park's Purple Azaleas 🌸,"Many trees are in full bloom, and some have started to shed their flowers.
Enjoy the cherry blossom viewing early! ❗️

Due to the delayed cherry blossom blooming, the spring festival and lantern light-up have been extended. 😍

During the spring festival period until the 14th, you can enjoy gourmet food at the tea house, and experience both cherry blossoms and purple azaleas. ☺️

In May, Hirado azaleas will begin to bloom. ✨

🌸 Tsukairaku Park Spring Festival 🌸
📍 Tsukairaku Park (Hiroaki-cho, Tsu City)
📅 March 22, 2024 (Friday) - April 14, 2024 (Sunday)
* There will be light-up during the period from 18:00 to 22:00
🚃 3-minute walk from JR/Kintetsu Tsu Station West Exit
🚗 10 minutes by car from Ise Expressway Tsu Interchange
⚠️ The cherry blossom season is very crowded, so please use public transportation.
🅿️ Available (about 50 cars in the first parking lot, about 50 cars in the second parking lot)

#kankomie #visitmie #sakura #観光三重 #三重観光 #桜 #お花見 #津市 #つつじ #花見"
7rPokdkuIjw8TLtbO59SN,https://www.youtube.com/watch?v=K7fnvaql9_o,EN,Win the Exam! #KatsuhayahiShrine,"[You are sure to pass! “Win” the exam! A shrine where the god of victory resides]

A must-see for examinees! A shrine that prays for victory, known only to those in the know ⛩
[Katsuhayahi Shrine] is located in Suzuka City, Mie Prefecture.
A power spot lined with auspicious kanji✨

""勝＝Victory"" ""速＝Speed"" ""日＝Rising Sun""
As the name suggests, it enshrines the ""god of victory and luck"".
People from all over the country come to pray for success and victory!

Located just 3 minutes walk from the nearest Kintetsu Shirako Station.
When you pass through the torii gate, the atmosphere changes drastically.
The approach lined with lanterns and the grounds surrounded by greenery will soothe your soul 🙏
Be sure to stop by before the match!

For more details, check here👇
https://www.kankomie.or.jp/spot/22038

📸Katsuhayahi Shrine
📍10-15 Shirako Honmachi, Suzuka City, Mie Prefecture

▼▼▼▼▼▼▼▼▼▼▼▼▼▼▼
All the sightseeing in Mie Prefecture is here!
→→→ @kankomie
▲▲▲▲▲▲▲▲▲▲▲▲▲▲▲

#TourismMie #kankomie
#Mie #MieTravel #MieSightseeing #MieOuting #MieDate #FamilyOuting
#Travel #KatsuhayahiShrine #Shrine #PowerSpot #GoodFortune #SuccessPrayer #Examination #Examinee #Goshuin #VictoryPrayer #Motorsports #Touring
#mie #Japan #stay #travel #tourism #photospot
#KatsuhayahiShrine #Shrine #Powerspot #Prayerforsuccess #Examination #Goshuin #Prayerforvictory #Motorsports
#Touring"
LWxnHo_dvNxyZiMzVC7zN,https://www.youtube.com/watch?v=HgJvr8u5RJY,EN,"Choshigawa (ちょうしがわ: Kihoku Town, Mie Prefecture) | Mie Prefecture's Favorite 'Usanosuke' Video | Official Mie Tourism","The video series of Mie introduced by the Mie Prefecture support character 'Usanosuke'.
It was featured in an NHK special titled 'The River Where Invisible Things Can Be Seen - The Miraculous Clear Stream Choshigawa', which received a great response.

Spot Information: Uotobikei (魚飛渓)
https://www.kankomie.or.jp/spot/detail_2233.html

－－－－－－
- Here is the official Twitter of Mie Prefecture featuring the rabbit ninja, the support character 'Usanosuke':
https://twitter.com/koho_mie
－－－－－－

【Official Mie Tourism SNS】
Official Facebook: https://facebook.com/kankomie.or.jp 
Official Instagram: https://instagram.com/kankomie/ 
Official Twitter: https://twitter.com/kankomie
Official TikTok: https://www.tiktok.com/@kankomie

【Recommended Tourist Information in Mie Prefecture】

For tourism, travel, events, and accommodation reservations in Mie Prefecture, visit the official site of the Mie Prefecture Tourism Federation 'Kankou Mie'!
https://www.kankomie.or.jp/

Request for tourism brochures
https://www.kankomie.or.jp/form/pamphlet.html

Top 10 Must-See Spots in Mie Tourism
https://www.kankomie.or.jp/report/detail_483.html

Quick Guide to Mie's Attractions
https://www.kankomie.or.jp/hayawakari/index.html

Tourism and travel information for Ise-Shima, including Ise Jingu, Naiku, Geku, and Okage Yokocho: 'First Time Visiting Ise: Walking in Ise-Shima'
https://www.kankomie.or.jp/special/iseshima/

Perfect for Girls' Trips! 7 Recommended Spots for Ise Tourism
https://www.kankomie.or.jp/report/detail_493.html

Special Feature on Okage Yokocho! A detailed introduction to 31 popular spots for gourmet food, souvenirs, and experiences
https://www.kankomie.or.jp/season/article_134.html

Hotels, accommodations, and model courses in Ise, Toba, and Shima
https://www.kankomie.or.jp/special/iseshima/course/

Special Feature on Mie's Gourmet! Introducing recommended restaurants from Ise lobster and Matsusaka beef to local soul food!
https://www.kankomie.or.jp/season/detail_194.html

Thorough explanation of Nagashima Spa Land! Introducing popular thrilling attractions and nearby popular facilities you want to visit!
https://www.kankomie.or.jp/report/detail_554.html

Experience authentic car racing at Suzuka Circuit!! Full of excitement and relaxation!
https://www.kankomie.or.jp/report/detail_270.html

Enjoy Shima Spain Village to the fullest! A special feature on Spain Village! Detailed introduction to attractions and access
https://www.kankomie.or.jp/season/detail_196.html

Time slip to the Sengoku period at 'Ise Ninja Kingdom (formerly Ise Azuchi Momoyama Castle Town)'!
https://www.kankomie.or.jp/report/detail_257.html

Introducing Toba Aquarium in detail! Of course, including dugongs, access, fees, discount tickets, and parking information!
https://www.kankomie.or.jp/report/detail_213.html

Have fun at Mokumoku Handmade Farm (Iga City)! A popular agricultural park close to Osaka and Kyoto, where we experienced lunch buffets, milking, and sausage making!
https://www.kankomie.or.jp/report/detail_207.html

Let's go see the ama performance at Mikimoto Pearl Island! We will report on the museum, pearl shop, parking, and access information.
https://www.kankomie.or.jp/report/detail_227.html

A comfortable boat trip from the Tomei Expressway to Ise-Shima! A clear report on how to ride the Ise Bay Ferry and its attractions!
https://www.kankomie.or.jp/report/detail_633.html

Mola mola, penguins, ama!? A unique aquarium with special performances, 'Shima Marineland', introducing fees and access
https://www.kankomie.or.jp/report/detail_169.html

Experience the breathtaking starry sky and aesthetic treatments at Menard Aoyama Resort! A relaxing mother-daughter trip
https://www.kankomie.or.jp/report/detail_290.html

Recommended hot spring feature in Mie Prefecture
https://www.kankomie.or.jp/season/detail_47.html

First Time Walking the Kumano Kodo - Ise Route
https://www.kankomie.or.jp/special/kumanokodo/index.html

Walking in the hometown of ninjas 'Iga Nabari'
https://www.kankomie.or.jp/special/iganabari/

A journey woven through stories 'Mononohaware Chunansei Monogatari'
http://story.kankomie.or.jp/index.php

Casually exploring North Ise | Web magazine for the Hokusei area of Mie Prefecture
https://kitaise.kankomie.or.jp/

Historical exploration and gourmet journey in a castle town 'Walking in Matsusaka'
https://www.kankomie.or.jp/special/matsusaka/index.html

Walking in Sekijuku - Tokaido Sekijuku in Kameyama City, Mie Prefecture, tourism and travel information site
https://www.kankomie.or.jp/special/sekijuku/

A journey of prayer connecting the two sacred places in the land where gods dwell 'Kumano'
https://www.kankomie.or.jp/special/kumano/index.html

A journey to stay while touring World Heritage 'Walking the Kumano Kodo River Pilgrimage Path'
https://www.kankomie.or.jp/special/kihou/index.html

【Official Mie Tourism SNS】
Official Facebook: https://facebook.com/kankomie.or.jp 
Official Instagram: https://instagram.com/kankomie/ 
Official Twitter: https://twitter.com/kankomie
Official TikTok: https://www.tiktok.com/@kankomie

*When traveling or sightseeing in Mie Prefecture, please adhere to the 'New Travel Etiquette' to avoid the risk of infection from COVID-19 and enjoy a safe and secure trip.
https://www.kankomie.or.jp/report/detail_662.html"
hWN1SUlEnWFmW3NxdqS0q,https://www.youtube.com/watch?v=TkQVFt0L7kM,EN,I visited the national scenic spot and natural monument 'Oni no K城' (Kumano City) | Tourism Mie | Mie Prefecture Travel Information,"I visited Oni no K城 in Kumano City. This time, I walked to the Oku no Kido. (Photo taken on 2019.4.10)

It is a natural art created by uplift, weathering, and wave erosion, stretching endlessly for 1 km facing the Kumano Sea, designated as a national scenic spot and natural monument. At the summit, there are the ruins of a castle from the Sengoku period, and a hiking course is developed that connects to the Kumano Kodo and Matsumoto Pass. From the observation deck known as Oni no Mihara, you can get a panoramic view of the Kumano Sea.

The hiking course leading to the summit is lined with cherry blossoms, and in spring, four types of cherry blossoms bloom one after another, delighting the eyes of tourists who visit for an extended period.

【Kumano City Special Site: The Land Where Gods Dwell 'Kumano'】
https://www.kankomie.or.jp/special/kumano/

A feature on popular tourist spots in the Higashi-Kishu area! 【Quick Guide to Mie's Highlights: Higashi-Kishu Edition】
https://www.kankomie.or.jp/season/detail_129.html

【Report】In search of the little-known 'secret hot spring,' I went to 'Yunokuchi Onsen'! A retro hot spring trip by trolley train
https://www.kankomie.or.jp/report/detail_400.html

【Report】I received a goshuin at Hananoiwaya Shrine! Introducing the charm of this spiritual shrine, said to be Japan's oldest power spot, and the Otsuna Chaya
https://www.kankomie.or.jp/report/detail_369.html

For tourism, travel, events, and accommodation reservations in Mie Prefecture, visit the official site of the Mie Prefecture Tourism Federation 'Tourism Mie'!
https://www.kankomie.or.jp/

For tourism and travel information about Ise Jingu, Naiku, Geku, and Okage Yokocho in Ise Toba Shima, visit 'First Time Visiting Ise: Walking in Ise Shima' https://www.kankomie.or.jp/special/iseshima/"
HTG0xrO6jQmfz4LbsnyUH,https://www.youtube.com/watch?v=dAl17hm0uis,EN,Summer Festivals in TOHOKU JAPAN（東北の夏祭り）,"The summer festivals in the six prefectures of Tohoku region will be dynamically expressed with viewpoints and staging that would otherwise be impossible to see.
Aomori Nebuta Festival, Morioka Sansa Odori Festival, Sendai Tanabata Festival, Akita Kanto Festival, Yamagata Hanagasa Festival, Soma Nomaoi.
TOHOKU JAPAN consists of Aomori, Iwate, Miyagi, Akita, Yamagata and Fukushima prefectures.

CG：ＷＯＷ inc.
Music:Mitsu the Beats
Produced by Reconstruction Agency

This is a non-verbal video that boldly expresses the summer festivals of the six prefectures of Tohoku from a perspective that has never been seen before."
CDv45S1cBpQhovy3oqFOc,https://www.youtube.com/watch?v=V8uqQ3k6QVU,EN,Fukushima Seaside Story - fueled by this love,Futaba Town Story Tourのコンセプト動画として作成。原子力災害で止まってしまった町の時間が、地域愛によって動き出すという表現を用い、この地域が再生に向かって歩む姿を紹介。
kR0Fg6ztENmANr6c_YWKR,https://www.youtube.com/watch?v=tujsPOS6o_k,EN,"Winter in Nagano, Japan - Festivals, Japanese Food and Skiing","Winter in Nagano, Japan is absolutely magical and we wanted to share with you some of the best winter activities for your travels! We ate a delicious hot pot in igloos (or Kamakura) and also went skiing and snowboarding on the slopes at Togari Ski Resort (戸狩温泉) in Iiyama (飯山).

//COME SAY HI!
Patreon (free behind the scenes content!): https://www.patreon.com/RoyandAimee
Instagram: https://www.instagram.com/royandaimee/

//NAGANO TRAVEL LINKS:
Ski Resort - https://www.powderhounds.com/Japan/Honshu/Togari-Onsen.aspx
Kamakura festival - https://www.iiyama-ouendan.net/en/special/kamakura/"
n8DX6lOSq-4KIThdPZOUu,https://www.youtube.com/watch?v=ipbdrTWpAHU,EN,FARM STAY in JAPAN! - Traditional Japanese travel experience in Akita,"What better way is there to experience Japanese culture than being invited into a local farmer's home to hang out and stay the night? On our recent trip to Akita (秋田県), we did a farm homestay in the humble town of Odate (大館市). We stayed with Yamauchi-san and his wife and together we cooked the local cuisine - Kiritanpo (切りたんぽ).

Kiritanpo is essentially mashed rice, cooked on a stick over an open fire, and then either eaten with a delicious miso glaze, or put in another meal, such as a hotpot - perfect for a chilly winter night! We had a quick trip to an onsen, and afterwards we stayed up late into the night having drinks, laughing and enjoying each other's company.

The next day Yamauchi gave us a personal tour of his town, giving us all the insider knowledge that you couldn't discover by yourself as a tourist. We even got to see and pet the famous Akita Inu's (秋田犬)! Even with our limited Japanese speaking ability, Yamauchi-san and his wife were incredibly accommodating and we can't thank them enough for such a fun experience.

//FARM STAY LINKS:
Akita farm stay - https://marugoto-odate-eng.amebaownd.com/pages/2086599/page_201603171106

//OUR CAMERA GEAR:
Camera - https://amzn.to/33O8P85
Microphone - https://amzn.to/3nIoZYA

//COME SAY HI!
Instagram: https://www.instagram.com/royandaimee/

Disclaimer: links in this description may be affiliate links. If you click on them and buy a product or service using this link, we may receive a small commission. This is at no extra cost to you! Thank you so much for supporting our channel!"
BwetBLWMdEsSNV8Q31vA-,https://www.youtube.com/watch?v=bhOpbTyj2ZI,EN,JAPAN ROAD TRIP | Exploring Iya Valley,"Iya Valley was a destination on our 3 week campervanning road trip around Japan. On one of Japan's smaller islands, Shikoku, there is a mountainous region containing beautiful gorges, cute little villages, and breathtaking views.

We tried food from the most hole in the wall shops we could find, drove along potentially dangerous 1-way-only roads, and climbed to the summit of Mt Miune (三嶺), a 1800m tall mountain!

//COME SAY HI!
Instagram: https://www.instagram.com/royandaimee/
Blog: https://www.roy-and-aimee.com/"
2yDH3cmqSdXPIj39IXjvj,https://www.youtube.com/watch?v=uaXPeN1nv9s,EN,The World's Most Beautiful Wisteria Garden【Ashikaga Flower Park 2021】 | 4K,"Japanese People also love wisteria(Fuji, 藤), not only cherry blossom"
Nu5qZFykyoPtm0XSno96I,https://www.youtube.com/watch?v=b1a2y3ID56E,EN,"Walking around Sakamato, Mt.Hiei（比叡山坂本を歩く） | 4K HDR","Sakamoto is well known as the east side to the foot of Mount Hiei (比叡山, Hiei-zan), the Buddhist mountain.
However, Not many people know about traditional streetscape of Sakamoto."
3MFAgkbN3-o7tYmYI9iUG,https://www.youtube.com/watch?v=pE6A_LHTgKU,EN,Beautiful Autumn Leaves of Kyoto - Shinnyodo（京都の紅葉 真如堂） | 4K,
Lix6kaiQ2cdCcxrqA9rei,https://www.youtube.com/watch?v=ptx3CT0gkVI,EN,"Walking around Magome-juku, the 43rd station of the Nakasendo (馬籠宿を歩く) l 4K Cinematic","Magome-juku (馬籠宿), the 43rd station of the Nakasendo, the old golden route between Edo (Tokyo) and Kyoto, is famous for its beautiful scenery.
I walked among traditional style houses which stand along the sloping road of the Nakasendo, from the bottom of the station to the top."
6yak28q8bjYHgsgzQeokw,https://www.youtube.com/watch?v=3KwgYFmZU54,EN,An Outdoor Sports Paradise - アウトドアスポーツの楽園 | South Tokushima,"SUP, Trail Running, Kayaking, Cycling, Surfing…  Blessed with nature and surrounded by the sea and mountains, South Tokushima is truly an outdoor sports paradise!

Click here for tourist information of South Tokushima.
Website: https://shikokunomigishita.jp/ (Japanese)
Website: https://shikokunomigishita.jp/en/ (English)"
pv38Uum7qx5or-0jmItLi,https://www.youtube.com/watch?v=GHfV8rH_stI,EN,"Inheriting Tradition, Local Festivals - 伝統を受け継ぐ　地域の祭り | South Tokushima","In South Tokushima you can experience diverse festivals overflowing with local charm.
Spanning generations, these traditions are inherited by the next generation.

Click here for tourist information of South Tokushima.
Website: https://shikokunomigishita.jp/ (Japanese)
Website: https://shikokunomigishita.jp/en/ (English)"
HZATjbMINiS--Vc-ovK1Z,https://www.youtube.com/watch?v=34CvswOo1Xo,EN,Explore Rich Nature and History - 豊かな自然と歴史を訪ねて | South Tokushima,"In the southern part of Tokushima Prefecture, there remains a wealth of untouched, beautiful, and grand nature. Here, you can find nostalgic landscapes and charming townscapes. Please experience the nature and history of South Tokushima.

South Tokushima is home to beautiful and expansive natural land that has been untouched by humans. A town full of nostalgic and warm atmosphere. Feel South Tokushima's nature and history.

Click here for tourist information of South Tokushima.
Website: https://shikokunomigishita.jp/ (Japanese)
Website: https://shikokunomigishita.jp/en/ (English)"
iwIcoAi43r4wvpubutK8L,https://www.youtube.com/watch?v=TFC3Dm2W8YY,EN,[360°VR] An Outdoor Sports Paradise - アウトドアスポーツの楽園 | South Tokushima,"[360°VR] SUP, Trail Running, Kayaking, Cycling, Surfing… Blessed with nature and surrounded by the sea and mountains, South Tokushima is truly an outdoor sports paradise!

Click here for tourist information of South Tokushima.
Website: https://shikokunomigishita.jp/ (Japanese)
Website: https://shikokunomigishita.jp/en/ (English)"
zEzRK6kdQ9ZDVRdzUWde_,https://www.youtube.com/watch?v=566m5kjUg1E,EN,Surfing【Kaiyo Town】,"Fans of 'Shikoku's Lower Right' have collaborated to create an experiential tourism VR content!
The five cities and towns in the southern part of Tokushima Prefecture, along with the Southern Comprehensive Prefectural Bureau, have organized the 'Shikoku's Lower Right Youth Creation Council' to promote initiatives such as attracting satellite offices (SO).
Recently, the experiential tourism VR content created by SO companies concentrated in the southern part of the prefecture, along with 'Shikoku's Lower Right Fans' (Awae Co., Ltd., Eatsリーズ Japan Co., Ltd., Piyamaru Co., Ltd., Anan National College of Technology), has been completed.
We hope many people will enjoy the charm of the southern prefecture."
hP1dwZWqQgTdBUHUlmy2w,https://www.youtube.com/watch?v=2E7UC37mEss,EN,[360°VR] Surfing [Kaiyo Town],"Fans of 'Shikoku's Bottom Right' have collaborated to create an experiential tourism VR content!
The five cities and towns in the southern part of Tokushima Prefecture, along with the Southern Comprehensive Prefectural Bureau, have organized the 'Shikoku's Bottom Right Youth Creation Council' to promote initiatives such as attracting satellite offices (SO).
Recently, an experiential tourism VR content created by SO companies concentrated in the southern part of the prefecture, along with 'Shikoku's Bottom Right Fans' (Awae Co., Ltd., Eatsリーズ Japan Co., Ltd., Piyamaru Co., Ltd., Anan National College of Technology) has been completed.
We hope many people will enjoy the charm of the southern part of the prefecture."
9BoFUjGD5GA6_2IIj2inS,https://www.youtube.com/watch?v=0yx2VdJ2j-0,EN,Hiyoshi Hachiman Shrine Autumn Festival【Minami Town】,"Fans of 'Shikoku's Lower Right' have collaborated to create an experiential tourism VR content!
The five cities and towns in the southern part of Tokushima Prefecture, along with the Southern Comprehensive Prefectural Bureau, have organized the 'Shikoku's Lower Right' Youth Revitalization Council to promote initiatives such as attracting satellite offices (SO).
Recently, experiential tourism VR content has been completed, created by SO companies concentrated in the southern part of the prefecture, along with 'Shikoku's Lower Right Fans' (Awae Co., Ltd., Eatsリーズ・ジャパン Co., Ltd., Piyamaru Co., Ltd., Anan National College of Technology).
We hope many people will enjoy the charm of the southern prefecture."
SsYBbX6t6B0XDyUEB8tOv,https://www.youtube.com/watch?v=CGruEP_ErIg,EN,DMV [Kaiyo Town],"Fans of 'Shikoku's Bottom Right' have collaborated to create an experiential tourism VR content!
The five cities and towns in the southern part of Tokushima Prefecture, along with the Southern Comprehensive Prefectural Bureau, have organized the 'Shikoku's Bottom Right Youth Creation Council' to promote initiatives such as attracting satellite offices (SO).
Recently, the experiential tourism VR content created by SO companies concentrated in the southern part of the prefecture, along with 'Shikoku's Bottom Right Fans' (Awae Co., Ltd., Eatsリーズ Japan Co., Ltd., Piyamaru Co., Ltd., Anan National College of Technology), has been completed.
We hope many people will enjoy the charm of the southern part of the prefecture."
sJ0oWWyWhEK39SUxv3_NJ,https://www.youtube.com/watch?v=rB2DW4YFAqQ,EN,[360°VR] Hiyoshi Hachiman Shrine Autumn Festival [Minami Town],"Fans of 'Shikoku's Lower Right' have collaborated to create an experiential tourism VR content!
The five cities and towns in the southern part of Tokushima Prefecture, along with the Southern Comprehensive Prefectural Bureau, have organized the 'Shikoku's Lower Right Youth Creation Council' to promote initiatives such as attracting satellite offices (SO).
This time, the experiential tourism VR content created by SO companies concentrated in the southern part of the prefecture, along with 'Shikoku's Lower Right Fans' (Awae Co., Ltd., Eatsリーズ Japan Co., Ltd., Piyamaru Co., Ltd., Anan National College of Technology) has been completed.
We hope many people will enjoy the charm of the southern prefecture."
lroW4nYkdI13rI8KrTxxc,https://www.youtube.com/watch?v=q7yxOzsQa8c,EN,[360°VR] DMV [Kaiyo Town],"Fans of 'Shikoku's Bottom Right' have collaborated to create an experiential tourism VR content!
The five cities and towns in the southern part of Tokushima Prefecture, along with the Southern Comprehensive Prefectural Bureau, have organized the 'Shikoku's Bottom Right Youth Creation Council' to promote initiatives such as attracting satellite offices (SO).
Recently, the experiential tourism VR content created by SO companies concentrated in the southern part of the prefecture, along with 'Shikoku's Bottom Right Fans' (Awae Co., Ltd., Eatsリーズ Japan Co., Ltd., Piyamaru Co., Ltd., Anan National College of Technology), has been completed.
We hope many people will enjoy the charm of the southern part of the prefecture."
LJ8t6gZSZ0eKfzc__CrVY,https://www.youtube.com/watch?v=xkawlsTDovo,EN,OTSUKA MUSEUM OF ART［Tokushima］,"Otsuka Museum of Art—the museum of ""masterpieces on porcelain panels"" located in Naruto City in Tokushima Prefecture.

Masterpieces on porcelain panels are reproductions of the original paintings on porcelain panels, maintaining their original colors and sizes. Compared with paper, canvases and earthen walls, the color applied on porcelain does not deteriorate over time. They are also reproduced in their original sizes. These allows visitors to enjoy the powerful and realistic displays as if they were in front of the original paintings.

Click here for information of Otsuka Museum↓
English：https://o-museum.or.jp/en/publics/index/675/
簡体中文：https://o-museum.or.jp/chs/publics/index/675/
繁体中文：https://o-museum.or.jp/cht/publics/index/675/
한국어：https://o-museum.or.jp/kor/publics/index/675/

Click here to subscribe↓
http://www.youtube.com/channel/UCmYNUoMI-QeohqbaJJco8Ng?sub_confirmation=1

Click here for tourist information of Tokushima↓
https://discovertokushima.net/en/
https://discovertokushima.net/cn/
https://discovertokushima.net/tw/
https://discovertokushima.net/ko/

Click here for Tokushima Awa Navi (tourist information) Instagram↓
https://www.instagram.com/tokushima_awanavi/?hl=ja"
lVMxuPN2qMF-pup4qTnp3,https://www.youtube.com/watch?v=vloKGiJT21M,EN,Exploring the Fine Sake of Nakatsugawa,"▼▼▼

0:00 Opening

0:04 Sake Brewery Ena Brewing ""Kujiranami"" × Brewery Tour
https://www.kujiranami.jp/

0:25 Hot Springs Ohashi Sake Brewery ""Kasagi Tsur"" × Iwasu-so
https://k-tsuru.com/

0:42 Food Yamauchi Sake Brewery ""Fukamori"" × Hananoko Soba Izuki
https://yamauchisyuzou.com/

1:00 Japanese Sweets Hazama Sake Brewery ""Enasan"" × Nigawai Specialty Hall
https://enasan.jp/

⋱⋰ ⋱⋰ ⋱⋰ ⋱⋰ ⋱⋰ ⋱⋰ ⋱⋰ ⋱⋰ ⋱⋰ ⋱⋰ ⋱⋰ ⋱⋰

Nakatsugawa City is home to four sake breweries.
The combination of each brewery's signature sake with the city's magical winter, hot springs, and local cuisine is absolutely perfect!

The flavor of sake is greatly influenced by the region's water quality, weather, and other factors.
Nakatsugawa City has all the right conditions to produce delicious sake, so you can expect nothing but clear, flavorful drinks!

If you ever visit Nakatsugawa, make sure to try the local sake.

#nakatsugawa #中津川 #岐阜県"
H1Cv8aPUFdfuYaJ9Jck6f,https://www.youtube.com/watch?v=0T-DPftP6hA,EN,【Nakatsugawa Tourism/Japan Travel/中津川 観光】Walk the Nakasendo and experience the essence of Japan!,"▼▼▼

0:00 Nakatsugawa Station/中津川駅

0:13 Nakatsugawa-Juku/中津川宿
https://www.city.nakatsugawa.lg.jp/kanko/miru/1/3761.html

0:38 Ochiai-Juku/落合宿
https://www.city.nakatsugawa.lg.jp/kanko/miru/1/3759.html

0:52 Ochiai cobblestones Path/落合の石畳
https://www.city.nakatsugawa.lg.jp/kanko/miru/1/3759.html

01:01 Sunset Point ~ Magome-Juku/信州サンセットポイント~馬籠宿
https://kiso-magome.com/

01:19 Meals and accommodation/お食事・宿泊

01:31 Stroll/散策

01:45 Making Gohei-mochi/五平餅づくり

01:48 Magome ~ Tsumago Hike/馬籠~妻籠ハイク

⋱⋰ ⋱⋰ ⋱⋰ ⋱⋰ ⋱⋰ ⋱⋰ ⋱⋰ ⋱⋰ ⋱⋰ ⋱⋰ ⋱⋰ ⋱⋰

Walk the Nakasendo and explore the essence of Japan!

Nakatsugawa City sightseeing sample course!

Explore the old streets and buildings that remain along the Nakasendo Trail, and explore the first-hand history by walking through!

There are areas on the Trail where cars cannot go in, which results in preserving the traditional view of the past.

Visit Nakatsugawa City and feel the impressive history that can be experienced only by walking.

岐阜県中津川市の観光モデルコースです！

中山道に残る古い街並みや建物、
実際に歩いて歴史を肌で感じてみて下さい★

中山道は、車が通れない様な所もありますが、
そのおかげで昔の日本当時をそのまま残す事が出来ます。

歩くからこそ感じられる感動をぜひ
体験しに来てください！

ぜひ！中津川市へお越しください！！！

#nakatsugawa #中津川 #岐阜県"
wwBSzc18lrkOu_tLcVFGl,https://www.youtube.com/watch?v=NExok8y-os4,EN,KONSHOJI TEMPLE PREMIUM TOUR 〜Held in 2023 Monitoring Tour〜 金勝寺プレミアムツアー 2023年開催 モニターツアーの様子,"【Zazen meditation & Moss fieldwork held on October 20, 2024】 
For details, inquiries and reservations, please visit the special website.

▶︎Konshoji Temple Premium tour Special Website
https://www.tateba-ritto.com/inbound/

A monitoring tour conducted in 2023.
Visitors will enjoy a guided tour of the temple grounds by a deputy priest, as well as an experience of Japanese culture and beauty in the tranquil setting of Kinshoji Temple, a temple that exists in harmony with nature.

＜Contact＞
Ritto Tourism Association
(2/F, Tehara Station) 3-1-30, Tehara, Ritto-shi, Shiga, Japan
TEL：077-551-0126
FAX：077-551-6158
MAIL：tateba.ritto@gmail.com
HP：https://www.ritto-kanko.com

【10月20日開催　坐禅と苔フィールドワーク】
ツアーの詳細・お問い合わせは特設WEBサイトからご覧いただけます。

▶︎Konshoji Temple Premium tour Special Website
https://www.tateba-ritto.com/inbound/

2023年に実施したモニターツアーの様子です。
副住職による境内の案内をはじめ、自然と共生している金勝寺の
静寂な空間で、日本の文化と美をテーマにした体験をお楽しみいただけます。

ツアーのお問い合わせ・主催
一般社団法人栗東市観光協会
滋賀県栗東市手原3丁目1-30(手原駅2階)
TEL：077-551-0126／FAX：077-551-6158　
MAIL：tateba.ritto@gmail.com"
uiPE9lOUOC2r_3DcufssP,https://www.youtube.com/watch?v=AO0tJe_cdxs,EN,"Japan Heritage Tourism (Higashiomi Edition) - Visiting Eigenji, a Culture of Water and Life","【🍁Japan Heritage & Water Heritage 'Eigenji'⛩】
'Eigenji' (永源寺), located in Higashiomi City, Shiga Prefecture, is the head temple of the Rinzai sect Eigenji branch, boasting a history of over 650 years.

The temple grounds feature a main hall (Hōjō) with a thatched roof made of reed, one of the largest in the country, as well as designated tangible cultural properties of the prefecture.

Nestled in deep nature, the temple complex offers a picturesque view throughout the seasons, and the vibrant red autumn leaves 🍁 that blanket the grounds attract many visitors from across the country, making it one of the top spots for autumn foliage in the Kansai region.

While certain areas are usually off-limits to the public, special tours can be arranged with volunteer guides. Enjoy the charm of Eigenji, where the autumn leaves beautifully contrast with the ancient temple, through our video.

https://ja.biwako-visitors.jp/spot/detail/2532

🌿 Please subscribe to our channel and give us a thumbs up!
#Eigenji #JapanHeritage #WaterHeritage #ZenTemple #ShigaAttractions #AutumnFoliage #Aichigawa #SeasonalScenery"
_AxZ6R0hhZDJXzuKOeYLi,https://www.youtube.com/watch?v=MJHrQkC0QmE,EN,KITA ECHIGO Sake Tourism – Japan’s Hidden Gem,"KITA ECHIGO Sake Tourism – Japan’s Hidden Gem
　Japan World's Tourism Film Festival2023｜Winners 
　ART & TUR - International Tourism Film Festival2023｜Best Film

1. The area really captured the “soul” of Japan, showing the representative landscape and highlighting how the locals live in harmony and make use of the nature in the area, from the growing of rice to the harvesting of salt. 

2. This film shows another side of Japan that gets overlooked in favor of flashy big cities, and piques the curiosity of those looking for an authentic Japanese destination. 

3. Sake is more than just a beverage, it is a vessel for the region’s culture, craftsmanship and flavor. When you drink Kikusui, you’re tasting the hard work and pride of the brewers in every drop. A visit to Shibata and the surrounding North Niigata will immerse you in sake’s history and bring you a deep appreciation for brewing.

© KIKUSUI SAKE CO., LTD. All rights reserved.
※本映像は公益財団法人にいがた産業創造機構の「オンラインによる非接触型海外展開支援事業費助成金」の助成対象事業によるものです。

こちらの動画の撮影では、新発田～胎内～村上～阿賀野のスポットを巡り、
たくさんの方々にご協力をいただきました。この場をお借りして御礼申し上げます。

※撮影に登場するスポットはこちら(敬称略）
0:22　菊水酒造 （新発田）https://www.kikusui-sake.com/
0:33　菊水日本酒文化研究所（新発田） https://www.kikusui-sake.com/home/jp/labo/
0:45　千年鮭きっかわ（村上）https://www.murakamisake.com/
0:57　菊水庭園（新発田）https://teienkaido.niigata.jp/garden/10/
1:04　足軽長屋 （新発田）http://hoppou-bunka.com/shimizuen/
1:04　新柳本店（新発田）　https://shinyanagihonten.com/
1:06　風鈴屋（新発田）　http://www.hotel-areaone.com/tsukioka/
1:08　足湯湯足美（新発田） http://www.tsukiokaonsen.gr.jp/
1:11　大友稲荷（新発田）　https://niigata-kankou.or.jp/spot/31019
1:13　清水園 （新発田）　http://hoppou-bunka.com/shimizuen/
1:17　野天風呂 湯元龍泉（村上）　 http://www.ryusen.org/
1:23　元祖月岡屋 （新発田）http://www.tsukiokaya.com/
1:25　地酒と季 横丁へい（新発田） https://yokotyo.gorp.jp/
1:30　居酒屋 和楽日（新発田）　W8MW+69 新発田市、新潟県
1:36　すき焼き八木（新発田）　W8XG+C9 新発田市、新潟県
1:39　La Gemma （新発田）　http://lagemma.cc/
1:42　ついしん手紙（新発田）　http://tegami-shibata.jp/
1:45　La Gemma（新発田） 　http://lagemma.cc/
1:50　風鈴屋（新発田）　http://www.hotel-areaone.com/tsukioka/
1:52　鮨 登喜和（新発田）　http://tokiwasushi.top/
2:05　笹川流れ（村上）　https://niigata-kankou.or.jp/spot/7145
2:09　笹川流れ塩工房 Salt＆Cafe（村上）　http://www.isosio.com/
2:13　冨士美園（村上）　http://www.fujimien.jp/
2:17　新発田城　（新発田）http://www.city.shibata.lg.jp/shisetsu/kanko/kanko/1005061.html
2:18　千年鮭きっかわ（村上）　https://www.murakamisake.com/
2:21　ついしん手紙（新発田）　http://tegami-shibata.jp/
2:22　漆工房じぇむ（村上）　https://www.sake3.com/spot/12421
2:26　宝光寺（新発田）https://www.hokoji.net/
2:32　瓢湖（阿賀野市）　https://niigata-kankou.or.jp/spot/10803

■撮影にご協力いただいた皆さま
・蕗谷虹児記念館　http://www.city.shibata.lg.jp/shisetsu/kanko/kanko/1005062.html
・月岡ブルワリー　https://tsukioka-brewery.jp/
・スワンレイクビール　https://www.swanlake.co.jp/main/
・新発田市観光協会　https://shibata-info.jp/
・月岡温泉観光協会　http://www.tsukiokaonsen.gr.jp/"
FLuR_bBYKlb-wxhh3ytBL,https://www.youtube.com/watch?v=6qPcpprckgo,EN,"Kusatsu Onsen, JAPAN - Autumn - 4K (Ultra HD) / 草津温泉","Learn more http://www.kusatsu-onsen.ne.jp/guide/en/
草津温泉 HP http://www.kusatsu-onsen.ne.jp/
Facebook page  https://www.facebook.com/Kustatsu-Onsen-Tourism-Association-486478148144160/
Official ebook https://www.smashwords.com/books/view/656812

PL / DP / ED : Yuki Eikawa
MU : [.que] Nao Kakimoto
PR : Yoji Nomura
PM : Motonari Baba
Production : 西日本新聞メディアラボ"
kG19SsKFpYQiFutk0vRZa,https://www.youtube.com/watch?v=jbwSCQSgRG8,EN,"01 Felicidad ""Felicidad"" Happiness (Morimachi, Shizuoka Prefecture)","Morimachi Tourism Short Movie 01
""Felicidad"" ""フェリシダ"" Happiness

Morimachi, Shizuoka Prefecture
This town, located in the western part of Shizuoka Prefecture with Mount Fuji, is home to people who cherish beautiful nature and traditions, and is called the small Kyoto of Enshu.

We created a short movie capturing the lives of these people over the course of a year, narrated by Francesc Planas, who moved from Spain to the Mikura area of Morimachi and the Okubo settlement.

""Living in Morimachi""

Please watch it and consider visiting Morimachi at least once. Surely, there is something here that will resonate with your heart.

Produced by: Morimachi Tourism Research Group
Project Promotion Committee Connecting through Beautiful Tea Gardens

Filming and Editing: Kobayashi Design, Naruhiko Kobayashi
Filming Cooperation: Morimachi Regional Revitalization Cooperation Team, Shunya Iwase
Narration: Francesc Planas
Writing: Morimachi City Hall, Industry Division, Tadanori Mikura
BGM: HURT RECORD

Morimachi, Shizuoka Prefecture
""Kaji Island Path to Hange-shō""
""Okubo Tea Garden to the Three-Dimensional Settlement""
Link to the guide map
https://www.town.morimachi.shizuoka.jp/_files/00011556/20170602machichaen-2.pdf#search=%27%E5%8D%8A%E5%A4%8F%E7%94%9F%E3%81%B8%E3%81%AE%E5%B0%8F%E5%BE%84%27"
GPxqNbkGk39ypIADw9h9W,https://www.youtube.com/watch?v=DdvJnTkH2ec,EN,BMPCC4K + 12-100 Olympus Zuiko || TOKYO Landscape || Handheld Shooting TEST shooting || Cinematic,"Test shooting in Tokyo by using BMPCC4K + M.ZUIKO DIGITAL ED 12-100mm F4.0 IS PRO.
I hope you enjoy my world. Thanks for supporting me.

▼Subscribe : https://www.youtube.com/channel/UCyEgReUr0_lY82FD5h0PUzg
FOLLOW ME ON Instagram;
https://www.instagram.com/k0se179/

Where I get my song from Artlist.io: https://bit.ly/36b478B
 (↑You can get 2 extra months free)

My contact for work 🎥
▼ jtravel.com@gmail.com

Gears: 
BMPCC4K
Lens-M.ZUIKO DIGITAL ED 12-100mm F4.0 IS PRO.
Lens Filter - Kenko Black Mist No.1

Editing ＆ Color grading software : Davinci Resolve Studio
https://www.blackmagicdesign.com/jp/products/davinciresolve/

#bmpcc4k
#tokyo
#東京"
ADDZJZp0TqlXbBxhTsPuR,https://www.youtube.com/watch?v=_mSq3ntQQCM,EN,Passion Continent × Samurai Shakuhachi Cover | SAMURAI PLAYS BAMBOO FLUTE | JONETSU TAIRIKU,"Samurai Bamboo Flute Covered Hakase Taro “JONETSU TAIRIKU” covered by Kizan Kawamura.
I hope you enjoy this powerful samurai bamboo flute performance and unique filmmaking.

BAMBOO FLUTE PLAYER / SAMURAI
【Kizan Kawamura】
▼YouTube https://www.youtube.com/channel/UCpt9jZEbqGWpxUt1MDc4Ygg
▼HP http://kawamura-kizan.p-kit.com

PRODUCER / DIRECTOR / CINEMATOGRAPHER / EDITOR
【KoSEI】
▼YouTube https://www.youtube.com/channel/UCyEgReUr0_lY82FD5h0PUzg
▼Insta https://www.instagram.com/k0se179/
▼HP https://leoviida.com

Filming location @Chiba（千葉県）

Royalty-Free Stock Animation, Video Footage, 3D Models
▼Motion Elements : https://www.motionelements.com/ja/?ref=8113PUENU

My contact for work 🎥
▼ jtravel.com@gmail.com

----------------------------------------------------
I had the opportunity to produce a unique music video featuring a samurai playing traditional Japanese instruments (shakuhachi) in a cool way. The cover of Hakase Taro's representative song “JONETSU TAIRIKU” was created by shakuhachi player Kizan Kawamura. I hope you enjoy the powerful shakuhachi performance and unique visuals. Kizan also showcases various songs on YouTube. ▼https://www.youtube.com/channel/UCpt9jZEbqGWpxUt1MDc4Ygg

This work has also been featured in the media!
https://news.livedoor.com/article/detail/20720995/
https://originalnews.nico/328269?fbclid=IwAR1mVovg9PI6bX7EdvqfZoJO7pqlkPM6-oZsy9B-X2-Yld4CACbxsQRf_VI

● Inquiries & Work Requests 🎥
▼jtravel.com@gmail.com

#Shakuhachi
#ghostoftsushima
#samurai"
cZlD1kuRNa3LFv2Xt0ZwS,https://www.youtube.com/watch?v=DBg4vEkygak,EN,Breath of OKINAWA - Okinawa [4K] Long ver.,"#Okinawa #okinawa #4K
Okinawa is the only prefecture in Japan where the entire prefecture belongs to the subtropical zone. The blue of the ocean and sky, the deep green of the World Natural Heritage forests, and the madder colors of the sunset over the ocean are just a few of the vivid colors that surround you. Discover Okinawa you have not yet known.

--------------------
Cinematographer
totty（cinevixion）

Creative Director
Osamu Miyajima

Producer
Takuma Yoshiyama

Location
Okinawa Main Island, Tokashiki Island, Ishigaki Island, Iriomote Island

--------------------
■万国津梁 琉球王国の歴史
https://youtu.be/6SJqJhcTR2c?si=i7tRr9mzRRMk2LZK

■Bankoku Shinryo Ryukyu Kingdom History
https://youtu.be/jPZjJnIcBEY?si=tJJ2It_qzHqNLUjS

■何度でも新しいおきなわ 4K
https://youtu.be/stDgwKlfgOk?si=BO1k32PYaw5hx3r2"
k7W1t66GVz5_C_Mwuhg-y,https://www.youtube.com/watch?v=2bvoJ23oSVE,EN,The Unseen World (Fukui)【Award-winning Work of the Subtly Amazing Fukui Video Contest】,"This work is an award-winning entry in the video contest conducted by Fukui Prefecture, themed ""Subtly Amazing, Fukui."" 
【Comment from the Video Creators】 
We are a video production company called Seven D, based in Fukui City, operated by Takashima and Imajo. Since 2016, we have been uploading videos themed around the ordinary landscapes of Fukui on our YouTube channel. In creating this video, we contemplated what it means to be subtly amazing and what makes Fukui wonderful. We believe the beauty of Fukui lies in its scenery and landscapes. The abundant nature brought by rich water possesses a grandeur that remains constant even amidst the changing tides of time. This beauty is not only found in well-known tourist spots and landmarks but also overflows in the most ordinary places. The scenery reflects the number of people living in Fukui, those who visit, and those who think of Fukui. In the video, we weave together not only the tourist spots you know but also the wonderful landscapes and nature we have discovered, creating a story that encourages viewers to come to Fukui and find their own special scenery. The title expresses our desire for you to cut through the obscured views of Fukui's landscapes in the sea of clouds and to bring your perspective into the unseen world (Fukui). The video is in 4K. We struggled to recreate the beauty of Fukui. Thank you for your support. 

#Fukui #ふくい 

Creators: 
Cinematography: Koji Imajo 
Composition, Direction, Editing: Chie Takashima"
3Zip_ml8MMa3-vTg6_gJ4,https://www.youtube.com/watch?v=LDBHdq1c2sg,EN,Intense!! The Glasses Competition World Championship Opens,"Mokutaru and Hunter are going head-to-head representing their countries in the 'Glasses Competition World Championship' at the Glasses Museum!!!

In Sabae City, where over 95% of glasses frames are produced, there is something called the 'Glasses Competition.'
Let's change into our uniforms and get serious!

In the 'Glasses Dash,' Mokutaru gets too excited and causes some trouble...
Can 'Glasses盛り' win against the gold glasses list with a handicap!?

★ Next time: 'Let's Make a Japanese Katana-like Cooking Knife!'
https://youtu.be/SmPEgIl4Avo

★ Check out the video series 'Come Visit Fukui!' here
https://bit.ly/2O52rnI

★ Official MV 'Come Visit Fukui!' - Fukui Prefecture Residents' Bad Rap
https://youtu.be/xngljkMjOY4

★ Currently, due to the impact of the coronavirus, traveling and sightseeing outside the prefecture is difficult, but when things settle down, please come to Fukui!

#ComeVisitFukui #Fukui #Experience #Mokutaru

★ Currently, due to the impact of the coronavirus,
traveling and sightseeing outside the prefecture is difficult,
but when things settle down, please come to Fukui!"
y__3IRuhyd0oeXvEVBIe9,https://www.youtube.com/watch?v=fMjPIUBN13w,EN,Sea of Clouds Over Lake Mashu in the Early Morning / 摩周湖早朝雲海,"Website: http://untouchedhokkaido.jp/
FACEBOOK: https://www.facebook.com/untouchedhokkaido/
Instagram: https://www.instagram.com/untouched_hokkaido/?hl=en

Around 20 minutes by car from Kawayu Hot Springs is Lake Mashu Viewpoint No. 3. Arrive here between sunrise and around 8:00 AM and you might see an incredible sea of clouds. The clouds covering the sky change from one movement to the next - you won't be able to tear your eyes away! The scene is completed by waves of clouds that flow over Lake Mashu from the surrounding mountains. June to September is the best time to see the sea of clouds in Teshikaga Town. Lake Mashu Viewpoint No. 3 is the best vantage point, at over 100m higher than Viewpoint No. 1. If you're lucky, you'll see a ""double sea of clouds"" around you, with clouds covering both Lake Mashu and Lake Kussharo! Make sure you check the best time of morning and viewing conditions in advance, as it changes depending on the season and the weather.

川湯温泉から摩周第３展望台までは車で約20分。日の出前から朝8時ぐらいまでが雲海の見頃だ。空を覆う雲海は、刻一刻と姿を変え、見る者の心を奪う。雲の波が外輪山から摩周湖に流れ込むように湖面を覆う、その様は圧巻の一言。弟子屈町で雲海を見るなら6月から9月がベストシーズン。摩周第3展望台の標高は、第1展望台よりも100メートル以上高く、雲海スポットとしては第３展望台がおすすめ。運が良ければ、360度見渡す限り雲海に埋め尽くされた摩周湖と、屈斜路湖両方の雲海、通称「ダブル雲海」を見ることができる！ 雲海の見ごろの時間帯は、季節や気象条件などにより異なるので事前の確認を。"
CdlAg0EJagBngEQ7uNbaH,https://www.youtube.com/watch?v=V6AUcBpc6M0,EN,Kagami no Ma Cruise in the Headwaters of the Kushiro River / 釧路川源流クルーズ・鏡の間,"Website: http://untouchedhokkaido.jp/
FACEBOOK: https://www.facebook.com/untouchedhokkaido/
Instagram: https://www.instagram.com/untouched_hokkaido/?hl=en

The Kushiro River is the only river that flows out of Lake Kussharo. It runs through Kushiro Shitsugen Wetland and out to sea. A short distance to the side of the Kushiro River is a magical spot called Kagami no Ma. Kagami no Ma is Japanese for ""mirror room"" and you'll see why as soon as you see how clear this spring is. The water remains below 10°C all year round, and the area offers a vastly different scene from the Kushiro River nearby. With its cool air, crystal-clear water and lush greenery, Kagami no Ma will captivate you.

屈斜路湖から流れ出る唯一の川、釧路川。川は釧路湿原へとつながり最後は海へ流れ出る。釧路川から少しだけ脇にはいったところに「鏡の間」と呼ばれる神秘のスポットがある。湧き水から成る「鏡の間」は、その名に相応しく透明度が抜群に高い！水温は四季を通して10度以下で触るとひんやり冷たい。釧路川との違いをしっかり感じることができる。清涼な空気、鏡面の水面、澄んだ緑、訪れる者を魅了する神秘の空間。"
DnswQEUbKfyN-_e4seCkL,https://www.youtube.com/watch?v=uhO9xdmU_Ro,EN,Canoe Cruise around Wakoto Peninsula / 和琴半島一周カヌークルーズ,"Website: http://untouchedhokkaido.jp/
FACEBOOK: https://www.facebook.com/untouchedhokkaido/
Instagram: https://www.instagram.com/untouched_hokkaido/?hl=en

Wakoto Peninsula is a peninsula that is about 3km around, jutting into a lake with a circumference of 57km. Its name comes from the Ainu phrase ""wakkochi"", which means ""the narrow part of a fish's tail"". The peninsula is a fascinating volcanic area, with hot springs everywhere and an area called Oyakotsu Jigoku (Oyakotsu Hell) at the tip of the peninsula, where plumes of smoke rise from the ground. Covered with deep forest, Wakoto Peninsula offers new natural splendor with each season: North Japanese hill cherry blossoms in spring, new greenery in early summer, colorful foliage in autumn. On a sunny day, Lake Kussharo is at its clearest, offering a view that will take your breath away. After you paddle around the peninsula, Mrs. Hiratsuka will serve you a hearty homemade lunch near the stunning Oyakotsu Jigoku. Made with local ingredients from Teshikaga and the surrounding area, every option will have you smacking your lips in satisfaction. The heartfelt hospitality you'll receive will make this the best canoe cruise you've ever been on.

Kazuaki and Ai Hiratsuka
This husband and wife duo are guides at Northeast Canoe Center, Ltd.
After encountering Canadian canoeing in 1986, they decided to recreate the experience on the beautiful Lake Kussharo and Kushiro River, and began working as tour guides to share the spectacular nature of their hometown through exciting canoe tours.
After a leisurely canoe trip with the Hiratsukas where you’re surrounded by the natural marvels of Lake Kussharo and the Kushiro River, you’ll be treated to a hearty homemade lunch made by Ai."
sM6l_1XCUUW81SNWu2R9z,https://www.youtube.com/watch?v=S2a0P4_hboM,EN,Fishing in Lake Akan and the Akan River / 阿寒湖・阿寒川フィッシング,"Website: http://untouchedhokkaido.jp/
FACEBOOK: https://www.facebook.com/untouchedhokkaido/
Instagram: https://www.instagram.com/untouched_hokkaido/?hl=en

Lake Akan is famous for its marimo moss balls and is surrounded by untouched nature. It's also home to an abundance of native trout species, making it a beloved spot for fly fishing and lure fishing enthusiasts. Fishing is banned until April 30 each year to protect the fish population, but the period from May 1 until autumn is an angler's paradise! Even beginners will find it easy to catch rainbow trout, Japanese char, and kokanee in Lake Akan. Be aware that the area from the mouth of the Akan River at Lake Akan to the Yukan Bridge is a catch-and-release area - the first in Hokkaido (designated in 2003). A recreational fishing charge of JPY1,500 per day applies (to be paid in advance).

マリモの生息で有名な阿寒湖には、手つかずの自然の姿がそのまま残る。そして阿寒湖はネイティブトラウトの宝庫で、多くのアングラー（釣り人）のあこがれの地でもあり、フライフィッシングやルアーフィッシングの聖地とも呼ばれる。5月1日の解禁日から秋にかけては、釣り三昧の休日を過ごせるベストシーズン！ニジマス・アメマス・ヒメマス釣りなどは初心者でも手軽に楽しめる。 ちなみに2003年に北海道で初めてキャッチ＆リリース（再放流）を遊漁規則化したことにより、阿寒川湖流出口から雄観橋下流端はキャッチ＆リリースエリアに設定されている。遊漁料1日.1,500円が必要（事前支払い）。"
m3sxyUy9ULiNI0ln1kjLl,https://www.youtube.com/watch?v=2PWVaZmCGAs,EN,Chikurouen Flagship Store / 竹老園東家総本店,"Website: http://untouchedhokkaido.jp/
FACEBOOK: https://www.facebook.com/untouchedhok...
Instagram: https://www.instagram.com/untouched_h...

Chikurouen's flagship store is one of the oldest soba noodle restaurants in Hokkaido. With a history of over 140 years, this specialist restaurant has honed its skills and is still striving to improve on its authentic local noodles. Kushiro soba noodles stand out from the rest - they're green! That's because they're made from new buckwheat. The founder of Chikurouen is said to have wanted every customer to enjoy soba noodles made from new buckwheat, and that tradition is still alive today.

Considered one of the oldest soba restaurants in Hokkaido, Chikurouen has been dedicated to soba since its establishment over 140 years ago in the Meiji era. With skills refined over the years, they continue to pursue the authentic taste. The characteristic of Kushiro soba is its green color, which comes from being made with new buckwheat. There are various theories about why the soba is green, but it is said to have been served this way so that customers could always feel like they are enjoying fresh buckwheat. The founder's intention from the beginning is still passed down today.

〒085-0824
3-19 Kashiwagi-cho, Kushiro City, Hokkaido
Tel. 0154-41-6291
http://chikurouen.com/

Historically and geographically, Eastern Hokkaido is a unique place, located on the North American Plate despite being in Japan, resulting in a rich variety of rare plant species. This land is home to rare wildlife that can only be encountered here, and the national parks of Japan, where many creatures live, have been preserved by the local people who have coexisted with nature for a long time, known as 'Untouched Hokkaido.' Eastern Hokkaido is connected by rich clear streams, and is home to the elegant and beautiful Tancho, a special natural monument of Japan. In the language of the Ainu, the indigenous people of Hokkaido, the Tancho is called Sarorunkamuy (the god that lives in the marsh). Water nurtures life while magically transforming into various forms."
VTOCb4jvJOkXwdRofZ1Rv,https://www.youtube.com/watch?v=nI4aFWRg5FQ,EN,Tateyama Kurobe | TOYAMA SPRING MOVIE 4K,"Iori bridge | 伊織橋
Tateyama | 立山
Kurobedaira | 黒部平
Kurobe Dam | 黒部ダム
Murodo | 室堂
Raichoso | 雷鳥荘
Mikurigaike | みくりが池
Tateyama Kurobe Alpine Route | 立山黒部アルペンルート
Shomyodaki | 称名滝"
c7m1M3AK4fiXOjiO7Gjrk,https://www.youtube.com/watch?v=3nY07VA5rw4,EN,Road - My Journey of Life in Nanki Kumano,"After twenty years since he moved from overseas to Nanki Kumano, there is still something mysterious to him – the faith of the local people. He sets out on a journey visiting waterfalls, stones, trees and islands around the area, and learns that these have been worshiped by the people for years and years. One day, he joins a local festival, and realizes the true faith of the area.

Nanki Kumano Geopark Website https://nankikumanogeo.jp/
Nanki Kumano Geopark Facebook https://www.facebook.com/nankikumanogeo/
Nanki Kumano Geopark Instagram https://www.instagram.com/nankikumano...

-----------------------------------------------------------
[Planning and Production]   Wakayama Prefectural Government（和歌山県）
[Cooperation]   Nanki Kumano Geopark Promotion Council（南紀熊野ジオパーク推進協議会）
[Production Cooperation]   Geo-Labo Co., Ltd. / Koo-Inc.（株式会社ジオ・ラボ／株式会社KOO）
-----------------------------------------------------------"
erzNbDXjBLhZaMYujKFVR,https://www.youtube.com/watch?v=p4eAR2Gw5RU,EN,Old Nara Prison PV - Ground Edition,"This video was produced as a promotional video for the 'Nara Red Brick Festival' to be held at the Old Nara Prison in 2023.
You can watch the FULL version at the South Warehouse, which will serve as the exhibition venue.
https://heritabi.com/narakangoku.heritabi.com/index.html

Video Production Creators
ぁぉ　https://twitter.com/ao__lazuli
47　https://twitter.com/_urbex_record
Both of their YouTube channels　https://m.youtube.com/@cinema5190"
wQjmitrXgPhP4iWeYQ82b,https://www.youtube.com/watch?v=Zgu6DK5iEd0,EN,"Glimpses of NARA, Japan - そらにみつ あをによし -奈良観光 夏-","Nara self-produced tourism PR video (English and Traditional Chinese subtitles are planned to be added)
a movie story about traveling in Nara (English and Traditional Chinese subtitles are available. Maybe I'll add subtitles in a month…)

Nara is the final destination of the Silk Road. I am traveling to the ancient capital Nara, which is different from the gorgeousness of Kyoto.

── a Film by
Create｜ Daiki Kubota
Title Works｜ Shokei Yamanaka
Voice｜ Toko Unno
TW Translate｜ Bakuzen Wang
Special Thanks｜ Kimi Okahashi

── Location
0:27　Mt. WAKAKUSA　若草山

0:59　UKIMIDO Gazebo　鷺池・浮見堂

2:03　HEIJO Palace Site　平城宮跡
　　　Nara City Hall Heijo Palace Restoration Model　奈良市役所 平城宮跡復元模型

3:15　MIYAKE Japanese Sweets & Cafe　みやけ 旧鴻池邸表屋

3:42　TODAIJI Temple NIGATSUDO　東大寺  二月堂
　　　*From the Manyoshu: ""As evening falls, the cicadas cry, crossing Ikoma Mountain, I come to meet my beloved.""
　　　(Paraphrase: In the evening, I come to meet my beloved, crossing Ikoma Mountain where the cicadas cry.)
　　　From Hata no Amano (Volume 15, Poem 3589)

4:03　NARA TO-KAE　なら燈花会

4:36　YAMANOBE Road　山辺の道

4:50　ISONOKAMI Jingu Shrine　石上神宮

5:23　MIWA SOMEN SENJUTEI　三輪素麵茶屋　千壽亭

5:48　FUJIWARA Imperial Site　藤原宮跡

6:07　TANIZE Suspension Bridge　谷瀬の吊り橋

6:36　SASA fall　笹の滝　竹瀑

Thank you all for granting permission for filming.

── Music (from Premium Beat)
Tchaikovsky / from The Nutcracker suite

── Gear
sony α7siii + fx3
zeiss batis 25mm,40mm,85mm
sigma macro 105mm
dji mini 3 pro
dji ronin sc
gitzo traveler

© 2023 kangaroofilm."
h_4J2rMqI6vWYezcFEpQ3,https://www.youtube.com/watch?v=DtFuZAcobvE,EN,"【TEASER】360°で観る飛び地の村「北山村」/VR experience for the enclave village Kitayama, WAKAYAMA.","The enclave village in the Kii Peninsula – Kitayama Village, WAKAYAMA.
For the first time ever, VR experience Ikada-Kudari, the Kitayama River Log Rafting from the unique perspective of a Ikada-shi, raft master with a fully immersive 360° view!

Enjoy the breathtaking scenery of this secluded village and its picturesque landscapes, and feel as if the refreshing citrus aroma of the Jabara harvest is drifting through the screen.

The full video is available in Japanese, English, and Traditional Chinese on this channel!"
BraxlWjVapvX43yn_3lml,https://www.youtube.com/watch?v=G2Vnix5DymA,EN,[360°VR All-Around View] Kitayama Village VR Video,"[HMD Viewing Age Restriction: 10 years and older] You can also operate the 360-degree perspective viewing even with a regular screen.

Located deep in the mountains of the Kii Peninsula, Kitayama Village is Japan's only exclave village, a small yet surprising hidden gem.

Here, you can experience the thrilling Kitayama River sightseeing rafting, riding down the river on traditional wooden rafts. In addition, Kitayama Village is the birthplace of the rare citrus fruit **'Jabara' (邪払)** and boasts magnificent natural scenery that feels isolated from the world.

Through immersive VR, let yourself indulge in the tranquil beauty of Japan's mountains and feel the moments when your soul is gently healed by nature."
CMmpS0FiOHwPCIEly4eRu,https://www.youtube.com/watch?v=MHv_C5GvJzc,EN,【公式 | Official】 Ferry Journey to Paradise (Kagoshima-Amami-Okinawa Route),"Official Site : https://amami-shiptrip.jp/
Official Instagram : https://www.instagram.com/amami_shiptrip/

A good story never starts with, “I really want to go someday.”
Take the plunge and plan a ferry journey along Japan’s southern Amami Islands.
See Japan’s island paradise for yourself, meet its people and know their way of living
before returning home from adventure with an unforgettable story to tell.

Planning and Supervision
Amami Islands Air and Ferry Fare Reduction Council / Kagoshima Prefecture Passenger Ship Association

Cooperation
Amami Shipping Co., Ltd.: https://www.aline-ferry.com/amami/
Marix Line Co., Ltd.: https://marixline.com/
Maruee Ferry Co., Ltd.: https://www.aline-ferry.com/

Production
81plus Co., Ltd.: https://81plus.jp/"
BV1u6oEXbMJ7yp0felYf-,https://www.youtube.com/watch?v=7cHrE5VaEcw,EN,KUMANO Shrine The road of IZANAMI,"Kumano Shrine, Shobara City, Hiroshima Prefecture. Former Hiba Ohyashiro Shrine. The year of foundation is unknown. Located at the foot of Mt. Hiba, this place is a place to convey the tradition of Japan's history book said that oldest history book ""Kojiki"" to the present day.
The mother of the gods, Izanami Nomikoto When Izanagi Nomikoto visited her, Mt. Tateeboshi, It's night, so she lit her comb and used it as a light. There is an anecdote that she hid herself in a rock hole on the way and escaped the difficulty when it rained on fire from the sky.
It is also reported that Izanami, who later gave birth to the god of fire, died in a rock hole on this road, and she left for heaven.

QPJ home page
https://www.qpj.design

Instagram 
https://www.instagram.com/qpj.design/

Facebook
https://m.facebook.com/profile.php?id=102124014584213&ref=content_filter

関連動画-Related videos

出雲大社 - IZUMONO OH YASHIRO
https://youtu.be/2PxotkEHds4

出雲 日御碕神社 夕日の祭り - Sunset Festival HINOMISAKI Shrine in IZUMO
https://youtu.be/UtKFBq8pA30

瀬戸内「神の島」厳島仏閣　宮島　Setouchi “God’s Island” Itsukushima,Miyajima,Japan
https://youtu.be/yNgTKfwfXp4

#日本 #古事記 #歴史 #文化 #神話 #イザナミ #イザナギ #鳥居 #黄泉の国 #神道 #熊野神社 #比婆大社 #広島 #庄原 #山陽 #観光 #中国山地 #神社
#Japan #Kojiki #History #Culture #Myth #Izanami #Izanagi #Torii #Heaven #Shinto #Kumano Shrine #Hiba Taisha #Hiroshima #Shobara #Sanyo #Sightseeing #Chugoku Mountains #Shrine"
ay3xsj5fuRraAYKBeqX9T,https://www.youtube.com/watch?v=2PxotkEHds4,EN,Izumo Taisha - IZUMO NO OHYASHIRO,"Izumo Taisha - IZUMO NO OHYASIRO
Izumo Taisha (いずものおおやしろ・いずもたいしゃ) is a shrine located in Kizukihigashi, Taisha-cho, Izumo City, Shimane Prefecture.
One of the oldest shrines in Japan, Okuninushi no Okami, the main deity, is considered to be the god who created Japan. It has been said that in October of the lunar calendar, eight million gods (Yaorozu no Kami) will gather here and hold a deity (God's meeting).

Chapter - chapter
00:03 Hinomisaki Coast
00:12 Kame no O Falls
00:17 Senya Kunizukuri-kan, Kitajima Kunizukuri-kan
00:30 Approach, Sazare Stone
00:43 Kagura Hall
01:00 Hachikaku Gate
01:09 Kame no O Falls, Tenjin Shrine
01:17 Main Shrine
01:39 Suga Shrine
01:44 Nishi Jukyu Shrine
01:52 Inasa Beach

QPJ home page
https://www.qpj.design

Instagram
https://www.instagram.com/qpj.design/

Facebook
https://m.facebook.com/profile.php?id=102124014584213&ref=content_filter

Related videos

Miyajima Itsukushima Spring Sakura(Cherry-Blossoms)
https://youtu.be/G6oM2pUrgno

Setouchi “God’s Island” Itsukushima, Miyajima, Japan
https://youtu.be/yNgTKfwfXp4

Dai-Seiin Series Part 1: Dai-Seiin and Eleven-Faced Kannon
Japanese https://www.youtube.com/watch?v=kuA9eLs-8Go&list=PLmHUe7TUZsRnFi2WtG7I-4rAn1BWq_iqC&index=12
English https://www.youtube.com/watch?v=nwMLDPKXDRY&list=PLmHUe7TUZsRnFi2WtG7I-4rAn1BWq_iqC&index=9

Izumo Taisha is a shrine located in Kizukihigashi, Taisha-cho, Izumo City, Shimane Prefecture.
One of the oldest shrines in Japan, Okuninushi no Okami, the main deity, is considered to be the god who created Japan. It has been said that in October of the lunar calendar, eight million gods (Yaorozu no Kami) will gather here and hold a deity (God's meeting).

#出雲大社 #出雲 #神社 #歴史 #古事記 #神道 #文化 #参拝 #稲佐の浜 #鳥居 #島根県 #観光
#Izumo_Taisha #Izumo #Shrine #History #Kojiki #Shinto #Culture #Worship #Inasa_Beach #Torii #Shimane_Prefecture #Sightseeing"
wXIY1RHrmlC-bmyU9O2g0,https://www.youtube.com/watch?v=t5bmq8HPIME,EN,Sanin(mountain’s yin) Coast,"In the Chugoku region of Japan, the north of the Chugoku Mountains has been called Sanin(mountain’s yin) and the south has been called Sanyo(mountain’s yang) for a long time.

When naming a place, it is based on the idea of ​​ancient China that the north and south of the mountain are represented by yin and yang, and the north and south of the river are represented by yang and yin.

This is because in the northern hemisphere, where the sun rises in the southern sky, the north of the mountain is in the shadow and the south is in the sun.

In the case of rivers, there are lands in China that are described as Yinyang in the north and south of the river, such as Rakuyo (the area north of the river called Luoyang) and Huaiyin (south of the river called Huai’an).

In the case of rivers, the light from the south bounces off the surface of the river, illuminating the north of the river, and objects in the south cast shadows on the surface of the river.

The coast of the San'in(mountain’s yin) region on the north side of the Chugoku Mountains faces the Sea of ​​Japan.
Enjoy the scenic landscape of the San'in coast formed by the rough waves of the Sea of ​​Japan generated by the wind blowing from the continent.

QPJ home page
https://www.qpj.design

Instagram 
https://www.instagram.com/qpj.design/

Facebook
https://m.facebook.com/profile.php?id=102124014584213&ref=content_filter

関連動画-Related videos

出雲大社 - IZUMONO OH YASHIRO
https://youtu.be/2PxotkEHds4

出雲 日御碕神社 夕日の祭り - Sunset Festival HINOMISAKI Shrine in IZUMO
https://youtu.be/UtKFBq8pA30

瀬戸内無人島図鑑　神の島　厳島宮島の東1.3kmに位置する絵の島
Uninhabited island Enoshima Hiroshima
https://youtu.be/jYPaonFhCEA

#海岸 #ビーチ #山陰 #日本海 #元乃隅神社 #山陰ジオパーク #鳥取砂丘 #向島恵比寿神社  #盆栽 #風光明媚 #侵食 #観光 #海 #自然 #夏 #日本 #景観 #鳥取 #島根 #山口

#Coast #Beach #San'in #Sea of ​​Japan #Motonosumi Shrine #San'in Geopark #Tottori Sand Dunes #Mukojima Ebisu Shrine #Bonsai #Scenic #Erosion #Sightseeing #Sea #Nature #Summer #Japan #Landscape #Tottori #Shimane #Yamaguchi"
p44G-zif6s4YvrwIYDbh9,https://www.youtube.com/watch?v=m4yfcGGA4ZA,EN,Okayama 岡山｜JAPAN - Check out the best Okayama Winter Illuminations -,"We will introduce Nishigawa Canal Park, where makes countless shining illuminations like stars and makes you feel as if you are traveling under the starry sky, and Okayama Forest Park German Forest Illuminations, where you can enjoy a different image for each area! 
There are many other places where you can enjoy the illuminations in Okayama♪ So let’s check them out☆彡


◆officialwebsite
Winter Illumination in Okayama
https://bit.ly/3vmA0nE
（Japanese）

◆Nishigawa Canal Park
https://goo.gl/maps/qqoju3du4Guebjns7

◆Okayama Forest Park German Forest
https://www.farmpark.co.jp/doitsunomori/

#Japantrip #Okayamatrip #Onlinetrip #Okayama #Okayamaillumination #Okayamaillumnation2022

◆HP・SNS info
【HP】Okayama Prefecture Official Tourism Guide ""Explore Okayama"" 
▶▶https://www.okayama-japan.jp/en/ (English)
▶▶https://www.okayama-japan.jp/tw/ (Traditional Chinese)
▶▶https://www.okayama-japan.jp/ko/ (Korean)
▶▶https://www.okayama-japan.jp/th/ (Thai)
▶▶https://www.okayama-japan.jp/fr/ (French)
▶▶https://www.okayama-japan.jp/de/ (German)
【Facebook】
▶▶https://www.facebook.com/okayama.eng/ (English)
▶▶https://www.facebook.com/okayama.tw/ (Traditional Chinese/Taiwan)
▶▶https://www.facebook.com/okayama.hk/ (Traditional Chinese/Hong Kong)
▶▶https://www.facebook.com/okayama.kr/ (Korean)
▶▶https://www.facebook.com/okayama.thai/ (Thai)
▶▶https://www.facebook.com/okayama.fr/ (French)
【Instagram】 
▶▶https://www.instagram.com/okayamakr/ (Korean)
▶▶https://www.instagram.com/okayama.th/ (Thai)
【Blog】 
▶▶https://blog.naver.com/okayamap (Korean)


––––––––––––––––––––––––––––––
Alone by Urpleactus https://youtube.com/user/UrpleActus
Creative Commons Attribution license
Free Download / Stream: http://bit.ly/3i7WPbh
Music promoted by Audio Library https://youtu.be/JNcG1uQp_rg
––––––––––––––––––––––––––––––"
sggux0u4oX8f_zZwScNxx,https://www.youtube.com/watch?v=yNRHKd4lOEM,EN,Okayama 岡山｜JAPAN - NEW Okayama Castle！-,"Major Renovations During Reiwa and renewal opened November 3rd this year as Castle That Informs Of History And Castle Where People Gather.
The castle's black exterior walls, its major feature, were repainted. The castle offers visitors interesting and informative exhibitions that show the history of Okayama through videos and experience programs. The castle tower's floors from B1 to 6th floors, except 2nd floor where important cultural properties are exhibited, can be rented in the evening for parties or other activities.
In this video, we give you the charm of the entire Okayama Castle and experience making Bizen-yaki pottery at Okayama Castle Bizen-yaki Pottery Studio.

◆officialwebsite
https://okayama-castle.jp/gather-map-en/

**************************************************************************

#Japantrip #Okayamatrip #Onlinetrip #Okayama #Okayamacastle #Okayamacastlegarden #Okayamacastleexperienced #Okayamajo #Okayamajocastle

◆HP・SNS info
【HP】Okayama Prefecture Official Tourism Guide ""Explore Okayama"" 
▶▶https://www.okayama-japan.jp/en/ (English)
▶▶https://www.okayama-japan.jp/tw/ (Traditional Chinese)
▶▶https://www.okayama-japan.jp/ko/ (Korean)
▶▶https://www.okayama-japan.jp/th/ (Thai)
▶▶https://www.okayama-japan.jp/fr/ (French)
▶▶https://www.okayama-japan.jp/de/ (German)
【Facebook】
▶▶https://www.facebook.com/okayama.eng/ (English)
▶▶https://www.facebook.com/okayama.tw/ (Traditional Chinese/Taiwan)
▶▶https://www.facebook.com/okayama.hk/ (Traditional Chinese/Hong Kong)
▶▶https://www.facebook.com/okayama.kr/ (Korean)
▶▶https://www.facebook.com/okayama.thai/ (Thai)
▶▶https://www.facebook.com/okayama.fr/ (French)
【Instagram】 
▶▶https://www.instagram.com/okayamakr/ (Korean)
▶▶https://www.instagram.com/okayama.th/ (Thai)
【Blog】 
▶▶https://blog.naver.com/okayamap (Korean)


––––––––––––––––––––––––––––––
Essence - Mehul Choudhary https://soundcloud.com/mehul-choudhar...
Creative Commons — Attribution 3.0 Unported — CC BY 3.0
Free Download / Stream: https://bit.ly/3SV9KtX
Music promoted by Audio Library https://youtu.be/fbt-U4xdWwI
––––––––––––––––––––––––––––––"
lz2JX9WF8Z7JcTnQiw3EX,https://www.youtube.com/watch?v=i7gFPVMxcGc,EN,The Scar Left Behind (金比羅火口災害遺構散策路),"At the Konpira Crater Disaster Ruins Trail, you can visit disaster ruins as a place of learning, including the crater formed by the eruption in 2000 and facilities affected by disasters such as hot mud flows.

We hope you will take a look.

CORRECTION: The trail was destroyed by a mudslide, not by lava."
hm0CzPP7Z1-cLOuUI9Xza,https://www.youtube.com/watch?v=Agn040G03K8,EN,#2 Michinosato (みちのさと) [Fukumitsu],"Michinosato - Private accommodation and guest house
〒 939-1733 Toyama Prefecture, Nanto City, Shimono 285  090-3760-8345
http://michinosato.com/"
UaAOZ9wrcAdA7vlTSppzJ,https://www.youtube.com/watch?v=2PH86qz-Fyk,EN,#23 Guest House YAMASHITA-YA (やましたや) [Gokayama],"Guest House YAMASHITA-YA
〒939-1961 Toyama Prefecture, Nanto City, Minamiguri 839
TEL: 0763-77-3264
https://www.gokayama-yamashitaya.com/index.html"
-R-U8YM5uWI9nPj_O84kS,https://www.youtube.com/watch?v=RbqXBblHQeY,EN,"Trip to Nanto City, Toyama Prefecture - Fukuno Yotaka Festival ~Pre-Festival~","Fukuno Yotaka Festival (福野夜高祭り)
The pre-festival is held every year on April 30th. It takes place at the JR Fukuno Station front square (rotary). The highlight is the Bunkyu large lantern, which stands about 15 meters tall, more than twice the size of the large lanterns that are still passed down in the Fukuno area of Nanto City. It recreates the scale of lanterns made in an era without utility poles.
During the evening festival starting on May 1st, the Yotaka lanterns are paraded around, accompanied by the resonant sounds of the Yotaka drums and the spirited shouts of the young men. The main attraction is the tug-of-war (kenka) that begins around 11 PM on the 2nd. With the lively sounds of clappers, the young men clash against each other's lanterns. The intensity of this tug-of-war captivates the audience with its powerful display. During the main festival, the four town floats visit the Shinmei Shrine, and the portable shrine parades through the town.

Nanto City Tourism Association website (Fukuno Yotaka Festival page)
https://www.tabi-nanto.jp/archives/1933"
ht1ltlLveOFktQQERS83d,https://www.youtube.com/watch?v=o2nSrLAsoeM,EN,KOKIRIKO -The Ancient Japanese Folk Song- ｜こきりこ　English Ver.,"In Gokayama, a life in harmony with nature has been passed down through generations.
Along with the World Cultural Heritage Gassho-style Village, Kokiriko—believed to be Japan’s oldest folk song—has been faithfully preserved by the locals.
Passed down through generations in the Gokayama region, Kokiriko is a simple folk song and dance with roots in a performing art called Dengaku, which originated around 1,400 years ago during the Taika Reforms. Believed to be the oldest folk song in Japan, its name appears in many ancient documents.

■A special plan to experience the World Heritage Site of Gokayama: ""Stay in the World Heritage Site of Gokayama Gassho-style Houses and Watch the Traditional Kokiriko Performing Arts""
Kokiriko is a song and dance imbued with the heart of the locals and the way of life that has been sustained here.
Come and experience the essence of Gokayama firsthand on this special tour.
Stay in a Gassho-style house and enjoy a traditional Kokiriko performance.
Immerse yourself in the beauty of classic Japanese culture.
https://www.tabi-nanto.jp/kokiriko/en/

■Information
Nanto City Tourism Association　https://www.tabi-nanto.jp/en/

＃こきりこ#五箇山#富山#南砺
#kokieiko#gokayama#toyama#nanto#Japan"
IX2JtLZz5vziWr23y4Dna,https://www.youtube.com/watch?v=yzrxh_0WdUg,EN,KOKIRIKO -The Ancient Japanese Folk Song-  | こきりこ  Japanese Ver.,"The lifestyle that coexists with nature continues in ""Gokayama"".

What is carefully passed down by the local residents along with the ""Gassho-zukuri villages"" registered as a World Heritage Site is the ""Kokiriko,"" said to be the oldest folk song in Japan.

""Kokiriko"" is a simple song and dance that is said to have originated from the dengaku dance that began about 1400 years ago (around the time of the Taika Reforms). It is considered the oldest folk song in Japan, and its name has been preserved in numerous ancient texts.

■ A special plan to experience the World Heritage Gokayama: ""World Heritage Gokayama Gassho-zukuri Stay & Traditional Performing Arts Kokiriko Viewing""

The song and dance filled with the spirit of the people living in this land and the lifestyle that has been protected here.

We have prepared a special tour to experience the breath of Gokayama all at once.

Enjoy a journey that allows you to stay in a Gassho-zukuri house and view ""Kokiriko,"" immersing yourself in the good old culture of Japan.

For details, visit: https://www.tabi-nanto.jp/kokiriko/

■ Inquiries
Nanto City Tourism Association: https://www.tabi-nanto.jp/

＃こきりこ#五箇山#富山#南砺
#kokieiko#gokayama#toyama#nanto#Japan"
Gtm5FO_ki4HLjm-JoQKxp,https://www.youtube.com/watch?v=F8AUP9MBGjs,EN,KOKIRIKO －The Ancient Japanese Folk Song － ｜こきりこ　短編Ver.,KOKIRIKO －The Ancient Japanese Folk Song － ｜こきりこ　短編Ver
VsAY0uMrGzYQg52XOy5Q4,https://www.youtube.com/watch?v=SnOphgpyUZ4,EN,EN (En),"Takahama Town in Fukui Prefecture, surrounded by the Wakasa Bay and Wakasa Fuji 'Aobayama', is the birthplace of Shaku Soen, a pioneer who was Daisetsu Suzuki's master and the first to spread Zen to the world as ZEN.

Wakasa Takahama, where Shaku Soen spent his childhood, is surrounded by the sea and mountains. The experience of ZEN (Zen, nature, meal, goodness, wholeness...) that connects with nature, connects with people, and resets the mind and body still breathes in daily life.

In this video, which expresses the positive aspect of Yin-Yang (spring and summer), we hope you encounter the EN (connection) of ZEN.

Connections are made, and new connections are woven.

We invite you to Takahama, to experience ZEN, to taste the delicious fish of the Japan Sea, and to workation in Takahama Town, Fukui Prefecture.

🔵 Takahama Town Workation HP
⇒ https://wakasa-takahama.jp/workation/

🔵 Workation Tabloid
⇒ http://www.town.takahama.fukui.jp/pag...

【Production】Takahama Town-Fukui Prefecture
【Sponsor】Tourism Association Takahama
【Producer】Katsunosuke Honda
【Actor】Mary Popeo/Sean Tsukida
【Director】Kentaro Kusunoki

Special Thanks👍

JR Obama Line, Seikai Shrine, Herbal Village
Hamoto Food Processing Plant and Sales
Sakichi Shrine, Open Garden Aoba, FAMILIA
HIROMI-Green Leaves, abrit sunmile Rina
Nakayama Temple, Wakasawada Lifesaving Club
Seastar cprisk YUKIKO NANBU, Wakasawada Beach
JAPANESE BRUSH DESIGN WORKS Kaku

#CJ動画2021
#高浜町
#takahama
#海
#自然
#福井県
#en
#beach
#blueflag
#neture
#fukui
#japan"
DpdvDnDp98saHuq_hVt3M,https://www.youtube.com/watch?v=6E80cy3ZDJk,EN,"Mie, Japan 8K HDR - Mie Prefecture","Learn more about Mie
https://www.kankomie.or.jp/en/travel/

Shooting locations are below
00:00 Ago Bay
00:07 Ise Jingu
00:11 Iga Braided Cords
00:15 Mitsushima
00:22 Iga Braided Cords
00:30 Kaochidani Valley
00:37 Okage Yokocho
00:39 Akafuku Mochi
00:54 Toba Marine Terminal
00:59 Ise Ebi (Spiny lobster)
01:01 Ama Huts
01:08 Toba Bay
01:12 Pearl farming
01:15 Toba Bay
01:20 Ise Udon
01:34 Mt.Gozaisho/Gozaisho Ropeway
01:40 Maruyamasenmaida (Maruyama Terraced Rice Fields)
01:44 World Heritage Onigajo
01:50 Meotoiwa (Wedded Rocks)
01:53 Tategasaki
01:59 Iga Ueno Castle
02:01 Japan Heritage Iga-ryu Ninja
02:08 Gojouban Yashiki
02:12 Japan Heritage Iga-ryu Ninja
02:27 Sekijuku
02:29 Seki Jizoin
02:34 Kizuro
02:38 Ise Cha (Ise Tea)
02:42 Tekone-Sushi
02:51 World Heritage Kumanokodo Iseji(Magose-toge)
02:55 Kushida River
02:59 Suzuka River
03:02 Yokkaichi Industrial Complex

Director, Editor: Yuki Eikawa
Photographer: Takashi Matsumura
Aerial Photographer: Motonari Baba

【Mie Prefecture Tourism official site】
・English
https://www.kankomie.or.jp/en/
・Traditional Chinese
https://www.kankomie.or.jp/tw/
・Simplified characters
https://www.kankomie.or.jp/cn/
・Thai
https://www.kankomie.or.jp/th/
・Korean
https://www.kankomie.or.jp/ko/
・Japanese
https://www.kankomie.or.jp

【Mie Prefecture Tourism official SNS】
＜English＞
・Facebook
http://www.facebook.com/travelmiejapan
・Instagram
https://www.instagram.com/visitmie/
・YouTube
https://www.youtube.com/channel/UCI9fiY2YyUCAFMWF9jWar0g/

＜Traditional Chinese＞
・Facebook
http://www.facebook.com/mietrip.tw
・Instagram
https://www.instagram.com/visitmie_tw/
・YouTube
https://www.youtube.com/channel/UCc1GO5Q24i16pqxoqLGNlSA

＜Simplified characters＞
・微博（Weibo）
http://www.weibo.com/leyouriben
・YouTube
https://www.youtube.com/channel/UCChAOaUrUHwZb4QwbLBXjPA

＜Thai＞
・Facebook
https://www.facebook.com/japantravelmie.th
・Instagram
https://www.instagram.com/visitmie_th/
・YouTube
https://www.youtube.com/channel/UCPAXfiAv2ZOkYcfsNJeJp_g/

＜Korean＞
・Facebook
https://www.facebook.com/japantravel.miero
・YouTube
https://www.youtube.com/channel/UCx9aypoyGHzv2WlXUF1aeIg

＜Japanese＞
・Facebook
https://www.facebook.com/kankomie.or.jp/
・Instagram
https://www.instagram.com/kankomie/
・Twitter
https://twitter.com/kankomie
・YouTube
https://www.youtube.com/channel/UC21OkMILfqCRkvol4FBzmRA/

＜French＞
・Facebook
https://www.facebook.com/japantravelmie.fr
・YouTube
https://www.youtube.com/channel/UCmdJ3zG8oOk3ayfh3E4ilow

＜German＞
・Facebook
https://www.facebook.com/japantravelmie.de
・YouTube
https://www.youtube.com/channel/UCf-qLU7Ddk6Nx880fKvuzLQ

＜Spanish＞
・Facebook
https://www.facebook.com/japantravelmie.es"
GMLpBIKgviAP4CVqqJ0wA,https://www.youtube.com/watch?v=_wnuKLRKEhM,EN,Experience Mie Japan - Mie Prefecture,"Learn more about Mie
【English】https://www.kankomie.or.jp/en/
【繁体字】https://www.kankomie.or.jp/tw/
【简体字】https://www.kankomie.or.jp/cn/
【ภาษาไทย】https://www.kankomie.or.jp/th/

Learn more about Higashikishu
https://www.youtube.com/watch?v=MS6B4ax51fg

Shooting locations are below
00:21　ISE JINGU
00:35　OHARAI MACHI/OKAGE YOKOCHO
00:45　ISE CERAMIC ART
00:47　ISE KATAGAMI TSUKUSHIYA
01:05　MIKIMOTO PEARL ISLAND
01:28　AMA HUT SATOUMIAN
01:55　MITAKE CHERRY BLOSSOMS
02:06　MISUGI RESORT
02:19　INAKA TOURISM
02:29　AKAME48WATERFALLS
02:31　NINJA EXPERIENCE
02:39　AKAME48WATERFALLS
02:58　NAGASHIMA SPA LAND
03:06　NABANA NO SATO ILLUMINATION 2019
03:18　SUZUKA CIRCUIT"
nKq1-VkZiaBO7aJ9DeDvT,https://www.youtube.com/watch?v=BCEduQNrJFA,EN,Visit Mie Cycling in real Japan_日本語字幕,"Cazacle offers guided cycling tours with a reservation system for a new experience. 
Cycling is recommended for exploring the area at a leisurely pace. 
The breeze from the bike lifts your spirits, and the interactions with the local community are warm, making it a tour that blends into everyday life."
8bXLSNq7JNWTBSXTxLqAJ,https://www.youtube.com/watch?v=-j-IMWt9E1g,EN,Initial Settings Matsusaka city promotion commercial video clip,"A Matsusaka city promotion commercial video clip contest is launched by Matsusaka city and the high schools.
The theme of the video is Dogu clay figures, cotton, and nature in the mountains.
And, we are now collecting comments and feedback for the participants, the high school students.

【Mie Prefecture Tourism official site】
・English（英語）
https://www.kankomie.or.jp/en/
・Traditional Chinese（繁体字）
https://www.kankomie.or.jp/tw/
・Simplified characters（簡体字）
https://www.kankomie.or.jp/cn/
・Thai（タイ語）
https://www.kankomie.or.jp/th/
・Korean（韓国語）
https://www.kankomie.or.jp/ko/
・Japanese（日本語）
https://www.kankomie.or.jp

【Mie Prefecture Tourism official SNS】
＜English（英語）＞
・Facebook
http://www.facebook.com/travelmiejapan
・Instagram
https://www.instagram.com/visitmie/
・YouTube
https://www.youtube.com/channel/UCI9fiY2YyUCAFMWF9jWar0g/

＜Traditional Chinese（繁体字）＞
・Facebook
http://www.facebook.com/mietrip.tw
・Instagram
https://www.instagram.com/visitmie_tw/
・YouTube
https://www.youtube.com/channel/UCc1GO5Q24i16pqxoqLGNlSA

＜Simplified characters（簡体字）＞
・微博（Weibo）
http://www.weibo.com/leyouriben
・YouTube
https://www.youtube.com/channel/UCChAOaUrUHwZb4QwbLBXjPA

＜Thai（タイ語）＞
・Facebook
https://www.facebook.com/japantravelmie.th
・Instagram
https://www.instagram.com/visitmie_th/
・YouTube
https://www.youtube.com/channel/UCPAXfiAv2ZOkYcfsNJeJp_g/

＜Korean（韓国語）＞
・Facebook
https://www.facebook.com/japantravel.miero
・YouTube
https://www.youtube.com/channel/UCx9aypoyGHzv2WlXUF1aeIg

＜Japanese（日本語）＞
・Facebook
https://www.facebook.com/kankomie.or.jp/
・Instagram
https://www.instagram.com/kankomie/
・Twitter
https://twitter.com/kankomie
・YouTube
https://www.youtube.com/channel/UC21OkMILfqCRkvol4FBzmRA/

＜French（フランス語）＞
・Facebook
https://www.facebook.com/japantravelmie.fr
・YouTube
https://www.youtube.com/channel/UCmdJ3zG8oOk3ayfh3E4ilow

＜German（ドイツ語）＞
・Facebook
https://www.facebook.com/japantravelmie.de
・YouTube
https://www.youtube.com/channel/UCf-qLU7Ddk6Nx880fKvuzLQ

＜Spanish（スペイン語）＞
・Facebook
https://www.facebook.com/japantravelmie.es"
s25nKu6YU5QP3U6c8FpyS,https://www.youtube.com/watch?v=-tU2QtoSIDM,EN,Matsusaka city promotion commercial video clip,"A Matsusaka city promotion commercial video clip contest is launched by Matsusaka city and the high schools.
The theme of the video is Dogu clay figures, cotton, and nature in the mountains.
And, we are now collecting comments and feedback for the participants, the high school students.

【Mie Prefecture Tourism official site】
・English（英語）
https://www.kankomie.or.jp/en/
・Traditional Chinese（繁体字）
https://www.kankomie.or.jp/tw/
・Simplified characters（簡体字）
https://www.kankomie.or.jp/cn/
・Thai（タイ語）
https://www.kankomie.or.jp/th/
・Korean（韓国語）
https://www.kankomie.or.jp/ko/
・Japanese（日本語）
https://www.kankomie.or.jp

【Mie Prefecture Tourism official SNS】
＜English（英語）＞
・Facebook
http://www.facebook.com/travelmiejapan
・Instagram
https://www.instagram.com/visitmie/
・YouTube
https://www.youtube.com/channel/UCI9fiY2YyUCAFMWF9jWar0g/

＜Traditional Chinese（繁体字）＞
・Facebook
http://www.facebook.com/mietrip.tw
・Instagram
https://www.instagram.com/visitmie_tw/
・YouTube
https://www.youtube.com/channel/UCc1GO5Q24i16pqxoqLGNlSA

＜Simplified characters（簡体字）＞
・微博（Weibo）
http://www.weibo.com/leyouriben
・YouTube
https://www.youtube.com/channel/UCChAOaUrUHwZb4QwbLBXjPA

＜Thai（タイ語）＞
・Facebook
https://www.facebook.com/japantravelmie.th
・Instagram
https://www.instagram.com/visitmie_th/
・YouTube
https://www.youtube.com/channel/UCPAXfiAv2ZOkYcfsNJeJp_g/

＜Korean（韓国語）＞
・Facebook
https://www.facebook.com/japantravel.miero
・YouTube
https://www.youtube.com/channel/UCx9aypoyGHzv2WlXUF1aeIg

＜Japanese（日本語）＞
・Facebook
https://www.facebook.com/kankomie.or.jp/
・Instagram
https://www.instagram.com/kankomie/
・Twitter
https://twitter.com/kankomie
・YouTube
https://www.youtube.com/channel/UC21OkMILfqCRkvol4FBzmRA/

＜French（フランス語）＞
・Facebook
https://www.facebook.com/japantravelmie.fr
・YouTube
https://www.youtube.com/channel/UCmdJ3zG8oOk3ayfh3E4ilow

＜German（ドイツ語）＞
・Facebook
https://www.facebook.com/japantravelmie.de
・YouTube
https://www.youtube.com/channel/UCf-qLU7Ddk6Nx880fKvuzLQ

＜Spanish（スペイン語）＞
・Facebook
https://www.facebook.com/japantravelmie.es"
EDdqqxeYyz5nhN-asGyHQ,https://www.youtube.com/watch?v=5u6mndWDTns,EN,Matsusaka city promotion commercial video clip contest,"A Matsusaka city promotion commercial video clip contest is launched by Matsusaka city and the high schools.
The theme of the video is Dogu clay figures, cotton, and nature in the mountains.
And, we are now collecting comments and feedback for the participants, the high school students.

【Mie Prefecture Tourism official site】
・English（英語）
https://www.kankomie.or.jp/en/
・Traditional Chinese（繁体字）
https://www.kankomie.or.jp/tw/
・Simplified characters（簡体字）
https://www.kankomie.or.jp/cn/
・Thai（タイ語）
https://www.kankomie.or.jp/th/
・Korean（韓国語）
https://www.kankomie.or.jp/ko/
・Japanese（日本語）
https://www.kankomie.or.jp

【Mie Prefecture Tourism official SNS】
＜English（英語）＞
・Facebook
http://www.facebook.com/travelmiejapan
・Instagram
https://www.instagram.com/visitmie/
・YouTube
https://www.youtube.com/channel/UCI9fiY2YyUCAFMWF9jWar0g/

＜Traditional Chinese（繁体字）＞
・Facebook
http://www.facebook.com/mietrip.tw
・Instagram
https://www.instagram.com/visitmie_tw/
・YouTube
https://www.youtube.com/channel/UCc1GO5Q24i16pqxoqLGNlSA

＜Simplified characters（簡体字）＞
・微博（Weibo）
http://www.weibo.com/leyouriben
・YouTube
https://www.youtube.com/channel/UCChAOaUrUHwZb4QwbLBXjPA

＜Thai（タイ語）＞
・Facebook
https://www.facebook.com/japantravelmie.th
・Instagram
https://www.instagram.com/visitmie_th/
・YouTube
https://www.youtube.com/channel/UCPAXfiAv2ZOkYcfsNJeJp_g/

＜Korean（韓国語）＞
・Facebook
https://www.facebook.com/japantravel.miero
・YouTube
https://www.youtube.com/channel/UCx9aypoyGHzv2WlXUF1aeIg

＜Japanese（日本語）＞
・Facebook
https://www.facebook.com/kankomie.or.jp/
・Instagram
https://www.instagram.com/kankomie/
・Twitter
https://twitter.com/kankomie
・YouTube
https://www.youtube.com/channel/UC21OkMILfqCRkvol4FBzmRA/

＜French（フランス語）＞
・Facebook
https://www.facebook.com/japantravelmie.fr
・YouTube
https://www.youtube.com/channel/UCmdJ3zG8oOk3ayfh3E4ilow

＜German（ドイツ語）＞
・Facebook
https://www.facebook.com/japantravelmie.de
・YouTube
https://www.youtube.com/channel/UCf-qLU7Ddk6Nx880fKvuzLQ

＜Spanish（スペイン語）＞
・Facebook
https://www.facebook.com/japantravelmie.es"
9wwLYZ5fZRNS6FXuoiRbm,https://www.youtube.com/watch?v=hAHzPbqvCjk,EN,TRADITIONAL CULTURE OF MIYAZU CITY ～宮津の歴史・伝統文化～,"The atmosphere of a castle town that flourished with Edo-era merchant ships

An eternal ancient temple that coexists with the beautiful nature of The Sea of Japan and the Mountains

A cultural landscape painted by numerous legends and myths

Please visit Miyazu, where its unique traditional culture remains strong.

天橋立観光協会HP ▶ https://www.amanohashidate.jp/
#宮津市　#観光　#天橋立　#文化　#歴史"
_-EIaOS3Nw5Nmy11r4RWH,https://www.youtube.com/watch?v=jND8HSMdcGk,EN,"Hyperlapse Fukuoka City, Japan 4k (Ultra HD) - Fukuoka Short ver.","Learn more about Fukuoka City
Fukuoka City Tourism Information Site ""Yokanavi"": https://yokanavi.com/
FUKUOKA CITY Official Tourist Guide: https://gofukuoka.jp/
Instagram(@fukuoka360) : https://www.instagram.com/fukuoka360/

Fukuoka City tourism promotional video “Hyperlapse Fukuoka City”
Fukuoka City tourism promotion video “Hyperlapse Fukuoka City”

Full version : https://youtu.be/-_ImZ3afULY

Film directed by Yuki Eikawa
Music by Wolves Unite Japan, Inc.
Fukuoka City All Rights Reserved.

About the use of this video
https://www.city.fukuoka.lg.jp/keizai/marketing/charm/promotion_movie_2.html

Inquiries regarding this video:
Economic Tourism and Culture Bureau, Tourism Marketing Division / Phone number 092-711-4355
----------------------------------------------
Please subscribe to Fukuoka City's official YouTube channel. https://www.youtube.com/user/Fukuokachannel

Homepage https://www.city.fukuoka.lg.jp/
LINE https://line.me/R/ti/p/%40fukuokacity
X  https://x.com/fukuokacity_pr?s=21&t=-0GHuBruDaLlMaTVv1tTMg
Instagram https://www.instagram.com/fukuoka_official/
Facebook https://www.facebook.com/fukuokacitypr/?locale=ja_JP
#FukuokaCityHall #FukuokaCity #FukuokaChannel #news #ニュース"
hOakqDpq4sIOeuF5_I_iS,https://www.youtube.com/watch?v=g4jsXVyc4bA,EN,"Hyperlapse Fukuoka City, Japan 4k (Ultra HD) - Fukuoka 30s ver.(food)","Learn more about Fukuoka City
Fukuoka City Tourism Information Site ""Yokanavi"": https://yokanavi.com/
FUKUOKA CITY Official Tourist Guide: https://gofukuoka.jp/
Instagram(@fukuoka360) : https://www.instagram.com/fukuoka360/

Fukuoka City tourism promotional video “Hyperlapse Fukuoka City”
Fukuoka City tourism promotion video “Hyperlapse Fukuoka City”

Full version : https://youtu.be/-_ImZ3afULY

Film directed by Yuki Eikawa
Music by Wolves Unite Japan, Inc.
Fukuoka City All Rights Reserved.

About the use of this video
https://www.city.fukuoka.lg.jp/keizai/marketing/charm/promotion_movie_2.html

Inquiries regarding this video:
Economic Tourism and Culture Bureau, Tourism Marketing Division / Phone number 092-711-4355
----------------------------------------------
Please subscribe to Fukuoka City's official YouTube channel. https://www.youtube.com/user/Fukuokachannel

Homepage https://www.city.fukuoka.lg.jp/
LINE https://line.me/R/ti/p/%40fukuokacity
X https://x.com/fukuokacity_pr?s=21&t=-0GHuBruDaLlMaTVv1tTMg
Instagram https://www.instagram.com/fukuoka_official/
Facebook https://www.facebook.com/fukuokacitypr/?locale=ja_JP
#FukuokaCityHall #FukuokaCity #FukuokaChannel #news #ニュース"
cpeWYmbtfjVH9IJoZV2F-,https://www.youtube.com/watch?v=AQf59uveGUg,EN,"Hyperlapse Fukuoka City, Japan 4k (Ultra HD) - Fukuoka 30s ver.(landmark)","Learn more about Fukuoka City
Fukuoka City Tourism Information Site ""Yokanavi"": https://yokanavi.com/
FUKUOKA CITY Official Tourist Guide: https://gofukuoka.jp/
Instagram(@fukuoka360) : https://www.instagram.com/fukuoka360/

Fukuoka City tourism promotional video “Hyperlapse Fukuoka City”
Fukuoka City tourism promotional video “Hyperlapse Fukuoka City”

Full version : https://youtu.be/-_ImZ3afULY

Film directed by Yuki Eikawa
Music by Wolves Unite Japan, Inc.
Fukuoka City All Rights Reserved.

About the use of this video
https://www.city.fukuoka.lg.jp/keizai/marketing/charm/promotion_movie_2.html

Inquiries regarding this video:
Economic Tourism and Culture Bureau, Tourism Marketing Division / Phone number 092-711-4355
----------------------------------------------
Please subscribe to Fukuoka City's official YouTube channel. https://www.youtube.com/user/Fukuokachannel

Homepage https://www.city.fukuoka.lg.jp/
LINE https://line.me/R/ti/p/%40fukuokacity
X https://x.com/fukuokacity_pr?s=21&t=-0GHuBruDaLlMaTVv1tTMg
Instagram https://www.instagram.com/fukuoka_official/
Facebook https://www.facebook.com/fukuokacitypr/?locale=ja_JP
#FukuokaCityHall #FukuokaCity #FukuokaChannel #news #ニュース"
2r0CgiuYpGF94WGvlUDDj,https://www.youtube.com/watch?v=4vs7oA6_Ce8,EN,"Hyperlapse Fukuoka City, Japan 4k (Ultra HD) - Fukuoka 30s ver.(traditional)","Learn more about Fukuoka City
Fukuoka City Tourism Information Site ""Yokanavi"": https://yokanavi.com/
FUKUOKA CITY Official Tourist Guide: https://gofukuoka.jp/
Instagram(@fukuoka360) : https://www.instagram.com/fukuoka360/

Fukuoka City tourism promotional video “Hyperlapse Fukuoka City”
Fukuoka City tourism promotional video “Hyperlapse Fukuoka City” (ハイパーラプス フクオカシティ)

Full version : https://youtu.be/-_ImZ3afULY

Film directed by Yuki Eikawa
Music by Wolves Unite Japan, Inc.
Fukuoka City All Rights Reserved.

About the use of this video
https://www.city.fukuoka.lg.jp/keizai/marketing/charm/promotion_movie_2.html

Inquiries regarding this video:
Economic Tourism and Culture Bureau, Tourism Marketing Division / Phone number 092-711-4355
----------------------------------------------
Please subscribe to Fukuoka City's official YouTube channel. https://www.youtube.com/user/Fukuokachannel

Homepage https://www.city.fukuoka.lg.jp/
LINE https://line.me/R/ti/p/%40fukuokacity
X  https://x.com/fukuokacity_pr?s=21&t=-0GHuBruDaLlMaTVv1tTMg
Instagram https://www.instagram.com/fukuoka_official/
Facebook https://www.facebook.com/fukuokacitypr/?locale=ja_JP
#FukuokaCityHall #FukuokaCity #FukuokaChannel #news #ニュース"
9C-r4EdYzCuQsJYAgazEi,https://www.youtube.com/watch?v=GsR-j4oKhg8,EN,Tourism Etiquette Video 'The Etiquette Guide to Fukuoka' (English Version),"A few pointers to help you enjoy your trip to Fukuoka:
How to behave in public spaces
How to use the toilets
Photography etiquette
No littering
Smoking rules

We hope you have a great time in Fukuoka!
----------------------------------------------
Please subscribe to the official Fukuoka City YouTube channel. https://www.youtube.com/user/Fukuokachannel

Fukuoka City Official Newsletter WEB Version
https://www.city.fukuoka.lg.jp/shicho/koho/fsdweb/
The Fukuoka Channel provides videos of Fukuoka City and the Mayor's activities.
https://www.city.fukuoka.lg.jp/f-channel/index.html
Fukuoka Official LINE Account https://line.me/R/ti/p/%40fukuokacity
Fukuoka City Official Website https://www.city.fukuoka.lg.jp
Fukuoka Channel YouTube https://www.youtube.com/user/Fukuokachannel
twitter http://twitter.com/#!/Fukuokacity_pr

#FukuokaCityHall #FukuokaCity #FukuokaChannel #news #ニュース"
Iv-IzUBjjnu3KZcup8OWl,https://www.youtube.com/watch?v=JDnrYPEv2tg,EN,Enchanting Tokyo  - Is this really Tokyo? -  Volcano Island OSHIMA  (Full ver.) / 絶景！大島 三原山火口をドローン空撮,"OSHIMA Island
1 hour 45 minutes (minimum) from central Tokyo by high-speed jet ferry.
Enjoy the island’s dynamic scenery, with views such as Mt. Mihara, the volcanic crater you can see close, a vast ‘desert’ and ‘Fudeshima’, the brush-like rock protruding from the sea surface. Be it camping or cycling, there are activities for you to immerse yourself in the rich nature of the island.
Full of charm, Oshima Island is waiting to enchant you.

Oshima tourist information:
https://www.gotokyo.org/jp/destinations/izu-and-ogasawara-islands/oshima-island/index.html

────────────────────────────
東京都心から高速ジェット船で最短1時間45分。
間近で見ることのできる三原山の火口、広大な「砂漠」、海面から突き出た岩「筆島」などのダイナミックな景観と、自転車、キャンプなど豊かな自然の中で楽しむアクティビティ。
魅力あふれる大島でお待ちしています。

大島観光情報
https://www.gotokyo.org/jp/destinations/izu-and-ogasawara-islands/oshima-island/index.html


#ドローン #空撮 #火山 #火口 #裏砂漠 #四輪バギー #大島 #伊豆大島 #絶景 #自転車 #登山 #椿 #キャンプ
#drone #volcano #crater #japan #tokyo #izu #island #enchanting #enchantingtokyo"
EYoMs80N9fOU03BRb7WbO,https://www.youtube.com/watch?v=kt92-ZDm-HM,EN,Enchanting Tokyo 7-Minute Miracle/7分間の奇跡,"Dateline Tokyo journalist Charli James went behind the scenes with the Shinkansen bullet train cleaning crew to film their ""7-Minute Miracle"" turnaround.

An American video journalist, Charli, who came to Japan for work, reported on what he found ""amazing and interesting"" in Tokyo.
This video was filmed at Tokyo Station, focusing on the Shinkansen's ability to complete cleaning in a very short time and depart again. It showcases how comfortable travel is made possible through rapid and precise cleaning, titled ""7-Minute Miracle.""

Dateline Tokyo: http://www.metro.tokyo.jp/ENGLISH/ABOUT/DATELINE/dateline_index.htm

 #enchanting"
l4D3TpCRG9S7_HPBM86zp,https://www.youtube.com/watch?v=WylXB1waLIo,EN,Autumn leaves in Aso City - 6 Spots (Maple/Ginkgo/Pampas Grass) 2021,"This video is a record of autumn leaves that we captured on 6 locations in Aso City. 
They are all known as places where you can see beautiful red maple trees and yellow ginkgoes and gold pampas grass. 
If you want to trip into this locations, please check this.

【目次 Index】
00:00 ダイジェスト digest
00:13 西巌殿寺 Saigandenji
00:40 隼鷹天満宮 Hayataka Tenmangu
01:20 産神社 Ubu Jinja
01:33 すすきの迷路 Pampas Grass Maze
02:00 箱石峠 Hakoishi Toge
02:13 阿蘇スカイライン展望所 Aso Skyline View Spot

#紅葉
#阿蘇
#雲海
#すすき
#銀杏
#朝日
#autumn_leaves
#momiji
#sea_of_cloud
#aso"
SwJbC62M0eIrw9vTOR9wB,https://www.youtube.com/watch?v=MSlEfEZVvKY,EN,"LOOK UP Kumamoto City, JAPAN 4K 熊本市 Full ver【広報課】","""LOOK UP"" means ""to look up,"" ""to improve,"" and ""to cheer up."" 
A female traveler arrives in Kumamoto City and, as she experiences the local culture, 
she becomes captivated by the city and starts walking forward with a light heart. 
In the latter part, colorful balloons, symbolizing ""power and energy,"" 
fly up into the sky above Kumamoto Castle. 
""When you feel down or lack energy, I want you to look up. This city has Kumamoto Castle, which supports us. 
Let's all look up together!"" This message is conveyed. 

Music By 竜馬四重奏 

For other videos introducing various charms of the city, click here: 
Quality Living City Kumamoto, JAPAN 4K 熊本市 Full ver 
https://youtu.be/C_1aEExODLs 

Quality Living City Kumamoto, JAPAN 4K 熊本市 Short ver 
https://youtu.be/dINzz15XGoo  

0:00 江津湖 
0:06 熊本城 
0:10 上通り 
0:12 JR熊本駅 
0:25 二の丸広場 
0:28 水前寺成趣園（すいぜんじじょうじゅえん） 
0:42 くまもんスクエア 
0:45 SAKURA MACHI Kumamoto 
0:49 城彩苑 
0:54 太平燕 
01:01 蜂楽饅頭 
01:06 石畳の道 
01:14 ワンピース ルフィ像（イチョウ並木） 
01:18 本妙寺　清正公立像 
01:20 藤崎八幡宮 
01:23 熊本市電 
01:37 稲荷大明神 
01:40 川尻刃物 
01:45 馬刺し 
01:52 江津湖 
01:54 渡鹿堰(とろくぜき) 
01:55 健軍水源地 
01:58 植木温泉 
02:01 山崎菅原神社 
02:13 ナルシストの丘 
02:17 火の国祭り 
02:22 江津湖花火大会 
02:26 火の国まつり 
02:28 下通り 
02:32 みずあかり 
02:36 花岡山 
02:39 本妙寺 
02:40 熊本城"
66QkM3ILmpHEcjKJu7jqw,https://www.youtube.com/watch?v=_ouHa-b2_3Q,EN,KOYASAN【VR360°動画】,"By changing the image quality setting to 4K, you can enjoy more vivid visuals.
You can enjoy 4K video by setting the image quality.

Wakayama Prefecture Internet Broadcasting Station
http://www.pref.wakayama.lg.jp/nettv/"
cwTi5VZQDbt59b6DY6nI1,https://www.youtube.com/watch?v=NRo3JW8VQrs,EN,Doraemon Invasion at Roppongi Hills | #ドラえもん　#ドラえもん2022,"#doraemon #ドラえもん #ドラえもんインベイション　#roppongihills #sanrio #ドラえもんのび太の牧場物語 #ドラえもん2022

#happybirthdaydoraemon #ドラえもん誕生日

Do you love Doraemon… if you're in Tokyo, well it’s time for you not to miss Doraemon invasion at the Roppongi Hills this summer until the end of August. Don’t miss the opportunity to have a memorable photo with these cute blue cat robots scattered around the Rop Hills premises… 

Please enjoy this sneak peek and hurry up while they are there! 🤩😍"
3Ftmvqg5Ld9xC2x7wsrxI,https://www.youtube.com/watch?v=CoWkQj_oQNs,EN,Places to Visit in Nikko Japan Part1 | Travel Guide,"#nikko #japan #travel #traveljapan

Nikko (日光, Nikkō) is a town at the entrance to Nikko National Park, most famous for Toshogu, Japan's most lavishly decorated shrine and the mausoleum of Tokugawa Ieyasu, the founder of the Tokugawa shogunate.

Nikko had been a center of Shinto and Buddhist mountain worship for many centuries before Toshogu was built in the 1600s, and Nikko National Park continues to offer scenic, mountainous landscapes, lakes, waterfalls, hot springs, wild monkeys and hiking trails.

Watch this simple video as we travel Nikko, Japan. Enjoy…


Sources: 
japan-guide.com
https://www.japan-guide.com/e/e3800.html
https://www.japan-guide.com/e/e3806.html
https://www.japan-guide.com/e/e3815.html

Music in this Video: 
Song: DayFox- Lioness (Vlog No Copyright Music)
Music provided by Vlog No Copyright Music.
Video Link: https://youtu.be/twJ_CyX9RfA


_____
For collaborations and product reviews, you can email us at jellowspedz@gmail.com
_____

Disclaimer: No Copyright Infringement Intended. All the songs, images, and graphics used in the video belong to their respective owners and I or this channel does not claim any right over them.
For Entertainment Purposes Only. Products featured in this video are not sponsored. 

Follow us at:
https://www.facebook.com/learningwithjtandmommy
https://www.instagram.com/learningwithjtandmommy
https://www.youtube.com/c/learningwithjtandmommy

Our Crochet Facebook Page:
https://www.facebook.com/crochetsbymommy

Our Art Page  
https://www.instagram.com/love4art_ac
https://www.facebook.com/love4art_ac
https://www.youtube.com/channel/UCnk8vimjU6zT5d9xCBOlMEg

Our Succulent Page
https://www.instagram.com/succulent_lover
https://www.youtube.com/channel/UCOHVBWuIrlgRcHGWArGhYuw"
Bl3KjOrwcyxYr0kcw5_xJ,https://www.youtube.com/watch?v=3Cv5KGdh1Qg,EN,Hakkai Garden in Autumn | Hikobei Residence | Oshino Hakkai Garden in Autumn | 忍野八海,"#hakkaigarden #oshinohakkai #japantravel #japantour #japandestination #autumn #autumninjapan #hakkaigardeninautumn #mybestjapanmoments #visitjapanjp #viaggiatotravelservices #viaggiatotravelandtours #viaggiatore #viaggio #travels #japan #discoverjapan #mtfuji #japannationaltourism #jnto #travelsinjapan #忍野八海 #travelgram #traveldiaries #japandestination #japanautumnviews

Music in this video :
Music: Sky by Hotham is licensed under a Creative Commons License.
https://creativecommons.org/licenses/...
Stream: https://smarturl.it/HothamMusic​
Download: https://hypeddit.com/hotham/downloadsky
Support by RFM - NCM: https://bit.ly/2xGHypM

_____
For collaborations and product reviews, you can email us at jellowspedz@gmail.com
_____

Disclaimer: No Copyright Infringement Intended. All the songs, images, and graphics used in the video belong to their respective owners and I or this channel does not claim any right over them.
For Entertainment Purposes Only. Products featured in this video are not sponsored.

Follow us at:
https://www.facebook.com/learningwithjtandmommy
https://www.instagram.com/learningwithjtandmommy
https://www.youtube.com/c/learningwithjtandmommy

Our Crochet Facebook Page:
https://www.facebook.com/crochetsbymommy

Our Art Page  
https://www.instagram.com/love4art_ac
https://www.facebook.com/love4art_ac
https://www.youtube.com/channel/UCnk8vimjU6zT5d9xCBOlMEg

Our Succulent Page
https://www.instagram.com/succulent_lover
https://www.youtube.com/channel/UCOHVBWuIrlgRcHGWArGhYuw"
dTitewFJRHJLwP03s-ss2,https://www.youtube.com/watch?v=CGwCPuZ-YaE,EN,Steepest Slope in Japan | Mount Takao Cable Car Ride | Autumn Colors | 高尾山　Takaosan,"#mttakao #高尾山 #steepestslopeinjapan #japan #cablecar #autumn #fallfoliage #takaosan #nocopyright #relaxingmusic #slope #fall  #autuminjapan #秋 #秋葉原 #紅葉 #mttakaocablecar

Today we are gonna show you the steepest slope in Japan, the Mt. Takao. Join us as we descend from the mountain top to its base riding a cable car, showing the autumn view of the beautiful and vibrant trees around. Get relaxed with this 6-min trip and get amazed with this nature's wonders.

Mount Takao (高尾山, Takao-san) is a mountain in the city of Hachiōji, Tokyo, Japan. It is protected within Meiji no Mori Takao Quasi-National Park.

Standing 599 metres (1,965 ft) tall and located within an hour of downtown Tokyo, it is a popular hiking spot, with eight hiking courses and more than 2.5 million annual visitors. The Tama Forest Science Garden is also located at the mountain's base.

Mount Takao is closely associated with the Shinto-Buddhist tengu, minor kami from Japanese folklore, and the daitengu Naigubu. The mountain is also renowned for Shugendō, the mountain asceticism focusing on strict discipline. A Buddhist temple, Takaosan Yakuōin Yūkiji, is located on the mountain, and attracts many visitors who pray to the tengu for good fortune. The temple belongs to the Shingon Buddhist sect.

source: https://en.wikipedia.org/wiki/Mount_Takao

_____
For collaborations and product reviews, you can email us at jellowspedz@gmail.com
_____

Music in this Video: Morning Station by Tokyo Music Walker 
https://soundcloud.com/user-356546060
Creative Commons — Attribution 3.0 Unported  — CC BY 3.0 
Free Download / Stream: https://bit.ly/morning-station
Music promoted by Audio Library https://youtu.be/J8hgUxmBxyc
____

Disclaimer: No Copyright Infringement Intended. All the songs, images, and graphics used in the video belong to their respective owners and I or this channel does not claim any right over them.
For Entertainment Purposes Only. Products featured in this video are not sponsored.

Follow us at:
https://www.facebook.com/learningwithjtandmommy
https://www.instagram.com/learningwithjtandmommy
https://www.youtube.com/c/learningwithjtandmommy

Our Crochet Facebook Page:
https://www.facebook.com/crochetsbymommy

Our Art Page  
https://www.instagram.com/love4art_ac
https://www.facebook.com/love4art_ac
https://www.youtube.com/channel/UCnk8vimjU6zT5d9xCBOlMEg

Our Succulent Page
https://www.instagram.com/succulent_lover
https://www.youtube.com/channel/UCOHVBWuIrlgRcHGWArGhYuw"
1d66ghuY6_Y82Q-1kwUpl,https://www.youtube.com/watch?v=51YsM8QTOjw,EN,Autumn at Shinobazu Pond | Boat Ride | Ueno Park | 不忍池　上野公園,"#shinobazupond #shinobazunoike #uenopark #autumn #boatride #boatpond #japan #tokyo ＃不忍池　＃上野公園

Come and join us as we show you the relaxing view of autumn at Shinobazu Pond.

Shinobazu no Ike which is found within the Ueno Park in Taito Ku Tokyo, is historically prominent and usually appears in Japanese history and works of art.

If you wanna ride a boat on the boat pond, make sure to wear a mask, sanitize your hands and let the staff check your temperature. Ticket machine is available at the entrance.

The price of boat ride varies with the type of boat you wanna ride on to. A Cycle boat costs 700 yen, maximum of 2 adults for 30 mins. Swan boat costs 800 yen maximum 3 adults for 30 mins. While a row boat costs 500 yen maximum of 3 adults for 30 mins.

Situated in the south of Ueno Park, the pond is divided in three sections. The Lotus Pond (蓮の池, Hasu no Ike), the Boat Pond (ボートの池, Bōto no Ike) and the third called Cormorant Pond (鵜の池, U no Ike).

The pond has a circumference of about 2 km and a surface area of about 1,100,000 sq meters. It hosts several dozens of types of migratory and stationary birds, whose number at times is over ten thousand. Among them particularly numerous are tufted ducks, pochard, and northern pintails. The pond also contains numerous species of fish, and the lotuses of Lotus Pond, which are grown fully in summer, cover the entire surface of the water, hiding it almost completely.

_____
For collaborations and product reviews, you can email us at jellowspedz@gmail.com
_____

Music in this Video:
https://www.youtube.com/watch?v=bGD0FHfRgjo
____
Sky by Hotham is licensed under a Creative Commons License.
https://creativecommons.org/licenses/...
Stream: https://smarturl.it/HothamMusic​
Download: https://hypeddit.com/hotham/downloadsky
Support by RFM - NCM: https://bit.ly/2xGHypM
____
https://www.youtube.com/watch?v=ah7zn2Al8fM
____
Disclaimer: No Copyright Infringement Intended. All the songs, images, and graphics used in the video belong to their respective owners and I or this channel does not claim any right over them.
For Entertainment Purposes Only. Products featured in this video are not sponsored.

Follow us at:
https://www.facebook.com/learningwithjtandmommy
https://www.instagram.com/learningwithjtandmommy
https://www.youtube.com/c/learningwithjtandmommy

Our Crochet Facebook Page:
https://www.facebook.com/crochetsbymommy

Our Art Page  
https://www.instagram.com/love4art_ac
https://www.facebook.com/love4art_ac
https://www.youtube.com/channel/UCnk8vimjU6zT5d9xCBOlMEg

Our Succulent Page
https://www.instagram.com/succulent_lover
https://www.youtube.com/channel/UCOHVBWuIrlgRcHGWArGhYuw"
6EfqVGUNlupt6n-0171zf,https://www.youtube.com/watch?v=Jydgs3PKcDE,EN,Fujikawaguchiko Autumn Leaves Festival 2021 | 富士河口湖紅葉まつり 2021 | Mt Fuji Bound,"#fujikawaguchikoautumnleavesfestival2021 #fujikawaguchiko #autumnfestival #japan #富士河口湖紅葉まつり #mtfuji #mybestjapanmoments #visitjapanjp #falfoliage #autumninjapan #viaggiatotravelservices

Fuji Kawaguchiko Autumn Leaves Festival (富士河口湖紅葉まつり) is one of the most popular autumn events in Japan which is annually held at the northern shore of Lake Kawaguchi, one of the Fuji Five Lakes. This year’s festival is held from Oct.30 to Nov.23 2021.

The event features colourful autumn leaves which stretch around Lake Kawaguchi area, and during daytime, the beautiful scenery can be enjoyed with the amazing view of Mt Fuji on the background.

The festival is centered around the “Momiji Corridor” or Momiji Kairo and is held from 9:00 in the morning. While the light up starts from sunset to 10:00 at night.

The most popular autumn leaves spot is the Momiji Kairo (もみじ回廊) a.k.a. the Maple Corridor.

This is a walkway lined by over 60 maple trees with autumn colour leaves. The trees with red, yellow and orange leaves stretch for about 2km, displaying the stunning scenery.

During the festival, there will be food stalls selling seasonal foods and drinks, as well as small stores selling local products and souvenirs. oh and by the way, most of these souvenirs are hand painted and handmade.

_____
For collaborations and product reviews, you can email us at jellowspedz@gmail.com
_____

Music in this Video: These Days
https://youtu.be/bGD0FHfRgjo

Disclaimer: No Copyright Infringement Intended. All the songs, images, and graphics used in the video belong to their respective owners and I or this channel does not claim any right over them.
For Entertainment Purposes Only. Products featured in this video are not sponsored.

Follow us at:
https://www.facebook.com/learningwithjtandmommy
https://www.instagram.com/learningwithjtandmommy
https://www.youtube.com/c/learningwithjtandmommy

Our Crochet Facebook Page:
https://www.facebook.com/crochetsbymommy

Our Art Page  
https://www.instagram.com/love4art_ac
https://www.facebook.com/love4art_ac
https://www.youtube.com/channel/UCnk8vimjU6zT5d9xCBOlMEg

Our Succulent Page
https://www.instagram.com/succulent_lover
https://www.youtube.com/channel/UCOHVBWuIrlgRcHGWArGhYuw"
0IKGS0R5xQ9OCEtILbwvI,https://www.youtube.com/watch?v=Rmrr9qYg44U,EN,Autumn at Ueno Park Tokyo | 上野公園,"#travelvlog #uenopark #uenotokyo #tokyojapan #autumnatuenopark

hey guys welcome to Ueno Park in Tokyo!

Ueno Park (上野公園, Ueno Kōen) is a large public park next to Ueno Station in central Tokyo. The park grounds were originally part of Kaneiji Temple, which used to be one of the city's largest and wealthiest temples and a family temple of the ruling Tokugawa clan during the Edo Period. Kaneiji stood in the northeast of the capital to protect the city from evil, much like Enryakuji Temple in Kyoto.

During the Boshin Civil War, which followed the Meiji Restoration in 1868, Kaneiji suffered nearly complete destruction in a battle between the victorious forces of the new Meiji government and loyalists of the overthrown shogunate. After the battle, the temple grounds were converted into one of Japan's first Western style parks and opened to the public in 1873. A statue of Saigo Takamori, one of the generals in the Battle of Ueno, stands near the park's southern entrance.

At the southwestern end of the park lies Shinobazu Pond, one of many reminders of Kaneiji Temple's former grandeur. The pond represents Lake Biwako (in a reference to Kaneiji's model, the Enryakuji Temple of Kyoto, which overlooks Lake Biwako). On an island in the middle of the pond stands Bentendo, a temple hall dedicated to the goddess of Benten.

Today Ueno Park is famous for the many museums found on its grounds, especially the Tokyo National Museum, the National Museum for Western Art, the Tokyo Metropolitan Art Museum and the National Science Museum. It is also home to Ueno Zoo, Japan's first zoological garden.

Additionally, Ueno Park is one of Tokyo's most popular and lively cherry blossom spots with more than 1000 cherry trees lining its central pathway. The cherry blossoms are usually in bloom during late March and early April and attract large numbers of hanami (cherry blossom viewing) parties.

source: Ueno Park - https://www.japan-guide.com/e/e3019.html

Music in this Video: Gizmo
Artist: Syn Cole
Music in this Video: Lioness
Artist: Dayfox
https://www.youtube.com/watch?v=koeObMIFBjg

Disclaimer: No part of this video is sponsored.

Follow us at:
https://www.facebook.com/crochetsbymommy
https://www.instagram.com/love4art_ac
https://www.instagram.com/learningwithjtandmommy
https://www.instagram.com/succulent_lover
https://www.facebook.com/learningwithjtandmommy
https://www.youtube.com/user/learningwithjtandmommy"
u4nPhxiCMKQ71i73Cgl7i,https://www.youtube.com/watch?v=PNrGMzaKrnc,EN,Fall Foliage Around Tokyo Imperial Palace | Autumn Colors | Japan,"#fallfoliage #autumncolors #tokyoimperialpalace #autumninjapan #viaggiatotravelservices

Watch the amazing autumn foliage, with these warm and vibrant colors everybody loves to stare at, along the Tokyo Imperial Palace. This video was taken on Autumn 2020

The Tokyo Imperial Palace (皇居, Kōkyo, literally 'Imperial Residence') is the main residence[2] of the Emperor of Japan. It is a large park-like area located in the Chiyoda district of the Chiyoda ward of Tokyo and contains several buildings including the main palace (宮殿, Kyūden), some residences of the Imperial Family, an archive, museums and administrative offices.

It is built on the site of the old Edo Castle. The total area including the gardens is 1.15 square kilometres (0.44 sq mi).[1] During the height of the 1980s Japanese property bubble, the palace grounds were valued by some to be more than the value of all of the real estate in the state of California.

Source: https://en.wikipedia.org/wiki/Tokyo_Imperial_Palace

———
For business inquiries and collaborations please contact us at jellowspedz@gmail.com
———
Song: DayFox - Lioness (Vlog No Copyright Music)
Music provided by Vlog No Copyright Music.
Video Link: https://youtu.be/twJ_CyX9RfA
———

Disclaimer: No Copyright Infringement Intended. All the songs, images, and graphics used in the video belong to their respective owners and I or this channel does not claim any right over them.
For Entertainment Purposes Only. Products featured in this video are not sponsored. 

Follow us at:
https://www.facebook.com/learningwithjtandmommy
https://www.instagram.com/learningwithjtandmommy
https://www.youtube.com/c/learningwithjtandmommy

Our Crochet Facebook Page:
https://www.facebook.com/crochetsbymommy

Our Art Page  
https://www.instagram.com/love4art_ac
https://www.facebook.com/love4art_ac
https://www.youtube.com/channel/UCnk8vimjU6zT5d9xCBOlMEg

Our Succulent Page
https://www.instagram.com/succulent_lover
https://www.youtube.com/channel/UCOHVBWuIrlgRcHGWArGhYuw"
btSFCrTs6uisLkNUkeL_P,https://www.youtube.com/watch?v=AWqg328gSdU,EN,Fuji Shibazakura Festival 2021 | Mt. Fuji Tour | 富士芝桜,"#fujishibazakurafestival2021 #mtfujitour #mossphlox #pinkphlox #springinjapan #富士芝桜 #4K #mybestjapanmoments #visitjapanjp #viaggiatotravelservices #discoverjapan #mtfuji

Have you ever seen an enormous field carpeted with pink or white or purple flowers? If not, then we will show you this fantastic and mesmerizing Fuji Shibazakura Festival 2021 in Yamanashi, Japan, included in our Mt. Fuji Tour this Spring Season. Shibazakura 富士芝桜 is a Japanese term for Pink Phlox or Moss Phlox.

The festival is open from 8 in the morning until 3 in the afternoon. Entrance fees range from 250yen per each child and 800 yen for adults.

During these days, the pink moss and all the flowers in the festival were not yet in full bloom. So as you can see, the fields are not yet fully covered with pink moss flowers. but during the full bloom days, its really mesmerizing with mt fuji on the background.

The festival is typically held from mid April through early June. The best time to see the flowers varies from year to year but usually falls into the first three weeks of May. Approximately 800,000 stalks of shibazakura of five varieties are on display, producing delightful fields of pink, white and purple colors in different hues. There are also food trucks which offer a wide variety of menus and food to go as you enjoy the beauty of the scenery around you stalls selling pots of pink moss, shibazakura-themed souvenirs, food and local produce complete the experience.

Thank you for watching and please subscribe to our channel... See you on our next cooking video.

love, JT FamBam @DaddyPeter

Disclaimer: No Copyright Infringement Intended. All the songs, images, and graphics used in the video belong to their respective owners and I or this channel does not claim any right over them.
For Entertainment Purposes Only. Products featured in this video are not sponsored.

Music in this Video: Nothing's Funner Than Summer
Artist: Freckleland
Source: Apple iMovie Soundtrack

Follow us at:
https://www.facebook.com/learningwithjtandmommy
https://www.youtube.com/c/learningwithjtandmommy
https://www.facebook.com/crochetsbymommy
https://www.instagram.com/love4art_ac
https://www.instagram.com/learningwithjtandmommy
https://www.instagram.com/succulent_lover

For collaborations you can email us at jellowspedz@gmail.com"
xFwRl2P1_a71MxA-pPsE1,https://www.youtube.com/watch?v=YIOtNLA0gT0,EN,Shiraito no Taki | Shiraito Falls | 白糸の滝 | Mt. Fuji Tour,"#shiraitonotaki #shiraitofalls #白糸の滝 #mtfujitour #shizuoka #fujinomiya

Shiraito no Taki | Shiraito Falls | 白糸の滝 | Mt. Fuji Tour

Shiraito Falls (白糸の滝, Shiraito no taki) is a waterfall in Fujinomiya, Shizuoka Prefecture, near Mount Fuji, Japan. It is part of Fuji-Hakone-Izu National Park and has been protected since 1936 as a Japanese Natural Monument.[1]

The falls were regarded as sacred under the Fuji cult. Another waterfall, the Otodome Falls is approximately a five-minute walk away.

The Shiraito Falls is listed as one of ""Japan’s Top 100 Waterfalls"", in a listing published by the Japanese Ministry of the Environment in 1990. It was also selected by the Tokyo Nichi Nichi Shimbun and Osaka Mainichi Shimbun.[2] as one of the 100 Landscapes of Japan in 1927. In 2013 the waterfall was added to the World Heritage List as part of the Fujisan Cultural Site.[3]

source: https://en.wikipedia.org/wiki/Shiraito_Falls

Music in this Video: Sierras
Artist: Orchard Heights
Source: Apple iMovie Soundtracks

Follow us at:
https://www.facebook.com/learningwithjtandmommy
https://www.youtube.com/c/learningwithjtandmommy
https://www.facebook.com/crochetsbymommy
https://www.instagram.com/love4art_ac
https://www.instagram.com/learningwithjtandmommy
https://www.instagram.com/succulent_lover

For collaborations you can email us at jellowspedz@gmail.com"
BPC3bOuU4cpwwcFooA8rp,https://www.youtube.com/watch?v=Fi9O1-PN4Lg,EN,Sakura no Ki no Shita de Seki Odori with Gujo Odori,"This is the promotional video for 'Sakura no Ki no Shita de Seki Odori with Gujo Odori' held on March 31, 2024 (Sunday) at the tourist facility 'Sekiterasu' in Seki City, Gifu Prefecture! 👀✨ On that day, the Seki Ohayashi Association and students from Gujo High School performed the music, and students from Seki High School gathered to liven up the venue! 
╌╌╌╌╌╌╌╌╌╌╌╌╌╌╌╌╌╌╌╌╌╌╌╌╌╌╌╌╌╌ 
In Seki City, Gifu Prefecture, Bon Odori (traditional summer dance) is held every year from mid-July to early September! 🏮 The Bon Odori in Seki City features not only 'Seki Odori' but also dances like 'Gujo Odori' and 'Tahara Mukashi Odori,' making it a delightful and diverse Bon Odori experience! ✨ 
╌╌╌╌╌╌╌╌╌╌╌╌╌╌╌╌╌╌╌╌╌╌╌╌╌╌╌╌╌╌ 
Please check the information for this year at the following URLs! 
http://sekikanko.jp/wp-content/uploads/2024/07/関盆おどりポスター20240707-1.pdf 
http://sekikanko.jp/wp-content/uploads/2024/07/関盆おどりチラシ20240707.pdf"
zOW7w9FdCYghYitDybn63,https://www.youtube.com/watch?v=z8pFdCq-Hv4,EN,Mt. Takao Autumn Foliage | 高尾山紅葉,"#mttakao #高尾山 #steepestslopeinjapan #japan #cablecar #autumn #fallfoliage #takaosan #nocopyright #relaxingmusic #slope #fall  #autuminjapan #秋 #秋葉原 #紅葉 #mttakaocablecar

Today we are gonna show you the steepest slope in Japan, the Mt. Takao. Join us as we descend from the mountain top to its base riding a cable car, showing the autumn view of the beautiful and vibrant trees around. Get relaxed with this 6-min trip and get amazed with this nature's wonders.

Mount Takao (高尾山, Takao-san) is a mountain in the city of Hachiōji, Tokyo, Japan. It is protected within Meiji no Mori Takao Quasi-National Park.

Standing 599 metres (1,965 ft) tall and located within an hour of downtown Tokyo, it is a popular hiking spot, with eight hiking courses and more than 2.5 million annual visitors. The Tama Forest Science Garden is also located at the mountain's base.

Mount Takao is closely associated with the Shinto-Buddhist tengu, minor kami from Japanese folklore, and the daitengu Naigubu. The mountain is also renowned for Shugendō, the mountain asceticism focusing on strict discipline. A Buddhist temple, Takaosan Yakuōin Yūkiji, is located on the mountain, and attracts many visitors who pray to the tengu for good fortune. The temple belongs to the Shingon Buddhist sect.

source: https://en.wikipedia.org/wiki/Mount_Takao

_____
For collaborations and product reviews, you can email us at jellowspedz@gmail.com
_____

Music in this Video: Morning Station by Tokyo Music Walker 
https://soundcloud.com/user-356546060
Creative Commons — Attribution 3.0 Unported  — CC BY 3.0 
Free Download / Stream: https://bit.ly/morning-station
Music promoted by Audio Library https://youtu.be/J8hgUxmBxyc
____

Disclaimer: No Copyright Infringement Intended. All the songs, images, and graphics used in the video belong to their respective owners and I or this channel does not claim any right over them.
For Entertainment Purposes Only. Products featured in this video are not sponsored.

Follow us at:
https://www.facebook.com/learningwithjtandmommy
https://www.instagram.com/learningwithjtandmommy
https://www.youtube.com/c/learningwithjtandmommy

Our Crochet Facebook Page:
https://www.facebook.com/crochetsbymommy

Our Art Page  
https://www.instagram.com/love4art_ac
https://www.facebook.com/love4art_ac
https://www.youtube.com/channel/UCnk8vimjU6zT5d9xCBOlMEg

Our Succulent Page
https://www.instagram.com/succulent_lover
https://www.youtube.com/channel/UCOHVBWuIrlgRcHGWArGhYuw"
8JotMuQzhX4z95BPYbdAZ,https://www.youtube.com/watch?v=mTpGlnvpY0c,EN,Nakatsugawa & Gero PR Video 'Wonderful Autumn Days' Long Version [4K],"This video is a promotional film for the autumn in Gero City and Nakatsugawa City.
Please check the details of the tourist spots introduced in the video below. (In the order of video presentation)

【Nakatsugawa City】

00:01 Lake Kaba Nature Park (Sakashita)
https://yasaka-kanko.jp/event/sobanohana.html

00:13 Igaguri no Sato Nakatsugawa Marron Park (Nakatsugawa)
https://maron.nakatsugawa.town/

00:22 Kawakamiya Confectionery 'Saryo Kurinosha' (Nakatsugawa)
https://www.kawakamiya.co.jp/?transactionid=9cf92f98bd1ae90a0a1318612f8e72b7019c9570

00:30 Nakatsugawa City Fureai Farm (Ochiai)
https://fureai-farm.com/

00:52 Nakasendo Ochiai Stone Pavement (Ochiai)
https://www.city.nakatsugawa.lg.jp/kanko/miru/1/3759.html

00:55 Nakasendo Nakatsugawa-juku (Nakatsugawa)
https://www.city.nakatsugawa.lg.jp/soshikikarasagasu/kankoka/5/2/757.html

01:01 Suwa Shrine (Magome)

01:04 meet tree NAKATSUGAWA (Nakatsugawa)
https://instagram.com/meettreenakatsugawa?utm_medium=copy_link

01:07 Chicory Village (Nakatsugawa)
https://www.chicory.jp/

01:11 Nakasendo Magome-juku (Magome)
https://kiso-magome.com/

01:19 Yuyamori Valley [Park] (Kawakami)
http://youmorikeikoku.com

01:23 Naegi Castle Ruins Sea of Clouds (Naegi)
https://www.city.nakatsugawa.lg.jp/kanko/miru/1/3753.html

【Gero City】

01:29 Kanayama Megaliths (Kanayama)
http://hidakanayama.com/mystery.html

01:37 Iwaya Dam 'Tosenkyo Kanayama Lake'
https://www.water.go.jp/chubu/iwaya/
Iwaya Dam (Tosenkyo-kanayama Lake)

01:39 Mase Rental Cycle (Mase)
https://www.mikinosato.co.jp/blog/日本で最も美しい村をサイクリング/

01:53 Siegfrieda (Hagiwara)
http://www.siegfrieda.com/home

02:05 Gero Onsen Gassho Village (Gero Onsen)
http://www.gero-gassho.jp

02:13 Jizoji Temple (Takehara)
https://www.jalan.net/kankou/spt_21220ag2132070850/activity_plan/?vos=evjacpy0001&pog=cr_569554873850_dv_c_mt_e_kw_金錫山地蔵寺_ac_632714&yclid=YSS.1000217386.EAIaIQobChMIiY_-nrL_9QIVWKqWCh3cNQw1EAAYASAAEgIPE_D_BwE&gclid=CMul6KCy__UCFRAdvAodff4Jnw&gclsrc=ds

02:23 Onsenji Temple (Gero Onsen)
http://www.onsenji.jp/lightup/index.html

02:27 Suimeikan (Gero Onsen)
https://www.suimeikan.co.jp

02:37 Gero Onsen Fireworks Story (Gero Onsen)
https://www.city.gero.lg.jp/site/kanko/list82-254.html

ーーーーーーーーーーーーーーーーーーーーーーーーーー

Gero Onsen Tourism Association
https://www.gero-spa.com

Nakatsugawa Tourism Association
https://nakatsugawa.town

ーーーーーーーーーーーーーーーーーーーーーーーーーー
#Nakatsugawa #GeroOnsen #Tourism"
wCI20I2YCGAqTVOaMYRRY,https://www.youtube.com/watch?v=uIJ4Du0Ib54,EN,WELCOME BACK KUTCHAN NISEKO,"This is a channel that introduces recommended spots in Niseko, Hokkaido, one of Japan's top resort areas!

■ Kutchan Tourism Association Official SNS
【Instagram】
https://www.instagram.com/nisekokutchantravel/
【Twitter】
https://twitter.com/TravelNiseko_K

Before the pandemic, the Niseko area was bustling with many repeat visitors every year.

And finally, this season, inbound tourism has resumed.
We hope many people will visit this place again.
The title of the video, ""WELCOME BACK,"" reflects that sentiment!

We believe that safety and security are the top priorities not only for tourists but also for the local residents,
expressing ""welcome,"" ""smiles,"" ""trust,"" ""revival,"" and ""reunion.""

""WELCOME BACK!"" ""Welcome home!""
We warmly welcome those who visit here.

#niseko #ニセコ #北海道 #倶知安 #スキー #スノーボード #パウダースノー #powdersnow

This channel is operated by the Kutchan Tourism Association located in the Niseko area of Hokkaido."
zWGZo2By4D3ePfY-po3Ky,https://www.youtube.com/watch?v=arWbCUesF7E,EN,Woodland Kyoto -Deep into the heart of authentic Japan-,"Where does the water flowing through Arashiyama come from?
How far does the forest, which is the borrowed scenery of Kinkaku-ji, extend?
It is another ancient capital, still unknown, ""Woodland Kyoto.""

The pure water that springs from the mountains and the fertile land have supported Kyoto, nurturing the lives of its people and local culture.
Amidst the rustic landscape of satoyama, there are people who live in harmony with the majestic forests and rivers, utilizing the wisdom passed down through generations.

Please enjoy the vibrant autumn and winter scenery, and the beauty of the people living in harmony with nature.
This is the beginning of a journey that connects the historical and traditional Kyoto to the ""Woodland Kyoto"" where nature and life thrive.

#CJ動画2021
------------------------------------------------
Woodland Kyoto Regional Promotion Agency (Woodland Kyoto DMO)
A public travel company that promotes the unknown charms of Kyoto to the world.
Shall we embark on a journey that no one has experienced yet?

□Official website: https://morinokyoto.jp/
□Instagram: https://www.instagram.com/morinokyoto.jp/

Contact:
□Address: 25-30 Tanisujicho, Oiwake, Kameoka City, Kyoto Prefecture
□TEL: 0771-22-9800
□E-mail: info@morinokyoto.jp
-------------------------------------------------"
nGSzpLabMZwlLBzudqg3X,https://www.youtube.com/watch?v=opH5Dly9rG4,EN,[Yamagata Tourism/Gourmet] 7 Attractive Spots for Sightseeing & Gourmet in Tsuruoka City,"Please use this as a reference for your trip or sightseeing in Yamagata Prefecture. This time, we will introduce sightseeing and gourmet spots in Yamagata Prefecture. If you have any recommendations that are not mentioned in this video, please feel free to share them in the comments section.
■ [Free] Register for the Travel Master Official LINE@ here.
https://lin.ee/gOY9AJB
(We will continuously provide information on how to travel smartly, affordably, and richly!)

■ Subscribe to the channel here
http://ur0.work/6vl5
#Yamagata #Tourism #Travel

▼====== Regarding Work Requests ======▼

To all tourism and travel industry professionals and store managers involved in tourism.

Travel Master will help promote your local sightseeing spots and stores.

Would you like to share information you want to promote (sightseeing spots, store introductions, accommodations, meals...) in a video?

For work requests, please contact us here.
info@ryoko-tatsujin.com

▼====== About the Travel Master Channel ======▼

・What is Travel Master?
To make travel more enjoyable! Travel Master is a channel that provides all kinds of travel information both domestically and internationally [sightseeing, transportation, accommodations, meals...]. We deliver information to make your travels more enjoyable and comfortable.

・Vision and Mission
""I want you to enrich your life through travel."" This channel is operated with that thought in mind. Our members, who spend nearly half the year traveling, supervise and manage the channel. We aim to increase opportunities for you to expand your possibilities and enrich your life through travel.

・A word from the operating members
As the saying goes, ""a journey of self-discovery,"" traveling can help you discover new possibilities within yourself. This is because travel is an affordable tool to experience various unrealities. We hope that more people will go on trips, discover new possibilities, and enrich their lives. We hope this channel can be a catalyst for that.

・Related Information (Please follow us!)

Official Instagram
→ https://www.instagram.com/tripmasterjt/

Official Twitter
→ https://twitter.com/tripmasterjt

Official LINE Account
→ https://lin.ee/gOY9AJB

▼====== About the Video Introduced Today ======▼
0:00 Theme

Details of the places introduced today

1:08 1. Benten Island
https://maps.app.goo.gl/pXyyC117zyGvjtXK6

2:32 2. Haguro Mountain
https://maps.app.goo.gl/B21BKkubqiac6LDj9

3:59 3. Tsuruoka City Kamo Aquarium
https://maps.app.goo.gl/vGTvf6Ngis45oKLp8

5:30 4. Yudonosan
https://maps.app.goo.gl/rWpKfJ8gPqYMKpZe7

6:51 5. Shunyu Shunsai Hatsu Yoshi
https://maps.app.goo.gl/cUftQy7FqPbVJ7qW6

8:29 6. Chinese Restaurant Seikaro
https://maps.app.goo.gl/seVbMZNTUKasSnhZ6

9:44 7. La Naturalité -ナチュラリテ-
https://maps.app.goo.gl/UrYb3sSqT1tK6ggX6

▼====== Explanation and Precautions Regarding This Video ======▼

* Regarding Precautions
The information introduced in the video may change. Please check the official website and other details before visiting the site.

* About Selection Criteria
The selection and introduction criteria for the spots introduced in the video depend on values and preferences, but we will strive to incorporate as many opinions and feedback as possible to improve.

* About Copyright (Regarding Images)
This channel is produced based on [official websites and various media information], but regarding images, we quote them without altering the photos, and under the advice of lawyers, we do not reproduce or adapt copyrighted works in the video. Of course, we are committed to ensuring that we do not inconvenience the image authors and to delivering valuable travel information to our viewers. However, if any copyright holders wish to have their images removed from the video due to any form of disadvantage, we would appreciate it if you could contact us at the address below. We will respond promptly.

Contact Information
info@ryoko-tatsujin.com

▼====== Recommended Videos ======▼

[Yamagata Tourism/Gourmet] 7 Gourmet Spots to Challenge Large Portions in Yamagata
https://www.youtube.com/watch?v=dcHInCFSggE

[Yamagata Tourism] 7 Must-See Classic Tourist Spots When Traveling to Yamagata
https://www.youtube.com/watch?v=8Pbe1S7-qEA

[Yamagata Tourism/Gourmet] 7 Popular Tourist & Gourmet Spots Not to Miss When Visiting Yonezawa City
https://www.youtube.com/watch?v=dJRx1HpXKVw"
3M5sR3U7oLpbFlEbuRP43,https://www.youtube.com/watch?v=zWy8qg1bWUg,EN,[Osaka Sightseeing/Gourmet] 7 Recommended Spots for Cafes and Sweets in the City of Food,"Please use this as a reference for your trip or sightseeing in Osaka Prefecture. This time, we will introduce cafe and sweets spots in Osaka Prefecture. If you have any recommendations that are not mentioned in this video, please feel free to share them in the comments section.
■ [Free] Register for the Travel Master Official LINE@ here.
https://lin.ee/gOY9AJB
(We will continuously provide information on how to travel smartly, affordably, and richly!)

■ Subscribe to the channel here
http://ur0.work/6vl5
#Osaka #Sightseeing #Travel

▼====== Regarding Work Requests ======▼

To all tourism and travel industry professionals and store managers involved in tourism.

Travel Master will help promote your local sightseeing spots and stores.

Would you like to share information you want to promote (sightseeing spots, store introductions, accommodations, meals...) in a video?

For work requests, please contact us here.
info@ryoko-tatsujin.com

▼====== About the Travel Master Channel ======▼

・What is Travel Master?
Travel Master is a channel that provides various travel information (sightseeing, transportation, accommodation, meals...) both domestically and internationally to make your travels more enjoyable! We deliver information to make your travels more fun and comfortable.

・Vision and Mission
""I want you to enrich your life through travel."" This channel is operated with that thought in mind. Our members, who spend nearly half the year traveling, supervise and manage the channel. We aim to increase opportunities to broaden your possibilities and enrich your life through travel.

・A word from the operating members
As the saying goes, ""a journey of self-discovery,"" traveling can help you discover new possibilities within yourself. This is because travel is an affordable tool to experience various unrealities. We hope that more people will embark on journeys, discover new possibilities, and enrich their lives. We hope this channel can be a catalyst for that.

・Related Information (Please follow us!)

Official Instagram
→ https://www.instagram.com/tripmasterjt/

Official Twitter
→ https://twitter.com/tripmasterjt

Official LINE Account
→ https://lin.ee/gOY9AJB

▼====== About the Video Introduced Today ======▼
0:00 Theme

Details of the places introduced today

1:13 1. CAFE ANNON
https://maps.app.goo.gl/kRMrNdrHqzRsK63Z7

2:53 2. LUCUA Largo
https://maps.app.goo.gl/oMcQ3iMguNXJuXZC6

3:55 3. LOBBY CAFE FASCINO
https://maps.app.goo.gl/y4SXqQzjkHjGPRyT7

5:27 4. cafe smile工房
https://maps.app.goo.gl/ZdXfeL8qq85qn5DW8

6:43 5. Creative Japanese Sweets Workshop Bashoan
https://maps.app.goo.gl/rWd18oifFeePELQe8

7:55 6. monoGRAM studio café
https://maps.app.goo.gl/5Zb8Kgws9REKKnEr8

9:29 7. Cafe & Crepe bonbon
https://maps.app.goo.gl/c3fKEVfjpNUsAF6VA

▼====== Explanation and Precautions Regarding This Video ======▼

*Precautions
The information introduced in the video may change. Please check the official website for details before visiting the location.

*Selection Criteria
The selection and introduction criteria for the spots featured in the video depend on values and preferences, but we will strive to incorporate as many opinions and feedback as possible for improvement.

*Copyright (Regarding Images)
This channel is produced based on [official websites and media information], but regarding images, we quote them without altering the photos and have included them in the video under the advice of a lawyer to avoid reproducing or adapting copyrighted works. Of course, we are committed to ensuring that we do not inconvenience the image authors and to delivering valuable travel information to our viewers. However, if any copyright holders wish to have their images removed from the video due to any inconvenience, please contact us at the address below. We will respond promptly.

Contact Information
info@ryoko-tatsujin.com

▼====== Recommended Videos ======▼

[Osaka Sightseeing/Gourmet] 7 Must-Visit Tourist Spots and Local Gourmet in the Historic Higashi-Osaka City Near the Metropolis of Osaka
https://www.youtube.com/watch?v=XdSKhIwshu4

[Osaka Sightseeing/Gourmet] Ramen Spots Where You Can Enjoy Osaka Gourmet
https://www.youtube.com/watch?v=ga0tOP9UDWU

[Osaka Sightseeing/Gourmet] 7 Classic Spots You Can't Miss to Fully Enjoy Sakai City Through Sightseeing and Gourmet
https://www.youtube.com/watch?v=dyVWUkv-tTc"
ES8AJAvd5IQV-g7pUzX7O,https://www.youtube.com/watch?v=EGrlrcSxJ1k,EN,[Kumamoto Tourism/Gourmet] Enjoy Stylish Lunch Gourmet in Kumamoto,"Please use this as a reference for your trip or sightseeing in Kumamoto Prefecture. This time, we will introduce stylish lunch gourmet options in Kumamoto Prefecture. If you have any recommendations that are not mentioned in this video, please feel free to share them in the comments section.
■ [Free] Register for the Travel Master Official LINE@ here.
https://lin.ee/gOY9AJB
(We will continuously provide ways to travel smartly, affordably, and richly!)

■ Subscribe to the channel here
http://ur0.work/6vl5
#Kumamoto #Tourism #Travel

▼====== Regarding Work Requests ======▼

To all tourism and travel industry professionals and store managers involved in tourism.

Travel Master will help promote your local tourist spots and stores.

Would you like to share information you want to promote (tourist attractions, store introductions, accommodations, dining...) in a video?

For work requests, please contact us here.
info@ryoko-tatsujin.com

▼====== About the Travel Master Channel ======▼

・What is Travel Master?
Travel Master is a channel that delivers various travel information (sightseeing, transportation, accommodation, dining...) both domestically and internationally to make your travels more enjoyable! We provide information to make your travels more enjoyable and comfortable.

・Vision and Mission
""I want you to enrich your life through travel."" This channel is operated with that thought in mind. The members, who spend nearly half the year traveling, supervise and manage the channel. We aim to increase opportunities to broaden your possibilities and enrich your life through travel.

・A word from the operating members
As the saying goes, ""a journey of self-discovery,"" traveling can help you discover new possibilities within yourself. This is because travel is an affordable tool to experience various unrealities. We hope that more people will embark on journeys, discover new possibilities, and enrich their lives. We hope this channel can be a catalyst for that.

・Related Information (Please follow us!)

Official Instagram
→ https://www.instagram.com/tripmasterjt/

Official Twitter
→ https://twitter.com/tripmasterjt

Official LINE Account
→ https://lin.ee/gOY9AJB

▼====== About the Video Introduced Today ======▼
0:00 Theme

Details of the places introduced today

1:02 1. Comme des Garçons Store Cafe
https://goo.gl/maps/cvm8EiyFccLgpprt5

1:56 2. Excellent Kitchen Asola 〜阿空〜
https://g.page/asola-kaminoura?share

2:43 3. Kocha Terrace
https://goo.gl/maps/pybM1sKKYFqPtA98A

3:35 4. Kusaha Mochihonpo Main Store
https://goo.gl/maps/HcvQRaYihzxDbkUq7

4:22 5. Walet
https://goo.gl/maps/QVExEvkQue8UpAZW6

5:09 6. Kinai Cafe
https://goo.gl/maps/tWvNhorRSrFKmUdZ9


▼====== Explanation and Precautions Regarding This Video ======▼

* Regarding Precautions
The information introduced in the video may change. Please check the official website for details before visiting the location.

* Regarding Selection Criteria
The selection and introduction criteria for the spots introduced in the video depend on values and preferences, but we will strive to incorporate as many opinions and feedback as possible for improvement.

* Regarding Copyright (Images)
This channel is produced based on [official websites and media information], but regarding images, we quote them without altering the photos, and under the advice of a lawyer, we ensure not to reproduce or adapt copyrighted works in the video. Of course, we are committed to not causing inconvenience to the image authors and to delivering valuable travel information to our viewers. However, if any copyright holders wish to have their images removed from the video due to any form of disadvantage, we would appreciate it if you could contact us at the address below. We will respond promptly.

Contact Information
info@ryoko-tatsujin.com

▼====== Recommended Videos ======▼

[Kumamoto Tourism] Beautiful! 10 Scenic Spots in Kumamoto Prefecture [Kumamoto Travel]
https://www.youtube.com/watch?v=6-4hag9l2M8

[Kumamoto Gourmet] 10 Recommended Popular Meat Restaurants in Kumamoto
https://www.youtube.com/watch?v=3BbZk2uWeEs

[Kumamoto Tourism] Recommended Tourist Spots in Kumamoto Prefecture [Breathtaking Nature]
https://www.youtube.com/watch?v=Xz1HaWQDC-Q"
VwoyZviNFEW1YO41Zd_FA,https://www.youtube.com/watch?v=-oq0_2ha9zc,EN,WELCOME BACK KUTCHAN NISEKO 【Summer Edition】,"This is a channel that introduces recommended spots in Niseko, Hokkaido, one of Japan's premier resort areas!

■ Kutchan Tourism Association Official SNS
【Instagram】  
https://www.instagram.com/nisekokutchantravel/  
【Twitter】  
https://twitter.com/TravelNiseko_K

Before the pandemic, the Niseko area was bustling with many repeat visitors every year.

And finally, this season, inbound tourism has resumed.
We hope many people will visit this place again.
The title of the video, ""WELCOME BACK,"" reflects that sentiment!

We believe that safety and security are the top priorities not only for tourists but also for the residents,
expressing ""welcome,"" ""smiles,"" ""trust,"" ""revival,"" and ""reunion.""

""WELCOME BACK!"" ""Welcome home!""
We warmly welcome those who visit here.

#niseko #ニセコ #北海道 #倶知安 #スキー #スノーボード #パウダースノー #powdersnow

This channel is operated by the Kutchan Tourism Association located in the Niseko area of Hokkaido."
B6hgTmmg17bY8SGFSO43b,https://www.youtube.com/watch?v=WRHt1MYEm3M,EN,[Burning Emotion] Yume ~KIBAIYANSE~ [Kagoshima National Sports Festival],"'Burning Emotion Kagoshima National Sports Festival - Kagoshima Tournament' 
Official image song, 'Yume ~KIBAIYANSE~' 
is a dance video. 
This video showcases the dance performed by the sports promotion committee of our city 
at last year's Ikiki Gion Festival pre-event! 

KIBAIYANSE! (キバイヤンセ！) means 'Do your best!' in Kagoshima dialect. 
Due to the impact of the COVID-19 pandemic, 
it has been a tough situation, but 
we hope this message reaches everyone. 

Chest! Kibare!! 

#HomeTime 
#StayHome 
#BurningEmotionKagoshimaNationalSportsFestival 
#BurningEmotionKagoshimaTournament 
#MidoriKarashima 
#IchikiKushikinoCity"
T3mrBCKLt5D1TbJd5lONk,https://www.youtube.com/watch?v=aLTaUbqHvcI,EN,The 'Blue Cave' in Mie Prefecture ✨,"A sightseeing boat 🚢✨ that offers views of the 'Blue Cave' and breathtaking scenery in Mie Prefecture.

The sightseeing boat will take you on a tour of the scenic spots in the following order:
〈Oni no K城 → Jofuku no Miya → Blue Cave (Gama no Kuchi) → Tate no Saki → Umikongo〉

Except for the 'Blue Cave', all spots are accessible from land, but the view from the sea is different and has a special feel to it 🤭💞

📍Tate no Saki Sightseeing Boat
Inquiry ▶ 0597-89-2229 (Kumano City Tourism Association)
Departure Point ▶ Matsuzaki Port (Check the map on the official website)
Departure Times ▶ 10:00～ / 12:00～ / 14:00～
*The ride lasts about 1 hour and 10 minutes.
*There is no 14:00 service on Sundays.
Closed Days ▶ New Year’s holidays
Parking ▶ Available (Free)
Price ▶ 4,500 yen per person for 2 passengers
*Single passenger boarding is not allowed.

............................................

#MaruMieChannel #kankomie #TourismMie #BlueCave #MieTouristSpots #BreathtakingSpots #InstagrammableSpots #MieInstagrammableSpots #SightseeingBoat #Oni no K城 #Nature #Beautiful #Pretty #Sea #Scenery #Gorgeous #Oni no K城 #KumanoCity #WorldHeritage #Kumano #PowerSpot #TravelLovers #ConnectWithTravelLovers #travelgram #TravelInstagram #ConnectWithPhotoLovers #Impressive #Transparency #japanesehotel #j_world_jp #japan_great_view"
aUM_14NFegF8Kv3Z6pJ1X,https://www.youtube.com/watch?v=ISyLmtI3f0s,EN,"Tokugawa Nariaki, Mito Komon, and the Low Mountain They Climbed: Recommended Ibaraki Sightseeing","Tenpizan and Otatachibana Hime Shrine (天妃山・弟橘媛神社) located in Isohara Town, Kitaibaraki City, Ibaraki Prefecture.

A low mountain associated with the famous Tokugawa Mitsukuni (Mito Komon) and Tokugawa Nariaki.
If you climb further from the shrine, there is a stone said to be where Mitsukuni sat.
It is said that Ujo Noguchi, known for children's songs like 'Nanatsu no Ko' and 'Shabondama', often climbed Tenpizan to gaze at the scenery when he struggled with his lyrics.
When asked for his address, Ujo would reply, 'My address is Isohara Coast!' indicating his affection for Isohara Coast and Tenpizan.

When you visit Kitaibaraki City, be sure to enjoy the scenery of Isohara Coast that both of them loved!

■ Access
　https://goo.gl/maps/A71BGYRQqgeHsaCN9
【By Car】10 minutes from the Kitaibaraki IC on the Joban Expressway
【By Train】5 minutes by car or 15 minutes on foot from JR Joban Line 'Isohara Station'

■ Here is the Kitaibaraki Tourism Association HP
　http://www.kitaibarakishi-kankokyokai.gr.jp

■ Here is the Kitaibaraki Tourism Association LINE
　http://www.kitaibarakishi-kankokyokai.gr.jp/page/page000559.html

#Tourism #Ibaraki #Aotearoa

Automatic translation subtitles are supported.
Turn on subtitles and select a language from Settings→Subtitle→Automatic Translation.
※If you are displaying in Japanese, please turn off the subtitles."
rTOI24raaYBz4TKxabcVu,https://www.youtube.com/watch?v=nucSgYiL2uo,EN,"The first SC in Japan, Plaza House. Lunch buffet at the American restaurant KENNY'S on the 3rd floor ♯193 Okinawa City Okinawa Stroll Okinawa Tourism Okinawa Travel","The unique existence of the ""Plaza House Shopping Center"" among commercial facilities in the prefecture. Please make sure to visit at least once.
*The broadcaster TOMA has been vaccinated against COVID-19.

All videos of ""@Okinawa👣 StrollⓇ"" can be found here
▶https://www.youtube.com/channel/UC4onwMScAwqvQyVSibQvRKw/
It’s quite difficult to visit the local area, whether from outside or within the prefecture.
Enjoy the stroll feeling together with this video.

Japan Okinawa Tourism 오키나와 일본 관광 冲绳日本观光 Bersiar-siar di Okinawa Jepun Viaje a japón 沖縄散歩 おきなわ散歩 沖縄さんぽ"
KnONDqBFrxcIaxbuqaiBH,https://www.youtube.com/watch?v=hQGJYu3hqV4,EN,"American Village... I took a stroll under the autumn blue sky, which is gradually regaining its energy. ♯192 Chatan Town Okinawa Walk Okinawa Tourism Okinawa Travel","I took a stroll around the lively American Village, which is not as bustling as before. Please enjoy the walking vibe together.
*The broadcaster TOMA has been vaccinated against COVID-19.

All videos of ""@Okinawa👣WalkⓇ"" can be found here
▶https://www.youtube.com/channel/UC4onwMScAwqvQyVSibQvRKw/
Visiting the site can be quite difficult, whether from outside or within the prefecture.
Please enjoy the walking vibe together with this video.

Japan Okinawa Tourism 오키나와 일본 관광 冲绳日本观光 Bersiar-siar di Okinawa Jepun Viaje a japón 沖縄散歩 おきなわ散歩 沖縄さんぽ"
Z92yMOivW4JmNGkMguLas,https://www.youtube.com/watch?v=YxJI2gtKCnY,EN,"Inari and Chicken from 'Maruichi Shokuhin', the only 'Yugafu Sugar Factory' on the main island, the World Heritage Site 'Katsuren Castle Ruins', and Taco Rice from 'King Tacos' to the Ocean Road. #187 Uruma City Okinawa Walk Okinawa Tourism Okinawa Travel","I walked from one end to the other of the hot spots in Uruma City! Part 2
*The broadcaster TOMA has been vaccinated against COVID-19.

All videos of '@Okinawa👣 WalkⓇ' can be found here
▶https://www.youtube.com/channel/UC4onwMScAwqvQyVSibQvRKw/
It's quite difficult to visit the local area, whether from outside or within the prefecture.
Please enjoy the walking vibe together with this video.

Japan Okinawa Tourism 오키나와 일본 관광 冲绳日本观光 Bersiar-siar di Okinawa Jepun Viaje a japón 沖縄散歩 おきなわ散歩 沖縄さんぽ"
F9FQ4hNnYzOK33TVoVYG4,https://www.youtube.com/watch?v=TG8HwMGXvRI,EN,Okinawa Prefecture Residents' Holiday Scenery ♯7 'Michi no Eki Ginoza' Edition ♯189 Ginoza Village Okinawa Walk Okinawa Tourism Okinawa Travel,"The summer in Okinawa has come to an end, and the autumn breeze is here. That said, let's take a stroll inside Michi no Eki Ginoza in the warm weather. Enjoy the cozy atmosphere together.

*The streamer TOMA has been vaccinated against COVID-19.

You can find all videos of '@Okinawa👣 WalkⓇ' here
▶https://www.youtube.com/channel/UC4onwMScAwqvQyVSibQvRKw/
Visiting the site can be quite difficult, whether from outside or within the prefecture.
Please enjoy the walking vibe together through this video.

Japan Okinawa Tourism 오키나와 일본 관광 冲绳日本观光 Bersiar-siar di Okinawa Jepun Viaje a japón 沖縄散歩 おきなわ散歩 沖縄さんぽ"
TJvwGGdXH7rwnn3iDqdJJ,https://www.youtube.com/watch?v=xzOCljSJ6lk,EN,"The Largest Illumination in the Prefecture: ""Southeast Botanical Garden Okinawa Tropical Illumination 2021-2022"" Take a Stroll in the Garden During Magic Hour. A Reference for Winter Okinawa Tourism! ♯191 Okinawa City Okinawa Stroll Okinawa Tourism Okinawa Travel","This year, we present the illumination of the Southeast Botanical Garden in 4K video. Enjoy the stroll atmosphere together.

*The broadcaster TOMA has been vaccinated against COVID-19.

You can find all videos of ""@Okinawa👣StrollⓇ"" here
▶https://www.youtube.com/channel/UC4onwMScAwqvQyVSibQvRKw/
Visiting the site can be quite difficult, whether you are from outside or within the prefecture. Enjoy the stroll atmosphere with this video.

Japan Okinawa Tourism 오키나와 일본 관광 冲绳日本观光 Bersiar-siar di Okinawa Jepun Viaje a japón 沖縄散歩 おきなわ散歩 沖縄さんぽ"
Z0yPrJtzSh5U0iIWmzi-j,https://www.youtube.com/watch?v=nH954o6x5J4,EN,◤Okinawa Tourism◢ Strolling through the shopping street along Kokusai Street 'Ichiba Hondori - Taihei Dori' ♯184 Naha City Okinawa Stroll Okinawa Travel,"Strolling through the shopping street 'Ichiba Hondori - Taihei Dori' along Kokusai Street in Naha City. Introducing one of the few remaining arcade shopping streets in Okinawa Main Island.
*The broadcaster TOMA has been vaccinated against COVID-19.

All videos of '@Okinawa👣 StrollⓇ' can be found here
▶https://www.youtube.com/channel/UC4onwMScAwqvQyVSibQvRKw/
It can be quite difficult to visit the local area, whether from outside or within the prefecture.
Please enjoy the strolling atmosphere together with this video.

Japan Okinawa Tourism 오키나와 일본 관광 冲绳日本观光 Bersiar-siar di Okinawa Jepun Viaje a japón 沖縄散歩 おきなわ散歩 沖縄さんぽ"
-dcEjiM7Xcw9ZBCvhIeJU,https://www.youtube.com/watch?v=JBDXGmHXtsQ,EN,A Stroll Through the Exotic Gate Town of Kintown 'Shinkaichi' ♯183 Okinawa Stroll Okinawa Tourism Okinawa Travel,"A morning stroll through the 'Shinkaichi Area' in front of Camp Hansen, a U.S. military base in Kintown, bathed in the early morning sun. Enjoy the Americanized streets with colorful buildings and English signs.
* The broadcaster TOMA has been vaccinated against COVID-19.

All videos of '@Okinawa👣 StrollⓇ' can be found here
▶https://www.youtube.com/channel/UC4onwMScAwqvQyVSibQvRKw/
Visiting the site can be quite difficult, whether from outside or within the prefecture.
Please enjoy the stroll feeling together with this video.

Japan Okinawa Tourism 오키나와 일본 관광 冲绳日本观光 Bersiar-siar di Okinawa Jepun Viaje a japón 沖縄散歩 おきなわ散歩 沖縄さんぽ"
J1URUsw13gqEhE1HrvUPx,https://www.youtube.com/watch?v=LfNqb14U5Ys,EN,The Most Vibrant 'JA Farmers Market Champuru Market' in Okinawa: Introducing 'Okinawan Snacks and Side Dishes' in Okinawa City ♯186 Okinawa Stroll Okinawa Tourism Okinawa Travel,"This time, while buying vegetables at the JA Okinawa Farmers Market Champuru Market in Toguchi, Okinawa City, we introduce Okinawan snacks and side dishes.
*The broadcaster TOMA has been vaccinated against COVID-19.

You can find all videos of '@Okinawa👣 StrollⓇ' here:
▶https://www.youtube.com/channel/UC4onwMScAwqvQyVSibQvRKw/
Visiting the site can be quite difficult, whether you are from outside or within the prefecture.
Please enjoy the stroll feeling together with this video.

Japan Okinawa Tourism 오키나와 일본 관광 冲绳日本观光 Bersiar-siar di Okinawa Jepun Viaje a japón 沖縄散歩 おきなわ散歩 沖縄さんぽ"
QykFc97u1IKWxdYFPUeK4,https://www.youtube.com/watch?v=yeg11WIX1bs,EN,#182 Okushigawa 'Healing Mangrove Forest' Stroll. Kin Town Okinawa Walk Okinawa Tourism Okinawa Travel,"This time, we will stroll through the mangrove forest of Okushigawa in Kin Town. A unique landscape that can only be found on the main island. A must-visit area for a walk.
*The broadcaster TOMA has been vaccinated against COVID-19.

All videos of '@Okinawa👣 WalkⓇ' can be found here
▶https://www.youtube.com/channel/UC4onwMScAwqvQyVSibQvRKw/
Visiting the site can be quite difficult, whether you are from outside or within the prefecture.
Please enjoy the walking atmosphere together with this video.

Japan Okinawa Tourism 오키나와 일본 관광 冲绳日本观光 Bersiar-siar di Okinawa Jepun Viaje a japón 沖縄散歩 おきなわ散歩 沖縄さんぽ"
GN50_GZpqZXwXPSnDXqjs,https://www.youtube.com/watch?v=vjLmmVf5o6Q,EN,Emotional Strolling Path 'Yachimun Street' Near Kokusai Street #172 Naha City Okinawa Walk Okinawa Tourism Okinawa Travel,"This time, we take a stroll through the quiet Yachimun Street in Tsuya, where you can feel the history and Okinawa. After walking the lively Kokusai Street, be sure to take a stroll down this quiet street.
* The broadcaster TOMA has been vaccinated against COVID-19.

All videos of '@Okinawa👣 WalkⓇ' can be found here
▶https://www.youtube.com/channel/UC4onwMScAwqvQyVSibQvRKw/
Visiting the site can be quite difficult, whether you are from outside or within the prefecture.
Please enjoy the strolling atmosphere together with this video.

Japan Okinawa Tourism 오키나와 일본 관광 冲绳日本观光 Bersiar-siar di Okinawa Jepun Viaje a japón 沖縄散歩 おきなわ散歩 沖縄さんぽ"
JfMjhkv8PJ7qlHKTVomh0,https://www.youtube.com/watch?v=jvIRtYQ-HxY,EN,"In the Heart of Naha: ""The Back Streets of Kokusai Dori - Showa Era Streetscape Part 2"" Naha City ♯171 Okinawa Walk Okinawa Tourism Okinawa Travel","Following the first part on the southern side of ""Kokusai Dori,"" this time we take a stroll on the northern side. We will introduce the ""Showa Era Streetscape"" that remains in the heart of Naha. I was personally surprised to see so many old Okinawan houses from the Showa era still preserved.
*The broadcaster TOMA has been vaccinated against COVID-19.

All videos from ""@Okinawa👣 WalkⓇ"" can be found here
▶https://www.youtube.com/channel/UC4onwMScAwqvQyVSibQvRKw/
Visiting the site can be quite difficult, whether you are from outside or within the prefecture.
Please enjoy the walking atmosphere together with this video.

Japan Okinawa Tourism 오키나와 일본 관광 冲绳日本观光 Bersiar-siar di Okinawa Jepun Viaje a japón 沖縄散歩 おきなわ散歩 沖縄さんぽ"
33Y-eXWjdsu0kj7axPYo6,https://www.youtube.com/watch?v=Rn1vonuYfIQ,EN,◤Okinawa Tourism◢ Introducing the No. 1 National Road Station Ranking 'Road Station Kyoda'. ♯179 Okinawa Walk Okinawa Travel,"Introducing the 'Product Center' of 'Road Station Kyoda', the first road station in Okinawa and a regular in the number one ranking.
*The distributor TOMA has been vaccinated against COVID-19.

All videos of '@Okinawa👣 WalkⓇ' can be found here
▶https://www.youtube.com/channel/UC4onwMScAwqvQyVSibQvRKw/
Visiting the site can be quite difficult, whether from outside or within the prefecture.
Please enjoy the walking atmosphere together with this video.

Japan Okinawa Tourism 오키나와 일본 관광 冲绳日本观光 Bersiar-siar di Okinawa Jepun Viaje a japón 沖縄散歩 おきなわ散歩 沖縄さんぽ"
XPVx-nyvWzy2rDA2e0hBG,https://www.youtube.com/watch?v=oz1hTQnUV1w,EN,Strolling through the stylish 'Mikawa Stateside Town' in the old foreign residential area. ♯181 Okinawa Stroll Okinawa Tourism Okinawa Travel,"This time, we take a stroll through 'Mikawa Stateside Town', where stylish shops line the renovated old foreign residences in Urasoe City, Mikawa, a classic tourist spot.
*The broadcaster TOMA has been vaccinated against COVID-19.

All videos of '@Okinawa👣 StrollⓇ' can be found here
▶https://www.youtube.com/channel/UC4onwMScAwqvQyVSibQvRKw/
Visiting the site can be quite difficult, whether from outside or within the prefecture.
Please enjoy the strolling atmosphere together with this video.

Japan Okinawa Tourism 오키나와 일본 관광 冲绳日本观光 Bersiar-siar di Okinawa Jepun Viaje a japón 沖縄散歩 おきなわ散歩 沖縄さんぽ"
Amb5eNL2tCb0_aMBTnn_2,https://www.youtube.com/watch?v=a6e6zr6zwB0,EN,Authentic Long-established Restaurant 'PIZZA HOUSE' for Lunch. Top-ranked Restaurant Outside the Hotel in Urasoe City ♯177 Okinawa Stroll Okinawa Tourism Okinawa Travel,"This time, I had lunch with my son at a long-established authentic restaurant that has been in business for 60 years in Minato-gawa, Urasoe City.
*The broadcaster TOMA has been vaccinated against COVID-19.

All videos of '@Okinawa👣 StrollⓇ' can be found here
▶https://www.youtube.com/channel/UC4onwMScAwqvQyVSibQvRKw/
It's quite difficult to visit the local area, whether from outside or within the prefecture.
Please enjoy the stroll feeling together with this video.

Japan Okinawa Tourism 오키나와 일본 관광 冲绳日本观光 Bersiar-siar di Okinawa Jepun Viaje a japón 沖縄散歩 おきなわ散歩 沖縄さんぽ"
wKSOfQWvErAikmfhVxTds,https://www.youtube.com/watch?v=fzT4NXWqF7s,EN,"◤Okinawa Tourism◢ Introducing ""Okinawa's Island Vegetables and Fruits"" from the Most Vibrant ""JA Farmers Market Champuru"" in Okinawa City ♯176 Okinawa Stroll Okinawa Travel","This time, we will introduce Okinawa's island vegetables and fruits while buying vegetables at the JA Okinawa Farmers Market Champuru in Toguchi, Okinawa City.
*The broadcaster TOMA has been vaccinated against COVID-19.

You can find all videos of ""@Okinawa👣 StrollⓇ"" here:
▶https://www.youtube.com/channel/UC4onwMScAwqvQyVSibQvRKw/
Visiting the local area can be quite difficult, whether you are from outside or within the prefecture.
Please enjoy the stroll feeling together with this video.

Japan Okinawa Tourism 오키나와 일본 관광 冲绳日本观光 Bersiar-siar di Okinawa Jepun Viaje a japón 沖縄散歩 おきなわ散歩 沖縄さんぽ"
IuqW9Ap_7-j7ZPi-1Umvo,https://www.youtube.com/watch?v=26MA3JkC_AA,EN,Okinawa Prefecture Residents' Holiday Scenery #7: Uruma City Hamahiga Beach Edition #177 Okinawa Stroll Okinawa Tourism Okinawa Travel,"This time, we visit a remote island in Uruma City. Hamahiga Beach, located beyond the ocean road. As Okinawa's summer is approaching... we bring you the scenery of the residents' seaside holiday.
* The broadcaster TOMA has been vaccinated against COVID-19.

All videos of ""@Okinawa👣 StrollⓇ"" can be found here
▶https://www.youtube.com/channel/UC4onwMScAwqvQyVSibQvRKw/
It's quite difficult to visit the local area, whether from outside or within the prefecture.
Please enjoy the stroll feeling together with this video.

Japan Okinawa Tourism 오키나와 일본 관광 冲绳日本观光 Bersiar-siar di Okinawa Jepun Viaje a japón 沖縄散歩 おきなわ散歩 沖縄さんぽ"
ZOcejjG8KWVHNMdrQgw9j,https://www.youtube.com/watch?v=DglVXXBPWs8,EN,"The Remaining Original Scenery of Okinawa ♯3: Kouri Island Edition, Nakijin Village ♯178 【4K】 Okinawa Walk, Okinawa Tourism, Okinawa Travel","This time, we take a walk in Kouri Island and Kouri Village in Nakijin Village. We will introduce the beautiful island covered by the blue sea and sky, showcasing the original scenery of Okinawa that remains.
*The streamer TOMA has been vaccinated against COVID-19.

You can find all videos of ""@Okinawa👣 WalkⓇ"" here:
▶https://www.youtube.com/channel/UC4onwMScAwqvQyVSibQvRKw/
Visiting the site can be quite difficult, whether you are from outside or within the prefecture.
Please enjoy the walking atmosphere together through this video.

Japan Okinawa Tourism 오키나와 일본 관광 冲绳日本观光 Bersiar-siar di Okinawa Jepun Viaje a japón 沖縄散歩 おきなわ散歩 沖縄さんぽ"
OFArSyBrWnx2IIeY2HL7Z,https://www.youtube.com/watch?v=p8Ba4wcK0bE,EN,"""Shakey's"" Plaza House Store Lunch Buffet (All-You-Can-Eat Pizza) ♯180 [4K] Okinawa Walk Yomitan Village Okinawa Tourism Okinawa Travel","I went to have a lunch buffet for ¥1100 at ""Shakey's"" inside Japan's first shopping center, Plaza House.
*The streamer TOMA has been vaccinated against COVID-19.

You can find all videos from ""@Okinawa👣WalkⓇ"" here:
▶https://www.youtube.com/channel/UC4onwMScAwqvQyVSibQvRKw/
Visiting the site can be quite difficult, whether you are from outside or within the prefecture.
Please enjoy the walking atmosphere together with this video.

Japan Okinawa Tourism 오키나와 일본 관광 冲绳日本观光 Bersiar-siar di Okinawa Jepun Viaje a japón 沖縄散歩 おきなわ散歩 沖縄さんぽ"
D6_tEkEU-zFq73ViL9hmY,https://www.youtube.com/watch?v=jB44vJjgZk8,EN,A Morning Stroll in Naha New Town! Part 2 - Naha City #166 Okinawa Walk Okinawa Tourism Okinawa Travel,"[Correction] There was an error in the caption regarding the filming location at the beginning. ""×...Motobu Town"" ➡ ""○...Naha City"". Thank you for your understanding.
This time, we take a stroll in ""Naha New Town"". The new town is the most orderly city in Okinawa. Enjoy the streets of the new town bathed in orange in the early morning.
*The broadcaster TOMA has been vaccinated against COVID-19.

All videos of ""@Okinawa👣WalkⓇ"" can be found here
▶https://www.youtube.com/channel/UC4onwMScAwqvQyVSibQvRKw/
Visiting the site can be quite difficult, whether from outside or within the prefecture.
Please enjoy the feeling of strolling together through this video.

Japan Okinawa Tourism 오키나와 일본 관광 冲绳日本观光 Bersiar-siar di Okinawa Jepun Viaje a japón 沖縄散歩 おきなわ散歩 沖縄さんぽ"
lZIgphxHFXrI4s1t6ZE4q,https://www.youtube.com/watch?v=0Gr5R0RQzbg,EN,Okinawa Prefecture Holiday Scenery #6: Heartful Family Edition in Kurashiki Dam #175 Okinawa Walk Okinawa Tourism Okinawa Travel,"This time, we visit Kurashiki Dam in Okinawa City. During the summer, many families come here and have a great time. Although summer is coming to an end, we bring you the scenery of the holidays for the locals.

*The broadcaster TOMA has been vaccinated against COVID-19.

You can find all videos of ""@Okinawa👣 WalkⓇ"" here:
▶https://www.youtube.com/channel/UC4onwMScAwqvQyVSibQvRKw/
Visiting the site can be quite difficult, whether you are from outside or within the prefecture.
Please enjoy the walking atmosphere together with this video.

Japan Okinawa Tourism 오키나와 일본 관광 冲绳日本观光 Bersiar-siar di Okinawa Jepun Viaje a japón 沖縄散歩 おきなわ散歩 沖縄さんぽ"
f1EkahloZdqjQGmyfnTcV,https://www.youtube.com/watch?v=FXYTpHPTEwY,EN,Popular Tourist Spot 'Kouri Island' from 'Kouri Ohashi' to 'Kouri Ocean Tower' Okinawa Tourism Okinawa Travel,"This time, we introduce the classic tourist spot 'Kouri Island'. Take a stroll across the 2km long Kouri Ohashi ➡ Enjoy the breathtaking emerald green sea from the observation deck of Kouri Ocean Tower.

*This video is a compilation of two longer past videos edited into a more viewer-friendly length. 
All BGM, subtitles, and inserted images have been re-edited, so it has been upgraded compared to the previously released videos.

*The broadcaster TOMA has been vaccinated against COVID-19.

You can find all videos from '@okinawa👣sampoⓇ' here:
▶https://www.youtube.com/channel/UC4onwMScAwqvQyVSibQvRKw/
Visiting the site can be quite difficult, whether you are from outside or within the prefecture. 
Please enjoy the strolling atmosphere together with this video.

Japan Okinawa Tourism 오키나와 일본 관광 冲绳日本观光 Bersiar-siar di Okinawa Jepun Viaje a japón 沖縄散歩 おきなわ散歩 沖縄さんぽ"
0wihWL5mMKqqpiuvaRImj,https://www.youtube.com/watch?v=JWu6UnmveOs,EN,"The Last Traditional Market Remaining in Naha City: ""Eimach Market"" Naha City ♯173 Okinawa Stroll Okinawa Tourism Okinawa Travel","This time, we introduce the last traditional market remaining in Naha City, ""Eimach Market."" With the renewal and relocation of Makishi Public Market decided, we strolled through the last market remaining in the city.
* The broadcaster TOMA has been vaccinated against COVID-19.

All videos of ""@Okinawa👣 StrollⓇ"" can be found here
▶https://www.youtube.com/channel/UC4onwMScAwqvQyVSibQvRKw/
It's quite difficult to visit the site, whether from outside or within the prefecture.
Please enjoy the strolling atmosphere together with this video.

Japan Okinawa Tourism 오키나와 일본 관광 冲绳日本观光 Bersiar-siar di Okinawa Jepun Viaje a japón 沖縄散歩 おきなわ散歩 沖縄さんぽ"
B1HqzG3AZDsIJSCpVbO6M,https://www.youtube.com/watch?v=rm0PvUarxzg,EN,"The Remaining Original Scenery of Okinawa #2: Ikei Island Edition, Uruma City #165 [4K] Okinawa Walk, Okinawa Tourism, Okinawa Travel","This time, we take a walk in the Ikei Village of Ikei Island in Uruma City. We will introduce the original scenery of Okinawa that remains on the islands accessible by car from the main island, where modern streets are spreading due to ongoing development in Okinawa's main island.
*The streamer TOMA has been vaccinated against COVID-19.

You can find all videos from ""@Okinawa👣 WalkⓇ"" here:
▶https://www.youtube.com/channel/UC4onwMScAwqvQyVSibQvRKw/
Visiting the site can be quite difficult, whether you are from outside or within the prefecture.
Please enjoy the walking atmosphere together with this video.

Japan Okinawa Tourism 오키나와 일본 관광 冲绳日本观光 Bersiar-siar di Okinawa Jepun Viaje a japón 沖縄散歩 おきなわ散歩 沖縄さんぽ"
UhyLjF3-V5-p9qHxKNKf7,https://www.youtube.com/watch?v=SHqcauBDINA,EN,Monorail Views of Okinawa: Part 2 from Makishi Station to Tedako Urakami Station #170 Naha City to Urasoe City Okinawa Stroll Okinawa Tourism Okinawa Travel,"This time, we present an aerial stroll ""Monorail Views of Okinawa for 4K."" The urban landscape of Okinawa seen from a different angle is refreshing even for the locals. The previous video featured the ""upward"" land-side views, but this time we present the ""downward"" sea-side views in Part 2: from Makishi Station to Tedako Urakami Station. Enjoy the feeling of an aerial stroll.
*The presenter TOMA has been vaccinated against COVID-19.

All videos from ""@Okinawa👣 StrollⓇ"" can be found here
▶https://www.youtube.com/channel/UC4onwMScAwqvQyVSibQvRKw/
Visiting the site can be quite difficult, whether from outside or within the prefecture.
Please enjoy the stroll feeling together with this video.

Japan Okinawa Tourism 오키나와 일본 관광 冲绳日本观光 Bersiar-siar di Okinawa Jepun Viaje a japón 沖縄散歩 おきなわ散歩 沖縄さんぽ"
N5abRboVcacNhjBco7V6o,https://www.youtube.com/watch?v=DU9M1yoVgHg,EN,Shikina-en: The Largest Detached Villa of the Ryukyu Kingdom ♯169 Naha City Okinawa Stroll Okinawa Tourism Okinawa Travel,"Thank you for always watching. This time, we will introduce 'Shikina-en', located in the southern part of Naha City, which is the largest detached villa of the Ryukyu Kingdom and the largest wooden building that retains the architectural style of the Ryukyu Kingdom era.
*This video is a re-edited version of a previously released long video (40 minutes) into a shorter version (14 minutes) for easier viewing (the quality is FHD-2K, not 4K).
*The broadcaster TOMA has been vaccinated against COVID-19.

You can find all videos from '@Okinawa👣StrollⓇ' here:
▶https://www.youtube.com/channel/UC4onwMScAwqvQyVSibQvRKw/
Visiting the site can be quite difficult, whether you are from outside or within the prefecture.
Please enjoy the stroll feeling together with this video.

Japan Okinawa Tourism 오키나와 일본 관광 冲绳日本观光 Bersiar-siar di Okinawa Jepun Viaje a japón 沖縄散歩 おきなわ散歩 沖縄さんぽ"
7MPhPfESsGa8J3NY0DCS6,https://www.youtube.com/watch?v=RGocV38uBcc,EN,Emerald Green Sea 'Renaissance Resort Okinawa' ♯167 Onna Village Okinawa Stroll Okinawa Tourism Okinawa Travel,"Thank you for always watching. The sea in Onna Village on the west coast of central Okinawa is beautiful everywhere, but this time we will introduce 'Renaissance Resort Okinawa'.
*This video is a re-edited version of a previously released long video (30 minutes) into a shorter version (6 minutes) in response to viewer requests (the quality is FHD-2K, not 4K).
*The broadcaster TOMA has been vaccinated against COVID-19.

You can find all videos of '@Okinawa👣 Stroll®' here:
▶https://www.youtube.com/channel/UC4onwMScAwqvQyVSibQvRKw/
Visiting the site can be quite difficult, whether you are from outside or within the prefecture.
Please enjoy the stroll feeling together with this video.

Japan Okinawa Tourism 오키나와 일본 관광 冲绳日本观光 Bersiar-siar di Okinawa Jepun Viaje a japón 沖縄散歩 おきなわ散歩 沖縄さんぽ"
7GvBODv8xt3HsPQdzQY9K,https://www.youtube.com/watch?v=CHSGULcvFxM,EN,"The Remaining Original Scenery of Okinawa #1: Miyagi Island Edition, Uruma City #168 [4K] Okinawa Walk, Okinawa Tourism, Okinawa Travel","This time, we take a walk in the Uehara village of Miyagi Island in Uruma City. We will introduce the original scenery of Okinawa that remains on the islands accessible by car from the main island, where modern urban development has spread across Okinawa's main island.
*The streamer TOMA has been vaccinated against COVID-19.

You can find all videos of ""@Okinawa👣 WalkⓇ"" here:
▶https://www.youtube.com/channel/UC4onwMScAwqvQyVSibQvRKw/
Visiting the site can be quite difficult, whether you are from outside or within the prefecture.
Please enjoy the walking atmosphere together with this video.

Japan Okinawa Tourism 오키나와 일본 관광 冲绳日本观光 Bersiar-siar di Okinawa Jepun Viaje a japón 沖縄散歩 おきなわ散歩 沖縄さんぽ"
kIaO8X-2PmY-nAY63ptxq,https://www.youtube.com/watch?v=BAY7eZkF-D4,EN,"Seafood at Oujima: Eating Seafood Inari, Seafood Donburi, and Squid Ink Soup! Nanjo City ♯163 【4K】Okinawa Stroll Okinawa Tourism Okinawa Travel","This time, we went to 'Oujima', famous for Okinawan tempura, to eat seafood inari, seafood donburi, and squid ink soup. Introducing along with the island's scenery.
*The streamer TOMA has been vaccinated against COVID-19.

All videos of '@Okinawa👣 StrollⓇ' can be found here
▶https://www.youtube.com/channel/UC4onwMScAwqvQyVSibQvRKw/
Visiting the site can be quite difficult, whether from outside or within the prefecture.
Please enjoy the stroll feeling together with this video.

Japan Okinawa Tourism 오키나와 일본 관광 冲绳日本观光 Bersiar-siar di Okinawa Jepun Viaje a japón 沖縄散歩 おきなわ散歩 沖縄さんぽ"
t25KUE1fARYTjByQzfu47,https://www.youtube.com/watch?v=mRZlQo8G1LA,EN,A Lot of Retro Items from the Showa Era! 'Showa Museum - I Am Retro' Yonabaru Town ♯164 【4K】 Okinawa Stroll Okinawa Tourism Okinawa Travel,"This time, we introduce the 'Showa Museum - I Am Retro,' which houses very rare retro items from the Showa era in Okinawa. You will surely be amazed by the impressive quantity of items.
*The broadcaster TOMA has been vaccinated against COVID-19.

You can find all videos from '@Okinawa👣 StrollⓇ' here
▶https://www.youtube.com/channel/UC4onwMScAwqvQyVSibQvRKw/
Visiting the site can be quite difficult, whether you are from outside or within the prefecture.
Please enjoy the stroll feeling together with this video.

Japan Okinawa Tourism 오키나와 일본 관광 冲绳日本观光 Bersiar-siar di Okinawa Jepun Viaje a japón 沖縄散歩 おきなわ散歩 沖縄さんぽ"
MA3d5VxqXQ6gRp3BWNGss,https://www.youtube.com/watch?v=Q-YlUGWq6dA,EN,Okinawa Residents' Holiday Scenery #5: Sunset Edition at Chatan Beach (from Araha Beach to American Village - Depot Island - Seaside Road) #159 Okinawa Stroll Okinawa Tourism Okinawa Travel,"This time, we take a stroll during sunset along the seaside road from 'Araha Beach' to 'Depot Island (American Village)' at 'Chatan Beach'. We present a relaxed sunset scene mixed with Okinawa residents, tourists, and U.S. military personnel.
*The broadcaster TOMA has been vaccinated against COVID-19.

All videos from '@Okinawa👣 Stroll®' can be found here:
▶https://www.youtube.com/channel/UC4onwMScAwqvQyVSibQvRKw/
Visiting the local area can be quite difficult, whether you are from outside or within the prefecture.
Please enjoy the stroll feeling together with this video.

Japan Okinawa Tourism 오키나와 일본 관광 冲绳日本观光 Bersiar-siar di Okinawa Jepun Viaje a japón 沖縄散歩 おきなわ散歩 沖縄さんぽ"
Gpd0IkD-BQxn2bM7ewFMR,https://www.youtube.com/watch?v=kh0pBdqITKk,EN,"◤Okinawa Tourism◢ In the Heart of Naha: ""The Back Streets of Kokusai Street are a Showa Era Townscape Part 1"" Naha City ♯162 Okinawa Walk Okinawa Travel","This time, we take a stroll through the back streets on the south side of ""Kokusai Street."" We will introduce the ""Showa Era Townscape"" that remains in the heart of Naha. I was surprised to see so many old Okinawan houses from the Showa era still preserved.
*The broadcaster TOMA has been vaccinated against COVID-19.

You can find all videos from ""@Okinawa👣 WalkⓇ"" here:
▶https://www.youtube.com/channel/UC4onwMScAwqvQyVSibQvRKw/
Visiting the site can be quite difficult, whether you are from outside or within the prefecture.
Please enjoy the feeling of strolling together through this video.

Japan Okinawa Tourism 오키나와 일본 관광 冲绳日本观光 Bersiar-siar di Okinawa Jepun Viaje a japón 沖縄散歩 おきなわ散歩 沖縄さんぽ"
3Mj0NNAp4dtDBjA3Dqq9C,https://www.youtube.com/watch?v=Yy93Dxp-Pi4,EN,Summer 2021! Cool! The International Street at Dusk! Part 2 - Naha City ♯161 Okinawa Walk - Okinawa Tourism - Okinawa Travel,"This time, we take a walk along the miraculous 1-mile 'International Street at Dusk' in Naha City, part 2 (return trip). Please enjoy the cool evening air of International Street while I share the origin of the name 'International Street.' Let's stroll together through the orange-tinted International Street. TOMA.
*Please refrain from negative comments as there may be store representatives from International Street watching.
*TOMA, the broadcaster, has been vaccinated against COVID-19.

All videos of '@Okinawa👣 WalkⓇ' can be found here
▶https://www.youtube.com/channel/UC4onwMScAwqvQyVSibQvRKw/
Visiting the site can be quite difficult, whether from outside or within the prefecture.
Please enjoy the walking atmosphere together through this video.

Japan Okinawa Tourism 오키나와 일본 관광 冲绳日本观光 Bersiar-siar di Okinawa Jepun Viaje a japón 沖縄散歩 おきなわ散歩 沖縄さんぽ"
NMUvCo602nSF39ZmqdBXw,https://www.youtube.com/watch?v=tFyzo5aI5IA,EN,A Morning Stroll in Naha New Town! Part 1,"This time, we take a stroll in ""Naha New Town."" The New Town is the most orderly city in Okinawa. Enjoy the streets of the New Town bathed in orange hues during the early morning.
* The broadcaster TOMA has been vaccinated against COVID-19.

All videos from ""@Okinawa👣 StrollⓇ"" can be found here
▶https://www.youtube.com/channel/UC4onwMScAwqvQyVSibQvRKw/
Visiting the site can be quite difficult, whether you are from outside or within the prefecture.
Enjoy the feeling of strolling together through this video.

Japan Okinawa Tourism 오키나와 일본 관광 冲绳日本观光 Bersiar-siar di Okinawa Jepun Viaje a japón 沖縄散歩 おきなわ散歩 沖縄さんぽ"
GwSpXDxcbAQudUhEYlEpQ,https://www.youtube.com/watch?v=7LxEl-qDm_A,EN,Okinawa Prefecture's Holiday Scenery #4: Yomitan Village Toguchi Beach Edition #159 Okinawa Walk Okinawa Tourism Okinawa Travel,"This time, we visited Toguchi Beach in Yomitan Village. Due to the presence of a U.S. military base, there were many military personnel, and of course, locals were enjoying their time as well. We hope you can feel the atmosphere of Okinawa residents' holidays.
* The broadcaster TOMA has been vaccinated against COVID-19.

All videos of ""@Okinawa👣 WalkⓇ"" can be found here
▶https://www.youtube.com/channel/UC4onwMScAwqvQyVSibQvRKw/
Visiting the site can be quite difficult, whether you are from outside or within the prefecture.
Please enjoy the walking vibe together with this video.

Japan Okinawa Tourism 오키나와 일본 관광 冲绳日本观光 Bersiar-siar di Okinawa Jepun Viaje a japón 沖縄散歩 おきなわ散歩 沖縄さんぽ"
FwDuGjYwm9zarju-_TOd8,https://www.youtube.com/watch?v=XjHYdQ6GdEo,EN,Okinawa Scenery from the Monorail Part 1: Naha Airport Station to Makishi Station #158 Naha City Okinawa Walk Okinawa Tourism Okinawa Travel,"This time, we present an aerial stroll ""Okinawa Scenery from the Monorail for 4K"". I believe the cityscape of Okinawa seen from a different angle will feel fresh even to the locals. The previous video featured the ""upward"" land side scenery, but this time we present the full ""downward"" sea side scenery: from Naha Airport Station to Makishi Station. Enjoy the feeling of an aerial stroll.
【Correction and Apology】
There was a typo in some of the subtitles, and we would like to correct it as follows.
Akamine Station: (Incorrect) National Route 58 → (Correct) National Route 331
*The broadcaster TOMA has been vaccinated against COVID-19.

All videos of ""@Okinawa👣WalkⓇ"" can be found here
▶https://www.youtube.com/channel/UC4onwMScAwqvQyVSibQvRKw/
Visiting the site can be quite difficult, whether from outside or within the prefecture.
Please enjoy the feeling of a stroll together with this video.

Japan Okinawa Tourism 오키나와 일본 관광 冲绳日本观光 Bersiar-siar di Okinawa Jepun Viaje a japón 沖縄散歩 おきなわ散歩 沖縄さんぽ"
oVs6hAsFQz8x91tUOF7xH,https://www.youtube.com/watch?v=i2NN8QcwvdQ,EN,The Origin of Soki Soba: Gabe Sogawa Shokudo Main Store ♯156 Nago City Okinawa Walk Okinawa Tourism Okinawa Travel,"This time, we visited ""The Origin of Soki Soba: Gabe Sogawa Shokudo Main Store"" in Nago City, featuring a ""Real Okinawan Pineapple Field"" in the opening and ""Kouri Island and Yagaji Island"" floating in Hanegawa Bay in the ending. Thank you for watching. TOMA.

*The broadcaster TOMA has been vaccinated against COVID-19.

All videos of ""@Okinawa👣WalkⓇ"" can be found here
▶https://www.youtube.com/channel/UC4onwMScAwqvQyVSibQvRKw/
Visiting the site can be quite difficult, whether from outside or within the prefecture.
Please enjoy the walking feeling together with this video.

Japan Okinawa Tourism 오키나와 일본 관광 冲绳日本观光 Bersiar-siar di Okinawa Jepun Viaje a japón 沖縄散歩 おきなわ散歩 沖縄さんぽ"
P0QqhrWXTP9QVTqoCuB8E,https://www.youtube.com/watch?v=zWdRHqFeAcU,EN,Okinawa Prefecture Holiday Scenery #3: U.S. Military Families at Kadena Marina Edition,"Today, I captured the holiday scenery of U.S. military families at the exclusive facility 'Kadena Marina.' Enjoy the American atmosphere that is different from Japan!
* The only area available for Japanese people is the SEASIDE restaurant.
   I could not confirm the availability of the beach.
* The broadcaster TOMA has received two doses of the COVID-19 vaccine and is taking sufficient infection prevention measures while filming.

All videos from '@Okinawa👣SanpoⓇ' can be found here:
▶https://www.youtube.com/channel/UC4onwMScAwqvQyVSibQvRKw/
Visiting the site can be quite difficult, whether from outside or within the prefecture.
Please enjoy the walking feeling together with this video.

Japan Okinawa Tourism 오키나와 일본 관광 冲绳日本观光 Bersiar-siar di Okinawa Jepun Viaje a japón 沖縄散歩 おきなわ散歩 沖縄さんぽ"
X_4ik1rLf3Iehc7k42neT,https://www.youtube.com/watch?v=gnvTXsB55eo,EN,Strolling Around the Hilton Hotel at Dusk ♯129 【4K】 Okinawa Stroll Chatan Town Okinawa Tourism Okinawa Travel,"@Okinawa👣 StrollⓇ all videos can be found here
▶https://www.youtube.com/channel/UC4onwMScAwqvQyVSibQvRKw/
Visiting the local area can be quite difficult, whether you are from outside or within the prefecture.
Please enjoy the strolling atmosphere with this video.

Japan Okinawa Tourism 오키나와 일본 관광 冲绳日本观光 Bersiar-siar di Okinawa Jepun Viaje a japón 沖縄散歩 おきなわ散歩 沖縄さんぽ
Hilton Okinawa Chatan Resort DoubleTree by Hilton Okinawa Chatan Resort Lequ Okinawa Chatan Spa & Resort American Village Fisherina Fisher's Area

Hidden spots Recommended spots
Recommended Okinawa"
ReX0wt5FN1RfP8tnaSWte,https://www.youtube.com/watch?v=v_KFs7TIlK8,EN,"Healing Space Walk ""Bise Fukugi Tree Lane"" ♯125 【4K】Okinawa Walk Motobu Town Okinawa Tourism Okinawa Travel","""@Okinawa👣 WalkⓇ"" all videos can be found here
▶https://www.youtube.com/channel/UC4onwMScAwqvQyVSibQvRKw/
Visiting the site can be quite difficult, whether you are from outside or within the prefecture.
Please enjoy the walking atmosphere together with this video.

Japan Okinawa Tourism 오키나와 일본 관광 冲绳日本观光 Bersiar-siar di Okinawa Jepun Viaje a japón 沖縄散歩 おきなわ散歩 沖縄さんぽ

Hidden spots Recommended spots
Recommended Okinawa"
ZQpc50IM3QLiKlpTkZyq1,https://www.youtube.com/watch?v=P5e8hVZVSFY,EN,Azaleas at Mibu Castle Ruins,"As of April 11th, the azaleas at Mibu Castle Ruins are in full bloom.
Since it's also close to the Michi no Eki Mai Road IC Chiyoda, why not visit for a little hiking experience?
(5 minutes by car from the rest area, 10 minutes on foot from the parking lot)
The view is fantastic as you can overlook the entire area!

Date of photography: April 11, 2022
Location: Mibu Castle Ruins (Mibu, Kitahiroshima-cho, Yamagata-gun, Hiroshima Prefecture)
BGM: Amacha Music Studio

▼ Kitahiroshima Town Tourism Association Website ▼
""Gurutto, Kitahiroshima""
http://kitahiro.jp/

▼ Kitahiroshima Town Spring Flower Calendar ▼
http://kitahiro.jp/_src/51/春の花ごよみ.pdf

#KitahiroshimaTown
#Spring
#Azaleas
#CastleRuins
#Castle
#HistoricalSite"
SXOFgLG6MRxVzek0dpkHp,https://www.youtube.com/watch?v=X7Mb9Q2ahqs,EN,Kitahiro Sketch ⑥ 'Kameyama Hachiman Shrine',"As a proposal for a new form of tourism, two staff members from the Kitahiroshima Town Tourism Association sketch spots around the town in a project called 'Kitahiro Sketch.'
The担当者 is Shimada, who graduated from an art university and works on various art projects during his days off, and Kusaka, who enjoys painting.

This is the sixth installment. This time, we will sketch 'Kameyama Hachiman Shrine.'

*This video is an archive of a broadcast aired on the local cable television 'Kitahiro Net.'
I uploaded it to YouTube because I want many people to see it.

#KitahiroshimaTown
#Shrine
#Sketch
#Watercolor
#LandscapePainting
#HiroshimaPrefecture"
TsTYWsk7s6pLkl2RcSLr1,https://www.youtube.com/watch?v=0gWu1cvfxIk,EN,"Nara Experiences Make it Perfect～PRAY, PLAY, NARA～","This video introduces the spots in Nara where you can visit with your
family to learn and experience.
Please enjoy viewing it.
習うより、奈良体験～PRAY, PLAY, NARA～英語字幕版"
_cmQ3H3pwQ07Pe5LHLXiT,https://www.youtube.com/watch?v=gys5WE4o1CY,EN,"Delicious Nara～PRAY, PLAY, NARA～","This video introduces the charm of Nara's food.
Please enjoy viewing it.
奈良の口福～PRAY, PLAY, NARA～英語字幕版"
-sqgcrC1EAvdCpjIG-wE8,https://www.youtube.com/watch?v=DlQrRkl7juw,EN,"Breathe Deeply～PRAY, PLAY, NARA～","This video introduces Nara’s abundant nature and outdoor activities.
Please enjoy viewing it.
深呼吸～PRAY, PLAY, NARA～英語字幕版"
LhMxsV0FjRQzxclTaem0u,https://www.youtube.com/watch?v=SjDjdYN6kGg,EN,"Yamato Prays for the World～PRAY, PLAY, NARA～","This video introduces Nara's history & culture, nature, food, and safety & security.
Please enjoy viewing it.
大和の祈り～PRAY, PLAY, NARA～英語字幕版"
vpUw8SXQDOwdAOz_0sxO4,https://www.youtube.com/watch?v=TBvUjg2-uHs,EN,UKUJIMA,"This is a sightseeing movie which follows the path of TAIRA no lemori. His legend has been passed down to people in Uku for about eight hundred years.

We, the Uku Tourism Association, can give you information about our magnificent nature and significant history.
https://www.ukujima.com/

Director ：Tekkou Nogami
Cinematographer :Kouhei Matsumoto
Lighting :Yuto Nakashima
Sound engineer : Shota Kido
Assistant cinematographer :Yuki Takebe
Stylist:Go Ashihara
Hair & Makeup :Satomi Takatani
Producer : Asuka Nogami
Drone :Takayuki  Odawara
Writer :Mariko Kawabata
Title :灯優風　Ayuka

Translator：Aaron Jon Tatum/Shino Tsukiji 

Executive Producer:NIB
Planning:Ukumachikankoukyoukai"
GwhYIcrN_Ug3XKWm07Eqo,https://www.youtube.com/watch?v=pON1DCWELcI,EN,EAT & LEAD,"WEB SITE
https://etooto.jp/

食という扉から
その先に広がる世界をイメージする
自然の中で日々向き合い続ける人がいる
日々、食材と対話をする人がいる
目の前のその料理から、何を感じるでしょう
ひとりひとりの生き方を考えさせられる今だからこそ、
私たちは強く「食べること」の価値を信じたいと思うのです
ひとりひとりが向き合い、喜び、笑い合い、つながり合う
食べることが、私たちをかたちづくる

EAT & LEADは、
さまざまな食と向き合える機会をつくり、
ひとりひとりの本来的な幸せと成長へとつながるよう
リードし、伴走していきます。"
32QUQZsF--YIJIxyQXA-B,https://www.youtube.com/watch?v=A3CRpmtgpZc,EN,THE FACES OF SHIKOKU 3minutes English ver.,"This video is based on the concept of ""people"", ""nature"" and ""pilgrimage"" in Shikoku.

0:04 Komatsu Beach, Tokushima, Tokushima
0:21 Zentsuji Temple, Zentsuji, Kagawa
0:35 Watanabe's, Indigo dyeing, Kamiita, Tokushima
0:44 Mitaniseito hanesanuki, Wasanbon (fine-grained Japanese sugar), Higashikagawa, Kagawa
0:54 Yasui Valley, Niyodogawa, Kochi
1:05 SUDACHI FARM OHNAKA, Sanagochi, Tokushima
1:15 Udon Honjin Yamda-ya, Takamatsu, Kagawa
1:21 Tosawashi Inoue Artisan Studio, Japanese paper, Tosa City, Kochi
1:29 Tairyuji Temple, Anan, Tokushima
1:37 Doi Pearl, Pearl culture, Uwajima, Ehime
1:50 Chiiori, Miyoshi, Tokushima
1:57 Iya Valley, Miyoshi, Tokushima
2:05 Sunday Market, Kochi, Kochi
2:13 Ishizuchi Sake Brewery, Sake brewing, Saijo, Ehime
2:21 Kuroshio Kobo, Katsuo no tataki (seared bonito), Nakatosa, Kochi
2:29 Kochi Castle, Kochi, Kochi
2:36 Kainokawa Rice Terraces, Tsuno, Kochi
2:41 TANAKA Fish Farming Company, Sea bream culture, Uwajima, Ehime
2:48 Harbor Fan Museum, Marugame Fan, Marugame, Kagawa
2:53 Kuroda traditional hand-dyeing artisan, Flag & Banner, Uwajima, Ehime
2:58 Shikoku Karst, Ehime and Kochi
3:02 Takei Cape, Takamatsu, Kagawa

#Shikoku
#TourismShikoku
#ShikokuPilgrimage
#Tokushima
#Kagawa
#Ehime
#Kochi
#四国ツーリズム創造機構
#四国遍路
#四国八十八ヶ所
#徳島県
#香川県
#愛媛県
#高知県"
oaCLq4zRivMr1348gVnVb,https://www.youtube.com/watch?v=8q2U6rBkv_0,EN,A Journey to Satisfy the Five Senses: Kami Town - Nature's Colorful 'Taste',"We have created a promotional video for tourism based on the concept of 'A Journey to Satisfy the Five Senses: Kami Town.'
Please enjoy Kami Town through the elements of view (眺), sound (響), fragrance (香), taste (味), and healing (癒).
This video features the element of 'Taste' (味) and is 60 seconds long.

The filming locations featured in this video are as follows:
Kasumi Fishing Port - Selection of Matsuba Crab
Matsuba Crab
Muraoka Rice
Kasumi Crane
Komeji Miso
Kasumi Pear
Tajima Beef Barn and Steak Meat

Nature's Colorful 'Taste'  https://youtu.be/8q2U6rBkv_0
Heartfelt 'View'  https://youtu.be/R52yLfrcDQQ
Community-Engaging 'Sound'  https://youtu.be/I0OAs0jgL-g
Beautiful Earth's 'Fragrance'  https://youtu.be/OA9IevJ43mI
Peaceful 'Healing'  https://youtu.be/_7FOUIEytlg
90-Second Full Version  https://youtu.be/apLRgz9nSFU
15-Second CM Material  https://youtu.be/Qf3Wy8WX3R4
30-Second CM Material  https://youtu.be/72kilWohzbI"
9N1JLvSlmjkYTc0Q0rg76,https://www.youtube.com/watch?v=I0OAs0jgL-g,EN,A Journey to Satisfy the Five Senses: Kōbichō,"We have created a tourism promotional video based on the concept of 'A Journey to Satisfy the Five Senses: Kōbichō.'
Please enjoy Kōbichō through the elements of view (眺), sound (響), scent (香), taste (味), and healing (癒).
This video features the visuals of 'Sound' (響) and is 60 seconds long.

The filming locations featured in this video are as follows:
Fishing lights and starry skies
Yoshidaki
Yatagawa
Kasumi Fishing Port auction
Trains running on the JR San'in Main Line
Kasumi Coast
Okami Park

Nature's colorful 'Taste'  https://youtu.be/8q2U6rBkv_0
Heartfelt 'View'  https://youtu.be/R52yLfrcDQQ
The 'Sound' that enlivens the community  https://youtu.be/I0OAs0jgL-g
The beautiful earth's 'Scent'  https://youtu.be/OA9IevJ43mI
Peaceful 'Healing'  https://youtu.be/_7FOUIEytlg
90-second full version  https://youtu.be/apLRgz9nSFU
15-second CM material  https://youtu.be/Qf3Wy8WX3R4
30-second CM material  https://youtu.be/72kilWohzbI"
WTScOWfeW4laNK-W2hZvN,https://www.youtube.com/watch?v=_7FOUIEytlg,EN,A Journey to Satisfy the Five Senses: Kōbichō - A Peaceful 'Healing',"We have created a tourism promotional video based on the concept of 'A Journey to Satisfy the Five Senses: Kōbichō.'
Please enjoy Kōbichō through the elements of view (眺), sound (響), scent (香), taste (味), and healing (癒).
This video features the element of 'healing' (癒) and is 60 seconds long.

The filming locations featured in this video are as follows:
Yoshitaki
Chōrakuji Temple
Hall of Trees
Yatagawa Onsen
Daijōji Temple
Kasumi Coast
Kasumi Fishing Port
Shiokaze Kōen

Taste of Nature: https://youtu.be/8q2U6rBkv_0
Resonating Views: https://youtu.be/R52yLfrcDQQ
Sounds of the Community: https://youtu.be/I0OAs0jgL-g
Fragrance of Beautiful Land: https://youtu.be/OA9IevJ43mI
Peaceful Healing: https://youtu.be/_7FOUIEytlg
90-Second Full Version: https://youtu.be/apLRgz9nSFU
15-Second CM Material: https://youtu.be/Qf3Wy8WX3R4
30-Second CM Material: https://youtu.be/72kilWohzbI"
c82luq20aA1G6SK85EPNh,https://www.youtube.com/watch?v=IXr_pNqWwaQ,EN,ReVIEW!#Hida Takayama Kokufu Town,"Mr. Iemitsu Kitamura, chairman of the Kokufu Tourism Association, will introduce the charms of the town.
Kokufu Town is located in the northern part of Takayama City and is an area rich in history and nature. It has been a prosperous area since ancient times, with many cultural assets that can be seen, suggesting that it was the site of the Kokufu, the political center of Hidanokuni, over a thousand years ago. In this town, you can see many cultural assets and historical buildings, including many ancient tombs and excavated items from the Stone Age, as well as the Ankoku-ji Kyozo (national treasure) and the Enku Buddha handed down at Seiho-ji Temple, and is designated as a ""Japanese Heritage Site."" It also includes the cultural assets that make up the area. Through these things, you will feel a sense of nostalgia and warmth. It is also surrounded by beautiful mountains, allowing you to enjoy the scenery of each season. Especially in spring, the cherry blossoms in Sakurano Park are in full bloom, and the roads along the mountain village are dyed pink with peach blossoms, creating a beautiful scenery. This scenery is known as ""Peach Road"" and is loved by locals. Furthermore, there are many waterfalls dotted around the Utsue Shijuhachi Falls, which have a water source at an altitude of 1,200m, and you can enjoy trekking and picnicking among the clear streams and forests. Your time here will soothe your soul.
Please come to Kokufu Town.
(About 20 minutes by car from downtown Takayama)

#飛騨高山 #hidatakayama #高山 #takayama #岐阜県 #gifu #国府町
#kokufu #飛騨こくふ #宇津江四十八滝 #滝 #waterfall　＃滝めぐり #ハイキング #よそ八伝説 #四十八滝高原 #平滝 #上段滝 #王滝 #銚子口滝 #日本の自然100選 #岐阜県の名水50選 #飛騨・美濃紅葉33選 #岐阜県立自然公園 #弁財天 #子安観音 #薬師如来 #大日如来 #四十八滝不動明王 #ebike #斐陀国 #古墳 #こう峠口古墳
#亀塚古墳 #安国寺 #大平山安国寺 #安国寺経蔵 #国宝 #森林浴 #森林ハイク #山野草 #禅宗和様 #輪蔵 #金蔵獅子 #キンゾー #キンゾーくん #ツーリング"
GXtDYxHszUxsTOTXIeWd6,https://www.youtube.com/watch?v=LfSIguMk4q4,EN,[Official] Not Just Matsusaka Beef! 'Matsusaka Tourism Promotion Video' VLOG,"Not just Matsusaka beef! The historic townscape, merchant culture, and rich nature are all packed with wonderful attractions in Matsusaka City! Yuumi Kato, the 2018 Miss Universe Japan representative and Matsusaka City brand ambassador, introduces it all in detail.

▼ Table of Contents
1:03 Savoring the exquisite Matsusaka beef steak (Matsusaka Maruyoshi Kamata Main Store)
4:02 Canoeing experience in the natural beauty of Kakahigai (NPO i sierra)
5:37 Walking through the historic townscape with Matsusaka cotton (Waso-kan Yahata-ya)
6:35 Tasting at a long-established wagashi shop founded in 1575 (Yanagiya Hozen)
7:33 Experiencing the culture of a merchant town (Former Ozu Seisaemon House)
9:21 Hand-weaving Matsusaka cotton (Matsusaka Cotton Hand-Weaving Center)
10:42 Enjoying the exquisite sukiyaki with Matsusaka beef (Matsusaka Meat Ganso Wada-kin)

■ For tourism information about Matsusaka City, click here↓↓↓
Homepage
https://matsusaka-info.jp/
https://www.city.matsusaka.mie.jp/site/kanko/

Instagram
https://www.instagram.com/visit_matsusaka/

■ For the web article of this video, click here↓↓↓
Web Article
https://www.kankomie.or.jp/report/detail_1209.html

■ Featuring: Yuumi Kato / 加藤ゆうみ (2018 Miss Universe Japan representative, Matsusaka City brand ambassador)

■ Produced by: New End Co., Ltd.

■ Planned by: Mie Prefecture Tourism Federation, Matsusaka City Tourism Exchange Division"
WnOniJWsmf12ihSpdDD9S,https://www.youtube.com/watch?v=o29Jg5FFze4,EN,Umainjo (delicious)! Tokushima A Day in the Life of a Prefectural Office Staff,"An introduction to the tasty food of Tokushima through a day in the life of a prefectural office staff. 

うまいんじょ！とくしま～県庁職員のある一日～（英語）

Click here to subscribe↓
http://www.youtube.com/channel/UCmYNUoMI-QeohqbaJJco8Ng?sub_confirmation=1

Click here for tourist information of Tokushima↓
https://discovertokushima.net/en/
https://discovertokushima.net/cn/
https://discovertokushima.net/tw/
https://discovertokushima.net/ko/

Click here for Tokushima Awa Navi (tourist information) Instagram↓
https://www.instagram.com/tokushima_awanavi/?hl=ja"
4nJMN51uUB9Io0_gcgbzt,https://www.youtube.com/watch?v=48VovqpaX1Q,EN,"Artisans preserving traditional crafts, skills, and the future (English ver.)","Artisans preserving traditional crafts, skills, and the future  (English ver.)
匠が護る伝統工芸　その技と未来

Production support:
制作支援　
小浜市／福井県

撮影協力
若狭工房／妙楽寺／飯盛寺／四季彩館 酔月／加福漆器店／若狭姫神社 玉守神社 ／若狭の語り部　山口文温／古川若狭塗店
／羽田漆器店／宗助工房

主催
若狭工房

楽曲提供：アキラノスケ
logo design: tanemaki design

Cinematographer
小川　浩之(Photo＆Movie Create Augusta)"
fH0DLSG81XYd-efjtRwcc,https://www.youtube.com/watch?v=bUiymUAvqCs,EN,TOKYO AKASAKA HIKAWA Shrine,"Akasaka Hikawa Shrine, which counts a thousand years since its enshrined.

Deity
: Susano-no-mikoto, Kushinadahime-no-mikoto, Okuninushi-no-mikoto

In the past, Kushinadahime-no-mikoto was rescued by Susano-no-mikoto from the sacrifice of Yamata-no-Orochi, and later became the wife of Susano-no-mikoto. Okuninushi is the descendant of couple, and is also the main deity of Izumo Taisha as a national creation god.

It is said to have originated from Hikawa in Izumo Province, which was the stage for exterminating Yamata-no-Orochi. It begins when a monk who was traveling to Togoku in 951, in his dream, responded to the announcement from the deity when he spent the night at the present Akasaka 4th street and worshiped here.

After that, the shrine built by Yoshimune Tokugawa, the eighth shogun of the Edo Shogunate, escaped the former earthquake and war damage, and conveys the remnants of the time when it was built to the torii gate, guardian dog, and lantern.

QPJ home page
https://www.qpj.design

Instagram 
https://www.instagram.com/qpj.design/

Facebook
https://m.facebook.com/profile.php?id=102124014584213&ref=content_filter

関連動画-Related videos

出雲大社 - IZUMONO OH YASHIRO
https://youtu.be/2PxotkEHds4

出雲 日御碕神社 夕日の祭り - Sunset Festival HINOMISAKI Shrine in IZUMO
https://youtu.be/UtKFBq8pA30

熊野神社 伊邪那美(イザナミ)の道 - KUMANO Shrine The road of IZANAMI 
https://youtu.be/7cHrE5VaEcw

#日本 #東京 #氷川神社 #古事記 #歴史 #文化 #神話 #素戔嗚 #奇稲田姫 #大国主 #鳥居 #江戸 #神道 #徳川 #徳川吉宗 #赤坂 #神社 #関東 #観光 #出雲"
D9193aF-cu01AMH8fsrfw,https://www.youtube.com/watch?v=8xGyb_9fZr0,EN,"[Yamagata - Tohoku / Japan travel] The Kaneyama path, one hundred years of light","The Kaneyama path, one hundred years of light
Kaneyama Town 100th Anniversary Commemorative Video

－－－－－－－－－－－－－－－－－－－－－－－－－－－－－－－－－－－－－－－－－－－－

Kaneyama Town, Yamagata Prefecture, marked the 100th anniversary of its town administration on January 1, 2025.

Over these hundred years, some things were born and some were lost; some remain unchanged, while others continue to shift with each passing moment.

What kind of hundred years have the mountains, the forests, and the clear, flowing rivers witnessed?
Have the mythical creatures of this land watched over this century?
Standing where people reflect on Kaneyama’s hundred years, what winds do they feel, and what skies do they see?

In the autumn of 2024, we held the “Centennial Festival” to celebrate Kaneyama’s hundred years.

Leading up to that day, we traced Kaneyama’s four seasons and its changing townscape, explored the work and history of forestry and other local industries, and encountered the lives and words of the people connected to this town.

Join us as we look back with gratitude and forward with hope—carrying the light of a hundred years into the years to come.

－－－－－－－－－－－－－－－－－－－－－－－－－－－－－－－－－－－－－－－－－－－－

【撮影場所】
・田屋の一本桜https://maps.app.goo.gl/yANZStjw15WYvdo47
・大堰公園https://maps.app.goo.gl/qFsxDvMvWfuGjze46
・マルコの蔵https://maps.app.goo.gl/ycakxE83qjspoJ7m8
・交流サロンポストhttps://maps.app.goo.gl/Gs7G7cEXgm99aZHJA
・大美輪の大杉https://maps.app.goo.gl/htfHEeGHNPbEqR6M9
・竜馬山https://maps.app.goo.gl/CYqqc3HsvR29B7BU9
・旧明安小学校https://maps.app.goo.gl/GHMa4ij5A44htCdu7
・岩円地蔵https://maps.app.goo.gl/pkfzsAQtg6kbfcz57
・楯山https://maps.app.goo.gl/3f28yzrjNXBze5W56
・草々https://maps.app.goo.gl/DrLS5WDVkY76MZ1M6
・セラピーファームhttps://maps.app.goo.gl/fcjEbefVWUGLqDui6
・遊学の森https://maps.app.goo.gl/bgUsrHbs5zg8UJZ59
・一心堂https://maps.app.goo.gl/zihqabzuenkC3yBB6
・きごころ橋https://maps.app.goo.gl/x18QcTZV4sMRm3XWA
・グリーンバレー神室https://maps.app.goo.gl/r51tjU5d81UYbR6K6

※観光等が可能な場所のみを掲載しています。営業時間などについてはご確認ください。"
Lad4KLlIA-cLUQHXoj10G,https://www.youtube.com/watch?v=wXYnQGwVsuk,EN,おかやま日本遺産探訪7つのストーリーを巡る旅【full ver.】,This video guides you through seven sites related to Japan's heritage in Okayama Prefecture. Experience the ancient stories that transcend time and reflect on the history and culture hidden within these narratives.
FgPxR1RFtUdLqTtJS_--f,https://www.youtube.com/watch?v=d42C4JWc1u0,EN,Movie 'urar suye' Full Version,"A short film 'urar suye' (ウララ スエ) that allows you to experience the Ainu worldview alive in modern times, set in the Ainu Kotan of Lake Akan in Hokkaido, is now available.

【Story】
Yukari (xiangyu), who is active in music in Tokyo, was troubled and unable to fully believe in her potential as an artist. In the midst of this, Yukari is invited by her university classmate, dancer Saya, to visit the Ainu Kotan at Lake Akan in Kushiro (where 'Kotan' means 'village' in the Ainu language).

The Ainu Kotan is also known as the 'City of Creators,' where traditional wood carving, embroidery, songs, and dances are alive in people's daily lives. Furthermore, in the Ainu worldview, it is believed that 'Kamuy' resides in natural objects such as mountains, rivers, animals, and trees, as well as in natural phenomena like fire and thunder, and in tools. As Yukari explores the Ainu Kotan, she re-evaluates her connection to herself and the world by fully experiencing the presence of Kamuy in the daily lives of the people.

【Winter Edition cupki mawe is here】
https://youtu.be/SC5n7nuqLKk?si=fvN1rlarCZvvTT4w

【Credits】
Screenplay, Editing, Direction: Masashi Tokugawa

Cast:
xiangyu
Koharu Hiyori
Debo Akiba
Midori Yuka
Eiko Yamamoto
Fukiko Goukoun
Erika Katsuo

Producer: Yoshiyuki Date (Loftwork Inc.)
Co-Producer: Mengzi Xu (Loftwork Inc.)

Director of Photography: Sorai Nishioka
Camera Assistant: Keita Onishi
Sound Recording & Mixing: Takuya Kubo
Music: Ryo Takahashi
Hair & Makeup: Kayo Kawamoto
Production Support: Sora Kamide
Poster Design: ddd.pizza
Poster Still: Masashi Tokugawa
On-site Still: Ayaka Okawa
Nature Guide: Takeshi Yasui

Production: Kushiro City

Supervision: Akan Ainu Craft Cooperative

Planning & Production: Loftwork Inc.

Cooperation:
Akan Nature Center Co., Ltd.
Akan Lake Bus Center Co., Ltd.
Akan Tourist Shipping Co., Ltd.
Akan Lake Ainu Theater Ikor
Prism Co., Ltd.
Maeda Ippoen Foundation
Folk Craft Cafe Polonno
Hapo Store
Akan Mashu National Park Lake Akan Management Office (Ministry of the Environment)
Everyone at the Ainu Kotan of Lake Akan

This project is conducted under the commission of Kushiro City using the Ainu Policy Promotion Grant (Cabinet Office).

【Related Event】
A special screening of 'urar suye' will be held at the opening event of 'Akan Ainu Art Week 2024.'
The opening event of 'Akan Ainu Art Week 2024,' held at the Ainu Cultural Tradition and Creation Hall 'Onnechise' on November 23, 2024, will feature a screening of this work as part of the program. For more details about the Akan Ainu Art Week, please visit the website.
https://akan-ainu-artweek.jp/"
wX6dRDYu_OZYEVs2vlUoe,https://www.youtube.com/watch?v=nxlDCR3zZrU,EN,#16 Business Hotel Asahi Ichibankan (ビジネスホテルあさひいちばんかん) [Fukuno],"Business Hotel Asahi Ichibankan
〒939-1518 Toyama Prefecture, Nanto City, Matsubara Honmachi 1236
TEL: 0763-22-7070
https://travel.rakuten.co.jp/HOTEL/43919/43919.html"
-9hSypMYr6QGMIZJE2WZl,https://www.youtube.com/watch?v=D5UBkd1gSh8,EN,[Digest] Moment Capturer  ~It's gonna be your Stories~【MIE JAPAN】,"Learn more about Mie
https://www.kankomie.or.jp/en/report/index.html

【Mie Prefecture Tourism official site】
・English（英語）
https://www.kankomie.or.jp/en/
・Traditional Chinese（繁体字）
https://www.kankomie.or.jp/tw/
・Simplified characters（簡体字）
https://www.kankomie.or.jp/cn/
・Thai（タイ語）
https://www.kankomie.or.jp/th/
・Korean（韓国語）
https://www.kankomie.or.jp/ko/
・Japanese（日本語）
https://www.kankomie.or.jp"
sY4Xk7EloJfGakAmgoX6G,https://www.youtube.com/watch?v=2BEsYE0SHRE,EN,"Tourism Manners Video ""Fukuoka Travel Tips - Let's Experience the Charm of Fukuoka Together!"" (Simplified Chinese Version) Production","Please subscribe to the official YouTube channel of Fukuoka City. https://www.youtube.com/user/Fukuokachannel This video introduces Japanese culture and manners while touring Fukuoka's tourist attractions. The video is provided free of charge, so if you need it, please contact the Promotion Division (E-mail: promotion.EPB@city.fukuoka.lg.jp). #FukuokaCityHall #FukuokaCity #FukuokaChannel #Tenjin #Hakata #news #ニュース #official"
0p2YjxsrKAgUuWkACOfkP,https://www.youtube.com/watch?v=2Dcy6GDgnOg,EN,ISHIKARI STYLE ～SUMMER～（English）,"""Ishikari area"", where cities and nature coexist. 
It has lots of places with beautiful sceneries and fun experiences that is ideal to take those SNS photos.

We look forward to welcoming you to Ishikari area once COVID-19 is over.

○Facebook ""Ishikari Days -Hokkaido TabiGokoro-""
https://www.facebook.com/Ishikari-Days-Hokkaido-TabiGokoro--275800659492107/

#ishikaristyle

【制作責任：石狩振興商工労働観光課】"
mFhSHqEC_pTU09rKbQY2z,https://www.youtube.com/watch?v=l0cJe3T6PuE,EN,Jomon Prehistoric Sites in Northern Japan,"We present the charm of the assets within Hokkaido and the Tohoku region that are part of the World Heritage Site 'Jomon Archaeological Sites in Hokkaido and Tohoku'!

#北海道　#HOKKAIDO　#JOMON

【Production Responsibility: Environmental and Lifestyle Department, Cultural Promotion Division】"
-gjIBbpo0C8dVDsQIUOOU,https://www.youtube.com/watch?v=4RZ3bIz-C_s,EN,【屋久島】The Legend of Ashitaka | Yakushima (from Princess Mononoke),"A cinematic short film shot on Yakushima, the breathtaking island that inspired *Princess Mononoke.* Recognized as a UNESCO World Heritage Site, Yakushima is one of Japan’s most beautiful and mystical places, filled with green, moss-covered forests that seem to come alive. This film was inspired by the world and spirit of Princess Mononoke, reimagining what the legend of Ashitaka might look like if it were brought to life in the real world."
ZYY4-jEB-C4cejp7UHDyR,https://www.youtube.com/watch?v=T8Hr5hT4dBQ,EN,「はしとはしのはなし」ART&FACTORY JAPAN,‘The Story of Bridges’ ART&FACTORY JAPAN
6Z900z-ySfhfjymWzf67_,https://www.youtube.com/watch?v=5rABMKitsdk,EN,HATTASAN SONEIJI 'SAKURA' 2016 - 法多山 尊永寺の桜,法多山では、3月下旬から4月上旬にかけて境内の約500本のソメイヨシノが開花します。
IECKkxHBFfb5ObAkCMMVv,https://www.youtube.com/watch?v=O0MfCuFIRxc,EN,"Ise Shimaの桜（""SAKURA"" CherryBlossom in Ise Shima) 2024","伊勢志摩にある桜。
伊勢志摩には名所となる桜スポットが多くあります。
伊勢志摩の春を感じてみるのはいかがでしょうか。"
MOUKTVb0fhXZAcrINF4mW,https://www.youtube.com/watch?v=3tApQN7lh2k,EN,【秘境と絶景】こんな場所があったのか…。異世界のような神秘的な絶景を巡る旅！福岡県の都会のイメージを覆す、日本の原風景や歴史ある神社、神秘と絶景の宝庫だった。,"Provided by: Jackery Japan. The drive charger used: Jackery drive charger 600W. Jackery Black Friday Sale is on! From November 21, up to 55% off. The essential Jackery drive charger 600W is now available at a great price! Amazon product page: https://amzn.to/4olj9uF Official site product page: https://bit.ly/483smRR ▶ Sale venue: https://bit.ly/3K9oXJo"
hoWJGXGBRd_m5NEVwOa2a,https://www.youtube.com/watch?v=MDti6CTqktY,EN,【閑散期】冬の知床は楽しめるのか？秘境の絶景を求めたおバカの大冒険 / 北海道一周の旅！知床半島の絶景や温泉に道の駅 / 雪が積もる前の知床,"This time, we will visit the Shiretoko Peninsula, Japan's largest natural heritage site located in Hokkaido. Can we enjoy the Shiretoko Peninsula during the off-peak season when there are no tourists? Thus begins our silly adventure."
ZWpoYwS52QBvYIKhCzx0m,https://www.youtube.com/watch?v=0gOBQemHWPI,EN,【秘境と絶景】こんな場所があったのか…。神秘的な穴場の絶景をめぐる旅！北海道一周、神社のような異世界観や雄大な景色、穴場の温泉もご紹介！,"This time, we will explore the lesser-known scenic spots and hot springs in eastern Hokkaido! There seem to be many hidden scenic spots if you look for them, if only there were no bears...!"
oHlko2-UqrfvEMHc-pZ3i,https://www.youtube.com/watch?v=cZ43VlJrTW8,EN,【秘湯】山奥にポツンと佇む無料の温泉と100円で大自然の露天風呂を楽しめる温泉！100%源泉かけ流しの最高の秘境温泉/ 磐石温泉（混浴）と湯とぴあ臼別温泉 / 北海道一周の旅！,"This time, we will visit popular hidden hot springs in Hokkaido, which has the most hot spring areas in Japan! Enjoy the high-quality hot spring with 100% natural flow in an open-air bath surrounded by nature. Banshaku Onsen is free, and Yutopia Usabetsu Onsen is 100 yen! If you come to Hokkaido, be sure to visit 😊"
wRapw9yIwY6ikLMz9LRei,https://www.youtube.com/watch?v=2DglsOY4Q70,EN,【秘境と絶景】とんでもない秘境に現れる神秘的な異空間と超壮大で幻想的な絶景！穴場スポットを巡る北海道一周の旅！「苔の回廊・樽前ガロー・インクラの滝」,"This time we will visit the spectacular views around Lake Shikotsu and near Shiraoi Town in Hokkaido! Hokkaido is a treasure trove of nature, surrounded by magnificent nature that is different from the mainland. Why not enjoy Hokkaido in a way that is different from others? 😊"
7hl7yq5evlY2XLj5NNrBz,https://www.youtube.com/watch?v=VggzvKowhbU,EN,【秘湯の一軒宿】Stay at the highest altitude hot spring inn in Hokkaido with a spectacular view. Tokachidake Onsen 'Ryounkaku' and mystical sightseeing spots (Biei) / A journey through hidden places and breathtaking views,"This time, we will stay at the highest altitude hot spring inn in Hokkaido. From the guest rooms, a magnificent view spreads out, and there are many sightseeing spots in the surrounding area."
bKzstKIcRZungcuj0H-o-,https://www.youtube.com/watch?v=41Ybr7zMq2k,EN,【秘境と絶景】誰も来ない徒歩3分の絶景と山奥の秘境に突如現れる神秘的な穴場スポット！北海道小樽周辺の観光スポット、穴滝と盤ノ沢滝,"Provided by ADO Corporation Official HP https://adoebike.jp Special discount code: watatabi ADO (10,000 yen OFF) Enter 'watatabi ADO' on the coupon code input screen to apply. Link: http://bit.ly/46H1Qi1 This time, I will visit Hokkaido by ferry from Niigata Prefecture. I will introduce thrilling scenic spots that are more exciting than the usual tourist spots in Otaru! *Since this is a habitat for brown bears, please proceed at your own risk. This is the beginning of a journey to explore the unknown charms of Hokkaido."
nQGQOMlcuVwgXf7U4ISE1,https://www.youtube.com/watch?v=VCR6gUKXNwI,EN,【Meijiから続く秘湯】山奥にぽつんと佇む無料の温泉。抜群の泉質を持つ乳白色の露天風呂。24時間利用できる知床半島の秘湯「川北温泉」北海道の秘境と絶景を巡る旅,"This time, we will visit 'Kawakita Onsen' located at the base of the Shiretoko Peninsula in Hokkaido. It is a historic hidden hot spring that has been around since the Meiji era. It is a valuable outdoor bath that is well-maintained and free to enter."
iE66aC6nrw9Y8JNaoYvfK,https://www.youtube.com/watch?v=MAZMN0am-J4,EN,【秘境と絶景】観光客が知らない大分の穴場スポットを巡る旅！異世界のような神秘的な滝や神社に洞窟…大分県の秘境と絶景,"This time, we embark on a journey to explore the hidden gems and breathtaking views of Oita Prefecture. Starting from a castle town, we unexpectedly discovered a gigantic cave on the way to our next destination... Beyond that, stunning views continued to unfold, making it a memorable trip to Oita."
no8exv9N9VYvwB1PIOLT9,https://www.youtube.com/watch?v=7TlfeiQHOEo,EN,【穴場の隠れ宿】山間に佇む一軒宿で静かな時間を楽しむ越後の秘湯！秘境の絶景と新潟県の温泉旅館「嵐渓荘」,"This time, we will stay at a hot spring inn located by a mountain stream in the depths of Niigata Prefecture. The inn boasts rich nature, rich hot springs, and delicious dishes made with local ingredients. It is a hidden gem popular among those who know it, and the private outdoor bath where you can bathe in nature is exceptional! We will also stop by hidden spots in the wilderness on our way."
ScQS7SRyKOBrBP8XvBGwk,https://www.youtube.com/watch?v=SdG2Bsy-4Zg,EN,【秘境の一軒宿】電波も電気もない岐阜県の山奥にポツンと佇むレトロな温泉宿でノスタルジックな時間を過ごす。絶景と秘湯、ランプの宿 渡合温泉,"This time, I will stay at the one-inn 'Lamp Inn Wataoi Onsen' located in a hidden area of Gifu Prefecture. In the great outdoors where electricity and radio waves do not reach, you can enjoy meals, soak in hot springs, observe stars, and experience extraordinary moments that cannot be enjoyed in modern times."
bgUyz7hH8DOduwCg4HfM5,https://www.youtube.com/watch?v=RWEJo741lHM,EN,【まるで異世界】民家の横に驚愕の壮大な絶景！鳥取県の奥地に眠る、神秘が宿る4つの秘境絶景スポットを巡る旅。,Summer sale is now on at the official store!
GClrbb3WzfSje6Qdl6IpV,https://www.youtube.com/watch?v=Kf1F6fGzpE8,EN,【穴場の絶景】三重県の意外と知らないレトロな街並みと絶景の離島、歴史と絶景を巡る旅。ノスタルジックを感じる鳥羽市の秘境「神島」,"▶︎ Drone used this time: HOVERAir X1 Smart
Amazon is holding a Prime Day!
HOVERAir X1 Smart perfect set and more are up to 25% OFF (22,920 yen off)
Dedicated URL: https://amzn.to/3TMs9f8
Period: July 11, 2025 (Friday) 0:00 - July 14 (Monday) 23:59

* When using and shooting, please check the no-fly zones and local laws in advance, and use it in other safe places.

This time, I went to the island of "
ng30ExBQOOW-BPpviEfvV,https://www.youtube.com/watch?v=cqnck6XPJp0,EN,【秘境と絶景】誰も行かなさそうな穴場の絶景を巡る！温泉に入るためだけに汗をかく旅！神秘的な絶景と人吉温泉！熊本県人吉観光スポット,"This time, we will tour the breathtaking views in the southern part of Kumamoto Prefecture to enjoy the best hot springs! These are minor tourist spots that don't seem to attract many visitors, but they are worth a visit. Be sure to check them out."
3aiIdtRgWdAVjbQLmryw4,https://www.youtube.com/watch?v=91yca_edQwM,EN,"【渓谷の隠れ宿】A Hidden Inn in the Valley: A Hot Spring Ryokan with Open-Air Baths in One of Japan's Best Kept Secrets! A Journey to the Iya Valley in Tokushima Prefecture, Visiting Scenic Spots and Hidden Views!","This time, we will stay at an inn located in the Iya Valley, one of Japan's three great hidden areas! The Iya area boasts magnificent nature, and the ryokan is a luxurious retreat with open-air baths in every room! The hearty gourmet meals enjoyed around the irori are the best! This is a ryokan you definitely want to stay at 😊"
PDq2ox9fZWye9QqT5Zi1b,https://www.youtube.com/watch?v=KDklSdfeOic,EN,【穴場の絶景】たった徒歩10分で行ける和歌山県の驚愕の絶景スポット！市街地からすぐの穴場、秘境の絶景を巡る旅‼︎ 白浜周辺観光スポット「ひき岩群」と「新西国三十三番霊場めぐり」,"◾️ Drone used this time: HOVERAir X1 Smart

The HOVERAIR X1, weighing 99g and requiring no application or registration, was launched in 2023 and has been selected as 'The Best of CES 2024' by The New York Times, and is currently loved by users around the world!

GW Campaign is now on!
1. Location: Official site http://t.hoverair.com/gViJgx  
2. Usage period: April 24, 2025 (Thursday) - May 7, 2025 (Wednesday)
3. Campaign benefits: For those who purchase any type of HOVERAir X1 Smart series, we will give away one battery and one dedicated case.

*When using and filming, please check the no-fly zones and local laws in advance, and use it in other safe places.

This time, we will visit the scenic spot 'Hikiwa Group' in Wakayama Prefecture!
If you take the shortest route, you can see the breathtaking view in just a 10-minute walk! 😳
It's an easily accessible scenic spot, so I hope you visit it!"
JjAYWWTyMdimNRxA38eGw,https://www.youtube.com/watch?v=1eOwhl2d5TA,EN,"【60,000人の建設人員】山中に佇む、下呂温泉で最も格式高い巨大な温泉旅館！温泉街を一望できる絶景の一軒宿「湯之島館」と周辺のレトロな観光スポットを巡る旅！（郡上八幡、新宮神社、大滝鍾乳洞、）岐阜","This time, we will stay at 'Yunoshimakan', which stands alone on a high ground in Gero Onsen, Gifu Prefecture! With its heavy exterior that has marked history and retro interior, it offers a mysterious space that is unimaginable from the outside! It is a quiet inn where you can spend peaceful time in the busy Gero Onsen. We will also visit the surrounding tourist spots."
S6Na7U9hfRK5npyqNZjJY,https://www.youtube.com/watch?v=PqLweyYcB8A,EN,【タイムスリップ】ひなびたレトロな温泉街に一際輝く温泉旅館「積善館」に宿泊！四万温泉を目指してSUBAROADで群馬県の観光スポットを巡る旅！,"""Always take a different road, go further than usual."" A driving app for SUBARU owners, 'SUBAROAD' ● Here is the official site of SUBAROAD https://sdi-lab.jp/subaroad/ ● Download the app here iOS: https://apps.apple.com/jp/app/subaroad/id1554440317 Android: https://play.google.com/store/apps/details?id=jp.co.subaru.subaroad&pli=1 Shooting course Kanto area Gunma: Aiming for Shima Blue! In the middle of Gunma, colorful winding! Shima Onsen Sekizenkan official site https://www.sekizenkan.co.jp/ Rakuten Travel https://a.r10.to/heEz6h This time, I used the free new sensation app 'SUBAROAD' to go to Shima Onsen in Gunma Prefecture!! It is a quirky driving app that tells you about history, attractions, and even photo spots 😂 You can enjoy a different drive than usual! And I stayed in a special room at 'Sekizenkan', which is said to be the model inn for 'Spirited Away' ♨️ It was the best hot spring inn that made me want to come back again after a long time!!"
46Sc6600N_zkx7azjOS4c,https://www.youtube.com/watch?v=iKQ2C7X-c0o,EN,【穴場の隠れ宿】22時間滞在できる秘境に佇む小さな温泉旅館で静かな時間を楽しむ大人の休日 / 贅を極めた美食と絶景スポットを巡る旅 in 山梨県南部町「船山温泉」,"This time I stayed at a small hot spring inn ""Funayama Onsen"" located in the mountains of Nanbu Town, the southernmost part of Yamanashi Prefecture. It is a recommended hot spring inn for those who want to spend quiet time away from the hustle and bustle of the city without worrying about the clock. Since it is located in the mountains, it is surrounded by mountains and streams, and the only sounds you can hear are those of nature. Meals are served in private rooms, and there are also private baths where you can spend your time leisurely."
s1zYoIPHsomXalvancsmQ,https://www.youtube.com/watch?v=NqltXBgK6LI,EN,【奥座敷】豪雪の絶景とひなびたレトロな温泉地 / 日本一深い混浴に最高のノスタルジックな一軒宿！「鉛温泉」藤三旅館 / 温泉と岩手県の秘境絶景スポットを巡る旅！,"This time, we will visit the 'Fujisan Ryokan' at the Nanayu Onsen in Iwate Prefecture. It is a single inn located in the Hanamaki Nanayu Onsen Valley, with a history of over 600 years. We will stay in the main building, which has a heavy wooden structure that cannot be replicated in modern times. You can spend a quiet time enjoying the scenery and the Japanese atmosphere."