id,content_url,language,title,description
e9_KhFd4K57UrTtSjFS-X,https://www.youtube.com/watch?v=tvwnNAj9F-4,EN,【4K】Kuribayashi Park PV 2025（フルバージョン）,
tv82u3JQLLit9J7LXyoMg,https://www.youtube.com/watch?v=pZZ2uZfYyaM,EN,【4K】Ritsurin Garden PV2025（フルバージョン）,
zidSEreT8ncqPPLkRvf-T,https://widgets.bokun.io/online-sales/1288269e-9795-4a81-a368-681df893ae2f/experience/989222,EN,Samurai Experience (Kyudo - Archery and Katana) in Tokyo,"Try to travel back in time and become a fierce Japanese warrior with this indoor activity in the heart of Tokyo. Learn the 弓道 (kyūdō), an art of archery, and 刀 (katana) usage, unique for Japan. Explore the war strategies and dive deep into the mind of a samurai. "
lzQyzmOYbWYvyxNEC1a_k,https://www.youtube.com/watch?v=c22i3RNxb_o,EN,【4K】Kuribayashi Park PV 2025（ダイジェスト版）,
g1c7CrpiNz0xurIWkMSdo,https://www.youtube.com/watch?v=kmg9mZaUDws,EN,すだれスクリーン,
AYYK8hGZHCXDdNB06zEls,https://www.youtube.com/watch?v=kA4uHRGqs4Y,EN,【4K】栗林公園 PV2025（ダイジェスト版）,
bjDo-xIdqEM6KTvWha6bW,https://www.youtube.com/watch?v=lvNcxj9TUIc,EN,盛岡,
r-K3QuB3ltfkp5v8BCCa4,https://widgets.bokun.io/online-sales/1288269e-9795-4a81-a368-681df893ae2f/experience/1104875,EN,瞑想G,"The monk of Zenkouji, Kaiji, will guide you through a meditation experience. Beginners are more than welcome, with detailed explanations and breathing techniques provided. Experience the Buddhist meditation ritual to compose yourself."
yBfbEbtvk1K5hLItd4ZYF,https://www.youtube.com/watch?v=PmxoJkj-XT8,EN,蹴鞠_KEMARI　Japanese Football in Kyoto,"You can experience Kemari in Kyotanba Town, located in the central part of Kyoto Prefecture."
DtkVl1MannuuAD6tktIXH,https://www.youtube.com/watch?v=MBokt3iOZ2Q,EN,MIYAMOBI 宮島地区,
4-6pLvCmcdFAE8NVGEZha,https://www.youtube.com/watch?v=7WtGl0gyFD0,EN,MIYAMOBI平屋地区,
Ao5DxoEmfdazizJ7cPnIN,https://www.youtube.com/watch?v=_15DJpBHROo,EN,MIYAMOBI 秋,
7xrvxXAMvTEQk6SW6sDKz,https://www.youtube.com/watch?v=9P3f3Oh-ClU,EN,SKY HOP BUS ぐるっと森の京都〈京丹波編〉,
X2da4vyNI6GlK17tdJInQ,https://www.youtube.com/watch?v=onhhVUum4-M,EN,SKY HOP BUS ぐるっと森の京都〈亀岡編〉,
A_2Op6Gz3ted1rnGCsfCV,https://www.youtube.com/watch?v=Q8NtVfm-feU,EN,SKY HOP BUS ぐるっと森の京都〈南丹編〉,
U2GCYwqU2uTxIGwREeGBa,https://www.youtube.com/watch?v=VcdK2R4Tqqk,EN,Shimokita Peninsula - GEO DINING SHIMOKITA - 台湾版,
569R7u-U38W9jD9HH37WT,https://www.youtube.com/watch?v=qI1Czc9I4BM,EN,Let's Go on an Island Trip in Kagawa!,世界に誇る瀬戸内の自然を感じるクルージングの旅。チャーター船で瀬戸内の島々をアイランドホッピングしよう！
NSw2uhs298i_bgXpFZwhZ,https://www.youtube.com/watch?v=GACgEWJIPQU,EN,사계절 여행을 떠나자! 우동현 [15min],この動画は香川県のプロモーション動画です。
jJG3wti_6NYrMFdBYMPAy,https://www.youtube.com/watch?v=LCrEUDVG0nI,EN,사계절 여행을 떠나자! 우동현 [3min],この動画は香川県のプロモーション動画です。
j1wm6DOu_g7rDbAKGHCRz,https://www.youtube.com/watch?v=gsQ4Ofd3AyQ,EN,사계절 여행을 떠나자! 우동현 [1min],この動画は香川県のプロモーション動画です。
rMt3bSDqJErLyjflk5ex9,https://en.japantravel.com/miyagi/the-white-rock-of-shiroishi-city/68199,EN,"The ""White Rock"" of Shiroishi City","Shiroishi City in southern Miyagi is renowned for its reconstructed castle, samurai history, special 'umen' noodles, and the enchanting Zao Fox Village. While exploring attractions and savoring local cuisine are popular activities, researching the origins of the place names offers valuable insights into the history and thoughts of past pioneers. Shiroishi (白石) translates to 'White Rock,' and this rock still exists in a small chained-off enclosure. Located just a 5-minute walk from City Hall or a 10-minute walk from Shiroishi Castle, the rock is accompanied by a pine tree and a historical marker. The 'white' rock is actually ash gray, having weathered the elements for centuries. Standing at 0.47 meters tall and 1.05 meters in diameter, it is considered a resting place for a matchmaking deity. The city is linked to a larger white rock in Neno-Shiroishi, located about 55km away, where prayers for good marriages are said to be fulfilled."
wi9NV9dNdhtK7pLZDjPsK,https://en.japantravel.com/miyagi/sendai-s-flagship-street-food-hyotan-age/68196,EN,Sendai's Flagship Street Food: Hyotan,"Without a doubt, one of Sendai's must-try street foods is 'hyotan-age'. This delightful snack consists of deep-fried fish balls skewered on a stick, offering a crispy exterior and a soft interior. Served with a swirl of optional ketchup, it resembles an American corndog in texture. You can find hyotan-age at Sendai Station near the tourism information center or at the original Abe Kamaboko shop at the end of the CLIS Road shopping arcade. For just ¥250, this portable snack is perfect for a break during shopping. And if you find the word 'あたり' on your stick, you are a 'winner'!"
vWlInbJZpm-PWtHEXiRE5,https://www.youtube.com/watch?v=pzqDc84M7uo,EN,Traveling Through the Seasons in Udon Prefecture.,香川県には、四季折々の魅力があります。
DN4fpcD1vHsjx8B0KuqNB,https://www.youtube.com/watch?v=xb7kt5z_H6c,EN,イントロダクション,"A video exploring the great nature, traditions, culture, and the lives of people in the six towns of Mori no Kyoto (Kameoka City, Nantan City, Kyotanba Town, Ayabe City, Fukuchiyama City, and Ukyo Ward, Kyoto City). In the introduction, Yuko Ichinose, who lives in Ukyo Ward, Kyoto City, embarks on a journey to find the cabin deep in the forest where she lived with her grandparents when she was young."
ajQEHDZtHN2MyZdClnCJJ,https://www.youtube.com/watch?v=YsFzbwkVNhs,EN,Open Okayama Castle [Trailer Video],"■ 予告編映像 ■

この少女は誰じゃ？
この歌声は誰じゃ？

9月14日（水）
新しい #岡山城 が見えてくる。
ムービー、イベント情報、その全貌をご覧あれ。
●詳しくは https://kin-ujo.jp/"
CGrFWIgEaSV36ahPV-N3L,https://www.youtube.com/watch?v=lXWk2HnhsMQ,EN,"MAIZURU,特別クルーズ","This is a special tour of 'Maizuru Bay Sightseeing Boat'. Here, we have set up a special course focused on a tour of escort ships for fans of a particular game/anime. We will continue to plan special cruise from time to time in the future, so please look forward to them."
mNfPPRPa63CL8wT0RnCE6,https://www.youtube.com/watch?v=K0igPZ1uVEo,EN,知らなきゃ損！愛知観光で行きたい感動ドライブ7選【穴場＆絶景】,"Please use this as a reference for your trip or sightseeing in Aichi Prefecture. This time, we will introduce driving spots in Aichi Prefecture. If you have any recommendations that are not mentioned in this video, please share them in the comments section!"
zJ1tbowDP6ss0LS8pCNHN,https://www.youtube.com/watch?v=hYKMatqW9qc,EN,島を継ぐの手紙,
WXyEKQ-K1v_HGzOU9rIon,https://www.youtube.com/watch?v=osawxA_JwMM,EN,a letter from  ~島に添う~,
Q3_mGW68H6qo5y4q1n6yT,https://en.japantravel.com/tokyo/nakiryu-ramen/53990,EN,Nakiryu Ramen,"Nakiryu Ramen (創作麺工房 鳴龍) is a Michelin-starred ramen restaurant located in Tokyo's Otsuka district. Opened in 2012, it quickly became one of Tokyo's best ramen shops, earning its Michelin star in 2017. Nakiryu offers a variety of ramen options, including shoyu, shio, and their signature tantanmen, known for its creamy, spicy broth and handmade ultra-thin noodles. The basic tantanmen starts at ¥900, with spicier and sourer variations available. Open from 11 am to 3:30 pm, closed on Tuesdays, Nakiryu is just a 6-minute walk from Otsuka Station. Don't miss the chance to experience this culinary gem!"
QMsC_LaDhAU_MM637drRO,https://en.japantravel.com/shimane/youmeiji-temple-tsuwano/38930,EN,"Youmeiji Temple, Tsuwano","Youmeiji Temple (永明寺) is a thatch-roofed temple located 15 minutes from Tsuwano Station and 10 minutes from the old town center. I visited in early summer and felt a refreshing breeze from the tall trees and thick forest after climbing the stairs to the temple. The entrance features a tall gate that once marked the boundary between the merchant town and samurai residences. The temple is quiet, allowing weary travelers to relax. Behind the temple is a small but beautiful garden. Built in 1420 by the Yoshimi clan, it served as the family temple for domain lords until the Meiji Restoration. The graveyard in front includes the resting place of Ogai Mori, a prominent Meiji period writer. A unique hollow fish sculpture serves as a silent alarm for the priests, adding to the temple's serene atmosphere. This is a place worth visiting."
jMNyE8Y6CarHmtG1Dn8u-,https://www.youtube.com/watch?v=fITT75s9aBw,EN,Fukushimaを食べ尽くす！注目のラーメングルメ7選【Fukushima Travel/Gourmet】,"Please refer to this for your travel and sightseeing in Fukushima Prefecture. This time, we will introduce ramen gourmet from Fukushima Prefecture. If you have any recommendations that are not mentioned in this video, please share them in the comments section!"
sImD44HikDAZw81ZGFoiP,https://www.youtube.com/watch?v=dP3O_mkqTwc,EN,森の国 LET'S BE FRIENDS（English）,https://etooto.jp/
KVKRqKeISJHuZEhKGcOAB,https://www.youtube.com/watch?v=-fSpWXX-6ag,EN,"Spring in Maizuru, Kyoto",京都北部地域の舞鶴市。美しい山々に囲まれた、海のまちです。多くある桜の名所をご紹介します。
aiUWc1a___4PQOD36ZUAu,https://www.youtube.com/watch?v=tGb0NlR6c-s,EN,暮らしのそばに、ほら世界。,https://etooto.jp/
Js38izp58LyAeqinwQgkL,https://www.youtube.com/watch?v=UuP7beoce1A,EN,Maizuru Brick Park Introduction Video,京都　舞鶴赤れんがパークの紹介VTRです。
kB0zeyK34RUBVBerLhgGX,https://www.youtube.com/watch?v=YCjbJvwsbmc,EN,ART&FACTORY JAPAN トレーラー,WEB SITE
canMTc7FUODVept-Fqlpx,https://www.youtube.com/watch?v=DObd-hKWo0g,EN,THE ROOTS #05 人に伝えたくなるメロン,WEB SITE
4Kd0dDHdyEqR6piEnRzPK,https://www.youtube.com/watch?v=UnyV8lpSNZI,EN,THE ROOTS #02 一年で嫁ぐにんにく,WEB SITE
_jLmxjzjXnzQUAP5LWXYU,https://www.youtube.com/watch?v=8NKUOldZ18U,EN,ジオダイニング下北,WEB SITE
fd-rc18Tw30kZjQFYMp4z,https://www.youtube.com/watch?v=PIqmU-6i4IE,EN,【Ibusuki City】Katsuobushi〈Bonito Flake〉 factory tour（鰹節工場見学）,"～Katsuobushi (Bonito Flake) factory tour～
Observe the bonito flakes manufacturing process, enter the -50℃ freezer, sample bonito flakes and bonito soup."
dk0WSbrapimv8_gniiqx4,https://www.youtube.com/watch?v=nBKCuZWilxk,EN,KIPPUSHI -WATER NEIGHBORHOOD- 盛岡市木伏緑地,WEB SITE
wBFhFHlPAWo0BXw8_pqbY,https://www.youtube.com/watch?v=NIOh50qObtQ,EN,筏下り【北山村】夏限定！！＃和歌山＃和歌山観光＃和歌山旅行＃wakayama＃visitwakayama＃wakayamatrip＃和歌山ドライブ＃おすすめスポット＃和歌山デート＃北山村＃筏下り,
ULw4cc1AypfVuYpu2YM4k,https://en.japantravel.com/tokyo/gyorai-ramen/32940,EN,Gyorai Ramen,"Gyorai Ramen (本枯中華そば 魚雷) is a unique ramen shop located in Bunkyo, Tokyo, that opened in 2010. Its standout feature is the use of coffee siphons for soup preparation, which maximizes the smoky flavor from dried bonito. The ramen is served in a 'deconstructed' style, allowing customers to choose their toppings and customize their dish. The basic ramen starts at ¥730, with options for deluxe (¥930) and grilled (¥1,030) versions, each offering a variety of toppings. The soup is made from Aomori jidori chicken, Akaniwatori chicken from Kagoshima, and pork, blended with kombu and various fish flavors. With its innovative cooking method and high-quality ingredients, Gyorai Ramen is a must-visit for ramen lovers."
NsMcT23EzNSJOaMF047I2,https://en.japantravel.com/tokyo/sunny-hills-at-minami-aoyama/32939,EN,Sunny Hills at Minami,"Located in the glitzy neighborhood of Omotesando, Sunny Hills (微熱山丘) is a pineapple cake shop housed in a stunning wooden structure designed by renowned architect Kengo Kuma, completed in 2013. This architectural marvel utilizes over 5000 meters of timber and traditional woodcrafting techniques without any nails. Visitors can freely explore the three-story building and enjoy a complimentary pineapple cake, 'Sunny Delights,' along with tea on the second floor, embracing Taiwanese hospitality. It's a perfect spot to unwind away from the bustling Tokyo coffee shops, offering a unique experience in a serene atmosphere."
Q7I2loNQxrRwVxIUV3NYF,https://www.youtube.com/watch?v=bzLMHPD5Jck,EN,Wakayama 'Honmamon' Outdoor,#和歌山 #ほんまもん #アウトドア #キャンプ #アクティビティ #旅行 #温泉 #自然
XhHFSGxjMZavfoZxUS1ky,https://www.youtube.com/watch?v=wnIdRMcbOUs,EN,【指宿市】長太郎焼陶芸体験・白薩摩絵つけ体験,"～Chotaro ware pottery experience～
Hand-made pottery for cups or plates (finished product will be delivered after 1 month)

～White Satsuma painting experience～
Paint on a cup or plate (work will be delivered after 1 month)"
6p203NcTdFhTw3XNc4gcg,https://www.youtube.com/watch?v=-j45L2Z-JP4,EN,【Ibusuki City】Seiryuji Temple Cultural Experience（青隆寺）,"Walking around Seiryuji garden, sutra copying experience, meditation experience"
S41tN1KlF2fz-CbK1BzTH,https://en.japantravel.com/saitama/the-1300th-anniversary-of-koma/28753,EN,The 1300th Anniversary of Koma,"In 2016, Koma in Hidaka City, Saitama, celebrates its 1300th anniversary. The name Koma (高麗) is also associated with Goguryeo, an ancient kingdom. The Nihon Shoki records the arrival of Jakko, an envoy from Goguryeo, in Japan. In 716 A.D., Jakko gathered 1,799 Goguryeo refugees and settled them in the Musashino Plain. After his death, the Koma Shrine was built in his memory. Exciting events are planned for May 21-22, 2016, including a memorial concert and the Rainbow Parade, where participants will wear colorful Korean-style clothing, commemorating the arrival of the refugees. A giant pot of Koma Nabe will be served at the end of the parade."
249wc_RheiYMqdbBvm1iG,https://www.youtube.com/watch?v=13hWe3Tuz3c,EN,Celebrate Tomonoura Together -フランス語-,WEB SITE
N6iKDAgaNN5zZImU2PtC2,https://www.youtube.com/watch?v=PKjZWUtrmI0,EN,鰻温泉散策と蒸し料理,"Ibusuki City, Kagoshima Prefecture
~Unagi Hot Springs and Japanese-style steamed dishes (sume)~
Walking guide, cooking food in hot springs"
RBQY6K9oBFOzaGvD2L1AN,https://www.youtube.com/watch?v=5Zv1loL0RRY,EN,Tham quan nhà máy Katsuobushi（鰹節工場見学）,鹿児島県指宿市での鰹節工場見学。鰹節の製造プロセスを観察し、-50℃の冷凍庫に入れ、鰹を自分で削り、鰹のスープを飲む体験ができます。
gJeXvZ_AJpGcqFWm0woHh,https://www.youtube.com/watch?v=uQryjml8iII,EN,Taste Tomonoura Together -フランス語-,WEB SITE
Hr76ZaYK8hsjQ9FZtQwrP,https://www.youtube.com/watch?v=HntieAk8nno,EN,Ibusuki Moto Yu Onsen,いぶすき元湯温泉は指宿温泉を代表する老舗の公衆浴場です。近隣には宿泊施設や砂むし温泉もあり、観光客の方も路地散策を楽しみながら立ち寄ることができます。
64o6HXdTeFaognYa9xgQ7,https://www.youtube.com/watch?v=0C1WMpqqk9I,EN,Discover Tomonoura Together -フランス語-,WEB SITE
vMjR_5x_poHBno5nLTJz2,https://www.youtube.com/watch?v=x53uKakwxEo,EN,ともによろこぶ Celebrate Tomonoura Together  -English-,WEB SITE
XnPeFmMNxt5IOPEC3Rk4A,https://www.youtube.com/watch?v=dx4cl2dd2cs,EN,ともにいただく Taste Tomonoura Together  -English-,WEB SITE
lyYnZngogEKYBvL10Er7G,https://en.japantravel.com/chiba/japan-drugstore-matsumoto-kiyoshi/25557,EN,Matsumoto Kiyoshi,"Japan is renowned not only for its high-tech gadgets but also for its excellent cosmetic brands and quality medicines. In Tokyo, you can find numerous drugstores, with Matsumoto Kiyoshi being the largest chain. It offers a wide range of both Japanese and international cosmetics and medicines, making it a perfect shopping destination for beauty-conscious customers. Brands like Shiseido, Kose, and Maybelline are available, along with testers for customers to try before they buy. Additionally, Matsumoto Kiyoshi stocks various products, including food, pet supplies, and toiletries. The store is easily recognizable by its vibrant blue and yellow signage, featuring the kanji for 'medicine' (薬) prominently displayed. Shopping at Matsumoto Kiyoshi promises to be a delightful experience."
S3wwp4TshfAwMKAM8l59E,https://www.youtube.com/watch?v=g2xZg7eip9o,EN,Discover Tomonoura Together -ともにたのしむ,WEB SITE
1JnZp7hDiPBQRPGmdtEzu,https://www.youtube.com/watch?v=wic97tQCdkc,EN,TOMONOURA 日本遺産 -FRANCAIS-,
6GU69bqkedgoJOdH8xRPJ,https://en.japantravel.com/miyagi/kameki-sushi/18619,EN,Kameki Sushi,"Kameki Sushi (亀喜寿司) is celebrated as one of Japan's top sushi restaurants, frequented by the elite when they travel north of Tokyo. It is featured on the local government's 'Sushi Road' for serving fresh fish from the Shiogama fish markets. With over 80 years of history, Kameki Sushi has grown alongside the success of Shiogama's fishing industry. The menu offers a wide variety of options, including set menus (from ¥5,200), chirashi, nigiri, maki, and sashimi. A highlight is the egg cake with surimi (¥300) from their unique dessert menu. Seasonal specialties abound, showcasing the rich marine life off the East Japan coastline. A visit to Kameki Sushi is a must for sushi enthusiasts traveling through Miyagi Prefecture."
1V1Lwr_BirMMPgYDonKbj,https://www.youtube.com/watch?v=CzcnjsFu4QM,EN,AIZU LAMPLIGHT 末廣酒造,
Do_NmwkdNOD6yLCDiKD4x,https://www.youtube.com/watch?v=kWTavw8nTdA,EN,AIZU LAMPLIGHT 鶴ヶ城,
-v0jFijc2TCr3JrBSeNzR,https://www.youtube.com/watch?v=GjmKp40Y-c8,EN,AIZU LAMPLIGHT 渋川問屋,
nidd6FzCLz8FJKkHJR5AO,https://www.youtube.com/watch?v=hkhlbXGQGQ4,EN,AIZU LAMPLIGHT  七日町駅,
M_2OnyRVeyvXWuG9fi02-,https://www.youtube.com/watch?v=kCjwQ_u1oXQ,EN,Shikoku Mannaka Gachi Hikyō Monogatari,徳島県立池田高校の探求科の生徒たちが、にし阿波を舞台にした修学旅行のPR動画を制作しました。祖谷地方を舞台としたこの修学旅行プランは、高校生たちの熱い地元愛が込められています。豊かな自然が創り上げた壮厳な景色、アクティビティをあなたも肌で体感してみませんか？
zNW_eBWNmvqZpXK0S0kEc,https://en.japantravel.com/saitama/%E5%B7%9D%E8%B6%8A-%E8%8F%93%E5%AD%90%E5%B1%8B%E6%A8%AA%E4%B8%81/18648,EN,川越「菓子屋横丁」,"Kawagoe's 'Kashiya Yokocho' began in the early Meiji era, offering sweets loved by the people of Edo. After the Great Kanto Earthquake, it developed as a substitute for Tokyo's confectionery wholesalers, and now features over 20 shops where visitors can enjoy nostalgic flavors. The unique vibrancy of the artisans and the sweet aromas create a delightful atmosphere for strolling and snacking. The close-knit community adds warmth to the experience. Every April, the Kashiya Yokocho Festival is held, showcasing traditional performances. Kawagoe City is also set to host the golf venue for the 2020 Tokyo Olympics, with efforts to accommodate foreign tourists."
bS8verhE0dEQo75q2VIYd,https://www.youtube.com/watch?v=eu9A8EYyj8M,EN,AIZU LAMPLIGHT  会津葵本店,
r8WqwZ6yZCQ71eh0FSjUo,https://en.japantravel.com/miyagi/dagashiya-in-shiogama-city/22719,EN,Dagashi,"Dagashi-ya (駄菓子屋) is a nostalgic shop where children flock after school to buy colorful, inexpensive snacks and toys. The vibrant packaging of treats like bubble gum and curry snacks excites the senses, while prices remain under 200 yen. In addition to snacks, these shops offer commemorative stamps and old bills, making each visit a delightful experience. Collecting these stamps provides a unique glimpse into Japanese art and culture, making Dagashi-ya a must-visit for anyone interested in the charm of childhood and Japanese heritage."
wbKqaV3vXNyA0a1D6ojVd,https://www.youtube.com/watch?v=Ost5AB8z4N0,EN,旬果瞬菓,
rRBl6KfPQ2TfAzAa6z7xh,https://www.youtube.com/watch?v=-HRGYggMEAU,EN,Tamba-yama Tourism PR Icefall,大自然が織りなす氷の芸術「氷瀑」を見にいきませんか？秩父多摩甲斐国立公園の中にある山梨県丹波山村の不動滝の氷瀑。時が止まったかのように凍り付く冬限定の絶景を体験しましょう！
lR9lDixrru3R-FgCb7o8B,https://www.youtube.com/watch?v=W3dcfhT5g5w,EN,09_Unique Venue Unique Venue –名古屋への旅–,"This is a promotional video created by the Aichi-Nagoya MICE Promotion Council, featuring unique venues that represent the history, culture and technology of the region. Through this video, you will feel the atmosphere of the venues and will learn about the highlights. Please take a look!"
9MmXkvPXdZhqTG2LVJ107,https://www.youtube.com/watch?v=wWDJfRDx1Ug,EN,[ver.POP] AICHI Japan in 8K - 愛知県,Learn more about Aichi
85cQV0ydH7U66cnVWtumS,https://www.youtube.com/watch?v=VOAQv-ia39A,EN,[ver.DEEP] AICHI Japan in 8K - 愛知県,Learn more about Aichi
RoCDPrQCxyhoRmfsjkCBR,https://en.japantravel.com/kumamoto/%E3%83%96%E3%83%AA%E3%82%B8%E3%82%B9%E3%83%88%E3%83%B3%E3%82%B4%E3%83%AB%E3%83%95%E3%83%97%E3%83%A9%E3%82%B6%E8%A8%97%E9%BA%BB-%E7%86%8A%E6%9C%AC/29099,EN,ブリジストンゴルフプラザ託麻、熊本 [Closed],"Bridgestone Golf Plaza Takuma was an ideal place for golf beginners to receive lessons. For 2100 yen, you could take two one-hour lessons, where instructors provided careful guidance from the basics. The coaches were friendly and offered personalized advice to help improve swings and posture. Group lessons were also available, creating a motivating environment for students. It was a wonderful place to enjoy golf, but unfortunately, it is now permanently closed."
prv_yZi4oYDoqsWTrtYgr,https://www.youtube.com/watch?v=vyt0XF8WhIc,EN,◤Okinawa Tourism ☀晴れの日限定◢ Recommended 'Five Scenic Seas of Okinawa!' ♯577 Okinawa Travel Okinawa Walk,This is a video that introduces various parts of Okinawa while taking a leisurely walk.
JF1qKsahxpUodWE0wqPGd,https://www.youtube.com/watch?v=_22aW_ALoS0,EN,雄川の滝,
wNPpW9Kyqv76eOZWlCLjB,https://www.youtube.com/watch?v=eeI00lE4OUA,EN,大道芸ワールドカップin静岡,"The Street Performance World Cup will be held in Shizuoka for four days from November 1st to November 4th! This event, which determines the 'World's Best Street Performer,' is in its 27th year. Artists from 23 countries and 102 groups will gather. You can see performances in the downtown area of Shizuoka and at Sunpu Castle. Be sure to visit Shizuoka during this opportunity!"
an8m6_aVTi1Yzl2MEoyWe,https://www.youtube.com/watch?v=FzQ54m1slIc,EN,Exploration of the Hidden Gold Mine of the Takeda Family in Tanbayama,武田信玄の時代、黒川金山採掘のため、丹波山村に金山奉行が置かれていたと伝えられています。村内には、その跡が残っており、ガイドとともに金山跡を目指します。東京都の水源でもある沢を歩きながら、水の恵みを五感で感じてください。
FkxlrfotrvQ7U8XIJAlMi,https://www.youtube.com/watch?v=To44-5DBeuU,EN,Matsukawa brand movie (Ver. 3) - 南信州まつかわ だんだん好きになる旅,Discover Matsukawa—Nagano’s southern staircase
EPzA8iU17Z4cckAZm3Oo0,https://en.japantravel.com/kochi/my-yu-bus/1340,EN,My You Bus,"Kochi City has many charms, but pleasant driving is not one of them. Luckily, the My Yu (MY遊) bus covers great sites around the city, like Katsurahama and Mt. Godaisan, which are otherwise hard to access. With a My Yu bus pass, you get discounted admission to attractions along the route and unlimited tram rides in Kochi City! The bus operates on an hourly or bi-hourly schedule depending on the day, and the friendly drivers can assist you with questions. Inside, the buses are comfortable, with screens displaying stops in Japanese and English. If you plan to visit Katsurahama, be sure to buy the more expensive ticket. This is a convenient and affordable way to explore Kochi's beautiful surroundings."
bwt1JWppweZQUgUtbWqBs,https://www.youtube.com/watch?v=InZG4uRAJUE,EN,"[愛知・名古屋技術視察] Sugiseika Co., Ltd. スギ製菓株式会社","This is a promotional video created by the Aichi-Nagoya MICE Promotion Council, featuring a company that visitors can tour and learn about the industry. Through the actual tour with the staff’s interview, you will feel the atmosphere of the inspection site and the attractiveness of technical visit unique to this region. Please take a look!"
UWG2HmO3n5uQUn9V_Gyl-,https://www.youtube.com/watch?v=TzqXeH-k4kM,EN,[愛知・名古屋技術視察] HOTTASHINGORO 堀田新五郎商店,"This is a promotional video created by the Aichi-Nagoya MICE Promotion Council, featuring a company that visitors can tour and learn about the industry. Through the actual tour with the staff’s interview, you will feel the atmosphere of the inspection site and the attractiveness of technical visit unique to this region. Please take a look!"
KNg2DpX6BW6OAHhgusIvC,https://www.youtube.com/watch?v=cxLr15UTi4Y,EN,技術視察とユニークな会場 -愛知への旅-,"This is a promotional video created by the Aichi-Nagoya MICE Promotion Council, featuring companies that visitors can tour and learn about the industry. Through the actual tour with the staff’s interview, you will feel the atmosphere of the inspection site and the attractiveness of technical visits unique to this region. Please take a look!"
P7NK-UKEYqHCNBzYtvDQD,https://www.youtube.com/watch?v=kipD1bP-IDg,EN,Kange ki,想像以上にキレイでした津の花火。
XG0abndjbsAWSuHyvwaVa,https://www.youtube.com/watch?v=JE5SsFitnpA,EN,技術視察とユニークな会場 -名古屋への旅-,"This is a promotional video created by the Aichi-Nagoya MICE Promotion Council, featuring companies that visitors can tour and learn about the industry. Through the actual tour with the staff’s interview, you will feel the atmosphere of the inspection site and the attractiveness of technical visits unique to this region. Please take a look!"
y03LlALOiO6qtAxsAntx6,https://en.japantravel.com/kyoto/%E4%BA%AC%E9%83%BD%E4%BC%8F%E8%A6%8B-%E6%B2%B9%E9%95%B7-%E3%81%82%E3%81%B6%E3%82%89%E3%81%A1%E3%82%87%E3%81%86/8128,EN,京都伏見　吟醸酒房「油長（あぶらちょう）」,"Located in Fushimi, Kyoto, 'Aburachō' is a captivating sake house where you can taste sake from 19 different breweries. The shop offers a selection of 80 types of sake, including ginjo, daiginjo, and junmai, allowing you to savor each unique flavor using special tasting cups. Notably, the deep flavors of 'Kyoto Shukimai 35% polished Izutsuya Denbee' and 'Tamanohikari Denshō Yamahai Junmai Daiginjo' are truly remarkable. Enjoying sake enhances the allure of Kyoto, and the experience of strolling through the sake brewery streets while slightly tipsy in the winter twilight creates lasting memories."
seIaRyNUJqJo_5DF0xgtQ,https://www.youtube.com/watch?v=wryiW_-Sqss,EN,Before You Go to Italy! #travel #海外旅行好きな人と繋がりたい #海外旅行 #vlog #ヨーロッパ #イタリア #ローマ,
nK2GwDe9h35fOAismTCTf,https://www.youtube.com/watch?v=MvCcSet7DbI,EN,【Hyogo・Amagasakiの魅力旅】一度は訪れたい、愛され続ける観光＆グルメ7選,"Please use this as a reference for your travel and sightseeing in Hyogo Prefecture. This time, we will introduce recommended spots in Amagasaki City, Hyogo Prefecture. If you have any recommendations that are not mentioned in this video, please share them in the comments section."
EViyZ2P2xDKKp8pc3C8YD,https://en.japantravel.com/tokyo/ro-to-matagi-restaurant-sangenjaya/3225,EN,"Ro to Matagi Restaurant, Sangenjaya","While searching for Niku Zushi in Sangenjaya, we stumbled upon Ro to Matagi (炉とマタギ) next door. This unique restaurant specializes in deer meat and is housed in a renovated Showa-era building. The lively izakaya-style first floor contrasts with the quiet, hunting lodge vibe of the second floor. The menu features Ezo deer, Inobuta (a hybrid of wild boar and pig), and Bobo Yasai with Matagi Cauda dip. The deer meat was tender and flavorful, while the Inobuta was equally delicious. A perfect spot for those seeking a new culinary adventure!"
Q32lMLkpdFVYa0ehpY6Bj,https://www.youtube.com/watch?v=ynR41_Tpt2A,EN,COOL! NAGOYA 家庭VLOG,"A selection video that condenses the charm of Nagoya tourism, 'COOL! NAGOYA'. Introducing the charm of Nagoya with the concept of sharing the 'COOL! NAGOYA trip' with family."
t5F0CQJPo9O5bg1a8bhGp,https://www.youtube.com/watch?v=Xq9Z3x-nRFg,EN,From Detention to Exchange: A New Form of Storytelling through the 'Maizuru Model' - Part 2: The Returnee Memorial Museum,引き揚げの史実を通して、平和の尊さを「世界へ、未来へ」向けて、発信している引揚記念館を紹介しています。
dDrPdNruySw1ATTM2w1Gc,https://www.youtube.com/watch?v=i7PApaF6q-s,EN,300年続く沖縄の超定番行事食 ｢ムーチーを作りました～！｣ 4K 60fps ♯230 うるま市【おきなわさんぽ】,"Chapter in “Moochi” rice cake, a traditional Okinawan meal that has been around for 300 years."
9FnvDQ76F5sQsBM37tbUq,https://en.japantravel.com/kanagawa/yokohama-s-soji-ji-temple-one-of-the-biggest-soto-zen-monasteries-in-japan/532,EN,Yokohama’s Soji,"The beautiful long corridor 'Hyak-ken-rou-ka' (百間廊下) stretches 152 meters, symbolizing the boundary between the sacred and the ordinary. At 4 AM, a young monk runs through the temple corridors, ringing a loud wake-up bell, marking the start of a new day. Fifteen minutes later, 160 monks begin their morning zazen on meditation platforms. Soji-ji, one of the two largest Zen temples of the Soto sect, was established after a fire destroyed its original buildings, leading to its reconstruction in Yokohama. Located just a 7-minute walk from JR Tsurumi station, this temple is uniquely close to the city. The temple grounds feature twelve large buildings and a cemetery, covering nearly 50,000 square meters. Visitors are welcome to explore the beautiful grounds and can also experience the interiors of the temple buildings."
EpJnQsONLQq12ZBokSmpA,https://en.japantravel.com/kanagawa/kawasaki-daishi-a-beautiful-and-famous-temple-in-kawasaki/238,EN,Kawasaki Daishi: A Beautiful and Famous Temple in Kawasaki,"Kawasaki Daishi (川崎大師) is one of the must-visit temples during your stay in Japan. With easy access and a vibrant local atmosphere, this temple is grand and beautiful. It attracts a mix of locals, tourists, and special visitors. Each year, nearly 3 million people visit for Hatsumode on New Year's Eve to offer their prayers. The temple also hosts monthly fairs, Noh theater performances, and a charming wind chime market in July, providing a great opportunity to experience traditional culture. Kawasaki Daishi is known as a center for spreading the teachings of Kobo Daishi. Don't miss the tea ceremony event in April if you're interested in traditional Japanese culture."
6zNFCX0jxnEwvMmui_NDU,https://www.youtube.com/watch?v=n6Wh0u_xP6M,EN,侍う-SABURAU- 展in錦 〜原点回帰〜2022年3月12日(土)より開催決定！,"The Nishiki Town Tourism Association will hold the 'Samurai-SABURAU- Exhibition in Nishiki -Return to the Origin-' for 31 days from March 12 (Saturday) to April 10 (Sunday), 2022."
LnLLD1xYX1z0nz2iQdWiP,https://www.youtube.com/watch?v=TLpHtyHBDoI,EN,Kumamoto Prefecture Nishiki Town Tourism Promotion 2018,熊本県錦町を紹介する動画です。
3TkdPyYfIl95Z9lfOpY7W,https://www.youtube.com/watch?v=dKmDmGeX_Sc,EN,Kiso Tourist Federation -木曽観光連盟- Official Channelのライブ配信,
8MmOGl9WtqIxCThnXuGhR,https://www.youtube.com/watch?v=_7MXcF_uf68,EN,ネズミ講で国が潰れたってやばくない？,
PLywxu8oNYmcyMN0lJJXV,https://www.youtube.com/watch?v=RcIY2yTvfK8,EN,RISHIRI ウニ種苗生産センターの紹介,The sea urchin seed production center in Rishiri Town is a place where children of the Ezo Bafun sea urchin are created. This video provides guidance on how to use the facility.
QG_pyEU1UqLFZtndVgNlG,https://www.youtube.com/watch?v=-BJsQ0QlegU,EN,【王道】兵庫旅行で絶対外せない！兵庫の定番観光スポット7選,"Please refer to this for your trip and sightseeing in Hyogo Prefecture. This time, we will introduce the classic spots in Hyogo Prefecture. If you have any recommendations that are not mentioned in this video, please share them in the comments section."
YqtBwMIJqfvr8XaIK7ZPp,https://www.youtube.com/watch?v=JkSAHwxpYNo,EN,日本には絶対ない…,
H6i5HEqcuWxEBI5eKHWRB,https://www.youtube.com/watch?v=VxGie57xilo,EN,秋田旅行するなら定番で外さない名所巡り！秋田観光の王道スポット7選！,"Please use this as a reference for your trip or sightseeing in Akita Prefecture. This time, we will introduce recommended spots in Akita Prefecture. If you have any recommendations that are not mentioned in this video, please share them in the comments section!"
7mosLFgHBzGlX-ILsrNLM,https://www.youtube.com/watch?v=HnFHKtYI9GE,EN,日本の品格、栃木,"The Grace of Japan, Tochigi. Where its peaceful nature and majestic historical culture will melt your heart."
WHnhkb7kBja2VGeWdMv4J,https://www.youtube.com/watch?v=LwOXywFuejY,EN,埼玉グルメツアー,Niboto (Japanese)
3FlktzyVamOJU4hpPyI81,https://www.youtube.com/watch?v=EPj-jRwaPfE,EN,COOL! NAGOYA ファミリーブイログ,"A highlight video full of the attractions of Nagoya, titled 'COOL! NAGOYA'. This is introduced in a VLOG format with the concept of 'What if we traveled COOL! NAGOYA' with family."
bUAKf_tDT9CCEaDGfToqA,https://en.japantravel.com/hiroshima/vintage-shopping-in-hiroshima/2869,EN,Vintage Shopping in Hiroshima,"Hiroshima city center is a haven for shoppers, especially on Hondori, the main shopping arcade. While many stores focus on current fashion trends, vintage lovers will find a special charm in timeless pieces. Initially, I thought Hiroshima lacked vintage shops until I discovered four fantastic stores on the fifth floor of Sunmall: Union Rag, Rag Moo, Yellow, and 3びきの子ねこ (Kitten Miki). These shops offer high-quality vintage clothing and accessories from the 60s to the 90s at reasonable prices. Union Rag and Rag Moo boast the largest and most varied stock, including popular Doc Martens and Converse shoes. Embrace the vintage allure and enjoy creating unique outfits that stand out."
AGHqsIXsNT7zmR--zlsqe,https://www.youtube.com/watch?v=6iBkPO2x3oU,EN,Isn't the business class where you can lie down on the plane too amazing!? #travel #海外旅行好きな人と繋がりたい #海外旅行 #vlog #ベトナム,
HrwA9g-Vupa8-CTYU1bIw,https://www.youtube.com/watch?v=1WqFN7IMCQs,EN,"""COOL! NAGOYA"" ""FAMILY VLOG""",名古屋の魅力的な観光ハイライトを集めた動画です。「COOL! NAGOYAに行ってみよう！」というコンセプトのファミリーブログです。
VqsM_6HpANxR4iOCQCjTa,https://www.youtube.com/watch?v=mlsXvnCrTyA,EN,秋田旅行で絶対食べたい！地元に愛される老舗＆名物グルメ7選,"Please refer to this for your trip and sightseeing in Akita Prefecture. This time, we will introduce gourmet spots in Akita Prefecture. If you have any recommendations that are not mentioned in this video, please share them in the comments section."
HrwA9g-Vupa8-CTYU1bIw,https://www.youtube.com/watch?v=1WqFN7IMCQs,EN,COOL! NAGOYA ファミリーブログ,"A video that compiles the charming highlights of traveling in Nagoya, presented in the form of a family vlog with the concept of 'Let's go travel COOL! NAGOYA!'"
Q4JIttfDQN0HS-d9fTW4u,https://www.youtube.com/watch?v=g6wp5Z3T_zM,EN,【心に残る絶景＆歴史】和歌山旅行で一度は行きたい！観光スポット7選,"Please refer to this for your trip and sightseeing in Wakayama Prefecture. This time, we will introduce the classic spots in Wakayama Prefecture. If you have any recommendations that are not mentioned in this video, please share them in the comments section!"
v01-L1m6O_FAPid7aPuo6,https://en.japantravel.com/kanagawa/kanazawa-hakkei-s-chiyomoto/1208,EN,Kanazawa Hakkei’s Chiyomoto [Closed],"Chiyomoto (千代本) is an authentic Japanese restaurant that frequently appeared in Hiroshige's ukiyo-e woodblock prints around 1834. This restaurant has stood for almost 200 years in the heart of what was once a famous scenic spot—Kanazawa Hakkei. All rooms in Chiyomoto face the sea, and in the past, guests arrived by boat. The interior is purely Japanese, retaining the atmosphere of its glorious past. The dishes are beautifully presented, with fresh ingredients cooked to perfection. Chiyomoto offers a unique experience where history and stunning views come together."
1Ox87Dh2_z3G6GSSfvXHE,https://en.japantravel.com/ibaraki/hinano-organic-buffet/16669,EN,Hinano Organic Buffet in Moriya [Closed],"Hinano (旬菜食健ひな野) is a buffet-style restaurant that focuses on healthy ingredients, starting in Sendai in 2007. With over 50 outlets nationwide, it offers locally sourced, organic dishes at affordable prices. For ¥1,575 at lunch and ¥2,100 at dinner, you can enjoy a variety of traditional Japanese dishes, including salads, soups, curries, tempura, and tofu. While predominantly vegetarian, there are also meat and fish options available, with seasonal menus that change regularly. Hinano is a great place to indulge in delicious and healthy cuisine, making it a must-visit."
0DyMSY073xHWqttL9Ts7z,https://www.youtube.com/watch?v=_7RaDvT1UMM,EN,◤Okinawa Trip◢ Spring Break! 'Busy Naha Airport' ♯948 Okinawa Stroll American Supermarket Jimmy Misato Branch and Island Grill,4K: 春休み突入！那覇空港は多くの観光客で賑わっていました。
lIyRLN2kqsxtFpGKZd465,https://www.youtube.com/watch?v=WuZC_BSrAGM,EN,Drone Footage: Aomori's Four Seasons 2020,2020年にドローンで撮影した青森県の四季折々の映像です。
e1N5CSTglnbDcKJ_U6VOO,https://www.youtube.com/watch?v=5wNoKBMdVis,EN,熊本旅行するなら食べないと後悔する！熊本の人気グルメ７選,"Please refer to this for your trip and sightseeing in Kumamoto Prefecture. This time, we will introduce popular gourmet foods in Kumamoto Prefecture. If you have any recommendations that are not mentioned in this video, please share them in the comments section."
gJsJuqcOg4VcWmVTZOgNc,https://www.youtube.com/watch?v=FR8H9_HNpQo,EN,Completion of Goshogawara Tachineputa 'Zan' 2021,立佞武多「暫」の３日間に渡る組立作業のタイムラプス動画を公開します。来年こそは祭りが開催されることを願っています。
myb9g2EMnl5XqCsXAQuyr,https://www.youtube.com/watch?v=TrJW4LGhABQ,EN,海外の航空会社最高やー,
18S-WXo3u0dvPjjzUWW_6,https://www.youtube.com/watch?v=ddfEYq5hPpk,EN,COOL! NAGOYA 家庭VLOG,"""COOL! NAGOYA"" is a selected video full of the charm of Nagoya tourism. With the concept of 'Let's enjoy COOL! NAGOYA together as a family!', it is introduced in the form of a VLOG."
lvaOYRxlxuDD8qbWL9s4A,https://www.youtube.com/watch?v=jWXN2KixEHg,EN,Cooking of One-Pole Caught Sea Bream,加太名物の一本釣りの真鯛です。最高のブランド鯛を、加太観光協会青年部長 稲野雅則氏（活き魚料理いなさ）がさばきます。ほんとうに美味しい鯛です。食べに来てください～
FIbj9wxRbWLYfAEYSDmnL,https://www.youtube.com/watch?v=bybDjRiuPtQ,EN,埼玉体験ツアー,Bushu Nakajima Konya dyeing studio (Japanese)
GxxUEixDzZchgr0jYd92U,https://www.youtube.com/watch?v=3s0ilrZjxcM,EN,22歳で意識していること,
ABTzT4GVtZOSaNYLQIXSk,https://www.youtube.com/watch?v=pRCkxDj3BIo,EN,One snowy day in Tokamachi/雪とある日のとおかまち,
fVS4962caKTGDhDaybYQz,https://www.youtube.com/watch?v=eoCrjLBjlGw,EN,世界中を旅した1年間で行ってよかった場所TOP3,
zOKdXmmPb9gqepINIAV2Y,https://www.youtube.com/watch?v=hjq86NpilV4,EN,【これぞ奈良観光の王道】ぜんぶ行きたい！絶対に外せない観光スポット7選,"Please use this as a reference for your trip or sightseeing in Nara Prefecture. This time, we will introduce popular spots in Nara Prefecture. If you have any recommendations that are not mentioned in this video, please share them in the comments section."
KBdWDX2jHxH3B6VqHb7qS,https://www.youtube.com/watch?v=0iIT2-bQ6pc,EN,ワンピースのアラバスタよモデル地になった場所！ワンピース好きなら来るしかないでしょ！！,
s5OwCzzlgILa7b5DKVl1w,https://www.youtube.com/watch?v=3OcUamiuoU0,EN,"【Official】Special Cooking Experience in Takeo, Saga Prefecture",佐賀県武雄市観光協会公式チャンネルです。武雄の名物イノシシ肉と新鮮な野菜を使ったお料理体験です。
wQ22FrZiST6EIFXgoHFKg,https://www.youtube.com/watch?v=uB9Qf3ie240,EN,KANSAIサービス ー 地平線のきらめき,
_vN5NO8Ftmru7EATBILuH,https://www.youtube.com/watch?v=BE8tiJO0A90,EN,迷ったらココ！宮城観光で行くべき大崎市の観光＆グルメ7選,"Please use this as a reference for your trip or sightseeing in Miyagi Prefecture. This time, we will introduce recommended spots in Osaki City, Miyagi Prefecture. If you have any recommendations that are not mentioned in this video, please share them in the comments section."
V4VxjHU2ViBCd50tolEbu,https://www.youtube.com/watch?v=jwESdVV9qmQ,EN,Shibu Onsenの9つの公衆浴場 (長野),Shibu Onsen
71NlknwNUqBFJU8zJRGOX,https://www.youtube.com/watch?v=kH4cNosz1Aw,EN,夜たび神戸～ハーバーランド前編,Distributing the video to introduce how to enjoy the night in KOBE.
inoVwANA1rao-dgbrXygY,https://www.youtube.com/watch?v=R8kmaHe2i98,EN,夜たび神戸～ハーバーランド後編,Distributing the video to introduce how to enjoy the night in KOBE.
pA62ptekOhOaC64F8lNtQ,https://www.youtube.com/watch?v=wth21qjs9ac,EN,"7 Recommended Tourist Spots and Delicious Gourmet in Joetsu City, Niigata",新潟県への旅行や観光で参考にしてください。今回は新潟県上越市のおすすめスポットをご紹介します。この動画で紹介されてないオススメがありましたら、ぜひコメント欄でシェアしてくださいね。
B9waCYgGJdvAQ0ygbffgY,https://www.youtube.com/watch?v=E4M67hqQ3uk,EN,2021年度森の京都文化観光サポーターラジオ 第3回「丹波の漆かき」,"This is the broadcast audio of the radio program ""Mori no Kyoto presents Shittoru? Traditional Culture in Fukuchiyama"" on Kyoto FM Tanba. The Mori no Kyoto Cultural Tourism Supporters introduce intangible cultural assets in Fukuchiyama from the perspective of supporters once a month.

 The third episode is about ""Tamba Urushi (lacquer)"". Yaku no Town in Fukuchiyama City, Kyoto Prefecture, has been one of Japan's leading lacquer-producing areas since ancient times, where lacquer craftsmen are preserving and passing on this traditional industry.

 The first half of the program covers the basics of lacquer. Lacquer tapping was popular during the Edo period, and currently, 90% of the lacquer used is imported. We will introduce the amazing qualities of this precious domestic lacquer!

 In the second half, we welcome guest Kousuke Yamauchi, a lacquer craftsman and public relations officer of the NPO Tamba Urushi, to talk about his encounter with lacquer, the reasons for moving to Fukuchiyama, the challenges he faces, and the charm of lacquer. The supporters were also moved by Yamauchi's passionate feelings towards lacquer, which left a refreshing impression!"
tqCElGjME8p6xMHKPbcdW,https://www.youtube.com/watch?v=ZL_45MhhFpM,EN,MIYAMOBI 平屋英語,
l4pd2qlqDJqrg2VuPpOvk,https://www.youtube.com/watch?v=Kq7b40VPuUQ,EN,SKY HOP BUS ぐるっと森の京都〈福知山編〉,
topFYulxMVHCWfUFd0PKJ,https://www.youtube.com/watch?v=3eFZSCD9kp8,EN,MIYAMOBI 鶴岡中華,
CcUCBcAj-DCm-7Xhvd2NY,https://www.youtube.com/watch?v=s_NmZiXVDPw,EN,"Kyoto Yase Mt.Hiei: Yase Momiji no Komichi, Rurikoin, Eizan Cable, Sanzenin",京都の紅葉スポットの中でも、特に人気のある「八瀬もみじの小径」や「瑠璃光院」を美しい映像を通してご紹介。
hEZvrXcjpgN7Lcvc1tdbZ,https://www.youtube.com/watch?v=oFgSHGHnnpg,EN,"Lake Biwa: Michigan Cruise, Biwako Hotel, Otsu Festival",息を飲むような雄大な琵琶湖の景色や、絶景クルーズが楽しめる「ミシガン」などの様子を美しい映像とともにご紹介。
OTbIx0JWGO5w1gCCD9jRE,https://www.youtube.com/watch?v=CNlMtAqdVFM,EN,Hiroo Town Santa Land ／北海道の絶景景色 【BESTHOKKAIDO_VOL.123】,"This time, we will introduce 'Santa Land' in Hiroo Town. Hiroo Town, located in Tokachi, Hokkaido, is the first SantaLand in Japan and the first outside Japan to be recognized by Oslo, Norway, the hometown of Santa Claus. We have formed a friendship and exchange partnership with Frogn City, the base of Santaland's activities, and are developing the town based on Santaland's basic philosophy of 'Love, Peace, Gratitude and Service.' The 'Santaland Tree Lighting Ceremony' is the earliest Christmas lighting ceremony in Japan, and the 'Santaland Illumination' with 150,000 lights can be enjoyed from November. Additionally, in 2020, a Christmas tree was planted as a symbol. This place is recommended for couples."
GsDEHE1EGTDv_xwHOroOY,https://www.youtube.com/watch?v=nyR44kAg9hY,EN,Superb view of Hokkaido／オホーツク海から望む網走,"This time, we will introduce the Sea of Okhotsk as seen from Abashiri City. Facing the Sea of Okhotsk, Abashiri is an area surrounded by the sea and lakes, with Lake Notoro, the Abashiri Quasi-National Park, and Lake Abashiri, which is also known as a scenic spot. And above all, it is famous for its drift ice, and the sight of the sea of Okhotsk dyed in pure white every year by the drift ice that comes from Siberia never ceases to fascinate those who see it. As the word 'Okhotsk Blue' suggests, driving while admiring the clear sky and the scenery along the Sea of Okhotsk is also recommended."
Cr6Kw4w7OSWDYFNeoVszR,https://www.youtube.com/watch?v=5uqEi-49UKg,EN,Lake Saroma Observatory 4K／Hokkaido's Superb Scenery 【BESTHOKKAIDO_VOL.114】北海道の絶景景色,"This time, we will introduce the 'Lake Saroma Observatory' in Saroma-cho, Okhotsk. Lake Saroma Observatory is the only place where you can see the whole of Lake Saroma, which is the third largest lake in Japan, and there are no high mountains around, so you can enjoy a magnificent panorama that can only be seen here. From the observatory, you can also see the sandbar, also known as the 'Ryugu Kaido' that separates the lake and the sea, and the Shiretoko mountain range in the distance on a clear day. The observatory has three telescopes, and you can see every corner of Lake Saroma, and the view is first-class."
xhdK1PoKochKgozWetS_l,https://www.youtube.com/watch?v=mp8gne9keSk,EN,【4K高画質】Superb view of Hokkaido｜Compilation of 19 Spots｜観賞・リラックス用,北海道の魅力な観光スポットや観光資源を紹介するBEST HOKKAIDO。北海道の絶景景色を様々な角度から映像でお届けします。
hducNnqj3bTw-JbdF58I3,https://www.youtube.com/watch?v=RNIG1RgQFtQ,EN,Superb view of Hokkaido／もいわ山山頂展望台クリスマスツリー 4K,"This time, we will introduce the superb view spot 'Mt. Moiwa Summit Observation Deck' a spectacular night view spot in Sapporo that has been certified as one of Japan's New Three Great Night Views."
aNBx8vv9LhUJhYbMDz6Z4,https://www.youtube.com/watch?v=ZhEUxRs0z30,EN,Mt. Yotei 4K / Superb view of Hokkaido,北海道の魅力な観光スポットや観光資源を紹介するBEST HOKKAIDO。北海道の絶景景色を様々な角度から映像でお届けします。
46kdPAw4XymlY3WZHar3L,https://www.youtube.com/watch?v=Xn43rBszuTo,EN,Superb view of Hokkaido/Lake Poroto 冬編4K,"This time, we will introduce 'Lake Poroto' in Shiraoi Town, Hokkaido. Lake Poroto is a lake with a circumference of about 4 km and an area of 33 ha. In a place rich in nature with moors and forests surrounding it, Poroto means 'big swamp' in the Ainu language. On the shore of the lake on the south side of the lake, there is the national center 'Upopoy', a symbolic space for ethnic symbiosis, which introduces the history of the Ainu, which reproduces the traditional Ainu settlement. In winter, you can enjoy smelt fishing with freezing on one side."
zsHtbj3SdOi8jfYfxY9Tp,https://www.youtube.com/watch?v=AD1PAFvfAlI,EN,Impressive! Naval Heritage Port Tour Cruise,舞鶴東港から舞鶴湾を遊覧船でクルーズ。舞鶴を目の前に迫る護衛艦！海軍ゆかりの造船所！心地よい潮風を感じながら、海からの眺望を満喫してみませんか？
ysPR2t_cwodhS9q423QMT,https://www.youtube.com/watch?v=6f1Kt26RRGc,EN,舞鶴の夕日クルーズ,You can enjoy the fantastic scenery of the sunset dyed with the escort ship unique to Maizuru. You might be able to see the lowering of the Self-Defense Force flag on the ship with the sunset?!
Sc-32A9UWPBho2nAUXPET,https://www.youtube.com/watch?v=vNNDcV0RwoA,EN,Winter Version of Ukiha,動画制作：井上宗之輔(うきは市地域おこし協力隊)
P415qOox-y1F-m_avn43L,https://www.youtube.com/watch?v=ATGGa-hJRoo,EN,Choonnotaki: The Sound of Waterfalls in Ukiha,なかなかうきはを訪れることができない方へ、「うきはの今」をお届けします。
G0RATesU61WcIhKk6DvBX,https://www.youtube.com/watch?v=JS3yXlNJmH0,EN,Ukiha Inari Shrine｜浮羽稲荷神社【Ukiha Days】,"For those who cannot visit Ukiha often, we bring you 'Ukiha Now'."
J7P5lE_u1iTM3KQeaTgJ5,https://www.youtube.com/watch?v=mnr0YNdAGZk,EN,滝ノ上温泉　滝観荘,"Takinoue Onsen Takikanso
https://ryukanso.com/

〒020-0584 Iwate Prefecture, Iwate District, Shizukuishi Town, Nishine Takakurayama 159
TEL: 019-656-1866 090-3368-6561
FAX: 019-656-1866
MAIL: shigiwao@gmail.com

◆ Day-use bathing is open
Reception hours: 10:00 AM - 5:00 PM
Fee: Adults 700 yen, Children (4 years and older to elementary school) 300 yen

◆ Accommodation available by reservation
Room only
Price per person (excluding tax) 7,000 yen (6,000 yen for two people, 5,000 yen for three people) 3,000 yen for elementary school students
500 yen extra on Fridays, Saturdays, and the day before holidays
Check-in at 3 PM, check-out at 10 AM

* Closed from mid-November to early May due to winter road closures.

#Onsen
#Valley
#Iwate
#Shizukuishi

Photography and editing: Ai Tanaka"
OvgHi422l6qZTtMgvkDao,https://www.youtube.com/watch?v=9EyCLTk65Vw,EN,Akebono-so Hot Spring Inn,温泉民宿 あけぼの荘
NBqaEItZp8J26yi3A6OPH,https://www.youtube.com/watch?v=kA_jn6HbJVE,EN,connect with the slow cycle of island life「橋でつながり、人とつながる。」（尾道バージョン）,"The people living in the Shimanami Kaido gently convey the charm of the Shimanami Kaido to those who will visit in the future. Each message carries the thoughts of the individuals, flowing gently like the slow passage of time, yet deeply resonating. This video has been crafted to inspire viewers to want to visit the Shimanami Kaido at least once. Please take a look."
mMkKcwNGdJW-y9kZItp-j,https://www.youtube.com/watch?v=8z9OuTgRkXo,EN,connect with the slow cycle of island life「橋でつながり、人とつながる。」（今治バージョン）,"The people living in the Shimanami Kaido gently convey the charm of the Shimanami Kaido to those who will visit in the future. Each message carries the thoughts of the individuals, flowing gently like the slow passage of time, yet deeply resonating. This video has been crafted to inspire viewers to want to visit the Shimanami Kaido at least once. Please take a look."
DVofF8ch6Ds2c5LRA-qFK,https://www.youtube.com/watch?v=rrhpOAssf3k,EN,CYCLING SHIMANAMI 2022（サイクリングしまなみ2022）｜日本最大のサイクルイベント！｜Shimanami Kaido｜Shimanami Japan,"The 70km-long Shimanami Kaido in Japan is one of the world’s most beautiful and accessible bike routes, and is enjoyable at any time of the year. The CYCLING SHIMANAMI event, however, is a true festival of cycling. Around 7,000 riders come from all over Japan and around the world for the rare opportunity to ride the iconic route via the expressway, the awesome views, local hospitality and relaxed vibe. In 2022, CYCLING SHIMANAMI returned after a 4 year hiatus and was held under clear blue skies, in bright sunshine – perfect conditions for island hopping by bike. The islands look absolutely stunning and we hope that this short film will prompt you to start planning your own cycling adventure on the Shimanami Kaido and Yumeshima Kaido. We are looking forward to welcoming you to Shimanami!"
RDWJzfpn5fxia2JwuYtRZ,https://www.youtube.com/watch?v=DD3cGarh_6w,EN,しまなみレンタサイクル,Enjoy cycling on the Shimanami Kaido! | Shimanami Rental Cycles
YmwhEsVyyW4eqLtuQfAj0,https://www.youtube.com/watch?v=6Ut7XEyrblc,EN,～2018年度総集編～  'Adding a Cycling Song to the Pirate Musubi!' Edition,
WFuLvLdhdatXObapC8pBc,https://www.youtube.com/watch?v=YvdkOlztsKc,EN,Ikeda High School National Tourism Koshien 2022 Grand Prix Awarded School Trip Course,徳島県立池田高等学校の観光班が全国観光甲子園２０２２でグランプリを受賞した修学旅行コースをそらの郷とタイアップ！商品化いたしました。
3MQw-70RrhV8vpvbEk-uA,https://www.youtube.com/watch?v=BCv-FAwLV4c,EN,Minpaku Experience 2,四国、徳島県の西部「そらの郷」は、四国の中央に位置するにし阿波（美馬市、三好市、つるぎ町、東みよし町）エリアです。そらの郷山里物語では、教育旅行民泊の推奨を行っています。生徒たちは家族の一員として迎えられ、茶摘みやタマネギ、ジャガイモ、雑穀の収穫など、少量多品目自給的農業を協働します。収穫した旬の野菜や山菜を使って田舎料理を共同調理、家族団らんの食事での心の交流、自然に触れる体験などを行います。
WWXRYWsG3P5ZMsHep-2r_,https://www.youtube.com/watch?v=Rm8i_xsFbco,EN,Sora no Sato Nanki-shu Inspection Training,"The training was conducted to enhance the skills of host families accepting educational travel for Sora no Sato and to promote交流 among host families. We experienced staying at a minpaku (private lodging) as students, considering what would make guests happy and what we could do when we return to our town. It was a great opportunity to reflect on how our town is the best! We united again in preparation for accepting guests starting next spring. With high goals set, we are moving forward with Sora no Sato Yamazato Monogatari. Would you like to join us in accepting educational travel?"
EKt2oIXNSAVhr5HBFB3Jv,https://www.youtube.com/watch?v=JMOEcqcyev0,EN,Farm Stay (Yuzu no Sato Izumi),"徳島県美馬市の農家民宿「ゆずの里いづみ」での体験動画です。宿からは真正面に標高1,133ｍの高越山が見えます。また、雨が降れば雲海を見ることができます。自家製のゆず味噌がやどの自慢です。ピザ窯があるので、ピザを作って食べることもできますよ♪畑で採れたばかりの野菜と一緒に召し上がってみてください。"
OhE2WyNf2jA0X3Y1u7vhf,https://www.youtube.com/watch?v=x-kXXzNhusk,EN,Aichi-Nagoya Technical Visit Promotion Video (digest ver.)/愛知・名古屋テクニカルビジットPR動画（ダイジェスト）,"This is a promotional video created by the Aichi-Nagoya MICE Promotion Council, featuring companies that visitors can tour and learn about the industry. Through the actual tour with the staff’s interview, you will feel the atmosphere of the inspection site and the attractiveness of technical visits unique to this region. Please take a look!"
QnPRZLTv5j1s2AU79X5Ml,https://www.youtube.com/watch?v=5XDGClsYiX8,EN,01_OKUMIKAWA Distillery 奥三河蒸留所,"This is a promotional video created by the Aichi-Nagoya MICE Promotion Council, featuring a company that visitors can tour and learn about the industry. Through the actual tour with the staff’s interview, you will feel the atmosphere of the inspection site and the attractiveness of technical visit unique to this region. Please take a look!"
rjAQOyTVUF37LVN1ID81X,https://www.youtube.com/watch?v=ICb8wq36Vcg,EN,名古屋の宿泊施設 ヒルトン名古屋,"This is a promotional video created by the Aichi-Nagoya MICE Promotion Council, featuring a hotel which is recommended for incentive guests to stay in. Through this video, you will feel the atmosphere of the facility and will learn about the highlights. Please take a look!"
WzWX8oRgz0zuBKW-7JGa0,https://www.youtube.com/watch?v=N5HU4oSBudA,EN,"[Aichi-Nagoya Technical Visit] TECHNOPLAST Co., Ltd. 株式会社テクノプラスト","This is a promotional video created by the Aichi-Nagoya MICE Promotion Council, featuring a company that visitors can tour and learn about the industry. Through the actual tour with the staff’s interview, you will feel the atmosphere of the inspection site and the attractiveness of technical visit unique to this region. Please take a look!"
uSFPEVoTCGKLC2ekGyYOe,https://www.youtube.com/watch?v=knXWeMfIbpA,EN,02_MARUYA HATCHO MISO まるや八丁味噌の技術視察とユニークな会場 -愛知への旅-,"This is a promotional video created by the Aichi-Nagoya MICE Promotion Council, featuring a company that visitors can tour and learn about the industry. Through the actual tour with the staff’s interview, you will feel the atmosphere of the inspection site and the attractiveness of technical visit unique to this region. Please take a look!"
MErPftUCCICWOIlHQvDpQ,https://www.youtube.com/watch?v=b_weQqS2gxk,EN,03_HOURAISEN KOBO ほうらいせん吟醸工房,"This is a promotional video created by the Aichi-Nagoya MICE Promotion Council, featuring a company that visitors can tour and learn about the industry. Through the actual tour with the staff’s interview, you will feel the atmosphere of the inspection site and the attractiveness of technical visit unique to this region. Please take a look!"
hVVAxrKlapO4EPTBKOAOZ,https://www.youtube.com/watch?v=ebinLj-633A,EN,04_AOI SEICHA 葵製茶の技術視察とユニークな会場 -愛知への旅-,"This is a promotional video created by the Aichi-Nagoya MICE Promotion Council, featuring a company that visitors can tour and learn about the industry. Through the actual tour with the staff’s interview, you will feel the atmosphere of the inspection site and the attractiveness of technical visit unique to this region. Please take a look!"
4tQnoZj5onW0F4Hu1gy3-,https://www.youtube.com/watch?v=z7D6HiliR-A,EN,トヨタ産業技術記念館 Technical Visit & Unique Venue,"This is a promotional video created by the Aichi-Nagoya MICE Promotion Council, featuring a company that visitors can tour and learn about the industry. Through the actual tour with the staff’s interview, you will feel the atmosphere of the inspection site and the attractiveness of technical visit unique to this region. Please take a look!"
3yBOtqswQOrqcbKNBIVyq,https://www.youtube.com/watch?v=JoJAoFkdH8o,EN,06_ITO SEIMITSU 伊藤精密工具製作所の技術視察とユニークな会場 -名古屋への旅-,"This is a promotional video created by the Aichi-Nagoya MICE Promotion Council, featuring a company that visitors can tour and learn about the industry. Through the actual tour with the staff’s interview, you will feel the atmosphere of the inspection site and the attractiveness of technical visit unique to this region. Please take a look!"
Y5wbkXssMVGPK450e4rJW,https://www.youtube.com/watch?v=wSDbSE9kEuo,EN,[07_ALPS STEEL アルプススチール] テクニカルビジットとユニークな会場 -名古屋への旅-,"This is a promotional video created by the Aichi-Nagoya MICE Promotion Council, featuring a company that visitors can tour and learn about the industry. Through the actual tour with the staff’s interview, you will feel the atmosphere of the inspection site and the attractiveness of technical visit unique to this region. Please take a look!"
Kj_TyCPY_iyQQr2fWu5uo,https://www.youtube.com/watch?v=tTKOvD4ODX0,EN,[08_Iwata Sanbou Factory 岩田三宝製作所] Technical Visit & Unique Venue –Journey to Nagoya-,"This is a promotional video created by the Aichi-Nagoya MICE Promotion Council, featuring a company that visitors can tour and learn about the industry. Through the actual tour with the staff’s interview, you will feel the atmosphere of the inspection site and the attractiveness of technical visit unique to this region. Please take a look!"
Hovun0Dz-h4qIqr3NZZsw,https://www.youtube.com/watch?v=Q0Gm-0UOqD0,EN,【Okinawa Tourism】感動の透き通るハテルマブルーがある日本最南端の有人島、波照間島,"Please use this as a reference for your trip or sightseeing in Okinawa. This time, we will introduce Hateruma Island. If you have any recommendations that are not mentioned in this video, please share them in the comments section."
UwuehHYJfrBWXyt2dUM2R,https://www.youtube.com/watch?v=uYsVJd5S3os,EN,【兵庫観光】兵庫の人気観光スポットで休日を楽しむ,"Please refer to this for your trip and sightseeing in Hyogo Prefecture. This time, we will introduce popular tourist spots in Hyogo Prefecture. If you have any recommendations that are not mentioned in this video, please share them in the comments section."
l2qEx5-bca8H3Q_Kr3ATX,https://www.youtube.com/watch?v=Fb4AUgYzG7w,EN,【秋田観光/グルメ】秋田で食べたい定番グルメ,"Please use this as a reference for your trip or sightseeing in Akita Prefecture. This time, we will introduce the standard gourmet foods of Akita Prefecture. If you have any recommendations that are not mentioned in this video, please share them in the comments section."
xIEdRYVoHeVXERr-gAWip,https://www.youtube.com/watch?v=aU_trO1eiAg,EN,【Canada】感動的な絶景！カナダの壮大な観光スポット15選,"Please use this as a reference for your travel and sightseeing in Canada. This time, we will introduce recommended sightseeing spots in Canada. If you have any recommendations that are not mentioned in this video, please share them in the comments section."
W8oa7el5dJn9i0Jn8nqNP,https://www.youtube.com/watch?v=mC1osnWR4BI,EN,【デカ盛り/グルメ】コスパ最高！福岡のおすすめグルメ７選,"Please refer to this for your travel and sightseeing in Fukuoka Prefecture. This time, we will introduce Fukuoka's large portion gourmet. If you have any recommendations that are not mentioned in this video, please share them in the comments section."
TFGJwe18MC1eyyagYJknI,https://www.youtube.com/watch?v=fl4TuyLyXYU,EN,【デカ盛り/グルメ】おいしい！コスパも良し！大阪梅田グルメ６選,"Please refer to this for your travel and sightseeing in Osaka Prefecture. This time, we will introduce Osaka's large portion gourmet. If you have any recommendations that are not mentioned in this video, please share them in the comments section."
HDtB-P8rGwzb9-AwTTwUD,https://www.youtube.com/watch?v=kTuzk414cCA,EN,【利尻島アクティビティプロモーションムービー】 | 4K,Rishiri Activity Promotion Movie
EkBXbmhCMA7ai2OG9X84J,https://www.youtube.com/watch?v=NPW238NN8hM,EN,【香川絶品グルメ】うどんの聖地からお取り寄せ！讃岐うどん９選,"Please use this as a reference for your trip or sightseeing in Kagawa. This time, we will introduce the takeout of Kagawa udon. If you have any recommendations that are not mentioned in this video, please share them in the comments section."
WVpPs56aHzIdEMOrgKxzl,https://www.youtube.com/watch?v=0UzY_-1hXqI,EN,【SAPPORO TEINE WEB プロモーションムービー】4K / 日本 北海道 / Sapporo City,We produced a promotional movie for Sapporo Teine Ski Resort.
G8h1iOEEV90UbAGz-tmjB,https://www.youtube.com/watch?v=xWhyGcUsN8I,EN,【Deca盛り】Extraordinary! 7 Large Serving Gourmet in Saitama,"This is a guide for your travel or sightseeing in Saitama. This time, we provide information about large servings in Saitama. If you have any recommendations that are not mentioned in this video, please share them in the comments section."
q6kulsNSoIyMcdU-7EOFV,https://www.youtube.com/watch?v=RPON0c6ZO24,EN,【デカ盛り】悪魔的な千葉グルメ！おすすめ千葉のデカ盛りグルメ７選,"Please refer to this for your travel and sightseeing in Chiba Prefecture. This time, we will guide you to recommended restaurants where you can enjoy Chiba's large portion gourmet. If you have any recommendations that are not introduced in this video, please share them in the comments section."
rj9CaXSbCJrJDcHMp3DKk,https://www.youtube.com/watch?v=EhlLdxEfM5Q,EN,【デカ盛り/グルメ】超ド級の特Ａランク！名古屋のデカ盛り７選,"Please refer to this for your travel and sightseeing in Aichi Prefecture. This time, we will introduce a variety of recommended large portion menus available in Nagoya, from hearty meals to sweets. If you have any recommendations that are not mentioned in this video, please share them in the comments section."
G29-cK42fit9yLzEUZXpx,https://www.youtube.com/watch?v=5GSWy9pqSho,EN,【デカ盛りスイーツ】立ち寄りたい！東京のデカ盛りスイーツ５選,"Please refer to this for your travel or sightseeing in Tokyo. This time, we will introduce dessert shops that are not only popular but also visually stunning among the large portion gourmet in Tokyo. If you have any recommendations that are not mentioned in this video, please share them in the comments section."
W3-SOsYy8LKgEdypwAGwd,https://www.youtube.com/watch?v=wAih5AzMCQU,EN,【高知カフェ15選】高知県おすすめカフェ/個性豊かなお店/人気も穴場も！,"Please use this as a reference for your trip or sightseeing in Kochi Prefecture. This time, we will introduce 15 recommended cafes in Kochi. If you have any recommendations that are not mentioned in this video, please share them in the comments section."
ptrWJe5W1kYJkvUaGQjLC,https://www.youtube.com/watch?v=Ln9GecmVIUg,EN,【DisneySea】必須の人気商品！おすすめのお土産15選,"Please refer to this for your trip or sightseeing in Chiba Prefecture. This time, we will guide you through 15 recommended souvenirs at Tokyo DisneySea. If you have any recommendations that are not mentioned in this video, please share them in the comments section."
C2EaA16ZpNPtoiS9eu-r_,https://www.youtube.com/watch?v=kOMQktM0Pks,EN,【まったり秋田旅】秋田おすすめカフェ10選！旅先でほっと一息,"Please refer to this for your trip or sightseeing in Akita Prefecture. We introduce 10 recommended cafes in Akita. If you have any recommendations that are not mentioned in this video, please share them in the comments section."
7e4aAsWW0v8va9WuylaRB,https://www.youtube.com/watch?v=ausiG_oH-eY,EN,秋田旅の疲れを癒す！秋田のおすすめホテル10選,"Please refer to this for your travel and sightseeing in Akita Prefecture. Here, we introduce 10 recommended hotels in Akita that will heal your travel fatigue. If you have any recommendations that are not mentioned in this video, please share them in the comments section!"
0hRPla5B9diesjGv5UuCe,https://www.youtube.com/watch?v=vNMct2JxmJU,EN,【日本一のりんご王国】青森の絶品アップルパイ10選｜青森・弘前,"Please use this as a reference for your trip or sightseeing in Aomori Prefecture. This time, we will guide you to 10 shops where you can encounter delicious apple pies in Aomori. If you have any recommendations that are not mentioned in this video, please share them in the comments section."
bW9jCh3qa5Dk7IKtKhkY9,https://www.youtube.com/watch?v=lzortJIXq-8,EN,秋田旅行の人気お土産9選,"Please refer to this for your trip and sightseeing in Akita Prefecture. Here, we introduce 9 popular souvenirs for Akita travel recommended by locals. If you have any recommendations that are not mentioned in this video, please share them in the comments section."
rgx5u7Nm_DLapap8KpCh2,https://www.youtube.com/watch?v=6Tx9j5RS0gY,EN,【一度は訪れたい】高知県の風情たっぷり観光スポット10選！,"Please use this as a reference for your trip or sightseeing in Kochi Prefecture. Here, we introduce 10 famous tourist spots in Kochi. If you have any recommendations that are not mentioned in this video, please share them in the comments section!"
F2HhfJpG6_mDRQfvzLXQe,https://www.youtube.com/watch?v=7n2zGOgr8Tg,EN,20 Scenic Spots in Okinawa Main Island,沖縄県への旅行や観光で参考にしてください。豊かな自然に恵まれた沖縄、景色を邪魔するようなものもなく、たくさんの絶景スポットがあります。今回は沖縄本島の絶景スポットを20選でご案内いたします。
qL7muYPoJLQs71Jd4HiyD,https://www.youtube.com/watch?v=5P51yMNawjc,EN,"Hida Osakak – Experience the Blessings of Nature, Waterfall Tours, and Hot Springs","NEXT GIFU HERITAGE~岐阜未来遺産～ is an advanced initiative for sustainable tourism in Gifu Prefecture, expected to become a travel destination chosen from around the world."
9IAV7Aeiftxt71MskcS9_,https://www.youtube.com/watch?v=jZbOimRYjZo,EN,「Perfect G」【つちのこ編】　貴方もこれで、岐阜マニア！,"Gifu Prefecture has many tourist attractions such as the World Heritage Site Shirakawa-go, Gero Onsen, Hida Takayama, and the cormorant fishing on the Nagara River, attracting many visitors every year. We want you to know more about Gifu Prefecture! 'Perfect G' uniquely highlights the charm of Gifu Prefecture. The first installment features 'Tsuchinoko' from Higashishirakawa Village. Please take a look. For more information on tourism in Gifu Prefecture, please visit the official Gifu tourism website 'Gifu Travel Guide'."
_Tr4PCTyAOvRW_2o1Pvlb,https://www.youtube.com/watch?v=ta0GgOC8WCw,EN,「Perfect G」【木枡編】　You too can be a Gifu fanatic!,"Gifu Prefecture has many tourist attractions such as the World Heritage Site Shirakawa-go, Gero Onsen, Hida Takayama, and the cormorant fishing on the Nagara River, attracting many visitors every year. We want you to know more about Gifu Prefecture! 'Perfect G' uniquely highlights the charm of Gifu Prefecture. The third installment features the wooden masu of Ogaki. Please take a look."
nNSgcc_GIbGvxxgM7T1r4,https://www.youtube.com/watch?v=DCsVMvM_Pv8,EN,Gifu City MICE Promotion Movie 【英語ショートバージョン】,
ZYD3R1nNaDocfFG_6c_NW,https://www.youtube.com/watch?v=0IBgnP1cC4A,EN,Gifu City MICE Promotion (Let's talk in the center of Japan!)【英語版】,
f7OWRM5W6v3fFYcpQFqjv,https://www.youtube.com/watch?v=5sQS8-zfsO8,EN,ニセコのもう一つの側面 春/夏2,"Niseko, one of the world's leading resort areas known for its powder snow. Behind the fact that half of the year is spent in winter, there is a vast and lush nature. In spring, there are rural activities such as river play, wild vegetable harvesting, cherry blossoms, and spring foliage. The melting snow increases the river's water volume, making thrilling rafting one of the representative summer activities."
UhfHRah-mvOmj1g2d6jz6,https://www.youtube.com/watch?v=xg5ZClkfCQ4,EN,ニセコのもう一つの側面,"Niseko, one of the world's top resort areas known for its powder snow. Behind spending half the year in winter lies a magnificent and lush nature."
HnXvgX-Bok0k-63gYlBEJ,https://www.youtube.com/watch?v=RZ8AI6TinJY,EN,ニセコのもう一つの側面 春/夏,"Niseko, known for its powder snow, is one of the world's top resort destinations. Behind the fact that it spends half of the year in winter lies a magnificent and lush natural environment. In spring, there are rural activities such as river play, wild vegetable harvesting, cherry blossoms, and spring foliage. The melting snow increases the river's water volume, making thrilling rafting one of the representative summer activities."
FFV41x1gMph1ir-OX062I,https://www.youtube.com/watch?v=HF9OKXPzxr0,EN,ニセコのもう一つの側面 アクティビティ,"Hokkaido's summer is one of the best activity paradises in Japan. In Niseko, there are countless activities such as camping, SUP, rafting, fishing, and sauna."
pkP44LEolOYDSV_RyAK3o,https://www.youtube.com/watch?v=vF9D706A48E,EN,NISEKO SNOW DOME EXPERIENCE インタビュー,"From late December 2024 to late February 2025, we will hold the large snow igloo dome event 'NISEKO SNOW DOME EXPERIENCE'. We will create a large multi-purpose dome made of snow, utilizing the heavy snowfall in the Niseko area, and perform a projection mapping show using the ceiling and wall parts inside the igloo. Additionally, a luxury ice bar will be open, serving cocktails and soft drinks in ice glasses."
hAJovMMEOIUk8DctmtwC-,https://www.youtube.com/watch?v=jG5jfn2pX5k,EN,NISEKO SNOW DOME EXPERIENCE 羊蹄太鼓ショー,"From late December 2024 to late February 2025, the large snow igloo dome event 'NISEKO SNOW DOME EXPERIENCE' will be held. A large multi-purpose snow igloo dome utilizing the heavy snowfall in the Niseko area will be created, and a projection mapping show will be held using the ceiling and wall parts inside the igloo. In addition, a Yotei Taiko show will be held every Thursday and Saturday at the same venue. A powerful performance of Yotei Taiko expressing the seasonal views of Mount Yotei and the people aiming for the summit, along with a hands-on experience by the Yotei Taiko Preservation Society, will be conducted."
waF3QbxTV0zzqzvye4X8k,https://www.youtube.com/watch?v=x8TDSC3UayM,EN,一期一会〜sustainability〜,"This channel introduces recommended spots in Niseko, one of Japan's leading resort areas!"
2QvVL8aZb2i2iHUsdMX2Y,https://www.youtube.com/watch?v=_2KkLYgI-do,EN,WINTER DAYS【北海道ニセコ】,"This channel introduces recommended spots in Niseko, one of Japan's leading resort areas! This time, we have produced a video showcasing the winter scenery of the Niseko area, so please enjoy a moment as if you are spending the leisurely winter time together."
sf-FyQl93w04KO9oqXPVy,https://www.youtube.com/watch?v=n6xgzNqvrpY,EN,【 #みんなのセレナーデ 】Snow Country Kids' Holiday,"This channel introduces recommended spots in Niseko, one of Japan's leading resort areas!"
PE8qHFCNg0co9fFP2v1jS,https://www.youtube.com/watch?v=NPJLexk9dNY,EN,【RISHIRI ACTIVITY PR動画】JAPAN HOKKAIDO RISHIRI / 北海道 利尻島 利尻町 4K 観光PR動画,"We produced a PR video for RISHIRI ACTIVITY on Rishiri Island, Hokkaido."
nm8d-lG8FJcA11P6QyZu4,https://www.youtube.com/watch?v=THP8ciSNU_U,EN,【Niseko Gourmet】Is it only open in winter because it takes a year to prepare ingredients!? A restaurant that is particular about its ingredients【明る-AKARU-】,"This is a channel introducing recommended spots in Niseko, one of Japan's leading resort areas! This time, we introduce '明る-AKARU-'! The restaurant is very particular about its ingredients, such as using additive-free and pesticide-free yuzu and pickling wild garlic harvested in spring until winter! It is only open in winter because it takes a year to prepare the ingredients! Be sure to visit before winter ends!"
7H9Zsy3G1X0hF3aL7RiTr,https://www.youtube.com/watch?v=-alS_UTqXSQ,EN,ワーケーション ニセコ 6秒,This channel is operated by the Kutchan Tourism Association located in the Niseko area of Hokkaido.
bvC2F7A0JQpcDKtdSDYKX,https://www.youtube.com/watch?v=lEFKcvZBbKg,EN,【仕事紹介】観光案内所のおしごとって？ニセコのお客さんはオーストラリアの方ばかり⁇ | 異日常で日常を過ごす滞在型旅行｜ニセコサマーステイ（倶知安観光協会）,"This channel recommends summer stays in Niseko, Hokkaido! It is operated by the Kutchan Tourism Association located in the Niseko area of Hokkaido."
hX5Z-lnWNa0ZSlTWrYDzf,https://www.youtube.com/watch?v=W77R8a53J9Q,EN,【感謝】チャンネル登録100人！お祝いにゲストが挑戦！夏は北海道ニセコがオススメ！異日常で日常を過ごす滞在型旅行｜ニセコサマーステイ（倶知安観光協会）,"This channel recommends summer stays in Niseko, Hokkaido! This channel is operated by the Kutchan Tourism Association located in the Niseko area of Hokkaido."
L1_PRw4P3U1g0Q0S3Or9V,https://www.youtube.com/watch?v=13lFAbZwgos,EN,"【絶景】Spring in Niseko, Hokkaido. The Shibazakura is too beautiful! <Vlog style> A stay-type trip in an extraordinary daily life | Niseko Summer Stay (Kutchan Tourism Association)","This channel recommends summer stays in Niseko, Hokkaido! This channel is operated by the Kutchan Tourism Association located in the Niseko area of Hokkaido. Given the current situation, it may not be possible to travel, but I hope that when the coronavirus pandemic is over and the time comes to travel, 'Niseko, Hokkaido' will be one of the options you consider."
YL9ilpNmC2X2xSHE18pxr,https://www.youtube.com/watch?v=drO7t93J7uw,EN,NISEKOサマーステイ,Enjoy imaging NISEKO Summerstay!!
HJl-pSO6meCcNy5a7CVNF,https://www.youtube.com/watch?v=Ohy7f_P4hdE,EN,【Kanagawa Tourism】A Journey to Explore Hidden Gems You Don't Know Yet: 8 Selected Spots in Kanagawa,神奈川県への旅行や観光で参考にしてください。今回は神奈川県の名所スポットをご紹介します。この動画で紹介されてないオススメがありましたら、ぜひコメント欄でシェアしてくださいね。
YlGzNOfRyyMEPRMaZeM4_,https://www.youtube.com/watch?v=tiVkUEUTAKU,EN,2025年度森の京都文化観光サポーターラジオ 第3回「丹波漆＆やくの木と漆の館」,"This is the broadcast audio of the radio program 'Mori no Kyoto presents Do you know? Traditional Culture in Fukuchiyama' on Kyoto FM Tanba. Two years after the previous series 'Do you know? Traditional Culture in Fukuchiyama', this series features regular guest Cahal from Ireland, who lives in Fukuchiyama, and focuses on the intangible cultural assets and traditional culture of Fukuchiyama. In the third episode 'Tamba Urushi & Yaku no Ki to Urushi no Kan', the first half introduces the history of Japanese lacquer and what was used instead of lacquer overseas. In the second half, we welcomed Akiko Hiraoka, the director of 'Yaku no Ki to Urushi no Kan' located in Yaku no Town, Fukuchiyama City. The museum introduces Tamba lacquer and displays tools used for lacquer tapping, as well as offering experiences in lacquer application and kintsugi. We discussed what activities are conducted at the museum and the director's efforts in promoting Tamba lacquer."
eX7ker9n14TCZAg5KL7rm,https://www.youtube.com/watch?v=qqXwLDqQxr8,EN,2025年度森の京都文化観光サポーターラジオ 第2回「和紙＆丹後二俣紙保存会」,"This is the broadcast audio of the radio program 'Mori no Kyoto presents Do you know? Traditional Culture in Fukuchiyama' on Kyoto FM Tanba. Two years have passed since the previous series 'Do you know? Traditional Culture in Fukuchiyama', and this series features regular guest Cahill, who lives in Fukuchiyama and discusses the intangible cultural assets and traditional culture of Fukuchiyama. In the second episode 'Washi & Tango Futamata Paper Preservation Society', the first half introduces the history of paper and the differences between Western paper and Japanese paper. In the second half, we invited Yoshiko Ohmori, the daughter of Toshihiro Tanaka, the fifth generation of Tanaka Paper Industry, which is the only inheritor of Tango Washi, to talk about her motivation to become a washi craftsman, her current feelings, and the activities of the Tango Futamata Paper Preservation Society."
t7JtDmHE24bFSecSqdqsq,https://www.youtube.com/watch?v=R4MK2nL6h5k,EN,2025年度森の京都文化観光サポーターラジオ 第1回「盆踊り＆福知山踊振興会」,"This is the broadcast audio of the radio program 'Mori no Kyoto presents Do you know? Traditional Culture in Fukuchiyama' on Kyoto FM Tanba. Two years after the previous series 'Do you know? Traditional Culture in Fukuchiyama', this series features regular guest Cahal, who is from Ireland and lives in Fukuchiyama, focusing on the intangible cultural assets and traditional culture of Fukuchiyama city. In the first episode 'Bon Odori & Fukuchiyama Dance Promotion Association', in the first half, we asked Cahal and Mr. Tamura, the president of the Fukuchiyama Dance Promotion Association, about the differences between dances around the world and Japanese dances. In the second half, the president, who has lived most of his life with Fukuchiyama dance, shared his encounter with Fukuchiyama dance, activities in the promotion association, and his thoughts for the future."
3vmZijY9rYf6IDEGUjJBS,https://www.youtube.com/watch?v=UhTHa6NbCyA,EN,Best spots to visit & photogenic places around Narai-juku【長野県 木曽路観光】塩尻市の人気スポット、奈良井宿をご紹介,"This is a detailed page for shooting spots 'Kiso Valley Trip' → https://kiso-nagano.ne.jp/youtubespot-shiojiri/

[Narai-juku in Shiojiri City] A very popular post town located in the middle of the Nakasendo. Walking through the streets that have remained for 200 years feels like a time slip. In the approximately 1 km long post town, there are cafes and restaurants where you can enjoy not only the taste but also the atmosphere, such as a 180-year-old traditional house cafe. There are also traditional craft shops like Kiso lacquerware lined up. A popular tourist destination that you must visit at least once!

[Recommended Places]
♦ Kiso Living Craft Museum
→ https://www.kiso.or.jp/
♦ Niegawa Checkpoint
→ https://www.city.shiojiri.lg.jp/soshiki/75/3813.html"
z5wH0fy3adN4Ji6Sm-uwV,https://www.youtube.com/watch?v=uMaEMiIr0eQ,EN,Kihoku Town Tourism Association Official Video: Food Journey Edition,紀北町観光協会の公式YouTubeです。三重県紀北町には、熊野古道「伊勢路」を旅するにはもってこいの景色と食が待っています。自然の恵みに活かされて育ったこの土地ならではの美味しいものがつまった〈食の旅編〉です。
uMAL3G_8e3YVX4LLOc9s4,https://www.youtube.com/watch?v=HSWDKsiN8H4,EN,"Ise Lobster ~Grilled Version~【Kihoku Town, Mie Prefecture】",簡単にできる伊勢海老の”丸焼きのつくり方”を動画でご紹介します。焼きたて伊勢海老をぜひご自宅で！この機会に伊勢海老料理に挑戦してみてください。
QYzwtDo-0_Pb8f_hr22Ju,https://www.youtube.com/watch?v=GkoIy072qJU,EN,Ichiki-Kushikino City: Satsuma Student [Virtual Kagoshima Tourism],～薩摩藩遺英使節団メンバー全19名～
E9OJzuI5YXhrNwTlX-4wi,https://www.youtube.com/watch?v=UbOsE8bvWxs,EN,Ichiki-Kushikino City Vol.3 Night Cherry Blossoms at Kannon Pond and Pink Moon [Air Hanami],いちき串木野市の桜開花の様子です。ライトアップされた観音ヶ池市民の森公園の夜桜を撮影しました。この日は「ピンクムーン」でとても綺麗な満月と桜のコラボレーションが撮れました。（2020.4.8撮影）
K3sEuMVi30uiEOC7Kb-rF,https://www.youtube.com/watch?v=CuNNOy_vSbc,EN,Shin KAGAWA,撮影にご協力いただきました皆さまをご紹介します。
EoXsbLihY_Xj7xIvivRCM,https://www.youtube.com/watch?v=f6rC5HD5lCo,EN,Heart of Kagawa,撮影にご協力いただきました皆さまをご紹介します。
_BnxGMfEnWIT2OwjFixmg,https://www.youtube.com/watch?v=4fIxGsdhocg,EN,18 最後に,
RCZcPNHpWBHIhyZHQN4pM,https://www.youtube.com/watch?v=MIA343cfChw,EN,07 Piloti柱,
UmGl1LWY-hh7DNq8LXE1w,https://www.youtube.com/watch?v=3GoxWaz-xUA,EN,아트 아일랜드 카가와　30초 버전,素朴さと洗練さが共存する島々がある香川県で、皆さんの眠っていた感性を呼び起こしてみてはいかがでしょうか？
ApEcyDugW4Q1v_lKCJ-X5,https://www.youtube.com/watch?v=LqcfyjTepAQ,EN,아트 아일랜드 카가와　3분 버전,素朴さと洗練さが共存する島々がある香川県で、皆さんの眠っていた感性を呼び起こしてみてはいかがでしょうか？
FwOf_mhI6k-LF1ll7sa2x,https://www.youtube.com/watch?v=-qVjhj0pd8E,EN,เที่ยวตลอด 4 ฤดู ที่จังหวัดอุด้ง [15min],香川県にはあなたが思っている以上のものがあります。あなたにぴったりの「香川」を見つけに行きましょう。
VN091fUgF5mTn6mM9FRWQ,https://www.youtube.com/watch?v=O_MEMVp6iHg,EN,เที่ยวตลอด 4 ฤดู ที่จังหวัดอุด้ง [3min],香川県にはあなたが思っている以上のものがあります。あなたにぴったりの「香川」を見つけに行きましょう。
U4tWrROABzdmkBl1ZoQHn,https://www.youtube.com/watch?v=JZ50vkLtPTM,EN,เที่ยวตลอด 4 ฤดู ที่จังหวัดอุด้ง [1min],香川県にはあなたが思っている以上のものがあります。あなたにぴったりの「香川」を見つけに行きましょう。
GDN4EjJ87AJ0NauWgEYZH,https://www.youtube.com/watch?v=5_Ge0ZY-v3Q,EN,"【関東最大級・あじさいの森】今年も6月中旬から『あじさい祭り』を開催します！1200品種28,000株のあじさい園に行こう♪","Ajisai no Mori, located in Kitai-baraki City, Ibaraki Prefecture, is one of the largest hydrangea gardens in Kanto, boasting 1,200 varieties and 28,000 hydrangeas in full bloom. After exiting at Kitai-baraki IC on the Joban Expressway, it takes about 10 minutes by car towards Mizunuma Dam and Hanazono Valley to reach the site. Each year, from mid-June to late June, 320 varieties of Yamajisai and Ezoajisai are in full bloom, and from mid-June to mid-July, 600 varieties of Temari-type and Gaku-blooming hydrangeas reach their peak. The garden features 320 varieties of wild Yamajisai collected by the Japan Hydrangea Association, as well as about 150 original varieties cultivated by Japanese breeders, providing a stunning display of hydrangeas. Additionally, visitors can enjoy the rare foreign species Anabelle and Kashiwaba hydrangeas."
ecLpO40ycVG2rMqA2P3fO,https://www.youtube.com/watch?v=JwHGBJ91I-A,EN,【素材提供用】Kitaibaraki City Tourist Spot Image Video,"This is video material provided for Kitaibaraki City, Ibaraki Prefecture."
Beh1QTLOgzSoqctxZks7u,https://www.youtube.com/watch?v=90qiOEax2mc,EN,※字幕ON推奨 【茨城県のおすすめキャンプ場】花園オートキャンプ場 〜初心者も安心〜 関東  茨城 キャンプ場 おすすめ,"The 'Hanazono Auto Campground' located in Kitaibaraki City, Ibaraki Prefecture.
Ibaraki Prefecture is famous for having about 160 campgrounds in the prefecture, making it one of the most diverse camping fields in the country.
Among them, this campground is popular as a riverside field.

*Please make sure to watch with subtitles ON*

The auto camping sites (about 70㎡) are equipped with AC power and private water supply, making them very beginner-friendly!
There is also a motorhome site (150㎡) that can accommodate large vehicles.
Inside the campground, there is a flowing river where families can enjoy water play, making it popular among family customers!

Additionally, since the 'Hanazono River' flows near the campground, you can enjoy camping while listening to the sound of the clear stream♪
At night, the sky is filled with shining stars, captivating the hearts of campers...

Around the campground, there are many attractions such as 'Hanazono Shrine', which attracts many tourists from all over the country for its blessings of children and safe childbirth, the beautiful 'Nanatsutaki' during fresh greenery and autumn foliage, trekking at 'Eizoushitsu' and 'Oshozan', scenic autumn views at 'Hanazono Valley', and fishing experiences and river fish lunches at 'Masubuchi Fish Garden', so there are plenty of fun activities for the second day of camping too!!

Please create wonderful memories at the Hanazono Auto Campground in Kitaibaraki City＊

*When you turn on the subtitles, detailed explanations will be displayed."
rwoXfrSVj2EaRMemqMZVB,https://www.youtube.com/watch?v=xIYY7gIJjfY,EN,岡山市へようこそ【晴れの国】,"Welcome to OKAYAMA city, the land of sunshine."
DmrDVLi9GWU3082APuyV7,https://www.youtube.com/watch?v=1Xp-8pf5hoM,EN,【How to Enjoy Okayamajo!】忍者がご案内 ―岡山城の楽しみ方―,"Welcome to Okayama Castle. The 'Reiwa Major Renovation' was completed on November 3, 2022, and Okayama Castle has stepped into a new era. The aim was to be a 'castle that conveys history and gathers people.' With exhibitions supervised by historian Michifumi Isoda from Okayama City, various events, and nighttime rentals of the main keep, the castle has been renewed to be enjoyed in many ways. The deep black exterior further enhances the castle's presence, which is known as 'Ujo (Crow Castle).' Let's leave the formal introduction at that. This video presents a soft and approachable content, with a ninja guiding you through various aspects of Okayama Castle. Just like the safety video on an airplane, this video will lead you to a safe and secure journey at Okayama Castle. Of course, you won't truly understand Okayama Castle just from the video. Please come and visit us! We are waiting for you."
dDQEfBn9Cfi6ba_kcKwVq,https://www.youtube.com/watch?v=u6noQhjCv4c,EN,【Elementary School Edition】Ask Mr. Isoda! Okayama Castle Children's Tour,"A children's tour of Okayama Castle (おかやまじょう) held before its renewal opening, led by Michifumi Isoda (いそだみちふみ). We have released a video of the event!! With Isoda's unique explanations, everyone can enjoy it. Please take a look!!"
27Q7AzLUHXNOBtUcjFxRg,https://www.youtube.com/watch?v=vtZ2tdQczys,EN,Okayama City Tourism PR Video【岡山市へようこそ】,"We will introduce the seasonal attractions, activities, and gourmet food in Okayama City in a compact video. This is a reference for those visiting Okayama, a chance to learn about and rediscover the charm of Okayama..."
bdqdwDYFOK6M5n0aHiqrO,https://www.youtube.com/watch?v=ps4pV7mMfWw,EN,Visiting a Japanese Home ／ おもてなし編,Learn more about KANSAI: https://www.the-kansai-guide.com/en/
xpN9i1znmWmYBLQGhz5dy,https://www.youtube.com/watch?v=QmmaHdRXFHE,EN,New Okayama Castle: The Great Renovation of the Reiwa Era,大規模改修中の岡山城について、令和4年1月6日から4月21日までの改修工事の様子をまとめたPR動画を作成しました。タイムラプス、ドローンなどを活用して撮影し、岡山城の外観リニューアルの様子や現場のリアルな音などによる臨場感が高い映像となっています。11月3日のリニューアルオープンを楽しみにお待ちください。
RJ756bWp57Vsm1L7BnLTG,https://www.youtube.com/watch?v=lGGSXpYjPb4,EN,The Singing Princess - 豪姫が「愛」を歌う,"New Okayama Castle PR site https://kin-ujo.jp/

Okayama Castle is undergoing a major renovation ahead of its grand reopening in November 2022.

The music video ""Dakara Okayama-jo"" is themed around ""Go-hime,"" the wife of the castle's builder, Ukita Hideie. It dramatically expresses the relationship between the two.

""Even if Okayama Castle changes, our love will not change—""
The video expresses timeless feelings while interweaving the renovation of Okayama Castle.

The role of Go-hime is played by Nagi Kajiwara, a talent from Okayama Prefecture.
The dance performed in the video is choreographed by Nagi Kajiwara herself.

*The Okayama Castle keep shown in the MV is currently under assembly.

*You might enjoy it more if you watch the previous work. Please check it out as well.
↓ ↓ ↓
[Ninja Tried Singing Seriously] Goodbye Okayama Castle
https://www.youtube.com/watch?v=9ABnOSV5dgA

------

""Dakara Okayama-jo""
Sung by: Nagi Kajiwara
Lyrics: Kanya Kuroto
Composition and Arrangement: Tadashi Tsukida

I want to show it to the lord of Ukita
Your beloved castle is changing, look

For over 400 years, I've been waiting
For the day I can meet you, I've been waiting

Even if swept away by the times, I will overcome
Together with the people of Okayama, we will unite our strength
Under construction!

So Okayama Castle
Your home
No matter what the world becomes
Your hometown is always here

So Okayama Castle
The time for rebirth is now
Let's start over again
I want to walk hand in hand together
Okayama, castle town

I am Go-hime, True Love Story
Destined love never ends."
O9Wd1rii4yORDDfA2MTM2,https://www.youtube.com/watch?v=8B8N21NkKpU,EN,【岡山城】磯田道史氏による歴史解説 Explanation about the history of Okayama Castle by Michifumi Isoda of a historian,"Explanation about the history of Okayama Castle by Michifumi Isoda of a historian. The castle's tower (Tenshukaku), moon-viewing turret, and the changes in stone walls are explained. This is a digest version, but detailed content consisting of six parts can be viewed at the Okayama Castle tower."
0EuLvmGYMrrGV5X9FEyif,https://www.youtube.com/watch?v=iCKPW7nKlmQ,EN,ザランタン芦別 Official Promotion Movie 4K | Hokkaido Ashibetsu City,"This is a promotional video for Zalan Tan Ashibetsu, which opened in July 2021. It is a glamping facility themed 'Let's stay in a fairy tale world.'"
YWSQYkXikeMHTQxqkHBe0,https://www.youtube.com/watch?v=kZo2T5MsZ0Y,EN,◤Okinawa Trip◢ Urban Chic Urasoe City along National Route 58 #1016 Okinawa Walk,４K：那覇市の隣、浦添市国道58号沿いをさんぽ
F9Fw2sQ6U2lsApjhLSHpW,https://www.youtube.com/watch?v=WHlmmqilIl8,EN,"◤Okinawa Trip◢ Okinawa's rainy season has not come, and it's suddenly summer! #988 Okinawa Walk / 沖縄散歩",This is a video that introduces various parts of Okinawa while taking a leisurely walk.
lQ-0r27eGLjTM0BobKKsg,https://www.youtube.com/watch?v=zCHGsHzt8Fc,EN,◤Okinawa Trip◢ 1年半後の復興『Bustling Shuri Castle』♯956 Okinawa Stroll,4K: [Regular Broadcast] Shuri Castle bustling with tourists as spring break begins.
aUeT5u4M2Yj9sGGxc_keY,https://www.youtube.com/watch?v=nV5EXCnHzuI,EN,◤Okinawa Trip☂ Rainy Days OK◢大量購入の沖縄土産『天久りうぼう』♯946 Okinawa Stroll,A video that introduces various parts of Okinawa while taking a leisurely walk.
1v5Rth8nmvtmlLmx-Y_rQ,https://www.youtube.com/watch?v=zG1yfISR6WU,EN,2024 38th NAHA Marathon,沖縄の各地をのんびりと散歩しながら紹介する動画です。
wNKXCOLgNmh8p0w1lNs66,https://www.youtube.com/watch?v=6IUhn-GdweY,EN,◤Okinawa Trip◢ Walking Around the Accessible Island [Senaga Island] ♯847 Okinawa Stroll: Okinawa Walk,4K: '世界の朝ごはん in 瀬長島'開催中。多くの人で賑わう瀬長島を早朝さんぽ。
nOgSKD8DebSIBcacOOk1h,https://www.youtube.com/watch?v=AkyrvSDzooI,EN,【Hokkaido Ashibetsu Tourism Association Official Tourism PR Video】VISIT THE ASHIBETSU 4K / JAPAN HOKKAIDO,北海道芦別市の芦別観光協会公式観光PR動画です。
iIdkJdlD8rOzvoNF0VLAN,https://www.youtube.com/watch?v=VJN3m9qKeM4,EN,◤Okinawa Tourism◢ Okinawa Summer 'A Water Walk on the Sea Road Wetlands for the First Time in 3 Years' ♯731 Okinawa Travel Okinawa Walk: Okinawa Stroll,4K: うるま市の観光スポット『海中道路』沿いの広大な干潟を３年振りに水上をゆったりと散歩。夏を予感させる青い海，空の下をご一緒にさんぽ気分で！
oOhjXSxo93mQ3SkkkfxWU,https://www.youtube.com/watch?v=tRZhZz5LYmU,EN,"◤Okinawa Tourism◢ Naha Airport, bustling even in mid-GW ♯728 Okinawa Travel Okinawa Walk",4K: 2024年5月3日(金)，GWも後半戦ですが｢那覇空港｣多くの観光客で賑わっていました。
fNjqnF9ShkANEiaAWehZa,https://www.youtube.com/watch?v=fk9VF1mvLvQ,EN,◤Okinawa Tourism◢ Sightseeing Drive 'Around Motobu Town' ♯727 Okinawa Travel Okinawa Walk,沖縄の各地をのんびりと散歩しながら紹介する動画です。
pSmlu1Pf7QMgGbTS4pF4j,https://www.youtube.com/watch?v=Hb39kZ2Hv4Y,EN,◤Okinawa Tourism◢ お中元をスーパー『首里りうぼう』で購入 ♯580 沖縄旅行 おきなわさんぽ 沖縄散歩,It is a video that introduces various parts of Okinawa while taking a leisurely walk.
HkjN5BzCst7Ij2VUfixLU,https://www.youtube.com/watch?v=2Bho8mQmIMQ,EN,【Hokkaido】Around The Hokkaido 4K / JAPAN HOKKAIDO 観光PR動画,Enjoy the great nature of Hokkaido.
9cavnAr_Eqhb2Nh3oRTe4,https://www.youtube.com/watch?v=udhhn2xxaIg,EN,◤Okinawa Tourism ☂ Rainy Days OK ◢ The Best Farmers 'Happy More Market in Summer 2023!' ♯524 Okinawa Travel Okinawa Walk,"4K: 本島中部西海岸の商業施設『ぎのわんゆいマルシェ』内にあるファーマーズマーケット『ハッピーモア市場』をご紹介。相変わらずの人気で，地元民や観光の方など多くの人で賑わっていました。

県外・県内を問わず，現地を訪れのはなかなか難しいですよね。この動画でご一緒にさんぽ気分をお楽しみ下さい。

沖縄の各地をのんびりと散歩しながら紹介する動画です。"
y6bja-jcVRVsLW8v6ixts,https://www.youtube.com/watch?v=5T9dvEIyyuQ,EN,◤Okinawa Tourism◢ JA Farmers Market 'Chanpuru Market' ♯460 Okinawa Travel Okinawa Stroll Okinawa Walk,今回は，沖縄市美里のJAで買い物。沖縄の野菜・果物・惣菜をご紹介します。外国人の買い物客も目立つ賑わうファーマーズマーケットをどうぞ。県外・県内を問わず，現地を訪れのはなかなか難しいですよね。この動画でご一緒にさんぽ気分をお楽しみ下さい。
GllTbAdug_xHF1W7AvSZS,https://www.youtube.com/watch?v=DMfxCYfcX3k,EN,◤Winter Okinawa Tourism◢ 'Choi Nomi Yatai Street' along Naha Market Street ♯438 Okinawa Travel,那覇のど真ん中，国際通りから延びる市場通り。その界隈には，千ベロを始めちょい飲みの屋台・店舗がたくさんあります。年末，楽しげな雰囲気の中をさんぽ気分でどうぞ。県外・県内を問わず，現地を訪れのはなかなか難しいですよね。この動画でご一緒にさんぽ気分をお楽しみ下さい。
VfrR2u8zBZTQdNrSB6r9f,https://www.youtube.com/watch?v=YxzK3NgT2ps,EN,◤Winter Okinawa Tourism◢ Okinawa's Largest 'Tropical Resort Illumination' ♯427 Winter Okinawa Travel,こんにちは。今回は，冬の沖縄観光に最適な人気スポット。東南植物楽園で開催されている『南国リゾートイルミネーション 2022-2023』をご紹介します。イルミネーションアワードで全国３位を受賞，広大な植物園ならではの幻想的なイルミネーションは必見ですよ🤗
T7SKHaSpODqW91whXEaa4,https://www.youtube.com/watch?v=hA4s-Rc3Wjk,EN,◤Okinawa Tourism◢ Sunset Resort 'Hotel Nikko Alivila' ♯420 Okinawa Trip,ハイクラスリゾートホテルのパイオニア『ホテル日航アリビラ』とシーフロント『ニライビーチ』の美しいサンセットの中をさんぽ。
FvwVcZJuwbDT_zSuyLjEV,https://www.youtube.com/watch?v=NDyvexKK5SQ,EN,"◤Okinawa Tourism◢ In the heart of Naha, 'All-you-can-eat Pizza' at Shakey's Tsubogawa Store ♯408 Okinawa Trip","A two-minute walk from the station, Shakey's Tsubogawa Store offers all-you-can-eat pizza and side dishes for adults at ¥1380 (including tax), making it a great value.

Okinawa City: Plaza House Store ▸https://youtu.be/p8Ba4wcK0bE
Nanjo City: Aeon Nanjo Store ▸https://youtu.be/jlsK0B5FG24
Kadena Town: Neable Kadena Store ▸https://youtu.be/zKJg8gwJDK8
　　　　　*Currently closed

It's quite difficult to visit the site, whether from outside or within the prefecture.
Enjoy a stroll with this video.

Japan Okinawa Tourism 오키나와 일본 관광 冲绳日本观光 Bersiar-siar di Okinawa Jepun Viaje a japón 沖縄散歩 おきなわ散歩 沖縄さんぽ 沖縄観光 沖縄旅行
This video introduces various parts of Okinawa while taking a leisurely walk."
o3pHeaNj7Upb-EhYDs7YB,https://www.youtube.com/watch?v=Pz9u6v2ZNvk,EN,◤Okinawa Tourism◢ 100% Tourist Rate Beach 'BEACH51: Zanee Beach' ♯379 Okinawa Trip,"大賑わいの絶景のビーチ『ザネー浜：ビーチ51』

県外・県内を問わず，現地を訪れのはなかなか難しいですよね。 この動画でご一緒にさんぽ気分をお楽しみ下さい。

沖縄の各地をのんびりと散歩しながら紹介する動画です。"
568llD3TJZ-w_qgwfYT2I,https://www.youtube.com/watch?v=p4NW5P8JQno,EN,◤Okinawa Tourism◢ The newest SC in Okinawa 'iias Okinawa Toyosaki: Part 2 and 3' Summer 2022! Tomigusuku City #376 Okinawa Travel,"12 minutes from the airport! Introducing all floors of 'iias', one of the three major shopping centers in Okinawa, without cuts.

iias Okinawa Part 1 on the first floor ▶https://youtu.be/lYjHe1Ah_Eg
Aeon Mall Okinawa Rycom ▶https://youtu.be/fF3YbFsj9Jc
San-Ei Parco City ▶https://youtu.be/ec-QTUb47eA

It's quite difficult to visit the site, whether from outside or within the prefecture.
Enjoy the walking feeling together with this video.

Japan Okinawa Tourism 오키나와 일본 관광 冲绳日本观光 Bersiar-siar di Okinawa Jepun Viaje a japón 沖縄散歩 おきなわ散歩 沖縄さんぽ 沖縄観光 沖縄旅行
This is a video that introduces various parts of Okinawa while taking a leisurely walk."
NiUpejEnJBTLIrwxco2Dd,https://www.youtube.com/watch?v=zG7KYrtOAjs,EN,Okinawa Tourism: The Heart of Naha 'Makishi Public Market' ♯374 Okinawa Trip,"2022 Summer! Machigwā (Market) along Kokusai Street

It's quite difficult to visit the site, whether from outside or within the prefecture.
Enjoy the walking feeling together with this video.

Japan Okinawa Tourism 오키나와 일본 관광 冲绳日本观光 Bersiar-siar di Okinawa Jepun Viaje a japón 沖縄散歩 おきなわ散歩 沖縄さんぽ 沖縄観光 沖縄旅行
This is a video that leisurely introduces various parts of Okinawa while taking a walk."
TQ4V5BliMGwfH974KpAth,https://www.youtube.com/watch?v=1KXjbMZo9ec,EN,◤Okinawa Tourism◢ A Journey Along Route 58 'Attractions Along the Way' Vol. 3. Ginowan to Chatan Edition #335 | Tropical Beach | 2nd LIFE | TOP RANK | Araha Beach | Blue Seal Chatan Store | Okinawa Trip,"Chapter.
00:00 Opening & Digest
01:50 Tropical Beach ▶https://youtu.be/m2VQLxoWv2g
04:15 2nd LIFE ▶https://youtu.be/mhXQdwb6OQk
07:48 TOP RANK ▶https://youtu.be/IRV9tuWzgxs
11:55 Araha Beach ▶https://youtu.be/M1XPBg4DySo
15:22 Blue Seal Chatan Store ▶https://youtu.be/UEAYyW_cZCU

Visiting the site is quite difficult, whether from outside or within the prefecture.
Please enjoy the walking feeling together with this video.

Japan Okinawa Tourism 오키나와 일본 관광 冲绳日本观光 Bersiar-siar di Okinawa Jepun Viaje a japón 沖縄散歩 おきなわ散歩 沖縄さんぽ 沖縄観光 沖縄旅行
This is a video that introduces various parts of Okinawa while taking a leisurely walk."
pJgYApZv-L2Uh9ixqQZWt,https://www.youtube.com/watch?v=PKZ02obvWk8,EN,◤Okinawa Tourism◢ A Journey Along Route 58 'Tourist Spots Along the National Route' vol.1｜Naha Edition｜ #330｜Kafuna Asahibashi｜Kokusai Street｜Naminoue Beach｜Fukushuen｜Naha New Town｜Jimmy Naha Store｜ Okinawa Travel Okinawa Stroll,"Chapter.
00:00 Opening & Digest
01:56 Kafuna Asahibashi ▶https://youtu.be/RQ9V81JNYuQ
03:52 Kokusai Street ▶https://youtu.be/a_RxxC61UKQ
05:06 Naminoue Beach ▶https://youtu.be/CLNvbayKFUI
06:04 Fukushuen ▶https://youtu.be/ciL1ae8AQQo
09:50 Naha New Town ▶https://youtu.be/K9G1oUY64n0
12:26 Jimmy Naha Store ▶https://youtu.be/kwz20BoCw0w

Visiting the site is quite difficult, regardless of whether you are from outside or inside the prefecture.
Please enjoy the stroll feeling together with this video.

Japan Okinawa Tourism 오키나와 일본 관광 冲绳日本观光 Bersiar-siar di Okinawa Jepun Viaje a japón 沖縄散歩 おきなわ散歩 沖縄さんぽ 沖縄観光 沖縄旅行
This is a video that introduces various parts of Okinawa while taking a leisurely walk."
svuRwefbeiX6CE3th9jnN,https://www.youtube.com/watch?v=M3CtDWmI9V0,EN,◤Okinawa Tourism◢ Popular Tourist Spots Early Morning Island Walk 'Circled Senaga Island!' ♯321 Okinawa Travel Recommended Okinawa Walk,"Chapter.
00:00 Opening
01:04 South Outer Route of Senaga Island
04:12 Umikaji Terrace
06:05 Senaga Island Hotel
09:01 North Outer Route of Senaga Island

Umikaji Terrace Official▶https://www.umikajiterrace.com/
Senaga Island Hotel Official▶https://www.resorts.co.jp/senaga
Senaga Maribu Official▶https://www.kans-okinawa.co.jp/

It is quite difficult to visit the site regardless of whether you are from outside or inside the prefecture.
Please enjoy the walking feeling together with this video.

Japan Okinawa Tourism 오키나와 일본 관광 冲绳日本观光 Bersiar-siar di Okinawa Jepun Viaje a japón 沖縄散歩 おきなわ散歩 沖縄さんぽ 沖縄観光 沖縄旅行
This is a video that introduces various parts of Okinawa while taking a leisurely walk."
f5l6rAmB4xS2jMv3W4h1D,https://www.youtube.com/watch?v=N4OnnrUyfIs,EN,"◤Okinawa Tourism◢ JA Okinawa Farmers Market 'Yunta Market' for Souvenirs, Bento, Side Dishes, and Sweets! Yomitan Village ♯316 Okinawa Travel Recommended Okinawa Stroll","Yunta Market Official ▶ https://www.ja-okinawa.or.jp/farmersmarket/detail.php?id=540

Visiting the site is quite difficult, whether from outside or within the prefecture. Enjoy the stroll feeling together with this video.

Japan Okinawa Tourism 오키나와 일본 관광 冲绳日本观光 Bersiar-siar di Okinawa Jepun Viaje a japón 沖縄散歩 おきなわ散歩 沖縄さんぽ 沖縄観光 沖縄旅行
This is a video that introduces various parts of Okinawa while taking a leisurely walk."
NPc_dT5eNHE4pmbV42Foy,https://www.youtube.com/watch?v=KoblmMX3lGk,EN,☂Rainy Day☂ Okinawa Tourism ♯2 'Southern Okinawa Trip - Part 2' | Ryukyu Glass Village | Road Station Itoman | Former Navy Command Bunker | San-A Parco City | ♯308 Okinawa Travel Recommendations OKINAWA WALK Okinawa Stroll,"Chapter.
00:00 Opening
01:56 Ryukyu Glass Village
06:47 Road Station Itoman
11:21 Former Navy Command Bunker
17:51 San-A Parco City

Ryukyu Glass Village: Glassblowing Experience Official▶https://www.ryukyu-glass.co.jp/workshop/work-glass/
Ryukyu Glass Village Official▶https://www.ryukyu-glass.co.jp/
Road Station Itoman: Tabirai▶https://www.tabirai.net/sightseeing/tatsujin/0000304.aspx
Former Navy Command Bunker Official▶http://kaigungou.ocvb.or.jp/
San-A Parco City Official▶https://www.parcocity.jp/

It is quite difficult to visit the site, whether from outside or within the prefecture.
Please enjoy the walking feeling together in this video.

Japan Okinawa Tourism 오키나와 일본 관광 冲绳日本观光 Bersiar-siar di Okinawa Jepun Viaje a japón 沖縄散歩 おきなわ散歩 沖縄さんぽ 沖縄観光 沖縄旅行
This is a video that introduces various parts of Okinawa while taking a leisurely walk."
OWlRl0rFEcUhuUSbPAd_G,https://www.youtube.com/watch?v=D25KtE5Tcy8,EN,☂Rainy Day☂ Okinawa Tourism ♯1 'Southern Okinawa Trip - Part 1' | Gyokusendo Cave | Ryukyu Kingdom Village | Kokusai Street Shopping District | Department Store Ryubo | ♯308 Okinawa Travel Recommendations Okinawa Walk,"Recommended spots for Okinawa sightseeing on rainy days

Okinawa World
Gyokusendo Cave and Kingdom Village Official HP▶https://www.gyokusendo.co.jp/okinawaworld/

Department Store Ryubo Official▶https://ryubo.jp/

It is quite difficult to visit the site regardless of whether you are from outside or inside the prefecture.
Please enjoy the walking feeling together in this video.

Japan Okinawa Tourism 오키나와 일본 관광 冲绳日本观光 Bersiar-siar di Okinawa Jepun Viaje a japón 沖縄散歩 おきなわ散歩 沖縄さんぽ 沖縄観光 沖縄旅行
This is a video that introduces various parts of Okinawa while taking a leisurely walk."
gveOqxmLMQmbHEVSORrMc,https://www.youtube.com/watch?v=UvlIJtE5_9o,EN,"◤Okinawa Tourism◢ May 2022 Rainy Okinawa 'National Route 58 Edition' Introducing Jimmy, A&W, Parco City, and Okinawa Rycom a little ｜ Naha to Chatan Drive Walk ♯303 Okinawa Travel Recommended Okinawa Walk","Full version video of 'Jimmy'
▶https://studio.youtube.com/video/kMYkuW4raLQ/edit
Full version video of 'San-A Parco City'
▶https://studio.youtube.com/video/ec-QTUb47eA/edit
Full version video of 'Makiminato Stateside Town'
▶https://studio.youtube.com/video/pk_vlVYovRU/edit
Full version video of 'A&W Blue Seal Makiminato Main Store'
▶https://studio.youtube.com/video/PYwSsjm8VSw/edit
Full version video of 'Tropical Beach'
▶https://studio.youtube.com/video/m2VQLxoWv2g/analytics/tab-overview/period-defaul
Full version video of 'Araha Beach'
▶https://studio.youtube.com/video/Y9FWIR0GX6I/edit
Full version video of 'Aeon Mall Okinawa Rycom'
▶https://studio.youtube.com/video/8nYDm54XvbA/edit

It is quite difficult to visit the site regardless of whether you are from outside or inside the prefecture.
Please enjoy the walking feeling together with this video.

Japan Okinawa Tourism 오키나와 일본 관광 冲绳日本观光 Bersiar-siar di Okinawa Jepun Viaje a japón 沖縄散歩 おきなわ散歩 沖縄さんぽ 沖縄観光 沖縄旅行
This is a video that introduces various parts of Okinawa while taking a leisurely walk."
G9j-yogsN4CdOBdCcgl3K,https://www.youtube.com/watch?v=eLAOQ3eCnuM,EN,◤Okinawa Tourism◢ Just Before GW Part 2 '4th Floor Aeon Mall Okinawa Rycom' Introducing All Stores on the 4th Floor.,"Aeon Mall Okinawa Rycom Official HP▶https://okinawarycom-aeonmall.com/
Introduction of the first and second floors Part 1 YouTube▶https://youtu.be/8nYDm54XvbA
Introduction of the third floor Part 1 YouTube▶https://youtu.be/bZR0MmsRd0I

It is quite difficult to visit the site regardless of whether you are from outside or inside the prefecture.
Please enjoy the walking feeling together in this video.

Japan Okinawa Tourism 오키나와 일본 관광 冲绳日本观光 Bersiar-siar di Okinawa Jepun Viaje a japón 沖縄散歩 おきなわ散歩 沖縄さんぽ 沖縄観光 沖縄旅行
This is a video that introduces various parts of Okinawa while taking a leisurely walk."
In73WfyjT8db7pNjbJfn_,https://www.youtube.com/watch?v=bZR0MmsRd0I,EN,◤Okinawa Tourism◢ Just Before GW Part 2 '3rd Floor Aeon Mall Okinawa Rycom' Introduction of All Stores Around the 3rd Floor. ♯288 Okinawa Walk Okinawa Travel Recommended Spots,"Chapter.
00:00 Opening and Digest.
02:03 Full Tour of the Food Court
05:25 Full Tour of the Remaining Parts of the 3rd Floor

Official Website of Aeon Mall Okinawa Rycom▶https://okinawarycom-aeonmall.com/
Introduction of the 1st and 2nd Floors Part 1 YouTube▶https://youtu.be/8nYDm54XvbA
Introduction of the 4th Floor Part 1 YouTube▶https://youtu.be/eLAOQ3eCnuM

It is quite difficult to visit the site regardless of whether you are from outside or inside the prefecture.
Please enjoy the walking feeling together with this video.

Japan Okinawa Tourism 오키나와 일본 관광 冲绳日本观光 Bersiar-siar di Okinawa Jepun Viaje a japón 沖縄散歩 おきなわ散歩 沖縄さんぽ 沖縄観光 沖縄旅行
This is a video that introduces various parts of Okinawa while taking a leisurely walk."
LU8pvttBJ4FxXf1vZYeeW,https://www.youtube.com/watch?v=uIDDrBB1DZM,EN,◤Okinawa Tourism◢ Spring 2022 'Popular Tourist Spots: Walking from End to End of Chatan Coast' 'Araha Beach'・'Sunset Beach'・'American Village'・'Miyagi Coast'・'Sunabe Beach' #273 【Okinawa Walk】,"Chapter.
00:00 Opening Digest.
01:47 Araha Beach
04:53 Cat Road
05:35 Sunset Beach
06:44 Sunset Walk Chatan
08:29 Fisher's Area
09:50 Yacht Harbor
11:19 Miyagi (Sunabe) Coast
18:05 Sunabe Baba Park
18:30 Sunabe Beach

Araha Beach Official HP▶https://uminchunokai.com/
American Village Official HP▶https://www.okinawa-americanvillage.com/

All videos of '@Okinawa👣 Walk®' can be found here
▶https://www.youtube.com/channel/UC4onwMScAwqvQyVSibQvRKw/

It is quite difficult to visit the site regardless of whether you are from outside or inside the prefecture.
Please enjoy the walking feeling together with this video.

Japan Okinawa Tourism 오키나와 일본 관광 冲绳日本观光 Bersiar-siar di Okinawa Jepun Viaje a japón 沖縄散歩 おきなわ散歩 沖縄さんぽ 沖縄観光 沖縄旅行
This is a video that introduces various parts of Okinawa while taking a leisurely walk."
VcQa8sdM8GxfMJICi8V-P,https://www.youtube.com/watch?v=hhFkC4C6-qM,EN,"◤Okinawa Tourism◢ American Supermarket Jimmy's 'Jimmy Misato Store' Purchase of Side Dishes, Lunch While Looking at the Sea! Spare Ribs, Agu-Chan Rice, Vietnamese Spring Rolls. 4K 30fps #271 Okinawa Walk","Chapter.
00:00 Opening Digest.
00:44 Inside Jimmy Misato Store
02:39 Introduction of Purchased Side Dishes
04:10 Lunch While Looking at the Sea

Jimmy's Official HP▶http://jimmys.co.jp/

All videos of '@Okinawa👣 Walk®' can be found here
▶https://www.youtube.com/channel/UC4onwMScAwqvQyVSibQvRKw/

It is quite difficult to visit the site regardless of whether you are from outside or inside the prefecture.
Please enjoy the walking feeling together with this video.

Japan Okinawa Tourism 오키나와 일본 관광 冲绳日本观光 Bersiar-siar di Okinawa Jepun Viaje a japón 沖縄散歩 おきなわ散歩 沖縄さんぽ 沖縄観光 沖縄旅行
This is a video that introduces various parts of Okinawa while taking a leisurely walk."
HCYYLbO2XGlrerGkaJexB,https://www.youtube.com/watch?v=gJNYRJ3Yq48,EN,Okinawa Tourism: 'Kouri Island' in Spring 2022 - A Full Tour!,"Chapter.
00:00 Opening Digest.
02:18 Kouri Bridge
05:00 Kouri Beach
07:30 Full Tour of the Island
11:30 Heart Rock
14:29 Ocean Tower

Video of Kouri Island 'Remaining Okinawa's Original Scenery'▶https://youtu.be/DglVXXBPWs8
Ocean Tower Official HP▶https://www.kouri-oceantower.com/tower/

All videos of '@Okinawa👣 Walk' can be found here▶https://www.youtube.com/channel/UC4onwMScAwqvQyVSibQvRKw/

It is quite difficult to visit the site, whether from outside or within the prefecture. Enjoy the walking feeling together with this video.

Japan Okinawa Tourism 오키나와 일본 관광 冲绳日本观光 Bersiar-siar di Okinawa Jepun Viaje a japón 沖縄散歩 おきなわ散歩 沖縄さんぽ 沖縄観光 沖縄旅行
This is a video that introduces various parts of Okinawa while taking a leisurely walk."
bEMv5WSw2MJwaYrzWsxNW,https://www.youtube.com/watch?v=_yvZ7aNR3Ls,EN,◤Okinawa Tourism◢ Full Release! 'Ocean Expo Park' 'Churaumi Aquarium' 'Tropical Dream Center' 'Oki-chan Theater (Dolphin Show)' 'Okinawa Traditional Village' 2K 30fps #256 [Okinawa Walk],"Chapter.
00:00 Opening Digest.
02:19 Okinawa Traditional Village
08:36 Tropical Dream Center
14:05 Oki-chan Theater (Dolphin Show)
15:12 Churaumi Aquarium

Official Ocean Expo Park HP▶https://oki-park.jp/kaiyohaku/

All videos of '@Okinawa👣 Walk®' can be found here
▶https://www.youtube.com/channel/UC4onwMScAwqvQyVSibQvRKw/

It is quite difficult to visit the site regardless of whether you are from outside or inside the prefecture.
Please enjoy the walking feeling together with this video.

Japan Okinawa Tourism 오키나와 일본 관광 冲绳日本观光 Bersiar-siar di Okinawa Jepun Viaje a japón 沖縄散歩 おきなわ散歩 沖縄さんぽ 沖縄観光 沖縄旅行
This is a video that introduces various parts of Okinawa while taking a leisurely walk."
d05Uo5-xKt_HtrSLgudYz,https://www.youtube.com/watch?v=BrBtUOF3-a8,EN,◤Okinawa Tourism◢ Volume 3! 'Monorail “Sakkuto” Day Trip Okinawa Travel' Part 2. The Royal Capital Shuri 'Shuri Street' → 'Shuri Castle' → 'Royal Tomb - Tamaudun' → 'Kinjō-cho Stone Paved Road' 4K 30fps ♯255 【Okinawa Walk】,"Chapter.
00:00 Opening Digest.
04:05 Strolling through Shuri Street
09:15 Shuri Castle
11:49 Tamaudun (Royal Tomb)
17:24 Kinjō-cho Stone Paved Road

Shuri Castle Park HP▶https://oki-park.jp/shurijo/
Tamaudun HP▶https://www.city.naha.okinawa.jp/kankou/bunkazai/tamaudun.html
Kinjō-cho Stone Paved Road (Naha City DB)▶https://www.naha-contentsdb.jp/spot/662/

All videos of '@Okinawa👣 Walk®' can be found here
▶https://www.youtube.com/channel/UC4onwMScAwqvQyVSibQvRKw/

It is quite difficult to visit the site, whether from outside or within the prefecture.
Please enjoy the walking feeling together with this video.

Japan Okinawa Tourism 오키나와 일본 관광 冲绳日本观光 Bersiar-siar di Okinawa Jepun Viaje a japón 沖縄散歩 おきなわ散歩 沖縄さんぽ 沖縄観光 沖縄旅行
This is a video that introduces various parts of Okinawa while taking a leisurely walk."
bZkTMQDiUzl6ZEBntfPfl,https://www.youtube.com/watch?v=JP77CKIgq_c,EN,◤Okinawa Tourism◢ Volume 1! 'Recommended Southern Main Island in One Day' Rental Car Trip. Tomigusuku City 'Former Navy Command Headquarters Cave'・'Umikaji Terrace'・'Ashibinaa・Chura SUN Beach' 4K 60fps ♯251 【Okinawa Walk】,"Chapter.
00:00 Opening, Digest.
00:47 'Former Japanese Navy Command Headquarters Cave' in Navy Cave Park
05:31 'Umikaji Terrace' in Senaga Island
08:43 'Ashibinaa' in Outlet Mall
11:31 'Chura SUN Beach' in Coastal Park

[Official URL]
'Former Navy Command Headquarters Cave' Official▶http://kaigungou.ocvb.or.jp/
'Umikaji Terrace' Official▶https://www.umikajiterrace.com/
'Ashibinaa' Official▶https://www.ashibinaa.com/
'Chura SUN Beach' Official▶https://churasun-beach.com/

[Full Version YouTube Video]
'Former Navy Command Headquarters Cave' YouTube Video▶https://youtu.be/zg7cDg__FM4
'Umikaji Terrace' YouTube Video▶https://youtu.be/-vtNxUWAC5M
'Ashibinaa' YouTube Video▶https://youtu.be/vE0VX6oAq0Y
'Chura SUN Beach' YouTube Video▶https://youtu.be/noGM1U5-fb8

It is quite difficult to visit the site regardless of whether you are from outside or inside the prefecture.
Please enjoy the walking feeling together with this video.

Japan Okinawa Tourism 오키나와 일본 관광 冲绳日本观光 Bersiar-siar di Okinawa Jepun Viaje a japón 沖縄散歩 おきなわ散歩 沖縄さんぽ 沖縄観光 沖縄旅行
This is a video that introduces various parts of Okinawa while taking a leisurely walk."
Ij0U_y3vVL-toFVXIO_Xc,https://www.youtube.com/watch?v=xt3oybSRHUM,EN,"◤Okinawa Tourism◢ 'Three Authentic Retro Shops!' Ginoza City '2nd LIFE', Naha City 'Ji-Sa-Kasu', Yonabaru Town 'Showa Museum - I Am Retro'","Chapter.
00:00 Opening Digest.
01:55 Ginoza City '2nd LIFE'
06:08 Naha City 'Ji-Sa-Kasu'
09:16 Yonabaru Town 'Showa Museum - I Am Retro'

Official '2nd LIFE'▶https://okinawa2ndlife.ti-da.net/
Official 'Ji-Sa-Kasu'▶https://twitter.com/toto157
Official 'Showa Museum - I Am Retro'▶https://www.instagram.com/syouwa1959/?hl=ja

'2nd LIFE' YouTube video▶https://www.youtube.com/watch?v=mhXQdwb6OQk
'Ji-Sa-Kasu' YouTube video▶https://www.youtube.com/watch?v=W-85AzFWP_s
'Showa Museum - I Am Retro' YouTube video▶https://www.youtube.com/watch?v=mRZlQo8G1LA

All videos of '@Okinawa👣SanpoⓇ' can be found here
▶https://www.youtube.com/channel/UC4onwMScAwqvQyVSibQvRKw/

It is quite difficult to visit the actual locations, whether from inside or outside the prefecture.
Please enjoy the walking feeling together with this video.

Japan Okinawa Tourism 오키나와 일본 관광 冲绳日本观光 Bersiar-siar di Okinawa Jepun Viaje a japón 沖縄散歩 おきなわ散歩 沖縄さんぽ 沖縄観光 沖縄旅行
This is a video that introduces various parts of Okinawa while taking a leisurely walk."
NjSPABsfFfr3xHLjxpCPv,https://www.youtube.com/watch?v=Ey9dEfsqNzw,EN,◤Okinawa Tourism◢ Volume 2! 'Monorail “Sakkuto” Day Trip Okinawa Travel' Strolling through the Okinawa-filled 'Tsuboya Yachimun Street' ➡ 'Heiwa Street Shopping District'! 4K 60fps #249 【Okinawa Stroll】,"Chapter.
00:00 Opening Digest.
07:23 Tsuboya Yachimun Street 1
09:50 Tsuboya Yachimun Street 2
10:52 Sakurazaka Nakadori
11:30 Kibogaoka Park Great Rope Monument
12:10 Kokusai Street
12:36 Heiwa Street Shopping District
15:33 Senbero Street

Okinawa Urban Monorail HP▶https://www.yui-rail.co.jp/
Okinawa Stroll 'Latest! Kokusai Street'▶https://youtu.be/a_RxxC61UKQ
Okinawa Stroll 'Market Street Shopping District'▶https://youtu.be/nH954o6x5J4
Okinawa Stroll 'Union for Okinawa Souvenirs'▶https://youtu.be/z4lug2FkNHc

All videos of '@Okinawa👣 Stroll®' can be found here
▶https://www.youtube.com/channel/UC4onwMScAwqvQyVSibQvRKw/

It is quite difficult to visit the site regardless of whether you are from outside or inside the prefecture.
Please enjoy the strolling feeling together with this video.

Japan Okinawa Tourism 오키나와 일본 관광 冲绳日本观光 Bersiar-siar di Okinawa Jepun Viaje a japón 沖縄散歩 おきなわ散歩 沖縄さんぽ 沖縄観光 沖縄旅行
This is a video that introduces various parts of Okinawa while taking a leisurely walk."
iajoScNJofJmscw8T1uE4,https://www.youtube.com/watch?v=ozXCTaxC6go,EN,◤Okinawa Tourism◢ Two 'Road Stations' in Okinawa ♯2【Uru Marche】【Road Station Ginoza】 Introducing Road Stations on the Okinawa East Coast 4K 60fps ♯245 【Okinawa Walk】,"Chapter.
00:00 Opening Digest.
00:56 Uru Marche (Uruma City)
05:55 Road Station Ginoza (Ginoza Village)

Uru Marche▶https://urumarche.com/
Road Station Ginoza▶https://mitinoeki-ginoza.com/

All videos of '@Okinawa👣 Walk®' can be found here
▶https://www.youtube.com/channel/UC4onwMScAwqvQyVSibQvRKw/

It is quite difficult to visit the site regardless of whether you are from outside or inside the prefecture.
Please enjoy the walking feeling together with this video.

Japan Okinawa Tourism 오키나와 일본 관광 冲绳日本观光 Bersiar-siar di Okinawa Jepun Viaje a japón 沖縄散歩 おきなわ散歩 沖縄さんぽ 沖縄観光 沖縄旅行
This is a video that introduces various parts of Okinawa while taking a leisurely walk."
vaEuy-LxnF3BRAagRycHa,https://www.youtube.com/watch?v=ruXCHXL8t_s,EN,◤Okinawa Tourism◢ Latest Okinawa Soba 3 Choices! 'Nakama Shokudo' 'Hama-ya' 'Ufuya' 4K 60fps ♯243 【Okinawa Walk】,"Chapter.
00:00 Opening Digest.
00:35 Nakama Shokudo (Onna Village)
04:52 Hama-ya (Okinawa City)
08:10 Ufuya (Nago City)

Nakama Shokudo▶https://nakamashokudou.com/
Hama-ya▶https://nakamako.info/hamaya/
Ufuya▶https://ufuya.com/

All videos of '@Okinawa👣 Walk®' can be found here
▶https://www.youtube.com/channel/UC4onwMScAwqvQyVSibQvRKw/

It is quite difficult to visit the actual places, whether from outside or within the prefecture.
Please enjoy the walking feeling together with this video.

Japan Okinawa Tourism 오키나와 일본 관광 冲绳日本观光 Bersiar-siar di Okinawa Jepun Viaje a japón 沖縄散歩 おきなわ散歩 沖縄さんぽ 沖縄観光 沖縄旅行
This is a video that introduces various parts of Okinawa while taking a leisurely walk.
#OkinawaSoba #NakamaShokudoHama-yaUfuya #OkinawaTourismGourmet"
8nnD7I0lebZbdzEEeT9qx,https://www.youtube.com/watch?v=ec-QTUb47eA,EN,PARCO CITY パルコシティ: The Largest Shopping Center in San-ei,Chapter in Urasoe West Coast PARCO CITY.
nGn1nOycZ-FP4YnnWYoAH,https://www.youtube.com/watch?v=5AkBW9xncgs,EN,"Walking along National Route 58: Renaissance Resort, Kunigami Side West Highway, and Seaside. Part 2 4K 60fps ♯223 Onna Village【Okinawa Walk】","00:00 Opening, walking around the Renaissance Resort
02:40 Walking along the main artery of the Ryukyu Kingdom, 'Kunigami Side West Highway'
05:10 Eating Soki Noodle at the drive-in restaurant 'Seaside'!

You can find all videos from '@Okinawa👣WalkⓇ' here
▶https://www.youtube.com/channel/UC4onwMScAwqvQyVSibQvRKw/
It's quite difficult to visit the site, whether from outside or within the prefecture.
Enjoy the walking feeling together with this video.

Japan Okinawa Tourism 오키나와 일본 관광 冲绳日本观光 Bersiar-siar di Okinawa Jepun Viaje a japón 沖縄散歩 おきなわ散歩 沖縄さんぽ Okinawa sightseeing Okinawa travel. This video introduces various places in Okinawa while leisurely walking."
y6j9AgKxvS6MRgn9GtqvR,https://www.youtube.com/watch?v=YjkXTmGe82E,EN,"◤Okinawa Tourism◢ ""Okinawan Food Before Departure and After Arrival at Naha Airport"" Introducing 7 Okinawan food specialty stores inside Naha Airport. 4K 60fps #208 Naha City【Okinawa Walk】","00:00 Opening
00:57 1F Pork Tamago Onigiri Specialty Store ""Po-Tama""
02:39 1F Okinawa Soba Specialty Store ""Ryufu""
03:49 1F The Okinawa Dining ""Airport Shokudo""
05:47 3F ""A&W""
07:21 4F Okinawa Soba Specialty Store ""Ryukyu Village""
08:27 4F Okinawan Cuisine Donburi Specialty Store ""Shiki""
10:20 4F Local Cuisine ""Tenryu""

* The broadcaster TOMA has been vaccinated against COVID-19.

You can find all videos from ""@Okinawa👣 WalkⓇ"" here
▶https://www.youtube.com/channel/UC4onwMScAwqvQyVSibQvRKw/
It is quite difficult to visit the site regardless of whether you are from outside or inside the prefecture.
Please enjoy the walking feeling together in this video.

Japan Okinawa Tourism 오키나와 일본 관광 冲绳日本观光 Bersiar-siar di Okinawa Jepun Viaje a japón 沖縄散歩 おきなわ散歩 沖縄さんぽ Okinawa tourism and travel video introducing various places in Okinawa while strolling leisurely."
Kcc2dC6JsgMz_T7tCcE7H,https://www.youtube.com/watch?v=8ZoiovpCeus,EN,"A walking path with a view of the sea featuring 'Hotel Nikko Alivila', 'Hoshinoya', 'Banta Cafe', 'Gala Blue Ocean', and 'Melody Beach'. 4K ♯204 Yomitan Village [Okinawa Walk]","00:00 Opening - Murasaki Mura
02:03 Melody Beach
03:57 Gala Blue Ocean
06:15 Hotel Nikko Alivila
09:21 La Sol Garden Alivila
10:18 Banta Cafe
11:03 Hoshinoya Okinawa
* The broadcaster TOMA has been vaccinated against COVID-19.

You can find all videos from '@Okinawa👣Walk®' here
▶https://www.youtube.com/channel/UC4onwMScAwqvQyVSibQvRKw/
It is quite difficult to visit the site, whether from outside or within the prefecture.
Please enjoy the walking feeling together with this video.

Japan Okinawa Tourism 오키나와 일본 관광 冲绳日本观光 Bersiar-siar di Okinawa Jepun Viaje a japón 沖縄散歩 おきなわ散歩 沖縄さんぽ Okinawa sightseeing and travel video introducing various places in Okinawa while strolling leisurely."
HCMz-67scIEdAIDUrkPPe,https://www.youtube.com/watch?v=X1OaQ2dnk5k,EN,Early Morning Walk in American Village with Morning Sun,"All videos of '@おきなわ👣さんぽⓇ' can be found here
▶https://www.youtube.com/channel/UC4onwMScAwqvQyVSibQvRKw/
Visiting the site is quite difficult, whether from outside or within the prefecture. Enjoy the walking feeling together with this video."
PMH-6PTu91dexYxumo5ir,https://www.youtube.com/watch?v=l3VNuYUSGKo,EN,全国一の道の駅許田 リニューアル棟全公開！,"All videos of '@Okinawa👣Sanpo®' can be found here
▶https://www.youtube.com/channel/UC4onwMScAwqvQyVSibQvRKw/
It is quite difficult to visit the site regardless of whether you are from outside or inside the prefecture.
Please enjoy the walking feeling together with this video.

Japan Okinawa Tourism 오키나와 일본 관광 冲绳日本观光 Bersiar-siar di Okinawa Jepun Viaje a japón 沖縄散歩 おきなわ散歩 沖縄さんぽ"
XDwaH6oNTLPIxufhZCk-G,https://www.youtube.com/watch?v=SbKMHEJHEUo,EN,"◤Okinawa Tourism ◢ ""American Village Stylish Cafe & Restaurant"" ""Zivago Coffee Roastery"" ""Frankie Tavern"" ♯145 【4K】Okinawa Walk Chatan Town Okinawa Trip","All videos of ""@Okinawa👣 WalkⓇ"" can be found here
▶https://www.youtube.com/channel/UC4onwMScAwqvQyVSibQvRKw/
It is quite difficult to visit the site regardless of whether you are from outside or inside the prefecture.
Please enjoy the walking feeling together with this video.

Japan Okinawa Tourism 오키나와 일본 관광 冲绳日本观光 Bersiar-siar di Okinawa Jepun Viaje a japón 沖縄散歩 おきなわ散歩 沖縄さんぽ"
qanehuIOtsBUDxXKQ-Prt,https://www.youtube.com/watch?v=Sy0mfGpi9uM,EN,Okinawa's Largest SC 'San-ei Parco City Food Court 2F・3F Part 2' ♯143 【4K】Okinawa Stroll Urasoe City Okinawa Tourism Okinawa Travel,"「@おきなわ👣さんぽⓇ」の全動画はこちらから
▶https://www.youtube.com/channel/UC4onwMScAwqvQyVSibQvRKw/
県外・県内を問わず，現地を訪れのはなかなか難しいですよね。
この動画でご一緒にさんぽ気分をお楽しみ下さい。"
1qTX0Rcy1TuuTw_XBzRpm,https://www.youtube.com/watch?v=4t4RkQyEs5w,EN,Ion Mall Okinawa Rycom Part 2 Food Court 4th Floor Edition - The Largest Resort-Type Shopping Center in the Prefecture ♯135 【4K】 Okinawa Walk Naka Island Village Okinawa Tourism Okinawa Travel,"All videos of '@Okinawa👣 Walk®' can be found here
▶https://www.youtube.com/channel/UC4onwMScAwqvQyVSibQvRKw/
It is quite difficult to visit the site, whether from outside or within the prefecture.
Please enjoy the walking feeling together with this video.

Japan Okinawa Tourism 오키나와 일본 관광 冲绳日本观光 Bersiar-siar di Okinawa Jepun Viaje a japón 沖縄散歩 おきなわ散歩 沖縄さんぽ"
tCJ-Ae4C1peBmY_J0-k8A,https://www.youtube.com/watch?v=sDQLCyfRN8k,EN,Ion Mall Okinawa Rycom Part 1 Food Court 3rd Floor Edition,"All videos of '@Okinawa👣Sanpo®' can be found here
▶https://www.youtube.com/channel/UC4onwMScAwqvQyVSibQvRKw/
It is quite difficult to visit the site regardless of whether you are from outside or inside the prefecture.
Please enjoy the walking feeling together with this video.

Japan Okinawa Tourism 오키나와 일본 관광 冲绳日本观光 Bersiar-siar di Okinawa Jepun Viaje a japón 沖縄散歩 おきなわ散歩 沖縄さんぽ"
1tj4hkUTxAAWSx3l7vrVv,https://www.youtube.com/watch?v=W-85AzFWP_s,EN,Naha no domonaka! Retro zakka 'Jii-sakas' Modan tooki 'Koubou Ryuhaku' ♯132 【4K】 Okinawa sanpo Naha-shi Okinawa kankou Okinawa ryokou,"All videos of '@Okinawa👣 Sanpo®' can be found here
▶https://www.youtube.com/channel/UC4onwMScAwqvQyVSibQvRKw/
It is quite difficult to visit the site regardless of whether you are from outside or inside the prefecture.
Enjoy the walking feeling together with this video.

Japan Okinawa Tourism 오키나와 일본 관광 冲绳日本观光 Bersiar-siar di Okinawa Jepun Viaje a japón 沖縄散歩 おきなわ散歩 沖縄さんぽ
Kokusai-dori, Heiwa-dori, Ukishima-dori

Hidden spots, recommended spots
Recommended Okinawa"
auWAZJzjWVQyTrCzbOegL,https://www.youtube.com/watch?v=pwtSVkCAwUg,EN,"The Most Famous Tree in Okinawa: ""National Natural Monument Hinpun Gajumaru"" ♯Special Edition 3 Minutes [4K] Okinawa Stroll Nago City Okinawa Tourism Okinawa Travel","All videos of ""@Okinawa👣StrollⓇ"" can be found here
▶https://www.youtube.com/channel/UC4onwMScAwqvQyVSibQvRKw/
Visiting the site is quite difficult, whether from outside or within the prefecture.
Enjoy the stroll feeling together with this video.

Japan Okinawa Tourism 오키나와 일본 관광 冲绳日本观光 Bersiar-siar di Okinawa Jepun Viaje a japón 沖縄散歩 おきなわ散歩 沖縄さんぽ

Hidden spots Recommended spots
Okinawa recommendations"
QuelnXRCfCqoBYkzDCB6G,https://www.youtube.com/watch?v=-qRHueSfsAk,EN,Okinawa's Most Popular Pizza Shop! 'Kajin Hō' ♯123 【4K】 Okinawa Stroll Motobu Town Okinawa Tourism Okinawa Travel,"穴場スポット おすすめスポット
沖縄おすすめ"
eAMuth2ZrJ1zdDHFK2mjV,https://www.youtube.com/watch?v=8L4EpEY2vAg,EN,"◤Okinawa Tourism◢ Let's go eat fresh seafood! 'Itoman, the southernmost point of the main island, 'Fish Center' at the roadside station' ♯122 【4K】Okinawa Walk Itoman City Okinawa Travel","All videos of '@Okinawa👣 Walk®' can be found here
▶https://www.youtube.com/channel/UC4onwMScAwqvQyVSibQvRKw/
Visiting the site is quite difficult, whether from outside or within the prefecture.
Please enjoy the walking feeling together with this video.

Japan Okinawa Tourism 오키나와 일본 관광 冲绳日本观光 Bersiar-siar di Okinawa Jepun Viaje a japón 沖縄散歩 おきなわ散歩 沖縄さんぽ

Hidden spots Recommended spots
Recommended Okinawa"
ye2WNIcO--EZ2NwuWhE9x,https://www.youtube.com/watch?v=pk_vlVYovRU,EN,National Route 58: 港川外人住宅街➡ブルーシール本店➡A＆W牧港店,"All videos of '@Okinawa👣Sanpo®' can be found here
▶https://www.youtube.com/channel/UC4onwMScAwqvQyVSibQvRKw/
It's quite difficult to visit the site, whether from outside or within the prefecture.
Enjoy the walking feeling together with this video.

Japan Okinawa Tourism, Okinawa Japan sightseeing, Okinawa walking"
r7vwIPE_Goa2FPEbUx1PX,https://www.youtube.com/watch?v=Ws4j3DzEcTI,EN,"◤Okinawa Tourism◢ ""Okinawa Sweets at Super San-Ei"" San-Ei Main City ♯119 【4K】Okinawa Stroll Uruma City Okinawa Tourism Okinawa Travel","All videos of ""@Okinawa StrollⓇ"" can be found here
▶https://www.youtube.com/channel/UC4onwMScAwqvQyVSibQvRKw/
It is quite difficult to visit the site regardless of whether you are from outside or inside the prefecture.
Enjoy the stroll feeling together with this video.

Japan Okinawa Tourism 오키나와 일본 관광 冲绳日本观光 Bersiar-siar di Okinawa Jepun Viaje a japón 沖縄散歩 おきなわ散歩 沖縄さんぽ

Hidden spots recommended spots
Recommended Okinawa"
BA8MBUVpn-ONblSLULthJ,https://www.youtube.com/watch?v=fVEUassIXw8,EN,"◤Okinawa Tourism◢ A Supermarket Loved by Okinawans ""Union UNION is Open Now!"" 24-Hour Business ♯117 【4K】Okinawa Walk in Uruma City Okinawa Trip","All videos of ""@Okinawa👣WalkⓇ"" can be found here
▶https://www.youtube.com/channel/UC4onwMScAwqvQyVSibQvRKw/
It is quite difficult to visit the site, whether from outside or within the prefecture.
Enjoy the walking feeling together with this video.

Japan Okinawa Tourism 오키나와 일본 관광 冲绳日本观光 Bersiar-siar di Okinawa Jepun Viaje a japón 沖縄散歩 おきなわ散歩 沖縄さんぽ
Open 24 hours
Hidden spots, recommended spots
Recommended in Okinawa"
YdYpq1PSrOuspgNiAUtw0,https://www.youtube.com/watch?v=dZnzmrLpZ0k,EN,◤Okinawa Tourism◢ Pioneer of Resort Hotels 'Hotel Nikko Alivila'! Yomitan Village ♯116 【4K】 Okinawa Walk,"「@おきなわ👣さんぽⓇ」の全動画はこちらから
▶https://www.youtube.com/channel/UC4onwMScAwqvQyVSibQvRKw/
県外・県内を問わず，現地を訪れのはなかなか難しいですよね。
この動画でご一緒にさんぽ気分をお楽しみ下さい。

Japan Okinawa Tourism 오키나와 일본 관광 冲绳日本观光 Bersiar-siar di Okinawa Jepun Viaje a japón 沖縄散歩 おきなわ散歩 沖縄さんぽ
穴場スポット　おすすめスポット
ニライビーチ　リゾートホテル
沖縄おすすめ"
gKWb3LT-Gz2Km2nINyMoL,https://www.youtube.com/watch?v=f0dXRA11thE,EN,◤Okinawa Tourism◢ Strolling through Japan's first shopping center 'Plaza House PLAZA HOUSE SHOPPING CENTER'! ♯112 Okinawa Stroll Okinawa City Okinawa Travel,"「おきなわ👣さんぽⓇ」の全動画はこちらから
▶https://www.youtube.com/channel/UC4onwMScAwqvQyVSibQvRKw/
県外・県内を問わず，現地を訪れのはなかなか難しいですよね。
この動画でご一緒にさんぽ気分をお楽しみ下さい。"
3Jd99vGv9lfXI2wantyVM,https://www.youtube.com/watch?v=galuFQF4iOU,EN,空から見たみちのく潮風トレイル～春・夏・秋～,"This is a perspective you don’t get to see on foot: let us show you how lovely the Michinoku Coastal Trail is from the sky. We start with scenes of cherry blossoms in the spring, then the forest and sea along the meandering ria coastline, the glowing sunset reflecting from calm bay waters, and white waves crashing against the rocks. Enjoy the many faces of the ever changing ocean along the Michinoku Coastal Trail from a bird’s perspective."
UV6Zrx_KWCa_UUwLOb6ek,https://www.youtube.com/watch?v=5_9DLxHSK1k,EN,"みちのく潮風トレイル南部～春・夏・秋～／MCT Southern Part: Spring, Summer, Fall","See everyday moments for hikers following the Michinoku Coastal Trail, including natural scenery along the trail, conversations with local people and time spent with other hikers. This video also shows hiking on various islands characteristic of the southern part of the trail and the Soma Nomaoi Festival, an ancient horse festival. (Filmed in areas between Soma, Fukushima Prefecture and Ofunato, Iwate Prefecture)"
yjnGAvCzxrpi5n03kP3zs,https://www.youtube.com/watch?v=ti_3SPkrgMc,EN,Interviews of Locals | 地域の声を聞く,"There are people who feed hikers delicious food, those who helped make the trail, who provide spots to rest, those who protect and preserve the trail each day, those who maintain mountain hiking courses, those who support local industry and those who ferry hikers from island to island. And let’s not forget the local people who come up and talk to hikers. There are so many trail angels along the Michinoku Coastal Trail!"
B3xZjUE18EemOaBHRQTO_,https://www.youtube.com/watch?v=9N5Sx_GnxfU,EN,Interviews of Hikers／ハイカーの声を聞く,"“Journeys are about the people. The true pleasure of travel is in meeting people. That’s why long distance trails aren’t just hiking in the mountains. Long distance trails are about close connections with local areas, towns and people.” --Shin Hasegawa, MCT thru-hiker (2018) “When you interact with other human beings who have experienced such tragedy it really sticks with you and resonates with you on a personal level. Not just focusing on the sad side, but hearing the stories of hope and resilience, that people rebuilt their lives and have this huge smile. It’s really just a magical experience to have these interactions with people in Tohoku. It’s a really life-changing experience.” --Robin Lewis, MCT thru-hiker (2017)"
no4C5fnS8O-JpdYKp4Oi_,https://www.youtube.com/watch?v=vVFB_9zwh8I,EN,空から見たみちのく潮風トレイル～秋・冬～,"See the impressive footage we can expect from drones: majestic scenes of coastline and river mouths, as well as seemingly endless stretches of seawall and tsunami monuments. A highly recommended video because it shows, in a condensed form, the variety of the over 1000 kilometer long Michinoku Coastal Trail running from Hachinohe in Aomori Prefecture to Soma in Fukushima Prefecture. Get a grasp of the massive scale of this landscape by watching for occasional appearances by miniature hikers."
yQT11TxMv_rSiPccT04HX,https://www.youtube.com/watch?v=2g1jtTof0fw,EN,MCT南部：秋と冬,"See scenes from the southern part of the Michinoku Coastal Trail in fall and winter as we follow the progress of a single hiker. The southern part of this trail has many historical sites and tsunami monuments, and because it goes through rural landscapes and villages, you can more closely experience people’s daily lives."
kuA-y6afI2cPdvUtpI9S5,https://www.youtube.com/watch?v=NVe7wazt6EY,EN,Wakayama Tourism Short - Sacred Resort! Wakayama,#和歌山 #和歌山旅 #わかやま観光 #聖地リゾート和歌山 #wakayama
O1f5JKcsuWlSbiwDznoMQ,https://www.youtube.com/watch?v=8v07CBfCWjU,EN,Wakayama Tourism Long_EN ～Sacred Resort! Wakayama～,#和歌山 #和歌山旅 #わかやま #わかやま旅 #wakayama #聖地リゾート!和歌山 #visitwakayama
vf8nLb37cCphtyEmPd541,https://www.youtube.com/watch?v=PxnGNJBApqs,EN,Wakayama Tourism Long - Sacred Resort! Wakayama,#和歌山 #和歌山旅 #わかやま #わかやま旅 #聖地リゾート和歌山
DFAYfcFEJyEEy6taqpbL4,https://www.youtube.com/watch?v=iSR-0Vpt770,EN,A Journey Through the Novel 'Kinokawa',ユーチューバー「ななな」さんが、有吉佐和子著書「紀ノ川」の舞台や映画のロケ地を辿る文学旅
o1BekVFLmKYCImmyzkst2,https://www.youtube.com/watch?v=AXA9a6r7GWE,EN,安居の渡し,
929uVcfHfHahnVVRGpvCB,https://www.youtube.com/watch?v=FlEOGm74Ja8,EN,Today is Wakayama Day - Pet Travel,有田～日高～和歌山市を愛犬と楽しむ1泊2日のモデルプラン。フルーツ狩、海沿いのカフェ、グランピング、映える写真が撮影できるアミューズメント施設まで！愛犬と一緒に楽しむことができる、ペットフレンドリーなスポットを巡るおすすめプランです。
AItg1I-1-x3gumnU3Haww,https://www.youtube.com/watch?v=_awmhk6E9Ik,EN,行かないと後悔する温泉3選,"There are many famous hot springs in Wakayama Prefecture, such as Nanki Shirahama Onsen and Nanki Katsuura Onsen. With so many hot spring areas, there are various points to consider, such as accommodation choices, open-air baths, and private baths. This time, we introduce unique hot springs that can also be visited for a day trip. Be sure to visit!"
gSVJrNfVdMCn-BHoYDuCE,https://www.youtube.com/watch?v=pybWYVhMNi8,EN,【本当は教えたくない】和歌山の名湯3選!!世界遺産...秘湯...関西屈指の炭酸泉,"There are many famous hot springs in Wakayama Prefecture, such as Nanki Shirahama Onsen and Nanki Katsuura Onsen. With many hot spring areas, there are various points to consider, such as accommodation choices, open-air baths, and private baths. This time, we are introducing unique hot springs that can be visited for a day trip. Please visit them! If you have any spots you would like us to introduce about Wakayama's tourist attractions or questions you would like to ask, please let us know in the comments!"
2g1I3SSzQuwJVXk9WXU18,https://www.youtube.com/watch?v=h5UWv4RKnsg,EN,Kinokuni Line Cycle Train Plus -4分バージョン-,Reservation is required to board! Please make a reservation from the official website. Be sure to read this before use!
Ps0sy_xNj3UzJUrjCvQQv,https://www.youtube.com/watch?v=EQrQwdleNeA,EN,【5分でわかる】世界遺産 熊野古道・熊野三山【最強パワースポット】,"This is a compact 5-minute introduction to the attractions of Kumano Sanzan (Kumano Hongu Taisha, Kumano Hayatama Taisha, and Kumano Nachi Taisha), which are essential for sightseeing in Wakayama Prefecture. Kumano Sanzan is a sacred site of Kumano pilgrimage with over 1,000 years of history, and the Kumano Kodo is the pilgrimage route that connects these three shrines. It is also registered as a UNESCO World Heritage Site as 'Sacred Sites and Pilgrimage Routes in the Kii Mountain Range,' known for its healing and rejuvenating power spots."
iJ1sautB7pAaD5cidiwjr,https://www.youtube.com/watch?v=QXB4V5jKPRo,EN,【穴場】和歌山で半日ドライブならここ！海と山の絶景&地元絶品グルメ！,"Introducing a hidden driving course in Wakayama Prefecture where you can enjoy the rich nature along the coast and mountain roads, as well as sightseeing spots where you can taste stunning views and local gourmet food! Please be sure to visit these places! Also, if you have any spots you would like to introduce about Wakayama's sightseeing spots or questions you would like to ask, please let us know in the comments!"
eHXr7_6k6XQT07ydopCo7,https://www.youtube.com/watch?v=CZTGnmqAtVY,EN,Onsen Trip in Wakayama,#和歌山#和歌山旅#わかやま#わかやま旅#wakayama#温泉#温泉の旅和歌山
HNdYNw4LPYHxVrhXFL3TJ,https://www.youtube.com/watch?v=uBM2bTsMJl0,EN,History Journey Wakayama,#和歌山#和歌山旅#わかやま#わかやま旅#wakayama#歴史#歴史の旅和歌山
jpK7ZrGgjXAulXQtj-nYI,https://www.youtube.com/watch?v=05--i4d8TT0,EN,【本当は教えたくない】和歌山の超穴場アウトドア。1つの町で色々できちゃう万能スポット【関西】,"Introducing a super hidden outdoor spot in Wakayama Prefecture, where you can enjoy various outdoor activities such as camping! If you're thinking about outdoor activities in Wakayama, 'Susami Town' is the place to be right now! If you're considering camping and activities as we head into summer and autumn, be sure to check this out! If you have any questions about tourist spots in Wakayama, please let us know in the comments!"
jBAAjv5Z_TMYM-pf5gsOJ,https://www.youtube.com/watch?v=MUtnWXis_00,EN,Seeing differently 寺院篇【簡体字】｜寺院編,"This video aims to alleviate stress and barriers such as anxiety, confusion and discomfort by encouraging foreign tourists visiting Japan to understand Japanese culture, customs, behaviors and social norms. In addition, it is a video that aims to reconsider basic manners and nurture the spirit of hospitality for residents of Japan. We hope everyone will become aware of other’s perspectives and have consideration for those around them."
oVjdnnGjsNl7P3qty7t38,https://www.youtube.com/watch?v=BqLAqB3vVsQ,EN,Seeing differently 사원편｜寺院編,
bpsKB7FHPkOUiZLLVjNdQ,https://www.youtube.com/watch?v=IWzyonkQ8sg,EN,Seeing differently 寺院篇【繁体字】｜寺院編,"This video aims to alleviate stress and barriers such as anxiety, confusion and discomfort by encouraging foreign tourists visiting Japan to understand Japanese culture, customs, behaviors and social norms. In addition, it is a video that aims to reconsider basic manners and nurture the spirit of hospitality for residents of Japan. We hope everyone will become aware of other’s perspectives and have consideration for those around them."
tM5zMAGjddGhvfTmRIPGa,https://www.youtube.com/watch?v=O-6DiSVRFyM,EN,Seeing differently 시장편｜商店街編,"This video aims to alleviate stress and barriers such as anxiety, confusion and discomfort by encouraging foreign tourists visiting Japan to understand Japanese culture, customs, behaviors and social norms. In addition, it is a video that aims to reconsider basic manners and nurture the spirit of hospitality for residents of Japan. We hope everyone will become aware of other’s perspectives and have consideration for those around them."
gc2mAHfGBapucW2KkwZZm,https://www.youtube.com/watch?v=2LXKDhRXISk,EN,Seeing differently 集市篇【簡体字】｜商店街編,"This video aims to alleviate stress and barriers such as anxiety, confusion and discomfort by encouraging foreign tourists visiting Japan to understand Japanese culture, customs, behaviors and social norms. In addition, it is a video that aims to reconsider basic manners and nurture the spirit of hospitality for residents of Japan. We hope everyone will become aware of other’s perspectives and have consideration for those around them."
Cktebhy4btySkIv1jf1_I,https://www.youtube.com/watch?v=qeQsuJgQ_FE,EN,【行かなきゃ損】地元民が選ぶ夏の和歌山・白浜観光スポット7選,"A selection of 7 must-visit tourist spots in Shirahama, chosen by locals who know Wakayama inside out! We provide information to enjoy your trip to Shirahama! If you're considering a trip during summer vacation, be sure to check it out!"
Kp4vAzUHGxZlzYeH4q16e,https://www.youtube.com/watch?v=7njvkHw_J1g,EN,WAKAYAMA800×JR Kinokuni Line Cycle Train,"●きのくに線サイクルトレイン●
https://www.jr-odekake.net/railroad/kuroshio/cycletrain/
Please be sure to read before use!"
oSUsUU3-SAnCz5HXHdSZp,https://www.youtube.com/watch?v=cCqbB-F1bN0,EN,バイクパッキング週末 “Water Country”で清流と奇岩の絶景を追いかけて,"This is a ride featured in Papersky vol.66 titled 'Water Country, Wakayama.' We introduce recommended ride courses that explore the clear streams of the Kozagawa, powerful strange rocks, and the blue sea and stunning views of Kushimoto."
288ezpwqLqbpV-erychlp,https://www.youtube.com/watch?v=zT4xpNjXxng,EN,Kishu Romance Spring 2022 - Wakayama Garden Tour,和歌山県にある名園を巡る旅。日差しが暖かくなれば外に出かけたくなりませんか。そんなときは美しいお庭を眺めて静かに散策をするのがおすすめ！またその地域ならではのグルメ巡りも楽しみのひとつ。春はわかやま庭園回遊を！
tYXaLDI9djH4HzzGSn2fT,https://www.youtube.com/watch?v=7l7kS8RiXb8,EN,Cycling Kingdom Wakayama Route.4 Kumano Three Mountains Tour,世界遺産の地「熊野」をサイクリングするのは、ベキさんと筧五郎さん。那智の滝でパワーをもらったら、熊野速玉大社を経由して、熊野本宮を目指します。川湯温泉や湯の峰温泉で癒されながら、大自然の中をサイクリングしませんか！
O3q9b0os7xd_NbCZY3UFj,https://www.youtube.com/watch?v=E4VafhsUjJw,EN,Kishu Romance Autumn 2021: A Journey to the Sacred Place that Purifies the Heart - Mount Koya,秋は高野山が一段と美しい季節。穴場的フォトジェニックスポットのケーブルカーで聖地「高野山」にでかけませんか。
RefjHAwcUzcHDwCocHnkX,https://www.youtube.com/watch?v=Db9ymnS_d3U,EN,Cycling Kingdom Wakayama: Riding WAKAYAMA800 - Following the Sunset from the Kinokawa Cycling Road to the Sea,和歌山県でおすすめサイクリングロードを平野由香里さんがライドします。映える駅“隅田駅”から紀の川サイクリングロードを西へ。桃の産地 紀の川市では人気の藤桃庵のジェラートで一休み。美しい夕陽を追って和歌浦方面へ快適にサイクリングします。
aykFuQJMI4curv-MYycMn,https://www.youtube.com/watch?v=z7ai_Hczb_w,EN,WAKAYAMA800: The Cycling Kingdom of Wakayama (Roadie Edition),和歌山県はサイクリストを歓迎する「サイクリング王国わかやま」。ローディーも初心者も…あらゆるタイプのサイクリストが楽しめるコースが無限大にあります！ぜひ、和歌山県でサイクリングをお楽しみください。
-UZmKkbGB7P9ta0IaeW6Q,https://www.youtube.com/watch?v=9SMCedCWOFo,EN,KUMANO - Photographic Video Magazine - 2014,毎年、3月から5月の3ヶ月間以外の立ち入りが一切禁止されている神域に、特別の許可を得て、11月の晩秋シーズンに入域した際の映像です。見事な色彩を放つ扇型の滝壺に降り注ぐ「二の滝」。そして、さらにその奥に佇む「三の滝」では、太陽の光と水しぶきの完全なる調和により、「奇跡の虹」を映像として捉えることにも成功しました。
mG-6smhpYaeTJwl6Fc9wr,https://www.youtube.com/watch?v=K-b1qGeNEUw,EN,Lavender Festa Kamifurano 2023 ラベンダーのライティングと花火 Nene&Wakaと共に,"A new event to color the summer of Kamifurano, 'Lavender Festa Kamifurano 2023'. This year marks the 42nd year since lavender became the town flower of Kamifurano. The town's flower, beloved by residents, people from all over Japan, and even overseas, can be enjoyed at night for a limited time this year. On July 15th (Saturday), a booth featuring beer made from locally produced hops and barley will be open for one day only. Would you like to enjoy the magnificent panorama of lavender beautifully illuminated? A special live broadcast by the music unit 'Nene & Waka', active mainly in Hokkaido, will also be available. Please look forward to it!"
yxdIYnkJeWrAeV7Za-bGq,https://www.youtube.com/watch?v=QnnX4bzRoYo,EN,ラベンダーフェスタかみふらの2022  ライティングアップ＆花火と牧野由依,"A new event to color the summer of Kamifurano, 'Lavender Festa Kamifurano 2022'. This year marks the 41st year since lavender became the town flower of Kamifurano. Residents, as well as people from all over Japan and abroad, have enjoyed the town flower, and this year you can enjoy it at night for a limited time. On July 17th (Sunday), a booth will be set up for one day only to enjoy beer made from locally produced hops and barley. Would you like to enjoy the magnificent panorama of lavender beautifully illuminated with fantastic lighting? It was planned that Yui Makino, the special PR ambassador of Kamifurano, would have a mini live performance, but we regret to inform you that she will not be able to attend due to circumstances."
PCMKDX8qZ11M2jYTZNdKG,https://www.youtube.com/watch?v=Gt66vK3fhQ0,EN,Lavender Festa Kamifurano 2021 スペシャルオムニバスエディション,"This is a re-edited video of the light-up and fireworks festival at Hinode Lavender Park, which was live-streamed on July 17, 2021. Enjoy the spectacular drone footage of the fireworks."
f_HaFeFP09Q1UMBV3b8uL,https://www.youtube.com/watch?v=pqf2l4-sxnU,EN,ラベンダーフェスタかみふらの2021 ライトアップ＆花火 牧野由依と共に,"The 'Lavender Festa Kamifurano' will be held at Hinode Park in Kamifurano Town, located on a small hill, from July 10 (Saturday) to July 18 (Sunday), where you can enjoy the night lavender. This year marks the 40th anniversary of lavender becoming the town flower of Kamifurano, and for a limited time, the Hinode Lavender Garden will be illuminated! Residents, as well as people from all over Japan and abroad, can enjoy the town flower even at night. On July 17 (Saturday), a special event featuring a mini live performance by Kamifurano PR ambassador Yui Makino and special fireworks will be live-streamed on YouTube. *On July 17 (Saturday), the event will be held without an audience, so entry to the venue, including parking, will not be allowed after the evening. Please watch from your home."
7ZTb7UrbHDZpuuwDKqShV,https://www.youtube.com/watch?v=MKyOYLqzKJY,EN,Lavender Festa Kamifurano 2021 Opening Ceremony,"7月10日（土）～7月18日（日）19:00～21:00迄毎日、ラベンダーの町上富良野町の日の出ラベンダー園が無数の光で浮かび上がります。

7月17日にはYoutubeにて、かみふらのPR大使 牧野由依さんのミニライブやトクベツな花火があがるスペシャルイベントを開催！ライブ配信も行います。
上富良野町まで来られない方もぜひ一緒にお楽しみください！
チャンネル登録をしてリマインダーを設定頂けたら頂けたら嬉しいです。"
6VUTr6pMyKoFgyexD7Wgr,https://www.youtube.com/watch?v=tCy4gTOqA1Q,EN,フラワーランドかみふらの花火オンライン2020,"★★★ Spectacular! Fireworks will be launched in a flower field of 100,000 square meters colored by panoramic mountain views! ★★★ Amid the rampant coronavirus worldwide, fireworks will be launched wishing for 'epidemic prevention', 'good health', and 'bountiful harvest' for world peace. For everyone who loves Kamifurano Town, lanterns arranged in the vast flower garden and fireworks launched from there will be live-streamed on YouTube from a drone's perspective like never before."
rKcmTkdkQ44c1YZv7uzMD,https://www.youtube.com/watch?v=DfYgCr0kETs,EN,Tokachidake Icefall Tour - Hokka no Taki,十勝岳温泉郷にある「法華の滝 氷瀑ツアー」のご案内です。
2egz7LNlicdq7Ix2KDH5A,https://www.youtube.com/watch?v=pj2MbBwUSwA,EN,北海道上富良野日の出ラベンダー園,The lavender at Hinode Lavender Park is in full bloom.
yCHlMM3IWCBw98CUPNIXV,https://www.youtube.com/watch?v=pnbP-53dyfg,EN,美山朝日,
5YQZxn9CxBe4BnKLJwAkD,https://www.youtube.com/watch?v=CuFQMCV8jqM,EN,"Miyama Pass Art Park, Kamifurano Town, Hokkaido",北海道上富良野町深山峠アートパークの観覧車の映像です。観覧車に乗車して絶景をご覧ください！
R1-bYUoW6bZupQ1F1BEVP,https://www.youtube.com/watch?v=-XKcxGwQiFk,EN,사진 촬영편 ／ 撮影編,
4B2VonWJv1FGk7rDt0AAH,https://www.youtube.com/watch?v=WJ264UqQR9A,EN,🎨Second Round of Drawing on the Blackboard🎨,"This time, I drew the auspicious Kagura performance 'Ebisu' (also written as '恵比須').

The performance depicts Ebisu, the god of prosperous business and abundant fishing, fishing. As bait to catch sea bream, we scatter rice cakes and sweets to the customers. These are said to be 'seeds of happiness' that bring good fortune when picked up✨️

Ebisu's cheerful expression and light dance are so divine that they brighten the heart when watched.

'Catch a fish, catch a fish, catch a sea bream with shrimp♪'
'Spread the seeds of happiness, spread them♪'

Ebisu is often performed at celebratory occasions🎣

In line with the season, I made it spring-like, collaborating cherry blossoms with Ebisu🌸 The scales of the sea bream are represented by cherry blossoms, which is a key point.

I am also accepting requests for drawings on the blackboard! Preferably related to Kagura or Kitahiroshima Town.

I hope to draw pictures that will warm the hearts of customers visiting the tourist information center.
Look forward to the next one!!

'Ebisu (恵比須)' Photo: Otsuka Kagura Group
Thank you for the permission😊

Song: Yamagata Shoon 'Come on! Kitahiro'"
RcAwwGVOLq1aNz3d24InS,https://www.youtube.com/watch?v=jU1Dq3lXwy8,EN,Smooth Pudding and Light Chiffon Cake Specialty Store 'Niwa no Niwatori' Visited by Tourism Association Staff,"🍮 Do you like sweets? 🍮

The tourism association staff went to 'Niwa no Niwatori' in Kitahiroshima Town in search of sweets!!

'Niwa no Niwatori' is a specialty store for smooth pudding and light chiffon cake run by the Yokoyama couple.

As soon as you open the door, a sweet aroma wafts through. Your heart dances at the sight of the lined-up puddings and chiffon cakes.

Being a confectionery workshop of an egg shop, the sweets do not use any fragrances, so the taste of the eggs is prominent. They have won first place in the online pudding category!✨️

The staff's recommendation is 'Pudding Madonna', a richly smooth and rewarding sweet. The slightly bitter caramel is irresistible.

The adorable strawberry milk pudding is a limited-time offer, available until around May. The生チョコプリン, which harmonizes high cacao chocolate and eggs, is also a popular product.🍫

The chiffon cake is fluffy, like a cloud. There are plenty of varieties such as tea, chocolate, and cherry blossom, making it perfect for gifts. The meringue cookies and chiffon cake rusk are also exquisite.

Even during filming, laughter never ceased, creating a warm atmosphere that conveys the Yokoyama couple's personality in this short video.🌷

For a reward for yourself or a gift for a loved one, be sure to enjoy these 'heart-melting' delightful sweets.

[Niwa no Niwatori]
Address: 1299 Ato, Kitahiroshima-cho, Yamagata-gun, Hiroshima Prefecture 731-1534
Business Days: Friday, Saturday, Sunday 11:00-18:00

Song: 'Oideyo! Kita Hiro' by Shoon Getsuzan

💐 The tourism association is creating introduction videos for members to promote the charm of Kitahiroshima Town. If you are interested, please feel free to contact us.💐"
aW3N7ZlGFKX_jJK5KYy9w,https://www.youtube.com/watch?v=tBqWD2oeOhQ,EN,Mysterious 'Ice Waterfall Tour' ⛄⛄ #KitahiroshimaTown #KitahiroshimaCity,"Have you ever climbed a snowy mountain??⛄️

Limited season! The 'Ice Waterfall Monitoring Tour' planned by Mr. Kurata from the wild glamping and camping site 'Ryuzunomori' in Toyohira was attended by staff from the tourism association🧊!!

This is my second time climbing Mount Ryuto in mid-winter. We progress while stepping on the snow with a crunch.

To keep the climbing interesting, Mr. Kurata provides mountain trivia and quizzes🏔️.

Just as I was starting to get a bit out of breath, we arrived at the first highlight, 'Koma Falls'. If the timing is right, you can see the frozen waterfall🧊. On this day, the weather was a bit nice, so it was melting, but there were still icicles here and there, and the frozen grass and trees looked like jewels💎.

At the second spot, 'Kuro Falls', there were icicles that had melted and pierced into the ground!! It's about the same height as the staff member who is 167 cm tall... I felt the power of nature.

And the beauty of the snowy mountain bathed in sunlight!!
It was a quiet and mysterious space where only the chirping of birds and the sound of the wind could be heard.

After descending, we had lunch at the cafe 'Caf'e de la Richesses 六' near the trailhead🍽️.

I had Mr. Kurata's special spice keema curry and homemade marmalade tea, which warmed me up! Sharing our thoughts about the tour while warming up by the fireplace was a leisurely and luxurious time☺️.

It was a mysterious ice waterfall tour that allowed us to fully enjoy the winter scenery of Mount Ryuto, which is rarely seen✨.

🧊 This ice waterfall tour will also be held on ★2/8 (Sat) and ★2/11 (Tue)!!! If you're interested, please DM Ryuzunomori. (Since there is a possibility of the tour being held in the snow, beginners in climbing are requested to refrain from participating.) Search for 'Ryuzunomori'🔍"
7wbPICRhi7aAzX1PnBZZD,https://www.youtube.com/watch?v=7cdGHlgy32Y,EN,What are we drawing?,"🎨黒板にお絵描きシリーズ復活！！🎨

黒板にはもう絵は描かんのん？？とたくさんの方に言っていただき、お絵描きシリーズ復活しました。

今回描いたのは北広島町が誇る伝統芸能「神楽」の人気演目🦊悪狐伝(あっこでん)🦊

美しい女人「玉藻前(たまものまえ)」の正体は悪〜い狐の化身。様々な姿に変化し、悪行を続ける悪狐を弓の名人が退治するという平安時代の物語です。(ざっくり)

和尚さんと悪狐がぬくぬく冬を楽しむ様子を描きました。
描いていたらお餅が食べたくなりました、今夜食べよう…

観光案内所にいらっしゃるお客様の心がほぐれるような絵を描けたらと思っております！！

リクエストも募集中です！神楽等北広島町に関するものが好ましいです！
例)町の鳥であるブッポウソウ🐦️

「悪狐伝」写真:阿坂神楽団　
使用許可ありがとうございます😊

曲/月山翔雲「おいでよ！キタひろ」"
vvKqjPaQCPpizmtf101b8,https://www.youtube.com/watch?v=0otjaA2J1Qo,EN,【古民家】洗礼された宿でた特別な時間を過ごす。,"✨️The staff of the tourism association visited the one-house rental old folk house ""hitaru Ishibashi-tei"" in Oasa✨️ This is the long version!

As you go up to a slightly elevated area, the old folk house appears with a warm light.

Built 200 years ago. The residence of a swordsmith was renovated by ""Fumu Co., Ltd.""

Upon entering, a spacious area with a chic atmosphere based on black spreads out. Wow... it's beautiful.

The Ishibashi-tei, themed as a food guest house centered around the kitchen, allows you to enjoy seasonal ingredients that you procure yourself, or savor the exceptional dishes prepared by selected chefs.

The large round table that surrounds the blissful dining experience is actually a remade lid of a sake barrel from ""Fukumitsu Sake Brewery"" located in the same Oasa area 🍶✨️

To immerse guests in the ""extraordinary,"" every detail of the furniture and interior has been carefully considered. (All electrical appliances are BALMUDA 😲)

I wanted to try this! There are also appliances I've always admired. The mirror with LED lights also raises my spirits 🪞

Enjoying the garden includes bonfires and BBQs. Even on cold days, the time spent gazing at the crackling fire brings peace to the heart. Without streetlights, once your eyes adjust to the pitch darkness, a starry sky appears. When was the last time I gazed at the stars...

When the sun rises, right in front of you is ""Oasa Fuji,"" also known as Kanbiki Mountain. The chirping of birds in the majestic nature is the unique BGM of Ishibashi-tei ☺️

There are two bedrooms, and one room has futons. It's quite rare that it can accommodate up to 12 guests.

An ""extraordinary"" experience just an hour's drive from Hiroshima city.
Precious time with your loved ones.

Here at ""hitaru Ishibashi-tei,"" there is a luxurious time that cannot be experienced in the city, where you can ""eat,"" ""sleep,"" and ""immerse"" yourself.

【Access】
hitaru Guest House Ishibashi-tei
731-2104
Oasa 1913-1, Kitahiroshima-cho, Yamagata-gun, Hiroshima Prefecture

💐 The tourism association is creating introduction videos for members to promote the charm of Kitahiroshima-cho. If you are interested, please feel free to contact us 💐

Song: Shoon Tsukiyama ""Come on! Kita Hiro"" @tsukiyama_shoun"
jwP-tOrGYgL5VWoHdeQlB,https://www.youtube.com/watch?v=daGKyYiraBM,EN,Stretching at Home 2,今回は高齢者の方にもおすすめなちょっとゆるーい編ストレッチ！老人保健施設「あげぼの」さんの方に教わったモ( ´∀｀)おうちで一緒にやってみよ〜♫
w9PPsPwX26CldYUl2Pk_x,https://www.youtube.com/watch?v=byuJmPZ2Psg,EN,宿をプロデュースするベーグル屋さん！？✨リアンドベーグルさんが作った宿へ観光協会職員がお邪魔してきました✨ #北広島町 #グルメ,"✨ The tourism association staff visited the accommodation produced by Rian Bagel! ✨ Called out, ""Hal-chan, the bagels are baked!"" Let's go! The interior, designed by the Ikeda couple, who were in apparel design, is lined with bagels 🥯✨ I understand the feeling of wanting to buy them all. I want to try them all 😋 The popular bagels that have a line every week are ""muchi-fuwa"". The bagels made with homemade yeast are fermented at low temperatures for three days, full of the flavor of yeast! This popular bagel shop has started a new project 🏠 ""Whole House Rental FERMELL"". The beauty of nature in Kitahiroshima Town, wonderful shops 🌿, the warmth of the people, and the slow flow of time in Kitahiroshima Town... This is the starting point of this project, which aims to convey the charm of Kitahiroshima Town even more! 🌸 The grand opening is in April next year, but we were allowed to see the inside specially! A sophisticated and stylish space. You can feel the attention to detail. This accommodation has a handmade warmth that is comforting while being elegant like a luxury hotel 🌿 And the biggest highlight is the ""bath"". It enhances the mysteriousness like a painting 🖼️. It is spacious enough for the family to warm up together! There are also three bedrooms, a fermentation storage room, and many exciting rooms! (The full picture is still a secret ☺) Rian Bagel is currently challenging ""crowdfunding"" towards the completion of the accommodation 🚩 For more details, search for ""Campfire FAMUL"" and ""Campfire Rian Bagel""! The Ikeda couple is working daily towards becoming a hub (relay point) in Kitahiroshima Town."
OwVUj_oSx4Z-tUufUJqwV,https://www.youtube.com/watch?v=22NUBpGgt4M,EN,Autumn Cycling Tour in Kitahiroshima Town🍂🍂,"✨️ A staff member from the tourism association went to the autumn cycling tour at 'O.M.S. Oasa Mobility Station'✨️

O.M.S. is a place where cyclists and tourists can gather, transforming the former Oasa bus station.

It is a spot where not only bus users but also cyclists and visitors to Oasa can easily stop by.

Here, you can take part in tours using sports-type electric assist bicycles (E-BIKES) or rent bicycles, with parking and bike storage available, as well as maintenance and cycling course guidance.

The O.M.S. also accepts registrations for the Kakeiyama Hill Climb Challenge🔥

The autumn course that the tourism staff was guided through is only available at this time of year.

Although I was a bit out of breath from the久しぶりの運動, the refreshing view from Kakeiyama instantly revitalized me!!

The salt rice balls eaten at the top are simple yet the best🍙

After Kakeiyama, we headed to the ginkgo trees at Saikyoji Temple and the Hotokebara Amusement Park!
This video was taken on November 4th, but it seems that this weekend will be the most beautiful✨️

This tour is filled with the rich knowledge and flexible course development of guide Mr. Tagawa, and above all, his passionate desire to entertain every customer.

The tour can be arranged to suit each individual customer, allowing everyone to enjoy an original tour✨️

Along the way, he shares core information about the history and culture of the Oasa region, as well as trivia that only locals know, making it not only fun but also educational.

With Mr. Tagawa's charming and warm guidance, I didn't feel tired at all during the cycling☺️

Please come and meet the professional Mr. Tagawa from Oasa!!"
1Vt0OJ8AmRE55bPYifh2I,https://www.youtube.com/watch?v=tFQjfOe6oc4,EN,75th Geiseki Kagura Competition,芸石神楽競演大会は神楽を競う競演大会で最古の歴史を持つ、昔から沢山の方に愛されてきた大会の1つです。鳥肌が立つような、圧巻の舞をぜひ会場でご覧ください。
Xub8Y7tww1UXpX7GgP9pP,https://www.youtube.com/watch?v=ma59Qnp6ghw,EN,Kitahiroshima Town 'Hotokebara Park',"【ほとけばら遊園】
住所：北広島町大朝
見頃：11月上旬頃
動画撮影：2022年10月31日
寒曳山のふもとにある、個人所有の庭園で紅葉の隠れた名所。名水もあります。
※掲載写真は過去に撮影したものです。
※紅葉の見頃時期は例年に準じています。"
PAGxVq4ounlUUAfg4jwM3,https://www.youtube.com/watch?v=tQVpRafjv84,EN,Snow Festival with Children Playing in the Snow,"【広島県北広島町】
2021年1月30日、31日にユートピアサイオトで行われた「スノーフェスティバス」で参加者のこどもたちと一緒に雪あそびをしました。
スノーモービルで登場した舞太郎くん。その後もソリや雪だるまづくりを楽しみました。

主催：北広島町スキー場連絡協議会
会場：ユートピアサイオト
BGM：「おいでよ！キタひろ」／月山翔雲

【北広島町スキー場】
◎やわたハイランド191リゾート
https://yawata191.com/​
◎芸北高原大佐スキー場
https://osaski.co.jp/​
◎ユートピアサイオト（グリーンシーズンも営業）
https://www.saioto.co.jp/​

(一社)北広島町観光協会
http://kitahiro.jp/

#広島県​ #北広島町​ #ウィンターアクティビティ"
KyMVCXUzLFIkW7hbYy2oU,https://www.youtube.com/watch?v=RduAHioRLLQ,EN,Snow Festival 2021 - Utopia Saioto,2021年1月30日と31日の2日間、ユートピアサイオトで「スノーフェスティバル」が行われました。その時の様子を動画でお届けします♪北広島町のイメージキャラクター「花田舞太郎」くんも子供たちと遊んだり、観光PRを頑張りました。
8Y0H_F8rNw-ih-M9mDJdP,https://www.youtube.com/watch?v=-f5SGOIF49w,EN,もうたろうくんがスキー場で雪遊び【北広島町】,"It is surprisingly not well known, but Kitahiroshima Town is a town with a lot of snowfall. At times, there can be as much as 2 meters of snow, and there are three ski resorts in the town. The town's image character, 'Hanada Maitaro', visited Utopia Saioto on December 19! 🌟 Please check each website for business status and snowfall information. ▼ Utopia Saioto ▼ https://www.saioto.co.jp/ ▼ Yawata Highland 191 Resort ▼ https://yawata191.com/ ▼ Geihoku Kogen Osa Ski Resort ▼ https://osaski.co.jp/ ▼ Kitahiroshima Town Winter Activity Information ▼ http://kitahiro.jp/special/season/win..."
Oank3_BihHPeUnHfI6S5T,https://www.youtube.com/watch?v=rUA_lncasPM,EN,I was invited to the event of the An no Hanada Ue Preservation Society.,★10月11日(日) 【安の花田植＆壬生の花田植 PRイベント開催しました！】 ～広島市☆イオンモール広島祇園2F～ 現在…イオンモール広島祇園2Fの一角で『安の花田植』『壬生の花田植』の風景や様子など、花田植の魅力を伝える写真展を開催しています☆彡　※10/3～10/22まで 『安の花田植』とわがまち北広島町は深いつながりがあり、昨日10月11日(日)に行われた安の花田植保存会主催のイベントにも参加させていただきましたー(^^)/ 『壬生の花田植』をはじめとした北広島町の観光PR、また北広島町イメージキャラクター花田舞太郎(もうたろう)が登場し、テーマソング「おいでよ！キタひろ」を可愛い衣装を身につけた采振り(さいふり)のみなさんと踊りました♪ YouTubeを見て、振りを覚えてくれたという子どもたちは、ほぼ完ぺきなダンスで、観客のみなさんを魅了していました(^^♪ 本当に素晴らしかったです☆彡 今年は花田植を披露することができませんでしたが、来年の開催に向け、『安の花田植』『壬生の花田植』のPRがしっかりできました！ 来年！青空の下、お会いしましょう(^^)/
LguRGgNg1EOkSzileojV9,https://www.youtube.com/watch?v=6wH-w-wsPmU,EN,【Kitahiroshima Town】Drone Shooting of the Tengu Shide Grove in Oasa (2020.5.11),"【国の天然記念物『大朝のテングシデ群落』】
～ドローン撮影・映像～
クネクネと曲がりくねったイヌシデの変種が大小約100本群生している『大朝のテングシデ群落』
天狗の伝説があることから、テングシデと呼ばれ、地域の人たちから大切にされてきています。
国の天然記念物に指定されており、この景色が見れるのは世界で北広島町だけ☆彡
5月11日にドローンで撮影した新緑の美しい景色、貴重な映像をぜひご覧ください☆彡
【映像提供・協力】
広島県北広島町　うえひろやスタジオ
http://uehiroya.com/"
dv4m2F0oH8I9C5V1nEf5l,https://www.youtube.com/watch?v=o1JW4_KhE8Q,EN,朝日と鶴 (Sunrise and the crane),"Kagoshima Izumi, winter's daily life. When the sun rises, thousands of cranes take flight all at once. The cranes fill the canvas of the sky dyed bright red. Everyone who sees it is left breathless. I definitely want you to see the spectacular view of Izumi."
npNLxdrRdfrnrfeeA0kOM,https://www.youtube.com/watch?v=sy4VnjpKkhQ,EN,出水へ行こう！デートアイデア / Follow me to Izumi!,Enjoy a relaxing date while sightseeing! Please use this as a reference when going on a date.
6cRD-71qqpB9gFAJb4w4k,https://www.youtube.com/watch?v=u_7qbo_hAik,EN,One day in Izumi / 観光満喫＆ショートステイ!  / 出水市観光PR動画,"This is Kagoshima University. There were some students. ""I'm bored."" ""How about we go to Izumi City?"" What kind of time will the students spend in Izumi City? Students who took the Active Zemi course at Kagoshima University visited Izumi City to conduct inbound research and compiled a video record of their one-day trip."
2RRMGmce9OXnk-nJcQX2E,https://www.youtube.com/watch?v=TrDmojNqhmE,EN,Kagoshima Prefecture Izumi City Farm Stay PR VIDEO,鹿児島県出水市の農家民泊のイメージビデオです。農家さんとの触れ合い・農業体験・武家屋敷での着物着付け体験や観光牛車など、出水の魅力が盛りだくさんの内容になっております。
KDI_HnU2S7aWNvXvZpNJu,https://www.youtube.com/watch?v=8k0IAjjpqyY,EN,"【Rishiri Island 2-Minute Version】A Year Traveling Through Great Nature - A Big World on a Small Island - | Spring, Summer, Autumn, Winter Digest Version | 4K",利尻島の大自然を旅する１年間をギュッと2分30秒でご覧ください。
zKHWd-tqMjdJzJ3Acr2fW,https://www.youtube.com/watch?v=Rjgx8XM_ypw,EN,Rishiri Island 'Sea' ～ 利尻島の海 ～,"Currently creating a PR video for Rishiri Island, we are pre-releasing a part of it!"
vOh7MSSQZfH8_SYuFrwER,https://www.youtube.com/watch?v=D1wdy1t3qHQ,EN,Rishiri Island 'To Summer' ～利尻島「夏へ」～,"Currently, we are partially previewing the spring scenes of the Rishiri Island PR video that is under production!"
ON5RRK1HN446wB8m8R_x5,https://www.youtube.com/watch?v=pC4Qm9XR2cQ,EN,RISHIRI ACTIVITY（利尻アクティビティ）,"RISHIRI ACTIVITY
Yuuhi Murota
Takaaki Sugimoto
Masashi Furukawa

↓Book here
http://rishiri-activity.com/"
FRWgxTp-iMI9n1dSFZ6da,https://www.youtube.com/watch?v=Hvm0-bzunfU,EN,Rishiri Island (北海道、日本) 店舗紹介,利尻島にあるお店を紹介しています。
1ouU_xkQtCfRuIiX7xpHz,https://www.youtube.com/watch?v=AHtcCsZltLk,EN,Rishiri Island (北海道、日本) 利尻ふるさと食堂の紹介,This text introduces a shop located on Rishiri Island.
lVAOTFHfStSKUiZgUfjGL,https://www.youtube.com/watch?v=IQ7eGlZ2Gx8,EN,Rishiri Island (北海道、日本) のショップ紹介【りしぷら】,Introducing shops located on Rishiri Island.
w-w6Mmt0KCgw_iwA0W0e4,https://www.youtube.com/watch?v=rV5NSoTiE8U,EN,Forget-me-not Rishiri Island (北海道、日本) 店舗紹介,利尻島にあるお店を紹介しています。
o6sv5b4Wwm3016nod-EEa,https://www.youtube.com/watch?v=trtREe9RgxY,EN,Rishiri Island (北海道、日本) 本庫屋書店の紹介,利尻島にあるお店を紹介しています。
bx0X7FhGMtxolGKXksaDC,https://www.youtube.com/watch?v=ANLKsF7M6fE,EN,Rishiri Island (北海道、日本)のショップ紹介【りしぷら】,This text introduces a shop located on Rishiri Island.
IF-lBMfeANQJlIjLW-1e-,https://www.youtube.com/watch?v=KBNyR7wBaqA,EN,Rishiri Island (北海道、日本) 津田商店の紹介,This text introduces a shop located on Rishiri Island.
32wtMDmOLiM9GGTqeLhJM,https://www.youtube.com/watch?v=_8VkmQ1xNZw,EN,Rishiri Island (北海道、日本)のお店紹介【りしぷら】,利尻島にあるお店を紹介しています。
TMEiYUJBkh_pa06aVeeNn,https://www.youtube.com/watch?v=oLEiP9qSTgs,EN,Rishiri Island (北海道、日本) 店舗紹介,This text introduces a shop located on Rishiri Island.
c0DlMRl-8_TfNRowXv_D6,https://www.youtube.com/watch?v=LLX-yxaNDvc,EN,Rishiri Island (北海道、日本) まつや食堂の紹介,利尻島にあるお店を紹介しています。
gqvZHCgrSXzvfmgtRP46S,https://www.youtube.com/watch?v=fXW_uzsT4eE,EN,"Rishiri Island (hokkaido, japan) 銘酒BAR Tecchi（てっち） Shop Introduction",This text introduces a shop located on Rishiri Island.
6ye7oy-a2V6VkX3f3cKm8,https://www.youtube.com/watch?v=EiwXtJBbtqM,EN,RISHIRI ウニ種苗生産センター,"RISHIRI Uni seed production center located on Rishiri Island, Hokkaido. We convey the charm of sea urchins from Rishiri Island."
MBJn3lKNHQXdzvxPc_xKX,https://www.youtube.com/watch?v=GU7NxT2V1H0,EN,Rishiri Island 神居海岸パーク うに漁体験,北海道利尻島の観光情報をお伝えします。
quafVdvB0lIQMGx1q5R65,https://www.youtube.com/watch?v=nyGZK-ryxuk,EN,Rishiri Island 利尻島,"We provide information about tourism in Rishiri Island, Hokkaido."
aLlZDCrkdf6PKxoZpOl61,https://www.youtube.com/watch?v=yU034SMoG-s,EN,Rishiri Island 利尻島の観光情報,We provide tourism information about Rishiri Island in Hokkaido.
StqFakEy615lKW4E2FuV1,https://www.youtube.com/watch?v=3-0t30bhdko,EN,Rishiri Island 神居海岸パーク お土産昆布づくり,We provide tourism information about Rishiri Island in Hokkaido.
BRXVJmS58y_Tr-IbG8yOo,https://www.youtube.com/watch?v=sFUflQ4JLkY,EN,Rishiri Island (北海道、日本)の観光情報,We provide information about tourism on Rishiri Island.
m6SK6lG2rJ16kDq7gVdAR,https://www.youtube.com/watch?v=qA95RZsCYp8,EN,Kada Live Fish Market,漁師さんが一本釣りで獲った活き魚は、加太蓄養施設に運ばれ各地に流通していきます。加太産、一本釣り、活きているということで阪神地域では高値で取引されています。都会では高額ですが、加太で食べればお手頃価格。魚の本当の美味しさを確かめにいらっしゃいませんか？一般の方にも販売するイベントもございますので、お問合せください。
toDwMkRLi17V9CAariAgp,https://www.youtube.com/watch?v=1_UKHqQKBDc,EN,Cooking of Gure (Mejina),一本釣りで獲ったグレの調理です。活きているグレを締めた鮮度の良さは、街で味わうことはできません。グレってこんなに美味しい魚だったんだと皆さん驚かれます。加太観光協会青年部長 稲野雅則氏（活き魚料理いなさ）の美技をごらんください。
Hb8ZZN1cf27Y1A3oB_tog,https://www.youtube.com/watch?v=t4izT3tufzM,EN,Cooking of Single Hook Caught Horse Mackerel,紀淡海峡の速い潮で育った天然一本釣りのアジです。網で獲ったアジとはまったく別物の味！直前まで活きていた鮮度バツグンの逸品です。加太観光協会青年部長 稲野雅則氏（活き魚料理いなさ）の美技をごらんください。
jDZfYjgnIJIifJw01FlUN,https://www.youtube.com/watch?v=m3AkM96-5r8,EN,Boarding Caution Video,本物の一本釣り漁船に乗ります！海が相手ですので、乗船前にこのビデオでちょっと勉強していただきます。出演は虹色ポッケさんです。観光船ではない男の戦場！お客様用の座席もありません。でもめったに経験することのできない貴重な体験になります。加太観光協会では定期的に漁船乗船・一本釣り体験ツアーなどを開催していますので、お問合せください。
Skt3YeNI72jXVozcrXz8J,https://www.youtube.com/watch?v=Ksj7R3N8320,EN,"Banshu Shimizu Temple, 25th Sacred Site of the Saigoku Pilgrimage in Hyogo Prefecture",播州清水寺は兵庫県加東市の御嶽山山頂に立ち、地蔵信仰の聖地として今昔物語集にも登場します。日本遺産・西国三十三所巡礼の第２５番札所とされる当寺の大講堂は古くから沢山の方が巡礼に訪れます。また花や新緑、紅葉の美しい４月～１１月のシーズンは多くの方々が観光に訪れます。
VO3qVSHpKMtJ32OW8jLJK,https://www.youtube.com/watch?v=bhJ2v1D6EfY,EN,はいむるぶし 2015夏,The One and Only Okinawa
2lfM7DRc2DwZSEdAUX22U,https://www.youtube.com/watch?v=7Af3-kp4nls,EN,12腹が鳴ったら,"In Kamimachi, there are many delicious foods and shops to boast about! We created this video so that you can directly enjoy those flavors."
rVOet2ZPB3LfrZiczcmZP,https://www.youtube.com/watch?v=lXUyAdhI9H0,EN,10加美恋〜僕と私の冬のデートプラン〜,"This video features a couple who were born and raised in Kamimachi and moved to Sendai, going on a date in their hometown of Kamimachi. It is a story-like video that showcases the winter scenery and activities unique to the area, and we hope it sparks some interest in Kamimachi."
_0mYZXZhByJndoev6_Tgb,https://www.youtube.com/watch?v=nvTO5b0pyXM,EN,56th National Gotemari Contest Award-winning Works Introduction,全国の愛好家から珠玉の作品が集う「全国ごてんまりコンクール」の入賞作品15点をご紹介します。ぜひ、会場でご覧ください。
FUzZUKaaj6NWfl54iRaQC,https://www.youtube.com/watch?v=oD5D9r6L_As,EN,The 55th National Gotemari Competition Award-winning Works Introduction,全国の愛好家から珠玉の作品が集う「全国ごてんまりコンクール」の入賞作品15点をご紹介します。ぜひ、会場でご覧ください。
l-DWEdvLMHYpXsObkGF4r,https://www.youtube.com/watch?v=XhFNdQ5_SKg,EN,Chokai Kogen Snow Festival 2024 Opening Video [Pony Land Hanatate],"2024年1月28日から2月28日まで鳥海高原雪まつり開催

ポニーランド花立では、さまざまなアクティビティが体験できます。雪のブロックを積み重ねて作るイグルーの制作や、サウナテント、スノーモービル等、盛りだくさん！さらに今回はドッグランも完備で、愛犬を連れて雪原に遊びに行こう！"
dZgVFdmqmVJ7ni-gUiLs9,https://www.youtube.com/watch?v=kCg_Xb4LZMI,EN,"Tourism PV: A City Full of Smiles, Yurihonjo City【Wooden Toy Museum】",由利本荘市の観光PR動画です。市民の「笑顔」をキーワードに、鳥海山木のおもちゃ館やハーブワールドAKITAなど人気の観光スポットをご紹介。
Z2gKNKrEMT5MH60vgFtn3,https://www.youtube.com/watch?v=Of2mH71UdLc,EN,Yuri Honjo City Tourism PR Video Part 2 (Yuri Railway Edition),秋田県由利本荘市の観光PR動画です。今回は市内を走るローカル線、由利高原鉄道をご紹介します。
z_KEqCrkXjA8GCm8mGa_5,https://www.youtube.com/watch?v=CgOkmhCUbJ4,EN,My Top Recommended Kagoshima Contest Excellence Award: 名山堀,
Q8Cai5kUI9Hi39RXqrva0,https://www.youtube.com/watch?v=jR7VRDqFavI,EN,GEO MIRACLE KOBE～母なる六甲山～,http://plus.feel-kobe.jp/
88APeB5P7fBNk3keXNPJT,https://www.youtube.com/watch?v=UoiOyrA-OIk,EN,GEO MIRACLE KOBE～水と酒～,http://plus.feel-kobe.jp/
t-qiJvNekwGqmyva2xu8V,https://www.youtube.com/watch?v=da21pUHWXoI,EN,GEO MIRACLE KOBE～ハイライト～,
q5qQok3O4o_4ML5lb-wbR,https://www.youtube.com/watch?v=TkDmQ6OLsqs,EN,KUISs×神戸観光局,"Students from Kansai University of International Studies conducted a shoot about 'Kobe's food'! From shooting to video editing, the students created it themselves. Kobe is a city full of culinary charm. You can't talk about Kobe without mentioning Kobe beef, the trendy retro cafes, and the cheesecake shops that have become a staple souvenir. It's packed with content! Be sure to check it out✨"
A9Ad_YrQsl27bEoKzAhn0,https://www.youtube.com/watch?v=YIPW9sw70Kg,EN,Find the LOVE in KOBE,"●Special Thanks●
Kobe Meriken Park Oriental Hotel
https://www.kobe-orientalhotel.co.jp/english/
Kobe Nunobiki Herb Gardens & Ropeway
https://www.kobeherb.com/en/
Hyogo Prefectural Museum of Art
https://www.artm.pref.hyogo.jp/eng/
KOBE PORTOPIA HOTEL SORA FUNE KOBE
https://www.portopia.co.jp/zh-tw/sorafune/

●CAST●
YouTube→蔡祥 @lalalaeunful
https://www.youtube.com/@lalalaeunful
facebook→@蔡祥 Sonia Thai
https://m.facebook.com/profile.php?id=100044437506168

YouTube→Yuji’s Japan life @81886
https://www.youtube.com/@81886
facebook→@遇吉の日本神戶兵庫日常
https://m.facebook.com/profile.php?id=100050634077108"
LxioWPxwBE5noImCI5cbf,https://www.youtube.com/watch?v=j4eYSxD-VVA,EN,神戸の平和を見つける,"●Special Thanks●
Kansai International Airport
Sanyo Electric Railway
Ikuta Shrine
Maya Viewline

●CAST●
YouTube→蔡祥
facebook→@蔡祥 Sonia Thai

YouTube→Yuji’s Japan life
facebook→@遇吉の日本神戶兵庫日常"
in4pGoOE3A5jT-QmPvQHQ,https://www.youtube.com/watch?v=we1TO67AYvo,EN,Chilling in Kobe - Part 2,神戸にある、おしゃれでリラックスできる、「チル」なスポットをご紹介します。
SscXpwCFDu3MrAK1RNxZT,https://www.youtube.com/watch?v=Wz-vWBAmttg,EN,Chilling in Kobe - Part 1,神戸にある、おしゃれでリラックスできる、「チル」なスポットをご紹介します。
C1SVnBLaylwgdd-votS1D,https://www.youtube.com/watch?v=nIUGMdIGY0I,EN,神戸SSへようこそ【KOBE Sightseeing Promotion Video - Spring and Summer Edition】,神戸観光スポットの春夏の様子をご紹介！
F5SH6Xa-Ny1k4Qgpu5NLE,https://www.youtube.com/watch?v=nOEyVNkAJ_Y,EN,KOBE AWへようこそ 【Kobe Tourism Promotion Video - Autumn and Winter Edition】,神戸観光スポットの秋冬の様子をご紹介！
Lb2lEAoeKVArcjY140ED1,https://www.youtube.com/watch?v=4BMsHy7HM-A,EN,これは神戸の日本です,This is Japan in KOBE
h-qDdm5-ItL3qCmbGRKlx,https://www.youtube.com/watch?v=6DM51zk9VAo,EN,神戸の人々,People in KOBE
ubaRDtAjcZL8_LcAq_E1t,https://www.youtube.com/watch?v=RLi0SRoGZPU,EN,神戸の自然,"△▼ Nature in KOBE△▼

List of shooting spots.｡.＊.｡.＊ﾟ
0:00 Cherry blossoms
0:06 Nada Ward Cherry Blossom Tunnel
0:07 Sumaura Park
0:08 Arima
0:11 Forest Botanical Garden
0:23 Rokko Mountain Farm
0:30 Nunobiki Falls
0:44 Nunobiki Ropeway
0:46 Kikuseidai
0:49 Nunobiki Herb Garden
0:59 Kita Ward
1:10 Rokko Mountain Farm
1:17 Akashi
1:18 Sumaura Park
1:20 Forest Botanical Garden
1:21 Tenjoji"
twtWMdi3ZUFr2DfAbaVFb,https://www.youtube.com/watch?v=CfVn-xaDMlA,EN,神戸の深層,△▼ Deep in KOBE△▼
PCJ7h4ChlFQUIClP83ueJ,https://www.youtube.com/watch?v=NEDWvgJbNh0,EN,神戸の旅 HD,A KOBE TRIP
j4BY3uFbBQovPs8RFerDE,https://www.youtube.com/watch?v=TxD8aMjE5RU,EN,241218nara スローとループWV JR情報カットVer,
sQsvDsLY-v3CYx8THs_-I,https://www.youtube.com/watch?v=t2bu75lJv5s,EN,"これからの修学旅行～PRAY,PLAY, NARA～",Introduction of spots and experiences that may be helpful for those considering a school trip to Nara Prefecture.
6oKvqOBS2aJaPqTIi8UG8,https://www.youtube.com/watch?v=H_TOaKeci6s,EN,"習うより、奈良体験へ～PRAY,PLAY, NARA～",Introducing spots in Nara Prefecture where families can visit and gain learning and experiences.
3Kimo1IiI2blJzS5MAww3,https://www.youtube.com/watch?v=vysMV2LN6Bc,EN,【Preview】 VR Matsuyama Castle - The Mysterious Princess and the Phantom Battle - [68 seconds Ver.],令和3年7月1日に松山城天守内にVR体験コーナーが新登場！360度カメラやCGなどの技術を駆使した臨場感あふれる映像で、普段見ることのできない松山城の姿をお楽しみください。ナレーションは、愛媛県出身の声優・水樹奈々さんが担当。圧倒的な演技力で、体験者を不思議なストーリーへといざないます。
hnqh1HyhYJPsZ664GWTrU,https://www.youtube.com/watch?v=Mnt61FRAu0Y,EN,【Preview】 VR Matsuyama Castle - The Mysterious Princess and the Phantom Battle - [40 seconds Ver.],令和3年7月1日に松山城天守内にVR体験コーナーが新登場！360度カメラやCGなどの技術を駆使した臨場感あふれる映像で、普段見ることのできない松山城の姿をお楽しみください。ナレーションは、愛媛県出身の声優・水樹奈々さんが担当。圧倒的な演技力で、体験者を不思議なストーリーへといざないます。
rDzzkO2l9Uvlp6M7rFEcz,https://www.youtube.com/watch?v=cCieR2v_Jbc,EN,【Preview】 VR Matsuyama Castle - The Mysterious Princess and the Phantom Battle - [15 seconds version],令和3年7月1日に松山城天守内にVR体験コーナーが新登場！360度カメラやCGなどの技術を駆使した臨場感あふれる映像で、普段見ることのできない松山城の姿をお楽しみください。ナレーションは、愛媛県出身の声優・水樹奈々さんが担当。圧倒的な演技力で、体験者を不思議なストーリーへといざないます。
Yunlcd4DxFkVAbQySS7fH,https://www.youtube.com/watch?v=pDBPPWLsWkc,EN,How to Make Kingyo Neputa,弘前ねぷたは1722(享保7)年に初めて文献に登場してから、2022(令和4)年に300年という節目を迎えました。弘前ねぷた300年祭実行委員会では、弘前ねぷたの歴史と伝統の継承、そして未来へ繋げるため、『金魚ねぷたの作り方』動画を制作しました。
YxQ5s4_wcD36IIvNX0duR,https://www.youtube.com/watch?v=2SpIWTsiqic,EN,Matsuyama City Official PR Video: Dogo Onsen Welcome Orchestra 'Oke-stra',"This video features a grand Wiener Waltz performed by an orchestra set in Dogo Onsen, mixing the warm sounds of the unique '桶' (oke) with the welcoming spirit of the orchestra to greet tourists."
yg7cOOdHPNjERJmoXtWo4,https://www.youtube.com/watch?v=zFX6KRMJm3g,EN,The Scenery Beyond Apple Brandy: A Cultivated Journey in Hirosaki,弘前大学の学生が考案した、より豊かな文化体験を求めるプレミアム世代をターゲットとしたアート・ツアー。その名も「アップルブランデーの向こうの景色　醸成してゆく弘前旅」。県外からやってくる大人の観光客を想定して学生たちが提案したツアーのイメージショートムービーです。
zAgUR9dkJDiKwWnUD20u0,https://www.youtube.com/watch?v=2WY1mgymvFo,EN,HIROHAKO: Seasonal Adventure with Snow Miku & Sakura Miku【ひろはこ】,"""Hirohako"" signifies the cooperation between Hirosaki City and Hakodate City, referencing the name of both cities.

In winter, enjoy the illuminated snowy landscapes and light-up of Western-style buildings.
In spring, visit famous cherry blossom spots like Hirosaki Castle and Goryokaku Park.
Experience the beautiful scenery of Hirosaki City and Hakodate City!

SAKURA MIKU and SNOW MIKU are the official support characters for the spring tourism campaign and winter tourism campaign."
Fe4QzcfzGJ-IOucZ9y1IY,https://www.youtube.com/watch?v=iK_dZn-JRkA,EN,【HIROSAKI】เมืองฮิโรซากิ เมืองแห่งซากุระ แลปเปิ้ลแอะปราสาท,弘前市の魅力を体験してください。
tfCt6k7kjDCD3SirKq8DO,https://www.youtube.com/watch?v=NhIFVBVDMvc,EN,【HIROSAKI】성과 벚꽃과 사과의 도시 히로사키,弘前の魅力を感じてください。
72uLhBmNGJrlx-eCkX0bV,https://www.youtube.com/watch?v=dKJn8J2PlSc,EN,＼旬感！ 菊もみ！ 学生記者クラブ／,"From November 1 to November 7, the 'Hirosaki Castle Chrysanthemum and Autumn Leaves Festival' is being held at Hirosaki Park. Students from Hirosaki University have become reporters for the festival, conducting undercover interviews! We will deliver the scenes of flower art production and ways to enjoy the festival. This time, we will introduce 'Let's find the Blue Dragon!' in a video! There are nine 'Blue Dragons' hidden in various places in the botanical garden, which are decorations made with snow hanging. The Blue Dragon is said to be a lucky guardian that promotes joy and development. If you find the nine Blue Dragons hidden in the garden, something good might happen...!? By the way, three Blue Dragons are captured in the video. Did you notice them...?"
zhsJ06YFwsiZp1DsJOmDh,https://www.youtube.com/watch?v=DGuYSjZRmUg,EN,＼旬感！ 菊もみ！ 学生記者クラブ／,"From November 1 to November 7, the 'Hirosaki Castle Chrysanthemum and Autumn Leaves Festival' is being held at Hirosaki Park. Students from Hirosaki University are acting as reporters for the festival (commonly known as 'Kiku-Momi') and have conducted undercover coverage! We will deliver the production scenes of flower art and how to enjoy the festival. This time, we will introduce the recommended route by the student reporter club in a video! The route enters from the East Gate, in line with the concept of flower art. As the festival period is nearing its end, there may be busy times during the holidays when the craft market is also held. If you want to see it leisurely, the best time is right after the park opens."
tNaMUS8DGZ0N-pqHS6K2O,https://www.youtube.com/watch?v=ospK6jgwTjg,EN,＼旬感！ 菊もみ！ 学生記者クラブ／,"From November 1 to November 7, the 'Hirosaki Castle Chrysanthemum and Autumn Leaves Festival' is being held at Hirosaki Park. Students from Hirosaki University have become reporters for the festival (commonly known as 'Kiku-Momi') and have conducted undercover coverage! We will deliver the production scenes of flower art and how to enjoy the festival. Some of you may have already visited? Although it's a bit late, this time we will deliver the order of appreciation to enjoy flower art more deeply. The dragon that came from the east passes through the East Gate and enters the Hirosaki Castle Botanical Garden. After passing through the flower arch, the dragon sits in the San-no-Maru Garden with a white flower on its head. The flower water represents the dragon's footprints. The apple tree towering next to the dragon bears red fruits filled with wishes. The flower water heading towards the Otemon from the apple tree overflows with apple leaves that have fallen from the tree, and a large apple is bearing fruit on the Otemon side of the San-no-Maru Garden. It has become like a story, but the story of the flower art 'Karaki Ryugin' progresses as follows: Hirosaki Castle Botanical Garden East Gate → Flower Arch → Flower Water → Ascending Dragon → Apple Wish Tree → Towards Otemon. Appreciating the story deepens the experience."
jeEf4yG-IwuCkSka6bmdJ,https://www.youtube.com/watch?v=kVWs7DcfeQk,EN,＼旬感！ 菊もみ！ 学生記者クラブ／,"From November 1 to November 7, the 'Hirosaki Castle Chrysanthemum and Autumn Leaves Festival' is being held at Hirosaki Park. Hirosaki University students act as reporters and conduct undercover coverage of the festival, delivering insights into the creation of flower art and how to enjoy the festival. This time, we present a video of the production scene of a flower arch decorated with white flowers. The flower arch is large enough for adults to easily pass through. The white flowers are artificial flowers, intricately crafted. It is a flower art that is sure to look great in photos. Just passing through brings a clear feeling. Come closer to the artificial flowers and see how intricate they are!"
wFrrKk0_P5bfVCjV49fZD,https://www.youtube.com/watch?v=mj3doSvGa3U,EN,＼旬感！ 菊もみ！ 学生記者クラブ／,"From November 1 to November 7, the 'Hirosaki Castle Chrysanthemum and Autumn Leaves Festival' is being held at Hirosaki Park. Hirosaki University students are acting as reporters for the festival (commonly known as 'Kiku-Momi') and are conducting undercover coverage! We will deliver the production scenes of flower art and ways to enjoy the festival. This time, we will present a video of the production scene of Hanamizuki (flower water)! A workshop was held on October 31, where under the lecture of flower designer Yoshie Abe, various Hanamizuki were created. Currently, you can see the completed Hanamizuki at the venue. By the way, the student reporters' favorite is at the end of the video. Please find your favorite!"
FcsAYR90xEziPyt1zaGDF,https://www.youtube.com/watch?v=4nqKnzZcHEo,EN,＼旬感！ 菊もみ！ 学生記者クラブ／,"From November 1 to November 7, the 'Hirosaki Castle Chrysanthemum and Autumn Leaves Festival' is being held at Hirosaki Park. Students from Hirosaki University are acting as reporters for the festival (commonly known as 'Kiku-Momi') and are conducting undercover coverage! We will deliver the production scenes of flower art and ways to enjoy the festival. This time, we present a video of the production scene of a flower arch decorated with white flowers. The flower arch is large enough for adults to easily pass through. The white flowers are artificial flowers, intricately crafted. It is a flower art that is sure to look great in photos. Just passing through makes you feel refreshed. Come closer to the artificial flowers and see how intricate they are!"
0KggXXxS8Sj0QkAp-02XX,https://www.youtube.com/watch?v=adf0Ktj978I,EN,＼旬感！ 菊もみ！ 学生記者クラブ／,"From November 1 to November 7, the 'Hirosaki Castle Chrysanthemum and Autumn Leaves Festival' is being held at Hirosaki Park. Students from Hirosaki University are acting as reporters for the festival (commonly known as 'Kiku-Momi') and are conducting undercover coverage! We will deliver the production scenes of flower art and how to enjoy the festival. This time, we will present a video of the lighting up in the venue! When illuminated, the darkness of the background makes the red of the autumn leaves stand out even more. The 'Shoten Karyu' is not only impressive during the day with its intricate arrangement and vibrant flowers, but the spectrum illuminating the dragon at night, combined with the instrumental music, strangely elevates the mood. The lighting is shown every day from 17:00 to 18:45 during the event. Please be careful as the ground is dark!"
x5jEmhYLoFTZYaFL0QiR4,https://www.youtube.com/watch?v=hR0rM952kkk,EN,＼旬感！ 菊もみ！ 学生記者クラブ／,"From November 1 to November 7, the 'Hirosaki Castle Chrysanthemum and Autumn Leaves Festival' is being held at Hirosaki Park. Students from Hirosaki University are acting as reporters for the festival (commonly known as 'Kiku-Momi') and are conducting undercover coverage! We will deliver the production scenes of flower art and ways to enjoy the festival. This time, we will deliver a video of the production scene of the 100m long 'Shoten Karyu'! Standing next to it, you can feel its size. Currently, you can see the completed Shoten Karyu at the venue. We will also deliver a video of the night Shoten Karyu, so please look forward to it!"
fKkUP73uzHBPVbISVPZb1,https://www.youtube.com/watch?v=NAFMNHu6CzQ,EN,＼旬感！ 菊もみ！ 学生記者クラブ／,"From November 1 to November 7, the 'Hirosaki Castle Chrysanthemum and Autumn Leaves Festival' will be held at Hirosaki Park. Students from Hirosaki University will act as reporters for the festival (commonly known as 'Kiku-Momi') and will conduct undercover coverage! We will deliver the production scenes of flower art and ways to enjoy the festival. The highlight of this flower art, the head of the soaring dragon, has arrived at the Sannomaru Garden. The body is 100 meters long, and the head is impressive in size. When you get closer, you will be amazed by the precision of the sculpture. This dragon will be adorned with flowers, becoming a vibrant work that gives vitality to those who see it. Projection mapping will also be available soon."
NNEhBCzMtVxv88-7Yy91y,https://www.youtube.com/watch?v=aRQ5ROjgGmw,EN,＼旬感！ 菊もみ！ 学生記者クラブ／,"From November 1 to November 7, the 'Hirosaki Castle Chrysanthemum and Autumn Leaves Festival' will be held at Hirosaki Park. Current Hirosaki University students will act as reporters and conduct undercover coverage of the 'Hirosaki Castle Chrysanthemum and Autumn Leaves Festival' (commonly known as 'Kiku-Momi')! We will deliver the charm of 'Kiku-Momi' from a student perspective, including scenes of flower art production and ways to enjoy the festival. We would be happy if you could let us know any questions or recommended photo spots about 'Kiku-Momi' in the comments. We look forward to hearing from you!"
H8c_5q8frahQCLsHeQj8t,https://www.youtube.com/watch?v=Ds07R9mhPBo,EN,Tsugaru Walking Tour: Fujisaki,津軽の普段を、ふかぐあさぐ。
nBc8gs1UPB7-LuXAVNl2J,https://www.youtube.com/watch?v=RSQ-3IYkYis,EN,Michi no Ku's Three Great Cherry Blossoms,みちのく三大桜名所を紹介するムービーができました。
fZhJ20Gb3kpbyBU2Ywiqg,https://www.youtube.com/watch?v=nwV9HJBBTws,EN,Hirosaki City Apple Park,‘タイヤチューブすべり台’
YBXq7cVMFEy6cBUzSNM-d,https://www.youtube.com/watch?v=yIV0p6Yvdz4,EN,Hirosaki Castle Moves!! Time-lapse Video (First Stage of Moving),弘前城本丸石垣修理工事に伴う天守曳屋工事。地切式から一次曳屋、回転移動までの様子をタイムラプス動画でご紹介します。弘前城が動く様子をご覧ください。
PzIF53XoiqG-a7AGPQfas,https://www.youtube.com/watch?v=PgUzGzyKdOk,EN,Seeing differently 小巷篇【簡体字】｜路地編,"This video aims to alleviate stress and barriers such as anxiety, confusion and discomfort by encouraging foreign tourists visiting Japan to understand Japanese culture, customs, behaviors and social norms. In addition, it is a video that aims to reconsider basic manners and nurture the spirit of hospitality for residents of Japan. We hope everyone will become aware of other’s perspectives and have consideration for those around them."
yVLKTQ7w7bWCfhp8Fie7s,https://www.youtube.com/watch?v=pv7tU_KIfF4,EN,Seeing differently 거리편｜路地編,"This video aims to alleviate stress and barriers such as anxiety, confusion and discomfort by encouraging foreign tourists visiting Japan to understand Japanese culture, customs, behaviors and social norms. In addition, it is a video that aims to reconsider basic manners and nurture the spirit of hospitality for residents of Japan. We hope everyone will become aware of other’s perspectives and have consideration for those around them."
Fn8QzVVFjQ5XbS16cm56A,https://www.youtube.com/watch?v=JpiC9_5cJaE,EN,Seeing differently 小巷篇【繁体字】｜ 路地編,"This video aims to alleviate stress and barriers such as anxiety, confusion and discomfort by encouraging foreign tourists visiting Japan to understand Japanese culture, customs, behaviors and social norms. In addition, it is a video that aims to reconsider basic manners and nurture the spirit of hospitality for residents of Japan. We hope everyone will become aware of other’s perspectives and have consideration for those around them."
LX36ogBUoC3Y4PYiD7mRb,https://www.youtube.com/watch?v=0Iz0gSQ-b3o,EN,Unexpected Encounter～予期せぬ出会い～,"Title: ""Unexpected Encounter～予期せぬ出会い～""

Director: Kousuke Miyata
Visual: Shuji Hanbo
Photography: Eito Mars

Filming Locations:
Udonos Beach, Terasaki Fishing Port, Hato Pond, Okkinuku Coast, Sugarcane Fields, Ajinichie Shrine, Ajisaki, Izakaya Yasu, etc.

Filming Anecdote:
A journey to meet people on the island.
The Miyata crew arrived on Yoron Island on the afternoon of the first day with a 3-night, 4-day schedule, using Guest House KAI as a base. The filming locations were planned to be explored while experiencing the warmth of the people. The project aimed to create a tourism video that mixes the words written by writer Miyata, who felt and expressed his experiences on Yoron, the beautiful scenery of Yoron Island captured by Eito Mars, and the footage taken from a different perspective by Shuji Hanbo. The crew traveled around the island by rental car, capturing moments such as meeting islanders cultivating Yoron Island's water lemons at Udonos Beach, discovering sunset spots unknown to tourists, experiencing a tent sauna run by Michiyo Hida, who also assisted in the filming of Director Kumeda, and encountering islanders welcoming tourists with sanshin and conch shells at Hato Pond during a sunrise shoot. The filming progressed as connections with the people of Yoron were made. Based on these experiences, the text woven by Director Miyata was used in the subtitles of the work, culminating in a video piece that showcases both still photographs and live-action footage of the imagined landscapes."
40aWG8WKuGoxceMVp-y70,https://www.youtube.com/watch?v=zqLofWsnwfc,EN,YORON Island | ヨロン島 | 注意してほしい5つのポイント,"Yoron Island official website: https://www.yorontou.info/ Yoron Island official Instagram: https://www.instagram.com/yoron_island_official/?hl=ja

Yoron Island is surrounded by beautiful seas called 'Yoron Blue.' This small island, surrounded by coral reefs, is a tropical paradise where sea turtles and colorful fish play in the ocean, and hibiscus and bougainvillea bloom all over the island. This video summarizes 'Five Things to Keep in Mind' before visiting Yoron Island.

You might feel a bit inconvenient, but that's part of the charm of traveling to Yoron. It's a different island time. The beautiful nature and encounters with kind people will create unforgettable memories.

Preparedness leads to abundant memories.

Please enjoy your trip to Yoron Island after watching this video."
sCDcyMnxDqhReBTplj_VG,https://www.youtube.com/watch?v=Mbe8TuAoizE,EN,Yoron Island: Please Protect! Marine Manners | ヨロン島のマナー - ビーチ版,"This is a manners video for Yoron Island, a tropical paradise. Traveling to Yoron Island means becoming a member of the Yoron family. The beautiful sea, marine life, and island people are just like family! Please travel with a kind heart."
qMOC_nHXHg9ouZfGETPdf,https://www.youtube.com/watch?v=3Kr_WOz1hdY,EN,秘密の日本の島への旅行,"A trip to a secret Japanese island. Directed by Jay Chern, it tells the story of a young couple from Taiwan traveling on a low budget to a wonderful secret island called Yoron."
T11y5po8CqlUnDKyPSzPc,https://www.youtube.com/watch?v=jeGti73TpEA,EN,Yoron Island: A Ferry Journey from Okinawa (Travel Edition),沖縄北部エリアは2021年に世界自然遺産に認定されました。沖縄北部のやんばるの森には、美しく生い茂る緑豊かな森や、清らかな水の流れ、数多くの希少な動植物が生息します。沖縄北部の本部港からフェリーで約2時間、美しい青い海を誇る「南国の楽園 ヨロン島」があります。ヨロン島には美しく青く輝くYORON BLUEの海、そしてそれを楽しむ様々なマリンレジャーがあります。また、海だけでなく、歴史や郷土文化、美味しい食事、そして島の人々との出会いが忘れられない旅の思い出を作ります。友達と一緒に、カップルでも、ファミリーでも、この島の美しい海と優しい人々は、いつでもあなたを待っています。沖縄のやんばるの緑と、ヨロン島の美しい海のブルー。海を挟んで広がる異なる2つの魅力はフェリーで繋がり、1つの特別な観光体験をお届けします。
uHQ31FOJK3Gr0047wRZ8J,https://www.youtube.com/watch?v=QD6w6Ss5Ucw,EN,日日是与論 4K  与論島、自然は動き続け、私たちもそうである,Learn more about Yoron Island
rJnK21E5MqENBsVA44rfH,https://www.youtube.com/watch?v=jjDrBymTkME,EN,【4K】【ダイジェスト】パラダイスへようこそ - 与論島、日本,"Blue beaches and blue skies - welcome to 'Yoron Blue'. Water so clear, you see right through it. The ocean and sky blend together to create true bliss. Experience the unique island culture, food and people in your next unforgettable adventure."
JLbBVglOfxNWGoDDNkgXR,https://www.youtube.com/watch?v=khNam4CmHl4,EN,"[4K] [Workation] Nine to Five in Paradise - YORON Island, Japan | 与論島","Blue beaches and blue skies - welcome to 'Yoron Blue'. Water so clear, you see right through it. The ocean and sky blend together to create true bliss. Experience the unique island culture, food and people in your next unforgettable adventure."
FRXVFVRn8IjWrIo3iRyK2,https://www.youtube.com/watch?v=-ng-r7bcfXc,EN,"[4K] [Photogenic] Dive into Bliss - YORON Island, Japan | 与論島","Blue beaches and blue skies - welcome to ""Yoron Blue"".
Water so clear, you see right through it. The ocean and sky blend together to create true bliss. Experience the unique island culture, food and people in your next unforgettable adventure."
_Yfodt8y58FebEm6kr9gE,https://www.youtube.com/watch?v=Ahgx21eJ7YQ,EN,[4K] [自然] 未開の美 - 与論島、日本 | Yoron Island,"Blue beaches and blue skies - welcome to 'Yoron Blue'.
Water so clear, you see right through it. The ocean and sky blend together to create true bliss. Experience the unique island culture, food and people in your next unforgettable adventure."
STa7vJM1YQszRWOowEW5o,https://www.youtube.com/watch?v=Onzzs2eYUkU,EN,ヨロン島を守る,"Introducing sightseeing manners, customs of Yoron Island, and ways to enjoy for travelers to Yoron Island."
hZm1q6gHXM7axjkCltxn8,https://www.youtube.com/watch?v=VDT-ETdzydc,EN,"To Yorontou Island by Ship (Haneda Airport → Naha Airport, Naha Port (via Motobu Port) → Yorontou Island)",ヨロン島観光ガイドはこちらから
kWY8G5d7BJFPqznIBCJq3,https://www.youtube.com/watch?v=xR_BBoC_vCk,EN,Yoron Island by Plane (Haneda Airport → Naha Airport → Yoron Island),ヨロン島観光ガイドはこちらから
69txy3d64eJiwARqGnHUM,https://www.youtube.com/watch?v=U25P4bUOGmI,EN,短編映画『YORON』,Short Film 'YORON' Japanese Subtitled Version
OU5Tmlqf_DYHtgM2iP85X,https://www.youtube.com/watch?v=963RrvjYIIM,EN,短編映画『YORON』ショートバージョン 日本語字幕版,Short Film 'YORON' Short edition with Japanese subtitles
Trzv0cmyPo4qE4Ny3YWqN,https://www.youtube.com/watch?v=5MnVakBk850,EN,Yoron Island Japan in 8K HDR - 与論島,Learn more about Yoron Island
bnNmJCd8d5AuuNGIiBX-a,https://www.youtube.com/watch?v=QKhh0yOoINo,EN,Tomo no Ura JAPAN HERITAGE,日本遺産に認定された鞆の浦の魅力を市内外に発信するためのPR動画を制作しました。江戸時代から残る港湾施設や町並みの中に，人々の暮らしが息づいている情景を描写しています。
m-JB6v32IdhxSDim3Him2,https://www.youtube.com/watch?v=uv2ixpBQXBQ,EN,Minami Aso's Gentle Ice 2023 [Campaign Part 2],【🍧夏の風物詩「南阿蘇のやさしい氷プロジェクト2023」第2弾🍧】梅雨明け間近で夏休みも始まりこれから夏本番ですね！7月15日（土）から始まった第１弾の南阿蘇かき氷キャンペーンに続き、第２弾が7月22日（土）からスタートします。今年もかき氷のオリジナルグッズ満載ですよ！南阿蘇でかき氷を食べてグッズをゲットしよう！
PGFYGT_1BxkrYYuuhy1Ac,https://www.youtube.com/watch?v=BzW-6wZFZoM,EN,Gentle Ice of Minami Aso 2023 [Campaign Part 1],"【🍧夏の風物詩「南阿蘇のやさしい氷プロジェクト2023」第1弾🍧】

本日7月15日（土）に南阿蘇鉄道全線開通や熊本地震震災ミュージアム体験・展示施設の「KIOKU」がオープンすることもあり今年の夏は今まで以上に注目の南阿蘇です。

2019年に始まり、今年で5年目を迎える夏の風物詩となった夏期イベントの「南阿蘇のやさしい氷プロジェクト」が始動。今年は、第1弾・第2弾の2部構成！
まずは７月１５日（土）より第1弾「おかえり！南阿蘇鉄道キャンペーン」がスタートします！
対象店舗でかき氷を食べた方に南阿蘇鉄道とコラボした限定の「南阿蘇鉄道全線再開記念コースター」をプレゼントいたします！
こちらは、数量限定で無くなり次第終了になりますのでお早めに！
（※７月１５日より順次配布開始いたします。配布開始期間は店舗によって異なりますので予めご了承ください。）

続く第2弾は７月２２日（土）スタート！
今年もかき氷マップを配布します！南阿蘇で素材にこだわって作られた、『南阿蘇のやさしい氷』はどれも絶品！今年は、掲載店舗が昨年の9店舗から更に1店舗増えて、合計10店舗に！
もちろん第2弾はこれだけではありません！気になる詳細は近日公開！
（※かき氷マップは７月２２日から掲載店舗や観光案内所などで配布開始いたします。マップデータは７月１５日より下記のリンクからご確認いただけます。）
https://minamiaso.info/blog/kakigori2023/

暑い日には、各店舗の自信作かき氷を食べに南阿蘇へクールダウンしに来ませんか？
皆さまのお越しをお待ちしております。"
Ud03FHwf6nPuWDSTIZGu7,https://www.youtube.com/watch?v=985d2C54PgU,EN,Minamiaso Village PV 2022 -南阿蘇村PV 2022-,南阿蘇村は、世界最大級の広さを誇る阿蘇カルデラの南麓に広がる「水の生まれる郷」です。湧水とその恵みを受けて育つ豊かな農作物、田園風景の中を走る南阿蘇鉄道、豊富な泉質の温泉、そして千年以上にわたり放牧地として続いてきた草原とそこで暮らすあか牛など、ここでしか味わえない魅力にあふれています。ぜひ南阿蘇村へ実際に足を運び、この360°広がる絶景をあなた自身の五感でも感じていただけたらと思います。
bH-L6W_rbqHPI5g8QDBIn,https://www.youtube.com/watch?v=s-xRzA-hGfY,EN,Deliciousness in Minami-Aso!,旅のお楽しみといえば、やっぱり美味しいもの♪南阿蘇村にも美味しいものがたくさん！広大な自然の中で育まれるあか牛、野菜、果物などご堪能くださいませ。
LaemyzBdrESR0keb1PTpm,https://www.youtube.com/watch?v=184D9fnPGzQ,EN,Minami no Aso Sanpo,南阿蘇の魅力を知り尽くしたみなみちゃんが、いつも笑顔になれるお気に入りのスポットを巡ります。
3xl_JuBQLfOTGs-L3T2Y3,https://www.youtube.com/watch?v=yHHoNM6B7a4,EN,Documentary in the Countryside: Japan EP01 | 修験道行者が深山に隠れ家を作り出す完璧な癒しの空間 | 奈良県宇陀市深野,"This time, the traveler visits 'Sasayuri-an' located in Fukano, Uda City, Nara Prefecture, founded by a practitioner of Shugendo, Mr. Tetsuji Matsubayashi. Mr. Matsubayashi is a person with a unique life experience, having traveled the world alone during his university days. Although he was captivated by the mystery and solemnity of the Himalayas, he eventually returned to his hometown to run a trading company in Osaka. Later, in pursuit of his ideal spiritual world, he became a Shugendo monk, transforming a century-old house in a mountain village to practice, conduct business, and host travelers from around the world. What kind of land and living space is he seeking, which he also hopes modern urban dwellers can experience?"
rS1SGFyXfCPpz46woYAyn,https://www.youtube.com/watch?v=5MSUAAro2tY,EN,Ukujima | 宇久島,"'Ukujima~UKUJIMA~' is a tourism video that has won the Tourism Video Award, received the highest award at the Japan International Tourism Film Festival, and achieved three crowns at the Portugal International Tourism Film Festival ART&TUR 2022, tracing the footsteps of Taira no Morikuni, which is passed down on Ukujima, the northernmost island of the Goto Islands in Nagasaki Prefecture."
oLTKqQa2_aDghjQzgRhTY,https://www.youtube.com/watch?v=N4I1sYHXyGQ,EN,〜島に結う〜の手紙,
ltFyUUI3sYFrjUY8nMJUI,https://www.youtube.com/watch?v=4p_r5lAf10A,EN,♭ヨロン 4K,WEB SITE
u-jhRWpSSMjp4hkI1o2u-,https://www.youtube.com/watch?v=HoPiDWrxG5A,EN,TORは私の道 4K,WEB SITE
orBticw_khAdxE-Vq2s0B,https://www.youtube.com/watch?v=vy_TdcgGCBo,EN,NAGI 倉敷ホテル＆ラウンジ -ワーケーション-,WEB SITE
Mo3GkeZesGHWBgt4oS5e3,https://www.youtube.com/watch?v=Y2S1AfQXpes,EN,Explore Local 森の国,WEB SITE
GsuAmNB-ESfwqFRKcE6yt,https://www.youtube.com/watch?v=V3l2KTVGaBE,EN,カサイ シンジ,WEB SITE
w4dZvrGw7XBiBK1AYPpcL,https://www.youtube.com/watch?v=PBNMje2nQyM,EN,日日是与論 4K_与論島、自然は動き続け、私たちもそうである,WEB SITE
WIEuO9DAOZf8MBAeeq7yg,https://www.youtube.com/watch?v=ozv65kQGUeI,EN,Celebrate Tomonoura Together -Japanese-【鞆の浦】,"WEB SITE
https://etooto.jp/

In the local area, Tomonoura is referred to as 'Tomonoura = Tomo'.
This name, which resonates with the Japanese words for 'friend', 'companion', and 'together', embodies the spirit of coexistence with nature that the people of Tomonoura have cherished, as well as the bonds of support among family and friends.
Through this video 'Together in Time', we invite you to return to the gentle and peaceful moments that breathe life into the Japan Heritage recognized 'Tomonoura'.

In Chapter 3 'Celebrate Together', we introduce 10 festivals and rituals that bring the tranquil port town together in celebration.
Let’s experience the daily life of Tomonoura, where joy is repeated."
WhEykhsnik_D__MxelfaD,https://www.youtube.com/watch?v=vmJMvDAM1dA,EN,Taste Tomonoura Together -Japanese-【鞆の浦】,"WEB SITE
https://etooto.jp/

In the local area, Tomonoura is referred to as 'Tomonoura = Tomo'.
This name, which resonates with the meanings of 'friend', 'companion', and 'together' in Japanese, embodies the spirit of coexistence with nature and the bonds of support among family and friends that the people of Tomonoura have cherished.
Through this video 'Together in Time', we invite you to return to the gentle and serene moments that breathe in the Japan Heritage certified 'Tomonoura'.

In Chapter 2 'Together We Enjoy', we introduce various delicious blessings from the Setouchi region through the sincere efforts of fishermen and chefs living in this town.
Shall we enjoy it in a Japanese style? Or in Italian style?"
8ZCgff_tk-1IPfQY2j_aQ,https://www.youtube.com/watch?v=4kRgilqpV1o,EN,Discover Tomonoura Together -Japanese-【鞆の浦】,"WEB SITE
https://etooto.jp/

In the local area, Tomonoura is referred to as 'Tomo'. This name, which resonates with the meanings of 'friend', 'companion', and 'together' in Japanese, embodies the spirit of coexistence with nature and the bonds of support among family and friends that the people of Tomonoura have cherished. Through this video 'Together in Time', we invite you to return to the gentle and serene moments that breathe life into the Japan Heritage recognized 'Tomonoura'.

In the first chapter 'Enjoying Together', we introduce 10 activities that allow you to become friends with nature in the calm sea where tranquility continues. Enjoy the sea breeze and feel like a fish or a bird."
kz5QK4bXzEy2anMbEume3,https://www.youtube.com/watch?v=9c-LvmSK5PQ,EN,5周年,A highlight movie of 12 countries and 46 cities filmed over 5 years.
ROTBMGw7sO3eWxgp4GaYe,https://www.youtube.com/watch?v=rLAe1pP7R84,EN,SNOW HIKE (スノーハイク) #Bense Wetland,"Would you like to enjoy the snow easily? How about freely strolling on the snow? We will deliver the experience of walking in the winter Bense Wetland (Tsugaru City, Aomori Prefecture) wearing 'Snow Hike'. Even if you have never skied before, 'Snow Hike' is fine. You can start walking right away. Let's relieve stress and lack of exercise together!"
J1qCd-Wxfq2ebRv9xKPUs,https://www.youtube.com/watch?v=h3LUOPRGJSw,EN,"【AOMORI CYCLING】Okutsugaru Ride - 奥津軽, JAPAN","Cycling through Okutsugaru aiming for the northernmost point of the Tsugaru Peninsula in Aomori Prefecture, 'Tatsudake Cape'. Starting from Ashino Park Station using the 'Tsugaru Railway' where bicycles are allowed. Enjoy a long ride filled with highlights such as the 'Takayama Inari Shrine' with its thousand torii gates, the birthplace of the literary giant Osamu Dazai 'Shayokan', the beautiful golden rice fields of 'Kome My Road', the dynamic views overlooking the Japan Sea from 'Ryuhoku Line', and charming fishing villages. *Due to editing reasons, the route from Ashino Park Station to Tatsudake Cape is not a single continuous line. For diverse cycling information in Aomori, please refer to the AOMORI CYCLING website."
shHG-ccOAlinILceQhDb2,https://www.youtube.com/watch?v=BAZZlFLWXV0,EN,遮光器土偶キャラ弁,Celebrating the World Heritage registration of the Jomon archaeological sites with a character bento of Japan's oldest character (?).
vc52RbdPQgDoNq7975UZY,https://www.youtube.com/watch?v=j7pvNfkfD-k,EN,2020 Sunrise at Tanesashi Coast Timelapse,種差天然芝生地で撮影した日の出のタイムラプス動画です。太陽に照らされた海には金色の道が現れます。
OmQeCNBlW10646xoPL39W,https://www.youtube.com/watch?v=lNYhXRvg3JM,EN,2020種差海岸 ドローン映像 Part2,"In Aomori Prefecture, we are releasing drone footage shot with the cooperation of local stakeholders so that you can enjoy the beautiful Tanesashi Coast from your home. We hope that after the COVID-19 pandemic subsides, many people from both domestic and international locations will visit Aomori Prefecture again."
I6M46cBoeOYj_HXf6x_HS,https://www.youtube.com/watch?v=anMsDyNWalQ,EN,2020種差海岸 ドローン映像 Part1,"In Aomori Prefecture, we are releasing drone footage of the beautiful Tanesashi Coast, filmed with the cooperation of local stakeholders so that you can enjoy it from your home.

We hope that after the resolution of the COVID-19 pandemic, many people from both domestic and international locations will visit Aomori Prefecture again."
ezO3iF7Fw0eoR1VjNaWi1,https://www.youtube.com/watch?v=uZOlSSv3wFo,EN,DELISH AOMORI 'Fukaura Snow Carrot Potage',まるごと青森がお届けするレシピ動画「DELISH AOMORI」の第１１弾。今回の食材は深浦町で栽培される「ふかうら雪人参」。野菜とは思えないほどフルーティーな甘みを活かしつつ、人参そのものの風味を美味しく味わえるポタージュスープに仕上げています。ぜひお試しください。「DELISH AOMORI」はまるごと青森Facebookで随時公開します。
c62W3KDtPzMehNUiGPy_U,https://www.youtube.com/watch?v=Y_1rOHcM2uk,EN,DELISH AOMORI 'How to Cook Delicious Donabe Rice',まるごと青森がお届けするレシピ動画「DELISH AOMORI」の第７弾。平川市で獲れた青森が誇る特A米、青天の霹靂を土鍋でふっくら炊き上げ、青森が誇るご飯のお供、筋子を添えました！「DELISH AOMORI」はまるごと青森Facebookで随時公開します。
6nXooXT6qz1iCrObGTdUE,https://www.youtube.com/watch?v=qDHvGp2H3Ag,EN,高野崎よかネー！ byカメラマン・松隈直樹さん,
arQChuiFie0-1QtrjTxlK,https://www.youtube.com/watch?v=jiyxgJmjCq8,EN,Nebuta House Wa Rasse,青森市文化観光交流施設「ねぶたの家 ワ・ラッセ」を紹介しています。ねぶた祭の歴史や魅力を余すことなく紹介し、ねぶたのすべてを体感することができる夢の空間です。
vEZPYIvF0IFszDbkP1lk9,https://www.youtube.com/watch?v=CilQYqMM3S4,EN,Harue Shokudo,青森市の古川市場にある横山商店（通称「はるえ食堂」）の絶品焼きおにぎりです。
odTpWXRU1RT3OITieFj_k,https://www.youtube.com/watch?v=GO3xVOP38DY,EN,Go Slow SAGA、佐賀 - 豊かな自然 -,Learn more about SAGA City
Qcy77ZoOHNW_uULZxgsOQ,https://www.youtube.com/watch?v=mbCouwXCVCs,EN,Go Slow SAGA、日本 - 地元の食べ物 -,Learn more about SAGA City
I39-N6DRMfF07HR3W9-_Q,https://www.youtube.com/watch?v=dNWd9wCogss,EN,"Visit Someday Saga City, Japan in 4K - いつかまた訪れたい佐賀市",Learn more about Saga : https://surfslow-saga.com
fnRbLBWhjYjNSa3pPFe7k,https://www.youtube.com/watch?v=j_h73dEcfv0,EN,"‘EVで島をMOTTO元気にプロジェクト’ New Employee Training in Shikine Island 【East Japan Mitsubishi Motors Sales Co., Ltd.】","From April 18 (Thursday) to April 20 (Saturday), East Japan Mitsubishi Motors Sales Co., Ltd. held new employee training for those who joined in April 2024 on Shikine Island in Tokyo's Niijima Village."
E7zwojXt8fJZrxBEEiLCw,https://www.youtube.com/watch?v=ZJcaZ7dk-8k,EN,Niijima Vero Taxi in 前浜_210411,Collaboration with classic cars
MMmCHGPNtlkLIfj0duOBu,https://www.youtube.com/watch?v=nnUD7IPFWfY,EN,【新島ミライプロジェクト】210402 CX Live News it!,"In spring 2021, this project aims to exchange plastic clothespins from all households on Niijima Island, Tokyo, for aluminum clothespins shaped like kusaya, called 'HOSSY'. By replacing plastic clothespins that deteriorate and break easily due to UV rays with the island's symbol, the kusaya-shaped clothespin, we hope to make the important industry of kusaya more familiar and, most importantly, to change to clothespins that will not break and be thrown away, leading to a lifestyle that does not produce plastic waste. Since the island has developed by receiving blessings from the sea, we want to create opportunities for each islander to think about 'What can we do for the natural environment now?'. In the future, we hope to borrow the power of Tokyo's treasure islands and also the strength of companies. Of course, we also plan to conduct crowdfunding ourselves to get as many people as possible to commit. We aim to expand our efforts in Niijima to all 11 islands of the Tokyo Islands and then spread this action to the islands of Japan. There are two aims: 1) To enhance understanding of Japanese food culture through 'dried fish (kusaya)' and pride in our hometown, and 2) To connect the often complex 'environmental issues' to a chain of awareness through unique initiatives. This is because it is a 'new island connected by new things'. A town that lives with the sea. It is an environmental action towards the 'Eco-Island Concept' that directly addresses marine environmental issues."
M6UJ9FEH0CgYv2seHSVef,https://www.youtube.com/watch?v=fdggJAytDJs,EN,【秋田市プロモーションビデオ④】よそものを大切にしてくれるまち「式田」 short ver.,"The culture brought by the Omorogawa River blooms in 'Shinba', and in autumn, a golden carpet spreads in the village 'Shikida'. This video is packed with the 'charm' of each area discovered by local residents through workshops conducted as part of the Akita City City Promotion Model Project.

~ A town that cherishes outsiders 'Shikida' ~
A photographer who came to find something more important than money.
A salaryman who came to chase a long-held dream.
Students and young people who bring smiles.
The town accepts and cherishes them.
I found something important in Akita City Kabe and Shikida."
S3wh5TCzEAzO6QeZsWe1t,https://www.youtube.com/watch?v=vOwf3PXDBSI,EN,Sakura Report: Chushu Park,秋田市民の憩いの場、千秋公園。毎年春には、およそ700本もの桜が咲き誇ります。園内のどんな場所でも見事にマッチする桜をお楽しみください。
hgnm8wyyCZMRtxTwXLOsq,https://www.youtube.com/watch?v=ObOO22wyhTM,EN,The Last Hiyama Festival of the Heisei Era,"【市民リポーター あんどうさんの投稿】

7月20、21日の土崎港曳山まつり。クライマックスの戻り曳山では、いくつかの町内が交差点で勢いよく方向転換する『曳き回し』を行います。巨大な曳山を曳子たちが力を合わせて旋回させるシーンは、壮観の一言。ゲ・キ・ア・ツな平成最後の二日間でした！

撮影：あんどうさん"
evswpadLU-ThIVorQrhEy,https://www.youtube.com/watch?v=TFc0xZ3iVBQ,EN,Akita Kanto Festival【KANTO】 Narration Free,秋田市の夏の夜空を彩る竿燈。光の稲穂の輝き、竿燈を操る差し手の妙技、その美しさや迫力に圧倒されること間違いなし！８月は是非、秋田竿燈祭りにお越しください。（秋田市観光振興課制作）
7H7Anp50wGIWZ0eyaIFvk,https://www.youtube.com/watch?v=lhftSeFj3iQ,EN,Traditional Craft: Akita Kanto,国の重要無形民俗文化財で、東北三大祭りにも数えられる秋田市の夏の風物詩。秋田竿燈まつりは毎年８月３日から６日まで、竿燈大通りで行われています。力４、技６、竿燈を思いのまま操る差し手の妙技と、秋田市の夜空を黄金色に彩る光の稲穂の幻想的な風景を是非一度、秋田でご覧ください。
lTBdnb3MiI2PMo9UOfama,https://www.youtube.com/watch?v=WbyiQM4slEo,EN,Akita City Tourism Promotion Video 'Life is Journey' Full Version,秋田市に住む夫婦の目線で描かれたドラマ仕立ての観光プロモーション動画「ライフ・イズ・ジャーニー」
iNp59Jvv9SwqoXeaYQrcA,https://www.youtube.com/watch?v=QNOz0-bEQYc,EN,Akita City Tourism Promotion Video 'Life is Journey' Facility Introduction Edition,秋田市に住む夫婦の目線で描かれたドラマ仕立ての観光プロモーション動画「ライフ・イズ・ジャーニー」
5pLf9swv1iu1MatXkMcAZ,https://www.youtube.com/watch?v=GdTkAWY7Ks4,EN,秋田市観光宣伝動画「Life is a Journey(人生は旅)」短編,"A short play depicting the perspective of a couple living in Akita City, carefully crafted as a promotional video for tourism titled 'Life is a Journey.'"
LhPLEoGreh0G8Vhv4oM2C,https://www.youtube.com/watch?v=RQf7b7EraWo,EN,秋田市観光宣伝映像「Life is a Journey (人生是一场旅程)」短編,"A short drama depicting the perspective of a couple living in Akita City, carefully crafted as a tourism promotional film 'Life is a Journey (人生是一场旅程)'."
OkO4hspu3UYD6LN9jcGx9,https://www.youtube.com/watch?v=SrrKsdbdwZs,EN,秋田市観光宣伝映像 “Life is a Journey (Life is a Journey)” 施設紹介篇,"A short drama depicting the perspective of a couple living in Akita City, carefully crafted as a tourism promotional film 'Life is a Journey (人生是一场旅程)'"
FzojjAJnmS20fxhGrgR3i,https://www.youtube.com/watch?v=IRK3xry5b04,EN,秋田市観光宣伝映像 “Life is a Journey (人生是一场旅程)” 本篇,"A short drama depicting the perspective of a couple living in Akita City, carefully crafted as a promotional video for tourism titled 'Life is a Journey.'"
8LunNKY5qEnJfcYdF9zEl,https://www.youtube.com/watch?v=btE46P2TnrE,EN,秋田市観光宣伝動画「Life is a Journey(人生は旅)」,A promotional video for tourism titled 'Life is a Journey' depicted from the perspective of a couple living in Akita City.
vLU06ROW7tdLc_2mmP6ax,https://www.youtube.com/watch?v=srjxjmvJv2Y,EN,50th Anniversary Commemorative Video 'The 50-Year Journey of Omoriyama Zoo',1973年9月1日に開園した秋田市大森山動物園は開園50周年を迎えました。これまで多くの方々や動物たちに支えられ歩んできた、大森山動物園の50年分の出来事がぎゅっと詰まった記念映像を制作しましたので、ぜひご覧ください！
QS1KD0mX3eOu44RYTTaL2,https://www.youtube.com/watch?v=oGWDn-v2c6A,EN,Discover Ikeda#004 Ikeda Gofukuza [後半・舞台裏潜入],Let's enjoy traveling theater at the historic Ikeda Gofukuza.
Okn68fqnPeXS2WSEr9dLN,https://www.youtube.com/watch?v=a-kKu4S_A6c,EN,"""COOL! NAGOYA"" ""FAMILY VLOG""",「COOL! NAGOYA」 – 名古屋の旅行の魅力が詰まったハイライト動画です。家族全員で「COOL! NAGOYAの旅行体験」を試してみるというアイデアで、名古屋を紹介します。
Okn68fqnPeXS2WSEr9dLN,https://www.youtube.com/watch?v=a-kKu4S_A6c,EN,COOL! NAGOYA - ファミリーブログ,COOL! NAGOYA – A highlight video filled with exciting points of travel in Nagoya. Introducing Nagoya in the form of a VLOG with the idea of the whole family trying the 'COOL! NAGOYA travel experience'.
wy-murfpwJ7ocyg1Ck9Oc,https://www.youtube.com/watch?v=VF93L770N08,EN,"""COOL! NAGOYA"" ""FAMILY VLOG""",名古屋観光の魅力が詰まったハイライト動画「COOL! NAGOYA」。家族で「COOL! NAGOYAを旅行してみよう！」をコンセプトにVLOG形式で紹介します。
wy-murfpwJ7ocyg1Ck9Oc,https://www.youtube.com/watch?v=VF93L770N08,EN,COOL! NAGOYA - ファミリーブログ,"A highlight video capturing the charm of Nagoya tourism, 'COOL! NAGOYA'. Introduced in a VLOG format with the concept of 'Let's travel COOL! NAGOYA with family!'."
OwktbW78e_-jwAXb4mhB5,https://www.youtube.com/watch?v=HuhpYNkElA8,EN,RAKUGO DE NAGOYA,これは日本の伝統芸能「落語」による名古屋の観光プロモーションビデオです。「名古屋、楽しい街、行きたい街」の多くのハイライトを紹介します！おじいさんと孫の名古屋旅行の興味深い物語をお楽しみください！
2Vckt3vau2e0mwheXcuzH,https://www.youtube.com/watch?v=0vyQoIIT9VU,EN,落語と名古屋,"This is a promotional video for Nagoya featuring the traditional Japanese art of 'Rakugo'. We will introduce many attractions of 'Nagoya, an interesting city, a city you want to visit'. Enjoy the fun story of a grandfather and grandson traveling to Nagoya!"
cyamEb-N4VhnGo94edbsL,https://www.youtube.com/watch?v=_Yjy7y7Oub4,EN,名古屋の落語,"This is a Nagoya tourism PR video featuring Japan's traditional performing art 'Rakugo'. It thoroughly introduces the attractions of 'Fun streets, streets you want to visit NAGOYA'. Enjoy the fun story of a grandfather and grandson traveling in Nagoya!"
UGkLiuBKYLr4UyLgYtUtU,https://www.youtube.com/watch?v=NLxrYKQ0zgA,EN,名古屋市プロモーションムービー「COOL! NAGOYA」【MATSURI】,New movies have been completed introducing the traditional & futuristic charm of Nagoya. The concept is a “COOL! NAGOYA”. We are introducing our attractive MATSURI (Festival) & FAMILY TRIP (recommended places for family vacations) with electronic dance music composed by Yamato. Please check them out!
rrKynNeEdj-vYHKEqsOsm,https://www.youtube.com/watch?v=KS_R7zDwNK4,EN,名古屋の春,"In the midst of the COVID-19 pandemic, when tourism has come to a halt, we created a video to convey the beauty of early spring in Nagoya, inspired by the spirit of spring. In the toast scene, we received cooperation from members of VYSA Tokai (Vietnamese Student Youth Association Tokai Branch)."
Er5ZVrHjNfAZe4v0Zd9X5,https://www.youtube.com/watch?v=Ujsf40AsTjQ,EN,Nagoya Shrine Tour,愛知県は神社仏閣の数が日本一だということはご存じでしょうか？そんな神社仏閣の多いエリアにおいて、名古屋市内には700以上の「神社」が鎮座しています。神社はその土地の歴史に縁が強く、いろいろな物語を楽しむことができます。観光名所や施設以外に、名古屋の街中にある「神社」を巡ってみてはいかがでしょう。
f0RSB8O8wZcY2ZP1CaC_n,https://www.youtube.com/watch?v=h-IhFvY4xSQ,EN,COOL！NAGOYA NEWS（アーカイブ）,"Hello everyone in Busan!! In this live broadcast, we will introduce 'New NAGOYA' and 'Fun NAGOYA'. After the live broadcast, you will surely want to visit NAGOYA?? The quiz answers have ended as of February 17, 2022. We look forward to your viewing and participation!!"
JtZ_g1WKCJG1ccG0dBxfB,https://www.youtube.com/watch?v=Sq1ZYhFp20M,EN,名古屋市プロモーションムービー「COOL! NAGOYA」【アミューズメント】,"New movies have been completed introducing the traditional & futuristic charm of Nagoya. The concept is a “COOL! NAGOYA”. We are introducing our attractive HISTORY, FOOD, NIGHT TIME SIGHTSEEING SPOTS, WELLNESS and AMUSEMENT with electronic dance music composed by Yamato. Please enjoy them. *We took videos after thorough infectious disease measures."
sHIjkFwe-fYVEKJPBnI1C,https://www.youtube.com/watch?v=wyCSwRb17m8,EN,名古屋市プロモーションムービー「COOL! NAGOYA」【ウェルネス】,"New movies have been completed introducing the traditional & futuristic charm of Nagoya. The concept is a “COOL! NAGOYA”. We are introducing our attractive HISTORY, FOOD, NIGHT TIME SIGHTSEEING SPOTS, WELLNESS and AMUSEMENT with electronic dance music composed by Yamato. Please enjoy them. *We took videos after thorough infectious disease measures."
m4DEqpZgD0UUaY3F2gg9O,https://www.youtube.com/watch?v=Wdrv27OiI3o,EN,名古屋市プロモーションムービー「COOL! NAGOYA」【食】,"New movies have been completed introducing the traditional & futuristic charm of Nagoya. The concept is a “COOL! NAGOYA”. We are introducing our attractive HISTORY, FOOD and NIGHT TIME SIGHTSEEING SPOTS with electronic dance music composed by Yamato. Please enjoy them. *We took videos after thorough infectious disease measures."
2SBRQ-43GXUO2Q1FQUGz2,https://www.youtube.com/watch?v=IrMcut9UOik,EN,名古屋市プロモーションムービー「COOL! NAGOYA」【歴史】,"New movies have been completed introducing the traditional & futuristic charm of Nagoya. The concept is a “COOL! NAGOYA”. We are introducing our attractive HISTORY, FOOD and NIGHT TIME SIGHTSEEING SPOTS with electronic dance music composed by Yamato. Please enjoy them. *We took videos after thorough infectious disease measures."
Pwxz6axGwfo59VyfIktCR,https://www.youtube.com/watch?v=654eAXV8dzA,EN,名古屋市プロモーションムービー「COOL! NAGOYA」【夜の時間】,"New movies have been completed introducing the traditional & futuristic charm of Nagoya. The concept is a “COOL! NAGOYA”. We are introducing our attractive HISTORY, FOOD and NIGHT TIME SIGHTSEEING SPOTS with electronic dance music composed by Yamato. Please enjoy them. *We took videos after thorough infectious disease measures."
3GmS9KtdFyU9QqWJqQ21k,https://www.youtube.com/watch?v=AuxpGMnOwRc,EN,TRAVEL ROUTINE NAGOYA & INUYAMA 〈分散型旅行〉,"A solo trip exploring spots in Nagoya that caught my attention during a business trip. This is a model course that allows you to fully enjoy Nagoya and Inuyama from morning until night after waking up at the hotel. So, why not wake up early and enjoy Nagoya to the fullest?"
c24GznQAgbyzcs_u3Q2CL,https://www.youtube.com/watch?v=xMEOW5ZKH5I,EN,nagoyainfoncvb のライブ配信,
Ymnuf_cwG-5ukMSF0buP0,https://www.youtube.com/watch?v=9fOoL3LzkLA,EN,Nagoya Hospitality Samurai Team: Recommended Tourist Spots by Toyotomi Hideyoshi and Maeda Keiji and Nagoya Cuisine,名古屋おもてなし武将隊の豊臣秀吉と前田慶次がおススメの観光スポットとなごやめしを熱く🔥語ります。
ULGoUvJOXjnhPC4JMochI,https://www.youtube.com/watch?v=t5EE94fV8hI,EN,Photogenic Nagoya,名古屋観光PR動画
cKeP5EoO442UA7FCNUFIO,https://www.youtube.com/watch?v=1uQUKCNVlws,EN,Nagoya City Tourism PV - Photogenic Nagoya 中文简体 Chinese Simplified,
M24qjewEnS1zDj988nQ35,https://www.youtube.com/watch?v=c22Uq5-diWw,EN,Nagoya City Tourism PV - Photogenic Nagoya 中文繁體 Chinese Traditional,
rE_m-bP1o0Q1FIWcofabo,https://www.youtube.com/watch?v=z3s3OmwHLDo,EN,名古屋のSTAMPの思い出,The popular Thai artist 'STAMP APIWAT' came to the Thai Festival in Nagoya! This is a fun video capturing the attractions of Nagoya during his live performance.
KloCQIy6KDMmXBzMK2aTP,https://www.youtube.com/watch?v=kAtlZMEcrug,EN,しゃちほこ フルHDサイズ,
JklaK7peVGoFIaduWCoCf,https://www.youtube.com/watch?v=waseNX-6rgY,EN,【Illumination × AR】Nambaで、誰も体験したことのない感動を。15秒ver,"◆People, Town, Future 'Something Good' ACTION HP"
tOCjigxpSpMWAG156Wcf_,https://www.youtube.com/watch?v=bWi29NevGVY,EN,【Illumination × AR】Nambaで、誰も体験したことのない感動を。,"The winter night sky of Namba is adorned with the seasonal event 'Namba Light Journey'. This short movie depicts the challenge of using AR technology for the first time in Japan at the main spot, the light waterfall of Namba Parks, in collaboration with other companies. The Nankai Group will continue to deliver many 'something good' to people, towns, and the future based on the brand slogan 'Overflowing with something good'."
sTU8HCc_bk_lc_BrEphAE,https://www.youtube.com/watch?v=bTkE9bM0zA0,EN,日本の産業を巡る旅へ！,"From South Osaka to Wakayama, we offer two unique plans of Industrial Tourism: the Superior Plan, where you can engage in direct conversations with business owners, learning their secrets of business succession, sustainable manufacturing, and remarkable recovery from global financial crises; and the Standard Plan, which provides a behind-the-scenes look at traditional industries. Join us on a journey to discover the heart of Osaka’s craftsmanship and passion."
RL63BccLDC58u-J-gXyu_,https://www.youtube.com/watch?v=WV5yJvPshhQ,EN,産業観光 [南大阪 - 堺],"In October 2024, we invited AGT members from overseas to hold a FAM trip. 16 members from 8 countries, including China, Hong Kong, Thailand, South Korea, Australia, and the Philippines, participated♪ If you are a staff of a travel agency to visit Osaka who is interested in industrial tourism, and planning to introduce these activities, our staff will be happy to guide you! Please contact us at the URL below."
bQpKnZSZkxJOia79hL-fv,https://www.youtube.com/watch?v=uYZh_dTJQUg,EN,めでたいでんしゃ かなたで和歌山・加太の旅（300秒）,"Here is the outing information for Wakayama City and Kada.

A trip to enjoy the sightseeing spots and gourmet food in Wakayama and Kada! Relax while traveling on the 'Medetai Train' and savor local specialty dishes. Refresh your mind and body at historical shrines and hot springs. Enjoy the breathtaking sunset at the end of your journey."
iboQRc7aCyT8W4j3ilNP5,https://www.youtube.com/watch?v=DACbXsIXyCk,EN,A Trip to Wakayama and Kada by Medetai Train,和歌山・加太の観光スポットとグルメを楽しむ旅！めでたいでんしゃでのんびりと移動し、地元の名物料理を堪能。歴史ある神社や温泉で心も体もリフレッシュ。旅の最後は絶景の夕日をお楽しみください。
WbTALDF6dsg587y9bK5vy,https://www.youtube.com/watch?v=873GM9tyTnk,EN,A Trip to Kada by the Lucky Train (15-Second Spot Edition),"＼和歌山市・加太のおでかけ情報はこちら／

和歌山・加太の魅力をお届け！めでたいでんしゃに乗って、淡嶋神社や旧加太警察署、加太春日神社を巡り、休暇村紀州加太の温泉でリラックス。最後は美しい夕日を堪能しましょう。ぜひ、ふらっと癒やしの加太へお越しください！"
O27e5QpWzf9WcydZlUX-Y,https://www.youtube.com/watch?v=817JfKb9DTM,EN,まちの参観日in河内長野（オンラインイベント）,"This is the archive video of the online event 'Machi no Sankanbi in Kawachinagano' held on September 7, 2024."
w5o6EsPXxGfaeXL0B2CvE,https://www.youtube.com/watch?v=ZkqHgHlfpoE,EN,"Namba Parks: People, City, Nature. Together, Towards the Future. 15 seconds version",◆ひと まち 未来 ’なんかいい’ACTION　HP
dLVEZJx5jaBEOAfeDDzvZ,https://www.youtube.com/watch?v=olYgPp1NrtI,EN,Nankai 8300 Series and Senboku 9300 Series Win Good Design Award!,南海電鉄8300系・泉北高速鉄道9300系が2023年度グッドデザイン賞(主催：公益財団法人日本デザイン振興会)を受賞しました。今後とも「人と環境に優しい車両」として、安全・安心・快適な空間づくりを進めてまいります。
W8TNp6src9b7dcxyT9SyV,https://www.youtube.com/watch?v=B0W5XBMtW4U,EN,"Namba Parks: People, City, Nature. Together, Towards the Future. Parks Garden",南海電鉄難波駅に直結するなんばパークスの屋上公園「パークスガーデン」で、自然と共存しながら憩いの場を育んできた私たちの想いをつづったショートムービーです。南海グループでは、ブランドスローガン「‘なんかいいね’があふれてる」をもとに、これからも人やまち、そして未来にたくさんの‘なんかいい’をお届けしていきます。
UtW31XyLh-Ba5UFIYuspi,https://www.youtube.com/watch?v=TcafchXYoK4,EN,5分動画2015 2019,
hDs28WSZzIBCkX4bkeKNO,https://www.youtube.com/watch?v=QMpxX_wG5EU,EN,Nankai & Ensen Story 'Together We Run',「加太さかな線」の「めでたいでんしゃ」を中心に、地域の活性化に奮闘する南海電鉄社員と沿線の方々の姿を描いたショートムービーです。南海グループでは、ブランドスローガン「‘なんかいいね’があふれてる」をもとに、これからも人やまち、そして未来にたくさんの‘なんかいい’をお届けしていきます。
0_qisphNculmgSQ70iI8K,https://www.youtube.com/watch?v=RilIoe1HpgY,EN,Namba Light Journey 2020-2021,きらめく冬の宴「なんば光旅」イルミネーションを開催！なんばエリアを彩り、訪れる人々を幻想的な世界へいざないます。
0ONzJzKwDjyWOzfL_F0XG,https://www.youtube.com/watch?v=s0nm1FWkQ3k,EN,NANKAI鉄子の部屋 Dice Talk! Part 1 (Kaori-san),"Following the Chiyoda Factory tour, a roundtable discussion was held where a dice talk was conducted. The theme that came up when rolling the dice was 'common experiences of train enthusiasts.' Kaori-san's 'common experience' is being able to recite the automatic announcements on limited express trains from memory. It feels like riding the Kōha-gō!? Here’s a showcase of the train announcements!"
cZEGlh-cyyDVbiKoGAzoe,https://www.youtube.com/watch?v=1pka_RRoQl0,EN,NANKAI鉄子の部屋 Dice Talk! Part 1 (Saeko-san),"On August 6, 2016, the event 'NANKAI Tetsuko no Heya' was held. We welcomed railway idol Yukino Saito as a guest, and railway-loving women, known as 'Tetsuko,' participated."
3pGySQ_xlZuWQGvGzPrEU,https://www.youtube.com/watch?v=8BRbjzH-IjI,EN,NANKAI鉄子の部屋 Dice Talk! Part 1 (Sayuri-san),"Following the Chiyoda Factory tour, a roundtable discussion was held where a dice talk was conducted. The theme that came up when rolling the dice was 'common experiences of train enthusiasts.' Sayuri's 'common experience' is that trains are her friends. So, she introduced her best friend!"
jsk5UPCG2XB7l0VNQqUVk,https://www.youtube.com/watch?v=h_PjQ30tG6c,EN,Namba EKIKAN Project Making Movie (Released in 2014),大阪　南海なんば駅～今宮戎駅間の一部高架下をリノベーションした「なんばEKIKANプロジェクト」のメイキングムービーです。昭和13年に完成した高架下を、自転車店「cycle HERO」、DIYショップ「DIY FACTORY OSAKA」、炭火焼カフェ「チャコールグリルパーラー　オルケスタ」の3店舗が並ぶ商業ゾーンへリノベーションする過程を動画に収めました。
x5Mx-LTIhwU9RojDzEf-Q,https://www.youtube.com/watch?v=-8ghS4lrrKc,EN,令和5年度岐南地芝居公演(美濃歌舞伎保存会),"On September 10, 2023 (Sunday), the Ginan Chijibai Performance will be held at the Ginan Town Fushiya Shishimai Hall. Following last year, the 'Ginan Chijibai Performance' allows audiences to enjoy 'Fushiya's Shishibai' along with other Shishibai and local Kabuki performances from within the prefecture. This year, the Seki City Shishimai Preservation Society and the Mino Kabuki Preservation Society will perform.

Kabuki 'Sannin Kichisa'

[Summary] Famous for the lines 'The moon is hazy over the white fish...' and 'This is a good omen for the spring,' this is a work by the playwright Kawatake Mokuami. On the night of Setsubun, Ojo Kichisa steals 100 ryo from a woman of the night by the Sumida River, but Obo Kichisa notices it, and the two fight over the money. A passing monk Kichisa mediates the dispute, and the three men with the same name reveal their true identities and become sworn brothers. The monk offers the 100 ryo to his father, Denkichi, but the bad money is thrown away. The 100 ryo ends up in the hands of the Obo, and Denkichi is killed by the Obo. Ojo and Obo meet the monk again, where the Obo learns for the first time that he killed the monk's father, and Ojo discovers that the woman of the night is the monk's sister. The two regret their sins and contemplate death..."
BOqPLXAhiGxC3MutELKdY,https://www.youtube.com/watch?v=W9FZ3CbnIY8,EN,令和5年度岐南地芝居公演(岐南町伏屋獅子舞保存会),"On September 10, 2023 (Sunday), the Ginan Local Theater Performance will be held at the Ginan Town Fushiya Shishimai Hall.

As one of the pre-events for the 39th National Cultural Festival and the 24th National Arts and Culture Festival for Persons with Disabilities, which will be held in Gifu Prefecture in 2024, the 'Ginan Local Theater Performance' was held again this year. This performance allows audiences to see 'Fushiya's Lion Dance' along with other lion dances and local kabuki from within the prefecture. This year, the Ginan Town Fushiya Shishimai Preservation Society, the Seki City Shishimai Preservation Society, and the Mino Kabuki Preservation Society performed.

　　Road Journey
　　Offering
　　Demon Exorcism
　　Lion Dance 'Keisei Awa no Naruto - Pilgrimage Song Segment'
　　
[Summary]
To search for the family treasure of the Tamaki family in Tokushima, the couple Jurobei and Oyu (the lion) leave their three-year-old daughter Otsuru at home and travel through various countries, but soon run out of money and become criminals. At the age of nine, Otsuru, longing to see her parents, sets out on a pilgrimage journey. One day, Oyu, who is hiding in Osaka, unexpectedly meets Otsuru, who is in pilgrimage attire. As Oyu listens to her story, she realizes that Otsuru is undoubtedly her daughter. Suppressing the urge to embrace her and introduce herself as her mother, Oyu advises Otsuru to return home, fearing that her daughter might be implicated in her crimes, but Otsuru, crying, pleads to stay with her, saying, 'I feel like I might be my mother.'"
Int2chN7b1qIdVNGFSiI3,https://www.youtube.com/watch?v=pUtslhUXwg4,EN,令和6年岐南町二十歳の集い,"January 7, 2024 (Sunday) 20th Birthday Celebration in Ginan Town @ Ginan Town Central Community Center. Please check it out along with the special feature of the public relations paper 'My Town Ginan'."
E49lj-w9BZM4W9YREgZ6O,https://www.youtube.com/watch?v=SkScS5wBCpg,EN,令和5年岐南町二十歳の集いスライドショー,"On January 8, 2023 (Sunday), the 5th year of Reiwa, the 20th birthday gathering in Ginan Town was held at the Ginan Town Central Community Center.

Since last year, the age of adulthood has been lowered, and a ceremony to celebrate the new beginning was held under the name of the 20th birthday gathering instead of the Coming-of-Age Ceremony.

Please also check the feature in the public relations paper 'My Town Ginan'."
IIIRmG2G5pRkc8wUq0nev,https://www.youtube.com/watch?v=OKfpO1zpI94,EN,沖縄旅行映画,"This video was created using footage captured during a study tour in Okinawa in February 2024. The footage showcases Okinawa's captivating landscapes, traditional culture, and various experiences from the study tour. Through this video, we hope to share a glimpse of Okinawa's rich charm with you."
HeT_JTq-8z3Cqfys1uVjW,https://www.youtube.com/watch?v=JgX3RAgjOHY,EN,Kanazawa & Noto Adventure / Cinematic Travel Vlog,この動画は2021年9月に金沢・能登アドベンチャーツーリズムのファムトリップにアヤベックスが参加した際の記録動画です。金沢・能登には素晴らしい魅力が沢山詰まっています。金沢と能登で感じるアドベンチャーの旅をぜひ皆様も触れて頂けたら嬉しいです。
W2WQCO4TfQNRo_3Jc0tA9,https://www.youtube.com/watch?v=VxfY7iBi9qI,EN,KANSAI JAPAN Nara Mie in 8K HDR - 奈良 三重,Learn more about Kansai: https://www.the-kansai-guide.com/en/
MdC_p-d8ZVufFC8Bal91H,https://www.youtube.com/watch?v=Swe3NtXBCTY,EN,KANSAI JAPAN Wakayama Osaka in 8K HDR - 和歌山 大阪,Learn more about Kansai: https://www.the-kansai-guide.com/en/
2zRoh36a-rdAC5ig_wDgz,https://www.youtube.com/watch?v=D1N5ofFNxcI,EN,KANSAI JAPAN Tokushima Hyogo Tottori in 8K HDR - 徳島 兵庫 鳥取,Learn more about Kansai: https://www.the-kansai-guide.com/en/
HoV8bHVuFcNRAiWpcFAtg,https://www.youtube.com/watch?v=7efM4pNOilU,EN,KANSAI JAPAN Fukui Kyoto Shiga in 8K HDR - 福井 京都 滋賀,Learn more about Kansai: https://www.the-kansai-guide.com/en/
yAXGuCBq3X2aa1KwLmysb,https://www.youtube.com/watch?v=J49PuCCFR3o,EN,【Maizuru Kyoto】【舞鶴 京都】東側の物語 / 日本の旅行 / シネマティック旅行Vlog Maizuru観光PR動画,"Maizuru city is a port city located at the northern end of Kyoto. In this video, we introduce the east side of Maizuru. It has a long history as a naval port since the Meiji era, and the 'sea with warships' is truly the trademark of Maizuru. There are many historical sites related to the navy in the city, showcasing beautiful scenery that makes you feel the history along with the blue sea. Please enjoy the fascinating video of East Maizuru."
bDDm_k06fl3XZpYWuUSMR,https://www.youtube.com/watch?v=6Yep2lCVjqA,EN,Shigaraki Pottery & Hikone History Japan Travel  Cinematic Vlog / 滋賀＆福井周遊 vol.2 土鍋ごはんと信楽焼工房見学・彦根観光,"Our travel in Shiga is continuing from our last video. We visited a restaurant where they serve rice in earthen pots of Shigaraki ware which is one of Japanese pottery and a workshop. We learned about Shigaraki ware and how to cook delicious rice from potter. Also, we visited Taga Taisha where locals has been visited for long time and Hikone castle which is designated a national treasure. Shiga prefecture is full of spots where you can see Shigaraki ware which has been created using traditional methods, visit shrines and castles related to Japanese history and follow the tracks of locals’ lives. We will be visiting our next destination Fukui prefecture in our next video, vol.3. Please look forward to it!"
n5bAdYRnWV_d1-xCGuY9y,https://www.youtube.com/watch?v=_RgfoZWUp5E,EN,Excellent Omi Wagyu beef & Sake brewery Japan Travel Vlog / 滋賀＆福井周遊 vol.1滋賀編　日本三大和牛・近江牛と地酒のマリアージュ,"Shiga Prefecture is the starting point of this trip. The food culture has been passed down and loved by local people for long time.

We visited long-established Omi beef restaurant which has a history of over 100 years and Sake brewery in Minakuchi-cho, Koga city and heard lots of valuable story.

When you visit Shiga prefecture, please try delicious Omi beef cuisine and sake that matches it very well.

Our next video will be about traditional craft of Shiga, Shigaraki ware. Please look forward to it!"
wkucIESAmi-msnFPcouUe,https://www.youtube.com/watch?v=hRTngT6NO_Q,EN,Kansai Round Trip - Shiga & Fukui / トレーラー / シネマティック旅行ブログ,今回、私たちは滋賀県と福井県をめぐる旅をしてきました。美しい景色はもちろん、歴史あるお城や酒造、信楽焼の工房、美味しい海の幸など魅力溢れる土地です。4日間にわたる旅行記を予告編として3分にまとめました。ぜひご覧ください！本編も後日投稿しますのでお楽しみに♪
MjKHXaqudgZTzUKtelRVR,https://www.youtube.com/watch?v=ypmx-1Dk78g,EN,Maizuru Repatriation Memorial Museum in KYOTO. Музей репатриации Майдзру в Киото. История ВМВ,今回は、ユネスコの「世界の記憶」に登録されている舞鶴の帰還記念館を訪れました。ここでは、第二次世界大戦後に日本の外にいたシベリアの戦争捕虜や人々の歴史を知ることができます。戦争が終わって75年が経ち、多くの人々がそれを忘れつつあります。もう一度思い出してみませんか。博物館の上の丘には、湾の景色を望む展望台があります。舞鶴に行く際は、ぜひこの場所を訪れてください。
ObqXBZGJ-jAS24dOY3RAi,https://www.youtube.com/watch?v=IB5ZQ5_7po4,EN,舞鶴、京都（西舞鶴）,"Maizuru is a port town located at the northern tip of Kyoto Prefecture. This video introduces the charm of West Maizuru. Flourishing as a castle town since the Middle Ages, it still retains many picturesque landscapes, making it perfect for walking, gourmet experiences, and visits to tea farms."
gKw7YqYv3cR4F0KpPEhPS,https://www.youtube.com/watch?v=ZwFEQCXlNFE,EN,AYABE KYOTO - 日本で地元の人々と出会う場所,"Ayabe City, Kyoto Prefecture is a small rural town with a population of about 30,000. This 3-minute video summarizes the charm of its rich nature, historical culture, and warm people. Please take a look!"
Os46kHlQUFelX8nxiUIz5,https://www.youtube.com/watch?v=uys-_Mfpg2M,EN,"Boat house in Japan. Инэ - рыбацкая деревня, лодочные дома и электровелосипед  cinematic travel Vlog","英語は下記に記載されています：
京都府北部のタンゴ半島の東海岸に、小さな漁村「イネ町」が隠れています。日本のヴェネツィアとも呼ばれています。
イネの伝統的な家屋は「フナヤ」と呼ばれ、ボートハウスと訳すことができます。この町は現在、重要な伝統的建物保護地区として保護されています。
今回は、マキシムがイネのボートハウスエリアを訪れ、電動自転車ツアーとイネ湾でのプライベートボートライディングを体験しました。イネの漁村の美しい夏の風景をお楽しみください。"
Os46kHlQUFelX8nxiUIz5,https://www.youtube.com/watch?v=uys-_Mfpg2M,EN,日本のボートハウス。イネ - 漁村、ボートハウスと電動自転車のシネマティック旅行Vlog,Description
txZPWTObqr3Lepu7_aYfU,https://www.youtube.com/watch?v=ljPgM63gdKY,EN,"Farm House Stay in Japan-Kyoto Ayabe / Ночь в сельском доме Покапока Ноэн. Киото, Аябэ. Travel Vlog","綾部市は京都府の北部に位置する小さな町で、人口は33,000人です。「ポカポカ農園」は、東京から綾部に移住した串田さんが運営しています。「ポカポカ農園」は、100年以上の歴史を持つ古民家を改装したものです。串田さんは、自然に囲まれた田舎で、農薬や肥料を使わずに米や野菜を育てています。また、2019年からは、ゲストが自分で火を入れることができる伝統的な「五右衛門風呂」を楽しむことができます。自然の中でリラックスしたい方や農業体験をしたい方に最適な宿です。今回は、マキシムによる宿泊体験の動画を紹介します。"
txZPWTObqr3Lepu7_aYfU,https://www.youtube.com/watch?v=ljPgM63gdKY,EN,日本の農家宿 - 京都の綾部 / Poka Poka Nouenの農家宿,"Ayabe City is located in the northern part of Kyoto Prefecture, it's a small town with a population of 33,000. The “Poka Poka Nouen(Farm)” operated by Mr. Kushida, who has moved from Tokyo to Ayabe. ""Poka Poka Nouen(farm)"" is a renovation of an old folk house over 100 years old. Mr. Kushida grows rice and vegetables that are pesticide-free and fertilizer-free in the countryside where is full of nature. Also, from 2019, guests can enjoy the traditional ""Goemon"" style open-air bath which they can set the fire on their own. It is a perfect inn for those who want to relax in nature and who want to experience farming. This time, we introduce a video of lodging experience by Maxim."
tL_D4efGqt5ZyWCzQBun9,https://www.youtube.com/watch?v=Zjm2y2ceTcU,EN,Традиционные ремесла и искусства Японии – Японская бумага Васи из деревни Куротани / КИОТО-АЯБЭ,今日は、京都府北部での日本の伝統的な和紙の製造について紹介します。私たちは、あやべ市の黒谷村を訪れ、800年以上の伝統を持つ和紙が今でも伝統的な技術で作られています。黒谷村は京都府の無形文化遺産として認識されています。この地域は多くの人にとって未開の地ですが、手作りの和紙の伝統技術を守ることで知られています。
H6fo_xdUgIa6QtPZMd3pH,https://www.youtube.com/watch?v=wZGbQgf6JKA,EN,【Secret Kyoto Vol.2】AYABE - 日本のシネマティック旅行Vlog by iphone11pro 京都の田舎旅行・綾部の農家民宿＆体験,"AYABE in Kyoto prefecture. Just one hour from central of Kyoto city. This city is rural country side, unknown well for sightseeing but we have great views everywhere in the city. Please enjoy our video of summer scenery in Ayabe and feel free to visit us if you have chance!"
M8rXk4HyO__EGsGGT2v1r,https://www.youtube.com/watch?v=i0YJu9i9h64,EN,【Secret Kyoto Vol.1】日本の映画的旅行Vlog - 海の京都 京都の田舎旅行~ 福知山・綾部・与謝野・宮津,"Let's explore secret Kyoto in summer! Visit Nature & Culture in hidden Kyoto, Japan. This is Vlog of Maxim who is foreign traveler lives in Japan, he visited northern part of Kyoto and explore unknown place in local spot."
dP2VJb_EOtE9J5kdrx_yz,https://www.youtube.com/watch?v=WWPqVPLhiDQ,EN,かかしの村の声- The Voice of the Scarecrow Village [ #Poem #Tokushima #filmfestival ],Our first video that is officially selected for a film festival!
rQqByPR9V3t4rSNs1Jpyn,https://www.youtube.com/watch?v=eHbImo2nx8Y,EN,Ome Blue Tokyo Ome 観光動画チャンネルのライブ配信,
5JDEups7bKWofEWxiuYi2,https://www.youtube.com/watch?v=Qj7elqSoDH0,EN,伊香保エリアとその石段の魅力,The charm of Ikaho Onsen stone steps
d2ATPnDPeseXlQMXXkP-t,https://www.youtube.com/watch?v=nhws2ZVURYA,EN,Fukui City Waterworks 100th Anniversary Video 'Living with Water',福井市水道事業１００年のあゆみと、次の１００年も安全・安心な水道水を安定供給するための上下水道局の取り組みについて紹介する記念動画です。
7vu17IQ33acmwPwYB-mou,https://www.youtube.com/watch?v=9OTdmi_-otA,EN,looking for the shine 輝きを探して,"In preparation for the opening of the Hokuriku Shinkansen Fukui, we are producing a landscape PR video in the Fukui Reihoku Core City Area."
ZphCAkS5wZ9MogHHcmtIU,https://www.youtube.com/watch?v=yx8ZE63lqK8,EN,かごしま市、歴史・文化,Kagoshima City Tourism Navigation
oaAHJEsFQDXcafj2EmfO1,https://www.youtube.com/watch?v=lhapb4Rp1L4,EN,鹿児島市、桜島と海,Kagoshima City Tourism Navigation
g_WcnMP0C26USC5Pzlu8i,https://www.youtube.com/watch?v=ljPirB8J8Yk,EN,かごしま市、食,Kagoshima City Tourist Navigation
RB9-6ycdyfXelO1nu4Pp7,https://www.youtube.com/watch?v=X28WEGw1tLo,EN,かごしま市、アクティビティ,Kagoshima City Tourism Navigation
1RjHCP-DpszT0s25fMG3L,https://www.youtube.com/watch?v=tV_pb498nCw,EN,かごしま市、イベント,Kagoshima City Tourism Navigation
t_R88KBzmWgMNaGZY9m2l,https://www.youtube.com/watch?v=Gm90vjRxpik,EN,20220622開催　第１回「かごしま観光未来塾」,
FAQ99jfOYMmoN9sVDU390,https://www.youtube.com/watch?v=giPRP_wj6j0,EN,KAIの始まり SONY展示会,This video was produced for a solo exhibition at Sony Store Sapporo.
nL90vM-yMCg4hiAxegaXU,https://www.youtube.com/watch?v=uWdKW7Hfd90,EN,北海道千歳市観光PR動画の裏話,#3 CHITOSE  / Hokkaido Chitose City
Vjz8TYV2xa-1tnP1V8bZK,https://www.youtube.com/watch?v=m1pDS2A2lDY,EN,KAIローンチビデオ2024 | 4K,"K A I https://www.instagram.com/kai_ezo.explorer/ KAI means 'those born in this land' in the Ainu language. It was initiated by members from Hokkaido who share the same aspirations to express their love for Hokkaido.

---------------------------------------------------------------------------------------------------------------------------------
A video media delivering the charm of 179 municipalities in Hokkaido / KAI Hokkaido Movie Media

The videos produced by KAI include tourism PR videos, regional PR videos, documentaries focusing on people and culture, community development PR videos, and migration promotion videos, showcasing a variety of expression methods.

Hokkaido Tourism Promotion Video / Adventure Tourism]

【Project EzoExplorer】 A project that disseminates videos from all 179 municipalities in Hokkaido, conveying the charm of each area from various aspects such as tourism, culture, people, and community revitalization. The members are creators active in Hokkaido.

Music 【Artlist】 https://bit.ly/3BWn2ib

For production requests, please contact us at the email below @ezo.explorer@gmail.com"
Z_xYxVibcpJIgcmlPv6K-,https://www.youtube.com/watch?v=0OibWjEuTIY,EN,A Beautiful Beach to Soothe the Heart...,離島には まだあまり知られていない砂浜が多々あります。島を巡りながら自分だけの砂浜を見つけて、のんびりと過ごす贅沢な島時間…心安らぐ美しい景色に癒されます。
tYJOk-8S7V9qV3qqeP9Qg,https://www.youtube.com/watch?v=fscTILypwEU,EN,【4K】海と私,"Here is Okinawa that can only be found here.

""Haimurubushi""
A resort named after the Southern Cross
https://www.haimurubushi.co.jp/

Yaeyama Islands, Kohama Island

400 km further south from Okinawa Island
A holiday at an island resort embraced by the largest coral reef in Japan and Iriomote-Ishigaki National Park."
ZDybrkbYx_IMY0rvJ9YSi,https://www.youtube.com/watch?v=ZEQKW8xlKh0,EN,A New Awakening 目覚め,
RO1BAlrFHq7AZpiItWrJm,https://www.youtube.com/watch?v=CByowaJQRMo,EN,An Inspiring Journey　再出発【4K】,
DM6TPYLBNy-HYflEHuttL,https://www.youtube.com/watch?v=LbO5tiZt0Ow,EN,Breakfast Buffet Dishes for Takeout! Enjoy Meals in Nature with 'Picnic Breakfast',ピクニックブレックファスト詳細ページ
KXhyhFNiKRISt-21ABZQ-,https://www.youtube.com/watch?v=LoWP8v0mrpM,EN,Haimurubushi Yoga 03: Candle Yoga - Moon Salutation,沖縄離島の癒しの風景とともに、お部屋ヨガで癒されてみませんか。
UH65xVhHbpT8XbSTcn3S5,https://www.youtube.com/watch?v=zupVP3HqBhA,EN,はいむるぶし 満月の夜　【月光浴】,"Under the impressive and sacred moonlit night of Yaeyama, lie barefoot on the sandy beach for moon bathing and meditation. You can directly feel the earth and receive the overflowing energy of release and purification from the moon."
1RxWqN2Lvsh-b5YSn2iEJ,https://www.youtube.com/watch?v=v26XzIO0HE4,EN,Kagoshima Cycle Tourism: Breathe Deeply in the Healing Nature! Cycling the Yakushima Route!,その豊かな自然が世界からも注目を集めている屋久島。原生林が生い茂るマイナスイオンの森に生命力を感じたり、野生のヤクシカ・ヤクシマザルとひょっこり出合ったり。ここでしかできない貴重な体験があなたを待っています。
OJZcUgaJgM6hotExKaFSE,https://www.youtube.com/watch?v=-ZIpCm6Xka8,EN,Kagoshima Cycle Tourism: Deep Breaths in Healing Nature! Yakushima Route,その豊かな自然が世界からも注目を集めている屋久島。原生林が生い茂るマイナスイオンの森に生命力を感じたり、野生のヤクシカ・ヤクザルとひょっこり出合ったり。ここでしかできない貴重な体験があなたを待っています。
zWjI7110XfUZt5zn7wUpp,https://www.youtube.com/watch?v=rgJw3ZIrw2Y,EN,【祝！世界自然遺産登録決定　奄美大島・徳之島】BREATHTAKING KAGOSHIMA〜心奪われる鹿児島,"Island songs called Shima-uta float through the air weaving narratives from the ups and downs of daily life. Slow down and enjoy the bountiful nature, rich culture, delicious local food, and heartfelt hospitality of the islands."
adb5KhRec3a0v-QVnHu0-,https://www.youtube.com/watch?v=xicxziXpAto,EN,BREATHTAKING KAGOSHIMA〜心奪われる鹿児島〜,
FftedX4FpL_fhZL4jw0Pd,https://www.youtube.com/watch?v=wzByRRz5hDE,EN,BREATHTAKING KAGOSHIMA〜心奪われる鹿児島〜,"Experience the simple everyday luxury of nurturing waters from volcanic hot springs. Underground magma heats over 2,700 natural onsen across Kagoshima Prefecture. Local people meet and bathe in the soothing waters, relaxing and exchanging stories about their lives."
xWcdXEAKWD3oIqzDn5oyR,https://www.youtube.com/watch?v=ppMUvGWmqfA,EN,BREATHTAKING KAGOSHIMA〜心奪われる鹿児島〜,"Kagoshima is blessed by bountiful volcanic landscapes, a unique food culture influenced by ancient exchanges with distant lands, bubbling natural hot springs, and a history that shaped the future of Japan. Remote tropical islands waiting to be explored dot the southern seas, each with their own unique culture and customs. Discover the daily life of the local people and lose yourself in Kagoshima."
D7LpIAWErXLSpPzmHhN0c,https://www.youtube.com/watch?v=RP6aSx67lUo,EN,BREATHTAKING KAGOSHIMA〜心奪われる鹿児島〜,"Island songs called Shima-uta float through the air weaving narratives from the ups and downs of daily life. Slow down and enjoy the bountiful nature, rich culture, delicious local food, and heartfelt hospitality of the islands."
vC_xbJZyaBeMONr76IuOH,https://www.youtube.com/watch?v=94K0NK8ivcI,EN,BREATHTAKING KAGOSHIMA〜心奪われる鹿児島〜,"Kagoshima is blessed by bountiful volcanic landscapes, a unique food culture influenced by ancient exchanges with distant lands, bubbling natural hot springs, and a history that shaped the future of Japan. Remote tropical islands waiting to be explored dot the southern seas, each with their own unique culture and customs. Discover the daily life of the local people and lose yourself in Kagoshima."
VjgFoEwYhMBpa6SeS5K1d,https://www.youtube.com/watch?v=a0gQl85L82I,EN,BREATHTAKING KAGOSHIMA〜心奪われる鹿児島〜,Sample the authentic food culture of Kagoshima lovingly prepared by local hands. Produce borne of the volcanic landscape and a farm to table aesthetic form a special part of daily life.
Vje2R9JKa1jmdajCnvats,https://www.youtube.com/watch?v=a3IXP2H3BSA,EN,BREATHTAKING KAGOSHIMA〜心奪われる鹿児島〜,Kagoshima was once Japan's gateway to Asia and the Western world. Feel the echoes of Kagoshima's deep history living with active volcanoes and interacting with different cultures in the daily lives of local people today.
oZ5vY1NrBeErlzH0wIeB1,https://www.youtube.com/watch?v=OwhWxkw_f1U,EN,BREATHTAKING KAGOSHIMA〜心奪われる鹿児島〜,"Kagoshima is blessed by bountiful volcanic landscapes, a unique food culture influenced by ancient exchanges with distant lands, bubbling natural hot springs, and a history that shaped the future of Japan. Remote tropical islands waiting to be explored dot the southern seas, each with their own unique culture and customs. Discover the daily life of the local people and lose yourself in Kagoshima."
Mixatfk2D15XpMbboIfkh,https://www.youtube.com/watch?v=2iL8D-Gdvh4,EN,World's Top Bartender Talks About Authentic Shochu,世界トップバーテンダーから見た視点での鹿児島県産本格焼酎の魅力や焼酎カクテルを紹介する動画です。
6Wk4-qdwyqB2azoZo9SA4,https://www.youtube.com/watch?v=T8mAhW9jIeE,EN,【Vol.3】＃キバレかごしまプロジェクト～私たちの手で鹿児島を元気に～,"The long-awaited third installment of the '#Kibare Kagoshima Project - Let's Revitalize Kagoshima with Our Own Hands'! The Kagoshima PR Division is producing and distributing message videos with the people of Kagoshima who are working hard in the tough battle against the new coronavirus, to help them feel a little more positive. This time, the #Kibare message will be introduced with the refreshing melody of the march 'Fly to the Star' by the Wind Orchestra 'Fore'! *Messages are published in the order they are received."
PwgVr1AEGT7aAc6f_dcDO,https://www.youtube.com/watch?v=rah3uaXCGWA,EN,【Vol.2】＃キバレかごしまプロジェクト～私たちの手で鹿児島を元気に～,The Kagoshima PR Department is producing and distributing message videos with the people who love Kagoshima to encourage everyone in Kagoshima who is working hard in the tough battle against the new coronavirus to be a little more positive. This is the long-awaited second installment of the '# Kibare Kagoshima Project - Let's Revitalize Kagoshima with Our Own Hands!' Note: Messages are published in the order they are received.
aPvsAqQSLzJPRZvZzHYc6,https://www.youtube.com/watch?v=4-RUC_-QbmY,EN,鹿児島の鳥瞰図3分スペシャル,
vdnlavEuHbq5Gu2n7ulR9,https://www.youtube.com/watch?v=wG5iMPr1jY0,EN,My hometown is a city that seduces a lot of people - 【伊東市PR】,"The 4th Japan International Tourism Film Festival Japan Division Vlog Excellent Work

Now, when the decline of 'tourist destinations' due to the COVID-19 pandemic is being whispered, it is necessary to reaffirm the charm of that place.

In my hometown 'Ito', there are many 'light sources', and I have seen many people from all over the country come to illuminate them.

A tourist destination can only exhibit its greatest charm with the presence of visitors.

To deliver such wonderful charm, please spread the word.

#ItoCity #Ito #ShizuokaPrefecture

▷Follow Me
Instagram ; https://www.instagram.com/rosyfilife
Twitter ; https://twitter.com/rosyfilife

▷info
We are waiting for inquiries about video production, including PR videos. Please feel free to contact us via the inquiry form from this link ( https://lit.link/rosyfilife )."
obaMS6ojOQzGgWerDDX_D,https://www.youtube.com/watch?v=jwtESt73-EQ,EN,USAへLet's Go～レジャースポット巡り編,"【Ajimu Budoushu Koubou】・Address: 798, Shimoge, Ajimu-machi, Usa-city, Oita-pref・Tel: 0978-34-2210・Open: 9am-6pm, Closed on Tue (open if it’s a public holiday) & New Year holiday【African Safari Kyushu】・Address: 2-1755-1, Minamihata, Ajimu-machi, Usa-city, Oita-pref・Tel: 0978-48-2331・Open: 9am-5pm (During Mar 1st～Oct 31st) 10am-4pm (During Nov 1st～Feb 28th)・Charge: Adult ¥2500, 4～15years old ¥1400"
kmAuwJjm27-rB3aQd1FA-,https://www.youtube.com/watch?v=zZrAblKDUOE,EN,USAへLet's Go～自然スポット巡り編,"【Michi-no-Eki Innai】・Address: 1381-2, Soi, Innai-machi, Usa-city, Oita-pref・Tel: 0978-42-5539・Open: 10am-5pm【Restaurant Asagiri-no-shou】・Address: 828-2, Shimoge, Ajimu-machi, Usa-city, Oita-pref・Tel: 0978-44-1236・Open: 8:30am-5pm, Closed on Dec. 30th～Jan 1st"
F62vfIHJyT0O7sbcj6OW4,https://www.youtube.com/watch?v=-euaYYO_b5U,EN,USAへLet's Go～四日市門前町散策編～,"【Negiya san no Negiyaki】・Address: 1398-2, Yokkaichi, Usa-city, Oita-pref・Tel:080-2721-6946・Open:11am-2:30pm, 4:30pm-9pm(Mon 11am-6pm)・Closed on Tuesday.【Michiyard cafe】・Address: 1354-1, Yokkaichi, Usa-city, Oita-pref・Tel:080-3225-0821・Open:12am-3:30pm, 9pm-2am・Irregular holidays"
qaJ9Dvr5mtwFnB1PsSCMd,https://www.youtube.com/watch?v=dhQtVaojJI4,EN,USAへLet's Go～フルーツ狩り編～,"◆ACT Strawberry Farm
・Address: 2215-51, Ninagi, Usa-city, Oita-pref
・Phone: 0978-38-5701
・Period: Open from January 15th to May 7th (normal), limited opening after May 9th (please inquire)
・Business hours: 10:00 AM to 4:00 PM (9:00 AM on Sundays and public holidays) Entry until 3:30 PM
・Charge: Adults: ¥1,600 (¥1,300 from April 10th to May 7th), Elementary: ¥1,200, Toddlers: ¥800, Free for under 2 years old"
h6kkfFQiPfYBkBXvakN8W,https://www.youtube.com/watch?v=0M6968xsvf8,EN,USAへLet's Go～パワースポット巡り編～,"USAへLet's Go～パワースポット巡り編～

◆宇佐神宮(Usa Jingu Shrine)

・Address: Usa-shi Minami-usa 2859 10 min walk from Hachiman bus stop
・Phone: 0978-37-0001
・Opening hours: 5:30am～9pm(Oct～Mar,from 6am; open all day long during 12/31～1/3)
・Visit fee: Free to visit
・Holiday: No holiday
・Parking Fee: 400/entry

◆里の駅 双葉の里(Sato-no-Eki Futaba-no-Sato)

・Address: Usa-shi Shimosho 269
・Phone: 0978-33-5255 
・Opening hours: 9am～5pm
・Admission fee: Free to visit
・Closed: 3rd Mon of the month (if it's public holiday then the next day)
・Parking: 24 bays

◆からあげ　すずや(Fried Chicken suzuya)

・Address: Usa-shi Shimotakei
・Phone: 0978-32-7566 
・Opening hours: 10am–7pm
・Closed: Mon (open if it is public holiday)
・Parking: 7 bays"
5SDY4Uqpy4yK_NpRBZgpa,https://www.youtube.com/watch?v=zwawzhdLFFI,EN,Usa's Hot Spring Tour,～宇佐市内の温泉施設の紹介～
9_3Bi2pTTSqaFTeSkjqfJ,https://www.youtube.com/watch?v=JGpaUZMKfUs,EN,Summer Vacation Special,家族で楽しめる、夏休みのおすすめスポットをご紹介します。
tcrDtLkFCF539mfImmcjZ,https://www.youtube.com/watch?v=tBDSD1yVaB4,EN,Recommended Tourist Spots in Usuki City Innai,宇佐市院内のおすすめ観光スポットをご紹介します！
qF8-GHyaDhaE9f_um45SE,https://www.youtube.com/watch?v=HkpjtRK9_Z4,EN,Hibikiyama Park Hydrangeas,梅雨の風物として、古くから愛されている約３，０００本のあじさいが公園を彩ります。雨にも映える赤、白、紫色の色鮮やかなあじさいは多くの人を和ませてくれます。
mUc4WfIj4hZFwBZuOTLBq,https://www.youtube.com/watch?v=lqRxwoj7k3s,EN,Family Travel Village 'Ajimu',家族旅行村「安心院」は、大自然のなかでご家族・ご友人と気ままにのんびりと別荘感覚でご利用いただける本格的ログハウスをはじめ、お子様からお年寄りまで世代を超えて気軽に楽しめるパークゴルフ場などのスポーツ施設、疲れた体を癒してくれる温泉など、魅力あふれる複合レジャー施設です。また近年、注目を集めているオートキャンプ場は、最大１６張りのテントを設置することができ、バーベキューや昆虫採集、天体観測などをお楽しみいただけます。家族旅行村「安心院」で、大自然を感じながら、ゆったりとしたひと時をお楽しみください。
YhAqIoK2Ur8FIaJvTca_l,https://www.youtube.com/watch?v=91hn_Z_Enm0,EN,Message for Peace by Sanpei Hayashiya,令和6年6月1日(土)に開催した「平和を考える 映画と落語」で宇佐市にお越しいただいた林家三平氏に、宇佐市平和ミュージアム（仮称）建設予定地にて平和への想いを語っていただきました。
iLahHX_Y3UPMBajKrigmL,https://www.youtube.com/watch?v=H8aBMqfEiQw,EN,引きこもりが救った国があった…,
gtey8Yc6H8vGK9-0T3q8o,https://www.youtube.com/watch?v=bv5wLOBEzvk,EN,Fisherman's Wharf Shirahama,地元の漁師の方々が運営する施設です。１階が鮮魚市場で２階がレストラン、屋上には季節限定のビアガーデンがあります。併設した桟橋から直接水揚げされた新鮮な食材を、ふんだんに使用した和食とイタリアンを堪能ください。
4BcSjgOB5wrlMW9QYRRsS,https://www.youtube.com/watch?v=5ubvW0v4W0g,EN,Sandanbaki Cinematic,千畳敷の南海岸にそそり立つ高さ50m～60mの断崖。その昔、漁師たちが通りゆく船や魚の群れを見張った場所「見壇」に由来するといわれるこの大岩壁は、南北2kmにわたって展開され、岩肌に打ち寄せる黒潮が激しくぶつかり合うダイナミックな光景には、自然の迫力を感じずにいられません！2016年4月、恋人の聖地｢南紀白浜/三段壁｣として選定されました。
xyhzFsgOsJTdmeNlXOg8f,https://www.youtube.com/watch?v=PGsdFRERUuY,EN,江津良海水浴場,a
6uJFam1CyXGC8M7EeZRKP,https://www.youtube.com/watch?v=OQiv_ykGGRo,EN,Nanki Shirahama Scenic Spot: The Sunset at Engetsu Island,南紀白浜景勝地【円月島夕陽】が真ん中に沈むまでの様子です。
mEnDVf9ImEnDxDa-ZYuXV,https://www.youtube.com/watch?v=IkiwkocMK5A,EN,【Official】Saga/Takeo 'Geisha Nari Kiri Experience' - Geisha Makeover Experience,佐賀県武雄市観光協会公式チャンネルです。武雄市では、白く化粧を施し、実際の芸奴の着物やかつらを着て気分を味わえる体験ができます。
5TIbHKLiPHZYYfW-uLWoE,https://www.youtube.com/watch?v=o1xJeRTZ4-g,EN,【Official】Saga・Takeo／Bread and Pizza Making Experience,佐賀県武雄市観光協会公式チャンネルです。黒髪山の麓にあるピザ窯を使って、手づくりの体験ができます。
qo2aHvKcRV6U2yjdNXCbN,https://www.youtube.com/watch?v=WVYw0kc7Q-I,EN,"【Official】Sutra-copying Experience at Takeo Temple, Saga",佐賀県武雄市観光協会公式チャンネルです。静かな境内で筆を手に持って、一文字一文字を無心に記す写経体験はいかがでしょうか？
Qc9XaPBQK7MZtEf7KkOMj,https://www.youtube.com/watch?v=zD_oto-BeFA,EN,MOARE｜Illumination in unison with nature - 木製照明のモアレ,"What is MOARE, the wooden lighting?

Takayama City in Gifu Prefecture, which has a history as a craftsman of Hida.
A Japanese-born wooden lighting brand that values the fusion of the warmth of wood and gentle light, creating a sense of comfort."
23sIze5xa8S5aewSGkiws,https://www.youtube.com/watch?v=fiO5YnGqLrA,EN,MOARE - 自然と調和した照明,"As a craftsman of Hida, Takayama City in Gifu Prefecture has a long history. Our company develops, manufactures, and sells wooden lighting using natural wood."
-CtElXK--E81ZPURJiOy5,https://www.youtube.com/watch?v=3eTy9wQE-08,EN,Tsubosaka-dera in Winter,2021年度制作
qLjZRYUzoX_4nOPvOaoPH,https://www.youtube.com/watch?v=HR2bpvnD00g,EN,Tsubosaka-dera Autumn,2020年度制作
Osi4LhSY3pk3nMdaIyZDl,https://www.youtube.com/watch?v=8VDiZLdHMHE,EN,2022年の私の映画的な世界,2022年を4分で振り返りました！本当に漕い1年間だった！今年も世界中を飛び回る！
CmlC1n_V_bZU-ixKmqqKz,https://www.youtube.com/watch?v=XzKy7Uw45UQ,EN,Wakayama & Mie観光PR動画,"We created a PR video for Susami Town in Wakayama Prefecture and Nigi Island Town in Mie Prefecture. We expressed the daily life of nature-rich Susami Town and the fishing town of Nigi Island in a cinematic way. Please visit us.

#SusamiTown #NigiIslandTown
Cooperation
Susami Town Tourism Association
https://www.instagram.com/susami_tourist_association/
Gate Nigi Island Lab
https://www.instagram.com/gate_nigi/

MY HOMEPAGE
https://www.shunpeifilmkawai.com/

FOLLOW ME
https://www.instagram.com/shunpei_kawai/
https://twitter.com/shunpeikawai
https://www.tiktok.com/@shunpei_kawai

Special Thanks to
https://www.instagram.com/nosuke_vanlife/
https://www.instagram.com/tsubasa_shinozuka/
https://www.instagram.com/_mitsugraph/

Contact for filming inquiries:
shun.pe1.contact@gmail.com

My Gear
・α7SⅢ
・Tamron 17-28 F.2,8
・Tamron 28-75 F.2,8
・Mavic Air 2
・Gopro Hero 10"
Q7t7OQn6a2jdtJJN958zg,https://www.youtube.com/watch?v=9usQW2U08iA,EN,20 photo taken while traveling all over Japan🇯🇵Did you want to come to Japan? 日本中を旅してみた絶景20枚,
_7maoeU8XonfDLQ-5hU7w,https://www.youtube.com/watch?v=Ib3zYRRDvj8,EN,I had a phone call from Japan🇯🇵Can you answer the phone？　日本から電話がかかってきたら電話に出ますか？,
xJT3TwlagA6F9J6QcxDdf,https://www.youtube.com/watch?v=6Q2vuRJwSNc,EN,私の年 2021 | シネマティック日本 | 河合俊平,"My Year 2021 Thank you to everyone who has been involved so far. This year, I went on a journey. I challenged myself with various things, such as cycling around Japan and hitchhiking around Kyushu. During that journey, I met a camera. I made a video of this year traveling throughout Japan. It has been a full year since I started with video. I will continue to express my life through video."
EVjUuNvU9TH4AO73uZY6V,https://www.youtube.com/watch?v=upmD2py-OHY,EN,考えない一日 | 東京のシネマティックVlog,"Thank you for Watching !!
I filmed a casual day in Tokyo cinematically.
I can only be grateful to my friends who became models.
I will also upload cinematic vlogs as well as travel videos.
I will continue to enjoy my travels."
lolKGQ1pqs-71QhcYN-zn,https://www.youtube.com/watch?v=YgaYTHZEQvk,EN,【Kanagawa Vlog】Cinematic Expression of a Traveler's Food Walk,こんにちは、河合舜平です！バックパッカーの旅の日常を発信しています。是非チャンネル登録していただければ嬉しいです！今回は神奈川のVlogです。神奈川まではヒッチハイクで来ました。中華街、みなとみらいに行ってきました！もっと色々旅をしたい！！自分の目でいろいろなものを見てみたい！
-UnYX69cZPl44tvaKGR7V,https://www.youtube.com/watch?v=vPaspkvB8Jw,EN,THE FACES OF SHIKOKU 30秒バージョン,"This video is based on the concept of 'people', 'nature' and 'pilgrimage' in Shikoku."
TKwNvOBMoRJ-DGDTcTQnX,https://www.youtube.com/watch?v=Euk7NbAW5-M,EN,シネマティックコーヒービデオ | チャイティーヘロン | Sony a6600,こんにちは、河合舜平です！バックパッカーの旅の日常をCinematicに発信しています。今回はゲストハウスで仲良くなった方のカフェに伺った時にCinematic動画にしてみました。
wTGkX6mXkdGn6Ap3A91ba,https://www.youtube.com/watch?v=uKlvxkkC3jA,EN,【Fukuoka Vlog 2】Cinematicにバックパッカーの日常を撮影してみた 太宰府天満宮 竈門神社,こんにちは、河合舜平です！バックパッカーの旅の日常をCinematicに発信しています。是非、チャンネル登録していただけると嬉しいです！福岡にきて2本目の動画になります。福岡の観光地で有名な太宰府天満宮や鬼滅の刃の影響で人気になった竈門神社に行ったりサザエさん通りに行ったりしました。自分が今宿泊しているゲストハウスもとても居心地が良くたのしく生活しています。
CAgtvphq58Bor1GurAVbf,https://www.youtube.com/watch?v=sVFW1S7hBmI,EN,四国の驚異を発見する,四国のアドベンチャートラベルを紹介する動画です。
zUl4kt8ymUD0CSrnKGZ3j,https://www.youtube.com/watch?v=zBvXQhiPWA8,EN,Découvrez les merveilles de SHIKOKU,このビデオは四国の冒険旅行を紹介しています。
zUl4kt8ymUD0CSrnKGZ3j,https://www.youtube.com/watch?v=zBvXQhiPWA8,EN,四国の驚異を発見する,This video presents adventure travels in Shikoku.
dLNfIotP1L31lPYvx82kk,https://www.youtube.com/watch?v=9P0o_05u1dc,EN,R4 18 06感動体験！　～四国でアドベンチャートラベルを～（短編配信用・仏語）南海放送株式会社,日本の南西部に位置する四国は、世界中の冒険者の好奇心を引きつけます。この関心の背景には三つの理由があります。まず第一に、四国はお遍路さんに対しておもてなしの習慣を持ち、日本の伝統文化を守り、先祖の知恵に従って生活しています。第二に、峡谷や美しい瀬戸内海、崇高で壮大な山々が旅行者を待ち受けています。最後に、日本の四つの大きな島の一つであるコンパクトな四国の道は、自転車での発見に最適です。「四国での冒険旅行を楽しんでください！」
dLNfIotP1L31lPYvx82kk,https://www.youtube.com/watch?v=9P0o_05u1dc,EN,R4 18 06感動体験！　～四国でアドベンチャートラベルを～（短編配信用・仏語）南海放送株式会社,"Located in the southwest of Japan, Shikoku piques the curiosity of adventurers from around the world. Three reasons are behind this interest. First, Shikoku has the custom of offering hospitality to pilgrims Ohenro san, preserving traditional Japanese culture, and living according to ancestral wisdom. Secondly, a multitude of adventures awaits travelers among gorges, the beautiful Seto Inland Sea lined with islands, and grand and majestic mountains. Finally, the compact island of Shikoku, one of Japan's four main islands, has roads perfect for discovery by bicycle. Explore all the attractions of Shikoku with 'Be Amazed! Adventure Travels in Shikoku.'"
yfyIp7wrkbh4Y93MdpyBE,https://www.youtube.com/watch?v=EXXSRzOay1w,EN,R4 18 04感動体験！　～四国でアドベンチャートラベルを～（短編放送用・仏語）南海放送株式会社,日本の南西部に位置する四国は、世界中の冒険者の好奇心を引きつけます。この関心の背後には三つの理由があります。まず第一に、四国はお遍路さんに対しておもてなしの習慣を持ち、日本の伝統文化を守り、先祖の知恵に従って生活しています。第二に、峡谷や美しい瀬戸内海、崇高で壮大な山々が旅行者を待ち受けています。最後に、日本の四つの大きな島の一つである四国のコンパクトな島の道路は、自転車での発見に最適です。「四国での冒険旅行を楽しんでください！」
yfyIp7wrkbh4Y93MdpyBE,https://www.youtube.com/watch?v=EXXSRzOay1w,EN,R4 18 04感動体験！　～四国でアドベンチャートラベルを～（短編放送用・仏語）南海放送株式会社,"Located in the southwest of Japan, Shikoku piques the curiosity of adventurers from around the world. Three reasons lie behind this interest. First, Shikoku has the custom of offering hospitality to pilgrims Ohenro san, preserving traditional Japanese culture, and living according to ancestral wisdom. Second, a multitude of adventures awaits travelers among gorges, the beautiful Seto Inland Sea lined with islands, and grand and majestic mountains. Finally, the compact island of Shikoku, one of Japan's four main islands, has roads perfect for discovery by bicycle. Explore all the attractions of Shikoku with 'Be Amazed! Adventure Travels in Shikoku.'"
MtAtcmSy53f0TAK6ugHsW,https://www.youtube.com/watch?v=xQ_OBdlBgD8,EN,SHIKOKU Émerveillez vous ! Voyages d'aventure à Shikoku,日本の南西部に位置する四国は、世界中の冒険者の好奇心を引き立てます。この関心の背後には三つの理由があります。まず第一に、四国はお遍路さんに対しておもてなしの習慣を持ち、日本の伝統文化を守り、先祖の知恵に従って生活しています。第二に、峡谷や美しい瀬戸内海、崇高で壮大な山々が旅行者を待ち受けています。最後に、四国のコンパクトな島の道は、自転車での発見に最適です。「驚きの旅！四国の冒険旅行」で四国の魅力を探求してください。
MtAtcmSy53f0TAK6ugHsW,https://www.youtube.com/watch?v=xQ_OBdlBgD8,EN,SHIKOKU 驚きの旅！四国の冒険旅行,"Located in the southwest of Japan, Shikoku piques the curiosity of adventurers from around the world. Three reasons are behind this interest. First, Shikoku has the custom of offering hospitality to pilgrims Ohenro san, preserving traditional Japanese culture, and living according to ancestral wisdom. Secondly, a multitude of adventures awaits travelers among gorges, the beautiful Seto Inland Sea lined with islands, and grand and majestic revered mountains. Finally, the compact island roads of Shikoku, one of Japan's four main islands, are perfect for discovering by bicycle. Explore all the attractions of Shikoku with 'Émerveillez vous! Voyages d'aventure à Shikoku.'"
vYFJFSo8pBNZj2v-LIIWm,https://www.youtube.com/watch?v=p5u7lMXVvUo,EN,Shikokururi User Manual YouTube Video,四国をぐるっと楽しむ旅アプリ”しこくるり”のトリセツ動画です。ダウンロード無料！！”しこくるり”を使って、四国観光をおトクに便利に、さらに楽しみましょう！
76pasqTq6qbs5kis5uSuo,https://www.youtube.com/watch?v=PhEBWARX8hQ,EN,SPIRITUAL ISLAND ～四国遍路～ KO,Description
UzszuepH9JNcGdZnePw1W,https://www.youtube.com/watch?v=Kyo0VmrLnxY,EN,Eco tourism in Amagi Town Tokunoshima Island - 【徳之島】奄美群島認定エコツアーガイド 天城町編,"With Japanese subtitles - Silent video playback available

Amami Regional Office Amami Islands Eco-Tourism Experience Project
We created an eco-tour video featuring Matsumura, a certified eco-tour guide living in Amagi Town, Tokunoshima Island.
For inquiries about guides and tours, please contact the tourism association of each island.

General Incorporated Association Tokunoshima Tourism Federation
Tokunoshima Tourism Organization
http://www.tokunoshima-kanko.com/

#WorldNaturalHeritage #NationalPark #Tourism #Biodiversity #AmamiIslands #Tokunoshima #AmagiTown #TobeVillage #AmamiRabbit #EcoTour #EcoTourGuide #NatureExperience"
fqlm2EG0nJFikby_SXTsN,https://www.youtube.com/watch?v=jBB0_EP776I,EN,Amami郡岛认证生态导游 德之岛 天城町 - 奄美町的生态旅游,"Amami Islands Comprehensive Management Association
Amami Islands Eco-Tourism Experience Project
We interviewed Mr. Matsumura, a certified eco-tour guide living in Amagi Town, Tokunoshima Island, and conducted an online tour.

For inquiries about guides and tourism, please contact the tourism association of each island.

Tokunoshima Tourism Organization (General Incorporated Association Tokunoshima Tourism Federation)
http://www.tokunoshima-kanko.com/

World Natural Heritage #Biodiversity #Amami Islands #National Park #Tokunoshima #Amagi Town #Amami Rabbit #Eco-Tourism #Eco-Tour Guide #Nature Experience"
V0fldKITBDLzH_sNqJP22,https://www.youtube.com/watch?v=RWyMygSQoqk,EN,Eco tourism in Amagi Town Tokunoshima Island English subtitles - 奄美群島認定エコツアーガイド 徳之島 天城町編 英語字幕,"This video covers a story of the Amami Island Certified Ecotour Guide, Matsumura-san who lives in Amagi Town, Tokunoshima Island."
U1U7vEfgeAq77XssiIIab,https://www.youtube.com/watch?v=jJ28K5uK3PM,EN,Amami群島、日本の8K,"The Amami Islands consist of eight inhabited islands (Amami Oshima, Kakeroma Island, Kikaijima, Yorojima, Kikai Island, Tokunoshima, Okinoerabujima, and Yoron Island) scattered in the sea 380 to 580 kilometers south of Kagoshima. The subtropical nature includes many rare creatures, including endemic species. Each island has many attractive points, such as islands where 'habu' snakes live, islands formed by raised coral, and islands with world-renowned limestone caves underground."
QmySWx9HMhmwqMFqypseP,https://www.youtube.com/watch?v=jsHp8depabU,EN,Eco tourism in China Town Okinoerabujima Island (日本語字幕付き),"With Japanese subtitles - Silent video playback available

Amami Wide Area Office Amami Islands Eco-Tourism Attraction Experience Project
We created an eco-tour video featuring Mr. Arikawa, a regional interpreter guide living in China Town, Okinoerabujima Island. For inquiries about guides and tours, please contact the tourism association of each island."
Vva7fgch1tGnppRp_yULU,https://www.youtube.com/watch?v=tayT-JqBLME,EN,Okinoerabu Island Eco Tour Guide Wadomari Town - 【沖永良部島】奄美群島エコツアーガイド 和泊町編,"With Japanese subtitles - Silent video playback available

Amami Wide Area Administrative Association Amami Islands Eco-Tourism Experience Project
We created an eco-tour video featuring Yoshinari, a regional interpreter guide living in Wadomari Town, Okinoerabu Island.
For inquiries about guides and tours, please contact the tourism association of each island.

General Incorporated Association Okinoerabu Island Tourism Association
Okinoerabu Island Tourism Association
http://www.okinoerabujima.info/

#WorldNaturalHeritage #NationalPark #Tourism #Biodiversity #AmamiIslands #Okinoerabujima #WadomariTown #EcoTour #EcoTourGuide #RegionalInterpreterGuide #NatureExperience #Ruins"
Ywc5xZh57C4VZUpDUQiNt,https://www.youtube.com/watch?v=fGYBw27lRuI,EN,Eco tourism in Isen Town Tokunoshima Island - 【徳之島】奄美群島認定エコツアーガイド 伊仙町編,"With Japanese subtitles - Silent video playback available

Amami Regional Office Amami Islands Eco-Tourism Experience Project
We created an eco-tour video focusing on Mr. Seki, a certified eco-tour guide living in Tokunoshima Town. For inquiries about guides and tours, please contact the tourism association of each island."
6x-kAkU9PXhMJFsK4f9Kk,https://www.youtube.com/watch?v=1kyHHKn-m08,EN,Amami郡岛认证生态导游 喜界岛 喜界町 - Kikai Town Kikaijima Island的生态旅游,"We interviewed Mr. Takeda, a certified eco-tour guide from Amami Islands, living in Kikai Town, Kikaijima Island, and conducted an online tour. For inquiries about guides and tourism, please contact the tourism association of each island."
rGc_8XWWACuTkHxKXM4it,https://www.youtube.com/watch?v=N4H87tgsB4I,EN,Amami Oshima Eco Tour Guide Uken Village - 【奄美大島】奄美群島エコツアーガイド 宇検村編,"With Japanese subtitles - Silent video playback available

Amami Regional Office Amami Islands Eco-Tourism Experience Project
We followed certified eco-tour guide Tsuneda, who lives in Amami Oshima, to create an eco-tour video.
For inquiries about guides and tours, please contact the tourism association of each island.

General Incorporated Association Amami Oshima Tourism and Products Federation
https://www.amami-tourism.org/

#WorldNaturalHeritage #NationalPark #NaturalMonument #Biodiversity #AmamiIslands #AmamiOshima #UkenVillage #EcoTour #EcoTourGuide #NatureExperience #Birdwatching #Photography #Camera"
kVXlQE35_yh1VxTrQ4K86,https://www.youtube.com/watch?v=yIt_rAASW7M,EN,Amami Oshima Island Eco Tourism Guide Yamato Village - 【奄美大島】奄美群島エコツアーガイド 大和村編,"With Japanese subtitles - Silent video playback available

Amami Wide Area Administrative Association Amami Islands Eco-Tourism Attraction Experience Project
We created an eco-tour video closely following Mr. Nakayama, a local interpreter guide living in Yamato Village, Amami Oshima Island.
For inquiries about guides and tours, please contact the tourism association of each island.

General Incorporated Association Amami Oshima Tourism and Products Federation
https://www.amami-tourism.org/

#WorldNaturalHeritage #NationalPark #Tourism #Biodiversity #AmamiIslands #AmamiOshima #YamatoVillage #Migration #Childrearing #EcoTourGuide #EcoTour #Interpreter"
bGaobqoyJMZT0QIrOl49L,https://www.youtube.com/watch?v=TGCIkpDhUEE,EN,Eco tourism in Setouchi Town Amami Oshima Island - 【加計呂麻島】奄美群島認定エコツアーガイド 瀬戸内町編,"With Japanese subtitles - Silent video playback available

Amami Wide Area Office Amami Islands Eco-Tourism Attraction Experience Project
We created an eco-tour video focusing on Mr. Teramoto, a certified eco-tour guide living in Setouchi Town, Kakeromajima. For inquiries about guides and tours, please contact the tourism association of each island."
8RqDs7__blaGUGqVuktfB,https://www.youtube.com/watch?v=JOPeqPcgKpo,EN,Amami Oshima Island Eco Tourism Guide Tatsugo Town - 【奄美大島】奄美群島エコツアーガイド 龍郷町編,"With Japanese subtitles - Silent video playback available

Amami Regional Office Amami Islands Eco-Tourism Experience Project
We created an eco-tour video featuring Mr. Uchino, a local interpreter guide living in Tatsugo Town, Amami Oshima Island. For inquiries about guides and tours, please contact the tourism association of each island."
mg395VFl3KP1qkQBT_Sd1,https://www.youtube.com/watch?v=wRib5Ne3pak,EN,Eco tourism in Tokunoshima Island (日本語字幕付き),"Japanese subtitles included - Silent video playback available

Amami Wide Area Administrative Association Amami Islands Eco-Tourism Attractive Experience Project
We closely followed certified eco-tour guides living on the five islands of the Amami Islands and held an online eco-tour.
We went hiking in the Kamuiyaki Forest on Tokunoshima with the certified eco-tour guide, Tsune.
For inquiries about guides and tours, please contact the tourism association of each island.

* Please do not recklessly collect plants and follow the guide's instructions.

General Incorporated Association Tokunoshima Tourism Organization
http://www.tokunoshima-kanko.com/

#WorldNaturalHeritage #NationalPark #Tourism #Biodiversity #AmamiIslands #Tokunoshima #Kamuiyaki #Hiking #NatureExperience #EcoTour #EcoTourGuide"
Iz_iokqmDJcPtfMvdsv-b,https://www.youtube.com/watch?v=zMfQ3Hv6WUw,EN,Eco tourism in Yoronjima Island (日本語字幕付き),"Japanese subtitles included - Silent playback available

Amami Wide Area Administrative Association Amami Islands Eco-Tourism Experience Project
We closely followed certified eco-tour guides living on five islands in the Amami Islands and held an online eco-tour.
Certified eco-tour guide Ayuha from the Amami Islands guided us through the ruins of Yoron Castle. For inquiries about guides and tours, please contact the tourism association of each island.

General Incorporated Association Yoron Island Tourism Association
Yoron Tourism Association
http://www.yorontou.info/

#WorldNaturalHeritage #NationalPark #Tourism #Biodiversity #AmamiIslands #YoronIsland #CastleRuins #Hiking #Climbing #EcoTour #EcoTourGuide #NatureExperience #japantrip"
Y8FLkSSG08GWovIc_G5iR,https://www.youtube.com/watch?v=O5KHPx5knn0,EN,Eco tourism in Amami Oshima Island (日本語字幕付き),"Japanese subtitles included - Video can be played silently

Amami Regional Office Amami Islands Eco-Tourism Experience Project
We closely followed certified eco-tour guides living on the five islands of the Amami Islands and held an online eco-tour.
Mr. Tokuda, a certified eco-tour guide of the Amami Islands, guided us to a mysterious giant tree on Amami Oshima Island.
For inquiries about guides and tours, please contact the tourism association of each island."
UtXATE_FvjugjES_SKYtd,https://www.youtube.com/watch?v=yfD3sklUfw8,EN,Amami郡島認証エコツアーガイド 5島12市町村のまとめ,"Amami Regional Administrative Association Amami Islands Ecotourism Charm Experience Project
We maintain close contact with certified ecotour guides and local translation guides living on the 5 islands of the Amami Islands.
I made a summary video. For inquiries about guides and tourism, please contact the tourism associations of each island."
XL2viE-mYd9Nc60peYG99,https://www.youtube.com/watch?v=qLZYQ8kZsNA,EN,Amami郡島認証エコツアーガイド 奄美大島 宇検村 - Eco tourism in Amami Oshima Island Uken Village Chinese Subtitles,"Amami Islands Comprehensive Management Association
Amami Islands Eco Tourism Experience Project
We interviewed Mr. Tokita, a certified eco-tour guide living in Uken Village, Amami Oshima, and conducted an online tour.

For inquiries about guides and tourism, please contact the tourism association of each island.

Amami Tourism & Products Federation (General Incorporated Association Amami Oshima Tourism and Products Federation)
https://www.amami-tourism.org/"
3gqWBWYq_YLXNGq__t9Yj,https://www.youtube.com/watch?v=nFxdYzGmTcE,EN,Amami郡岛认证生态导游 与论岛 与论町 - 与论町的生态旅游,"We interviewed Mr. Ikeda, an Amami certified eco-tour guide living in Yoron Island and Yoron Town, and conducted an online tour. For inquiries about guides and tourism, please contact the tourism association of each island."
tc73kDNW84IIPaogIlVKJ,https://www.youtube.com/watch?v=fNRgQVYEG7s,EN,Eco tourism in China Town 沖永良部島 知名町 - 奄美郡島地区翻訳導遊,
6GqT7gGiHoDMCSD85YWLX,https://www.youtube.com/watch?v=38ooJdGuQmE,EN,Amami-gun Shima-chiku Translation Guide Okinoerabu Island Wadomari Town - 和泊町のエコツーリズム,"Amami Islands Comprehensive Management Association
Amami Islands Eco Tourism Experience Project
We interviewed Ms. Yoshinari, a regional translation guide living in Wadomari Town, Okinoerabu Island, and conducted an online tour.

For inquiries about guides and tourism, please contact the tourism association of each island.

Okinoerabu Island Tourism Association (General Incorporated Association Okinoerabu Island Tourism Association)
http://www.okinoerabujima.info/

# World Natural Heritage # Biodiversity # Amami Islands # National Park # Okinoerabujima # Wadomari Town # Eco Tour # Eco Tour Guide # Regional Interpreter Guide # Nature Experience # Ruins"
K5I5Mib9ncQcJwZBd1Ut0,https://www.youtube.com/watch?v=NkuatLFtj7E,EN,Amami郡岛认证生态导游 德之岛 伊仙町 - 德之岛的生态旅游,"We interviewed Ms. Seki, a certified eco-tour guide from Amami Islands living in Isen Town, Tokunoshima Island, and conducted an online tour about the eco-tourism experience in the Amami Islands."
ZsEVU_Z4Z6ZH8PZEPBbxm,https://www.youtube.com/watch?v=XgOLzdpEWQA,EN,Amami郡岛认证生态导游 德之岛 德之岛町 - 德之岛镇的生态旅游,"Amami Islands Comprehensive Management Association
Amami Islands Eco Tourism Experience Project
We interviewed Mr. Motoda, an Amami Islands certified eco-tour guide living in Tokunoshima Town, and conducted an online tour.

For inquiries about guides and tourism, please contact the tourism association of each island.

Tokunoshima Tourism Organization (一般社団法人 徳之島観光連盟)
http://www.tokunoshima-kanko.com/

# World Natural Heritage # Biodiversity # Amami Islands # National Park # Tokunoshima # Tokunoshima Town # Cycad Trees # Eco Tour # Eco Tour Guide # Nature Experience"
3wT33uR-20x-Y3rgHpleb,https://www.youtube.com/watch?v=ewptj6kS7OQ,EN,Eco tourism in Amami City Amami Oshima Island English Sub - 奄美群島認定エコツアーガイド 奄美大島 奄美市編 英語字幕,"This video covers a story of the Amami Island Certified Ecotour Guide, Oki-san who lives in Amami City, Amami Oshima Island."
WPOccaFzzw3kLDVkEyArP,https://www.youtube.com/watch?v=NK9Mw2sTVIE,EN,Amami郡岛地区翻译导游 奄美大岛 大和村 - 奄美村的生态旅游,"Amami Islands Comprehensive Management Association
Amami Islands Eco Tourism Experience Project
We interviewed Ms. Nakayama, a translation guide living in Yamato Village, Amami Oshima, and conducted an online tour.

For inquiries about guides and tourism, please contact the tourism association of each island.

Amami Tourism & Products Federation (一般社団法人 あまみ大島観光物産連盟)
https://www.amami-tourism.org/

#World Natural Heritage # Biodiversity # Amami Islands # National Park # Amami Oshima # Yamato Village # Migration # Child-rearing # Eco Tour Guide # Eco Tour # Interpreter"
dUQ_7dsHYP7rc0jMhmQpd,https://www.youtube.com/watch?v=MzXcth_ZGQ8,EN,Eco tourism in Tatsugo Town  Amami Oshima Island - 奄美郡島地区翻訳ガイド,"Amami Islands Comprehensive Management Association
Amami Islands Eco Tourism Experience Project
We interviewed Ms. Uchino, a translation guide living in Tatsugo Town, Amami Oshima Island, and conducted an online tour.

For inquiries about guides and tourism, please contact the tourism association of each island.

Amami Tourism & Products Federation (General Incorporated Association Amami Oshima Tourism and Products Federation)
https://www.amami-tourism.org/"
vwUWfOD_1BH5pnJ8GQP8n,https://www.youtube.com/watch?v=ATRGEV-Klyw,EN,Amami District Certified Eco Tour Guide Amami Oshima Amami City - 奄美市のエコツーリズム,"Amami Islands Comprehensive Management Association
Amami Islands Eco Tourism Experience Project
We interviewed Mr. Ko, a certified eco tour guide living in Amami City, Amami Oshima, and conducted an online tour.

For inquiries about guides and tourism, please contact the tourism association of each island.

Amami Tourism & Products Federation (General Incorporated Association Amami Oshima Tourism and Products Federation)
https://www.amami-tourism.org/"
R__Rj3g1WIqZwY0MwO8uQ,https://www.youtube.com/watch?v=fk-9-F1ArIU,EN,Tokunoshima KAMUIYAKI Forest Eco Tour - 徳之岛生态旅游,"Amami Islands Eco Tourism Experience Project. We interviewed certified eco tour guides living in the Amami Islands and conducted online tours. For inquiries about guides and tours, please contact the tourism associations of each island."
CqNbvZWsoD_hofqv3Z7CA,https://www.youtube.com/watch?v=YUCCvyGHyZQ,EN,Okinoerabu Island Cave Exploration - 沖永良部島のエコツーリズム,"Amami Islands Comprehensive Management Association
Amami Islands Eco Tourism Experience Project
We interviewed certified eco tour guides living in the Amami Islands and conducted an online tour.
Consultation regarding guides and tourism

For inquiries about guides and tourism, please contact the tourism association of each island.

Okinoerabu Island Tourism Association (一般社団法人 おきのえらぶ島観光協会)
http://www.okinoerabujima.info/

# World Natural Heritage # Biodiversity # Amami Islands # National Parks # Okinoerabujima # Caving # Limestone Cave # Eco Tour # Eco Tour Guide # Nature Experience"
n6nCfdbwlyTptQTJMtrMV,https://www.youtube.com/watch?v=ilbwEn92-XU,EN,Kikaijima Island Brown Sugar Shochu Brewery Tour - 喜界島黑糖烧酒酿酒厂之旅,"Amami Islands Comprehensive Management Association
Amami Islands Eco-Tourism Experience Project
We interviewed certified eco-guides living in the Amami Islands and conducted an online tour
For inquiries about guides and tours
Please contact the tourism association of each island

Kikaijima Tourism Association Kikaijima Comprehensive Information Site【Kikaijima Navi】
http://kikaijimanavi.com/

#World Natural Heritage #Biodiversity #Amami Islands #National Park #Kikaijima #Brown Sugar Shochu #Sake Brewery Tour #Satoukibi #Eco Tour Guide # Eco Tour # Nature Experience"
RWMk8Nx0pAjAJ1SVahVAM,https://www.youtube.com/watch?v=Lp3fmN_9ylU,EN,Yoron Island Yoron Castle Ruins Hiking - 与论岛与论城堡遗址徒步旅行,"Amami Islands Comprehensive Management Association
Amami Islands Eco Tourism Experience Project
We interviewed certified eco tour guides living in the Amami Islands and conducted an online tour
Consultation regarding guides and tourism

For inquiries about guides and tourism
Please contact the tourism association of each island

Yoron Tourism Association (一般社団法人 ヨロン島観光協会)
http://www.yorontou.info/

#World Natural Heritage #Biodiversity #Amami Islands #National Park #Yoron Island #Castle Ruins #Hiking #Climbing #Eco Tour #Eco Tour Guide #Nature Experience"
iPrRVU7eEiuTjLKRYZxqn,https://www.youtube.com/watch?v=h5utODvtO-Y,EN,Amami Oshima Mystery Forest Eco Tour - 奄美大岛神秘森林生态之旅,"Amami Islands Comprehensive Management Association
Amami Islands Eco Tourism Experience Project
We interviewed certified eco-guides living in the Amami Islands and conducted an online tour
For inquiries about guides and tours
Please contact the tourism association of each island

Amami Tourism & Products Federation (一般社団法人 あまみ大島観光物産連盟)
https://www.amami-tourism.org/

#World Natural Heritage # Biodiversity # Amami Islands # National Park # Amami Oshima # Hiking # Giant Trees # Eco Tour # Eco Tour Guide # Nature Experience # Bird watching"
AiHLYrEe_uV_BunbKgLaE,https://www.youtube.com/watch?v=4r5dlE258fg,EN,Eco tourism in Uken Village Amami Oshima Island  English Subtitles -奄美群島エコツアーガイド 奄美大島 宇検村編 英語字幕,"This video covers a story of the Amami Island Certified Ecotour Guide, Tsuneda-san who lives on Amami Oshima Island. For more information of eco-tours and guides, please check each island’s tourism association. Here is for Amami Oshima."
ZopHbDrUgQxIH86XjLWOA,https://www.youtube.com/watch?v=plZCaZJiEv8,EN,Eco tourism in Yoron Town Yoronima Island English Subtitle - 奄美群島認定エコツアーガイド 与論島 与論町編,"This video covers a story of the Amami Island Certified Ecotour Guide, Ikeda-san who lives in Yoron Town, Yoron Island. For more information of eco-tours and guides, please check each island’s tourism association. Here is for YORON ISLAND. Yoron Tourism Association (一般社団法人 ヨロン島観光協会) http://www.yorontou.info/"
kJCifUN_hyXfMbKpmRzIj,https://www.youtube.com/watch?v=U9VQoovTRtQ,EN,Eco tourism in China Town Okinoerabujima Island English Subtitle - 奄美群島エコツアーガイド 沖永良部島 知名町編,"©️Wide Area Administration Association of Amami Islands
Amami Islands Ecotourism

This video covers a story of the Amami Islands Area Licensed Guide Interpreter, Arikawa-san who lives in China Town, Okinoerabujima Island.

For more information of eco-tours and guides, please check each island’s tourism association.

Here is for OKINOERABUJIMA ISLAND.
Okinoerabujima Island Tourism Association(一般社団法人 おきのえらぶ島観光協会)
http://www.okinoerabujima.info/

＃世界自然遺産 ＃生物多様性 ＃奄美群島 ＃国立公園 ＃沖永良部島 ＃知名町＃エコツアー ＃エコツアーガイド ＃地域通訳案内士 ＃自然体験 ＃芭蕉布 #重要無形文化財 #織物 #WorldNaturalHeritage #Biodiversity #AmamiIslands #NationalPark #Okinoerabujima #ChinaTown #EcoTour #EcoTourGuide #RegionalInterpreterGuide #NatureExperience #Bashofu"
tLjv1wkYdKGpArxYRa87y,https://www.youtube.com/watch?v=BAGMeCUk9Uk,EN,Eco tourism in Wadomari Town Okinoerabujima English Subtitle - 奄美群島エコツアーガイド 沖永良部島 和泊町編,"This video covers a story of the Amami Islands Area Licensed Guide Interpreter, Yoshinari-san who lives in Wadomari Town, Okinoerabujima Island."
X4YeUR4hMv6AH_lXB3eIS,https://www.youtube.com/watch?v=_SqAGpP_sSg,EN,Eco tourism in Isen Town Tokunoshima Island English subtitles - 奄美群島認定エコツアーガイド 徳之島 伊仙町編 英語字幕,"This video covers a story of the Amami Island Certified Ecotour Guide, Seki-san who lives in Isen Town, Tokunoshima Island."
dxKWAU7MJrX_QENKcyVIW,https://www.youtube.com/watch?v=XF4yxQ-bKXw,EN,Eco tourism in Tokunoshima Town Tokunoshima Island English subtitles - 奄美群島認定エコツアーガイド 徳之島 徳之島町編 英語字幕,"This video covers a story of the Amami Island Certified Ecotour Guide, Motoda-san who lives in Tokunoshima Town, Tokunoshima Island. For more information of eco-tours and guides, please check each island’s tourism association. Here is for TOKUNOSHIMA ISLAND. Tokunoshima Tourism Organization (一般社団法人 徳之島観光連盟) http://www.tokunoshima-kanko.com/"
9NkRSNxYxUXFOO_lNL0oz,https://www.youtube.com/watch?v=7Lv5Bd67Wyo,EN,Eco tourism in Kikai Town Kikaijima Island English subtitles - 奄美群島認定エコツアーガイド 喜界島 喜界町編 英語字幕,"This video covers a story of the Amami Island Certified Ecotour Guide, Takeda-san who lives in Kikai Town, Kikaijima Island. For more information of eco-tours and guides, please check each island’s tourism association."
FKQB97y2455RHtZXg5aOI,https://www.youtube.com/watch?v=Q_j0c71C6tI,EN,Eco tourism in Yamato Village Amami Oshima Island English subtitles - 奄美群島エコツアーガイド 奄美大島 大和村編 英語字幕,"This video covers a story of the Amami Islands Area Licensed Guide Interpreter, Nakayama-san who lives in Yamato Village, Amami Oshima Island. For more information of eco-tours and guides, please check each island’s tourism association. Here is for Amami Oshima Island. Amami Tourism & Products Federation (一般社団法人 あまみ大島観光物産連盟) https://www.amami-tourism.org/"
HqEa0sVCquSR85sYrGHmh,https://www.youtube.com/watch?v=P9alb56hGCk,EN,Eco tourism in Setouchi Town Amami Oshima Island English subtitles - 奄美群島認定エコツアーガイド 加計呂麻島 瀬戸内町編 英語字幕,"This video covers a story of the Amami Island Certified Ecotour Guide, Teramoto-san who lives in Setouchi Town, Kakeromajima Island."
hvXGNROdhayRtyi160CmH,https://www.youtube.com/watch?v=C-D6sEWm3-4,EN,Eco tourism in Tatsugo Town  Amami Oshima Island English Subtitles - 奄美群島エコツアーガイド 奄美大島 龍郷町編 英語字幕,"This video covers a story of the Amami Islands Area Licensed Guide Interpreter, Uchino-san who lives in Tatsugo Town, Amami Oshima Island."
NtVu_4G5s_-TTWdJpk5D9,https://www.youtube.com/watch?v=eo06enyKZ7k,EN,Eco tourism in Tokunoshima Island English Subtitles 徳之島 カムィヤキの森 ハイキング 英語字幕,"This video covers an eco-tour of Tokunoshima Island, one of the Amami Islands. The Amami Island Certified Ecotour Guide, Tsune-san living on Tokunoshima Island, she guided us to Kamuiyaki Forest."
R83w0eOUMduOAWlnZVzz_,https://www.youtube.com/watch?v=ev1x5gYRsQo,EN,Eco tourism in Okinoerabujima Island English subtitles 沖永良部島 ケイビング 英語字幕,"This video covers an eco-tour of Okinoerabujima Island, one of the Amami Islands. The Amami Island Certified Ecotour Guide, Kobayashi-san living on Okinoerabujima Island, he guided us to limestone caves."
Yq0_P-HWOx1vHIAjxa9kH,https://www.youtube.com/watch?v=qyc5GnEqDlU,EN,Eco tourism in Kikaijima Island English subtitles 喜界島 黒糖焼酎の酒造ツアー英語字幕,"This video covers an eco-tour of Kikaijima Island, one of the Amami Islands. The Amami Island Certified Ecotour Guide, Tonochi-san living on Kikaijima Island, he guided us to Brown Sugar Shochu Distillery on the island."
zNPwt6S9BnvVhBAYWFeCs,https://www.youtube.com/watch?v=xlk4ezHf24g,EN,Eco tourism in Yoronjima Island English subtitles 与論島 与論城跡 ハイキング 英語字幕,"This video covers an eco-tour of Yoron Island, one of the Amami Islands. The Amami Island Certified Ecotour Guide, Ayuba-san living on Yoron Island, he guided us to Yoron Castle Ruins. For more information of eco-tours and guides, please check each island’s tourism association."
fHYm5IV9k8B-sOQWvoN5k,https://www.youtube.com/watch?v=ipY6gcJpwbs,EN,Eco tourism in Amami Oshima Island English subtitles 奄美大島 不思議な巨木 ハイキング英語字幕,"This video covers an eco-tour of Amami Oshima Island, one of the Amami Islands. The Amami Island Certified Ecotour Guide, Tsuneda-san living on Amami Oshima Island, he guided us the Hiking Tour of Mystical Giant Tree. For more information of eco-tours and guides, please check each island’s tourism association."
CsjEL2Y4nthS2ckW2bSry,https://www.youtube.com/watch?v=1qh42vBXSzo,EN,Amami Oshima Eco Tour Guide Uken Village - 【奄美大島】奄美群島エコツアーガイド 宇検村編,"Amami Regional Office Amami Islands Eco-Tourism Experience Project
We created an eco-tour video featuring Mr. Tsuneda, a certified eco-tour guide living in Amami Oshima.
For inquiries about guides and tours, please contact the tourism association of each island."
xI6_msxWiG175DlkNuiFG,https://www.youtube.com/watch?v=ix8V47Wrps0,EN,Amami Oshima Island Eco tourism Guide Tatsugo Town - 【奄美大島】奄美群島エコツアーガイド 龍郷町編,"This is a project by the Amami Wide Area Administrative Association to experience the charm of eco-tourism in the Amami Islands. We created an eco-tour video featuring Uchino, a local interpreter guide living in Tatsugo Town, Amami Oshima Island. For inquiries about guides and tours, please contact the tourism association of each island.

General Incorporated Association Amami Oshima Tourism & Products Federation
https://www.amami-tourism.org/

#WorldNaturalHeritage #NationalPark #Tourism #Biodiversity #AmamiIslands #AmamiOshima #TatsugoTown #OshimaTsumugi #TatsugoPattern #EcoTour #EcoTourGuide #LocalInterpreter"
qnGiobQ6Rv7F3-v0eev4x,https://www.youtube.com/watch?v=gxygdqfk6W0,EN,Eco tourism in Kikaijima Island【喜界島】,"Amami Wide Area Administrative Association Amami Islands Eco Tourism Experience Project
We held an online eco-tour with certified eco-tour guides living on the five islands of the Amami Islands. We were guided by Mr. Soto, a certified eco-tour guide of the Amami Islands, on a tour of the brown sugar shochu brewery and the nature of Kikaijima Island. For inquiries about guides and tours, please contact the tourism association of each island."
tKSS15ShtF432qjwxUSFT,https://www.youtube.com/watch?v=-2FRRewADt4,EN,"Fujimidaikogen, Nakatsugawa【中津川】","Fujimidaikogen is a beautiful mountain covered with bamboo grass at an elevation of 1,739m, located at the southern end of the Central Alps in the Ena mountain range. It is a popular hiking spot as you can drive up to the middle of the mountain, making it easily accessible. On clear days, you can enjoy the contrast between the green bamboo-covered slopes and the bright blue sky. At the summit, a magnificent 360-degree panorama awaits, overlooking Ena Mountain, the Northern Alps, the Southern Alps, and the Central Alps. In July, you can see the rare native plant Sasayuri, and from mid-October to early November, you can enjoy the fiery red mountain ranges. The climbing season is from late April to mid-November. Date of photography: July 18, 2021. For inquiries about tourism in Fujimidaikogen and Nakatsugawa, please contact the Nakatsugawa Tourism Association."
7I8M24-iMNHOfseOmMbQ9,https://www.youtube.com/watch?v=gcRHAK6HbyY,EN,Nakatsugawa's Cherry Blossoms at Honmachi Park,岐阜県中津川市の桜の名所を紹介するシリーズです。
Cvm3tzNfo1Ch8o06SpLBc,https://www.youtube.com/watch?v=0FEXALKbFCw,EN,Cherry Blossoms of Nakatsugawa【Stone Buddha Statues in Kono】,岐阜県中津川市の桜の名所を紹介するシリーズです。
3U0EgWzuGeCyevRsUbl7b,https://www.youtube.com/watch?v=bHs9JlseA5M,EN,Nakatsugawa's Cherry Blossoms at Yotsumegawa,岐阜県中津川市の桜の名所を紹介するシリーズです。
iN_vKRdoGIWFEsjF3oIXD,https://www.youtube.com/watch?v=NDj8kJKrRmA,EN,"Nakatsugawa's Cherry Blossoms【Naegi Cherry Blossom Park, Yotsumegawa, Kono, Ochiai River, Honmachi Park】",岐阜県中津川市の桜の名所を紹介するシリーズです。
gxmRLzYk-lMpUKAAGrHkb,https://www.youtube.com/watch?v=8eR7i6hH_UE,EN,Gero City's Food Culture: Hoba Sushi,下呂市の伝統料理「朴葉寿司」のPR動画です
iqYMdXYALdsebNC5y12K5,https://www.youtube.com/watch?v=J82nbVUSz30,EN,Reidai Bridge　霊台橋　英字幕付き　美里町観光PR動画,This is a Misato Town tourism PR video created in 2025.
RKmeJ-fd3wxhNr0qXhPCD,https://www.youtube.com/watch?v=HBGBBrmz9aI,EN,Today’s Gero Onsen,すっかり秋めいてきた下呂温泉、紅葉を楽しむのなら「温泉寺」がおすすめです。昼間でも見事な紅葉を見ることができますが、11月11日（金）～20日（日）までに行っている、紅葉ライトアップも見逃せません。16時半～21時まで、紅葉がライトアップされて、その中を散策することもできます。入場無料で入退場も自由にでき、お参りしつつ、夜の散歩をするにはもってこいですね。寒さが強くなってきていますので、防寒具の用意をお忘れなく。
rG58N-1-dYCg7F0zTBXUD,https://www.youtube.com/watch?v=LgITOfLGQn0,EN,Nakatsugawa & Gero PR Video 'Wonderful autumn days' Short Film [4K],この動画は秋の下呂市、中津川市のPR映像です。
2ndYv47zUZzTpyyPFOPb0,https://www.youtube.com/watch?v=8k5TB_QIMoI,EN,下呂温泉 / Gero Hot Springs / Spring Summer+Autumn Winter 024,"Gero Hot Springs sits alongside the Hida River and was called one of the top three hot springs by philosopher Razan Hayashi, who served four shoguns, including Ieyasu Tokugawa and a Zen master at Kyoto Gozan during the Muromachi era, Banri Shuku. Gero's hot spring mountain village makes an attractive tourist destination."
hhrHuiZxP-3I6km0VhIx8,https://www.youtube.com/watch?v=kDwGeW94hYk,EN,Gero Onsen Play Spot Introduction♪ 秋・冬【ロングバージョン】025,"This promotional video highlights the charm of Gero City, which offers plenty of activities to enjoy during autumn and winter, including autumn leaves, fireworks, and snow activities, showcasing that it is more than just a hot spring destination."
zUax1QPy4kpvu6A8r-1bY,https://www.youtube.com/watch?v=z-FEGzu-Afw,EN,Today’s Gero Onsen,本日は、太陽がずっと雲に隠れていました。雨は降らなかったけれど、涼しくてなんだかしんみりした気持ちになります。市街の道や飛騨川のそばでも、静かでゆったりした時が流れているようでした。河原にある大きな石たちは、ずっと昔から下呂温泉を見てきたのでしょうか？こんな日は、温泉に入って気分転換に限ります！日々是温泉がモットーの、下呂温泉をよろしくお願いいたします！
YeOhwddLnxtgsfL05-ztN,https://www.youtube.com/watch?v=GF_FMIrjdrc,EN,下呂温泉で遊ぶ観光スポット紹介♪ 秋・冬【ショートバージョン】,"A promotional video summarizing the attractions of Gero City, which offers a variety of experiences to enjoy from autumn to winter, including autumn leaves, fireworks, and snow activities, showcasing that it's not just about hot springs."
YzseEvM5hwyN0gNeSJ_iT,https://www.youtube.com/watch?v=nZQlnHF0yOQ,EN,Introduction of Tourist Spots to Enjoy at Gero Onsen♪ 春・夏【ショートバージョン】,下呂市は豊かな自然を楽しむ体験が盛りだくさん！温泉だけではない、下呂市の魅力をまとめた観光の春・夏のプロモーション動画です。
w_NKMgCJtYW7ZAihT1x_3,https://www.youtube.com/watch?v=uPRS3f8pXmU,EN,Gero Onsen Play Spot Introduction♪ 春・夏【ロングバージョン】026,This promotional video is for Spring and Summer activities. Gero City is brimming with nature and fun activities! This beautiful town is not just a hot spring destination. The following promotional video highlights the main attractions of Gero City.
qIMpHEhYruWbSIMGLE6i5,https://www.youtube.com/watch?v=ngsmGvNv9ys,EN,下呂温泉 / Gero Hot Springs / Spring Summer 021,"Gero Hot Springs sits alongside the Hida River and was called one of the top three hot springs by philosopher Razan Hayashi, who served four shoguns, including Ieyasu Tokugawa and a Zen master at Kyoto Gozan during the Muromachi era, Banri Shuku. Gero's hot spring mountain village makes an attractive tourist destination."
XjV3JHPEAYbyus4CqT0g0,https://www.youtube.com/watch?v=z_ka3pbJ6ek,EN,Gero Hot Springs / 下呂温泉（Gero-onsen）Short Ver.,"Gero Hot Springs sits alongside the Hida River and was called one of the top three hot springs by philosopher Razan Hayashi, who served four shoguns, including Ieyasu Tokugawa and a Zen master at Kyoto Gozan during the Muromachi era, Banri Shuku. Gero's hot spring mountain village makes an attractive tourist destination."
rPq8mwIyewxaXKFzWojCs,https://www.youtube.com/watch?v=QZQguGnXNDU,EN,gero promotionmovie winter 90 eng,説明
zO_IPO8u4UMTwz3jhkRpt,https://www.youtube.com/watch?v=JAVap1IlqB4,EN,冬のプロモーションムービー（韓国）,Description
KpVfohXfxChNPfxSBi2JI,https://www.youtube.com/watch?v=f09b3a9Ta10,EN,Fireworks Musical Winter Performance - CM,２００９年下呂温泉花火ミュージカル冬公演のテレビＣＭです。開催日は１２／５（土）、１２（土）、２２（火）、クリスマス特別公演１２／２３（水・祝）。詳しくは　http://www.gero-spa.com　をご覧ください。
XOI1rh17V2-Bo-K87th-c,https://www.youtube.com/watch?v=lL8HKud_pDU,EN,"Exploring Rural Japan: A Journey to Okayama岡山, Kagamino鏡野, Tsuyama津山, Okutsu Onsen奥津温泉 | Autumn","Join me and Mom on an unforgettable journey through the hidden gems of Okayama, Kagamino, and Tsuyama during the enchanting autumn season! 🍁 In this vlog, we venture off the beaten path to explore destinations that are delightfully untouched by tourist crowds, giving us a true taste of authentic Japan. 🇯🇵 From the serene landscapes of Okayama to the charming Autumn foliage of Kagamino and the scenic beauty of Tsuyama, every moment is filled with awe-inspiring sights and heartwarming experiences. And as if that wasn't adventurous enough, watch as I take on the ultimate challenge of driving for the first time in rural Japan! 🚗💨 Join us for a one-of-a-kind journey filled with laughter, self discovery, and unforgettable memories. Don't forget to hit subscribe and join our travel family as we explore the world together! ✈️🌏 #JapanTravel #OffTheBeatenPath #AutumnAdventure"
fjevl044S6iO5ELP4ZpQ9,https://www.youtube.com/watch?v=U-SIXg3lfjw,EN,Nara Secret Food Journey - Winter,奈良県の食の魅力を季節ごとにご紹介
fcDWVNtmZ_wWfb3CFcWrS,https://www.youtube.com/watch?v=hexsPI3-7Pc,EN,Night Viewing (夜観),Night Viewing
lLVIGFNs8prmApknzuwc5,https://www.youtube.com/watch?v=8HNY8PC6J0o,EN,나이트 투어 4k 한국어 3 분,アマミオシマで楽しめるエコツアーの一部を体験できます。この動画は「ナイトツアー」です。
R8hB-uESPR-K3xug0IcEj,https://www.youtube.com/watch?v=WKcc0kF7xX8,EN,나이트 투어 4k 한국어 30 초,アマミオシマで楽しめるエコツアーの一部を体験できます。この動画は「ナイトツアー」です。
rN6XI-mp0g2qTb5JVdzhi,https://www.youtube.com/watch?v=XIz5aq5CoRo,EN,고래 4k 한국어 3 분,アマミオシマで楽しめるエコツアーの一部を体験できます。この動画は「クジラ」になります。
K9tl2hkmP1MI1N26Z5QFN,https://www.youtube.com/watch?v=nreoHpBYk1k,EN,金作 발 4k 한국어 3 분,アマミオシマで楽しめるエコツアーの一部を体験できる「金作原ツアー」です。
K9tl2hkmP1MI1N26Z5QFN,https://www.youtube.com/watch?v=nreoHpBYk1k,EN,金作発 4k Korean 3 Minutes,This is the 'Kinsakuhara Tour' where you can experience part of the eco-tour available in Amami Oshima.
xHea_3cgj1cYbagwUCckS,https://www.youtube.com/watch?v=hxlxvprf1R0,EN,金作 발 4k 한국어 30 초,アマミオシマで楽しめるエコツアーの一部を体験できます。この動画は「金作原ツアー」です。
xHea_3cgj1cYbagwUCckS,https://www.youtube.com/watch?v=hxlxvprf1R0,EN,金作 발 4k 한국어 30 초,You can experience part of the eco tour available in Amami Oshima. This video is about the 'Kinsakuhara Tour'.
_GpHxdqJVuRMx7o1vyBpI,https://www.youtube.com/watch?v=ZIkijbHINaU,EN,스노클링 4k 중국어 3 분,奄美大島ではエコツアーを体験できます。このビデオは「スノーケリング」です。
Aax4E8xdahleynES4m7NT,https://www.youtube.com/watch?v=ghSBcyRurig,EN,스노클링 4k 중국어 30 초,奄美大島ではエコツアーを体験できます。このビデオは「スノーケリング」です。
xGe50Dt6YB0TWuOljr-p6,https://www.youtube.com/watch?v=hVGYjoQizyA,EN,다이빙 투어 4K 한국어 3 분,アマミオシマで楽しめるエコツアーを体験できます。このビデオは「ダイビング」です。
p3EsjN01XsZGy4iYe7_LW,https://www.youtube.com/watch?v=e2Ku2ds4q9U,EN,맹그로브 투어 4K 한국어 30 초,奄美大島ではエコツアーを体験できます。このビデオは「マングローブカヌー体験」を紹介しています。
VVTpyDzDGJYasu_h4qScW,https://www.youtube.com/watch?v=femjBuU2w8c,EN,#Amami #tabi 4k 30秒ver,"A trailer full of the charm of Amami Oshima, '#Amami #tabi'. Amami Oshima, a recommended area for World Natural Heritage, retains rich nature and unique culture. '#Amami #tabi' is a video where two girls from Amami Oshima, who live away from the island, rediscover the charm of Amami Oshima while touring tourist spots and scenic spots by rental car. Please use it as a reference before traveling to Amami Oshima. And when you visit Amami Oshima, let's share photos of the SNS-worthy scenery of Amami Oshima with the hashtag '#Amami #tabi'!"
1l9t-kMWgeu39hgbDehe7,https://www.youtube.com/watch?v=rtfrUUoukXs,EN,Amami旅行4K 30秒版,"A travel trailer filled with the charm of Amami Oshima. Amami Oshima is a candidate for World Natural Heritage, boasting rich nature and unique culture."
0r-sKbBhEyCGBVI-PplZV,https://www.youtube.com/watch?v=RFnDHMZkxa4,EN,#아마미 #여행  4K  10분 한국어ver,アマミオシマの魅力満載『アマミ旅行』完全版。豊かな自然と独特な文化が残る世界自然遺産推薦地域のアマミオシマ。『アマミ旅行』は、アマミオシマを離れて住むアマミオシマ出身の女性二人が観光地や景勝地をレンタカーで巡り、アマミオシマの魅力を再発見する動画です。アマミオシマの旅行前にぜひ参考にしてください。そして、アマミオシマに来た際は、どこを切り取っても美しいアマミオシマの景色の写真を『アマミ旅行』を付けて、みんなで共有しましょう！
Q6h87BwdXAI6tt0qYDYDX,https://www.youtube.com/watch?v=pX-qMFCPA6g,EN,#아마미​​ #여행​​ 4k 3분 한국어ver,"アマミオシマの魅力満載『アマミ旅行』
豊かな自然と独特な文化が残る世界自然遺産推薦地域のアマミオシマ。
『アマミ旅行』は、アマミオシマを離れて住むアマミオシマ出身の女性二人が観光地や景勝地をレンタカーで巡りながら、アマミオシマの魅力を再発見する動画です。
アマミオシマの旅行前にぜひ参考にしてください。
そして、アマミオシマに来た際は、どこを訪れたかをSNSで輝くアマミオシマの景色の写真を『アマミ旅行』を付けて、みんなで共有しましょう！"
kEU-D1S72Dx8tT2IjWrLn,https://www.youtube.com/watch?v=8Sx8jyjy-TU,EN,Amami旅行 4k 30分 韓国語ver,"The charm of Amami Oshima is fully packed in 'Amami Travel'.
Amami Oshima is a recommended area for World Natural Heritage, rich in nature and unique culture.
'Amami Travel' is a video where two women from Amami Oshima, who live away from the island, rediscover the charm of Amami Oshima while touring tourist spots and scenic areas by rental car.
Please use this as a reference before your trip to Amami Oshima.
Also, when you visit Amami Oshima, let's share photos of the beautiful scenery with the hashtag 'Amami Travel' on social media!"
cYuoO4HKioP7HxSSnY5cc,https://www.youtube.com/watch?v=cJISoa_gba4,EN,Gaku田's Dashi Festival - Yakuuno Station Front Yatai Parade,"October 13, 2019 (Sunday) Gaku田 Festival Main Shrine
For the first time in history! Two yatai turning simultaneously at the intersection of National Route 9"
sfrbR24PGtTc-R8OVHyAV,https://www.youtube.com/watch?v=eRFnwehj4-g,EN,Baseball-Dance ～ブランデッドムービー～,"The 'Yakyuken Dance' originated in Matsuyama City, Ehime Prefecture. Under the overall supervision of Daimaou Kosaka, 'Baseball-Dance' has been newly branded as a content of the Reiwa era. A 'Branded Movie' conveying the charm of Baseball-Dance has been completed!"
RUk5mTSFRh2DTCxsetMcG,https://www.youtube.com/watch?v=BZfDcfgtS3E,EN,Chris Pepple Appointed as the New Lord of Fukuchiyama Castle - Press Conference,"=====================================================＼　重大発表　／　　　　　　　　Updated on June 6, 2019Fukuchiyama Castle, built by Akechi Mitsuhide, is now available for use 24 hours a day!We are recruiting Japan's first one-day lord! Until July 5th https://www.city.fukuchiyama.lg.jp/site/promotion/11936.html===================================================== (Here is the content that Chris Pepple was stopped from announcing in the video!)---------------------------------------------------------------------------------------------------------------------------------　　　　　　　　　　　　　　　　　　　　　　　　　　　　　March 27, 2019<Kyoto Prefecture Fukuchiyama City promotional video 'Fukuchiyama Castle New Lord Appointment Press Conference' released! Starring Chris Pepple, said to be a descendant of Akechi Mitsuhide, stay tuned for a major announcement?>Chris Pepple, said to be a descendant of the Warring States warrior Akechi Mitsuhide who built Fukuchiyama Castle, has been appointed as the 'New Lord of Fukuchiyama Castle'! He suddenly tries to make a major announcement at the unveiling press conference...!? Chris Pepple appeared at the press conference in a 'lord's attire' wearing a topknot and a 'Kikyo crest' of the Akechi family, passionately speaking about his aspirations for becoming the new lord. Fukuchiyama City is working on the 'Unknown Akechi Mitsuhide Project' to promote the unknown charm of Akechi Mitsuhide and its connection to Fukuchiyama City nationwide! Check out the connection between Fukuchiyama City and Akechi Mitsuhide here! https://www.city.fukuchiyama.lg.jp/site/mitsuhide/ (Fukuchiyama PR project municipal PR video)"
QxYFIeKgkCvmX-4RbSs0O,https://www.youtube.com/watch?v=XGszDdgNFUg,EN,これは京都の福知山です,"In Fukuchiyama, Kyoto, there are breathtaking views, hidden spots that feel like time has stopped, and special landscapes that can only be seen in that season. Please feel the atmosphere of each place and time in this video."
nniCT5yK22vy9u2QMLvmR,https://www.youtube.com/watch?v=psaC81PGGYM,EN,【official】Goshogawara Tachineputa Festival ２０１９ PV（60sec ver.）,"巨大な山車が力強いお囃子と「ヤッテマレ！ヤッテマレ！」の掛け声のもと、五所川原市街地を練り歩きます。大きいものだと高さ約23メートル、重さ約19トンもある山車は、その圧倒的迫力で沿道の観客を魅了します。
一台一台がテーマを持ち、それを表現するために細かな造形と鮮やかな色使いが施されています。迫力あるお祭りと優美に燈った立佞武多の絶妙なバランスは必見です。
期間：8月4日から8月8日"
-E3MzVNtqPgDix9q8DMaG,https://www.youtube.com/watch?v=_hoc2CwoSH0,EN,ワイルドウィンターアクティビティ「日本の品格、栃木」,"Premium winter experience in Nikko National Park. Snowshoeing in the woods, Snowboarding in the magnificent white scenery, Japanese Ryokan standing in front of the icefall, Fresh winter taste. Wild Winter Activity, TOCHIGI."
SO2q-6VoZR6QC4oxfqVu5,https://www.youtube.com/watch?v=Ydz4OOpZRKM,EN,日本の品格、栃木,"Where peaceful nature and majestic historical culture will melt your heart. Tochigi Prefecture is located approximately 100 km north of Tokyo. Be surrounded by nature after just a 50-minute Shinkansen ride or 90-minute drive from Tokyo. G7 Ministerial Meeting on Gender Equality and Women's Empowerment will be held in Nikko, Tochigi in June 2023."
loZ8W4Oi5EtYZ4dKVBhVP,https://www.youtube.com/watch?v=1hzpRKKqPkk,EN,日本の品格、栃木,"Where peaceful nature and majestic historical culture will melt your heart. Tochigi Prefecture is located approximately 100 km north of Tokyo. Be surrounded by nature after just a 50-minute Shinkansen ride or 90-minute drive from Tokyo. The G7 Ministerial Meeting on Gender Equality and Women's Empowerment will be held in Nikko, Tochigi in June 2023."
q1O-RLzGTwhtzSlOCcYtd,https://www.youtube.com/watch?v=bZohFt7UFBc,EN,自然と共に「日本の品格、栃木」,"The Grace of Japan, Tochigi” Where its peaceful nature and majestic historical culture will melt your heart."
K2_3SrrDwya2wNkRpBzVv,https://www.youtube.com/watch?v=xd86PZmA_BQ,EN,Azure Sky「日本の優雅さ、栃木」,"“The Grace of Japan, Tochigi” Where its peaceful nature and majestic historical culture will melt your heart."
zu8TFxgco7DHeWvtOK7fw,https://www.youtube.com/watch?v=TWfzo8sjxBU,EN,清流の国「日本の品格、栃木」,"A land surrounded by clear streams. Spring water that has been gushing forth since before the birth of mankind. A clear canyon stream. A lake filled with spring water. Feel the blessings of the clear stream. 'The Grace of Japan, Tochigi' Where its peaceful nature and majestic historical culture will melt your heart."
75R1bRgKCfQwZ_P_MTskw,https://www.youtube.com/watch?v=zSmdysdzRCE,EN,秋の葉の高原「日本の品格、栃木」,"The land of autumn leaves spreading out in front of us. A landscape where every color in the world exists. We find beauty in the richly colored landscape. 'The Grace of Japan, Tochigi' Where its peaceful nature and majestic historical culture will melt your heart."
FCC6rmfbjkm9bnQFRToHI,https://www.youtube.com/watch?v=J2f5EXOtWcw,EN,心の花のために咲こう。日本の優雅さ、栃木,https://www.visit-tochigi.com/
rbfAxCYfbuCrr9Pk7av2m,https://www.youtube.com/watch?v=qyCqPGU-Nvk,EN,あなたの笑顔のために。日本の優雅さ、栃木,"For the day when we can meet someday, We are starting to get ready For your smile"
_QXsJrBX-NrvLynMVDxj3,https://www.youtube.com/watch?v=NGQ46amViWM,EN,美の感覚。「栃木の優雅さ」,"The colors that bloom in the fields, hydrangeas, lilies, green bamboo, and autumn leaves are the roots of the essence of nature. Tochigi the unforgettable is dressed in a costume woven with the natural beauty of the four seasons."
mlsIuVNbdZarTeUOOKGHH,https://www.youtube.com/watch?v=9vV0lUQhJqI,EN,自然の優雅さ。日本の美しさ、栃木,"Beautiful crystal clear water running endlessly. Mountain sight in the four seasons stirring, changing, taking your breath away. Senjogahara, a treasure trove of wild animals. Chuzenji lake is like a mirror reflecting the beauty that surrounds the magnificent Mt. Nantai. Fill your heart with Tochigi’s vibrant nature."
QHh-W-iq3rI1HzTstHbWW,https://www.youtube.com/watch?v=Sh_OCU0Qheg,EN,日本の品格、栃木,"The Grace of Japan, Tochigi Where its peaceful nature and majestic historical culture will melt your heart."
mYscs0VFg7hwSuqWSEGyn,https://www.youtube.com/watch?v=5gkgRqWaZ6s,EN,Ayabe Bridge Light Up,平成１８年（２００６年）８月２５日、２６日に行われた「余部鉄橋ライトアップ」の映像です。
-UaSqf-QAvtEZ_LFWbuNr,https://www.youtube.com/watch?v=Q_sagsj8ueA,EN,Yube Colorful Scenery【3 minutes 00 seconds】,ドローンを使って撮影した余部の彩景と余部クリスタルタワーの夜景の映像です。
lclMiwQdCws9-hq5HrU-F,https://www.youtube.com/watch?v=Tg3SnMpTEIQ,EN,October in Kamitown,１０月も終わり、１１月となりました。いよいよ松葉ガニ漁の解禁の季節となりました。山の木々も色づき始め、紅葉の見ごろを迎えています。香美町の美味しい食材と美しい景色をぜひ味わいに、香美町へお越しください。
C-DItrZpWXKM7EjxrwrIA,https://www.youtube.com/watch?v=UjUuNUPbGFk,EN,November in Kamitown,11月も終わり、12月となりました。日ごとに寒さが増してくる季節となりました。日本海の波は荒くなり、山の木々は落ち葉となり、初雪の便りが間もなくやってくるのでしょうか。香美町へお越しの際には冬用タイヤを備えてお越しください。
l3UHqsaWcjxS4Q9mm8eN5,https://www.youtube.com/watch?v=t-tLHDsa2ig,EN,December in Kamitown,新年あけましておめでとうございます。旧年中はお世話になりました。本年もよろしくお願いします。１２月には積雪もあり、冬本番を迎えました。令和３年は「丑年（うしどし）」です。全国の黒毛和牛の素牛「但馬牛」は香美町が誇る名牛です。ぜひ香美町へお越しの際にはとても美味な「但馬牛」を味わってはいかがでしょうか。
NiW-lV77-yvu2eSDfZa9n,https://www.youtube.com/watch?v=QGso7w5IiZI,EN,TWILIGHT EXPRESS 瑞風 in Hyogo Prefecture Kamitown【Welcome Twilight Express】,"JR West Japan luxury sleeper train 'TWILIGHT EXPRESS 瑞風' San'in course (downward) - A journey tracing the history of the painter Oukyo and the Meiji Restoration - From October 23, 2021, Daijoji (Oukyo-ji) in Kasumi, Kamitown, Hyogo Prefecture, facing the Sea of Japan, has become a stopover. Please take a look at the welcoming atmosphere of the town centered around the first day of operation. Produced by the Kamitown 瑞風 Acceptance Council (Secretariat: Kamitown Kasumi Tourism Association) ★Upcoming operation dates... February 3, 17 March 30 ★Expected arrival time at Kasumi Station... 15:03 ●Other operation dates (downward <Kasumi 17:49 arrival 18:04 departure>)... March 16 (upward <Kasumi passing around 12:20>)... January 23 February 2, 6, 20, 23 March 1, 13, 19, 26 April 2"
EAQxynRjqoiFGARTXVya4,https://www.youtube.com/watch?v=ZlFa8cuWH20,EN,指サス方ヘ/幸 巴(ゆき ともえ)【MV full】,指サス方ヘ
Xg-LhYLQ2SdkimTvfJFgD,https://www.youtube.com/watch?v=7a5ORKy_xLo,EN,鹿屋市を一緒に旅しよう！,"Two girls from Thailand visited Kanoya city for the first time and described it as ""Happy, delicious, fun! A town where new discoveries are made"". Learn about Kanoya's sightseeing spots, Kanoya's specialties such as sweet potatoes and kanpachi (greater amberjack), and meet the ""Kanoya Kanpachirou "" character—a Kanoya adventure condensed into one video!"
b5XDZJs-pDaTc1GzFfjpq,https://www.youtube.com/watch?v=43kuplupTFY,EN,3秒で保存したくなる高山グルメ！高山駅から徒歩2分創業40年以上の老舗「中華そば郷里」,
YsqP2K90JJ0e1n7GLX1ql,https://www.youtube.com/watch?v=eJ1cYeZmVSI,EN,#AutumnHidaの紅葉,
9ubK4yeKZouzpL3CEgqLh,https://www.youtube.com/watch?v=IGBmWl4vAJU,EN,【LIVE CAMERA】#Hida-Takayama In front of the Takayama Jinya #ライブカメラ #飛騨 #高山,高山市にある高山陣屋や陣屋前朝市をご覧いただけます。飛騨・高山は歴史ある古い町並やアルプスに囲まれた美しい自然があり、温泉や郷土料理をご堪能いただけます。
C_Y5t5hHLR6fC0xxmRzmd,https://www.youtube.com/watch?v=7ZH5lHNNjKs,EN,【LIVE CAMERA】Alps View Park Sky Park #Hida Takayama,岐阜県高山市「飛騨高山（ひだたかやま）」にある、「アルプス展望公園スカイパーク」より市街地や飛騨山脈の眺望をお届けします。公園は高山駅より徒歩で20分ほどの距離にあり、芝生広場や広場をとりまく歩道で軽スポーツやウォーキングなど楽しめる場所です。
kjWAu8OG1029dCAkZOA9x,https://www.youtube.com/watch?v=0a5M5zXbtEY,EN,【LIVE CAMERA】#Hida Takayama 中橋 #Live Camera #LiveCamera,岐阜県高山市、「飛騨高山（ひだたかやま）」の名所・中橋。春は桜、夏は爽やかな緑、秋は紅葉、冬は雪景色…朱色の橋を彩る飛騨高山の四季をご覧いただけます。
O7OarM5QJigsKy4w5FtSp,https://www.youtube.com/watch?v=OMDDrM7QX_I,EN,【2025年保存版】Summer's Spectacular View in #Hida Takayama! A Stunning Panorama Where Sky and Mountains Merge #Shinhotaka Ropeway,
37dXi2azGWMuazXx1_qsd,https://www.youtube.com/watch?v=rUGXy9PpvxU,EN,Highland Hideaway Gem 'if Coffee Shop'.,高山の隠れ家な名店「if珈琲店」。店内に足を踏み入れると、心地よいJAZZの音色。メニューは、コーヒーとカボチャプリンの2つだけ。それでいて、多くを語る必要がないほど、完成された世界.
b0jfVQkmT-abvx837UgPk,https://www.youtube.com/watch?v=FbIfpzdWooM,EN,光ミュージアム: Enjoying Art While Strolling Through an Ancient Temple,"The building itself is magnificent like a work of art, and it is a museum that can be enjoyed even on rainy days."
VbRSOc0lU7uNPBXXCilXI,https://www.youtube.com/watch?v=1td2LL9jGnI,EN,Hida Takayama: A Journey to the Forest of Goshikigahara that Awakens the Senses,"～自然探勝の聖地、秘境探検を楽しむ～
北アルプス乗鞍岳の北西山麓に広がる「五色ケ原」は、中部山岳国立公園の南端にあたる約3000haの広大な森林地帯です。これまで、ほとんど手つかずの希少な自然が豊富に残る、まさに秘境。

乗鞍岳を源とする多くの渓流と滝、池、湿原、さらに多種の獣、野鳥、昆虫などの野生生物が生息し、自然の多彩な表情が楽しめるスポットです。ひとたび足を踏み入れたら、偉大な自然のパワーを感じることができます。"
h_JqZZhjLIfgBEIiPVGWT,https://www.youtube.com/watch?v=CNeakmoER7Q,EN,KUSHIRO Hokkaido Japan in 8K HDR - Kushiro [夏バージョン],Learn more about Kushiro
rtU7UCYZeTAU2GoSi1ywc,https://www.youtube.com/watch?v=gzO4W-D7Tw8,EN,The Great Success of '#氷点下の森' is Until the End of February!,"The ice forest, created by taking advantage of the winter nature at minus 10 degrees Celsius, is completed and can be enjoyed during the day with the beauty of pure white ice bathed in sunlight."
PTRDRoiVZ0I-qgwvZu7vU,https://www.youtube.com/watch?v=YQnnr0fLPeA,EN,Hida Takayamaで昔から人々が栽培し、作られてきた「赤かぶ漬」。,"The 'Akakabu-zuke' pickled red turnips, cultivated and made by people in Hida Takayama since ancient times. Due to heavy snowfall, fresh vegetables cannot be harvested, making it a beloved winter preserved food. The red turnips grown in a climate with temperature differences are packed with flavor."
TdDdfYHBEYa0Ol7EaKj5r,https://www.youtube.com/watch?v=waBCmFsw6R0,EN,The autumn leaves at '#宇津江四十八滝' where you can enjoy waterfall touring are at their best. 🍁,"There are countless 13 waterfalls of various sizes along the valley, and you can take a leisurely stroll while listening to the sound of the water in the rich nature, making it perfect for refreshing yourself! #HidaTakayama"
NrlvYUJbdy5MPzE6nYtQy,https://www.youtube.com/watch?v=OUG0PSsifWM,EN,Street Piano '飛騨六花' Appears at Takayama Station from October 18 (Fri) to November 23 (Sat)!,A street piano named 'Hida Rokka' will appear at Takayama Station for a limited time from October 18 (Friday) to November 23 (Saturday). It is named after a beautiful seasonal word that represents the clear winter of Takayama.
4rZOj3lA1eXD_4H9-MBB4,https://www.youtube.com/watch?v=5Ds_euXKrs4,EN,"The grand procession of hundreds of people, including lion dances, fighting cocks, and police in traditional attire,巡る「御巡幸」。 The gorgeous costumes catch the eye as if you have time-traveled.",
1MkkOJGRz66R_Y5ErVa8U,https://www.youtube.com/watch?v=lugAj_kSFdU,EN,Mizunomichi Town #Hida Takayama #Kuzuno Town,フルーツや野菜、花に囲まれた桃源郷「久々野町」。りんごや桃のほか、ホウレンソウやトマトといった果物や野菜の生産が盛んです。寒暖差のある気候と美味しい水、太陽の光に恵まれ、丹精込めて育てられた果物や野菜は加工品も絶品。自然の甘さがギュッと凝縮された、りんごや桃のジェラートやジュースは目が覚めるような味わいです。
t7h-oUuTMR7057SR2ECF8,https://www.youtube.com/watch?v=NTMyk3-cfj0,EN,ReVIEW! #Hida Takayama Ichinomiya Town,"飛騨一之宮観光協会会長　稲子盛雄さんが町の魅力をご紹介。一之宮町は、高山市の南部に位置する歴史と伝統が息づく地域。美しい自然に囲まれており、その環境を活かした農業体験や地元の人たちとのふれあい体験ができるグリーンツーリズムが盛んな地域です。なかでも、飛騨一宮水無神社は飛騨の国で最も格式高い神社とされ、地域に住む人たちの信仰を集め敬われています。他にも内閣府認定のどぶろく特区、樹齢1,100年の臥龍桜、分水嶺が見られる位山の散策やウィンタースポーツなど様々なジャンルを見て感じることができます。一之宮町に是非お越しください。（高山市街地から車で約２０分）"
MzKYwha1npvyPy-atPXGl,https://www.youtube.com/watch?v=lGOmDYYX0rM,EN,ReVIEW! #Hida Takayama Takane Town,飛騨高根観光協会会長　小坂守さんが町の魅力をご紹介。高根町は高山市の南東に位置し、乗鞍岳と御嶽山を望み大自然に囲まれた高地にあります。長野県木曽地域に隣接しているため、歴史や文化、風俗に至るまで木曽の影響を色濃く受けており、飛騨の中でも異郷の地として知られています。高根町は木曽馬の産地だったことでも有名であり、馬の供養のために作られた石仏には、人と馬との物語が込められています。高根町では発酵食品に力を入れており、廃校を再利用したウイスキー蒸溜所は大きな話題を集めています。また、塩を一切使わず乳酸菌で漬けられた「すな」や、飛騨の郷土料理によく使われる田舎味噌なども盛んに作られています。この地域特有の涼しい夏と寒冷な冬の環境が、これらの発酵食品の育成に役立っています。その他には火畑そばやタカネコーン、野麦峠や御嶽山など様々な見どころがあるユニークな場所になっています。高根町に是非お越しください。（高山市街地から車で約５０分）
d5QrbnuU7-FdIq3wR7dwP,https://www.youtube.com/watch?v=hofuMbszxZI,EN,4~5種類のイチゴ狩りが楽しめる「#小屋垣内農園」。,"The strawberries produced in the climate of Hida Takayama, which has a significant temperature difference, are characterized by their concentrated flavor and strong sweetness. No reservation is required, and you can enjoy unlimited eating from the start until 3 PM."
bbeLI9dPRTyhAUOGGWzPW,https://www.youtube.com/watch?v=8ZriY64dpb8,EN,"Delicious Sukiyaki Made with Melted Cotton Candy at #岩ト屋. Using A5 Grade #飛騨牛, This Sukiyaki Features a Melting Texture and Large Cotton Candy. It Contains Local Specialties from the Hida Area. #飛騨高山",
8y4C_9kX5Zm1zFeOnbfkX,https://www.youtube.com/watch?v=xbT0O16Djx4,EN,Welcome to Hida Takayama,日本一面積が広い市である高山市は、町のすみずみまでたくさんの見どころに溢れています。飛騨山脈(北アルプス)に抱かれ、豊かな自然と四季折々の美しい景色に癒される、多彩な魅力を持つエリアです。ここでしか味わえない感動体験をあなたに。
EJkyv0nyZWod6XGqKGsRo,https://www.youtube.com/watch?v=BYSNATJUxqI,EN,ReVIEW! #Hida Takayama Nyukawa Town,"千光寺住職　大下真海さんが町の魅力をご紹介。丹生川町は、高山市の北東部に位置する山岳地帯がある地域です。町を象徴するのが、日本百名山のひとつである乗鞍岳。標高3,000ｍ級の山にも関わらず、2,702mの畳平まで路線バスで行くことができるため、厳しいといわれる山岳の世界を子どもや女性でも気軽に体感することができます。７月から８月中旬にかけてバスターミナルのすぐ近くには天空のお花畑が広がり、希少な高山植物を観察できます。運が良ければ天然記念物のライチョウにも出会えるかもしれません。乗鞍岳の裾野に広がる五色ヶ原の森、観光鍾乳洞としては日本一標高が高い900ｍに位置する飛騨大鍾乳洞、飛騨の英雄・両面宿儺伝説、神社めぐり豊かな田園風景が残る里山など乗鞍岳に抱かれる町、丹生川町には多様な見どころがあります。荘川町に是非お越しください。（丹生川町は高山市街地から車で約15分／乗鞍岳山頂までは畳平から徒歩約90分）"
1TypOy6VleRu8QDtoCR3T,https://www.youtube.com/watch?v=g4UdtUj4C0Q,EN,The Town Where You Can Hear the Babbling Stream - Hida Kiyomi,森に囲まれたおしゃれなカフェやレストランが点在する清見町は、洗練された雰囲気とのどかな自然が共存。町の中央を南北に縦断する全長64㎞の「飛騨美濃せせらぎ街道」は、格好のドライブルート。清流沿いで、初夏には新緑が輝きます。また、秋には紅葉の名所として知られ、標高差によって色づく場所が移り変わることで長期に渡り目を楽しませてくれます。
L6fFldMzYtaWqxt8n9ru8,https://www.youtube.com/watch?v=E4-fcFX3Uxo,EN,Retro tin signs and the atmosphere of the Showa era at '#福地温泉朝市'. Local specialties like miso and sweets are lined up. The store is filled with Showa-era posters and photos of old idols and actors! #飛騨高山,
ifYtp-_8uVJBkR1zGhl6v,https://www.youtube.com/watch?v=5kajWOZ07qc,EN,Ride on Japan's only two-story gondola and enjoy the 360° panoramic view of the Northern Alps with ease at '#新穂高ロープウェイ'. The winter season offers a plethora of fantastic landscapes and limited events.,
uG70k37_ACgVawa0xATgh,https://www.youtube.com/watch?v=5EueyreKYy4,EN,"The Talma Falls and the Shinsyu Park, a famous spot in Shin-Hirayu, will hold the '#ShinHirayuOnsen #TalmaKanekoLighting'. You can enjoy a breathtaking beauty and a mystical landscape that you have never experienced before.",息を吞む美しさで圧倒される、今まで体験したことがないような神秘的な風景が楽しめます。#飛騨高山
9eJcIepp6GTMIeqG5H5ct,https://www.youtube.com/watch?v=8k0jMbDs70o,EN,History and Nature Weaving #Gifu Prefecture #Hida Takayama 'Sōkawa Town',荘川町は山々に囲まれ、荘川町の北西に位置し富山県、石川県、福井県、岐阜県の４県にまたがる「白山」の雄大な姿を眺望できる自然あふれる町です。桜、新緑、紅葉、雪景色と季節ごとに美しい四季折々の絶景を楽しむことができます。
ceTolBtx0_t4PbdSL4gh9,https://www.youtube.com/watch?v=8Y5_LdDcl3Y,EN,ReVIEW! #Hida Takayama Nyukawa Town,"千光寺住職　大下真海さんが町の魅力をご紹介。丹生川町は、高山市の北東部に位置する山岳地帯がある地域です。町を象徴するのが、日本百名山のひとつである乗鞍岳。標高3,000ｍ級の山にも関わらず、2,702mの畳平まで路線バスで行くことができるため、厳しいといわれる山岳の世界を子どもや女性でも気軽に体感することができます。７月から８月中旬にかけてバスターミナルのすぐ近くには天空のお花畑が広がり、希少な高山植物を観察できます。運が良ければ天然記念物のライチョウにも出会えるかもしれません。乗鞍岳の裾野に広がる五色ヶ原の森、観光鍾乳洞としては日本一標高が高い900ｍに位置する飛騨大鍾乳洞、飛騨の英雄・両面宿儺伝説、神社めぐり豊かな田園風景が残る里山など乗鞍岳に抱かれる町、丹生川町には多様な見どころがあります。荘川町に是非お越しください。（丹生川町は高山市街地から車で約15分／乗鞍岳山頂までは畳平から徒歩約90分）"
qpbYbq9Nkce8PeZF6gALQ,https://www.youtube.com/watch?v=K2JYrHH_Poc,EN,ReVIEW! #Hida Takayama Takane Town,飛騨高根観光協会会長　小坂守さんが町の魅力をご紹介。高根町は高山市の南東に位置し、乗鞍岳と御嶽山を望み大自然に囲まれた高地にあります。長野県木曽地域に隣接しているため、歴史や文化、風俗に至るまで木曽の影響を色濃く受けており、飛騨の中でも異郷の地として知られています。高根町は木曽馬の産地だったことでも有名であり、馬の供養のために作られた石仏には、人と馬との物語が込められています。高根町では発酵食品に力を入れており、廃校を再利用したウイスキー蒸溜所は大きな話題を集めています。また、塩を一切使わず乳酸菌で漬けられた「すな」や、飛騨の郷土料理によく使われる田舎味噌なども盛んに作られています。この地域特有の涼しい夏と寒冷な冬の環境が、これらの発酵食品の育成に役立っています。その他には火畑そばやタカネコーン、野麦峠や御嶽山など様々な見どころがあるユニークな場所になっています。高根町に是非お越しください。（高山市街地から車で約５０分）
5bIMq6SvJ3-HDfwy-cKL2,https://www.youtube.com/watch?v=_ea_EL5HuH4,EN,#飛騨高山 #宇津江四十八滝 を #トレッキング,"Utsue 48 Falls is a healing spot filled with negative ions, surrounded by countless waterfalls large and small. This natural park has been selected as one of Gifu Prefecture's top 50 famous waters. In the midst of rich nature, you can listen to the sound of water and take a leisurely stroll around 13 waterfalls. Among them, 'Otaki' is 18.8m high, and the white water falling down the rock face is very impressive! It takes about an hour from the starting point of the waterfall tour to the goal point, Shijuhachitaki Plateau. You can see the Northern Alps from the observation deck along the way. Please enjoy the beauty of nature that can only be enjoyed in Kokufu Town."
V_KIyNlhuzJxChIdZlchX,https://www.youtube.com/watch?v=upWC9Xm9Er0,EN,ReVIEW! #Hida Takayama Ichinomiya Town,"飛騨一之宮観光協会会長　稲子盛雄さんが町の魅力をご紹介。一之宮町は、高山市の南部に位置する歴史と伝統が息づく地域。美しい自然に囲まれており、その環境を活かした農業体験や地元の人たちとのふれあい体験ができるグリーンツーリズムが盛んな地域です。なかでも、飛騨一宮水無神社は飛騨の国で最も格式高い神社とされ、地域に住む人たちの信仰を集め敬われています。他にも内閣府認定のどぶろく特区、樹齢1,100年の臥龍桜、分水嶺が見られる位山の散策やウィンタースポーツなど様々なジャンルを見て感じることができます。一之宮町に是非お越しください。（高山市街地から車で約２０分）"
o66BzMuwqc1fdTEHVIY6l,https://www.youtube.com/watch?v=w_ZCkKHZf_c,EN,アルコピアひまわり園,"~200,000 sunflowers decorate the ski slopes~ ""Alcopia Sunflower Garden"" is a beautiful, bright yellow garden. The sight of about 200,000 sunflowers blooming all at once is a sight to behold. During the period, there will be lots of fun events such as jumbo soap bubbles, trampolines, and kitchen gardens ♡ It's a great spot where you can take a summer-like photo. The best time to see sunflowers is from around August 11th (Friday)."
Z-DK5eg0bmuKcfY77aTca,https://www.youtube.com/watch?v=KAy2IZr_GSs,EN,#飛騨高山 #おおくら滝遊歩道 を散策,"The 'Okura Falls Promenade' allows you to take a walk while admiring the large and small waterfalls known as 'Okura Hyakudaki.' This is a course that goes along the valley aiming for Okura Falls, which flows down with a drop of approximately 30 meters. Among the most recommended are the huge boulders that remain here and there. Kuguriiwa, which covers the promenade like a tunnel, is mysterious and impressive. Come and experience the magnificent power and beauty of nature. The best nature experience can be found in Kiyomi Town."
o5w-VQreMnnHsm0HrjkuS,https://www.youtube.com/watch?v=gTQMK9Q7eGo,EN,"Cultural and Folklore Roots in Hida's Hometown #Gifu Prefecture #Hida Takayama ""Kokufu Town""",日本一面積が広い市である高山市は、町のすみずみまでたくさんの見どころに溢れています。飛騨高山を織りなすエリアにフォーカスしご紹介！知られざる逸話やその場所でしか味わえない体験など、飛騨高山ならではの多彩な魅力を掘り下げます。私たちの町、飛騨高山へようこそ。飛騨国府は、千数百年前、斐陀国(ひだのくに）の中心地「国府」として栄えました。風が香り、風が色づく、風の郷。土が香り、土が色づく、土の郷。季が香り、季が色づく、季の郷。飛騨路を北へたどると、なつかしい、ぬくもりに満ちた郷「飛騨国府」があります。初めて訪れた地なのに、なぜか不思議と懐かしさに包まれます。日本の原風景が色濃く残る歴史、民俗、自然をたずねて、この地になぜ「国府」が置かれたのかを実感できる旅となることでしょう。
hmLmNVrHN5edCxjQvvSDF,https://www.youtube.com/watch?v=bKAgnj7eExE,EN,魅せる職人の技！春の #高山祭  #からくり人形　#飛騨高山,"At the tip of a bridge over 8 shaku, a dragon god with a red face suddenly appears from a jar carried by a child, scattering paper snow and performing an angry dance. Skilled string manipulators operate the puppet with multiple strings, captivating the audience with the delicate yet bold performance of the puppet that seems almost alive."
qPeRUHufAD8EyYEFRUrgh,https://www.youtube.com/watch?v=vrqriPjIqMg,EN,Girls' Trip in Takayama,岐阜県北部🌄 緑豊かな山々に囲まれ、季節ごとに移りゆく自然を楽しめる岐阜県飛騨高山🏔 歴史的建造物が多く立ち並び、伝統的文化が今も息づいています⛩ 古き良き伝統を守ってきた美しい高山の見どころをご紹介します。
6dPe766WddRtWwowya6Sj,https://www.youtube.com/watch?v=-1KzKvQ7-mA,EN,どちらが好きですか？ **長いバージョン**,"Hida Takayama, located in the mountainous region of Gifu Prefecture, is almost in the center of the Japanese archipelago. Takayama City, the largest city in Japan, is an area rich in nature with a forest coverage rate exceeding 90%. With its diverse attractions of food, history, culture, and experiences, what kind of Hida Takayama do you like?"
uE1TTeEv3mhESjJPog-_9,https://www.youtube.com/watch?v=jaF33CZ-UhA,EN,Spring and Summer in Takayama,北アルプスに囲まれ、雄大な自然と四季折々の美しい景色に癒される飛騨高山。春は桜、夏は新緑、その時期にしか見ることができない飛騨高山に会いにぜひお越しください。
svCzrxczRJ7qTmnjdyPaW,https://www.youtube.com/watch?v=zhRYEWrX6o8,EN,Autumn and Winter in Hida Takayama,北アルプスに囲まれ、雄大な自然と四季折々の美しい景色に癒される飛騨高山。秋は紅葉、冬は雪景色、その時期にしか見ることができない飛騨高山に会いにぜひお越しください。
HoqnsqFkN3hPlQu7_4B9B,https://www.youtube.com/watch?v=abjfDrymH1Q,EN,Master's Craft: Hida Furniture,人と共に、時を重ねる家具「飛騨家具」。日本の美と飛騨の心が詰まったデザインは、使い手が長く使い続けることができるように工夫されています。使い込むほどに味わいが出る木の家具。飛騨家具の特徴でもある曲木など、飛騨家具を作り上げる様子を動画にまとめました。ぜひご覧ください。
sdHSCbXrCcd2tBvCvbOak,https://www.youtube.com/watch?v=EUtkTBitsFQ,EN,Official Nagaoka City Tourism Promotion Video,長岡市の自然、街並み、温泉、食、日常の風景などを美しい映像でお届けいたします。
eCoVhIyYwEyvldIiXieqB,https://www.youtube.com/watch?v=xxg7qo49U3E,EN,Craft Tourism Echizen  |  越前 手仕事を巡る旅,"Welcome to Echizen, a sacred place of craftsmanship and a repository of ancient wisdom that has been passed down for 1500 years. This is the entrance to the ancient country of 'Echigo,' where cutting-edge technology and culture first flowed into Japan from across the Sea of Japan, becoming the origin of deep craftsmanship in Japan. Within the traditional industries that coexist with the land's nature and the people living here, there is universal wisdom that humanity wants to carry into the next 1000 years. Here, a future born from crossing borders and time exists. A new journey of exploration to find light."
0c6W5DQ1KN7GaBm2BMJ_M,https://www.youtube.com/watch?v=jf-pHjO3sa8,EN,（Full ver）Minamioguni観光プロモーションビデオ,"It is a tourism promotion video of Minamioguni town. Please come and visit Minamioguni town, which is not just about hot springs."
xFoBdQi3HIv5A_GfJGp63,https://www.youtube.com/watch?v=wIaACru1rwM,EN,【360°VR Video】A Virtual Tour of Aso's Great Nature with a Guide! Kumamoto Prefecture_Aso_Long Version,熊本県の阿蘇地域で撮影した360度のVR映像です。阿蘇地域に住むスウェーデン人が阿蘇の魅力を語りながらご案内致します。お出かけ気分をご自宅でお楽しみくださいませ。
m2ftwTT3HBmO7N1ywzUWl,https://www.youtube.com/watch?v=nY2r8dh1Ing,EN,南小国町観光プロモーションビデオ,"It is a tourism promotion video of the town of Minamioguni. Please come and visit Minamioguni, which is not just about hot springs."
N1MvF7n6T9js19TlS5wbY,https://www.youtube.com/watch?v=UtKFBq8pA30,EN,Izumo Hinomisaki Shrine Sunset Festival - 出雲 日御碕神社 夕日の祭り,出雲大社から北西約7kmの島根半島西端に位置するこの神社は夜を守る神社として言い伝えられてきました。この夕日の祭り(日御碕神社 例大祭、神幸神事)では、年に一度神官のみが足を踏み入れることのできる神域、経島から沈みゆく太陽に祈りを捧げます。
FRQC7Z_z9nCZJORrQIGRe,https://www.youtube.com/watch?v=0Tj-mqwuxzc,EN,「Satoyama Minicle」で、観に来るたびに好きになる旅。,"Satoyama Minicle is a new kind of bicycle rental service offering electrically power assisted bikes. Riders are offered three kinds to choose from: a mini model accessible to any level of rider, an urban city model, and a sports model. These bikes allow riders to climb up even hilly roads with ease thanks to their electric power assist. A guided app recommending routes and other useful information for one’s trip is also available at the bike rental counter, and is designed so that even first-time users can easily navigate it. Satoyama Minicle bikes are available for 2-hour rental periods as well as overnight rentals. We hope you’ll take advantage of this service to suit your own travel style and enhance your destination plans!"
cHwjfZr1F4oKRkZhmXAgQ,https://www.youtube.com/watch?v=adcHltIbAf4,EN,"Japan's tallest stone steps, 3333 steps　日本一の石段　3333段　釈迦院御坂遊歩道　英字幕付き　美里町観光PR動画",This is a Misato Town tourism PR video created in 2025.
uWyvAJSTtdrY8tHSDgG4S,https://www.youtube.com/watch?v=IxF8xF2-3do,EN,Hiking in Japan - Sacred Peak Mt. Hakkai 八海山 | Adventures in Yukiguni | Minamiuonuma,
HBUxa07y3tUB5Hq5TCfUp,https://www.youtube.com/watch?v=og7F_vhefoE,EN,Misato no Mori Campground　美里の森キャンプ場 ガーデンプレイス 英字幕付き　美里町観光PR動画,This is a Misato Town tourism PR video created in 2025.
SzOEzLwB5HFW5y0kI0pxu,https://www.youtube.com/watch?v=0dXU3Gt0DXI,EN,octagon tunnel 　熊延鉄道遺構　八角トンネル　英字幕付き　美里町観光PR動画,This is a Misato Town tourism PR video created in 2025.
J5G-2JzIkhZWFtUI7puRW,https://www.youtube.com/watch?v=UUvOsv5D-AY,EN,"Iyo City Tourism PR Video | More and more, Iyo.",伊予市は、美しく豊かな自然や地元のとっておきのモノ・コトに出会う、癒しの旅にぴったりなところ。ゆったりと海を眺めたり、森の香りにつつまれたり、おいしいもの、パワースポット、クラフトなど今を楽しむときめきもいっぱい。今日はどこにいこうかな？　そんなときには、あなたの「好き」を探しに伊予市へでかけてみて。
BaTIdHC401wRXrEhptYx9,https://www.youtube.com/watch?v=WAsc6W1TB3I,EN,"roadside station Misato ""Samata-no-Yu"" 道の駅 美里「佐俣の湯」英字幕付き　美里町観光PR動画",This is a Misato Town tourism PR video created in 2025.
eWEbVvdZHcFUv4QWEQG3N,https://www.youtube.com/watch?v=aJMhHUhcz38,EN,Kumamoto Misato Town Tourism PR Video,令和５年度に作成した美里町観光PR動画です。
CJMEheHySP9JxeK7wOr_B,https://www.youtube.com/watch?v=R8br2bXAtcY,EN,AMAZING TOYAMA 〜 This is why I chose this land 〜【Digest Version】,"【受賞】
・地域プロモーションアワード2021 第3回ふるさと動画大賞：地域活性化センター賞 受賞

・第４回 日本国際観光映像祭 日本部門 Citypromotionカテゴリ 優秀作品賞 受賞
　　　　 　　　　　　　　　 国際部門 Tourism Destination Citiesカテゴリ ３位受賞

【関連URL】
第４回 日本国際観光映像祭 JWTFF　公式HP
https://award.jwtff.world/

ANA Traveler's HP　「AMAZING TOYAMA Toyama City 選ばれる理由」
https://www.ana.co.jp/ja/jp/domtour/hokuriku_tokai/toyama-promotion_tc/

「富山の地を選んだ理由」
異なる分野で活躍する５人から、活動の背景にある地域の魅力や豊かさを探る。

""Why I chose Toyama""
5 successful people in different fields will talk and explore Toyama's fascination behind the activities they perform.

Cast:
Peter Ivy（流動研究所）
大橋 智子（有限会社マツダ）
田中裕信（キッチン花水木）
水野勝也（水橋漁民協同組合）
大塚憲一（株式会社Travearth）

ANA総合研究所
株式会社アマナ
富山市"
LE0e2XgbXnQHZFM7AiMsu,https://www.youtube.com/watch?v=IFSRkQxeK6E,EN,AMAZING TOYAMA 〜 なぜ富山を選んだのか 〜,"【Awards】
- Regional Promotion Award 2021 3rd Furusato Video Award: Regional Revitalization Center Award

- 4th Japan International Tourism Film Festival Japan Division City Promotion Category Excellent Work Award
  International Division Tourism Destination Cities Category 3rd Place Award

【Table of Contents】
0:00 Start
0:31 Kenichi Ootsuka (Travearth Co., Ltd.)
2:38 Hironobu Tanaka (Kitchen Hanamizuki)
4:18 Katsuya Mizuno (Mizuhashi Fishermen's Cooperative)
5:52 Peter Ivy (Fluid Research Institute)
7:39 Tomoko Oohashi (Mazda Co., Ltd.)

【Related URL】
4th Japan International Tourism Film Festival JWTFF Official HP
https://award.jwtff.world/

ANA Traveler's HP ""AMAZING TOYAMA Why Toyama City is Chosen""
https://www.ana.co.jp/ja/jp/domtour/hokuriku_tokai/toyama-promotion_tc/

""Why I chose Toyama""
5 successful people in different fields will talk and explore Toyama's fascination behind the activities they perform."
9jCwhOh8bofqCRSyTmuv3,https://www.youtube.com/watch?v=Dn4OclemWVk,EN,Okawa Terrazza（大川市観光・インテリア情報ステーション）,"A new spot has been created in the town of artisans, Okawa."
IzSJgSGwb2PdkYfNaHMaN,https://www.youtube.com/watch?v=dsWP8PTWheQ,EN,楽しもう！「OKAWA」 大川女子２人旅 フルバージョン,"Let's enjoy! ""OKAWA"" - PR movie 2018 full ver.

This is a PR video of Okawa city, Fukuoka Prefecture in 2018.

Models Alyona and Keren experience Okawa for the first time!"
PEKiq-Cc8kbIB7bW6LbMC,https://www.youtube.com/watch?v=uDZeSY_aqWU,EN,The Illusory Sake of the Edo Period 'Mahitsuru',"The illusory sake of the Edo period 'Mahitsuru' has been revived this year, limited to the '17th Obō-Enozu Han境 Festival' on April 23 and 24, 2016."
_4nG09JZ2L1inlcyTjopQ,https://www.youtube.com/watch?v=-PmiEDcOcew,EN,"スウェーデンのマンガ家Åsaが福岡県大川に来た！""白仏""",LE BOUDDHA BLANC (WHITE BUDDHA) in SHORAKU-ji in Okawa city.
46HFsrNsOJ-woLFzMkDyR,https://www.youtube.com/watch?v=NkEizoOrrLU,EN,#10 Flying! KBC (Okawa City),汐が引くと現れる「石の道」。航路確保と水流を早めるために100年以上前に建造されたそうです。
u5LgIyXGtL_5uNfv3a27w,https://www.youtube.com/watch?v=8Z6Z9sipuqw,EN,天空ミュージック（Knock on Wood）,Kock on Wood
eWk83egV8SamEEc-4XcS4,https://www.youtube.com/watch?v=36NAFQufJcI,EN,第1弾【ロボ家具 WEB MOVIE】 職人MADE大川家具By大川市,"What is the furniture of the future? Okawa Furniture got an idea. It is “Robot Furniture.” It looks the same as other furniture, but it’s a mysterious furniture that walks by itself and stops on its own. It even spins around. This “Robot Furniture” will be a new partner in your life. It makes redecorating easy, it becomes a ride for children, and it makes your time at home more fun. Assembling innovative ideas with traditional technology. Okawa Furniture proposes rich lifestyles with its furniture. For details on the robot furniture and behind-the-scenes stories about their creation, please view the special robot furniture webpage. https://www.okawa-kagu.net/robo Contact us okwsales_k@city.okawa.lg.jp Website for Okawa City, Fukuoka Prefecture https://www.city.okawa.lg.jp/"
pVGWUOLoxxj4cWC_1xalH,https://www.youtube.com/watch?v=FVUHLfdQXFk,EN,天空ミュージック（Father's Back）,"The live event 'Sky Music' has been held at the top of Mount Yashima in Takamatsu City, Kagawa Prefecture since 2012. This year marks the 10th anniversary, and we have produced a video featuring the beautiful guitar of Hirokazu Ogura. Directed by Hiroyuki Nakano, this video captures the essence of Ogura's music and the atmosphere of the mountaintop, allowing you to immerse yourself in a special time that can only be experienced here!"
Te_Wt9NBlBwdKae46o7zi,https://www.youtube.com/watch?v=1XU7wWDmZd4,EN,KANSAI JAPAN in 8K HDR ハイパーラプス - Kansai,Learn more about KANSAI: https://www.the-kansai-guide.com/en/
lpK45eXwBjt3zCPdDdC1w,https://www.youtube.com/watch?v=wvwA4kt1LMM,EN,흡연 장소편 ／ 喫煙場所編,
jYhpfMKAfdR-rgnvebDMi,https://www.youtube.com/watch?v=wxo35hVv1W8,EN,高松ミュージックブルーフェス2021スペシャル　with サンポートオータムジャム2021（延期開催）PV VO2  「DAY BY DAY」,
Li15Ud7M_MML4fC4qTriP,https://www.youtube.com/watch?v=uil7RPf0GmY,EN,Come Visit Shibukawa! 渋川に来てね！,"This is an award-winning work from the Shibukawa City PR Video Contest, introducing the city's attractions such as Ikaho Onsen, Mizusawa Udon, and the Heso Festival. The entire video features English narration, making it easy for many people to understand with Japanese subtitles."
9Gb4lJykCEPuFye9peBEG,https://www.youtube.com/watch?v=svqzmWapL0k,EN,Tsugaru Nuri（津軽塗）ブランドムービー,"Tsugaru nuri, the traditional crafts of Hirosaki city, Aomori prefecture, Japan. Tsugaru nuri, from over 300 years ago, have been handed down to the present by its long history up to today to the craftsmen’s patience, hard works and to their aesthetic eyes for beauty. From painting the surface of Cypress tree, and repetition of sharpening and polishing, the solid and elegant lacquer ware is after completing a long process of over forty steps for more than two months. It is also called “Baka nuri” meaning Foolish painting, because of the long careful process. This movie shows hand works of craftsmen, and four types of techniques 'Kara-nuri', 'Nanako-nuri', 'Monsha-nuri', and 'Nishiki-nuri' with the beauty of Tsugaru district."
Swi2KGscjX4UgzCBEMDqT,https://www.youtube.com/watch?v=daU1QYfSs9k,EN,Shokudo Ao - Eat Local (地産地消) - 熊野の知られざる物語を味わう,"A notable restaurant in Kumano City, Mie Prefecture, 'Shokudo Ao' is featured in 'What are the wealthy people of the world eating in Japan?'. The concept is 'Eat Local'. In spring, they go foraging for local wild vegetables, in summer they catch wild eel in the Dorokyo, and in autumn they go to catch crab. Throughout the year, if the weather conditions are good, they kayak out into the sea of Kumano and serve fish they have caught themselves, maintaining a unique style of restaurant that is unimaginable in the city."
ZTTjR03WPmHVAnvMmfNW-,https://www.youtube.com/watch?v=fJhJU_NF-1I,EN,Well-being (ウェルビーイング）な暮らし 柑橘栽培を始める - みかんが教えてくれること,"A couple searching for a well-being lifestyle moved from Tokyo to Mihama Town, Mie Prefecture, and it has been over three and a half years. Starting last year, they began growing mandarin oranges in their garden, engaging in citrus cultivation. Growing a significant number of mandarin trees goes far beyond a hobby, but they enjoy the effort. What does a well-being lifestyle mean to us? What are the joys of life that we have never experienced before, beyond growing mandarin oranges?"
ef06PGdfSKk2Xb3RUQXIy,https://www.youtube.com/watch?v=NEPYp1PBU2E,EN,青ノ詩を詠う - Pass the Baton -「市木木綿」唯一の職人の挑戦,"The only craftsman of the traditional craft 'Ichiki Cotton' in Mihama Town, Mie Prefecture, Hirotaka Mukai, continues to weave 'Ichiki Cotton', designated as a traditional craft of Mie Prefecture, using a loom over 100 years old in the Ichiki district of Mihama Town once a week while running a family bedding store. The cotton weaving industry in the Ichiki district, which has continued since the Edo period, was branded as 'Ichiki Cotton' during the Meiji period, and at its peak, there were more than 40 factories. However, now only Mukai remains. At that time, he was forced to relocate from the factory he was renting, putting 'Ichiki Cotton' at risk of extinction. However, he turned this crisis into an opportunity by establishing the 'Ichiki Cotton Future Weaving Association' and decided to acquire his own factory to make it easier for future generations to take over the baton of 'Ichiki Cotton', pledging to give the new factory to an unseen successor for free. He decided to raise funds for the relocation, purchase, and renovation costs through crowdfunding. As a highlight of the crowdfunding rewards, he will create a new stripe called 'Mihama Blue', named after the town and reminiscent of the color of the town's sea. Thanks to the support of many people across the country who learned about the creation of the new stripe 'Mihama Blue', the situation of 'Ichiki Cotton', and Mukai's dedicated activities, the crowdfunding was a great success. After completing the relocation and renovation, Mukai began hosting 'traditional craft x tourism' tours to share the charm of 'Ichiki Cotton' with more people and to create a sustainable form of traditional craft, exploring the history and stories related to 'Ichiki Cotton' scattered around the new factory. His new challenge to weave 'Ichiki Cotton' into the future begins here."
HQHkYMF1fcG-zXhXrco_s,https://www.youtube.com/watch?v=LGL6WKoa3bc,EN,Snow quietly falls - 真っ白な熊野と雪の中のみかん,"@RuralJapan The sacred place Kumano, in Mihama Town, Mie Prefecture, the first snow I see is troublesome. However, the completely white town is more exciting than usual."
PkssbSW42JdPdE4eJlJwM,https://www.youtube.com/watch?v=Qd0VdIQk2Mk,EN,Searching for Japan Blue - 青ノ詩を詠う,"There exists a unique aesthetic sense among Japanese people regarding 'lush green.' 'Japan's blue' is made up of the 'blue' called blue and the 'green' called blue. The town where the 'blue' of the Pacific Ocean meets the 'blue' of the Kii Mountains is Kumano, a sacred place of syncretism of Shinto and Buddhism, located in Mihama Town, Mie Prefecture. In this town, we travel through 'Japan's blue.' The poet Haruo Sato reflected on the landscapes of his hometown Kumano and composed 'Bokyo Gogatsu Uta.' His poem, which captures the early summer scenery of his hometown with 'the sky is blue, the mountains are blue, the sea is blue,' skillfully encapsulated Kumano's 'blue.' The blue sea and sky of the Pacific Ocean, the blue mountains of the Kii Mountains, all color Kumano with 'blue.' 'The sea is blue, the wind is blue, and even the oranges are blue.' If Sato were alive, he might have composed a poem reflecting the scenery of Mihama Town in this way. In the mountains of the satoyama, there is a path of wind, the Kumano Kodo Fuden Pass. The morning mist, known as 'Fuden Oroshi,' rides the wind, and its mysterious appearance as it passes through the path reflects the 'blue' of Kumano's lush green mountains, dyeing the wind blue. Thus, the wind descends the satoyama, rushing through the gaps of the lush rice ears and the local specialty of Mihama Town, the blue oranges 'Gokuwase Unshu Mikan,' further dyeing itself blue. Eventually, the 'blue' of the mountains reaches the sea, merging with the 'blue' of the sea. Mihama is blue; the sea is blue; the mountains are blue; the sky is blue; the wind is blue; even the oranges are blue. Unravel and savor this town, woven together with 'Japan's blue,' and reweave it with your own sensibility. Then, try to compose your own poem of Mihama's 'blue.' What color does Mihama Town reflect to you? Please like, comment, and subscribe to the channel. For business inquiries, please contact us here."
x_yYYihTW0rVRMpCUwXjE,https://www.youtube.com/watch?v=JnEN_XUdKx0,EN,"【はじめての熊野古道】Walking the Kumano Kodo Fuden Pass - A 1-Night, 2-Day Trip in Kumano Part 2",元アイドルの池山智瑛さんが１泊２日で、三重県御浜町を旅する。初日は、七十四歳になったシンデレラが運営する御浜町尾呂志の体験型ゲストハウスで、サステナブルな田舎暮らしを体験。2日目の今回は、お弁当にめはり寿司を作り、御浜町の世界遺産、熊野古道「風伝峠」を旅する。
Gh7xWRXY-vENGFMcUT5Qs,https://www.youtube.com/watch?v=_KzRweOu1tQ,EN,【Recommended Cafe】My Favorite Cafe Found in the Countryside | Kumano | Rural Relocation | Sustainable | Vegan,♯10 丁寧な暮らしを尋ねて
eq60_pAoVcWR8Z_oeGwLZ,https://www.youtube.com/watch?v=R660A4GDtlM,EN,【田舎暮らし総集編】はじめての田舎暮らし｜移住実体験｜東京から三重へ移住した夫婦の一年目総集編　其ノ壱｜熊野｜地方移住｜サステナブル,"In July 2020, a couple moved from Tokyo to Kumano, Mihama Town, Mie Prefecture during the COVID-19 pandemic. 

This year of first-time rural living. 
This year affected by the pandemic. 
A year of trial and error. 
A year full of new encounters. 

Today, we reflect on that tumultuous year. 

Please also check out the following videos: 

♯7 ""First Day of Moving"" 
https://youtu.be/NXhBKLB4lW0 

♯9 ""The Day We Caught Up with Summer"" 
https://youtu.be/TsW_cxsxVWA 

♯16 ""Morning Routine"" 
https://youtu.be/sSB0UTMokHI 

For more information about Mihama Town, Mie Prefecture, please visit the website below: 
https://mihama-mie-townpromotion.jp/ 

If you have any questions, feel free to leave a comment. 

We plan to upload videos twice a month, so if you like it, please give us a thumbs up, comment, and subscribe to our channel. 
We also started an Instagram. 

Instagram: https://www.instagram.com/rural_life_japan/ 

#RuralLiving #RegionalMigration #vlog"
xRDFojWwvzq9QcYoOYco3,https://www.youtube.com/watch?v=vxyfQx_u-0A,EN,【移住者の暮らし】里山暮らし｜移住ってどう？｜移住者の幸せな暮らし｜熊野｜地方移住｜サステナブル,"Oroshi, located in Mihama Town, Mie Prefecture, is an area with many immigrants. Thanks to the beautiful satoyama scenery and the warm welcome from the local people, many people have been moving from the city in recent years. One day, when I visited Oroshi, I encountered a scene that looked so happy. Children run around the satoyama and play with nature. Adults are also enjoying their lives every day, realizing things they couldn't do in the city one by one. The people of Oroshi look enviable even to us immigrants. Mihama Town in Mie Prefecture is a town where mandarins can be harvested year-round, located along the Pacific Ocean at the southernmost tip of Honshu on the Kii Peninsula. Along the Pacific coast stretches the Nanri Ohama, about 22 km long. It is a prayer road loved by the common people since ancient times, and a World Heritage Site, the Kumano Kodo Ise Road. Thanks to the Kuroshio Current and the warm climate, various mandarins can be harvested throughout the year. The town has the mystical Kii Mountains and the magnificent Pacific Ocean, where the blue mountains meet the blue sea. Kumano has been called the 'land of resurrection.' In ancient Japan, it was believed that mountains were sacred places where gods and ancestors' spirits resided. Among them, Kumano is a sacred place where gods dwell, and those who visit will have their spirits revived and feel renewed. We plan to upload videos twice a month, so if you like it, please like, comment, and subscribe to our channel. We have also started an Instagram."
CJ5KWgcBxKK803hyrtWLt,https://www.youtube.com/watch?v=ow2PnGF_8KM,EN,【移住者の暮らし】噂のジビエ肉？｜猟師の友人がくれた、ジビエで1番美味しいと噂のアナグマを食す｜熊野｜地方移住｜サステナブル,"Lyrically living in the countryside, redefined as 'Traveling through Daily Life in the Japanese Countryside - Life in Japanese Countryside Life'."
GTE3OVO3ni4if0_3UBj4G,https://www.youtube.com/watch?v=dTBJO1NFmUU,EN,壺阪酒蔵,
vOsqcNoiWD8NPhs9ifE6n,https://www.youtube.com/watch?v=nDKShtxUk7A,EN,【移住者の暮らし】猪と鹿を燻製にする｜ジビエの燻製に初挑戦｜熊野｜地方移住｜サステナブル,"This is a lyrical countryside life, redefined as 'Traveling through Daily Life in the Japanese Countryside - Life in Japanese Countryside Life'. I will make smoked wild boar and deer meat given to me by a friend who is a hunter. Following the instructions, the boar meat will be salted for a month, then smoked for about 4 hours using a handmade cardboard smoke machine, and further aged for about 2 years. Please take a look at a day in my life."
ZKk52JCdiIDwmsbXqvbZU,https://www.youtube.com/watch?v=8QDodJetG7s,EN,【移住者の暮らし】熊野で移住生活｜都会でも、田舎でも笑って暮らせる日常がやっぱり1番良いと思う｜熊野｜地方移住｜サステナブル,"Traveling through rural daily life. I want to live as if I am traveling. Sometimes an ordinary day is the happiest. Woken up by the sound of grass cutting in the morning, I pick tea leaves from my garden to make homemade tea, while getting caught up in unexpected troubles. Even while being conscious of a sustainable lifestyle, I often fail in rural living due to my urban mindset. Life doesn't always go well, but as long as the ending is good, everything is fine. Although the ideal rural life is challenging to realize, it is somehow fun to take on that challenge. I felt once again that moving to the countryside was a good decision."
QKVZtYhQm3tfpEQEP1Vgt,https://www.youtube.com/watch?v=fVZfSQe0q30,EN,中野BC株式会社(NAKANO BC),
bkj7Hx0XhTXmPB4fmNRTs,https://www.youtube.com/watch?v=TsW_cxsxVWA,EN,【移住直後】田舎で友達ができた日｜東京から三重へ夫婦で移住して約１ヶ月｜熊野｜地方移住｜サステナブル,"In July 2020, we moved from Tokyo to Mihama Town in Mie Prefecture. After a two-week period of self-restraint, we finally began to return to normal life. During this time, the people we met in Mihama Town organized a BBQ party for us. Feeling left behind in summer due to COVID-19, we finally had a summer-like day and felt like we caught up with the season."
qxEwvgHNFLYvD3sNagzW9,https://www.youtube.com/watch?v=ijjvd_7KhH4,EN,【移住者の暮らし】母からの贈り物｜母親からの小包｜田舎暮らし｜熊野｜地方移住｜サステナブル,"In July 2020, I moved from Tokyo to Mihama Town in Mie Prefecture. After a two-week period of self-restraint, I finally began to return to ordinary life. One day, I received a parcel from my mother. Especially during this time, I felt even more grateful for my mother's love."
Pn4J4ilROvCAQ2e8fa5Le,https://www.youtube.com/watch?v=NXhBKLB4lW0,EN,【移住初日】移住生活のはじまり｜東京から三重へ移住した夫婦｜田舎暮らし｜熊野｜地方移住｜サステナブル,"In July 2020, we moved from Tokyo to Mihama Town in Mie Prefecture. This is a glimpse of our first day of moving. We started searching for a place to live in January, and just before the COVID-19 restrictions in March, we were fortunate to visit Mie, including Mihama Town, as well as Wakayama and the Eastern Kishu area. However, after that, we couldn't visit any other places, and due to this, we decided to move to Mihama Town, which felt like a fateful encounter. It took us about six months to make this decision. It took courage to decide to move to a town where we had no connections and only visited for a few hours in March, but I think we were able to take the plunge because we felt that if we continued searching, it would take years to move."
xD4_TtPG3N7qiGzt3p-MJ,https://www.youtube.com/watch?v=HYTPUIaj6t4,EN,【Rural Story】Grandma's Mandarin Orchard | The Grandchild Who Inherited Grandma's Mandarin Orchard | Life with Mandarins | Kumano | Rural Relocation | Sustainable,御浜町に移住するまでは、こんな青いみかんがあることすら知らなかった。9月上旬から収穫される、御浜町の強い夏の日差しの下で育った、超極早生温州みかん。その日差しがみかんの糖度を高くするそうです。甘みと酸味の絶妙なバランスのみかんは非常に美味しかったです。今年は天気が良く、みかんの日焼けが心配だったそうですが、無事に出荷が始まりました。※みかんの表面の白い斑点はホワイトコートというカルシウム由来の日焼け防止剤です。超極早生温州みかんを皮切りに、御浜町では様々な種類のみかんが順次出荷されます。まさに、年中みかんのとれる町。そのみかんの収穫の様子を、御浜町のちせ農園を通してお伝えできればと思います。ちせ農園は現在、92歳になるちせさんからお孫さんに3年前に引き継がれたみかん農園になります。おばあちゃんに敬意を込めて名前はそのままにしたそうです。みかんを収穫する際のハサミの音色は心地よく、御浜町の秋の音だなと感じました。また、家族総出でみかんを収穫する様子はまさにこの町の家族の肖像のように思えました。三重県御浜町について、詳しくは下記Webサイトをご覧下さい↓ https://mihama-mie-townpromotion.jp/
7pJLzXiU8td1UG0XHbysp,https://www.youtube.com/watch?v=yPdvFDGHn5o,EN,【移住のキッカケ】移住するキッカケになったお米を作る農家に会いにいく｜田舎暮らし｜熊野｜地方移住｜サステナブル,"Something I always wanted to try. Cooking rice from the land with the water from the land where the rice was grown. I have tried various methods, but I have a feeling that this method will be the most delicious. Before moving, I visited Mihama Town in March this year and met a farmer by chance. He gave me rice because I came from Tokyo. When I returned to Tokyo and ate that rice, it was unbelievably delicious, and I was truly moved. However, a simple question arose. Wouldn't it be even more delicious if I cooked that rice with the water from the land where it was grown? After moving, I found out that the farmer was actually the father-in-law of one of my few acquaintances here, and I was able to observe the rice harvesting of that delicious rice this time. I only had an image of rice harvesting in autumn, but it was surprisingly before the Obon festival. And I also achieved my initial goal of cooking the rice from the land with the water from the land, making it a memorable day."
X2A5SE9QzJGIlbfFYWQJD,https://www.youtube.com/watch?v=AfqufW5Vqa4,EN,【移住を決めた風景 - 凪のあすから聖地巡礼】熊野に移住するキッカケになったジブリみたいな大きなクスノキのある風景｜波田須駅｜田舎暮らし｜熊野｜地方移住｜新鹿｜天女座,"This is the scenery that captivated me at first sight when I came to this East Kii Peninsula to find a place to settle. I believe I decided to move to this area because I encountered this landscape. The townscape around Hadasu Station, which served as a model for the anime 'Nagi no Asukara,' is beautiful, and I still see people visiting for pilgrimage. I was enchanted by the lyrical rural daily life of Hadasu, spread out under the big camphor tree, which I whimsically named Totoro Tree."
ve3xS6PM3pYgXI4bPFcks,https://www.youtube.com/watch?v=3Cu0QHMsS-A,EN,自然と伝統が重なる郡上八幡|Gujo Hachiman　Nature ＆ Tradition,"Get a feel for the local lifestyle through the beautiful water and vibrant dancing in the streets of this old castle town! Located upstream of the Nagara River is Gujo Hachiman, which is famous for its Gujo Odori dance in the summer and the beautiful, stunningly clear waters that run through the town. Gujo Hachiman’s local symbol and treasure, Sogi Spring, serves as a testament to and celebration of the area’s pure waters."
pL40cJvKelZV4fxkFxi26,https://www.youtube.com/watch?v=2MJXAozJ62M,EN,【移住した理由】都会育ちの夫婦の移住の経緯｜田舎暮らし｜海の近くで暮らしてみたい｜熊野｜地方移住｜サステナブル,"Mihama Town, located near the southern tip of the Kii Peninsula in the eastern Kishu area of Mie Prefecture. It was a day where I could experience the lyrical scenery and daily life that made me feel glad to have moved to this place. One of the reasons we chose rural living over urban living is the desire to live lyrically and sentimentally, which may not be enjoyable for everyone, but if you like it, please give us a thumbs up and subscribe to our channel."
CYLFImZxAOMle3QEzDkk_,https://www.youtube.com/watch?v=gXCQ35O3HXc,EN,【Hokkaido Ebetsu City Official Tourism PR Video】/ JAPAN - HOKKAIDO - EBETSU CITY Summer Ver 4K,"【北海道江別市の公式観光PR動画】
「食と農」「豊かな自然」「歴史あるれんが」を中心に夏の江別の魅力を4K映像で撮影しました。
是非江別市に遊びに来てください！！"
2RVNmYLjU-dg2nZIWQLvd,https://www.youtube.com/watch?v=TjoPGfYdDts,EN,HOKKAIDO - EBETSU CITY Winter Ver 4K【北海道江別市公式観光PR動画】,"Official tourism PR video of Ebetsu City, Hokkaido. Filmed in 4K, showcasing a day of sightseeing in winter Ebetsu. Please come and visit the charming city of Ebetsu!"
x2myiDwfkQ-HTfq5MdnJH,https://www.youtube.com/watch?v=Fq99erbu424,EN,【前編】Ebetsu City Tour PR Video,"A collaboration video featuring Akira Takada, a model and talent from Ebetsu City! In this video, Akira Takada visits tourist spots and restaurants in the city to promote the charm of Ebetsu City."
iELBN8gAabv95A17jui_s,https://www.youtube.com/watch?v=WtRi8Lz7w74,EN,【後編】江別市周遊観光PR動画,"A collaboration video featuring Takada Akira, a model and talent from Ebetsu City! In this video, Takada Akira visits tourist spots and restaurants in the city to promote the charm of Ebetsu City."
wkJALooslKFui7RDpwX7S,https://www.youtube.com/watch?v=erSVQTvBDtw,EN,신사 참배편 ／ お参り編,
2QeOLM4wvFjH4uSndD0IK,https://www.youtube.com/watch?v=p6rwvS027XU,EN,Royal Food of Japan MIKETSUKUNI～古代以来珍视的美味～,"This is a place known as 'Miketsukuni', a treasure trove of delicacies that has been offering ingredients to the imperial court in Kyoto since about 1200 years ago. Join us on a journey to encounter the refined culture of Japanese cuisine and royal delicacies that have been honed over a long period of time. Savor the flavors cherished throughout history."
6sHHSHFbyxQe0t-BRzYAQ,https://www.youtube.com/watch?v=oNBVSY0sJi0,EN,Royal Food of Japan 御食国　～歴史に愛された美味がある。～　京都・淡路島コース,
y_sIz7DsDEpr4sbRIzCDz,https://www.youtube.com/watch?v=ecuds3FDq_I,EN,日本的皇家美食 MIKETSUKUNI～自古以來珍惜的美味～,"This is a place renowned as 'Miketsukuni', a treasure trove of gourmet food that has been supplying ingredients to the imperial court in Kyoto for about 1,200 years. Let's embark on a journey to encounter the refined culture of Japanese cuisine and royal delicacies that have been honed over a long history. Savor the historical treasures of flavor."
yuo5DN_u9k83DaE6GrU7z,https://www.youtube.com/watch?v=oqPFrhvbLHs,EN,日本的皇家美食 MIKETSUKUNI～自古以来珍视的美味～,"This is a place known as 'Miketsukuni', a treasure trove of gourmet food that has been offering ingredients to the imperial court in Kyoto since about 1200 years ago. Join us on a journey to encounter the refined culture of Japanese cuisine and royal delicacies, savoring the flavors cherished throughout history."
fV9NZ5Xaze9snkKZu0xZq,https://www.youtube.com/watch?v=iMSfISClTa0,EN,Royal Food of Japan MIKETSUKUNI～古代以来珍视的美味～,"Fukui Prefecture, Wakasa; Mie Prefecture, Shima; Hyogo Prefecture, Awaji Island. This is a place known for its reputation as 'Miketsukuni,' a treasure trove of gourmet food that has been supplying ingredients to the imperial court in Kyoto for about 1,200 years. Join us on a journey to encounter the long-cultivated culture of Japanese cuisine and royal delicacies, savoring the deliciousness treasured throughout history."
DYs1Nsbe1-NxuCXZ8roTj,https://www.youtube.com/watch?v=qzUlwge4JDI,EN,万博とその先！関西を旅しよう。,"Kansai has a culture nurtured by a long history, the activities of its people, and a regional character and sustainability that have woven life together over the years. Why not take a step towards a journey to Kansai along with the Expo? Here in Kansai, embark on a journey that will make your life shine."
9pX7M6DOMfaLmaxzxZM0B,https://www.youtube.com/watch?v=bfi4fN9rnao,EN,万博とその先！日本の関西を旅しよう。,"The various technological innovations and designs for future society that we encounter at the Expo may provide us with an opportunity to think about a better society for 'the future' as individuals. Through new experiences, we can refine our sensibilities and gain perspectives we have never had before. Kansai has a culture nurtured by a long history, the activities of its people, and a regionality and sustainability that have woven life together over time. Why not take a step towards a journey to Kansai along with the Expo? A journey that will make your life shine, here in Kansai."
m6uBGY3cFaR4koyazsqAL,https://www.youtube.com/watch?v=ge7MjR_REOc,EN,Going for Sushi ／ お寿司屋編,Learn more about KANSAI: https://www.the-kansai-guide.com/en/
nvFUhpEpcdIo1sUkC1jrg,https://www.youtube.com/watch?v=TyDgHJdwdLw,EN,エクスクルーシブ・エクスペディションズ、関西日本：Jトレーラー2/QR,"Kansai, once the capital, is the source of countless aspects of Japanese culture, including washoku, tea ceremony, classical performing arts, crafts, and Zen, all of which are still carried on by many today. We will take you on a journey to encounter the 'treasures' that Kansai is proud of. You can experience a special 'experience' delivered by a top expert who has mastered a particular path in a special space, and in the video, you can simulate this experience online. The actual experience that goes beyond simulation is here in Kansai."
e47fe0EDiIDg8NKaDT5Uh,https://www.youtube.com/watch?v=KS3SJQCClt0,EN,独特的探险，关西日本 - 和歌山 [4K]简体字,#Kumano Hongu Taisha #Kumano Kodo #World Heritage #Cultural Experience #Kumano #Wakayama #Kansai
pvMjweUPmYc4gTVW7UvKH,https://www.youtube.com/watch?v=h0WOYUbWpko,EN,独特的探险，关西日本 - 和歌山 [4K]繁体字,"#Kumano Hongu Taisha #Kumano Kodo #World Heritage #Cultural Experience #Kumano #Wakayama #Kansai

[Chief Priest Kuki Ietaka × Kumano Hongu Taisha] The Kii Mountain Range is home to mysterious mountains and lush forests. Deep in the mountains lies Kumano, known as one of Japan's three major sacred sites and a holy place. The Kumano Hongu Taisha, which holds a central position, and the Kumano Kodo, which connects it to two other shrines, have been regarded as the most important pilgrimage routes in Japan since ancient times. Kumano, which has given birth to many legends since the founding of Japan, is known as a "
oQv-HVDSE5lkqOTSp4I_S,https://www.youtube.com/watch?v=zf4pUMys96E,EN,"Exclusive Expeditions, KANSAI Japan 和歌山 [4K]","The Kumano Hongu Taisha Shrine and the Kumano Kodo, a sacred area known as one of Japan's three major spiritual sites, are located deep within the mystical mountains and dense forests of the Kii Peninsula. The Kumano Kodo, connecting the Kumano Hongu Taisha Shrine and two other shrines, is considered the most important pilgrimage route in Japan, welcoming people from ancient times to the present and into the future. Known as the 'sacred land of resurrection,' Kumano has generated numerous legends since Japan's dawn and continues to attract many pilgrims."
gsfJvaUu9hJs4tMjtIwuH,https://www.youtube.com/watch?v=cdMSzcNxTt8,EN,独特的探险，关西日本 - 奈良[4K]繁体字,"#Kimpusen-ji #World Heritage #Shugendo #Cultural Experience #Yoshino #Nara #Kansai

【Ryochi Gojō (Abbot) × Kimpusen-ji】
Shugendo, which seeks enlightenment through strict training in the deep mountains, is an ancient mountain faith in Japan. Kimpusen-ji, located on the slopes of Mount Yoshino in the Kii Mountain Range, was established as the center of Shugendo by En no Gyoja in the 7th century and preserves many tangible cultural assets. One of the important tasks of Abbot Ryochi Gojō is to protect cultural heritage such as the principal image, Zōō Gongen, so that they can be passed down in the future.

Detailed information about the cultural experience introduced in this video:
https://www.the-kansai-guide.com/en/article/item/20035/

Learn about the itinerary for this cultural experience:
https://www.the-kansai-guide.com/en/article/item/20034/"
-StD16ikElX53ncEVlrRr,https://www.youtube.com/watch?v=OIxO-lJSRrw,EN,独特的探险，关西日本 - 奈良[4K]简体字,"#Kimpusen-ji #World Heritage #Shugendo #Cultural Experience #Yoshino #Nara #Kansai

【Ryochi Gojō (Abbot) × Kimpusen-ji】
Shugendo, which seeks enlightenment through strict training in the deep mountains, is an ancient mountain faith in Japan. Kimpusen-ji, located on the slopes of Yoshino Mountain in the Kii Mountain Range, is the center of Shugendo established by En no Gyoja in the 7th century and preserves many tangible cultural assets. One of the important tasks of Abbot Ryochi Gojō is to protect cultural heritage such as the principal image Zōō Gongen, ensuring that they are passed down for future generations.

Detailed information about the cultural experience introduced in this video:
https://www.the-kansai-guide.com/en/article/item/20035/

Understanding the itinerary of this cultural experience:
https://www.the-kansai-guide.com/en/article/item/20034/"
D7wApkLVPioy1-a2XOzJD,https://www.youtube.com/watch?v=AK7hp4fu-7A,EN,"Exclusive Expeditions, KANSAI Japan 奈良 [4K]","#Kimpusen-ji #World Heritage #Shugendo #Cultural Experience #Yoshino #Nara #Kansai

【Ryochi Gojo (Abbot) × Kimpusen-ji】
Shugendo, a traditional Japanese mountain faith that seeks enlightenment through rigorous training in the mountains. Kimpusen-ji, located on the slopes of Yoshino Mountain in the Kii Mountain Range, was established in the 7th century by En no Gyoja and is the main temple of Shugendo, housing numerous tangible cultural properties. One of the important tasks of Abbot Ryochi Gojo is to protect these cultural heritage sites, including the principal deity Zao Gongen, and pass them on to the future.

Learn more about the cultural experiences introduced in the video:
https://www.the-kansai-guide.com/ja/article/item/20035/

Discover the charm of travel:
https://www.the-kansai-guide.com/ja/article/item/20034/"
Ly_Q_08pEoBo88X_bg5Vg,https://www.youtube.com/watch?v=x_oRPSpV6NU,EN,独占的な探検、関西日本：Jトレーラー/QRなし,
tDBy268QWA2EkUA4_Ve3D,https://www.youtube.com/watch?v=ZD8SuK7Osrc,EN,独占的な探検、関西日本：Jトレーラー/QR,かつて都が存在した関西には、和食、茶道、古典芸能、工芸、禅など数えきれないほどの日本文化の源流があり、今もそれらを受け継ぐ方がいます。そんな関西が誇る“宝”に出会う旅へと、今から皆さまをお連れします。あるひとつの道を極めた一流の方が、特別な空間でお届けする“体験”を、動画ではオンラインで疑似体験をすることができます。疑似体験を超えた実際の体験はここ関西で。
ksmEKiEccnbiKaEt7xvt6,https://www.youtube.com/watch?v=YkxTQpWdnBE,EN,独特的探险，关西日本 - 兵库[4K]繁体字,"薪能 #能 #天空の森 #日本文化 #伊勢神宮 #文化体験 #北野天満神社 #兵庫 #関西

【薪能 観世流仕手方能楽師 上田宜照 × 北野天満神社】

在能够一览神户市区风光的北野坂上，有一座历史悠久、被称为「天空之森林」的神社。就是供奉着学问之神菅原道真公，创建于西元1180年的北野天满神社。好几个世纪以来，环绕着怡人景色的北野天满神社拜殿持续上演着献给神明的能剧，同时也深受人们喜爱。"
yZ-Ownj9vH_MVFTqDJoSK,https://www.youtube.com/watch?v=YdXjhdUbLnY,EN,独占的な探検、関西日本 - 大阪[4K]簡体字,"#Noh #JapaneseCulture #LivingNationalTreasure #CulturalExperience #OsakaTenmangu #Osaka #Kansai

[Kanze School Noh Performers Asai Tomoyoshi*, Asai Tomohiko (*Important Intangible Cultural Asset) × Osaka Tenmangu]
Noh, one of the oldest performing arts in the world, is a traditional Japanese art that began in the 14th century. Its features include mysterious storylines, symbolic masks, gorgeous costumes, and formalized movements. Performing at the solemn main hall of Osaka Tenmangu is Asai Tomoyoshi, who manages the Asahi Hall. He and his two brothers are certified Noh performers recognized as Important Intangible Cultural Assets."
a3JvJrv0GCyO8cwtkyrrn,https://www.youtube.com/watch?v=QZFiJn_0PVw,EN,独特的探险，关西日本 - 大阪[4K]繁体字,"Noh, one of the oldest performing arts in the world, is a traditional Japanese art that began in the 14th century. It features mysterious storylines, symbolic masks, gorgeous costumes, and formalized movements. Performing at the solemn main hall of Osaka Tenmangu is Ueno Asagi, who manages the Asahi Hall. He and his two brothers are certified Noh performers recognized as important intangible cultural assets."
tq0IfNcxg8GYSkuRhWoL1,https://www.youtube.com/watch?v=Yo8pYlTgykU,EN,"Exclusive Expeditions, KANSAI Japan - Hyogo [4K]","#薪能 #Noh #Sky Forest #Japanese Culture #Ise Jingu #Cultural Experience #Kitano Tenmangu Shrine #Hyogo #Kansai

【薪能 × Kitano Tenmangu Shrine】Atop Kitano-zaka, which offers a panoramic view of Kobe, there is a historic shrine known as the 'Sky Shrine.' Kitano Tenmangu Shrine, dedicated to Sugawara no Michizane, the god of learning, was established in 1180. For centuries, Noh performances have been held at the shrine's hall, captivating visitors against the backdrop of its stunning views."
HXZNI4MGp4C5-zJeLTDRE,https://www.youtube.com/watch?v=x2pCV6GRZMw,EN,独特的探险，关西日本 - 鸟取[4K]简体字,"#WhitePorcelain #JapaneseCulture #LivingNationalTreasure #IshiyaHouse #CulturalExperience #ChizuTown #Tottori #Kansai

【White Porcelain Akihiro Maeda (Living National Treasure) × Ishiya House】
Tottori Prefecture is the least populated prefecture in Japan. Many artists believe that the serene environment here is most suitable for creation. Akihiro Maeda, a white porcelain artist who was certified as an important intangible cultural asset holder in 2013, is no exception. The shadows formed by the soft natural light give the pure white porcelain a stronger presence. The exhibition venue that Maeda loves is the Ishiya House located in Chizu Town, Tottori Prefecture. The layout of the buildings is centered around a Japanese garden and is a famous masterpiece of modern Japanese architecture, also designated as an important cultural asset of the country."
hz38J9gRvhtvyoqrv4wbZ,https://www.youtube.com/watch?v=91VUwgeo1dk,EN,独占的な探検、関西日本 - 滋賀[4K]簡体字,"#Mii-dera #JapaneseCulture #LakeBiwa #CulturalExperience #NationalTreasures #Shiga #Kansai

【Toshihiko Fukuya (Chief Priest) × Mii-dera】Mii-dera is located at the foot of Mount Hiei, overlooking Lake Biwa. It is one of the four major temples established by the Heian period court as a place of prayer. Within the temple area, there are over 40 buildings, and more than 650 national treasures and important cultural assets are preserved. For the chief priests and monks of Mii-dera, it has been a heavy responsibility to protect these cultural assets for 1300 years, risking their lives."
xaTlOffx-hUXoEbsbEbJN,https://www.youtube.com/watch?v=9zlmnFrM8gE,EN,"Exclusive Expeditions, KANSAI Japan - Tottori[4K]繁体字","#White Porcelain #Japanese Culture #Living National Treasure #Ishiya Residence #Cultural Experience #Chizu Town #Tottori #Kansai

【White Porcelain Akihiro Maeda (Living National Treasure) × Ishiya Residence】Tottori Prefecture is the least populated prefecture in Japan. Many artists believe that the serene environment here is most suitable for creation. Akihiro Maeda, a white porcelain artist who was certified as an important intangible cultural asset holder in 2013, is no exception. The shadows formed by the soft natural light give the pure white porcelain a greater sense of presence. The exhibition space that Maeda loves is the Ishiya Residence located in Chizu Town, Tottori Prefecture. The layout of the buildings is centered around a Japanese garden and is a renowned masterpiece of modern Japanese architecture, also designated as an important cultural asset of the country."
sgjg1Y_YFdfX_vMrT5hux,https://www.youtube.com/watch?v=PaTutFU7oNo,EN,独特的探险，关西日本 - 滋贺[4K]繁体字,#Mii-dera #JapaneseCulture #LakeBiwa #CulturalExperience #NationalTreasure #Shiga #Kansai
l9mXn72kKh_2SAiRzjSue,https://www.youtube.com/watch?v=A8Ab_5Jl32E,EN,独特的探险，关西日本 - 兵库[4K]简体字,"#薪能 #Noh #Sky Forest #Japanese Culture #Ise Jingu #Cultural Experience #Kitano Tenmangu Shrine #Hyogo #Kansai

【薪能 Kanze School Noh Performer Ueda Yoshiteru × Kitano Tenmangu Shrine】At Kitano-zaka, where you can enjoy a panoramic view of Kobe city, there is a historic shrine known as the 'Sky Forest.' It is the Kitano Tenmangu Shrine, dedicated to Sugawara no Michizane, established in 1180 AD. For several centuries, the Noh plays dedicated to the deities have been performed at the shrine hall surrounded by pleasant scenery, and it is also loved by many people."
_Jg1-2hdfFlki8aFIHR7b,https://www.youtube.com/watch?v=BGlBeDDYtjg,EN,独占的な探検、関西日本 - 徳島[4K]簡体字,"#Awa Puppet Joruri #Japanese Culture #Rural Stage #Cultural Experience #Tokushima #Kansai
【Awa Puppet Joruri Master Takemoto Tomoyuki (Important Intangible Cultural Asset) × Inukai Rural Stage (Important Tangible Folk Cultural Asset)】
Tokushima is located on the eastern side of Shikoku and has the largest number of preserved rural stages in Japan. This outdoor stage was built by local residents in the late Edo period to thank for the bountiful harvest. The Awa Puppet Joruri, which has been loved by local residents for many years, is performed on this stage. This is a traditional art that has been passed down from the past and represents the local culture."
f_6a3I_6xvO07MnPgQEHI,https://www.youtube.com/watch?v=jSo4jBLE_Hw,EN,独特的探险，关西日本 - 京都[4K]简体字,"#TeaCeremony #JapaneseCulture #HeianShrine #CulturalExperience #FurutaOribe #Kyoto #Kansai
【Tea Ceremony Oribe School Fuso Style Ozaki Beihaku (4th Generation Head) × Heian Shrine Shobikan (Nationally Designated Important Cultural Property)】
In the 16th century, Sen no Rikyū redefined the tea ceremony by integrating various aspects of Japanese culture, elevating it to an aesthetic form. Furuta Oribe was one of the seven disciples of Rikyū. He established his own school, but it was repeatedly submerged by the currents of time, eventually evolving into the "
9EAKQCjhcVv7Jkg_-wk2J,https://www.youtube.com/watch?v=Mb7-NVvdwd4,EN,独家探险，关西日本 - 三重[4K]简体字,"#Ise Daikagura #Japanese Culture #Ise Shrine #Cultural Experience #Kagura #Mie #Kansai
【Ise Daikagura Yamamoto Kanta Troupe (Important Intangible Folk Cultural Asset) × Hōnichikan (Important Cultural Asset)】
In ancient times, the common people's wish was to visit the Ise Shrine at least once in their lifetime. And kagura masters like Yamamoto Kanta traveled around the country to pray for abundant harvests and safety for those who could not visit Ise.

Detailed information about the cultural experience introduced in this video:
https://www.the-kansai-guide.com/en/article/item/20018/

Understanding the itinerary of this cultural experience:
https://www.the-kansai-guide.com/en/exclusive-expeditions/course/mie/"
tQctwNWxP2aCHqO8KmTY8,https://www.youtube.com/watch?v=p8GWN5BIEJ8,EN,独占的な探検、関西日本 - 福井[4K]簡体字,"#Echizen Washi #Japanese Culture #Living National Treasure #Cultural Experience #Washi Making #Fukui #Kansai

The Echizen region of Fukui Prefecture continues the traditional method of handmade washi paper that has been around for 1500 years. Among them, the paper made by the 9th generation craftsman Iwano Ichibei is praised worldwide as the best washi.

Detailed information about the cultural experience introduced in this video:
https://www.the-kansai-guide.com/en/article/item/20020/

Learn about the itinerary for this cultural experience:
https://www.the-kansai-guide.com/en/exclusive-expeditions/course/fukui/"
XdQjEDgiH3GFMAFglmsgZ,https://www.youtube.com/watch?v=qaMV4CzsW9g,EN,独家探险，KASNAI日本 - 三重[4K]繁体字,"#Ise Daikagura #Japanese Culture #Ise Jingu #Cultural Experience #Kagura #Mie #Kansai
【Ise Daikagura Yamamoto Kanta Troupe (Important Intangible Folk Cultural Asset) × Hōnikkan (Important Cultural Asset)】
In ancient times, the common people's wish was to visit Ise Jingu at least once in their lifetime. Kagura performers like Yamamoto Kanta travel around the country for those who cannot visit Ise, praying for abundant harvests and safety from disasters.

Detailed information about the cultural experience introduced in this video:
https://www.the-kansai-guide.com/en/article/item/20018/

Learn about the itinerary for this cultural experience:
https://www.the-kansai-guide.com/en/exclusive-expeditions/course/mie/"
fvPCkBu46mvliXyuEcJJE,https://www.youtube.com/watch?v=BovU0BeW0Vc,EN,独特的探险，关西日本–京都[4K]繁体字,"In this video, we introduce a cultural experience: Tea Ceremony by the Oribe School led by the 4th generation head, Ozaki Beikatsu, at Heian Shrine's Naomikan, a nationally designated scenic spot. In the 16th century, Sen no Rikyū redefined the tea ceremony by integrating various aspects of Japanese culture, elevating it to an aesthetic form. Furuta Oribe was one of Rikyū's seven disciples and founded his own school, which was eventually submerged by the tides of time, evolving into the 'Gohatto School of Style.'"
SlK0JsrcztKs4s0hDsspO,https://www.youtube.com/watch?v=aBKE5BSBg18,EN,独占的な探検、関西日本 - Kyoto [4K],"#TeaCeremony #JapaneseCulture #HeianShrine #CulturalExperience #FurutaOribe #Kyoto #Kansai

【Tea Ceremony Oribe School Fuso Branch, 4th Headmaster Yoshikatsu Ozaki × Heian Shrine Naobikan (Nationally Designated Scenic Spot)】In the 16th century, Sen no Rikyū redefined the tea ceremony by integrating various aspects of Japanese culture, elevating it to the aesthetics of Japan. One of Rikyū's seven disciples, Furuta Oribe, established his own school but was caught in a strange fate, leading the Oribe school to be known as a forbidden style.

Learn more about the cultural experiences introduced in the video:
https://www.the-kansai-guide.com/ja/article/item/20017/

Discover the charm of travel:
https://www.the-kansai-guide.com/ja/article/item/20021/"
CT3myveWyIm-IuPKr79ON,https://www.youtube.com/watch?v=UgCZWPgN5u8,EN,独特的探险，关西日本 - 德岛[4K]繁体字,"#Awa Puppet Joruri #Japanese Culture #Rural Stage #Cultural Experience #Tokushima #Kansai
【Awa Puppet Joruri Master Takemoto Tomoyuki (Important Intangible Cultural Asset) × Inukai Rural Stage (Important Tangible Folk Cultural Asset)】
Tokushima is located on the eastern side of Shikoku and has the largest number of preserved rural stages in Japan. This outdoor stage was built by local residents in the late Edo period to thank for the bountiful harvest. The Awa Puppet Joruri, which has been loved by local residents for many years, is performed on this stage. This is a traditional art that has been passed down from ancient times and represents the local culture.

Details of the cultural experience introduced in this video:
https://www.the-kansai-guide.com/en/article/item/20019/

Understanding the itinerary of this cultural experience:
https://www.the-kansai-guide.com/en/exclusive-expeditions/course/tokushima/"
eldr45t1f1W6Xh2CL4-lG,https://www.youtube.com/watch?v=xj4BdlX9jhs,EN,独特的探险，关西日本 - 福井[4K]繁体字,"#Echizen Washi #Japanese Culture #Living National Treasure #Cultural Experience #Washi Making #Fukui #Kansai

[Echizen Washi Iwano Ichibei (Living National Treasure) × Iwano Ichibei's Workshop]

The Echizen region of Fukui Prefecture continues the traditional method of handmade washi paper that has been around for 1500 years. The paper made by the 9th generation craftsman Iwano Ichibei is praised as the best washi paper in the world.

Detailed information about this cultural experience:
https://www.the-kansai-guide.com/en/article/item/20020/

Learn about the itinerary for this cultural experience:
https://www.the-kansai-guide.com/en/exclusive-expeditions/course/fukui/"
ZdnpMBWKttyh4i3YL6cJ1,https://www.youtube.com/watch?v=cz4Dk18mmlY,EN,独占的な探検、関西日本 - Fukui [4K],"The traditional method of making washi paper has been continued for 1500 years in the Echizen region of Fukui Prefecture, where it is still handmade. Among them, the paper made by the ninth-generation washi craftsman, Iwano Ichibei, who is a Living National Treasure, is praised as the best washi paper in the world.

Learn more about the cultural experience introduced in the video:
https://www.the-kansai-guide.com/ja/article/item/20020

Discover the charm of travel:
https://www.the-kansai-guide.com/ja/article/item/20024/"
91SJsDIKoYo9rLiW9GVEA,https://www.youtube.com/watch?v=S6dGBWWWXZU,EN,大門酒造(DAIMON BREWERY),
wprv9uP64QqXBDrOOqmZG,https://www.youtube.com/watch?v=ZufBjCzOc40,EN,"Spiritual KANSAI , Digest 繁体字","The world begins to breathe and around the KANSAI, a region where is filled with hospitality, echoes of a forthcoming journey are already beginning to appear. Spiritual KANSAI. KANSAI area is the Mecca of Japanese spirituality."
CnTf1GelLR2oo2Tepx3bs,https://www.youtube.com/watch?v=ofVA663r7g4,EN,"Spiritual KANSAI ,  Digest 簡体字","The world begins to breathe and around the KANSAI, a region where is filled with hospitality, echoes of a forthcoming journey are already beginning to appear. Spiritual KANSAI. KANSAI area is the Mecca of Japanese spirituality."
rzS-xreh1yMGqkE7K-DfF,https://www.youtube.com/watch?v=qQLFqTyz-Mg,EN,Zen Meditation Experience in Japan ／ 座禅体験編,Learn more about KANSAI: https://www.the-kansai-guide.com/en/
C_7oDPyTjGycfxbjKknPQ,https://www.youtube.com/watch?v=FgFBx0o5eB8,EN,"Spiritual KANSAI , Onsen 簡体字","Feel across your entire body the blessings of a culture that has remained firm for more than a thousand years – hot springs, local cuisine, and Japanese sake – finding release from the exhaustion of everyday life and providing energy for tomorrow while relaxing and refreshing both body and mind."
vgE9LUOikbjhhXkJwoWPh,https://www.youtube.com/watch?v=RpEpxBEpRmw,EN,"Spiritual KANSAI , Onsen 繁体字","Feel across your entire body the blessings of a culture that has remained firm for more than a thousand years – hot springs, local cuisine, and Japanese sake – finding release from the exhaustion of everyday life and providing energy for tomorrow while relaxing and refreshing both body and mind."
lJAwNZBpK3tNbSiXP1Da3,https://www.youtube.com/watch?v=QepXTwy6Kb4,EN,"Spiritual KANSAI , Bushido  繁体字","Experience the traditional Japanese martial arts for yourself, as the blacksmith pours his soul into beating the steel before your eyes, fire sparks flying as a shining sword takes shape. Then climb a massive, beautiful castle keep, learning the fortitude to live a pure and honest life."
RgPYLd-cyl_GB6fRs5MsB,https://www.youtube.com/watch?v=2BFh110BROU,EN,スピリチュアル関西、心,"Seeing all of these unique Japanese expressions of giving thanks and traditional arts with your own eyes will allow you to feel the passion, mental fortitude and the solemn weight of history that accompanies them which have been passed down from generation to generation."
m6ceLWiBS6CQZBJo5K4qR,https://www.youtube.com/watch?v=6na_ajyrUQQ,EN,スピリチュアル関西、心,"Seeing all of these unique Japanese expressions of giving thanks and traditional arts with your own eyes will allow you to feel the passion, mental fortitude and the solemn weight of history that accompanies them which have been passed down from generation to generation."
EMzDtAvk_hN2-4hZJfIAp,https://www.youtube.com/watch?v=OewLkuSnVdQ,EN,"Spiritual KANSAI , Wabi Sabi   繁体字","Visit a beautiful Japanese garden, dress in a formal kimono, and try preparing some tea; or perhaps visit one of the villages of old-and-simple homes that can still be found across Kansai. Finding order and respect among simple things, and a pure beauty in something old - these are the moments that you feel 'wabi-sabi.'"
H_FOfIjOmU43O4O2WKF2G,https://www.youtube.com/watch?v=Sj_JKdfI6Kw,EN,"Spiritual KANSAI , Wabi Sabi   簡体字","Visit a beautiful Japanese garden, dress in a formal kimono, and try preparing some tea; or perhaps visit one of the villages of old-and-simple homes that can still be found across Kansai. Finding order and respect among simple things, and a pure beauty in something old - these are the moments that you feel 'wabi-sabi.'"
yeDO2_Fyc3eayUAsg5v-1,https://www.youtube.com/watch?v=a02s5HNWX_k,EN,"Spiritual KANSAI , Bushido   簡体字","Experience the traditional Japanese martial arts for yourself, as the blacksmith pours his soul into beating the steel before your eyes, fire sparks flying as a shining sword takes shape. Then climb a massive, beautiful castle keep, learning the fortitude to live a pure and honest life."
Wb9gtrfMUgmqIC8vlVxK1,https://www.youtube.com/watch?v=sgbQKxFUvl0,EN,"Spiritual KANSAI , Pilgrimage  簡体字","If you choose to walk the entire route - which takes a number of days - you can hope to find harmony with nature and a new respect for those who have come before you. Then you may connect with your inner self, discovering a new life and new values, and being reborn in nature. This is the kind of spiritual experience that awaits you in the mountains."
bAdS9vrWZsf3FBVlw5mcK,https://www.youtube.com/watch?v=2ZQh8ZE7CwI,EN,"Spiritual KANSAI , Pilgrimage   繁体字","If you choose to walk the entire route - which takes a number of days - you can hope to find harmony with nature and a new respect for those who have come before you. Then you may connect with your inner self, discovering a new life and new values, and being reborn in nature. This is the kind of spiritual experience that awaits you in the mountains."
VhAkhRkdCKxyjbU1yFT2q,https://www.youtube.com/watch?v=z_ELTcQKxiE,EN,"Spiritual KANSAI , Meditation   繁体字","In a large temple, with a beautiful garden, rich history, and a gentle breeze, adopt the special seating position for Zen meditation; hold a writing brush, face the Japanese paper, and express what lies within your heart by writing; then have a delicious meal that brings you the blessings of nature. Learn about the spiritual culture of Japan while rediscovering your own perfect balance between body and mind."
RI9KauwNPilRxx1wXUhPS,https://www.youtube.com/watch?v=ZZ2eMyuyFKk,EN,"Spiritual KANSAI ,  Meditation   簡体字","In a large temple, with a beautiful garden, rich history, and a gentle breeze, adopt the special seating position for Zen meditation; hold a writing brush, face the Japanese paper, and express what lies within your heart by writing; then have a delicious meal that brings you the blessings of nature. Learn about the spiritual culture of Japan while rediscovering your own perfect balance between body and mind."
U0PkXuuHUTKtMQ8rJu3yM,https://www.youtube.com/watch?v=Rn9ZSIVgBB8,EN,Let's go Shopping in Japan ／ 買い物編,Learn more about KANSAI: https://www.the-kansai-guide.com/en/
I1A9hlqXaFnOSj811hphW,https://www.youtube.com/watch?v=mNMnNYmzklk,EN,Knowing Where to Smoke ／ 喫煙場所編,Learn more about KANSAI: https://www.the-kansai-guide.com/en/
s8j5Ev--f2xgkVboOdX68,https://www.youtube.com/watch?v=CyMSZlR734w,EN,What services are available at Convenience Stores? ／ コンビニ編,Learn more about KANSAI: https://www.the-kansai-guide.com/en/
wGFrozoP7cl6nA0eEpRQV,https://www.youtube.com/watch?v=Oegch__-PeQ,EN,Keeping Japan Clean ／ ゴミは捨てない編,Learn more about KANSAI: https://www.the-kansai-guide.com/en/
XwB_KY3ayM_cGPT4FSN28,https://www.youtube.com/watch?v=URoQf1Kpkik,EN,Taking Photos in Japan ／ 撮影編,Learn more about KANSAI: https://www.the-kansai-guide.com/en/
0SfZRVw0BWMm_NnhCvg-b,https://www.youtube.com/watch?v=9SBjDB31Y3w,EN,Worship Chapter / お参り編,
fb9b2YgpjZDBOBLmM6f9G,https://www.youtube.com/watch?v=DdfA9wz1trU,EN,Experience Sento(Public Baths) in Japan ／ 銭湯編,Learn more about KANSAI: https://www.the-kansai-guide.com/en/
1ub9DvviUqfGQTiSgBHEN,https://www.youtube.com/watch?v=EZNMV30WEx0,EN,쇼핑편 ／ 買い物編,
KxMCXjqndky1k2KXE0B8c,https://www.youtube.com/watch?v=TBgrvmyRi88,EN,Things you can do at Japanese Shrines ／ お参り編,Learn more about KANSAI: https://www.the-kansai-guide.com/en/
skCf-xgN7CiKHHveoUPMz,https://www.youtube.com/watch?v=G4AzDlVh1es,EN,Matsunoyama Sustainable Dining in 美人林 2023,"Sustainability. An example of this remains in Japan's satoyama. The activities of the satoyama have been repeatedly disrupted and threatened by relentless heavy snowfall, yet they have risen again, inheriting the tradition while coexisting with nature. Matsunoyama Dining reconstructs this grand satoyama story through cuisine by the world-renowned 'TAKAZAWA'. This summer marks the fifth time that the satoyama story is told by 'TAKAZAWA', with special sponsorship from 'TELMONT', a French Champagne that supports the sustainable environment of the snow country.

Niseko 'TAKAZAWA' Chef Yoshitaka Takazawa / Nishiazabu 'Ma Cuisine' / Chef Ayasuke Ikejiri / Setagaya 'Signifiant Signifie' Chef Katsuaki Shiga / Shintomi Town 'Coulis' Chef Ryoma Orikasa / Sake Inn Tamakiya Chef Akira Kuriyama / Hinano Yado Chitose Chef Masamichi Yanagi

Special thanks: Hinano Yado Chitose / TAKAZAWA / Ma Cuisine / Signifiant Signifié / Coulis / Sake Inn Tamakiya / TELMONT / Snow Country Tourism Area / Matsunoyama Onsen LLC Manma / Tokamachi City Tourism Association"
iJMUQ_3aKC8W63npV9-g-,https://www.youtube.com/watch?v=z6RWBSNfZvU,EN,Snow Country Tourism Area Offers You a Unique Journey,あなたは旅になにを求めますか？自らの見識を広げる経験。地域社会や環境への配慮。本来の自分に戻る時間。旅に求めるものは、きっと人それぞれ。お気軽に雪国観光圏に相談してみてください。雪国の自然や文化に根ざした本物の体験交流のなかから、あなただけの旅を組み立てて、ご提案します。
pbvAPzbnBJqGxojcGLRPE,https://www.youtube.com/watch?v=LwvtkQ6Z2Kk,EN,多様性の中の調和 / 雪国のエコロッジ日本,"Ensuring there is a Snow Country 100 years from now. Our wish is for travelers to experience the way in which diverse things exist as they are and coexist, without losing their diversity."
HgVijJpR_VanYSUPLMk-D,https://www.youtube.com/watch?v=BL7J4KGAIDk,EN,Matsunoyama Dining in 美人林 2022,持続可能性。そのお手本が日本の里山には、いまもなお残されています。里山の営みは、容赦なく降り続く豪雪によって、幾度となく寸断され、脅かされ、それでもまた立ちあがって、自然と共存しながら受け継がれてきました。その壮大なる里山ストーリーを、世界の「TAKAZAWA」が料理で再構築する松之山ダイニング。「TAKAZAWA」によって語られる里山ストーリーは、今年で4回目になります。この夏は、いったいどんな物語を魅せてくれるでしょう。
0SJAKh9YDAPcJ9lC22K3x,https://www.youtube.com/watch?v=ZuM7ke5BsZE,EN,雪によって形作られた生活 - 雪国の持続可能な価値「里山・ローカルガストロノミー・温泉」,"The nature, culture, and life of snow country - The value that can only be experienced in snow country: 'Satoyama, local gastronomy, Onsen'"
o9Hhymn7OYeIdlgGAsKMZ,https://www.youtube.com/watch?v=7P_-3gj9n1A,EN,雪国に滞在する - 雪国でしか体験できない価値「里山・ローカルガストロノミー・温泉」,"Staying in the snow country - Sustainable value of Snow country ""Satoyama, local gastronomy, Onsen"""
lZvH0Ixe9TKhzM5O9lLIn,https://www.youtube.com/watch?v=8KtPh5V0Wz0,EN,シェリーウイーク - 雪国でしか体験できない価値「里山・ローカルガストロノミー・温泉」,"Sherry Week - Sustainable value of Snow country 'Satoyama, local gastronomy, Onsen'"
txqwFi-UmddIZclmFVjy5,https://www.youtube.com/watch?v=z1S1V051_zc,EN,松之山ダイニング - 雪国でしか体験できない価値「里山・ローカルガストロノミー・温泉」,"Matsunoyama Dining - Sustainable value of Snow country ""Satoyama, local gastronomy, Onsen"""
Gr5A-CY2zQFqUTU_FK_bt,https://www.youtube.com/watch?v=dd3rc0YMmW8,EN,A Hidden Inn Surrounded by Nature in Joshinetsu Kogen National Park,文化財に指定された木造の建物で、伝統的な旅館の風情を味わえる。自然に湧き出る温泉を維持していくためにモニタリングを行い、持続可能性に配慮した経営をしている。周辺の国有林の生物多様性復元を目指す取り組みにも参加している。
HU9gyIFIVdY-13ckByM05,https://www.youtube.com/watch?v=g94OhXulMcE,EN,SHERRY WEEK IN 松之山温泉,"On 11 November 2021, the Sherry Week event was held at Matsunoyama Onsen in Tokamachi, Niigata Prefecture. Through the black symbol of contemporary art, Matsunoyama Onsen has a deep connection with Osborne, Spain's leading sherry brand."
8lLFW0Cq50Ny5A-1oZvI_,https://www.youtube.com/watch?v=331JY15uuPI,EN,松之山湯けむりダイニング by TAKAZAWA,"On 12 November 2021, Matsunoyama Dining took place in Matsunoyama Onsen, Tokamachi City, Niigata Prefecture. This is a one-night-only dining experience where you can enjoy the unique gastronomy of Matsunoyama while walking around the hot spring resort."
NSSfCJAMt-k_iItSIAi6n,https://www.youtube.com/watch?v=xaXa4GJ7J8I,EN,Shiga Prefecture Aisho Town Tourism Promotion (History and Culture Edition),"□歴史文化編
A story that can only be found here
A journey tracing ancient memories"
z0v0aQeJi7PxP7OcDv5hV,https://www.youtube.com/watch?v=-jYOYAMOYBo,EN,【Trip to Hokkaido】IWAMIZAWA Promotion Video Vlog Full Daily Life + αの岩見沢のタノシミカタ。,A 'little good travel experience' that seeks daily life + α on a trip to Hokkaido
9ApkVddx_w8ehYqPbzqyN,https://www.youtube.com/watch?v=y8PpL9PYzcM,EN,Trip to IWAMIZAWA HOKKAIDO 　PV_vlogショート　日常＋aの岩見沢のタノシミカタ。（北海道旅行in岩見沢 PR動画）,"Aiming for a little extra in daily life during a trip to Hokkaido, we present the IWAMIZAWA promotional video! (Short version Vlog) Four people travel while enjoying the real Iwamizawa to the fullest. This is a sightseeing movie that makes you think, 'I want to travel like this...' The promotional video (short digest) includes cuts not found in the full version, so please check out the full, short, and digest versions. We hope that the scenery, air, things, experiences, and encounters with charming people in Iwamizawa will make everyone's trip (sightseeing) special. Let's go on a trip to Iwamizawa, Hokkaido."
aRl39oi5GPed0Ue_XSQ7A,https://www.youtube.com/watch?v=yK37I8szutY,EN,Sekimatsuri 2025 Parade Stage🥁♪,令和7年4月19日(土)関市の中心市街地を舞台に開催された「関まつり2025 パレードステージ」の様子をお届けします！👀🌟 ダンス、民踊、マーチングバンドなど、多彩な出演団体が沿道を華やかに盛り上げ、見応えたっぷりのパレードステージが繰り広げられました！ 熱気あふれる団体の一体感、ぜひ動画でお楽しみください✨
ezI271TJwh0IDu-zOo_W8,https://www.youtube.com/watch?v=m1bkjFWxwoY,EN,"Neputa Festival 2019 - Hirosaki, Aomori",ねぷたまつり２０１９の様子です。
UxAu-we6wlVKI5AlNffVH,https://www.youtube.com/watch?v=sqdc9lFKaOk,EN,Mie Prefecture Higashi-Kishu Tourism Promotion Video/Japan Travel,三重県の南部地域にある「東紀州」という地域を知っていますか？美しい自然、世界遺産熊野古道伊勢路、日本のはじまりと繋がる歴史を持つ東紀州地域へぜひ来てみませんか。
gqm6q832z3MzTIygZ1Gs8,https://www.youtube.com/watch?v=6WCw1wv8bco,EN,Looking back on 2021 with instagram photos,"★日本語のキャプションは上記にあります★

This slideshow is made up of wonderful photos posted on Instagram with #ecomeonhirosaki by locals and tourists who love Hirosaki.
Please take your time to view the beautiful seasonal scenery and other hidden spots of Hirosaki city."
KBxnKHR02llCcyS9lYf9k,https://www.youtube.com/watch?v=0mGSAjgl0Wg,EN,仁淀川の四季,"The miraculous clear stream - Niyodo River. Niyodo River in Kochi Prefecture is called 'Niyodo Blue' for its transparency and blueness, captivating the hearts of visitors with its beauty throughout the four seasons. Enjoy the mystical natural landscapes, the lives of the people in this region, and the traditional rituals that have been passed down in the area. This video features precious footage taken over many years by nature photographer Nobuyuki Takahashi, except for some parts."
wYdrlBaqi1iGuAV_q_I-T,https://www.youtube.com/watch?v=WGfHghDWODs,EN,NIYODO BLUE!　～春が近づいています。～,"Spring is around the corner. In the spring of the Niyodo River, the Niyodo Blue is accompanied by blooming peach and cherry blossoms, allowing you to enjoy a colorful landscape."
p5Z9_rZmquaasAwHmjXEI,https://www.youtube.com/watch?v=oV5KB_RNeX0,EN,Kochi Prefecture Niyodogawa Area PR Video: 'Ultimate Blue Edition',“だけど、たまには悪くない” 多忙な毎日、日常の制約、将来の事。多くの人がストレスや不安を抱え日々を過ごしているなか、仁淀川はそんな時、ふと訪れると、誰でも心解き放たれる不思議な場所。あなたも「究極のブルー」をその目で確かめに仁淀川へ訪れてみませんか？
S2WOA4JS2s8j3k2sH0Wjr,https://www.youtube.com/watch?v=FzL48bjx_T0,EN,Niyodo Blue Girls' Trip Ver2,仁淀川流域にて”女子旅”を提案します。美味しいものを食べて、癒される景色を見て、非日常な旅を！
OcrJeupvstIVdBPLS0HYs,https://www.youtube.com/watch?v=dCOf070SB60,EN,Niyodo Blue Girls' Trip Ver1,仁淀川流域にて”女子旅”を提案します。美味しいものを食べて、癒される景色を見て、非日常な旅を！
HK69CVcRzBOJCBDvQLjVv,https://www.youtube.com/watch?v=AnLCEhcO6LM,EN,Dramatic Waterfall with Negative Ions: 'Uryu Falls',中津渓谷の入口から３０分程で行くことが可能です。
ghnah_p9PzjtqXJtFhSdk,https://www.youtube.com/watch?v=nPUA3oFRLMo,EN,Kochi Niyodo Blue Ride GREAT EARTH,日本一の清流・仁淀川を巡るサイクリングイベント、GREAT EARTH 高知仁淀ブルーライド。仁淀川流域の美しい風景の中を走り、エイドステーションでは美味しい地元料理も楽しむことができます。
CgTtl-A9RRDImmVGzIbdm,https://www.youtube.com/watch?v=RfW20n5jNcg,EN,Kawagoe - 川越 -,A journey through time for two people
s7eEN38ep-w4Uv5dqg1B5,https://www.youtube.com/watch?v=l_tXqMICEQ0,EN,KAMAKURA - 鎌倉 -,There is a journey to enjoy time in Kamakura.
NrMyKs4r-VyEhqs6snAbi,https://www.youtube.com/watch?v=yCsRCq0MYwQ,EN,【盆踊り編】よみがえる下風呂小唄 〜下風呂温泉郷のいま〜（青森県風間浦村）,"The 'Shimofuro Kouta', which was once sung in the hot spring village but forgotten over time, has been revived through a project that added accompaniment to the song, which was barely preserved through oral tradition. In the summer of 2022, the newly recorded 'Shimofuro Kouta' was choreographed by the members of the 'Shimofuro Onsen Okami Association', consisting of the innkeepers of the hot spring village. It was first unveiled at the 'Shimofuro Onsen Summer Night Market Festival' in the summer of 2023, marking its revival as a bon odori of the hot spring village."
2cMwbEnALbllPbVcLYEjG,https://www.youtube.com/watch?v=pjafwWT8PRk,EN,2025 Edition 🌊 Gotenba Water Turtle House Opens on 07/05/2025!,津市御殿場海岸に日本最大のウォーターアスレチックがあるのをご存知ですか？駐車場も完備（約2000 台）、アクセス抜群のアクティビティです🏖 OPEN から3 年、毎年施設はパワーアップしています。小さいお子様から大人まで、十分楽しめるウォーターアスレチック。BBQ 施設や海の家もあり、丸一日のんびりすごせます。厳しい今年の夏、一度出かけてみませんか？御殿場　ウォーター亀ハウス◆◆ 2025/07/05(土)～09/23(火)祝 営業時間　9:00～16：30（最終受付） 詳しいレポートは観光三重サイトをチェック ⇩⇩⇩⇩⇩ https://www.kankomie.or.jp/report/1531 @kankomie_2nd 公式アカウントはこちら！(予約もできます) ⇩⇩⇩⇩⇩ @gotenbawater #海上アスレチック #御殿場ウォーター亀ハウス #まる三重ちゃんねる #観光三重 #夏休みのおでかけ
pPofYtrAnWFmo3_89Prdy,https://www.youtube.com/watch?v=TaqeMJibAkw,EN,【お茶屋さん直営店🍵「深緑茶房」のお茶とスイーツで爽やかな夏を🍃】,"If you think this is interesting, please comment '🍵' if you want to go!

At 'Shinryoku Sabo' Iinan Main Store, directly managed by a tea farmer producing Ise tea in Matsusaka City, Mie Prefecture, you can enjoy freshly brewed tea, Japanese sweets that go well with tea, and sweets made with tea 🍡

The popular shaved ice is scheduled to be served from July 19 to August 24, 2025, but the cold Ise tea and sweets that color the beginning of summer after the new tea season are also attractive 🍵"
qseJ3F4GoLaeLR6y3Y297,https://www.youtube.com/watch?v=avcnrh5Z6PE,EN,GWでも混まない穴場スポット！三重県内の花と新緑おすすめ5選💐,"If you want to go, please comment with '💐'!"
zVw0e8zv9HaMziNoNIW3n,https://www.youtube.com/watch?v=H2y8LrAZS9U,EN,レインボーチタンの焼き色付け体験！「クラフトアルマジロ」,"Experience the unique rainbow-colored brilliance! Rainbow titanium coloring experience!

~・~・~・~・~・~・~・~・~

【Content】
💡 A rainbow titanium coloring experience unique to the motorsport town of Suzuka City!
💡 You can experience it at the factory of ""Craft Armadillo,"" which manufactures titanium products such as motorcycle racing mufflers.
💡 You can have a special experience that utilizes the characteristics of titanium, which changes color with temperature when heated.
💡 You can choose from several courses, such as cups, badges, and keychains.
💡 You can create a one-of-a-kind original titanium product.
💡 The staff will kindly teach you one-on-one, so it's safe for beginners and children.
💡 The sight of the titanium being heated with a gas burner and beautifully changing color is very mystical!
💡 After the experience, enjoy coffee time with a titanium cup!

【Tax-included reference price】
Titanium cup course: 19,800 yen
Titanium cup and handle burning course: 17,600 yen
Titanium keychain/badge course: 4,950 yen
Name engraving option: from 1,100 yen~

【Address】
Craft Armadillo
〒513-0836 Mie Prefecture, Suzuka City, Koku Town 7669-57

【Access】
🚃 From Kintetsu Nagoya Line ""Shirako Station,"" take a bus to ""Nara"" stop and walk 16 minutes.
　About 17 minutes by taxi from Kintetsu Nagoya Line ""Shirako Station.""
🚗 About 20 minutes from Tomeihan Expressway ""Suzuka IC.""
⭐️ For more details, check the profile link ⭐️

~・~・~・~・~・~・~・~・~

■Mie no Imakoko Travel■
With the concept of ""Let's visit Mie to enjoy experiences that can only be found now and here,"" we propose a new form of travel called ""Mie no Imakoko Travel.""
We provide experiences that have never been seen before.

Photography & video production Mie Travel Ambassador @atunti2

#Tourism Mie #kankomie #visitmie #Mie Prefecture #Suzuka #SUZUKA #Motorsports #Titanium #Rainbow Titanium #Craft Armadillo #Titanium Coloring Experience #Experience #Titanium Blue #Workshop #Factory Tour #Mie Tourism #Mie Travel #mie #japantrip"
8lp8bqYNiiLSMUTelyf1a,https://www.youtube.com/watch?v=lA8LVvN2qDs,EN,Eternal Prayer - Sustainable Tourism in Mie - 15 seconds version,【とこしえの祈りを込めて　それは、未来にやさしい旅。】
1GusDcAwLPp6dkpUnckQy,https://www.youtube.com/watch?v=PX-dthPzgHQ,EN,合格祈願に最適！日本で唯一の頭の神様！,"If you want to go, please comment '⛩'!"
dS63ZqVobcWWqO7EnKMw_,https://www.youtube.com/watch?v=CD69N0irlEk,EN,ワンランク上のグランピング体験ができる！「LUXUNA伊勢志摩」,"LUXUNA (Laguna) Ise-Shima is located about 200 meters from Goza Shirahama in Shima City, Mie Prefecture.

- Private space with the sea right in front
- Comfortable glamping experience without the hassle
- Abundant marine activities 🏖️
- Tent sauna to relax in nature
- Luxurious BBQ to enjoy the blessings of the sea in Ise-Shima 🦐🍖
- Bonfire at the fire pit 🔥
- Free dessert served

You can spend the best time here! ☺️

Why not visit LUXUNA Ise-Shima this summer? 💓

There are also activities for day visitors!

Details are also introduced on Kankou Mie 👇
https://www.kankomie.or.jp/report/1785

📍 878 Goza, Shima City, Mie Prefecture
📞 0599-77-7500
🅿️ Parking available (free)
　　* Free shuttle service from the regular ferry terminal [Wagu]
🚗 About 1 hour from Ise Expressway 'Ise Nishi IC'"
13XJS8XkNQ2knW_UI7G_l,https://www.youtube.com/watch?v=lieDgNjJVTc,EN,男女一緒に楽しめるサウナラウンジ「いなべ阿下喜ベース」♪,"A complex facility where you can enjoy hot springs, saunas, accommodation, and meals, 'Inabe Ageki Base' will open on April 11, 2024! The hot springs of the beloved Ageki Onsen Ajisai no Sato remain the same! The relaxing space unique to the sauna lounge is attractive 💗 Both sauna beginners and advanced users can enjoy it ✨ There is also a rental service for swimsuits, so you can come empty-handed! Be sure to visit with family, lovers, or friends! Details are also introduced on Kankomie 👇"
2xtZ7ovKnASJchs9103PY,https://www.youtube.com/watch?v=k0K_VePNekE,EN,World Heritage Registration 20th Anniversary✨#Kumano Kodo Ise Road's Charm Introduction🚶‍♂️,"👹大迫力の自然の造形 #鬼ヶ城
🪨美しい石畳 #馬越峠
🦁今にも雄叫びが聞こえそう #獅子岩
🌊#七里御浜 を歩く #浜街道

などなど、魅力的なスポットが盛りだくさん😆

GWは七里御浜で鯉のぼりが泳ぎますよ🎏

世界遺産登録20周年を迎える熊野古道にぜひ行ってみてください👍

熊野古道を紹介した特設サイトはこちら👇
https://www.kankomie.or.jp/special/kumanokodo/"
B-kFtA4-v6kuANmTlrMCp,https://www.youtube.com/watch?v=g-9qsKi6ttw,EN,【速報】#かざはやの里 の藤が見頃です！,"The wisteria at Kazahayano-sato in Tsu City, Mie Prefecture, is one of the representative wisteria spots in Mie Prefecture.

1800 wisteria plants of 10 varieties, including 'Shirokouhidanfuji', 'Murasakikouhidanfuji', 'Beni-fuji', 'Kuchibeni-fuji', 'Rokushaku-fuji', 'Kyushaku-fuji', 'Nagasaki-issai-fuji', 'Yaekokuryu-fuji', 'Kokuryu-fuji', and 'Shiranodafuji', bloom in 10,000㎡ of 10 types of wisteria trellises and 58,000㎡ of standing trees in the garden from late April to early May💜

Depending on the type of wisteria, some early bloomers have started to drop flowers, and there are many buds that will bloom soon☺

The seasonal flowers floating in the flower water are sure to be a great photo opportunity!

📅 April 13, 2024 (Sat) - May 6, 2024 (Mon) *Open every day
📍4096 Toki-cho, Tsu City, inside Ise Onsen Golf Club
⌚ 8:00 AM - 6:00 PM
🎫 Subject to change depending on blooming conditions
🚃 Shuttle buses operate from the east exit of Kintetsu 'Hisai Station' on weekends during the GW period
🚙 5 minutes by car from Ise Expressway 'Hisai IC', turn right at the Cosmos Shopping Center towards Kazahayai Pond, and turn left at the sign for the Social Welfare Corporation Seijukai 'Kazahaya'."
84Uq-hkfT9j8uZKeQSE6n,https://www.youtube.com/watch?v=Add0BDNICuQ,EN,速報！#津偕楽公園 の紫ツツジ🌸,"Many trees are in full bloom, and some have started to drop their flowers. Enjoy cherry blossom viewing as soon as possible! Due to the delayed cherry blossom blooming, the spring festival and lantern light-up have been extended. During the spring festival period until the 14th, you can enjoy gourmet food at the tea shop and both cherry blossoms and purple azaleas. In May, Hirado azaleas will start to bloom."
IKiwdwK0bLOB5or4WuKwZ,https://www.youtube.com/watch?v=up6PkpWvDbs,EN,Promenade shining in the sunset,"[夕焼けに輝く 散歩道]
It's lit up at night and looks fantastic...✨
--------------------
Mie Prefecture is a treasure trove of spectacular views✨
Please follow and take a look ❤􀀀"
70vBKqcr-m_M1qaYm-gQ4,https://www.youtube.com/watch?v=XzMZ-wQT9lc,EN,Only one flower embroidery charm in the world,[世界にひとつだけ 花お守り]
2BKIGJ99s70XetDcLtm-u,https://www.youtube.com/watch?v=4l0tMGeiCW4,EN,ダリア＠なばなの里 #kankomie,"Dahlia Festival
@Nabana no Sato, Nagashima Town, Kuwana
You can only see it now!
Nabana no Sato, one of Mie's best tourist spots
The Dahlia Festival is being held in full bloom at Japan's largest flower plaza✨
You can enjoy it until around the end of November every year.
Please come and visit us with your camera in hand😃📸"
txQ0gdbjWC1R8reFL175_,https://www.youtube.com/watch?v=X2GdwbPYn0Y,EN,America's West Coast!? A Hidden Cafe by the Seaside in Mie Prefecture!? #MarinaKawage,"【ココ知ってる？アメリカ西海岸!?海辺の穴場カフェ】

椰子の木に囲まれた港を眺めながら
海外旅行気分が味わえちゃう！
伊勢湾最大級のマリーナ河芸にあるカフェ【マーメイド】
人気スイーツはレアチーズケーキ✨
さっぱりとしたクリーミーさと
粗めのナッツが入ったザクザク生地が楽しめます！"
AMkXFJjC4Xr4weul4rgIh,https://www.youtube.com/watch?v=Eob4OGtCSbw,EN,Let's Travel Deliciously in Mie Prefecture with the Mie Food Travel Passport!,みえ食旅パスポートについての紹介動画です。
QeqgcewhzmtmAdeA-3bGy,https://www.youtube.com/watch?v=jbq6DT5sEFA,EN,何でも祈願できる？！　#彌都加伎神社,"【1300 years of history! A secret shrine where you can pray for anything】

In addition to good luck and financial luck, you can make many wishes at [Yato Kaki Shrine], including prayers for prosperous business and good matches.

In the wide precincts, there are many sights to see, including the [Yato Kaki Inari Shrine] lined with 22 red torii gates and the [Meoto Rock], which is recommended for praying for marital harmony!

Additionally, colorful Japanese umbrellas decorate the shrine grounds, and the seasonal flower chozui is also very popular! This is a shrine that is attracting attention right now ⛩✨"
s2VsxiWTDrtSYJuzbxULB,https://www.youtube.com/watch?v=d2VuRs0wkZc,EN,女性人気のパワースポット！　#椿大神社,"Any wish will come true!? The most popular power spot for women!

Pray to the god of love for a good match!
[Tsubaki Shrine] As a power spot for good luck, worshipers from all over the country keep coming.

The god of love is enshrined at Tsubakigishi Shrine, a separate shrine.
If you are looking for a happy marriage and marriage, this is the place! and
It seems to be supported by women all over the country 💖

Furthermore, Kanae Falls, which flows next to Tsubakigishi Shrine,
It is said that your wish will come true if you put it on the standby screen.
It is the most powerful power spot that is attracting a lot of attention right now!"
z_uVdkcx6hq3EgVxxht-V,https://www.youtube.com/watch?v=1Cb3Cc3SJvI,EN,知らなきゃ損！　#なばなの里イルミネーション,"【Don't miss it! This winter, you want to go!! Illumination curtain】 Flower-shaped lights shine and surround you in a fantastic space of light at [Nabana no Sato]. This season's new 'Drape of Light' lights up the wisteria trellis. Walk through the curtain of light that sways like wisteria flowers✨ The 100m long tunnel changes vividly in four colors, and its beauty makes you want to look at it for a long time💫 Have a romantic moment...♡"
_Fi1BXugJ-5LDf1BWFdwc,https://www.youtube.com/watch?v=Gi2Z_nUr0hI,EN,一度は食べたい！感動●●　#Marbre Lapin,"【I want to eat it at least once! Incredibly sold out ●●】If you don't go early, it will sell out quickly! A bakery with very popular croissants [Marbre Lapin]🥐The croissants are carefully made over three days. Baked in many layers, the crispy texture is irresistibly delicious 😋It has an open kitchen, which is rare in a bakery. Part of the fun is being able to see bread being made up close. Check here for more details👇https://marbrelapin.com"
IcCpOx6xRRSn0foZf975R,https://www.youtube.com/watch?v=FFTu-nqb2ks,EN,冬のイチオシ！老舗和菓子屋の絶品●●　#花乃舎,"【Recommended for winter! Established 150 years ago, the taste of a long-established Japanese confectionery shop is exquisite.】

Warm even in the cold winter ♨
Enjoy exquisite zenzai with a mild sweetness made using Tamba Dainagon red beans. Hananosha is a long-established Japanese confectionery shop that has been in business for over 150 years.

You can enjoy the taste of a long-established restaurant in the attached cafe space. Especially in winter, this exquisite zenzai is said to be an overwhelmingly popular menu item!

Besides, seasonal sweets and matcha set, shiratama, during the summer, you can also enjoy shaved ice and matcha ice cream."
7rPokdkuIjw8TLtbO59SN,https://www.youtube.com/watch?v=K7fnvaql9_o,EN,受験に”勝つ”！　#勝速日神社,[You are sure to pass! “Win” the exam! A shrine where the god of victory resides]
B4WqC9yPM5vt-GTqb4Eso,https://www.youtube.com/watch?v=VS13q3l3cVw,EN,開運を導く神様が宿る！　#椿大神社,"A god who guides good luck dwells! Power spot. Japan's oldest shrine rising in the forest. Tsubaki Shrine has been affectionately known as 'Tsubaki-san' since ancient times. It enshrines Sarutahiko Okami, known as the god of good luck. Many people pray for traffic safety, good health, and good business. The approach is lined with trees and a sacred atmosphere flows through it. In winter, camellia flowers bloom all over the temple grounds. The natural beauty that can be seen throughout the seasons is also one of the major attractions. There is also a matchmaking shrine and a power spot for fulfillment in love within the precincts! I would like to visit the shrine at the beginning of a new year."
N-Wjp6jW4Pjx1EFRAF9tX,https://www.youtube.com/watch?v=EEACM94HGF4,EN,日本でココだけのおもしろ動画施設！　#GINGAGA,"[If you don't hurry, it will end! Funny video facility only here in Japan]

You can try it until January 14th (Sunday)!
[GINGAGA] located in Jazz Dream Nagashima is
A popular spot where you can take fun videos using your smartphone ✨

It's very popular because you can use your smartphone to take videos of yourself pretending to be a monster that
has invaded from outer space!
Please try shooting the best videos to record your child's growth or commemorate anniversaries 😊

It's inside Jazz Dream Nagashima, so it's also recommended for going out on rainy days!

Check here for more details👇
https://gingaga.jp"
rY0jqdzr--Fjsd6trWs_E,https://www.youtube.com/watch?v=5WMYaloOK-4,EN,Instagram映え必至の花手水！ #金井神社 #花手水 #観光三重 #vlog #三重,"Recommended for New Year's visit! Colorful shrine with colorful flowers and windmills. It is popular for being colorful and photogenic! Kanai Shrine has a gorgeously decorated precinct. A historic shrine that has been in existence for over 800 years. Flower chozui is made with plenty of flowers that change with the seasons. It is maintained every day, and the types of flowers and decorations change little by little! Also, instead of votive tablets, there are windmills with wishes written on them. The gorgeous precincts are also one of the highlights. A shrine that soothes the body and soul, Please come and visit the shrine at the beginning of the year. Check here for more details: https://www.kanaijinjya.com. Kanai Shrine, 911 Kitaganai, Inabe-cho, Inabe City, Mie Prefecture. All the sightseeing in Mie Prefecture is here!"
4L3pS5MXatb2E67sPu6t7,https://www.youtube.com/watch?v=oIPDHldP8mE,EN,薪火で焼く！ホットドッグ！ #観光三重 #vlog #三重,"【薪のいい香り！噛んだ瞬間 肉汁があふれるホットドッグ】Both the sausage and bread are baked over a wood fire, so they are fragrant! ""Meat Processing Shop FUCHITEI"" is located in Nigiwai no Mori next to Inabe City Hall. A shop where you can eat exquisite hot dogs 🌭The juices that overflowed from the homemade sausage the moment you bit into it. It catches the baked bread without missing anything✨The owner's commitment is not to use additives. In addition to sausages, pate and terrine are also made in the shop's workshop 🧑🍳Check out the HP here👇http://www.fuchitei.com/index.php📸Meat processing shop FUCHITEI📍31 Ageki, Hokusei-cho, Inabe City, Mie Prefecture@fuchitei.inabe...All the sightseeing in Mie Prefecture is here!→→→ @kankomie"
fr8E9Tc20SxmJWNwkygws,https://www.youtube.com/watch?v=h2YW0zntY2Y,EN,感動の光のトンネル,"Impressive tunnel of light “Nabana no Sato Illumination” Especially recommended in winter! The “Tunnel of Light,” which has been selected as a Japan Night View Heritage Site and one of the world's most spectacular views. The “Taiga of Light” with spectacular water illuminations, etc. Japan's largest illumination lights up the night sky✨ A vast garden surrounded by colorful light Perfect for a date with a magical atmosphere or for making memories with your family! Have a romantic moment...♡ Check here for lighting hours👇"
JknjFxNHk9wl7yuRN8tqL,https://www.youtube.com/watch?v=DYYvwZ0VKXw,EN,クマ型の最中がキュート！#東海道関宿 #gute #観光三重 #vlog #三重,"This is the only place you can eat it in Japan! ""gute"" 📍Tokaido Sekijuku/Kameyama City Sekimachi @gute.___ Located in Sekijuku, which is popular for its retro streetscape. A stylish Japanese cafe in a renovated old folk house. Actually, it's a store specializing in cute bear-shaped monaka✨ A dish of lightly sweetened bean paste wrapped in freshly grilled crispy skin. Recommended for eating while walking or as a souvenir! This is a shop you should definitely stop by when sightseeing in Sekijuku 🐻 .... All the sightseeing in Mie Prefecture is here! →→→ @kankomie"
CtDZErJp9r8rQHYHud6_I,https://www.youtube.com/watch?v=5fR5C8mNf3U,EN,Japan's First Filming Entertainment Facility Has Arrived✨ #GINGAGA,体験できるのはココだけ！「GINGAGA -SPACE MOVIE STUDIO-」📍桑名市長島町ジャズドリーム長島＠gingaga_jp友達やお子様との思い出作りにオススメ！スマートフォンを使って誰でも簡単に映像クリエイターのような動画撮影が楽しめる日本初の撮影エンターテインメント施設が上陸✨観光や旅の思い出を最高の動画にしませんか？2024年1月14日（日）までの期間限定オープンです📢 ▼▼▼▼▼▼▼▼▼▼▼▼▼▼▼三重県の観光はすべてココにある！→→→ @kankomie
rs8kg6t-IUmK9kGtPxt-E,https://www.youtube.com/watch?v=UFvspRZM-q4,EN,Iga Ninjaをイメージして作られた名物【本流 霧隠れうどん】#池澤湯,忍者の里・伊賀で立ち寄るならココ！「うどん屋 池澤湯」 📍伊賀市上野 メディアにもよく取り上げられる三重県の人気店✨ 伊賀忍者をイメージして作られた名物【本流 霧隠れうどん】は 真っ白のお出汁の中から真っ黒な太麺が出現するんです！ 伊賀牛コロッケをトッピングするのがお店のオススメ😋 店内はたくさんの忍者グッズで外国人観光客にも大人気！ 家族旅行はもちろん、カップルやお友達でも楽しめる 伊賀を旅するには外せないスポットです💡 ▼▼▼▼▼▼▼▼▼▼▼▼▼▼▼ 三重県の観光はすべてココにある！ →→→ @kankomie
ZwEvd84KixmPBtS90b4IY,https://www.youtube.com/watch?v=b0JHCL_6T0g,EN,Tsu City’s Scenic Spot for Autumn Leaves! #Kawachi Valley,まさに今が見頃！紅葉の名所「河内渓谷」
w_nIfDQ7KkTRUvqjpZPbt,https://www.youtube.com/watch?v=NgdlLZngHRQ,EN,Three Latest Cosmos Fields in Mie in 2023🌼✨#kankokomie #観光三重 #三重コスモス,"Three Latest Cosmos Fields in Mie in 2023🌼✨

Mie Prefecture has many flower fields where you can enjoy a vast expanse of cosmos!
There are also photogenic spots that you can enjoy with friends, family, and pets💞
Be sure to visit the 'Cosmos Fields' that are perfect for autumn outings☺️

📍 Nabana no Sato  @nagashimaresort_official
#NabanaNoSato #DahliaCosmosFestival
📍 Shima City Tourist Farm  @shimacity_kankounouen
#ShimaCityTouristFarm #ShimaCityCosmos
📍 Tokotome no Sato Isshi
#TokotomeNoSatoIsshi #IsshiCosmos

In past posts, we have introduced more details, so please check those out too~💕"
LfqV1vSWEZoEIAMuNbkCL,https://www.youtube.com/watch?v=1u222GYzLaU,EN,日本で唯一ウミガメの水族館がある【道の駅】,"For a limited time!! Can you see the baby sea turtles that just hatched in August this year!? 😲 There is a roadside station with the only sea turtle aquarium in Japan 🐢 At the 'Sea Turtle Park', we raise and research sea turtles, and you can observe real sea turtles swimming through pools and underwater windows 👀✨ On the 2nd floor restaurant, we offer cute and delicious 'Turtle Curry' and more 🍛💕 Additionally, many events are held where you can interact with sea turtles!"
roJCozgDUCDAwEKgoNwCN,https://www.youtube.com/watch?v=Wf4m7CkLEKY,EN,【Mie Prefecture】Amazing Transparency! Beautiful Beach for Swimming②🌊【Chidorigahama】#kankomie  #MieTourism #Travel #sea,目前に広がる太平洋を望む、全長500ｍのロングビーチ。鳥羽市の千鳥ヶ浜海水浴場は、今年の５月に行われた三重県内の水浴場の水質調査でも、最も水質の良い AA に認定されるほど綺麗な海で、白砂のビーチ・海の透明度の美しさは鳥羽10景にも数えられるほど🥰
gH7rNqVTsaWAkLCD64_PP,https://www.youtube.com/watch?v=A1x32fbBz9s,EN,【July OPEN!】 A Museum of Food Art with Dishes by Top Chefs 🍽【Mie Prefecture】,"Congratulations on the opening! A new museum of food art, 'AT CHEF MUSEUM,' featuring dishes by top chefs, opened on July 24, 2023, at the popular complex 'VISON' in Mie Prefecture! Enjoy a variety of Japanese, Western, and Chinese dishes, sweets, and wines from 18 specialists, including 7 Michelin-starred chefs, at reasonable prices. Additionally, we have compiled popular gourmet options you must try when visiting VISON, such as soft serve ice cream from 'Gallery 泛白 uhaku,' Manhattan from '肉屋台 baraque,' and crispy shrimp tempura from '新兵衛屋.'"
UqhkOGt6cccIo532LitVX,https://www.youtube.com/watch?v=BhoGWFzBOrg,EN,話題沸騰！“モクモク”のクリームソーダ＠京口屋珈琲館☕,"The 'Mokumoku' cream soda is gaining popularity!? In a retro café, they offer stunningly beautiful sweets. The secret of Mokumoku is... dry ice. The owner's family runs a dry ice sales company, and they have been providing this style since opening. In addition to cream soda, coffee floats are also served with the Mokumoku effect. All sweets and food are handmade by the owner, and the lunch menu was also a great value...♡ *Desserts like pudding are served from 14:30."
z7ziZTGxhOxC6WQ4PE4ZJ,https://www.youtube.com/watch?v=mvhiBALJabg,EN,光り輝くネオンサインがSNSで話題沸騰中!?「一乃湯」,"――――――――――――――――――――――
The shining neon sign is causing a sensation on social media!?
Introducing a retro public bath with over 70 years of history.
As you walk through the Ueno castle town, you will see the neon sign of ""Ichinoyu"" standing out with its unique appearance!
The interior of the bathhouse feels like a time slip back to the Showa era. This overflowing retro feeling is irresistible 🥺✨
In July of this year, the operation that has been passed down for three generations since its founding was taken over by the ""Yutanami Company,"" a public bath succession group that has the motto of ""not letting public baths disappear from Japan."" We can't take our eyes off the evolving ""Ichinoyu"" that continues to adapt to the times 👀
*Photography inside the facility and bathhouse is done with special permission.
-------------------------------------------
📍Retro Public Bath Ichinoyu
@ichinoyu_iga
Inquiry▶070-3352-2440
Location▶1762 Nihinmachi, Ueno, Iga City, Mie Prefecture
Business Hours▶14:00〜23:00 (Reception until 22:30)
Closed▶Thursday
Parking▶14 cars
Access▶About 12 minutes on foot from Iga Railway ""Hirokoji Station""
-------------------------------------------
If you found this post interesting, please give it a ""like & save""! ♡ Details of each spot are also introduced on ""Tourism Mie""♪
#TourismMie ##Travel #DomesticTravel #Mie #MieTourism #PublicBath
#ConnectWithTravelLovers #JapaneseFood #TokaiPublicBath
#MieTravel #MiePublicBath #MiePrefecturePublicBath #Travel #Walk #TravelLovers
#TouristAttraction #TouristSpot #JapanTrip #MieSweets #IgaCity
#IgaPublicBath #RetroPublicBath #Retro #ShowaRetro
――――――――――――――――――――――"
f8wUc6A2SnNWrnoKjTuS5,https://www.youtube.com/watch?v=6yhXjzdy2M0,EN,Let's Play in Mie!!,三重県を構成する5つのエリアの体験メニューの中で人気のメニューをご紹介します♪非日常の「アウトドア体験」・「動物とのふれあい」・「手作り体験」・「グルメを堪能できる体験メニュー」等々五感をくすぐる体験動画を楽しんでください！！
quBelw_4D2jr4FXOND_AZ,https://www.youtube.com/watch?v=gIcEY3jDQp8,EN,楽しもう！三重国立公園～,"Mie Prefecture has two national parks and two quasi-national parks.

The 'Ise-Shima National Park' features the Ise Grand Shrine and a ria coastline.
The 'Yoshino-Kumano National Park' is characterized by deep nature and history.
The 'Suzuka Quasi-National Park' boasts good transportation and the Suzuka Mountains and Yunoyama Onsen.
The 'Muro-Akame-Aoyama Quasi-National Park' allows you to enjoy the grandeur of mountains connected by valleys.

Each park has its own unique charm.
Why not enjoy the nature that can only be found in Mie's national and quasi-national parks?"
mqZ-hAtU8mb7zwrs6z4nF,https://www.youtube.com/watch?v=iP657lPplw0,EN,Nabana no Sato Illumination [Drone Shooting] (Kuwana City) | Tourism Mie | Mie Prefecture Tourism and Travel Information,三重県桑名市の観光スポット「なばなの里」のイルミネーションをドローンで空撮しました！「なばなの里」のイルミネーションは、国内最大級のスケールと最高峰のクオリティで、毎年多くの観光客で賑わう人気スポットです♪
u5iSg8DoLN2JvihnaDk-e,https://www.youtube.com/watch?v=2xEu41hOnEA,EN,「FEEL VIBRATIONS」～“みえ旅”で感動を！～,Mie Prefecture collaborates with 'Discover Japan'! Feel as if you are actually traveling. Experience the unique 'VIBRATION' of Mie!
N8uTEMXfzax9anNPKkYuB,https://www.youtube.com/watch?v=j8DQWtQlkJc,EN,Moment Capturer  ~あなたのストーリーになるでしょう~,"Mie Prefecture is rich in nature activities. You can enjoy leisurely cycling in the satoyama, relaxing sea kayaking in calm waters, and skydiving from a clear blue sky, among many other ways to have fun. We hope you visit!"
odUHmPkqMcKq5s4lvvT_0,https://www.youtube.com/watch?v=db0Ubjn0wwk,EN,Moment Capturer  ~あなたのストーリーになるでしょう~,"Mie Prefecture is rich in nature activities. You can leisurely cycle through the satoyama, enjoy kayaking in the calm sea, and experience skydiving from a clear blue sky, among many other ways to have fun. We hope you visit!"
LKEKu3CfGds_j1riwNiSy,https://www.youtube.com/watch?v=1KeVPfMYbw8,EN,A New Style of Tourism to Enjoy Ise-Shima with Nature and Activities that Rival Overseas Resorts,抜けるような青い空と吸い込まれそうな紺碧の海、開放的なスペースに美味しい食事、そしてマリンスポーツをはじめとしたアクティビティ。そのすべてが揃う観光の新名所。今までになかった“あるもの”を使った新しい観光のスタイルを紹介します。
LWxnHo_dvNxyZiMzVC7zN,https://www.youtube.com/watch?v=HgJvr8u5RJY,EN,Choshi River (ちょうしがわ: Mie Prefecture Kihoku Town) | Mie Prefecture's Favorite 'Usanosuke' Video | Official Tourism Mie,"A video series introducing Mie by the Mie Prefecture support character 'Usanosuke'. This spot was featured in an NHK special titled 'The River Where Invisible Things Can Be Seen - The Miraculous Clear Stream Choshi River', which received a great response."
cP9vCn4kMXyYqqFbebwCx,https://www.youtube.com/watch?v=JVwZO8UfwuY,EN,Introducing the Ominokai Center (Kumano City) | Tourism Mie | Mie Prefecture Tourism and Travel Information,"The Ominokai Center, located at the gateway to the World Heritage town of Kumano, Mie, is right next to the Kumano Owasu Expressway and the Kumano Oodai Interchange. It is a facility where you can experience all of Kumano, offering seasonal meals and local specialties. It is adjacent to the 'Oni no K城', which is part of a World Heritage site and a national natural monument and scenic spot, and is also close to the Kumano Ancient Road 'Matsumoto Pass', making it easy to enjoy a walk on the Kumano Ancient Road!"
IFoNdzO2dc4EHtIgdRgjs,https://www.youtube.com/watch?v=-LESUwy-Bls,EN,2019年4月5日オープン！「豪商のまち松阪　観光交流センター」を紹介します(松阪市)｜観光三重｜三重県の観光・旅行情報,"A tourist exchange center that comprehensively showcases various attractions of Matsusaka, including history, culture, and food, opened on April 5, 2019!

At the facility, you can learn about the history and cultural attractions of Matsusaka through exhibitions and video displays that incorporate the vibrancy of the Sangu Kaido, notable figures from Matsusaka, and Matsusaka merchants. You can also find information about tourist spots, local products, and restaurants in the city. By using the walking arrangement service (information terminal), you can create your own original sightseeing course.

As a guide for walking around the city, you can use the tourist exchange center to learn about history and culture, create your own route map, and then just enjoy yourself to the fullest! You can also buy souvenirs at the center, so please stop by again at the end!"
hWN1SUlEnWFmW3NxdqS0q,https://www.youtube.com/watch?v=TkQVFt0L7kM,EN,I visited the national scenic spot and natural monument 'Oni no K城' (Kumano City) | Tourism Mie | Mie Prefecture's tourism and travel information,"Oni no K城, a natural art formed by uplift, weathering, and wave erosion, stretches for 1 km facing Kumano Bay and is designated as a national scenic spot and natural monument. At the summit, there are ruins of a castle from the Sengoku period, and a hiking course is established that connects to the Kumano Kodo and Matsumoto Pass. From the observation deck known as the 'Oni's Viewing Platform,' you can see the entire Kumano Bay."
pJ9MqTSUAamEolQjtByjJ,https://www.youtube.com/watch?v=G5XCffB0wik,EN,2019年3月16日OPEN！フォレストアドベンチャー湯の山(菰野町)｜観光三重｜三重県の観光・旅行情報,"The first Forest Adventure in Mie Prefecture opened in Komono Town on March 16, 2019 (Saturday)! Experience the 'Zip Slide' over 100m long, the 'Tarzan Swing' from a height of about 10m, and the 'Double Zip Slide' where families, friends, and couples can share the exhilaration and sense of achievement together on the final course!"
0VgYeTqty4CZ5qqieFsVA,https://www.youtube.com/watch?v=N3LkNzaLcTQ,EN,Tourism Mie 2017 100th Anniversary November Recommended 20 Selections,秋の行楽シーズン真っ只中。11月に開催する三重県のおすすめスポットを紹介します。
S1Oe3IOFkUDdTUoX5OZb0,https://www.youtube.com/watch?v=3_Zi1z7ul0A,EN,Ushigō Festival,蒲生氏郷公を讃える盛大な祭りが三重県松阪市にて１１月３日に開催。蒲生氏郷公を中心に冬姫、甲冑姿の武士や鉄砲隊など、総勢約200名の武者行列がまちを練り歩きます。楽市楽座やステージイベントも行われます。
-gj8YwDbMpfOsZjiD8hAI,https://www.youtube.com/watch?v=6xpWXa5JItg,EN,Ise-Shima Everglades,アウトドアに『快適性、くつろぎ、優雅さ」を融合された上質なアウトドア空間、グランピング。プライベートカヌーで専用コースへ繰り出し、夕食は本格的アメリカンBBQを体験しましよう。
ie5hv3oYTbHZeaR2sFGVn,https://www.youtube.com/watch?v=M9PdUwt6ewQ,EN,「嵐」（ARASHI） 新ジェットコースターがナガシマスパーランドに登場！（三重県桑名市）【Full HD　1080p】,"The 4D spin coaster 'ARASHI' debuted at Nagashima Spa Land on March 10, 2017! It is an exhilarating roller coaster with unpredictable movements that have never been seen before."
naX9Vlkk2RtlMRKZLGcNT,https://www.youtube.com/watch?v=_cUYOV0vIlE,EN,Michi no Eki Kihō-cho Umigame Park,ウミガメを飼育研究しているウミガメ保護・啓発活動の拠点。ウミガメや紀宝町周辺にすむ生きものたちとのふれあいが楽しめる。ウミガメ達に餌をあげる餌やり体験も人気です。
rvpeNGVg2K0JKYmTeCQGz,https://www.youtube.com/watch?v=8fCkT-7MCsk,EN,Meet the Cute Dolphins: Toba Bay Cruise and Dolphin Island - Part 1,豪華遊覧船で鳥羽湾を優雅に遊覧！ かわいいイルカたちにも会える「鳥羽湾めぐりとイルカ島」　観光三重HP　取材レポートに記事を掲載しています。ぜひご覧ください。
TsakoEeNpULpuRkA_AOLw,https://www.youtube.com/watch?v=3oMAow0KdLk,EN,Gozaisyo Ropeway,御在所岳山上からの夜景も感動的です。期間限定で御在所ロープウエイがナイター運転を行います。昼間とは違ったちょっぴりロマンティックな空中散歩にお出かけください。
4fNbdEUgtAfTaGQyBXnyP,https://www.youtube.com/watch?v=UrPjFukydnk,EN,里創人熊野倶楽部,"A resort facility where you can experience the great nature of Kumano, including the World Heritage Kumano Kodo."
qvNqVixb-JZ4FqW140saH,https://www.youtube.com/watch?v=w55dzNZaUMg,EN,Suzuka no Mori Garden,カメラマンも魅了する梅の名所。八重咲き品種を代表する呉服枝垂を中心に名人とよばれる職人が仕立てた200本ものしだれ梅の名木が揃っています。
O54_eosx1zPh6QNWePad_,https://www.youtube.com/watch?v=r4sE0dsw0EA,EN,Iga's Hidden Inn: Yumoto Akame Onsen Taisenkaku,赤目四十八滝まで歩いて5分という赤目渓谷の入り口にある旅館です。地下1000ｍから湧く日本療養温泉規定認定の良質のアルカリ性単純温泉や伊賀牛をはじめとした郷土料理が満喫できます。
6io9-PPG5oiSqtPCDBvP8,https://www.youtube.com/watch?v=bki4UNm27hY,EN,First Sunrise at Gozaisho Mountain,2013年元旦、御在所ロープウェイに乗って御在所岳の山上公園で初日の出を見てきた時の動画です。
Scdp1E0OtxyzJColpma_y,https://www.youtube.com/watch?v=71FRH6CVtyI,EN,Gozaisho Mountain Ski Resort,御在所岳・スキーゲレンデ
IRdj4TPNnSUBWMc8pO0PI,https://www.youtube.com/watch?v=DwqbgPuBoAQ,EN,Guruguru Onigajo,天気がよかったので、七里御浜海岸をドライブして、鬼ヶ城をぐるっと回ってきました。大きな岩で迫力があって、熊野灘もキレイでした。
t86BcvxWe-G9pbSf7RR_1,https://www.youtube.com/watch?v=lhQUUKjcZmA,EN,Ouchiyama Zoo and Prime Resort Kashikojima,大内山動物園へ家族で行きました。色々な種類の動物に餌をあげられるので、子供達が大喜びでした。ホテルでは素晴らしい料理を堪能し、リゾート気分を味わいました。
QDjvWiDxq5w6Nx_EwA7BY,https://www.youtube.com/watch?v=OH9BD0y4UQM,EN,2012 Rose Fair is Ongoing!,イングリッシュガーデンのローズガーデンでは、107品種 1600株のばらが咲き誇っています。ばらの甘い香りが漂うガーデンで、優雅なひとときをお過ごしください。（5月末くらいが一番の見頃の予想）
uBYdu185QMvjHDytRVA1T,https://www.youtube.com/watch?v=BhKJu2TPX_Y,EN,Yokkaichi Banko Festival,四日市市陶栄町の萬古神社周辺で萬古まつりが開催されました
VDCiWWMUJY_e4Yb15rURU,https://www.youtube.com/watch?v=xH8zDna19pg,EN,Overview of Nagashima Spa Land!,スケールアップしたキッズタウンを含めた、ナガシマスパーランドの全景です！
7bzM82S2FXAXhVXjMCQeS,https://www.youtube.com/watch?v=ARn4KGOBexE,EN,I was healed at Ouchiyama Zoo,初めて行った大内山動物園でした。フレンドリーなヤギやポニーにやんちゃなおサル･･･以外にネコっぽいトラなど一日があっという間に過ぎました。楽しい一日の思い出です。
ZHn-ifCZ9RH56cRYJgovs,https://www.youtube.com/watch?v=wyIbsdejOL8,EN,Suzuka Circuit,春休みに開場５０周年の鈴鹿サーキットへ行きました。２歳児でも楽しめるアトラクションがたくさんあり、閉園までたっぷり遊びました。ぶんぶんのパンケーキやさんは子供達のお気に入りです。
xwkuzG84zXSqlwNioVgXb,https://www.youtube.com/watch?v=nFGrYXnBjuQ,EN,Children are having a blast! We went to Ouchiyama Zoo,大内山動物園に行ってきました。リニューアルしたのか、きれいでした。たくさんいて、小さい子どもがおおはしゃぎしてました！ トラは肉とともに、草も食べるそうで、びっくり。
gAYkNul7zZgA82_bLam-p,https://www.youtube.com/watch?v=qpUkzdVwPV0,EN,Self-Polishing Spot Mie - Minami-Ise Edition,南伊勢町の豊かな自然と一緒にスローライフ体験！絶景スポット、ハートの入江はカップルや恋愛成就を願う女性たちに人気！南伊勢きらりふれあいの会の浅井さん家では地元の鯛を使った鯛の塩釜焼き体験が楽しめます。
_1SWljADJ_0TiRuUilOdN,https://www.youtube.com/watch?v=HLcxtTyYres,EN,Self-Polishing Spot Mie - Iga Edition -,見て味わって作陶もできる！伊賀焼のショップをはじめ、江戸時代から使われてきた登り窯、建物、調度品に至るまでレトロな大正館など貴重な登録有形文化財を堪能。日常を忘れて過ごすロハスな時間に満足！
mL56M1rKXqBh5RUkzh7qw,https://www.youtube.com/watch?v=2AjAnDnIoZs,EN,Self-Polishing Spots in Mie - Digest Version -,ガイドツアーのココが魅力！三重には、地元を愛し、知り尽くし、その魅力を楽しく伝えてくれるガイドさんがたくさんいます。そんなガイドさんと一緒に、新しいワタシを見つける自分みがきの旅に出かけよう！
VfWa_013BC2_YZfn37bmT,https://www.youtube.com/watch?v=ZNvhv9DqLUc,EN,KINTETSU RAIL PASS 동영상,三重県の紹介
JavXsjE9vNmaTW7oIw576,https://www.youtube.com/watch?v=JB6LgQh9Zt4,EN,近鉄レールパス アニメ,Introduction to Mie Prefecture
b6Lr0Q_WgGBipEyQHlA-r,https://www.youtube.com/watch?v=GgtKyPEEvEs,EN,近鉄レールパスアニメーション,Introduction to Mie Prefecture
dpfpJ3ZW3vCRCKJMRjWNS,https://www.youtube.com/watch?v=U0TJa7TM2gc,EN,360-Degree Light Tunnel!,なばなの里に行ってきました。しかし、当日は雨。ションボリでしたが、暖かい光のアーチが続くイルミネーションが地面にも反射して、まるで３６０度の光のトンネル！とってもキレイでした。
JNO_nvLpuCJII-0KRaJIH,https://www.youtube.com/watch?v=_tbZdlW8Vnk,EN,◆Mokumoku Harvest Festival◆,もくもく手作りファームに出かけた際撮影しました。ちょうど収穫祭というイベントを開催していて、中でも「家畜追いダービー」がものすごく面白かったです！みなさん盛り上がってましたよ♪
YSE9qQW_yuF9WvqPuaVes,https://www.youtube.com/watch?v=uGVwfhRLL9k,EN,Mie no Midokoro Eetoko - Toba City Osatsu's Ama Goya Experience,みえのみどころええとこの取材で、海女小屋体験☆海女さんのお話しがとってもよかったです。このふれあいが、海の幸がより一層おいしくなりました☆
17y28r5iSQ4MmhBdMtnGK,https://www.youtube.com/watch?v=QmXvM43CX-w,EN,Energetic Anotsu Yosakoi!! Tsushima Festival☆,元気いっぱいの安濃津よさこいを見て来ました（＾＾）息の揃った演舞に感動しまくりで涙まで出ちゃいました（＊＾＾＊）小さな娘もおしりフリフリ踊っていました☆
DU23H9cVkEZs7y-dF7CPy,https://www.youtube.com/watch?v=K1rFpac4O_0,EN,Close! Steel Dragon at Nagashima Spa Land,大きくなったジャズドリーム長島に行ってきました。大満足でした！ナガスパのスチールドラゴンがすぐ間近を通って、迫力満点。
hoPi1BW3L_haxkzb6shgS,https://www.youtube.com/watch?v=19YU2nXUVq4,EN,I visited Fukuou Shrine!,福王神社に参拝しました。お昼には菰野富士に行き昼食。展望がよく、景色は最高でした。
IcReUylvfq965sggyA-Gg,https://www.youtube.com/watch?v=Id2-wbAlLjA,EN,Parque España Night Parade,ナイトパレードはきれいで楽しいです。フィナーレの花火も間近で見るから迫力満点でした。
CgtDu7w8qwO4Y5COVqGaw,https://www.youtube.com/watch?v=Kpg879_RDk0,EN,Mikimoto Pearl Island's Ama Show,ミキモト真珠島で海女さんのショーを見ました。ゴージャスな真珠の工芸品は、ただただすごいです。それに、海女さんのショーはとっても興味深かったです。
6Bskt8FwckVSRrLIBI6qQ,https://www.youtube.com/watch?v=6Acu24eRiW0,EN,Nagashima Spa Land Fireworks,ナガシマスパーランドの花火を見てきました☆迫力満点で、来年もぜひ見に行きたいです♪
MARgmQBF85dSxKhL4VvJp,https://www.youtube.com/watch?v=6w0gXhdY46Q,EN,Aoyama Plateau's Wind Turbines and Magnificent View,青山高原の風車を子供と見に行きました。穏やかな風だったのでいっぷく中でした。ちょっと曇りだったけど、海から山々の景色まで雄大でしたよ。
QFKb3FXCY2uyUUPKvV6HD,https://www.youtube.com/watch?v=qLzNa2aJnnQ,EN,Menard Aoyama Resort for Relaxation,家族でメナード青山リゾートに行きました。涼しい高原でゆったりのんびり過ごしました。ウッドクラフトがかわいいかった。またいきたいです。
5qWnB_vqHE1XgqHYQC3Gc,https://www.youtube.com/watch?v=NFgtgF2gT4U,EN,It's a turtle!,先日友人の子供たちと二見シーパラダイスに出かけてきました。初めて見る大きなカメに子供たちも大喜びでした♪
YEhAon8oe6gjjworxuBS_,https://www.youtube.com/watch?v=QzimK9wno0c,EN,Cute Narrow Gauge Train,帰省した時北勢線に乗りました。高校の時毎日乗っていた電車。ナローゲージって、すごく珍しくて貴重なんですね。こぢまりとした、ガタゴト進むキュートな電車でした。
oFJQWf_LSmq4pgCfjyFH_,https://www.youtube.com/watch?v=skAnSVs8xqU,EN,Suzuka Circuit Fireworks Festival,鈴鹿サーキットの花火大会、今年も見に行ってきました。間近で見られて迫力満点。キレイでした☆.。.:*・゜
KPBtTBfiFSEaSwCBmBLcV,https://www.youtube.com/watch?v=fEtFlhYJcu0,EN,Yokkaichi Port Tower @ Yokkaichi Industrial Complex Night View Cruise,"みえのみどころええとこの取材をするため、先日、四日市コンビナート夜景クルーズに行ってきました。　記事はコチラ→http://www.kankomie.or.jp/mMidokoro/detail_77_0.html

いろんな観光名所を見て、クルーズをして工場夜景を見て、最後に高さ１００ｍの四日市港ポートビルから夜景を見ました。 とっても幻想的ですばらしい光景でした！"
VCx-2oSmsmIf-E97OzG14,https://www.youtube.com/watch?v=PHOWzmXSqJA,EN,View from Azuchi Castle in Ise and Azuchi Momoyama Cultural Village,みえのみどころええとこの取材をするため、先日伊勢・安土桃山文化村に行ってきました。時代考証に基づいて造られたという安土城からの望む眺めは最高に気持ちよかったです。
1gr6cFaQBjTVgmlsOG2xc,https://www.youtube.com/watch?v=q1JciqDklDw,EN,Yosakoi Soran Festival in Asakuma,伊勢志摩スカイライン山頂で行われた「よさこいソーランフェスティバル」13チーム総勢280名の踊子さんが秋の朝熊山頂で華麗な舞を披露してくれました。
o9qk9t8shTVzqe0gYNRy5,https://www.youtube.com/watch?v=NLsfg_Mg3hE,EN,Santa's Kochira Family☆,"鈴鹿サーキットへ行ってきました。コチラファミリーがサンタバーションでした☆気分は""メリークリスマス""とても楽しかったヨ。コチラちゃんと写真を撮って握手！とっても手がふわふわでした♪"
ozelvrRv75W2vcPYUVmzT,https://www.youtube.com/watch?v=iqq6hUdV20U,EN,Anori Fugu - The Season Has Arrived,志摩市渡鹿野島の福寿荘で、安乗ふぐをいただきました。天然のとらふぐで、最高です。
M99FyKgQucIqqL17nZs-V,https://www.youtube.com/watch?v=H9M-568rRhE,EN,Suzuka is the Best,F1 Japanese Grand Prixに行ってきました。決勝は天気にも恵まれバッチリ。鈴鹿は最高です！小林可夢偉もスゴイ。これからが楽しみです。
2kMCz9ixPTWRYaFM23IbS,https://www.youtube.com/watch?v=cXQdk25sg_I,EN,Jumbo,暑い日には海のようなプールが最高
wQBHgonu2ARsdxRPb2Zyq,https://www.youtube.com/watch?v=M1_Bopl8jfY,EN,Ishitori Festival,短い動画ですが、実際にはこの喧騒が２日間に渡って続く「日本一やかましい祭り」。祭車1台分でこの賑やかさなので、40台前後が一斉に鳴らしたら...? ちなみにこの日は翌朝午前４時頃までこの騒ぎでした。
kmfm8KLBLI4Sk50vDwxBS,https://www.youtube.com/watch?v=r_f1HUSaaNo,EN,Tanabata,伊勢神宮に参拝したあと、おかげ横丁に行ってきました。七夕で、短冊に願い事をつづって笹にかけてきました。いいことありますように。
E8etbyRuRCxu4wwmkfZci,https://www.youtube.com/watch?v=2YDRZZiJ2sw,EN,2010 Harley-Davidson BBQ Party,4月11日(日)約200台のハーレーが伊勢志摩スカイラインに集まりました。参加者は桜が満開の中を気持ちよく走っていました。
ycvGNRJxRTBe8NYstmJzC,https://www.youtube.com/watch?v=DOkGD2bpag0,EN,Mie Prefecture Tourism Promotion | Kankomie,三重県の観光用プロモーション映像です。
iAvJNeQN9y0TRtDHH2i7j,https://www.youtube.com/watch?v=yD5S4CxiZL4,EN,Saitama Japan Just North of Tokyo のライブ配信,
UPdV6V-MAudn4VxYupezf,https://www.youtube.com/watch?v=w642EDTujfQ,EN,埼玉古墳群（Sakitama Kofungun）,"Sakitama Kofungun were built at the end of 5 century- beginning of 7 century, designated in Japan as a special historic site. You can see in Gyoda City, Saitama Prefecture, Japan."
7tmBQtaUfFcP3N-gNJIh_,https://www.youtube.com/watch?v=7GY1fGtl5_Y,EN,埼玉急行ラインツアー,Onarigiri
1RdkWYj4UM5Wc7eA0uJNq,https://www.youtube.com/watch?v=CGHLhgbJgn8,EN,最強ラインツアー,Saitama Prefectural Arts Theater
lK54vUHMDg4YUNsvhD-Jp,https://www.youtube.com/watch?v=McWdjM8YqHY,EN,IN TOYAMA短縮版,A video that allows you to experience tourism.
aBY9vndUlG5sjGmcqCy54,https://www.youtube.com/watch?v=r1UncyUt7xI,EN,So how quiet is Kyoto these days? [日本語CC],"Thanks Squarespace for sponsoring this video! squarespace.com/currentlyhannah

So I went to Kyoto the other day (about 20 days ago actually) to see just how quiet it had become recently and well...

Disclaimer: This was filmed at the start of March, way before anything huge went down in Japan and Japanese people were still going out as usual. Actually only very recently has Japan even issued a statement encouraging their citizens to self-isolate and stay home (right after the olympic postponement announcement LOL) so don't worry, I'm not travelling right now. I'm staying indoors as much as I can and going insane just like the rest of us.

If you would like to contribute subtitle translations you can do so here: http://www.youtube.com/timedtext_video?ref=share&v=r1UncyUt7xI
Let me know if you do, I'd LOVE to thank you!!"
O7QGECd9lCAsMnry8WtF3,https://www.youtube.com/watch?v=yf3sQIGmqmY,EN,"Mochi, snow and pure JOY -  Japanese snow festival, Aizuwakamatsu [日本語CC]",Is there anything better than snow falling and mochi flying through the air towards you? I don't think so. The Ouchijuku Snow Festival in Aizu area is magical.
Q2ym6VU3JkIwTcPTajLZg,https://www.youtube.com/watch?v=mRwTyYzNUMI,EN,"Discovering the beauty of Fukushima, Japan - Aizuwakamatsu [日本語CC]","Every time I travel to the countryside in Japan, I'm always blown away by its hidden beauty and surprised at how it seems as though no one knows about it. So thankful to the Aizuwakamatsu tourism board for taking me on this trip."
mXrZRZMiF0s39jt1aPUm0,https://www.youtube.com/watch?v=enDyUO_zONo,EN,（Full ver.）Magical Journey Fukushima 01 - 新しい葉、新しい日 -,"Focusing on 'water', we will introduce the charm of Fukushima's specialty sake, agricultural products, and hot springs, made from delicious water, as we trace the journey from the source to the sea. We will also convey the safety through the efforts and thoughts of the local people and the status of inspections."
zAiGkqYmFeoXqJuqcfbdW,https://www.youtube.com/watch?v=iHHb_ClaKS0,EN,（Full ver.）Magical Journey Fukushima 02 - 新しい葉、新しい日 -,"Focusing on the theme of 'water', we introduce the charm of Fukushima's local specialties such as sake, agricultural products, and hot springs, made from delicious water, as we trace the journey from the source to the sea. We also convey the safety through the efforts and thoughts of the local people and the status of inspections."
pSgD0FFsiQGKlbc1_3uA7,https://www.youtube.com/watch?v=Nm_fOwTMQWg,EN,"（Full ver.）Magical Journey Tohoku - A New Leaf, A New Day -【ゆりやんレトリィバァさんと行く東北旅】","Traveling along the 1,000-kilometer Michinoku Coastal Trail, we will convey the charm of the area, the efforts of the people, and their thoughts through popular spots that attract attention from foreign tourists, such as scenic locations and one of Japan's leading oyster-producing areas."
uO-nKoybe9dIpkhB1KUpJ,https://www.youtube.com/watch?v=bPiSdDRcXSo,EN,（5分バージョン）マジカルジャーニー 福島 01 - 新しい葉、新しい日 -,"Focusing on the theme of 'water', we introduce the charm of Fukushima's local specialties such as sake, agricultural products, and hot springs, made from delicious water, as we trace the journey from the source to the sea. We also convey the safety through the efforts and thoughts of the local people and the status of inspections."
mO-UJJfjaZMHcVySDVNH5,https://www.youtube.com/watch?v=-cebLRXE7HI,EN,（5分バージョン）マジカルジャーニー 福島 02 - 新しい葉、新しい日 -,"Focusing on the theme of 'water', we introduce the charm of Fukushima's local specialties such as sake, agricultural products, and hot springs, made from delicious water, tracing from the source to the sea. We also convey the safety through the efforts and thoughts of the local people and the status of inspections."
29y0kOsTCCUjemJMC_ZKO,https://www.youtube.com/watch?v=h9gvaGVb9LE,EN,（5分バージョン）マジカルジャーニー東北 - 新しい葉、新しい日 -【ゆりやんレトリィバァさんと行く東北旅】,"Traveling along the 1,000-kilometer Michinoku Coastal Trail, we convey the charm of the area, the efforts of the people, and their thoughts through popular spots that attract attention from foreign tourists, such as scenic locations and one of Japan's leading oyster-producing areas."
27oWJw7-QLw_qLd0tTOMO,https://www.youtube.com/watch?v=Yrn7B7VQumE,EN,（1分バージョン）マジカルジャーニー 福島 01 -新しい葉、新しい日-,"Focusing on the theme of 'water', we introduce the charm of Fukushima's local specialties such as sake, agricultural products, and hot springs, made from delicious water, tracing from the source to the sea. We also convey the safety through the efforts and thoughts of the local people and the status of inspections."
okN24REoxwZI3O6H86nmd,https://www.youtube.com/watch?v=9I2eE3o78xg,EN,（1分バージョン）マジカルジャーニー 福島 02 - 新しい葉、新しい日 -,"Focusing on the theme of 'water', we introduce the charm of Fukushima's local specialties such as sake, agricultural products, and hot springs, made from delicious water, tracing from the source to the sea. We also convey the safety through the efforts and thoughts of the local people and the status of inspections."
OGyd9H9-qL60Wrzlynx5a,https://www.youtube.com/watch?v=vVSV2DO0wH8,EN,（1分バージョン）魔法の旅 東北 - 新しい葉、新しい日 -【ゆりやんレトリィバァさんと行く東北旅】,"Traveling along the 1,000-kilometer Michinoku Coastal Trail, we convey the charm of the area, the efforts of the people, and their thoughts through popular spots that attract attention from foreign tourists, such as scenic locations and one of Japan's leading oyster-producing areas."
HsnOOCFl1gW_WrzB1Kgrq,https://www.youtube.com/watch?v=UxZrDBgydIA,EN,神秘的な東北・旅,"These are new travel plans which you can try the deep(mystical) culture of TOHOKU, Japan."
HTG0xrO6jQmfz4LbsnyUH,https://www.youtube.com/watch?v=dAl17hm0uis,EN,Summer Festivals in TOHOKU JAPAN（東北の夏祭り）,"The summer festivals in the six prefectures of Tohoku region will be dynamically expressed with viewpoints and staging that would otherwise be impossible to see. Aomori Nebuta Festival, Morioka Sansa Odori Festival, Sendai Tanabata Festival, Akita Kanto Festival, Yamagata Hanagasa Festival, Soma Nomaoi. TOHOKU JAPAN consists of Aomori, Iwate, Miyagi, Akita, Yamagata and Fukushima prefectures."
CDv45S1cBpQhovy3oqFOc,https://www.youtube.com/watch?v=V8uqQ3k6QVU,EN,福島海辺の物語 - この愛によって燃え上がる,"Created as a concept video for the Futaba Town Story Tour. It expresses how the time of a town that stopped due to a nuclear disaster begins to move again through community love, showcasing the region's journey towards regeneration."
jLJnmoyXUA2-7uRGtd63h,https://www.youtube.com/watch?v=wQyV298kSP8,EN,福島沿岸の物語 - 私たちの愛する故郷 -,"Created as a concept video for Fukushima Seaside. It uses many cuts that express the landscapes, nature, and culture loved by the local people, visually conveying the charm of the Fukushima coastal area."
RrvAuCh-doccBjaSqWaIz,https://www.youtube.com/watch?v=mLIcI4e_lOM,EN,Uwajima【繁体字訳付】宇和島,
kR0Fg6ztENmANr6c_YWKR,https://www.youtube.com/watch?v=tujsPOS6o_k,EN,"Winter in Nagano, Japan - Festivals, Japanese Food and Skiing","Winter in Nagano, Japan is absolutely magical and we wanted to share with you some of the best winter activities for your travels! We ate a delicious hot pot in igloos (or Kamakura) and also went skiing and snowboarding on the slopes at Togari Ski Resort (戸狩温泉) in Iiyama (飯山)."
n8DX6lOSq-4KIThdPZOUu,https://www.youtube.com/watch?v=ipbdrTWpAHU,EN,FARM STAY in JAPAN! - Traditional Japanese travel experience in Akita,"What better way is there to experience Japanese culture than being invited into a local farmers home to hang out and stay the night? On our recent trip to Akita (秋田県), we did a farm homestay in the humble town of Odate (大館市). We stayed with Yamauchi-san and his wife and together we cooked the local cuisine - Kiritanpo (切りたんぽ).

Kiritanpo is essentially mashed rice, cooked on a stick over an open fire, and then either eaten with a delicious miso glaze, or put in another meal, such as a hotpot - perfect for a chilly winter night! We had a quick trip to an onsen, and afterwards we stayed up late into the night having drinks, laughing and enjoying each others company.

The next day Yamauchi gave us a personal tour of his town, giving us all the insider knowledge that you couldn't discover by yourself as a tourist. We even got to see and pet the famous Akita Inu's (秋田犬)! Even with our limited Japanese speaking ability, Yamauchi-san and his wife were incredibly accommodating and we can't thank them enough for such a fun experience."
b8iP-eFQOnl1LgxyC8hiZ,https://www.youtube.com/watch?v=XcWvKSSTcDM,EN,WINTER ONSEN IN JAPAN - Staying in a Japanese inn with hot springs,We had the amazing opportunity to stay in a traditional Japanese inn (ryokan 旅館) and experience an outdoor onsen (露天風呂) in winter time with snow all around us! If you are ever visiting Japan in winter we would highly recommend this experience! We stayed in Ganiba Onsen in Akita and during our time at the ryokan we also got to experience a traditional multi-course Japanese dinner and breakfast.
BwetBLWMdEsSNV8Q31vA-,https://www.youtube.com/watch?v=bhOpbTyj2ZI,EN,JAPAN ROAD TRIP | Exploring Iya Valley,"Iya Valley was a destination on our 3 week campervanning road trip around Japan. On one of Japan's smaller islands, Shikoku, there is a mountainous region containing beautiful gorges, cute little villages, and breathtaking views. We tried food from the most hole in the wall shops we could find, drove along potentially dangerous 1-way-only roads, and climbed to the summit of Mt Miune (三嶺), a 1800m tall mountain!"
2yDH3cmqSdXPIj39IXjvj,https://www.youtube.com/watch?v=uaXPeN1nv9s,EN,The World's Most Beautiful Wisteria Garden【Ashikaga Flower Park 2021】 | 4K,"Japanese People also love wisteria (Fuji, 藤), not only cherry blossom."
Nu5qZFykyoPtm0XSno96I,https://www.youtube.com/watch?v=b1a2y3ID56E,EN,"Walking around Sakamato, Mt.Hiei（比叡山坂本を歩く） | 4K HDR","Sakamoto is well known as the east side to the foot of Mount Hiei (比叡山, Hiei-zan), the Buddhist mountain. However, Not many people know about traditional streetscape of Sakamoto."
T0TzJXlnwvwPZ7r0QUo56,https://www.youtube.com/watch?v=mRwgEdg0vRQ,EN,Walking around Kobe（神戸を歩く） | 4K HDR,Night walk around Kobe Motomachi.
wbF1lkEMNixsb86xNtxnZ,https://www.youtube.com/watch?v=dJfRJIqy7LI,EN,[4K HDR] Exploring the World Heritage Village in Japan - Gokayama Ainokura Village（世界遺産の村 五箇山相倉を探検）,"Ainokura, Gokayama, Toyama Prefecture was nominated as UNESCO World Heritage Site in 1995. It has great scenery of traditional style Japanese country side. The typical style of buildings in this area is called as Gassho-zukuri. It looks neat triangle shape if you stand in front."
3MFAgkbN3-o7tYmYI9iUG,https://www.youtube.com/watch?v=pE6A_LHTgKU,EN,Beautiful Autumn Leaves of Kyoto - Shinnyodo（京都の紅葉 真如堂） | 4K,
-VkNV2ZuCSpu_Uao-aYtD,https://www.youtube.com/watch?v=OkNvF312Hc0,EN,Night Walk around Osaka Dotonbori(夜の大阪道頓堀を歩く)  | 4K HDR,"I walked around Osaka Dotonbori, the most crowded district in the city, at night."
UltQ-417W8oj6ZJWsEGKb,https://www.youtube.com/watch?v=Dg8b9yhy-ac,EN,Night Walk around Osaka Umeda(夜の大阪梅田を歩く)  | 4K HDR,"I walked around Osaka Umeda on Friday at night. There was a great crowd of people, gathered in the downtown area."
Lix6kaiQ2cdCcxrqA9rei,https://www.youtube.com/watch?v=ptx3CT0gkVI,EN,"Walking around Magome-juku, the 43th station of the Nakasendo(馬籠宿を歩く) l 4K Cinematic",
ZsfLfe3Vrsr0OKbGIlfRS,https://www.youtube.com/watch?v=s_hk8gp2Dm0,EN,"Walking around Shirakawa-go in the Rain, Hearing Ambient Rain Sounds（雨の白川郷を歩く） | 4K HDR","I Walked Shirakawa-go, Gifu-Prefecture, Japan, in the rain. The Village was Beautiful in Autumn Leaves."
w-ePyRg32zsYV-VVUsxGi,https://www.youtube.com/watch?v=3CloUC4c9SA,EN,"Walking around Gokayama（五箇山）, Traditional Beautiful Japanese Village and Landscapes | 4K HDR","Gokayama, Toyama Prefecture, known as one of the world heritage sites, has beautiful scenery, which is famous for the combination of nature and old traditional buildings. I walked around Suganuma, one of two world heritage villages in Gokayama area. The mountain behind village gets more beautiful in Autumn."
nAwfDIlZWmqxwfKoIwKJx,https://www.youtube.com/watch?v=XEPXFITz41s,EN,Yuki Fureai Hall Poppo Marine Course (Minami Town) [Promotion Council for 'Michi no Eki Hiyorasa Satellite Station'],道の駅日和佐サテライトステーションに指定されている、由岐ふれあいホール ぽっぽマリンを中心に、美波町由岐周辺の魅力的なエリアを紹介。
6yak28q8bjYHgsgzQeokw,https://www.youtube.com/watch?v=3KwgYFmZU54,EN,アウトドアスポーツの楽園 - An Outdoor Sports Paradise,"Stand up Paddleboarding, Trail Running, Kayaking, Cycling, Surfing… Blessed with nature and surrounded by the sea and mountains, South Tokushima is truly an outdoor sports paradise!"
pv38Uum7qx5or-0jmItLi,https://www.youtube.com/watch?v=GHfV8rH_stI,EN,"Inheriting Tradition, Local Festivals - 伝統を受け継ぐ　地域の祭り","In South Tokushima you can experience diverse festivals overflowing with local charm. Spanning generations, these traditions are inherited by the next generation."
HZATjbMINiS--Vc-ovK1Z,https://www.youtube.com/watch?v=34CvswOo1Xo,EN,Explore Rich Nature and History - 豊かな自然と歴史を訪ねて,South Tokushima is home to beautiful and expansive natural land that has been untouched by humans. A town full of nostalgic and warm atmosphere. Feel South Tokushima's nature and history.
iwIcoAi43r4wvpubutK8L,https://www.youtube.com/watch?v=TFC3Dm2W8YY,EN,[360°VR] アウトドアスポーツの楽園 - An Outdoor Sports Paradise,"[360°VR] Stand up Paddleboarding, Trail Running, Kayaking, Cycling, Surfing… Blessed with nature and surrounded by the sea and mountains, South Tokushima is truly an outdoor sports paradise!"
zEzRK6kdQ9ZDVRdzUWde_,https://www.youtube.com/watch?v=566m5kjUg1E,EN,Surfing【Kaihyo Town】,"We have created an experiential tourism VR content in collaboration with fans of 'Shikoku's Lower Right'! The five cities and towns in the southern part of Tokushima Prefecture and the Southern Comprehensive Prefectural Bureau have organized the 'Shikoku's Lower Right' Youth Creation Council to promote initiatives such as attracting satellite offices (SO). Recently, the experiential tourism VR content created by SO companies concentrated in the southern part of the prefecture, as well as 'Shikoku's Lower Right fans' (Awae Co., Ltd., Eatsリーズ・ジャパン Co., Ltd., Piyamaru Co., Ltd., and Anan National College of Technology), has been completed. We hope many people will enjoy the charm of the southern prefecture."
hP1dwZWqQgTdBUHUlmy2w,https://www.youtube.com/watch?v=2E7UC37mEss,EN,[360°VR] Surfing [Kaiyo Town],"We have created an experiential tourism VR content in collaboration with fans of 'Shikoku's lower right'! The five cities and towns in the southern part of Tokushima Prefecture and the Southern Comprehensive Prefectural Bureau have organized the 'Shikoku's Lower Right Youth Creation Council' to promote the attraction of satellite offices (SO) and other initiatives. This time, companies that have gathered in the southern part of the prefecture, as well as 'Shikoku's Lower Right fans' (Awae Co., Ltd., Eatsリーズ・ジャパン Co., Ltd., Piyamaru Co., Ltd., Anan National College of Technology) have joined forces to complete the experiential tourism VR content. We hope many people will enjoy the charm of the southern prefecture."
9BoFUjGD5GA6_2IIj2inS,https://www.youtube.com/watch?v=0yx2VdJ2j-0,EN,Hiyowasa Hachiman Shrine Autumn Festival【Minami Town】,"We have created an experiential tourism VR content in collaboration with fans of 'Shikoku's Lower Right'! The five cities and towns in the southern part of Tokushima Prefecture and the Southern Comprehensive Prefectural Bureau have organized the 'Shikoku's Lower Right' Youth Creation Council to promote initiatives such as attracting satellite offices (SO). This time, companies gathered in the southern part of the prefecture, as well as 'Shikoku's Lower Right fans' (Awae Co., Ltd., Eatsリーズ・ジャパン Co., Ltd., Piyamaru Co., Ltd., Anan National College of Technology) have joined forces to complete the experiential tourism VR content. We hope many people will enjoy the charm of the southern prefecture."
SsYBbX6t6B0XDyUEB8tOv,https://www.youtube.com/watch?v=CGruEP_ErIg,EN,DMV【海陽町】,"We have created an experiential tourism VR content in collaboration with fans of 'Shikoku's lower right'! The five cities and towns in the southern part of Tokushima Prefecture and the Southern Comprehensive Prefectural Bureau have organized the 'Shikoku's Lower Right' Youth Creation Council to promote the attraction of satellite offices (SO) in cooperation. This time, companies gathering in the southern part of the prefecture, as well as 'Shikoku's Lower Right fans' (Awae Co., Ltd., Eatsリーズ・ジャパン Co., Ltd., Piyamaru Co., Ltd., and Anan National College of Technology) have joined forces to create experiential tourism VR content. We hope many people will enjoy the charm of the southern part of the prefecture."
sJ0oWWyWhEK39SUxv3_NJ,https://www.youtube.com/watch?v=rB2DW4YFAqQ,EN,[360°VR] Hiyowasa Hachiman Shrine Autumn Festival【Minami Town】,"We have created an experiential tourism VR content in collaboration with fans of 'Shikoku's lower right'! The five cities and towns in the southern part of Tokushima Prefecture and the Southern Comprehensive Prefectural Bureau have organized the 'Shikoku's Lower Right' Youth Creation Council to promote initiatives such as attracting satellite offices (SO). This time, companies that have gathered in the southern part of the prefecture, as well as 'Shikoku's Lower Right fans' (Awae Co., Ltd., Eatsリーズ・ジャパン Co., Ltd., Piyamaru Co., Ltd., Anan National College of Technology) have joined forces to complete the experiential tourism VR content. We hope many people will enjoy the charm of the southern prefecture."
lroW4nYkdI13rI8KrTxxc,https://www.youtube.com/watch?v=q7yxOzsQa8c,EN,[360°VR] DMV【Kaiyo Town】,"We have created an experiential tourism VR content in collaboration with fans of 'the lower right of Shikoku'! The five cities and towns in the southern part of Tokushima Prefecture and the Southern Comprehensive Prefectural Bureau have organized the 'Lower Right of Shikoku' Youth Creation Council to promote initiatives such as attracting satellite offices (SO). This time, companies that have gathered in the southern part of the prefecture, as well as 'Lower Right of Shikoku fans' (Awae Co., Ltd., Eatsリーズ・ジャパン Co., Ltd., Piyamaru Co., Ltd., Anan National College of Technology) have joined forces to complete the experiential tourism VR content. We hope many people will enjoy the charm of the southern prefecture."
58MSe93PZ0pCdm1PftzfT,https://www.youtube.com/watch?v=GtFuUGDC1es,EN,［TOKUSHIMA］もっと日本を体験しよう,"This is a video which shows natural landscape, culture and cuisine of Tokushima briefly."
mus_d4sUPsBuodKFwEKRd,https://www.youtube.com/watch?v=nv4WYNvXmbU,EN,Ai no Keshiki Indigo Views 阿波藍アート「藍のけしき」4K [Tokushima],“Ai no Keshiki Indigo Views” where 451 people in 10 countries participated in the production. It is a recorded movie of January installation.
7LV8cdE-3O35m-ZmNi8qc,https://www.youtube.com/watch?v=ho1dXhIH2jo,EN,遊山箱-ＹＵＳＡＮＢＡＫＯ-［Tokushima］,"Tokushima has been producing lumber for a very long time. High quality lumber processing technique of shipwrights used to serve the powerful navy of Awa-Han (feudal domain/a part of present Tokushima) greatly in the Edo Period (1603–1868), and the technique has been passed down through the generations. A carpentry skill called Mokuhari (thin wood sheet craft) is utilized and beautiful paintwork is applied to Yusanbako. It is a three-tiered box that used to be used as a lunch box for leisure in fields and mountains, and Doll’s Festivals."
LJ8t6gZSZ0eKfzc__CrVY,https://www.youtube.com/watch?v=xkawlsTDovo,EN,大塚国際美術館［徳島］,The Otsuka Museum of Art is a museum of masterpieces on porcelain panels located in Naruto City in Tokushima Prefecture.
UFl6PIsV9gxUdZ7I-5z3Y,https://www.youtube.com/watch?v=1Fv3uZoB6c8,EN,Tokushima Ninth Flash Mob - ベートーヴェンの交響曲第9番［徳島］,"Flash mob 'Beethoven’s Symphony No. 9' was performed at Omotesando Hills, Shibuya, Tokyo, on Tuesday, September 13, 2016. Tokushima Prefecture is where Beethoven’s Symphony No. 9 was performed for the first time in Asia. The flash mob orchestra is an event for publicizing the 100th anniversary of this first performance to be commemorated in 2018."
2KGqwuFcGAW7sSJlF3sLR,https://www.youtube.com/watch?v=CLtRA9A87Fg,EN,GO FORWARD SUDACHIKUN［徳島］,"Sudachi-kun, Tokushima's mascot, is trying wakeboarding for the first time in Lake Ikeda located in Tokushima Prefecuture. The Wakeboard World Championship was held at Lake Ikeda, Tokushima Prefecture in 2018 for the first time in Asia."
LMGUhdIPvzNikadRdEGP4,https://www.youtube.com/watch?v=8ZYNeHLwvHc,EN,剣物語［徳島］,"Step out of your own culture and experience the history, nature, and people of Nishi-Awa Tokushima. The welcoming and inclusive experience this tour provides will make you feel like a true local."
z6zrJhzVVXaaKxkt4qqEN,https://www.youtube.com/watch?v=nFz_xGkaEwI,EN,徳島遊覧飛行　A sightseeing flight over Tokushima,"Awarded the 7th ICT (Aishite—love it) Tokushima Grand Prize— ""Panasonic System Solutions Japan Grand Prize"". All the video clips consist of 4K resolution aerial images of various places in Tokushima shot by drone. The work shows the attraction of Tokushima from unprecedented angles."
sMeYvXpwQglKaTCViaTOo,https://www.youtube.com/watch?v=6IwCKH8V7gc,EN,Erlebe die Kultur des Brauens von Sake und Sojasoße,このビデオでは、訪問者が日本の酒と醤油の醸造所の伝統的な醸造技術を体験できる半日プログラムを紹介します。通常は一般公開されていない醸造所が、訪問者を醸造プロセスに直接参加させ、古くから伝わる技術を明らかにし、400年の歴史を持つ酒と醤油の醸造の広大な世界に浸ることを許可します。
lVMxuPN2qMF-pup4qTnp3,https://www.youtube.com/watch?v=vloKGiJT21M,EN,"中津川の美酒探訪！""Exploring the Fine Sake of Nakatsugawa""","▼▼▼

0:00 Opening

0:04 Sake Brewery Ena Brewing ""Kujiranami"" × Brewery Tour
https://www.kujiranami.jp/

0:25 Hot Springs Ohashi Brewery ""Kasagitsuru"" × Iwasuso
https://k-tsuru.com/

0:42 Food Yamauchi Brewery ""Fukamori"" × Hananoko Soba Izuki
https://yamauchisyuzou.com/

1:00 Japanese Sweets Hazama Brewery ""Enasan"" × Niigawa Specialty Hall
https://enasan.jp/

⋱⋰ ⋱⋰ ⋱⋰ ⋱⋰ ⋱⋰ ⋱⋰ ⋱⋰ ⋱⋰ ⋱⋰ ⋱⋰ ⋱⋰ ⋱⋰

Nakatsugawa City is home to four sake breweries.
The combination of each brewery's signature sake with the city's magical winter,
hot springs, and local cuisine is absolutely perfect!

The flavor of sake is greatly influenced by the region's water quality, weather, and other factors.
Nakatsugawa City has all the right conditions to produce delicious sake, so you can expect nothing but clear, flavorful drinks!

If you ever visit Nakatsugawa, make sure to try the local sake."
H1Cv8aPUFdfuYaJ9Jck6f,https://www.youtube.com/watch?v=0T-DPftP6hA,EN,中津川観光/日本旅行/Walk the Nakasendo and experience the essence of Japan!,"Walk the Nakasendo and explore the essence of Japan!

Nakatsugawa City sightseeing sample course!

Explore the old streets and buildings that remain along the Nakasendo Trail, and explore the first-hand history by walking through!

There are areas on the Trail where cars cannot go in, which results in preserving the traditional view of the past.

Visit Nakatsugawa City and feel the impressive history that can be experienced only by walking.

This is a sightseeing model course in Nakatsugawa City, Gifu Prefecture!

Explore the old streets and buildings that remain along the Nakasendo, and feel the history firsthand by walking! ★

There are places on the Nakasendo where cars cannot go, but thanks to that, we can preserve the old Japan as it was.

Please come and experience the emotions that can only be felt by walking!

Definitely come to Nakatsugawa City!!!"
3VuNmQKCWPX2n1a2pkLiz,https://www.youtube.com/watch?v=nohZE-iHNdo,EN,中津川観光/日本旅行/Experience the Heart of Japan!,"▼▼▼

0:00 Rental car

0:24 Naegi Castle Ruins
https://www.city.nakatsugawa.lg.jp/kanko/miru/1/3753.html

0:38 Roadside Station Kirira Sakashita
https://kirira-sakashita.jp/

0:50 Yumori Valley
http://youmorikeikoku.com/

01:04 Meals and accommodation

01:20 Tsukechi Gorge
https://www.tsukechi.jp/

01:32 Meals

01:39 Kashimo Meijiza
https://meijiza.jp/

⋱⋰ ⋱⋰ ⋱⋰ ⋱⋰ ⋱⋰ ⋱⋰ ⋱⋰ ⋱⋰ ⋱⋰ ⋱⋰ ⋱⋰ ⋱⋰

Nakatsugawa City sightseeing sample course!

Rent a car and explore every corner of Nakatsugawa to the fullest!

By visiting historic buildings, breathtaking scenic sights, you can immerse yourself in the authentic charm of Japan with your five senses. Nakatsugawa City is calling you!

岐阜県中津川市の観光モデルコースです！

レンタカーを借りて、中津川を隅々と楽しみ尽くして下さい★

日本の古い建物や、景色、中津川市ならではの体験を通して
日本の風情を五感で感じられると思います！！！

ぜひ！中津川市へお越しください！"
QHsvRd5FvUsNlMj-0VnwN,https://www.youtube.com/watch?v=uM2CP1BDrx8,EN,Grateful Winter days..「中津川 観光」,"Please check the details of the spots introduced in the video below (in the order of video broadcast).

00:00 Naegi Castle Ruins (Naegi)
00:03 Nakasendo Magome-juku (Magome)
00:13 Ena Brewing (Fukuoka)
00:20 64 Cafe (Sakashita)
00:24 Chicory Village (Sakamoto)
00:30 Kashimo Meijiza (Kashimo)
00:33 Tokiwa-za Traditional Kabuki Performance (Fukuoka)
00:39 Hina Matsuri and Tsuru Decoration in Agino Sato (Agi)
00:49 Roadside Station Kashimo (Kashimo)
00:51 Tsukechi Gorge Kuraya Onsen Onpoi no Yu (Tsukechi)
00:55 Roadside Station Kirira Sakashita (Sakashita)
01:00 Tawara-ya (Magome)
01:06 Magome-juku Ice and Snow Lantern Festival (Magome)"
ijn2_hmLTEpnyHr8Q0fVR,https://www.youtube.com/watch?v=leDuZpo0DfM,EN,Grateful Winter days「中津川観光」,"Please check the details of the spots introduced in the video below (in the order of video broadcast).

00:00 Nakatsugawa sightseeing Winter ver.

00:06 Nakasendo Magome-juku (Magome)
https://kiso-magome.com/

00:19 Kachimo

00:22 Ena Brewing (Fukuoka)
https://www.kujiranami.jp/index.html

00:32 Kachimo Meijiza (Kachimo)
https://meijiza.jp/

00:48 Tokiwa-za Local Kabuki Performance (Fukuoka)
https://www.city.nakatsugawa.lg.jp/soshikikarasagasu/fukuoka/2/1/1833.html

00:53 Naegi Castle Ruins (Naegi)
https://www.city.nakatsugawa.lg.jp/kanko/miru/1/3753.html

00:56 64 Cafe (Sakashita)
https://ja-jp.facebook.com/cafe64.sakashita

01:01 Roadside Station Kirira Sakashita (Sakashita)
https://kirira-sakashita.jp/

01:07 Chikuhiko Kuraya Onsen Onpoi no Yu (Chikuh)
http://www.kuraya-onsen.jp/

01:13 Megurin Local Produce Direct Sales Office (Sakamoto)
http://megreen.net/itigogari1.html

01:22 Kachimo Forest Association Mokumoku Center (Kachimo)
http://www.fa-kashimo.jp/

01:27 Stone Museum Hakusekikan (Hirukawa)
https://www.hakusekikan.co.jp/"
BSj_lo-eF1QVGGihvc9uy,https://www.youtube.com/watch?v=z_llh3ZPRHQ,EN,Grateful summer days「中津川観光」,"Please check the details of the spots introduced in the video below. (In the order of video broadcast)

00:00 Tsukechi Gorge Fudo Park (Tsukechi)
http://www.tsukechi.jp/

00:21 Fudo Falls Hirozuki (Tsukechi)
http://hirozuki.com/

00:29 Chestnut Cafe ISSADO (Tsukechi)
https://instagram.com/kuricafe.nakatsugawa?igshid=YmMyMTA2M2Y=

00:36 Iwana no Sato Kyo (Hazama) (Tsukechi)
https://nakatsugawa.info/p_shop/hazama/

00:42 Miyajima Campground (Tsukechi)
http://www.tsukechi.jp/camp_miya/

00:44 Tsukechi Gorge Uedayano Blueberry Farm (Tsukechi)
https://uedayanouen.webu.jp/

00:49 Naegi Castle Ruins (Naegi)
https://www.city.nakatsugawa.lg.jp/kanko/miru/1/3753.html

00:54 Lamp's Inn Wataoi Onsen (Kashimo)
https://www.doaionsen.jp/

01:04 Fujimidai Kogen (Kamisaka)
https://www.city.nakatsugawa.lg.jp/kanko/miru/1/3757.html

01:10 HillBilly Coffee Company (Magome)
https://instagram.com/hillbilly_coffee_company?utm_medium=copy_link

01:13 Nakasendo Magome-juku (Magome)
https://kiso-magome.com/

01:18 Tono Cycling (Magome, Ochiai)
http://tono-cycling.com/"
pr0z5MO44BIVW6fZpAbh2,https://www.youtube.com/watch?v=Hz-MaAA7K64,EN,信楽の赤い村 '仕事',#shigaraki #ShigarakiPottery
wpnmniBGA9CGeChyp0DCB,https://www.youtube.com/watch?v=tDX101VduiE,EN,信楽の村の『思い』,#shigaraki #Shigaraki pottery
sMiWRXiVYcLK0D_3Jcr4n,https://www.youtube.com/watch?v=r4vHWAU9Azo,EN,Scarlet Village Shigaraki 30 Seconds 'Shigaraki Ware' Edition,#信楽焼
pi__brczL2uaWiiDns5Mr,https://www.youtube.com/watch?v=JVjillKlxFA,EN,Scarlet Village Shigaraki 30 Seconds 'Character' Edition,#信楽焼
1YexIudi_ukxMauMTYI3b,https://www.youtube.com/watch?v=UaRzFd_gIec,EN,Suzushi City CM,Won the準グランプリ at the 12th Ishikawa Hometown CM Award.
_AxZ6R0hhZDJXzuKOeYLi,https://www.youtube.com/watch?v=MJHrQkC0QmE,EN,北越後の酒観光 - 日本の隠れた宝石,KITA ECHIGO Sake Tourism – Japan’s Hidden Gem
JCIXgIL-nPW0gFaYHDfxu,https://www.youtube.com/watch?v=-_FwNah23Ec,EN,Model Course 1: Noto Seaside Drive,説明
VUhFbGYecjSpzDgUyCsVk,https://www.youtube.com/watch?v=yX63Ts0VXho,EN,The 33rd Sahara Marathon 2018 4stage,“世界で最も過酷なマラソン”といわれる「サハラマラソン」に大分市在住の水岡紗希さんがチャレンジしました。
7onJRrgQfC-PP85LH57Jj,https://www.youtube.com/watch?v=FL1YTuOvGW8,EN,【Ishikawa Prefecture Tourism PR Video】Yuruutto Ishikawa,マルチクリエイター“まこち”が石川旅をゆるりと紹介します。
XmLIa6pIric8dK2r_S4-L,https://www.youtube.com/watch?v=P30mcO5CXaA,EN,Discover the Real Ishikawa,石川県観光大使・俳優の篠井英介氏が、絶景、温泉、伝統・文化、そして美食、４つの石川県の魅力を、自身の思いを込めながら、映像とともに語ります。
30ucO4ZJBMvT7Ive0I3yg,https://www.youtube.com/watch?v=ySyQwFzq1a4,EN,KONSHOJI TEMPLE PREMIUM TOUR - 金勝寺 特別体験プログラム紹介動画,"Konshoji Temple, located in Ritto City, Shiga Prefecture, is a Tendai sect temple that shows a tranquil presence near the top of Mount Konsho. Founded about 1300 years ago by Ryoben, the temple became a place where monks gathered for training and prayed for the peace of the nation. Known for its beautiful scenery coexisting with nature, visitors can enjoy experiences themed around Japanese culture and beauty in the clear air of Konshoji Temple, where historical halls and seasonal plants can be seen."
wwBSzc18lrkOu_tLcVFGl,https://www.youtube.com/watch?v=NExok8y-os4,EN,KONSHOJI TEMPLE PREMIUM TOUR - 2023年開催モニターツアー,"A monitoring tour conducted in 2023. Visitors will enjoy a guided tour of the temple grounds by a deputy priest, as well as an experience of Japanese culture and beauty in the tranquil setting of Kinshoji Temple, a temple that exists in harmony with nature."
pCH-JPVx-esrgOI1vrH_C,https://www.youtube.com/watch?v=V39G6FUQaz8,EN,"Kusatsu Onsen, JAPAN - Summer - 4K (Ultra HD) / 草津温泉",Learn more http://www.kusatsu-onsen.ne.jp/guide/en/
uiPE9lOUOC2r_3DcufssP,https://www.youtube.com/watch?v=AO0tJe_cdxs,EN,Japan Heritage Tourism (Higashiomi Edition) - Visiting the Culture of Water and Life at Eigenji,"【🍁日本遺産・水遺産「永源寺」⛩】
滋賀県東近江市に佇む「永源寺（えいげんじ）」は、650年以上の歴史を誇る臨済宗永源寺派の大本山です。

境内には、国内屈指の大きさを誇るヨシ葦屋根の方丈（本堂）や県指定有形文化財があります。

深い自然に抱かれた幽境に栄える伽藍は四季折々の姿を楽しむことができ、秋に見られる境内を埋め尽くすほどの真っ赤な紅葉🍁は関西有数の紅葉の名所として全国から多くの参拝者が訪れます。

普段は一般の方の立ち入りを禁止している場所もボランティアガイドと一緒なら特別に見学することができます。紅葉が古刹に映える永源寺の魅力を、ぜひ映像でお楽しみください。

https://ja.biwako-visitors.jp/spot/detail/2532

🌿チャンネル登録＆高評価もよろしくお願いします！
#永源寺 #日本遺産 #水遺産 #禅寺 #滋賀の名所 #紅葉の名所 #愛知川 #四季の風景"
hD016Fp341ueEzlATgxCG,https://www.youtube.com/watch?v=XAb6Qu5zCZ8,EN,「非日常」が「日常」福井県,"Fukui Prefecture, ranked number one in happiness in Japan. Great nature, great people, great culture. Despite its many attractions, the number of foreign tourists visiting Fukui has yet to reach the top in Japan. How can we convey Fukui's charm to people overseas? We focused on 'foreign residents in Fukui.' Living in Fukui and experiencing its goodness firsthand, we were confident they could effectively communicate its charm, assisting with narration, location selection, and appearances. The result is a video full of Fukui's charm that we didn't even know about (a three-part series). Our goal is to make 'the number of foreign visitors to Japan = number one in the country.'"
Br_HXyIRmCMLVom0PhhUB,https://www.youtube.com/watch?v=LDdcn5Plr90,EN,[春] 栃木 日本の8K - 日光・那須／栃木,Learn more about Tochigi
t4ioNJiH41QC0d6fZRmJA,https://www.youtube.com/watch?v=jkOet8Zmk4o,EN,栃木 日本の8K - 日光・那須／栃木,Learn more about Tochigi
B_eQoCLF3_8XTQ4wus6Bo,https://www.youtube.com/watch?v=E29eNicWvTk,EN,四季で楽しむ栃木の自然,Learn more about Tochigi
syOaQcfMVjuWQKidWKQ2e,https://www.youtube.com/watch?v=gEqFUwUb1VA,EN,[夏]栃木県の8K - 日光・那須,Learn more about Tochigi
vVmrtf_jDGJg1zrwL5Nxo,https://www.youtube.com/watch?v=mCZK3-fBj6c,EN,栃木 日本の8K - 日光・那須／栃木,"Learn more about Tochigi
 https://www.tochigiji.or.jp/

本物の出会い栃木（夏）
 https://www.tochigiji.or.jp/tochigitabi/summer/"
ZGBPSMxL6UKbsK0CAj72Q,https://www.youtube.com/watch?v=xVLgnQV8OOc,EN,栃木の秋 - 日光・那須／栃木,Learn more about Tochigi
aLpWTtYmJvTPfEzEMKru7,https://www.youtube.com/watch?v=gPJpuB9Gzxk,EN,栃木 日本の秋 - 日光・那須／栃木,"Learn more about Tochigi
https://www.tochigiji.or.jp/

本物の出会い栃木（秋）
https://www.tochigiji.or.jp/tochigitabi/autumn/"
Ic4ySWgLswNXKvc19J1_8,https://www.youtube.com/watch?v=rHDItixUHAA,EN,[Winter] Tochigi Japan in 8K - 日光・那須／栃木,Learn more about Tochigi
nKnp9XtvRlc9CChCtP1a_,https://www.youtube.com/watch?v=Dfgp0ZCVFHc,EN,栃木日本の8K - 日光・那須／栃木,"Learn more about Tochigi
 https://www.tochigiji.or.jp/

本物の出会い栃木（冬）
 https://www.tochigiji.or.jp/tochigitabi/winter/"
9jMG8Of9e6X_iWlBy26o3,https://www.youtube.com/watch?v=ELE9dgyBJmE,EN,【Hyogo Prefecture Ako City Japan Heritage PR Video】Sel de la vie -旅行は人生の塩-,"Sel de la vie means 'the salt of life' in French. Two chefs travel around the city in a kitchen bus, interacting with Ako's nature, culture, people, and ingredients, and serving the best dishes. A heartwarming movie that enhances the charm of Ako with the spice of salt."
unEzliWiqoT1NkgTdMriW,https://www.youtube.com/watch?v=who6XBy0KqA,EN,"【Hyogo Prefecture Ako City PR Video】Ako Onsen, Japan 'Feel Ako Time'",赤穂温泉から望む瀬戸内の美しい水平線。赤穂の自然や歴史、文化、グルメなどを体感。“どこにでもあるかもしれない”“ここにしかないかもしれない”日常と非日常とが混ざり合う、ゆったりとした旅時間を連想させる映像です。ぜひご覧ください。
Cy3uqpib6bw6L3kntlm_V,https://www.youtube.com/watch?v=Wg7f4mwg4xA,EN,【Hyogo Prefecture Ako City PR Video】 'AKO SALT OF THE SEA',日本の食文化をはじめ、様々な分野で使用される『塩』。赤穂塩にまつわる歴史や製法、伝統的な製法によってできた塩に着目した新たな試みなど、塩の未来・可能性を表現しています。
LRchmSYukhAdWM3LK4-cu,https://www.youtube.com/watch?v=tPBG28TLW7U,EN,Uwajima【簡体字訳付】宇和島,
5h2AUE3A-pVWr-w7ewYR5,https://www.youtube.com/watch?v=13qqUdafnrQ,EN,2022 KUSHIRO Hokkaido Japan in 8K - Kushiro [夏],Learn more about Kushiro
Bv64dw9z0TUI4TAfoKx9V,https://www.youtube.com/watch?v=ulU7EhgxCXw,EN,2023 KUSHIRO Hokkaido Japan in 8K - Kushiro [冬],Learn more about Kushiro
tQej3rD6YkjZwRptwTa60,https://www.youtube.com/watch?v=tx9VhRW70X4,EN,2023 釧路 北海道 日本 8K - Kushiro [冬],Learn more about Kushiro
tLnE9mashp7SM4oTwYNjB,https://www.youtube.com/watch?v=TIO9WyT6bDs,EN,【SL&FUN】SL冬の湿原号と釧路の大地　編【4K】,"The SL Winter Wetland Train runs for about an hour and a half between Kushiro and Shibecha on the Senmo Main Line, and is the only steam locomotive in Hokkaido. All passenger cars were renewed between 2022 and 2023, enhancing the retro and nostalgic atmosphere of the SL. The eastern Hokkaido region of Kushiro, where the SL Winter Wetland Train operates, offers many unique experiences that can only be enjoyed here in Hokkaido!"
WEvjZZ8t-yS7zwfqL_wDG,https://www.youtube.com/watch?v=xWsvcHRGQVg,EN,2022 釧路 北海道 日本 8K - Kushiro [夏],Learn more about Kushiro
tDIq_uL53rhxQDE3eUIKO,https://www.youtube.com/watch?v=ybFKHv1Jt_Q,EN,KUSHIRO Hokkaido Japan のライブ配信,
uGbiuSaaun_J-9Z8RhdZ9,https://www.youtube.com/watch?v=jujEN7dMnAE,EN,道東凍冬，一起凍冬趣（外篇),KUSHIRO Hokkaido Japan
CFFqx9Aa1qZghYx4nf8-v,https://www.youtube.com/watch?v=bAMa_UAKISY,EN,道東凍冬，一起凍冬趣（美食篇・飯店篇),KUSHIRO Hokkaido Japan
v-V6GET_zQPjWg94_LBJZ,https://www.youtube.com/watch?v=nomC35DK75k,EN,釧路 Hokkaido 日本の8K HDR - Kushiro [冬バージョン],Learn more about Kushiro
FLuR_bBYKlb-wxhh3ytBL,https://www.youtube.com/watch?v=6qPcpprckgo,EN,草津温泉、JAPAN - 秋 - 4K (ウルトラHD),Learn more http://www.kusatsu-onsen.ne.jp/guide/en/
HUPhTkx8A3Hbdu6lJeC8X,https://www.youtube.com/watch?v=YLevjD4DSts,EN,Aventure Kusatsu Onsen -French-,草津温泉は、旅行の専門家によって選ばれた人気の温泉地ランキングで22年連続1位にランクインしています。また、オンライン旅行代理店の調査による旅行者のランキングでも1位に選ばれました。さらに、日本のテレビ番組でも外国人に人気の温泉地として1位に選ばれました。多くの方が「草津温泉」という名前を初めて聞いたかもしれません。多くのフランス人が将来草津温泉を訪れることを期待しています。草津温泉は温泉のテーマパークと考えることができます。温泉の他にも、温泉街には宿泊施設、レストラン、浴衣を着て歩ける歩行者専用の通り、そして豊かな自然が溢れています。私たちは、日本人が温泉旅行で想像するすべてを持っていると考えています。
HUPhTkx8A3Hbdu6lJeC8X,https://www.youtube.com/watch?v=YLevjD4DSts,EN,アヴァンチュール草津温泉,"Kusatsu Onsen has been ranked number one for 22 consecutive years in the ranking of popular hot spring destinations selected by travel professionals. We have also been ranked first in a traveler ranking, based on a survey by the largest online travel agencies. We have also been ranked first in a Japanese television program as the favorite hot spring source of foreigners. Many of you may have heard the name 'Kusatsu Onsen' for the first time. We hope that many French people will visit Kusatsu Onsen in the future. We can consider Kusatsu Onsen as a theme park of hot springs. In addition to hot springs, the hot spring town is also full of accommodations, restaurants, pedestrian streets for yukata, and lush nature. We believe we have everything that Japanese people imagine when traveling to hot springs."
zUuHm1_d4DyEIn0j7QoUY,https://www.youtube.com/watch?v=CjOCF9EhjEM,EN,Yubatake -草津温泉のシンボル-,
eFxMBjgOv76Jw32Na6q86,https://www.youtube.com/watch?v=St2v7XpKJsU,EN,Sainokawara park -Scenery of the 4 seasons-  西の河原公園,Description
mId_pChvUnKg2ZFbEVpQ1,https://www.youtube.com/watch?v=1sQDe6UcFG0,EN,草津温泉8D立体音響,"When you want to fall asleep, relax, or lift your spirits, the 'sound' accompanies you in various scenes. You can feel the atmosphere of Kusatsu town naturally in your mind when you close your eyes, with the sound of hot springs bubbling, vast nature, and the bustling streets of people. Please experience the original 8D sound source inspired by Kusatsu Onsen. *8D audio is designed to make it sound like audio is coming from all directions around you. It is recommended to use headphones or earphones."
2tL6YiYRaiIEIWZS4XVvA,https://www.youtube.com/watch?v=Sz8FKAyKydE,EN,草津温泉8D立体音響,"When you want to fall asleep, relax, or lift your spirits, the 'sound' accompanies you in various scenes. You can feel the atmosphere of Kusatsu town naturally in your mind when you close your eyes, with the sound of hot springs, vast nature, and the bustling streets of people. Please experience the original 8D sound source inspired by Kusatsu Onsen. *8D audio is designed to make it sound like audio is coming from all directions around you. It is recommended to use headphones or earphones."
7sfwasHBmzQV6LXlrG5OO,https://www.youtube.com/watch?v=E-i3YOSdRYA,EN,草津温泉日本の8Dオーディオ - 春の心の町 -,"When you want to fall asleep, relax, or lift your spirits, the 'sound' accompanies you in various scenes. You can feel the atmosphere of Kusatsu town in your mind with the sounds of hot springs, vast nature, and bustling streets. Please experience the original 8D audio inspired by Kusatsu Onsen. *8D audio is designed to create sound that can be heard from all directions in a three-dimensional sound field. It is recommended to use headphones or earphones."
ItwxM7-MJc3oX4f9VCcIp,https://www.youtube.com/watch?v=AaL0Q9VAvdo,EN,Kusatsu Onsen Japan in 8D Audio-bounded thoughts-/草津温泉8D立体音響,"When you want to fall asleep, relax, or lift your spirits, the 'sound' accompanies you in various scenes. You can naturally feel the atmosphere of Kusatsu town in your mind when you close your eyes, with the sound of hot springs bubbling, vast nature, and the bustling streets of people. Please experience the original 8D sound source inspired by Kusatsu Onsen. *8D audio is designed to create sound that can be heard from all directions in a three-dimensional sound field. It is recommended to use headphones or earphones."
CSH6Tz1UgBj9hiq8cU9gI,https://www.youtube.com/watch?v=8a412DS-yp4,EN,草津温泉8D立体音響,"When you want to fall asleep, relax, or lift your spirits, the 'sound' accompanies you in various scenes. The sound of hot springs bubbling, vast nature, and bustling streets will allow you to naturally feel the atmosphere of Kusatsu in your mind when you close your eyes. Please experience the original 8D audio inspired by Kusatsu Onsen. *8D audio is designed to create sound that can be heard from all directions in a three-dimensional sound field. It is recommended to use headphones or earphones."
ZwQj48b_oYgu04isW6wyb,https://www.youtube.com/watch?v=-IXF3tVvt1k,EN,草津温泉日本の8Dオーディオ - 黄昏の音の流れ,"When you want to fall asleep, relax, or lift your spirits, the 'sound' accompanies you in various scenes. The sound of hot springs bubbling, vast nature, and bustling streets; when you close your eyes, you can naturally feel the atmosphere of Kusatsu in your mind. Please experience the original 8D audio inspired by Kusatsu Onsen. *8D audio is designed to create sound that can be heard from all directions in a three-dimensional sound field. It is recommended to use headphones or earphones."
VkPdGtrtfkxrxPYC9NLDu,https://www.youtube.com/watch?v=y0d1O31IuIw,EN,草津温泉日本の8Dオーディオ - 自然を歩く -,"When you want to fall asleep, relax, or lift your spirits, the 'sound' accompanies you in various scenes. The sound of hot springs bubbling, vast nature, and the bustling streets of people; when you close your eyes, you can naturally feel the atmosphere of Kusatsu in your mind. Please experience the original 8D audio inspired by Kusatsu Onsen. *8D audio is designed to create sound that can be heard from all directions in a three-dimensional sound field. It is recommended to use headphones or earphones."
kG19SsKFpYQiFutk0vRZa,https://www.youtube.com/watch?v=jbwSCQSgRG8,EN,"01 Felicidad ""フェリシダ"" 幸せ（静岡県森町）","Morimachi Tourism Short Movie 01 ""Felicidad"" ""フェリシダ"" Happiness

Morimachi, Shizuoka Prefecture Located in the western part of Shizuoka Prefecture with Mount Fuji, this town is home to people who cherish beautiful nature and traditions, and is called the small Kyoto of Enshu.

We created a short movie capturing the lives of these people over the course of a year, narrated by Francesc Planas, who moved from Spain to the Mikura area and Okubo settlement in Morimachi.

""Living in Morimachi""

Please watch and be sure to visit Morimachi once. There must be something here that resonates with your heart."
X4SCusQDd4a-fpZEeY9zX,https://www.youtube.com/watch?v=PvdJfO2p3DE,EN,飛騨小坂の自然観光,"Hida-Osaka is a small town at the west foot of Mt. Ontake with the biggest number of waterfalls in Japan. There are 216 waterfalls higher than 5 meters around the area, and 216WORKS is the only guide service company that runs waterfall trekking tours in the region. I'm so honored to be one of the guides in the company. All tours and activities are available or accessible via 216WORKS. For more info, please visit our website: https://www.216works.com/ and send message. Hida-Osaka is not only about the waterfall trekking, but there are many other things you can do thanks to the natural gift given by our mother mountain Mt. Ontake."
ILIYMkwjci1pLsW18l-nL,https://www.youtube.com/watch?v=7T_v5Tb--ug,EN,Yakushima: A Fulfilling Journey 生命が満たされる旅,A Fulfilling Journey 生命が満たされる旅
3eDeDheiNAQsUXOCoCYlL,https://www.youtube.com/watch?v=puGzWVs1On4,EN,【2泊3日夏の群馬Trip】食べてばかりの大人のリトリート旅。疲れた心を癒すグランピング｜絶景スポット｜四万温泉｜サウナ｜積善館,[ A retreat trip for adults in their 30s to reset both mind and body 👜 ]
eS9N84w0cR-_hzgabVhbx,https://www.youtube.com/watch?v=lT8uStRZIFU,EN,BIRD'S EYE3「２６　八ッ場ダム周辺の風景①」,"This was broadcasted on Gunma TV on September 28 and 29, 2019. Civil engineering facilities are essential to our lives. There are many civil engineering facilities in the prefecture that are designated as important cultural properties and those that utilize the latest technology, all of which have value to be passed down to future generations. To widely convey the roles and attractions of these civil engineering facilities and to spark interest in the children who will carry the future, we have decided to produce and broadcast a program introducing civil engineering facilities in the prefecture. We will convey the scale and dynamism unique to civil engineering facilities using drone footage and other techniques. The Yamba Dam in Naganohara Town, Gunma Prefecture, is about to complete a long construction period. This is also a time to see the scenery that can be seen now for the last time. Before Naganohara Town is reborn anew, please enjoy the scenery around the Yamba Dam."
WFT0b8WA9ZdzSpXZOSgv7,https://www.youtube.com/watch?v=oucx_z-i0EA,EN,BIRD'S EYE3「３１　日本国道最高地点より望む風景」,"This is a program that was broadcasted on Gunma TV on November 2nd and 3rd, 2019. Civil engineering facilities are essential to our lives. In the prefecture, there are many civil engineering structures that are designated as important cultural properties and those that utilize the latest technology, which have value to be passed down to future generations. To widely convey the roles and attractions of these civil engineering facilities and to spark interest in children who will carry the future, we have produced and broadcast a program introducing civil engineering facilities in the prefecture. We will convey the scale and dynamism unique to civil engineering facilities using drone footage.

Along National Route 292 near the border of Gunma and Nagano Prefectures, there is the highest point of national roads laid across Japan, located near the summit of Mount Shirane. The elevation of the highest point is 2,172 meters, and depending on the weather, visitors can enjoy a sea of clouds. Many tourists visit this place, which is significantly colder than the plains, so it is recommended to wear slightly thicker clothing when going out."
GkaP42STa1oNNww1VDVdS,https://www.youtube.com/watch?v=HZa1Kbyg-NE,EN,BIRD'S EYE3「32 「Manza Sanjaku」を望む風景」,"This was broadcasted on Gunma TV on November 9th and 10th, 2019. Civil engineering facilities are essential to our lives. There are many civil engineering facilities in the prefecture that are designated as important cultural properties and those that utilize the latest technology, all of which have value to be passed down to future generations. To widely convey the roles and attractions of these civil engineering facilities and to spark interest in the children who will bear the future, we have decided to produce and broadcast a program introducing civil engineering facilities in the prefecture. We will convey the scale and dynamism unique to civil engineering facilities using drone footage."
0ZUo-zSBtTiXTzutr-RfT,https://www.youtube.com/watch?v=YZl83xLY_h8,EN,BIRD'S EYE3 '35 View from the Koshimoto Toko-gumi' | Construction Planning Division | Gunma Prefecture,"This was broadcasted on Gunma TV on November 30 and December 1, 2019.

Essential civil engineering facilities in our lives. There are many civil engineering structures in the prefecture that are designated as important cultural properties and those that utilize the latest technology, all of which have value to be passed down to future generations. To widely convey the roles and attractions of these civil engineering facilities and to spark interest in the children who will bear the future, we have produced a program to introduce civil engineering facilities in the prefecture and broadcast it. We will convey the scale and dynamism unique to civil engineering facilities using drone footage and other techniques.

In the Katashina River flowing through Katashina Village, there is the Koshimoto Toko-gumi. Toko-gata (床固) is a civil engineering facility that prevents the riverbed and embankments from being eroded by the river's flow. Although we see this structure as a matter of course in our daily lives, when viewed up close, it is designed with considerations for nature, such as fishways that do not hinder fish migration."
tdsuQoaj1MMq9hz9UT_Is,https://www.youtube.com/watch?v=8Mzm4_Hahcw,EN,BIRD'S EYE3「３８　上毛電気鉄道沿線の風景」,"This program was broadcast on Gunma TV on December 21 and 22, 2019.

Civil engineering facilities are essential to our lives. There are many civil engineering structures in the prefecture that are designated as important cultural properties and those that utilize the latest technology, all of which have value to be passed down to future generations.
To widely convey the roles and attractions of these civil engineering facilities and to spark interest in the children who will carry the future, we have produced and broadcast a program introducing civil engineering facilities in the prefecture.
Using drone footage and other techniques, we will convey the scale and dynamism unique to civil engineering facilities.

The Jomo Electric Railway connects Maebashi City and Kiryu City in Gunma Prefecture. From the train windows, you can see Mount Akagi in the distance.
A feature of the Jomo Electric Railway is the cycle train, which allows bicycles to be brought on board. Additionally, the train's exterior and interior are decorated according to the season and events to entertain users."
i1eziF2ue4EpkRIR-ZboE,https://www.youtube.com/watch?v=r8JeoMBCBi0,EN,BIRD'S EYE3 '39 Gメッセ群馬周辺の風景' | 建設企画課 | 群馬県,"This was broadcasted on Gunma TV on January 11 and 12, 2020. Civil engineering facilities are essential to our lives. There are many civil engineering facilities in the prefecture that are designated as important cultural properties and those that utilize the latest technology, all of which have value to be passed down to future generations. To widely convey the roles and attractions of these civil engineering facilities and to spark interest in the children who will bear the future, we have decided to produce and broadcast a program introducing civil engineering facilities in the prefecture. We will convey the scale and dynamism unique to civil engineering facilities using drone footage and other techniques. The first broadcast of 2020 will feature the large convention facility "
-9kniUixlp7eWqc1CD3QB,https://www.youtube.com/watch?v=WTxkMS3m5gc,EN,Retreat Card - リトリートカード - A Luxurious Healing Journey in Gunma (Traveler: Miyuki Imori),"The 'Retreat' is a journey that provides healing to those who are tired of their daily lives, away from the everyday. Miyuki Imori, the Gunma ambassador, experiences a luxurious healing journey in Gunma, the 'sacred place of retreat,' through 'food' and 'nature.' Creating time to slowly face oneself is also part of the 'retreat.' Ms. Imori reflects on her entertainment career and shares stories related to her hometown, Gunma Prefecture. Why not spend a leisurely time in Gunma, a place where you can cherish yourself, following the desires of your heart and body?"
ssKhl157cceeXL7Yr_hzh,https://www.youtube.com/watch?v=FS3E2wETbFc,EN,Retreat Card - リトリートカード - A Luxurious Healing Journey in Gunma (Traveler: Hidesuke Nakayama),"The 'Retreat' is a journey that provides healing to those who are tired of their daily lives, away from the everyday. Hidesuke Nakayama, the Gunma ambassador, experiences a luxurious healing journey in Gunma, the 'sacred place of retreat,' through 'food,' 'hot springs,' and 'nature.' Taking time to slowly face oneself is also part of the 'retreat.' Nakayama reflects on his entertainment career and shares stories related to his hometown, Gunma Prefecture. Why not spend a leisurely time in Gunma, a place where you can cherish yourself?"
XFk-ZRWcHgjjlwDDN4pIE,https://www.youtube.com/watch?v=RKTb-QcOVfQ,EN,Oriental Wind カバー | 久石譲 | 侍が尺八を演奏 | Samurai Plays Bamboo Flute,Samurai Bamboo Flute Covered Joe Hisaishi “Oriental Wind” covered by Kizan Kawamura. I hope you enjoy this powerful samurai bamboo flute performance and unique filmmaking.
C-gsbNkUGL9-o4GffQPzz,https://www.youtube.com/watch?v=vL7oVSqODYU,EN,パイレーツ・オブ・カリビアンのテーマソングカバー | 侍が尺八を演奏 | SAMURAI PLAYS BAMBOO FLUTE,Samurai Bamboo Flute Covered Pirates of the Caribbean Theme Song by Kizan Kawamura. I hope you enjoy this powerful samurai bamboo flute performance and unique filmmaking.
x9CWwgduEttiPdj3HZqPF,https://www.youtube.com/watch?v=9cfCN4JdERQ,EN,FUKUYAMA CITY JAPAN 福山市移住定住シティプロモーション動画公式プロモーションビデオ,"We have produced a city promotion video focusing on migration and settlement in Fukuyama City, Hiroshima Prefecture. Please turn on English subtitles to watch!"
jIENhdomNVFbimgFVrNm7,https://www.youtube.com/watch?v=tj6e311vBc0,EN,TOKYO LOVERS 2023 | スナップビデオ | シネマライン SONY FX3 | ブラックミスト No.05,"When working on video production, I tend to become too obsessed with details, which often results in a lack of time to complete my work. To overcome this, I challenged myself to only two hours of shooting and two hours of editing time, and tried to create a cinematic video without being too particular about sound or color. I hope you enjoy my world. Thanks for supporting me."
a0_ou0EH57z4UcmBbMWPR,https://www.youtube.com/watch?v=hmWeHN9I_lA,EN,SONY a7Ⅳ Cinematic 4K||サンシャイン水族館|| Sunshine Aquarium Ikebukuro TOKYO || S-log3 ||Tamron28-75 F2.8,"Filming location@Tokyo
Sunshine Aquarium Ikebukuro
↑
Very recommended place when you visit Tokyo Ikebukuro. Sunshine Aquarium is located on the top of a shopping center. The Sunshine Aquarium is a fantastic city aquarium where kids and adults can enjoy viewing a variety of fish and aquatic mammals.

I got a new gear SONY a7Ⅳ, so I just went to Ikebukuro with this great camera! These footage are test shooting ones. I didn't use any sound effects in this video. I just enjoyed the Aquarium and edited this. Thanks!"
2C9Mwq31b2fMLYkbDHM_E,https://www.youtube.com/watch?v=m0DrHmWdXNU,EN,【Ishikari City Official Video】Fun to Ride ISHIKARI,北海道石狩市のサイクルツーリズムのプロモーション動画です。自転車で石狩を走りたくなるような魅力的な風景や、サイクリング中に立ち寄れるグルメスポットなどを紹介しています。
GPxqNbkGk39ypIADw9h9W,https://www.youtube.com/watch?v=DdvJnTkH2ec,EN,BMPCC4K + 12-100 Olympus Zuiko || TOKYO Landscape || 手持ち撮影 TEST shooting ||Cinematic,Test shooting in Tokyo by using BMPCC4K +M.ZUIKO DIGITAL ED 12-100mm F4.0 IS PRO. I hope you enjoy my world. Thanks for supporting me.
ADDZJZp0TqlXbBxhTsPuR,https://www.youtube.com/watch?v=_mSq3ntQQCM,EN,Passionate Continent × Samurai Shakuhachi Cover | SAMURAI PLAYS BAMBOO FLUTE | 情熱大陸,Samurai Bamboo Flute Covered Hakase Taro “JONETSU TAIRIKU” covered by Kizan Kawamura. I hope you enjoy this powerful samurai bamboo flute performance and unique filmmaking.
34Th1narznGePfjeeW7Xd,https://www.youtube.com/watch?v=nGyGxrzeq8A,EN,[4K] 座間味島 - 未知の沖縄/日本 / Zamami island tourism PR video,I was captivated by Zamami and ended up creating a tourism PR video🏖️. It was selected for the Japan International Tourism Film Festival 2024 and has been featured on the Zamami Village Tourism Association's PC site!
CXMCjLEZACjdK6YhwoeRi,https://www.youtube.com/watch?v=DVRh6tpwNlY,EN,Drive Ishikari,石狩・厚田・浜益地区のエリア別の映像です。石狩へ観光に来た際に、ついでに寄ってみよう！、帰りに寄ってみよう！と思えるスポットを詰め込んでいます。
DVhJSg33V0YfNPqETiqKB,https://www.youtube.com/watch?v=ZKHk3zR1pw0,EN,"Hokkaido Onuma Great Run Walk ""健康 美しさ 力""","The 'Hokkaido Onuma Great Run Walk 2024' is scheduled to be held on October 6, 2024 (Sunday)!

In October 2023, the running event 'Great Run Walk' (commonly known as 'Guran / GR') was held in Onuma, Nanae Town, Hokkaido for the first time in five years.

The 2023 event was captured in a promotional video, expressing the slogan 'Health is health, beauty is beauty, and power is power.'

Each step leads to 'health of the mind and body,' and the attitude brings 'greater beauty and lightness,' providing 'strong confidence and energy' to those who challenge themselves.

The venue, Onuma National Park in Nanae Town, with the majestic and delicate beauty of Mt. Komagatake and the shores of Lake Onuma, will be a special place for runners (walkers) in line with the event's slogan.

And...

This year's 'Hokkaido Onuma Great Run Walk 2024' is confirmed to be held on October 6, 2024 (Sunday)! Entries are expected to open in mid-June.

Details about the event and entries will be announced on the following websites."
sz4TgoIASWU4L2y_pi_9W,https://www.youtube.com/watch?v=FyLBjA1TVZw,EN,"Nanai Town Specialty Product PR Video (Wine, Craft Beer, Sake)",北海道七飯町の特産品ＰＲ映像を作成しました。七飯町はワイン、地ビール、日本酒を製造している町です。
El1zzCsUWpJuOlgnUu_ik,https://www.youtube.com/watch?v=bKXYP5MkVbQ,EN,Nanae Town Activity PV - Summer Edition,七飯町の夏に体験できるアクティビティコンテンツを紹介する動画を作成しました。
RcjkCDDXt5sVjRH0pTIOh,https://www.youtube.com/watch?v=82zOVJr1iMo,EN,Night View of Jodai,城岱スカイライン：１１月上旬～４月下旬冬期間通行止め
oW0UtLAo2SmvLw2nG0Ian,https://www.youtube.com/watch?v=arx-1hggJTc,EN,Shinryoku no Onuma,大沼国定公園に位置する北海道亀田郡七飯町。５月～６月には若々しい新緑の大沼がご覧いただけることと思います。皆様もぜひ大沼へ。
cZlD1kuRNa3LFv2Xt0ZwS,https://www.youtube.com/watch?v=DBg4vEkygak,EN,沖縄の息吹 - OKINAWA［4K］ロングバージョン,"Okinawa is surrounded by vivid colors such as the blue of the ocean and sky, the deep green of the World Natural Heritage forests, and the madder colors of the sunset over the ocean. Discover Okinawa you have not yet known."
FzE2pjuL27uFxeoKtTW34,https://www.youtube.com/watch?v=4a1q5aC_PIc,EN,沖縄の息吹 - Breath of OKINAWA［4K］ショートバージョン,"Okinawa is surrounded by vivid colors such as the blue of the ocean and sky, the deep green of the World Natural Heritage forests, and the madder colors of the sunset over the ocean. Discover Okinawa you have not yet known."
lvHo6ht11OFK3tXeFhGPc,https://www.youtube.com/watch?v=stDgwKlfgOk,EN,何度でも新しいおきなわ4K（ハイライト）,
gmTqM4eVOXFL68K1FVCeh,https://www.youtube.com/watch?v=wjlIY77Q8bU,EN,何度でも新しいおきなわ（アクティブ篇）,
bSIclS07alWaAg3SfhHqV,https://www.youtube.com/watch?v=LmExzksKrp0,EN,ATOSANUPURI TREKKING TOUR（アトサヌプリトレッキングツアー）,This is a trekking tour of Atosanupuri (Sulfur Mountain) that started under the condition of being accompanied by a certified guide from Teshikaga Town.
ymNmi3gW7sKFY1Q5hZfh2,https://www.youtube.com/watch?v=Qz9TnkCOHD4,EN,アカンソウル,"Akan Soul is a non-verbal documentary filmed over three seasons, capturing the daily life of the Lake Akan Onsen area in Hokkaido and Ainu culture. It was a challenging attempt to convey the stories woven by people's daily lives without words or explanations. Through this work, I was able to connect with many people and learn deeply about the culture."
rXQv6gJXCa7z8T5106zO0,https://www.youtube.com/watch?v=1TKmy-PBxgA,EN,TADAMI LINE - 日本の秘境へ,静けさに包まれた奥会津を走る、秘境路線「只見線」。残雪の季節、春の気配とともに列車は山あいを進みます。健気に、ゆっくりと。
q7Q4_HKXWfgjwlpugBB0a,https://www.youtube.com/watch?v=Ho41kxGTV0E,EN,青の洞窟～The Blue Grotto of Japan～,"This is the digest video of my short trip to Tsunegami peninsula, Japan. I went to The Blue Grotto. So beautiful and mysterious, amazing."
SNCvIKfVWojahVl7Xb6Y8,https://www.youtube.com/watch?v=u2wx5JUwVak,EN,Hokkaido Teshikaga town 春夏,"This is a PR video for the three major tourist attractions in Teshikaga, Hokkaido: Lake Mashu, Lake Kussharo, and Iouzan (Spring/Summer version)! "
D-XN33IOYOqVBcHv5wdUx,https://www.youtube.com/watch?v=uj2iWUE-1WM,EN,TESHIKAGA HOKKAIDO JAPAN,北海道弟子屈町の四季をご覧いただけます。
2UimlrAHHIDdVM2qcLjRI,https://www.youtube.com/watch?v=yCNZIH7x0Qo,EN,Higashi Hokkaido Canoe - Kushiro River Descent,こんなに手軽にできると思いませんでした！でも本格的な大自然が広がっていた。心の深いところが癒された気がした。
TX1CdrZEgDfxXikDBSAX7,https://www.youtube.com/watch?v=nktcg5dh6Ho,EN,【2019】弟子屈高校制作 観光紹介動画,"This movie was produced by students from Teshikaga High School who truly love their hometown and would like to share it with the world. So please enjoy this video and show it to your friends! -Teshikaga Winter, 2019"
LKRqoqfsHB1Vr6nzX8hOc,https://www.youtube.com/watch?v=pCAawRFsF7c,EN,Location Introduction 360-Degree Camera: Takamiya Shrine,滋賀県甲賀市のロケ地を360度カメラでご紹介します。
J20kwAJLDf9QHa5SQBn1p,https://www.youtube.com/watch?v=CounMR3dq54,EN,飯道山～近畿に誇れる低山～,Koka Film Festival 2023 [Koka Citizen Division] Mizukuchi Youth Chamber of Commerce Chairman's Award
joXpdYbL7wKO37BJh2kUn,https://www.youtube.com/watch?v=-ZB4Se8_1oc,EN,Koka City Really Has Nothing?,【クリエーター部門】
AD_W3uM9XgeCfI8rON-Ch,https://www.youtube.com/watch?v=qVHO92LaoGk,EN,ええとこなんやけどなぁ～15秒ver,This is a 15-second version of a great place.
1k_12CLGPDEIJaYIVifFP,https://www.youtube.com/watch?v=DcanwVkYYNM,EN,【Midnight Oita】知る温泉県の人々。もっと好きになる大分。 vol.2 full [Official/Oita Prefecture],"Midnight Oita is about Oita Prefecture, known for its hot springs. However, Oita is not just about hot springs. It offers the best spots to relax and enjoy from dusk to midnight. You will surely understand why it is a 'city that can be enjoyed until midnight' once you visit. Whether you are a first-timer or have been here before, we will delve into the nighttime charm of Oita Prefecture that you might find 'a little interesting.'"
GNAewHTCpdxeWjWty9m2d,https://www.youtube.com/watch?v=JKOGOwhnZkg,EN,令和3年度ツーリズム商談会プレゼンテーション動画 ③ (Nakatsu City),中津市は、山国川の源流から河口まで続く渓谷美と城下町の歴史が織り成す魅力あふれるところです。軍師黒田官兵衛・福澤諭吉ゆかりの中津城下町や、奇岩の渓谷が美しい絵巻物のような風景をつくる日本遺産、名勝耶馬渓などがあります。メイプル耶馬サイクリングロードは耶馬渓の景色と歴史を体感できる人気スポットです。
js_4LnHuVknmHTiUOtA-M,https://www.youtube.com/watch?v=PlC_fE6bZqE,EN,Oita Prefecture: Onsen Prefecture Oita Tourism Video - Kitsuki City: Activity Version,"#大分県 #杵築市 #おんせん県おおいた

**日本一のおんせん県おおいた**

大分県内 18市町村の観光PR動画「杵築市：アクティビティ」をご紹介します。
■和服で城下町散策　　■茶道体験

ぜひ旅の参考にしてくださいね♪

大分県観光情報公式サイト　→　https://www.visit-oita.jp/"
7sHM6wASXLBSg8gcKmW5q,https://www.youtube.com/watch?v=Q_eLA9ZUjl0,EN,Oita Prefecture: Onsen Prefecture Oita Tourism Video - Takeda City: Activity Version,"#大分県 #竹田市 #おんせん県おおいた

**日本一のおんせん県おおいた**

大分県内 18市町村の観光PR動画「竹田市：アクティビティ」をご紹介します。
■竹田市歴史文学館・由学館　　■乗馬体験

ぜひ旅の参考にしてくださいね♪

大分県観光情報公式サイト　→　https://www.visit-oita.jp/"
6HwaQvB94T9g4eGAQLdaX,https://www.youtube.com/watch?v=M6wekACEIpw,EN,Oita Prefecture: Onsen Prefecture Oita Tourism Video - Himeshima Village: 2-Minute Version,"#大分県 #姫島村 #おんせん県おおいた

**日本一のおんせん県おおいた**

大分県内 18市町村の観光PR動画「姫島村編」
姫島盆踊り、アサギマダラ、姫島車えび、、魅力いっぱいの姫島村の観光動画です。
ぜひ旅の参考にしてくださいね♪

大分県観光情報公式サイト　→　https://www.visit-oita.jp/"
0556m2Xnn1MVwPfmiZbVd,https://www.youtube.com/watch?v=-GUOdOfmN_s,EN,Oita Prefecture: Onsen Prefecture Oita Tourism Video - Himeshima Village: Activity Version,"#大分県 #姫島村 #おんせん県おおいた

**日本一のおんせん県おおいた**

大分県内 18市町村の観光PR動画「姫島村：アクティビティ」をご紹介します。
■エコカードライブ　　■お面絵付け体験

ぜひ旅の参考にしてくださいね♪

大分県観光情報公式サイト　→　https://www.visit-oita.jp/"
23y4SWkWVKC4Qi1WLnr2v,https://www.youtube.com/watch?v=WJtIdcA3XRU,EN,Oita Prefecture: Onsen Prefecture Oita Tourism Video - Yufu City: Activity Version,"#大分県 #由布市 #おんせん県おおいた

**日本一のおんせん県おおいた**

大分県内 18市町村の観光PR動画「由布市：アクティビティ」をご紹介します。
■お箸作り体験　　■由布院ステンドグラス

ぜひ旅の参考にしてくださいね♪"
PnlfxZaFonsbUKJN8Q6NU,https://www.youtube.com/watch?v=F-QPYrGmV68,EN,Oita Prefecture: Onsen Prefecture Oita Tourism Video - Oita Prefecture: Activity Version,"#大分県　＃おんせん県おおいた

＊＊日本一のおんせん県おおいた＊＊

大分県内 18市町村の観光PR動画「大分県：アクティビティ」をご紹介します。

ぜひ旅の参考にしてくださいね♪

大分県観光情報公式サイト　→　https://www.visit-oita.jp/"
-qyKv20esM9HnfpPkugcT,https://www.youtube.com/watch?v=YuECsU2eV00,EN,Oita Prefecture: Onsen Prefecture Oita Tourism Video - Festival Version,"#大分県　　＃おんせん県おおいた

＊＊日本一のおんせん県おおいた＊＊

大分県内 18市町村の観光PR動画「大分県：祭り」をご紹介します。

ぜひ旅の参考にしてくださいね♪

大分県観光情報公式サイト　→　https://www.visit-oita.jp/"
Mvc4oKH-Vt_eWjOtd-1SQ,https://www.youtube.com/watch?v=Q7AmKnCAlTs,EN,Oita Prefecture: Bamboo Light Version - Onsen Prefecture Oita Tourism Video,"#大分県　＃おんせん県おおいた

＊＊日本一のおんせん県おおいた＊＊

大分県内 18市町村の観光PR動画「大分県：竹あかり」をご紹介します。

ぜひ旅の参考にしてくださいね♪

大分県観光情報公式サイト　→　https://www.visit-oita.jp/"
3YkQrkhYUOo8X21tjbvIq,https://www.youtube.com/watch?v=vBC0PUrc-NA,EN,Oita Prefecture: Onsen Prefecture Oita Tourism Video - Kusumachi: Activity Version,"#大分県 #玖珠町 #おんせん県おおいた

**日本一のおんせん県おおいた**

大分県内 18市町村の観光PR動画「玖珠町：アクティビティ」をご紹介します。
■豊後森機関庫プラ板づくり　　■伐株山パラグライダー体験

ぜひ旅の参考にしてくださいね♪

大分県観光情報公式サイト　→　https://www.visit-oita.jp/"
M7wpYgb0pcy2lXBidiL_B,https://www.youtube.com/watch?v=5towxwEHtzw,EN,2016 Kushiro River Canoe Touring,釧路川でのカヌーツーリングをドローンで撮影した動画です。初秋の釧路湿原と釧路川を流れるカヌーの旅をお楽しみください。
DDjKbvtVMLI4kt135Ye9A,https://www.youtube.com/watch?v=vqE40_mCGE4,EN,Northern Pacific Seaside Line Riding Club Movie,"〜乗馬の魅力をすべての人に〜
東北海道ならではの大自然を楽しめる乗馬クラブです。
北太平洋の美しいビーチ、花が咲く草原をめぐる丘など、多彩なトレッキングコースが楽しめます。"
CFdD-RktU8cBwHl6997hT,https://www.youtube.com/watch?v=w0LsP5qvvpg,EN,2019 10 Kushiro River Source Canoe Tour,澄んだ水が流れる釧路川源流。カヌーで行く「鏡の間」は、湧水が沸く神秘的な空間。紅葉の「釧路川源流と鏡の間を旅するカヌー」をドローンで撮影した映像です。
mFCsuN4nGIME3kWlLSyBW,https://www.youtube.com/watch?v=iyPpKejdrtg,EN,尾野真千子｜「空」と「海」を繋ぐ場所 五島列島・新上五島町【旅色Movie】,"At the westernmost tip of Kyushu, the Goto Islands float in the East China Sea. We traveled to Shinkamigotou Town in Nagasaki Prefecture, which consists of seven inhabited islands and over 60 other islands in the northern part. The beautiful blue gradient where the sky and sea blend together, along with rich nature and precious cultural heritage, makes this town known as a sacred place for fishermen. Would you like to go on an island stay that is so special that Ono-san says, 'The sky and sea are everywhere, but here is exceptional'?"
ukUCEKpiUx70Fv0TeQlVw,https://www.youtube.com/watch?v=dpFDdTXH050,EN,"Manami Higa | A 60-Second Walk Tour of Takehara, Hiroshima",比嘉愛未さんと、映画『吟ずる者たち』のロケ地にもなった広島・竹原を巡る旅へ。レトロな街並みを散策したり、野生のうさぎに出会ったり。一緒に旅する気分でお楽しみください。
rXpmxYWqS7zokpWXxsJns,https://www.youtube.com/watch?v=r9EadNvw_vA,EN,日本の境港市のツアー／「旅色 FO-CAL」,Special feature of Sakaiminato city in Tottori prefecture
hYemlOpPHMSzwI-rasee2,https://www.youtube.com/watch?v=vUHZHG9f3Gk,EN,日本の境港市のツアー／「旅色 FO-CAL」【60秒】,Special feature of Sakaiminato city in Tottori prefecture
Qqimu9wsyfDJ1MaOWIQQq,https://www.youtube.com/watch?v=JsIbxjy1z44,EN,A tour of Sakaiminato city in Japan／“Tabiiro FO-CAL”【180sec】,"▼Web magazine “Tabiiro FO-CAL”
Special feature of Sakaiminato city in Tottori prefecture
https://tabiiro.jp/book/fo-cal/sakaiminato/

◆「旅色」公式HP (日本語)
https://tabiiro.jp/"
u5-w39ISjMmAzJ7cXF60H,https://www.youtube.com/watch?v=eAoDSE7m0yM,EN,Takahashi Maryjun | A Journey Through Matsue City (Tottori Prefecture) 60 Seconds Ver【Tabiiro Movie】,"▼動画の記事はこちら https://is.gd/8DABxd
Matsue, a water city surrounded by Lake Shinji and Nakagawa, is a castle town with remnants of early Edo period fortifications. Experience the rich nature and history, including tea and wagashi culture associated with the feudal lord, the legendary fortune-telling pond, and beautiful skin hot springs, and enjoy a rewarding time on your journey."
lrpTsrzYkGETFpk-_0dCC,https://www.youtube.com/watch?v=c08wlr9MQ4Y,EN,"大野いと｜Nostalgic Journey in Oda, Shimane","Join Ito Ohno on a journey to Oda City, Shimane Prefecture, home to World Heritage Site 'Iwami Ginzan' and the famous 'Koto Beach' known for its singing sand. Experience the ancient history and embark on a mysterious journey that feels like a time slip. Enjoy the feeling of traveling together."
L1kAQH58b_dpg919LlBHu,https://www.youtube.com/watch?v=wJg5OtvoFjE,EN,Experience Toba in its entirety!!,ミスインターナショナル2023フランス代表のリシアとパートナー ローメンが再度、鳥羽を訪れてくれました。1ヶ月にわたる滞在期間中、ありとあらゆることに挑戦してくれました。
yh9wdlnntZ9VFQGwUEXN-,https://www.youtube.com/watch?v=J8S5fcTatIk,EN,"Yuri Nakamura | Top-Class Fruit Production in Japan - A Delicious Trip to Yuasa, Wakayama 60 Seconds Ver【Tabiiro Movie】",湯浅町は醤油発祥の地として有名、海の幸も豊富で、グルメを楽しむ旅にぴったりです。観光名所や絶景スポットもあり、見どころいっぱいの湯浅町を中村ゆりさんとともに散策します。
bUnyK6uhyQWK3_xIb6qlM,https://www.youtube.com/watch?v=vpoQHkTBgdY,EN,加藤ローサ｜はじまりのまち 日本一のふもと富士市【旅色Movie】,"The journey with Rosa Kato took place in Fuji City, Shizuoka Prefecture, where Mount Fuji and Suruga Bay are located. Not only enjoying the stunning views but also introducing the city's highlights such as local gourmet food like Tago no Ura shirasu and miso-making. The scenery, which is also depicted in the Thirty-Six Views of Mount Fuji, is a place that Katsushika Hokusai would have seen, so let's set off on a journey of beginnings!"
GzMp52g5kxpmUCdcbuMgw,https://www.youtube.com/watch?v=zYwBl7JPVpQ,EN,Rina Kawagoe | A Journey to Refresh the Heart by the Clear Stream 60-Second Version【Tabiiro Movie】,川栄李奈さんが茨城県常陸大宮市を旅するスペシャルムービー。まるで一緒に旅をしているような、飾らない素顔が覗けます。茨城県の常陸大宮は、久慈川と那珂川に挟まれた自然豊かなまち。のんびりしたり、おいしいものを食べたり、気ままな旅が叶います。
VB791gN0RPpU8eJOXctAd,https://www.youtube.com/watch?v=iDFUzUtPLtI,EN,【安中市 -四季-】ANNAKA CITY - THE FOUR SEASONS -〈群馬県 観光PR〉,Thank you for watching the video.
B7gnfDyly1avk_qoiggsi,https://www.youtube.com/watch?v=1xHqBKDjALY,EN,VR三間コスモス,
eXOPNXjBNgCZ5M5HAN4Yr,https://www.youtube.com/watch?v=vFACve0qW5k,EN,1泊2日の旅へようこそ【Koi Ishikawa】福井県坂井市,"Sakai City in Fukui Prefecture offers many attractions, including the rugged cliffs overlooking the sea at Tojinbo, the Shonen-ji Temple associated with Akechi Mitsuhide, and Maruoka Castle, affectionately known as 'Oten-shu' by the locals. Of course, you can also enjoy delicious flavors, including the winter delicacy, Echizen crab. Koi Ishikawa will guide you through a perfect 1-night, 2-day trip to Sakai City."
5zAn854JgGcTkh_CQxW8o,https://www.youtube.com/watch?v=iOnWHIgH5Gw,EN,鳥羽市の心に響く四季,"The spring, summer, fall, and winter of Toba are represented by the four seasons, which “have four seasons that resonate in the heart” as an emotional expression. Spring → Beginning, Summer → Memories, Autumn → Richness, Winter → Warmth."
w1aXk7makYip9vF_Aw5XB,https://www.youtube.com/watch?v=o-nSbZahaQk,EN,Nao | Delicious Tokachi Address【Tabiiro Movie】,"日本有数の農業・酪農地帯として知られる北海道・十勝エリア。19市町村からなるこの地域だけでの、食料自給率は、約1,100％を誇ります。食材の宝庫だけに、旅は絶品グルメの出会いとの連続。おいしいものに目がない奈緒さんが十勝のまちを巡り、大地の恵みを満喫しました。"
0wkHJH0P0JDCepTAjCi4u,https://www.youtube.com/watch?v=44KTXiU5Yk0,EN,Fantastique Toba (version courte),ファンタスティック鳥羽（短縮版）
BgOLwGgosx9toODUKCFVo,https://www.youtube.com/watch?v=pNP_LiZfFy4,EN,【JWTFF2024公式選考】新潟文化観光 - 新潟・佐渡地域 -,This film was selected as an official selection in the Japan section of Japan World’s Tourism Film Festival (JWTFF2024).
0wkHJH0P0JDCepTAjCi4u,https://www.youtube.com/watch?v=44KTXiU5Yk0,EN,ファンタスティック鳥羽（短縮版）,Fantastique Toba (short version)
0JCVqZKwrVt3BSMEMkUXc,https://www.youtube.com/watch?v=yqpWMVwW5xA,EN,ゴルフを楽しむ、鳥羽市を楽しむ。,"Enjoy playing golf in Ise-Shima. We recommend you to stay in Toba city with convenient access to any golf course. And we have a variety of accommodations, too. After golf, you will find a lot of amusement spots such as Mikimoto Pearl Island, Toba Aquarium, Toba Bay Cruise, Ama Hut, and sea folk museum."
BoWWCMSCuz670UAYC4TVg,https://www.youtube.com/watch?v=VsTq2q1An3k,EN,四季の移ろい : 秋,"The spring, summer, fall, and winter of Toba are represented by the four seasons, which “have four seasons that resonate in the heart” as an emotional expression. Spring → Beginning Summer → Memories Autumn → Richness Winter → Warmth"
dQE2FbMIWtsCJcXuZY2U_,https://www.youtube.com/watch?v=Gr_kYjmYrz8,EN,四季の移ろい : 冬,"The spring, summer, fall, and winter of Toba are represented by the four seasons, which “have four seasons that resonate in the heart” as an emotional expression. Spring → Beginning, Summer → Memories, Autumn → Richness, Winter → Warmth."
lpi7ns6tQQVEMVvc5Kwf1,https://www.youtube.com/watch?v=neWJ5aIx_0c,EN,えになる北九州「映 ～ Shine ～ 」,"This city is full of 'e' landscapes! We introduce special scenery captured by five keywords that start with 'e' along with wonderful music! The fourth keyword is '映 ～ Shine ～'. '映' is read as 'bae', which means to shine or to be reflected, as in movies. The captivating contrasts and the immersive otherworldly feel make the night city picturesque. Now, let's embark on a journey through the Kitakyushu 'E' world."
87fazkmQKyRy25k9Kw_OW,https://www.youtube.com/watch?v=JhVJDdnDDPY,EN,北九州の本質 15秒CM - Nature Edition -,Here is the playlist of ESSENCE OF KITAKYUSHU
vsapDAKmquRyiAs5eWy26,https://www.youtube.com/watch?v=XUpm1XuJVWg,EN,北九州の本質 15秒CM -Scenery Edition-,Here is the playlist of ESSENCE OF KITAKYUSHU
8gzsK2_X_Lq1zrBiJkovB,https://www.youtube.com/watch?v=TsaPhv_TphM,EN,【Tourisz PV】千年、隠れた集落,"Tourism PR video of Miyoshi City, Tokushima"
qbFs_dzGhq397mgDNyo7q,https://www.youtube.com/watch?v=tW2s74u0Rso,EN,祖谷の旅,Alex Kerr introduces the Iya Valley in Tokushima.
Z0OqJ5dBo1uLXDUylMq_r,https://www.youtube.com/watch?v=3gBuvWyg-cU,EN,四国地方の魅力 ルート01,Introducing the local charm of Shikoku (Route 01)
GgHSSQNKP05_quCs3BVZp,https://www.youtube.com/watch?v=xqC50fjl0ao,EN,"Wakasa Obama’s Traditional Beauty, Coloring the Heart.",#伝統工芸 #小浜市 #若狭塗箸 #若狭工房 #若狭めのう細工 #若狭めのう #wakasaobama #obamacity #伝統工芸品 #伝統文化 #伝統工芸士 #手仕事 #御食国 #加福漆器店 #宗助工房 #japan #japanese #chopsticks #暮らしを楽しむ #小浜 #若狭塗箸 #伝統工芸 #ものづくり #青々吉日 #青々吉日tsurugawakasa
HKQjQ2ko7XtD0jzNxx3O_,https://www.youtube.com/watch?v=WTnlRtGfj14,EN,"IT'S LIFE,祖谷の旅 〜空から秘境へ〜","Enjoy travelling by helicopters to the Iya Valley, one of the three mysterious lands in Japan, for a unique experience. Experience farming on the steep hillside that was designated a World Agricultural Heritage Site. Take a walk at the hidden hamlets with impressive and ancient air to it. You may also make traditional cuisines with local residents, stay in hundreds years old traditional-style house with thatched-roof and most advanced equipment. How about spending your precious time at the mysterious mountainous region, Iya, to experience the beauty of the Japanese countryside?"
pMF4rovrPWq3lGITurWcO,https://www.youtube.com/watch?v=3Jjf7cbfLjA,EN,新しい生活様式に対応した観光コンテンツ,Introduction of tourism content that corresponds to the new lifestyle in response to the novel coronavirus (in simplified Chinese)
Wjvv7TG9c3t3vyAFw5qA_,https://www.youtube.com/watch?v=5iFDP2I3iz8,EN,新しい生活様式に対応した観光コンテンツ,Introduction of tourism contents that correspond to the new lifestyle in response to the COVID-19 virus (in simplified Chinese)
qzpNEEKAl5NADE-FwZiRN,https://www.youtube.com/watch?v=UJmY-zmtIP4,EN,"Wakasa Obama’s Traditional Beauty, Coloring the Heart.",#伝統工芸 #小浜市 #若狭塗箸 #若狭工房 #若狭めのう細工 #若狭めのう #wakasaobama #obamacity #伝統工芸品 #伝統文化 #伝統工芸士 #手仕事 #御食国 #加福漆器店 #宗助工房 #japan #japanese #chopsticks #暮らしを楽しむ #小浜 #若狭塗箸 #伝統工芸 #ものづくり #青々吉日 #青々吉日tsurugawakasa
rNqFSD04JRBpRFWus9CYT,https://www.youtube.com/watch?v=BVGOzuopCfY,EN,安中市 - Summer - ANNAKA CITY - 夏 -,"〈SL Gunma Yokokawa〉 A steam locomotive born in 1940. It runs with the teamwork of the engineer and the assistant engineer. The person who operated it said, 'The locomotive is a living creature.' This footage was taken on July 18, 2021. In the summer of 2024, many SLs will run again. Please wave to the train from the tracks. (Updated with the latest information for 2024)"
rKHiPy7VsdFzSb_bEIuy7,https://www.youtube.com/watch?v=ZJAYLd76gIg,EN,【安中市 -秋-】ANNAKA CITY - Autumn -〈群馬県 観光PR〉,"Guided walking tour that started on October 14, 2018. The tour has become popular with over 1,000 participants annually."
oS3GJZ8AgLymkYBxksJKY,https://www.youtube.com/watch?v=Vz8DnUNWUYY,EN,ANNAKA CITY - Winter -【安中市 -冬-】,"【The Town of Railways - Yokokawa】 The line between Takasaki and Yokokawa opened in 1885, and the line between Naoetsu (Niigata Prefecture) and Karuizawa opened in 1888. The 11.2 km section between Yokokawa (Gunma Prefecture) and Karuizawa (Nagano Prefecture) opened in just a year and a half in 1893. The town of Yokokawa became the gateway for travelers crossing the pass. 'Toge no Kamameshi' was first sold at Yokokawa Station on the Shin'etsu Line on February 1, 1958, and has sold approximately 170 million units, making it a representative product of station bento. The ceramic container that inspired the birth of Toge no Kamameshi was adopted in response to customers' requests for 'warm bento' during long train journeys. The warm rice is served in a Mashiko-yaki earthenware pot, accompanied by nine ingredients such as chicken, bamboo shoots, shiitake mushrooms, burdock, chestnuts, and apricots. The contents and wrapping change with the seasons and events, delighting both tourists and locals. The 'station soba and udon' at Yokokawa Station and Karuizawa Station are also recommended."
6eLyLMbGTx8twFfnA2R0o,https://www.youtube.com/watch?v=g5JRWj7zc2I,EN,【安中市 -春- 】ANNAKA CITY - Spring - 〈群馬県 観光PR〉,"【SL Gunma Yokokawa】 A fun train. Operation dates in Spring 2024: April 27, EL/SL Takasaki Station 140th Anniversary Yokokawa; April 29, EL/SL Takasaki Station 140th Anniversary Yokokawa; May 4, EL/SL Takasaki Station 140th Anniversary Yokokawa; May 12, EL/SL Annaka Samurai Marathon. For more details, visit → https://www.jreast.co.jp/railway/joyful/slgunma.html"
Pgijpr3U80g4b9GV3jwWy,https://www.youtube.com/watch?v=-BmEAuEHhF0,EN,【2020年 新緑】碓氷峠廃線ウォーク【大谷ノブ彦 金曜ダイジョーブ！ふるさとからの手紙】,"The stage for the abandoned railway walk is the Usui Pass, which separates Gunma Prefecture and Nagano Prefecture. The Abt-style railway opened in 1893, and a new line was opened in 1963 to cross the pass. The section between Yokokawa and Karuizawa was abandoned in 1997, and the then Usui District Matsuidamachi received it from JR. Even after 22 years, tunnels and tracks remain as they were at that time. This time, we will deliver footage of the fresh green Usui Pass taken on May 13, 2020. It is high-definition 4K footage. Enjoy the feeling of going out at home."
uxbDYD6H64UtqgSEZkLnY,https://www.youtube.com/watch?v=PD-vpp4J3gw,EN,【Usui Pass Railway Cultural Village】群馬県安中市の旅,
HP-nevFwg_0z-ow5bfaup,https://www.youtube.com/watch?v=AB5Kp0eEDAo,EN,Island of Smiles | 【喜界島】喜びの島,"Official website: https://bit.ly/3koX8Qf Official Instagram: https://bit.ly/3XgZuzh Kikai Island, made of coral, boasts a beautiful natural environment. It is a nature-rich island where the blue of the beautiful sea and the green of the land overlap. The island's culture, relaxed island time, and encounters with kind islanders create a wonderful journey filled with joy. ■ What is Kikai Island Kikai Island is located about 380 km south of Kagoshima and 25 km east of Amami Oshima. It is an uplifted coral reef island floating on the ocean where the Pacific Ocean and the East China Sea meet. Most of the island is uplifted coral reef, and it is a scientifically valuable island that continues to rise at an average of 2 mm per year. The island is covered with sugarcane fields, and the brown sugar and brown sugar shochu made from sugarcane are local specialties. It is also known as the largest producer of white sesame in Japan. Within Kikai Island, there are many famous spots, including Hyakunodai Park, one of the ten scenic spots of Amami, beautiful Sugirabeach, Hawaii Beach, and ancient coral stone walls. In recent years, it has also attracted attention as a diving spot."
k7W1t66GVz5_C_Mwuhg-y,https://www.youtube.com/watch?v=2bvoJ23oSVE,EN,未だ見ぬ世界（ふくい）へ【地味にすごい、福井動画コンテスト入賞作品】,"This work is an award-winning piece from a video contest held by Fukui Prefecture, themed 'Subtly Amazing, Fukui'."
9RyCjeOge1hunLW0rbOeI,https://www.youtube.com/watch?v=2gJECmPKoTg,EN,熱唱！崖っぷち東尋坊ツアー！！,"Daniella from Italy and Priska from South Africa went to the cliff 'Tojinbo' on the Japan Sea in Fukui Prefecture! Will they be able to reach Tojinbo safely after getting caught up in shopping and food walking? What did Priska do at the columnar jointed cliff, said to be one of only three in the world...? You will surely want to imitate it! :)"
pVcYKmpHZKJp_oZehtqH9,https://www.youtube.com/watch?v=On9JyUTRk3k,EN,目と胃袋が幸せに！癒しと香ばしの若狭旅,"Daniella from Italy and Priska from South Africa head to a sky date spot! What is the breathtaking view that made Daniella exclaim 'paradise'!? The two also confess their ideal partners as they chat about love! When hungry, they dive into the 260-year-old tradition of 'grilled mackerel'! A satisfying trip that fills both the eyes and the stomach. Currently, due to the impact of the coronavirus, traveling and sightseeing outside the prefecture is difficult, but when things settle down, please come to Fukui!"
3Zip_ml8MMa3-vTg6_gJ4,https://www.youtube.com/watch?v=LDBHdq1c2sg,EN,Intense!! Opening of the Glasses Competition World Championship,"In the Glasses Museum, Mokutaru and Hunter face off in a serious competition representing their countries at the 'Glasses Competition World Championship!!!'

In Sabae City, which has over 95% share of glasses frames, there is something called 'Glasses Competition'. Let's change into our uniforms and give it our all!

In 'Glasses Dash', Mokutaru gets too excited and causes a trouble... Can he win against the Gold Glasses List with a handicap in 'Glasses盛り'!?"
rVxcAWaEw3UonfogCEWea,https://www.youtube.com/watch?v=_pNMVr4Aa7w,EN,【大食い】外国人VS超巨大ソースカツ丼！決死の完食チャレンジ,"Mokhtar, a half Senegalese, and Hunter from the USA challenge the famous sauce katsu don from Fukui! The amount is a whopping six servings! Mokkun shows confidence, and Hunter says he can handle it as a big eater. Will they be able to finish it?! It's not just sauce katsu, but also some other things come with it... >< ★Currently, due to the impact of the coronavirus, traveling and sightseeing outside the prefecture is difficult, but when things settle down, please come to Fukui! 【Request from the shop】 Due to infection prevention measures, we currently do not accept challenges with multiple people. Only those who want to eat alone (warriors) should contact us."
1-LkHqYbWB0j-7OsHdCqw,https://www.youtube.com/watch?v=1wZ3VsuyAUc,EN,【15秒CM】【武商吹部 ver.】Fukui Prefecture Residents' Bad Rap 'Come Visit Us!' - Fukui Prefectural Takefu Commercial and Industrial High School Wind Orchestra,"Here is the main part!

The Fukui Prefectural Takefu Commercial and Industrial High School Wind Orchestra appears in the music video 'Bad Rap' that promotes the local charm loved by the residents of Fukui Prefecture! The wind orchestra has represented Hokuriku in the national competition seven times and is gaining attention as 'the funkiest band in Japan.' They energize the bad rap with their dynamic performance. Once you hear it, you won't forget 'Fukui, come visit us!' We deliver 'FUKUI' with all our hearts! Please sing and dance along with us＾＾"
-JG4pbIjY0ziqaMXgPknL,https://www.youtube.com/watch?v=fRz27aRJpng,EN,大垣での伝統的な日本酒造り,"This is a PR video that promotes Japan's 'traditional sake making', which has been registered as a UNESCO Intangible Cultural Heritage."
UKvSNAs-K9eXnzryu9TPK,https://www.youtube.com/watch?v=roE2cyCKDT0,EN,"Co-existing with nature in Kushiro, Akan, Mashu and Kawayu(short ver.) -Untouched HOKKAIDO 2023-",Untouched Hokkaido - 水のカムイ観光圏
y__3IRuhyd0oeXvEVBIe9,https://www.youtube.com/watch?v=fMjPIUBN13w,EN,摩周湖早朝雲海 / Sea of Clouds Over Lake Mashu in the Early Morning,"Website: http://untouchedhokkaido.jp/ FACEBOOK: https://www.facebook.com/untouchedhokkaido/ Instagram: https://www.instagram.com/untouched_hokkaido/?hl=en

Around 20 minutes by car from Kawayu Hot Springs is Lake Mashu Viewpoint No. 3. Arrive here between sunrise and around 8:00 AM and you might see an incredible sea of clouds. The clouds covering the sky change from one movement to the next - you won't be able to tear your eyes away! The scene is completed by waves of clouds that flow over Lake Mashu from the surrounding mountains. June to September is the best time to see the sea of clouds in Teshikaga Town. Lake Mashu Viewpoint No. 3 is the best vantage point, at over 100m higher than Viewpoint No. 1. If you're lucky, you'll see a ""double sea of clouds"" around you, with clouds covering both Lake Mashu and Lake Kussharo! Make sure you check the best time of morning and viewing conditions in advance, as it changes depending on the season and the weather."
CdlAg0EJagBngEQ7uNbaH,https://www.youtube.com/watch?v=V6AUcBpc6M0,EN,釧路川源流クルーズ・鏡の間,"The Kushiro River is the only river that flows out of Lake Kussharo. It runs through Kushiro Shitsugen Wetland and out to sea. A short distance to the side of the Kushiro River is a magical spot called Kagami no Ma. Kagami no Ma is Japanese for 'mirror room' and you'll see why as soon as you see how clear this spring is. The water remains below 10°C all year round, and the area offers a vastly different scene from the Kushiro River nearby. With its cool air, crystal-clear water and lush greenery, Kagami no Ma will captivate you."
DnswQEUbKfyN-_e4seCkL,https://www.youtube.com/watch?v=uhO9xdmU_Ro,EN,和琴半島一周カヌークルーズ,"Wakoto Peninsula is a peninsula that is about 3km around, jutting into a lake with a circumference of 57km. Its name comes from the Ainu phrase 'wakkochi', which means 'the narrow part of a fish's tail'. The peninsula is a fascinating volcanic area, with hot springs everywhere and an area called Oyakotsu Jigoku (Oyakotsu Hell) at the tip of the peninsula, where plumes of smoke rise from the ground. Covered with deep forest, Wakoto Peninsula offers new natural splendor with each season: North Japanese hill cherry blossoms in spring, new greenery in early summer, colorful foliage in autumn. On a sunny day, Lake Kussharo is at its clearest, offering a view that will take your breath away. After you paddle around the peninsula, Mrs. Hiratsuka will serve you a hearty homemade lunch near the stunning Oyakotsu Jigoku. Made with local ingredients from Teshikaga and the surrounding area, every option will have you smacking your lips in satisfaction. The heartfelt hospitality you'll receive will make this the best canoe cruise you've ever been on."
sM6l_1XCUUW81SNWu2R9z,https://www.youtube.com/watch?v=S2a0P4_hboM,EN,阿寒湖・阿寒川フィッシング,"Lake Akan is famous for its marimo moss balls and is surrounded by untouched nature. It's also home to an abundance of native trout species, making it a beloved spot for fly fishing and lure fishing enthusiasts. Fishing is banned until April 30 each year to protect the fish population, but the period from May 1 until autumn is an angler's paradise! Even beginners will find it easy to catch rainbow trout, Japanese char, and kokanee in Lake Akan. Be aware that the area from the mouth of the Akan River at Lake Akan to the Yukan Bridge is a catch-and-release area - the first in Hokkaido (designated in 2003). A recreational fishing charge of JPY1,500 per day applies (to be paid in advance)."
m3sxyUy9ULiNI0ln1kjLl,https://www.youtube.com/watch?v=2PWVaZmCGAs,EN,Chikurouen Flagship Store / 竹老園東家総本店,"Chikurouen's flagship store is one of the oldest soba noodle restaurants in Hokkaido. With a history of over 140 years, this specialist restaurant has honed its skills and is still striving to improve on its authentic local noodles. Kushiro soba noodles stand out from the rest - they're green! That's because they're made from new buckwheat. The founder of Chikurouen is said to have wanted every customer to enjoy soba noodles made from new buckwheat, and that tradition is still alive today."
kWX0p5Z577MfWhK7UZe3f,https://www.youtube.com/watch?v=pOZlm-PhllE,EN,Untouched Hokkaido ダイジェスト(Summer),"Website: http://untouchedhokkaido.jp/ FACEBOOK: https://www.facebook.com/untouchedhokkaido/ Instagram: https://www.instagram.com/untouched_hokkaido/?hl=en

Historically and geographically, Eastern Hokkaido is a unique place that, while being part of Japan, is located on the North American Plate, resulting in a rich variety of rare plant species. It is here that one can encounter rare wildlife, and the national parks of Japan, where many creatures live, have been preserved by the local people who have coexisted with nature for a long time, creating a place where 'nature remains untouched (Untouched Hokkaido)'. Eastern Hokkaido is connected by rich clear streams and is home to the elegant and beautiful Tancho, a special natural monument of Japan. In the language of the indigenous Ainu people of Hokkaido, the Tancho is called Sarorunkamuy (the god that lives in the marsh). Water nurtures life and transforms into various forms as if enchanted."
CT1iC7FdW74d8f4r0NqCo,https://www.youtube.com/watch?v=lVpcHFWbsSU,EN,手付かずの北海道：日本の自然のワンダーランド（夏）,"Website: http://untouchedhokkaido.jp/ FACEBOOK: https://www.facebook.com/untouchedhokkaido/ Instagram: https://www.instagram.com/untouched_hokkaido/?hl=en

Historically and geographically, Eastern Hokkaido is a unique place that, while being part of Japan, is located on the North American Plate, resulting in a rich variety of rare plant species. It is here that one can encounter rare wildlife, and many creatures inhabit Japan's national parks, which have been preserved by the local people living in harmony with nature since ancient times, known as 'Untouched Hokkaido.' This region of Eastern Hokkaido is connected by rich clear streams and is home to the elegant and beautiful Tancho, a special natural monument of Japan. In the language of the indigenous Ainu people of Hokkaido, the Tancho was called Sarorunkamuy (the god that lives in the marsh). Water nurtures life and transforms into various forms as if enchanted."
YUEfnIkVTuZ4JWf0MZoDz,https://www.youtube.com/watch?v=sWMmV77ob6A,EN,Mt. Io:Untouched Hokkaido/硫黄山,"Teshikaga Town: Mt. Io

Stand inches away from the pulse of the earth. With the distinctive smell of sulfur and alpine plants at much lower altitudes than they usually grow, Mt. Io is like a scene from another planet. Mt. Io is located around 3km from Kawayu Hot Springs, and is called Atosa-nupuri (bare mountain) in Ainu. To this day, sulfur plumes rise from various areas of the mountain, with an incredible rumbling sound. Large-scale sulfur mining once took place here, which played a significant role in Teshikaga Town's development. Parking is free during the winter (late November to early April). Parking fees apply during summer: 00 for a motorcycle, 00 for a car, 000 for a minibus, 000 for a large bus. *Mt. Io is currently closed to the public for safety reasons, as there is currently a risk of falling rocks."
YHajHHhiAJus1xCmG_cC0,https://www.youtube.com/watch?v=mPK-WCii4UA,EN,Hike along the Akan River:Untouched Hokkaido/阿寒川リバーサイドハイク,You’ll be hard-pressed to find a more beautiful hiking spot than this tranquil river surrounded by forest with natural hot springs along the way.
aeDxA1SDei57yMbJv5JwV,https://www.youtube.com/watch?v=ffv2eBP9iKA,EN,Kotan no Yu: A free open-air hot spring by Lake Kussharo/Untouched Hokkaido/コタンの湯,
SVye1WIT0hREtt8C08UL0,https://www.youtube.com/watch?v=JKISVLYxvBY,EN,Early morning tour of Lake Akan in winter:Untouched Hokkaido/冬の阿寒湖早朝散歩,"Take an early morning tour through the snowy scenery around Lake Akan. In winter, you can explore a freezing natural environment where it is not uncommon for early morning temperatures to reach -20°C. The winter chill creates magical natural beauty. You can walk across the completely frozen Akan lake to its island in around 10 minutes. You can also see the sunrise over Mt. Oakan and beautiful natural phenomena such as frost flowers, rime and diamond dust. The tour meets at 6:20, early mornings from late January to mid-March. In summer, this island can only be reached by boat."
94a682Hthy6IaA6rbXDwJ,https://www.youtube.com/watch?v=-HaLM4FzfEg,EN,Fukutsukasa Sake:Untouched Hokkaido/釧路の地酒 福司酒造,
uwbC1xqoUeM8rIlwwvY6Z,https://www.youtube.com/watch?v=rktR5QNfzQk,EN,Sunset Cruise : Untouched Hokkaido / 釧路サンセットクルーズ,"Sunset Cruise
Kushiro is said to have one of the three most beautiful sunsets in the world, and the best place to see it is from a boat."
dG0zdrBjjdCYxUvNTMuNW,https://www.youtube.com/watch?v=k0oaDk_gxr0,EN,“sarorun kamuy”Red-crowned crane(Grus japonensis):Untouched Hokkaido / タンチョウヅル,"Sarorun Kamuy
The Kushiro area is home to the natural habitat of the red-crowned crane, a designated special natural monument that was once called “sarorun kamuy”, which means “spirits that live in the marshlands”, by the native Ainu people.

Untouched Hokkaido
Eastern Hokkaido has a history and geography all of its own. Despite its location in Japan, it is actually on the North American tectonic plate, and as a result it is full of extremely rare plant life. Eastern Hokkaido locals have coexisted for generations with the area's rare wildlife and the nature in the national parks that those animals call home, and as a result there are many natural areas that are untouched by human hands."
HlAztY58nAM9quBxW-TI5,https://www.youtube.com/watch?v=ZYnOi6lue8Y,EN,Cape Kirakotan : Untouched Hokkaido / キラコタン岬,"Cape Kirakotan is a designated national natural monument area, and its name originates from when the marshland was still part of the ocean, 6 thousand years ago. It was found to be a natural breeding ground of the red crowned crane that was previously thought to be extinct."
IVqsbmf18VYaHkdNiDoRv,https://www.youtube.com/watch?v=0YlwrWg5-Qo,EN,Untouched Hokkaido ダイジェスト(Winter),"Welcome to Eastern Hokkaido, an incredibly beautiful area filled with rare wildlife and natural wonders. The area is blessed with an abundance of pure, natural water that transforms the landscape throughout the seasons."
9HCaggUkNUOhgtLSBOH-7,https://www.youtube.com/watch?v=8xRVA8L8cSE,EN,伊豆半島を体験する,Introducing the fun experiences you can have at the Izu Peninsula Geopark!
BuaBzEOKb79IybuTuIlEO,https://www.youtube.com/watch?v=x7dchqtJqxw,EN,Toyama｜富山の夏の映画4K,Kurobe
1nln88SMxBo5CVXFdGYAR,https://www.youtube.com/watch?v=cRCiAqMFl74,EN,Toyama｜富山の秋の映画 4K,Kurobe｜黒部
-EvlF_h5fQX8yDXQDDqLX,https://www.youtube.com/watch?v=tWrjLSQt2_Y,EN,Toyama | TOYAMA WINTER MOVIE 4K,富山の冬の魅力をまとめたプロモーション動画です。
VTOCb4jvJOkXwdRofZ1Rv,https://www.youtube.com/watch?v=nI4aFWRg5FQ,EN,Tateyama Kurobe | TOYAMA SPRING MOVIE 4K,"Iori bridge｜伊織橋
Tateyama｜立山
Kurobedaira｜黒部平
Kurobe Dam｜黒部ダム
Murodo｜室堂
Raichoso｜雷鳥荘
Mikurigaike｜みくりが池
Tateyamakurobe Alpine Route｜立山黒部アルペンルート
Shomyodaki｜称名滝"
w3LTDrX6ULlgm7MRjoDdi,https://www.youtube.com/watch?v=E9GpUYeK9dM,EN,TATEYAMA WINTER MOVIE 4K,立山の冬の魅力をまとめたプロモーション動画です。
EDnF9k-rN3xPIIAQgoYkH,https://www.youtube.com/watch?v=A8GZmELYTpE,EN,급경사 언덕!,"島根の絶景
美しい日本の精神と原風景
ローラーコースターを思わせるアッと驚く大橋
急勾配の丘！"
9J7AjMaXOmHz2zoXkjX_J,https://www.youtube.com/watch?v=4pdydqX0xC4,EN,Uwajima【英語訳付】宇和島,
RJPCj3KRsjJA01pmQ58SP,https://www.youtube.com/watch?v=tA6Qin7hHKw,EN,Uwajima【韓国語訳付】宇和島,
lBvvQ3iBuTosIUFIlxtp8,https://www.youtube.com/watch?v=VHmbhEkVeBU,EN,あなたとしまねを結ぶ旅「むすぶらり」,"Would you like to stroll and feel the charm of Shimane with a local guide? Web site open campaign is being held! (Target period: April 1, 2018 - November 30, 2018) For details, click here▶http://www.kankou-shimane.com/musuburari/"
e8EomNRFM0-LGvnlEBfjT,https://www.youtube.com/watch?v=6sYYMraIw0w,EN,Soleil levant au château de Matsue,島根県の美しい風景
xpAHvnEa8uqmPyShifC3P,https://www.youtube.com/watch?v=aRXpeLdgBGE,EN,Soleil levant sur le lac Shinji et la rivière Ohashi,島根県の美しい風景
bxUyuGR_Vwze4KBM3QVDh,https://www.youtube.com/watch?v=eET-fl51xok,EN,แสงอาทิตย์ยามเช้า ณ ปราสาทมัตสึเอะ,島根の美しい風景
VsJ-_QQ58baftDeigBu7i,https://www.youtube.com/watch?v=wTRqOEpPoeY,EN,งานฝีมือดั้งเดิมของอิวามิ,島根の美しい風景
GEJs0uUfLyjEE9kReaMDT,https://www.youtube.com/watch?v=QAPnAAckDzI,EN,แสงอาทิตย์ยามเช้า ณ แม่น้ำโอฮาชิและทะเลสาบชินจิ,島根の美しい風景
gLw69Lazc4l6dfeyWv24y,https://www.youtube.com/watch?v=D8FLTbSQz4E,EN,오하시가와 강과 신지코 호수의 아침 해,"島根の絶景
美しい日本の精神と原風景

ドラマティック！光の絶景
オハシガワ川とシンジコ湖の朝日"
YLu3W6mqAOhJiwbNYs2Uk,https://www.youtube.com/watch?v=Ohy_9qs_U2Y,EN,이나사노하마 해변의 석양,島根の絶景
oh7P1x7EluXcN6dU-4Aqx,https://www.youtube.com/watch?v=fzZfTWdIHsM,EN,Coucher de soleil sur le lac Shinji,島根県の美しい風景
g0jQ28VV4B_Pv8Nrh3RU3,https://www.youtube.com/watch?v=wzJ6dxeBiok,EN,Une pente extraordinairement raide !,島根県の美しい風景
rCNOniXIjq5IfGvvIqwIV,https://www.youtube.com/watch?v=fjuIF9pZmG0,EN,Sanctuaire de Izumo-taisha,島根県の美しい風景
rCNOniXIjq5IfGvvIqwIV,https://www.youtube.com/watch?v=fjuIF9pZmG0,EN,出雲大社,Beautiful landscapes of Shimane Prefecture
P4m7Kn9BYlKmEx4VJ0Ado,https://www.youtube.com/watch?v=tFL1p1F4zs4,EN,이와미 카구라,"島根の絶景
美しい日本の精神と原風景
火を噴くイムリを退治！
岩見神楽"
2bksC_IHp9WMwwOzjdIsh,https://www.youtube.com/watch?v=IrQIyZbcgA4,EN,แสงอาทิตย์ยามเย็น ณ ทะเลสาบชินจิ,"島根の美しい風景
日本の美しい精神と伝統的な景観"
Cdxv675cVBeo9BafdtCXv,https://www.youtube.com/watch?v=2SU1oZULMjg,EN,สะพานสูงชันอย่างคาดไม่ถึง  !,"美しい島根の景色
日本の美しい精神と伝統的な風景"
7P89uclJpV4sV2X_5GzTR,https://www.youtube.com/watch?v=snIn66DSl14,EN,ภาพการแสดงสด (Live) ที่อุทยานธรณีโลกยูเนสโกเกาะโอกิ,"島根の美しい風景
日本の美しい精神と伝統的な景観

沖の島の力に満ちた美しい風景！
ユネスコ世界ジオパーク沖島でのライブパフォーマンス"
sZOI0S0EX11Kpor7AErxd,https://www.youtube.com/watch?v=g_03SA1hGek,EN,油門全踩之坡！,"A steep bridge that grips the car with a claw
A slope where the accelerator is fully pressed!"
VD0mt8ixfHHObKMWEPeZL,https://www.youtube.com/watch?v=rXbWWboqqxo,EN,Nitto Hotatara,島根県の美しい風景
Hbg54mTRShj8nueuV-Ayl,https://www.youtube.com/watch?v=OhWEmXNVzO0,EN,닛토호 다타라( 전통방식으로 일본 검을 만드는 작업),"島根の絶景
美しい日本の精神と原風景"
w42HU19Fe9sOdtolCrj-t,https://www.youtube.com/watch?v=LDeznTjajfM,EN,이즈모 타이샤 신사,"島根の絶景
美しい日本の精神と原風景

縁の聖地！
出雲大社"
QT2CSPqYNEtzqhdKSNCan,https://www.youtube.com/watch?v=vdxgDyRSrnM,EN,신지코 호수의 석양,島根の絶景
VKEywKIzI8XVsdbJzMgbL,https://www.youtube.com/watch?v=1vaUTR4qa9A,EN,"Concert Live au Géoparc des îles Oki (Oki Island Global Geopark), classé au patrimoine de l'UNESCO","島根県の美しい風景
本物の日本の精神、保存された美しさの風景
大木島の素晴らしい景色！"
VKEywKIzI8XVsdbJzMgbL,https://www.youtube.com/watch?v=1vaUTR4qa9A,EN,コンサートライブ - 大木島グローバルジオパーク（UNESCO世界遺産）,"The magnificent landscapes of Shimane Prefecture
An authentic Japanese spirit, landscapes of preserved beauty
Stunning views of the Oki Islands!"
5SeXaNfCl4eYhqvTUXBAH,https://www.youtube.com/watch?v=GoVFqIt5KJo,EN,นิตโตโฮะทาทาระ,島根の美しい風景
GnhyzJNUZGmT7L2XIaUkr,https://www.youtube.com/watch?v=pXKd338KvQc,EN,日刀保踏鞴,Excellent scenery of Shimane
LkNvpYySEDXFNE-vjWGDm,https://www.youtube.com/watch?v=9H-3CN2dWYI,EN,이와미의 전통 공예,島根の絶景
y-Yw8MZXvTG9nj8iAw0Hk,https://www.youtube.com/watch?v=2t7Gk2IDYZc,EN,วัดอิสุโมะไทฉะ,"島根の美しい風景
日本の美しい精神と伝統的な景観
恋愛に関する祈りの聖地！"
v4byxJswkw8TwrOKuENdO,https://www.youtube.com/watch?v=QF8sXNWRWLI,EN,การปราบงูยักษ์ 8 หัวพ่นไฟโอโรจิ ! การแสดงท้องถิ่นอิวามิคางุระ,"島根の美しい風景
日本の美しい精神と伝統的な景観"
ZEoPgXLszmOnPLH7OCsaW,https://www.youtube.com/watch?v=VODtlpQ6X7Q,EN,Artisanats traditionnels d'Iwami,島根県の美しい風景
ZEoPgXLszmOnPLH7OCsaW,https://www.youtube.com/watch?v=VODtlpQ6X7Q,EN,Iwamiの伝統工芸,The beautiful landscapes of Shimane Prefecture
UTOcGPsyTydZaqujz_W_w,https://www.youtube.com/watch?v=uVYSoarkSA8,EN,Coucher de soleil sur la plage d'Inasa,島根県の美しい風景
2ngVeVE2UhUcheelD6PAq,https://www.youtube.com/watch?v=TrOkKb-nnuE,EN,오키 유네스코 세계 지오파크 절경 LIVE,"島根の絶景
美しい日本の精神と原風景

ダイナミック！オキの絶景"
YywiejQVKorWLsjU8EH3Z,https://www.youtube.com/watch?v=N1vSXii4ltc,EN,Iwami-kagura : L'extermination du serpent au souffle enflammé !,"島根県の美しい風景
日本の本物の精神、保存された美しさの風景"
9uQCPU5Ad7czbCMbmiw9T,https://www.youtube.com/watch?v=78yBPiH55sg,EN,大阪の四季＜ショート版＞,"Check out some of Osaka’s top sightseeing spots, food, and culture."
HnnUL3MMA9kBBpkGXwWOx,https://www.youtube.com/watch?v=eRKNyy5OhiM,EN,ทิวทัศน์ที่สวยงามของชิมาเนะ ส่วนเนื้อเรื่องหลัก,シマネは、現在でも長い歴史と文化を維持しています。
-FwTuAeqDoTAYKVIXz6Ou,https://www.youtube.com/watch?v=2mKPTRSNKz4,EN,Les paysages magnifiques du département de Shimane Version longue,島根は歴史の土地であり、古くからの文化が今も生きています。4Kの超高解像度で、古き良き日本の本物の風景を発見してください。島根に出かけて、本物のものに出会いましょう。
WxWsWFIYci2slQdpelyqD,https://www.youtube.com/watch?v=wyCsG-B7w1k,EN,시마네의 절경 본편,悠久の歴史と文化が現在も息づく島根。愛おしく美しい日本の原風景を高画質4K映像でご覧ください。それでは、島根で本物に出会う旅へ～
Nw-2y2h98Edrjc1E0qbOa,https://www.youtube.com/watch?v=9HE2InYaCoY,EN,ทิวทัศน์ที่สวยงามของชิมาเนะ ส่วนภาพอิมเมจ,シマネは、現在でも長い歴史と文化を維持しています。美しい日本の風景を思い起こさせる4Kの高解像度ビデオをご覧ください。さあ、シマネに行って本物に出会いましょう。
YGu2WT3tBNfvEE_7W5HRB,https://www.youtube.com/watch?v=hc6S3jt5RCo,EN,Les paysages magnifiques du département de Shimane Version courte,島根は歴史の土地であり、古くからの文化が今も生きています。4Kの超高解像度で、昔の日本の本物の風景を発見してください。今すぐ島根に出かけて、本物のものに出会いましょう。島根の魅力が5分の動画に凝縮されています。
g1HjUzQ2GH3stphePGHNz,https://www.youtube.com/watch?v=oNfAibwNihc,EN,시마네의 절경 이미지 편,悠久の歴史と文化が現在も息づく島根。愛おしく美しい日本の原風景を高画質4K映像で鑑賞してください。それでは、島根で～本物に出会う旅へ～島根の魅力あふれる本編映像を約5分程度に凝縮しました！
BwMp3fZYdc-pKPOuS8eed,https://www.youtube.com/watch?v=9u1PjQHvdGY,EN,"Nanki Kumano Geopark's Scenic View - Southernmost Point of Honshu, Shionomisaki",地球の活動が生んだ絶景をただゆっくりと眺めてください。自然の音を聞いてください。空気を感じてください。
c7m1M3AK4fiXOjiO7Gjrk,https://www.youtube.com/watch?v=3nY07VA5rw4,EN,道 - My Journey of Life in Nanki Kumano,"After twenty years since he moved from overseas to Nanki Kumano, there is still something mysterious to him – the faith of the local people. He sets out on a journey visiting waterfalls, stones, trees and islands around the area, and learns that these have been worshiped by the people for years and years. One day, he joins a local festival, and realizes the true faith of the area."
ronE8GXwiBiR-W2gIH2bH,https://www.youtube.com/watch?v=LvwrqwlK0FE,EN,大阪の24時間,"Osaka is jam-packed full of stellar tourist attractions, culture, and food."
2hOP0iTjLOFv_kNWUCOsL,https://www.youtube.com/watch?v=rtRiQfkV3hY,EN,Route 42 #Journey through Nanki Kumano,愛車のスーパーカブに乗って颯爽と走り出す女性。Route 42（国道42号線）を走りながら、橋杭岩でSUPを漕いでみたり、勝浦で鮪に舌鼓を打ったり、夕焼けの白浜でウクレレを弾いてみたり・・・南紀熊野の旅路を満喫した最後に、星空の下で心の声が溢れ出す。「南紀熊野が好きだー！」
a3myYpYf0FUx8VS-eneUQ,https://www.youtube.com/watch?v=A_aCEAe70wk,EN,Naruishi Geo Site,南紀熊野ジオパークのジオサイト「鳴石」の紹介映像です。
9zThJz-HdgVegwh6JXJih,https://www.youtube.com/watch?v=aOx45gLHiqI,EN,Introduction Video of Gotobiki Rock at Kamikura Mountain,南紀熊野ジオパークのジオサイト「神倉山のゴトビキ岩」の紹介映像です。
pfG0V7rGuhf1L2tf5YVBT,https://www.youtube.com/watch?v=XMSHJArlOVk,EN,"Nanki Kumano Geopark's Spectacular Views 360 (4K, VR Compatible) - Phoenix Fold",地球の活動が生んだ絶景をただゆっくりと眺めてください。自然の音を聞いてください。空気を感じてください。
H6lndbUNE6nSIP_NrMG88,https://www.youtube.com/watch?v=ZI1h3n61fWk,EN,Nanki Kumano Geopark's Scenic View: Kwanoki Falls,地球の活動が生んだ絶景をただゆっくりと眺めてください。自然の音を聞いてください。
rXoRBNZ1DOYoF1-1CosQ1,https://www.youtube.com/watch?v=BPhGS7NefO4,EN,大阪の歴史的建物,Take a look at some of Osaka's most historically significant buildings!
IePZCZcSaS68aMReNeiCb,https://www.youtube.com/watch?v=DHzSXRGyglk,EN,大阪文化,Official Website [OSAKA-INFO]
9hHGKBAWSwradwqxRUyN3,https://www.youtube.com/watch?v=DZWagqDd_A8,EN,民宿 ながさき家（ながさきや）【利賀村】,Minpaku Nagasaki-ya
7eljedCVJqZN1VgnvPPqy,https://www.youtube.com/watch?v=Pq2rrJnJc4g,EN,Urbex Sky: The Sky of the Old Nara Prison,本映像は2023年に旧奈良監獄で開催する「奈良赤レンガフェスティバル」のPVとして制作しました。展示会場となる南倉庫では大画面でご視聴頂けます。
erzNbDXjBLhZaMYujKFVR,https://www.youtube.com/watch?v=p4eAR2Gw5RU,EN,Old Nara Prison PV - Ground Edition,本映像は2023年に旧奈良監獄で開催する「奈良赤レンガフェスティバル」のPVとして制作しました。展示会場となる南倉庫ではFULLバージョンをご視聴頂けます。
hMhlxLwJGuthJdJK1D8k-,https://www.youtube.com/watch?v=_xla1NyzS24,EN,西尾市のスロートラベル,"Two women, a Japanese woman who loves photography and an Asian woman who enjoys gourmet food, visit Nishio City separately and accidentally meet, deciding to tour together. They explore the unique attractions of Nishio City, such as 'gourmet', 'nature', and 'history', experiencing a leisurely and luxurious time while being emotionally moved."
PKTSal2E6MF2XnNc9SIFq,https://www.youtube.com/watch?v=e15knGn0CLQ,EN,西尾市のスロートラベル,西尾市にそれぞれ一人で訪れた、カメラ好きの日本人女性とグルメなアジア系外国人女性の2人が偶然出会い、一緒に観光することに。西尾市ならではの「グルメ」、「自然」、「歴史」などの観光資源を周遊し、感情を動かしながら、ゆったりとした贅沢時間を体験する。
kV9pRQ20X0R3F4SneROEI,https://www.youtube.com/watch?v=AOcDODmFPOA,EN,TOKAMACHI冬のプロモーションムービー [青の光],information for English
YR6TAhPLIC7xk9_Xn4Lw1,https://www.youtube.com/watch?v=UuyUksog3RM,EN,TOKAMACHI SNOW FESTIVAL／十日町雪まつりプロモーションムービー,"In Tokamachi such a heavy snowfall area, we have “Tokamachi Snow Festival” that started by a enthusiasm of local residents “delight to play with snow as a friend”. It is a big event in midwinter light up Tokamachi with variety of events and entertainments such as “festival field” located everywhere in the city, artistic snow sculptures made by citizen’s hands, “Snow carnival” unfolded various performances in sequence on the magnificent snow stage, and etc."
nOCSXRoj6THCiOEa0eo9G,https://www.youtube.com/watch?v=2ErZh5r2THc,EN,One snowy day in Tokamachi/雪とある日のとおかまち,
sOZgiSvIfHf8eMGGg5d-0,https://www.youtube.com/watch?v=TaKix4W9T5E,EN,One snowy day in Tokamachi/【雪とある日のとおかまち】,
1m-VVyKYQNkxpQHq-8BpX,https://www.youtube.com/watch?v=VFh8xac5nx4,EN,One snowy day in Tokamachi/雪とある日のとおかまち,
xVGSyRou9rFdV4MHecE7g,https://www.youtube.com/watch?v=yzJ5oJ2_Vh4,EN,第１回新潟ふるさとCM大賞　十日町市CM作品,"This is the work of Tokamachi City, which applied for the 1st Niigata Furusato CM Award, titled '#Achikotaneyo!'. It condenses the charm of the snow country, including the living culture and the nature of the satoyama that have been passed down since ancient times, into 30 seconds."
7Fzf5z6wnX_XKj1xx3K2B,https://www.youtube.com/watch?v=el0Fprhujrk,EN,Negai入集落 canvas 1 | Tomoko Fuse【Echigo-Tsumari This Land's Satoyama Becomes a Canvas and the Festival Begins.】,"Echigo-Tsumari Negai入集落 canvas 1
Echigo-Tsumari This Land's Satoyama Becomes a Canvas and the Festival Begins."
WiWM8e-UTzlLy2MvU-OUU,https://www.youtube.com/watch?v=JmiECQLVWPs,EN,黒松内低地エリアの冒険旅行：北海道日本語訳版,Created by Kuromatsunai Tourist Association
3LwsiezAeNUF2v_NjMelt,https://www.youtube.com/watch?v=KT71WRSouEY,EN,エコモビリティタウン黒松内,"Would you like to travel through the Kuromatsunai lowland area, where the Pacific Ocean and the Japan Sea come closest in Japan, using human power without fuel? Discover the various charms of mountains, rivers, seas, and villages through cycling, walking, and canoeing. For inquiries, please contact the Kuromatsunai Tourist Association!"
XeqhVwEmURLiMjlJ0Yyw8,https://www.youtube.com/watch?v=kadssCg1oUM,EN,日本,
e-oGirnvQSBFMs4--ejKx,https://www.youtube.com/watch?v=xqa4FOd-kNw,EN,"Glimpses of NARA, Japan -そらにみつ あをによし- 奈良 観光 秋",A movie story about traveling in Nara (English and Traditional Chinese subtitles are available. Maybe I'll add subtitles in a month...)
wQjmitrXgPhP4iWeYQ82b,https://www.youtube.com/watch?v=Zgu6DK5iEd0,EN,"Glimpses of NARA, Japan -そらにみつ あをによし- 奈良観光 夏-",A movie story about traveling in Nara (English and Traditional Chinese subtitles are available. Maybe I'll add subtitles in a month…)
6JFyq9KZcT_gkRlGCksH-,https://www.youtube.com/watch?v=rip99ApHnY0,EN,Tohoku's Festivals and Cultural and Tourist Attractions,東北を代表する6つの祭り（「青森ねぶた祭」「秋田竿燈まつり」「盛岡さんさ踊り」「山形花笠まつり」「仙台七夕まつり」「福島わらじまつり」）と、歴史・文化、絶景や食など東北の持つ多彩な魅力をご紹介しています。撮影地などの情報は字幕でもご紹介しています。
G2ZOwkMk_eGgtB0MFLBJX,https://www.youtube.com/watch?v=0gVUmB6lo40,EN,"Savoring Nature, Enjoying Nature.",奈良県十津川村に移住したジョラン氏のドキュメンタリー作品
csLt_g_ircIJzxtIYnPYn,https://www.youtube.com/watch?v=jFXZF76XV5w,EN,"The Only Enclave Village in Japan: Kitayama Village, Wakayama - Scenic Views and River Adventures",和歌山県にある“日本唯一の飛地の村”、北山村観光協会公式プロモーション映像です。紀伊山地の秘境の美しい自然と、迫力満点のラフティング、600年の歴史を誇る観光筏下りなど、ここでしか味わえない特別な体験をぎゅっと凝縮しました。
h_4J2rMqI6vWYezcFEpQ3,https://www.youtube.com/watch?v=DtFuZAcobvE,EN,【TEASER】360°で観る飛び地の村「北山村」/VR体験 北山村、和歌山,"The enclave village in the Kii Peninsula – Kitayama Village, WAKAYAMA. For the first time ever, VR experience Ikada-Kudari, the Kitayama River Log Rafting from the unique perspective of a Ikada-shi, raft master with a fully immersive 360° view! Enjoy the breathtaking scenery of this secluded village and its picturesque landscapes, and feel as if the refreshing citrus aroma of the Jabara harvest is drifting through the screen. The full video is available in Japanese, English, and Traditional Chinese on this channel!"
NxLTeKNvktFTuPkaqH3YO,https://www.youtube.com/watch?v=rWbfRLXAAgA,EN,【360°VR 全方位視点】Kita-Yama River Sightseeing Rafting,"The age restriction for HMD viewing is 10 years and older. You can also view it from a regular screen with a 360-degree perspective.

Experience the splashing water, the magnificent cliffs of the Kita-Yama Gorge, and the stunning scenes of experienced rafters operating the wooden rafts using traditional techniques!

Through immersive VR, experience Japan's only log rafting - Kita-Yama River Sightseeing Rafting, as if you are personally riding on the raft rushing through the rapids.

This precious Kita-Yama village rafting culture is highly regarded both domestically and internationally, combined with the magnificent natural scenery of Yoshino Kumano National Park, inviting you to appreciate and experience it together.

📅 Operating period: May 3rd to September 30th
#KitaYamaRiverRafting #KitaYamaVillage #TraditionalRafting"
BraxlWjVapvX43yn_3lml,https://www.youtube.com/watch?v=G2Vnix5DymA,EN,【360°VR全方位視】北山村VR影片,"The North Mountain Village, located in the deep mountains of the Kii Peninsula, is Japan's only exclave village, a small yet surprising hidden gem. Here, you can experience the thrilling North Mountain River sightseeing rafting, riding a traditional log raft downstream. Additionally, North Mountain Village is the birthplace of the rare citrus fruit 'Jabara' (邪払) and boasts magnificent natural scenery that is isolated from the world. Through immersive VR, let yourself indulge in the tranquil beauty of Japan's mountains and feel the gentle healing of nature on your soul."
CMmpS0FiOHwPCIEly4eRu,https://www.youtube.com/watch?v=MHv_C5GvJzc,EN,Ferry Journey to Paradise （楽園へ続く船路）,"Official Site : https://amami-shiptrip.jp/ Official Instagram : https://www.instagram.com/amami_shiptrip/ ""A good story never starts with, 'I really want to go someday.' Take the plunge and plan a ferry journey along Japan’s southern Amami Islands. See Japan’s island paradise for yourself, meet its people and know their way of living before returning home from adventure with an unforgettable story to tell."""
B4B--TXIDWfUqdPCPLw3f,https://www.youtube.com/watch?v=7jtf-6e6pBM,EN,A View of Ebino City from the Sky,ドローンを使用して撮影した、空から見たえびの市です。地上からでは見ることのできないえびの市の絶景をご覧ください。
xt0TIl-hAUQdVSOH_tocO,https://www.youtube.com/watch?v=ckDZJ5IKRM8,EN,こんな田舎なのに魅力たっぷりえびの市。知らなかった人損してますよ。,"Hello! I am Minaho, the PR representative of the Ebino City Tourism and Commerce Division in Miyazaki Prefecture. Do you know about Ebino City? This town has high potential but its recognition is not increasing. There are tourist spots, beautiful scenery, and local specialties, yet this town remains unknown. I want more people to know about this town full of potential and charm, especially in this day and age where traditional information dissemination is not enough. Therefore, I, Minaho, will start video distribution. When the popularity of outdoor activities increased due to the COVID-19 pandemic, the 'Ebino Kogen Camp Village' in Ebino Kogen became very popular, but only the locals know about it... The Ebino Kogen introduced in this video is the perfect place for camping and trekking. Surrounded by the seasonal scenery of Ebino Kogen, the outdoor activities you experience here are filled with a sense of the extraordinary, making it the best place for detoxing from work and personal life stress! If you feel even a little charm from this video, you there! Ebino City is always ready to welcome you! Please come to Ebino City~!"
nvEbPCagbfD2JTJayiGwR,https://www.youtube.com/watch?v=uhfm2BHuImw,EN,Hida Hirayu waterfall in winter,岐阜県高山市奥飛騨温泉郷にある落差64メートル、幅6メートルの平湯大滝は飛騨三大名瀑のひとつで、日本の滝百選にも選定されている「平湯大滝」巨大な滝の流れはこの冬の時期と共に氷結しまるで行く手を阻むかの如く氷の柱と姿を変えます。自然の力がなす氷の彫刻をどうぞ、ご堪能ください。
BV1u6oEXbMJ7yp0felYf-,https://www.youtube.com/watch?v=7cHrE5VaEcw,EN,KUMANO Shrine 伊邪那美(イザナミ)の道,"Kumano Shrine, Shobara City, Hiroshima Prefecture. Former Hiba Ohyashiro Shrine. The year of foundation is unknown. Located at the foot of Mt. Hiba, this place is a place to convey the tradition of Japan's history book said that oldest history book 'Kojiki' to the present day. The mother of the gods, Izanami Nomikoto When Izanagi Nomikoto visited her, Mt. Tateeboshi, It's night, so she lit her comb and used it as a light. There is an anecdote that she hid herself in a rock hole on the way and escaped the difficulty when it rained on fire from the sky. It is also reported that Izanami, who later gave birth to the god of fire, died in a rock hole on this road, and she left for heaven."
ay3xsj5fuRraAYKBeqX9T,https://www.youtube.com/watch?v=2PxotkEHds4,EN,Izumo Taisha - 出雲大社,"Izumo Taisha is a shrine located in Kizukihigashi, Taisha-cho, Izumo City, Shimane Prefecture. One of the oldest shrines in Japan, Okuninushi no Okami, the main deity, is considered to be the god who created Japan. It has been said that in October of the lunar calendar, eight million gods will gather here and hold a deity meeting."
wXIY1RHrmlC-bmyU9O2g0,https://www.youtube.com/watch?v=t5bmq8HPIME,EN,Sanin海岸 - 山陰海岸,"In the Chugoku region of Japan, the north of the Chugoku Mountains has been called Sanin(mountain’s yin) and the south has been called Sanyo(mountain’s yang) for a long time. When naming a place, it is based on the idea of ancient China that the north and south of the mountain are represented by yin and yang, and the north and south of the river are represented by yang and yin. This is because in the northern hemisphere, where the sun rises in the southern sky, the north of the mountain is in the shadow and the south is in the sun. In the case of rivers, there are lands in China that are described as Yinyang in the north and south of the river, such as Rakuyo (the area north of the river called Luoyang) and Huaiyin (south of the river called Huai’an). In the case of rivers, the light from the south bounces off the surface of the river, illuminating the north of the river, and objects in the south cast shadows on the surface of the river. The coast of the San'in(mountain’s yin) region on the north side of the Chugoku Mountains faces the Sea of Japan. Enjoy the scenic landscape of the San'in coast formed by the rough waves of the Sea of Japan generated by the wind blowing from the continent."
epJsh5JP_8we5B6sgGnAz,https://www.youtube.com/watch?v=chxyexGqJzc,EN,JAPAN 山陰山陽 祈りと遊び,"A digest of the Sanin Sanyo region, Itsukushima, Izumo, Setouchi, and Chugoku regions originating from 'International Peace City' Hiroshima. The people who live there, culture, traditions, beautiful nature, a prayer for peace and a prayer for the gods.. We have summarized what I have now. I made it with the feeling of gratitude for the registration of 1000 people."
q-fhm4S5nFq4MCxwRQNrQ,https://www.youtube.com/watch?v=gru1JGjxRZo,EN,Ichinomiya Iwami Province Mononobe - Shrine,御祭神は古代豪族 物部氏 初代宇摩志麻遅命(うましまじのみこと)。宇摩志麻遅命は邇芸速日命(にぎはやひのみこと)の子にあたられ、神武天皇の東征の際、長髄彦(ながすねひこ)を討ち、後に物部氏を率いて皇城守護の任に就いたとされています。創建から数えて1500年以上の歴史があり、ご本殿は出雲大社に次ぐ二番目の大きさで、春日造りの巨大神殿となっています。御神紋『ひおい鶴』は宇摩志麻遅命が鶴に乗って降臨されたという故事に基づいた御神紋で、日本唯一の御神紋と言われています。
PBVBk3E0N8Q44dqbMgPk0,https://www.youtube.com/watch?v=0GsfFsQYIgo,EN,Yosojima - Beauty of scattered islands in Geiyo Islands,"四十島は、瀬戸内海西部の広島・愛媛にまたがって点在する島群である芸予諸島に属する無人島です。島の大きさは4,200㎡ほどで、嘴のように突出した岩場や洞窟、こじんまりしたビーチなどが特徴です。瀬戸内を代表する島群である芸予諸島の風景と初夏の四十島の美しい姿をお楽しみください。"
W4XB0lb1PfadKomn28eKN,https://www.youtube.com/watch?v=tlSjQFILju4,EN,VR Midwinter HIDA - 雪の道 TEST.ver,Midwinter Hida Takayama. We will deliver the world of snow and ice below freezing point even in the daytime with VR experience.
kGgGOOj3sjHvvG1nVtLZo,https://www.youtube.com/watch?v=H-Ji93-h7mM,EN,"Shimanami Sea load, beauty of scattered islands in Setouchi! VR trip",瀬戸内海は本州と四国の間に広がる内海で、大小約700余に及ぶ島々が点在しています。本州の尾道(広島県)〜今治(愛媛県)をつなぐ連絡道路は3ルートあり、そのうちの一つにしまなみ海道(西瀬戸自動車道)があります。尾道から向島、因島、生口島、大三島、伯方島、大島、そして今治まで全長54kmに及ぶ風光明媚な街道です。瀬戸内海の多島美と、しまなみ海道の壮大な景色をVRでお楽しみください。
fH0DLSG81XYd-efjtRwcc,https://www.youtube.com/watch?v=bUiymUAvqCs,EN,Tokyo Akasaka Hikawa Shrine - 東京 赤坂 氷川神社,"Akasaka Hikawa Shrine, which counts a thousand years since its enshrined. Deity: Susano-no-mikoto, Kushinadahime-no-mikoto, Okuninushi-no-mikoto. In the past, Kushinadahime-no-mikoto was rescued by Susano-no-mikoto from the sacrifice of Yamata-no-Orochi, and later became the wife of Susano-no-mikoto. Okuninushi is the descendant of couple, and is also the main deity of Izumo Taisha as a national creation god. It is said to have originated from Hikawa in Izumo Province, which was the stage for exterminating Yamata-no-Orochi. It begins when a monk who was traveling to Togoku in 951, in his dream, responded to the announcement from the deity when he spent the night at the present Akasaka 4th street and worshiped here. After that, the shrine built by Yoshimune Tokugawa, the eighth shogun of the Edo Shogunate, escaped the former earthquake and war damage, and conveys the remnants of the time when it was built to the torii gate, guardian dog, and lantern."
4OFO9IVYXoh0-E-BcspeB,https://www.youtube.com/watch?v=3WdlnuZJmdg,EN,【Yamagata - Tohoku / Japan travel】K-hour ‐春‐,"We are releasing the spring edition of the 'K-hour movie'.

In 'K-hour', we have created a video to capture the 'lifestyle' and 'everyday life' in Kaneyama, so that visitors can see the same daily life when they visit Kaneyama.

In Kaneyama Town, a time flows that can only be found in Kaneyama. It is a gentle and slow flow of time that warmly envelops visitors. Touch the clear air, feel the scent of the mountains, and naturally see overflowing smiles. The sun sets as if to accompany the activities, and rises again to illuminate the day. A time to spend your heart as it is.

Please feel the 'time we create in Kaneyama' captured by two visitors during a short moment of spring in Kaneyama."
B0EyLOasBJzfehtLzNhGP,https://www.youtube.com/watch?v=vLJ2tPBIb6c,EN,【Yamagata - Tohoku / Japan travel】K-hour ‐地域おこし協力隊の協力者隊‐,"We will release the 'K-hour movie' featuring the community revitalization cooperation team.

In the 'K-hour project', we create videos that capture the 'lives' and 'daily life' in Kaneyama, allowing visitors to feel and see the daily life of Kaneyama.

Last year, Ms. Mako Honma joined as a community revitalization cooperation team member in Kaneyama Town. Currently, she is engaged in various activities to build new relationships with people outside the town and create fans of Kaneyama Town.

In this video, you will see the connections formed while living and working in Kaneyama as a community revitalization cooperation team member.
Although she is not from the area, she feels and lives in Kaneyama as if it were her hometown. Experience the 'time of Kaneyama' that is born from her connection with the town."
IU72tOA1Cse9JzyFjUzut,https://www.youtube.com/watch?v=haVyf6Pm3zE,EN,"Yamagata Furusato CM Award 2025 - Kaneyama Town, Yamagata Prefecture",12月10日、山形テレビで「第2５回山形ふるさとCM大賞」が放送され、各市町村の個性あふれるCM作品が紹介されました。今年の金山町の作品は金山中学校の生徒が「金山の音」をテーマに収音やナレーションを担当し、金山町の魅力を表現した作品となっています。応援してくださった皆様、誠にありがとうございました。
qKdgp1V1B4arbG4vJTXVZ,https://www.youtube.com/watch?v=3YnZfPNRNtk,EN,Okayama Digest - 西遊紀行,"#DISCOVERWESTJAPAN
#DISCOVERWEST
#DISCOVEROKAYAMA"
Lad4KLlIA-cLUQHXoj10G,https://www.youtube.com/watch?v=wXYnQGwVsuk,EN,おかやま日本遺産探訪7つのストーリーを巡る旅【full ver.】,This video guides you through seven sites related to Japan's heritage in Okayama Prefecture. Experience the ancient stories that transcend time and reflect on the history and culture hidden within these narratives.
THo-n5ShIlsm8UGaCJeMZ,https://www.youtube.com/watch?v=R7y-qvHEyrQ,EN,響く心、岡山アートトリップ【フルバージョン】,"Okayama Prefecture's Nagi Town is an emerging art area. Not only is it home to the pioneering experiential contemporary art museum 'NagiMOCA', but the stunning scenery created by nature, including the majestic Mt. Nagi, is art in itself. When you free your mind in the great outdoors, you'll encounter experiences that stimulate your senses. So, let’s make your next trip to Okayama."
DVhCtI4cXq89Uxgnl5Nxe,https://www.youtube.com/watch?v=7x-AIocyRJM,EN,Timelapse Okayama「時空の旅おかやま」,"Using new technology, footage of Okayama Prefecture's tourist areas and gorgeous scenery has been condensed into a powerful and moving video clip."
HaUlpM6CGn2DnyuNOTxqm,https://www.youtube.com/watch?v=iWTu81t-12g,EN,タイムラプス「瀬戸内時間」,"The gorgeous scenery, dawn, and dusk of the Seto Inland Sea, as well as the paths which appear in the sea with the ebb and flow of the currents, and the passage of ferries between islands, are all shown in time-lapse and normal footage."
ueuw3YRK8clIQdbNTx1fF,https://www.youtube.com/watch?v=tXlNK_myJzc,EN,Okayama Korakuen Garden and Okayama Castleの四季,"Please enjoy the beautiful time-lapse scenery of each season from “Okayama Kourakuen Garden”, one the Three Great Gardens of Japan and recipient of a three star rating in the Michelin Green Guide Japan, and “Okayama Castle”, one of the 100 famous castles of Japan."
z5Q5MayEmCc9ZQdyyLemG,https://www.youtube.com/watch?v=uCU1NqtLr1Y,EN,最高のおいしいを求めて　岡山グルメ旅【岡山観光WEB】,"Fresh seafood from the Seto Inland Sea, locally proud brand meat, juicy seasonal fruits, long-established confections, and local cuisine, etc. Memories of traveling in Okayama are intertwined with delicious experiences."
ea6LXmt0uyhh-Uyn3gRfO,https://www.youtube.com/watch?v=4bIVuHMKFHY,EN,2泊3日で周遊！岡山を味わい尽くす女子二人旅,"How much do you know about the charm of Okayama Prefecture? Many people might recall the beautiful streets of Kurashiki. But that's not all! You can refresh your mind in the vast highlands of Hiruzan, enjoy the historic hot spring town of Yubara Onsen, and visit the 'Venus Road' of Kuroshima, known as a sacred place for lovers. This is a summary of the countless attractions of Okayama Prefecture, all experienced in a 2-night, 3-day girls' trip!"
Gf4tx9eH6Xfzp7jXvS0cN,https://www.youtube.com/watch?v=RfMA7PL-8LQ,EN,Timelapse Okayama「鬼ノ城」,The ruins of a mountain castle which overflows with the romance of ancient history and which is said to be the setting of the legend of Ura. The view from the 2.8km hiking course which makes a circuit of the castle walls is unsurpassed.
VZCm36Gw698vrJxm8dqa3,https://www.youtube.com/watch?v=ZITvoFfzIEA,EN,タイムラプスおかやま「水島コンビナート」,"One of the country's leading industrial districts, the evening scenery against the backdrop of the Seto Inland Sea and the jewel studded nightscape is breathtaking. Recently, it is popular for industrial tourism and cruising."
kNR0WBJXuUMZHyX9RK45t,https://www.youtube.com/watch?v=uZ_wwR5lSwc,EN,Time Lapse Okayama 「倉敷美観地区・鷲羽山」,The Kurashiki Bikan Quarter; a traditional townscape of white walled warehouses and namako walls standing on the riverside. Mt. Washuszan which commands a sweeping view of the Seto Ohashi Bridge and the beautiful array of islands of the Seto Inland Sea.
qFEN7duBpN0NTKWtPDPBW,https://www.youtube.com/watch?v=t3FPt3wz-mE,EN,タイムラプスおかやま 「岡山後楽園」,"One of the Three Great Gardens of Japan, this circuit style daimyo garden, representative of the Edo era, allows for the enjoyment of blossoming trees from season to season."
KzPWVoOb50LE-RgNf87af,https://www.youtube.com/watch?v=dkAo0WFeNbg,EN,Time Lapse Okayama 「蒜山高原」,"One of the leading resort areas in western Japan, boasting tranquil highlands which spread out before the magnificent three peaks of Mt.Hiruzen. It is also the leading Jersey cow dairy region in Japan."
4fjIhlTxekrxFA2yR-6H3,https://www.youtube.com/watch?v=gmp9__cIQKs,EN,#27 Oomaki Onsen Kankou Ryokan (大牧温泉観光旅館),Oomaki Onsen Kankou Ryokan
E3OfxsRTVwDAjsrtu5fSh,https://www.youtube.com/watch?v=5nmz2tkEN8E,EN,Tsuyama Manabi no Tetsudoukan: A Railway Museum Full of Learning and Discovery for Children!,津山まなびの鉄道館は、旧津山扇形機関車庫として車両、転車台、蒸気機関車の動輪など展示するスペースと、岡山の鉄道の歴史や、鉄道のしくみを体験しながら学べるスペース、さらに、津山の街並みをジオラマ展示したスペースで構成されています。1936年に建設された旧津山扇形機関車庫は現存するものでは国内2番目の規模を誇る貴重な施設です。国内で1台のみ製造された大馬力のエンジンを積んだディーゼル機関車「DE50-1」が保存されています。家族で訪れれば、こどもたちも大喜び！開館日の12時と15時に汽笛の吹鳴は迫力満点！鉄道や機関車に興味がある人も必見のスポットです！
bTfBHCDU-r7gQ8PuZsCUw,https://www.youtube.com/watch?v=uQIJEaIaD3w,EN,海の校舎,"––––––––––––––––––––––––––––––
All I Want For Summer by Del. https://soundcloud.com/del-sound
Creative Commons — Attribution-ShareAlike 3.0 Unported — CC BY-SA 3.0
Free Download / Stream: https://bit.ly/3qgBn5k
Music promoted by Audio Library https://youtu.be/oux0KVAO6-o
––––––––––––––––––––––––––––––"
-lXtYYwy6yJAF4VUXSLVr,https://www.youtube.com/watch?v=hnKfZPJoPkw,EN,Time Lapse Okayama 「旧閑谷学校」,"Japan's oldest existing school for the common people. It is famous for its auditorium, which is designated as a national treasure and the roof of which is tiled with Bizen ceramics, and the beautiful autumn colours of its nearby Chinese Pistache Tree."
jclUPBEU8nZ714YiYhnhW,https://www.youtube.com/watch?v=lMw6gZ2tHBw,EN,Bichu: A Journey Through Stars and Sky in Okayama Prefecture ☆彡,"Okayama Prefecture, known as the 'Sunny Country', is said to be suitable for astronomical observation due to its high rate of clear skies and stable atmosphere, which minimizes the twinkling of starlight. Among these, the 'Bichu Area' is home to popular spots such as astronomical facilities and campgrounds that are worth visiting at night. Why not explore the Bichu Area while gazing at the beautifully shining starry sky?"
p44G-zif6s4YvrwIYDbh9,https://www.youtube.com/watch?v=m4yfcGGA4ZA,EN,Okayama 岡山｜JAPAN - Check out the best Okayama Winter Illuminations -,"We will introduce Nishigawa Canal Park, where makes countless shining illuminations like stars and makes you feel as if you are traveling under the starry sky, and Okayama Forest Park German Forest Illuminations, where you can enjoy a different image for each area! There are many other places where you can enjoy the illuminations in Okayama♪ So let’s check them out☆彡"
h6cxoTpf5a3qFOjqABW5T,https://www.youtube.com/watch?v=-aaA2dGK3uM,EN,Okayama 岡山｜JAPAN - Maniwa City! -,"Beautiful traditional townscapes, a nostalgic building of a former elementary school, the lush green Hiruzen Kogen Highlands, GREENable HIRUZEN – an information facility designed by Kengo Kuma to make more people familiar with the value of sustainability. This is a one-day tour to explore the town of Maniwa and, of course, enjoy local foods!"
bhuR8hwoODAfz1oXA0JxS,https://www.youtube.com/watch?v=uadpu5820G0,EN,Okayama 岡山｜JAPAN - Misaki Town and Tsuyama City! -,"The route features a spectacular rice field terrace of Misaki-cho, a photogenic park that served as a film location and the old townscape of Tsuyama city. Please enjoy the exclusive views and local cuisine."
lZslDMmSfCoFvQZV9DUJW,https://www.youtube.com/watch?v=U4PqKWlhZrM,EN,Okayama 岡山｜JAPAN - Kitagi-shima island! -,"Let’s go cycling around a Japan Heritage, Kitagi-shima Island, also known as “Stone Island” to experience thrilling lookout and stunning rock views. It is a one-hour ferry ride to the island while looking out to the beautiful Seto Inland Sea. You can fully enjoy the island even in a day trip. It offers a plenty of attractive spots such as sceneries reminding of Guilin or Venice, and spectacular quarry sites!"
sggux0u4oX8f_zZwScNxx,https://www.youtube.com/watch?v=yNRHKd4lOEM,EN,Okayama 岡山｜JAPAN -  NEW Okayama Castle！-,"Major Renovations During Reiwa and renewal opened November 3rd this year as Castle That Informs Of History And Castle Where People Gather. The castle's black exterior walls, its major feature, were repainted. The castle offers visitors interesting and informative exhibitions that show the history of Okayama through videos and experience programs. The castle tower's floors from B1 to 6th floors, except 2nd floor where important cultural properties are exhibited, can be rented in the evening for parties or other activities. In this video, we give you the charm of the entire Okayama Castle and experience making Bizen-yaki pottery at Okayama Castle Bizen-yaki Pottery Studio."
OfMedyaWO4ZRpzg_PbEB_,https://www.youtube.com/watch?v=4JhphHpJz-k,EN,【English Ver.】TAMANO Calling ～玉野があなたを呼んでいる～　岡山県玉野市PR動画（240s）,A city where travelers want to live
2CzpMbkp_ZbCmvwykJouN,https://www.youtube.com/watch?v=XCr4tA62EwQ,EN,오카야마 일본 중편,日本・岡山県の魅力的な観光地を紹介します。岡山県には国指定伝統的建造物群保存地区である倉敷美観地区、日本三大名園の一つである岡山後楽園など多くの観光名所があります。
T0oigw1tg20WDGMIkayeB,https://www.youtube.com/watch?v=L2WlDGEGz1A,EN,오카야마 일본 후편,日本・岡山県の魅力的な観光地を紹介します。岡山県には国指定伝統的建造物群保存地区である倉敷美観地区、日本三大名園の一つである岡山後楽園など多くの観光名所があります。
SfvYEQqksK5V20KDEAMmG,https://www.youtube.com/watch?v=uWe2ZLPzMis,EN,晴れの国おかやま　The Land Of Sunshine OKAYAMA,"Located in the western part of Japan, 'The Land of Sunshine Okayama.' This time, we will introduce the charm of the Takahashi region, which is filled with historical atmosphere."
NWtBsrV8JplsZfybnpg1-,https://www.youtube.com/watch?v=NQ6N1gvznXs,EN,Bicycle City Tamano PR Video 3 Minutes / Complete Version,玉野市観光大使 渚さんや、吉本芸人で「岡山県住みます芸人」の江西あきよしさん、ハロー植田さん、ネゴシックスさんと玉野高校の生徒がコラボして制作したサイクリングＰＲ動画です。高校生が玉野の日常生活の中で好きな場所や店舗を渚さんにＰＲして、共同で市内を周遊するサイクリングコースをつくりました。実際に渚さんがサイクリングで巡っています。海岸沿いや田園風景、素敵なお店など、市内の魅力的なスポットをたくさん見ることができ、玉野市をサイクリングしたくなる動画になっています。ぜひご覧ください。
0ghscirZNxuQaiMiJLoIn,https://www.youtube.com/watch?v=hMiSMQzUK7s,EN,Setouchi Triennale 2019 (瀬戸内国際芸術祭) in Uno Port Area【Summary】,"Introducing works and events that were exhibited at SETOUCHI TRIENNALE 2019 at the venues around Uno Port during the spring, summer and autumn seasons."
SZYe-01PEQ4OKLEsJsuQ7,https://www.youtube.com/watch?v=z7PvB_sGaqI,EN,北海道のナイアガラの滝,"This waterfall, known as Hokkaido's Niagara Falls (in the Otaki area of Date City), is located along a trail of about 6 km through the forest along the Nagauru River from the Otaki General Sports Park. You can enjoy the view of the 3-meter drop and 30-meter width of the Otaki Niagara Falls and Mount Tokushunbetsu."
KSVkSXcdyenNPAfydd4x5,https://www.youtube.com/watch?v=eklGiwkBdUE,EN,活火山の散策 - 有珠山の頂上 -,"A walk around the out rim of Mt. Usu grants a view of Mt. Ko-usu towering out of the crater, and the surrounding volcanic formations such as Mt. Ogari, Mt. Ō-usu and the Usushinzan lava dome."
lz2JX9WF8Z7JcTnQiw3EX,https://www.youtube.com/watch?v=i7gFPVMxcGc,EN,The Scar Left Behind (金比羅火口災害遺構散策路),"At the Konpira Crater Disaster Ruins Walking Trail, you can visit disaster ruins as a place of learning, including craters formed by the eruption in 2000 and facilities damaged by hot mud flows."
yQxa5IxNp93nMeZbF8qXK,https://www.youtube.com/watch?v=NpnHuEdMXiM,EN,春の北海道の漁師,"In Toyako Town, located in the Uchiura Bay of Hokkaido, scallop farming is thriving. This area, registered as a UNESCO World Heritage Site, features 'Usuzan,' which has erupted four times over the past 100 years, and 'Lake Toya,' a caldera lake formed by volcanic eruptions. The volcanic ash that falls from these eruptions eventually becomes rich soil, and mineral-rich water flows from the rivers into the sea. The taste of scallops raised in such beautiful waters is exquisite. In particular, spring is a lively season for this small fishing town, as the unique farming method called 'mimiduri' requires many hands."
Olxn46b3XRjIKuUQW__aw,https://www.youtube.com/watch?v=mDMpDQDKVYE,EN,Kumagaya City Gourmet CM Series 'Snow Kuma',"Kumagaya City, which spreads over the fan-shaped land where the Arakawa River flows into the Kanto Plain, has abundant delicious underground water from the伏流水, and the shaved ice made with this delicious Kumagaya water is called 'Snow Kuma'. The hottest summer in Japan makes the shaved ice even more delicious."
1M6loFY_mjuWSco6fcdMT,https://www.youtube.com/watch?v=WrjFReZLptY,EN,【シネマティックポートレート】私の欠けた部分,"This is a portrait video set in Yahiko Village, Niigata Prefecture.

The model is Chiho Sakuragawa, who is active mainly in Niigata.

We filmed at three locations:

- Yahiko Shrine
- Mount Yahiko
- Natsui's Hazaki (farmland)

I hope you can feel the beauty of the people and nature of Niigata."
33oeojuoTfZ0uSCxqB7Q_,https://www.youtube.com/watch?v=NOQhkXbaoZ0,EN,江田船山古墳発掘150年記念,Eta Funayama Kofun 150th Anniversary of Excavation
r08cbLjbqaOC_8uojSjUX,https://www.youtube.com/watch?v=0i6HRD8p1ms,EN,東京国立博物館,Tokyo National Museum
ssKqa74ER5oT7VajH4pGt,https://www.youtube.com/watch?v=lEXD5g7ZmwI,EN,SL(パレオエクスプレス)｜蒸気機関車(パレオエクスプレス),
M69lwnXhVdULdTUqjGcSW,https://www.youtube.com/watch?v=xirD8AJL6Jg,EN,"Niigata Trip: Okutadami Maruyama Ski Resort Opens on December 10, 2022! / Taken on December 9, 2022","#スキー
#スキー場
#奥只見丸山スキー場

2022-2023オープン日決定しました！！🎉

👇滑走エリアは山頂丸山ゲレンデ
・かもしかAコース上部
・かもしかBコース下部
・かもしかCコース
・ブナ平Bコース

小雪につき、当面の間は第1降り場より下は閉鎖いたします🙇"
3Zkt-8wnBPYLNcJBhsAiz,https://www.youtube.com/watch?v=k_C5aRq17Tk,EN,"2017/07/11 Uonuma City, Takigumo seen from Oori Pass 2",魚沼市の枝折峠から見た滝雲です。条件が揃えば7月でも見れます。ちなみに撮影した時間は朝4時です。早起き必須です。
f0K04jH8Q5mZ42RbeyiBi,https://www.youtube.com/watch?v=-SLwW3HrMaA,EN,"Golden Valley: Colorful Autumn Leaves, Oku-Tainai, Tainai City",飯豊連峰の登山口に位置し、磐梯朝日国立公園に指定されている渓谷。ロイヤル胎内パークホテルから奥胎内ヒュッテまでの道のりは色鮮やかな紅葉が続き、紅葉狩りが楽しめる。
3eHSpXcNSzLDcj2T_8Duc,https://www.youtube.com/watch?v=RXSN6Hf1qls,EN,A Train Journey to Explore Hidden Areas Along the Oito Line - A Relaxing Tour of Itoigawa with Niigata Fushigi-san,新潟県の糸魚川市から、長野県の松本市を結ぶローカル鉄道「大糸線」。今回はインスタグラマーの「新潟ふしぎさん」が大糸線に乗車し、沿線の観光を楽しんでいただきました！姫川沿いを走る絶景と、糸魚川の大自然や文化を満喫するひととき…大糸線での鉄道旅で、身も心もリフレッシュ！
I40rDZIKJpE3q2jqYV425,https://www.youtube.com/watch?v=vvqhrv_Q9_M,EN,"Celebrating the Registration of Sado Mine as a World Heritage Site! Affordable Travel on 'Golden KAIDO' / Sado, Niigata","【黄金KAIDOとは……】 徳川直轄の金山であった「佐渡金山」（新潟県）と「土肥金山」（静岡県）は、家康公が開発に注力した金山であり、発掘された金は、江戸や大御所となった家康公が過ごした駿府に運ばれておりました。 長野県、山梨県にも金山があったことから、佐渡～土肥を結ぶ金を運んだ道を「黄金KAIDO」と命名いたしました。

【お得なドライブプラン】 黄金KAIDOエリアの高速道路がお得になるドライブプランを販売中

【詳しくは公式webをチェック】 https://gold-road.jp/"
cp-y7vQs3PX01RpHziIwB,https://www.youtube.com/watch?v=HxYm8ISYfnM,EN,デジタル体験ガイド(日本語)-津山城の復活-,"A 4K video that reproduces the Tsuyama Castle keep and other structures using high-definition 3D computer graphics, providing historical explanations of cultural properties in five languages (Japanese, English, Chinese, Korean, and French). It can also be viewed on 55-inch touch panels installed at three locations in Tsuyama City."
VeHy8QsTDIxE9Z0a8YJet,https://www.youtube.com/watch?v=Ul44-zjYvuE,EN,デジタル体験ガイド（日本語）-伝統的建物の城下町保存地区-,"Reproduction of high-definition 3DCG (three-dimensional computer graphics) of Tsuyama Castle's main keep and a 4K video providing historical explanations of cultural properties in five languages (Japanese, English, Chinese, Korean, and French). It can also be viewed on 55-inch touch panel digital signage installed at three locations in Tsuyama City."
ejKF8yloZN9tZHAowrV6j,https://www.youtube.com/watch?v=1ssrB2nr6V4,EN,デジタル体験ガイド（英語）-修楽園庭園の秋-,"A 4K video that reproduces the Tsuyama Castle keep and other high-definition 3D CG (three-dimensional computer graphics), providing historical explanations of cultural properties in five languages (Japanese, English, Chinese, Korean, and French). It can also be viewed on 55-inch touch panel digital signage installed at three locations in Tsuyama City."
9-ZATt5Gj9c5oYYoi_tO4,https://www.youtube.com/watch?v=-6ce4jACagE,EN,デジタル体験ガイド(日本語)-角山公園の四季-,"A 4K video that reproduces the Tsuyama Castle keep and other sites using high-definition 3DCG (three-dimensional computer graphics) and provides historical explanations of cultural properties in five languages (Japanese, English, Chinese, Korean, and French). It can also be viewed on 55-inch touch panel digital signage installed at three locations in Tsuyama City."
UMGupR-DURy5hk_YDoPHp,https://www.youtube.com/watch?v=IC5FA9tBI5I,EN,デジタル体験ガイド（日本語）- 津山城の歴史とハイライト -,"A 4K video that reproduces the Tsuyama Castle keep and other structures in high-definition 3DCG (three-dimensional computer graphics) and provides historical explanations of cultural properties in five languages (Japanese, English, Chinese, Korean, and French). It can also be viewed on 55-inch touch panels installed at three locations in Tsuyama City."
orGK5WJJKOFk3Flx9jf9z,https://www.youtube.com/watch?v=BPVueegdx3U,EN,デジタル体験ガイド(日本語)-城東の古町家-,"A 4K video that reproduces the Tsuyama Castle keep and other high-definition 3DCG (three-dimensional computer graphics), providing historical explanations of cultural properties in five languages (Japanese, English, Chinese, Korean, and French). It can also be viewed on 55-inch touch panel digital signage installed at three locations in Tsuyama City."
PVu4pUVE0Z9dpfnN6dusF,https://www.youtube.com/watch?v=w99cnw2Y76A,EN,デジタル体験ガイド(日本語)-修楽園庭園-,"A 4K video that reproduces the Tsuyama Castle keep and other high-definition 3D CG (three-dimensional computer graphics) and provides historical explanations of cultural properties in five languages (Japanese, English, Chinese, Korean, and French). It can also be viewed on 55-inch touch panels installed at three locations in Tsuyama City."
T0LUw_ndnv8Z8jUqQHXSm,https://www.youtube.com/watch?v=RNfGJGAjqxE,EN,Hokkaido Kushiro Akan Lake Ainu Culture Guide Tour 'Embroidery Time' - Anytime Ainutaimu (エニタイムアイヌタイム) A Journey by Lake Akan with Ainu,"Tour official website
https://anytimeainutime.jp/

The indigenous people of Japan, the Ainu. Their culture, which still thrives by Lake Akan, is shared with modern people.

The Ainu culture of Lake Akan, where Ainu and Wajin have cooperated for a long time, has unique characteristics not found in other regions. Lake Akan is home to the largest Ainu Kotan (village) in Hokkaido, where crafts, songs, and dances are passed down through generations."
InAM8ylEdA_jEGm_BXlK5,https://www.youtube.com/watch?v=JmYqL-ytjco,EN,Hokkaido Kushiro Akan Lake Ainu Culture Guide Tour 'Image Story' - Anytime Ainutaimu (エニタイムアイヌタイム) A Journey at Lake Akan with Ainu,"Tour official website
https://anytimeainutime.jp/

The indigenous people of Japan, the Ainu. Their culture, which still thrives by Lake Akan, is shared with modern people.

The Ainu culture of Lake Akan, where Ainu and Wajin have cooperated for a long time, has unique characteristics not found in other regions. Lake Akan is home to the largest Ainu Kotan (village) in Hokkaido, where traditional crafts, songs, and dances are passed down through generations."
V4Wmsd6lii9k33Mwdr3D5,https://www.youtube.com/watch?v=GmWgjDf2GLU,EN,Hokkaido Kushiro Akan Lake Ainu Culture Guide Tour 'Wood Carving Time' - Anytime Ainutaimu (エニタイムアイヌタイム) A Journey at Lake Akan with Ainu,The official website of the tour
zkRbcxQMmVnZ8wcf8UZ8f,https://www.youtube.com/watch?v=Baymvns4p7A,EN,Hokkaido Kushiro Akan Lake Ainu Culture Guide Tour 'Time of Forest and Lake' - Anytime Ainutaimu (エニタイムアイヌタイム) A Journey at Lake Akan with Ainu,The official website of the tour
HhdZWdYeOUc2o8K8wZ3Eu,https://www.youtube.com/watch?v=TALROHOSxHM,EN,"Trip to Nanto City, Toyama Prefecture【南砺の風景】藤棚（井波別院瑞泉寺）","○Best time to visit: Late April to early May

○Shooting location: Inami Betsuin Zuisen-ji
○Address: 3050 Inami, Nanto City, Toyama Prefecture, 932-0211, Japan
○Phone number: 0763-82-0004
○URL: https://inamibetuin-zuisen-ji.amebaownd.com/

○Overview
Zuisen-ji has suffered three major fires in the years Tensho 9, Hōreki 12, and Meiji 12, resulting in the loss of its buildings (garan). However, it has been rebuilt each time with the support and wishes of the local community. During these reconstructions, skilled carpenters from the main temple in Kyoto were dispatched to directly oversee and guide the rebuilding, passing on their exceptional techniques to the carpenters of Inami. The traditional craft of Inami carving, which has continued to this day, is believed to have been created through the harmony and fusion of techniques learned from Kyoto's excellent traditional temple architecture and sculpture, and the skills cultivated by Inami carpenters during the reconstruction of Zuisen-ji. For this reason, Inami Betsuin Zuisen-ji is said to be the birthplace of Inami carving.

*Source: Inami Betsuin Zuisen-ji website"
TcHFNsk9RbrO8AzOgvMiq,https://www.youtube.com/watch?v=I0h0eFa7bk4,EN,30 Seconds Trip to Nanto in Spring (30秒で行く南砺の春旅),"#Nanto City #Toyama Prefecture #Cycling #Nanto Cherry Blossoms #Nanto Trip #Nanto Cycle
Cycling while enjoying the view of the thousand cherry blossoms along the Oyabe River and the snow-capped mountains.
Enjoy a cozy coffee time at Sakuragaike Park, stroll through the wood carving town of Inami, and experience making your own prayer beads in Johana. This video introduces the highlights of Nanto's spring trip.

★About making wrist prayer beads at Johana Betsuin Zentokuji
https://www.tabi-nanto.jp/archives/10310
★For tourist information about Nanto, visit 'Tabi Tabi Nanto'
https://www.tabi-nanto.jp/"
RqYRBwo6KZBPcwRjeOaS5,https://www.youtube.com/watch?v=qel3r6jBirQ,EN,"Trip to Nanto City, Toyama Prefecture",城端曳山祭 ～曳山の巡行～
EPAkZ7QbmLRs0N3FzWQmJ,https://www.youtube.com/watch?v=z6aaFqKo7gU,EN,"Trip to Nanto City, Toyama Prefecture ～城端曳山祭の通過～",
hm0CzPP7Z1-cLOuUI9Xza,https://www.youtube.com/watch?v=Agn040G03K8,EN,Michi no Sato (美知の里),Michi no Sato - Private accommodation and guest house
p-iDrxuzZWmua0QNFhX16,https://www.youtube.com/watch?v=XXR9XyAdOkU,EN,福野タウンホテル ア・ミュー,"Fukuno Town Hotel Amu
384-2 Jike Shin'yashiki, Nanto City, Toyama Prefecture 939-1577, Japan
TEL: 0763-22-1414
https://www.town-hotel.jp/"
krEgeDeypkQejTnhdPlmB,https://www.youtube.com/watch?v=6qtiRcR9Rbg,EN,#9 Guesthouse Goyomon (ごよもん) [Gokayama],Guesthouse Goyomon
TlVZqQs3ZrBXm1nEraAcQ,https://www.youtube.com/watch?v=oO1j0hSTZU0,EN,No.21 Gassho Minpaku Yomoshiro (よもしろう) [Gokayama],Gassho Minpaku Yomoshiro
UaAOZ9wrcAdA7vlTSppzJ,https://www.youtube.com/watch?v=2PH86qz-Fyk,EN,#23 ゲストハウスやましたや（YAMASHITA-YA）【五箇山】,"Guest House YAMASHITA-YA
〒939-1961 Toyama Prefecture, Nanto City, Minamiguri 839
TEL: 0763-77-3264
https://www.gokayama-yamashitaya.com/index.html"
c26f4N4aobnuDYKXpdYpN,https://www.youtube.com/watch?v=WkY8MU4r71Q,EN,Yoshinoya Ryokan (よしのや旅館)【五箇山】,Yoshinoya Ryokan
TVLwc16KGOLyp3vqvv3l2,https://www.youtube.com/watch?v=oLeEu4kCyys,EN,#30 Minpaku Toganoya (とがのや)【利賀村】,Toganoya
YfXUn0eQ56eqnsomqAaaB,https://www.youtube.com/watch?v=8LwnxomzoWA,EN,Kashiya Ryokan (かしや旅館),Kashiya Ryokan
CN63CcwLY5LymvXHIv_Xk,https://www.youtube.com/watch?v=RE2Is4MvJLM,EN,No. 19 Tozanso (東山荘),"★Tozanso
〒932-0211 Toyama Prefecture, Nanto City, Ina 3043
TEL: 0763-82-1013
http://www12.plala.or.jp/touzansou/"
vPKV-LhJogasAYNUFfJHD,https://www.youtube.com/watch?v=tKUl7OSQEu4,EN,Hōrinji Onsen (法林寺温泉)【福光】,Hōrinji Onsen
q-2nS4h8rRHjM4e1_F11p,https://www.youtube.com/watch?v=VomrefTlo8E,EN,料理旅館 Mansuikaku 【城端】,"★Ryokan Mansuikaku
〒939-1835 Toyama Prefecture, Nanto City, Tachinohara Higashi 1525
TEL: 0763-62-1717
https://www.mansuikaku.com/

#Limited to one group per day"
yv4gkEdXw6N4bR8i0kurr,https://www.youtube.com/watch?v=5LKbVWRC4h8,EN,民宿おかもと（おかもと）【利賀村】,Minpaku Okamoto
9ucsU1AK4BhAX2XDoWJOH,https://www.youtube.com/watch?v=fI6O1--0XcM,EN,民宿まござ（まござ）【利賀村】,"Minpaku Magoza
〒939-2513 Toyama Prefecture, Nanto City, Toga Village, Kamihyakuse 236
TEL: 0763-68-2767
https://www.tabi-nanto.jp/archives/1337"
h45XW6cjg0pMYebAUXg-b,https://www.youtube.com/watch?v=61OixBormWY,EN,瑞泉寺夜の美術館 ＜富山、南砺＞,"Nanto City Inami is recognized as one of the best wood carving towns in Japan and has been designated as a 'Japan Heritage'. About 200 craftsmen continue the carving techniques that have been passed down since the mid-Edo period. The Zuisenji Temple, located in the center of Inami, is referred to as a 'museum of wood carvings', with intricate carvings adorning various parts of the temple. This plan allows you to experience the detailed beauty of the carvings more vividly through lighting at night, creating shadows that enhance their intricacy compared to during the day. Additionally, a local Inami carver will provide explanations, deepening your understanding of Inami's carving techniques."
SCc_vKKTDJdQQKbpSwaVp,https://www.youtube.com/watch?v=I-y5qjZ2_1Y,EN,神奈川県 -東京日帰り旅行-,"This video is to promote wonderful sceneries of several sightseeing spots in Kanagawa, such as Hakone, Kamakura, Yokohama and so on, alternately. At the end, the video will tell you how to get to the Kanagawa Tourism Website."
yR0edWgTd3_qLU7yF9cuo,https://www.youtube.com/watch?v=g1m8upYjhoQ,EN,"Trip to Nanto City, Toyama Prefecture - 福野夜高祭り　～引き合い（通称：ケンカ）～","The Fukuno Yotaka Festival (福野夜高祭り) is a spring festival at Fukuno Shinmeisha Shrine, with the Yotaka Festival on the nights of May 1st and 2nd serving as the welcoming ceremony for the gods, and the main festival on the 3rd featuring the procession of portable shrines and floats. It was once believed that the gods did not always reside at the shrine but only came during the festival, which is why the welcoming ceremony is held. During the evening festival, the Yotaka lanterns are paraded, and the sounds of the Yotaka drums and the spirited shouts of the young men resonate in the spring night sky. On the 2nd, the highlight event known as 'Hiki-ai' (commonly referred to as 'Kenka') takes place. The deity of the Shinmeisha Shrine is said to be a goddess who loves fights, and it is believed that the more intense the Hiki-ai, the more pleased she becomes. This event begins when the ascending and descending lanterns pass each other on Kamimachi Street. In the past, when candles were used, there were instances of flames catching. Once all the neighborhoods have completed their parades, a concluding ceremony called 'Shanshan' is held. Each neighborhood gathers at the bank intersection to report the safe completion of the festival and perform a hand-clapping ritual. The main festival on May 3rd features the floats from four neighborhoods (Kamimachi, Shinmachi, Uramachi, Yokomachi) leading to the Shinmeisha Shrine, accompanied by the portable shrine parading through the town, where the parishioners scatter purifying salt to welcome the procession."
-R-U8YM5uWI9nPj_O84kS,https://www.youtube.com/watch?v=RbqXBblHQeY,EN,"Trip to Nanto City, Toyama Prefecture","The Fukuno Yotaka Festival (福野夜高祭り) is held on April 30th every year at the JR Fukuno Station square (rotary). The highlight is the Bunkyu giant lantern, which is about 15 meters tall and more than twice the size of the giant lanterns still passed down in the Fukuno area of Nanto City. It recreates the scale of those made in an era without utility poles. The evening festival, starting on May 1st, features the procession of the Yotaka lanterns, with the sounds of Yotaka drums and the spirited shouts of the young men echoing. The biggest attraction is the 'hiki-ai' (fight) that begins around 11 PM on the 2nd, where the young men break each other's lanterns with lively clappers. The intense competition captivates the audience. During the main festival, four town floats visit the Shinmei Shrine, and the portable shrine parades through the town."
nH7-qZe59NFd9jbX3nWDD,https://www.youtube.com/watch?v=FnrHZnHdlL8,EN,東京日帰り旅行 神奈川「発見の感覚」,"Explore an uninhabited island, experience Zen meditation, and enjoy a splendid view of Hakone. Discover the charms of Japan in Kanagawa."
ht1ltlLveOFktQQERS83d,https://www.youtube.com/watch?v=o2nSrLAsoeM,EN,KOKIRIKO -The Ancient Japanese Folk Song- ｜こきりこ　English Ver.,"In Gokayama, a life in harmony with nature has been passed down through generations. Along with the World Cultural Heritage Gassho-style Village, Kokiriko—believed to be Japan’s oldest folk song—has been faithfully preserved by the locals. Passed down through generations in the Gokayama region, Kokiriko is a simple folk song and dance with roots in a performing art called Dengaku, which originated around 1,400 years ago during the Taika Reforms. Believed to be the oldest folk song in Japan, its name appears in many ancient documents."
IX2JtLZz5vziWr23y4Dna,https://www.youtube.com/watch?v=yzrxh_0WdUg,EN,KOKIRIKO -古代日本の民謡- | KOKIRIKO 日本語版,"The life that continues in harmony with nature is the 'Gokayama'. The 'Kokiriko', said to be the oldest folk song in Japan, is carefully passed down by the local residents along with the 'Gassho-zukuri village' registered as a World Heritage Site. 'Kokiriko' is a simple song and dance that is said to have originated from the dengaku dance that began about 1400 years ago (around the Taika Reform). It is said to be the oldest folk song in Japan, and its name remains in many ancient documents."
Gtm5FO_ki4HLjm-JoQKxp,https://www.youtube.com/watch?v=F8AUP9MBGjs,EN,KOKIRIKO －古代日本の民謡－,KOKIRIKO －The Ancient Japanese Folk Song －
VsAY0uMrGzYQg52XOy5Q4,https://www.youtube.com/watch?v=SnOphgpyUZ4,EN,EN（縁）,"Takahama Town in Fukui Prefecture, surrounded by Wakasa Bay and Mt. Aobayama, is the birthplace of Shaku Soen, a pioneer who first spread Zen to the world as ZEN and was a master of Daisetsu Suzuki. Surrounded by the sea and mountains where Shaku Soen spent his childhood, the experience of ZEN (Zen, nature, meal, goodness, wholeness...) that connects with nature, people, and resets the mind and body still lives on in daily life. In this video, which expresses the positive aspect of Yin-Yang (spring and summer), we hope you encounter the EN (connection) of ZEN. Connections are made, and new connections are woven. Come to Takahama to experience ZEN, taste the delicious fish of the Japan Sea, and enjoy a workation in Takahama Town, Fukui Prefecture."
UYmQj31TYvCOo7xi-OUgC,https://www.youtube.com/watch?v=4sxtQt10y5E,EN,Nabae Beach - 【福井県高浜町】,"A popular beach for surfers, it is the only beach in Takahama Town where cars can access the sandy beach, providing an outdoor experience. *Surfing is prohibited during the swimming season."
qDWVG-noH7LJvKil4NLX9,https://www.youtube.com/watch?v=3UB523xvwug,EN,Otomi Cliff - 【福井県高浜町】音海大断崖,"It is a magnificent cliff designated as a scenic spot in the prefecture, with a height of about 260 meters. There is a walking path that continues to the Oshimawaki Lighthouse, where part of the great cliff can be enjoyed along the way."
6IjkfbFeOjX1IS5wQB-YJ,https://www.youtube.com/watch?v=AeZ7I1J_E0I,EN,Ebisuhama Park Beach【福井県高浜町】,"This beach has wide stairs, making it easy to relax with less sand. There are rocky areas for tide pooling, and the beach is of a suitable size, making it recommended for families with small children. One of its attractions is that BBQ is allowed on the entire sandy area only during the swimming season."
g63otPURxW14iegtyhxaA,https://www.youtube.com/watch?v=WwbylUwtV0A,EN,Hamanasu Park Beach - 【福井県高浜町】,"This beach is particularly calm, making it safe for families with small children. One of its attractions is that BBQ is allowed on the entire sandy beach only during the swimming season. There is also a 1,400m promenade."
wkDgjWxMvAnFjbzpOTYIl,https://www.youtube.com/watch?v=OwpnkFYBZ9k,EN,Wakamiya Beach - 【福井県高浜町】若宮海水浴場,"Recently renovated, this is the birthplace of Takahama's beach. It is perfect for those who want to enjoy the beach slowly as it is relatively less crowded."
Kj-5H5zChpDM7Oo9uPm7A,https://www.youtube.com/watch?v=ooIlpkOnxtE,EN,Wakasa Wada Beach - 【福井県高浜町】,"Wakasa Wada Beach in Takahama, Fukui Prefecture, is a popular beach that has obtained Asia's first international environmental certification, 'BLUE FLAG'. It features excellent transparency, shallow waters, and a wide white sandy beach. It has also been selected as one of Japan's 88 bathing beaches. During the beach opening period, lifeguards and rescue personnel are stationed for safety. The scenery is beautiful, and it has been chosen as one of Japan's top 100 sunsets."
TPQzu05_zE-PVqvAdCwxz,https://www.youtube.com/watch?v=L5LzgZCtVwI,EN,Shiroyama Beach - 【福井県高浜町】,"The beach has few waves and rocky areas for tide pooling, making it popular with families with small children. Next to Shiroyama Park, which features the scenic spot 'Meikyo Cave' in Takahama Town, visitors can also enjoy the grassy areas. Shiroyama Park has been selected as one of Japan's top 100 sunset spots, offering beautiful views."
zrYu0iuIux3BvBH_dJMUB,https://www.youtube.com/watch?v=Xa_u50ZgAI8,EN,EN（縁）short,"Takahama Town, surrounded by Wakasa Bay and Mt. Aobayama, offers beautiful scenery of both the sea and mountains, gourmet food, and various experiences. We invite you to visit Takahama Town in Fukui Prefecture."
8gZ5Y5Q3Mrp4a9K67mtYS,https://www.youtube.com/watch?v=5b6X4cFPG2c,EN,Oyama（大山）,文教大学の学生の皆さんが、神奈川県の「新たな観光の核」候補“大山”の魅力を旅のアルバム仕立てで紹介する映像を制作しました。
mUHwPNUmaXlZ38GnHC90p,https://www.youtube.com/watch?v=HJHxjQDHPJI,EN,Oiso (Bunkyo University),文教大学の学生の皆さんが、神奈川県の「新たな観光の核」候補“大磯”にゆかりの人物や見所を紹介する映像を制作しました。
qRd8AJu0w6S-YYU1i0KeZ,https://www.youtube.com/watch?v=TqzrtmoJMD4,EN,Jogashima/城ケ島（神奈川県、日本）,"Introduction video of “Jogashima” in Kanagawa, Japan"
DpdvDnDp98saHuq_hVt3M,https://www.youtube.com/watch?v=6E80cy3ZDJk,EN,三重県、日本 8K HDR,Learn more about Mie
vVEg7XgB5Ejmd2y0gDH6A,https://www.youtube.com/watch?v=Wi55AELrCMk,EN,Let's Go See the Flowers of Kanagawa! - History Edition,神奈川県には四季を彩る美しい花と風景が溢れています。今回は歴史を感じられるスポットをご紹介します。色とりどりに咲き誇る花と四季折々の風景を巡ってみませんか？
biwkWDdFzYMslseOGTdUZ,https://www.youtube.com/watch?v=Q9m7JlW13tY,EN,空中移動「フォレストアドベンチャー・小田原」で未病を改善！,"Introduction of Forest Adventure Odawara, a facility of 'Mibyo Iyashi no Sato Station, Exercise Station, Forest Station'. Improve your health surrounded by nature in the Kanagawa Prefecture's western region."
ATYgcA4W41O5QXd4IGr5u,https://www.youtube.com/watch?v=EpnX9NeWj0A,EN,Kanagawa Prefecture Tourism Promotion Video,神奈川県では、訪日観光客の周遊・宿泊を促すため、県の外国語情報ウェブサイト - Kanagawa Travel Info - などで県内の観光地をPRするプロモーションに取り組んでいます。今回は県内のIT事業者である株式会社アイネットにご協力いただき、県内の主要観光である鎌倉、箱根、江の島、大山、小田原、大雄山をドローンで撮影し、プロモーション用映像を作成しました。
6xzuA5eNvRNJJIMdCoc2M,https://www.youtube.com/watch?v=1zoOlX_PU9U,EN,"Kanagawa Tourism Video Contest Entry 02 ""Miura Peninsula - A pleasant holiday""",晴れやかな心地よい休日。友人たちとドローン・カメラを手に、夕暮れまで満喫。
U3Jel3fqMq0-85itWLTVw,https://www.youtube.com/watch?v=hetznySu01c,EN,I LOVE AIKAWA-MACHI 愛川町の魅力がいっぱい,"The first video contest 'Aikawa Red Carpet' featuring Aikawa Town as a filming location. In the 'Aikawa Discovery Video Division', works under the theme 'The charm of Aikawa Town as I felt it' were solicited within 60 seconds. Among the 34 entries, the work 'I LOVE AIKAWA-MACHI Aikawa Town is full of charm' produced by Kenichi Katayama won the runner-up excellence award."
eIalvpPAnsHrKhTNnp4V_,https://www.youtube.com/watch?v=3SYCijj_rWI,EN,【360°VR Video】Tanzawa 6-Minute Trekking Short Version,"―座ったままでアウトドア体験！？―
秋の丹沢「烏尾山（からすおやま）」を、自然公園施設の担当者がご案内します。
※マウス等で画面の方向を動かすことができます（視聴する機器の環境によってはできない場合があります）。
★神奈川県自然環境保全センターでは、新たに今話題のＶＲ（バーチャルリアリティ）ゴーグルを設置しました。全編は神奈川県厚木市七沢の展示室で体験できます。ぜひご来館ください！
詳しくは⇒http://www.pref.kanagawa.jp/cnt/f48/p1171203.html"
htyynEzOQJln26VrTCGSd,https://www.youtube.com/watch?v=XV1LdeoJ8cc,EN,Water Village Kanagawa PR Video 30-Second Digest,神奈川は豊かな森から豊かな海まで水の魅力が連なっています。そんな神奈川の水の魅力を詰め込んだ映像資料を制作しました。
SbFxaYAZqZ6cCRl_gz5XK,https://www.youtube.com/watch?v=Rvh5qzvjjs4,EN,Semmi Onsen,最上小国川の清流に臨む静かな温泉場。山水の景勝に恵まれ、特に紅葉の季節がすばらしい温泉地です。源義経の妻、北の方が亀若丸を生んだ際、産湯を探しに出た弁慶が近くの岩陰から立ち昇る湯煙を見つけたのがこの温泉の始まりと伝えられています。近くには亀若丸の誕生に加護のあった亀割子安観音や瀬見温泉の守り神が祀られている湯前神社など、義経・弁慶に関する伝説や旧跡が数多く残っています。夏は、近くを流れる最上小国川でアユ釣りを楽しむ方を多く見かけます。
MyqIqEIlA_Bji338aFp5d,https://www.youtube.com/watch?v=gjIpnJuPINw,EN,"【Tohoku・Yamagata】 'EMMA' Promotion Video for Mogami Town, Yamagata",[山形県最上町の歴史や風景を背景にした心が動かされる短編物語]
mjgOAsAtvStoMtCS5HrqG,https://www.youtube.com/watch?v=iYuk8Si0CWo,EN,Kōyō and Light Up at Naraiji Temple,２０１７年秋の成相寺の紅葉とライトアップイベントの動画です。
LzpPBRvyQFaV7Sph88-kQ,https://www.youtube.com/watch?v=chVjfvYAxA0,EN,Travel Through the Heart of Japan/日本の心を旅する,＊＊＊＊＊＊＊＊＊＊＊＊＊＊＊＊＊＊＊＊＊＊＊＊＊＊＊【Exclusive Activities Information for Travel】Learn more about the spots or programs featured in the video・English（英語）https://www.kankomie.or.jp/special/fortravelagencies/en/・Japanese（日本語）https://www.kankomie.or.jp/special/fortravelagencies/【Mie Prefecture Tourism official site】 Learn more about Mie・English（英語） https://www.kankomie.or.jp/en/・Traditional Chinese（繁体字） https://www.kankomie.or.jp/tw/・Simplified characters（簡体字） https://www.kankomie.or.jp/cn/・Thai（タイ語） https://www.kankomie.or.jp/th/・Korean（韓国語） https://www.kankomie.or.jp/ko/・Japanese（日本語） https://www.kankomie.or.jp 【Mie Prefecture Tourism official SNS】 ＜English（英語）＞・Facebook / @travelmiejapan ・Instagram / @visitmie ・YouTube / @japantravelmie4723＊＊＊＊＊＊＊＊＊＊＊＊＊＊＊＊＊＊＊＊
lkgkFbtI-M3cFwvlKbgZY,https://www.youtube.com/watch?v=WxfSryKwQsk,EN,プライベートビーチでの海女バトラーとのプレミアムディナー,"■Activity details■
Ama are female freedivers who catch seafood such as abalone and sea urchin. Ama fishing, which has been a tradition in Shima, Mie for over 2,000 years, is designated as an important intangible folk cultural property. With over 200 active ama, it is one of the few places in the country where this type of fishing is still practiced. The average ama age is 65!

This program offers participants the chance to get their fill of Shima accompanied by energetic ama. First, participants will head out on a boat with the ama to experience their traditional basket fishing technique used to collect a variety of fresh seafood. Next they'll enjoy a special dinner made with the freshly caught seafood on a private beach. The ama serve as their own private butlers for an unforgettable experience."
TH5JtbK9_aF_wX6C00pab,https://www.youtube.com/watch?v=y_APpFI6WPQ,EN,長谷園、200年の日本の食文化の歴史を持つ伊賀焼の窯,"■Activity details■Located in northern Mie prefecture in a quiet area where you can see chimneys poking up around town is Marubashira, the Iga ware village. The pottery crafted here is highly flame resistant, and since long ago, clay pots used for cooking on open flames and teapots have been made in this village. Nagatanien, one of the potteries of Iga ware, has continued to carry on the techniques of this craft since the workshop's founding in 1832, making pieces that are highly valued both in Japan and abroad. This program offers participants the chance to go on a special tour of the climbing kilns with the eighth generation head of Nagatanien while listening to secret stories about Iga ware, and to try cooking in a famous Nagatanien clay pot. Don't miss the chance to try some delicious rice prepared in this unique piece of pottery!"
GMLpBIKgviAP4CVqqJ0wA,https://www.youtube.com/watch?v=_wnuKLRKEhM,EN,三重県を体験する,Learn more about Mie
KKmTsGS3U_2KmIdAo__8N,https://www.youtube.com/watch?v=mkGRmUnaFBs,EN,熊野古道の馬越峠を歩く、ユネスコ世界遺産,"■Activity details■
Long ago, it was popular for people from all across Japan to walk hundreds of kilometers to tour sacred sites such as Ise Grand Shrine and Kumano Sanzan (the Three Grand Shrines of Kumano). Many travelers walked the perilous Magose Pass, which is part of the Sacred Sites and Pilgrimage Routes in the Kii Mountain Range that leads to Kumano Sanzan. The beautiful stone paved path leading deep into the forest has been lovingly maintained by locals for centuries, and still looks as it did long ago. This program offers participants the chance to dress in travel garb recreated from ukiyo-e prints and historic documents and walk the Magose Pass just as ancient travelers did. Partial proceeds from the program are used to preserve the stone paving and keep the scenery in pristine condition for future generations."
9Gak7XSYYUns-z0aZrjN-,https://www.youtube.com/watch?v=zkcvnxBcnUE,EN,志摩市でのユニークな真珠ジュエリー体験,"■Activity details■ Shima, Mie is the birthplace of pearl cultivation. Thanks to abundant ocean resources and time-honored techniques, Shima pearls are known as being some of the highest quality around the world. This program offers participants the chance to visit a pearl farm to learn about the cultivation techniques in person while talking with artisans. They'll also have the chance to collect pearls from oysters and the very rare chance to seed oysters, learning just how difficult the process of pearl cultivation truly is. Finally, participants will use the pearls they collect to make a one-of-a-kind piece of jewelry."
90v6TS2Z3Eex_ZG6_RfM1,https://www.youtube.com/watch?v=bg9WoYTYkPA,EN,山城の地での本格的な忍者体験,"■Activity details■
Long ago, many mountain castles were built in Iga, where the ninja were valued for their ability to move swiftly when fighting in mountainous terrain. This program offers participants an authentic ninja experience to learn ninjutsu at the site of a mountain castle, just like the ninja of old. The introductory course teaches breathing techniques, mystic hand signs, and fundamental walking techniques based on Iga ninjutsu at an indoor dojo. After lunch, participants will try swinging a sword in the forest, using a grappling hook, concealment techniques, and more while walking through the site of a mountain castle which records say was used for actual ninja training. This program is designed by the Japan Ninja Council, and is part of a rare domestic workshop that offers continuous advancement based on a systematic curriculum."
DRT9SN4mySjAaY2mZy6FC,https://www.youtube.com/watch?v=4BpzPnr4PnA,EN,Experience Mie Japan - 三重県 30 sec.,Learn more about Mie
nKq1-VkZiaBO7aJ9DeDvT,https://www.youtube.com/watch?v=BCEduQNrJFA,EN,リアル日本の三重サイクリングを訪れる,"Cazacle offers a guided cycling tour with a reservation system, providing a new experience. Cycling is recommended for exploring the area at a leisurely pace. The breeze from cycling lifts your spirits, and the warm interactions with the community make for a tour that blends into everyday life."
QhtnxCY4j1Z6yNkAVWWa1,https://www.youtube.com/watch?v=_GOfhqVjCLM,EN,リラックスできる自然の音 - 穏やかな川 - 三重県櫛田川,Learn more about Mie
o0aZAbmG6bxnHN6DhEi2L,https://www.youtube.com/watch?v=nqnmVfn1CxU,EN,三重県、日本 8K HDR - Mie,Learn more about Mie
iZZlyrX4G9pH8YZRJJHQt,https://www.youtube.com/watch?v=pM8pRh3Olok,EN,"[culture] Mie, Japan 8K HDR - 三重県",Learn more about Mie
Lxg0ITJSQ8rsF0YIjEJ2B,https://www.youtube.com/watch?v=LufjuWOfT74,EN,"三重県、8K HDR - Mie, Japan",Learn more about Mie
8bXLSNq7JNWTBSXTxLqAJ,https://www.youtube.com/watch?v=-j-IMWt9E1g,EN,『初期設定』松阪市プロモーションCM動画クリップ,"A Matsusaka city promotion commercial video clip contest is launched by Matsusaka city and the high schools. The theme of the video is Dogu clay figures, cotton, and nature in the mountains. And, we are now collecting comments and feedback for the participants, the high school students."
s25nKu6YU5QP3U6c8FpyS,https://www.youtube.com/watch?v=-tU2QtoSIDM,EN,『ほっさかさん』松阪市プロモーションCM動画クリップ,"A Matsusaka city promotion commercial video clip contest is launched by Matsusaka city and the high schools. The theme of the video is Dogu clay figures, cotton, and nature in the mountains. And, we are now collecting comments and feedback for the participants, the high school students."
EDdqqxeYyz5nhN-asGyHQ,https://www.youtube.com/watch?v=5u6mndWDTns,EN,『土ヤタ男』松阪市プロモーションCM動画コンテスト,"A Matsusaka city promotion commercial video clip contest is launched by Matsusaka city and the high schools. The theme of the video is Dogu clay figures, cotton, and nature in the mountains. And, we are now collecting comments and feedback for the participants, the high school students."
A9n-QDypBwBPsft-Q-7Q7,https://www.youtube.com/watch?v=3TSfAo5wObw,EN,Earthboat Way ブランディングムービー,"An experiential plan that turns the “journey” leading to Earthboat into entertainment, offering a way to enjoy the unique charm of each location—this is the ‘Earthboat Way.’ Charter a luxury taxi and enjoy the journey itself as you head toward your destination. From the city to breathtaking natural landscapes, you arrive at the Earthboat, a trailer house equipped with a sauna that offers more comfort than camping and a closer connection to nature than a hotel."
zyAYTRTTCLzPOMQRbO8YZ,https://www.youtube.com/watch?v=-dm_wJ30HLk,EN,【FUKATABI NaganoCity】 善光寺ツアー,https://www.nagano-cvb.or.jp/special/fukatabi/
hCHlT4AzYIOQCaEiqy_JY,https://www.youtube.com/watch?v=mt0VesaClIM,EN,Business Seminar by Zenkoji Monks,"This seminar, led by the住職 of Tamashoin, a temple affiliated with Zenkoji, explores the significance of work and the harmony of mind and body. Participants will learn how to incorporate Buddhist teachings into their daily lives to cultivate mental well-being. The住職, who is also a certified walking instructor by Mizuno, will guide attendees through 'static' zazen meditation and 'dynamic' walking to achieve this harmony. The seminar aims to delve into the true meaning of work from a Buddhist perspective. With over 10 years of experience conducting training sessions for major companies such as airlines, trading firms, and food companies, as well as local government agencies, this is a unique business seminar."
jDWFWzvNpukZTJIgBh5Lc,https://www.youtube.com/watch?v=VIrhqYvcXSE,EN,15th Nachikatsuura Town Fireworks Festival,令和6年8月18日（日）開催の花火大会ダイジェスト動画です。
M0UpP71CbWjmj-ydOV1UJ,https://www.youtube.com/watch?v=vP57GFzn_Fo,EN,Aomori Nebuta Festival - 完全復活‼︎,
VOytbbyxuVpLt2Q5y8O1U,https://www.youtube.com/watch?v=_mIT9eJuptU,EN,日本の奇妙な火祭り - 瀧山寺鬼祭り,"There are many mysterious festivals in Japan. Among them, this demon festival is unique in that a fire is lit at the temple. 'Why doesn't it burn?'"
Cjj6DB7ZlldGepkDNOBuB,https://www.youtube.com/watch?v=FLsncmk6YNQ,EN,KYOTO観光PR映像本編 - すべての角が発見を引き起こす場所 -,映像の詳細は、京都市観光協会のホームページをご覧ください。
11pFRdNDU8_cJ0-LPVTrf,https://www.youtube.com/watch?v=qgdIFMd7Vjk,EN,京北の隠れた宝石,"Introducing Keihoku, a place with a long history connected to the imperial family, through activities that allow you to enjoy temples, shrines, rich nature, and farm stays where you can experience rural life."
PbBf1YdkvCYh0vqIQAesl,https://www.youtube.com/watch?v=W3TWQBDEMtQ,EN,京都の隠れた宝石 高雄,"Takao, where the Kiyotaki River flows, is a temple built in the 'Sanbo' formed by three peaks (Takao, Makio, and Togao), showcasing beautiful blue leaves and autumn foliage, as well as the cool riverbed cuisine of summer in Kyoto."
3SfU4Dn4ESrrm-DPzNYxp,https://www.youtube.com/watch?v=a9WBKytQOpo,EN,京都の隠れた名所 山科,This text is already in Japanese.
F_BV7rhpn8HUU0rhVp_Jd,https://www.youtube.com/watch?v=02PcLI88v2I,EN,京都の隠れた名所 西京,"Introducing the temples and shrines of 'flower spots' that can be enjoyed throughout the four seasons in the four areas of Katsura, Matsuo, Rakusai, and Ohara, as well as the tranquil bamboo groves and natural hot springs that heal fatigue."
ClMMV6TaNi4XCivHdQvY_,https://www.youtube.com/watch?v=_F0b2tXFvY8,EN,Nishiyama Course of the Kyoto Loop Trail®,京都一周トレイル🄬「西山コース」は、京都ならではの伝統と緑の豊かさが感じられるコース。嵐山の自然美を楽しみながら、西芳寺（苔寺）や天龍寺といった有名な寺社仏閣も参拝することもでき、清流・清滝川沿いの小径は家族にもおすすめ。
2VYvPYM-IdG3-59OlgPWS,https://www.youtube.com/watch?v=u5sgPAXX42M,EN,Higashiyama Course of the Kyoto Loop Trail®,京都一周トレイル🄬「東山コース」は、伏見桃山から深草地域を巡る約9.5㎞のルートと、伏見稲荷大社から清水山、インクライン、大文字山四ツ辻、哲学の道を経て比叡山に至る約24.6kmのハイキングコースからなる東山コース。京都の市街地を望み、豊かな自然や歴史、文化に触れることができます。交通の便が良くコースの出入りが簡単で初心者にもおすすめ。
U52tMPqWgxxc6idWyZx_8,https://www.youtube.com/watch?v=EkrU2loMcc4,EN,KYOTO SERENDIPITY - シャルロット・ペリアン,"""A free form that gives rhythm to space."" When modernist designer Charlotte Perriand visited Kyoto, she found a transformative inspiration. The shelving at Katsura Imperial Villa directly inspired her famous ""Nuage a Plots"" bookshelf. From the imperial villa to the philosophy of Mingei with Kanjiro Kawai, Kyoto was a meeting ground of ideas for her. Explore the roots of the design that shaped the 20th century. Timeless beauty in every moment of life."
o03msJKDzrMg71JZWXdEf,https://www.youtube.com/watch?v=GRj0qTB0Ols,EN,KYOTO SERENDIPITY - ジョン・ケージ,"Silence is not the absence of sound, but the opening of the mind. Legendary composer John Cage discovered a profound 'Soundscape' in the rock garden of Ryoan-ji Temple. He didn't just observe the stones; he traced their outlines to compose music, finding beauty in chance and emptiness. For him, the aesthetics of Kyoto were like music itself. Step away from the noise and find your own silence. Timeless beauty in every moment of life."
xTknvRb6lJ-UcG2HE45Hf,https://www.youtube.com/watch?v=yivmA5_5Qlk,EN,KYOTO SERENDIPITY - イザベラ・バード,"""Beyond the guidebooks, the true Kyoto awaits."" In 1878, British explorer Isabella Bird found more than just scenery in Kyoto. She saw ""immaculate cleanliness,"" ""self-respect,"" and ""shared responsibilities"" woven into the everyday lives of the people. As she noted in her book Unbeaten Tracks in Japan: ""The Japanese are wonderfully gentle, courteous, and good-tempered."" Discover the universal virtues she admired—a timeless beauty found in every moment of life."
iqbGUqflzeskS_eCjEjiJ,https://www.youtube.com/watch?v=FHothn3iPPI,EN,【総集編】Be.Okinawa つぎなる旅先、沖縄へ｜Be.Okinawa 2020,"▼Table of Contents▼
0:00 Pinai Sara Waterfall
3:14 Minna Island
5:14 Keisaj Bay Mangrove Forest
7:38 Kouri Bridge

−−−

A compilation of the special movie released at the Kenji Sato special talk event for ""Be.Okinawa: The Next Travel Destination, Okinawa.""
https://www.pen-online.jp/news/culture/be_okinawa-kenji_sato/1

−−−

""Be.Okinawa"" is a message expressing Okinawa's welcoming spirit towards tourists. The ""Be"" in ""Be.Okinawa"" represents ""being there, existing,"" and is a call to action. It signifies that for those visiting Okinawa, it is an island where they can regain their true selves surrounded by beautiful nature and warm people.

−−−

Be.Okinawa Domestic Brand Official Website
https://beokinawa.jp/jp/

Be.Okinawa Domestic Brand Official Instagram
https://www.instagram.com/be.okinawa_official/

−−−

#BeOkinawa
#Okinawa
#KenjiSato
#MutsumiArakaki
#PinaiSaraWaterfall
#MinnaIsland
#KeisajBayMangroveForest
#KouriBridge"
dR8tDr13jlZ_WVLqWzWFp,https://www.youtube.com/watch?v=ftLzdNNKusg,EN,沖縄を発見 グルメ編 long｜Be Okinawa 2024,
lzZ6mvDArstZnu8VdgIWP,https://www.youtube.com/watch?v=4ECUtzxpVjw,EN,VRで感じる宮津グルメ！～こっぺがに～,
9wwLYZ5fZRNS6FXuoiRbm,https://www.youtube.com/watch?v=hAHzPbqvCjk,EN,TRADITIONAL CULTURE OF MIYAZU CITY ～宮津の歴史・伝統文化～,The atmosphere of a castle town that flourished with Edo-era merchant ships
YoOzN0nP9V2_uEdkSgoo3,https://www.youtube.com/watch?v=WAt5a3sFUn8,EN,宮津市の食文化 ～FOOD CULTURE OF MIYAZU CITY～,"The blessings of The Sea of Japan, the finest seafood that Tango is so proud of"
dEhzus6rNqASGruqDkbKk,https://www.youtube.com/watch?v=jHfrzLmX6qM,EN,Kanabiki Waterfall,日本の滝１００選の一つ「金引の滝」の入り口から滝までを歩いてみました。滝つぼが無く、滝のすぐ下まで入れるのが特徴です。
MQww-lxIks-57G7udyDee,https://www.youtube.com/watch?v=Onry6sDv33U,EN,Wisteria in Full Bloom! Monju Beach Park (4/30),市営天橋立駐車場の横にある文珠浜公園の藤の花が見頃です。
GlQ39t4bDG7UD-wsQsjDM,https://www.youtube.com/watch?v=VqOW_yAaFZQ,EN,Amanohashidate Activity PV [SUP Edition],天橋立アクティビティセンターで体験できるSUPのプロモーション映像です。
Zb4Xd-eliWfFb7g9fkjs2,https://www.youtube.com/watch?v=6Zr1aF28O0w,EN,"【滝行＆サウナ】Satoriba PV Experience waterfall training and tent sauna at the Kinhiki Falls, one of Japan's top 100 waterfalls, for a limited time!","Through waterfall training, face your own heart and enhance your mental strength, while relaxing your body in an outdoor sauna. The 'Satoriba' event, which balances tension and relaxation to optimize the autonomic nervous system, will be available for a limited time from 10/22 to 10/30."
ksAAREAPxBFdphg5c8nSo,https://www.youtube.com/watch?v=1IdkinJzEK0,EN,Kanabiki Falls Waterfall Experience,京都府内で唯一日本の滝１００選に選ばれている『金引の滝』（かなびきのたき）での滝行体験のイメージ動画です。
jHyabdk3lZCDHcl8OOGHt,https://www.youtube.com/watch?v=9FAO9k_o4kM,EN,Samurai Experience Toyama『甲冑×乗馬×富山城』,"On March 21, 2018 (Wednesday, holiday), a facility where you can experience armor dressing and horseback riding will open at Toyama Castle."
gZS15zs6i349JbBqyLDtM,https://www.youtube.com/watch?v=2hNFrYvYcg4,EN,富山市のおすすめ観光10選,Planning a Trip to Japan? ✈️ Top 10 Things to Do in Toyama City
u2UElmMsVA9pOi8KBvJTO,https://www.youtube.com/watch?v=l7zm7kNfwEk,EN,Hakodate City Tourism PR Video #Hakodate Travel Club 'Oh! Yunokawa!'泉質篇,
kiIwrn4Tx7-k2sKZfoni_,https://www.youtube.com/watch?v=lKa9lSo9rH0,EN,The Night View from Mt Hakodate,ミシュラン・グリーンガイド・ジャポンに３つ星として掲載された、函館山からの眺望。
YhdEjcfY1gps1YB2sIQ_P,https://www.youtube.com/watch?v=BdNrY1-5P6E,EN,Best Tourism Village 2024【ベスト・ツーリズム・ビレッジ・プロモーション・ビデオ】,"Nishikawa Town has been certified as a 'Best Tourism Village 2024' by the United Nations World Tourism Organization (UN Tourism), a project that recognizes regions working on the preservation of cultural heritage and sustainable development through tourism in line with the Sustainable Development Goals (SDGs)."
OkbDiIsWieYq5QCtn7_16,https://www.youtube.com/watch?v=xLCj1s0UKJk,EN,【PV】にしかわぐらし,"Yamagata Prefecture Nishikawa Town, which has different faces in spring, summer, autumn, and winter. Focusing on the people living in this town, which is known for its hidden record of the most snowfall in Japan during winter, we will introduce the lifestyle and migration experiences in Nishikawa Town!"
sWED5UOC7gNhQITJCk3l8,https://www.youtube.com/watch?v=KhKv99nJkTQ,EN,【PV】Koyo no Nishikawa Town②,西川町の月山や大井沢をドローンで撮影した映像です。赤や黄色に色づいた山々の美しい景色をお楽しみください。
D33PARBBd_VLCm3oIsZbu,https://www.youtube.com/watch?v=FTC9cwlheA0,EN,Tonomi's Four Seasons,砺波の四季は、とっても鮮やか！花と笑顔が咲き誇る砺波にぜひお越しください。
PTAoP7aSWJ0K1zkvsCS3b,https://www.youtube.com/watch?v=A2gPRVTSvI4,EN,Tonami Tulip Fair PR Video,北陸の春の風物詩「となみチューリップフェア」を紹介するＰＲ動画が完成しました！来春が楽しみになる動画をゆっくりとご覧ください♪
Aon85rkKZ3AoLxNazSMo4,https://www.youtube.com/watch?v=c9i1IpuxGg8,EN,Today in Motegi Town (Spring ver),"◎道の駅もてぎ：http://www.motegiplaza.com/
◎茂木町観光協会：https://motegi-k.com/
◎茂木町：https://www.town.motegi.tochigi.jp/"
7i5mvWp0eOsVRCVbFQYGY,https://www.youtube.com/watch?v=VHz407YERig,EN,美濃路の魅力を余すとこなくお伝えします！,This is where we visited this time. We traveled through the southern half of Mino in Gifu Prefecture.
HvTGyflnu49IaQLPlM36_,https://www.youtube.com/watch?v=gjTqIjEFgSY,EN,瞬き厳禁?!のスピードで3Dキャラが美しい長崎の街や名物グルメをご紹介します！,This is where we visited this time.
qmn6YjUcZ-91D2hNC0TY2,https://www.youtube.com/watch?v=HF69Mk7yrPg,EN,効能の高さで全国有数のラジウム温泉を求め阿賀野の里『五頭温泉郷』へ！,"Hello everyone. I wanted to try a radium hot spring, so I went to Muramatsu Onsen in Niigata. The accommodation is Kakuya Ryokan. Originally a farmer, Kakuya still grows vegetables and rice for meals! I was attracted to this farm-to-table inn, so I decided on this place. This radium hot spring contains a lot of radon gas, so if you go, please take a lot of deep breaths in the hot spring. I took deep breaths to the point of hyperventilation (!) and felt very refreshed! I became very energetic."
pTgxnblMWvKzZ_nYnvKP6,https://www.youtube.com/watch?v=x7YeDCWGDnA,EN,NAGASAKIばーどアイ4K「緑のトンネル」,Enjoy the seasonal scenery of Nagasaki with 4K drone footage.
sRldvI3jBSLTJ2kySSh50,https://www.youtube.com/watch?v=LxsclnZP2xw,EN,A Stay at ESHIKOTO and a Comprehensive Tour of Fukui's Famous Spots! 'With AI Dinosaur Videos',皆さまこんにちは。恐竜博物館に行きたくて計画した今回の旅。せっかくなので福井名物満載で回ってきました。どこも予想を遥かに上回る素晴らしさで大充実の旅となりました。北陸新幹線福井駅できたので皆様もぜひ福井旅行計画されてみてください！
m90knReV-iP_GbdyN_y65,https://www.youtube.com/watch?v=mAYN2JQJUfA,EN,The Ultimate Resort Hotel 'Yamato -oga-' with a Spectacular View!,皆さまこんにちは。2025年5月に完成した秋田男鹿半島の『山人 -oga-』のご紹介です。秋田と岩手の県境にある『山人』さんへ何度か宿泊していてお料理が美味しかったのが記憶に残っています。今年、男鹿半島に新しいお宿が完成し、温泉が2025年10月から開始になったので行ってきました。男鹿の大地を一望する絶好のロケーション。全てのお部屋(全16室)がオーシャンビューです。ここのお部屋に住みたいほどの居心地の良さったら！食事は素敵なレストランで、男鹿の食材を活かしたお料理が頂けます。ラウンジではコーヒーなどの飲み物やアイスクリームなども無料で頂けて、最高です。とてつもなく贅沢な時間を過ごせますので皆様もぜひ一度行ってみてください！
5Ys7Dxf7B3toNWDpDsbBZ,https://www.youtube.com/watch?v=9jA-4pg4_lA,EN,Today in Motegi Town (Winter Version),"◎道の駅もてぎ：http://www.motegiplaza.com/
◎茂木町観光協会：https://motegi-k.com/
◎茂木町：https://www.town.motegi.tochigi.jp/"
1e-N_zfhj148UQe9GC165,https://www.youtube.com/watch?v=MzrkzcGuDM4,EN,Today in Motegi Town (Summer Version),"◎道の駅もてぎ：http://www.motegiplaza.com/
◎茂木町観光協会：https://motegi-k.com/
◎茂木町：https://www.town.motegi.tochigi.jp/"
7F9zGiq7wnaBYpRqu67qx,https://www.youtube.com/watch?v=fb5_jBixwoQ,EN,NAGASAKIばーどアイ - 4Kドローン映像,"NAGASAKI Bird's Eye - 4K Drone Footage. ~ A memory from summer ~ Dream, travel, enjoy and discover the most amazing places of the NAGASAKI while watching 4K Drone Footage !!"
18AX4TnDU3zxe-HqNP1pF,https://www.youtube.com/watch?v=sd8iw7l_Xe4,EN,【Drone空撮映像】楽山園と煌,"The official website of Kanra Town Hall is here: https://www.town.kanra.lg.jp/

""Discover new charms by viewing the town from the sky!"" With this concept, we will be shooting videos.
This time, we filmed the scenic spot ""Rakuzan-en"" located in Kanra Town!
We also filmed the light-up event ""Kirameki"" held at Rakuzan-en from April 20 to April 30, so please take a look at that as well.

Rakuzan-en is...
A garden created by the Oda clan in the early Edo period, it is a pond-style strolling garden with a borrowed scenery. Centered around a pond with placed scenic stones, it creates a varied terrain with ""Nakajima"" and ""Tsukiyama"". It features multiple tea houses, including ""Ume no Chaya"" and the nationally rare pentagonal-shaped ""Koshikake Chaya"", and the garden paths are also ingeniously designed.

Shooting equipment: 【DJI】Phantom 4 Pro V2.0
Editing: Adobe Premiere Pro 2019
Viewpoint: Rakuzan-en
648-2 Obata, Kanra Town, Kanra District, Gunma Prefecture

Please subscribe to the channel! : https://www.youtube.com/channel/UCUQ2TeS_4eysYlNDHObQubw

#KanraTown
#Drone
#AerialPhotography"
YKidk1QAFi-5YD95N_shu,https://www.youtube.com/watch?v=-5qc-tOGxoA,EN,感情 -上島エコツーリズム-,"This is a concept video for Kamijima Eco Tourism organized by the Kamijima Town Tourism Association. Kamijima Eco Tourism offers various programs centered around outdoor activities such as sea kayaking, SUP, family camping, electric kickboarding, hiking, and cycling. Please experience the beautiful nature of Kamijima Town, the flow of time and atmosphere on the island, and its simple, genuine charm."
WDNO7SMEg38C_lijYxN2H,https://www.youtube.com/watch?v=pJZrm-m-YPs,EN,感情 -上島エコツーリズム- 60秒ショートバージョン,"This is a digest version of the PR image video for 'Kamijima Eco Tourism' organized by the Kamijima Town Tourism Association. Kamijima Eco Tourism offers various programs centered around outdoor activities such as sea kayaking, SUP, family camping, electric kickboarding, hiking, and cycling. Please experience the beautiful nature of Kamijima Town, the flow of time and atmosphere on the island, and its simple, genuine charm."
QpfU2WiiDKQqCtzD-ORYs,https://www.youtube.com/watch?v=940k7cNSYH0,EN,秋 -上島エコツーリズム-,This is an image video featuring recommended activities for autumn in Kamijima Eco Tourism.
TzMQ_uo4RLCPS0onOVn60,https://www.youtube.com/watch?v=2dcs7V_HECk,EN,サンセットカヤック,Sunset Kayak: Kamijima Town Island Eco-Tourism 'Sea Kayak Sunset Tour'
XNRqfK3frJnINr7WbuIpW,https://www.youtube.com/watch?v=NtSacYBa_60,EN,【2024冬旅】Kochi Prefecture Konan City and Kami City Recommended Spots【Recommended】,
OWxr46QYLfBR5p5VVGOwW,https://www.youtube.com/watch?v=O_UR6L-EUP8,EN,【2023・厳選秋旅】高知県津野町・梼原町で自然やグルメ、芸術に触れてみよう,"Recommended for autumn travel! Introducing spots in Tsuno Town and Yusuhara Town, Kochi Prefecture 🤍

There are plenty of attractions, including nature, gourmet food, and buildings by the world-renowned architect Kengo Kuma 🍁💫"
OxUMvwPwXZmLcF73u8p1r,https://www.youtube.com/watch?v=naZFnFM1iJ8,EN,心で巡る、フラリ旅。in Kochi,"For a spontaneous trip during Golden Week, we introduce recommended spots in Kochi Prefecture [#KuroshioTown #ShimanToCity #TosaShimizuCity] 🔖 Fluttering T-shirts, the blue sea, fresh seafood, and cafes where you can take a breather are all here. Step on the land of Hata and make your holiday even more wonderful. Let's travel as our hearts desire. 'You will always want to come back.' We deliver the present of Kochi!"
bK3n2TfgJmcX13Tw9ojOV,https://www.youtube.com/watch?v=EgrGYTbWA-w,EN,Niyodo River Seasons: Spring - NIYODO BLUE! Spring -,"The model for the movie 'Belle' (竜とそばかすの姫), the 'miraculous clear stream' Niyodo River has become a topic of conversation. This collection showcases the beauty of 'Niyodo Blue' in spring, captured by photographer Nobuyuki Takahashi, the namesake of 'Niyodo Blue'."
PiPTsRCxHnZoQj5KsFhUd,https://www.youtube.com/watch?v=cyAbFQKA32k,EN,Sherakabike (e-Bike) Enjoying Shirakaba Kogen to the Fullest!,"To leisurely explore the scattered sightseeing, gourmet, and activity spots, e-Bikes are recommended! With electric assist, even uphill climbs are a breeze. The wide tires provide excellent stability. You can安心 as the GPS navigates the carefully selected courses by staff who know the highlands inside out!"
W5yLBxRNpxf98ifvDu-RP,https://www.youtube.com/watch?v=r_qR3GWRpuU,EN,[360-degree video] Kodaira City Hirakushi Denchu Sculpture Museum Memorial Exploration [VR Experience],小平市平櫛田中彫刻美術館の記念館をVR体験できる360度動画です。ぜひ、スマートフォンのyoutubeアプリからご視聴ください。
hhsQQW1304TSm7-FwzWC3,https://www.youtube.com/watch?v=2wz64IGlpzM,EN,Japanese garden of Hirakushi Denchū - 平櫛田中の庭,"Spring has come again this year. The sculptor Hirakushi Denchū moved to this place at the age of ninety-eight. Since then, for twenty or thirty years, he surprised those around him by buying camphor trees to carve sculptures. Perhaps Hirakushi Denchū is still continuing to carve sculptures while gazing at this garden. From this elegant yet powerful scenery, I feel as if I can hear the breath of Hirakushi Denchū, who does not succumb to anything."
NU0uJv7U2jfT4MJhs7ASP,https://www.youtube.com/watch?v=7c4G5yJHReo,EN,"【絶景茨城】袋田の滝 氷瀑｜VISIT IBARAKI,JAPAN","One of Japan's three great waterfalls, 'Fukuroda Falls' shows its entire frozen form in the harsh winter cold.

Additionally, the 'Daigo Light' event, which has become a local tradition in Daigo Town, reveals a new charm of 'Fukuroda Falls' through the mystical space created by nature and light."
Z3AQ1A17vAQgGnuQFjcNz,https://www.youtube.com/watch?v=aVg4WXE_Bt0,EN,"【Scenic Ibaraki】Mountain Cherry Blossoms｜VISIT IBARAKI, JAPAN",茨城県桜川市内の里山には約55万本の山桜が自生しており、淡紅色の桜花ともえぎ色に芽吹く木々が重なり、パッチワークのような風景をみることができます。磯部桜川公園周辺では約550本の桜を見ることができます。櫻川磯部稲村神社や公園を含んだ周辺一帯は国の名勝に指定されており、神社及び公園にある桜が国の天然記念物に指定されています。
Itn9_uKQm9AXdu1fX3xoM,https://www.youtube.com/watch?v=XdpFM1z7Qww,EN,"【Spectacular Ibaraki��Hitachi City Kamine Zoo｜VISIT IBARAKI, JAPAN",太平洋を望む絶好のロケーションにあり、長年愛されてきた日立市かみね動物園。ゾウ、リスザル、レッサーパンダ、キリン、ペンギン、カワウソ、イグアナ…可愛い動物たちの姿にほっこりしていただけたら幸いです。
W0s1noS1csBn_pMxJVdNV,https://www.youtube.com/watch?v=jqhFfIyYBSU,EN,"【絶景茨城】Ibaraki Flower Park｜VISIT IBARAKI,JAPAN","At the 'Ibaraki Flower Park', which was renovated in April 2021, you can enjoy various flowers with all five senses, including 900 varieties of the prefectural flower, roses. Please enjoy the highlights of each season: roses, hydrangeas, sunflowers, dahlias, cosmos, and winter illuminations."
d8iC7rSSgHHAGuILsyalR,https://www.youtube.com/watch?v=_WM73FMUZCA,EN,"【祝・日本ジオパーク認定／絶景茨城】筑波山 ｜VISIT IBARAKI,JAPAN","Tsukuba Mountain, affectionately known as 'West Fuji, East Tsukuba' and also called 'Purple Peak' for its changing colors at dawn and dusk, features two peaks: Nantai Mountain and Nyotai Mountain. It has long been a revered mountain. The hiking trails to Tsukuba Mountain allow visitors to enjoy historical towns that retain the atmosphere of the Edo period, with signposts and traditional storehouses. The mountain offers year-round opportunities for hiking and enjoying nature. Additionally, with the use of cable cars and ropeways, anyone from children to the elderly can easily reach the summit and enjoy the beautiful views."
UAJJYSqsiMpg8LZqhC-FC,https://www.youtube.com/watch?v=OOVdOLlNel8,EN,【絶景茨城／ユネスコ無形文化遺産】結城紬,The fabric 'Yuki Tsumugi' conveys the origin of Japanese silk textiles. Its production process is registered as a 'UNESCO Intangible Cultural Heritage'. Captured are the landscapes of ancient traditions and the skills of artisans.
9a9eaK1BVDP3I_lIQrj3o,https://www.youtube.com/watch?v=Li1zuuS1xss,EN,"【Breathtaking Ibaraki】Autumn Leaves [4K]｜VISIT IBARAKI, JAPAN","【撮影日 2015.11.17】
茨城県の代表的な紅葉スポット、花貫渓谷（高萩市）、竜神大吊橋（常陸太田市）、永源寺・袋田の滝（大子町）、花園渓谷（北茨城市）の秋の絶景を収めました。
鮮やかな赤と黄色で彩られた茨城の秋をご堪能ください。"
XaXmhlnvetJhkrV3m9c2A,https://www.youtube.com/watch?v=S4n1kkES1Yo,EN,【Spectacular Ibaraki】Oosugi Shrine Oosugi Festival (Anbamachi) Ibaraki Prefecture Inashiki City,"【撮影日 2015.10.25】
はるか昔から「あんばさま」として人々の信仰を集め、今なお語り継がれている奇跡や伝­承から日本唯一の「夢むすび大明神」としても知られる茨城県稲敷市の大杉神社。
「あんばまち」とも呼ばれる秋の大祭、大杉祭での華やかな行列や、伝統芸能「あんば囃子」を­地元の人達が親しんでいる様子をご覧ください。"
78QhciqESW0up7li24xym,https://www.youtube.com/watch?v=GC1TiHmG0Ms,EN,"【絶景茨城】コキア｜VISIT IBARAKI, JAPAN","Captured the summer and autumn scenery of Kochia at Hitachi Seaside Park. Enjoy the beautiful Kochia, which is a refreshing green during the day in summer, colorful at night with limited-time lighting, and deep red in autumn."
sHGhY6j6kEDLl0NVP6R-v,https://www.youtube.com/watch?v=dOCm6o51HKE,EN,"【Spectacular Ibaraki】Hydrangeas at Hoan-en [4K] Mito City, Ibaraki Prefecture",【撮影日:2015.6.16】名君、徳川光圀が愛したといわれる桂岸寺の庭園「保和苑」。初夏、約6000株の色鮮やかなあじさいが織りなす絶景は、そこを訪れたたくさんの人々の目を魅了します。
SCJLuh5-ltKWJmrOecwd7,https://www.youtube.com/watch?v=7Kxl03sFcHM,EN,"【Breathtaking Ibaraki】 Poppy / Marigold [4K] Shimotsuma City, Ibaraki Prefecture | VISIT IBARAKI, JAPAN","【撮影日：2015.5.21】
茨城県下妻市にある小貝川ふれあい公園。５月、園内のフラワーゾーンでは、壮大な筑波山を背景にシャーレポピーとキンセンカが視界いっぱいに広がります。"
0TCtlSYd9F9lSQAtjyZsu,https://www.youtube.com/watch?v=SwpqXFYv0Ek,EN,"【Breathtaking Ibaraki】Azalea [4K] Kasama City, Ibaraki Prefecture｜VISIT IBARAKI, JAPAN","【撮影日　2015.4.27】
春の笠間つつじ公園を彩る約8500株ものつつじ。空の青、山の緑、つつじの赤が織りなす春の笠間の絶景は必見です。「笠間つつじまつり」では野点茶会やお囃子の演奏などのイベントも催され、沢山の観光客で賑わいます。"
AsUTcx3H6slG-Y563vdsi,https://www.youtube.com/watch?v=ghtv8KzcOb4,EN,"【絶景茨城】ネモフィラ［4K］茨城県ひたちなか市（国営ひたち海浜公園／Hitachi Seaside Park）｜VISIT IBARAKI, JAPAN","Filming date: April 23, 2015. A must-visit breathtaking view before you die! One of Japan's representative breathtaking views is the nemophila harmony at Hitachi Seaside Park in Hitachinaka City, Ibaraki Prefecture. The wind blowing from the sea sways the nemophila, blending the blue of the flowers with the blue of the sky, filling your view with a vivid blue. Enjoy this unique blue scenery that can only be found here in the world."
t_562TLS5GkZGWXvxhwdc,https://www.youtube.com/watch?v=r2nAkyuOjJM,EN,"【Spectacular Ibaraki】Cherry Blossoms [4K] Hitachi City, Ibaraki Prefecture","【撮影日　２０１５．４．６】
茨城県日立市にある「かみね公園」と日立駅前「平和通り」は日本のさくら名所百選にも選出されています。海と山の間を駆け抜ける風が美しい桜の花を揺らし,その街に生きる人々の生活を彩り,茨城県内外から観光客を魅きつけて街を賑やかにします。毎年春には日立さくらまつりが開催され,ユネスコ無形文化遺産に登録された山車「日立風流物」が桜の景色に迫力を与えます。詳細はこちら
http://www.ibarakiguide.jp/seasons/sakura/s_hitachi.html
もっと茨城の観光地を見たい方は
http://www.ibakira.tv/archive/visitibaraki/"
hFMY5xLz2WhyREGBoiO18,https://www.youtube.com/watch?v=_edXvkqwvH4,EN,"【絶景茨城】桜［4K］茨城県土浦市｜VISIT IBARAKI, JAPAN","Sakura Festival 2015 will be held at many famous cherry blossom spots in Tsuchiura City, Ibaraki Prefecture. In particular, the Somei Yoshino cherry tree, about 100 years old, at Manabe Elementary School is designated as a natural monument of the prefecture. During the period, various places will be illuminated and events will be held, making it lively.

It will be held from March 21 (Saturday) to April 12 (Sunday), 2015."
lbNKLHYu9QsexPgoUUknh,https://www.youtube.com/watch?v=tmmgqjhyv6w,EN,【絶景茨城】 Ibaraki's Waterfront - Relaxation in IBARAKI -,Introducing the waterfalls and valleys of Ibaraki.
NSymUtDC1BCKSxXIQxSQV,https://www.youtube.com/watch?v=AEZZ_lme47s,EN,NAGASAKIばーどアイ - 4Kドローン映像,"NAGASAKI Bird's Eye - 4K Drone Footage. Dream, travel, enjoy and discover the most amazing places of the NAGASAKI while watching 4K Drone Footage !!"
SBQ4e_DsM7nxO5XTGLIp7,https://www.youtube.com/watch?v=6PuOCpAMxcs,EN,Drone Footage: Nagasaki Bird Eye 4K - View from Shimakisen Minami,#長崎ばーどアイ #ドローン #長崎放送
Esi_STl9KvPGeoDfgSwLV,https://www.youtube.com/watch?v=V5lx039L5kY,EN,"Nagasaki Bird Eye 4K - Cape Mitsukura, Fukue Island Coastline",#長崎ばーどアイ #ドローン #長崎放送
wfVc-HptMe7iqprt1cVbR,https://www.youtube.com/watch?v=OCAR84Wajbs,EN,Nagasaki Bird Eye 4K Nishi Island Stone Tower Group,#長崎ばーどアイ#ドローン#長崎放送
uv1PIWReqes_9LxfbS_D9,https://www.youtube.com/watch?v=0Vf1vUNduio,EN,Nagasaki Bird Eye 4K - Momiji-en at the Age of 30,#長崎ばーどアイ#ドローン#長崎放送
UYn8Ms7oBC3Vn22rD2jEX,https://www.youtube.com/watch?v=30ZsNDsE5x4,EN,Nagasaki Bird Eye 4K Hario Wireless Tower,#長崎ばーどアイ #ドローン #長崎放送
y0rsE_FOWQL7lVjqonL-_,https://www.youtube.com/watch?v=su2pff_jO1c,EN,Nagasaki Bird Eye 4K - Mitsubishi Shipbuilding's Giant Cantilever Crane,#長崎ばーどアイ #ドローン #長崎放送
AQZATGc5yeFHEwFYquBNx,https://www.youtube.com/watch?v=UNuNJlseYzc,EN,Nagasaki Bird Eye 4K Shishikiyama,#長崎ばーどアイ #ドローン #長崎放送
GmIJ0HuHMOyG0FMf9nDcK,https://www.youtube.com/watch?v=H7Cy7zMyzlA,EN,Nagasaki Bird Eye 4K: Kawauchi Pass in Summer (Hirado City),#長崎ばーどアイ#ドローン#長崎放送
AQecG-ISAEFLkq_tzzMqd,https://www.youtube.com/watch?v=1Ryi26lf3To,EN,Nagasaki Bird Eye 4K - Kujukushima Sunset Cruise,#長崎ばーどアイ #ドローン #長崎放送
QLA1r4pRSsvpWYNL2Mxdk,https://www.youtube.com/watch?v=PH9G5Cpj6SA,EN,Nagasaki Bird Eye 4K - Tonozaki (Tsushima City),#長崎ばーどアイ #ドローン #長崎放送
3QMrHXDKd4OpoIJ8CX4Ma,https://www.youtube.com/watch?v=ShojtFY9RJw,EN,Nagasaki Bird Eye 4K - Umikami Shrine (Kawatana Town),#長崎ばーどアイ #ドローン #長崎放送
etts-8FqSW9i5wjAVJbFf,https://www.youtube.com/watch?v=WzfZn2IL8Qc,EN,Nagasaki Bird Eye 4K Prefectural Road Unzen Chijiwa Line,#長崎ばーどアイ #ドローン #長崎放送
qlnuJ9GxvEO8ZZp7N9hPd,https://www.youtube.com/watch?v=FK_mg5eiOO0,EN,Nagasaki Bird Eye 4K - Shimakitsu Minamishimabara Station,#長崎ばーどアイ #ドローン #長崎放送
BVxSxF7m_Db8QEUDUBqkR,https://www.youtube.com/watch?v=-1IGONPNhGU,EN,Nagasaki Bird Eye 4K - Matsuura Railway Scenery,#長崎ばーどアイ #ドローン #長崎放送
mbPVD2aZf3LEa8bnMN_iY,https://www.youtube.com/watch?v=UictYxN93Y0,EN,Nagasaki Bird Eye 4K - Hitotsubatago Colony Site (Tsushima City),#長崎ばーどアイ #ドローン #長崎放送
SHgtCuPaf1B4EtkwbNizH,https://www.youtube.com/watch?v=RUGneiqDW18,EN,Nagasaki Bird Eye 4K Himi Pass Meiji New Road (Nagasaki City),#長崎ばーどアイ #ドローン #長崎放送
QOPOTtR4fnKuh52k98obg,https://www.youtube.com/watch?v=e5jnkqoGAV0,EN,Nagasaki Bird Eye 4K - Mankai Seto (Tsushima City),#長崎ばーどアイ #ドローン #長崎放送
Gb5MnExPxdB7c-Qt9tZI-,https://www.youtube.com/watch?v=i8oETcO6IoY,EN,Nagasaki Bird Eye 4K - Tea Picking Scenery in Higashisonogi Town,#長崎ばーどアイ #ドローン #長崎放送
8AvN0skC3H3FvuR50bYf0,https://www.youtube.com/watch?v=FdtwxSkwRBc,EN,I visited Matsuyama Castle's Main Keep!,ここは、愛媛県松山市にある松山城です。松山城には、加藤嘉明の鎧や当時使われていた武器が展示されています。その他にも、武装服を試着できたり、松山城小天守復興の様子のビデオを視聴することもできます。そして、天守閣では360°のパノラマを見ることができます！RyoFさんが松山城入口までの景色を撮影しております！→https://youtu.be/T1l3eHh-TaQ
y6RysPcpGyEJuHG0vHPCH,https://www.youtube.com/watch?v=Rzlk_lNj2o4,EN,I visited Imabari Castle! (Tenshukaku Edition),ここは、愛媛県今治市にある今治城です！今回は、天守閣を撮影しており！詳しい情報はこちら！→http://museum.city.imabari.ehime.jp/imabarijo/ 本丸跡編→https://youtu.be/7DIJ32CeSvI
DmcIdRxHaSN1rrry5zlst,https://www.youtube.com/watch?v=RhqnfdYDgRs,EN,I visited Kochi Castle!,ここは、高知県高知市丸ノ内１丁目２−２−１にある高知城です。 詳しい情報はこちら！→http://kochipark.jp/kochijyo/ そしてこの動画の最後には、高知県高知市の日曜市を撮影しております。 日曜市についての詳しい情報はこちら！→http://www.city.kochi.kochi.jp/soshiki/39/nichiyouichi.html
KjnDOXwAmUOECPki9S9MY,https://www.youtube.com/watch?v=lrdoldUq7cc,EN,I visited Ozu Castle!,ここは、愛媛県大洲市大洲９０３にある大洲城です。大洲城には、2004年に復元された天守をはじめ、国指定重要文化財に選定された4棟の櫓があります。そしてこの動画の最後には、愛媛県松山市を流れる宮前川にいたコガモを撮影しております。
StUTYlaF8rcJbsJQd6XYz,https://www.youtube.com/watch?v=niqMlrwPq6M,EN,I visited Uwajima Castle! (Tenshu Edition),"Here is Uwajima Castle located in Uwajima City, Ehime Prefecture. Uwajima Castle is a flat mountain castle built on a hill at an elevation of 80m. It was significantly renovated by the second generation of the Date clan, Muneyoshi, to take its current form. The main keep is designated as an important cultural property. At the end of this video, there is footage of a cat in Uwajima City, Ehime Prefecture. 登城編→https://youtu.be/bJbAEg2EYcE"
Cx9toYw37BlZFAqtM4KD5,https://www.youtube.com/watch?v=2SyFekCQ4sc,EN,Special Jury Award 'Let's Stand Up Unzen City' a film by Ryuji Shibata,第17回NCCふるさとCM大賞　受賞作品 ふるさと長崎の30秒動画を募集しました。 協賛：十八親和銀行
_-EIaOS3Nw5Nmy11r4RWH,https://www.youtube.com/watch?v=jND8HSMdcGk,EN,ハイパーラプス 福岡市、日本 4k (ウルトラHD) - Fukuoka Short ver.,Learn more about Fukuoka City
hOakqDpq4sIOeuF5_I_iS,https://www.youtube.com/watch?v=g4jsXVyc4bA,EN,ハイパーラプス 福岡市、日本 4k (ウルトラHD) - Fukuoka 30s ver.(food),Learn more about Fukuoka City
cpeWYmbtfjVH9IJoZV2F-,https://www.youtube.com/watch?v=AQf59uveGUg,EN,ハイパーラプス 福岡市、日本 4k (ウルトラHD) - Fukuoka 30s ver.(ランドマーク),Learn more about Fukuoka City
2r0CgiuYpGF94WGvlUDDj,https://www.youtube.com/watch?v=4vs7oA6_Ce8,EN,ハイパーラプス 福岡市、日本 4k (ウルトラHD) - Fukuoka 30s ver.(traditional),Learn more about Fukuoka City
TcgrxIuXBx2BXQCl7InDw,https://www.youtube.com/watch?v=-_ImZ3afULY,EN,ハイパーラプス 福岡市、日本 4k (ウルトラHD) - Fukuoka Full ver.,"Hyperlapse Fukuoka City, Japan 4k (Ultra HD) - 福岡 Full ver"
9C-r4EdYzCuQsJYAgazEi,https://www.youtube.com/watch?v=GsR-j4oKhg8,EN,観光マナー映像「The Etiquette Guide to Fukuoka」（英語版）,"A few pointers to help you enjoy your trip to Fukuoka: How to behave in public spaces, How to use the toilets, Photography etiquette, No littering, Smoking rules. We hope you have a great time in Fukuoka!"
ubnc28DCQCSehlf6qMWK5,https://www.youtube.com/watch?v=QATVqmiF_n0,EN,The Etiquette Guide to Fukuoka,福岡市の公式Youtubeチャンネ、登録お願いします。https://www.youtube.com/user/Fukuokachannel
f1ftbWvnwdKoJsRcwIIeg,https://www.youtube.com/watch?v=KT4plHkQGGM,EN,Tourism Etiquette Video 'Fukuoka - Etiquette for a Pleasant Trip' (Korean Version),福岡市の公式Youtubeチャンネ、登録お願いします。https://www.youtube.com/user/Fukuokachannel
bO2OyXGIeybAz7KtWANsk,https://www.youtube.com/watch?v=bmfl2-HKZFw,EN,Furusato CM Grand Prize NARA 2025: Tenka Village 'Deep Breathing of the Heart',"【作品概要】
修験道の聖地でもある天川村で、深く、ゆっくりと「心の深呼吸」をするような静寂の登山体験へ誘う動画を制作しました。一歩一歩、山を登るごとに心が洗われていくような感覚、そして山頂から広がる絶景に心が解き放たれる瞬間が表現できるよう心がけました。日常の喧騒を離れ、自分自身と向き合い、心の奥底からリフレッシュできる特別な時間を天川村で見つけてみませんか？"
Iv-IzUBjjnu3KZcup8OWl,https://www.youtube.com/watch?v=JDnrYPEv2tg,EN,魅惑の東京 - これは本当に東京ですか？ - 火山島大島（フルバージョン） / 絶景！大島三原山火口をドローン空撮,"OSHIMA Island
1 hour 45 minutes (minimum) from central Tokyo by high-speed jet ferry. Enjoy the island’s dynamic scenery, with views such as Mt. Mihara, the volcanic crater you can see close, a vast ‘desert’ and ‘Fudeshima’, the brush-like rock protruding from the sea surface. Be it camping or cycling, there are activities for you to immerse yourself in the rich nature of the island. Full of charm, Oshima Island is waiting to enchant you."
y85ZOcm-oDObHSJTdtguk,https://www.youtube.com/watch?v=HDW2aa-tizc,EN,Enchanting Tokyo HACHIJOJIMA Island (Full ver.)／八丈島,"Hachijojima Island, which is less than an hour’s flight from Tokyo, is an island where you can enjoy the great outdoors. With one of the highest precipitation rates in Japan, Hachijojima has its own unique environment including giant ferns and potholes carved into the rock by ever-flowing spring water. On the island, you can enjoy hiking as well as running and fishing. After enjoying physical activities, visitors can relax in a natural hot spring surrounded by rich nature, making it the perfect environment for a refreshing weekend getaway."
Jg27vhadZKKaQPOyEb3O0,https://www.youtube.com/watch?v=-aHXAN8YXXo,EN,魅惑の東京 青ヶ島（フルバージョン）,"Aogashima Island, located 358 kilometers (222 miles) south of urban Tokyo in the Pacific Ocean, was the only Japanese location selected as the “World’s Top 13 Most Beautiful Views to See Before you Die” by a US-based NGO, thereby attracting attention from around the world. The video “Enchanting Tokyo AOGASHIMA Island” introduces the unique landscape of the island, including the world-famous double caldera and geothermic “hingya” steam eruptions. The video also explores the island’s way of life and beliefs that coexist in harmony with nature."
EYoMs80N9fOU03BRb7WbO,https://www.youtube.com/watch?v=kt92-ZDm-HM,EN,Enchanting Tokyo 7-Minute Miracle/7分間の奇跡,"An American video journalist, Charli James, who came to Japan for work, reported on what he found 'amazing and interesting' in Tokyo. This video was produced under the title '7-Minute Miracle,' focusing on the quick and accurate cleaning that allows for a comfortable journey as the Shinkansen finishes cleaning in a short time and departs again."
mFhSHqEC_pTU09rKbQY2z,https://www.youtube.com/watch?v=l0cJe3T6PuE,EN,北海道・北東北の縄文遺跡群,We will deliver the charm of the assets that make up the World Heritage Site 'Jomon Prehistoric Sites in Hokkaido and Northern Tohoku'!
xL_0jsP5eGUhJhheIZZJm,https://www.youtube.com/watch?v=UesywOJGJzA,EN,※Extension until May 11! The 3rd Aso Lantern Festival begins - Aso Monzen Town Lantern Walk - #Event #Aso City,"※好評により5月11日までの延長が決定しました！

2025年4月12日（日）～20日（日）まで、「第三回阿蘇ちょうちん祭」が、熊本県阿蘇市、阿蘇神社近くの阿蘇門前町商店街周辺で開催されています。

約2,000個のちょうちんの淡い明かりが夜道を照らします。

点灯時間：午後6時～午後10時まで

阿蘇門前町商店街
https://maps.app.goo.gl/wZaXdEYPj8NSAjrY9

阿蘇ちょうちん祭HP
ちょうちん協賛　名前が入ったちょうちんが会場で飾られます。
https://www.aso.ne.jp/cyouchin/"
P-SMKkMWT8XyRnZBugl5O,https://www.youtube.com/watch?v=usNveyCo6-0,EN,Greslovillage Green Slow Mobility Car,阿蘇の草原を小型電動車「グリーンスローモビリティ（グリスロ）」で駆け抜ける体験型ガイドツアー
x9gUjX4-gFzeoc8GsP66b,https://www.youtube.com/watch?v=ZBpRg95r0ZM,EN,Aso no Aki,四季を彩る阿蘇の秋
sO2FjnTwgGFPjGYveCWH5,https://www.youtube.com/watch?v=2gAGGHP53uE,EN,"【4,000株】春のバラまつり2022 in ASO MILK FACTORY","The rose garden at the tourist facility 'ASO MILK FACTORY' in Kozaki, Aso City, is in full bloom with roses grown in a greenhouse."
l4D3TpCRG9S7_HPBM86zp,https://www.youtube.com/watch?v=WylXB1waLIo,EN,【Autumn leaves in Aso City】阿蘇市の６スポット ( モミジ/イチョウ/ススキ ),"This video is a record of autumn leaves that we captured on 6 locations in Aso City. They are all known as places where you can see beautiful red maple trees and yellow ginkgoes and gold pampas grass. If you want to trip into this locations, please check this."
CzK_EYfgQHCbPYhCBjllL,https://www.youtube.com/watch?v=9Smtu5cVWiM,EN,Walking Bicycle Stroll in Namikake,新感覚の歩いてこぐ電動アシスト付き三輪自転車「ウォーキングバイシクル」のご紹介です。古田とわさんがリポーターとなり、阿蘇市内牧を散策しながら「ウォーキングバイシクル」の魅力をお伝えします。是非ご覧ください。
CN5qPi9rwb2fNYndeNaef,https://www.youtube.com/watch?v=OgbVHBTDhMc,EN,令和3年 Aso City Cherry Blossoms,I photographed the cherry blossoms in Aso City in 2021.
pL5Z3Dg7EgIcxv0nfUl7S,https://www.youtube.com/watch?v=kijslDhKXlQ,EN,Kagura Boys: Nakagawa Iwato Kagura's First Regular Performance of the Year,令和3年4月4日、阿蘇市波野の中江神楽殿で、この地域に伝わる伝統芸能の中江岩戸神楽の今年度初の定期公演が開催されました。
PJFgonTysVbRjENj_NLVN,https://www.youtube.com/watch?v=rokEcepoh9o,EN,Millennium Grassland,九州熊本県阿蘇地方。27万年前からの度重なる大噴火で出来たカルデラと呼ばれるくぼ地に、約5万人が暮らす、世界でも珍しい場所です。カルデラの中央には、今も噴煙を上げる活火山阿蘇山がそびえ、その周辺には日本最大の草原地帯が広がります。この唯一無二の空間は、国立公園、ユネスコ世界ジオパーク、世界農業遺産にも認定されています。
VVWR4p8ydeYNtStGvOnkW,https://www.youtube.com/watch?v=FVZ8SLfDP5s,EN,Now Only! A Great Deal for Traveling in Ehime: 'Gurutto Ehime Trip',愛媛県への旅行者を対象に、バスや船、タクシーを利用して、愛媛ならではの周遊プランが楽しめる「ぐるっとえひめ旅」のプロモーション動画です。愛媛の魅力をたっぷり詰め込んだ様々なコースをご用意していますので、ぜひ、この機会に愛媛を満喫してください。
z8IGFh5tr6KiW0qLxIKvN,https://www.youtube.com/watch?v=kY0AzufPUD0,EN,【優良賞】004 盛岡城 Let's try『Tojo』,"The Nanbu family has an 800-year history. Morioka Castle, which served as their residence, is selected as one of Japan's 100 famous castles and is counted among the three famous castles in Tohoku. However, perhaps due to the absence of a main keep, its name recognition is weak. Nevertheless, Morioka Castle has its own charm! Even without a restored main keep, there is a place where you can feel the thoughts of the Edo period! With this in mind, we aimed to create a promotional video for Morioka Castle themed around 'climbing the castle.' Additionally, we have included explanations in subtitles (in Japanese and English) for viewing on company PCs and smartphones."
dXM99Hi86IxnR_jmo3Nvy,https://www.youtube.com/watch?v=4Z1iIqwfRSw,EN,【GOTO ISLAND】チルタイム,#Goto Islands #Goto City #Fukue Island
Exl34OKreFIKiLGBjroET,https://www.youtube.com/watch?v=h9SMYuehmVQ,EN,【MIYAZAKI🌊SURFTRIP🌴】Day Trip Edition☀️,"#宮﨑日向　#サーフィン　#無人航空機操縦士

長男と次男と日帰りでサーフィン🏄‍♂️ 
久々の宮﨑の幼馴染と会えて次男喜ぶ❤️"
d6u7RqoGvMaO2oBJLNyZG,https://www.youtube.com/watch?v=90vFrLJC9o4,EN,"Suō Ōshima, Yamaguchi Prefecture",#周防大島 #山口県 #周防大島町
eI5JHV0yRc1WbbQUcEXRR,https://www.youtube.com/watch?v=rNCQKPRi9kI,EN,Yunoko Beach SUP TRIP,#熊本  #sup  #湯の児海水浴場
LaULfPS34IwfOx8-IdkuC,https://www.youtube.com/watch?v=7HUxWE5_zWI,EN,五島列島の色,A relaxing trip to Fukue Island in the Goto Islands with my eldest and second son 😊
SwJbC62M0eIrw9vTOR9wB,https://www.youtube.com/watch?v=MSlEfEZVvKY,EN,熊本市を見上げる 4K Full ver【広報課】,"The title 'LOOK UP' means 'to look up', 'to get better', and 'to cheer up'. The story follows a female traveler who arrives in Kumamoto City and, as she experiences the local culture, becomes captivated by the city and starts walking forward with a light heart. In the end, colorful balloons, symbolizing 'power and energy', fly towards the sky above Kumamoto Castle. The message conveyed is, 'When you feel down or lack energy, I want you to look up. This city has Kumamoto Castle that supports us. Let's all look up together!'"
fsYQDcYQV-G3yq2lc-uJY,https://www.youtube.com/watch?v=kPqnM4lWops,EN,Osado Shina Natural Cedar Walking Path【Summer Edition】,大佐渡山脈の北部にある県有林石名団地には、特異な形状の巨杉が生育しています。新潟県では、この雄大な天然杉を安全にご覧いただけるように遊歩道を整備しました。起伏の少ないコースなので、子どもの自然学習の場としても安心してお薦めできます。
DxHG8tsgIRmr5bpLr8UhY,https://www.youtube.com/watch?v=8ELxLDvYrKg,EN,Ogasawara Sekina Natural Cedar Walking Path [Fog Edition],大佐渡山脈の北部にある県有林石名団地には、特異な形状の巨杉が生育しています。新潟県では、この雄大な天然杉を安全にご覧いただけるように遊歩道を整備しました。霧に包まれた幻想的な森で、じっとり露に濡れた樹皮をまとう杉の巨木をご覧いただけます。
yg0OMec4i0c_ixvWboAT6,https://www.youtube.com/watch?v=z65oje2SZT8,EN,【Tokyo Chuo City tourism introduction movie】歩（Walk）version (English/3min. version）,"This is a promotional video to introduce various tourist attractions of Tokyo Chuo City. The 'Walk' version of the video shows a day in Chuo City from the perspective of a visitor, walking around and seeing the sights. It captures areas representative of Chuo City, including Nihonbashi, Ningyocho, Ginza, Tsukiji, Tsukuda and Tsukishima, from the perspective of a pedestrian on the street. Take a stroll through the varied scenes of Chuo City, feel the traditions of history and touch upon the latest trends."
QIcFmF_Ao8ox463cneJu7,https://www.youtube.com/watch?v=Y7xABZLagOg,EN,【Tokyo Chuo City tourism introduction movie】遊（Activity）version (English/3min. version）,"This is a promotional video to introduce various tourist attractions of Tokyo Chuo City. The 'Activity' version of the video is based on the concept of special experiences, such as festivals and unique activities, that can only take place in this moment, in this place. From the festivals of the summer and fall to traditions such as paper making or Japanese lettering, the video introduces appealing content that you can only experience in this moment, in this place in such a way as to make you feel you've participated in them firsthand."
6UO_Za5iDSIoYsJrmek3s,https://www.youtube.com/watch?v=V4sj6sJdwTY,EN,【Tokyo Chuo City tourism introduction movie】食（Food）version (English/3min. version）,"This is a promotional video to introduce various tourist attractions of Tokyo Chuo City. The 'Food' version of the video is based on the concept of 'everything you may want to eat in Japan can be found in Chuo City.' Centered on 'Japanese food,' now registered as UNESCO Intangible Cultural Heritage, enjoy dishes that have existed since the Edo period, including sushi, eel, soba and tempura. The theme of food continues with the tastes of the people, such as ramen noodles and local bars, and a selection of Japanese confections. With beautiful shots of delicious food, chefs showing off their talents and sweets that'll have you salivating at just a glance, you can enjoy everything aside from actually eating the food! In Chuo City, one of the greatest gourmet cities in the world, experience a rich variety of Japanese food."
FYGPnWqRgDJVyPWTK4Xwa,https://www.youtube.com/watch?v=sagkdz7nJKM,EN,【Tokyo Chuo City tourism introduction movie】彩（Colors）version (English/3min. version）,
9lOWbJRr8L0CR0nNE1CjQ,https://www.youtube.com/watch?v=Mk3YREbOOQI,EN,【Tokyo Chuo City tourism introduction movie】人（People）version (3min. version）,"This is a promotional video to introduce various tourist attractions of Tokyo Chuo City. The 'People' version of the video is based in the concept of the 'Japanese welcome,' filmed in collaboration with the craftspeople and professionals who work in Chuo City. The footage reveals their serious expressions as they go about their work and their natural smiles as they welcome customers, allowing you to feel the overflowing humanity that is to be found in Chuo City. Wonderful new encounters surely await you in Chuo City. We welcome you to come and enjoy our city."
IOP6bnxMPaG_XONqTseb1,https://www.youtube.com/watch?v=oPvIJWTEeEE,EN,【Tokyo Chuo City tourism introduction movie】歩（Walk）version (English/1.5min. version）,"This is a promotional video to introduce various tourist attractions of Tokyo Chuo City. The 'Walk' version of the video shows a day in Chuo City from the perspective of a visitor, walking around and seeing the sights. It captures areas representative of Chuo City, including Nihonbashi, Ningyocho, Ginza, Tsukiji, Tsukuda and Tsukishima, from the perspective of a pedestrian on the street. Take a stroll through the varied scenes of Chuo City, feel the traditions of history and touch upon the latest trends."
wTp1lq92Mls-m0y4r8w3u,https://www.youtube.com/watch?v=IivtOPxhQQ4,EN,【Tokyo Chuo City tourism introduction movie】遊（Activity）version (English/1.5min. version）,"This is a promotional video to introduce various tourist attractions of Tokyo Chuo City. The 'Activity' version of the video is based on the concept of special experiences, such as festivals and unique activities, that can only take place in this moment, in this place. From the festivals of the summer and fall to traditions such as paper making or Japanese lettering, the video introduces appealing content that you can only experience in this moment, in this place in such a way as to make you feel you've participated in them firsthand."
KenUXaI5SMvIq-_Sj7X7A,https://www.youtube.com/watch?v=IDEEKZ_QGfA,EN,【Tokyo Chuo City tourism introduction movie】食（Food）version (English/1.5min. version）,
Hc4FRi02mVNxU02pN4z2f,https://www.youtube.com/watch?v=LHP5G-MCFqE,EN,【Tokyo Chuo City tourism introduction movie】彩（Colors）version (English/1.5min. version）,
jN5DtEONCcV3AyGHN1tUB,https://www.youtube.com/watch?v=cXVvhdZdTGo,EN,【Tokyo Chuo City tourism introduction movie】人（People）version (1.5min. version）,"This is a promotional video to introduce various tourist attractions of Tokyo Chuo City. The 'People' version of the video is based in the concept of the 'Japanese welcome,' filmed in collaboration with the craftspeople and professionals who work in Chuo City. The footage reveals their serious expressions as they go about their work and their natural smiles as they welcome customers, allowing you to feel the overflowing humanity that is to be found in Chuo City. Wonderful new encounters surely await you in Chuo City. We welcome you to come and enjoy our city."
q-oGpedulE3V17QTL8lT6,https://www.youtube.com/watch?v=GoXcEk5guew,EN,【Tokyo Chuo City tourism introduction movie】歩（Walk）version (English / 15sec. version）,"This is a promotional video to introduce various tourist attractions of Tokyo Chuo City. The 'Walk' version of the video shows a day in Chuo City from the perspective of a visitor, walking around and seeing the sights. It captures areas representative of Chuo City, including Nihonbashi, Ningyocho, Ginza, Tsukiji, Tsukuda and Tsukishima, from the perspective of a pedestrian on the street. Take a stroll through the varied scenes of Chuo City, feel the traditions of history and touch upon the latest trends."
I7oMkofRU_POWr72Pabrk,https://www.youtube.com/watch?v=jvDercwBBEk,EN,【Tokyo Chuo City tourism introduction movie】遊（Activity）version (English/15sec. version）,"This is a promotional video to introduce various tourist attractions of Tokyo Chuo City. The 'Activity' version of the video is based on the concept of special experiences, such as festivals and unique activities, that can only take place in this moment, in this place. From the festivals of the summer and fall to traditions such as paper making or Japanese lettering, the video introduces appealing content that you can only experience in this moment, in this place in such a way as to make you feel you've participated in them firsthand."
x1oda-NW2PGo_IvJhwlbL,https://www.youtube.com/watch?v=5pP3QVuNzGo,EN,【Tokyo Chuo City tourism introduction movie】食（Food）version (English/15sec. version）,"This is a promotional video to introduce various tourist attractions of Tokyo Chuo City. The 'Food' version of the video is based on the concept of 'everything you may want to eat in Japan can be found in Chuo City.' Centered on 'Japanese food,' now registered as UNESCO Intangible Cultural Heritage, enjoy dishes that have existed since the Edo period, including sushi, eel, soba and tempura. The theme of food continues with the tastes of the people, such as ramen noodles and local bars, and a selection of Japanese confections. With beautiful shots of delicious food, chefs showing off their talents and sweets that'll have you salivating at just a glance, you can enjoy everything aside from actually eating the food! In Chuo City, one of the greatest gourmet cities in the world, experience a rich variety of Japanese food."
sBVSNrDVpMJKL1NrHbncH,https://www.youtube.com/watch?v=ywLcAPLSEZI,EN,【Tokyo Chuo City tourism introduction movie】彩（Colors）version (English/15sec. version）,
nHD2Lo5Py2-gRdW2mc60d,https://www.youtube.com/watch?v=QaZ8KYGDqDw,EN,【Tokyo Chuo City tourism introduction movie】人（People）version (15sec. version）,"This is a promotional video to introduce various tourist attractions of Tokyo Chuo City. In the People version, we shot the video of natural smiles and the working appearances of professionals and local people. We expressed simulated experience of different culture and the atmosphere of Japanese hospitality, the 'Omotenashi'."
ocTZKmN9omN8noayOLbVv,https://www.youtube.com/watch?v=uH6K6TF58as,EN,【鬼北のMMD】道の駅 日吉 夢産地でBAAM,"At the roadside station Hiyoshi Yume-sanchi in Kitauwa-gun, Ehime Prefecture, there is a demon monument called 'Yuki-hime'. I made them dance in front of it. It's whimsical."
yMXqAyJLnNMqt-DzAKBW_,https://www.youtube.com/watch?v=KPbWfzAcJ5w,EN,"Scenery with SL in Minami-yo, Ehime Prefecture (2024.5.9)",愛媛県、南予地方のSLのある場所４箇所を巡ってみました。
8dpF4MA-Aau7n8bHFf7Px,https://www.youtube.com/watch?v=gVuEcbexjCo,EN,Ozu River Festival Fireworks Festival -Winter Edition- (2025.1.11 18:00-18:45),輝かしい新年の幕開けとして開催される大洲川まつり花火大会-冬の陣-へ行ってきました。チャンネル登録者さんから情報を頂いて予定を調整しての参戦です。冬の花火は研ぎ澄まされたエッジの効いた鋭い感じだったように思いました。しかし、寒かった。
WXbKhwUy0OYBPxDfX2_ik,https://www.youtube.com/watch?v=1O8eel1qlec,EN,ドラレコまでの遊子水荷浦の段畑[BGMは配信楽曲](2025.2.2),"I have a little announcement that the Uwajima tourism PR CD has been completed. Since the music from the Miikan Channel has been played at the Yusumi Mizuhara Dandan Chaya for some time, I headed to deliver this CD as well. The Uwajima tourism PR CD 'KISAIYA Uwajima' is gradually selling. Thank you very much. This time, I registered about five songs for distribution to see if AI music can also be distributed. The music that was distributed is playing in this video. If you like, please search and listen on the distribution site you are using. The distribution link is here: https://linkco.re/AGQCrAbX BGM: All Embracing / Don't Give Up / Love Wins / Boyhood / Groovy Radio Caravan / Yusumi Mizuhara (Original songs from Miikan Channel) * Copyright belongs to Miikan Channel. Please contact us in advance if you plan to use it commercially."
Xf1VQO0yMukyyhHzLV12P,https://www.youtube.com/watch?v=qYKVNHT5k_U,EN,Uwajima Bullfighting May Tournament (2025.5.3),年に4回の晴れ舞台のひとつ。宇和島闘牛5月場所が2025年5月3日に行われました。闘牛のルールは制限時間なしで牛同士が戦い、逃げた方が敗けというシンプルなものになっています。お天気も良くゴールデンウィークということで入場者数は2400人を超える大入満員大盛況のうちに幕を閉じました。2時間半に渡る長丁場でありましたが主な戦いの箇所をまとめました。闘牛の魅力が少しでも伝われば良いかなと思っています。
NBP5UTgOMKR6R7jPt6T5v,https://www.youtube.com/watch?v=g1T1v1DINQc,EN,Wakayama Workation PR Video - Individual Edition (95 seconds) / Work + Vacation = Workation,ワーケーションとは、リモートワークを活用し、リゾート地等の環境の良い場所で、休暇や研修等を兼ねて短中期的に滞在し仕事を行う新しい働き方です。首都圏等で活躍するビジネスパーソンに和歌山での'ワーケーション'を体験していただきました。交通の利便性が高く、リゾート環境が整う和歌山の魅力の一部をご紹介します。
ONrKz52_aVYSST_SvyBrS,https://www.youtube.com/watch?v=AYyINFN4cSs,EN,Wakayama Panda Family (Shirahama Adventure World),和歌山県インターネット放送局
66QkM3ILmpHEcjKJu7jqw,https://www.youtube.com/watch?v=_ouHa-b2_3Q,EN,KOYASAN【VR360°動画】,You can enjoy 4K video by setting the image quality.
EIausDJR0JWQ9zU4GNikY,https://www.youtube.com/watch?v=0Mw_mGJl_vs,EN,KUMANOKODO【VR360°動画】,You can enjoy 4K video by setting the image quality.
azCPDfLBC88njMtW0D8vI,https://www.youtube.com/watch?v=oVXuUdwWyhA,EN,"Wakayama Tourism Promotion Video ""自然の驚異、熊野と高野の伝統文化""",大地の営みが育む寛容の地、高野・熊野編
b5C_moi3NGLP5gOicv0Al,https://www.youtube.com/watch?v=OZGa_EcvmNM,EN,Türkiye-Japonya zamanı aşan dostluk ～ Ertuğrul Fırkateyni ile başlayan dostluk bağı ～,1890年（明治23年）9月16日に、オスマン帝国から日本へ初めて友好使節として「エルトゥールル艦」が送られました。任務を終えた艦は帰路の途中で和歌山県の大島地域（現在の串本）で岩に衝突し、沈没しました。この悲劇的な事故で587人の海軍士官が命を落としました。大島の人々の救助活動により69人が救出されました。この「エルトゥールル事故」は、その後、日本とトルコの友好関係の始まりとなりました。この事故から1年後、トルコの記念碑が建立され、その前で式典が行われました。それ以来、トルコ大使館と串本町の共催で5年ごとに大規模な式典が行われています。2015年6月6日には125周年の追悼式典が行われ、串本と和歌山はトルコとの関係をさらに深めました。
cwTi5VZQDbt59b6DY6nI1,https://www.youtube.com/watch?v=NRo3JW8VQrs,EN,Doraemon Invasion at Roppongi Hills | #ドラえもん　#ドラえもん2022,"Do you love Doraemon… if your in Tokyo, well it’s time for you nit to miss Doraemon invasion at the Roppongi Hills this summer until the end of August. Don’t miss the opportunity to have a memorable photo with these cute blue cat robots scattered around the Rop Hills premises… 

Please enjoy this sneak peek and hurry up while they are there! 🤩😍"
w_-lZDGG2-baaKyD6FviR,https://www.youtube.com/watch?v=opWSPZGdWH4,EN,Cinderella’s Fairy Tale Hall Full Tour | Disneyland 2022 | 東京ディズニーランド,"Enjoy this full tour from our July 2022 Disneyland trip! You can book your admission tickets thru their official website. Some Ticket Types are on sale as of the moment so what are you waiting for, grab yours now thru this website: https://www.tokyodisneyresort.jp/en/index.html Music in this video: https://www.youtube.com/watch?v=hCBH6O7m7MQ Disclaimer: No Copyright Infringement Intended. All the songs, images, and graphics used in the video belong to their respective owners and I or this channel does not claim any right over them. For Entertainment Purposes Only. Products featured in this video are not sponsored."
T61T6wpjoqgM5apdkFrt-,https://www.youtube.com/watch?v=BjhlUpQwzWo,EN,Donald’s Boat in Toontown Tokyo Disneyland | Miss Daisy | 東京ディズニーランド,"Check out this nice Donald’s Boat, the Miss Daisy… be a real boat’s captain inside Donald’s boat plus a big slide you can play with. Only in Tokyo Disneyland’s Toontown 😍

Enjoy this full tour from our July 2022 Disneyland trip! 

You can book your admission tickets thru their official website. Some Ticket Types are on sale as of the moment so what are you waiting for, grab yours now thru this website:
https://www.tokyodisneyresort.jp/en/index.html

Music in this video: https://www.youtube.com/watch?v=hCBH6O7m7MQ

Disclaimer: No Copyright Infringement Intended. All the songs, images, and graphics used in the video belong to their respective owners and I or this channel does not claim any right over them. For Entertainment Purposes Only. Products featured in this video are not sponsored."
4dfamysdMbW2ialJNV4iR,https://www.youtube.com/watch?v=wYM5BkJPkWA,EN,Goofy's Paint 'n' Play House |グーフィーのペイント&プレイハウス 東京ディズニーリゾート,"Check out this fun and paint and play at Goofy’s Paint n Play House in Tokyo Disneyland. Enjoy this full tour from our July 2022 Disneyland trip! You can book your admission tickets thru their official website. Some Ticket Types are on sale as of the moment so what are you waiting for, grab yours now thru this website."
ttap2SB3MK1PUVoOt6SZj,https://www.youtube.com/watch?v=dKnp4jDlIuA,EN,Tokyo Disneyland | Meet and Greet with Minnie Mouse at Minnie’s Style Studio | 東京デイズニーランド,"It’s meet and greet time with minnie mouse at her cute Style Studio… check out the newly renovated Minnie Mouse House…

Enjoy this full tour from our July 2022 Disneyland trip!

You can book your admission tickets thru their official website. Some Ticket Types are on sale as of the moment so what are you waiting for, grab yours now thru this website:
https://www.tokyodisneyresort.jp/en/index.html

Music in this video: https://www.youtube.com/watch?v=hCBH6O7m7MQ

Disclaimer: No Copyright Infringement Intended. All the songs, images, and graphics used in the video belong to their respective owners and I or this channel does not claim any right over them. For Entertainment Purposes Only. Products featured in this video are not sponsored."
82dKwBacW05ueaFMzkI_7,https://www.youtube.com/watch?v=hNw5j8z_dVU,EN,Residence and Tulip Garden Public Viewing | チューリップガーデンEmbassy of the Netherlands in Japan,"The Embassy of the Kingdom of the Netherlands in Japan hosted a Residence and Tulip Garden Public Viewing last April 8 and 10, Friday and Sunday respectively. This is in view of welcoming the Dutch Spring this year, which features 70 kinds of tulips, the largest number ever. “Tulips, the national flower of the Netherlands, along with other flowers, are a major export industry of the Netherlands. It is said that about 80% of the world's tulip fields are in the Netherlands. This year, the Ambassador's residence is decorated with about 13,000 tulips of 70 varieties, the largest number ever imported from the Netherlands.”- nlinjp.com It is our pleasure to have joined and witnessed this event and we are pleased to share with you some of the lovely photos and videos we have captured during the said event. A special Thank You to the Ambassador of the Kingdom of the Netherlands in Japan for sharing and hosting this rare opportunity to the public. It is our pleasure to have seen these Tulip varieties in your Residence giving us the Netherlands’ spring feels while in Japan. Music in this Video: Lovely by Infraction Link to this Video: https://youtu.be/F0fFcsBHoOc _____ For collaborations and product reviews, you can email us at jellowspedz@gmail.com _____ Disclaimer: No Copyright Infringement Intended. This video is not supported, endorsed, administered or in any way connected to the Embassy of Netherlands in Japan. Solely for entertainment and joining the social media campaign (#happydutchspring2022) purposes only. Products featured in this video are NOT sponsored. Source and credits to: https://www.nlinjp.com @netherlands in japan"
3Ftmvqg5Ld9xC2x7wsrxI,https://www.youtube.com/watch?v=CoWkQj_oQNs,EN,Places to Visit in Nikko Japan Part1 | Travel Guide,"#nikko #japan #travel #traveljapan

Nikko (日光, Nikkō) is a town at the entrance to Nikko National Park, most famous for Toshogu, Japan's most lavishly decorated shrine and the mausoleum of Tokugawa Ieyasu, the founder of the Tokugawa shogunate.

Nikko had been a center of Shinto and Buddhist mountain worship for many centuries before Toshogu was built in the 1600s, and Nikko National Park continues to offer scenic, mountainous landscapes, lakes, waterfalls, hot springs, wild monkeys and hiking trails.

Watch this simple video as we travel Nikko, Japan. Enjoy…"
NqhODrydzHEa-4N44BNPE,https://www.youtube.com/watch?v=EJFb4KTUEl4,EN,Chair Lift Ride at Mount Takao (Ascend) | Japan's Steepest Slope | 高尾山　チェアリフト,"Mount Takao (高尾山, Takao-san) is a mountain in the city of Hachiōji, Tokyo, Japan. It is protected within Meiji no Mori Takao Quasi-National Park.

Standing 599 metres (1,965 ft) tall and located within an hour of downtown Tokyo, it is a popular hiking spot, with eight hiking courses and more than 2.5 million annual visitors. The Tama Forest Science Garden is also located at the mountain's base.

THE CHAIR LIFT RIDE

In addition to the cable car Mt. Takao also has a chair lift that you can ride to the midway point of the mountain! The ride time is about 12 minutes so why not enjoy an aerial trip through the mountains? The distance from “Sanroku Station” at the foot of the mountain to “Sanjo Station” in the middle is about 872m, which is shorter than the distance the cable car travels (The cable car travels a total of 1,020m)."
hjOqctN6smzPfNHMZ9Eqn,https://www.youtube.com/watch?v=H-K6qtOBdmk,EN,Sagamiko Resort Winter Illumination  | Pleasure Forest | Sailor Moon Illumination | 相模湖ウィンターイルミネーション,#sagamikoresort #illumination #winterillumination #mybestjapanmoments #visitjapanjp #visitjapan #wintereventsinjapan #illuminations #chrismasillumination #japanillumination #kanagawa #viaggiatotravelservices
Bl3KjOrwcyxYr0kcw5_xJ,https://www.youtube.com/watch?v=3Cv5KGdh1Qg,EN,Hakkai Garden in Autumn | Hikobei Residence | Oshino Hakkai Garden in Autumn | 忍野八海,Description
dTitewFJRHJLwP03s-ss2,https://www.youtube.com/watch?v=CGwCPuZ-YaE,EN,Steepest Slope in Japan | Mount Takao Cable Car Ride | Autumn Colors | 高尾山　Takaosan,"Today we are gonna show you the steepest slope in Japan, the Mt. Takao. Join us as we descend from the mountain top to its base riding a cable car, showing the autumn view of the beautiful and vibrant trees around. Get relaxed with this 6-min trip and get amazed with this nature's wonders."
1d66ghuY6_Y82Q-1kwUpl,https://www.youtube.com/watch?v=51YsM8QTOjw,EN,Autumn at Shinobazu Pond | Boat Ride | Ueno Park | 不忍池　上野公園,"Come and join us as we show you the relaxing view of autumn at Shinobazu Pond. Shinobazu no Ike which is found within the Ueno Park in Taito Ku Tokyo, is historically prominent and usually appears in Japanese history and works of art. If you wanna ride a boat on the boat pond, make sure to wear a mask, sanitize your hands and let the staff check your temperature. Ticket machine is available at the entrance. The price of boat ride varies with the type of boat you wanna ride on to. A Cycle boat costs 700 yen, maximum of 2 adults for 30 mins. Swan boat costs 800 yen maximum 3 adults for 30 mins. While a row boat costs 500 yen maximum of 3 adults for 30mins. Situated in the south of Ueno Park, the pond is divided in three sections. The Lotus Pond (蓮の池, Hasu no Ike), the Boat Pond (ボートの池, Bōto no Ike) and the third called Cormorant Pond (鵜の池, U no Ike). The pond has a circumference of about 2 km and a surface area of about 1,100,000 sq meters. It hosts several dozens of types of migratory and stationary birds, whose number at times is over ten thousand. Among them particularly numerous are tufted ducks, pochard, and northern pintails. The pond also contains numerous species of fish, and the lotuses of Lotus Pond, which are grown fully in summer, cover the entire surface of the water, hiding it almost completely."
6EfqVGUNlupt6n-0171zf,https://www.youtube.com/watch?v=Jydgs3PKcDE,EN,Fujikawaguchiko Autumn Leaves Festival 2021 | 富士河口湖紅葉まつり 2021 | Mt Fuji Bound,"#fujikawaguchikoautumnleavesfestival2021 #fujikawaguchiko #autumnfestival #japan #富士河口湖紅葉まつり #mtfuji #mybestjapanmoments #visitjapanjp #falfoliage #autumninjapan #viaggiatotravelservices

Fuji Kawaguchiko Autumn Leaves Festival (富士河口湖紅葉まつり) is one of the most popular autumn events in Japan which is annually held at the northern shore of Lake Kawaguchi, one of the Fuji Five Lakes. This year’s festival is held from Oct.30 to Nov.23 2021.

The event features colourful autumn leaves which stretch around Lake Kawaguchi area, and during daytime, the beautiful scenery can be enjoyed with the amazing view of Mt Fuji on the background.

The festival is centered around the “Momiji Corridor” or Momiji Kairo and is held from 9:00 in the morning. While the light up starts from sunset to 10:00 at night.

The most popular autumn leaves spot is the Momiji Kairo (もみじ回廊) a.k.a. the Maple Corridor.

This is a walkway lined by over 60 maple trees with autumn colour leaves. The trees with red, yellow and orange leaves stretch for about 2km, displaying the stunning scenery.

During the festival, there will be food stalls selling seasonal foods and drinks, as well as small stores selling local products and souvenirs. oh and by the way, most of these souvenirs are hand painted and handmade."
0IKGS0R5xQ9OCEtILbwvI,https://www.youtube.com/watch?v=Rmrr9qYg44U,EN,Autumn at Ueno Park Tokyo | 上野公園,#travelvlog #uenopark #uenotokyo #tokyojapan #autumnatuenopark
u4nPhxiCMKQ71i73Cgl7i,https://www.youtube.com/watch?v=PNrGMzaKrnc,EN,Fall Foliage Around Tokyo Imperial Palace | Autumn Colors | Japan,"Watch the amazing autumn foliage, with these warm and vibrant colors everybody loves to stare at, along the Tokyo Imperial Palace. This video was taken on Autumn 2020

The Tokyo Imperial Palace (皇居, Kōkyo, literally 'Imperial Residence') is the main residence of the Emperor of Japan. It is a large park-like area located in the Chiyoda district of the Chiyoda ward of Tokyo and contains several buildings including the main palace (宮殿, Kyūden), some residences of the Imperial Family, an archive, museums and administrative offices.

It is built on the site of the old Edo Castle. The total area including the gardens is 1.15 square kilometres (0.44 sq mi). During the height of the 1980s Japanese property bubble, the palace grounds were valued by some to be more than the value of all of the real estate in the state of California."
R4a-luOpa79YC2H1WIHkM,https://www.youtube.com/watch?v=WB2S5PefnuM,EN,Yumenoshima Tropical Greenhouse Dome | Annual Halloween Pumpkin Month | 夢の島熱帯植物館| ハロウィーンのカボチャ,"Today we’re gonna explore the Yumenoshima Tropical Greenhouse Dome.

The Yumenoshima Tropical Greenhouse Dome was created to cover this broad theme of “the relationship between tropical plants and our lives.” Enjoy the exotic scenery created by the wide variety of tropical plants in the large greenhouse. Learn about the plants and the tropics in the Movie Theater, Information Gallery, and Exhibition Hall. Take a full tour of the museum and learn about the relationship between tropical plants and human life without even realizing it. Guided tours are offered on Saturdays, Sundays, national holidays, and during long vacations. Enjoy a fun tour while learning in detail about the plants in the greenhouse.

""The Yumenoshima Tropical Greenhouse Dome (夢の島熱帯植物館, Yumenoshima Nettai Shokubutsukan), also sometimes called the Yumenoshima Tropical Plant Dome, is a botanical garden located at 3-2, Yumenoshima, Kōtō, Tokyo, Japan. It is operated by the Tokyo Metropolitan Park Association and open daily except Mondays; an admission fee is charged.

The greenhouse was established in 1988 in Yumenoshima (""Dream Island"") Park, a reclaimed landfill and dumping ground in Tokyo Bay. Its three domes currently contain about 1,000 species of tropical and semitropical plants. The A Dome features rain forest with ferns and waterfall, B Dome represents a tropical village, and C Dome contains vegetation of the Ogasawara Islands. There is also a small carnivorous plant room.

The domes' plant collections include palms, orchids, aquatic plants, Pandanus, Hevea brasiliensis, Samanea saman, Barringtonia racemosa, Satakentia liukiuensis, Cyathea lepifera, C. mertensiana, C. spinulosa, and Dicksonia antarctica."" -Wikipedia

Yumenoshima Tropical Greenhouse Dome is celebrating their annual Halloween Pumpkin Month from end of September to First of November. You will see their Halloween theme all around the area, inside the museum and on their front lawn or garden are giant pumpkins where you and your kids can play around. Enjoy and shoot lovely Autumn and Halloween photos which will be a great memorabilia for you and your kids!

10 minute walk from Shin-Kiba Station, which is 10 minutes from Tokyo Station on the Keiyo Line. Also accessible on the Yurakucho Line.

Fees: Adults 250 yen, Ages 65 yrs old and older 120 yen, Ages 13–15 yrs old 100 yen. Under 12 yrs old are FREE!

Address: 2 Chome-1 Yumenoshima, Koto City, Tokyo 136-0081

Phone Number: 03-3522-0281

Music in this Video: Track: Lovesight — DayFox [Audio Library Release] Music provided by Audio Library Plus Watch: https://youtu.be/PJdGPQigyMw Free Download / Stream: https://alplus.io/lovesight

Disclaimer: No Copyright Infringement Intended. All the songs, images, and graphics used in the video belong to their respective owners and I or this channel does not claim any right over them. For Entertainment Purposes Only. Products featured in this video are not sponsored.

Follow us at: https://www.facebook.com/learningwithjtandmommy https://www.instagram.com/learningwithjtandmommy https://www.youtube.com/c/learningwithjtandmommy

Our Crochet Facebook Page: https://www.facebook.com/crochetsbymommy

Our Art Page https://www.instagram.com/love4art_ac https://www.facebook.com/love4art_ac https://www.youtube.com/channel/UCnk8vimjU6zT5d9xCBOlMEg

Our Succulent Page https://www.instagram.com/succulent_lover https://www.youtube.com/channel/UCOHVBWuIrlgRcHGWArGhYuw

For collaborations and product reviews, you can email us at jellowspedz@gmail.com"
EWNtTbAyIOVqjH7psXWwc,https://www.youtube.com/watch?v=LykzaFjf8YM,EN,Giant Halloween Pumpkins 2021 at Yumenoshima | Halloween Pumpkins | Halloween Party | ハロウィンパーティー2021,"Welcome back to Yumenoshima tropical greenhouse dome. As you can see on our last posted video, Daddy and I were here and we enjoyed much with the tropical plants in the dome. And since Jt was not with us that day, we went back here today and we will be enjoying with the giant Halloween pumpkins. An exhibition of these giant ghost pumpkins, which they call Yumenoshima Halloween party, is celebrated and very popular every year. And since the Halloween is just around the corner, this event is already happening right now. It started on the 22nd of September and will last until the 31st of October. They will exhibit more than 100 giant ghost pumpkins weighing 50 to 100 kilograms. Can you imagine how heavy and big is that? These giant pumpkins were made in Hitachiomiya City, in Ibaraki Prefecture, in connection with the Halloween. With an admission fee of 250 yen for each adult, you can roam around the greenhouse dome, learn and enjoy the tropical plants which you barely see every day. Kids under 12 years old can enter free of charge. And for sure your toddlers will have fun with these giant ghost pumpkins all around the open garden. There will also be a photography area just inside the hall with the Halloween backdrops. So you better grab your favorite Halloween costumes and get ready for memorable photos. You can also bring your own food and have a small picnic in the garden together with these ghost pumpkins, orrr, you can just go to the cafeteria inside the hall and grab any food of your choice. Event Date and Hours: September 22– Sunday, Tuesday–Sunday 9:30 – 17:00 (Last entry 16:00). Closed on Monday. If Monday is a public holiday they will open and close on Tuesday. Cost: Fees: Adults 250 yen, Ages 65 and older 120 yen, Ages 13–15 100 yen Under 12 FREE! Address: 2-1-2 Yumenoshima, Koto-ku Phone: 03-3522-0281 Website: http://www.yumenoshima.jp/ Note: this is in Japanese language. You can use google chrome too as it has an automatic translator if you wish to view it in English. Access: 10 minute walk from Shin-Kiba Station, which is 10 minutes from Tokyo Station on the Keiyo Line. Also accessible on the Yurakucho Line. You can also access the Metro Tozai line’s Toyocho Station and take the Toei Bus going to Shinkiba, get off at the Yumenoshima Stop and from there you can walk 7mins to Greenhouse Dome. Notes: Nursing room and Diaper changing table located in the Botanical Garden. Please ask the staff for directions."
btSFCrTs6uisLkNUkeL_P,https://www.youtube.com/watch?v=AWqg328gSdU,EN,Fuji Shibazakura Festival 2021 | Mt. Fuji Tour | 富士芝桜,"Have you ever seen an enormous field carpeted with pink or white or purple flowers? If not, then we will show you this fantastic and mesmerizing Fuji Shibazakura Festival 2021 in Yamanashi, Japan, included in our Mt. Fuji Tour this Spring Season. Shibazakura 富士芝桜 is a Japanese term for Pink Phlox or Moss Phlox. The festival is open from 8 in the morning until 3 in the afternoon. Entrance fees range from 250yen per each child and 800 yen for adults. During these days, the pink moss and all the flowers in the festival were not yet in full bloom. So as you can see, the fields are not yet fully covered with pink moss flowers. but during the full bloom days, its really mesmerizing with mt fuji on the background. The festival is typically held from mid April through early June. The best time to see the flowers varies from year to year but usually falls into the first three weeks of May. Approximately 800,000 stalks of shibazakura of five varieties are on display, producing delightful fields of pink, white and purple colors in different hues. There are also food trucks which offer a wide variety of menus and food to go as you enjoy the beauty of the scenery around you stalls selling pots of pink moss, shibazakura-themed souvenirs, food and local produce complete the experience. Thank you for watching and please subscribe to our channel... See you on our next cooking video. love, JT FamBam @DaddyPeter Disclaimer: No Copyright Infringement Intended. All the songs, images, and graphics used in the video belong to their respective owners and I or this channel does not claim any right over them. For Entertainment Purposes Only. Products featured in this video are not sponsored. Music in this Video: Nothing's Funner Than Summer Artist: Freckleland Source: Apple iMovie Soundtrack Follow us at: https://www.facebook.com/learningwithjtandmommy https://www.youtube.com/c/learningwithjtandmommy https://www.facebook.com/crochetsbymommy https://www.instagram.com/love4art_ac https://www.instagram.com/learningwithjtandmommy https://www.instagram.com/succulent_lover For collaborations you can email us at jellowspedz@gmail.com"
IK3oePGkrnGNUscvcKxW4,https://www.youtube.com/watch?v=uVwBORzIyg4,EN,Kamogawa Seaworld | 鴨川シーワールド| Japan Travel,"This video was taken 2 years ago. It was a family dayout at Kamogawa Seaworld in Chiba Prefecture, Japan. The aquarium park was enormous and a whole day won't be enough to see and experience all the exhibits, activities, performances and programs they are showcasing. It was really a perfect day for us, especially for our little girl, as we have seen a variety of marine animals, their behaviors, how they react around their environment, the beautiful colors of different kinds of fish and aquatic animals, the talents and abilities they can perform... all these and more! We hope you enjoyed watching the video as we did!"
xFwRl2P1_a71MxA-pPsE1,https://www.youtube.com/watch?v=YIOtNLA0gT0,EN,Shiraito no Taki | Shiraito Falls | 白糸の滝 | Mt. Fuji Tour,"Shiraito Falls (白糸の滝, Shiraito no taki) is a waterfall in Fujinomiya, Shizuoka Prefecture, near Mount Fuji, Japan. It is part of Fuji-Hakone-Izu National Park and has been protected since 1936 as a Japanese Natural Monument. The falls were regarded as sacred under the Fuji cult. Another waterfall, the Otodome Falls is approximately a five-minute walk away. The Shiraito Falls is listed as one of 'Japan’s Top 100 Waterfalls', in a listing published by the Japanese Ministry of the Environment in 1990. It was also selected by the Tokyo Nichi Nichi Shimbun and Osaka Mainichi Shimbun as one of the 100 Landscapes of Japan in 1927. In 2013 the waterfall was added to the World Heritage List as part of the Fujisan Cultural Site."
WwAKtmNCw5AOGny0X6qHW,https://www.youtube.com/watch?v=KMJ5emNfOxg,EN,Narusawa Ice Cave | Mt. Fuji Tour | 鳴沢氷穴 | Narusawa Hyōketsu,"The Narusawa 'Hyoketsu' Ice Cave is located at the east entrance to the Aokigahara Jukai 'sea of trees' forest, and is regarded as one of the tourist spots within the Fuji Five Lakes area that can be visited throughout the year. Over 1150 years ago, during year 6 of the Jogan era (864 a.d.), Nagaoyama, a flank volcano of Mt. Fuji erupted. The red hot lava flow (Aokigahara Maruo) descended between ancient parasitic volcanoes, creating this two-tunnel type cave. After being designated by the Ministry of Education as a natural monument in 1929, it was introduced to the world as a geological wonder. By the way, the tree-type lava bed is said to have the most spiracles in the world. Since the cave is situated in a ring-like manner, visitors can view its various features by making one circular loop. The average temperature inside the cave is 3degC, that's why it is called an Ice Cave. The total length of the cave is 150m and requires 6-7 mins to have a complete view inside the cave."
pkMzSk7a-e_XmXn9hyNNe,https://www.youtube.com/watch?v=iWdTDy9u3KQ,EN,Cherry Blossoms at Chidorigafuchi Ryokudo | 桜花見　千鳥ヶ淵緑道,"This 700m promenade and park on the west side of the Imperial Palace is particularly impressive during cherry blossom season, when the around 250 sakura trees reach their heavy branches out over the Chidorigafuchi moat. Chidorigafuchi Boathouse, around the middle of the park, is where to rent a boat and paddle out over the water."
ixLtxKxhcmuj88bFcwRXd,https://www.youtube.com/watch?v=JqnkER8pwTQ,EN,Fuji Safari Park | 富士サファリパーク,"At the foot of Mt. Fuji lies this enormous animal park. Divided into 2 major zones, the Safari Zone and Fureai Zone.

Safari Zone is a 50min drive through where you can find 7 zones of different animals from all over the world. Riding on your own car, you cannot open your windows or doors as it could be too dangerous. But there is an option of riding the Jungle Bus where you can feed the animals yourself. these huge animals come to the jungle bus seeking for food, as close as 20cm apart from you, with just steel mesh in between. You can also opt to try their 4WD vehicle and experience the same as the jungle bus, feed the animals as they come near you and wait to be fed.

The fureai zone on the other hand is extremely different as you can have a friendly contact with the animals. you can feed them upclose, hold them in your arms and caress them as long as you want. Great for kids and animal lovers.

For more information, visit their website:
https://www.fujisafari.co.jp/en/"
aZpmercU0CvV8pSdynNAO,https://www.youtube.com/watch?v=WfK44J5VEcA,EN,Azalea Festival in Nezu Shrine | 根津神社のつつじ祭り,"Enjoy our latest adventure in Nezu Shrine where Azalea Festival took place from first week of April 2021. In this video, we will share to you what is there in the Nezu Shrine in Bunkyo, Tokyo. You will find the enchanting and beautiful Azalea flowers as it's their bloom season during these days. We will also share the Nezu Shrine's Torii and amazing Japanese architectures and cultures present in the Nezu Shrine.

Please sit back and relax as we unfold this lovely scenery of Spring Season."
zOW7w9FdCYghYitDybn63,https://www.youtube.com/watch?v=z8pFdCq-Hv4,EN,Mt. Takao Autumn Foliage | 高尾山紅葉,"Today we are gonna show you the steepest slope in Japan, the Mt. Takao. Join us as we descend from the mountain top to its base riding a cable car, showing the autumn view of the beautiful and vibrant trees around. Get relaxed with this 6-min trip and get amazed with this nature's wonders."
lEt8qAzMDInvz3wh1WLtC,https://www.youtube.com/watch?v=JLHntbBbt7E,EN,2021年度青函ツインシティ写真コンテスト・動画部門受賞作品（青森市民応募）,This is the award-winning work of the video category of the 2021 Seikan Twin City Photo Contest.
KifYiMtmjOJ0lRzZZU84a,https://www.youtube.com/watch?v=g1L3ZBnAF04,EN,From the Waterside of the Blue Forest,青森市企業局水道部が作成したPR動画です。
GB-o2uOP5oBqrVVHvHVSb,https://www.youtube.com/watch?v=LMOS8Ygh_DA,EN,MUTSU BAY CYCLING COURSE（むつ湾一周サイクリングコースPR動画）,
mnnoPn_IISwDLPqKp1SRK,https://www.youtube.com/watch?v=Y3lE9c7fvyg,EN,MUTSU BAY CYCLING COURSE（むつ湾一周サイクリングコース）,
vk-Fl2D5t2l6p8xupYSuh,https://www.youtube.com/watch?v=3zOCaK5rLqE,EN,Nature of Higashihiroshima - Aki津,ひろしま杜氏のふるさと、安芸津。ゆるやかな海岸線から瀬戸内海の島しょ美を眺めることができます。５月中旬～６月上旬になると赤崎海岸では、じゃがいもの白い花があたり一面に咲き広がります。
457g9Auv3a-zqVnuxFDoO,https://www.youtube.com/watch?v=T8g3k5bfNCo,EN,沖縄市の探検（沖縄市観光促進DVD4）,Description
cYFlsSF55vgGVhahHY_39,https://www.youtube.com/watch?v=wTSMO1KPr2E,EN,クローズアップコザ（沖縄市観光プロモーションDVD5）,Description
BGIOyFwC4SStnWZdbD_NI,https://www.youtube.com/watch?v=YzyRy0KC4Uc,EN,沖縄市を5分で,Description
jStMaS2K2nPOec89ktSkn,https://www.youtube.com/watch?v=G2fj2dzC0qU,EN,焼酎観光 ～焼酎と共に宮崎文化を発見～ 県西＆県南エリア,"Miyazaki Prefecture is a shochu-producing region that boasts the largest shipment of authentic shochu in Japan for 9 consecutive years. In promotion of Shochu Tourism, the prefecture not only offers opportunities for shochu-making, but tourists can also explore the charms of shochu and experience Miyazaki’s history and culture through activities such as watching Yokagura performances, enjoying Premium Dinner with shochu-craftsmen at cultural and heritage venues that are usually not used for dining. Come join us in touring our unique distillery that encompasses Miyazaki’s great nature and tradition, as well as try shochu pairing with Miyazaki’s local delicacies."
vQidlZ9mSZuQCvye84UrP,https://www.youtube.com/watch?v=hwlNQRd1fEA,EN,Iki Yunomoto Onsen: 日帰り温泉 6選,Yunomoto Onsen
JbpR6MDBslOF9n1M1nIXB,https://www.youtube.com/watch?v=oxWK86audHU,EN,【共同湯 公衆浴場】長野県 別所温泉 共同湯 全4湯,Bessho Onsen
J_TH9oyNEXbCtoR-fqoaF,https://www.youtube.com/watch?v=Z1H7Vs9vjc0,EN,"All 10 Public Hot Springs in Hirakawa City, Aomori Prefecture【共同湯 公衆浴場】",Hirakawa City (Hiraga Town)
WKPAv_T_PMJZrnixwzdbK,https://www.youtube.com/watch?v=Fi0IXdPd62A,EN,【共同湯 公衆浴場】山形県 肘折温泉 共同湯 全9湯,Hijiori Onsen
IvCbKQ9JjlCVTRFVC03XP,https://www.youtube.com/watch?v=4N4KcAtuXRM,EN,【共同湯 公衆浴場】栃木県 那須湯本温泉 共同湯 全3湯,Nasuyumoto Onsen
P7FcbDGFaEHbEdgcsrpUA,https://www.youtube.com/watch?v=HC2oT6v5U9o,EN,【共同湯 公衆浴場】大分県 長湯温泉 共同湯 全10湯,Nagayu Onsen
u12Nsp_V7l9l8zIzmwabx,https://www.youtube.com/watch?v=tz8mF8_B4vc,EN,"【共同湯 公衆浴場】Zao Onsen, Yamagata Prefecture All 3 Public Hot Springs (Sotoyu)",Zao Onsen
0_owwCieR6MYqO4aJYexr,https://www.youtube.com/watch?v=aqOVNkFqzSA,EN,Kakuma Onsen 公衆浴場【共同湯】長野県 角間温泉 全3湯,Kakuma Onsen
L0DiTikhh3EraiU4bwz3_,https://www.youtube.com/watch?v=PqhBuculnJE,EN,Unzen Onsen 公衆浴場【共同湯】長崎県 雲仙温泉 全4湯,Unzen Onsen
BLos1_cvSkEMV78KTAolA,https://www.youtube.com/watch?v=PuH71DusG-g,EN,Totsukawa Onsen 公衆浴場: 奈良県の全4つの温泉,Totsukawa Onsen
wCD05GQWBdU3bkGgWrIu2,https://www.youtube.com/watch?v=QORlO1D_o0Q,EN,ダイジェスト NISHITACHI,
QYh3PNOYW1UKuVC8-Y2C9,https://www.youtube.com/watch?v=pP3efNw5R4g,EN,MIYAZAKI STYLE English ver. 宮崎STYLE英語版,
IS3ZmVLEwi71L7yC6t4po,https://www.youtube.com/watch?v=207NMrm8Rd4,EN,宮崎市の美しいアウアナ,"The theme is 'Auwana (Modern Hula)' - expressing the tropical atmosphere of Miyazaki through modern hula, centered around videos at Florante Miyazaki and the Botanical Garden."
RvIJW2Ev5faJFSJYru4eT,https://www.youtube.com/watch?v=hpLsMJqO8I8,EN,宮崎市の美しいフラ・カヒコ,"Kahiko (Classical Hula) is expressed as a dance dedicated to the gods, inspired by Miyazaki, the hometown of mythology, focusing on the Aoshima area."
jg_Aq2m_8UOFUH5rJiqTi,https://www.youtube.com/watch?v=KXCR7qVnboM,EN,Miyazaki STYLE SHORTver,宮崎市青島の美しい景観などを映した動画です。
nCsGTvT1PFTct5Vjny2sf,https://www.youtube.com/watch?v=PK74NiBhrzo,EN,【美術館への誘い】4-3. Toyama Prefectural Museum of Art and Design,"In Japan, there are many unique and charming museums. In this video series, we introduce museums from all over the country based on four themes (a total of 24 museums). Enjoy the world of Japanese art through their rich collections and excellent architecture."
sdFID5hs0-i6CmqV70ucy,https://www.youtube.com/watch?v=IddAlLidYoQ,EN,【美術館への誘い】4-4. 資生堂企業資料館/資生堂アートハウス,"In Japan, there are many unique and charming museums. In this video series, we introduce 24 museums from all over the country based on four themes. Enjoy the world of Japanese art through their rich collections and excellent architecture."
dYRWKVC5Y3OXi5ul5eTyJ,https://www.youtube.com/watch?v=iU8nsVSmaV4,EN,【美術館への誘い】4-6. Takenaka Carpentry Tools Museum,"In Japan, there are many unique and fascinating museums. This video series introduces 24 museums across the country based on four themes. Enjoy the world of Japanese art through their rich collections and excellent architecture."
TBod4Xa_VtGpqhz15NZYn,https://www.youtube.com/watch?v=0zAd_-fTQnM,EN,Tosa no Takumi 'Flaf',空を彩る大きな旗「フラフ」。主に高知市から東部でよく見られるこの旗は、子どもの健やかな成長を願って鯉のぼり等と一緒にあげられます。
jif5KC64LVNqJKFRkohM8,https://www.youtube.com/watch?v=s6ZeEPfE3fM,EN,Kokura Castle Area,小倉北区の中心部には、小倉城、北九州市役所、勝山公園などがあります。また街の中心部を流れる「紫川」には紫川自然再生のシンボルとして自然をテーマにしてデザインされた橋が10本かかっており、都心部の風景に溶け込んでいます。
z3zZDqrsnpwORHOpF6wJV,https://www.youtube.com/watch?v=asEEL4uHdnE,EN,Wakato Bridge Area,洞海湾にかかる赤色の若戸大橋、市民の足「若戸渡船」は懐かしさだ漂うエリア。かつて日本一の石炭の積出港として栄えた若松南海岸通りには、石炭会館、旧古河鉱業ビルなどの近代建築があり、かつての繁栄の面影が今も残っています。
DMExmvE2UhZQaDfjnu59R,https://www.youtube.com/watch?v=PPTRjdY8HNE,EN,Mount Sarakura,標高622mの皿倉山。山麓駅から山頂駅まででケーブルカー、スロープカー乗継いで約10分で登ることができます。新日本三大夜景の1つで、市街地や工場群を一望できる絶景は「100億ドルの夜景」と言われています。
8RLe3C_3tAATBQmKlubFi,https://www.youtube.com/watch?v=aijNFSetwcU,EN,SORATABI LIFE 北海道ツアー♪,A journey that can only be done now. A trip you want to share. A cute airplane journey with Soratabi Life ♡
-gjIBbpo0C8dVDsQIUOOU,https://www.youtube.com/watch?v=4RZ3bIz-C_s,EN,【屋久島】The Legend of Ashitaka | Yakushima (from Princess Mononoke),"A cinematic short film shot on Yakushima, the breathtaking island that inspired *Princess Mononoke.* Recognized as a UNESCO World Heritage Site, Yakushima is one of Japan’s most beautiful and mystical places, filled with green, moss-covered forests that seem to come alive. This film was inspired by the world and spirit of Princess Mononoke, reimagining what the legend of Ashitaka might look like if it were brought to life in the real world."
5Pxa-E0Nl6u8Ld3YcAwKU,https://www.youtube.com/watch?v=gE7inZ7B6Ck,EN,SORATABI LIFE 北海道ツアー♪,A journey that can only be done now. A trip you want to share. A cute airplane journey with Soratabi Life ♡
ZYY4-jEB-C4cejp7UHDyR,https://www.youtube.com/watch?v=T8Hr5hT4dBQ,EN,「はしとはしのはなし」ART&FACTORY JAPAN,‘The Story of Bridges’ ART&FACTORY JAPAN
OXXNI9W5iTmcJijfTeJSc,https://www.youtube.com/watch?v=rwTGuuAxhNE,EN,SORATABI LIFE 金沢ツアー,A journey that can only be done now. A journey you want to share. A cute airplane trip with Soratabi Life ♡
kgEMDbXZjNgfIFo4G1waY,https://www.youtube.com/watch?v=F-iHC0e-kHo,EN,SORATABI LIFE 沖縄宮古島ツアー♪,A journey that can only be done now. A trip you want to share. A cute airplane trip with Soratabi Life ♡
BWuXgfle-DFci4M8GMHqJ,https://www.youtube.com/watch?v=GE1OFnEi59c,EN,SORATABI LIFE 沖縄 石垣島ツアー♪,A journey that can only be done now. A journey you want to share. A cute airplane trip with Soratabi Life ♡
6Z900z-ySfhfjymWzf67_,https://www.youtube.com/watch?v=5rABMKitsdk,EN,HATTASAN SONEIJI 'SAKURA' 2016 - 法多山 尊永寺の桜,法多山では、3月下旬から4月上旬にかけて境内の約500本のソメイヨシノが開花します。
IECKkxHBFfb5ObAkCMMVv,https://www.youtube.com/watch?v=O0MfCuFIRxc,EN,"Ise Shimaの桜（""SAKURA"" CherryBlossom in Ise Shima) 2024","伊勢志摩にある桜。
伊勢志摩には名所となる桜スポットが多くあります。
伊勢志摩の春を感じてみるのはいかがでしょうか。"
MOUKTVb0fhXZAcrINF4mW,https://www.youtube.com/watch?v=3tApQN7lh2k,EN,【秘境と絶景】こんな場所があったのか…。異世界のような神秘的な絶景を巡る旅！福岡県の都会のイメージを覆す、日本の原風景や歴史ある神社、神秘と絶景の宝庫だった。,"Provided by: Jackery Japan. The drive charger used: Jackery drive charger 600W. Jackery Black Friday Sale is on! From November 21, up to 55% off. The essential Jackery drive charger 600W is now available at a great price! Amazon product page: https://amzn.to/4olj9uF Official site product page: https://bit.ly/483smRR ▶ Sale venue: https://bit.ly/3K9oXJo"
hoWJGXGBRd_m5NEVwOa2a,https://www.youtube.com/watch?v=MDti6CTqktY,EN,【閑散期】冬の知床は楽しめるのか？秘境の絶景を求めたおバカの大冒険 / 北海道一周の旅！知床半島の絶景や温泉に道の駅 / 雪が積もる前の知床,"This time, we will visit the Shiretoko Peninsula, Japan's largest natural heritage site located in Hokkaido. Can we enjoy the Shiretoko Peninsula during the off-peak season when there are no tourists? Thus begins our silly adventure."
ZWpoYwS52QBvYIKhCzx0m,https://www.youtube.com/watch?v=0gOBQemHWPI,EN,【秘境と絶景】こんな場所があったのか…。神秘的な穴場の絶景をめぐる旅！北海道一周、神社のような異世界観や雄大な景色、穴場の温泉もご紹介！,"This time, we will explore the lesser-known scenic spots and hot springs in eastern Hokkaido! There seem to be many hidden scenic spots if you look for them, if only there were no bears...!"
oHlko2-UqrfvEMHc-pZ3i,https://www.youtube.com/watch?v=cZ43VlJrTW8,EN,【秘湯】山奥にポツンと佇む無料の温泉と100円で大自然の露天風呂を楽しめる温泉！100%源泉かけ流しの最高の秘境温泉/ 磐石温泉（混浴）と湯とぴあ臼別温泉 / 北海道一周の旅！,"This time, we will visit popular hidden hot springs in Hokkaido, which has the most hot spring areas in Japan! Enjoy the high-quality hot spring with 100% natural flow in an open-air bath surrounded by nature. Banshaku Onsen is free, and Yutopia Usabetsu Onsen is 100 yen! If you come to Hokkaido, be sure to visit 😊"
wRapw9yIwY6ikLMz9LRei,https://www.youtube.com/watch?v=2DglsOY4Q70,EN,【秘境と絶景】とんでもない秘境に現れる神秘的な異空間と超壮大で幻想的な絶景！穴場スポットを巡る北海道一周の旅！「苔の回廊・樽前ガロー・インクラの滝」,"This time we will visit the spectacular views around Lake Shikotsu and near Shiraoi Town in Hokkaido! Hokkaido is a treasure trove of nature, surrounded by magnificent nature that is different from the mainland. Why not enjoy Hokkaido in a way that is different from others? 😊"
7hl7yq5evlY2XLj5NNrBz,https://www.youtube.com/watch?v=VggzvKowhbU,EN,【秘湯の一軒宿】Stay at the highest altitude hot spring inn in Hokkaido with a spectacular view. Tokachidake Onsen 'Ryounkaku' and mystical sightseeing spots (Biei) / A journey through hidden places and breathtaking views,"This time, we will stay at the highest altitude hot spring inn in Hokkaido. From the guest rooms, a magnificent view spreads out, and there are many sightseeing spots in the surrounding area."
bKzstKIcRZungcuj0H-o-,https://www.youtube.com/watch?v=41Ybr7zMq2k,EN,【秘境と絶景】誰も来ない徒歩3分の絶景と山奥の秘境に突如現れる神秘的な穴場スポット！北海道小樽周辺の観光スポット、穴滝と盤ノ沢滝,"Provided by ADO Corporation Official HP https://adoebike.jp Special discount code: watatabi ADO (10,000 yen OFF) Enter 'watatabi ADO' on the coupon code input screen to apply. Link: http://bit.ly/46H1Qi1 This time, I will visit Hokkaido by ferry from Niigata Prefecture. I will introduce thrilling scenic spots that are more exciting than the usual tourist spots in Otaru! *Since this is a habitat for brown bears, please proceed at your own risk. This is the beginning of a journey to explore the unknown charms of Hokkaido."
nQGQOMlcuVwgXf7U4ISE1,https://www.youtube.com/watch?v=VCR6gUKXNwI,EN,【Meijiから続く秘湯】山奥にぽつんと佇む無料の温泉。抜群の泉質を持つ乳白色の露天風呂。24時間利用できる知床半島の秘湯「川北温泉」北海道の秘境と絶景を巡る旅,"This time, we will visit 'Kawakita Onsen' located at the base of the Shiretoko Peninsula in Hokkaido. It is a historic hidden hot spring that has been around since the Meiji era. It is a valuable outdoor bath that is well-maintained and free to enter."
iE66aC6nrw9Y8JNaoYvfK,https://www.youtube.com/watch?v=MAZMN0am-J4,EN,【秘境と絶景】観光客が知らない大分の穴場スポットを巡る旅！異世界のような神秘的な滝や神社に洞窟…大分県の秘境と絶景,"This time, we embark on a journey to explore the hidden gems and breathtaking views of Oita Prefecture. Starting from a castle town, we unexpectedly discovered a gigantic cave on the way to our next destination... Beyond that, stunning views continued to unfold, making it a memorable trip to Oita."
no8exv9N9VYvwB1PIOLT9,https://www.youtube.com/watch?v=7TlfeiQHOEo,EN,【穴場の隠れ宿】山間に佇む一軒宿で静かな時間を楽しむ越後の秘湯！秘境の絶景と新潟県の温泉旅館「嵐渓荘」,"This time, we will stay at a hot spring inn located by a mountain stream in the depths of Niigata Prefecture. The inn boasts rich nature, rich hot springs, and delicious dishes made with local ingredients. It is a hidden gem popular among those who know it, and the private outdoor bath where you can bathe in nature is exceptional! We will also stop by hidden spots in the wilderness on our way."
ScQS7SRyKOBrBP8XvBGwk,https://www.youtube.com/watch?v=SdG2Bsy-4Zg,EN,【秘境の一軒宿】電波も電気もない岐阜県の山奥にポツンと佇むレトロな温泉宿でノスタルジックな時間を過ごす。絶景と秘湯、ランプの宿 渡合温泉,"This time, I will stay at the one-inn 'Lamp Inn Wataoi Onsen' located in a hidden area of Gifu Prefecture. In the great outdoors where electricity and radio waves do not reach, you can enjoy meals, soak in hot springs, observe stars, and experience extraordinary moments that cannot be enjoyed in modern times."
bgUyz7hH8DOduwCg4HfM5,https://www.youtube.com/watch?v=RWEJo741lHM,EN,【まるで異世界】民家の横に驚愕の壮大な絶景！鳥取県の奥地に眠る、神秘が宿る4つの秘境絶景スポットを巡る旅。,Summer sale is now on at the official store!
GClrbb3WzfSje6Qdl6IpV,https://www.youtube.com/watch?v=Kf1F6fGzpE8,EN,【穴場の絶景】三重県の意外と知らないレトロな街並みと絶景の離島、歴史と絶景を巡る旅。ノスタルジックを感じる鳥羽市の秘境「神島」,"▶︎ Drone used this time: HOVERAir X1 Smart
Amazon is holding a Prime Day!
HOVERAir X1 Smart perfect set and more are up to 25% OFF (22,920 yen off)
Dedicated URL: https://amzn.to/3TMs9f8
Period: July 11, 2025 (Friday) 0:00 - July 14 (Monday) 23:59

* When using and shooting, please check the no-fly zones and local laws in advance, and use it in other safe places.

This time, I went to the island of "
ng30ExBQOOW-BPpviEfvV,https://www.youtube.com/watch?v=cqnck6XPJp0,EN,【秘境と絶景】誰も行かなさそうな穴場の絶景を巡る！温泉に入るためだけに汗をかく旅！神秘的な絶景と人吉温泉！熊本県人吉観光スポット,"This time, we will tour the breathtaking views in the southern part of Kumamoto Prefecture to enjoy the best hot springs! These are minor tourist spots that don't seem to attract many visitors, but they are worth a visit. Be sure to check them out."
3aiIdtRgWdAVjbQLmryw4,https://www.youtube.com/watch?v=91yca_edQwM,EN,"【渓谷の隠れ宿】A Hidden Inn in the Valley: A Hot Spring Ryokan with Open-Air Baths in One of Japan's Best Kept Secrets! A Journey to the Iya Valley in Tokushima Prefecture, Visiting Scenic Spots and Hidden Views!","This time, we will stay at an inn located in the Iya Valley, one of Japan's three great hidden areas! The Iya area boasts magnificent nature, and the ryokan is a luxurious retreat with open-air baths in every room! The hearty gourmet meals enjoyed around the irori are the best! This is a ryokan you definitely want to stay at 😊"
PDq2ox9fZWye9QqT5Zi1b,https://www.youtube.com/watch?v=KDklSdfeOic,EN,【穴場の絶景】たった徒歩10分で行ける和歌山県の驚愕の絶景スポット！市街地からすぐの穴場、秘境の絶景を巡る旅‼︎ 白浜周辺観光スポット「ひき岩群」と「新西国三十三番霊場めぐり」,"◾️ Drone used this time: HOVERAir X1 Smart

The HOVERAIR X1, weighing 99g and requiring no application or registration, was launched in 2023 and has been selected as 'The Best of CES 2024' by The New York Times, and is currently loved by users around the world!

GW Campaign is now on!
1. Location: Official site http://t.hoverair.com/gViJgx  
2. Usage period: April 24, 2025 (Thursday) - May 7, 2025 (Wednesday)
3. Campaign benefits: For those who purchase any type of HOVERAir X1 Smart series, we will give away one battery and one dedicated case.

*When using and filming, please check the no-fly zones and local laws in advance, and use it in other safe places.

This time, we will visit the scenic spot 'Hikiwa Group' in Wakayama Prefecture!
If you take the shortest route, you can see the breathtaking view in just a 10-minute walk! 😳
It's an easily accessible scenic spot, so I hope you visit it!"
JjAYWWTyMdimNRxA38eGw,https://www.youtube.com/watch?v=1eOwhl2d5TA,EN,"【60,000人の建設人員】山中に佇む、下呂温泉で最も格式高い巨大な温泉旅館！温泉街を一望できる絶景の一軒宿「湯之島館」と周辺のレトロな観光スポットを巡る旅！（郡上八幡、新宮神社、大滝鍾乳洞、）岐阜","This time, we will stay at 'Yunoshimakan', which stands alone on a high ground in Gero Onsen, Gifu Prefecture! With its heavy exterior that has marked history and retro interior, it offers a mysterious space that is unimaginable from the outside! It is a quiet inn where you can spend peaceful time in the busy Gero Onsen. We will also visit the surrounding tourist spots."
S6Na7U9hfRK5npyqNZjJY,https://www.youtube.com/watch?v=PqLweyYcB8A,EN,【タイムスリップ】ひなびたレトロな温泉街に一際輝く温泉旅館「積善館」に宿泊！四万温泉を目指してSUBAROADで群馬県の観光スポットを巡る旅！,"""Always take a different road, go further than usual."" A driving app for SUBARU owners, 'SUBAROAD' ● Here is the official site of SUBAROAD https://sdi-lab.jp/subaroad/ ● Download the app here iOS: https://apps.apple.com/jp/app/subaroad/id1554440317 Android: https://play.google.com/store/apps/details?id=jp.co.subaru.subaroad&pli=1 Shooting course Kanto area Gunma: Aiming for Shima Blue! In the middle of Gunma, colorful winding! Shima Onsen Sekizenkan official site https://www.sekizenkan.co.jp/ Rakuten Travel https://a.r10.to/heEz6h This time, I used the free new sensation app 'SUBAROAD' to go to Shima Onsen in Gunma Prefecture!! It is a quirky driving app that tells you about history, attractions, and even photo spots 😂 You can enjoy a different drive than usual! And I stayed in a special room at 'Sekizenkan', which is said to be the model inn for 'Spirited Away' ♨️ It was the best hot spring inn that made me want to come back again after a long time!!"
46Sc6600N_zkx7azjOS4c,https://www.youtube.com/watch?v=iKQ2C7X-c0o,EN,【穴場の隠れ宿】22時間滞在できる秘境に佇む小さな温泉旅館で静かな時間を楽しむ大人の休日 / 贅を極めた美食と絶景スポットを巡る旅 in 山梨県南部町「船山温泉」,"This time I stayed at a small hot spring inn ""Funayama Onsen"" located in the mountains of Nanbu Town, the southernmost part of Yamanashi Prefecture. It is a recommended hot spring inn for those who want to spend quiet time away from the hustle and bustle of the city without worrying about the clock. Since it is located in the mountains, it is surrounded by mountains and streams, and the only sounds you can hear are those of nature. Meals are served in private rooms, and there are also private baths where you can spend your time leisurely."
s1zYoIPHsomXalvancsmQ,https://www.youtube.com/watch?v=NqltXBgK6LI,EN,【奥座敷】豪雪の絶景とひなびたレトロな温泉地 / 日本一深い混浴に最高のノスタルジックな一軒宿！「鉛温泉」藤三旅館 / 温泉と岩手県の秘境絶景スポットを巡る旅！,"This time, we will visit the 'Fujisan Ryokan' at the Nanayu Onsen in Iwate Prefecture. It is a single inn located in the Hanamaki Nanayu Onsen Valley, with a history of over 600 years. We will stay in the main building, which has a heavy wooden structure that cannot be replicated in modern times. You can spend a quiet time enjoying the scenery and the Japanese atmosphere."