id,content_url
kgEMDbXZjNgfIFo4G1waY,https://www.youtube.com/watch?v=F-iHC0e-kHo
2vye7CEyhK_mRo5NjFgjn,https://www.youtube.com/watch?v=J5iVtMPou8Q
395i7i0Uawl9XaGMrVM_g,https://www.youtube.com/watch?v=1qy438GKSJ8
SEawMZa4C5YFa4AuCJhxT,https://www.youtube.com/watch?v=wF2x-bK1wEE
46Pm663gl4PDADf4GVKIE,https://www.youtube.com/watch?v=sqiun_vXfew
V1c59SY9bwAzh0mbqDU4z,https://www.youtube.com/watch?v=WmCkwbKRIQ8
xbMVNZynlPPrOTWI4fmdl,https://www.youtube.com/watch?v=hy_4eWLA7fE
_KhAkQ22CR9hMlaLIgr-U,https://www.youtube.com/watch?v=DVmScHgp3xs
v-d9J7IpUkvdx9W3jIAAO,https://www.youtube.com/watch?v=UVC8jEI8lb4
BWuXgfle-DFci4M8GMHqJ,https://www.youtube.com/watch?v=GE1OFnEi59c
8RLe3C_3tAATBQmKlubFi,https://www.youtube.com/watch?v=aijNFSetwcU
5Pxa-E0Nl6u8Ld3YcAwKU,https://www.youtube.com/watch?v=gE7inZ7B6Ck
03qcimpBxcr2cHEQsknxA,https://www.youtube.com/watch?v=Avz7_s21zh8
sypZqllxc8pIHT3jzf03V,https://www.youtube.com/watch?v=tZEEMpikSvU
r73GDYwNduaEXhS9GcPzw,https://www.youtube.com/watch?v=LfxtZdGv1HU
9oaX-SCwtJUck2mfeBziO,https://www.youtube.com/watch?v=DuL6mLwXLhE
unSELfTgjSY3GKp6RgxA1,https://www.youtube.com/watch?v=BZIS3vrKe9Y
5fXvfVQosJ8GgiZnCgNmA,https://www.youtube.com/watch?v=dRg8q7hFS8E
bGvuKvpXEs1h63OlQu1hi,https://www.youtube.com/watch?v=0CkvyTSY2KU
ZmQDgVWYICqlGYXHiAJhN,https://www.youtube.com/watch?v=ZmQUqwuckBQ
o1_CkO33_ngkzHVn9U3po,https://www.youtube.com/watch?v=WYA5gMR_Bz0
V-UheA2p72I1INalY_MKY,https://www.youtube.com/watch?v=DU3n0QQ9iHw
LIshBLmUzGd9zQ7S6YU3n,https://www.youtube.com/watch?v=7Wifcb9fLXw
ictKCB9dIOSWf8od8zl30,https://www.youtube.com/watch?v=Pq4GRwjMV9s
4ATgfM64KnjcCwGzwh9NN,https://www.youtube.com/watch?v=Yv3UKqv6gmA
J_8HGBaPseRNYTQHtFrnn,https://www.youtube.com/watch?v=ZMsIzg4eJYE
foAYDPFR-bmQnCrPOWdWM,https://www.youtube.com/watch?v=G41au40VYiU
XBQ5NcA1PY8vYcimziu8E,https://www.youtube.com/watch?v=b-2pdakqOMA
R4FFIn1qOCJxVjrtu5KdB,https://www.youtube.com/watch?v=ePWMB-YjcK8
hi-TqCSoYplXtBnSfKsbm,https://www.youtube.com/watch?v=K_zamLiHFTg
iOs7NPGbVZ80E4lINNHPr,https://www.youtube.com/watch?v=NpaMLUU5j0Q
BGs5LDTJfqHysGdj3eWxW,https://www.youtube.com/watch?v=_q1e6YpcbMk
cDYn6PZA6o1pythyLg9LG,https://www.youtube.com/watch?v=7K_FPsKrd9k
rjhkZo1ZiM-hJGaVvqe9s,https://www.youtube.com/watch?v=A3DnfIdcf-E
LT4p8gxmwRFpWRac_zgXk,https://www.youtube.com/watch?v=EIuXot-BT9A
ZiH16a9x5sJGKZrk2qU38,https://www.youtube.com/watch?v=0lN28ZfnGMA
qg2FADc-WvCTePFo-os9y,https://www.youtube.com/watch?v=R-aUveegnDc
G21gQCMgiSt0yL63XVXE9,https://www.youtube.com/watch?v=Q1ckTcd2JqQ
tMAMKItAx8lCVJU2OpY97,https://www.youtube.com/watch?v=IIyx-DcwdPc
5oK1vdvsKOV8ZEDgjrcpf,https://www.youtube.com/watch?v=JJie2BFPRcY
NOEOM4z-9CgkCXeYogyXz,https://www.youtube.com/watch?v=XTPbRHNvzkk
I8EwwEw3wULpP1WqteLu1,https://www.youtube.com/watch?v=5-IdakxpvuU
oA6Avw8QABK60HWfXXQ50,https://www.youtube.com/watch?v=mU9J6LCtLE4
-UIuHkxqAxN4AXXvSr0Gx,https://www.youtube.com/watch?v=iPL7X2DHEew
ahirNVZyskTAL6RIYqG-o,https://www.youtube.com/watch?v=B8JryUT3EbY
iMfMCtRqWg96kQphR_qmG,https://www.youtube.com/watch?v=Gy55Gj72KWI
cCKxLsfX3vr4FODpoxuhS,https://www.youtube.com/watch?v=CTDqyGv-wrI
ByrOrhBbO6elXKDCW9rnM,https://www.youtube.com/watch?v=KiYXSdhUn7I
EqPv75UEyPxY2E0ARYrsL,https://www.youtube.com/watch?v=VMr5OPXqoJE
0vhfeAUjyZRWCwTOrQx4v,https://www.youtube.com/watch?v=ThhFG3OIhIM
3DWXKqSoHHtjn4pFd00JL,https://www.youtube.com/watch?v=hGTYLOtlCrw
ZKXZtPzzui3gx1Z1-xbKI,https://www.youtube.com/watch?v=UVD5M3I43l8
yR8J9Ddr7mbEiMuHvl9p8,https://www.youtube.com/watch?v=s8afv94OEM4
WvodJjVSmgXDw-apPIr4m,https://www.youtube.com/watch?v=GHT0aTEued4
_GxfPqTrXosBooPG4TsJX,https://www.youtube.com/watch?v=PEfGt3uwVNU
6W_eY_VWSEI4tIr7Gu3AJ,https://www.youtube.com/watch?v=nTI-hbsQECA
d_EGzBtqD0HlJp-6aXFnZ,https://www.youtube.com/watch?v=XJTAuvWhFp0
hacr0PPq_-xEmZ8Zi3OM5,https://www.youtube.com/watch?v=zZSFEj3FL4U
Zddmih91i40M5RSY-8Haf,https://www.youtube.com/watch?v=dSgMbG5x2yg
aM7J-IBkq_7PMTofbl-hs,https://www.youtube.com/watch?v=gkPhCw9qn28
L448P5QbeOsyG2mdKY1It,https://www.youtube.com/watch?v=Oywh7aZaiaQ
BOwTYtjXVTQoGtqK-q8np,https://www.youtube.com/watch?v=94cw1nHCgsY
272yKbrsOlk2WD0dFn79t,https://www.youtube.com/watch?v=rfl3hv8Rtvo
UqZExJqzwFRZP5HSD2Qxo,https://www.youtube.com/watch?v=XA-WpODvBjw
bOVQEWy7PwaEM5lV80iJu,https://www.youtube.com/watch?v=iSGaSZK4bbY
-gHCaKdebXts3xkMzE7AY,https://www.youtube.com/watch?v=mrPrC4B5jto
QSAHAtf2_iurKPvj0fWLN,https://www.youtube.com/watch?v=Bk_pVTaOW1I
HKwqwPsGimH22BvTzomin,https://www.youtube.com/watch?v=2ATmCmVLj5w
-8zqYi6ok3MJFNPxgXGGF,https://www.youtube.com/watch?v=XlGVKWBLWzw
IlYUT5UqKLGggFo7V9Y0_,https://www.youtube.com/watch?v=A7pb_AurIOM
NJ0iFPymVCuf3UhiWP1yz,https://www.youtube.com/watch?v=MJ7QTtWFiM8
I9scD55ecAcBOdbCFBWcS,https://www.youtube.com/watch?v=HmthVjgUkj4
wJxk6y0-dGBH4Cu_447mF,https://www.youtube.com/watch?v=yFZaovu6Q6c
EY-bi5wtWFlmSYPgZYZsV,https://www.youtube.com/watch?v=5PNzkXgHD_U
_4VPLZ6bg0eNuwv9vcjcN,https://www.youtube.com/watch?v=7N05quU5_hI
665zDtwU149aGX_lYqflA,https://www.youtube.com/watch?v=e_CCSedv5RI
R_xADFZ85RLzTJDKvM550,https://www.youtube.com/watch?v=BPJBA9zC_58
aMV6wHCQW5dIXo9OyJ4Vj,https://www.youtube.com/watch?v=cUlDscM4Gc0
bWzM2gvYfekDLj6zIi5Hv,https://www.youtube.com/watch?v=h-Ck-1_Gez0
NwxBYUBYAWJLPSYOFey_1,https://www.youtube.com/watch?v=gHr9BkGQ6So
5cFbJq16gs_K93U5giqQH,https://www.youtube.com/watch?v=AKyqODQF6Nk
yjzQ8gTLEkQiQZpuWVM91,https://www.youtube.com/watch?v=YM6SeTjlgXk
3-0P-mLDraO0ZN9_WSFhP,https://www.youtube.com/watch?v=gwbOEJt-1qk
uy4BwbOA6QswtWVuM_r7O,https://www.youtube.com/watch?v=J_miQIvEfRw
L2_TUYFTLkIEH8bwD9f2P,https://www.youtube.com/watch?v=8xyNZoEr8IA
Z4D7vWAr5760ty5luf4Xp,https://www.youtube.com/watch?v=ySPLTla5DIc
yOUpVRDHPHPZYknQW2j9t,https://www.youtube.com/watch?v=7xzA-JSQQx4
DBNRUr-xKKx4GMDBS1Qan,https://www.youtube.com/watch?v=AaNEl8ZeAms
hfhUE5DCmfHquu9mfHokx,https://www.youtube.com/watch?v=Xck-Gwzjfz8
FfWcTIDjNmm0vUhqaDZwW,https://www.youtube.com/watch?v=fLNIKq_CN5g
NND_LefAqAJTYVESZ46hn,https://www.youtube.com/watch?v=1LVyPdkcc9A
F1xFjBmk9pQDIjdGZQuOU,https://www.youtube.com/watch?v=VMwR-YDQuFs
eFV54IuS58ZOeHVAuQF_e,https://www.youtube.com/watch?v=ZkYZZZQlJy0
qkZIPp4n7j4NxKm3KN1eG,https://www.youtube.com/watch?v=i69by3kFxKE
XYT9nH17slTl2W23dYJkQ,https://www.youtube.com/watch?v=I39bH1I0ClU
aoLVI1WP_e0RxDPsrVz-O,https://www.youtube.com/watch?v=YJNzwVv-xbM
AFBGy5scuEF0p7Q-WPdjs,https://www.youtube.com/watch?v=INPHqR66Xsk
5z5KM2jJle5jiewZfDh8T,https://www.youtube.com/watch?v=p64oXC2rVf4
uaJZzD9qD-KdRc1X6nr-u,https://www.youtube.com/watch?v=Y2rF6RI-M7c
Rq3hcA-g6ZFdgpT0C2OUH,https://www.youtube.com/watch?v=4AWGiZ0Cy38
iPUrOYHVHLyhuVuNmLjwh,https://www.youtube.com/watch?v=yrcVF-HWaYE
niK7U8Xses1keJDmS6r4H,https://www.youtube.com/watch?v=3tt4tEpX7Bs
3pmqESpnnDhey_EMRjhdm,https://www.youtube.com/watch?v=YuYG0WWsdX0
g6J4FkPvstD36_k5kaKKN,https://www.youtube.com/watch?v=SRG3mOJmtr8
m3yMhgKc0MbAd_aKJP2aR,https://www.youtube.com/watch?v=OqIh6GcIvGo
JuspMN1sBCxC8zdFrUpkV,https://www.youtube.com/watch?v=gwDWaF2Gd9k
CIqe8y6oWgCD3xxfPNwxS,https://www.youtube.com/watch?v=SsJS2HHGMuA
vUobEMFsLmhdnJqPTO3Hj,https://www.youtube.com/watch?v=IDTspI-KHK8
5oQwhDrG1uW-ZqwxtPB0y,https://www.youtube.com/watch?v=cEa6swmCsF4
Cbi1BeBGrCSNBgJNJBJ02,https://www.youtube.com/watch?v=WpqXJS_ws8U
6xYsRlPjzExU_5MEuH6g3,https://www.youtube.com/watch?v=cMwh42j2r10
BM4Qjj1wNhva4MXmeB7kJ,https://www.youtube.com/watch?v=60-ASbjh3ok
KVdK9N2Xgm3OWTb7qcYSW,https://www.youtube.com/watch?v=8AIoIFhjNl8
xmOsbJdGTBjUrcVh37siv,https://www.youtube.com/watch?v=WEGLcFYLmQA
yUOJdzb51y2pLQU8O3WWL,https://www.youtube.com/watch?v=d1zWn__8NBk
-03cj4tnfrCaB_EqWz8Fb,https://www.youtube.com/watch?v=GTSeuMem_wY
J1IzKHKkdrZ3V472LQoSO,https://www.youtube.com/watch?v=EEAlnRc0E_g
wldXjYzelXx6S1mVow_Cc,https://www.youtube.com/watch?v=EL04aLDRilE
x5o8DfnHBkHC8LN6pvQuR,https://www.youtube.com/watch?v=f62y0-qtZMg
zUUM7pjwGhnG4oHYDDguR,https://www.youtube.com/watch?v=E0ViIgZHtVg
9rTVtrOmO_T4MRm8v_F0M,https://www.youtube.com/watch?v=fF45kNBScB4
S7xkwx2Jf7J2NWQaCa-38,https://www.youtube.com/watch?v=GJXRpzoYQVg
QPUwe1R2ohFNbuonepgFm,https://www.youtube.com/watch?v=QSVvcyMpm34
2cYDYXZWxGBlMF0vBJT2m,https://www.youtube.com/watch?v=7Ka4ZbkQQOI
vzf-ljeFLndwfR3KaGXRu,https://www.youtube.com/watch?v=WNpdpo3r1I8
L5iQ9_oq8HamPZvsgS4YE,https://www.youtube.com/watch?v=iYl141aNUnI
3MIBXbi0DqsS2YBQ-BIQj,https://www.youtube.com/watch?v=vo6jntPLWGI
AghBKxR0_jAOqf9RZSrv_,https://www.youtube.com/watch?v=aBM2FDpGtK4
K7L7HVxZToSCJYss4CFjj,https://www.youtube.com/watch?v=5ASXVinYKTw
olUGgzMAdtMWuWIvrZ22z,https://www.youtube.com/watch?v=C5cktfPOq3E
7a5hT0uKktHd4Z8hTQipy,https://www.youtube.com/watch?v=ZowzRzZgg7o
aaSQRdBksFP6lKwkQSim0,https://www.youtube.com/watch?v=V-DhkxI70Sw
aQUzukNsbdPawsgN2liqM,https://www.youtube.com/watch?v=W3QZMhZlJd4
_gysE1kXOGdtFsJVXVel0,https://www.youtube.com/watch?v=29NBUXVS3aQ
O4WXIHnlRJGKzjRS6TW0t,https://www.youtube.com/watch?v=-c7NLUDrwJI
d13BDW0JGUIZYmYpegreC,https://www.youtube.com/watch?v=fM8igBXYg2c
XHL-2WZjFCroUNHgxhADT,https://www.youtube.com/watch?v=He9BZlhABvk
z9ZdpcYd3-dFeQMeEeQwV,https://www.youtube.com/watch?v=b7jzO3-GxT0
BYteKwWIvFfNFtqscmIpX,https://www.youtube.com/watch?v=HgHp4d_MJLU
88hJvpGWC50Vh16EPa6ix,https://www.youtube.com/watch?v=MSDzh0oSYDM
KeAxtzsAbNqv8Y80-WouL,https://www.youtube.com/watch?v=3dW4AaEZZDc
EHeTssktz3lOD2rMjicP_,https://www.youtube.com/watch?v=D96_GedgO_U
tsGP7vIN4lHv_5SpgtWiW,https://www.youtube.com/watch?v=qpLSUNC7lag
2wODNkqT78-8iHXnUXz9a,https://www.youtube.com/watch?v=3LVBE0hyo2k
VtiMjO_BKBGmHIP-JGQ4B,https://www.youtube.com/watch?v=LEggv7Lih48
KIsvr-jI-6nBv_SGsb82G,https://www.youtube.com/watch?v=kNj3BEhaWlk
yov4z-F9FO2Ns8KELOGsn,https://www.youtube.com/watch?v=TdNkIy2Frh8
P4ow_gcnZDRlw8f4-T9bd,https://www.youtube.com/watch?v=NkTsm2ar9KA
tvr1bapamFdVSscPULrds,https://www.youtube.com/watch?v=JNJXmPfnhAw
mDlT5YWKebZJorF_SK-2m,https://www.youtube.com/watch?v=2VWvUkTTq_I
W3Y_WATmuSuMA49cuHNqH,https://www.youtube.com/watch?v=IDUgLbHhcws
IDpWPxzFadsgW3lt_d7xX,https://www.youtube.com/watch?v=jn3XzbgGpZk
X4UDxzPNmaTWScRGSi8QB,https://www.youtube.com/watch?v=TbP2MFXp_gI
Bvr98DjicF-uBmPOnpqjS,https://www.youtube.com/watch?v=Jf85flH8RoI
AzKWyad8gHTcpKr7bI_j4,https://www.youtube.com/watch?v=UIizp8FOi5A
YM-U2CgEp3p_BXfMhmH9V,https://www.youtube.com/watch?v=ba8i5-bo9gg
cSvDMOXcfNwrF8igus3yj,https://www.youtube.com/watch?v=2hBzqEr-B7A
grz6e5PUUdd5C4a-r77qc,https://www.youtube.com/watch?v=IQM4FSqrU_U
jLFjMU_n8W0CF6yYEWO2X,https://www.youtube.com/watch?v=9SoDpT7BEPs
mV9uprazX_SgnMe6-yy9e,https://www.youtube.com/watch?v=SAq75H-dBdM
BqlbGybd_ZLw93pV3ZDZB,https://www.youtube.com/watch?v=TMkm_p-O-Zw
Su4VjCz0a4xtZFdII9SBD,https://www.youtube.com/watch?v=gS-j0f8mZ3o
vrkgdgQlKDyAYWDKPLbd3,https://www.youtube.com/watch?v=5R4oGZ_6XPY
7jityGKMC-GRiykvejTct,https://www.youtube.com/watch?v=RXyGYb-RcT0
KXYAaYe2r7v39YmVjlQsp,https://www.youtube.com/watch?v=PxH5YzI6ndE
lZ57KJ4RcBl0C8Z0mwcrl,https://www.youtube.com/watch?v=Hq_InRdho1A
22zhV5Fn3SPh28btr3TKt,https://www.youtube.com/watch?v=PtXIqgFSx6o
4r29Ckxy51-SB4Vq0bneM,https://www.youtube.com/watch?v=tX1Vy_wg5ZU
fyYX6bo_HWRcIEYiMNNw4,https://www.youtube.com/watch?v=CPFH-lUH6jY
L7QHTgr6tfjv4SOzi6R_Q,https://www.youtube.com/watch?v=kP4-l2nZgcw
DN0Hh-bPHPZJOsKGznw-7,https://www.youtube.com/watch?v=NJrw17CmBZY
rT-aQaKFh32_iDDWJsZ8d,https://www.youtube.com/watch?v=8W5q-UM_jd8
ol7k0mmwK7300QGn77nYO,https://www.youtube.com/watch?v=E5MkJH_LEKI
nxbE7o5_sV5Ydnf7Ix_Zp,https://www.youtube.com/watch?v=l2U4oJfZyZc
xmyF3-Tqp5uf5fuyY2nxD,https://www.youtube.com/watch?v=Ngb0gcUwOAE
qisReCOM5M3rf6RxbWhWm,https://www.youtube.com/watch?v=RPok9pyL-p4
ywe6O28yRWJTgt9MYQvhp,https://www.youtube.com/watch?v=vQPbDzvRR8U
RwrklpTZF8cgguUdb-pjp,https://www.youtube.com/watch?v=8UcFamK5TQM
8YE-Grs7XBEr2wtSc1UH2,https://www.youtube.com/watch?v=wphm6HYdH0g
Db8Wj2hFKmbUigIrDGC14,https://www.youtube.com/watch?v=RB70geXpYCQ
Dldiwd06St6lKmcAsdZvi,https://www.youtube.com/watch?v=oBnvAAYQag0
nZBPXd3GPb7XaD5vKfkcE,https://www.youtube.com/watch?v=d6BWK2vH8sM
PUiKj_euZEKWAg6HuqSs-,https://www.youtube.com/watch?v=BgRD3uPRMxM
Vy98zVrpqnBuRxCms6vFR,https://www.youtube.com/watch?v=vnK527B6Qss
2EkOQ7RogQitwstYVYSx7,https://www.youtube.com/watch?v=FWnBMmFCQNU
bLxgOCDK6piGiIU4uj4do,https://www.youtube.com/watch?v=BtSVZC4CsSM
LUSAkmPsrt52dfMI1PmSR,https://www.youtube.com/watch?v=lqh2g5tqX-0
NUMPHzUBpaQepUm6VDvrV,https://www.youtube.com/watch?v=sSwQDFOKve4
69I_PD3Wcbkt_qRoqRzRS,https://www.youtube.com/watch?v=zmjxW3iomHM
C68JAe2SGHmiw7pDh-QeX,https://www.youtube.com/watch?v=axiaeHu4fSQ
Hit_NJd0aoig-KF3GVwyU,https://www.youtube.com/watch?v=lXwuNm0Pgmc
4E1X4Ba_OBUh2Yg7apqeA,https://www.youtube.com/watch?v=yF7teEPS_WE
QPT5Npq6Vv4bc6MbsJhdu,https://www.youtube.com/watch?v=sfKsopUe2sU
aX6yY3SppF7oi4C-QMeFT,https://www.youtube.com/watch?v=C61ExHqpGy0
qqU47U9AlYC7lpfpEks5R,https://www.youtube.com/watch?v=bwiHhgPjkR8
CnvVxFiNJh5kQxGIMK1Td,https://www.youtube.com/watch?v=3jOzZJvoBtM
yTfD2Y9dult1P52aQcrYs,https://www.youtube.com/watch?v=D81_ZGZHsWQ
4faIIOEkOfJQ8SMBCEYdT,https://www.youtube.com/watch?v=kvBEwiffUFM
eRdokTVaslyvDuEaoNZhS,https://www.youtube.com/watch?v=tSMRAEvsRE8
Lb48aYYkIyK8w8TP4uiUC,https://www.youtube.com/watch?v=AhrdVoGw_Ks
bbX20E_VmPXAxqhWkRBjD,https://www.youtube.com/watch?v=xynkEKEMLOA
bCLzxKMcx4aWMgTcx6Sk6,https://www.youtube.com/watch?v=RYE546iWHUc
kKBlolF7b7MnoYv22ztK5,https://www.youtube.com/watch?v=tBdwetBS1DA
GRpILraK4avrjaXgAlYPh,https://www.youtube.com/watch?v=TCPot4OovZI
EG8-TdYaHXhUD6viRkc4g,https://www.youtube.com/watch?v=mTp4KZmCI90
Y4SEzJ8PcVAy8ACOfhOcT,https://www.youtube.com/watch?v=JgHpIq6C64U
bqjzNcrKEZEWL-lVgqRrl,https://www.youtube.com/watch?v=n2bpU1Gnl5A
C64Ce0aM0UM1VPTwH5Zg8,https://www.youtube.com/watch?v=gP2tH7JXzMA
4JPBdX_9hPQ5AzhJFyXNB,https://www.youtube.com/watch?v=AKMHc_OI9fo
BJwW6pclzWz1M88wfX6WJ,https://www.youtube.com/watch?v=cXoDK5_6HL4
XWMw27FqYqIlfkAVRirPU,https://www.youtube.com/watch?v=-r5mRd4Yzq8
_LE6W8Us_LTBnuST17d2i,https://www.youtube.com/watch?v=uQtJjgcXdpE
Jf8v4r3-MAKTKGy1ugEfm,https://www.youtube.com/watch?v=muW-1qoo4rE
cYwS6lmjHBnb-EnCQBCXy,https://www.youtube.com/watch?v=EuOEDybhNzo
F6NAlb4e48qlWVp_C8GLG,https://www.youtube.com/watch?v=qJF4BmG43DM
2_R3FgISUHk56YaEhkEy-,https://www.youtube.com/watch?v=3m3oiRiRgsQ
Ll0S5d5iQ7SIL2QjKph9-,https://www.youtube.com/watch?v=5iGBepXaOUg
sjKC1Ew9ODB3z8WdZ5xx3,https://www.youtube.com/watch?v=Je0fEKXzB6M
Pt2Jxnxhm5LBJsne1YtWS,https://www.youtube.com/watch?v=au2TIvyYYXg
PE8iZjgrWbu3O9EJPZmyx,https://www.youtube.com/watch?v=C8210NQHDZs
mBxaX6s7P9JLTvXlqR6Nd,https://www.youtube.com/watch?v=Ko34-uEalnU
QDXu1LUSxwZUeoc2MkXdz,https://www.youtube.com/watch?v=_JIHZzkePO4
FaOjATo_wg_0W0CpWl7PO,https://www.youtube.com/watch?v=77BckjW3cRQ
YptI1BUoo07X1U-Dri87U,https://www.youtube.com/watch?v=4y152W3L1us
-9m7suSU5S3LYetAFzI5V,https://www.youtube.com/watch?v=fUwuJRo4iy4
awc1K8hYsjTTi42gGSOCE,https://www.youtube.com/watch?v=e2AbYoU8aQo
oa7wqV_QO9CWj8E83Y6yV,https://www.youtube.com/watch?v=eroDdH3YsbU
2PN4UikjiPha6HV8GvR7a,https://www.youtube.com/watch?v=4a1x4QcjDCo
XFXHUWszAY-R-oK7B7GIN,https://www.youtube.com/watch?v=6fnKumF7_cg
ETFMf83Uua2tJAdIN42KT,https://www.youtube.com/watch?v=vAYJc7t_Tz0
wfGwxPEn-aGbb53o0xmYp,https://www.youtube.com/watch?v=D3a2ahnKfMM
MpnPoV_sYZlodwQi0jpBo,https://www.youtube.com/watch?v=ugjsWEc6dtg
4xtBS9A8fFakNAK7Fu4o0,https://www.youtube.com/watch?v=bMTJ0IQfuAA
ghcNpXsFH-QFkrtTir9pt,https://www.youtube.com/watch?v=ftU9eQAmvIQ
GP23GATkIv_3NTANU1sd6,https://www.youtube.com/watch?v=ouoKxM1I5iE
vyAKmt6BabJSVdDX3AmR5,https://www.youtube.com/watch?v=1AS7PV0AG4U
2-Il20fNmkMcnItVb6kR1,https://www.youtube.com/watch?v=XZR_vEW3pFU
HjJu92dZU4fHHVLKF5M8s,https://www.youtube.com/watch?v=cjH0qlBlptc
-9y4ErKYImDkZ48-3QJqL,https://www.youtube.com/watch?v=nbDJhuJytg0
SDMVoq-bI26KoJrPJhyx5,https://www.youtube.com/watch?v=-ondaNVmU28
WtIiTGOBXXDhKBPxLl6yq,https://www.youtube.com/watch?v=gnL9RWMvYUw
3udaRqFaMhYoYdEyzhWJr,https://www.youtube.com/watch?v=x5F_48Z9iSM
u_RKBolfTLw0iGh8aVf3X,https://www.youtube.com/watch?v=3HUz7CJrpNU
QOqQ901Dje-JlMLrMmE7q,https://www.youtube.com/watch?v=oLml88bRzrM
jqpum6NamwNtCLa7xmGfT,https://www.youtube.com/watch?v=MC1yyiDc0vY
acqXHlSGx6qg--5QdfrH7,https://www.youtube.com/watch?v=WsijLrn-III
M6T0DxtnRWYVQzE2UaTLT,https://www.youtube.com/watch?v=C3lXZp57EC0
D12NtYemCPugvxuI9cCEs,https://www.youtube.com/watch?v=sT2FZHo_pq4
6NJ-e_5N9SWbZIej9KEWc,https://www.youtube.com/watch?v=y5RO7qY9ZCg
pZDAcX-70wlE15PKcukgd,https://www.youtube.com/watch?v=ajvbZQeEvDE
UTb0E22Gx6-6U3JO6Mc6D,https://www.youtube.com/watch?v=1M2wNJJq1-0
qKeOC1p_ZqO9-1qnSMZ-6,https://www.youtube.com/watch?v=SGOK5GCYREU
v2QrZXojDDsy_dT0LeED3,https://www.youtube.com/watch?v=4bzO2YT4nic
gCl3fHe4H9ik-ZxRSD8yt,https://www.youtube.com/watch?v=C3aW8mq_MRg
BJJYwHMSm5eR5MqWa-Kl_,https://www.youtube.com/watch?v=NdFajjvHKcU
a8p78wLnc4uV3dGV-uGub,https://www.youtube.com/watch?v=cRJt6JqSPhc
IyLgkyRiDzaRw-shkvViL,https://www.youtube.com/watch?v=xIt5TrmFeuI
80ps-YOXpXKGyAiLnm0v7,https://www.youtube.com/watch?v=maGkJ3GrNFw
xmtyNhqmhhIUocxIH2d4n,https://www.youtube.com/watch?v=4mb1IB0UA2k
qKoXkHKDDABfuvebpl8AU,https://www.youtube.com/watch?v=6d93caWpBxs
ouKccU-vsi9uSsKblwiaY,https://www.youtube.com/watch?v=cJ6GXjgik0U
IriKFHImNxUDhDnccqk7g,https://www.youtube.com/watch?v=zIyPR3hDur4
9wSZnro_3WKcMP2Y9-PsK,https://www.youtube.com/watch?v=OpdEn8JYOxE
0JV8G6daqoWPUYavqkPtH,https://www.youtube.com/watch?v=PnAcrId7rb4
IqryLwADAcaaPg9OUZGKM,https://www.youtube.com/watch?v=qlXKV1klZuQ
GxdPuOlaAEI9CIYIK_O18,https://www.youtube.com/watch?v=u7x10wJLAKE
w6I-mMJOeb4lf_AUiXpL9,https://www.youtube.com/watch?v=IsKcd65YbHw
czV26hrNXA6z3Af1-q2Z3,https://www.youtube.com/watch?v=N84PJvk6CaM
sF9Zlh1ekaaWof9M-WV-x,https://www.youtube.com/watch?v=IQVAYi82dqs
CWk643oxJp_Dkztb4mUsb,https://www.youtube.com/watch?v=dP21MjDQMHI
8d4Vkj9n4wtsBT02CSKC3,https://www.youtube.com/watch?v=YgMGomoBxdE
C89KgIne6BgU2XNjDGZtL,https://www.youtube.com/watch?v=BJUbZlD0YN4
ab8yVV7VvDhvyzLW5wdM1,https://www.youtube.com/watch?v=TixeGYwQ6UA
j2zB8OKrY2VDtY8BzVGEa,https://www.youtube.com/watch?v=UpyVzIr5Iiw
QCz2nRrViqfg6axEnT0XF,https://www.youtube.com/watch?v=W6-FP8jVxZ0
osRLSbTTSOuX4-QgLV8Vj,https://www.youtube.com/watch?v=4RGJfRvcklE
G3LbCz_t410jedzxTYKEr,https://www.youtube.com/watch?v=Xty5Ha3VBlg
oWamQFR6wqaT2OHORbjsR,https://www.youtube.com/watch?v=CDL1rPMxnZc
b71-ia6IY20Luo2FwztcZ,https://www.youtube.com/watch?v=0JUWADoS050
I-IBkm3bFBon4DQGWjHk3,https://www.youtube.com/watch?v=dp6SjiuWOw4
yUWm85fK-bcXd_sAtGiDG,https://www.youtube.com/watch?v=_hVjxzlL5gE
Vb0nq_Pw5TvAc3XqJK97P,https://www.youtube.com/watch?v=IMpS68PT1H0
Q0GJjdadDZBZ-v1kSht9N,https://www.youtube.com/watch?v=5GMuW02-9dk
5jRwxostROqWoQDzGhcGv,https://www.youtube.com/watch?v=ZumlpDbSJ1s
dB6SMk0NPGHkZnF9dYfNW,https://www.youtube.com/watch?v=5oHHId6LkKc
pNF5130NKMw5Mw79ThfBi,https://www.youtube.com/watch?v=rjfawY0y3fQ
zCwJd7ifGvjYv05nkcFBE,https://www.youtube.com/watch?v=iFXZ8SUdhU8
SGYmYx1Op_99d2HsZBR3r,https://www.youtube.com/watch?v=e8XwS-_QSzg
V0yR8jJDAj-ZnK57xc0mB,https://www.youtube.com/watch?v=iKYEnf-KOOI
UINwibfi5viwpY29PSA3t,https://www.youtube.com/watch?v=JCip81-CE2Y
73ZHNkhAJRcPa6neNLSSN,https://www.youtube.com/watch?v=ci2d-_36Yrg
_uMpzZToP4S0uCqabb8h8,https://www.youtube.com/watch?v=F5meLXN3XJs
VrcTkPZX6FLLcI1B62Ehb,https://www.youtube.com/watch?v=bpMi9PVEvtQ
5W-_h9hTVa3NipfoHYv5Y,https://www.youtube.com/watch?v=CNAc55I4ALc
v5N5GWU3NyRfdFAECNC5T,https://www.youtube.com/watch?v=ABS7vBNYDus
mC2gwRFmGgr8saBS5QFn9,https://www.youtube.com/watch?v=UWiWZ1QWXIk
d2KfOu5Je60v1LjR-khkE,https://www.youtube.com/watch?v=jpbKARt4g-s
ayjLrWrSYy_4ymBS8pE6v,https://www.youtube.com/watch?v=yvEZCUTpusQ
uRfux74ph4dyQp5Ru14Nr,https://www.youtube.com/watch?v=NMXzDuDriyo
vxzwYwGQ3Ag8mgHcLQzBh,https://www.youtube.com/watch?v=5kdoSFSzJVk
jPoLdYoFdl7ahU4Ws_Cns,https://www.youtube.com/watch?v=9KUnOzfRfRA
V19eCdEd0a5hDZ0pBtMmq,https://www.youtube.com/watch?v=tLEOZHRZ6iU
xRj0FTKqYeN-RIgeuDA6t,https://www.youtube.com/watch?v=U-TFMFQMLXk
UU0KTIhjOYsVIGS9T299-,https://www.youtube.com/watch?v=EW8JPb7mRRA
Hy43EBGkBm_FIx7S7LiaJ,https://www.youtube.com/watch?v=9dKK5pDepuI
3Amvw53D5ImQSUwJo_tcU,https://www.youtube.com/watch?v=LijoZwhC9eQ
Dqz9hASpHxTGjO3yq3CSp,https://www.youtube.com/watch?v=6ZCYKkVMABE
B0U6j_j_tCHT-vI2ay96S,https://www.youtube.com/watch?v=0NioXrk0n4c
XNN4QpJyIZff_r89_VXVi,https://www.youtube.com/watch?v=YZpPehrFrlA
iLb7KSh0azkM7h2rmaJKe,https://www.youtube.com/watch?v=DxMmI4OoE48
TKDmU10zGjb62X0HAtnSQ,https://www.youtube.com/watch?v=h94tYaMqwKA
yts2ViLlKIBzJR5MHMCje,https://www.youtube.com/watch?v=4PajJs4EPfc
6qHiBpCZMIRpAck-J-xdA,https://www.youtube.com/watch?v=juye2tPSK2A
D2XVy9R-FxSPBm5LWwVBL,https://www.youtube.com/watch?v=AkPwp76xSaY
b4Lzas-BH374astn5bOAz,https://www.youtube.com/watch?v=h0pIfKEbTqQ
idvc_ZEwdC5rasRtxMPmG,https://www.youtube.com/watch?v=GTKzj_OREKM
tT1YQ2eKGn5KGeA_QVp_s,https://www.youtube.com/watch?v=6dP9nqIkWr4
Nu5qZFykyoPtm0XSno96I,https://www.youtube.com/watch?v=b1a2y3ID56E
qk4PXRB4TSAyB9h492pH2,https://www.youtube.com/watch?v=I6oSl5sEU3E
IwmRMYnQDqqQgshQWGwWZ,https://www.youtube.com/watch?v=WAIWlHLPjjo
XVTA9-1MQEmfUsqy42UX_,https://www.youtube.com/watch?v=AaY1oqTqCGw
0IKTJ3XiNEzXLS6bFD2Hb,https://www.youtube.com/watch?v=9ITtzO4ihEs
3onxWfnEinwDiu52ro5Lt,https://www.youtube.com/watch?v=Ha5O9Tgu9sI
U1hpSsro4TXYu2am04Tm5,https://www.youtube.com/watch?v=CQVHF7TJDm4
kj3UNhd7femGQAUTPVA9_,https://www.youtube.com/watch?v=oks5WIPPq-E
INTQugAHpnqGugTCbbwCk,https://www.youtube.com/watch?v=LsOxfyziHzA
LAd7j7UK5hkdsVulAr9Ar,https://www.youtube.com/watch?v=V7kHrPpspQc
rzGd_dpLvezPjNNkqoEzr,https://www.youtube.com/watch?v=dKH-OrLXx_0
8q94mISEwa3k6DY0S8Cz5,https://www.youtube.com/watch?v=SfSkgbMQDiQ
iT6Hj7AveAs1c3kSd8dvM,https://www.youtube.com/watch?v=no6BMrF5uMo
C21bmbHnY_741bKpRAtCW,https://www.youtube.com/watch?v=TOTVaMZJnLc
gW8FrhUISI_JGHIsattjB,https://www.youtube.com/watch?v=gWCsfVVDCoY
Y3pRZ3b4TJ4-qnT69jy3E,https://www.youtube.com/watch?v=Dv9GMpiFXaw
Zf0DG82QLg0u4h6c3AF7-,https://www.youtube.com/watch?v=YTqIXstKTUA
8q_I-MvmbHNG0VMvfvbID,https://www.youtube.com/watch?v=dTe7GAg_C4w
Sp5S5TFDPMOx_NAyCH24M,https://www.youtube.com/watch?v=cCECVoQFhQk
hzFgludHVFzT9bpFGOVBj,https://www.youtube.com/watch?v=enzcY0_jOK8
POMcgm3yGrKgp7uiDh2lK,https://www.youtube.com/watch?v=wRxKhffHVNI
E34-vh6SZQ8_xhNOyI6Gr,https://www.youtube.com/watch?v=FVyBEsi_5bg
vXLTdRfDq1vBSOYELR5Gy,https://www.youtube.com/watch?v=ZOoGGK8Tabk
6Wr-rKhaAkHZo3ZCl0C6n,https://www.youtube.com/watch?v=0iobxyAyJBk
VKBKmr6vFL_isnM97uQHw,https://www.youtube.com/watch?v=ZErGPP-9C5E
i2BluVFOdo6iHCQXUrp7n,https://www.youtube.com/watch?v=gbHY0fQ9FtA
nr0ouz-9hBMtNQXTZqBfK,https://www.youtube.com/watch?v=MAyXaN_NzrU
aex7te7HcAewDpQFTtAUa,https://www.youtube.com/watch?v=qBw0A0NlKxQ
R3rDU6aVKR921_SnXizKx,https://www.youtube.com/watch?v=8PtFGXIyeYM
HxiHtxiaaF-WDCRryt28l,https://www.youtube.com/watch?v=pviTkFpbsSE
u2sCKmfC1lyf8Wl0blD29,https://www.youtube.com/watch?v=dhRS0lMNeTk
UBPG8aYN0OjbsN6J3sf21,https://www.youtube.com/watch?v=YfV4aM2palI
Gfk0TcDvujLAcOz8TLv_6,https://www.youtube.com/watch?v=2H2T7y4KxDM
elhX2qeZHkjhJTEE2UytK,https://www.youtube.com/watch?v=gho5Eq_6guU
eSJUY35QycMBwD6wacKng,https://www.youtube.com/watch?v=LO4ZpdII2tA
NA8JMMF70REiBjMQw_SpJ,https://www.youtube.com/watch?v=v1WC364N9Oo
2hh5__PYB4qquomIZR12B,https://www.youtube.com/watch?v=GlrVZbUkF4U
myV9qv-6SiIGT57qs9ywj,https://www.youtube.com/watch?v=6m9PMizmYP4
UHDVXTjhqlcxjhinW7l5U,https://www.youtube.com/watch?v=qcMD-a5i4b8
77cWE-3cYmuP8NlnydwMK,https://www.youtube.com/watch?v=FA9IUGQV8tk
VUulF4GI66VVhUpo6Cp2Z,https://www.youtube.com/watch?v=iV6gqECgB30
g1c7CrpiNz0xurIWkMSdo,https://www.youtube.com/watch?v=kmg9mZaUDws
tThKtVRvwgRpBin-AJ-C0,https://www.youtube.com/watch?v=rmsUmNngocg
c6cHEGCTAU18JRARGe15y,https://www.youtube.com/watch?v=vYtMLGdlM-s
gctOTie27w0Rz4_HPAKHD,https://www.youtube.com/watch?v=HhwTNeOv2Jg
w4LmFmledKm51qWJnjCXe,https://www.youtube.com/watch?v=FQT32wXhFNo
6qlkGz7QOF6bk8dXy-fFw,https://www.youtube.com/watch?v=sgXTl8bldHA
otdeKHtonkG-NMDkJMUyG,https://www.youtube.com/watch?v=lXP9XvjffCg
QyPiheCi5em1C6J24i8QT,https://www.youtube.com/watch?v=8ukb_X3XYXQ
7rYJMS8KfyYOhC9Sttvbe,https://www.youtube.com/watch?v=PraxtHy7T98
ryRS570UmFTsw1wd_hE6K,https://www.youtube.com/watch?v=SCGNiwsm29w
7zbZw_vyUgkbql-9D1iLg,https://www.youtube.com/watch?v=0czvqwHePgQ
jRWbKBjMWt5U9FEYNlkBk,https://www.youtube.com/watch?v=kWd_M2625QI
G-zdfaHWZdXG-RiWqFe3C,https://www.youtube.com/watch?v=FQPtiFSqYs4
X2da4vyNI6GlK17tdJInQ,https://www.youtube.com/watch?v=onhhVUum4-M
7h-CEaRBcIfzQXnEnhdiA,https://www.youtube.com/watch?v=EitX0gShuVs
CTdA9SnxNbx024Q9BWh2D,https://www.youtube.com/watch?v=3oyTXKaOuqw
HvbuC-hCuOSy0yKcE3Jaj,https://www.youtube.com/watch?v=C1KfbK1802Q
AkOToy565vTSmhw-L9JF0,https://www.youtube.com/watch?v=qRSS4RkwdiY
DDA-8ulix15VezLvrMJ-A,https://www.youtube.com/watch?v=xhzxkt5kySo
uUpqrvhuCVfEHabHkpdEF,https://www.youtube.com/watch?v=Mobre7BWrBM
HRNlDYqgR8wDesJd6Q13n,https://www.youtube.com/watch?v=HNtEtIIVTvM
d8JHGtx9kRijBOTuyk5nB,https://www.youtube.com/watch?v=YhRHQK9dask
uL4E-hI85U_V29gQHA8Tc,https://www.youtube.com/watch?v=aAcAuAm5Ym8
_SseD2SMrOne6OfdhYLUo,https://www.youtube.com/watch?v=P_xusH1vwJ0
6hMPNd6UNbwwWVRFWNKn3,https://www.youtube.com/watch?v=9nQ2yy6WJ3k
eHZkdYLeHcqvxCxq5UtVM,https://www.youtube.com/watch?v=LLfzsejK67E
NSfvHI4ZXd4b8BY1MVrri,https://www.youtube.com/watch?v=6F52wvr9Bdk
iod-HyxyUSQUfVQhCAmE6,https://www.youtube.com/watch?v=AfZcS_jkddo
AOgfxSk2tilZQQz0a4we1,https://www.youtube.com/watch?v=OIbA0GWCF20
n6mGujTpzEhy-PBO7ZHpM,https://www.youtube.com/watch?v=rbKhcBBwAR8
rQkzWjti8a8wll3WuPG22,https://www.youtube.com/watch?v=x1_1_FNa36k
u87rBxVHEhTF2KkODe7_O,https://www.youtube.com/watch?v=zPkQMI2WRbw
L3MrJst9NQlCrzrq29_wY,https://www.youtube.com/watch?v=cnFr995_0pY
NDAwHbI0Nc05IFRRBMo08,https://www.youtube.com/watch?v=jb2Qym2awJQ
ELc3EtKlfmyjO0X2BXR3_,https://www.youtube.com/watch?v=OovnpO-g_Fw
-ADtmnkdcL3k0UePH6Yx5,https://www.youtube.com/watch?v=P4BDMnOO3zc
vA851wmMaz9BgM3K_igUg,https://www.youtube.com/watch?v=19Vd8IKTOS8
XoK0Dglf3_XCbWTin35x0,https://www.youtube.com/watch?v=Es7tV7NWqFQ
xWpLUdMOQ6uGrLEyWFlOj,https://www.youtube.com/watch?v=M5MpvhLMReg
CI7q0vrFOXEPn7QSrupAC,https://www.youtube.com/watch?v=eVjJIFfMiNk
n6dkpj7R8ieuG9UbBYg2L,https://www.youtube.com/watch?v=5pUnMar7KEw
0djXEf1rW_wxDvmzawt-d,https://www.youtube.com/watch?v=ylXp6L_j-yc
CJoY8D0cYAv6fPc5YxHUO,https://www.youtube.com/watch?v=YE4U9NBa28o
Nt6f9AtZFZwqrwsMBM-0v,https://www.youtube.com/watch?v=E2S6eKyTpaY
CoAzAGea4cdWaF8WsbYh5,https://www.youtube.com/watch?v=0GIN3jfoAjI
nG64LrLDgLfj2B_IfkOrQ,https://www.youtube.com/watch?v=eyhPNEo2TUg
1ZKmYg-FAv2Fr25pfKFnD,https://www.youtube.com/watch?v=F3MI7lAbXJU
Ugfpq1DupaKBo6QQHeh7w,https://www.youtube.com/watch?v=Nfh8cqnP2wY
O1uE4a4njWG325X2MRMpm,https://www.youtube.com/watch?v=b_xQiQ2h3dk
RYOBinpP5_aQh3bTx7Dwd,https://www.youtube.com/watch?v=wi7eSSA4eII
iHUQl0l-wykjFD2BJtBjF,https://www.youtube.com/watch?v=LD9400M1buM
Fh3kBPeI63XMeNyk_csqU,https://www.youtube.com/watch?v=5BP4NZYj-Yk
KOcUDdYxfdLex572wWMeq,https://www.youtube.com/watch?v=G4pVipMs-gc
m1UT3wDGioOie-njlfFnb,https://www.youtube.com/watch?v=2FcNXDS4PRA
EUwv7mjLC8Dzw8QA95Cu_,https://www.youtube.com/watch?v=T402cH2e69w
f6mAWUMCge7pba673YS3N,https://www.youtube.com/watch?v=Zev9nMPVauc
bYm9hvt9koCyCyyY_fs1N,https://www.youtube.com/watch?v=fexM6J3gOFk
c8XGuV0dHPDR7tfbP79vr,https://www.youtube.com/watch?v=8Uq6f8q6BHU
YV1UZv5ZWBAXNPdrPotKE,https://www.youtube.com/watch?v=NVsypEOniQI
GN4O6U7zb0T7hhSq1nbIH,https://www.youtube.com/watch?v=H_ISA6VnB40
9G54NM4XeXqHPkVCuYO5E,https://www.youtube.com/watch?v=UH6M8NNMMVo
lU9NwlHNK2w2dJjlk2Aw1,https://www.youtube.com/watch?v=5XyUcBR3-2I
T5Ffa-vOHwIFK6AF5nEnY,https://www.youtube.com/watch?v=1MEkzWiaLig
OHHsrxSY2HDfACRe_u9wz,https://www.youtube.com/watch?v=V7CPuKh3GTc
pO4SDy9w9MaNb9zIHNttE,https://www.youtube.com/watch?v=PnQLqAWD8oo
AoB0yU3h6Zb1qDKW5bQeA,https://www.youtube.com/watch?v=UH_j093TVAw
xuXdRmkfvtG5Xynptftf3,https://www.youtube.com/watch?v=vxMAYwFPx4M
qWl4KaRcr3BjEVfZuNI9M,https://www.youtube.com/watch?v=OzwLNPPtiwU
mq9rzNuP5i6lpMILqQwhe,https://www.youtube.com/watch?v=6uWUtE0qUjU
aThha4DQnJzKq9yoN_NmU,https://www.youtube.com/watch?v=TNaOrhTQmfI
wVh37PCCESaWY6r96a9Th,https://www.youtube.com/watch?v=zKHQdEGAP-U
ONinUz9Y8AlSseqB-qDQd,https://www.youtube.com/watch?v=oNAUJEPZfpU
6Wthwa-KNFZ5GjwIdQb4T,https://www.youtube.com/watch?v=Hwd66mwMOvE
htu_aKVPMbOAYr4Wx1wWx,https://www.youtube.com/watch?v=y0jAQNcfCsg
UbttmjUD651qmcYYFnSkg,https://www.youtube.com/watch?v=KT-uq4mLHlg
n5h-k1D_5cUuYG18xGGNT,https://www.youtube.com/watch?v=OhMfEDx39aI
2tnb4jaMG2C5ZjqVU9AlT,https://www.youtube.com/watch?v=5xqtGP3pgwE
CcfoxyyAGz4e9UBuB3lNm,https://www.youtube.com/watch?v=LNojkmzgLfo
DpWycQJXyIcbTXIngzqyD,https://www.youtube.com/watch?v=_ZOonqG3HnE
cCEH21W6mcKXTI-SN9ur_,https://www.youtube.com/watch?v=xIpS7nlvUyM
Fo2fbKQQFi6K_srf7Hc32,https://www.youtube.com/watch?v=HWHl5vVabgY
7ydMG_0QzaiTBXyK6tdca,https://www.youtube.com/watch?v=leUjy1ywQOI
Cy5JnTZL20hEahQhdzSMh,https://www.youtube.com/watch?v=0tM4Sy4Fyw8
zwLQwCILzuNqj7MuDNk29,https://www.youtube.com/watch?v=p6WRG-yHru0
MDVYebCLZTd6g87o4GyX4,https://www.youtube.com/watch?v=PEJstIMkTmk
LCOhe4_GjNr5hbPAlFMrG,https://www.youtube.com/watch?v=2cIQ0TZFDlM
5RvzmJl_uFyCNEfGtYGFz,https://www.youtube.com/watch?v=-n_EEhNbFeg
ALJL99n-TZrw9beftL1Yt,https://www.youtube.com/watch?v=58cFcNvfAzw
wTQoiz2P-SHccemQv28XX,https://www.youtube.com/watch?v=jmlMxoBTmeA
oCgvOnlPptlX2g2bqftKx,https://www.youtube.com/watch?v=aaCvZVXZelQ
kj6FPnhXydYtb72Fmgcjn,https://www.youtube.com/watch?v=klQ4XqGNxvU
s_aSqU-X4Xnz5xVTXc0HZ,https://www.youtube.com/watch?v=VTqfggcG3ZY
Jp7xTyZLGvDX6wvmAMY3P,https://www.youtube.com/watch?v=z7LLV1ukX_I
7sePnLqffpSXJ-xP7QTbt,https://www.youtube.com/watch?v=UJNTMx6IQFc
auYZ7Z7C3OrMvW531116j,https://www.youtube.com/watch?v=IP3wpJE7vXo
zf1ra8ZUMGXBwN7dCGQJZ,https://www.youtube.com/watch?v=zhJmC1yJtDY
YG1-3DmM2MOfRBJF9WpeK,https://www.youtube.com/watch?v=MN8c4hXN7OE
VJ9QU23fZuTDuye-sFL1D,https://www.youtube.com/watch?v=TXZJttsGgiw
Zy_NJgqeuFjK0rOnfyQkE,https://www.youtube.com/watch?v=ndfTyTOnaHg
iWvrTYv3FfrcqrilHmsBq,https://www.youtube.com/watch?v=X3xHLNlQGzo
08KrGMeJux2lZqjRP5bSk,https://www.youtube.com/watch?v=nl6GpisvpfQ
MxzmLszaFZG2QX0B9xc6U,https://www.youtube.com/watch?v=rXdOAtxLcpg
2c6VBekDATzJvERILV1nM,https://www.youtube.com/watch?v=qTzpA7nDlcU
A5eVfCBvxt2QKj58Qeumw,https://www.youtube.com/watch?v=5SAT6feaJ7A
dtVqz1sAtWqYIyeCj3SaJ,https://www.youtube.com/watch?v=l2ojqCR3bnU
19OFNc8ZkbBZQhu3N32Iq,https://www.youtube.com/watch?v=o_t9NO6_HIs
BMzw8Nut6KX3gMknQw78g,https://www.youtube.com/watch?v=WJxCIxGvsQ8
877l_SPPk0d7A0SlJ-nKO,https://www.youtube.com/watch?v=Xvvgw-uIWEE
cTBZ8rMnvukA0pddmdLJI,https://www.youtube.com/watch?v=stNs572xmbc
K2gRvHlALI-RSuf9wxDWy,https://www.youtube.com/watch?v=qwVgKVOjRks
cPlNmem8yTDJy3RKiGBQm,https://www.youtube.com/watch?v=77oGIz6gj6s
Zl03LDDTJ9ZFdKbCBfc3l,https://www.youtube.com/watch?v=mii57ptiBGE
NkRBCRMPrl0zLKXzeTgpe,https://www.youtube.com/watch?v=icXUnnZibFA
JQONr5hrrPHFujbrygx29,https://www.youtube.com/watch?v=iiH4hnJAF2E
8pY5pDiggSWTvVAW9QlhF,https://www.youtube.com/watch?v=cR5yu1sxMKU
rMutIl_nPIsBMxddrcaEe,https://www.youtube.com/watch?v=05xwQRGmQUY
zxbWYEaGIgVUQiPi1iCxB,https://www.youtube.com/watch?v=rCEce02Mn3U
qVHV-BL9uhPApCAdWNfks,https://www.youtube.com/watch?v=qYJHFdY0Nik
jgxGu4eD6dIGpwVSg00t0,https://www.youtube.com/watch?v=GP7VCHEbTmM
KvdtkQVKgDs7xAYligDXg,https://www.youtube.com/watch?v=e_iZ72C99IA
rMcO-fT1l-JeUv47hbJau,https://www.youtube.com/watch?v=Lgj2gwZ1HcM
EJlyigYddHaz_jJrZHAQ7,https://www.youtube.com/watch?v=XwOnW7dAFI0
RifC5RAjCLs--JwmwClnT,https://www.youtube.com/watch?v=OqCNJLg3JFI
8PM3vxvhXSdiy1SSNJ5vA,https://www.youtube.com/watch?v=uQZijiRW9dU
1xXmKEQuzwfh0a9eSjSO5,https://www.youtube.com/watch?v=nN1I3AfTFt4
XjffEvNoLu2kK52Qe1zMo,https://www.youtube.com/watch?v=bm_8jcOfOSI
nqs1icqz2JzGdfx6kulb7,https://www.youtube.com/watch?v=HSq4oFgaEr8
uD25pylBOrw4eNyP6li-7,https://www.youtube.com/watch?v=LvTXIpDghPg
kl6zFfm8gTuuCBHrJu2JG,https://www.youtube.com/watch?v=zxffGzsF3ts
tjaovukV8sdLZuslhyOlk,https://www.youtube.com/watch?v=ez_En3DbvUg
MrkJz8CuZqz0OyI_8Lw_Z,https://www.youtube.com/watch?v=NIaXKFOE3R4
uLyD4WgAIaHM9UtTFhGl-,https://www.youtube.com/watch?v=Cjh16d8-b-Y
zsgAhrVkJ3eOZC4AnsihS,https://www.youtube.com/watch?v=0-fBM04q378
T922WHgKG1qn_9sZcJIQL,https://www.youtube.com/watch?v=Z6mYOU18uuo
X9puuoSxhVF4f2C4IPPFN,https://www.youtube.com/watch?v=CrEKaNUuoNA
54Cc2X55Rn3AbH7E3SlZs,https://www.youtube.com/watch?v=Hegzvy2mTJM
2v6Bx6vrTrZrreA9mzacd,https://www.youtube.com/watch?v=hJJ_EeGfLNk
WEUQ19K23dn5b8Rlyuyko,https://www.youtube.com/watch?v=xCLTv029I-Y
fTzOW5FZ_e3wKmhvFMb0l,https://www.youtube.com/watch?v=eoj32Z6wyqs
bkVpQ0V7D61x__IHrliUb,https://www.youtube.com/watch?v=rnw3EX3tpYU
EmYzNK0nTfOX29G0V04g5,https://www.youtube.com/watch?v=dFhD3bVh29k
fEfaAmeH6XVybDUP96aTm,https://www.youtube.com/watch?v=Lqv0cB6Gv1M
betYGl81i9HWbedteSdPF,https://www.youtube.com/watch?v=xIWImM8nxQY
6secwDqyi8lXgzObcTZ_f,https://www.youtube.com/watch?v=zW3QnUgJ3Y0
6Mq8w3XIFkwDsFzQJnRO-,https://www.youtube.com/watch?v=i1qYUV9HAvw
IN87R7H_hSpihrMZw6Hxg,https://www.youtube.com/watch?v=Upmpx0oR14o
Y1uhBojugEGefIzHiBiKR,https://www.youtube.com/watch?v=UJlGhlfgYMA
Nkn_LHfT9w5p4o4Ckm12c,https://www.youtube.com/watch?v=pCZtot4jStw
UPrpVOvJo7e-y3PrB72XI,https://www.youtube.com/watch?v=KyanndJo9e4
ZWJWucRN4jjbuV4iA90u9,https://www.youtube.com/watch?v=CG91JTm8RQM
xIuzUS-GeMWSITCslNgkf,https://www.youtube.com/watch?v=9p2C9_7UWRE
kXrpbQXt-bZ1Qnett7i7l,https://www.youtube.com/watch?v=E7vFYiQkNsA
cL4maEELPbZoT4wCYf8YS,https://www.youtube.com/watch?v=7roICP27QrU
FUjOaOqk3Q3hV424my6lC,https://www.youtube.com/watch?v=DiJADLVjmJM
Ht3quhaVxqUKlPtcmv8_j,https://www.youtube.com/watch?v=KE-FKxCw7eI
Z-Gmp5sRv8PjEHGTMBAUE,https://www.youtube.com/watch?v=vNt-whgirXs
6qvp9ilvZkYV2rl14ABp1,https://www.youtube.com/watch?v=2QbE3BVK91I
BP60-HS2N0Wi-xN-MmiFQ,https://www.youtube.com/watch?v=wcL3MW9uhN4
F7oKMAvRZjYC-wa-gfFLa,https://www.youtube.com/watch?v=ZTnZ4KwyWvo
E2PXLBhW6SdHLVdnQW6CI,https://www.youtube.com/watch?v=5mQkP9C38TU
zyutflS7ux-Qi9eh_c_QZ,https://www.youtube.com/watch?v=E6XCg1ZnWFs
Xd_PZfSUmFxyhsfjGxI8H,https://www.youtube.com/watch?v=0M63f_62fXc
A-LSbZHFSIfJ_1d-k2CbI,https://www.youtube.com/watch?v=41k68rxTLJ0
5J0mkGwmkYcDYcDL34Bsu,https://www.youtube.com/watch?v=8C3ye8YHtzA
XVLKc1u0rjvYQ5endb-f5,https://www.youtube.com/watch?v=T18xU6ZSDO4
Qkik27sktuoJvQhv0MIqc,https://www.youtube.com/watch?v=prtV-_oBeNs
VcbvLUyy8l-Ycz62YbgbM,https://www.youtube.com/watch?v=FIwZVVxiick
YKIIZWOQG_RaYcX_P69ih,https://www.youtube.com/watch?v=oGzZ3VT4Emw
gAUvxN9ShQ4yFhApfruW6,https://www.youtube.com/watch?v=ZrIlFp4vBfA
wALIe_vAHiRETnfm8ovBz,https://www.youtube.com/watch?v=QR6kIL07G1s
9vViOBSrbwd0E3iwXlrsV,https://www.youtube.com/watch?v=JDy1hskfD5g
KS4-roU5qcOYwjr_PpCvO,https://www.youtube.com/watch?v=CtOweyQf1L8
SfzaPjB3K6AawHMxhBExz,https://www.youtube.com/watch?v=NLI244hb6hA
WF-jlP7fp76XDVUQb1nem,https://www.youtube.com/watch?v=hfOg_qaUags
HCpKJRRyMQftzngF25c-C,https://www.youtube.com/watch?v=2bWd8O0vwRw
3kK7T-HPAybelvR7guTU7,https://www.youtube.com/watch?v=Y2d8VJiixuA
YwN-PDUK0Zosi1N-cI1_Q,https://www.youtube.com/watch?v=gDkHFWXXj9M
dUbBGmPBrCGlbR1Fcx2aY,https://www.youtube.com/watch?v=7lwL9FJvWX0
o8RKx1KsAfd790GyA0WbV,https://www.youtube.com/watch?v=0ungvdXJVaw
Iitx64smA3j-W0jbScJSq,https://www.youtube.com/watch?v=zVKAew40Bt4
iCA7431WXVD5_HBCtsMoA,https://www.youtube.com/watch?v=vfZOz38vETE
6Uvy3766cD7kL_vP2-zMl,https://www.youtube.com/watch?v=iW8qIEHhvuk
0uj7miMD1wh4TJvipglsZ,https://www.youtube.com/watch?v=2QasiKwAZAg
FAiqSxz0clYkLp8YrTjPJ,https://www.youtube.com/watch?v=PWL1otrO_ls
mqQIMuQYrxvqYZaLJ2HWr,https://www.youtube.com/watch?v=O1T7lexRw_k
KOgNGRPRO96wcbu4kMX86,https://www.youtube.com/watch?v=0Nx-EOFf0ic
f1-erCJYm9CqcuIpmGWLj,https://www.youtube.com/watch?v=46vP_oopIf0
ZQDFl-JoLuoby69KnW5Rq,https://www.youtube.com/watch?v=dtBJOzOqIVI
ToG4StSeygJwNvumoocbf,https://www.youtube.com/watch?v=2-ehcDzQpJ8
nNvjrEYUIyoOUkAhd_fSU,https://www.youtube.com/watch?v=K_5OAwj_SUw
1y-JoPQcfZ14I5tePKzjA,https://www.youtube.com/watch?v=I55Lgm7i2Qw
hgVyJiJbILgR9N8tzBqw7,https://www.youtube.com/watch?v=9egSFQOm5T4
v5ywfgwmoUsO_yJxu3cpP,https://www.youtube.com/watch?v=4lTdnRLr6v8
o6VRvPaZ5wKwZkGuz4K3S,https://www.youtube.com/watch?v=ewHSgKEsYDM
hCY_UrHzjJymUEp6UWy02,https://www.youtube.com/watch?v=f_LGVFk1vRk
_SJC-n0iej434IM90rUMN,https://www.youtube.com/watch?v=_dlRdeoTgRk
Wp-C_spUBPIqurv31vP0N,https://www.youtube.com/watch?v=wUrjj2gNuJM
_Nm9KgQ-U2XA_4mvCFApL,https://www.youtube.com/watch?v=8bcplso0fx8
5EUtrKiEcwRiIE_NO-Zh9,https://www.youtube.com/watch?v=1b69LHz19zI
pOWlbLlCwT4PHbq3mTQKj,https://www.youtube.com/watch?v=gvz0IGAasS8
9NxbpsRz_i2UrlLknT8Jo,https://www.youtube.com/watch?v=QivwN5ztj94
OCVqQ59cgWT10re-iKFeL,https://www.youtube.com/watch?v=1qB3SsC4zU0
co5ZuKElcStctiTyLWzOt,https://www.youtube.com/watch?v=DiyaMwmJqwg
VHtLj3Dhaao4SiQjuHM5a,https://www.youtube.com/watch?v=MicUxlZSwJ0
7Nyv15QduoA2SH01dJalo,https://www.youtube.com/watch?v=zXiJhtNXf9A
JVl2YXQZ-8D3CKJA1JRvk,https://www.youtube.com/watch?v=XgfFqxSGCaw
u9DLgpX9_Sso47CXwc4rB,https://www.youtube.com/watch?v=icNiHg6zALk
BsPE79m96gulJYM-aIbYV,https://www.youtube.com/watch?v=QZd8Z8TV6S0
8rExKhfaN09xm1B_2jQSu,https://www.youtube.com/watch?v=0c-ECpC4C0s
kJHIVsJLiEh2Hu5BVpB5Q,https://www.youtube.com/watch?v=az6i-Yg2_Qk
yA8gi9f6mNW89nGN4Z59Z,https://www.youtube.com/watch?v=HccDK1_P5tE
sTvVMCQ-mISUQbyZRSnBb,https://www.youtube.com/watch?v=03j3BF5rRjQ
8T73LGiqd5e1doPK3XqCG,https://www.youtube.com/watch?v=qlVr2wKFVNU
8vOTzWSkO9hLy1-XYf5bM,https://www.youtube.com/watch?v=RW7H2wkjuqc
wCB7_DZ4DAnCO9J318gIT,https://www.youtube.com/watch?v=8ZeIVdtx0Yc
1e8_8bi0mqjN66YTKC7Qd,https://www.youtube.com/watch?v=hAdyypN3rK0
dJunROyvVtxTnMBUozrAs,https://www.youtube.com/watch?v=zjPTWQLCmMY
eWzTgVqZCcJQHx3UoPfwW,https://www.youtube.com/watch?v=VyNZ09tZjLA
6Aaz8AYQLYPsP3JqMFIJr,https://www.youtube.com/watch?v=s8gZIcNYc2c
mh3sQdnwj95srl6D6eP8r,https://www.youtube.com/watch?v=W6l_1GUBS2M
EtpNba_jii74G_agFQiiD,https://www.youtube.com/watch?v=ASvIhaVav-M
G9O_vlH_pl7vRtIo6JseK,https://www.youtube.com/watch?v=op-Bpy541RA
5sFQ8JABxsPRa3Gxhy-EL,https://www.youtube.com/watch?v=-xe0Wn4xofU
7HVdk1sNvlpukC3eABcgS,https://www.youtube.com/watch?v=4gGeoYF4elU
Ii_XJc3lzSpb3GkF9LE21,https://www.youtube.com/watch?v=236Eid7344c
IXHFByl2o-NqVmCdj9AIQ,https://www.youtube.com/watch?v=pBTLuLkalyY
duZPTJ_-4cwOWoC5gZ1vx,https://www.youtube.com/watch?v=q0uC8JKvIgU
GSwe2_Y0AtjSz50lQw6vU,https://www.youtube.com/watch?v=ZMsj0YZZxfA
JsBP4f3V02L1FfaoGYGEy,https://www.youtube.com/watch?v=x9TmRIN_1J0
6yvg7LTGzNkkGlnrs5Fo8,https://www.youtube.com/watch?v=fl9hwT2Mjuo
zX6IeEtRx2woAUkX9NNW6,https://www.youtube.com/watch?v=TYUL-k8UMg4
CPFOYslIjpVSf_YAMdnNt,https://www.youtube.com/watch?v=gJIk65ZVqak
upd2wiI3XMP6nOpvZZUME,https://www.youtube.com/watch?v=KXIGXgePPDQ
0kLtZNB1Jbax1BkVXriuB,https://www.youtube.com/watch?v=LkjBky5djFc
XaML4qJkjnXkeYI4kh6pU,https://www.youtube.com/watch?v=9I_zzxhELaE
PTFwry1x5MtG4TucpkDRr,https://www.youtube.com/watch?v=ZToqmMZjfOA
PJrV6vqb8fXh-2tfU5d6b,https://www.youtube.com/watch?v=JaqBvh3q--w
LvNomiEgKcksO123Pe3eW,https://www.youtube.com/watch?v=jWu8CkYPdo0
hFVg3_75JVbhIxfVIVJca,https://www.youtube.com/watch?v=cy-oG49424w
hgRZeZpg-DleBOXB_CWO1,https://www.youtube.com/watch?v=46HDocoDp-U
7ZW06ZYzph-mY9ewPZNbS,https://www.youtube.com/watch?v=7xRXH_3-1OQ
zwpni1It8mFLc1JE13rvP,https://www.youtube.com/watch?v=sffBBRnciOU
M3qyXpxFdQcuEdZStcc7z,https://www.youtube.com/watch?v=az9FrF2B9ns
EPK5GE_cDK-cx17a0LNv5,https://www.youtube.com/watch?v=ywDGARiy5Ho
RCC2tcVo20JB_P3ndWX03,https://www.youtube.com/watch?v=nGHr3eJ4hPI
8q9QDbI2efM9ggVjhFkA9,https://www.youtube.com/watch?v=gkWq0UVkfNw
AOIERnA8cz6qcpeuzIb_N,https://www.youtube.com/watch?v=VeoYGCh2TKY
bNYFN6qFltFL09BNhU2SB,https://www.youtube.com/watch?v=8ILZgJVxIkk
4ZtvxkBL4RYFs_HNOmNan,https://www.youtube.com/watch?v=pJLnPYQowhU
BTV97PR7ZQ9mpqzjaHQrE,https://www.youtube.com/watch?v=iuxi3Nenblk
L3xZ3Q4REwK5_2CZoGF-b,https://www.youtube.com/watch?v=yZKf9pN4Ick
IgPSnB-q_77shZXEWvvB2,https://www.youtube.com/watch?v=q5Xkw8C3VDU
Buck7-_gHrRoMlWu5CXz3,https://www.youtube.com/watch?v=IxWOiu4xr2M
0hXBKhM57x5QFeU4kjhRv,https://www.youtube.com/watch?v=QnANugklxbg
6Y2oJWuz0hTRx3EfSXKfq,https://www.youtube.com/watch?v=1P23zUXWkUM
mOSGO3rRDreFF5-iuSGRd,https://www.youtube.com/watch?v=MBzGDnEJoXw
P6k69_lnl2wUIXwCwQOPw,https://www.youtube.com/watch?v=UIkJrcT-KjQ
171o8LBSinZ4A-JTGnFGD,https://www.youtube.com/watch?v=UW-fsoiblAA
mgGGSCQ-695PduM0RtXsJ,https://www.youtube.com/watch?v=JRMwlgQX7ww
OquBcGPoOs_Srx8v400g_,https://www.youtube.com/watch?v=0yom6Irx_MY
cFYXCGciu0yhfr3BtKJku,https://www.youtube.com/watch?v=ORYLaSy5K2A
V6Ls1UJPOuDwKAVRUMQ-j,https://www.youtube.com/watch?v=_YtXdo7z8w0
F8mru4MLnSUMoL0EgYMfT,https://www.youtube.com/watch?v=eZELsN8m6m4
E_xkz5RlWDZOmeqzsD2NQ,https://www.youtube.com/watch?v=dAk1068CsMY
bT6vHFIpc4iq1TkggAUZY,https://www.youtube.com/watch?v=XamFoxS8qhw
2BEmp90oSg5fr9ynzr9u0,https://www.youtube.com/watch?v=2P0dRTtSlBo
MshVJNN2kc_KNeI9-Z1qr,https://www.youtube.com/watch?v=l6hcZxdmUfQ
uD98dpfnthanUlmqGli2x,https://www.youtube.com/watch?v=3pE_XnBXto0
JYMJ-3D5VSGcDc460HQqn,https://www.youtube.com/watch?v=vz2mNMXj8ug
INtrwtt1dp2cY-w4eKlwm,https://www.youtube.com/watch?v=Rjek0lnrqo4
LM7pCRkaDqmwf-TdRTllt,https://www.youtube.com/watch?v=lJnwRNj3gXY
Tms01UpQ5D40ZM3JvGBb4,https://www.youtube.com/watch?v=1J-Rm6Rarfc
29tqVyDOBJXLw81bE-TCa,https://www.youtube.com/watch?v=ArWWzCuVNh4
_7V2P2bM6is3RzF2LuGAa,https://www.youtube.com/watch?v=jYQUYL5ksWU
63oE3aH3hbDtrXU23koir,https://www.youtube.com/watch?v=K0ZWb87Iuts
ZkDsVIV6d-x8wZa40TJVd,https://www.youtube.com/watch?v=O2Qrr6LxJnk
xUXf92JEUkE0NgeMD7tRt,https://www.youtube.com/watch?v=VjceZW0NH3s
G779afOHmQDnQNpcQqYRn,https://www.youtube.com/watch?v=Vtu6Ttek_N8
RYh5TnofgLMXfoz2A8fzG,https://www.youtube.com/watch?v=X443rnmgWYY
8tIe-YcfDYuvqHmm5lwuc,https://www.youtube.com/watch?v=_df2TAmHV08
LNMuU77zGdrwV9TSBBC2V,https://www.youtube.com/watch?v=gY2Sld9q4Ag
iCfGdPRsYY1I5cEildfBA,https://www.youtube.com/watch?v=k0X-RM-bMrk
H3b2JxmbJ_NR6KuQrgag1,https://www.youtube.com/watch?v=wT0AqHfEg9E
Bzrr5dVOSFgKRlgZVB4_Q,https://www.youtube.com/watch?v=JMzPxx-UEJ0
PHU7VsbLPXY57NAZ7DSBL,https://www.youtube.com/watch?v=NtaqccK5BHs
u94bOESpaRz91Zvqu5mup,https://www.youtube.com/watch?v=VDq3lIjatgE
AzOrVX0qwp7eZqGRqmVO8,https://www.youtube.com/watch?v=aQHnJ_0vxhc
rjP7DeoW2GXIcn4YWNEk1,https://www.youtube.com/watch?v=bGEk8jwZwRo
as6l76xFOsn-p1kqP3MvG,https://www.youtube.com/watch?v=NygxxFKWTtU
IG-5EwvMhBbJrBzy4ahHC,https://www.youtube.com/watch?v=9aSqxy1xhAA
nkeK8-bHBD2SslWmWY8wr,https://www.youtube.com/watch?v=Kw0r2WJCwOw
OM2Mb6_8-wExIfRJPewe8,https://www.youtube.com/watch?v=iqXlBbU16M4
95ZsTgvt7XQETQXybG6BO,https://www.youtube.com/watch?v=vX86f-A2zf4
lrSCmEK9W-m-BQsVIRivX,https://www.youtube.com/watch?v=ZtMT80dRfeU
fCCDeCYovLgu_4vmeg-DR,https://www.youtube.com/watch?v=YJzrCb-FqwA
oCmuHpviz9EWyF9ALx83T,https://www.youtube.com/watch?v=wV8lFyajtRE
BzeLXAqub6qu29bD26xIz,https://www.youtube.com/watch?v=g4RfkJ2CRic
stzbSzmaVTX8BB9cr-adQ,https://www.youtube.com/watch?v=jx73O4kn_qU
tpi0cHEDaRoo0BzkDclEE,https://www.youtube.com/watch?v=YN5mAveOC3M
NDfIGY0ZG0-iUhK7XZxPE,https://www.youtube.com/watch?v=aN5XxYdnY4c
edpfAkSobs31gTJ1oq5VS,https://www.youtube.com/watch?v=3Aesi3NtTo8
KoIL1XaZO4usEvGlVASfn,https://www.youtube.com/watch?v=V7dvev831Fo
lAKYK50vZxKcGe6ixtUkX,https://www.youtube.com/watch?v=o-75fue5qhg
4OivQp_PoJvEHn6xxW2ot,https://www.youtube.com/watch?v=--M4UL8UxLU
27Ek-HPFRiN5aP0i93Vkz,https://www.youtube.com/watch?v=uesCy6MkTEo
mpRHBP_0OBr2B7wO_aQ1l,https://www.youtube.com/watch?v=gjn7ba_gh8g
UQQYWFUKFwcAUQg2S4PpF,https://www.youtube.com/watch?v=-Uqlv-7z7Uc
6t3cMtYZdBmvbCpMGLjTR,https://www.youtube.com/watch?v=z0OfJOfRxTI
57koJFaIz1Xmg-5Avz1OH,https://www.youtube.com/watch?v=dHRqcBeOc9I
LQQudAlxGmRVPIY_yI8mk,https://www.youtube.com/watch?v=pTUJL8gmsaE
zOYLjsDXPrj3SlI8lcwyo,https://www.youtube.com/watch?v=UvtyhmVQbOo
eZrxKfGB7DxXySmsC7orw,https://www.youtube.com/watch?v=wDJqaNMxZ40
s7ZvI3EEJhN4cleFx2C9H,https://www.youtube.com/watch?v=9WTdRSifZ9k
mS81cnN3hMqqDWZ3iEr8A,https://www.youtube.com/watch?v=SjoSkLLYk1A
vY2xRjPhXW6KYI3B7n1Vd,https://www.youtube.com/watch?v=KopZlt0ON_o
AiOh1Utz_1bkS1OXGzqsn,https://www.youtube.com/watch?v=_Z0BlMXkpmM
GT20jEtU79jl67FH-DJme,https://www.youtube.com/watch?v=RlrtGlZOT1M
jKRkjq3bp41tjP4Dijp1N,https://www.youtube.com/watch?v=yqSTX0-kOHY
zbjZYRv0g1-x5biGwTff4,https://www.youtube.com/watch?v=D8RUgDb13Ho
4-oswIe3zjZvI22GVZEIE,https://www.youtube.com/watch?v=DqX4nsDuFk0
HRUwioHvZWkf1cfAT3BDH,https://www.youtube.com/watch?v=bjrjZcGbltM
3JgsP7RwWsAPQJqNwDhBY,https://www.youtube.com/watch?v=9B49tXD_lVk
XfaUz5z8cywODyYusn8LK,https://www.youtube.com/watch?v=SC6NeN3PdR0
jYgC1wGYk5HQINXVffhnP,https://www.youtube.com/watch?v=XUpnDU9c3oQ
7YLD4juATaKMNRGW3sYk-,https://www.youtube.com/watch?v=WREn82HPocE
nFM4LoxQ8SdnMSoyZRMdH,https://www.youtube.com/watch?v=plC9wdYu_so
R6nX0oc9OzdtavGgvgzKx,https://www.youtube.com/watch?v=iA2V4nbwPWw
5H_2_IAVyqAfiCDjo7QRw,https://www.youtube.com/watch?v=wqhdDARM4wA
XGa7rA2nGJj1BGpOO-CWu,https://www.youtube.com/watch?v=B6kc_6Hy0so
Y8LYGa21kOSey3ZN32vud,https://www.youtube.com/watch?v=Y3BgYPBDVKY
1kQSIakfKvgX9kgiSWdF9,https://www.youtube.com/watch?v=Bynq32XRhBU
O1q4R2kCUScdfiV-nlm5i,https://www.youtube.com/watch?v=RT-g53LvZOg
63qY5uHc1jSS6RZreosJc,https://www.youtube.com/watch?v=jAmpg4vMnLs
nnr4EPQipZR04bud862j0,https://www.youtube.com/watch?v=-zC9TGvM-ow
3bwZftvCyJmI3-OVFDRZF,https://www.youtube.com/watch?v=GV09sS9kRLw
xCeiyNhqpcsG44BvvM41i,https://www.youtube.com/watch?v=gb4RWt2xS7Y
Erhl5izwQ-50a9jpL90CK,https://www.youtube.com/watch?v=ohvwdgobsPQ
AD0O0cauc-UkkOsofWMrx,https://www.youtube.com/watch?v=WJKQE5xBJbU
fBRUcTLMlyUT7etb8Qcwu,https://www.youtube.com/watch?v=yZh9VQuWnSw
j-z8BPD_CZfahuLbdP5qI,https://www.youtube.com/watch?v=OAOvTZaAVo8
ZOUzTJh_2p8itQKTXWyaA,https://www.youtube.com/watch?v=rh5z5BK5Df8
RG5UdNnAyt5PzsrYICI2w,https://www.youtube.com/watch?v=0a4oxZOdpvw
QEuvub53ZXTh3PssRXsim,https://www.youtube.com/watch?v=82b5FxVJW-4
9zuTPcfiPPq5EjW5-RZeu,https://www.youtube.com/watch?v=ILtR7uVcyQM
fGILSn8QSpiIx3s6Zd9sl,https://www.youtube.com/watch?v=YFbgQDsgryU
8nAxYcpcg2KyWm7PQMCIv,https://www.youtube.com/watch?v=wr-6oFmaBvA
cuPRXJ8t_-4OyWvfxwTFM,https://www.youtube.com/watch?v=OnxLzi1cEAU
7jdrD6t4Lu8l8jggDHgm-,https://www.youtube.com/watch?v=KokSptkjOw8
VzY5fwbjnq5gjheDPNGwt,https://www.youtube.com/watch?v=pEmEGVtQPX4
mZ7TDSeewAJyW1dMrllXO,https://www.youtube.com/watch?v=5VDLXYDVAi4
dfuYG9B2JBxzXLodoY3Vi,https://www.youtube.com/watch?v=CACcR6l_nhk
f2BJaJjEFzSuw4eSABdRB,https://www.youtube.com/watch?v=evkcyBzovJw
o8UqnHPzHFGmZu6wflogV,https://www.youtube.com/watch?v=YQ2xmpESNYg
7KkpRviZNR66gnfHTDCq3,https://www.youtube.com/watch?v=B-XMzKEpP40
l7W4yv0ta6E7xTuTFshYo,https://www.youtube.com/watch?v=AGM-KXOy_Y4
5ie4o1mKZB1W8UpEidQU3,https://www.youtube.com/watch?v=FxOjGcR7hTE
RSCIWykY3KDRozV_Aq6_R,https://www.youtube.com/watch?v=DPHJTFjNb0k
eQxDmdaKe2GjAN2kOQdHN,https://www.youtube.com/watch?v=51_yQIaxaoY
f8xEhWLeaRpimxa_hlqJj,https://www.youtube.com/watch?v=-zmXTgCjALg
NZQ1DQP0Au-Ys6_YGg7Qd,https://www.youtube.com/watch?v=tit9HLMO6sA
7ZvMJYL11E3xHOADvr6ba,https://www.youtube.com/watch?v=AsrnTA1VV64
ZDP30Np6yThIIxc0V9iHk,https://www.youtube.com/watch?v=8jEGVPclsE4
pcjam1HLsD4EZCDERcFBB,https://www.youtube.com/watch?v=3X-s3Z35quM
BkoMcl_KsBVgeddOUoG9F,https://www.youtube.com/watch?v=tsflOJRvpr0
RIjoU7CEgBzEKHpi9wzOV,https://www.youtube.com/watch?v=tIATIZowOKs
KOLoEd-lGJxmZczPvL_G-,https://www.youtube.com/watch?v=s3g8Sh1BS0o
QgQyync6tpEVC5GT6JhYm,https://www.youtube.com/watch?v=pIWKfh5epcE
mdBbk-AHgiSwXyRjVy19q,https://www.youtube.com/watch?v=r2XHv9Knhv0
O24U7CpAPuMkr6V43BWgH,https://www.youtube.com/watch?v=ks1PY9sl8zE
aBsF2tJNLp51NfHGP210j,https://www.youtube.com/watch?v=emEPNddpYj0
hKraqFnc-09WrCivAqz4O,https://www.youtube.com/watch?v=rjRBl118E_g
iw_cglxO_JRlWZzZegfmR,https://www.youtube.com/watch?v=RPD56Ic2rRU
8KdI36tR5zZMgkCDJcqg1,https://www.youtube.com/watch?v=BobzacBXToI
rC2hpUH5e5hUyDGu2LRj5,https://www.youtube.com/watch?v=jgxmowT9IJU
balTylGVhZIYI0OZWq8rm,https://www.youtube.com/watch?v=reW_z3OwYV8
0yR7P3vaNLO8Nbv2Nao-m,https://www.youtube.com/watch?v=H7Fe9gWw1Tk
YxS2DxuJIdBT3tv7sAVk8,https://www.youtube.com/watch?v=uYZ0F_G3PY4
7fdyp8rMBADxU5B29g0-8,https://www.youtube.com/watch?v=gpiTn1JhddI
ZBwcPidww41Ikxp74_6ei,https://www.youtube.com/watch?v=Cxi1BSNSOlQ
lxtes1YiKl-Ee4SX6rfW8,https://www.youtube.com/watch?v=bSyrBzwyhTc
uzMYqHXhmKAR2b4iiAswE,https://www.youtube.com/watch?v=RM0qlDKUnVo
O99epbaNPdNA4_qEdLG8M,https://www.youtube.com/watch?v=YvvCOtgASfk
_VIApbt2unOa3zFCyHR3i,https://www.youtube.com/watch?v=YLcybM0XzzM
UjKEGJ-Ffi2X98AB9uIjO,https://www.youtube.com/watch?v=XlkIcJEhKN0
_dHS0GHUf7KYDyEdFWt6D,https://www.youtube.com/watch?v=D8OOMGY_a58
-jRYF-8DKMcm47iwj8z_z,https://www.youtube.com/watch?v=IOuoXT0lsQ4
P6mGzR7R5Oz45JoaBwlRp,https://www.youtube.com/watch?v=PRaEH7qj0L4
y505ElCC3LyAH8inriLNS,https://www.youtube.com/watch?v=kGv3Z6bT8jE
DNL_z1E6KONZHSHPt41il,https://www.youtube.com/watch?v=DKPKX_jE1PM
l882nDAWcQLXyXewmJq19,https://www.youtube.com/watch?v=4i-08grqe60
FGnqO4uFWdBDXM_HE-e-V,https://www.youtube.com/watch?v=LYpwNIepW-M
4x_S3QNkPj0g0VCvpN6c4,https://www.youtube.com/watch?v=D3u_igfoBTU
CFFqx9Aa1qZghYx4nf8-v,https://www.youtube.com/watch?v=bAMa_UAKISY
k7nhItE2C8Qm3674UHRNg,https://www.youtube.com/watch?v=i7zSAaRVgAc
QQTQdJV4dLOfXp4S_ctoo,https://www.youtube.com/watch?v=QENUWtSnzKQ
d_hnOltIdcJA6Wvy6u-GY,https://www.youtube.com/watch?v=mQ3wqp1Mj_U
JbxEVIC3PCUquKkXZbDeT,https://www.youtube.com/watch?v=FwAnT3vnr8s
TnKSN0-7pZoFONllXCgDV,https://www.youtube.com/watch?v=U079_JUu56A
C3AxhGX6KCUdNshScP-KE,https://www.youtube.com/watch?v=uWOhZx4IbQ4
dP3b8QT4hIWFTUEscitmP,https://www.youtube.com/watch?v=mUg2I93ggg8
G7OpnoHIPHpLCsetLg7HH,https://www.youtube.com/watch?v=ZSusrcvnCY0
m9CV2pIwzXAQFv73cIAbU,https://www.youtube.com/watch?v=QvdjlBvqaxg
eBJiMs1Ii5S9C_hizYSey,https://www.youtube.com/watch?v=iGsnRhZ7QX8
1GvmtHwvqbYqONt0zeCmi,https://www.youtube.com/watch?v=MtybHFpk5eA
VL8pT_OUG_zvWAqYKfDqN,https://www.youtube.com/watch?v=vkS63aPDAL0
K3yY-QwS56scVsEP7nTV3,https://www.youtube.com/watch?v=QdyUEKTTgdk
VD4PTVPjl5Ij2juWBqIfE,https://www.youtube.com/watch?v=lf2dqgjRDSU
w_y2Y1K9_Wf-zk8DA0zKj,https://www.youtube.com/watch?v=7Npex0RBybY
JaB1XIJ5dbGklVlFUCP7p,https://www.youtube.com/watch?v=dOj9o8G91Gs
SlNRNvfQ5aEI2Ob6msDds,https://www.youtube.com/watch?v=D-D4YiZtKSw
dH8YYEhBytaiT67dkM5Tb,https://www.youtube.com/watch?v=vCh_d5LzGe8
qehVvS-4zPcsTH2qHy2yQ,https://www.youtube.com/watch?v=tkg6JqQQOpk
yEcCjqKLHCHLpR3Y0CSTR,https://www.youtube.com/watch?v=rHenShCgawU
qK0-1O7Io0ozcp3sH4eoa,https://www.youtube.com/watch?v=i17EQCxIsuQ
vwIe3YcJGEFcDEDSCOyxB,https://www.youtube.com/watch?v=ElYIvLPnSRU
IqcvQTomPHvDR7mSPvEvu,https://www.youtube.com/watch?v=A4IdnGPsLnY
CWNvLRRJ1_G8VN0mz4O81,https://www.youtube.com/watch?v=GlVGwcmQGyw
RGulW_A5Ef5rcFFAnjPLz,https://www.youtube.com/watch?v=29utZiPs2XA
N2932YxomIXT6uh9KSbvi,https://www.youtube.com/watch?v=QAXWvK2-xfY
4sXbPR8PEkvY7P5xG8NeK,https://www.youtube.com/watch?v=C7MZFOD7588
EAUsLhKjAbiDLUPmnALFj,https://www.youtube.com/watch?v=GFUDjtLAvcQ
B2L518MF5F5YpnhwwNY6C,https://www.youtube.com/watch?v=Em6yrMxDkwo
XwHWT58buOwl5g0uEmgz-,https://www.youtube.com/watch?v=npPCUToTlNA
V7BbyLkAe8kXjwsNnaUWM,https://www.youtube.com/watch?v=hZewPQhCrYY
6hhPSRdFdU5RCojr2cIdD,https://www.youtube.com/watch?v=Ydec1Yh8MH4
wAz5a5-JjBJCiEQvnZ9uG,https://www.youtube.com/watch?v=4UqUjgfEIgc
fDJkhTjHKIcJZA6-Hjnig,https://www.youtube.com/watch?v=o0oBQ8aZDhQ
d60EQQU4BCbO3eOjzdGKg,https://www.youtube.com/watch?v=Y0_G6mjBGyk
bnTvEr_dNx1fTx33W-HiK,https://www.youtube.com/watch?v=Lwrfy-oWr7Y
nNmaLE_-cd95wRjsyhpCB,https://www.youtube.com/watch?v=u9Z3YtDcPZE
UcHFsy7AmwGBwhnRfZ3Qc,https://www.youtube.com/watch?v=a2nFhoA9Xic
VxsCiPk0KVvMC6NqDNvpj,https://www.youtube.com/watch?v=uVMveHQYDEE
IA-ZNFzlH6xX-x-HbqvxT,https://www.youtube.com/watch?v=oo1v4bGGuX0
yiovilMYCgS_pT7iWDMHl,https://www.youtube.com/watch?v=5eurNRnYjz4
lFHnvkA0y8ED6o_rVm7I3,https://www.youtube.com/watch?v=NWBzWDAJluM
IcYA3DUYW6eVSe-_JR3a3,https://www.youtube.com/watch?v=bK1bGLp7ePE
fyHofvV2d61JIgrocggkZ,https://www.youtube.com/watch?v=TWLzjSHk608
mQRmq-AR4K5ccHVoYJoLN,https://www.youtube.com/watch?v=pNHQHVyDlVo
RGdV7BtfZB1NPopE6aoPB,https://www.youtube.com/watch?v=7bPEQGjZeM8
MiLa-nJoHr0evUNgs9elF,https://www.youtube.com/watch?v=97zbzul_zG8
TKLxiSv7nIB0tnlpCm925,https://www.youtube.com/watch?v=wqq7rNP2G00
XWlYL82wzGwFGOwhj4mze,https://www.youtube.com/watch?v=VMcC3SwVp2o
U9VoIV5q3MPOvDmuvVSQm,https://www.youtube.com/watch?v=LQltWLi4sak
fNrlam5BJWhQIjW7efH8Z,https://www.youtube.com/watch?v=-uJ4X3cQUzo
15WDXSbAQnmwxO9aDv4yf,https://www.youtube.com/watch?v=Q2bR6g6ASxc
cdPAhxL0ED04XbSZaC-H7,https://www.youtube.com/watch?v=z2Dyq_2VBos
H5YSoAdeMH-R8qZ9LCHil,https://www.youtube.com/watch?v=MmWSoLVvYSM
l5lQhqejXLC4stN1k0gR0,https://www.youtube.com/watch?v=-VskMAAzpmw
aDcUhA3Iz9tQD8WQDiM9S,https://www.youtube.com/watch?v=7rPcj_-nb1U
ei1dxiZpbiSTXwE71PI0W,https://www.youtube.com/watch?v=wpakDZi_15k
YXq9p7qvfltzYNnuW52gR,https://www.youtube.com/watch?v=y132R8cGW-0
NjsKfD3-yiyjlTwcRm_Ah,https://www.youtube.com/watch?v=zvszJLvkNCI
8VCi1reff7QKHjmSiXFS-,https://www.youtube.com/watch?v=sPSddFHfHN0
xUZr_mYXyTwUFJHRuGoYf,https://www.youtube.com/watch?v=a6ae3IwtT5A
7VGwLXrDjQgV3rlDMjs2g,https://www.youtube.com/watch?v=FPedEukSBzs
wKF5pbE3EOFMrK5mfvDyC,https://www.youtube.com/watch?v=epMaYQeYh3Y
jchINCo1NQ7XwKW5X03nX,https://www.youtube.com/watch?v=6NUP0m7gV1I
74crSEmkWaRNHpFClLdcc,https://www.youtube.com/watch?v=6Im6EKmwFV4
QJTnsTi45VXlGWvi2ihJL,https://www.youtube.com/watch?v=Bt3Tg8-vdkE
1dxc8p6uM71dH-d-jvYCH,https://www.youtube.com/watch?v=Z-yViIndo70
8otPSKtfo1nXwcr58x2no,https://www.youtube.com/watch?v=HZslc_xvWzU
7_QIhU-cQ2b4sPH6zEvlB,https://www.youtube.com/watch?v=xNe4vWfmsiM
WSutCGBNhjWtLHhTrnqoL,https://www.youtube.com/watch?v=uFX4myin0Ds
4lDSlJTVqv-C1aXFmN7z9,https://www.youtube.com/watch?v=uH0E5r0KGgY
CdGjxD42RdOQvwmG0NG8O,https://www.youtube.com/watch?v=rLwZBnCmwAE
SxT3iWQBDWengUIZVC-6z,https://www.youtube.com/watch?v=LRKRrySEqJA
27H0L1jGmxPvuedZ43foa,https://www.youtube.com/watch?v=RtAvl-gwI_w
wmpKZoUQ-_-0VLqNXfkFF,https://www.youtube.com/watch?v=VxlT0UDBk4c
zd8rpZH_tWvFx1dgmoaH4,https://www.youtube.com/watch?v=w6GuaMe79_U
4E2Q_NK5h4tMB_0lB4FwD,https://www.youtube.com/watch?v=M-AC9WrEd54
wXRSrOYxnUfr57-YFTjQM,https://www.youtube.com/watch?v=zIGOUUhgTHE
qrSHb2aN032YxldtzCuPK,https://www.youtube.com/watch?v=byX3m19qMEY
P8ERBv9-q9U8YZuS95jfU,https://www.youtube.com/watch?v=Rfh2jFRjJPw
cl-4a55sbApfkdXIgF7lm,https://www.youtube.com/watch?v=p9EVICqH1IM
hnBd_o_Thcgm7GvQmmgGv,https://www.youtube.com/watch?v=YK-xFWljwlQ
0HlpJSX-gLqXk_ssw0uSt,https://www.youtube.com/watch?v=AeDDw8hdgwY
moCT9Hpat_A5mL0FLBA7l,https://www.youtube.com/watch?v=NwApSoIyPtM
LOf9YB2_ENMqwrR1xQhgY,https://www.youtube.com/watch?v=pdsvmq2JNgg
qMofxdgQCKnePU2YqNwm-,https://www.youtube.com/watch?v=AjBrxP9TGA8
Z5Lvya5o9JGy6sURwqh3w,https://www.youtube.com/watch?v=idzdBBf-y8A
AA80Rc9-3tS7sstywE0iW,https://www.youtube.com/watch?v=I4r84YprcKw
_fFF7Oby-l1l51rgDzLwu,https://www.youtube.com/watch?v=g7rCa00izjI
oGZhLDc9q1UGW7hU25u6r,https://www.youtube.com/watch?v=dMnu168xbL0
jIENhdomNVFbimgFVrNm7,https://www.youtube.com/watch?v=tj6e311vBc0
5-DlpuUmav_cOf_URjt-K,https://www.youtube.com/watch?v=_tTdAEnUA-E
4HeYVflEx_J9dn49BKtOR,https://www.youtube.com/watch?v=tOhvDD9NLHA
VRGQ4y_ngFN3RwCA0m5Gd,https://www.youtube.com/watch?v=2BQdwprb4N0
P9EKSaQeSnA2ivu1RSOMA,https://www.youtube.com/watch?v=3yGvTiniCrw
ZExiT5CFYZrejsadRSuP9,https://www.youtube.com/watch?v=S89HuTYjA-k
hj6i4NFbqUPdVBHXurRNe,https://www.youtube.com/watch?v=pNrEkUY69Ok
u9ZQy-Hjq85CSDDnMvgms,https://www.youtube.com/watch?v=vMpM9qrJSq4
34Th1narznGePfjeeW7Xd,https://www.youtube.com/watch?v=nGyGxrzeq8A
o1LChR5PTxIannGfeF4Zx,https://www.youtube.com/watch?v=kSaf7PrRL5U
ieF3YSGm1Agei9rC9AHKX,https://www.youtube.com/watch?v=rh_fH5kL0zw
yU_MyXDWw5AlnkakKviMT,https://www.youtube.com/watch?v=mvtXjnjo2ZY
sz4TgoIASWU4L2y_pi_9W,https://www.youtube.com/watch?v=FyLBjA1TVZw
El1zzCsUWpJuOlgnUu_ik,https://www.youtube.com/watch?v=bKXYP5MkVbQ
RcjkCDDXt5sVjRH0pTIOh,https://www.youtube.com/watch?v=82zOVJr1iMo
oW0UtLAo2SmvLw2nG0Ian,https://www.youtube.com/watch?v=arx-1hggJTc
EUQBUZlYrtNPzXEH9rLmO,https://www.youtube.com/watch?v=u6dkaQS4ev0
tvUxpQOR24f5FE-12NtHT,https://www.youtube.com/watch?v=qrvyVlAcaqA
aXtppD1pu0ONn2Reczrga,https://www.youtube.com/watch?v=T822WRJ0ikk
-CYn_MuHrA0a_9rvVx59J,https://www.youtube.com/watch?v=w6T_d66W1Ng
5XdR1Ktcocz-dFxwLl29b,https://www.youtube.com/watch?v=10nX3j39t0A
m7pgunHb3JbLWgnZJz8Gq,https://www.youtube.com/watch?v=m3p-LZhb0qE
eBbYygQkNOG2T9bwwCv-3,https://www.youtube.com/watch?v=QmwuB97cQMM
_8pN9g4RKQIHMXCaM7SiE,https://www.youtube.com/watch?v=jFNmGbIKBGY
w76aZ40i-9RemnS3fitlr,https://www.youtube.com/watch?v=BX48TzD-Emc
BSS7cb_Ku2RxMA9GAzVQp,https://www.youtube.com/watch?v=fuXlHcD4r5M
TXwhYuQkiO-0QxQXR4Qc5,https://www.youtube.com/watch?v=D8pdUB_Sbok
WnhvuiMXCbs4Iob4DymiZ,https://www.youtube.com/watch?v=ctiJMY-lHjg
txp7kZe8OfXLGqlna1cQu,https://www.youtube.com/watch?v=GdU8U8cyFpI
xqLhbYMPFIAGb7btxLzqs,https://www.youtube.com/watch?v=siQ3kXUm3kI
wn7jzWWkvBhvADFfsWqNo,https://www.youtube.com/watch?v=_L7oKRPO3f4
UoJ63zqqh5cnwnFXWns67,https://www.youtube.com/watch?v=SeTxvRiwRFw
Ap624k1MeBXHCy4ojwaAe,https://www.youtube.com/watch?v=MouUj44jn8Q
1UyoNeFHUp2-0XSPHAIDB,https://www.youtube.com/watch?v=X1O-cUYEsPs
HhmP-npMsVVFwVQkPvps2,https://www.youtube.com/watch?v=zyo74anLe0A
BNlGswAIQDPYD9mrTzeGq,https://www.youtube.com/watch?v=Fe0Y4-QBOAc
qOGv2i5F7D8D7_W8iNJpA,https://www.youtube.com/watch?v=BgvltRK-Nkg
kzo2FxdLuYSYwLK9-9cdf,https://www.youtube.com/watch?v=2n_juW0CRFQ
iWZeaTX82efBKIA-KpjQF,https://www.youtube.com/watch?v=7lMJMEYeMjs
hseRelVDGFD96brfY0Hvi,https://www.youtube.com/watch?v=iHaypt3vSy4
ppHq_Hv484IxuqKyFhmtx,https://www.youtube.com/watch?v=6Ah_UsKvt4E
DQLuCeIx289KoC9WCcuyW,https://www.youtube.com/watch?v=QadfuPaHiRY
9ndEz1riXXe99j782p6fA,https://www.youtube.com/watch?v=VS13SWUpFbY
e8JmsPLfXNQ1-DHGbhDv7,https://www.youtube.com/watch?v=3SXHolldIE4
tllKONMMconxnq3wmtgE9,https://www.youtube.com/watch?v=GYV7bebBPJQ
mQt02r1s3_rew9LXFVvsv,https://www.youtube.com/watch?v=iHUh15QHJUw
9YasSECG-n4Io_l_8ZjiD,https://www.youtube.com/watch?v=YZUak1jMVM8
zSUcoPLzXAkW0Jm6xD9ne,https://www.youtube.com/watch?v=q1SIJRfMjdg
gPqj5puxaIZAk2CcqewjW,https://www.youtube.com/watch?v=Dg8i3zBLSnk
rzpzYgIQ4BN6X0Dnl3qPr,https://www.youtube.com/watch?v=8Ur3UgpKB_o
5k7_ksrwQVxTO9Q4FSY3a,https://www.youtube.com/watch?v=DxhUOOfEXNU
6e7eGfafPHBo_LKsaMniT,https://www.youtube.com/watch?v=SVIKydvfldU
ymNmi3gW7sKFY1Q5hZfh2,https://www.youtube.com/watch?v=Qz9TnkCOHD4
iAFerJfWaDmE1lYc0_L5O,https://www.youtube.com/watch?v=650YfnAKbW0
TRRlLm8jtOb-e01-w-yWt,https://www.youtube.com/watch?v=JUHUXMS1Gb0
LMzNZHv6l3wT_0K3A2tBQ,https://www.youtube.com/watch?v=yHZOenKnoxA
rXQv6gJXCa7z8T5106zO0,https://www.youtube.com/watch?v=1TKmy-PBxgA
2UimlrAHHIDdVM2qcLjRI,https://www.youtube.com/watch?v=yCNZIH7x0Qo
TX1CdrZEgDfxXikDBSAX7,https://www.youtube.com/watch?v=nktcg5dh6Ho
3-BQfvrpQ7SXcuuMWdPDQ,https://www.youtube.com/watch?v=EPTaQ9-7yis
yI6b6chVoxxMmDnFnvrBi,https://www.youtube.com/watch?v=mTaNgYWO-HY
-b9cmVj0zOP_NokFq6zRw,https://www.youtube.com/watch?v=M3gBptrQMGE
c48BOay7e6UJo6P-N4hhj,https://www.youtube.com/watch?v=I82hZ13qIjA
LKRqoqfsHB1Vr6nzX8hOc,https://www.youtube.com/watch?v=pCAawRFsF7c
iruhMDmwgwpMGrMPF4cv_,https://www.youtube.com/watch?v=digyHsjxubU
s-nv1d5srx4Y1EOEK-Dos,https://www.youtube.com/watch?v=YxT4k_BoMI0
kS3Myi2xzF9Uc4nK1P0we,https://www.youtube.com/watch?v=Of43GJxGjOc
7_ATr7scuERsBx48ZodSx,https://www.youtube.com/watch?v=un941o1SHog
8wHFwKvvHdgSTUSX4pELy,https://www.youtube.com/watch?v=qDp9TCX1ots
9G0OCDSx2s8XqfyzzPspR,https://www.youtube.com/watch?v=eqIzYFCAIec
TMtgKGOXHT6ia6gYzqJwV,https://www.youtube.com/watch?v=c6IJoEcSV3g
8SKkveZ8At6V3XeSAP_CC,https://www.youtube.com/watch?v=sSaXMeG3yvQ
7uMqpwWBH8bRUZl08iNaX,https://www.youtube.com/watch?v=4di_FMTM1x0
6qkQiPX6JhdvIfa-S_5oW,https://www.youtube.com/watch?v=-Tgi8aEFR0U
2v1BB4glEfnnK_OZbYPyd,https://www.youtube.com/watch?v=MmuzG9thf0o
T2yHaYoD7m1WLT3mMncta,https://www.youtube.com/watch?v=E_fnY2guKbU
QPgtV_DAzjrX0EEg4NP9p,https://www.youtube.com/watch?v=33pG14nSoF8
ACJFqlIbX3IlYENdshj_n,https://www.youtube.com/watch?v=_SbaEo7itCA
a1IuWWBwiAYWxDb4kysCJ,https://www.youtube.com/watch?v=8Pbe1S7-qEA
dFx2MHU1uH8mXUToc_TbB,https://www.youtube.com/watch?v=cITX4xxBRbg
5xfQto0I9O6NaISXUts4N,https://www.youtube.com/watch?v=cfVng3OUaCg
_PXAAt-GQDsb2FM6Jb5k8,https://www.youtube.com/watch?v=-7kNQOtMH0s
mYinJiu9ONn-9cnLpQ8kc,https://www.youtube.com/watch?v=M1Y9SWAorl0
joXpdYbL7wKO37BJh2kUn,https://www.youtube.com/watch?v=-ZB4Se8_1oc
dcBRNPb6Y7xelgh3WbLl0,https://www.youtube.com/watch?v=xVbusncKzPg
F0_i-SJ02SwnoiSqSV8S3,https://www.youtube.com/watch?v=WEQK_8vCtDs
wyzqf3PwCNvIxTrrf3pYm,https://www.youtube.com/watch?v=SGiJvyDBRZo
IsxwjvkTK7INnIZ1Iv6SD,https://www.youtube.com/watch?v=V9zkQ8Vvyd0
2tU-XB2idn8bzks6LhHSK,https://www.youtube.com/watch?v=D1vqYRmpclo
42qHth4aKTTUqg23dO5Rf,https://www.youtube.com/watch?v=mMi9oD_crso
GNAewHTCpdxeWjWty9m2d,https://www.youtube.com/watch?v=JKOGOwhnZkg
gLZpa9DBseiBpqE2d9r49,https://www.youtube.com/watch?v=HdxkteSRH8k
js_4LnHuVknmHTiUOtA-M,https://www.youtube.com/watch?v=PlC_fE6bZqE
PSkKUK3snyY_hq6r8aQLg,https://www.youtube.com/watch?v=ezm8PP1A_0Q
7sHM6wASXLBSg8gcKmW5q,https://www.youtube.com/watch?v=Q_eLA9ZUjl0
6HwaQvB94T9g4eGAQLdaX,https://www.youtube.com/watch?v=M6wekACEIpw
yv1op2i4P__r1tCoNo5xc,https://www.youtube.com/watch?v=TLcpGONtjfc
2Kqp7-q-e7cwnWiHgRvHM,https://www.youtube.com/watch?v=jzwYt5dSkfQ
0556m2Xnn1MVwPfmiZbVd,https://www.youtube.com/watch?v=-GUOdOfmN_s
L1kAQH58b_dpg919LlBHu,https://www.youtube.com/watch?v=wJg5OtvoFjE
bZNMG-5LlOOKmLVMBofRT,https://www.youtube.com/watch?v=tcR-EBj8hYY
sDrUPgXabtlifB4QFKIyN,https://www.youtube.com/watch?v=tA6Hxdvjyf4
4FHFFfc6Beu_ROmckJXsq,https://www.youtube.com/watch?v=m6uQZh4yV_Y
-qyKv20esM9HnfpPkugcT,https://www.youtube.com/watch?v=YuECsU2eV00
Mvc4oKH-Vt_eWjOtd-1SQ,https://www.youtube.com/watch?v=Q7AmKnCAlTs
5AnBy-PoicPy7fL7kFOFO,https://www.youtube.com/watch?v=6xQiy5QSDYU
3YkQrkhYUOo8X21tjbvIq,https://www.youtube.com/watch?v=vBC0PUrc-NA
2m9iXbR7Q1-OEXw8FJZcn,https://www.youtube.com/watch?v=CkLBJ1DOGJc
cl_rC-9T-fSWW7kKdFMpt,https://www.youtube.com/watch?v=2NhxQVHDXns
JUXMH3IUzQbIrwyutogUI,https://www.youtube.com/watch?v=JyFd4yvtBHo
ppQmMt2T7MRB4zDOX7STr,https://www.youtube.com/watch?v=C9XtcafEDsg
JXSK_0LXaD5yExEO16ONp,https://www.youtube.com/watch?v=9Qk-uA4zeaQ
JdTCj_kGuJXheHow-8z4j,https://www.youtube.com/watch?v=fEUowK-PWgk
06849vC40R3VGIwbXUfW6,https://www.youtube.com/watch?v=IgKfBDwll7c
RLDxLMYQu-G2UPcdzwwKS,https://www.youtube.com/watch?v=C-hyrplLdak
4zQzHm672zDkdoQdJTkyv,https://www.youtube.com/watch?v=mmJ-YNQl3Bo
CY9yZd2H-Jx6jWtASDgDf,https://www.youtube.com/watch?v=2ZL2EMQCT3E
L2R8e9qQprxVeV7xtf1gA,https://www.youtube.com/watch?v=Q9JFhUnx5b4
8eAKgtlmEzOiboJqEtWCM,https://www.youtube.com/watch?v=LREVl38Favc
HCh62e70x86i7680WqyMS,https://www.youtube.com/watch?v=Pn-PwhdAoRA
Yg2c7Io1QmJASQ1MO_xiL,https://www.youtube.com/watch?v=1m2ihJcK-Kg
ef5yZrQug4KSJOcPTv4cP,https://www.youtube.com/watch?v=Z35-svAtSDY
-XS22cj8vxS1RznXdF_u1,https://www.youtube.com/watch?v=dJRx1HpXKVw
9cnM-ewhlAILfL-pOVsLR,https://www.youtube.com/watch?v=KhjIlgvrLtw
yxgv3PXh4aiSksHLzH0zE,https://www.youtube.com/watch?v=ujBw3fYxnUU
M_pmY-a0LutTyqC0mpODZ,https://www.youtube.com/watch?v=LklBO_MFhcI
YU0tp2U7V9dVzwIESSRMn,https://www.youtube.com/watch?v=c6mKgdzLqS8
nw2sRpt4J-dwGUjyOdJnT,https://www.youtube.com/watch?v=p1t9rkfT1vI
RbgYjzWZvfK7G0UIMGitd,https://www.youtube.com/watch?v=dMJDWU3o6Qw
Pe34EuHfn44JOUbnTQ5zx,https://www.youtube.com/watch?v=vYZJyu3ixIE
e94JIQsh6ex0_SEcgKKc8,https://www.youtube.com/watch?v=VtxkZ51W17Q
9ebAgLd6CM1qbwnCzL53-,https://www.youtube.com/watch?v=JCC0N4l-fMc
E-hq_Wg0HGNyIkzFEbSi3,https://www.youtube.com/watch?v=PZTTT-T0Yiw
7LMGu8tkEPVERyDEPbH0m,https://www.youtube.com/watch?v=jo4Ri3tjYOE
-eOI5fOq8xEYv_IKPdvrK,https://www.youtube.com/watch?v=CvRsvnvuY9o
8sRBzVoj6FaiAdlTGMOwy,https://www.youtube.com/watch?v=CNtyRP28x8Q
hrpEgHyB9ZLDOCjEzz8ob,https://www.youtube.com/watch?v=E_mthSkxEOQ
-nQ62mzlb3lnYvUETcvzF,https://www.youtube.com/watch?v=7GzYgsel9RE
5C2w5dSSUZd-ygjPp_-L5,https://www.youtube.com/watch?v=Vfc6WQSIx8A
LtYETccZPYYzFD2m-A9J7,https://www.youtube.com/watch?v=NMosT6vHuzE
7qJHYIRqvEHEibkw24cOa,https://www.youtube.com/watch?v=DBK5X31vF3k
PuG2qm0ZjoLBbvhJFV4SF,https://www.youtube.com/watch?v=HVUrC67lWPg
njnRWA1DwtwZ2LcEQxNNh,https://www.youtube.com/watch?v=_KJ1WwQgt3A
02Y3gXCCTLwgglpJ6owef,https://www.youtube.com/watch?v=BD7Gzd2DhvQ
284mDCDb9uDOGtQDSF0G-,https://www.youtube.com/watch?v=mgV9kWZooEQ
iJ7TR4cZ7Bkr8LBd-ssSm,https://www.youtube.com/watch?v=WgSXlodmJaU
rA4DK1YfywTN5YtXQaceZ,https://www.youtube.com/watch?v=XqItMqdXrII
DWIXa4lme-kMXHrMn7qYF,https://www.youtube.com/watch?v=oZE2P6tIgc4
Q-U_LQXPWkXfimbEBUo3x,https://www.youtube.com/watch?v=CNFKzm9koLU
UUF-gS2zeZfQNngmbXvO_,https://www.youtube.com/watch?v=Gakmm6yL3wE
FkinOmneyuu7jng-i9kuA,https://www.youtube.com/watch?v=L5IcYedkErQ
SrTXcbaiF9bKqlyCRNBiK,https://www.youtube.com/watch?v=KbaYYBK1knU
AuI4qm5fTr7cCHaTJk4UF,https://www.youtube.com/watch?v=jsDFwlwBrC8
sAJdYug883lSgLBYsVkTF,https://www.youtube.com/watch?v=TJRrJZ11Q10
4q6YXlUxDHkBnlejRmsmW,https://www.youtube.com/watch?v=ciL6ImK8hIs
CFdD-RktU8cBwHl6997hT,https://www.youtube.com/watch?v=w0LsP5qvvpg
M7wpYgb0pcy2lXBidiL_B,https://www.youtube.com/watch?v=5towxwEHtzw
S-igBl6fkb3-YuLXoh5C0,https://www.youtube.com/watch?v=ofTiQbVjtgU
0oad8Prn206UX1uEDTQHg,https://www.youtube.com/watch?v=sOiK1SDwqlU
qAELM5fKwdHA-pRTZluBe,https://www.youtube.com/watch?v=ga0tOP9UDWU
8ENfQ1pogDwaGy9cxhjN6,https://www.youtube.com/watch?v=3ictg_bzfVA
np9l06uEdVqPSf9lsR5Ah,https://www.youtube.com/watch?v=ptviLtvM9g8
xgxC0uET_FECK9HGobbkC,https://www.youtube.com/watch?v=5PJ8ttkhaNM
YD3AYPG36sDrJgIerwEsm,https://www.youtube.com/watch?v=yFoXLZhy4GQ
R50CekpKZ67oRZRmE7cfM,https://www.youtube.com/watch?v=XefrZxEMi6E
sx4WBhwlNozPsHRFOolLU,https://www.youtube.com/watch?v=GFoJEHk99TA
Vs_vfoYWgJhZ_6NnpkscU,https://www.youtube.com/watch?v=3krlehzH8KY
JXQdguZ6HYLeQAaMHouOY,https://www.youtube.com/watch?v=9CltgS7sDCY
LeRjjEP4cPiy4a3xyWy86,https://www.youtube.com/watch?v=-vIn1Mk-UfQ
2IGF03PrKmAVevu3ppHkR,https://www.youtube.com/watch?v=Tc4E1GICh1U
SSePaaLnzxR6CDsOp7CBK,https://www.youtube.com/watch?v=29KmFmr_KOk
233jX3pzkLX0oFBW50u4K,https://www.youtube.com/watch?v=mVfsMMEH330
kKK9rJ3582ldtohwwFuDz,https://www.youtube.com/watch?v=oHMrpfxKg18
4MJG6JEAh5y416whJ4Kyf,https://www.youtube.com/watch?v=cLqWEuUucNk
hwZbVlMfgucloyEsBh9VA,https://www.youtube.com/watch?v=plNPvSyOIIU
v-UuILVTVyipE2cQACRpa,https://www.youtube.com/watch?v=qL5h4g_yI_4
9vXsiMle4MxuxQGqk67WR,https://www.youtube.com/watch?v=TuCHEdHb7qg
ybP0lumSIeLAmAYyx46k1,https://www.youtube.com/watch?v=c0qG-TmOi6c
2QAxW0a5AqaaoJsYlG7W_,https://www.youtube.com/watch?v=W04cKSkHVeo
EM9u2RhyCIsyMk3LJejBL,https://www.youtube.com/watch?v=orJtlmX8kfc
CJHbDqYB3BwFO1kVi8uQ-,https://www.youtube.com/watch?v=uxvgf91A-us
dU4ngjZUmsEVFiKaMf05P,https://www.youtube.com/watch?v=T6QAl07jdhM
WqwJk_N4s05xPqgckh0do,https://www.youtube.com/watch?v=RHB2bjsFsO4
_eYtRRAsQXIqBjl0Kuc56,https://www.youtube.com/watch?v=U0gojw_QimY
FrU0ditPeNQpcpejjKD9M,https://www.youtube.com/watch?v=8e3x-ngYCrI
6FQTS4CB77YRDJlbKdhzI,https://www.youtube.com/watch?v=exhxnBlJAdw
KuUWykoV0Kc22qwAK4KGg,https://www.youtube.com/watch?v=KJEqyOe3Znk
rXpmxYWqS7zokpWXxsJns,https://www.youtube.com/watch?v=r9EadNvw_vA
hYemlOpPHMSzwI-rasee2,https://www.youtube.com/watch?v=vUHZHG9f3Gk
u5-w39ISjMmAzJ7cXF60H,https://www.youtube.com/watch?v=eAoDSE7m0yM
ce539hHkZIjdiW698LZpQ,https://www.youtube.com/watch?v=0QhZUosc1wM
EJqzeQrvfyLY8YwPuVlPy,https://www.youtube.com/watch?v=scWQrcBxPFc
T3_SnwrI1WuwMMX2mJce_,https://www.youtube.com/watch?v=13PU9WDxHME
BVCdYaOtv8-GxDO1ZTNOn,https://www.youtube.com/watch?v=j-cfiF4DXb4
ft7q-33sy2Fels8buIsYv,https://www.youtube.com/watch?v=HHIdSOSZMA4
vlncRG76LewCYFPD0t9mW,https://www.youtube.com/watch?v=FhaEy_kprPg
vic_QJ_0dmxCMLjybU0N6,https://www.youtube.com/watch?v=HUY39v2oPuY
5n3ExihUWjxYgYGan-QKf,https://www.youtube.com/watch?v=EJyTKZLrBMw
VjeQCpGLLv67twvoXSYcG,https://www.youtube.com/watch?v=cAPLCIY2bVQ
WzKbp8TqEpm2F1Wv16Cdi,https://www.youtube.com/watch?v=CY2GDP-50MM
Myt3PMXm51QmDLulcmIGU,https://www.youtube.com/watch?v=VVyI_OsulGE
tMR6bZWtpJX5duyyMruwl,https://www.youtube.com/watch?v=UekyI3YWniw
2jAJ9vI0TYN_o6dUmWQbL,https://www.youtube.com/watch?v=V2fLHbNHmmc
U2Wvb8OtGWSNNoYHde2Sw,https://www.youtube.com/watch?v=AofgB92oHug
21oB6KwkXs2F1QRFg96bM,https://www.youtube.com/watch?v=5hENq9ZBFVQ
2FDV6J1HBtNApwlpDZchx,https://www.youtube.com/watch?v=RCxV0UIG_iE
0jPmKsGYtnfWNCCcFM7k7,https://www.youtube.com/watch?v=6hb7yk-noSs
txIEOzEMT_6h3JHDQMwMS,https://www.youtube.com/watch?v=iuBqmmzxxrg
QJj8mSHrxnhDq6p1U3tu2,https://www.youtube.com/watch?v=8rNiVt9bvK0
K3qvrfxqJbseyCt05HGC8,https://www.youtube.com/watch?v=wPKnV8fNmg0
BHTmZbu_Uf5NPWu5bwwX7,https://www.youtube.com/watch?v=yaGLyqnK3w0
sJNqUbo5QAns_39vRawuq,https://www.youtube.com/watch?v=iwS_b63cJCk
NLibCK9tbFASEqYr7D6pv,https://www.youtube.com/watch?v=cJ5ITg0wGLU
pC9EfhLc1BMX7wJPz1ga1,https://www.youtube.com/watch?v=xy37MRIuikQ
KE7yRlcjvCXLCN-H50Rta,https://www.youtube.com/watch?v=jTEP72b3YE8
YbWpvdLOk3B6CO3_v-Nmv,https://www.youtube.com/watch?v=TN-Y1iLqEO0
H_cFsEKzO42fMpBMOXayD,https://www.youtube.com/watch?v=KCy4hqXkbec
GP1EnS0bKR6NhTQvK-xZn,https://www.youtube.com/watch?v=9ZekWqbVjCA
ZjK9GrO7T3gNml_2yTjNW,https://www.youtube.com/watch?v=BrDDk-THgwI
sKMaFq-kse6mfq5YmHxHG,https://www.youtube.com/watch?v=DJAnMrdJ3WQ
qQB3SEEWK5KqRUIfw-nOP,https://www.youtube.com/watch?v=FKOzUFaKRZI
eNXuVKCZiGp0_UgKC98A0,https://www.youtube.com/watch?v=cI6KhNyxgqs
JJiVs90KbCiSRZ_mXrwsm,https://www.youtube.com/watch?v=nOtpRtZi900
MJHbSjTK14gZWe0u7_uwV,https://www.youtube.com/watch?v=pxRyw_NZJrg
8w2iiPp8y8ILgdoGjdw1s,https://www.youtube.com/watch?v=JQ8BGRayjxE
WF5BHmalFMz7L_FW4jXgk,https://www.youtube.com/watch?v=ef_EZZGmTxQ
yh9wdlnntZ9VFQGwUEXN-,https://www.youtube.com/watch?v=J8S5fcTatIk
jW71_U1rl_jkTBgEB7UyX,https://www.youtube.com/watch?v=xyNNWGu0k_E
TI2blpdrtTHwVZPJj9rRq,https://www.youtube.com/watch?v=c0Hbo2IpLJY
CpgMeYN-4cyjddJY6eXoJ,https://www.youtube.com/watch?v=Zd_6uGF5Sj4
IyJlN99mm0RpR0qI1Dqzu,https://www.youtube.com/watch?v=XY1nU_VWGng
5zAn854JgGcTkh_CQxW8o,https://www.youtube.com/watch?v=iOnWHIgH5Gw
Q5-WwaLrbic2_JpUXW3kK,https://www.youtube.com/watch?v=K-ad5BDA_aE
txC19_A2MKi3AgkJk9sYr,https://www.youtube.com/watch?v=YE-X2oe9VTc
TsZsGizdVtm5ctEYKI_Ub,https://www.youtube.com/watch?v=1af_Zy67EsQ
lEOB-0-Kyd3GhBW1xD4Wp,https://www.youtube.com/watch?v=VtX4O4ucyhY
ZGFS1GZXss8nIufcObaxV,https://www.youtube.com/watch?v=Eb6F-Ise2C8
Y0gP4JrojO0sfO7gzFKzD,https://www.youtube.com/watch?v=YcUORIxWqzo
WgIRzE-_6jnooHt6bm4uG,https://www.youtube.com/watch?v=cmSetkm6nYY
pza8ctg6pO0D39t0jGahP,https://www.youtube.com/watch?v=nVqSQqjgDjQ
6n4rGcux7kwJle5BsaV1M,https://www.youtube.com/watch?v=GMn6ZyCkz_g
gQEV9_B_wSCyFfy2-thoG,https://www.youtube.com/watch?v=p_93F-9VMlk
lIqS89b5CC_H1rH0LxxJM,https://www.youtube.com/watch?v=rsuHbTkXb24
tsgMMXYf0UxT3W96uFsm8,https://www.youtube.com/watch?v=e8Pr5Ni_zNY
aCU1JuiA3GF12vEYQ1ycJ,https://www.youtube.com/watch?v=tfTx2b7Srqs
y2GEpEPGEquogVDPJTcVe,https://www.youtube.com/watch?v=I4DyizsHUjk
AU3HIGqjVKRkrLv3VfDNg,https://www.youtube.com/watch?v=Vf1ytnPiZR0
KUA5PiXVPuj51_0EMsPx8,https://www.youtube.com/watch?v=L96HwA8I55U
j6Pr42ZwwNsGVrgFQkkjX,https://www.youtube.com/watch?v=crMJg5r8B1k
8RZTm1cgtnihQLs2XrMCs,https://www.youtube.com/watch?v=ZCz90RKkGWk
qkfzs1pvaMYHtphfwFObd,https://www.youtube.com/watch?v=JYliV2gOa50
Pr6JxRnKQBEl4Fx69RWsn,https://www.youtube.com/watch?v=wdicx5z-Nv8
z2kFpOQDBNC6Ky_OY4S7a,https://www.youtube.com/watch?v=1sBUQ2DTZrk
G31-zVVlrujnP-IhZ_jKB,https://www.youtube.com/watch?v=0k1RW9hgYSs
mCMHBn5oft9OjAAthEBCp,https://www.youtube.com/watch?v=gVYUPEh46BQ
lTTDDom-hfw-7px2vDLoY,https://www.youtube.com/watch?v=JHYXyQiMFpw
Swhut08Xbv_05H_uH0ids,https://www.youtube.com/watch?v=fn-1nmd9m40
VYkAt-OjAeCChEfBHlxzp,https://www.youtube.com/watch?v=Ew1bJGt7KSA
62IMbC3pI6D6Q5MUJEPj3,https://www.youtube.com/watch?v=Omzm2ky__zg
qwaUlW-t2i7ZjP7BcgomY,https://www.youtube.com/watch?v=eM212jYz978
_1D8XIaCWAr36PYD_5G0D,https://www.youtube.com/watch?v=WWLy05HUSRQ
T5MwLh1ik5QEIF-aFTT4k,https://www.youtube.com/watch?v=zTuzSF_QISg
ZIJnZTIFlSSrypTDj9cnA,https://www.youtube.com/watch?v=biMRNZTPYpI
OIeMaIcaMxw2vyI5ZVZD5,https://www.youtube.com/watch?v=P01myMnZpEM
1Il3alc38GQs0nZMDgMn2,https://www.youtube.com/watch?v=5hn6zTij7eg
j2VG7W2xBl8LUEKIxUJKT,https://www.youtube.com/watch?v=27iSQcm77SY
tuCvhD6ad4oH4_xt-qN5Y,https://www.youtube.com/watch?v=wN5RQgdot3M
PPywTWyD4dXGqoTX_ekiM,https://www.youtube.com/watch?v=3eYyiYYtbEk
YyQqqdbasGw5naFaNXLkK,https://www.youtube.com/watch?v=n_OA-j53kGs
X3VDxEqz5P5uSd9lRdIcM,https://www.youtube.com/watch?v=MZWUmJWP4Eo
FOj4xzdrT3HXAa0tT7SH2,https://www.youtube.com/watch?v=pYWtqSbb9DI
d-eiCDKula_YFuko1Py9S,https://www.youtube.com/watch?v=6j1xTjOvPdA
QvylPSVhSMoJaGb-Kt00F,https://www.youtube.com/watch?v=3bikf9ir8jA
lFFfrTUpK94hrI4wabxoT,https://www.youtube.com/watch?v=dXVyQpvWAmw
VqzdZTQZNN5xF9uHXcJ1f,https://www.youtube.com/watch?v=DaIsBoCQPdg
W8KUHs8sqpDm4FcvK_wg7,https://www.youtube.com/watch?v=omsEpIpAmXg
AEs7l3vK1_LxOh975q3yt,https://www.youtube.com/watch?v=GGGKvr8DRbQ
r20qeBdNGgOLkaUYh6Ow4,https://www.youtube.com/watch?v=iXpXjLj4R1w
6vQYqzQmAL6zmhiOLLCWD,https://www.youtube.com/watch?v=VN38KSN8lxw
t--oc1e-3uGyu11mZ6A_5,https://www.youtube.com/watch?v=bO5vIpHP74M
fWQz3NqJhqdHmshqRnJzX,https://www.youtube.com/watch?v=cJK3arq515A
BZBkhkr3L2htXw1HuOe40,https://www.youtube.com/watch?v=LhPgXUt4zL8
qp2MdQlJiOrJB1vvftR8S,https://www.youtube.com/watch?v=0Va__-pCc08
lFC2ceyLkc-f7ZdlW8j_g,https://www.youtube.com/watch?v=T1gpcNV33wU
oj1FwSulxuoHDPwQmhgr_,https://www.youtube.com/watch?v=zh6rROYezMw
0oWBuZFPOl-sNCYH-K8f-,https://www.youtube.com/watch?v=EZ3MtOf4dMU
VT52B99VA14jZmGqpu0Zi,https://www.youtube.com/watch?v=HZkdZbKF_ps
lXjuZ32cov1TbG40k6UBx,https://www.youtube.com/watch?v=JfVAwwclbO4
ABevKPgLntqLl9Z9r0NIm,https://www.youtube.com/watch?v=_xQWAo8eaJs
olhmNzQ2NIt0qC-HQ4bkK,https://www.youtube.com/watch?v=8RaaDfWDK3Q
38GXj5mRCkJCgCNsI_DOk,https://www.youtube.com/watch?v=bG_2dKv2CNE
zeA38Smj_tf8Np5ABSt93,https://www.youtube.com/watch?v=7Zy4UD0RuTc
B4wsERLnMDEDyRK9knvQw,https://www.youtube.com/watch?v=UTZw0L2bxog
iT0orSt3XeuDoWGPHpiB1,https://www.youtube.com/watch?v=ieA_9kdISI8
AXBpcJyf_kX5oGkyxbkPy,https://www.youtube.com/watch?v=r619WsinsLM
8DVtIEt14gPjsiHPJXkPf,https://www.youtube.com/watch?v=liuvGEpjS-4
BlavIpaJWqty0D56iKVM6,https://www.youtube.com/watch?v=CMWd73XkbiM
pEA3WFNM8nbc55iRjMJsE,https://www.youtube.com/watch?v=ZSH5mefi0R8
CyXnldUFeBjkglWyZgiO-,https://www.youtube.com/watch?v=5kpRLzYxtxI
Wf52xu8ha1u2AMU9rEIIV,https://www.youtube.com/watch?v=SiK5Z6BDhzs
9CPcbm52zJxS2FzngR4P1,https://www.youtube.com/watch?v=eZpBob8UknE
jqfp8Awx75nxd0hJ-gT0p,https://www.youtube.com/watch?v=Fq2CD5bdafo
ulBnRPOAOFNRgkFTPQQ-p,https://www.youtube.com/watch?v=eDV2YT7qTH8
lGMGogCgICM6WGt_GhO5N,https://www.youtube.com/watch?v=Z9AHY1WdTJs
AzVcsCpYwyyzITUYEojJt,https://www.youtube.com/watch?v=V4LiNu2EDU0
XK_4xgtvBNwVmpUa8pbg0,https://www.youtube.com/watch?v=syRrqZf5F60
1endZ-ZqHNSPiSHksyp31,https://www.youtube.com/watch?v=TtbHZi2pqds
cUa9OGirNI5xkiRL74S8H,https://www.youtube.com/watch?v=iJJdpCpW6jQ
8o9vYjtNw0LRv7CwUKg-W,https://www.youtube.com/watch?v=whZIXotcPVE
a_bICprEDGyo7eIrlChzm,https://www.youtube.com/watch?v=6qVizolaGY8
KBaul2aInOaWetfzBtHbW,https://www.youtube.com/watch?v=dh0bFaS7Mrk
TbWleoPkUh6CWc7Kh-OVF,https://www.youtube.com/watch?v=SdR6V9CE4kg
YUUD2rSH_7Y-rEesUG_sH,https://www.youtube.com/watch?v=OjJTepUuHcw
7xf6Hbys_j1GZYakhrzlF,https://www.youtube.com/watch?v=e66LR4ut52o
CwEOV1fcZ85mW5UJxRCFw,https://www.youtube.com/watch?v=5h9Udk__1q4
MJH8igiz6Azns30F740xy,https://www.youtube.com/watch?v=yQGecjbISmE
-VBcvccM3R_1KWBMP-ge1,https://www.youtube.com/watch?v=ji-8F21WGjw
7pi5Ial6o-1hbNmg0E7JF,https://www.youtube.com/watch?v=-19prh36guU
BoWWCMSCuz670UAYC4TVg,https://www.youtube.com/watch?v=VsTq2q1An3k
ZqNyAfNJrZKaucgpXqVyG,https://www.youtube.com/watch?v=-SIw-jSoY08
kZZa58VIKuR0aRYeuEZTH,https://www.youtube.com/watch?v=6u4EsRlJidI
w1aXk7makYip9vF_Aw5XB,https://www.youtube.com/watch?v=o-nSbZahaQk
XDT6u83rsCB7dq_27HENa,https://www.youtube.com/watch?v=oBEuqUXUG_c
NbRje8vwX3pwd3MKoh00y,https://www.youtube.com/watch?v=AuXSZS4SvN8
ZN8sry_EPmJl09uHJt37U,https://www.youtube.com/watch?v=BlC-vgMsMxI
ahwobfQBAXjVeam7J0NgT,https://www.youtube.com/watch?v=Ol-t3b0NmDA
mVwGpfa6dIs1o1FvxPqL_,https://www.youtube.com/watch?v=jLTXdRFGEsk
qbYkgt7H-Hpd1JuO49MEO,https://www.youtube.com/watch?v=DlRibp405vs
P1eQgmxSirnOGFSsF0BJ6,https://www.youtube.com/watch?v=wsXdh0zx2hw
5SZf1pLLntfbTwymVrU_8,https://www.youtube.com/watch?v=Wh1Oe8J0J50
z9ezWAZGu8gJQ1pCqgevH,https://www.youtube.com/watch?v=zHEWRKOGbBs
sRt5IHa7BoRfU5byZqID9,https://www.youtube.com/watch?v=LU25urt1k6A
6r-OnC-zsKv5u_8TmYluH,https://www.youtube.com/watch?v=H34ALaLePk0
IJtExYqgabtx9YMPe7Q0G,https://www.youtube.com/watch?v=bXwJOPtABaI
A9Jr_VkqTc2kZ7fP3Pa0L,https://www.youtube.com/watch?v=VpdEy-sCNNI
ZffUeG9KuFIR3cE6V9R4I,https://www.youtube.com/watch?v=Q2-UGOhWahM
mko6Bxbf1J1Ms3BXfF1gD,https://www.youtube.com/watch?v=vagnG5syG-I
iVyJU5F8Yo_hfLme2krRy,https://www.youtube.com/watch?v=6_7jCREmKbI
YsmdSUwPb2ykTSPZyOhuT,https://www.youtube.com/watch?v=l7-37pwK5WQ
KI-c8C89zM5P5zCB6l8rf,https://www.youtube.com/watch?v=NGlPBYKGeVE
RqJ9WADqk_EdKFcd3Q4ZD,https://www.youtube.com/watch?v=wN8gxmuggo4
597JKM3M1Jou7OqezuHxN,https://www.youtube.com/watch?v=QCLaVchsp-g
SczOprnuocLi4FpxpUYXp,https://www.youtube.com/watch?v=sJPD29Y4-kw
uo0MyIhk1gtJaTYs_h4P0,https://www.youtube.com/watch?v=j2zYZyinM1U
z46mQMOUibPWuS4-hxTyC,https://www.youtube.com/watch?v=dKKjnGMQmrA
A6Ki090SFk7GYZWt37SzW,https://www.youtube.com/watch?v=GfEHqRZYUtw
sfAv4Pv7M_P8_HDJ6-omQ,https://www.youtube.com/watch?v=eH_uforP1Ag
2C7Cl4mbRUxHcdWc08HiI,https://www.youtube.com/watch?v=3kyBFSYKxDE
yXOgMMUkFwKD7QkrE24El,https://www.youtube.com/watch?v=tgm8m-EJpiA
k_ozF_KZyV7GA6J-8BacH,https://www.youtube.com/watch?v=OgBH2e8RyfA
Z3KqJbBmmDFYIiz7P6_X8,https://www.youtube.com/watch?v=-w7gim-k3O4
1yi6kkf-Brol1hGMG_n2P,https://www.youtube.com/watch?v=ocMq8yKnGv8
BgOLwGgosx9toODUKCFVo,https://www.youtube.com/watch?v=pNP_LiZfFy4
eZ0SX7ZC6EyuESEQuHjtV,https://www.youtube.com/watch?v=NMrtdIZng9I
Vh9fxZuj3hbM6YjSntRtw,https://www.youtube.com/watch?v=nawWQZq9Mmc
0JCVqZKwrVt3BSMEMkUXc,https://www.youtube.com/watch?v=yqpWMVwW5xA
dQE2FbMIWtsCJcXuZY2U_,https://www.youtube.com/watch?v=Gr_kYjmYrz8
eDcOgUy5hcUTcUki1w4_7,https://www.youtube.com/watch?v=GUOJJZ2j3pU
brMv_g4n6FAIY-qebk9um,https://www.youtube.com/watch?v=XGJPtl691Eg
LtzSsCf-VOHaT6WC2LbNm,https://www.youtube.com/watch?v=uKLYnKRb7jw
cw4cIBU2TGKl7yqWEA97b,https://www.youtube.com/watch?v=O2BL3YMDLmI
63g771Dnn4dvhp8hIiFMs,https://www.youtube.com/watch?v=i-h0KxtAqOs
3R9-_nLCrtfgwbhTGi8IL,https://www.youtube.com/watch?v=J5p7a-FW5Yo
fwC4FYueufPxMZQOKPREU,https://www.youtube.com/watch?v=4Dm3uYTESdU
ZcuR4Y0pLSuGPLKn-T4ZU,https://www.youtube.com/watch?v=7ohl4btlol8
U6rDdI2GsA4xp4OZJWPxL,https://www.youtube.com/watch?v=asDQak0M8F0
ItyNlXeBPVVD-Z67e-BLB,https://www.youtube.com/watch?v=RmloWS314qk
1risATcR7VyJlYiELwWPz,https://www.youtube.com/watch?v=1cyDYzNEyk8
-urGqVBb-UBF8_lFRuxML,https://www.youtube.com/watch?v=oVh7ZfmOzE0
LMzibCe8Y1iY5mvk-5Kvr,https://www.youtube.com/watch?v=6NzRR7AaoBU
fCRP7p9Rg22TWjYclzP1c,https://www.youtube.com/watch?v=XPEqUdBSU7k
8KubGlGFqz4-7lFRfAEzH,https://www.youtube.com/watch?v=PfosutafgFQ
IMYQCgLOg_7zs2kseawoF,https://www.youtube.com/watch?v=KsBtJIjX0vo
Qd-SeQqH-6rTO8acAO1Lr,https://www.youtube.com/watch?v=0ZYUKGLH5es
Dh44F5tT2assxD77_Sq0v,https://www.youtube.com/watch?v=C-zCqlvp1aQ
hvCLGgpe-YKZzSnU3vxnK,https://www.youtube.com/watch?v=cwEOGzQ8bNs
8gzsK2_X_Lq1zrBiJkovB,https://www.youtube.com/watch?v=TsaPhv_TphM
e01oLRZ8G8HfYhnO24RBN,https://www.youtube.com/watch?v=DxvVLIiicSY
bEZMU73fgsyoVIMd61a69,https://www.youtube.com/watch?v=m02blgj__Us
_T_rqTCP9YjSP_VAuHsMa,https://www.youtube.com/watch?v=16Rk27cd5nA
qbFs_dzGhq397mgDNyo7q,https://www.youtube.com/watch?v=tW2s74u0Rso
Z0OqJ5dBo1uLXDUylMq_r,https://www.youtube.com/watch?v=3gBuvWyg-cU
RFmc5xT_vX9R6ETnwaSQY,https://www.youtube.com/watch?v=6UJ_LUr2LIk
zlCdf_VIo58yd1rJSK50c,https://www.youtube.com/watch?v=3KqPgDkTGEg
jK_U-QRoAmL-qeHqN4EgJ,https://www.youtube.com/watch?v=plW1AQ8R5w0
qzpNEEKAl5NADE-FwZiRN,https://www.youtube.com/watch?v=UJmY-zmtIP4
68WzOgxel-iq4LtvgvdFi,https://www.youtube.com/watch?v=OsOStxaXZPM
HkYq7pJ6KIP-gVNiGUL_-,https://www.youtube.com/watch?v=nAz7cTQsuCk
GgHSSQNKP05_quCs3BVZp,https://www.youtube.com/watch?v=xqC50fjl0ao
L2anw8XIh05IEPqOawk9i,https://www.youtube.com/watch?v=ToWD_uisQhQ
DfFxIeW7orVLmrl7w4rLx,https://www.youtube.com/watch?v=DRb8O6iE4SE
BKKdunxk4bC7BxQKYsCj8,https://www.youtube.com/watch?v=qgxGghoNtnM
rJbxDjiq77QE7VCeFzmbK,https://www.youtube.com/watch?v=ku6jwlwFDgc
ZsKjiv4CFx3xiuUuB54s4,https://www.youtube.com/watch?v=s-vCWN8BvF4
sQdNCeHvZzS91rW9pjOIj,https://www.youtube.com/watch?v=d6oCK6JC_NI
xlR7YDe4E82bwtlh4cudG,https://www.youtube.com/watch?v=rgT5VyiK8So
sYxp_YK_vNewK63ulP6aJ,https://www.youtube.com/watch?v=rJmR-xVzpAw
8raLO-a-9ef3Xl-3Egpwc,https://www.youtube.com/watch?v=cYigJ6LgvaI
BLJy4QAQt0x-rodFrMdfN,https://www.youtube.com/watch?v=SLsVuzv8Z3E
dNjczA2zyFJtdqAsyDiGN,https://www.youtube.com/watch?v=LnMADKY1d2k
gfRTy02qE-HAY1KpnBSWz,https://www.youtube.com/watch?v=05zr3Bu_mTA
XPRrcP4jj8g-JxydU4PA3,https://www.youtube.com/watch?v=DVe75zVu1Ss
JtGthkr5_6dvKBIGYUs9K,https://www.youtube.com/watch?v=3fucbHWdkBk
y82UNSJqy1UBa5fS4E3Gq,https://www.youtube.com/watch?v=f4SgSsHNf-I
B0jvikI144QHuss5YMgo0,https://www.youtube.com/watch?v=jxzAp2f1ntI
Skw3NLskhLX3AbK3QBGgh,https://www.youtube.com/watch?v=tlpXi_V13WU
XKDJDh4yEqBmp-6qftyIZ,https://www.youtube.com/watch?v=wvo_Ud4L0_o
TvnCZteIu2yRWg0PhY2jR,https://www.youtube.com/watch?v=h922t_j1zrU
rxe6ObHIzOwaXS_vDRZLc,https://www.youtube.com/watch?v=LYfntdsjtdA
LViCTXlw8LLMl5bQbk4aU,https://www.youtube.com/watch?v=U_DKNiIY3q0
VapVIne__FRNnW47rFRDe,https://www.youtube.com/watch?v=RDU39jhdtmg
rV8RU_99PPJWK7d2xBhlp,https://www.youtube.com/watch?v=JJobUeeGaX0
j6oEDXfMigCMAQxMgvucn,https://www.youtube.com/watch?v=QgTcq8oa07c
NifYe136mvyiJ8PTuE7hP,https://www.youtube.com/watch?v=MTqhgJskaEc
kXK3-GJA1eF7U7e7GbG23,https://www.youtube.com/watch?v=TFUlG8E0O5c
HLqnAFYiERm_mNsSdWYzf,https://www.youtube.com/watch?v=Sss24T1f-x8
WtZ3DtLDBkFfhYYCWcO_v,https://www.youtube.com/watch?v=v7F53gb1P-E
G29-cK42fit9yLzEUZXpx,https://www.youtube.com/watch?v=5GSWy9pqSho
LJMhcmFs9_NI35N7D4Qyb,https://www.youtube.com/watch?v=vEJN8wxy47M
nJUCNzCme7IetDKQARDXD,https://www.youtube.com/watch?v=vRMLwWA2leg
vNREnhDpoXVd9yq1i4CsF,https://www.youtube.com/watch?v=OkRwm5xYyFw
2zxNucyvpuFBkX2vFhfQz,https://www.youtube.com/watch?v=Mn3Y4n2yHK8
0jdbf2ro3ch3XyUXQsuUe,https://www.youtube.com/watch?v=ZQRWjhuPsxo
4qwSB0KAUy0RRLEmOL6s4,https://www.youtube.com/watch?v=MvZFxp4QZhU
XoL979GrhXJZ9zMn8o0oM,https://www.youtube.com/watch?v=aAWphKY8MZg
5qcMXoKra8NugyebmbX02,https://www.youtube.com/watch?v=SmPEgIl4Avo
8a9J43dkRk6BSXp1_z44v,https://www.youtube.com/watch?v=P_768ln749o
BhRrDCoeIJ_D-SXn1_G6Q,https://www.youtube.com/watch?v=IDf2l3_9MIg
iHCfUwPUwSp9fo3JiiPs8,https://www.youtube.com/watch?v=RdaXe3SyYww
T1uwfIF6uWBmKuZDML5sA,https://www.youtube.com/watch?v=sWel2Ix3DmY
cpaeVEWeQUcqT4RAV41bf,https://www.youtube.com/watch?v=7anDLxEpFB8
uCkL_zgP8YVVkJA8BUt8j,https://www.youtube.com/watch?v=XcqJHzS2SPo
skgG23JTuFRc60lcVYvZF,https://www.youtube.com/watch?v=Pf0AoN27EhA
-JG4pbIjY0ziqaMXgPknL,https://www.youtube.com/watch?v=fRz27aRJpng
TuA4F5_iCLmu6TSAUTgMg,https://www.youtube.com/watch?v=HHSvSl9zBVc
b4sHJXkoYLFskM-4Czqqt,https://www.youtube.com/watch?v=eZCr_UZ5KFQ
gwD2tdyN-CiS6hfILGRL_,https://www.youtube.com/watch?v=Rvqj_MWY4us
xbTxl-R3Kew_60gj3_mCk,https://www.youtube.com/watch?v=dHEyb1GxB_U
IVld0lZrDakUW1iSOrito,https://www.youtube.com/watch?v=Sr-9TjLXDmY
tQX-H4MRNtE6w-TOpVv1Y,https://www.youtube.com/watch?v=3I7peQreR-I
DOk4KbgHoNzhOn8i21wt5,https://www.youtube.com/watch?v=iBJ-UZivhTU
moxKpW0OcSSBLAg0fQVLM,https://www.youtube.com/watch?v=wH2qjcUb12k
R_vgG06hvYOMGJL46sBWA,https://www.youtube.com/watch?v=jFGTBs2zTdA
IlxCiir5HmOMe-b5nz2wX,https://www.youtube.com/watch?v=H5xkVPsXhgk
OGEHZJjf_DN60UtoKjqbQ,https://www.youtube.com/watch?v=Gz5z14MgIDo
2RTsXagHyyoUuoWIkTSF6,https://www.youtube.com/watch?v=Kmg8Kpq6DFc
88bdx14c6lSuz6htLjn_K,https://www.youtube.com/watch?v=gqZKikVT9cg
C5C39GKpkficPHaCtFdwe,https://www.youtube.com/watch?v=MW2jsMvbTFY
H9cnGbzwKHmxPgd1V8gxJ,https://www.youtube.com/watch?v=pbchd7tXx3Q
FzZ3F9RPpV1jQ_hhMRsH_,https://www.youtube.com/watch?v=6ycElT1teb0
wxWAvOp7RRlAGMStId9q8,https://www.youtube.com/watch?v=McmwpBGNwuM
21qm2YsGNO31JQ5kHSFhc,https://www.youtube.com/watch?v=praWXYm0DKw
W3LgBApcQ5xF-Q5XL4VsK,https://www.youtube.com/watch?v=a5nZZxPJK7w
MHODA50DGvWT11nvIi1_b,https://www.youtube.com/watch?v=xhL4u-vqflI
ZmLchEPmPLQkgP7_ALrsE,https://www.youtube.com/watch?v=f5Qeqewnsj8
r1pvfId3Po0OJaOOZjCCO,https://www.youtube.com/watch?v=wZdNvzsnngw
9M13SN-6pEUtO2f436pEn,https://www.youtube.com/watch?v=RCF400c4HCc
wCow7CVpi87vIjucS99X1,https://www.youtube.com/watch?v=9fAGlKrEnqs
RLKX9WiX08faBIlyGufKd,https://www.youtube.com/watch?v=cOOhCAJclkQ
rEjARD4BKFnctmrnOOtTn,https://www.youtube.com/watch?v=Vli-s6dQ5DU
GdVHcG8liPkwn7bdeorhv,https://www.youtube.com/watch?v=IvQLsu6b4LQ
6lQgQgTBH6m5RbxPZ3Uhx,https://www.youtube.com/watch?v=rSq5Wbem308
JyLzG4-cw_Zj37QeEOI5d,https://www.youtube.com/watch?v=cYmva54bj-Q
EwS_Duat-wKfK5JT1erp_,https://www.youtube.com/watch?v=-WZbRsnBsjs
ry4xvWb5PfKNum3WCVJb-,https://www.youtube.com/watch?v=2JBT95dhPyU
Z6nGmkEs6HI5is_UotdF8,https://www.youtube.com/watch?v=DcIceYTM9YU
wiQC8QqdDZaC7Qt5Au8-_,https://www.youtube.com/watch?v=_vklz6fbTVQ
vURqvFwjeeeWIvQBu6ejB,https://www.youtube.com/watch?v=3dqfYq54YKI
0ivF48pa1zfc6jJqxRQoR,https://www.youtube.com/watch?v=AVjzOELr874
ducYx4AQLaJgRHqTCt1a-,https://www.youtube.com/watch?v=uhqpKhtBwyE
8S19IWX-Le7rCpzJGrL4q,https://www.youtube.com/watch?v=1I01gPAUIOM
MRpHEqxnA5zADOYOc5PTp,https://www.youtube.com/watch?v=7Bbuv41oIyc
SussLBHLBATYh3iVgp5Pw,https://www.youtube.com/watch?v=NOzWCJmTDSE
x90IktDcg5CXt2bRWPoRB,https://www.youtube.com/watch?v=OAZiN67G5fw
5jeVM6EDgrmLGGtz8T76Q,https://www.youtube.com/watch?v=VCYi5ja8tgU
1C_4SSN2-4vSB7zWl6ejM,https://www.youtube.com/watch?v=koitPkVKmAI
mBrmoqEU01Ke879kvo687,https://www.youtube.com/watch?v=FU-E9x9kyPE
XSLmGfAVoILIlJmeTD2xz,https://www.youtube.com/watch?v=ROz5AxNv2wU
CQEtV5dQI197tVgsnEGv8,https://www.youtube.com/watch?v=KKRaBzRY5Jk
gnPGwgFr6-iWjncYnmO2Q,https://www.youtube.com/watch?v=Z9i-yxhtycQ
yQVsUENvBoP00Nx8WIUi8,https://www.youtube.com/watch?v=_Cf4u1wqNnI
4ACM6PLivjuGwODppePMO,https://www.youtube.com/watch?v=gRPpLHkJFo0
Zd4XmH9vnpuXmYK_mlS3e,https://www.youtube.com/watch?v=zKDz5D5sfnE
cuItlYYsR5Kgowt0zRysF,https://www.youtube.com/watch?v=CswwXQGvY7k
IlAAhBOBe65R3zjJIYHxK,https://www.youtube.com/watch?v=a3cdGg0q3iI
E2aHRTC5Z1U9SQfk9juXv,https://www.youtube.com/watch?v=rQxCiBYlgx8
TIKsNNqrdIaQ0GUNDcFiN,https://www.youtube.com/watch?v=779ppoCATN0
IEAOrFP3DhVNQMn0TBJVM,https://www.youtube.com/watch?v=FlXcuUOeS7Y
QXZq2QcO6Do0T3iLke0jI,https://www.youtube.com/watch?v=D2S9igeztvs
S1ZbvknkKvxBqgTOsLdH4,https://www.youtube.com/watch?v=hO-VaRhAE2Y
_V-B_-r4YyCNxAQrzFaxI,https://www.youtube.com/watch?v=xzkBcmvQvZc
gLwl0Bgc4hJtpEAbA7ZPm,https://www.youtube.com/watch?v=7rGq7zU2Mlg
nsRkU-Di0_PK_8_si9duu,https://www.youtube.com/watch?v=CjruWRBPJ4U
-2uMBwg8GN5UJ6AwMiJaS,https://www.youtube.com/watch?v=Ia1tq8kFWqA
OZVBYlVhk0dtJEujKfxW0,https://www.youtube.com/watch?v=-39JpuQYG48
-aiAyo3EWlEDbeTVbrdgQ,https://www.youtube.com/watch?v=sd_stm-g8yc
yQ52iJbMd8aqk0OiNEh3J,https://www.youtube.com/watch?v=rdqZ-QeOCM4
EQDYb1U55Nerav3MbT3ii,https://www.youtube.com/watch?v=8Hrb2v4ll4Y
ZJV2Hskaupi6CAIbcVxG-,https://www.youtube.com/watch?v=kRS9OSmVmPs
Kh2NjJt7D5yjNPplhKFMU,https://www.youtube.com/watch?v=exbKjZi_Tbg
qB38IDie5O46v5-7K9y7u,https://www.youtube.com/watch?v=2jjykORPOaw
sTa5cwkUftt9Up_UgbC2g,https://www.youtube.com/watch?v=tnfhExlZ6O4
BOyScbG0EvQuWYt8UQoGC,https://www.youtube.com/watch?v=yHv9MYtuY-k
46ZU5mz3GsQPSH6qOUuX1,https://www.youtube.com/watch?v=q5Cc01Dvrtk
FOLvwhlMn0NJMZaplfeUi,https://www.youtube.com/watch?v=knN_BNQBz7M
WKwKUgC6bP1lgUjwIdadR,https://www.youtube.com/watch?v=hVEXhX81YJY
Pb3gwl29LZYpjk4AjeB-k,https://www.youtube.com/watch?v=ZLvzNAUUJEE
7ESWH5csUCOlTyfET-xjT,https://www.youtube.com/watch?v=K9WPL6v2kg0
yugRpKoroPU2Ds0eHaFC0,https://www.youtube.com/watch?v=2AHiAWcdC6k
HbdDUE1bjDMhEXFiLU1c_,https://www.youtube.com/watch?v=tQOeBI_mlww
PmY18rhDX0b6PFh26Mau8,https://www.youtube.com/watch?v=V_DwNLdQics
CT1iC7FdW74d8f4r0NqCo,https://www.youtube.com/watch?v=lVpcHFWbsSU
KE25SYysIoqxgr9rYRyW2,https://www.youtube.com/watch?v=ruv3MCCDTDQ
IbGU7oDtU1G918CgNPoty,https://www.youtube.com/watch?v=0LoobCux8MQ
su5oAcK-fdXDr6Sz-5CsD,https://www.youtube.com/watch?v=VyUgPNGL9e0
YkoiBtOTe2UmouIdB8twI,https://www.youtube.com/watch?v=IcuPaGORDtg
D24qrL3Fh_M9ITsI2UQ-b,https://www.youtube.com/watch?v=wV_wWDe49LU
MSgl3I-jr8o-_jsnSI7Ff,https://www.youtube.com/watch?v=h2-YsZgzO1w
w3LTDrX6ULlgm7MRjoDdi,https://www.youtube.com/watch?v=E9GpUYeK9dM
QSLoWbfuTUuuVml7ZASIJ,https://www.youtube.com/watch?v=oSrP9u2Tqxw
eX6ktxlAqst09ON122BZ4,https://www.youtube.com/watch?v=ZNRhGCbLi7E
mS2Zw_WXmCrNPydxWESAy,https://www.youtube.com/watch?v=r-7uozTQIx4
gQSfaU0aONbRu11P3mBo-,https://www.youtube.com/watch?v=P1QFKaCWRQU
xu5_NyEy92ukewVC3LWit,https://www.youtube.com/watch?v=lq3mquMFGfI
YJrPdXumKawDm2x0IRug9,https://www.youtube.com/watch?v=ftkqoRaWKJQ
f4AZKVSdlb8DX0e8PFzOS,https://www.youtube.com/watch?v=2AoZ2hZ8axA
LMR12CcgWKgS7vGMUBsmt,https://www.youtube.com/watch?v=e94WnMQvN08
o1WxhJXhahW5UPR2TGGTl,https://www.youtube.com/watch?v=vQmS9XOWkLs
ITZtQHhfzST6GLAG3iJkC,https://www.youtube.com/watch?v=ADGwW4bDP4Y
DG3dbJGz7VXbZoZisHsLV,https://www.youtube.com/watch?v=YSVOaWG0py0
ZPHHSZWR82hELNc644sb1,https://www.youtube.com/watch?v=makkPNsdvvA
QZVHJ01GZUSO85OuNkv9t,https://www.youtube.com/watch?v=owp0zm6A3qQ
O6yttHApdv0T6Au-m9CU8,https://www.youtube.com/watch?v=MHMaM5Ean5k
UqgkodtUn7a-7FoAeLIHr,https://www.youtube.com/watch?v=1I5SgEO1maw
8OAqmsDNkD-9U0a89jctK,https://www.youtube.com/watch?v=IXdNzOmA6jk
iMXxkC5H0idZE5JOuFraP,https://www.youtube.com/watch?v=DtZPba-5UFI
RJTnddYqMQGiZUCBt_oMI,https://www.youtube.com/watch?v=iJryIu5_8xs
AL7DHxAq1ZE8odQcc__5b,https://www.youtube.com/watch?v=nbMV2s59Bvk
FPqEQBvjVgPZhTybXVvAo,https://www.youtube.com/watch?v=PR_ieC0wcB4
b2Dbk_KMu1AhiIz15nzsC,https://www.youtube.com/watch?v=TRHaG8N23FM
ua7bWoQPm-RuT93rVodOY,https://www.youtube.com/watch?v=A3cU8LA9zqk
QuzgqbWXkTOlnYpdbyoAF,https://www.youtube.com/watch?v=YkR4ik5vq4c
SpHCuHn99W_1SyyW5sPso,https://www.youtube.com/watch?v=rVd3Q7Vf8uI
0eClsqY3XV26H_OJsaTHb,https://www.youtube.com/watch?v=VQN6jzAgwmY
4fI-Iq9WgljvixHvD9URo,https://www.youtube.com/watch?v=lZqj5EmvauQ
fngeGdtdxWRc99glmNYqi,https://www.youtube.com/watch?v=Rt9YKpcnnV0
mDeox-l78UevRHGZYQkBI,https://www.youtube.com/watch?v=rrRH23nzzE8
5wNa6OHFX-acvgvaosk6d,https://www.youtube.com/watch?v=cloK-_CU0WI
OJLK9wf3z9sW81c1h6FmY,https://www.youtube.com/watch?v=hZKqEas2abg
2izZ1P5N0sYSO4VVDPF2W,https://www.youtube.com/watch?v=dffnl0og4VA
I2ejUT2lAOSUSLhBsYp-t,https://www.youtube.com/watch?v=50FdQNlCsuU
4pe4Wf-X_FTaoOzECn7xF,https://www.youtube.com/watch?v=Wk8zsiIeUTU
KbrMq0VStWaExKiCHbLUP,https://www.youtube.com/watch?v=7T2R0bP6iTw
iTlgujUIbyAfoT3nsva74,https://www.youtube.com/watch?v=169PzZhYhCk
WPJoumpQe9HVI8EVGyaP_,https://www.youtube.com/watch?v=j9ota6z7pr4
9xDMR0K-BAfiQzYgHlEG6,https://www.youtube.com/watch?v=yf_EiX0rf_0
yN4xYoVOqYMEYu5IgDbMM,https://www.youtube.com/watch?v=DcR69mMAge8
448bfwsNaLYzT8XTg_pP2,https://www.youtube.com/watch?v=aFsHHlM0Ccg
t8I1LFSbzQEakeiw02QfZ,https://www.youtube.com/watch?v=kJojUGOXSbw
KUHMmSRrTzSWP2J6Urw8O,https://www.youtube.com/watch?v=98hVCuIWRt0
bKAXGcqFHFRvpOYKl8kcE,https://www.youtube.com/watch?v=LUz2iTrlhiU
Sg3B_VNY4ddOp2DmSXqvU,https://www.youtube.com/watch?v=J3L9weOeW4Y
dNHOtaiYKgiYo7W1uO-gK,https://www.youtube.com/watch?v=P26H8DVlneQ
qq66mQ-BwZs_DX_-Nwyjz,https://www.youtube.com/watch?v=8IpO2FBRB_U
wAtG7y_pCbsq58JavMAvU,https://www.youtube.com/watch?v=j1IV3A87UOU
ri2RvNzn2J9KCbK3CHoib,https://www.youtube.com/watch?v=x3v6pq0LOno
tmtYdZ9hVmWhGeSK3Hxyi,https://www.youtube.com/watch?v=GTPIdNgwGSs
_zYp_VZYHcFAOLNRoHlPr,https://www.youtube.com/watch?v=wsbR9w0ImP8
E1lOwPmDFpNFewBjtWnru,https://www.youtube.com/watch?v=i7e3oNvetYc
CnK4bFK7p_Hb8sR0YaGs8,https://www.youtube.com/watch?v=ud9Ql3bEexc
J8kpUEW55xTzI0F36UTLe,https://www.youtube.com/watch?v=6FTAOqzM47M
gGUiWzmorWRZ7AslbzNih,https://www.youtube.com/watch?v=2-rErOstkkg
TlbgQwIQoGY4HMeNxW3LJ,https://www.youtube.com/watch?v=2a-iP-FJRyA
Wnl0M8PpXf6rF468NwBXJ,https://www.youtube.com/watch?v=QVfowRWjLHs
10X9T3OZFJOCn3VY5kWNG,https://www.youtube.com/watch?v=TsMrPMewUOc
Wsf9ultW5mUN0hrdC0_XT,https://www.youtube.com/watch?v=f38BfHL40-Y
09VU-z2SYyXpZ5iML64dQ,https://www.youtube.com/watch?v=xBmKJUaz7Zk
IcC8csCG2yPsnrdRZ_-qP,https://www.youtube.com/watch?v=2F9RsyglY2I
fUnL8URr4keoKjiVKHHeT,https://www.youtube.com/watch?v=Cvqc4qwcnbY
Hk18A7KkT_gPiTiTWX0fc,https://www.youtube.com/watch?v=PJ9iL8rwOEk
6ek901scJCvHWIFJ8xnUo,https://www.youtube.com/watch?v=AoLnhxUE_EI
uRdYOU0meHK_8k-6tE6eD,https://www.youtube.com/watch?v=yICeYUlBgFw
Za2uX1pVHF-8NXoJSiH-u,https://www.youtube.com/watch?v=qNt6kv2P6l4
RVbKS4favNebUUeZrXT1M,https://www.youtube.com/watch?v=HP1wA-ROi5A
UooWJglqCCZkYvU3DGgpS,https://www.youtube.com/watch?v=_s3OR271XhA
uOTx70cVTg6udGI6TU_RP,https://www.youtube.com/watch?v=69cCUYuOBJk
5F0SXJSNT0E34hvzMo5gC,https://www.youtube.com/watch?v=rc-diHr8Hes
mh45K_ccnXXlApnP4S19_,https://www.youtube.com/watch?v=CEoFJQqqYXQ
wDK6FlwxfmoY0OOYx8raj,https://www.youtube.com/watch?v=_cqlWXhF0j4
gzNRnlGvZDE8wjjPZg7hn,https://www.youtube.com/watch?v=mT9EQmqcVRQ
tF2KGDLj8k8NXrDvGfp5P,https://www.youtube.com/watch?v=h0_LIT9I_Xo
Nr2n6YH7LjNEAhq2bKSex,https://www.youtube.com/watch?v=tbnHdl10pXs
wJLAhc6bI1a-c7OK1deWC,https://www.youtube.com/watch?v=M7dpV755gg0
c1-nhs2fpCRa0SY9Awxyq,https://www.youtube.com/watch?v=FYTFgAmddDY
tAcgusk7Bprw7Jk8eKclN,https://www.youtube.com/watch?v=c3MkxhcL5K8
6QPK8RcsMr3MrbayKc_5Z,https://www.youtube.com/watch?v=sZfBLZqxptM
GPAjngpW6dcvZagq5mhBx,https://www.youtube.com/watch?v=VbJvfguERQI
2Zlk_O1Kggav8a59SY0aQ,https://www.youtube.com/watch?v=uudhzB1hjxg
XXkPuyaBjdI3Npt9wOOD5,https://www.youtube.com/watch?v=4XAN_rYUeHU
7F_5OH3S2V6HuiZC9bn4s,https://www.youtube.com/watch?v=kA831itNHuE
T8Omo_k-S0WbqbSBzxC_0,https://www.youtube.com/watch?v=vobiKhA33PE
7hY9UQ0cH_oGLuHo5xMLL,https://www.youtube.com/watch?v=-ayBJczbi-o
m8nVLo9wKgxMJc5oFWhxC,https://www.youtube.com/watch?v=cFjhCBkGLfA
O3vPCeSks2XEBsQb9Boj5,https://www.youtube.com/watch?v=sgwxXhLZ-cI
wERa-olzS-AhqITYzr-g4,https://www.youtube.com/watch?v=SNX6fxpLUmk
vJybuc5SqS79VWFTLmluQ,https://www.youtube.com/watch?v=2KaH0wdAfjQ
z90VtD0WgW7rRojnaaGqQ,https://www.youtube.com/watch?v=xEgGbHr48F0
VLBAyi3VWv4xBtP1LmEPu,https://www.youtube.com/watch?v=f7qfyXzlwME
c2H6tWzsC_XubiJ1ZWn6C,https://www.youtube.com/watch?v=1w6-PHncFPE
a8Hs4OnbbXD879c6lDc35,https://www.youtube.com/watch?v=ELOS8iv0AQQ
pLMDYxdqgDFvgHyWcR8YZ,https://www.youtube.com/watch?v=Gt7uSYV34wI
5slYhqsZmsb3MIyG7lufO,https://www.youtube.com/watch?v=rNPLiJ4l-8U
ronE8GXwiBiR-W2gIH2bH,https://www.youtube.com/watch?v=LvwrqwlK0FE
9uQCPU5Ad7czbCMbmiw9T,https://www.youtube.com/watch?v=78yBPiH55sg
GPc95EBOLHBSVobMV9F_t,https://www.youtube.com/watch?v=qPQjC90eJ3A
wBNIZeKsmqi5Lnz_4B0NC,https://www.youtube.com/watch?v=qIWL3Ydy-PU
s4N5QOO2TC2eeduWLrPUe,https://www.youtube.com/watch?v=OleiTRTCnWM
oTwcdSMEUTNI9ZenmcikK,https://www.youtube.com/watch?v=0bOKJ-BlBu8
t010rC03RqRB12ekNlfMi,https://www.youtube.com/watch?v=k7Rjfggr_E4
kyqMP3N1ZjedqRxKtbP2p,https://www.youtube.com/watch?v=WNrq3q8WmyE
2hOP0iTjLOFv_kNWUCOsL,https://www.youtube.com/watch?v=rtRiQfkV3hY
BVt8guY34-4CgXiWrbNT_,https://www.youtube.com/watch?v=M784XIsCnFY
cBNg_CUH-Y1NUHHLyoOv6,https://www.youtube.com/watch?v=PtAhWizf-EY
V609n2Jl0tihCM9TLXbCC,https://www.youtube.com/watch?v=6Bz4Dhfh6aI
_PWqTwPXZgGxCvlKA8yjQ,https://www.youtube.com/watch?v=d6aQAkatjlw
3b8STMbXzuQJNoyfmR3yo,https://www.youtube.com/watch?v=-R9hllg9UUc
JufZaDyta_EmJoaitMuhG,https://www.youtube.com/watch?v=WXYXij4XheY
IIwKg-2DxeVFaGiq8HBM5,https://www.youtube.com/watch?v=fPWKgEWGceg
9zThJz-HdgVegwh6JXJih,https://www.youtube.com/watch?v=aOx45gLHiqI
NsC2hMJ9iwnsll_9XoqfZ,https://www.youtube.com/watch?v=mwq3iQpBJ9w
pfG0V7rGuhf1L2tf5YVBT,https://www.youtube.com/watch?v=XMSHJArlOVk
H6lndbUNE6nSIP_NrMG88,https://www.youtube.com/watch?v=ZI1h3n61fWk
SsRlJaD65zaHLDUus7mxf,https://www.youtube.com/watch?v=oOO5Koi-UFo
rXoRBNZ1DOYoF1-1CosQ1,https://www.youtube.com/watch?v=BPhGS7NefO4
IePZCZcSaS68aMReNeiCb,https://www.youtube.com/watch?v=DHzSXRGyglk
e8gW8Bdr-EeprYLcUVY-G,https://www.youtube.com/watch?v=kXc9j3bxu-M
5Y0D2Et_o4xcLrELLDw-Q,https://www.youtube.com/watch?v=sbsqAIgAbqE
F8Byh5oLX6QUXmcJdi-6O,https://www.youtube.com/watch?v=kuPr-noqTzs
ZQ_8xCrBbzhf8UqrVu2DN,https://www.youtube.com/watch?v=kf_dQ0O0F6A
_0z5x5vTO8ILLjfsoyinB,https://www.youtube.com/watch?v=H9HYXXNU5Hg
SuR8t0UE-UvGJH9uLPGyW,https://www.youtube.com/watch?v=RPdRN7yFD44
86WIIf1R_PPWnlIyVXCdQ,https://www.youtube.com/watch?v=d5ct8Ps9RXc
jVLV0A8Hhyfx1tJdj9ltG,https://www.youtube.com/watch?v=zPl2_KXsCmg
mJdQE96X8tc1UXVzQf6_k,https://www.youtube.com/watch?v=u4gFjJcHtAk
Hox1O72d2nmWxBGBc2L4O,https://www.youtube.com/watch?v=XYTrOQXvoKI
VwoyZviNFEW1YO41Zd_FA,https://www.youtube.com/watch?v=-oq0_2ha9zc
YJqEMP85nfNQGvdARoGNI,https://www.youtube.com/watch?v=Vmn9ILmasao
erzNbDXjBLhZaMYujKFVR,https://www.youtube.com/watch?v=p4eAR2Gw5RU
7eljedCVJqZN1VgnvPPqy,https://www.youtube.com/watch?v=Pq2rrJnJc4g
D9MkJ8eyJcX7QjHczYcfT,https://www.youtube.com/watch?v=8e13VzDcza8
Tl7WW_BQeroRkZnSWgPtw,https://www.youtube.com/watch?v=THIeq-PM4pM
tl_UOXXvZNnnyB0g6VEGl,https://www.youtube.com/watch?v=SlOAttfZpTc
uIbyYER9W8BaGEtEVsvU4,https://www.youtube.com/watch?v=G36K6FEhuDg
StehmR9BV1jNhCSCW6jWc,https://www.youtube.com/watch?v=mSxKpL2sfCk
kdn-WQg9nDDsddHnpb0uX,https://www.youtube.com/watch?v=yEOEIEqMPE0
MvOfckwz1fT_lzzuqNjND,https://www.youtube.com/watch?v=kyndMhTZwH4
gQu6o23D8bfbA32wOUZGH,https://www.youtube.com/watch?v=xeliDRhfbjM
wAkV-ZSHLFM6jiHQUX2ua,https://www.youtube.com/watch?v=KUaIfhLfkpA
wbF1lkEMNixsb86xNtxnZ,https://www.youtube.com/watch?v=dJfRJIqy7LI
oQZT4p74Ofd_hKmRa8nJs,https://www.youtube.com/watch?v=TkRzvV8Aa5o
nFjOYyKmHqR4AkEj6_RId,https://www.youtube.com/watch?v=OmV1oDBO5lM
hMhlxLwJGuthJdJK1D8k-,https://www.youtube.com/watch?v=_xla1NyzS24
6K875h8Xn_0HHLegZYo3w,https://www.youtube.com/watch?v=_1yM946jqsk
FBdFjKRSRA3_KCiJAbNFM,https://www.youtube.com/watch?v=nrNUPQbYkH0
HVqGHhHxh96TcRllN_W0x,https://www.youtube.com/watch?v=XTRtjsV5z7I
hlKVBYslt2NQBMb4hl9gw,https://www.youtube.com/watch?v=Cf_ecV4-M0M
2GIadDj2CNr7p60fnIoMx,https://www.youtube.com/watch?v=LQHTVFv5IwQ
CDxgdFBnet2AcwXAOsApM,https://www.youtube.com/watch?v=kLflUQlbioQ
W6yge_IxCzTx_ZYIaDq6M,https://www.youtube.com/watch?v=8-u_9qiMfeM
PKTSal2E6MF2XnNc9SIFq,https://www.youtube.com/watch?v=e15knGn0CLQ
kV9pRQ20X0R3F4SneROEI,https://www.youtube.com/watch?v=AOcDODmFPOA
cL1o_nAe7eOfct-MUFNX6,https://www.youtube.com/watch?v=CHiVxG8B9Vo
bVZIqXwGXeKhSCffPYQjx,https://www.youtube.com/watch?v=Tm4gBVTRqQg
3MFAgkbN3-o7tYmYI9iUG,https://www.youtube.com/watch?v=pE6A_LHTgKU
3LwsiezAeNUF2v_NjMelt,https://www.youtube.com/watch?v=KT71WRSouEY
COan-jyNeoMIZ6aHmUJqM,https://www.youtube.com/watch?v=kOKzDph7Yno
MOK2vduZ-fvPBKa8mq3Jd,https://www.youtube.com/watch?v=3bby-KBokQQ
Ptb7WHIeyvK9KuLxzAESf,https://www.youtube.com/watch?v=l3OWaRg0xEQ
fHNUdX0mgnTL0jznmk7B5,https://www.youtube.com/watch?v=bs4rzjXKijo
4eyCSCmQyWWMB9NOgoYO_,https://www.youtube.com/watch?v=4EhKdkuN268
ILmtKcdWa5ybspCp4ZlwU,https://www.youtube.com/watch?v=PU34ujCw0VM
802xLtTk_wmzRWCu8tuSD,https://www.youtube.com/watch?v=nKVG_9u1QCk
ajN7r3PXnLGCqriOksqv3,https://www.youtube.com/watch?v=8MRaDBJqQZY
QrC927-wgHxjYisIByQ8Z,https://www.youtube.com/watch?v=Kus5ie-anpk
zCRAp7UFP7BUHS8HCCUqt,https://www.youtube.com/watch?v=9Ji5teJoaWg
-VkNV2ZuCSpu_Uao-aYtD,https://www.youtube.com/watch?v=OkNvF312Hc0
l-71trnWVg1c1NrYXclpc,https://www.youtube.com/watch?v=mwmWGfM6HYM
-7f0C0GxvA1pZQawHPzen,https://www.youtube.com/watch?v=Vjo3Z1XP9-U
nxpB5uJDtz6bZKOiwomBe,https://www.youtube.com/watch?v=EK5AJAokzbk
ivD63tlXNJwuhgMlceP0V,https://www.youtube.com/watch?v=30KLh9m3vrw
nj7nYqAs-RMqPAV_0isMZ,https://www.youtube.com/watch?v=MDjOnvHw9w4
tozvPj6PwMVQCF7vptXba,https://www.youtube.com/watch?v=nmdiO-EbVjo
zMwy3fwUqNdjjIhIermKV,https://www.youtube.com/watch?v=oZsj7XjQHzA
AL1ONiq9HcWbgA2gTeWP1,https://www.youtube.com/watch?v=Qwo0X6_fT9Q
0TvrOwYhUIfmnjlUeuiVX,https://www.youtube.com/watch?v=HBmeTH04K-g
vbH3zpYcVeduQb9zXk559,https://www.youtube.com/watch?v=Bl3akunvaH0
ZqkYo1Ik2Bdd-aWrdlJ6T,https://www.youtube.com/watch?v=ta4HpXIIsC0
j3t-Dby_Bw008LKJzVfnp,https://www.youtube.com/watch?v=_RYlK_WeqgQ
Tfh9pxjDvGbBPDFLjq99Q,https://www.youtube.com/watch?v=DXc9gfYWx3c
pZCqSa_LKtYf6LIkJaJML,https://www.youtube.com/watch?v=wwKuvOn_-as
tsiGwRiCxcdqes5LQYLr3,https://www.youtube.com/watch?v=v-A83EHopGE
rroHEzjoY5MNiPSms9OH7,https://www.youtube.com/watch?v=1nO1NNnHHAs
hxdiEE55Alvq3rJDLUNHm,https://www.youtube.com/watch?v=0fhDD1Af52A
IzmVr4cWv8v3Fbh5GIyYG,https://www.youtube.com/watch?v=YgOuy7U42JM
UltQ-417W8oj6ZJWsEGKb,https://www.youtube.com/watch?v=Dg8b9yhy-ac
o3axIA5ZezPvOMMcdpbtr,https://www.youtube.com/watch?v=B93wh-7kF6g
p1uRw34mwv1Wb7FEaPZb_,https://www.youtube.com/watch?v=le5vxAVcpCA
Y9JnH_w1_6MIKnTL4uzG4,https://www.youtube.com/watch?v=yepqWYk8yZI
csLt_g_ircIJzxtIYnPYn,https://www.youtube.com/watch?v=jFXZF76XV5w
PBVBk3E0N8Q44dqbMgPk0,https://www.youtube.com/watch?v=0GsfFsQYIgo
iaPSRp1dk57Gu0UiUG_tZ,https://www.youtube.com/watch?v=c7-fwYHsAwk
CmOBftPx6w6scP4AYzai9,https://www.youtube.com/watch?v=jv7FJyb1k7o
kzzT_gJIYlcw5KHhhxAZb,https://www.youtube.com/watch?v=Qh_nT4WksA8
tHUDrDfHQRbzB-SE21Z0V,https://www.youtube.com/watch?v=D2Jd3esVLVc
P9tKNaJXektM7kJ6E20-f,https://www.youtube.com/watch?v=g-4eNmUgA5Y
zJasCUx_EOdLrZyB8N0tQ,https://www.youtube.com/watch?v=EApf9GG62mY
4OFO9IVYXoh0-E-BcspeB,https://www.youtube.com/watch?v=3WdlnuZJmdg
_f4CtdpIzY2phch6qXvLL,https://www.youtube.com/watch?v=Kc234dAzavc
_d5yvTNx8LGPFYdvUqPwt,https://www.youtube.com/watch?v=87hsumeioVs
B0EyLOasBJzfehtLzNhGP,https://www.youtube.com/watch?v=vLJ2tPBIb6c
qWGalykSlsw4_8Ao3uilD,https://www.youtube.com/watch?v=XOPK9-sl0E8
9LD0LMoSzNL9rtdzwawuv,https://www.youtube.com/watch?v=9RWITx3YwXY
TvBFkEoCuloyItnRAcHAn,https://www.youtube.com/watch?v=EaajamLjsU8
2FPAJy0YsJn-34udgd_AN,https://www.youtube.com/watch?v=xujTsGwJSog
qbWUsPMFIo4DZI9wSNovW,https://www.youtube.com/watch?v=VI05ee3oQS0
0oiCDAkRHK1_MRn3hJ2KL,https://www.youtube.com/watch?v=c9bwqMQWJzo
qsLIIjw1ODJje0ZV-fQCU,https://www.youtube.com/watch?v=nsN4QN0rS5o
IU72tOA1Cse9JzyFjUzut,https://www.youtube.com/watch?v=haVyf6Pm3zE
Pa1eCYgDs9x0up0UPdGTa,https://www.youtube.com/watch?v=gvZZD9Kh2gA
exZ98xvL25BFnxJKuACxD,https://www.youtube.com/watch?v=OXWchzGpuKc
c2GBJLCTp4A7hbFAvKHW8,https://www.youtube.com/watch?v=z8VLsfSm7Pk
OTIwnEcF_2oQrB-Ssq7DL,https://www.youtube.com/watch?v=nd2gmUeYVDc
09lOBY59xbB-EL5YrPIkr,https://www.youtube.com/watch?v=LH01sPEEBGg
fRTmkDbd7A_Tc0uYVUC5i,https://www.youtube.com/watch?v=yK0YiY0Ujc0
Lg0QLENwWhgHt-orFnmmD,https://www.youtube.com/watch?v=wJphtBuN3Xg
7R7ja0v1-QwxYrtqr3yEg,https://www.youtube.com/watch?v=i8gx53SiJRQ
W212d_4LhD32gFe3NQ0zO,https://www.youtube.com/watch?v=GROw9RuRbts
GD4nFCvnEy-u736t2SeGA,https://www.youtube.com/watch?v=RFei5yahzDs
ThtTYRjDqsJlfL9vEWsy3,https://www.youtube.com/watch?v=260yqnsKXo4
kCsK6dm0Q54WXoZkQzAv5,https://www.youtube.com/watch?v=b3ZPg7YfteU
DQ6GdAAAqjCu-fKVrFPSn,https://www.youtube.com/watch?v=UHGI3viP8DU
wxryKBdQ06cDTlDcV9i-R,https://www.youtube.com/watch?v=fIYnwHPMW4g
erED9r_x2x78-3FqZoLek,https://www.youtube.com/watch?v=IxJLibecx1k
rc3582J7QF-BTwptR2t71,https://www.youtube.com/watch?v=OI9bTBf3KCk
VX2L9YERRATmtOAM7LcDC,https://www.youtube.com/watch?v=udfOHHMv8oo
kOeiWDEvoGPWJxwXqEYxp,https://www.youtube.com/watch?v=iXtb4QoDcJY
g4AnmcdcPYTykCkmoO_AK,https://www.youtube.com/watch?v=oI-uzC5TVLs
J57fZttHISX8DWKbCCQhu,https://www.youtube.com/watch?v=mCHACugrpLw
ODJMbMkAMqgfeHKQIMuB4,https://www.youtube.com/watch?v=QXJZyS99JIQ
wrBvEVkMkvad7WfzoJb6K,https://www.youtube.com/watch?v=B_XLEorf_DE
oKpHhnXOaWhIF7q1Hv2nL,https://www.youtube.com/watch?v=o_5PoxMFhgo
kUXyc_7Fz43ttG3QwZNae,https://www.youtube.com/watch?v=F8-S1Pl4WiY
cU4JI3ikXwtl_h4ceqZJU,https://www.youtube.com/watch?v=D_03TIupU00
9JoeLokygwWCxRSgLFeCe,https://www.youtube.com/watch?v=F3RawO-mkBc
MVpH6Wb9I3DSQSyhrC7GV,https://www.youtube.com/watch?v=-2i5ysPVQh4
YqZy9Cw9KKvOcRkZxakAS,https://www.youtube.com/watch?v=bD0bqMxL5vg
K3uHaNtyJJdHBLYAU79gn,https://www.youtube.com/watch?v=vXtkWUc17Pc
pMPIwHjcxtKFbFuPv2YWM,https://www.youtube.com/watch?v=9712iuNtofU
OqOP5mgBpYy3Sbh4COat4,https://www.youtube.com/watch?v=ZSEJVBulMEw
zjGxpFNBwSxl0n3LfIpry,https://www.youtube.com/watch?v=S4g_8SgGvoc
MaXTd48YP9Niyx6th4A_H,https://www.youtube.com/watch?v=boAf1XytjOE
H2cE42UOBJAfXkl-jNRvt,https://www.youtube.com/watch?v=0uY-oAAhpxk
5eXsG4wIx2PIq979q5FC2,https://www.youtube.com/watch?v=sUEv-ko5Wdk
rairwrjn1BImIWIeOLmhk,https://www.youtube.com/watch?v=R-ui0ZWED48
TxkSjkp9u9ygRWwemFgMb,https://www.youtube.com/watch?v=s2OyTN1B4g4
PTz8IrFxrXe2Dyz4HhjiI,https://www.youtube.com/watch?v=OaCeRfLUiA8
9Ju_TS29VGRI0PcQiUdi7,https://www.youtube.com/watch?v=lIRgbx52toQ
9Ccr4rloiptoq8fREeORE,https://www.youtube.com/watch?v=JX6JUy09gMw
U-gMmEjhmI8ch5IfgDFUj,https://www.youtube.com/watch?v=ZSi7UKpda58
JGUGyVe3VguV_wIcF-YUO,https://www.youtube.com/watch?v=W16G68gRk0Y
jBN2iFuD9sUjB5dY0NrQW,https://www.youtube.com/watch?v=RXpLrsh30CU
_MVVaSD8jewIvWSmaCBXs,https://www.youtube.com/watch?v=Zat_Ks_buSk
cPRQIkzGpvFkmxN3N-z3X,https://www.youtube.com/watch?v=rzfNWNZDpL0
5irrB81TLQ_5aQx15kon-,https://www.youtube.com/watch?v=xtR7dxK2Lds
G65RS8q_c6Aw-6Lc6Ihpl,https://www.youtube.com/watch?v=jErkKLDofv0
lLIh0QNVdbBK_Hcu8_uy9,https://www.youtube.com/watch?v=JCsAqg0EgUw
clrDs4dDN7gr4WK6vya9b,https://www.youtube.com/watch?v=8t__1LLKVJ8
iH7F0-wLrnUdlKYgMjryo,https://www.youtube.com/watch?v=y-hLc9yEQdI
Qx_bfMgQVFuT9Q7o00KCK,https://www.youtube.com/watch?v=UQJKqj_3H6E
4WY9p17xIEDUEDQ5ZeGfs,https://www.youtube.com/watch?v=fQgC6mFn5lk
Nd3nKpRrUqOQNizLcb9gs,https://www.youtube.com/watch?v=qc-dG5SagsA
-Ol4Kvdl4460Ys1ZRQHBz,https://www.youtube.com/watch?v=NsB3ju5hEgo
1DHmTYc2genKoEnepbBRP,https://www.youtube.com/watch?v=MyO-V68GVMk
Vb4rbrYlA77GdjDRGGFdx,https://www.youtube.com/watch?v=l0v7uKQ0NcI
6-yhvA2DfN2DVP0lqmXk9,https://www.youtube.com/watch?v=ikWlQAB45b8
dByEZAthk2225SVY-tZKI,https://www.youtube.com/watch?v=4K5rg1ZZRKM
bNlE2FZTOpIMoZoMGbLLQ,https://www.youtube.com/watch?v=Ssgagq18iYc
b06jdLLPev77WwnhZXJuq,https://www.youtube.com/watch?v=rG6U7LAC3ac
_fxmAKnuG0XCVpBn4T4Dt,https://www.youtube.com/watch?v=fGHevIGK5zQ
hrsXrjhjzY3W6aVmCqXu0,https://www.youtube.com/watch?v=13q7Iy0MnDs
E3OfxsRTVwDAjsrtu5fSh,https://www.youtube.com/watch?v=5nmz2tkEN8E
ne2BnAYjXgN9WHkOS7vut,https://www.youtube.com/watch?v=0rQvmkfCdSY
RgIBu9bYfy5qurqMOIFW9,https://www.youtube.com/watch?v=MPlU-wmwoYA
4QZ7ThgRFzrz3GLrbbncb,https://www.youtube.com/watch?v=9UTiJTnjmFU
5F95Gxa6bae9dzscV5Rj3,https://www.youtube.com/watch?v=1PXtsQivyy0
CYpTfXl-0TON4-N5-JxFk,https://www.youtube.com/watch?v=ikKpcIyVt_M
o9yaUwMGPmbrX9tMNzuhf,https://www.youtube.com/watch?v=4GT_yeQjA14
0yJ7_zVNTxL_BPpCpcZjy,https://www.youtube.com/watch?v=8897z222P1M
3dSJd6vF_RZk3nytk_tUl,https://www.youtube.com/watch?v=HpVy2qdcyCU
usb8N1EJZQ6Azd0jmyttS,https://www.youtube.com/watch?v=cIyaMjLPi2g
kt-_ptL5TiQMbVY8KIAcI,https://www.youtube.com/watch?v=KZZVWrPlbtY
l6-Nqe6z-KOo3dr_PDeYY,https://www.youtube.com/watch?v=S5C3gQv_a3k
7jvGbU-qb4D4WQoeVjWEM,https://www.youtube.com/watch?v=g2R_DCkw6i8
YRqfSV86qsEDJK5I9U1gI,https://www.youtube.com/watch?v=HbKa80xKzl4
SBSF-ccwGFk1sOFasvgfq,https://www.youtube.com/watch?v=awQR6Plq1GU
1xhPGQ9FTGCwD_KtnyKJe,https://www.youtube.com/watch?v=zdJ-zxW-B-s
Cqb2G3U9LJHVeuH9t4hnP,https://www.youtube.com/watch?v=va7go9lKON0
Wjap6Glk0ulprWLwVM6i2,https://www.youtube.com/watch?v=Izvh7twMwV0
WAWcn9XYECtIbXoYDegOq,https://www.youtube.com/watch?v=S2Hr_cuYlW8
WDX9nNVwC9crULcGNTc0v,https://www.youtube.com/watch?v=AJ2xK__Yx8k
57OkoShkhPqsEY2X45yH2,https://www.youtube.com/watch?v=Jf3zP5ONSKk
ChJ-vo0HgRVq_50NW0RSW,https://www.youtube.com/watch?v=H-THnM6Ft3o
6045Sm8-MokHN_yh0QVaU,https://www.youtube.com/watch?v=BQ-vW4MyBqE
LvCDoeGGLIFM2lbcfcEkQ,https://www.youtube.com/watch?v=W_AIZgOM9jc
WfBlCYpqvBA3q7EO1Nu-y,https://www.youtube.com/watch?v=9g8XkbU8S6A
bm4AF2TgGGfS0a0WRs0mf,https://www.youtube.com/watch?v=s5euLBCMONk
X3y6XQQSOXIJe7ZE9CRPW,https://www.youtube.com/watch?v=orQVtw6GerQ
TyBdqOpEADPdySSpXYmKL,https://www.youtube.com/watch?v=9QI0Lo9QV-U
jwYBjCjPfWjp8kDU3UPHG,https://www.youtube.com/watch?v=8sLUtOZpBRs
szqigzCKLKEoU0Juo1owk,https://www.youtube.com/watch?v=lpM5R_bf-eM
eUM_KrMXbZEngKa90WtKi,https://www.youtube.com/watch?v=j05XUL5shQM
vuKVpmoa0wxsNd1xi3sCc,https://www.youtube.com/watch?v=M97NsRkQ4J8
mpcCBjXYLzCQZMTsN0nJP,https://www.youtube.com/watch?v=8y5Pq4V_mGM
iiVKDoR2xi_ZzzYTVNnMf,https://www.youtube.com/watch?v=SPohrb4fHg4
3-5ktMmmOH601w36_17pl,https://www.youtube.com/watch?v=MQDgD0lGdDk
sP74hq9kYZu7EDLScY4KV,https://www.youtube.com/watch?v=yFBG3dJK1uQ
DR_yhcie3_HLSMLv6sWRo,https://www.youtube.com/watch?v=dp3vxr4FjM4
rccMq2GTNcpAE9QtyEzNi,https://www.youtube.com/watch?v=36uL6b7Fg-Q
lzQyzmOYbWYvyxNEC1a_k,https://www.youtube.com/watch?v=c22i3RNxb_o
AYYK8hGZHCXDdNB06zEls,https://www.youtube.com/watch?v=kA4uHRGqs4Y
-n60X-eBZW-tvbx70yOG1,https://www.youtube.com/watch?v=S6VrFdSm9Ag
NmyhgEeYZkZifPIzvPyu2,https://www.youtube.com/watch?v=6KUGQIAC8Zo
a7V4ODprhEHoAIYdQktgu,https://www.youtube.com/watch?v=DvNvEE1lLDk
LX72CpkuoO9d2jA1_7w0a,https://www.youtube.com/watch?v=23xzXS27L2U
qQyv4jN4yf9GHfcEqRNqn,https://www.youtube.com/watch?v=FnFQ3SCa0PA
faJ4ERbzNye8Lyiu_Hs7w,https://www.youtube.com/watch?v=jXcqsK4iZO4
XBZPr-4TZHimZu1FBq0Te,https://www.youtube.com/watch?v=FgwlDkbvgOQ
_fOuJbWfKolB36kJSA3za,https://www.youtube.com/watch?v=HGnzZ4MoQSk
3T5qUQghJIlketg4dyP_q,https://www.youtube.com/watch?v=P-X-6-Ihbts
sbuUO3C97ETxVbv9MNSAT,https://www.youtube.com/watch?v=qt8zNcpsg-U
A1ofMskFNhNCbeEa9lLhL,https://www.youtube.com/watch?v=fR1UqcpRjlM
jRReHUBvAzM0IsS-nJLJU,https://www.youtube.com/watch?v=GYohUiCwgkM
EL0gzSb3-4xoxiuMzKLmt,https://www.youtube.com/watch?v=vBdCU5fSOtY
xxcaHCYyDoBk4Ez7ub5Tk,https://www.youtube.com/watch?v=Af4tWaQ9Hlk
tWfORzUGlwM4Pp6P3ahLt,https://www.youtube.com/watch?v=qRFW1sOugYI
oBGx29Z-2FljLC_AKJ3W_,https://www.youtube.com/watch?v=Sfq3umqciaA
esfiNIo_k0912CsqN9yjE,https://www.youtube.com/watch?v=XGSCrPwhXs4
U0nnZAnwLhIaBFA1eYRE-,https://www.youtube.com/watch?v=10HxgRa-aDM
2Aw__wVd5ZC6jE1NkvcmY,https://www.youtube.com/watch?v=DBiaf1W3yAQ
3HRadJ30yoZaV0Ylcn2XW,https://www.youtube.com/watch?v=ixRdoLBQk8Q
xe-kcMgVtIqJFiFc-18Ct,https://www.youtube.com/watch?v=ppMKD_t5eps
DgR52VM51WpCY7EiiVHrt,https://www.youtube.com/watch?v=Fb8bhlyBamM
78Jp9KLAqr9UKNVrGWkNL,https://www.youtube.com/watch?v=if2A0RvD2XQ
eWkGNn_Gm75BsFM37qEdN,https://www.youtube.com/watch?v=AXphxAm9Ars
4Nees8RTksPIK9HXZ0pge,https://www.youtube.com/watch?v=rJjwVVpe05E
bD8rtYKQXaTJUfj8OH357,https://www.youtube.com/watch?v=1XDU-bbdzBI
z8xhAe5M9u7_S9dlr4zKk,https://www.youtube.com/watch?v=856HRvkAyTc
-w5-PvCnrzsQVpLZvAT6c,https://www.youtube.com/watch?v=PZlbUo4Q3GM
JZuLc3l4ptFf2jh3Zhs4J,https://www.youtube.com/watch?v=xR6uCS712oA
Mc8iQsIAJm7X_ZP9trDBe,https://www.youtube.com/watch?v=BPaw79iwb-w
X9DyO0kuCQCmenQtmgnWA,https://www.youtube.com/watch?v=tUuR1By54ZU
ZPsH5hP0Bv-BhMT_IrObg,https://www.youtube.com/watch?v=yxp3dqBuoXM
yb4Y3LJ35u8SxA5J6ziMD,https://www.youtube.com/watch?v=UwwwjfEvM8I
p62O4gPZlsn82StTl_utZ,https://www.youtube.com/watch?v=vI_2ulPN2LE
ae_hLnSaaM69Eunb_aGYP,https://www.youtube.com/watch?v=WMi9nKsj9MY
qyfCh0Hu0gpaYi4XXZKne,https://www.youtube.com/watch?v=R7R_ro9j8oQ
mZ3Wt6W4eeSUbG4dz9BhB,https://www.youtube.com/watch?v=IXdwJrcCIUg
FLYpaiZGyxrFAAM-J60zT,https://www.youtube.com/watch?v=ORWEg0WI5ho
N34-zJeZgKGfe24ahELxK,https://www.youtube.com/watch?v=n3VL7nSgW-o
hUHsWWEpLgEKKw8o-sUoy,https://www.youtube.com/watch?v=3BadGii0qrA
9e6f4aIu6rPjpifU5tq7W,https://www.youtube.com/watch?v=l5AXmPXdsh8
_lvxhBl6UvPN5dxe9u8X3,https://www.youtube.com/watch?v=QcwMzFbMLaU
TlmuaMPrfZEzQTH1Mnmdf,https://www.youtube.com/watch?v=YJZtpI8UnMo
H7y3BeLCbIMb6RgWyZpcW,https://www.youtube.com/watch?v=LOOfJ4CFbMo
YPOKRzvl8-u0Xt2jShYMv,https://www.youtube.com/watch?v=rH4I6mr2gbI
A_ehqafaxbX7m1tDN1g4L,https://www.youtube.com/watch?v=yLESxvyPa5I
dOCZe49bLYjm2Jw6itsT2,https://www.youtube.com/watch?v=r6Bb7UHCZ9o
cXswhYuIUfBLO6wM-ixhD,https://www.youtube.com/watch?v=KkVtET8A460
6vzHCCIjnKWsu6WtRfqn2,https://www.youtube.com/watch?v=_KSCwC-2p1A
VSzHuonJyOyhuXvsFynGd,https://www.youtube.com/watch?v=3B9tyqjIxOk
lLkBWq4aBEJCHWCz5jxMS,https://www.youtube.com/watch?v=46a2bW0sLlQ
pdkqMw3lQfkMmZhjcjfRl,https://www.youtube.com/watch?v=fhlC3CqE40w
PuULpI9SDQh5DtEtIPc5M,https://www.youtube.com/watch?v=oXcjfzcQMrI
BUZzhct-Liy2Etqtk33OW,https://www.youtube.com/watch?v=rmOfl3ZGBnY
WjGV5gnHTQAdPyjkBIltM,https://www.youtube.com/watch?v=T_Ph-xfFC4w
-B2Cl4_zfGRO0VvwL5HT9,https://www.youtube.com/watch?v=ozYgIHnaKHI
fV0Y4M5WIplyU3Ne-8Yhj,https://www.youtube.com/watch?v=xLNiZeUM_WA
N3d4PbTg4pMNYM48OSA7l,https://www.youtube.com/watch?v=ueJAwV8CMqk
OnvAbu8sMK1qPJDn0lcnn,https://www.youtube.com/watch?v=TEOcG1JfnLA
hvMMx8u0n4u5PcTacQ2Bb,https://www.youtube.com/watch?v=qoyhnk9ZqM0
S7ApyMR9PLU0d0vU1n6bR,https://www.youtube.com/watch?v=M5gtNElH13Y
7SSrtwg92DRLtm6RPc8tx,https://www.youtube.com/watch?v=PsXIlBrinZ4
FjtJFZgLNNoMx0lUbDB5n,https://www.youtube.com/watch?v=IyN7vPd-xhw
nTmq_FazDA9LShCKTzwfz,https://www.youtube.com/watch?v=1JlTtzKArqc
DXGpSpiq8PRHW7-H3f76S,https://www.youtube.com/watch?v=5BxaOb8evcU
YBW1tJV94p4ITTajAUrMZ,https://www.youtube.com/watch?v=k92w-qdZ-Lw
cKkRD3pQEaKnwsP_AHs7H,https://www.youtube.com/watch?v=bZr6LwhFJ3o
OH0xBIawzE6eSlLnVtM7h,https://www.youtube.com/watch?v=FVICnK7NBGU
y8QnAHWY8XBsXOjBCZAW8,https://www.youtube.com/watch?v=chMFQOFfyXM
W1pUQH1GNqeEwOM0-EnlV,https://www.youtube.com/watch?v=X_wWLrce2G8
jclUPBEU8nZ714YiYhnhW,https://www.youtube.com/watch?v=lMw6gZ2tHBw
hVCYxprFJmRFo0VJdhrKi,https://www.youtube.com/watch?v=yw2IfE1xQO0
NWtBsrV8JplsZfybnpg1-,https://www.youtube.com/watch?v=NQ6N1gvznXs
KSVkSXcdyenNPAfydd4x5,https://www.youtube.com/watch?v=eklGiwkBdUE
yQxa5IxNp93nMeZbF8qXK,https://www.youtube.com/watch?v=NpnHuEdMXiM
EWpdsvkHxifP0BuHTB4SJ,https://www.youtube.com/watch?v=jtdgNTgHBbI
b7aKOZQ8zhrOR1LAAe6-R,https://www.youtube.com/watch?v=56mh7Mv2K_M
C0P6SUsSTjFekYLVaAlIl,https://www.youtube.com/watch?v=loPDylRGNwA
QJyuXKSzQwo2TPayVewuQ,https://www.youtube.com/watch?v=g_2FgrgkUeY
r4YsDO6YpXKpMqMOu6zRd,https://www.youtube.com/watch?v=rc72hkPhRGU
Olxn46b3XRjIKuUQW__aw,https://www.youtube.com/watch?v=mDMpDQDKVYE
iOM_zkFSprCRMD6229wrC,https://www.youtube.com/watch?v=TO4f-ukGbII
KzIVLXURKQ7GCG1QDMgzO,https://www.youtube.com/watch?v=OMhSPHhokVo
HGn0bMJSBe6bmv5-3NL1L,https://www.youtube.com/watch?v=4ZvjOHqIhVo
_Dwyk_v7c_g9ZEf88U9F2,https://www.youtube.com/watch?v=jFbcIfhLpmU
awCsgQsJcuBb1D8KLE40G,https://www.youtube.com/watch?v=0FdGmJYlymo
0s1JQFELKlm3yFqiLY0jS,https://www.youtube.com/watch?v=NWFtyjoWo0U
1M6loFY_mjuWSco6fcdMT,https://www.youtube.com/watch?v=WrjFReZLptY
gqyoRrnUfv17HEIaHTVOh,https://www.youtube.com/watch?v=vc_LYZtDRVo
Veb-v2FLecllepYOsarqS,https://www.youtube.com/watch?v=9NzQ3G6rY5M
SwEdOcHt1qUT4X1ahfhHk,https://www.youtube.com/watch?v=eMNEWhDeF7w
_QahsKL8O_diLvWomsOgY,https://www.youtube.com/watch?v=snpa6eWTprA
tBhOVJq_qeH2zkFVCaXIx,https://www.youtube.com/watch?v=q3xOeSLnHak
GcDo3CXHtL8z-y3b5cXVg,https://www.youtube.com/watch?v=sXGFrHPIpgk
zyYsY9V3NnIO_nwrwDfNS,https://www.youtube.com/watch?v=bRIBjxWbnOM
8uS5nOOpfg8r1D06Y_o4o,https://www.youtube.com/watch?v=cBwaxtrV1wE
Se7a_-seRDkorUIm4TNim,https://www.youtube.com/watch?v=Ukickehf2Ug
9Ci8nT8o1quAtzBInNFHl,https://www.youtube.com/watch?v=Yt7v4shTw6w
qfdIMc8dFEuG1LxdcTB2G,https://www.youtube.com/watch?v=-c_nbF9B4LI
0J3flur3pyodMT_gcSSXl,https://www.youtube.com/watch?v=yRgT4e07yWM
3IvYqpbZeaLsB7hIYTUhU,https://www.youtube.com/watch?v=GNoEIMMQwV0
cT2wukfM6DraK0cp2K0fx,https://www.youtube.com/watch?v=yC0_R3tTBss
M69lwnXhVdULdTUqjGcSW,https://www.youtube.com/watch?v=xirD8AJL6Jg
nK2-t1J5XfqcFGEOD3IuN,https://www.youtube.com/watch?v=q7N71QWMVwU
9x2NopLeN4AWD5Pbe44jU,https://www.youtube.com/watch?v=BjxOGzGLX1M
ej1nUbn94EzBItmXpCU4A,https://www.youtube.com/watch?v=6imL2nB9cyk
f0K04jH8Q5mZ42RbeyiBi,https://www.youtube.com/watch?v=-SLwW3HrMaA
3eHSpXcNSzLDcj2T_8Duc,https://www.youtube.com/watch?v=RXSN6Hf1qls
I40rDZIKJpE3q2jqYV425,https://www.youtube.com/watch?v=vvqhrv_Q9_M
mT2LcOZ8O-vYKT46c8rJX,https://www.youtube.com/watch?v=cNUhZwiHtnI
OPJM-cWllMNQELW6gipby,https://www.youtube.com/watch?v=LV5fQW_WLWw
SXhIIMKtUsddZLACT6w7u,https://www.youtube.com/watch?v=tvJXARLybo4
U_JdjkM2llzm1HzPWXwrx,https://www.youtube.com/watch?v=alerJ1d4TTU
-BIdjXgvA1JWhZhJHhlis,https://www.youtube.com/watch?v=H2R2zAXsF0k
YF35GFPkuJxFUWmu2I1_u,https://www.youtube.com/watch?v=X42twDMqrw4
hoin5FLyfg7A9SiRmv6th,https://www.youtube.com/watch?v=WfmUDDlOFKA
RR_Rd1EEpXX30Z5tZpDE9,https://www.youtube.com/watch?v=NIl4TaJ0dgM
55xMr94a68rdLrM36eTed,https://www.youtube.com/watch?v=MZa7JbZfFLs
QU3ct6_KeLZh9BtqyDi-v,https://www.youtube.com/watch?v=DksKJ7K80VQ
1lWROwdSwRc2dl-CRjjsg,https://www.youtube.com/watch?v=2r-VMOQN-V4
Z0rPKMK4hwXLXW1hjFEmF,https://www.youtube.com/watch?v=aHszqUqCMzk
fdfsh1kIJVodIFmzRgDEv,https://www.youtube.com/watch?v=Z6s1u0zihMQ
dDDNhC5EG2JqXOxMRIvZ8,https://www.youtube.com/watch?v=ZcYfd596AWg
MDuv368yPmDZleTfA2r-P,https://www.youtube.com/watch?v=wX16dIq0uhw
LV0p0IG0q-s4uWyHR1iGS,https://www.youtube.com/watch?v=uU8MoB2ka_4
_YsNRqdh0hxrLsB2pc1o0,https://www.youtube.com/watch?v=sVAEM19yrds
_ep5EpAtkMs_JPRvdCUTE,https://www.youtube.com/watch?v=R5wqkPCPNfI
LfqV1vSWEZoEIAMuNbkCL,https://www.youtube.com/watch?v=1u222GYzLaU
2cjOKft68TMcl6esJlaho,https://www.youtube.com/watch?v=M4VS3SHLXWw
EdBIwOyQrX0Jql2iVK_gU,https://www.youtube.com/watch?v=62APaz4MEww
OXwM4GZmjftLqeYSbsrO6,https://www.youtube.com/watch?v=dBfHKv30PyQ
78RvuMVtseenofmtITzRV,https://www.youtube.com/watch?v=ZTnIIAQir24
L3T_OZkeCpNtdVdibIPZ5,https://www.youtube.com/watch?v=d4DZSWdrODA
qqbMLNBS57KsNlWn13V_k,https://www.youtube.com/watch?v=kvzSQWbqVnM
cp-y7vQs3PX01RpHziIwB,https://www.youtube.com/watch?v=HxYm8ISYfnM
vBymoDMuaCqgDxdjLLi1o,https://www.youtube.com/watch?v=KF9OadhfxJc
2HkPWKfvBaKNrysICDNSR,https://www.youtube.com/watch?v=-zusdHlXfLk
ejKF8yloZN9tZHAowrV6j,https://www.youtube.com/watch?v=1ssrB2nr6V4
9-ZATt5Gj9c5oYYoi_tO4,https://www.youtube.com/watch?v=-6ce4jACagE
UMGupR-DURy5hk_YDoPHp,https://www.youtube.com/watch?v=IC5FA9tBI5I
orGK5WJJKOFk3Flx9jf9z,https://www.youtube.com/watch?v=BPVueegdx3U
RRSGK3jXxw9GFpfMx8X4a,https://www.youtube.com/watch?v=uWZ7iIjKapI
PVu4pUVE0Z9dpfnN6dusF,https://www.youtube.com/watch?v=w99cnw2Y76A
s7eK6s6mRQmkl37z04SuY,https://www.youtube.com/watch?v=Jr9b_xVxJtQ
T0LUw_ndnv8Z8jUqQHXSm,https://www.youtube.com/watch?v=RNfGJGAjqxE
InAM8ylEdA_jEGm_BXlK5,https://www.youtube.com/watch?v=JmYqL-ytjco
V4Wmsd6lii9k33Mwdr3D5,https://www.youtube.com/watch?v=GmWgjDf2GLU
PFRiJmQG8Ldyp7ArkX0Q9,https://www.youtube.com/watch?v=5VszGUv6FqA
zkRbcxQMmVnZ8wcf8UZ8f,https://www.youtube.com/watch?v=Baymvns4p7A
MDC-qBvUD80Nj1XfK7CCn,https://www.youtube.com/watch?v=kLJAoO9TyOU
569R7u-U38W9jD9HH37WT,https://www.youtube.com/watch?v=qI1Czc9I4BM
nxJ8ORPL3JnWY0YDKmpOt,https://www.youtube.com/watch?v=JvhI8vuqBlo
4yLRpvetKJTqcR2r6mPZh,https://www.youtube.com/watch?v=s0-DBhsLzNQ
Cm8OmHGd791ceqFWuzYs4,https://www.youtube.com/watch?v=Hab-VtyMOr8
IV_U9UhnxshVFCzEZdf8x,https://www.youtube.com/watch?v=CYlPwTImdns
Gp1tsw-BTVEc05lLFIDoF,https://www.youtube.com/watch?v=6WSN3vPvHEY
ptKffG5s3l2AjVqTd90Ii,https://www.youtube.com/watch?v=B1Huq1F2Mok
fHcOE-GFaJ798RmlCo6Ce,https://www.youtube.com/watch?v=ehuSnsS-Yx0
TVLwc16KGOLyp3vqvv3l2,https://www.youtube.com/watch?v=oLeEu4kCyys
YfXUn0eQ56eqnsomqAaaB,https://www.youtube.com/watch?v=8LwnxomzoWA
vPKV-LhJogasAYNUFfJHD,https://www.youtube.com/watch?v=tKUl7OSQEu4
Q9ZK-GNqC87XFYGQIiry5,https://www.youtube.com/watch?v=FdKHY5S9zfI
DskaUlR1JlNRll2rH9Ogk,https://www.youtube.com/watch?v=VIKE98F23vs
mFv6t81IbuS3Ew-3b6YHq,https://www.youtube.com/watch?v=3Jy8_xmOR9g
7uhB95ViGtJz3eyujT6CT,https://www.youtube.com/watch?v=bGsZJTcXxwI
h45XW6cjg0pMYebAUXg-b,https://www.youtube.com/watch?v=61OixBormWY
J0h2tlHhWwr3G1pn6U2BJ,https://www.youtube.com/watch?v=CHplFSiQh9o
sImD44HikDAZw81ZGFoiP,https://www.youtube.com/watch?v=dP3O_mkqTwc
WXyEKQ-K1v_HGzOU9rIon,https://www.youtube.com/watch?v=osawxA_JwMM
jMNyE8Y6CarHmtG1Dn8u-,https://www.youtube.com/watch?v=fITT75s9aBw
PxqZnydIE2C_ZyhFgZzxO,https://www.youtube.com/watch?v=7otulXHHCu0
DMB5S1OxIbuqRbk9ZwSqq,https://www.youtube.com/watch?v=NQDX7K0tjvg
AU9ZqItyveYQseoStowsC,https://www.youtube.com/watch?v=dOLrppgdYtk
v-4IviazLfnkgt5iTLcww,https://www.youtube.com/watch?v=QlaMEu_eE4c
lFXZ99kAdXgCBhs2W-eXU,https://www.youtube.com/watch?v=flahWRH3SHs
sGZS37hIlWBPBSKQOWbJZ,https://www.youtube.com/watch?v=7V_pfRpr0uc
1WeqJdhU3jFXWz80h1Q1m,https://www.youtube.com/watch?v=2K5d8nFf8F0
nWuPNj651pkcqCceya9vC,https://www.youtube.com/watch?v=up3gR_Ehexg
nkwOglKVHlcrzY_Yf6wRS,https://www.youtube.com/watch?v=m_LlJlKzl6E
LSLUPtbNLWlgpmRNqBaJa,https://www.youtube.com/watch?v=56GxvyDiUWc
6UFGo3haGR2gvx5GAmf0s,https://www.youtube.com/watch?v=zEZjAZm9-zo
LXljOiedYXxfBMgfPK2uD,https://www.youtube.com/watch?v=3yELfV0htkc
0q745FSRXPjERnxob2Vxe,https://www.youtube.com/watch?v=FDa9F_FLtqw
uGTe_uWDzsa33DnLrh1QV,https://www.youtube.com/watch?v=-6eYYBzcR_c
XGaYi-HDMZibkXTQsKI05,https://www.youtube.com/watch?v=7lOsPVlaWyg
yvfq-s-dozYVF6UMjrM9u,https://www.youtube.com/watch?v=gPZnRVI-pQE
91qvzktHJLZ-wL83jLVc1,https://www.youtube.com/watch?v=Vwxa2LXuwPA
2VgGJnjy6XAeyH17lAq8N,https://www.youtube.com/watch?v=v6pH5CUvvZ8
38KczUpaHaOEdPKrMM149,https://www.youtube.com/watch?v=xMbA9xjSDF4
myjYzI8duKW1JKCdPShP1,https://www.youtube.com/watch?v=ssBl19K2dew
Pi0-9ipghG-ts-86Yq_zy,https://www.youtube.com/watch?v=tiB7yI2LBps
lSUG3d_6teoWKXB-Go3XH,https://www.youtube.com/watch?v=ZpnpnjfSEew
nhCv3-7jchp0COrdrILHD,https://www.youtube.com/watch?v=HELX4x69rQI
CRUPatLHH1psPS_4xtIf_,https://www.youtube.com/watch?v=vB8jGECruFs
olISOdE6-vUwymlY6JKuM,https://www.youtube.com/watch?v=a_e1iJpH4D8
Vw4tOgOczIPpfPBSCC7ra,https://www.youtube.com/watch?v=x3W-MAZWxhY
MIu3_YjXbS-2R32uldRIM,https://www.youtube.com/watch?v=J6Rni35oia4
xvH_hUXP2wdfbr-GDFuaR,https://www.youtube.com/watch?v=zGCuK1YRgOo
8icZnQdsvu23CshFPwz8d,https://www.youtube.com/watch?v=RI4jJ_g5MF0
NpK3DKp3LP9_dOemssmgC,https://www.youtube.com/watch?v=HhEN8BkK1_s
511shzR45kUqRFpj7bc58,https://www.youtube.com/watch?v=qTJ7sgV-nKA
WqqLQB7-RFgKTH543K1-u,https://www.youtube.com/watch?v=IXxWTlTJlNc
2iFL893MIMjqocdaF9ene,https://www.youtube.com/watch?v=XQlLTNeNPOQ
ei-pkfyGKqgetEEmxLpo-,https://www.youtube.com/watch?v=HEUmn4-WQMk
ZzKaCPXLcPcNgr8vEV3jf,https://www.youtube.com/watch?v=jZfevxSNMl8
XcH_JdsE67U1_TkUiUIa5,https://www.youtube.com/watch?v=U0wNpzxSeWM
VWQKFPgHNcWIhMG0FJ_aa,https://www.youtube.com/watch?v=th2NbjpMjf4
tQfjFJJHvR81NEgHUPKHU,https://www.youtube.com/watch?v=OZMenKZNdiI
3MaaFbkhOl4l-Uav0DUUA,https://www.youtube.com/watch?v=OF3nTdPlaHs
s0JpwQU8ZRk--UkmHd2XQ,https://www.youtube.com/watch?v=IJRxCzlrRHg
Q-JK1MG73gPS2i5MbBayj,https://www.youtube.com/watch?v=h9HFruG-hY8
5lvNI3QuPQKrPb411rwj5,https://www.youtube.com/watch?v=1rlYjvPyIm0
ec0GYxcLmhnWMaVRnax2Q,https://www.youtube.com/watch?v=A3aYkpLVQ3s
XFzcoe2fQqz_VrnowODY0,https://www.youtube.com/watch?v=0s5bz6Wq9C8
UFlCS5mOWRxkKPvB7yQYm,https://www.youtube.com/watch?v=sgoBJuMV2Z0
SCc_vKKTDJdQQKbpSwaVp,https://www.youtube.com/watch?v=I-y5qjZ2_1Y
tePXVnQUL3M4NgAT8BiVi,https://www.youtube.com/watch?v=cNEfI2ARlQ0
qF-JbmoaeJs1261r2q7dm,https://www.youtube.com/watch?v=UWRnOeAWMjk
6IjkfbFeOjX1IS5wQB-YJ,https://www.youtube.com/watch?v=AeZ7I1J_E0I
nQHG4jCRFMC1ltQQ1T58x,https://www.youtube.com/watch?v=KPrhxJwYNWA
H85ANVRuKeigcUCuPhk2e,https://www.youtube.com/watch?v=KILSuaxAYhk
wkDgjWxMvAnFjbzpOTYIl,https://www.youtube.com/watch?v=OwpnkFYBZ9k
9dgm7Vflw8C7hiqKxrp0q,https://www.youtube.com/watch?v=dAxCGP8zK4Y
3nFH6Tfnn_mgChKSzMGmC,https://www.youtube.com/watch?v=gKRbfVQ0kfU
bhQswaE6JfKfUuXQRkJIv,https://www.youtube.com/watch?v=PQDSMLiD_O0
hrZR9wixg04ZNDg5CYvhv,https://www.youtube.com/watch?v=umn7KebK0II
Kj-5H5zChpDM7Oo9uPm7A,https://www.youtube.com/watch?v=ooIlpkOnxtE
8gZ5Y5Q3Mrp4a9K67mtYS,https://www.youtube.com/watch?v=5b6X4cFPG2c
FfP6I2jvUcio5F7wUNfFQ,https://www.youtube.com/watch?v=KN1cbDb01ws
kUOhzcqON9t3DAKKFNSbT,https://www.youtube.com/watch?v=GVHBL9hQ2iE
pRhTqguvJUr5wQju2tSpP,https://www.youtube.com/watch?v=TT5tcJAVmLo
YRgY8OC47s30ZA-eP5D9I,https://www.youtube.com/watch?v=Kfbp0bWhmfE
GH_ykNN-wMcnMMs68x6C8,https://www.youtube.com/watch?v=mPxheMXTCas
bKeX9X1aZI-aGdLex31lN,https://www.youtube.com/watch?v=dDlNrMGkF0U
rdvrSTpJLyHTakR3U8Dv5,https://www.youtube.com/watch?v=YhZNbXZRG7g
KkTKHEcEt2uyNv55ArMTg,https://www.youtube.com/watch?v=wdRvSJoEzo8
Ep5J1l_Yr9A13aZ5clf6v,https://www.youtube.com/watch?v=4eA8lZ1hZ90
8BhTrAdS0x00w_zS0dssx,https://www.youtube.com/watch?v=_BuJRZZInP0
mUHwPNUmaXlZ38GnHC90p,https://www.youtube.com/watch?v=HJHxjQDHPJI
mrbSaAXbrQfHESnPlLpjh,https://www.youtube.com/watch?v=4gSesO042ow
-tmFR4dYk38Akciwo0vd4,https://www.youtube.com/watch?v=nM4SPiRFzsQ
IXpn5VCEcPw27vyCvluHi,https://www.youtube.com/watch?v=w5ZIcaZAoyA
xowf2z8nCr3PgYO-SEtU4,https://www.youtube.com/watch?v=odmaiIYvd1E
87OeSS9yh15LdyRq_eVJA,https://www.youtube.com/watch?v=KeTNvMLS4xQ
1oubQDzw3MiYnH-uvK-AA,https://www.youtube.com/watch?v=dfc1hfEKCE8
JYa7EzEvuU6-Sv7wOLclw,https://www.youtube.com/watch?v=gX0MeLLgNkg
dGjVOt6CAHpFsjnIz5L4r,https://www.youtube.com/watch?v=4UBXMPWjspw
1R7oAFzetfM26ufkDfPAq,https://www.youtube.com/watch?v=87Lqm31H3QU
Z-fJzRk6hK2IMIMBEb-6K,https://www.youtube.com/watch?v=XAjHnMbjtVg
1E8DuCR9ec3cx0hW3Xg4s,https://www.youtube.com/watch?v=7QkRAo4jjM0
PHIAwr78Q00sPrPDXjek9,https://www.youtube.com/watch?v=ZrImqJ6vn5g
cJ6fZGDfrtwZ7dOGd73iG,https://www.youtube.com/watch?v=u_zzqFd9eKc
_646IrDY1MfF8tYe_JC2q,https://www.youtube.com/watch?v=-cqckAEOFDc
adIwEPi79c05w54MYF5E8,https://www.youtube.com/watch?v=LlRyPaX5KvM
2YMMgx-XK6JRoWqYB8OC1,https://www.youtube.com/watch?v=GKV-pHNmRrk
V9G6qCDfV7qxUvkNsUXnI,https://www.youtube.com/watch?v=3bOOVV6ygzg
BqimEX6bUPYpEW6DSBbfF,https://www.youtube.com/watch?v=YtVuRkGPL5M
uWf_Lawv9eySdeLOvMTJY,https://www.youtube.com/watch?v=qVEoXULE8-o
Lua0rp9t5HWgc_3k-cF0m,https://www.youtube.com/watch?v=3iYqR9BXe04
wF3F5hASSWYeN7aKNBnP7,https://www.youtube.com/watch?v=vZucINnGJNg
x_bRRJrUO0FCopxn5C8Du,https://www.youtube.com/watch?v=cCjAPMXMSL0
vmsWnie1wu4M3Zb7w0QOL,https://www.youtube.com/watch?v=Tn9XXiR3Ex0
UShyQg76DyeS__UYavsrL,https://www.youtube.com/watch?v=0eg0bQOePL8
MR0NwQmyLWUCSAWhJagf4,https://www.youtube.com/watch?v=hdt6bQFrM7A
IE2eXVgualRRiVsAcBoYI,https://www.youtube.com/watch?v=4lPPxJhWNSM
vqXCBC10OcpsIxky99ZSt,https://www.youtube.com/watch?v=GgBf_p-8_90
OJmTzuwnBsmxGj87sA2V-,https://www.youtube.com/watch?v=WBvv0pUIMGk
p26-iTfqXdQvRZXELgjx8,https://www.youtube.com/watch?v=0CXBjUnOFgk
f84ESDSfHMLH1YtE5Z1xu,https://www.youtube.com/watch?v=z2Ad9p52v7M
FJkjSRVW5Jo_2T3ZYZek0,https://www.youtube.com/watch?v=StjbC7zuOfQ
xZt9z1NyX3Mc7OOzawLNZ,https://www.youtube.com/watch?v=0gr-sErc72M
JNAyV3u9NV4dXq2ogeAOb,https://www.youtube.com/watch?v=p8_RHRkamxs
rzw8LjHVdjIY552N3_blL,https://www.youtube.com/watch?v=_i9ix52Ogi8
lFFvUjvIcigKvcpBjmiKn,https://www.youtube.com/watch?v=4Z_BeER2W4U
IbZ7ngR3bpKyH0TZ1ai5x,https://www.youtube.com/watch?v=EFJyqeR3muU
_RvAVuC2DoJGkWHGp-lcA,https://www.youtube.com/watch?v=QlRuD0slgfw
3NyozhkgXkO0m8pTDKN_f,https://www.youtube.com/watch?v=Q5J9ldxH7c4
syhkaYraPrAjAP-LTVQ4K,https://www.youtube.com/watch?v=831zMpb-pWA
C2TIhKFrGMkLoFuXPzSY1,https://www.youtube.com/watch?v=KnF3j1si-oU
5wk2EC1ItwmBLdbvf0sTL,https://www.youtube.com/watch?v=9NULHfgFvak
nsEGsNP2QHxWXtFI8z5Ho,https://www.youtube.com/watch?v=w3uGc4oQPlE
803uBfsr8KRwTxdJnq_Iw,https://www.youtube.com/watch?v=pT5UB9Oigl4
jvJ1YC0OKWozv7sAYHydQ,https://www.youtube.com/watch?v=lgga6W51rEg
1vCDl72NeuEgoDig-ZJ1S,https://www.youtube.com/watch?v=CmPH2UTOUzc
Rz2i8U-Mgjvwg6GHp7sG2,https://www.youtube.com/watch?v=L5Y3O2FxZnA
TtdsZ5v0M9slUVp073c7L,https://www.youtube.com/watch?v=3igh81NtttM
DusBvdLg188aHYftuLJtV,https://www.youtube.com/watch?v=n3k4ctLP7kc
7IwBzb2IKQB6JnQHi8GUH,https://www.youtube.com/watch?v=DE_FwXakM_I
-9JeqApXRhwfIH2pm-_aU,https://www.youtube.com/watch?v=cAI8ifyNCzc
Z7KaKqc5TV5Jp5K7OlsWu,https://www.youtube.com/watch?v=RyM5NNZR9yA
UwcxiV0TNQlGX51B53uEF,https://www.youtube.com/watch?v=h7rnu6LQghM
VVr9UWxAVS6r3KbWJGL5J,https://www.youtube.com/watch?v=y29-rokl6r8
SQBmfIt_0pC5GjUabXK_J,https://www.youtube.com/watch?v=0OIF3jwa7eM
OZDxA2nwqgQPDaqUeUxRY,https://www.youtube.com/watch?v=HlDd-RP3phw
1VqK7xWl0DsN_A2FvJ1GK,https://www.youtube.com/watch?v=Ywx2IsfQ9CM
R18BP0YDAbZKazOcVBMOH,https://www.youtube.com/watch?v=QnOFymYMrwI
D9h6MYLqtCyIEAnndWxv0,https://www.youtube.com/watch?v=pls_EiuOniE
0Kk9SHxnUy08WGkhfyIkr,https://www.youtube.com/watch?v=4JF3q65RV98
xTCxtfOesJYMpxtbg69X0,https://www.youtube.com/watch?v=JnOFv5pXvmM
GdHwWRKzKQDOxdO52vsGB,https://www.youtube.com/watch?v=OOIZmlfIyp0
3IsL3CveeUrEyIbf3XZrF,https://www.youtube.com/watch?v=P_RSq7DfDp0
jT9stJB2lOHPF14BmSeWv,https://www.youtube.com/watch?v=NxBmSNYbdjw
B7C3dZt3ef3x8G_2OBAIc,https://www.youtube.com/watch?v=2ZZCiTuCfD0
1cFKiphWd9We8g86V8CME,https://www.youtube.com/watch?v=gFx5a3rQjtg
RdoSPXXD2vkVG53Oc6kh-,https://www.youtube.com/watch?v=V-FlznHaMLo
sQ6-llxqPWVGkGzgNL8iN,https://www.youtube.com/watch?v=UETjc2Ms6ew
J9T9Q_gKg7rFREPj8cxIb,https://www.youtube.com/watch?v=bwx74VH6Bpg
MWIfFeG_2lsdvtZWZBrv7,https://www.youtube.com/watch?v=PdMpfRn3-sQ
Uz8RJjXFbLzbSZzLVU9I8,https://www.youtube.com/watch?v=smZJZjYLP9M
g77MeDXAc1gIpw_EQDWJM,https://www.youtube.com/watch?v=PeBm6ShJxSE
RoGUC0soJ0D9D8sYg0tl-,https://www.youtube.com/watch?v=Gwe1m1bgByA
aqfob2ZaZm3TsiVOGW6Nb,https://www.youtube.com/watch?v=4qHxXn99SVg
d6SL59pkejF4OLEP3j4Fd,https://www.youtube.com/watch?v=He7CEyUpFMc
aBI46PVFE1_CTCuAPxJ5Y,https://www.youtube.com/watch?v=_-3BN1OQLXE
s7LwQuPp7hRUDHSS7_hMw,https://www.youtube.com/watch?v=_By_mbaS9dw
v275Ix5KJoooTS_Z5XC5O,https://www.youtube.com/watch?v=4XIeKUTjsQU
awF6UPabsAWwDQ50f8IoE,https://www.youtube.com/watch?v=5nvHX5htODY
jfLK_HxVO4SiXdz7lOZWW,https://www.youtube.com/watch?v=3cv9OgOthn4
e3IW7O077LqD0PuufVeBA,https://www.youtube.com/watch?v=gzVXL0ARWgk
7RcCTBBQoEKN-vwHFno1L,https://www.youtube.com/watch?v=k2As-9hd4Ik
NhIAckMXfONHqD5zWuiaj,https://www.youtube.com/watch?v=ipN1oBGig74
xNARlrRK6ozwfVLEkc8H7,https://www.youtube.com/watch?v=tkhioW_EiSM
dFnoUcpVbxWht3Iw1K-to,https://www.youtube.com/watch?v=giINnSQCOWU
7s6Cb99bOWBnxXX-DWxQk,https://www.youtube.com/watch?v=LHaoI0YLbJE
twccFlA1RBE9st6LE7U9b,https://www.youtube.com/watch?v=qYL9r5OKZEk
DheIniwj-klu-m4iFL0tX,https://www.youtube.com/watch?v=FIh6tu6DzwU
W3Rg0zwfAaPlD-tFwMu0k,https://www.youtube.com/watch?v=xWCOd8JT7nY
Z1l5UlEqK4GA8h8mHp_o0,https://www.youtube.com/watch?v=jxY6zlXoB9k
aSqNjSWWeICfJCpxbSGLq,https://www.youtube.com/watch?v=8HyTMAV9LFY
auvQ8ZopnbK7Btve9mG0l,https://www.youtube.com/watch?v=HcppbrDW8_c
spwJ-Q_VZ1_FmpGaGJxH9,https://www.youtube.com/watch?v=JCg4QE7WDbk
LCC0LyJgw8qtzcu0SvJDe,https://www.youtube.com/watch?v=xAP3km0KEL4
or9j5sVTOpwDYRKu3cB-R,https://www.youtube.com/watch?v=mDCZeMeyybw
RlT0V35TJVdjbnhMjJcEC,https://www.youtube.com/watch?v=3uAAISbJghA
TxKxJOCOw3_2D-Cti20zx,https://www.youtube.com/watch?v=bfv8y043KNc
w8P0N5-pRJNvhSHNnpD2g,https://www.youtube.com/watch?v=76h-SM5A9l4
ErDGTnJzCR_lBiMguTcmG,https://www.youtube.com/watch?v=u7YJubOKGNA
2uPfAzhnWxhVXi9TCYyKr,https://www.youtube.com/watch?v=9aaUl8Op_u8
pxyN6PgfRZkaYfdj5RWZq,https://www.youtube.com/watch?v=XLC51t5sap8
lSTf13FmLl3ZgXiVl-XOC,https://www.youtube.com/watch?v=q0FKVKJjY38
aXxO9v7rMGxm6KsoOa5yx,https://www.youtube.com/watch?v=jWshfREd7jk
urhDilaXjTDCY3h3MhcB9,https://www.youtube.com/watch?v=F8rXZgI6DYI
rN9K5curibEM8Cd8i48Lf,https://www.youtube.com/watch?v=FJ2heSuLZ2M
J4xlyY05cmg4ckEDavuiQ,https://www.youtube.com/watch?v=gdSCTzEAoqY
v2Fbp3R0Pfg_cf1lAmqsP,https://www.youtube.com/watch?v=a-1qgqIgG-0
HgEo89QucuRK-fUCWSTMi,https://www.youtube.com/watch?v=9K2t_paLmIg
5jrBXFeJw2AzS41XHsndL,https://www.youtube.com/watch?v=WCxEu4avL1g
LQDwDqlY9rvfOOhpEUT-Y,https://www.youtube.com/watch?v=BZDJ--KAGPY
c2K7illcRPqCkbg92qPdV,https://www.youtube.com/watch?v=Izkp2M1ZD8w
hoONJ7t00WPeifu69dnSp,https://www.youtube.com/watch?v=vEYvIph0cKM
Qf5nRV0PrQzhs8ZIIw2Nn,https://www.youtube.com/watch?v=lfcJMP-HHm4
5sdw0E81Hucr9hiJ73e7X,https://www.youtube.com/watch?v=AigOyDrldUc
a1jNcr2KXGwrCWfobj_Y5,https://www.youtube.com/watch?v=Vev1id3dCUQ
ZMvhdsEkI7QSsQzMtvdFi,https://www.youtube.com/watch?v=j1qJZHvZpqE
09599FriTk8CGDRBhF6gF,https://www.youtube.com/watch?v=RHeWTyCgLV4
qtnsejLfczBdv9qqw_erU,https://www.youtube.com/watch?v=qeNx8DIxpKk
DfCGL4LF3hATe8ecfo9vy,https://www.youtube.com/watch?v=_8b-nMfGlgc
_3cjP26dlX8ozRoDzH4kU,https://www.youtube.com/watch?v=xlKz_9u47Ws
ST_cg_dBqws2GIato4s5X,https://www.youtube.com/watch?v=dahpLNiafJg
gPQWWhy4lCM60uREX4T8b,https://www.youtube.com/watch?v=JtmKrIm0-0E
sx8oEGATWrkGzPwiTZoEg,https://www.youtube.com/watch?v=jmkZr7kgfk8
04meD4AZlZGwb50DL4dNL,https://www.youtube.com/watch?v=kMTbk5mI_Qk
-qZaFzBOedfLpe4IaGMMi,https://www.youtube.com/watch?v=UfVaCg07UfQ
905cj2UPJTurnF5Jew1gr,https://www.youtube.com/watch?v=ru1TRIeFZcA
KsudpqpQgase_Lab2EXoO,https://www.youtube.com/watch?v=YlJxuKIwBcY
hyxkwiri3HP0wYejnisar,https://www.youtube.com/watch?v=mHCo3vPbbUA
3iKJHt7Bs4pAq8t6nTRwM,https://www.youtube.com/watch?v=YJWBvJlLfMo
rfadDkFfu80sgrO1TVL7M,https://www.youtube.com/watch?v=qthuMTkehYE
-kF-2E0mpcYSM0nQmRKVW,https://www.youtube.com/watch?v=kNBuXRhPfkk
MGmCaLfAZ-fKQeLtg8Zhf,https://www.youtube.com/watch?v=n8-uRrrCEFM
1Ua9InKlGZ9zsgML-XK7a,https://www.youtube.com/watch?v=5gZ03bW3F6w
QKYk0YrAw1LFHOrW-5klv,https://www.youtube.com/watch?v=KK_t-14OOAQ
zadgrRgH9SWZY9Z2L8DRA,https://www.youtube.com/watch?v=c58jg39SRzc
5F7YHj4jSjSIIfBbiQFOt,https://www.youtube.com/watch?v=WF24vy3grzM
vPla5uuZUhc9Z4pvUdVcD,https://www.youtube.com/watch?v=ol-zqG9RS4Q
GsSDLyj5wQeGj_yurRbHu,https://www.youtube.com/watch?v=vaD3yea3HF8
ETtQUgsOFuTWtWRxTiflT,https://www.youtube.com/watch?v=0cKT08uBLw4
Bh9kwQpTnQV-YD6OvRhFk,https://www.youtube.com/watch?v=zDWGJhf3zQ8
OIr8YIV5gv3ZiNNucj1MJ,https://www.youtube.com/watch?v=xTG9e9hXM-w
bYvCbwkvmlHRodQx8ZGV1,https://www.youtube.com/watch?v=1E2jgDGqNcY
UcrYSjOkPedYi_8EqLGba,https://www.youtube.com/watch?v=VnlidNaSRJw
OsclNDxAVI_Z8A17Oolsi,https://www.youtube.com/watch?v=NJh5ny3acbw
IrKsAohCJj2mcn8OQapLP,https://www.youtube.com/watch?v=8uM94qZbbZs
ht8IREnKt7BnrXQi-_GuF,https://www.youtube.com/watch?v=Il1VJ0CN3VE
gPn5n-P2n9ApJJHuS36qf,https://www.youtube.com/watch?v=a9iJwBhlvI8
a_p_yJRpXKApCWEgXQ8e8,https://www.youtube.com/watch?v=N6NeyC37Qzc
p9nqf1qN-Dv1w1vs2zNRQ,https://www.youtube.com/watch?v=lXtrF_hAROs
hwdDVRkpYKuvn5A8l-N8w,https://www.youtube.com/watch?v=kwupqd3DfoA
EcbcYBOePsOD32cq8Ntjs,https://www.youtube.com/watch?v=_Jso789ND2c
A2g2RhvLT4T3s0vUkikMA,https://www.youtube.com/watch?v=WEUrNNrLz7s
pshHxz33zHb0nhANcKOis,https://www.youtube.com/watch?v=MVhcC6Xhy30
mBJnNRBXmu4BG2uL7KfFd,https://www.youtube.com/watch?v=dOcXpPOrZa8
HhLMJ6NeUGMQFHH8di0Ax,https://www.youtube.com/watch?v=7mT9PSGTTGk
GAbychXIziQ3WESACi2pH,https://www.youtube.com/watch?v=fZ61UrWsvEg
uZM8ls36-QjOW1HrjBDkN,https://www.youtube.com/watch?v=3JvExI82N3U
sz9Kl784GBgBVA1Ju9qod,https://www.youtube.com/watch?v=7bXOMAsaLpA
j3qmOKf-hBtoRErMenWXO,https://www.youtube.com/watch?v=cJtIc8IhEKM
Nh1An4IVoyQJSy36Z00yQ,https://www.youtube.com/watch?v=chnwTk7qqL0
ieNOe8melG199KkB7RwFh,https://www.youtube.com/watch?v=7J9_6Z9-K2I
ixgSVFgdUaPaCgJX95iaG,https://www.youtube.com/watch?v=Fv9ixFdJ3x4
R1SVc-cXIInRU34rmlg9M,https://www.youtube.com/watch?v=tiha5sTeKuM
zPbTHxb7WU07iGM2Ui2KB,https://www.youtube.com/watch?v=BKcYUZv62nA
FtYpdGPdbSP-pD5g1qx-h,https://www.youtube.com/watch?v=FmgxIwdp4C4
X2MZXG5mf6ZT7nqt3o_ia,https://www.youtube.com/watch?v=uycB-vyTlRM
HaPmpSxw2k6_6DWm_oa7W,https://www.youtube.com/watch?v=2Q31EewZYeo
jJgTiJXv239Z4UcbXVrly,https://www.youtube.com/watch?v=jtlelgvDU9c
eqnR-BNoj5DXyfPHGVXTw,https://www.youtube.com/watch?v=gJifF-VcxK0
2bYnvRW9gvBDdEjEyEngH,https://www.youtube.com/watch?v=jxGZjPKA_T0
SuKcm6CITzyJ-3dX3mZ9m,https://www.youtube.com/watch?v=To4f2fGUKqE
H8pWLeWmd83ZUrwi6oyjh,https://www.youtube.com/watch?v=9cRcF6C_L7c
xWpPRzmtnk88wgVKs-48X,https://www.youtube.com/watch?v=zeQ9NkjQGhA
APW-HL9XxIB3BZ_CBEQFG,https://www.youtube.com/watch?v=9advfHeFTTw
HaBN2e3v-Von1YqE_XfYA,https://www.youtube.com/watch?v=JxVxE1TOWoU
NOfyVTLftT0csy9OTeodk,https://www.youtube.com/watch?v=wl3wugPUclU
WqAD9X2REyQX3jwDqn86m,https://www.youtube.com/watch?v=W-uYrKSOkdM
sE11NdkKxjTEbpbha7gwt,https://www.youtube.com/watch?v=pKf2x4N6SOA
rdnwmc1WkZb44qAA_KiS9,https://www.youtube.com/watch?v=oj5dL0GzAuk
EkAzlWtsf8qHRtFYmHE41,https://www.youtube.com/watch?v=e9FiHXlQLtU
eYLEaZpyIXlg7OqmwlN36,https://www.youtube.com/watch?v=o6PLuuXsqts
bHFhSuntCxdfdB7qABL-0,https://www.youtube.com/watch?v=2F45NW_6Fco
oglvABHggYtPpHS00mZZk,https://www.youtube.com/watch?v=XjMafG56mTU
b9QP3uRR3W0yZ8RpeQ_63,https://www.youtube.com/watch?v=IGLhs7TTnWk
uuA0RVyE9x5BNj9vHjMYc,https://www.youtube.com/watch?v=KC1raamLv6s
DimdktA1hdP_NNEOWcF_8,https://www.youtube.com/watch?v=r5eKDNJe9vc
ywLRer4iP7AyOWb_xhNAy,https://www.youtube.com/watch?v=JB3AJmThLPs
PN4fTPXQRpLOAmVe8jDFP,https://www.youtube.com/watch?v=jctwGhQfPGo
WxDGzwgL7Xqz5pgJZj_dE,https://www.youtube.com/watch?v=IkpIMRziDrk
9vOUVKbv8KE_DK4DI-wUX,https://www.youtube.com/watch?v=YCyu0vTXgx8
2BMcp6OIH2YATDdd8oG5l,https://www.youtube.com/watch?v=S0CPdFMG4Ec
nVbWLzIu1BSHsuJ1HZw5h,https://www.youtube.com/watch?v=4Oo4rHXRsPY
RCfcul-EqysRUmgRAFvKd,https://www.youtube.com/watch?v=2B0oBq_N76w
GGzOHsQWT4q9eCukx7P5J,https://www.youtube.com/watch?v=sp1RlT_A8A8
C3VxcKo1EZO5oTSCBbn5Q,https://www.youtube.com/watch?v=tcCzl24SlsY
jGB-5XJShO2ANqXx74D56,https://www.youtube.com/watch?v=Ip2cV5c1xLo
ode1FhYKcvJFIrvyTxmHA,https://www.youtube.com/watch?v=9GNiWUw0Hok
Qnf0BGMY96Sa-2QniVHyT,https://www.youtube.com/watch?v=HKvV830xghA
unbH40fkZunrYCmR_ArvV,https://www.youtube.com/watch?v=3IwWB0ntLxw
D4K24lloRCyUxNcinUabe,https://www.youtube.com/watch?v=HHhqTgt95yo
p2LD6y-5GAVubzd8Z98nF,https://www.youtube.com/watch?v=FE1QLNdRbiY
QjTzjECr5OcgY7v7f_u6f,https://www.youtube.com/watch?v=qDM2Z2nR0PY
oO__5c6Al-9W9Y1SxZIKl,https://www.youtube.com/watch?v=MIShWOuFb6Q
-9rhRfSCZhpXx0ofmibkA,https://www.youtube.com/watch?v=u__FPlHA9qM
BgL9O8XwGHnFBu9Y1XFRx,https://www.youtube.com/watch?v=AtPot8ypGLY
5mai2swOL3GLQRnFO6w7S,https://www.youtube.com/watch?v=gxKqlSgdRrw
BlX_crLufkMBfM5PzBiOc,https://www.youtube.com/watch?v=JSjAhHXuy-g
GsEC3vIVNIgSAGvYYBc9w,https://www.youtube.com/watch?v=gvN-P2kK8sw
RyrOF7hLpasK4sbHUfYWp,https://www.youtube.com/watch?v=39ZNL5hDyo4
siPVR_KCL-T-fAYUM7Jd9,https://www.youtube.com/watch?v=-TACEWMP_y4
is4gsf2k1ZdWsiXH9P073,https://www.youtube.com/watch?v=h7k_QTdXUyw
PVKAG6pj0VqiUGKhiBUN3,https://www.youtube.com/watch?v=cvjPKjMh1uE
-U0XIE0T5t440toinXxoy,https://www.youtube.com/watch?v=7R6bgYy8kcs
1EobbaLU5ElnjZSUB3L7e,https://www.youtube.com/watch?v=JTwR43FmBSY
bRDxdNQjc_ARKAK1vMVaS,https://www.youtube.com/watch?v=Lmq8txJcPsU
MsLE-wy9DRcFOv0cA6_4F,https://www.youtube.com/watch?v=EqAz5oEK-pI
NBYvS5YuQXeB0vARThRrb,https://www.youtube.com/watch?v=2CvzL5Qht_I
Hw_2xtZ2cbldRdwCFN7A4,https://www.youtube.com/watch?v=twT171FuMR0
NNwa6RrFN5kBvdq8K8QnF,https://www.youtube.com/watch?v=M3NQyKbd3-I
kuJQiSMaoFfunuAINO0ji,https://www.youtube.com/watch?v=ikJ5wTnv6B4
5rwQmZA5JBdJRjYEBEbXh,https://www.youtube.com/watch?v=UY0aOVmDwgc
EAHJ5ESA8xFkmWVuFrcNI,https://www.youtube.com/watch?v=rzuX6LWzxZI
kPrcnZgpbd5MhyVWKmACf,https://www.youtube.com/watch?v=hpG_aHpNQUY
W5ggQIklwLtv4vSaUNGSN,https://www.youtube.com/watch?v=DjMpZsx4zq4
QIymPV5VG_CvQ0fV5cWc4,https://www.youtube.com/watch?v=4S5SIhHmdb8
3nCOjSNlISPL0VjwIsY_v,https://www.youtube.com/watch?v=nHdMxI1ENA0
NbF9druwuPJHossOep0cD,https://www.youtube.com/watch?v=r2puiqOlLv8
CSnug4btK0SL6tFWx_egG,https://www.youtube.com/watch?v=nvbp66B_4Mw
X5-iff7SoCcNEUdmqcDF3,https://www.youtube.com/watch?v=5OIQoG0NO08
TbYfoNVc87JdC4QE5NcQ4,https://www.youtube.com/watch?v=hkiqwUeBj18
imPczHhdsxw_BwbIaMg8b,https://www.youtube.com/watch?v=bx-87diRh8Y
BMfuysnygRwLH8Ja_-hgR,https://www.youtube.com/watch?v=80uP9ckcb7U
AFagK8x7KHLPGsyNidnI1,https://www.youtube.com/watch?v=AmzA7PMgDlI
4c2RapSPq99SkmXVT5qcz,https://www.youtube.com/watch?v=1ZwFv3hrXKA
7wW67eroy2jbB_jXZDLHP,https://www.youtube.com/watch?v=W7MgOITVWLw
ry55FvwFUuk8iSAA05Osp,https://www.youtube.com/watch?v=ShyHy5zkicc
8DbE4eVjvyiNwy2pd8IdK,https://www.youtube.com/watch?v=VFZ-0WBp9Zg
Y4F03YC7OMYKBea7bxaWW,https://www.youtube.com/watch?v=IP9rGXYkpAo
AeawHhDYafmcaDgLayAyj,https://www.youtube.com/watch?v=0-2u_d-FrGM
UkvQ8v9pKEsu1253ZTW3q,https://www.youtube.com/watch?v=6XDLKqpdxZI
-0hFT4WQPaO2hOv6ONm2a,https://www.youtube.com/watch?v=b7ZZ-ZBEAG0
s7M50uQswrUc9UcpvW1ep,https://www.youtube.com/watch?v=cr11kYz_WKI
46kNAOzDGcz-X4EDIzZFk,https://www.youtube.com/watch?v=rdKQ4prmALw
8zHr_kVO0l-Smmck0J6fi,https://www.youtube.com/watch?v=eL14Do2HO3w
cUIiRFNjDRoV6zyLedI2J,https://www.youtube.com/watch?v=o70AkUqJMLQ
fczPikoEtr0mtCLuDQkOr,https://www.youtube.com/watch?v=r47Rre-bGNM
JaolL556-ZQN6_Kasl028,https://www.youtube.com/watch?v=2UGEGa8A5r4
8vBG23VLVGmL0C9ffKI-f,https://www.youtube.com/watch?v=rrtOqpTyySE
VVEF_UGBxQtFB7BTGo9-B,https://www.youtube.com/watch?v=3nZjqpVxeFI
B8tsRCr7a5fmtXv3f2j8K,https://www.youtube.com/watch?v=U-oIMx-cdNY
P6qDm5ys_Wn8vp4k5pLuF,https://www.youtube.com/watch?v=dXrt_Kou3DU
rfj9sy2rBvSyVKyrRbUke,https://www.youtube.com/watch?v=4bzFEHWgn5Y
R29-QcecRaGvzDU5NTMSf,https://www.youtube.com/watch?v=4JvUurGZ2bk
bX87XLw_kK-PVEZ1049TX,https://www.youtube.com/watch?v=5cSKRZA53Is
E2uD1jD9890TNfDKEA2p9,https://www.youtube.com/watch?v=NXBSbNLN7hQ
k5drMHJvJ6g6g48n-uw2Z,https://www.youtube.com/watch?v=d_AMJNc_Zd8
tymVMou0IqV4h9DprCbWB,https://www.youtube.com/watch?v=IxVb9CjwGfg
jCXpeE03lur_72mT9qV1l,https://www.youtube.com/watch?v=DljQFpJ4LTQ
qPbD7JtusUs8irT17Pt-T,https://www.youtube.com/watch?v=18-cpMwXItE
Pyr6-TD5owe8kUqi9_xKz,https://www.youtube.com/watch?v=-TkRHeqmt-g
2pmTI0jd6fg2e8faKGdwC,https://www.youtube.com/watch?v=2nmb5CLCXhU
UUMZIrbpx9x8lYT6w2X1X,https://www.youtube.com/watch?v=jppem4idZfw
SQblluuI5MsDD0KbOMW1H,https://www.youtube.com/watch?v=cdQfUuTZ5AA
EMqs1EhDKDmxPbfni80Um,https://www.youtube.com/watch?v=YhHcfv-FIpk
CLxYi7536LWDWaZtTchPu,https://www.youtube.com/watch?v=YZvyE2HCIsA
aJqWvPoHqC5ZrEXmTSt2x,https://www.youtube.com/watch?v=hLmK3zDzzvw
Gd8stubydbUdCf5Xhocql,https://www.youtube.com/watch?v=oiq1-abOMdg
TnuNQ5-SDo9ZbPyqMAOFp,https://www.youtube.com/watch?v=0TfcrV-k0hU
5ppxjlf4rYf15otzdu9PD,https://www.youtube.com/watch?v=7CDE-q7WL_Y
hPz_4PMu80t-QMes_hff_,https://www.youtube.com/watch?v=zFmHaMakLBc
MwahdHNklJjT5NIOPXTIj,https://www.youtube.com/watch?v=R3708mIIT6o
UQ_vm6_oBaT3InYUSUpNg,https://www.youtube.com/watch?v=SwUjisEAJHw
owg0pecuFbCj4Ok3xA9jS,https://www.youtube.com/watch?v=Bt5ksV9nbAg
irzX8yqC7e2svlqzsG8Px,https://www.youtube.com/watch?v=jNPRNlGiq_4
y96h_sPjRbY5PJUul_JDE,https://www.youtube.com/watch?v=8VDu7ZAu4fk
KeQQeQBpV1w48_hq5N7Tf,https://www.youtube.com/watch?v=mC6hEMd7KGo
Wi9ZkiCql529e7M24cWoT,https://www.youtube.com/watch?v=J5mEvScjFpQ
WkIHYABJ7CxPwI6RnXvNv,https://www.youtube.com/watch?v=HsNtR92165E
hzBG9IH1rYqlhbkSTlGUM,https://www.youtube.com/watch?v=otsFSu0Srro
VF5tucI8KZebe5zgxaQGs,https://www.youtube.com/watch?v=sKWYe4_oa-0
iitDKXUQd2VISq13bqGnj,https://www.youtube.com/watch?v=Mra8zz91UzE
Z6xcFl84QtFgp1BrhAEtG,https://www.youtube.com/watch?v=jBP0ARQV-T8
XkOkXg9ziG9iveihXSlJ7,https://www.youtube.com/watch?v=JgcsVHBaj2E
ATIqavQKYWvYyulUEy5gK,https://www.youtube.com/watch?v=BR7-rnDGBCg
akXpHb1MK3y9lgoHmXwmj,https://www.youtube.com/watch?v=2Rr2d7wjo78
EZy6UHkgA01mvz2gsCibG,https://www.youtube.com/watch?v=_QkgsSMU9OM
6vUd6IDe1fIbR3wOxC1xE,https://www.youtube.com/watch?v=s4Jci9hSYZU
y12W-ziz284GYf0F97n19,https://www.youtube.com/watch?v=F5alEQ9gkeE
Ind4WrqbESG88dWKazbeW,https://www.youtube.com/watch?v=gJkd-XQpWX4
R9q21Mte5X_BE9t99GbXY,https://www.youtube.com/watch?v=tL9pfIYvr0o
EqxEvg6FJBB4BDY4f4iJG,https://www.youtube.com/watch?v=wIwKi0Uw-L8
PZqD3Xhk5UqrU7fcNP54i,https://www.youtube.com/watch?v=y9J1PEsQzUw
hd0cVgTL6cPEHg2fBvT6W,https://www.youtube.com/watch?v=7GZ1qzutPC0
YaDmjdlE5vr1395uk8HJ2,https://www.youtube.com/watch?v=vg9sGwlIFDA
kJ5g9hINXSSJMi_qL3e-v,https://www.youtube.com/watch?v=vmycHU5EZn4
vltdwHvCAjYTwr5nJQqzd,https://www.youtube.com/watch?v=MmoMUQcF7CU
f0JnfPYjD6S4n70OOb5Qx,https://www.youtube.com/watch?v=FPaU2aQQZis
387cAPiMM9CCqDWUjwkgb,https://www.youtube.com/watch?v=RwervV_WYok
MwG8q1b0lyybBQM_UF1XP,https://www.youtube.com/watch?v=SrUMNUCC2hk
7MxX-USEU10mJZAddenW3,https://www.youtube.com/watch?v=-QGWnvgq4dM
pDHkFTIvzkvfDRkpFMYj7,https://www.youtube.com/watch?v=lXH6nA3BvfQ
wxzbZg1Ohek2XOaKZ0wJ4,https://www.youtube.com/watch?v=u2rocQft3YI
BMPAWQQdtFm5nTRUQUTL8,https://www.youtube.com/watch?v=e4JLAHpR2Ss
NmXvI8fm298o60zSV-xY-,https://www.youtube.com/watch?v=hK9-2XoOMUU
LlCc_FxoLpRSJWRBH85NT,https://www.youtube.com/watch?v=dyGddWCWHq4
Sbgrv4eF8zVtbletL19hr,https://www.youtube.com/watch?v=nXrXi2sqXzo
zEElhQ9ImW3OmONUY-BvP,https://www.youtube.com/watch?v=VSEUE0UYY00
c5aF-VGn89-BNIMeevuB0,https://www.youtube.com/watch?v=M9q7wJArB0s
YQls0MgtV4gtMwUURpjtS,https://www.youtube.com/watch?v=KoX7DS4oyR8
DuiAKzVUEljnNSudT-Wml,https://www.youtube.com/watch?v=uQpYVqZrJ5A
c2hId2KmCYV1vQK00ztyB,https://www.youtube.com/watch?v=XG__FSPT8ao
oHySD_Q-2iCTs512l4sYR,https://www.youtube.com/watch?v=FR8G-vTEaTo
sJh3MrOrROZTndm5cX5yk,https://www.youtube.com/watch?v=UoCCs6J5u9Y
WUYaz241ifnMJbkAQug22,https://www.youtube.com/watch?v=VjQryDXK82I
A1E2QZneZEijKwoi2OEVN,https://www.youtube.com/watch?v=kCqmn-clLYA
MOdFf3zyg5C-H3Nnnladh,https://www.youtube.com/watch?v=zMkGb5EDuP8
YfxFlJYOXaQQICdW0iavv,https://www.youtube.com/watch?v=9c5clq-ZRxY
1H1tTSF1DngqIIoUOtetr,https://www.youtube.com/watch?v=KD7Mt690ZVM
goB7RVL75ILI4bA-Y-dqS,https://www.youtube.com/watch?v=jyVeWT9evIs
dSSDqL0QgF919oIgyV3f6,https://www.youtube.com/watch?v=pj8kWxTMsds
zZtCC9lU9aFc8D2-6-Ch1,https://www.youtube.com/watch?v=a9AFH_IEaBc
ETgjZmfnGXssKh3trKCwF,https://www.youtube.com/watch?v=pjSxSXF39NQ
OADh-2GbxFkE37_kX9ofS,https://www.youtube.com/watch?v=WC846TemwZw
iPb_LgUVDehkLAhjhMl5s,https://www.youtube.com/watch?v=LiaMlrVgokY
cyMtS7Rs5dwgG_pYXZWIX,https://www.youtube.com/watch?v=rp2MgcI42Lw
1nYscXzEZJ1PXWOxcJxzz,https://www.youtube.com/watch?v=7cjIN4UwJSI
z3-JLo6rt-b7-2ZlAOtPB,https://www.youtube.com/watch?v=ONLWexh8gI8
gGJXWoxHOu4MteOzc4nkC,https://www.youtube.com/watch?v=eZf9ZpVkIsQ
1Kt9Zz8SdZI7mOClaP-cY,https://www.youtube.com/watch?v=1Sduzin7G5Q
kguG_SChpGeAOA5BbFpR4,https://www.youtube.com/watch?v=4Mt8Dv3GQ3E
arwxsKQ0KPcL0YDL61F4o,https://www.youtube.com/watch?v=02pQn4TCigA
No5zmfbsk_HFMQNjFCshQ,https://www.youtube.com/watch?v=yHshp3uzlsE
lggcwyrKJx8n_WwDLVZS4,https://www.youtube.com/watch?v=nNs9ONkwnH8
6Xc8lY402l-zgX46AGaBU,https://www.youtube.com/watch?v=HFv_cmLJXM4
g6G_u9DrjsTkanEfXebOa,https://www.youtube.com/watch?v=fkrHNMYhvUo
wlKaDM3Z7jVrIWMJo-cE_,https://www.youtube.com/watch?v=8HYKI0t-UGU
kXnQBIGOS-THKWjp3Ndp_,https://www.youtube.com/watch?v=NdXuR1mLfFs
qiIVgNbVP0mQ__klcc0Rp,https://www.youtube.com/watch?v=AtmBlyGiKg4
2EPP2wsFTt0c3AnbessjS,https://www.youtube.com/watch?v=aGzNhtMzl0M
N3xn2Tj5qk5As5D8ex8-E,https://www.youtube.com/watch?v=1EzNjVbCwG8
crOGMutvZy412A-cWDdQF,https://www.youtube.com/watch?v=ceLQZyWn45Y
3q_8azeC46D8MFYDalOi5,https://www.youtube.com/watch?v=0z3huAjT1GY
WgK_YUiY4bLyEUSjoiy47,https://www.youtube.com/watch?v=c0LoLym4C-o
myVWXUcr6bsXlsNAApv1i,https://www.youtube.com/watch?v=fh4P7gVapQY
EDUoJhGnMRPYPwaNo-nYT,https://www.youtube.com/watch?v=RpU_xPQknms
d7LSeBoIL27G-9X0VHQ4i,https://www.youtube.com/watch?v=FsnJ2DXRzog
DwN8qI8eg6-6mmeNCneFS,https://www.youtube.com/watch?v=UBf1TtVgrUo
uaSo5T8nU6DP9r4_K5OgX,https://www.youtube.com/watch?v=EbpYFizm1ws
zXWkmie7rXjIm0reJsNlU,https://www.youtube.com/watch?v=_AXpbo4m5L8
_lxBS4NpjPFj-m1e6kwB_,https://www.youtube.com/watch?v=yLk_8_7Zrxc
gTbBhgrY41apgiXNzLBBY,https://www.youtube.com/watch?v=--Uw18V6ZP4
iolY_KTzpOVXCtJNsl9Kj,https://www.youtube.com/watch?v=yGLtLmxzZiY
IAJGFio1wJLuZNcNlpTVQ,https://www.youtube.com/watch?v=jinY9Q6Spb8
jVW2tS9Rhir6-PZ3pHgAO,https://www.youtube.com/watch?v=HZeeOmE4zns
Bm2dtUpceXcLLI_cJ7jM2,https://www.youtube.com/watch?v=2NO_Obsjdd8
OuuJ66gY5k3iGvI8HuPhU,https://www.youtube.com/watch?v=4INljI8WMoY
xhpP0SUWudKgSGvnrt6wQ,https://www.youtube.com/watch?v=1VLXxqN8sDk
PMdi7zGTgzquzTYRMSkYW,https://www.youtube.com/watch?v=KOv2qhnE9gY
fv9pp19ZrAnbGxDx-TKAT,https://www.youtube.com/watch?v=OIXoR0NIhCQ
wFh0os18a-GgnSeWx6Xso,https://www.youtube.com/watch?v=vvzfHp5aXE4
MhnbBhKQAJrGAWJ1FbEOy,https://www.youtube.com/watch?v=N5sF7MjSZv0
DN7iCBAfSKxT-wZJdHP55,https://www.youtube.com/watch?v=VN1FKpGtZBo
2tikify0rcA4-ozq-7fBZ,https://www.youtube.com/watch?v=kjVL7If-IX0
vTivO0gxxmhq5cym8N0ed,https://www.youtube.com/watch?v=pWjC8HXco5U
_zWbv738wwNVkXMPKOLpb,https://www.youtube.com/watch?v=gSUqU7m1j5o
E1H8MnVKwJIVrDJKMtTp_,https://www.youtube.com/watch?v=LY_sHKfeDfM
0HOJo7lx9HhjNyeG9Lhka,https://www.youtube.com/watch?v=YSznf-mSfH4
jttdBSegJRtGz28mt9j7e,https://www.youtube.com/watch?v=utklaFfEU7E
ZZBhkNA3b0PdggiuzkYGB,https://www.youtube.com/watch?v=ZaYwztD8qV0
qaUAsYPzDNL3Dniodin1a,https://www.youtube.com/watch?v=GGpvfBzvdrs
h-5hUlgcDCMpCdvInTvvg,https://www.youtube.com/watch?v=P_mjOkqJQts
YwKI7ZcNNlbRynsU8AoLP,https://www.youtube.com/watch?v=oDSGH3h0KO8
VIqkg9I5EzsFd_4oA9zzM,https://www.youtube.com/watch?v=ILhoGltyWW0
_iLFbdtupIPncNtgV4ae6,https://www.youtube.com/watch?v=76K15N7HNYk
t6K5ZHnkDQECcT-DXSg1n,https://www.youtube.com/watch?v=cyBnF6p_5iE
0V7xBMzAR__k3TOghFsvq,https://www.youtube.com/watch?v=XtOvjvFRwjU
CPtem4IWSq_6YTWiz8fRR,https://www.youtube.com/watch?v=WR1eG-TicSs
l5CHveQ_fkNkhSHESV9eh,https://www.youtube.com/watch?v=5liTc_c9oNc
OvCGpS81W5FlxosO4dw5l,https://www.youtube.com/watch?v=xxu13P7yBpw
RiPuRfblMxWG6047eJJne,https://www.youtube.com/watch?v=cEhOFHjxh2A
b4lxCCecP7X-LN5UBBn4t,https://www.youtube.com/watch?v=pKfU9WyoAN8
IiUoT_-jjCGQ7xZKUW9bi,https://www.youtube.com/watch?v=b653EsYGaQQ
H-rLudzCzuwHmlCwOkIaV,https://www.youtube.com/watch?v=mKLOYIfJINA
_NwThVldGeKzN17-EuY_-,https://www.youtube.com/watch?v=IKz7KXL47PY
8_X64rQhzSH2physqrwsA,https://www.youtube.com/watch?v=eIaYr6GESrg
WSXP7RxU9YRuQkSktiFxh,https://www.youtube.com/watch?v=DQA8Ox7B3uQ
RDL-QRU_PMq2gkQvhi3lF,https://www.youtube.com/watch?v=r0_Li4HNbE0
w-ePyRg32zsYV-VVUsxGi,https://www.youtube.com/watch?v=3CloUC4c9SA
ZOY0aYrQMPPPXZ7aM52SQ,https://www.youtube.com/watch?v=LYQGGClcUho
QOHNQM_BQu0brkx7lDdnp,https://www.youtube.com/watch?v=4VOO1H0mb38
6WZveRyQFURwZwJVvLN4o,https://www.youtube.com/watch?v=wHyyhQtLBwI
vmZPHFQoLyCPpLbNb_FPI,https://www.youtube.com/watch?v=3GNKTc8W4sE
lCEKdFkUrwHxlRNI7tG0l,https://www.youtube.com/watch?v=munJuB3obW8
jNI4iaJ2TdyAfTZwkzgpo,https://www.youtube.com/watch?v=g0HHfc1xMXE
S-qeP5f6d3ZoqwyuyTdhF,https://www.youtube.com/watch?v=cKKSi0DaU7w
gAqVa896X-3HcEWq1TxII,https://www.youtube.com/watch?v=pQxuuqzaMKg
SL3JZGWRB1S4b0KoploI6,https://www.youtube.com/watch?v=HxZcO_Paw_M
9URyUqu_9y_K7B-LpZkgy,https://www.youtube.com/watch?v=9QxzDi9jcX8
gaaetD5M6QBu9_0DAqR-n,https://www.youtube.com/watch?v=8nKoBaMmbfM
U2mt1A_KbVwlY6hpJxZLu,https://www.youtube.com/watch?v=A7_-Sju4Hac
7F-pzS6xiak64bi1Sdkso,https://www.youtube.com/watch?v=LluURCjqgQM
LZu_IBcFFKeMaqWxLMIhb,https://www.youtube.com/watch?v=--WQ1jUE9zc
PDvzFHhj2fiu6V4OQLOxn,https://www.youtube.com/watch?v=Y__wQBlt9Kw
dsAJ5Ici9LxxDp5XCetRy,https://www.youtube.com/watch?v=X7c7O413J6A
1w-CgbKkfP1iCPo0-eSd0,https://www.youtube.com/watch?v=hGqcH3CWkCo
R8usExDqm-tUMI_7be2JN,https://www.youtube.com/watch?v=_5WqJVkh2T0
zcm0vSVBKLUZYgteLvMuM,https://www.youtube.com/watch?v=w5Vq_7VgsEk
wYadoV6KDNUcXK9CvYJaO,https://www.youtube.com/watch?v=7UNfTbIDCbk
hPnCyU4a0nK8-qv3yClmu,https://www.youtube.com/watch?v=-xg0TNbOffo
XD2Nq63gz4d-yYeR1AzMn,https://www.youtube.com/watch?v=zTuCb4i3DGE
ATYgcA4W41O5QXd4IGr5u,https://www.youtube.com/watch?v=EpnX9NeWj0A
LOn1Y4twaEhwcvRgKTiEl,https://www.youtube.com/watch?v=V4kIrzxK8cw
Qo9lrkZTddEwz2CKVC3oA,https://www.youtube.com/watch?v=evaCACGrXQk
H0VfX-EHAX4VfiN_0E-X3,https://www.youtube.com/watch?v=oF9dpj4SA9k
S2dpvQ_PMb-tmT4iFxyDJ,https://www.youtube.com/watch?v=8QqvtmNlEWA
XEt6tVFcfwlXD2GL10JGY,https://www.youtube.com/watch?v=x6T_wZwfESo
wHYF9D-yXWImBJ4pY-BMb,https://www.youtube.com/watch?v=bvMEsVzZUII
7VkKqWxzN3la19zxf8tCs,https://www.youtube.com/watch?v=pWCKPt5-ReY
pLX5VDznTJ0pVl1kyzKT2,https://www.youtube.com/watch?v=fZzl4koT-8o
sxKZXPQI549gcspCwge0q,https://www.youtube.com/watch?v=yKx67XwzPHs
x1iYxR8ANGW2d2vsSsSlR,https://www.youtube.com/watch?v=De0Cg-J5rxU
XqbS3-eQq_9bMoCGXHhOu,https://www.youtube.com/watch?v=e_5mqPWuW30
QFJUJ8ECMMnHAKTvOn2fh,https://www.youtube.com/watch?v=nXjyxJD_4g4
4QZJ9WpzdHSw4JkM_eGNf,https://www.youtube.com/watch?v=_RiW-DvM9fA
_zi3B7ODsV6ku7yPkX6c2,https://www.youtube.com/watch?v=wBS8PtvSFRY
MW-p-luqgE1YbLrT6QiZC,https://www.youtube.com/watch?v=9PKK0RGCon8
TThKNcOsgrasON_b009sr,https://www.youtube.com/watch?v=MNbAL8BUsyw
XtBbagUD-tgivYB99YThA,https://www.youtube.com/watch?v=Ibb3-NjlwYQ
4K4kObNTO67ZElQCd6iM8,https://www.youtube.com/watch?v=PghganF-ZH4
BmvbM_52iEHDSfns9_3q4,https://www.youtube.com/watch?v=TxnIhe5NHHY
7eW7BtCcYUnLEC-hczW0l,https://www.youtube.com/watch?v=Venu-mrrW_A
eIalvpPAnsHrKhTNnp4V_,https://www.youtube.com/watch?v=3SYCijj_rWI
vp8miw_G-4QTsbi5XdeMw,https://www.youtube.com/watch?v=-_By3RUgOXU
NQbGAKhZyaGBVtBL1Zu-H,https://www.youtube.com/watch?v=zNhO-yi0qQs
mESnaVysVUxpZQ2N4-YLj,https://www.youtube.com/watch?v=QUQzhY9HIeE
tIyL3uWVoU_-47VkuEA8r,https://www.youtube.com/watch?v=FEAi2D7amsM
ufT1dj2JJxGHUPfx3iSlk,https://www.youtube.com/watch?v=OK_-p6aGHjo
fhQwlp1Gj3GWsrah6X7tR,https://www.youtube.com/watch?v=_C_PEo--kqo
z-0638TQ-QRHaX9GVpiDV,https://www.youtube.com/watch?v=ZxokXZ3glHA
sXoxZ820uVHtTItCOMt6j,https://www.youtube.com/watch?v=6Pz43_qFuC0
htyynEzOQJln26VrTCGSd,https://www.youtube.com/watch?v=XV1LdeoJ8cc
86v4IZZAXB_fB0BSYtEMZ,https://www.youtube.com/watch?v=CLK4bO3N9kY
FrpfBzO3Yp8Tgqru8jh4o,https://www.youtube.com/watch?v=iqRAuwyoUnU
jF1zLg-dJKRlswR8-KCBE,https://www.youtube.com/watch?v=P8ZsF1xFPnE
qouMGSPSV3Bzp6UwoXA-e,https://www.youtube.com/watch?v=OQBzQKGwmIo
UIwocrAIAjyvnMKE97l-W,https://www.youtube.com/watch?v=gTpodFhhesI
7oKRP95DkxaQHG3KPRK-Z,https://www.youtube.com/watch?v=tYoVhZQfglY
SbFxaYAZqZ6cCRl_gz5XK,https://www.youtube.com/watch?v=Rvh5qzvjjs4
mhGh-NT6Qu8yZUXnSJj5s,https://www.youtube.com/watch?v=2z7A5itkwPM
B8t0SWePzswT8e0xcFTai,https://www.youtube.com/watch?v=Wpn-4a0BLLw
89WE2T6ucYtu5KbEHMNgE,https://www.youtube.com/watch?v=sVJHfTujIeI
Vp7Q0uThQHkxob8244jhZ,https://www.youtube.com/watch?v=r1IneNLwUEw
EsY-GyQoRff0iINeQQ2fA,https://www.youtube.com/watch?v=mnFB8skW6gQ
lOzuGojY-zcM6l1hzPFWX,https://www.youtube.com/watch?v=wJbQk1ZkIaE
eHGJLVFpOW7FcEcbUDSIB,https://www.youtube.com/watch?v=y5dcHGt66OQ
gpZIn-s4nK040PC9R25NA,https://www.youtube.com/watch?v=gTzxRISkDNg
VohRjxfXPX9YIWeaKhifs,https://www.youtube.com/watch?v=_abBtaRnhNM
ea0hCjGmSb_FJjYQ6zue4,https://www.youtube.com/watch?v=4_yu6tU3RhQ
n82DbipT0lgb3JAzM2ztW,https://www.youtube.com/watch?v=_lFJfvzDaQw
p7to4wveSFhcSGOGoEoxz,https://www.youtube.com/watch?v=ZwxBg5I69yE
LzpPBRvyQFaV7Sph88-kQ,https://www.youtube.com/watch?v=chVjfvYAxA0
M1X37mwbKGXKohnEzLYWz,https://www.youtube.com/watch?v=ol8MTgGiZ2w
gr9sWdZKBtl37fOqG5ixy,https://www.youtube.com/watch?v=4Un9F033Wm8
fXQLaSVAy3Lh-wKaSMAm8,https://www.youtube.com/watch?v=kcUJE8aYMDs
HtOrD9e1tbnRwLYs5S0so,https://www.youtube.com/watch?v=AAeLZ0M4OIw
UFgV8tUVths3R-ViF8QAP,https://www.youtube.com/watch?v=EGTuwoQKKiI
yX2-Rxa-iibmQAuXssiAH,https://www.youtube.com/watch?v=PtulIGK7KC4
nQW_0yKom4D8gRMt_NcUM,https://www.youtube.com/watch?v=6FvT6DWaBYg
9Gak7XSYYUns-z0aZrjN-,https://www.youtube.com/watch?v=zkcvnxBcnUE
zpIC4vVBaJYrocOqM7OQC,https://www.youtube.com/watch?v=zIPGQRyY6IA
DRT9SN4mySjAaY2mZy6FC,https://www.youtube.com/watch?v=4BpzPnr4PnA
q16M5ibtFlOcWmMt8SZJI,https://www.youtube.com/watch?v=tAynxnaQXy8
79QwmJUZy8HiIZiJhuQS5,https://www.youtube.com/watch?v=ABI5QebPH0I
iZZlyrX4G9pH8YZRJJHQt,https://www.youtube.com/watch?v=pM8pRh3Olok
mPAcKbXHoZfHENEuxzjwh,https://www.youtube.com/watch?v=lPTFreLUzXk
A9n-QDypBwBPsft-Q-7Q7,https://www.youtube.com/watch?v=3TSfAo5wObw
CgHG3HS64TV3GDhPp5dAn,https://www.youtube.com/watch?v=hGPp7zchRXA
4E2OO2u14xL4zWH5sz6ez,https://www.youtube.com/watch?v=wAHBpPrQxNM
xIzEUKza6drLbyhRk9v6F,https://www.youtube.com/watch?v=wmT777o91B8
VOytbbyxuVpLt2Q5y8O1U,https://www.youtube.com/watch?v=_mIT9eJuptU
1JnZp7hDiPBQRPGmdtEzu,https://www.youtube.com/watch?v=wic97tQCdkc
Fr0-egCeSAWHz8FfyPoZy,https://www.youtube.com/watch?v=579bPRHkQxI
IP9hsD7q5NrfeaBDPKHKQ,https://www.youtube.com/watch?v=IiLcVWOflx4
KDtJguOe3ojjrJnguqH6q,https://www.youtube.com/watch?v=McWIpPzgrwY
bS8verhE0dEQo75q2VIYd,https://www.youtube.com/watch?v=eu9A8EYyj8M
wbKqaV3vXNyA0a1D6ojVd,https://www.youtube.com/watch?v=Ost5AB8z4N0
PbBf1YdkvCYh0vqIQAesl,https://www.youtube.com/watch?v=W3TWQBDEMtQ
3SfU4Dn4ESrrm-DPzNYxp,https://www.youtube.com/watch?v=a9WBKytQOpo
Q6gvYlj5fu-BtaS4-upki,https://www.youtube.com/watch?v=hsL1HVWqovQ
YCr5v3mkXDpLX0bR7m8Lw,https://www.youtube.com/watch?v=Mlt5AceTGb0
F_BV7rhpn8HUU0rhVp_Jd,https://www.youtube.com/watch?v=02PcLI88v2I
S9I357vVO05QydxAfsNw7,https://www.youtube.com/watch?v=F1bU4tJOUbs
BqjCD1FK4aMmkVRcuN5lS,https://www.youtube.com/watch?v=hWJGsk76lZs
GAMMdFasR09_RHiHyRLX7,https://www.youtube.com/watch?v=T1YzXQ6Uqdc
-TeP8F_O0r1XrODsGfHS5,https://www.youtube.com/watch?v=Gagxbt1J4gA
iLF7XH_orH6QDhY3Jq1Us,https://www.youtube.com/watch?v=ZHO4o17SaJY
W56i80jYqMCfcE945x5wb,https://www.youtube.com/watch?v=atrbKuxPEo0
zFLsr91xCih0yy73pB6qu,https://www.youtube.com/watch?v=OWLY3SAwVxQ
l1jcU2wKWpJN50zbAVfpw,https://www.youtube.com/watch?v=tb1bKHahqEk
8vyODzoXtLrLjL8HDpF_P,https://www.youtube.com/watch?v=rxSYTMSecus
lFFno1fZgJIGKWQHRISQ9,https://www.youtube.com/watch?v=ePMHcumrwzw
EmRyVZW6CwhRxyx2ofHRP,https://www.youtube.com/watch?v=MyAI50qvrC8
iZYMOA6Y0twdE2RE_9LMF,https://www.youtube.com/watch?v=FG9sohGqSVg
AwenJPlK-uNfqDDVwd_Tf,https://www.youtube.com/watch?v=TICeX-u5Fo0
N6f3Pzy1Rv6QyU6hs7Dso,https://www.youtube.com/watch?v=w9u0bCiaK-8
ww8MdftMGEiumgldUQXZU,https://www.youtube.com/watch?v=gXSwFs-iat4
bJAVMyRSKB-UJJ-zXIKFa,https://www.youtube.com/watch?v=ewShuIuuxa0
I_TpG-fF9pmuCg7e8j8bR,https://www.youtube.com/watch?v=M-floN9sIH8
Il84VJY7U5Gb7PhkOi_2b,https://www.youtube.com/watch?v=BqZ_terY8EQ
K8o8bihwvEpiqOrvQNdmm,https://www.youtube.com/watch?v=kIRRqmbBC94
8ySUrP8wamWSXivT2X7qM,https://www.youtube.com/watch?v=wwyNqfHPXjc
OiJoXnNfp6iD1mZb67hd4,https://www.youtube.com/watch?v=Wvg_TM4T8Is
ZYuIMqeMY87N6seMrQ8el,https://www.youtube.com/watch?v=Ff2ih6ywUpU
cf8skeKG9nc41ceVCJHV-,https://www.youtube.com/watch?v=hKD--r5qqAM
f4gak8hE-lk2KQcsUec65,https://www.youtube.com/watch?v=xnQmr51VQmY
D_kGvAr9l6Azm4DFqWZ6W,https://www.youtube.com/watch?v=ZJEEcGi-jyE
5wnPhlBdJ2KBye39BQ34d,https://www.youtube.com/watch?v=237pDsV_cqg
0cethiDyRJVK0mzVts-p9,https://www.youtube.com/watch?v=ZmtjAla8nD4
WJhcc-G7wqsbHeZeHZ6kn,https://www.youtube.com/watch?v=lYjHe1Ah_Eg
ykSzTGQuEfgHjyT2Z-7jL,https://www.youtube.com/watch?v=AOp_upS2_4g
GnUfjeO0wriXTkOtQTANH,https://www.youtube.com/watch?v=1MCw3v5k1bY
VAu7VVRvP-TfdhdOvrBvJ,https://www.youtube.com/watch?v=kwI2t9Z0FDk
pU7lvnV7WpG-vpppYHQrp,https://www.youtube.com/watch?v=5BQ2uRoOXk8
ClMMV6TaNi4XCivHdQvY_,https://www.youtube.com/watch?v=_F0b2tXFvY8
w0oUDUevY0LqN9qM2JmT5,https://www.youtube.com/watch?v=_HrSuZmttjk
ImY60MtGJK3ZM5G8_qrbj,https://www.youtube.com/watch?v=Nqnze46lKbE
KcB-wF4tFnQ77-a3dAXnL,https://www.youtube.com/watch?v=-dnaItvDy4M
PRVLSBksB54KykMco_FgI,https://www.youtube.com/watch?v=1a6if7OBgLI
izZODS0ArARst6LKvawni,https://www.youtube.com/watch?v=8zzp9WKGAts
AMh3HIWBRiTx_NIFPSyVU,https://www.youtube.com/watch?v=2OlPcy_WW0Y
R5H39nV960a7zXRPRct8X,https://www.youtube.com/watch?v=iDhL_Sjae_4
2VYvPYM-IdG3-59OlgPWS,https://www.youtube.com/watch?v=u5sgPAXX42M
AAcjN1uMkchADbBkhZUn0,https://www.youtube.com/watch?v=dKq54exAloI
ikySxfm6CeeXfFMK2rrOQ,https://www.youtube.com/watch?v=mg2K8L7PPKc
35_0I4O9UP2cjMiN4atRZ,https://www.youtube.com/watch?v=TMAKHZyZso0
70DE86ryxgfOfoB0rV0y3,https://www.youtube.com/watch?v=N_21KYehuZw
aHhbB3d8LmZ-rgjWuUz9p,https://www.youtube.com/watch?v=GzmCXJFR4k0
qd_9Ef8iABaDyujfUC00H,https://www.youtube.com/watch?v=biNLnmdMpWc
bqgY3a1YTfQXqB91SzmR8,https://www.youtube.com/watch?v=FoOSqvL5HcI
AM77dm-wvWnv_hYRwl1bK,https://www.youtube.com/watch?v=DPmKbSuMhxY
MyOZqq6Z_xv2zV3gV8dFS,https://www.youtube.com/watch?v=anOIuxuRdNQ
U9vff07cIJaB1_mF4rl5F,https://www.youtube.com/watch?v=qmbftqY0g0w
Y12Gk8RUDOSpuusjd5tuu,https://www.youtube.com/watch?v=od1HxvUxtqY
V8EepwdwCnutsBOY04kqT,https://www.youtube.com/watch?v=xnuJvPV1FRc
x6o2CCD6B5_lY9Re99HDg,https://www.youtube.com/watch?v=R7rwXXrqUX0
oltuOsxrHUTRSwTZhlpma,https://www.youtube.com/watch?v=UEAYyW_cZCU
7fHB9cmxSl6r74jIM6L44,https://www.youtube.com/watch?v=ciL1ae8AQQo
2ZxjeDva_LoczNTOZMsYI,https://www.youtube.com/watch?v=kwz20BoCw0w
yFeQFUHIBskLhe1rVSe9A,https://www.youtube.com/watch?v=w7KJaxjHDZI
DalN2OFDsQwL_dUPS8oUV,https://www.youtube.com/watch?v=RQ9V81JNYuQ
am12diuNtziRcWRZbl2Gx,https://www.youtube.com/watch?v=MHKpG-Q4nCE
xEqq-g2Q9mkW9dn7VbsRm,https://www.youtube.com/watch?v=iXretj8AYFo
ty29T5cZfc1hbtwk3zJoX,https://www.youtube.com/watch?v=jlsK0B5FG24
y-OuG3uZrPewxWoPsrSAa,https://www.youtube.com/watch?v=CLNvbayKFUI
yGge7tsN6J3n6MQ55l2Li,https://www.youtube.com/watch?v=ypUXINuggyE
NnDdileDlLx9-qRL46ikt,https://www.youtube.com/watch?v=UzrFSdxtlx0
t6-tlM5bUd-8uY0tEY_4Z,https://www.youtube.com/watch?v=-QaiWVs4D6U
kQj4t6AYBJAumlSoEgFX8,https://www.youtube.com/watch?v=mWW9Yp--AxU
pV0zprAgwU8J4v6uK-SFT,https://www.youtube.com/watch?v=AJFb-ygHf5A
cOPuNP9HjjqKy13V01WHA,https://www.youtube.com/watch?v=VGc4A6KtAQw
_Ylf0pWed4EPtM2tEmeOm,https://www.youtube.com/watch?v=jPt6fcF4vaE
sWRwzJdsc890-xGF8tCAX,https://www.youtube.com/watch?v=dttsI35Wy0w
i-T6Pw2kUL6ySSFuuDlG1,https://www.youtube.com/watch?v=kjCSQ_CkW4M
TtiuvGGIIenlQ1zm8r6ms,https://www.youtube.com/watch?v=yhpQwDYshPY
pRYjtCHorKZrA751bu5RL,https://www.youtube.com/watch?v=RU4J7MIBnDQ
u3Eu7YPG-6usJkLrBsDnZ,https://www.youtube.com/watch?v=wAknL2gXrCM
Du0vt5nxWx-d9V7--_RNk,https://www.youtube.com/watch?v=z3YvCaArXck
RYHRqkCdksER1QOnh_NzW,https://www.youtube.com/watch?v=RGgPu0hfP2A
v9o0quipOthg7P7MvYPxe,https://www.youtube.com/watch?v=Bs3nNxBW6Ic
ew30iOROi_2WkSrX6HY6g,https://www.youtube.com/watch?v=MshhQCfrTbY
sYPJBtbw3N0He7j8CN79P,https://www.youtube.com/watch?v=9FThKjksd-Q
lAgtLGTDMZiDGNcv-SHAA,https://www.youtube.com/watch?v=M1XPBg4DySo
AuCXgDSXMZ8wADY8TgZOR,https://www.youtube.com/watch?v=rn83h-XBHqU
5g7E4eodzh3JECBC5vtlt,https://www.youtube.com/watch?v=NskBNgSq9ug
NU-3KADnYrXQJ2o8KnSfk,https://www.youtube.com/watch?v=ftjck3X5uQ4
Se6cEE_6qNWqkjpWQOsxX,https://www.youtube.com/watch?v=Dj3DpMfyaHs
j4c6KRZ2bggXf4Qb83idk,https://www.youtube.com/watch?v=V06zhmDKfaE
JExVXlTX8TQ3qBGPR11P1,https://www.youtube.com/watch?v=W-p_J-wGhe8
UCQjzNVuY5iuSMiz38rUb,https://www.youtube.com/watch?v=Bzbs5qkLRj4
-yNyqn_SGQDdSfXwyIGrU,https://www.youtube.com/watch?v=RthtAmON2eU
29p5U-iS63OriGhKl6-iJ,https://www.youtube.com/watch?v=1dBNQIlRrC0
8xTB9nbpske9HMr76KFQC,https://www.youtube.com/watch?v=0NgZG7luJII
yxgQt5tvLNLkj9Ej5bkQb,https://www.youtube.com/watch?v=gso78I5VLVI
dv4h4THzrlYndx3RDlWn6,https://www.youtube.com/watch?v=flVAd2OSgUc
S2wc2lc4T2vzgudK9AiV9,https://www.youtube.com/watch?v=cvpJP69V8SQ
dkPfg-BngFcY0u_w7RMin,https://www.youtube.com/watch?v=0p0lT-mjB9s
SHX3Ly2_FIgeyz7ZdVBuO,https://www.youtube.com/watch?v=WMFkvNkfdNk
0w1PseRhxO7F1_qomAWTu,https://www.youtube.com/watch?v=ZwjRO2q40cU
ZKjWtVUE3V7pOYwuuXo7i,https://www.youtube.com/watch?v=WE1nwrw9JkA
jePl5RYYzSbyZTltf8srx,https://www.youtube.com/watch?v=qtd3m6GhHro
U52tMPqWgxxc6idWyZx_8,https://www.youtube.com/watch?v=EkrU2loMcc4
gGtHwCxQ_L-KhUdFk47eW,https://www.youtube.com/watch?v=8nYDm54XvbA
dFkD_b1xHjv44inBgP58l,https://www.youtube.com/watch?v=zfc3JmoWCiQ
5MsQe9skso1nRhNdgoj5F,https://www.youtube.com/watch?v=qa7yMUFzkaw
WYRT7cnTAJKwDwEjRwOv9,https://www.youtube.com/watch?v=D_9uAvBjGKs
Z55IzKYs9PL1H785z282f,https://www.youtube.com/watch?v=0TkBK5dpwZ4
uuAmRt9PWPIBQRpuWnMFG,https://www.youtube.com/watch?v=6Tg9vtsA650
o03msJKDzrMg71JZWXdEf,https://www.youtube.com/watch?v=GRj0qTB0Ols
mHeJwJRv6erOzTtVttm13,https://www.youtube.com/watch?v=o5GHY0MttEA
xTknvRb6lJ-UcG2HE45Hf,https://www.youtube.com/watch?v=yivmA5_5Qlk
hYX4aJUvflWlR4tXZO_Ks,https://www.youtube.com/watch?v=Trab693UjFo
5gwHCaNiSdxprIGwq99aS,https://www.youtube.com/watch?v=-oql4GVxJqY
vLk2PabfHXFwffMsPTu0o,https://www.youtube.com/watch?v=eFNw0EK0NOY
V6GvjHllFwelGK93wz7mq,https://www.youtube.com/watch?v=I7W-8FpBj9A
KLXMo7wCmlsuDBRaJJJC4,https://www.youtube.com/watch?v=Nvrx3_1HopA
PkK3UOc8YkLMlGoVmX9LB,https://www.youtube.com/watch?v=2w3WLXUinHc
x1Sjz4EznXL5iGq-NyWuU,https://www.youtube.com/watch?v=3vzL_9K9zxE
4Iq4dl_4s1POWyaS-B1kn,https://www.youtube.com/watch?v=UTXWDfeBd2g
YxNIVy-Kt42_cHVC2eCda,https://www.youtube.com/watch?v=O2kSaRypKkA
rRWCN2O8Ts4g4Z6fFidP9,https://www.youtube.com/watch?v=GhoPwKlQg6Q
dEhzus6rNqASGruqDkbKk,https://www.youtube.com/watch?v=jHfrzLmX6qM
OsMsD9txmxmBFWZz8UvY8,https://www.youtube.com/watch?v=pYeVFRQqJhU
63GFSMqt4IozAlysRBg7y,https://www.youtube.com/watch?v=LIQ-NPZAjp8
qLH9rYrm1MIly1K0NfYMf,https://www.youtube.com/watch?v=DANADy0Yr7M
CF_k9nW9qJSfX1mjgE9Og,https://www.youtube.com/watch?v=yyzndYSGtE8
BN5yYBXhZGTzkK-QBH3Py,https://www.youtube.com/watch?v=LY7nR5bDcCo
ZAHgR3J4wnFbqckCnl73J,https://www.youtube.com/watch?v=bGGh2DiKAMw
LT8vCXzyiJ5g7QKb0cg03,https://www.youtube.com/watch?v=Q4G8svpiWvU
MQww-lxIks-57G7udyDee,https://www.youtube.com/watch?v=Onry6sDv33U
KLIqIo4epmWeBYENB65Ek,https://www.youtube.com/watch?v=VVvJkqb8Ogw
GlQ39t4bDG7UD-wsQsjDM,https://www.youtube.com/watch?v=VqOW_yAaFZQ
Zb4Xd-eliWfFb7g9fkjs2,https://www.youtube.com/watch?v=6Zr1aF28O0w
ksAAREAPxBFdphg5c8nSo,https://www.youtube.com/watch?v=1IdkinJzEK0
ieUGGyR8Bc6_19vf_5G6w,https://www.youtube.com/watch?v=gRJ8ESrBUkI
SWrygB852xpVq_bI-yFGN,https://www.youtube.com/watch?v=gDBl-srZWAs
XU1Sc3QgBeV32sRDQx5bN,https://www.youtube.com/watch?v=KaCVEaP_fG0
m8b1C6uodbn7jOvu_LiiS,https://www.youtube.com/watch?v=K9G1oUY64n0
OpuqiC_9H8wm4imCi_Bir,https://www.youtube.com/watch?v=ivnu6y61OEo
IAhKKcuQ5AUkAJK9-orLL,https://www.youtube.com/watch?v=-KfeIHdOuBU
ol_eEmcE8KlxVOWsINWXM,https://www.youtube.com/watch?v=hb3CuiJresU
Kap_X3ezfXKxX-03ZPfOj,https://www.youtube.com/watch?v=pVPV1BYuerc
-c1PC-5r99q5rhxQ1fizS,https://www.youtube.com/watch?v=XviZcss2GQg
Syctn8RHjCMJ6rR3_VdqV,https://www.youtube.com/watch?v=mGA2VHVETvc
ONQLOjfa7CjYxYY5lpT7I,https://www.youtube.com/watch?v=xdcl1DI4PVw
QglM1P9SmSUx6BgebEWdy,https://www.youtube.com/watch?v=veLtiLmaqnM
l7V8gGhQK9gDRaI-2IfiP,https://www.youtube.com/watch?v=S0feuiCm9NU
j8hesiHQrb-PADvMQ3Wrr,https://www.youtube.com/watch?v=g6BgBfxxmvc
4Mg0skwL-VR4jEn9g2jpR,https://www.youtube.com/watch?v=opmbwtZZ1PQ
TvCLqNWaT6CojOZwMB0wC,https://www.youtube.com/watch?v=CsxgeW98ti4
tdHE4Jp4N2W1M9M7Fbl6L,https://www.youtube.com/watch?v=H-s4LJo4b4Y
4Gpsc_NJaCVGCHTuE2xQ4,https://www.youtube.com/watch?v=Etwpmk_7g-s
8OkuaOvXfvdyjGigPUnWH,https://www.youtube.com/watch?v=DDahaqhMzsw
nSZ0ARSNDO5kwV_HIPjEz,https://www.youtube.com/watch?v=SZxz_o_vXis
cSM1_DMJVvhA5mHaM-Hvv,https://www.youtube.com/watch?v=WoKJNG6bxkQ
AWD7Heei8TKZG_49SXLIL,https://www.youtube.com/watch?v=RCqLdi-4D8Q
NuY-d4qAmBKIq9IeZ1vPo,https://www.youtube.com/watch?v=WXbANFwdv6I
SOG2sIg_C_VvPP4pCRSyp,https://www.youtube.com/watch?v=PDDSyNmFhTE
3CUWxC3ccsWMlyRael-OD,https://www.youtube.com/watch?v=HMiEdSc-0UQ
3mQz-qn6jmZXlR_f6OC00,https://www.youtube.com/watch?v=2J6_KzXuObo
m6J9_xomXqL_4kiSzuQnj,https://www.youtube.com/watch?v=WSBoO61S46U
zCpgls64sHoMYsZad78yN,https://www.youtube.com/watch?v=PYwSsjm8VSw
-JHbnbayKV-zZSMGTCXaB,https://www.youtube.com/watch?v=vE0VX6oAq0Y
UeMJf9DhBJC2fknlHVmsK,https://www.youtube.com/watch?v=Qx_Oqm3g9Gw
RlDJKdT_BMT113xZTXJiS,https://www.youtube.com/watch?v=TSAxYtNuuW4
3C7YpXt-MA8LQrEb7Y-la,https://www.youtube.com/watch?v=iBwFjttBLKM
Zo0aRMFUSqcMv4zY6fB-9,https://www.youtube.com/watch?v=43YgZqaViqM
uHM1nSs3aPaN486p0vxyt,https://www.youtube.com/watch?v=6LXfhYMc3lo
5_vuMhsWytI_hPZr4yYHc,https://www.youtube.com/watch?v=iX6JM49AZYE
cP9vCn4kMXyYqqFbebwCx,https://www.youtube.com/watch?v=JVwZO8UfwuY
ULuW6EWojoOfdg0YWA-s7,https://www.youtube.com/watch?v=T5fyQJ3HXOw
ObiC-tjgk8fKQtmniKFo-,https://www.youtube.com/watch?v=lk5ss6B-UTg
4JqmYKYNug_cdka7Qg_Gy,https://www.youtube.com/watch?v=9ycGfSJZSKQ
HoTIsVtDWRULYDMsyaYKU,https://www.youtube.com/watch?v=XXHeCJNHw9k
eiV0dVKUSl97os0WK5sa5,https://www.youtube.com/watch?v=KrDnKr8uFSs
onGM82qWOXQQHVcurw_1q,https://www.youtube.com/watch?v=bGQHsnOj7M4
sWED5UOC7gNhQITJCk3l8,https://www.youtube.com/watch?v=KhKv99nJkTQ
MV-vlwgmzX-sWg4uvP7nk,https://www.youtube.com/watch?v=ZD78bRAyY6s
m1cBLEKtZcF5EGmFJQMg8,https://www.youtube.com/watch?v=FgahSTK1ycQ
V2SJJc7EwK-AYOOAMFFTA,https://www.youtube.com/watch?v=GMZ6Xc8X0sQ
gDFlrGZOmu5Gc_WwysUKr,https://www.youtube.com/watch?v=a_RxxC61UKQ
D33PARBBd_VLCm3oIsZbu,https://www.youtube.com/watch?v=FTC9cwlheA0
PTAoP7aSWJ0K1zkvsCS3b,https://www.youtube.com/watch?v=A2gPRVTSvI4
3H_SCJmspYIB8QoNzlr0A,https://www.youtube.com/watch?v=V1oSzABpUKg
iRelFG37f-CBRtmeG_Jqx,https://www.youtube.com/watch?v=mIoyfFqpLZw
NbhkU-ScMIAVYIq2TC1HK,https://www.youtube.com/watch?v=5OhuZKyvVHs
hkySwAixbVD_QZtR5UeOW,https://www.youtube.com/watch?v=C91_yqvxm_o
ZcqC7kc4rfkcoJq_EApTI,https://www.youtube.com/watch?v=hAgkC1jEt3Q
ry3E1eeclqP-xKnfX4AUb,https://www.youtube.com/watch?v=Gj4rhPclvhA
NxbjoMaTD8uuOBFAumlFX,https://www.youtube.com/watch?v=YXonf1sn8uE
QjwDX2zebAfvhh43bQ-eK,https://www.youtube.com/watch?v=U_N1k3O4ZdE
wMLGnzd1mlvlFoXlJcp2F,https://www.youtube.com/watch?v=Aw0zL1mvK9w
geNeioN0tP5o4APHKwvGS,https://www.youtube.com/watch?v=2aGzMWFlAKE
yUBWsLV5T9lHENEflanj_,https://www.youtube.com/watch?v=zn2ctrpTHVE
WYA50ZecFpSo7zpXF-XF_,https://www.youtube.com/watch?v=Y6lFB-RRSFg
02IelVgZSbjKEuzIkvI89,https://www.youtube.com/watch?v=LnDxy-PPTEM
gYw0eudIZodav0Exfwloa,https://www.youtube.com/watch?v=CD-cKuJqEhk
P7-lzPvo0LEtJi5aUthWY,https://www.youtube.com/watch?v=PeO9Z_yfCjk
JA7vp4qZNUGxkn0Is31Mg,https://www.youtube.com/watch?v=DaOr0fcI0RI
dGMO4U9DXOSAOnd7j5bI0,https://www.youtube.com/watch?v=2c-6eiRfGIU
AnZ8cFmCnokHqwRgnzo9w,https://www.youtube.com/watch?v=1mosJzNq3Lw
bRev7B8xIeEkmO1xt2w3t,https://www.youtube.com/watch?v=Z8x332FBuY8
_OOn-NOcLyLcUPjW32CK4,https://www.youtube.com/watch?v=ID_jX_XHoCE
hn3xx6HveKiwo512KMIjM,https://www.youtube.com/watch?v=EA3fNSA3Rdc
VcFy5RYCN71p_-gpfEO7F,https://www.youtube.com/watch?v=f7ENb6FJSes
Z27TNo9fZFK-8YROp8HOD,https://www.youtube.com/watch?v=NVajqOPOOFM
d-ML4VJeXJsxqn1mj0lwj,https://www.youtube.com/watch?v=oRtkNbv8V8k
DXki_JlERbOyy7_fV-1-q,https://www.youtube.com/watch?v=wYKfU6Af1w8
egAv8QM4ClGWru8vOELsE,https://www.youtube.com/watch?v=asOamaIMS88
sRldvI3jBSLTJ2kySSh50,https://www.youtube.com/watch?v=LxsclnZP2xw
RNWXb0voBvqvqy3mUGkir,https://www.youtube.com/watch?v=w2sJ8ObJQEs
YHpJO8CVqxOLeD5OI8KDJ,https://www.youtube.com/watch?v=ezaJJn7-awY
7_bA1DumPZv5Ul8XZbFiW,https://www.youtube.com/watch?v=wsPswz5W2eg
x18G3vFIzxMXYLn-Va0NQ,https://www.youtube.com/watch?v=uXKsy5NpWJo
z6pueEDr_JoBbIcRa4XbP,https://www.youtube.com/watch?v=t8gbkkM8R2A
vKznSrh3ezTK-8waYluw4,https://www.youtube.com/watch?v=i_EfEU0j_zw
IFoNdzO2dc4EHtIgdRgjs,https://www.youtube.com/watch?v=-LESUwy-Bls
m90knReV-iP_GbdyN_y65,https://www.youtube.com/watch?v=mAYN2JQJUfA
m_54H5BZ6o4105NNL-CB5,https://www.youtube.com/watch?v=IRV9tuWzgxs
SOp3R7txc-F3XlxEaTSQ3,https://www.youtube.com/watch?v=m9kT3bxB1Ts
Qz24QEvu8k-COHbWOtOmH,https://www.youtube.com/watch?v=ddhBgZD6dBU
Aon85rkKZ3AoLxNazSMo4,https://www.youtube.com/watch?v=c9i1IpuxGg8
naRMrLcWMz9rLDZFBVx7M,https://www.youtube.com/watch?v=uOWMFxbFZ8Q
dBgDkOmhN61WQ_IsW-m6z,https://www.youtube.com/watch?v=4T_4MKEyHtM
X_4ik1rLf3Iehc7k42neT,https://www.youtube.com/watch?v=gnvTXsB55eo
1e-N_zfhj148UQe9GC165,https://www.youtube.com/watch?v=MzrkzcGuDM4
0qIskDIPfUXdH99m8EIDb,https://www.youtube.com/watch?v=v9i2cTefZKg
Po_MGJC_1qTRxghcMchcM,https://www.youtube.com/watch?v=mhXQdwb6OQk
Vtw6dLkc5U_WGOIqwWGhb,https://www.youtube.com/watch?v=emecfJ_x3ck
ma4vISLI4De6-HOUaEjrJ,https://www.youtube.com/watch?v=Hc7cZqCZTfY
rJR9U02JUSfidq6hwjikE,https://www.youtube.com/watch?v=cklDgTUe9wE
MrzTHq3ITo1-4C-goRt6_,https://www.youtube.com/watch?v=JTaqpAxK6CM
35FSKaRvepp9fw2xBS0Ea,https://www.youtube.com/watch?v=kzTCcRWv2qs
4QwVvRqPtkucMTySuVRB0,https://www.youtube.com/watch?v=tbciIvUvRuE
r6tq0l38NXRhipA7MtkcO,https://www.youtube.com/watch?v=6yOCuDx2ky0
d5OXm1P4Kg-VTssh1U0QQ,https://www.youtube.com/watch?v=GgVBNn5nows
49DCdDfFymhstQ_GFvUXf,https://www.youtube.com/watch?v=ekxsmv9OWCU
Bne5nKrX_6lZiQmpc8wCN,https://www.youtube.com/watch?v=lKmbFuKk49w
BsL_tHXkaC5FakxiK3bzM,https://www.youtube.com/watch?v=qlKAPF4KRsQ
gKorobZuoEkw0FrODvth9,https://www.youtube.com/watch?v=lqkIAxvDK7k
MWykgZNAPnUpgavDnAE9M,https://www.youtube.com/watch?v=NXVwKFUT0VA
4X4Fi6rOG7OQa9n_f0s2O,https://www.youtube.com/watch?v=1gFIgiyq4EM
BhYo_u24qH_fnwN2gSU36,https://www.youtube.com/watch?v=kq_yZavDn70
B1H77bA2c5qO67smQnmcQ,https://www.youtube.com/watch?v=vNt0k4PL-A8
7lQ2c1KkUqRacYYkLqqLF,https://www.youtube.com/watch?v=RUjX3QbwQ-E
duFmpJJgDuiF7xzG69x2j,https://www.youtube.com/watch?v=hvGZgOCcOSo
gVxmpIBO9NZRWN3Wt5nhL,https://www.youtube.com/watch?v=0VuSj2xOcKA
h586z6IvYAqFT4haW3JBn,https://www.youtube.com/watch?v=8qbOmiNr-fc
tgxUGIKvFmj6Wc0cfUlaV,https://www.youtube.com/watch?v=nM6u1TGj5q8
k9SRm9vPO4xhuhh2Mtprv,https://www.youtube.com/watch?v=Ef9NTpP5XBs
AFTYvokU67-Rnz2U1SJVl,https://www.youtube.com/watch?v=BhLnDjd1IRY
Esr5wuU6pxRP3XyahYmie,https://www.youtube.com/watch?v=r1iA_zBEl7M
J8oYfXYf_Mtj6NPeHcpjm,https://www.youtube.com/watch?v=QEnv3BnbfmI
9r1d8o2ow_TNhEaoweqKA,https://www.youtube.com/watch?v=_ecifL0wnkY
feDpCTWKDID8UZqBHhm7n,https://www.youtube.com/watch?v=2e6gDBGk5VI
eIAwyWPf45LN0SzHY-kMq,https://www.youtube.com/watch?v=_oyod2v8x_U
hvLDkwK7XQBk_XdK-KF44,https://www.youtube.com/watch?v=pa7UsCXWIuA
1nA4o6v2SgQFkaLzw8KPt,https://www.youtube.com/watch?v=1Ql4Dqz_8yI
U5Jot1sqtQgDwolVUyUpx,https://www.youtube.com/watch?v=5U56sO2mQn4
YjkBufy1UQchzmj15mdS6,https://www.youtube.com/watch?v=JGVWSeeEPfs
OeSMxSDfAyg9lWpPBPq8S,https://www.youtube.com/watch?v=JnR4FTyR1mk
XbPJe_GQrJ-q0Dl0JYj9m,https://www.youtube.com/watch?v=hfXBev81380
i2UKCQG0mGdgKb8az55ya,https://www.youtube.com/watch?v=PKBwfT1qdJ4
qnoQMalaySn2nQslbP16w,https://www.youtube.com/watch?v=J4E8CKZcyds
70JClWlpjqOxeaYHkb6C0,https://www.youtube.com/watch?v=CBiqzMom5L0
E3frUFJz8-zB-lcEpFXtD,https://www.youtube.com/watch?v=sWb-YAWaYhg
WwS0ZBMqCpK3NBsiAn0AI,https://www.youtube.com/watch?v=mSyZy8S7l5c
aBXflWwgULQ2m3HsN-RsS,https://www.youtube.com/watch?v=yKz_HJq9kcA
ENQ93LseSgtrYHbVPXIBo,https://www.youtube.com/watch?v=8UyRcIEIi1U
B2qkmsVBBqZdrrelKYQmF,https://www.youtube.com/watch?v=c6gm-_BqIig
bBGi6sEr7CvPxPWfn310h,https://www.youtube.com/watch?v=JmzYcEc5hSw
eHsw5AcAzER4jo-VyrT5l,https://www.youtube.com/watch?v=9d9DHA2ID58
TWK-EmEhwjQSXgi64Fic4,https://www.youtube.com/watch?v=YKQ2E930x40
aE91kfyoaXmhrRCgmZspX,https://www.youtube.com/watch?v=jB9byTax_w4
8nqr9dCRwKWOiZADaVYfZ,https://www.youtube.com/watch?v=ZHb5pV1bR6E
tC5SK1L_TEi0_dS487mMs,https://www.youtube.com/watch?v=oqslURwjrcI
hGeVqefjyUc9Qd_xVSS5L,https://www.youtube.com/watch?v=9zmAFpHOmKA
_eKbPHM16Bn-Rd7dzQN8h,https://www.youtube.com/watch?v=esfeNSh_JWs
mc2M1q87uZMHXF6rt4Y1S,https://www.youtube.com/watch?v=WxUKZF0hHdo
f_hh_g8m43z0PAGEBROWf,https://www.youtube.com/watch?v=OcUHoblCbnw
eAaPAXUDYILY7drvG8iFx,https://www.youtube.com/watch?v=z8DNdbEspqo
iDXt_twxPXWRgQvbKIOG_,https://www.youtube.com/watch?v=_9sHucXaYK4
XIbcpIoYoLaT6oKmcvTrV,https://www.youtube.com/watch?v=Csn1TXN2D7Q
jcsPqh27JBaQHIjq4P3dy,https://www.youtube.com/watch?v=z37NnuDZSq0
CdQxTI9ksz8EQdkYmCUm0,https://www.youtube.com/watch?v=ubtSftelwKI
hx5tG9wAk0TwStkrmbl9f,https://www.youtube.com/watch?v=vniY-FBLDZQ
Xdb13yx42CVqYTOmMM_kC,https://www.youtube.com/watch?v=DFes2DbbM5c
iSb66DHpTJobPW6i3PA7H,https://www.youtube.com/watch?v=kn33kXS49Lc
FLT4TSI53P9ywwGNSkwof,https://www.youtube.com/watch?v=RsNL_SUR_2w
TiC1d3lDgoi_aIVO20Ai1,https://www.youtube.com/watch?v=7lej23QZnIs
DIHMOF5N7icUzM2e4dQZT,https://www.youtube.com/watch?v=KJfDpZYsHuc
Nx3MBJTDIbojgsbGfdIn1,https://www.youtube.com/watch?v=m7UWRnZ98ek
O3R-AR1XSGf36_rK6dnGQ,https://www.youtube.com/watch?v=FveAWjjb7VA
piR18phygy2dN0YGE07FF,https://www.youtube.com/watch?v=FXylqr0MwoI
BQDi2ZwdbBuMueLVg8jhr,https://www.youtube.com/watch?v=k0TXiYZyf4U
_KvFk10IlNOcQyw9KvXvQ,https://www.youtube.com/watch?v=aC5OQ6mYIF0
5vaD1GO7T1BqYVjkZYoux,https://www.youtube.com/watch?v=ur9Irxya9lI
73nGeZYxHViaNlZsYBOrs,https://www.youtube.com/watch?v=BtcI6vyD07Y
EQQ6WnA2uFtXdI-M1-lr2,https://www.youtube.com/watch?v=TaUpmtBF-gc
1DSNmZYyI_DFC_zXdA8L-,https://www.youtube.com/watch?v=Fb79c9EhzcI
nV7nf4H-UjVk0kOncrqy1,https://www.youtube.com/watch?v=LYK9AajCkTc
Ah_E3y4ncKEvdu8jB-iFP,https://www.youtube.com/watch?v=GcoHmP_FveY
dTCRhtT00SPhFkk6ka6jc,https://www.youtube.com/watch?v=MdvYNMYGJQM
uwedyQRUcuk7YS5gjxqsv,https://www.youtube.com/watch?v=COdabnevuiE
qYvZZZiGtVi2RSWq1W3sP,https://www.youtube.com/watch?v=hfSqb8UtwIE
uFSqy3TFWyLM8dgp7_uBb,https://www.youtube.com/watch?v=eOdCO7cJEt0
dBVhgv2bfnltX1dloURl4,https://www.youtube.com/watch?v=SSsvIB4V49o
frTlSLxIiZpPdlBUnOT_S,https://www.youtube.com/watch?v=yDgUb4G27yk
6LPRpj-cHgUBzf7bRi3bZ,https://www.youtube.com/watch?v=p0Yw16exg5o
g86sntfl1RI3gipJZxo0_,https://www.youtube.com/watch?v=0d89ICmMClc
fDBZEOFoRH-xboobD4BQm,https://www.youtube.com/watch?v=U31mVhxSKkQ
5Z_0fKfFek_y8yYN_Ll1x,https://www.youtube.com/watch?v=ON0K0ZQ5wWw
5j3wnxTWunCN6BRbln2BG,https://www.youtube.com/watch?v=BJk7NGbvpUo
QqYb92BJe_6dRojplH9iK,https://www.youtube.com/watch?v=IBewbGoD_kU
Lakn7wmEYMdjBTp84Ykd2,https://www.youtube.com/watch?v=vwdguxhi-lw
iVWIfR3LcvX_DvtMiDgw-,https://www.youtube.com/watch?v=Sk9QPOsnFuI
K389XIq_EFcCkWXDW38ZJ,https://www.youtube.com/watch?v=GO6kevzBeJw
o1BekVFLmKYCImmyzkst2,https://www.youtube.com/watch?v=AXA9a6r7GWE
7cM60GOK1Pl-QujNXvTqu,https://www.youtube.com/watch?v=WY9cbrk05wI
9Zcl_UCwlU2cyzrz7HXnx,https://www.youtube.com/watch?v=1QLgBFmPQuE
idZvzYrhAk9ch2nyNUJh6,https://www.youtube.com/watch?v=w5lQcgTRdhY
2pWsennRIgF5HcsDesyXU,https://www.youtube.com/watch?v=rNDFhx6aGPc
YKidk1QAFi-5YD95N_shu,https://www.youtube.com/watch?v=-5qc-tOGxoA
XNRqfK3frJnINr7WbuIpW,https://www.youtube.com/watch?v=NtSacYBa_60
-em5CJUi4F1Ho5BXULLf2,https://www.youtube.com/watch?v=JSbtan8y4GM
Y2q0bEM6P_d1HcSjHyU-s,https://www.youtube.com/watch?v=n-miS0tiM-w
FJcb79I7ZkGHN5kCKjmRZ,https://www.youtube.com/watch?v=UCsW8cVyBMs
gkf-0WEX_ySj9XWPXEpBB,https://www.youtube.com/watch?v=YFZHUq9O6Wo
Fp8Piy7iDPymq4jF9DIVN,https://www.youtube.com/watch?v=Ugdil4ONsJ8
VYADA_pF_unYxZ8uB20kz,https://www.youtube.com/watch?v=hkcPM5vFG18
Q8N9j2yhzrxL7QbimyMZw,https://www.youtube.com/watch?v=nyUTxX05UQI
UO0tytqzDWKB4fe_zCAhj,https://www.youtube.com/watch?v=Vav1MERWqEI
muBfFYqysMCtk3WlSyzHO,https://www.youtube.com/watch?v=R4lJkrNDKAg
RNF3qZap5LAgx3iPQ8_GW,https://www.youtube.com/watch?v=66p2tVy0cF0
VtD5ZCBSlb1R7OTmeXeHl,https://www.youtube.com/watch?v=xB-u6VOugCM
eGgWDLsnPkGBhPC64ji_l,https://www.youtube.com/watch?v=YMXy6R2xtvo
0JzdvLHxrmTznVDxliHaU,https://www.youtube.com/watch?v=P9PDS9AlUms
xQmH8YL3gngPjmv0fqZhd,https://www.youtube.com/watch?v=5ByJmV0_1NQ
G6P1BYKETOCbIY_CP7nym,https://www.youtube.com/watch?v=dHxvdBp4-hc
9VXbZuATGQBlFBOS-oqZk,https://www.youtube.com/watch?v=XW8PpcLsuXw
ck35agT0KcMeuoSgFY-lY,https://www.youtube.com/watch?v=IcgqqO3s4nA
j6aUFsXYHtmIEwTQ_7P7o,https://www.youtube.com/watch?v=Kvb9E7fxvfo
Kp4vAzUHGxZlzYeH4q16e,https://www.youtube.com/watch?v=7njvkHw_J1g
QZMuxjUsK_ebtIIs0Cztl,https://www.youtube.com/watch?v=fgodyZao8No
mRRTDowoLoCZGSTKpW5Ua,https://www.youtube.com/watch?v=Tis2vKe37Gc
WBAS7_m25ZsHXm-Vpc_nD,https://www.youtube.com/watch?v=BirYZ5kUe-U
oeROzF0l1UZdkpjHvvA23,https://www.youtube.com/watch?v=ifrWvqZkK4s
nelkp6fGuP4LV3siHVciG,https://www.youtube.com/watch?v=lRf0gkOJ8w4
J0ESPj93zNVvQFI2CHzWN,https://www.youtube.com/watch?v=A6I8mhX4QL8
MRKeY3Pf36c3LsDNQkoTb,https://www.youtube.com/watch?v=lxaeYC_4Ey4
YujBTZ7RmgmjuF830mqn-,https://www.youtube.com/watch?v=pmLioC65c8I
uOMcNmv9xOmUtCjNUWZWo,https://www.youtube.com/watch?v=9eMSG41UM9M
q0zyIsFcz7Y9dUl1dPYli,https://www.youtube.com/watch?v=CopaasQfGBo
pHqV0-swB89ZvlIovqP-0,https://www.youtube.com/watch?v=XquOU-vD9_8
f0ZvOe2dYpVOnjxQUSBQd,https://www.youtube.com/watch?v=49ojLej8mWo
IUCDM4_p3Fxn1At7ptLxP,https://www.youtube.com/watch?v=R5lSBvoT-aw
hYBRd332372zW-hOA1_ra,https://www.youtube.com/watch?v=xlZvV_IQ2K8
lKAIOsxuQ2XPYEhgSYBFZ,https://www.youtube.com/watch?v=HOM8A0cpSpI
x7ghyXxb-rctqAjzwK7MD,https://www.youtube.com/watch?v=bmdhVFvmxCI
MQMQ2IfgL-Pb1P-5j6Y0V,https://www.youtube.com/watch?v=92Jndae1rBE
LKvs8YQzrWhlgAVHNQ8UL,https://www.youtube.com/watch?v=r1vB1GVTNXw
E9R-9D0LOYs1r2pEXq0k2,https://www.youtube.com/watch?v=7UR5XASqSmY
CiFe4wIBEnPZFiOFMa4tk,https://www.youtube.com/watch?v=Ybo5G_dbJGE
hKhGSaA4RTcuoefEIxvdU,https://www.youtube.com/watch?v=N6U8XFt-LQU
I0XlwZWN3K8c30J-UpDgM,https://www.youtube.com/watch?v=-1Z5GeKRhkg
S_GjjDqGQtwV-IPlcX4in,https://www.youtube.com/watch?v=6mQuKFjPK3Y
GGSh9G-AG_rK2R4YCBImW,https://www.youtube.com/watch?v=FRx-tZWCLmk
6ItnU6UIqRdwj_r7RIMZC,https://www.youtube.com/watch?v=gS86Dozo2os
zCXtkyOdNkkuYGgtP4WET,https://www.youtube.com/watch?v=Al8aE_zTeGI
VguoP00xy-QtlK38xIO6r,https://www.youtube.com/watch?v=m0HMnX604BU
5hbLAKnIIZCG6zD92meR6,https://www.youtube.com/watch?v=GlT5caFXGEM
adVUgyF8k_jzjVxZN-4fb,https://www.youtube.com/watch?v=EiBc47M7FC8
nHPQVdmfsuZO_3khyhoLL,https://www.youtube.com/watch?v=1_11rssK7Gw
A9-T1l2HpiHvWLXDxtu4Q,https://www.youtube.com/watch?v=NIB48smJVuM
NHMEHSFZvNFn1vOIvUH6w,https://www.youtube.com/watch?v=Jp1TOzQIB3A
iaNS4mgZsD99Ka7X2W3nl,https://www.youtube.com/watch?v=Q0PIMRoAcL0
AEmjgXlehu_19h3myZpWR,https://www.youtube.com/watch?v=6KZj3Wfa7ag
I-P_bYg6v3FvSOufdT77U,https://www.youtube.com/watch?v=iVwLtNGCVT0
FYwghSIcxfcKk-Wgo1s8e,https://www.youtube.com/watch?v=VDmxL2kbDYU
qPLv7iGV-Cu0YGmZRrYVh,https://www.youtube.com/watch?v=sIUgxcmHUxg
mgmp9yGnjv3Cv-gyhvP2B,https://www.youtube.com/watch?v=XH8UeNxwSqo
1B4o9n6S6VFXMKXxe4TNn,https://www.youtube.com/watch?v=SB3W-oJrvyM
y1opgUo7jClMxXl5MenmG,https://www.youtube.com/watch?v=y1zO4gD_xbw
TwKNH1Jq89dxvalbuP2pd,https://www.youtube.com/watch?v=QRWlNoWjjn4
P_pY54MUkzUuzhn60zTlT,https://www.youtube.com/watch?v=3AsoQfiZqe0
524a1nUmMmFty7yrlySNp,https://www.youtube.com/watch?v=wD4uy91XV0A
W5yLBxRNpxf98ifvDu-RP,https://www.youtube.com/watch?v=r_qR3GWRpuU
TY1nKeZf6MZv_Nvf2nD1k,https://www.youtube.com/watch?v=_s3pyuqgJHs
9pZdovlt7v8aQS1Sb2Ygo,https://www.youtube.com/watch?v=2Y797nr6hvY
s0fveg4geQiHZwwkchif-,https://www.youtube.com/watch?v=ZcLgSOrr7Ts
T24wnfT_e75VBWX2TiEUL,https://www.youtube.com/watch?v=gixPPZ4CiY4
iXP9taxP7WUmpt-eNCe26,https://www.youtube.com/watch?v=j8ZUSyGQais
pZ8WGoN3oCZRSpDIEsqbi,https://www.youtube.com/watch?v=1u3st6TmLTE
GHAmICH4j7IT2UP_Aah9P,https://www.youtube.com/watch?v=fazzD-iti-A
yJ0pDxqUijIretVqbsE7z,https://www.youtube.com/watch?v=vq6EKLFC5tI
LT3JRhDYlOaJGPaYt1bI5,https://www.youtube.com/watch?v=P_Rhe0tdH_o
eXW17IFfOlRp6QmxFNqp-,https://www.youtube.com/watch?v=96fTSVqJzcI
IyS4D5CSnYYOuey43nU0e,https://www.youtube.com/watch?v=4UxCu5NBtRE
25YJBkEOj1KHCLITVnk9m,https://www.youtube.com/watch?v=D9cY9EawMiM
9tbOkxUrzrsOMn2qo4_OF,https://www.youtube.com/watch?v=vnY6F1Ce6PE
dnMYEDYyvtxDGYGbe-gVB,https://www.youtube.com/watch?v=5TtAe0BjSQM
LNNlrlGZYWducLuhwh6EP,https://www.youtube.com/watch?v=GNn98IFBb_g
58a0Ox1dYvnE28LrZNnHc,https://www.youtube.com/watch?v=j_Eqqo5Cab8
Z3AQ1A17vAQgGnuQFjcNz,https://www.youtube.com/watch?v=aVg4WXE_Bt0
Qg8XK3CvBgI0w26zcn05M,https://www.youtube.com/watch?v=duYHA4aOGCU
qTcR5luBIXygGylhQJGRM,https://www.youtube.com/watch?v=1OLf46_AJD0
pzryDvNJfuLEJSRQmxfJx,https://www.youtube.com/watch?v=C_DIY15DgdY
jbpWQy1BN9S2fMu1r74_e,https://www.youtube.com/watch?v=f_AtkdestAg
JNBLBQ92KNbiJBaZbRn82,https://www.youtube.com/watch?v=r66w6QQRPME
IMiFH_RwKWLvXVYIZ3i_-,https://www.youtube.com/watch?v=TETynDE79zw
QDTn29jAQX3A9x0NEDGIT,https://www.youtube.com/watch?v=F26ZuTCxLvg
Hpt0r5qMGcrqzN62qMWTo,https://www.youtube.com/watch?v=lcH61njJOOI
d4h6QA_pIW4ULyI-pratu,https://www.youtube.com/watch?v=ZAIekN4PXh8
PLn6wQ_CX5nAveD1XX0FL,https://www.youtube.com/watch?v=-jwXUbxbEwk
9a9eaK1BVDP3I_lIQrj3o,https://www.youtube.com/watch?v=Li1zuuS1xss
XaXmhlnvetJhkrV3m9c2A,https://www.youtube.com/watch?v=S4n1kkES1Yo
CUc3ZAI6vs2_BB6fb61hu,https://www.youtube.com/watch?v=_9uDOvtlsOY
9Vm_9mLEx3HE0oCYKoEsg,https://www.youtube.com/watch?v=z2zrr9W9vp4
O70XBy39Raa0DD-ZPwAuh,https://www.youtube.com/watch?v=sZGIvpd05UI
Jf_T-DpbkXLQJ1yG2Ly_g,https://www.youtube.com/watch?v=CZiSEZrNQdw
QS9Z9HyfQc_cmrA0Uile0,https://www.youtube.com/watch?v=vSC5mnSM31g
7GvkThFFQrJ9tAaLMETkn,https://www.youtube.com/watch?v=JcLDY24LLss
6bXnk_PcZXFaSqKFwh55M,https://www.youtube.com/watch?v=CHk8tP2muss
7S2Xu2yNm3Znkd4_D3xj0,https://www.youtube.com/watch?v=oEg2CvZtPz4
SCJLuh5-ltKWJmrOecwd7,https://www.youtube.com/watch?v=7Kxl03sFcHM
o9HoNNnd_xTiEfa1zr0bR,https://www.youtube.com/watch?v=C9bhx76q1Tw
XYnwFZRHXrkXYzIybdXYo,https://www.youtube.com/watch?v=aOw1DEsPvKM
la6ycM76bGh6FQnGgrl7P,https://www.youtube.com/watch?v=f6pIaBJ-OZo
-hiLQx47Sqd5H43DnUKdx,https://www.youtube.com/watch?v=Z6rZjY6ABS0
n7Vqf4IMqoyP4ej56c8SD,https://www.youtube.com/watch?v=3GIOdaWICkw
S3dvOpF5nddwRBdTrtxh5,https://www.youtube.com/watch?v=nHwy6m991oo
flTYHUHeSWS-3kV6_q2O8,https://www.youtube.com/watch?v=IoHZPMw3sW8
mM88S-lw19XQcb9PS7I1i,https://www.youtube.com/watch?v=PZvsDkYpV_E
1gI_v4m_RmBg1mhyIwXtq,https://www.youtube.com/watch?v=6_iVcFAOCkc
pXTmDy4OzGmODqElWqBAj,https://www.youtube.com/watch?v=UtRUf674LYI
9igl6UKnsQf7-uV7zIquN,https://www.youtube.com/watch?v=PQXWROVrZrs
u-NRGrA_6z-xta1D3FpXJ,https://www.youtube.com/watch?v=-5cYWwRPhoA
LdHVHfn0r_r4vlodRZJki,https://www.youtube.com/watch?v=Vi0c5TIAANI
27WUKif59R37mlaiaYuad,https://www.youtube.com/watch?v=wmyEN1dx9nk
vBsiFD5Exp-IIfdh3zQap,https://www.youtube.com/watch?v=c5_I8lNHU4w
2wDQpKExhkFbNfv9An67V,https://www.youtube.com/watch?v=n_w9rZnsbRs
SiiAxk1GTHKXMsoHODFfT,https://www.youtube.com/watch?v=9fCmeai0akM
fIgOC0D7UwWRI3KwtQUmd,https://www.youtube.com/watch?v=lBCN0GLC77w
LfXuuNQj57QU5rjqPiB68,https://www.youtube.com/watch?v=2TSSAEjv3L0
qp72mZ_5FGn-B2iLO7A6O,https://www.youtube.com/watch?v=W_DAVmJSIbs
Z5YuC6tp-tc7VPyV_PsaV,https://www.youtube.com/watch?v=dWaPsqcThVY
r9_Q5QGsLXJHmyORRBJoK,https://www.youtube.com/watch?v=Ll3MSLy0waw
E6hGUK8_9sYfEv1g96pa-,https://www.youtube.com/watch?v=UuskI3zE1Jc
U4jL32NKQeQx-QWBtPJOM,https://www.youtube.com/watch?v=MAJ5QLhwR-8
y1U7Axwfd7DOaAbPDEVz4,https://www.youtube.com/watch?v=nCJJ_nLAJSs
u9hhhquMDP1O09C4w_lzJ,https://www.youtube.com/watch?v=4QcyxMvpXtE
q25Dd91u2C_DuSyW5dBqu,https://www.youtube.com/watch?v=OMeOwuRIAg4
i5gJagQdoLh1WLqzyGEvC,https://www.youtube.com/watch?v=5vsMa-fE0Co
UCNv0g8ipx6FYfcMWEpQF,https://www.youtube.com/watch?v=puQDL_LPbD4
NoN6Nlc4OdOSCjlzD8J_F,https://www.youtube.com/watch?v=E-igqKNV9E4
0TCtlSYd9F9lSQAtjyZsu,https://www.youtube.com/watch?v=SwpqXFYv0Ek
t_562TLS5GkZGWXvxhwdc,https://www.youtube.com/watch?v=r2nAkyuOjJM
BGaQ4bxwOW-MjwDui2_mv,https://www.youtube.com/watch?v=dEwm3QLNyjs
waVIlyLiE4ToRwVAFWmgN,https://www.youtube.com/watch?v=X7jhyTqGgMs
OFLwjimJ1OfBsL1PWjxKx,https://www.youtube.com/watch?v=ULI3FHuJkzQ
FD6-y_M28he4DJeu_LBzF,https://www.youtube.com/watch?v=AYxEpEKNkpU
Z2Kc0naSgbQXVPDleZ9QE,https://www.youtube.com/watch?v=LQwyqd5Qu5Y
4BFv2pVGLi5uoJV3QwcSD,https://www.youtube.com/watch?v=FXhVZbKMdQY
Gqds_ueH6GesFq6WajUzL,https://www.youtube.com/watch?v=WVAGvc17RWg
cl_f32TfEY6NML_pEjWW3,https://www.youtube.com/watch?v=i6gjMSPzCjg
djfOxgJraLNKpTWqC0aGs,https://www.youtube.com/watch?v=MsTC-zZ2I9k
B-oEXBShnBkjMIZY0PHB1,https://www.youtube.com/watch?v=5luYjogYqes
q-pIcqqUHvducXHfRHLEu,https://www.youtube.com/watch?v=ijkKPMIokLE
Nc8YvdP2OYhE1CMPsokrx,https://www.youtube.com/watch?v=zkKthOyfzmI
lEudaotnP49RNjEpSw13f,https://www.youtube.com/watch?v=_HrCW9xxjPg
zdN1v8g5TPS1kW6zO48gx,https://www.youtube.com/watch?v=dIzoQYLcn0w
FgjjCKAEUa0BdXlSpvou7,https://www.youtube.com/watch?v=Uao9qGFL8vE
Zm_n7-a3USqCn9q50xIBL,https://www.youtube.com/watch?v=U3eOWCs-4Bk
Esi_STl9KvPGeoDfgSwLV,https://www.youtube.com/watch?v=V5lx039L5kY
zhfPHwX4ycgF-Hj0fCToi,https://www.youtube.com/watch?v=js231U5Xqu0
wfVc-HptMe7iqprt1cVbR,https://www.youtube.com/watch?v=OCAR84Wajbs
uv1PIWReqes_9LxfbS_D9,https://www.youtube.com/watch?v=0Vf1vUNduio
UYn8Ms7oBC3Vn22rD2jEX,https://www.youtube.com/watch?v=30ZsNDsE5x4
AQZATGc5yeFHEwFYquBNx,https://www.youtube.com/watch?v=UNuNJlseYzc
GmIJ0HuHMOyG0FMf9nDcK,https://www.youtube.com/watch?v=H7Cy7zMyzlA
AQecG-ISAEFLkq_tzzMqd,https://www.youtube.com/watch?v=1Ryi26lf3To
QLA1r4pRSsvpWYNL2Mxdk,https://www.youtube.com/watch?v=PH9G5Cpj6SA
FpmbzbkSXRuN7tot1jDd8,https://www.youtube.com/watch?v=aFIBjr8606U
3QMrHXDKd4OpoIJ8CX4Ma,https://www.youtube.com/watch?v=ShojtFY9RJw
fuZDGUsZZ6wKFx2oP6rwz,https://www.youtube.com/watch?v=54qEa7IwlJo
vtt8daxicUO9jAX1US652,https://www.youtube.com/watch?v=ZAYn1XQL_tA
Ekb2S8YIeQXbWg8nV2Fwr,https://www.youtube.com/watch?v=z986t6Ahezo
etts-8FqSW9i5wjAVJbFf,https://www.youtube.com/watch?v=WzfZn2IL8Qc
qlnuJ9GxvEO8ZZp7N9hPd,https://www.youtube.com/watch?v=FK_mg5eiOO0
BVxSxF7m_Db8QEUDUBqkR,https://www.youtube.com/watch?v=-1IGONPNhGU
mbPVD2aZf3LEa8bnMN_iY,https://www.youtube.com/watch?v=UictYxN93Y0
SHgtCuPaf1B4EtkwbNizH,https://www.youtube.com/watch?v=RUGneiqDW18
KiByH887HbPBbRCghX78r,https://www.youtube.com/watch?v=o76yIZazTKY
QOPOTtR4fnKuh52k98obg,https://www.youtube.com/watch?v=e5jnkqoGAV0
Gb5MnExPxdB7c-Qt9tZI-,https://www.youtube.com/watch?v=i8oETcO6IoY
8AvN0skC3H3FvuR50bYf0,https://www.youtube.com/watch?v=FdtwxSkwRBc
y6RysPcpGyEJuHG0vHPCH,https://www.youtube.com/watch?v=Rzlk_lNj2o4
fspDhLDjZF3MWongLtvl7,https://www.youtube.com/watch?v=KTwLd_5TDbQ
DmcIdRxHaSN1rrry5zlst,https://www.youtube.com/watch?v=RhqnfdYDgRs
KjnDOXwAmUOECPki9S9MY,https://www.youtube.com/watch?v=lrdoldUq7cc
TH6xoVEWI2Qot58OYZOOw,https://www.youtube.com/watch?v=lgCToSMmet4
9SFnxHTWwS0Vpk_d_Ll4L,https://www.youtube.com/watch?v=bJbAEg2EYcE
sQ79OE4TIOGWkEZ9SURfq,https://www.youtube.com/watch?v=9UNUdq6tkBw
TTqcrBqSQqFi-sLargFVz,https://www.youtube.com/watch?v=9XlR_uqXF5o
W68UcUrMRn3e3nqLWP6qy,https://www.youtube.com/watch?v=S4-83tEoHnk
W5VnobN_sDNXQAW4zHS0b,https://www.youtube.com/watch?v=WTJ_ZB4-dDM
2zaZhRrE657nvKWv90w2v,https://www.youtube.com/watch?v=TdcmwFwfwXc
SAHIkjOCdu0xVwxmZSlBF,https://www.youtube.com/watch?v=ReQNk1c9lFc
zlPAVkmNZkTGWNnAKn8Bp,https://www.youtube.com/watch?v=ISTFhovuZPI
XMU3NU8xhSgtCRkW7j2xy,https://www.youtube.com/watch?v=3BTYRl3I8ck
PoG6W6OtrLP4Uo_OI0gFa,https://www.youtube.com/watch?v=uj1G9hrfXjg
IejV_54d-PTbtPjMky846,https://www.youtube.com/watch?v=ssY_hwkHmHE
ebOtzIp_75XNAMz9VDnhx,https://www.youtube.com/watch?v=jUdh7apUX8o
ubnc28DCQCSehlf6qMWK5,https://www.youtube.com/watch?v=QATVqmiF_n0
e2OrDOz1EdKKPqdLz_CAA,https://www.youtube.com/watch?v=phn26jJOnDs
u15_sne64AAXML05xdr4y,https://www.youtube.com/watch?v=RcE7wLEMjwM
f1ftbWvnwdKoJsRcwIIeg,https://www.youtube.com/watch?v=KT4plHkQGGM
bO2OyXGIeybAz7KtWANsk,https://www.youtube.com/watch?v=bmfl2-HKZFw
KVyTY9Bh9VVV_VWe6-zyO,https://www.youtube.com/watch?v=9THNG5ocDsI
M3eaebwZUUugkEV2Gnn1E,https://www.youtube.com/watch?v=BF7yYluNDpk
Ccj0U7WDlk_EgqF7yMzoQ,https://www.youtube.com/watch?v=-g3wXTfQuM0
xL_0jsP5eGUhJhheIZZJm,https://www.youtube.com/watch?v=UesywOJGJzA
P-SMKkMWT8XyRnZBugl5O,https://www.youtube.com/watch?v=usNveyCo6-0
qA847-LdLUUycB2xu_6to,https://www.youtube.com/watch?v=fcrt0eYnOOY
83r7ybKHi9YZrYvnfveoF,https://www.youtube.com/watch?v=jlN_1y-Ia_8
CJOMyemFhuHYp7ab3OrBz,https://www.youtube.com/watch?v=Fm4Pz8sq1TQ
DdDrlVlC5p-AioOU_2sdh,https://www.youtube.com/watch?v=S-UUqABvGYI
0VMD8ewdQH-yJcbVKvoC6,https://www.youtube.com/watch?v=NJet_MLqdxU
sQ5AkViCpRLbpcG2kZ_4g,https://www.youtube.com/watch?v=WP_mRNL8o5I
fbRUK1smK_CKSJWmuEQiJ,https://www.youtube.com/watch?v=IXzkMQ9ImXo
GMYNUcV1r8OQBWLF1kORj,https://www.youtube.com/watch?v=VUbFjyQsiCE
zRZsUdl8HVa57K6DPrzd4,https://www.youtube.com/watch?v=jTbWlXalJFk
OSzM_rrTbf40MU4TTpKrS,https://www.youtube.com/watch?v=tTLWiPAt5WQ
_3B92fs9dlaU1Y9xrvwdp,https://www.youtube.com/watch?v=S4azqBOoFZg
zI4e2n8IJN1oEhUihgH_Z,https://www.youtube.com/watch?v=gR9ykI5dsL0
wUMnihJPBvfVwtgyu5DlI,https://www.youtube.com/watch?v=46dai6fnI7Y
x9gUjX4-gFzeoc8GsP66b,https://www.youtube.com/watch?v=ZBpRg95r0ZM
KNOvRaPGkqAUHBViXI3yH,https://www.youtube.com/watch?v=BbtJR9lHGvQ
Ej0mKNvp3oi7gsvJ_mmal,https://www.youtube.com/watch?v=Z733_dYPw9c
JvlXzrIkNGRoF8-6Y1EZl,https://www.youtube.com/watch?v=uTL6iDCsXKs
w6lUmgRKivjDeAp1vHsr1,https://www.youtube.com/watch?v=BwUcrsFSqgw
SDsBMhw8lrc3ljFlNTq9s,https://www.youtube.com/watch?v=fOrxnxtAmLc
_h-LBiI8CokLE82nYr4rN,https://www.youtube.com/watch?v=HRUWP3WKioE
v51I9k4ekyeiaTqDCZrs2,https://www.youtube.com/watch?v=DNLxaibFaho
z3DnH3ZyZ-JOO2ZcgT3lt,https://www.youtube.com/watch?v=KgpGVg33a-c
iXfw0_lC99RRmkC5yoUFk,https://www.youtube.com/watch?v=-tmARDvTMgs
kDPlPxtis3GjPPbFTZOg6,https://www.youtube.com/watch?v=zg1r5v0hKoY
HSfggVNUf5GcJhGFT3tk5,https://www.youtube.com/watch?v=8NF_kEqlQEE
0zhDJlj1RempEaItmhmQk,https://www.youtube.com/watch?v=lnsqoEIu0-M
797wwd0gMDDQ0WyUYkoi7,https://www.youtube.com/watch?v=IPfb8Y1a5j4
V3IkKIF0mB--GPIiJa-dZ,https://www.youtube.com/watch?v=RkUj1UvFccQ
J_4L4ssj3FInhplkqVIB7,https://www.youtube.com/watch?v=pY_m0JpK1SM
dCyDgAPDbmwLWXNQtFO1v,https://www.youtube.com/watch?v=vOa2fJ8phgs
5R6D8wkTL2vkgYrJk4JPh,https://www.youtube.com/watch?v=3den0MQyrIo
5COrl5kYhqjEcFkU3gDb6,https://www.youtube.com/watch?v=N3kdSuez-7M
2CSAKAhg7bYIVaOXujLfj,https://www.youtube.com/watch?v=qScx4oJ4ZH0
wNfhVR2S-UqgMatZXqnIt,https://www.youtube.com/watch?v=rEO3gw5lD9o
SiOEzqGwbDgIXyMyiFGGg,https://www.youtube.com/watch?v=q5ePKr2xpcI
kIVRDht9RmlC_NbBAn3Z5,https://www.youtube.com/watch?v=2cZ8tBBZwSw
xKqw2uipTTmGtNfBicqYT,https://www.youtube.com/watch?v=lcQ0OI5AzCY
CzK_EYfgQHCbPYhCBjllL,https://www.youtube.com/watch?v=9Smtu5cVWiM
kuK8iZEb3IcyE-69-oobC,https://www.youtube.com/watch?v=j03tjvgq0MI
84pjoF5vhuRzkGSCzcras,https://www.youtube.com/watch?v=4lb1osNCISo
oLLDY1Dtv7mED3Tjv460G,https://www.youtube.com/watch?v=hsMx0EWo2V0
V82BZ2CiR0m4VyK6kBneU,https://www.youtube.com/watch?v=3r-B3QgbU3A
bF9EsWQad21O6t5rttPvC,https://www.youtube.com/watch?v=UGUF7Gy8uU4
0I4n2OU7CwRC8fSFrzaJa,https://www.youtube.com/watch?v=m2ED6u0_XhU
_-8YTmDGByByikaP2cR4D,https://www.youtube.com/watch?v=DVZx1pKYn1c
ls6LibZf9wV1TIFS_5okU,https://www.youtube.com/watch?v=gEBf6V-lzTk
S3gVkoPYLaG1Fv3iIK2i7,https://www.youtube.com/watch?v=p56byiY2Cf4
2J7UtgV9nX78eesIlVAiP,https://www.youtube.com/watch?v=O5_Z3nASFRg
iHTIbYaN8mpnRVdzjDG2g,https://www.youtube.com/watch?v=jJam174KXoc
ZoIB3FJ6VB2LxZXGYFFTC,https://www.youtube.com/watch?v=RfAtgTt5w6A
KiQvtxh5rOh-cGjLBJwwk,https://www.youtube.com/watch?v=vblD4DE57Ns
F1erR3KEtWqtt60f3uzSC,https://www.youtube.com/watch?v=ZsgOTxWIyzs
RcwzRG-HTqq1FceShyZd0,https://www.youtube.com/watch?v=mECGFNUZeWg
tZEwO9AJoUHpwCBETnvlV,https://www.youtube.com/watch?v=gxtSQcGUgOQ
axuaPpIXDlqgoEdP62F1t,https://www.youtube.com/watch?v=8505fRwwCEg
ADwkVDNxkN8rzCgj1HKL-,https://www.youtube.com/watch?v=mdsOo4Jiq8M
fdC3b4DNGTskA1DojVS8P,https://www.youtube.com/watch?v=8RkcEVu7qw8
-dLLB14wZcQgK4ok1dTlQ,https://www.youtube.com/watch?v=K2humdCkIrM
eY2Yx6Kz-EEtb1PC49Um8,https://www.youtube.com/watch?v=sikJs1ckMQc
kaqCTTPMAThhPg_U376av,https://www.youtube.com/watch?v=K3edGx5Lfhw
D-PUO-AD1z3WuFOTN4jLu,https://www.youtube.com/watch?v=cgNQPWUGYzA
8CDS5speYGjAOopenaDWI,https://www.youtube.com/watch?v=yKYuJA-m3Ho
WBqK9yF_TP9piB5esVrnP,https://www.youtube.com/watch?v=WkZF6zwfas0
42iDM73ar__it_95qK9SG,https://www.youtube.com/watch?v=uE4z3Lq1XJ0
UMc8-1l7qrN5MuBoxBhC6,https://www.youtube.com/watch?v=61MWe9sBz5g
QJQwHX4E-kDsQzB8HKERe,https://www.youtube.com/watch?v=4iWmK8E7R7Q
jzhGTSV29aJNwwy7OUjk7,https://www.youtube.com/watch?v=3Usm4obrs6A
to_5spbUedp4CsP68I8lZ,https://www.youtube.com/watch?v=5dxlh0Rt5jY
n3wo-rvhSk_TWPxJGvqXm,https://www.youtube.com/watch?v=yY6NZUsBeII
jtpKPwlunxAwhZrmVau3n,https://www.youtube.com/watch?v=YXNVRVmHtf0
BDHWU_hCLKme3y4M9gpF8,https://www.youtube.com/watch?v=Qa-saXPoD8U
rpaa4N5StPL2S9gfYFuvF,https://www.youtube.com/watch?v=EWzuoy4O-Oc
aRO4aRAUj-WHkY9ICeUCL,https://www.youtube.com/watch?v=YXwN5CYVd4o
StosnICiiByQ18Ej305ip,https://www.youtube.com/watch?v=HMwAoKzgYas
YC8fUg5EzNBOGsx_3YSIN,https://www.youtube.com/watch?v=Afl3fexMV6A
-c7C8GV0Aaf0QVjWXVP9L,https://www.youtube.com/watch?v=0F2ZGtt8gVs
6N2M7QXCqFxOXEBA6eu4t,https://www.youtube.com/watch?v=f2bWqpydgFM
cNQozRcGxpaS4wAhoHse7,https://www.youtube.com/watch?v=xPXdBhgQGSc
wQssgPOI1FXZAaeECUHIY,https://www.youtube.com/watch?v=2Mtha4zvVa0
Mdd9XsnYKD2c2U_MZT-sK,https://www.youtube.com/watch?v=Lw_zzg-BWc0
e4GicDGRrm_BBIu4uCNMi,https://www.youtube.com/watch?v=xzp_hqiWHk0
OME6WfSX8c73rSFlexAZz,https://www.youtube.com/watch?v=cm-QCwbhScI
FRWgxTp-iMI9n1dSFZ6da,https://www.youtube.com/watch?v=Hvm0-bzunfU
h6IIAXvLmHYvcsR5K3cVb,https://www.youtube.com/watch?v=ol3wwOQbeAA
WSrynDHVoEcoP_koikPfn,https://www.youtube.com/watch?v=I81r6BTR3eM
O8IodnSnDxaqRUqHpQtMO,https://www.youtube.com/watch?v=XdLDhDJjTJE
KxGZntvh0JBO0SKtF6EG4,https://www.youtube.com/watch?v=3aajSTdI_Zg
XoPxwHdM2ZmYTtjg4QCli,https://www.youtube.com/watch?v=ew6JIgGLlGw
Wk-1zLmwQqH2L4RTUNbPi,https://www.youtube.com/watch?v=PeBZP4rL9z4
x4hArghJPXA0PIr3sqSRu,https://www.youtube.com/watch?v=mnjIXYqZx4w
nrxz9eSaGZ2fn5EVaOWvf,https://www.youtube.com/watch?v=Wa4S2soc5ho
kod0yCxC2zfLuy_Z4XHbq,https://www.youtube.com/watch?v=JlW00tgrJ9M
LB_uPTUYPgMoM2MSaDtab,https://www.youtube.com/watch?v=kFTUXVPVVvc
nU45hQM85STu_0oeHc_DT,https://www.youtube.com/watch?v=e9jwimDZ1u8
Ker9AvjLNCMPz0b3BVOd6,https://www.youtube.com/watch?v=OmvQJH_0s0Y
KGjagLaPwvGBiSuDpzbS4,https://www.youtube.com/watch?v=EBln-MSXdyQ
PJFgonTysVbRjENj_NLVN,https://www.youtube.com/watch?v=rokEcepoh9o
s0I89a5-u5ZPya6Wdbdto,https://www.youtube.com/watch?v=LFABGsbEK7U
xLFti_2v00qC-zZ046nRH,https://www.youtube.com/watch?v=VmqLxe2fsRE
A6DUyrgzJ6p1F4Pd8M_Mr,https://www.youtube.com/watch?v=zY-4b98-O0Q
lU585tKSIa5Vza99ij7yA,https://www.youtube.com/watch?v=sjCbtVVzMjs
zKTlxhrQJMzcecl7DbFYZ,https://www.youtube.com/watch?v=gNjjNSzYWZI
QcwUfFAnIkkSFQaKRU-Ti,https://www.youtube.com/watch?v=LHZwTQ_7xAA
CPeo2_OfAHqyE4fhYZ_2P,https://www.youtube.com/watch?v=o4mSH-8E024
m6SK6lG2rJ16kDq7gVdAR,https://www.youtube.com/watch?v=qA95RZsCYp8
Sizy-w7HR7fSOPa3Wy2RK,https://www.youtube.com/watch?v=t488QAA9w_w
sjrWieK4OgzXUfelCJ2tl,https://www.youtube.com/watch?v=TJ-jtz6YXNU
en6sGJixzpdb6-13L_YIj,https://www.youtube.com/watch?v=VPbn5arCu3w
xoWtk033EVYEP6keuEpHP,https://www.youtube.com/watch?v=GhKqr13uCbQ
mFV5mf4am2iDyU2ziVIsR,https://www.youtube.com/watch?v=Cxx6mw6XeP4
l2YN021MUiE5pkraSQxAg,https://www.youtube.com/watch?v=HRMi3wETjhU
O2l465BNSFi26Di0yGY9y,https://www.youtube.com/watch?v=ITH1CES5O3U
GuTJTRuhDIsQ-axHSxuGo,https://www.youtube.com/watch?v=sZeNd8qBA54
jDkXlBsQPRt-1S8fZWxED,https://www.youtube.com/watch?v=YqD9VE8ITAU
w3spH9x4u1jmTTfgtwES9,https://www.youtube.com/watch?v=iakzKv8nrC4
HQ1tVeJANjRcFuN_aQkT_,https://www.youtube.com/watch?v=_G0BkfePIA0
14I22UNjvfiUGXn4kyxSv,https://www.youtube.com/watch?v=32LhI5XeIrY
LlBVph9Rm5-ZISiXreeUR,https://www.youtube.com/watch?v=wOygBMKXRsY
_XojxdYbfL8QEYIe1C8QI,https://www.youtube.com/watch?v=5k6uzci6Xyg
WURpMpKKUXCYxCJi-shQS,https://www.youtube.com/watch?v=Bo6I0MP4W9s
Y2GWwo95BgTtMR0OLPjVA,https://www.youtube.com/watch?v=qROAFVzGQ-w
yEtEL79to0l94aXXPCKwm,https://www.youtube.com/watch?v=q-tTiUMVw0k
2mHtyOy4DDfYPdr8VQlr8,https://www.youtube.com/watch?v=2mP8fTo5ODM
HcQdidJkeCzuQB43Xyicy,https://www.youtube.com/watch?v=WSwG2RxfSuU
dKprk7rRJ-2CAfH8jBYIa,https://www.youtube.com/watch?v=6rT0Y3TKhuo
BSKAEv_dnu8_tdqt3HYoe,https://www.youtube.com/watch?v=wBiTVFvtOP0
ziweg5BSuiAYBpBRWaCXN,https://www.youtube.com/watch?v=1JVcEIIkWiA
Vox5Z4Ye6qHAwMn7XamS6,https://www.youtube.com/watch?v=P2L4OhEud5U
-ibL0oHMzeLpsYJgT1YZD,https://www.youtube.com/watch?v=J33odm4rTRM
Bk43W9hq0o3w9PZbIruce,https://www.youtube.com/watch?v=23oHzVkUeTY
rVk9U1NtmWFwFWXjjSDKf,https://www.youtube.com/watch?v=9JL7F650_iM
jySONLFjvMyPcePLJFXu0,https://www.youtube.com/watch?v=W0IDGXsrJz8
PU-l_k2hY7ioBCd42PNTY,https://www.youtube.com/watch?v=WW-VhCUljCA
oqefT4DodHJxZILRnhP3Q,https://www.youtube.com/watch?v=_3Qu4pxrrM0
Jh9w3boJLHKFGjyFmNgDg,https://www.youtube.com/watch?v=C2IsUoi-VS8
yZP6bXxGQ75wCCL7ZQDJj,https://www.youtube.com/watch?v=injcGIqQ8Fc
Dh5hd5y7s8cLK_B01o8k4,https://www.youtube.com/watch?v=T1MeQUYZdbE
46pYHzDtckruT5GxMzeI3,https://www.youtube.com/watch?v=sRIZSFR3sPs
-GJUWi3gEswUSV7IyDLqW,https://www.youtube.com/watch?v=2es1QJIfc1w
KO8PctYwnGR_USWB1M3lW,https://www.youtube.com/watch?v=IHLew5mvWyI
twZBdLf3Pyz7tTScc_Tl2,https://www.youtube.com/watch?v=Ce3tPNwX_pg
CkfygmmH_hJ5xiQ7HbERj,https://www.youtube.com/watch?v=md7CYWIqYg8
ghbVIaVKlMpDv7tNggME-,https://www.youtube.com/watch?v=48wpCqo_Ibk
EXHHmFP3vMCnTT1NkXO9U,https://www.youtube.com/watch?v=Of9PBPj_KHE
du-tMc-mTwn1cdAk6hzTJ,https://www.youtube.com/watch?v=TojgpSPDvZM
88k4pUeCb36TshxKW3rOq,https://www.youtube.com/watch?v=QHRbLva_yTE
6-JSxqkiMCYm0X5oO56xG,https://www.youtube.com/watch?v=FA-ToOiBL-M
I8luv4W3P_JwY9PRTciA4,https://www.youtube.com/watch?v=oGmYxv2aDAk
2SqtaXni1mW5Pf4qZqnF2,https://www.youtube.com/watch?v=qKJlOjttjzc
I2HmYV6DV0-Uz3GYSknKC,https://www.youtube.com/watch?v=GwU6t35MELk
cK29tBMbRjOfpElMY7rR2,https://www.youtube.com/watch?v=EvyaE4lpS6Q
7Bsf0KrKOIjc88_rl_MQn,https://www.youtube.com/watch?v=-8XTdmPZo5I
QIl2fCoHZ9sPBkaFPU9DW,https://www.youtube.com/watch?v=SlxqOgfpEK0
cqVevBJWuQrx7eXCkFJ79,https://www.youtube.com/watch?v=e2F8tMZBR8Q
7W0R8__DvUC69g3idCjKd,https://www.youtube.com/watch?v=Q_cCP6z7NLY
azNiZNyZpbXcmrvZj9Sb6,https://www.youtube.com/watch?v=lpvuwKBZEwI
S0mzLu8Wz2wgT4_yfQEd2,https://www.youtube.com/watch?v=1hdkj-XWQa4
YDjhWgnhUTdvnLyuLGMNb,https://www.youtube.com/watch?v=e0oYkzdsb1M
ZYXhEANltGphRVnEPGwSt,https://www.youtube.com/watch?v=XNvCELQVFPA
i38QHIGTPgTFSdhNcH0oC,https://www.youtube.com/watch?v=sXX5clsKCL8
z37XNvf2wvvTuh1pshE8v,https://www.youtube.com/watch?v=o9Ocbtz3K7c
Xez-puaeC9_5OQDyvmT2X,https://www.youtube.com/watch?v=4Y11xYwzGT8
YI3icMORNAhJI4EspmGw1,https://www.youtube.com/watch?v=Lp7wK43Fi0s
rcmQesNksCZoO9BwBA9z8,https://www.youtube.com/watch?v=tzx8mDvKxkw
GCkvYgepZBF9zqXHBeYUK,https://www.youtube.com/watch?v=_NgNiKaXNtM
1-_bcsenQ-6WVBJ0sx4dA,https://www.youtube.com/watch?v=gas5dj0WsTU
oSBo9Agu8y73jb1uQdRq8,https://www.youtube.com/watch?v=5XK77Ndfejc
T9oBtnl47IissGbLkaqq_,https://www.youtube.com/watch?v=PSd1--pbcNY
AtLu1G43IJL5nzSlvQfmK,https://www.youtube.com/watch?v=Ekr3S5JPu4g
3J30Pp67CXHhwO2HgX4CJ,https://www.youtube.com/watch?v=0PvuwKoIlH0
IgCyezQxHNndacez3SQNm,https://www.youtube.com/watch?v=uuWL-mXLF7k
iH-3Fh9OmZwNEt8Xo8wzl,https://www.youtube.com/watch?v=EAiF_pw__m8
moeenGizTs86x7brnJxDG,https://www.youtube.com/watch?v=bVD1pHvwHAw
tTV38OHEPrdTc5rR8Rgeu,https://www.youtube.com/watch?v=BeNhG7c7B8E
fuaoWSecpPiDenitUHvDN,https://www.youtube.com/watch?v=OvCENEVTwBg
i_y7kbSgsHW7QyJGVwJWb,https://www.youtube.com/watch?v=CU_ioe-BiyY
bvm4ZF0kzqm3T9VjcaEwW,https://www.youtube.com/watch?v=rqohdt0OCQ4
wm0UgXHLIUClTlsAoOibn,https://www.youtube.com/watch?v=Y74wM2Z5KU8
hiuKLoHWCI7pbw7XvAyvQ,https://www.youtube.com/watch?v=q_ageTSJh-g
6ZvxWRxoEzKE39Kx5wskA,https://www.youtube.com/watch?v=qhfbjx9QNtU
VboZQG1aIp7RTTHiUDnjG,https://www.youtube.com/watch?v=gXhK_4Yl604
8X6P5KyD8Byk2mEu5AnzG,https://www.youtube.com/watch?v=7vzjkHbbdb4
9PLhd04U5Cd1Vn1qc3xma,https://www.youtube.com/watch?v=FRDNc2KVGak
TUgf5xo0dJad2bqnCdOnJ,https://www.youtube.com/watch?v=n8jno52R56A
e_4KAAxOINRr41apRPHzZ,https://www.youtube.com/watch?v=GdFPMX6893o
rcg-sb0SLXJVYVnPNri8T,https://www.youtube.com/watch?v=UJlmoS_1Q8s
UFD3MSMYWBm98NSq0VreK,https://www.youtube.com/watch?v=mif0F-LlWzY
fwUEo4Qck9gP0J3ZhwVbN,https://www.youtube.com/watch?v=2wdR5QKyGhc
OPV0aLz1cYq_oJzfct__T,https://www.youtube.com/watch?v=4KQx3vNu3UM
J3z4dY7vuqgBUnvZbIfNa,https://www.youtube.com/watch?v=Qys2HEPAi3o
nlA0cbLl0lQz7zNfzLWGv,https://www.youtube.com/watch?v=hzCyUsqUvBk
2bz1FwqqF9Eh9tS4iZUGt,https://www.youtube.com/watch?v=z1Ibo_2Bvr4
ymJxRUfxCcITIoNoZ7xcC,https://www.youtube.com/watch?v=L1ZCZxFe2lo
wLCCAF4tueY5s8GKNy8BA,https://www.youtube.com/watch?v=TCqTbsP7J7s
GEu-5T4xe313y2JrP4P_I,https://www.youtube.com/watch?v=zR4tKDc5C7c
XpcRwtkyqccT8P2d_aYp1,https://www.youtube.com/watch?v=n-Xm4SUFDYs
xUVzPdyB0kUmHf2kp5VkJ,https://www.youtube.com/watch?v=HQa3zjRCOlQ
02hKSQliofUniZXqtM204,https://www.youtube.com/watch?v=ObkHvxJp9zw
3cExWhR2uRS5o_dx9UB7C,https://www.youtube.com/watch?v=QZQeZ9AAQzk
sBHEIv03kW3jkYvsE2J6e,https://www.youtube.com/watch?v=vFReZxWHFkc
ZRJaZ84szZzRgrn7gqokY,https://www.youtube.com/watch?v=x9IQUCixSf0
rx7c1tXxAnWEWmWEcgJrw,https://www.youtube.com/watch?v=DWwYDi6B__M
HF4Q_HudxqPDSLmeWwmpQ,https://www.youtube.com/watch?v=STnhmiWx1e8
FZXdNyFl3B7iR7OugxyU5,https://www.youtube.com/watch?v=je7j5DddyIw
fH18SuZxdJ3mhmKrg_CTP,https://www.youtube.com/watch?v=xOorhlV5g_0
VIMCNyxwz02G5lAZDSMsc,https://www.youtube.com/watch?v=PvkQujFw788
swHcZYPFz7TPMwVRKYS_B,https://www.youtube.com/watch?v=ylO9LvWwuqY
fDuoW_XHCSqHSpJB1_c5a,https://www.youtube.com/watch?v=C6zSceaFASg
SNuyrYKObL9LXppOmIbLz,https://www.youtube.com/watch?v=7GTICUg0OV4
QnkhP3GfjE47yrDxR57Xz,https://www.youtube.com/watch?v=KF5Yj-tONrI
j6M2XlaMFbKzbeiJnsW_Z,https://www.youtube.com/watch?v=VVLCC9A8Dkg
MSbEg9SrAJCSOfapWo0FU,https://www.youtube.com/watch?v=9acHsR4mtTE
pR9H1lYnnoiUE2CGYt2mo,https://www.youtube.com/watch?v=Q2DFfyROin4
1H7RyYqu3TSxKuWbS7t1X,https://www.youtube.com/watch?v=o7vMqAmR4Jk
lzrPt_zHKGAVfP2ux89mY,https://www.youtube.com/watch?v=7kMKBrBpIyY
NNPvMWEj03xUoyxwYcUQ0,https://www.youtube.com/watch?v=1BZVdPm3IGw
j_kvEUrwjCL7VAXxBOuGN,https://www.youtube.com/watch?v=bMBHJnICh3w
ihaFztzMBsTwa2__7VDTV,https://www.youtube.com/watch?v=UxQU4OrIyw8
GS9DXyGzPBjTvdgHkdE8y,https://www.youtube.com/watch?v=1t4Pgy8y_VA
dFDnGPU4L7mPnTY5gAK9l,https://www.youtube.com/watch?v=ElNeD_wnFjs
QtHOWqecavNpPrf7cu2Zn,https://www.youtube.com/watch?v=pfbQWfeMCys
iSWlqQ37snWY1ms2UNHiT,https://www.youtube.com/watch?v=6UBl8ChOh3E
mP8XL48yi6PG5cpuid0eg,https://www.youtube.com/watch?v=-YnL6kIv4Q4
ZxlG9Fgv6dMXJ7BelkT9b,https://www.youtube.com/watch?v=hncjvbKQB8s
lJhuNGfrcXvOkxpfGjylM,https://www.youtube.com/watch?v=z-wisquzQes
rCHWGiJiEBCBWMZWx9qE5,https://www.youtube.com/watch?v=FvAOG0RPydk
IVG5ED2XlhH-MKUIhhnfs,https://www.youtube.com/watch?v=V51VTCvtK78
P-Wc5kt_deTNobOVVZqFm,https://www.youtube.com/watch?v=rH_kbT8nLIQ
7UyPzmXMXO9NQLIkq2p7U,https://www.youtube.com/watch?v=QL8K0iL3fkU
0fX3IFyI12jZrS9sMZY-D,https://www.youtube.com/watch?v=74mMXxvuh-g
7NQnp4DVGnlhqMzjnjvFg,https://www.youtube.com/watch?v=t2D9gEjVfpw
oo-7gbSkdTXhTkOE2q70-,https://www.youtube.com/watch?v=jNL9FNqd93o
Sqm5jzgTJzYu6A7DEqZ07,https://www.youtube.com/watch?v=YUkP0iuJmsc
Y5kPZsldgPP0U1eCqwaP9,https://www.youtube.com/watch?v=HEC50TsU9HA
3OkOX1PEl1SXOOS-VpecU,https://www.youtube.com/watch?v=V8VWSe14i7U
wsFhALJ8yRSFaeYQZOMRh,https://www.youtube.com/watch?v=gRSpjrbaKPw
zEW_Nn8tV93XStbAp_MaP,https://www.youtube.com/watch?v=ssmZHUUOhh8
Gr0XgkULV_UCldFVB-1PC,https://www.youtube.com/watch?v=P4zbEbScTyA
ozAOWmiP9kTdk6WPDnHoR,https://www.youtube.com/watch?v=2KdBuy2p8zY
yRZFWyYQue2Srs8dBOTcZ,https://www.youtube.com/watch?v=RmltOywUdmA
90xRj-M09T7C4QZ1rVQ2q,https://www.youtube.com/watch?v=Hv-TLzpKwBM
tona4nFWZ8GJ-NamGSyaR,https://www.youtube.com/watch?v=cwcRPaCDcYM
oTXe4mQYKeeQUhIelWrs-,https://www.youtube.com/watch?v=5DfJWLrJohk
hnaijzKlLip4Dxkd0dBrO,https://www.youtube.com/watch?v=_I9dqOH6g68
GB0ynLHjr7MYbt7_5TfvE,https://www.youtube.com/watch?v=Y6ApQ7DdXzE
Jz7JEC-gxt-8o3tzC1w5c,https://www.youtube.com/watch?v=YgHSsBVbJZI
RgtRmR-sn0mN2ouzmZXjQ,https://www.youtube.com/watch?v=2_Ghl3I9PpM
-lik_JQdd46s1oRVoKFw6,https://www.youtube.com/watch?v=2PZ6NaoPXI8
nAA_jo-TBrHtHzjLAB-Wc,https://www.youtube.com/watch?v=R4tH4t49K5Q
NSaotunomcBHdWSgUb7QA,https://www.youtube.com/watch?v=POpUA_kKF4k
KMHtisP1AfjWS8r0JhVRc,https://www.youtube.com/watch?v=uqP2zShtiQY
PDTlkWOvLfYEJ1bY3grO5,https://www.youtube.com/watch?v=ltEeh14RaUs
gdTHyx4yx8a3XINjfsVJP,https://www.youtube.com/watch?v=-OLC7mEqx04
ZyplnYojVp0hy0n3mEDv4,https://www.youtube.com/watch?v=a1AfIQaB2ek
gFUlYG5qL3RUGAZ9D2WwT,https://www.youtube.com/watch?v=uPOHVF5-bPE
6Jj0xRabFrubXTrRnjsLP,https://www.youtube.com/watch?v=noGy5pug8Eg
At0nbdzwHmlfePosC2wRo,https://www.youtube.com/watch?v=UafvbZeMToI
w_jRfB0sOuoW8szNK778C,https://www.youtube.com/watch?v=NMYevRLr9gw
XfWytXBkaogJ-2iMMMbLT,https://www.youtube.com/watch?v=C6L47qtcUF4
4sT4u9VIaBFDFKgVZrKrC,https://www.youtube.com/watch?v=ht4XlHnRdIc
ip3Mj4mYxPN4dGCdR7SDd,https://www.youtube.com/watch?v=iZpjXTBrxDM
WdXgy_EtMt9T5nGHm5NqP,https://www.youtube.com/watch?v=nOiSBq_cxjU
htgw4nvsesFnX1DrD_vR9,https://www.youtube.com/watch?v=zk5ARenrnpA
hMwutd97mFs_VSXRJgO9w,https://www.youtube.com/watch?v=zu_N2F74AWQ
4cuQJKNdkOlU6DFnwNtBq,https://www.youtube.com/watch?v=EXRDkfoiMqA
NR_CKJgye8ewhiStfUQSk,https://www.youtube.com/watch?v=iHzOF3iRLnY
jYykEWsXTAozpQMeIwXB7,https://www.youtube.com/watch?v=Xv1iwItYsLs
7mjxLg8u_WYEMYV7pF9oj,https://www.youtube.com/watch?v=0zR_TnIkhzc
nF6vXTkj_ogz0Ee2RRgMC,https://www.youtube.com/watch?v=hhLae3DmM2Y
b075RWc4bn8NyNAtsTDgh,https://www.youtube.com/watch?v=6IT0dmRSzyA
ndDhABTbu4jzpXSQvW90n,https://www.youtube.com/watch?v=5MlgctOUPOc
UMs4DhW7eoRHUASjTKsQp,https://www.youtube.com/watch?v=5NfYcI5JqIE
EEbtrnabL7np923VqLFPB,https://www.youtube.com/watch?v=OeuujD7OccM
aFDphah-cBmoHjkzj3EE3,https://www.youtube.com/watch?v=SZL7LzkGD88
i2jiOiuuN6lAJ5Xm1U6cs,https://www.youtube.com/watch?v=kdh-PcNiI24
RTHJt-658ZqCL23-X4-S8,https://www.youtube.com/watch?v=MyNJrs0lNNA
Zp01wNKbpFWxjOpgT7iZf,https://www.youtube.com/watch?v=Ppmc-n4ZJfs
nN1jNJH5HCsyUUPP3zovi,https://www.youtube.com/watch?v=_z40SoidlIE
d_PFshWM1J0ag5W9WE3-i,https://www.youtube.com/watch?v=UDn2emsfJFA
9oD9Oi2CDfXrPHbgDcagJ,https://www.youtube.com/watch?v=F5OedlH-ISo
CO5ZU6s8fiKDQdEQU9T24,https://www.youtube.com/watch?v=d7RQ0sXiG94
5jS9Vm0ApdKgc5aepfwN9,https://www.youtube.com/watch?v=ud9S_meDWtE
u0YTd-2EP4sCPkc8M1JtP,https://www.youtube.com/watch?v=IpSMSn0DzgA
U4rl_b7o9uPBIJ_DTii2b,https://www.youtube.com/watch?v=z2K9sPc_B1I
n-AAVPbVtKdjUFIzjaMKT,https://www.youtube.com/watch?v=nIc75E7Z6mo
dYx_pbplFX7NCELqV9SNO,https://www.youtube.com/watch?v=IMa1zlB0pdw
dGKq1UHJBfgHns7L5Q8MK,https://www.youtube.com/watch?v=7XsRW_ambX0
_AHey_yvb-LToUkKZvyqJ,https://www.youtube.com/watch?v=Z-LmXoHnKPk
doKeGDt3XBwpA2FFpGi4W,https://www.youtube.com/watch?v=-Nti4VDUY8c
fwOTi5iHvaUxJY6Qa_M7h,https://www.youtube.com/watch?v=bcgpqAKKUsw
dnRWqjggANoV8-Z2_ixIU,https://www.youtube.com/watch?v=x3ye9jATZvg
ytCPhjBMiqOxbasufK3ur,https://www.youtube.com/watch?v=QbNnxnMe8ow
7cbi_zQFrnmtgRiLRJ40N,https://www.youtube.com/watch?v=jqbgCabyED4
ISqZcQmO-fJXKEIaxMkap,https://www.youtube.com/watch?v=MpL7FL24oOM
rxdT9rZTr1EyIIVdYGAxB,https://www.youtube.com/watch?v=ywSVFP36vzE
zl3RfKWtbLd0ebSVG5trw,https://www.youtube.com/watch?v=qETrwBUYefY
gx6SERjFTGO_BcHAmmtTY,https://www.youtube.com/watch?v=xBL2p3ctp7w
eg9znUPvpGV3JeyVy9K9W,https://www.youtube.com/watch?v=p-vrGqq-tY4
PmK0sO4Cc-dRU_fo3aUfm,https://www.youtube.com/watch?v=V0bVOkq_CnA
hOCEa8SKTGSt9ocXEsUiK,https://www.youtube.com/watch?v=Z9mRTPnNWFo
BEt0Yi2wN6ebvQ15OrHkg,https://www.youtube.com/watch?v=oWY3fW2VpjQ
RTx3i01hfMmF4qPckZS4F,https://www.youtube.com/watch?v=jYt3ylaIMRE
ou2-ATVRS-yOQVd4QfV4N,https://www.youtube.com/watch?v=9o57di4vaWA
95tLg5DJ-5yWtTojO25zV,https://www.youtube.com/watch?v=Zvb3ciV4qCs
6kk5mn5cjty31BaraVNcP,https://www.youtube.com/watch?v=nU5bZIGVeAo
14cUtKKmYR7iG_E_QR9k7,https://www.youtube.com/watch?v=-uZEnZhhWi8
CTVrzn0fNYqOvx1BeoYtY,https://www.youtube.com/watch?v=GaAw-Vdo9HU
mIUY2x1cHfGz9uR7ATC88,https://www.youtube.com/watch?v=Zf0on1yD13k
f8Xf9pg0eYDmh_Hd_NyyV,https://www.youtube.com/watch?v=3pGvOFooRn8
LHN8uKJ0A3tloFtVD-Nwp,https://www.youtube.com/watch?v=4zXBg91YC3M
aOIpjyCftZQERja_rVB7d,https://www.youtube.com/watch?v=xe64CkpukBw
Lzkl6Qd51-SmbS_JSSXMs,https://www.youtube.com/watch?v=3Frl7m7ZDa8
XG1SzGfSQa9iZeNreTTja,https://www.youtube.com/watch?v=v95AGEEY-RE
qcHz_9Lo9gmTy3iFF6zPG,https://www.youtube.com/watch?v=s_hG8nLktkQ
VAH8Esj9W8Rjd4TXbxqap,https://www.youtube.com/watch?v=AoRExt2rooc
CMOqxSWaxJb0HGvf-7i_g,https://www.youtube.com/watch?v=ZqqodwzrpZU
TSk-ByICIpbAwMtO44qSw,https://www.youtube.com/watch?v=ZiLE9Iu0LHA
rYCVQ9dP7bogckauHiUXt,https://www.youtube.com/watch?v=ip_wx_-Jzds
UwQlN5diCCBFd7eA4KhpK,https://www.youtube.com/watch?v=IU9Gy-ZxVE4
3ssXqmwYIUl1OvMYvr64U,https://www.youtube.com/watch?v=mPpQ2X3Esxo
uW4m42S7azmBGLkvdSGOc,https://www.youtube.com/watch?v=JjNMCDTNOjE
B9b_rel1lEexk6ITAmQ9K,https://www.youtube.com/watch?v=j0WSpoesWqs
9om-q-Gl66kajYGndKODn,https://www.youtube.com/watch?v=1smWZLCMV6s
MNiFndYEUXUEInSQ7BiUW,https://www.youtube.com/watch?v=wWe6KicP2UQ
Uz-uHGjNY4d0A3UANNMDJ,https://www.youtube.com/watch?v=ioQL71yXbow
9i_aSzjrXKnf0563-DQSs,https://www.youtube.com/watch?v=bFE5rCpZUjU
Ki7_bky6Lg0mCZpMXhj3i,https://www.youtube.com/watch?v=kllhdPGR84M
51bSnvOP1IjsuECkho7lZ,https://www.youtube.com/watch?v=gWhIo-D46Uo
V-Q6xvxahweJZyNW8KLSa,https://www.youtube.com/watch?v=MdafL1ZS6vo
JsTTXMzj4C7tsaGV7BVz9,https://www.youtube.com/watch?v=1G69KMzk-mM
NQwkhXQf5x3CJAfbgJm7C,https://www.youtube.com/watch?v=0g6soXrxEiQ
hoCIl8xDbRmb9roQfdntV,https://www.youtube.com/watch?v=1XE8kDbc2HM
SPOpTNf57F_kue6HRt4La,https://www.youtube.com/watch?v=TwCsp6EDGe0
yhhxLJntSDqB7mey_0qV5,https://www.youtube.com/watch?v=y6eeBEw_mns
EdrvYsRh8Gha1MG8e_B76,https://www.youtube.com/watch?v=7oi32ffnJXE
bQ2UrTKllL6SJS-6wF_XV,https://www.youtube.com/watch?v=hnPam-VvxDk
7mgTd2b_8n3K6Ovb3HZFm,https://www.youtube.com/watch?v=kddPmrbwz5Y
H7aQ9VzrbgyyVc0vZNYlQ,https://www.youtube.com/watch?v=Yllw04rBcjc
LXIP71h9Tv7c253jdIWKz,https://www.youtube.com/watch?v=G9ZaZbSjzn4
YjLbJNJuScbCb1_By2ZQD,https://www.youtube.com/watch?v=sqYztasmvCA
MtunehDSnyIkKz6IF_r6o,https://www.youtube.com/watch?v=0O_jyQQ-2E8
nhaNJuYivHhGiz1v_PF8V,https://www.youtube.com/watch?v=m1WByJlEzi8
1WMR3WOw9D3kpU4y5ZGNT,https://www.youtube.com/watch?v=i1cDw8rbpYQ
rUPUfrFSHdnIRHfo2WSka,https://www.youtube.com/watch?v=HKwJckniB1M
qX_K-jo71__0-xWQu6Muw,https://www.youtube.com/watch?v=t-nHzVegNU0
7p2DeZ2NCurlTPw6m-UQf,https://www.youtube.com/watch?v=mvJ07GWG43A
ImMWYd9nBAv-sGnSIZgts,https://www.youtube.com/watch?v=GFL-_WRw4oc
Hc1zzgHbaHsQTFL8mwvJJ,https://www.youtube.com/watch?v=HTGLdA6ixh8
82wHcUBwCeiGXe2XHYs_K,https://www.youtube.com/watch?v=T8ZbHYtsDVU
tY6K6UvWu-JAcxvbGPBSI,https://www.youtube.com/watch?v=qoQIwncP0bY
25RLPgz6T6Jzvk-6QQWTo,https://www.youtube.com/watch?v=3ROgOmGrqi8
4J5q2aHXmLSqW_MxUATm5,https://www.youtube.com/watch?v=_-dCgNl-coM
rQ-8e6ejx-Zp-BRDEczLA,https://www.youtube.com/watch?v=DCYLxxJfMy4
k87UddcI8xhTx2iKI-CM_,https://www.youtube.com/watch?v=iLMrNAoNYKg
YJFBrW_RmT2h4EqshPQFE,https://www.youtube.com/watch?v=g7L6YLWtyYE
qn3NdtUVDjvppseevGbmO,https://www.youtube.com/watch?v=Y-9F6MbKX9w
ODh-Qoya0Md_B0w7f8YGV,https://www.youtube.com/watch?v=XwOHnUkWd7I
va0Xp7rnIrmDXxpUSJgbo,https://www.youtube.com/watch?v=PCdTrbtSy6U
IL8KiSu5fR4jUk-9Iuwx_,https://www.youtube.com/watch?v=jFeE6OFLBuc
nx23qX00SssSQgBjXgeKb,https://www.youtube.com/watch?v=NRQodVnShsU
HvvlmRvJpFjj_YSHLTEtX,https://www.youtube.com/watch?v=zM9Y32SjteI
eUGa8T-ny5fSYqcdvvvoM,https://www.youtube.com/watch?v=ym3BM3cqm-0
pQjcjvuXBL1SoxxXHwQRI,https://www.youtube.com/watch?v=VTX-z1xTcxE
RC8pJDCX5aXGd0aFYlmJa,https://www.youtube.com/watch?v=kYBf39USh6k
tf1IiVcpPtL5_3PMnWLda,https://www.youtube.com/watch?v=TO8q-4gJrpU
-dE93gtaIAB3MA1nmY2i0,https://www.youtube.com/watch?v=5fZy-WFaNIk
nj2Q1fhwzPktijRU8qmVe,https://www.youtube.com/watch?v=jijZX2-f2rg
iBli3l5XtAILfpg3z_OzT,https://www.youtube.com/watch?v=POeB-rX9c3s
aJytkH9zEIj86fwiwuH1x,https://www.youtube.com/watch?v=21SUrox-Hbo
cagWHgvAtreZxzAAuvrQN,https://www.youtube.com/watch?v=arxrXrzQmss
KqDgh8N0SjdZvwULT7rc1,https://www.youtube.com/watch?v=VhHdC9HrMoA
KvekgZeT-1kqe4ZAmmgx8,https://www.youtube.com/watch?v=j_PcyLFLPPM
Vh-Olro8kI_sKuy2Rdh2q,https://www.youtube.com/watch?v=eyIFSEL-TD0
xwcULOY3vDboqSpGXhM9j,https://www.youtube.com/watch?v=3CXKo0FJMwY
l_9NgVbGDMJ_H2YYIv8GW,https://www.youtube.com/watch?v=zrMypx-EAUk
5Wy0rBqR67emzHTc9Xr4V,https://www.youtube.com/watch?v=sTX4ve60_QQ
jgEjnWKjjG33mKzecz7sz,https://www.youtube.com/watch?v=-cHo3PRulJ4
8_7U2pKBODQ9n8LKfnXG0,https://www.youtube.com/watch?v=_xgbgRYBhfQ
O9-IDa0s1jUDB97EQX7Ri,https://www.youtube.com/watch?v=A_eiln8tnrg
YePT4btPBw2Ba_ViPpR08,https://www.youtube.com/watch?v=4hGGK_qe3Yk
YoV-Bw9DQxXgGDETBhfFk,https://www.youtube.com/watch?v=-Sj5L_osGgk
IVodc4sihcqGDmCCMLOnf,https://www.youtube.com/watch?v=N9QEHFy8JJU
mlsV-3wQu32t3nyHaSdf7,https://www.youtube.com/watch?v=PpuxILIvXV0
fDalVfu_4gyUbjyryp34Z,https://www.youtube.com/watch?v=pp9zmoGxEEk
mUa3EFd02lpUxpnvG9Azp,https://www.youtube.com/watch?v=XNWoYPx2HPI
Qusv9Q8Y5Ui22gCb9MDk5,https://www.youtube.com/watch?v=TCO1j92QFos
Ks1Z7Dx-67Xz14UeV-fxi,https://www.youtube.com/watch?v=88-P0gueT_s
_4AXKQPW5JNv9NLQs2Rq3,https://www.youtube.com/watch?v=2hcjR1Qjnxo
UvZ_vQUlgcRZztrtdfxcM,https://www.youtube.com/watch?v=SiiuHneuSN8
-fE5r0EHSmoFI4Zua8bLR,https://www.youtube.com/watch?v=XPitrUZpnX0
RtiyfczdkrqK7wgGBJcOP,https://www.youtube.com/watch?v=kxLSNIydemE
WBoO-WYM3nSA7Ayf6TrIm,https://www.youtube.com/watch?v=HWOqL1_e7vE
VVWR4p8ydeYNtStGvOnkW,https://www.youtube.com/watch?v=FVZ8SLfDP5s
25-MaxL6kqKd6XQQP9Ojk,https://www.youtube.com/watch?v=v60z88JRPOI
OceKW86q-XUPooknkpiXN,https://www.youtube.com/watch?v=i296CCDJYwE
yx-aqX4QD3L7Nt9YWrncu,https://www.youtube.com/watch?v=ZYIQ10RkWRk
I_a10_U6TSknU6r3GuP1g,https://www.youtube.com/watch?v=3Bj1QOBO_zs
rjsUwNeH36o5wKFqn3M6N,https://www.youtube.com/watch?v=aXP6etqM3vA
uhAUAKswL2RM0JWesPf-d,https://www.youtube.com/watch?v=mR7BORPl9X8
JGEODbjnbfgfOW2sv6ASM,https://www.youtube.com/watch?v=Ozb9XnjggGE
4I0ARZ6aJudsDrWPk76xq,https://www.youtube.com/watch?v=WEMES73Vzfg
MI3ZFbYmmcuoGZWRAQYRJ,https://www.youtube.com/watch?v=Xwe00kNZqMY
uDkT7pN3eAB_FnFts3XFK,https://www.youtube.com/watch?v=1zmvmoqTmW0
FcuwjP1kzFRzkMoGtQImE,https://www.youtube.com/watch?v=x5zl1p2DEq8
BsCsmytwnEp92Y3DZcb4D,https://www.youtube.com/watch?v=rxEshLH5GlE
vb4BcKM4bn77FKWk4b9OW,https://www.youtube.com/watch?v=nsF843xFGXU
W_SlJnemFZOlw1d8cpRfM,https://www.youtube.com/watch?v=DIjQaBnXOMY
PWzrjJKgQSIv1kAy2Ils6,https://www.youtube.com/watch?v=U_TwKCI6oPg
wdUa1WxawBf1yZW6KPnpl,https://www.youtube.com/watch?v=DU7C5ZJvIJg
TVOT0U1-PV6l0PhZkGdRq,https://www.youtube.com/watch?v=aXekgUlJTCM
WcUhhqTQ4bnN8cFlRKLOq,https://www.youtube.com/watch?v=Jou770DhZzw
mBMEZNYKlmq1vua6wlDE6,https://www.youtube.com/watch?v=0fT_KctQI3I
OOi8VC0rs7P5lKrcNlIwN,https://www.youtube.com/watch?v=RuBtjeEKXRg
z8EB0MMTB70nvb7SNcfla,https://www.youtube.com/watch?v=YGORDe0_0sc
xbDOqer2e9aEo4Bg6eCo6,https://www.youtube.com/watch?v=mKeeGaStIyY
af-tkIka40Tpw80dKvo5K,https://www.youtube.com/watch?v=jJmwwtDe20I
61rAntKlGLZTdFXJJKdVe,https://www.youtube.com/watch?v=GkOYqcZ2faw
bjyfzEiz9UQ4Lj1Zv-GcE,https://www.youtube.com/watch?v=uJA2qy82ieY
dYAjK8boWDxMRHnMfGEF8,https://www.youtube.com/watch?v=IL4wPXUVufg
t5L7PCplUKKC8lkx7KeUL,https://www.youtube.com/watch?v=gyP1k6EGqT8
NQtSrlkiwzJuDcywaaOPn,https://www.youtube.com/watch?v=Ht58LkS-InY
evzmcAbKCzqg_FCqOuQhc,https://www.youtube.com/watch?v=NZHQd4qgqlQ
ad_-OP12jtPmACrT00J5J,https://www.youtube.com/watch?v=Uio9OdZQusk
AVPg_1XNxKq86f9RldW_d,https://www.youtube.com/watch?v=Te0GL2r1-cM
mmwDxL2FqToKO5vyAarTb,https://www.youtube.com/watch?v=C78jpRwId8c
jp33fM4g5qGhaUzxR-TIo,https://www.youtube.com/watch?v=8Lr7vZmjcPM
zuKAk8dmm9J_aRYe0EvPA,https://www.youtube.com/watch?v=T4Kq7ZcPF6E
t5LyNYg0vk5zN5Ijm1X0D,https://www.youtube.com/watch?v=AGlhne_gw88
WEpzKlYIOdpOvFj5s2e6n,https://www.youtube.com/watch?v=rD9IxBKIyP4
3MseKCn8IOD1k7sq2eDrI,https://www.youtube.com/watch?v=0XyJpWDTwpU
GT4K0b-Myq-ZJnPStkEYB,https://www.youtube.com/watch?v=rMaXCMil1B8
iysfkeHoNBGFHc_cCPOhF,https://www.youtube.com/watch?v=layVFBWJUZY
brPV9CSTnxSPQ0Ilfi9Ig,https://www.youtube.com/watch?v=NJXjD5r_OwU
nCSklkIe2XOCRdcyeKwvf,https://www.youtube.com/watch?v=2vhYgV_P7sQ
wzFFzDq2yZJGlj79YYY1q,https://www.youtube.com/watch?v=wWEAgDHmxyk
K5IGQzWMF52PDnG9BMPtb,https://www.youtube.com/watch?v=EPsWiR5QQ0A
Id1YBj7pgxjJafklq1K5-,https://www.youtube.com/watch?v=couq2HWwWiE
V86wBK3BwSs8Sm1GYFTJA,https://www.youtube.com/watch?v=zbOKtPJi96c
aMkFWp5U4R-dnAdtVnXEY,https://www.youtube.com/watch?v=o1YHejvmdaU
ZyKiS3KjacsRW3jhSaou_,https://www.youtube.com/watch?v=78AZbY3qSxs
oo2SC5uMSakTcoiHLs6NO,https://www.youtube.com/watch?v=rZOKVH5gcyg
xYvm3qZgsincOe-q7twq_,https://www.youtube.com/watch?v=XS3kngu3VEA
r1DiN4J8iZHy1fMQ1OBWI,https://www.youtube.com/watch?v=FjOfaAsJ2pI
pcvE_a6GLSwdvpmoF2er7,https://www.youtube.com/watch?v=_Bb_z462hCQ
1G-B5BsDyCm6DCBWyqw6N,https://www.youtube.com/watch?v=PICznRnhQIQ
HkvLYHJl_0ujt6OMgwdm8,https://www.youtube.com/watch?v=xm0uK9FeQtc
MuM_1-EDFjEOaOJA7D-i_,https://www.youtube.com/watch?v=hicjyucmRPs
3Ofu1J61ki_65UZBjxhRH,https://www.youtube.com/watch?v=hE3-uTt-PEM
pZ1SBgnBDIam6dJibODtX,https://www.youtube.com/watch?v=PZbtzf4bY_M
GC0pS3TLrWbpnx4FVtlPn,https://www.youtube.com/watch?v=Y4uJnahY6Jw
WkFJpnvcvUhJChIImAOPs,https://www.youtube.com/watch?v=SFDFOEW-_og
aNyWj3VzfkYQ4h7Kd_1mb,https://www.youtube.com/watch?v=8Ejv5KUCgsg
oL1ZUfEoeGiNirW0Zrfma,https://www.youtube.com/watch?v=AIh6fGDmajY
hMZEx4fHkEvBQrPqhJiSo,https://www.youtube.com/watch?v=ciuoL8dQAME
OmpBw--XFyLLVVah2R9U_,https://www.youtube.com/watch?v=7HrzE1N-oq4
Exl34OKreFIKiLGBjroET,https://www.youtube.com/watch?v=h9SMYuehmVQ
8Uq14BAamHNyxWXaj_xnI,https://www.youtube.com/watch?v=g6XjrMi_dm4
jvgIB7d2KHi_UScbJ4gpA,https://www.youtube.com/watch?v=8CamNFq6qHc
bjZQiibXxyUtmrGp9rhzM,https://www.youtube.com/watch?v=a1erz7bhHAY
vANYKPaHMOwIb4NlX5neM,https://www.youtube.com/watch?v=G_dINJOYaN0
D7OUH19ReXfSNeZeVNTCB,https://www.youtube.com/watch?v=gYljw7_hkGI
rNScBbK4vVlovBu873hhT,https://www.youtube.com/watch?v=WuDm_o6VdHA
BgAP_rfpjORBVq3XNWSTX,https://www.youtube.com/watch?v=v5vm5iuRIv8
RjThFszXuEXaTge77SOcc,https://www.youtube.com/watch?v=Gf284QWOLgA
2qMRGo5fqarmGhuUgpkAr,https://www.youtube.com/watch?v=imEglz_Zuxs
AgKkxDO32-2zPMFOHFAi3,https://www.youtube.com/watch?v=vfoy_XIaasE
d6u7RqoGvMaO2oBJLNyZG,https://www.youtube.com/watch?v=90vFrLJC9o4
1bEhKXNoW-Q7DC6cGGcbr,https://www.youtube.com/watch?v=86XkWQevTns
GRI1EwC0BOP40Wj5S9uwp,https://www.youtube.com/watch?v=D_54D4ImR2I
UXuQn802CqrdNkhPtq1pb,https://www.youtube.com/watch?v=1lI_pVlzZ6I
PPuovll_V1DXZEIzYEfea,https://www.youtube.com/watch?v=T4-EmEili0w
eI5JHV0yRc1WbbQUcEXRR,https://www.youtube.com/watch?v=rNCQKPRi9kI
LaULfPS34IwfOx8-IdkuC,https://www.youtube.com/watch?v=7HUxWE5_zWI
oGnEfvEJnXqVCdAdB-0ly,https://www.youtube.com/watch?v=X0akY6Tm26o
hND3TnMxNOh229ACmgQap,https://www.youtube.com/watch?v=CLk7-tL4_Xs
TJkpjOQKStveuKVor6W5f,https://www.youtube.com/watch?v=_Wj3mNaNKSM
TsTYWsk7s6pLkl2RcSLr1,https://www.youtube.com/watch?v=0gWu1cvfxIk
X3lIfPiu6asj3jybHal5G,https://www.youtube.com/watch?v=kVndZFLvOx0
h5Bm-jYOtLXT1GfOvzpb5,https://www.youtube.com/watch?v=9zdITefzP4o
9TUCSlt4XZTVSqQMUS1R8,https://www.youtube.com/watch?v=GVXBhU0YfDI
33yo0m-1n2u4cuRfhLM1w,https://www.youtube.com/watch?v=GiaLZGzWG9o
ih5D3fFoLKxhw5KE4CDTD,https://www.youtube.com/watch?v=fzj839iiDsE
d36karHRNXLhxENZIYJo6,https://www.youtube.com/watch?v=TG02SMCI4rY
gC-M2EIwk7WrEkq2I1WD7,https://www.youtube.com/watch?v=lJLI1pih8W4
WPmR2cvZVp4ehmfmk4OEy,https://www.youtube.com/watch?v=WD-Jek10cA4
S3U0PT1iP2RGXNuHY7Srz,https://www.youtube.com/watch?v=G7zWHDBexgk
_3fb5HvGtExOQFm8tPgJU,https://www.youtube.com/watch?v=dVG1UoFJleg
X-F_2p4FP3A3r1EzEqCuc,https://www.youtube.com/watch?v=yy5UbJnV4RI
90St1K_tlHsnOIHktaE97,https://www.youtube.com/watch?v=qzAoWhgfJzM
nT_7EkpmKuY0s9-xPpdHz,https://www.youtube.com/watch?v=t91L7ckDRL4
Pek2I1pCho48qK80Rgtk9,https://www.youtube.com/watch?v=TJf-s6UM9mk
90CfjK8DXZO_UXaTKx7ul,https://www.youtube.com/watch?v=THyYAPJE0aI
Lt8J3V0bF9uhiwzCmRKPS,https://www.youtube.com/watch?v=NVg1F5S-nhU
9t6AqoY8xAIqI06dbpFAA,https://www.youtube.com/watch?v=YUP2w96h5kI
w5P4kbefLlgnfVfoMvy93,https://www.youtube.com/watch?v=dexObMlkCS8
e-Fz1KxTRJuVSuQuNnooR,https://www.youtube.com/watch?v=R9RzGFWm3Q4
vkK0xl0glWopT06a93dT5,https://www.youtube.com/watch?v=l8TTFqnRd3Q
wDCVIHlgUmfO-mtGirvov,https://www.youtube.com/watch?v=QkVEIpm9R78
XI4771H-WsHYOF-kXnWHV,https://www.youtube.com/watch?v=_VFXoVR9PWc
VMuYn-vOqUGGJXYCLlJr0,https://www.youtube.com/watch?v=BJpyAjR7RVc
zuYdUgSmCeI7M3QHF9EVl,https://www.youtube.com/watch?v=803GCdKZPeU
fsYQDcYQV-G3yq2lc-uJY,https://www.youtube.com/watch?v=kPqnM4lWops
9_PpnMGmSfA9UBCfkImLn,https://www.youtube.com/watch?v=LUMG5eLhOg0
91b_CxHbDFxBi8zyxQI6W,https://www.youtube.com/watch?v=bCy6Rmnit1g
YtkzRDJO9yCk7_5SAAsPZ,https://www.youtube.com/watch?v=eu4FOOQs_U4
DxHG8tsgIRmr5bpLr8UhY,https://www.youtube.com/watch?v=8ELxLDvYrKg
uUPgENLjO69jBt1Vp8LfY,https://www.youtube.com/watch?v=4Ys9tRQjyqg
oj3Q8c4jGt5fKjfUJQCdB,https://www.youtube.com/watch?v=zmb-KYpxjuM
IOP6bnxMPaG_XONqTseb1,https://www.youtube.com/watch?v=oPvIJWTEeEE
nu-pNJHdwfy9_ODDMJ41R,https://www.youtube.com/watch?v=0zb6YVWGDFk
ZlMJSjR2h9ZKOleyASBtT,https://www.youtube.com/watch?v=J7L4sKyr_DY
3ZislAiHcc_mQwi8RLV_C,https://www.youtube.com/watch?v=atxaAYmUhj0
gDgJVYUjmnuJtQHD_3PwO,https://www.youtube.com/watch?v=z4XTGQHv2no
Pd_0SzwJPoK9l9A7eb7XO,https://www.youtube.com/watch?v=I7OZyb35lg8
9vMNHlNAfLR2T0GUwbvY2,https://www.youtube.com/watch?v=DcSR1zPoXMs
yC3krGOPX1dYGGi4cttaY,https://www.youtube.com/watch?v=CdRn2HlqQrw
FYGPnWqRgDJVyPWTK4Xwa,https://www.youtube.com/watch?v=sagkdz7nJKM
9lOWbJRr8L0CR0nNE1CjQ,https://www.youtube.com/watch?v=Mk3YREbOOQI
Hc4FRi02mVNxU02pN4z2f,https://www.youtube.com/watch?v=LHP5G-MCFqE
jN5DtEONCcV3AyGHN1tUB,https://www.youtube.com/watch?v=cXVvhdZdTGo
5aEtznyUv5nWWcKklkMnJ,https://www.youtube.com/watch?v=PD-BXSG28fQ
M5yf6gpMJIWFU1gm78H89,https://www.youtube.com/watch?v=xTTVWPDKoRA
aL_abVuaNOq_rDQ1PG7Ht,https://www.youtube.com/watch?v=d411fI1Bg84
HM6-YOxayHR4nCkgwhQcv,https://www.youtube.com/watch?v=d6OCDu8hzvM
21qB9mkTXGptYMhALFME-,https://www.youtube.com/watch?v=f6MuA7CJFpY
U3xcOMJgcVci431Le3_oi,https://www.youtube.com/watch?v=e37ye8GnEwM
GAdAaW8jTbSiLrah8sjQt,https://www.youtube.com/watch?v=F2sjAZUsmb4
lpBgEJ_XQV11UxDv_r5_m,https://www.youtube.com/watch?v=SzD_zdNOLcI
qUABPnL6YnfEB-GhUszuw,https://www.youtube.com/watch?v=A_pDxurezDQ
EV68YjCgk5zHFRGtn_hxx,https://www.youtube.com/watch?v=3C5snP-aqvE
Gts8JhMMvEwikzBM9qTaE,https://www.youtube.com/watch?v=ITTYsD7y-bo
IEE-yQP-tKRSllqlo9ZUj,https://www.youtube.com/watch?v=ibFimplcw9Q
Mh0ovE4NnFqcfy5TxtAgG,https://www.youtube.com/watch?v=2Sj7-E_LGXs
LANCN5EPnzKT4CEFzid4V,https://www.youtube.com/watch?v=K1a9REXEWpw
VtPT3mNwZUqAar_E7UxtB,https://www.youtube.com/watch?v=VW-E8et3d9o
1bZ0Hb507sl3zhwxRvpg0,https://www.youtube.com/watch?v=XsfMT4B3FfE
bgaqce7NXaGMZg4znZ0Bz,https://www.youtube.com/watch?v=aaFU7bGNdJM
6Am6rLvK53eqcV3G76SIc,https://www.youtube.com/watch?v=s2CmeoUnq_g
lD4aE6eSjDlgZIIjEUB5K,https://www.youtube.com/watch?v=4QqGCe_CqhY
qm-ESz0M-ITOEdYHydJyZ,https://www.youtube.com/watch?v=fsNfh-NXHl0
luPIHxvYQ5X_UKVtOuDFF,https://www.youtube.com/watch?v=3Mc6n10G5jo
a28vL-uP5fSWIosjrEK0x,https://www.youtube.com/watch?v=4Nk1gLkXeaU
o8BUh_1Cnx_A9XmsMlTRB,https://www.youtube.com/watch?v=rgWQlVGhELg
Sn1eBof2Xpxp7zzMINhOD,https://www.youtube.com/watch?v=t77BZxoTNZo
0Oyp0JmNj3zNwmlm1HAdx,https://www.youtube.com/watch?v=THWHDIB75Sw
1qA9BwASIMXov0LPnaJ1Q,https://www.youtube.com/watch?v=G2p6tZcFisw
JeNOP5-TbFjCnpSkoceLI,https://www.youtube.com/watch?v=TxUMAFqP8BI
BDt0U_0oe2-6vtam_-zZQ,https://www.youtube.com/watch?v=l97cDOD73-M
JF1qKsahxpUodWE0wqPGd,https://www.youtube.com/watch?v=_22aW_ALoS0
5xpAXmsw95ivthdptcRDQ,https://www.youtube.com/watch?v=zSh7ApDxNOw
NXhHSWu4YuaeNwkIBqlvR,https://www.youtube.com/watch?v=QylpifHj11E
nILNDtP_gyzRGKBDo8BQn,https://www.youtube.com/watch?v=Bwkq_4cy7AE
QyhQt5ypxE6ERv_qWbrDS,https://www.youtube.com/watch?v=4-lcO_UoQUM
Yo_XGVrNlgbICL40QfVGa,https://www.youtube.com/watch?v=yTcSFagoIDU
tC0zbdrRlP9PLFanJrEyc,https://www.youtube.com/watch?v=K-OhJiKg1Yo
ThIqza1LPfKRLQby_Ux2J,https://www.youtube.com/watch?v=0RTh9o5sDNg
BSJrJ9vyIjfN6vQ67pww5,https://www.youtube.com/watch?v=OAppkV6TjhY
IL9szsvv8dbXeuMN_ba2_,https://www.youtube.com/watch?v=4LF3dIGYsts
GI4VEDm9kokItR9w9VZa9,https://www.youtube.com/watch?v=ObGbHA766DI
6_maKxPOHGhDZ_nODdvNw,https://www.youtube.com/watch?v=yAlvaugamfM
wv3U6Cr3Jp55FyA_zltj4,https://www.youtube.com/watch?v=bcGbFVV8e2U
qWbwhhW745UQo_H2KcCM9,https://www.youtube.com/watch?v=15ZX4_xE_zQ
E1mSju8RyHfQ6LMFq5Jch,https://www.youtube.com/watch?v=lK6vVw-KYg0
93xv88RcEmKGcKTiMym48,https://www.youtube.com/watch?v=FhJpsQnntCY
0o0E63XT6ayl0YrKMuCTa,https://www.youtube.com/watch?v=O_oiTZVDbJs
ZK-MRLiM0qEhxoPf4gcvj,https://www.youtube.com/watch?v=TutnbIGFxps
3bZ5HNEBOZon_2JXL4XUi,https://www.youtube.com/watch?v=9Vtl1rb-y-s
ty7ToykEDsrApvTysfO-7,https://www.youtube.com/watch?v=j0OyT4p0Uas
uqtLW7FEOtNhPAHCr2e9a,https://www.youtube.com/watch?v=8HF-ZWvOxn8
F9KLYYtqN8Y1tGkpYwgQy,https://www.youtube.com/watch?v=VnTHiXlj2wI
wl0D7h9u4MNTqjd-imLM8,https://www.youtube.com/watch?v=UpraVWYa6KM
H086HvoUMEyZ6RqadlHbO,https://www.youtube.com/watch?v=rBkrxKDKzJU
F5kYoRFtOGjmWy8TSz0El,https://www.youtube.com/watch?v=3qSohTijhrE
MRt2HXW1smVBZNYZGbIOD,https://www.youtube.com/watch?v=I1DHJ7Sh8h8
MT58S_DvoGXmfutorzuik,https://www.youtube.com/watch?v=qUQ19DJMPo8
Ts_BuI5jTio2vgsYp6y8-,https://www.youtube.com/watch?v=gzGoxww4Uf0
xSASFl58FTNtIYDxkTFF1,https://www.youtube.com/watch?v=iVAFWC5UHRs
keHIfcFiNkv6sGfWaQ9nR,https://www.youtube.com/watch?v=4QlQQtzd8rM
JcPk50bhS4w6YpTcLcDQt,https://www.youtube.com/watch?v=ivJ2rVJUVUY
eeKevBFSFZCa2XDJH7vap,https://www.youtube.com/watch?v=UEbpBCiXWLc
jZDOqtnuSyIDhLGE1hJni,https://www.youtube.com/watch?v=msHxHvYXA_o
VX673OeTyy-JBvfktSWbF,https://www.youtube.com/watch?v=4BGlgQpAsLY
eadB-SwjK2QOtyUBpnuLW,https://www.youtube.com/watch?v=sUq5LHVZLaw
oFWA0Zz6N2_sqX9nC4vfY,https://www.youtube.com/watch?v=h7iCICLI2N4
oKpqTVUsbhOo0OOUyY1xs,https://www.youtube.com/watch?v=oMGvUxPqipA
d4_07bUA9YwVzDIP0jhrs,https://www.youtube.com/watch?v=BoR_Ph9Sfzk
-AjtJ-5ueH3pLeqUixOoR,https://www.youtube.com/watch?v=hRoRp0Sc5mk
YDkAeEuf5PGwF-fJ4aAvy,https://www.youtube.com/watch?v=jJPRGbP39N0
li5GXNDA8pyV_HZBvsEHx,https://www.youtube.com/watch?v=SNeLUlJauEI
ul7F_hqBI_2XbEhZG13SK,https://www.youtube.com/watch?v=JRMqNJaAbwc
GQ-LxEpapAC-smE6lPTxH,https://www.youtube.com/watch?v=VdbRyUopGL4
szJ21YkCn1FTDUYG18MBX,https://www.youtube.com/watch?v=YrTxfN3dRBA
WCWQj9lVJCz6JY0XYLqpx,https://www.youtube.com/watch?v=CJxdRNEMZpY
hAvQNAR0GB86ZQQqQZ7xb,https://www.youtube.com/watch?v=rsT5567gfqE
McDFzbuEmx8FReK6l96cc,https://www.youtube.com/watch?v=VOXPISbIwRY
AQ0Q3vmg_Hv9GS6xy5J6V,https://www.youtube.com/watch?v=pXe0r7LKHS8
APNmAfA7DpcQh5S8d_9tf,https://www.youtube.com/watch?v=LFmJHaT8nAg
tR9SpFUy-JKaCW60KWTaL,https://www.youtube.com/watch?v=6RNzwnL1zRA
XF368Ol886zmhHjseUMDW,https://www.youtube.com/watch?v=jDhIYHzME9c
tUzqjhM4lomcl4M6XjQOt,https://www.youtube.com/watch?v=hBkFFG9InSY
ZmMD8T834bjZMLoVcsQX2,https://www.youtube.com/watch?v=14XuVLmx8vw
5DHxlRaKdu-KV-B7vDZzO,https://www.youtube.com/watch?v=War2TfuloB4
qDwymmFVXtDyBD7efcp6j,https://www.youtube.com/watch?v=zomaTNI4Pzc
2br9PrMBPIpIDdHv_yqJQ,https://www.youtube.com/watch?v=QWzNGFpZKcE
NXpsMfVp_G2TYAOXzjAb2,https://www.youtube.com/watch?v=Brd67iamiHg
4wOAjHjmlQf_eX04uOOVT,https://www.youtube.com/watch?v=S1pLfYPLAQ0
e41110w9G1wWnvUkLmc_V,https://www.youtube.com/watch?v=2RHamPQBkvs
44IdbbDk1ZaAeJTLxWPdz,https://www.youtube.com/watch?v=85QI6hVk0-Q
ThaPDSTfXCMmEsqxJDZJ3,https://www.youtube.com/watch?v=1BAS8YbCmmo
YhOE9rwFBTVlljRxHpFZ-,https://www.youtube.com/watch?v=TJKd2QK_pLY
VsjhDs6259jEf3ZcEXJYJ,https://www.youtube.com/watch?v=cVqiMV4kmyk
Avw_IlNFzzH3GHIPai22P,https://www.youtube.com/watch?v=VMkqi6gVHp8
YyIHHp48oHM9snD8agXnb,https://www.youtube.com/watch?v=OnDgYEUmW3g
Hd8eieGyrRAFARsVKU4dG,https://www.youtube.com/watch?v=1vbJ9ABhrw8
ldziTIrtVHC0fi__2fUua,https://www.youtube.com/watch?v=MCykr0z9Z9Q
Ims4inpN0V1jHoR_mSeP3,https://www.youtube.com/watch?v=ILZOH0gXDsA
ga9tC-zlDiAY6ZmxQ7_L3,https://www.youtube.com/watch?v=Snah1uXI81M
UndrtTMiENeg1x3KE2LK3,https://www.youtube.com/watch?v=i39xLxwHdhU
9-V7JaLTZdNQ_rdSGEsvj,https://www.youtube.com/watch?v=Z-7LWg9UAGI
Za1CGUD87q9-neGaHbsUz,https://www.youtube.com/watch?v=1IJpxtysWso
efhOjzg6zJvATVzaKUfV0,https://www.youtube.com/watch?v=dJUke3olk_c
5Ie53BKPPfUMW2Li7EKQD,https://www.youtube.com/watch?v=HIRRMGkGkns
PgeQ3-WupqZlmtpdwkatU,https://www.youtube.com/watch?v=quK--9UkLjA
P54xooCPJiZDLmqc0-eFj,https://www.youtube.com/watch?v=9_PcFBmKVWI
IvU7YhoqsYXIaaLDmmUAc,https://www.youtube.com/watch?v=7saBYDtaRQM
s5Gtyi3MgPqGe5ORiQgps,https://www.youtube.com/watch?v=DfnOWE_-1HE
8QL-WlosLHjcOB5EjNGKV,https://www.youtube.com/watch?v=lM3PnHGdka8
SoZTS9OBznFtmgFwmo361,https://www.youtube.com/watch?v=5zs8EzuoMJg
1LZCOAESKF8cpwtVsa8BF,https://www.youtube.com/watch?v=1OKYZsWFSY8
IafphoOlfbzSglSpdijPg,https://www.youtube.com/watch?v=bmQqmQg6-fA
jQlkW4jp2ZkrC8ZH17ERg,https://www.youtube.com/watch?v=Se-agEVeE-4
K0nrx6yYL8ZQEV6moZVCF,https://www.youtube.com/watch?v=V9gcgDts990
JQVlEOjIi6tzHCve2IJb-,https://www.youtube.com/watch?v=i6brwImfkVY
qOcjcZCeAgnMaS6qMdKNn,https://www.youtube.com/watch?v=7VRgdFl7lNw
-BNcYRItdBBEijN_l3RTA,https://www.youtube.com/watch?v=BltfqNJw5R0
DpzA4MEtE20SgqaQyiarI,https://www.youtube.com/watch?v=1S-KU2F7wc0
mrgw3jH02Y_hwKXKBu4sI,https://www.youtube.com/watch?v=1GjkwRVLCH0
AWNbrF2JmSKyo2YwcvybH,https://www.youtube.com/watch?v=w0tTF9Wm3Ao
8dpF4MA-Aau7n8bHFf7Px,https://www.youtube.com/watch?v=gVuEcbexjCo
vkUhbH32wBHFc1sU4uLUD,https://www.youtube.com/watch?v=EgXriS0nvs8
BRuHAHQN0LJnvWb6sp2mP,https://www.youtube.com/watch?v=3RMF13Hkgag
D6GCyINWbSp7dr5y9QAmu,https://www.youtube.com/watch?v=JFWsrUEmQs8
8beryLRY7GN1UXTFBY-T2,https://www.youtube.com/watch?v=pDNwQZhqcoM
VUOHdN6VD2ie6rpSnwkQ9,https://www.youtube.com/watch?v=oxEguAZy3Fc
Tjy6jlpTYLEPFTD9-E3Dc,https://www.youtube.com/watch?v=0byMRPipWi4
gLCyfdwEgCVHKAzAAbjWV,https://www.youtube.com/watch?v=pkQIqplFLBc
zUTqENAkzUqv_Exkqo1SQ,https://www.youtube.com/watch?v=pHB4PdWKT5s
RaAZ2w6X7suNX9IpUwo-9,https://www.youtube.com/watch?v=A3Tx_mJ9wOA
Sw-lfPGWkcT4P0Y5RiIlR,https://www.youtube.com/watch?v=U4wrIC3ZdBI
gMGSuRVRJxcvZ1HnS-4A-,https://www.youtube.com/watch?v=MxAF1EDGBRo
uqpHzp2M5jiLBGDzUJjjP,https://www.youtube.com/watch?v=Du8vXaS5hUU
_CYSFj0k4IOUDiiLivS-j,https://www.youtube.com/watch?v=DX1blPLeoSo
Bcl-BdZqFfw2d436mQBMR,https://www.youtube.com/watch?v=s6tfvbuKmT8
rhuPWR730F9_b2KSGDZiB,https://www.youtube.com/watch?v=kdVzNmwxQEw
4ZtB-J5OS5wvBJnF_UeT1,https://www.youtube.com/watch?v=ZAn7eNNKuA8
px3wOcqsq5q-Ijngm-ayF,https://www.youtube.com/watch?v=30tnkW8klTw
D33fvRqUVElJtNjFMl9Ws,https://www.youtube.com/watch?v=MVPzrGHBR3M
RiFYa5mwZKQkHNTEzUp8F,https://www.youtube.com/watch?v=ZTsvam3gOPg
5rQt7bq9b3Ey4VxkHOK0Z,https://www.youtube.com/watch?v=MFei9z30SRA
muDZtW8vaoPQ_LPfF3qxD,https://www.youtube.com/watch?v=F3bIJIpKE_A
RbqzKz_RvHWqNpHdk5NIx,https://www.youtube.com/watch?v=6HGQdQMYKnU
UdW3LpCy3ss2b8dvKEr1O,https://www.youtube.com/watch?v=1HXJFoGI7lA
5dzhXA3vQOn1fRy9avhg6,https://www.youtube.com/watch?v=q12RepoLDvE
Q5nmEoAVYWi3W6Gn09VqN,https://www.youtube.com/watch?v=6WDOrCjehoM
dFBq7ROqbF47eFsFCxiSL,https://www.youtube.com/watch?v=z5-_GJKk-NI
9Z7tt09C-wc9BLkN4QGjj,https://www.youtube.com/watch?v=cpPJnJ0050M
0u1NunyxKDuxkaRHd6R1P,https://www.youtube.com/watch?v=bhYV8KqNZ5o
fAWou0fyFa8tewMFnVrZW,https://www.youtube.com/watch?v=zUyUHf3kXxc
-eAO5LAJ1BtwWc6KLgN-j,https://www.youtube.com/watch?v=5QdxVKiiVWM
f6q1X_AewRh6s3goER5Vi,https://www.youtube.com/watch?v=6Yvz7DLlaDg
nrAj-kk7Us3amzjZdF6Yo,https://www.youtube.com/watch?v=MzTyoXVKdwY
2zZcsEr4GVtMTfdYxXHek,https://www.youtube.com/watch?v=x2W9geK6ekM
qLAiRJX57vxktANnIPF9F,https://www.youtube.com/watch?v=vNDL2jHLC5w
0i1v4I8WzKuxcJr21HMdf,https://www.youtube.com/watch?v=WffHO4rz3oo
5YcUcPHdSN5HgcO7ULAZO,https://www.youtube.com/watch?v=g2rjnvS-Orc
5UR1WqTKvP5vhTBkng_gy,https://www.youtube.com/watch?v=tE-dSLWPtRo
vFFYtKDr5SrmMQDQonHRU,https://www.youtube.com/watch?v=cmQxfsyUZ9s
YLGdpXIOws0ZVUkbTywEO,https://www.youtube.com/watch?v=k0z27PvclqE
x_RpUlGowZPKtB09KoJDP,https://www.youtube.com/watch?v=_v21s2m3NQQ
5hy9d_AMBoy6E_3oJgFJa,https://www.youtube.com/watch?v=_u8aNJKcPKI
oyolVCLwcWYXlbdFYjGAX,https://www.youtube.com/watch?v=iBPrQZZ-tAM
dnycj-VXeJ0HzEuFpdooK,https://www.youtube.com/watch?v=pFK6M2s9J6A
eBJW_olflMm5Z_EdUJrww,https://www.youtube.com/watch?v=PddC41KRO-Q
p4jih5xeicxXF90Ojpvyo,https://www.youtube.com/watch?v=1desvCtMJgI
qKXIRvhHilkwwe1b62k65,https://www.youtube.com/watch?v=bdxHE5syRkw
G1pSttWNX0wenJFmP5jiG,https://www.youtube.com/watch?v=JTN8ZIgTajM
UDcObmMa9toAUfO8WAVDc,https://www.youtube.com/watch?v=BQiP7wMJTGc
heXvqicOMCGOJga1XEJBC,https://www.youtube.com/watch?v=ysfa9N9oe-k
a2VhaTxqJDvVzrzISWQt9,https://www.youtube.com/watch?v=gdwOgx3usow
8ascHaklLIqHD_XOSDTS_,https://www.youtube.com/watch?v=JbR2Z3ghCl8
5KFx0cZK5N-7kpe1oRT3C,https://www.youtube.com/watch?v=r_uSLkNs_yI
RlNuFxyRP4poH0o_FJ9e4,https://www.youtube.com/watch?v=Q82GTDkpWrY
g7Eo_FaN3RqBKUE6K2WCQ,https://www.youtube.com/watch?v=3vnM_Z1e5mg
4RVAZHkxhTO-PPh0lcPBm,https://www.youtube.com/watch?v=92xrKJkHIh4
vObukjfwB3pHv0vTTqiGN,https://www.youtube.com/watch?v=qZDHuOGqO4w
ij_xBDuvefLePWwUrIsbY,https://www.youtube.com/watch?v=72wY8Te6N2E
4pYosXctnJicfGHqEtrgX,https://www.youtube.com/watch?v=XTrS9zrQ2Io
tTMsICYp6uyeMySB-djBf,https://www.youtube.com/watch?v=x7oFpTVkAPA
DtzPPaa3kKgPiAl0_DmGL,https://www.youtube.com/watch?v=Fib0qYxnaaw
vpUw8SXQDOwdAOz_0sxO4,https://www.youtube.com/watch?v=TBvUjg2-uHs
XfGcRPA_u95K_zbDhnrVA,https://www.youtube.com/watch?v=Due5xJCirLk
tdOvdeqOwU1y4lg6DxBpU,https://www.youtube.com/watch?v=dik2vcTX96w
3D4Mmlloig6OuY-5CZbPd,https://www.youtube.com/watch?v=D2YyvgPFQ9c
p7uz3aNpQyJrGVx8SVGLu,https://www.youtube.com/watch?v=Y2LyRlWVLbE
t9jJemnglbcQaJ_JgKFEx,https://www.youtube.com/watch?v=AtLUxlc_HO4
YvB2YmDby2FY-2C3FT9H7,https://www.youtube.com/watch?v=n78xefKe8yg
wn3yCLn_SPzsovOuVP3Ep,https://www.youtube.com/watch?v=3r7jy-EWoyA
fHVKArl3rmFhuywHPrcIY,https://www.youtube.com/watch?v=gtZM85pXq0U
DzV5bWouQeysC3s_3zfDu,https://www.youtube.com/watch?v=BMxwIE-agts
A2cUq0v8th9l9aF4sFQ0Y,https://www.youtube.com/watch?v=tLAgTCwdOiI
jsoTezdf7k07V3lsEPrla,https://www.youtube.com/watch?v=JEHwlx1eWuY
Dj1KWYt-hqMB7unQrIwQP,https://www.youtube.com/watch?v=lsakP_tN0ug
6kaQJyMDmFk4sNXIRaxKT,https://www.youtube.com/watch?v=tomthJm9nvY
Hy234_KBnFb-r9ssYWtet,https://www.youtube.com/watch?v=mwY064hCOa8
OTvPIG2qmnFJD5KmABEfd,https://www.youtube.com/watch?v=YOzMMTNQ5e4
gIQS_C0yyBzknCyzMO9GK,https://www.youtube.com/watch?v=oeDc_Zv8IyM
58qjsZ0gTTce8P4H_sWT0,https://www.youtube.com/watch?v=3JAcgEjZbck
wZJcR-6NO9uRgqeoTTty3,https://www.youtube.com/watch?v=M9gPANbuGYY
Mo3GkeZesGHWBgt4oS5e3,https://www.youtube.com/watch?v=Y2S1AfQXpes
GDKqr888h1bUq_MEw5ewI,https://www.youtube.com/watch?v=WzFBEhedJXI
jSk52GHDs2hcGI42ksc-t,https://www.youtube.com/watch?v=BcUHou6Iq6A
_k2uz2n5jdu7xoHvvf9Lj,https://www.youtube.com/watch?v=AqOBkFJedG8
X_fcU9q519PhdZ5tcI5pN,https://www.youtube.com/watch?v=f8ffymJW8Bg
TzlY1fNl0r4xaeedMeOIF,https://www.youtube.com/watch?v=di9N92DDOwA
DonEeDv5oktBC1CCHC9P9,https://www.youtube.com/watch?v=Daf70STe8bE
IUC0NPZBrQWNprob5d9U7,https://www.youtube.com/watch?v=aWkIDqAfYfg
NX-JWvYqCKFs4Lo2IuluN,https://www.youtube.com/watch?v=9N22L8SLOKY
ZIEgVOAHQ9cBYVCXU0KTS,https://www.youtube.com/watch?v=nwGQJ1Xt6ZQ
orBticw_khAdxE-Vq2s0B,https://www.youtube.com/watch?v=vy_TdcgGCBo
GsuAmNB-ESfwqFRKcE6yt,https://www.youtube.com/watch?v=V3l2KTVGaBE
7HyC5OHTGNE_pi_63WXhg,https://www.youtube.com/watch?v=QIDPBGtCrH4
Ww8cUeXjx9fd5jwNYBPvL,https://www.youtube.com/watch?v=1A9SbWoGTL8
4qjDlpP3ugYxccIQM7Khg,https://www.youtube.com/watch?v=qgwZodE8UPE
T855ZLVICdsQwQhBusG56,https://www.youtube.com/watch?v=KiNvbA0CL90
8IjFqs2fOi2MLBUvEOs0m,https://www.youtube.com/watch?v=iOyxn8-ZjOE
Q4IsbpoxXmFBBlTwNzvT4,https://www.youtube.com/watch?v=02TckfQ9_V0
Aa-l9YucxuDXe13IQNT_M,https://www.youtube.com/watch?v=gJD9_wUOU1s
WIEuO9DAOZf8MBAeeq7yg,https://www.youtube.com/watch?v=ozv65kQGUeI
ygvuGn3xSDvKWyuGVFX49,https://www.youtube.com/watch?v=pb60u6f5-_8
SHR_hDnZfgFel3BGmJ4cX,https://www.youtube.com/watch?v=5NqR50nTbIk
NBP5UTgOMKR6R7jPt6T5v,https://www.youtube.com/watch?v=g1T1v1DINQc
seIaRyNUJqJo_5DF0xgtQ,https://www.youtube.com/watch?v=wryiW_-Sqss
nK2GwDe9h35fOAismTCTf,https://www.youtube.com/watch?v=MvCcSet7DbI
EAMaw9Lqy8JDFgN6vKGhI,https://www.youtube.com/watch?v=4NTQAUEkRX8
azCPDfLBC88njMtW0D8vI,https://www.youtube.com/watch?v=oVXuUdwWyhA
m8nbWrc2pZqnfQOApuKgT,https://www.youtube.com/watch?v=CmMaTJ9Hmi8
si1O0hAE06y72HoxJesQ2,https://www.youtube.com/watch?v=jDsaZizJjWI
9K_4jmvxilssA7aML2G4r,https://www.youtube.com/watch?v=VKEd14aMdIY
DldAUrbr1Iv_a3JPA34eT,https://www.youtube.com/watch?v=InS3E3hpHEo
E0NgLQXdqwTN5C8EBnOPC,https://www.youtube.com/watch?v=77_8-_MAzlE
ysizrerMz-5MbQq674bj2,https://www.youtube.com/watch?v=dO4q5LmxH3o
LJHyWfgpoafdwaNPZXEz1,https://www.youtube.com/watch?v=9OrMBS9TfOU
RmjSTF85-FAqOHcDnZVTe,https://www.youtube.com/watch?v=9ZB9TjxS72o
sOTMjWDSRBgStSCzv0g5N,https://www.youtube.com/watch?v=pvoekrpb1GY
xixA16DNk_afRzQ0nI07h,https://www.youtube.com/watch?v=3-WPSNyK0eU
m_s05ms2FFE4L-w_ETYIg,https://www.youtube.com/watch?v=bPoIimeslJc
Lu7lxrQt-xOOQHejIG9Mk,https://www.youtube.com/watch?v=DPEzZiEhfH4
BEZTpsTnluljK978D0yir,https://www.youtube.com/watch?v=JWVZnPx-EPs
KHogEeJPWrDofKe4Auh7L,https://www.youtube.com/watch?v=kJ17-tK31_s
3TRzS_ASCI3XQ5w87dA7f,https://www.youtube.com/watch?v=koLEIs7I0Qc
drAtAJlWA1O5CzauuSzkF,https://www.youtube.com/watch?v=dqGws35lFXw
u8eNg8rJNQb-hxIdkcpR-,https://www.youtube.com/watch?v=qjU_E2ImaOk
U67EAFHr7c911sWM4Mziq,https://www.youtube.com/watch?v=Fv5REzC2bqE
w73YOybykCH2iFRm2Vj__,https://www.youtube.com/watch?v=mOIh-Tw87Pk
bnNmJCd8d5AuuNGIiBX-a,https://www.youtube.com/watch?v=QKhh0yOoINo
DUM1an4QSDaDUoX6NhMur,https://www.youtube.com/watch?v=EOPrPknHBKw
DxKSsvnKDu_9b3fHPUKEA,https://www.youtube.com/watch?v=x1sZKf7b4MY
Ul-vgoP3y_FcCtHctyYoS,https://www.youtube.com/watch?v=TypdUKfniuU
5ntx5lSWa3rIgmSTYqbp0,https://www.youtube.com/watch?v=wkGRvu-W5QE
05hG90SUi_HB0CbBeWHfa,https://www.youtube.com/watch?v=JSeiQZA3hX0
Ybhq6IuIcpvgH3JRI-ih7,https://www.youtube.com/watch?v=8KPYasKzctg
Dotc0R8IKE1mLayjlRHU9,https://www.youtube.com/watch?v=Jz1OWEkhn9w
m70aQOlNKp99rgQtS-aHc,https://www.youtube.com/watch?v=Ik44l3NhBo8
L4o-s9vWskyIHFGVqTKVU,https://www.youtube.com/watch?v=TU-_H3aYpwk
EPIEHchpjRFuKOUTCgU1z,https://www.youtube.com/watch?v=qDWwa0QqyI0
HOEQpu1Zt6jB1Z0w_2Zwo,https://www.youtube.com/watch?v=uUVn-7gNj_Q
IiPegM4FZR5aJ1jzaJ6rt,https://www.youtube.com/watch?v=T48xBRZMNBI
caBW4dHqDeOeCwE7kfwAz,https://www.youtube.com/watch?v=LfvqXH1xc78
iqIC3LQQY6ie1YL5YTg0A,https://www.youtube.com/watch?v=yhCZu08-xcw
aGdWvdQvsH3_KVOppZ_BZ,https://www.youtube.com/watch?v=-CUkn939zI4
6Nn08vvRTpPq-1h7NRFKk,https://www.youtube.com/watch?v=luDO6_KLxHE
mWzaXk_ncaI-1iLvH_Q9h,https://www.youtube.com/watch?v=8BdHlKt6dZ8
hQooXOvM0xyX3tJDOkJ2S,https://www.youtube.com/watch?v=EH2l141jHws
by7o0modE4r7lNrSShiar,https://www.youtube.com/watch?v=_4JpTmZqgAU
ZRmUd3RPOYYPpCYX_UCmB,https://www.youtube.com/watch?v=90glOPT5C_E
FwZYmmkc5qhctlTm4nd-M,https://www.youtube.com/watch?v=jsvi0N0inn0
fBcbNdsrzUmKith_WbhDJ,https://www.youtube.com/watch?v=ky_-dJMN_nU
4k_Tvh8e31MAwVEkVMyWQ,https://www.youtube.com/watch?v=gGTF72vAqMQ
TwO3_iH7rMzoMXrL688HP,https://www.youtube.com/watch?v=JElO9BFeGj0
NO5WOV1RSzyK0rlrD_c3W,https://www.youtube.com/watch?v=PD5dNHZegs4
DLNZ_opGe8_-DtkDZMmgt,https://www.youtube.com/watch?v=cj68_fXGbuc
eVdsvTc8CrAsUewpVdH1s,https://www.youtube.com/watch?v=CcwghLZuqLs
qf2bDeE-Gw9y5AVpG0u-G,https://www.youtube.com/watch?v=KFS5QFjqPEc
9Q_9L5IToKX4sZ7aTmxHz,https://www.youtube.com/watch?v=Zd0PsztdpDE
Kp9ed1eIPWVMWWbqDUEm_,https://www.youtube.com/watch?v=HUm04Yh5_T0
S1wPq81ps_JRbSGcApMch,https://www.youtube.com/watch?v=6DQGv91Dofs
VCqarh0OnK3IlhoUK73mQ,https://www.youtube.com/watch?v=VrAoZd1bVeM
Ur2TQUknm874ItoCv_80w,https://www.youtube.com/watch?v=ekwTohQxKLg
JyTS2Z3SNbIfCiCFeKSDs,https://www.youtube.com/watch?v=22W4OTSxaiA
cbpwDlR0qG3b4FVDf7Edv,https://www.youtube.com/watch?v=Nb1tQmuJhEQ
qrfuh1JaEAMC6FeTzP4f-,https://www.youtube.com/watch?v=BnwJ48SvkFI
k-QUQLm06OHprE7H-AtxN,https://www.youtube.com/watch?v=jpAS4G33pG4
qmS128Di5Wj1KkLHa4MC2,https://www.youtube.com/watch?v=y9mgAgABd2k
brnW61LPjPALUOZXtM5OL,https://www.youtube.com/watch?v=2kTfcPUqazo
9PU57O71vrGTG4JXCoU_D,https://www.youtube.com/watch?v=Oqwa8QQWPKM
PxEZaF9ZvSIFgeRPn1xs_,https://www.youtube.com/watch?v=sY7iAnfqquc
7oyUHvPR-mrqukgN-GlGv,https://www.youtube.com/watch?v=RBABBExP9oQ
PvmzE7S9pC1Nyz1XzvQQO,https://www.youtube.com/watch?v=Gw21Nha9aFs
Z1UHWoNfHhKtiloIqYRqX,https://www.youtube.com/watch?v=mR8rSqjGCv4
JJnxXzlRinb_TdU_VhvbM,https://www.youtube.com/watch?v=812zWx6CeqM
-127za3mCpYaRVdJHy-JK,https://www.youtube.com/watch?v=b-quC9k1pbw
dEXvQJzG8FZ2Ix0oC6uNI,https://www.youtube.com/watch?v=qjk8ui3EQW0
NyaG-UXVKAgrbA8bHtJ0k,https://www.youtube.com/watch?v=-7fMJtApGW8
y9OHpApCsYq6hdHy4o_2z,https://www.youtube.com/watch?v=uKw1oHCbANk
BMRxFquyxY0efdn7CWYVn,https://www.youtube.com/watch?v=xwhK0ezITTc
_iVF7IH1gwYxu2-uLfnQo,https://www.youtube.com/watch?v=sNP0tDqNrmU
ewjsp0amSap0UF5BGcyyE,https://www.youtube.com/watch?v=Reb2JAHhaws
IOJgi0Y6WhEY5Ed5cyxkB,https://www.youtube.com/watch?v=phNo8teSzYQ
T5Zo3CVFyJ2HfTRkDQaCa,https://www.youtube.com/watch?v=nlGKLXbiiok
aGm6Ae_2efe7A-k1-R8IS,https://www.youtube.com/watch?v=MnTQvbfGXIM
joChR-5fkJPNJB2gQdkJ2,https://www.youtube.com/watch?v=wZEZ_6LV5mk
n59QLSbU9SGCzpHmuYSSZ,https://www.youtube.com/watch?v=j9uCXj7gCdI
cGHfw8nA7QzyaNk2LvzdZ,https://www.youtube.com/watch?v=mrWrTjXCBj4
HwkD1NTcytv82jyV7SX01,https://www.youtube.com/watch?v=vRwZS1tUNY0
L7YcZPsjCkhv2qv0FovOP,https://www.youtube.com/watch?v=sDTU_D2SMBI
MV7V88b-7QIUh9mGz2Cd1,https://www.youtube.com/watch?v=nyRC33zPdkU
laYmNbONNU2jV-h8VFeUa,https://www.youtube.com/watch?v=CJpP807NCDE
pERjSNxi-uOCvSeELPjbA,https://www.youtube.com/watch?v=Ye-iUnM1EHc
81Tf4K8ty98C5i_QWRf6a,https://www.youtube.com/watch?v=7gezA8IrYZ8
zLst3RIWDHpfwPeF7KCtQ,https://www.youtube.com/watch?v=YylsvGDxNJU
76hilKP0xJX4JxTefwq1w,https://www.youtube.com/watch?v=v2Z-QFMdiL8
BQOvvmErIoqf-1WLsE8QB,https://www.youtube.com/watch?v=v8t__w5JxaE
0LlEgWotqQ5rO8lXuapks,https://www.youtube.com/watch?v=dUQ_Ek2xIdY
dRrrVTMJSVBtzNnz6yFXK,https://www.youtube.com/watch?v=iHG_hpsyC-I
NqhODrydzHEa-4N44BNPE,https://www.youtube.com/watch?v=EJFb4KTUEl4
8rOqCf3FyZQazTLCbBCZQ,https://www.youtube.com/watch?v=IpsO_SEwOlU
eNBXl1GLtormC57Q9zLFo,https://www.youtube.com/watch?v=EsE0CGulEjI
TVOJMkIuLdwbb2nSEFt80,https://www.youtube.com/watch?v=NqGtYwqfOD0
HxEV7wqnBL--XYuIRdgVZ,https://www.youtube.com/watch?v=dVh6zpetn1Y
BxDbxJv4WsaPkUrpAoJ_C,https://www.youtube.com/watch?v=ZlBKXNlh4zQ
jkc6Z9WFpDuMLryeSIL5g,https://www.youtube.com/watch?v=I5c-ipT3sME
R4a-luOpa79YC2H1WIHkM,https://www.youtube.com/watch?v=WB2S5PefnuM
HCk8JAYBxfVoDq8xSyTVc,https://www.youtube.com/watch?v=-cRwuiTWgdw
EWNtTbAyIOVqjH7psXWwc,https://www.youtube.com/watch?v=LykzaFjf8YM
OoG-WX0Qt0GCW1K-EmV3z,https://www.youtube.com/watch?v=uFe41FQHvyw
ZlQGmLcm8G1_6mp01qea9,https://www.youtube.com/watch?v=I2usX6Orjpw
Nrs548zT1Uld8GoFvbd3j,https://www.youtube.com/watch?v=8YRcD-f21X4
oDvR_p4b-k6ioPhK5G3UI,https://www.youtube.com/watch?v=B4HVkjit934
Mfj5_WkwwwwbEaUTdwhUA,https://www.youtube.com/watch?v=s3FPFlTFn8M
_68BYCGjTMRNXiv_0bFQN,https://www.youtube.com/watch?v=-P9OE0Daam0
qsuPQRAD538OHsm90IHi4,https://www.youtube.com/watch?v=NQek7FfsV6M
LG0X0YE6adbVlOg_SHTzd,https://www.youtube.com/watch?v=vZCqJwYnGzE
vMKzEJ4S9a33aFzchb3wS,https://www.youtube.com/watch?v=YbsrKy5ZLw0
mbEI_1A1jjf0uYHOpLP9d,https://www.youtube.com/watch?v=juwmtZi9_Tg
b3CFybp7CfmMeu-b1rbvP,https://www.youtube.com/watch?v=59NkCCehUNs
nNqnBzG1Rxk3fU-CXtYY5,https://www.youtube.com/watch?v=9qpFGGCyeWs
GLUCt5Qj7wJWZJRDs5Nx0,https://www.youtube.com/watch?v=gKIVWJr0kqQ
-PcaeAB_4xJlQ6t6YKH0Z,https://www.youtube.com/watch?v=LNEQMJdHo7s
1wvwk_avfFet89WYM0GUb,https://www.youtube.com/watch?v=X5mbEH9CnGA
UCs-E4Mibp6z9vp3hF-RN,https://www.youtube.com/watch?v=cH_lZI7F4DA
cXufsHJh1nzNZlJ-9cuao,https://www.youtube.com/watch?v=UJ6RwhJ90_Y
kiIwrn4Tx7-k2sKZfoni_,https://www.youtube.com/watch?v=lKa9lSo9rH0
dM2y1W18xACahhlr-gxqx,https://www.youtube.com/watch?v=fbItKuO-DOc
KifYiMtmjOJ0lRzZZU84a,https://www.youtube.com/watch?v=g1L3ZBnAF04
K-rvChanEgf_ZhP7hEhpm,https://www.youtube.com/watch?v=JoGFYRqHbl4
GbisM5z3rPPJiEFNWKTQ3,https://www.youtube.com/watch?v=9BtbKx9JNf4
rIv8l9GmvnOt2oOOaPf-F,https://www.youtube.com/watch?v=zRRL69Brrfc
BPaLGSdB8hS0Qrtq1ygdo,https://www.youtube.com/watch?v=vnKNOqLnLuU
xsyV7LYORNRJ7C5aodJN3,https://www.youtube.com/watch?v=M-M6iHFd-ds
a0yTXmTr5Weo70s03Rrko,https://www.youtube.com/watch?v=O_dDTiT9tnA
BGIOyFwC4SStnWZdbD_NI,https://www.youtube.com/watch?v=YzyRy0KC4Uc
LKvMrvn7xe2jphqTxR3U6,https://www.youtube.com/watch?v=I2i_TNkcH0A
1iggBoMwwXp87msjsgsEL,https://www.youtube.com/watch?v=uu2p-7259TQ
-QK_XCcizuTvKSwvox0z8,https://www.youtube.com/watch?v=080aVdoQHiw
EKha8PrmfPYCz8ejV8kr4,https://www.youtube.com/watch?v=lUvZut3X0BQ
ULh2ewQKu4EEtGxCzxnn4,https://www.youtube.com/watch?v=296xdOEdLvE
U_yQzonF8W69sWssRF0AL,https://www.youtube.com/watch?v=QLcYj0v2lis
-KKSUpuPTREX0_m-V_cNv,https://www.youtube.com/watch?v=M3VSppCxodk
gU2wds4VVFxQBCnQdkb2K,https://www.youtube.com/watch?v=VczQhgCGAzI
Ic32dDa4cC4woB8MsqJai,https://www.youtube.com/watch?v=i9xRPMufEjc
DcbMELp3ntjzqvo8I7b7Z,https://www.youtube.com/watch?v=Q9nJ-cvC7k8
s_HI0ygkTMGN9PQ7U9m9c,https://www.youtube.com/watch?v=6cVpcpYYQvk
_AxhiUX9XzFi9BRTwMnxH,https://www.youtube.com/watch?v=4Oo-SenRen0
apOusVJ9zFu0_7RyrDWw5,https://www.youtube.com/watch?v=3KczRHyQ0E8
6ex9EqSmy-fFY_3c5QeiP,https://www.youtube.com/watch?v=lUKRcUGEl6o
mTVNcH68H8aizNJzopYyf,https://www.youtube.com/watch?v=OVpqNIv9kUo
1fQskn4y1TYWVsgEcnDZu,https://www.youtube.com/watch?v=IratyuRrII4
XPnDgB8j2rqQ3FAx3rmXh,https://www.youtube.com/watch?v=y_nOYj5tzV8
HS92sM2TWs8-ekql0bWCw,https://www.youtube.com/watch?v=8iZHCluRGTA
2h9eATWmEx0GZP4poqv5a,https://www.youtube.com/watch?v=FUTWnD1B-C4
i-Cb5q-zMdAjukjdpN1Cq,https://www.youtube.com/watch?v=hxyFW1so7Ns
nh26XOx3gj1KAEs6do1KR,https://www.youtube.com/watch?v=mcLI6l5zWn4
yulJc5qmzzq3gX8gRZ6eh,https://www.youtube.com/watch?v=xk8RLQIhE44
9X9WQFlJotxbALYbvac9w,https://www.youtube.com/watch?v=xHwnINjmm0w
9JPOVUy_7KONdv1GtplpN,https://www.youtube.com/watch?v=57DTjuvmVeI
cYWB7pTD92nj53osPKXDB,https://www.youtube.com/watch?v=aVMBcNUqYO4
obVvYDneMkVIuMc04xg5a,https://www.youtube.com/watch?v=0RaH7xfCQCM
0nU9Fer-CZL5GI00kQ-p_,https://www.youtube.com/watch?v=8fi_iBO1zmU
vEZPYIvF0IFszDbkP1lk9,https://www.youtube.com/watch?v=CilQYqMM3S4
yMfepJgmk_1bHu0EOQVbC,https://www.youtube.com/watch?v=Kkcy3ha_N0w
kysZs3H5JPIfPJ0zPh9tx,https://www.youtube.com/watch?v=GvHORyYh7Oo
a5jb7QNtR90BVAbGVPCHS,https://www.youtube.com/watch?v=X4H96HUsSwI
sr-RkVE3-M_aJ70uQ17Nf,https://www.youtube.com/watch?v=87tCBpapWcg
DbcH4L_YC6foSVvMXJ2VD,https://www.youtube.com/watch?v=O84DWrNYJ0U
GTH5NBsrZ1L7AOHZU-LSy,https://www.youtube.com/watch?v=gm1rdGQIWLQ
6Y1-PWhVwJcQZHCQO_xnd,https://www.youtube.com/watch?v=lAwelRC4iYA
MIixJT0tsrZwnZ2XoFdog,https://www.youtube.com/watch?v=JtfPeeQH108
ViCBLgHCcTBgT6No20Y7Q,https://www.youtube.com/watch?v=DAry1N9-N9E
yHivo7O4B0M6xRNr4VlvJ,https://www.youtube.com/watch?v=xRxkyTZYXk8
csAgijtCkkgaBvwjMMlbT,https://www.youtube.com/watch?v=5d0ZOe55RaQ
ECx9Zhq-2WU9PflP11sy2,https://www.youtube.com/watch?v=jXG-fkr70b0
7mx66ImHYCiDrAZs_di2w,https://www.youtube.com/watch?v=1eQkvLsSXyg
VYgCr8G0CYHcBVXoykgzZ,https://www.youtube.com/watch?v=DewmOFA876Y
ZOD-d2xbE5Mi-LDoqAlUp,https://www.youtube.com/watch?v=ls5hDxhHDEU
xSoD8CfuIFdLEW6aK8G37,https://www.youtube.com/watch?v=UjJzWQvmWZU
NXIPEckRl3cBRsDqe8O8z,https://www.youtube.com/watch?v=rdk7blx18k4
ly8JvFnBrNc612VniOPJG,https://www.youtube.com/watch?v=cpmiHrKOyII
1sKuuUV9rI20x-3HKW2Rn,https://www.youtube.com/watch?v=Ob22V_JlsWc
SUh_wPHA9VEYG-Dp12RUJ,https://www.youtube.com/watch?v=FFwA4hfeNSs
r5EggGzY_hhFDMEBdMylu,https://www.youtube.com/watch?v=Tprxtq3hvbE
ZBB8XcT5nM29JcohjPpiC,https://www.youtube.com/watch?v=0Hk60a-agOU
KXEfzG6zCd7OCLH6fVuYd,https://www.youtube.com/watch?v=vbiCnETT6wI
ZAvbdW619F891YGhHYY_B,https://www.youtube.com/watch?v=PQzpisIPEVg
hH9iNcHsBtR6FmboJkHwX,https://www.youtube.com/watch?v=KiHHqR-cNMY
K6FUSbYy5W1VFFKccZKAL,https://www.youtube.com/watch?v=xN7r0V2GBtU
VPtS9jtwT48zmQ-EVkix5,https://www.youtube.com/watch?v=M3A3kOQaUMo
n8kEQkQKLDyO3fcmMRsXB,https://www.youtube.com/watch?v=okD9RjK72Uc
wIJdDN-fmWstWu3eAGIzn,https://www.youtube.com/watch?v=XRoiXmMBKTo
kWj7Bnm-CXKlcDLPzSzTv,https://www.youtube.com/watch?v=LOpz1blol4c
xq5gmnT7JcuPC0wHy0Z1G,https://www.youtube.com/watch?v=SWZogeHSUW4
oNs6CuXnVunwNUTJgJ5eT,https://www.youtube.com/watch?v=cp27Tb8wXj0
OzoQ9CAb7PfjSfFtWAR6-,https://www.youtube.com/watch?v=HduWC1RmEzw
lGFdxCjffQVaF9bDvW2aO,https://www.youtube.com/watch?v=rhKD_qyWAu0
8aLrCmdyuLpLQ3f0Xe67D,https://www.youtube.com/watch?v=VE-n0s2VL-Y
hPIGWh7vGhPkPaa0hG9W5,https://www.youtube.com/watch?v=7t8-Il3BUCc
NcJ5aynXvSOg_KQqKP5MY,https://www.youtube.com/watch?v=ZAUzAaOj-wY
WHLM7cs59lrEQmQsEfQLv,https://www.youtube.com/watch?v=dj-q14lVuGg
mQdImP5SGpwVojigpyCg_,https://www.youtube.com/watch?v=aK3hTYSCyhU
u12Nsp_V7l9l8zIzmwabx,https://www.youtube.com/watch?v=tz8mF8_B4vc
9T196ex9OI9rWHo8HJ7IN,https://www.youtube.com/watch?v=6Mtp88U9Res
o4N8Gh8vcYIshQRkffpE1,https://www.youtube.com/watch?v=Rl0BBYNuu9U
jEpNDjU3o5Abt0AqnkyFj,https://www.youtube.com/watch?v=Hr07pgQTlAA
Pt_SbpjKRZnzn0-asP3Oh,https://www.youtube.com/watch?v=jVokAP3RYRg
0_owwCieR6MYqO4aJYexr,https://www.youtube.com/watch?v=aqOVNkFqzSA
HV948dOteejzsRnE9Lp-f,https://www.youtube.com/watch?v=g8GSeW34Cgo
VEIFhn2CjYP1DC1ExZ4zQ,https://www.youtube.com/watch?v=0ztU57d88OY
ZlR948bho77J00pAXhIp7,https://www.youtube.com/watch?v=NBHSJbYHvfs
paBBHLVP7Wakx6Xgqxkn1,https://www.youtube.com/watch?v=wyTuMj29EGw
YTHC7M01h70eLzUNTg9DB,https://www.youtube.com/watch?v=OCOHex7knaM
PUh6DL7FJLygdVL0T7_hS,https://www.youtube.com/watch?v=QkXrKSukhVM
1WroXZZfDTq1XAn3-hpQl,https://www.youtube.com/watch?v=AK5MU98J-5A
D2ItHEzOIZmCjMzYAV8_o,https://www.youtube.com/watch?v=twTy_sHz3jc
uiLynMu1EUFiVYvgTtZ41,https://www.youtube.com/watch?v=DWllDn9tffs
hfd20z74PuAg1Hqrf7QGZ,https://www.youtube.com/watch?v=L_AC_r6OY6Y
lVhhQ9N-CIHF8ZKdncgSg,https://www.youtube.com/watch?v=gTSm3Y0xDC0
fSAjSusIi6u8VHBBk_25b,https://www.youtube.com/watch?v=Ucf5I3inGi4
QS1KD0mX3eOu44RYTTaL2,https://www.youtube.com/watch?v=oGWDn-v2c6A
i13FylFyn2H8ekNjygPSL,https://www.youtube.com/watch?v=1noVL8lw6d0
3v_070xcKA6Pskak0wAkk,https://www.youtube.com/watch?v=rAQhk99fzwc
gx0DK8oWTP9dB7q1DI3hn,https://www.youtube.com/watch?v=gqpbHUmVNYU
wLx6IPDj3dkUhTOUpAE74,https://www.youtube.com/watch?v=DCBUZFfWqiQ
2Vckt3vau2e0mwheXcuzH,https://www.youtube.com/watch?v=0vyQoIIT9VU
UGkLiuBKYLr4UyLgYtUtU,https://www.youtube.com/watch?v=NLxrYKQ0zgA
khwDKrm7huTfynTslAyWX,https://www.youtube.com/watch?v=eogQ9pII-2Y
T_MYUlU6IITVVqlyzoj0f,https://www.youtube.com/watch?v=rc1FS5sKhBk
jg_Aq2m_8UOFUH5rJiqTi,https://www.youtube.com/watch?v=KXCR7qVnboM
0L62F87VB9Fr0cMymM8c2,https://www.youtube.com/watch?v=C6IV8Kpcs0g
uWCXA4BlMJMtNQrspB5tp,https://www.youtube.com/watch?v=UegWaGPBFGk
90k1LJN-OAHTOajTLtHfK,https://www.youtube.com/watch?v=d1X-rSQ_lYo
OF9MHYPV8e8lCfXUbFNzk,https://www.youtube.com/watch?v=T5IosaiweMw
WCPNXQ5zZtYtC3oAJA0sc,https://www.youtube.com/watch?v=BsQpjbXpzg8
Y43ShQb69Q88XFuCOTn8I,https://www.youtube.com/watch?v=PDcTEb-MGB4
XwmNxZayLPsTTA-RbOs1-,https://www.youtube.com/watch?v=fYxI61465fs
-KsCtxHaHHLh8_BPji_j-,https://www.youtube.com/watch?v=zxi1KGv305s
KK_aAEalsURwoJFzBE5Iy,https://www.youtube.com/watch?v=rPOmWy3UyDM
TBod4Xa_VtGpqhz15NZYn,https://www.youtube.com/watch?v=0zAd_-fTQnM
JtZ_g1WKCJG1ccG0dBxfB,https://www.youtube.com/watch?v=Sq1ZYhFp20M
T-SL0fw7wodMWxEuSeyEZ,https://www.youtube.com/watch?v=wnuDaVjolCA
hhvnitPV3jE4Q8XkCs3jN,https://www.youtube.com/watch?v=W5frma7XPI8
PB7_cqjWNbLIkToPofKeL,https://www.youtube.com/watch?v=cs1NIV86FlI
N6iKDAgaNN5zZImU2PtC2,https://www.youtube.com/watch?v=PKjZWUtrmI0
gJeXvZ_AJpGcqFWm0woHh,https://www.youtube.com/watch?v=uQryjml8iII
64o6HXdTeFaognYa9xgQ7,https://www.youtube.com/watch?v=0C1WMpqqk9I
KLlXIHJEWcMiH3JZM6A3R,https://www.youtube.com/watch?v=9WWDsm8mlfk
4ZiNCcneIn301PMA8wxTo,https://www.youtube.com/watch?v=190rpX3o_HQ
jV04FkaOl3L8FOJ5kA27f,https://www.youtube.com/watch?v=YA-my_C4clQ
ol_i6mdgn6P3Z9YFM_JdQ,https://www.youtube.com/watch?v=5NBntLwqSgs
S3wwp4TshfAwMKAM8l59E,https://www.youtube.com/watch?v=g2xZg7eip9o
Q8Cai5kUI9Hi39RXqrva0,https://www.youtube.com/watch?v=jR7VRDqFavI
vMjR_5x_poHBno5nLTJz2,https://www.youtube.com/watch?v=x53uKakwxEo
XnPeFmMNxt5IOPEC3Rk4A,https://www.youtube.com/watch?v=dx4cl2dd2cs
OHo72YciECxSlu4XMEE_8,https://www.youtube.com/watch?v=qzE2UWMNzCE
88APeB5P7fBNk3keXNPJT,https://www.youtube.com/watch?v=UoiOyrA-OIk
iqYMdXYALdsebNC5y12K5,https://www.youtube.com/watch?v=J82nbVUSz30
t-QS4RB-2RIP9dSaqL9EW,https://www.youtube.com/watch?v=fD-y0Gj8pvo
iHQhXI7_RV_R7kYw0avzB,https://www.youtube.com/watch?v=ViFT-t6ZFRY
B3JEImDf4vJCIR5oKLcF0,https://www.youtube.com/watch?v=W5BBOCfYEKg
wZQ-HtLligLmMVY7dS2nV,https://www.youtube.com/watch?v=C_UyGNG9GHc
75B1Li2gAlnGZ9Xyv3LUG,https://www.youtube.com/watch?v=F_YeXD9NP28
V6IHVH_KU5SppPzd_uvS5,https://www.youtube.com/watch?v=ZU3F026uILY
IAfHArz3sl9VnWHsXPNEG,https://www.youtube.com/watch?v=ZgZG4SertJE
RuL-Qqzl_2u4fZVVX5aYK,https://www.youtube.com/watch?v=iRvZ8scvccc
8IvWMQJyvL8guSaJsZK-e,https://www.youtube.com/watch?v=FnlT3LJ8j90
wToy3weK_SNp9onQdvp_Z,https://www.youtube.com/watch?v=oB-GvsbH76A
owFlaxKceLZwwqoe_BRfI,https://www.youtube.com/watch?v=hvxfuhmwHZM
OYlUeHrZRXiD2wjnjgy-N,https://www.youtube.com/watch?v=6vF4QXtQbBg
kEU-D1S72Dx8tT2IjWrLn,https://www.youtube.com/watch?v=8Sx8jyjy-TU
_rlcnUVZWcUXiurC_nMv8,https://www.youtube.com/watch?v=XZUuXJMRJMs
MlBrkUQZwerKlzJn1k8cL,https://www.youtube.com/watch?v=T0W6shNdFn0
B8GVZagSDh-4HBeJruee6,https://www.youtube.com/watch?v=866jSA_Qj68
kwN2-HIBxc3AJg72jW7EO,https://www.youtube.com/watch?v=PrXqbJAdjd4
YQj2k-PhFkJYYfg5zEPLm,https://www.youtube.com/watch?v=BtUCFNpTCPU
Znl-pWESxbHjcPDpdMNxm,https://www.youtube.com/watch?v=3vpIZSsKDOw
fbsuzoId066136vKqpegF,https://www.youtube.com/watch?v=bcIqxZ1O130
BvT3KyoIDY5_TXJEBe9H7,https://www.youtube.com/watch?v=dHh1IfUa00k
p7eREIto8Lv3rU14UshqA,https://www.youtube.com/watch?v=BFhMO_BavFA
KloCQIy6KDMmXBzMK2aTP,https://www.youtube.com/watch?v=kAtlZMEcrug
cHwjfZr1F4oKRkZhmXAgQ,https://www.youtube.com/watch?v=adcHltIbAf4
1eb138B6Dz97bvRFuUNXx,https://www.youtube.com/watch?v=T2SCm-JGCoc
XITRtxK12X98FEr48y1Di,https://www.youtube.com/watch?v=CcxN-Vy27QU
8Rnln6Jmy9wUPJGBqoSMn,https://www.youtube.com/watch?v=4L39dPeALQM
GmFDpyqQEcuCNBsf6l4YS,https://www.youtube.com/watch?v=g2qFB_i9WDs
uWyvAJSTtdrY8tHSDgG4S,https://www.youtube.com/watch?v=IxF8xF2-3do
knPUf3rJCa4iKfwCy-_yG,https://www.youtube.com/watch?v=-PQHAOBQeuU
vJ4K8hPLU1Rr05AYNJryY,https://www.youtube.com/watch?v=UJOcM9hOOhA
t0HmV4m6DF44Ul47Rtgse,https://www.youtube.com/watch?v=KWI_vfukV3s
qH0f4NEsMuI_-hPP_Lt04,https://www.youtube.com/watch?v=9iVuotqcpXk
I3QGvJ5n_J4KN6oY_AWSi,https://www.youtube.com/watch?v=o2pXcPzuZdo
SzOEzLwB5HFW5y0kI0pxu,https://www.youtube.com/watch?v=0dXU3Gt0DXI
ER5QB0FrGSdQcloKCTMPJ,https://www.youtube.com/watch?v=CAgEB1_LvM4
uGtZ2qGd-cQcMlgr-E_jz,https://www.youtube.com/watch?v=PIGz91Mj-rU
zVQOrpdROUfxu512uDdsH,https://www.youtube.com/watch?v=0xPQDUtvdpI
UjGF67Tx1pKvHvXJLKIOy,https://www.youtube.com/watch?v=s5kSdpFPD2Y
zs5hwue_vEenXW1cu2Z6O,https://www.youtube.com/watch?v=wB412uNtk14
lG8bLCJ8pKH9h3jlCQbOH,https://www.youtube.com/watch?v=xkuyGxUnmEU
fK4NGYwTjqxXJzS86RecS,https://www.youtube.com/watch?v=FdIcsi7lhuc
l55jpg2FZ5UmCmpxLAiSi,https://www.youtube.com/watch?v=1vSox-Ja1AM
Vox-xp9xq80x2kyEXgQEy,https://www.youtube.com/watch?v=DFS3E1mWeB8
qocsTf6x2zBhQ8s-Pl2yX,https://www.youtube.com/watch?v=4G4v_GngfX8
-S2I99ffbPKRbCyNiMC7H,https://www.youtube.com/watch?v=49QyIzxLfkU
QEnn_ewXAmSpXYczxyfac,https://www.youtube.com/watch?v=Gq1kZI62Cnk
b5q8Vw-9VEIR2_D7uQKeY,https://www.youtube.com/watch?v=ZTank0z_rAM
xH196ekZ2XX6in-IU6y-E,https://www.youtube.com/watch?v=GpzWML0sxB8
ITwKCGbsnGNV2NBrYlU8B,https://www.youtube.com/watch?v=5l4MXUf8HYA
BaTIdHC401wRXrEhptYx9,https://www.youtube.com/watch?v=WAsc6W1TB3I
_5ezjpYpDyhGo2aFldXSk,https://www.youtube.com/watch?v=58ZgDyULEhk
hQXMr3_4k1_wkEPYtQuRP,https://www.youtube.com/watch?v=YATcbA7g21g
NXhd6xtPE9qXIqorbwsbc,https://www.youtube.com/watch?v=AJaCzZvjSsE
fmx7LNzArhozQcRwdhpuj,https://www.youtube.com/watch?v=0m9HovUiKJo
ydpXMowcSJbgKajzrHJWp,https://www.youtube.com/watch?v=ty2lMhQrsvg
E-iB2a8j8LUKjD-6JYosn,https://www.youtube.com/watch?v=YTJ3nRVhL5k
5oDDWF-uM_M3RfBNUFfwi,https://www.youtube.com/watch?v=0JoNBvl9IP4
kwipljOnXUhHhure7bQbm,https://www.youtube.com/watch?v=iWgZrkvU6kM
iEJ6okJzyvxmSUaEld1Ok,https://www.youtube.com/watch?v=7sl6JBPNYNg
YfQVlNtCq8f57QP3wP72p,https://www.youtube.com/watch?v=xHS6Apdcj68
qrsmyaFCYJOOk6kC0MtUG,https://www.youtube.com/watch?v=eOzO1Duzkrc
_4nG09JZ2L1inlcyTjopQ,https://www.youtube.com/watch?v=-PmiEDcOcew
Bflnt4ooB-Cza24_y5_-v,https://www.youtube.com/watch?v=Fn-LCWDmqBE
TL-Sta6pwphTgCBTF29b-,https://www.youtube.com/watch?v=rC0pRc9qnfM
5Zw1eC-ji7-GELsLrucQS,https://www.youtube.com/watch?v=GZxnDsS82CA
1rWgV5KcNeN1dEOyHIgmL,https://www.youtube.com/watch?v=tqE--8V1d-8
Mon8ImFYAQzq_B31pl0V2,https://www.youtube.com/watch?v=3l0TtTSOXaU
w224o9M3gvvJbB07Tkvvm,https://www.youtube.com/watch?v=i5ewbjvNXys
4U1CANZpM_nG9ErrLPLS_,https://www.youtube.com/watch?v=o6cfUKh9OWA
KCRuezGDTLEmCgaxolP1D,https://www.youtube.com/watch?v=wUl8HmQx1cY
e-Lyhu1EprJdBQyWzxYYB,https://www.youtube.com/watch?v=ylLzrXX5zeU
zkFsusqhT5Vxb4fHRrjqJ,https://www.youtube.com/watch?v=pdpcnTJcEMo
0yS0K_45TX8B6hZ4xzmJo,https://www.youtube.com/watch?v=q5WcUFtAIic
s8j5Ev--f2xgkVboOdX68,https://www.youtube.com/watch?v=CyMSZlR734w
wGFrozoP7cl6nA0eEpRQV,https://www.youtube.com/watch?v=Oegch__-PeQ
NVqzQ0Gojx7u4khJSAOr9,https://www.youtube.com/watch?v=MicgxHgkUCc
vdiEb8nTwD5R367EqktZL,https://www.youtube.com/watch?v=Q7pwHybKJAw
TLia0AxGN2ME71KOUmgrA,https://www.youtube.com/watch?v=N1I-ArI1jXk
CBjT8v39gTXbO2jiXZtcM,https://www.youtube.com/watch?v=wutEnxl8euc
KiQ7nWu1VUuO6VZXS2pAY,https://www.youtube.com/watch?v=z7kybA9ZE48
MHu3x35Q6E9Ucoh8syAQg,https://www.youtube.com/watch?v=i1XEIceKH54
uKf1B1F-uLMYhIz16glAX,https://www.youtube.com/watch?v=V5Ri_8lzmxk
6zdlDbMOVxaaO3Qm04b7E,https://www.youtube.com/watch?v=X1khEFDvD2k
fF4DU821D1FoNCvXtdMcs,https://www.youtube.com/watch?v=QMhMTdAWiV8
CsxnDslFxHSVaBQ2Vq3XK,https://www.youtube.com/watch?v=PM6MgdB-rdE
69wMXflZS7yo4u9y8lA0L,https://www.youtube.com/watch?v=z1tAwL3s4Ls
ZjH3VJpPmfJh_BwcTFMGu,https://www.youtube.com/watch?v=As0VmqLuS6o
Ide8ptCaEnDVr2voSnp30,https://www.youtube.com/watch?v=33A-RT-JWLU
ynzaNPlxKmf92tgvAuHW1,https://www.youtube.com/watch?v=eEUMwDwUkWM
XwB_KY3ayM_cGPT4FSN28,https://www.youtube.com/watch?v=URoQf1Kpkik
fb9b2YgpjZDBOBLmM6f9G,https://www.youtube.com/watch?v=DdfA9wz1trU
L5klc0dfFv0Zp-X9BOc6G,https://www.youtube.com/watch?v=Le_u5tsEVr4
vm7qKGK9R0vw1QiR_D_fP,https://www.youtube.com/watch?v=F88BM8A3Gts
KxMCXjqndky1k2KXE0B8c,https://www.youtube.com/watch?v=TBgrvmyRi88
UPdV6V-MAudn4VxYupezf,https://www.youtube.com/watch?v=w642EDTujfQ
B0mBKCh8H97M48D0jl-dk,https://www.youtube.com/watch?v=AcDAFgqFwpI
ZsQW8tr_xDd7xCBcb68-3,https://www.youtube.com/watch?v=BPpv1u0i_10
7tmBQtaUfFcP3N-gNJIh_,https://www.youtube.com/watch?v=7GY1fGtl5_Y
xWib1wgfg43VEcTuB_8tj,https://www.youtube.com/watch?v=rL77nf38v2k
aBY9vndUlG5sjGmcqCy54,https://www.youtube.com/watch?v=r1UncyUt7xI
XDa-fH4tp_31CdaK1Pl_q,https://www.youtube.com/watch?v=m_L7ngTQV-4
4FrGX38EZKOMN7KavXgdI,https://www.youtube.com/watch?v=jfu4qmoM7es
FN9nsi9Pmw1YBGrTPqmHj,https://www.youtube.com/watch?v=rcqWjqMKU7U
O7QGECd9lCAsMnry8WtF3,https://www.youtube.com/watch?v=yf3sQIGmqmY
UD3HSA2dzVU0XFJExkrWT,https://www.youtube.com/watch?v=8EwNRh7Shbc
J5ygdgLeLrmciJUzp8R0A,https://www.youtube.com/watch?v=mynwNV6DTHk
Iy2c40tSOCxdBpIuSolZe,https://www.youtube.com/watch?v=Pza7DH1YOeA
d8opNIjQm1PHnRFTV6Wmi,https://www.youtube.com/watch?v=xJdkkQ0RH4A
yOI8VMx0jgl-CaLjr7LUg,https://www.youtube.com/watch?v=YPjUhdJuqIY
dAHPl3boQ_XwJJQICRGKl,https://www.youtube.com/watch?v=O2GKZj3_zw0
5jIR-VReX1m7ismvjEiyk,https://www.youtube.com/watch?v=DWfn5zHSako
UYM47ta1zFGOhik1oexGo,https://www.youtube.com/watch?v=O2yMv1JDYRU
8TqGGLl1f4J-PHisuiWL_,https://www.youtube.com/watch?v=Pi7h6HioaRc
p5V-LXHmPcuL7PyK5gTZF,https://www.youtube.com/watch?v=15UYV0aZ4_g
04XT2ATz-mxkT0HU3_kWk,https://www.youtube.com/watch?v=_kvo6fgbAw0
rJBfVPzzYSGwfvHkPJVb0,https://www.youtube.com/watch?v=bNcNFYEbu3A
Y0jzCCFZIId47MJ9vqKGv,https://www.youtube.com/watch?v=o-1zuD3FR2s
glVGdLwMCipgMOaj5SQpW,https://www.youtube.com/watch?v=05Bliwr4w0w
Npnav-3A3_jb0-EDFxHpV,https://www.youtube.com/watch?v=vYJaj6DTeZk
nIX3ORvwF6BmE9PYSTehR,https://www.youtube.com/watch?v=YZGsv0XvOKU
pSRy75O9fW6jt2T9g43pH,https://www.youtube.com/watch?v=WtRY4FWj86I
fHGR_rqiOc1XYa-TicRWh,https://www.youtube.com/watch?v=_UL-J6m2PwA
Q-Monpsp9AWD3tNRe4pwF,https://www.youtube.com/watch?v=6rfaNGCdtkc
cqFkCdyA5QMRxbd66HM-n,https://www.youtube.com/watch?v=vKZLZT91mZE
yCAu-djSWAUMT5Nhuc2Ol,https://www.youtube.com/watch?v=Ds0bBBBr-D8
SD6_ovQsKpkf1U28XY1Sw,https://www.youtube.com/watch?v=uvnpCSmzJ40
Q2ym6VU3JkIwTcPTajLZg,https://www.youtube.com/watch?v=mRwTyYzNUMI
T0TzJXlnwvwPZ7r0QUo56,https://www.youtube.com/watch?v=mRwgEdg0vRQ
DVnjSHQkWqLIK5pCCmU60,https://www.youtube.com/watch?v=TIAWfjrK97k
j06Yib0SFW0o-TTrM0pfs,https://www.youtube.com/watch?v=w2MFQkQu6hk
ZsfLfe3Vrsr0OKbGIlfRS,https://www.youtube.com/watch?v=s_hk8gp2Dm0
6zNFCX0jxnEwvMmui_NDU,https://www.youtube.com/watch?v=n6Wh0u_xP6M
YHajHHhiAJus1xCmG_cC0,https://www.youtube.com/watch?v=mPK-WCii4UA
lZ29X4OHbIylorlfGFd8w,https://www.youtube.com/watch?v=zU7FOJYiDnA
VdrcQVKkn8-LVtyTtcK67,https://www.youtube.com/watch?v=Mf6nMDiXzu0
aeDxA1SDei57yMbJv5JwV,https://www.youtube.com/watch?v=ffv2eBP9iKA
gV9QrfW2c0NUa4y0bhmJC,https://www.youtube.com/watch?v=FcUfXRu_zoE
bajJlMYOWmkFAKVNsfKfP,https://www.youtube.com/watch?v=QvcNrSB9QOQ
1bJeyrgZNSKtVHWDCPHV6,https://www.youtube.com/watch?v=n3LwMTl_CWY
4OM0Pd3p4dXVlrsLCeQh6,https://www.youtube.com/watch?v=z-KucwCdM4A
G9FTcbEws-7jlXUhXkFqy,https://www.youtube.com/watch?v=FSQPuwvg52Q
D1oloe5FqlisgXyW85AZg,https://www.youtube.com/watch?v=8t5tSvK7Yc4
dP2VJb_EOtE9J5kdrx_yz,https://www.youtube.com/watch?v=WWPqVPLhiDQ
hIkQvwU2hws2-krZ-D893,https://www.youtube.com/watch?v=RKJc2a8goaI
i2i6ZHR0RsqVgEa9A9RkS,https://www.youtube.com/watch?v=rP0TWG04AZc
ki0bobTZ4CvPAC4gyha32,https://www.youtube.com/watch?v=jrQZo6Ug7iY
TQzkHI2JLQCdmbY4kZ5tO,https://www.youtube.com/watch?v=erdmgCe1uZI
IyyqN3o-UxuHXBIACFobn,https://www.youtube.com/watch?v=KrP8MbiyhO8
O00_CriBvwWP7yD2vldBK,https://www.youtube.com/watch?v=1nlj1p0l-QM
kuAotd4IpzTlnOuyhJFzu,https://www.youtube.com/watch?v=rUEGAZPQxqA
84h5IWItlx2o7ac0poY_T,https://www.youtube.com/watch?v=nPH4SilwiT4
3RUa0gUozPuvBuiCUBD2o,https://www.youtube.com/watch?v=1-W58qlbUAU
DfxRAp0E3ci5Y7UT2WZDe,https://www.youtube.com/watch?v=7L0se0Xknas
cphnZNdauXsqyBV1peBoK,https://www.youtube.com/watch?v=xrfDyFAiKMQ
rQqByPR9V3t4rSNs1Jpyn,https://www.youtube.com/watch?v=eHbImo2nx8Y
SVye1WIT0hREtt8C08UL0,https://www.youtube.com/watch?v=JKISVLYxvBY
akjv6rjgobQE6eUdjiSBu,https://www.youtube.com/watch?v=borzyOBS1Qo
7iZGTb9_b1HlsZAs472AX,https://www.youtube.com/watch?v=EMGlRtIaBw0
mXp5Vk2EYwAFdvUFIC56B,https://www.youtube.com/watch?v=bVruCZpaP-E
OswFWaIiDqWqXdMuKrYav,https://www.youtube.com/watch?v=BtrxpaGsGqc
LxDwL4-X6jP-ZkVa9gCRn,https://www.youtube.com/watch?v=bRCVWOl1wYQ
fr730iX7uOdf-6EakniJ5,https://www.youtube.com/watch?v=LNLJ50x6Vso
r1Xk8bQsxguYWoPqOncAX,https://www.youtube.com/watch?v=-Ce8gPrr4qs
96wsAOwdh8vAcaRzgWPRt,https://www.youtube.com/watch?v=J843MGGqSME
MNtzs64qY7suyynx9wyWW,https://www.youtube.com/watch?v=yL85vRULIEw
Bx6fJ1qR4ZUYJHG8ielCI,https://www.youtube.com/watch?v=o7HJ9Bn7xC0
94a682Hthy6IaA6rbXDwJ,https://www.youtube.com/watch?v=-HaLM4FzfEg
Z_T0QQ518ezom4EFWNAdP,https://www.youtube.com/watch?v=mabcM3qKMaE
eNl6QtPmrnjLl1ko9HYL8,https://www.youtube.com/watch?v=L2KdUfDME14
DRuBJd1GyFshlQi2HoEcD,https://www.youtube.com/watch?v=H_AjcQHhZzM
q-oOldpKumZV6B8jXAfLs,https://www.youtube.com/watch?v=Fy5ifhPDjrs
Vjz8TYV2xa-1tnP1V8bZK,https://www.youtube.com/watch?v=m1pDS2A2lDY
ISIp9K7T2VHIdIrv3rpqn,https://www.youtube.com/watch?v=ikBFKSAp2F0
i_9ughhiMZx6xg8CaoTCs,https://www.youtube.com/watch?v=jhvmvIC7Es8
n9I9RHYmdgOYaGJeucYMN,https://www.youtube.com/watch?v=rzDffr6BUpo
IEFrkdRoZjusxgu63xpwT,https://www.youtube.com/watch?v=Y-7uOiqNSz4
SqC4l3DYeZkWfMMJpCYoG,https://www.youtube.com/watch?v=eAAG2tmNbhY
p90GXfIIOUAq5x1WAhCCd,https://www.youtube.com/watch?v=3I5Bqxm0xmU
WA6D83nmEyIiJUj_uGgLp,https://www.youtube.com/watch?v=hUTPU9qAC5c
mPwXyAKtkufrQE-0DNSCC,https://www.youtube.com/watch?v=xC7ADrPPkK0
BhJSYDjLCYgZ6IVY1evyv,https://www.youtube.com/watch?v=PSt1cHhFggM
aPAi1krpSIuI9LDqW2J-1,https://www.youtube.com/watch?v=8R82Lyy4ThI
dG0zdrBjjdCYxUvNTMuNW,https://www.youtube.com/watch?v=k0oaDk_gxr0
1rup8aasVZrWchyKQXHLI,https://www.youtube.com/watch?v=yysJ_inQEc8
6ajo2yvF1vqeH14l-61tk,https://www.youtube.com/watch?v=VHbMgvfZc5U
louNpRe8indX8b14Hhj_N,https://www.youtube.com/watch?v=AFP0eXJd-Aw
ntX-B6Np3NOK474LensTu,https://www.youtube.com/watch?v=FOrfLlNkIC0
Qmd4fRwqT6eGQpVBM0Ch4,https://www.youtube.com/watch?v=BN8rQpSEbuY
HlAztY58nAM9quBxW-TI5,https://www.youtube.com/watch?v=ZYnOi6lue8Y
IVqsbmf18VYaHkdNiDoRv,https://www.youtube.com/watch?v=0YlwrWg5-Qo
bTfBHCDU-r7gQ8PuZsCUw,https://www.youtube.com/watch?v=uQIJEaIaD3w
h6cxoTpf5a3qFOjqABW5T,https://www.youtube.com/watch?v=-aaA2dGK3uM
5GNjRomFVALX82Uba_Rhg,https://www.youtube.com/watch?v=UE8hzKC7bQY
roJJt9FBa2xsCfIZuCJd8,https://www.youtube.com/watch?v=VDzlV8WQGiQ
6Qv8t0OLT5eEXg4-flhtw,https://www.youtube.com/watch?v=2SztC_prUUg
T99lWOthcQjyJcUr65kg2,https://www.youtube.com/watch?v=U3wjtRTmk6o
YdEnsB2O_q7xff24yLNBE,https://www.youtube.com/watch?v=fniDO4pu3Pk
2rfMd3v6s4cT0M_0mOX8M,https://www.youtube.com/watch?v=bHaWaQS3m2c
ZUUi1SweMItk39OEXn6fR,https://www.youtube.com/watch?v=OW2J2oRsXNk
88mOe65Fz6aTRcQBp28GA,https://www.youtube.com/watch?v=9LqKV20ZLaM
2vP_aP2U65kuQdB8okNoF,https://www.youtube.com/watch?v=2i6eBLpL6Gs
ilhdosPYrcmwiVrMEJmHH,https://www.youtube.com/watch?v=wsoTbNQg9fQ
8YUvUa4Yq80UlcXmX455T,https://www.youtube.com/watch?v=ZracVzNxm7c
oO4vICzPnvl3HkH2uaKmX,https://www.youtube.com/watch?v=IOHAy3FlOJ4
yGmRxhQlE5Rs3a7HRbHKQ,https://www.youtube.com/watch?v=cSBl-OOse-E
Ns2i4aLKfIpBIAwIA3IxH,https://www.youtube.com/watch?v=6Lc5eRqxsgQ
kkOkBKzbXKSOHgJHeP6f0,https://www.youtube.com/watch?v=6vIEMMGSbZM
mbMFRbE_LEh2Lt3ScRkxe,https://www.youtube.com/watch?v=MxXmiXuL3sE
Q66JFJgnzZ1FRfHSEJVoT,https://www.youtube.com/watch?v=FNdxjK1Ovlk
067siX-S0KieWQDRDh-5A,https://www.youtube.com/watch?v=JT8EbfacM-0
X1cNo28ZZRfMlZAkwedqu,https://www.youtube.com/watch?v=JvrlII-qh1Q
vrpKCFdgB7uL0IqnbcRqf,https://www.youtube.com/watch?v=PnTgcKttFTE
UUOSvFpKzlkoOK0orp8eK,https://www.youtube.com/watch?v=UeZWK3gT18A
yD5NL4OGaE1c0K__i3EN1,https://www.youtube.com/watch?v=qtsOg0daH-Q
c5BhRU2As0fF2RbWC3lBZ,https://www.youtube.com/watch?v=ySw9EpwLDDA
mfsXC52iQQsqd0nbKPnOx,https://www.youtube.com/watch?v=Qy7B0eDFwXc
cgMveay2CQJZU2QNgwZIh,https://www.youtube.com/watch?v=EHUWjElCrXc
xLitFWA5_9nks6UyspXfS,https://www.youtube.com/watch?v=ikAR2gSgq9A
Peo5DzFEn9RBZaBOAHnip,https://www.youtube.com/watch?v=bl_7FC8myS0
iZkJW_RDD01SzlmvDoSuj,https://www.youtube.com/watch?v=I0iFhgFw0zE
B2GyDNotHMXWz-Ygn9dta,https://www.youtube.com/watch?v=2H4NX5J19qU
K4ILokrJP48vpAlN-HB44,https://www.youtube.com/watch?v=cMy7-24b6jw
p-oemeeI8vWF5X6QxQ_gQ,https://www.youtube.com/watch?v=S4ik92QoY68
EDwCc6nbIreex2m1HA8S-,https://www.youtube.com/watch?v=sl7k0sTLLoQ
nA1pAjJC1Z7tEoFfY0HHa,https://www.youtube.com/watch?v=jRFXkKRLEI4
H7EH8GhwQxBZbXjWWD-gb,https://www.youtube.com/watch?v=8m0rnn9arzI
jp-G-JC9yq6tzdKpIRtdU,https://www.youtube.com/watch?v=v6q3GQQfWSk
8bxptahxHOZDW57l9404V,https://www.youtube.com/watch?v=GAau8CX2BGM
tyevvLf8VfqVTCNBXMTfZ,https://www.youtube.com/watch?v=MsUFbh3_8Tc
Ete8GiyqOcQfUIgXf5pdh,https://www.youtube.com/watch?v=XFtax9iO7-g
tdxcXVK5FU8gOtDlVhVmo,https://www.youtube.com/watch?v=_llNavAMttM
7J_6LAqcvvNOu2fXrcWCn,https://www.youtube.com/watch?v=dnkPQnzi1lQ
-8uUxNcHjiaMrJxS92x78,https://www.youtube.com/watch?v=tWbdb0mxmIk
w_70tI4Re6oI6jNnPXo-2,https://www.youtube.com/watch?v=n_mKTUHd2gA
emUxwyRnTPVg2udmzIAD3,https://www.youtube.com/watch?v=nfb1D2CFyhM
tfo13yZsEj4unqgzzM2ZD,https://www.youtube.com/watch?v=0lYiBFuLj6M
VTyXlxWHg0Tfc-BG9SWoG,https://www.youtube.com/watch?v=TgsBUldXeoA
bhuR8hwoODAfz1oXA0JxS,https://www.youtube.com/watch?v=uadpu5820G0
WkHGqza1TBgAPWjo3gBQq,https://www.youtube.com/watch?v=ta89INH1s1w
2fK_l8KcpUa8P4pHg1vt5,https://www.youtube.com/watch?v=jkGjnpg441g
26ljfPIZK9zG2o_9j4AoV,https://www.youtube.com/watch?v=Isqz0HielGM
vDyutqGesUBRSjRq-4AUU,https://www.youtube.com/watch?v=5dQqh1UcGXM
bYYBkUMeYazsajSBcLIE9,https://www.youtube.com/watch?v=Ck_6ABBFdP8
iAM8XipcZM69W7BotF5os,https://www.youtube.com/watch?v=Muwr4eGOoXE
TR2lGxJh9mPFajFXQjC0H,https://www.youtube.com/watch?v=jOZ23jKQvOc
sggux0u4oX8f_zZwScNxx,https://www.youtube.com/watch?v=yNRHKd4lOEM
w_-lZDGG2-baaKyD6FviR,https://www.youtube.com/watch?v=opWSPZGdWH4
T61T6wpjoqgM5apdkFrt-,https://www.youtube.com/watch?v=BjhlUpQwzWo
4dfamysdMbW2ialJNV4iR,https://www.youtube.com/watch?v=wYM5BkJPkWA
MWtsxDYlSAoTMDKzlIstg,https://www.youtube.com/watch?v=UJTDeNlt58g
ttap2SB3MK1PUVoOt6SZj,https://www.youtube.com/watch?v=dKnp4jDlIuA
_vP4AvvbxJuGxhY6oIO4g,https://www.youtube.com/watch?v=_dVdz5snOOM
4IYTqhBRkT1xmLdeTJW_1,https://www.youtube.com/watch?v=K-2gACI4ADU
3fa3TJPMBOeWz9NDo7-Pk,https://www.youtube.com/watch?v=PvcR1rN6YVI
82dKwBacW05ueaFMzkI_7,https://www.youtube.com/watch?v=hNw5j8z_dVU
V_qjQjWymSYSAcxLOYtm6,https://www.youtube.com/watch?v=Zbsr4E4_JoU
VFQlgATXa56S0nSvIHP0o,https://www.youtube.com/watch?v=8BcaV95wU1k
_56gTrA9mqSo-UDkBMkAN,https://www.youtube.com/watch?v=FzVcIDsuLBU
80ey3j7d6zx2q3_P4nY8-,https://www.youtube.com/watch?v=b4dA3I4-flg
3zcwiF1OQVEcFRwkijAeh,https://www.youtube.com/watch?v=dfnIVTsiVrk
9FOuMdFG9avauoo7I4I6l,https://www.youtube.com/watch?v=jplZ2vxEpNY
KBdWDX2jHxH3B6VqHb7qS,https://www.youtube.com/watch?v=0iIT2-bQ6pc
24uJac3oUgcvAT4TuszEF,https://www.youtube.com/watch?v=EkzQgvPrtgg
m2RRcLJVfB5qbceYiwd1C,https://www.youtube.com/watch?v=lw0vVQoyTg8
3SZfYAFHkrXTNUkKBeD-Y,https://www.youtube.com/watch?v=1XrIBCCDs_U
XNC07evHsVGOWkWP7kH2v,https://www.youtube.com/watch?v=hKA_EGs-T9o
1Fbt9iP53lSsrsGeRLuWl,https://www.youtube.com/watch?v=a_MA9pr0Lr8
TmsRUUNFApA1IBQla9_P5,https://www.youtube.com/watch?v=NaOASkjWJvA
ikKAdMLfvonDCj0lQmzwx,https://www.youtube.com/watch?v=k9whKwJLgRw
YWMq3gHoYahGyn2r59llk,https://www.youtube.com/watch?v=qML0Ljdid5s
CL1rarHOL0_Jn-zVUMwpM,https://www.youtube.com/watch?v=3TEF8EjBF3E
PCKI5Ds5xieJSR5azU52t,https://www.youtube.com/watch?v=18JqJWB8UpA
UPsfVQ4VBB955SI0AiUd0,https://www.youtube.com/watch?v=0cis7ZAaKhM
FMLlm-kq8IaagyZ4wL_Q1,https://www.youtube.com/watch?v=FuWh9DkJAxY
WwAKtmNCw5AOGny0X6qHW,https://www.youtube.com/watch?v=KMJ5emNfOxg
wQ22FrZiST6EIFXgoHFKg,https://www.youtube.com/watch?v=uB9Qf3ie240
9a9-07aFGniTxOh3DAEfp,https://www.youtube.com/watch?v=pHywi_w2Htg
dsL0nCeXKSvrSEQ0i52p4,https://www.youtube.com/watch?v=emnUJq2W5Cs
zxUO0-TV5RH5Jh0ntVRF3,https://www.youtube.com/watch?v=347PBvLOoOA
pRMAwXnhX8q_WC0rARghl,https://www.youtube.com/watch?v=8ooiYSoY_eI
9lTfsSCLq6I-PmijvW40b,https://www.youtube.com/watch?v=A_g0XBonF-g
ho-V0QUX6XStdI621eivR,https://www.youtube.com/watch?v=CI2KytcF4LM
oVIi8K5f9wtnQn25dYGLM,https://www.youtube.com/watch?v=Yxk1zU2QHMg
3HiAek874LmLV-oKaHSrd,https://www.youtube.com/watch?v=hnFYehy6eLQ
a07M0kYzk4xyQ7lCEpbda,https://www.youtube.com/watch?v=vA6MRi_EnoQ
B5IOYPgNLdStZurXvWvDb,https://www.youtube.com/watch?v=wq22T9Gqh5k
de2CgwuybPGx7cWyzfeNA,https://www.youtube.com/watch?v=8vKBNf3qeEc
Fexk6PBbpYvo2sUCL1VjS,https://www.youtube.com/watch?v=9coNxu4nngI
F9LT2F9YJYeV9Ghk6Ii46,https://www.youtube.com/watch?v=Fv4sMh-wlog
U0Lh_jyqV_HP1Ei3ge7e7,https://www.youtube.com/watch?v=HQ8G9Gs8RBI
rpMMX8MeXSehLlOUkNXb1,https://www.youtube.com/watch?v=hGITxWNFrz4
cVcWCxxg4F30wOdckE-2j,https://www.youtube.com/watch?v=ijb-4JjgMxw
RUpuXeNoX_lSUXw1tP47t,https://www.youtube.com/watch?v=k-szYUvt7AA
DL5iH8awGNKlFtNyugBBN,https://www.youtube.com/watch?v=qsiMwmxPd4I
w-RfLqnKAJntf726OywdX,https://www.youtube.com/watch?v=sgH4Cd8mvs4
wloaCxL3id4th7lGcznRI,https://www.youtube.com/watch?v=v7ErJUN1ruY
ioWtxEaoGlWAgeULb5-ju,https://www.youtube.com/watch?v=Gx7SPm-PM7c
NyoopctjzaF6IQCEqOiWA,https://www.youtube.com/watch?v=0LKzKirOv6Q
BGFeVgdBr9X-6A1km2qqP,https://www.youtube.com/watch?v=21IPH9LwlsY
8YWcAT0VL_IY5DQ5jzHa7,https://www.youtube.com/watch?v=2xLM44ixLjU
RBiihC1anpn2wwkBq1yEG,https://www.youtube.com/watch?v=Bjl59CbtYnk
4wPtOWPNRuLHQe-tnb-0T,https://www.youtube.com/watch?v=Bry4-k84zX4
UOW3IUESW4IftN_I0pada,https://www.youtube.com/watch?v=CXUsPcttCxM
LRM5QTK8znRhwYEIo8Q5p,https://www.youtube.com/watch?v=FT3aXJjM2Ew
olML2iqSAd2Wu5NHzLCvd,https://www.youtube.com/watch?v=FhkUsChlI4Q
_BwMMGMhVcDSzwUkPk0R-,https://www.youtube.com/watch?v=GEpGzHqDaBs
XLu3vD784PT12HgNKXIr0,https://www.youtube.com/watch?v=HWMJbHLNeBo
yD3egvb44lUZ0INmWe7Uw,https://www.youtube.com/watch?v=IrHQaHpekM8
g6bvawAk4BXqd34vmVoDD,https://www.youtube.com/watch?v=NHrJOK-wr_E
bYYhzlAcfLEBFVwjMpLfb,https://www.youtube.com/watch?v=SH80w9hIu80
agX34UIp6CtcnplAxRiYa,https://www.youtube.com/watch?v=YsuVwpoPlfU
qqRWl1EGvZLWbp99SzJYP,https://www.youtube.com/watch?v=bwQpyNguDiw
dzFZxj2dUX7D7DcdSF-h9,https://www.youtube.com/watch?v=cM9NZk1X5vk
9DLICrt-lFsuVgGoNvtPU,https://www.youtube.com/watch?v=ch0KWh5ajS0
lkYhZU4SOtMF-AWb1Tevh,https://www.youtube.com/watch?v=ewVr7Qp4etE
CmkPpHi4BQpIXktg4Ko9X,https://www.youtube.com/watch?v=hN5YNBuARNQ
4a0vF1lo8TVDh0dzdNclK,https://www.youtube.com/watch?v=hwfm9Z9r-OM
ff0pCK3i7IWvN387wTGou,https://www.youtube.com/watch?v=lCmvg0-HzPg
mOpgoz0Mi_iHO4o6U1Z_A,https://www.youtube.com/watch?v=mUAw0KoQ-ZA
G4Op4Arvh8V90sC4T1sKx,https://www.youtube.com/watch?v=t-t2Rvm-ZTI
gKrOjWHb5ZQVZiqQWzhKg,https://www.youtube.com/watch?v=wIkSrBQvdck
3EIP_3hmZM3GD4GD9649L,https://www.youtube.com/watch?v=wrTUJuEOMzU
TCqRSrcwKlY6fZWFYeibK,https://www.youtube.com/watch?v=xxFwEkOm-Q0
9_B3b86y5hgqSk5z4NbDN,https://www.youtube.com/watch?v=yJ3Pleov5lc
NnCMP1tIc00iUmmuSS7Tw,https://www.youtube.com/watch?v=z7g_AiS-pls
ZNXSdxcIjpGiZK01StuMm,https://www.youtube.com/watch?v=L0-W9Fa4wug
xCZzaYwfyquHIUZwQIrVf,https://www.youtube.com/watch?v=RFt7xoXfRHs
isAhMhcJ-Rg3YhVXdZUbR,https://www.youtube.com/watch?v=A-H9V3RcuhQ
qm4XsuDizP4ZZG7wuiBnS,https://www.youtube.com/watch?v=V1yfzITzWMM
HXBWJ86_oc8BB2d40pgoJ,https://www.youtube.com/watch?v=Z64rOat_wUo
DAvOTmv68xuliG4yOYh1C,https://www.youtube.com/watch?v=kV3eHJj_MBI
-DMh2vBpYYkQYinGMoJdF,https://www.youtube.com/watch?v=1MQT2QPZWAU
pFikjnxQPiX-YOwQVFo-7,https://www.youtube.com/watch?v=7dcs7qflpG4
shwKZIMMVtABcWK3DCqEK,https://www.youtube.com/watch?v=JkvNYRJytr4
NFwsu7R25MIhAe0XWbS6r,https://www.youtube.com/watch?v=KlgKTLugj8c
rLNuK7TqMjoMI2BR8YN1P,https://www.youtube.com/watch?v=VBbg083AIrM
4uLVPcQTztWpD4UVLNX_H,https://www.youtube.com/watch?v=hj-Jjvqw1_o
t_o0Uiptc574cwuxr8vnS,https://www.youtube.com/watch?v=jW1gHCKiBvQ
3U-G-x2b8JYvSnQzzhqXj,https://www.youtube.com/watch?v=oqnAwGw7XRs
PzG_gyj7W_69QWewZA2Oe,https://www.youtube.com/watch?v=z-q-u4mlrWE
J297HsqMe2XjWHWyjrb62,https://www.youtube.com/watch?v=C7DQQEVKYc0
ZgP_zv_3gGs7IZljkQ7fj,https://www.youtube.com/watch?v=GoiLaXc-EVg
fXkmQo899D7j0TxFvT_JG,https://www.youtube.com/watch?v=KPRH_1RVR98
9Bl0feJICegbJ3gP312TD,https://www.youtube.com/watch?v=WNv72BDdO4s
qX5_XVqsL_6I3q_DNCa2I,https://www.youtube.com/watch?v=Z-4q_cKlPCk
rFCUWBFhLdjw25b5g84Dk,https://www.youtube.com/watch?v=cdnDnsrNRfw
XKRfVrbMIeVU5ePEyVIMl,https://www.youtube.com/watch?v=h6cWTGJWTi8
QQsNNnVcLznJD4O8LkDCA,https://www.youtube.com/watch?v=oc23bj8HcjY
ZxjRPcHrc5-s1TXlpAGn8,https://www.youtube.com/watch?v=s6PSCcFQAmA
5v2sDltDSUXovqFuTTG7T,https://www.youtube.com/watch?v=uDD_VsQ4Uyw
RBYleGL5vQ19pVOaFUEME,https://www.youtube.com/watch?v=vw-y8Pz9GmM
LzB9FdeXYaUpJFeMSB57R,https://www.youtube.com/watch?v=1emChnFuG0I
VL0FBlJ26PsgqbWlTi2Rn,https://www.youtube.com/watch?v=C_cNO1bxxL0
FgVE1xy-S2znNwallWO-2,https://www.youtube.com/watch?v=p_43vyvtmLQ
kOo5cpE8O6rDGJXlQ4k0X,https://www.youtube.com/watch?v=cfKiuu2LfXs
0-qYuYg01AjJrWAdzH0Zn,https://www.youtube.com/watch?v=gSg5azKcTEU
04qHrnXLb8LFz9e76LHMW,https://www.youtube.com/watch?v=qkiQMz5qGGI
IA5SKTDOzkP1iLGM_ygLz,https://www.youtube.com/watch?v=EbUqL5DZdj8
bgzwr1I5C5cHVi16HFaSD,https://www.youtube.com/watch?v=QK_-Sa8AfIQ
nMtR9DrId6K_oS4nekS1M,https://www.youtube.com/watch?v=FqgagEfes68
Cs7J8kiJ_7IU3VvPlyBJ9,https://www.youtube.com/watch?v=Gf6UpE9JIVo
OTOmOZHgXUzE-tbuy71HX,https://www.youtube.com/watch?v=LXApV-CqdPk
R3oYnmRi4CbWXIuhgP_Db,https://www.youtube.com/watch?v=kWpWGP0IGO4
p6X3uc2xPr735elulhUSQ,https://www.youtube.com/watch?v=zqaeVz6DZtg
pkMzSk7a-e_XmXn9hyNNe,https://www.youtube.com/watch?v=iWdTDy9u3KQ
d45jYvaR-C8ib4BkbRENi,https://www.youtube.com/watch?v=wtPdAqbQftA
ixLtxKxhcmuj88bFcwRXd,https://www.youtube.com/watch?v=JqnkER8pwTQ
Ciw4vhVAlcqPKqDfKqOHy,https://www.youtube.com/watch?v=PXJ8mLZSu0A
P_eMTLMxtReBoBIGEEyYf,https://www.youtube.com/watch?v=gWiHYPqtUSU
me7cOBwd8gNwEc6OQN1Fr,https://www.youtube.com/watch?v=a5jwkRmsoAw
aZpmercU0CvV8pSdynNAO,https://www.youtube.com/watch?v=WfK44J5VEcA
lcfnhDX8myBCtrJt59wOG,https://www.youtube.com/watch?v=5FgLoBDgtaQ
eM2P-1Zadh6hg-mMof5p8,https://www.youtube.com/watch?v=R3OkPHBUg58
yIXwa4vRFgya9obg1Lk1U,https://www.youtube.com/watch?v=pq_6QIXA2us
UYaCpEtol8gfR2CIcTlfr,https://www.youtube.com/watch?v=pvKKiP28BRY
1i3ILSxXrgTfJ8cLS5t8T,https://www.youtube.com/watch?v=arWfh4ZLiFg
45CQzQtEnCT9W-XpjciG-,https://www.youtube.com/watch?v=Y-iztzoZDWI
YSDs2hrPxt3mte7MjJiZm,https://www.youtube.com/watch?v=d37Jprm7utM
MFGwj1AIQF7vhG9JyyiC6,https://www.youtube.com/watch?v=dn8I15bYgpE
QoJ3LzNDjxiBtYMvk4zTa,https://www.youtube.com/watch?v=VyPtoNzeGYg
E70hObH2jYWViYNBnjG7V,https://www.youtube.com/watch?v=n6UHKWfAuqA
Ezs4sPnzQP9C9aFWVUYCy,https://www.youtube.com/watch?v=z-dKJ5ZkTpY
bbmjey9nUWi3MuIAQ0W1F,https://www.youtube.com/watch?v=CoCnUAM6F8s
1s4H1DVkt5ajWy4wDtWr_,https://www.youtube.com/watch?v=qtPYVlv9hvI
U0frc72qpOYQr-EGD68U-,https://www.youtube.com/watch?v=JRHA1My47t8
dsaeKtJWUkVQl7HuAcSj6,https://www.youtube.com/watch?v=VqmWTt5XgIU
5A3kCvb4vzYF_dnRAVc4m,https://www.youtube.com/watch?v=1VB8zqp4iD0
IxAPkK9EyO3ezL1qvRu4c,https://www.youtube.com/watch?v=IvTJEQzwbUU
dOy2EOJYDemio7shdla4H,https://www.youtube.com/watch?v=c-6eUXl4Pcw
l0Oqb-cw_UgfzVYkIXyA1,https://www.youtube.com/watch?v=7DZJ0cVUAdY
dAaFG3qtkTPoE59hFB02W,https://www.youtube.com/watch?v=0k1hyWjTKEE
7szerd4NUSkOomn4igOww,https://www.youtube.com/watch?v=bST-DOdAIXg
B7C2otpiodSzkOrMYgKQ6,https://www.youtube.com/watch?v=706JkbRBmKs
Doll8oga-YPRCBDt71-Wb,https://www.youtube.com/watch?v=aKkGzut0Mkc
b4T7U13w8mZoriz0zstgi,https://www.youtube.com/watch?v=rJSd169WpoE
xxSUCQx-tyBM6t0LdiNUi,https://www.youtube.com/watch?v=h86oZfxE-s8
W1b8aVuEmcZH0du5dY3xE,https://www.youtube.com/watch?v=O8IPWU6pDCw
Uy4zQ6MQewK7PgKPO8oH6,https://www.youtube.com/watch?v=uzjDwIB5VQc
fVJxTUb94MrDB1rB8VPb5,https://www.youtube.com/watch?v=D09ou-Wja2Q
H-_0Yx9jmyWm-53Z2IiWc,https://www.youtube.com/watch?v=POpN6_xx2Vo
5dtEV6Wqf798dm9fcA4zu,https://www.youtube.com/watch?v=PcHb32Ok0Tw
6CjQRmBPP8SgXmUHlKZBU,https://www.youtube.com/watch?v=X4wK_v-UTO0
g6plw3-l3m6s9LBs6OnKd,https://www.youtube.com/watch?v=an4TzGewf5Y
e4rtuGhuqzDHEz47NSXzQ,https://www.youtube.com/watch?v=kRd8Qt3UEPk
KFtTzrGE0wSvzXVAfP1fA,https://www.youtube.com/watch?v=y3oOc_LhNis
DoKlZoEs-S9Hqw7ptcb1d,https://www.youtube.com/watch?v=adBIUBoEOMw
Cm8RLXnRyRNzeJ5qbxCtF,https://www.youtube.com/watch?v=QyHjy2FV00U
7p5pOWQ_SuCBQ87HaP9B8,https://www.youtube.com/watch?v=7DIFD8C6JBI
9KOIkk_dMG59TetCn-1XY,https://www.youtube.com/watch?v=fS_IuckrH6I
_d81jGc1lkDKhQa0n-nyL,https://www.youtube.com/watch?v=K4UnfujE8Do
ubLJa-cuzPhtVXLLD0R4K,https://www.youtube.com/watch?v=2ca3oywJmSk
UuIilrlLqm9PEFfZoQIfp,https://www.youtube.com/watch?v=g3dy3qAbLsI
STQxkyKyFzUq_Ix_lDjUd,https://www.youtube.com/watch?v=MEoZ1HM3IZE
fl3mLifA8ZUFE8yUoFBp1,https://www.youtube.com/watch?v=-a0KQs3xNNs
ye9LnWdCLejJ0okz1oSwi,https://www.youtube.com/watch?v=1-hBolx-L1I
eF7D4XbURWzHpXhdGzqHE,https://www.youtube.com/watch?v=x4DRjcV50pM
0OKCSR9QfRHho67iEJwtp,https://www.youtube.com/watch?v=ITFLJEJ_pds
VTn0Zu5PyKUIOW00u6ECH,https://www.youtube.com/watch?v=e1klAaS6X24
S21aMjZzpoItxqTZBcgTt,https://www.youtube.com/watch?v=o2_ulHBv-lA
2_JAChbKkims908VJr_uV,https://www.youtube.com/watch?v=EKRWhsa3Olo
vfXCJtrlfPxasL6ViHOU2,https://www.youtube.com/watch?v=eEkzJgCDYnk
LwCn2QKK7px7sVRIFNnHD,https://www.youtube.com/watch?v=ZKOxNtMKmN8
7SFl7A75UX2LX7PCrxwcr,https://www.youtube.com/watch?v=agDmtYP7KgE
TGl1bDUUv7yx2ekCCEjRo,https://www.youtube.com/watch?v=HF3NoQ9kgA8
doDD8lFh6lnMnLFPFGiGd,https://www.youtube.com/watch?v=eqyDzKQGypw
bjLTk0a0lh49i2YY0KjtC,https://www.youtube.com/watch?v=ktQ3UbTzh4Y
5pJmXLELv9UIP6DkGIvom,https://www.youtube.com/watch?v=Y7ossex1xM8
WjV8A6YVk3bVU8pKVcWKe,https://www.youtube.com/watch?v=Gef4_1-u1Y0
CI06R0PjPDomTDrSnOL1h,https://www.youtube.com/watch?v=2ZdOhk61JAk
BRwOUg86eBDgU1PUibjOT,https://www.youtube.com/watch?v=dRvg2ycgnZU
3P9ocRKZKKqeBsuvJariY,https://www.youtube.com/watch?v=86UZxhDwTJQ
NcH2uAEGekwxJccEJBXT3,https://www.youtube.com/watch?v=CB7MyolDrUU
ewQP-3M41e46Ew92eTAT_,https://www.youtube.com/watch?v=I_FCygN2dkA
q4QzvLWNfXVEcFk7KaqmA,https://www.youtube.com/watch?v=lGYT6xXkWpM
pA62ptekOhOaC64F8lNtQ,https://www.youtube.com/watch?v=wth21qjs9ac
xyhzFsgOsJTdmeNlXOg8f,https://www.youtube.com/watch?v=PGsdFRERUuY
T9z9NtKs4h4mJZBIADexr,https://www.youtube.com/watch?v=UXugYqEe2FA
GvKAVp0GSjBFThCOkAQor,https://www.youtube.com/watch?v=V7le9x3a8Vk
tui0EKHuLtxGp1haJ5QhY,https://www.youtube.com/watch?v=RW0bImFERn4
w09edbkffA68ZtF7JOZCZ,https://www.youtube.com/watch?v=MytL-Nl8sRM
_SDVWNiH_6v4LDfZFplYE,https://www.youtube.com/watch?v=yCPqELFiFHw
Ig4sXfbP6mZb3jClwodpp,https://www.youtube.com/watch?v=pmmzz6eOjBo
2TnmlxU6EJCqkzJG8K3Gs,https://www.youtube.com/watch?v=rUGz9eGLmXY
l8Et9UNWOYxmMoJ-_M7N3,https://www.youtube.com/watch?v=IChDxuTFf-A
leUGBYZQ1_3i26B5aJMcZ,https://www.youtube.com/watch?v=vCS_9eVH4PA
51zq1M-Xbp5DO8TYn-A9g,https://www.youtube.com/watch?v=qojSQsMZUoQ
pgNuvYz-EY-k2T9iJm2zw,https://www.youtube.com/watch?v=HpX9O847KCI
6uJFam1CyXGC8M7EeZRKP,https://www.youtube.com/watch?v=OQiv_ykGGRo
VO1EUTHGzs0KA5cMGKXPS,https://www.youtube.com/watch?v=8hJHLTz117o
-eKrqZbjoo21D6LN4LPzm,https://www.youtube.com/watch?v=ICNIv5Xw7nc
jltfHaH_KQY9Bwopu8S2b,https://www.youtube.com/watch?v=8i5GUXdwlw8
jXdwMo8ukpjEFZg5WhNE-,https://www.youtube.com/watch?v=jka-jngoDXI
9HYlGa5lGH9rRc-sMMAgS,https://www.youtube.com/watch?v=21Xnl1FoWu0
UEmLFxaC4WVh2F2psCDWT,https://www.youtube.com/watch?v=FbDZQWR1F8M
C0WIiZCe7M3AOM56VeA2h,https://www.youtube.com/watch?v=K8tQ7ZjCMzY
qayHRZOWndnsOOt8JUJlK,https://www.youtube.com/watch?v=rALY7PZTFM4
nvDDvipCQ2PobPmsIbuSW,https://www.youtube.com/watch?v=05g49NxLfN8
xs9zNM2Lo-tzsIwdDonQO,https://www.youtube.com/watch?v=KYX_2ALYGlg
Qc9XaPBQK7MZtEf7KkOMj,https://www.youtube.com/watch?v=zD_oto-BeFA
lW4LMVyo9hdENNka8rzup,https://www.youtube.com/watch?v=p2Z_Oye0MK8
tPX9-C8zsuNE96fqGPBp0,https://www.youtube.com/watch?v=9sBgjJTT6VA
1Lr3DWc9rfOTC0JAZiXTP,https://www.youtube.com/watch?v=1VCDOnF6iCw
itT0NRAImDibAt7pKozlk,https://www.youtube.com/watch?v=r7kYe8H90qM
kvjpcIttiOfbNBugvIza8,https://www.youtube.com/watch?v=sauI7ERpQZ4
8IB8GOSwunxiNyxyl4NdN,https://www.youtube.com/watch?v=xYKoAIpCv34
03b1KpB1lrvXyLWNDI45x,https://www.youtube.com/watch?v=UVcCFqFHQjw
CiBtbTfMkTvAqwWc0JDxr,https://www.youtube.com/watch?v=-UgHSuv7li8
_ZFjYHXOTXBTN5c4zOVi1,https://www.youtube.com/watch?v=YDHYArzReBc
MXBRjFmTzLx31kGgl1yL5,https://www.youtube.com/watch?v=nYaVMr5daQQ
cAY7qZe4lVjgcJGu69aRG,https://www.youtube.com/watch?v=lpiCCD2ahD8
ltkNQeTMMzWZAxk-KCs4J,https://www.youtube.com/watch?v=rOHWMtbQy5o
uxZSfrIGgufKZVPt8w8XO,https://www.youtube.com/watch?v=HFRLPZH9w2s
UAKMhHfI8r_E9raMgHv0I,https://www.youtube.com/watch?v=Fb5iKbTNYJA
2l17CymwONA3oVjUwHUGO,https://www.youtube.com/watch?v=nyRELvFIvIQ
Fln7MqAGmLDuVm8A6WCjx,https://www.youtube.com/watch?v=e7aQGSHMAXk
8EfnZbtIel7bdDGFLjQLv,https://www.youtube.com/watch?v=4E7fL7_QgcQ
Jj8YzY-m4SqEW13nXwHMA,https://www.youtube.com/watch?v=2zx5BVhsDyE
0BkPlCkzTACk6nOjLu_b9,https://www.youtube.com/watch?v=WPmsvUc4nlI
yt9uoTimkV3KISBQKyM_j,https://www.youtube.com/watch?v=ji03TS95nis
aGw98tDJ0AVACI1x_3q9A,https://www.youtube.com/watch?v=ZFdCz4iaomI
QKXtdjZVkjR0QwWT9Facf,https://www.youtube.com/watch?v=BOSJ_IkCqg0
vZ_ovGum11LzJpTyATYkg,https://www.youtube.com/watch?v=51VwKjVHRKc
wfeh70mSl_0LYr5GrV3Tn,https://www.youtube.com/watch?v=0hQtZaSabVk
tKTiNMhG8U3unWq5udnJI,https://www.youtube.com/watch?v=2wCqBHHaQv0
UcLPIN9nXRy65KcBieTrx,https://www.youtube.com/watch?v=rwQ7YkAi-YQ
oF5PGsI0DQhYJGZxsuRU3,https://www.youtube.com/watch?v=Re3VRg1i_DA
Neaf3n1o0WODB_NcpIc3L,https://www.youtube.com/watch?v=GnEPFKZp2Jk
xpf7Ewi4-85WfA7FJWdj_,https://www.youtube.com/watch?v=aLlYepmg26w
znc6pljHrqLGF0ElTaUwk,https://www.youtube.com/watch?v=hVCeCfdpNDI
lvzcuzKcUoNHvHP8GhhhA,https://www.youtube.com/watch?v=X0aDTR1TCNM
EyuEYsO3NeNcEmFmON1Dl,https://www.youtube.com/watch?v=3lqEIhRSK0Y
saDI2Sud3uUghsKT0hm48,https://www.youtube.com/watch?v=eO-9v27qbtU
ZzpI01XP2fJ1n9cl3xGfe,https://www.youtube.com/watch?v=IelZJ9bNCWM
iLahHX_Y3UPMBajKrigmL,https://www.youtube.com/watch?v=H8aBMqfEiQw
FgNdOJfSu1rZD32VjSwDX,https://www.youtube.com/watch?v=-qHO706RMMg
mKdg67brfUdHnXyJz-nHM,https://www.youtube.com/watch?v=htnwnJMiqPE
7lszglJJmPx1LhwjX3iG1,https://www.youtube.com/watch?v=v5KCN989m-Y
GRzK8LcSe54nZUO72rsIG,https://www.youtube.com/watch?v=AY43e87QK7g
qOf2DiN4ntJtaPnTuEQzu,https://www.youtube.com/watch?v=xVPgTDfK2ls
2BWxoW3GS7A61j8iDtqmV,https://www.youtube.com/watch?v=GnlU8xbFPf8
mgK1P7AkttYnITBLt7sSf,https://www.youtube.com/watch?v=1Z1P4LDO8E4
xaQnJiJEdyNqmdBbtkX-k,https://www.youtube.com/watch?v=AEObhmdy9T4
jif5KC64LVNqJKFRkohM8,https://www.youtube.com/watch?v=s6ZeEPfE3fM
FiQ-8P9K5TJyJ3lZpuUU8,https://www.youtube.com/watch?v=V9pckO8tmSA
FISZ54_VWMpMdte9T_2mC,https://www.youtube.com/watch?v=Dwkp0NCzLos
36rO2T7JqdID9OMii_tKj,https://www.youtube.com/watch?v=BcBn0ILa5TE
VX-htDlN7W_wzK2pVJxO_,https://www.youtube.com/watch?v=jbimzYQK0A4
QEzJ2A32jl3aLPWz4qgAO,https://www.youtube.com/watch?v=rJhmQzv2HjE
zz8BrFDRNpwEGcJnHLN64,https://www.youtube.com/watch?v=J2XPiSCAHiU
lhPTXietLMEGVvz_p7cA5,https://www.youtube.com/watch?v=uv-FS3izQqY
xR0AwPFXfOcat4HAvrfpi,https://www.youtube.com/watch?v=iiCPxVuiPdk
aNa9CqMviYDC1jSvapuM8,https://www.youtube.com/watch?v=25srhdEC9S0
0nrdi1L4EpNPTUG2ui18J,https://www.youtube.com/watch?v=MKaMk-rQHPA
bv2cwavLa9jo_suPyyqje,https://www.youtube.com/watch?v=VZ-I8Efu1Zw
XEx87Ll4DxjGZ0hO_y8jO,https://www.youtube.com/watch?v=fhJmT-6lLog
07Fv0mjW5rNgykFg03qb3,https://www.youtube.com/watch?v=V3eL0ZSLDKM
KxUg_6fWiacVFHOdoz2r_,https://www.youtube.com/watch?v=ibpt_hNl5Y0
gIZsQBCWJVTxruJoF7rJX,https://www.youtube.com/watch?v=PTcSMiZTypM
jMXJ04RylYwZDhjLsRvfd,https://www.youtube.com/watch?v=mfcfX6F0zB8
WAe7hq-K4u6lq5Pmn7sJ2,https://www.youtube.com/watch?v=peX6bCGkK0w
lkpLj-0gpAhv35RNRa8eW,https://www.youtube.com/watch?v=xhGbO9f6dr4
PQ5mU7Yvj-gDfDBr28WJY,https://www.youtube.com/watch?v=NWsRNYWXNMw
bI4fS3oiiLEbvI4iNG0Pq,https://www.youtube.com/watch?v=cSOUrneD45U
88BBc1F4XLYqfsUS6fdMG,https://www.youtube.com/watch?v=3XncYlhujmE
UOjIFbifbuY02NHeIDA5-,https://www.youtube.com/watch?v=Syoi64t5KKo
b4s6E-M8z53NVgMHeHnZ-,https://www.youtube.com/watch?v=58ympuzVqFQ
xko7gxBl9V5e-7cngm88_,https://www.youtube.com/watch?v=4yyxmjDrP9U
aXgQVIlOvr0XjFbGICQQT,https://www.youtube.com/watch?v=R6N8RAoD6Z0
4dkIgCZelwkVqeYivFdgn,https://www.youtube.com/watch?v=C3Mgavr-haA
AHTW_bHCek-4jVehH9QY2,https://www.youtube.com/watch?v=MeaOw9rYcAs
4uRAzISVvRjRchO3lsh1c,https://www.youtube.com/watch?v=htgAFsC1P18
nFcYtiDqPKZAyfjIM6Lmo,https://www.youtube.com/watch?v=Rd2niVkW0Dw
UQG2QsbGTQiVcXL__1SNm,https://www.youtube.com/watch?v=Ue0166-FTqE
nwb5UxxKKvfxH7RlDYjIQ,https://www.youtube.com/watch?v=721AqsemRfg
V1ndBDuRuWPSKDroKjOPj,https://www.youtube.com/watch?v=_Mgi5QEgTGQ
8yE6hR2EgvmfU96_aUpcA,https://www.youtube.com/watch?v=XQO5cpCmyck
jnzfI1E6whFssUI6sLjWG,https://www.youtube.com/watch?v=vznac1Ir3Y0
39HOfXyeW-CVNSG6L3r4c,https://www.youtube.com/watch?v=CsV6xm8fB8Q
wy5pTPzlBRuHvg26N8eux,https://www.youtube.com/watch?v=WHOGiCREKo8
R-uE44oam75GZlILONPTf,https://www.youtube.com/watch?v=kOAt5loNByI
hTfU207SW6YTFMxEMOmZC,https://www.youtube.com/watch?v=WxRQRj2JSCg
1SexXbjlfKIoqbM79WjCo,https://www.youtube.com/watch?v=dCzupE36DfI
pEY8b2bAMOsLjwM7nXRAm,https://www.youtube.com/watch?v=qKZoK4fSpz8
g_VlpIE_97ttAfDm8F-yG,https://www.youtube.com/watch?v=9HGEKf4G4HQ
TLZ4XlfkiJrLYn_pt9-8T,https://www.youtube.com/watch?v=5BSBT_5PGUI
-kUDLiPZbxQDtMS2ZJtwU,https://www.youtube.com/watch?v=nQFoc3KTN2w
IuI_FEX7rcEpk7BPbxX06,https://www.youtube.com/watch?v=WaSnhZ4E2WA
01bJ0UJeoAM5jqVqyfiLp,https://www.youtube.com/watch?v=zFRfTTAu1Ro
98_d5HT2tT1WYlHL_AuQo,https://www.youtube.com/watch?v=EVDYVLaPIik
th27jJbPAPsiIDaaqfVCr,https://www.youtube.com/watch?v=7S7NuY6D3N8
evni4gH05vhZssp3WuWKd,https://www.youtube.com/watch?v=GZG54jD6Je8
h3IskyWbQclFJIphbh9pz,https://www.youtube.com/watch?v=NanBHQqiwnE
cEHyihJawTFkgtoYw48l-,https://www.youtube.com/watch?v=0BYVO7e38To
AeBHY9lWM3CDA_RYwyrom,https://www.youtube.com/watch?v=4AY6WQzBwnw
f6bQ8R12C_KFR9UwZZDsT,https://www.youtube.com/watch?v=7dyZphijah4
2qv05gZ2Js38C3yu2tJ8q,https://www.youtube.com/watch?v=sY7KPOrj8C8
hLpJ7QqqoXvLEu4KE7daM,https://www.youtube.com/watch?v=cUDvUNwRx0Y
OgsIIncmmbdaf3w9tHQW8,https://www.youtube.com/watch?v=Qz5dKCr9JNU
d07xTx8BKLdsnCxpXys_e,https://www.youtube.com/watch?v=5gUmQ45P5SU
z3zZDqrsnpwORHOpF6wJV,https://www.youtube.com/watch?v=asEEL4uHdnE
KUCGOEKZ3K9cWlXNJTw3P,https://www.youtube.com/watch?v=E7kslBJAQEE
DMExmvE2UhZQaDfjnu59R,https://www.youtube.com/watch?v=PPTRjdY8HNE
4JNHwM1aZaqf9cA-eKcEX,https://www.youtube.com/watch?v=RnsSlIWwdbs
nFTIC5aAlXPWvX9OFf5GE,https://www.youtube.com/watch?v=Oj_jVekof3E
a6NCpFp4u79xyN-Wr7F-9,https://www.youtube.com/watch?v=N_EHXT2SzHE
49Xx5D531BV3Iiv-7d92I,https://www.youtube.com/watch?v=IJ1DLSYbSOM
6FEL5HHpF1hpzUarmE-Wg,https://www.youtube.com/watch?v=zYyrvf8mhYE
DYSb1QdBKEyVimLJCk9Lk,https://www.youtube.com/watch?v=TAJzuDFt-QE
rmksJbb6NvOLPzh5afrrl,https://www.youtube.com/watch?v=3H4q9WJGqrs
lBePh2I7o7AtB3DOHJ4tO,https://www.youtube.com/watch?v=mf4T7k7e3y8
JnvA_SntqADcQz2eqsJ5D,https://www.youtube.com/watch?v=ec1iWVDUbuY
0_Xnbh5u89DhoRLl6hfvE,https://www.youtube.com/watch?v=tFarniWpp-Q
6NswJXLE46rNll9tKMnu-,https://www.youtube.com/watch?v=Tk6JO3-Hcpk
R1S1BVcoBVhXvzvrvp3FA,https://www.youtube.com/watch?v=HAnv9xI2mSs
RUCSZvUM83FF38Zwqsfdd,https://www.youtube.com/watch?v=Ksq5TV7uv0I
TLgktk0ifeJa98YmAxNmC,https://www.youtube.com/watch?v=QQ9Xhkf49i8
ETgqr2T4-x4yV7WJB6q2n,https://www.youtube.com/watch?v=6Iff3itbOPA
DEmlFk_6P7gZqLToZZamK,https://www.youtube.com/watch?v=iHyfUaKQE0w
Z5gOvWkDBAq7vc-tMkw0u,https://www.youtube.com/watch?v=ql9ZnFileTM
2AZC8gB1QkTrrtLOpl3Cn,https://www.youtube.com/watch?v=WmDxUGtpG0o
eIcTx9iLdLP7kPbCZZwQ_,https://www.youtube.com/watch?v=dJTPid61DDM
HSICLJZWHk7s-zl-dtKNY,https://www.youtube.com/watch?v=wGQrzl899dI
t9p7DQkAAIe7kSRCAv3DT,https://www.youtube.com/watch?v=aGNDGLkdUNc
QZYgO2tQ_UE_ghQEajjPz,https://www.youtube.com/watch?v=9c3jwr0triY
tTtTuNS4aVSjDvE3GV9F6,https://www.youtube.com/watch?v=pJVYV5eNcsw
zbHZAlUUIozsGOH1a90Dj,https://www.youtube.com/watch?v=hvHGtHUZJCc
asqpXBsO8S4ywLOAN_fJW,https://www.youtube.com/watch?v=mIE8inUC3Zo
Uoq1Rrc5oo-e4iDCE7r1p,https://www.youtube.com/watch?v=OOlUzCaT_iY
rTMbnLQsiYwGqfEB6e7yM,https://www.youtube.com/watch?v=7YMY6e5vghA
IKjhqJJDGzwGs0wExg3Gd,https://www.youtube.com/watch?v=lLRQzf6PE6s
zx_y_DE_SFn3jpA3Z2QsI,https://www.youtube.com/watch?v=7wWEZr4B7rs
gslqtSv97AK7mZPGrYlOt,https://www.youtube.com/watch?v=9WOQyDmSr4Q
V36SgmwcFY76M8-9N0Hpc,https://www.youtube.com/watch?v=UBWxBRaffT8
OonNT-8eJU8uQ1XRSBYlB,https://www.youtube.com/watch?v=ZfvmWA33CeY
yPCrlh9hsB982ebCRlG-d,https://www.youtube.com/watch?v=-FmrQXm5mBs
AzHVDY1he_YjJ3mr5iF77,https://www.youtube.com/watch?v=6Y7SzNrm7zo
HEcJtaIqNWiQw4xazWr9V,https://www.youtube.com/watch?v=ao8Dv-_fFSM
FvBYCHKZlji306xd-qhZO,https://www.youtube.com/watch?v=Sx1AbzeMAhc
Zo-sE5Fobnr-v-2UCWJQw,https://www.youtube.com/watch?v=tu3kpHNogjo
Vt6nHt_etMKBO2XCIUel6,https://www.youtube.com/watch?v=7gEUdNrTSCw
_2y126ImiwKrPYVX3h5AB,https://www.youtube.com/watch?v=stKTPwb_UKk
T0pxN2Nd-3PQDL1unxA8p,https://www.youtube.com/watch?v=w_WDMIAByuU
mglO3xgAO_ynDpNWNshgm,https://www.youtube.com/watch?v=bZP5BVE-GE4
Wdh6JpDZh7fbqpWw67HMC,https://www.youtube.com/watch?v=_7Ybmo2gqoE
PYbKjHvQsiuv3gcs-6-X8,https://www.youtube.com/watch?v=fHYhNyFIzRM
9WSjT2rOxyop1FHM8ljBe,https://www.youtube.com/watch?v=Q_qvZzJfnwA
i4Z4sAt67KYxALGVeaN0C,https://www.youtube.com/watch?v=_8HrVjmtAVM
O1ktRfYphBXUxoaQBxDrh,https://www.youtube.com/watch?v=BKXm7_sQ1x8
4Yak_XwGuSBL5Kr5if_TU,https://www.youtube.com/watch?v=FZ0faObyHkU
E04exv2jtzTL4LAxBsagm,https://www.youtube.com/watch?v=r2uqwCNzXiA
FlBgSV6N3g8wc6VuQ4udF,https://www.youtube.com/watch?v=t8t4z8cERU4
NhhJn8n9bpfdHUDyEymOD,https://www.youtube.com/watch?v=G1I8w72m_ro
ZLPmxc11Qs7oZLxmkGOut,https://www.youtube.com/watch?v=DID8SL6cJM8
8OSxthP_Dg5VDwgZSMf3V,https://www.youtube.com/watch?v=IORw1j8fjDI
wVa0qwZyq2I7BhqMsAIdf,https://www.youtube.com/watch?v=UIimZ85mU6M
UT14M8HlExIqLiNbA7Ydq,https://www.youtube.com/watch?v=zmRkA6vliWs
RwgRXA4Ty35bWcGKhs0lv,https://www.youtube.com/watch?v=dwQ4Fw5jKdY
0SGLcUd-8Qh7NbwJWttcp,https://www.youtube.com/watch?v=v_NxFnfIAOE
AVZLugNqZ279ACUP1nzeJ,https://www.youtube.com/watch?v=tkZNWTzFZ4Y
0IhEK1kLvzhdZabi9jT18,https://www.youtube.com/watch?v=At5wccl-5GI
nfRrhMtSxRqqY4r1cv5TB,https://www.youtube.com/watch?v=49zGPcgRhy8
0hkesvP9WlYiJcnfvM6bF,https://www.youtube.com/watch?v=VC8uVX3funY
MraqP996KJGxDxfkdIjNF,https://www.youtube.com/watch?v=iMniNJoTI3Y
W1d0dwY1K3ttWyaLgDcwZ,https://www.youtube.com/watch?v=6wlvQoDW0PM
UWtPKouEc8Yyiel0jwXji,https://www.youtube.com/watch?v=xQPw35HjJDw
HQNbDd-DN1RGxMlLp6874,https://www.youtube.com/watch?v=2g8BOauQIvk
-AXxCjT946erjBgrtKDnX,https://www.youtube.com/watch?v=FO7C2db6nmw
i546ev7vwlprYuDXuAL58,https://www.youtube.com/watch?v=ZSB-AzqPXt0
il2ktnobIxr38BT24vqns,https://www.youtube.com/watch?v=yxrDouC9GIs
wg8L5kflLVbz9hQuiNP6A,https://www.youtube.com/watch?v=BeYX6Yv5MjE
Pt9Q_xqHcja_a3G2qSuQy,https://www.youtube.com/watch?v=e4mGJd2PLqs
qQrnuqk_tB8KwppTYcg06,https://www.youtube.com/watch?v=6kUB7X0jnlc
dGINj03sCwNMg5DIVdH8h,https://www.youtube.com/watch?v=0dGCujsbu3U
6OTICbmd34wAmsHtdxEY-,https://www.youtube.com/watch?v=zbQe2uESyBA
3Dfr0ylWptmLjdSNB-jLm,https://www.youtube.com/watch?v=xFqpJbFr_gE
eM6GmzpUQQpqNRbPPgLlu,https://www.youtube.com/watch?v=WgcIbklTtTw
8fPpJEOgsFjJVNzF6ozZL,https://www.youtube.com/watch?v=6M2fWKukJpo
w4da_mvHulur4tkAWbtio,https://www.youtube.com/watch?v=kr1Z34wsdwA
ITfjSGY9ZxpcAI6tSo0R2,https://www.youtube.com/watch?v=1VxNJbSmh-A
XhGAQydim4AlLd36ST2vn,https://www.youtube.com/watch?v=TWFH4RCrw6U
i4QbquRJbpMMk5f18EztI,https://www.youtube.com/watch?v=c62XhQYNymI
7K4uz16hYEVDcrIvkVct6,https://www.youtube.com/watch?v=7OWcAs7qVVY
jxhHKLFiSi6HiLMd_TwxH,https://www.youtube.com/watch?v=VA_b7J-Dbkk
9knnedj2ATkhCYktQQRGe,https://www.youtube.com/watch?v=rVJzEoGeRvw
OJweAe4nWEq5KpF8LcL_Y,https://www.youtube.com/watch?v=y3TGti6fKN8
oaWQdWobF1Z9HDl8E_s9_,https://www.youtube.com/watch?v=iwA7GAze0dk
hwaDId8iV7T0c0vlHDwkl,https://www.youtube.com/watch?v=28TtEQyPxzs
9U9txb_fSfwk2nxEK8TPv,https://www.youtube.com/watch?v=tXU_mCrQ1Ig
AdO27QD-lj6QTDMBREP62,https://www.youtube.com/watch?v=XLGKzQ0TYa4
xtlAWNVBSS4Z8S5u6Qp3T,https://www.youtube.com/watch?v=0neG4MOVtOE
CiWEyn5y3YaH61CQ_a47r,https://www.youtube.com/watch?v=JeoatPFK7co
varUzqpvHbV68RN8C1jbt,https://www.youtube.com/watch?v=j62l_L05yNU
vPYTui_2FXtjzvNDJZVRz,https://www.youtube.com/watch?v=VxulLsjADuI
yZZYx4_dqIGhAr2Vy_4SB,https://www.youtube.com/watch?v=wNIeJlw6rqA
w03KM9BVUZPbG1kkQib5f,https://www.youtube.com/watch?v=jQ2YmoENm6I
CasPbmdC2ltgtKts5HXPz,https://www.youtube.com/watch?v=6xr_Dz4HFSo
L4OyrA62n__x_ovaGiKOd,https://www.youtube.com/watch?v=1f7Hs0Ve6-0
DteZllGiWW06vTOhb8OEs,https://www.youtube.com/watch?v=ZEzB73nOdJM
e3OnkiBzKwiQLZ2RbnW01,https://www.youtube.com/watch?v=KCGWC5k5qCg
c_T0pPEZE7J-E0J37Pr24,https://www.youtube.com/watch?v=aAz-jyrBygQ
KTJk0HKHxxxn8t1X9EovY,https://www.youtube.com/watch?v=FLB7DYCabZM
D1u-u22rrdM_q7LQcAxOQ,https://www.youtube.com/watch?v=Nrr18FLTUTk
DSoaYbgeVjfcKxN0NlFME,https://www.youtube.com/watch?v=nIADmeXNUEY
vSsErwON72RzFwUboPKTV,https://www.youtube.com/watch?v=6M4zXqdAuow
8vEj5Et89Fc7MaveDrvF7,https://www.youtube.com/watch?v=KHz-eMhgfy4
3mKeDTyfRccwq0CiX2ME_,https://www.youtube.com/watch?v=Y4DrdKUJaMw
DeADLQCX3h1BdOtDXRYsY,https://www.youtube.com/watch?v=CtG6LRAOJzI
lUvWNs-tnTwDCZUQlwkh4,https://www.youtube.com/watch?v=9pzoGSdcR-k
Mhcun6CHwzOEHVK6SfXYB,https://www.youtube.com/watch?v=cyedU5gwc9E
LB9d2Sj7WWWCD3nbcVDS0,https://www.youtube.com/watch?v=G1URvis_6rk
aW9RZw9CCdkT973Qm4-ZP,https://www.youtube.com/watch?v=UKfNmHGIWsI
El8vbwaG1TaLLP50zMG9m,https://www.youtube.com/watch?v=47SAnfLtimg
WhByrsiIsZcPmhssAITAf,https://www.youtube.com/watch?v=X5YZ6oGORSs
fClzHZk2PXddI3auTONju,https://www.youtube.com/watch?v=-O9IU0Xvqqo
CykwyozoM1kiEqu_kL_Pp,https://www.youtube.com/watch?v=_ZhN_11NZ-k
grVzeZ4XlDZDP6h6jWHJL,https://www.youtube.com/watch?v=ujkw9pe2qG0
Ue9lKK-LIyQ523GqObOiV,https://www.youtube.com/watch?v=wf25Q7zIh_8
JTZaTEjGuMHfdyxSTPwDY,https://www.youtube.com/watch?v=bNjbNYmUx8Q
k6pz2ZKVedZRvDraYiWvv,https://www.youtube.com/watch?v=lLaEP01LLEY
5FAB6TS3ah131ecZVBh3-,https://www.youtube.com/watch?v=OAeSSZOwKOw
620k_p2JmA09EuoqyHSgP,https://www.youtube.com/watch?v=mURNpVgCeKg
ysPR2t_cwodhS9q423QMT,https://www.youtube.com/watch?v=6f1Kt26RRGc
NWzhMBS9WzMXq8vbRupDQ,https://www.youtube.com/watch?v=kvbsOz6j1x0
g24TthOJQcoUaUGGZZWkk,https://www.youtube.com/watch?v=UFrzTwiTxdQ
zDk0LfwMxyWF-zLI7ffUS,https://www.youtube.com/watch?v=2w2V62whRr8
mM51dCNTBIAPjxa3290pp,https://www.youtube.com/watch?v=zEWZ4wfa_kI
S_Z33cABaDw8Ips89QS-o,https://www.youtube.com/watch?v=_qGa6VOpdxM
B5k8ggfjeewLwlMsY3RAQ,https://www.youtube.com/watch?v=u1tFpjmpRjE
oG5p1gydsivXc5j6UgBcJ,https://www.youtube.com/watch?v=FaCHBe1DC10
-zHQoYhKpdQaBjgxSpmIj,https://www.youtube.com/watch?v=VbpOP7zI_xU
4eHJy7wMrDHJzeGEX4PUm,https://www.youtube.com/watch?v=uenbaD9lXgs
tDphgdHsUs978_9672c0q,https://www.youtube.com/watch?v=CdlMGvy9xsI
otNJsMPNN6RPDkcJ2_De3,https://www.youtube.com/watch?v=aoE582veOfs
dIKUHfUtMH6Y0JPv58fsS,https://www.youtube.com/watch?v=kovWj8DqtsE
41_v1AoRauBun0RxsmfxP,https://www.youtube.com/watch?v=_uKywxA1bHo
Hh4XSa6zlxSxVv0KlqdrW,https://www.youtube.com/watch?v=aMH3U5wuxgM
7P2DAwnWC5yeLScQM7ky8,https://www.youtube.com/watch?v=qZIQ5jbhRGg
Q5zVdCLfMdIawFSt8AiLV,https://www.youtube.com/watch?v=Iz3VvKDhU8I
wYEFlH8__Il1VgSEfzblz,https://www.youtube.com/watch?v=7pHTqTHm8H8
-fhQ7OPUmD8mXbA-4VQbd,https://www.youtube.com/watch?v=zGgNN2wcanA
uDI7bZGKORzIR4-IaNUdS,https://www.youtube.com/watch?v=rMjeaIN4EVs
UQ16bWmoaa6EV4HHa6TIf,https://www.youtube.com/watch?v=r8aU90FZmoU
oEe6pNxcpcQgE88DOVZoM,https://www.youtube.com/watch?v=yhf4bYlQvrA
mwA6ItUGB71zZZ9UbPn2e,https://www.youtube.com/watch?v=gWGqS-4FQOA
GrCdX3XHGB8CxzK-QjgxF,https://www.youtube.com/watch?v=9ir4A7M-vWU
ntdKPxgEz2XIVyIA4Bwt6,https://www.youtube.com/watch?v=Vpdg-CM6GOw
PGLELn-psqzBv4irYJCHd,https://www.youtube.com/watch?v=anG_GuxHMG0
sd-9gY0IGuEspULGPBHoI,https://www.youtube.com/watch?v=mVA-KgGDVo8
1GEUdrcJRoiEpy3RtwY20,https://www.youtube.com/watch?v=ROHcvFAGVVI
Wjfb0HKpRL6zRvAyA2wDy,https://www.youtube.com/watch?v=j4ipocr6AyQ
ekbW_NC-oD8pdamj6ro-s,https://www.youtube.com/watch?v=b8YAUFHSVc8
QUR1SC0EnQYwjv2FjJ62i,https://www.youtube.com/watch?v=pjsOOauxM8w
Nqs7sM1nEl1m28k18Acj2,https://www.youtube.com/watch?v=v5FtOxe6Eyc
xCr41LrnHZKVbwgoh8R1x,https://www.youtube.com/watch?v=m8PNmLpheb8
A4FGx4M7ZlPwf_bbn8sxZ,https://www.youtube.com/watch?v=Rp61sW15P8c
i78obwaCZhXh40F30BVcx,https://www.youtube.com/watch?v=k1sbXcrnqvc
4gWHNrNPLMPcC5rmwOFYB,https://www.youtube.com/watch?v=AJD3S63nru4
dXElYu1CuIowpG8qcvPPc,https://www.youtube.com/watch?v=G0wgE8ZWDcg
jh5H5r6oKlVcJlE3cQqqP,https://www.youtube.com/watch?v=PvMv0J1prY0
jSKhLH67QYB2hKbcMIqo5,https://www.youtube.com/watch?v=DRmla7oDB3A
LN7TcSL6d1uZRooUePxQi,https://www.youtube.com/watch?v=jOR9vcw6Ffk
_KNSZ4TR675PlJXEnNHf6,https://www.youtube.com/watch?v=0XrdRbknPm0
Iv7XcPEuuxpCLBADujEyW,https://www.youtube.com/watch?v=Jz5ggkustts
1jOdibR6cay0fI1J0VX4t,https://www.youtube.com/watch?v=19J1-JR3vQg
3C1P3zN7edDlTjuAN60er,https://www.youtube.com/watch?v=SAhVzekGA2A
jcnUoCWwIWnn0U-Z4QAIu,https://www.youtube.com/watch?v=RArbnn8ePYE
a78vG2ZNfMIPpM1yo3IXG,https://www.youtube.com/watch?v=VBOmXyunaB0
YtDJ3_lB8PaAjMEQitlA_,https://www.youtube.com/watch?v=6v_BJ9eXJiU
vWYLQVBUlqELopEgWH7AB,https://www.youtube.com/watch?v=PQxNtHQI1q4
7HqiL0BsCCuJprcqVZxwD,https://www.youtube.com/watch?v=AjOtvRSt-Mk
_LToSJDKt9yYrOq6JDF9p,https://www.youtube.com/watch?v=gqNPDajYchU
0EolNf_3hXin4Ko5-icet,https://www.youtube.com/watch?v=U12S5FsRbsA
BQ-VKfauqOQ4J_zUy3FcN,https://www.youtube.com/watch?v=fe1zYfgYZYk
aPxhXRntjaYUCiGb-RLfa,https://www.youtube.com/watch?v=b-VBg5ByACs
TiM65VC39Vk43Q1v3pWvp,https://www.youtube.com/watch?v=J3w-md9nEHw
BjwZU3XG7_Jr9v4Ii0plm,https://www.youtube.com/watch?v=2lwQeuiy3jQ
G-U8M7vC-Zz5ZRH7bRhlk,https://www.youtube.com/watch?v=vKqGNawcH20
0DE0gVHg2KPpXwcl01ygS,https://www.youtube.com/watch?v=QI0aFRwZvrc
Go4i5wwhSi_PjTJFggnn_,https://www.youtube.com/watch?v=k2S9Tjj5cOI
FFUO2GXuAnsW5burR0xKW,https://www.youtube.com/watch?v=4DLpA6jPxuw
Dp-Mzd1gDe1QebH1rfAew,https://www.youtube.com/watch?v=7a2H_jwvuuk
D8Ooq6M0-aAxfFplz3Q3O,https://www.youtube.com/watch?v=x9E2sOsoxnk
BHdyr3URU3vbwShBmJsh_,https://www.youtube.com/watch?v=JFks2Fo_f0M
-5n4Lb-51lPY_F6wmdsnA,https://www.youtube.com/watch?v=12k_mO7PITU
ZGaKhz9HcDHXEtW1dnw4a,https://www.youtube.com/watch?v=f2fL3viUNNk
d4zJXgUVCYtWjbFVjoOiP,https://www.youtube.com/watch?v=X5HmRlmq4RY
3OHpOESyCQoiiZstCnuWF,https://www.youtube.com/watch?v=5mDkCXgTtqo
GRbK9UQoeNg3b6pvU5x61,https://www.youtube.com/watch?v=cQKgjK1V2EQ
QV7KMFW0H1L0LEWyivSOz,https://www.youtube.com/watch?v=doEDuFbkh6U
F3qAs7Xn-uGlRw0AxNHGk,https://www.youtube.com/watch?v=PlFDECpPVb4
7rlydq3xoZU__XK0Z8DRi,https://www.youtube.com/watch?v=-ln3-HikZOY
7KlQCMNlbPUtWMLafRD2x,https://www.youtube.com/watch?v=-CZlZpSo18w
IGXU1S_LnxmJXSj7gOeFd,https://www.youtube.com/watch?v=ov_CCckxIJk
Af_aJTEKbeTERXSXnHXxX,https://www.youtube.com/watch?v=0OXQOxlpSDk
qyS89Xt7KcQ6np_SWRUlB,https://www.youtube.com/watch?v=azih5dYgfl8
9KUyp2b99ghiPMPVdfbNx,https://www.youtube.com/watch?v=pqfIg4OucZM
ZD4LwNY4ixNrmj-pDOkhK,https://www.youtube.com/watch?v=gFSlouPA2y8
B1nBXuvlQrnq0auRTSpzp,https://www.youtube.com/watch?v=KA9sEvUJJIY
dhmFVfQsa1rqrXGmsAKEf,https://www.youtube.com/watch?v=goIvIWrfOm4
ixfmQiZ5iC_YW4UcCiWXJ,https://www.youtube.com/watch?v=BT3AA8fcrjE
3-oE7yW1eLqFs_vcfOGmV,https://www.youtube.com/watch?v=Zgj2-CAouOY
9BcWx2qBjRDhc4UVcOdv5,https://www.youtube.com/watch?v=gfW-h4y4gZg
48LfkcMpzr0vOw5FtasCB,https://www.youtube.com/watch?v=SYLcPDvOTQc
NCSExnoMp4OgjOeoLf9Z7,https://www.youtube.com/watch?v=1tVoLZ7N41Q
eJB4P_t9BsU8K5Ldpe_8S,https://www.youtube.com/watch?v=9wB_Mu92khw
WtAy8Olsmx3CtTKXBk7QU,https://www.youtube.com/watch?v=8xor1muqXgQ
PhwPyPDZ_NO35mTRax76t,https://www.youtube.com/watch?v=nuKqpxz2vk8
T7gPiYFkTuzKT8XRmsiCo,https://www.youtube.com/watch?v=y2Yyx2nd18E
uMwOQuyynHU94sijRhETP,https://www.youtube.com/watch?v=ooOBK-ZQsXc
5BPjF-JbCGUSlCRRqTm5D,https://www.youtube.com/watch?v=u5Tgqun3xZE
jEHy6YtKAzM2MBdvlOcYu,https://www.youtube.com/watch?v=lqsIsRqUuQU
p-IiUf0NLFL6jwKUJ9ih-,https://www.youtube.com/watch?v=3Mq3zM4uHX8
-urLfWoF520aPsSgIR3vp,https://www.youtube.com/watch?v=Cf3Ba99H9OU
a5IGS3o9ceIhlqLauo0b0,https://www.youtube.com/watch?v=tU-t34NyhGE
Z450wGHxLgNXMjacNdkeX,https://www.youtube.com/watch?v=lk9qVWRT49s
ohNdx4FFNVoxEzIeJZRk5,https://www.youtube.com/watch?v=TGKHPjaPaXk
QO25DrzV_aKAakzUhs10T,https://www.youtube.com/watch?v=-4QpA_P2t2I
YQxeeIB4dMZU-7j-Kji4v,https://www.youtube.com/watch?v=1R3NEcNKfxY
B_saAqLA-qOb3wehrsp8N,https://www.youtube.com/watch?v=K9GMSWhQWBc
D18d9Bh0PkmJgV8y7yIpc,https://www.youtube.com/watch?v=H2tMb9_qp1w
DNuBef8L2_BNxziPeXdrm,https://www.youtube.com/watch?v=N5N2-OYc0Uo
8dAEUo9q4pQ5ZgH2Hg36T,https://www.youtube.com/watch?v=kQ5AJDoE-Kc
eE0cNiIXF2FxdWu0ijZ2y,https://www.youtube.com/watch?v=GmS2Tg5eQ9U
YLK9H8gEiGs2ofAgR9lDh,https://www.youtube.com/watch?v=SBvDuZRFU1I
kuaBg3O1aIwGTYC2TcXno,https://www.youtube.com/watch?v=LpTKF6cksx0
h_Ci5u1Zk4Z4HGxMKR-_m,https://www.youtube.com/watch?v=NRmU_4KgPB0
k5vfF-ZolisYY0u9b1Swr,https://www.youtube.com/watch?v=TaHF9BKvjg8
EjHWIpJVNwDNRRHxNu82J,https://www.youtube.com/watch?v=wZvXdSFgHIU
bwLLmUr4obgNcTcPMqIAS,https://www.youtube.com/watch?v=oLKsG6S9lxU
doVpn3XxubRYAXBBfgqDW,https://www.youtube.com/watch?v=yUmD6HtVCpA
YEM8L7S2VnTLf9lbL6Zvz,https://www.youtube.com/watch?v=qeb9Sh5IKtA
l_IKGv4prBIR_64OiWLl0,https://www.youtube.com/watch?v=IRhcKP823vE
7JpbILGeVNz1fikeROxIM,https://www.youtube.com/watch?v=XkClllc9iZw
9ugOfV5WtXgutW5Vd12VV,https://www.youtube.com/watch?v=I0GKwqJeyGM
5vPh27oIkyR-S0iacloUS,https://www.youtube.com/watch?v=UVuSAd4E4vs
jR7V1jRpDgDG_eGuJC51X,https://www.youtube.com/watch?v=heT0P-FpWxI
gaHrYObS6Hhb5H2_YzDZ5,https://www.youtube.com/watch?v=oyeQLfEJRsw
LlwS6mHjappadGS0AzWg1,https://www.youtube.com/watch?v=lUH3zzPdT3E
H9m6HXfYFBuSbXxsTyF0m,https://www.youtube.com/watch?v=I-Rb2GM-cXI
YSRm_XR0YcFXMEJAamRKR,https://www.youtube.com/watch?v=tlvy0-TJwvk
_gRZnzTfAucx6dRNwVa2g,https://www.youtube.com/watch?v=AUiFrTdYlbg
rL626frqhur3sYyTwolzw,https://www.youtube.com/watch?v=cj41ZmHexgw
LMHXJKbOqXxSDrcAmXhyG,https://www.youtube.com/watch?v=yW5oS8_Yd4M
HaeyMnmhAaLaA0-xVKQdT,https://www.youtube.com/watch?v=F9UnLKulslI
3TIvw5OsyQG3GHw2OXvaB,https://www.youtube.com/watch?v=8n7CPQTmi0g
DwOCcQTnjcLWY0efrSEfA,https://www.youtube.com/watch?v=_hn_TrLUMpk
Q2fPyYvmyN8PIKiQdp_4j,https://www.youtube.com/watch?v=n-6fCNor7-s
hstAxQ59WpvAwZA3vwJFd,https://www.youtube.com/watch?v=xQlbwmF-7iU
y6bsB5hQeyYPigt0U167T,https://www.youtube.com/watch?v=WQY5Hf65QJ0
X9Cm4-muL0I-p2OSliB3q,https://www.youtube.com/watch?v=rTpWPtYlQ7o
wfX4VqB-1OWFGoYtR3qFM,https://www.youtube.com/watch?v=ekzttrGbROM
MlBNT0u3Se2VU_2Te7i9T,https://www.youtube.com/watch?v=D9WOHYtJ3FY
BWdisnRntswT_gq9-GAVX,https://www.youtube.com/watch?v=3ZwAOHEVc0o
iqSmFCftgAqimGXsRoJF6,https://www.youtube.com/watch?v=y4WF9w228IA
bPYQBU3kCEeDHxVitKz1y,https://www.youtube.com/watch?v=xZ5smEzqOIc
QMTPIJKFWH4uTozjSVchQ,https://www.youtube.com/watch?v=--d8JbKZtzI
eGJ3mrrSEy1K1BaI9xttl,https://www.youtube.com/watch?v=J_gvXrR13T0
gi46PQMDE5ia7lgxbPztX,https://www.youtube.com/watch?v=3_frpdGlDtc
hLs0fcWw8NHZ9EBsWsrCw,https://www.youtube.com/watch?v=fL1J6KoJ2Ck
9_dha5nhTJLKF54iz7_xx,https://www.youtube.com/watch?v=zzxk_NCy8v8
AflRZXMNIYy91Pmnur-jE,https://www.youtube.com/watch?v=gT-4noM_kg0
NCzDtYz5wQZcE9SK5LCvD,https://www.youtube.com/watch?v=3Q3Pdg5N5pA
Bd2VWC4dHgVt7xdb5kkQL,https://www.youtube.com/watch?v=FITmlbZWsDI
kGmblr5dQNGWBf_iMRvYc,https://www.youtube.com/watch?v=PhFnXmQ2Jik
xn9NhYeuDzUursSmZ30K7,https://www.youtube.com/watch?v=vre5raxM4Rw
BeYtWg-EHFdflQNSGMOt9,https://www.youtube.com/watch?v=lwPEWu26bJw
tgfC7GrvbPGxzlnhEO99Q,https://www.youtube.com/watch?v=_Kcd2SmxuIg
cAHIz-Vi3ZpA2OAQMVAko,https://www.youtube.com/watch?v=ez-RW1GvK24
Zsf9HQ1ZZTsKAH93Cb49a,https://www.youtube.com/watch?v=MNMyC6G2gdo
2qa9D9kXMa3x4fjEg6cHb,https://www.youtube.com/watch?v=O_TjheVHw0o
Yx-dfhonKmAFFE2A3Ttdt,https://www.youtube.com/watch?v=aGejVLzwFaU
OwzW8XMg7p7rsiw0LlioK,https://www.youtube.com/watch?v=TNe40SRa8PM
hHn0kEx427k3M6Mt0_yRe,https://www.youtube.com/watch?v=8ngz10SUdo4
jTBybC2GDci8VwG5GVhZc,https://www.youtube.com/watch?v=pig2k6FUezA
5kqPr50eQFlwQfy4D9aC3,https://www.youtube.com/watch?v=QAPbLQBWqHk
1DJhKnF5ALozj-dIKgo24,https://www.youtube.com/watch?v=wMt73Sfv4CY
kHAvxoiAW4_-oT5miG2xj,https://www.youtube.com/watch?v=CskveoDVF-Q
sixfzrCb9JinAgaNxLnZ-,https://www.youtube.com/watch?v=NOiuUyUpdTw
W5pjiOL0l9DDKUXssctHR,https://www.youtube.com/watch?v=_q7ycVmScSw
n09pkk0Mdw5hyBUzEIP9a,https://www.youtube.com/watch?v=LhfVb0S73Vk
DLyvqs47pBGAo-xvQVM1J,https://www.youtube.com/watch?v=614-Q8IuIGc
vrAdERp_ylY1a36VEGWI5,https://www.youtube.com/watch?v=bwFwUW8p_KE
9qNRMntrv1aWKCbxaaeeu,https://www.youtube.com/watch?v=YU2bU65gwAA
BjzlItN3fIzUXFlNTs4Nf,https://www.youtube.com/watch?v=VzjA_yg7kCs
PFN2vnMcS1YnEFCkgc26j,https://www.youtube.com/watch?v=JVdcbFSYsgg
pGGO0iTVZO4_aF_QMnBtl,https://www.youtube.com/watch?v=oeC4vOs-fUI
oMKpFMMq9EXLGuzOQwwid,https://www.youtube.com/watch?v=8HMm5iBCwis
EDzJfuZDM8WbloPU8iWS8,https://www.youtube.com/watch?v=_AAHRSCaJGg
LR7m11uAP43YAhHcX3aig,https://www.youtube.com/watch?v=LUc8rGtuWsk
xt0KxoBb277a16ODhjmkJ,https://www.youtube.com/watch?v=fh4mUDD4uwY
bTjqKQNWhR6lOaxpWevGw,https://www.youtube.com/watch?v=KyjoJEhnVuI
u6Z87cHctn3oGojTlmn9a,https://www.youtube.com/watch?v=lRST6keR2RI
CsqgfUheD0AtxBAkeVPx8,https://www.youtube.com/watch?v=qzW1kCPTvL4
q1O-RLzGTwhtzSlOCcYtd,https://www.youtube.com/watch?v=bZohFt7UFBc
9rORQSE8WJu1NUzAIb5kL,https://www.youtube.com/watch?v=P8fBkYAuAr8
zX76UE7vkw6NavGmEEGQa,https://www.youtube.com/watch?v=Foyrou2rFL0
aYb16xicEaWOBExlcxU-a,https://www.youtube.com/watch?v=TIYLkW0eN0g
RrpzfokjpUT8jbu5z1O0M,https://www.youtube.com/watch?v=XrYLTSFxecI
meIkxmLzhZDH6k0-NBksp,https://www.youtube.com/watch?v=NlfFUS3vTVY
3oOrMHiNaixO8737d6cIm,https://www.youtube.com/watch?v=tkuzS_2KyJs
hejv-kjI-SIbSB4umGTtj,https://www.youtube.com/watch?v=DN-vfaEUgkc
Iq2hN4JuPPuu3ACtGbvPw,https://www.youtube.com/watch?v=3LV0u_-ifVw
1hGEVFUv-Xf3EbGmNxcqS,https://www.youtube.com/watch?v=ygCmv3297JA
YjZFsrEKJU4TNdi1VVi7t,https://www.youtube.com/watch?v=EkDPZ71-_6U
Ac5-_nTTZv0_rzc8_geye,https://www.youtube.com/watch?v=uzBfrszw5lk
K9Akms8fG085suj3ZQ7N7,https://www.youtube.com/watch?v=F0fuftk9P0M
1VMCO8OLHaQrqwiVAKLAg,https://www.youtube.com/watch?v=cSGGK0efWCg
Nk3h_rfgaxdM_ztymcoZG,https://www.youtube.com/watch?v=WV-4GNUHCXY
_fn76xEqsRp_jpvi5DX6t,https://www.youtube.com/watch?v=c2kIW0VFQBc
4xnirPIVTrn-jduANVqvd,https://www.youtube.com/watch?v=viIauFFzrHg
9zjLRwLcARWa_QRC6Riuq,https://www.youtube.com/watch?v=DvEtgf3kyas
U-DM45o4HJgDZDfz1Kfx2,https://www.youtube.com/watch?v=6bXrFd5ClME
McLgMOj-c0r-TCWMuVgtw,https://www.youtube.com/watch?v=sTpr96a3DHA
h3CvSyluV-YBi_y1mJSXw,https://www.youtube.com/watch?v=hAUmy1LDBbc
ndVJ6ztQuDZqUFHC5SN8b,https://www.youtube.com/watch?v=OiJ9yMbh0X4
BwrmLJDbJDrkZh9gAeIOT,https://www.youtube.com/watch?v=KUJcIjG8Iyw
TMd4A_eTYCunnWdHeJarv,https://www.youtube.com/watch?v=824vtE2pWFY
wNzT9YuNFp0833ZJP61fO,https://www.youtube.com/watch?v=Fd712OaPbKU
a-w1SPhdnYfpmUALvd0JN,https://www.youtube.com/watch?v=a1pXxN1PTbA
MZXrJk3UBGpZ3GfSyZyxu,https://www.youtube.com/watch?v=QQmODq38ZXo
SsFh31Hs2CTaa7uf21Ljk,https://www.youtube.com/watch?v=DECev5TsRrA
WnrUN6QYAyiGcwDGWEdkb,https://www.youtube.com/watch?v=SM07cwUY3Ls
-fgr13utcIJzpr8gECg2e,https://www.youtube.com/watch?v=SrLXZIHrKqQ
gIaucoTcWuCzNmE6EbQYM,https://www.youtube.com/watch?v=7djRfuuqbMk
8IExUW1KHtCXQEQm8axu0,https://www.youtube.com/watch?v=3cYzHuhVals
yOs3OdIK1w-fU3doTR3ye,https://www.youtube.com/watch?v=455kw0OKAqY
5xqb8xD2N8bwwMt-05Qpw,https://www.youtube.com/watch?v=BLxNNxjTqAM
GhGNjGFj264Od_7AUc1jR,https://www.youtube.com/watch?v=RzqKtR_VXJE
KvqB7G08TjppPb9aqA8dr,https://www.youtube.com/watch?v=SbDXXlW66Qo
eXYfMeLgq9gWrb5Lt9Cns,https://www.youtube.com/watch?v=YTRbyvgiqYk
tHrPkj-mGoZuwwqFYfwar,https://www.youtube.com/watch?v=9LURShrHJs0
0R2ZZGm4qCgWc2N854AIv,https://www.youtube.com/watch?v=pdi9_y1V0x8
YgsLglbce486vKB1Jm7fe,https://www.youtube.com/watch?v=KvaHQs7LooQ
rf-sQ_osUlKCdaA_EuhCe,https://www.youtube.com/watch?v=zi4qksu9lLc
tYVycWDLRu399DHBqbdf3,https://www.youtube.com/watch?v=0kqf5Y2tFLE
NruucunqvpiR0wsX2ByHQ,https://www.youtube.com/watch?v=5uNv4830Wvw
dY_d8HzDQtpvsNBYjyG_4,https://www.youtube.com/watch?v=W1pH5cKObs8
xRK-rYzm18FgkZ3ul-s5Q,https://www.youtube.com/watch?v=o7u__apU_Us
wyBgge9fgT5dkHQV_oAE7,https://www.youtube.com/watch?v=PFfJZeFc7tc
G2ZqLpiH2EqQpB_jaLL2o,https://www.youtube.com/watch?v=f4W8gPG68Lg
RWli7dR-JsnAkSGt8ySmB,https://www.youtube.com/watch?v=z4StKn2NFsw
SfvYEQqksK5V20KDEAMmG,https://www.youtube.com/watch?v=uWe2ZLPzMis
_vU-psyOaqrqvmDoBcHkY,https://www.youtube.com/watch?v=yAAYGSvv0mE
Pbhm5Sd7b5Y3YTfNlRU8o,https://www.youtube.com/watch?v=a1R3n02s3bE
kjhA4pU1iQBXe6shhvmT3,https://www.youtube.com/watch?v=cM1SyzVBPYk
NiW-lV77-yvu2eSDfZa9n,https://www.youtube.com/watch?v=QGso7w5IiZI
WCANBfmNtPBrFwdT8RScM,https://www.youtube.com/watch?v=N8NyOuqxm1Q
-nGLkWIorhwKT04tMJtjq,https://www.youtube.com/watch?v=d4eEqHIDhME
gVC0ska2qf2YGa2JYmLc_,https://www.youtube.com/watch?v=ekcznNUUwsA
2S6xmsUHCLPZ7rkggJeGt,https://www.youtube.com/watch?v=_YMRuL8Ax08
b1HsIfPm6rGDu05dW95u8,https://www.youtube.com/watch?v=Ur39WsKBavc
vLyHa8Q4pf1T7x6DlWFlU,https://www.youtube.com/watch?v=HA8aSY3qRSU
lRVbN-CHXgtruWifqDlRR,https://www.youtube.com/watch?v=nXwsQDoeV4E
Y7xu4JY0RvZDXcCVyWEaT,https://www.youtube.com/watch?v=GAZKtfFVpso
fi6a4hyCi9MOMKEQ2NrBT,https://www.youtube.com/watch?v=tG39heoV5bA
slbFIY1t6B94JPX38zkMQ,https://www.youtube.com/watch?v=oRR5IJW6dk0
o225dIOlR_AFO9pd9ecTO,https://www.youtube.com/watch?v=dNubT7WAA6g
KwoSR049LBGnYmo9ayJ4E,https://www.youtube.com/watch?v=Qf3Wy8WX3R4
CQD3dRerw-6UKCHU9Z2ZG,https://www.youtube.com/watch?v=Q0H3eM4w1fY
rtCG6DcBYSzURtiktmtup,https://www.youtube.com/watch?v=y_WZnrAqUNg
nYXwBJab35ACtgGfcnT-K,https://www.youtube.com/watch?v=avqccMVqgn4
oaCLq4zRivMr1348gVnVb,https://www.youtube.com/watch?v=8q2U6rBkv_0
rMxOEUoTeAtML2BJD9Nv1,https://www.youtube.com/watch?v=S4_sVOfJZog
J2w3NYew86drAU1CZRmDR,https://www.youtube.com/watch?v=ujr7QokQ8b0
AacPsO8vnbHczURjVj4vW,https://www.youtube.com/watch?v=2h054BuM_14
natqWxzI9BTz36-d_AuCh,https://www.youtube.com/watch?v=scA6VigtW4g
CEVXe3KEp2nE2PjKGJSXe,https://www.youtube.com/watch?v=TsGokwT_rOM
ZsVYBk6PoTMLOUgVDrKVe,https://www.youtube.com/watch?v=c1uo5xo9OLI
olBy7RH6Vg6uSWjeY5hh7,https://www.youtube.com/watch?v=mGR8Ixt37Fg
5DUVXwOcJM7tJXesdRgEP,https://www.youtube.com/watch?v=0G4Gptkrzjc
RU3I-1tnDJTfGWa0YF6aP,https://www.youtube.com/watch?v=zpeLWca9QJ0
0qKSs1H7GdHHri7ecklJq,https://www.youtube.com/watch?v=lkj3QXXgaNs
-Wx9M3cmOD2MuWReAIiMS,https://www.youtube.com/watch?v=A5Gq_2ls5Yo
aXjfA3cIRKsiqysMkYEZQ,https://www.youtube.com/watch?v=qfns8hof2W4
CpQOm682lt0A6Y0sRnmc8,https://www.youtube.com/watch?v=U2iFhVzQu8w
VICzffNlw6RXnH1uVz8DC,https://www.youtube.com/watch?v=sOO78jOZLEw
6pD4sxJGmX16FwR1SR3C6,https://www.youtube.com/watch?v=5PRJuwZCP0I
3LGvAQVotNJltHvaNYz7I,https://www.youtube.com/watch?v=y2gkAJgT2Gg
I8HsBd568R24lKVhhSudE,https://www.youtube.com/watch?v=FXE0CNmcnG0
2O7NUmXmQDuFK7It38SI2,https://www.youtube.com/watch?v=-AZHXuXySA0
INdvYZkxxg2fl65vLlYl3,https://www.youtube.com/watch?v=yImJNE-VOMA
cxwWcS56yW0QgEDSe93G-,https://www.youtube.com/watch?v=hbip6S9dj4Q
HX_QUC5l8INufRIn-FweB,https://www.youtube.com/watch?v=HUXv_-yDe3w
A_RNRACSJMcc0lNllCHJy,https://www.youtube.com/watch?v=2___Dj8-XgI
AdtpYJTPRmoHIcviEmFDX,https://www.youtube.com/watch?v=gpvzd0IR1es
MRRVBb7FUfTE25INfd7iJ,https://www.youtube.com/watch?v=SKh7xq6PQfY
HTURPuclzFrnmkAlZ7iX0,https://www.youtube.com/watch?v=S6Ul3xmRlKk
rlg-xXlWeFCsL9DTnsriz,https://www.youtube.com/watch?v=vpcDKt7sMKQ
bXq-YG5L-lC8_pxYUGzHQ,https://www.youtube.com/watch?v=OQrJ6nNHTcA
gpBQ0-ikS0LaFlzI7fU3k,https://www.youtube.com/watch?v=f9vtUjHodG4
aWtH8ShnZOQQa-gV5QNkz,https://www.youtube.com/watch?v=lydHfRi3dEw
kL3w2Wj2qdvB-u1-wNDbi,https://www.youtube.com/watch?v=TY-Cnasi40A
JyTaDixYlYgoCq_kZL7jE,https://www.youtube.com/watch?v=B0N44xE7lM4
Bk2clLxVU6zGrCiV8-pO5,https://www.youtube.com/watch?v=37rKSmnxKNU
QAcaX_zmxeLPuYklRAU-H,https://www.youtube.com/watch?v=5bsawyHprzE
AYkQd6TnQT61kN5qztl5l,https://www.youtube.com/watch?v=LihoU21oZ0M
Ey4ApxGEehntfCEYz8Jtt,https://www.youtube.com/watch?v=tGfUA1OtOh0
GrTBlnF_BFoWNe3544Y5E,https://www.youtube.com/watch?v=3yt5-Up5R9Q
qPEX-Kgqkwn0tQM4HvF9M,https://www.youtube.com/watch?v=BdNDaAufz14
fbtHYONpwCMt5vul3Uqr2,https://www.youtube.com/watch?v=JPKIL5AfVp8
zu6-y-Fl3fEI7TUzrPe8h,https://www.youtube.com/watch?v=OxB9IpFO5q4
AeOVNpoCiFwJ3UW04HVwz,https://www.youtube.com/watch?v=5PQ7OX-SYzM
6n3LlD9RSeZhWcKvqcF8p,https://www.youtube.com/watch?v=jlB9vYcztK0
pdKeMOO7WZRg9UlD3uIsN,https://www.youtube.com/watch?v=e6eGSacmjWo
b48QoqvbSiSkyxHbmPfnw,https://www.youtube.com/watch?v=ScmG2Fxwxjc
6dvlDgMGL13Owk2rnc39p,https://www.youtube.com/watch?v=2mqBXNpcCvU
WFuLvLdhdatXObapC8pBc,https://www.youtube.com/watch?v=YvdkOlztsKc
59pdGd11wBvB9QyNIaDlr,https://www.youtube.com/watch?v=G9kRRFYZRjs
Q7kQwvExM8dgvM4hg91--,https://www.youtube.com/watch?v=VEXLjb6koUM
ZbRXPSHNhsD-18ggCqBkq,https://www.youtube.com/watch?v=yVioxtEfQps
MZPR18VlqEl71c6PGNk61,https://www.youtube.com/watch?v=6xQDzfYP58M
tKkDtLd_A3pHg6LDHIsw7,https://www.youtube.com/watch?v=s0isS9mnVSY
G4kNwapkwkXaDNp0pUCp0,https://www.youtube.com/watch?v=JxUbyMacp7k
KdptVH3asFfFJ7VYWUXUJ,https://www.youtube.com/watch?v=zgghEmI6G40
nALVkon_DHPXSBF7Pc4Vc,https://www.youtube.com/watch?v=hZH6PEBdss4
91NXVmQmyQrgHb_hucbG5,https://www.youtube.com/watch?v=PgGFZO_tHuw
KQ_TmSCnFSFWC7eUqdggI,https://www.youtube.com/watch?v=AG3BeTRZnRo
qmufGQ94Rs7M0f7TiKc4m,https://www.youtube.com/watch?v=u4m9aUkpPTc
rxMyW53gj6qxllaayaE7p,https://www.youtube.com/watch?v=-PISU-DtCGY
3U9rEtGagwWpt3RokIU88,https://www.youtube.com/watch?v=HinVdIuRtqE
SGaMZC0HW54efGpAzff9C,https://www.youtube.com/watch?v=CcXC2CiJXm4
96nwRikjnDzIBaDoJuYtw,https://www.youtube.com/watch?v=O5v0mOqPqxE
9nFMF-0vLGSE9O3U6HfYJ,https://www.youtube.com/watch?v=FMKsK-WFz0E
IIJuAS2OJbwtFcSj_rAo2,https://www.youtube.com/watch?v=SQ6yG7BVPBI
9vmodHDVf_avY9OZKzYWJ,https://www.youtube.com/watch?v=SBL4WgmN_9Y
6hd0SK0qAqiw0xgo9CWvn,https://www.youtube.com/watch?v=58DqGiJBoU4
Y4RWZwKBcN4SEDiGDBrsg,https://www.youtube.com/watch?v=UAbNaN2nC78
TeIq8-a5ICOeq5pW08VOR,https://www.youtube.com/watch?v=xAbT5diDz6I
rRvpgtIDVDoUt9tSahtA7,https://www.youtube.com/watch?v=DQlZCeBGLHA
Q5f55R3drjDcVAHr3UIir,https://www.youtube.com/watch?v=Q6LyBX72Oiw
BABbVUNhtDTdqXQOUNDGs,https://www.youtube.com/watch?v=yWOXdZhyMTg
tawAMO3coTSkgDZymiKCn,https://www.youtube.com/watch?v=8z8-Q8UF3Do
ebpQp_EuTrLiq4WbzirVr,https://www.youtube.com/watch?v=EVnVS_Jl-B0
yWCekIWoJoYwUAknAbXz8,https://www.youtube.com/watch?v=R0XhlhQL4S4
2p8yUwW7sUpDr5w_tUlxG,https://www.youtube.com/watch?v=MNB8_m5-RWI
t1-rKuyHHdLhelyzVNgyQ,https://www.youtube.com/watch?v=cTL-MQHoJ2A
pr7c6bZf96WnD-S8S2P71,https://www.youtube.com/watch?v=FJJXpNDpceE
hIsMO2UP40St-kmbjqqts,https://www.youtube.com/watch?v=sNmY-ps3VuY
QP9WIDLVJ5EkTxsp6bPOg,https://www.youtube.com/watch?v=7kMtLsibthA
ZfksiNF2pJvaue7bEMbJF,https://www.youtube.com/watch?v=fEEC8zjz6PY
vDmBc45X3b1_RWlzOhjXh,https://www.youtube.com/watch?v=0jUIUUGxwHg
H5K9yV1E5oqqJzBIGkIFu,https://www.youtube.com/watch?v=DalEkLFrUIk
M23VNIQrPrmz-TET9Vtdn,https://www.youtube.com/watch?v=RCdJf6T_vEg
PcHONJ6q4_oNtWbMkotK_,https://www.youtube.com/watch?v=GNIfcL5TuNo
bkISvur69VR3dI5I7RUOa,https://www.youtube.com/watch?v=HTcrzW39L_4
A3WGkF540qPhXL6YrwL66,https://www.youtube.com/watch?v=BH1ccMvdq60
lK96FK8FbFK8lQjHdCgWE,https://www.youtube.com/watch?v=WDwANevlhGc
QLZk5qh9lAX-NGjV8m7Tq,https://www.youtube.com/watch?v=3tvkovgZ1Y4
b10MIYSbNQvy2kO8wH58O,https://www.youtube.com/watch?v=QswhBUeIppE
K3YsW4IyqJMJCnL4NaYZP,https://www.youtube.com/watch?v=_2i5-5IjVZs
JemOUPo1HvGrVPoZbAN2w,https://www.youtube.com/watch?v=4Po2mq5eaio
Drm7c8_jsU4Dxqx5ikE08,https://www.youtube.com/watch?v=V17mWF9x5QI
09iTkLEq70yOBY2913tZt,https://www.youtube.com/watch?v=m6976sNUg_0
1qo-4rgwTRGigKLDw0PSB,https://www.youtube.com/watch?v=BaabYiOMkfM
a72buQ4hektGeBEuQU52q,https://www.youtube.com/watch?v=bjVvwajnTd8
cCqf_4YyANW_0PBKCCz6a,https://www.youtube.com/watch?v=Z6t2wJRlkDg
0mvfgnJwzsixJE1WsoMKK,https://www.youtube.com/watch?v=HzLBpjUFAyU
tDtPPDDIsRBOvNLpOaA25,https://www.youtube.com/watch?v=tgRfspTAFaQ
owoSBPLP4dRt3CdjHWm2g,https://www.youtube.com/watch?v=Gc67ivCBcOU
xRVPJBgZJwOkLgfrELF9Y,https://www.youtube.com/watch?v=2A9Pvlu824k
YfV9SIsfbUcVK1sIaEJtH,https://www.youtube.com/watch?v=mTVu-6ODMuw
bGFlqDjEiU_jYO8a7Od8z,https://www.youtube.com/watch?v=JUpBp0KaPQM
NvnxK9w2a-_8rU4fQUgsg,https://www.youtube.com/watch?v=OgZI0XDx8R0
1zy4IT2RtdtvzJYR4muwN,https://www.youtube.com/watch?v=spFURaJc-ng
aqXq-O5My4u7pj37tY8JX,https://www.youtube.com/watch?v=UTK3SplM9ro
Mvfu2i0k7N0VdR1jyDP4T,https://www.youtube.com/watch?v=-NaIP-dkU1I
Ykp-Hy0vDnqxygONFWt1i,https://www.youtube.com/watch?v=GAxsMdK7Af8
jLOs6LGsJqwUTPqISZajd,https://www.youtube.com/watch?v=YAo2Iy7Ub7Y
kJqM0_ZMfzJaOHyvswqLQ,https://www.youtube.com/watch?v=RytgJFL7AmI
z8AhtMVRqg0en4pUkrRYg,https://www.youtube.com/watch?v=B_ftMlL4h8Q
DAOG041Eygg5jVAaQEqcI,https://www.youtube.com/watch?v=3D96ewmbtvo
LsFqExJeOgz4hxrtIs6K8,https://www.youtube.com/watch?v=JRRX3JNWTx4
WlUaEvsNtLi3qJXsC45aw,https://www.youtube.com/watch?v=xL30eD144CY
oZ_i8NRJ-2vYzeJ8Dtsms,https://www.youtube.com/watch?v=hr3DCnGij8U
mNp1tIqDKbm5A_u631hWn,https://www.youtube.com/watch?v=MV41mt7zGn8
VrL8_X9L66DhpLy-reiR6,https://www.youtube.com/watch?v=nAI7wyaa5WE
SybJiwJp7Bjca9gjRuhyj,https://www.youtube.com/watch?v=CAVPTWuyWbU
gR8XDQ8a9_NvJss6XhBMg,https://www.youtube.com/watch?v=HTLnVimGuvk
jkvJcQczmkTU9Vg-ZrbXE,https://www.youtube.com/watch?v=PxBSIYOV0RQ
-GTBnFbvj8MpqXyUVlgYL,https://www.youtube.com/watch?v=_vkTEFSqIlA
-Z0G19WdEMRcOEAWkiNkz,https://www.youtube.com/watch?v=zfJq8JCOuYw
idt6xpYZVPR1F4Yu7kfV4,https://www.youtube.com/watch?v=Vc2LxWTB3JU
L7CaUtu9K7mORDS0t_nwC,https://www.youtube.com/watch?v=8xXiHO5tSwY
i6OenFB32w8LqQrmEfrAb,https://www.youtube.com/watch?v=IS3_ipTSIro
YVhWhwUgHQJwbYapWdLMm,https://www.youtube.com/watch?v=2hjU-LAFYp0
ceIFV6o8kiR2xJ0oZdTFE,https://www.youtube.com/watch?v=hLQ9vgJFaK0
ve8MF3N4LwTu9j3xd8QAe,https://www.youtube.com/watch?v=YDLUr0wcBPk
4hM3_QF3Zu7ZUr6OSdNnU,https://www.youtube.com/watch?v=v4Bbw5-A_Yw
2P8X5DwwAmuvsc1LQCd8D,https://www.youtube.com/watch?v=pAJ3-A0ExoE
L97o9QPHjiB_nL9VV04Ka,https://www.youtube.com/watch?v=HSLNBSaeFG8
aEl-DdED5dpGxJY9QT_u5,https://www.youtube.com/watch?v=WnOQq0kPT4A
Pz2WxYSYnQgLuLPR7AlGr,https://www.youtube.com/watch?v=-UrJKmqaI3Y
C_T2bnffr4mfJDBsO4_5U,https://www.youtube.com/watch?v=d2Q65ao_S4I
5VhMsSqXhe8Gu29B6hL_X,https://www.youtube.com/watch?v=dVDBMnDvwFA
ktiP4f31AxzJHN2e4TbiJ,https://www.youtube.com/watch?v=IWQbXjHGH6s
IDuoVWHNWZbiHWJacmpvk,https://www.youtube.com/watch?v=CCJk-XbtH_U
Hci67F6RsHig3euMirCLw,https://www.youtube.com/watch?v=clUuShBGn7E
cVQVcYw-nItfAe-ScUuAB,https://www.youtube.com/watch?v=vRHLToMkauo
MQMJgvRCujDGj1hL0l07f,https://www.youtube.com/watch?v=NIf_xrAAzp0
EU22nGqmG43NBAcrGAS8B,https://www.youtube.com/watch?v=3ab7LtZ1Dzg
HRN42f2JiZDZ8xrgzzUqC,https://www.youtube.com/watch?v=ZTuqKU8Ds6k
IrdoSfpKXjsJ0AkWAyN_9,https://www.youtube.com/watch?v=zynCwmKA6zg
dbPVNk-dJ4A_RJSLwlmul,https://www.youtube.com/watch?v=gXTqpaSyXYA
xtpmVCztzB2svQb8xVv5v,https://www.youtube.com/watch?v=6v9in7V0N2s
5JahNfmNkpaGuMx_xglRN,https://www.youtube.com/watch?v=F5nwwpvNFlE
GtaIKQMOB6po1L6lsArIy,https://www.youtube.com/watch?v=uwFHSfKAHYE
zsSUWDaM9IK__nwgaZRh6,https://www.youtube.com/watch?v=XcOcRZ7inFI
bf5bhgxmQ7WSYVJ-lm1TS,https://www.youtube.com/watch?v=vlv08WDkolo
zihKxGHcn7-Ib9LPhBTM3,https://www.youtube.com/watch?v=70S5vo6FCHs
f8cGLKPfW4nY0KDMS8LGe,https://www.youtube.com/watch?v=hDeyqS_H9AQ
OJHp96nTcqYwMcUUXYene,https://www.youtube.com/watch?v=BgnWvb1BTAs
fAWBmu4pjhtOX_ZxXQAix,https://www.youtube.com/watch?v=ZSTa9VV8eAs
rsnogJeLvi-h2GO28L7Ao,https://www.youtube.com/watch?v=Y8bm0NcBJEg
6_SdHp9U1XAFyx0xKWoWN,https://www.youtube.com/watch?v=15pLWsngYXc
MasUkAtE0TUTX41bhGFJe,https://www.youtube.com/watch?v=_GlClR0YGRQ
xmTZVAiCN6aB3sa8lCEaf,https://www.youtube.com/watch?v=gQdDEXinxOs
VZYaQN13AU_1_tnZZ71MH,https://www.youtube.com/watch?v=BsF5rKPlUAc
RqsBHBHr9a2F7uRv52nuF,https://www.youtube.com/watch?v=nkECbcWTEms
fmohyej5hXgCuB5fYS0JO,https://www.youtube.com/watch?v=vm62UHNAaTU
3b82OpdR7HYYwtiLlcVo6,https://www.youtube.com/watch?v=7rg-NGj_kpU
WIghipCphlYGAEUKRRofu,https://www.youtube.com/watch?v=UQCfZLzkdL8
aOlMK7eJzWH0xdXWfyaB1,https://www.youtube.com/watch?v=2evks3UrBq0
ahzVXKF9HHi3ze0AyNg68,https://www.youtube.com/watch?v=7kBc522Cutc
vmBdilFBCXvKBnsiFUBqy,https://www.youtube.com/watch?v=MVyrjAx4caA
zHlYmH3RWqNNn3Cm9yQDM,https://www.youtube.com/watch?v=dEm-Wwz3tf8
IrLrE6qRmkz7JjLT-wvgs,https://www.youtube.com/watch?v=aFWd7_vs6BI
sYvdPciQrD5DWkV9Ya2r0,https://www.youtube.com/watch?v=f5EIegr8HAA
ULanovo8Y4dK2AI5-3u-3,https://www.youtube.com/watch?v=vXJIvuOQb_Y
Ihcyij5yma_jo8tFEN7fT,https://www.youtube.com/watch?v=A5H1lLFffYU
dvpSs5kUGpTNzt6DI79UW,https://www.youtube.com/watch?v=rmG4VsJbgaw
25QdmQAy8rg6LbQDE35tp,https://www.youtube.com/watch?v=9PG1LSrMMiM
LLgbl7MIQX_2X-KWXREfZ,https://www.youtube.com/watch?v=lHaqPgOKH30
OflDNCsT08xcGZd5OuEQz,https://www.youtube.com/watch?v=_V5p-fYUsYE
J5jQ7SHBuWoMGFGAAlKe7,https://www.youtube.com/watch?v=T2aZd5GrU9U
-XgpvjC6T6vyqf0ZYszbP,https://www.youtube.com/watch?v=J50SCCOHuQE
Y_b4omU8FjXNN6mQ_kID5,https://www.youtube.com/watch?v=xg1UVpw3p1g
D4BlJVKhChIsBvYHrlOIz,https://www.youtube.com/watch?v=nW-j_oREtu0
QmueKWIzlfhOJD89d_S58,https://www.youtube.com/watch?v=N4ywkhoeHEI
gW9ZZHMMMalza7OyqiWCe,https://www.youtube.com/watch?v=ILoqyAkTiWM
vzurDjOmO43ZZAhMwFl7I,https://www.youtube.com/watch?v=PZn00f9L_Dk
TBtLdahofuafXQUKl0eeD,https://www.youtube.com/watch?v=B9UWrVWA_aI
Mx-TuauUAjuqqZGa5QRX9,https://www.youtube.com/watch?v=h37X4wnsfUw
c82luq20aA1G6SK85EPNh,https://www.youtube.com/watch?v=IXr_pNqWwaQ
J5Y-dkBPsnEQ73M53-qqF,https://www.youtube.com/watch?v=tblAC88_yXQ
n-hk9gmylbkz2EBdoMUDL,https://www.youtube.com/watch?v=patCaasuyes
wXJ8kVJ1MpyztqcwzlLtN,https://www.youtube.com/watch?v=1PhG2zULyvs
bJYz7GRBQokoYfKqyZ_et,https://www.youtube.com/watch?v=1Aj9bujYgaM
uyyaDIJ6oxC4KVOPiC1vO,https://www.youtube.com/watch?v=OgVnZyAqKvo
bd5OCgnaYB4G6kZ0jdUAi,https://www.youtube.com/watch?v=WUKdLYgyWAA
ptEISZE5ctyMdlPW5is7s,https://www.youtube.com/watch?v=tLAkVgm8V74
f-OcMjGK3nmxDL0fSOhZB,https://www.youtube.com/watch?v=uh-vJOg6K5A
eDTiE0JGadGi3r8A-FFPb,https://www.youtube.com/watch?v=8dEpoaxAE6Y
I3_16c5SMXw89SLZKbsLS,https://www.youtube.com/watch?v=cBX_XGiPCbA
yw52ttpPwKBYDXET04LXV,https://www.youtube.com/watch?v=F9fQ7MuiTCI
lAaL_nzrFT7B59pECtd-k,https://www.youtube.com/watch?v=CHBqcPSt1PQ
vrVrzWC7ffaOh15vTOhkh,https://www.youtube.com/watch?v=eKmjxkiWQUU
Ixmk04i16YdmYWd7BDb2c,https://www.youtube.com/watch?v=xUmDclFtu4Q
0o7R1TqCtdsc3IkgdBdEX,https://www.youtube.com/watch?v=nC5lWVfcuj0
WZ90xS__O9s1cynZd7HPV,https://www.youtube.com/watch?v=Iq0WA0ZFS94
2O5tV2ygFXH1JpGlkuJP2,https://www.youtube.com/watch?v=TSB5J-6v9Sc
lpYkWdSVWl0mTt-kw1UD0,https://www.youtube.com/watch?v=AOZRznKGjjU
Hfr-ODRYJ4LooL_d6hwo4,https://www.youtube.com/watch?v=-HBBoC0Yf8w
xXbytDei7kgoLAYBs1C_R,https://www.youtube.com/watch?v=6cNfxLrhVn8
v9TvkwUiaZQgmoU3zb8LG,https://www.youtube.com/watch?v=gRaPgMJOhjE
rdsHNKHRQbYkN58IqrtPI,https://www.youtube.com/watch?v=9k1Y9aEiZvM
YqdvPlQliDQ47ao1y9o8R,https://www.youtube.com/watch?v=kKG1h3b-oxs
o0M--OA6GhXva2hS9THQ2,https://www.youtube.com/watch?v=C6V_VVewlA8
7c8y5OaKW0yeGN0Aq7OpY,https://www.youtube.com/watch?v=7DPknwy95iQ
iu7q8cvmW4mgPmxPnsjuN,https://www.youtube.com/watch?v=xayGK7BFsJU
UIESfGQ7tUcdXQylLsUlq,https://www.youtube.com/watch?v=32O2utpQ4Vo
pketvdukELpgBPcfmxy7Z,https://www.youtube.com/watch?v=bL8-NV4gacE
7okxVil6Pl7xTPKp7Pp3v,https://www.youtube.com/watch?v=VWYGENtWK8o
bTWNinMN0Xkhbg7PV9cj7,https://www.youtube.com/watch?v=9DPia5gizHQ
qmpftGFD7-Qve4DTHKExn,https://www.youtube.com/watch?v=HS-s9VRNzH8
IwcOqvwzxuKWPnZvS4EoV,https://www.youtube.com/watch?v=3u-0LuqVoY0
bfRGFyIyYC5wkYqFYaih1,https://www.youtube.com/watch?v=9fqKQOSOvLc
O7lXCgLNxrCxNnlfrv-e9,https://www.youtube.com/watch?v=IN9ThNKNDeQ
ceTolBtx0_t4PbdSL4gh9,https://www.youtube.com/watch?v=8Y5_LdDcl3Y
-aZrR2WPieKSxdHUtNeS8,https://www.youtube.com/watch?v=iF84QQdGlFY
7yhiLNG9kjtGaGPCqRrXq,https://www.youtube.com/watch?v=rAyD6Jg8hTA
KqDCo57su1HV9GWivALEr,https://www.youtube.com/watch?v=Zk32my-Jnhc
SgGdqRBgVD7u09YmiD6y2,https://www.youtube.com/watch?v=ly6AvS2_bK8
wKJkgprcA_uvnKVjk0kVM,https://www.youtube.com/watch?v=PexqvkYnudY
RvI-hld4UnzgDt2LK_bPc,https://www.youtube.com/watch?v=z1iHbVVhOhM
9o_rpBL7s_BlQZ3aijdqv,https://www.youtube.com/watch?v=XPwZfI32jLQ
LoIBKAphd90RYYoZ1Vcxr,https://www.youtube.com/watch?v=yQu_sylxwn0
N8ztbNt-IcSnmbk2oT5kY,https://www.youtube.com/watch?v=bijySL23EBc
U3BU4flSznjhfS0fB1Chf,https://www.youtube.com/watch?v=MJOAarN6rUk
mXIl9knP9IMojNKnyyhXX,https://www.youtube.com/watch?v=-z_0LuzFpcQ
ulkOQAuDAfPsjs_t-9gjT,https://www.youtube.com/watch?v=vja-lwflw9E
KmbohYdrXjmKOx9p95bTV,https://www.youtube.com/watch?v=LgU0V-Kp1go
eNflRMZ_oZrbQQqaZOnrR,https://www.youtube.com/watch?v=UscZ2tYDGV0
9Oe4GZWV97ExevoDhsXU2,https://www.youtube.com/watch?v=B4piOrLq5YA
A54Y_rvFMeStfNTPUHlSN,https://www.youtube.com/watch?v=3s4cS64xQuA
NPXCgoRfpdBNPXUwWRcR-,https://www.youtube.com/watch?v=aXaotBpONi8
lCRzvkTEd9p7dy70bmtjx,https://www.youtube.com/watch?v=OW2IJydx0Nw
ZyItjsp4qRbp_CAUrlaZp,https://www.youtube.com/watch?v=bZ_M5qOgx6E
vYt13zyV-ezDgrw4xVQF4,https://www.youtube.com/watch?v=veC_5yx7aiY
95fdlvh_wXzpEBTbMltul,https://www.youtube.com/watch?v=TUXwEO-J9LY
TDLRs13MR0h9TBSblrdCj,https://www.youtube.com/watch?v=pAtyWEcxWc0
2xg1BpPFeNkshg2MxHE0K,https://www.youtube.com/watch?v=eK5fjILfTK8
WLg0X8uCcUAxdbsNTcY-c,https://www.youtube.com/watch?v=Kmql0h1tYn0
X6PwHBaOIff0IW1Z4uQ7y,https://www.youtube.com/watch?v=Xw9voIKAAoE
A6cWKnv0FO_26lGqw1T6I,https://www.youtube.com/watch?v=WKlTYbzJSls
RGrhHhyQpfYPNmWeUOX3G,https://www.youtube.com/watch?v=JBLj7K3GxwQ
Xz4YAaNx4e8sfZJQKoa2I,https://www.youtube.com/watch?v=ryt_vmxACuc
J3CVKzIQMCKK7TU_4NCJj,https://www.youtube.com/watch?v=7UFP8kzLUEc
QfU0GU6aOqZ0hCHyLzpTw,https://www.youtube.com/watch?v=mIEvNvQZqi0
zwSD1wm9apm5krOU8_onn,https://www.youtube.com/watch?v=160k6qHfl4E
-JrULJLPw_IJA23P1_uWy,https://www.youtube.com/watch?v=CJrg_tEoIog
Uv9uAlHK3CXHPsFDsCSiT,https://www.youtube.com/watch?v=11kFqXurWd0
IZ3G7xlLYFbQhUbwRRY9B,https://www.youtube.com/watch?v=O2kRyb-OB-I
AomiXd4jidQ1Ee4G_LqUZ,https://www.youtube.com/watch?v=UCHylc3yGGQ
O297k1iz0Bm0OAjxHb4WQ,https://www.youtube.com/watch?v=6N0Mcx86DQ8
brkqvES00STlHxT8INHaf,https://www.youtube.com/watch?v=ghkW2fORkm8
r264z2jYVccD3Ux0qeRgz,https://www.youtube.com/watch?v=E4n979R5MRs
wcwnJRKTAhKtfRtHuj7Pb,https://www.youtube.com/watch?v=XmMfwsKCFvE
IR6a-sIqWecSP5EHnrGW7,https://www.youtube.com/watch?v=o-f2bSzhNhE
EjvwEkql-rv_4SQ4QxR3-,https://www.youtube.com/watch?v=uRWzyGnEBVE
aCtAbdfTbbb_YqQ_oIkDe,https://www.youtube.com/watch?v=dYQLq_2ewRM
OnUPVLp-p3dPQ1WIiX_XF,https://www.youtube.com/watch?v=6bKiypt4uWw
7WXWlzERrGvkv-6pPdyPp,https://www.youtube.com/watch?v=aLcWnMVd2Vw
qyBZu7jYoA2O9UCwioF-t,https://www.youtube.com/watch?v=ToiMo80N7Xk
OPxc5jxDKXvtpN6TUm5ei,https://www.youtube.com/watch?v=d0E7BvOSwgs
nRhpSd6Oa41T6qBUQ3ZkX,https://www.youtube.com/watch?v=hYPYNGNRN_0
JEMt-DL5exzc84fR_c6li,https://www.youtube.com/watch?v=3OUzUNeTPo8
w2qOUsgL18myc5_UOPskN,https://www.youtube.com/watch?v=Xr6X_UzdtJ4
2vGWB2T5PAthql7EFK7wY,https://www.youtube.com/watch?v=f4r1InYRg3c
B9hshxjMxb1NdEhgubk3-,https://www.youtube.com/watch?v=3Mamkf0QR0M
4OAOSPx4eKl01qKkuWkQz,https://www.youtube.com/watch?v=E2ki2rx8s80
HcvY7n5y5eoxkfKMsQb3H,https://www.youtube.com/watch?v=tSwTKvM0EKk
DkXPK7UwFK4B0PAgkouUs,https://www.youtube.com/watch?v=knlVEUPSArw
RRkNHO_a0JCUoIGaGTu97,https://www.youtube.com/watch?v=Ibj2qEcDgwY
GEJnLc-VHyOW6bh_HvXQW,https://www.youtube.com/watch?v=_vOlI8uWT2Q
RYXKQnX0qy8irIHGmBV71,https://www.youtube.com/watch?v=eY1rBJoX1ow
HmXI0HnsZHqCiUnj5skNP,https://www.youtube.com/watch?v=uNLuIkU2gXM
5fjJZrESwEg6OvjRtmZBl,https://www.youtube.com/watch?v=PjBFTrp5dOE
jVf60ohHVubMUHy_lZxVv,https://www.youtube.com/watch?v=T2qBVmZ_7tI
F7FhmCRfF1bqJ21R0lgA_,https://www.youtube.com/watch?v=KuuFZyt4id0
-fHxZ2LdntJq-kEBnGbE0,https://www.youtube.com/watch?v=wWx89kXZ0ac
jJMEUsi4aqpzVEsm4t3TB,https://www.youtube.com/watch?v=YMTRMdbeimM
6UZkSF0IH6keFqwXnJw3w,https://www.youtube.com/watch?v=_QXut5DEF-o
IAKaB4SHgxU55BoMkx1VA,https://www.youtube.com/watch?v=M5gxqejPKlg
pvNXR9VeK4diK_5i9RGI6,https://www.youtube.com/watch?v=PNxQIQV5PN0
PH3Cn2r4iPxnZFIxHjaZe,https://www.youtube.com/watch?v=oa0PZjllGyQ
BWAlH1qq979m8s8U5kiD-,https://www.youtube.com/watch?v=KjHBZWRc0KU
eL64U29On3XnkgI5pYrAa,https://www.youtube.com/watch?v=AeOZrkr1aD4
-EoBR-appq60oIVBRJSM-,https://www.youtube.com/watch?v=Sc9HffL1PwI
mPbg25HxJNZGb6tYW87Zc,https://www.youtube.com/watch?v=rfgzJe6AC4A
IMmwgSYsds2HqHZNsIBDs,https://www.youtube.com/watch?v=L-zpBaL0vGo
9yfo1zPHK9oijjsQ7cybm,https://www.youtube.com/watch?v=VJLyO47CC6Q
ZvaSmwhonF_6KNzQBodPX,https://www.youtube.com/watch?v=HIIaEWeFKks
tLXeNHL0JpUFLQh0ob4AE,https://www.youtube.com/watch?v=nynpzodYwZM
IIwbWGFYOK6TGzAUT6Jph,https://www.youtube.com/watch?v=lHZHjr_5vII
ik4AKEeyjbOnA6Dilb9pX,https://www.youtube.com/watch?v=9ptfbWeyEMA
ZyPFgXYpD_fo4SSTHkuWp,https://www.youtube.com/watch?v=p1D4grg2wNI
NdCZkvFiO6cTdEcblN9D5,https://www.youtube.com/watch?v=0XFBGGaodLs
DDRGhCCKrwnhXfmynWDr4,https://www.youtube.com/watch?v=pZRGJ557KDc
1QrsSzLb5JyjSWQDm3fNL,https://www.youtube.com/watch?v=hbFvrNHverU
Q0eba4y-sGJMrRMWCH6Xk,https://www.youtube.com/watch?v=cyZ9rbfebDI
tQS9nDYo86G0zdMa4vu3p,https://www.youtube.com/watch?v=VOTPRN_qQAs
_PPaKRGG4G11V_K9I3kMq,https://www.youtube.com/watch?v=KmCSQ61A5zo
GkRI_hbPcStQKm0OdSxJA,https://www.youtube.com/watch?v=u-GjT2MdWyU
zGQCSWAOEYylLtXEZ1fE7,https://www.youtube.com/watch?v=vsONIvCfWSw
xp80JRhSFsq6HuWEsUX_4,https://www.youtube.com/watch?v=Fyu6ivZ_fkU
sJ1Z8lycuLkbJk1pNvFEP,https://www.youtube.com/watch?v=xPCwuoNwcfI
cJCGltkm6EskEhQglpBsy,https://www.youtube.com/watch?v=QnaB8VbucO4
2eXkru-Fo2Bb8LKYoxvQW,https://www.youtube.com/watch?v=IwlEdVY6L2A
xq-w85Vd_vMucgcWHhzE7,https://www.youtube.com/watch?v=ksnrJQ0m8_E
K41ZmSWd0V5mktO391Wkg,https://www.youtube.com/watch?v=mdoUXB6PamQ
Y6k4UiX3vXXIvATqdJIDO,https://www.youtube.com/watch?v=Ogs3zebNNPA
26NdR8Z8N7gAMS3EOQFHl,https://www.youtube.com/watch?v=xnVwR-vzfJA
-hSlIZNEYRWxNeW-JbVph,https://www.youtube.com/watch?v=OvlccpeOaOI
RNbYv8IJuTbgEz7YXsgd2,https://www.youtube.com/watch?v=cVwCC8Og1iU
sV-jsLjHxsf8cOQiZELlS,https://www.youtube.com/watch?v=z8Gjbc-mseE
ncfEsExGXSt7zCM9tGX7F,https://www.youtube.com/watch?v=-ks-wfY6S8M
bd_SK3wX2pc9mKQQroPR6,https://www.youtube.com/watch?v=y6oAVPPQHE8
TBusYNhh_cMck7-FO7ED2,https://www.youtube.com/watch?v=VIZFBd8VcHw
Oy4MqZDTb31Xc2NMhT-Il,https://www.youtube.com/watch?v=OMfJDu18TIY
yDdzWWEggGJI0gY4bzhHz,https://www.youtube.com/watch?v=7ltFf61j6XA
WMQQ9vopeKlm5jG08jCCr,https://www.youtube.com/watch?v=y1VrIs1_L-Q
aFjaE5Q2_ZW-LasIOYjZP,https://www.youtube.com/watch?v=VQCn9dl4CUw
VEkQOLI9-b3JGyra7hbTd,https://www.youtube.com/watch?v=pusFTLaEOBU
kwInqMvSIAG1_sHz10rlY,https://www.youtube.com/watch?v=iKtSqJC7Ucc
tXBHkkBiU4j39JPVWzrAH,https://www.youtube.com/watch?v=sDzIBoW9Y3I
qgbw_YI5CzoUcPIAau0uD,https://www.youtube.com/watch?v=34vriNlgaDQ
GdS_LT-uc4SJ2-M_DolHW,https://www.youtube.com/watch?v=8fr26IEd7pw
mmI3IT8C906FmmQoGjRZM,https://www.youtube.com/watch?v=4xgw2juid3Q
OtJEOuRg1tnj0WQmUjIbk,https://www.youtube.com/watch?v=yt69ufg17Vs
LtP884v7DSFWC677wvJzy,https://www.youtube.com/watch?v=0W1qxxkiYiI
Hovun0Dz-h4qIqr3NZZsw,https://www.youtube.com/watch?v=Q0Gm-0UOqD0
6FntLL46A5VE_FSK2ap0C,https://www.youtube.com/watch?v=FHmP_c4D6WE
LDBKJ1UEpFuYf0yqo5MzI,https://www.youtube.com/watch?v=ifQg811r0ig
2jj4r4blv_6AgKqMYlZau,https://www.youtube.com/watch?v=Y_PhDzGYeUI
_iz3prhRpTBUHb9cEhXUJ,https://www.youtube.com/watch?v=LUtA12uWyLM
g_5PfsUIdVlPhySZuKuC7,https://www.youtube.com/watch?v=oOBe_S4EgW4
n395Xf_Uwenre0YTfkqzz,https://www.youtube.com/watch?v=vTSfz2Zt2Oo
tXxUK9j7ZA1YLGwCpU4Hn,https://www.youtube.com/watch?v=ad_OTL0ZgCw
DfwvoaOcoDh4EKSMJrGGq,https://www.youtube.com/watch?v=Gpf7HZLwU-s
xrkqoU6G9BG7Uz1I2psk7,https://www.youtube.com/watch?v=P23Q_seEipU
2PQ8AhqDxXjUTbgQWerDZ,https://www.youtube.com/watch?v=slu2YFopecg
SyrUcaPiJDxO5hJnmTJAC,https://www.youtube.com/watch?v=Jbthvkzf4xI
so5q7X64vj0nKEreyxI7b,https://www.youtube.com/watch?v=9msfGYq2wXk
KBl47HLY_H_Vss73GU0uN,https://www.youtube.com/watch?v=GeKLuoiUB9U
xoDf962v2u0py3Mi2nnzC,https://www.youtube.com/watch?v=dRuOlkUqHOQ
xl5_3iy8XzQTqTUkSXNt2,https://www.youtube.com/watch?v=EZko5_otpMI
ya1t0kqrtMsjRGKnfnvyv,https://www.youtube.com/watch?v=wbKpTPAElsA
dL89vtzyzmt7C_dThvnJ6,https://www.youtube.com/watch?v=drWzXXmKdnk
QsJ1GodPywKosnIIdUozC,https://www.youtube.com/watch?v=SEYC083vT6Q
iv8H37lAirx7PxAfzL574,https://www.youtube.com/watch?v=FC_30V3-2eA
AoaxBeQiyCVqTLINpzUUi,https://www.youtube.com/watch?v=74vYzXLb_-4
7TYgIa4Uf26fRDpfW4wpW,https://www.youtube.com/watch?v=JU9Po3q7lWk
eSWU4-VoCKpu5cI8xjfyk,https://www.youtube.com/watch?v=wtH7M6zjahM
wfaHlmu5lyCuMF7mrfACJ,https://www.youtube.com/watch?v=iQ3_L12Nesc
tKJ5vd1L0aAtqNJbimQ0F,https://www.youtube.com/watch?v=HBR5fIg-byI
4qiAathX00EjznmC93eK0,https://www.youtube.com/watch?v=7CSA6m5756E
saCOUrow20UnPxY3c5m02,https://www.youtube.com/watch?v=AsM8zJq-IaY
Y1AVS4fz4NPauS40wZQUF,https://www.youtube.com/watch?v=9rsNbW4VwFk
m-0cN5JfSafdT2XpxI41E,https://www.youtube.com/watch?v=h0m2M5drfNU
q-3scymH7qCFXZG_b20Wp,https://www.youtube.com/watch?v=uLBe0acxXQ0
ylVEK1OdGl-2x7lJMNP1U,https://www.youtube.com/watch?v=xaU7tUAppoU
nqpRIQlVRM-o9oknmHQgG,https://www.youtube.com/watch?v=Tb_iEqlLIpo
q05Exyt42JTZeTBQnG4S8,https://www.youtube.com/watch?v=BRqKV-ofKko
S90GPiQo_cN-XuGoNRFVt,https://www.youtube.com/watch?v=9_E-r7RBpwc
777enChuIeT7LQScQ3eki,https://www.youtube.com/watch?v=W8D_05nMfjM
MmNByZcUIUJBSShYesVCM,https://www.youtube.com/watch?v=RVRMYgLk0qg
bC7xDJf52azwGFnlRLEvz,https://www.youtube.com/watch?v=rsG34X0ZMZE
245lWClvvDjoSGQ1JU0CI,https://www.youtube.com/watch?v=nBn0dfe15fY
_XnuPQZsP9JQJgsfqoMal,https://www.youtube.com/watch?v=IsrMEhjHo5U
TwaAyQkr21oqduXsuk3UG,https://www.youtube.com/watch?v=xHSU5MVomuM
xGeISoJ3hcweqi6yf7JNg,https://www.youtube.com/watch?v=w28Q_b2qys0
OchHxs5TmZuZ5tekAuATl,https://www.youtube.com/watch?v=e47wXb9-6Rs
1AymNknQUDHRJb-sZYiiH,https://www.youtube.com/watch?v=fTIOB_JjMWg
V1DuwrU87UYBUSt9OuRE4,https://www.youtube.com/watch?v=8XpGFfVvJdg
tsa6Ip4kXWURtvW8ctIXh,https://www.youtube.com/watch?v=PhfNkQrJu8o
SL8XXus4c-yiATntlim9h,https://www.youtube.com/watch?v=eWK9eW0UQLM
12MbrcTTZe7QREvjht5GS,https://www.youtube.com/watch?v=mHV1_jP-fCo
LzsnQfU-HPu630P0w_ep8,https://www.youtube.com/watch?v=nZEWHHVPMeg
xY8_eVycprhf3_d0hXqC4,https://www.youtube.com/watch?v=aiRmEp58hxc
r6rvu1tqNAX2T0M8vFedD,https://www.youtube.com/watch?v=qpNBwtpNy30
wIvgNxmW_NCQUyux1JVUA,https://www.youtube.com/watch?v=k8ToXclidMs
0LjV95z1lft4J2OclfPqM,https://www.youtube.com/watch?v=qwLisZ81Y6g
rkGiNeE16dcuX3Q1is43E,https://www.youtube.com/watch?v=r5dB-YL_H5Q
GzQ713Klg4qgqW8Ld2hUW,https://www.youtube.com/watch?v=jxn0v40_KI8
jnGVfreLGijEc_pQeajPo,https://www.youtube.com/watch?v=bsXNw-p6nbQ
8JxhgOWBXcO7w0qVe8aF_,https://www.youtube.com/watch?v=bOlJAaYEolw
psY6mAJ7kU6GjxBGB8w_b,https://www.youtube.com/watch?v=jVBE7XGgYY8
uy0Z1DuNgA_CoC195PAAh,https://www.youtube.com/watch?v=x-YQyLJbnNs
xmWvplHwO78JiD2wtKsL9,https://www.youtube.com/watch?v=4RG9PzQiZcI
QfSTtwWqSMe5MGClv9CDD,https://www.youtube.com/watch?v=Ir-v1FzG-FE
sWuM0hUCbfPp6Ixwk5Kmb,https://www.youtube.com/watch?v=fOj2V3AeSOs
PsQ-pdcuJJCfL5-3wdDyC,https://www.youtube.com/watch?v=UuEw00sWqUE
_IDrNGINqmNsMnda1XK1X,https://www.youtube.com/watch?v=OWXdV_Y6264
G0bMYqNouFXoBhypJW--H,https://www.youtube.com/watch?v=qPGZi3dNWUg
OFQ7Tm0llmEkvehwHA7ft,https://www.youtube.com/watch?v=1uW1H8qaaiM
R0tdtftvgt5fI_0d_LFbN,https://www.youtube.com/watch?v=18e_HaBKuvs
4zu-fJAFBNJ9bgvyrajuc,https://www.youtube.com/watch?v=piQchLU9jMM
WVHbQQ8cwTXfr1DnSMhU-,https://www.youtube.com/watch?v=ZZWC0uH5t58
2dELuBIwAMVxBQ1clvu0U,https://www.youtube.com/watch?v=rzHHtdha50g
n-JrNjFuytvUQb7yEsnkc,https://www.youtube.com/watch?v=U0hFRqQsIh8
tRr5WVN2nDawEpt0JVTPO,https://www.youtube.com/watch?v=ZQsx_EZPGII
XW2Pj1RcQACL7DjL0pLjC,https://www.youtube.com/watch?v=DaaDFE0U8qs
f6EyBj2OIVKXrVxEYGUc-,https://www.youtube.com/watch?v=A38buJd9Rbk
PYY2-kxVsHZ_rf6fQ8CZe,https://www.youtube.com/watch?v=34BA2yJfQYk
Lt_5LQ74EW6KKsQ2ipDJ2,https://www.youtube.com/watch?v=Ff-4p3QP4w4
1zsOawKNFaiVdBYXK0htB,https://www.youtube.com/watch?v=jTITYDfYAqU
9iDFHw5u6W2cMpJK0I_CM,https://www.youtube.com/watch?v=Faf-grmBTfI
zjTMiZRkX2JlBHjkvj2io,https://www.youtube.com/watch?v=2xy6ENtqGKw
plrRXF-8XgLvA-EuH742_,https://www.youtube.com/watch?v=s-HXzx4mXmg
s0mEEtNefhlvhshUAg82d,https://www.youtube.com/watch?v=GV355NvfZg8
HfsPj1BNJls7fgQD06IHU,https://www.youtube.com/watch?v=eHQ471fe8Cs
U9YnRUn0HnsZbcQ0bVqie,https://www.youtube.com/watch?v=PLVHFyngufc
Z-1u6D_KOWswSRsZab8zH,https://www.youtube.com/watch?v=ulYIB1m4ABY
_G_tV0APlG2a0g59deVa2,https://www.youtube.com/watch?v=zsfnusybFRA
--7mmN46Q7zfFCE2gf7PI,https://www.youtube.com/watch?v=JMRQ_NUa4uM
Q10ksgXtgxCUOqMsk1Q9j,https://www.youtube.com/watch?v=Htc4qRAJnto
Uo9-DuHcb7mb9pud6jumo,https://www.youtube.com/watch?v=KYLE_zVa3VE
gE6fFkdIMxObUyxz50-E8,https://www.youtube.com/watch?v=wCnq2lxWAQU
xRJEJAXZB9sLKjAaRvo4Q,https://www.youtube.com/watch?v=XBOosrJP8yY
2rapdVAu-MGOHbge-jvGD,https://www.youtube.com/watch?v=SNbF02D23ig
bm0b28B9zdHS6d-O_H9FP,https://www.youtube.com/watch?v=5bt-XnGC-30
q2tZ2-pfXb_XJef8OL_YR,https://www.youtube.com/watch?v=61SfNyy_m6Q
4xNcMziC8gbhMQ-Rs9Z4N,https://www.youtube.com/watch?v=E5D8UztdIm0
rBhgcBd1pdyCsaEsdVcD6,https://www.youtube.com/watch?v=7aA0F_D4Fkc
YKxoGXAEVDqB53Asbsqe1,https://www.youtube.com/watch?v=rVQ1gj3OXIg
eDFMLsJJQq_70rQ1Zdhbw,https://www.youtube.com/watch?v=wijqRkyre-g
prx2Wb1AtxJdsI6NznCdi,https://www.youtube.com/watch?v=E1iPHGGRJaY
2VnlF8mHhuj8qkYA3q_1j,https://www.youtube.com/watch?v=ZODbqvPfLQE
vbAPZwfWMzHQY-KVQLpA7,https://www.youtube.com/watch?v=G1uw-THbr4s
nyyaGwwxuN6nxoH3_eaV_,https://www.youtube.com/watch?v=tkah9h9abTQ
16FBCSt35RpNYwzdnXAWp,https://www.youtube.com/watch?v=G6dGBecaKCY
Pu2YuOuftBLb9dfHYgw_U,https://www.youtube.com/watch?v=QKCIg0KIeuI
foxzY2GXk_XD4tHwyp3Yc,https://www.youtube.com/watch?v=vuezxACxGaI
bzj4-h_dST5q8MwLiWkpp,https://www.youtube.com/watch?v=sSB0UTMokHI
CvIYzOtR306N5AqLOPrHD,https://www.youtube.com/watch?v=Q3-E65PDeYk
HSo56va2035TeetMXZxjw,https://www.youtube.com/watch?v=NfnKF8MafMI
cIsh3vwVhLCNtk2JjKQhT,https://www.youtube.com/watch?v=bIwkU049jdw
qURg8x2TSsFUYX2c-5LCC,https://www.youtube.com/watch?v=frlWs4iv5aI
UXNT1_8D0NVdGJ6FsJDPV,https://www.youtube.com/watch?v=st6wonGE7tc
5jB82M693l1mRkUExXZSX,https://www.youtube.com/watch?v=HIUEg8yVGeI
PXS9rQXpHLP9VXwqswZ7Z,https://www.youtube.com/watch?v=sbZj1yTbW18
MXrJfz3V98BYFn66yIT2I,https://www.youtube.com/watch?v=r8NdPELi2oQ
G585yUjJGbRxSQ9_fT4TG,https://www.youtube.com/watch?v=gMTySotxnJ0
LsEVCOBlwy_7Qkj5FL_Zy,https://www.youtube.com/watch?v=s4ZxLb-BYik
R6Olwa4Pww2b9LkNrduyn,https://www.youtube.com/watch?v=uEKU6wg4pCA
Fp39ZzAqJw1FYoTeW6HJf,https://www.youtube.com/watch?v=ORucxjJ92d4
pmkKIhqQOyRMIeWjCEjwe,https://www.youtube.com/watch?v=fITqqxCai1g
IxZWav2B_oTfaiJpeDV3i,https://www.youtube.com/watch?v=P5YaNX4TIhM
YcxYHVH8Euz8lL8tdGETM,https://www.youtube.com/watch?v=KUMqDf7xmgA
HI-q_e1s7cMwtdDNC54ft,https://www.youtube.com/watch?v=PWuPhZgkbAw
KJ6dwJGU6htwN6XA095DS,https://www.youtube.com/watch?v=Cvbd75aU-P4
vSRjhVWNVS0EfjVKa7rsZ,https://www.youtube.com/watch?v=ZfSmgSU39og
tRZcTlnLzbHtefx02vLBl,https://www.youtube.com/watch?v=pqC4QDby6q0
dfyug1Zp8HtO-5KPBMPDX,https://www.youtube.com/watch?v=0CDy4PNQx9w
23YyfO1Ek_qWk4KHxmDci,https://www.youtube.com/watch?v=kPPI1YaTips
HTVO8Omg1aIE76qZSSXWB,https://www.youtube.com/watch?v=BsNpBqZea4k
841Ejx3RDJGgnTAQFjU4U,https://www.youtube.com/watch?v=DlhooO2CeWI
dQofwMJe6aABynfp4YPfM,https://www.youtube.com/watch?v=2h29r5e5Dm4
lPNpgouQg97Sqg6P8mRn7,https://www.youtube.com/watch?v=Pi-2TfqFDgA
B6MAHQVdkO8HuUYNyNj9V,https://www.youtube.com/watch?v=bTvQqqfPEgA
kYsZ0vfIcmqLOGfO6OLmD,https://www.youtube.com/watch?v=NFSzep6mjIo
X42mKcEAziqT_ccWuHp1Y,https://www.youtube.com/watch?v=4eOHlObtFjE
Qbx94XDgdpbpdI3F6wgIh,https://www.youtube.com/watch?v=U-lLz5OHlSg
BbhA4KjBuZjW2YhDigI7g,https://www.youtube.com/watch?v=YIBU2qSy3SY
n6LqcAQp2KsDle2xmzi-B,https://www.youtube.com/watch?v=JgK8AVdBAHE
Y8QepOSk3XjY0LZU7-UHl,https://www.youtube.com/watch?v=g34_J9sV6r8
LZwWF31reZfMdJAVwSVMd,https://www.youtube.com/watch?v=0jFhN1ByPSA
KweTL15p_H0PcD371jPuc,https://www.youtube.com/watch?v=Hfz_ZNaBel0
my9R8a-VLH3wisdKkwaRS,https://www.youtube.com/watch?v=ZWgwVuhqbzQ
DIIFmMb0mBVO1TC6L5VDU,https://www.youtube.com/watch?v=Idkfsm9hGXw
IpcUK56wW-HmNPwtPaDtd,https://www.youtube.com/watch?v=Rh8R4ez0X6U
CsTfWFST7w7TZX-OkY1S9,https://www.youtube.com/watch?v=EfQzg5UKjsI
Z0FvSjffWGFkzdZba1cOe,https://www.youtube.com/watch?v=JxVi1GftfqY
LzSfvi3ezuyzz5Vyb4U33,https://www.youtube.com/watch?v=MF_9c_GCnAk
YB9qx_DqLblzcdjou3nEo,https://www.youtube.com/watch?v=1HMU3l1fvSI
AgCFfU5cVEFl4gcinO8lR,https://www.youtube.com/watch?v=qkthUiPyc-w
cg7m9tCjDUf2vsKd5AyTa,https://www.youtube.com/watch?v=C2mgaG-YYCA
uedXy58RR2MxECHSiZW8K,https://www.youtube.com/watch?v=7OPcz8va1sE
gHAEdThqlgX5qL4PjsrDI,https://www.youtube.com/watch?v=rOW2-cWrusE
kn-ji51O_cQ9PvPs2yfnu,https://www.youtube.com/watch?v=LXZynmZS6Gw
6YEjjP06Ypch8A-y5ViGd,https://www.youtube.com/watch?v=yKLNKR3pPFY
Etz672VlKwVOrx7Z1g2w6,https://www.youtube.com/watch?v=lsZFsZX8vBc
1GSRmYaYkxjDBkun3D3tX,https://www.youtube.com/watch?v=lz71KmHWzec
-0cmAOD7zusi9OSxq6wwW,https://www.youtube.com/watch?v=u8t5-et-3jM
Inp8TqjpsnMO_u-v5xgRm,https://www.youtube.com/watch?v=2XKfDO14_Qg
x8ThBpRJkcGb7miPOYKG_,https://www.youtube.com/watch?v=RIw85umaNsE
MQS4sx9eGU20PHawxnQbc,https://www.youtube.com/watch?v=vMQMUP0NgmA
zccMGPcrlQN-geXgDTurl,https://www.youtube.com/watch?v=bNQBx1OSqtY
0C1lk9Gj_076pl1ADppul,https://www.youtube.com/watch?v=q6Rjl8Lg6X0
__TxW0YVvWdk9zwKAk9-b,https://www.youtube.com/watch?v=TEwx1iGnmcI
n8Db3hOUN36tRfu4e4xvC,https://www.youtube.com/watch?v=Xws4RBthKx0
4O-nWkAdkybI1pnWQ2yTU,https://www.youtube.com/watch?v=2ghqZQD3iV8
15bna8HUw_8oJfbOrpIZP,https://www.youtube.com/watch?v=kvvzeTikyp0
9qkbSdkkcylkB4mTIGiPj,https://www.youtube.com/watch?v=DQjUG5t1j5Q
UNBlCNjMf1x0MQhDAUqHY,https://www.youtube.com/watch?v=O5zHdhPdYFU
n81b4qviTgFri7ZyA5CnF,https://www.youtube.com/watch?v=6d5Egm8_Isg
W0RPpTSt38AIXoHor0Uq1,https://www.youtube.com/watch?v=5Q6cHGLTNvo
F62GODflpNVTFuo_j4M2O,https://www.youtube.com/watch?v=S6dZer0xHzA
sGFf1R1bCq00joMllsvsU,https://www.youtube.com/watch?v=oV-hccV-HTE
6tDrSrmbjzWoszw1u8ySa,https://www.youtube.com/watch?v=nRTnFiZX2ok
b1jhpc1L8Xyb8GMMvcImJ,https://www.youtube.com/watch?v=qHlNM3Xf1gE
fMVjhvroHNRAKJtjO4xoA,https://www.youtube.com/watch?v=VrGf8xZMcHk
3INRLBqpxzEfMFEkNzAsE,https://www.youtube.com/watch?v=Dzd7m_tiHco
SDf4HtqQ-YHYCFAOgVyS7,https://www.youtube.com/watch?v=xR3U3koWwN8
Fr-vVOId5tnevf-7oA1us,https://www.youtube.com/watch?v=HDcbU2t5IC8
g-zfTLdoSM7Zv5LrtH65r,https://www.youtube.com/watch?v=dddMKsr2lhA
fBJtyUiOtapAVX_OM4rlH,https://www.youtube.com/watch?v=Kpc1j0RoQas
G5s51nBuBAcR-gDOBERXY,https://www.youtube.com/watch?v=tkdpyE223Gw
VBLFMKb0QIJrNaAvYxmmI,https://www.youtube.com/watch?v=PuobkkPeoC4
T386GgI5fUVjuYGkHgfHo,https://www.youtube.com/watch?v=kRPT0ttyp4w
MT4pJoSvey4VqqRCPwB5S,https://www.youtube.com/watch?v=T_58VYmk6LQ
QTm88fFdsxmcoXE6NRwWv,https://www.youtube.com/watch?v=-7rnHfrUMcg
wj8jc_Jfyj9T30bfQ61aF,https://www.youtube.com/watch?v=BcVHeBJyGGc
xaC8Q9MJYAewegA2iPJa1,https://www.youtube.com/watch?v=DpSrajHB7rc
o2vT2CK7vv8szfVOj9pcX,https://www.youtube.com/watch?v=XAkI7aMUR_A
CeImzMeIY2My4XGjdeoyK,https://www.youtube.com/watch?v=MJJe6GxxooE
zwW_iYGIAQU7LSwsss0qV,https://www.youtube.com/watch?v=2DafbFz81nw
fcNUaQPB09-xeY5wnEzNJ,https://www.youtube.com/watch?v=XT2Uv8XMnvQ
eqkXiJXzjIWzi2auUB7RJ,https://www.youtube.com/watch?v=JeN0-IsV1RU
r4-BrbJm5oF4DomhzxZ8Q,https://www.youtube.com/watch?v=JnKZu4QWxb4
bmsU_DpPbMiCL-p5jjG5Y,https://www.youtube.com/watch?v=9dOkuIYWLoM
AGJshPOwy9_EgFtlq2Zgc,https://www.youtube.com/watch?v=WIkVGgBqvxo
RLnaNchRIn3Yd3CX3osDj,https://www.youtube.com/watch?v=rZb4p1QjjAY
HJpBlZZQDbdSE70DbNZeX,https://www.youtube.com/watch?v=MVuB7rTccRQ
G9xFnHdshuUp2pIfuiI_N,https://www.youtube.com/watch?v=2ZxtrsBx9BU
Es3rbvnLcP2lQaH0tbo69,https://www.youtube.com/watch?v=9fPwWG1T8nc
lTChNU0UiLK_KDBbfUkwL,https://www.youtube.com/watch?v=OINOrySpYz0
UMDjelYbUY6D6mmikJgyi,https://www.youtube.com/watch?v=3HxXCp4R22w
beuDA2-WA9aAXhk9W0r2h,https://www.youtube.com/watch?v=tftTiS8bFkE
n2Vd35ibw60HKQGZ7xbiY,https://www.youtube.com/watch?v=9ZFDZ7sQu2M
UkUG8rDsjS8z-jppeYVzY,https://www.youtube.com/watch?v=w1JJ4lKR0js
28IyGeRspG425zxhcwdT1,https://www.youtube.com/watch?v=vGzzwtcEK0w
WIMosvI8cuZBgVmdNks81,https://www.youtube.com/watch?v=c_jN_-aebnA
pklgRmrfe570W0xTqvyQV,https://www.youtube.com/watch?v=c5uef51yKyE
GTE3OVO3ni4if0_3UBj4G,https://www.youtube.com/watch?v=dTBJO1NFmUU
XSAwo587UFreHV7IsOuT3,https://www.youtube.com/watch?v=ju_ieCirtTM
KBgbX4RLn179dF_DbQqlL,https://www.youtube.com/watch?v=1G4KqQVTYNk
5tyyyN3RMRdbzmliwaZOP,https://www.youtube.com/watch?v=wc2RBskIQ74
f4gj8nkXkw491KAnX_qNZ,https://www.youtube.com/watch?v=2SiT4uEquFM
KRcS8YabunYFkpQn4nnX2,https://www.youtube.com/watch?v=d6iF7rtf1zU
q1BHamaJUGXtPL_H0X6Er,https://www.youtube.com/watch?v=w4bdBZmCCvQ
QKyJ9gyEKysM81U-fm6r6,https://www.youtube.com/watch?v=Db7iDj84xtk
ALVCx2Tpm84DPwceSHtbW,https://www.youtube.com/watch?v=XWxqPXfGaf8
Ik27C2j4Aq0-NipYur5yM,https://www.youtube.com/watch?v=nxkZ8WV2c_8
b8dKKn8LIm_EUtj4fA7O5,https://www.youtube.com/watch?v=z4OFYMj_fOc
3Gs5grrYWZ_j-eb9ajJzR,https://www.youtube.com/watch?v=wT3n9bDqYeQ
UIL8J9wFKV2Xg3N0uDojR,https://www.youtube.com/watch?v=WF2K3Lp560k
2ohXMYnmCfwGlDTZN-a6Q,https://www.youtube.com/watch?v=4Rcvb6ON0No
6uyU1lVBO4I14rww9wc0J,https://www.youtube.com/watch?v=bFcL4pr1Bq0
M5VsF32y00VkZnFbQmEP2,https://www.youtube.com/watch?v=ALKfogbu86M
dJu0PF1LjflvBMc6Za3Gn,https://www.youtube.com/watch?v=_EBWAuTFWdo
pxMrFXV8hFMzls6xa2AAa,https://www.youtube.com/watch?v=ErKkQp3oL4I
MN7hLHCmbNqzayhRKv_A2,https://www.youtube.com/watch?v=I_pIuqY5TrE
LcxPO8iblYUIxWGFKflxg,https://www.youtube.com/watch?v=Onrb1x2MXsk
9uzz5HgHJSJBLX4VOqkDN,https://www.youtube.com/watch?v=bqfDfDQvOfw
Wx8Tt2R_TMdtJ_VRlg07-,https://www.youtube.com/watch?v=8zqpMUm19dI
Iz4dAUBaB-1Z11X4SPfNy,https://www.youtube.com/watch?v=5DdvJ73oe3Y
pojgH_PExLiqJ_NG0UMSi,https://www.youtube.com/watch?v=whqgU1oLL9k
sXrqeSbzxQNxGxeCNg0OM,https://www.youtube.com/watch?v=adbSrn4d78c
gTLV1P1PzcSAn90-cD8QY,https://www.youtube.com/watch?v=5ebe0r0_Tfc
oEfikuyh8EhNE6m2OiOKW,https://www.youtube.com/watch?v=5_ZDOdi7kSM
8HvP2pTxEOAQABkqaT-OB,https://www.youtube.com/watch?v=uAzP2ZMdi-U
eAGIKxxjUnZlJgjL5uCiN,https://www.youtube.com/watch?v=c5x4Q3iLDo0
2SA8mybJkQUPHY-t-P_3w,https://www.youtube.com/watch?v=JAFe73QFKzw
ZY86DcIr1WHuNwP0ECqcD,https://www.youtube.com/watch?v=utcd7Ts48Uk
5hia7Gb46TFkXsBYtOj3x,https://www.youtube.com/watch?v=ovO7Hp3iZ0M
ODxLCejXantOt8R5i05ER,https://www.youtube.com/watch?v=5yb7laIpbEA
HZj_GTsl2GeMi816WReCF,https://www.youtube.com/watch?v=K2wWBSUPE5g
d8LnCjPiCP_W9Ur1qk8t3,https://www.youtube.com/watch?v=B3gG11Vn6yA
4yvE8TY5aRzh8azwvLzfp,https://www.youtube.com/watch?v=amYOSai3D3k
me2Sh17VlCIDGa9FD6zAW,https://www.youtube.com/watch?v=XqN8ugo1zj4
eVh0xLbwrK9oeM789fJea,https://www.youtube.com/watch?v=vv1DllW2U3A
4KeAX5SID40Tbn-9AQemB,https://www.youtube.com/watch?v=opJW7vM3tVo
BB0_glSc8-afqZB8NQBuz,https://www.youtube.com/watch?v=HWXDLowJ1cs
W2WQCO4TfQNRo_3Jc0tA9,https://www.youtube.com/watch?v=VxfY7iBi9qI
MdC_p-d8ZVufFC8Bal91H,https://www.youtube.com/watch?v=Swe3NtXBCTY
2zRoh36a-rdAC5ig_wDgz,https://www.youtube.com/watch?v=D1N5ofFNxcI
h1a1qqDnF7FCUbMCGpGAE,https://www.youtube.com/watch?v=wX1wc3Q2V3A
8F5AuaHWAHXyYL_4mabIi,https://www.youtube.com/watch?v=ctWCij6Ab38
HoV8bHVuFcNRAiWpcFAtg,https://www.youtube.com/watch?v=7efM4pNOilU
Te_Wt9NBlBwdKae46o7zi,https://www.youtube.com/watch?v=1XU7wWDmZd4
m6uBGY3cFaR4koyazsqAL,https://www.youtube.com/watch?v=ge7MjR_REOc
rzS-xreh1yMGqkE7K-DfF,https://www.youtube.com/watch?v=qQLFqTyz-Mg
xOrM-astM1kcwSQ51WiFX,https://www.youtube.com/watch?v=x7doayDgFKY
Ad-zzTCrtBxm-10uAPTTJ,https://www.youtube.com/watch?v=zWQ7_uLJJXA
nzreqo7lh7okWjliyFo0r,https://www.youtube.com/watch?v=WJOTBHtjJ04
VVnIM2IGpM4RNeWqJZmGH,https://www.youtube.com/watch?v=WKcehdInl8Q
Lj06GwxDLX2cmq8nvhJax,https://www.youtube.com/watch?v=hFj0iFdjHFo
XvTdkY7wmfhcepkJqsVHz,https://www.youtube.com/watch?v=v4OOskgJbs0
flLDZv3D-9wLF9AyIFEpA,https://www.youtube.com/watch?v=GGgEWO9HqvQ
T4m9s2FxxgPyil3ugUJPF,https://www.youtube.com/watch?v=W3j_dYATJ9E
8x5ykANFXApC4gnRFJs9U,https://www.youtube.com/watch?v=cYW5QBxFvUU
oGCoZynFoYxQ6juPsuu_Y,https://www.youtube.com/watch?v=dyDiylltLNI
5D0peB8F3hrNArg_ypCqn,https://www.youtube.com/watch?v=-8rv5XHf39Y
IjZLwGLy-MzfialKvvoYU,https://www.youtube.com/watch?v=4jRNAVHJPoU
mUggzl6WUBbo0GrO1FMsf,https://www.youtube.com/watch?v=6N1Ea3X4a5Y
xGwAKE7FBeo91QOtA905E,https://www.youtube.com/watch?v=EdRkP1XvjHs
e64l04UA1rR_2UjdJ3XlE,https://www.youtube.com/watch?v=BOvkwlIM1k4
0SfZRVw0BWMm_NnhCvg-b,https://www.youtube.com/watch?v=9SBjDB31Y3w
aJkTdt6gNrjVkLi8sMSrt,https://www.youtube.com/watch?v=ecVhJR1tSlg
AnkQQR4gTI85vWtiBMldJ,https://www.youtube.com/watch?v=r5vIRRY9QZM
NzMQUFDBvjr-sblO1olGq,https://www.youtube.com/watch?v=2DiX3HQWM2o
2jzpRPCQpeGs3B5V59q2E,https://www.youtube.com/watch?v=NOIhPTBGhPs
4xvSl4zaKo3_RVkxl22Qa,https://www.youtube.com/watch?v=UzdNh4CUpdg
87byUgYfLhx9_oejVxnXo,https://www.youtube.com/watch?v=dWiCGHPOT0A
DGdLyeYh4s5Vrc9mPW5Kp,https://www.youtube.com/watch?v=2A4CBTWR2NE
PTt_M9NFaYD-Un51CkdNd,https://www.youtube.com/watch?v=CeIBjC_WMt8
FOo4QCHrdvI_W3CHyN0Fw,https://www.youtube.com/watch?v=iOcTqINxbCI
JA6rmv-FCFeOTOQi0XHn-,https://www.youtube.com/watch?v=TZbC8YYisi4
M39gSyYWquOFVJXE4HvO6,https://www.youtube.com/watch?v=ee2HKz5o_iI
fqO0aGcoADMKVYroH_SWK,https://www.youtube.com/watch?v=3dBJ7y0VWUk
kiRaf-4ANJ_D8crxbCMbF,https://www.youtube.com/watch?v=HzOtZEwq46o
c2myEVTvQ-8akThJBOawo,https://www.youtube.com/watch?v=PuU6uTU_zgE
z3w9vrhLoYm3ZZdAVHzUg,https://www.youtube.com/watch?v=oUOuRNxfAm0
iiFxTK4laDfO2LasI4XtK,https://www.youtube.com/watch?v=-A_qvZkuRVw
Md_rLyIVwwt1RVJkP3c9O,https://www.youtube.com/watch?v=X083fmGz3NA
P2OJv9u_zhyOvrfLo7M-7,https://www.youtube.com/watch?v=bq4yjEEHziE
wUqjyfgrZRM0ZPkfSP721,https://www.youtube.com/watch?v=FXSkKYPojrE
t3Nc7QL_akYWMC4Ii74h3,https://www.youtube.com/watch?v=P9zDYAFw1ec
Ke8bSqphKaM2sXwh-aT8-,https://www.youtube.com/watch?v=DBkQQFMNzcM
wANj0uDIDmAUQVoe1jaHY,https://www.youtube.com/watch?v=9cjuS5hUIGk
r7ty3yBWtgxug-EBztmNb,https://www.youtube.com/watch?v=-jMKkOey1Ho
LpVFy42wGFpaRtyBd0YZ6,https://www.youtube.com/watch?v=nTvCsSaN_vg
Xpm-CNA56QWYqTon9u4d5,https://www.youtube.com/watch?v=htsBOk_qJ88
6RhC1RjtZbu45LVL7e6Dw,https://www.youtube.com/watch?v=GZyIhd1JIIY
6cVdr_PEwYqWdWHiaMPsK,https://www.youtube.com/watch?v=8c7YydOOd_w
RW6_JKQ1_tPguIy7C46zQ,https://www.youtube.com/watch?v=WzXihaD1fwE
3gGgoJb_fck-3OLOk2ZwK,https://www.youtube.com/watch?v=toDW9GpGPwI
HNj74WfqTQ6LhCsLrCsaI,https://www.youtube.com/watch?v=XuKQej53fKQ
-3lBKhnT4GefVStbhCHet,https://www.youtube.com/watch?v=yIwiwJqMFW0
WRFq3_y8j-9oRWH8I5yRD,https://www.youtube.com/watch?v=hIE6eQbzPok
d4DIuOW7LsaQ6mUcCpbCU,https://www.youtube.com/watch?v=Ze0bXC8o9GA
v78fpXO-rvy_8MQiAQaBK,https://www.youtube.com/watch?v=r_OzjwrSyP4
9pnJamSBLXPIgDTBs-cpn,https://www.youtube.com/watch?v=wtlT8JOlrik
oBeVygNGJe77c99Ax6u8U,https://www.youtube.com/watch?v=1MEV-8HMax0
TPgfYBXSWG8QVVeJ2z9Q7,https://www.youtube.com/watch?v=OEeVqMSp1pk
DSutSVyB5DPSQphpDonsE,https://www.youtube.com/watch?v=AmE3CLYLXKg
j0hdCW2-znF50p4k4xPUu,https://www.youtube.com/watch?v=DHhvzqbunjw
k7si6DuF7r17hE2gSocC4,https://www.youtube.com/watch?v=l5tpvh6a-Z8
1-8OAFxGZNjNU-gvov4PM,https://www.youtube.com/watch?v=BiHgPCWCtOk
2b61xu64-lBPATK9ybXGf,https://www.youtube.com/watch?v=2RoC-Z2WB5E
Lez9rKpQddJiJS1B9PelO,https://www.youtube.com/watch?v=-S7U5BLsOZ8
DQgkbm_bmA_I8X32NHTYM,https://www.youtube.com/watch?v=ot9x_IcTrTw
f0qviyO2KBpkuuIPz0e1N,https://www.youtube.com/watch?v=trzj0h28lmQ
uyw9ac8L8gmhVchfibxGW,https://www.youtube.com/watch?v=f9vEQXwDojM
BhNauDFIgpCGH5NDKkEWG,https://www.youtube.com/watch?v=wpZR-7Ic0Dk
6aE3RgLe5UtlxGJcZU8l3,https://www.youtube.com/watch?v=XhRX10LHjSo
9N0MD53pU7traKkLebQH-,https://www.youtube.com/watch?v=XaFYC3YvU1E
le-qiHg6uGcVIKof0pDcv,https://www.youtube.com/watch?v=99DsVYUIWy4
R1-75aXATVQzwrexEu12B,https://www.youtube.com/watch?v=QGgTdovZ8QI
mgLWFpz3eCwkw1juGfwFI,https://www.youtube.com/watch?v=7VxqcJx2vrw
QjSrGF6kO2vGm9dcDVIcw,https://www.youtube.com/watch?v=t_ADcKpbE6M
lyIei6Ll3UxHBaRezcpqn,https://www.youtube.com/watch?v=rfDY4Zkw_kI
VkKcMEqkH06ToiKIJ8V8v,https://www.youtube.com/watch?v=meaKbqyQj9w
w2wUY_xF7SbSSnPkflifa,https://www.youtube.com/watch?v=MjOvRnKK3jk
6Sp6s7uSBkZypVBfMLCks,https://www.youtube.com/watch?v=IMDYRyRZpFk
jId8QHPgOKeO6ugtqKP17,https://www.youtube.com/watch?v=b8dixXNi3wE
8LIwvwv9Y-XKIav0LWrQ2,https://www.youtube.com/watch?v=HxuD-qh1etc
QiMasSRc1o1Z8QimKp31-,https://www.youtube.com/watch?v=16ugWiWQ0_k
M72SBoHg3Y84jKkYqypck,https://www.youtube.com/watch?v=fZrh3okeyHI
nq4FwlwectqvWHQs7EVvO,https://www.youtube.com/watch?v=YhWw3KsiQD8
Z71jiMkabij63czvHKXOX,https://www.youtube.com/watch?v=lD3mvAI9Moc
IAHsmwHsnI0LncGiwnHNx,https://www.youtube.com/watch?v=l6x4t4fIDMQ
CLFCGIHG0QU-eDpCbhECO,https://www.youtube.com/watch?v=MS6B4ax51fg
CMXkWMYlSIJPCAJQQD5w_,https://www.youtube.com/watch?v=O8OWPNXQRfg
9ofozRqobKmjfAXF_Dozt,https://www.youtube.com/watch?v=6y54hjIVW0M
MlE-sOLi0NuBy38VRqp33,https://www.youtube.com/watch?v=RYnUl3nqeIA
Mot3fDEgnkhq6axOlwTuu,https://www.youtube.com/watch?v=bFcQkeS8R3c
r6z2ZvegcBwXnXZtgHXvP,https://www.youtube.com/watch?v=UOrlTrYsXgo
iamLZ8NoL1ytqYCLYBiZ5,https://www.youtube.com/watch?v=z1XhKa-dkw4
I8U0qAv6Xh5HIZi9Fyqs3,https://www.youtube.com/watch?v=6FzhgWaUjbM
2BSyjkPG8YWUknDsgmiRz,https://www.youtube.com/watch?v=YAgg4AZXP5M
qPOg-jZBL95Wm8awwL1a8,https://www.youtube.com/watch?v=azecC7Zq2Fk
crh__lPAb4FdK4BbXwcC6,https://www.youtube.com/watch?v=GIzcPHI3is4
_Evb2VDkxTJ6i5damemul,https://www.youtube.com/watch?v=iiDfjhAo_kA
sV4aPiQEXRfUmHkhb7iNj,https://www.youtube.com/watch?v=I1js2U99_Us
9qeyR-t0qul3GpTSXdFJR,https://www.youtube.com/watch?v=PydT43s7ESQ
yb53wz_efBK9egc_mQ8yw,https://www.youtube.com/watch?v=T7i23to3GVA
dqylxZoLN0crkErFWRM0f,https://www.youtube.com/watch?v=aW0vVCjJvYY
xE_nOYxU0dK3kUcCA-_Bj,https://www.youtube.com/watch?v=A3SV5hkeZCw
sCWY0F8i3jVhm3_2vS_Vt,https://www.youtube.com/watch?v=SinZiYOlZXo
FCubu3QzzWVBqeTYqHQqU,https://www.youtube.com/watch?v=rAc2vQk5hBg
0IsnA8I2_grTJ1CS_y7Qz,https://www.youtube.com/watch?v=wZY2SrEW6s8
9JtkasunzfUoQuilIgTfk,https://www.youtube.com/watch?v=tD8QnCBfs1Q
4MB_RLq_aRMcn0BKGuULw,https://www.youtube.com/watch?v=xOlJW1IlJIY
P6VKBsOYwn6Zo3dK35Chz,https://www.youtube.com/watch?v=r4aDitV56No
wUgxl5j3_SlcnO8HE5qTw,https://www.youtube.com/watch?v=BEM6A3Thk7o
iDqlQlzvU3S5OF9lFmYpS,https://www.youtube.com/watch?v=jOZ3qha_dQ4
2EyDIcfBbGxWi8gnNiexG,https://www.youtube.com/watch?v=Jbn7RmitSb0
yzMCDFRWlN9IfcGCqqZtT,https://www.youtube.com/watch?v=fvreOfzz0HM
F2HhfJpG6_mDRQfvzLXQe,https://www.youtube.com/watch?v=7n2zGOgr8Tg
nNSgcc_GIbGvxxgM7T1r4,https://www.youtube.com/watch?v=DCsVMvM_Pv8
96zyNA56ozCiLvdG7QY16,https://www.youtube.com/watch?v=4Wiw-L5LgxY
so4Q1oSBfhQTeVkNo8y_c,https://www.youtube.com/watch?v=qm1V8vTE-BE
4gEhRy1XXzAdb6xes5yyH,https://www.youtube.com/watch?v=pLdihdG0IxQ
vIOXHhHLDlZ-s7QilU_uL,https://www.youtube.com/watch?v=eJDhcgSD9BA
2TESChAlO6fJPS5Tc3fO1,https://www.youtube.com/watch?v=4FHI78i33W8
jTBwtol8rCKn5jntUAFlN,https://www.youtube.com/watch?v=w8VFC3_orok
mhToG8OnBPUulVhMu26F8,https://www.youtube.com/watch?v=s3wC8hEjUx8
gwMuDdlNDJS541eRlFvJI,https://www.youtube.com/watch?v=vWOnG5UKR-4
flyedhJ4ALZPTVXRpc9e4,https://www.youtube.com/watch?v=WbjChV6s4wk
UhfHRah-mvOmj1g2d6jz6,https://www.youtube.com/watch?v=xg5ZClkfCQ4
5vP2RYSXlmUwAhScx3VL-,https://www.youtube.com/watch?v=oNuyb4Qe0vY
JdvJm0YKnXhCFvnkX0NWf,https://www.youtube.com/watch?v=XgiEiTFiA7I
Lbo7c_8YlhVR9LRCXbsB_,https://www.youtube.com/watch?v=ptR5qsHXMdU
zA5Hei1O7-T6vdLk3Wpx_,https://www.youtube.com/watch?v=sg7ULn2dGaY
8L09EBiyOCVP8Vhp8p2fW,https://www.youtube.com/watch?v=EYZrGZV7sOE
6F1gR-YkyKIlZs2lCwA9F,https://www.youtube.com/watch?v=-pRrQ5OMRhI
jzpmgiUQikoeIDhQ-huAO,https://www.youtube.com/watch?v=e3GMygcuWZE
rXVO6U81LmWOdM8KhCBNA,https://www.youtube.com/watch?v=uTG2Ii1e000
aEuT82oKA0rtw1mW4VHYK,https://www.youtube.com/watch?v=ZEUMZ_LGwhk
2e5U9R5bLKQEW0ciDLCiz,https://www.youtube.com/watch?v=UTKMgA5aLxk
owlPQAIll4bXbj3c2-b91,https://www.youtube.com/watch?v=4yL69ws_aU8
7dEaz8ygWnwfwixz8njYB,https://www.youtube.com/watch?v=m5CyKrwkyLg
tU1imoUmN2ERnEt0aZaft,https://www.youtube.com/watch?v=RSr7INe8DNc
C9b7fhe3-_UqF6FaSKmuK,https://www.youtube.com/watch?v=osC0B8KUris
nSq-9xNQlFS6dEpZ2JJ1D,https://www.youtube.com/watch?v=w6rIUr1vz-U
8SntxasLb-n5e2s1coScF,https://www.youtube.com/watch?v=jf6ZiXY7Pis
M9Oaym4cN8jh6KdOkvwdD,https://www.youtube.com/watch?v=USgX4E3QWec
t1HO_yxV1z-JlqUth9TNV,https://www.youtube.com/watch?v=JW2pubP5XU4
j-bAEIgWWErm6y82tfj0G,https://www.youtube.com/watch?v=5-swcFZ9v-c
pQUgDPFNlY7b5m_pMUuyN,https://www.youtube.com/watch?v=C-ZUkoLM0Zc
Do2wM8LGoG9LJWe_2NB-h,https://www.youtube.com/watch?v=9pKshpXcofE
QygIwOrOjTcDxCnHa5blV,https://www.youtube.com/watch?v=V0no2Bfc5HQ
8ieKjLBkfeS4-8ENS7u2Q,https://www.youtube.com/watch?v=OFGF9rSe8h4
Yl4wYiC9O2b8IkjWtgZN4,https://www.youtube.com/watch?v=2t5CEEbjAC0
ggzM76XfNRTeqsTk-zRDo,https://www.youtube.com/watch?v=wRYTqGM7aIs
7FX1yYl5J-gVL9jSe53Vh,https://www.youtube.com/watch?v=y3gPS3Wkndo
hTD96phXC8tueBLaX2s3e,https://www.youtube.com/watch?v=BO3aA9khSjo
lFgi3ckf9YK2SM_rGwmq3,https://www.youtube.com/watch?v=XwErqzX2PTI
WO91lnC6zdqNH3wIxtPO0,https://www.youtube.com/watch?v=86HlkUztHRQ
VgyVIZjqFH5dAk2l6-jSg,https://www.youtube.com/watch?v=ntp7zYl9-TA
9WfsdjUj4Ti28g_w-LRlN,https://www.youtube.com/watch?v=yNpV8bQbkBo
LGA01_AJdzJwcLTW7m3wD,https://www.youtube.com/watch?v=Z-q6Ru_BHAE
A5EIMROBrmJ1b8xVlk_iW,https://www.youtube.com/watch?v=XdVSGgv1ZPA
N7HP0mhD9KFulsAim4La-,https://www.youtube.com/watch?v=rEYzykP02Gs
52LXe0KKqXcj3fAAXi8ly,https://www.youtube.com/watch?v=MgriP6XdnEw
WWMgCFRXpOJp7VBStZmdf,https://www.youtube.com/watch?v=ZDl5dqagJSw
GwmlRw9UupNb5zLfFWSUL,https://www.youtube.com/watch?v=NErdQ-oaw0c
1CnpxGSI3sz5QkXeRX7Th,https://www.youtube.com/watch?v=s6G5dDd0LdU
orQzqhZLrQExiBCXsOAcj,https://www.youtube.com/watch?v=VseIOjSagXY
e1IrvJ1aN95uX5Zvu5cG8,https://www.youtube.com/watch?v=-U0NEpBUYZ4
coUNOSqH2u-jyHHGtUGKx,https://www.youtube.com/watch?v=H3GbHY_gbGc
hvfBIHztqohgnH9yVQC74,https://www.youtube.com/watch?v=SAujifY5XRc
eXDslx2rRQ9mHUF66A1cz,https://www.youtube.com/watch?v=TccFdDvDbmE
6AjYxexxwq5TahwllqiUl,https://www.youtube.com/watch?v=fWUdTATZlCo
DF2kB2NaqMbHZyCfXc3Vi,https://www.youtube.com/watch?v=L2snHT9m7Mk
i_uniLs5MziEujGF45zVU,https://www.youtube.com/watch?v=T4VKAmq9q8c
wnSDqUHIqPI-0aVV5rc7X,https://www.youtube.com/watch?v=-xiN4At6w00
M2_wmDN7VoAKXOVQnroV1,https://www.youtube.com/watch?v=kn8TO-D1p5k
Z9GmAzzTMCo80i0oiM7Bq,https://www.youtube.com/watch?v=VujHRAAj-nY
OICLMuaBriL1hqvzwn95R,https://www.youtube.com/watch?v=3V2XzwA3iiY
FXDacU1Q4QyEzQ-NRm5EU,https://www.youtube.com/watch?v=Uq9U4xh6pu4
8HSZlHMMMziX4T4J0KgI4,https://www.youtube.com/watch?v=RPNxxZhXxW0
Hd_S_R3hQcdRGRZhpAJkD,https://www.youtube.com/watch?v=QeJhNgUnkUU
iccYa1hGGEDj16xcONm73,https://www.youtube.com/watch?v=Xke8O2GL-dk
vnxsLQRFAZSTTFA45wFvU,https://www.youtube.com/watch?v=c_mu16ZW53g
nC_qF5nehiER1_LIXESCt,https://www.youtube.com/watch?v=yqI7Wc2VIhc
cyAy4nQbCHYczf6KgeZq7,https://www.youtube.com/watch?v=I_lqtIAdJgQ
AeWbKaLD_sQ2_opYljaHU,https://www.youtube.com/watch?v=JVi0sS_o5lQ
5KwJ1oenrNvrvwshu84EU,https://www.youtube.com/watch?v=Ip_Z07J9Pho
_eGzIew3QQcgzaDO7sZDD,https://www.youtube.com/watch?v=jEOioJrxQJE
j4ECT9lpBM9xc-T7GynVT,https://www.youtube.com/watch?v=vvgR127Ssjc
Yvsu-G6D4pLtAe8mLZW0e,https://www.youtube.com/watch?v=lOQlEFJXufs
oGAy5I6Gwvz4KVqFiIaSU,https://www.youtube.com/watch?v=mAPuaEgx2_A
Wv6EyVQAKgghFi6-Cm7dF,https://www.youtube.com/watch?v=rpOjiQxrfVM
C53G6YWJV_5-gMbq141_k,https://www.youtube.com/watch?v=eTz5JMw6zO4
L9RDnERAvljexWFPuRvry,https://www.youtube.com/watch?v=D8tCsHI_iGM
wFya7cuFSWwh-iO9SfJ-2,https://www.youtube.com/watch?v=zgIGwzzUooM
PmXylqPC8evki1mIPTmJg,https://www.youtube.com/watch?v=4QSz5G2iXZA
xuhRS98VplguqEjUuQ74X,https://www.youtube.com/watch?v=Dy1GX7qy3jo
W0CTAdqAb4BSl0LeQ_6Yi,https://www.youtube.com/watch?v=bWfrqt-EVVw
GJvCHtoqneIlSWSjObjwk,https://www.youtube.com/watch?v=tuYsZ8O_IlE
SQd-hkXexGnyz0S-l_ONA,https://www.youtube.com/watch?v=vPiAt7bYRc4
iSb9q7bdWopfU6zA_rCph,https://www.youtube.com/watch?v=iVS4XBa5O8E
zIq-GBb1RnE-4NXMT-ram,https://www.youtube.com/watch?v=UfvyLnM5cKk
iGT-RbIFFa1aZ0tL4tLci,https://www.youtube.com/watch?v=CRAQuBxVhzY
4kyRmE2iBZsYVcsLUNylc,https://www.youtube.com/watch?v=VQ_tfvuurhc
r7covHXHn12TIgoZvCy4A,https://www.youtube.com/watch?v=BPtAz0-8OSI
Q0s1fndmLEFjtY1IvkEsO,https://www.youtube.com/watch?v=hvcXV8xZyhs
CJoVQ_JOdZhqa9dEHE1if,https://www.youtube.com/watch?v=iQ5ubQ_vuRo
4uoDfY8vQuXFLHUaVe5sy,https://www.youtube.com/watch?v=-BaUVI1le4c
evqEvcVICH_jSw-PzPhOv,https://www.youtube.com/watch?v=O-QtF1OwVgw
W-EuctYfkcxglZhrFMI9y,https://www.youtube.com/watch?v=hd2FTf7ujKI
f33Y2DlOB7NntQhjmjhpe,https://www.youtube.com/watch?v=rxnGAwiM0yM
TlVZqQs3ZrBXm1nEraAcQ,https://www.youtube.com/watch?v=oO1j0hSTZU0
C9t4n9iG87I9UUvqA_hny,https://www.youtube.com/watch?v=odbbGSCEZWg
ZTmpyCSL-1l2_EMQa-unY,https://www.youtube.com/watch?v=GVXV1CB2MG8
x6BqJRF3zaH2Siu7DLj3W,https://www.youtube.com/watch?v=JRkap7DhYYE
qLF3IbFNKXirPg0r8UkXs,https://www.youtube.com/watch?v=Jd9nLvpLC2I
KkMG6zNQRFE8Niu0eVn0Y,https://www.youtube.com/watch?v=72hLWozVM9s
JUrHwTZqVkZ4q_KncuWDw,https://www.youtube.com/watch?v=ypTX-TPZuAg
ZzWe0iRk2IHVh4mZNmi1Y,https://www.youtube.com/watch?v=UCb6m-bqFsg
Kt7Jb01cQUlhhplvaygi2,https://www.youtube.com/watch?v=3a23IiRbolA
YhfRN2FJjgAJhnwLvdOGE,https://www.youtube.com/watch?v=FezORY07MP4
YL9ilpNmC2X2xSHE18pxr,https://www.youtube.com/watch?v=drO7t93J7uw
HJl-pSO6meCcNy5a7CVNF,https://www.youtube.com/watch?v=Ohy7f_P4hdE
IRXTMCcPSy9GSipcEqwu9,https://www.youtube.com/watch?v=BG4AmlggEbg
t7JtDmHE24bFSecSqdqsq,https://www.youtube.com/watch?v=R4MK2nL6h5k
0ZSDNDtQancfHS53Qpi64,https://www.youtube.com/watch?v=EhSbecOirHU
EoXsbLihY_Xj7xIvivRCM,https://www.youtube.com/watch?v=f6rC5HD5lCo
_BnxGMfEnWIT2OwjFixmg,https://www.youtube.com/watch?v=4fIxGsdhocg
1v5Rth8nmvtmlLmx-Y_rQ,https://www.youtube.com/watch?v=zG1yfISR6WU
f5l6rAmB4xS2jMv3W4h1D,https://www.youtube.com/watch?v=N4OnnrUyfIs
4fjIhlTxekrxFA2yR-6H3,https://www.youtube.com/watch?v=gmp9__cIQKs
iZmlLwxQhnYr4GBVsq9lT,https://www.youtube.com/watch?v=x3LHMs_wZyQ
1Tmr4OaSxfnFwRk5WE5Ah,https://www.youtube.com/watch?v=JLnCWwBKW7U
2VCHoIabFde1axjotj7Cq,https://www.youtube.com/watch?v=S_KG1NdCb8U
thwhXreqUU_psfn1madPY,https://www.youtube.com/watch?v=7ApjtrwwnF4
tIQwfbLa8cMxydkSOfkeA,https://www.youtube.com/watch?v=TFu8TrwzunY
5oVnvFh-NmWzDGqM1EFxL,https://www.youtube.com/watch?v=F2VS3OEey88
1ynryOg7Gu2HFpGvS1nTH,https://www.youtube.com/watch?v=viweeb6zhNw
ZyPkz2L3kuXlzjmXqoaH3,https://www.youtube.com/watch?v=ltL5zj1hpOU
gIN6LAK7yviP-MpLV6tlb,https://www.youtube.com/watch?v=BIWoL-Fn908
kuA-y6afI2cPdvUtpI9S5,https://www.youtube.com/watch?v=NVe7wazt6EY
yxdIYnkJeWrAeV7Za-bGq,https://www.youtube.com/watch?v=QnnX4bzRoYo
rKcmTkdkQ44c1YZv7uzMD,https://www.youtube.com/watch?v=DfYgCr0kETs
2egz7LNlicdq7Ix2KDH5A,https://www.youtube.com/watch?v=pj2MbBwUSwA
yCHlMM3IWCBw98CUPNIXV,https://www.youtube.com/watch?v=pnbP-53dyfg
jwP-tOrGYgL5VWoHdeQlB,https://www.youtube.com/watch?v=daGKyYiraBM
2lfM7DRc2DwZSEdAUX22U,https://www.youtube.com/watch?v=7Af3-kp4nls
z_KEqCrkXjA8GCm8mGa_5,https://www.youtube.com/watch?v=CgOkmhCUbJ4
LxioWPxwBE5noImCI5cbf,https://www.youtube.com/watch?v=j4eYSxD-VVA
j4BY3uFbBQovPs8RFerDE,https://www.youtube.com/watch?v=TxD8aMjE5RU
nBc8gs1UPB7-LuXAVNl2J,https://www.youtube.com/watch?v=RSQ-3IYkYis
sCDcyMnxDqhReBTplj_VG,https://www.youtube.com/watch?v=Mbe8TuAoizE
STa7vJM1YQszRWOowEW5o,https://www.youtube.com/watch?v=Onzzs2eYUkU
mTRhHPcfD1_76GNJ3yeDM,https://www.youtube.com/watch?v=59Z1_wB-Meo
isTeVId-VbsKzqob2meTk,https://www.youtube.com/watch?v=fSpi8nb7MBw
Ud03FHwf6nPuWDSTIZGu7,https://www.youtube.com/watch?v=985d2C54PgU
oLTKqQa2_aDghjQzgRhTY,https://www.youtube.com/watch?v=N4I1sYHXyGQ
kz5QK4bXzEy2anMbEume3,https://www.youtube.com/watch?v=9c-LvmSK5PQ
6nXooXT6qz1iCrObGTdUE,https://www.youtube.com/watch?v=qDHvGp2H3Ag
vLU06ROW7tdLc_2mmP6ax,https://www.youtube.com/watch?v=srjxjmvJv2Y
JklaK7peVGoFIaduWCoCf,https://www.youtube.com/watch?v=waseNX-6rgY
sTU8HCc_bk_lc_BrEphAE,https://www.youtube.com/watch?v=bTkE9bM0zA0
HaqNh7PfGK5pk5Rkii0f5,https://www.youtube.com/watch?v=EK_DM33erUw
EssYneKglaIh8nl7jcbjL,https://www.youtube.com/watch?v=Eun1r9KEjbU
RL63BccLDC58u-J-gXyu_,https://www.youtube.com/watch?v=WV5yJvPshhQ
UtW31XyLh-Ba5UFIYuspi,https://www.youtube.com/watch?v=TcafchXYoK4
0_qisphNculmgSQ70iI8K,https://www.youtube.com/watch?v=RilIoe1HpgY
7GF1jSK3B6yzerZ7AAi2D,https://www.youtube.com/watch?v=WvcA3GxQsN0
1MgKLgXr5EaJn-hfeKsRI,https://www.youtube.com/watch?v=Ni-bmtAgVUE
f8-geLFMYUUVi1ZhUfZ01,https://www.youtube.com/watch?v=i9Xp7bFa2Ng
hsc35x8DTi5WDpLm7kau0,https://www.youtube.com/watch?v=iev7DQuK9xQ
ObqXBZGJ-jAS24dOY3RAi,https://www.youtube.com/watch?v=IB5ZQ5_7po4
ZphCAkS5wZ9MogHHcmtIU,https://www.youtube.com/watch?v=yx8ZE63lqK8
t_R88KBzmWgMNaGZY9m2l,https://www.youtube.com/watch?v=Gm90vjRxpik
ZDybrkbYx_IMY0rvJ9YSi,https://www.youtube.com/watch?v=ZEQKW8xlKh0
D7LpIAWErXLSpPzmHhN0c,https://www.youtube.com/watch?v=RP6aSx67lUo
aPvsAqQSLzJPRZvZzHYc6,https://www.youtube.com/watch?v=4-RUC_-QbmY
9_3Bi2pTTSqaFTeSkjqfJ,https://www.youtube.com/watch?v=JGpaUZMKfUs
-CtElXK--E81ZPURJiOy5,https://www.youtube.com/watch?v=3eTy9wQE-08
Q7t7OQn6a2jdtJJN958zg,https://www.youtube.com/watch?v=9usQW2U08iA
_7maoeU8XonfDLQ-5hU7w,https://www.youtube.com/watch?v=Ib3zYRRDvj8
U1U7vEfgeAq77XssiIIab,https://www.youtube.com/watch?v=jJ28K5uK3PM
hhrHuiZxP-3I6km0VhIx8,https://www.youtube.com/watch?v=kDwGeW94hYk
qIMpHEhYruWbSIMGLE6i5,https://www.youtube.com/watch?v=ngsmGvNv9ys
fcDWVNtmZ_wWfb3CFcWrS,https://www.youtube.com/watch?v=hexsPI3-7Pc
QHh-W-iq3rI1HzTstHbWW,https://www.youtube.com/watch?v=Sh_OCU0Qheg
b5XDZJs-pDaTc1GzFfjpq,https://www.youtube.com/watch?v=43kuplupTFY
C_Y5t5hHLR6fC0xxmRzmd,https://www.youtube.com/watch?v=7ZH5lHNNjKs
rtU7UCYZeTAU2GoSi1ywc,https://www.youtube.com/watch?v=gzO4W-D7Tw8
t7h-oUuTMR7057SR2ECF8,https://www.youtube.com/watch?v=NTMyk3-cfj0
MzKYwha1npvyPy-atPXGl,https://www.youtube.com/watch?v=lGOmDYYX0rM
EJkyv0nyZWod6XGqKGsRo,https://www.youtube.com/watch?v=BYSNATJUxqI
V_KIyNlhuzJxChIdZlchX,https://www.youtube.com/watch?v=upWC9Xm9Er0
o66BzMuwqc1fdTEHVIY6l,https://www.youtube.com/watch?v=w_ZCkKHZf_c
m2ftwTT3HBmO7N1ywzUWl,https://www.youtube.com/watch?v=nY2r8dh1Ing
8u61wwGHH5Oa1sZK1NVWh,https://www.youtube.com/watch?v=3o36OIsHGt0
t_jvYiUPXb4u04bwIVrCx,https://www.youtube.com/watch?v=Erht2-5I8Oc
HBUxa07y3tUB5Hq5TCfUp,https://www.youtube.com/watch?v=og7F_vhefoE
eWEbVvdZHcFUv4QWEQG3N,https://www.youtube.com/watch?v=aJMhHUhcz38
9jCwhOh8bofqCRSyTmuv3,https://www.youtube.com/watch?v=Dn4OclemWVk
PEKiq-Cc8kbIB7bW6LbMC,https://www.youtube.com/watch?v=uDZeSY_aqWU
jYhpfMKAfdR-rgnvebDMi,https://www.youtube.com/watch?v=wxo35hVv1W8
HQHkYMF1fcG-zXhXrco_s,https://www.youtube.com/watch?v=LGL6WKoa3bc
Gh7xWRXY-vENGFMcUT5Qs,https://www.youtube.com/watch?v=_KzRweOu1tQ
QKVZtYhQm3tfpEQEP1Vgt,https://www.youtube.com/watch?v=fVZfSQe0q30
6sHHSHFbyxQe0t-BRzYAQ,https://www.youtube.com/watch?v=oNBVSY0sJi0
hz38J9gRvhtvyoqrv4wbZ,https://www.youtube.com/watch?v=91VUwgeo1dk
eldr45t1f1W6Xh2CL4-lG,https://www.youtube.com/watch?v=xj4BdlX9jhs
H_FOfIjOmU43O4O2WKF2G,https://www.youtube.com/watch?v=Sj_JKdfI6Kw
U0PkXuuHUTKtMQ8rJu3yM,https://www.youtube.com/watch?v=Rn9ZSIVgBB8
o9Hhymn7OYeIdlgGAsKMZ,https://www.youtube.com/watch?v=7P_-3gj9n1A
lZvH0Ixe9TKhzM5O9lLIn,https://www.youtube.com/watch?v=8KtPh5V0Wz0
txqwFi-UmddIZclmFVjy5,https://www.youtube.com/watch?v=z1S1V051_zc
HU9gyIFIVdY-13ckByM05,https://www.youtube.com/watch?v=g94OhXulMcE
ezI271TJwh0IDu-zOo_W8,https://www.youtube.com/watch?v=m1bkjFWxwoY
s7eEN38ep-w4Uv5dqg1B5,https://www.youtube.com/watch?v=l_tXqMICEQ0
IKiwdwK0bLOB5or4WuKwZ,https://www.youtube.com/watch?v=up6PkpWvDbs
70vBKqcr-m_M1qaYm-gQ4,https://www.youtube.com/watch?v=XzMZ-wQT9lc
7rPokdkuIjw8TLtbO59SN,https://www.youtube.com/watch?v=K7fnvaql9_o
B4WqC9yPM5vt-GTqb4Eso,https://www.youtube.com/watch?v=VS13q3l3cVw
LKEKu3CfGds_j1riwNiSy,https://www.youtube.com/watch?v=1KeVPfMYbw8
b6Lr0Q_WgGBipEyQHlA-r,https://www.youtube.com/watch?v=GgtKyPEEvEs
zAiGkqYmFeoXqJuqcfbdW,https://www.youtube.com/watch?v=iHHb_ClaKS0
pSgD0FFsiQGKlbc1_3uA7,https://www.youtube.com/watch?v=Nm_fOwTMQWg
lASMJf9aTxwKcRLPLOh0b,https://www.youtube.com/watch?v=MuJkyUJXT-g
2yDH3cmqSdXPIj39IXjvj,https://www.youtube.com/watch?v=uaXPeN1nv9s
t4ioNJiH41QC0d6fZRmJA,https://www.youtube.com/watch?v=jkOet8Zmk4o
syOaQcfMVjuWQKidWKQ2e,https://www.youtube.com/watch?v=gEqFUwUb1VA
_AxZ6R0hhZDJXzuKOeYLi,https://www.youtube.com/watch?v=MJHrQkC0QmE
vVmrtf_jDGJg1zrwL5Nxo,https://www.youtube.com/watch?v=mCZK3-fBj6c
Ic4ySWgLswNXKvc19J1_8,https://www.youtube.com/watch?v=rHDItixUHAA
unEzliWiqoT1NkgTdMriW,https://www.youtube.com/watch?v=who6XBy0KqA
uGbiuSaaun_J-9Z8RhdZ9,https://www.youtube.com/watch?v=jujEN7dMnAE
zUuHm1_d4DyEIn0j7QoUY,https://www.youtube.com/watch?v=CjOCF9EhjEM
eFxMBjgOv76Jw32Na6q86,https://www.youtube.com/watch?v=St2v7XpKJsU
ILIYMkwjci1pLsW18l-nL,https://www.youtube.com/watch?v=7T_v5Tb--ug
x9CWwgduEttiPdj3HZqPF,https://www.youtube.com/watch?v=9cfCN4JdERQ
2C9Mwq31b2fMLYkbDHM_E,https://www.youtube.com/watch?v=m0DrHmWdXNU
q7Q4_HKXWfgjwlpugBB0a,https://www.youtube.com/watch?v=Ho41kxGTV0E
PnlfxZaFonsbUKJN8Q6NU,https://www.youtube.com/watch?v=F-QPYrGmV68
DDjKbvtVMLI4kt135Ye9A,https://www.youtube.com/watch?v=vqE40_mCGE4
mFCsuN4nGIME3kWlLSyBW,https://www.youtube.com/watch?v=iyPpKejdrtg
GzMp52g5kxpmUCdcbuMgw,https://www.youtube.com/watch?v=zYwBl7JPVpQ
B7gnfDyly1avk_qoiggsi,https://www.youtube.com/watch?v=1xHqBKDjALY
87fazkmQKyRy25k9Kw_OW,https://www.youtube.com/watch?v=JhVJDdnDDPY
uxbDYD6H64UtqgSEZkLnY,https://www.youtube.com/watch?v=PD-vpp4J3gw
rVxcAWaEw3UonfogCEWea,https://www.youtube.com/watch?v=_pNMVr4Aa7w
DnswQEUbKfyN-_e4seCkL,https://www.youtube.com/watch?v=uhO9xdmU_Ro
m3sxyUy9ULiNI0ln1kjLl,https://www.youtube.com/watch?v=2PWVaZmCGAs
uwbC1xqoUeM8rIlwwvY6Z,https://www.youtube.com/watch?v=rktR5QNfzQk
9J7AjMaXOmHz2zoXkjX_J,https://www.youtube.com/watch?v=4pdydqX0xC4
BwMp3fZYdc-pKPOuS8eed,https://www.youtube.com/watch?v=9u1PjQHvdGY
9hHGKBAWSwradwqxRUyN3,https://www.youtube.com/watch?v=DZWagqDd_A8
sOZgiSvIfHf8eMGGg5d-0,https://www.youtube.com/watch?v=TaKix4W9T5E
WiWM8e-UTzlLy2MvU-OUU,https://www.youtube.com/watch?v=JmiECQLVWPs
XeqhVwEmURLiMjlJ0Yyw8,https://www.youtube.com/watch?v=kadssCg1oUM
IKX65FgNX-CWnAUlELeqv,https://www.youtube.com/watch?v=1Pz-a4LjhPU
zTerIcg6YBvuFaT37KAXp,https://www.youtube.com/watch?v=4EBpxZ9pSe0
B4B--TXIDWfUqdPCPLw3f,https://www.youtube.com/watch?v=7jtf-6e6pBM
nvEbPCagbfD2JTJayiGwR,https://www.youtube.com/watch?v=uhfm2BHuImw
BV1u6oEXbMJ7yp0felYf-,https://www.youtube.com/watch?v=7cHrE5VaEcw
ay3xsj5fuRraAYKBeqX9T,https://www.youtube.com/watch?v=2PxotkEHds4
kGgGOOj3sjHvvG1nVtLZo,https://www.youtube.com/watch?v=H-Ji93-h7mM
fH0DLSG81XYd-efjtRwcc,https://www.youtube.com/watch?v=bUiymUAvqCs
ea6LXmt0uyhh-Uyn3gRfO,https://www.youtube.com/watch?v=4bIVuHMKFHY
lZslDMmSfCoFvQZV9DUJW,https://www.youtube.com/watch?v=U4PqKWlhZrM
OfMedyaWO4ZRpzg_PbEB_,https://www.youtube.com/watch?v=4JhphHpJz-k
SZYe-01PEQ4OKLEsJsuQ7,https://www.youtube.com/watch?v=z7PvB_sGaqI
DpdvDnDp98saHuq_hVt3M,https://www.youtube.com/watch?v=6E80cy3ZDJk
vVEg7XgB5Ejmd2y0gDH6A,https://www.youtube.com/watch?v=Wi55AELrCMk
6xzuA5eNvRNJJIMdCoc2M,https://www.youtube.com/watch?v=1zoOlX_PU9U
lkgkFbtI-M3cFwvlKbgZY,https://www.youtube.com/watch?v=WxfSryKwQsk
mjgOAsAtvStoMtCS5HrqG,https://www.youtube.com/watch?v=iYuk8Si0CWo
KKmTsGS3U_2KmIdAo__8N,https://www.youtube.com/watch?v=mkGRmUnaFBs
90v6TS2Z3Eex_ZG6_RfM1,https://www.youtube.com/watch?v=bg9WoYTYkPA
QhtnxCY4j1Z6yNkAVWWa1,https://www.youtube.com/watch?v=_GOfhqVjCLM
zyAYTRTTCLzPOMQRbO8YZ,https://www.youtube.com/watch?v=-dm_wJ30HLk
jDWFWzvNpukZTJIgBh5Lc,https://www.youtube.com/watch?v=VIrhqYvcXSE
M0UpP71CbWjmj-ydOV1UJ,https://www.youtube.com/watch?v=vP57GFzn_Fo
11pFRdNDU8_cJ0-LPVTrf,https://www.youtube.com/watch?v=qgdIFMd7Vjk
gZS15zs6i349JbBqyLDtM,https://www.youtube.com/watch?v=2hNFrYvYcg4
5Ys7Dxf7B3toNWDpDsbBZ,https://www.youtube.com/watch?v=9jA-4pg4_lA
WDNO7SMEg38C_lijYxN2H,https://www.youtube.com/watch?v=pJZrm-m-YPs
QpfU2WiiDKQqCtzD-ORYs,https://www.youtube.com/watch?v=940k7cNSYH0
hhsQQW1304TSm7-FwzWC3,https://www.youtube.com/watch?v=2wz64IGlpzM
AsUTcx3H6slG-Y563vdsi,https://www.youtube.com/watch?v=ghtv8KzcOb4
y0rsE_FOWQL7lVjqonL-_,https://www.youtube.com/watch?v=su2pff_jO1c
Cx9toYw37BlZFAqtM4KD5,https://www.youtube.com/watch?v=2SyFekCQ4sc
TcgrxIuXBx2BXQCl7InDw,https://www.youtube.com/watch?v=-_ImZ3afULY
Iv-IzUBjjnu3KZcup8OWl,https://www.youtube.com/watch?v=JDnrYPEv2tg
y85ZOcm-oDObHSJTdtguk,https://www.youtube.com/watch?v=HDW2aa-tizc
Jg27vhadZKKaQPOyEb3O0,https://www.youtube.com/watch?v=-aHXAN8YXXo
OQdYAzbhAHyoO7JQS5uRI,https://www.youtube.com/watch?v=woZ6E8mOemk
e9_KhFd4K57UrTtSjFS-X,https://www.youtube.com/watch?v=tvwnNAj9F-4
tv82u3JQLLit9J7LXyoMg,https://www.youtube.com/watch?v=pZZ2uZfYyaM
bjDo-xIdqEM6KTvWha6bW,https://www.youtube.com/watch?v=lvNcxj9TUIc
yBfbEbtvk1K5hLItd4ZYF,https://www.youtube.com/watch?v=PmxoJkj-XT8
DtkVl1MannuuAD6tktIXH,https://www.youtube.com/watch?v=MBokt3iOZ2Q
4-6pLvCmcdFAE8NVGEZha,https://www.youtube.com/watch?v=7WtGl0gyFD0
Ao5DxoEmfdazizJ7cPnIN,https://www.youtube.com/watch?v=_15DJpBHROo
7xrvxXAMvTEQk6SW6sDKz,https://www.youtube.com/watch?v=9P3f3Oh-ClU
A_2Op6Gz3ted1rnGCsfCV,https://www.youtube.com/watch?v=Q8NtVfm-feU
U2GCYwqU2uTxIGwREeGBa,https://www.youtube.com/watch?v=VcdK2R4Tqqk
vWlInbJZpm-PWtHEXiRE5,https://www.youtube.com/watch?v=pzqDc84M7uo
DN4fpcD1vHsjx8B0KuqNB,https://www.youtube.com/watch?v=xb7kt5z_H6c
ajQEHDZtHN2MyZdClnCJJ,https://www.youtube.com/watch?v=YsFzbwkVNhs
CGrFWIgEaSV36ahPV-N3L,https://www.youtube.com/watch?v=lXWk2HnhsMQ
mNfPPRPa63CL8wT0RnCE6,https://www.youtube.com/watch?v=K0igPZ1uVEo
zJ1tbowDP6ss0LS8pCNHN,https://www.youtube.com/watch?v=hYKMatqW9qc
KVKRqKeISJHuZEhKGcOAB,https://www.youtube.com/watch?v=-fSpWXX-6ag
aiUWc1a___4PQOD36ZUAu,https://www.youtube.com/watch?v=tGb0NlR6c-s
Js38izp58LyAeqinwQgkL,https://www.youtube.com/watch?v=UuP7beoce1A
kB0zeyK34RUBVBerLhgGX,https://www.youtube.com/watch?v=YCjbJvwsbmc
canMTc7FUODVept-Fqlpx,https://www.youtube.com/watch?v=DObd-hKWo0g
4Kd0dDHdyEqR6piEnRzPK,https://www.youtube.com/watch?v=UnyV8lpSNZI
_jLmxjzjXnzQUAP5LWXYU,https://www.youtube.com/watch?v=8NKUOldZ18U
fd-rc18Tw30kZjQFYMp4z,https://www.youtube.com/watch?v=PIqmU-6i4IE
dk0WSbrapimv8_gniiqx4,https://www.youtube.com/watch?v=nBKCuZWilxk
wBFhFHlPAWo0BXw8_pqbY,https://www.youtube.com/watch?v=NIOh50qObtQ
Q7I2loNQxrRwVxIUV3NYF,https://www.youtube.com/watch?v=bzLMHPD5Jck
XhHFSGxjMZavfoZxUS1ky,https://www.youtube.com/watch?v=wnIdRMcbOUs
6p203NcTdFhTw3XNc4gcg,https://www.youtube.com/watch?v=-j45L2Z-JP4
Hr76ZaYK8hsjQ9FZtQwrP,https://www.youtube.com/watch?v=HntieAk8nno
1V1Lwr_BirMMPgYDonKbj,https://www.youtube.com/watch?v=CzcnjsFu4QM
Do_NmwkdNOD6yLCDiKD4x,https://www.youtube.com/watch?v=kWTavw8nTdA
-v0jFijc2TCr3JrBSeNzR,https://www.youtube.com/watch?v=GjmKp40Y-c8
nidd6FzCLz8FJKkHJR5AO,https://www.youtube.com/watch?v=hkhlbXGQGQ4
M_2OnyRVeyvXWuG9fi02-,https://www.youtube.com/watch?v=kCjwQ_u1oXQ
rRBl6KfPQ2TfAzAa6z7xh,https://www.youtube.com/watch?v=-HRGYggMEAU
249wc_RheiYMqdbBvm1iG,https://www.youtube.com/watch?v=13hWe3Tuz3c
lR9lDixrru3R-FgCb7o8B,https://www.youtube.com/watch?v=W3dcfhT5g5w
9MmXkvPXdZhqTG2LVJ107,https://www.youtube.com/watch?v=wWDJfRDx1Ug
85cQV0ydH7U66cnVWtumS,https://www.youtube.com/watch?v=VOAQv-ia39A
prv_yZi4oYDoqsWTrtYgr,https://www.youtube.com/watch?v=vyt0XF8WhIc
wNPpW9Kyqv76eOZWlCLjB,https://www.youtube.com/watch?v=eeI00lE4OUA
an8m6_aVTi1Yzl2MEoyWe,https://www.youtube.com/watch?v=FzQ54m1slIc
FkxlrfotrvQ7U8XIJAlMi,https://www.youtube.com/watch?v=To44-5DBeuU
bwt1JWppweZQUgUtbWqBs,https://www.youtube.com/watch?v=InZG4uRAJUE
UWG2HmO3n5uQUn9V_Gyl-,https://www.youtube.com/watch?v=TzqXeH-k4kM
KNg2DpX6BW6OAHhgusIvC,https://www.youtube.com/watch?v=cxLr15UTi4Y
P7NK-UKEYqHCNBzYtvDQD,https://www.youtube.com/watch?v=kipD1bP-IDg
XG0abndjbsAWSuHyvwaVa,https://www.youtube.com/watch?v=JE5SsFitnpA
Q32lMLkpdFVYa0ehpY6Bj,https://www.youtube.com/watch?v=ynR41_Tpt2A
t5F0CQJPo9O5bg1a8bhGp,https://www.youtube.com/watch?v=Xq9Z3x-nRFg
dDrPdNruySw1ATTM2w1Gc,https://www.youtube.com/watch?v=i7PApaF6q-s
LnLLD1xYX1z0nz2iQdWiP,https://www.youtube.com/watch?v=TLpHtyHBDoI
3TkdPyYfIl95Z9lfOpY7W,https://www.youtube.com/watch?v=dKmDmGeX_Sc
8MmOGl9WtqIxCThnXuGhR,https://www.youtube.com/watch?v=_7MXcF_uf68
PLywxu8oNYmcyMN0lJJXV,https://www.youtube.com/watch?v=RcIY2yTvfK8
QG_pyEU1UqLFZtndVgNlG,https://www.youtube.com/watch?v=-BJsQ0QlegU
YqtBwMIJqfvr8XaIK7ZPp,https://www.youtube.com/watch?v=JkSAHwxpYNo
H6i5HEqcuWxEBI5eKHWRB,https://www.youtube.com/watch?v=VxGie57xilo
7mosLFgHBzGlX-ILsrNLM,https://www.youtube.com/watch?v=HnFHKtYI9GE
WHnhkb7kBja2VGeWdMv4J,https://www.youtube.com/watch?v=LwOXywFuejY
3FlktzyVamOJU4hpPyI81,https://www.youtube.com/watch?v=EPj-jRwaPfE
AGHqsIXsNT7zmR--zlsqe,https://www.youtube.com/watch?v=6iBkPO2x3oU
VqsM_6HpANxR4iOCQCjTa,https://www.youtube.com/watch?v=mlsXvnCrTyA
Q4JIttfDQN0HS-d9fTW4u,https://www.youtube.com/watch?v=g6wp5Z3T_zM
0DyMSY073xHWqttL9Ts7z,https://www.youtube.com/watch?v=_7RaDvT1UMM
lIyRLN2kqsxtFpGKZd465,https://www.youtube.com/watch?v=WuZC_BSrAGM
e1N5CSTglnbDcKJ_U6VOO,https://www.youtube.com/watch?v=5wNoKBMdVis
gJsJuqcOg4VcWmVTZOgNc,https://www.youtube.com/watch?v=FR8H9_HNpQo
myb9g2EMnl5XqCsXAQuyr,https://www.youtube.com/watch?v=TrJW4LGhABQ
18S-WXo3u0dvPjjzUWW_6,https://www.youtube.com/watch?v=ddfEYq5hPpk
lvaOYRxlxuDD8qbWL9s4A,https://www.youtube.com/watch?v=jWXN2KixEHg
FIbj9wxRbWLYfAEYSDmnL,https://www.youtube.com/watch?v=bybDjRiuPtQ
GxxUEixDzZchgr0jYd92U,https://www.youtube.com/watch?v=3s0ilrZjxcM
ABTzT4GVtZOSaNYLQIXSk,https://www.youtube.com/watch?v=pRCkxDj3BIo
fVS4962caKTGDhDaybYQz,https://www.youtube.com/watch?v=eoCrjLBjlGw
zOKdXmmPb9gqepINIAV2Y,https://www.youtube.com/watch?v=hjq86NpilV4
s5OwCzzlgILa7b5DKVl1w,https://www.youtube.com/watch?v=3OcUamiuoU0
_vN5NO8Ftmru7EATBILuH,https://www.youtube.com/watch?v=BE8tiJO0A90
V4VxjHU2ViBCd50tolEbu,https://www.youtube.com/watch?v=jwESdVV9qmQ
71NlknwNUqBFJU8zJRGOX,https://www.youtube.com/watch?v=kH4cNosz1Aw
inoVwANA1rao-dgbrXygY,https://www.youtube.com/watch?v=R8kmaHe2i98
B9waCYgGJdvAQ0ygbffgY,https://www.youtube.com/watch?v=E4M67hqQ3uk
tqCElGjME8p6xMHKPbcdW,https://www.youtube.com/watch?v=ZL_45MhhFpM
l4pd2qlqDJqrg2VuPpOvk,https://www.youtube.com/watch?v=Kq7b40VPuUQ
topFYulxMVHCWfUFd0PKJ,https://www.youtube.com/watch?v=3eFZSCD9kp8
CcUCBcAj-DCm-7Xhvd2NY,https://www.youtube.com/watch?v=s_NmZiXVDPw
hEZvrXcjpgN7Lcvc1tdbZ,https://www.youtube.com/watch?v=oFgSHGHnnpg
OTbIx0JWGO5w1gCCD9jRE,https://www.youtube.com/watch?v=CNlMtAqdVFM
GsDEHE1EGTDv_xwHOroOY,https://www.youtube.com/watch?v=nyR44kAg9hY
Cr6Kw4w7OSWDYFNeoVszR,https://www.youtube.com/watch?v=5uqEi-49UKg
xhdK1PoKochKgozWetS_l,https://www.youtube.com/watch?v=mp8gne9keSk
hducNnqj3bTw-JbdF58I3,https://www.youtube.com/watch?v=RNIG1RgQFtQ
aNBx8vv9LhUJhYbMDz6Z4,https://www.youtube.com/watch?v=ZhEUxRs0z30
46kdPAw4XymlY3WZHar3L,https://www.youtube.com/watch?v=Xn43rBszuTo
zsHtbj3SdOi8jfYfxY9Tp,https://www.youtube.com/watch?v=AD1PAFvfAlI
Sc-32A9UWPBho2nAUXPET,https://www.youtube.com/watch?v=vNNDcV0RwoA
P415qOox-y1F-m_avn43L,https://www.youtube.com/watch?v=ATGGa-hJRoo
G0RATesU61WcIhKk6DvBX,https://www.youtube.com/watch?v=JS3yXlNJmH0
J7P5lE_u1iTM3KQeaTgJ5,https://www.youtube.com/watch?v=mnr0YNdAGZk
OvgHi422l6qZTtMgvkDao,https://www.youtube.com/watch?v=9EyCLTk65Vw
NBqaEItZp8J26yi3A6OPH,https://www.youtube.com/watch?v=kA_jn6HbJVE
mMkKcwNGdJW-y9kZItp-j,https://www.youtube.com/watch?v=8z9OuTgRkXo
DVofF8ch6Ds2c5LRA-qFK,https://www.youtube.com/watch?v=rrhpOAssf3k
RDWJzfpn5fxia2JwuYtRZ,https://www.youtube.com/watch?v=DD3cGarh_6w
YmwhEsVyyW4eqLtuQfAj0,https://www.youtube.com/watch?v=6Ut7XEyrblc
3MQw-70RrhV8vpvbEk-uA,https://www.youtube.com/watch?v=BCv-FAwLV4c
WWXRYWsG3P5ZMsHep-2r_,https://www.youtube.com/watch?v=Rm8i_xsFbco
EKt2oIXNSAVhr5HBFB3Jv,https://www.youtube.com/watch?v=JMOEcqcyev0
OhE2WyNf2jA0X3Y1u7vhf,https://www.youtube.com/watch?v=x-kXXzNhusk
QnPRZLTv5j1s2AU79X5Ml,https://www.youtube.com/watch?v=5XDGClsYiX8
rjAQOyTVUF37LVN1ID81X,https://www.youtube.com/watch?v=ICb8wq36Vcg
WzWX8oRgz0zuBKW-7JGa0,https://www.youtube.com/watch?v=N5HU4oSBudA
uSFPEVoTCGKLC2ekGyYOe,https://www.youtube.com/watch?v=knXWeMfIbpA
MErPftUCCICWOIlHQvDpQ,https://www.youtube.com/watch?v=b_weQqS2gxk
hVVAxrKlapO4EPTBKOAOZ,https://www.youtube.com/watch?v=ebinLj-633A
4tQnoZj5onW0F4Hu1gy3-,https://www.youtube.com/watch?v=z7D6HiliR-A
3yBOtqswQOrqcbKNBIVyq,https://www.youtube.com/watch?v=JoJAoFkdH8o
Y5wbkXssMVGPK450e4rJW,https://www.youtube.com/watch?v=wSDbSE9kEuo
Kj_TyCPY_iyQQr2fWu5uo,https://www.youtube.com/watch?v=tTKOvD4ODX0
UwuehHYJfrBWXyt2dUM2R,https://www.youtube.com/watch?v=uYsVJd5S3os
l2qEx5-bca8H3Q_Kr3ATX,https://www.youtube.com/watch?v=Fb4AUgYzG7w
xIEdRYVoHeVXERr-gAWip,https://www.youtube.com/watch?v=aU_trO1eiAg
W8oa7el5dJn9i0Jn8nqNP,https://www.youtube.com/watch?v=mC1osnWR4BI
TFGJwe18MC1eyyagYJknI,https://www.youtube.com/watch?v=fl4TuyLyXYU
HDtB-P8rGwzb9-AwTTwUD,https://www.youtube.com/watch?v=kTuzk414cCA
EkBXbmhCMA7ai2OG9X84J,https://www.youtube.com/watch?v=NPW238NN8hM
WVpPs56aHzIdEMOrgKxzl,https://www.youtube.com/watch?v=0UzY_-1hXqI
G8h1iOEEV90UbAGz-tmjB,https://www.youtube.com/watch?v=xWhyGcUsN8I
q6kulsNSoIyMcdU-7EOFV,https://www.youtube.com/watch?v=RPON0c6ZO24
rj9CaXSbCJrJDcHMp3DKk,https://www.youtube.com/watch?v=EhlLdxEfM5Q
W3-SOsYy8LKgEdypwAGwd,https://www.youtube.com/watch?v=wAih5AzMCQU
ptrWJe5W1kYJkvUaGQjLC,https://www.youtube.com/watch?v=Ln9GecmVIUg
C2EaA16ZpNPtoiS9eu-r_,https://www.youtube.com/watch?v=kOMQktM0Pks
7e4aAsWW0v8va9WuylaRB,https://www.youtube.com/watch?v=ausiG_oH-eY
0hRPla5B9diesjGv5UuCe,https://www.youtube.com/watch?v=vNMct2JxmJU
bW9jCh3qa5Dk7IKtKhkY9,https://www.youtube.com/watch?v=lzortJIXq-8
rgx5u7Nm_DLapap8KpCh2,https://www.youtube.com/watch?v=6Tx9j5RS0gY
qL7muYPoJLQs71Jd4HiyD,https://www.youtube.com/watch?v=5P51yMNawjc
9IAV7Aeiftxt71MskcS9_,https://www.youtube.com/watch?v=jZbOimRYjZo
_Tr4PCTyAOvRW_2o1Pvlb,https://www.youtube.com/watch?v=ta0GgOC8WCw
ZYD3R1nNaDocfFG_6c_NW,https://www.youtube.com/watch?v=0IBgnP1cC4A
f7OWRM5W6v3fFYcpQFqjv,https://www.youtube.com/watch?v=5sQS8-zfsO8
HnXvgX-Bok0k-63gYlBEJ,https://www.youtube.com/watch?v=RZ8AI6TinJY
FFV41x1gMph1ir-OX062I,https://www.youtube.com/watch?v=HF9OKXPzxr0
pkP44LEolOYDSV_RyAK3o,https://www.youtube.com/watch?v=vF9D706A48E
hAJovMMEOIUk8DctmtwC-,https://www.youtube.com/watch?v=jG5jfn2pX5k
waF3QbxTV0zzqzvye4X8k,https://www.youtube.com/watch?v=x8TDSC3UayM
2QvVL8aZb2i2iHUsdMX2Y,https://www.youtube.com/watch?v=_2KkLYgI-do
sf-FyQl93w04KO9oqXPVy,https://www.youtube.com/watch?v=n6xgzNqvrpY
PE8qHFCNg0co9fFP2v1jS,https://www.youtube.com/watch?v=NPJLexk9dNY
nm8d-lG8FJcA11P6QyZu4,https://www.youtube.com/watch?v=THP8ciSNU_U
7H9Zsy3G1X0hF3aL7RiTr,https://www.youtube.com/watch?v=-alS_UTqXSQ
bvC2F7A0JQpcDKtdSDYKX,https://www.youtube.com/watch?v=lEFKcvZBbKg
hX5Z-lnWNa0ZSlTWrYDzf,https://www.youtube.com/watch?v=W77R8a53J9Q
L1_PRw4P3U1g0Q0S3Or9V,https://www.youtube.com/watch?v=13lFAbZwgos
YlGzNOfRyyMEPRMaZeM4_,https://www.youtube.com/watch?v=tiVkUEUTAKU
eX7ker9n14TCZAg5KL7rm,https://www.youtube.com/watch?v=qqXwLDqQxr8
3vmZijY9rYf6IDEGUjJBS,https://www.youtube.com/watch?v=UhTHa6NbCyA
z5wH0fy3adN4Ji6Sm-uwV,https://www.youtube.com/watch?v=uMaEMiIr0eQ
uMAL3G_8e3YVX4LLOc9s4,https://www.youtube.com/watch?v=HSWDKsiN8H4
QYzwtDo-0_Pb8f_hr22Ju,https://www.youtube.com/watch?v=GkoIy072qJU
E9OJzuI5YXhrNwTlX-4wi,https://www.youtube.com/watch?v=UbOsE8bvWxs
K3sEuMVi30uiEOC7Kb-rF,https://www.youtube.com/watch?v=CuNNOy_vSbc
RCZcPNHpWBHIhyZHQN4pM,https://www.youtube.com/watch?v=MIA343cfChw
GDN4EjJ87AJ0NauWgEYZH,https://www.youtube.com/watch?v=5_Ge0ZY-v3Q
ecLpO40ycVG2rMqA2P3fO,https://www.youtube.com/watch?v=JwHGBJ91I-A
Beh1QTLOgzSoqctxZks7u,https://www.youtube.com/watch?v=90qiOEax2mc
rwoXfrSVj2EaRMemqMZVB,https://www.youtube.com/watch?v=xIYY7gIJjfY
DmrDVLi9GWU3082APuyV7,https://www.youtube.com/watch?v=1Xp-8pf5hoM
dDQEfBn9Cfi6ba_kcKwVq,https://www.youtube.com/watch?v=u6noQhjCv4c
27Q7AzLUHXNOBtUcjFxRg,https://www.youtube.com/watch?v=vtZ2tdQczys
xpN9i1znmWmYBLQGhz5dy,https://www.youtube.com/watch?v=QmmaHdRXFHE
RJ756bWp57Vsm1L7BnLTG,https://www.youtube.com/watch?v=lGGSXpYjPb4
bdqdwDYFOK6M5n0aHiqrO,https://www.youtube.com/watch?v=ps4pV7mMfWw
O9Wd1rii4yORDDfA2MTM2,https://www.youtube.com/watch?v=8B8N21NkKpU
0EuLvmGYMrrGV5X9FEyif,https://www.youtube.com/watch?v=iCKPW7nKlmQ
YWSQYkXikeMHTQxqkHBe0,https://www.youtube.com/watch?v=kZo2T5MsZ0Y
F9Fw2sQ6U2lsApjhLSHpW,https://www.youtube.com/watch?v=WHlmmqilIl8
lQ-0r27eGLjTM0BobKKsg,https://www.youtube.com/watch?v=zCHGsHzt8Fc
aUeT5u4M2Yj9sGGxc_keY,https://www.youtube.com/watch?v=nV5EXCnHzuI
wNKXCOLgNmh8p0w1lNs66,https://www.youtube.com/watch?v=6IUhn-GdweY
nOgSKD8DebSIBcacOOk1h,https://www.youtube.com/watch?v=AkyrvSDzooI
iIdkJdlD8rOzvoNF0VLAN,https://www.youtube.com/watch?v=VJN3m9qKeM4
oOhjXSxo93mQ3SkkkfxWU,https://www.youtube.com/watch?v=tRZhZz5LYmU
fNjqnF9ShkANEiaAWehZa,https://www.youtube.com/watch?v=fk9VF1mvLvQ
pSmlu1Pf7QMgGbTS4pF4j,https://www.youtube.com/watch?v=Hb39kZ2Hv4Y
HkjN5BzCst7Ij2VUfixLU,https://www.youtube.com/watch?v=2Bho8mQmIMQ
9cavnAr_Eqhb2Nh3oRTe4,https://www.youtube.com/watch?v=udhhn2xxaIg
y6bja-jcVRVsLW8v6ixts,https://www.youtube.com/watch?v=5T9dvEIyyuQ
GllTbAdug_xHF1W7AvSZS,https://www.youtube.com/watch?v=DMfxCYfcX3k
VfrR2u8zBZTQdNrSB6r9f,https://www.youtube.com/watch?v=YxzK3NgT2ps
T7SKHaSpODqW91whXEaa4,https://www.youtube.com/watch?v=hA4s-Rc3Wjk
FvwVcZJuwbDT_zSuyLjEV,https://www.youtube.com/watch?v=NDyvexKK5SQ
o3pHeaNj7Upb-EhYDs7YB,https://www.youtube.com/watch?v=Pz9u6v2ZNvk
568llD3TJZ-w_qgwfYT2I,https://www.youtube.com/watch?v=p4NW5P8JQno
NiUpejEnJBTLIrwxco2Dd,https://www.youtube.com/watch?v=zG7KYrtOAjs
TQ4V5BliMGwfH974KpAth,https://www.youtube.com/watch?v=1KXjbMZo9ec
pJgYApZv-L2Uh9ixqQZWt,https://www.youtube.com/watch?v=PKZ02obvWk8
svuRwefbeiX6CE3th9jnN,https://www.youtube.com/watch?v=M3CtDWmI9V0
NPc_dT5eNHE4pmbV42Foy,https://www.youtube.com/watch?v=KoblmMX3lGk
OWlRl0rFEcUhuUSbPAd_G,https://www.youtube.com/watch?v=D25KtE5Tcy8
gveOqxmLMQmbHEVSORrMc,https://www.youtube.com/watch?v=UvlIJtE5_9o
G9j-yogsN4CdOBdCcgl3K,https://www.youtube.com/watch?v=eLAOQ3eCnuM
In73WfyjT8db7pNjbJfn_,https://www.youtube.com/watch?v=bZR0MmsRd0I
LU8pvttBJ4FxXf1vZYeeW,https://www.youtube.com/watch?v=uIDDrBB1DZM
VcQa8sdM8GxfMJICi8V-P,https://www.youtube.com/watch?v=hhFkC4C6-qM
HCYYLbO2XGlrerGkaJexB,https://www.youtube.com/watch?v=gJNYRJ3Yq48
bEMv5WSw2MJwaYrzWsxNW,https://www.youtube.com/watch?v=_yvZ7aNR3Ls
d05Uo5-xKt_HtrSLgudYz,https://www.youtube.com/watch?v=BrBtUOF3-a8
bZkTMQDiUzl6ZEBntfPfl,https://www.youtube.com/watch?v=JP77CKIgq_c
Ij0U_y3vVL-toFVXIO_Xc,https://www.youtube.com/watch?v=xt3oybSRHUM
NjSPABsfFfr3xHLjxpCPv,https://www.youtube.com/watch?v=Ey9dEfsqNzw
iajoScNJofJmscw8T1uE4,https://www.youtube.com/watch?v=ozXCTaxC6go
vaEuy-LxnF3BRAagRycHa,https://www.youtube.com/watch?v=ruXCHXL8t_s
8nnD7I0lebZbdzEEeT9qx,https://www.youtube.com/watch?v=ec-QTUb47eA
nGn1nOycZ-FP4YnnWYoAH,https://www.youtube.com/watch?v=5AkBW9xncgs
y6j9AgKxvS6MRgn9GtqvR,https://www.youtube.com/watch?v=YjkXTmGe82E
Kcc2dC6JsgMz_T7tCcE7H,https://www.youtube.com/watch?v=8ZoiovpCeus
HCMz-67scIEdAIDUrkPPe,https://www.youtube.com/watch?v=X1OaQ2dnk5k
PMH-6PTu91dexYxumo5ir,https://www.youtube.com/watch?v=l3VNuYUSGKo
XDwaH6oNTLPIxufhZCk-G,https://www.youtube.com/watch?v=SbKMHEJHEUo
qanehuIOtsBUDxXKQ-Prt,https://www.youtube.com/watch?v=Sy0mfGpi9uM
1qTX0Rcy1TuuTw_XBzRpm,https://www.youtube.com/watch?v=4t4RkQyEs5w
tCJ-Ae4C1peBmY_J0-k8A,https://www.youtube.com/watch?v=sDQLCyfRN8k
1tj4hkUTxAAWSx3l7vrVv,https://www.youtube.com/watch?v=W-85AzFWP_s
auWAZJzjWVQyTrCzbOegL,https://www.youtube.com/watch?v=pwtSVkCAwUg
QuelnXRCfCqoBYkzDCB6G,https://www.youtube.com/watch?v=-qRHueSfsAk
eAMuth2ZrJ1zdDHFK2mjV,https://www.youtube.com/watch?v=8L4EpEY2vAg
ye2WNIcO--EZ2NwuWhE9x,https://www.youtube.com/watch?v=pk_vlVYovRU
r7vwIPE_Goa2FPEbUx1PX,https://www.youtube.com/watch?v=Ws4j3DzEcTI
BA8MBUVpn-ONblSLULthJ,https://www.youtube.com/watch?v=fVEUassIXw8
YdYpq1PSrOuspgNiAUtw0,https://www.youtube.com/watch?v=dZnzmrLpZ0k
gKWb3LT-Gz2Km2nINyMoL,https://www.youtube.com/watch?v=f0dXRA11thE
3Jd99vGv9lfXI2wantyVM,https://www.youtube.com/watch?v=galuFQF4iOU
UV6Zrx_KWCa_UUwLOb6ek,https://www.youtube.com/watch?v=5_9DLxHSK1k
yjnGAvCzxrpi5n03kP3zs,https://www.youtube.com/watch?v=ti_3SPkrgMc
B3xZjUE18EemOaBHRQTO_,https://www.youtube.com/watch?v=9N5Sx_GnxfU
no4C5fnS8O-JpdYKp4Oi_,https://www.youtube.com/watch?v=vVFB_9zwh8I
yQT11TxMv_rSiPccT04HX,https://www.youtube.com/watch?v=2g1jtTof0fw
O1f5JKcsuWlSbiwDznoMQ,https://www.youtube.com/watch?v=8v07CBfCWjU
vf8nLb37cCphtyEmPd541,https://www.youtube.com/watch?v=PxnGNJBApqs
DFAYfcFEJyEEy6taqpbL4,https://www.youtube.com/watch?v=iSR-0Vpt770
929uVcfHfHahnVVRGpvCB,https://www.youtube.com/watch?v=FlEOGm74Ja8
AItg1I-1-x3gumnU3Haww,https://www.youtube.com/watch?v=_awmhk6E9Ik
gSVJrNfVdMCn-BHoYDuCE,https://www.youtube.com/watch?v=pybWYVhMNi8
2g1I3SSzQuwJVXk9WXU18,https://www.youtube.com/watch?v=h5UWv4RKnsg
Ps0sy_xNj3UzJUrjCvQQv,https://www.youtube.com/watch?v=EQrQwdleNeA
9YUspM-De3ms18kZOh6LE,https://www.youtube.com/watch?v=rKrXF1DRXBU
iJ1sautB7pAaD5cidiwjr,https://www.youtube.com/watch?v=QXB4V5jKPRo
eHXr7_6k6XQT07ydopCo7,https://www.youtube.com/watch?v=CZTGnmqAtVY
HNdYNw4LPYHxVrhXFL3TJ,https://www.youtube.com/watch?v=uBM2bTsMJl0
jpK7ZrGgjXAulXQtj-nYI,https://www.youtube.com/watch?v=05--i4d8TT0
jBAAjv5Z_TMYM-pf5gsOJ,https://www.youtube.com/watch?v=MUtnWXis_00
oVjdnnGjsNl7P3qty7t38,https://www.youtube.com/watch?v=BqLAqB3vVsQ
bpsKB7FHPkOUiZLLVjNdQ,https://www.youtube.com/watch?v=IWzyonkQ8sg
tM5zMAGjddGhvfTmRIPGa,https://www.youtube.com/watch?v=O-6DiSVRFyM
gc2mAHfGBapucW2KkwZZm,https://www.youtube.com/watch?v=2LXKDhRXISk
Cktebhy4btySkIv1jf1_I,https://www.youtube.com/watch?v=qeQsuJgQ_FE
oSUsUU3-SAnCz5HXHdSZp,https://www.youtube.com/watch?v=cCqbB-F1bN0
288ezpwqLqbpV-erychlp,https://www.youtube.com/watch?v=zT4xpNjXxng
tYXaLDI9djH4HzzGSn2fT,https://www.youtube.com/watch?v=7l7kS8RiXb8
O3q9b0os7xd_NbCZY3UFj,https://www.youtube.com/watch?v=E4VafhsUjJw
RefjHAwcUzcHDwCocHnkX,https://www.youtube.com/watch?v=Db9ymnS_d3U
aykFuQJMI4curv-MYycMn,https://www.youtube.com/watch?v=z7ai_Hczb_w
-UZmKkbGB7P9ta0IaeW6Q,https://www.youtube.com/watch?v=9SMCedCWOFo
mG-6smhpYaeTJwl6Fc9wr,https://www.youtube.com/watch?v=K-b1qGeNEUw
PCMKDX8qZ11M2jYTZNdKG,https://www.youtube.com/watch?v=Gt66vK3fhQ0
f_HaFeFP09Q1UMBV3b8uL,https://www.youtube.com/watch?v=pqf2l4-sxnU
7ZTb7UrbHDZpuuwDKqShV,https://www.youtube.com/watch?v=MKyOYLqzKJY
6VUTr6pMyKoFgyexD7Wgr,https://www.youtube.com/watch?v=tCy4gTOqA1Q
5YQZxn9CxBe4BnKLJwAkD,https://www.youtube.com/watch?v=CuFQMCV8jqM
4B2VonWJv1FGk7rDt0AAH,https://www.youtube.com/watch?v=WJ264UqQR9A
RcAwwGVOLq1aNz3d24InS,https://www.youtube.com/watch?v=jU1Dq3lXwy8
aW3N7ZlGFKX_jJK5KYy9w,https://www.youtube.com/watch?v=tBqWD2oeOhQ
7wbPICRhi7aAzX1PnBZZD,https://www.youtube.com/watch?v=7cdGHlgy32Y
vvKqjPaQCPpizmtf101b8,https://www.youtube.com/watch?v=0otjaA2J1Qo
w9PPsPwX26CldYUl2Pk_x,https://www.youtube.com/watch?v=byuJmPZ2Psg
OwVUj_oSx4Z-tUufUJqwV,https://www.youtube.com/watch?v=22NUBpGgt4M
1Vt0OJ8AmRE55bPYifh2I,https://www.youtube.com/watch?v=tFQjfOe6oc4
Xub8Y7tww1UXpX7GgP9pP,https://www.youtube.com/watch?v=ma59Qnp6ghw
PAGxVq4ounlUUAfg4jwM3,https://www.youtube.com/watch?v=tQVpRafjv84
KyMVCXUzLFIkW7hbYy2oU,https://www.youtube.com/watch?v=RduAHioRLLQ
8Y0H_F8rNw-ih-M9mDJdP,https://www.youtube.com/watch?v=-f5SGOIF49w
Oank3_BihHPeUnHfI6S5T,https://www.youtube.com/watch?v=rUA_lncasPM
LguRGgNg1EOkSzileojV9,https://www.youtube.com/watch?v=6wH-w-wsPmU
dv4m2F0oH8I9C5V1nEf5l,https://www.youtube.com/watch?v=o1JW4_KhE8Q
npNLxdrRdfrnrfeeA0kOM,https://www.youtube.com/watch?v=sy4VnjpKkhQ
6cRD-71qqpB9gFAJb4w4k,https://www.youtube.com/watch?v=u_7qbo_hAik
2RRMGmce9OXnk-nJcQX2E,https://www.youtube.com/watch?v=TrDmojNqhmE
KDI_HnU2S7aWNvXvZpNJu,https://www.youtube.com/watch?v=8k0IAjjpqyY
zKHWd-tqMjdJzJ3Acr2fW,https://www.youtube.com/watch?v=Rjgx8XM_ypw
vOh7MSSQZfH8_SYuFrwER,https://www.youtube.com/watch?v=D1wdy1t3qHQ
ON5RRK1HN446wB8m8R_x5,https://www.youtube.com/watch?v=pC4Qm9XR2cQ
1ouU_xkQtCfRuIiX7xpHz,https://www.youtube.com/watch?v=AHtcCsZltLk
lVAOTFHfStSKUiZgUfjGL,https://www.youtube.com/watch?v=IQ7eGlZ2Gx8
w-w6Mmt0KCgw_iwA0W0e4,https://www.youtube.com/watch?v=rV5NSoTiE8U
o6sv5b4Wwm3016nod-EEa,https://www.youtube.com/watch?v=trtREe9RgxY
bx0X7FhGMtxolGKXksaDC,https://www.youtube.com/watch?v=ANLKsF7M6fE
IF-lBMfeANQJlIjLW-1e-,https://www.youtube.com/watch?v=KBNyR7wBaqA
32wtMDmOLiM9GGTqeLhJM,https://www.youtube.com/watch?v=_8VkmQ1xNZw
TMEiYUJBkh_pa06aVeeNn,https://www.youtube.com/watch?v=oLEiP9qSTgs
c0DlMRl-8_TfNRowXv_D6,https://www.youtube.com/watch?v=LLX-yxaNDvc
gqvZHCgrSXzvfmgtRP46S,https://www.youtube.com/watch?v=fXW_uzsT4eE
6ye7oy-a2V6VkX3f3cKm8,https://www.youtube.com/watch?v=EiwXtJBbtqM
MBJn3lKNHQXdzvxPc_xKX,https://www.youtube.com/watch?v=GU7NxT2V1H0
quafVdvB0lIQMGx1q5R65,https://www.youtube.com/watch?v=nyGZK-ryxuk
aLlZDCrkdf6PKxoZpOl61,https://www.youtube.com/watch?v=yU034SMoG-s
StqFakEy615lKW4E2FuV1,https://www.youtube.com/watch?v=3-0t30bhdko
BRXVJmS58y_Tr-IbG8yOo,https://www.youtube.com/watch?v=sFUflQ4JLkY
toDwMkRLi17V9CAariAgp,https://www.youtube.com/watch?v=1_UKHqQKBDc
Hb8ZZN1cf27Y1A3oB_tog,https://www.youtube.com/watch?v=t4izT3tufzM
jDZfYjgnIJIifJw01FlUN,https://www.youtube.com/watch?v=m3AkM96-5r8
Skt3YeNI72jXVozcrXz8J,https://www.youtube.com/watch?v=Ksj7R3N8320
VO3qVSHpKMtJ32OW8jLJK,https://www.youtube.com/watch?v=bhJ2v1D6EfY
rVOet2ZPB3LfrZiczcmZP,https://www.youtube.com/watch?v=lXUyAdhI9H0
_0mYZXZhByJndoev6_Tgb,https://www.youtube.com/watch?v=nvTO5b0pyXM
FUzZUKaaj6NWfl54iRaQC,https://www.youtube.com/watch?v=oD5D9r6L_As
l-DWEdvLMHYpXsObkGF4r,https://www.youtube.com/watch?v=XhFNdQ5_SKg
dZgVFdmqmVJ7ni-gUiLs9,https://www.youtube.com/watch?v=kCg_Xb4LZMI
Z2gKNKrEMT5MH60vgFtn3,https://www.youtube.com/watch?v=Of2mH71UdLc
t-qiJvNekwGqmyva2xu8V,https://www.youtube.com/watch?v=da21pUHWXoI
q5qQok3O4o_4ML5lb-wbR,https://www.youtube.com/watch?v=TkDmQ6OLsqs
A9Ad_YrQsl27bEoKzAhn0,https://www.youtube.com/watch?v=YIPW9sw70Kg
in4pGoOE3A5jT-QmPvQHQ,https://www.youtube.com/watch?v=we1TO67AYvo
SscXpwCFDu3MrAK1RNxZT,https://www.youtube.com/watch?v=Wz-vWBAmttg
C1SVnBLaylwgdd-votS1D,https://www.youtube.com/watch?v=nIUGMdIGY0I
F5SH6Xa-Ny1k4Qgpu5NLE,https://www.youtube.com/watch?v=nOEyVNkAJ_Y
Lb2lEAoeKVArcjY140ED1,https://www.youtube.com/watch?v=4BMsHy7HM-A
h-qDdm5-ItL3qCmbGRKlx,https://www.youtube.com/watch?v=6DM51zk9VAo
ubaRDtAjcZL8_LcAq_E1t,https://www.youtube.com/watch?v=RLi0SRoGZPU
twtWMdi3ZUFr2DfAbaVFb,https://www.youtube.com/watch?v=CfVn-xaDMlA
PCJ7h4ChlFQUIClP83ueJ,https://www.youtube.com/watch?v=NEDWvgJbNh0
sQsvDsLY-v3CYx8THs_-I,https://www.youtube.com/watch?v=t2bu75lJv5s
6oKvqOBS2aJaPqTIi8UG8,https://www.youtube.com/watch?v=H_TOaKeci6s
3Kimo1IiI2blJzS5MAww3,https://www.youtube.com/watch?v=vysMV2LN6Bc
hnqh1HyhYJPsZ664GWTrU,https://www.youtube.com/watch?v=Mnt61FRAu0Y
rDzzkO2l9Uvlp6M7rFEcz,https://www.youtube.com/watch?v=cCieR2v_Jbc
Yunlcd4DxFkVAbQySS7fH,https://www.youtube.com/watch?v=pDBPPWLsWkc
YxQ5s4_wcD36IIvNX0duR,https://www.youtube.com/watch?v=2SpIWTsiqic
yg7cOOdHPNjERJmoXtWo4,https://www.youtube.com/watch?v=zFX6KRMJm3g
72uLhBmNGJrlx-eCkX0bV,https://www.youtube.com/watch?v=dKJn8J2PlSc
zhsJ06YFwsiZp1DsJOmDh,https://www.youtube.com/watch?v=DGuYSjZRmUg
tNaMUS8DGZ0N-pqHS6K2O,https://www.youtube.com/watch?v=ospK6jgwTjg
zAgUR9dkJDiKwWnUD20u0,https://www.youtube.com/watch?v=2WY1mgymvFo
jeEf4yG-IwuCkSka6bmdJ,https://www.youtube.com/watch?v=kVWs7DcfeQk
wFrrKk0_P5bfVCjV49fZD,https://www.youtube.com/watch?v=mj3doSvGa3U
FcsAYR90xEziPyt1zaGDF,https://www.youtube.com/watch?v=4nqKnzZcHEo
0KggXXxS8Sj0QkAp-02XX,https://www.youtube.com/watch?v=adf0Ktj978I
x5jEmhYLoFTZYaFL0QiR4,https://www.youtube.com/watch?v=hR0rM952kkk
fKkUP73uzHBPVbISVPZb1,https://www.youtube.com/watch?v=NAFMNHu6CzQ
NNEhBCzMtVxv88-7Yy91y,https://www.youtube.com/watch?v=aRQ5ROjgGmw
H8c_5q8frahQCLsHeQj8t,https://www.youtube.com/watch?v=Ds07R9mhPBo
fZhJ20Gb3kpbyBU2Ywiqg,https://www.youtube.com/watch?v=nwV9HJBBTws
YBXq7cVMFEy6cBUzSNM-d,https://www.youtube.com/watch?v=yIV0p6Yvdz4
PzIF53XoiqG-a7AGPQfas,https://www.youtube.com/watch?v=PgUzGzyKdOk
yVLKTQ7w7bWCfhp8Fie7s,https://www.youtube.com/watch?v=pv7tU_KIfF4
Fn8QzVVFjQ5XbS16cm56A,https://www.youtube.com/watch?v=JpiC9_5cJaE
LX36ogBUoC3Y4PYiD7mRb,https://www.youtube.com/watch?v=0Iz0gSQ-b3o
40aWG8WKuGoxceMVp-y70,https://www.youtube.com/watch?v=zqLofWsnwfc
qMOC_nHXHg9ouZfGETPdf,https://www.youtube.com/watch?v=3Kr_WOz1hdY
T11y5po8CqlUnDKyPSzPc,https://www.youtube.com/watch?v=jeGti73TpEA
uHQ31FOJK3Gr0047wRZ8J,https://www.youtube.com/watch?v=QD6w6Ss5Ucw
rJnK21E5MqENBsVA44rfH,https://www.youtube.com/watch?v=jjDrBymTkME
JLbBVglOfxNWGoDDNkgXR,https://www.youtube.com/watch?v=khNam4CmHl4
FRXVFVRn8IjWrIo3iRyK2,https://www.youtube.com/watch?v=-ng-r7bcfXc
_Yfodt8y58FebEm6kr9gE,https://www.youtube.com/watch?v=Ahgx21eJ7YQ
hZm1q6gHXM7axjkCltxn8,https://www.youtube.com/watch?v=VDT-ETdzydc
kWY8G5d7BJFPqznIBCJq3,https://www.youtube.com/watch?v=xR_BBoC_vCk
69txy3d64eJiwARqGnHUM,https://www.youtube.com/watch?v=U25P4bUOGmI
OU5Tmlqf_DYHtgM2iP85X,https://www.youtube.com/watch?v=963RrvjYIIM
Trzv0cmyPo4qE4Ny3YWqN,https://www.youtube.com/watch?v=5MnVakBk850
m-JB6v32IdhxSDim3Him2,https://www.youtube.com/watch?v=uv2ixpBQXBQ
PGFYGT_1BxkrYYuuhy1Ac,https://www.youtube.com/watch?v=BzW-6wZFZoM
bH-L6W_rbqHPI5g8QDBIn,https://www.youtube.com/watch?v=s-xRzA-hGfY
LaemyzBdrESR0keb1PTpm,https://www.youtube.com/watch?v=184D9fnPGzQ
3xl_JuBQLfOTGs-L3T2Y3,https://www.youtube.com/watch?v=yHHoNM6B7a4
rS1SGFyXfCPpz46woYAyn,https://www.youtube.com/watch?v=5MSUAAro2tY
ltFyUUI3sYFrjUY8nMJUI,https://www.youtube.com/watch?v=4p_r5lAf10A
u-jhRWpSSMjp4hkI1o2u-,https://www.youtube.com/watch?v=HoPiDWrxG5A
w4dZvrGw7XBiBK1AYPpcL,https://www.youtube.com/watch?v=PBNMje2nQyM
WhEykhsnik_D__MxelfaD,https://www.youtube.com/watch?v=vmJMvDAM1dA
8ZCgff_tk-1IPfQY2j_aQ,https://www.youtube.com/watch?v=4kRgilqpV1o
ROTBMGw7sO3eWxgp4GaYe,https://www.youtube.com/watch?v=rLAe1pP7R84
J1qCd-Wxfq2ebRv9xKPUs,https://www.youtube.com/watch?v=h3LUOPRGJSw
shHG-ccOAlinILceQhDb2,https://www.youtube.com/watch?v=BAZZlFLWXV0
vc52RbdPQgDoNq7975UZY,https://www.youtube.com/watch?v=j7pvNfkfD-k
OmQeCNBlW10646xoPL39W,https://www.youtube.com/watch?v=lNYhXRvg3JM
I6M46cBoeOYj_HXf6x_HS,https://www.youtube.com/watch?v=anMsDyNWalQ
ezO3iF7Fw0eoR1VjNaWi1,https://www.youtube.com/watch?v=uZOlSSv3wFo
c62W3KDtPzMehNUiGPy_U,https://www.youtube.com/watch?v=Y_1rOHcM2uk
arQChuiFie0-1QtrjTxlK,https://www.youtube.com/watch?v=jiyxgJmjCq8
odTpWXRU1RT3OITieFj_k,https://www.youtube.com/watch?v=GO3xVOP38DY
Qcy77ZoOHNW_uULZxgsOQ,https://www.youtube.com/watch?v=mbCouwXCVCs
fnRbLBWhjYjNSa3pPFe7k,https://www.youtube.com/watch?v=j_h73dEcfv0
E7zwojXt8fJZrxBEEiLCw,https://www.youtube.com/watch?v=ZJcaZ7dk-8k
I39-N6DRMfF07HR3W9-_Q,https://www.youtube.com/watch?v=dNWd9wCogss
MMmCHGPNtlkLIfj0duOBu,https://www.youtube.com/watch?v=nnUD7IPFWfY
M6UJ9FEH0CgYv2seHSVef,https://www.youtube.com/watch?v=fdggJAytDJs
S3wh5TCzEAzO6QeZsWe1t,https://www.youtube.com/watch?v=vOwf3PXDBSI
hgnm8wyyCZMRtxTwXLOsq,https://www.youtube.com/watch?v=ObOO22wyhTM
evswpadLU-ThIVorQrhEy,https://www.youtube.com/watch?v=TFc0xZ3iVBQ
7H7Anp50wGIWZ0eyaIFvk,https://www.youtube.com/watch?v=lhftSeFj3iQ
lTBdnb3MiI2PMo9UOfama,https://www.youtube.com/watch?v=WbyiQM4slEo
iNp59Jvv9SwqoXeaYQrcA,https://www.youtube.com/watch?v=QNOz0-bEQYc
5pLf9swv1iu1MatXkMcAZ,https://www.youtube.com/watch?v=GdTkAWY7Ks4
LhPLEoGreh0G8Vhv4oM2C,https://www.youtube.com/watch?v=RQf7b7EraWo
OkO4hspu3UYD6LN9jcGx9,https://www.youtube.com/watch?v=SrrKsdbdwZs
FzojjAJnmS20fxhGrgR3i,https://www.youtube.com/watch?v=IRK3xry5b04
8LunNKY5qEnJfcYdF9zEl,https://www.youtube.com/watch?v=btE46P2TnrE
rrKynNeEdj-vYHKEqsOsm,https://www.youtube.com/watch?v=KS_R7zDwNK4
Er5ZVrHjNfAZe4v0Zd9X5,https://www.youtube.com/watch?v=Ujsf40AsTjQ
cyamEb-N4VhnGo94edbsL,https://www.youtube.com/watch?v=_Yjy7y7Oub4
f0RSB8O8wZcY2ZP1CaC_n,https://www.youtube.com/watch?v=h-IhFvY4xSQ
sHIjkFwe-fYVEKJPBnI1C,https://www.youtube.com/watch?v=wyCSwRb17m8
m4DEqpZgD0UUaY3F2gg9O,https://www.youtube.com/watch?v=Wdrv27OiI3o
2SBRQ-43GXUO2Q1FQUGz2,https://www.youtube.com/watch?v=IrMcut9UOik
Pwxz6axGwfo59VyfIktCR,https://www.youtube.com/watch?v=654eAXV8dzA
3GmS9KtdFyU9QqWJqQ21k,https://www.youtube.com/watch?v=AuxpGMnOwRc
c24GznQAgbyzcs_u3Q2CL,https://www.youtube.com/watch?v=xMEOW5ZKH5I
Ymnuf_cwG-5ukMSF0buP0,https://www.youtube.com/watch?v=9fOoL3LzkLA
ULGoUvJOXjnhPC4JMochI,https://www.youtube.com/watch?v=t5EE94fV8hI
cKeP5EoO442UA7FCNUFIO,https://www.youtube.com/watch?v=1uQUKCNVlws
M24qjewEnS1zDj988nQ35,https://www.youtube.com/watch?v=c22Uq5-diWw
rE_m-bP1o0Q1FIWcofabo,https://www.youtube.com/watch?v=z3s3OmwHLDo
tOCjigxpSpMWAG156Wcf_,https://www.youtube.com/watch?v=bWi29NevGVY
bQpKnZSZkxJOia79hL-fv,https://www.youtube.com/watch?v=uYZh_dTJQUg
iboQRc7aCyT8W4j3ilNP5,https://www.youtube.com/watch?v=DACbXsIXyCk
WbTALDF6dsg587y9bK5vy,https://www.youtube.com/watch?v=873GM9tyTnk
O27e5QpWzf9WcydZlUX-Y,https://www.youtube.com/watch?v=817JfKb9DTM
w5o6EsPXxGfaeXL0B2CvE,https://www.youtube.com/watch?v=ZkqHgHlfpoE
dLVEZJx5jaBEOAfeDDzvZ,https://www.youtube.com/watch?v=olYgPp1NrtI
W8TNp6src9b7dcxyT9SyV,https://www.youtube.com/watch?v=B0W5XBMtW4U
hDs28WSZzIBCkX4bkeKNO,https://www.youtube.com/watch?v=QMpxX_wG5EU
0ONzJzKwDjyWOzfL_F0XG,https://www.youtube.com/watch?v=s0nm1FWkQ3k
cZEGlh-cyyDVbiKoGAzoe,https://www.youtube.com/watch?v=1pka_RRoQl0
3pGySQ_xlZuWQGvGzPrEU,https://www.youtube.com/watch?v=8BRbjzH-IjI
jsk5UPCG2XB7l0VNQqUVk,https://www.youtube.com/watch?v=h_PjQ30tG6c
x5Mx-LTIhwU9RojDzEf-Q,https://www.youtube.com/watch?v=-8ghS4lrrKc
BOqPLXAhiGxC3MutELKdY,https://www.youtube.com/watch?v=W9FZ3CbnIY8
Int2chN7b1qIdVNGFSiI3,https://www.youtube.com/watch?v=pUtslhUXwg4
E49lj-w9BZM4W9YREgZ6O,https://www.youtube.com/watch?v=SkScS5wBCpg
IIIRmG2G5pRkc8wUq0nev,https://www.youtube.com/watch?v=OKfpO1zpI94
HeT_JTq-8z3Cqfys1uVjW,https://www.youtube.com/watch?v=JgX3RAgjOHY
yAXGuCBq3X2aa1KwLmysb,https://www.youtube.com/watch?v=J49PuCCFR3o
bDDm_k06fl3XZpYWuUSMR,https://www.youtube.com/watch?v=6Yep2lCVjqA
n5bAdYRnWV_d1-xCGuY9y,https://www.youtube.com/watch?v=_RgfoZWUp5E
wkucIESAmi-msnFPcouUe,https://www.youtube.com/watch?v=hRTngT6NO_Q
gKw7YqYv3cR4F0KpPEhPS,https://www.youtube.com/watch?v=ZwFEQCXlNFE
H6fo_xdUgIa6QtPZMd3pH,https://www.youtube.com/watch?v=wZGbQgf6JKA
M8rXk4HyO__EGsGGT2v1r,https://www.youtube.com/watch?v=i0YJu9i9h64
5JDEups7bKWofEWxiuYi2,https://www.youtube.com/watch?v=Qj7elqSoDH0
d2ATPnDPeseXlQMXXkP-t,https://www.youtube.com/watch?v=nhws2ZVURYA
7vu17IQ33acmwPwYB-mou,https://www.youtube.com/watch?v=9OTdmi_-otA
oaAHJEsFQDXcafj2EmfO1,https://www.youtube.com/watch?v=lhapb4Rp1L4
g_WcnMP0C26USC5Pzlu8i,https://www.youtube.com/watch?v=ljPirB8J8Yk
RB9-6ycdyfXelO1nu4Pp7,https://www.youtube.com/watch?v=X28WEGw1tLo
1RjHCP-DpszT0s25fMG3L,https://www.youtube.com/watch?v=tV_pb498nCw
FAQ99jfOYMmoN9sVDU390,https://www.youtube.com/watch?v=giPRP_wj6j0
nL90vM-yMCg4hiAxegaXU,https://www.youtube.com/watch?v=uWdKW7Hfd90
Z_xYxVibcpJIgcmlPv6K-,https://www.youtube.com/watch?v=0OibWjEuTIY
tYJOk-8S7V9qV3qqeP9Qg,https://www.youtube.com/watch?v=fscTILypwEU
RO1BAlrFHq7AZpiItWrJm,https://www.youtube.com/watch?v=CByowaJQRMo
DM6TPYLBNy-HYflEHuttL,https://www.youtube.com/watch?v=LbO5tiZt0Ow
KXhyhFNiKRISt-21ABZQ-,https://www.youtube.com/watch?v=LoWP8v0mrpM
UH65xVhHbpT8XbSTcn3S5,https://www.youtube.com/watch?v=zupVP3HqBhA
1RxWqN2Lvsh-b5YSn2iEJ,https://www.youtube.com/watch?v=v26XzIO0HE4
OJZcUgaJgM6hotExKaFSE,https://www.youtube.com/watch?v=-ZIpCm6Xka8
zWjI7110XfUZt5zn7wUpp,https://www.youtube.com/watch?v=rgJw3ZIrw2Y
adb5KhRec3a0v-QVnHu0-,https://www.youtube.com/watch?v=xicxziXpAto
FftedX4FpL_fhZL4jw0Pd,https://www.youtube.com/watch?v=wzByRRz5hDE
xWcdXEAKWD3oIqzDn5oyR,https://www.youtube.com/watch?v=ppMUvGWmqfA
-DhYvMqAPHStad38pZhds,https://www.youtube.com/watch?v=JAaM9ntFIGQ
wFUIL4TjYYp26HEyFLYUe,https://www.youtube.com/watch?v=fcLgBUcQ0Nw
u-bm84a-_jP47lpBnOpgk,https://www.youtube.com/watch?v=v2LkY_hkqIk
g_wZRLcfwEGGec7-3zxAr,https://www.youtube.com/watch?v=Dfgv-bKzabU
vC_xbJZyaBeMONr76IuOH,https://www.youtube.com/watch?v=94K0NK8ivcI
VjgFoEwYhMBpa6SeS5K1d,https://www.youtube.com/watch?v=a0gQl85L82I
Vje2R9JKa1jmdajCnvats,https://www.youtube.com/watch?v=a3IXP2H3BSA
oZ5vY1NrBeErlzH0wIeB1,https://www.youtube.com/watch?v=OwhWxkw_f1U
Mixatfk2D15XpMbboIfkh,https://www.youtube.com/watch?v=2iL8D-Gdvh4
6Wk4-qdwyqB2azoZo9SA4,https://www.youtube.com/watch?v=T8mAhW9jIeE
PwgVr1AEGT7aAc6f_dcDO,https://www.youtube.com/watch?v=rah3uaXCGWA
vdnlavEuHbq5Gu2n7ulR9,https://www.youtube.com/watch?v=wG5iMPr1jY0
obaMS6ojOQzGgWerDDX_D,https://www.youtube.com/watch?v=jwtESt73-EQ
kmAuwJjm27-rB3aQd1FA-,https://www.youtube.com/watch?v=zZrAblKDUOE
F62vfIHJyT0O7sbcj6OW4,https://www.youtube.com/watch?v=-euaYYO_b5U
qaJ9Dvr5mtwFnB1PsSCMd,https://www.youtube.com/watch?v=dhQtVaojJI4
h6kkfFQiPfYBkBXvakN8W,https://www.youtube.com/watch?v=0M6968xsvf8
5SDY4Uqpy4yK_NpRBZgpa,https://www.youtube.com/watch?v=zwawzhdLFFI
tcrDtLkFCF539mfImmcjZ,https://www.youtube.com/watch?v=tBDSD1yVaB4
qF8-GHyaDhaE9f_um45SE,https://www.youtube.com/watch?v=HkpjtRK9_Z4
mUc4WfIj4hZFwBZuOTLBq,https://www.youtube.com/watch?v=lqRxwoj7k3s
YhAqIoK2Ur8FIaJvTca_l,https://www.youtube.com/watch?v=91hn_Z_Enm0
gtey8Yc6H8vGK9-0T3q8o,https://www.youtube.com/watch?v=bv5wLOBEzvk
4BcSjgOB5wrlMW9QYRRsS,https://www.youtube.com/watch?v=5ubvW0v4W0g
mEnDVf9ImEnDxDa-ZYuXV,https://www.youtube.com/watch?v=IkiwkocMK5A
5TIbHKLiPHZYYfW-uLWoE,https://www.youtube.com/watch?v=o1xJeRTZ4-g
qo2aHvKcRV6U2yjdNXCbN,https://www.youtube.com/watch?v=WVYw0kc7Q-I
23sIze5xa8S5aewSGkiws,https://www.youtube.com/watch?v=fiO5YnGqLrA
qLjZRYUzoX_4nOPvOaoPH,https://www.youtube.com/watch?v=HR2bpvnD00g
Osi4LhSY3pk3nMdaIyZDl,https://www.youtube.com/watch?v=8VDiZLdHMHE
CmlC1n_V_bZU-ixKmqqKz,https://www.youtube.com/watch?v=XzKy7Uw45UQ
xJT3TwlagA6F9J6QcxDdf,https://www.youtube.com/watch?v=6Q2vuRJwSNc
EVjUuNvU9TH4AO73uZY6V,https://www.youtube.com/watch?v=upmD2py-OHY
lolKGQ1pqs-71QhcYN-zn,https://www.youtube.com/watch?v=YgaYTHZEQvk
-UnYX69cZPl44tvaKGR7V,https://www.youtube.com/watch?v=vPaspkvB8Jw
TKwNvOBMoRJ-DGDTcTQnX,https://www.youtube.com/watch?v=Euk7NbAW5-M
wTGkX6mXkdGn6Ap3A91ba,https://www.youtube.com/watch?v=uKlvxkkC3jA
CAgtvphq58Bor1GurAVbf,https://www.youtube.com/watch?v=sVFW1S7hBmI
vYFJFSo8pBNZj2v-LIIWm,https://www.youtube.com/watch?v=p5u7lMXVvUo
76pasqTq6qbs5kis5uSuo,https://www.youtube.com/watch?v=PhEBWARX8hQ
UzszuepH9JNcGdZnePw1W,https://www.youtube.com/watch?v=Kyo0VmrLnxY
fqlm2EG0nJFikby_SXTsN,https://www.youtube.com/watch?v=jBB0_EP776I
V0fldKITBDLzH_sNqJP22,https://www.youtube.com/watch?v=RWyMygSQoqk
QmySWx9HMhmwqMFqypseP,https://www.youtube.com/watch?v=jsHp8depabU
Vva7fgch1tGnppRp_yULU,https://www.youtube.com/watch?v=tayT-JqBLME
Ywc5xZh57C4VZUpDUQiNt,https://www.youtube.com/watch?v=fGYBw27lRuI
6x-kAkU9PXhMJFsK4f9Kk,https://www.youtube.com/watch?v=1kyHHKn-m08
rGc_8XWWACuTkHxKXM4it,https://www.youtube.com/watch?v=N4H87tgsB4I
kVXlQE35_yh1VxTrQ4K86,https://www.youtube.com/watch?v=yIt_rAASW7M
bGaobqoyJMZT0QIrOl49L,https://www.youtube.com/watch?v=TGCIkpDhUEE
8RqDs7__blaGUGqVuktfB,https://www.youtube.com/watch?v=JOPeqPcgKpo
mg395VFl3KP1qkQBT_Sd1,https://www.youtube.com/watch?v=wRib5Ne3pak
Iz_iokqmDJcPtfMvdsv-b,https://www.youtube.com/watch?v=zMfQ3Hv6WUw
Y8FLkSSG08GWovIc_G5iR,https://www.youtube.com/watch?v=O5KHPx5knn0
UtXATE_FvjugjES_SKYtd,https://www.youtube.com/watch?v=yfD3sklUfw8
XL2viE-mYd9Nc60peYG99,https://www.youtube.com/watch?v=qLZYQ8kZsNA
3gqWBWYq_YLXNGq__t9Yj,https://www.youtube.com/watch?v=nFxdYzGmTcE
tc73kDNW84IIPaogIlVKJ,https://www.youtube.com/watch?v=fNRgQVYEG7s
6GqT7gGiHoDMCSD85YWLX,https://www.youtube.com/watch?v=38ooJdGuQmE
K5I5Mib9ncQcJwZBd1Ut0,https://www.youtube.com/watch?v=NkuatLFtj7E
ZsEVU_Z4Z6ZH8PZEPBbxm,https://www.youtube.com/watch?v=XgOLzdpEWQA
3wT33uR-20x-Y3rgHpleb,https://www.youtube.com/watch?v=ewptj6kS7OQ
WPOccaFzzw3kLDVkEyArP,https://www.youtube.com/watch?v=NK9Mw2sTVIE
dUQ_7dsHYP7rc0jMhmQpd,https://www.youtube.com/watch?v=MzXcth_ZGQ8
vwUWfOD_1BH5pnJ8GQP8n,https://www.youtube.com/watch?v=ATRGEV-Klyw
R__Rj3g1WIqZwY0MwO8uQ,https://www.youtube.com/watch?v=fk-9-F1ArIU
CqNbvZWsoD_hofqv3Z7CA,https://www.youtube.com/watch?v=YUCCvyGHyZQ
n6nCfdbwlyTptQTJMtrMV,https://www.youtube.com/watch?v=ilbwEn92-XU
RWMk8Nx0pAjAJ1SVahVAM,https://www.youtube.com/watch?v=Lp3fmN_9ylU
iPrRVU7eEiuTjLKRYZxqn,https://www.youtube.com/watch?v=h5utODvtO-Y
AiHLYrEe_uV_BunbKgLaE,https://www.youtube.com/watch?v=4r5dlE258fg
ZopHbDrUgQxIH86XjLWOA,https://www.youtube.com/watch?v=plZCaZJiEv8
kJCifUN_hyXfMbKpmRzIj,https://www.youtube.com/watch?v=U9VQoovTRtQ
tLjv1wkYdKGpArxYRa87y,https://www.youtube.com/watch?v=BAGMeCUk9Uk
X4YeUR4hMv6AH_lXB3eIS,https://www.youtube.com/watch?v=_SqAGpP_sSg
dxKWAU7MJrX_QENKcyVIW,https://www.youtube.com/watch?v=XF4yxQ-bKXw
9NkRSNxYxUXFOO_lNL0oz,https://www.youtube.com/watch?v=7Lv5Bd67Wyo
FKQB97y2455RHtZXg5aOI,https://www.youtube.com/watch?v=Q_j0c71C6tI
HqEa0sVCquSR85sYrGHmh,https://www.youtube.com/watch?v=P9alb56hGCk
hvXGNROdhayRtyi160CmH,https://www.youtube.com/watch?v=C-D6sEWm3-4
NtVu_4G5s_-TTWdJpk5D9,https://www.youtube.com/watch?v=eo06enyKZ7k
R83w0eOUMduOAWlnZVzz_,https://www.youtube.com/watch?v=ev1x5gYRsQo
Yq0_P-HWOx1vHIAjxa9kH,https://www.youtube.com/watch?v=qyc5GnEqDlU
zNPwt6S9BnvVhBAYWFeCs,https://www.youtube.com/watch?v=xlk4ezHf24g
fHYm5IV9k8B-sOQWvoN5k,https://www.youtube.com/watch?v=ipY6gcJpwbs
CsjEL2Y4nthS2ckW2bSry,https://www.youtube.com/watch?v=1qh42vBXSzo
xI6_msxWiG175DlkNuiFG,https://www.youtube.com/watch?v=ix8V47Wrps0
qnGiobQ6Rv7F3-v0eev4x,https://www.youtube.com/watch?v=gxygdqfk6W0
tKSS15ShtF432qjwxUSFT,https://www.youtube.com/watch?v=-2FRRewADt4
7I8M24-iMNHOfseOmMbQ9,https://www.youtube.com/watch?v=gcRHAK6HbyY
Cvm3tzNfo1Ch8o06SpLBc,https://www.youtube.com/watch?v=0FEXALKbFCw
3U0EgWzuGeCyevRsUbl7b,https://www.youtube.com/watch?v=bHs9JlseA5M
iN_vKRdoGIWFEsjF3oIXD,https://www.youtube.com/watch?v=NDj8kJKrRmA
gxmRLzYk-lMpUKAAGrHkb,https://www.youtube.com/watch?v=8eR7i6hH_UE
RKmeJ-fd3wxhNr0qXhPCD,https://www.youtube.com/watch?v=HBGBBrmz9aI
rG58N-1-dYCg7F0zTBXUD,https://www.youtube.com/watch?v=LgITOfLGQn0
2ndYv47zUZzTpyyPFOPb0,https://www.youtube.com/watch?v=8k5TB_QIMoI
zUax1QPy4kpvu6A8r-1bY,https://www.youtube.com/watch?v=z-FEGzu-Afw
YeOhwddLnxtgsfL05-ztN,https://www.youtube.com/watch?v=GF_FMIrjdrc
YzseEvM5hwyN0gNeSJ_iT,https://www.youtube.com/watch?v=nZQlnHF0yOQ
w_NKMgCJtYW7ZAihT1x_3,https://www.youtube.com/watch?v=uPRS3f8pXmU
XjV3JHPEAYbyus4CqT0g0,https://www.youtube.com/watch?v=z_ka3pbJ6ek
rPq8mwIyewxaXKFzWojCs,https://www.youtube.com/watch?v=QZQguGnXNDU
zO_IPO8u4UMTwz3jhkRpt,https://www.youtube.com/watch?v=JAVap1IlqB4
KpVfohXfxChNPfxSBi2JI,https://www.youtube.com/watch?v=f09b3a9Ta10
fjevl044S6iO5ELP4ZpQ9,https://www.youtube.com/watch?v=U-SIXg3lfjw
VVTpyDzDGJYasu_h4qScW,https://www.youtube.com/watch?v=femjBuU2w8c
XOI1rh17V2-Bo-K87th-c,https://www.youtube.com/watch?v=lL8HKud_pDU
1l9t-kMWgeu39hgbDehe7,https://www.youtube.com/watch?v=rtfrUUoukXs
cYuoO4HKioP7HxSSnY5cc,https://www.youtube.com/watch?v=cJISoa_gba4
sfrbR24PGtTc-R8OVHyAV,https://www.youtube.com/watch?v=eRFnwehj4-g
RUk5mTSFRh2DTCxsetMcG,https://www.youtube.com/watch?v=BZfDcfgtS3E
QxYFIeKgkCvmX-4RbSs0O,https://www.youtube.com/watch?v=XGszDdgNFUg
nniCT5yK22vy9u2QMLvmR,https://www.youtube.com/watch?v=psaC81PGGYM
-E3MzVNtqPgDix9q8DMaG,https://www.youtube.com/watch?v=_hoc2CwoSH0
SO2q-6VoZR6QC4oxfqVu5,https://www.youtube.com/watch?v=Ydz4OOpZRKM
loZ8W4Oi5EtYZ4dKVBhVP,https://www.youtube.com/watch?v=1hzpRKKqPkk
K2_3SrrDwya2wNkRpBzVv,https://www.youtube.com/watch?v=xd86PZmA_BQ
zu8TFxgco7DHeWvtOK7fw,https://www.youtube.com/watch?v=TWfzo8sjxBU
75R1bRgKCfQwZ_P_MTskw,https://www.youtube.com/watch?v=zSmdysdzRCE
FCC6rmfbjkm9bnQFRToHI,https://www.youtube.com/watch?v=J2f5EXOtWcw
rbfAxCYfbuCrr9Pk7av2m,https://www.youtube.com/watch?v=qyCqPGU-Nvk
_QXsJrBX-NrvLynMVDxj3,https://www.youtube.com/watch?v=NGQ46amViWM
mlsIuVNbdZarTeUOOKGHH,https://www.youtube.com/watch?v=9vV0lUQhJqI
mYscs0VFg7hwSuqWSEGyn,https://www.youtube.com/watch?v=5gkgRqWaZ6s
-UaSqf-QAvtEZ_LFWbuNr,https://www.youtube.com/watch?v=Q_sagsj8ueA
lclMiwQdCws9-hq5HrU-F,https://www.youtube.com/watch?v=Tg3SnMpTEIQ
C-DItrZpWXKM7EjxrwrIA,https://www.youtube.com/watch?v=UjUuNUPbGFk
l3UHqsaWcjxS4Q9mm8eN5,https://www.youtube.com/watch?v=t-tLHDsa2ig
EAQxynRjqoiFGARTXVya4,https://www.youtube.com/watch?v=ZlFa8cuWH20
Xg-LhYLQ2SdkimTvfJFgD,https://www.youtube.com/watch?v=7a5ORKy_xLo
YsqP2K90JJ0e1n7GLX1ql,https://www.youtube.com/watch?v=eJ1cYeZmVSI
9ubK4yeKZouzpL3CEgqLh,https://www.youtube.com/watch?v=IGBmWl4vAJU
kjWAu8OG1029dCAkZOA9x,https://www.youtube.com/watch?v=0a5M5zXbtEY
O7OarM5QJigsKy4w5FtSp,https://www.youtube.com/watch?v=OMDDrM7QX_I
37dXi2azGWMuazXx1_qsd,https://www.youtube.com/watch?v=rUGXy9PpvxU
b0jfVQkmT-abvx837UgPk,https://www.youtube.com/watch?v=FbIfpzdWooM
VbRSOc0lU7uNPBXXCilXI,https://www.youtube.com/watch?v=1td2LL9jGnI
h_JqZZhjLIfgBEIiPVGWT,https://www.youtube.com/watch?v=CNeakmoER7Q
PTRDRoiVZ0I-qgwvZu7vU,https://www.youtube.com/watch?v=YQnnr0fLPeA
TdDdfYHBEYa0Ol7EaKj5r,https://www.youtube.com/watch?v=waBCmFsw6R0
NrlvYUJbdy5MPzE6nYtQy,https://www.youtube.com/watch?v=OUG0PSsifWM
4rZOj3lA1eXD_4H9-MBB4,https://www.youtube.com/watch?v=5Ds_euXKrs4
1MkkOJGRz66R_Y5ErVa8U,https://www.youtube.com/watch?v=lugAj_kSFdU
d5QrbnuU7-FdIq3wR7dwP,https://www.youtube.com/watch?v=hofuMbszxZI
bbeLI9dPRTyhAUOGGWzPW,https://www.youtube.com/watch?v=8ZriY64dpb8
8y4C_9kX5Zm1zFeOnbfkX,https://www.youtube.com/watch?v=xbT0O16Djx4
1TypOy6VleRu8QDtoCR3T,https://www.youtube.com/watch?v=g4UdtUj4C0Q
L6fFldMzYtaWqxt8n9ru8,https://www.youtube.com/watch?v=E4-fcFX3Uxo
ifYtp-_8uVJBkR1zGhl6v,https://www.youtube.com/watch?v=5kajWOZ07qc
uG70k37_ACgVawa0xATgh,https://www.youtube.com/watch?v=5EueyreKYy4
9eJcIepp6GTMIeqG5H5ct,https://www.youtube.com/watch?v=8k0jMbDs70o
qpbYbq9Nkce8PeZF6gALQ,https://www.youtube.com/watch?v=K2JYrHH_Poc
5bIMq6SvJ3-HDfwy-cKL2,https://www.youtube.com/watch?v=_ea_EL5HuH4
Z-DK5eg0bmuKcfY77aTca,https://www.youtube.com/watch?v=KAy2IZr_GSs
o5w-VQreMnnHsm0HrjkuS,https://www.youtube.com/watch?v=gTQMK9Q7eGo
hmLmNVrHN5edCxjQvvSDF,https://www.youtube.com/watch?v=bKAgnj7eExE
qPeRUHufAD8EyYEFRUrgh,https://www.youtube.com/watch?v=vrqriPjIqMg
6dPe766WddRtWwowya6Sj,https://www.youtube.com/watch?v=-1KzKvQ7-mA
uE1TTeEv3mhESjJPog-_9,https://www.youtube.com/watch?v=jaF33CZ-UhA
svCzrxczRJ7qTmnjdyPaW,https://www.youtube.com/watch?v=zhRYEWrX6o8
HoqnsqFkN3hPlQu7_4B9B,https://www.youtube.com/watch?v=abjfDrymH1Q
sdHSCbXrCcd2tBvCvbOak,https://www.youtube.com/watch?v=EUtkTBitsFQ
eCoVhIyYwEyvldIiXieqB,https://www.youtube.com/watch?v=xxg7qo49U3E
0c6W5DQ1KN7GaBm2BMJ_M,https://www.youtube.com/watch?v=jf-pHjO3sa8
xFoBdQi3HIv5A_GfJGp63,https://www.youtube.com/watch?v=wIaACru1rwM
N1MvF7n6T9js19TlS5wbY,https://www.youtube.com/watch?v=UtKFBq8pA30
FRQC7Z_z9nCZJORrQIGRe,https://www.youtube.com/watch?v=0Tj-mqwuxzc
J5G-2JzIkhZWFtUI7puRW,https://www.youtube.com/watch?v=UUvOsv5D-AY
CJMEheHySP9JxeK7wOr_B,https://www.youtube.com/watch?v=R8br2bXAtcY
LE0e2XgbXnQHZFM7AiMsu,https://www.youtube.com/watch?v=IFSRkQxeK6E
IzSJgSGwb2PdkYfNaHMaN,https://www.youtube.com/watch?v=dsWP8PTWheQ
46HFsrNsOJ-woLFzMkDyR,https://www.youtube.com/watch?v=NkEizoOrrLU
u5LgIyXGtL_5uNfv3a27w,https://www.youtube.com/watch?v=8Z6Z9sipuqw
eWk83egV8SamEEc-4XcS4,https://www.youtube.com/watch?v=36NAFQufJcI
pVGWUOLoxxj4cWC_1xalH,https://www.youtube.com/watch?v=FVUHLfdQXFk
Li15Ud7M_MML4fC4qTriP,https://www.youtube.com/watch?v=uil7RPf0GmY
9Gb4lJykCEPuFye9peBEG,https://www.youtube.com/watch?v=svqzmWapL0k
Swi2KGscjX4UgzCBEMDqT,https://www.youtube.com/watch?v=daU1QYfSs9k
ZTTjR03WPmHVAnvMmfNW-,https://www.youtube.com/watch?v=fJhJU_NF-1I
ef06PGdfSKk2Xb3RUQXIy,https://www.youtube.com/watch?v=NEPYp1PBU2E
PkssbSW42JdPdE4eJlJwM,https://www.youtube.com/watch?v=Qd0VdIQk2Mk
x_yYYihTW0rVRMpCUwXjE,https://www.youtube.com/watch?v=JnEN_XUdKx0
eq60_pAoVcWR8Z_oeGwLZ,https://www.youtube.com/watch?v=R660A4GDtlM
xRDFojWwvzq9QcYoOYco3,https://www.youtube.com/watch?v=vxyfQx_u-0A
CJ5KWgcBxKK803hyrtWLt,https://www.youtube.com/watch?v=ow2PnGF_8KM
vOsqcNoiWD8NPhs9ifE6n,https://www.youtube.com/watch?v=nDKShtxUk7A
ZKk52JCdiIDwmsbXqvbZU,https://www.youtube.com/watch?v=8QDodJetG7s
bkj7Hx0XhTXmPB4fmNRTs,https://www.youtube.com/watch?v=TsW_cxsxVWA
qxEwvgHNFLYvD3sNagzW9,https://www.youtube.com/watch?v=ijjvd_7KhH4
Pn4J4ilROvCAQ2e8fa5Le,https://www.youtube.com/watch?v=NXhBKLB4lW0
xD4_TtPG3N7qiGzt3p-MJ,https://www.youtube.com/watch?v=HYTPUIaj6t4
7pJLzXiU8td1UG0XHbysp,https://www.youtube.com/watch?v=yPdvFDGHn5o
X2A5SE9QzJGIlbfFYWQJD,https://www.youtube.com/watch?v=AfqufW5Vqa4
pL40cJvKelZV4fxkFxi26,https://www.youtube.com/watch?v=2MJXAozJ62M
CYLFImZxAOMle3QEzDkk_,https://www.youtube.com/watch?v=gXCQ35O3HXc
2RVNmYLjU-dg2nZIWQLvd,https://www.youtube.com/watch?v=TjoPGfYdDts
x2myiDwfkQ-HTfq5MdnJH,https://www.youtube.com/watch?v=Fq99erbu424
ve3xS6PM3pYgXI4bPFcks,https://www.youtube.com/watch?v=3Cu0QHMsS-A
iELBN8gAabv95A17jui_s,https://www.youtube.com/watch?v=WtRi8Lz7w74
2QeOLM4wvFjH4uSndD0IK,https://www.youtube.com/watch?v=p6rwvS027XU
y_sIz7DsDEpr4sbRIzCDz,https://www.youtube.com/watch?v=ecuds3FDq_I
yuo5DN_u9k83DaE6GrU7z,https://www.youtube.com/watch?v=oqPFrhvbLHs
fV9NZ5Xaze9snkKZu0xZq,https://www.youtube.com/watch?v=iMSfISClTa0
DYs1Nsbe1-NxuCXZ8roTj,https://www.youtube.com/watch?v=qzUlwge4JDI
9pX7M6DOMfaLmaxzxZM0B,https://www.youtube.com/watch?v=bfi4fN9rnao
nvFUhpEpcdIo1sUkC1jrg,https://www.youtube.com/watch?v=TyDgHJdwdLw
e47fe0EDiIDg8NKaDT5Uh,https://www.youtube.com/watch?v=KS3SJQCClt0
pvMjweUPmYc4gTVW7UvKH,https://www.youtube.com/watch?v=h0WOYUbWpko
oQv-HVDSE5lkqOTSp4I_S,https://www.youtube.com/watch?v=zf4pUMys96E
gsfJvaUu9hJs4tMjtIwuH,https://www.youtube.com/watch?v=cdMSzcNxTt8
-StD16ikElX53ncEVlrRr,https://www.youtube.com/watch?v=OIxO-lJSRrw
D7wApkLVPioy1-a2XOzJD,https://www.youtube.com/watch?v=AK7hp4fu-7A
Ly_Q_08pEoBo88X_bg5Vg,https://www.youtube.com/watch?v=x_oRPSpV6NU
tDBy268QWA2EkUA4_Ve3D,https://www.youtube.com/watch?v=ZD8SuK7Osrc
ksmEKiEccnbiKaEt7xvt6,https://www.youtube.com/watch?v=YkxTQpWdnBE
yZ-Ownj9vH_MVFTqDJoSK,https://www.youtube.com/watch?v=YdXjhdUbLnY
a3JvJrv0GCyO8cwtkyrrn,https://www.youtube.com/watch?v=QZFiJn_0PVw
tq0IfNcxg8GYSkuRhWoL1,https://www.youtube.com/watch?v=Yo8pYlTgykU
HXZNI4MGp4C5-zJeLTDRE,https://www.youtube.com/watch?v=x2pCV6GRZMw
xaTlOffx-hUXoEbsbEbJN,https://www.youtube.com/watch?v=9zlmnFrM8gE
sgjg1Y_YFdfX_vMrT5hux,https://www.youtube.com/watch?v=PaTutFU7oNo
l9mXn72kKh_2SAiRzjSue,https://www.youtube.com/watch?v=A8Ab_5Jl32E
_Jg1-2hdfFlki8aFIHR7b,https://www.youtube.com/watch?v=BGlBeDDYtjg
f_6a3I_6xvO07MnPgQEHI,https://www.youtube.com/watch?v=jSo4jBLE_Hw
9EAKQCjhcVv7Jkg_-wk2J,https://www.youtube.com/watch?v=Mb7-NVvdwd4
tQctwNWxP2aCHqO8KmTY8,https://www.youtube.com/watch?v=p8GWN5BIEJ8
XdQjEDgiH3GFMAFglmsgZ,https://www.youtube.com/watch?v=qaMV4CzsW9g
fvPCkBu46mvliXyuEcJJE,https://www.youtube.com/watch?v=BovU0BeW0Vc
SlK0JsrcztKs4s0hDsspO,https://www.youtube.com/watch?v=aBKE5BSBg18
CT3myveWyIm-IuPKr79ON,https://www.youtube.com/watch?v=UgCZWPgN5u8
ZdnpMBWKttyh4i3YL6cJ1,https://www.youtube.com/watch?v=cz4Dk18mmlY
91SJsDIKoYo9rLiW9GVEA,https://www.youtube.com/watch?v=S6dGBWWWXZU
wprv9uP64QqXBDrOOqmZG,https://www.youtube.com/watch?v=ZufBjCzOc40
CnTf1GelLR2oo2Tepx3bs,https://www.youtube.com/watch?v=ofVA663r7g4
C_7oDPyTjGycfxbjKknPQ,https://www.youtube.com/watch?v=FgFBx0o5eB8
vgE9LUOikbjhhXkJwoWPh,https://www.youtube.com/watch?v=RpEpxBEpRmw
lJAwNZBpK3tNbSiXP1Da3,https://www.youtube.com/watch?v=QepXTwy6Kb4
RgPYLd-cyl_GB6fRs5MsB,https://www.youtube.com/watch?v=2BFh110BROU
m6ceLWiBS6CQZBJo5K4qR,https://www.youtube.com/watch?v=6na_ajyrUQQ
EMzDtAvk_hN2-4hZJfIAp,https://www.youtube.com/watch?v=OewLkuSnVdQ
yeDO2_Fyc3eayUAsg5v-1,https://www.youtube.com/watch?v=a02s5HNWX_k
Wb9gtrfMUgmqIC8vlVxK1,https://www.youtube.com/watch?v=sgbQKxFUvl0
bAdS9vrWZsf3FBVlw5mcK,https://www.youtube.com/watch?v=2ZQh8ZE7CwI
VhAkhRkdCKxyjbU1yFT2q,https://www.youtube.com/watch?v=z_ELTcQKxiE
RI9KauwNPilRxx1wXUhPS,https://www.youtube.com/watch?v=ZZ2eMyuyFKk
skCf-xgN7CiKHHveoUPMz,https://www.youtube.com/watch?v=G4AzDlVh1es
I1A9hlqXaFnOSj811hphW,https://www.youtube.com/watch?v=mNMnNYmzklk
iJMUQ_3aKC8W63npV9-g-,https://www.youtube.com/watch?v=z6RWBSNfZvU
pbvAPzbnBJqGxojcGLRPE,https://www.youtube.com/watch?v=LwvtkQ6Z2Kk
HgVijJpR_VanYSUPLMk-D,https://www.youtube.com/watch?v=BL7J4KGAIDk
0SJAKh9YDAPcJ9lC22K3x,https://www.youtube.com/watch?v=ZuM7ke5BsZE
Gr5A-CY2zQFqUTU_FK_bt,https://www.youtube.com/watch?v=dd3rc0YMmW8
8lLFW0Cq50Ny5A-1oZvI_,https://www.youtube.com/watch?v=331JY15uuPI
NSSfCJAMt-k_iItSIAi6n,https://www.youtube.com/watch?v=xaXa4GJ7J8I
z0v0aQeJi7PxP7OcDv5hV,https://www.youtube.com/watch?v=-jYOYAMOYBo
9ApkVddx_w8ehYqPbzqyN,https://www.youtube.com/watch?v=y8PpL9PYzcM
aRl39oi5GPed0Ue_XSQ7A,https://www.youtube.com/watch?v=yK37I8szutY
UxAu-we6wlVKI5AlNffVH,https://www.youtube.com/watch?v=sqdc9lFKaOk
gqm6q832z3MzTIygZ1Gs8,https://www.youtube.com/watch?v=6WCw1wv8bco
KBxnKHR02llCcyS9lYf9k,https://www.youtube.com/watch?v=0mGSAjgl0Wg
wYdrlBaqi1iGuAV_q_I-T,https://www.youtube.com/watch?v=WGfHghDWODs
p5Z9_rZmquaasAwHmjXEI,https://www.youtube.com/watch?v=oV5KB_RNeX0
S2WOA4JS2s8j3k2sH0Wjr,https://www.youtube.com/watch?v=FzL48bjx_T0
OcrJeupvstIVdBPLS0HYs,https://www.youtube.com/watch?v=dCOf070SB60
HK69CVcRzBOJCBDvQLjVv,https://www.youtube.com/watch?v=AnLCEhcO6LM
ghnah_p9PzjtqXJtFhSdk,https://www.youtube.com/watch?v=nPUA3oFRLMo
CgTtl-A9RRDImmVGzIbdm,https://www.youtube.com/watch?v=RfW20n5jNcg
NrMyKs4r-VyEhqs6snAbi,https://www.youtube.com/watch?v=yCsRCq0MYwQ
2cMwbEnALbllPbVcLYEjG,https://www.youtube.com/watch?v=pjafwWT8PRk
pPofYtrAnWFmo3_89Prdy,https://www.youtube.com/watch?v=TaqeMJibAkw
qseJ3F4GoLaeLR6y3Y297,https://www.youtube.com/watch?v=avcnrh5Z6PE
zVw0e8zv9HaMziNoNIW3n,https://www.youtube.com/watch?v=H2y8LrAZS9U
8lp8bqYNiiLSMUTelyf1a,https://www.youtube.com/watch?v=lA8LVvN2qDs
1GusDcAwLPp6dkpUnckQy,https://www.youtube.com/watch?v=PX-dthPzgHQ
dS63ZqVobcWWqO7EnKMw_,https://www.youtube.com/watch?v=CD69N0irlEk
13XJS8XkNQ2knW_UI7G_l,https://www.youtube.com/watch?v=lieDgNjJVTc
2xtZ7ovKnASJchs9103PY,https://www.youtube.com/watch?v=k0K_VePNekE
B-kFtA4-v6kuANmTlrMCp,https://www.youtube.com/watch?v=g-9qsKi6ttw
84Uq-hkfT9j8uZKeQSE6n,https://www.youtube.com/watch?v=Add0BDNICuQ
2BKIGJ99s70XetDcLtm-u,https://www.youtube.com/watch?v=4l0tMGeiCW4
txQ0gdbjWC1R8reFL175_,https://www.youtube.com/watch?v=X2GdwbPYn0Y
AMkXFJjC4Xr4weul4rgIh,https://www.youtube.com/watch?v=Eob4OGtCSbw
QeqgcewhzmtmAdeA-3bGy,https://www.youtube.com/watch?v=jbq6DT5sEFA
s2VsxiWTDrtSYJuzbxULB,https://www.youtube.com/watch?v=d2VuRs0wkZc
z_uVdkcx6hq3EgVxxht-V,https://www.youtube.com/watch?v=1Cb3Cc3SJvI
_Fi1BXugJ-5LDf1BWFdwc,https://www.youtube.com/watch?v=Gi2Z_nUr0hI
IcCpOx6xRRSn0foZf975R,https://www.youtube.com/watch?v=FFTu-nqb2ks
N-Wjp6jW4Pjx1EFRAF9tX,https://www.youtube.com/watch?v=EEACM94HGF4
rY0jqdzr--Fjsd6trWs_E,https://www.youtube.com/watch?v=5WMYaloOK-4
4L3pS5MXatb2E67sPu6t7,https://www.youtube.com/watch?v=oIPDHldP8mE
fr8E9Tc20SxmJWNwkygws,https://www.youtube.com/watch?v=h2YW0zntY2Y
JknjFxNHk9wl7yuRN8tqL,https://www.youtube.com/watch?v=DYYvwZ0VKXw
CtDZErJp9r8rQHYHud6_I,https://www.youtube.com/watch?v=5fR5C8mNf3U
rs8kg6t-IUmK9kGtPxt-E,https://www.youtube.com/watch?v=UFvspRZM-q4
w_nIfDQ7KkTRUvqjpZPbt,https://www.youtube.com/watch?v=NgdlLZngHRQ
roJCozgDUCDAwEKgoNwCN,https://www.youtube.com/watch?v=Wf4m7CkLEKY
gH7rNqVTsaWAkLCD64_PP,https://www.youtube.com/watch?v=A1x32fbBz9s
UqhkOGt6cccIo532LitVX,https://www.youtube.com/watch?v=BhoGWFzBOrg
z7ziZTGxhOxC6WQ4PE4ZJ,https://www.youtube.com/watch?v=mvhiBALJabg
f8wUc6A2SnNWrnoKjTuS5,https://www.youtube.com/watch?v=6yhXjzdy2M0
quBelw_4D2jr4FXOND_AZ,https://www.youtube.com/watch?v=gIcEY3jDQp8
mqZ-hAtU8mb7zwrs6z4nF,https://www.youtube.com/watch?v=iP657lPplw0
u5iSg8DoLN2JvihnaDk-e,https://www.youtube.com/watch?v=2xEu41hOnEA
N8uTEMXfzax9anNPKkYuB,https://www.youtube.com/watch?v=j8DQWtQlkJc
odUHmPkqMcKq5s4lvvT_0,https://www.youtube.com/watch?v=db0Ubjn0wwk
LWxnHo_dvNxyZiMzVC7zN,https://www.youtube.com/watch?v=HgJvr8u5RJY
hWN1SUlEnWFmW3NxdqS0q,https://www.youtube.com/watch?v=TkQVFt0L7kM
pJ9MqTSUAamEolQjtByjJ,https://www.youtube.com/watch?v=G5XCffB0wik
0VgYeTqty4CZ5qqieFsVA,https://www.youtube.com/watch?v=N3LkNzaLcTQ
S1Oe3IOFkUDdTUoX5OZb0,https://www.youtube.com/watch?v=3_Zi1z7ul0A
-gj8YwDbMpfOsZjiD8hAI,https://www.youtube.com/watch?v=6xpWXa5JItg
ie5hv3oYTbHZeaR2sFGVn,https://www.youtube.com/watch?v=M9PdUwt6ewQ
naX9Vlkk2RtlMRKZLGcNT,https://www.youtube.com/watch?v=_cUYOV0vIlE
rvpeNGVg2K0JKYmTeCQGz,https://www.youtube.com/watch?v=8fCkT-7MCsk
TsakoEeNpULpuRkA_AOLw,https://www.youtube.com/watch?v=3oMAow0KdLk
4fNbdEUgtAfTaGQyBXnyP,https://www.youtube.com/watch?v=UrPjFukydnk
qvNqVixb-JZ4FqW140saH,https://www.youtube.com/watch?v=w55dzNZaUMg
O54_eosx1zPh6QNWePad_,https://www.youtube.com/watch?v=r4sE0dsw0EA
6io9-PPG5oiSqtPCDBvP8,https://www.youtube.com/watch?v=bki4UNm27hY
Scdp1E0OtxyzJColpma_y,https://www.youtube.com/watch?v=71FRH6CVtyI
IRdj4TPNnSUBWMc8pO0PI,https://www.youtube.com/watch?v=DwqbgPuBoAQ
t86BcvxWe-G9pbSf7RR_1,https://www.youtube.com/watch?v=lhQUUKjcZmA
QDjvWiDxq5w6Nx_EwA7BY,https://www.youtube.com/watch?v=OH9BD0y4UQM
uBYdu185QMvjHDytRVA1T,https://www.youtube.com/watch?v=BhKJu2TPX_Y
VDCiWWMUJY_e4Yb15rURU,https://www.youtube.com/watch?v=xH8zDna19pg
7bzM82S2FXAXhVXjMCQeS,https://www.youtube.com/watch?v=ARn4KGOBexE
ZHn-ifCZ9RH56cRYJgovs,https://www.youtube.com/watch?v=wyIbsdejOL8
xwkuzG84zXSqlwNioVgXb,https://www.youtube.com/watch?v=nFGrYXnBjuQ
gAYkNul7zZgA82_bLam-p,https://www.youtube.com/watch?v=qpUkzdVwPV0
_1SWljADJ_0TiRuUilOdN,https://www.youtube.com/watch?v=HLcxtTyYres
mL56M1rKXqBh5RUkzh7qw,https://www.youtube.com/watch?v=2AjAnDnIoZs
JavXsjE9vNmaTW7oIw576,https://www.youtube.com/watch?v=JB6LgQh9Zt4
dpfpJ3ZW3vCRCKJMRjWNS,https://www.youtube.com/watch?v=U0TJa7TM2gc
JNO_nvLpuCJII-0KRaJIH,https://www.youtube.com/watch?v=_tbZdlW8Vnk
YSE9qQW_yuF9WvqPuaVes,https://www.youtube.com/watch?v=uGVwfhRLL9k
17y28r5iSQ4MmhBdMtnGK,https://www.youtube.com/watch?v=QmXvM43CX-w
DU23H9cVkEZs7y-dF7CPy,https://www.youtube.com/watch?v=K1rFpac4O_0
hoPi1BW3L_haxkzb6shgS,https://www.youtube.com/watch?v=19YU2nXUVq4
IcReUylvfq965sggyA-Gg,https://www.youtube.com/watch?v=Id2-wbAlLjA
CgtDu7w8qwO4Y5COVqGaw,https://www.youtube.com/watch?v=Kpg879_RDk0
6Bskt8FwckVSRrLIBI6qQ,https://www.youtube.com/watch?v=6Acu24eRiW0
MARgmQBF85dSxKhL4VvJp,https://www.youtube.com/watch?v=6w0gXhdY46Q
QFKb3FXCY2uyUUPKvV6HD,https://www.youtube.com/watch?v=qLzNa2aJnnQ
5qWnB_vqHE1XgqHYQC3Gc,https://www.youtube.com/watch?v=NFgtgF2gT4U
YEhAon8oe6gjjworxuBS_,https://www.youtube.com/watch?v=QzimK9wno0c
oFJQWf_LSmq4pgCfjyFH_,https://www.youtube.com/watch?v=skAnSVs8xqU
KPBtTBfiFSEaSwCBmBLcV,https://www.youtube.com/watch?v=fEtFlhYJcu0
VCx-2oSmsmIf-E97OzG14,https://www.youtube.com/watch?v=PHOWzmXSqJA
1gr6cFaQBjTVgmlsOG2xc,https://www.youtube.com/watch?v=q1JciqDklDw
o9qk9t8shTVzqe0gYNRy5,https://www.youtube.com/watch?v=NLsfg_Mg3hE
ozelvrRv75W2vcPYUVmzT,https://www.youtube.com/watch?v=iqq6hUdV20U
M99FyKgQucIqqL17nZs-V,https://www.youtube.com/watch?v=H9M-568rRhE
2kMCz9ixPTWRYaFM23IbS,https://www.youtube.com/watch?v=cXQdk25sg_I
wQBHgonu2ARsdxRPb2Zyq,https://www.youtube.com/watch?v=M1_Bopl8jfY
kmfm8KLBLI4Sk50vDwxBS,https://www.youtube.com/watch?v=r_f1HUSaaNo
E8etbyRuRCxu4wwmkfZci,https://www.youtube.com/watch?v=2YDRZZiJ2sw
ycvGNRJxRTBe8NYstmJzC,https://www.youtube.com/watch?v=DOkGD2bpag0
iAvJNeQN9y0TRtDHH2i7j,https://www.youtube.com/watch?v=yD5S4CxiZL4
1RdkWYj4UM5Wc7eA0uJNq,https://www.youtube.com/watch?v=CGHLhgbJgn8
lK54vUHMDg4YUNsvhD-Jp,https://www.youtube.com/watch?v=McWdjM8YqHY
mXrZRZMiF0s39jt1aPUm0,https://www.youtube.com/watch?v=enDyUO_zONo
uO-nKoybe9dIpkhB1KUpJ,https://www.youtube.com/watch?v=bPiSdDRcXSo
mO-UJJfjaZMHcVySDVNH5,https://www.youtube.com/watch?v=-cebLRXE7HI
29y0kOsTCCUjemJMC_ZKO,https://www.youtube.com/watch?v=h9gvaGVb9LE
27oWJw7-QLw_qLd0tTOMO,https://www.youtube.com/watch?v=Yrn7B7VQumE
okN24REoxwZI3O6H86nmd,https://www.youtube.com/watch?v=9I2eE3o78xg
OGyd9H9-qL60Wrzlynx5a,https://www.youtube.com/watch?v=vVSV2DO0wH8
HsnOOCFl1gW_WrzB1Kgrq,https://www.youtube.com/watch?v=UxZrDBgydIA
HTG0xrO6jQmfz4LbsnyUH,https://www.youtube.com/watch?v=dAl17hm0uis
CDv45S1cBpQhovy3oqFOc,https://www.youtube.com/watch?v=V8uqQ3k6QVU
jLJnmoyXUA2-7uRGtd63h,https://www.youtube.com/watch?v=wQyV298kSP8
RrvAuCh-doccBjaSqWaIz,https://www.youtube.com/watch?v=mLIcI4e_lOM
kR0Fg6ztENmANr6c_YWKR,https://www.youtube.com/watch?v=tujsPOS6o_k
n8DX6lOSq-4KIThdPZOUu,https://www.youtube.com/watch?v=ipbdrTWpAHU
b8iP-eFQOnl1LgxyC8hiZ,https://www.youtube.com/watch?v=XcWvKSSTcDM
BwetBLWMdEsSNV8Q31vA-,https://www.youtube.com/watch?v=bhOpbTyj2ZI
Lix6kaiQ2cdCcxrqA9rei,https://www.youtube.com/watch?v=ptx3CT0gkVI
nAwfDIlZWmqxwfKoIwKJx,https://www.youtube.com/watch?v=XEPXFITz41s
6yak28q8bjYHgsgzQeokw,https://www.youtube.com/watch?v=3KwgYFmZU54
pv38Uum7qx5or-0jmItLi,https://www.youtube.com/watch?v=GHfV8rH_stI
HZATjbMINiS--Vc-ovK1Z,https://www.youtube.com/watch?v=34CvswOo1Xo
iwIcoAi43r4wvpubutK8L,https://www.youtube.com/watch?v=TFC3Dm2W8YY
zEzRK6kdQ9ZDVRdzUWde_,https://www.youtube.com/watch?v=566m5kjUg1E
hP1dwZWqQgTdBUHUlmy2w,https://www.youtube.com/watch?v=2E7UC37mEss
9BoFUjGD5GA6_2IIj2inS,https://www.youtube.com/watch?v=0yx2VdJ2j-0
SsYBbX6t6B0XDyUEB8tOv,https://www.youtube.com/watch?v=CGruEP_ErIg
sJ0oWWyWhEK39SUxv3_NJ,https://www.youtube.com/watch?v=rB2DW4YFAqQ
lroW4nYkdI13rI8KrTxxc,https://www.youtube.com/watch?v=q7yxOzsQa8c
58MSe93PZ0pCdm1PftzfT,https://www.youtube.com/watch?v=GtFuUGDC1es
mus_d4sUPsBuodKFwEKRd,https://www.youtube.com/watch?v=nv4WYNvXmbU
7LV8cdE-3O35m-ZmNi8qc,https://www.youtube.com/watch?v=ho1dXhIH2jo
LJ8t6gZSZ0eKfzc__CrVY,https://www.youtube.com/watch?v=xkawlsTDovo
UFl6PIsV9gxUdZ7I-5z3Y,https://www.youtube.com/watch?v=1Fv3uZoB6c8
2KGqwuFcGAW7sSJlF3sLR,https://www.youtube.com/watch?v=CLtRA9A87Fg
LMGUhdIPvzNikadRdEGP4,https://www.youtube.com/watch?v=8ZYNeHLwvHc
lVMxuPN2qMF-pup4qTnp3,https://www.youtube.com/watch?v=vloKGiJT21M
z6zrJhzVVXaaKxkt4qqEN,https://www.youtube.com/watch?v=nFz_xGkaEwI
H1Cv8aPUFdfuYaJ9Jck6f,https://www.youtube.com/watch?v=0T-DPftP6hA
3VuNmQKCWPX2n1a2pkLiz,https://www.youtube.com/watch?v=nohZE-iHNdo
QHsvRd5FvUsNlMj-0VnwN,https://www.youtube.com/watch?v=uM2CP1BDrx8
ijn2_hmLTEpnyHr8Q0fVR,https://www.youtube.com/watch?v=leDuZpo0DfM
BSj_lo-eF1QVGGihvc9uy,https://www.youtube.com/watch?v=z_llh3ZPRHQ
pr0z5MO44BIVW6fZpAbh2,https://www.youtube.com/watch?v=Hz-MaAA7K64
wpnmniBGA9CGeChyp0DCB,https://www.youtube.com/watch?v=tDX101VduiE
sMiWRXiVYcLK0D_3Jcr4n,https://www.youtube.com/watch?v=r4vHWAU9Azo
pi__brczL2uaWiiDns5Mr,https://www.youtube.com/watch?v=JVjillKlxFA
1YexIudi_ukxMauMTYI3b,https://www.youtube.com/watch?v=UaRzFd_gIec
JCIXgIL-nPW0gFaYHDfxu,https://www.youtube.com/watch?v=-_FwNah23Ec
VUhFbGYecjSpzDgUyCsVk,https://www.youtube.com/watch?v=yX63Ts0VXho
7onJRrgQfC-PP85LH57Jj,https://www.youtube.com/watch?v=FL1YTuOvGW8
XmLIa6pIric8dK2r_S4-L,https://www.youtube.com/watch?v=P30mcO5CXaA
30ucO4ZJBMvT7Ive0I3yg,https://www.youtube.com/watch?v=ySyQwFzq1a4
wwBSzc18lrkOu_tLcVFGl,https://www.youtube.com/watch?v=NExok8y-os4
pCH-JPVx-esrgOI1vrH_C,https://www.youtube.com/watch?v=V39G6FUQaz8
uiPE9lOUOC2r_3DcufssP,https://www.youtube.com/watch?v=AO0tJe_cdxs
hD016Fp341ueEzlATgxCG,https://www.youtube.com/watch?v=XAb6Qu5zCZ8
Br_HXyIRmCMLVom0PhhUB,https://www.youtube.com/watch?v=LDdcn5Plr90
B_eQoCLF3_8XTQ4wus6Bo,https://www.youtube.com/watch?v=E29eNicWvTk
ZGBPSMxL6UKbsK0CAj72Q,https://www.youtube.com/watch?v=xVLgnQV8OOc
aLpWTtYmJvTPfEzEMKru7,https://www.youtube.com/watch?v=gPJpuB9Gzxk
nKnp9XtvRlc9CChCtP1a_,https://www.youtube.com/watch?v=Dfgp0ZCVFHc
9jMG8Of9e6X_iWlBy26o3,https://www.youtube.com/watch?v=ELE9dgyBJmE
LRchmSYukhAdWM3LK4-cu,https://www.youtube.com/watch?v=tPBG28TLW7U
Cy3uqpib6bw6L3kntlm_V,https://www.youtube.com/watch?v=Wg7f4mwg4xA
5h2AUE3A-pVWr-w7ewYR5,https://www.youtube.com/watch?v=13qqUdafnrQ
Bv64dw9z0TUI4TAfoKx9V,https://www.youtube.com/watch?v=ulU7EhgxCXw
tQej3rD6YkjZwRptwTa60,https://www.youtube.com/watch?v=tx9VhRW70X4
tLnE9mashp7SM4oTwYNjB,https://www.youtube.com/watch?v=TIO9WyT6bDs
v-V6GET_zQPjWg94_LBJZ,https://www.youtube.com/watch?v=nomC35DK75k
FLuR_bBYKlb-wxhh3ytBL,https://www.youtube.com/watch?v=6qPcpprckgo
mId_pChvUnKg2ZFbEVpQ1,https://www.youtube.com/watch?v=1sQDe6UcFG0
2tL6YiYRaiIEIWZS4XVvA,https://www.youtube.com/watch?v=Sz8FKAyKydE
7sfwasHBmzQV6LXlrG5OO,https://www.youtube.com/watch?v=E-i3YOSdRYA
ItwxM7-MJc3oX4f9VCcIp,https://www.youtube.com/watch?v=AaL0Q9VAvdo
CSH6Tz1UgBj9hiq8cU9gI,https://www.youtube.com/watch?v=8a412DS-yp4
ZwQj48b_oYgu04isW6wyb,https://www.youtube.com/watch?v=-IXF3tVvt1k
VkPdGtrtfkxrxPYC9NLDu,https://www.youtube.com/watch?v=y0d1O31IuIw
kG19SsKFpYQiFutk0vRZa,https://www.youtube.com/watch?v=jbwSCQSgRG8
X4SCusQDd4a-fpZEeY9zX,https://www.youtube.com/watch?v=PvdJfO2p3DE
3eDeDheiNAQsUXOCoCYlL,https://www.youtube.com/watch?v=puGzWVs1On4
eS9N84w0cR-_hzgabVhbx,https://www.youtube.com/watch?v=lT8uStRZIFU
WFT0b8WA9ZdzSpXZOSgv7,https://www.youtube.com/watch?v=oucx_z-i0EA
GkaP42STa1oNNww1VDVdS,https://www.youtube.com/watch?v=HZa1Kbyg-NE
0ZUo-zSBtTiXTzutr-RfT,https://www.youtube.com/watch?v=YZl83xLY_h8
tdsuQoaj1MMq9hz9UT_Is,https://www.youtube.com/watch?v=8Mzm4_Hahcw
i1eziF2ue4EpkRIR-ZboE,https://www.youtube.com/watch?v=r8JeoMBCBi0
-9kniUixlp7eWqc1CD3QB,https://www.youtube.com/watch?v=WTxkMS3m5gc
ssKhl157cceeXL7Yr_hzh,https://www.youtube.com/watch?v=FS3E2wETbFc
XFk-ZRWcHgjjlwDDN4pIE,https://www.youtube.com/watch?v=RKTb-QcOVfQ
C-gsbNkUGL9-o4GffQPzz,https://www.youtube.com/watch?v=vL7oVSqODYU
GPxqNbkGk39ypIADw9h9W,https://www.youtube.com/watch?v=DdvJnTkH2ec
ADDZJZp0TqlXbBxhTsPuR,https://www.youtube.com/watch?v=_mSq3ntQQCM
a0_ou0EH57z4UcmBbMWPR,https://www.youtube.com/watch?v=hmWeHN9I_lA
DVhJSg33V0YfNPqETiqKB,https://www.youtube.com/watch?v=ZKHk3zR1pw0
CXMCjLEZACjdK6YhwoeRi,https://www.youtube.com/watch?v=DVRh6tpwNlY
cZlD1kuRNa3LFv2Xt0ZwS,https://www.youtube.com/watch?v=DBg4vEkygak
FzE2pjuL27uFxeoKtTW34,https://www.youtube.com/watch?v=4a1q5aC_PIc
lvHo6ht11OFK3tXeFhGPc,https://www.youtube.com/watch?v=stDgwKlfgOk
gmTqM4eVOXFL68K1FVCeh,https://www.youtube.com/watch?v=wjlIY77Q8bU
bSIclS07alWaAg3SfhHqV,https://www.youtube.com/watch?v=LmExzksKrp0
SNCvIKfVWojahVl7Xb6Y8,https://www.youtube.com/watch?v=u2wx5JUwVak
J20kwAJLDf9QHa5SQBn1p,https://www.youtube.com/watch?v=CounMR3dq54
AD_W3uM9XgeCfI8rON-Ch,https://www.youtube.com/watch?v=qVHO92LaoGk
1k_12CLGPDEIJaYIVifFP,https://www.youtube.com/watch?v=DcanwVkYYNM
D-XN33IOYOqVBcHv5wdUx,https://www.youtube.com/watch?v=uj2iWUE-1WM
23y4SWkWVKC4Qi1WLnr2v,https://www.youtube.com/watch?v=WJtIdcA3XRU
Qqimu9wsyfDJ1MaOWIQQq,https://www.youtube.com/watch?v=JsIbxjy1z44
ukUCEKpiUx70Fv0TeQlVw,https://www.youtube.com/watch?v=dpFDdTXH050
lrpTsrzYkGETFpk-_0dCC,https://www.youtube.com/watch?v=c08wlr9MQ4Y
bUnyK6uhyQWK3_xIb6qlM,https://www.youtube.com/watch?v=vpoQHkTBgdY
VB791gN0RPpU8eJOXctAd,https://www.youtube.com/watch?v=iDFUzUtPLtI
QWxpJBFPl_4IIDJ8TxS5F,https://www.youtube.com/watch?v=RzLtY7b8LfQ
qlFqJMudcU1Y8gNfVv8QC,https://www.youtube.com/watch?v=e3yn3rKwq2Q
1t6RG4KYfgpoKg3qx0Vh3,https://www.youtube.com/watch?v=NtEgP9pSYpk
eXOPNXjBNgCZ5M5HAN4Yr,https://www.youtube.com/watch?v=vFACve0qW5k
lpi7ns6tQQVEMVvc5Kwf1,https://www.youtube.com/watch?v=neWJ5aIx_0c
vsapDAKmquRyiAs5eWy26,https://www.youtube.com/watch?v=XUpm1XuJVWg
HKQjQ2ko7XtD0jzNxx3O_,https://www.youtube.com/watch?v=WTnlRtGfj14
pMF4rovrPWq3lGITurWcO,https://www.youtube.com/watch?v=3Jjf7cbfLjA
Wjvv7TG9c3t3vyAFw5qA_,https://www.youtube.com/watch?v=5iFDP2I3iz8
rNqFSD04JRBpRFWus9CYT,https://www.youtube.com/watch?v=BVGOzuopCfY
rKHiPy7VsdFzSb_bEIuy7,https://www.youtube.com/watch?v=ZJAYLd76gIg
oS3GJZ8AgLymkYBxksJKY,https://www.youtube.com/watch?v=Vz8DnUNWUYY
6eLyLMbGTx8twFfnA2R0o,https://www.youtube.com/watch?v=g5JRWj7zc2I
Pgijpr3U80g4b9GV3jwWy,https://www.youtube.com/watch?v=-BmEAuEHhF0
HP-nevFwg_0z-ow5bfaup,https://www.youtube.com/watch?v=AB5Kp0eEDAo
k7W1t66GVz5_C_Mwuhg-y,https://www.youtube.com/watch?v=2bvoJ23oSVE
9RyCjeOge1hunLW0rbOeI,https://www.youtube.com/watch?v=2gJECmPKoTg
pVcYKmpHZKJp_oZehtqH9,https://www.youtube.com/watch?v=On9JyUTRk3k
3Zip_ml8MMa3-vTg6_gJ4,https://www.youtube.com/watch?v=LDBHdq1c2sg
1-LkHqYbWB0j-7OsHdCqw,https://www.youtube.com/watch?v=1wZ3VsuyAUc
UKvSNAs-K9eXnzryu9TPK,https://www.youtube.com/watch?v=roE2cyCKDT0
y__3IRuhyd0oeXvEVBIe9,https://www.youtube.com/watch?v=fMjPIUBN13w
CdlAg0EJagBngEQ7uNbaH,https://www.youtube.com/watch?v=V6AUcBpc6M0
sM6l_1XCUUW81SNWu2R9z,https://www.youtube.com/watch?v=S2a0P4_hboM
kWX0p5Z577MfWhK7UZe3f,https://www.youtube.com/watch?v=pOZlm-PhllE
YUEfnIkVTuZ4JWf0MZoDz,https://www.youtube.com/watch?v=sWMmV77ob6A
BuaBzEOKb79IybuTuIlEO,https://www.youtube.com/watch?v=x7dchqtJqxw
1nln88SMxBo5CVXFdGYAR,https://www.youtube.com/watch?v=cRCiAqMFl74
VTOCb4jvJOkXwdRofZ1Rv,https://www.youtube.com/watch?v=nI4aFWRg5FQ
RJPCj3KRsjJA01pmQ58SP,https://www.youtube.com/watch?v=tA6Qin7hHKw
-EvlF_h5fQX8yDXQDDqLX,https://www.youtube.com/watch?v=tWrjLSQt2_Y
lBvvQ3iBuTosIUFIlxtp8,https://www.youtube.com/watch?v=VHmbhEkVeBU
sZOI0S0EX11Kpor7AErxd,https://www.youtube.com/watch?v=g_03SA1hGek
GnhyzJNUZGmT7L2XIaUkr,https://www.youtube.com/watch?v=pXKd338KvQc
c7m1M3AK4fiXOjiO7Gjrk,https://www.youtube.com/watch?v=3nY07VA5rw4
a3myYpYf0FUx8VS-eneUQ,https://www.youtube.com/watch?v=A_aCEAe70wk
YR6TAhPLIC7xk9_Xn4Lw1,https://www.youtube.com/watch?v=UuyUksog3RM
1m-VVyKYQNkxpQHq-8BpX,https://www.youtube.com/watch?v=VFh8xac5nx4
xVGSyRou9rFdV4MHecE7g,https://www.youtube.com/watch?v=yzJ5oJ2_Vh4
7Fzf5z6wnX_XKj1xx3K2B,https://www.youtube.com/watch?v=el0Fprhujrk
wQjmitrXgPhP4iWeYQ82b,https://www.youtube.com/watch?v=Zgu6DK5iEd0
6JFyq9KZcT_gkRlGCksH-,https://www.youtube.com/watch?v=rip99ApHnY0
G2ZOwkMk_eGgtB0MFLBJX,https://www.youtube.com/watch?v=0gVUmB6lo40
h_4J2rMqI6vWYezcFEpQ3,https://www.youtube.com/watch?v=DtFuZAcobvE
NxLTeKNvktFTuPkaqH3YO,https://www.youtube.com/watch?v=rWbfRLXAAgA
BraxlWjVapvX43yn_3lml,https://www.youtube.com/watch?v=G2Vnix5DymA
CMmpS0FiOHwPCIEly4eRu,https://www.youtube.com/watch?v=MHv_C5GvJzc
xt0TIl-hAUQdVSOH_tocO,https://www.youtube.com/watch?v=ckDZJ5IKRM8
wXIY1RHrmlC-bmyU9O2g0,https://www.youtube.com/watch?v=t5bmq8HPIME
epJsh5JP_8we5B6sgGnAz,https://www.youtube.com/watch?v=chxyexGqJzc
q-fhm4S5nFq4MCxwRQNrQ,https://www.youtube.com/watch?v=gru1JGjxRZo
W4XB0lb1PfadKomn28eKN,https://www.youtube.com/watch?v=tlSjQFILju4
THo-n5ShIlsm8UGaCJeMZ,https://www.youtube.com/watch?v=R7y-qvHEyrQ
DVhCtI4cXq89Uxgnl5Nxe,https://www.youtube.com/watch?v=7x-AIocyRJM
qKdgp1V1B4arbG4vJTXVZ,https://www.youtube.com/watch?v=3YnZfPNRNtk
HaUlpM6CGn2DnyuNOTxqm,https://www.youtube.com/watch?v=iWTu81t-12g
ueuw3YRK8clIQdbNTx1fF,https://www.youtube.com/watch?v=tXlNK_myJzc
z5Q5MayEmCc9ZQdyyLemG,https://www.youtube.com/watch?v=uCU1NqtLr1Y
Gf4tx9eH6Xfzp7jXvS0cN,https://www.youtube.com/watch?v=RfMA7PL-8LQ
VZCm36Gw698vrJxm8dqa3,https://www.youtube.com/watch?v=ZITvoFfzIEA
kNR0WBJXuUMZHyX9RK45t,https://www.youtube.com/watch?v=uZ_wwR5lSwc
qFEN7duBpN0NTKWtPDPBW,https://www.youtube.com/watch?v=t3FPt3wz-mE
KzPWVoOb50LE-RgNf87af,https://www.youtube.com/watch?v=dkAo0WFeNbg
-lXtYYwy6yJAF4VUXSLVr,https://www.youtube.com/watch?v=hnKfZPJoPkw
p44G-zif6s4YvrwIYDbh9,https://www.youtube.com/watch?v=m4yfcGGA4ZA
0ghscirZNxuQaiMiJLoIn,https://www.youtube.com/watch?v=hMiSMQzUK7s
lz2JX9WF8Z7JcTnQiw3EX,https://www.youtube.com/watch?v=i7gFPVMxcGc
33oeojuoTfZ0uSCxqB7Q_,https://www.youtube.com/watch?v=NOQhkXbaoZ0
r08cbLjbqaOC_8uojSjUX,https://www.youtube.com/watch?v=0i6HRD8p1ms
ssKqa74ER5oT7VajH4pGt,https://www.youtube.com/watch?v=lEXD5g7ZmwI
3Zkt-8wnBPYLNcJBhsAiz,https://www.youtube.com/watch?v=k_C5aRq17Tk
VeHy8QsTDIxE9Z0a8YJet,https://www.youtube.com/watch?v=Ul44-zjYvuE
HhdZWdYeOUc2o8K8wZ3Eu,https://www.youtube.com/watch?v=TALROHOSxHM
TcHFNsk9RbrO8AzOgvMiq,https://www.youtube.com/watch?v=I0h0eFa7bk4
RqYRBwo6KZBPcwRjeOaS5,https://www.youtube.com/watch?v=qel3r6jBirQ
EPAkZ7QbmLRs0N3FzWQmJ,https://www.youtube.com/watch?v=z6aaFqKo7gU
hm0CzPP7Z1-cLOuUI9Xza,https://www.youtube.com/watch?v=Agn040G03K8
p-iDrxuzZWmua0QNFhX16,https://www.youtube.com/watch?v=XXR9XyAdOkU
krEgeDeypkQejTnhdPlmB,https://www.youtube.com/watch?v=6qtiRcR9Rbg
UaAOZ9wrcAdA7vlTSppzJ,https://www.youtube.com/watch?v=2PH86qz-Fyk
CN63CcwLY5LymvXHIv_Xk,https://www.youtube.com/watch?v=RE2Is4MvJLM
q-2nS4h8rRHjM4e1_F11p,https://www.youtube.com/watch?v=VomrefTlo8E
yv4gkEdXw6N4bR8i0kurr,https://www.youtube.com/watch?v=5LKbVWRC4h8
9ucsU1AK4BhAX2XDoWJOH,https://www.youtube.com/watch?v=fI6O1--0XcM
c26f4N4aobnuDYKXpdYpN,https://www.youtube.com/watch?v=WkY8MU4r71Q
yR0edWgTd3_qLU7yF9cuo,https://www.youtube.com/watch?v=g1m8upYjhoQ
-R-U8YM5uWI9nPj_O84kS,https://www.youtube.com/watch?v=RbqXBblHQeY
ht1ltlLveOFktQQERS83d,https://www.youtube.com/watch?v=o2nSrLAsoeM
IX2JtLZz5vziWr23y4Dna,https://www.youtube.com/watch?v=yzrxh_0WdUg
Gtm5FO_ki4HLjm-JoQKxp,https://www.youtube.com/watch?v=F8AUP9MBGjs
nH7-qZe59NFd9jbX3nWDD,https://www.youtube.com/watch?v=FnrHZnHdlL8
VsAY0uMrGzYQg52XOy5Q4,https://www.youtube.com/watch?v=SnOphgpyUZ4
UYmQj31TYvCOo7xi-OUgC,https://www.youtube.com/watch?v=4sxtQt10y5E
qDWVG-noH7LJvKil4NLX9,https://www.youtube.com/watch?v=3UB523xvwug
g63otPURxW14iegtyhxaA,https://www.youtube.com/watch?v=WwbylUwtV0A
TPQzu05_zE-PVqvAdCwxz,https://www.youtube.com/watch?v=L5LzgZCtVwI
zrYu0iuIux3BvBH_dJMUB,https://www.youtube.com/watch?v=Xa_u50ZgAI8
qRd8AJu0w6S-YYU1i0KeZ,https://www.youtube.com/watch?v=TqzrtmoJMD4
biwkWDdFzYMslseOGTdUZ,https://www.youtube.com/watch?v=Q9m7JlW13tY
U3Jel3fqMq0-85itWLTVw,https://www.youtube.com/watch?v=hetznySu01c
MyqIqEIlA_Bji338aFp5d,https://www.youtube.com/watch?v=gjIpnJuPINw
GMLpBIKgviAP4CVqqJ0wA,https://www.youtube.com/watch?v=_wnuKLRKEhM
TH5JtbK9_aF_wX6C00pab,https://www.youtube.com/watch?v=y_APpFI6WPQ
nKq1-VkZiaBO7aJ9DeDvT,https://www.youtube.com/watch?v=BCEduQNrJFA
o0aZAbmG6bxnHN6DhEi2L,https://www.youtube.com/watch?v=nqnmVfn1CxU
Lxg0ITJSQ8rsF0YIjEJ2B,https://www.youtube.com/watch?v=LufjuWOfT74
8bXLSNq7JNWTBSXTxLqAJ,https://www.youtube.com/watch?v=-j-IMWt9E1g
s25nKu6YU5QP3U6c8FpyS,https://www.youtube.com/watch?v=-tU2QtoSIDM
EDdqqxeYyz5nhN-asGyHQ,https://www.youtube.com/watch?v=5u6mndWDTns
hCHlT4AzYIOQCaEiqy_JY,https://www.youtube.com/watch?v=mt0VesaClIM
Cjj6DB7ZlldGepkDNOBuB,https://www.youtube.com/watch?v=FLsncmk6YNQ
iqbGUqflzeskS_eCjEjiJ,https://www.youtube.com/watch?v=FHothn3iPPI
dR8tDr13jlZ_WVLqWzWFp,https://www.youtube.com/watch?v=ftLzdNNKusg
lzZ6mvDArstZnu8VdgIWP,https://www.youtube.com/watch?v=4ECUtzxpVjw
9wwLYZ5fZRNS6FXuoiRbm,https://www.youtube.com/watch?v=hAHzPbqvCjk
YoOzN0nP9V2_uEdkSgoo3,https://www.youtube.com/watch?v=WAt5a3sFUn8
jHyabdk3lZCDHcl8OOGHt,https://www.youtube.com/watch?v=9FAO9k_o4kM
u2UElmMsVA9pOi8KBvJTO,https://www.youtube.com/watch?v=l7zm7kNfwEk
YhdEjcfY1gps1YB2sIQ_P,https://www.youtube.com/watch?v=BdNrY1-5P6E
OkbDiIsWieYq5QCtn7_16,https://www.youtube.com/watch?v=xLCj1s0UKJk
7i5mvWp0eOsVRCVbFQYGY,https://www.youtube.com/watch?v=VHz407YERig
HvTGyflnu49IaQLPlM36_,https://www.youtube.com/watch?v=gjTqIjEFgSY
qmn6YjUcZ-91D2hNC0TY2,https://www.youtube.com/watch?v=HF69Mk7yrPg
pTgxnblMWvKzZ_nYnvKP6,https://www.youtube.com/watch?v=x7YeDCWGDnA
7F9zGiq7wnaBYpRqu67qx,https://www.youtube.com/watch?v=fb5_jBixwoQ
18AX4TnDU3zxe-HqNP1pF,https://www.youtube.com/watch?v=sd8iw7l_Xe4
TzMQ_uo4RLCPS0onOVn60,https://www.youtube.com/watch?v=2dcs7V_HECk
OWxr46QYLfBR5p5VVGOwW,https://www.youtube.com/watch?v=O_UR6L-EUP8
OxUMvwPwXZmLcF73u8p1r,https://www.youtube.com/watch?v=naZFnFM1iJ8
bK3n2TfgJmcX13Tw9ojOV,https://www.youtube.com/watch?v=EgrGYTbWA-w
PiPTsRCxHnZoQj5KsFhUd,https://www.youtube.com/watch?v=cyAbFQKA32k
NU0uJv7U2jfT4MJhs7ASP,https://www.youtube.com/watch?v=7c4G5yJHReo
W0s1noS1csBn_pMxJVdNV,https://www.youtube.com/watch?v=jqhFfIyYBSU
Itn9_uKQm9AXdu1fX3xoM,https://www.youtube.com/watch?v=XdpFM1z7Qww
d8iC7rSSgHHAGuILsyalR,https://www.youtube.com/watch?v=_WM73FMUZCA
UAJJYSqsiMpg8LZqhC-FC,https://www.youtube.com/watch?v=OOVdOLlNel8
78QhciqESW0up7li24xym,https://www.youtube.com/watch?v=GC1TiHmG0Ms
sHGhY6j6kEDLl0NVP6R-v,https://www.youtube.com/watch?v=dOCm6o51HKE
hFMY5xLz2WhyREGBoiO18,https://www.youtube.com/watch?v=_edXvkqwvH4
lbNKLHYu9QsexPgoUUknh,https://www.youtube.com/watch?v=tmmgqjhyv6w
NSymUtDC1BCKSxXIQxSQV,https://www.youtube.com/watch?v=AEZZ_lme47s
SBQ4e_DsM7nxO5XTGLIp7,https://www.youtube.com/watch?v=6PuOCpAMxcs
StUTYlaF8rcJbsJQd6XYz,https://www.youtube.com/watch?v=niqMlrwPq6M
_-EIaOS3Nw5Nmy11r4RWH,https://www.youtube.com/watch?v=jND8HSMdcGk
hOakqDpq4sIOeuF5_I_iS,https://www.youtube.com/watch?v=g4jsXVyc4bA
-8bQNhDgohqO8b8nlYFbG,https://www.youtube.com/watch?v=WmznW-5v1Xw
ul67QPkuLsYMc3BxxJ7Zb,https://www.youtube.com/watch?v=LRPleHYBnoY
ypQLAQLJjGOTN3iA-qx8O,https://www.youtube.com/watch?v=Mwtm8wiWap4
cpeWYmbtfjVH9IJoZV2F-,https://www.youtube.com/watch?v=AQf59uveGUg
2r0CgiuYpGF94WGvlUDDj,https://www.youtube.com/watch?v=4vs7oA6_Ce8
EYoMs80N9fOU03BRb7WbO,https://www.youtube.com/watch?v=kt92-ZDm-HM
pL5Z3Dg7EgIcxv0nfUl7S,https://www.youtube.com/watch?v=kijslDhKXlQ
dXM99Hi86IxnR_jmo3Nvy,https://www.youtube.com/watch?v=4Z1iIqwfRSw
I7oMkofRU_POWr72Pabrk,https://www.youtube.com/watch?v=jvDercwBBEk
Xf1VQO0yMukyyhHzLV12P,https://www.youtube.com/watch?v=qYKVNHT5k_U
ONrKz52_aVYSST_SvyBrS,https://www.youtube.com/watch?v=AYyINFN4cSs
1d66ghuY6_Y82Q-1kwUpl,https://www.youtube.com/watch?v=51YsM8QTOjw
lEt8qAzMDInvz3wh1WLtC,https://www.youtube.com/watch?v=JLHntbBbt7E
wCD05GQWBdU3bkGgWrIu2,https://www.youtube.com/watch?v=QORlO1D_o0Q
u-3U4tiziwd_Kp7RZpf85,https://www.youtube.com/watch?v=u09NBAqlYPE
-dk2rlceCPwcnvxbmp5GY,https://www.youtube.com/watch?v=HnnjmCs8ixw
w_rJO8sMfvsAqKweBPLfS,https://www.youtube.com/watch?v=r5FbDsrUc6M
qqbyFqhaO7j0hDNS8yKOW,https://www.youtube.com/watch?v=TGeWX0XLukY
8QvgU3ybBaKPbQSY3kG0t,https://www.youtube.com/watch?v=2Sc-lQk7k08
ICgkdebxiTUMnuIlfj2xo,https://www.youtube.com/watch?v=50rNvvxHEs4
B1sxhRlpszTe0Uh5WZF-h,https://www.youtube.com/watch?v=l6QQzV78_XU
9C-r4EdYzCuQsJYAgazEi,https://www.youtube.com/watch?v=GsR-j4oKhg8
sO2FjnTwgGFPjGYveCWH5,https://www.youtube.com/watch?v=2gAGGHP53uE
l4D3TpCRG9S7_HPBM86zp,https://www.youtube.com/watch?v=WylXB1waLIo
CN5qPi9rwb2fNYndeNaef,https://www.youtube.com/watch?v=OgbVHBTDhMc
z8IGFh5tr6KiW0qLxIKvN,https://www.youtube.com/watch?v=kY0AzufPUD0
SwJbC62M0eIrw9vTOR9wB,https://www.youtube.com/watch?v=MSlEfEZVvKY
yg0OMec4i0c_ixvWboAT6,https://www.youtube.com/watch?v=z65oje2SZT8
QIcFmF_Ao8ox463cneJu7,https://www.youtube.com/watch?v=Y7xABZLagOg
6UO_Za5iDSIoYsJrmek3s,https://www.youtube.com/watch?v=V4sj6sJdwTY
KenUXaI5SMvIq-_Sj7X7A,https://www.youtube.com/watch?v=IDEEKZ_QGfA
wTp1lq92Mls-m0y4r8w3u,https://www.youtube.com/watch?v=IivtOPxhQQ4
q-oGpedulE3V17QTL8lT6,https://www.youtube.com/watch?v=GoXcEk5guew
x1oda-NW2PGo_IvJhwlbL,https://www.youtube.com/watch?v=5pP3QVuNzGo
sBVSNrDVpMJKL1NrHbncH,https://www.youtube.com/watch?v=ywLcAPLSEZI
BPC3bOuU4cpwwcFooA8rp,https://www.youtube.com/watch?v=Fi9O1-PN4Lg
nHD2Lo5Py2-gRdW2mc60d,https://www.youtube.com/watch?v=QaZ8KYGDqDw
ocTZKmN9omN8noayOLbVv,https://www.youtube.com/watch?v=uH6K6TF58as
yMXqAyJLnNMqt-DzAKBW_,https://www.youtube.com/watch?v=KPbWfzAcJ5w
WXbKhwUy0OYBPxDfX2_ik,https://www.youtube.com/watch?v=1O8eel1qlec
66QkM3ILmpHEcjKJu7jqw,https://www.youtube.com/watch?v=_ouHa-b2_3Q
EIausDJR0JWQ9zU4GNikY,https://www.youtube.com/watch?v=0Mw_mGJl_vs
nNzGSto3PAe9CB_SCZ0Y0,https://www.youtube.com/watch?v=CDWrX7T6BnU
ZwEvd84KixmPBtS90b4IY,https://www.youtube.com/watch?v=b0JHCL_6T0g
w5X3Z2BxyxmhTbUnzfBWn,https://www.youtube.com/watch?v=uM-73D9g2ac
bhiy-je2CD08uej_q1fMT,https://www.youtube.com/watch?v=eyuI1KZtm-0
cwTi5VZQDbt59b6DY6nI1,https://www.youtube.com/watch?v=NRo3JW8VQrs
3Ftmvqg5Ld9xC2x7wsrxI,https://www.youtube.com/watch?v=CoWkQj_oQNs
hjOqctN6smzPfNHMZ9Eqn,https://www.youtube.com/watch?v=H-K6qtOBdmk
Bl3KjOrwcyxYr0kcw5_xJ,https://www.youtube.com/watch?v=3Cv5KGdh1Qg
dTitewFJRHJLwP03s-ss2,https://www.youtube.com/watch?v=CGwCPuZ-YaE
6EfqVGUNlupt6n-0171zf,https://www.youtube.com/watch?v=Jydgs3PKcDE
0IKGS0R5xQ9OCEtILbwvI,https://www.youtube.com/watch?v=Rmrr9qYg44U
u4nPhxiCMKQ71i73Cgl7i,https://www.youtube.com/watch?v=PNrGMzaKrnc
btSFCrTs6uisLkNUkeL_P,https://www.youtube.com/watch?v=AWqg328gSdU
IK3oePGkrnGNUscvcKxW4,https://www.youtube.com/watch?v=uVwBORzIyg4
xFwRl2P1_a71MxA-pPsE1,https://www.youtube.com/watch?v=YIOtNLA0gT0
zOW7w9FdCYghYitDybn63,https://www.youtube.com/watch?v=z8pFdCq-Hv4
GB-o2uOP5oBqrVVHvHVSb,https://www.youtube.com/watch?v=LMOS8Ygh_DA
mnnoPn_IISwDLPqKp1SRK,https://www.youtube.com/watch?v=Y3lE9c7fvyg
vk-Fl2D5t2l6p8xupYSuh,https://www.youtube.com/watch?v=3zOCaK5rLqE
cYFlsSF55vgGVhahHY_39,https://www.youtube.com/watch?v=wTSMO1KPr2E
jStMaS2K2nPOec89ktSkn,https://www.youtube.com/watch?v=G2fj2dzC0qU
vQidlZ9mSZuQCvye84UrP,https://www.youtube.com/watch?v=hwlNQRd1fEA
JbpR6MDBslOF9n1M1nIXB,https://www.youtube.com/watch?v=oxWK86audHU
J_TH9oyNEXbCtoR-fqoaF,https://www.youtube.com/watch?v=Z1H7Vs9vjc0
WKPAv_T_PMJZrnixwzdbK,https://www.youtube.com/watch?v=Fi0IXdPd62A
IvCbKQ9JjlCVTRFVC03XP,https://www.youtube.com/watch?v=4N4KcAtuXRM
P7FcbDGFaEHbEdgcsrpUA,https://www.youtube.com/watch?v=HC2oT6v5U9o
L0DiTikhh3EraiU4bwz3_,https://www.youtube.com/watch?v=PqhBuculnJE
BLos1_cvSkEMV78KTAolA,https://www.youtube.com/watch?v=PuH71DusG-g
nCsGTvT1PFTct5Vjny2sf,https://www.youtube.com/watch?v=PK74NiBhrzo
sdFID5hs0-i6CmqV70ucy,https://www.youtube.com/watch?v=IddAlLidYoQ
dYRWKVC5Y3OXi5ul5eTyJ,https://www.youtube.com/watch?v=iU8nsVSmaV4
42SGkpSrrsm4nL6rfQcEJ,https://www.youtube.com/watch?v=VPJGnh4uamU
M1DuoCF5TKZFur4uc5s48,https://www.youtube.com/watch?v=GJlbDon4LD8
M7JximTJfxT4S5Zzhy4AD,https://www.youtube.com/watch?v=_NS0aSoOmPI
zU6jleoPPqKPPqJNZOwO2,https://www.youtube.com/watch?v=_TpOS5jQzWQ
vhdD9-znsooIrSBd5L7fE,https://www.youtube.com/watch?v=0zgj_BCBkPs
tuDrRhq4MJ0I_VZqdcsPt,https://www.youtube.com/watch?v=wP3JURk9uYA
A-uczDwmv0gSqbNgB7gt2,https://www.youtube.com/watch?v=yaNLni3GuaI
qA9v1b4dDvU497KQxWk-l,https://www.youtube.com/watch?v=OUqgPgtTjWY
08jQmrxRWQFclx0sbsdnv,https://www.youtube.com/watch?v=jcJQuUWjzFs
UqScwtR6HcxDBetD_k3Iy,https://www.youtube.com/watch?v=B1RGhajhnQU
xkINIH516Hn5kG5QeJpkU,https://www.youtube.com/watch?v=kT6kc_xPT-I
22LpX8OKMW9qvU8gNu5kH,https://www.youtube.com/watch?v=Zrvon9GJvWo
J9X1-76KXjeFyJt3a0NUT,https://www.youtube.com/watch?v=4TLkp5BHpG4
2DjpZCuBaLeotfT93bZt8,https://www.youtube.com/watch?v=KBJGHQcPrVU
bCkWfjeQFlqt59uFw9y3C,https://www.youtube.com/watch?v=GWvAD6PqZFk
WHX_rrkjz_cTW-Zm2iSRS,https://www.youtube.com/watch?v=_9PriPZy_vE
Tz4yboml2PU9WgroWJdtr,https://www.youtube.com/watch?v=s20HtrL-N_s
dXMxDGnOy8JMzoVQeTKtx,https://www.youtube.com/watch?v=v91p2nDRWUM
Ni-5py0agHMqvsyJm-sz_,https://www.youtube.com/watch?v=3DiknGah54g
AT17oDf0Tkv-mAyICNK-7,https://www.youtube.com/watch?v=jhA5-Ha1T8Q
SqXTZVzCa2Q9eOko7Ti-P,https://www.youtube.com/watch?v=wMEpDP89G4Y
Xgu4sKxx3BBanzYJssKBk,https://www.youtube.com/watch?v=pfgc9nu6V6A
6jH-7cTIvrgOn7e_7hmSs,https://www.youtube.com/watch?v=svLxZUxjFLo
6Ud0tsHEU__UnWnXwY3zL,https://www.youtube.com/watch?v=sqEJb2VexxE
MY_IV-AxdSJXMaJY7_wTo,https://www.youtube.com/watch?v=y3fcOASFUsg
ml4TEZltAUmcDTivTjRip,https://www.youtube.com/watch?v=MubG8m0iwgM
NFyWrxj1lzOwyAuCnDwSz,https://www.youtube.com/watch?v=5qUYfKDtHqo
K0rmUQFO-rt25_USLOmYb,https://www.youtube.com/watch?v=eBwtjKMR9cU
2jdErEYq0uakfesGdEWrF,https://www.youtube.com/watch?v=hiJHb7t8_W8
3cJX9aNh5O6SpyJyNiT_O,https://www.youtube.com/watch?v=GwNtgIhaKGE
u-Tc4hPHb0tlprTO3B7KO,https://www.youtube.com/watch?v=_h4yNCFKCz0
8JotMuQzhX4z95BPYbdAZ,https://www.youtube.com/watch?v=mTpGlnvpY0c
-y1AUb3VT25dojpxDS45s,https://www.youtube.com/watch?v=-L3bGyBi-X8
mHBYkg5E5JuN_2HXYCL12,https://www.youtube.com/watch?v=ADPNZcEXTRI
q1x0rCRmdsT1g0_xxIA9E,https://www.youtube.com/watch?v=Oi6Wb-ci1KQ
AO-8S5xrOn1FqdPWWqN7h,https://www.youtube.com/watch?v=FdyG2nWvACs
F-YGNFAM2yJ43UlPWkCTL,https://www.youtube.com/watch?v=oPMplnzrkr4
CGFxtB6X8puJZko211HXy,https://www.youtube.com/watch?v=LhXgpI-QhyA
w_aJVaN_OL0vmqwQSN5RK,https://www.youtube.com/watch?v=EOouA04NNWE
2Lzr4NMmIKRW1MxX8rR2P,https://www.youtube.com/watch?v=TQbfAUg7cJI
wCI20I2YCGAqTVOaMYRRY,https://www.youtube.com/watch?v=uIJ4Du0Ib54
G-LYiIt5Q4eXC1irzCuLM,https://www.youtube.com/watch?v=T2IK7YCAmi0
wAO-oFLiS-Lilagd-xGnD,https://www.youtube.com/watch?v=kmgJiVFmA60
kh8H106jNINnPXZcfwrr3,https://www.youtube.com/watch?v=_L3fmVNRNRw
xMqzRUSbHFuZrjyLfjulI,https://www.youtube.com/watch?v=z6zXeHXzfwU
0VdOyTCvP_9DifJ3y8c9j,https://www.youtube.com/watch?v=0vwlJBiyE_A
6dZioVogA2VJedPTZiki9,https://www.youtube.com/watch?v=vujVOzRw46E
TRPPyMqe_d9BMVu07OLqW,https://www.youtube.com/watch?v=RYQuNsKzklk
Slgt5Vgi51kAYpql6tTRN,https://www.youtube.com/watch?v=0eww2YOH-4M
2HEyoY96mh-Kp7G0yPYpX,https://www.youtube.com/watch?v=X08e_yurOTQ
RMwTCzt5SYZuatRZqQ9P9,https://www.youtube.com/watch?v=uxVC4M5-kCg
sWCpDwHJMeW1pqQXvauJc,https://www.youtube.com/watch?v=GsV6qVZHU7w
ADU33geJ-6ZX0kT7do4UE,https://www.youtube.com/watch?v=a5jrCYV8q8Q
NfiNiaiJnCtqhFj3RFpgz,https://www.youtube.com/watch?v=IdDoou9Cmio
jhMYovBexRxV1WjYpdXnp,https://www.youtube.com/watch?v=3ZGDP5C_OaY
ZcMZ773YoBCszCCLdFJSY,https://www.youtube.com/watch?v=nK7fp7casnA
zfY7SQ-u3Iaxw1JcHHnQq,https://www.youtube.com/watch?v=p7MB_z6S-n0
ctMAVQbM2f-3E28Y7_BUY,https://www.youtube.com/watch?v=xi7g-ZK-QN0
c55HGGvCjRg-EYUfAqN85,https://www.youtube.com/watch?v=PuvKUrzYjjg
wnSon9EF4cZOWbS2OXu9u,https://www.youtube.com/watch?v=iiK57jUnIuA
ifpBGe74n4Cz-PCECSlnj,https://www.youtube.com/watch?v=xWPddarODj0
_ippPWWWmuJvYh_64bUls,https://www.youtube.com/watch?v=YFWOrr3yi6o
9bYDvcvDZwRcEITcQ3xRL,https://www.youtube.com/watch?v=1HMz3gmCWKI
5OfQV-xsgisLDmcGeuXxa,https://www.youtube.com/watch?v=uRiiEca-i0Q
-8zD9g7ViG_FqT1TA25kX,https://www.youtube.com/watch?v=IAo4KHAtbAY
ZsuwAvw23AU_XoPoEzHPU,https://www.youtube.com/watch?v=6U2xF_Vmc2I
2803dVknat7bgh5TvN8Wb,https://www.youtube.com/watch?v=F0UrtNu5Q1U
praeRnK5ThaDd0hFkZ0SR,https://www.youtube.com/watch?v=yYV33dIlgug
WM0T919KpTj1YIjs-TElW,https://www.youtube.com/watch?v=d3o5JlA3ThY
MmF9YCBoLU1aFlb4zcmX3,https://www.youtube.com/watch?v=v04n7jlMSuc
lAPZ0SyYZAj4dNZTsbQEZ,https://www.youtube.com/watch?v=HqhlIR6wsT0
4IjfgftkasHaGLzCGvgod,https://www.youtube.com/watch?v=btSaipegTUo
ZmlFIofyWr84RRjXKoGXX,https://www.youtube.com/watch?v=d9kX7e0-nBI
pjzGUDnX3wB8xG0SQIh_s,https://www.youtube.com/watch?v=7Mig2l79n3I
fV5p-mfIVT5O8BKIbh_cO,https://www.youtube.com/watch?v=9Odtzd4h7lk
cqWJqpriCVeB1UqUyRflh,https://www.youtube.com/watch?v=UAMSeJBVmWQ
2rrKoJG1XcIyqd1BELGX9,https://www.youtube.com/watch?v=47eRMlB6g7o
rDCigced8G-RaHr-1bBlJ,https://www.youtube.com/watch?v=r3zpUvTMfww
mQnJ4RLZlFKuU58I3VYiD,https://www.youtube.com/watch?v=i5TGNSwcF7E
pOfDYk58SEa7k1BBcdOK0,https://www.youtube.com/watch?v=6et3xB91OPs
x6zA8cpm6W4CzN2ICXwaS,https://www.youtube.com/watch?v=H2LOgPVmtjw
IyyZfSE9bEBJwp8CofI0u,https://www.youtube.com/watch?v=HsKOkRVlCwA
yfTelmokIsAWi0FfVY6v3,https://www.youtube.com/watch?v=5OZ2DZE2VjY
leL0gdmNzwaPXP9D7XkAq,https://www.youtube.com/watch?v=bdxbrQk_0hg
T5COtsTW3lA_17FAkDQYy,https://www.youtube.com/watch?v=IKfhD-q-NIE
wA7-wG3NvvABmpoJWWNi1,https://www.youtube.com/watch?v=SDcQBvMgTsc
pgCKACC5Nyi0L7CR1KKQg,https://www.youtube.com/watch?v=ZbXvjtTg3Zs
q8WfgcGx7bOWQ3N2j5m_q,https://www.youtube.com/watch?v=vcRJpNdGx58
iXPMV_ubRbCE9l_FT_1ik,https://www.youtube.com/watch?v=vTs1mqflemI
EzRDXaLOYXbqXY3bczsAa,https://www.youtube.com/watch?v=Kh90mt5UlLo
P1UeojbRgZgesvlYizvOS,https://www.youtube.com/watch?v=KokrlB7jDcs
Ol3-CdzLjvxxkUt2F_0zm,https://www.youtube.com/watch?v=s0svkd3GEcQ
Qc5EmC_YU0VBImPuNSKLk,https://www.youtube.com/watch?v=33ZE0L4UTYk
TJwBzqSUAwuuX4wYR7Ip7,https://www.youtube.com/watch?v=ixPzyXNW3AU
1efdo7HMvljQ7tYbLvhMZ,https://www.youtube.com/watch?v=tOmm9_Ugt5A
PBVFj5TR_ghcF472-H_Gw,https://www.youtube.com/watch?v=QjdrEuZI9Fc
d2_YvmdjEhDlvi9YzKCF3,https://www.youtube.com/watch?v=2H74fqw4XjY
ayg4sIquKrR6Ti-xQioT2,https://www.youtube.com/watch?v=B47WgnMSVEU
sF2SP_i-QZ2wQoyT1k4Nt,https://www.youtube.com/watch?v=_VOM9ifXYoU
MVZC7woZ5k0rYPMHvRnOi,https://www.youtube.com/watch?v=5havEf3ronc
_2vVS4uZ7-ROY10drsTmf,https://www.youtube.com/watch?v=tkAUR3ouYB8
sKxRDRiSI9tFZbcPUzNqP,https://www.youtube.com/watch?v=fO7jugShW80
6sXZIPku-axRCuRmWWHVa,https://www.youtube.com/watch?v=P5WzfB6xJnQ
UPtOS489KuuKM2ZgYRlM_,https://www.youtube.com/watch?v=l1we8Qajqmw
zWGZo2By4D3ePfY-po3Ky,https://www.youtube.com/watch?v=arWbCUesF7E
xTeJV3UYw2RP6jpzS38XE,https://www.youtube.com/watch?v=XXBfjoPsH90
IPdtwjEU-21LjvfTzpgBa,https://www.youtube.com/watch?v=SpHMwvYV4pM
8CUc_NDnX-WvCOhB4h9DK,https://www.youtube.com/watch?v=sHVhs3joE3A
48ho74m3yj1V8BE6WJ2QT,https://www.youtube.com/watch?v=yzzXSTE-a3c
TaLzW2Mfb8hMmrgxhL0n1,https://www.youtube.com/watch?v=LQfbuCFtYcE
34WwpjZlkiFpkCqmhvZ59,https://www.youtube.com/watch?v=IP87DuuXqUA
bJN1W6wG-CGE7jusXC0a9,https://www.youtube.com/watch?v=udhANjZAX-M
6brEUIhm0h2cGhs_BHH0w,https://www.youtube.com/watch?v=Wu97YrPAX30
Wnl_DClY-DV123Tx4FGAp,https://www.youtube.com/watch?v=egBBAL02HoU
-UPbb7BpsIzQ6cz4nE7Vl,https://www.youtube.com/watch?v=WWOiaJaA4do
8jvR9U7GtgvA0X1UK-Lc7,https://www.youtube.com/watch?v=T4x5JXnqnj0
gP7Iab07OPA3hQyfwnlBe,https://www.youtube.com/watch?v=qwz4NdlPHCE
UeLPFIli8C4zPYhTFMlZr,https://www.youtube.com/watch?v=PMQP7lQqVf8
Y9MGUgY3UyQyjrvAB7YAH,https://www.youtube.com/watch?v=ni_r5TqJH7U
6VikpBesnq5qTFhWA8_EW,https://www.youtube.com/watch?v=s8TiEeprg6w
yiMBYe2X828EZsE1CWIo6,https://www.youtube.com/watch?v=sJGeLHIaTVE
qEdaDeA3CN4LOSTX446V5,https://www.youtube.com/watch?v=Si3V0yK4uFU
7lITkbEwtva8Vr1ew3KVt,https://www.youtube.com/watch?v=c-aczshdvIw
o7hRBGzpisEoEzQnCbL8B,https://www.youtube.com/watch?v=CqCA4Kwz3wk
LDc8KbB0ZuQqh4XlkTw8O,https://www.youtube.com/watch?v=MFQpERXMxU8
K4krmF8COLPRI6uyIEWHy,https://www.youtube.com/watch?v=VTN7TodfHyY
xVjDgVAE1g20xHUNgX8xM,https://www.youtube.com/watch?v=iH0nX22ax18
Oymh6ThdZ5zuOtDXHP8Ns,https://www.youtube.com/watch?v=pNJ_lnoTrBc
DRHthNvHCiFJnyFEICev5,https://www.youtube.com/watch?v=RiSb6lf9FFA
kPmZPcxgOzTHHCARfC3kR,https://www.youtube.com/watch?v=7NyzG0Cgq00
-z8luqNW9D1g-O8pBKWFm,https://www.youtube.com/watch?v=i_f1Bej_tIg
KjaqYqCfc-z3VcTrwz36M,https://www.youtube.com/watch?v=DkLnXia7GCo
jYw4j7T-FJ2Oa5P_cxPrh,https://www.youtube.com/watch?v=hhB1M4gD2SM
GVpmf30uJbMvsCAn_GOc1,https://www.youtube.com/watch?v=yTzMXGcdii4
Y99kNy9GPvQTnX3K4NT8C,https://www.youtube.com/watch?v=ji5HeEXXZvQ
rooqicHqsBnK8_LWYY-e2,https://www.youtube.com/watch?v=adJOZeoV5LM
NgBW3u27MFIrI4zpQwltr,https://www.youtube.com/watch?v=lf0W9tr5lPY
gZxrTFeeVMMUDxafC8fe1,https://www.youtube.com/watch?v=TkSDQzsHO7A
WFfRzwDmXqY1DUJRALNPe,https://www.youtube.com/watch?v=Tc8aLjMf4uM
UCQkzulP7DgfQ2P7rC92y,https://www.youtube.com/watch?v=hXGfuhGDKkE
YWqT71G9j6TawXQR4T73F,https://www.youtube.com/watch?v=yzw76aKDh9g
8wSykgYd-ePqShbBw5pQM,https://www.youtube.com/watch?v=Ue66LjubQ8g
zVqiBHjqBXMZWrg4hwmV3,https://www.youtube.com/watch?v=gdc5IQJUUBE
g9daVvW0700HlvGX57TnG,https://www.youtube.com/watch?v=zaqG2u7wkA4
u4RZFdvWMYdCPY-QOT71r,https://www.youtube.com/watch?v=0_NIBmesXas
hKw8Qm6w721bscDrsiFwB,https://www.youtube.com/watch?v=fgZdKDNoUWQ
3FsOGbdkVUI5sSB6YuoPn,https://www.youtube.com/watch?v=2zuWUwcylLE
2pSXiHpOGXC5wTB3TXROW,https://www.youtube.com/watch?v=eyhc4V_Xix0
soMe1nba-vmYczcMUQtz9,https://www.youtube.com/watch?v=ik9I2a5PFps
cid2n6y1I8ips5MRuemH8,https://www.youtube.com/watch?v=S7lAqMvbTIg
pgbm32a6LQL7C7dj2pTlP,https://www.youtube.com/watch?v=c41xUUJ2c1A
dd0YmmeC596F932ts-Pfa,https://www.youtube.com/watch?v=fNyLyKWX0Zw
ZrQdkG-kndqv0Y9bP7H-S,https://www.youtube.com/watch?v=CPTBHVEnfIk
ZEpyuVpvJaU-ROW3xusDg,https://www.youtube.com/watch?v=VaAT331W75g
0x8ZBju-MjdJ5oQI65Zod,https://www.youtube.com/watch?v=OnNKDPzRY_A
4ju1XzowP5-76VYyxSzGa,https://www.youtube.com/watch?v=OSc-RMNq0zI
juakBxnJ12qeRoTzBq595,https://www.youtube.com/watch?v=W8tKBrF9ySI
TLkwv3lbU_qGC27Dim-mI,https://www.youtube.com/watch?v=rZ8a2g444gM
jeDYlVQBnOwMf-7YyhV66,https://www.youtube.com/watch?v=sc6RuHTVfWE
vpEBKzETdTFjE97OemYbS,https://www.youtube.com/watch?v=mIwoYdyF7Kg
J5M7Sl3zluvhGv-0ap-5-,https://www.youtube.com/watch?v=X9JpWg4Sl98
XcYNSKUZ__6p4CkwGrjQi,https://www.youtube.com/watch?v=Ka9bCYP9_ug
E_q4Adm0ZraoHjMsXCPwZ,https://www.youtube.com/watch?v=B88xoDw6KCc
zr5MBdshzRBVNe7arfY60,https://www.youtube.com/watch?v=eh0KZBd-Gis
MvekPO095gHFjmNhSb6ub,https://www.youtube.com/watch?v=pt2-fsD9eSQ
4ntiqokWlK1BgRniFHD_j,https://www.youtube.com/watch?v=SHfNdQQO9LY
pNfl2SylAyup-4yubXczP,https://www.youtube.com/watch?v=itrEt37gkSY
BIfGOvR53eW3tW5KiPvKO,https://www.youtube.com/watch?v=chT0AC80BEM
pxmKmKUskK6oKdh92sQK2,https://www.youtube.com/watch?v=09h5z4CdQ0Y
meWgmE3bHEZh2dRiF732I,https://www.youtube.com/watch?v=lK98zC3jmnM
nGSzpLabMZwlLBzudqg3X,https://www.youtube.com/watch?v=opH5Dly9rG4
FVugfj6fA4E8C-Zg4wQjR,https://www.youtube.com/watch?v=NzJfsWUCzIc
cyt3XK_A0R6uEZw4pT9Zi,https://www.youtube.com/watch?v=maBBl_PRpo4
CLld-UVtRbI4IEtQnxQm7,https://www.youtube.com/watch?v=2_89yk3W7IM
C04zdyUoT_uvX5zkbMqxv,https://www.youtube.com/watch?v=614TKK39b5Q
lLgKeGxMZnIlO75DM5t5W,https://www.youtube.com/watch?v=06MSOD4DdIo
TTEMfEzR2ZtiIYh9O2bZ4,https://www.youtube.com/watch?v=Yc8sTp8tw4E
AjvpV4kceauFPJFCck-rf,https://www.youtube.com/watch?v=w9q3oHRqlvQ
3M5sR3U7oLpbFlEbuRP43,https://www.youtube.com/watch?v=zWy8qg1bWUg
cS3Z3Y5SKHrljdDlwR1kT,https://www.youtube.com/watch?v=MU_mnS-K0ck
z84k970320WcfnfV6FDnS,https://www.youtube.com/watch?v=oke1Voix9Hw
qXfkhicok8XPSijSU17Xy,https://www.youtube.com/watch?v=dpbaOxhwQeA
bbuCY5VXllzFtXYa8Jw0w,https://www.youtube.com/watch?v=Ii73D4FJ7kE
bSXxdDQPX5LVY5vLDU1fb,https://www.youtube.com/watch?v=ZZgC7QBWdUc
qg6ZgPvi1MZp8IA6E9FcI,https://www.youtube.com/watch?v=TYhVLsHMctE
W8mDxQNQvCJVkLEEcJrHs,https://www.youtube.com/watch?v=4XcLmtWlbO8
AINmzH0Be3LsVI-liOTT7,https://www.youtube.com/watch?v=n4-8eU_nF_8
72t-0orCKlg1Bg90mHutF,https://www.youtube.com/watch?v=QxhYo5Tp8WE
8Ls74pIF3WwtMeUo_ZfxQ,https://www.youtube.com/watch?v=HACOeaEtEZU
NZiTQLxXOeCc2dxkQimYk,https://www.youtube.com/watch?v=255DCQdoRVU
jbB4jVYh0rttMNjGp-bpX,https://www.youtube.com/watch?v=_JOocMB8_QY
tto-vdgMheYurw_1YtGxT,https://www.youtube.com/watch?v=WMAXHHWzFUs
cEJFpU5WkoS5SgpxQgrY-,https://www.youtube.com/watch?v=9HelKaoEQrk
9LN1MD3rUerckgZYEbYuV,https://www.youtube.com/watch?v=dcHInCFSggE
C5H0ayXA_CYPp3Ukkpvkw,https://www.youtube.com/watch?v=YeiKe8GqR00
TJNo8nwAY5K1eK-akEm9J,https://www.youtube.com/watch?v=IiJ5tM63YJo
Zmwt8Q-RFraki1uhbFwuT,https://www.youtube.com/watch?v=Tk2XYFaLdUI
Ss-XxS1BQ-aUuC35hdIY2,https://www.youtube.com/watch?v=qEpE0TlYcWo
duvrYdmwXpfgABvVXxsxR,https://www.youtube.com/watch?v=FVMDRiAcWKk
elbVunKTj4wrJtM4NQ5Ge,https://www.youtube.com/watch?v=Hjv_Nrm7yzU
e1lSMzJlST0o6df_ubySg,https://www.youtube.com/watch?v=I0TB4wE-tmY
Xl2HqZgEuHhBOrU1nkSa-,https://www.youtube.com/watch?v=fvAG3X-EKVQ
RUc39pPzHHtWwRgUtshcv,https://www.youtube.com/watch?v=aGt3G_iljWU
OYFuo9GQmAk8mCJLXGqvn,https://www.youtube.com/watch?v=xo-QVpBUlME
BAiJvezvZcU5AmEs78Wcw,https://www.youtube.com/watch?v=7uIUS_xHGT8
eCEIDRT-SzGRCYMtdcwrN,https://www.youtube.com/watch?v=Kecio1bB0S0
Dys0TIvbq6J8Bls18Cb3J,https://www.youtube.com/watch?v=7gdgggtbCK8
Q5oJcAgI4W6N9OTgQ630D,https://www.youtube.com/watch?v=z9RCAP9IRKM
UwBEhcs_LUWIPoxdRKwDC,https://www.youtube.com/watch?v=HUehqwVtrAQ
Q3NIYqN4QAE3bDr8WsQhA,https://www.youtube.com/watch?v=52rozOh0HCU
gxU_4dAHtuwqmLUos5EDy,https://www.youtube.com/watch?v=VOYtL1zzJR0
thpxZQHdGjIdLiAFvKxTi,https://www.youtube.com/watch?v=IMuW1OWTnzA
726VWoQMX0XRWJO-69-eO,https://www.youtube.com/watch?v=OeQzjvAtaqg
mIysQyCNLJ14-AJuvInud,https://www.youtube.com/watch?v=GgANLONV0q4
U3rKr7DqT_9dejdOPQkS-,https://www.youtube.com/watch?v=iu9hs0mJQ_o
j7I8vYsRC7Ials9k5k_oK,https://www.youtube.com/watch?v=GdEWfkmw_JM
vsKEdsNUp5WOf5WykLZys,https://www.youtube.com/watch?v=fKcsNvW0kyc
7VhZXBO2gL0JyhkUUyIVW,https://www.youtube.com/watch?v=NIjBiP8eYlI
bV9twNA_tRAiJJDX6ffqW,https://www.youtube.com/watch?v=6I9hv_66w20
qF64E78DWFHkBY31DxOEI,https://www.youtube.com/watch?v=YS4woefy2gQ
ROzKteLTxR1OQvyBam4LF,https://www.youtube.com/watch?v=u35rH8A0uOw
WfCJQBmUAZafdoNgJJU_E,https://www.youtube.com/watch?v=uMi6vp-XWj4
1ztujsqUjf6LtkIL2L6Xy,https://www.youtube.com/watch?v=-PD2Eb1UCnE
My37tXqq61to2sMUefNr0,https://www.youtube.com/watch?v=jacZyfmDVts
ccpq2z1Ma-84J5rL8vR-a,https://www.youtube.com/watch?v=C7KxConDXMQ
oBZ83SVrhEiK8kQPufYbM,https://www.youtube.com/watch?v=XdSKhIwshu4
BqKARoii4RjpZvpcUpr1I,https://www.youtube.com/watch?v=WLke8is1k4Q
n0g9c0sosxUCktbuiARXo,https://www.youtube.com/watch?v=0gAs5mzP654
hvSLbvpb-fcjx2rhxqB3t,https://www.youtube.com/watch?v=vZAdMXDsdEk
qspgr2V4TYYHiAucgr9Oa,https://www.youtube.com/watch?v=Z0c_OhrrJ4c
tfWSFqDlKzWReA8GcAtuk,https://www.youtube.com/watch?v=tnDdxnNZNl0
wO0sIBVTXpMMyZ-s9ZeWU,https://www.youtube.com/watch?v=otwPyPny3fg
62BvrA6cuUiAxj64nNMo1,https://www.youtube.com/watch?v=HAf-3oIIwFE
jOxdzVuIXHfgmx0dy40vE,https://www.youtube.com/watch?v=SjIQ8tDakUk
E4vyM72FKmPvpQD5bFxfN,https://www.youtube.com/watch?v=7oBIaFydLNc
zn0ocbaA8cRv5Va8YXw0D,https://www.youtube.com/watch?v=yUTNuN_AmqI
iKje8Cz9J7xlE8ofbif6w,https://www.youtube.com/watch?v=Yup2u68xYVc
Eh0ErxNVDH4z0itIbM1Br,https://www.youtube.com/watch?v=Qdrfbt2vrpI
teZkqTYrxe9yPPO_XO6J7,https://www.youtube.com/watch?v=CDc3OLKE2pY
vLdxa74MLBcAn3I392XLS,https://www.youtube.com/watch?v=BjouowO2yZw
DN7xVZZ7HpkhIoApJQM5u,https://www.youtube.com/watch?v=9iihVag3yqU
JyK0RSqmAnJySRut4ptkL,https://www.youtube.com/watch?v=WEJrjd3VEgc
mgEMULnbjM_nUCwzREYel,https://www.youtube.com/watch?v=YguLZsK99PE
X82j6c1dGjONCmOV-o-ov,https://www.youtube.com/watch?v=a4t2zB0TtFk
Z3-i0K1LZsrAxMuGbvEjM,https://www.youtube.com/watch?v=-ocbOqfZhdc
kjRzLS6H1GXHDwv2cSYWq,https://www.youtube.com/watch?v=s-GRI1J0w8U
cCfn8B7WNxGrxeJ8-bVPC,https://www.youtube.com/watch?v=s1jyg685bps
AL63w3FYh6JEQKK1xiKVX,https://www.youtube.com/watch?v=E8RXSiwke8Y
Y4aCpvS3byJFvr9VrrkNI,https://www.youtube.com/watch?v=VghbXfYOuyc
pEaCxsPT_vWi0KN0wiLls,https://www.youtube.com/watch?v=JliAiwmbfoI
VlDePkpdU-OgR8h_A7dPb,https://www.youtube.com/watch?v=anLfhTjGbTE
wfnHjoPy3fcYU7N3MbTuH,https://www.youtube.com/watch?v=Xmmlc-sAgmU
_tTAs5pSN1IImqPWnHtAq,https://www.youtube.com/watch?v=7IZelPh2t8c
VPCT2W2xi0IsivAbo1ypH,https://www.youtube.com/watch?v=JOQ5K4liI4A
bnTqgCjk6_xUDo5dYwdGZ,https://www.youtube.com/watch?v=FTXElY-JTb0
19CdCibofXgcOoyo7WKpH,https://www.youtube.com/watch?v=Q9-fBS6MQQ4
YC38tixlGIDjzI7Zaf2sg,https://www.youtube.com/watch?v=3yIc9lN4jOQ
VyCFvQ4ZKkKW8_UKFez86,https://www.youtube.com/watch?v=bGsuQipB1-M
YiejZab7ugUMWMGW4DI-l,https://www.youtube.com/watch?v=CmUUl8i6PNY
23EmQZLJ86VNLkcDdtJGG,https://www.youtube.com/watch?v=3dzf4kK3pg8
xV1EQ0y4XgU2puL4-th3A,https://www.youtube.com/watch?v=ynY8r2bpSPk
rJkTmZ1-8XB0tcMrCSAbG,https://www.youtube.com/watch?v=OsA_5uIscmo
qZHB83StcqiUBJZMizRje,https://www.youtube.com/watch?v=WM15mz7HRbI
uP41pcu7wvMyI3MWjwiXu,https://www.youtube.com/watch?v=KFQQ4rZB9Gs
-x9bVcQUo3SUTpO3RCz1n,https://www.youtube.com/watch?v=yJgb8rWnzhs
ZMPE9N5jD5Jmz8C27dZTu,https://www.youtube.com/watch?v=963Imu2toK4
_GiRgl-svwkzCzMIYMUx3,https://www.youtube.com/watch?v=1WSQiPdjCXU
LhOWuhSVkw8lMzeI2ec9I,https://www.youtube.com/watch?v=lAwFuY2o23w
N9Tc0A4mo1rd8DxHC5bQI,https://www.youtube.com/watch?v=YrM6KrfjpVM
sAB4w1st56Nas1qpOPsdH,https://www.youtube.com/watch?v=gWJyR4x9CwE
12IVbDZLpBO9EvSEwkJ4-,https://www.youtube.com/watch?v=hiEa-E6Kokk
J2Uie2MzKz6t8YJg2JPzJ,https://www.youtube.com/watch?v=yQRciEZbsMk
7DR5w2QxwF2nBhr-EeQdS,https://www.youtube.com/watch?v=4fsQU1LSrF0
vMQRTvPOiLcF_bmuoAIPv,https://www.youtube.com/watch?v=NlIyd6-x2oQ
NKRK2Qvujx-V143umLQG0,https://www.youtube.com/watch?v=3z9oil2xUGQ
pwbQY1nSrtOqL5-vp1PO2,https://www.youtube.com/watch?v=rgDSDcQrfzQ
d8gNy4tZnmay7Jggsp2fl,https://www.youtube.com/watch?v=Dg3grrFBgBM
-LvP91rKhrwA934eYySwr,https://www.youtube.com/watch?v=DrfTyrnCpNA
M75qSlF2pngaVzyp1bhkZ,https://www.youtube.com/watch?v=gv_LLbaDGJs
YGs2TnRwa8yFUfvYGx9_W,https://www.youtube.com/watch?v=qdtgBltAy2c
gEEL2qBtTYq_4hDrhHMBk,https://www.youtube.com/watch?v=RovCfKd8dQk
z0uVhMSKUPrxoVItpmdTJ,https://www.youtube.com/watch?v=QcLFovMTrUQ
OtYBaFRj53VQSr844fccW,https://www.youtube.com/watch?v=I252Wcn_Duk
0dfo0V1qFaXdWD3GRj6ap,https://www.youtube.com/watch?v=GJmzVnswiaY
VBJzJ76vne-sEqbYLbUx7,https://www.youtube.com/watch?v=dyVWUkv-tTc
JTaMTFo3IaLDbqg0NEbbd,https://www.youtube.com/watch?v=ZexgrncL8xk
6VljzX3PCDvtlOoQQ8WHl,https://www.youtube.com/watch?v=ejFs9oSkJ0I
HWW5azLxECoeOdebCJ4vA,https://www.youtube.com/watch?v=mbleL6g4yoo
Dzzo7aRjMS0ev5BgpBlHC,https://www.youtube.com/watch?v=ibUf6MbLmd8
E3uK9C-HKyhVFHUClfr5f,https://www.youtube.com/watch?v=N-mMB8AzUlI
gA7QHnUrcobYm3Xgksq5o,https://www.youtube.com/watch?v=ScsTcgbvXmE
V1ckQnhVaUg7Fp4u6YWxz,https://www.youtube.com/watch?v=-67I1ZGqHto
pS7ahuUllrLOy4UDOvBTE,https://www.youtube.com/watch?v=a-UlQEJlb7A
aoFndcT-NSlBPgi_Xht0i,https://www.youtube.com/watch?v=9uVe41A-jrg
5QvWF-vsRxzuoI2d-ytC6,https://www.youtube.com/watch?v=3bxvfwMZK30
35mOqOz1L__uLo9WfAQAL,https://www.youtube.com/watch?v=W_UGPLPWmFM
ntCpyhBsPY3t4U9dehrSd,https://www.youtube.com/watch?v=Ff4Gn7DstD8
YfTDOc5Jre3VVuFRklsHb,https://www.youtube.com/watch?v=xz8nzDNmcP0
AgWlAcpODAq8M50W1_103,https://www.youtube.com/watch?v=A4BdoiKMw5o
WzG6xCII5Ehct6TRXksjd,https://www.youtube.com/watch?v=c3zYA4Ooub0
uCBQdtF9r_fItoWHmQE5z,https://www.youtube.com/watch?v=VwlC2_YyFb8
CLLDppQCbnBwD6Fnz2GW5,https://www.youtube.com/watch?v=eB3gdeSdq6E
OlFzyGLm91yqTL8BvJZEg,https://www.youtube.com/watch?v=sueSneaDkyI
CTwCAC2o7kQHwygKajSnA,https://www.youtube.com/watch?v=RfKxreI8bYg
IHkIwYERDNEA0HNrJTc0s,https://www.youtube.com/watch?v=DF45zE1BerM
b-iekOhVddWpEJtXw83aj,https://www.youtube.com/watch?v=XzixmcAtHdo
Pn_Tp477TpyFEZeImgfIP,https://www.youtube.com/watch?v=5V3MHOXOSNM
gYismHabF5uC0aXSg1QQw,https://www.youtube.com/watch?v=E9i5WuZKpFI
QM04TQmM_aNKY4c18ybv5,https://www.youtube.com/watch?v=v-gKXWCyJvU
CdLg1Cs9kRDy1ARG8gXR7,https://www.youtube.com/watch?v=JB-IHyifGZk
ToXV-cx4wxeOBGTdXV3pO,https://www.youtube.com/watch?v=GrMXX434Bdc
Ppq8xAsEKm0e7RCPxCb_I,https://www.youtube.com/watch?v=D3inIuekckw
E0UHQrfWC-lI7Dy3eLcat,https://www.youtube.com/watch?v=Om9ULfbZcbc
SbYwx6ufLXEckTSKgi5KO,https://www.youtube.com/watch?v=btKGvktIgYM
Uu6Xpel_cTLtlclMuMx0V,https://www.youtube.com/watch?v=gGBztdmb4zU
u9EtqBo0O-ha5wUfjQ8vG,https://www.youtube.com/watch?v=TCPXBwZzMZk
iuXTzhmAUrlbUVTuchpLe,https://www.youtube.com/watch?v=xY84gYJjJ4M
McSX--zX4zU5wHEdE-ctv,https://www.youtube.com/watch?v=dIo7-oUYyaM
ifgcYkZDDkOIe7pc-WLD4,https://www.youtube.com/watch?v=DAvjYr2lgNE
jaWaJCNGXSbmIbCpnY8sD,https://www.youtube.com/watch?v=UYd-uAg1PTE
zutcocxjOdjMfvylHO7X6,https://www.youtube.com/watch?v=tV7ir80lQwM
FpWH3l1biFDcsrN5VqYQb,https://www.youtube.com/watch?v=tzReV-CN5wM
tiqD6_mSee_ybbJZkU3M8,https://www.youtube.com/watch?v=Kmz52_1Xmp8
UbeJIvasDuKLH482-0udP,https://www.youtube.com/watch?v=R4UkVcJZm24
P2WLN2Pg0duuQGJKQLnOO,https://www.youtube.com/watch?v=m1kmcfj8QhQ
d6pHHfEWigCrAp4HFy7TX,https://www.youtube.com/watch?v=4JmbaqZDWsc
FQYhhHnZvyLcdmpLHBa4e,https://www.youtube.com/watch?v=7BXh9IBdStc
fuDpARs61LMBZENgljPLn,https://www.youtube.com/watch?v=fe2LoHeODlk
GEsYj2PmuerHhEJBgBtqC,https://www.youtube.com/watch?v=cqmbJ2mjtPM
r6iophIUFNKGwfJzWJPXe,https://www.youtube.com/watch?v=0kKDD4DwMZM
Ko5WnyC8Rx3KxeWc7ewe8,https://www.youtube.com/watch?v=Ds1f4YKPXmQ
W2Eww2pzo_s4034zc51Py,https://www.youtube.com/watch?v=_NZgsINsBGk
UB5mmolXAbtlBHSBa4YiN,https://www.youtube.com/watch?v=tkkAe-VrLWU
NAdmO528k4yWvHPZ0_EbU,https://www.youtube.com/watch?v=5XfFOAvYSnY
MXCZ7YRPiCl-c_uJ5NAgo,https://www.youtube.com/watch?v=8x-myZlWuJU
-xsOdpDSzc4eBV4it3wJK,https://www.youtube.com/watch?v=kQwP4tG2Bto
UCHwaTmfvV02i2DzNpvr-,https://www.youtube.com/watch?v=w_f7_OpdOLo
NxvJCvXQ5RqGoTZdo9hWg,https://www.youtube.com/watch?v=IytT3Yv9PqA
XhIuDsC9Pc7B3D1wN9Mgd,https://www.youtube.com/watch?v=irXJUOpiZj0
pPfkvJwA1mqyvS-eUsEF6,https://www.youtube.com/watch?v=X6499AhkKfw
OwjHEfEZ7RWRyiXiBHiaI,https://www.youtube.com/watch?v=23ZqLLUn028
ZX7IYEsqjh9exUpvj05TK,https://www.youtube.com/watch?v=HFJ75Oqa7to
h2-XcdNRFLypp9ggOQDhC,https://www.youtube.com/watch?v=H_gAvcuIJ9U
1wXEp280eb6GaQZWRx7HQ,https://www.youtube.com/watch?v=EH9WupjJ0dU
5fdIe8KHRAKceRBGFJDZa,https://www.youtube.com/watch?v=kg7oidCOziA
c5fD2b3qZH-IqIarINYd_,https://www.youtube.com/watch?v=QlQWLM9BIb4
ES8AJAvd5IQV-g7pUzX7O,https://www.youtube.com/watch?v=EGrlrcSxJ1k
0G-Wjmjv4ZTklGIMoVDkh,https://www.youtube.com/watch?v=o54b1LICSok
m9zt9d2HEBnXzHfjUTz2D,https://www.youtube.com/watch?v=vA1YudELILo
_zuqJ-vylSDRs9nnlbwKT,https://www.youtube.com/watch?v=R-NNTWH98A4
-vFF_xgip38Jd6AZPLmDa,https://www.youtube.com/watch?v=Mq7tRGR00tk
f2eZmFCeDiWcdDon7IC34,https://www.youtube.com/watch?v=kvc70YIVxK4
3QOE3KDilUsBtcG8VPEMf,https://www.youtube.com/watch?v=LV6tcxBgZxY
CVCIHKQkmz8JnUOZ_w2zT,https://www.youtube.com/watch?v=I0bSX5xYw94
ny5rys3XHjE8hhA7HexmZ,https://www.youtube.com/watch?v=nYbs1sqf-fc
K49boFSxm74y8SMBaaFOR,https://www.youtube.com/watch?v=KWf6rbNwvUs
RW37z2gW9gqebhk8G3etK,https://www.youtube.com/watch?v=Cj2IkMtvnFQ
x_vQm5xTHq9xHy0UUH3vp,https://www.youtube.com/watch?v=z_MzjbkU5eY
CSMQ4kzUr9wM11G-eWJhd,https://www.youtube.com/watch?v=5UJCDW_lhk8
3ahdzfYoA11lVl8ACzfer,https://www.youtube.com/watch?v=a5z7q0oSQg8
4O8_7zknUC4U3_hU_csHR,https://www.youtube.com/watch?v=70Sag-T3OIU
mJlnzVOC2ObxE6neJD-MO,https://www.youtube.com/watch?v=xbFbUqGuh4s
3X1MS5EJnYRfMkWcz_ZHZ,https://www.youtube.com/watch?v=U5TomhUUqmk
uTFtGxRwwsqLZUPrAsrUb,https://www.youtube.com/watch?v=hYps7_AbBZw
5b5sa3e2r-wFdEN8FElkD,https://www.youtube.com/watch?v=9mCtpipRB2w
BVNzBRaVlbtLS9ogKUyCw,https://www.youtube.com/watch?v=Ec4-4YJOsR0
b3w2ILZEEm_EFji8K95uE,https://www.youtube.com/watch?v=wvVjifO8vLc
1Jk1UF68ZdaEJnIShlZoO,https://www.youtube.com/watch?v=ogU2QdJSgGw
3wuf-X0bEOFuPpFm9g93a,https://www.youtube.com/watch?v=OrqZLfJjS_o
P9IzGm66ox2Gqfkxs-wHm,https://www.youtube.com/watch?v=HEalgEkQ6X0
9X_el1ee2XHciYz49CB0F,https://www.youtube.com/watch?v=NtHhOsm4PWM
ISjd6vRmMWh7ZMBBvA1CL,https://www.youtube.com/watch?v=W_Plch9QwTM
LbiIhQ8hXwCbdLmTtMKW8,https://www.youtube.com/watch?v=LjatnA-7eGo
ymmhomSJq_RzAS-qJydQU,https://www.youtube.com/watch?v=4g1WydgNsrQ
7KkY-1jk3AIYeWalaq--T,https://www.youtube.com/watch?v=4rSmZ_b4Hks
OPT09MBTwP5ZnwsSj4c-D,https://www.youtube.com/watch?v=nyo1XZTEAx0
8qlsEmYKEx9XLl3MD554C,https://www.youtube.com/watch?v=HgqmvUzVVFY
sq8EEfaafdh7EcRzxLbF7,https://www.youtube.com/watch?v=BaOsBs2mqpE
XICtf8Xsb-ppnvk4InfwQ,https://www.youtube.com/watch?v=nRlwv-VZeMA
FnhlH0Obi8nCOZ6mu1bD9,https://www.youtube.com/watch?v=umWbIz6smsY
r1x3ojhbaVJvzMtycOXIT,https://www.youtube.com/watch?v=zzc-1y0vjOY
fw7v5zK7SycnVlIMYhKu8,https://www.youtube.com/watch?v=8XZIovot7d4
zHw4tC3PzYKVpQzCHwlph,https://www.youtube.com/watch?v=JKk1ZAxgv9o
gJXo8hBteJAhzN8WhUJtq,https://www.youtube.com/watch?v=gmWceZ71lCk
DmBs5peFS5d3vTSzokLtt,https://www.youtube.com/watch?v=Klep75y9ro0
5_6ZGOcGCrrfHxp8sggVu,https://www.youtube.com/watch?v=xhrQQaerkO4
N7sNU5eSNOD114CvhqHBO,https://www.youtube.com/watch?v=5DtxQEuBn5o
O_jszI2WPU8n1U5M9PWtn,https://www.youtube.com/watch?v=x78eSMqA-VI
G7ycY7DsT7dSmr7RRq4yy,https://www.youtube.com/watch?v=kkwKYrFMtLM
38rWpX2xWgSNhY_oZVPqw,https://www.youtube.com/watch?v=ht8BZtgT6x8
4Hbp3bx2O2JtTGrz3wWfy,https://www.youtube.com/watch?v=UTnelqMTqLk
0HiOpP47CPvoluMIl3K6I,https://www.youtube.com/watch?v=ijc7pWmM-WQ
xuSl3APh-q1-cizKULRVn,https://www.youtube.com/watch?v=lhiSDaLLCcA
OIZM9TZ4zlB6LlriulO-_,https://www.youtube.com/watch?v=CtW-P4r7Obk
kk2-KehzE-iKFNeepmMIP,https://www.youtube.com/watch?v=DISyucPh-Ts
GzIyOAAEGhztSh8C2nJ9Y,https://www.youtube.com/watch?v=gZU87v5wnEk
cvuGF9sXRNh5c3FfwoWjK,https://www.youtube.com/watch?v=eqDjLIY6-Mk
YgQPVFR00K5hqBY_e9eBA,https://www.youtube.com/watch?v=_Br7l6MibdA
05OxcENGahsX0ki9KIRfv,https://www.youtube.com/watch?v=TRdUc307moQ
iBHvh8_Y3qeAr0dzo4euM,https://www.youtube.com/watch?v=j-lT855IKXk
x27JOtBSomqq8J4nS2j8x,https://www.youtube.com/watch?v=e9QkfVMIoHg
lBP5gaHu8ybRI30Z3FI-H,https://www.youtube.com/watch?v=mRYYc53gNb0
qeeKFnPDfZXyQ_np3Q4QW,https://www.youtube.com/watch?v=85jHBuJuwn0
6YKrA0oHoL8DcSgBQr_u_,https://www.youtube.com/watch?v=TmP6DKr94KQ
TYgsC3lI6mgAnD6J4MCMy,https://www.youtube.com/watch?v=DkaaEBk16Kw
d0jNgefRo11XJETEHFF8R,https://www.youtube.com/watch?v=jlXLu2qjF10
Z6ROxumweZ2GErej65r2j,https://www.youtube.com/watch?v=oRhY_cYCVEY
nGr1O06THnHJEVDi6HECF,https://www.youtube.com/watch?v=h2HsZ7pSij0
Nz6e7GPgYtpfNJg9atb4S,https://www.youtube.com/watch?v=5cG2wv_14og
n5tSQrhla-PNU7538nCX_,https://www.youtube.com/watch?v=nafE7Yakmzk
tuyElC8vFlmKFd3iJPfv4,https://www.youtube.com/watch?v=LzXrRxdHnMM
Jnd9Nf7eQjdQIiJg3Xnp5,https://www.youtube.com/watch?v=zx86HHeeJ_I
Um5POwILyyGv_xMB7uI_o,https://www.youtube.com/watch?v=5OjsBhMtcyo
kM7xhj4bkUBw3ZBzY2wcE,https://www.youtube.com/watch?v=sCo4iIGMKMw
NfMPaI5FwrgJYgcEc5DOs,https://www.youtube.com/watch?v=OTWBSMtvSOw
ZqVtwXENRMsHOB6CzO7Ub,https://www.youtube.com/watch?v=sNBm4mbALMQ
BDO9XOvWcUhRlWgK9pZzU,https://www.youtube.com/watch?v=wrRi85xUV7s
JHDOwfw8AVrkNZoSuYbh6,https://www.youtube.com/watch?v=W568cShi1OA
tzNrIAnKh_NOgXt1kCBoH,https://www.youtube.com/watch?v=RrJ-bM5Pi0c
Me9neAAyY11TzVKJHebp8,https://www.youtube.com/watch?v=017QuyAmHr0
BZx3v_YKLsrt5zOrjWmJR,https://www.youtube.com/watch?v=wz7uKJCBDno
TC6Poj3BLB4e0-lc1p-Wt,https://www.youtube.com/watch?v=vakHanOhNq0
ZEiXtbuR8fX90gS1Eum2W,https://www.youtube.com/watch?v=FfZz4bqa-r0
LY2HAfO3bUP0ec1X8673N,https://www.youtube.com/watch?v=YzFb0TUjmAc
43iUjDNAMKOZtf_mE_Ehl,https://www.youtube.com/watch?v=Fu9-2KF2hCE
NBE2yZf6FZQ-X5gcpXoRi,https://www.youtube.com/watch?v=pRe6UCcoXww
Z-73z6lqHen6o2bB9WIgD,https://www.youtube.com/watch?v=dnvqTgaef0E
4JfbrCug0_PKeIqQDSQIf,https://www.youtube.com/watch?v=_um9pKJBHLM
nESizb0HYzF6ONgODYapZ,https://www.youtube.com/watch?v=SOpcmocR6TA
XnrXZx3Ji6VnyQJuIHfQi,https://www.youtube.com/watch?v=5KwvuKdXSsE
CGuXbnOkcEtR5_rGsa1JN,https://www.youtube.com/watch?v=Xsx5_kr8o2g
Zvtc2zpMF47pLPJqNpxFn,https://www.youtube.com/watch?v=JP8VmrU3RsI
ikxEEPQTRk9DlYa1JsFZQ,https://www.youtube.com/watch?v=7IcR7oOgOVk
JZqBTwxIeae0SNl0gPM9i,https://www.youtube.com/watch?v=Qdqh5dyFkA0
UT_MaWlOjv2VKfLaroOgq,https://www.youtube.com/watch?v=IK0B8fFvT9I
izSrG4iGyfdPr9cTehMFE,https://www.youtube.com/watch?v=Tj4kurpqKRY
sq8fUMt8xfFTxkr26Xbdj,https://www.youtube.com/watch?v=uYRLa6QDj-Y
NGOtmw--MDUQEBuflKNun,https://www.youtube.com/watch?v=KA9hq_MhyvQ
_4MRH1VFRr0kJ5gv00ej5,https://www.youtube.com/watch?v=qeE5A_C4c5Y
AfbK2omm3tKPU8S-iwe4p,https://www.youtube.com/watch?v=EyLylxcpgmc
vouwIBL3UmnOBdpoIwGpj,https://www.youtube.com/watch?v=PbMv1hlCjKk
siOcXnajDZtla5g3JpmaB,https://www.youtube.com/watch?v=1Q6rXsaI4II
R-G7LvmQLQskmnbdyvHUX,https://www.youtube.com/watch?v=csKkdt5GmAA
N7e8loq3TEUK8qpgqk5L3,https://www.youtube.com/watch?v=RafW8XNk2Jw
KE7s0Zv5HeDyTXqVIqvm2,https://www.youtube.com/watch?v=HpV9p7pZOuw
LWYU52OXvrZ0gGZIuCTRR,https://www.youtube.com/watch?v=2GnUz0LI6us
p1rSgTtINctoo8ceCcDxR,https://www.youtube.com/watch?v=79wqBg01HbM
jrKMio7novnRr7SQ9BkHU,https://www.youtube.com/watch?v=CjmeuIXyhwk
2XjJ9z4eDcYt44c4y6fqJ,https://www.youtube.com/watch?v=4UXOXJlCTDQ
KWbS1VLm5TWfajW6O233e,https://www.youtube.com/watch?v=oHId952iKpw
wvftdug6AUniHmvOSbbyF,https://www.youtube.com/watch?v=W-qqGFgVbb4
PI0kXb6z0tHh84MRSdBjr,https://www.youtube.com/watch?v=xiZmB3D5fSg
kJX5zlSfYsuaf5aJ8wlv9,https://www.youtube.com/watch?v=GgDrVbxaD_0
f694FRltqjBolfjYOPvNB,https://www.youtube.com/watch?v=7T3edeiJxew
jjMOXQPIvVTbjQBQ5NiCJ,https://www.youtube.com/watch?v=ZPSLH_Xf3uA
eNgpsrB_onifEjbyX750T,https://www.youtube.com/watch?v=gK7cDHfvH38
XUgDMBGUTGnHed525ySuZ,https://www.youtube.com/watch?v=l417MEZfcmQ
MtV-kB8dI1B0mBU4e2S3P,https://www.youtube.com/watch?v=VgWa8GYLIDA
b5aWVyPRXzs5G_wJruY2K,https://www.youtube.com/watch?v=Em1c6bXkqGg
83dHDIN9HdMCU_ADQkv0Z,https://www.youtube.com/watch?v=LRCEQ5IUzF0
BSfquqrznNZ4sfnAQaBbE,https://www.youtube.com/watch?v=MhF5JFIOMJI
e9QuPpltxl-QAcYuYnAuo,https://www.youtube.com/watch?v=xsaY_RziOcQ
jZePH-EEHAC1T1KymMpj_,https://www.youtube.com/watch?v=C04rfiHpSVU
wnD9EVQC1T4WGcsUJiAtt,https://www.youtube.com/watch?v=aKp7nvRITcI
LtQLVCIDa9l56vdcFegLI,https://www.youtube.com/watch?v=-RQruzPeAxE
1elXAeyyZNwnbUpWy8oQj,https://www.youtube.com/watch?v=YmR3tzNpItQ
ZCZRnwevpRuwqLj-Wp3df,https://www.youtube.com/watch?v=NgNTfChuV4M
obN_ujvUpI7GjuRg-P1zU,https://www.youtube.com/watch?v=_SCm0jKLMwE
ec3eYHjdpDRenXyatklmS,https://www.youtube.com/watch?v=BpLxSAzlkjI
eqvohcJfNT5crQcckxtwe,https://www.youtube.com/watch?v=-CGgxDa8MTA
8KquV_M2E0vS_u3OiMXmD,https://www.youtube.com/watch?v=mwY5pS_IKUA
v7gbnkrZXVfaiB76HNZl5,https://www.youtube.com/watch?v=fxTw1iyl4Es
MMOc5ra3TmOFkrTYZVBH4,https://www.youtube.com/watch?v=-LqbwNliL3g
p2uyxyI-9Yoh1v4Xr86XH,https://www.youtube.com/watch?v=KeARh3lPL-I
8NQ983h2_zNQKF6nw0s-a,https://www.youtube.com/watch?v=Tzz1NEnWa2c
jSocYCPzxB_7eRWELezH9,https://www.youtube.com/watch?v=fFK4TWAxyEw
NBYIB2lRkcZ7M26cbmWbJ,https://www.youtube.com/watch?v=SedeWaVyQAo
FyxvUQFdf_ZDnZsMSaa4U,https://www.youtube.com/watch?v=47AePhXo5Pc
l6QMYKi7RmSk3ETHbZytj,https://www.youtube.com/watch?v=vboWCC2CO00
LG_mvZiNvyduzo69KzGsR,https://www.youtube.com/watch?v=qbLqSPK0cT8
GUBLorogJYC7SlpqzDjtg,https://www.youtube.com/watch?v=fsLgjut4fxw
wTkj_6LwRavDuO9IQiqMe,https://www.youtube.com/watch?v=C6jlqpKhWB0
2aWTDzf7jN2eHxs7IIfzz,https://www.youtube.com/watch?v=JVo-FYn8HpE
TwP4xE_ofijebS6tEWkdz,https://www.youtube.com/watch?v=5K9Pnmf0qho
r-MJk3l7TQtYOCChYWxNU,https://www.youtube.com/watch?v=ocEAuoiDEfo
LBndbJ3jR5rQr36RPAM_u,https://www.youtube.com/watch?v=i2BJTcgdWKM
rhaespzBZuVbyX-7ZYQms,https://www.youtube.com/watch?v=_-yhXmrPA2o
1GU7HXmqk55JMZk4aTvcF,https://www.youtube.com/watch?v=8Go3l6ivHUE
7lAlOSGiTr2bgO7Kqz3jy,https://www.youtube.com/watch?v=uzSOLV5jIHQ
aSVVyu45z5nBDkD3ZutyM,https://www.youtube.com/watch?v=J2RQprMAEkw
k4x3gkGr51GE29g-4XV27,https://www.youtube.com/watch?v=kYSEheKlk-o
IjmxRl9hf2MCyu_cOaZAK,https://www.youtube.com/watch?v=tixvPovPqdI
Mb2UpI9jRpY7SIyArUrV3,https://www.youtube.com/watch?v=D6za5ZKPLOo
TVI38J1QEC2loJkYtc-zs,https://www.youtube.com/watch?v=gJZRhpdWxYk
QP7AAr4AY6-9v9L5Q2tgH,https://www.youtube.com/watch?v=lr44OSpwjOc
t3arC4s4PAgvlMq8B6Xe-,https://www.youtube.com/watch?v=zZFATofG6q8
lPZERx0IoIFd6gejBROrN,https://www.youtube.com/watch?v=4bmVM0AHEBc
p8iWueWqh9jl0RvKAnzaG,https://www.youtube.com/watch?v=AHlTJ5xcsQA
IDnoVaU47_OHDAyTsmIdb,https://www.youtube.com/watch?v=5UwDVduESSQ
G-xHuoUMf-zkiBMWOVdUE,https://www.youtube.com/watch?v=BOiS9c7HvyI
cR05Ug3NoMAQTE90P-OcB,https://www.youtube.com/watch?v=GfkgppzyL44
d4YUHeaTiAac1wQobE4ua,https://www.youtube.com/watch?v=t3wdqXFkLrw
wFt_kjCXmMAgTk07VnvSc,https://www.youtube.com/watch?v=EFpZYHVFl6s
IMK235dhyZ99ZrvrXqFGM,https://www.youtube.com/watch?v=nHej5swEew8
d3_gAVzKFnMswmjqOpKxk,https://www.youtube.com/watch?v=d3LvE8KcIPU
WpYQ0_lpKPj8PD_DGP3ke,https://www.youtube.com/watch?v=1oE__lKJeg4
Zdyu5goVG8oMvSpJViA0B,https://www.youtube.com/watch?v=A_FcaCnbpjI
lAOlInZbHGtHEvbcK_FpF,https://www.youtube.com/watch?v=UbIks9MHfX4
hy5ONUQYLiSEJ_M-wO7-K,https://www.youtube.com/watch?v=fxZdnRwoAUg
pJCYm6FNAqnz-WY-a9C7G,https://www.youtube.com/watch?v=HjPmYRcCbxo
uIm-NXb65sCVGatkBxUig,https://www.youtube.com/watch?v=fPv8IgQfp-k
Wiw9aaGJAQd_wHfuU11nf,https://www.youtube.com/watch?v=LJoN_yLsMiQ
tIs71E-_qNH3Bjo92TPY_,https://www.youtube.com/watch?v=lcXfcsSvuIk
-LCMTuta3ZyjemK-Onk8Q,https://www.youtube.com/watch?v=KEM3F_yHoQA
DHdjZJAGYwNV4-YlhqpnV,https://www.youtube.com/watch?v=LZNSntIWGmY
VIsW2oAmenZWXIBVtcJH0,https://www.youtube.com/watch?v=s5uL3n_fgxw
_QOEe0Eri2aJKBCntT0B0,https://www.youtube.com/watch?v=Yx0esV241RU
o97PxMg8sNjrv2sW6TVUm,https://www.youtube.com/watch?v=ECukuZqCVcM
X_ad8lbqtv0JF2qD5IKBd,https://www.youtube.com/watch?v=4gArbSV7APY
l_JnZWfN621NFME5IrrAd,https://www.youtube.com/watch?v=23rKpI1e0Ik
Zv-ZL9UAK6-R5b2X6WHx5,https://www.youtube.com/watch?v=vvJBe3uVY1k
Lm0lX5gR3ZUJkjoQRWyql,https://www.youtube.com/watch?v=UA6l0QO1Tpc
Rkbj8bMsnmOA81ytLi57O,https://www.youtube.com/watch?v=XeqptTquy8o
S9vQtGx_dMF4Y8SQ4OxpX,https://www.youtube.com/watch?v=e5kPN2rpGx4
8LXKkfyCxC93Ln8FN10sW,https://www.youtube.com/watch?v=h3yCDc2LxAM
X7oKAVIWxOXh6NEFVBYLR,https://www.youtube.com/watch?v=Qqv1lskesFw
4GXq-DGj6ysyoIau9Okp4,https://www.youtube.com/watch?v=YHoqAUco-yo
7wZN_-SIuvTmiWUXGdNOE,https://www.youtube.com/watch?v=fi6gooyJ9SA
s_dXH3OYLyXDrfthTjkxk,https://www.youtube.com/watch?v=DwM5X45kj_s
_yxIOD-TFzDlYKs7MJ-2Z,https://www.youtube.com/watch?v=91NpvL44O2s
PZz9oBy2xG4bjiHxKREgc,https://www.youtube.com/watch?v=LeUiEI8Tjpo
wrtgMqVF8RkEfRU2djv7r,https://www.youtube.com/watch?v=aoSIgpkvcKs
KKooCAwDL6T5NlZfVyIxI,https://www.youtube.com/watch?v=CQoCfKFbia0
kDmdjrd1A_OZxPoTAW-o4,https://www.youtube.com/watch?v=YTHjEwEjhTY
hEon5baFMLLkTZPrRRwqs,https://www.youtube.com/watch?v=YVpnrM-O7TA
fYkEVRoeEnHV9iqhSXGPe,https://www.youtube.com/watch?v=JpfObZBo_iI
ykSl0zJZBp8olmVURtU_c,https://www.youtube.com/watch?v=_4FshejgKVM
7hmToCEAU7VDUmXplbbgJ,https://www.youtube.com/watch?v=jhUWMok9zyY
P1HdpzhAxiZtIatez6Ugx,https://www.youtube.com/watch?v=-zWggbCR2iQ
X_EzZHfHRn3uEEsym6wEY,https://www.youtube.com/watch?v=LNy_yKAeVsk
fkfUn76Ux3iLyUZ9d0tXD,https://www.youtube.com/watch?v=ZDH4Rwcl1kY
pyAE6BHo3Yn9cVdX5fTxL,https://www.youtube.com/watch?v=xoqtp4eVHfY
GmuKWP_sw2coiT0XAUC4K,https://www.youtube.com/watch?v=sikqUfjP7o4
7qJYWJvflSnA5pYKajtmy,https://www.youtube.com/watch?v=ECmYumFZ3dc
ikUo1hJ3TXBTAHIoGWSgr,https://www.youtube.com/watch?v=4O7pkJdktlg
fqfQ03Pfl6VYePT46gAEq,https://www.youtube.com/watch?v=xE41qcbxfg8
DRDPcvj2gXAUGBatNxZZa,https://www.youtube.com/watch?v=4X5BWK_ZqxE
fss3eLvrSVh7EpeSDSWWd,https://www.youtube.com/watch?v=qHWFhax5PYc
4NiPT5B8l8kdctQUzgg7u,https://www.youtube.com/watch?v=ptaGzvGugjc
Zk4AdsJleYzADZZnwCwZi,https://www.youtube.com/watch?v=U6aAXj4KJWg
e5r8R9WC59gxWXn6PfAo1,https://www.youtube.com/watch?v=Vds1ulZRnGc
i-H78-RNqCIY3Ip4SEcKC,https://www.youtube.com/watch?v=NC2O_7AIc7I
nkcyJxM05vNSkgItLNSwx,https://www.youtube.com/watch?v=Ai2LxFMr_BM
h66JrKpT7hJ8kZk7SPJ5Q,https://www.youtube.com/watch?v=BpUfQiQwx0A
zzLeCs6lPfqXzmoTAmVnp,https://www.youtube.com/watch?v=kC6H_nvEsF0
IosbJ4Q0uTEXKSvn20nZw,https://www.youtube.com/watch?v=wvTDAQaxnyU
6mMRhYj8BR5naWvn_BRjU,https://www.youtube.com/watch?v=Ql8iDr14xs4
gqV6AF1-ec4_YU-FcvPYs,https://www.youtube.com/watch?v=FZ-pLNWiKH0
wc-ZDrP5cLDCffdfK7lBT,https://www.youtube.com/watch?v=wT8roRnbHiU
X9TILiRCV49lKdnflUi3n,https://www.youtube.com/watch?v=TcZ6gWsqyYM
w1QtJDa_gd4-rdgsAu63x,https://www.youtube.com/watch?v=15DmSxkfekM
Icn5poFgdPtTtPXI-6YkY,https://www.youtube.com/watch?v=b4AmdIC-KwQ
ka1mBk7cZ6v_7QIbMCWjo,https://www.youtube.com/watch?v=F75Bw1KJhjg
W07IKZO_Z3R_-L0BrStB9,https://www.youtube.com/watch?v=QpeY6dumEk8
v_KQgxCoQ7-ucxzPuRr77,https://www.youtube.com/watch?v=r0ZBRH_FxtE
ymvFkPNwfEHGumqCsZBdB,https://www.youtube.com/watch?v=TrvP2z95NVY
SS2sb4v7HnTD6C4W2KJK7,https://www.youtube.com/watch?v=4AUCr8Z9JbI
kKXxVSE22oPtIpgfYO9tr,https://www.youtube.com/watch?v=D8uHWK5oz-Q
_4NKALqRZA7oCIpLg0Dpt,https://www.youtube.com/watch?v=2jKURLvI4U0
loZ5Yc7lrbhxOnyYakAGt,https://www.youtube.com/watch?v=Jrl_aFanCBU
hJ45wp8_7-4OU2EXnnd7e,https://www.youtube.com/watch?v=LUcf678A15M
XBU9EWB0LIDSc7jhgAk9Z,https://www.youtube.com/watch?v=K2HcdxD1-5o
PuEn8qYR7gQ65FIG8NCEG,https://www.youtube.com/watch?v=6s7gQZO6pvM
uzIi6bvv_SDKM6YsM0c4n,https://www.youtube.com/watch?v=i8DTMODG0j0
kfwH_F2pJiLe7cS_u1EI-,https://www.youtube.com/watch?v=8T8OPiSIbME
T_Mb8A8EdMq5Jy-nNrlLd,https://www.youtube.com/watch?v=jQeaNMb-IgU
o6ep764ipMDIWKjsPA4Vi,https://www.youtube.com/watch?v=kjDuXlZzywk
9adxRhTlMp48Hu5u3gJdA,https://www.youtube.com/watch?v=9OMPQnYiHEE
ufAqkGIdoGUw8OPa9nW-c,https://www.youtube.com/watch?v=tSJyFmN6iQo
PlHXF7E55CFASGonleUoz,https://www.youtube.com/watch?v=f7WzxnLwgVk
hLA7Z68-hxVf_0rgpwNww,https://www.youtube.com/watch?v=jn00yl1rUSs
G77eiZahHiG2TyF1pHdoN,https://www.youtube.com/watch?v=Kn_iNca9IM8
vgQ3hK2GATb7b1dXb0qXI,https://www.youtube.com/watch?v=KHv0AjcvqK0
PzhKLzoD9d4zFTGGX-5ik,https://www.youtube.com/watch?v=mgr3DKA-Z4s
ed4v2PUhaGOGxHPvyvlly,https://www.youtube.com/watch?v=0se_HposRhA
LpNljbem465kEbcswX862,https://www.youtube.com/watch?v=6GlUK1cMP5A
T3kqzXU_DnnBd9YLusvIi,https://www.youtube.com/watch?v=gn8doNcH510
Kf4oCIhO4I300FW-pw5CH,https://www.youtube.com/watch?v=c5mlouMRC4A
tU5Y7EpBfByxq8U1ZyqNy,https://www.youtube.com/watch?v=89tQSNfTFsg
SzekxAKU1dEdjXibRgXiP,https://www.youtube.com/watch?v=MNmUtavi_1E
f8R4_BSWt15EdZl-3Hmp-,https://www.youtube.com/watch?v=pkHjC_v8HpY
ZTqkU4HMv2qIw-STyiEvw,https://www.youtube.com/watch?v=lepL0Ci1TDw
PqkpS_XXm2xVAZhei0xz6,https://www.youtube.com/watch?v=kLklhfgw0_U
idM96KyaB1hIAhz4xZRHD,https://www.youtube.com/watch?v=k4YwMugxvng
RoKs-2rkeP80may7bywds,https://www.youtube.com/watch?v=kjhKIAY562I
MGP4dj_hqQIxveSynRKtr,https://www.youtube.com/watch?v=KIGdf5KZ4d0
5u2muJvmN6k6oqtfZi6Wc,https://www.youtube.com/watch?v=phwqFc4RceY
bMfJGJBZyrQXwpDBOeERa,https://www.youtube.com/watch?v=tXdUHzIYdjc
TRJ1EJfH4k4YVBhoDyX6N,https://www.youtube.com/watch?v=4tdfdKf0I50
roMsx_qC0noF5AVcm7PdB,https://www.youtube.com/watch?v=DcCQhE2K6ZQ
tQS9hkBI8VZvXaz3VxUaj,https://www.youtube.com/watch?v=BL1OjSedkJA
zKLhCDveLI9v-n6g08Qkv,https://www.youtube.com/watch?v=BjCfmNfaYm4
f0mg7YA7QTsRMqo4j8w0l,https://www.youtube.com/watch?v=qEbcAZLtPjA
DXjWy0_BgzZHv_gfbdQY1,https://www.youtube.com/watch?v=Ccv_gHzYaJQ
jKPm6_F3NO_8NwjsYseBi,https://www.youtube.com/watch?v=cF6zAilVlyQ
ShWuFqsq0sd9Csiz6EnW4,https://www.youtube.com/watch?v=1IQRGz43bl0
PdWLoe-uMYOTMCzo3de09,https://www.youtube.com/watch?v=QgXhZl9H8jA
tR8hXLYIEODnCbWC9rMCg,https://www.youtube.com/watch?v=EvxLMRzheGc
nPbBSjvoYeukXCtMZ42Mo,https://www.youtube.com/watch?v=Kedt8Pg2NwI
VNTZghEjrNzzkGMWrmOs2,https://www.youtube.com/watch?v=LYZ0CB_EqiU
Qu5oL0MNvKZ1Z6E8736Tr,https://www.youtube.com/watch?v=GckC6TUUkQI
kBxPEXC8vEr5DbYpHL8if,https://www.youtube.com/watch?v=m6YhWz7jKhI
Cy-fsTehR4kdf3Y4p5sVp,https://www.youtube.com/watch?v=7ochwO-ZIrQ
pEq347rPOzngOP323szqe,https://www.youtube.com/watch?v=_J6p2SJw50A
InLMMfPU1fCpDxM8F5vMk,https://www.youtube.com/watch?v=3qv6jKjz5fk
ftXk_QE4CxlFwsQllzPE8,https://www.youtube.com/watch?v=-STs7kfEEIA
D-HPN7xafSMWZjyUg-emD,https://www.youtube.com/watch?v=XtIKwo8Tvd8
kH-uBtLse6OeGsu_AGbrv,https://www.youtube.com/watch?v=Sj6FAAs4a8s
Oc_-DMk4YRiBU6rzm73nP,https://www.youtube.com/watch?v=alveZuXW-lw
hIdHSYozWa2zkhhUwEO5K,https://www.youtube.com/watch?v=4zGJiml83pI
gJ03Cszmlq5S19ulneyMg,https://www.youtube.com/watch?v=L8zU-lya8fw
0iJLwnbwGNBIiwEPDgWmH,https://www.youtube.com/watch?v=aC5FnOOy1CU
7mOKfFbYzDQJWt7N8FKMy,https://www.youtube.com/watch?v=q5dfwErQxKc
n4L8orbRUJns5_uNmQvpK,https://www.youtube.com/watch?v=GJIGAa_0b4o
43fN0pRVtdEDLiOJOKg8M,https://www.youtube.com/watch?v=-dCHl6gWDqw
Mz8s9TOLv7spEEghuAIFc,https://www.youtube.com/watch?v=usdl4Q5Fh5o
n-wBh5Uk-684_ygYZ8Npt,https://www.youtube.com/watch?v=SSGpJS5UOGw
FO7O1BfGLtNW-15UXXI_F,https://www.youtube.com/watch?v=g13jkVtG5zA
eEgFzaprc4JHwsmYaMWaL,https://www.youtube.com/watch?v=Nv8ax5jnAz4
HOuFezXHdTEBW1OMvdwuo,https://www.youtube.com/watch?v=hqOqPnnF97g
iUkQ_TkUgZPk6v8k3nVWC,https://www.youtube.com/watch?v=2zfAo9j3Dgk
CjgegvOnegC3YGJ3_6eJV,https://www.youtube.com/watch?v=4lsAxxoZY8g
mfEONWOd4bCEDtARHddA8,https://www.youtube.com/watch?v=p4sYpQL8OBI
ATg4if16UMme9fUcJaF4x,https://www.youtube.com/watch?v=0Y6zVJDOJDw
56_A7bX1A6tqTOsoqzOxI,https://www.youtube.com/watch?v=bcqWXDzuZIY
LUSgqnN0oh1QNDoAR-i0o,https://www.youtube.com/watch?v=l4jLP7ukcTE
cCii2C6dviL5Iog-w_oI5,https://www.youtube.com/watch?v=UOGGIE80K2g
FF6re3jqt9ErJ6Y_qGViF,https://www.youtube.com/watch?v=BrkEgkTAtmI
3DC9bK03TRO_0PMW4mIku,https://www.youtube.com/watch?v=rxzWGPDmUMc
zFLowxOm1c_lnuKEvg77u,https://www.youtube.com/watch?v=Vxg09JZIDzM
HlzVi9RoyIXYRQMtYDm_q,https://www.youtube.com/watch?v=7cuPzX6_Meo
3w3hetzYILGnNTYurZGh4,https://www.youtube.com/watch?v=LfRDpLQF17Y
4PqcmGhxAJWkTfbmrGMzr,https://www.youtube.com/watch?v=Wwlfx3RqV1o
IFanpERdxMuVfFsVPUhHA,https://www.youtube.com/watch?v=Oidtf_ZR-3M
s6hrxZ-47dvfxR0VjPXjq,https://www.youtube.com/watch?v=aDH7fTQ2Ris
FUAsAJ5D9XwUSeKoNXd35,https://www.youtube.com/watch?v=m_1wnZ_ZIkI
MbgY_djszHhXbgEdmT67o,https://www.youtube.com/watch?v=sR5vVMYiQi0
i6EFz6pflbSxzZFKcd-jY,https://www.youtube.com/watch?v=YSwjy0ykEFk
LL2Vo5_whZFwCtex1gxXR,https://www.youtube.com/watch?v=O7Sw2ulNYHU
do1Pl1qUdY3SWELaKGfCs,https://www.youtube.com/watch?v=tZEfG_74W3U
5UqGB6ceK2mDm23j88Ebm,https://www.youtube.com/watch?v=kxH9J1FBaPE
fRq17J-HdS7-BbgdhuFeZ,https://www.youtube.com/watch?v=pRxmii8xroM
_zxf5PmFDOmtFnyZr_o3e,https://www.youtube.com/watch?v=L2zHWcc4MuQ
oJkf1_yzZLjNZuUTxaRNW,https://www.youtube.com/watch?v=ZQ9GCaQiMNI
bWmgIxHLoagXg9GJck0QG,https://www.youtube.com/watch?v=K3c_F-xDmtg
Q2N8s2VWuI8wUFh1USioj,https://www.youtube.com/watch?v=w5Ljs3LWNCY
_qh2ZCBmUNdRJSNd4ms2Y,https://www.youtube.com/watch?v=F6YVlP3KlUA
zwhl1BSndAo3-fHTx4aRj,https://www.youtube.com/watch?v=nWUKZ3rzKUI
PbgH7dXkQAu1_znXUdy9Z,https://www.youtube.com/watch?v=6pd6vY1HXXg
o9v8UgRAgANar4XVSdGYm,https://www.youtube.com/watch?v=vYTYS9-8hhU
mfbkkZm9CBbvNNZODyxPA,https://www.youtube.com/watch?v=BhRvJhJI1_c
M9oonnyocs_I8cw0uHohc,https://www.youtube.com/watch?v=OPiP2GuQd10
Z-BL61eGAu3CaH7JZE0vc,https://www.youtube.com/watch?v=CO4yQklqxfU
B6hgTmmg17bY8SGFSO43b,https://www.youtube.com/watch?v=WRHt1MYEm3M
hQlY6FVMaWPx47Gpkwnoh,https://www.youtube.com/watch?v=4yYSVyQTc2Q
ZJj0Tdi4jMyBsRW16BOEj,https://www.youtube.com/watch?v=BQM0fFL9e8E
Q0n2Jh0kx4V5xB0GY2yn6,https://www.youtube.com/watch?v=GMdLLjFSsaQ
C3TvZlrR5TWm2XrtYOs9J,https://www.youtube.com/watch?v=jqXxfWjc8bo
5vpP-c5d6UxJmZBR2gSI2,https://www.youtube.com/watch?v=nu3UuiKUl00
eq6nmriIT7lWbyID1evCC,https://www.youtube.com/watch?v=yf87NVgfd6U
9qkDN2MDL9Vw-Bc2SnxS1,https://www.youtube.com/watch?v=bg12zRHdhEA
h0e9rpQkkPiXLp7Hr0xSB,https://www.youtube.com/watch?v=zozEH7K41XU
Jpu4uakzwZiM1UakgdL-Y,https://www.youtube.com/watch?v=nmvEqdzLahs
lwgQbbqOfJIdMqy4L4mFA,https://www.youtube.com/watch?v=AOq75e6uf3k
2jM5G61OFO7Zvf557C7NJ,https://www.youtube.com/watch?v=07KEOFpoKnQ
TnQXFbVIkRQD-rdpFW_Ej,https://www.youtube.com/watch?v=d10aTLsBD2s
tiShGdf1hTIxF_mcFiaPA,https://www.youtube.com/watch?v=nQtleDzt6YY
3InFjKT9mWzrKUmSywv5E,https://www.youtube.com/watch?v=6fwl-0XyD48
KuSvlG9UZOPX9LCBLKL9f,https://www.youtube.com/watch?v=sexSJ2dkwb0
lvh2RrtbVMIgaLFIFXpVg,https://www.youtube.com/watch?v=mvq_fOvpUrE
qIfrUf5fqK7237BigNcnG,https://www.youtube.com/watch?v=G_vSur2iCGk
7_jxrf8nNVqBDFvLBUYVe,https://www.youtube.com/watch?v=PoFgJHZcRk8
s6VQDuhELhzlXTbqOym7B,https://www.youtube.com/watch?v=kn7aDdDcbOU
T3mrBCKLt5D1TbJd5lONk,https://www.youtube.com/watch?v=aLTaUbqHvcI
2GuXo2js1JTmArXohtHJ7,https://www.youtube.com/watch?v=mU0vr_lE5hc
0StsoArdsVXxecd9T2gXD,https://www.youtube.com/watch?v=v-mIauErMsI
rrMIIc9yQO0194ATmlZbI,https://www.youtube.com/watch?v=m6uGz1HayFU
BKTV0dhnvBSmsfLdSGpy_,https://www.youtube.com/watch?v=PdnTVXUmbXQ
yAfsbF9bnwNrEBQJclUMk,https://www.youtube.com/watch?v=SNg6vUYJZj4
4zACAcXnDJg98jtYQWH6U,https://www.youtube.com/watch?v=kmK9-Edt_zQ
rkGLqBzchLhbZHSInBnQm,https://www.youtube.com/watch?v=vtH1_lOtq9k
JsHGKoKMxce2ukJeSz-dd,https://www.youtube.com/watch?v=d39E9LbHJIM
ZBs4mCyHSbLZMS89p0iIy,https://www.youtube.com/watch?v=x2itmmN7tF0
--hT7axhpK8t7FdR7YvzH,https://www.youtube.com/watch?v=vN4gu4DLBVs
Aot8XaD4VvgW1BwBMFQ7f,https://www.youtube.com/watch?v=sadJr1oMCzg
aUM_14NFegF8Kv3Z6pJ1X,https://www.youtube.com/watch?v=ISyLmtI3f0s
IoJFQ2YAhh1uHpyLxbj4l,https://www.youtube.com/watch?v=1Bi7nvF0o1w
ba5Fc7cxzx3TENe8_rgfp,https://www.youtube.com/watch?v=xTcQHPrBL-I
mSOSvZwGAXvPIzv9-9ul0,https://www.youtube.com/watch?v=RLwj2PSaLEg
_bms4REuizZjAdAKhkriK,https://www.youtube.com/watch?v=yjyq8jwlcvI
W3WRzqJz-bip8H90dXL3k,https://www.youtube.com/watch?v=C9nCzJroJm4
2YC55u1l0qsu3f1nF8lcg,https://www.youtube.com/watch?v=o8d8wx2x1g4
NOqzjak7gZraExHOCT8qC,https://www.youtube.com/watch?v=v888XyszLzo
pN7gEKvFggL_kfIcC_kQO,https://www.youtube.com/watch?v=68Y3iQHXuBg
-ib0h_ZU2lHNolWksxLjN,https://www.youtube.com/watch?v=xo7JCruNxjM
_OBmv6TsLWB6S-IUZCA2F,https://www.youtube.com/watch?v=2RC7xzogEW4
LZamzTcCz9ncIqetPwJKa,https://www.youtube.com/watch?v=ntXQB-yUn2k
jusfdA4D3ffOz_fZfAql1,https://www.youtube.com/watch?v=DsEYThTrkIU
6uhjr5JMhH1rV8mdqDgjb,https://www.youtube.com/watch?v=Xhwcb90I2Ns
V9nOVM0G3lW2mML7Ca3Jt,https://www.youtube.com/watch?v=nO8NYHtVyfc
pr8SoTv3RHORtltcd6Wh9,https://www.youtube.com/watch?v=kASDz2gAAy8
6i9QUGE7jb6UnYGoqnyUK,https://www.youtube.com/watch?v=l4vGDNB0S2c
bqIfTD1o-JcKMzjyP89-Q,https://www.youtube.com/watch?v=VHDgnUPj2hU
ld6cDUFOfsPcgVGyMsVxT,https://www.youtube.com/watch?v=d_IBIB3WJVU
APdWrl4Rafkr_KFG8tbSY,https://www.youtube.com/watch?v=-I-4r7eQjjo
fgxCdIPTj8sK-Nd5xV99O,https://www.youtube.com/watch?v=b3Ku0I_baMc
L_bcOxq5vQV77oMl4PCY4,https://www.youtube.com/watch?v=Wzx1gX2MsYE
sR8NI6Gf3DRcIfHUyfTQ_,https://www.youtube.com/watch?v=2SkTf2hqDpE
GqI4mETdutyRz0S5Yex3C,https://www.youtube.com/watch?v=fjSYOgJ-W8o
HZuCPjg2SrCjBG6mTohjt,https://www.youtube.com/watch?v=Bq4VmjFf9ao
LkLxM7IBAHv44w5rh2FOD,https://www.youtube.com/watch?v=_Tpp9CkwWMc
ddr4f1f-Z2wKzJKcTWzMR,https://www.youtube.com/watch?v=x2b2YFXhfRM
FMEZ_yH32XSErFTnp1Hpz,https://www.youtube.com/watch?v=ukfGsHb4xGw
smFWQZB3wJtb3XOQXXsQj,https://www.youtube.com/watch?v=3XPMeyCieUg
yJe1IgzLhNsNZeMc1nGF4,https://www.youtube.com/watch?v=9ABnOSV5dgA
8Go2R3YzZSMF_Xlgw9zdF,https://www.youtube.com/watch?v=Ga-chyQGCVQ
_xSWreVpH3VJlKiiYQ9u2,https://www.youtube.com/watch?v=OVLxvcvksiA
kc24BRmuHvOAouoAW4x4K,https://www.youtube.com/watch?v=8g90jBNnBcU
G-1CgFpsrT7yxRarqF074,https://www.youtube.com/watch?v=iQk1v69BsYc
Q7wZ2SQ8SBM8wfVf2tLfn,https://www.youtube.com/watch?v=WrbiDS0iwg0
ktdcFaXKcVNaueLvhWByW,https://www.youtube.com/watch?v=nKZToUEWTYw
q2SpXGXrGkgkfw9dEHHE6,https://www.youtube.com/watch?v=xsFBKitymFc
ydQzJNaNDI2MB_YwCMpZJ,https://www.youtube.com/watch?v=Ul2MnXRXNH8
szuuE9JHPTTb-oMTd0-WJ,https://www.youtube.com/watch?v=_ENGnMs5uwQ
Hd-DBTGQtmGocTzLP9A6H,https://www.youtube.com/watch?v=BOHz5OHco-g
LpH1nDxA-LODPrzRCvKUi,https://www.youtube.com/watch?v=YFuA2IAOiVc
IW2pMblz2PfbFgIuLn7vy,https://www.youtube.com/watch?v=GeySRzPtjTA
XMyfBlcy5WSnIvMPP21oX,https://www.youtube.com/watch?v=szyoEwcgmhI
JA9Lk6NXUEHstsW5O4o7q,https://www.youtube.com/watch?v=R8RQ0oJ7jh4
LBzS5DZmILig_0wCFzCkG,https://www.youtube.com/watch?v=Ek_h53tPv6A
lnVk1z8KPlA7jPyBgM8_g,https://www.youtube.com/watch?v=4yy6n7h8Ggk
MmTImAU5wSxlAYTA_qHgM,https://www.youtube.com/watch?v=FmAAe9FDn6s
latH5XBI_Vix4JmuPPSXz,https://www.youtube.com/watch?v=Dr-PJEGkpyA
4GngvvtktjOdjbnIHyy3l,https://www.youtube.com/watch?v=XqOf-hls11k
J8Q_kYkIMDMNXeE-eknin,https://www.youtube.com/watch?v=pw6gTHuMGG4
_CI_duNVmf0Mu7wHPX3md,https://www.youtube.com/watch?v=NupEdI1FxQI
k0mVgy4D5ZNWJYgu0uGM0,https://www.youtube.com/watch?v=Bgo5-EKB7EQ
51VTi8qX-B8ALX95gze5D,https://www.youtube.com/watch?v=1hKUqSsMXnY
QYz-xcDpbMALE1RCh5KtE,https://www.youtube.com/watch?v=WtYJAaPWjJM
mPQ8opCcrPuEm6ZBcc680,https://www.youtube.com/watch?v=y-NRNy1qqSA
jP-w1JalavwIVV-V_6sWZ,https://www.youtube.com/watch?v=tbVeKc1IrS0
eE8ihKChFZe1xICj_nwiY,https://www.youtube.com/watch?v=96s21-IMHDI
xpIO1RZrOHdBoJAqpy1uw,https://www.youtube.com/watch?v=DWVojG_hkE4
SEjDTpX9niDaviec7z-h5,https://www.youtube.com/watch?v=9DjapplaGDI
5FOS8y_mCnrkDEmpAZlzN,https://www.youtube.com/watch?v=RjYQw6jPeCA
GAqmgjw4XecUqbYBPY61J,https://www.youtube.com/watch?v=A2ZzO92YuIo
viruKHZfNXmKTFiwxg6dP,https://www.youtube.com/watch?v=kWmSub-tKt0
xJ56RPJ3sA-c-s0rhbPsL,https://www.youtube.com/watch?v=H1Zwm3RdmjA
DUdLwlW5IABBLVrCQ9NrJ,https://www.youtube.com/watch?v=eW-BAYKR6ig
_y7Oo0ojs0K8MZNtDlG57,https://www.youtube.com/watch?v=WeeQkZrxSH8
cZ1QRGyrZGNvH3pvhcczw,https://www.youtube.com/watch?v=D7V3dBPa560
PDgTavFfrg6lKxEcgjilw,https://www.youtube.com/watch?v=OyoC0v4qyn8
g1vyM-XSdA4z4mCH2XrHT,https://www.youtube.com/watch?v=-cMI-BiHhuk
twHvOj4Rikj692MPe9WKr,https://www.youtube.com/watch?v=K4j0XeBASWg
AXL1ndbTM7_demjE1pn_q,https://www.youtube.com/watch?v=h-l3gFOYLK0
u78YmQM__jq-mmfPeJGRK,https://www.youtube.com/watch?v=1ulbG0FaONA
_ABtuF6-ntA4FN40W9Aaf,https://www.youtube.com/watch?v=o4aZ-VQ6oqY
XuwImmQXjNv7iSp7Axkqw,https://www.youtube.com/watch?v=TCeKn_tQOzU
VCLh39d5uF8psdTsOcuRW,https://www.youtube.com/watch?v=9rAX-df-LkQ
ceyTWNG-hHlSo6XrGxrtQ,https://www.youtube.com/watch?v=ItJvfQE0Xtk
qv9k7uvrzH3wb1mxsFDSz,https://www.youtube.com/watch?v=EFk5l4KA5u4
QQUjsYCNSz5D6_h0LeMfO,https://www.youtube.com/watch?v=w0-qh0zW6H0
AKZInogMr5QEWeNEcy3jH,https://www.youtube.com/watch?v=rDN1ZhJOfVY
RRO2QPL3aR91GZBAReziI,https://www.youtube.com/watch?v=Gh5KDwcso4U
zqaRw-8OC-5lxbO6JTnlC,https://www.youtube.com/watch?v=8dWGx7iTJe0
0QdGPVpriC1_ec5tSj328,https://www.youtube.com/watch?v=mHAEaVIsP64
BzFJ6SjJqqz3t-Re8dV6y,https://www.youtube.com/watch?v=bLF4Pnkn7zw
7bYCpRpAHKzjm4Em36tiX,https://www.youtube.com/watch?v=lwhDxGK_u8A
R_5nu-voc3YoXAJtfkMix,https://www.youtube.com/watch?v=L8OmTzpw_X4
PbPwDMTBGbVjofA5h9eVN,https://www.youtube.com/watch?v=ZkxtjGV_viw
3lVu5d2V_2mC-KXrfYCwZ,https://www.youtube.com/watch?v=ZgqgcqyNXGE
9h6Yr8_rzuGoWrZt3kEtF,https://www.youtube.com/watch?v=iw9kerZjr3w
r6OMcaZlfRvYnJMSDkxHg,https://www.youtube.com/watch?v=7SooBXbqkUo
wVFRTNbCk8Dlpy-ZqO43W,https://www.youtube.com/watch?v=Fr2P1FenBxE
2EPCFUp5ekQLpx2VST-AP,https://www.youtube.com/watch?v=WUbk82wPMRs
WawK99m-PuytQn-j1SAUj,https://www.youtube.com/watch?v=KkbWGZmHghU
M8uYpFTP9hIm_N7wSfOHN,https://www.youtube.com/watch?v=SgSgZMEn6eM
7YxMUCr6z6NVAUhWpzmIG,https://www.youtube.com/watch?v=FciiCWMUCL0
Q2xS20KG_gRo7jVDfC2we,https://www.youtube.com/watch?v=i2kjNa674sw
hbuWvYm7clDlanvqZihj7,https://www.youtube.com/watch?v=ApVibgt8Kpw
6_v5gAOS_QytkXje8z8x_,https://www.youtube.com/watch?v=1AGOjLuQ8RM
7yyJGA3hxBXuD3ZVWuCW8,https://www.youtube.com/watch?v=eK32GiouQQ8
hM4PZdJCQL7a34-oo_7lr,https://www.youtube.com/watch?v=-F7EH-63BAQ
WXQMlvfTz3nxltBcbu0PZ,https://www.youtube.com/watch?v=07quezK2jrI
5MG2EQ38O7H9JW2errDJl,https://www.youtube.com/watch?v=C4f9TP-8LMU
_RruRHjIEhCkRBncWQ25a,https://www.youtube.com/watch?v=O-Xbx4UqUXc
4JSbDr0nL_ZLAXZODHyfB,https://www.youtube.com/watch?v=5FVWv0zvCLU
J-EWfTOm3eSms0lRbvRv1,https://www.youtube.com/watch?v=3imrmVUpNAM
UrCFQsGFsS16bPMPs_DgT,https://www.youtube.com/watch?v=nTIAvhDkeQs
1GmcQV_5ZlSfiITGyAyOa,https://www.youtube.com/watch?v=MBvyTS4xAvs
T-xjVw-BYLBQ78TGMGfaF,https://www.youtube.com/watch?v=ao8qwRXOS1c
dsozagxPO5KYsrDkwlR2t,https://www.youtube.com/watch?v=O0--ufIWHc8
rtjuf8-Kc6kzbzD_kT3zL,https://www.youtube.com/watch?v=rKZUN62N_7s
Vt7qO6ztB4su78I_6uUqY,https://www.youtube.com/watch?v=YuZpeq6FsuQ
ENcqvK7Qi_X0uyKnpNZ8s,https://www.youtube.com/watch?v=NXfAEhikS9w
JO60KSVp8dvUaZb5xuTS_,https://www.youtube.com/watch?v=EKVl2CIzAuU
xp6WC7rQ3havlwU25Ib63,https://www.youtube.com/watch?v=Yw9qysXvxsA
pnscCAD3jWEG9IQVCxjzJ,https://www.youtube.com/watch?v=kyYf6B8b4ak
K2uaL_cih-7d_iT380VZC,https://www.youtube.com/watch?v=xgChpZnk7Tc
5CC8uXHVoY5J-btROvTdr,https://www.youtube.com/watch?v=d5ebObtWj0k
-aQDF223YeAQHeYbHh65b,https://www.youtube.com/watch?v=UFMh4r584hM
fA9TGhWJ6hzuxp-uMyCG5,https://www.youtube.com/watch?v=JPjXDhhI3Ng
NOPyUcpjX3sZt0wRCrbla,https://www.youtube.com/watch?v=Hs8um_4Ngng
Ap7LbgH5jjphQik6EDWks,https://www.youtube.com/watch?v=dlE2Ce1q_6k
3UOUIzmSwmXTputCfuZdI,https://www.youtube.com/watch?v=If8NJTWm76I
MvT7sMhxcOwADyL9Ue8hv,https://www.youtube.com/watch?v=aoy9qMNtWFg
7jh7xIqlQ8AvfgMpD4uf5,https://www.youtube.com/watch?v=fW83rWJEy34
8-DvELc1djdeJcwGWQzMA,https://www.youtube.com/watch?v=bBf5Ql73QIk
Gy4-l4-34x8wn8fHdW9aa,https://www.youtube.com/watch?v=LqSoX5fP7Wo
d9YZkGhcbKlkv8_ohDTc-,https://www.youtube.com/watch?v=2bqVUTgWYwo
euQf92lPs79BVHB7-3XF0,https://www.youtube.com/watch?v=Q7v5f-wXE5Y
inwDSnlMmwDOYAXbKdQkY,https://www.youtube.com/watch?v=A3lnw6wPHY4
tkuzINv2-wQEmfS8vvFGO,https://www.youtube.com/watch?v=gtP5X2xw1z4
0vJSpuAEV9NPg1wdOsaDM,https://www.youtube.com/watch?v=3JIZFd1Ovlk
GM2LYLp1nD8YVPVvYGxTl,https://www.youtube.com/watch?v=-9MOMhscrNs
mglXjQtpQ6tYJ2ycD36S8,https://www.youtube.com/watch?v=5aCfPZwzLNA
jSMkp5qDK0Jc48icddEmb,https://www.youtube.com/watch?v=hT7Fw5UG3sw
bF4YXnpwjxz-0H0z-ypMa,https://www.youtube.com/watch?v=thc935Arvv0
mIfqypLgvxs031Y0gX1_6,https://www.youtube.com/watch?v=ugtz9wMvBbQ
C9NJzDndIstQQyAKT0tB8,https://www.youtube.com/watch?v=S_a719dPCtA
5wMBDW6oyNRnwTwEdJSxB,https://www.youtube.com/watch?v=ljO14djv5sU
eYr8vxZzyYtdJZfG1tNlp,https://www.youtube.com/watch?v=mA4iC75hokY
UJN9yLB7zxmu720KDX7vj,https://www.youtube.com/watch?v=lP3NWPGyP9c
UAk2vCGHC01SbA_b3QR2S,https://www.youtube.com/watch?v=s7vr5caQB7U
mu_aw483KuoMniVwAhYFf,https://www.youtube.com/watch?v=NrZVc7LhwRI
WiqCKcje64Ob5EYz1z97u,https://www.youtube.com/watch?v=OQtZz4XC_-Y
Z02V2ZvPbkmAbgrLTg4K0,https://www.youtube.com/watch?v=IrvImEhTLYk
OAgKnY-pgyyvvlcu-X13M,https://www.youtube.com/watch?v=eKD-5Ay_zq8
HwONj6393DuMplNITLXUv,https://www.youtube.com/watch?v=JwZEb1CWfrc
M9qymn0Yfld1V1WP3vT0l,https://www.youtube.com/watch?v=6uaz8ggMs_k
oHpwu8F2QRRTZkJEHVA_r,https://www.youtube.com/watch?v=ErJZQcny5RU
9f4C_E60YU7k4qNzdQ-_D,https://www.youtube.com/watch?v=P-KFKGTn0sA
LE0gRWni3sQuOMiD1t4qo,https://www.youtube.com/watch?v=VVIuAThU1AQ
uYUQgq4_784RSGyivENwj,https://www.youtube.com/watch?v=luYonRILBjg
frqHKU6Ce2cJljFT5Z5t7,https://www.youtube.com/watch?v=JRxhtPxLxHo
xqRjsugXj2KzcOjlWfR5f,https://www.youtube.com/watch?v=SAzZRUjq7L8
jJn-Jf1xBQIuiZ2hOzQUQ,https://www.youtube.com/watch?v=-fMJdtEdPtY
IZJ4FnOQXXYeG1KPlLRGV,https://www.youtube.com/watch?v=rU5fMB9Aqxc
tGvoDWdDhlP-uDfgkx0xi,https://www.youtube.com/watch?v=wr_Y3dhK9i4
pdb7A4tOBqBy8UFB4XauR,https://www.youtube.com/watch?v=_LWnl1bbLVo
wB6GZvqalQzluFcDNSAID,https://www.youtube.com/watch?v=iN-IpqlxxFc
cf6l98s_Dun1X7RpFKYL3,https://www.youtube.com/watch?v=lH0rYkr0GdA
LcRQdAbpqJSnwM69d3iAo,https://www.youtube.com/watch?v=5CxUU2MA8EM
XckUgw7PZBP7DQi4zTnQ2,https://www.youtube.com/watch?v=qYymRacg3Vs
pEH1CoQx2tbOCPZZaNDKi,https://www.youtube.com/watch?v=ILZ9r7fAbg4
vO-v1nPpk7RHTG5WqyI10,https://www.youtube.com/watch?v=11q9ZN0BdKI
BbIyg3dEYP-2QzPRM2PzX,https://www.youtube.com/watch?v=fF3YbFsj9Jc
vY4ezAv2Jf1LHFvdf0kma,https://www.youtube.com/watch?v=EbPOT82PULs
QkLAnPnTNsaAQ9rCSTNag,https://www.youtube.com/watch?v=hHuzBFQqlVw
WOsfDWzojVVgOg1wQsOLF,https://www.youtube.com/watch?v=eWk4u1BQ8I0
zoVwqSPKPqWkdDvqoBcwY,https://www.youtube.com/watch?v=bXyXgydUcTU
xBuHRHtubiQdmjMhYqV67,https://www.youtube.com/watch?v=VZvrOwbnD8g
8-W-vqSjiq_DV84PK3RAp,https://www.youtube.com/watch?v=prywDKhiKQ8
kNYkvngn2Q8ic2bpXXYgV,https://www.youtube.com/watch?v=S8W2lhYg10g
_JQCWs5Nr0lCLCmQyHMkg,https://www.youtube.com/watch?v=-vtNxUWAC5M
HhNvIs9ygoXruRI96O4W0,https://www.youtube.com/watch?v=z4lug2FkNHc
RkeMRNe0mLiDaUXqOw6l6,https://www.youtube.com/watch?v=8O7DkQRP0JQ
5chZfQ98RriT9lUeF6hnD,https://www.youtube.com/watch?v=UMjhjyaDSnI
rTOI24raaYBz4TKxabcVu,https://www.youtube.com/watch?v=nucSgYiL2uo
KnONDqBFrxcIaxbuqaiBH,https://www.youtube.com/watch?v=hQGJYu3hqV4
Z92yMOivW4JmNGkMguLas,https://www.youtube.com/watch?v=YxJI2gtKCnY
F9FQ4hNnYzOK33TVoVYG4,https://www.youtube.com/watch?v=TG8HwMGXvRI
TJvwGGdXH7rwnn3iDqdJJ,https://www.youtube.com/watch?v=xzOCljSJ6lk
Z0yPrJtzSh5U0iIWmzi-j,https://www.youtube.com/watch?v=nH954o6x5J4
-dcEjiM7Xcw9ZBCvhIeJU,https://www.youtube.com/watch?v=JBDXGmHXtsQ
J1URUsw13gqEhE1HrvUPx,https://www.youtube.com/watch?v=LfNqb14U5Ys
QykFc97u1IKWxdYFPUeK4,https://www.youtube.com/watch?v=yeg11WIX1bs
GN50_GZpqZXwXPSnDXqjs,https://www.youtube.com/watch?v=vjLmmVf5o6Q
JfMjhkv8PJ7qlHKTVomh0,https://www.youtube.com/watch?v=jvIRtYQ-HxY
33Y-eXWjdsu0kj7axPYo6,https://www.youtube.com/watch?v=Rn1vonuYfIQ
XPVx-nyvWzy2rDA2e0hBG,https://www.youtube.com/watch?v=oz1hTQnUV1w
Amb5eNL2tCb0_aMBTnn_2,https://www.youtube.com/watch?v=a6e6zr6zwB0
wKSOfQWvErAikmfhVxTds,https://www.youtube.com/watch?v=fzT4NXWqF7s
IuqW9Ap_7-j7ZPi-1Umvo,https://www.youtube.com/watch?v=26MA3JkC_AA
ZOcejjG8KWVHNMdrQgw9j,https://www.youtube.com/watch?v=DglVXXBPWs8
OFArSyBrWnx2IIeY2HL7Z,https://www.youtube.com/watch?v=p8Ba4wcK0bE
D6_tEkEU-zFq73ViL9hmY,https://www.youtube.com/watch?v=jB44vJjgZk8
lZIgphxHFXrI4s1t6ZE4q,https://www.youtube.com/watch?v=0Gr5R0RQzbg
f1EkahloZdqjQGmyfnTcV,https://www.youtube.com/watch?v=FXYTpHPTEwY
0wihWL5mMKqqpiuvaRImj,https://www.youtube.com/watch?v=JWu6UnmveOs
B1HqzG3AZDsIJSCpVbO6M,https://www.youtube.com/watch?v=rm0PvUarxzg
UhyLjF3-V5-p9qHxKNKf7,https://www.youtube.com/watch?v=SHqcauBDINA
N5abRboVcacNhjBco7V6o,https://www.youtube.com/watch?v=DU9M1yoVgHg
7MPhPfESsGa8J3NY0DCS6,https://www.youtube.com/watch?v=RGocV38uBcc
7GvBODv8xt3HsPQdzQY9K,https://www.youtube.com/watch?v=CHSGULcvFxM
kIaO8X-2PmY-nAY63ptxq,https://www.youtube.com/watch?v=BAY7eZkF-D4
t25KUE1fARYTjByQzfu47,https://www.youtube.com/watch?v=mRZlQo8G1LA
MA3d5VxqXQ6gRp3BWNGss,https://www.youtube.com/watch?v=Q-YlUGWq6dA
Gpd0IkD-BQxn2bM7ewFMR,https://www.youtube.com/watch?v=kh0pBdqITKk
3Mj0NNAp4dtDBjA3Dqq9C,https://www.youtube.com/watch?v=Yy93Dxp-Pi4
NMUvCo602nSF39ZmqdBXw,https://www.youtube.com/watch?v=tFyzo5aI5IA
GwSpXDxcbAQudUhEYlEpQ,https://www.youtube.com/watch?v=7LxEl-qDm_A
FwDuGjYwm9zarju-_TOd8,https://www.youtube.com/watch?v=XjHYdQ6GdEo
qF1ynrg_s1uTFPrKm6f23,https://www.youtube.com/watch?v=Mab6ymoqneA
oVs6hAsFQz8x91tUOF7xH,https://www.youtube.com/watch?v=i2NN8QcwvdQ
P0QqhrWXTP9QVTqoCuB8E,https://www.youtube.com/watch?v=zWdRHqFeAcU
ReX0wt5FN1RfP8tnaSWte,https://www.youtube.com/watch?v=v_KFs7TIlK8
E25oajoVvDewBwpUTEyQ4,https://www.youtube.com/watch?v=PWceOPB4Yo8
UQsjgxTrPaWywhu3YytMx,https://www.youtube.com/watch?v=G8tNO0kufTQ
X3AngNa8vVcp_AVcTAX8n,https://www.youtube.com/watch?v=RiFtYCBdZI4
2xjJnoV6kxputUwBuEyz9,https://www.youtube.com/watch?v=-vK-Yd8pdbk
frfD2o2DFyzsloCJCxSkr,https://www.youtube.com/watch?v=EGTnPDJU6J0
pqAVA2gJl9yETpukMWqbc,https://www.youtube.com/watch?v=OIU-x20OAj4
-hZ3tBMclgHWc8kArqjeL,https://www.youtube.com/watch?v=RUllkJ2yYK8
zDL36Sn5yiOoynIVaNC1G,https://www.youtube.com/watch?v=nu5WjS2kGlg
1Lq9f4TkYc4b15rZCCogO,https://www.youtube.com/watch?v=PJqQYTGIZgg
pXdNt4x0P7FjHZpB2V-8J,https://www.youtube.com/watch?v=cwxgefBHvxQ
sx1g65qExy16kuho9P4yF,https://www.youtube.com/watch?v=eNTgJjCjIlA
AE5qaoiep0wufL6KhYIBr,https://www.youtube.com/watch?v=Ue19itFrpmc
_MouPNE7BkPcJy0yVLTUT,https://www.youtube.com/watch?v=YiXih7ynheQ
CpCk1azCUjhP024Qu9zD4,https://www.youtube.com/watch?v=qSaGe_gzTP8
W-umRxgMk9VkgBawMEk14,https://www.youtube.com/watch?v=AYJHAX6z1Xc
R31Kclj6ha-KcAhRB-_NU,https://www.youtube.com/watch?v=fKWTmowo-gU
m92jrQZr2PIRzD78mUOcC,https://www.youtube.com/watch?v=4bOcWk0-Aw0
prIfIAK_jYynvuDquEZNR,https://www.youtube.com/watch?v=LA8H1AI81b0
clHZyYdIJHCdhFvMo_8zL,https://www.youtube.com/watch?v=8shtmfOWwTw
TvxrN-2kXeliMpiVRKVuF,https://www.youtube.com/watch?v=VtxgsPwCSqA
gTfRoilgxcDDNYdclSXfS,https://www.youtube.com/watch?v=fFVwWsrMHzI
07Z8GFf21vVc1byaYr4ld,https://www.youtube.com/watch?v=2d85MzdVZmA
7QoNho6424orC2-tvxEjO,https://www.youtube.com/watch?v=ytZQw4wILKU
gZcgrLmqCQrItBqEqUZDI,https://www.youtube.com/watch?v=kWzCl2dcXKk
a3NbZO_a7utNxB0EwZCGD,https://www.youtube.com/watch?v=f3-8G1QHIss
5b4OyYGgfcoimOBMIbXbB,https://www.youtube.com/watch?v=jv-8MaamPEc
H_6W5CNFxVrBfrY2x3vR9,https://www.youtube.com/watch?v=-0Zih3_FzGk
0Hu6vCCDmfPTFIKBPTq0F,https://www.youtube.com/watch?v=QZcMVWyVhJw
UCYemnv20WnbvZ1O1NV1x,https://www.youtube.com/watch?v=ay7cISW_Ljo
vQlQnn5MnzjCtwBGJTqAM,https://www.youtube.com/watch?v=juQirYYh1No
EVJQdow2Vq513kHB9mRkX,https://www.youtube.com/watch?v=OnK2NzRqmQ4
Aqr-ajm-qziw74UPR7of0,https://www.youtube.com/watch?v=RbEklnBuuw8
q6wS4Jt84vU2-jNvI-rBm,https://www.youtube.com/watch?v=Gf0iWj_Fags
reU83kd2PnPK06khw-xZR,https://www.youtube.com/watch?v=JmbEp_w-oLQ
w94q5SNHW0q6tWja8CsaR,https://www.youtube.com/watch?v=OUfXc3bnoQw
cnlVPVr6aAfAyUVatmnmz,https://www.youtube.com/watch?v=ZALh1Z7ZKHU
eNsiINhi1xi9aBu2R6cxI,https://www.youtube.com/watch?v=dsj2EYht-HQ
PL2MC62EvNNaWy_1Jy7Pd,https://www.youtube.com/watch?v=0DdIe_fGyQg
aZ_xtw888hvjikcb2remM,https://www.youtube.com/watch?v=Z9SmAHyBarA
Fej0TRb7g9EVuuYG-BV9R,https://www.youtube.com/watch?v=3J6LRDJy9n8
5YszksIPFG9KaKCi01zEL,https://www.youtube.com/watch?v=X5tEEbc1ye0
e59PjLf3k_sP3gENSLexu,https://www.youtube.com/watch?v=0WqwuYNxJtE
ZQpc50IM3QLiKlpTkZyq1,https://www.youtube.com/watch?v=P5e8hVZVSFY
2Lt95fZWVrmDlSzEcd2ry,https://www.youtube.com/watch?v=qx78-OxPLlg
5olbVLrSEErMp3qC6GCYo,https://www.youtube.com/watch?v=cIIVi5iy0Kk
SXOFgLG6MRxVzek0dpkHp,https://www.youtube.com/watch?v=X7Mb9Q2ahqs
X-ymY-YS0EFTSYB37QkGV,https://www.youtube.com/watch?v=Wbe4mp9NV74
uMjeFHWqQMkuJeNBrZ6Sm,https://www.youtube.com/watch?v=bD-nC3bjN5Q
XLWkSmuqHUW9OpeWinJev,https://www.youtube.com/watch?v=8SWw-wtewv0
LJ6gbik3z-gd2Bb8Yjg0U,https://www.youtube.com/watch?v=cpvg8e-HgXw
Vg0vb5hhrLUnIKNA1fTDy,https://www.youtube.com/watch?v=_2W6PgVGkhI
L1wj2-O6tLDlfAHzfU63E,https://www.youtube.com/watch?v=aIUMWioaTFA
-JXcnruVRYSR6mxVFc5-B,https://www.youtube.com/watch?v=ipC4XqPsDcs
p3r_BbhfID5Ubc1mU6DeJ,https://www.youtube.com/watch?v=FnLwjn3lFac
6LC_j0bGWwcClAe4NOMKo,https://www.youtube.com/watch?v=OxwkPQDYS14
A0KuEp7STg1EdKffdFCSl,https://www.youtube.com/watch?v=0NI9U090Y50
dFq_jPdU-xhRpMzz2htEd,https://www.youtube.com/watch?v=ttnjoK8H0qU
_Fk4KkSmkIbvP_CU6Xxun,https://www.youtube.com/watch?v=PY4kXSleeqw
jlD_tQuYS84FBMtbwpRcv,https://www.youtube.com/watch?v=jzpqUy6EHtM
j4P5HDZkRDxUH0-CHs1Mm,https://www.youtube.com/watch?v=01ZTIYF_KHA
eM_lhTGSnUYAv-XYPvgYt,https://www.youtube.com/watch?v=zPzlb4B2Xu8
5Vojl7Z5NdZKB9_bltOuX,https://www.youtube.com/watch?v=tlZoRSRAOP0
2o_7UuIh1M8G-U2aEH4iQ,https://www.youtube.com/watch?v=B2--XB1zGFY
_UQsm7ufaKaoap5Zinceb,https://www.youtube.com/watch?v=aEe3e9uTnvw
3LteEy_GM-vtfqItnD1zJ,https://www.youtube.com/watch?v=onRCeohaDok
XID8AnwZNZD2egD8lSedM,https://www.youtube.com/watch?v=P72ZtxNC8I4
guxGsQRtdhxfeR3sMjINu,https://www.youtube.com/watch?v=K6xQoetRyf4
cLfPG2bPP0732F6AzPnRF,https://www.youtube.com/watch?v=QSidJ7e4Ugo
hd3IGKJHdbxYvtbOItBwt,https://www.youtube.com/watch?v=wGjGks8UQHw
e5H9njak7ymD8P0TvUqxI,https://www.youtube.com/watch?v=MB7VgP6NNTc
jTYKkJ_SCm8atmUy7vMgp,https://www.youtube.com/watch?v=nLYMPZyZcgw
UobVL67TPooXU9-8mogHo,https://www.youtube.com/watch?v=KJYBVAHmU7c
-yCaioZf_6oc02o7LdO7F,https://www.youtube.com/watch?v=YzaFEwAItD8
_cmQ3H3pwQ07Pe5LHLXiT,https://www.youtube.com/watch?v=gys5WE4o1CY
-sqgcrC1EAvdCpjIG-wE8,https://www.youtube.com/watch?v=DlQrRkl7juw
LhMxsV0FjRQzxclTaem0u,https://www.youtube.com/watch?v=SjDjdYN6kGg
dyEYuIjb0xUR96Pi24qdK,https://www.youtube.com/watch?v=p6wfn2lGQNM
HWkNYeWJoqMKdsS-oyJRE,https://www.youtube.com/watch?v=6RrlDmXAuns
s8hF5JugyP80FYuR43MNq,https://www.youtube.com/watch?v=BF8E0oilvtA
jJEmNOaVkQhd1ggSCLvvc,https://www.youtube.com/watch?v=375QrjNIFS4
dTwUrqtx59g9o-xMZjZBc,https://www.youtube.com/watch?v=uKoYJcUFroc
lcH4AT3S_gdU6AzARlrGc,https://www.youtube.com/watch?v=5uTkdM7InNg
kLLawwb2ffs4XaxRjmyq-,https://www.youtube.com/watch?v=5C9GnzA41nI
1FKOA-kLfe0NhUN4m4D08,https://www.youtube.com/watch?v=pxqFXzBkDOo
Q7m6XHylUAGi2l5Zp0ahE,https://www.youtube.com/watch?v=ms5YaEMJQwQ
ue5ctMkPxiGe3fwHNug_A,https://www.youtube.com/watch?v=NmrnvYLeoWE
5ZOx2Ap0jI-Fg2Nkjtfld,https://www.youtube.com/watch?v=9qJG7vBBp2U
4KwNdLOsFJWdW1NaITknL,https://www.youtube.com/watch?v=EME0m8NMyrs
3feoDeHMWF48nGHe-U3wR,https://www.youtube.com/watch?v=gSgJoXuw1OE
SWcIRkwY4mSKDsNk9LSxF,https://www.youtube.com/watch?v=urGFhF8kHVA
y3UJq5ayiIxKRr59afSLK,https://www.youtube.com/watch?v=fZjjh5mXHVE
HqXdnmUKBLZAOBCDTlY2l,https://www.youtube.com/watch?v=uBOhQjoEWc0
pUxDwLcMFU24aQG2CpBZs,https://www.youtube.com/watch?v=xhzroFdmV88
nWaScpy1zSXNYC04GxL7n,https://www.youtube.com/watch?v=ZG6Tjmkullk
fHPkn6B9CrtU_cPM1SclQ,https://www.youtube.com/watch?v=7y0789hirD8
O5IrABFWf4WtPxOy58XxA,https://www.youtube.com/watch?v=gZqdsXEFswc
uAeMhgm-TN2a0qfg2WQBh,https://www.youtube.com/watch?v=TmGTV5_5GH4
DzSxKhQeux5LKGPkCd9yM,https://www.youtube.com/watch?v=wqQD3Jb1n00
gC5fu4lYzD_aCDDSrisz1,https://www.youtube.com/watch?v=pSz4y8-g0Ss
zGHf87EIrz_jtDVniKyKS,https://www.youtube.com/watch?v=OthkZcB4RMk
GW2757n-8yAYVcczEhtWi,https://www.youtube.com/watch?v=mMhhccUWkYk
AHUhHxoUztd7_Kc2jnVSb,https://www.youtube.com/watch?v=O-eMZPBZMJc
SaOjYCIWatTYh8mWuRFF5,https://www.youtube.com/watch?v=5OdWOwdE1r0
u1vu_jEBhTNRQdw_pYJqo,https://www.youtube.com/watch?v=jGgz-32Qt04
YyrBMQkk2J41n-tnVZtFY,https://www.youtube.com/watch?v=6GUEWy81C58
esZ5igVRoA6KP3kUlFsIo,https://www.youtube.com/watch?v=lrYBv7SQS7E
3NByuO9w3WUkG_AL7zI3k,https://www.youtube.com/watch?v=vwgEKzcLBkw
TqSznQRMThBMWg0byZzxr,https://www.youtube.com/watch?v=Lag9_Zfj1T0
diuF-nMR07Yg5LJ13vpNj,https://www.youtube.com/watch?v=MlWZD5Fn0A4
GwhYIcrN_Ug3XKWm07Eqo,https://www.youtube.com/watch?v=pON1DCWELcI
HvSZvyvFdOPkE-mEOyNPd,https://www.youtube.com/watch?v=XZIECUgtDAQ
f1U86Xr_qfKF8E9c7uFN2,https://www.youtube.com/watch?v=9H8iuir_axk
xFL1Zm-KdnaEYl8h4gdn6,https://www.youtube.com/watch?v=0Bn3A4IuMSk
Su2jCNhcoLfyL0IS9s_Ud,https://www.youtube.com/watch?v=HLOcF8opEBY
F9YyHGgArVYCDHnUE-ql9,https://www.youtube.com/watch?v=pQ5TcX0dJ0s
B2BDXBokI3vW6fs2qHmFq,https://www.youtube.com/watch?v=ewVBx2mgdKM
9WmF6a2ATYjgH0eaXohkC,https://www.youtube.com/watch?v=X-_zX4Ln7Rg
Kky4NxH1dpVnVT3k6h4y7,https://www.youtube.com/watch?v=GSTnj1EDJTU
Getrr8HUBQEH_-sRsZfwW,https://www.youtube.com/watch?v=H2k4oDytj8Y
DGcOs1jhu7GWXMHfBE0Dk,https://www.youtube.com/watch?v=tutsuyEhOmA
l4G1njyqM9ySIzCgXqBr2,https://www.youtube.com/watch?v=9keErZOjoAo
MIz3zEVEFWxToRnJHSHqO,https://www.youtube.com/watch?v=zf4rsp08tyM
RVDvXrBtqfH5CgeT4j8Y8,https://www.youtube.com/watch?v=a4Zz7IL6N_4
JmiqgWhJxL9BfFkBYlBMX,https://www.youtube.com/watch?v=3AmDXqXKM6w
Gr_e_XMFgAW6SG0hA9Eg8,https://www.youtube.com/watch?v=1l7dmiaftow
TceTMwaP2lK0hanI_wEAc,https://www.youtube.com/watch?v=U0H7v1Sewog
HQC7umZLGiE2zpY27qi33,https://www.youtube.com/watch?v=A9Go8RZgzf8
9_2aBFYt0vWDnQzPo9sNN,https://www.youtube.com/watch?v=r7J-ME02Gpw
9Y0dQrpX6A7XwBU6EPrY7,https://www.youtube.com/watch?v=VDY_Nk1-Zqk
FDqAp4krzRiY49S31zoq6,https://www.youtube.com/watch?v=YEOaUbAMxgU
OBMmWGNCVI7k0fmUKDiVc,https://www.youtube.com/watch?v=w-7m5KyRM-A
AqVfTPdtOSjqXerjLcAs2,https://www.youtube.com/watch?v=GWij1mh1gsc
CMYvs3JvUSUw7zgkzfxDc,https://www.youtube.com/watch?v=g9Vh2qf_MF0
N5-qXqeSAQiaLk7bg2gQp,https://www.youtube.com/watch?v=uGzoFvgbjLg
6Yn2NBVQhqmuXcOHHhK3z,https://www.youtube.com/watch?v=H21pKLJ9BCc
AhhempGneuZPQkPcdfg2o,https://www.youtube.com/watch?v=72k3aZgJ9us
Z43Cej6VEjCyV20r106sO,https://www.youtube.com/watch?v=50t2cdBy20E
XTH4vLIVqREwZMuUmVyYI,https://www.youtube.com/watch?v=PBgLoftLcmw
5HPX73_zMZF0ildUIX6Dw,https://www.youtube.com/watch?v=em_kqfKYR3Y
j04QA9i4U9a04ZfqVRKei,https://www.youtube.com/watch?v=hsJ6Fim_Zmc
m4_6u_WjcqXBAjmIJowVB,https://www.youtube.com/watch?v=Cst_gcXLEcQ
iAsGD67RRC_nNqp0bf_yj,https://www.youtube.com/watch?v=P6oPIv7ipyM
-Ld6ovUWZwneMEhX2-f3k,https://www.youtube.com/watch?v=H8jqFyYETQc
VKC9cBwGLKIRwiHliUh_4,https://www.youtube.com/watch?v=oBbgvjiku9w
rp9X9CGQS-0z4adq89BLO,https://www.youtube.com/watch?v=Tbctb3Urykg
gXVW-kODVnsbsYjun1QSG,https://www.youtube.com/watch?v=CHouOXX3yLk
kVWCZa0T8Pdp-JAVNC3_q,https://www.youtube.com/watch?v=3kn4sWWMNm8
6VhLq9-tJZGKzt47VuZjL,https://www.youtube.com/watch?v=Vzu9_WcPbq4
gezsyhaEa58K5j_xvJR4a,https://www.youtube.com/watch?v=TuytueQy8Xc
D3Gct97XuP-kRoukYL92g,https://www.youtube.com/watch?v=P9aJQ_pMJhc
iqBsULlm3r6UUXQMeGjxz,https://www.youtube.com/watch?v=dCWeztmvEaI
jWCVMeswTAP5rcCWP3xCB,https://www.youtube.com/watch?v=q4PFxyIbf5M
d_oBNdkm2sB3qUjC98x1P,https://www.youtube.com/watch?v=uWPMEeLmLXQ
3ZuP0nUvUtbcyq8YsJQmY,https://www.youtube.com/watch?v=ldWQj1WI6N4
k1EQvU0H0aNAhuqk6FPCe,https://www.youtube.com/watch?v=W1Uk0Bam5wM
jzu26Jg5vf0yPvpe51x2g,https://www.youtube.com/watch?v=4EAjLA_W3mk
aOhZFFm0zfJ4uNe9orEm_,https://www.youtube.com/watch?v=uQwIU9I1b_I
rEYGWdmYOO8gBH6w5DajC,https://www.youtube.com/watch?v=mVrByyc_IOQ
RNezimr9365YTfeLruqj4,https://www.youtube.com/watch?v=8VwOJP4Kx-E
3rS9u_w3z_386crwKtotU,https://www.youtube.com/watch?v=VinO187BhSI
jCS-U0nM2JuVQJpat2K2d,https://www.youtube.com/watch?v=GvVkv5g23IQ
PQfPZcEBBCE-EC8UuBpbA,https://www.youtube.com/watch?v=8AkMUkOE5os
8rHh_T1xN8p6HdHgYFRka,https://www.youtube.com/watch?v=CY49MDZHp6U
gA_m8IWXKy3s5jGJ_kb9i,https://www.youtube.com/watch?v=1yXo_nEql74
zh4kS26Y2Kp1gd9uScMz0,https://www.youtube.com/watch?v=OdX_GUGu7YM
huATRTGrCSFhHRPiWdZoS,https://www.youtube.com/watch?v=3520T4qVl3w
1X2hbr2VYTln_ADuXvJmy,https://www.youtube.com/watch?v=uAsFpapm_yk
JUPFjG-gn93FTcu8IM_QY,https://www.youtube.com/watch?v=ngsCdwZ-BNg
m3b0f3eG7m8c6xByiUAbO,https://www.youtube.com/watch?v=3uONAS67NUU
0hXQezWo4YAcbeI0_Uida,https://www.youtube.com/watch?v=h17TrNo5bms
dH6h3duTHJVgmsiGZ-ils,https://www.youtube.com/watch?v=enGHUc5cAbM
NRHkOf4HYPdSUDB53TRwO,https://www.youtube.com/watch?v=p5lwZzwccm4
a--W_eeEH0Avlk2WMiYkb,https://www.youtube.com/watch?v=ziR3KTTgFmo
e2Dz-N4kEu3DF157ZopIQ,https://www.youtube.com/watch?v=SHufMw01PWs
S9pegPizQdIDBCVwxE8Ox,https://www.youtube.com/watch?v=ztEx_Ue0pJc
VSmdIAX95DuZoPUN8r_PX,https://www.youtube.com/watch?v=QOUtnP-L2ls
FfAI7uCzJFdYMkBnGp0UW,https://www.youtube.com/watch?v=BgybIJnjB7w
P__cPALX9GuS-tvr5Wuck,https://www.youtube.com/watch?v=iZQ4lUcjusU
caW3V5uPkfGZpWdcCA-PQ,https://www.youtube.com/watch?v=ndQGCb44kjE
TytLzQpTHsWOU21xnKHmS,https://www.youtube.com/watch?v=F-jvtTnyTUY
mJmD92CaLEzc4o_CkO7nS,https://www.youtube.com/watch?v=WpDm6PDQGx0
BfEZPGnEHdTS5UJB_GVaR,https://www.youtube.com/watch?v=T9MI79QN7sg
f-Cs7ErOpEXy45uuizILH,https://www.youtube.com/watch?v=NiIlgavxQlQ
32QUQZsF--YIJIxyQXA-B,https://www.youtube.com/watch?v=A3CRpmtgpZc
u8wHXYhCtJz0snnicyVBW,https://www.youtube.com/watch?v=Q-SQ5AJWSOg
3gCsxVuWKfa0Z_PrbhQb-,https://www.youtube.com/watch?v=_MKREP_gDHw
FHb8SVXbGKVzTeobMrtPe,https://www.youtube.com/watch?v=cbmQQTnrN1Y
dcak4v0AtiSLkj4ejSQlJ,https://www.youtube.com/watch?v=sKDbpqwGdZI
eLv48JFD9R-LNEbvHKUgd,https://www.youtube.com/watch?v=Vh3puL-1E4Y
yxZIAS8-N516Oy5sFlND5,https://www.youtube.com/watch?v=fdwZpRBW9yA
ftblSkl4_AHWDEooT1VNR,https://www.youtube.com/watch?v=6JnDvBAIvBU
5Tr9umQxwnxiBO-JtkGw-,https://www.youtube.com/watch?v=mr8zOGzEIyw
zjqH9DEkcIcpoG_6ehem0,https://www.youtube.com/watch?v=2nLC9jztH3I
8VZOznIKAzxXiEuTakIN8,https://www.youtube.com/watch?v=GORlYHKY4s0
cV2nMklF6CsNvTOM1gR-M,https://www.youtube.com/watch?v=rZ4h74WeaAI
KadlDPRlQa1s9tyqTzAl8,https://www.youtube.com/watch?v=T_Fw6MzJr8k
1iHEttpRHDdurI62EFo_k,https://www.youtube.com/watch?v=wyHSXEsF66o
W1GG3cJvLerQY0kn0FsAN,https://www.youtube.com/watch?v=33Icy5Q6PO8
d9ru7s8zHEJCOsWhtGvO6,https://www.youtube.com/watch?v=MqXkIDwLhVA
-Pg3LHeZ8wK12Zq93P1X4,https://www.youtube.com/watch?v=r_YpY6GhNm4
PvhI7kKsuYDuGf42TRyYx,https://www.youtube.com/watch?v=uqrCXltiWKQ
Emp66oW98upeUFsgs6OoS,https://www.youtube.com/watch?v=iJwnt9qdicE
lTtpxyiywk1a5zbUFzuAf,https://www.youtube.com/watch?v=4co90K-dgR4
JngxfDnHlAZ2giiRm-Vcs,https://www.youtube.com/watch?v=l-PVlgOCm90
-bbGk15KYkx0lMEzrb-J-,https://www.youtube.com/watch?v=zDmEf4dLhdc
_D20Nnoc3PcN2yXTEHKA6,https://www.youtube.com/watch?v=Q9QSdr3PgT8
Cs54F04YrfClStSOcqeAS,https://www.youtube.com/watch?v=vehI7PxsvAY
S4lZ0n37zKekvdlxg0e2J,https://www.youtube.com/watch?v=mmk4eBw9CHw
tAicUgkd_RoQbvO77MFrD,https://www.youtube.com/watch?v=MgmwO4cHB2A
k-6a7unZkblpX0v8QS5QN,https://www.youtube.com/watch?v=_JNzqGsEeFk
m4NmoXqX9OpGOGTOzV7rR,https://www.youtube.com/watch?v=98jVUQ_dXPo
M-on6iTGDpHzYyM_WOaU0,https://www.youtube.com/watch?v=sz_yeD3yvlk
3UVJ9pU0_PAk2du5jt3vq,https://www.youtube.com/watch?v=Z2qvU8C1tgI
SKz2z6gngX-97PyIb2ot7,https://www.youtube.com/watch?v=771zw6IFEeA
D58VeGIW1U6cDt-58gcEo,https://www.youtube.com/watch?v=TsITQxMXnuc
upcWhyGqecGmR8AKdNGrz,https://www.youtube.com/watch?v=RK7rcHKTh54
nOoNjJtPhNohJLFolfhPz,https://www.youtube.com/watch?v=MeF4EA9J4n8
U3RiR9_WC2sWWYkSnmVIy,https://www.youtube.com/watch?v=oF4iAJ0sYS0
3IeFqPFk-IHMo2xo-MAxA,https://www.youtube.com/watch?v=vCEOxjYGekA
_163jmtVbiY_J5Ie4IDIt,https://www.youtube.com/watch?v=GoSE47CamYo
GZvyHzGwAadUmTWTGXXCe,https://www.youtube.com/watch?v=a4sYhDElrrs
OYnuGv8YOrHNlFAq_rZra,https://www.youtube.com/watch?v=kFCtv1dGFM0
lFNwE7p5uXXcX6gTQGdJc,https://www.youtube.com/watch?v=516MAYHrnfo
bVTz_a7i_y3QaNlTaQDUT,https://www.youtube.com/watch?v=_jWP47dhUj4
oHy2x20cfM1qDV8b1CYxZ,https://www.youtube.com/watch?v=fvQFcxX7fG8
XJQziMvK-_LgYFaAlSxWZ,https://www.youtube.com/watch?v=xwO5YVjMVQw
HC0rth5TC_f8rpxCMgB7u,https://www.youtube.com/watch?v=0RoENZRLQYI
g3bZeDWVRDPZ_KmiISS7a,https://www.youtube.com/watch?v=LijGCOGhpvM
INigRI-4clDmP4s5abKJ5,https://www.youtube.com/watch?v=QSoPWsaid9g
P6VB1_Y5AeAtQE_1so1Md,https://www.youtube.com/watch?v=rPT5xJwL0uU
XEE3nwhCzEFGV9nYdlIwh,https://www.youtube.com/watch?v=F8ytQU3_hKg
Hio5e8ZcXrCOsKwCmMZEq,https://www.youtube.com/watch?v=F0z2SN-GRKk
aYQleSeYYEe4DgacDlekV,https://www.youtube.com/watch?v=xSrwvjMdKeU
gqwEUFYNn_CE77yVD2r8d,https://www.youtube.com/watch?v=j4MDv_Mpbbw
R-d864nZXtaB9E-sFaHxl,https://www.youtube.com/watch?v=AtVkuD8wrdM
kz53HdN2a6_Lv4uVr5aFN,https://www.youtube.com/watch?v=mwDYdretmhA
OrkFirpsnjA-aRD0cJFdR,https://www.youtube.com/watch?v=0UgHK2yeZ2Y
KoJYFzizWnrodlQRbdwuk,https://www.youtube.com/watch?v=5dnS3euG70Y
ThdhGD2_FNmJA5Tfs4Q9M,https://www.youtube.com/watch?v=Tdk9vHYICSw
Kv-14K-OXyLSfXnaP3TaO,https://www.youtube.com/watch?v=3WVBKyDg42I
VdwPSat8GlWLWCteuLnpJ,https://www.youtube.com/watch?v=DqYfLgQ59wI
oLNCsodb-rE-CSdIcYmnX,https://www.youtube.com/watch?v=1T0AnpvrHik
ZAuuW52bfGTsdcPLVF2NA,https://www.youtube.com/watch?v=mIfdSvRhM-g
gogHCOF7SlgTlSv6gS7xs,https://www.youtube.com/watch?v=nkCZRJd7Xi8
SnPhY9-V06pDhiwDpO-QC,https://www.youtube.com/watch?v=zmhQH36ksVc
lS7u6Ea-Dp1SnMeqGM59u,https://www.youtube.com/watch?v=dh0jtH0b_fk
TCt1D9B6Sh9ngfCp2mNxp,https://www.youtube.com/watch?v=E0h21apuYhY
4SiCvhC8C-nHt2AGHF5Mv,https://www.youtube.com/watch?v=Gi64LAwbw_I
J43pfIkuUopVZtyKB8evn,https://www.youtube.com/watch?v=NsrU6EkpbCw
r6sq8pVl0-E50VNIPVFJt,https://www.youtube.com/watch?v=vh6AsZNeRFU
44bzDpYa8WAIUOJoNPoC5,https://www.youtube.com/watch?v=nyai7UoHl-8
x36QFP65dnZZR-uZCO2co,https://www.youtube.com/watch?v=AiCYo1z-J-A
T3n5SxhJKMX5U1RYKAg0m,https://www.youtube.com/watch?v=N_-WSkFZppg
bYRbCtvcFL78BjjAqA7Eg,https://www.youtube.com/watch?v=g8vcs2sZceI
LGIxnfUtQSKkMujknJ7-T,https://www.youtube.com/watch?v=dvHZId63Gec
xh_CtoFpqz-bBkGh-unCB,https://www.youtube.com/watch?v=HxDnQOyuXmk
Wg3-NyR_Zx7K1zCurvSxP,https://www.youtube.com/watch?v=S9v1194MDMY
cQu8NW2sFNSFYzFiOtrIn,https://www.youtube.com/watch?v=iftgP6gDK8Y
AP1w4k8ODpft40-MIP5cw,https://www.youtube.com/watch?v=1Zgfn3awJvE
bsRepR0EKWZZprvBysKj5,https://www.youtube.com/watch?v=rVrjIpEr0Zg
InV3Ul3CCZWqpv77TgNxp,https://www.youtube.com/watch?v=_IT35wWrp70
3hTc2w2p55RLoGmwAtQ6R,https://www.youtube.com/watch?v=apLRgz9nSFU
Tg-roy6WzS66MqgyOuvpZ,https://www.youtube.com/watch?v=R52yLfrcDQQ
9N1JLvSlmjkYTc0Q0rg76,https://www.youtube.com/watch?v=I0OAs0jgL-g
XDQyhc0eUDiRlZEHLPmoG,https://www.youtube.com/watch?v=OA9IevJ43mI
WTScOWfeW4laNK-W2hZvN,https://www.youtube.com/watch?v=_7FOUIEytlg
tY5UeuEMDmynA7XTva0m4,https://www.youtube.com/watch?v=72kilWohzbI
0PxQj28dhMOuqY9AWmXMv,https://www.youtube.com/watch?v=XxIMBFFYVHI
y5Evn3ZZuzvUjVIQhTYGY,https://www.youtube.com/watch?v=VVa-ELVpAPY
BO9B7CszXfPL4lOzsNwJf,https://www.youtube.com/watch?v=uAl6d6LV6zk
YFRzTPrAY8u9To_MFwwec,https://www.youtube.com/watch?v=YvJWZtdnGjc
WewVVSzZ5h2i6x9gEU87m,https://www.youtube.com/watch?v=3urteejtDik
pYpmnoVHaS9DAjKSu6iDi,https://www.youtube.com/watch?v=8WjqWKOk9VQ
oYuybBGGojU4N2KAt18y4,https://www.youtube.com/watch?v=Sc2hpskVupU
mVG2HQ9EDd01LBU1983JV,https://www.youtube.com/watch?v=9N636IYaQfk
ed0_ZcLP2FeHmMEcyDqCx,https://www.youtube.com/watch?v=hEYASEpms48
EVye4jAQjkNn2vwzmM1We,https://www.youtube.com/watch?v=e94g18x6Ats
zNtL-z0CaIvkl7GpI7YYN,https://www.youtube.com/watch?v=Fecsccrc4fM
7Lk-N3oKffrvY6H1ISNu-,https://www.youtube.com/watch?v=Q2-Iz9TiMkw
xwM2wfz-qZDiAuQppHrGt,https://www.youtube.com/watch?v=1bXfNQWW_6g
Sf32KB_3fXcLdtv85VjGY,https://www.youtube.com/watch?v=sHPSm7BlNNs
K7CYnNOhMFsKbMsmJsxgM,https://www.youtube.com/watch?v=TIqXdiRKR5s
im2UPtOsqCPr8PKviBG22,https://www.youtube.com/watch?v=bE0YxqBR__s
oJQr-oJ45f5a-z-rio3j0,https://www.youtube.com/watch?v=99Supxp-0iU
yazHU_TMJiMorChc3umq3,https://www.youtube.com/watch?v=ArTOZOEaODY
12hdg9HlQucrw0gH1pFCJ,https://www.youtube.com/watch?v=x3qwEKOmixQ
CLvi1F8zV2iIDaxxWH6mU,https://www.youtube.com/watch?v=IO-8HAcP8xw
0TXGhyr3jGtveaFG274yO,https://www.youtube.com/watch?v=jOmHmt3z0eY
oFP8qKZ8zsXP1gcv8NS2M,https://www.youtube.com/watch?v=sn-f1-c-kOs
SvHqBb3BgIZTybx83Xi59,https://www.youtube.com/watch?v=fkMvwbmVjtY
Uq0jMs7bp7yaWb5WwmsGA,https://www.youtube.com/watch?v=fa53q-rbLvk
390N_VCq2osDg9G2EEbwj,https://www.youtube.com/watch?v=vTnCfjBufmM
IlVulj2d6Bv7PnOs73h0F,https://www.youtube.com/watch?v=BPzAXq4DmD4
aRjvyDzTKfz_t-CKOqSdJ,https://www.youtube.com/watch?v=f5AS9NqAaqM
BXT9fHShn2hRWSN9FnZ3n,https://www.youtube.com/watch?v=A0fjB7MGtNQ
0Hd42F-fcSGYgz6RhHq8B,https://www.youtube.com/watch?v=ZN5OPOOPwQg
xsYEaYoVFb8i3R9XWcGLh,https://www.youtube.com/watch?v=KDp30trTGgY
MPymk3g7-wKCfk9_Ouqsu,https://www.youtube.com/watch?v=pB-fLNs1m9o
Bc9a6ZeWXb5TfBxGjyWgn,https://www.youtube.com/watch?v=S_AEueMLG5E
6rJq1xDGnWHjsVkVshnyG,https://www.youtube.com/watch?v=vuKe6f-lc90
4_AZRprrxxXINs8k2PYEs,https://www.youtube.com/watch?v=-WEk9dvhui8
a8VdbBr6dlexp-FcmIH_-,https://www.youtube.com/watch?v=UHn3RVM4SiU
RbUwyBiUjoZroMO9tGl42,https://www.youtube.com/watch?v=kEb9cYE69fQ
AQh6OgrUxQWj33duOTJQX,https://www.youtube.com/watch?v=EG_hxPP0obs
z72Ps-IU0hHZi0wyJEdb5,https://www.youtube.com/watch?v=B22DVrR7bJ8
oFQ-EHUnBfNNcFhtprvg2,https://www.youtube.com/watch?v=B4wTeRl_PUM
szS2dqytI02hrtiGR9M-A,https://www.youtube.com/watch?v=1g3BjpWiq8c
MFpvucmu5yI8JeE_0e6Y1,https://www.youtube.com/watch?v=M4EW4Z8LoGY
qxVUZSMAM3nPxXu-poEgG,https://www.youtube.com/watch?v=XBtlE9FkxX8
9fZ8iO4sYoJiEBLznUK55,https://www.youtube.com/watch?v=S23E652WPzg
lJP-ug9xVq1c9bg9n12wS,https://www.youtube.com/watch?v=h-P0T1SkfGw
87Ld-qVMNo_SCv_AUXJHV,https://www.youtube.com/watch?v=yf-tUDbtyHM
rrLSdOa148coBgLq5AJ_P,https://www.youtube.com/watch?v=bb9E8mkyOXM
ayxi6IRqXMCviRKiIiGFQ,https://www.youtube.com/watch?v=92s5JAooU-o
fIWAuLbLYCDiFyDRyBw9u,https://www.youtube.com/watch?v=4gg8z_qoQFc
vOfOvZ36wa-vGqet6rpU0,https://www.youtube.com/watch?v=7aO2aiIwWpI
DWpisuv1kz6bfMLVJu7X1,https://www.youtube.com/watch?v=tG8TAifxIkA
Xj1YNB7y3hPfRfMNOHcxR,https://www.youtube.com/watch?v=0OlapvUiZGM
A5tRLnBi_KMaQclDFFgfx,https://www.youtube.com/watch?v=Ua_8ULC_B_Y
jgr9KK25zyry8SJkeG3x7,https://www.youtube.com/watch?v=FdBaq0lxYAI
xrCQY068D3Dl9SoCJ2BQZ,https://www.youtube.com/watch?v=x2Ycg5EmWSU
1kEQRNRSIx4UlofFKWDA3,https://www.youtube.com/watch?v=bLVyudsSGrQ
JAA2LYnLkxKxSc37FcCke,https://www.youtube.com/watch?v=1ZO7aVeGznM
EhFCn3MIKiLc76XbJBDjK,https://www.youtube.com/watch?v=Hc1p7gNlvjc
qF7QH1KWn0gf0oDpvSxTj,https://www.youtube.com/watch?v=3oueFT0SjGs
GXtDYxHszUxsTOTXIeWd6,https://www.youtube.com/watch?v=LfSIguMk4q4
UwpR-5ZfHwEJXFWtv1P_h,https://www.youtube.com/watch?v=aSmrRyY60Ck
NboDA76dxNL9TsDMAu_md,https://www.youtube.com/watch?v=sCZNGI0QhUI
lwG4ucDOIBBADZB68KaIN,https://www.youtube.com/watch?v=z82AH1QJIwo
jee4zkgFjm81q4EvSVZ_w,https://www.youtube.com/watch?v=9IMHoKDD8Bs
YRdSlPBrw42rrimhXrveu,https://www.youtube.com/watch?v=LPWtsKADkFo
sH5qGEZ_M-6-1HoRDGI2Z,https://www.youtube.com/watch?v=HpHV-scxy5E
LcUEby8_r74GhPkO6KWgS,https://www.youtube.com/watch?v=IFvp1RZZNJk
WLrxnj48nTcPZ4Eyp_gAr,https://www.youtube.com/watch?v=ce4-lW0FapM
xFn32oHbZarFF3H_6onEZ,https://www.youtube.com/watch?v=uLVycZzOxgo
71z1GitwJ_9IUJe6PPdp6,https://www.youtube.com/watch?v=mOO0LsjG6E4
So8mb2L6Ce-Muh_OsZQIt,https://www.youtube.com/watch?v=_G6rsarFVew
D9lPdSxMCk9KnS2VDGAqQ,https://www.youtube.com/watch?v=k_NGLhDVDBU
lSgF7irXPfC50Dmc4N9-4,https://www.youtube.com/watch?v=EZEym-0YfcU
ftsiz1CgVq9jLv3U9-35c,https://www.youtube.com/watch?v=IP3w_uBV6yw
vvaRDnlZGH37nnom7wYIo,https://www.youtube.com/watch?v=459myxko-KQ
zEUkwEmjtuQAMLt2VtUUM,https://www.youtube.com/watch?v=LnyQ5vzO4l0
RLs2VsUM9HEspY91Z0Vwd,https://www.youtube.com/watch?v=PcsTnuwwIqA
YIaPaiCTGBvNF_-WmrTaA,https://www.youtube.com/watch?v=qgsVYejQk1c
RQtsl9IRs36Wey_9-7gJS,https://www.youtube.com/watch?v=i4zAKXsPEAo
8NapFd-Gm6ocdbXv1CrFz,https://www.youtube.com/watch?v=HSckYeGWZAA
4urmyuAgDXziv4XTri06O,https://www.youtube.com/watch?v=ZQ45EOmpZUs
EKgmGo6ukd7GL_xWWgfo6,https://www.youtube.com/watch?v=g1PAM11sjP4
SmQDwT_6vomh6LuhbrqJu,https://www.youtube.com/watch?v=RbjIa-5AJtM
_C28JpfDoH8Y9JMYzv6iz,https://www.youtube.com/watch?v=jPZjJnIcBEY
G-pTJC3w7-hkHO_nWmRqR,https://www.youtube.com/watch?v=_YoEy1oWE7E
j3ywEoFJRYO1teGoQmibh,https://www.youtube.com/watch?v=K5ad8-OyEJ8
pVGpDaKn4yuCHe-ggCJEO,https://www.youtube.com/watch?v=kYYCBTrItmY
mVmM15rJ5xHZnb229XWti,https://www.youtube.com/watch?v=Ra0awCQDkT8
0taKzM9TLqDJyPV_6DXMf,https://www.youtube.com/watch?v=BkT21q5hg5c
jNy7QiUZqwOhS7WeDZ75m,https://www.youtube.com/watch?v=YAa1q_D4320
8yLAvBsc8lkdBzZDwVZHd,https://www.youtube.com/watch?v=SKXlf-tLCcg
Df-0gd2yVM1wZaKHe6r2q,https://www.youtube.com/watch?v=Tyv5YidN_iw
HOxBsGFm_91BtjEjFc25A,https://www.youtube.com/watch?v=OZJoSRjOBLo
_SvwDY1c098mnRIXZgiT4,https://www.youtube.com/watch?v=BJ26qbns4pQ
Htfjuc4TFxVbkvsB679ax,https://www.youtube.com/watch?v=CKMbGH1UzMs
5h5RCmvW2pJ0ynPu7v7sK,https://www.youtube.com/watch?v=BTpz9VjQp2A
p_aAQDZjs8TtgIEuygAHW,https://www.youtube.com/watch?v=NDairGkF4RA
S1DAC4mWkR1WLGoLK56Pz,https://www.youtube.com/watch?v=hHjrLu8mtn0
XnO8mvr4U6IEbmqc7JIj3,https://www.youtube.com/watch?v=hktJS2_1soA
RfQxjHeNOjuyxvkAHWa22,https://www.youtube.com/watch?v=EjbJ3AGRq8s
LtIL3ULYRUJRCb9TdyeUN,https://www.youtube.com/watch?v=w-QFbHgK3G8
7C7WyTiPxhSYVrNFBW40u,https://www.youtube.com/watch?v=nGc_mxzrm_0
JefQUs2y9puw9APUHBIlR,https://www.youtube.com/watch?v=qH2Mw-oXCxs
IS3ZmVLEwi71L7yC6t4po,https://www.youtube.com/watch?v=207NMrm8Rd4
RvIJW2Ev5faJFSJYru4eT,https://www.youtube.com/watch?v=hpLsMJqO8I8
QYh3PNOYW1UKuVC8-Y2C9,https://www.youtube.com/watch?v=pP3efNw5R4g
0CTU-oKgyCzrclwb2xqsT,https://www.youtube.com/watch?v=t-fJTCj6LsU
0CUFY1-2csjqF-X-GVtMi,https://www.youtube.com/watch?v=f8gUW_h5c4Q
OL8f7evcmknR84mdBxRNP,https://www.youtube.com/watch?v=vCsxIcCK-RA
G3NtvmjbnFM_B63hNQj-s,https://www.youtube.com/watch?v=gRGBRmPEoyE
J1rLL3LBzjQURKAo5QcU9,https://www.youtube.com/watch?v=O8TC7dEiPOA
iMcghSmn7C2HZ04Sru9Gt,https://www.youtube.com/watch?v=KbpxvEEPdy4
wdcn2ybwFNtZREgx-wWle,https://www.youtube.com/watch?v=BJo8GSM3ukY
eeHzho73-iiuzLXx2OkCN,https://www.youtube.com/watch?v=741tb-c-rdw
OkjaCyXl_ErH-5Njtjko0,https://www.youtube.com/watch?v=A8hw_iH1KEg
DLmx3wQtbHPa-IxlHtp7j,https://www.youtube.com/watch?v=keQFhmSRZj4
bhOwAW0IQvLwvo3TWYC0d,https://www.youtube.com/watch?v=7m0_P_9L4k0
AQcEXNVTXVlb2dJCeHLng,https://www.youtube.com/watch?v=CTlwaI-bl5U
vOIXC7SJWncAv8rEr68Yv,https://www.youtube.com/watch?v=4NxgJRdxdAw
5etmuO3M0QLxc10Tlk1K5,https://www.youtube.com/watch?v=xbVqCil3qFE
uQzFPlsKzHw3gfyS3BLH9,https://www.youtube.com/watch?v=06GFYzfjlfo
xf6dQrh9suFyQoBulrRzc,https://www.youtube.com/watch?v=PJtoQ6xzH6I
dJ6sonjVbbh3gfwSAOJBT,https://www.youtube.com/watch?v=uSaRY8Rmbxg
iqVi3JsKehDsZ0UvIGV8n,https://www.youtube.com/watch?v=Wtcgb_ykq70
f95LMhFCpuoiUROHdT6_L,https://www.youtube.com/watch?v=L6Q6cMttOq4
cFJJd_O-oAT19OCngubia,https://www.youtube.com/watch?v=ap7YS_uFRnI
boYt6ZUCYfO95kmN7dI5s,https://www.youtube.com/watch?v=_JDqwTDQduw
z6Uy6VXrTRezCVHJ13Gn2,https://www.youtube.com/watch?v=KW8lXN0diMQ
Kef_muPQ1WuHFEHLWF0pZ,https://www.youtube.com/watch?v=ChmSQAUFwvE
OXHpvW7zh0RuRbhjxaJR0,https://www.youtube.com/watch?v=iQL0VhZMEqw
--L088jnkNjknrrcZh_v3,https://www.youtube.com/watch?v=-6x3zvLQ4qA
XanMWbamyIrv2Lje5N0jZ,https://www.youtube.com/watch?v=1fMAtwAsgLY
3SHgNJyS68SMGBTBeGHlG,https://www.youtube.com/watch?v=Kfppom3aVxQ
UUTRPg_mGevl_4ZBtDiDw,https://www.youtube.com/watch?v=Qh7TwSmIeBE
48HL54Ka4kNrZszyiBW7d,https://www.youtube.com/watch?v=xj-rAXo9-Hc
0oOodRTLWPUSz25dMic-p,https://www.youtube.com/watch?v=1lqyTUB1jrs
y3TBJi00F2Yw-BU-FlLpu,https://www.youtube.com/watch?v=8nrXH-GrbME
4rwv3ywzzn2cGkS754eyv,https://www.youtube.com/watch?v=eiaJSfv2208
n2xJX10BcyTf2plQuzPJQ,https://www.youtube.com/watch?v=KuT7wUZO54Q
ka20NlI6l2hU34gmCpGBM,https://www.youtube.com/watch?v=X2mxsPz9PQ4
D5SGMsazl8HkVXTRz0DG8,https://www.youtube.com/watch?v=IQsSX1ZyZQ4
LuHz8I0_H1enaCFriWB43,https://www.youtube.com/watch?v=YOcOzhTTMzM
IlY0xgBUWNrH-SzP7JNfL,https://www.youtube.com/watch?v=NLiZP4O5yWw
j4aUuCf0v6GfVh-9xKz3g,https://www.youtube.com/watch?v=yok0fmTkdbM
aMkJ2ZwsGyXVO4SWDUq9M,https://www.youtube.com/watch?v=gPOMMLuYbEw
GaSGtWzSPElWgc3H8bCFF,https://www.youtube.com/watch?v=vsOkYjAnW_A
YM9uBgrghmp_fkqwX6NQs,https://www.youtube.com/watch?v=eJxAtO17qTs
jAW_rniffSx5ET1CvxIau,https://www.youtube.com/watch?v=EO05w0CL9Bg
UE3jEhp82CFW4qy9sRyXt,https://www.youtube.com/watch?v=LT9EOYNPMhQ
owJfyCyJE-9yVnBsZuLix,https://www.youtube.com/watch?v=UBnQnVOI8A4
E-6RM4iP7gZ9WbbG4zIcF,https://www.youtube.com/watch?v=GLRFQcohpoY
JVVcJ-2wv5mp3d14fIqm3,https://www.youtube.com/watch?v=AOxSPfiiyVY
atnAd-H_87qmy0sQxHcGh,https://www.youtube.com/watch?v=OIliIH9UYm8
tVdg2Hf5uK_FhDrmBuPzI,https://www.youtube.com/watch?v=ma6TVyn6QnI
xwkO-SbngoQqQxtFV775v,https://www.youtube.com/watch?v=gb_f0GlNOmM
zRBT0V8umn3sb6tdWvHuX,https://www.youtube.com/watch?v=1ksD77aBv4A
s8vG1mD_XCmPVC6vthvPk,https://www.youtube.com/watch?v=xDDJAk03bR4
ZCNNQr4J6geOSU74d1FxH,https://www.youtube.com/watch?v=RDcubdhqbEw
UscV-verIQGGSfAPFNO9z,https://www.youtube.com/watch?v=V5oDJiypyR0
1bnPn-RKpDoSyvDeQ0EPl,https://www.youtube.com/watch?v=3t_oGcy7g_w
lPUkp82tqLPOjSBGF2aZE,https://www.youtube.com/watch?v=DKmCG1lqH5o
wToXvRgX0S-jSbb5llI_N,https://www.youtube.com/watch?v=NJP7SQE8AB4
fXTIQBj8ZSEDhmodxb5Vd,https://www.youtube.com/watch?v=c-dngpMDQ8o
z4a8pBbxJQmfES9y14b0e,https://www.youtube.com/watch?v=sXlS4IYTp-g
aBE4I0yuiAdJGfkKml1IU,https://www.youtube.com/watch?v=TBFh573A6Ss
k43I5yV89g1_-5C2UClxh,https://www.youtube.com/watch?v=A48MeBAcFO8
RGQNqJpnnEpISin5SVLBb,https://www.youtube.com/watch?v=fQTo3IIpCXQ
rFzROg_IxE2MEDa6NDv-X,https://www.youtube.com/watch?v=EH3b0evuhJU
t5TQW-PXad0QrlKFVpjvf,https://www.youtube.com/watch?v=bcVuC68MBhU
VKL43pQ7p8xbLzk-Ay98f,https://www.youtube.com/watch?v=Oj_OQ01ib2o
Y5GmurKowta0FvOCbGYa4,https://www.youtube.com/watch?v=0y135HYR1Zs
yEG3NwNbji_jec6lkFBFR,https://www.youtube.com/watch?v=UURXsrnpVU8
arUwKXzi1hI2EutAOTr7O,https://www.youtube.com/watch?v=hJ7IL-4yaPY
n4t_-R9z7o08KLfZf6HvS,https://www.youtube.com/watch?v=M5LqmmS4OhY
nYohhf5UDwH2-9D_025N2,https://www.youtube.com/watch?v=olootRtF1eQ
_Yzz5_DUx_aa75TvGzOkf,https://www.youtube.com/watch?v=4qqHvc6fjRI
-a9F8s4PO7Yr04XoJGSPa,https://www.youtube.com/watch?v=KJO5yR47058
CW4IGE7_LEIh__9KWL4fz,https://www.youtube.com/watch?v=Mq0T-FETMpE
FEgDVo9haW1KhwvKxutcM,https://www.youtube.com/watch?v=ZzpLDeicLXU
4EIicDI4ZV4cyQKBl3wm1,https://www.youtube.com/watch?v=WdM_u_TVmmE
go_0ozWuy6uNw-VAfQvK7,https://www.youtube.com/watch?v=XQzZaehjpoU
RRh7sqDTQevw4bqb4Ihmm,https://www.youtube.com/watch?v=5fkFba79FqY
Q-Vmdp3Jf3_K_hwUlmrmR,https://www.youtube.com/watch?v=1U1taOfu5u0
-wg8-rlCaso6XnzKvyjgO,https://www.youtube.com/watch?v=wslPs21Ztaw
mbUOwFQEmHOAeVcqe1N7u,https://www.youtube.com/watch?v=OmsGIV7d1ig
9kkyNgETNQhCr3DAFW8Lm,https://www.youtube.com/watch?v=Pq3fNtat6Zo
c8lWwjNV1CeZS2piU9oqr,https://www.youtube.com/watch?v=KTIbOiaB6gY
-XAshgWmwb-i5PG4R8HJv,https://www.youtube.com/watch?v=iC5e2qObvLk
46d1QCeSBKcO2wuiW_PX3,https://www.youtube.com/watch?v=ZpIsRukc6fY
IMhofnVq7hjPdDROPtrW_,https://www.youtube.com/watch?v=VU4qS6wMJyY
dEkwBqzaMFI1ETQcuPjmr,https://www.youtube.com/watch?v=tBlXCIUJk3Q
wV1WTZPJhyu9BPTZlRf2h,https://www.youtube.com/watch?v=FmPFTsBNJsU
NkCxZzjvkVQFWyy8SQmN5,https://www.youtube.com/watch?v=uDYstHJMnqY
haaCKvqPIizfxrpAvx4Ki,https://www.youtube.com/watch?v=bJ6DbggazJA
0LzGe-3e409YnPJm25m45,https://www.youtube.com/watch?v=2tgcuirsPzk
njJAbPgWn5x3Buk9tasNx,https://www.youtube.com/watch?v=-VnIirsoWwU
fW0AwEYiVw4-HTCkw48zH,https://www.youtube.com/watch?v=PgXVW842Yew
lGZehvcv3WM6cWQ7oBp63,https://www.youtube.com/watch?v=Dstk_t53J74
ueCEaf_mX0c3SkYmjti9m,https://www.youtube.com/watch?v=Ru8hUQ9HisA
35CtkNLfpxPLTTvFHjylS,https://www.youtube.com/watch?v=ezT00WGzN78
1Wdgv_cmw0JGIKnQrHs1t,https://www.youtube.com/watch?v=gAxxYGRljG8
j7VJtcLtGIXxzOW2N8z5n,https://www.youtube.com/watch?v=SIk1OKw3hHY
x28EUqX-q7gK2LBBSiTa4,https://www.youtube.com/watch?v=79A6TCb53AE
flUSn4iFjwzLC_-IpptgP,https://www.youtube.com/watch?v=yGbfp1-oTm4
jjA-9o8dpMKNxCTrVt9h_,https://www.youtube.com/watch?v=rbKpsDpi4lY
TPRE3tGxK1FCUiz7YHefv,https://www.youtube.com/watch?v=AWxrKAFtevE
ukqNvvg7F13hrWvxOW1mm,https://www.youtube.com/watch?v=aJaeL9vviAA
_l51jlS9RNVHLL9lvXzEt,https://www.youtube.com/watch?v=irslxRY5SWg
pYW4VtO1HG2ZepsGC9mBc,https://www.youtube.com/watch?v=HCfEiIW1YXw
al8UzAIRywmYZEkJ41XuI,https://www.youtube.com/watch?v=cN00UW8cWYc
fCK4P_ps5P_AT03bVDJVD,https://www.youtube.com/watch?v=OPUCs9bJQFA
_R_sCdwS_iSwV-0rRW8q7,https://www.youtube.com/watch?v=y0wWafCQpp8
7vZwZzCO06SXGd-O-QidK,https://www.youtube.com/watch?v=eNRBwfGFp1k
coGItsm07b9qcrNaEznXX,https://www.youtube.com/watch?v=Nx01JmXE-y0
9XErhjcSGPHDLOlUDAsFI,https://www.youtube.com/watch?v=HMa42OAQzz8
UX5TOfooxINGyJBEI8bVI,https://www.youtube.com/watch?v=zyWDGvEq-KM
HpUP-PEYWJns_9h59ftRK,https://www.youtube.com/watch?v=-XlYZalpaik
DlHd_Y1PgPfo5OVTvWKqx,https://www.youtube.com/watch?v=pMfTd2rXnUI
sosdZtnaE6SpbUxlmyWqc,https://www.youtube.com/watch?v=2LagPsFCIJY
nL47ERvsBcS7v98q4aMTd,https://www.youtube.com/watch?v=sxJ4w3Npfz0
rZjSnYtJxmr49t33-Qcpe,https://www.youtube.com/watch?v=-ZLAbSc5gJM
760TmY5nY3v10FtR2Y_Do,https://www.youtube.com/watch?v=ik-BnRjnEKc
Q90V9jeugJm-4ueQkbUFf,https://www.youtube.com/watch?v=1nGhxAyzF_4
2gxjLdZHWm-CyyaGejx-N,https://www.youtube.com/watch?v=qwiYHKZiOgk
bBuF3lSEs-mi9y5NmRMuB,https://www.youtube.com/watch?v=rQCiW3ntFoE
Y1_rzpxGaTilDYnfEKHPc,https://www.youtube.com/watch?v=VRmEOhqT82Y
vbekUOmE2JAzw_cAd_xOt,https://www.youtube.com/watch?v=MgglFw6d2WA
AyVcTmV5J8DBMQwZPiyCn,https://www.youtube.com/watch?v=sUReEKvO_TI
CqogXhFj2PA0Nrp8QJWSo,https://www.youtube.com/watch?v=7uDwPdRaW-g
QY1ItlLTvgNTu6z2kLLa2,https://www.youtube.com/watch?v=z-Ms9J_1w9I
cOs0gYkDjYztu1VJlkTbt,https://www.youtube.com/watch?v=DXCF24VBlzg
ByVi5xbxlcwxiXJskMk39,https://www.youtube.com/watch?v=r17QT9nY0pI
jPI2Lt5ceG56bVTsTgH-5,https://www.youtube.com/watch?v=_jyCpDpJIhk
r6_YvQN_RLufJXlkp-XkG,https://www.youtube.com/watch?v=nbalwmtCvOc
TdOAbwlIRz_5RD4N57EoW,https://www.youtube.com/watch?v=5gG58rLQTCE
VI-DQ3fWkg6rpfi_wz-HR,https://www.youtube.com/watch?v=klMBIYrSxuY
N-PE09V1xsMvRd_PsSBc7,https://www.youtube.com/watch?v=1UHBjKCW2xg
etIy0_mshhK5B0HKTmpEh,https://www.youtube.com/watch?v=4ybTCgYap0g
OJIHAzO7I4TcPe4AV2RAD,https://www.youtube.com/watch?v=WAc_DmAe50k
94CT6slKmOK4RWPjHzHQy,https://www.youtube.com/watch?v=b7BlKs9OCdc
OerLUJt16wTGnsEzvjgKu,https://www.youtube.com/watch?v=4JUve8n29cQ
d-XUTXeXpRcofNxUcWn2K,https://www.youtube.com/watch?v=d84W0aZ_fsI
ygI_GxCxifLbBDR8RRs_X,https://www.youtube.com/watch?v=BeBtHsqbZpw
jyu5CwKhx4t6EG_liWjrF,https://www.youtube.com/watch?v=qGjq1bKHVYc
Eo4gatGCSRK4N8PH8I998,https://www.youtube.com/watch?v=cFEZaBxkXho
WwvFKLk8OO0zwX1ax4zve,https://www.youtube.com/watch?v=lzSUHg9TnsM
pPk3IhPElTLNpzkfCYjyw,https://www.youtube.com/watch?v=aU2fHcPRcXQ
EQRM87rS9WXtZxIt3psen,https://www.youtube.com/watch?v=8D5vS9keHqQ
FUQ9KIUalgQKwrO6Asi4X,https://www.youtube.com/watch?v=707AJXMstAg
T947L_AyzcZKQQjC9RkMt,https://www.youtube.com/watch?v=QBuMXNxDNN4
Tgn-w23WNVJJw5pmO3agN,https://www.youtube.com/watch?v=snVOer9Licg
EsGRMx1c0zR_rziC2Kn7s,https://www.youtube.com/watch?v=3DsjVUDqpMs
LcyovzktC0rH5K9iAnW8J,https://www.youtube.com/watch?v=jP7qhkAMlEI
b7xBGe9VpzArtPRqwE5Et,https://www.youtube.com/watch?v=P1SDpabnvDE
yH55iuqfipZrBC56DgIKp,https://www.youtube.com/watch?v=Y4GDGk8mhaw
GSZd3yVpZuhOL_WR-eOB2,https://www.youtube.com/watch?v=Dc6UDX5X7Nk
8SrTMXpu3vleu56RtH6sC,https://www.youtube.com/watch?v=xs9dE8mNt6w
vt_1Xy1qjaGJCow5COJ93,https://www.youtube.com/watch?v=fjzR6wbbU68
o1_gUZJdkhNONarrIXtfB,https://www.youtube.com/watch?v=wQCZVK_Nbzg
NaJk7guOM1HPf1QJZWXeL,https://www.youtube.com/watch?v=uCUeAFNdyAI
fYtBFF8J9XyZvFWYIFPCD,https://www.youtube.com/watch?v=yq9tlnHwwm4
mhij--HYFAu4RVXz5s6_C,https://www.youtube.com/watch?v=A34G3gQdbRU
7rm06NUzmdZ1oy89T88qm,https://www.youtube.com/watch?v=ktqzVIO272M
OLmTSlevbrtrIZFWCeYxf,https://www.youtube.com/watch?v=AEmw5gbOe94
ngtNRW4rkm4v9r0GbKo6n,https://www.youtube.com/watch?v=R1HWlOqV1ws
QSCrV4VBe_A61TVw2SfaQ,https://www.youtube.com/watch?v=2Q8azB-swl4
uKqh2SG2ML6pbeo9K8_Bc,https://www.youtube.com/watch?v=hv4rE23qBWw
GWdUiv6wQ7E4ceVddfMSE,https://www.youtube.com/watch?v=BajCctFxZuQ
M-W_d47_e66kNZtrcJgRR,https://www.youtube.com/watch?v=FNK98NFa4e0
8c1bs2YaiDMkmM8T2uM2G,https://www.youtube.com/watch?v=AJCrahrCb1A
lT8UN_YnKhCTHag1NhlSA,https://www.youtube.com/watch?v=VNPx5t3-drM
xxB2vkk5U9vlCfJwobjnx,https://www.youtube.com/watch?v=xWCzpE8YAoU
HG5mL2y5RAMpN5XR3_pFJ,https://www.youtube.com/watch?v=dP0j7Y1k8WA
umEmT7rQA1xtp1Ck3Ptol,https://www.youtube.com/watch?v=u0aotMdhZCY
iCmfVbaBd8OpIm7_dPHdU,https://www.youtube.com/watch?v=mBJCMX5e7Kk
Gs8bM6UOj4YBBjsiZEMC4,https://www.youtube.com/watch?v=_4n0j0UsYiA
BxWKXqG6nmE85NkHIEMGu,https://www.youtube.com/watch?v=ld59yllmUYk
d9i-x0Jlw22f7SJcGB1Yu,https://www.youtube.com/watch?v=GM9hyKgyAAY
QMeM3byClOAvp4y-s9Dqr,https://www.youtube.com/watch?v=oHPIdwaMdrc
-9cx_9pDrcppY0VeT9ufq,https://www.youtube.com/watch?v=hyZQlbSOvPA
e0zR_4AekDY9U6sw5oKfB,https://www.youtube.com/watch?v=EXlaC57yT9o
CYX-uXASBR8sLyAojVlaA,https://www.youtube.com/watch?v=K4GWpOD5xHQ
F-JC3PVC-GyHe1hXFdmxM,https://www.youtube.com/watch?v=HfE52_BAaJc
vCbPxGkRwxTZ9mHP3fdEI,https://www.youtube.com/watch?v=GcrdA9pHV_8
BbT617ffU61yoV6UcpKtq,https://www.youtube.com/watch?v=buJtV-PJLY8
mvbjs9-klS1a3TWRNzn7h,https://www.youtube.com/watch?v=_VidlrPiICs
ZU11nDTiPHBaiKB9r0DAU,https://www.youtube.com/watch?v=miBSVLwsyPc
vR4n8iYGCH0kBK3uihB9-,https://www.youtube.com/watch?v=HUqQS95T-4s
7K_UTTCpk2WtRkqWmjSzh,https://www.youtube.com/watch?v=cmyiZiXe2fU
NQxZp8x3cEHRN-pZ0ZVMN,https://www.youtube.com/watch?v=enC7JgIGRUc
VRQ7vtXduI5lEXRoB1ED1,https://www.youtube.com/watch?v=iPGZMtSaURU
WdJO3enNsHvNTwLsHIQHf,https://www.youtube.com/watch?v=VyyakHChZ8E
5-5_pRpF2gAvlU10F5Ppr,https://www.youtube.com/watch?v=8FF6fEnpPbo
nEJddtXSmEegCjvGmyUw8,https://www.youtube.com/watch?v=fmU4JMUHnCU
GbmMB88nbNzw4AGk2DON_,https://www.youtube.com/watch?v=teWXLpz9X54
sxAAracqUHVQfWTHxx66Z,https://www.youtube.com/watch?v=bQLtmv2rtbk
H6CAErdU8lPvdBMxa4AOt,https://www.youtube.com/watch?v=B9JSjK90Ef4
Ss_CHwmBU4oh7-umWWKCJ,https://www.youtube.com/watch?v=jMPDwuygegc
1kh_HMPunesfG1L9uSfYg,https://www.youtube.com/watch?v=LwHCB_UFNAQ
KJ9FiUcivp0OBvHHlzErP,https://www.youtube.com/watch?v=5rwUvkHbEYs
_K3JQn7TxodLrCICT1CPp,https://www.youtube.com/watch?v=AWB2zI2Ae0U
xg-Ji2QPsT3drtozkWRKC,https://www.youtube.com/watch?v=GgPKjOrI6Ys
sHANaWV0hpZNJ4h88IHZX,https://www.youtube.com/watch?v=ve9IMeIFuEQ
Imqc01LZncjjNDCM4d__O,https://www.youtube.com/watch?v=fWGu17YhMnw
ae0zTj88wqWM5oM4EOYSK,https://www.youtube.com/watch?v=4EQ34L05pOw
_lFR7k6Y73nSnFNyQmjAw,https://www.youtube.com/watch?v=op5vlC5e8fM
LiSQccXN7AN1M9ToyvJOP,https://www.youtube.com/watch?v=lKqf_eITS4Q
xktBW2Xx5PdeEiG3MVoa0,https://www.youtube.com/watch?v=jgzrU_CX1Eo
jiXnmfDFmWFLNaNGMJ1N_,https://www.youtube.com/watch?v=VWV0EH_5sNM
-jACYfDdT7zcmdq0E-Dnh,https://www.youtube.com/watch?v=GEKHVTj6WGc
CU1tKKOciODR9NMszUKV1,https://www.youtube.com/watch?v=_DW53B8QGL8
Fn8SNLTbC3HKTXBYDGYXa,https://www.youtube.com/watch?v=FVDs47NIa3U
f_wZdzy_KD1h4zM5sEjcv,https://www.youtube.com/watch?v=k6EfRqCOE8U
MuTgIkFIM0GqO-Zrp3YRH,https://www.youtube.com/watch?v=5u4Om0hL6hE
cdRCG2zXjgegxy6rbIwbC,https://www.youtube.com/watch?v=1NFftonfCMk
NFn0Tbjx4Tn6eOj8NlaF1,https://www.youtube.com/watch?v=X7q74ETexO8
CF0RoTYF-ItXapRysq0fe,https://www.youtube.com/watch?v=49Ztt0RHaIk
68DQdaDosEgzNlcX37a77,https://www.youtube.com/watch?v=XV1YVb8zI0k
iw26mYRClSLOU5vOmy3_8,https://www.youtube.com/watch?v=HSqR3Vu397Y
Lej6PlEg_JxTKVfx1X5sL,https://www.youtube.com/watch?v=S2XG9_1tSo0
U1Q5F4ED7uFjsd_C6B9Tn,https://www.youtube.com/watch?v=8JGQp1rQzoM
CkHvgEfArYOdaxLp_IEee,https://www.youtube.com/watch?v=ckeJhMa8ggg
8tcS9YFdaUTBK59MaPG0D,https://www.youtube.com/watch?v=RF7sbGvTvlI
CDF_x376iDjCIGv_o0V7R,https://www.youtube.com/watch?v=ptYZ5e5lvME
HJ7xbMZNL-oq6U_KAiRpv,https://www.youtube.com/watch?v=zQTyfFA6MMA
MaTV9hUGUAwd8WU8GSibk,https://www.youtube.com/watch?v=6g6GkPJnaKM
ZvRm-rODcGvj3It6XwOX_,https://www.youtube.com/watch?v=t55QIToJOls
i7mj1aXNlno-vbsdb8D4Z,https://www.youtube.com/watch?v=Zgw0dFYcgrM
Nt8CqrzLATc-mZ2lEQZI7,https://www.youtube.com/watch?v=S5hd8Xp4-oU
vazOdtBmBuxqtH-OpqYf-,https://www.youtube.com/watch?v=AqYSXRgEtfc
MlCbp-OJKKjfISL1DmxYg,https://www.youtube.com/watch?v=sl0W30ApupI
uhbJ_bYCgNPfuobVurDGc,https://www.youtube.com/watch?v=wIqJFJtBh84
pUGIhsN0p1LxdCtI1Snfe,https://www.youtube.com/watch?v=vIkx3aFByH4
9-zWPWqZkvgshVRoIpq99,https://www.youtube.com/watch?v=LT8rIY7lMDk
SuaP85aIEnIMkgdu69EKb,https://www.youtube.com/watch?v=6KLOuxxuMdA
Yf6FnB6MYm1c2aOdfojww,https://www.youtube.com/watch?v=hFSqNINBrG4
uIPvPSBBubJwuEjH2bhWW,https://www.youtube.com/watch?v=X7B-yRa0AiA
5U9gfdSSCDsGLpGwdkakA,https://www.youtube.com/watch?v=qnpe-MwXRes
7-4dy03-_eMnYZorJcQ7X,https://www.youtube.com/watch?v=K7dGhQIQBP4
fBZEbke2Q4EEDKT85Karh,https://www.youtube.com/watch?v=8d1YDqJDN8A
h_fCmXyiPw3fNpejuKQDe,https://www.youtube.com/watch?v=reqfItD7aw4
hirT4rFB3yFEdgd2t3i7C,https://www.youtube.com/watch?v=8QXa6Dy7wAA
su95Zf0zchzwR5kZHFuXh,https://www.youtube.com/watch?v=CXDQiQZPFu0
F1HZgq1WVFvCA4irMYtBb,https://www.youtube.com/watch?v=0tK-G7c9K9c
08Ps5mciMJ503x7QapUjJ,https://www.youtube.com/watch?v=to9WoLQQzTM
WYvMuPunLViAxexPZbP2X,https://www.youtube.com/watch?v=iRV4AeVEzmQ
odO3itArlyJfuAw_wS_tY,https://www.youtube.com/watch?v=IitWuWjOCNk
5rqSZ6RbtodWcPxS9n4IO,https://www.youtube.com/watch?v=Vk6ghU4idL8
l2F-msy0NB7WD0MJidCKa,https://www.youtube.com/watch?v=gfcDOLme_aw
7MV-UzzU_XPSfEyttfyq6,https://www.youtube.com/watch?v=zyklP1y8HmI
pt8CbBtCTfbsz965hGkS-,https://www.youtube.com/watch?v=mn1Va2hBlaY
ijSHYdydb-Vd-g3pjDcek,https://www.youtube.com/watch?v=mM3VIu2fKaA
IaKx10_5g--knPkLLG1Ll,https://www.youtube.com/watch?v=EquAES9AX64
jl4Pc4SKN0-n0iX600N6J,https://www.youtube.com/watch?v=usYCN4Qo62I
kIFSbYfCLOVkAgWVuGbPG,https://www.youtube.com/watch?v=ifb1WmsSCh8
6za_eDwyBAnEzUsFlRKX5,https://www.youtube.com/watch?v=Cr4_oS2493M
TxV0J8cKb06FHtp20pJo_,https://www.youtube.com/watch?v=ExS24ngnc8k
61XUZ5oK6rTVXvbVx_S7F,https://www.youtube.com/watch?v=DcwfCyFg0VQ
CirXkZAyNI09PRDBxDSl-,https://www.youtube.com/watch?v=ECXkq89Zg1o
QFiRLR_Hf4P-IsPMrGPCc,https://www.youtube.com/watch?v=MnW8hTrQRyY
qDW2ZWnbK6iWE_1g_f55Y,https://www.youtube.com/watch?v=63UtzXfN15s
GTYRgl4T1cjWMNBAHnZRo,https://www.youtube.com/watch?v=hKZUd_hBn1E
iWAm-7PL6MGrHNNrP8mIc,https://www.youtube.com/watch?v=-YL-tuDJrEo
_4E3NLsrlYYlmVIMbHdDY,https://www.youtube.com/watch?v=l_XOuLDtfXY
u15kmqwO-P_-2AIQNQG8j,https://www.youtube.com/watch?v=crbCFioevxM
XeOiqX9Gr-xfR7YggdqWV,https://www.youtube.com/watch?v=LbbmxU-lPCQ
_Bwc6S5-xKyLhNevX8t-I,https://www.youtube.com/watch?v=Z6ljDxBMViA
YSNURZE7voLyRv5HTjfZn,https://www.youtube.com/watch?v=zDgP0eZkYdc
wYZY-SZ5Last-ys6jkb99,https://www.youtube.com/watch?v=qhy0nhnZQ70
EjdTn4l2ssNHOYMdzMInD,https://www.youtube.com/watch?v=laqA_mNlylU
JenkCrGRP6DHcjC7ZcyQ3,https://www.youtube.com/watch?v=zcpzPRu_ay4
7kLniBmRvmGIOTF4C9UUF,https://www.youtube.com/watch?v=wVgZXiZVLss
Q1fQOUo1Fh1hX0edTflVQ,https://www.youtube.com/watch?v=mNPIK8OXwFk
2PwFggjDYg783QLJzWBYa,https://www.youtube.com/watch?v=zOu-IpJZfiY
R5zmSVmnnjavuq0ohb_tU,https://www.youtube.com/watch?v=dmku3fFzxU4
-wme0SkuXw0DeDXFcyf2D,https://www.youtube.com/watch?v=HSKHuUYlA9Y
2AvFO71RPyzi9dJURJNXE,https://www.youtube.com/watch?v=jSVNt4jFcAM
HslDdc6yCWI0mzBqDgbd2,https://www.youtube.com/watch?v=n5TB1Tl4C3s
ZWRLlUSOSkJ3_y7jGPWKR,https://www.youtube.com/watch?v=wX8MoEQftUU
OeeI4IKlGXWcEc6wGCgTN,https://www.youtube.com/watch?v=MLRI5TGmhnc
_GaEXo35C1-LA5oEZybob,https://www.youtube.com/watch?v=73IbS3ZkpDk
DqSnaOkVfoAZjCgEXHACq,https://www.youtube.com/watch?v=IEBTIgVxLYU
k2y6lo_AyfBrAFa7p4WaZ,https://www.youtube.com/watch?v=UyqfQmi6ZTA
3CkB4pzgaQ-OKQrFPtbta,https://www.youtube.com/watch?v=hrA2qsYGy7A
zozzGxiQG3lkEUeU_pkHG,https://www.youtube.com/watch?v=aRCYjTq5AnQ
qkarVB4qEaCq-xCU7RSCB,https://www.youtube.com/watch?v=jIfUyygXdls
G12GtM_ANiUD0AV_i9ujb,https://www.youtube.com/watch?v=bWL3D3KbTJE
9B5JAuuFbwBrv6A3Xh_DO,https://www.youtube.com/watch?v=JGaY1BGV7_Y
84S3Zw9NCwUcX6yzoGUA3,https://www.youtube.com/watch?v=q1EiFnBS-Fg
xLSffejRHmeRPECe93Whu,https://www.youtube.com/watch?v=7afZGjm4Las
ry2QvST89zhyuLP_SRdYi,https://www.youtube.com/watch?v=Sw1_IQqzt4s
tJC-S-LwSR34tqLB1uSzf,https://www.youtube.com/watch?v=EKo0wwRL57w
yxtanfwiP65WeEWe2VZpA,https://www.youtube.com/watch?v=-cPtyyBV56w
dneazxg8kuuYNb6IgBmY8,https://www.youtube.com/watch?v=zFYnKyS0W9Y
zG24o8e-ZsyWWhSTrjQDq,https://www.youtube.com/watch?v=aOYwzNj_0WE
casIjOiVyul8NBGE4tGGD,https://www.youtube.com/watch?v=DdCrtyfmuNI
4Wlm7BDZjrQ8bNODqCOqu,https://www.youtube.com/watch?v=MQtyHBxqsVU
8aYhQ8ly9L2vucu6CtZTI,https://www.youtube.com/watch?v=uJmtNjcJdWU
g2xRkcY3uiCy9CNk4fQ9x,https://www.youtube.com/watch?v=nlzkNf4Cjv8
8kkcA9KTx-prTM7w3KMoo,https://www.youtube.com/watch?v=WC16SmafGBE
BIMtDubKM6P0jnXukB6fr,https://www.youtube.com/watch?v=BTTvaYfsvv0
OVoCIDTA-zuqH39tjTOIC,https://www.youtube.com/watch?v=U2NEwGr0cPA
myg59ho6jr_5tdQeWLOqb,https://www.youtube.com/watch?v=IrY94O5x9rs
r7MxW6cDSx8xEcos7GXgj,https://www.youtube.com/watch?v=K6VJZ-AQ19E
lXltDCF6hQYH1z5wLPt7w,https://www.youtube.com/watch?v=YdETGQSuc0g
b7UtS7Re8oe4ppIzfVaNz,https://www.youtube.com/watch?v=w9kwK26NuUY
rnojkTuVKXkKM7MXy_m7Y,https://www.youtube.com/watch?v=5lBMeP6nkzg
F_ZHJwHM4tVveCfy7Jrge,https://www.youtube.com/watch?v=fa0gbPDMaPU
ELRj4W--UDJNG4t-vzehy,https://www.youtube.com/watch?v=8DF_VR_H8Kk
uMkARb9__AKyYLGaDPw0H,https://www.youtube.com/watch?v=RqS0Ccf5Tg8
nPuVVPoi5j_w9hHDh_299,https://www.youtube.com/watch?v=N_1eG883Ug8
eYH1q0Pa_0W1aiPaVJ-gD,https://www.youtube.com/watch?v=qchE_2aXx8E
9VCh_x5KBGdwl19HJIaE9,https://www.youtube.com/watch?v=8GIYb2TrxsA
y0j8852HCsQ7pnwuguwp5,https://www.youtube.com/watch?v=YuwZbO7ztjA
plGwWnuQFV7kIfvdpDxD9,https://www.youtube.com/watch?v=zndWA5ddRkY
zNRG8vTlw_otKqAL8sjNS,https://www.youtube.com/watch?v=VAq11Qfbv_o
GLQ2dbW2RPSE07pMojCM4,https://www.youtube.com/watch?v=IGYD8fQd3VU
tPxPFTXxuD8eB5FtWqdG-,https://www.youtube.com/watch?v=05Su6wkNKgI
l2X5ecC_iRHFaeVi6NCEs,https://www.youtube.com/watch?v=HCcO0TgxtnY
lWmlULQFjqRuAWxZHJVcn,https://www.youtube.com/watch?v=eNJuuvaZO6s
LFSl6d8Jx3JNxyd7-tTj6,https://www.youtube.com/watch?v=4wvD2a5BXC0
SqFejXFPbMVc23x-l9i7y,https://www.youtube.com/watch?v=7oig43ilp40
zzkRjuliBllT9hUUhsbyQ,https://www.youtube.com/watch?v=rRr7vG7Z6pg
7Qmb44z29c9tgqDmTK0Ox,https://www.youtube.com/watch?v=No4dVZ14sk0
vJG7FNkEWh1AqPErqLaRT,https://www.youtube.com/watch?v=PqKAykF-WB4
6pyIQfiet1D6-YRauiDbW,https://www.youtube.com/watch?v=6DVzKehbXfo
4vbWqNEoHvWSnj0rXONKY,https://www.youtube.com/watch?v=Am-pvtBtzwE
jykRBY4_05B4oYMdztO4Y,https://www.youtube.com/watch?v=UNxH0b056qM
EOE9FuS88WOkOKy1b8Z7O,https://www.youtube.com/watch?v=xMFtw2K9_XA
3GswZgdqdid5y9D8lLdQM,https://www.youtube.com/watch?v=3n58eW102Mc
dZGmlQ-VF1NyYphgRcxZj,https://www.youtube.com/watch?v=Gzm4OYeMaYk
yDtVKFSTEstsVUqQAjuXy,https://www.youtube.com/watch?v=kqZ0be4LYm4
6DFC9G4T6I5FruTiTJJ_r,https://www.youtube.com/watch?v=A0oy5ZUJU3M
WOFeQKrHfI0kDyN3Id7N6,https://www.youtube.com/watch?v=L6S52tNrOJk
Z1wt04sS-TcdBJi355CgO,https://www.youtube.com/watch?v=i4LLzNnrfpg
gRfQRYq1PTCkqAT1ovTEd,https://www.youtube.com/watch?v=Ar3NcJMQ2wc
SDgIKm29NZlr0nY2E_s7B,https://www.youtube.com/watch?v=qWejd_HPlCc
n-tUge7lspERDlTFeiVzM,https://www.youtube.com/watch?v=G_Nv9ruwp6s
HJRPyIM3hakebVAvGe0j9,https://www.youtube.com/watch?v=V0q_SB5zb1w
hzXRpgKPVRCvro9AH20-f,https://www.youtube.com/watch?v=6lXN_mYp1NY
3ax4HxHzzA86lJANSTcdC,https://www.youtube.com/watch?v=ubr80aIuWKI
FV0JtikqDuDjwmRHh3AT0,https://www.youtube.com/watch?v=EhsY9O8vXTU
0bwSyARX-HvlECigCCwMO,https://www.youtube.com/watch?v=Yzc7-kDxNjc
YERjZKzhaP_c6rUVoQXq2,https://www.youtube.com/watch?v=Q2I1xVEsa8c
1NkIjXH0nT_bxjAQab8nZ,https://www.youtube.com/watch?v=Op0Z4i4QLrw
wQk8M3u0fKY7GZk1XPGzf,https://www.youtube.com/watch?v=fyFsylNtW7E
STgkcF0bujhr2zKmuP0SS,https://www.youtube.com/watch?v=uUGgD45jYN0
99mkh9P4v84eKNE6qDPY8,https://www.youtube.com/watch?v=hzZQKa6IIqg
6X1bSur2uQ5oC1mObAFQ_,https://www.youtube.com/watch?v=HWBxto_2I_0
1SvUoH7Gfa9APgkCPKs_Y,https://www.youtube.com/watch?v=nV6z7sprJ6M
65nOVsFXax0svZ3ZgPYdD,https://www.youtube.com/watch?v=5k0nNjTd0v0
XdDRKk0D2R0TASVUWrsNM,https://www.youtube.com/watch?v=oGlAxs8AzTw
xi-_J9frBQ78P7P2y897R,https://www.youtube.com/watch?v=fc6bkoaR7DI
qVbWl70IMnxXHS2ZeLjHB,https://www.youtube.com/watch?v=gwPVmP825_g
a5xKR8whTEDU9mX96b-62,https://www.youtube.com/watch?v=PKE5YboKt2k
181icXujrs19pNUjBH-nM,https://www.youtube.com/watch?v=1QJBLIyUSWU
ddq0FcRCkgSvbiJoCNZaG,https://www.youtube.com/watch?v=ccoKdSEH-cs
auId9-dnDVxbCAXjFnpLP,https://www.youtube.com/watch?v=uwOevUW93pc
5NIm_Uh1zmBjKT8K10neH,https://www.youtube.com/watch?v=1I57EQVI17o
6OQs9F11v17i-9z3jEZbg,https://www.youtube.com/watch?v=SWbAp84uRMU
aBEEfiWszcY4Hf4FCbIes,https://www.youtube.com/watch?v=-E-6CchC8U8
EzwIst3-y_E5Ua2COR09x,https://www.youtube.com/watch?v=zfeaCMzClME
ZYHBzSGGDHf3ci5-doImm,https://www.youtube.com/watch?v=VynFwGd5nEU
pwmcCdfsV5_D4mpRIJBZ5,https://www.youtube.com/watch?v=pswRMEY8u1Q
XCkfh7FGouBSzq_RTLkme,https://www.youtube.com/watch?v=lyBFnn4zDe4
yuNn8qn2V-NP-1GJ08F5U,https://www.youtube.com/watch?v=LD9c_MMvk2w
Gxw-i8U6kVyY_ZAlfmk7I,https://www.youtube.com/watch?v=q4L5mDycLKM
YpUpr6M8DjMhqWoHK2lhv,https://www.youtube.com/watch?v=MMoyVhR_3WI
jGIyUC5VI8AU75YoNpJ-6,https://www.youtube.com/watch?v=a80Z1LCYEcI
CcZqnFi_9t0_BeG4IqAn3,https://www.youtube.com/watch?v=wqBzhx-7Pmg
5-TXSjQkcJo_fIlAQcvHO,https://www.youtube.com/watch?v=n8sZDdcQR5U
uVvGHPM3bSs6IP3ZWAeCi,https://www.youtube.com/watch?v=0jHmME5AoHk
0eAJKOVikAb2ColgUq_VD,https://www.youtube.com/watch?v=WBbhTGngND0
0FJoXswmgM3LhPpp14Nf8,https://www.youtube.com/watch?v=oG5AqWdLPlI
O7FihLnTITPy5XmCXIdwh,https://www.youtube.com/watch?v=aPvRcEuK3AA
Vb4EKzO8M-Wp7nxrNeRVo,https://www.youtube.com/watch?v=m9JI3y0dtxY
wX3qwwHgIDxtPN2O12W5o,https://www.youtube.com/watch?v=qc_xJPW7JqQ
XYu6aXFgjTn-y0o3YEL_d,https://www.youtube.com/watch?v=ABTV--1DG9M
TzoPKYB9R4u8pr-gQsYPC,https://www.youtube.com/watch?v=VI08EgxasiA
zSRAAimFTOJpiLcpYbIKX,https://www.youtube.com/watch?v=QnQxfZFVIeU
erjhXeCf-i4mZ8Jd3BBbx,https://www.youtube.com/watch?v=pGoXdBCPNps
jOZQhe6AX0GtUc6eMTWPu,https://www.youtube.com/watch?v=MixYepkyzuo
HzhcseJJ6J2EtnOfotO01,https://www.youtube.com/watch?v=JbdWbwwk_rY
YxphJYQgDJXkPMTNBgMBo,https://www.youtube.com/watch?v=7YpYJy63n2o
tk5NfgFMm2LVeDSy1WQpd,https://www.youtube.com/watch?v=PK2b-7X1tVg
ouVP7hszyZds5QDHcqz3l,https://www.youtube.com/watch?v=i09ZvGGOYV8
s6pG_ViJGeIS3DUBx1ICv,https://www.youtube.com/watch?v=NwWB0Mp8-EI
zx1zmwsJdWgXOaHb6_6_H,https://www.youtube.com/watch?v=BsHBekDesG4
KBlmrjATIo-lm1tIU6Xyc,https://www.youtube.com/watch?v=Ox2nHuMpooQ
Nrr-ym2iM1nrrWYvDYauJ,https://www.youtube.com/watch?v=esg4W9TWWIQ
QptDYzzYkoJg56ZWaeOfI,https://www.youtube.com/watch?v=3VC5hu8wTv0
u-cFHzOoXqR5Y2q05PIgg,https://www.youtube.com/watch?v=3ReAhzWzMVA
ISUl9qiIBALWDVs0FzK9h,https://www.youtube.com/watch?v=w31z0dPRSbg
6ntfXQfpQJvvqv7mEXVQ1,https://www.youtube.com/watch?v=r0vrQ3oTcIo
Zdns3QKXp-kllA1MB7KjJ,https://www.youtube.com/watch?v=ofCef7ttq80
7kmofRy0X7-TEvAk5MhTJ,https://www.youtube.com/watch?v=5QIi0wm37PA
VtetYL6mjWXmgHGiKvy7I,https://www.youtube.com/watch?v=Q3LolB7C-O0
0VsTFtQ_d44z8KqTvxi8b,https://www.youtube.com/watch?v=9xr_1sWSWaE
EozDzegBrJXfPur_30oi1,https://www.youtube.com/watch?v=CT8kOsKpBuc
jOT5N7JLcEFQ1ozOOu42E,https://www.youtube.com/watch?v=wNWRBbQLRPg
Rl2zDi2S-AFSIXisHL23v,https://www.youtube.com/watch?v=nBg7z1TkYrw
eN3to3JLARFc_qL_Pb-JW,https://www.youtube.com/watch?v=fw_iFr7fyZs
DC1B-cu-wWdHWaDcLLrGS,https://www.youtube.com/watch?v=mrmxZYdH7bw
BwwKyvhGZ1BbB30gaH955,https://www.youtube.com/watch?v=dco8UoNn_uQ
71_9iiJbqDPeJCXLydosx,https://www.youtube.com/watch?v=5eLW7vXbw6I
Q_CLTkwcBWh33uPbRxMm2,https://www.youtube.com/watch?v=O14u2MJp4Kc
3HJq_tt_bhxa5jNf2wjFU,https://www.youtube.com/watch?v=ug_92RqzGhs
J4X5o6fEcv-j3JtUWThXE,https://www.youtube.com/watch?v=hBaNs7tn0qc
uVuvMsL4TiGOKg4XjgrFG,https://www.youtube.com/watch?v=LRd2KpC39KU
oV0gZwGHC4StFHhS_HZRx,https://www.youtube.com/watch?v=8P7QxdXZ3xM
4DaPSN9tkwCzxAnnTV2so,https://www.youtube.com/watch?v=rvZL7h8rXA4
4I7EcZpsxetcbh7LjlimL,https://www.youtube.com/watch?v=7vlCXjSWfGM
QYjX-y1SrBXqllvFX0nui,https://www.youtube.com/watch?v=vD0X6NsmS_k
oVCk4TFl0n9NzU-gDfdez,https://www.youtube.com/watch?v=mr3UaZ_ZYdM
1ISQCvg-kE_X-UL0moHeL,https://www.youtube.com/watch?v=GjZnQ9d5doM
QWSxuDGNyT7zOzueN1V0h,https://www.youtube.com/watch?v=-a7CfT-w3m8
24zJztqvIwTHixoFbFUjU,https://www.youtube.com/watch?v=rdLAGwl8iCs
Ya8MMgn-jFucUssXNmqma,https://www.youtube.com/watch?v=whXP0kUtcOA
0OCLxZMrBcBpKmYZueiVy,https://www.youtube.com/watch?v=S364B1zenHc
3s1Ju8XHczwUoQ8F8CI3v,https://www.youtube.com/watch?v=B8LGUSIuntg
OmnmbikoqLzP0FEVm9MGL,https://www.youtube.com/watch?v=knwYWXfaJ6c
R9ri_4SoWJgkfK7LIHkzI,https://www.youtube.com/watch?v=ndUJzHNxWso
t3K4IApx2HeCTmTmOb9AZ,https://www.youtube.com/watch?v=EUwRlgJSTYc
tSMcVmekLChL1dytv5wL_,https://www.youtube.com/watch?v=ymOByPp1TJ0
Flwu1C_QsRC78fWOOQrBp,https://www.youtube.com/watch?v=BMN85gqivls
7x9SKpHSEP276zpcKm2ym,https://www.youtube.com/watch?v=h4JcU8HCX1Y
SoN9G2sqzfimDRlqYsQx7,https://www.youtube.com/watch?v=EdDBNlS-AeY
nHPyrit-j0m_5OzNrghH4,https://www.youtube.com/watch?v=AgU1X2uyQ84
Xf7wF_BM65XsdKFt6veuE,https://www.youtube.com/watch?v=go6CCIsha6I
OBtoxKnhpJsg28Rm9h63R,https://www.youtube.com/watch?v=OfJ_U6XIMKc
eaGWi3Mn9crO4Pfj4rMb4,https://www.youtube.com/watch?v=HlAQFvY9NOs
bA1fAp3bBMUiVojZVAOZr,https://www.youtube.com/watch?v=bMHAmGmGMSw
LGJcvwbl_ono0j0t_4XSM,https://www.youtube.com/watch?v=_meYO7wZoLM
gnOj-oS6jNQ1IAcL6e0si,https://www.youtube.com/watch?v=Fxrm_ICKGd4
FjRiQxn2CrZHWBmjYwTgr,https://www.youtube.com/watch?v=4yXGEp6FSdQ
Evd-xZB1BdLWFyISIlGNc,https://www.youtube.com/watch?v=J9j96nchjBc
utKxXuyePnnfXArA9aOty,https://www.youtube.com/watch?v=1Ok1zxZ9-i0
iROiUV2nFyWOqkwUhymHv,https://www.youtube.com/watch?v=uFosPtRgM58
jiXfvCXkHOItOiU6wmvwS,https://www.youtube.com/watch?v=4kENraaryf8
33miYgxgz6yPiuVS3W9Rd,https://www.youtube.com/watch?v=U7MA7SqQMME
AoIg7lpWN-aMUgUv3plNw,https://www.youtube.com/watch?v=EOH3Paq4iGM
k14JYEUQ_jBnZfcvFJaXm,https://www.youtube.com/watch?v=c8IrEVhDVsk
eiGTLw1T-hqnivA26Dc4L,https://www.youtube.com/watch?v=ywTIVPQ459Q
KDy_MxYei8AHy_tZKDUQH,https://www.youtube.com/watch?v=2rRZ-wdYAUo
jjZyvxRe2166HxwnawgYy,https://www.youtube.com/watch?v=APO1FKCRS54
PpJ39yMqQjPlNzNSi-QLF,https://www.youtube.com/watch?v=t3lLQDqkrbY
3z9tIxFM1HvUKv_dG2GVR,https://www.youtube.com/watch?v=00nLTeIXQj8
uAYx7kaDp0Pf1dCnYoABG,https://www.youtube.com/watch?v=0fhcXSAX4I4
33_IlE9BF2Ib-f6eW_0i8,https://www.youtube.com/watch?v=-YpZnx9OZHw
owFBJz6ntU8I9_QAHZeJ4,https://www.youtube.com/watch?v=vntfphHpVJ8
1jENsZ4yI4Ke9wqzf0yF7,https://www.youtube.com/watch?v=nyVGquuvX2o
EtrW48m7_P-84m8HKdf36,https://www.youtube.com/watch?v=friHPOVJT0Y
MzNTHbYCuyqkSr58Ayfe2,https://www.youtube.com/watch?v=fz5H359c6_8
Lbbb_nZL0UAfmeJluczI9,https://www.youtube.com/watch?v=ksFlAyEsmBE
To1Lw9BjOT5bhc1fGkclw,https://www.youtube.com/watch?v=xuRYI0YxOhg
S53e1u4RGq69SsxsM5Npo,https://www.youtube.com/watch?v=CWqinT5ztxA
CpYwOxykmgMhDqA0Pg8E-,https://www.youtube.com/watch?v=cOS93hpRct8
GVasXrcJsUQ5ai0JNFn9Y,https://www.youtube.com/watch?v=7i9ZUcNtG70
DrqDH3CJQkyhGLItC-IrY,https://www.youtube.com/watch?v=ORopPxPQQCU
A55ZiZNh6zrP9tRB5gmqH,https://www.youtube.com/watch?v=mf71bvfAbXU
b-m0rTAS3Tb1gYosRdBjo,https://www.youtube.com/watch?v=i9CSSrejxRc
NiX-eRfMpQZcUfukwG_Ah,https://www.youtube.com/watch?v=gKG9Fz-gC9w
46yN9Bkh7S_009O_QOl_z,https://www.youtube.com/watch?v=wb-Vnoyy26k
_WS91vSe42VKzGUqhD2yZ,https://www.youtube.com/watch?v=Fw-tVvnp0Us
lX2LDDqVoo_u8rQuT716k,https://www.youtube.com/watch?v=ndS7gIfKknA
9URZQYfyDLhbi2xWS8m7s,https://www.youtube.com/watch?v=K2txnsvz_aY
UQTC0naJEZ6o048HCM53j,https://www.youtube.com/watch?v=EfspHz6bI_g
bRgTmKzMvp3ot0jk6sJ-v,https://www.youtube.com/watch?v=78VJNcYvNOo
nhMjyQ1FP0OwxVeiouxz-,https://www.youtube.com/watch?v=phAaURXnNxI
HHlDRscFfBDWFrgrj_uOG,https://www.youtube.com/watch?v=4Y8YwJ8hIs4
n-QfEBPXFwkI9zueqywow,https://www.youtube.com/watch?v=gn_yUmGNTAQ
FX2EY3sPCyow_4pB5Gqc4,https://www.youtube.com/watch?v=28KB79V8BDY
u-pkyw7ed75touF961J7O,https://www.youtube.com/watch?v=yR9dOy_WdJg
657jtVwqXUfELXWwOOjMB,https://www.youtube.com/watch?v=4EodHhsax7Y
5Mkm8FrqaxuWObrwuChgk,https://www.youtube.com/watch?v=RW6Z_GMiU_Q
RdFglwOsIviSggDTUFxN2,https://www.youtube.com/watch?v=M5CxzNVDau0
BGBOiDURiegRPkdvsiRpf,https://www.youtube.com/watch?v=Z1ZbVy5FLXA
Zg9IFgxOTF9-4E_YnrA0C,https://www.youtube.com/watch?v=ah-oj2iZBZM
VspjWW2ek52QK27GKEkd_,https://www.youtube.com/watch?v=f4qra-mkDzw
4Z2taTXKfkkcRi3sYUlwL,https://www.youtube.com/watch?v=8kl4a4pRGAU
kEM6-ns15xT5TbxB5RCuA,https://www.youtube.com/watch?v=SLKhP2sOQo4
GxE3I4O-9BQzJme6W__B8,https://www.youtube.com/watch?v=LOQUvF_bzPM
uz0uinF8sGjacrgTC4zPB,https://www.youtube.com/watch?v=x9o4wLRaoC0
3kfXGW_2DNydjgjFrEsEe,https://www.youtube.com/watch?v=psEVgNS03E0
9V7iLOPAPUckngGGIj8ax,https://www.youtube.com/watch?v=zYPFzxW5h9g
Cwfki3yA-c-ak16N6I9SD,https://www.youtube.com/watch?v=azSwH4aoVwk
lWiHRB7JyaQg63JXV1eRC,https://www.youtube.com/watch?v=wy11yp-R0dA
Dvwzn0yRgny3ayPHmcCIZ,https://www.youtube.com/watch?v=I6Ms1RsH_Tk
jSrAirNHjA5A9acerwgl-,https://www.youtube.com/watch?v=aIPg6xYiIR0
w_yU7uMtUUirU7avN85UN,https://www.youtube.com/watch?v=4AR5Aj7uGrY
_A7fIION_SswjNZoaaFKL,https://www.youtube.com/watch?v=J_vSbHqng7k
g2yYKkC3eGhZp8UI1fIT4,https://www.youtube.com/watch?v=i2Kniztyn88
A6aECa6N3T-3p5xtJ__TB,https://www.youtube.com/watch?v=TBV4aN6XqBo
Qc8rmYeM0HSUBYqXU4Zef,https://www.youtube.com/watch?v=VLvQixTOng4
lilG1yf8ywzbU9eRXq-HL,https://www.youtube.com/watch?v=dzQ5icSkNY0
cnSo6gRykQ9C1o93BlySq,https://www.youtube.com/watch?v=EpxY17xqqRk
GYEbVsP_gdmX6lLWuzNrz,https://www.youtube.com/watch?v=lurvaqWTrO8
59mc2exy6YzlAtnxDcekr,https://www.youtube.com/watch?v=jk_3wKWH2F0
HD7y0EuTMIG0MO8JSTc4W,https://www.youtube.com/watch?v=ABfidBPwUsI
x5iABUkUl2sRNEn5vD4W3,https://www.youtube.com/watch?v=qb1QZI7JTcc
lNbWSwjb40_aPchoZVFvT,https://www.youtube.com/watch?v=2PHVwra4LSA
3A2BNahL-8w5PPcySW7LM,https://www.youtube.com/watch?v=CyXjkRfK0gk
aYY7vr0sm5ffPIXeJVMMX,https://www.youtube.com/watch?v=woPKRoHj7wE
14fIFeY3UsCcv7wPAZItt,https://www.youtube.com/watch?v=tUDCd7UWWjA
R2xWItytAY4vKZdYLML1r,https://www.youtube.com/watch?v=BH4TzJtVRmA
PAIu99zkUXHJp2BlAFlua,https://www.youtube.com/watch?v=5DUC_nN73Yo
cDmPA2sYJm0hhjJ9luSbV,https://www.youtube.com/watch?v=C4ryhqs-VB4
QiA6qAyBk1iNuYSniruaS,https://www.youtube.com/watch?v=JNxh687ry40
IEmV2YD4eyRmz-fT2_MNV,https://www.youtube.com/watch?v=wi9zwOHzt1g
M35V6eo2_PDP0YV1nqtn6,https://www.youtube.com/watch?v=PjNZTbekhJo
G3oEB4QdBwxdKbjEe_VKS,https://www.youtube.com/watch?v=cwqOm5qCQCU
ocMtfYdHpXIhBKKtpWBI_,https://www.youtube.com/watch?v=5ddziQd4cJg
RCHtLPqohihTxK8PkWri9,https://www.youtube.com/watch?v=j3CygCBSdoQ
WnOniJWsmf12ihSpdDD9S,https://www.youtube.com/watch?v=o29Jg5FFze4
NM_vcTYHM42-cNhuIIfA2,https://www.youtube.com/watch?v=u5aLn3XKHmA
1iyWgjwJGTW0Hdx1guFif,https://www.youtube.com/watch?v=_FsI4lqlXT0
DpDfRw3lDhNr6D1qTOzqS,https://www.youtube.com/watch?v=vKh7OH0roZ4
z7rn3QfUUQiyTEUNXiKH5,https://www.youtube.com/watch?v=ngMbjYB9Vbs
zoncv3n0wg1qPQF71AeWk,https://www.youtube.com/watch?v=S-EBujJ6n9c
WkXvfshO5h3lJ25DaFHNP,https://www.youtube.com/watch?v=t8emLzOp8lI
WYBVRLsUZTavRlI3Bhb1B,https://www.youtube.com/watch?v=3uiLvW2MsJU
B5un5la7aN7ohlCj-3Hkr,https://www.youtube.com/watch?v=OkR45zDjw3s
DPHK2OVRDOtaCwlOsGiOp,https://www.youtube.com/watch?v=jyYQdqcd_2w
HlJn8eUSNft8mfq1pqeHx,https://www.youtube.com/watch?v=O6lW34fbtKI
pdfkuY8eaUYFDfFFRgSjV,https://www.youtube.com/watch?v=DF1rJEJBi1s
rrzgJ6qR78sSns0QYumnI,https://www.youtube.com/watch?v=7lN3rUVcnFs
iEsIoQlHt0ZX21CcmOSga,https://www.youtube.com/watch?v=5T3rjY-RkD0
YhShf0zm-u8ukVoq3NWfO,https://www.youtube.com/watch?v=WE-cF1Ez1Nc
FeWb7yTyyF45BhtrKRGm1,https://www.youtube.com/watch?v=d-Gdkz40NFU
DjtZQajAQfuTMKjJpOMYl,https://www.youtube.com/watch?v=-JurC9Mx_9U
bRkdySJIE87YOZFMvH_U4,https://www.youtube.com/watch?v=wMimj_H_lUA
Hkic5_z4C2gL5HUSyiaW6,https://www.youtube.com/watch?v=qnyx0jqIKOM
nNcjj3LnPO7WkgxyhvY1m,https://www.youtube.com/watch?v=Z0_EJ97ESd4
knZg9QKyovgmPc7x7OLkr,https://www.youtube.com/watch?v=RiSUhvOX7qY
FVWV-zYG0EjypMIbMVcPz,https://www.youtube.com/watch?v=gTLQt9qZ0KA
H0QvBWHk4vT2ajxLq_xFj,https://www.youtube.com/watch?v=4uvlo1IjJfc
LzO_PplWVavLCcpqZpyc8,https://www.youtube.com/watch?v=tI00jKB4v94
hM1oNb9iH_FpiL_YQdjlg,https://www.youtube.com/watch?v=QfI0eOgV848
4fSsqcDoJUDpJsG7XT6ts,https://www.youtube.com/watch?v=NbbcYtKMHyY
VJxoXI3UqehMlQglDQdrM,https://www.youtube.com/watch?v=dNTNHNIGvds
qm-uu1_ubjeJ8SFvCEem8,https://www.youtube.com/watch?v=zO0U7r7kbjc
K9BTeJfieDQ0ie_UtnCzL,https://www.youtube.com/watch?v=Hh_U5oAe5GI
0fb42ZO7GDH43Ysc4oU1l,https://www.youtube.com/watch?v=NH5qRlDfHjc
MP68gYC5nBvKfTVJG06YX,https://www.youtube.com/watch?v=kfBug3_mTko
hezI1IkMcdpZKYBjisei_,https://www.youtube.com/watch?v=-CDl6b9VtCI
HntPzhZiQdghRyukpf-Md,https://www.youtube.com/watch?v=F4iQ7OYvS0Q
Y54cW2M2OdblHP-XRfJHV,https://www.youtube.com/watch?v=aXSrjaHqL8c
OYM3BONigihhlMx-XtOCj,https://www.youtube.com/watch?v=-Skx-havxr0
U1snhZ22fZTa_GbHrD1K3,https://www.youtube.com/watch?v=vqBE-exMoGc
E4ulAyyAV2I_me9DQ9et-,https://www.youtube.com/watch?v=FH5g6akrsss
4BQdm-8t0dEFWK0wzvRuv,https://www.youtube.com/watch?v=JQvf6VBXOOw
Z19EXFrZASeF00oiKyLuz,https://www.youtube.com/watch?v=uXe0trfOrj4
JBu80_dwVQmJCJt4SuU4J,https://www.youtube.com/watch?v=JWGBUqRIuCw
zoED3tyegPMQ-tdlHZeG8,https://www.youtube.com/watch?v=LuDybIaslqE
ropRNHrHJbnV0o-MWWUs-,https://www.youtube.com/watch?v=yN22u9PKFSk
cqp3ny1aDY3e6oyqGqxKF,https://www.youtube.com/watch?v=6fUoyVZQARo
WTwX6S7Og9SjVJ1JZltdc,https://www.youtube.com/watch?v=YnzVgKtelcc
CuKn6pxxxO-J6P72Ig5lo,https://www.youtube.com/watch?v=rrVbq-TrXB0
gSoKMbGlX4KtyE0prwDwm,https://www.youtube.com/watch?v=LVQFm7304w4
87bD9yNgHEYK_SVhyYxaF,https://www.youtube.com/watch?v=v0o8PKidW1E
i-AEAWt3fex2-xjlpEc2J,https://www.youtube.com/watch?v=Zp5-Xv_a6R0
FWOE_Udl7AspeUe_io6kN,https://www.youtube.com/watch?v=yFVuwJlEeYc
poPFOD5fDbDb4ne6aEI5G,https://www.youtube.com/watch?v=6YFlPD8M3iY
jX18ctBHyTFHBYyTo8-iS,https://www.youtube.com/watch?v=uwHC7KtD3yo
J-ER34DFS_eiuQhbstOab,https://www.youtube.com/watch?v=5G1X32yKJOQ
3fVXozltrCB6Z_kaLvnmO,https://www.youtube.com/watch?v=kQuZmkZO2Jc
G5e3uMWU4UUOg14rklQQd,https://www.youtube.com/watch?v=wh59W3cUmk0
tFRFG55hH9I3v8r5x5wCX,https://www.youtube.com/watch?v=6ASCFpLgtYw
gCiYog1iFgmIad4u-qYFF,https://www.youtube.com/watch?v=EAWuj926YQ0
C80hN96T3QKLdN3057GCN,https://www.youtube.com/watch?v=IPjqw5uFF7s
uTs7VSXKgkSv7KmgIvBMY,https://www.youtube.com/watch?v=0D-NvWhuyEY
ppZkrbZ1ESTdaLiUlmV5d,https://www.youtube.com/watch?v=D9dysxVt9-k
ntSYqsfjPonl36M9yHasY,https://www.youtube.com/watch?v=reIeUzpzMx4
ClGtyaEJTVz4vJ7kpj8K0,https://www.youtube.com/watch?v=rbc_jYnXUj4
xNiNyALOInMUh3fSYnTru,https://www.youtube.com/watch?v=fBThpvkfInY
kqRczb-5sCq_V0lfjCely,https://www.youtube.com/watch?v=kDzmVWZsUGY
Ypl0CgET59FCHiQx4Y-Dy,https://www.youtube.com/watch?v=2erhlfyZDJ4
MxEE0G29h5vYzzQJ08-qX,https://www.youtube.com/watch?v=cZaK8rQ2loY
oqpGzcvtkiATdcYd6xBo4,https://www.youtube.com/watch?v=A1X6CaW8mtY
8bXFCe9e1pwH6dexLsFMU,https://www.youtube.com/watch?v=DN1u9qrDs70
_qZInrD2nr6kVzE117vq5,https://www.youtube.com/watch?v=7_JVhz9nHh0
BSqDYnCAicPhP5SHSsUrw,https://www.youtube.com/watch?v=kISFGO3oYG4
GNVNvU1hg1-ScJygKvNR9,https://www.youtube.com/watch?v=tiXxlF05XwE
SC5xYA7FHDNzjT4U5Grb2,https://www.youtube.com/watch?v=em01VJ-Ep00
nYLy8RxG0-cDqYFWUYZqK,https://www.youtube.com/watch?v=a6mRt-any0U
zdYZpzAmu6qtgd8w8x0n1,https://www.youtube.com/watch?v=BgPebTFrgFA
uJEbXdmarcrEAbnpX3HKt,https://www.youtube.com/watch?v=GurXsyMFJZY
kHOznFAR__keLylGGdv9q,https://www.youtube.com/watch?v=YyrrYJvA_cM
c7ybMWHn2nGDSMGR1vyXd,https://www.youtube.com/watch?v=unEQt6UC_kI
KvranurAMz0sSpnUiG09C,https://www.youtube.com/watch?v=uanIfV4nQEU
LWwWqW0puIMk6U4IKg-06,https://www.youtube.com/watch?v=AKTHcUAMJ6Y
9OhT8IggCyVI4WmjdwOky,https://www.youtube.com/watch?v=yn2vgbXtaM4
nBJ80WPuVoHowtSvGE2lG,https://www.youtube.com/watch?v=SBJpswYzGjY
wOOm0UelguDke-NCkPkYd,https://www.youtube.com/watch?v=jxzNFpkgtPc
dc3KZnulbCNHDLRm_iSZ-,https://www.youtube.com/watch?v=Ppuqev_HF9E
o9H7HvureJWorTe8oairm,https://www.youtube.com/watch?v=ZxMXPBpC_bc
fyVxU5FHxdOL12Fc_vtj6,https://www.youtube.com/watch?v=rFGdaSHIzSE
naVMeMEuTh7MBD6zXnX5Y,https://www.youtube.com/watch?v=WlAwwUVt5Ic
YsXseVZ2-xXz-HjQFRMga,https://www.youtube.com/watch?v=_ex5xUGgIyY
AUdW9Emu5I0s_FvJ5Vx2T,https://www.youtube.com/watch?v=XyM8hUT8wSU
7Jw1WS14lFgF2BUFgNGj1,https://www.youtube.com/watch?v=AEZAErHsZfo
nSbThJ-GrVHp28HvgFQm-,https://www.youtube.com/watch?v=7fjEKsk5kes
aCOt0s_5IU5Zf_l7RFzBS,https://www.youtube.com/watch?v=MiGtac-WVuA
f55xY1IlQ2kifZk6U2nsT,https://www.youtube.com/watch?v=0_855v7sAwY
h15X0HeaL0mIUF8M3IQXZ,https://www.youtube.com/watch?v=mBvihkbWHRg
WEvjZZ8t-yS7zwfqL_wDG,https://www.youtube.com/watch?v=xWsvcHRGQVg
tDIq_uL53rhxQDE3eUIKO,https://www.youtube.com/watch?v=ybFKHv1Jt_Q
sg7ws1UPgpuw2hnkGvMcQ,https://www.youtube.com/watch?v=3QySnZ5ZO90
pThbwjMJVFaTgRDUckQN9,https://www.youtube.com/watch?v=BFg04XdOROg
Hj1-U_rwOjUEFsqFOaX7I,https://www.youtube.com/watch?v=z-dfJ7MyZXA
wa41fg4rEEEXQqDfvUEqJ,https://www.youtube.com/watch?v=Sm9PIysbOuk
dpOzszOaNHTAkCELheAFs,https://www.youtube.com/watch?v=18YqrvF_nKA
WvNq2BnYceUUXOt-Z4Kuh,https://www.youtube.com/watch?v=1p09Sj0PZ9Y
uD3GkS_qDT7yesdKmCkPG,https://www.youtube.com/watch?v=vKEsnaO2kDk
Kt7AuhyjSz9G_TOifm3Qi,https://www.youtube.com/watch?v=3U0rPvCCJFE
Y-3I-MuKwaoeVHXWsu1gL,https://www.youtube.com/watch?v=xiuw6pjaFSE
gwgRhBFWrwgwg_EQ3zUSm,https://www.youtube.com/watch?v=GdVpWYlPhgU
_OjPzPVScmetFdgvr2k4B,https://www.youtube.com/watch?v=ed2TnHbIyXY
ZtqjuV_DaqYDj0SYWMjWB,https://www.youtube.com/watch?v=tIANf1dNauI
bbtAlBbo-oHlhBRUhfv15,https://www.youtube.com/watch?v=CfndALuXq_0
Kc-cFRuNutYn6BOXaGXMx,https://www.youtube.com/watch?v=oOH-uWM8KMc
zidnG2gWCyavql9DbKEAe,https://www.youtube.com/watch?v=fUXj86tyJPc
ILNkwyE9a7mZXhAkx0RUi,https://www.youtube.com/watch?v=gTus1wIwxvI
-q-qvsqPdht5eKkReanFK,https://www.youtube.com/watch?v=VQTbrFu8IO4
PffDoWefqyfh6pb2xbOHN,https://www.youtube.com/watch?v=w8HGrHZCvuM
5Sy5ZZSel25ypKbcBj_yE,https://www.youtube.com/watch?v=qtUM15x50oU
G2MyM_mzZuuM7lzcFSDd0,https://www.youtube.com/watch?v=Djlw0GCyUm8
HgufauzP3gPs1-0iPRaID,https://www.youtube.com/watch?v=qmhZhGHb36w
D3fBQeOcy1bS9iad50U1w,https://www.youtube.com/watch?v=ahsrRIIxnvg
rLrA7Hk1aIPCoB_Qf2GgF,https://www.youtube.com/watch?v=pk9hYnAB87w
fQ8Z3XohxrTE_FWruRjYd,https://www.youtube.com/watch?v=uelgeo005YQ
AvTSFcdBIYjUMabYyFeyY,https://www.youtube.com/watch?v=qhKppsDzXEM
2ot0wpwB6bOYanmV0D9R5,https://www.youtube.com/watch?v=GS9V-jOgAMo
QUk7zsnP-V9AKdtEG-WuI,https://www.youtube.com/watch?v=clU_mcBFV80
ooQ9Msx8zO9GW1TK7YWhS,https://www.youtube.com/watch?v=369dLeWCT4E
yem-eYKl3IEqkRpu6utci,https://www.youtube.com/watch?v=MlRaK4UBJWw
z5FvcX_KSShbg-LTDvy5z,https://www.youtube.com/watch?v=_lVztEaMDhg
OubYCawMpLVW33872V_nK,https://www.youtube.com/watch?v=AhuYiw048QQ
IxG3PBO7I-dKjc6i0_QHv,https://www.youtube.com/watch?v=l4hBc27C2Sk
SpV6GyO09E0zszBTbxjk0,https://www.youtube.com/watch?v=ieqCzPwcZZI
5TTR2inHabKjdE8pkRnl4,https://www.youtube.com/watch?v=dWtosSLL7UY
ycpFAPDzdHuVqwe8Wjggp,https://www.youtube.com/watch?v=BZPMmwdzIVI
GgOZDTw2RjaN6vHxspjAG,https://www.youtube.com/watch?v=VCB0lXH1iJI
CgXpl8KcM06uPQ5labfQS,https://www.youtube.com/watch?v=-bCTWutvit0
DtdFnXJ0vLNjt22FuHi0z,https://www.youtube.com/watch?v=3yToONT5DV0
mVHgS_uYgx9jSQZpA3DDv,https://www.youtube.com/watch?v=HkY0Z6nfSIc
yvlUsN8cxnxYZE2EFZCCL,https://www.youtube.com/watch?v=BllchOk4GdI
9kNDO5u_NPokRWYGcnKzz,https://www.youtube.com/watch?v=u9DEnBysC6A
48Bg2-5eoJ2uQKxNGB1VI,https://www.youtube.com/watch?v=2GCunhWkZag
kYFOTkpLVDiXbVEkdXwJM,https://www.youtube.com/watch?v=BUxqsLVzzFM
XHs4bEaIuBYVNL6WoWaYR,https://www.youtube.com/watch?v=mvsWRvM2Nyk
V7uY9DkF3LpC8PTVPk7f6,https://www.youtube.com/watch?v=IvKMj3TNpdw
6h_GOh9cjfbJlQsyQ4QRh,https://www.youtube.com/watch?v=lFG-esM4Ybc
hPHxAp6Zipkyy9EPD5S_V,https://www.youtube.com/watch?v=hl_xvCa3z_M
0skNykteQB1IZt9jeeAOm,https://www.youtube.com/watch?v=euDD-pHJq6o
y89rEUwJAYajJ-_QXrsQN,https://www.youtube.com/watch?v=zHF0Vj0-UuQ
IHpSfEJ-z08B1dD2c-UGC,https://www.youtube.com/watch?v=FqVf2Mzw2WM
aagTUyxHVIH9U1t3jvYpY,https://www.youtube.com/watch?v=Xnku63jhheU
H8HiGmMKe28sL62WySwFF,https://www.youtube.com/watch?v=Q8keFZMxD24
ZIhZJCSWVw1YDhm5L_Sy5,https://www.youtube.com/watch?v=QDMsVZlc_2g
FIKsLVmM0osVY9qhXMWJh,https://www.youtube.com/watch?v=JPJDKODkhWM
CtJ7_E9UtJ8JoQA3PCYLl,https://www.youtube.com/watch?v=JYNZ02w1FIo
lJOSDrm_Csz4WqeuaihKJ,https://www.youtube.com/watch?v=k8SxmmEM8Vo
34HHH58jprFWunk1KxqKA,https://www.youtube.com/watch?v=jTCW1niVOI0
sPN8VaI_a_ry-ZIV_4PUa,https://www.youtube.com/watch?v=mkNwJ3cfj-U
GqORHn9OdPJIaBz8Zv5PC,https://www.youtube.com/watch?v=LIzr1ShK1jM
DPF5tPka0PiRJ5_1iDWYc,https://www.youtube.com/watch?v=_Fi12wTTctg
jXKhhKEufjTW4QqeDHJ66,https://www.youtube.com/watch?v=etqI4eU_tJc
LLAcVm5y-YAjdNrUSn-Na,https://www.youtube.com/watch?v=5pzwmDg0dTo
C5wFMtAMBzEriIABTmW_q,https://www.youtube.com/watch?v=oNMjGr5rQlY
r-OZaHVHvI0d2yNN7eetm,https://www.youtube.com/watch?v=bEzfJpeAsQw
UfrjgINZcOpX6eyXGPAwD,https://www.youtube.com/watch?v=VN5lGwdfgWE
h-9Ocj0AvI7SI9AS6TT-N,https://www.youtube.com/watch?v=Ts2WAlylV_s
1oYmIucQA4whpjNFSSc61,https://www.youtube.com/watch?v=ZXjNQuQLys0
v71jzdRfKSZpEJJwWUe1s,https://www.youtube.com/watch?v=rAP0vm_WlEI
cvL-nvCoM3NPJQ7xbK93Y,https://www.youtube.com/watch?v=wuxNzi9l4w8
z9HlIUjLZGRlE9eVmcoEJ,https://www.youtube.com/watch?v=7xX4YJ3ElK0
DJWFOx-M6EtDCfJSHf26l,https://www.youtube.com/watch?v=g5g9zt1TQwc
tyx1gVVvYhljorD-h9cV-,https://www.youtube.com/watch?v=5dZmW98_kzE
4VlxcClkT3vocgRhdysEU,https://www.youtube.com/watch?v=K5AGdk4ISsI
n92kXr9lToLETMD4EJzSz,https://www.youtube.com/watch?v=H_vl3XzrQdA
cGM_BL9506MlOnz4sx1qW,https://www.youtube.com/watch?v=_41qqeXiX54
d_EJzdrl2GjPbgrcz_iDh,https://www.youtube.com/watch?v=jDkHmKQVhfI
9LRJUY4OQ_a5oTI0yl-xj,https://www.youtube.com/watch?v=Bb3fj_ymPx0
h7LsNlqZMpJ2pcjFiEd5Q,https://www.youtube.com/watch?v=0KKXHv9DMsM
HnYoeOWdjkVM_K8J6-KAf,https://www.youtube.com/watch?v=UTOvcVPG8c4
cmyNqNhGu8nLdskpWI1Sl,https://www.youtube.com/watch?v=SxwepYKzwME
yoO4x9yY9clMpYLA1bjQp,https://www.youtube.com/watch?v=CqFlrgnfktc
JjqwEDNsOkZYDVgaIl6P0,https://www.youtube.com/watch?v=jH2pRri0qi8
ZypcwYSPzq0FIXIJayqgm,https://www.youtube.com/watch?v=lqwPtBnvLaI
4P10K-ZaVc9-q1BXYXzBC,https://www.youtube.com/watch?v=MJD7XY9jM8s
43n07Lerd82MdVHd_Zfhj,https://www.youtube.com/watch?v=PWB7AlvCHUM
nxBO2fJtrRHjtKYEw-8sK,https://www.youtube.com/watch?v=CVXxFaByQtA
7hZhgpxvNEIN94F_tVhw8,https://www.youtube.com/watch?v=aMGS9EV6GEo
fAHMTxGl7zS3zpYRzyaPb,https://www.youtube.com/watch?v=LkULxih_pGo
rnzC2GQEl-3b_RQ6eJtQL,https://www.youtube.com/watch?v=DsKAyse-uUE
i6b6zLSXWRLXLxhN4tq91,https://www.youtube.com/watch?v=Ji737rdiI1U
uiLSF-oxlOi4SJnsHRQ8O,https://www.youtube.com/watch?v=44Wi7DlLBeU
qQSYNuwF3B4rvFszfqoU3,https://www.youtube.com/watch?v=T7kHJbI2cWg
H2g7OCk69Tcz1_iypemVm,https://www.youtube.com/watch?v=PDraoWGtBrs
bBrRwul72xKcVQHg4X6Wc,https://www.youtube.com/watch?v=vQZkp0oyPFo
fcrVgzhRb7hUCVu9j4ylE,https://www.youtube.com/watch?v=I4A4ZEzRokQ
kaht51SuYVCsJa09z9eYa,https://www.youtube.com/watch?v=zv80CHzK-kQ
Ldl-7rdSc7_5tWZ8cfbsT,https://www.youtube.com/watch?v=FUgdMCZtPnk
rciquKnMo4kD6QcRQPiCW,https://www.youtube.com/watch?v=MhulG_Zx-7Q
WvEHXBV2MhSZol7MrZJ49,https://www.youtube.com/watch?v=_QZbpVWKk5A
_eSYkl536Z43JlrDQYE1b,https://www.youtube.com/watch?v=5t-OdNu5Kgc
Db__fznvrL9rMiWwlzSok,https://www.youtube.com/watch?v=ihFwfyzT_mI
k1uCBlY7gZjeS2tXYWYPv,https://www.youtube.com/watch?v=36RtBOdSBII
ZLi1LqAQsgN2Wkc0_4dmU,https://www.youtube.com/watch?v=Vdoa1nTPkaU
ngwPjOUTPyI7wSRZJiGE1,https://www.youtube.com/watch?v=XaCpiL-7DGU
kZX9HxbPRh3ySxjLe3nfv,https://www.youtube.com/watch?v=5Hoiy3CV7vk
D52QTfFW5OHsD7is5lD6U,https://www.youtube.com/watch?v=NmAbzHTnjCw
gs8NGaXezIqAP0VVKRpJ4,https://www.youtube.com/watch?v=FBbTXWEg8I8
-kO69iqLyVB8MwtOHFJTR,https://www.youtube.com/watch?v=-ECkURioBvI
F6t5HFDIskWSW2oS5sGzy,https://www.youtube.com/watch?v=fNuL_O7mkoM
13qZ-jwvuZbWX9RusEKHr,https://www.youtube.com/watch?v=Td361_hz7c0
S2MpRyd5gT65Nw6kkBMJU,https://www.youtube.com/watch?v=Nq1Rfp0K9Xk
k-wfk798bfq2smqKxOJPD,https://www.youtube.com/watch?v=ucajvZ1JwrY
n-24d57N9xQ1-uSJFsDKK,https://www.youtube.com/watch?v=YPupFcp2Dwo
OH3vFS6b23UuqiWdaVwei,https://www.youtube.com/watch?v=MQTliZaML5Q
sH35B4XpQDTXO1CHty7h7,https://www.youtube.com/watch?v=gc5RfTihFEM
a8AmlKK9qazjRh1V3bdNk,https://www.youtube.com/watch?v=kXfJNuj7H4c
cM4VD8rQgKv052C7JIL01,https://www.youtube.com/watch?v=rROiUzwF9Vo
sAr0Oa_bYx3gWkXfARbao,https://www.youtube.com/watch?v=yDaCARopVew
BRnuMKdsRIok7rH0U4h3b,https://www.youtube.com/watch?v=S82VcLtKIyA
esiLzYyI1V0vrc-F-YGp6,https://www.youtube.com/watch?v=QSkUGjiS-xk
8GgS4GPrTSZIxAh2FTmK1,https://www.youtube.com/watch?v=WJ8M61cFums
3a6BC7CMtgeQsHtu-dpH5,https://www.youtube.com/watch?v=sw0qUxQ9ylw
E7dyO3JpuSfXOPjvKglhV,https://www.youtube.com/watch?v=zS_nnfxUhIE
zkE3hCmilNpT_vWsggb26,https://www.youtube.com/watch?v=lhnLnu0j6W8
sbGMtHbzfKkTcXv2uuVmu,https://www.youtube.com/watch?v=tk2ptc5CI3o
2oCV1C5NAWp070_Ry3G8U,https://www.youtube.com/watch?v=ZHUH25r8Vvo
srN5AvMzdUAqnEjDEB7H5,https://www.youtube.com/watch?v=Qd7eB4wP8k8
1K04TGCWGadsZKAe035VF,https://www.youtube.com/watch?v=UcqU8q2XcVM
inyD-7yCV89TPB27Y0h7l,https://www.youtube.com/watch?v=XfX1PDGAK1Q
jlvvKf-rR3F0HeTZ-HGzU,https://www.youtube.com/watch?v=xoXsWNwR-gs
IneNTZU4bG6-LEqKxpz1W,https://www.youtube.com/watch?v=hpnOhnnX4Lg
5yi6YWYdNtixC2bLyOHIi,https://www.youtube.com/watch?v=V7YOs4FgZn0
B4_NqDQAeX8cq1nRylEgF,https://www.youtube.com/watch?v=-aaI3XtZCTQ
Ai-31ho2plvyUE522D3SH,https://www.youtube.com/watch?v=26W1oYyOZcc
YEwyIDBYxnC6u5DS0P5ZP,https://www.youtube.com/watch?v=OcXVISOxrow
Q80jkzpvWIlYjZw_IHJUm,https://www.youtube.com/watch?v=O-OWSsRSRb0
OY6Udnc16saGtTHeYCX_L,https://www.youtube.com/watch?v=oMZSPrvhot8
Hxk2Njsqb95w4znuVS5hg,https://www.youtube.com/watch?v=p8Ozef1ITTI
yOy5wzapBVy2mlqkFwJNC,https://www.youtube.com/watch?v=YUzCnUpNiqw
iI2IdNmqliHrPsYcgj5vm,https://www.youtube.com/watch?v=MHQLOehNQT0
zQc_JwGHY0X8nCvFjFziC,https://www.youtube.com/watch?v=X2J676UAh6Y
SH84-eO_aU-ogE_rhFQ9i,https://www.youtube.com/watch?v=ofdWC5arnjE
Kt7AimVqU_oTgycsuUPXy,https://www.youtube.com/watch?v=-CYx7jtrLv4
T2eCHyKM63JOLzXC3-MDW,https://www.youtube.com/watch?v=Z5WODQL9reA
Sz8PEFpFkv19es9zjO2oT,https://www.youtube.com/watch?v=ww00Z9qFfPk
3dGIMOKrPb1BjalmKQCct,https://www.youtube.com/watch?v=4aDBAnfJL98
IwxSNt1oWnQ-Gv4c4X8H4,https://www.youtube.com/watch?v=WsfV1Y5Xf1g
cc0wjMc9WB6SV_COlYHSR,https://www.youtube.com/watch?v=1hCBbxmPA7k
TSzDZelbQC5gFE2CRJJQ4,https://www.youtube.com/watch?v=Uh2aaUyEl4w
uy7aZOtIW9mnqd9eNjmMZ,https://www.youtube.com/watch?v=mUfAad0lfYk
yRVlPMwEuyw07Mo6rDwFQ,https://www.youtube.com/watch?v=O15Wn1Wsnqo
Bk0PGIUE--y3bud0p03Ju,https://www.youtube.com/watch?v=1GWqW6_7FWI
9GWTDnwcgod1vxYR9ADSA,https://www.youtube.com/watch?v=5xFBo7L5KEQ
s2R--z130dHzuNDg9NPuQ,https://www.youtube.com/watch?v=gczUMNAaBCI
st0j5im9BmYuYlIKSzLnS,https://www.youtube.com/watch?v=OKt-800FDbY
TZBByij0j-_eD_z36e5-E,https://www.youtube.com/watch?v=To6Vue-B9sc
2ZRoDtmXaOMGdb6ApIIOn,https://www.youtube.com/watch?v=J9GI1R8MaQo
kJ2zOX4zG5Gt5hvzR1k_-,https://www.youtube.com/watch?v=O0C6oNl7IKU
oeP9EV5Krf_C4W2cJhF9O,https://www.youtube.com/watch?v=qOM5uLiCAWw
oM4HFsW4Z7L1p_FIMMco3,https://www.youtube.com/watch?v=_E5undWFEX4
LXRG4oYlLE1FqMYPcW9Lb,https://www.youtube.com/watch?v=0bUX9O2uEWk
IXGNRrPzrR1lGsNw2MjFM,https://www.youtube.com/watch?v=ybFgGiqjqJE
ihycWHhQSYcDMjApzACAj,https://www.youtube.com/watch?v=MRorWlZ137Y
N9FgMkeemciXUjBErfrJs,https://www.youtube.com/watch?v=3ni65Ns2lLc
U8d9iduCTMVOdFqMq0gKw,https://www.youtube.com/watch?v=rXMjE1wRph8
CNVHrfXepLryuU2atydVe,https://www.youtube.com/watch?v=oAbbcJ7Jca8
bf5oy45coCsfnkiqmsd4Y,https://www.youtube.com/watch?v=GvRaIudsu-I
hYla82B2WMnlCuZKNJ9dd,https://www.youtube.com/watch?v=irN0fWMek0o
ZYBBXsJl4rmNR90-JKMYM,https://www.youtube.com/watch?v=idNoUQhb7bM
hujHq-6ABVVU3S6ngDNEH,https://www.youtube.com/watch?v=mwRX1T1-VXM
1nkAJ7ceZW-vrlrR8WLhv,https://www.youtube.com/watch?v=hq7taDhefro
iSrYcfyzXDnV8tsIUbaYI,https://www.youtube.com/watch?v=ZziHh0mfjOM
IwkW6OOeSZIMGy_ozAkBf,https://www.youtube.com/watch?v=Ux8n2TxGNIE
OAR8pIVPRsLGEg85tB4pe,https://www.youtube.com/watch?v=rvQD3bbXaAw
h17rkbp765ahNcnAz9h3o,https://www.youtube.com/watch?v=7CxSz6C0INc
sT-eRreb4cDG3WpNfbqs7,https://www.youtube.com/watch?v=QAYQagpFyew
XGKRsvhF-LpWn79AKPsit,https://www.youtube.com/watch?v=o7o45jgZ2IM
-K0AVdPZkbSF3t1cdJTKp,https://www.youtube.com/watch?v=pmsY_D4-w20
mwwJ9khDMJvAgwIu7KT-G,https://www.youtube.com/watch?v=KF-Ho3Jc_l4
5oOkkL2H43HCP7fKGe92I,https://www.youtube.com/watch?v=LixlEfJchuY
xai-UhugJtJlNT-IqPiGT,https://www.youtube.com/watch?v=ASkn0RPBGZ8
EJezPRswFnw9mS_ztnIL4,https://www.youtube.com/watch?v=mmUC8ciMSmE
18ZG2gUQclTcXA5AX5U3o,https://www.youtube.com/watch?v=vDGUBqH4GLU
zRyR7T83YhXBwjKr7UnWB,https://www.youtube.com/watch?v=q02oZ6m3Mvw
FQ28H-5ndOa7PeX_63VId,https://www.youtube.com/watch?v=iiY-NJjfVEg
kyvQxJpUmVb6mJWzxoM5W,https://www.youtube.com/watch?v=696lOt9nrLw
6Rph7cvac2Fe4RBQ_YZvK,https://www.youtube.com/watch?v=CIbOOrYcLZ0
jB4fcy2JzuAr-pXQVe7so,https://www.youtube.com/watch?v=FocdVWtjmyc
xELfSbEGsa6BIEZ22rnMS,https://www.youtube.com/watch?v=9g7qxe-9fys
HrvkQWGIGe2c5p5B9-hOg,https://www.youtube.com/watch?v=SDXXS5GAkcM
S6YmQHrXFzTMXRAaISndg,https://www.youtube.com/watch?v=Y-p5iGqYuTA
8d4qPs3E2hi0l9p8dZn5Z,https://www.youtube.com/watch?v=LcJuvkE2pAc
gubPJEYpJIPk3Cw8FpoHf,https://www.youtube.com/watch?v=FqHEHI3zw1U
zafx7fSRdQJeky0J3tU5a,https://www.youtube.com/watch?v=k6lUR4qUiZc
ChJJ5G7Tkmo3i8uLtsGL1,https://www.youtube.com/watch?v=1tTlKsMwUEY
eXOXF1MEtBSa_ZcouaIjH,https://www.youtube.com/watch?v=IfKpgK1SUGk
0agpD6ampcj1OruTsaU_U,https://www.youtube.com/watch?v=FC5MKKWA7NU
nv2-XWjaoOhCaQQG0urVo,https://www.youtube.com/watch?v=bcoV136KS4E
EOWFbTWesnWunRdoLPjdd,https://www.youtube.com/watch?v=SYL7snjFS98
02rK2tmvy78EC82e07F7J,https://www.youtube.com/watch?v=Uzb3KJK9s-A
D28nRjSmZ9Cv_Rd1GyWkf,https://www.youtube.com/watch?v=UfJXSnPA0Vk
vp2p-tM12rDAnsckk5uqQ,https://www.youtube.com/watch?v=6vgezi1P1Zs
xMtHid-VBGNlwpwrtPI95,https://www.youtube.com/watch?v=ruHygORtiNY
kEHe2j5p36aIlfoR_CKYU,https://www.youtube.com/watch?v=_oC-iRfJ5GM
9uUcVGzqiU37YPgyH6iTE,https://www.youtube.com/watch?v=aJvQA1g7B1A
uaFVLWYapLOZCs74xR0-h,https://www.youtube.com/watch?v=3pKxo4djmXU
W5qog1RdCDMor2xhnjnJi,https://www.youtube.com/watch?v=mqXC6L__w64
SYDo_3Qt7USxTIoEfJjxh,https://www.youtube.com/watch?v=SKBULonKJME
TLVkZeWuPdPdHJejXay95,https://www.youtube.com/watch?v=30PKo6RHT4E
ePDjQDQgBu8qGNO5yCeJi,https://www.youtube.com/watch?v=YD1Xlq5BKz4
zmSkoCHRZL1rtnixykJ5R,https://www.youtube.com/watch?v=NNPexWk0JEM
4A0aj3FHpw44dYK0ldGzy,https://www.youtube.com/watch?v=n2IyG458aic
Qf1jjRO0WFUNQ1bhGIWSA,https://www.youtube.com/watch?v=pTjKlyj-BtU
A1hLmTVOD_zevTENnQ3yz,https://www.youtube.com/watch?v=V_whBZW1KuY
h4NcPl73umr_hA60FQyTn,https://www.youtube.com/watch?v=RQLT2kmwYJ0
B0MOZK8O-nq7-KWbbh9lY,https://www.youtube.com/watch?v=M_pSAdEilAE
EGSFhtHplx5qTQLqrz6mQ,https://www.youtube.com/watch?v=Qa5UMVQBgcs
R2YM-kdU0jO0SPPWpxmB2,https://www.youtube.com/watch?v=nDitVR52lvk
YPT0skq-VHxOkxW6lUUab,https://www.youtube.com/watch?v=0BHS6fjfbsY
xgo-A-1KqGnwTyPhdYBPC,https://www.youtube.com/watch?v=in1CU5DRDO0
cAIA31FDoOe3od3nUyKys,https://www.youtube.com/watch?v=BBoybGKB0CM
eF4tQq3EUiqnNX7s1ANVs,https://www.youtube.com/watch?v=XVm1ZzAZp0o
3ux52eEdA_3W2UsoOfb-_,https://www.youtube.com/watch?v=uIe53Ii5ZRA
lir-ikUJFhWypL_wSVZzE,https://www.youtube.com/watch?v=GXZ4MQL1EUA
5qpLKqs9R5mOCIKW4sLnG,https://www.youtube.com/watch?v=Z0zsQnL_WyY
uA_Y25Vrroq0Igndx0Kvc,https://www.youtube.com/watch?v=CvG_aA3Vuus
9b-olcpEFmCySOADHuo1P,https://www.youtube.com/watch?v=f-EWY0uXURc
arA2SfrEGp-4TCldZhTnp,https://www.youtube.com/watch?v=4YIfq6d0RSM
_ftbTv2EdntQFENTwr4bV,https://www.youtube.com/watch?v=Zq_b3647Gak
nWoPW9kngBrKwQkckK0Zy,https://www.youtube.com/watch?v=pd3yDpooIo4
DJ9w9YKE_uoKknjP493SO,https://www.youtube.com/watch?v=x_E169dGNkQ
HZGMPNu43LYJ4LXkVrrMS,https://www.youtube.com/watch?v=rQ3uJirmwRA
FxmN2Y7ymV5JLaVMO0wJ8,https://www.youtube.com/watch?v=R41c9NKt4UY
z3SpkCueUuu3GhEUoa3My,https://www.youtube.com/watch?v=79wNjmx6E20
-W7aYsvwWj9f_buKW2X3N,https://www.youtube.com/watch?v=jBqEGEp02vw
iFQLY357XDQOldbntbs9q,https://www.youtube.com/watch?v=sjO-89nfsIk
dgKzLOODJxumOG2DSUju0,https://www.youtube.com/watch?v=d5_7HBNqVKU
vQZZuDBqzmKwdhOuZSeuO,https://www.youtube.com/watch?v=svx4v2b2K3I
_HJEYQvabPsQ81mFL8qa8,https://www.youtube.com/watch?v=AqaOwycoZf0
Gpf9wVNlX_VyFWarh0cy5,https://www.youtube.com/watch?v=nup12XSHHkA
JQ8TV3EYNmO3aq13VTLY5,https://www.youtube.com/watch?v=t8fhDYVzTmM
tkz1ZMGMgFSuDj1Fqndko,https://www.youtube.com/watch?v=LwgozlVIjtM
SsoPLxyduMLUJi8iDqA0Z,https://www.youtube.com/watch?v=KGR5OLI5Jgo
PliFPYhqViQohTvwLMtWr,https://www.youtube.com/watch?v=k3FJcxzf3u8
T68CGcAeVrxI2G2nKJa1P,https://www.youtube.com/watch?v=oFRLvHXfacU
1Jv56T2qZrtmG8IbOtz9f,https://www.youtube.com/watch?v=znN9Zjxf0bY
VTiqaRZ8aO0wkw0oo59VR,https://www.youtube.com/watch?v=VCxVACJ61Zc
p51ncsRNNFrIfC5O_1ylw,https://www.youtube.com/watch?v=3DnrHyNrX3s
e1w2ZhcwPlVcOdm0_XLfI,https://www.youtube.com/watch?v=wDrBYOKHxbg
y2Y41hEBck1O1TCVac-N-,https://www.youtube.com/watch?v=RHUuQ29-he8
kB-WLIPgyCBFroE1vIPzA,https://www.youtube.com/watch?v=abmGk_l_wcY
4tGNN2qMH-i_PZWS6hnvj,https://www.youtube.com/watch?v=KMLdzbqP5cY
y5ppPNxQ8IlcwWu5S5dqZ,https://www.youtube.com/watch?v=YpownMRcQo4
BuzTbMeqvVbbFRSQKjiM2,https://www.youtube.com/watch?v=mE7qDpqf9-s
dsYsO75voqD6Ic5NF0P4w,https://www.youtube.com/watch?v=6CNHky_IXyg
FtwIHHwGbPz7WhOptb5fW,https://www.youtube.com/watch?v=lVywcnKIKUY
B1FR5JEpqfR-7xh_MdNM9,https://www.youtube.com/watch?v=p9IZCyGMmH0
ZlwOys0673ogL_sOz_j-m,https://www.youtube.com/watch?v=TckfwKVtjT0
TVVyk-SdURjsLGb2xiBoR,https://www.youtube.com/watch?v=OyoXry6PcSI
0-cB2k-f00-7LskTVrHgK,https://www.youtube.com/watch?v=Nf2c2745PuE
aeY7G9OAStgc_UMyXzwBQ,https://www.youtube.com/watch?v=9xJeefhJQ9Q
Ehol1xdoKWbWgR9ZmV2oo,https://www.youtube.com/watch?v=XRMntK2rEwU
UVMLLg3IurhnksoqlVCRR,https://www.youtube.com/watch?v=zXhtjE3nfwI
aA4_yE2HdOAAx8-z5u6LS,https://www.youtube.com/watch?v=GYLqRNbuSwQ
wTRLAf5vp01CP1z_3vqVv,https://www.youtube.com/watch?v=WRWLuOhwq-I
MOkhTLHYvyAqg-mQT9wln,https://www.youtube.com/watch?v=dDCHrfydauE
WK-VCnaIT-YyXTM9kis1s,https://www.youtube.com/watch?v=hyTYtyR_iQg
_KBmDt-s-d9nKxkjUAHIE,https://www.youtube.com/watch?v=nCvQ1lmiJiY
qM_xv35bcxVUEJ3c4MB9O,https://www.youtube.com/watch?v=XYicT1UbFdw
ZwATJ9__TdVmxUUAoQ5bu,https://www.youtube.com/watch?v=OFE9XTETRkw
fj5wDjjKm9p3LJVjGUSUp,https://www.youtube.com/watch?v=FnVtAHInbJA
wOVn1SuhY83Gud6z-zvPm,https://www.youtube.com/watch?v=mRXgF0yV1sk
PPPxUZZ45wvYC8HGidRoh,https://www.youtube.com/watch?v=GJMPPoig4dg
MpTDFl6h_mrufNc_HsT5G,https://www.youtube.com/watch?v=mQsPjTvk2SE
RPxKAnhOLxoa7Y9JhNqIo,https://www.youtube.com/watch?v=k7aIdLwDPy8
l_r-YYsbEA1McT5lLH-jo,https://www.youtube.com/watch?v=sZpE7zi-14o
vqDjLLPqLCtTKNa3OJRdn,https://www.youtube.com/watch?v=r1Bn5NsQk_Y
xQR2o-f_m15V2JNjtjlVW,https://www.youtube.com/watch?v=ueMlOeFK1Og
Ta8NUcrhsi00EkMIJJKUv,https://www.youtube.com/watch?v=w8qgZpPAttU
aUe89HCb3quKAkVsIC1qq,https://www.youtube.com/watch?v=DccGFKhOTfs
cJ8LSQYk-LN7eeO8kY2zW,https://www.youtube.com/watch?v=5MCtxrDKG44
KddzN-vULj4YNB7UlCJrw,https://www.youtube.com/watch?v=_z6dxlwTVrQ
c97Giiq7x-Tl4BWoLHuVG,https://www.youtube.com/watch?v=Jyu--oxeELc
bD1yBGUWHWpPiIBGchSGv,https://www.youtube.com/watch?v=K4ItAh9MVVs
rRMQ7yH2acKO0a4sxazAP,https://www.youtube.com/watch?v=XhkWR-sK_fM
ZVigY7zTKMo5bqnnc0LXA,https://www.youtube.com/watch?v=z88QNUkfAK0
jLRYfH_4LXScoAuNxrUYz,https://www.youtube.com/watch?v=j2OQ3_oZIzM
t0nOzfgcJKY8OZ9z0SOxH,https://www.youtube.com/watch?v=IHCraerrIv4
nb9c2333Rnzb200nv7n64,https://www.youtube.com/watch?v=V7T8F_jNeSw
YSWBZdoWVerwZW2653gDi,https://www.youtube.com/watch?v=UAT5tP-bCgA
MbFS6Jo3JjTEdtj1y2K6D,https://www.youtube.com/watch?v=e_TbSyf-Xqw
izptUY5TsC96kNU8wVB8k,https://www.youtube.com/watch?v=hlX6d4ouRB8
Km9f8tGuiON_Mjs4Hty6p,https://www.youtube.com/watch?v=1o-XjI7t9Sg
AdtBDNDaokpqgk5B7X28p,https://www.youtube.com/watch?v=3dvzo4F07RM
U4PUO_9zEeRmIXh2ZMAzx,https://www.youtube.com/watch?v=TfGsWFWIm_k
wwjJNlgYa3g9GT6WU6L7q,https://www.youtube.com/watch?v=PZfGt_KfL7M
ZO9VcoKyZpxgTg4b9ttwI,https://www.youtube.com/watch?v=qhn4sQ4kStU
xwM2E-JEFrYlaE8HMjDdV,https://www.youtube.com/watch?v=APEzVtzumtk
lr73Iet0-ldhwldm7G3VR,https://www.youtube.com/watch?v=kvtDNX8Dclk
wLsTSoObPCxd2NrrLiZrH,https://www.youtube.com/watch?v=nH0EsG_3Ptk
EBxc0xNhB_SveP8o8xcGq,https://www.youtube.com/watch?v=0X1wDsDf2wg
WQb_VOtX7jwftOaNeoPw7,https://www.youtube.com/watch?v=3mcmLPOheMs
HALIIS2aHKGamQTevnM19,https://www.youtube.com/watch?v=K21DmhEUQh4
OVhVYryqWJixVmYviRzL9,https://www.youtube.com/watch?v=S8lCjQRVjJc
fxb0JUOvvuszICmxzvDtz,https://www.youtube.com/watch?v=XCiKm5bv0Ts
6oHCOfnjbMifzO36Bhw8W,https://www.youtube.com/watch?v=X0l21E3puoE
HiaFjmNKUmmCtpp8NLc-X,https://www.youtube.com/watch?v=aep6SjFpKA8
MEv_u4ehMS0ksuaWeT--2,https://www.youtube.com/watch?v=xceSjSaDK-8
wN33ytT29MFdaEdQk8kWX,https://www.youtube.com/watch?v=Qh20qVHa1u8
DjXpT_SgTupIg_xLgWFhA,https://www.youtube.com/watch?v=K0FHXuP-Zys
yUMs04_jfAFvIyTS7Iq7h,https://www.youtube.com/watch?v=66G18IpzpIE
Z5Pm0qCGTcN0a3n2hZcZn,https://www.youtube.com/watch?v=Df4m4WxD_BU
uAV7Mt-42rrS3_itJvSOK,https://www.youtube.com/watch?v=T5H-CWrlcbY
bE_taMbf6GpyvCWfZXd0s,https://www.youtube.com/watch?v=jvClnxv5xs8
-DYYhzkmgCssrPM2DdlB4,https://www.youtube.com/watch?v=v2JgaYDntS0
NibuekDxykcuIFHWFluxZ,https://www.youtube.com/watch?v=Cz6gGqS6O-0
ic2TClWbNgXb0xSe5c-W-,https://www.youtube.com/watch?v=rXbBtg-L-Iw
jeryN1-Uxwxfy2vmEX2vd,https://www.youtube.com/watch?v=ABbJXAceo3o
vq3r2wLZRzxKohMS5k5G-,https://www.youtube.com/watch?v=I3sks-r52xY
FklkeEyU7XJ6ORLzB8V-h,https://www.youtube.com/watch?v=H9ZqtgR2MHs
sqxxgETrJFaTEbGnJ4dHB,https://www.youtube.com/watch?v=yc_7SzOe2Nk
dCMfNLZQ02vmn0c-ii3Tw,https://www.youtube.com/watch?v=iPxrqSqtZD0
A_RUmysdjE3M25COJG663,https://www.youtube.com/watch?v=Ohk1z6sl1nk
EXFX_HuGzVmPAKQrf8-lB,https://www.youtube.com/watch?v=nAcFmAPcVXg
gXCDFynSxPz8283v80c0n,https://www.youtube.com/watch?v=q-yA7DF_Pg0
tga9coJrnHMagMgbGerxy,https://www.youtube.com/watch?v=q97Xni_tVDA
xzKf6E-HxF35xw6FuK0hr,https://www.youtube.com/watch?v=7qN0mjeN7dU
D3o-MJ0LSZxoGZaNM2-sT,https://www.youtube.com/watch?v=nmPDEwC5nTo
xujDO242zKr9bbKDOKEyp,https://www.youtube.com/watch?v=I7uT8U4zPPk
-1VWLBcXVpfTYevWoQux4,https://www.youtube.com/watch?v=kU5zwqeJAno
5yJXk9TpZ4TKt4Srtsx6E,https://www.youtube.com/watch?v=6BeYLmHt98E
3vSpzX0l4nft3cF0nCheG,https://www.youtube.com/watch?v=7iF2GilTSVw
5fdIshtq5GTQnkwAjMH_U,https://www.youtube.com/watch?v=fEWg3xdsqng
EF7FUeskCGrgnNpHI3Iy0,https://www.youtube.com/watch?v=eQH9gfmyFiU
WNHyFbdzK_UI5fazpDbwf,https://www.youtube.com/watch?v=vbDEKYlvxgM
AqpQYnZ0LJZgjirLm1fxQ,https://www.youtube.com/watch?v=_sTUWt_gn2M
SJHmSMXZmzWde0qu4X4Ho,https://www.youtube.com/watch?v=FR4mOTZ7Xwc
T1oEtacqQJbGJOPI6CyiU,https://www.youtube.com/watch?v=arldP9ANesQ
ZVOJoDVQUJCBhe7YPb0DR,https://www.youtube.com/watch?v=J0mX2cxHZZ0
FjXsRE-W-iFMp-6DeKI5N,https://www.youtube.com/watch?v=eHKg7CS_bKE
iE7tjB4QUlisl6rkM-cLQ,https://www.youtube.com/watch?v=aj78jYHcz7M
Ujew0vBTFo9PYsWJYoNeb,https://www.youtube.com/watch?v=iwSqxlfg_S8
YaUsXf_9m7I2zOFtt2Qr9,https://www.youtube.com/watch?v=aXIgJrFTHmM
0lqEUApIlSGMVs3OCnmQP,https://www.youtube.com/watch?v=L4d08CA82Co
q-1su5XlAsYZRtri4OmDx,https://www.youtube.com/watch?v=Wm4X3jzuJM4
LE3uVYLKXqzN3uBb-2aBh,https://www.youtube.com/watch?v=unM_Va_nRHM
lU1dIrEh_PBRpuuznIQEj,https://www.youtube.com/watch?v=HA2tB0wgo4o
NA2KALpfYyeJHnLE0E61M,https://www.youtube.com/watch?v=BlloMi88rxw
5k7-hCiwGb67ygyWjOPen,https://www.youtube.com/watch?v=9vsVhjpYspQ
4nJMN51uUB9Io0_gcgbzt,https://www.youtube.com/watch?v=48VovqpaX1Q
bjPDCrhzALEDi1R7S6yDD,https://www.youtube.com/watch?v=MZ55zqB4doo
4eHty_vlD0NH6N3GHjYDK,https://www.youtube.com/watch?v=OXYmsDvGn5k
-7hyfaJK-oGKaVONmHYf1,https://www.youtube.com/watch?v=D6Ac1gvdwaA
OWDwHwAN_GUVCXKSc9zn6,https://www.youtube.com/watch?v=kORwGH5nsgA
z0G2sXbBoyDm5Y7kz6pxz,https://www.youtube.com/watch?v=aXACPltkCM0
owtnZffA5qoIR_3CI83Op,https://www.youtube.com/watch?v=haVjcgTmqxI
hq29FEe9eqQ5jVb04HCv2,https://www.youtube.com/watch?v=oz_miJTDAUk
VPFSc0-eQtVtx5vnWGh5O,https://www.youtube.com/watch?v=1WdPY1obqfw
Yk5iK7QG7TOsrZm0fODCh,https://www.youtube.com/watch?v=VR8-oWAlPK4
aAKh5Md4f5X7qzP91ENey,https://www.youtube.com/watch?v=CzgYIhj-FPw
-MWlcWIOWGkXC3Cz6nP8r,https://www.youtube.com/watch?v=V8-XMUnorYg
uL5tGaPn9pFcy2grO6GtQ,https://www.youtube.com/watch?v=2MplWjB7Ze8
pWJ6sCq5myj20MWyEeVIF,https://www.youtube.com/watch?v=V4ZOLNKI1-g
nizH_yBiMmjW1FMiiAPng,https://www.youtube.com/watch?v=MOUZMvlitRM
6WgHA0iwn76Fndlaua6gK,https://www.youtube.com/watch?v=gIdZNHRbESg
Io_fknSn8zy1nAld4wRRe,https://www.youtube.com/watch?v=Wh3PtCIsNfc
Rd1JyoCc0MksXHWAvUZfR,https://www.youtube.com/watch?v=p9PjHJvrOU8
NyAO2B8T5ckE6os2UZGb6,https://www.youtube.com/watch?v=F2DPsbPwZPM
-q8UspuW3qYUvb4wXAPMB,https://www.youtube.com/watch?v=OAzrZnvZ-ck
0FWaVcFkkaERQwde5tAhh,https://www.youtube.com/watch?v=jC4XOuZQqis
VjAHtbkhraCFjlVe61YAZ,https://www.youtube.com/watch?v=xngljkMjOY4
2HNWvkIUZRw0vzjoknyJA,https://www.youtube.com/watch?v=TH3NVoTPzeU
fXXeEBr39J6l9qkbKuuRy,https://www.youtube.com/watch?v=T89aZbCqnLA
KAn3C74swCMGgwE5ltLcw,https://www.youtube.com/watch?v=elBLX54AwzY
H_6Z0CIpqnAz1XzxLUtHD,https://www.youtube.com/watch?v=kLMkuw4NIFg
j-5_QdZqtItSXdK3wZSyV,https://www.youtube.com/watch?v=wi8jLlmBJ9I
VcHXziFuuFooVZ-hLRNLy,https://www.youtube.com/watch?v=jUVR_cZaHkc
HIyO1bfuRprKO6c6ggCz7,https://www.youtube.com/watch?v=z--wBlKe8nA
u6mglkjJ1GhOlGv522w5g,https://www.youtube.com/watch?v=bd6pPCYpQB4
2TeDVjWlOZ-LjT5XhC3Sz,https://www.youtube.com/watch?v=eTU8TnALnJM
PX1aM5iSN6vi5Cuo5kBRK,https://www.youtube.com/watch?v=RmgUIRVl4EA
X-trvOrgvekyP-FAmdak0,https://www.youtube.com/watch?v=uwl8w8366nE
1QBemFcgMNyXs_2BVn5Dc,https://www.youtube.com/watch?v=mm7zwIGH248
mz9GQKMfc3pXxa32GaBo8,https://www.youtube.com/watch?v=Cyh49vkMw10
7j3dkHXasc4VK9CQAnzMx,https://www.youtube.com/watch?v=75nfvSuRZqM
CNAN6Sk9Y4JqezlpqFyd2,https://www.youtube.com/watch?v=8wvx1aah0Jg
s19-4ciF8XpYyFM_VDW8h,https://www.youtube.com/watch?v=g_E_XSpABLk
tXXEXOvpt1QTH_10-bfBr,https://www.youtube.com/watch?v=_aFtRUd1Fs8
I5lOHInkImt6F1ChS75so,https://www.youtube.com/watch?v=j6A1yqpUEbk
8e_lLx0BdAzcphXU-6n9w,https://www.youtube.com/watch?v=rBMirwpjpp0
ta4hh-2YUQ3LipTmNoEMG,https://www.youtube.com/watch?v=3S6yQDuajZ0
g6PXJ1USdFAnhjxyLisOd,https://www.youtube.com/watch?v=wXHBFt--G2g
9nIGUxJHTrymyHnQCdF3T,https://www.youtube.com/watch?v=v58-jP2pigo
lYmL52_JPSy0vE_wbzYk1,https://www.youtube.com/watch?v=YmI2tpyRKPE
8uk6SZU1Jvn-T43dJ0OPc,https://www.youtube.com/watch?v=EPrc_CVv0Ps
1ipjFTK9uqJVF4MYt0MrH,https://www.youtube.com/watch?v=NIQ72fXFO1A
n2hpCufYcWx8seKFQIkR9,https://www.youtube.com/watch?v=qj7vAn0Lzg8
lWi6DgFiThQQ3XdzpALON,https://www.youtube.com/watch?v=Nm5c7mzTgb4
8G3jKTBy0uzBqidZyqUtw,https://www.youtube.com/watch?v=84PRQfKfygA
uUGfMnv3QqolSbNprMIQ0,https://www.youtube.com/watch?v=83dUbnAvBug
lxeb6dsZbd1JnTS4CkylB,https://www.youtube.com/watch?v=15ZzDO2baV8
_HLMbpAwHvkle5rN2urWd,https://www.youtube.com/watch?v=obCL3jRyfog
9HCaggUkNUOhgtLSBOH-7,https://www.youtube.com/watch?v=8xRVA8L8cSE
jav7-zDuTuhiKZTMk5KL1,https://www.youtube.com/watch?v=77fAt2qEhlA
tYGUnMpOJU7bxbyIs4adt,https://www.youtube.com/watch?v=KT3f5mQAGUg
mdnGPQ-DY4BZnLqY8HzNh,https://www.youtube.com/watch?v=_yMGj4MFX1w
SPfKn-iSmhFoC9PQVgZWF,https://www.youtube.com/watch?v=79SzacVqfso
qfArvxs-_gpArHPXjxRla,https://www.youtube.com/watch?v=j0dxjdLwiTw
KN-jSAaDjHHJxvK3u0PIV,https://www.youtube.com/watch?v=SFYCGM8_qG4
oSbb4VX7oGHNAvB4M0MQR,https://www.youtube.com/watch?v=SNeX8LICZXI
KnC6G_o9yM9YoE28T6vz0,https://www.youtube.com/watch?v=VaY71KTnuX0
z4hBJaWkmg5mXkeEjQLK5,https://www.youtube.com/watch?v=J7yiuTj9M18
6LfPpsXZl1G3WrRGZrA8q,https://www.youtube.com/watch?v=0-WzkpTN5es
J2VlMMFOMxO_7V1hAlFlG,https://www.youtube.com/watch?v=oWweI-oWj0Q
NCVUUaXc7sTh3apfUq6S8,https://www.youtube.com/watch?v=3dPtt75VxVs
acT3eCFnbAMOVhnT78G_k,https://www.youtube.com/watch?v=HQoKBTsx2Jc
igJE4xFooJw-RaBjH2_wD,https://www.youtube.com/watch?v=1S9rsVV8kx0
CTGL60F8PFrw26DDClyYW,https://www.youtube.com/watch?v=SCDXIlO52es
Ke8uSX8PfI8lq_OxmrAEG,https://www.youtube.com/watch?v=e3HdcpAAKBE
4DGAFj734fcmynjYvZNAT,https://www.youtube.com/watch?v=WnxOhmO6shE
T3BxiqMd0OM881SdVVUIW,https://www.youtube.com/watch?v=8JNaPC4X8_8
QquoUPM7QJN-AIMwaDT8l,https://www.youtube.com/watch?v=Fswp2opzunQ
IcfkVtIdVrLYml3HKYajg,https://www.youtube.com/watch?v=93mA0_oV5so
SYmKQu60fnDR0RKZC7ee5,https://www.youtube.com/watch?v=K7t5kq5bD8o
en32i5xSXduIy9gP4XRmq,https://www.youtube.com/watch?v=y3IRlU9qpM0
ptrdcOOIBbQHVUfx2Bggq,https://www.youtube.com/watch?v=JKP2ZFUlLlg
A8aaBaGjmHXPdYsMuVXKA,https://www.youtube.com/watch?v=kZFqs3mMbwU
VbHMmoxBWH1rLZxE1GhYt,https://www.youtube.com/watch?v=7AY9v4AkMT0
cVPVCYJNjAIrzed6ptR9P,https://www.youtube.com/watch?v=rYeKP86nm6A
yIz0-xEr_PROnOw-91-6E,https://www.youtube.com/watch?v=FM2G-pVHnVc
nHdwV9wYirlFMNmXnaoOv,https://www.youtube.com/watch?v=TLrWVajA3g0
cijhTsm6_obTAJf-J4rQJ,https://www.youtube.com/watch?v=n68CoD12Oi8
vs6GkyH6W9g51zPNumu0m,https://www.youtube.com/watch?v=DiKTImNpi0U
ZukWZI0qTtWFkfD_JaZHu,https://www.youtube.com/watch?v=as-MaXHUTzU
630RBWTFBYoFr7CETklpQ,https://www.youtube.com/watch?v=0CSuVxAjX-I
80ti0D7Ym8daXWRO3Qv3p,https://www.youtube.com/watch?v=Ebv5nyvh6ok
FLkZCajfPicYB-QQV2nXE,https://www.youtube.com/watch?v=z0qwsnTpOKQ
7jufdjs3LubTj1B0KpFsl,https://www.youtube.com/watch?v=2McAo5E7xec
QxOJdIg1-O9vL7J40dhrp,https://www.youtube.com/watch?v=ub606NOaCyI
5I2WFIrzTpCzVXPkuTygM,https://www.youtube.com/watch?v=fuTgINNcOsY
OAeNcBgbRp-8FSaNVF65U,https://www.youtube.com/watch?v=Zdb5bG9Xqmo
8cvQ5KPwj7P6r6kGNLqAB,https://www.youtube.com/watch?v=WzI_i0iblec
lLc-QbMNdgAc29aE4MmCq,https://www.youtube.com/watch?v=sOtXvVcVzt0
ZUAX4HIrXoVz_vmqWOIkQ,https://www.youtube.com/watch?v=XQQBlPwChoE
haJSil6SMaOFXdRj8tY70,https://www.youtube.com/watch?v=CTk52z0rA1o
1nxzdmO9sv3LZvGihv56x,https://www.youtube.com/watch?v=3WwaDt1x2MI
dZwxQ7OjRYCiy3cALk2KT,https://www.youtube.com/watch?v=P_IJ8RtSGB8
3B7arjVyG81EQkGV-z6aQ,https://www.youtube.com/watch?v=qo7Pb-UgJfM
KsbuvKFqXvArVaCH5f3U1,https://www.youtube.com/watch?v=htV3Pl7gK64
YAjt2atekAhwQmZk7vj61,https://www.youtube.com/watch?v=Xj48VCohd5w
6CEYHHUOe_SLhwBWHG1pA,https://www.youtube.com/watch?v=lueRcTh5-Lk
iVZVZM5jwawxp-6ndoHJk,https://www.youtube.com/watch?v=dlzbVxsDSuU
kJjFRxzSCaAljQpaugmM8,https://www.youtube.com/watch?v=wahJ2zeaxMs
HQKe_HeNn91XCPOWagcV4,https://www.youtube.com/watch?v=ByGANlDOt8A
N4XNsAwb6GVHBjho-eVJP,https://www.youtube.com/watch?v=zM-mNvVOJYE
rHZdvmBMfzBJ3_ctc9Yzk,https://www.youtube.com/watch?v=zE4JitngvDQ
DNrYJqCz71-j8qINeRlS-,https://www.youtube.com/watch?v=7mGHrgy2nGw
Cz-jctfPQHiBUDhvUTTlP,https://www.youtube.com/watch?v=WhztMgMpFkk
FhfuPcFcp6F8nvDU_u6tx,https://www.youtube.com/watch?v=hC9JCqPs12c
HcjNJEhXtij-XSNyidp9v,https://www.youtube.com/watch?v=gbcNv2fX8Do
FKtiJwVtCon50Ov28RjWJ,https://www.youtube.com/watch?v=T6HRpeNJVPE
lHocmbiTk8EVpd2Q-k0Ui,https://www.youtube.com/watch?v=Kcu2la5ABAU
UUvWfN__AgXP5t0wBiZRQ,https://www.youtube.com/watch?v=-D1836kDbUU
UEJ15uu2_P-g5diGE-gvM,https://www.youtube.com/watch?v=N5mEbJGW9p0
mR1QlZyMLMwVGHI1WBnnI,https://www.youtube.com/watch?v=hrdUnLXLBjA
ozonrxiDTRdpaRJFfL-SJ,https://www.youtube.com/watch?v=6_OMbbJArrY
G_7WJD3cOPXPjqA377-sa,https://www.youtube.com/watch?v=d8WWRZ54fGM
s0OSk9rBGkM7TJWucwLcJ,https://www.youtube.com/watch?v=Yzcw7oyEips
ZYMPGgQm8NlZiX3bqVZOx,https://www.youtube.com/watch?v=fY944Cc8xAc
SI3ey-CvGHSl_8n6KlJAj,https://www.youtube.com/watch?v=3XZtzlML9oA
pOtTuUfke0ONFB0uA5yI7,https://www.youtube.com/watch?v=fKe4axoJrBY
6uUb9BBebjubOpAqaIetv,https://www.youtube.com/watch?v=O0Mui60YG8A
P3ppWFj-q66Jx92xB745g,https://www.youtube.com/watch?v=uYww5NquSuk
4ZlghuWyvWkH7-lEhrWmi,https://www.youtube.com/watch?v=4gcPpraTwRo
8zz3uTg3SacPbXrtNFHcR,https://www.youtube.com/watch?v=jT4liW3TUaA
jAO6dGiWcmdSJXFrGQb7N,https://www.youtube.com/watch?v=AyeoImlzudk
Kp8k13BR0kdN7oz18_78y,https://www.youtube.com/watch?v=elfyZtg0hJ4
DJve_mN2r2rU5RVKXMZXa,https://www.youtube.com/watch?v=dlC-KMAlpf0
-WV9_HmpTiGRwcmTLFtJx,https://www.youtube.com/watch?v=n_PxJ2PyecI
hWbznnbFG3DiwCIp6WAwM,https://www.youtube.com/watch?v=5eOcZ6YYiKY
9LbzivGam7qP-LHCgSd8r,https://www.youtube.com/watch?v=jPCq3tnTeFc
kZqsQmkgnFmicyNqgZEJy,https://www.youtube.com/watch?v=HfDe4qPbUtg
yYfFKGObsoX6dSfS4cm4j,https://www.youtube.com/watch?v=9KD3kg_L3n4
MMiydrVwD7JDADI9ejPeP,https://www.youtube.com/watch?v=xprNynaJOIk
jEvAhpUnCfpNKXsUsJ099,https://www.youtube.com/watch?v=FeqWDE_Fbyw
OdsOdOP6nEclOkzqhR7D_,https://www.youtube.com/watch?v=0w_VfGbXCp8
qFksrpbUqOkn1y0iowpQ-,https://www.youtube.com/watch?v=6Vqf7F_Jy60
6BKEKZBTolwt7p_gmGDXh,https://www.youtube.com/watch?v=fKwLuoJ_Gjk
5or_VZ0jV1IjQKycIB8KS,https://www.youtube.com/watch?v=zuGSnI9c7N0
YEKZU6fUlSDDeLx_Lf7a0,https://www.youtube.com/watch?v=VuTSYsjCbyU
GGXgClAF-iGa2psNX4xG4,https://www.youtube.com/watch?v=LrNyIEgBVhw
6GWC7v-zWnoozhTp2cgcy,https://www.youtube.com/watch?v=pzh6-mjOrLU
mFi1gwAg7XmgTMhdd8JKz,https://www.youtube.com/watch?v=xar-W6zVanM
Nuj3G0lfXe68SlcXzNf1v,https://www.youtube.com/watch?v=dcX9kmkNMiE
Fq77P7Hb-_8bfjKzLhUEj,https://www.youtube.com/watch?v=pYYSfJ72aoc
UqH2iqk6tMIqt1unAOQRb,https://www.youtube.com/watch?v=bRJiC1H4FjA
tvrbbVdIPSuOzD0mBpcQu,https://www.youtube.com/watch?v=9rmk9poo85w
UPEYLd1HsfDftDZ3gd_e2,https://www.youtube.com/watch?v=HCfaGH8QSc0
AbCU8LQ2ePppQxQYOrpxc,https://www.youtube.com/watch?v=JSuzHdoiMZo
MmNc0sv1-NUirft4vpgcb,https://www.youtube.com/watch?v=faekqlm7mM0
0IUfRzZqq1beY_zWQkAWH,https://www.youtube.com/watch?v=lwIfJHxEl2E
GjfKhyr_Yvm6Vap9Kw5Oy,https://www.youtube.com/watch?v=BTE6Pf10lB4
JuBLX9JI0m12AwzLyOFld,https://www.youtube.com/watch?v=6oUIvHPEApc
iu0JXjWbyvlJAPcuLYiOU,https://www.youtube.com/watch?v=uJwMCfEVXU0
o6TMOxAHI73xa8IKxTrF9,https://www.youtube.com/watch?v=uVDw0L3eoTg
EYqw3slAwyTqhoGbIKVMn,https://www.youtube.com/watch?v=Ve8tPcZOtto
VIgh8gakcPS3AhnHdi2i_,https://www.youtube.com/watch?v=UcSPsLIqR7I
LDgOIl6M5O4un95L_Ea0k,https://www.youtube.com/watch?v=T35wIc3M1-8
TvMuMMlHleEo8jyFjJL5O,https://www.youtube.com/watch?v=JMNU6QHx0rE
8vJTWc1GfhUjaz9etpFlt,https://www.youtube.com/watch?v=e9PQveppKuM
ooe41bUuMjcYDA3GldqSS,https://www.youtube.com/watch?v=kQEEN8VkpNY
jEj_-KWNf4RZEzhISANMh,https://www.youtube.com/watch?v=dHYpUi5bUl8
QglGhyFcQcASt40gkhwsG,https://www.youtube.com/watch?v=-kugsJbhQ-o
4q61JvGhD3iBzPP8vlOda,https://www.youtube.com/watch?v=JDiZOGnk0Es
f4fZhNwuGrIejknG2qHV-,https://www.youtube.com/watch?v=Wyev06Vk00k
mVv5VgobJmyrzdXem0nrB,https://www.youtube.com/watch?v=MYQIMBLt4B0
xuy7U573a22rXAuGKigyh,https://www.youtube.com/watch?v=OHHY-focVtY
ogHT1sVmjkVKRQASlP4KY,https://www.youtube.com/watch?v=2IkyYEM5nPk
US863EKVkS02gE8TCKi3d,https://www.youtube.com/watch?v=tubiSiqQUP8
ZdFjEkDifWuyq7HyeUiSB,https://www.youtube.com/watch?v=lBJ3vGXpJC4
sznyd3Bzqp-8pCY6E1dHb,https://www.youtube.com/watch?v=lpmk9F_6JJk
nOCSXRoj6THCiOEa0eo9G,https://www.youtube.com/watch?v=2ErZh5r2THc
w8LPqYmDirWZaMzqsL_tp,https://www.youtube.com/watch?v=uOnKn0-ci6U
Q3LGT6uuRDx-wD4pcTRNW,https://www.youtube.com/watch?v=qQvUgzhG_Dg
hHBK9jQ2UBN8IP1YBXgtJ,https://www.youtube.com/watch?v=d1F57AhfudY
az5IxUyW3iTMtqIcLX7-p,https://www.youtube.com/watch?v=ojlHf11pQRk
eEcvRVD242sT4E_ccFxea,https://www.youtube.com/watch?v=pfTi4XFdQ4A
V9euxQ4Rs0lKpmb63xGEG,https://www.youtube.com/watch?v=t4RuTTx4vxQ
RSfe90MRmnX9FyfdG2s_p,https://www.youtube.com/watch?v=EPOq-FLj4Zo
AG3mQ_UaRW4Bf6W8H4wzZ,https://www.youtube.com/watch?v=pMWFJ72FEO0
mkmn1hD3_tG8fZb5WTnbe,https://www.youtube.com/watch?v=E6Z4AOONfkA
c7SmzZgxyI7xjIij5PG-6,https://www.youtube.com/watch?v=9Yrrc0anhvI
bOt180SxhIZl47BpDgjlH,https://www.youtube.com/watch?v=4zufCSOWiQQ
BTsKImJDJ_fueSgMe-Mb1,https://www.youtube.com/watch?v=fHnzBhkjWzo
wdKQzNyS5-DxBRj2mEpbZ,https://www.youtube.com/watch?v=UeXlpHBGfIg
eJLoxcKiSckHGwT_hfXHk,https://www.youtube.com/watch?v=Op3y65o3HO8
akQHWit8whWg4UQXJ3eJf,https://www.youtube.com/watch?v=dqY9A6FoBis
gRQj5TjMsH1crwPrVoRSe,https://www.youtube.com/watch?v=Mc98s-amank
QZVRqPd2fQc_BnImr9i9C,https://www.youtube.com/watch?v=78jxCSjwjDg
phx2Cb8FgZeR6r-KG_92j,https://www.youtube.com/watch?v=G0V6qUqgAGU
e-oGirnvQSBFMs4--ejKx,https://www.youtube.com/watch?v=xqa4FOd-kNw
Qa448wmGYbBJkuLW-RcUj,https://www.youtube.com/watch?v=nIsApa-hdGY
VRgWM8WfengAb7Lw6pT5c,https://www.youtube.com/watch?v=WDqqIQai5i0
hX317e91lo4E8p27a2crh,https://www.youtube.com/watch?v=mqZKcyFrpZg
SU-t64DCkJBzWWMH-h-vF,https://www.youtube.com/watch?v=FuA-CKOWGP4
3TM0TPNq1TOT3lRgtUeeR,https://www.youtube.com/watch?v=ctyGRguN9l0
_8ATEDmdSJJQPN5SfoAKC,https://www.youtube.com/watch?v=jJ5fUYSXQXA
-sHvElY0lPeCtp5Hrvg6c,https://www.youtube.com/watch?v=my6evuLpq8I
EaBtqlmVLm0aF0GPacRml,https://www.youtube.com/watch?v=7XBRWgm2_zE
LhPxmsU_hZ6Z8QZZsFSxU,https://www.youtube.com/watch?v=1krF7GBLjf0
bzTD-Fmf6ffaP9h3PV2pq,https://www.youtube.com/watch?v=VpHA4h_Rt70
HqMMM6qKmd9WvEaXsOvST,https://www.youtube.com/watch?v=cP2GFOzlNCM
xnvSrZOf-FyTxr1QI_zbR,https://www.youtube.com/watch?v=7BWMSGuD8M0
Zt86Q3kY6TuBtIX7tjXoz,https://www.youtube.com/watch?v=5GoOge2BjrM
Qbdf5RK-cHSYEwIVyQUKE,https://www.youtube.com/watch?v=uVRGAyxwUr4
zLa-qoO1f0UODH2sQqYY5,https://www.youtube.com/watch?v=l-H4QrcS5II
oRdQks9ue6gusgGfuNv79,https://www.youtube.com/watch?v=nOjqfqKZSxw
kq-nyrow0pX9qYxh-IA1G,https://www.youtube.com/watch?v=RWqAQyO6MQ0
jlQ1kosYfJ_WBFx4RFIZU,https://www.youtube.com/watch?v=_7hlFWxL70w
Q0MYwC8JN2LcgtWU-k_hF,https://www.youtube.com/watch?v=eMa-apkPzUg
jo7jkAj4hrd8PxOlyLoph,https://www.youtube.com/watch?v=CBQpUBlhx40
_Iy1vvtk9CLuUyzZPMQcL,https://www.youtube.com/watch?v=B84Z7Tc6sWs
KCVxHVSbmT_zHIm-mgwZC,https://www.youtube.com/watch?v=6eJRsVfwrjQ
_w1IG97McydcloNj3nShR,https://www.youtube.com/watch?v=BDCxNvg0XEo
32Il5IH5oVfw_z7_L_3VI,https://www.youtube.com/watch?v=hwdCupu4lT4
FG2dV9A2yuD3Wv0i7H3AW,https://www.youtube.com/watch?v=XkSM_XibaTk
b22QCt93UVpPopWxYtESj,https://www.youtube.com/watch?v=zCBF7me2YkU
1MNXe_P6t29J8g16LrNh7,https://www.youtube.com/watch?v=xplEpcb4FD8
mmU41kbj2AtcSkAo4oFtV,https://www.youtube.com/watch?v=SH2L2tROD6o
I05s12zlJihnJZiHiqEtZ,https://www.youtube.com/watch?v=k0eDu-wH4-E
LvYe6iOsZUNTZtEw1h96U,https://www.youtube.com/watch?v=_Fptnvwzb8E
24M53uzRQ6B_qHEvr0R9o,https://www.youtube.com/watch?v=4zOAO12ffts
5lXpMebxc5u0yFCDkJY2d,https://www.youtube.com/watch?v=WXpdWQKEjGc
wymE8siq892X9aRVVaWxN,https://www.youtube.com/watch?v=isAOYg4nJaU
p9cWufYj8ZnCwWpEeRazZ,https://www.youtube.com/watch?v=aROfIw8oAJc
2NOFhhmJxypVl6z6c0AMl,https://www.youtube.com/watch?v=4HmN8CSb42s
D9193aF-cu01AMH8fsrfw,https://www.youtube.com/watch?v=8xGyb_9fZr0
6CtDZ-4GVgzhoqnpk6xBp,https://www.youtube.com/watch?v=Ex3Sv2w9aTY
GHRihmCCftbzkPOvoiL-5,https://www.youtube.com/watch?v=9quHkuEWgZc
E-xt98K1v6o4dUs43XNoK,https://www.youtube.com/watch?v=I2-j8I5YPYg
Jmg0en1NTTiTrYfzORXsk,https://www.youtube.com/watch?v=tDDQV6S_zuo
AfviE0cRz0Tcb76dvoQG6,https://www.youtube.com/watch?v=65L5y3AgUUw
PHgt-hzbpJtFpmIPfRam9,https://www.youtube.com/watch?v=_c1C-w-IKcs
Lad4KLlIA-cLUQHXoj10G,https://www.youtube.com/watch?v=wXYnQGwVsuk
Djjg8FDe8twvliTt4Wbdm,https://www.youtube.com/watch?v=0oM2UndJY3U
HVwGMBi89To83AQ1W4fW5,https://www.youtube.com/watch?v=mZ2lA0yu7mQ
D5t0BUr3UIvp7gpb2M_qS,https://www.youtube.com/watch?v=IWHDl6V4WK4
lJe0s8P8X1KoNjKKh48D-,https://www.youtube.com/watch?v=Z0obBJN1fQI
wlS1TXefwr9MGqLv4r9jF,https://www.youtube.com/watch?v=ZQnTI9gU3zk
ZZY4TAZXAq7yVS9srCIxO,https://www.youtube.com/watch?v=bEb_3ZdTXEA
cIIOnUoKH_qd6A_dsnn-U,https://www.youtube.com/watch?v=yKsYb-scGAo
A3Tshpt8Zm_GANxIowmUM,https://www.youtube.com/watch?v=haX4VuidR6k
fql3WInBKkPcvA2LWH0pB,https://www.youtube.com/watch?v=6K_d0Iv__Es
12atPL9Tp0jY7X4EPJBRY,https://www.youtube.com/watch?v=5RKNbtQyJTA
FWHnEcbtqYVJvmr4Ke5_O,https://www.youtube.com/watch?v=QoGq1VW2rDk
ZPL7Xn7xlyJ4HO3y-lIrT,https://www.youtube.com/watch?v=ufA-wVrA5E4
dFNB1cEnvDZOmUqh_RHZz,https://www.youtube.com/watch?v=msXv3CO4gM0
RDdL5pWJHtynvlf9YkIma,https://www.youtube.com/watch?v=J6Z2fPVDC60
qYX0-UOjYB-1WZbubo_hb,https://www.youtube.com/watch?v=QSySPL17Zgk
Q4Cco6wYzbxbFGzyI4M1a,https://www.youtube.com/watch?v=P86v5T5hFTw
WBY64DleEqwtrjDItpMS3,https://www.youtube.com/watch?v=fbceBPD81Vw
mJ1JIxZxaSHBILFTHvpNu,https://www.youtube.com/watch?v=njus5hRgpdo
rF8QKCoAvCuMaG04ZkEut,https://www.youtube.com/watch?v=whB3PiQBI94
yTvAVH6BB7QC7_p33iO1U,https://www.youtube.com/watch?v=Kov8p_2R4ew
F3aWWyPxd3S7LARAPCfTy,https://www.youtube.com/watch?v=64MFMBrXYHw
kBDgDF0jpc4TeCb2wkm30,https://www.youtube.com/watch?v=Dq0Vsj0EdyE
jYwqahuqhMxl8QPidfiFH,https://www.youtube.com/watch?v=A9vOcxHx7-E
UWs9SwgZnEVPIY9s7WM8N,https://www.youtube.com/watch?v=ziXFI9hANTg
25baFrtydylou2Xa-zmiu,https://www.youtube.com/watch?v=d6nvZFLD6SE
rji2WAube0VExJm_CVQk_,https://www.youtube.com/watch?v=BNrEFyC5r3U
CKGAsThfQHYlEnu1xHLX5,https://www.youtube.com/watch?v=zvKz2RbFsyU
33Jj3Xz4GvefQabzMqrmh,https://www.youtube.com/watch?v=shB7CCyLCIs
YvHePs-V6lbH04h9Xne4g,https://www.youtube.com/watch?v=GH1okFbhkSY
oqB5Zcq-Ye5pcl4B0KDQs,https://www.youtube.com/watch?v=YS2W4rs9rYU
U9mLD9zueasqRG8Mrs64J,https://www.youtube.com/watch?v=_EOtBNn1gMo
agnCcNSzq5sODJ8wWujLv,https://www.youtube.com/watch?v=Y5B60WpdjWU
e43Cv0aGnqocP7C8gDZf7,https://www.youtube.com/watch?v=boAWiM37Qw0
RrGa9LkksFC_MhgZDP3KD,https://www.youtube.com/watch?v=I9LeON3WzvI
GGtmMkm7BAvw3228Y_qPn,https://www.youtube.com/watch?v=D4jHkL3uIFY
NjLK-V4y9PPXgdYwVqQgG,https://www.youtube.com/watch?v=agEqN8v-qog
zLaApT1KmhVWF7UP_ZAbw,https://www.youtube.com/watch?v=vE8cWbVRCng
FrGEdeA2FBJJPc7OSTyle,https://www.youtube.com/watch?v=PHNiKZcn7gI
NadVUhmU9dlLMtDtKVqoy,https://www.youtube.com/watch?v=2Csn28oO2_4
P9S5hxNtcbeKQvF8CoGkD,https://www.youtube.com/watch?v=Pq_TTf2Yilo
XpwvL27wH10O4nfOTAgJR,https://www.youtube.com/watch?v=pUpCRO4V3go
GfsjE6Zv0jAl7mD1daWc1,https://www.youtube.com/watch?v=FYPDFTeSNS4
8PrTfh0ldQJRibeFdmj_B,https://www.youtube.com/watch?v=62J60RJWJYc
wOC3OvWlSviFo7rGPC82T,https://www.youtube.com/watch?v=7FsNx32rCJA
J7TremjbXoJaVBMMvfAVU,https://www.youtube.com/watch?v=XZXpLgtqVns
b1RYZwCD3qVDsUFz6xabl,https://www.youtube.com/watch?v=HaMJnOY685o
615WVCWw_sKLZ_5cE94ER,https://www.youtube.com/watch?v=7PGVsJSFas8
d1wY_uyAaBoo-bLt0hulw,https://www.youtube.com/watch?v=Tsdn4SvvY8Y
BLaeZysSH1L7pBNVFclDm,https://www.youtube.com/watch?v=e4MNutBZV6w
auXxW51VOk2WuhUj18Hbv,https://www.youtube.com/watch?v=wiCnLE3hKZk
4-3wXi2GZ5-75zVRzLpBG,https://www.youtube.com/watch?v=hT91Patb4cs
CbQ5e5nWjxPccp4ijdJaq,https://www.youtube.com/watch?v=gyIRkQi219I
LGVquWU9vNI8hAeWWw2Zc,https://www.youtube.com/watch?v=EiaUoMxGcrs
i-rQeIlomw8p0H_0fnDMo,https://www.youtube.com/watch?v=-MHuM-ibDAw
V8CDlKPhR3RkTPrTCSJs3,https://www.youtube.com/watch?v=T9HXTW8MYUE
GPjf9SFOlu0nON9FQLz9D,https://www.youtube.com/watch?v=v0xwBuYrSRw
koI-Hw_K5D-AWcZE8bKCg,https://www.youtube.com/watch?v=e9EkLDdJTH8
Gy1M0Uw8sPEDOtcikHMbq,https://www.youtube.com/watch?v=i8SitR4ehLY
HaTwEe4ynJ-2E8LAYD1GF,https://www.youtube.com/watch?v=upisu2q0IhE
0kAYjlHJVWuCxVi7h-owp,https://www.youtube.com/watch?v=Z2tA8CI3qXQ
Al9wbNW9BC0o25tSGzoJH,https://www.youtube.com/watch?v=vSnYh2lm7Fs
bmOHHAzQRlcQ-pWodcBh4,https://www.youtube.com/watch?v=jCJm4C1HTkw
tcFalFX098dPnIQyhfsTZ,https://www.youtube.com/watch?v=Z_m4qeoGmSw
kJ7BTYFipsSPYuxHQBUhO,https://www.youtube.com/watch?v=D9TBz9wezMY
qt12ZeeG_eV4GryZBEmHf,https://www.youtube.com/watch?v=jqj9t3VDAAo
MZ0jHlSGMXCUKs6CMVNto,https://www.youtube.com/watch?v=4F1aF-88VSU
yV7ukdQ0MuBUne5ImOAbo,https://www.youtube.com/watch?v=hqzO_SZ4_Rg
AfSuWfiOkK2g04kJ8QAax,https://www.youtube.com/watch?v=-acmI_4d38s
fzxAf7rwGVJtsaAB14cze,https://www.youtube.com/watch?v=roOQqoqhMp8
GYPCca_evRvAYCvnlzjjp,https://www.youtube.com/watch?v=twZK4rmSLUs
qr7z8eM1UQQdNU2gweOdG,https://www.youtube.com/watch?v=3ryFMTW139k
1vGRK5N_KahHJzCQGqVy2,https://www.youtube.com/watch?v=rNkKC29N_PY
QJbhUN6eFJ4nSu__Kw4Ci,https://www.youtube.com/watch?v=N07wzdC_imI
2J_uAFEFxbkb0GnSk4ygb,https://www.youtube.com/watch?v=f5-hbbnzk0M
So8rj4vhJ7NdnP9vJoE9p,https://www.youtube.com/watch?v=7XzFCskQKQI
4mMswanBH_H-8lwojgAUi,https://www.youtube.com/watch?v=-N8XTcq7cBo
YSfBKTF8O5NHrAgPjVyle,https://www.youtube.com/watch?v=Wrhr-XKEqHI
zLfmIbgAlWXCRDjHs_cel,https://www.youtube.com/watch?v=5rMVFT85ydo
VHhN4SLpTG5J7LWsWAhMy,https://www.youtube.com/watch?v=JKtJWCPJPyQ
qwmURg8WUjgcli5nPBwV5,https://www.youtube.com/watch?v=Zls23pwfzdY
YZvHyHdhejp99Xr8MBG2d,https://www.youtube.com/watch?v=a_ZpNe8L5b0
rpGS4PaDLkmUxtJs0Vntb,https://www.youtube.com/watch?v=e4vIl0OPPnU
kEk9udawUmRQRM_h6XiuE,https://www.youtube.com/watch?v=1LWkvNY507k
RBA7Ok-3CJDlFW8WYiohY,https://www.youtube.com/watch?v=Iu4jZxZAk4o
GD-8R3Sj4JH_pRDdDU8Df,https://www.youtube.com/watch?v=8Yo-wC_tfmY
PzKgDx-LB6lDk-Xfd07UY,https://www.youtube.com/watch?v=0RqIqa4MtpE
AZ1vvI1nEZTxoRLLw4bn2,https://www.youtube.com/watch?v=2B9nhVBAeWg
6xCrjASDF_iy8v0k_E0a6,https://www.youtube.com/watch?v=s8XZ0HAIOUw
9bAPzKi5mA3pA0eltBi-y,https://www.youtube.com/watch?v=CsGRCClU1jM
RAXrWMFQxFHVnJdczf2dd,https://www.youtube.com/watch?v=cv2IYVPvR9w
9mzStl_ETz-V8kLNVPhTy,https://www.youtube.com/watch?v=OmGsMu__ORw
R2A6I7J2pAi5V5y8d0w5p,https://www.youtube.com/watch?v=fhdP4dS8CPs
MhoLNvbyaNQdcYBb5cvuV,https://www.youtube.com/watch?v=8OVyWtUgBdY
THs4gTdCqnZyjwxnXpVKH,https://www.youtube.com/watch?v=IR8P9cK2YW8
VJ6aK5YFbRcYYQ9bgJRiR,https://www.youtube.com/watch?v=pUFaqp4IrmM
ibtP7gVIhYribxYRw8gHv,https://www.youtube.com/watch?v=ziUbOQdTSEw
IAoXGlAfaTRrPY6S_db0r,https://www.youtube.com/watch?v=2gg6tjCCvZI
JUvkam1nAbUE747h3RNrf,https://www.youtube.com/watch?v=JBnWgHE4Cd8
8mJ4ZoOT3TOW3JtzvpLKw,https://www.youtube.com/watch?v=2KX0UIqgz_s
rXkcTMxO6OPEy1I75xa7p,https://www.youtube.com/watch?v=ocnaTFdJv2k
UlhzIX8RcAMZzWsc7VBnH,https://www.youtube.com/watch?v=9r9g3dmuCCI
M3ZOysG0p3kAMSBfNovLw,https://www.youtube.com/watch?v=BETJ9hXAnZc
f3eLS0enzTQvty9OZ3jZK,https://www.youtube.com/watch?v=-Bvpyh0hhDo
40Non1g-ieNGgdx21INaN,https://www.youtube.com/watch?v=LeXI7shRc4o
DA2ZH23_4HvS9mVHdgI2c,https://www.youtube.com/watch?v=uoD5Dj7Ut7o
tSF2ZAqGqsxAOtjRoLDiH,https://www.youtube.com/watch?v=0YxyHMwyIxw
yjR-3DWG-v0hS6Pnd-rBw,https://www.youtube.com/watch?v=D_cf5h_QRHY
FgPxR1RFtUdLqTtJS_--f,https://www.youtube.com/watch?v=d42C4JWc1u0
fI6moBdiPADjxY3_ftoUg,https://www.youtube.com/watch?v=fs0mVnzf13M
o6J_cHTC1a9asw4lmPOsn,https://www.youtube.com/watch?v=Ki6uhoKa4_k
FXL67I-zEasrJFDSoePo4,https://www.youtube.com/watch?v=MkMueq7AUCM
DOGR9QMbbQrbZ6-bVJqvu,https://www.youtube.com/watch?v=6ny8u2c-yYU
TLVpILTLrbm-C2-HZdL3E,https://www.youtube.com/watch?v=Z9M5rSsf8DE
JEh9tdrBIrqV6kPaVUvPf,https://www.youtube.com/watch?v=KB_P0mw0SGc
HIMbWut2Bu77cy8SczvyG,https://www.youtube.com/watch?v=zn2DF6cyUCc
LEm_nqg6fXYlXy50vN4uO,https://www.youtube.com/watch?v=ZDUuz3giUoQ
XYy4DhSeezGPRsY-vRupT,https://www.youtube.com/watch?v=-Lz6xW8vDuA
A1E-dfCRszS4Lg3qu2Hpl,https://www.youtube.com/watch?v=dG10qixdJzs
9f7aoxN0AiHkRTnL8yUN4,https://www.youtube.com/watch?v=M0WhsgdTwac
WrwS5J8oxxbMLYR2KI4Zo,https://www.youtube.com/watch?v=v3MEDxgwPvI
KvAevmq_kJDtjt_iY7H0o,https://www.youtube.com/watch?v=9bbcvs5hexw
f2S1BOmPh2mK5wkMrFG7t,https://www.youtube.com/watch?v=biekGZFgOkM
G0RYZPMDmKdDLpZDmV3k8,https://www.youtube.com/watch?v=zXSZQRR-P7I
VKokVMyIvjqZUTdzB1F4r,https://www.youtube.com/watch?v=prcUN_Lech8
CS6mEbx7t6z8yQ2FgPL1c,https://www.youtube.com/watch?v=GWrVQxB2Bsw
Z3CBNkQAxmqyt1yDN6pxI,https://www.youtube.com/watch?v=_4gUJ1oQAOc
CfwC6Xc0irPH7XKZSMR8F,https://www.youtube.com/watch?v=B4ZZNqSdkuQ
-m2T8cGH53Ufv0oujb8k1,https://www.youtube.com/watch?v=i5TwgJEBoIg
XWey5Cn-LtKkPQ-s8nwdG,https://www.youtube.com/watch?v=Q2FQXJgqvhM
tf6lNM2bi4O702yDixQHp,https://www.youtube.com/watch?v=fLQGMwPPRcw
aBN2-3WJSy0dMuJnbpe2a,https://www.youtube.com/watch?v=18v1Fk8oc6Y
V8yJ88WD6utk2SBUJsy2e,https://www.youtube.com/watch?v=7qEcioLJkAc
zT-r9A5Xh8C8FWyOLZMNi,https://www.youtube.com/watch?v=kSV8lWARkLU
3ac940EwH5uZ11hD2hCTU,https://www.youtube.com/watch?v=PA-IWm3Wh1k
XwEt9-P9fKlxVHlR34ljz,https://www.youtube.com/watch?v=8740MtWggZ4
p38TEhFXjVaI0tDpsoXNm,https://www.youtube.com/watch?v=JtYk9D0ibW8
vlo0Kg8V7Qc8metcDq5I7,https://www.youtube.com/watch?v=BubbBERE2XY
ATAAMITJ-PIFIK8xq5yFy,https://www.youtube.com/watch?v=IX6vUGu3Sh4
5E1kcUUhMLs7HUxs2zWxT,https://www.youtube.com/watch?v=toSJLiY-6ds
-SohBb_kJpvAUgqkAUpjb,https://www.youtube.com/watch?v=WmkWpiK3l4g
4AiFz_vmWdVRL1Nz0bTky,https://www.youtube.com/watch?v=TPoeAoJzdc8
wX6dRDYu_OZYEVs2vlUoe,https://www.youtube.com/watch?v=nxlDCR3zZrU
ejQwqWg2a78sgQDQppc8l,https://www.youtube.com/watch?v=T27gVtx-0Lg
TZqP7p8X5lEa_kbZBIrle,https://www.youtube.com/watch?v=WUtGhMOYaBQ
LL1Tzf0XflFf-S-TML3CP,https://www.youtube.com/watch?v=-eU5xd6c9V0
yDdv0ijrP6r8rCnO6-gKL,https://www.youtube.com/watch?v=TI0U4iKGlZE
xNllyZUWQB1SYHtusEI8E,https://www.youtube.com/watch?v=3r-kDN5qxPY
YpOMR-hqu_D_RhMePOCXN,https://www.youtube.com/watch?v=3H3qcJGC2ro
mdrNVfz8jvgZMgoZODShP,https://www.youtube.com/watch?v=6th2_9_5TlQ
eGKiM5k8RED0c7t5DNkc2,https://www.youtube.com/watch?v=l2qzICfGL1I
FvDtTd630TfLyNkZhan49,https://www.youtube.com/watch?v=2btbHTIHjEM
RcfUCTqjLs5uOTHh2apvY,https://www.youtube.com/watch?v=yg_wbe_DbNc
XDcB-9WU_qhz3bRTD6mFr,https://www.youtube.com/watch?v=r78vq45VVwU
pcy1NdBgAAK7b1my_5WR7,https://www.youtube.com/watch?v=FZ1rgRgObXA
tj9qLP8LrXpK73NIuWbbi,https://www.youtube.com/watch?v=kmnbXLs72Zs
idJqx5HAhB5NgzPkcXoud,https://www.youtube.com/watch?v=UCTtFph6p9I
LAL2gkFF4iDfmevRbIfDo,https://www.youtube.com/watch?v=8ONPcBE1P-w
SA4kEU4Yrz7W6U4KZCTmG,https://www.youtube.com/watch?v=uQZ6woXQsok
mqQnCzO2of3JNjEuJTQRw,https://www.youtube.com/watch?v=3EeE2EIXM4g
CmRQ8-KaTgX1nv0_yS9CP,https://www.youtube.com/watch?v=6mcES7zRuKw
Shu1Psy9TQ7nUdeQEfjJI,https://www.youtube.com/watch?v=lGx5U7gDfw0
2TIU4KNSTb-WrfWYIgJ10,https://www.youtube.com/watch?v=m7YvtxrFaUA
kD5zVl79Z_qBZY7VnwSny,https://www.youtube.com/watch?v=0M-7GteKxZI
3MK0jP5my6zbfpFir4CP0,https://www.youtube.com/watch?v=d1DNaFD3oXA
UWK6ce2Zp1Nj2FlKI3oId,https://www.youtube.com/watch?v=MVGYZ719nO4
I0x2bknQ-oUTGmsJ0iBf8,https://www.youtube.com/watch?v=oBxvDxO9Fz4
tRku2qKrCyibTL3a4DVZD,https://www.youtube.com/watch?v=dz7dJqVYHd4
OsZKP2dAvPfNMnp9aJZJP,https://www.youtube.com/watch?v=P_Y-2Q00lFw
g6tf5z4Gj7A7BjtaoEz2v,https://www.youtube.com/watch?v=Pw0dv3d8i9w
VlGmrJgdHExxn3byoCViE,https://www.youtube.com/watch?v=aEdqgNyE73k
lXCeCmQaH4YUzTu8JDDrA,https://www.youtube.com/watch?v=rdAIpr-_TZY
3-Xp7Y1EcybD76o1Pm85k,https://www.youtube.com/watch?v=Y_SQObFp7kg
cscyXlMrULF6jCl318-sj,https://www.youtube.com/watch?v=p5Hwgg5L8KI
eZH__WRUv0JNWMvDl5Ms8,https://www.youtube.com/watch?v=7YuHd3tFmkE
GP2ZSo7I4br5MDSlyvfxh,https://www.youtube.com/watch?v=jkR6AOhEtXs
NPsemwOp-G0oW0AwacO3D,https://www.youtube.com/watch?v=CcSf5FUrDrk
tSQ1XzvOfd6JsBJtY1PrY,https://www.youtube.com/watch?v=F1kIOlyBHeI
UtqFR-ZaJp4By0x53vxrI,https://www.youtube.com/watch?v=OzDVrZ-F5Kc
pwQA8G996BW7hzomEHWJi,https://www.youtube.com/watch?v=T4-41V2g58A
s23E6XJX5qbYIID_WFA1M,https://www.youtube.com/watch?v=IVLY0VITPpI
2crGf_agiFvRaBE_lBHsA,https://www.youtube.com/watch?v=T1Serggu_Ro
neRtemA6_ZwWtgDnrwTfe,https://www.youtube.com/watch?v=0q6l3uA3u20
iWn7WARcUgUBakjosFBEL,https://www.youtube.com/watch?v=-BnazsefNxA
bx4RT1WvQ16VV9yQLbsuY,https://www.youtube.com/watch?v=K0Rdg76DlL8
81gahB1M06XdADYEY3OwQ,https://www.youtube.com/watch?v=itFDq4nmZ6Y
XCU2FfLJ-gCqnTr-nRa_J,https://www.youtube.com/watch?v=GESu-LEmofg
PTI403vhr9WFn0FOooevg,https://www.youtube.com/watch?v=zw4gchrnVIM
EkTWVw1QmbCNuUaPt7baJ,https://www.youtube.com/watch?v=_kWD-CWfPcQ
3pH9J6TjFgk7uvjwQR3Rb,https://www.youtube.com/watch?v=gYL882zpWCk
bqLQxTYcsyvoh5ZwpF4Ii,https://www.youtube.com/watch?v=Do7Ik7DQR8E
ae9mpcGCsAYm_c-V-JRi_,https://www.youtube.com/watch?v=7ByKIN0vBqY
srSpuCTlkagc7Sb6RwuDq,https://www.youtube.com/watch?v=pJq83pLwF24
uMtr2xEABB7kaWvfzhZzT,https://www.youtube.com/watch?v=2sx40zkX_g0
BvdbaFsiI1RhIGhqoVa3m,https://www.youtube.com/watch?v=nzAQxeBrDD8
iC9b6j9oPN9ilSmoocPdC,https://www.youtube.com/watch?v=sksZy4goPCQ
JGpKZ558ocQupNVUcR_lN,https://www.youtube.com/watch?v=rsjabpX8Nmc
yTO1uQd7-VYyPyJ7Wd-mb,https://www.youtube.com/watch?v=lP8S8Bcyaqs
L0DGPeqekqCuqi4IXI9Ru,https://www.youtube.com/watch?v=PC0mshy9x_g
OCm_x48CF2OH4P9SQrOQP,https://www.youtube.com/watch?v=RB0XLFRcxDY
1snIbRGsWMQ73V8GRNGuc,https://www.youtube.com/watch?v=jLOiC44yG6c
CIL3q5oXK8kNoTXxav1Dm,https://www.youtube.com/watch?v=GZuf-9og3wQ
dDZwPIspNrMoE3xhWyd_W,https://www.youtube.com/watch?v=yYDRqSNROfs
CNlUF6Ehm18r86-nmfIsN,https://www.youtube.com/watch?v=og5DBp52-PM
rC7347PbKm-he0BN1-6oc,https://www.youtube.com/watch?v=TFTOf5Zyt34
tnSlZx3noQCM40NItwvcW,https://www.youtube.com/watch?v=9FFgbiMa988
cgB2EzcCm_OproXTbTyKx,https://www.youtube.com/watch?v=GwH2YV_Bx3k
OrCxBu8gEW79ZpHDstfZE,https://www.youtube.com/watch?v=7HpaJ-Q6mE0
fIUR62ZaKrhb2rhSdQq4i,https://www.youtube.com/watch?v=9MxlWu_9LOM
aGc8BDRM2GmpIQcfKzkUo,https://www.youtube.com/watch?v=mNzoYUJCmLE
7UwjLlEzZqLH7kLsqqnmN,https://www.youtube.com/watch?v=TQvjiOCunks
iitIm7SjnLO_YlC7YrrJ5,https://www.youtube.com/watch?v=YvMdC1khajk
CoNQ-_KV_8KZ5x_wS2p1N,https://www.youtube.com/watch?v=Oa7rlqgQJy4
Tp2Qwvxuk8NK_ANm9PzSW,https://www.youtube.com/watch?v=Lzh11aLzPew
kpC0kDCotuZOQDRfnzMLk,https://www.youtube.com/watch?v=nlL-A3T9fr4
QUSOp0bdWtvRQeS2vDHGL,https://www.youtube.com/watch?v=qQJxjXvSzf8
yOySXQ1PCvCDoZNY_P4Z3,https://www.youtube.com/watch?v=Rqn2gytuGV8
uQDofPFoC2tOTDuLA8Fcy,https://www.youtube.com/watch?v=XwYaB7kVp3Y
RxBuSh4SncG4-UocJu1Sk,https://www.youtube.com/watch?v=SDm8XkyBx_w
a4UWj4Giz19w08YRsrBEG,https://www.youtube.com/watch?v=o0cX7-CSLdM
flHm3OSZig4sQwMn8YPSb,https://www.youtube.com/watch?v=_XIU9WYFDZk
m5IdZ-xvJNHBpstlYr3q9,https://www.youtube.com/watch?v=XE-gSiXY-no
90Si9ElmZqoM7pmM2tZDA,https://www.youtube.com/watch?v=1Y6sOuED_wo
3xy4osMEJMEIvG0vk_0Y_,https://www.youtube.com/watch?v=OC8Fqf1Ybdw
zTCwP7E9sf9QQIjIdvFxT,https://www.youtube.com/watch?v=gVCAkeA5Z50
4Lez8Zh39WPR-Y07Xl2w-,https://www.youtube.com/watch?v=DTNsByLW5L4
fReoztALKw26P4b0p-1tx,https://www.youtube.com/watch?v=4tyY9AI7mH0
ngU1WCzdma3HIEfy1f9Xb,https://www.youtube.com/watch?v=VcYxAsTCU_c
FbDxDuBQ3EUDnCRYSuUYO,https://www.youtube.com/watch?v=jdJcoimWltQ
Vmf1232qK82H3zn9rVyjX,https://www.youtube.com/watch?v=MYEVTXFr65U
YCMRw7M9hEjbGJfIkCl3Y,https://www.youtube.com/watch?v=j1K-t9NTRXw
w9jRQ5QITwunL76CJoDnI,https://www.youtube.com/watch?v=if-ImEY-iYw
5Shq8zdbYK2S0MkMjl2_x,https://www.youtube.com/watch?v=lGJKQulimxM
lJi6vCiMVqgeVRDyVdts8,https://www.youtube.com/watch?v=8I__Aann4lM
aWmTRb7TDr6lSuiq2ss_M,https://www.youtube.com/watch?v=HCvHyn-V18s
NiZ40QeceImZhejk8_SCA,https://www.youtube.com/watch?v=Yo871_FprzY
jnfdj3_KMdmcogISwRCHM,https://www.youtube.com/watch?v=0Rn2_RothL8
5BI4Ps6dWTm_TWlKg-cLe,https://www.youtube.com/watch?v=WhlmfgNhGQU
Vnu230RMwYlFgIPcTwLFk,https://www.youtube.com/watch?v=igIVLBWd6HY
cF9hURO6OiSHi5UnlpaO4,https://www.youtube.com/watch?v=Q6Go_-TR9_A
NeC8kn7EnPh3ih9T9AfVJ,https://www.youtube.com/watch?v=R-0Uvgp7iyQ
CHYjNlKsIzi0VLUDS4ZU3,https://www.youtube.com/watch?v=-jVxAiMnyQg
DzPtXodM7ywNII4Yl76-3,https://www.youtube.com/watch?v=Mh8CZaXR0vU
PHuLK43d7yhY2YmXJgMt0,https://www.youtube.com/watch?v=Z76AiXJWsZE
7jewpfuMThTJJOR3O3poC,https://www.youtube.com/watch?v=IS39Fxmx7lw
6oMwhsAezBXNyYr4vf47d,https://www.youtube.com/watch?v=_I9-xMl0MZg
IMkOKcKEyrPgbmKoFVmUP,https://www.youtube.com/watch?v=HE0MM16AMrA
MoyZr6cINTLj1AVOXfLYW,https://www.youtube.com/watch?v=brJT2sKJhRk
KAc7pCSAFXRaxpRemNiGT,https://www.youtube.com/watch?v=KEE3j8WiknM
LVPH3LoXP0vpEmaH0M4NX,https://www.youtube.com/watch?v=mlEeOLh_t7M
WoGUy4j_EvMh9DdATrW4q,https://www.youtube.com/watch?v=Lx0LllBf-XQ
yyl7q-lzbcIsIZUUmoYd7,https://www.youtube.com/watch?v=_-wTaMf6I-A
5xcYQpUXRyLNVpAsFB9hx,https://www.youtube.com/watch?v=ce6549ZR9-s
UdUjB-DzczqOtHPb_48wi,https://www.youtube.com/watch?v=p6e8kooeQFg
SNluDB712l-M2H-TbeYRg,https://www.youtube.com/watch?v=k52ga7h26rE
S1VfmYm8OTvDRnfzwpk8I,https://www.youtube.com/watch?v=4tak6JGY_T8
F4lKHg1Qb3k_DKeGhTiXw,https://www.youtube.com/watch?v=Pc_g72en7tE
QsVww_wBlLKx0318vfE9u,https://www.youtube.com/watch?v=h5kW7jm2flg
MYKah9L7qUUPmsbxgboFl,https://www.youtube.com/watch?v=LPxTyr7uINQ
CvfjRelMAK2_fdUqPKbsB,https://www.youtube.com/watch?v=A0_26UuRdrM
5nmedu-ifTLGuycd2C9Qg,https://www.youtube.com/watch?v=CuxWN20iD4c
90rtXV9SPbTskTWBEt8qd,https://www.youtube.com/watch?v=6-F9slfm_50
iO1dWD-us6eUkd2pEZi4P,https://www.youtube.com/watch?v=RSP9cQH70gM
lBGzbaZ3JJKtczdNR4BNh,https://www.youtube.com/watch?v=Y4k-r41X7h0
DRNxi33HS-4CZANDfUCWS,https://www.youtube.com/watch?v=WvuKBq34T3A
unWhKimoozQ5qY0SMPISo,https://www.youtube.com/watch?v=1Bhsjw7_k6U
4xWbh6aEp-cfnNo4671Tg,https://www.youtube.com/watch?v=nrSf1DFv_lA
Elv8CpVwfymBwF2M9Uf4Q,https://www.youtube.com/watch?v=L0c2976WOvk
v0vhc7IP2gBW82rQWoNdR,https://www.youtube.com/watch?v=Y9CQmSYrU0E
cqio8NvTte4PiI2SxKkbN,https://www.youtube.com/watch?v=YpIAawXPnqE
BmTZOr3RhjMt4e2P3YJ8K,https://www.youtube.com/watch?v=3PuckGCn-Ug
JPK47X-qkVQHCpsmIXqKl,https://www.youtube.com/watch?v=VWytZxAkE8I
8PjqqQHH7kr3A6GqEu8an,https://www.youtube.com/watch?v=1-DyO3DFsqw
ZSmJ346Ias6TbIiB_2XsB,https://www.youtube.com/watch?v=yNm4C5kl_3s
qvOCJxJ1rqr6_DWlG9mKe,https://www.youtube.com/watch?v=aiuMwoh8qkw
SazUhygN0LtWqgHRpq4mN,https://www.youtube.com/watch?v=fpAcAL1dQCg
wor2lNPoUYrYVwkEPNrfa,https://www.youtube.com/watch?v=DPhPetM3cAI
KmfpLeLQX8Ln8EZ-366Ob,https://www.youtube.com/watch?v=hkjQ0ffReMI
4p2Squu-ULcs-y-iQUWfV,https://www.youtube.com/watch?v=hY3LMKtQPCk
uAvEAS_FxBjxj7Qi6IgPa,https://www.youtube.com/watch?v=LaMFKudGOi8
w-PVgalU99ZYrYK7kP0us,https://www.youtube.com/watch?v=3HSifMtkFfc
JGMaRMDssbf7d8Xa1foWI,https://www.youtube.com/watch?v=2BIEqDSzZMk
M1QVNiTbn0Z2lKpegi_tT,https://www.youtube.com/watch?v=hiHPJQ4zAVU
dyHdCdhltAnXkE73DvL1Z,https://www.youtube.com/watch?v=bU76yzAmWzE
aJFE6K0M1d67_OToZ61A2,https://www.youtube.com/watch?v=I8KzAR_zZJo
XEse4CKBU_BxgkkXeQXqZ,https://www.youtube.com/watch?v=eMiZpX1Qw7Q
JayVfwoUpJhIJhvWBH9kf,https://www.youtube.com/watch?v=I2g6zcpzI8w
r7D0AfRnbBbPjoNw8sDHM,https://www.youtube.com/watch?v=8tggPImbBiY
3q7zv2meJ7jWkUuhTT-fe,https://www.youtube.com/watch?v=NE_fNjLQ0V4
PLaV98s0kTgCXz0agm4BT,https://www.youtube.com/watch?v=BSa5qgwD44g
hfQoU_jd2dLS9UPVLv4NK,https://www.youtube.com/watch?v=Gw7eIMUaSGY
NGn-DiXU6x8OGOP5WqY7q,https://www.youtube.com/watch?v=3tCU4ZQupRg
6YB9v9PPl3aTkGiuayLm3,https://www.youtube.com/watch?v=6IuRp8FTx9k
y5oL2NXGjUdawlV7M8Kw6,https://www.youtube.com/watch?v=SSWlQZ-zGYw
LcJRwjBi1MIq1Idr1Cjc6,https://www.youtube.com/watch?v=k2tCYczXLIQ
DYu8s2OjRrnEomjL8jnl-,https://www.youtube.com/watch?v=ztRguM6Bzjs
V2rddGdlBSFPOubZiTmMV,https://www.youtube.com/watch?v=HvZQMR74Uu8
b3o0wfjiFhLXlzXZsqxEM,https://www.youtube.com/watch?v=XVXtc8XQKbo
fGhqaH3sICl9rRpKsU29v,https://www.youtube.com/watch?v=6HWkweau3Ko
4IvHS3qGP8c9e9H6Vl5w8,https://www.youtube.com/watch?v=d7dnlR5BBUA
GA_WLtJ4GJPUO8Rq9MhLR,https://www.youtube.com/watch?v=9b3uK5s_F68
E__lqIxVXveSUjDe1dDxI,https://www.youtube.com/watch?v=dKL74MSy0ig
FZzzbDmCU04wYhoHjdHNn,https://www.youtube.com/watch?v=5uf8BGwvSTQ
XpAFSYhXB-PjWkQZkdMSH,https://www.youtube.com/watch?v=lXDOyCJI9Lk
vrqRIawVPd_SfRPXKFpNQ,https://www.youtube.com/watch?v=18_cSKUGj9I
UPkw9ZKz6z0orUvlBrEcr,https://www.youtube.com/watch?v=MUFfK4MbgkQ
mOAt9ZwZtRAYiHGElP1p_,https://www.youtube.com/watch?v=DVm6z0q275k
r2_-kZf2bzphwzBeg8bzn,https://www.youtube.com/watch?v=IFY_PbZbKJI
JArieEOPkMgifjF9g5Gdt,https://www.youtube.com/watch?v=duR7bsw1YPM
oti_RDMK4TNoc9tynJZVz,https://www.youtube.com/watch?v=KkVkC0Gnujg
pBzYq2y8uKbF9_Ew2Eftw,https://www.youtube.com/watch?v=JK_jFlyIOw0
9Vfhs1G5NubkfaBfZd27c,https://www.youtube.com/watch?v=LobNHBdLzsw
Bc-YPqv9XQfqJCJlJ9lLm,https://www.youtube.com/watch?v=NCM3tE50wlQ
oI0lJ5e1G604P1B87duF1,https://www.youtube.com/watch?v=HCDZTjrRCIw
IOSNXoLryLhSkNhhv9wL4,https://www.youtube.com/watch?v=R7m9aCd5kvA
yrzUeCllDeFKYeiY__Wqz,https://www.youtube.com/watch?v=od29WE-2VSY
GFngFXkBMFCMVX8-Cqki1,https://www.youtube.com/watch?v=UWYRnLnwO8w
gyr4rghf1Nwn853UF8738,https://www.youtube.com/watch?v=Iyj5_BBlXOc
stOQCHQmBv_rKoEY3-jNy,https://www.youtube.com/watch?v=RtPXZVd_dQE
nWMTTCiduaf3IjpW2parG,https://www.youtube.com/watch?v=yrnXXGSpV88
PkrLusW1xHESTK_16IPgR,https://www.youtube.com/watch?v=C9YvhyaaFpk
QqlN70NzBWq1m4_F2c89B,https://www.youtube.com/watch?v=vTPP7nEtnJU
LUsVGOU5s7GR9XQSwTW4Z,https://www.youtube.com/watch?v=r0gmgR7dvp8
hPhAsMKrS-yjS8Zlkq7Yb,https://www.youtube.com/watch?v=YhRyYna6QGk
TQGCyXXwO5G2n7-JO6ZTo,https://www.youtube.com/watch?v=XYtF70pXhwU
b2p2k7YM72NL00LbwEq8x,https://www.youtube.com/watch?v=mtf3shCh78o
WmmJdM8kDNAOsrdNFM8Nq,https://www.youtube.com/watch?v=7d9roqpvPf0
-9wrawynFEXu05Ulq3j9_,https://www.youtube.com/watch?v=u_xLHpvuvm0
YASPJag8K5JgUGoanB0j-,https://www.youtube.com/watch?v=1SdRnKuglYk
yhiBlV6ZVupXe1D0EHRoh,https://www.youtube.com/watch?v=63-WffoQ9ws
bStwBGTAe80YQwaTURIIG,https://www.youtube.com/watch?v=68jDVu2QngE
N8SLdcdZ3V1fEER0RI5sW,https://www.youtube.com/watch?v=z3i-1jCc6QQ
GQbdLQ-E8vlSIKAbi_aO5,https://www.youtube.com/watch?v=g1HIYm7Damg
Urycvbpe9dvH0wg9WEpQY,https://www.youtube.com/watch?v=GcoNe1mphHU
9ZRo1w49i2MPCuoUFita2,https://www.youtube.com/watch?v=GWMJ4br2PJU
-9hSypMYr6QGMIZJE2WZl,https://www.youtube.com/watch?v=D5UBkd1gSh8
X4bABwMTuHOs8pMsXEIvV,https://www.youtube.com/watch?v=AV8sZZdvgaQ
JKLE-bL9SJ4jRdo5I1-h8,https://www.youtube.com/watch?v=5BeOYf7sAu8
9HHRx3hQev8f1tu-Fwc1v,https://www.youtube.com/watch?v=uMhVEXJDB9o
NdIVFsNLws56NsuY7fRmZ,https://www.youtube.com/watch?v=EM0wPY6bzPA
sau0lukbR-bpbjg_qBw9G,https://www.youtube.com/watch?v=1mBzPDhJlDY
yBAewyeoYGbc0kDjfPXE_,https://www.youtube.com/watch?v=gUQVeYVdPX8
WeBUQifEcAVbemf4T5yZU,https://www.youtube.com/watch?v=g9spWU7pZVc
al95YTVkOXfI80IovPmlr,https://www.youtube.com/watch?v=V4UfY-HSBiI
pEuOA1epiA9XImdEDtYgJ,https://www.youtube.com/watch?v=YnaLyXPHhmI
vuY5wpb5Uewa10A3Fg6NS,https://www.youtube.com/watch?v=VPsVx4kkllc
MNQzdUERohvon4jmArlVy,https://www.youtube.com/watch?v=X2qwBvbzM-Q
k8Jt-fMPBHfm57n3JWrxW,https://www.youtube.com/watch?v=W8TmY4yQEIc
cJR5IW9AahhrBoN0F0nyp,https://www.youtube.com/watch?v=7UBcy1n2chc
xhjTEKsdHWemtm-ebCBm-,https://www.youtube.com/watch?v=H6zmAaRmI44
y0837VKhYNQBlz14lcJr_,https://www.youtube.com/watch?v=8HKSAfOAXDo
q6Q2rWJGWWZ8MYK40Ngx_,https://www.youtube.com/watch?v=cIIjQNL-aNA
PdhnY7ZODzTIMm4Xf7KDf,https://www.youtube.com/watch?v=tH2LAcsJG1o
6VohHjEYWA86wEL5M-nBA,https://www.youtube.com/watch?v=RcWdQzQS-ps
iLIEj8ukl1LrYfSn0S4HU,https://www.youtube.com/watch?v=ZJLfDxLiQoQ
jQCxSgguB5TANBp1jOJu-,https://www.youtube.com/watch?v=0UGQs749LZA
wbrViKnuQbVMC3bcPcQrl,https://www.youtube.com/watch?v=RINsveh6zt0
Qvi3dE2kgli7PVQYfQg80,https://www.youtube.com/watch?v=o3bWr8LLn5w
XNNWN0oq2xom4rmhKsW9n,https://www.youtube.com/watch?v=Vq1SXOs2_YA
K2ZmXcpPAlnfX77_hqwuT,https://www.youtube.com/watch?v=qH5d5hRNYyg
F_RYh18EwsJztQPDB4RGN,https://www.youtube.com/watch?v=NgcjO478JTo
GU4fdk1mm1QdNkhyW0FPE,https://www.youtube.com/watch?v=Iu3iz-ZpWE8
haQIfd4D69G7fcRnjMf8w,https://www.youtube.com/watch?v=U8KAsCwEk4c
YErA11chx3G7owQn9tQLp,https://www.youtube.com/watch?v=6vcnJJnnPB0
7hdo1wWuhowRMgaCpabT2,https://www.youtube.com/watch?v=H3s1Ets1oyM
vF8SW5hBB0_nrOBw8Kp_4,https://www.youtube.com/watch?v=RqpZxR-eKh4
CnnUjD4MZsbeax0kR4DO9,https://www.youtube.com/watch?v=9-l46E7KqGQ
BdLPNZDDuzqoRYnDMrDZP,https://www.youtube.com/watch?v=Nl6HKHiyY-U
GdBucPpVzka_50ZMXvRLw,https://www.youtube.com/watch?v=vWu_BID3uG4
w8obi2oPkEKNUuKWYNvfi,https://www.youtube.com/watch?v=c9IIJZyKp24
TLJFc2o4TOm7FLOp-ik4_,https://www.youtube.com/watch?v=7SOxKS2WgM8
VqayD8xW4h_F6VgyB7yNi,https://www.youtube.com/watch?v=Zd0OXvJ4XW4
iS37dqZ4aVGKZYWcTfGx1,https://www.youtube.com/watch?v=-zHfJyMCOeo
UrF9y6XEubdz3nIyWvKOE,https://www.youtube.com/watch?v=YtiKLWyUAx4
rvG5eR33VjApvz3hruP_G,https://www.youtube.com/watch?v=sUDNlM8GB4s
MH_0cmWJCudWsUGPlM7OG,https://www.youtube.com/watch?v=n0ZdN-c4dts
n48QBT4lkxoNCKwzuOiGo,https://www.youtube.com/watch?v=IiiCA71vFZM
abBI9K4h_m3R4WAwm4CKo,https://www.youtube.com/watch?v=b4TAPmoTUD0
sPiIo9TMNr90kirLOslaY,https://www.youtube.com/watch?v=43l9ImZQpnY
5hV9Kti9I7UYlIfL4egq7,https://www.youtube.com/watch?v=N_pc20e_wrc
vYsja-4xTpPIdCn8-qgEZ,https://www.youtube.com/watch?v=RvzrKO8eeQw
6rr21uBPkvHnv5ueQV5YH,https://www.youtube.com/watch?v=_-35HniCmDw
wyF-xRtYuH20cnOVmtg4s,https://www.youtube.com/watch?v=HJ8KXLtCQ-s
L0vj7Pteu6kV4hp79UYuu,https://www.youtube.com/watch?v=YClbR090NiQ
vdIdRG90n0_Vl609raE7a,https://www.youtube.com/watch?v=67WZiLZuNBc
ZnQNRuUWjjQAaCWxDvqPP,https://www.youtube.com/watch?v=cqXkhFe6HaQ
9zU8_9B9Jw3KCxaKXHPDw,https://www.youtube.com/watch?v=pD4k0SEwLD0
RmCN2si3J3w3_q1aPR5-C,https://www.youtube.com/watch?v=LWa6s-J5sjM
25kU6qpmAUvW9FLBe2ueh,https://www.youtube.com/watch?v=iSMjiD8xQ0s
d8Wovc0mX7f-1g2n3iDHA,https://www.youtube.com/watch?v=C-lNiCtTZZ4
tjAROkJQQvX--RiJ3_7w4,https://www.youtube.com/watch?v=eUKJFSCM5FI
zhWaUL-a_N131E8Mw9vr9,https://www.youtube.com/watch?v=TDWBXXUKl5k
PDwa0V_6Py6R5Io0AW0KB,https://www.youtube.com/watch?v=j3e9GnUCtkY
cNXhaV3tTR4V3nvF4KPWx,https://www.youtube.com/watch?v=l1a_n7x-y3E
Ty048hnd00LUgsj7qp-AI,https://www.youtube.com/watch?v=H5z1xmTBolc
rZDI4iKooVeDv74xdLqx9,https://www.youtube.com/watch?v=Ww8TOYcNZ9c
7p8mMIAl-sTA39Jvx41ng,https://www.youtube.com/watch?v=Y8e7cZgycpQ
9R21aLIG4J68fqEcgvqlz,https://www.youtube.com/watch?v=ySKDu1FKq_c
5PfhQka0sRqBolPbhGElB,https://www.youtube.com/watch?v=pTEe7xeu0EY
GxTIrkMoVd1zEsG6BLQ2C,https://www.youtube.com/watch?v=ja5TUqscKCs
-7fD8_TadSpmJ-i9jisxC,https://www.youtube.com/watch?v=WkJVRLXdoxE
AMMNRB-IMGX9IzIxIj0Zu,https://www.youtube.com/watch?v=H1_reOMA6Lc
_IJXdhvicou1NBhn15vOQ,https://www.youtube.com/watch?v=-0z-WsEnq0M
MQ9jFh0_TzM1BwhVfqFPs,https://www.youtube.com/watch?v=L_jI6gG2loo
IOQJ7LSgpW3q6wwTNjmu9,https://www.youtube.com/watch?v=1M4he4-a6pA
MKAv0SUecBvH5s25S8wzD,https://www.youtube.com/watch?v=yHpSUaccl0A
9EEo_WkUYCBu4glXeNfEA,https://www.youtube.com/watch?v=loIkg5ku91E
HRgV7EZd0AMoSE9WIhMCQ,https://www.youtube.com/watch?v=gYJM7G74PW4
TDMIkikaBfmInpki33FGf,https://www.youtube.com/watch?v=7T-S0LU5XPA
07jswyTnN1-zslwqzxxmw,https://www.youtube.com/watch?v=LXEzGSGn28c
3_vZohjzKD4Qzea0GGacR,https://www.youtube.com/watch?v=RUAjD_zS5VI
tN0zkET9X3VvtpvHHgjSc,https://www.youtube.com/watch?v=aRr025PzLIA
wB96Be6IXvjIiuRjp9RaU,https://www.youtube.com/watch?v=LXGJEk9pR68
00jr-O6rysJpcRJOXHof5,https://www.youtube.com/watch?v=RNPptlLvkdM
lIZWTmtx85ZVk8kb86ss7,https://www.youtube.com/watch?v=X0GDQsMkQ_s
FbNuBDXt-0hhJmwrB7Eel,https://www.youtube.com/watch?v=2XQTH0glmLE
9T00r-xI_8U-IyUJrTWSh,https://www.youtube.com/watch?v=4jw_7abZ4fE
YP6myJcL-I1oEPXx9Pdfn,https://www.youtube.com/watch?v=bK5DZR4d_XI
pd63j0bxWGgtl40GKBQHx,https://www.youtube.com/watch?v=rGzb6eF3th0
x2N20y1dxu-vC8cOdmAWd,https://www.youtube.com/watch?v=5_Q_iZULfog
i3015E3AVavaw4-I2vdOg,https://www.youtube.com/watch?v=YzGi_DCpXfo
oq_Z1ceemHDp6wsT8H6G2,https://www.youtube.com/watch?v=IHFGqLT01L8
LLWrGoV1M9XyJa2XErAkL,https://www.youtube.com/watch?v=qcpq5X6lIRo
j7k0kpALzzgx0noNIME0u,https://www.youtube.com/watch?v=OBUY1dtdk1k
MK_A4KcRlCJAilI0fqgwH,https://www.youtube.com/watch?v=yBJVlK2aRsQ
EtmoDfS8GsMFC6LAf_-gk,https://www.youtube.com/watch?v=F3ifb7pUhhA
H_XL3saOy1QzrUvEvR01W,https://www.youtube.com/watch?v=PLmuNZM8UTA
4bhhy_LVVDVNmLOeCBmd6,https://www.youtube.com/watch?v=RMhqUBEzbLw
6Rs8g-kF9wSwn4-U49-F2,https://www.youtube.com/watch?v=RoH-fU9zr_o
tLoPGDr7W14LPk73PnMlZ,https://www.youtube.com/watch?v=HbvMJlcIpLA
3FK5TzbDEruLfCwmeMdoc,https://www.youtube.com/watch?v=ckjC8EQvfQw
HRHRN5D_-Xlf_CLRq_0px,https://www.youtube.com/watch?v=4N7-Xa4BBbk
BjH0z_1k1czsnN8NnGuf7,https://www.youtube.com/watch?v=bKisuKi7tdg
WcLVeukacs-_Gqt54wu08,https://www.youtube.com/watch?v=kxRNXTuvi1k
0GH1D7OUMgFTLxux2OPad,https://www.youtube.com/watch?v=JP59J-HdtPM
AvktnbDpjY1RqGjS8cCsU,https://www.youtube.com/watch?v=b-4vwJfdCZQ
pA3z0daTF0qHLF-Dh2KZ6,https://www.youtube.com/watch?v=tvL3mGOHwe8
AdZoV-C-lKXauyDUO269q,https://www.youtube.com/watch?v=Rt0z-eg2WLE
8xwL4ahg6CGANlQAK-SjY,https://www.youtube.com/watch?v=Yli452l04fs
N1V7bHWgkWOVcE5JuTSKn,https://www.youtube.com/watch?v=q_FfqwY0lOI
qIGhfoH_EmysD1KrsW0Uf,https://www.youtube.com/watch?v=g4oWHzze_D4
LF0SZY2KCuSdKOqjuQ6JH,https://www.youtube.com/watch?v=wzPnlbaPe-w
l60JXkKQAAb0D8y1RRwEY,https://www.youtube.com/watch?v=kaooxwICyfg
XQKMofE8EoPwvunpvE9lo,https://www.youtube.com/watch?v=259q_GId9to
SybPxT1RfcmnNxFOxro2r,https://www.youtube.com/watch?v=ZApjN24rTBU
qk7BY6rAU_8fm6UYD1rQG,https://www.youtube.com/watch?v=WL0bCgaVYXg
8fjJe0y26b6lOhO3ZPOsx,https://www.youtube.com/watch?v=cXxYoDIXVQg
inNlj5kAlLOT6FjP4f9TM,https://www.youtube.com/watch?v=RNqIvGrhC5s
MsOZsx_TvNlinthxTu934,https://www.youtube.com/watch?v=6KD8dvx_WXo
4f_nhu52N3MHsfMK-0eSK,https://www.youtube.com/watch?v=4CnNQKyKLFA
pc-V8L-onWGvgwMP5mcxI,https://www.youtube.com/watch?v=pNYqYJ5WWkw
YKdkAlwxp4YUD0aHc0we-,https://www.youtube.com/watch?v=KcPRySg5hlg
wEpD7nfgKL6to4W4rjj3R,https://www.youtube.com/watch?v=LqXbgl9qOOQ
tIc5M7Y51KAIHQtNa-dE4,https://www.youtube.com/watch?v=dEg-r43cum8
_fleNpK-3PbF1CuCyRuyC,https://www.youtube.com/watch?v=HPTMZWhEklM
Xl5acZKjrbohGnQY6Vm6w,https://www.youtube.com/watch?v=YyivD5pUcdY
CePTtj_O3fIbktyyTQcLW,https://www.youtube.com/watch?v=IrCdEGfX5M4
LEtlfTi04Po9BjzqbGMB8,https://www.youtube.com/watch?v=GflHqqr_N84
G3BfRJLsPsBCDCf3AH-9v,https://www.youtube.com/watch?v=mzn-14yi0ac
lnOaRZESnSTVbBHzRdaxf,https://www.youtube.com/watch?v=DL9TGf018Gw
7uH3Y255gGbdtf3CMyb6n,https://www.youtube.com/watch?v=4fWkm-rUHmk
QSxr1UAP43yogZi8biwhd,https://www.youtube.com/watch?v=BNwtCZLht_U
qiUxha6kKeDUf5FBic1dX,https://www.youtube.com/watch?v=NGsvOMOd1Mo
Jl5qE_pURyKRD5ApnesCv,https://www.youtube.com/watch?v=RL6D0R_pPOA
phkLAnqLH3DF5b0jvy2cn,https://www.youtube.com/watch?v=DMf73RTb9Lo
tfD1yRZtzLJQBtLPLjUh2,https://www.youtube.com/watch?v=qklUiOw2dqY
pbduivWpvYB_OAQg4YuUn,https://www.youtube.com/watch?v=xisGWxtQBQg
eSui3NWHeWGWLEuIbD08Q,https://www.youtube.com/watch?v=rSe9NLiQp28
vytvK1_-iQKATk4fTWCLB,https://www.youtube.com/watch?v=DhTsNbwImY0
rvBDSaAeDWw2MWeau1-uq,https://www.youtube.com/watch?v=b-wcVpaRFLg
YXWKtSvB1YPMY7yp72qDD,https://www.youtube.com/watch?v=DkT7WtZd5X0
eyr3CIBXfGQO_8RpxDOBk,https://www.youtube.com/watch?v=cONznRvyl48
BEFOxXNHLygk6wlh76dmM,https://www.youtube.com/watch?v=m_SRw2CENco
IAyNSxyJcc5WzAvtQ60ja,https://www.youtube.com/watch?v=4PP2ymSsKsc
OyVDDT9pFcqbi6eaxBxDq,https://www.youtube.com/watch?v=PnmFklVlPDI
IxKOq19PhsVbgFHJzd7mU,https://www.youtube.com/watch?v=2I5Archb96o
r-DTbSvaoL00S1drkSXKT,https://www.youtube.com/watch?v=YPoBLUXY6xA
HIH12Q61wrp0h_GEM-GTS,https://www.youtube.com/watch?v=lIoosiPwDfo
ldKvLrSYlguQtpPXEZlZo,https://www.youtube.com/watch?v=qQ975PWL3fg
Ct3YN7hJFu27Kvssp3nWQ,https://www.youtube.com/watch?v=SBSO--BaLbI
dSu1xhzYltXvd6gnV5RBa,https://www.youtube.com/watch?v=0ci17aHdHgo
mpYfGeOsENC0HtSVsqSxl,https://www.youtube.com/watch?v=nUHEAoT-zoQ
ds_QpxsIzS6_h1MxZ29JX,https://www.youtube.com/watch?v=608EEEMjlzc
ET-mV3VcMW2XTlcheWh5v,https://www.youtube.com/watch?v=HSXNPb8bA14
ZlIggJxTHNXaLZZJXpJuJ,https://www.youtube.com/watch?v=cJSLZGaDRF4
RtAzqoZm_ra7z3ZPCjiHO,https://www.youtube.com/watch?v=leNklOdEM4Y
DvTyB0nFK1gGODuixRqHJ,https://www.youtube.com/watch?v=-_TE9rZemQA
soT7cf_yoDRNYr5qkssNy,https://www.youtube.com/watch?v=S9tmPvjnQwg
EQhvneuW-DMepJtq975Jd,https://www.youtube.com/watch?v=hJEBQVMaIiw
GRvujvTKJI_hoGMB8EQhl,https://www.youtube.com/watch?v=ZH_RvPQB9l4
Oij5GuzfTnoN6zQluMeOp,https://www.youtube.com/watch?v=Lifuadxh858
42-IIzCAd5LXP-FDCvjYg,https://www.youtube.com/watch?v=Q2gct1XMInk
bFV_3er3uF0GMZdbdz01q,https://www.youtube.com/watch?v=No_5blaqfuU
aedyzEXlU5kzM7mIThmwF,https://www.youtube.com/watch?v=3AB8Ozv3opo
ahdKCpqGKDJZkKZF8fRq5,https://www.youtube.com/watch?v=4u7zrUZy9Xk
0kuuFmxDvW8MjZfR4fTZl,https://www.youtube.com/watch?v=idrpvGStM_k
hWd8ooL1aWntnMfllXi0P,https://www.youtube.com/watch?v=7bMiDD7_Qos
K8URFzpg59RAYEO-KJmGI,https://www.youtube.com/watch?v=60rRYYxHxJw
qCV8P3HWARq9zSn2QKVRg,https://www.youtube.com/watch?v=4piihbjoi8w
6OZPNjnm7JlftH-drnl3V,https://www.youtube.com/watch?v=Vmb0dqRV2X4
2qxADefIlc3Aq097Rzklc,https://www.youtube.com/watch?v=JcsMD5rw8G4
Tn9LlQAOU5zE-nmXXveL8,https://www.youtube.com/watch?v=bDdehqmfPX4
99Dvmux04dE-qdrzeD9CO,https://www.youtube.com/watch?v=VDOZXeEFG-8
HO0v8Pq93PBpNk2iPV48-,https://www.youtube.com/watch?v=OMImButMgqA
nLdSTyFYIDVWbcVGj84Ww,https://www.youtube.com/watch?v=9e59hilEd_E
fVCm7dmzueRCStzI83VsW,https://www.youtube.com/watch?v=3tRu2ggb9GE
kH5JCp_UfujsVmFhHb2-x,https://www.youtube.com/watch?v=EzqkHL5_5mA
azgK4_UBNqsSIvkdDJd7V,https://www.youtube.com/watch?v=2XeaYxvIz3M
gVh0z9kQcCN8qsrBz92Hp,https://www.youtube.com/watch?v=3TXr9tzOlFk
t3aZ4fpiW16Hlh4bC_yqd,https://www.youtube.com/watch?v=OcXNfYuHqlw
WF6A-oUHMdsD18-xAjy3J,https://www.youtube.com/watch?v=JAT7GrkzwOo
vXj1ipIRGpnjXLsCpN4AG,https://www.youtube.com/watch?v=m6msKd7mSNE
dp0wADQ__vM54UxPAdqR6,https://www.youtube.com/watch?v=vLj8v1vAsjo
cO59FGx0d4XzUlRpyVVEh,https://www.youtube.com/watch?v=0Cw-D17nb3c
WnZ3l2w9gxaNsMhEltKsf,https://www.youtube.com/watch?v=k1FQO3m3n_Q
R_-kb2r7aZ657dQKj9PZh,https://www.youtube.com/watch?v=OOKXBMI8bQA
FNMOSNzNQrg1x87ojZLcv,https://www.youtube.com/watch?v=mM_rKjWFbUc
bq7Y9nb-PeuKXGn7X5XRf,https://www.youtube.com/watch?v=9vTWjtUldXI
z1lvRZYAfwQ58SP64e-0C,https://www.youtube.com/watch?v=sqO5mrOl_Zc
hLbW7rL9spZ4OZa1NPLBW,https://www.youtube.com/watch?v=cPxBiadejZw
IPLIx5_pPrN2R3b74DsgO,https://www.youtube.com/watch?v=LOde27Wv35Q
sek5GVIk-UXu6RQbKZA2Z,https://www.youtube.com/watch?v=U1fyPufUbRs
oPBapF3Qg0zdGukQ8c0z0,https://www.youtube.com/watch?v=LsWWSiMkw58
Kl8YZ2D4FRwYcU9cWA4L0,https://www.youtube.com/watch?v=_G_4sbkQk9A
4wqOWN6_jpGAMlYojctmD,https://www.youtube.com/watch?v=cJhlTKwHcYw
qRFQwgRSr_IJLQiLd0URB,https://www.youtube.com/watch?v=ZeWneXf6N8E
kzshSBwOI9WSad0o3BV7x,https://www.youtube.com/watch?v=N0AY7rNGZe4
7qsfbn8M1ACLAnt2hhzVl,https://www.youtube.com/watch?v=-z7WZu9KqpQ
UbmHvdfVnV0DWdZqtRKxi,https://www.youtube.com/watch?v=Aa5sXV7CYZc
6V7SiofBOrYsdHRZvgifj,https://www.youtube.com/watch?v=Fj0On2PjSLs
MmPNI6iWaHh4y_UxZnYCq,https://www.youtube.com/watch?v=pkA3Xtg2CpQ
h9AMiXww598qpwUivvyPz,https://www.youtube.com/watch?v=NCeYU-3eMnA
7ddT4OkaKg5AiviNs3KY5,https://www.youtube.com/watch?v=6lxKEKa0C70
A3Q-uGZUKbU7mrJUkxJrd,https://www.youtube.com/watch?v=6plAJv7mh9I
N9FLTzIyUIcVcz6H7SFlF,https://www.youtube.com/watch?v=RzQ4yigSc84
h713id1S4-BcBlGNPkRQY,https://www.youtube.com/watch?v=-0NkPgW7hkw
Zt5aUHxADHirxd3XDvlvH,https://www.youtube.com/watch?v=TGkoPTlqED8
UI-F_Bp0-5pT6jHUMUqVe,https://www.youtube.com/watch?v=QYe2wDcskU0
tLCmZ8V-IiR80xhP0bygq,https://www.youtube.com/watch?v=0xM1j0pEvCU
cHlyQe7-ngY73hN_itjjc,https://www.youtube.com/watch?v=hEUgfW7FtpE
zidCMXUaazG4Je4jszKIw,https://www.youtube.com/watch?v=Brcphjgwcj0
RRDYmTss66JTsQrYYd_jU,https://www.youtube.com/watch?v=b_wwznB5ZN8
KkbbeN4VMF-S-I7oA1kfn,https://www.youtube.com/watch?v=Nsvd1V8EyAs
_wRCrNZPdzWevVQh0VvYH,https://www.youtube.com/watch?v=7qLJFyE8gJY
FUg3bdGBQxwJM7A4610IP,https://www.youtube.com/watch?v=8shSk8BIuk4
TIs39BoIqvwmfmTOjK-3T,https://www.youtube.com/watch?v=F7vBYI8O-Yw
PysITfvJvlwJzUsbMv0nk,https://www.youtube.com/watch?v=yPFmevdsIXo
OLyMpwshjb5g4f_f6bAEL,https://www.youtube.com/watch?v=MmJRk5uQBX4
ykzMaZd937-3CtNQKZKFd,https://www.youtube.com/watch?v=7DIJ32CeSvI
0jo95GpFtbmkVkrjp00lT,https://www.youtube.com/watch?v=5j8VmFST0Jo
35A61VpRJJXgPvwRdx6g6,https://www.youtube.com/watch?v=DUgAa8F30Fw
TrbU6IN6u8cPJ2t1rri_Q,https://www.youtube.com/watch?v=zRcJYtaPstQ
UXy7CkZkqHphFahD7bfgN,https://www.youtube.com/watch?v=nSs7-jqvqVQ
xQr8MqqwzsudjO5I11Rli,https://www.youtube.com/watch?v=a4DGx6WPiDw
uM5h0oG2ZquaTF92y2Lqx,https://www.youtube.com/watch?v=UqzlRA28tMY
rvnjgOF8usJVZ14D9qWwy,https://www.youtube.com/watch?v=jh_vkYZpZYk
T8acyFTG34c6AHgc5w6m4,https://www.youtube.com/watch?v=38m1RUlahM0
-t5znQ-WjtAEQWzBFup3E,https://www.youtube.com/watch?v=XhokzZy-FAM
e_L2xYvqMRKRoDUlx4ZwV,https://www.youtube.com/watch?v=idRb1z3rVuY
aeIgSC3dLpKLm5GmeKeXH,https://www.youtube.com/watch?v=S3A6ZSeNI4k
-9Ukn4LrYpu4vo038D80H,https://www.youtube.com/watch?v=1xK1U9WcXl0
sY4Xk7EloJfGakAmgoX6G,https://www.youtube.com/watch?v=2BEsYE0SHRE
JlMdTP9GOEw-gi6YRFn-I,https://www.youtube.com/watch?v=oEH2UGk1UuA
s45ENW3EnlbNldjsB1zeC,https://www.youtube.com/watch?v=aqQ9SSAP_GU
VAMurJL0hf_SRzbpdfmcq,https://www.youtube.com/watch?v=6WIHUL7SA7Y
0p2YjxsrKAgUuWkACOfkP,https://www.youtube.com/watch?v=2Dcy6GDgnOg
mFhSHqEC_pTU09rKbQY2z,https://www.youtube.com/watch?v=l0cJe3T6PuE
LvNxVxy__QMOl4HgLSD7V,https://www.youtube.com/watch?v=l8A6R8U2yqA
X2VTvkUZUpL9QNQx-Ksib,https://www.youtube.com/watch?v=51a4jkMMXkc
Su4XLgxOpyxsccHVPERhn,https://www.youtube.com/watch?v=WPWcF9Q2PyE
j0E9F3mkCRJpsQMsAIrky,https://www.youtube.com/watch?v=gh8E6XciOhQ
g3Da3PpgNSl6uH1yiIKbq,https://www.youtube.com/watch?v=PBcsuiiS9_g
VJPhUe2UJ4YEdY4Q3HCQw,https://www.youtube.com/watch?v=AV9zKOr-ewI
kJe0vMKt1CvW8Sah1ny5T,https://www.youtube.com/watch?v=Mw9bScs_fpc
3MXdNsmhtSWq6TlYqO7YN,https://www.youtube.com/watch?v=c93bwPf8pHA
ePlu6UlK5hW7EdHAOQFVD,https://www.youtube.com/watch?v=VcCY4LnMvXM
T0X8efdVyldgrH5cmt99u,https://www.youtube.com/watch?v=-pvm6QiVOIc
o-SCgx4Gr3htx0MX8N0OS,https://www.youtube.com/watch?v=AKZahXrUlzI
vA4G_XlXMNi_yIsc8IY-D,https://www.youtube.com/watch?v=NZ-d2x3-29s
TNkOjpKuEeQoL4ZSw4jAm,https://www.youtube.com/watch?v=JYjolZEfGp4
-WAl8WdqFVnp5py5sHy-o,https://www.youtube.com/watch?v=OyZ-cOgQ_ik
S-EWf6mZFagnhxAMgbhHQ,https://www.youtube.com/watch?v=hcPlgP7i5I0
BUR7xR21yKYpPGHFSG-Kt,https://www.youtube.com/watch?v=_QEjfhe1Xow
HOLm2e4FzMExkLvElGs2y,https://www.youtube.com/watch?v=7dorVDMtGzs
YDZmE2UdQkqW7YHenph6_,https://www.youtube.com/watch?v=lTlLwiqO25I
7wm_DvTnEAiKVij_Il6XD,https://www.youtube.com/watch?v=J3y7RX6Oswo
m69dlqtoggWbWE449ZDu1,https://www.youtube.com/watch?v=QGqnHD3Koq8
QN8wdR9gfh6KTTsh4Bjb9,https://www.youtube.com/watch?v=VtmLaM7uCIs
9YYkZStHDiddeGzpEQ5mc,https://www.youtube.com/watch?v=ZfHcn2x5C6M
OWaf_Cm0yFS0Y6pS390S_,https://www.youtube.com/watch?v=61xySwsF-nw
QYRX23Aa9ojQXgtkq0xhQ,https://www.youtube.com/watch?v=whWSV4oBHR8
a7VXaS_-E4KAezrrIPZnT,https://www.youtube.com/watch?v=sDTrC5O2Axc
MkSt3WxuJ6V30DIkxgFSc,https://www.youtube.com/watch?v=utnJSJsA9ZI
f5u9sJ0hTjuD0LMfic5sH,https://www.youtube.com/watch?v=zSJ5Bt1_ehI
dfA7G8lzzvPsKJgZMHFor,https://www.youtube.com/watch?v=xxr9DW3NbDE
xdpmVRMkCsyjDHc1sarjr,https://www.youtube.com/watch?v=OEVyboMl9y4
EMV5ENxcMgCQsAAD_5gyq,https://www.youtube.com/watch?v=0eWLt5iG2Os
uEOo2HeduwCj4C_CUUwgL,https://www.youtube.com/watch?v=NU_vFVEb8F0
0DgZ15dUWza7hQ15_sq41,https://www.youtube.com/watch?v=BZumrYFjgAQ
ZWUek-D_5hjl12EVRkTZ7,https://www.youtube.com/watch?v=nyMy39zAUK4
zeTdqZx8w9NGW2lYs21Oa,https://www.youtube.com/watch?v=6gF0PoZEMJ4
CRyzDb2mh6Sdim7M6_2Fk,https://www.youtube.com/watch?v=dgKt4ZiflPY
M2avTiIcmQLYUaas3Beoa,https://www.youtube.com/watch?v=Nszu6onCVAE
Q7UUDuFpcOaaCVdfWAFzv,https://www.youtube.com/watch?v=JLGT1Q1uleM
P0gqTQCENQy_YoRDqHVvb,https://www.youtube.com/watch?v=ZtoqPrRrcAY
mSOAQ3IkrCCdpxlgiDXpT,https://www.youtube.com/watch?v=mDsj_HIz5UA
H1qC-yOZY8iS7GzoFzeQm,https://www.youtube.com/watch?v=DtNRHV_wdTQ
LtkebQF9Ga1ym2-IOXXcI,https://www.youtube.com/watch?v=0WIf-tOa0Do
g8CZZIjmT-Muh7ovxxbzZ,https://www.youtube.com/watch?v=Qu2VB9RXdDs
Vx8q1BKiIBPizcU54GrAS,https://www.youtube.com/watch?v=cA8iFE5HTB8
Wahl5tgN_DNmzLuTw0Q56,https://www.youtube.com/watch?v=1oJ3kFwx2gs
BK6bFXVcj54S_g_toKlX9,https://www.youtube.com/watch?v=bJLPgPaqmrs
X-HY9BrbTvJYk6q3N9JM_,https://www.youtube.com/watch?v=xQ6BTmMzJyw
WkLBnubHpWxpyzVC0MVp5,https://www.youtube.com/watch?v=UumhmGkdFmA
ks69j6kflLlRao5ypJklH,https://www.youtube.com/watch?v=9hLe8eGPSWE
s9g27XFWk2lv1svoBk1iE,https://www.youtube.com/watch?v=irddDfXTLB8
XWw-B-eclo1kk2uDiRaYG,https://www.youtube.com/watch?v=evwUE1es594
mRJJ3NI6UIHiDONbxx-7g,https://www.youtube.com/watch?v=fTsMoZ1Ub7Q
004A79-Jbu6Qe5Nh324G9,https://www.youtube.com/watch?v=Yf6X-eETI_g
3DWbkL3M-KRR-OjA4EpAn,https://www.youtube.com/watch?v=CceZ-qIfCIk
NPSB1vBGrs14X0jJsgRyI,https://www.youtube.com/watch?v=cIUI9HGmol0
LlEKQQYdO2fiPR4qh6g4m,https://www.youtube.com/watch?v=JTfHvJ2K0bI
kp5sM-OBBd6Q7leFeD2bo,https://www.youtube.com/watch?v=DyZSvtoY95Y
JiSdbjInHgurG-uk5r3gL,https://www.youtube.com/watch?v=U_HYH8UB8KE
T6qf-etqZYKly7DVsZLHc,https://www.youtube.com/watch?v=HA6K64NOo58
7oWZxgPrLVL6ja5ZsTwwZ,https://www.youtube.com/watch?v=kAeBksGG7Bw
y2ojBRigkOTfWhTPoo2RQ,https://www.youtube.com/watch?v=DJR3atfmEL4
nxF6wUOMAfDh-WHmXLi3t,https://www.youtube.com/watch?v=LtsFN0COjT8
YCydPcRjr5bfboRHgOenC,https://www.youtube.com/watch?v=Z6IcIsK0n3c
Dh2PG0b92KjwXzPNeX9bV,https://www.youtube.com/watch?v=n1IllRxJ3As
xWfJfHGhFDO8sncGuPi7A,https://www.youtube.com/watch?v=fSCz0T2YvGg
KI8A-Tc_fnxUyLQ-6NoWO,https://www.youtube.com/watch?v=2tZ1geQCcpw
mj6jL6OaHsw-JtEN9OfFf,https://www.youtube.com/watch?v=G8zxqW6fBpA
nugo5sTt9Ep4u89AN0SPD,https://www.youtube.com/watch?v=Vy31U5GxKZA
Tn2Eg2hKiX3kK7ywz6m98,https://www.youtube.com/watch?v=LtcFYK85xlE
5AzA29tLk8-EqwYfEYVYM,https://www.youtube.com/watch?v=elOPnlSmj9w
tiDr5GU3DfnJaODup4Kvj,https://www.youtube.com/watch?v=GUe3glQO-fw
8BEfaKMs4AycqyBvJKknR,https://www.youtube.com/watch?v=0jHzIewVNEI
bCnPeMWNuTd-YV4FwiiVR,https://www.youtube.com/watch?v=8gE-ET6QIiM
Lm4NAuvvIzbyLAzK1MbQP,https://www.youtube.com/watch?v=02RpNNMX0W8
aMt5ZWt8nY53Y6-gcT0wL,https://www.youtube.com/watch?v=fKRTrevluK0
rGyCRAI_mzwAPZKwpNUtL,https://www.youtube.com/watch?v=yKcR1XR3PNA
e7fEsuJGs8mzDsA8AV_2S,https://www.youtube.com/watch?v=mJWbygkKPQc
GyoV0S9jqIbhA3Eym2ySg,https://www.youtube.com/watch?v=Fg_tfHbfheM
V2VPUMYcEBrTxpaPmN7Xg,https://www.youtube.com/watch?v=oFtkWd_XlBk
VjuvXrlMXFJoH46t76VWW,https://www.youtube.com/watch?v=c-yu-_WN6mc
88kj2i10ZXkf4CuMTF4yH,https://www.youtube.com/watch?v=HKmSr_ElCyA
2mRcIWsBmzmGZljK2hlOS,https://www.youtube.com/watch?v=nqPtrtBUa48
ErO0tGDrhnbonLkrM7-LU,https://www.youtube.com/watch?v=TfG4M1oFd5A
7jbqcyYqVlqrRTmpyMspW,https://www.youtube.com/watch?v=vPcE-3X4xvQ
GXdg00RKhYxFmc78fS-qs,https://www.youtube.com/watch?v=tL1LwgHkNj8
ZsVOEW__2eNDO2k5nritr,https://www.youtube.com/watch?v=mlpCd-4I54s
8Gp7gS0eRdIlghoCh2UCH,https://www.youtube.com/watch?v=NHkYoCtVIko
cl-joO1dW_ZWFI7WeuYcZ,https://www.youtube.com/watch?v=E3h_24qjAAk
0X98iLOttLn_k3DJNb34t,https://www.youtube.com/watch?v=4oKUu4tltm8
etA7UA-eKsI2Fso_i5_CM,https://www.youtube.com/watch?v=1eEw6AAQbqM
Z2b7_ydhKxNUJZK-vaFuh,https://www.youtube.com/watch?v=bw4CK6RdtEQ
n7j5fAvnVPWOahPy7nJ2n,https://www.youtube.com/watch?v=uck5N-khWvU
vR2ihzIhukZfcDxSkwOUh,https://www.youtube.com/watch?v=eP9FXRXJPU8
7TeVP7FCGDVB0BpQnq_im,https://www.youtube.com/watch?v=V6eoiR5NSqA
8R4rdJXhxG5-aLXQop6oy,https://www.youtube.com/watch?v=V4GgvlvobrQ
LtPFgQnoqKtwNM6Aj0tiT,https://www.youtube.com/watch?v=DXQ-WpBirdk
OiVb1DCt9QO7qafoskSlH,https://www.youtube.com/watch?v=iLnFy5eSyCU
SB9Zu9PJwX5HFY3fkuiBT,https://www.youtube.com/watch?v=6AXJ0roJTBU
Xx-hzTYmcyLo0G9v-W4gY,https://www.youtube.com/watch?v=FvDbDBufjLc
ydPAQYL1t7Xl4DRn01YAU,https://www.youtube.com/watch?v=Ruw-17Ioyzw
b4Icm2dkKORpElex4CsrO,https://www.youtube.com/watch?v=hPmTnVh1fAs
skvP3soY8XvdkZ5YySCiT,https://www.youtube.com/watch?v=zsUVsbPX3m0
-4BX1ULlbU_8iHDVFuGf8,https://www.youtube.com/watch?v=CJQgPCbbz3Q
X9kR1-rXBWUR_tTnVGONv,https://www.youtube.com/watch?v=tdR6nCeoDds
CpDVY81b2EYipAvhbMfKt,https://www.youtube.com/watch?v=JeXbYpzHSzQ
dz-SjkqFYUm-RXH2NS0jA,https://www.youtube.com/watch?v=AgTC9wXISD4
tHqcT07Tku_fY7xlXFQTn,https://www.youtube.com/watch?v=MnE5thkFXEc
pstlumpljG8Nw24bs2Ryf,https://www.youtube.com/watch?v=ptjvm1GC80M
BMP71O1iDSkQS8w0FLdYf,https://www.youtube.com/watch?v=QewdyzalbeU
FLqlKuCsU7xT9nEGBRlB_,https://www.youtube.com/watch?v=hNlJdZ-SQ3c
kxR1-WiayJtpvT6LssCMj,https://www.youtube.com/watch?v=HziX830ykwc
BgyIuP_pBGWfaQ4enRUw4,https://www.youtube.com/watch?v=-mGA200V3AI
Fv2cKQFyVPxyyS4XB8v39,https://www.youtube.com/watch?v=XfCA1CTIOkc
7zOWm5NG4kFb3fp44J5DK,https://www.youtube.com/watch?v=iRM0uSSIsOs
5lDkMIW5j-DAJC03plvgU,https://www.youtube.com/watch?v=-c7_vRk4hIo
lwbO0uXBaS84qmEq2It-H,https://www.youtube.com/watch?v=hVCHnh3kdtM
rKdLEtt6F5Em1XpoCUMAN,https://www.youtube.com/watch?v=OtJ_JIw4wOc
f9de7f9x6nhest9O3Xu32,https://www.youtube.com/watch?v=g4fkQZ5ou-4
CepNgmDbvCQP0G9fMX4W6,https://www.youtube.com/watch?v=grTYZf7u8sM
tkPKVCKqiHjphJJpgdjof,https://www.youtube.com/watch?v=yfTPN5khUkQ
hZDt4DUdgIvS6caqOlW99,https://www.youtube.com/watch?v=Tom756amdd8
SMjR10tIfTLZpnDfF49QA,https://www.youtube.com/watch?v=MsDOFQM-yzk
MNF3pQRNXv_XM4Qn7E9XN,https://www.youtube.com/watch?v=JlqPOwbctzM
NCTNfjm6IaAr-up2Z1bpM,https://www.youtube.com/watch?v=GwijmUtCFi4
Im_b_kzxkDhiFaRd1FKVW,https://www.youtube.com/watch?v=SanrkwSvKzs
Morv3qqIdGC-npub8IaFi,https://www.youtube.com/watch?v=iosUw4ejizs
mnXH4vdmGMU0jqkae3g1K,https://www.youtube.com/watch?v=-2w1gjzE41E
0sVPTNlOrPxU7DYLfQfSr,https://www.youtube.com/watch?v=_S0adev9wWM
x47lBFT98Ln81KV73n_9e,https://www.youtube.com/watch?v=u1lTHt6PgAA
y4eYIlDdibCLhMHwqxiMH,https://www.youtube.com/watch?v=lzHPyRbAqzk
wBk75ESGjPxgjSzXBSluA,https://www.youtube.com/watch?v=fd-i0SqyhP0
am89wPiaGHcuoZm0qtt94,https://www.youtube.com/watch?v=j1FHbiqZ3i0
B4lQBSQjNhaPGzT_at-7e,https://www.youtube.com/watch?v=d8HBD9jBjas
9JBLrc-2q5NX5yNeUsehh,https://www.youtube.com/watch?v=uRvkEF9OsUk
I_AzXQMOvjn3YOruhrGFj,https://www.youtube.com/watch?v=z1dpoQcpEDM
Zj0QdWnq8STRo-jkwRv23,https://www.youtube.com/watch?v=8xMlJ46cVyg
HYtPcHkSbGt4kfCs-KbW2,https://www.youtube.com/watch?v=B0pRLz3e-7Q
QcYX9KLTUTauq45A87luu,https://www.youtube.com/watch?v=Gy59mfQgk1Y
ulcmSwReqo1z1eXj4ad0R,https://www.youtube.com/watch?v=ZN4hEiWdw_I
bFrftitzkhkvM-FmcaHpm,https://www.youtube.com/watch?v=BG-rk281TcA
Ta__gsHHozxBFvxFReqCq,https://www.youtube.com/watch?v=uhR4NVbExco
ofxxusr2MR4rnVJmCVZ4c,https://www.youtube.com/watch?v=muPr283TcDs
1xIJNQiqaUhUchQRvoFhG,https://www.youtube.com/watch?v=KASOZPU_S6k
ktYCbCW-OI5kHLr1BwPMd,https://www.youtube.com/watch?v=6vunCCyVvRQ
k2x1t_xVXFt46TK0JOO6L,https://www.youtube.com/watch?v=a04NB8RJYKU
upwbXsbMDD6jpNmSmtvxI,https://www.youtube.com/watch?v=9D-5ol47ud0
hrjhLBQilo-iHddC0u9lg,https://www.youtube.com/watch?v=MPbDVjwaHaA
__0c7HbbY7ULVw4SkQOSc,https://www.youtube.com/watch?v=2D504t8mv50
bZpjspovvWHPCYKn2uEr8,https://www.youtube.com/watch?v=tVT4ufsvDno
j9oPREhbIp5sKz7zIfHSt,https://www.youtube.com/watch?v=79PH2BN1O8s
If919t5pFxiw7fvN4ZI5T,https://www.youtube.com/watch?v=EZlXFjfh6Bo
8P28AwZFXyLc2laU6jD7c,https://www.youtube.com/watch?v=D6ZjfH6svL4
kcP3V8sBMKeqGklD_Dht2,https://www.youtube.com/watch?v=fsGWF8dYwpg
l3RgE3k8z--PV3IXzxf_x,https://www.youtube.com/watch?v=jlx4DIIBIMg
Go5uAYiPEwjIkcGBU6I67,https://www.youtube.com/watch?v=OjeSv3LOYDQ
2HKVPnaqV6Mod44w_3EO2,https://www.youtube.com/watch?v=e7eQLuU-Ofs
J1MWs-ZIkfinigtNLTPfr,https://www.youtube.com/watch?v=cKffjGAFjxk
ABDtBc1AM3Zq82kaT_SUs,https://www.youtube.com/watch?v=UadBOKM77DY
tNbM-YCp5ZtgU4VJSXxn9,https://www.youtube.com/watch?v=u77l6TgyeXY
QPQGjXt4bup1ERI4mWYjT,https://www.youtube.com/watch?v=wtkXcu8MLVs
2TZm9pFXmrry7cerRuFKL,https://www.youtube.com/watch?v=0LZla9cUxPw
8Nv3-FZwmL0fisc8CTlHm,https://www.youtube.com/watch?v=OLul5aRamJs
Ptc24cuAhKs5mB6k33bH9,https://www.youtube.com/watch?v=FK0wttlClpc
h5pUgsvaV9eeVbPR4l4g0,https://www.youtube.com/watch?v=RcvrzY8nWQQ
hb4tVZuktuYkzEWSS7_QW,https://www.youtube.com/watch?v=fSdcdJoVbrc
kLasE22z-SwIla5x7XWz7,https://www.youtube.com/watch?v=lAukbJnF6jg
SMSxN6P08jel2D87wzQyo,https://www.youtube.com/watch?v=AXfP97hmGbQ
A__HZKapTy2Z5kBv-vMh7,https://www.youtube.com/watch?v=9tbtk1i10ck
JqwDvqeRuPC3mIpCtVg2z,https://www.youtube.com/watch?v=vw5xbNUTibE
l_WF4Hve9QtlfFmgXtoY8,https://www.youtube.com/watch?v=16x8_msa7bM
8W6JswLV_46nCavkBGdC8,https://www.youtube.com/watch?v=UdSiUC9Ep0o
xZNXdl9K6_pWdklLHBqtA,https://www.youtube.com/watch?v=GUISXfmbrW8
0JBS8uUuNZrA41_BOPTbl,https://www.youtube.com/watch?v=vD08hkQc8q0
LqpwtD89LWE1taihPhJ47,https://www.youtube.com/watch?v=8IjCpr5Xc8E
aw4JLK-AOKHfOOP_DRa99,https://www.youtube.com/watch?v=6r_aMMVLz0U
4QgFkc_hCGQCub0AmhcSE,https://www.youtube.com/watch?v=pWzwNYTxdOI
5lklnbpcCmT7SrsBaNhML,https://www.youtube.com/watch?v=_2nsO6yhif8
bPHCDL2kxGLn04qbmknh8,https://www.youtube.com/watch?v=Gwpjhs_hnRQ
NHIt06KAaoTIm5tJDJWKN,https://www.youtube.com/watch?v=nF-8XehZAwk
ibzIq6Tfvetmah_Igolpw,https://www.youtube.com/watch?v=OMdm_RpuV_s
Knx2uP8p9KAtBmm_638mQ,https://www.youtube.com/watch?v=rkPtN3ZdqAo
s9IIptQm26t54Tt8pmBRj,https://www.youtube.com/watch?v=2NGLcABwZdI
Z_y9ucpnYifXNW7b5lubf,https://www.youtube.com/watch?v=HGmQiB37Iac
7RJdswDwLAOJwV4Jvj3gm,https://www.youtube.com/watch?v=4Lc2uyc3ZDc
lhszAgWtJ2xt5MnVJDIYv,https://www.youtube.com/watch?v=gMVtvUAPtDU
XjbNP9mo-yLKz5nFvlafs,https://www.youtube.com/watch?v=IOVX-FvJA84
jicdbsQN1bRX8_QnM-Rwr,https://www.youtube.com/watch?v=KJBwoEYHrKs
Th1vbgRE54oh2XvoQ07v7,https://www.youtube.com/watch?v=AZa6lHrYc0Y
7LXQ_BkWxbmDaERAPEc7c,https://www.youtube.com/watch?v=rwY1zqpSHuA
dM8-kanOuxatNWV3XAKeR,https://www.youtube.com/watch?v=FvCC2uw2Aqs
457g9Auv3a-zqVnuxFDoO,https://www.youtube.com/watch?v=T8g3k5bfNCo
wLlq5uvCpbhL-9GSVV8-H,https://www.youtube.com/watch?v=MKXQhFdLias
hyJuaUZMhfPwMmqylu9Yj,https://www.youtube.com/watch?v=VKtSTx77DtA
I-5_yCYAhu5HzkJnTS5E1,https://www.youtube.com/watch?v=HM4Pze2c94Q
XjRF1qoxc3Tz7L2JU_ecD,https://www.youtube.com/watch?v=hsyVrwgnLU4
sCSSfifJn7VyF0pH1VJOO,https://www.youtube.com/watch?v=eVbECX_SCaQ
AccW_XIP-dVoy-YAthAGt,https://www.youtube.com/watch?v=OvbdXvDALao
CNvKS6h1i_g0BM4GYZs26,https://www.youtube.com/watch?v=kzIpK88knPY
QGqveLLQG1zq6jdxvSYiz,https://www.youtube.com/watch?v=YNuy4oBHhvE
wv8ddZAVtpWlsQDbHvi7m,https://www.youtube.com/watch?v=cxPrrXZl5N8
215v2lsbOhwblxzNHjk6d,https://www.youtube.com/watch?v=Dh5bB8-_NV8
sXjd_3AEcSbMiATO70UXB,https://www.youtube.com/watch?v=2DFNETyKinU
5CIBd_bsTtquThE-gd0lp,https://www.youtube.com/watch?v=h0IxMQA0loc
9SaJrKtJmh6ZZ3smqYVig,https://www.youtube.com/watch?v=3ozx17AozEo
jg2tiCxb8YSsNX1SdemEv,https://www.youtube.com/watch?v=HO8YmVzyEn0
94E5yoG2V1NwC0uIs09Ms,https://www.youtube.com/watch?v=8ulDyQsibcs
EsGfmXgPE598xb90K1svQ,https://www.youtube.com/watch?v=ZPiVqy5n6FM
sN8-WjuSihMvkGkpdyIfB,https://www.youtube.com/watch?v=sdfzK2e4-Ac
UeaqEMY2-zmTWpsjCRdb5,https://www.youtube.com/watch?v=qhlrI_16Gvw
9fwbgl79aEitlURnZgHwj,https://www.youtube.com/watch?v=jgNpXQ_uG9w
Jmd1sRzrBaKIZxej5XXGr,https://www.youtube.com/watch?v=v2ZYcHoKgDs
Qv3dAAW8N5rNqSxhxoy8H,https://www.youtube.com/watch?v=sGGmiRIOMD0
XGJArmsYfm-r6SfmnSXiO,https://www.youtube.com/watch?v=iSzOX6-7HOs
P164iRRxlN6djW2vVsDD4,https://www.youtube.com/watch?v=QzSwpX0JTww
CzMTplrUOKv7Rvv3TgLxa,https://www.youtube.com/watch?v=HlUIS77Q_7A
jIMjgWmtEyJmFv5VAsgRf,https://www.youtube.com/watch?v=Ofctn7Ulh_o
mA2YzSDXxfnJhooHdw66R,https://www.youtube.com/watch?v=cPue8vnZ9kg
DaN5IgXKy3xvIxqiosrtf,https://www.youtube.com/watch?v=82rH586IOVc
VPryDF79SVXmKWsLpd9Na,https://www.youtube.com/watch?v=0TcRsJMqtls
8wnYt8cpnvwjus3m-e9Of,https://www.youtube.com/watch?v=glNf91DYRhQ
m50E0_9EvoX1L2N0q8jZV,https://www.youtube.com/watch?v=SVzdxWgy9Ww
KFNLTCeV4DnQ8CnRQnyFy,https://www.youtube.com/watch?v=4JM5KrOuQgo
VKsY9NG_6JNK_cuLfdOXQ,https://www.youtube.com/watch?v=h-UqwCPQJMI
o2sa46P-d9LJ-N9fzOfIW,https://www.youtube.com/watch?v=9mVEnU8Nxyo
0jRea7Dx96njSkJ_wbCvE,https://www.youtube.com/watch?v=GcDMd8rP7IM
PLIVhmZdM6aWiXWXav3ne,https://www.youtube.com/watch?v=mTjFcasQdSE
Ag8-lvHc9Dzsxj7WjULDY,https://www.youtube.com/watch?v=fdh7V80QZS8
AkMnbKaHvlBq5zCuqLE0x,https://www.youtube.com/watch?v=AWId-fqs8Rk
y9ae0Z-1SOI2Z4oIwXoqA,https://www.youtube.com/watch?v=i65szjLqVXc
b8jaTfRepNwVSRjq2Ji77,https://www.youtube.com/watch?v=jat-dzoctXA
4aJDFmaqeCTAyRcerxtMe,https://www.youtube.com/watch?v=BJLDRfe7c6M
94HEz3T6JVOx4bk0GM4HA,https://www.youtube.com/watch?v=hlUlHkdHnNs
RXr_rghlvlvS7Phc7ThKm,https://www.youtube.com/watch?v=A38ypEqnS_s
kZRQDm4ACNt4e7-oQdzID,https://www.youtube.com/watch?v=ldtdm3ZqtoY
usvQA2TMQ2snm_1QWB_Yl,https://www.youtube.com/watch?v=4O_HiAqrdsU
65vAF6bVGeK1wro4RFKUm,https://www.youtube.com/watch?v=BF6RGTjDW_k
Dqngb8mAieS-9bl6MNGbo,https://www.youtube.com/watch?v=uIa1YQ1mhfA
YBQQ2jTfJUyKpNk8FOd7m,https://www.youtube.com/watch?v=xE26VxXd4HE
ZdT8pVLls5K-C-iFa_JNd,https://www.youtube.com/watch?v=5764c4VRvsI
o7FsYafZ8uJ1X1ZkHJNGC,https://www.youtube.com/watch?v=Z0B7e5nEQQ8
VpyPBNx_JWr0D643bRG3X,https://www.youtube.com/watch?v=-mclhlQ4jUs
k3z2fXos_8XMRTYsxTxV4,https://www.youtube.com/watch?v=8RmsefnFziY
tZIy-TFHD_iE8Kzpbruv7,https://www.youtube.com/watch?v=agJp8YjtCx4
XgeIgXygGN3FYK-L8k8Xa,https://www.youtube.com/watch?v=BUCkkhRrRFY
q4V2J1HC-2hlyg1r8MsjG,https://www.youtube.com/watch?v=l1fkXHfkxwk
bUvSxS5Yw9ur4cCyL3VOJ,https://www.youtube.com/watch?v=wc8JDLsSBng
QiNAcb9bZm0RSm09yIGTE,https://www.youtube.com/watch?v=yTR3J-Kdwdo
OpZAcwVzEiMXGiT45_K5s,https://www.youtube.com/watch?v=knGDMHEldP8
yefK0jkuZc-940nnZGZRb,https://www.youtube.com/watch?v=cb7rp8sW5gw
C3joky09rN5oLyOSBQx5o,https://www.youtube.com/watch?v=aGLrwNXK3Fc
ZFil8E174AYTgo-pau_Um,https://www.youtube.com/watch?v=v20trAznhUM
lrPqfK5lBdEYGT5DMCBDT,https://www.youtube.com/watch?v=kOas5GZaI8M
sn1u9zy-tBWba8AoLnWIX,https://www.youtube.com/watch?v=7IbJmk-O1XE
1iq71LKaEQNjGyN-nDmS9,https://www.youtube.com/watch?v=JoT467e2Iuc
YQwP2DpUh1Ueuat5jCboB,https://www.youtube.com/watch?v=auyaPp0wG8U
Z1Mg7Uzw80GsAID9LmyZV,https://www.youtube.com/watch?v=Ia9YfU9lPUs
bYcUVrhlg24KvHw-sNyQK,https://www.youtube.com/watch?v=4myBSoO5THw
3XD7mD-Q7Z5dmL6lrZZcn,https://www.youtube.com/watch?v=vcf3KC0ik1c
_WZYxroLwj0mNlAq2ixO6,https://www.youtube.com/watch?v=mReJF88ha_s
cUDbPHN2VLvzYFZQyvZ2d,https://www.youtube.com/watch?v=Xfi0sYR-hZQ
9tmoqjBHGc1ALSCt_BU9M,https://www.youtube.com/watch?v=PqPxx8w6Tn8
IcWSUkp0N19lt5NyOrDG3,https://www.youtube.com/watch?v=XK51zTwa7xg
ehLMGGTkBCVvjmF2iz1Zq,https://www.youtube.com/watch?v=rvXpCzvm-4w
XyncBhKagpTVzzJzeqEA9,https://www.youtube.com/watch?v=yj5JxnxVmTg
c_yTEbhdbanlDur_LqKAg,https://www.youtube.com/watch?v=w8mh2_jV2zs
TL-9bbvg8PC-0x23HV_MO,https://www.youtube.com/watch?v=iwMsiZQefqc
szOmgmi3HNHfTUAfmSkn0,https://www.youtube.com/watch?v=-KqxrNoc_Rc
czDD51PS1JmdGFed8b3uS,https://www.youtube.com/watch?v=Va5RFYF33-E
fxbsmsSAtlvBJm17HFHGx,https://www.youtube.com/watch?v=C5xr8XLGqi8
o8KIDMTDEwAlpkIm8kMfT,https://www.youtube.com/watch?v=2D4aphOo-10
3gpIjSPTvgL6uAu7SryrG,https://www.youtube.com/watch?v=EuVcvCmwf-c
-BrfRzolWMHJwlXeVjPli,https://www.youtube.com/watch?v=r290EN3o-nI
yr34VinLn-zi6bFxRo73l,https://www.youtube.com/watch?v=3Mikwq5t0BI
kzHziBA6dfXv0vOwmBGJi,https://www.youtube.com/watch?v=g4_FfU_Ebt8
0KrGjfiDhGmYfyDJqjdKJ,https://www.youtube.com/watch?v=AGQlabsCnv4
MMkUTIwe9Mlrdsvi9FvPt,https://www.youtube.com/watch?v=DWrxBzRyJ5s
v7DHIu3mBKT6wdHnTBICy,https://www.youtube.com/watch?v=9tQhOO1_KHI
fqDHcLYdXJ9UKzLfVCre5,https://www.youtube.com/watch?v=zXJEenMmTf4
F18JqsIoiDv9JcO1OB8bU,https://www.youtube.com/watch?v=EdaO1kohzn4
OWg38n91uFToWWJVq8xJ0,https://www.youtube.com/watch?v=jAv3YE2G5G0
_y3BeYXSm9H6Mz9y_QJS9,https://www.youtube.com/watch?v=I5co8FQimWg
7Sdw5jdCpksfA5U5hA1J6,https://www.youtube.com/watch?v=3xWyxS1m458
gmyd_ppfbtioPdrT3-9Oq,https://www.youtube.com/watch?v=qVvTjSK6dNM
yBAeK1JfzFUKDGMZDFibB,https://www.youtube.com/watch?v=PMRaZnGOCkM
PJPb5MpAfBsH60TjEL66J,https://www.youtube.com/watch?v=vBlQz5QhYAo
y5zja73GjGrhspBbVnetW,https://www.youtube.com/watch?v=DulorfRFxvw
6x4PP9zKjqb-1S5_J9m3Z,https://www.youtube.com/watch?v=eLp_GCYlLzw
H59g8JJ2C1ghN74ZCzcj-,https://www.youtube.com/watch?v=jllshmYRmfM
PvwZf0GwsMkddXNB_oOjH,https://www.youtube.com/watch?v=uanBfXruXWE
YWyfJoRU_cgfcxBq8OE9m,https://www.youtube.com/watch?v=XYZ-vmFvk5E
__RTAegpfWiDLDTBitGrF,https://www.youtube.com/watch?v=tFlIIkg34wo
oXGZT0XBDRmAJRhOaV8pb,https://www.youtube.com/watch?v=bGvso-ZGWrI
dGeqRzxacINnVRlKwJMTU,https://www.youtube.com/watch?v=qd0_aM7PuBY
tGAYC5sPiPEUvmGEDSCsB,https://www.youtube.com/watch?v=Re1ahc8EDtI
pvVSV0v9qWpdhnugddFQI,https://www.youtube.com/watch?v=ePtoers6w9g
DDBVVukf0qBPO31nxUc7E,https://www.youtube.com/watch?v=zw-6rSu8tdc
tjyqAzNxmliVfuVq74K6x,https://www.youtube.com/watch?v=vL10pROO7w4
mu1epj1DAGFma6C8z3Cu6,https://www.youtube.com/watch?v=xqp-Y2CAhsY
-dByMZCpfdidhkH0PYB4C,https://www.youtube.com/watch?v=1QGwhjU7h2U
SfcnTeHUkJ10juln1ZX3_,https://www.youtube.com/watch?v=4Ll7h2YdfuE
BoqnFNYl6XZe-zS0QI5Yh,https://www.youtube.com/watch?v=-wZHhxguAoE
_1fz_Wxvi9OrjiBd51V1s,https://www.youtube.com/watch?v=iL_fn2tJc7w
jzGydUI3MFqonQRoPiQhO,https://www.youtube.com/watch?v=DFAFMndsSzA
Ox-SKNmlY15FqW67IOQz9,https://www.youtube.com/watch?v=p2lUYOyFlFc
OvJ13ZUJZMfc8hc6mOfQR,https://www.youtube.com/watch?v=o2Eq6cNQ0qg
s9nSIrxbNYuilqlNDR0xI,https://www.youtube.com/watch?v=pghoABz8rf8
g0TDiOVrK6sbgBh5A8pEo,https://www.youtube.com/watch?v=H4xGtL1-g0c
KFnKgtK4JFKp-xg9QTzOI,https://www.youtube.com/watch?v=tAmSJqmmj2k
kD_g-f9lZcYOSP0-9KnrF,https://www.youtube.com/watch?v=H31L5n1FAMA
iOAULGlRQRPabNQuFoMB3,https://www.youtube.com/watch?v=sZSJAs7McaI
TD6LX3_WIw_eVCCpneaQY,https://www.youtube.com/watch?v=qhEdbs0HT_c
b6T4Wtqde5S4ZqpJcW7hC,https://www.youtube.com/watch?v=upvbGAB0RBs
kskayVcFw3Pu9GfjcI6By,https://www.youtube.com/watch?v=MVeR64bHxJc
Y7IJdsRAX47zrd5CN4Vzm,https://www.youtube.com/watch?v=5EWHg_p8gEk
Fw2DTRRCF6LxpIvstt4X4,https://www.youtube.com/watch?v=6sd46zZBwyU
dCBuag8kYm5mSMjH4Eovg,https://www.youtube.com/watch?v=biykvNF9jyE
9hIUvL7P9jj0wxqpI9bfK,https://www.youtube.com/watch?v=1UWcEs4fJQU
CW5SHgONr0tPZ-8RicD-z,https://www.youtube.com/watch?v=yNWwjaP2Gkc
_5gVeMIeWid7KB3KZOgGn,https://www.youtube.com/watch?v=LNO3evFqnmM
PAKayqeX2zBXaRbJN8x75,https://www.youtube.com/watch?v=Oj1g8QekJEU
nHar0qnNxxPZXTwZ48Zfz,https://www.youtube.com/watch?v=kfO_iDbC0P8
H6kNBGHsQzP-BKrrN4mGj,https://www.youtube.com/watch?v=RX-iFy6qxto
zR46VUXp8QY6AHi668K8w,https://www.youtube.com/watch?v=Bb5u5Oq9kII
vHXrcMMMNxrjcgdukt7fT,https://www.youtube.com/watch?v=IddvgiKQoWg
OQZE0d46fBS6kXAMsETZC,https://www.youtube.com/watch?v=PPWpOZdhShU
Be4wstdHIayrgzHx75yxf,https://www.youtube.com/watch?v=meL3q2uX4ks
HPv9pbYDzHemHyG6QMVmh,https://www.youtube.com/watch?v=cl05DnHnxIw
kIcmJ31kGEo0dDjvVbSKd,https://www.youtube.com/watch?v=bv7D_FvntkQ
-gjIBbpo0C8dVDsQIUOOU,https://www.youtube.com/watch?v=4RZ3bIz-C_s
-I93v-w9fUwRPhpiS5Prk,https://www.youtube.com/watch?v=R0SqY6biadQ
H4tu-CbwIrHjWo-Bn-SMI,https://www.youtube.com/watch?v=IuYiYzmO3qk
CUOOBgC8xfb9Q0s4MB-PK,https://www.youtube.com/watch?v=PgQjlKi5u48
mVQpsZS5krGQB0bChI-le,https://www.youtube.com/watch?v=1T8gt0aXfeg
3dI2oAEpyBAdqZlpqD4JM,https://www.youtube.com/watch?v=CZ1ldANbQ8s
EJIURzmUgQXIEkc8dZURi,https://www.youtube.com/watch?v=gEyJ70N6Nyo
OXXNI9W5iTmcJijfTeJSc,https://www.youtube.com/watch?v=rwTGuuAxhNE
q9ucPTtnGGl0kh6pyhbWY,https://www.youtube.com/watch?v=VXaU2a96Zc8
e0DuticjVEaDXUpWHri14,https://www.youtube.com/watch?v=b_4BZ0ykytk
p568vP6bOWZpZDLDdysVs,https://www.youtube.com/watch?v=78pwVYFGzxM
NPVd5WZPlwUTWxaqQaLSf,https://www.youtube.com/watch?v=2UbOuuSRxus
N1gcMMJ3aYFbTRRQdgodg,https://www.youtube.com/watch?v=7CsvwGLTx7s
e5QHx73B7Ekgo5A3quVGv,https://www.youtube.com/watch?v=zjvKxO7fObg
-ADKbJt2EIPa0zP7IgEHF,https://www.youtube.com/watch?v=_81ZvE6PlQQ
RLfSr_v1zCVjngRGApBV8,https://www.youtube.com/watch?v=0u_dw-BIuOU
_jgBD10MuggUY80amHcg9,https://www.youtube.com/watch?v=0brHuYE2G3w
g_KDRkVaEY_IfHWKq0M3v,https://www.youtube.com/watch?v=4gVxOvB5UD0
6Q31mwWKXW9oP9aVRklh8,https://www.youtube.com/watch?v=Pqf4eXXy84U
ZYY4-jEB-C4cejp7UHDyR,https://www.youtube.com/watch?v=T8Hr5hT4dBQ
lwQuLzFB-7s4Shq9rgWwC,https://www.youtube.com/watch?v=3q42yG82sEI
ErQH1KCHX6ia4UqZBY1yZ,https://www.youtube.com/watch?v=9i5Nnt3p34w
F7WkHLS824rlGiFfvtfp8,https://www.youtube.com/watch?v=S1bRKezuSLQ
L1Fwqe7p6wBIcNWgUk_Gf,https://www.youtube.com/watch?v=AKYnedwKz0U
eZV2jMElEnRms4BVa2LEF,https://www.youtube.com/watch?v=PZLdFDw6PmQ
RUUNM_BUldtRTmz2pI5Jf,https://www.youtube.com/watch?v=OSP7Nhywp2Y
hgkZ5mRSC46w1Z04QSLWc,https://www.youtube.com/watch?v=cy-Eg5CRArc
zma9wyf6yVRzv-0YCQYgd,https://www.youtube.com/watch?v=C85XKkB-4GY
KOaS3ylrEf_-e04LiNrrj,https://www.youtube.com/watch?v=QYrDd9HqGvA
BWHIBcuIbf3AlVd6oK6uz,https://www.youtube.com/watch?v=TGWpjpu8xQM
AFBAajoiS_FIz3_DZa1jK,https://www.youtube.com/watch?v=76fos4xPARU
Hgr8Jl22M4qDPQCGg1f0L,https://www.youtube.com/watch?v=4_unyP61NEE
c5CBndH2naxBQ12d1MfT7,https://www.youtube.com/watch?v=yTrAKnWE7jM
VXLZ4-HQZNAL2XxNxK44I,https://www.youtube.com/watch?v=g8NCc3LkU3M
o-G2vflr2q5kjNnUEa6oo,https://www.youtube.com/watch?v=jiqgZxIcpTo
6Z900z-ySfhfjymWzf67_,https://www.youtube.com/watch?v=5rABMKitsdk
e4iLuyNcmHBGRu1WxRFNQ,https://www.youtube.com/watch?v=0_4wv830DDg
6Epj7fORIMMbx5ZzFAco2,https://www.youtube.com/watch?v=yHO29KFKgHY
lH8JUOnxafVlz2eJT8_2U,https://www.youtube.com/watch?v=Lli4V0i9j5M
A5tPxymWNSK35ejkLKWLW,https://www.youtube.com/watch?v=8jtlvO7Yd7E
rEfsmT_dzRq1i8Z-r2Gy_,https://www.youtube.com/watch?v=G6vOkSdpNBg
Kf2x8cV7NNc8im24Gc4Zp,https://www.youtube.com/watch?v=Za1SNHI8XbU
NOhLXdV_LoObej--LER6H,https://www.youtube.com/watch?v=U_tWv8FIZiY
V49KjnYXRQod-igMRqJIY,https://www.youtube.com/watch?v=mNHzHIr3K4Y
jMYq21HDNnx1LvaVjB3Ad,https://www.youtube.com/watch?v=w5r1QWII8Q0
5-q1k0HYSHaQ-Udgcnp3A,https://www.youtube.com/watch?v=15Uh9lf5d4Y
IECKkxHBFfb5ObAkCMMVv,https://www.youtube.com/watch?v=O0MfCuFIRxc
8ql3pi5_CTaFSkcIuPjxv,https://www.youtube.com/watch?v=UyWol3yisw4
JjU1ZCTgbGsjn68FJigDC,https://www.youtube.com/watch?v=fsZ-EW7VL-o
w_hWsEIHbMAipW4toR8yP,https://www.youtube.com/watch?v=V-Lm5XPJN8c
P7Y5a9WBA9JgHUfESPLOz,https://www.youtube.com/watch?v=AE8Q7ff7Sos
N9AWKKvz-s3G4TMcgwA9K,https://www.youtube.com/watch?v=QsZ0fEiOcao
meM-r8tgmQaJk-hoXw2wT,https://www.youtube.com/watch?v=hqoBiMrCuoY
aDXAOLPyuR2SxHTN8GjSs,https://www.youtube.com/watch?v=Kv6Uo5zx96Y
3tE68W9_ciU7vBq8v_KVE,https://www.youtube.com/watch?v=4YtMy8yy2So
bF2rqF3dKOqyJrO2kKBCN,https://www.youtube.com/watch?v=kyyJnblSa54
MOUKTVb0fhXZAcrINF4mW,https://www.youtube.com/watch?v=3tApQN7lh2k
Mr3-oQNsmjUQmpjuZfPpz,https://www.youtube.com/watch?v=KGTALg2oozE
QCrDqD-LnOmOTxNSpTEp0,https://www.youtube.com/watch?v=eR_Y0XOin8Y
isTpm82KqVHsUT8Gkjynx,https://www.youtube.com/watch?v=WTw4_F7em78
6yDABbxlybZXqF1tOwWrc,https://www.youtube.com/watch?v=i6krOQp-_nI
hoWJGXGBRd_m5NEVwOa2a,https://www.youtube.com/watch?v=MDti6CTqktY
M9fTmyQWCKYRiXrwV1hUM,https://www.youtube.com/watch?v=dKY30JnFPI0
MJRnxfVSfJRWycDqJLk4J,https://www.youtube.com/watch?v=mY35UtF_gVY
ZWpoYwS52QBvYIKhCzx0m,https://www.youtube.com/watch?v=0gOBQemHWPI
oHlko2-UqrfvEMHc-pZ3i,https://www.youtube.com/watch?v=cZ43VlJrTW8
e9CHvfbaH7xfJCsyogRNo,https://www.youtube.com/watch?v=GhzpjNPD5bk
YD2ayfmOuEqaWvRiC2_f5,https://www.youtube.com/watch?v=2xok42jr100
wRapw9yIwY6ikLMz9LRei,https://www.youtube.com/watch?v=2DglsOY4Q70
7hl7yq5evlY2XLj5NNrBz,https://www.youtube.com/watch?v=VggzvKowhbU
bKzstKIcRZungcuj0H-o-,https://www.youtube.com/watch?v=41Ybr7zMq2k
nQGQOMlcuVwgXf7U4ISE1,https://www.youtube.com/watch?v=VCR6gUKXNwI
qCpdZwvTbvVMuYcaCaw8x,https://www.youtube.com/watch?v=NYZuDgsPQpI
iE66aC6nrw9Y8JNaoYvfK,https://www.youtube.com/watch?v=MAZMN0am-J4
y_iSs7iyAVm6zD4K8WYKZ,https://www.youtube.com/watch?v=MUbDzXIl8qM
gIy3vsZZ7DaGRjjnWwmVC,https://www.youtube.com/watch?v=8MavUoPpmKY
AIGKrv3CQ71unhkV5Rmqb,https://www.youtube.com/watch?v=NQlsYIJ0FhI
Bu2WPV6agMbqYxZmrauaY,https://www.youtube.com/watch?v=BLaWegLJ_rA
pifmBTNSoi7uH8ZzqNMKD,https://www.youtube.com/watch?v=HWg5hGBESOM
no8exv9N9VYvwB1PIOLT9,https://www.youtube.com/watch?v=7TlfeiQHOEo
fdLtC1m9ReD0d6w9YZVMp,https://www.youtube.com/watch?v=CvIBh3RD0WI
RAvYQrgk8Tnu3xXjwKIXn,https://www.youtube.com/watch?v=nNurTaJsdgM
ScQS7SRyKOBrBP8XvBGwk,https://www.youtube.com/watch?v=SdG2Bsy-4Zg
bgUyz7hH8DOduwCg4HfM5,https://www.youtube.com/watch?v=RWEJo741lHM
LJs20Y-nRqpiNb2yKHjPD,https://www.youtube.com/watch?v=Rg_f3asNryM
R5ckxwMO0gJweSbCT13Fa,https://www.youtube.com/watch?v=GqE0nNJXN2I
SHdTRD8-KNCRC9pwpOFi7,https://www.youtube.com/watch?v=gqvLZU9KzLA
UeqdWHPY2xL5Q_EHMNEsS,https://www.youtube.com/watch?v=fAxUZwhjIjo
XExQ_zUXNXZUp4f11WXCw,https://www.youtube.com/watch?v=innG1eQrIRE
GClrbb3WzfSje6Qdl6IpV,https://www.youtube.com/watch?v=Kf1F6fGzpE8
mpdQ6-1wzAG3gq3rWQ88z,https://www.youtube.com/watch?v=h2a2Yoyu97k
ng30ExBQOOW-BPpviEfvV,https://www.youtube.com/watch?v=cqnck6XPJp0
FW-j06yE0mqbs89hnVEUN,https://www.youtube.com/watch?v=mviwdAEx_N4
ZUtRKgjW1sFQjHa9GA-6U,https://www.youtube.com/watch?v=F7x0H7JZnm8
Q0Gzn7RE-EgoHuAOCfiUx,https://www.youtube.com/watch?v=f7oMCs7G4hA
CG_jI-Sde_aDY0190s8QU,https://www.youtube.com/watch?v=eNavVLmL9Bw
BFhCFV1niKyb0XAfqiw-U,https://www.youtube.com/watch?v=HacnqXY1p-w
bnY-mEFbUyc-ddCnicvdu,https://www.youtube.com/watch?v=N3iWCdGICNc
bOa_Sv9Dt_ipOUGv26jfG,https://www.youtube.com/watch?v=BsMbDxBJw-k
WLG0CIUwXoT6F53zUCn7d,https://www.youtube.com/watch?v=y0sOtoUnLDA
3aiIdtRgWdAVjbQLmryw4,https://www.youtube.com/watch?v=91yca_edQwM
PDq2ox9fZWye9QqT5Zi1b,https://www.youtube.com/watch?v=KDklSdfeOic
cV-B_g7iRL6i7HTVZjrBG,https://www.youtube.com/watch?v=n8sKBj26RaA
r2fUVRTebmBSJAv9X_dR5,https://www.youtube.com/watch?v=hWPx8hu3Lr4
JjAYWWTyMdimNRxA38eGw,https://www.youtube.com/watch?v=1eOwhl2d5TA
TrZyhQqRmhqcjrEvMV6F5,https://www.youtube.com/watch?v=M1mkaVYJOxA
S6Na7U9hfRK5npyqNZjJY,https://www.youtube.com/watch?v=PqLweyYcB8A
woZ2fU45u-pA4p8A6peBB,https://www.youtube.com/watch?v=b6gNckTqjmI
46Sc6600N_zkx7azjOS4c,https://www.youtube.com/watch?v=iKQ2C7X-c0o
bn1CP6UBETEtXGWYJhzlI,https://www.youtube.com/watch?v=9Y6A1uJSQMQ
s1zYoIPHsomXalvancsmQ,https://www.youtube.com/watch?v=NqltXBgK6LI
jpTmx83o7v96oPhTN81ko,https://www.youtube.com/watch?v=T-qib8q9TOI