id,content_url,base_language,actual_language,status,lat,lng,metadata
hsPXinmxaikJIzs9zMXSZ,https://www.tohokukanko.jp/en/attractions/detail_1265.html,EN,EN,PRIVATED,38.570404,140.530468,
b8_sBVW0wNzD-37zEqGKU,https://www.tohokukanko.jp/en/attractions/detail_1651.html,EN,EN,PRIVATED,39.805166,140.779751,
pyQBrd0mM3u01nzXCDlzw,https://www.tohokukanko.jp/en/attractions/detail_10071.html,EN,EN,PRIVATED,37.367769,138.776622,
gvhk6UwaVJnUfCF4RD8-d,https://www.tohokukanko.jp/en/attractions/detail_1239.html,EN,EN,PRIVATED,38.040829,140.53036,
JnovVPpxlJykUTWsI6CA_,https://www.tohokukanko.jp/en/attractions/detail_10012.html,EN,EN,PRIVATED,39.312102,140.565531,
XinELfZ32RUC82T6fsQps,https://www.tohokukanko.jp/en/attractions/detail_1203.html,EN,EN,PRIVATED,39.597983,140.562205,
rtd5Jt_tSeqKGu22B7u-H,https://www.tohokukanko.jp/en/attractions/detail_1287.html,EN,EN,PRIVATED,37.650845,140.07317,
a4SeFlU-Nn8Cr3z8uK-WT,https://www.tohokukanko.jp/en/attractions/detail_1604.html,EN,EN,PRIVATED,39.714064,140.6342889,
OwoxCPldY8fRbHJcQAWH1,https://www.tohokukanko.jp/en/attractions/detail_1776.html,EN,EN,PRIVATED,39.8051696,140.7775625,
T7J21XKscujSBqS0BXQGv,https://www.tohokukanko.jp/en/attractions/detail_1009534.html,EN,EN,PRIVATED,38.1610726,140.3946594,
Q50KwAVVbnGEuSgeFQIqW,https://www.tohokukanko.jp/en/attractions/detail_1546.html,EN,EN,PRIVATED,37.333008,139.860492,
f-HUahOhc9zFE1WCh4AlW,https://www.tohokukanko.jp/en/attractions/detail_10050.html,EN,EN,PRIVATED,39.458975,140.465552,
IoTd6X0nqpz8zzl-dWv_M,https://www.tohokukanko.jp/en/attractions/detail_1405.html,EN,EN,PRIVATED,38.3701097,141.0655308,
DDKBjnMBTgXdrBGfx4Pzv,https://www.tohokukanko.jp/en/attractions/detail_10057.html,EN,EN,PRIVATED,37.447227,138.836019,
OIRLPw8c_2KP5j5qXF8ho,https://www.tohokukanko.jp/en/attractions/detail_1484.html,EN,EN,PRIVATED,38.227371,140.720222,
5Qh5hVGFk9HTWGktL7f7n,https://www.tohokukanko.jp/en/attractions/detail_1672.html,EN,EN,PRIVATED,40.680732,140.831799,
f44w-UzL5qTCQqtEYQ1Zx,https://www.tohokukanko.jp/en/attractions/detail_1008140.html,EN,EN,PRIVATED,37.92323455013023,140.90097732239286,
o_QAGuxVKg_qLMMvRb1be,https://www.tohokukanko.jp/en/attractions/detail_1453.html,EN,EN,PRIVATED,39.695307,141.16335,
_SDJQH63ThGEebAp_zwgD,https://www.tohokukanko.jp/en/attractions/detail_1007.html,EN,EN,PRIVATED,39.954258,140.886,
dqf_4l-FDD8qylZTkad-l,https://www.tohokukanko.jp/en/attractions/detail_1296.html,EN,EN,PRIVATED,40.607023,140.464504,
6IklOW19yoqV7iLvnCqi9,https://www.tohokukanko.jp/en/attractions/detail_1173.html,EN,EN,PRIVATED,38.3185,141.013384,
IPdkqkscgJwOUpTTqjSx8,https://www.tohokukanko.jp/en/attractions/detail_1482.html,EN,EN,PRIVATED,38.2710928,140.9783704,
PYynM-NN_DEXz_i11jxST,https://www.tohokukanko.jp/en/attractions/detail_1002571.html,EN,EN,PRIVATED,40.8295567,140.7359562,
tDxbOvvtKGGi9ZHA04mpD,https://www.tohokukanko.jp/en/attractions/detail_1766.html,EN,EN,PRIVATED,38.989311,141.255375,
DHqwV6W73hqCAMsMNgizx,https://www.tohokukanko.jp/en/attractions/detail_1745.html,EN,EN,PRIVATED,37.70669908,138.8260028,
eeLcZZ06ONiF0J9nV8Pry,https://www.tohokukanko.jp/en/attractions/detail_1451.html,EN,EN,PRIVATED,39.69995,141.150112,
ORVmqRHEekTJ6hrZrwb9M,https://www.tohokukanko.jp/en/attractions/detail_1080.html,EN,EN,PRIVATED,39.675935,141.019828,
WAVhPMiQhhj93iVQsiPRo,https://www.tohokukanko.jp/en/attractions/detail_1004708.html,EN,EN,PRIVATED,38.5188464303071,140.006597575988,
_pDKyJBHrftq3VZGEeFow,https://www.tohokukanko.jp/en/attractions/detail_1504.html,EN,EN,PRIVATED,40.891446,140.862371,
oTevqM5aoA3aZhKCpKzxR,https://www.tohokukanko.jp/en/attractions/detail_1001208.html,EN,EN,PRIVATED,38.2564297,140.8812153,
-pwNJNULMa6G3aLRyZb1d,https://www.tohokukanko.jp/en/attractions/detail_1339.html,EN,EN,PRIVATED,38.311841,140.434853,
Foka_ce8ydX2eFhy4Z4Jn,https://www.tohokukanko.jp/en/attractions/detail_1009235.html,EN,EN,PRIVATED,38.8136609,141.5659541,
Z62PLICmbRo99qPaV-mKL,https://www.tohokukanko.jp/en/attractions/detail_10056.html,EN,EN,PRIVATED,37.333008,139.860492,
UgJ6qn3Yc95AcMj4gL8Z3,https://www.tohokukanko.jp/en/attractions/detail_1240.html,EN,EN,PRIVATED,38.13651,140.449482,
88VJrWodfmnvs2l1ZJF5n,https://www.tohokukanko.jp/en/attractions/detail_1009515.html,EN,EN,PRIVATED,38.164870452757796,140.39567430744862,
WSdUNPknTftrRMvy-NMB8,https://www.tohokukanko.jp/en/attractions/detail_1378.html,EN,EN,PRIVATED,40.464201,140.878222,
O2RVHyQzII9S8Fd7rUrEw,https://www.tohokukanko.jp/en/attractions/detail_1588.html,EN,EN,PRIVATED,37.48782,139.929666,
9A1W1GTLRxj91_QGZXQkW,https://www.tohokukanko.jp/en/attractions/detail_1004828.html,EN,EN,PRIVATED,38.2641278,140.8874967,
Dhj6bBnsbEaFFQABWSD-4,https://www.tohokukanko.jp/en/attractions/detail_1322.html,EN,EN,PRIVATED,38.275162,140.989815,
vC9o42BWkn3vu6BS3miXi,https://www.tohokukanko.jp/en/attractions/detail_1010108.html,EN,EN,PRIVATED,38.3583963,140.3819882,
-gYiQMa1SOw1Sz9U8aVeF,https://www.tohokukanko.jp/en/attractions/detail_1169.html,EN,EN,PRIVATED,38.327358,141.043843,
1JAAhyoKy2yaZIrNXMY5S,https://www.tohokukanko.jp/en/attractions/detail_1004478.html,EN,EN,PRIVATED,39.7019558,141.1543303,
ILXUfkEUsrUE-ks1TQ1hd,https://www.tohokukanko.jp/en/attractions/detail_10016.html,EN,EN,PRIVATED,37.493578,139.931089,
RzLigzS_Owhi5Xe7zg-uQ,https://www.tohokukanko.jp/en/attractions/detail_1009751.html,EN,EN,PRIVATED,40.65598480000001,140.8344335,
NBu359kNNa2robq3V8_sX,https://www.tohokukanko.jp/en/attractions/detail_1541.html,EN,EN,PRIVATED,39.436549,141.015962,
xz7MUagSVPUtj0-LN4ge6,https://www.tohokukanko.jp/en/attractions/detail_1465.html,EN,EN,PRIVATED,40.831597,140.736477,
qexAVsN2nuYEhUKaZ2VjE,https://www.tohokukanko.jp/en/attractions/detail_1008182.html,EN,EN,PRIVATED,38.1610726,140.3946594,
lj169rctlVbkrh9JwLUt2,https://www.tohokukanko.jp/en/attractions/detail_1458.html,EN,EN,PRIVATED,40.829641,140.741043,
y7dEnRGfP3OuTErHPCymm,https://www.tohokukanko.jp/en/attractions/detail_100008.html,EN,EN,PRIVATED,38.2535006,140.856362399999,
oqSbHuPHSArjWTaniy5W3,https://www.tohokukanko.jp/en/attractions/detail_1005046.html,EN,EN,PRIVATED,38.27494583962995,140.6028127670288,
RSgwcjQPSJP0C3yhupkfc,https://www.tohokukanko.jp/en/attractions/detail_1007210.html,EN,EN,PRIVATED,39.7516376,140.6504961,
A2NJ-lK-9pZ30GdPPyfb_,https://www.tohokukanko.jp/en/attractions/detail_1305.html,EN,EN,PRIVATED,37.10981236,138.2545313,
_wEh7ZR9oq7PDABfxgT5h,https://www.tohokukanko.jp/en/attractions/detail_1389.html,EN,EN,PRIVATED,39.750718,141.017309,
lp5hRsU3hmnNbWECdD4U0,https://www.tohokukanko.jp/en/attractions/detail_1737.html,EN,EN,PRIVATED,38.729646,140.690753,
k38FJu9Y2MVZCj_cIR3RE,https://www.tohokukanko.jp/en/attractions/detail_1011459.html,EN,EN,PRIVATED,40.532559163022476,140.97909045665284,
jL459ritx-dHyjlDUEUHa,https://www.tohokukanko.jp/en/attractions/detail_1005300.html,EN,EN,PRIVATED,40.2868143,140.5560325,
EovBnlXUcM2O71drK61K_,https://www.tohokukanko.jp/en/attractions/detail_1148.html,EN,EN,PRIVATED,40.002257,140.970541,
5VEjlC3tKwitma0p2EdLt,https://www.tohokukanko.jp/en/attractions/detail_1010558.html,EN,EN,PRIVATED,40.6807904,140.8316987,
qizCxE-SFQQxGFfS1-RKH,https://www.tohokukanko.jp/en/attractions/detail_1572.html,EN,EN,PRIVATED,37.500035,140.146175,
FIWYpL964vnOUgoUG3wnr,https://www.tohokukanko.jp/en/attractions/detail_1002938.html,EN,EN,PRIVATED,37.45774675746167,139.53153149294255,
JtDsGHYQalhD8_Vdpqk8O,https://www.tohokukanko.jp/en/attractions/detail_1008294.html,EN,EN,PRIVATED,39.9542029,140.8542109,
Ko8_qnrUI0c1VgrzMFymr,https://www.tohokukanko.jp/en/attractions/detail_1009049.html,EN,EN,PRIVATED,37.743221862281715,140.27681558931687,
b0UdJnytFcJtxbBULZN8J,https://www.tohokukanko.jp/en/attractions/detail_1007343.html,EN,EN,PRIVATED,39.314042,140.566668,
ymGMw7bYLQPyvR7ZnQ5ww,https://www.tohokukanko.jp/en/attractions/detail_1010180.html,EN,EN,PRIVATED,39.8009,140.794733,
vhQEY2QAGuxyhxUP1Pmcg,https://www.tohokukanko.jp/en/attractions/detail_1009405.html,EN,EN,PRIVATED,38.4184377,141.3048675,
qJbXCZRW48d8EqmlDk4Dr,https://www.tohokukanko.jp/en/attractions/detail_1250.html,EN,EN,PRIVATED,41.32706,141.09026,
NBnNO3xRo52EXQ0J_X6Ll,https://www.tohokukanko.jp/en/attractions/detail_1438.html,EN,EN,PRIVATED,38.250479,140.866644,
syi85epxxSvqfe46PNX03,https://www.tohokukanko.jp/en/attractions/detail_1298.html,EN,EN,PRIVATED,40.589075,140.442905,
mlosRuLghWfgjokybMiHN,https://www.tohokukanko.jp/en/attractions/detail_1437.html,EN,EN,PRIVATED,38.372221,141.059732,
oaAZ_sNXWUpXxVwBVBx7L,https://www.tohokukanko.jp/en/attractions/detail_1008.html,EN,EN,PRIVATED,38.624425,139.588432,
qQrKfP9BEJ0cMe-R8K3uJ,https://www.tohokukanko.jp/en/attractions/detail_1359.html,EN,EN,PRIVATED,37.926373,139.060135,
VXJYjrB0rrK6swOJSnZ4-,https://www.tohokukanko.jp/en/attractions/detail_1419.html,EN,EN,PRIVATED,39.652396,141.978652,
VQ_UfDpmtBqxDRPdYPXKj,https://www.tohokukanko.jp/en/attractions/detail_1738.html,EN,EN,PRIVATED,38.98714,141.108864,
L7k2lsdxUtWXCZCrMOm-t,https://www.tohokukanko.jp/en/attractions/detail_1004523.html,EN,EN,PRIVATED,38.2223863,140.9804299,
XZLZb1ycXWsq4biMmgXJ8,https://www.tohokukanko.jp/en/attractions/detail_1057.html,EN,EN,PRIVATED,37.504532,139.95397,
78iK296HlFIEHuN-D8zPo,https://www.tohokukanko.jp/en/attractions/detail_1092.html,EN,EN,PRIVATED,37.922592,139.062354,
VDUvjrXRTTqya9-HvajB-,https://www.tohokukanko.jp/en/attractions/detail_10064.html,EN,EN,PRIVATED,38.253274,140.35282,
lvPyYRqGx6n_XAQ_UWj80,https://www.tohokukanko.jp/en/attractions/detail_1255.html,EN,EN,PRIVATED,39.9630739,140.72412859999997,
TmGRW1BrXn6S1ovjTfjnm,https://www.tohokukanko.jp/en/attractions/detail_1009145.html,EN,EN,PRIVATED,38.16746773328309,140.39375841038972,
MrJsk11EO9tm2BWBd1vuT,https://www.tohokukanko.jp/en/attractions/detail_1226.html,EN,EN,PRIVATED,40.621852,140.340684,
uXnVxzzhKSJdOoCWPB9bI,https://www.tohokukanko.jp/en/attractions/detail_1008885.html,EN,EN,PRIVATED,36.9604262,138.7572421,
pxvED-EqJ0ktPHLxIhCGG,https://www.tohokukanko.jp/en/attractions/detail_1009598.html,EN,EN,PRIVATED,37.9083295,140.105555,
txQCJFglAsH2S1gcnJnwE,https://www.tohokukanko.jp/en/attractions/detail_1103.html,EN,EN,PRIVATED,36.936423,138.808854,
s3Js9RCQjfJEvF6Wgjjn6,https://www.tohokukanko.jp/en/attractions/detail_10018.html,EN,EN,PRIVATED,39.594045,140.566129,
nfKLKoXZNmrrDkUspbT7U,https://www.tohokukanko.jp/en/attractions/detail_1717.html,EN,EN,PRIVATED,39.608817,140.652659,
5B6i8gmZFUR9BVmMWu6mk,https://www.tohokukanko.jp/en/attractions/detail_1267.html,EN,EN,PRIVATED,38.077994,140.136939,
Ovys1T-zqPglk__71TpXO,https://www.tohokukanko.jp/en/attractions/detail_1441.html,EN,EN,PRIVATED,38.908896,140.809727,
N8IDhtxQE12BxHzqicjHF,https://www.tohokukanko.jp/en/attractions/detail_1685.html,EN,EN,PRIVATED,37.706921,140.247069,
WnHNa-sXk0S33VSpMC1u4,https://www.tohokukanko.jp/en/attractions/detail_1031.html,EN,EN,PRIVATED,38.148988,140.270264,
eCExxVxKnjKCr0e_AwMDY,https://www.tohokukanko.jp/en/attractions/detail_1577.html,EN,EN,PRIVATED,39.1199,139.992472,
ho60E0F8zr48z-uq2rKI4,https://www.tohokukanko.jp/en/attractions/detail_1001858.html,EN,EN,PRIVATED,38.1067162,140.0338392,
JwZgvjAaGf7-goRF9zTYz,https://www.tohokukanko.jp/en/attractions/detail_1774.html,EN,EN,PRIVATED,39.8024231,140.8036253,
Uah87HCehb55B87ihh3EX,https://www.tohokukanko.jp/en/attractions/detail_1003022.html,EN,EN,PRIVATED,40.5278596,141.5294053,
E-XtOcGKQBDQIrIJCd4Xm,https://www.tohokukanko.jp/en/attractions/detail_1008728.html,EN,EN,PRIVATED,37.8307998,140.4545869,
XroyMFJTAPK0oELz3MpP5,https://www.tohokukanko.jp/en/attractions/detail_1165.html,EN,EN,PRIVATED,38.122905,140.572325,
P3ZVb0VZhc8LkV8b2Xx0z,https://www.tohokukanko.jp/en/attractions/detail_1217.html,EN,EN,PRIVATED,39.70052,141.155215,
GF54M87Ko-gGgyq6pdgkH,https://www.tohokukanko.jp/en/attractions/detail_1302.html,EN,EN,PRIVATED,40.9379968,140.3122075,
gyAKu-LheBMB-RbypzSIq,https://www.tohokukanko.jp/en/attractions/detail_1004547.html,EN,EN,PRIVATED,39.75072049970595,141.0172998905182,
RNM1sBQPpQI_EdhHAJXJ5,https://www.tohokukanko.jp/en/attractions/detail_1155.html,EN,EN,PRIVATED,38.7024868,139.9741636,
Vf5KSaPDYuxBHO7HQlHeT,https://www.tohokukanko.jp/en/attractions/detail_1337.html,EN,EN,PRIVATED,37.975187,140.888487,
s04pEfEVew4ajX_J6wJVP,https://www.tohokukanko.jp/en/attractions/detail_1732.html,EN,EN,PRIVATED,37.022779,138.251836,
VH57NVF6ScpOAwksgVg-0,https://www.tohokukanko.jp/en/attractions/detail_2029.html,EN,EN,PRIVATED,40.215941,140.623891,
fP0FlmRo6iyiPu2rIGpSB,https://www.tohokukanko.jp/en/attractions/detail_1225.html,EN,EN,PRIVATED,40.6561111,140.3027778,
RzwiK-5e3RwZEJbFP8GxT,https://www.tohokukanko.jp/en/attractions/detail_1563.html,EN,EN,PRIVATED,38.22285,140.872546,
ED6WLGfsgB34DMy2tjsZY,https://www.tohokukanko.jp/en/attractions/detail_10004.html,EN,EN,PRIVATED,39.747561,141.071893,
HK4fshYgfAnRvBn64uGS4,https://www.tohokukanko.jp/en/attractions/detail_1004927.html,EN,EN,PRIVATED,38.571739218330315,140.52887805332028,
V2DHriNHLXmZ70NAlF1-D,https://www.tohokukanko.jp/en/attractions/detail_1001.html,EN,EN,PRIVATED,40.8302075,140.7351996,
STI-CYKAhGm2I4N4WL3QU,https://www.tohokukanko.jp/en/attractions/detail_1067.html,EN,EN,PRIVATED,36.993741,140.816259,
kh92wHGDk2VF-j_gXaVZa,https://www.tohokukanko.jp/en/attractions/detail_1318.html,EN,EN,PRIVATED,38.317741,140.63265,
rRYq2uNCgxJeNrB_HDM5U,https://www.tohokukanko.jp/en/attractions/detail_1009346.html,EN,EN,PRIVATED,38.11950230000001,140.8385793,
iH7YncjnOJxXGw_W7-AmW,https://www.tohokukanko.jp/en/attractions/detail_1011169.html,EN,EN,PRIVATED,36.9884989,140.8372773,
Pcamhs72Brd6YS4al5nOf,https://www.tohokukanko.jp/en/attractions/detail_1002727.html,EN,EN,PRIVATED,41.253992201743,140.34716288255666,
RX_LiisqM5k--rvClzDHp,https://www.tohokukanko.jp/en/attractions/detail_1123.html,EN,EN,PRIVATED,39.70102,141.152592,
_0SwaqCuxrUzCtLyXuEx7,https://www.tohokukanko.jp/en/attractions/detail_1682.html,EN,EN,PRIVATED,37.832073,140.452921,
ZeD1OUyJ5M3rso26NlmO3,https://www.tohokukanko.jp/en/attractions/detail_1006375.html,EN,EN,PRIVATED,36.9427584,140.9014315,
USsTB-a2bukthgq0ttKAt,https://www.tohokukanko.jp/en/attractions/detail_1083.html,EN,EN,PRIVATED,39.928696,139.766687,
InJ-bAYJYIMhwCx0PqbO3,https://www.tohokukanko.jp/en/attractions/detail_1694.html,EN,EN,PRIVATED,37.83862369,139.2377735,
xrEuoRPgAI_EFr_E6aHUX,https://www.tohokukanko.jp/en/attractions/detail_1002490.html,EN,EN,PRIVATED,40.8228648,140.7364409,
ZG8bMH_XcBwZRsTqw7HZ0,https://www.tohokukanko.jp/en/attractions/detail_1051.html,EN,EN,PRIVATED,39.858367,139.756182,
s1gjSDiHg4ePdVYcy5hPa,https://www.tohokukanko.jp/en/attractions/detail_1184.html,EN,EN,PRIVATED,38.761657,139.724668,
B2BHS-ESrTCesPIh8aVq6,https://www.tohokukanko.jp/en/attractions/detail_1002217.html,EN,EN,PRIVATED,40.52662009256622,141.4527940750122,
9q-Ih3XROkz9f8d0zmrIV,https://www.tohokukanko.jp/en/attractions/detail_1004169.html,EN,EN,PRIVATED,37.47792328642751,139.67270851135254,
4cvkZJ-OlwcAaNlDEOC3c,https://www.tohokukanko.jp/en/attractions/detail_1277.html,EN,EN,PRIVATED,39.397747,141.169132,
ErVAPknQuo0sWhvBUJyOj,https://www.tohokukanko.jp/en/attractions/detail_1429.html,EN,EN,PRIVATED,39.927147,139.766854,
PiAfdAxDvGHTzB7ahRfMC,https://www.tohokukanko.jp/en/attractions/detail_2037.html,EN,EN,PRIVATED,37.911157,139.060843,
W4Hjnf2vgWN40sX0Xbemg,https://www.tohokukanko.jp/en/attractions/detail_1714.html,EN,EN,PRIVATED,39.712218,141.156094,
pgdBN-GAPkY2gxf1pTnb_,https://www.tohokukanko.jp/en/attractions/detail_1001742.html,EN,EN,PRIVATED,41.7592941,140.703917,
niXDlVVf9v5Xe8gB3CpBs,https://www.tohokukanko.jp/en/attractions/detail_1008891.html,EN,EN,PRIVATED,37.6513348,139.8745307,
s41VK5FsWOk1lz73puJXm,https://www.tohokukanko.jp/en/attractions/detail_1137.html,EN,EN,PRIVATED,37.365198,139.914381,
Tq5P7fqsQGSFfse-Nornw,https://www.tohokukanko.jp/en/attractions/detail_1615.html,EN,EN,PRIVATED,37.478564,139.960571,
EVQeG61dgHEHITVdfMsGI,https://www.tohokukanko.jp/en/attractions/detail_1011445.html,EN,EN,PRIVATED,37.33065186897203,139.86074209213257,
o-wsrY01M2BrTdNmDsejS,https://www.tohokukanko.jp/en/attractions/detail_1005.html,EN,EN,PRIVATED,36.942758,140.901431,
KyQfSs7A_Z4OQYfNmVsNx,https://www.tohokukanko.jp/en/attractions/detail_1006756.html,EN,EN,PRIVATED,40.21062723283722,140.02470084072263,
DvoNUsAiHIsfYVD8QM_Ro,https://www.tohokukanko.jp/en/attractions/detail_1007077.html,EN,EN,PRIVATED,38.0498096,140.1678786,
6YNdyH-jyXElvEkOQR9d6,https://www.tohokukanko.jp/en/attractions/detail_1179.html,EN,EN,PRIVATED,40.614066,139.862002,
iSP3KtqmhQbg_8L4zmGfv,https://www.tohokukanko.jp/en/attractions/detail_1187.html,EN,EN,PRIVATED,39.389387,141.11854,
8t_8vkCmUNn0mv0gbZpiG,https://www.tohokukanko.jp/en/attractions/detail_1200.html,EN,EN,PRIVATED,36.872292,138.769915,
cngcQjE4jB2uvF0dDJMlf,https://www.tohokukanko.jp/en/attractions/detail_1403.html,EN,EN,PRIVATED,38.371946,141.065172,
eoS-tzf6iMLGpOSLojxvB,https://www.tohokukanko.jp/en/attractions/detail_1526.html,EN,EN,PRIVATED,38.306501,140.988397,
Py1PuREKogsvIL08mgo26,https://www.tohokukanko.jp/en/attractions/detail_10005.html,EN,EN,PRIVATED,39.927147,139.766854,
cqYyL_DOCpRt0yujRcPb7,https://www.tohokukanko.jp/en/attractions/detail_1011375.html,EN,EN,PRIVATED,38.1239377,140.3972633,
td7_D84iwP1ef0EQ6qaBj,https://www.tohokukanko.jp/en/attractions/detail_1736.html,EN,EN,PRIVATED,38.74287,140.716871,
bPrrk23JyYfprbBhkZ2Al,https://www.tohokukanko.jp/en/attractions/detail_10021.html,EN,EN,PRIVATED,39.161132,140.49692,
QMfqpyDgeDIbjLnry_IPy,https://www.tohokukanko.jp/en/attractions/detail_1176.html,EN,EN,PRIVATED,40.5261279,140.972268,
8-zE1vyN3pHn76W_-FWBq,https://www.tohokukanko.jp/en/attractions/detail_1690.html,EN,EN,PRIVATED,38.608981,140.167077,
T0ig8_GUq8RPzgtGNL24g,https://www.tohokukanko.jp/en/attractions/detail_1003478.html,EN,EN,PRIVATED,41.53303576144963,140.90720313397676,
AmrKuFTNe9MeFdOh608JV,https://www.tohokukanko.jp/en/attractions/detail_1314.html,EN,EN,PRIVATED,38.01831112142163,138.3681356906891,
72WDjmdmDst6ap5scXBIJ,https://www.tohokukanko.jp/en/attractions/detail_1787.html,EN,EN,PRIVATED,37.9147481,139.0384403,
2I08flomra8YLvqHXw_ID,https://www.tohokukanko.jp/en/attractions/detail_1001690.html,EN,EN,PRIVATED,40.75190594041047,140.3771971276591,
H5ar-lM13-eOq8tuA2c0Z,https://www.tohokukanko.jp/en/attractions/detail_1008497.html,EN,EN,PRIVATED,37.9222295,140.1167962,
gJSgIbyfskjV41WBng4A3,https://www.tohokukanko.jp/en/attractions/detail_1011530.html,EN,EN,PRIVATED,39.4326119,140.4401328,
VCOxyok_pFERLJNPiofb8,https://www.tohokukanko.jp/en/attractions/detail_1224.html,EN,EN,PRIVATED,39.82802,141.364309,
GBru4OxmEoYywzMRMI5P7,https://www.tohokukanko.jp/en/attractions/detail_2007.html,EN,EN,PRIVATED,40.829637,140.741043,
Tt8M_v_SXI394w818Mure,https://www.tohokukanko.jp/en/attractions/detail_1139.html,EN,EN,PRIVATED,40.9135276837077,140.451619920007,
PPOuWlePAbnS56QsH-oqT,https://www.tohokukanko.jp/en/attractions/detail_1506.html,EN,EN,PRIVATED,40.89723490000001,140.8628115,
eXf7QbeRIRKYy13o5WDDa,https://www.tohokukanko.jp/en/attractions/detail_1008554.html,EN,EN,PRIVATED,37.752190343932845,140.3044867515564,
451CPM-v4FjtW9wlX08_q,https://www.tohokukanko.jp/en/attractions/detail_1011331.html,EN,EN,PRIVATED,38.446151477203784,141.44660151256605,
ftzhMicNL3RquTGLHPJAb,https://www.tohokukanko.jp/en/attractions/detail_1633.html,EN,EN,PRIVATED,38.354481,140.387127,
BPRPG3KEnq6RQ8ZZ1T-Ry,https://www.tohokukanko.jp/en/attractions/detail_1691.html,EN,EN,PRIVATED,37.683854,140.058277,
Zd2X__-bOcgJUdxypVS6T,https://www.tohokukanko.jp/en/attractions/detail_10049.html,EN,EN,PRIVATED,38.268434,140.869091,
EKsu1mDPIG0LPGWqkxCc_,https://www.tohokukanko.jp/en/attractions/detail_1001857.html,EN,EN,PRIVATED,39.6406637,141.945459,
xJB2fKjF-C6jXAFC3VHH7,https://www.tohokukanko.jp/en/attractions/detail_1404.html,EN,EN,PRIVATED,38.382251,141.067769,
Bg3vapGCMYSl9mdG3T26K,https://www.tohokukanko.jp/en/attractions/detail_1533.html,EN,EN,PRIVATED,40.290384,140.631904,
Ak5tiTpRnvsfdvHtmTHaU,https://www.tohokukanko.jp/en/attractions/detail_1559.html,EN,EN,PRIVATED,39.942177,139.70459,
uMUOTU_YHpbkghxnLhQiY,https://www.tohokukanko.jp/en/attractions/detail_1722.html,EN,EN,PRIVATED,39.97919,141.95328,
cXDGl5_J1jfsZg-8ESRSd,https://www.tohokukanko.jp/en/attractions/detail_1005438.html,EN,EN,PRIVATED,38.048225,140.7386669,
4Fadep_joTyU3Gn2LHVV1,https://www.tohokukanko.jp/en/attractions/detail_1068.html,EN,EN,PRIVATED,38.298826,140.883233,
fHZzMyFbVNYmyBunnSOsp,https://www.tohokukanko.jp/en/attractions/detail_1281.html,EN,EN,PRIVATED,38.944168,141.048029,
UCBwsNNOOzw0jfzk2O7Be,https://www.tohokukanko.jp/en/attractions/detail_1401.html,EN,EN,PRIVATED,39.905496,140.976762,
qp6V3JDa1Getuw5rLKjCQ,https://www.tohokukanko.jp/en/attractions/detail_1687.html,EN,EN,PRIVATED,39.196158,139.549924,
LuSpMo6y1rqIdY4WYEeg3,https://www.tohokukanko.jp/en/attractions/detail_1001879.html,EN,EN,PRIVATED,38.1695768,140.9534311,
Eqf4U3nAWcsHrrJAC82Sq,https://www.tohokukanko.jp/en/attractions/detail_1001958.html,EN,EN,PRIVATED,38.1717272,140.9526269,
6c3ZfqjyBX5Y4l8BpEvqR,https://www.tohokukanko.jp/en/attractions/detail_1002875.html,EN,EN,PRIVATED,37.6389354,140.3661367,
60MdQpDmEZJuc3YuK9_a-,https://www.tohokukanko.jp/en/attractions/detail_1004009.html,EN,EN,PRIVATED,38.42967299086449,141.3106906414032,
yqsVRMKmNgrICy5SJcQBx,https://www.tohokukanko.jp/en/attractions/detail_1109.html,EN,EN,PRIVATED,37.923633,139.027975,
kv_VsRqb2ei92MLB13BEz,https://www.tohokukanko.jp/en/attractions/detail_1324.html,EN,EN,PRIVATED,37.407684,140.500083,
0yVFkla4l-DL4Qfb765xb,https://www.tohokukanko.jp/en/attractions/detail_1007072.html,EN,EN,PRIVATED,38.2182667,140.97765,
rIv_8oRManZQJV4Cs16ao,https://www.tohokukanko.jp/en/attractions/detail_1011297.html,EN,EN,PRIVATED,39.6406637,141.945459,
0xH20rrzttL_ilKMmDDxe,https://www.tohokukanko.jp/en/attractions/detail_1442.html,EN,EN,PRIVATED,38.21557,139.442565,
jy_eccMAth0k4QEW849VZ,https://www.tohokukanko.jp/en/attractions/detail_1371.html,EN,EN,PRIVATED,39.720377,140.117029,
zTbyzy0cWkWQrpA6Xde_C,https://www.tohokukanko.jp/en/attractions/detail_1659.html,EN,EN,PRIVATED,40.578834,140.298478,
olOFH6lenBoz1hOBtATFy,https://www.tohokukanko.jp/en/attractions/detail_1001304.html,EN,EN,PRIVATED,37.787245,140.470445,
x_kR_L7qzTHfQCZ-bomhg,https://www.tohokukanko.jp/en/attractions/detail_1002885.html,EN,EN,PRIVATED,38.4353460325746,141.30344174517373,
YNJRcZqjUMOmoHeIgerhs,https://www.tohokukanko.jp/en/attractions/detail_1072.html,EN,EN,PRIVATED,38.265374,140.865669,
PvDip-B8oTVecfD9rf_6n,https://www.tohokukanko.jp/en/attractions/detail_1241.html,EN,EN,PRIVATED,39.399083,141.162131,
QEZp9JFvhf0ixRZUVaZEy,https://www.tohokukanko.jp/en/attractions/detail_1459.html,EN,EN,PRIVATED,40.708232,141.390484,
i6KwFzjnyX05D5ydwsuIq,https://www.tohokukanko.jp/en/attractions/detail_1661.html,EN,EN,PRIVATED,38.002462,140.617592,
AmpP47pTco7JK4pjbkUEs,https://www.tohokukanko.jp/en/attractions/detail_10037.html,EN,EN,PRIVATED,38.364682,141.060821,
0g6nEQx07EMmiXyuKNpBW,https://www.tohokukanko.jp/en/attractions/detail_1001274.html,EN,EN,PRIVATED,39.955475,140.491705,
YfNPZmj00u3fsHJrZ0hFl,https://www.tohokukanko.jp/en/attractions/detail_1001622.html,EN,EN,PRIVATED,38.1698167,140.9534478,
t43WQ8zGnd-YZwEt3ixc8,https://www.tohokukanko.jp/en/attractions/detail_1008181.html,EN,EN,PRIVATED,38.1610726,140.3946594,
t1BmUwtugWYzxP_rtTwaI,https://www.tohokukanko.jp/en/attractions/detail_1784.html,EN,EN,PRIVATED,37.125445,138.992248,
2JFh2BSbEMWpRZ0-q6qad,https://www.tohokukanko.jp/en/attractions/detail_2022.html,EN,EN,PRIVATED,41.5283,140.9095,
eD7R48sbxreB-AKWmGG4F,https://www.tohokukanko.jp/en/attractions/detail_1006398.html,EN,EN,PRIVATED,38.718404181585534,141.10720857128908,
yBYks-NdDS67mpoTQQSAq,https://www.tohokukanko.jp/en/attractions/detail_1374.html,EN,EN,PRIVATED,38.274942,140.603869,
LQ28I3XBV0FgvVfp37ee9,https://www.tohokukanko.jp/en/attractions/detail_1003298.html,EN,EN,PRIVATED,40.6074516,140.4641804,
GuQQdPzgVD_9tuvWr9rs9,https://www.tohokukanko.jp/en/attractions/detail_1010644.html,EN,EN,PRIVATED,38.5461917,141.427936,
ROq-0_jMno1v7V1L0mAg5,https://www.tohokukanko.jp/en/attractions/detail_1002275.html,EN,EN,PRIVATED,40.53990556166271,141.5577262980957,
-9lIUnwkKlOvbJfNhop3D,https://www.tohokukanko.jp/en/attractions/detail_1336.html,EN,EN,PRIVATED,38.254736,140.328237,
hBmmLhsB1y9bHWfHXXGb_,https://www.tohokukanko.jp/en/attractions/detail_10069.html,EN,EN,PRIVATED,37.672593,138.88215,
u9wRlK1Mx0jAdIpoLGxBt,https://www.tohokukanko.jp/en/attractions/detail_1002505.html,EN,EN,PRIVATED,40.8105931,140.6967257,
11u42bmX5uehrLgZjFKQ9,https://www.tohokukanko.jp/en/attractions/detail_1006265.html,EN,EN,PRIVATED,37.52886383862125,139.72333252429962,
QBA0sPT5o-I1K1atHbZyp,https://www.tohokukanko.jp/en/attractions/detail_1007047.html,EN,EN,PRIVATED,39.01154785881826,140.66054463386536,
gJJD_sa5AT1OrhjC26uez,https://www.tohokukanko.jp/en/attractions/detail_1010181.html,EN,EN,PRIVATED,39.8009,140.794733,
QJbOvdkHiNy0veJYcearL,https://www.tohokukanko.jp/en/attractions/detail_1084.html,EN,EN,PRIVATED,38.308059,140.65044,
STbsWTl9_QiWLBMYjmc96,https://www.tohokukanko.jp/en/attractions/detail_1749.html,EN,EN,PRIVATED,38.721832,139.68544,
ywKW6WvUF-kS6iqoq3gGj,https://www.tohokukanko.jp/en/attractions/detail_1768.html,EN,EN,PRIVATED,39.902383,140.968532,
MvXXsFK_E-9eXTfm-z5qF,https://www.tohokukanko.jp/en/attractions/detail_1775.html,EN,EN,PRIVATED,39.8060451,140.7962013,
Cbh_G19Y1dTQFY9CpKjWw,https://www.tohokukanko.jp/en/attractions/detail_1005947.html,EN,EN,PRIVATED,39.92627686893537,140.9912415809816,
mD2-sOIMC3ABqDZZvEPB1,https://www.tohokukanko.jp/en/attractions/detail_1007080.html,EN,EN,PRIVATED,38.3677702,141.0604316,
Jg8Sjx7sDMmFtAXucIovY,https://www.tohokukanko.jp/en/attractions/detail_1007141.html,EN,EN,PRIVATED,39.204677,140.5504385,
-eWKK4aWaSRDcuKUTisBn,https://www.tohokukanko.jp/en/attractions/detail_1009960.html,EN,EN,PRIVATED,40.6077066,140.4643675,
TsRPwkQhsDou7IzEOHfVC,https://www.tohokukanko.jp/en/attractions/detail_1011625.html,EN,EN,PRIVATED,39.7446727,141.12913,
w1pMfUWmDkBzY-c_Wvako,https://www.tohokukanko.jp/en/attractions/detail_1128.html,EN,EN,PRIVATED,37.279174,140.629699,
fTSI6D3mnRNSTkGbGmkJv,https://www.tohokukanko.jp/en/attractions/detail_1197.html,EN,EN,PRIVATED,39.70244714253771,141.13992060845948,
MmMPPXVI_5qJR4iA5yVgb,https://www.tohokukanko.jp/en/attractions/detail_1332.html,EN,EN,PRIVATED,38.91059,139.8353,
sl6_4fMPx94bZRr_I8727,https://www.tohokukanko.jp/en/attractions/detail_1004203.html,EN,EN,PRIVATED,38.2523446,140.8559611,
HF0RDzT0_yQ3me2RHQsek,https://www.tohokukanko.jp/en/attractions/detail_1006213.html,EN,EN,PRIVATED,39.77509931696009,140.93012809753418,
96P61L10MTKjsP9eWfvxr,https://www.tohokukanko.jp/en/attractions/detail_1006557.html,EN,EN,PRIVATED,38.12896977372419,140.460168250354,
5v2InXsTmwaiFwlvqqpXe,https://www.tohokukanko.jp/en/attractions/detail_1007187.html,EN,EN,PRIVATED,40.564976637543744,139.98239544819333,
cTGCuwvNl1Xb3In6uiUwz,https://www.tohokukanko.jp/en/attractions/detail_1007709.html,EN,EN,PRIVATED,39.87075189442812,139.7509147582591,
xPeTT4EV6E78CibXls-nY,https://www.tohokukanko.jp/en/attractions/detail_1019.html,EN,EN,PRIVATED,37.006201,140.849586,
5ULWtgQiQJR0A-3WXER7w,https://www.tohokukanko.jp/en/attractions/detail_1495.html,EN,EN,PRIVATED,39.721959,140.123764,
rk-6EGphtR5t5fesrkbjF,https://www.tohokukanko.jp/en/attractions/detail_1781.html,EN,EN,PRIVATED,37.70468908,138.8090206,
LLXUJ45C6QUMapkAIFD-7,https://www.tohokukanko.jp/en/attractions/detail_1008930.html,EN,EN,PRIVATED,37.4581644,141.0273236,
6hHkovkbc2hjxQzQwjtv5,https://www.tohokukanko.jp/en/attractions/detail_1011119.html,EN,EN,PRIVATED,40.6452885,140.5969066,
LS5gHIMQxwhHPrOKnhpUY,https://www.tohokukanko.jp/en/attractions/detail_1231.html,EN,EN,PRIVATED,39.003465,141.62512,
cbcv1BhLExgrMfOJCf7YV,https://www.tohokukanko.jp/en/attractions/detail_1635.html,EN,EN,PRIVATED,39.752506,140.061463,
SNQuCrKb4rMu9aemxxTEv,https://www.tohokukanko.jp/en/attractions/detail_1010307.html,EN,EN,PRIVATED,39.7003594,141.1378476,
5C9C2UisVfZrcEkYE9v2P,https://www.tohokukanko.jp/en/attractions/detail_1216.html,EN,EN,PRIVATED,37.737235,138.836182,
C9-734L1cxFl_L-NrhoJA,https://www.tohokukanko.jp/en/attractions/detail_1413.html,EN,EN,PRIVATED,37.909301,140.104085,
M25xkkufHbpjbkrAkm-Rt,https://www.tohokukanko.jp/en/attractions/detail_1772.html,EN,EN,PRIVATED,39.6717829,140.0734399,
4U-iovBrlGQAsD_CqVCBa,https://www.tohokukanko.jp/en/attractions/detail_1003073.html,EN,EN,PRIVATED,40.6026392,140.4648175,
XGQ5Qsb8qIfw8S2AURz5I,https://www.tohokukanko.jp/en/attractions/detail_1010292.html,EN,EN,PRIVATED,40.738089,140.793093,
1KguXd8B2ct0qaMwgMvzP,https://www.tohokukanko.jp/en/attractions/detail_1194.html,EN,EN,PRIVATED,37.485226,139.9515863,
notIrD22oUfQr7vOWt-hQ,https://www.tohokukanko.jp/en/attractions/detail_1002817.html,EN,EN,PRIVATED,38.36062769999999,140.3835888,
d8mrA0gFAuHVbOgf4hdyk,https://www.tohokukanko.jp/en/attractions/detail_1007642.html,EN,EN,PRIVATED,39.388583423506596,141.11680317967478,
p6_W15OwRvTR4pMDULsht,https://www.tohokukanko.jp/en/attractions/detail_1008729.html,EN,EN,PRIVATED,37.682175,140.3251508,
nDEvnGlPKHNc72Wka0Z1t,https://www.tohokukanko.jp/en/attractions/detail_1010124.html,EN,EN,PRIVATED,38.263665,140.6598444,
YXzMG68qSlrxXzQ7YzcnS,https://www.tohokukanko.jp/en/attractions/detail_1408.html,EN,EN,PRIVATED,40.779913,140.208695199999,
QfvmqzH2dhNmdmfV7TGAp,https://www.tohokukanko.jp/en/attractions/detail_1470.html,EN,EN,PRIVATED,39.703786,141.151231,
1RV16On19X1fiEST3t5fV,https://www.tohokukanko.jp/en/attractions/detail_1005325.html,EN,EN,PRIVATED,40.779624,140.2096008,
xVw6uHC4sqmfZ3kYfI9u4,https://www.tohokukanko.jp/en/attractions/detail_1005571.html,EN,EN,PRIVATED,37.45578550635432,139.84035145823592,
DvUh4VI1xJ6Gg5csKrf1Q,https://www.tohokukanko.jp/en/attractions/detail_1008150.html,EN,EN,PRIVATED,39.86011999999999,141.7970093,
PLtUB_JaNwSWpPNBzteFL,https://www.tohokukanko.jp/en/attractions/detail_1192.html,EN,EN,PRIVATED,37.493581,139.931085,
vrvSxscHLfmA1pv7yEUi2,https://www.tohokukanko.jp/en/attractions/detail_1272.html,EN,EN,PRIVATED,37.87961724,139.3128014,
d8AKBwtpneNG9CV9U1DB8,https://www.tohokukanko.jp/en/attractions/detail_1416.html,EN,EN,PRIVATED,40.6504712,140.8257091,
OyaSBPvqSGSzTd8FYORBD,https://www.tohokukanko.jp/en/attractions/detail_1700.html,EN,EN,PRIVATED,38.366815,141.071078,
z7Xkp4ceWLYZFzFnH2w2X,https://www.tohokukanko.jp/en/attractions/detail_1709.html,EN,EN,PRIVATED,37.9083295,140.105555,
_9Y8viLeAgiUCPs38jrii,https://www.tohokukanko.jp/en/attractions/detail_1753.html,EN,EN,PRIVATED,40.8105548,140.4432067,
V-OY_RJYIZLdtsw_0_6OR,https://www.tohokukanko.jp/en/attractions/detail_1001322.html,EN,EN,PRIVATED,40.5278596,141.5294053,
PaSKRyQFNgSVCwrC1-gzH,https://www.tohokukanko.jp/en/attractions/detail_1005365.html,EN,EN,PRIVATED,38.2700234,140.6157484,
hnLIacQggyiNaYMMDxYj0,https://www.tohokukanko.jp/en/attractions/detail_1011555.html,EN,EN,PRIVATED,0,0,
fBJneMlIgwrEJwjkX8Hzc,https://www.tohokukanko.jp/en/attractions/detail_1373.html,EN,EN,PRIVATED,38.220664,140.72093,
1qjlza1MKGrNoCCRNv_Ox,https://www.tohokukanko.jp/en/attractions/detail_1464.html,EN,EN,PRIVATED,40.5604389,139.9826012,
JPiT3qnxeb-HIuKdYftVN,https://www.tohokukanko.jp/en/attractions/detail_1779.html,EN,EN,PRIVATED,37.6009673,140.0721786,
HAPRIkDVDxkly8HmmFRn3,https://www.tohokukanko.jp/en/attractions/detail_100144.html,EN,EN,PRIVATED,38.3695763,141.062386699999,
pRH-3kTnmtvRHx8fJGtir,https://www.tohokukanko.jp/en/attractions/detail_1005915.html,EN,EN,PRIVATED,39.0492444,141.705175,
spY4hg30Q0fz00ZS_FQZw,https://www.tohokukanko.jp/en/attractions/detail_1008049.html,EN,EN,PRIVATED,38.1610726,140.3946594,
m57CbnKYcrMpe0U8wONWO,https://www.tohokukanko.jp/en/attractions/detail_1011554.html,EN,EN,PRIVATED,41.76649270000001,140.7163777,
TTjo65MQ3USX0Gpbb3lFY,https://www.tohokukanko.jp/en/attractions/detail_1558.html,EN,EN,PRIVATED,39.928696,139.766687,
B2E2yT30HYfgtaTrH1ZSL,https://www.tohokukanko.jp/en/attractions/detail_1785.html,EN,EN,PRIVATED,37.919841,139.052989,
hljHOxLOpmvuqfWY54_dM,https://www.tohokukanko.jp/en/attractions/detail_2036.html,EN,EN,PRIVATED,37.9292,139.163788,
5dS36QSc0HPje_yIRSdm1,https://www.tohokukanko.jp/en/attractions/detail_10031.html,EN,EN,PRIVATED,39.719993,140.103463,
W3WUTNwXJ89vrkBVjS5fr,https://www.tohokukanko.jp/en/attractions/detail_10041.html,EN,EN,PRIVATED,39.815408,140.584004,
-lAXDRESXLyyrXiu5afKY,https://www.tohokukanko.jp/en/attractions/detail_1001854.html,EN,EN,PRIVATED,40.6479876,140.8482922,
cAbmkRYJ8W9vAk5whg6FK,https://www.tohokukanko.jp/en/attractions/detail_1007942.html,EN,EN,PRIVATED,40.1857708,140.7475825,
fxfy_3WWoAzghLf7YGdQc,https://www.tohokukanko.jp/en/attractions/detail_1011418.html,EN,EN,PRIVATED,38.8999868,141.5794262,
zPgJ87jNkcT9xgiJWyh07,https://www.tohokukanko.jp/en/attractions/detail_1163.html,EN,EN,PRIVATED,37.652801,138.919568,
6UM4CyrqSEZXc3DSOiTrZ,https://www.tohokukanko.jp/en/attractions/detail_1001756.html,EN,EN,PRIVATED,41.7964803,140.7569123,
oR76FD6kbDIqKwnXZr63S,https://www.tohokukanko.jp/en/attractions/detail_1006480.html,EN,EN,PRIVATED,37.34128077432956,140.49243450164795,
ZINK7XKx6E_Dk7qBO1W8X,https://www.tohokukanko.jp/en/attractions/detail_1428.html,EN,EN,PRIVATED,37.95439594,139.3239372,
iqAfJh5y_X6gkMEglf237,https://www.tohokukanko.jp/en/attractions/detail_1777.html,EN,EN,PRIVATED,39.8043984,140.7946164,
L_IW94neJlZcNyqZjExxh,https://www.tohokukanko.jp/en/attractions/detail_10048.html,EN,EN,PRIVATED,38.271138,140.866661,
wpHUE9lWTzFmSyyLIqxW9,https://www.tohokukanko.jp/en/attractions/detail_1005643.html,EN,EN,PRIVATED,38.892914,140.615477,
lmEHqKQPer9lo8uZuGbCA,https://www.tohokukanko.jp/en/attractions/detail_1011583.html,EN,EN,PRIVATED,37.3980047,140.3532605,
LxKLKwEbDyNF_3E0i-WLf,https://www.tohokukanko.jp/en/attractions/detail_1278.html,EN,EN,PRIVATED,39.162496,139.952258,
Ahde6mJrSW2a8VHQfPg42,https://www.tohokukanko.jp/en/attractions/detail_1368.html,EN,EN,PRIVATED,39.293128,140.546689,
6kZW2lbR1tMdHhPIj7Lnl,https://www.tohokukanko.jp/en/attractions/detail_1447.html,EN,EN,PRIVATED,37.12424265436438,138.52950811386108,
vyqCSe5S67EMJkPQzPbN1,https://www.tohokukanko.jp/en/attractions/detail_1621.html,EN,EN,PRIVATED,40.122738,140.835857,
DM8s3RaXFJhoOMw9SUnE5,https://www.tohokukanko.jp/en/attractions/detail_1623.html,EN,EN,PRIVATED,38.541553,139.986099,
bfrBlSjEBmQVMOb2zWfep,https://www.tohokukanko.jp/en/attractions/detail_10027.html,EN,EN,PRIVATED,39.084301,141.206571,
kwUQzL6AvWw5iTnOdXsrA,https://www.tohokukanko.jp/en/attractions/detail_10045.html,EN,EN,PRIVATED,39.197048,140.406596,
Q5jK4ASZAZ-ycM_SCryU4,https://www.tohokukanko.jp/en/attractions/detail_1003406.html,EN,EN,PRIVATED,40.50585416324074,141.46036863327026,
WHkBbiL4degohoMAlRRDf,https://www.tohokukanko.jp/en/attractions/detail_1004768.html,EN,EN,PRIVATED,37.3418433,140.6759695,
Pp1j6m6Ns2K3rbaUeBFY4,https://www.tohokukanko.jp/en/attractions/detail_1008499.html,EN,EN,PRIVATED,37.72212074124947,140.26382446289062,
a_izplAE-n7iVXebysM5x,https://www.tohokukanko.jp/en/attractions/detail_1010576.html,EN,EN,PRIVATED,37.1707806,138.2432929,
80HatsqzUlDCDu17vDi7H,https://www.tohokukanko.jp/en/attractions/detail_1011402.html,EN,EN,PRIVATED,39.7391413,140.7229839,
UNRQMrxln5sh5PQkiyaE9,https://www.tohokukanko.jp/en/attractions/detail_1107.html,EN,EN,PRIVATED,38.319385,141.030073,
Q5DTI3mFZs8c0gcuRwvQo,https://www.tohokukanko.jp/en/attractions/detail_1141.html,EN,EN,PRIVATED,38.467766,139.252814,
q-QUQWvaQI_adu2tWIYpc,https://www.tohokukanko.jp/en/attractions/detail_1188.html,EN,EN,PRIVATED,37.73963,140.494939,
5B0ek9wK7RcU7B4IT3PEs,https://www.tohokukanko.jp/en/attractions/detail_1370.html,EN,EN,PRIVATED,39.780867,140.76512,
QDtTIlsktcVDBJiFfoynd,https://www.tohokukanko.jp/en/attractions/detail_1375.html,EN,EN,PRIVATED,40.5656845,139.9736031,
utx8fg1wvyYSMwm0s93wI,https://www.tohokukanko.jp/en/attractions/detail_1411.html,EN,EN,PRIVATED,37.173517,138.232996,
9SaukEergPGFebpBns47G,https://www.tohokukanko.jp/en/attractions/detail_1003794.html,EN,EN,PRIVATED,39.7019558,141.1543303,
S_1Mu3W5p30W3CHr7F3Ku,https://www.tohokukanko.jp/en/attractions/detail_1008350.html,EN,EN,PRIVATED,38.23749540000001,140.3321464,
l4z9Ry7EW6oYiLDBRUfX-,https://www.tohokukanko.jp/en/attractions/detail_1105.html,EN,EN,PRIVATED,39.921298,140.536944,
S0HCDfTyA4hLR45IW5ysm,https://www.tohokukanko.jp/en/attractions/detail_1366.html,EN,EN,PRIVATED,38.961936,140.529295,
b3O74zx5c_sOu0QQCQ-Xp,https://www.tohokukanko.jp/en/attractions/detail_1653.html,EN,EN,PRIVATED,40.005044,139.701613,
YGALWhCCuIDwo7hGhUSPI,https://www.tohokukanko.jp/en/attractions/detail_1726.html,EN,EN,PRIVATED,37.829616,139.152124,
tQKSySs7mata0pM_hGlTb,https://www.tohokukanko.jp/en/attractions/detail_10020.html,EN,EN,PRIVATED,41.308333,141.088056,
LUxBF1bCOL2xCpHcseQcK,https://www.tohokukanko.jp/en/attractions/detail_10051.html,EN,EN,PRIVATED,37.624642,140.959349,
BWjWBjGldGMgCxifaINbA,https://www.tohokukanko.jp/en/attractions/detail_1005165.html,EN,EN,PRIVATED,40.5122055,141.4882743,
LAdkWUyOdqJ7Hg2RI65El,https://www.tohokukanko.jp/en/attractions/detail_1007710.html,EN,EN,PRIVATED,39.9622513,139.7805511,
t2S2JWOEcRnpfaWE9tdMy,https://www.tohokukanko.jp/en/attractions/detail_1009592.html,EN,EN,PRIVATED,37.88120950000002,140.05416206137696,
swDP1SRzLcTys32uIIQ-D,https://www.tohokukanko.jp/en/attractions/detail_1010209.html,EN,EN,PRIVATED,37.4751046,141.03462,
xU206VHadZCD1BkBeozIt,https://www.tohokukanko.jp/en/attractions/detail_1497.html,EN,EN,PRIVATED,40.7675132,140.051684199999,
F0dMFyIRF9xfQQPh_a607,https://www.tohokukanko.jp/en/attractions/detail_1569.html,EN,EN,PRIVATED,39.699964,141.154131,
gdO42asxJRBXJD5mFEJLK,https://www.tohokukanko.jp/en/attractions/detail_1630.html,EN,EN,PRIVATED,40.6038301,140.461227799999,
TgIyeeUjpYYuyfo46xE1o,https://www.tohokukanko.jp/en/attractions/detail_10015.html,EN,EN,PRIVATED,37.493578,139.931089,
rSq4KFmDQwKEt6z_4vuTE,https://www.tohokukanko.jp/en/attractions/detail_1008949.html,EN,EN,PRIVATED,39.6712917,141.1537254,
TYqaCLhmT1Kn6FZZNR9cN,https://www.tohokukanko.jp/en/attractions/detail_1028.html,EN,EN,PRIVATED,39.354097,141.57054,
O4Kq1N8t9k9LqDSPgZdXY,https://www.tohokukanko.jp/en/attractions/detail_1030.html,EN,EN,PRIVATED,37.4643603769042,140.67287659928894,
JFEPsUDTY3Mf5Bpro2jEN,https://www.tohokukanko.jp/en/attractions/detail_1042.html,EN,EN,PRIVATED,38.265521,140.992418,
ATt8B5DeF-VWA13gSct0p,https://www.tohokukanko.jp/en/attractions/detail_1212.html,EN,EN,PRIVATED,38.369482,141.061287,
jeZ83kb-0jWe2LATNTdaN,https://www.tohokukanko.jp/en/attractions/detail_1431.html,EN,EN,PRIVATED,39.737906,141.975895,
UmzAiwgPHUW-wVEeqrIjc,https://www.tohokukanko.jp/en/attractions/detail_2040.html,EN,EN,PRIVATED,38.258656520271,140.87340780812238,
PXjeOsrjvPAJDKzgbbkMo,https://www.tohokukanko.jp/en/attractions/detail_10003.html,EN,EN,PRIVATED,36.946696,140.902779,
EZitvgX7SZPJiMoTRWmDO,https://www.tohokukanko.jp/en/attractions/detail_1002589.html,EN,EN,PRIVATED,40.8222197,140.7473524,
ijLoXoOFTQHAKtZxA8jRJ,https://www.tohokukanko.jp/en/attractions/detail_1003392.html,EN,EN,PRIVATED,38.157488418170686,140.27626686057434,
oUN1-JjhbtxsIs0WrRPoe,https://www.tohokukanko.jp/en/attractions/detail_1006527.html,EN,EN,PRIVATED,38.1266811,140.5287472,
ysLhcZX02hMXpkPlvjH-I,https://www.tohokukanko.jp/en/attractions/detail_1006997.html,EN,EN,PRIVATED,40.2019993,140.3508049,
5J1ALM58RoPq6TDGBZiUP,https://www.tohokukanko.jp/en/attractions/detail_1008607.html,EN,EN,PRIVATED,37.738226127542866,140.49603939056396,
hDAk3SACuhSL5LU3g5uuv,https://www.tohokukanko.jp/en/attractions/detail_1008993.html,EN,EN,PRIVATED,37.7835523,140.3937288,
ybkTOP2V3zEpztLehFjpe,https://www.tohokukanko.jp/en/attractions/detail_1009.html,EN,EN,PRIVATED,37.344196,140.673767,
fLsFqDx4smw8pm7VQqbEU,https://www.tohokukanko.jp/en/attractions/detail_1294.html,EN,EN,PRIVATED,37.491403,139.943388,
Lt4iUuAFoj4xGAJNklxRV,https://www.tohokukanko.jp/en/attractions/detail_1543.html,EN,EN,PRIVATED,37.162193,139.089108,
vP4Y2fNafKrU7_e9d1CJs,https://www.tohokukanko.jp/en/attractions/detail_2039.html,EN,EN,PRIVATED,37.96887,140.88285,
qIPybjMPOia-m7ipw42Q4,https://www.tohokukanko.jp/en/attractions/detail_1003866.html,EN,EN,PRIVATED,38.43014698386749,141.30969884973752,
10q46_DRkB8qJHFJOy1QO,https://www.tohokukanko.jp/en/attractions/detail_1004202.html,EN,EN,PRIVATED,39.6941024,141.1298612,
SMiuN5pfz4T0MEr_N-qO8,https://www.tohokukanko.jp/en/attractions/detail_1004899.html,EN,EN,PRIVATED,38.611134,140.4586861,
x_c0qmNLXps6Dyql_awkh,https://www.tohokukanko.jp/en/attractions/detail_1008699.html,EN,EN,PRIVATED,37.65499708989605,139.86599922180176,
b7_wOoTrVwJoyMYY-zvIg,https://www.tohokukanko.jp/en/attractions/detail_1010643.html,EN,EN,PRIVATED,38.4210301,141.3050839,
WHImlXAGw42TKtqLW_MwX,https://www.tohokukanko.jp/en/attractions/detail_1396.html,EN,EN,PRIVATED,38.64024,139.967253,
ggrEs4f5RdQkXFbvDYbjH,https://www.tohokukanko.jp/en/attractions/detail_1625.html,EN,EN,PRIVATED,37.3036,139.895542,
MyoUZ7HHNKCgsl3vHoI5s,https://www.tohokukanko.jp/en/attractions/detail_1773.html,EN,EN,PRIVATED,39.9721089,140.7980577,
1nrvJAuuUySb0IQbjMrHV,https://www.tohokukanko.jp/en/attractions/detail_10034.html,EN,EN,PRIVATED,38.986798,141.113034,
FdnrCyrM-RNWUrnGzsE6P,https://www.tohokukanko.jp/en/attractions/detail_1000406.html,EN,EN,PRIVATED,38.36957641,141.0623863,
E2uP_uSCt4gjwdWfBd781,https://www.tohokukanko.jp/en/attractions/detail_1001797.html,EN,EN,PRIVATED,38.2667016,140.8667421,
xMYoXHhAUB8KZQ1OjRErB,https://www.tohokukanko.jp/en/attractions/detail_1005359.html,EN,EN,PRIVATED,37.46028769999999,140.457648,
a2uTa58x9i0_x2LBWHFdv,https://www.tohokukanko.jp/en/attractions/detail_1006253.html,EN,EN,PRIVATED,38.31437,141.0220608,
MPFqfwjX85apWRLcMIkbH,https://www.tohokukanko.jp/en/attractions/detail_1007895.html,EN,EN,PRIVATED,40.6153749,140.3167768,
FzTYhhcEtXpE64aY6ilbp,https://www.tohokukanko.jp/en/attractions/detail_1007965.html,EN,EN,PRIVATED,40.2740325,140.8065337,
nfScjkq96kyDe4_h3dsOK,https://www.tohokukanko.jp/en/attractions/detail_1009011.html,EN,EN,PRIVATED,37.683757,139.4537275,
xgE_uH5Ya3V5D0Fjl5WtS,https://www.tohokukanko.jp/en/attractions/detail_1009325.html,EN,EN,PRIVATED,37.9599699,139.3536442,
bR37iAbaiH7vC3Yd6NuKi,https://www.tohokukanko.jp/en/attractions/detail_1011403.html,EN,EN,PRIVATED,39.2387861,140.0680192,
6czZ6vvX2IS7HAfMvZ-DP,https://www.tohokukanko.jp/en/attractions/detail_1502.html,EN,EN,PRIVATED,38.731488,140.767124,
rdIQp2N6IR4lT9fg9ow4P,https://www.tohokukanko.jp/en/attractions/detail_1527.html,EN,EN,PRIVATED,40.9025961,140.4553492,
ggE4284ub7pEeorkqJN_3,https://www.tohokukanko.jp/en/attractions/detail_1001672.html,EN,EN,PRIVATED,40.9604366,140.4338661,
nhbEPV9rJD5bPBEnhykNt,https://www.tohokukanko.jp/en/attractions/detail_1002269.html,EN,EN,PRIVATED,40.51066305405081,141.6102347928791,
1IuNkovsrAfP55c4CkdQP,https://www.tohokukanko.jp/en/attractions/detail_1003971.html,EN,EN,PRIVATED,39.6955442,141.1486652,
sKq8D3GeG74CyISNoM3qa,https://www.tohokukanko.jp/en/attractions/detail_1005881.html,EN,EN,PRIVATED,39.8526209,141.0010175,
fNp5HNJ0GdwBrSfdykRXp,https://www.tohokukanko.jp/en/attractions/detail_1006144.html,EN,EN,PRIVATED,38.8849701,141.6094494,
06yteRBU_6dAE3ag8hFt5,https://www.tohokukanko.jp/en/attractions/detail_1007128.html,EN,EN,PRIVATED,39.7623337,140.7707131,
wi9BmJuzrzWrbkE_bBvXG,https://www.tohokukanko.jp/en/attractions/detail_1009844.html,EN,EN,PRIVATED,39.8927618,140.9253837,
ozXsTiPATtkj6FHMMvlzg,https://www.tohokukanko.jp/en/attractions/detail_1010592.html,EN,EN,PRIVATED,40.3082827,140.2875135,
BfnZeJt72uS_15DKRaIVL,https://www.tohokukanko.jp/en/attractions/detail_1011384.html,EN,EN,PRIVATED,38.0611689,140.182282,
9dpVSO4n2ze0RB0KS75A3,https://www.tohokukanko.jp/en/attractions/detail_1054.html,EN,EN,PRIVATED,38.45819279333077,140.38750648498535,
2WH97mnGw6GJ3RQ6XMNXx,https://www.tohokukanko.jp/en/attractions/detail_1204.html,EN,EN,PRIVATED,37.803055,138.847192,
snqICESCCyd1uI9G2kHeB,https://www.tohokukanko.jp/en/attractions/detail_1425.html,EN,EN,PRIVATED,37.619075,139.830172,
cI6OIC8e3Zt1r41B8KmHi,https://www.tohokukanko.jp/en/attractions/detail_1695.html,EN,EN,PRIVATED,36.84999581,138.1326641,
nKX98Q29yum-ZOgP0XYSx,https://www.tohokukanko.jp/en/attractions/detail_1733.html,EN,EN,PRIVATED,36.931522,138.21983,
KD1z1R3V0Oq6aDYUMKLYl,https://www.tohokukanko.jp/en/attractions/detail_1742.html,EN,EN,PRIVATED,37.497658,139.927329,
lauccxsJmDnLhysCTeUs_,https://www.tohokukanko.jp/en/attractions/detail_1007249.html,EN,EN,PRIVATED,39.19944102271805,140.4041341753243,
HG_T42VPr12pDg_TmnvlJ,https://www.tohokukanko.jp/en/attractions/detail_1008363.html,EN,EN,PRIVATED,40.6115874,140.4695859,
6djDdxexDe6H4MfphcLOz,https://www.tohokukanko.jp/en/attractions/detail_1009361.html,EN,EN,PRIVATED,38.316516,141.0192369,
oMpMMpRrK4yuwq0-vimYY,https://www.tohokukanko.jp/en/attractions/detail_1017.html,EN,EN,PRIVATED,36.944324,140.90547,
LaYtNkwY4fLP4v0kzZJnK,https://www.tohokukanko.jp/en/attractions/detail_1289.html,EN,EN,PRIVATED,38.369704,141.064167,
wdGf_kPW-09veTTVDDQoq,https://www.tohokukanko.jp/en/attractions/detail_1380.html,EN,EN,PRIVATED,40.6140921,141.2091391,
DV5Rxf07OCDEfc4mMio4g,https://www.tohokukanko.jp/en/attractions/detail_1391.html,EN,EN,PRIVATED,37.310964,138.795355,
ipJDtS5TZlyhR2vuYhSAF,https://www.tohokukanko.jp/en/attractions/detail_1647.html,EN,EN,PRIVATED,38.736259,140.697525,
MVSdD7611OEEoB2ECDA5c,https://www.tohokukanko.jp/en/attractions/detail_1747.html,EN,EN,PRIVATED,41.4056283,141.1633802,
4lUTLkeGNZnN7khzhpY3u,https://www.tohokukanko.jp/en/attractions/detail_1767.html,EN,EN,PRIVATED,38.224486,140.728933,
lrG4JlWkvXMVnRQpc7EgX,https://www.tohokukanko.jp/en/attractions/detail_10032.html,EN,EN,PRIVATED,37.140589,138.755313,
OEwhlUeADmAudtsbbnjq6,https://www.tohokukanko.jp/en/attractions/detail_1001780.html,EN,EN,PRIVATED,41.7639017059762,140.71179628372192,
Njpcu5FWlF6H6P7xyyusY,https://www.tohokukanko.jp/en/attractions/detail_1003036.html,EN,EN,PRIVATED,40.5937445,140.4523151,
TKpqHADbnjhm0bjcUq2Id,https://www.tohokukanko.jp/en/attractions/detail_1004546.html,EN,EN,PRIVATED,38.9233457,139.8420438,
595wvzIL-oCfg5KxUz9MO,https://www.tohokukanko.jp/en/attractions/detail_1009357.html,EN,EN,PRIVATED,37.8708528,138.4135753,
uPYbiApt0DeIjSNfJpwrl,https://www.tohokukanko.jp/en/attractions/detail_1010896.html,EN,EN,PRIVATED,37.6159926,140.2208488,
NRO8q-PspikdBBX9kJ9W-,https://www.tohokukanko.jp/en/attractions/detail_1011442.html,EN,EN,PRIVATED,38.3384332,140.6860021,
yPBVpwtgrzJjeLkGASsMX,https://www.tohokukanko.jp/en/attractions/detail_1011496.html,EN,EN,PRIVATED,37.9803374,140.1380615,
yQxtkMYZ2KJqEJhN-_Qbm,https://www.tohokukanko.jp/en/attractions/detail_1236.html,EN,EN,PRIVATED,40.16994,141.723779,
HK8sGFdxu5bDQRINKi0ar,https://www.tohokukanko.jp/en/attractions/detail_1367.html,EN,EN,PRIVATED,36.919277,138.636745,
nzdUJXBnxYDYALHquQS5J,https://www.tohokukanko.jp/en/attractions/detail_1599.html,EN,EN,PRIVATED,37.907561,140.10665,
pdvNg-OZkwfjgttJ61YDs,https://www.tohokukanko.jp/en/attractions/detail_1786.html,EN,EN,PRIVATED,36.9260164,137.820968,
hwX5dYaPP1VNv0zOaqlX-,https://www.tohokukanko.jp/en/attractions/detail_2035.html,EN,EN,PRIVATED,37.81438,138.279654,
9yBLrYvFpo_vPGz4jJY_y,https://www.tohokukanko.jp/en/attractions/detail_10068.html,EN,EN,PRIVATED,37.7547092,140.464362599999,
9fQ87InpwExlNRq11nwvI,https://www.tohokukanko.jp/en/attractions/detail_1001280.html,EN,EN,PRIVATED,38.108998,140.043973,
O1anktxip6K5yuqQWy-50,https://www.tohokukanko.jp/en/attractions/detail_1001696.html,EN,EN,PRIVATED,38.983098,141.212254,
NLZ3nGLVXT2NwCo3MWtfx,https://www.tohokukanko.jp/en/attractions/detail_1004517.html,EN,EN,PRIVATED,38.2448976,140.9485598,
tj2VgVAvOTFMXqa4pHLG4,https://www.tohokukanko.jp/en/attractions/detail_1004557.html,EN,EN,PRIVATED,38.0354027,140.5728036,
WMllgSeR36pbQTf1Lsbgc,https://www.tohokukanko.jp/en/attractions/detail_1009112.html,EN,EN,PRIVATED,39.2742232,141.8898297,
cg6sjOcaQweBY95agJwKR,https://www.tohokukanko.jp/en/attractions/detail_1009839.html,EN,EN,PRIVATED,38.892914,140.615477,
e73bF-eChL9hm0jyh5_z0,https://www.tohokukanko.jp/en/attractions/detail_1010111.html,EN,EN,PRIVATED,37.6837078,138.8775818,
MbDpY8vLj0RjubkRaoyds,https://www.tohokukanko.jp/en/attractions/detail_1034.html,EN,EN,PRIVATED,38.801404,140.670007,
vvLdDxp472KZAJCp87iay,https://www.tohokukanko.jp/en/attractions/detail_1345.html,EN,EN,PRIVATED,38.613506,140.213124,
6mVWCE5IMzKzqc_oy-ydW,https://www.tohokukanko.jp/en/attractions/detail_1383.html,EN,EN,PRIVATED,37.146697,138.205557,
I472bYDOcZN6K2ih1u5cs,https://www.tohokukanko.jp/en/attractions/detail_1386.html,EN,EN,PRIVATED,39.076626,140.590211,
iP3Vjp_abGldE9FiB_pwB,https://www.tohokukanko.jp/en/attractions/detail_1573.html,EN,EN,PRIVATED,40.4889289,140.951220199999,
GuwbNdGsTnByQk6FfjXa6,https://www.tohokukanko.jp/en/attractions/detail_1583.html,EN,EN,PRIVATED,40.605472,140.676466,
VeEDyCib1Bok1GVNmpROf,https://www.tohokukanko.jp/en/attractions/detail_1001234.html,EN,EN,PRIVATED,39.926,141.118387,
pnzPMl9jx4TPH6iqM69UM,https://www.tohokukanko.jp/en/attractions/detail_1001302.html,EN,EN,PRIVATED,35.691595,139.780685,
XovVwhuDDFM8E1Lxw4Xkb,https://www.tohokukanko.jp/en/attractions/detail_1005965.html,EN,EN,PRIVATED,39.8139424265058,140.96617698669434,
lywZRn_9RkghMXbv0iMM7,https://www.tohokukanko.jp/en/attractions/detail_1006151.html,EN,EN,PRIVATED,40.190462,141.7755843,
2qbc0RWxJ3CMCYHjTI_eM,https://www.tohokukanko.jp/en/attractions/detail_1006250.html,EN,EN,PRIVATED,39.77509931696009,140.93012809753418,
NS5eSjLDJrK9-ho7IjQIh,https://www.tohokukanko.jp/en/attractions/detail_1008596.html,EN,EN,PRIVATED,40.5983691,140.4723597,
YE_fOuGBssB3GrI3fxZZ0,https://www.tohokukanko.jp/en/attractions/detail_1010595.html,EN,EN,PRIVATED,39.0014285,141.1005985,
DzpEihF64GRhGGQRMpEZn,https://www.tohokukanko.jp/en/attractions/detail_1011408.html,EN,EN,PRIVATED,39.2796172,140.082517,
QdytdI4lsKRoJU2I8MmTI,https://www.tohokukanko.jp/en/attractions/detail_1450.html,EN,EN,PRIVATED,39.692864,141.024326,
40Te_Oh2qOUODQtNe2FIE,https://www.tohokukanko.jp/en/attractions/detail_1518.html,EN,EN,PRIVATED,38.107217,140.545342,
jaR3sDMSgmyL9tuqd0h73,https://www.tohokukanko.jp/en/attractions/detail_1571.html,EN,EN,PRIVATED,40.6106699,140.6820821,
dwHdmdXtHOmr6zS3EOsfo,https://www.tohokukanko.jp/en/attractions/detail_1683.html,EN,EN,PRIVATED,37.503716,139.955983,
bnjEL4DZKhIE7vC4KiJ81,https://www.tohokukanko.jp/en/attractions/detail_1756.html,EN,EN,PRIVATED,37.150616,138.213348,
eLdAmk_7HKi3lGw4Z4jI0,https://www.tohokukanko.jp/en/attractions/detail_10062.html,EN,EN,PRIVATED,37.600117,140.429365,
lAErpcnEmwnUSvCg9CG0L,https://www.tohokukanko.jp/en/attractions/detail_1006680.html,EN,EN,PRIVATED,37.49609803057882,139.92817062365128,
q5dzytqx97nCLGFQiI6AY,https://www.tohokukanko.jp/en/attractions/detail_1007248.html,EN,EN,PRIVATED,39.2036433,140.5457888,
NEAe3YmmBrV5Wa00zLes3,https://www.tohokukanko.jp/en/attractions/detail_1007604.html,EN,EN,PRIVATED,39.13002695203313,140.06800174713135,
20shX0gM8dYxT33X4GLsR,https://www.tohokukanko.jp/en/attractions/detail_1009358.html,EN,EN,PRIVATED,39.7086899,140.10432,
64o8cJ9mBXVNo2yRp7Yku,https://www.tohokukanko.jp/en/attractions/detail_1010095.html,EN,EN,PRIVATED,40.8427402,140.8405105,
RhkrEHAM0jxn3RnLS3fS6,https://www.tohokukanko.jp/en/attractions/detail_1208.html,EN,EN,PRIVATED,39.933708,139.875509,
CnZAMcFh-x1oNLbl3TDhe,https://www.tohokukanko.jp/en/attractions/detail_1218.html,EN,EN,PRIVATED,39.755467,141.153888,
2DK0Io10A8GWMxdnMWVIh,https://www.tohokukanko.jp/en/attractions/detail_1297.html,EN,EN,PRIVATED,40.599505,140.473940999999,
7nQ7gt1CnMO5cZeOWcyKz,https://www.tohokukanko.jp/en/attractions/detail_1595.html,EN,EN,PRIVATED,39.255518,141.894147,
z5Ll7GCVA0peHTSIC574W,https://www.tohokukanko.jp/en/attractions/detail_1735.html,EN,EN,PRIVATED,38.753556,140.706428,
LGVRvXgRml6kV90y4q3tU,https://www.tohokukanko.jp/en/attractions/detail_1001853.html,EN,EN,PRIVATED,39.4545585,141.0579775,
9ZK6nV3ODW_gCn7223uPJ,https://www.tohokukanko.jp/en/attractions/detail_1002197.html,EN,EN,PRIVATED,41.25658138056265,141.1391258239746,
Y_RqiDZtRnhqkBAwH06Gm,https://www.tohokukanko.jp/en/attractions/detail_1002286.html,EN,EN,PRIVATED,38.607182810701445,140.166081312667,
eIG-J4ErZNWnFUFWawXZx,https://www.tohokukanko.jp/en/attractions/detail_1004714.html,EN,EN,PRIVATED,37.75962923222527,140.6911616483017,
S_rUpvCq7t3UZB3nhXGb5,https://www.tohokukanko.jp/en/attractions/detail_1005867.html,EN,EN,PRIVATED,39.32949252846773,141.52855038642883,
kU4XwUR3q7Ojp4DuE_SNu,https://www.tohokukanko.jp/en/attractions/detail_1007957.html,EN,EN,PRIVATED,37.27384824680997,139.90533894819268,
VnbztpXTGYr2nSy7CE-ld,https://www.tohokukanko.jp/en/attractions/detail_1008421.html,EN,EN,PRIVATED,40.5981774,140.4728875,
va-CyRJDLKD0cq8tjOHvM,https://www.tohokukanko.jp/en/attractions/detail_1009503.html,EN,EN,PRIVATED,38.1610726,140.3946594,
UQP12ShQXrCUnBXjF4WWU,https://www.tohokukanko.jp/en/attractions/detail_1011565.html,EN,EN,PRIVATED,41.5277141,140.9078475,
FpbSrbse757VbhHCa_ICV,https://www.tohokukanko.jp/en/attractions/detail_1100.html,EN,EN,PRIVATED,38.442015,141.258305,
NxabFLuz2daieh_Z9wmEx,https://www.tohokukanko.jp/en/attractions/detail_1152.html,EN,EN,PRIVATED,39.058722,139.991754,
wnq9yQFsDUyybnSIXGM09,https://www.tohokukanko.jp/en/attractions/detail_1202.html,EN,EN,PRIVATED,39.599654,140.561013,
FZW4y7MCTHNQF87PCeb6K,https://www.tohokukanko.jp/en/attractions/detail_1304.html,EN,EN,PRIVATED,39.725019,141.145125,
Djx1tAUwexyRAIKa49C1J,https://www.tohokukanko.jp/en/attractions/detail_1344.html,EN,EN,PRIVATED,38.041694,138.256001,
lDEry-CPsaNj4s7qKFa4Y,https://www.tohokukanko.jp/en/attractions/detail_1388.html,EN,EN,PRIVATED,39.011367,140.660806,
M_o1mJuZ1HWLr-7oEVkhb,https://www.tohokukanko.jp/en/attractions/detail_1444.html,EN,EN,PRIVATED,40.4756636,141.4882811,
9ro5HRiBTH_jCW6-z6zwk,https://www.tohokukanko.jp/en/attractions/detail_1492.html,EN,EN,PRIVATED,38.221392,140.740094,
wLPWs0bYcFF0TTb5E88gt,https://www.tohokukanko.jp/en/attractions/detail_1532.html,EN,EN,PRIVATED,41.5463601,140.9126008,
sZRTV_B67EwiSCQykCvMt,https://www.tohokukanko.jp/en/attractions/detail_1586.html,EN,EN,PRIVATED,40.59830272845518,140.94949966347656,
heLtSgYO19ZxbTp6shMoi,https://www.tohokukanko.jp/en/attractions/detail_10011.html,EN,EN,PRIVATED,38.316021,141.026668,
TiUois5xpMlLmsrhxLXhu,https://www.tohokukanko.jp/en/attractions/detail_10026.html,EN,EN,PRIVATED,37.110611,138.256614,
-qSxWkhrddFM-y-pxxQVk,https://www.tohokukanko.jp/en/attractions/detail_10036.html,EN,EN,PRIVATED,39.066199,140.459653,
IoEdE9-HLVpIUD1GBu__K,https://www.tohokukanko.jp/en/attractions/detail_10066.html,EN,EN,PRIVATED,40.511324,141.48873,
KZRQ9AX_ZH_xZ0grMoTqd,https://www.tohokukanko.jp/en/attractions/detail_10076.html,EN,EN,PRIVATED,39.423,140.542639,
vE9sRKhqZlN3NigchACCR,https://www.tohokukanko.jp/en/attractions/detail_1001468.html,EN,EN,PRIVATED,38.7095042,139.9605799,
JrduDm_DaH9xFvh7IGkhv,https://www.tohokukanko.jp/en/attractions/detail_1002837.html,EN,EN,PRIVATED,38.3752673,140.3836683,
-gdAP2l30rNkTeSGGpaaq,https://www.tohokukanko.jp/en/attractions/detail_1006356.html,EN,EN,PRIVATED,36.8183231,140.4686192,
uIoEW3KPDNSSVEfnnZCxl,https://www.tohokukanko.jp/en/attractions/detail_1006852.html,EN,EN,PRIVATED,39.00717185640144,141.6274133651123,
UPgCWVWvZRN2LrJ76Q8Oj,https://www.tohokukanko.jp/en/attractions/detail_1008135.html,EN,EN,PRIVATED,37.923137706853744,140.90086403918457,
tIkke8IXHrTJ7Uk2jUZa1,https://www.tohokukanko.jp/en/attractions/detail_1008892.html,EN,EN,PRIVATED,38.2552606454667,140.3307100643097,
dPg77gex9WTkNGFQfFZHd,https://www.tohokukanko.jp/en/attractions/detail_1009374.html,EN,EN,PRIVATED,37.3969668,138.7746116,
YpfpFG5ozJf5BTEIOEP8Y,https://www.tohokukanko.jp/en/attractions/detail_1262.html,EN,EN,PRIVATED,40.321079,141.32096,
eT7ceTtAz-tMRZEPdwaen,https://www.tohokukanko.jp/en/attractions/detail_1347.html,EN,EN,PRIVATED,37.036822,137.862951,
xTXRDQNrbMgyFElskLqdp,https://www.tohokukanko.jp/en/attractions/detail_1350.html,EN,EN,PRIVATED,40.742274,141.3652471,
_1jrGIWPh7Bv8IJuEDw-9,https://www.tohokukanko.jp/en/attractions/detail_1406.html,EN,EN,PRIVATED,37.085041,138.604912,
ixo0aUA62uMV-9EJwP1O4,https://www.tohokukanko.jp/en/attractions/detail_1561.html,EN,EN,PRIVATED,38.802963,140.671716,
oBMAEk8cDWsmEtj9N0p8c,https://www.tohokukanko.jp/en/attractions/detail_1676.html,EN,EN,PRIVATED,40.386311,139.986622,
GE5VWGDGq780NSlXgW2Q-,https://www.tohokukanko.jp/en/attractions/detail_1744.html,EN,EN,PRIVATED,37.701658,138.829965,
dhfjH5IDs0iEE4Y9FO5jv,https://www.tohokukanko.jp/en/attractions/detail_2014.html,EN,EN,PRIVATED,37.6701,140.0779,
n4d1MXtXLS97uEcSGxvBa,https://www.tohokukanko.jp/en/attractions/detail_2042.html,EN,EN,PRIVATED,38.266824,140.866704,
DrDGMYyJs7ytngmsnwz8D,https://www.tohokukanko.jp/en/attractions/detail_10030.html,EN,EN,PRIVATED,38.91717,139.83458,
K4Kb-lwfUPK7_aogwPJ-r,https://www.tohokukanko.jp/en/attractions/detail_1002574.html,EN,EN,PRIVATED,37.622926987129894,140.32531707301635,
xJLDklNimzBYBwaJiCUqO,https://www.tohokukanko.jp/en/attractions/detail_1003629.html,EN,EN,PRIVATED,38.7202685,141.5318419,
mwOoY75oWspkVmn-wJoY0,https://www.tohokukanko.jp/en/attractions/detail_1004071.html,EN,EN,PRIVATED,38.3388936,141.153598,
WE9nlQ6QU9hIeOty6h04n,https://www.tohokukanko.jp/en/attractions/detail_1005176.html,EN,EN,PRIVATED,39.3210813,140.5692613,
-LSqKDU9ddIqzfWHFeaaa,https://www.tohokukanko.jp/en/attractions/detail_1005321.html,EN,EN,PRIVATED,40.2731918,140.5640151,
SvAoGHZDzV3cbQjtLpfKq,https://www.tohokukanko.jp/en/attractions/detail_1007508.html,EN,EN,PRIVATED,39.5899866,140.5714154,
VjHtj1X3NSTaFwbpbtVMc,https://www.tohokukanko.jp/en/attractions/detail_1008617.html,EN,EN,PRIVATED,38.4184377,141.3048675,
-mo_oDENEDvafX9Dc2mqM,https://www.tohokukanko.jp/en/attractions/detail_1009182.html,EN,EN,PRIVATED,38.3749861,141.1596801,
dP5zvyeaoWHdtkOl0iJoC,https://www.tohokukanko.jp/en/attractions/detail_1010152.html,EN,EN,PRIVATED,38.346616,140.4818078,
TLag9MErQjL5B835389K8,https://www.tohokukanko.jp/en/attractions/detail_1010918.html,EN,EN,PRIVATED,40.6095397,141.2119513,
kUXWvmSS4ptbcLdUISVB8,https://www.tohokukanko.jp/en/attractions/detail_1011354.html,EN,EN,PRIVATED,38.1019333,140.9271127,
FhqrTvZ8AOqSx-INgbkvW,https://www.tohokukanko.jp/en/attractions/detail_1011412.html,EN,EN,PRIVATED,38.3764846,141.0786892,
xNF6WJJVFMuMabb7wxUiD,https://www.tohokukanko.jp/en/attractions/detail_1011452.html,EN,EN,PRIVATED,41.52890240332782,140.90682237116397,
3Q3eHP-ehulTRhi5BT_XC,https://www.tohokukanko.jp/en/attractions/detail_1145.html,EN,EN,PRIVATED,37.622532,140.324427,
8jcXt5NHLCfx4QCZFPVXi,https://www.tohokukanko.jp/en/attractions/detail_1206.html,EN,EN,PRIVATED,38.733611,140.724473,
BIMOsCFkRJirKfw35tr5z,https://www.tohokukanko.jp/en/attractions/detail_1247.html,EN,EN,PRIVATED,37.925897,139.040209,
ChN99NPPR-GrcKHwqNUPV,https://www.tohokukanko.jp/en/attractions/detail_1417.html,EN,EN,PRIVATED,37.11724,138.245505,
0rNkfwHJQC_9ttpntXs4a,https://www.tohokukanko.jp/en/attractions/detail_1544.html,EN,EN,PRIVATED,40.294356,140.832922,
2sMgvFc7kfwJ6KACeIowS,https://www.tohokukanko.jp/en/attractions/detail_1703.html,EN,EN,PRIVATED,37.91156653,139.2435939,
ntpNleyhV_l4Wq3c8qV12,https://www.tohokukanko.jp/en/attractions/detail_1782.html,EN,EN,PRIVATED,37.7143776,138.8136483,
0Cz4X6xvu5YG7JH3htLk1,https://www.tohokukanko.jp/en/attractions/detail_2024.html,EN,EN,PRIVATED,41.292811,141.183461,
j_9SaiHxZk5B2Ivd1qknx,https://www.tohokukanko.jp/en/attractions/detail_10013.html,EN,EN,PRIVATED,39.386201,141.12029,
8EzlcRvL5Me1ZkLSetzQq,https://www.tohokukanko.jp/en/attractions/detail_10029.html,EN,EN,PRIVATED,37.533093,139.725717,
F7TaifaiBWzwdAVNDXRv1,https://www.tohokukanko.jp/en/attractions/detail_10042.html,EN,EN,PRIVATED,37.914385,139.036121,
C4iIaH7ChiaSaeCVjQf4u,https://www.tohokukanko.jp/en/attractions/detail_1001245.html,EN,EN,PRIVATED,38.760716,140.308075,
P1_ivaQdFQNB4JH9t6GOD,https://www.tohokukanko.jp/en/attractions/detail_1001275.html,EN,EN,PRIVATED,40.308275,140.287408,
vWfOQMS67AWwETWXYwMJM,https://www.tohokukanko.jp/en/attractions/detail_1003783.html,EN,EN,PRIVATED,39.7475362,141.0719271,
TB1N379zgYqCnfM0UTzE9,https://www.tohokukanko.jp/en/attractions/detail_1007479.html,EN,EN,PRIVATED,39.72176213624447,140.12435451099591,
1Z1J2s2nzfLLRwCcTDbRD,https://www.tohokukanko.jp/en/attractions/detail_1007628.html,EN,EN,PRIVATED,39.4597629,140.4804114,
PIDXpdvW6jGv62auDWqCu,https://www.tohokukanko.jp/en/attractions/detail_1008501.html,EN,EN,PRIVATED,37.7542123,140.4592164,
hs_xkAs7Wa5fIADOYqj00,https://www.tohokukanko.jp/en/attractions/detail_1011254.html,EN,EN,PRIVATED,37.930073,139.0484684,
mjAvTCx07VW11eCjm4kyH,https://www.tohokukanko.jp/en/attractions/detail_1011350.html,EN,EN,PRIVATED,38.2917801,141.0060167,
suJfc8IRLTDt0h5NYP-su,https://www.tohokukanko.jp/en/attractions/detail_1011449.html,EN,EN,PRIVATED,38.397842,141.4347,
bmf6mDYcoA3zn66f3gLWo,https://www.tohokukanko.jp/en/attractions/detail_1475.html,EN,EN,PRIVATED,39.716731,140.115816,
ChTVVSHOXbhfBEZsxch-r,https://www.tohokukanko.jp/en/attractions/detail_1627.html,EN,EN,PRIVATED,38.784377,139.754397,
EzVnRc2SUr9ar16qVbtX4,https://www.tohokukanko.jp/en/attractions/detail_2033.html,EN,EN,PRIVATED,40.829637,140.741043,
jv__2ogAVxxVnnC7_XrQ_,https://www.tohokukanko.jp/en/attractions/detail_10047.html,EN,EN,PRIVATED,38.434607,141.304866,
F1HiiyEN9p-HqfbCX8EQx,https://www.tohokukanko.jp/en/attractions/detail_10055.html,EN,EN,PRIVATED,39.018222,141.402396,
tYE7CvhiNyTZdBzKiqyy_,https://www.tohokukanko.jp/en/attractions/detail_10072.html,EN,EN,PRIVATED,39.283956,141.114283,
CO4-P6ANXekCfdmS8G8dP,https://www.tohokukanko.jp/en/attractions/detail_1001273.html,EN,EN,PRIVATED,40.176943,140.022484,
KbvCtVc8WC79ROlTx1A5n,https://www.tohokukanko.jp/en/attractions/detail_1007946.html,EN,EN,PRIVATED,38.892914,140.615477,
y_2ctqMtdhBiUhEfteZlZ,https://www.tohokukanko.jp/en/attractions/detail_1009318.html,EN,EN,PRIVATED,38.5014342,141.0486816,
pGntb5y1J9ezrE51DuM3Y,https://www.tohokukanko.jp/en/attractions/detail_1009355.html,EN,EN,PRIVATED,37.9159634,139.0718593,
r3o_6sBnCxbNfQRCupZ10,https://www.tohokukanko.jp/en/attractions/detail_1011559.html,EN,EN,PRIVATED,37.5577638,140.1048394,
UrNMo4HaPitlju8Ut_5tM,https://www.tohokukanko.jp/en/attractions/detail_1011601.html,EN,EN,PRIVATED,38.2942075,141.4164456,
WZtwC2L_tv9OL21rFf7Yi,https://www.tohokukanko.jp/en/attractions/detail_1104.html,EN,EN,PRIVATED,39.921198,140.536417,
wq9ZAA-Z3oA3_mWk13Plk,https://www.tohokukanko.jp/en/attractions/detail_1193.html,EN,EN,PRIVATED,37.493578,139.931089,
dGIGkzvfzb_mRWVGk6tEg,https://www.tohokukanko.jp/en/attractions/detail_1245.html,EN,EN,PRIVATED,37.83335,140.452233,
95jRNWMpCMsw3OEbtiIHc,https://www.tohokukanko.jp/en/attractions/detail_1424.html,EN,EN,PRIVATED,37.438547,138.767433,
ZKON59C-vxPzjm_4CNQDE,https://www.tohokukanko.jp/en/attractions/detail_1720.html,EN,EN,PRIVATED,38.305647,140.660968,
90mX5yzA1Lf2eq8ixEGY8,https://www.tohokukanko.jp/en/attractions/detail_1783.html,EN,EN,PRIVATED,38.0416936,138.2560014,
i0fJBU-QE4_SuIThKVUty,https://www.tohokukanko.jp/en/attractions/detail_10006.html,EN,EN,PRIVATED,38.268434,140.869091,
3HGyJ-rani5TFSG2FBDnw,https://www.tohokukanko.jp/en/attractions/detail_10054.html,EN,EN,PRIVATED,40.270791,140.560533,
l81tTuJHiWm4nSTUzPAyk,https://www.tohokukanko.jp/en/attractions/detail_1001624.html,EN,EN,PRIVATED,39.1810883,139.9435603,
bM-z3PYuMmQv6Pd9M_q_I,https://www.tohokukanko.jp/en/attractions/detail_1001692.html,EN,EN,PRIVATED,40.25351210187735,141.2662924876831,
_8zDgC6fvXdxMBQi1uU14,https://www.tohokukanko.jp/en/attractions/detail_1003601.html,EN,EN,PRIVATED,38.5050961,140.3950912,
1wl-eONCLYES-L9p-8fuu,https://www.tohokukanko.jp/en/attractions/detail_1005996.html,EN,EN,PRIVATED,38.8314955,141.591161,
XUQ2Qjx_jH6aLttWYP7BX,https://www.tohokukanko.jp/en/attractions/detail_1006038.html,EN,EN,PRIVATED,38.9004235,141.5808335,
sYS6VW4Iw6tylT90q6zUX,https://www.tohokukanko.jp/en/attractions/detail_1007120.html,EN,EN,PRIVATED,38.40180113849786,140.43108384047545,
clNFo8VrFfScaa4ccNmz2,https://www.tohokukanko.jp/en/attractions/detail_1010131.html,EN,EN,PRIVATED,39.7378148,140.6945287,
fFq_6Ae1aLy5hZOFi8YQA,https://www.tohokukanko.jp/en/attractions/detail_1010585.html,EN,EN,PRIVATED,37.7604373,138.8893467,
e8kP0sncf2XD2IxXAwSYx,https://www.tohokukanko.jp/en/attractions/detail_1011290.html,EN,EN,PRIVATED,38.3116663,140.4376119,
gKD3EnR8Js0qmq5w1K5_P,https://www.tohokukanko.jp/en/attractions/detail_1011552.html,EN,EN,PRIVATED,38.3801905,141.067293,
vijFrqLLKhG7yTsNqdh7l,https://www.tohokukanko.jp/en/attractions/detail_1321.html,EN,EN,PRIVATED,38.37874,139.456716,
KBBETHF3SLeThUqirUiuS,https://www.tohokukanko.jp/en/attractions/detail_1499.html,EN,EN,PRIVATED,38.992562,140.600372,
Y9jm1xHdiGARB4NEfqe2V,https://www.tohokukanko.jp/en/attractions/detail_1629.html,EN,EN,PRIVATED,38.727794,139.824989,
4k4uThfb8EILj_L8-7nvD,https://www.tohokukanko.jp/en/attractions/detail_1705.html,EN,EN,PRIVATED,38.993063,141.111135,
WClOLtA--otlc5EeaF33O,https://www.tohokukanko.jp/en/attractions/detail_2041.html,EN,EN,PRIVATED,38.266824,140.866704,
Ir0WQgjDiyOkg23roucln,https://www.tohokukanko.jp/en/attractions/detail_10035.html,EN,EN,PRIVATED,38.570798,140.856915,
HcRKkJK8Lyih2qHPSgtVb,https://www.tohokukanko.jp/en/attractions/detail_10070.html,EN,EN,PRIVATED,37.9084558,140.1179992,
CLlxN772rYRkieUFYo0gJ,https://www.tohokukanko.jp/en/attractions/detail_1001828.html,EN,EN,PRIVATED,38.1089663,140.0438533,
dCAn3SfZksEisMn0Eeqxa,https://www.tohokukanko.jp/en/attractions/detail_1001882.html,EN,EN,PRIVATED,38.178588,140.947197,
XjkMmZn_L-UAnCMH8Erc4,https://www.tohokukanko.jp/en/attractions/detail_1002192.html,EN,EN,PRIVATED,41.32726186584144,141.09076023101807,
wg-DbpTlZ6pZbdhY1I-D0,https://www.tohokukanko.jp/en/attractions/detail_1002233.html,EN,EN,PRIVATED,40.5122055,141.4882743,
Z2Pk_KmJe3l1AA7gFZ9YA,https://www.tohokukanko.jp/en/attractions/detail_1002737.html,EN,EN,PRIVATED,38.1804225,140.6673059,
J-8W47G6CT1jya7C5wpUp,https://www.tohokukanko.jp/en/attractions/detail_1004270.html,EN,EN,PRIVATED,38.51916077398036,140.89244842529297,
ZZOGGdXQtllG_HyAqiUpP,https://www.tohokukanko.jp/en/attractions/detail_1005156.html,EN,EN,PRIVATED,38.06655188449908,139.97921410632327,
Ty-RAOpc3y4jYgUEDzloZ,https://www.tohokukanko.jp/en/attractions/detail_1005220.html,EN,EN,PRIVATED,39.332110784213484,141.5304896235466,
ecaPMsKm_V0wK7eedANK6,https://www.tohokukanko.jp/en/attractions/detail_1007193.html,EN,EN,PRIVATED,39.454343683539555,140.61868276773686,
yo3ogmb6OJd3R5sL-BoI8,https://www.tohokukanko.jp/en/attractions/detail_1008557.html,EN,EN,PRIVATED,38.31352395541699,140.43475454677736,
4MaIse_F58-HMyMaJSY2C,https://www.tohokukanko.jp/en/attractions/detail_1008733.html,EN,EN,PRIVATED,0,0,
jNwc1o7L_dsSqr27nCECS,https://www.tohokukanko.jp/en/attractions/detail_1009375.html,EN,EN,PRIVATED,40.2728704,141.3012568,
MWkUnUlIk32AJ6ekggRPh,https://www.tohokukanko.jp/en/attractions/detail_1011490.html,EN,EN,PRIVATED,39.5899866,140.5714154,
eBVo4Q6LWeutHkQyD0SSq,https://www.tohokukanko.jp/en/attractions/detail_1011613.html,EN,EN,PRIVATED,39.2307401,140.1359217,
mGC4Q5YvrSNC7aPDf8H-f,https://www.tohokukanko.jp/en/attractions/detail_1095.html,EN,EN,PRIVATED,37.025619,137.870613,
dotEFztEAIaqzzqNCoehp,https://www.tohokukanko.jp/en/attractions/detail_1238.html,EN,EN,PRIVATED,38.26383,140.855079,
0LcKEiUW6FbTgQj0428c4,https://www.tohokukanko.jp/en/attractions/detail_1330.html,EN,EN,PRIVATED,40.048363,141.869465,
0ay4ffdbBvkkOzMw8h49Y,https://www.tohokukanko.jp/en/attractions/detail_1743.html,EN,EN,PRIVATED,38.583764,140.024405,
SVegox5Pml6yeosMIpSgB,https://www.tohokukanko.jp/en/attractions/detail_1002616.html,EN,EN,PRIVATED,40.8209493,140.8153438,
wXVjYla6utWo_aAT_d3sy,https://www.tohokukanko.jp/en/attractions/detail_1003518.html,EN,EN,PRIVATED,40.645139934322806,140.5966947054878,
qpUiRLBQckktCxX7FmODD,https://www.tohokukanko.jp/en/attractions/detail_1008137.html,EN,EN,PRIVATED,37.91658682738356,140.9179443461914,
VpTHkXGiv1zpX0RU4-1v-,https://www.tohokukanko.jp/en/attractions/detail_1008269.html,EN,EN,PRIVATED,39.7773303,140.6661385,
XT72rD99agFr0DbtLXGPK,https://www.tohokukanko.jp/en/attractions/detail_1008665.html,EN,EN,PRIVATED,36.9424912,140.8924708,
oYcOdJ1bTOLxQ1ZML2NL4,https://www.tohokukanko.jp/en/attractions/detail_1008907.html,EN,EN,PRIVATED,37.9627772,140.8771666,
8xR92ZdHl27v6XmJbYqfu,https://www.tohokukanko.jp/en/attractions/detail_1009708.html,EN,EN,PRIVATED,37.3487612,139.3160894,
g8IAvaKPRQTmym__rucHH,https://www.tohokukanko.jp/en/attractions/detail_1011129.html,EN,EN,PRIVATED,40.6452885,140.5969066,
xNDkMDgiADEbJPH8z2jZC,https://www.tohokukanko.jp/en/attractions/detail_1011544.html,EN,EN,PRIVATED,38.054728,140.1478765,
wj8_vqbezecAhtC7tDce7,https://www.tohokukanko.jp/en/attractions/detail_1122.html,EN,EN,PRIVATED,39.699645,141.154376,
Ype8i4qzBsUMCP5TfKerd,https://www.tohokukanko.jp/en/attractions/detail_1397.html,EN,EN,PRIVATED,39.031753,139.859958,
HL0EO1brRsLqUO03k9QxV,https://www.tohokukanko.jp/en/attractions/detail_1455.html,EN,EN,PRIVATED,37.193672,138.95661,
xTsDjWtD7enYcxJuBBO86,https://www.tohokukanko.jp/en/attractions/detail_1498.html,EN,EN,PRIVATED,38.093474,138.250488,
niJ3IPWHX--f-JT1ALHCi,https://www.tohokukanko.jp/en/attractions/detail_1525.html,EN,EN,PRIVATED,37.799899,139.291395,
3NU73J3gKpkIxDRAB3dd0,https://www.tohokukanko.jp/en/attractions/detail_1594.html,EN,EN,PRIVATED,38.992494,140.612763,
9k9z4yrPUWJV68QbAAW53,https://www.tohokukanko.jp/en/attractions/detail_1607.html,EN,EN,PRIVATED,38.090298,139.564879,
Jo-p5-0KQctem89rMgfar,https://www.tohokukanko.jp/en/attractions/detail_1628.html,EN,EN,PRIVATED,39.941823,140.861183,
ydtESEK8dJxkmjjypUZtc,https://www.tohokukanko.jp/en/attractions/detail_1689.html,EN,EN,PRIVATED,37.099828,138.618689,
2helg6aqlFAeO55s6y2sR,https://www.tohokukanko.jp/en/attractions/detail_1697.html,EN,EN,PRIVATED,38.919438,139.833285,
ri1S7QGRM3oGOE2nGd8gp,https://www.tohokukanko.jp/en/attractions/detail_1770.html,EN,EN,PRIVATED,38.9190069,139.828048299999,
c_L4TSaaxEgLXOfEAb41n,https://www.tohokukanko.jp/en/attractions/detail_1778.html,EN,EN,PRIVATED,39.9441033,140.611321,
OPzXV1sxXo0AL_5jnAgH8,https://www.tohokukanko.jp/en/attractions/detail_10009.html,EN,EN,PRIVATED,37.170073,138.919352,
IHlTwQPX16egdBnTUDTwM,https://www.tohokukanko.jp/en/attractions/detail_10010.html,EN,EN,PRIVATED,39.396027,141.540403,
WF4J4RR6btQxJlUFEMsFj,https://www.tohokukanko.jp/en/attractions/detail_10017.html,EN,EN,PRIVATED,37.201525,139.775283,
pQhh4Nx7dhPU1VEvqAtqe,https://www.tohokukanko.jp/en/attractions/detail_10043.html,EN,EN,PRIVATED,38.76596,140.302741,
A1SQFHYrL3Rabd3sFLykU,https://www.tohokukanko.jp/en/attractions/detail_10058.html,EN,EN,PRIVATED,38.725104,139.826165,
ED2ucQaBnXiZz9_2ZVnm8,https://www.tohokukanko.jp/en/attractions/detail_10074.html,EN,EN,PRIVATED,38.987256,141.107622,
y3Zc1i3auvMtcQR0jJSXt,https://www.tohokukanko.jp/en/attractions/detail_1001287.html,EN,EN,PRIVATED,40.82955,140.740891,
OJTAALkyAsyfq3J7hFYpu,https://www.tohokukanko.jp/en/attractions/detail_1002367.html,EN,EN,PRIVATED,40.5302934,141.5552639,
arjnTyoDAlNuv1LdYfciQ,https://www.tohokukanko.jp/en/attractions/detail_1002848.html,EN,EN,PRIVATED,39.354210598262206,141.5705108642578,
SO5NMkkbG0JMwYOBJ5fVR,https://www.tohokukanko.jp/en/attractions/detail_1003967.html,EN,EN,PRIVATED,39.6884681,141.1627512,
NyRbMiIXpaRBaen5_YEY4,https://www.tohokukanko.jp/en/attractions/detail_1005003.html,EN,EN,PRIVATED,38.32381440752017,141.04205131530762,
aU7o1Y87HZxzrnyi9VI7i,https://www.tohokukanko.jp/en/attractions/detail_1006076.html,EN,EN,PRIVATED,38.65443,141.2813,
H3vEqrQUoTJm45creI6p7,https://www.tohokukanko.jp/en/attractions/detail_1007598.html,EN,EN,PRIVATED,39.2070837,140.0887754,
Dza6xJkIKwFleHPsLNrXo,https://www.tohokukanko.jp/en/attractions/detail_1008292.html,EN,EN,PRIVATED,38.00830288327271,140.21854877471924,
bF8q2F6QuUMb0Kmy9uR-G,https://www.tohokukanko.jp/en/attractions/detail_1008433.html,EN,EN,PRIVATED,38.1289113,140.9354953,
nysVyH2-7dR-uzpkdcaQJ,https://www.tohokukanko.jp/en/attractions/detail_1008682.html,EN,EN,PRIVATED,38.3185972,141.0127556,
vfs_EubiZFQy7OFmgjaTL,https://www.tohokukanko.jp/en/attractions/detail_1008874.html,EN,EN,PRIVATED,38.2265556,140.7279175,
cU1FrLSH5b-O5Vs8iYqX2,https://www.tohokukanko.jp/en/attractions/detail_1009019.html,EN,EN,PRIVATED,38.0029511,140.6179092,
Du-t6imPh822KZxZndgYT,https://www.tohokukanko.jp/en/attractions/detail_1010134.html,EN,EN,PRIVATED,40.8836931,140.8742372,
0vzGV7ImMA3uKNrS_N2y8,https://www.tohokukanko.jp/en/attractions/detail_1010939.html,EN,EN,PRIVATED,38.6790041,141.447578,
6DVW26nH60ZpFS3gFUmMf,https://www.tohokukanko.jp/en/attractions/detail_1011256.html,EN,EN,PRIVATED,37.683757,139.4537275,
GCjqNlqf58S4jL6YX9DuS,https://www.tohokukanko.jp/en/attractions/detail_1011363.html,EN,EN,PRIVATED,38.34738731325747,141.05718033862965,
4k9YdH-X2Q9cQH9Ihk0wR,https://www.tohokukanko.jp/en/attractions/detail_1011382.html,EN,EN,PRIVATED,40.0179801,140.972139,
_C8R6akTxJ8m_V71P_OF0,https://www.tohokukanko.jp/en/attractions/detail_1011407.html,EN,EN,PRIVATED,40.3906657,140.0266532,
AwydDZe-GUbMYHCwRTNcC,https://www.tohokukanko.jp/en/attractions/detail_1121.html,EN,EN,PRIVATED,38.762836,140.305729,
_riJPCfl2V6nNh4dFAAXp,https://www.tohokukanko.jp/en/attractions/detail_1507.html,EN,EN,PRIVATED,37.10223,139.519631,
xHR9f-w2H2zgVFqXwZGBq,https://www.tohokukanko.jp/en/attractions/detail_1652.html,EN,EN,PRIVATED,37.355512,37.355512,
mOiLMl-3gGwlyV3nIL5Z_,https://www.tohokukanko.jp/en/attractions/detail_1765.html,EN,EN,PRIVATED,37.023605,139.382272,
3bUGVJnNnKjG0ZL4lKmd5,https://www.tohokukanko.jp/en/attractions/detail_1771.html,EN,EN,PRIVATED,38.4071269,140.5072351,
Vo8pZn8EF-U-Tns4yOXIF,https://www.tohokukanko.jp/en/attractions/detail_10014.html,EN,EN,PRIVATED,40.192481,140.793017,
-8PDi_G_HhjnrTWrJvDa3,https://www.tohokukanko.jp/en/attractions/detail_1001329.html,EN,EN,PRIVATED,39.3517772,141.5677585,
_Uqyrh5WASze71RDz17v9,https://www.tohokukanko.jp/en/attractions/detail_1002713.html,EN,EN,PRIVATED,39.8254398,141.3666562,
uJyJuu-3-QvMPg1ps9uc3,https://www.tohokukanko.jp/en/attractions/detail_1004222.html,EN,EN,PRIVATED,39.6924299,141.1599419,
f0BI3Iv5yywAxz8GfR4c4,https://www.tohokukanko.jp/en/attractions/detail_1004290.html,EN,EN,PRIVATED,39.7145124,141.1543508,
a_Vd7pi20Q4iI2OkEBsk2,https://www.tohokukanko.jp/en/attractions/detail_1004725.html,EN,EN,PRIVATED,37.28656766831284,140.37536144256592,
vRNkx8kzizkuFV2wgUdZt,https://www.tohokukanko.jp/en/attractions/detail_1004937.html,EN,EN,PRIVATED,39.39600978234354,141.54029846191406,
gftzY1Is2w12IjLmSeZzs,https://www.tohokukanko.jp/en/attractions/detail_1006479.html,EN,EN,PRIVATED,37.03652870000001,140.8373015,
64eWyJqU_CU4gGJA5CKya,https://www.tohokukanko.jp/en/attractions/detail_1006766.html,EN,EN,PRIVATED,40.1769393,140.0225042,
gftMOIefJ_3grdYuBpV1c,https://www.tohokukanko.jp/en/attractions/detail_1006770.html,EN,EN,PRIVATED,40.2118632,140.027125,
cAJTwHT_KjJNAwAbIfASp,https://www.tohokukanko.jp/en/attractions/detail_1006939.html,EN,EN,PRIVATED,40.2319816,140.3696517,
JppPRAFH_P5ETDdMEPNUb,https://www.tohokukanko.jp/en/attractions/detail_1008208.html,EN,EN,PRIVATED,40.8095935,140.443136,
mKQ06iLX3v2y_EN4j5-rF,https://www.tohokukanko.jp/en/attractions/detail_1008640.html,EN,EN,PRIVATED,38.6786255,141.4485308,
lFQa44oDAsCJOICcrh2SB,https://www.tohokukanko.jp/en/attractions/detail_1008657.html,EN,EN,PRIVATED,38.2567683,140.3415375,
sZKYg1mUcuM2_CCOybkIt,https://www.tohokukanko.jp/en/attractions/detail_1008737.html,EN,EN,PRIVATED,37.55852489999999,139.9441564,
9u3DfcrVDfn1eRQ2vxg7Y,https://www.tohokukanko.jp/en/attractions/detail_1008980.html,EN,EN,PRIVATED,38.122200978024395,140.44827461242676,
iiaKZUlcuxCUxYL0e5T7c,https://www.tohokukanko.jp/en/attractions/detail_1009835.html,EN,EN,PRIVATED,39.7873372,140.2199613,
9HUa8gCsY_XvJjtAdr65b,https://www.tohokukanko.jp/en/attractions/detail_1011349.html,EN,EN,PRIVATED,38.3196734,141.0301956,
Aguer-AVouJb8iyLJy8Lh,https://www.tohokukanko.jp/en/attractions/detail_1011365.html,EN,EN,PRIVATED,38.11700154897862,139.93474960327148,
POhUrXjZkw5HA_Ip9Nwjt,https://www.tohokukanko.jp/en/attractions/detail_1011393.html,EN,EN,PRIVATED,37.75404899999999,140.4587959,
ygZBL_npaOJLk-zvudNY9,https://www.tohokukanko.jp/en/attractions/detail_1249.html,EN,EN,PRIVATED,38.894882,141.662604,
pCN2OEg9DWj1mmabYQUm-,https://www.tohokukanko.jp/en/attractions/detail_1286.html,EN,EN,PRIVATED,39.947117,140.121216,
mJ7WKoBOXqkJC2cHDXPh2,https://www.tohokukanko.jp/en/attractions/detail_1516.html,EN,EN,PRIVATED,37.913598,140.761867,
HqUEpQTUQlTpLVtYtNXjn,https://www.tohokukanko.jp/en/attractions/detail_1649.html,EN,EN,PRIVATED,40.5950689,141.4283387,
hKxZ1MhbpC9P4lHQbS_hz,https://www.tohokukanko.jp/en/attractions/detail_2023.html,EN,EN,PRIVATED,41.5283,140.9095,
Una7X7LIwY54u1_uOcjnl,https://www.tohokukanko.jp/en/attractions/detail_10061.html,EN,EN,PRIVATED,38.061693,140.151976,
YxwphBwk8fyi1dGXVYSzw,https://www.tohokukanko.jp/en/attractions/detail_1001848.html,EN,EN,PRIVATED,39.6924299,141.1599419,
0EEI2xo1-6EV-Zsi4yfxn,https://www.tohokukanko.jp/en/attractions/detail_1002229.html,EN,EN,PRIVATED,40.50911098958187,141.49118721485138,
UK4EFNS110x-BDW5PjnE2,https://www.tohokukanko.jp/en/attractions/detail_1003019.html,EN,EN,PRIVATED,38.0550977,140.7593633,
g93mF8mJgaFZUVFzrvpAW,https://www.tohokukanko.jp/en/attractions/detail_1004823.html,EN,EN,PRIVATED,38.630612,141.1193048,
JYe5S7Rgqw_MlRXR4OTrK,https://www.tohokukanko.jp/en/attractions/detail_1006201.html,EN,EN,PRIVATED,37.5382841,140.141475,
H9yU-y4AuAkLGbCrtgfbX,https://www.tohokukanko.jp/en/attractions/detail_1006223.html,EN,EN,PRIVATED,39.82127662889523,140.93626499176025,
vJVwfXCklsJb1jjlx3R8l,https://www.tohokukanko.jp/en/attractions/detail_1006739.html,EN,EN,PRIVATED,40.216323,140.026693,
tGrsoozGVeqszIXFPtSQ4,https://www.tohokukanko.jp/en/attractions/detail_1006938.html,EN,EN,PRIVATED,39.71709678302004,140.1219254719982,
I3yVB6qreeFhOFs_3tiXP,https://www.tohokukanko.jp/en/attractions/detail_1007417.html,EN,EN,PRIVATED,39.3115003,140.5619309,
EcV9VbROxMvBVJQdEAW_3,https://www.tohokukanko.jp/en/attractions/detail_1008164.html,EN,EN,PRIVATED,40.52073057329189,141.2987123396688,
iFBq1RfsJnz72ZVFoZ0w9,https://www.tohokukanko.jp/en/attractions/detail_1008651.html,EN,EN,PRIVATED,40.6027995,141.148949,
9ErYxsffNGo2ztF6l6oQE,https://www.tohokukanko.jp/en/attractions/detail_1008909.html,EN,EN,PRIVATED,38.44111960000001,141.4443913,
KEnAzNOdLF2d_qhn9dV37,https://www.tohokukanko.jp/en/attractions/detail_1009007.html,EN,EN,PRIVATED,37.652754,138.919169,
FHIa56q1h7iD9NNX4LLjt,https://www.tohokukanko.jp/en/attractions/detail_1009010.html,EN,EN,PRIVATED,37.6551294,139.0683576,
dTxbg3sJK3OQNOpq7Y-DG,https://www.tohokukanko.jp/en/attractions/detail_1009356.html,EN,EN,PRIVATED,37.944241,139.3306755,
I7J89xc5eSv-W8kG4SHt1,https://www.tohokukanko.jp/en/attractions/detail_1011143.html,EN,EN,PRIVATED,40.7657077,140.9175879,
7bzR3Vuq1HXRnL7VkjBlA,https://www.tohokukanko.jp/en/attractions/detail_1011170.html,EN,EN,PRIVATED,37.0027722,140.9798509,
oxBlSEiA_lJOf8qEJzrCE,https://www.tohokukanko.jp/en/attractions/detail_1011200.html,EN,EN,PRIVATED,37.5628775,140.9917709,
-LM7yiW2Fm1lvSO1Yz2tB,https://www.tohokukanko.jp/en/attractions/detail_1011379.html,EN,EN,PRIVATED,41.2617608,141.2216594,
l_y8s0ewMgaIcC8IzDtBH,https://www.tohokukanko.jp/en/attractions/detail_1011413.html,EN,EN,PRIVATED,37.9247399,139.0462703,
wyF8SpWW2Zch5mLVpHq98,https://www.tohokukanko.jp/en/attractions/detail_1011421.html,EN,EN,PRIVATED,37.0997018,138.6173461,
Yjf4ZzIM94gofsscwZejq,https://www.tohokukanko.jp/en/attractions/detail_1136.html,EN,EN,PRIVATED,37.9713791,138.372420199999,
X9yTo-RorTsUIRRWRP-Aw,https://www.tohokukanko.jp/en/attractions/detail_1313.html,EN,EN,PRIVATED,37.822217,138.232348,
gGNkpPkRf53fnHZcRS4BI,https://www.tohokukanko.jp/en/attractions/detail_1402.html,EN,EN,PRIVATED,38.368377,141.060755,
ERKwHA1ncmIED1Hmh39F_,https://www.tohokukanko.jp/en/attractions/detail_1589.html,EN,EN,PRIVATED,37.489748,139.931776,
9VxFQQOgK85P1nkWQsVCO,https://www.tohokukanko.jp/en/attractions/detail_1680.html,EN,EN,PRIVATED,40.40874,140.864364,
eqGfQjQwiYrYcFhur4jJF,https://www.tohokukanko.jp/en/attractions/detail_2043.html,EN,EN,PRIVATED,38.266824,140.866704,
KgBgG9tdxg1ca2VhRlwPH,https://www.tohokukanko.jp/en/attractions/detail_1001251.html,EN,EN,PRIVATED,39.8943626,140.9750549,
jVT2ECWAmElhioeHN5XZb,https://www.tohokukanko.jp/en/attractions/detail_1001346.html,EN,EN,PRIVATED,39.640282,141.9465755,
UqsW3vLlB5YL4oVlw-Ml3,https://www.tohokukanko.jp/en/attractions/detail_1002249.html,EN,EN,PRIVATED,38.8526181,139.9026731,
6Ng2VQY5MwdhenAQVQ8iR,https://www.tohokukanko.jp/en/attractions/detail_1002844.html,EN,EN,PRIVATED,38.359029270091796,140.38073492960817,
BzHQcvtws96xE8VS5C36Q,https://www.tohokukanko.jp/en/attractions/detail_1003040.html,EN,EN,PRIVATED,38.0550977,140.7593633,
JF5Q_2YSuK7X69kXLszsj,https://www.tohokukanko.jp/en/attractions/detail_1004273.html,EN,EN,PRIVATED,38.717211,141.520979,
dfefQMJkP-EsCJhouGVp9,https://www.tohokukanko.jp/en/attractions/detail_1004372.html,EN,EN,PRIVATED,38.34303540000001,141.150072,
SnLU3U44NHkNbq2vus_OZ,https://www.tohokukanko.jp/en/attractions/detail_1004830.html,EN,EN,PRIVATED,38.33068233168232,140.61590999364853,
OHlD6A324I0VP3OkWwNmV,https://www.tohokukanko.jp/en/attractions/detail_1006042.html,EN,EN,PRIVATED,37.5767585,140.100733,
VckXCgt4yCeK1yN83w7de,https://www.tohokukanko.jp/en/attractions/detail_1006236.html,EN,EN,PRIVATED,39.85309305512311,141.0014533996582,
TaYr00J3Z2oKsKGXrF2D_,https://www.tohokukanko.jp/en/attractions/detail_1006945.html,EN,EN,PRIVATED,39.71732450977455,140.12156883967853,
esjhtv40N1me-uud5fOmx,https://www.tohokukanko.jp/en/attractions/detail_1007119.html,EN,EN,PRIVATED,38.1174754,140.7249529,
G_Rz4DaBqtRDPXhAJeP--,https://www.tohokukanko.jp/en/attractions/detail_1007245.html,EN,EN,PRIVATED,39.32729328386202,141.88746213912964,
YxSj4xhbV6WKxmi5jgpfp,https://www.tohokukanko.jp/en/attractions/detail_1007516.html,EN,EN,PRIVATED,39.712972141642055,140.1176353199894,
K95wwhMoH_F9Mk_ksrJth,https://www.tohokukanko.jp/en/attractions/detail_1008972.html,EN,EN,PRIVATED,38.04419310537652,140.86748801525803,
3nvyI_eyWaoQtJqfvoCCQ,https://www.tohokukanko.jp/en/attractions/detail_1009347.html,EN,EN,PRIVATED,38.1050907,140.8622342,
ns7SLCUYakqOePLOue6Vy,https://www.tohokukanko.jp/en/attractions/detail_1011507.html,EN,EN,PRIVATED,40.57479740498235,140.97894892572555,
fXDSp57WGPLPJJ36rYCeh,https://www.tohokukanko.jp/en/attractions/detail_1011570.html,EN,EN,PRIVATED,41.5133806,140.9241691,
c8xj_eK5t6UHbIBhVyutK,https://www.tohokukanko.jp/en/attractions/detail_1011588.html,EN,EN,PRIVATED,40.209108,140.024301,
MRR4TeYczK7BeyPknwqpP,https://www.tohokukanko.jp/en/attractions/detail_1000.html,EN,EN,PRIVATED,38.317595,141.01693,
kzesSa3SUbcOoEDV-Lb47,https://www.tohokukanko.jp/en/attractions/detail_1043.html,EN,EN,PRIVATED,37.761902,140.472727,
0cWyzHzRlgnCCNOK0UXsH,https://www.tohokukanko.jp/en/attractions/detail_1157.html,EN,EN,PRIVATED,37.240491,138.340193,
eTPoFuAh9M6n0I4VDDxdv,https://www.tohokukanko.jp/en/attractions/detail_1174.html,EN,EN,PRIVATED,38.989494,140.688798,
U4ch6Nm0HJrdrhPJK4emF,https://www.tohokukanko.jp/en/attractions/detail_1394.html,EN,EN,PRIVATED,40.168532,141.852435,
2QO7aEgrV6zX3fmZ8s4AJ,https://www.tohokukanko.jp/en/attractions/detail_1575.html,EN,EN,PRIVATED,39.824883,140.87429,
-SN5rhSs0Qx_Q7lp86AVZ,https://www.tohokukanko.jp/en/attractions/detail_1576.html,EN,EN,PRIVATED,39.034226,140.035436,
oM3VkrUmh5sQYjenVKe-_,https://www.tohokukanko.jp/en/attractions/detail_1640.html,EN,EN,PRIVATED,37.623188,140.963067,
BIx21Dm8p9mXJfS8KdVOU,https://www.tohokukanko.jp/en/attractions/detail_1740.html,EN,EN,PRIVATED,37.359718,138.544913,
Ix49t-XKSyskFjFHFzYAR,https://www.tohokukanko.jp/en/attractions/detail_2017.html,EN,EN,PRIVATED,40.3863,139.98682,
KXVC1YgdTaJyFhzElMvmC,https://www.tohokukanko.jp/en/attractions/detail_2031.html,EN,EN,PRIVATED,39.426939,141.131156,
B0BY1-w8hEji37gqLSgiv,https://www.tohokukanko.jp/en/attractions/detail_10019.html,EN,EN,PRIVATED,37.327414,138.909981,
hvr-_pqzn-EBeDoZHab1y,https://www.tohokukanko.jp/en/attractions/detail_1001283.html,EN,EN,PRIVATED,40.82955,140.740891,
_D70hVl7cKB99_EsLiyXs,https://www.tohokukanko.jp/en/attractions/detail_1001440.html,EN,EN,PRIVATED,39.3091699,141.5307975,
-TNAv8NV_OnpqQViBf6_q,https://www.tohokukanko.jp/en/attractions/detail_1001842.html,EN,EN,PRIVATED,35.6698026,139.752032,
Kv0ARSxKRDKll4SMIwaI2,https://www.tohokukanko.jp/en/attractions/detail_1002029.html,EN,EN,PRIVATED,39.95206679710879,141.95688191485596,
ace2b7lr3-_EtrXgTGLp3,https://www.tohokukanko.jp/en/attractions/detail_1003782.html,EN,EN,PRIVATED,39.7057361,141.1460691,
1_xTpsQ04YHrdfQKGKOOY,https://www.tohokukanko.jp/en/attractions/detail_1004810.html,EN,EN,PRIVATED,38.21991903299866,140.98433438372803,
xu6E0KBxSYdkGxflNC_zU,https://www.tohokukanko.jp/en/attractions/detail_1004925.html,EN,EN,PRIVATED,38.139315962899346,140.0010108947754,
m3mosTT7y5d08DhJpSdjk,https://www.tohokukanko.jp/en/attractions/detail_1005171.html,EN,EN,PRIVATED,37.92999265354341,139.90668717456055,
3kycJyAfAAcjr0sjvUFZa,https://www.tohokukanko.jp/en/attractions/detail_1005793.html,EN,EN,PRIVATED,37.50907903080141,139.8132562637329,
dE6Fo2MpSnKlalg0RTkf5,https://www.tohokukanko.jp/en/attractions/detail_1005966.html,EN,EN,PRIVATED,37.624642,140.9593491,
p8x-JIVvP5PL_tUbBSCSt,https://www.tohokukanko.jp/en/attractions/detail_1006324.html,EN,EN,PRIVATED,38.9313889,141.1325001,
DMc2XsfJDeSM5q0jjhyl9,https://www.tohokukanko.jp/en/attractions/detail_1007319.html,EN,EN,PRIVATED,37.4899827,139.9277486,
WDftaMAygO7kvjogDunJr,https://www.tohokukanko.jp/en/attractions/detail_1007391.html,EN,EN,PRIVATED,39.727833,140.70136,
42KEt3ueoqMYN9H8lmach,https://www.tohokukanko.jp/en/attractions/detail_1007636.html,EN,EN,PRIVATED,39.70005570000001,140.7306706,
Siod1gRTV3aUrxSRPshhx,https://www.tohokukanko.jp/en/attractions/detail_1007718.html,EN,EN,PRIVATED,39.857408603739195,139.81208790781562,
RQWRzH4uL5yGmkWtrXEsk,https://www.tohokukanko.jp/en/attractions/detail_1008129.html,EN,EN,PRIVATED,38.3411863,140.8373511,
bDSm34X09Ac3FDDMiCaAB,https://www.tohokukanko.jp/en/attractions/detail_1008300.html,EN,EN,PRIVATED,38.27115209999999,140.9807067,
ru6ntiy1UsZcHju6v8NwU,https://www.tohokukanko.jp/en/attractions/detail_1009370.html,EN,EN,PRIVATED,37.4465187,138.8513499,
2Xg0w7qJMTJbz981W9QSB,https://www.tohokukanko.jp/en/attractions/detail_1010272.html,EN,EN,PRIVATED,39.7276553,140.7013625,
mdImL8pNGF4rpL_lPiyp1,https://www.tohokukanko.jp/en/attractions/detail_1010597.html,EN,EN,PRIVATED,39.0046821,140.8561447,
eKhUKWxr9BwNklMFD_lRw,https://www.tohokukanko.jp/en/attractions/detail_1011172.html,EN,EN,PRIVATED,37.0089558,140.8446975,
QAuRjcOzIqMJL2bKIsFnf,https://www.tohokukanko.jp/en/attractions/detail_1011244.html,EN,EN,PRIVATED,36.9914096,138.181213,
vNn-YIict4qQzpb3KCZNS,https://www.tohokukanko.jp/en/attractions/detail_1011317.html,EN,EN,PRIVATED,38.8988852,141.5796267,
H00NljkTDqpnTDebRIN8P,https://www.tohokukanko.jp/en/attractions/detail_1011388.html,EN,EN,PRIVATED,38.6111075,140.169707,
UeRXGRd9a1GCuNLQXuBWk,https://www.tohokukanko.jp/en/attractions/detail_1011404.html,EN,EN,PRIVATED,40.3338794,140.0310284,
Uni6H6OnqI3ZB5ws9qH0H,https://www.tohokukanko.jp/en/attractions/detail_1011428.html,EN,EN,PRIVATED,37.361917709812616,140.37246142593384,
wAXnZquurYz4dBHS6eQfi,https://www.tohokukanko.jp/en/attractions/detail_1011461.html,EN,EN,PRIVATED,38.31148779999999,140.435494,
pzgmxDdHnkvUFYmuIIEVS,https://www.tohokukanko.jp/en/attractions/detail_1066.html,EN,EN,PRIVATED,37.545514,139.045366,
yoTP4RnJ9skjCRHzcEAu_,https://www.tohokukanko.jp/en/attractions/detail_1134.html,EN,EN,PRIVATED,37.73845,139.3071,
UJ_FG0Uw3a_vt5zPLzMPs,https://www.tohokukanko.jp/en/attractions/detail_1177.html,EN,EN,PRIVATED,39.313515,140.566243,
2_eCQdC_syyYis2kY1Kr1,https://www.tohokukanko.jp/en/attractions/detail_1207.html,EN,EN,PRIVATED,38.02525,140.576346,
ZXQGLvn3GOnPbqAMKq59S,https://www.tohokukanko.jp/en/attractions/detail_1210.html,EN,EN,PRIVATED,38.656475,140.870475,
ddks4lkZ9OyCuRk7gKY4Y,https://www.tohokukanko.jp/en/attractions/detail_1221.html,EN,EN,PRIVATED,38.654838,140.860348,
plxRr2ZyygCyTSam0b4-u,https://www.tohokukanko.jp/en/attractions/detail_1319.html,EN,EN,PRIVATED,38.227774,139.471506,
YlHDMvHjVB2KC2GvNPOUp,https://www.tohokukanko.jp/en/attractions/detail_1346.html,EN,EN,PRIVATED,37.943681,139.331184,
Hg8EnzANiv2g-4CY1pE9b,https://www.tohokukanko.jp/en/attractions/detail_1357.html,EN,EN,PRIVATED,38.362999,140.41961,
TcfGhBlQkv_GJer4PXdhj,https://www.tohokukanko.jp/en/attractions/detail_1435.html,EN,EN,PRIVATED,37.041399,139.515202,
wqq7XNnW4RIEOmk7Id5bT,https://www.tohokukanko.jp/en/attractions/detail_1551.html,EN,EN,PRIVATED,39.706283,141.14149,
nPc0g9IPIWiU4Ac99x3Zw,https://www.tohokukanko.jp/en/attractions/detail_1574.html,EN,EN,PRIVATED,37.976592,138.417846,
HoWYHqOyfA8rt9U0pe6gt,https://www.tohokukanko.jp/en/attractions/detail_1600.html,EN,EN,PRIVATED,39.355649,141.570413,
kkBEGU-kIg3cqxKyIDSro,https://www.tohokukanko.jp/en/attractions/detail_1761.html,EN,EN,PRIVATED,39.196394,141.18922,
HRXiF6CN9yG4NcZntZ47x,https://www.tohokukanko.jp/en/attractions/detail_10022.html,EN,EN,PRIVATED,40.809629,140.440211,
dqlIHF1Z0k7vnsRPsBR6a,https://www.tohokukanko.jp/en/attractions/detail_10039.html,EN,EN,PRIVATED,37.287256,140.371124,
SSNV2AvAEK9K48697Y6HD,https://www.tohokukanko.jp/en/attractions/detail_1001254.html,EN,EN,PRIVATED,40.2658,140.024918,
Kh5BtYFw2yAu7bMCAc4pc,https://www.tohokukanko.jp/en/attractions/detail_1001261.html,EN,EN,PRIVATED,40.603084,141.148985,
PhBiTA93nupyLLWoyN8ZS,https://www.tohokukanko.jp/en/attractions/detail_1002005.html,EN,EN,PRIVATED,40.588056387242446,140.57083278894424,
YouCzU6mzHXQ2qEz6Almm,https://www.tohokukanko.jp/en/attractions/detail_1003135.html,EN,EN,PRIVATED,38.3065011,140.9883969,
0FPCmLnqxXCfwWSznCahv,https://www.tohokukanko.jp/en/attractions/detail_1003319.html,EN,EN,PRIVATED,39.004217,141.25628,
gPhnZ8h7TraDKwG7LffEO,https://www.tohokukanko.jp/en/attractions/detail_1004062.html,EN,EN,PRIVATED,37.2483132,140.0495725,
qGhhGS9sA_yX9TfXKy_DR,https://www.tohokukanko.jp/en/attractions/detail_1005024.html,EN,EN,PRIVATED,37.88025017432593,140.09929123950195,
YvdiEmhohenwQcuGJwZY6,https://www.tohokukanko.jp/en/attractions/detail_1005567.html,EN,EN,PRIVATED,0,0,
ql9qnJFElhl9lkqQ1jc2e,https://www.tohokukanko.jp/en/attractions/detail_1007276.html,EN,EN,PRIVATED,39.2935109,140.5458744,
YN9Ir2kkHIYA0kmi7FFLK,https://www.tohokukanko.jp/en/attractions/detail_1007681.html,EN,EN,PRIVATED,39.5981964,140.561402,
UGgepVsq0aGVZERW7l2I5,https://www.tohokukanko.jp/en/attractions/detail_1009328.html,EN,EN,PRIVATED,40.7829307,140.1979599,
5szz-NY3qPjlqpBoHzqEz,https://www.tohokukanko.jp/en/attractions/detail_1009359.html,EN,EN,PRIVATED,39.1679393,140.4944768,
OD_yqts2j03CClXVtCQmI,https://www.tohokukanko.jp/en/attractions/detail_1010770.html,EN,EN,PRIVATED,37.4866828,139.9308963,
i6oYM8keaBMQeGfFjHFPj,https://www.tohokukanko.jp/en/attractions/detail_1011175.html,EN,EN,PRIVATED,40.6030626,140.4640543,
MKzR4fENMAlNj5S6esCAe,https://www.tohokukanko.jp/en/attractions/detail_1011179.html,EN,EN,PRIVATED,40.8805497,140.322207,
RMrcTVfeJl1WhGcP40x-z,https://www.tohokukanko.jp/en/attractions/detail_1011180.html,EN,EN,PRIVATED,40.59825499999999,140.4627942,
G_zOQvOjs_sMeGA_88rjq,https://www.tohokukanko.jp/en/attractions/detail_1011346.html,EN,EN,PRIVATED,38.2046387,140.9672499,
DZqiSeeSCsf3VXhifrdKW,https://www.tohokukanko.jp/en/attractions/detail_1011531.html,EN,EN,PRIVATED,38.0344681,138.2412544,
Vfu6j85G4NfVsD6pSMKDE,https://www.tohokukanko.jp/en/attractions/detail_1011571.html,EN,EN,PRIVATED,40.6030984,140.4717617,
luS1QFWwfVtGWt_m0E4Tv,https://www.tohokukanko.jp/en/attractions/detail_1021.html,EN,EN,PRIVATED,38.600047,140.407329,
nRGbfHVOrOI6mYustJcHB,https://www.tohokukanko.jp/en/attractions/detail_1032.html,EN,EN,PRIVATED,38.225294,140.728439,
SOXWnYS-UAN8SPnDbkT7D,https://www.tohokukanko.jp/en/attractions/detail_1159.html,EN,EN,PRIVATED,37.030551,138.89052,
mk2BNA6GjN78ckDA5xCop,https://www.tohokukanko.jp/en/attractions/detail_1381.html,EN,EN,PRIVATED,38.22612,139.481057,
cy7YsokiPnhoRYJ_Mih53,https://www.tohokukanko.jp/en/attractions/detail_1412.html,EN,EN,PRIVATED,37.913961,140.091723,
HTPVmpIuLqsoWUb6JU6qH,https://www.tohokukanko.jp/en/attractions/detail_1432.html,EN,EN,PRIVATED,39.225506,140.0024,
ijaLKJBVFYtwYIM_rfU7a,https://www.tohokukanko.jp/en/attractions/detail_1610.html,EN,EN,PRIVATED,38.89129,139.823716,
xLgDVij4GfUNzIqNMcj_3,https://www.tohokukanko.jp/en/attractions/detail_2030.html,EN,EN,PRIVATED,39.921184,140.536552,
KReX0QdxS8qIwfar_o5Ef,https://www.tohokukanko.jp/en/attractions/detail_10063.html,EN,EN,PRIVATED,39.140515,141.138467,
bAzOqiv8CtTIk0afQj-5_,https://www.tohokukanko.jp/en/attractions/detail_10075.html,EN,EN,PRIVATED,37.618005,140.557077,
gBSyxdyGQ4KC3CfdyaUfd,https://www.tohokukanko.jp/en/attractions/detail_1001268.html,EN,EN,PRIVATED,40.021336,140.080416,
aQxKq0bZ_KqOfZihuQslV,https://www.tohokukanko.jp/en/attractions/detail_1001553.html,EN,EN,PRIVATED,40.0802172,141.2826542,
T9I3sYRYu3uN5CUDyFirA,https://www.tohokukanko.jp/en/attractions/detail_1001821.html,EN,EN,PRIVATED,39.9002486,140.9752638,
1yNII2RQ8qlbkiuQLJbrx,https://www.tohokukanko.jp/en/attractions/detail_1002215.html,EN,EN,PRIVATED,38.61115544394134,140.1693398101349,
CJM8wjbsamsC8schTGwgK,https://www.tohokukanko.jp/en/attractions/detail_1002479.html,EN,EN,PRIVATED,40.8073002,140.7008453,
mfg6xRKJt8R2DUl_ODuJ8,https://www.tohokukanko.jp/en/attractions/detail_1002715.html,EN,EN,PRIVATED,38.7061211,139.964727,
hpjjIZ6SGqH2iH1a2HSca,https://www.tohokukanko.jp/en/attractions/detail_1005064.html,EN,EN,PRIVATED,40.01988552455871,140.97368064952087,
Ao_RB5ckY8hjK8nGet77J,https://www.tohokukanko.jp/en/attractions/detail_1005089.html,EN,EN,PRIVATED,38.426459882365556,140.14743425522536,
sKjqkZBxrmVWMP_un8Qly,https://www.tohokukanko.jp/en/attractions/detail_1005139.html,EN,EN,PRIVATED,37.288718716759895,140.37511467933655,
5nmtTVR_oujfvCOoCWFcc,https://www.tohokukanko.jp/en/attractions/detail_1005282.html,EN,EN,PRIVATED,40.7041169,140.1654007,
PJp2iISEMnjMzHinIR5bt,https://www.tohokukanko.jp/en/attractions/detail_1005323.html,EN,EN,PRIVATED,39.19056896769212,141.18144609278679,
DlG2uDHhzyql7uMQsS45P,https://www.tohokukanko.jp/en/attractions/detail_1005433.html,EN,EN,PRIVATED,38.3376665,141.1474964,
7npFTzEVEbrKzArqvxtrA,https://www.tohokukanko.jp/en/attractions/detail_1005435.html,EN,EN,PRIVATED,38.31943744968603,140.8798098564148,
IXk3HAbJidc0RgFEz36WX,https://www.tohokukanko.jp/en/attractions/detail_1005468.html,EN,EN,PRIVATED,38.3638334,140.668266,
OxZiEHmkOUST5-i2xmpwQ,https://www.tohokukanko.jp/en/attractions/detail_1006260.html,EN,EN,PRIVATED,37.288092001178164,140.38196558354795,
KZtDzVvJb4GZOW32B4b_A,https://www.tohokukanko.jp/en/attractions/detail_1006627.html,EN,EN,PRIVATED,37.934189935041196,139.90823212695312,
DahO3p8Vkg8RC2OCqqhKz,https://www.tohokukanko.jp/en/attractions/detail_1006735.html,EN,EN,PRIVATED,40.22076755889083,140.2565078067627,
cx8paMdJjqpdJ7ykEcc__,https://www.tohokukanko.jp/en/attractions/detail_1007026.html,EN,EN,PRIVATED,39.7225734,140.0973256,
AIVFelJaqAiX82a5MpCjB,https://www.tohokukanko.jp/en/attractions/detail_1007048.html,EN,EN,PRIVATED,39.623955084852994,140.20460190621444,
2LwQTwETkDQunLFfYGUWT,https://www.tohokukanko.jp/en/attractions/detail_1007602.html,EN,EN,PRIVATED,39.3581513,140.0112207,
f_dnvM9Z1Qbg3lyGu39Fj,https://www.tohokukanko.jp/en/attractions/detail_1007711.html,EN,EN,PRIVATED,40.2924335,140.5867585,
BxwwTjl6PJLqJT02p_qBr,https://www.tohokukanko.jp/en/attractions/detail_1008947.html,EN,EN,PRIVATED,37.3342579,139.8608847,
Crr2IFz9Pj8gjbKheAbCp,https://www.tohokukanko.jp/en/attractions/detail_1009116.html,EN,EN,PRIVATED,38.69058,140.52838,
DTBiy36QfG0lJLjB0_oWe,https://www.tohokukanko.jp/en/attractions/detail_1009352.html,EN,EN,PRIVATED,37.4979585,139.9231539,
jGMNNmuTr0qXDiFhnoBkr,https://www.tohokukanko.jp/en/attractions/detail_1009672.html,EN,EN,PRIVATED,38.4976482,139.9785135,
7OBle7edC-iZYIVD3lGNX,https://www.tohokukanko.jp/en/attractions/detail_1010142.html,EN,EN,PRIVATED,37.738072,138.8387124,
0-tOkiYd7xgr4443XLi48,https://www.tohokukanko.jp/en/attractions/detail_1011533.html,EN,EN,PRIVATED,38.1309772,140.9113944,
uQLpqvo_AbbiLQ0nBcPxJ,https://www.tohokukanko.jp/en/attractions/detail_1011617.html,EN,EN,PRIVATED,40.8222197,140.7473524,
O9FvMB7OTMb4LSv_V1VvN,https://www.tohokukanko.jp/en/attractions/detail_1138.html,EN,EN,PRIVATED,37.395622,139.93231,
1XhZlCv7dFBZspl3k9Vbe,https://www.tohokukanko.jp/en/attractions/detail_1196.html,EN,EN,PRIVATED,38.919255,139.830404,
EBBmCRJO38BzV3y9Na3xu,https://www.tohokukanko.jp/en/attractions/detail_1243.html,EN,EN,PRIVATED,40.602913,140.468555,
u2AQCVqQMAMwS96zQJDYP,https://www.tohokukanko.jp/en/attractions/detail_1398.html,EN,EN,PRIVATED,38.7262,139.826428,
ZdBANHP-ewmIFjlgXtKFr,https://www.tohokukanko.jp/en/attractions/detail_1421.html,EN,EN,PRIVATED,41.4299589,141.4632337,
WnWysbqplRvfi_i7pb9SU,https://www.tohokukanko.jp/en/attractions/detail_1510.html,EN,EN,PRIVATED,38.043538,138.240719,
1-VToU16Xq7O1VGMraR1d,https://www.tohokukanko.jp/en/attractions/detail_2008.html,EN,EN,PRIVATED,40.829637,140.741043,
1-rEiGWjbvD2cBg7Rw228,https://www.tohokukanko.jp/en/attractions/detail_1001323.html,EN,EN,PRIVATED,39.01304,141.142827,
4oZpSy6wTN9T1LqKcqN_z,https://www.tohokukanko.jp/en/attractions/detail_1001768.html,EN,EN,PRIVATED,40.90571045601143,140.86757071534424,
C4fMyo7Ro60X36lQ_Dm9e,https://www.tohokukanko.jp/en/attractions/detail_1001846.html,EN,EN,PRIVATED,40.5935967,141.4300241,
qgsjuz4izBTCFBv0rfPn7,https://www.tohokukanko.jp/en/attractions/detail_1002072.html,EN,EN,PRIVATED,38.18177439999999,140.9451431,
VyiVZB96hfG2k0mnz4Fkw,https://www.tohokukanko.jp/en/attractions/detail_1002441.html,EN,EN,PRIVATED,40.7547468,140.7715084,
msSpQuAv_A_CCCJaS1rRA,https://www.tohokukanko.jp/en/attractions/detail_1002513.html,EN,EN,PRIVATED,40.7657077,140.9175879,
1ESIjF_lsjv4arKhFBt5v,https://www.tohokukanko.jp/en/attractions/detail_1002964.html,EN,EN,PRIVATED,37.452648649176574,139.58692073822021,
U4v6kvOUTz-mXeHz2l-5Y,https://www.tohokukanko.jp/en/attractions/detail_1003220.html,EN,EN,PRIVATED,40.512461460519035,141.48860692977905,
5SgSkKDGIOYpPt8_NQ-VJ,https://www.tohokukanko.jp/en/attractions/detail_1003822.html,EN,EN,PRIVATED,39.07402134561559,139.87029496264648,
eonra6PEy3EcYvqMm1pzL,https://www.tohokukanko.jp/en/attractions/detail_1005720.html,EN,EN,PRIVATED,39.35815936910077,141.50229692459106,
WvG33kMEuahGnJfgnyrjN,https://www.tohokukanko.jp/en/attractions/detail_1006073.html,EN,EN,PRIVATED,38.880993,141.5499917,
m1TIcRvSox1kzCtat-iRx,https://www.tohokukanko.jp/en/attractions/detail_1006347.html,EN,EN,PRIVATED,38.03659967391925,140.91909885406494,
kYhOfA2q91qIbwWCluHi1,https://www.tohokukanko.jp/en/attractions/detail_1006539.html,EN,EN,PRIVATED,40.01130879999999,140.9932274,
2TX-XI5umB9_0ZFO5j8LO,https://www.tohokukanko.jp/en/attractions/detail_1007181.html,EN,EN,PRIVATED,40.0517312,140.6162767,
7I7wMhb03oNvAT0bSoqv9,https://www.tohokukanko.jp/en/attractions/detail_1007622.html,EN,EN,PRIVATED,40.578791978277806,140.29862880706787,
GUxl5V0zTJpDXBvQQdJnR,https://www.tohokukanko.jp/en/attractions/detail_1007712.html,EN,EN,PRIVATED,39.884135915647214,139.84729521383275,
sSeyjoKMZ2_QQgabEM11I,https://www.tohokukanko.jp/en/attractions/detail_1008645.html,EN,EN,PRIVATED,38.2624059,140.8766803,
iCXgd44Nw1xzciqxL8aNG,https://www.tohokukanko.jp/en/attractions/detail_1008687.html,EN,EN,PRIVATED,37.4227413,141.0327497,
U8fAC4nEQPrUNuYZzCUk4,https://www.tohokukanko.jp/en/attractions/detail_1009233.html,EN,EN,PRIVATED,38.8947267,141.5928277,
AUwR7UeXx96IkcL3FHXXz,https://www.tohokukanko.jp/en/attractions/detail_1010569.html,EN,EN,PRIVATED,38.08159390000001,138.4382556,
FWLWxYN0TUBaMz1Vdh69b,https://www.tohokukanko.jp/en/attractions/detail_1010572.html,EN,EN,PRIVATED,38.08159390000001,138.4382556,
o-u_OGdlBCDYMzFzz9NXW,https://www.tohokukanko.jp/en/attractions/detail_1010663.html,EN,EN,PRIVATED,37.9489162,139.1857893,
ATqJhNkwKXrizJCiPpj3N,https://www.tohokukanko.jp/en/attractions/detail_1011022.html,EN,EN,PRIVATED,39.63899657925175,141.9732267759491,
ogVyNOcQGyLmNtUiU5ZZN,https://www.tohokukanko.jp/en/attractions/detail_1011579.html,EN,EN,PRIVATED,37.9146617,140.1108916,
2gheHvNe8jtsIZD7sc-Cx,https://www.tohokukanko.jp/en/attractions/detail_1115.html,EN,EN,PRIVATED,41.274242,141.240945,
gF9VZpiQ31wVNNoec_QDv,https://www.tohokukanko.jp/en/attractions/detail_1280.html,EN,EN,PRIVATED,40.220038,141.832948,
10LUIn2gQnXpbhzaJlRSy,https://www.tohokukanko.jp/en/attractions/detail_1385.html,EN,EN,PRIVATED,38.362037,140.37956,
njHW1-9SNlzhlviDqL69o,https://www.tohokukanko.jp/en/attractions/detail_1393.html,EN,EN,PRIVATED,40.178709,141.829395,
R_JjGIrQ2uTNje5OqKt3D,https://www.tohokukanko.jp/en/attractions/detail_1423.html,EN,EN,PRIVATED,37.929474,139.164086,
jInWeaxAIHflzhd59a3Qz,https://www.tohokukanko.jp/en/attractions/detail_1548.html,EN,EN,PRIVATED,38.3209876,138.461544399999,
w2LA_Y-lInOUjlh-GBcQU,https://www.tohokukanko.jp/en/attractions/detail_1001277.html,EN,EN,PRIVATED,38.929049,141.137169,
l2IYQ7fPemwd9U6B2LkJN,https://www.tohokukanko.jp/en/attractions/detail_1001585.html,EN,EN,PRIVATED,38.5573928,141.1368797,
dQVN4znxaCFbp0I8UojJH,https://www.tohokukanko.jp/en/attractions/detail_1001812.html,EN,EN,PRIVATED,39.97901660512565,141.95181492593383,
PULX5I04XRm6pjs6dLvyd,https://www.tohokukanko.jp/en/attractions/detail_1002279.html,EN,EN,PRIVATED,40.5122055,141.4882743,
XXWoSjtn_WVRDgGlw0uUV,https://www.tohokukanko.jp/en/attractions/detail_1005732.html,EN,EN,PRIVATED,39.9099255155258,141.09596371650696,
kGa-PlfNCZzPDMdZh2-IT,https://www.tohokukanko.jp/en/attractions/detail_1006325.html,EN,EN,PRIVATED,38.4444634,141.4469446,
tsbQ3mFJEiJIZFz-j0pMh,https://www.tohokukanko.jp/en/attractions/detail_1007253.html,EN,EN,PRIVATED,39.2978586,140.4349993,
441QN2aTJVsnrBTREHL2i,https://www.tohokukanko.jp/en/attractions/detail_1007537.html,EN,EN,PRIVATED,39.5959401,140.558042,
S_j34r2YF6rAxhTdDCCwY,https://www.tohokukanko.jp/en/attractions/detail_1007557.html,EN,EN,PRIVATED,39.2197155,139.9009586,
Owlud1sbPxLlYiBDDBr4r,https://www.tohokukanko.jp/en/attractions/detail_1007601.html,EN,EN,PRIVATED,39.76249,140.770767,
jKYcMzx2qHifSfg2Npn-t,https://www.tohokukanko.jp/en/attractions/detail_1009014.html,EN,EN,PRIVATED,37.916221,139.041522,
sn7d2C0-L5MHqXkdFIwr8,https://www.tohokukanko.jp/en/attractions/detail_1009271.html,EN,EN,PRIVATED,0,0,
yqdU2J-E88RUvUn5WwjOv,https://www.tohokukanko.jp/en/attractions/detail_1011348.html,EN,EN,PRIVATED,38.1848688,140.9556092,
ItsOo8Eh1rKREPW8ZAvaw,https://www.tohokukanko.jp/en/attractions/detail_1011456.html,EN,EN,PRIVATED,37.9749902,139.9195171,
YklTzFI3_XQFIy9Q3Xlb9,https://www.tohokukanko.jp/en/attractions/detail_1011493.html,EN,EN,PRIVATED,38.919448,139.83331,
mYCNyX5DmXJjY83AuBo6b,https://www.tohokukanko.jp/en/attractions/detail_1220.html,EN,EN,PRIVATED,39.7876607,140.9819903,
cqDE1f-DVa5_N7GbzVXRN,https://www.tohokukanko.jp/en/attractions/detail_1242.html,EN,EN,PRIVATED,41.2588711,141.1395621,
NC8MQMj_-BxhYcUIMF-lg,https://www.tohokukanko.jp/en/attractions/detail_1501.html,EN,EN,PRIVATED,40.9174015,140.4620228,
bYUTSf-NMCUSmdat2LWb1,https://www.tohokukanko.jp/en/attractions/detail_1626.html,EN,EN,PRIVATED,41.3164539999999,140.959159099999,
ztaMsrKAY3OI3qXGLznH9,https://www.tohokukanko.jp/en/attractions/detail_1638.html,EN,EN,PRIVATED,38.733824,139.806357,
64QsEF_YwZGce48FCFJ-6,https://www.tohokukanko.jp/en/attractions/detail_1727.html,EN,EN,PRIVATED,38.914661,139.8372623,
f3q4J1CxcXic_5VKFPd1-,https://www.tohokukanko.jp/en/attractions/detail_2001.html,EN,EN,PRIVATED,40.5747,141.2646,
uZSNL7A6cLAZfZBj-XTAC,https://www.tohokukanko.jp/en/attractions/detail_1001847.html,EN,EN,PRIVATED,41.1886612,141.0594213,
icRj49xQlHuBPyXqKoCbN,https://www.tohokukanko.jp/en/attractions/detail_1001863.html,EN,EN,PRIVATED,38.718259,141.4244284,
1dXrn06xXfNJCXGwGkEMr,https://www.tohokukanko.jp/en/attractions/detail_1002051.html,EN,EN,PRIVATED,39.64017367141443,141.94699676878665,
iKTnnRM3NqiqSNBwschue,https://www.tohokukanko.jp/en/attractions/detail_1002432.html,EN,EN,PRIVATED,38.03535129999999,139.792375,
3_fgjTWQurtixkXZsDc1Y,https://www.tohokukanko.jp/en/attractions/detail_1002898.html,EN,EN,PRIVATED,37.47138403800754,139.59219932556152,
a86bVqNqjAlnVQfJdGcZU,https://www.tohokukanko.jp/en/attractions/detail_1003116.html,EN,EN,PRIVATED,38.76707798883776,140.2965301616211,
gIdDGEdr3QQK0dltjmbqc,https://www.tohokukanko.jp/en/attractions/detail_1004085.html,EN,EN,PRIVATED,39.385651638958215,141.11709495887422,
HCqR2YcndtGudAhHJlp9A,https://www.tohokukanko.jp/en/attractions/detail_1004302.html,EN,EN,PRIVATED,39.6291832,140.9141398,
RUOIR33p_hwheaq5XoUqm,https://www.tohokukanko.jp/en/attractions/detail_1005434.html,EN,EN,PRIVATED,37.93060195120993,139.90368310046387,
eW0-99UGM1qgmkYQrUxuB,https://www.tohokukanko.jp/en/attractions/detail_1005826.html,EN,EN,PRIVATED,37.532530897571085,139.72450733184814,
deFBhMXHpto8jRC5qeONQ,https://www.tohokukanko.jp/en/attractions/detail_1006773.html,EN,EN,PRIVATED,40.1868969,140.0448047,
Q7O54Dk00PXqFedatDzJW,https://www.tohokukanko.jp/en/attractions/detail_1007594.html,EN,EN,PRIVATED,39.602451,140.561759,
KJsFJWoGi8xHjIgCFdVxA,https://www.tohokukanko.jp/en/attractions/detail_1007833.html,EN,EN,PRIVATED,37.7492337,139.8672742,
zPUU2aonTnmzXZG7oA4uo,https://www.tohokukanko.jp/en/attractions/detail_1007880.html,EN,EN,PRIVATED,39.385832,141.11711,
Ig0qIDO0qXiDSQCHMWNqQ,https://www.tohokukanko.jp/en/attractions/detail_1008644.html,EN,EN,PRIVATED,38.3295634,139.6080617,
UGW-C1W17tGKMiQHwOMNS,https://www.tohokukanko.jp/en/attractions/detail_1009106.html,EN,EN,PRIVATED,38.5370564,140.1435198,
BdV8OTViN5TQ1pxbbLuZ9,https://www.tohokukanko.jp/en/attractions/detail_1009234.html,EN,EN,PRIVATED,38.9095557,141.5786391,
26kTuxYoPJP5ZjdmSRpHg,https://www.tohokukanko.jp/en/attractions/detail_1010066.html,EN,EN,PRIVATED,39.7687645,141.3400722,
iYMW7tlgwxM_NxqRFemhY,https://www.tohokukanko.jp/en/attractions/detail_1010085.html,EN,EN,PRIVATED,39.7751925,140.930248,
mBZy9vDZ767Hs5_W1VmUm,https://www.tohokukanko.jp/en/attractions/detail_1011171.html,EN,EN,PRIVATED,37.0583463074241,140.89216636074792,
xuIHVMqckPFfqj2jMrf0i,https://www.tohokukanko.jp/en/attractions/detail_1354.html,EN,EN,PRIVATED,40.181678,140.786097,
f77VZVVrlekK0z5q87Wpv,https://www.tohokukanko.jp/en/attractions/detail_1363.html,EN,EN,PRIVATED,37.652083,139.870476,
eCwpEgYIaOMHOKl4PfKyg,https://www.tohokukanko.jp/en/attractions/detail_1390.html,EN,EN,PRIVATED,40.451245,141.681554,
oBY536znEqjcMOUZgzN_6,https://www.tohokukanko.jp/en/attractions/detail_1436.html,EN,EN,PRIVATED,38.089746,140.538229,
qgQeQuFNua8q6zEbv-x8U,https://www.tohokukanko.jp/en/attractions/detail_1439.html,EN,EN,PRIVATED,37.537469,140.075743,
A34hK4p20syDJeoXrYa65,https://www.tohokukanko.jp/en/attractions/detail_1530.html,EN,EN,PRIVATED,38.37117,141.060217,
VbAnBGs-nfAohNcBX6Uis,https://www.tohokukanko.jp/en/attractions/detail_1674.html,EN,EN,PRIVATED,40.6563169,140.893675499999,
PnUvdAoA1G_JYamTcfX7M,https://www.tohokukanko.jp/en/attractions/detail_1693.html,EN,EN,PRIVATED,40.375146,140.887678,
xWf5t3ueLleIfFpGoNZUr,https://www.tohokukanko.jp/en/attractions/detail_1719.html,EN,EN,PRIVATED,37.367306,138.89295,
sOPSwMrj3bEMSkY2i6Rsp,https://www.tohokukanko.jp/en/attractions/detail_1780.html,EN,EN,PRIVATED,37.88723893,139.0556233,
7onwhGAOcfxLOlQ_4OfR0,https://www.tohokukanko.jp/en/attractions/detail_2004.html,EN,EN,PRIVATED,40.606986,141.203036,
K4RSZz8hJp0S8NK1LMM9c,https://www.tohokukanko.jp/en/attractions/detail_1001296.html,EN,EN,PRIVATED,39.426939,141.131156,
QdUjCpqjLKy0GmO3mDLyU,https://www.tohokukanko.jp/en/attractions/detail_1001300.html,EN,EN,PRIVATED,38.266809,140.8667,
7z0IJOk0RjDv-ex3Xwdt4,https://www.tohokukanko.jp/en/attractions/detail_1001308.html,EN,EN,PRIVATED,38.9893763,141.2553866,
-ePo0USc2wG_Ac0_8VmIM,https://www.tohokukanko.jp/en/attractions/detail_1001358.html,EN,EN,PRIVATED,39.6522818,141.9787621,
mqTNYKoUyygbR_kuP9o7A,https://www.tohokukanko.jp/en/attractions/detail_1001798.html,EN,EN,PRIVATED,38.92904935475772,141.13716861578627,
e8ECGRd_FNlKlMhvOEQkL,https://www.tohokukanko.jp/en/attractions/detail_1001862.html,EN,EN,PRIVATED,38.7237018,141.3355067,
rSAK-42lYPkbUe0KP4gSU,https://www.tohokukanko.jp/en/attractions/detail_1002665.html,EN,EN,PRIVATED,40.7383751,141.3603554,
lwuwfXYD1D3p3n4PIKqIr,https://www.tohokukanko.jp/en/attractions/detail_1003085.html,EN,EN,PRIVATED,38.4342578,141.3026106,
lI79CLGuFO4SoTx8M2B9t,https://www.tohokukanko.jp/en/attractions/detail_1003202.html,EN,EN,PRIVATED,38.9722566,140.959758,
s7b4bJ-6IWnKX-cSJl2GM,https://www.tohokukanko.jp/en/attractions/detail_1003271.html,EN,EN,PRIVATED,38.2868342,141.0033366,
lBtW2TN5vNs2K-1eri_fX,https://www.tohokukanko.jp/en/attractions/detail_1003373.html,EN,EN,PRIVATED,38.7047712255616,140.54429740052487,
TMnee1K8klbPBRr_3uZmC,https://www.tohokukanko.jp/en/attractions/detail_1003716.html,EN,EN,PRIVATED,39.70701140000001,141.1372382,
XsHsZRxTJ6tXcYyE3PuM-,https://www.tohokukanko.jp/en/attractions/detail_1003804.html,EN,EN,PRIVATED,38.2957514,141.5098935,
RfNIuy6r_MqZdSuH9ZSGy,https://www.tohokukanko.jp/en/attractions/detail_1004488.html,EN,EN,PRIVATED,37.30314280971559,140.18915176391602,
jkEagjnAXwj_okP4X0wQZ,https://www.tohokukanko.jp/en/attractions/detail_1004582.html,EN,EN,PRIVATED,38.7415793,140.7178483,
xwodAAsrkuiGnEKEb0lJK,https://www.tohokukanko.jp/en/attractions/detail_1005332.html,EN,EN,PRIVATED,40.27269612321682,140.56474466665648,
n2qmU_cygmKakY-7iZsvP,https://www.tohokukanko.jp/en/attractions/detail_1005486.html,EN,EN,PRIVATED,40.3211689,140.5786581,
LYJDj-3ihjg6yas8PnVf8,https://www.tohokukanko.jp/en/attractions/detail_1005518.html,EN,EN,PRIVATED,39.3872307,141.2315731,
rDTkpE4FmGlC2tY7fJvuL,https://www.tohokukanko.jp/en/attractions/detail_1005837.html,EN,EN,PRIVATED,37.56394239999999,139.8711682,
LgmkKXFn8YPBrnx_jHNzZ,https://www.tohokukanko.jp/en/attractions/detail_1006738.html,EN,EN,PRIVATED,40.218731445936555,140.01493045513917,
eeEPXgpZj_tkWngVE36Wu,https://www.tohokukanko.jp/en/attractions/detail_1006767.html,EN,EN,PRIVATED,40.20581869999999,140.2389112,
93Xm8FNTOvbIt9XzBsuFc,https://www.tohokukanko.jp/en/attractions/detail_1007035.html,EN,EN,PRIVATED,39.8142196,140.0715442,
pljkyIi6rDMhDy1Nxjd7R,https://www.tohokukanko.jp/en/attractions/detail_1007960.html,EN,EN,PRIVATED,40.1886285,140.789352,
Vi7jWzlT6Qu1oHgybjCAD,https://www.tohokukanko.jp/en/attractions/detail_1007997.html,EN,EN,PRIVATED,38.892914,140.615477,
F817M9Y_w8eYuWSxST1yt,https://www.tohokukanko.jp/en/attractions/detail_1008406.html,EN,EN,PRIVATED,38.1661737098151,140.40180315504765,
MLah-x7btKi_w_ZcMQm0p,https://www.tohokukanko.jp/en/attractions/detail_1008448.html,EN,EN,PRIVATED,40.9604366,140.4338661,
cpvgyGQP-DGcAk2CM_hpk,https://www.tohokukanko.jp/en/attractions/detail_1008662.html,EN,EN,PRIVATED,37.2029401,139.7752721,
MPo5YhvAZ9wWXQYoPFLt6,https://www.tohokukanko.jp/en/attractions/detail_1009005.html,EN,EN,PRIVATED,37.0948327,138.7293769,
RlqD3rWulOxknfScOir0S,https://www.tohokukanko.jp/en/attractions/detail_1009008.html,EN,EN,PRIVATED,38.1246749,139.4601703,
ZFRo_3llthaC7CkTGoTuK,https://www.tohokukanko.jp/en/attractions/detail_1009012.html,EN,EN,PRIVATED,37.5995703,139.4260684,
O3i1j3mieC1rrMts_uGkf,https://www.tohokukanko.jp/en/attractions/detail_1009320.html,EN,EN,PRIVATED,39.89694100253852,140.07773134921263,
Pfwx0V5isiqmVr0Izesu7,https://www.tohokukanko.jp/en/attractions/detail_1009324.html,EN,EN,PRIVATED,38.892914,140.615477,
re_ABxCmE7LWHWja8Zils,https://www.tohokukanko.jp/en/attractions/detail_1009369.html,EN,EN,PRIVATED,40.5935967,141.4300241,
tM7Mq-cGJORof57G3fljr,https://www.tohokukanko.jp/en/attractions/detail_1010153.html,EN,EN,PRIVATED,38.3583963,140.3819882,
ptNjid9-UX2mwGrYszeEo,https://www.tohokukanko.jp/en/attractions/detail_1010588.html,EN,EN,PRIVATED,37.12445400000001,140.9467115,
O_md1--UFkfMFgGqIq2Il,https://www.tohokukanko.jp/en/attractions/detail_1010672.html,EN,EN,PRIVATED,37.5091734,139.9103274,
9lgZWbs6G0WpVXM_yX0-o,https://www.tohokukanko.jp/en/attractions/detail_1010900.html,EN,EN,PRIVATED,37.5079872,139.9343897,
gyTPtmyTLN5Dd4h0qGEgn,https://www.tohokukanko.jp/en/attractions/detail_1011123.html,EN,EN,PRIVATED,40.517942,140.5686345,
IUIDExdyq_EbCRcCbeGRr,https://www.tohokukanko.jp/en/attractions/detail_1011205.html,EN,EN,PRIVATED,38.630612,141.1193048,
33G6fdyaiwr-r9J6JxCYF,https://www.tohokukanko.jp/en/attractions/detail_1011219.html,EN,EN,PRIVATED,38.3485871,141.0389247,
-uWfMzRqDUwDmHQePkiP-,https://www.tohokukanko.jp/en/attractions/detail_1003.html,EN,EN,PRIVATED,40.8278218,140.693801,
gZ6LPK2aFDS481CEgCcvX,https://www.tohokukanko.jp/en/attractions/detail_1063.html,EN,EN,PRIVATED,40.02081171359495,140.08070468902588,
r87tVgVCRi7ivN5ozmvb4,https://www.tohokukanko.jp/en/attractions/detail_1274.html,EN,EN,PRIVATED,38.585514,140.020471,
2JbFE4zdZ6JGFUzM8NELF,https://www.tohokukanko.jp/en/attractions/detail_1288.html,EN,EN,PRIVATED,37.755631,139.191226,
Q8Fp3wKz3eYadG-Czf8oc,https://www.tohokukanko.jp/en/attractions/detail_1601.html,EN,EN,PRIVATED,41.323859,141.251039,
9JFNSgWXjO7nCdsvGd6dg,https://www.tohokukanko.jp/en/attractions/detail_1755.html,EN,EN,PRIVATED,38.07863,138.415825,
QUZxZRC4I3pMKJhwBi83J,https://www.tohokukanko.jp/en/attractions/detail_1001568.html,EN,EN,PRIVATED,40.083378274997855,141.19047264986472,
aS8BXY2cmUsicZwNmadLv,https://www.tohokukanko.jp/en/attractions/detail_1001838.html,EN,EN,PRIVATED,39.9002486,140.9752638,
dijzOewtOnhOO7eZdELGh,https://www.tohokukanko.jp/en/attractions/detail_1001856.html,EN,EN,PRIVATED,37.4870893,139.9136652,
DXcRIattpsFsCyGp2vLaE,https://www.tohokukanko.jp/en/attractions/detail_1002990.html,EN,EN,PRIVATED,40.6030626,140.4640543,
54Klr_odsCSZsOiKF8rmt,https://www.tohokukanko.jp/en/attractions/detail_1003110.html,EN,EN,PRIVATED,38.762393294629796,140.30339661669922,
Rags0f5fZoII7Hejt4UcB,https://www.tohokukanko.jp/en/attractions/detail_1003171.html,EN,EN,PRIVATED,40.5091975,141.4909361,
3OIt-9kmXR8kYbfld0Z-C,https://www.tohokukanko.jp/en/attractions/detail_1003194.html,EN,EN,PRIVATED,38.1804543,140.667226,
AaXYCUjxRyXGIWATCLbvt,https://www.tohokukanko.jp/en/attractions/detail_1003366.html,EN,EN,PRIVATED,38.15986639033159,140.2743446746521,
_R67lIx4Z5e7zd6L-gF92,https://www.tohokukanko.jp/en/attractions/detail_1003430.html,EN,EN,PRIVATED,37.035422,139.5483671,
X2ZVFIqfhO8x10XQjkDL5,https://www.tohokukanko.jp/en/attractions/detail_1004049.html,EN,EN,PRIVATED,0,0,
r9IwcjHSEh39sPu7HUN2r,https://www.tohokukanko.jp/en/attractions/detail_1004598.html,EN,EN,PRIVATED,39.388015,141.0057813,
gZkndpZH--rRAuetObita,https://www.tohokukanko.jp/en/attractions/detail_1004698.html,EN,EN,PRIVATED,37.90439090140837,140.12194367905855,
Hz3ZXIMuFPusOwouugQ0R,https://www.tohokukanko.jp/en/attractions/detail_1004801.html,EN,EN,PRIVATED,38.418773,140.723035,
SXM1hCbKcNFx_I9depzwp,https://www.tohokukanko.jp/en/attractions/detail_1005607.html,EN,EN,PRIVATED,38.2851646,140.869967,
OBeyMNb0RcwJMS4i2FTi6,https://www.tohokukanko.jp/en/attractions/detail_1005672.html,EN,EN,PRIVATED,38.25723928397001,140.95553398132324,
kmw0hLgEW7ksNV8qG46pC,https://www.tohokukanko.jp/en/attractions/detail_1005707.html,EN,EN,PRIVATED,38.9056174,141.574905,
RH9AR8n43Lu_v5ZEFxyio,https://www.tohokukanko.jp/en/attractions/detail_1005956.html,EN,EN,PRIVATED,39.461578032903695,141.97487577528474,
7U-mFGZ9Z3lKJ4CWBon2O,https://www.tohokukanko.jp/en/attractions/detail_1006200.html,EN,EN,PRIVATED,37.3087487,139.4258589,
C_ZkHXOdsQ2rBlW0CRqLX,https://www.tohokukanko.jp/en/attractions/detail_1006506.html,EN,EN,PRIVATED,39.1765907,141.090169,
_vcs_VpVmGXqeXyWQYCFx,https://www.tohokukanko.jp/en/attractions/detail_1006598.html,EN,EN,PRIVATED,39.0108462,141.6921163,
qHJ9115jajxVVqO5wDIsA,https://www.tohokukanko.jp/en/attractions/detail_1006999.html,EN,EN,PRIVATED,39.2429525,141.6839056,
q6MkZAoEHUN10KaTckroR,https://www.tohokukanko.jp/en/attractions/detail_1007875.html,EN,EN,PRIVATED,40.71839551573173,141.14085939926863,
fKTKX8mKQRzVBXO2tK3Fj,https://www.tohokukanko.jp/en/attractions/detail_1008417.html,EN,EN,PRIVATED,40.6462675,140.2693258,
k5nWIH-Qsm2VkaPTIhwcR,https://www.tohokukanko.jp/en/attractions/detail_1008692.html,EN,EN,PRIVATED,37.5895798,140.4353784,
yMa-ZxemlJIGPmhh_UBJK,https://www.tohokukanko.jp/en/attractions/detail_1008906.html,EN,EN,PRIVATED,37.925082,140.9042443,
hsFvRBxuW_4_CDE4lCEEx,https://www.tohokukanko.jp/en/attractions/detail_1008991.html,EN,EN,PRIVATED,38.16904695819228,140.95114166680412,
wgxQIi4HrLn0Wl3thOcha,https://www.tohokukanko.jp/en/attractions/detail_1009009.html,EN,EN,PRIVATED,37.3597921,138.5449215,
GS9_MAu1SD0c34b6_6zQw,https://www.tohokukanko.jp/en/attractions/detail_1010157.html,EN,EN,PRIVATED,39.7381356,141.0081327,
8odrM3bzPXX0tvBJf0UyX,https://www.tohokukanko.jp/en/attractions/detail_1010160.html,EN,EN,PRIVATED,39.4061244,141.1723848,
vb2T0OEM-Ir4ZbDdzPgLb,https://www.tohokukanko.jp/en/attractions/detail_1010582.html,EN,EN,PRIVATED,37.003386,138.818849,
NvzR-_FN3ptmY1UKUA78j,https://www.tohokukanko.jp/en/attractions/detail_1010596.html,EN,EN,PRIVATED,38.92689190000001,141.1373884,
fXTetn7T40MRIAOTIQvZE,https://www.tohokukanko.jp/en/attractions/detail_1010757.html,EN,EN,PRIVATED,37.4866828,139.9308963,
I7i3GPtAnwZYXsjKBym1-,https://www.tohokukanko.jp/en/attractions/detail_1010774.html,EN,EN,PRIVATED,37.82045069999999,139.2592885,
ZpyXpuwTvTnQ5gvSv6zGT,https://www.tohokukanko.jp/en/attractions/detail_1011128.html,EN,EN,PRIVATED,0,0,
ZncBMkv3PXFu5y5UVCCvf,https://www.tohokukanko.jp/en/attractions/detail_1011272.html,EN,EN,PRIVATED,37.7962496,140.4413702,
OvUJMy8JdOIgLKtxsN2de,https://www.tohokukanko.jp/en/attractions/detail_1011288.html,EN,EN,PRIVATED,38.446000046846095,141.44730360959528,
EUY9LRlaY7A-MGf4awPgq,https://www.tohokukanko.jp/en/attractions/detail_1011444.html,EN,EN,PRIVATED,37.64412858763968,139.8679946189776,
Z10WOcBhZHZgyWh-rdvxo,https://www.tohokukanko.jp/en/attractions/detail_1011485.html,EN,EN,PRIVATED,40.5648095,139.9833046,
YsuUaUFhbff2y1TZP6hRj,https://www.tohokukanko.jp/en/attractions/detail_1011560.html,EN,EN,PRIVATED,37.4899827,139.9277486,
kbBUzUNhCOIQP6nVz4QOQ,https://www.tohokukanko.jp/en/attractions/detail_1041.html,EN,EN,PRIVATED,40.181579,140.785496,
lI8l-Dn-rr45PKbot-Te3,https://www.tohokukanko.jp/en/attractions/detail_1144.html,EN,EN,PRIVATED,39.983629,141.736217,
LVgp6QVrq1gHM8AeTsvg7,https://www.tohokukanko.jp/en/attractions/detail_1201.html,EN,EN,PRIVATED,39.599654,140.561013,
MJeDndIsj7BqRIg-iCJr3,https://www.tohokukanko.jp/en/attractions/detail_1400.html,EN,EN,PRIVATED,37.821617,140.950227,
euFmqt4q-rqxqmIOVN4EL,https://www.tohokukanko.jp/en/attractions/detail_2003.html,EN,EN,PRIVATED,40.606986,141.203036,
WIWb6DuoTC4MWG0kEo1aK,https://www.tohokukanko.jp/en/attractions/detail_1001285.html,EN,EN,PRIVATED,40.82955,140.740891,
_6xTqi6glh1EV_E-iNxd9,https://www.tohokukanko.jp/en/attractions/detail_1001303.html,EN,EN,PRIVATED,38.3693675,141.0617273,
SLwOQsZYlv9_qB_vaWlUw,https://www.tohokukanko.jp/en/attractions/detail_1001839.html,EN,EN,PRIVATED,39.9029637,140.9747953,
bhM9f4QRYPM_LBzDyMvww,https://www.tohokukanko.jp/en/attractions/detail_1002319.html,EN,EN,PRIVATED,38.423123199948556,140.82365322392576,
ExoUBJ2iHmDSfU2y6kW3d,https://www.tohokukanko.jp/en/attractions/detail_1002428.html,EN,EN,PRIVATED,38.0615496,139.7433517,
tLykE_ScSsZtEZUXjjPsT,https://www.tohokukanko.jp/en/attractions/detail_1002874.html,EN,EN,PRIVATED,37.63530759864125,140.48332669500235,
2BGK5UdyV_2kpmc9yTLe1,https://www.tohokukanko.jp/en/attractions/detail_1002931.html,EN,EN,PRIVATED,37.45490140214725,139.52347040176392,
cnHu1nwlmuYehWSYMtw2q,https://www.tohokukanko.jp/en/attractions/detail_1003386.html,EN,EN,PRIVATED,38.42912159999999,141.311145,
85YBKyL5iCsNgVwrdCnJt,https://www.tohokukanko.jp/en/attractions/detail_1003810.html,EN,EN,PRIVATED,37.04445646573419,140.23077964782715,
UV6OkNXKiZS_Bz0NVBoP3,https://www.tohokukanko.jp/en/attractions/detail_1004219.html,EN,EN,PRIVATED,39.6972764,141.1943315,
9Dw2U5-CKXBqp_eE4IBXR,https://www.tohokukanko.jp/en/attractions/detail_1004981.html,EN,EN,PRIVATED,0,0,
m-5zWboEPpwExgW7cRkFR,https://www.tohokukanko.jp/en/attractions/detail_1005268.html,EN,EN,PRIVATED,37.561490922623335,139.82163548469543,
0YBnJXlkH1Vtl62x2g1Cu,https://www.tohokukanko.jp/en/attractions/detail_1005403.html,EN,EN,PRIVATED,40.2924335,140.5867585,
VdUGR2HUIdiAJZq_DkZo5,https://www.tohokukanko.jp/en/attractions/detail_1007023.html,EN,EN,PRIVATED,39.7261207,140.1443264,
-R9iIJ8WIKmSWwkG6_NcN,https://www.tohokukanko.jp/en/attractions/detail_1007061.html,EN,EN,PRIVATED,38.9492124318862,140.57569580075173,
wn138qTNkIZqLvVM9aexM,https://www.tohokukanko.jp/en/attractions/detail_1008405.html,EN,EN,PRIVATED,38.004120404299954,140.6191635131836,
xvJ_5Ad1ZwrclsyXg_COM,https://www.tohokukanko.jp/en/attractions/detail_1008732.html,EN,EN,PRIVATED,37.722079516369,140.25520016931765,
yagVe61COnhMHFzyB_9JL,https://www.tohokukanko.jp/en/attractions/detail_1008798.html,EN,EN,PRIVATED,39.30097395303505,140.8293670756836,
00IGE030LjOTsLbEFLSsG,https://www.tohokukanko.jp/en/attractions/detail_1008833.html,EN,EN,PRIVATED,37.4581644,141.0273236,
ycoYLnlC0FWR3oIIIcvWi,https://www.tohokukanko.jp/en/attractions/detail_1009021.html,EN,EN,PRIVATED,37.86565565319469,140.66351652145386,
KdxKeyLxLBjen_6Pgr6lq,https://www.tohokukanko.jp/en/attractions/detail_1009108.html,EN,EN,PRIVATED,37.496362927928914,140.99944710731506,
uR3CUp6C2qx4QdFoQ1GV_,https://www.tohokukanko.jp/en/attractions/detail_1009350.html,EN,EN,PRIVATED,37.5021248,139.8943392,
LavH5Hcxc6MWOplX7jVeZ,https://www.tohokukanko.jp/en/attractions/detail_1009884.html,EN,EN,PRIVATED,39.7174854,140.1220586,
p1jobmyAvFeSIYVQgqclA,https://www.tohokukanko.jp/en/attractions/detail_1010086.html,EN,EN,PRIVATED,39.7751925,140.930248,
9uYrRlfLgS-sxkGzKRTNf,https://www.tohokukanko.jp/en/attractions/detail_1010367.html,EN,EN,PRIVATED,0,0,
fMyAJJ-Ht-vDbcNSe2BmE,https://www.tohokukanko.jp/en/attractions/detail_1010778.html,EN,EN,PRIVATED,37.51057249999999,139.9317717,
QwsGl3IQqAF1W8yBzAr53,https://www.tohokukanko.jp/en/attractions/detail_1010797.html,EN,EN,PRIVATED,37.9562407,139.3244069,
1274RDyd188idXUhnAv_M,https://www.tohokukanko.jp/en/attractions/detail_1011120.html,EN,EN,PRIVATED,40.583031,140.4556483,
9cqcPykwxt3173HynRwPm,https://www.tohokukanko.jp/en/attractions/detail_1011174.html,EN,EN,PRIVATED,40.9033581,140.4545121,
0JKGvQRDNX8geZFRdLnfC,https://www.tohokukanko.jp/en/attractions/detail_1011267.html,EN,EN,PRIVATED,37.4907058,140.1565464,
uvOcsfx42SERj3cSAH1mm,https://www.tohokukanko.jp/en/attractions/detail_1011278.html,EN,EN,PRIVATED,38.3727031,141.0656303,
14_pSEzI2bj-PokP39RNi,https://www.tohokukanko.jp/en/attractions/detail_1011293.html,EN,EN,PRIVATED,38.4144623,140.3147876,
1BLKUvHtiPe7zHXyv2QBN,https://www.tohokukanko.jp/en/attractions/detail_1011558.html,EN,EN,PRIVATED,38.1185251,140.7224796,
EieCWihSzNuXqKw1lHprZ,https://www.tohokukanko.jp/en/attractions/detail_1161.html,EN,EN,PRIVATED,41.2925438,141.214159699999,
nzn4RT6-bLiQ6kBfa3Qi6,https://www.tohokukanko.jp/en/attractions/detail_1382.html,EN,EN,PRIVATED,37.808713,138.244757,
1uNAT6sjZVRwvh0su6o4C,https://www.tohokukanko.jp/en/attractions/detail_1570.html,EN,EN,PRIVATED,39.159406,140.019924,
K8OtrbvxStaLA2Au8KuyQ,https://www.tohokukanko.jp/en/attractions/detail_2034.html,EN,EN,PRIVATED,37.094824,138.72938,
fsx0iIBnJ5wWQKw0lqvtJ,https://www.tohokukanko.jp/en/attractions/detail_10002.html,EN,EN,PRIVATED,38.019042,138.368358,
BnQBIpf3ZprXvcGLL85ql,https://www.tohokukanko.jp/en/attractions/detail_1001330.html,EN,EN,PRIVATED,38.926888749639616,141.13738571578642,
WF-veiUZF6IaHYg1QvSY4,https://www.tohokukanko.jp/en/attractions/detail_1002511.html,EN,EN,PRIVATED,37.59723890935121,140.43160364470518,
hT0AJ2YYw8WwlZqWqNAB1,https://www.tohokukanko.jp/en/attractions/detail_1002703.html,EN,EN,PRIVATED,38.4229281,140.8201649,
_o7Tz8J_pQ_EhBWlRywWt,https://www.tohokukanko.jp/en/attractions/detail_1003246.html,EN,EN,PRIVATED,37.17101225304158,140.08040660603402,
4DL9WA5NHrcg0jsz8zhAa,https://www.tohokukanko.jp/en/attractions/detail_1003264.html,EN,EN,PRIVATED,38.7271972,139.8267422,
B2NqyPDWtEMP5BqX8znSG,https://www.tohokukanko.jp/en/attractions/detail_1003266.html,EN,EN,PRIVATED,38.7274738,139.8448878,
Uk9yTG7LOC4BjdV-zo5fN,https://www.tohokukanko.jp/en/attractions/detail_1003880.html,EN,EN,PRIVATED,39.7018952282129,141.1368088306885,
9ahAClJL_O515QF0-EC6Q,https://www.tohokukanko.jp/en/attractions/detail_1004047.html,EN,EN,PRIVATED,39.9568902,140.1260972,
yRA6N7exVSCRpX6HFBuQz,https://www.tohokukanko.jp/en/attractions/detail_1004400.html,EN,EN,PRIVATED,38.7265397,140.6686337,
0KtkmVE3758E9ocrp-wEj,https://www.tohokukanko.jp/en/attractions/detail_1004686.html,EN,EN,PRIVATED,37.572959902423584,139.58935750147722,
W4J8Lvoabf65iUxvYXntw,https://www.tohokukanko.jp/en/attractions/detail_1004754.html,EN,EN,PRIVATED,39.1450131,141.1401854,
f0svRDreHMuYrGSEwZ0_n,https://www.tohokukanko.jp/en/attractions/detail_1005694.html,EN,EN,PRIVATED,37.9995361,140.7179129,
gD3tuAp_vkZ8RXQla0xuq,https://www.tohokukanko.jp/en/attractions/detail_1005781.html,EN,EN,PRIVATED,37.193245240326945,140.51148891448975,
qNDXTnvzkNZiLF7imP7Us,https://www.tohokukanko.jp/en/attractions/detail_1005840.html,EN,EN,PRIVATED,37.850376,140.5394029,
7rMunTdBVGlOJr1drLkRV,https://www.tohokukanko.jp/en/attractions/detail_1006287.html,EN,EN,PRIVATED,38.824084724697904,141.2200926817588,
bpHp_RTHGJ5YAR4Jsy_DE,https://www.tohokukanko.jp/en/attractions/detail_1006311.html,EN,EN,PRIVATED,38.93473467346397,141.15980643004153,
TfBkMkVPi8fiK2ggmYmxH,https://www.tohokukanko.jp/en/attractions/detail_1006635.html,EN,EN,PRIVATED,39.7173916,140.1244772,
1ZsI0xZP6hfdBm9WYRz_v,https://www.tohokukanko.jp/en/attractions/detail_1006749.html,EN,EN,PRIVATED,40.2189934,140.0127724,
SRyKpqzkVUSU22ncKcy4L,https://www.tohokukanko.jp/en/attractions/detail_1007034.html,EN,EN,PRIVATED,39.75725488464495,140.07103165871402,
otjY8J7Q0fY5X5AdMtfjx,https://www.tohokukanko.jp/en/attractions/detail_1007540.html,EN,EN,PRIVATED,39.515543199100755,140.2178740128387,
reBd4QoW9Kng59JSz8xvy,https://www.tohokukanko.jp/en/attractions/detail_1007607.html,EN,EN,PRIVATED,39.2626711,140.2408541,
oIXA-YOiHoS_HBimBSXzt,https://www.tohokukanko.jp/en/attractions/detail_1007627.html,EN,EN,PRIVATED,39.4566612,140.5099118,
k0JlCktBkc1EMymaUHety,https://www.tohokukanko.jp/en/attractions/detail_1008006.html,EN,EN,PRIVATED,39.757292382528725,140.07103449465765,
UlZmWAm8HEJfMlnwoisuR,https://www.tohokukanko.jp/en/attractions/detail_1008559.html,EN,EN,PRIVATED,39.30130604381651,140.88515702319336,
-REoPGwwW6VsI6ZWzEM1Q,https://www.tohokukanko.jp/en/attractions/detail_1008616.html,EN,EN,PRIVATED,38.520383,141.468271,
NAoFtZ8xAmsDhBDKHO3Mr,https://www.tohokukanko.jp/en/attractions/detail_1008647.html,EN,EN,PRIVATED,37.8839607,139.3059398,
4gh5SMfFM460zy-FvgEZF,https://www.tohokukanko.jp/en/attractions/detail_1009013.html,EN,EN,PRIVATED,37.916221,139.041522,
GBzxi_4JmzG5H0HmSHwuU,https://www.tohokukanko.jp/en/attractions/detail_1009184.html,EN,EN,PRIVATED,0,0,
sqG0sx5K8V9tG52R10x2y,https://www.tohokukanko.jp/en/attractions/detail_1009204.html,EN,EN,PRIVATED,37.591518,140.4314453,
QVD4PqhSMmjJD4KxP9m03,https://www.tohokukanko.jp/en/attractions/detail_1009645.html,EN,EN,PRIVATED,37.925761280457614,140.11821690631103,
7TGNJqu6kJKiJHGIAReyt,https://www.tohokukanko.jp/en/attractions/detail_1010578.html,EN,EN,PRIVATED,37.0883454,138.3510143,
g2DZDi-AFRfIaCXgneN8J,https://www.tohokukanko.jp/en/attractions/detail_1010772.html,EN,EN,PRIVATED,37.4961035,139.930906,
YO3DEH-dx0horPuQzGiLJ,https://www.tohokukanko.jp/en/attractions/detail_1010915.html,EN,EN,PRIVATED,40.614093,141.1299607,
1ZruE2sHV7C0RMYbfOZYU,https://www.tohokukanko.jp/en/attractions/detail_1011266.html,EN,EN,PRIVATED,37.8759696,140.9322371,
3sYSs4F1iuu26zGR3DB8y,https://www.tohokukanko.jp/en/attractions/detail_1011419.html,EN,EN,PRIVATED,38.3647809,141.06056,
uzSO__eCGZHvL5O759F8t,https://www.tohokukanko.jp/en/attractions/detail_1011441.html,EN,EN,PRIVATED,38.2846458,141.0438321,
ln3Evay6mosKFXAuMTrcG,https://www.tohokukanko.jp/en/attractions/detail_1011494.html,EN,EN,PRIVATED,38.8999868,141.5794262,
aEUV3oGZEg9IhVxfn1tPc,https://www.tohokukanko.jp/en/attractions/detail_1011503.html,EN,EN,PRIVATED,37.3597995,139.8905718,
CYaCWd8qaH_o6jGQywP0h,https://www.tohokukanko.jp/en/attractions/detail_1011556.html,EN,EN,PRIVATED,41.7686961,140.7290599,
U4_5AGaHXsOb3rT4e57-F,https://www.tohokukanko.jp/en/attractions/detail_1011580.html,EN,EN,PRIVATED,39.1599052,140.4902333,
02Nnvcw7BvmiWzMKSopWu,https://www.tohokukanko.jp/en/attractions/detail_1011604.html,EN,EN,PRIVATED,37.5178386,138.9269794,
-Kqo8eP6ux1NEE4-7Y7gp,https://www.tohokukanko.jp/en/attractions/detail_1182.html,EN,EN,PRIVATED,38.626022,140.965399,
8sw-SOzoqQLolMDhg838a,https://www.tohokukanko.jp/en/attractions/detail_1270.html,EN,EN,PRIVATED,37.355547,138.515646,
PfrpB20SFxh6y7FHi9bji,https://www.tohokukanko.jp/en/attractions/detail_1279.html,EN,EN,PRIVATED,39.69384,141.157395,
MLq46qtvAIQk34jYGpI5d,https://www.tohokukanko.jp/en/attractions/detail_1349.html,EN,EN,PRIVATED,40.259218,141.820404,
Dk5dktQClbxDMBCRiwZiF,https://www.tohokukanko.jp/en/attractions/detail_1420.html,EN,EN,PRIVATED,39.648924,141.979637,
lsoMpxZaEMJHk2Iq4ml_V,https://www.tohokukanko.jp/en/attractions/detail_1617.html,EN,EN,PRIVATED,39.965884,140.629013,
Qid-r-J-1W9MZUypVdML0,https://www.tohokukanko.jp/en/attractions/detail_1624.html,EN,EN,PRIVATED,37.709257,139.075145,
2zLonKTyd8SeyUMZD6sou,https://www.tohokukanko.jp/en/attractions/detail_1764.html,EN,EN,PRIVATED,38.028047,140.845549,
NgYswC1TMJo9RUGa_v8H1,https://www.tohokukanko.jp/en/attractions/detail_2018.html,EN,EN,PRIVATED,40.209,140.025399,
fY8tU4Nor24S_f-Sg_GAP,https://www.tohokukanko.jp/en/attractions/detail_1001250.html,EN,EN,PRIVATED,39.427,141.131134,
JSbLTvfkTi2xd_MrHjWR7,https://www.tohokukanko.jp/en/attractions/detail_1001260.html,EN,EN,PRIVATED,40.42675,140.893378,
ilnHCoZUg8eHlm3ms5hqf,https://www.tohokukanko.jp/en/attractions/detail_1001837.html,EN,EN,PRIVATED,39.9262597,140.9912034,
s7OLHw3-4aZqxUBtGEln_,https://www.tohokukanko.jp/en/attractions/detail_1002191.html,EN,EN,PRIVATED,37.8712089,140.5759468,
C-MomnNxODCHyL-l8LJ-W,https://www.tohokukanko.jp/en/attractions/detail_1002592.html,EN,EN,PRIVATED,40.8257181,140.7405285,
bmUAgzsnPc9e4frcc5bXq,https://www.tohokukanko.jp/en/attractions/detail_1002719.html,EN,EN,PRIVATED,39.82801600000001,141.3635051,
jlCb4jO-8gkAOzvVXZbhA,https://www.tohokukanko.jp/en/attractions/detail_1002896.html,EN,EN,PRIVATED,38.4251782,140.8100454,
9LsfKIqxYoninV0mgmRTX,https://www.tohokukanko.jp/en/attractions/detail_1003137.html,EN,EN,PRIVATED,38.2877608,141.0034188,
QE4Amjh2wSTt33UbLKVBQ,https://www.tohokukanko.jp/en/attractions/detail_1003203.html,EN,EN,PRIVATED,38.642435,139.8566623,
AcLXyq1wlMihk7xMWg73R,https://www.tohokukanko.jp/en/attractions/detail_1003426.html,EN,EN,PRIVATED,37.11049447214841,139.61583495140076,
_u9sKgxaRNQPsoQ83mhLZ,https://www.tohokukanko.jp/en/attractions/detail_1003435.html,EN,EN,PRIVATED,38.6903951,140.5283563,
MRdA016daImL8JjS6ADHG,https://www.tohokukanko.jp/en/attractions/detail_1003598.html,EN,EN,PRIVATED,38.7102766,140.5548799,
eFM6Jwe35oWoXFOWPwFc1,https://www.tohokukanko.jp/en/attractions/detail_1003718.html,EN,EN,PRIVATED,37.3998671,140.3882699,
QM8heN1JZoe8Qdne0Hx10,https://www.tohokukanko.jp/en/attractions/detail_1003877.html,EN,EN,PRIVATED,38.7602714,140.4315725,
dO3NA18YKEYzuRy4ZkLG-,https://www.tohokukanko.jp/en/attractions/detail_1003886.html,EN,EN,PRIVATED,38.43050504802153,141.30976259708405,
yAMtfX585JLc0PrEURmZN,https://www.tohokukanko.jp/en/attractions/detail_1003973.html,EN,EN,PRIVATED,39.69289759999999,141.1245625,
a7hadBq-kMwmc9NVJXyBe,https://www.tohokukanko.jp/en/attractions/detail_1004446.html,EN,EN,PRIVATED,39.7063716,141.1529949,
tq-DRV9r43S0TYzWIlExg,https://www.tohokukanko.jp/en/attractions/detail_1004556.html,EN,EN,PRIVATED,38.44744379999999,140.8304621,
8gMGv3d4P-dbyVeBs0T3F,https://www.tohokukanko.jp/en/attractions/detail_1004630.html,EN,EN,PRIVATED,37.908712,140.511498,
rNdK4_e285cd6xwKvAHUf,https://www.tohokukanko.jp/en/attractions/detail_1005135.html,EN,EN,PRIVATED,36.9951946335042,140.39201680255127,
BFkg2FhWGu3V_pXRUivls,https://www.tohokukanko.jp/en/attractions/detail_1005378.html,EN,EN,PRIVATED,40.2924335,140.5867585,
_Ke-KFHZmWTT8JDy-dSJV,https://www.tohokukanko.jp/en/attractions/detail_1005743.html,EN,EN,PRIVATED,38.161129258570625,140.39468993674015,
VQ7KEvTBDDo2gmJZsFfsK,https://www.tohokukanko.jp/en/attractions/detail_1006043.html,EN,EN,PRIVATED,38.9057844,141.5747223,
23eUzMKZZnCq2yCmmGEz3,https://www.tohokukanko.jp/en/attractions/detail_1006183.html,EN,EN,PRIVATED,0,0,
aRIa3zAn1iwwE9Q6zx-no,https://www.tohokukanko.jp/en/attractions/detail_1006384.html,EN,EN,PRIVATED,37.4410239,140.4925727,
pHDIQZqKq-YHMt1ycZNc0,https://www.tohokukanko.jp/en/attractions/detail_1006523.html,EN,EN,PRIVATED,38.1266811,140.5287472,
uWg7DaVQiWnb0SlC1y7sl,https://www.tohokukanko.jp/en/attractions/detail_1006681.html,EN,EN,PRIVATED,37.4878198,139.9296657,
YXQ3yk7wNP-6LVOOmAC-5,https://www.tohokukanko.jp/en/attractions/detail_1007060.html,EN,EN,PRIVATED,38.95550432333387,140.53873479366302,
4UCOG1Dcy8g__X3x-A9-J,https://www.tohokukanko.jp/en/attractions/detail_1007425.html,EN,EN,PRIVATED,38.33311,140.2830291,
0-TeYObRSHm6aBHdyUH2F,https://www.tohokukanko.jp/en/attractions/detail_1007477.html,EN,EN,PRIVATED,39.720701,140.695793,
QraGZ_XMFWFGj1XPchRRg,https://www.tohokukanko.jp/en/attractions/detail_1007756.html,EN,EN,PRIVATED,39.6771473,140.0855311,
YQ8kYhqKFLrw7T7cD8hDz,https://www.tohokukanko.jp/en/attractions/detail_1007825.html,EN,EN,PRIVATED,40.8076933,140.4461156,
yGPnWdeqtl93GOyrQ_5M2,https://www.tohokukanko.jp/en/attractions/detail_1008502.html,EN,EN,PRIVATED,37.7695438,140.4786329,
XqcKR-ocbj8lnjTogahiD,https://www.tohokukanko.jp/en/attractions/detail_1009202.html,EN,EN,PRIVATED,37.600645,140.425024,
TibtJ1iwjOsaeoL95JIx6,https://www.tohokukanko.jp/en/attractions/detail_1009372.html,EN,EN,PRIVATED,37.3427966,140.4393891,
iHfC49C2CpYxCmtXTSIF7,https://www.tohokukanko.jp/en/attractions/detail_1009618.html,EN,EN,PRIVATED,38.690511,139.98388,
160p4v8WKs-ABe6qlnfhK,https://www.tohokukanko.jp/en/attractions/detail_1009634.html,EN,EN,PRIVATED,38.3537716,140.092102,
Tl6EZ3TQGOfi5Wl7YFqe0,https://www.tohokukanko.jp/en/attractions/detail_1009937.html,EN,EN,PRIVATED,40.50831708151073,141.60978324483895,
mbSbBYS-cUeGgLt6FUbqC,https://www.tohokukanko.jp/en/attractions/detail_1010084.html,EN,EN,PRIVATED,39.7751925,140.930248,
Cli1ZS4hEnscTog3NqE9K,https://www.tohokukanko.jp/en/attractions/detail_1010205.html,EN,EN,PRIVATED,36.971341096390425,140.36062002182007,
B3AqLCnPvxn2ZK2-JZOlJ,https://www.tohokukanko.jp/en/attractions/detail_1010256.html,EN,EN,PRIVATED,0,0,
CqhcX8ODs1BM7uthOI5CV,https://www.tohokukanko.jp/en/attractions/detail_1010575.html,EN,EN,PRIVATED,38.08159390000001,138.4382556,
yvGX00YTWmrquQ-uW_cAm,https://www.tohokukanko.jp/en/attractions/detail_1010656.html,EN,EN,PRIVATED,37.5159504,139.8957717,
-p3E_xdzn2bQ17btTJ7_2,https://www.tohokukanko.jp/en/attractions/detail_1010709.html,EN,EN,PRIVATED,37.4983847,139.9300149,
gNB_A_Q3ih7debDx0HL5v,https://www.tohokukanko.jp/en/attractions/detail_1010767.html,EN,EN,PRIVATED,37.4911802,139.9435537,
vXcJBo1N6lyLBqGgWBQmT,https://www.tohokukanko.jp/en/attractions/detail_1010855.html,EN,EN,PRIVATED,37.4997882,139.928221,
YZdngPuxsxKwvlfWwEp4b,https://www.tohokukanko.jp/en/attractions/detail_1011252.html,EN,EN,PRIVATED,37.7841766,139.2396877,
jQrC3m6qDqwIp75pbggUK,https://www.tohokukanko.jp/en/attractions/detail_1011307.html,EN,EN,PRIVATED,38.0953284,139.9817809,
9p5M8I9to5dx-mBD7eH5I,https://www.tohokukanko.jp/en/attractions/detail_1011532.html,EN,EN,PRIVATED,39.9789529,141.9518161,
yEeHZAVK81C1-th1eVsPv,https://www.tohokukanko.jp/en/attractions/detail_1151.html,EN,EN,PRIVATED,37.39056,140.670505,
iPSdqFlckm7mVLiI99ZIz,https://www.tohokukanko.jp/en/attractions/detail_1292.html,EN,EN,PRIVATED,39.203333,141.7275,
xuSfHfvirxSXQWFcyWZjA,https://www.tohokukanko.jp/en/attractions/detail_1325.html,EN,EN,PRIVATED,37.44306,140.489246,
63m6kNnxDPfw2Z8QUd2YN,https://www.tohokukanko.jp/en/attractions/detail_1426.html,EN,EN,PRIVATED,38.757511,140.316402,
d7qaR8JuWLt7akeh6ro9u,https://www.tohokukanko.jp/en/attractions/detail_1496.html,EN,EN,PRIVATED,39.795509,140.853662,
Yag_Ie-pGwsylAnO9dlo0,https://www.tohokukanko.jp/en/attractions/detail_1514.html,EN,EN,PRIVATED,39.204767,140.547902,
IpkeEt13ICh6UoM4FDk1z,https://www.tohokukanko.jp/en/attractions/detail_1602.html,EN,EN,PRIVATED,38.750202,141.466864,
HTQUpH6KVbEu1IWc15Yhj,https://www.tohokukanko.jp/en/attractions/detail_1734.html,EN,EN,PRIVATED,40.4656259,141.173463699999,
OHQ5djhD6NDkebK7DwuHZ,https://www.tohokukanko.jp/en/attractions/detail_2005.html,EN,EN,PRIVATED,40.606986,141.203036,
tKNTQRZFQ__KH4P7Af7qp,https://www.tohokukanko.jp/en/attractions/detail_10007.html,EN,EN,PRIVATED,38.477823,140.388677,
c8Yr-rab5vzA-z6NIpSZz,https://www.tohokukanko.jp/en/attractions/detail_100156.html,EN,EN,PRIVATED,40.8090074,140.6972812,
8hj0U1xsIZu3-LaNww7kK,https://www.tohokukanko.jp/en/attractions/detail_1001405.html,EN,EN,PRIVATED,38.0142125,140.3206791,
tKxh8HfdCzBtiJAJ1g3d3,https://www.tohokukanko.jp/en/attractions/detail_1001558.html,EN,EN,PRIVATED,40.19825142268302,141.31063149499818,
8F71vVwXM8izPfurMB41F,https://www.tohokukanko.jp/en/attractions/detail_1001849.html,EN,EN,PRIVATED,38.316516,141.0192369,
LjgXowK0VCJUIAoXwPSvB,https://www.tohokukanko.jp/en/attractions/detail_1001965.html,EN,EN,PRIVATED,0,0,
UaXc36Gp8zAtXMh-Fez0b,https://www.tohokukanko.jp/en/attractions/detail_1002103.html,EN,EN,PRIVATED,37.558186756506366,139.84050750732422,
NcRwYf_2DLW6h5jDhoCsQ,https://www.tohokukanko.jp/en/attractions/detail_1002411.html,EN,EN,PRIVATED,40.8912935,140.8662219,
FDs8enQtZVm2b9xRpKyeZ,https://www.tohokukanko.jp/en/attractions/detail_1003078.html,EN,EN,PRIVATED,38.7280867,139.8210695,
NExoWCvlxJn6yfaEIXHGj,https://www.tohokukanko.jp/en/attractions/detail_1003255.html,EN,EN,PRIVATED,38.097118645930834,140.31142676256562,
J9nXZRrLjMQW1aPLENWbf,https://www.tohokukanko.jp/en/attractions/detail_1003276.html,EN,EN,PRIVATED,37.17690236602838,140.01877784729004,
49DxKcGpV1BHTquDIm-Ox,https://www.tohokukanko.jp/en/attractions/detail_1003281.html,EN,EN,PRIVATED,38.3037687,140.9912323,
-sZUriyeTOrvbpBzl6Ylr,https://www.tohokukanko.jp/en/attractions/detail_1003338.html,EN,EN,PRIVATED,38.3394009643971,141.03230953216553,
M4o5vJMtUpiejpNYoUiOV,https://www.tohokukanko.jp/en/attractions/detail_1003396.html,EN,EN,PRIVATED,37.22190510670183,139.54275012016296,
JRg5GPj3jXa21abQsgZat,https://www.tohokukanko.jp/en/attractions/detail_1003483.html,EN,EN,PRIVATED,40.8751407,141.0707214,
8gKAErCLihnjXfRLeUh_x,https://www.tohokukanko.jp/en/attractions/detail_1003786.html,EN,EN,PRIVATED,39.6911537,141.1575332,
51fLFq9Sq_YjdK5uPTXV9,https://www.tohokukanko.jp/en/attractions/detail_1003814.html,EN,EN,PRIVATED,38.29409501633667,141.56548755167378,
Dvn0OlvixioT4IkMvx_EW,https://www.tohokukanko.jp/en/attractions/detail_1004221.html,EN,EN,PRIVATED,39.1734956,141.0266978,
YHQ05nklE0rNXxStZajOX,https://www.tohokukanko.jp/en/attractions/detail_1004672.html,EN,EN,PRIVATED,39.1764202,141.1354373,
ma2P4GmJwNJPaBQ5LlIQp,https://www.tohokukanko.jp/en/attractions/detail_1004798.html,EN,EN,PRIVATED,38.16911413556086,140.0881290435791,
olYThgTYGIhaSTQCj71pA,https://www.tohokukanko.jp/en/attractions/detail_1004956.html,EN,EN,PRIVATED,38.26817371818176,140.65019130706787,
1cd9zQ7M6e3CLmBsipPuc,https://www.tohokukanko.jp/en/attractions/detail_1004970.html,EN,EN,PRIVATED,37.3903564,140.3503779,
emwHMCfOYk9TWrnjSsGAD,https://www.tohokukanko.jp/en/attractions/detail_1004974.html,EN,EN,PRIVATED,37.4827614,139.6644892,
x4ICLAlVFLqYOrJ5Co3FQ,https://www.tohokukanko.jp/en/attractions/detail_1004992.html,EN,EN,PRIVATED,38.31437,141.0220607,
eFNf9YJwbHZZI_P2QSP30,https://www.tohokukanko.jp/en/attractions/detail_1005242.html,EN,EN,PRIVATED,37.0303257,140.3772213,
imFLMi4tpdF6Vplkca6gb,https://www.tohokukanko.jp/en/attractions/detail_1005278.html,EN,EN,PRIVATED,39.3629984,141.1311342,
d2C8qCnrA8ESvCb2Jm1xG,https://www.tohokukanko.jp/en/attractions/detail_1005335.html,EN,EN,PRIVATED,37.3592795,140.4682063,
L4-mlTGY7-7fUYww5ec-U,https://www.tohokukanko.jp/en/attractions/detail_1005405.html,EN,EN,PRIVATED,38.264972744497804,140.64939737319946,
sZz3MKttKIremsmYzQOvi,https://www.tohokukanko.jp/en/attractions/detail_1005509.html,EN,EN,PRIVATED,38.06418675345125,139.9980110270996,
-OyLC9nN8x77xE4GmG1Hf,https://www.tohokukanko.jp/en/attractions/detail_1005821.html,EN,EN,PRIVATED,37.5279859,139.7224492,
SFhspd4YX20BA110qIJhG,https://www.tohokukanko.jp/en/attractions/detail_1005914.html,EN,EN,PRIVATED,39.332110784213484,141.5304896235466,
UGqJAonXtCzyo91aTO3hk,https://www.tohokukanko.jp/en/attractions/detail_1006471.html,EN,EN,PRIVATED,38.4291875,140.888343,
WrXkaWb9iVyjDKIbs6lSh,https://www.tohokukanko.jp/en/attractions/detail_1006544.html,EN,EN,PRIVATED,38.081068106724146,140.67482471466064,
AOWZj0GYB33hJdPcwatKc,https://www.tohokukanko.jp/en/attractions/detail_1006924.html,EN,EN,PRIVATED,39.72185641559594,140.12303768175806,
sMv60XyK9_B4hfGTuxLnW,https://www.tohokukanko.jp/en/attractions/detail_1006996.html,EN,EN,PRIVATED,39.913929,140.5365139,
n7jSXSsOItgjSMooee1qv,https://www.tohokukanko.jp/en/attractions/detail_1007039.html,EN,EN,PRIVATED,39.79461415132646,140.21865646995028,
F70_ntxdZxTtygVNlFhFv,https://www.tohokukanko.jp/en/attractions/detail_1007066.html,EN,EN,PRIVATED,37.5965684,139.8820911,
R-ClBYSFo8ua4fQ3Z-PT9,https://www.tohokukanko.jp/en/attractions/detail_1007111.html,EN,EN,PRIVATED,37.59733960000001,139.8895429,
4zwTjNeJ3Y4StuiwtOjv2,https://www.tohokukanko.jp/en/attractions/detail_1007275.html,EN,EN,PRIVATED,39.2779956,140.6205231,
SabAjes47J06C9L2aoIMH,https://www.tohokukanko.jp/en/attractions/detail_1007445.html,EN,EN,PRIVATED,39.715062,140.626202,
pemO6Zl6xYLeGlb5QWZLp,https://www.tohokukanko.jp/en/attractions/detail_1007605.html,EN,EN,PRIVATED,39.5001183,140.0843763,
mQUQxrnHIx4InURdEnzxr,https://www.tohokukanko.jp/en/attractions/detail_1007650.html,EN,EN,PRIVATED,40.0315872,140.2689444,
QtyFQ6GMYllMj7ygLqdw0,https://www.tohokukanko.jp/en/attractions/detail_1007683.html,EN,EN,PRIVATED,38.892914,140.615477,
6f--xwUb1qXqfyy8HxVL2,https://www.tohokukanko.jp/en/attractions/detail_1007707.html,EN,EN,PRIVATED,39.97345989804706,139.74243336314478,
UzrYKQCVKjV-6NXQg3I6S,https://www.tohokukanko.jp/en/attractions/detail_1007879.html,EN,EN,PRIVATED,39.3935123,141.1110304,
uClqqyr3ls0mpGdbarMAg,https://www.tohokukanko.jp/en/attractions/detail_1007921.html,EN,EN,PRIVATED,39.963846,140.086154,
bEBNOlna7pjH1CxKtrh_V,https://www.tohokukanko.jp/en/attractions/detail_1007995.html,EN,EN,PRIVATED,38.892914,140.615477,
a26u-juyjtn8s_LOAcOAJ,https://www.tohokukanko.jp/en/attractions/detail_1008649.html,EN,EN,PRIVATED,38.1192056,139.4055811,
yuSb7VgOBiY1Znj3ElwYQ,https://www.tohokukanko.jp/en/attractions/detail_1008650.html,EN,EN,PRIVATED,38.3771326,139.4590567,
QRNNxnzECfyAp045nyn6B,https://www.tohokukanko.jp/en/attractions/detail_1008710.html,EN,EN,PRIVATED,37.7098923,140.3588705,
Ic1376YXZ1SyHmG9lmRRM,https://www.tohokukanko.jp/en/attractions/detail_1008812.html,EN,EN,PRIVATED,37.75682,140.458127,
nB0lu_0-DQDpgeCmcjVps,https://www.tohokukanko.jp/en/attractions/detail_1009136.html,EN,EN,PRIVATED,37.5563876,139.6228502,
7nAGZeYe-KWyeeACYWXuk,https://www.tohokukanko.jp/en/attractions/detail_1009195.html,EN,EN,PRIVATED,40.6301148,140.2679628,
N9qwKaI8meOsYkm0iimZZ,https://www.tohokukanko.jp/en/attractions/detail_1009220.html,EN,EN,PRIVATED,0,0,
udFQKxrHksJ34JMBSAKeQ,https://www.tohokukanko.jp/en/attractions/detail_1009226.html,EN,EN,PRIVATED,38.039584858504746,140.91520849299621,
24IZQ0_ygh9QfekyJ-CYX,https://www.tohokukanko.jp/en/attractions/detail_1010150.html,EN,EN,PRIVATED,38.3500332,140.3727298,
ZRv_2_1Vle9BSi8Y8BVAk,https://www.tohokukanko.jp/en/attractions/detail_1010296.html,EN,EN,PRIVATED,39.592214,140.5707346,
uoBlV_Reg1vP2pxUHFlU9,https://www.tohokukanko.jp/en/attractions/detail_1010505.html,EN,EN,PRIVATED,38.024397488811445,140.89662996801988,
BXVCSeCbv-SVsyob8D3Tk,https://www.tohokukanko.jp/en/attractions/detail_1010691.html,EN,EN,PRIVATED,37.8813618,139.308715,
PoAiAZcSBY963REEhakJs,https://www.tohokukanko.jp/en/attractions/detail_1010771.html,EN,EN,PRIVATED,37.4659327,139.9801323,
a3KKx6XzTvv2jz8wyjrOc,https://www.tohokukanko.jp/en/attractions/detail_1010913.html,EN,EN,PRIVATED,40.597388,140.9781928,
LkbI7foYIx1hujT17uSla,https://www.tohokukanko.jp/en/attractions/detail_1011208.html,EN,EN,PRIVATED,38.7136983,141.1241948,
2ORK0hR3u6kZn8Ie4X-gk,https://www.tohokukanko.jp/en/attractions/detail_1011351.html,EN,EN,PRIVATED,38.3702341,141.0493984,
cOVwRUz5zo3lp_MqJ9TVy,https://www.tohokukanko.jp/en/attractions/detail_1011417.html,EN,EN,PRIVATED,38.256847,140.8745446,
CV4RoFOyn-c2PivM3iPuT,https://www.tohokukanko.jp/en/attractions/detail_1011581.html,EN,EN,PRIVATED,39.1599052,140.4902333,
Ps_Q0eMzdfEUk-B-Ri_tj,https://www.tohokukanko.jp/en/attractions/detail_1011614.html,EN,EN,PRIVATED,38.1074728,140.0405256,
QLaMnwS0tAOGVMdGNSt-e,https://www.tohokukanko.jp/en/attractions/detail_1158.html,EN,EN,PRIVATED,39.584194,140.615486,
_lRydMfFKiEMu-0BdiE5B,https://www.tohokukanko.jp/en/attractions/detail_1283.html,EN,EN,PRIVATED,39.808357,140.929649,
wJ1YrYd3NyTYjjsGSbxHi,https://www.tohokukanko.jp/en/attractions/detail_1301.html,EN,EN,PRIVATED,40.4993072,141.6196409,
q329Ts9uAOmZhkwHAX6Zp,https://www.tohokukanko.jp/en/attractions/detail_1476.html,EN,EN,PRIVATED,39.970873,140.636531,
890W0A82WRGJFC6IA8kuh,https://www.tohokukanko.jp/en/attractions/detail_1609.html,EN,EN,PRIVATED,38.849426,140.396713,
h1qy2olG5OXjZEsALIAZg,https://www.tohokukanko.jp/en/attractions/detail_1658.html,EN,EN,PRIVATED,39.900903,140.312375,
2d_MAd2FkUDhkRQ1AzBU8,https://www.tohokukanko.jp/en/attractions/detail_1001418.html,EN,EN,PRIVATED,40.45243,141.6209651,
AOO_9yHfKLR_Pj15CEGih,https://www.tohokukanko.jp/en/attractions/detail_1001461.html,EN,EN,PRIVATED,38.630612,141.1193048,
cimk7gAZAa-cjBkH0uFgc,https://www.tohokukanko.jp/en/attractions/detail_1001865.html,EN,EN,PRIVATED,39.2794967,141.7811634,
j__gQnIYITnLAjVL6ABtV,https://www.tohokukanko.jp/en/attractions/detail_1002054.html,EN,EN,PRIVATED,37.99751544814143,140.3671431541443,
nSaCkvr78LPK1bKSAFJ6h,https://www.tohokukanko.jp/en/attractions/detail_1002315.html,EN,EN,PRIVATED,40.5345653,141.5571017,
Olaap5dAHTwHkcLHupmeT,https://www.tohokukanko.jp/en/attractions/detail_1002691.html,EN,EN,PRIVATED,40.524908,141.297536,
qnf7e8G4899zahv1Zm3GF,https://www.tohokukanko.jp/en/attractions/detail_1002751.html,EN,EN,PRIVATED,38.1719518,140.7161428,
CRcSO-AOAD7hIVmcEo4w0,https://www.tohokukanko.jp/en/attractions/detail_1002828.html,EN,EN,PRIVATED,38.3822478063082,140.37669230580445,
mpAzlwYOx_w40GOMeRiz0,https://www.tohokukanko.jp/en/attractions/detail_1002965.html,EN,EN,PRIVATED,37.454074958570516,139.54207762672146,
V7hFTjXHwzI-LuOk69GXQ,https://www.tohokukanko.jp/en/attractions/detail_1003009.html,EN,EN,PRIVATED,39.704372,141.1588681,
UPd0rsh-reHwTa2myu_BV,https://www.tohokukanko.jp/en/attractions/detail_1003178.html,EN,EN,PRIVATED,39.7013921,141.1572801,
HU2hEB2Jr7-vOPLB0h-qN,https://www.tohokukanko.jp/en/attractions/detail_1003228.html,EN,EN,PRIVATED,38.7108256,139.939998,
2OMVgcBX4U1uxtjChr1zA,https://www.tohokukanko.jp/en/attractions/detail_1003362.html,EN,EN,PRIVATED,38.7320429,139.8354936,
1Z0PZtV9rKxscTMS30Wl3,https://www.tohokukanko.jp/en/attractions/detail_1003577.html,EN,EN,PRIVATED,38.76213395435871,140.3024202926178,
ubxNUS_39KopJnGt3x-a9,https://www.tohokukanko.jp/en/attractions/detail_1003676.html,EN,EN,PRIVATED,38.726381,140.5087789,
Oz5cgIcIomyPnEMK7sCni,https://www.tohokukanko.jp/en/attractions/detail_1003853.html,EN,EN,PRIVATED,37.10510608819227,140.36416924100038,
cyqg-1yUyYSM2aYaBEQZA,https://www.tohokukanko.jp/en/attractions/detail_1003885.html,EN,EN,PRIVATED,38.4127472,141.3324758,
Bx0U9xMjF99Xb1VmnAuR0,https://www.tohokukanko.jp/en/attractions/detail_1003959.html,EN,EN,PRIVATED,39.7560079,141.0040106,
pk2KfS61stamKNRAWA5cd,https://www.tohokukanko.jp/en/attractions/detail_1003960.html,EN,EN,PRIVATED,39.7571773,141.0145955,
4XjyGzVhe6OtauZYTm_dd,https://www.tohokukanko.jp/en/attractions/detail_1003969.html,EN,EN,PRIVATED,39.6829033,141.1046189,
t9odbcKG8n_rJZvUj1Npu,https://www.tohokukanko.jp/en/attractions/detail_1004176.html,EN,EN,PRIVATED,39.965110263559474,140.1163482710083,
06L0T_ni1tan8yth_U6LM,https://www.tohokukanko.jp/en/attractions/detail_1004190.html,EN,EN,PRIVATED,39.6999126,141.1544931,
VNx8_c-CvIZG484GZ7_gO,https://www.tohokukanko.jp/en/attractions/detail_1004224.html,EN,EN,PRIVATED,39.7087182,141.1544495,
9p1qnD51zcQ_olFN3HtkD,https://www.tohokukanko.jp/en/attractions/detail_1004315.html,EN,EN,PRIVATED,38.2619688,140.8816137,
I2b9EJb2KV7q5CAgxd_XC,https://www.tohokukanko.jp/en/attractions/detail_1004403.html,EN,EN,PRIVATED,39.1384289,141.1374391,
eUozGmrxqylBn9nX01flF,https://www.tohokukanko.jp/en/attractions/detail_1004474.html,EN,EN,PRIVATED,37.93956891019326,140.5229353404608,
2DBpHW7MxTCE3-07LLec9,https://www.tohokukanko.jp/en/attractions/detail_1004500.html,EN,EN,PRIVATED,38.80949392328712,140.59796753955078,
NBvtsAcp-AYcwG2bOfJ9M,https://www.tohokukanko.jp/en/attractions/detail_1004583.html,EN,EN,PRIVATED,38.260087,140.871378,
1WWoecy_xjqy8K0tgdh8U,https://www.tohokukanko.jp/en/attractions/detail_1004690.html,EN,EN,PRIVATED,38.7874135,140.6386361,
WY5qFtLvybcLJStyq1xfm,https://www.tohokukanko.jp/en/attractions/detail_1004996.html,EN,EN,PRIVATED,37.5936679,139.8792331,
IqQY51VX2C51T_qhe9CpE,https://www.tohokukanko.jp/en/attractions/detail_1005002.html,EN,EN,PRIVATED,37.90615838420951,140.1207489116211,
zTMLfEJJyNwg6TsID_81c,https://www.tohokukanko.jp/en/attractions/detail_1005414.html,EN,EN,PRIVATED,40.3319197,140.5531646,
QwYoCxWwpUoVc-7-j_XVc,https://www.tohokukanko.jp/en/attractions/detail_1005416.html,EN,EN,PRIVATED,39.1765907,141.090169,
o1pOkzFHFZnqX29yXJdvm,https://www.tohokukanko.jp/en/attractions/detail_1005550.html,EN,EN,PRIVATED,39.9726552,141.2124895,
VfUPDFvjUlB6o2hZYIC_P,https://www.tohokukanko.jp/en/attractions/detail_1005554.html,EN,EN,PRIVATED,37.45660007668755,139.8404776979557,
2xJFCOn44rpetxmrEStcH,https://www.tohokukanko.jp/en/attractions/detail_1005656.html,EN,EN,PRIVATED,37.6487498,139.6285556,
sQmwcTjnr7Ispa08pM2DO,https://www.tohokukanko.jp/en/attractions/detail_1005671.html,EN,EN,PRIVATED,38.3277996,140.1692872,
1PAHc8aSnKEblCcP5xT5e,https://www.tohokukanko.jp/en/attractions/detail_1005725.html,EN,EN,PRIVATED,39.8927618,140.9253837,
6_XK1rPH10qWkEvQ_yV2L,https://www.tohokukanko.jp/en/attractions/detail_1005783.html,EN,EN,PRIVATED,37.2683884,140.5495186,
b_N7s0zgAt0zoOhuq-p9M,https://www.tohokukanko.jp/en/attractions/detail_1005803.html,EN,EN,PRIVATED,38.40048692244336,140.89110536270445,
oNt_0cE-HXFEzBVld6ZqY,https://www.tohokukanko.jp/en/attractions/detail_1005845.html,EN,EN,PRIVATED,37.8582239,140.5077166,
p5dBYJKkB2dljzO5kmaBH,https://www.tohokukanko.jp/en/attractions/detail_1005960.html,EN,EN,PRIVATED,37.62470997331675,140.95938140475465,
DMaTwmj-S_tnwbh2X2Bhu,https://www.tohokukanko.jp/en/attractions/detail_1006193.html,EN,EN,PRIVATED,37.3356369,139.6109747,
5_NSbWD8y4VAYYGsNkRF_,https://www.tohokukanko.jp/en/attractions/detail_1006266.html,EN,EN,PRIVATED,37.52991888101539,139.7235631942749,
ERcboF61FLy67AeqtcQes,https://www.tohokukanko.jp/en/attractions/detail_1006271.html,EN,EN,PRIVATED,37.3109147,139.6616737,
8R1Usj1eGloRYnKpBYh3e,https://www.tohokukanko.jp/en/attractions/detail_1006470.html,EN,EN,PRIVATED,38.42905510000001,140.888747,
ZRqtMIaNiHpGJfGcaMDYs,https://www.tohokukanko.jp/en/attractions/detail_1006731.html,EN,EN,PRIVATED,40.20118913321579,140.24024043914798,
OIXfnmKs3CxrgAqr_Bsf6,https://www.tohokukanko.jp/en/attractions/detail_1006750.html,EN,EN,PRIVATED,40.1697797,140.1128201,
fqrnxkEwkl-wT29sCLEhi,https://www.tohokukanko.jp/en/attractions/detail_1006752.html,EN,EN,PRIVATED,40.2116451,140.0365279,
9pMy-AP5d-6QXUcpK4g3i,https://www.tohokukanko.jp/en/attractions/detail_1006765.html,EN,EN,PRIVATED,40.23761777463593,140.26916709325408,
kVHPJxICn4heXel7o64F1,https://www.tohokukanko.jp/en/attractions/detail_1006923.html,EN,EN,PRIVATED,39.7230591516729,140.1253425905337,
VHS9UY3eL4vmetH2i6ZxB,https://www.tohokukanko.jp/en/attractions/detail_1006926.html,EN,EN,PRIVATED,39.720987799459856,140.12236079969406,
R_onMsV1h858L1BWu3afo,https://www.tohokukanko.jp/en/attractions/detail_1007055.html,EN,EN,PRIVATED,39.72000763110711,140.1248146250056,
WNSgiUEDU1fgl9tk3QOOh,https://www.tohokukanko.jp/en/attractions/detail_1007192.html,EN,EN,PRIVATED,39.4230682,140.5484589,
tsgELHxzwYv2SaDSDvVA5,https://www.tohokukanko.jp/en/attractions/detail_1007464.html,EN,EN,PRIVATED,40.43519924249364,140.11834565234375,
hMU9BY_F5HH2o911uezCJ,https://www.tohokukanko.jp/en/attractions/detail_1007917.html,EN,EN,PRIVATED,39.945642992875996,140.0770700477303,
5ttKRBd3FuFVi6tFWScky,https://www.tohokukanko.jp/en/attractions/detail_1008652.html,EN,EN,PRIVATED,40.3819488,140.6037629,
KkZJeuaDhRjlS6p94nvAx,https://www.tohokukanko.jp/en/attractions/detail_1008992.html,EN,EN,PRIVATED,37.80982050000001,140.5120686,
6_seNbzfUXdAmh9LCarcN,https://www.tohokukanko.jp/en/attractions/detail_1009020.html,EN,EN,PRIVATED,37.7990872,140.6464187,
tN_P-lz5bHRNVvfRyAVhs,https://www.tohokukanko.jp/en/attractions/detail_1009030.html,EN,EN,PRIVATED,37.8216641,140.5558391,
9ZwIIYYLMA-oUUtYDEsXT,https://www.tohokukanko.jp/en/attractions/detail_1009099.html,EN,EN,PRIVATED,38.25465199999696,140.34015613862303,
LGZQZNHGVix894cPQHMQr,https://www.tohokukanko.jp/en/attractions/detail_1009159.html,EN,EN,PRIVATED,38.2373079,140.9669913,
AcbDNKhx4X5VU8a8CrdEO,https://www.tohokukanko.jp/en/attractions/detail_1009183.html,EN,EN,PRIVATED,0,0,
AEody2YlJdGs23Y-Q4ZRL,https://www.tohokukanko.jp/en/attractions/detail_1009189.html,EN,EN,PRIVATED,38.3274456,141.1573853,
1I0gYANIMsN5NWUcxCaQd,https://www.tohokukanko.jp/en/attractions/detail_1009207.html,EN,EN,PRIVATED,37.5848714,140.4312591,
evGT4GOrfLYytLkUVwItt,https://www.tohokukanko.jp/en/attractions/detail_1009336.html,EN,EN,PRIVATED,38.003988,140.6213515,
tpfUMP1TRpCB-FtSdtwCt,https://www.tohokukanko.jp/en/attractions/detail_1009399.html,EN,EN,PRIVATED,40.6156695,140.3180287,
W6-ddWo4Za8Kr9pOb2sOy,https://www.tohokukanko.jp/en/attractions/detail_1009642.html,EN,EN,PRIVATED,38.07787223972653,140.13716800075426,
Qi1m-cLO49m01OsyuX2eu,https://www.tohokukanko.jp/en/attractions/detail_1009724.html,EN,EN,PRIVATED,38.10703866542587,140.03377023768616,
lZVvJ2MVYIwkJ8dtdzJPn,https://www.tohokukanko.jp/en/attractions/detail_1009921.html,EN,EN,PRIVATED,38.1198616,140.8394997,
GpZfD2n1AIpT01VnQo0UT,https://www.tohokukanko.jp/en/attractions/detail_1010026.html,EN,EN,PRIVATED,38.010182695439354,140.22806885612792,
L3yrWhSZgtn7SDkDZFxNu,https://www.tohokukanko.jp/en/attractions/detail_1010137.html,EN,EN,PRIVATED,40.6144838,141.2126087,
VzLxn4IOGy5-vPmq8nAtX,https://www.tohokukanko.jp/en/attractions/detail_1010517.html,EN,EN,PRIVATED,38.0399785,140.9189724,
YLi7PRqXgjCj_UJS-0B-g,https://www.tohokukanko.jp/en/attractions/detail_1010586.html,EN,EN,PRIVATED,38.907641,141.5703316,
otJrggR_Se58BPWs8fyw-,https://www.tohokukanko.jp/en/attractions/detail_1010659.html,EN,EN,PRIVATED,0,0,
Ko9_39V-2gtAW_JEL2x3S,https://www.tohokukanko.jp/en/attractions/detail_1010705.html,EN,EN,PRIVATED,37.4848171,139.9111524,
EewYhm1QCOXEpXsIvPjGm,https://www.tohokukanko.jp/en/attractions/detail_1010721.html,EN,EN,PRIVATED,38.892914,140.615477,
wo7nSPaUFO1kfjnDsQrQj,https://www.tohokukanko.jp/en/attractions/detail_1010728.html,EN,EN,PRIVATED,38.892914,140.615477,
EsEpcLv75chXJ6D5Ut4gD,https://www.tohokukanko.jp/en/attractions/detail_1010747.html,EN,EN,PRIVATED,37.5466304,139.955457,
66XrqNBcm6yrJggonBHP8,https://www.tohokukanko.jp/en/attractions/detail_1010861.html,EN,EN,PRIVATED,37.3358832,139.8649659,
lIrZO2vptkekgOACwYnhn,https://www.tohokukanko.jp/en/attractions/detail_1010885.html,EN,EN,PRIVATED,37.6864844,140.0840199,
PsILNe-EWkHmSu9HqGKnI,https://www.tohokukanko.jp/en/attractions/detail_1010907.html,EN,EN,PRIVATED,40.5749665,140.9792091,
Xv4ARH7SU_UwKmAnl53zq,https://www.tohokukanko.jp/en/attractions/detail_1010952.html,EN,EN,PRIVATED,38.2662227,140.8714096,
BIAKiamZUy3cHmM5x1oj5,https://www.tohokukanko.jp/en/attractions/detail_1011118.html,EN,EN,PRIVATED,40.6162983,140.5675826,
99cT4CRAds_7CkOrN4kcv,https://www.tohokukanko.jp/en/attractions/detail_1011178.html,EN,EN,PRIVATED,40.6540373,140.5068554,
lcDbuVXzbsYA7yqNXWcje,https://www.tohokukanko.jp/en/attractions/detail_1011423.html,EN,EN,PRIVATED,40.4466399,140.937461,
tKG4WSek1juLTTGTnj8av,https://www.tohokukanko.jp/en/attractions/detail_1011603.html,EN,EN,PRIVATED,37.02521790000001,138.2535519,
1-EMfBXBVGUPDPjAi568b,https://www.tohokukanko.jp/en/attractions/detail_1284.html,EN,EN,PRIVATED,37.926005,139.045067,
YW288c1sudcbfU8hQFYvA,https://www.tohokukanko.jp/en/attractions/detail_1362.html,EN,EN,PRIVATED,40.403116,141.720073,
ohBWk4lpPyxYxQtuvMJNN,https://www.tohokukanko.jp/en/attractions/detail_1723.html,EN,EN,PRIVATED,40.214599,140.624291,
zr_gBRIrE6vN7uu1QSeR9,https://www.tohokukanko.jp/en/attractions/detail_1752.html,EN,EN,PRIVATED,39.751089,141.99877,
FWQ67A10dd4XYIXktwMQP,https://www.tohokukanko.jp/en/attractions/detail_1001301.html,EN,EN,PRIVATED,37.787245,140.470445,
c4JuULx7JQ1K-es9zHb9h,https://www.tohokukanko.jp/en/attractions/detail_1001305.html,EN,EN,PRIVATED,38.6799818,141.4492079,
19jdY7KaEcS7l8W5CVBcE,https://www.tohokukanko.jp/en/attractions/detail_1001903.html,EN,EN,PRIVATED,40.8222197,140.7473524,
7ozfDMQAJI_QYWOWFGAT4,https://www.tohokukanko.jp/en/attractions/detail_1001952.html,EN,EN,PRIVATED,38.57730326580887,140.3169578654785,
HM7vKv2ARxpRJ5v2Ss_jy,https://www.tohokukanko.jp/en/attractions/detail_1002142.html,EN,EN,PRIVATED,0,0,
0uMc1Fx0YKHoCIdQBn5P2,https://www.tohokukanko.jp/en/attractions/detail_1002166.html,EN,EN,PRIVATED,39.2332908,141.0508647,
1wmlF8rXsgBCeR5Wg-yys,https://www.tohokukanko.jp/en/attractions/detail_1002316.html,EN,EN,PRIVATED,40.25235022657973,141.28726070793454,
YJ0YWdakZzrNAQcyiVDQR,https://www.tohokukanko.jp/en/attractions/detail_1002400.html,EN,EN,PRIVATED,38.38510842084186,140.91519776416015,
Kwc1lwsXqUN-KnuL18F9j,https://www.tohokukanko.jp/en/attractions/detail_1002852.html,EN,EN,PRIVATED,38.29604134742596,141.41926546008983,
vnQTg3ChIaz-YkbfUPjzm,https://www.tohokukanko.jp/en/attractions/detail_1002927.html,EN,EN,PRIVATED,40.5890304,140.4429658,
UDD-95uSrPKg0LpY9KqI8,https://www.tohokukanko.jp/en/attractions/detail_1003408.html,EN,EN,PRIVATED,37.22164026212854,139.53709602355957,
Mnv0ys2xpsUBTS-b9dQN4,https://www.tohokukanko.jp/en/attractions/detail_1003785.html,EN,EN,PRIVATED,39.6953498,141.1640378,
jonO63yblnQhCUcFDNtrr,https://www.tohokukanko.jp/en/attractions/detail_1003936.html,EN,EN,PRIVATED,39.7274179,140.9757786,
NlmzFDaHOo5me1NVwLckj,https://www.tohokukanko.jp/en/attractions/detail_1003972.html,EN,EN,PRIVATED,39.7207569,141.1241695,
mWqOH8mQkoGBB-i7Dlf_j,https://www.tohokukanko.jp/en/attractions/detail_1004017.html,EN,EN,PRIVATED,39.6963231,141.1582564,
Vu9FYSSoesO2SoZtEUFov,https://www.tohokukanko.jp/en/attractions/detail_1004045.html,EN,EN,PRIVATED,37.2423109,139.9886153,
7Ogk8nmYXGCZMlYoPNEop,https://www.tohokukanko.jp/en/attractions/detail_1004092.html,EN,EN,PRIVATED,37.3614524,140.3637726,
2j30iE2hyRcU6ZrwRwEt4,https://www.tohokukanko.jp/en/attractions/detail_1004171.html,EN,EN,PRIVATED,39.88497075111,140.23796127182766,
6nCgdRLbczzwiCV6lMChd,https://www.tohokukanko.jp/en/attractions/detail_1004207.html,EN,EN,PRIVATED,39.70006679999999,141.1546915,
8UTDhe8Tbk5-Z6qfwO_95,https://www.tohokukanko.jp/en/attractions/detail_1004420.html,EN,EN,PRIVATED,37.290033216094415,140.38102626800537,
dmgYzorXw1jcgRNchd2z5,https://www.tohokukanko.jp/en/attractions/detail_1004626.html,EN,EN,PRIVATED,37.5561756,139.6226473,
3t4THZkSfHaxu-EvTEmnc,https://www.tohokukanko.jp/en/attractions/detail_1004648.html,EN,EN,PRIVATED,38.266398,140.8703934,
YhvEjZM7VNqhnuCEpATJ7,https://www.tohokukanko.jp/en/attractions/detail_1004663.html,EN,EN,PRIVATED,38.0038048,140.6228743,
hqYPeduv4OHEz2XNHg9J5,https://www.tohokukanko.jp/en/attractions/detail_1005034.html,EN,EN,PRIVATED,38.5175537,140.0071367,
2xVaEeaSHNYGlh_uQdvL-,https://www.tohokukanko.jp/en/attractions/detail_1005204.html,EN,EN,PRIVATED,37.45260212543598,139.88993020444727,
TfxtuQWDyUoY4w52jnxev,https://www.tohokukanko.jp/en/attractions/detail_1005513.html,EN,EN,PRIVATED,37.85438982148294,140.62392711639404,
PuADP2hVlwhtTjnQnoIlr,https://www.tohokukanko.jp/en/attractions/detail_1005573.html,EN,EN,PRIVATED,38.0570605,140.702323,
Pbjs7HFC46GdlWxySRkUi,https://www.tohokukanko.jp/en/attractions/detail_1005583.html,EN,EN,PRIVATED,37.45598036009601,139.83939210447892,
x5_docqLLwF6h4BW-0Lt6,https://www.tohokukanko.jp/en/attractions/detail_1005832.html,EN,EN,PRIVATED,37.56304650000001,139.868744,
m6PsiYYVRduNnof7KadpO,https://www.tohokukanko.jp/en/attractions/detail_1005871.html,EN,EN,PRIVATED,39.4676212,141.9490579,
FmljldIkFBhA8AX37Gz9F,https://www.tohokukanko.jp/en/attractions/detail_1005951.html,EN,EN,PRIVATED,37.6410813,140.9582104,
vGNc4yMB2xfko7lyde2Zt,https://www.tohokukanko.jp/en/attractions/detail_1006033.html,EN,EN,PRIVATED,37.5688775,140.9902383,
OnwXF9y2KiwUYjWmiVzr0,https://www.tohokukanko.jp/en/attractions/detail_1006051.html,EN,EN,PRIVATED,37.350895,140.0521405,
5xy140uxoy8U2JRniD3Y8,https://www.tohokukanko.jp/en/attractions/detail_1006081.html,EN,EN,PRIVATED,37.5091991,140.4439359,
qh_6KPSQNYQl5-G9pPdNF,https://www.tohokukanko.jp/en/attractions/detail_1006135.html,EN,EN,PRIVATED,37.3539587,139.5915981,
kaLut15nXzCXIjR8_MN_c,https://www.tohokukanko.jp/en/attractions/detail_1006197.html,EN,EN,PRIVATED,37.6439354,139.8679517,
1bf2G5zOgmTfeZLB1MY1w,https://www.tohokukanko.jp/en/attractions/detail_1006254.html,EN,EN,PRIVATED,37.56834117855856,139.98714923858643,
0Ckd6qx-Vleno8ZkOLGsY,https://www.tohokukanko.jp/en/attractions/detail_1006385.html,EN,EN,PRIVATED,39.4720066,141.2830217,
Coa7pt_TZmquwl24wJBcO,https://www.tohokukanko.jp/en/attractions/detail_1006561.html,EN,EN,PRIVATED,38.1082039,140.5634613,
cz8MaUu-1YOGw130baLSv,https://www.tohokukanko.jp/en/attractions/detail_1006711.html,EN,EN,PRIVATED,40.191249579829545,139.99591146085206,
SYBMLYehCTH3SHwy08xnP,https://www.tohokukanko.jp/en/attractions/detail_1006757.html,EN,EN,PRIVATED,40.2118632,140.027125,
tYNHdCnI-BvQpcpCAjdyD,https://www.tohokukanko.jp/en/attractions/detail_1006859.html,EN,EN,PRIVATED,39.74040778841412,140.07962581376955,
l8vTwHik5Q7YYhjT0zybV,https://www.tohokukanko.jp/en/attractions/detail_1006910.html,EN,EN,PRIVATED,38.7197202,141.2131465,
rpbOcR9x6hre5XmsY6hX3,https://www.tohokukanko.jp/en/attractions/detail_1007091.html,EN,EN,PRIVATED,40.1276528,140.3762853,
r8UGPaHxtCbvyVFfyNmMh,https://www.tohokukanko.jp/en/attractions/detail_1007208.html,EN,EN,PRIVATED,39.42310925466416,140.54846144550785,
Z78l6gLwZpJzlQCCH3FRV,https://www.tohokukanko.jp/en/attractions/detail_1007495.html,EN,EN,PRIVATED,0,0,
XkVIRUWcQKdULa8QDDn2C,https://www.tohokukanko.jp/en/attractions/detail_1007519.html,EN,EN,PRIVATED,0,0,
MJeowmEkggn4ZqN3cUUaa,https://www.tohokukanko.jp/en/attractions/detail_1007626.html,EN,EN,PRIVATED,39.537613482139456,140.71339173518007,
nh9oPP_ZKCOPox41qvAHP,https://www.tohokukanko.jp/en/attractions/detail_1007660.html,EN,EN,PRIVATED,40.0637558,140.2969956,
In3N33zoHCEmaw-BcpWxK,https://www.tohokukanko.jp/en/attractions/detail_1007684.html,EN,EN,PRIVATED,38.892914,140.615477,
I4HkQhqOWO6NBtoyN5AVG,https://www.tohokukanko.jp/en/attractions/detail_1007751.html,EN,EN,PRIVATED,39.7189598,140.1165221,
iZCJHZTp3bcwAUs35nB-_,https://www.tohokukanko.jp/en/attractions/detail_1007978.html,EN,EN,PRIVATED,38.892914,140.615477,
SIxtNDLGOYkVBk2dli8t8,https://www.tohokukanko.jp/en/attractions/detail_1007984.html,EN,EN,PRIVATED,0,0,
J1cIFXM5yK9H2IJeVgIIy,https://www.tohokukanko.jp/en/attractions/detail_1007998.html,EN,EN,PRIVATED,38.42710410000001,140.7709644,
TSxd9F-t3m8ZsCnoUgpui,https://www.tohokukanko.jp/en/attractions/detail_1008001.html,EN,EN,PRIVATED,38.892914,140.615477,
tleA85Lx2BiOZaaGIGY6S,https://www.tohokukanko.jp/en/attractions/detail_1008192.html,EN,EN,PRIVATED,38.15260747234768,140.27822676730347,
44ahRSQdJcJbAZ9eKsVvW,https://www.tohokukanko.jp/en/attractions/detail_1008611.html,EN,EN,PRIVATED,38.14596086266698,140.53589701652527,
C2F1tKSEfLy_gW4rl4Hum,https://www.tohokukanko.jp/en/attractions/detail_1008708.html,EN,EN,PRIVATED,37.4877296,139.929809,
cmZVmVhLAqlccIZiaT3bj,https://www.tohokukanko.jp/en/attractions/detail_1008758.html,EN,EN,PRIVATED,37.511894,139.9294703,
j7MzPWf5WJS8ZD8B8OKSC,https://www.tohokukanko.jp/en/attractions/detail_1008772.html,EN,EN,PRIVATED,37.5078657,139.9303261,
Z1tEJpUlJThsVRb9cdg0Z,https://www.tohokukanko.jp/en/attractions/detail_1008964.html,EN,EN,PRIVATED,38.3052244,140.0595749,
DIZr4tuKdF2a83IJYk7a0,https://www.tohokukanko.jp/en/attractions/detail_1009401.html,EN,EN,PRIVATED,40.5991512,140.4852197,
hhrKf0bnsuvTfZFKBUoxx,https://www.tohokukanko.jp/en/attractions/detail_1009863.html,EN,EN,PRIVATED,40.021223,140.08049,
tZmkELmOwFt0FPZXtQmft,https://www.tohokukanko.jp/en/attractions/detail_1010025.html,EN,EN,PRIVATED,38.007443786693784,140.21832707298583,
kJHJPtOOSB08ujW_R7C9N,https://www.tohokukanko.jp/en/attractions/detail_1010149.html,EN,EN,PRIVATED,37.91630019999999,139.0555773,
goy-faNdjBOycKbmuyueJ,https://www.tohokukanko.jp/en/attractions/detail_1010166.html,EN,EN,PRIVATED,39.4654079,141.2892901,
u5lo_OEvhheQayq06qc7O,https://www.tohokukanko.jp/en/attractions/detail_1010183.html,EN,EN,PRIVATED,39.7623337,140.7707131,
tEwoHx2UKw19ZxBiHFcGw,https://www.tohokukanko.jp/en/attractions/detail_1010341.html,EN,EN,PRIVATED,38.7661643,140.3519592,
QTn-ueLe4jARzRywWuwhb,https://www.tohokukanko.jp/en/attractions/detail_1010676.html,EN,EN,PRIVATED,37.5042535,139.9514778,
_jpk0tYmc0veGgrhYIqa1,https://www.tohokukanko.jp/en/attractions/detail_1010693.html,EN,EN,PRIVATED,37.8803372,139.3081506,
ZSSMDqMX5HtdmV6kBOhf7,https://www.tohokukanko.jp/en/attractions/detail_1010695.html,EN,EN,PRIVATED,37.8801367,139.3100755,
LZ-MpjNk9GciwPNhepwIE,https://www.tohokukanko.jp/en/attractions/detail_1010738.html,EN,EN,PRIVATED,37.5016633,139.9259825,
SO2NJaT9vvkacBEamPb-p,https://www.tohokukanko.jp/en/attractions/detail_1010739.html,EN,EN,PRIVATED,37.5004423,139.9301129,
Md8Mh0UwSBbbPUlfF0ftP,https://www.tohokukanko.jp/en/attractions/detail_1010818.html,EN,EN,PRIVATED,37.4943139,139.9417264,
nGidJ67Mg9UsJPEvyFnwk,https://www.tohokukanko.jp/en/attractions/detail_1010892.html,EN,EN,PRIVATED,37.4915286,139.9303137,
-N-1ZwI9I3zmQpfZ7_HOf,https://www.tohokukanko.jp/en/attractions/detail_1011440.html,EN,EN,PRIVATED,38.892914,140.615477,
z_3Cuany-9erVkiMkVZRX,https://www.tohokukanko.jp/en/attractions/detail_1011576.html,EN,EN,PRIVATED,40.609995,140.4699339,
aLLXbyZBmOnC0F-ZUiS_I,https://www.tohokukanko.jp/en/attractions/detail_1044.html,EN,EN,PRIVATED,40.6700842,140.9545726,
r9ztkwQWmcMOXZII4zh7p,https://www.tohokukanko.jp/en/attractions/detail_1052.html,EN,EN,PRIVATED,39.384801,140.050396,
7g0Et2iO_qqae7JrsTNF_,https://www.tohokukanko.jp/en/attractions/detail_1009287.html,EN,EN,PRIVATED,37.319698,139.6478778,
EoaTiepiJ1GCL5VFvVbnz,https://www.tohokukanko.jp/en/attractions/detail_1009707.html,EN,EN,PRIVATED,37.56840754011827,139.98715279164466,
2BwXmteAiOTA54DUjj6fS,https://www.tohokukanko.jp/en/attractions/detail_1010182.html,EN,EN,PRIVATED,37.8217778,140.4315359,
ugJjCiNe8inOT_-3y0Z0L,https://www.tohokukanko.jp/en/attractions/detail_1010405.html,EN,EN,PRIVATED,39.622603509763515,141.05706916051867,
NGjvGO9jZxoNtsqM0Yv19,https://www.tohokukanko.jp/en/attractions/detail_1010724.html,EN,EN,PRIVATED,38.892914,140.615477,
Wz52CiauWRYPX4u8XLEFJ,https://www.tohokukanko.jp/en/attractions/detail_1010737.html,EN,EN,PRIVATED,37.518511,139.9269228,
qPNmEFwel4_6moBPMvmJv,https://www.tohokukanko.jp/en/attractions/detail_1010749.html,EN,EN,PRIVATED,37.5009592,139.9252907,
hbiu6RaGHpdAB_nOY5iN9,https://www.tohokukanko.jp/en/attractions/detail_1010807.html,EN,EN,PRIVATED,37.4891469,139.9313463,
SqV8c85rSre3pdr8ZyjjX,https://www.tohokukanko.jp/en/attractions/detail_1011385.html,EN,EN,PRIVATED,38.3384745,140.9562503,
LPnMmt6lEEMpELIhjrL1v,https://www.tohokukanko.jp/en/attractions/detail_1114.html,EN,EN,PRIVATED,38.655416,141.279726,
gMdXMLWA4owdZrlDwZI2l,https://www.tohokukanko.jp/en/attractions/detail_1246.html,EN,EN,PRIVATED,38.811616,140.326352,
QCSP2K2iRrBofBQ8G5t-c,https://www.tohokukanko.jp/en/attractions/detail_1256.html,EN,EN,PRIVATED,39.961954,140.728515,
cRWz5TwKklnwixtjabRzy,https://www.tohokukanko.jp/en/attractions/detail_1369.html,EN,EN,PRIVATED,39.719075,140.105784,
LACMZQqIzmgvXdHRWVLFL,https://www.tohokukanko.jp/en/attractions/detail_1387.html,EN,EN,PRIVATED,39.006051,140.66468,
MGLRhD9PeLHNZ91awjWWb,https://www.tohokukanko.jp/en/attractions/detail_1409.html,EN,EN,PRIVATED,39.163742,140.828582,
xOX_zx9Wxz5SHVNswN1gj,https://www.tohokukanko.jp/en/attractions/detail_1446.html,EN,EN,PRIVATED,39.364077,141.200883,
mTiB2gaMLZzv9CwbbBhpZ,https://www.tohokukanko.jp/en/attractions/detail_1503.html,EN,EN,PRIVATED,39.144739,140.568007,
V1r58GTuzYWW-ZtvWVrYs,https://www.tohokukanko.jp/en/attractions/detail_1606.html,EN,EN,PRIVATED,40.268893,141.2948,
gLzEB772iN5eflVr_PQcz,https://www.tohokukanko.jp/en/attractions/detail_1684.html,EN,EN,PRIVATED,38.2752707,140.5097983,
h9F0O3Uvy0C4Bv4Hc7rEb,https://www.tohokukanko.jp/en/attractions/detail_1692.html,EN,EN,PRIVATED,37.683856,140.058275,
auNSIFHBdDQoQn6y1kERM,https://www.tohokukanko.jp/en/attractions/detail_1001309.html,EN,EN,PRIVATED,35.7626722,139.7297311,
DMDTRHOPpmcNAJ44M9O0E,https://www.tohokukanko.jp/en/attractions/detail_1001526.html,EN,EN,PRIVATED,40.0042548453746,141.33117487644958,
xZWtV11pbC4ue4JqYRMNg,https://www.tohokukanko.jp/en/attractions/detail_1002004.html,EN,EN,PRIVATED,40.585051909716825,140.56116476655006,
IyDVjPt8hkA--JiqkV6x-,https://www.tohokukanko.jp/en/attractions/detail_1002032.html,EN,EN,PRIVATED,38.1579353,140.8895363,
K0vxtaJfGSROOzCUZPo3s,https://www.tohokukanko.jp/en/attractions/detail_1002058.html,EN,EN,PRIVATED,38.017888503864924,140.29399394989014,
rxAuC5ilBXM6cOQ5qabu2,https://www.tohokukanko.jp/en/attractions/detail_1002084.html,EN,EN,PRIVATED,39.2347855,141.0417314,
Ckj3fvF9lFCh2mnNkwWfG,https://www.tohokukanko.jp/en/attractions/detail_1002096.html,EN,EN,PRIVATED,38.379330118120336,140.1961983325409,
5DnNVOFlc4LYRRmrWtvVl,https://www.tohokukanko.jp/en/attractions/detail_1002098.html,EN,EN,PRIVATED,39.1963984,141.1218098,
HsD9qGOcX3NV0evimayfW,https://www.tohokukanko.jp/en/attractions/detail_1002170.html,EN,EN,PRIVATED,38.01142215136496,140.3235948085785,
7SdJgxxRN5oGZdztxFfic,https://www.tohokukanko.jp/en/attractions/detail_1002267.html,EN,EN,PRIVATED,41.513524769990255,140.92416762513122,
hk-SqQ4wVLO5o8f4OR-lR,https://www.tohokukanko.jp/en/attractions/detail_1002517.html,EN,EN,PRIVATED,40.8092726,140.6966116,
tkWiOP_tx0VpmHXrzEb-a,https://www.tohokukanko.jp/en/attractions/detail_1002595.html,EN,EN,PRIVATED,37.8769648,140.5419326,
V44FPTfoIav3-i0bkltp4,https://www.tohokukanko.jp/en/attractions/detail_1002670.html,EN,EN,PRIVATED,38.4312557,140.8183998,
rMIrJsa-3lOkGV95nZRZ3,https://www.tohokukanko.jp/en/attractions/detail_1002675.html,EN,EN,PRIVATED,40.8194118,140.7599694,
4-TVSNKVrJxl53aGbNUzB,https://www.tohokukanko.jp/en/attractions/detail_1002709.html,EN,EN,PRIVATED,0,0,
pjUmzZyO-h2B5G0hE1NeK,https://www.tohokukanko.jp/en/attractions/detail_1002767.html,EN,EN,PRIVATED,38.4266028,140.8146571,
kAcUOcVYhZS5GgNHJxxQm,https://www.tohokukanko.jp/en/attractions/detail_1002855.html,EN,EN,PRIVATED,37.9341918,140.3970659,
sL-otPYQhH6huuvKeO5eQ,https://www.tohokukanko.jp/en/attractions/detail_1002870.html,EN,EN,PRIVATED,37.56951522118297,140.5774400030411,
H_03cBIDpJ4zsNqmVI6LP,https://www.tohokukanko.jp/en/attractions/detail_1003008.html,EN,EN,PRIVATED,37.44203219487028,139.49309448260234,
wXqudJ2wqajj2X4VKyDcx,https://www.tohokukanko.jp/en/attractions/detail_1003163.html,EN,EN,PRIVATED,38.764803,140.3054323,
2iBgXyCd8X_WKGYl-d7oh,https://www.tohokukanko.jp/en/attractions/detail_1003188.html,EN,EN,PRIVATED,38.1804543,140.667226,
sgoqojl_AWwwQaQZJRfx5,https://www.tohokukanko.jp/en/attractions/detail_1003204.html,EN,EN,PRIVATED,40.86446129999999,141.1287144,
osfA941sp3VjMv-SSnYwJ,https://www.tohokukanko.jp/en/attractions/detail_1003275.html,EN,EN,PRIVATED,37.17039671308292,140.07954597473145,
5HrwIS5NV9Je0XxmsN_ey,https://www.tohokukanko.jp/en/attractions/detail_1003352.html,EN,EN,PRIVATED,38.7092128,139.9622784,
4w1Rwd2wNEanlk2UVPR4m,https://www.tohokukanko.jp/en/attractions/detail_1003364.html,EN,EN,PRIVATED,38.6997281,139.8844069,
y4GBhdLiVUO4kxWdmQ5Y8,https://www.tohokukanko.jp/en/attractions/detail_1003410.html,EN,EN,PRIVATED,38.4307892,141.3093041,
u74fxLCyTuvFxFofOVQ-r,https://www.tohokukanko.jp/en/attractions/detail_1003444.html,EN,EN,PRIVATED,37.075620903226124,139.4170618057251,
54i0-Uuh8J3N31n5QdA_h,https://www.tohokukanko.jp/en/attractions/detail_1003446.html,EN,EN,PRIVATED,37.06063531759925,139.48421895503998,
GhPqQF7bPwI7PBgv_ks_H,https://www.tohokukanko.jp/en/attractions/detail_1003470.html,EN,EN,PRIVATED,38.21341921780375,140.0752564696679,
OYKx6__uCLYsXRJ-vnU4N,https://www.tohokukanko.jp/en/attractions/detail_1003556.html,EN,EN,PRIVATED,39.7007044,141.1558301,
3-K1IUO49wSP7d974r5d9,https://www.tohokukanko.jp/en/attractions/detail_1003576.html,EN,EN,PRIVATED,39.7026257,141.1560096,
ODyBuEOxgPgRA-ncSm-3-,https://www.tohokukanko.jp/en/attractions/detail_1003683.html,EN,EN,PRIVATED,38.57676683554401,141.45039519335825,
DOjQcwRdfiU1pnw0Pny9b,https://www.tohokukanko.jp/en/attractions/detail_1003731.html,EN,EN,PRIVATED,37.1266145,140.211014,
L7zdLgNGUhGb3JW4B_xzx,https://www.tohokukanko.jp/en/attractions/detail_1003764.html,EN,EN,PRIVATED,39.7027847,141.1675733,
cVj-kZMkMyjATa5mROsM1,https://www.tohokukanko.jp/en/attractions/detail_1003858.html,EN,EN,PRIVATED,38.35195107703613,140.90829758731292,
4ObXJ6opNsKXNaFBTwSMi,https://www.tohokukanko.jp/en/attractions/detail_1003925.html,EN,EN,PRIVATED,39.2070844,141.0651446,
mtn6Ier_sTRBHERVh3baO,https://www.tohokukanko.jp/en/attractions/detail_1003956.html,EN,EN,PRIVATED,39.7714887,140.9575511,
cZCLQkdjfwlYNX0_umNFl,https://www.tohokukanko.jp/en/attractions/detail_1004102.html,EN,EN,PRIVATED,37.5609816,140.2597094,
dzJh6nLg4MA32ek7cOgi5,https://www.tohokukanko.jp/en/attractions/detail_1004409.html,EN,EN,PRIVATED,38.5761746,140.9553285,
Nns8FfKSkjSGGZJHoeB-R,https://www.tohokukanko.jp/en/attractions/detail_1004470.html,EN,EN,PRIVATED,39.700039,141.15472,
gnCKkPi_ulzcTfu8ehdJE,https://www.tohokukanko.jp/en/attractions/detail_1004481.html,EN,EN,PRIVATED,38.3855587,140.9770199,
F0V4VASosKdsIdspvko27,https://www.tohokukanko.jp/en/attractions/detail_1004578.html,EN,EN,PRIVATED,37.996324,140.6377784,
pH-IX31cdkZgoYj--JNAn,https://www.tohokukanko.jp/en/attractions/detail_1004727.html,EN,EN,PRIVATED,39.1384289,141.1374391,
G83tpO7Iaru2195DvwXM4,https://www.tohokukanko.jp/en/attractions/detail_1004742.html,EN,EN,PRIVATED,39.1429046,141.1389775,
8wREQXemrtiXhzpLSDqv9,https://www.tohokukanko.jp/en/attractions/detail_1004845.html,EN,EN,PRIVATED,38.5450746,140.3664434,
3FYn3hd__I1Ktezm7zGkH,https://www.tohokukanko.jp/en/attractions/detail_1004862.html,EN,EN,PRIVATED,37.87851420000001,140.0528724,
cWUuJml8i8pGGnuElbXna,https://www.tohokukanko.jp/en/attractions/detail_1004873.html,EN,EN,PRIVATED,38.5196855,140.3902983,
lGnu7MFZvRrymG0q-XnTY,https://www.tohokukanko.jp/en/attractions/detail_1005074.html,EN,EN,PRIVATED,37.561495174994974,139.82163548469543,
dGCsLIyf7VvB1Yj0N-p9a,https://www.tohokukanko.jp/en/attractions/detail_1005150.html,EN,EN,PRIVATED,37.79725488845879,140.91304779052734,
9Xp4mnWjTv_PFYjc8U-jU,https://www.tohokukanko.jp/en/attractions/detail_1005197.html,EN,EN,PRIVATED,37.45256378314955,139.8897125474758,
kHfwy7hPgF2_GgpXfKZBB,https://www.tohokukanko.jp/en/attractions/detail_1005250.html,EN,EN,PRIVATED,37.139856,140.153976,
5BU9ZAjC_ACLHDneno2MV,https://www.tohokukanko.jp/en/attractions/detail_1005339.html,EN,EN,PRIVATED,38.31862936703444,141.01269721984863,
NhNOnXnktVA_r7MXeNO7T,https://www.tohokukanko.jp/en/attractions/detail_1005364.html,EN,EN,PRIVATED,40.27560717543173,140.55421534609985,
nU7lhiGe8g-K3pyfxW4cL,https://www.tohokukanko.jp/en/attractions/detail_1005396.html,EN,EN,PRIVATED,37.81126435815796,140.52550116397094,
-iK7C272Sa-Q0KAqejTJq,https://www.tohokukanko.jp/en/attractions/detail_1005437.html,EN,EN,PRIVATED,38.258636,140.8798479,
IDHoLi5_PZu4ScCtM50tg,https://www.tohokukanko.jp/en/attractions/detail_1005454.html,EN,EN,PRIVATED,40.2912328,140.4510611,
ukMU6OsRlY3zXqy6g2EVt,https://www.tohokukanko.jp/en/attractions/detail_1005477.html,EN,EN,PRIVATED,39.69396263878168,140.97253918647766,
moTyo5K9AGE3vGAeg0Mak,https://www.tohokukanko.jp/en/attractions/detail_1005482.html,EN,EN,PRIVATED,40.2732338,140.563079,
iGIxC-kU22M7sxGjofde4,https://www.tohokukanko.jp/en/attractions/detail_1005680.html,EN,EN,PRIVATED,37.9991571,140.7177986,
KR83c4VH6FRZ5ZiP3o5f2,https://www.tohokukanko.jp/en/attractions/detail_1005802.html,EN,EN,PRIVATED,37.0978864,140.5655583,
shV4hR9-6KDN2Pk0EnwbT,https://www.tohokukanko.jp/en/attractions/detail_1005857.html,EN,EN,PRIVATED,37.5653407,139.8867476,
-TWWX3vdhObS-3r0fuBSf,https://www.tohokukanko.jp/en/attractions/detail_1005901.html,EN,EN,PRIVATED,37.5514248787932,139.80099320411682,
WLAM321zwf1D6jv3sfzc6,https://www.tohokukanko.jp/en/attractions/detail_1005935.html,EN,EN,PRIVATED,39.0621237,141.7210914,
URwo8q3qTsPMt8VpnTQps,https://www.tohokukanko.jp/en/attractions/detail_1005952.html,EN,EN,PRIVATED,37.996324,140.6377784,
66Z1hOKzcwM3hAXQpGEa9,https://www.tohokukanko.jp/en/attractions/detail_1006037.html,EN,EN,PRIVATED,37.5680772,140.9897528,
mD4O3cjyas172pvkhl3KL,https://www.tohokukanko.jp/en/attractions/detail_1006109.html,EN,EN,PRIVATED,37.0638306,140.4915695,
rPKqGfAVsOD52KhD39xK_,https://www.tohokukanko.jp/en/attractions/detail_1006147.html,EN,EN,PRIVATED,37.5926328,140.3260914,
ZZQ2sQtJZZLTrY-sfk73_,https://www.tohokukanko.jp/en/attractions/detail_1006150.html,EN,EN,PRIVATED,37.5343552,140.37119,
vpU8qC9yFeGCDwA_6Fr8Q,https://www.tohokukanko.jp/en/attractions/detail_1006216.html,EN,EN,PRIVATED,37.3416805,139.3110375,
BHxa4hKSiteRahWEbenB0,https://www.tohokukanko.jp/en/attractions/detail_1006255.html,EN,EN,PRIVATED,37.52886383862125,139.72333252429962,
GgmA4YpkW47OoDo9nXNtb,https://www.tohokukanko.jp/en/attractions/detail_1006263.html,EN,EN,PRIVATED,38.33321697097943,141.09511770633787,
ioukvd2RlC6TtS1kyDfRA,https://www.tohokukanko.jp/en/attractions/detail_1006273.html,EN,EN,PRIVATED,37.3001462,139.631758,
3121KvryGrkTBvXwfLR_g,https://www.tohokukanko.jp/en/attractions/detail_1006289.html,EN,EN,PRIVATED,37.6588277,140.0651214,
H9o4Ccm0H5dQoBKAovxur,https://www.tohokukanko.jp/en/attractions/detail_1006405.html,EN,EN,PRIVATED,38.118638,140.7172998,
V-UkoP3giAwxBtUgNsMDM,https://www.tohokukanko.jp/en/attractions/detail_1006715.html,EN,EN,PRIVATED,40.169154567962494,139.99204825291747,
fIHR_nPClq8nwYo5FbVYq,https://www.tohokukanko.jp/en/attractions/detail_1006787.html,EN,EN,PRIVATED,40.2192555,140.0327974,
5bCv-fAcXBn7gBAW8EGMm,https://www.tohokukanko.jp/en/attractions/detail_1006788.html,EN,EN,PRIVATED,40.2089898,140.0254333,
HJbanUYANgScxBEn1Kz8G,https://www.tohokukanko.jp/en/attractions/detail_1006864.html,EN,EN,PRIVATED,39.649385154177864,140.94896793365479,
zZNFW3_EH5vXNjNIe0FDf,https://www.tohokukanko.jp/en/attractions/detail_1006948.html,EN,EN,PRIVATED,40.251012,140.3759844,
cGATuXkbp1L7lD6d4DVSS,https://www.tohokukanko.jp/en/attractions/detail_1007030.html,EN,EN,PRIVATED,39.68573888105567,140.09096063863367,
8kqCpnN-mwquBOrnrKPO3,https://www.tohokukanko.jp/en/attractions/detail_1007067.html,EN,EN,PRIVATED,37.5929513,139.8761637,
l6gZLfmvUjWvP9sXctM7I,https://www.tohokukanko.jp/en/attractions/detail_1007081.html,EN,EN,PRIVATED,38.31437,141.0220608,
6VVOtEsH7Ege-ACFPpVEr,https://www.tohokukanko.jp/en/attractions/detail_1007279.html,EN,EN,PRIVATED,39.70028,140.662698,
ypOkqx8q9NJOgXxMpC0mI,https://www.tohokukanko.jp/en/attractions/detail_1007335.html,EN,EN,PRIVATED,39.1993453,140.413032,
fOZQk3a9HDtnGkzD8mEHy,https://www.tohokukanko.jp/en/attractions/detail_1007336.html,EN,EN,PRIVATED,39.1602529,141.1818128,
Dhu6hs_5QOQtsZ8wSmiWx,https://www.tohokukanko.jp/en/attractions/detail_1007383.html,EN,EN,PRIVATED,38.3989088,140.271146,
8zdk2dXQJ7g1jHtJtCnJA,https://www.tohokukanko.jp/en/attractions/detail_1007397.html,EN,EN,PRIVATED,37.931113529921156,139.9065155131836,
2kknQJUH0yyYVWSY5_eeY,https://www.tohokukanko.jp/en/attractions/detail_1007521.html,EN,EN,PRIVATED,39.701558929831016,140.10807636608303,
tyXgwk3ANaA3RbAaDZ51M,https://www.tohokukanko.jp/en/attractions/detail_1007609.html,EN,EN,PRIVATED,39.230466,140.1387283,
2Ty4sZiwV57LdlDDt1GuC,https://www.tohokukanko.jp/en/attractions/detail_1007853.html,EN,EN,PRIVATED,40.70127137024198,141.15215391557825,
PhgCvDlJKj2rwaRbDT326,https://www.tohokukanko.jp/en/attractions/detail_1007881.html,EN,EN,PRIVATED,39.3661643,141.1981213,
pfZGGBgJwJMPaFA853XS_,https://www.tohokukanko.jp/en/attractions/detail_1007948.html,EN,EN,PRIVATED,38.892914,140.615477,
FeOkzcZQTfoMQ15OFWFzb,https://www.tohokukanko.jp/en/attractions/detail_1008057.html,EN,EN,PRIVATED,39.390778,141.1118431,
YXmjFo1WEXHqF-cCeqq2j,https://www.tohokukanko.jp/en/attractions/detail_1008455.html,EN,EN,PRIVATED,0,0,
N1ytq-4EPnsPh3GwCR8a1,https://www.tohokukanko.jp/en/attractions/detail_1008730.html,EN,EN,PRIVATED,37.750761,140.3755557,
yGVJ0YqGGYKSbFqfR6eV8,https://www.tohokukanko.jp/en/attractions/detail_1008731.html,EN,EN,PRIVATED,37.66150016024138,140.38060041309203,
ahK8Z4xRU5At_0G5SA7Zd,https://www.tohokukanko.jp/en/attractions/detail_1008734.html,EN,EN,PRIVATED,37.4877296,139.929809,
246FmHIJFIoJXdfxEoD4K,https://www.tohokukanko.jp/en/attractions/detail_1008769.html,EN,EN,PRIVATED,37.5078657,139.9303261,
CqFlw5U5hyhgU2oZQXG8G,https://www.tohokukanko.jp/en/attractions/detail_1008779.html,EN,EN,PRIVATED,37.653986579244204,140.6663402540252,
4kAAiwtkfAd6ss8X_LGbb,https://www.tohokukanko.jp/en/attractions/detail_1008786.html,EN,EN,PRIVATED,37.64398797439859,140.62896966934204,
ZH0nhzzJklac6Kj-jY7ED,https://www.tohokukanko.jp/en/attractions/detail_1008889.html,EN,EN,PRIVATED,37.75407784883733,140.46400693465827,
NrTANlXoKVyBeOElR2vr-,https://www.tohokukanko.jp/en/attractions/detail_1008950.html,EN,EN,PRIVATED,37.85438982148294,140.62392711639404,
L9XEqLX-GjU40_Ho2vLW5,https://www.tohokukanko.jp/en/attractions/detail_1008965.html,EN,EN,PRIVATED,37.6191251,139.8301758,
MUdb-GxL0bSiac6LVxzbl,https://www.tohokukanko.jp/en/attractions/detail_1009050.html,EN,EN,PRIVATED,37.811195246898706,140.52531570196152,
35cudufOFHyd3gOb1rYTC,https://www.tohokukanko.jp/en/attractions/detail_1009082.html,EN,EN,PRIVATED,37.6974443,140.7357499,
tt8f_s__BKJJGKIjBqM9z,https://www.tohokukanko.jp/en/attractions/detail_1009093.html,EN,EN,PRIVATED,37.854834,139.7071067,
mySSIY7o2k64ugcCPCgRX,https://www.tohokukanko.jp/en/attractions/detail_1009125.html,EN,EN,PRIVATED,0,0,
vrC4rvlzgojtwurC01SVz,https://www.tohokukanko.jp/en/attractions/detail_1009203.html,EN,EN,PRIVATED,37.600645,140.425024,
BnNyn4UdWLM_7VcLMQCmu,https://www.tohokukanko.jp/en/attractions/detail_1009333.html,EN,EN,PRIVATED,39.679059,141.1840961,
vbhFExAcD8o27ENkpVYYF,https://www.tohokukanko.jp/en/attractions/detail_1009343.html,EN,EN,PRIVATED,38.0107231,140.2386733,
wzUcyZqgTfkQ6m2Nm0eyD,https://www.tohokukanko.jp/en/attractions/detail_1009587.html,EN,EN,PRIVATED,37.77575556840367,140.12373739209596,
e-W4MGwwS7w59Pilh19Gz,https://www.tohokukanko.jp/en/attractions/detail_1009611.html,EN,EN,PRIVATED,37.718022190497145,140.35746001329812,
yWFWwyK47pzwWXWBmyhWC,https://www.tohokukanko.jp/en/attractions/detail_1009625.html,EN,EN,PRIVATED,38.3807324,140.2068294,
savCCZWajqvAPrcn0oQqG,https://www.tohokukanko.jp/en/attractions/detail_1009713.html,EN,EN,PRIVATED,0,0,
Jaga5E9DkwCmEsx1TtFu4,https://www.tohokukanko.jp/en/attractions/detail_1009974.html,EN,EN,PRIVATED,0,0,
yHWx5WBpuI1fFjEqI1Ql-,https://www.tohokukanko.jp/en/attractions/detail_1010057.html,EN,EN,PRIVATED,39.4664029,141.2856368,
zSjru9nHH7ck1ny1aNBjl,https://www.tohokukanko.jp/en/attractions/detail_1010060.html,EN,EN,PRIVATED,39.3909714,141.2222956,
tbeIrXeNJZKO7G253mg3R,https://www.tohokukanko.jp/en/attractions/detail_1010064.html,EN,EN,PRIVATED,39.4630343,140.9933528,
c8bz4XwLkgLuYoYoLZGz5,https://www.tohokukanko.jp/en/attractions/detail_1010067.html,EN,EN,PRIVATED,39.7687645,141.3400722,
f9vOl0S2b1dMZOxnWk3bU,https://www.tohokukanko.jp/en/attractions/detail_1010115.html,EN,EN,PRIVATED,39.76472589999999,140.752814,
oJh62TU3eQerdLN0jEmWX,https://www.tohokukanko.jp/en/attractions/detail_1010133.html,EN,EN,PRIVATED,37.8298069,140.4529627,
nDMTjFLlVEn1cwSy5j3WE,https://www.tohokukanko.jp/en/attractions/detail_1010145.html,EN,EN,PRIVATED,37.7607991,140.4747855,
fnhm85PuwphlJ1Lm6lAtX,https://www.tohokukanko.jp/en/attractions/detail_1010147.html,EN,EN,PRIVATED,37.734991,138.838139,
3j33dTttR_PoeDZUh_BUQ,https://www.tohokukanko.jp/en/attractions/detail_1010175.html,EN,EN,PRIVATED,37.7584344,140.3784295,
xPaY4xop1ikGfBAmRZ3B7,https://www.tohokukanko.jp/en/attractions/detail_1010178.html,EN,EN,PRIVATED,39.8009,140.794733,
HEu2XPGW2kY7Mh6TYHeVF,https://www.tohokukanko.jp/en/attractions/detail_1010268.html,EN,EN,PRIVATED,37.7244259,138.8389541,
T4fJSH87jmzGTwBX9szjc,https://www.tohokukanko.jp/en/attractions/detail_1010295.html,EN,EN,PRIVATED,40.921824,140.9883592,
weju0N_koxDiVj00fE3PP,https://www.tohokukanko.jp/en/attractions/detail_1010320.html,EN,EN,PRIVATED,39.383159,141.22245,
sZJwR4b2l27CMkXMgdOxV,https://www.tohokukanko.jp/en/attractions/detail_1010479.html,EN,EN,PRIVATED,37.7523787,140.304965,
6eF9axU1svviD_gBseV68,https://www.tohokukanko.jp/en/attractions/detail_1010481.html,EN,EN,PRIVATED,37.7523787,140.304965,
gwlUvIEsGIGcDLmw-8QFI,https://www.tohokukanko.jp/en/attractions/detail_1010504.html,EN,EN,PRIVATED,38.03539921258894,140.85470036263507,
UKwXVJC9eMY0G9ou0FOyk,https://www.tohokukanko.jp/en/attractions/detail_1010523.html,EN,EN,PRIVATED,38.044201951984796,140.86750610765685,
jr1t0qV3nvOZ75fN1uVfy,https://www.tohokukanko.jp/en/attractions/detail_1010556.html,EN,EN,PRIVATED,37.7523787,140.304965,
c3w7wHRDW_20SYc7EMqCD,https://www.tohokukanko.jp/en/attractions/detail_1010557.html,EN,EN,PRIVATED,40.6807904,140.8316987,
c7PDaaKdh39n-l-3g30mo,https://www.tohokukanko.jp/en/attractions/detail_1010566.html,EN,EN,PRIVATED,0,0,
glPSSnb34Z8QrkX1BlCIk,https://www.tohokukanko.jp/en/attractions/detail_1010658.html,EN,EN,PRIVATED,37.9136344,139.2404876,
sl_i3wUkU9HquSHkG2lEO,https://www.tohokukanko.jp/en/attractions/detail_1010683.html,EN,EN,PRIVATED,37.4996883,139.9299705,
sc7pLL2nBdkPU4xIStjaX,https://www.tohokukanko.jp/en/attractions/detail_1010684.html,EN,EN,PRIVATED,37.498704,139.9270271,
iQVnN-QDEvG81Qv7reVmk,https://www.tohokukanko.jp/en/attractions/detail_1010707.html,EN,EN,PRIVATED,37.4987203,139.9283686,
vfrTRgSLkVIwlOrsPYnZg,https://www.tohokukanko.jp/en/attractions/detail_1010708.html,EN,EN,PRIVATED,37.4990146,139.9265316,
OMAyOyT2MGt-ubwkjY_Hx,https://www.tohokukanko.jp/en/attractions/detail_1010717.html,EN,EN,PRIVATED,37.5078657,139.9303261,
Tj6tz-0CFethYJFUf3JyM,https://www.tohokukanko.jp/en/attractions/detail_1010732.html,EN,EN,PRIVATED,37.4972207,139.9336346,
8Yy5BjDQ1kTlodytyin4l,https://www.tohokukanko.jp/en/attractions/detail_1010736.html,EN,EN,PRIVATED,37.4904786,139.9496355,
ljxzfOodQY_DCTr8eBwpY,https://www.tohokukanko.jp/en/attractions/detail_1010790.html,EN,EN,PRIVATED,38.0612648,139.4539761,
J4PT7mcKIIcxfqqptoopu,https://www.tohokukanko.jp/en/attractions/detail_1010813.html,EN,EN,PRIVATED,37.4966203,139.946886,
6NzY7TlgI4vE1IN14gsTR,https://www.tohokukanko.jp/en/attractions/detail_1010828.html,EN,EN,PRIVATED,37.4974342,139.9329889,
eQDD6jywDTP1caq6kDnV8,https://www.tohokukanko.jp/en/attractions/detail_1010882.html,EN,EN,PRIVATED,37.5079872,139.9343897,
tvN8a2KkXqYa0zVkj9TbV,https://www.tohokukanko.jp/en/attractions/detail_1010886.html,EN,EN,PRIVATED,37.4866828,139.9308963,
dXq1IrduznP5Cqu33iSIT,https://www.tohokukanko.jp/en/attractions/detail_1010924.html,EN,EN,PRIVATED,40.5195256,141.0113903,
8AxeVeHPpF2w1k1kyqG1i,https://www.tohokukanko.jp/en/attractions/detail_1011268.html,EN,EN,PRIVATED,0,0,
23-Uvzwd2VKnLzZlGkBtH,https://www.tohokukanko.jp/en/attractions/detail_1011386.html,EN,EN,PRIVATED,37.9236971,140.1363692,
OFGDQnzEZGV64gI1NCMc4,https://www.tohokukanko.jp/en/attractions/detail_1011387.html,EN,EN,PRIVATED,39.0317893,139.9887195,
LEtESLN1mEMFAivFTU26W,https://www.tohokukanko.jp/en/attractions/detail_1011430.html,EN,EN,PRIVATED,37.3597995,139.8905718,
RUKWRw962PAqLBO8qjCDf,https://www.tohokukanko.jp/en/attractions/detail_1011538.html,EN,EN,PRIVATED,38.0366434,138.2409791,
MH8DpvbvPh7JaEcSOZ9x3,https://www.tohokukanko.jp/en/attractions/detail_1011612.html,EN,EN,PRIVATED,37.7014579,139.081401,
OZXRGLihWsde_-53tsdrC,https://www.tohokukanko.jp/en/attractions/detail_1011.html,EN,EN,PRIVATED,39.707443,141.137474,
ZZXHCKMoArI_Z6oLI828b,https://www.tohokukanko.jp/en/attractions/detail_1049.html,EN,EN,PRIVATED,38.269643,140.872793,
6gNnCqieE69uEEdX5xgS5,https://www.tohokukanko.jp/en/attractions/detail_1142.html,EN,EN,PRIVATED,39.485065,140.786037,
HnuLUB6gFUx2QpuFwqwpG,https://www.tohokukanko.jp/en/attractions/detail_1215.html,EN,EN,PRIVATED,39.048626,140.403157,
smYGB3p8j-JrTBkoWoOxG,https://www.tohokukanko.jp/en/attractions/detail_1329.html,EN,EN,PRIVATED,39.117885,141.815397,
S8JSh099231fAvPcP4h1x,https://www.tohokukanko.jp/en/attractions/detail_1466.html,EN,EN,PRIVATED,39.275538,141.880644,
aeP1frnk_z-cGBdT_HlH2,https://www.tohokukanko.jp/en/attractions/detail_1528.html,EN,EN,PRIVATED,38.021108,139.496642,
m_DdEyt4wa5NJYEFNYp0f,https://www.tohokukanko.jp/en/attractions/detail_1711.html,EN,EN,PRIVATED,39.427353,140.748102,
LW7EQDX3oDzxRwOgYgD7r,https://www.tohokukanko.jp/en/attractions/detail_1001255.html,EN,EN,PRIVATED,40.599,140.485005,
bv5LKKsxpuXlmmX7WHe9G,https://www.tohokukanko.jp/en/attractions/detail_1001262.html,EN,EN,PRIVATED,39.32691,141.901028,
mhaHLK_PgevloNen9z70H,https://www.tohokukanko.jp/en/attractions/detail_1001321.html,EN,EN,PRIVATED,38.988306,141.117111,
_aW632Psd_L-MtJGJDoRn,https://www.tohokukanko.jp/en/attractions/detail_1001408.html,EN,EN,PRIVATED,40.8908305,140.8623319,
jokoLfU2VKlTF2BMoXh0u,https://www.tohokukanko.jp/en/attractions/detail_1001867.html,EN,EN,PRIVATED,38.7811575,141.3893909,
pEr7JjUiHn9dU505TByh6,https://www.tohokukanko.jp/en/attractions/detail_1001888.html,EN,EN,PRIVATED,38.2079554,140.8370551,
cDC2nnCRYbAZEvYIVcRT0,https://www.tohokukanko.jp/en/attractions/detail_1002059.html,EN,EN,PRIVATED,38.015386558011016,140.4039752483368,
4_CJusXAGR39X6iKAR6KK,https://www.tohokukanko.jp/en/attractions/detail_1002110.html,EN,EN,PRIVATED,38.1697257,140.879459,
WzR2vap2ZrsWT_2sA0WIC,https://www.tohokukanko.jp/en/attractions/detail_1002168.html,EN,EN,PRIVATED,39.21772790000001,140.9929298,
G8P-becJkWSQJJXDStMoF,https://www.tohokukanko.jp/en/attractions/detail_1002459.html,EN,EN,PRIVATED,0,0,
sgzaHx0tWSO6hbeIgZZtQ,https://www.tohokukanko.jp/en/attractions/detail_1002464.html,EN,EN,PRIVATED,0,0,
Fsz41vBstJBSSErTXlOfE,https://www.tohokukanko.jp/en/attractions/detail_1002492.html,EN,EN,PRIVATED,39.7047164,141.1457635,
5wG5ubdK-s5Z5SMDMN-Ix,https://www.tohokukanko.jp/en/attractions/detail_1002696.html,EN,EN,PRIVATED,38.4061938,140.8082037,
cZ9ZlGyS0Twm2Flwmf62s,https://www.tohokukanko.jp/en/attractions/detail_1002781.html,EN,EN,PRIVATED,0,0,
n5Patic0Fj2WYV1YAabXK,https://www.tohokukanko.jp/en/attractions/detail_1002789.html,EN,EN,PRIVATED,38.14770670000001,140.5376177,
eZ3oFqUtntzrW6pSOSSFv,https://www.tohokukanko.jp/en/attractions/detail_1002814.html,EN,EN,PRIVATED,38.34540246804431,140.37899000549663,
yz9Vgy1AtMCIYW36AhBMH,https://www.tohokukanko.jp/en/attractions/detail_1002816.html,EN,EN,PRIVATED,38.3437305,140.4900216,
_R2eMYt8CtKQcazKKDrR8,https://www.tohokukanko.jp/en/attractions/detail_1002830.html,EN,EN,PRIVATED,38.3309535,140.3589332,
bgBsC1yinm676Nm4zt_cl,https://www.tohokukanko.jp/en/attractions/detail_1002834.html,EN,EN,PRIVATED,38.36226976478744,140.37787199020386,
TLinlJJbTp0pGWi6_k0_w,https://www.tohokukanko.jp/en/attractions/detail_1002856.html,EN,EN,PRIVATED,37.5538837606975,140.50599345770263,
MTy9L8-2Z1J3Y61YT0puV,https://www.tohokukanko.jp/en/attractions/detail_1002857.html,EN,EN,PRIVATED,37.54061295285208,140.66423927179298,
iJdcGKfldxsMUJCH4R9Ax,https://www.tohokukanko.jp/en/attractions/detail_1002949.html,EN,EN,PRIVATED,38.146129275691095,140.53475225767212,
_FLGcelnXe8mbqYJ41Z_3,https://www.tohokukanko.jp/en/attractions/detail_1003284.html,EN,EN,PRIVATED,40.87258154274258,141.11916356456481,
DHhyt6NJSodXQ4thtF9lO,https://www.tohokukanko.jp/en/attractions/detail_1003300.html,EN,EN,PRIVATED,40.6030626,140.4640543,
LR1U02p2bx0jAfydnzRr1,https://www.tohokukanko.jp/en/attractions/detail_1003554.html,EN,EN,PRIVATED,38.296631,141.0059219,
7lkpuLlXNFD_FNgUmToak,https://www.tohokukanko.jp/en/attractions/detail_1003558.html,EN,EN,PRIVATED,38.2860657,140.989178,
ypqxWw9vF7l1Nq7BrbArw,https://www.tohokukanko.jp/en/attractions/detail_1003671.html,EN,EN,PRIVATED,39.7060207,141.1379847,
zQhH5FExwJZkPBjLq1gm0,https://www.tohokukanko.jp/en/attractions/detail_1003695.html,EN,EN,PRIVATED,38.630337,141.5276632,
3ax1jVdGlANflJQ-9jiP9,https://www.tohokukanko.jp/en/attractions/detail_1003715.html,EN,EN,PRIVATED,37.1312138,140.2125935,
VZjKS0P45hvY8rzo01n56,https://www.tohokukanko.jp/en/attractions/detail_1003729.html,EN,EN,PRIVATED,37.3928103,140.4197542,
D_4OBeFFBfD0WzxiCZJgD,https://www.tohokukanko.jp/en/attractions/detail_1003736.html,EN,EN,PRIVATED,38.75904689616904,140.32004777026367,
wrlFZkB2l-GmHR41XIeKW,https://www.tohokukanko.jp/en/attractions/detail_1003790.html,EN,EN,PRIVATED,39.84522279999999,141.1721048,
ToWx7cSm2DZckS3uHCPV_,https://www.tohokukanko.jp/en/attractions/detail_1003965.html,EN,EN,PRIVATED,39.6920083,141.1285961,
PurSpB-qpYkoONu-1dB5P,https://www.tohokukanko.jp/en/attractions/detail_1004157.html,EN,EN,PRIVATED,39.70006679999999,141.1546915,
HmZO-s8OEKYiQrevLQKVQ,https://www.tohokukanko.jp/en/attractions/detail_1004218.html,EN,EN,PRIVATED,39.69949359130805,140.96385955810547,
D9kqQmagrShFGJmmAhVVx,https://www.tohokukanko.jp/en/attractions/detail_1004328.html,EN,EN,PRIVATED,38.3925629,140.9780273,
OgJmYzeAysQGEVJebYbvr,https://www.tohokukanko.jp/en/attractions/detail_1004348.html,EN,EN,PRIVATED,39.2270396,141.0116357,
bGfbOZOWEjKxVQhXnfene,https://www.tohokukanko.jp/en/attractions/detail_1004431.html,EN,EN,PRIVATED,37.2868591,140.3727782,
v9WKmmjZpWc80PFVJSmPN,https://www.tohokukanko.jp/en/attractions/detail_1004602.html,EN,EN,PRIVATED,37.25096401128356,140.46226501464844,
2yaCnWNj4uTFi5kmoGOFv,https://www.tohokukanko.jp/en/attractions/detail_1004620.html,EN,EN,PRIVATED,39.5535349,141.2042402,
npiORsytNVOQ9Zep-X0fd,https://www.tohokukanko.jp/en/attractions/detail_1004625.html,EN,EN,PRIVATED,38.74318126484317,140.71694768636644,
UNyAKT6WxmGnJzfanPXpY,https://www.tohokukanko.jp/en/attractions/detail_1004735.html,EN,EN,PRIVATED,37.7583039,140.6883346,
NgrKIif3oUeNyAecdC0uQ,https://www.tohokukanko.jp/en/attractions/detail_1004824.html,EN,EN,PRIVATED,40.1345336,140.9674913,
hDOnGRQxzjQhgr6IMBmPi,https://www.tohokukanko.jp/en/attractions/detail_1004848.html,EN,EN,PRIVATED,38.892914,140.615477,
g6MKhapJpfYmrbr3CysJe,https://www.tohokukanko.jp/en/attractions/detail_1004894.html,EN,EN,PRIVATED,38.504619823951664,139.9977095692505,
8oMBBbz17JQ9PRzzI8HZf,https://www.tohokukanko.jp/en/attractions/detail_1004929.html,EN,EN,PRIVATED,39.63928970424968,140.93364715576172,
Ust3FPb5Q1g-LkaczNx9R,https://www.tohokukanko.jp/en/attractions/detail_1004962.html,EN,EN,PRIVATED,38.5175537,140.0071367,
o2Chleeg2kMBouau2Wsqm,https://www.tohokukanko.jp/en/attractions/detail_1004971.html,EN,EN,PRIVATED,38.4111635445219,140.7091999053955,
ox-0rTKnZ4swmpf1Raa1t,https://www.tohokukanko.jp/en/attractions/detail_1005001.html,EN,EN,PRIVATED,37.9679426,140.8073436,
lTB2_svE0pYOkg9lAgzIa,https://www.tohokukanko.jp/en/attractions/detail_1005020.html,EN,EN,PRIVATED,38.476196562028434,140.00385366966816,
0wVnz2TF6QUAGAR_efUqB,https://www.tohokukanko.jp/en/attractions/detail_1005031.html,EN,EN,PRIVATED,0,0,
yZxSjKPwsS2-1xlEP_LAi,https://www.tohokukanko.jp/en/attractions/detail_1005099.html,EN,EN,PRIVATED,39.221535,141.0262441,
tlvXmSyYpECXZMApRWRxe,https://www.tohokukanko.jp/en/attractions/detail_1005100.html,EN,EN,PRIVATED,37.03442182775547,140.38298848700714,
J6xMM-qINzPZ-hiP2AGpn,https://www.tohokukanko.jp/en/attractions/detail_1005194.html,EN,EN,PRIVATED,37.45660627421964,139.84348324386463,
GXJbrNOPYDc9FCQRAX8vQ,https://www.tohokukanko.jp/en/attractions/detail_1005226.html,EN,EN,PRIVATED,38.0611689,140.182282,
2h0oWbsYgj3Lm0uR1-r9V,https://www.tohokukanko.jp/en/attractions/detail_1005237.html,EN,EN,PRIVATED,37.0300016,140.384967,
tPWeg-3oyTKEXF5AwLY2U,https://www.tohokukanko.jp/en/attractions/detail_1005238.html,EN,EN,PRIVATED,36.9741422,140.3604146,
hFpl4v-CFZyFRCd_GhWir,https://www.tohokukanko.jp/en/attractions/detail_1005260.html,EN,EN,PRIVATED,39.1453009,141.1887577,
pGFxvFsGhh5MUTOOkXUTL,https://www.tohokukanko.jp/en/attractions/detail_1005338.html,EN,EN,PRIVATED,40.7789879,140.2113359,
0pCzl7R12vKobLAh6fRgp,https://www.tohokukanko.jp/en/attractions/detail_1005342.html,EN,EN,PRIVATED,40.27059817738947,140.55870391415556,
sl7Azp-Pc950CM6pPpobt,https://www.tohokukanko.jp/en/attractions/detail_1005374.html,EN,EN,PRIVATED,40.27059321860687,140.55870615026245,
--I9isC7HUB2MJotbgeSk,https://www.tohokukanko.jp/en/attractions/detail_1005428.html,EN,EN,PRIVATED,39.1968989,141.1167515,
zolTNtO7BW68ynJUSiT3i,https://www.tohokukanko.jp/en/attractions/detail_1005579.html,EN,EN,PRIVATED,37.8558088,140.6110844,
bjv5wwZTKZWAOuXU5lFig,https://www.tohokukanko.jp/en/attractions/detail_1005750.html,EN,EN,PRIVATED,38.0033279672636,140.62257150222112,
I6gw0kFuBHsOT7MKNEcJV,https://www.tohokukanko.jp/en/attractions/detail_1005770.html,EN,EN,PRIVATED,37.50902322905165,139.81187677946141,
L3cJOGuraIXfr_97MuA3M,https://www.tohokukanko.jp/en/attractions/detail_1005856.html,EN,EN,PRIVATED,37.8557064,140.509855,
rDw5vQ9BmlnXSGi-I1KTN,https://www.tohokukanko.jp/en/attractions/detail_1005917.html,EN,EN,PRIVATED,39.0608794,141.7218696,
cLngvfNfEDdX8vxsV4h5j,https://www.tohokukanko.jp/en/attractions/detail_1006068.html,EN,EN,PRIVATED,37.5308188,140.3643179,
lcvhPjbiNuX51zCVAmJ0v,https://www.tohokukanko.jp/en/attractions/detail_1006095.html,EN,EN,PRIVATED,39.63947146842234,140.93716621398926,
ivStGGfb9nkr5BOg9xTcN,https://www.tohokukanko.jp/en/attractions/detail_1006139.html,EN,EN,PRIVATED,37.5362393,140.0733644,
AKo4KouO6haBNeuQNf4oM,https://www.tohokukanko.jp/en/attractions/detail_1006155.html,EN,EN,PRIVATED,37.7096939,140.9612709,
uGGsXbOXAiUAvC7de4yDB,https://www.tohokukanko.jp/en/attractions/detail_1006225.html,EN,EN,PRIVATED,37.335702,139.611105,
Vw2IJngCNSxapzs4xX5MG,https://www.tohokukanko.jp/en/attractions/detail_1006296.html,EN,EN,PRIVATED,38.69040047963743,140.5283546447754,
lxtvcrS0EK4sK-B8UufK6,https://www.tohokukanko.jp/en/attractions/detail_1006312.html,EN,EN,PRIVATED,38.75451930847242,140.42092173221857,
_woYZqSYk5IBkzu10Vs6X,https://www.tohokukanko.jp/en/attractions/detail_1006322.html,EN,EN,PRIVATED,37.2473525,140.3913424,
1zNL0uzdltDLIQ2pMrLC4,https://www.tohokukanko.jp/en/attractions/detail_1006383.html,EN,EN,PRIVATED,37.411568,140.4718315,
-k_i1HG1z1VGMyi5botny,https://www.tohokukanko.jp/en/attractions/detail_1006411.html,EN,EN,PRIVATED,38.1325003,140.7508172,
ri2PK_uXJIQyLQwocRu3f,https://www.tohokukanko.jp/en/attractions/detail_1006465.html,EN,EN,PRIVATED,38.377920858250825,140.8703698048935,
c7p_Zq6t7_CbMdcZglRQk,https://www.tohokukanko.jp/en/attractions/detail_1006486.html,EN,EN,PRIVATED,38.1340384,140.5248312,
mYNn6r_udf5J-rFZP-dVY,https://www.tohokukanko.jp/en/attractions/detail_1006502.html,EN,EN,PRIVATED,38.120353,140.573239,
GwEelOU-2NIFT56HnV5iJ,https://www.tohokukanko.jp/en/attractions/detail_1006586.html,EN,EN,PRIVATED,38.31653020399732,141.01795300841331,
YWa8GHMUs5nb-fSpwwsdT,https://www.tohokukanko.jp/en/attractions/detail_1006727.html,EN,EN,PRIVATED,40.27912545275808,140.1535762090114,
Q0RwAynyOZquNjHYo4g9X,https://www.tohokukanko.jp/en/attractions/detail_1006751.html,EN,EN,PRIVATED,40.21692885863807,140.01417431824646,
afDCvq-53wMyVB9GmxmSE,https://www.tohokukanko.jp/en/attractions/detail_1006771.html,EN,EN,PRIVATED,40.170651,140.11353,
-BB_NvMOlfyNrb6pzmp1d,https://www.tohokukanko.jp/en/attractions/detail_1006782.html,EN,EN,PRIVATED,40.2288489,140.0409837,
AoVUdnPqXknSTHPHZ1FQc,https://www.tohokukanko.jp/en/attractions/detail_1006783.html,EN,EN,PRIVATED,40.21316700000001,140.0319581,
q80MoMEF1OUWtOM0I8pXx,https://www.tohokukanko.jp/en/attractions/detail_1006784.html,EN,EN,PRIVATED,40.21491779999999,140.0140006,
NVS9A7OCAeIY2Smud7zlF,https://www.tohokukanko.jp/en/attractions/detail_1006832.html,EN,EN,PRIVATED,39.3276746,141.9443435,
I8A2krZixvIP5fDcvLjfb,https://www.tohokukanko.jp/en/attractions/detail_1007038.html,EN,EN,PRIVATED,39.803514457071095,140.26223827798256,
jrHZJV0SKHWWXBLKiFHiu,https://www.tohokukanko.jp/en/attractions/detail_1007156.html,EN,EN,PRIVATED,40.1700573,140.1175634,
gcL1rr39-FOyv9garpA5e,https://www.tohokukanko.jp/en/attractions/detail_1007184.html,EN,EN,PRIVATED,39.3115003,140.5619309,
x5rvYZY8AyxBtb7qoK3LE,https://www.tohokukanko.jp/en/attractions/detail_1007209.html,EN,EN,PRIVATED,39.42196539019157,140.54074890793456,
LEDOkVeuHkOUvHsGMGMq8,https://www.tohokukanko.jp/en/attractions/detail_1007304.html,EN,EN,PRIVATED,39.5931148,140.5655818,
hr8LJqcjgkvYf1d9rIbLK,https://www.tohokukanko.jp/en/attractions/detail_1007423.html,EN,EN,PRIVATED,38.3411767,140.2753309,
eZ5_vw9X23RxoXhNEThRm,https://www.tohokukanko.jp/en/attractions/detail_1007458.html,EN,EN,PRIVATED,39.764911,140.752754,
_Xghli9JCV-g3P5rBNe3e,https://www.tohokukanko.jp/en/attractions/detail_1007494.html,EN,EN,PRIVATED,38.892914,140.615477,
VHZEwkAqR9YGKRFtSZ65I,https://www.tohokukanko.jp/en/attractions/detail_1007509.html,EN,EN,PRIVATED,39.74974814848824,140.1312910785397,
RWrUhd4unO4rWCg9Ek4pF,https://www.tohokukanko.jp/en/attractions/detail_1007524.html,EN,EN,PRIVATED,39.5930266,140.5647684,
xqUSJqk0wQlvTRGIGD7k5,https://www.tohokukanko.jp/en/attractions/detail_1007542.html,EN,EN,PRIVATED,40.09803366543276,139.9596405029297,
sf9IxDthZCPYCKsj4l_wf,https://www.tohokukanko.jp/en/attractions/detail_1007559.html,EN,EN,PRIVATED,39.6211182,140.4768862,
_N2HoVL3fwNVw0IHL9cgz,https://www.tohokukanko.jp/en/attractions/detail_1007586.html,EN,EN,PRIVATED,39.661621,140.566509,
YlhoruGxrBpMcbCwDQR2W,https://www.tohokukanko.jp/en/attractions/detail_1007611.html,EN,EN,PRIVATED,39.1199506,140.1840403,
HVevteoqVRyofgScUx0Aw,https://www.tohokukanko.jp/en/attractions/detail_1007635.html,EN,EN,PRIVATED,39.593672,140.567366,
Q1wqhxVKYPYi-tPg48sX3,https://www.tohokukanko.jp/en/attractions/detail_1007720.html,EN,EN,PRIVATED,39.884179,139.843267,
hBgVYqztm2uiZFKctzjoc,https://www.tohokukanko.jp/en/attractions/detail_1007766.html,EN,EN,PRIVATED,40.9026821,140.457158,
R2gDpLqfpwQiX6xnFTUG2,https://www.tohokukanko.jp/en/attractions/detail_1007900.html,EN,EN,PRIVATED,40.3087449,140.2868985,
vq9OT8aCfQy7fYs_Yutgz,https://www.tohokukanko.jp/en/attractions/detail_1007975.html,EN,EN,PRIVATED,0,0,
Z1PiSXJsNZMki0wIIE4OX,https://www.tohokukanko.jp/en/attractions/detail_1007986.html,EN,EN,PRIVATED,0,0,
IvVuuRQWTLCXrAIsBN4y4,https://www.tohokukanko.jp/en/attractions/detail_1007993.html,EN,EN,PRIVATED,38.892914,140.615477,
Bjl_dCDxpsNTcewdj8ZV4,https://www.tohokukanko.jp/en/attractions/detail_1008005.html,EN,EN,PRIVATED,39.756186433688455,140.0669334,
ekXJqRhxE55n7wepQj6Gw,https://www.tohokukanko.jp/en/attractions/detail_1008019.html,EN,EN,PRIVATED,38.3115338,140.4315751,
2cr9_Y1T9nm-7qoEidvAU,https://www.tohokukanko.jp/en/attractions/detail_1008124.html,EN,EN,PRIVATED,38.26024514733341,140.87263272366482,
rtnb6c6GKN8BIa-BArdYq,https://www.tohokukanko.jp/en/attractions/detail_1008689.html,EN,EN,PRIVATED,37.6005792,140.4438584,
qWIG_yDT30_CPyIom3G5v,https://www.tohokukanko.jp/en/attractions/detail_1008752.html,EN,EN,PRIVATED,37.5078657,139.9303261,
NSXhTgpbXV8olhXVqT1m5,https://www.tohokukanko.jp/en/attractions/detail_1008759.html,EN,EN,PRIVATED,37.511894,139.9294703,
hEsO4Oeh4pYClvKjHc07E,https://www.tohokukanko.jp/en/attractions/detail_1008787.html,EN,EN,PRIVATED,37.66395778060102,140.5973732471466,
UYP7aTCYazT5GpnU5qGeQ,https://www.tohokukanko.jp/en/attractions/detail_1008888.html,EN,EN,PRIVATED,37.8226394,140.4407152,
EceMUZDtV2YCAsGRQdb5d,https://www.tohokukanko.jp/en/attractions/detail_1009026.html,EN,EN,PRIVATED,37.73622375176427,140.61025857925415,
Wv_t8ZCDFhAe0ct6ZJsBu,https://www.tohokukanko.jp/en/attractions/detail_1009031.html,EN,EN,PRIVATED,37.8047523,140.5245964,
IgEv61Ao6DojJz1gXSbhD,https://www.tohokukanko.jp/en/attractions/detail_1009034.html,EN,EN,PRIVATED,37.8455711,140.6012896,
WXhrECJaenXtVNN7KSrAN,https://www.tohokukanko.jp/en/attractions/detail_1009063.html,EN,EN,PRIVATED,39.359735,141.905807,
8NtkjxFIG18FmYIQflAW9,https://www.tohokukanko.jp/en/attractions/detail_1009102.html,EN,EN,PRIVATED,38.92689190000001,141.1373884,
_0tQhWnUbxX2EoQitDL_g,https://www.tohokukanko.jp/en/attractions/detail_1009134.html,EN,EN,PRIVATED,39.7035305,141.1526673,
gvKdLKwhplRPDgKqXLlTA,https://www.tohokukanko.jp/en/attractions/detail_1009185.html,EN,EN,PRIVATED,38.34303540000001,141.1500719,
kb_PMX9BvkcGBqD82drkH,https://www.tohokukanko.jp/en/attractions/detail_1009196.html,EN,EN,PRIVATED,37.8805653,140.0520682,
MgFFz9SFth3_d-hHfUHLS,https://www.tohokukanko.jp/en/attractions/detail_1009206.html,EN,EN,PRIVATED,37.5848714,140.4312591,
AjknKwAz9aY6diaUqisZW,https://www.tohokukanko.jp/en/attractions/detail_1009334.html,EN,EN,PRIVATED,39.2697563,141.8339389,
w7qY6Mpc6y74mKjwAYnUt,https://www.tohokukanko.jp/en/attractions/detail_1009344.html,EN,EN,PRIVATED,38.4263202,140.314356,
IrXQk3J_aVcNaRd15FCsM,https://www.tohokukanko.jp/en/attractions/detail_1009354.html,EN,EN,PRIVATED,40.9242899,141.2777457,
lYHa3ocTA1aw_VPeppVLQ,https://www.tohokukanko.jp/en/attractions/detail_1009373.html,EN,EN,PRIVATED,38.93137600000001,141.1324439,
gF2OnNfB7y9fNMnhPP9JN,https://www.tohokukanko.jp/en/attractions/detail_1009657.html,EN,EN,PRIVATED,38.03771152059564,140.2477390920044,
FP67DJTLk2wVFudB3lirv,https://www.tohokukanko.jp/en/attractions/detail_1009714.html,EN,EN,PRIVATED,0,0,
E80kW8-n4lOKbuPEESmDc,https://www.tohokukanko.jp/en/attractions/detail_1009717.html,EN,EN,PRIVATED,37.346259,139.310064,
aan6WYiAOlslp5x_7jS0p,https://www.tohokukanko.jp/en/attractions/detail_1009792.html,EN,EN,PRIVATED,38.29357433771559,140.2687382698059,
fQTx_CdFeInuaFjfIvL1F,https://www.tohokukanko.jp/en/attractions/detail_1009876.html,EN,EN,PRIVATED,37.496722361795115,139.9283071298548,
bMLKD0aNQiJnaXNj4H_GC,https://www.tohokukanko.jp/en/attractions/detail_1010028.html,EN,EN,PRIVATED,38.0057293,140.1625663,
f3OMgb-Dn6jgA9vKasm2G,https://www.tohokukanko.jp/en/attractions/detail_1010046.html,EN,EN,PRIVATED,39.7687645,141.3400722,
IiShqtY5NyK29e719_Lxu,https://www.tohokukanko.jp/en/attractions/detail_1010076.html,EN,EN,PRIVATED,39.3469311,141.2799371,
x1cNPqpMM3voe5G0WvupJ,https://www.tohokukanko.jp/en/attractions/detail_1010132.html,EN,EN,PRIVATED,39.596194,140.54167,
r442ErS4XyTCACirrBbsV,https://www.tohokukanko.jp/en/attractions/detail_1010159.html,EN,EN,PRIVATED,39.38782339999999,141.1150361,
oJJSwcE14RThvAdEkxT7C,https://www.tohokukanko.jp/en/attractions/detail_1010165.html,EN,EN,PRIVATED,39.5322217,141.4163351,
bULafFZsEWEro_VSzw6_P,https://www.tohokukanko.jp/en/attractions/detail_1010343.html,EN,EN,PRIVATED,38.3405414,140.2757227,
52A6sqeHc7FTgkf7Ql3F6,https://www.tohokukanko.jp/en/attractions/detail_1010503.html,EN,EN,PRIVATED,38.0226534,140.8539615,
RG9ihw90hs3RpwCYiVYfI,https://www.tohokukanko.jp/en/attractions/detail_1010540.html,EN,EN,PRIVATED,37.49795894321896,139.9231517314911,
eOrp9Dnl3fsBBJnc-igIC,https://www.tohokukanko.jp/en/attractions/detail_1010653.html,EN,EN,PRIVATED,37.4890133,139.9301067,
pip5LkZxbIZS790kl39tQ,https://www.tohokukanko.jp/en/attractions/detail_1010667.html,EN,EN,PRIVATED,37.4855199,139.9444062,
NsYtq4R0mPHQz4xC_m9po,https://www.tohokukanko.jp/en/attractions/detail_1010681.html,EN,EN,PRIVATED,37.5019817,139.9291954,
MsRbMNimr0uRSeBIbyWDg,https://www.tohokukanko.jp/en/attractions/detail_1010682.html,EN,EN,PRIVATED,38.892914,140.615477,
JzhYvOF9CLrLxkRgaAcLO,https://www.tohokukanko.jp/en/attractions/detail_1010686.html,EN,EN,PRIVATED,37.9549712,139.2203173,
rvpS4GuZQnBM_VUNPqAmZ,https://www.tohokukanko.jp/en/attractions/detail_1010702.html,EN,EN,PRIVATED,37.4975743,139.9281359,
ENVk2p9fSKsPOUU5yxhUC,https://www.tohokukanko.jp/en/attractions/detail_1010713.html,EN,EN,PRIVATED,37.500642,139.9199344,
_U7Z7bCTdTm3DFAIHFCaf,https://www.tohokukanko.jp/en/attractions/detail_1010714.html,EN,EN,PRIVATED,37.5492775,139.9326501,
Rt99Shm4SQ4nJLv4S3PEV,https://www.tohokukanko.jp/en/attractions/detail_1010722.html,EN,EN,PRIVATED,38.892914,140.615477,
HgLo97ceabvLX6W4kIYI9,https://www.tohokukanko.jp/en/attractions/detail_1010734.html,EN,EN,PRIVATED,37.5047511,139.9519399,
ZniQM4H_2qToCfwbWxmkx,https://www.tohokukanko.jp/en/attractions/detail_1010754.html,EN,EN,PRIVATED,37.4866828,139.9308963,
9fcqXmCodQ6oXmzmbIGSy,https://www.tohokukanko.jp/en/attractions/detail_1010764.html,EN,EN,PRIVATED,38.2240045,139.480171,
wzpb2BnQtfl0YekfFqS6s,https://www.tohokukanko.jp/en/attractions/detail_1010777.html,EN,EN,PRIVATED,37.4866828,139.9308963,
evv-LI2Ez2wOvrywybFTS,https://www.tohokukanko.jp/en/attractions/detail_1010796.html,EN,EN,PRIVATED,37.6936578,139.1894954,
roUWcjYISBO-MjXP4g0Lx,https://www.tohokukanko.jp/en/attractions/detail_1010798.html,EN,EN,PRIVATED,37.8810316,139.3108071,
55NA2tt4Y5xEXz2lcfz4L,https://www.tohokukanko.jp/en/attractions/detail_1010806.html,EN,EN,PRIVATED,37.9518937,139.3269183,
CbaD_xemo0UhDE2gBG1mx,https://www.tohokukanko.jp/en/attractions/detail_1010872.html,EN,EN,PRIVATED,37.6514499,140.0640898,
NM6X5bEwCcq09BjwrIPZm,https://www.tohokukanko.jp/en/attractions/detail_1010876.html,EN,EN,PRIVATED,37.4915286,139.9303137,
co8JsF8UFhXxXYWjoz9Mx,https://www.tohokukanko.jp/en/attractions/detail_1010898.html,EN,EN,PRIVATED,37.6015053,140.1294475,
JvTwQ48_PnsDawQeY6MfU,https://www.tohokukanko.jp/en/attractions/detail_1010920.html,EN,EN,PRIVATED,40.6114415,141.2058152,
fS9bXtxgqz6M6GR28D_x0,https://www.tohokukanko.jp/en/attractions/detail_1011221.html,EN,EN,PRIVATED,38.28321589999999,140.858842,
KhTbuHN7q2cI07o2c_BuV,https://www.tohokukanko.jp/en/attractions/detail_1011371.html,EN,EN,PRIVATED,38.0954822,139.9820932,
kl1f9BBQfToFS09sYJzAP,https://www.tohokukanko.jp/en/attractions/detail_1011409.html,EN,EN,PRIVATED,40.3082827,140.2875135,
typD_xBilqZR-skJqxTNf,https://www.tohokukanko.jp/en/attractions/detail_1011510.html,EN,EN,PRIVATED,40.8908305,140.8623319,
26Yf2bjZZqcORg0ijKaYd,https://www.tohokukanko.jp/en/attractions/detail_1061.html,EN,EN,PRIVATED,40.386016,139.987383,
Vw76lyhUOJjJe4UfsVUI5,https://www.tohokukanko.jp/en/attractions/detail_1190.html,EN,EN,PRIVATED,40.184567,140.788757,
_81qskWy5I-nC4qfNNy-Q,https://www.tohokukanko.jp/en/attractions/detail_1191.html,EN,EN,PRIVATED,37.493578,139.931089,
ox7JrdTteu8hg7_D_A-d6,https://www.tohokukanko.jp/en/attractions/detail_1355.html,EN,EN,PRIVATED,39.743084,140.932906,
ZFVbKX6V0Ecg3_rnhbaOf,https://www.tohokukanko.jp/en/attractions/detail_1579.html,EN,EN,PRIVATED,40.616264,140.420313,
knAjcvf5t-aQai-f5NnLA,https://www.tohokukanko.jp/en/attractions/detail_1605.html,EN,EN,PRIVATED,37.9271721,139.05673539999998,
UWD8khwzLv6lBOGqSETWn,https://www.tohokukanko.jp/en/attractions/detail_1001455.html,EN,EN,PRIVATED,39.467609,141.9490469,
cDri-Od_Dio6-fpDug6k-,https://www.tohokukanko.jp/en/attractions/detail_1001921.html,EN,EN,PRIVATED,38.1089862,140.0438343,
DWCHRRxdjuIajj9LAXm7q,https://www.tohokukanko.jp/en/attractions/detail_1001959.html,EN,EN,PRIVATED,38.1715435,140.8919822,
Bn7rU4AmrXfGxqJ23FM1-,https://www.tohokukanko.jp/en/attractions/detail_1001967.html,EN,EN,PRIVATED,38.1793755,140.9482598,
yX7B6MennTEjZJNuOUx3d,https://www.tohokukanko.jp/en/attractions/detail_1002044.html,EN,EN,PRIVATED,39.5584096,141.4889859,
PH_8TMT5AnBScuIUmiOH3,https://www.tohokukanko.jp/en/attractions/detail_1002080.html,EN,EN,PRIVATED,38.302901735410806,139.9708266816101,
_LqQsa7oIPpiNWlQHpEXZ,https://www.tohokukanko.jp/en/attractions/detail_1002102.html,EN,EN,PRIVATED,39.195093,141.1235856,
yRVM5_lp_KB3cdPk6cO10,https://www.tohokukanko.jp/en/attractions/detail_1002104.html,EN,EN,PRIVATED,38.1791911,140.9472788,
sykSn1XftxycVD5Qs6uT5,https://www.tohokukanko.jp/en/attractions/detail_1002136.html,EN,EN,PRIVATED,38.1729819,140.8884103,
dT-IA-9-cmPRreexkcK7W,https://www.tohokukanko.jp/en/attractions/detail_1002156.html,EN,EN,PRIVATED,39.1967301,141.1185565,
ycsmNiiW2RxGezsaxy5go,https://www.tohokukanko.jp/en/attractions/detail_1002159.html,EN,EN,PRIVATED,38.4453581,140.8853505,
T67uClorcXjchSAjJJiUm,https://www.tohokukanko.jp/en/attractions/detail_1002164.html,EN,EN,PRIVATED,38.014372231306744,140.31920671463013,
CJvOyiFgL4XPFhCugM9MN,https://www.tohokukanko.jp/en/attractions/detail_1002360.html,EN,EN,PRIVATED,0,0,
lntSGtlFZ1QSPWwMRfeFQ,https://www.tohokukanko.jp/en/attractions/detail_1002711.html,EN,EN,PRIVATED,38.42563639999999,140.8127018,
KJVyk6OxUAX6Db8Lnzh9o,https://www.tohokukanko.jp/en/attractions/detail_1002740.html,EN,EN,PRIVATED,38.44343116903845,140.38493290543556,
1CMkoc2fR_ENbQT23uqFs,https://www.tohokukanko.jp/en/attractions/detail_1002742.html,EN,EN,PRIVATED,37.70085658458666,140.3219635185547,
R-fLTdLLv5GofzxaGhQPF,https://www.tohokukanko.jp/en/attractions/detail_1002744.html,EN,EN,PRIVATED,0,0,
FZv26hAia0KTyzn9Q8VLD,https://www.tohokukanko.jp/en/attractions/detail_1002756.html,EN,EN,PRIVATED,0,0,
JoQi1PjKzo9hAE7LLclLX,https://www.tohokukanko.jp/en/attractions/detail_1002768.html,EN,EN,PRIVATED,38.146251958724115,140.53550004959106,
RvAjb7fgqy3R-Raw7LAd6,https://www.tohokukanko.jp/en/attractions/detail_1002804.html,EN,EN,PRIVATED,38.1443911,140.535417,
9q9lZzAcm6qBf0BCbLuSs,https://www.tohokukanko.jp/en/attractions/detail_1002807.html,EN,EN,PRIVATED,37.2801333,139.5818716,
pBJnXm94U5cKJ35GXF2rL,https://www.tohokukanko.jp/en/attractions/detail_1002860.html,EN,EN,PRIVATED,37.63203042987585,140.52437546256562,
-M0OIGDgRr82xn1omg0Do,https://www.tohokukanko.jp/en/attractions/detail_1002888.html,EN,EN,PRIVATED,37.4206996,139.5453837,
n3JQUDEQLQuKnUbVDH0N8,https://www.tohokukanko.jp/en/attractions/detail_1002894.html,EN,EN,PRIVATED,38.4239811,140.8200715,
QQKg5xw1ZpF_eFcDTnro7,https://www.tohokukanko.jp/en/attractions/detail_1002948.html,EN,EN,PRIVATED,37.45264013202336,139.58692073822021,
mCK_XKs8M4o4_TAOIGS7M,https://www.tohokukanko.jp/en/attractions/detail_1003033.html,EN,EN,PRIVATED,38.268195,140.869418,
USkJf2oumleOD2w8xoTDH,https://www.tohokukanko.jp/en/attractions/detail_1003037.html,EN,EN,PRIVATED,37.2061083,139.7766339,
q6B5EAcRRTnEfj9raXJou,https://www.tohokukanko.jp/en/attractions/detail_1003052.html,EN,EN,PRIVATED,0,0,
nAgBTnZuzfbzkocM2kxIO,https://www.tohokukanko.jp/en/attractions/detail_1003115.html,EN,EN,PRIVATED,38.762108856863,140.30614319873047,
gLjjlNBThadegyUncjMoB,https://www.tohokukanko.jp/en/attractions/detail_1003152.html,EN,EN,PRIVATED,38.17195242586597,140.71614146232605,
fLVIibnO9qyRXgm8CDBhF,https://www.tohokukanko.jp/en/attractions/detail_1003158.html,EN,EN,PRIVATED,38.21867764309681,140.5211877822876,
Fk6jhAvcs9SMzWZDL0z0g,https://www.tohokukanko.jp/en/attractions/detail_1003191.html,EN,EN,PRIVATED,38.1804543,140.667226,
yOL-8ksrxe6aB_-uDo7bp,https://www.tohokukanko.jp/en/attractions/detail_1003219.html,EN,EN,PRIVATED,0,0,
V38zih90WB431JpVOMhc6,https://www.tohokukanko.jp/en/attractions/detail_1003249.html,EN,EN,PRIVATED,39.7102777,141.1544328,
hnegt8fbsStuYuy3iaRxd,https://www.tohokukanko.jp/en/attractions/detail_1003252.html,EN,EN,PRIVATED,38.7528618,139.7705698,
ADjrdubMn2diSY6WHgJZW,https://www.tohokukanko.jp/en/attractions/detail_1003273.html,EN,EN,PRIVATED,37.10988699643182,139.45542812347412,
BG3H8ySV3ge--rSRJm743,https://www.tohokukanko.jp/en/attractions/detail_1003359.html,EN,EN,PRIVATED,38.7282224,139.8308962,
2fV6ZDCKFBeMAn4AOP8BU,https://www.tohokukanko.jp/en/attractions/detail_1003485.html,EN,EN,PRIVATED,37.20135553147111,139.77208971977234,
OZ7btwynZRJxruqIbbOR_,https://www.tohokukanko.jp/en/attractions/detail_1003523.html,EN,EN,PRIVATED,39.6927112,141.1564307,
HkIZExibQ38wJZoS3PfVC,https://www.tohokukanko.jp/en/attractions/detail_1003551.html,EN,EN,PRIVATED,38.2996291,140.9942121,
12ptvTSYjRIhyN7Df6_Ok,https://www.tohokukanko.jp/en/attractions/detail_1003564.html,EN,EN,PRIVATED,37.3957255,140.3525558,
0pJRc9cHneFRsyZprS_D_,https://www.tohokukanko.jp/en/attractions/detail_1003568.html,EN,EN,PRIVATED,39.7032046,141.1535169,
D3b1Kdu7uyT4jstoyaiP6,https://www.tohokukanko.jp/en/attractions/detail_1003789.html,EN,EN,PRIVATED,39.8460519,141.1712082,
Eog8GPd2geJeX7wu99Y-E,https://www.tohokukanko.jp/en/attractions/detail_1003797.html,EN,EN,PRIVATED,39.7107038,141.1546856,
sou1OEEuF19S4qZ7Q8mU4,https://www.tohokukanko.jp/en/attractions/detail_1003808.html,EN,EN,PRIVATED,38.29858071897822,141.52555470601268,
NIVMDwoFj4zsfSEbBpKwp,https://www.tohokukanko.jp/en/attractions/detail_1003828.html,EN,EN,PRIVATED,37.75961677440718,140.69118082523346,
BNStuAJi3OikbEsEFyGK6,https://www.tohokukanko.jp/en/attractions/detail_1003838.html,EN,EN,PRIVATED,39.70305889999999,141.1566332,
Job-_DwlpHWRqv3tH0jmW,https://www.tohokukanko.jp/en/attractions/detail_1003882.html,EN,EN,PRIVATED,38.434332,141.3028682,
NapaYQstzLMLR-vhHflPV,https://www.tohokukanko.jp/en/attractions/detail_1003883.html,EN,EN,PRIVATED,38.3782849,141.4499959,
tnuLHJMHa7TJiI-UHWy7X,https://www.tohokukanko.jp/en/attractions/detail_1003950.html,EN,EN,PRIVATED,39.474386,141.285214,
Q4jpCoDexF7cCP-WQqIwS,https://www.tohokukanko.jp/en/attractions/detail_1004077.html,EN,EN,PRIVATED,37.1122832,140.2181256,
Sav-_M7wGE0nnqCl9n8Y6,https://www.tohokukanko.jp/en/attractions/detail_1004089.html,EN,EN,PRIVATED,39.437689008975234,141.01542131032934,
dpxUWQ2Y9EClSglWnXrAz,https://www.tohokukanko.jp/en/attractions/detail_1004303.html,EN,EN,PRIVATED,39.5535349,141.2042402,
um5mPNmHmTNaR20BxjEDy,https://www.tohokukanko.jp/en/attractions/detail_1004310.html,EN,EN,PRIVATED,38.4439933,140.891665,
6c6qAgVWEdKeUGhWHdXkY,https://www.tohokukanko.jp/en/attractions/detail_1004505.html,EN,EN,PRIVATED,39.5555028,141.2063167,
96dfzKyU3f5GRIv2qvUeG,https://www.tohokukanko.jp/en/attractions/detail_1004664.html,EN,EN,PRIVATED,0,0,
Rf1CmrQZxciYuzXmTpWO4,https://www.tohokukanko.jp/en/attractions/detail_1004757.html,EN,EN,PRIVATED,0,0,
I06mgEMMyt_7Jw32t-B_z,https://www.tohokukanko.jp/en/attractions/detail_1004764.html,EN,EN,PRIVATED,0,0,
VJU9isX5w_Pwd3_Ej7TZ5,https://www.tohokukanko.jp/en/attractions/detail_1004920.html,EN,EN,PRIVATED,38.3631555,140.6689189,
rZBkuWv-fFNWro6uUQXAg,https://www.tohokukanko.jp/en/attractions/detail_1004958.html,EN,EN,PRIVATED,37.62157394649769,139.93805408477783,
WmtfaVkfYML75BbGriObU,https://www.tohokukanko.jp/en/attractions/detail_1004993.html,EN,EN,PRIVATED,38.3710466,139.9641661,
fsDgR_7QY4Zs3oZ3SDUME,https://www.tohokukanko.jp/en/attractions/detail_1005045.html,EN,EN,PRIVATED,37.90795913651394,140.10553389787674,
uy5BqG4ekGa5ZEssvUcPN,https://www.tohokukanko.jp/en/attractions/detail_1005047.html,EN,EN,PRIVATED,39.2827245,141.1318169,
yjynx9-cfFqdkGLzkaVlx,https://www.tohokukanko.jp/en/attractions/detail_1005113.html,EN,EN,PRIVATED,37.03369383761392,140.3822964770813,
DS4RLOKh-nXEuF3vYk7o9,https://www.tohokukanko.jp/en/attractions/detail_1005117.html,EN,EN,PRIVATED,37.456523885291645,139.84338437841393,
3JX5sTMI4yzz1WcehtlFm,https://www.tohokukanko.jp/en/attractions/detail_1005121.html,EN,EN,PRIVATED,36.99512608170558,140.39210263323974,
gAYYgpZbnerQO-osYoGRp,https://www.tohokukanko.jp/en/attractions/detail_1005141.html,EN,EN,PRIVATED,37.04182980113604,140.38450661730957,
v4WrZ-uFv8-4aaOO_kOjs,https://www.tohokukanko.jp/en/attractions/detail_1005142.html,EN,EN,PRIVATED,37.49411676335852,139.81678410586989,
drgyPjuxntbjWM5_HSBKQ,https://www.tohokukanko.jp/en/attractions/detail_1005174.html,EN,EN,PRIVATED,37.0421536,140.4495847,
g5D9B9dY4SslqMc8WyW5Y,https://www.tohokukanko.jp/en/attractions/detail_1005181.html,EN,EN,PRIVATED,37.058631,140.508299,
129W8by43_447q8kcaFlq,https://www.tohokukanko.jp/en/attractions/detail_1005186.html,EN,EN,PRIVATED,37.44023224893684,139.83688115328064,
nlP5-W0yM41hLp90qmxGH,https://www.tohokukanko.jp/en/attractions/detail_1005240.html,EN,EN,PRIVATED,36.9945647,140.3920769,
Hv-yN4L0C5vOQgvpLmW1j,https://www.tohokukanko.jp/en/attractions/detail_1005331.html,EN,EN,PRIVATED,0,0,
OilGkVnXEx6ULHy443PsL,https://www.tohokukanko.jp/en/attractions/detail_1005490.html,EN,EN,PRIVATED,38.4204363,141.2136071,
PDJ64VR2Mer7G5Uo6vmJ6,https://www.tohokukanko.jp/en/attractions/detail_1005586.html,EN,EN,PRIVATED,37.4746944,139.6559635,
AApfk3d1ktiz8gR3OFtL1,https://www.tohokukanko.jp/en/attractions/detail_1005587.html,EN,EN,PRIVATED,37.50236397431037,139.82270946482558,
xcaWQnFORGP50eIiVTi4N,https://www.tohokukanko.jp/en/attractions/detail_1005638.html,EN,EN,PRIVATED,37.48815428420191,139.81411609331303,
n08zOLEWWyRG3qXVzJ-xf,https://www.tohokukanko.jp/en/attractions/detail_1005661.html,EN,EN,PRIVATED,37.57587847638154,139.64056158025247,
ry2j86dlVcnWE3QVomT6M,https://www.tohokukanko.jp/en/attractions/detail_1005666.html,EN,EN,PRIVATED,37.984403604399134,140.56334908721033,
3ANk2jdxH7VBxWf7qByNB,https://www.tohokukanko.jp/en/attractions/detail_1005685.html,EN,EN,PRIVATED,37.41904407506086,139.8965945841292,
JyIJ_hqEIq2PHWFosvzkG,https://www.tohokukanko.jp/en/attractions/detail_1005708.html,EN,EN,PRIVATED,37.561495174994974,139.82163548469543,
4NFyWZsET7cH86aydmWxM,https://www.tohokukanko.jp/en/attractions/detail_1005712.html,EN,EN,PRIVATED,38.0026172,140.6170147,
g7-0uf8YucV4sgSBdBL3R,https://www.tohokukanko.jp/en/attractions/detail_1005723.html,EN,EN,PRIVATED,37.47696157002578,139.81365695960696,
GBxm3JL_PZL1IJ2ASxy1V,https://www.tohokukanko.jp/en/attractions/detail_1005734.html,EN,EN,PRIVATED,39.9302479,141.0043568,
FsLr1gZoTCeyTyKlUQQ09,https://www.tohokukanko.jp/en/attractions/detail_1005740.html,EN,EN,PRIVATED,37.45137219295666,139.90524359055075,
8ZqVKcLjGPr1_W1ZodW6g,https://www.tohokukanko.jp/en/attractions/detail_1005777.html,EN,EN,PRIVATED,37.2683884,140.5495186,
ZTvmIIa_X69Id38oYKBiG,https://www.tohokukanko.jp/en/attractions/detail_1005807.html,EN,EN,PRIVATED,37.07479037199978,140.5529251883606,
kK1hFSK8y8Qwo4eM0S-zO,https://www.tohokukanko.jp/en/attractions/detail_1005835.html,EN,EN,PRIVATED,37.850376,140.5394029,
f-G_MUanJg3h9cHd_sn7C,https://www.tohokukanko.jp/en/attractions/detail_1005839.html,EN,EN,PRIVATED,37.850376,140.5394029,
tihDvioLsDY8J2_f_ehDy,https://www.tohokukanko.jp/en/attractions/detail_1005848.html,EN,EN,PRIVATED,37.843423,140.518502,
JBclAv9E_ItB2AbQWempt,https://www.tohokukanko.jp/en/attractions/detail_1005892.html,EN,EN,PRIVATED,37.561503679737505,139.82162475585938,
sHiZWC6GZ0_cTUJVa5EyY,https://www.tohokukanko.jp/en/attractions/detail_1005894.html,EN,EN,PRIVATED,37.561503679737505,139.82162475585938,
QdUOLZm9ur5OCZy_tzB2k,https://www.tohokukanko.jp/en/attractions/detail_1006107.html,EN,EN,PRIVATED,37.22655627665075,140.5884307874023,
JKY5bLEvKb8fhJY1-MFaq,https://www.tohokukanko.jp/en/attractions/detail_1006171.html,EN,EN,PRIVATED,37.5873876163372,139.83595848083496,
N3CI8p52BMKjR0S3wZX_Z,https://www.tohokukanko.jp/en/attractions/detail_1006215.html,EN,EN,PRIVATED,37.59429074681626,139.8082137107849,
mLKP3eMK6_iVQ-Cs5yi_n,https://www.tohokukanko.jp/en/attractions/detail_1006256.html,EN,EN,PRIVATED,37.31802489081431,140.27699947357178,
io5M2bgZ_jyMrKqDrVrL8,https://www.tohokukanko.jp/en/attractions/detail_1006275.html,EN,EN,PRIVATED,37.14673740403823,140.45286655426025,
zkbf_Fv0uFXv00W_Z-OIR,https://www.tohokukanko.jp/en/attractions/detail_1006300.html,EN,EN,PRIVATED,37.5281253,139.7218889,
piQEZrqRMFThJ4SjYYiTz,https://www.tohokukanko.jp/en/attractions/detail_1006338.html,EN,EN,PRIVATED,37.24033616523163,140.51026081938485,
pa4_yGHAh9C1hFEMYLfke,https://www.tohokukanko.jp/en/attractions/detail_1006344.html,EN,EN,PRIVATED,38.0379098,140.905986,
AF1I1Jo7ViRLZfubM8yNy,https://www.tohokukanko.jp/en/attractions/detail_1006382.html,EN,EN,PRIVATED,37.4410239,140.4925727,
jwaCC6H9eksM5IN132e1U,https://www.tohokukanko.jp/en/attractions/detail_1006513.html,EN,EN,PRIVATED,38.1349194,140.4948378,
K-GeazX0OczOAc8QI4_Y0,https://www.tohokukanko.jp/en/attractions/detail_1006667.html,EN,EN,PRIVATED,37.4951346,139.9311841,
S8pPtTx7nfQGp-Fq9CLUn,https://www.tohokukanko.jp/en/attractions/detail_1006733.html,EN,EN,PRIVATED,40.20739443881476,140.0151263675201,
rluFbOZquad30j-D5cBJL,https://www.tohokukanko.jp/en/attractions/detail_1006786.html,EN,EN,PRIVATED,40.2066624,140.0162911,
I99gWPXkSCLU3PaYHmgnP,https://www.tohokukanko.jp/en/attractions/detail_1006790.html,EN,EN,PRIVATED,40.16333690419519,140.12122463448486,
n32FC2t1Vs0zWRuPFijSw,https://www.tohokukanko.jp/en/attractions/detail_1006931.html,EN,EN,PRIVATED,39.720845243125424,140.12467496508182,
_xNaaOhi-whtKFIy3u7GM,https://www.tohokukanko.jp/en/attractions/detail_1007101.html,EN,EN,PRIVATED,38.30871724435657,140.05579834970703,
6UpPdkuLVHzNTMMzwsnLw,https://www.tohokukanko.jp/en/attractions/detail_1007211.html,EN,EN,PRIVATED,39.37916016284858,140.56769104498292,
tc0d5XPGIIbRR3zr2I4gV,https://www.tohokukanko.jp/en/attractions/detail_1007301.html,EN,EN,PRIVATED,39.6018768,140.5601149,
m4tc7MTkGpRJI4oLY6RCW,https://www.tohokukanko.jp/en/attractions/detail_1007329.html,EN,EN,PRIVATED,37.88560189810291,140.86564127040094,
IA9gD3bASMQL2ZQ0oM4zp,https://www.tohokukanko.jp/en/attractions/detail_1007340.html,EN,EN,PRIVATED,39.70199066738946,140.3528101,
7xADFzr-8cmpqXTQv--qt,https://www.tohokukanko.jp/en/attractions/detail_1007496.html,EN,EN,PRIVATED,40.034376,140.2213348,
xP8fOjLVe1txZOIB2FPpQ,https://www.tohokukanko.jp/en/attractions/detail_1007506.html,EN,EN,PRIVATED,0,0,
JbHDVP877IcGyiSa7If8m,https://www.tohokukanko.jp/en/attractions/detail_1007534.html,EN,EN,PRIVATED,40.08802044557496,140.0912618637085,
-UeMry6r8kfxGTScHagEX,https://www.tohokukanko.jp/en/attractions/detail_1007843.html,EN,EN,PRIVATED,39.3875434,141.1175082,
XTi0ocY3EQlQxs6zz25vz,https://www.tohokukanko.jp/en/attractions/detail_1007925.html,EN,EN,PRIVATED,39.969943037450385,140.09561703547362,
a-GTkfkp1s75WZH5kCBPk,https://www.tohokukanko.jp/en/attractions/detail_1008615.html,EN,EN,PRIVATED,0,0,
OGl8ziaoT9lKkabnEnLUy,https://www.tohokukanko.jp/en/attractions/detail_1008684.html,EN,EN,PRIVATED,37.2884129434699,140.375397835495,
ExYwFK8x2vvzbNly7D2Qn,https://www.tohokukanko.jp/en/attractions/detail_1008714.html,EN,EN,PRIVATED,37.7891128,140.5158558,
S05w2Juskun52icqmnFk7,https://www.tohokukanko.jp/en/attractions/detail_1008745.html,EN,EN,PRIVATED,37.4892521,139.9363329,
L8lZAP20S5LtYT6GNfl5v,https://www.tohokukanko.jp/en/attractions/detail_1008753.html,EN,EN,PRIVATED,37.5078657,139.9303261,
yhhbm5W1x_cBGejn4jFlR,https://www.tohokukanko.jp/en/attractions/detail_1009039.html,EN,EN,PRIVATED,37.7345611,140.6093044,
2URf4nQjKiuIWXLwDCPFU,https://www.tohokukanko.jp/en/attractions/detail_1009149.html,EN,EN,PRIVATED,37.3319485736073,139.86007690429688,
FRw4cbeMsegUYeicvvXed,https://www.tohokukanko.jp/en/attractions/detail_1009186.html,EN,EN,PRIVATED,0,0,
1kgv_9vW0fY3z_JyQ1hhL,https://www.tohokukanko.jp/en/attractions/detail_1009247.html,EN,EN,PRIVATED,40.2956401,140.8260872,
PRhTjun_MaaYt2fMbGeO7,https://www.tohokukanko.jp/en/attractions/detail_1009335.html,EN,EN,PRIVATED,39.5632215,141.1038884,
DyrFWdsjUdQcfyx2PAdYD,https://www.tohokukanko.jp/en/attractions/detail_1009365.html,EN,EN,PRIVATED,38.399119,140.8871506,
YG4qm62cgttki6Sx2K0Eb,https://www.tohokukanko.jp/en/attractions/detail_1009400.html,EN,EN,PRIVATED,37.319698,139.6478778,
MDwxskj-sL5BqEQ-KCdzJ,https://www.tohokukanko.jp/en/attractions/detail_1009424.html,EN,EN,PRIVATED,0,0,
Ekrrtbd8Wwt753RHEOGP8,https://www.tohokukanko.jp/en/attractions/detail_1009602.html,EN,EN,PRIVATED,37.9222295,140.1167962,
FCyaJXH9YLdEmijYpf4qe,https://www.tohokukanko.jp/en/attractions/detail_1009637.html,EN,EN,PRIVATED,38.3378596,140.0303286,
aMyxozurwHKe4eoDAG3-d,https://www.tohokukanko.jp/en/attractions/detail_1009761.html,EN,EN,PRIVATED,39.45321209999999,141.0700753,
_pdt-OB6l7a0bKvBqg4T8,https://www.tohokukanko.jp/en/attractions/detail_1009837.html,EN,EN,PRIVATED,40.0777396,140.1039881,
LFmninP_tzVAgZZ_HPe9I,https://www.tohokukanko.jp/en/attractions/detail_1010032.html,EN,EN,PRIVATED,38.00523363367792,140.1938589788863,
TT0DZdQuewTWwy5K-UeD0,https://www.tohokukanko.jp/en/attractions/detail_1010117.html,EN,EN,PRIVATED,39.6930135,141.0243967,
DeHQIq7nfALyzthVpxdMo,https://www.tohokukanko.jp/en/attractions/detail_1010125.html,EN,EN,PRIVATED,39.6925495,141.0239646,
NUPR1FzNVun7czU7OC9VW,https://www.tohokukanko.jp/en/attractions/detail_1010179.html,EN,EN,PRIVATED,37.7715745,140.3897341,
Vqg7sAkSvYJZAAGgH_JLU,https://www.tohokukanko.jp/en/attractions/detail_1010447.html,EN,EN,PRIVATED,38.892914,140.615477,
HTs-s_rgmq3sf-4yz3dWs,https://www.tohokukanko.jp/en/attractions/detail_1010480.html,EN,EN,PRIVATED,37.7523787,140.304965,
xyoYlSOvz__piPrhkEreN,https://www.tohokukanko.jp/en/attractions/detail_1010482.html,EN,EN,PRIVATED,37.7523787,140.304965,
bJUIpwaoATIMtQ__5TVIi,https://www.tohokukanko.jp/en/attractions/detail_1010511.html,EN,EN,PRIVATED,38.0392484,140.9167879,
c0JqAL-9oTn980aqPvJhu,https://www.tohokukanko.jp/en/attractions/detail_1010522.html,EN,EN,PRIVATED,38.04183178268144,140.92026106860047,
4pIFCrGfF4MWebkY4RcEr,https://www.tohokukanko.jp/en/attractions/detail_1010652.html,EN,EN,PRIVATED,37.4901773,139.9253396,
eVMoKtbR5e-4nClzUFly-,https://www.tohokukanko.jp/en/attractions/detail_1010665.html,EN,EN,PRIVATED,37.9160858,139.2256923,
k6yC14opWCrO4EYVqO4Xa,https://www.tohokukanko.jp/en/attractions/detail_1010685.html,EN,EN,PRIVATED,37.950498,139.139283,
z7sTC4VPfd5jd_MQdumyu,https://www.tohokukanko.jp/en/attractions/detail_1010703.html,EN,EN,PRIVATED,37.5514394,139.9530893,
uQ7rcvSStQTy7fqVC8saQ,https://www.tohokukanko.jp/en/attractions/detail_1010715.html,EN,EN,PRIVATED,37.8776235,139.3060296,
v6M1iGzQD7XesJSW9cbXC,https://www.tohokukanko.jp/en/attractions/detail_1010716.html,EN,EN,PRIVATED,38.892914,140.615477,
Vv_YBfmK5wRpb5_fJWVor,https://www.tohokukanko.jp/en/attractions/detail_1010720.html,EN,EN,PRIVATED,37.4866828,139.9308963,
hD3z53BUo7bWXyBoxA75n,https://www.tohokukanko.jp/en/attractions/detail_1010776.html,EN,EN,PRIVATED,37.8372999,139.2361129,
BE6Ih0rZJe7oVrUlBWwx2,https://www.tohokukanko.jp/en/attractions/detail_1010782.html,EN,EN,PRIVATED,37.4994937,139.9265419,
XQor3qSrjLS0QmYchg_-R,https://www.tohokukanko.jp/en/attractions/detail_1010792.html,EN,EN,PRIVATED,38.0902362,139.5653962,
XulIRfSD-X2JNWfvLBdwZ,https://www.tohokukanko.jp/en/attractions/detail_1010793.html,EN,EN,PRIVATED,37.5004861,139.9202231,
ZljhEiLghKtVg-Mt6pwKU,https://www.tohokukanko.jp/en/attractions/detail_1010794.html,EN,EN,PRIVATED,37.6779076,139.4603532,
ryLY_8_srSDpqlpInGZoJ,https://www.tohokukanko.jp/en/attractions/detail_1010805.html,EN,EN,PRIVATED,38.01476480000001,139.4083003,
JGMNYzjIGfIv049NXKbYl,https://www.tohokukanko.jp/en/attractions/detail_1010817.html,EN,EN,PRIVATED,37.5037721,139.9518291,
l93Vod6DD9FiQoL7ZywAF,https://www.tohokukanko.jp/en/attractions/detail_1010857.html,EN,EN,PRIVATED,37.5492775,139.9326501,
YSkwXi6HYwx7wK4yvyut0,https://www.tohokukanko.jp/en/attractions/detail_1010859.html,EN,EN,PRIVATED,37.4870893,139.9136652,
U9E0zLH77xWlyh18XTNuf,https://www.tohokukanko.jp/en/attractions/detail_1010877.html,EN,EN,PRIVATED,37.4915286,139.9303137,
kufd6Y6cZEfGjCLwibZcj,https://www.tohokukanko.jp/en/attractions/detail_1010884.html,EN,EN,PRIVATED,37.5079872,139.9343897,
l3X9bp6TWoYfklFshknHF,https://www.tohokukanko.jp/en/attractions/detail_1010912.html,EN,EN,PRIVATED,40.5965182,140.9531582,
yqSvvL3MRz0tPTgiHYTVZ,https://www.tohokukanko.jp/en/attractions/detail_1011177.html,EN,EN,PRIVATED,40.6030626,140.4640543,
ilTkQZ6Cc7t4Kd0xC193V,https://www.tohokukanko.jp/en/attractions/detail_1011355.html,EN,EN,PRIVATED,37.96589,140.8896451,
7B51KBWuw3uyDa8Z8Xncz,https://www.tohokukanko.jp/en/attractions/detail_1011383.html,EN,EN,PRIVATED,37.9075493,140.1050412,
yxT5jHn9ZDyfvFlJoc9Co,https://www.tohokukanko.jp/en/attractions/detail_1011420.html,EN,EN,PRIVATED,38.3677702,141.0604316,
p1OO-kfI_U5OlC70IK3a2,https://www.tohokukanko.jp/en/attractions/detail_1011562.html,EN,EN,PRIVATED,37.3834373,140.1832516,
wINoCbAhMsWfQRcTdObnO,https://www.tohokukanko.jp/en/attractions/detail_1175.html,EN,EN,PRIVATED,39.99898,140.610731,
5KmXt8a-LHEhwLPLImzsq,https://www.tohokukanko.jp/en/attractions/detail_1257.html,EN,EN,PRIVATED,37.274931,139.619704,
29R3QIFqyJuHh0QgfnokG,https://www.tohokukanko.jp/en/attractions/detail_1271.html,EN,EN,PRIVATED,39.007445,141.735347,
DJ1DvOUq1tzWqmDsDIrBv,https://www.tohokukanko.jp/en/attractions/detail_1500.html,EN,EN,PRIVATED,39.31696456337092,140.77973822222899,
88hMKNdnpUjGny59lcoWd,https://www.tohokukanko.jp/en/attractions/detail_1716.html,EN,EN,PRIVATED,39.855623,140.653261,
xL-A_kiubnL0c86HqM8f7,https://www.tohokukanko.jp/en/attractions/detail_1001595.html,EN,EN,PRIVATED,40.26790214121768,141.30329416376338,
iAuZMIy6g3uV0jPVxBZo1,https://www.tohokukanko.jp/en/attractions/detail_1001913.html,EN,EN,PRIVATED,38.188861,140.8386712,
jRrUO3TEK81h8-PvvQdb4,https://www.tohokukanko.jp/en/attractions/detail_1002079.html,EN,EN,PRIVATED,38.38201301413474,140.20799667378844,
JvkSoBLjt9gP7m4UveyZW,https://www.tohokukanko.jp/en/attractions/detail_1002146.html,EN,EN,PRIVATED,38.01421162829136,140.32082676887512,
_p1ZrgnM-oCXEZVfDzKRt,https://www.tohokukanko.jp/en/attractions/detail_1002163.html,EN,EN,PRIVATED,40.8559232,141.1191936,
GZT5c9t8_95lHTPDrFbPI,https://www.tohokukanko.jp/en/attractions/detail_1002230.html,EN,EN,PRIVATED,38.4476544,140.8867342,
aJOUyBFxgLeze1ZkQIB3a,https://www.tohokukanko.jp/en/attractions/detail_1002250.html,EN,EN,PRIVATED,37.8770967,140.542346,
wqYpkgC5b-BnjipRZ71W_,https://www.tohokukanko.jp/en/attractions/detail_1002323.html,EN,EN,PRIVATED,0,0,
hLUAUBv0r6LUXCvWyQEtW,https://www.tohokukanko.jp/en/attractions/detail_1002377.html,EN,EN,PRIVATED,40.1975014,141.1797623,
QsK7aMhyK8fvwO41fsQAf,https://www.tohokukanko.jp/en/attractions/detail_1002431.html,EN,EN,PRIVATED,40.5532493,140.5380681,
YAgO-TAyKEmdWPmS430to,https://www.tohokukanko.jp/en/attractions/detail_1002444.html,EN,EN,PRIVATED,38.892914,140.615477,
BwMncF2DXlOj-eYU3MA8H,https://www.tohokukanko.jp/en/attractions/detail_1002475.html,EN,EN,PRIVATED,38.0615496,139.7433517,
JUhDWEG3CLno16qVmxDEy,https://www.tohokukanko.jp/en/attractions/detail_1002687.html,EN,EN,PRIVATED,40.8296369,140.7656407,
yD4U8BnBn1P4HZmW8Ic-T,https://www.tohokukanko.jp/en/attractions/detail_1002718.html,EN,EN,PRIVATED,39.850378,141.1657201,
bOS6_BwOXI2VIa5OhJZWq,https://www.tohokukanko.jp/en/attractions/detail_1002745.html,EN,EN,PRIVATED,38.403361594419096,140.34579277038574,
Y_mxQO9BoonChffFhPFlW,https://www.tohokukanko.jp/en/attractions/detail_1002793.html,EN,EN,PRIVATED,38.148056781658276,140.53754763224148,
zWX8DT5X0Mu-S4sNhzYq6,https://www.tohokukanko.jp/en/attractions/detail_1002813.html,EN,EN,PRIVATED,37.1787648,139.8006796,
9koaBlO-upeR6NVwwBUks,https://www.tohokukanko.jp/en/attractions/detail_1002824.html,EN,EN,PRIVATED,38.36004699990793,140.36942012797672,
el8xAksMf-N0yV7KwExo3,https://www.tohokukanko.jp/en/attractions/detail_1002835.html,EN,EN,PRIVATED,38.401814555982355,140.43115139007568,
EM4ynByviuE9KgG8Oo0uz,https://www.tohokukanko.jp/en/attractions/detail_1002861.html,EN,EN,PRIVATED,37.53485680873134,140.59027814051018,
HupMQa_3mZ7yIPx_pjzy2,https://www.tohokukanko.jp/en/attractions/detail_1002879.html,EN,EN,PRIVATED,37.60656013787813,140.35615696990587,
kxnPE-TqCkSa5sNLWknsT,https://www.tohokukanko.jp/en/attractions/detail_1002997.html,EN,EN,PRIVATED,37.47180291617436,139.5304463914711,
sjZxDJNiq4nIopkrRHpDe,https://www.tohokukanko.jp/en/attractions/detail_1003014.html,EN,EN,PRIVATED,38.0752239,140.755888,
f6HaFiY2G6EV6jGt7RpYc,https://www.tohokukanko.jp/en/attractions/detail_1003021.html,EN,EN,PRIVATED,40.6027155,140.4658538,
a_1scYM3Z_4YUjfflz-qz,https://www.tohokukanko.jp/en/attractions/detail_1003098.html,EN,EN,PRIVATED,38.7309719,139.8351633,
UtnZ26FlbbytA6OQkBlpw,https://www.tohokukanko.jp/en/attractions/detail_1003145.html,EN,EN,PRIVATED,37.1995344,139.7721303,
l7jS8YA6aDll8QjgRk27a,https://www.tohokukanko.jp/en/attractions/detail_1003162.html,EN,EN,PRIVATED,38.22275,140.517619,
2MaQC6CZVsAT5jMliPThG,https://www.tohokukanko.jp/en/attractions/detail_1003424.html,EN,EN,PRIVATED,37.58893492539313,139.81012344360352,
9CpuCrB2DUcCWYulslJA4,https://www.tohokukanko.jp/en/attractions/detail_1003425.html,EN,EN,PRIVATED,0,0,
lZex81tWvRUfmiHkbFxN5,https://www.tohokukanko.jp/en/attractions/detail_1003573.html,EN,EN,PRIVATED,39.135169,141.1331728,
RWKtvSM-vYszjy5wY0wAZ,https://www.tohokukanko.jp/en/attractions/detail_1003792.html,EN,EN,PRIVATED,39.7088152,141.1357203,
cOJGlyn2CyiwY6dUu7H2m,https://www.tohokukanko.jp/en/attractions/detail_1003798.html,EN,EN,PRIVATED,39.7462552,141.1720643,
nis9U682HPx90Mxa53VDF,https://www.tohokukanko.jp/en/attractions/detail_1003811.html,EN,EN,PRIVATED,37.1301942,140.2128751,
tFzuyOOd8luKGdIMYCGiA,https://www.tohokukanko.jp/en/attractions/detail_1003860.html,EN,EN,PRIVATED,38.511052003614694,141.45660744601537,
MnKMzXpuV80cRbLBRuZ8d,https://www.tohokukanko.jp/en/attractions/detail_1003945.html,EN,EN,PRIVATED,39.2176364,141.1005878,
PYh-24ovPOnpR4NfVelOi,https://www.tohokukanko.jp/en/attractions/detail_1004179.html,EN,EN,PRIVATED,37.2729941589826,140.38887977600098,
4fgCyrKW_d4tvMjBcIb_V,https://www.tohokukanko.jp/en/attractions/detail_1004209.html,EN,EN,PRIVATED,39.6940041,141.1266667,
5osiM-BAvv9EaZyWL-Usi,https://www.tohokukanko.jp/en/attractions/detail_1004227.html,EN,EN,PRIVATED,39.7006364,141.1469473,
D5QbVPJZWTeuEe0fEkimf,https://www.tohokukanko.jp/en/attractions/detail_1004773.html,EN,EN,PRIVATED,39.1444416,141.1345071,
jnTDaHk1IcOdni5j3ABCR,https://www.tohokukanko.jp/en/attractions/detail_1004818.html,EN,EN,PRIVATED,39.89835165706342,141.00819573464176,
myp_ZuRcbKx758rNMCQfP,https://www.tohokukanko.jp/en/attractions/detail_1004844.html,EN,EN,PRIVATED,40.1345336,140.9674913,
L6IdubIA5Po_NlqcLWoQZ,https://www.tohokukanko.jp/en/attractions/detail_1004938.html,EN,EN,PRIVATED,39.68436910007508,140.9760046005249,
WyT-4tutEGTTgTEhJH5qQ,https://www.tohokukanko.jp/en/attractions/detail_1004960.html,EN,EN,PRIVATED,38.4233042,140.8209024,
SonyyGbDOyah1AMQG-Cns,https://www.tohokukanko.jp/en/attractions/detail_1004982.html,EN,EN,PRIVATED,37.7172118,140.5986559,
dDJwAQ7EZvX8qrg5Xzbm5,https://www.tohokukanko.jp/en/attractions/detail_1005044.html,EN,EN,PRIVATED,37.73562981633084,140.61813354492188,
rZRb8deEc1o5C9C0zfs1v,https://www.tohokukanko.jp/en/attractions/detail_1005059.html,EN,EN,PRIVATED,37.57497397315696,139.79970574378967,
0UQldUCQTgwq0Fp_J1dgI,https://www.tohokukanko.jp/en/attractions/detail_1005067.html,EN,EN,PRIVATED,37.02990582607101,140.38573622703552,
g1vxlUFPVz8nkXPMx13yE,https://www.tohokukanko.jp/en/attractions/detail_1005071.html,EN,EN,PRIVATED,38.4532728,140.0574044,
ncVXKF2rNY7uV8zTlLjbV,https://www.tohokukanko.jp/en/attractions/detail_1005110.html,EN,EN,PRIVATED,0,0,
tQZWmzpTD3ulCS_aKekHc,https://www.tohokukanko.jp/en/attractions/detail_1005138.html,EN,EN,PRIVATED,37.0484032,140.4670024,
CUcimJZDDDvR6LhLsFvSo,https://www.tohokukanko.jp/en/attractions/detail_1005191.html,EN,EN,PRIVATED,37.0563471,140.5070907,
LAnTx34W-iZ94eaILMS6j,https://www.tohokukanko.jp/en/attractions/detail_1005200.html,EN,EN,PRIVATED,38.42645541411024,140.14743533988113,
cZ9NLoNmH3DfZkMyAVkMz,https://www.tohokukanko.jp/en/attractions/detail_1005303.html,EN,EN,PRIVATED,39.19040475668139,141.17699595737386,
C2IyfENgSxVRTpiR5CQ72,https://www.tohokukanko.jp/en/attractions/detail_1005330.html,EN,EN,PRIVATED,38.31777076934826,141.01226806640625,
EEAs1wKkGnDS8VRVTziD2,https://www.tohokukanko.jp/en/attractions/detail_1005346.html,EN,EN,PRIVATED,37.3628554,140.5233031,
_2rqEUBBxW49_W8hbluSo,https://www.tohokukanko.jp/en/attractions/detail_1005382.html,EN,EN,PRIVATED,37.14731829999999,140.1647792,
-CA8j1XbfZPPW-uFkaJJy,https://www.tohokukanko.jp/en/attractions/detail_1005402.html,EN,EN,PRIVATED,39.1274571,141.0210506,
KNE3x2t3cUnyYVlWzym7d,https://www.tohokukanko.jp/en/attractions/detail_1005417.html,EN,EN,PRIVATED,38.0250483,140.6266076,
6GpinvtwXSa-9bMZOBK-c,https://www.tohokukanko.jp/en/attractions/detail_1005423.html,EN,EN,PRIVATED,38.0245832,140.6256187,
Kz-ajPVKGjdAk5p2QtFZ4,https://www.tohokukanko.jp/en/attractions/detail_1005471.html,EN,EN,PRIVATED,40.22465441250331,140.58464475683905,
TnTCXzV8XQOghdkNvqMRS,https://www.tohokukanko.jp/en/attractions/detail_1005506.html,EN,EN,PRIVATED,39.379131714865814,141.0527381455201,
KsEXMUD0SXpWxZ8EEkU_2,https://www.tohokukanko.jp/en/attractions/detail_1005551.html,EN,EN,PRIVATED,37.8588804,140.6084307,
PK6yzTHN-GvjZHvYjLz1_,https://www.tohokukanko.jp/en/attractions/detail_1005552.html,EN,EN,PRIVATED,37.0406334,140.5065804,
2VEcJe6xc_VodwS7S1MIQ,https://www.tohokukanko.jp/en/attractions/detail_1005850.html,EN,EN,PRIVATED,37.5653407,139.8867476,
j8n-Y1ao29sDqs3Kkj9yJ,https://www.tohokukanko.jp/en/attractions/detail_1005893.html,EN,EN,PRIVATED,39.34608007317145,141.35135293006897,
ZdL-ZylRg0nbFo2qRdKxU,https://www.tohokukanko.jp/en/attractions/detail_1005925.html,EN,EN,PRIVATED,38.9906944,141.74251,
JCeXXmxBUhQjgvrC4cv3B,https://www.tohokukanko.jp/en/attractions/detail_1006006.html,EN,EN,PRIVATED,37.996529,140.637907,
V6ixgnszdgQHcF64epox_,https://www.tohokukanko.jp/en/attractions/detail_1006111.html,EN,EN,PRIVATED,37.312469800105156,139.60877583863135,
uYJk1LePHzmbctDvVXtDU,https://www.tohokukanko.jp/en/attractions/detail_1006219.html,EN,EN,PRIVATED,37.3334459,139.3049719,
lVkgk2nTQZzzRMzLyf0tt,https://www.tohokukanko.jp/en/attractions/detail_1006227.html,EN,EN,PRIVATED,37.574548811735596,139.80020999908447,
5kXWvMrHoKNXfkssnBH8_,https://www.tohokukanko.jp/en/attractions/detail_1006234.html,EN,EN,PRIVATED,0,0,
NJSC470S4Kh59dyb8W97_,https://www.tohokukanko.jp/en/attractions/detail_1006261.html,EN,EN,PRIVATED,38.33253386651861,141.09179019927979,
FU-z2LjdQad2gmJWw8hLt,https://www.tohokukanko.jp/en/attractions/detail_1006274.html,EN,EN,PRIVATED,37.3633994,139.5738315,
60pcfRYKVjvrabO4nXAD4,https://www.tohokukanko.jp/en/attractions/detail_1006276.html,EN,EN,PRIVATED,37.15743264583794,140.44661582658355,
mx1M-OtlQ_GUyZxUHuV_z,https://www.tohokukanko.jp/en/attractions/detail_1006303.html,EN,EN,PRIVATED,37.3235265,139.7108901,
mbdWsZvzhaYmhFyy_O75z,https://www.tohokukanko.jp/en/attractions/detail_1006305.html,EN,EN,PRIVATED,39.1973734,141.1898827,
tHx66-4Jx2wcS0museBIN,https://www.tohokukanko.jp/en/attractions/detail_1006308.html,EN,EN,PRIVATED,37.4805876,140.2780789,
qawOAZ_OXoJTqvCP01VxW,https://www.tohokukanko.jp/en/attractions/detail_1006403.html,EN,EN,PRIVATED,38.1186392,140.7172791,
2njHJQXupj-Efczj2yLcb,https://www.tohokukanko.jp/en/attractions/detail_1006428.html,EN,EN,PRIVATED,38.3671939,140.8692125,
LkFI0Vj7L0l3-7ctsyKer,https://www.tohokukanko.jp/en/attractions/detail_1006555.html,EN,EN,PRIVATED,38.1082039,140.5634613,
EVVIUCXp8twb06WBYLvIX,https://www.tohokukanko.jp/en/attractions/detail_1006562.html,EN,EN,PRIVATED,38.0612476,140.6519908,
FSlZgrcZKaYZ5GtMnDAJv,https://www.tohokukanko.jp/en/attractions/detail_1006587.html,EN,EN,PRIVATED,38.5289761,141.5260159,
d5cTEysMVSNXYOpHigwF5,https://www.tohokukanko.jp/en/attractions/detail_1006594.html,EN,EN,PRIVATED,0,0,
0wsEbiD-QguGTGK44Ilsg,https://www.tohokukanko.jp/en/attractions/detail_1006655.html,EN,EN,PRIVATED,38.434332,141.3028682,
KMbW-JO248S1k2U3gCtK0,https://www.tohokukanko.jp/en/attractions/detail_1006702.html,EN,EN,PRIVATED,40.20916338362873,139.99762058258057,
vNSmngKufmvvx8d6-LjIT,https://www.tohokukanko.jp/en/attractions/detail_1006732.html,EN,EN,PRIVATED,40.2115456,140.1379493,
2oKSGlBUjsEeEkYi1KiJg,https://www.tohokukanko.jp/en/attractions/detail_1006760.html,EN,EN,PRIVATED,40.216323,140.026693,
rr3QyVRuoDrl7kBvEse2x,https://www.tohokukanko.jp/en/attractions/detail_1006768.html,EN,EN,PRIVATED,40.2118632,140.027125,
8OZJOHVlo0a4yAMW_7_-6,https://www.tohokukanko.jp/en/attractions/detail_1006774.html,EN,EN,PRIVATED,40.2195928,140.0312516,
U1n528bJz3oVsobAzG2gL,https://www.tohokukanko.jp/en/attractions/detail_1006887.html,EN,EN,PRIVATED,38.726381,140.5087789,
XGuAPYwYzEiyEjU3yzpKR,https://www.tohokukanko.jp/en/attractions/detail_1007006.html,EN,EN,PRIVATED,40.2133526,140.3655198,
vALwyzjj1cx_rNJguZDUr,https://www.tohokukanko.jp/en/attractions/detail_1007017.html,EN,EN,PRIVATED,39.7386834,140.1200492,
3P2Qh1OeTIJ8aNlofFvec,https://www.tohokukanko.jp/en/attractions/detail_1007219.html,EN,EN,PRIVATED,39.2242832,140.5227403,
U5vgn-tk26QfeJwqSKomE,https://www.tohokukanko.jp/en/attractions/detail_1007325.html,EN,EN,PRIVATED,41.145588106499545,140.51427188945007,
77CLW803r5mu5MRCUwwUg,https://www.tohokukanko.jp/en/attractions/detail_1007332.html,EN,EN,PRIVATED,39.3092854,140.5762966,
N1b_70xVTa5kQIS9IYkGj,https://www.tohokukanko.jp/en/attractions/detail_1007406.html,EN,EN,PRIVATED,40.2644628,140.028128,
BPKHnj6C6xDwhn4HA6TJP,https://www.tohokukanko.jp/en/attractions/detail_1007427.html,EN,EN,PRIVATED,37.87416126885532,140.91747227740478,
h2_ozHEuZhPBWycoFH4Y9,https://www.tohokukanko.jp/en/attractions/detail_1007503.html,EN,EN,PRIVATED,40.02192911576667,140.08074760437012,
7LXEl-fa05iwAhOQDcsQo,https://www.tohokukanko.jp/en/attractions/detail_1007532.html,EN,EN,PRIVATED,39.74182781277306,140.3164550606028,
J8I-T-DITC60YSlVDpuUF,https://www.tohokukanko.jp/en/attractions/detail_1007554.html,EN,EN,PRIVATED,39.7358057093211,140.09227275894537,
yM5jRi3qHRLX3L3VZq8iA,https://www.tohokukanko.jp/en/attractions/detail_1007714.html,EN,EN,PRIVATED,39.93400843490938,139.87545334439335,
-mbHzSdQ_qEVBZObmRts1,https://www.tohokukanko.jp/en/attractions/detail_1007721.html,EN,EN,PRIVATED,40.0362157,139.9198986,
sltO5EAZhbr6oKn2lpCxf,https://www.tohokukanko.jp/en/attractions/detail_1007724.html,EN,EN,PRIVATED,37.6409673,139.777446,
0YRh5Bb6KBFKeNZSRdBW6,https://www.tohokukanko.jp/en/attractions/detail_1007727.html,EN,EN,PRIVATED,37.7950506383295,139.77094173431396,
xweBU8QFcGxZGbgf1jkQT,https://www.tohokukanko.jp/en/attractions/detail_1007974.html,EN,EN,PRIVATED,0,0,
A40k4ff6xXBj4jqgy9JDQ,https://www.tohokukanko.jp/en/attractions/detail_1008168.html,EN,EN,PRIVATED,37.47206523641346,139.64648723602295,
72WEmI1L_KKsz75oON4q1,https://www.tohokukanko.jp/en/attractions/detail_1008174.html,EN,EN,PRIVATED,39.2573429,141.1055058,
jHMh9VpUKz_qfcQdhTirb,https://www.tohokukanko.jp/en/attractions/detail_1008322.html,EN,EN,PRIVATED,40.3082717,140.2874077,
eijIligdf43-jmtwb_n0C,https://www.tohokukanko.jp/en/attractions/detail_1008391.html,EN,EN,PRIVATED,40.2784306,140.2618084,
JU9lYQEY5bDerXfVZjWch,https://www.tohokukanko.jp/en/attractions/detail_1008419.html,EN,EN,PRIVATED,40.3082717,140.2874077,
svP9y759GfLe1i3zXGBLM,https://www.tohokukanko.jp/en/attractions/detail_1008670.html,EN,EN,PRIVATED,37.8502247,140.5172579,
CSN-lkeMOsPrCgo-nNU7n,https://www.tohokukanko.jp/en/attractions/detail_1008724.html,EN,EN,PRIVATED,37.5611878,140.4058692,
GwkjU4y00bb-njH70iPuD,https://www.tohokukanko.jp/en/attractions/detail_1008761.html,EN,EN,PRIVATED,0,0,
URhbcy_lLMqihVmbat7Xc,https://www.tohokukanko.jp/en/attractions/detail_1008841.html,EN,EN,PRIVATED,40.0063237,139.7018718,
8lEXi496LE13euB2d5tXB,https://www.tohokukanko.jp/en/attractions/detail_1008932.html,EN,EN,PRIVATED,0,0,
vmq0cj6hnKPIval0NXxAN,https://www.tohokukanko.jp/en/attractions/detail_1009044.html,EN,EN,PRIVATED,37.81804267241685,140.55071845463104,
1lRKv5GK5r21pr_Mh8hz_,https://www.tohokukanko.jp/en/attractions/detail_1009051.html,EN,EN,PRIVATED,37.76083156039068,140.69105972435912,
PVIR-t7Lf0QWgL44EyZrn,https://www.tohokukanko.jp/en/attractions/detail_1009113.html,EN,EN,PRIVATED,39.3264112,141.9011411,
vSCgpfiLH5o6MV1xiqdKB,https://www.tohokukanko.jp/en/attractions/detail_1009179.html,EN,EN,PRIVATED,38.3758,141.1532704,
0SRIQhZ1OwWrjKbQxVDL0,https://www.tohokukanko.jp/en/attractions/detail_1009331.html,EN,EN,PRIVATED,37.1253644,140.2208463,
8Himyrzski3kQeo-ta3B1,https://www.tohokukanko.jp/en/attractions/detail_1009342.html,EN,EN,PRIVATED,38.0719511,140.1395479,
nHve82QWDrV4cQDYY6P2S,https://www.tohokukanko.jp/en/attractions/detail_1009348.html,EN,EN,PRIVATED,38.2213377,140.7400903,
K7XBXP_MyqOiy1u8GkuW7,https://www.tohokukanko.jp/en/attractions/detail_1009699.html,EN,EN,PRIVATED,0,0,
djk-hUMKlUmROakYBgvMz,https://www.tohokukanko.jp/en/attractions/detail_1009711.html,EN,EN,PRIVATED,37.5627118,139.986723,
JbyK_eXodICyiC-1lrOXF,https://www.tohokukanko.jp/en/attractions/detail_1009756.html,EN,EN,PRIVATED,39.4824371,141.1434518,
ZJkRmeV6wy4yqQYfgnwJf,https://www.tohokukanko.jp/en/attractions/detail_1009771.html,EN,EN,PRIVATED,38.28633236126209,140.19983768463135,
PQN9BgXzfdb-NyH2IoA1A,https://www.tohokukanko.jp/en/attractions/detail_1009778.html,EN,EN,PRIVATED,38.0639204652579,140.19308924674988,
v-s5oss6ZzDN_G6KozkUb,https://www.tohokukanko.jp/en/attractions/detail_1009829.html,EN,EN,PRIVATED,40.06059966724221,140.11314868927002,
6GnZ6oYm6GxFMYOwhfffA,https://www.tohokukanko.jp/en/attractions/detail_1009877.html,EN,EN,PRIVATED,0,0,
qzsD0W4Wdx_hobloGx9gS,https://www.tohokukanko.jp/en/attractions/detail_1009888.html,EN,EN,PRIVATED,39.7147413,140.1235421,
I10g_vK9oFxsEJ4H7mV6W,https://www.tohokukanko.jp/en/attractions/detail_1010087.html,EN,EN,PRIVATED,39.6923945,141.025029,
Veqh8O1z9G-FuropQNVyY,https://www.tohokukanko.jp/en/attractions/detail_1010119.html,EN,EN,PRIVATED,39.6930135,141.0243967,
35cKIkzZQmPVmQ4F92j89,https://www.tohokukanko.jp/en/attractions/detail_1010138.html,EN,EN,PRIVATED,37.8351453,140.4507551,
lJY2VX8xXHESXjkutXyRB,https://www.tohokukanko.jp/en/attractions/detail_1010139.html,EN,EN,PRIVATED,37.8309416,140.4538943,
JOQTZXlyt3QTeQfZoUqiw,https://www.tohokukanko.jp/en/attractions/detail_1010168.html,EN,EN,PRIVATED,39.3601233,141.1113228,
35YQPJZip9Wym50OcE6eF,https://www.tohokukanko.jp/en/attractions/detail_1010170.html,EN,EN,PRIVATED,39.4069215,141.1100843,
9IrHEW7lStGcl87szSv0_,https://www.tohokukanko.jp/en/attractions/detail_1010197.html,EN,EN,PRIVATED,37.7206134,139.8407733,
Enx9GpHqugxQg4rYL8Tlb,https://www.tohokukanko.jp/en/attractions/detail_1010228.html,EN,EN,PRIVATED,37.6239233,140.9586899,
K4ZTAarRgx4LFYoNv_4OS,https://www.tohokukanko.jp/en/attractions/detail_1010278.html,EN,EN,PRIVATED,39.7010513,141.152631,
MyeC0ZPgdeYqD-gMwa8_f,https://www.tohokukanko.jp/en/attractions/detail_1010552.html,EN,EN,PRIVATED,37.7523787,140.304965,
yU1IcEvML2l7YFQjcnZO6,https://www.tohokukanko.jp/en/attractions/detail_1010583.html,EN,EN,PRIVATED,37.7415203,138.839303,
PSXMk9hDmsxxGqZ7bTV38,https://www.tohokukanko.jp/en/attractions/detail_1010654.html,EN,EN,PRIVATED,37.4906807,139.9425405,
TBOGDgWZtH5gQlOyDikcb,https://www.tohokukanko.jp/en/attractions/detail_1010661.html,EN,EN,PRIVATED,37.5090623,139.8913254,
VnV1Sy2vL24Qz83Z1ukwI,https://www.tohokukanko.jp/en/attractions/detail_1010688.html,EN,EN,PRIVATED,37.9142637,139.2206446,
mKCJTzbRavtv12iDPVRfd,https://www.tohokukanko.jp/en/attractions/detail_1010701.html,EN,EN,PRIVATED,38.892914,140.615477,
NS-5V1jX9DPxUebLsJ6Sd,https://www.tohokukanko.jp/en/attractions/detail_1010711.html,EN,EN,PRIVATED,37.8796409,139.3105759,
kAK_z1UiGtYAv6PRdSFH7,https://www.tohokukanko.jp/en/attractions/detail_1010733.html,EN,EN,PRIVATED,37.9521538,139.3079591,
XY3qpiRa97FqkYR8Xup6N,https://www.tohokukanko.jp/en/attractions/detail_1010735.html,EN,EN,PRIVATED,37.5040133,139.9521626,
NuNxNh6N9sDt3qBxcQkAI,https://www.tohokukanko.jp/en/attractions/detail_1010740.html,EN,EN,PRIVATED,38.892914,140.615477,
9ENdsIOiCIGlGV5IcFeuj,https://www.tohokukanko.jp/en/attractions/detail_1010745.html,EN,EN,PRIVATED,37.5056607,139.9305288,
m7AqBHsMne2Ju8AmqpIzU,https://www.tohokukanko.jp/en/attractions/detail_1010753.html,EN,EN,PRIVATED,37.4951965,139.9040893,
w-EyThyGz5zRAX2fiMkhL,https://www.tohokukanko.jp/en/attractions/detail_1010765.html,EN,EN,PRIVATED,37.5048183,139.9527131,
5kREbCKnCsjDgtqWZHvFK,https://www.tohokukanko.jp/en/attractions/detail_1010785.html,EN,EN,PRIVATED,37.9788842,139.2611344,
qoNLeaEA0SV4CAIRkiFZ8,https://www.tohokukanko.jp/en/attractions/detail_1010799.html,EN,EN,PRIVATED,37.8962905,139.3733639,
nu-KL87K81bJqmlA6GPIu,https://www.tohokukanko.jp/en/attractions/detail_1010832.html,EN,EN,PRIVATED,37.5033927,139.9399579,
NNbMRxqliB-s6uiKQPKkI,https://www.tohokukanko.jp/en/attractions/detail_1010906.html,EN,EN,PRIVATED,40.58518309999999,141.1174174,
X3NA38VH4LmCAn3AoAdVo,https://www.tohokukanko.jp/en/attractions/detail_1379.html,EN,EN,PRIVATED,40.428094,140.894287999999,
7rrERYCiQOVhn4y1yBLLC,https://www.tohokukanko.jp/en/attractions/detail_1542.html,EN,EN,PRIVATED,37.131592,138.61497,
VA4dtR9Uwj6ghL_Z5Cn6L,https://www.tohokukanko.jp/en/attractions/detail_1554.html,EN,EN,PRIVATED,39.97346,139.742433,
p1TSoM-oepi6eZiAbzVOh,https://www.tohokukanko.jp/en/attractions/detail_1565.html,EN,EN,PRIVATED,38.229831,139.470895,
9Wc8K1j609PTfeV05FSGK,https://www.tohokukanko.jp/en/attractions/detail_100124.html,EN,EN,PRIVATED,39.692864,141.0243256,
RQlwgw0bvXrMQU4q42nY1,https://www.tohokukanko.jp/en/attractions/detail_1001406.html,EN,EN,PRIVATED,40.7848052,140.7639712,
Ue1YWMOgLfLEwTN7BX3xo,https://www.tohokukanko.jp/en/attractions/detail_1002070.html,EN,EN,PRIVATED,37.561384613253644,139.81423795223236,
dWLVHUnV-uX4-AQKr_DpD,https://www.tohokukanko.jp/en/attractions/detail_1002108.html,EN,EN,PRIVATED,38.015522294261565,140.4014266580503,
-8ZbyEjZHDXva_kiN4GiD,https://www.tohokukanko.jp/en/attractions/detail_1002119.html,EN,EN,PRIVATED,39.95209969522815,141.9570535762329,
bfjt14wCyuO3YvX_meKBz,https://www.tohokukanko.jp/en/attractions/detail_1002165.html,EN,EN,PRIVATED,38.01795612283777,140.2878999710083,
czyKnpoTDnLoE7Wpw7y9k,https://www.tohokukanko.jp/en/attractions/detail_1002174.html,EN,EN,PRIVATED,38.0049721361401,140.33281087875366,
B9eo6M5ffvlP4wRKc6idA,https://www.tohokukanko.jp/en/attractions/detail_1002365.html,EN,EN,PRIVATED,0,0,
xXmVcT6BVvznOP7psFPRv,https://www.tohokukanko.jp/en/attractions/detail_1002565.html,EN,EN,PRIVATED,37.60527549948779,140.35822376322938,
WzNRcaVm8YUFsP1Ab4CLz,https://www.tohokukanko.jp/en/attractions/detail_1002577.html,EN,EN,PRIVATED,40.8278944,140.7341902,
b6yD-UXtDZ8jL7egziJRJ,https://www.tohokukanko.jp/en/attractions/detail_1002580.html,EN,EN,PRIVATED,40.8269499,140.7347804,
yGX9Ht5MW4f8-yijA0qmZ,https://www.tohokukanko.jp/en/attractions/detail_1002692.html,EN,EN,PRIVATED,40.5251171,141.2978531,
VaA2_-71iMBBEZwPZQ4Xu,https://www.tohokukanko.jp/en/attractions/detail_1002721.html,EN,EN,PRIVATED,39.7058851,141.1382071,
Yv8J5CydAE_WhefZ5wxa4,https://www.tohokukanko.jp/en/attractions/detail_1002726.html,EN,EN,PRIVATED,40.86478530000001,141.1242678,
K4hjbUCUNITsVdo8IRAb6,https://www.tohokukanko.jp/en/attractions/detail_1002770.html,EN,EN,PRIVATED,38.4353631,140.8198369,
H6jkwHKHZ-VLxwleXyzF2,https://www.tohokukanko.jp/en/attractions/detail_1002785.html,EN,EN,PRIVATED,38.14466568207071,140.5347490310669,
7BDas7bCrG3ey5vhtHXr3,https://www.tohokukanko.jp/en/attractions/detail_1002832.html,EN,EN,PRIVATED,38.3650761,140.4028295,
aOEF5Nbg2fWlRwq0lpnmS,https://www.tohokukanko.jp/en/attractions/detail_1002838.html,EN,EN,PRIVATED,38.36199939999999,140.3770382,
-u3xU8J2qur9gEypeQiFv,https://www.tohokukanko.jp/en/attractions/detail_1003069.html,EN,EN,PRIVATED,37.10223751904128,139.5196294784546,
q-lv1JkDciXy6jCwvnPeX,https://www.tohokukanko.jp/en/attractions/detail_1003148.html,EN,EN,PRIVATED,38.21984085877146,140.52427768707275,
7PARNjjk0lLtQd3dM_uIl,https://www.tohokukanko.jp/en/attractions/detail_1003253.html,EN,EN,PRIVATED,0,0,
A0Bj5s5uM6E6tC4-_7vXg,https://www.tohokukanko.jp/en/attractions/detail_1003265.html,EN,EN,PRIVATED,39.7003145,141.142568,
nIQG5GepGhmxBRnuDCOhH,https://www.tohokukanko.jp/en/attractions/detail_1003318.html,EN,EN,PRIVATED,39.712567,141.1267207,
ErApegeollxJOo6Zdvnz8,https://www.tohokukanko.jp/en/attractions/detail_1003347.html,EN,EN,PRIVATED,41.80849675119788,140.09523267419195,
QTb7ECh1fbCa0m_xeaAGE,https://www.tohokukanko.jp/en/attractions/detail_1003439.html,EN,EN,PRIVATED,37.08862227664882,139.70118284225464,
9enWuzLLMVxwTsypaqrv7,https://www.tohokukanko.jp/en/attractions/detail_1003442.html,EN,EN,PRIVATED,37.26731646214561,139.54145193099976,
EXiq69U0C8oTgzks-suS4,https://www.tohokukanko.jp/en/attractions/detail_1003454.html,EN,EN,PRIVATED,37.216657810782,139.54904405840122,
WgQSsfAd1PgX5L2D0oOS1,https://www.tohokukanko.jp/en/attractions/detail_1003586.html,EN,EN,PRIVATED,37.6022132,140.4551077,
TfS4Gq4oeL2KE_0ZVkhm8,https://www.tohokukanko.jp/en/attractions/detail_1003696.html,EN,EN,PRIVATED,38.268195,140.869418,
8oh6Ox8AUYhOLtaFZMZxs,https://www.tohokukanko.jp/en/attractions/detail_1003902.html,EN,EN,PRIVATED,39.1939261,141.1245262,
Ve89BJQXfelJRxE0rDEzz,https://www.tohokukanko.jp/en/attractions/detail_1003910.html,EN,EN,PRIVATED,39.8217484,140.94156,
WWTYEVV_1iZfKD8dFhmA0,https://www.tohokukanko.jp/en/attractions/detail_1003974.html,EN,EN,PRIVATED,39.694067,141.1544896,
_OkipD0Aojs2rdyHJro8e,https://www.tohokukanko.jp/en/attractions/detail_1004037.html,EN,EN,PRIVATED,0,0,
pPGF1PTYK2n09TGUaYb_I,https://www.tohokukanko.jp/en/attractions/detail_1004070.html,EN,EN,PRIVATED,39.7446943,141.2017524,
zSQ0NMwJa40KbdbKFPaw7,https://www.tohokukanko.jp/en/attractions/detail_1004150.html,EN,EN,PRIVATED,39.70006679999999,141.1546915,
e4UB3m2CciNjaDkeZipWm,https://www.tohokukanko.jp/en/attractions/detail_1004268.html,EN,EN,PRIVATED,37.5963013,140.4244572,
99y4hwoOk_3wB06hP6bfG,https://www.tohokukanko.jp/en/attractions/detail_1004298.html,EN,EN,PRIVATED,38.398545,140.8358345,
LU0aq9O_tlgylPAj7-QH0,https://www.tohokukanko.jp/en/attractions/detail_1004316.html,EN,EN,PRIVATED,38.73798378717357,140.69984436035156,
lgSrMsb3tstgGEiQFmlB3,https://www.tohokukanko.jp/en/attractions/detail_1004635.html,EN,EN,PRIVATED,39.5736159,141.0829606,
Qgiadg2B5WNSANhCHYeLa,https://www.tohokukanko.jp/en/attractions/detail_1004883.html,EN,EN,PRIVATED,38.4937057,140.3639319,
mvKutMow85YsZt2oKf48d,https://www.tohokukanko.jp/en/attractions/detail_1004943.html,EN,EN,PRIVATED,37.45513945583694,139.8402895368964,
HmbrI1GKyv6DaF5ZjFC-3,https://www.tohokukanko.jp/en/attractions/detail_1005029.html,EN,EN,PRIVATED,37.8804863,140.0520493,
a3UukpFf3UNckCt2lFd8Q,https://www.tohokukanko.jp/en/attractions/detail_1005084.html,EN,EN,PRIVATED,38.4371373,140.8861902,
pT_mkUx6Thb3wy-qR1tGs,https://www.tohokukanko.jp/en/attractions/detail_1005101.html,EN,EN,PRIVATED,37.561656764937155,139.79913711547852,
KUWqNVJYwUXw4FmgL41jp,https://www.tohokukanko.jp/en/attractions/detail_1005169.html,EN,EN,PRIVATED,37.28352826054239,140.3736838762286,
93ebcXCOQc65WHq_rfiRC,https://www.tohokukanko.jp/en/attractions/detail_1005206.html,EN,EN,PRIVATED,37.45260971033404,139.88995972247622,
eHo1RW24SWDCnQEo_3CL2,https://www.tohokukanko.jp/en/attractions/detail_1005239.html,EN,EN,PRIVATED,37.0405452,140.3772213,
iJC5x4sRz7U4SM_RZ9KV7,https://www.tohokukanko.jp/en/attractions/detail_1005307.html,EN,EN,PRIVATED,38.318078013806165,141.01519167423248,
hjcsa3wY_o17ZnOvHVexs,https://www.tohokukanko.jp/en/attractions/detail_1005334.html,EN,EN,PRIVATED,37.79818394756317,140.56957204180299,
vBbuqPE1KUW7KDoPVCCYQ,https://www.tohokukanko.jp/en/attractions/detail_1005389.html,EN,EN,PRIVATED,40.2868143,140.5560325,
a5R4uXqv-5HVttQ2nAZas,https://www.tohokukanko.jp/en/attractions/detail_1005529.html,EN,EN,PRIVATED,39.9296033,141.2164253,
9ld2YPajIpuBYuO6txnJS,https://www.tohokukanko.jp/en/attractions/detail_1005620.html,EN,EN,PRIVATED,37.57815410360304,139.75489139556885,
xj0hNrdEYfHFwzhwcDsKZ,https://www.tohokukanko.jp/en/attractions/detail_1005626.html,EN,EN,PRIVATED,37.48822356390662,139.81436314295047,
O7uhk9yk9ckwD2cvLtyAe,https://www.tohokukanko.jp/en/attractions/detail_1005654.html,EN,EN,PRIVATED,37.4827614,139.6644892,
blgbQCah6vagYMZQoc7Lb,https://www.tohokukanko.jp/en/attractions/detail_1005674.html,EN,EN,PRIVATED,37.46430071036874,139.83920381409183,
6R7pV-idy1VTUQOjj-wTE,https://www.tohokukanko.jp/en/attractions/detail_1005737.html,EN,EN,PRIVATED,0,0,
1heyqGuL2s9IdgO9AEJRn,https://www.tohokukanko.jp/en/attractions/detail_1005797.html,EN,EN,PRIVATED,37.2614062,140.5477417,
RZbC5C2Oti1Vv1yJroYcH,https://www.tohokukanko.jp/en/attractions/detail_1005800.html,EN,EN,PRIVATED,37.452041406889094,139.890942679167,
WPl3D4s0N33_-nHB5zSIa,https://www.tohokukanko.jp/en/attractions/detail_1005860.html,EN,EN,PRIVATED,37.8582194,140.5075628,
9F5CFv-NaKyIhhY13_JsF,https://www.tohokukanko.jp/en/attractions/detail_1005924.html,EN,EN,PRIVATED,39.0138258,141.7098999,
Ed-OmZEjBEQRnMYWmiq6Q,https://www.tohokukanko.jp/en/attractions/detail_1005957.html,EN,EN,PRIVATED,38.003339,140.624038,
zrsArzWtUVt01akidWbkc,https://www.tohokukanko.jp/en/attractions/detail_1005995.html,EN,EN,PRIVATED,37.5490435,140.1056638,
3j9BoIZGmSwVul-K95e0K,https://www.tohokukanko.jp/en/attractions/detail_1006019.html,EN,EN,PRIVATED,38.0805821,140.5410149,
m6WRpDpoOV-uhMuW4cA0y,https://www.tohokukanko.jp/en/attractions/detail_1006064.html,EN,EN,PRIVATED,37.2500262,140.5598254,
fy6kfYU99MW-lzGKpqOLp,https://www.tohokukanko.jp/en/attractions/detail_1006127.html,EN,EN,PRIVATED,37.0390664,140.4920033,
xcaBgE3OiCpWr1Dbzr_ZN,https://www.tohokukanko.jp/en/attractions/detail_1006137.html,EN,EN,PRIVATED,37.2226492,140.4186037,
NFm1S8YgTk2yN3MW4i0FW,https://www.tohokukanko.jp/en/attractions/detail_1006154.html,EN,EN,PRIVATED,37.518120166330725,140.40115838451692,
fUk2CM3DAu86CDXvoV_7A,https://www.tohokukanko.jp/en/attractions/detail_1006218.html,EN,EN,PRIVATED,37.56668288761176,139.81401801109314,
oAKaHIg01oaji6QGWp5-w,https://www.tohokukanko.jp/en/attractions/detail_1006272.html,EN,EN,PRIVATED,37.3294149,139.6220936,
WASMCtk01zdUydpOolOy-,https://www.tohokukanko.jp/en/attractions/detail_1006301.html,EN,EN,PRIVATED,0,0,
b_kX1xUBd0rU1TcHOPoXg,https://www.tohokukanko.jp/en/attractions/detail_1006319.html,EN,EN,PRIVATED,37.2226492,140.4186037,
8qRLyfeCyLDDq96wozTPu,https://www.tohokukanko.jp/en/attractions/detail_1006327.html,EN,EN,PRIVATED,39.1287451,141.1693197,
PXG1qoVGj_l7cUegrgKnx,https://www.tohokukanko.jp/en/attractions/detail_1006501.html,EN,EN,PRIVATED,38.0656723,140.6567154,
bLB8Cs7SbXBrmF7FIzWxF,https://www.tohokukanko.jp/en/attractions/detail_1006704.html,EN,EN,PRIVATED,40.2089898,140.0254333,
M7wGuqEKLlAqLPQRk6_DW,https://www.tohokukanko.jp/en/attractions/detail_1006716.html,EN,EN,PRIVATED,40.2094228,140.0269894,
YNKbfBjCDYw0lart6FKd_,https://www.tohokukanko.jp/en/attractions/detail_1006724.html,EN,EN,PRIVATED,40.21104885584967,140.03600124603273,
34YXmiTmpwszS22NOhkeu,https://www.tohokukanko.jp/en/attractions/detail_1006747.html,EN,EN,PRIVATED,40.216287839995296,140.25885551719668,
cG8fuHZcjsqWMd9exd3rD,https://www.tohokukanko.jp/en/attractions/detail_1006763.html,EN,EN,PRIVATED,40.1474564,140.0024664,
aoRDBtPhR5jhtxcOl_500,https://www.tohokukanko.jp/en/attractions/detail_1006801.html,EN,EN,PRIVATED,0,0,
78xppQgXfiQ50_bcRv5_N,https://www.tohokukanko.jp/en/attractions/detail_1006930.html,EN,EN,PRIVATED,39.71681690030651,140.1293194092621,
B0cpaOz6SeDIaAkHUXJEy,https://www.tohokukanko.jp/en/attractions/detail_1007487.html,EN,EN,PRIVATED,40.03410782246657,140.09966889943007,
3WYJBVMxbVUynM2f8ZCmc,https://www.tohokukanko.jp/en/attractions/detail_1007492.html,EN,EN,PRIVATED,39.721771873478076,140.12434812765278,
HX5DTGpoASqaWKn_fGcgO,https://www.tohokukanko.jp/en/attractions/detail_1007507.html,EN,EN,PRIVATED,39.643705,140.635786,
jgzn2TrbQo2Rb8d2yaTq1,https://www.tohokukanko.jp/en/attractions/detail_1007547.html,EN,EN,PRIVATED,39.79588675114731,140.2223368760676,
eofyGU1XhJTsYsYocrRfq,https://www.tohokukanko.jp/en/attractions/detail_1007661.html,EN,EN,PRIVATED,0,0,
uY_GLl0-sFUTQaCU_BIJS,https://www.tohokukanko.jp/en/attractions/detail_1007686.html,EN,EN,PRIVATED,40.0639034,140.2980775,
HdSAWmEIwITG64uuik8Rc,https://www.tohokukanko.jp/en/attractions/detail_1007708.html,EN,EN,PRIVATED,39.9531807,139.7585284,
VVzbXgVoPwUMWFF1kzDbP,https://www.tohokukanko.jp/en/attractions/detail_1007912.html,EN,EN,PRIVATED,39.94718717265059,140.0784410538566,
9JaAQnNSmbCuv-1a4QRgJ,https://www.tohokukanko.jp/en/attractions/detail_1008082.html,EN,EN,PRIVATED,37.471644380151595,139.5921653550171,
-XajkqLoQYA0t7Kzh3yGN,https://www.tohokukanko.jp/en/attractions/detail_1008266.html,EN,EN,PRIVATED,39.385841883531995,141.1087252331362,
mgBmbwI2CJLEYne6mSLTX,https://www.tohokukanko.jp/en/attractions/detail_1008273.html,EN,EN,PRIVATED,39.391716,141.1116485,
LHP6wGLwYp0qoaaQpV3gn,https://www.tohokukanko.jp/en/attractions/detail_1008608.html,EN,EN,PRIVATED,38.18524141324301,140.6676570925209,
DzBd1Bt3cSrPgLB_KJiuN,https://www.tohokukanko.jp/en/attractions/detail_1008667.html,EN,EN,PRIVATED,37.8521397,140.5112653,
Hhq2jTMI5cBjtsq-3KXn8,https://www.tohokukanko.jp/en/attractions/detail_1008703.html,EN,EN,PRIVATED,0,0,
BosXRIQCVmVmcqjkIOvjg,https://www.tohokukanko.jp/en/attractions/detail_1008705.html,EN,EN,PRIVATED,0,0,
-MFnXTdL5eip1DsJM3S2u,https://www.tohokukanko.jp/en/attractions/detail_1008739.html,EN,EN,PRIVATED,37.50416392653286,139.95444238185883,
w75ymHvA_h_OwseH81Gx1,https://www.tohokukanko.jp/en/attractions/detail_1008747.html,EN,EN,PRIVATED,0,0,
RXpnlx256cZ0kxX0P14Dv,https://www.tohokukanko.jp/en/attractions/detail_1008760.html,EN,EN,PRIVATED,0,0,
ho3ISqhI-EFkUVN8c8CyW,https://www.tohokukanko.jp/en/attractions/detail_1008775.html,EN,EN,PRIVATED,0,0,
N8aSjzybeXOvcqkyCyLg_,https://www.tohokukanko.jp/en/attractions/detail_1008872.html,EN,EN,PRIVATED,0,0,
XHHxoL3EUZJZbAaYeYx48,https://www.tohokukanko.jp/en/attractions/detail_1008915.html,EN,EN,PRIVATED,0,0,
geagIigZjt6hRGNQ-jYfM,https://www.tohokukanko.jp/en/attractions/detail_1008957.html,EN,EN,PRIVATED,37.4887526,139.9346693,
le3YyFS0OWZylKoFupgyy,https://www.tohokukanko.jp/en/attractions/detail_1009057.html,EN,EN,PRIVATED,37.605841134109866,140.35725408916318,
jr6rAINY9mBaFpJwvEk47,https://www.tohokukanko.jp/en/attractions/detail_1009139.html,EN,EN,PRIVATED,0,0,
j95vvc-UZi3u9qgPlV2HC,https://www.tohokukanko.jp/en/attractions/detail_1009188.html,EN,EN,PRIVATED,0,0,
85SLUGAL6xRJ_cuaI1oBc,https://www.tohokukanko.jp/en/attractions/detail_1009236.html,EN,EN,PRIVATED,38.8675751,141.6169277,
XbIKB6wsZAIC9Hyjsl0-p,https://www.tohokukanko.jp/en/attractions/detail_1009617.html,EN,EN,PRIVATED,38.640648,139.9669717,
tbzluNMzI-M0bILCmC-0w,https://www.tohokukanko.jp/en/attractions/detail_1009627.html,EN,EN,PRIVATED,38.3792552,140.1961981,
FaX14qtbjwGP0rGgHjmpv,https://www.tohokukanko.jp/en/attractions/detail_1009917.html,EN,EN,PRIVATED,39.140542024176405,141.1411200980765,
Tuwi0z75EnVp8NcK5dEff,https://www.tohokukanko.jp/en/attractions/detail_1009972.html,EN,EN,PRIVATED,0,0,
AYRkPuaZTOqBKPQfTma8s,https://www.tohokukanko.jp/en/attractions/detail_1010058.html,EN,EN,PRIVATED,39.5322505,141.4164058,
qCyvX79bPC0gOFzyqHjUl,https://www.tohokukanko.jp/en/attractions/detail_1010059.html,EN,EN,PRIVATED,39.3871234,141.0211865,
Xi4wuZpB3kTTKBI-Hfy1c,https://www.tohokukanko.jp/en/attractions/detail_1010071.html,EN,EN,PRIVATED,39.404179,141.101677,
tmqm5sl4k4uwJvAey1M_1,https://www.tohokukanko.jp/en/attractions/detail_1010073.html,EN,EN,PRIVATED,39.4663391,141.2854156,
8uMESiYSIEpE64jS9_WLD,https://www.tohokukanko.jp/en/attractions/detail_1010091.html,EN,EN,PRIVATED,39.6930135,141.0243967,
lEJs-sy84JlBEI1elRPBa,https://www.tohokukanko.jp/en/attractions/detail_1010112.html,EN,EN,PRIVATED,37.7018752,138.8291262,
U8LcFMV4iAIX9OWnZKgp9,https://www.tohokukanko.jp/en/attractions/detail_1010127.html,EN,EN,PRIVATED,39.5960804,140.5626052,
yDoQywjgSofsmQ0xNJb1C,https://www.tohokukanko.jp/en/attractions/detail_1010129.html,EN,EN,PRIVATED,39.4630343,140.9933528,
1eYSpaDMBCT_p2uGRJNxh,https://www.tohokukanko.jp/en/attractions/detail_1010164.html,EN,EN,PRIVATED,39.4425503,141.0953102,
pe6Ubbh5eGeuNxaU8HOpJ,https://www.tohokukanko.jp/en/attractions/detail_1010444.html,EN,EN,PRIVATED,37.6385821,139.7641008,
ld6h-pqDs7WXgVhuj5jhv,https://www.tohokukanko.jp/en/attractions/detail_1010448.html,EN,EN,PRIVATED,38.9064307,141.5745844,
KN8i9HZfFT-RSMCDxhgZh,https://www.tohokukanko.jp/en/attractions/detail_1010484.html,EN,EN,PRIVATED,38.0045344,140.6151892,
YWtX0Jwg0_eDgj244v_RQ,https://www.tohokukanko.jp/en/attractions/detail_1010516.html,EN,EN,PRIVATED,38.0392484,140.9167879,
gXUKM3Jj2chspEMLwRAca,https://www.tohokukanko.jp/en/attractions/detail_1010520.html,EN,EN,PRIVATED,38.044204474415594,140.8674716949463,
DsiswoQazAl2hOCstCRyH,https://www.tohokukanko.jp/en/attractions/detail_1010539.html,EN,EN,PRIVATED,0,0,
2UgNLPo1Vmhm7QW1fYklK,https://www.tohokukanko.jp/en/attractions/detail_1010555.html,EN,EN,PRIVATED,37.7523787,140.304965,
6U9YYIP5sAvo8huD2OF46,https://www.tohokukanko.jp/en/attractions/detail_1010666.html,EN,EN,PRIVATED,37.483557,139.9423478,
a9Bvcj12jwKonEuX2cD7w,https://www.tohokukanko.jp/en/attractions/detail_1010668.html,EN,EN,PRIVATED,37.5124535,139.943065,
xMC22rN6L0vKzyE9bwt_e,https://www.tohokukanko.jp/en/attractions/detail_1010669.html,EN,EN,PRIVATED,37.5326925,139.9362581,
XpctT-xRRCOpAy4F9LWCK,https://www.tohokukanko.jp/en/attractions/detail_1010673.html,EN,EN,PRIVATED,37.4903377,139.9530637,
2-udLj3HW5SmhY0koYXK0,https://www.tohokukanko.jp/en/attractions/detail_1010723.html,EN,EN,PRIVATED,37.5012441,139.9300693,
BhywhEnqCeonlq_GHFWwA,https://www.tohokukanko.jp/en/attractions/detail_1010725.html,EN,EN,PRIVATED,37.4990297,139.949989,
ZLoa62HivsBup4YorFuXT,https://www.tohokukanko.jp/en/attractions/detail_1010762.html,EN,EN,PRIVATED,38.225735,139.478781,
usqD7nfqHr2zejrJRO9NE,https://www.tohokukanko.jp/en/attractions/detail_1010768.html,EN,EN,PRIVATED,38.4407884,139.4833105,
EgYyK3PbWf6SUV_ea_H3s,https://www.tohokukanko.jp/en/attractions/detail_1010775.html,EN,EN,PRIVATED,37.4866828,139.9308963,
j1jkZJ529vcgSZq5KUH5I,https://www.tohokukanko.jp/en/attractions/detail_1010783.html,EN,EN,PRIVATED,37.7790381,139.2279361,
4hDKTq5Z8jRVXbrgeMelo,https://www.tohokukanko.jp/en/attractions/detail_1010816.html,EN,EN,PRIVATED,37.50456,139.9524823,
3yHO6lGEmoxkNWLmJgkMP,https://www.tohokukanko.jp/en/attractions/detail_1010819.html,EN,EN,PRIVATED,37.4961404,139.9309101,
9-ECtdP4JPkgueLwY0he8,https://www.tohokukanko.jp/en/attractions/detail_1010858.html,EN,EN,PRIVATED,37.511894,139.9294703,
DFdGB_aSZhqN1yPaHBvNA,https://www.tohokukanko.jp/en/attractions/detail_1010874.html,EN,EN,PRIVATED,37.4915286,139.9303137,
MrVcSnJEbTjC_WIoma2wH,https://www.tohokukanko.jp/en/attractions/detail_1010897.html,EN,EN,PRIVATED,0,0,
vDp6Nd5xus8PxpQxM5r5O,https://www.tohokukanko.jp/en/attractions/detail_1010899.html,EN,EN,PRIVATED,37.5927699,140.2162832,
Iu4LXEFJqxCD3c81ne2gv,https://www.tohokukanko.jp/en/attractions/detail_1010911.html,EN,EN,PRIVATED,40.4273697,140.8950122,
tnfZX15vjUHV_hHXvXimM,https://www.tohokukanko.jp/en/attractions/detail_1011305.html,EN,EN,PRIVATED,38.0953284,139.9817809,
UyX-uoQvj0AR_NMa_EBXB,https://www.tohokukanko.jp/en/attractions/detail_1011426.html,EN,EN,PRIVATED,37.909191,139.5362118,
qLxsI98XysE3kUunx2RLm,https://www.tohokukanko.jp/en/attractions/detail_1222.html,EN,EN,PRIVATED,37.252339,140.36552,
DwF-k4VeWEee9n9kcKqoM,https://www.tohokukanko.jp/en/attractions/detail_1002056.html,EN,EN,PRIVATED,37.57597734448728,139.72214698791504,
b9VAWYP1Uce_Gz0LJoE2z,https://www.tohokukanko.jp/en/attractions/detail_1002090.html,EN,EN,PRIVATED,38.37172167225185,140.06757598769684,
uHbDa29xAV6cYYk_wxIux,https://www.tohokukanko.jp/en/attractions/detail_1002145.html,EN,EN,PRIVATED,38.1694325,140.9531155,
V3Nj-53v75gVWshuEXbKQ,https://www.tohokukanko.jp/en/attractions/detail_1002173.html,EN,EN,PRIVATED,38.01554715845198,140.4042112827301,
Q2atObHUZnsK2JDSQpO8u,https://www.tohokukanko.jp/en/attractions/detail_1002252.html,EN,EN,PRIVATED,38.4476544,140.8867342,
Fwg6mChDtmTz_crpjv8k9,https://www.tohokukanko.jp/en/attractions/detail_1002390.html,EN,EN,PRIVATED,38.40620494853143,140.8992232049629,
ZVES3TDrOmz-R7mAMhc1S,https://www.tohokukanko.jp/en/attractions/detail_1002500.html,EN,EN,PRIVATED,0,0,
AotJXu1_EelSbNthBXlnD,https://www.tohokukanko.jp/en/attractions/detail_1002526.html,EN,EN,PRIVATED,0,0,
a2uOOgE-1G9EPprMJcXeZ,https://www.tohokukanko.jp/en/attractions/detail_1002537.html,EN,EN,PRIVATED,37.6006071331407,140.58673247567137,
JgIX7aFZgoE_eaq_S1HH3,https://www.tohokukanko.jp/en/attractions/detail_1002551.html,EN,EN,PRIVATED,38.36585591185836,140.90717518104248,
aZ1kqdd7k0_a4Ie8APm2n,https://www.tohokukanko.jp/en/attractions/detail_1002564.html,EN,EN,PRIVATED,39.8592816,141.1134618,
QNe4Cmrla6mst8izAwwlh,https://www.tohokukanko.jp/en/attractions/detail_1002567.html,EN,EN,PRIVATED,38.892914,140.615477,
LmcshlQLcLX6vKPo4ZVtL,https://www.tohokukanko.jp/en/attractions/detail_1002597.html,EN,EN,PRIVATED,40.8295567,140.7359562,
_otPD-Iwq2b-uJsb1vrzh,https://www.tohokukanko.jp/en/attractions/detail_1002787.html,EN,EN,PRIVATED,37.83347994166065,140.44085025787354,
vu4mwxoJgvTW-qKCGjqcz,https://www.tohokukanko.jp/en/attractions/detail_1002822.html,EN,EN,PRIVATED,38.36004,140.380797,
kiwXmqePn8PCQVzwM6KWg,https://www.tohokukanko.jp/en/attractions/detail_1003018.html,EN,EN,PRIVATED,37.397684320127475,139.4092833995819,
zODR5NifVET8jyFQ2xZJ6,https://www.tohokukanko.jp/en/attractions/detail_1003120.html,EN,EN,PRIVATED,40.7388989,140.7938343,
B81Di7QkrsOkAUhv46ZPG,https://www.tohokukanko.jp/en/attractions/detail_1003316.html,EN,EN,PRIVATED,39.7009804,141.1589158,
zN_uF9bXWzStBhJEOFvzq,https://www.tohokukanko.jp/en/attractions/detail_1003419.html,EN,EN,PRIVATED,40.64414190359162,140.59673348647345,
JE87JLvy-PAMRP1OrPUA8,https://www.tohokukanko.jp/en/attractions/detail_1003464.html,EN,EN,PRIVATED,37.28020995906139,139.49880609322759,
G7ONVGW7qdMe5ODrD4xyP,https://www.tohokukanko.jp/en/attractions/detail_1003733.html,EN,EN,PRIVATED,37.1266145,140.211014,
c9ol3P55wl0c9AI0GUqGT,https://www.tohokukanko.jp/en/attractions/detail_1003740.html,EN,EN,PRIVATED,37.13252731008728,140.21374838252564,
P5JkrxsGp_CUYkJGCkM9J,https://www.tohokukanko.jp/en/attractions/detail_1003787.html,EN,EN,PRIVATED,39.70064159701903,141.15439548570558,
s5cvH8JV-Bb2Xmc6kvv9s,https://www.tohokukanko.jp/en/attractions/detail_1003970.html,EN,EN,PRIVATED,39.6930168,141.1610167,
yorrp0ZadUO3-tlA1yeCw,https://www.tohokukanko.jp/en/attractions/detail_1004083.html,EN,EN,PRIVATED,39.1885389,141.003756,
Anlqnu_tYJ7IJ-kG9c6WN,https://www.tohokukanko.jp/en/attractions/detail_1004175.html,EN,EN,PRIVATED,39.6986759,141.1558736,
sLZwkrNPDEEvQ9ysN3ARV,https://www.tohokukanko.jp/en/attractions/detail_1004271.html,EN,EN,PRIVATED,38.4407465,140.8854707,
_xvp5CXgTR0txXARIsir2,https://www.tohokukanko.jp/en/attractions/detail_1004426.html,EN,EN,PRIVATED,37.5914594,140.4336422,
JPoORpZYxEtpFPtAVSgsr,https://www.tohokukanko.jp/en/attractions/detail_1004479.html,EN,EN,PRIVATED,38.4257654,140.8089202,
FS7f1iIBBbsGnOZ1d-8A_,https://www.tohokukanko.jp/en/attractions/detail_1004599.html,EN,EN,PRIVATED,39.5535349,141.2042402,
qc47DJp6Fljd96q7Yxbjn,https://www.tohokukanko.jp/en/attractions/detail_1004644.html,EN,EN,PRIVATED,0,0,
9kAHCJlLD7CZfvDVeCilk,https://www.tohokukanko.jp/en/attractions/detail_1004655.html,EN,EN,PRIVATED,0,0,
0t8AJuKypmuJ2oWjuiNj-,https://www.tohokukanko.jp/en/attractions/detail_1004691.html,EN,EN,PRIVATED,39.7010513,141.152631,
k7PF2DTQj-NtE4GJ0bpJl,https://www.tohokukanko.jp/en/attractions/detail_1004718.html,EN,EN,PRIVATED,39.1444543,141.1392338,
hP0ARtHLJ89j0LO2cOBg2,https://www.tohokukanko.jp/en/attractions/detail_1004781.html,EN,EN,PRIVATED,39.1358621,141.1409709,
2-53KXQPSkUXnIwR_lne_,https://www.tohokukanko.jp/en/attractions/detail_1004787.html,EN,EN,PRIVATED,38.569372,140.7194765,
4lrVLhau5dY__cM1vDleW,https://www.tohokukanko.jp/en/attractions/detail_1004944.html,EN,EN,PRIVATED,37.7669378,140.5887305,
3dwjyqG9oRgP2u4gtpjRM,https://www.tohokukanko.jp/en/attractions/detail_1005107.html,EN,EN,PRIVATED,0,0,
JCDiCSnQT8tAFXEEhsL_T,https://www.tohokukanko.jp/en/attractions/detail_1005292.html,EN,EN,PRIVATED,39.46647,141.285348,
tYAoY6zNYvcJWzhnWfyaa,https://www.tohokukanko.jp/en/attractions/detail_1005355.html,EN,EN,PRIVATED,39.19045077941157,141.17623099761153,
dRwoFiyMvkxx6CPNW9Qkb,https://www.tohokukanko.jp/en/attractions/detail_1005386.html,EN,EN,PRIVATED,39.389982,141.161077,
K0jQBz0ewUNyT3su13bYV,https://www.tohokukanko.jp/en/attractions/detail_1005413.html,EN,EN,PRIVATED,39.1783091,141.1614894,
YcQgGZZhNbCcR6xOx9xDr,https://www.tohokukanko.jp/en/attractions/detail_1005467.html,EN,EN,PRIVATED,37.4405664,140.5764032,
ShPExm9gaE50WUuyPxsQK,https://www.tohokukanko.jp/en/attractions/detail_1005469.html,EN,EN,PRIVATED,37.94982608367818,139.9196476085205,
2uYpbfVKUfiCMQ9KeJkEp,https://www.tohokukanko.jp/en/attractions/detail_1005568.html,EN,EN,PRIVATED,39.14446778533193,141.13928363071037,
lpCOCLQUnsu1Lcz_-CXo8,https://www.tohokukanko.jp/en/attractions/detail_1005589.html,EN,EN,PRIVATED,37.45794027955718,139.84011407506205,
WBqhVlvTpCggbSdKpra8H,https://www.tohokukanko.jp/en/attractions/detail_1005648.html,EN,EN,PRIVATED,37.8241445,140.4935198,
QGQj8Wi8f_HSa-87F9H12,https://www.tohokukanko.jp/en/attractions/detail_1005653.html,EN,EN,PRIVATED,39.386231205867176,141.23026969150598,
2mDa8zItrH1T7-nJnffFE,https://www.tohokukanko.jp/en/attractions/detail_1005735.html,EN,EN,PRIVATED,39.8848383,141.0380498,
D8etSFaKA0KK5B63FZx8U,https://www.tohokukanko.jp/en/attractions/detail_1005753.html,EN,EN,PRIVATED,39.3862166,141.1181663,
rjbLgPfnj2MWQTIh9BTmr,https://www.tohokukanko.jp/en/attractions/detail_1005842.html,EN,EN,PRIVATED,37.84340443847968,140.55205039051188,
ntD_CJXuO1ZsUBZR2dRJZ,https://www.tohokukanko.jp/en/attractions/detail_1005853.html,EN,EN,PRIVATED,0,0,
6rzSqoYaEW7Rt4YGoXedv,https://www.tohokukanko.jp/en/attractions/detail_1005858.html,EN,EN,PRIVATED,37.5572588,139.8622217,
s4BPOlZO_ko0xSe3dOOaw,https://www.tohokukanko.jp/en/attractions/detail_1005887.html,EN,EN,PRIVATED,37.57937850264141,139.83316898345947,
DVSfXWn9vbRelCWwqveM7,https://www.tohokukanko.jp/en/attractions/detail_1005905.html,EN,EN,PRIVATED,37.553236611861145,139.83505725860596,
eFVZoLEIEpFz46b2J5245,https://www.tohokukanko.jp/en/attractions/detail_1005943.html,EN,EN,PRIVATED,37.3959535,140.3631813,
-OmDy-mzwOhPvxErMKaQp,https://www.tohokukanko.jp/en/attractions/detail_1006000.html,EN,EN,PRIVATED,37.5078075,140.4524944,
fFK3LYjdpWqqo1VonLY6q,https://www.tohokukanko.jp/en/attractions/detail_1006097.html,EN,EN,PRIVATED,38.8668103,141.6135154,
RBXPQDb-kLgQlLNDCNO-i,https://www.tohokukanko.jp/en/attractions/detail_1006242.html,EN,EN,PRIVATED,39.6262537684458,140.93592174458945,
Gt4WDNh5WrvZZ9hscsQSp,https://www.tohokukanko.jp/en/attractions/detail_1006248.html,EN,EN,PRIVATED,39.7064392,140.8746354,
MEdxa7wLbvjWs6vBgejdv,https://www.tohokukanko.jp/en/attractions/detail_1006268.html,EN,EN,PRIVATED,37.53252664354684,139.72450733184814,
nAZJhrZVmQ138SDVAXbkk,https://www.tohokukanko.jp/en/attractions/detail_1006379.html,EN,EN,PRIVATED,38.1686597,140.9511386,
ePiDPZDb58UvTB9oUp9yk,https://www.tohokukanko.jp/en/attractions/detail_1006408.html,EN,EN,PRIVATED,38.3193358,141.0307682,
DSOIp4ZNoQKbYDC6ZTrrx,https://www.tohokukanko.jp/en/attractions/detail_1006413.html,EN,EN,PRIVATED,0,0,
LeCUl_qMJzeoLpEzpSGmi,https://www.tohokukanko.jp/en/attractions/detail_1006466.html,EN,EN,PRIVATED,38.359245,140.8768866,
IOynt4RILwImKAOlDqbR0,https://www.tohokukanko.jp/en/attractions/detail_1006712.html,EN,EN,PRIVATED,40.2161581,140.2596897,
gFqa7vmNtubGEa26XtT8D,https://www.tohokukanko.jp/en/attractions/detail_1006737.html,EN,EN,PRIVATED,40.096541320474735,140.24096739580077,
0uiFUMx2n8n7kk32KjoBa,https://www.tohokukanko.jp/en/attractions/detail_1006946.html,EN,EN,PRIVATED,39.73406398129102,140.1289338027522,
dd2DLCCsVn-Bf8SpO91Ez,https://www.tohokukanko.jp/en/attractions/detail_1007071.html,EN,EN,PRIVATED,38.3022187779323,140.0792421024641,
DMEpcExyIWusZCrffAJET,https://www.tohokukanko.jp/en/attractions/detail_1007117.html,EN,EN,PRIVATED,0,0,
X2nbFR2rsDYrfgeD2q3-3,https://www.tohokukanko.jp/en/attractions/detail_1007163.html,EN,EN,PRIVATED,40.1660174,140.11417,
4KHBkhTvXDnfIFrVJtj_8,https://www.tohokukanko.jp/en/attractions/detail_1007394.html,EN,EN,PRIVATED,40.2646721,140.03017,
XkOcsZa94Ivc4_C2e5PH-,https://www.tohokukanko.jp/en/attractions/detail_1007482.html,EN,EN,PRIVATED,0,0,
2zoXmRgvmv6c9jx1Yymhz,https://www.tohokukanko.jp/en/attractions/detail_1007522.html,EN,EN,PRIVATED,0,0,
ZatnK3mNqcvtt8cgbmUU_,https://www.tohokukanko.jp/en/attractions/detail_1007849.html,EN,EN,PRIVATED,39.68246091002278,140.0833179411723,
LRUIaSp3LdUrFpIAlVVOz,https://www.tohokukanko.jp/en/attractions/detail_1008669.html,EN,EN,PRIVATED,37.8503313,140.5394422,
bs5vKDdPrWVHLFIJbSkJM,https://www.tohokukanko.jp/en/attractions/detail_1008721.html,EN,EN,PRIVATED,37.6232499,140.3252527,
fwzNd0On5y10WAXoz8DH3,https://www.tohokukanko.jp/en/attractions/detail_1008774.html,EN,EN,PRIVATED,0,0,
oOkeisBgMezx4DWkl6Gvw,https://www.tohokukanko.jp/en/attractions/detail_1008804.html,EN,EN,PRIVATED,39.3033649714963,140.86258355212402,
H63ie4DynSG2kiz1C1Qdz,https://www.tohokukanko.jp/en/attractions/detail_1008956.html,EN,EN,PRIVATED,37.768273,140.4575665,
LpGmLFY14K2B3NxNXfh5v,https://www.tohokukanko.jp/en/attractions/detail_1009024.html,EN,EN,PRIVATED,37.85529308208973,140.6065717571472,
7gZShsFVY2s1rcdZxUmJh,https://www.tohokukanko.jp/en/attractions/detail_1009043.html,EN,EN,PRIVATED,37.82049454672077,140.55626825344237,
g-pES9dZOKCNSDlwfDpB1,https://www.tohokukanko.jp/en/attractions/detail_1009224.html,EN,EN,PRIVATED,0,0,
s8eRp2kRSR68D8czi3W6G,https://www.tohokukanko.jp/en/attractions/detail_1009636.html,EN,EN,PRIVATED,38.3975718,140.1371933,
0_wyALeDwSJK4syjExfAV,https://www.tohokukanko.jp/en/attractions/detail_1009914.html,EN,EN,PRIVATED,39.1211827,141.0670963,
RcmlVz61GcjSLP67NqCQ-,https://www.tohokukanko.jp/en/attractions/detail_1009996.html,EN,EN,PRIVATED,0,0,
DBPGrVRL0-q9qFkD_Q_gy,https://www.tohokukanko.jp/en/attractions/detail_1010027.html,EN,EN,PRIVATED,37.9793861,140.1897591,
gM60Spk9ypTMyZbFN2icE,https://www.tohokukanko.jp/en/attractions/detail_1010089.html,EN,EN,PRIVATED,39.6925495,141.0239646,
ghdxzGuvJ39RBFC5nnN1G,https://www.tohokukanko.jp/en/attractions/detail_1010113.html,EN,EN,PRIVATED,37.7379233,138.8381931,
gfE95H0bDGQEToqTfUZEN,https://www.tohokukanko.jp/en/attractions/detail_1010161.html,EN,EN,PRIVATED,39.3969204,141.1646452,
erqFZmjSqgpwevBH0tcs8,https://www.tohokukanko.jp/en/attractions/detail_1010163.html,EN,EN,PRIVATED,39.4026355,141.1051149,
Z3KsCg03AYPuM0hjdW7Ep,https://www.tohokukanko.jp/en/attractions/detail_1010167.html,EN,EN,PRIVATED,39.479065,141.2898537,
0sqE-RNOd9o07r2CZj6c4,https://www.tohokukanko.jp/en/attractions/detail_1010169.html,EN,EN,PRIVATED,39.3861314,141.1024235,
SsY0x8zLhG1cdLm57LHqw,https://www.tohokukanko.jp/en/attractions/detail_1010176.html,EN,EN,PRIVATED,37.7523787,140.304965,
0UsJ1DnTFXIigB5nhXpKQ,https://www.tohokukanko.jp/en/attractions/detail_1010193.html,EN,EN,PRIVATED,37.6391831,139.7665163,
ec1OXcUtPZAauTjg1drIW,https://www.tohokukanko.jp/en/attractions/detail_1010206.html,EN,EN,PRIVATED,0,0,
4mZKwvzxRDSwttVnkL3uD,https://www.tohokukanko.jp/en/attractions/detail_1010269.html,EN,EN,PRIVATED,39.7276553,140.7013625,
fwPsD1jFuBURVPaCr7lMG,https://www.tohokukanko.jp/en/attractions/detail_1010273.html,EN,EN,PRIVATED,37.682193,140.3263443,
-9yU52yEV2hOJOOoUbSow,https://www.tohokukanko.jp/en/attractions/detail_1010406.html,EN,EN,PRIVATED,39.60890890848688,141.11018411671176,
oKbyvTjTVwH3dNaJb0WJP,https://www.tohokukanko.jp/en/attractions/detail_1010515.html,EN,EN,PRIVATED,38.0461202,140.9081839,
DsRjiZWJpBPCJHWcN6MpF,https://www.tohokukanko.jp/en/attractions/detail_1010521.html,EN,EN,PRIVATED,38.0400875,140.897303,
G9ZkSNS_jYuvYU8Def2fy,https://www.tohokukanko.jp/en/attractions/detail_1010662.html,EN,EN,PRIVATED,37.5630189,139.9372279,
dB8AUL60zawc41E1sG7QA,https://www.tohokukanko.jp/en/attractions/detail_1010678.html,EN,EN,PRIVATED,37.9499035,139.1399924,
qqzfCJqQ7KMsStTqGIkOm,https://www.tohokukanko.jp/en/attractions/detail_1010680.html,EN,EN,PRIVATED,38.892914,140.615477,
Q7og4-rrCfb-eRabirC09,https://www.tohokukanko.jp/en/attractions/detail_1010687.html,EN,EN,PRIVATED,37.4974569,139.9273842,
pCun4dmkjup2eng0qD1pE,https://www.tohokukanko.jp/en/attractions/detail_1010694.html,EN,EN,PRIVATED,37.8798192,139.3108811,
RAMP1R-CWFY1Ti_R5oz3v,https://www.tohokukanko.jp/en/attractions/detail_1010719.html,EN,EN,PRIVATED,38.892914,140.615477,
uCQY06KXPPPwxlSUeOkYo,https://www.tohokukanko.jp/en/attractions/detail_1010726.html,EN,EN,PRIVATED,37.94339799999999,139.3284003,
Oad0kiRufTYrsC1wVagJX,https://www.tohokukanko.jp/en/attractions/detail_1010751.html,EN,EN,PRIVATED,0,0,
XCIlAou3y9_Z_nd8cqYwW,https://www.tohokukanko.jp/en/attractions/detail_1010756.html,EN,EN,PRIVATED,37.4866828,139.9308963,
MsTBWMBDcRWa-c_r5-FLB,https://www.tohokukanko.jp/en/attractions/detail_1010761.html,EN,EN,PRIVATED,37.3668229,139.9126295,
jNLCL08d7wQZk4AeExlmx,https://www.tohokukanko.jp/en/attractions/detail_1010779.html,EN,EN,PRIVATED,37.5023661,139.9162622,
6QfXKD5c2ze9gMlsXV3I3,https://www.tohokukanko.jp/en/attractions/detail_1010878.html,EN,EN,PRIVATED,37.5079872,139.9343897,
wYFWEfSxVLfWNOY0R9XV5,https://www.tohokukanko.jp/en/attractions/detail_1010895.html,EN,EN,PRIVATED,37.6879841,140.0710165,
O0etPKSB_PjjFp6c4hWCG,https://www.tohokukanko.jp/en/attractions/detail_1010925.html,EN,EN,PRIVATED,40.614874,141.2128691,
KhOxHlM9MarrTX_Uoy-FF,https://www.tohokukanko.jp/en/attractions/detail_1011557.html,EN,EN,PRIVATED,0,0,
VXjYAE1D89Nb9duVHXbNk,https://www.tohokukanko.jp/en/attractions/detail_1002387.html,EN,EN,PRIVATED,0,0,
RhcuHTvJrMGwAAa2O7iFs,https://www.tohokukanko.jp/en/attractions/detail_1002518.html,EN,EN,PRIVATED,0,0,
e5mGmGdNxSM7HmcRYNQCx,https://www.tohokukanko.jp/en/attractions/detail_1002524.html,EN,EN,PRIVATED,0,0,
kqOlVRKdCzKJzAcL1st1e,https://www.tohokukanko.jp/en/attractions/detail_1002731.html,EN,EN,PRIVATED,37.657749113771544,140.0110960006714,
A-tW48I2500T6RuQ_5ZIg,https://www.tohokukanko.jp/en/attractions/detail_1003129.html,EN,EN,PRIVATED,40.7483296,140.7563339,
L3WAtQK1h0Wo3A6dMCSS9,https://www.tohokukanko.jp/en/attractions/detail_1003169.html,EN,EN,PRIVATED,38.7269604,140.2259136,
XkJNMDy1OdGXJrDbzlEB9,https://www.tohokukanko.jp/en/attractions/detail_1003411.html,EN,EN,PRIVATED,37.558407889315674,139.83652710914612,
Mcjo5gcU2YkLhpE4AzuAi,https://www.tohokukanko.jp/en/attractions/detail_1003874.html,EN,EN,PRIVATED,37.2415453,140.1206944,
Vml0Hhqmkt8wHO9IM_mMj,https://www.tohokukanko.jp/en/attractions/detail_1003975.html,EN,EN,PRIVATED,39.70513724983736,141.15640479388733,
ug4NobQnW-ZJTyZGuURQK,https://www.tohokukanko.jp/en/attractions/detail_1003976.html,EN,EN,PRIVATED,39.69811969195773,141.14922435078736,
h2ezaBFmmTgvuiShDeI5j,https://www.tohokukanko.jp/en/attractions/detail_1004123.html,EN,EN,PRIVATED,0,0,
W4CfZ0x1FNED9ApBdbHhH,https://www.tohokukanko.jp/en/attractions/detail_1004237.html,EN,EN,PRIVATED,0,0,
10GuUb_vwwCczXZABSuk-,https://www.tohokukanko.jp/en/attractions/detail_1004245.html,EN,EN,PRIVATED,39.70006679999999,141.1546915,
0gc96AHWc8y8zpvAyRNZH,https://www.tohokukanko.jp/en/attractions/detail_1004331.html,EN,EN,PRIVATED,0,0,
0ELiFCnd_fB7dHo_XKc-t,https://www.tohokukanko.jp/en/attractions/detail_1004445.html,EN,EN,PRIVATED,37.5990881,140.4446256,
H66PhKhMvSQpB6eOZJqnM,https://www.tohokukanko.jp/en/attractions/detail_1004633.html,EN,EN,PRIVATED,38.3679234,140.861351,
U3mxZr7G2L4tJnwWeuiJV,https://www.tohokukanko.jp/en/attractions/detail_1004641.html,EN,EN,PRIVATED,0,0,
Hlbpb3JiZmuyAh3ht3Z53,https://www.tohokukanko.jp/en/attractions/detail_1005096.html,EN,EN,PRIVATED,38.272605190651184,140.55097611661472,
WSjdh3_MsCCRwTR0yrXTh,https://www.tohokukanko.jp/en/attractions/detail_1005208.html,EN,EN,PRIVATED,37.455774625073055,139.84038301692135,
-ScZAjnWKsGZzBy1_ZWzw,https://www.tohokukanko.jp/en/attractions/detail_1005322.html,EN,EN,PRIVATED,39.3959664,141.1108409,
gaSl4gFSPLiTMivZ_aQjk,https://www.tohokukanko.jp/en/attractions/detail_1005367.html,EN,EN,PRIVATED,39.2161841,141.0964488,
XCPs9JJTWl3Fqd4dKhyUH,https://www.tohokukanko.jp/en/attractions/detail_1005381.html,EN,EN,PRIVATED,37.1546253,140.074494,
e_ilFluJBp8hp8C_rh8JN,https://www.tohokukanko.jp/en/attractions/detail_1005508.html,EN,EN,PRIVATED,37.8197053,140.5698497,
3QfNQSdYzDOvez2kOuDD-,https://www.tohokukanko.jp/en/attractions/detail_1005572.html,EN,EN,PRIVATED,37.4777646,139.6706324,
LYO3WQs7pIIPc5eNl0Srj,https://www.tohokukanko.jp/en/attractions/detail_1005644.html,EN,EN,PRIVATED,38.2732865598247,140.54356813430786,
4SjuLR3yH7AgW9hbBwK2c,https://www.tohokukanko.jp/en/attractions/detail_1005670.html,EN,EN,PRIVATED,0,0,
DeIc7FPP6Vz1t4Y6XQyuU,https://www.tohokukanko.jp/en/attractions/detail_1005782.html,EN,EN,PRIVATED,37.47888992970526,139.8019816920283,
llJfKnG1mbNH-4ZWlJd7Q,https://www.tohokukanko.jp/en/attractions/detail_1005844.html,EN,EN,PRIVATED,37.8782744,140.496467,
lNiydcqsamQngNWlRKmJ1,https://www.tohokukanko.jp/en/attractions/detail_1005906.html,EN,EN,PRIVATED,37.58876489300408,139.79943752288818,
nN89rnUpQCFI-VTJDUWj7,https://www.tohokukanko.jp/en/attractions/detail_1006191.html,EN,EN,PRIVATED,36.9829178,140.5308354,
R3PBg3Op6laW1QZVVn89c,https://www.tohokukanko.jp/en/attractions/detail_1006228.html,EN,EN,PRIVATED,37.488826408627766,140.46633758518067,
zeVs4MyxIVtn-IPt0Rw2l,https://www.tohokukanko.jp/en/attractions/detail_1006493.html,EN,EN,PRIVATED,38.1232548,140.5785736,
oTEszjFvlFSnt3ShcM3di,https://www.tohokukanko.jp/en/attractions/detail_1006753.html,EN,EN,PRIVATED,40.21061084611964,140.02470084072263,
n_j41lB-eW9n1Xl3tF5dY,https://www.tohokukanko.jp/en/attractions/detail_1006769.html,EN,EN,PRIVATED,40.2118632,140.027125,
9ZzlUh0gPe3QoXTUSs4lp,https://www.tohokukanko.jp/en/attractions/detail_1006793.html,EN,EN,PRIVATED,37.4878198,139.9296657,
9OAH0v9FbhrxsMOAGNuJB,https://www.tohokukanko.jp/en/attractions/detail_1006927.html,EN,EN,PRIVATED,39.71489384919887,140.11552537011866,
nTRcEt1Nys78uT72qzrbo,https://www.tohokukanko.jp/en/attractions/detail_1006935.html,EN,EN,PRIVATED,39.9573111,140.4976701,
8FVIHuecrpG3_Jc69Qljb,https://www.tohokukanko.jp/en/attractions/detail_1007103.html,EN,EN,PRIVATED,39.70005570000001,140.7306706,
tT4P997_XPQV68kTNVvWa,https://www.tohokukanko.jp/en/attractions/detail_1007139.html,EN,EN,PRIVATED,0,0,
gScaBrGZY4jq7zQqpCj26,https://www.tohokukanko.jp/en/attractions/detail_1007426.html,EN,EN,PRIVATED,38.3220596,140.2930746,
-jdROsGndXyK-VEBLnNQh,https://www.tohokukanko.jp/en/attractions/detail_1007976.html,EN,EN,PRIVATED,0,0,
tprgM1mT4L4F_PbhuX9Sa,https://www.tohokukanko.jp/en/attractions/detail_1007981.html,EN,EN,PRIVATED,0,0,
qPIYAe59fuDeA6iHKY_G0,https://www.tohokukanko.jp/en/attractions/detail_1007994.html,EN,EN,PRIVATED,38.892914,140.615477,
i9XcAAGSDdOjA_iJNPP2i,https://www.tohokukanko.jp/en/attractions/detail_1009219.html,EN,EN,PRIVATED,0,0,
kKSybgUXroHiXqlc64MwB,https://www.tohokukanko.jp/en/attractions/detail_1009641.html,EN,EN,PRIVATED,0,0,
vqoeKraM9NIMw79hM-UdL,https://www.tohokukanko.jp/en/attractions/detail_1009849.html,EN,EN,PRIVATED,0,0,
GUWiyjOfegLzVNDOBbmEg,https://www.tohokukanko.jp/en/attractions/detail_1010196.html,EN,EN,PRIVATED,37.7290803,139.8805454,
e7N1A6e0bo17qO__-ohME,https://www.tohokukanko.jp/en/attractions/detail_1010236.html,EN,EN,PRIVATED,0,0,
LnC08C4MioV3RUxRZeGtB,https://www.tohokukanko.jp/en/attractions/detail_1010322.html,EN,EN,PRIVATED,39.383159,141.22245,
hTQxRRVirf1zwkdlecsBV,https://www.tohokukanko.jp/en/attractions/detail_1010335.html,EN,EN,PRIVATED,0,0,
N9QlQWu-yDtb6yoC1eqJC,https://www.tohokukanko.jp/en/attractions/detail_1010477.html,EN,EN,PRIVATED,39.4065206,141.1738016,
9CGevdERuXAxHTnRqZ0hi,https://www.tohokukanko.jp/en/attractions/detail_1010731.html,EN,EN,PRIVATED,37.500359,139.9204959,
4o9oGU-5n2YM6S3qLVk5W,https://www.tohokukanko.jp/en/attractions/detail_1010802.html,EN,EN,PRIVATED,37.4899625,139.9304051,
81xqoE2rGZsgLlp0mjAMS,https://www.tohokukanko.jp/en/attractions/detail_1010803.html,EN,EN,PRIVATED,37.9483728,139.3274172,
CwSQ0bUTrSyyMGaowB5qa,https://www.tohokukanko.jp/en/attractions/detail_1010814.html,EN,EN,PRIVATED,37.4991345,139.9438787,
90BCYWlNgquDYvQ3XHSJG,https://www.tohokukanko.jp/en/attractions/detail_1010864.html,EN,EN,PRIVATED,0,0,
37RtuCtAownQxpzKaB2GG,https://www.tohokukanko.jp/en/attractions/detail_1010879.html,EN,EN,PRIVATED,37.5079872,139.9343897,
MCqnoy1snephZm_eULiWt,https://www.tohokukanko.jp/en/attractions/detail_1010887.html,EN,EN,PRIVATED,37.4915286,139.9303137,
DBHFrthmiKfEuiYDK4yLj,https://www.tohokukanko.jp/en/attractions/detail_1010894.html,EN,EN,PRIVATED,37.5079872,139.9343897,
eDtYZLVjX4FazW9wh3PPZ,https://www.tohokukanko.jp/en/attractions/detail_1010905.html,EN,EN,PRIVATED,40.5744041,141.2647703,
lUxVtXIYUdgcPc55j5Yui,https://www.tohokukanko.jp/en/attractions/detail_1001930.html,EN,EN,PRIVATED,38.1795017,140.9481834,
snIX0Sd1cIMvj0a5XvACU,https://www.tohokukanko.jp/en/attractions/detail_1002420.html,EN,EN,PRIVATED,38.368637,140.8743995,
tOj47WK4LwYgcIsgHbGVz,https://www.tohokukanko.jp/en/attractions/detail_1002819.html,EN,EN,PRIVATED,38.35454130205593,140.38717158565828,
L_waXeIT8whOZDL2R6Xz3,https://www.tohokukanko.jp/en/attractions/detail_1002892.html,EN,EN,PRIVATED,37.616724,140.3738856,
a1j78F02N-X3X5TnTvYhP,https://www.tohokukanko.jp/en/attractions/detail_1003809.html,EN,EN,PRIVATED,39.9438992,140.11705,
l9zrN17zHtkFmX4bBtMG1,https://www.tohokukanko.jp/en/attractions/detail_1004015.html,EN,EN,PRIVATED,38.40885639401282,141.36915670422974,
lPy0iWcbvv1uoQma5irag,https://www.tohokukanko.jp/en/attractions/detail_1004941.html,EN,EN,PRIVATED,37.45183523431176,139.89121181362714,
8yvCQl09GpF2m-LsA81pi,https://www.tohokukanko.jp/en/attractions/detail_1004991.html,EN,EN,PRIVATED,39.3862671,141.1743876,
Zq7QscHYzR2HaLgL-Y61B,https://www.tohokukanko.jp/en/attractions/detail_1005007.html,EN,EN,PRIVATED,39.5535349,141.2042402,
Ifo5xKlRZtJbB6UVxhCX5,https://www.tohokukanko.jp/en/attractions/detail_1005043.html,EN,EN,PRIVATED,0,0,
lOCCJILJtTPjYIqwPo8QN,https://www.tohokukanko.jp/en/attractions/detail_1005442.html,EN,EN,PRIVATED,0,0,
OPC5pObTUxM1rl22ftSMw,https://www.tohokukanko.jp/en/attractions/detail_1005520.html,EN,EN,PRIVATED,39.49538039999999,141.149922,
4xEWIe-tTH_Vfg-JXBTfS,https://www.tohokukanko.jp/en/attractions/detail_1005786.html,EN,EN,PRIVATED,0,0,
Q9ygTvXm1TtEWUaGWPKv7,https://www.tohokukanko.jp/en/attractions/detail_1005939.html,EN,EN,PRIVATED,37.3429688,140.4393961,
DNsQCMJqC3Grf2y3nZ1iU,https://www.tohokukanko.jp/en/attractions/detail_1005973.html,EN,EN,PRIVATED,0,0,
6qbDhYp8-9qPEEt65IBSU,https://www.tohokukanko.jp/en/attractions/detail_1006199.html,EN,EN,PRIVATED,37.5364412,140.4534134,
tBq4GZiQuebeyyY1UUe0N,https://www.tohokukanko.jp/en/attractions/detail_1006247.html,EN,EN,PRIVATED,38.3185999055176,141.01275086402893,
Bjaovi8KSpTMOz7DaLlej,https://www.tohokukanko.jp/en/attractions/detail_1006252.html,EN,EN,PRIVATED,37.28964057584141,140.21138191223145,
6D-Ayoj6cti7E07Fa6buL,https://www.tohokukanko.jp/en/attractions/detail_1007051.html,EN,EN,PRIVATED,39.52694784519505,140.23066342500562,
KEBk6qm-MvwtlKBXvWD5t,https://www.tohokukanko.jp/en/attractions/detail_1007095.html,EN,EN,PRIVATED,39.72116409689017,140.12443754857136,
t_XOEI0TyU9xE96b5Sudm,https://www.tohokukanko.jp/en/attractions/detail_1007144.html,EN,EN,PRIVATED,0,0,
Q9IGOLdvCKPkbxwUY2GMF,https://www.tohokukanko.jp/en/attractions/detail_1007591.html,EN,EN,PRIVATED,39.5938483,140.56151,
m0fZISIzMBdEpQuiS5dmj,https://www.tohokukanko.jp/en/attractions/detail_1007644.html,EN,EN,PRIVATED,0,0,
lBybRHuC0mfm3amO9HxUN,https://www.tohokukanko.jp/en/attractions/detail_1008003.html,EN,EN,PRIVATED,0,0,
8qyzp9YYwQsATHVZjFYyF,https://www.tohokukanko.jp/en/attractions/detail_1008800.html,EN,EN,PRIVATED,39.315318838636045,140.7993263347168,
IOZDydIdB_oaM6huoQPLs,https://www.tohokukanko.jp/en/attractions/detail_1008959.html,EN,EN,PRIVATED,37.0990602,140.2055333,
wvcqKxSuXcVC8-nmsdLOI,https://www.tohokukanko.jp/en/attractions/detail_1009033.html,EN,EN,PRIVATED,37.76072129512839,140.69101680901488,
tscl467A3_cghODVV79to,https://www.tohokukanko.jp/en/attractions/detail_1009702.html,EN,EN,PRIVATED,0,0,
2oE18s5a2IEmMAjC35jGd,https://www.tohokukanko.jp/en/attractions/detail_1009900.html,EN,EN,PRIVATED,0,0,
OzF1KpmcviBa4Z7VVdpgT,https://www.tohokukanko.jp/en/attractions/detail_1010072.html,EN,EN,PRIVATED,39.39525529671159,141.12931966781616,
a5Zko40vwFnv672-wA7FQ,https://www.tohokukanko.jp/en/attractions/detail_1010114.html,EN,EN,PRIVATED,38.3583963,140.3819882,
6QwiHYCHE3EkM1FLr4127,https://www.tohokukanko.jp/en/attractions/detail_1010116.html,EN,EN,PRIVATED,39.6930135,141.0243967,
qQpqS6uVYhbByKrrkuIpu,https://www.tohokukanko.jp/en/attractions/detail_1010156.html,EN,EN,PRIVATED,39.75073099999999,141.0173108,
CYoC-L8LyJrTeV5JTCH6z,https://www.tohokukanko.jp/en/attractions/detail_1010257.html,EN,EN,PRIVATED,0,0,
TQGZFMQDOLaw5BifwPRPQ,https://www.tohokukanko.jp/en/attractions/detail_1010677.html,EN,EN,PRIVATED,37.5005362,139.9213005,
-wnbWucBfdYK3819SO-sJ,https://www.tohokukanko.jp/en/attractions/detail_1010743.html,EN,EN,PRIVATED,38.2243096,139.4791415,
1u3Q-FeoD91Alr3aAdrnc,https://www.tohokukanko.jp/en/attractions/detail_1010781.html,EN,EN,PRIVATED,37.7850075,139.2369228,
rnlMREiTCEgU570sS4UWL,https://www.tohokukanko.jp/en/attractions/detail_1010804.html,EN,EN,PRIVATED,37.4816435,139.9549869,
DmWJ53lnnXgrCJnr6ollv,https://www.tohokukanko.jp/en/attractions/detail_1010845.html,EN,EN,PRIVATED,37.506392,139.9323722,
OXXTcI_b93YmeVRpgb-11,https://www.tohokukanko.jp/en/attractions/detail_1010875.html,EN,EN,PRIVATED,37.4915286,139.9303137,
puRGzyxS3r-KTeKw8dJx1,https://www.tohokukanko.jp/en/attractions/detail_100117.html,EN,EN,PRIVATED,39.3990951,141.162304599999,
hr-2_vUFuSp-ELr1SQRw8,https://www.tohokukanko.jp/en/attractions/detail_1003825.html,EN,EN,PRIVATED,38.7102766,140.5548799,
lbecEH8HSz7TrcIG3GHc_,https://www.tohokukanko.jp/en/attractions/detail_1005102.html,EN,EN,PRIVATED,37.46140087648166,139.83908395566877,
DJKoDsw39pAkxehp1yuuH,https://www.tohokukanko.jp/en/attractions/detail_1005294.html,EN,EN,PRIVATED,0,0,
vHPXNCzRszF0n969EkUiQ,https://www.tohokukanko.jp/en/attractions/detail_1005425.html,EN,EN,PRIVATED,39.1219135,141.0719285,
mP4SxTcCob-h6a5pR75j8,https://www.tohokukanko.jp/en/attractions/detail_1007079.html,EN,EN,PRIVATED,38.1813099878506,140.1591968536377,
hssd97KzHvbQOKPegA4v8,https://www.tohokukanko.jp/en/attractions/detail_1007652.html,EN,EN,PRIVATED,39.737836,140.694444,
1l0E4amesQSwKfzI5CH_V,https://www.tohokukanko.jp/en/attractions/detail_1010130.html,EN,EN,PRIVATED,37.7349293,138.8439975,
sthmO4zK6TNE3Rnz3mAM4,https://www.tohokukanko.jp/en/attractions/detail_1010366.html,EN,EN,PRIVATED,0,0,
yT2gLmmQ5TIBKN1gAXFqS,https://www.tohokukanko.jp/en/attractions/detail_1005912.html,EN,EN,PRIVATED,39.304479723749466,141.37623194289398,
fRX3ptZx3TrFmFXFE4hLM,https://www.tohokukanko.jp/en/attractions/detail_1006333.html,EN,EN,PRIVATED,39.0942164,141.1814929,
UFKYrsVrjuacD0RHsqe0E,https://www.tohokukanko.jp/en/attractions/detail_1007593.html,EN,EN,PRIVATED,39.5878451,140.5641141,
KY2hVMQFxecAk-Nr0BtK1,https://www.tohokukanko.jp/en/attractions/detail_1010495.html,EN,EN,PRIVATED,38.04075706271712,140.91615915298462,
Fzl7pgd-fVtrBUmNZ3fkN,https://www.tohokukanko.jp/en/attractions/detail_1010698.html,EN,EN,PRIVATED,38.892914,140.615477,
nAyLv7nWXnHh9tzfSb4Bq,https://www.tohokukanko.jp/en/attractions/detail_1005985.html,EN,EN,PRIVATED,39.084283,141.2066202,
N5CjuqW95qV2mGjUBPGmU,https://www.tohokukanko.jp/en/attractions/detail_1728.html,EN,EN,PRIVATED,37.920853,139.046904,
txd8E6CICTcfui3UQ4yei,https://www.tohokukanko.jp/en/attractions/detail_2048.html,EN,EN,PRIVATED,37.6748,140.064478,
gCv9Z_e7fjwfNEBEi7VuV,https://www.tohokukanko.jp/en/attractions/detail_1001352.html,EN,EN,PRIVATED,39.6402976,141.9465247,
6pGs3D6JcCH5XRnUGR-aD,https://www.tohokukanko.jp/en/attractions/detail_1011545.html,EN,EN,PRIVATED,38.0455713,139.9878689,
uo8t1KpwXVrYP8Gu8I8M9,https://www.tohokukanko.jp/en/attractions/detail_1096.html,EN,EN,PRIVATED,37.020587,137.857297,
mv4k3eXeWeVL1lwReMkkU,https://www.tohokukanko.jp/en/attractions/detail_1002258.html,EN,EN,PRIVATED,40.5122055,141.4882743,
fH_MjHAN_Ycvu0GSvJfen,https://www.tohokukanko.jp/en/attractions/detail_1003560.html,EN,EN,PRIVATED,38.29178949106149,141.00583866883358,
oucUD3XF0OIdS3TqIaS7g,https://www.tohokukanko.jp/en/attractions/detail_1005411.html,EN,EN,PRIVATED,38.0030183,140.6158784,
6lZEMt-1N8ZUV6uczbgHP,https://www.tohokukanko.jp/en/attractions/detail_1006912.html,EN,EN,PRIVATED,39.720746955713885,140.12358556113875,
8emuWvGC11iE8SUdy4pAA,https://www.tohokukanko.jp/en/attractions/detail_1011117.html,EN,EN,PRIVATED,40.5853463,140.5610377,
5921K_q9hl4ENglJxZpZG,https://www.tohokukanko.jp/en/attractions/detail_1011410.html,EN,EN,PRIVATED,40.393623136498775,140.87030985,
m5fXck-ojXn8Pj5xm-6dV,https://www.tohokukanko.jp/en/attractions/detail_1198.html,EN,EN,PRIVATED,40.4007005,141.584315599999,
BoTXZ3NFIv9AbkxyH39t9,https://www.tohokukanko.jp/en/attractions/detail_1632.html,EN,EN,PRIVATED,39.330761,141.500683,
JNnu9E7LS4faCsramYC8Y,https://www.tohokukanko.jp/en/attractions/detail_1696.html,EN,EN,PRIVATED,38.004773,140.615044,
YXsrmlIYIIBWkJpBPBQKH,https://www.tohokukanko.jp/en/attractions/detail_1005406.html,EN,EN,PRIVATED,37.9970627,140.6213127,
kZl3KMPFjYRsDS1uchjgq,https://www.tohokukanko.jp/en/attractions/detail_1007355.html,EN,EN,PRIVATED,39.775387,140.652078,
7glQILZKf3EFQoSQ25x3V,https://www.tohokukanko.jp/en/attractions/detail_1009198.html,EN,EN,PRIVATED,37.5998901,140.4271462,
CGx_wTcB9JRBg_wqkh6S4,https://www.tohokukanko.jp/en/attractions/detail_1010577.html,EN,EN,PRIVATED,37.2782965,138.7012795,
cdiVRm3VHLjYXJFSesRmW,https://www.tohokukanko.jp/en/attractions/detail_1010587.html,EN,EN,PRIVATED,38.8999868,141.5794262,
TBPA7Ix1TJcu3z85LjrMz,https://www.tohokukanko.jp/en/attractions/detail_1116.html,EN,EN,PRIVATED,40.282497,141.384125,
kslHdAvlrcVufPDcBtTUe,https://www.tohokukanko.jp/en/attractions/detail_1259.html,EN,EN,PRIVATED,38.884479,140.342009,
IZAwbwmsXdczD-6rxJ6oy,https://www.tohokukanko.jp/en/attractions/detail_1473.html,EN,EN,PRIVATED,37.493578,139.931089,
O-JIsoIeCE0G2G19xzosp,https://www.tohokukanko.jp/en/attractions/detail_1547.html,EN,EN,PRIVATED,38.727594,139.825006,
cIjTnG3EcrUvQn4HO1QW9,https://www.tohokukanko.jp/en/attractions/detail_1549.html,EN,EN,PRIVATED,38.092611,139.553577,
l1NYmUa9MYUJtKz-MiB9H,https://www.tohokukanko.jp/en/attractions/detail_1002078.html,EN,EN,PRIVATED,38.175834,140.9517952,
XS5COwWh6pNSWIi6gbIPW,https://www.tohokukanko.jp/en/attractions/detail_1008116.html,EN,EN,PRIVATED,40.0007752,140.4014654,
nx5crrtsbpiHqq11OKqxE,https://www.tohokukanko.jp/en/attractions/detail_1009001.html,EN,EN,PRIVATED,37.04144369999999,137.8761076,
wEJlQY9bQAiFfpaLt1DsH,https://www.tohokukanko.jp/en/attractions/detail_1011251.html,EN,EN,PRIVATED,38.3774513,139.4592966,
zDxdLOF7MWh8UaDpqjLCj,https://www.tohokukanko.jp/en/attractions/detail_1085.html,EN,EN,PRIVATED,39.869306,140.233728,
7iDxGH6ZlDQAlh2uKJBX1,https://www.tohokukanko.jp/en/attractions/detail_1430.html,EN,EN,PRIVATED,39.687263,141.966453,
2L4P7lqYvBmyTUgSEZ9UP,https://www.tohokukanko.jp/en/attractions/detail_1004308.html,EN,EN,PRIVATED,38.73798378717357,140.69984436035156,
OclHc5b8uT9fP8YvCcGoX,https://www.tohokukanko.jp/en/attractions/detail_1007145.html,EN,EN,PRIVATED,39.78959649999999,140.7876798,
ZIXH-4rpZcdGmy2F__4_j,https://www.tohokukanko.jp/en/attractions/detail_1007679.html,EN,EN,PRIVATED,39.6969355,140.6728498,
-gWZcmfvXsGFYaJGZCv2B,https://www.tohokukanko.jp/en/attractions/detail_1008338.html,EN,EN,PRIVATED,37.9076213,140.105163,
EWXZGgZM0N4uJ3D6PNzE-,https://www.tohokukanko.jp/en/attractions/detail_1008516.html,EN,EN,PRIVATED,37.49580092784283,141.0010425830654,
DVs8lcFAr9HGrI8mzElCL,https://www.tohokukanko.jp/en/attractions/detail_1009577.html,EN,EN,PRIVATED,37.749464846640386,140.09452287956145,
pJXMq_S9jmYAjJlVVXCp9,https://www.tohokukanko.jp/en/attractions/detail_1010699.html,EN,EN,PRIVATED,38.892914,140.615477,
hSPwW9pdEnzzO6jCiv3vm,https://www.tohokukanko.jp/en/attractions/detail_1011394.html,EN,EN,PRIVATED,40.5086505,141.6073088,
JUfejzOAuLmDrsxqqkk-g,https://www.tohokukanko.jp/en/attractions/detail_1143.html,EN,EN,PRIVATED,39.944099,140.61351,
eVjlw8TikumL13BS2nE85,https://www.tohokukanko.jp/en/attractions/detail_1552.html,EN,EN,PRIVATED,39.702145,141.18442,
biXkYycFZJbREa79JGp3c,https://www.tohokukanko.jp/en/attractions/detail_1001266.html,EN,EN,PRIVATED,40.1015484,140.0051267,
hjm7vAmyQhcUi1VO-A3bv,https://www.tohokukanko.jp/en/attractions/detail_1001271.html,EN,EN,PRIVATED,40.308275,140.287408,
rLYVQOyLRLzhwsY7a9LkK,https://www.tohokukanko.jp/en/attractions/detail_1001294.html,EN,EN,PRIVATED,40.603858,140.461043,
EeKQwpYt7G6m2TB2FV96p,https://www.tohokukanko.jp/en/attractions/detail_1001470.html,EN,EN,PRIVATED,37.907549,140.1050398,
3Xb149fhMHp-VctWdk1yl,https://www.tohokukanko.jp/en/attractions/detail_1002086.html,EN,EN,PRIVATED,38.36814901235293,140.05648268280336,
yk8O7NqJb9lnev1zrleg4,https://www.tohokukanko.jp/en/attractions/detail_1002248.html,EN,EN,PRIVATED,37.8768126,140.5494011,
_jfjPKVcPZdOMwVrrAS2a,https://www.tohokukanko.jp/en/attractions/detail_1005902.html,EN,EN,PRIVATED,39.33067926191998,141.50047302246094,
voy_JZfmysW1OC9hfWd5W,https://www.tohokukanko.jp/en/attractions/detail_1006083.html,EN,EN,PRIVATED,38.0026172,140.6170147,
SgjmVDf93tQjFtbMBUPqr,https://www.tohokukanko.jp/en/attractions/detail_1006245.html,EN,EN,PRIVATED,39.821935844703376,140.94276666641235,
_-T1796t2GZLMJohEFC8f,https://www.tohokukanko.jp/en/attractions/detail_1006746.html,EN,EN,PRIVATED,40.211612,140.036534,
rQKJ2VEQpyYF9FgDkK3T4,https://www.tohokukanko.jp/en/attractions/detail_1006837.html,EN,EN,PRIVATED,40.0829638,141.8178441,
ZOu_xQKlDBux0E_nic2QZ,https://www.tohokukanko.jp/en/attractions/detail_1007588.html,EN,EN,PRIVATED,39.815893,140.584461,
oPJaEC-BPlxibuV0OiK2y,https://www.tohokukanko.jp/en/attractions/detail_1008688.html,EN,EN,PRIVATED,37.5976908,140.4435572,
51D5q1g8lhGoL9F1P8UXo,https://www.tohokukanko.jp/en/attractions/detail_1008854.html,EN,EN,PRIVATED,0,0,
J0r303vjTF-bZsbdgePSq,https://www.tohokukanko.jp/en/attractions/detail_1009006.html,EN,EN,PRIVATED,37.0948327,138.7293769,
UgNkoCVhB5GcziDHHC_NK,https://www.tohokukanko.jp/en/attractions/detail_1009065.html,EN,EN,PRIVATED,40.12386,141.093914,
LwdlKiFva67TyeQrx_Sf8,https://www.tohokukanko.jp/en/attractions/detail_1009655.html,EN,EN,PRIVATED,37.12795819999999,140.2199463,
zQbq1tb7R9xYDbt82o8Mv,https://www.tohokukanko.jp/en/attractions/detail_1011091.html,EN,EN,PRIVATED,37.3668229,139.9126295,
0viyw_lDy93G4AH4NGzwm,https://www.tohokukanko.jp/en/attractions/detail_1285.html,EN,EN,PRIVATED,37.940401,139.357123,
dfEM12IG3cff9WJtAcjee,https://www.tohokukanko.jp/en/attractions/detail_1523.html,EN,EN,PRIVATED,38.961743,140.529103,
-WmP7BdMSVW1ERlchEdCw,https://www.tohokukanko.jp/en/attractions/detail_1001288.html,EN,EN,PRIVATED,40.82955,140.740891,
cWIn23vaHn-ubAO1xXgFp,https://www.tohokukanko.jp/en/attractions/detail_1001326.html,EN,EN,PRIVATED,38.99061,141.1101,
8qC9ZxNf4nscvkV0iZysk,https://www.tohokukanko.jp/en/attractions/detail_1001571.html,EN,EN,PRIVATED,40.081347313118364,141.19107964638644,
5W5XLJouIWX764XCY4gJw,https://www.tohokukanko.jp/en/attractions/detail_1002334.html,EN,EN,PRIVATED,38.0639405,140.1783842,
1q6NxN4eJDmn7QrrDsd0c,https://www.tohokukanko.jp/en/attractions/detail_1003888.html,EN,EN,PRIVATED,38.43106605084485,141.30849793553352,
KctS5pzuOF97I3y19lPjA,https://www.tohokukanko.jp/en/attractions/detail_1004560.html,EN,EN,PRIVATED,38.1777217,140.6432336,
QRiFwC0KeqjjlRu_25Z2q,https://www.tohokukanko.jp/en/attractions/detail_1004987.html,EN,EN,PRIVATED,37.6509212,139.8715313,
LplDsFycRXUnr1T1DR6rn,https://www.tohokukanko.jp/en/attractions/detail_1007645.html,EN,EN,PRIVATED,39.70005570000001,140.7306706,
rHiEJ_zMOt9uNOBUpuUdW,https://www.tohokukanko.jp/en/attractions/detail_1009731.html,EN,EN,PRIVATED,38.268195,140.869418,
883hA2J18-qVZAzrH3bCs,https://www.tohokukanko.jp/en/attractions/detail_1010090.html,EN,EN,PRIVATED,39.6930135,141.0243967,
_Lw9uJdKfocyhFZ6KiF8u,https://www.tohokukanko.jp/en/attractions/detail_1010574.html,EN,EN,PRIVATED,38.08159390000001,138.4382556,
iVo3oAXr8GOO8YEoZo-OI,https://www.tohokukanko.jp/en/attractions/detail_1010581.html,EN,EN,PRIVATED,37.003386,138.818849,
I_mvfYCXMK1LQIoe75yK5,https://www.tohokukanko.jp/en/attractions/detail_1011260.html,EN,EN,PRIVATED,37.4912473,140.152819,
DR5HtaXqNo6ce6ybrPTXc,https://www.tohokukanko.jp/en/attractions/detail_1011380.html,EN,EN,PRIVATED,41.1962085,140.9982621,
V916w4e7XxR4veINXI8zj,https://www.tohokukanko.jp/en/attractions/detail_1011395.html,EN,EN,PRIVATED,40.5086505,141.6073088,
RLeVXHIadSycQiyHA5faQ,https://www.tohokukanko.jp/en/attractions/detail_1094.html,EN,EN,PRIVATED,37.294157,140.356506,
-dFe-bxE2cAke9oNjkxlo,https://www.tohokukanko.jp/en/attractions/detail_1427.html,EN,EN,PRIVATED,38.327841,140.595179,
n4CAgDSlqALCxRfslvr0L,https://www.tohokukanko.jp/en/attractions/detail_1529.html,EN,EN,PRIVATED,38.028532,139.501604,
YS0CNKd3UsmGrlygtGeB6,https://www.tohokukanko.jp/en/attractions/detail_1713.html,EN,EN,PRIVATED,40.4929637,141.6285547,
XKYPbkkL61sz6ZAKio_8u,https://www.tohokukanko.jp/en/attractions/detail_1001355.html,EN,EN,PRIVATED,39.6402976,141.9465247,
BtXzqMD66B0Rodj2RDAKe,https://www.tohokukanko.jp/en/attractions/detail_1002380.html,EN,EN,PRIVATED,0,0,
AstII7a_aeuuehKCJ6Jj8,https://www.tohokukanko.jp/en/attractions/detail_1003546.html,EN,EN,PRIVATED,38.29185349999999,141.0045801,
JgURB7jTpQ7E0DkVxlCqM,https://www.tohokukanko.jp/en/attractions/detail_1004050.html,EN,EN,PRIVATED,38.892914,140.615477,
gfloL93xWDoQxsl5XW0uf,https://www.tohokukanko.jp/en/attractions/detail_1004964.html,EN,EN,PRIVATED,37.285812225994675,140.3752702474594,
WtCaUcdgdZ5rJjNNMwEWh,https://www.tohokukanko.jp/en/attractions/detail_1005356.html,EN,EN,PRIVATED,40.27060227044102,140.55868782090147,
F67WehCuDanDSIG6AbvIr,https://www.tohokukanko.jp/en/attractions/detail_1006182.html,EN,EN,PRIVATED,37.042333,140.509675,
vVXIs6BWTk-xwtLBtWbtE,https://www.tohokukanko.jp/en/attractions/detail_1006491.html,EN,EN,PRIVATED,38.1241755,140.5772235,
UTBhOI8Mqp7-nPtOVfuuS,https://www.tohokukanko.jp/en/attractions/detail_1006908.html,EN,EN,PRIVATED,39.7234805,140.1232511,
FNqHXf6xqw6nmQyCJ9G0O,https://www.tohokukanko.jp/en/attractions/detail_1006977.html,EN,EN,PRIVATED,39.25745621929833,141.90153200268554,
0nMhhJ5B9RAisyhIEo8Dp,https://www.tohokukanko.jp/en/attractions/detail_1007049.html,EN,EN,PRIVATED,39.6274095072822,140.19590324628197,
9XMjt26pwafuBF-DVdsFA,https://www.tohokukanko.jp/en/attractions/detail_1007267.html,EN,EN,PRIVATED,41.1455961857428,140.51428261828616,
S03DO8Ti0QD2dyC7IVyW4,https://www.tohokukanko.jp/en/attractions/detail_1007582.html,EN,EN,PRIVATED,39.7180075,140.1224344,
ijKCrQOmjBc70IZYW74qX,https://www.tohokukanko.jp/en/attractions/detail_1007633.html,EN,EN,PRIVATED,39.777038,140.566509,
GbC7RdpKmexogefAfJWmt,https://www.tohokukanko.jp/en/attractions/detail_1007992.html,EN,EN,PRIVATED,39.3977343,141.1690681,
Y7u4l51sl3HpIxEDanYHK,https://www.tohokukanko.jp/en/attractions/detail_1008127.html,EN,EN,PRIVATED,38.26040942194882,140.87239132485348,
xCRJHcz98daStdFzARLVO,https://www.tohokukanko.jp/en/attractions/detail_1009032.html,EN,EN,PRIVATED,37.8216962,140.5553422,
-pWN2TT-RpFL2a6T8Utxi,https://www.tohokukanko.jp/en/attractions/detail_1009090.html,EN,EN,PRIVATED,38.2477701,140.3252216,
u5xgXm2B_hu3JKqezQt2E,https://www.tohokukanko.jp/en/attractions/detail_1009115.html,EN,EN,PRIVATED,38.90995,141.55915,
g5QpbgksohUBRiwfzHVdO,https://www.tohokukanko.jp/en/attractions/detail_1010510.html,EN,EN,PRIVATED,39.71938278237902,140.11814028024673,
0Vc2yaFZkD3XsB_ihCprB,https://www.tohokukanko.jp/en/attractions/detail_1010590.html,EN,EN,PRIVATED,37.12445400000001,140.9467115,
w1zjw64VcrCuUMSf0Gy6T,https://www.tohokukanko.jp/en/attractions/detail_1010593.html,EN,EN,PRIVATED,37.9236971,140.1363692,
h99wQ4vGpVg1Fq7_X4A7T,https://www.tohokukanko.jp/en/attractions/detail_1010746.html,EN,EN,PRIVATED,37.491518,139.9493322,
xpfvx4LldiNfFoylGKtm7,https://www.tohokukanko.jp/en/attractions/detail_1010791.html,EN,EN,PRIVATED,38.0894013,139.564965,
RfXJyk7bpz1KCfTzcKIBS,https://www.tohokukanko.jp/en/attractions/detail_1011122.html,EN,EN,PRIVATED,40.5452506,140.534969,
kzIvwcvqwqFUetSK8CXj6,https://www.tohokukanko.jp/en/attractions/detail_1011176.html,EN,EN,PRIVATED,40.6315966,140.5537386,
bsy3IscoGmFBlj42-lQA6,https://www.tohokukanko.jp/en/attractions/detail_1011489.html,EN,EN,PRIVATED,39.5899866,140.5714154,
ygWj3p7oRpBJb7z5xqG8n,https://www.tohokukanko.jp/en/attractions/detail_1351.html,EN,EN,PRIVATED,37.643608,138.7673,
JoNGYzJRd8vaFs3xvuBaE,https://www.tohokukanko.jp/en/attractions/detail_1002083.html,EN,EN,PRIVATED,38.3584774,140.1807212,
7CqvyrORQ-iNXyOXQUneS,https://www.tohokukanko.jp/en/attractions/detail_1002583.html,EN,EN,PRIVATED,40.8222197,140.7473524,
uA_5M2cObvLtY_dZguqQ6,https://www.tohokukanko.jp/en/attractions/detail_1003016.html,EN,EN,PRIVATED,38.05770995648559,140.75413145666863,
9kLdHkzDUgdCl4pCEH8Ty,https://www.tohokukanko.jp/en/attractions/detail_1003380.html,EN,EN,PRIVATED,38.4420113,140.8809974,
QaykqC6FBjrsUGp0_rxoe,https://www.tohokukanko.jp/en/attractions/detail_1003522.html,EN,EN,PRIVATED,40.642007888682336,140.59106701108396,
DrCA-EPInnZ6OSCOKet3N,https://www.tohokukanko.jp/en/attractions/detail_1004016.html,EN,EN,PRIVATED,39.81958890000001,140.8855266,
pZQ6zXg6T3rRpgm7ozY0Q,https://www.tohokukanko.jp/en/attractions/detail_1004951.html,EN,EN,PRIVATED,38.23885426920745,140.8738660812378,
YtdS0KgZ3WK4lgQCxsSR1,https://www.tohokukanko.jp/en/attractions/detail_1004998.html,EN,EN,PRIVATED,39.5535349,141.2042402,
O8EDN0LDucnypMmqRtpEl,https://www.tohokukanko.jp/en/attractions/detail_1006208.html,EN,EN,PRIVATED,37.3978197,139.3586485,
p7fEtWbNTIFqWC2wnAmTL,https://www.tohokukanko.jp/en/attractions/detail_1007122.html,EN,EN,PRIVATED,39.5899866,140.5714154,
TDYSr93bng2tmYSDFzam-,https://www.tohokukanko.jp/en/attractions/detail_1007575.html,EN,EN,PRIVATED,39.71773793409698,140.1168875602081,
pba3pPsNC0StZElkOXIWs,https://www.tohokukanko.jp/en/attractions/detail_1007892.html,EN,EN,PRIVATED,40.748362378725254,141.22976303100586,
A2jdhuFcAojoZi5tRXJqW,https://www.tohokukanko.jp/en/attractions/detail_1008000.html,EN,EN,PRIVATED,38.892914,140.615477,
zffQx1MHGRE_BsULsT3tr,https://www.tohokukanko.jp/en/attractions/detail_1008648.html,EN,EN,PRIVATED,38.1192056,139.4055811,
q1nhf4mroy0lDdYXG6MjS,https://www.tohokukanko.jp/en/attractions/detail_1009319.html,EN,EN,PRIVATED,38.46908011572189,140.38851499557495,
MYYVFNMZGLiO3ar4ciLVv,https://www.tohokukanko.jp/en/attractions/detail_1010120.html,EN,EN,PRIVATED,39.6930135,141.0243967,
KgmUTHhoC043A8lMfdIrC,https://www.tohokukanko.jp/en/attractions/detail_1010221.html,EN,EN,PRIVATED,0,0,
8EIrO61F8s_FAqwnaOGJd,https://www.tohokukanko.jp/en/attractions/detail_1010568.html,EN,EN,PRIVATED,38.08159390000001,138.4382556,
EjEXhX5QhJmWvY22wVAnS,https://www.tohokukanko.jp/en/attractions/detail_1010571.html,EN,EN,PRIVATED,38.08159390000001,138.4382556,
HO97JtXlTsEPV8ecnLAFi,https://www.tohokukanko.jp/en/attractions/detail_1010675.html,EN,EN,PRIVATED,37.50458020000001,139.9532987,
rYLpa-Mum5hy9xC9tDJ42,https://www.tohokukanko.jp/en/attractions/detail_1010718.html,EN,EN,PRIVATED,37.8798593,139.3101896,
9VvYPdyOG5OiO-4XjS0mE,https://www.tohokukanko.jp/en/attractions/detail_1004.html,EN,EN,PRIVATED,40.386016,139.98738,
8f4D_NhWLkvVVZ-Q4vDdt,https://www.tohokukanko.jp/en/attractions/detail_1106.html,EN,EN,PRIVATED,40.051476,141.864748,
UaVvraUylFIN33yAGHB8T,https://www.tohokukanko.jp/en/attractions/detail_1156.html,EN,EN,PRIVATED,38.814581,140.152528,
l8Qj9PMntTOLDdb18IGfG,https://www.tohokukanko.jp/en/attractions/detail_1195.html,EN,EN,PRIVATED,40.7792612999999,140.2103434,
ZkrN319-qj7MQem7M6Hiy,https://www.tohokukanko.jp/en/attractions/detail_1263.html,EN,EN,PRIVATED,40.9025065,140.4546582,
jzeJSgCpbbQI4q0UfV_0O,https://www.tohokukanko.jp/en/attractions/detail_1434.html,EN,EN,PRIVATED,37.289874,140.206659,
jYxHvxXBVn2ukwEhS0Pli,https://www.tohokukanko.jp/en/attractions/detail_1534.html,EN,EN,PRIVATED,40.271356,140.563938,
hc3A173aq2RzEoBOMhoUN,https://www.tohokukanko.jp/en/attractions/detail_1545.html,EN,EN,PRIVATED,39.967767,140.79785,
8DdLH9V4CcJGLqQxnYlmE,https://www.tohokukanko.jp/en/attractions/detail_10053.html,EN,EN,PRIVATED,38.217491,139.47828,
x6XRjpxPy5FjecPLxP3w4,https://www.tohokukanko.jp/en/attractions/detail_1001381.html,EN,EN,PRIVATED,37.49875249999999,139.9274531,
KuCgt-eoFe6CmX4z6c7Dq,https://www.tohokukanko.jp/en/attractions/detail_1001911.html,EN,EN,PRIVATED,38.1089862,140.0438343,
5-4ZD9ZrRzoLUiHsI4FhK,https://www.tohokukanko.jp/en/attractions/detail_1002340.html,EN,EN,PRIVATED,38.4283375547919,140.38086725449222,
uOJ9jlIRswv_MkkG6hA7m,https://www.tohokukanko.jp/en/attractions/detail_1002614.html,EN,EN,PRIVATED,0,0,
gwZfNudVrD-7PZcxZamKB,https://www.tohokukanko.jp/en/attractions/detail_1002833.html,EN,EN,PRIVATED,38.3557581928554,140.37997484207153,
vLKQZeMeRFBEl3-6w2Qol,https://www.tohokukanko.jp/en/attractions/detail_1002850.html,EN,EN,PRIVATED,37.132521409309604,140.21367044072267,
5CsCgIvfzS8QJfpCHd-Oc,https://www.tohokukanko.jp/en/attractions/detail_1003859.html,EN,EN,PRIVATED,38.6786255,141.4485308,
NIfjJ0MaMJ3a5DPQQyPUW,https://www.tohokukanko.jp/en/attractions/detail_1003961.html,EN,EN,PRIVATED,39.7284699,140.975667,
KWI-hBFQC9-ybQA8d0RnX,https://www.tohokukanko.jp/en/attractions/detail_1004126.html,EN,EN,PRIVATED,39.692768,141.1564559,
9EUHmZMmc3jVitAwY_M6z,https://www.tohokukanko.jp/en/attractions/detail_1004453.html,EN,EN,PRIVATED,37.98288853571184,140.56180553795747,
4CLZFGGtIKpuDPl2YgLCl,https://www.tohokukanko.jp/en/attractions/detail_1004945.html,EN,EN,PRIVATED,37.644045685084166,139.86801369041444,
epn5QdT65kLomQzlD6VQp,https://www.tohokukanko.jp/en/attractions/detail_1004978.html,EN,EN,PRIVATED,38.72929648126107,140.69015881736016,
BDpDY54w66HRk2KEIdQba,https://www.tohokukanko.jp/en/attractions/detail_1005015.html,EN,EN,PRIVATED,37.91320113126991,140.0928324801941,
6gaCdPk4doDThWUVol8di,https://www.tohokukanko.jp/en/attractions/detail_1005078.html,EN,EN,PRIVATED,37.81563034849761,140.60025930404663,
wj2ig-yQNf3dpvo5-ITOC,https://www.tohokukanko.jp/en/attractions/detail_1005383.html,EN,EN,PRIVATED,37.17946685845184,139.98968124389648,
uq9winBhX8T4fKhFaeaWP,https://www.tohokukanko.jp/en/attractions/detail_1005451.html,EN,EN,PRIVATED,0,0,
c9XS8oK6X2X_yQTq4R5tP,https://www.tohokukanko.jp/en/attractions/detail_1005555.html,EN,EN,PRIVATED,39.1158958,140.9433928,
sgbaR7vVXSqNAnB6NuEXf,https://www.tohokukanko.jp/en/attractions/detail_1006079.html,EN,EN,PRIVATED,37.21553572308921,140.4087820312041,
5FojWcq8gQ3xCmNXP0J2i,https://www.tohokukanko.jp/en/attractions/detail_1006212.html,EN,EN,PRIVATED,37.3403261,139.4751782,
a7MGg4ZXmYfeHYJ6zQFIJ,https://www.tohokukanko.jp/en/attractions/detail_1006529.html,EN,EN,PRIVATED,38.0980663,140.6587766,
6uqpF9bybUCIvGVZQC0c0,https://www.tohokukanko.jp/en/attractions/detail_1006713.html,EN,EN,PRIVATED,40.20893923640307,139.99834584550783,
pzfnz3XJzScBHptujmIDB,https://www.tohokukanko.jp/en/attractions/detail_1006734.html,EN,EN,PRIVATED,40.2119431832622,140.01983347964477,
bY0PB4ArUs56-vuIZSJst,https://www.tohokukanko.jp/en/attractions/detail_1006921.html,EN,EN,PRIVATED,39.7146658,140.1257176,
YhvZl4tKCNx9vp0LDR2iW,https://www.tohokukanko.jp/en/attractions/detail_1007044.html,EN,EN,PRIVATED,39.76688322260566,140.1668133787944,
nPloaeda81XupLzSbY4id,https://www.tohokukanko.jp/en/attractions/detail_1007127.html,EN,EN,PRIVATED,38.118638,140.7172998,
xF8DRZgXehZd0ezMoVnRm,https://www.tohokukanko.jp/en/attractions/detail_1007179.html,EN,EN,PRIVATED,40.0536185,140.5815229,
ZHKPKkzHugY7fRLA4nGLH,https://www.tohokukanko.jp/en/attractions/detail_1007206.html,EN,EN,PRIVATED,39.467810288832254,140.5967951344849,
zRgvMZL-YfMCmSGFuENMm,https://www.tohokukanko.jp/en/attractions/detail_1007341.html,EN,EN,PRIVATED,39.2173476,140.3958829,
6s1Uwm2vztHlKrlL2sEvV,https://www.tohokukanko.jp/en/attractions/detail_1007548.html,EN,EN,PRIVATED,39.610836,140.623141,
Nli3b-7pFnqLMC7PecPan,https://www.tohokukanko.jp/en/attractions/detail_1007985.html,EN,EN,PRIVATED,39.6180954,141.0959272,
H9errwCr-c73xYLgNnCpg,https://www.tohokukanko.jp/en/attractions/detail_1008270.html,EN,EN,PRIVATED,40.2160945,140.2602654,
eSq9LaNLb15FL-KoRUaJC,https://www.tohokukanko.jp/en/attractions/detail_1008782.html,EN,EN,PRIVATED,37.70589351561676,140.552645255967,
4KXJZeGRtWKZuYyqaGv7l,https://www.tohokukanko.jp/en/attractions/detail_1009613.html,EN,EN,PRIVATED,38.10106333042556,139.9574089050293,
y-hLy0FPbYiHPFeeEDEec,https://www.tohokukanko.jp/en/attractions/detail_1009710.html,EN,EN,PRIVATED,37.5671067,139.9854214,
vTh89OIBGuEj5eQcI7w4H,https://www.tohokukanko.jp/en/attractions/detail_1009975.html,EN,EN,PRIVATED,0,0,
qjVCjEjEtq9N7cSSYPgll,https://www.tohokukanko.jp/en/attractions/detail_1010567.html,EN,EN,PRIVATED,38.08159390000001,138.4382556,
78TfVSuvUVAuBlWV0geT4,https://www.tohokukanko.jp/en/attractions/detail_1010671.html,EN,EN,PRIVATED,37.4961415,139.9289392,
v-gWAtVmVvtEeISPsmsxd,https://www.tohokukanko.jp/en/attractions/detail_1010788.html,EN,EN,PRIVATED,38.0225125,139.4998541,
0AZeFFyKMiZlM95x--ALA,https://www.tohokukanko.jp/en/attractions/detail_1010808.html,EN,EN,PRIVATED,37.3597995,139.8905718,
s1ix1hPJGWDcrhSxaDvTu,https://www.tohokukanko.jp/en/attractions/detail_1011429.html,EN,EN,PRIVATED,37.4911802,139.9435537,
KERcbxdgL490nLo2GD7Br,https://www.tohokukanko.jp/en/attractions/detail_1011487.html,EN,EN,PRIVATED,40.5405987,140.9782896,
6P-W0meC88X-qXf4Jumpz,https://www.tohokukanko.jp/en/attractions/detail_1011587.html,EN,EN,PRIVATED,40.2065974,140.032947,
4NY6OWRVnJ8U4iUNGO2GK,https://www.tohokukanko.jp/en/attractions/detail_1181.html,EN,EN,PRIVATED,41.467231,141.0927335,
gzRDy4w2IimC_TiFZ8eIk,https://www.tohokukanko.jp/en/attractions/detail_1293.html,EN,EN,PRIVATED,39.691906,141.153785,
lyzJX9jSl2e-NVJer-esm,https://www.tohokukanko.jp/en/attractions/detail_1300.html,EN,EN,PRIVATED,39.194623,139.539669,
wqrXVbG0ibpZauoNysKyf,https://www.tohokukanko.jp/en/attractions/detail_1509.html,EN,EN,PRIVATED,39.474378,141.282651,
c5CXWs51rgiloGy044f5Z,https://www.tohokukanko.jp/en/attractions/detail_1718.html,EN,EN,PRIVATED,39.60925,140.652958,
nxZiJBJ4R3iR7Y19hpFE_,https://www.tohokukanko.jp/en/attractions/detail_1001310.html,EN,EN,PRIVATED,35.7626722,139.7297311,
wpwb5Pk8UMjU5hRa--pcc,https://www.tohokukanko.jp/en/attractions/detail_1001912.html,EN,EN,PRIVATED,40.8899166,141.1721889,
4UPY0hkGCLsml7ysb6ddi,https://www.tohokukanko.jp/en/attractions/detail_1002126.html,EN,EN,PRIVATED,38.61417344105368,140.21525922846985,
nIh8mgPLwRoM4nOuTlXzg,https://www.tohokukanko.jp/en/attractions/detail_1002149.html,EN,EN,PRIVATED,38.014701889025325,140.39784908294678,
tjvZu-JuWNnWjKsh_3837,https://www.tohokukanko.jp/en/attractions/detail_1002528.html,EN,EN,PRIVATED,37.53788166627628,140.5797647105591,
lXz5Xme7F7xgWiXnNSv6V,https://www.tohokukanko.jp/en/attractions/detail_1002575.html,EN,EN,PRIVATED,40.8276496,140.693477,
sm9gWwBp4-Pch_EkLebth,https://www.tohokukanko.jp/en/attractions/detail_1002762.html,EN,EN,PRIVATED,38.2414692,140.6371806,
rh0PFFmtmr1RuHtb1T730,https://www.tohokukanko.jp/en/attractions/detail_1003138.html,EN,EN,PRIVATED,38.7632298697254,140.30541363787842,
BT4dd5xDOjwQCVg7jQXc9,https://www.tohokukanko.jp/en/attractions/detail_1003501.html,EN,EN,PRIVATED,40.6432778,140.5945131,
hPb9B_6nzkS73i9gtZuxB,https://www.tohokukanko.jp/en/attractions/detail_1003689.html,EN,EN,PRIVATED,38.268195,140.869418,
Z-fWvHsvWGjQMlby64374,https://www.tohokukanko.jp/en/attractions/detail_1003723.html,EN,EN,PRIVATED,37.122021,140.2369586,
8xv5DZc6zIQ39eF6zdspo,https://www.tohokukanko.jp/en/attractions/detail_1003742.html,EN,EN,PRIVATED,39.6756816,141.0196039,
ML_fvdYJ6FOouXYj6uIGV,https://www.tohokukanko.jp/en/attractions/detail_1003938.html,EN,EN,PRIVATED,39.94434529999999,140.1189636,
Kb1WjxM5Tm7VNyzh1M69H,https://www.tohokukanko.jp/en/attractions/detail_1003964.html,EN,EN,PRIVATED,39.7107081,141.1622093,
Bw1gbm6ZPx6QE5CyRVvgp,https://www.tohokukanko.jp/en/attractions/detail_1004005.html,EN,EN,PRIVATED,39.6596854,141.1721895,
ZFxNvGDjoHrF_1DcJ-DXY,https://www.tohokukanko.jp/en/attractions/detail_1004196.html,EN,EN,PRIVATED,39.7062573,140.874252,
9-UhFvx63_p6Svve8vr1D,https://www.tohokukanko.jp/en/attractions/detail_1004419.html,EN,EN,PRIVATED,39.1765907,141.090169,
qOw5Neh7ClSZpedDkPBNg,https://www.tohokukanko.jp/en/attractions/detail_1004792.html,EN,EN,PRIVATED,39.8927618,140.9253837,
8hHCjJXqt-VqS3OzB_GQG,https://www.tohokukanko.jp/en/attractions/detail_1004969.html,EN,EN,PRIVATED,39.4002778,141.1,
aJkZLrsqpMx2UJnPLuMZ9,https://www.tohokukanko.jp/en/attractions/detail_1005105.html,EN,EN,PRIVATED,37.79725488845879,140.91304779052734,
ElRSwvFdccn1AMYuU5rvG,https://www.tohokukanko.jp/en/attractions/detail_1005122.html,EN,EN,PRIVATED,38.3865900393337,139.99292436812286,
hleesu0rprQmYYEZR3YqJ,https://www.tohokukanko.jp/en/attractions/detail_1005179.html,EN,EN,PRIVATED,38.426455679845375,140.14743425522536,
xwu-u98wFrC_heOuuBO7z,https://www.tohokukanko.jp/en/attractions/detail_1005266.html,EN,EN,PRIVATED,39.1771330500136,141.134946884668,
8B8014AChWWXQTcJXgmQ4,https://www.tohokukanko.jp/en/attractions/detail_1005319.html,EN,EN,PRIVATED,38.318604114306446,141.01275086402893,
t85fozzNjVxGrpNzaTmHv,https://www.tohokukanko.jp/en/attractions/detail_1005474.html,EN,EN,PRIVATED,37.300923898520416,140.3847599029541,
iIqjmTgjaDGxeWt_ZNFBn,https://www.tohokukanko.jp/en/attractions/detail_1005521.html,EN,EN,PRIVATED,38.0512727,140.711109,
bj4TwEyghkmKYIDyaNY3Z,https://www.tohokukanko.jp/en/attractions/detail_1005682.html,EN,EN,PRIVATED,37.80949839927519,140.50955805236202,
MmI23xMi-LfjnZBpaqxRe,https://www.tohokukanko.jp/en/attractions/detail_1005713.html,EN,EN,PRIVATED,38.0550193,140.8185047,
dliadglI0kRBUYa_v6FUb,https://www.tohokukanko.jp/en/attractions/detail_1006078.html,EN,EN,PRIVATED,37.5292749,140.3684682,
HtcKT_T_SCT3SptzzSfwd,https://www.tohokukanko.jp/en/attractions/detail_1006118.html,EN,EN,PRIVATED,37.588739388112224,139.79946970939636,
jTf-UEXUVNpbSULzGLwpw,https://www.tohokukanko.jp/en/attractions/detail_1006235.html,EN,EN,PRIVATED,37.449275780653686,139.69704151153564,
RBXg2enRO0NuX8v7xKzTK,https://www.tohokukanko.jp/en/attractions/detail_1006558.html,EN,EN,PRIVATED,38.123894692345075,140.57707513990073,
dS9AOsL8CvSPbV1U94dYO,https://www.tohokukanko.jp/en/attractions/detail_1006714.html,EN,EN,PRIVATED,40.2164908,140.024906,
QX3yvD1kRw-d7tUikOv8-,https://www.tohokukanko.jp/en/attractions/detail_1006762.html,EN,EN,PRIVATED,40.204051,140.2336739,
YL--ND1M8q1ZkYrdlgj4c,https://www.tohokukanko.jp/en/attractions/detail_1007046.html,EN,EN,PRIVATED,39.59505569604965,140.1883480667675,
9ig4AgR2ermfzdIBcLmgV,https://www.tohokukanko.jp/en/attractions/detail_1007138.html,EN,EN,PRIVATED,39.135169,141.1331728,
4yYAchao_kfRZGPrS-6os,https://www.tohokukanko.jp/en/attractions/detail_1007420.html,EN,EN,PRIVATED,38.3393457,140.2544356,
W4YelVjLp-bD4n-92m1bH,https://www.tohokukanko.jp/en/attractions/detail_1007608.html,EN,EN,PRIVATED,39.384721,140.0477671,
VcQCDirvLCatkMiYhePk5,https://www.tohokukanko.jp/en/attractions/detail_1007639.html,EN,EN,PRIVATED,39.805395,140.779814,
kAWxpWhf9ydB32s9HfKA0,https://www.tohokukanko.jp/en/attractions/detail_1007659.html,EN,EN,PRIVATED,39.600058,140.559814,
qLPh5IMiuB0CLXZ1aQaxu,https://www.tohokukanko.jp/en/attractions/detail_1007746.html,EN,EN,PRIVATED,39.752564,140.0611406,
yO2LIMKu5GAdM_Jq9hph-,https://www.tohokukanko.jp/en/attractions/detail_1008314.html,EN,EN,PRIVATED,0,0,
TOaEiFdzcEUNddAjMdbaF,https://www.tohokukanko.jp/en/attractions/detail_1009018.html,EN,EN,PRIVATED,40.284169,140.6824544,
GYJtBTqaXMl7tmRacbPoO,https://www.tohokukanko.jp/en/attractions/detail_1004212.html,EN,EN,PRIVATED,39.5309853,141.1925906,
DjQUqnP3m1u272o6otURW,https://www.tohokukanko.jp/en/attractions/detail_1004335.html,EN,EN,PRIVATED,38.2589602,140.8796466,
boco4YlqsRd9HiebM-DVM,https://www.tohokukanko.jp/en/attractions/detail_1004425.html,EN,EN,PRIVATED,37.95507290392693,140.52192655774752,
QyY8eIP8seDB8MObHDbyL,https://www.tohokukanko.jp/en/attractions/detail_1004645.html,EN,EN,PRIVATED,37.5755341,139.6412898,
FotV0eyckxt430Vijju5l,https://www.tohokukanko.jp/en/attractions/detail_1004972.html,EN,EN,PRIVATED,38.315801006824984,141.0167956352234,
eXduN2aJg97sO_nAW6Yop,https://www.tohokukanko.jp/en/attractions/detail_1005042.html,EN,EN,PRIVATED,38.39170225862621,139.99173920867307,
jUfkJHTVpUTXFHoJelKBY,https://www.tohokukanko.jp/en/attractions/detail_1006224.html,EN,EN,PRIVATED,37.311013,139.2848908,
JYssjmZ4fiG3XLW-Y10Cr,https://www.tohokukanko.jp/en/attractions/detail_1006269.html,EN,EN,PRIVATED,37.51299386065852,140.40088534355164,
PK3nRQR0xUe8u3SKChu2i,https://www.tohokukanko.jp/en/attractions/detail_1006571.html,EN,EN,PRIVATED,40.0025216,141.3323313,
uJ618osUI2zAEOJYLpxOw,https://www.tohokukanko.jp/en/attractions/detail_1006736.html,EN,EN,PRIVATED,40.216088814996624,140.25391522479242,
7Y7xfEU8YdqyeIahpEt7s,https://www.tohokukanko.jp/en/attractions/detail_1007005.html,EN,EN,PRIVATED,39.9215635,140.5372039,
bPwX9D6_ZSth4zflhDlOE,https://www.tohokukanko.jp/en/attractions/detail_1007078.html,EN,EN,PRIVATED,38.0484284,140.1650417,
QKIh0WBZrGus4f9kfmSbE,https://www.tohokukanko.jp/en/attractions/detail_1007201.html,EN,EN,PRIVATED,39.43508140487347,140.56387414973753,
cIi8KWeoocxrX-ceUNYfn,https://www.tohokukanko.jp/en/attractions/detail_1007424.html,EN,EN,PRIVATED,38.3344937,140.289583,
2QZCXlyoBYRZ2vmGjiOeF,https://www.tohokukanko.jp/en/attractions/detail_1007483.html,EN,EN,PRIVATED,0,0,
C07gtE7QAKfaAHbfcwhnH,https://www.tohokukanko.jp/en/attractions/detail_1007580.html,EN,EN,PRIVATED,39.689586,140.55368,
9SLI0t8BgmtNyCHnfPlLk,https://www.tohokukanko.jp/en/attractions/detail_1007623.html,EN,EN,PRIVATED,40.5778062,140.3006187,
j0oTe9651pY0Pq3LLa-yO,https://www.tohokukanko.jp/en/attractions/detail_1007956.html,EN,EN,PRIVATED,37.303546647785524,139.89544974015817,
wk8CDcKVieZaWBVbJptOl,https://www.tohokukanko.jp/en/attractions/detail_1008353.html,EN,EN,PRIVATED,40.1812775,140.7859391,
9yXp0szLPJtqMkn6k0VFp,https://www.tohokukanko.jp/en/attractions/detail_1008366.html,EN,EN,PRIVATED,40.20696171860179,140.03292160555725,
nHPon5EV8JRq4rj5DjTSW,https://www.tohokukanko.jp/en/attractions/detail_1008704.html,EN,EN,PRIVATED,0,0,
Ym2JgsJDgA9hkwYOnV5jv,https://www.tohokukanko.jp/en/attractions/detail_1008722.html,EN,EN,PRIVATED,37.6232499,140.3252527,
cV6A3ZWdZa4uQ8zLaiUOJ,https://www.tohokukanko.jp/en/attractions/detail_1008943.html,EN,EN,PRIVATED,37.4410239,140.4925727,
I3NzF2j3yccmBZekovcfb,https://www.tohokukanko.jp/en/attractions/detail_1009129.html,EN,EN,PRIVATED,38.4280686,140.3815539,
MOiA59HiaGuGd89D-BUG5,https://www.tohokukanko.jp/en/attractions/detail_1009187.html,EN,EN,PRIVATED,0,0,
rGAkTApgMlYdY_TWpwG7y,https://www.tohokukanko.jp/en/attractions/detail_1009270.html,EN,EN,PRIVATED,38.0695784,140.7218901,
Ss4DqM-KH9G04aSIiYWs2,https://www.tohokukanko.jp/en/attractions/detail_1009386.html,EN,EN,PRIVATED,0,0,
N8qjKlfl74UM45B8wGVmL,https://www.tohokukanko.jp/en/attractions/detail_1009628.html,EN,EN,PRIVATED,38.3719267,140.0677852,
GTQB3vqGCK9fA9CHy8dzH,https://www.tohokukanko.jp/en/attractions/detail_1009677.html,EN,EN,PRIVATED,0,0,
VJRDFUqLWlwIFcgQLvv28,https://www.tohokukanko.jp/en/attractions/detail_1009826.html,EN,EN,PRIVATED,40.076757917084194,140.11516571044922,
v6CHGO114YAvScULAvBtb,https://www.tohokukanko.jp/en/attractions/detail_1010088.html,EN,EN,PRIVATED,39.6925495,141.0239646,
s4HPJ2KQUjJRCvTizuC7i,https://www.tohokukanko.jp/en/attractions/detail_1010177.html,EN,EN,PRIVATED,37.7052595,140.37022,
jFBjF8dm-2yjZHPKFCUkc,https://www.tohokukanko.jp/en/attractions/detail_1010321.html,EN,EN,PRIVATED,39.383159,141.22245,
z62QlSz5SvydAgfMFvvMM,https://www.tohokukanko.jp/en/attractions/detail_1010474.html,EN,EN,PRIVATED,39.71926931119698,140.12253642082214,
ruasislOuMzOO_uDxAVdz,https://www.tohokukanko.jp/en/attractions/detail_1010679.html,EN,EN,PRIVATED,37.4995829,139.9295375,
zB8klmyMD0dPiLc8a04SZ,https://www.tohokukanko.jp/en/attractions/detail_1010880.html,EN,EN,PRIVATED,37.5079872,139.9343897,
E0pPJT13OM8Q_RgyT3O1h,https://www.tohokukanko.jp/en/attractions/detail_1074.html,EN,EN,PRIVATED,36.952006,140.873906,
B6TGMOFHgXXk96Hwrmn1v,https://www.tohokukanko.jp/en/attractions/detail_1001964.html,EN,EN,PRIVATED,40.616548417244964,140.5696552991867,
2e7ntjv5HNBB5cD48QSXj,https://www.tohokukanko.jp/en/attractions/detail_1002077.html,EN,EN,PRIVATED,38.387168289337346,140.21375805875243,
FTCRzmDn5uEvSlAMgx5vI,https://www.tohokukanko.jp/en/attractions/detail_1002169.html,EN,EN,PRIVATED,38.00607113034665,140.3719711303711,
t6eyc54dxH5ughy0tXluZ,https://www.tohokukanko.jp/en/attractions/detail_1002270.html,EN,EN,PRIVATED,40.19725145373642,141.17964428280334,
D2_jM5vuJFzAFIN35z6c2,https://www.tohokukanko.jp/en/attractions/detail_1003066.html,EN,EN,PRIVATED,39.846047372174475,141.24664721972655,
HlkG0t0Qh540lzevLCEhy,https://www.tohokukanko.jp/en/attractions/detail_1003100.html,EN,EN,PRIVATED,0,0,
8-xFQVPEFsuEcr2RdJkoi,https://www.tohokukanko.jp/en/attractions/detail_1003437.html,EN,EN,PRIVATED,37.07687063834587,139.4184136390686,
znazTpYP_bBmZkk85ocL0,https://www.tohokukanko.jp/en/attractions/detail_1003453.html,EN,EN,PRIVATED,40.87152308374337,141.1197061249265,
O4uKhIT8ONkixYG2vCyB8,https://www.tohokukanko.jp/en/attractions/detail_1004093.html,EN,EN,PRIVATED,38.0029511,140.6179092,
g7fYbQ9l1-WrumTbet0su,https://www.tohokukanko.jp/en/attractions/detail_1004223.html,EN,EN,PRIVATED,39.6874684,141.1288201,
zS3_9I37hhkVSguadnl64,https://www.tohokukanko.jp/en/attractions/detail_1004238.html,EN,EN,PRIVATED,39.7019558,141.1543303,
fwvikRWsEUIEqaH0T2njV,https://www.tohokukanko.jp/en/attractions/detail_1004391.html,EN,EN,PRIVATED,38.0045344,140.6151892,
b6TB3PccDRkHLlqSy9sED,https://www.tohokukanko.jp/en/attractions/detail_1004471.html,EN,EN,PRIVATED,39.3857547,141.1198781,
xYLhtWWCsiw37M279ipmo,https://www.tohokukanko.jp/en/attractions/detail_1004653.html,EN,EN,PRIVATED,37.2941814205385,140.35665035247803,
569hPSvsoTLHZRDrjWd2L,https://www.tohokukanko.jp/en/attractions/detail_1004986.html,EN,EN,PRIVATED,38.31943324094554,141.02984189987183,
Cmy0plr5CAgDNIjL8PI2m,https://www.tohokukanko.jp/en/attractions/detail_1004989.html,EN,EN,PRIVATED,39.1967301,141.1185565,
l4QSAmPHMgaq_kmVBlRIE,https://www.tohokukanko.jp/en/attractions/detail_1005010.html,EN,EN,PRIVATED,37.907561,140.10665,
jIYOG5rFnHsoMZfY2a0JA,https://www.tohokukanko.jp/en/attractions/detail_1005249.html,EN,EN,PRIVATED,37.176944404482775,140.0310661461716,
xiXkctaaUV3Q9dV1LFC08,https://www.tohokukanko.jp/en/attractions/detail_1005298.html,EN,EN,PRIVATED,38.316198751646276,141.01791813969612,
B1i8k2SGE7FmavbIWOSP2,https://www.tohokukanko.jp/en/attractions/detail_1005384.html,EN,EN,PRIVATED,39.3116056,141.3221415,
NhzWd8HMHEFhYhMTupBjY,https://www.tohokukanko.jp/en/attractions/detail_1005530.html,EN,EN,PRIVATED,37.866409938882676,140.61274837672119,
0fjZqWXdOX-AgUfeVMohU,https://www.tohokukanko.jp/en/attractions/detail_1005580.html,EN,EN,PRIVATED,0,0,
9OwO7b-9ryMQIEUU0rs8k,https://www.tohokukanko.jp/en/attractions/detail_1005647.html,EN,EN,PRIVATED,37.46455280681059,139.83924462372707,
2xwMfu-z6Nm-JAALaqBCT,https://www.tohokukanko.jp/en/attractions/detail_1005765.html,EN,EN,PRIVATED,37.2683884,140.5495186,
J0sJU2Up8SNzLpk7YY-Pz,https://www.tohokukanko.jp/en/attractions/detail_1005928.html,EN,EN,PRIVATED,39.0841856,141.7114611,
hmPP99Xjr6TXny97GrWJ-,https://www.tohokukanko.jp/en/attractions/detail_1006122.html,EN,EN,PRIVATED,37.211706124370785,140.4690614740967,
h3oQyR0CD2BiFD2viy2h7,https://www.tohokukanko.jp/en/attractions/detail_1006186.html,EN,EN,PRIVATED,37.5139965,140.3761523,
1-Spnvm7H6iJFshL6o1Y7,https://www.tohokukanko.jp/en/attractions/detail_1006288.html,EN,EN,PRIVATED,38.3999204837462,140.89500279259033,
pLgsxRis8hopcUEoAJ45u,https://www.tohokukanko.jp/en/attractions/detail_1006729.html,EN,EN,PRIVATED,40.163288374566974,140.11420235396727,
6zHtH_PtXxObT62J5OrwS,https://www.tohokukanko.jp/en/attractions/detail_1006758.html,EN,EN,PRIVATED,40.1438989,139.9873269,
MUj_eWT_xpl8GBnx_kMF3,https://www.tohokukanko.jp/en/attractions/detail_1006855.html,EN,EN,PRIVATED,39.3465447000898,141.68127536773682,
kjF3VHriWa3PkpOx0HOw0,https://www.tohokukanko.jp/en/attractions/detail_1007020.html,EN,EN,PRIVATED,39.72929149442335,140.13657303655285,
QqCI1mcKOqVDLP4VvvNMk,https://www.tohokukanko.jp/en/attractions/detail_1007036.html,EN,EN,PRIVATED,40.4719351,141.6457908,
3dQIY8H7S-H-qvfA4s7MM,https://www.tohokukanko.jp/en/attractions/detail_1007250.html,EN,EN,PRIVATED,39.2075418,140.5828369,
wv08Tg00nSLt53W7mc7sr,https://www.tohokukanko.jp/en/attractions/detail_1007252.html,EN,EN,PRIVATED,39.1646351,140.6217029,
Fdd4CShX4XFGFjGMg6tZO,https://www.tohokukanko.jp/en/attractions/detail_1007468.html,EN,EN,PRIVATED,39.733767,140.698347,
18_X8TGFeeL9OoHIxxVbf,https://www.tohokukanko.jp/en/attractions/detail_1007501.html,EN,EN,PRIVATED,39.74856477152663,140.13126968761088,
SkqRiswPAN8PlJn5rtSBa,https://www.tohokukanko.jp/en/attractions/detail_1007558.html,EN,EN,PRIVATED,39.79475805741271,140.2229327851913,
hZmiO20vWFTEZPBZ0Sa0j,https://www.tohokukanko.jp/en/attractions/detail_1007584.html,EN,EN,PRIVATED,39.608311,140.651427,
9in5eKjM951s_WkbDpWEQ,https://www.tohokukanko.jp/en/attractions/detail_1007625.html,EN,EN,PRIVATED,40.5778062,140.3006187,
XEFdXENG2Eg6mkMooCxY_,https://www.tohokukanko.jp/en/attractions/detail_1007715.html,EN,EN,PRIVATED,39.9269674,139.8760849,
Jo2mlUDuowR2unGGkF6tc,https://www.tohokukanko.jp/en/attractions/detail_1007910.html,EN,EN,PRIVATED,39.31268823686483,140.78781450102449,
enpRM6D9ceV__FzwcJyMt,https://www.tohokukanko.jp/en/attractions/detail_1007958.html,EN,EN,PRIVATED,37.191860677852894,139.9153733253479,
YV97TeiYXOyB07L71fW9g,https://www.tohokukanko.jp/en/attractions/detail_1007971.html,EN,EN,PRIVATED,0,0,
Ok1rwsReWNLBVQHFS5lKS,https://www.tohokukanko.jp/en/attractions/detail_1008345.html,EN,EN,PRIVATED,37.45645765972444,139.84058172783995,
jRBcVFZbP9MVsEHHPcxJf,https://www.tohokukanko.jp/en/attractions/detail_1008725.html,EN,EN,PRIVATED,37.574342,140.400427,
2e4f7TBwI0xXDg1IfXoHk,https://www.tohokukanko.jp/en/attractions/detail_1008749.html,EN,EN,PRIVATED,37.5042788,139.8673672,
2cn5J6S_UV4drjvUixs9x,https://www.tohokukanko.jp/en/attractions/detail_1008945.html,EN,EN,PRIVATED,37.3481919,139.310538,
x6UCdQ8HSSSlVG6-fF-0R,https://www.tohokukanko.jp/en/attractions/detail_1008974.html,EN,EN,PRIVATED,0,0,
lSaa-MUJVUX7jKaCb69Qv,https://www.tohokukanko.jp/en/attractions/detail_1009109.html,EN,EN,PRIVATED,37.489442,139.9242391,
1PcBY7CLX7U9F_RHYcOw9,https://www.tohokukanko.jp/en/attractions/detail_1009842.html,EN,EN,PRIVATED,40.021912683514365,140.08076906204224,
rlABk95c-gtp1ZbqUFL7M,https://www.tohokukanko.jp/en/attractions/detail_1010075.html,EN,EN,PRIVATED,39.3260946,141.3062707,
x2B5f7SEItVwH3GBuWMP9,https://www.tohokukanko.jp/en/attractions/detail_1010259.html,EN,EN,PRIVATED,0,0,
Bd1EW7QSjXLHrHQYdCb9-,https://www.tohokukanko.jp/en/attractions/detail_1010445.html,EN,EN,PRIVATED,37.6425541,139.7643281,
ej5vRPSu_3HMRna36Tbcv,https://www.tohokukanko.jp/en/attractions/detail_1010508.html,EN,EN,PRIVATED,38.0404328,140.8606991,
nGWOyGsKZVbD5cjt0fyrD,https://www.tohokukanko.jp/en/attractions/detail_1010674.html,EN,EN,PRIVATED,37.5017742,139.9285979,
r2Yo8TszS_195czwZFJj_,https://www.tohokukanko.jp/en/attractions/detail_1010700.html,EN,EN,PRIVATED,38.892914,140.615477,
VR9VQuiPklq5EoT3xThPq,https://www.tohokukanko.jp/en/attractions/detail_1010763.html,EN,EN,PRIVATED,37.5005696,139.9190842,
NJHOQv8Jslaf7p3tw9LKs,https://www.tohokukanko.jp/en/attractions/detail_1010801.html,EN,EN,PRIVATED,37.9242984,139.3822232,
ax_F537BOOuO_eOMknHau,https://www.tohokukanko.jp/en/attractions/detail_1010881.html,EN,EN,PRIVATED,37.5079872,139.9343897,
NlO7ZNUvS9aJQG68bzimN,https://www.tohokukanko.jp/en/attractions/detail_1010910.html,EN,EN,PRIVATED,40.58400210000001,141.0222958,
AniuuNNeLkCVh5XsdR5yo,https://www.tohokukanko.jp/en/attractions/detail_1011353.html,EN,EN,PRIVATED,38.3045969,141.0842466,
F-XF7uaxrmZE3vjcsItNW,https://www.tohokukanko.jp/en/attractions/detail_1001904.html,EN,EN,PRIVATED,38.1984937,140.8490874,
aD27HaTaoeseo2j_v4Pu1,https://www.tohokukanko.jp/en/attractions/detail_1002228.html,EN,EN,PRIVATED,38.4420113,140.8809974,
iEQ2sVS6LpTjqnLvd0vRZ,https://www.tohokukanko.jp/en/attractions/detail_1002482.html,EN,EN,PRIVATED,38.40031221640684,140.89126811774702,
8EN8DwZYP39VUBu7Oka5h,https://www.tohokukanko.jp/en/attractions/detail_1002818.html,EN,EN,PRIVATED,38.364148037545476,140.32189313006592,
QajXUue77m2r0VJkkulKe,https://www.tohokukanko.jp/en/attractions/detail_1003136.html,EN,EN,PRIVATED,38.3035127,140.9884598,
i_6hzi09MANL1Llbyz95W,https://www.tohokukanko.jp/en/attractions/detail_1003315.html,EN,EN,PRIVATED,39.709216,141.1552834,
5eBczR23O49l8QXj6JURZ,https://www.tohokukanko.jp/en/attractions/detail_1003412.html,EN,EN,PRIVATED,0,0,
CLU6tDGsIanij76E5Ql-3,https://www.tohokukanko.jp/en/attractions/detail_1003514.html,EN,EN,PRIVATED,39.7032825,141.1560211,
UmXlPeUn-Ka8X0xImJaYy,https://www.tohokukanko.jp/en/attractions/detail_1003732.html,EN,EN,PRIVATED,39.6995139,141.1574076,
ir-MsxLPvQKFVhyY_lNO2,https://www.tohokukanko.jp/en/attractions/detail_1003745.html,EN,EN,PRIVATED,37.13143656973646,140.21316289901733,
DXWzHTv8AHyXDjASdSiaq,https://www.tohokukanko.jp/en/attractions/detail_1003864.html,EN,EN,PRIVATED,37.12566109999999,140.2093348,
FjoKN67rX-0kE83bYT1cY,https://www.tohokukanko.jp/en/attractions/detail_1003966.html,EN,EN,PRIVATED,39.714735,141.1363372,
KNSPEJ087gKHa147KqQoR,https://www.tohokukanko.jp/en/attractions/detail_1003986.html,EN,EN,PRIVATED,39.704579737597285,141.13621696295166,
VQ2ipkpmbXEfTKc6iqpbW,https://www.tohokukanko.jp/en/attractions/detail_1004034.html,EN,EN,PRIVATED,37.4708962,140.3294775,
gQrGYRbQrRUCJxLXpHv-q,https://www.tohokukanko.jp/en/attractions/detail_1004111.html,EN,EN,PRIVATED,39.44500439999999,141.0066799,
PGK9QWzK9Km0RkRDaxlI5,https://www.tohokukanko.jp/en/attractions/detail_1004167.html,EN,EN,PRIVATED,39.88497423428613,140.23766368227842,
EbbmpPWAd4_vxGrJ2yufd,https://www.tohokukanko.jp/en/attractions/detail_1004244.html,EN,EN,PRIVATED,39.70006679999999,141.1546915,
AEvxDCZI53uWD_26sbEV5,https://www.tohokukanko.jp/en/attractions/detail_1004301.html,EN,EN,PRIVATED,0,0,
ExT0dmjWa3GJyWFPd9z1d,https://www.tohokukanko.jp/en/attractions/detail_1004398.html,EN,EN,PRIVATED,38.0065033,140.6160221,
DBF425r4-eLudS31gZz_E,https://www.tohokukanko.jp/en/attractions/detail_1004563.html,EN,EN,PRIVATED,38.0683965,140.5133466,
YjbFiaBbUpA89meuwr98R,https://www.tohokukanko.jp/en/attractions/detail_1004856.html,EN,EN,PRIVATED,37.775658881643395,140.12404918670654,
0xVIFsWCahQfOPWkALk0J,https://www.tohokukanko.jp/en/attractions/detail_1005090.html,EN,EN,PRIVATED,39.14043806754863,141.14282492751053,
C7dsvyvpCIGVYGvK9K9VM,https://www.tohokukanko.jp/en/attractions/detail_1005185.html,EN,EN,PRIVATED,38.4308021,140.1291795,
TZC3VfvQhpKs2IKiBL4sw,https://www.tohokukanko.jp/en/attractions/detail_1005218.html,EN,EN,PRIVATED,39.3306626643882,141.50050520896912,
NQnIS_z67lSDxlf3NATS-,https://www.tohokukanko.jp/en/attractions/detail_1005427.html,EN,EN,PRIVATED,0,0,
7_dBVvlxYzmtjG0Dtiepb,https://www.tohokukanko.jp/en/attractions/detail_1005512.html,EN,EN,PRIVATED,38.10658135940483,140.03386232590336,
OhxekbR3Bgfx88eHelPj-,https://www.tohokukanko.jp/en/attractions/detail_1005528.html,EN,EN,PRIVATED,39.119806146782174,140.93475759029388,
QphJIWtfZrTnypxHZhh6m,https://www.tohokukanko.jp/en/attractions/detail_1005613.html,EN,EN,PRIVATED,39.96842463633977,141.21430862645872,
ouWsIZigGVZ8Q4uDGK8dY,https://www.tohokukanko.jp/en/attractions/detail_1005659.html,EN,EN,PRIVATED,0,0,
w8g3QdB-_82Kg72Kp8CDX,https://www.tohokukanko.jp/en/attractions/detail_1005799.html,EN,EN,PRIVATED,37.2683884,140.5495186,
c-xOYEDiC2fyuuqPQjc0P,https://www.tohokukanko.jp/en/attractions/detail_1005940.html,EN,EN,PRIVATED,38.25944230891727,140.86934387683868,
FhcQjRcxLVAWc1JzJrthh,https://www.tohokukanko.jp/en/attractions/detail_1006124.html,EN,EN,PRIVATED,37.5362393,140.0733644,
LTk_VV7MhuxtY1GKmdrIX,https://www.tohokukanko.jp/en/attractions/detail_1006572.html,EN,EN,PRIVATED,38.2676182,141.4772935,
osGdZovLnCeiFNHlpqZgQ,https://www.tohokukanko.jp/en/attractions/detail_1006585.html,EN,EN,PRIVATED,39.2142561,141.112129,
eAoPaeXiV3ED7wm6f0Z3E,https://www.tohokukanko.jp/en/attractions/detail_1006759.html,EN,EN,PRIVATED,40.216323,140.026693,
mVpsYndSntTYF00ogoluZ,https://www.tohokukanko.jp/en/attractions/detail_1006776.html,EN,EN,PRIVATED,0,0,
7uiQmoBnO20MuH2l7jmjV,https://www.tohokukanko.jp/en/attractions/detail_1006823.html,EN,EN,PRIVATED,38.96086039918754,140.78818559646606,
hC-dIWHsHPZcKvjJA3eq-,https://www.tohokukanko.jp/en/attractions/detail_1007029.html,EN,EN,PRIVATED,39.701374269486706,140.13827782689438,
T59C8BG10JXzhQe1XuR5j,https://www.tohokukanko.jp/en/attractions/detail_1007043.html,EN,EN,PRIVATED,39.75947558616901,140.14951075378877,
bhuOMoIvfmrD14z0oloaA,https://www.tohokukanko.jp/en/attractions/detail_1007183.html,EN,EN,PRIVATED,40.0905222,140.409716,
ikf1_xK_AuNpUU1LUESRP,https://www.tohokukanko.jp/en/attractions/detail_1007530.html,EN,EN,PRIVATED,0,0,
bSjqcJ1o3_THRErgnWfKd,https://www.tohokukanko.jp/en/attractions/detail_1007551.html,EN,EN,PRIVATED,39.5969091,140.5626599,
IX-fygUeQxquKANcICYoh,https://www.tohokukanko.jp/en/attractions/detail_1008927.html,EN,EN,PRIVATED,0,0,
dZTc3JuNQ_jGsRRW2ryGm,https://www.tohokukanko.jp/en/attractions/detail_1008990.html,EN,EN,PRIVATED,37.78144427496807,140.60082064655762,
fWZNrfSL1s6nQUJ20BUN8,https://www.tohokukanko.jp/en/attractions/detail_1009060.html,EN,EN,PRIVATED,38.1690469581922,140.951141666804,
Sg6kLCBE8rO3XDJ8mpC-A,https://www.tohokukanko.jp/en/attractions/detail_1009665.html,EN,EN,PRIVATED,38.1089862,140.0438343,
mEV-Cmo12lwxfCNOU9TJ4,https://www.tohokukanko.jp/en/attractions/detail_1009685.html,EN,EN,PRIVATED,0,0,
zAcypVBC6FweR7uEjgLHJ,https://www.tohokukanko.jp/en/attractions/detail_1010126.html,EN,EN,PRIVATED,39.8009,140.794733,
WI4fyH9hjUCxFVH4eaNuF,https://www.tohokukanko.jp/en/attractions/detail_1010128.html,EN,EN,PRIVATED,39.5931336,140.5682023,
EfSo61uiobaWxGH8toZ1e,https://www.tohokukanko.jp/en/attractions/detail_1010162.html,EN,EN,PRIVATED,39.479065,141.2898537,
bYGAj2L_RfGbg-7USXN7d,https://www.tohokukanko.jp/en/attractions/detail_1010261.html,EN,EN,PRIVATED,37.4137281,140.1177532,
hwFqxwLoh6IXidFvNKrYK,https://www.tohokukanko.jp/en/attractions/detail_1010402.html,EN,EN,PRIVATED,0,0,
3FFomvb9aFHnD2Cer4Q0c,https://www.tohokukanko.jp/en/attractions/detail_1010670.html,EN,EN,PRIVATED,37.4874841,139.9360569,
my6NkCimZ_6POywSqwTdd,https://www.tohokukanko.jp/en/attractions/detail_1010712.html,EN,EN,PRIVATED,37.8819864,139.3082549,
2mdQYld_KNzHnECVQvfmK,https://www.tohokukanko.jp/en/attractions/detail_1010758.html,EN,EN,PRIVATED,37.4795942,139.9408288,
MELcQ024lgD3VMZu7nh_9,https://www.tohokukanko.jp/en/attractions/detail_1010769.html,EN,EN,PRIVATED,38.2254447,139.4772562,
9Z9n5G2TaEdfWW2F7FMUl,https://www.tohokukanko.jp/en/attractions/detail_1010863.html,EN,EN,PRIVATED,37.3358832,139.8649659,
kFMDuYhJ9jin19RjQxfLq,https://www.tohokukanko.jp/en/attractions/detail_1010916.html,EN,EN,PRIVATED,40.614093,141.1299607,
5NmusMeG0LlssReEB6Xoh,https://www.tohokukanko.jp/en/attractions/detail_1011600.html,EN,EN,PRIVATED,38.630612,141.1193048,
eldgup0di_DnxSYZK_Rqs,https://www.tohokukanko.jp/en/attractions/detail_1001765.html,EN,EN,PRIVATED,40.1977263,141.1863876,
aFc-9O1N-HzNegmBGNh5U,https://www.tohokukanko.jp/en/attractions/detail_1002312.html,EN,EN,PRIVATED,39.724725,141.0670441,
a3uqgDGQUCICyMcXlDnFK,https://www.tohokukanko.jp/en/attractions/detail_1002394.html,EN,EN,PRIVATED,38.407342543809996,140.9036010503769,
qrXSzvQMxLWiAISVJ5V12,https://www.tohokukanko.jp/en/attractions/detail_1002522.html,EN,EN,PRIVATED,0,0,
im6Yqcon8dFKdANy6JYG1,https://www.tohokukanko.jp/en/attractions/detail_1002749.html,EN,EN,PRIVATED,0,0,
1ZM30oZxoMXXz7PSB8ZzE,https://www.tohokukanko.jp/en/attractions/detail_1002836.html,EN,EN,PRIVATED,38.401814555982355,140.43115139007568,
7p5e43Jk19iuS-Wm9z9om,https://www.tohokukanko.jp/en/attractions/detail_1002895.html,EN,EN,PRIVATED,37.396017975419475,139.4217637181282,
cKRqSUvJrG8-Qyqsx-HtF,https://www.tohokukanko.jp/en/attractions/detail_1003459.html,EN,EN,PRIVATED,37.18659568996322,139.52246189117432,
lz8sGiWwdxcLm4tLA8Pni,https://www.tohokukanko.jp/en/attractions/detail_1003489.html,EN,EN,PRIVATED,38.5010077,141.29533,
p_glXUObaRuavHHEJCy1S,https://www.tohokukanko.jp/en/attractions/detail_1003600.html,EN,EN,PRIVATED,38.4371373,140.8861902,
uvVPzWy_RDTfeiexy1Teg,https://www.tohokukanko.jp/en/attractions/detail_1003686.html,EN,EN,PRIVATED,37.1100595,140.2165804,
nF2nVlP2UikvPAPG54zw0,https://www.tohokukanko.jp/en/attractions/detail_1003781.html,EN,EN,PRIVATED,39.7016935,141.1553965,
zWeImmioHrtkOeMQMKmC7,https://www.tohokukanko.jp/en/attractions/detail_1004750.html,EN,EN,PRIVATED,0,0,
ohQb0R5xNUjUER9o1o43e,https://www.tohokukanko.jp/en/attractions/detail_1004771.html,EN,EN,PRIVATED,38.9147809,139.8366435,
NwuxCTtYYZ8EqL2pOh20f,https://www.tohokukanko.jp/en/attractions/detail_1004786.html,EN,EN,PRIVATED,0,0,
jVNPJpZmK5vu4eIP3QQgj,https://www.tohokukanko.jp/en/attractions/detail_1005000.html,EN,EN,PRIVATED,0,0,
zIpylBU3aIiyXuF3Vnzgk,https://www.tohokukanko.jp/en/attractions/detail_1005014.html,EN,EN,PRIVATED,37.6008356,139.7555029,
p9xv-KNgElk7M9PNL2hr_,https://www.tohokukanko.jp/en/attractions/detail_1005247.html,EN,EN,PRIVATED,37.180561015389465,139.99236345291138,
A2600oeKSEmjswNWel6VF,https://www.tohokukanko.jp/en/attractions/detail_1005429.html,EN,EN,PRIVATED,38.3927542,140.716474,
SWE1PlWUjLl0eoRQPyLYc,https://www.tohokukanko.jp/en/attractions/detail_1005627.html,EN,EN,PRIVATED,0,0,
ZRG4OZ4BK9YoVf1zVOIMp,https://www.tohokukanko.jp/en/attractions/detail_1005805.html,EN,EN,PRIVATED,37.3085909,139.6423674,
mT9JZgo3LW7QbpX3fTjta,https://www.tohokukanko.jp/en/attractions/detail_1006226.html,EN,EN,PRIVATED,0,0,
jvW9KU0NufTcHyOveyDcY,https://www.tohokukanko.jp/en/attractions/detail_1006378.html,EN,EN,PRIVATED,0,0,
AEnNrK5l8rbVCE3NnIYUL,https://www.tohokukanko.jp/en/attractions/detail_1006472.html,EN,EN,PRIVATED,38.40382049999999,140.8878596,
V_0KLPaR5gX7CG3iwX1nR,https://www.tohokukanko.jp/en/attractions/detail_1006474.html,EN,EN,PRIVATED,38.4015727,140.8938051,
59K-DIXSWvdKPQqjH5NEL,https://www.tohokukanko.jp/en/attractions/detail_1006723.html,EN,EN,PRIVATED,40.2033568,140.2593903,
ltI1_VpXkLM9oOOvTpuej,https://www.tohokukanko.jp/en/attractions/detail_1007037.html,EN,EN,PRIVATED,39.82345509878372,140.090751958714,
qgi44i5Ud48MkcPkzsGHc,https://www.tohokukanko.jp/en/attractions/detail_1007296.html,EN,EN,PRIVATED,39.5928803,140.5660029,
toLmGSHtG-Nzkz32dme44,https://www.tohokukanko.jp/en/attractions/detail_1007469.html,EN,EN,PRIVATED,0,0,
Qe4uq7eLNhS7nMO479Okr,https://www.tohokukanko.jp/en/attractions/detail_1007638.html,EN,EN,PRIVATED,39.65787188574647,140.15752842259116,
4v_ny4X7vdgwamd1OlCDQ,https://www.tohokukanko.jp/en/attractions/detail_1007648.html,EN,EN,PRIVATED,39.610472,140.622892,
WvTzQZFJR_wgoXuUE9l3d,https://www.tohokukanko.jp/en/attractions/detail_1007831.html,EN,EN,PRIVATED,37.7492337,139.8672742,
LnXXgxM9Wj-RA4xUWxV8j,https://www.tohokukanko.jp/en/attractions/detail_1007972.html,EN,EN,PRIVATED,0,0,
c8XtkR8x1JJHq5OHsvTKl,https://www.tohokukanko.jp/en/attractions/detail_1008432.html,EN,EN,PRIVATED,40.0379733,140.4590477,
GUmOvsRSNsvKZ4kMY8dLE,https://www.tohokukanko.jp/en/attractions/detail_1008719.html,EN,EN,PRIVATED,37.5111031,139.95465,
27Fg6cdv93zEbBmySlTmg,https://www.tohokukanko.jp/en/attractions/detail_1008958.html,EN,EN,PRIVATED,37.3864823,140.2810232,
N_WPg_4TOzPSJ6CoIXzn3,https://www.tohokukanko.jp/en/attractions/detail_1008986.html,EN,EN,PRIVATED,0,0,
jYO0hFrhq_f9VvEwrbAmb,https://www.tohokukanko.jp/en/attractions/detail_1009037.html,EN,EN,PRIVATED,37.8636438,140.6687291,
5qj6yohLT-YdzNRL4kC2A,https://www.tohokukanko.jp/en/attractions/detail_1009040.html,EN,EN,PRIVATED,37.8455711,140.6012896,
PwoRLp9YBvLg-KKUqCZDl,https://www.tohokukanko.jp/en/attractions/detail_1009639.html,EN,EN,PRIVATED,38.0663457,139.9790672,
_9S7XwoRoDHiX6IwEJBBt,https://www.tohokukanko.jp/en/attractions/detail_1009695.html,EN,EN,PRIVATED,38.11174197726821,140.03603083330444,
VsXYL85oe4ASOFt9bEfV4,https://www.tohokukanko.jp/en/attractions/detail_1010443.html,EN,EN,PRIVATED,0,0,
erXwUWlozP3sgGjouO7bm,https://www.tohokukanko.jp/en/attractions/detail_1010696.html,EN,EN,PRIVATED,38.892914,140.615477,
sFZh41VOVHUDKYFP_0Ch7,https://www.tohokukanko.jp/en/attractions/detail_1010744.html,EN,EN,PRIVATED,37.5025,139.9295601,
0miv6y5dNUahPvtudr0jU,https://www.tohokukanko.jp/en/attractions/detail_1010789.html,EN,EN,PRIVATED,38.0225125,139.4998541,
pYJ_sUCtHUxw56nRbgv7k,https://www.tohokukanko.jp/en/attractions/detail_1010800.html,EN,EN,PRIVATED,37.4969986,139.9321551,
5O5801n0KWrmzOwBbkAk-,https://www.tohokukanko.jp/en/attractions/detail_1010873.html,EN,EN,PRIVATED,37.4915286,139.9303137,
NcSopcnqoxXjRykwycaEN,https://www.tohokukanko.jp/en/attractions/detail_1010891.html,EN,EN,PRIVATED,37.4915286,139.9303137,
QjFL66homQFsisp5PgIp3,https://www.tohokukanko.jp/en/attractions/detail_1011127.html,EN,EN,PRIVATED,40.565949,140.2919897,
ZLD8W_IRtgUSITrjbfbG2,https://www.tohokukanko.jp/en/attractions/detail_1002088.html,EN,EN,PRIVATED,38.367052381124346,140.21552821534425,
3VmB4DyWjKsmEBlTJIw8c,https://www.tohokukanko.jp/en/attractions/detail_1003127.html,EN,EN,PRIVATED,38.78173240276136,140.3106493098755,
FMuB4opMry8YAz6yYnHy1,https://www.tohokukanko.jp/en/attractions/detail_1003210.html,EN,EN,PRIVATED,38.4124009,140.7770231,
IuwH3taoOl_O6b7LoSN2z,https://www.tohokukanko.jp/en/attractions/detail_1003702.html,EN,EN,PRIVATED,38.3054693,140.5554741,
jt3Z53RrgM6X11aGs5-nR,https://www.tohokukanko.jp/en/attractions/detail_1003747.html,EN,EN,PRIVATED,37.1266145,140.211014,
y-Mc2QRqTb_IpINsTPa5E,https://www.tohokukanko.jp/en/attractions/detail_1003939.html,EN,EN,PRIVATED,39.692768,141.1564559,
UdyRmVHC6t1cH6nh9okCn,https://www.tohokukanko.jp/en/attractions/detail_1003942.html,EN,EN,PRIVATED,0,0,
IQ6lYOlE5UfNGPs4w643q,https://www.tohokukanko.jp/en/attractions/detail_1004214.html,EN,EN,PRIVATED,39.14443139999999,141.1878284,
whiUbNIyUiePP2xa0yFmL,https://www.tohokukanko.jp/en/attractions/detail_1004414.html,EN,EN,PRIVATED,0,0,
bm0gQV8WiuwtAEAanV8TC,https://www.tohokukanko.jp/en/attractions/detail_1005314.html,EN,EN,PRIVATED,39.9204864,140.9782745,
XVFBQ-nO4He4pWCAbcRnS,https://www.tohokukanko.jp/en/attractions/detail_1005432.html,EN,EN,PRIVATED,38.39041253422747,140.77065467834473,
-EhqeXVxAFbV8QYKpH3cB,https://www.tohokukanko.jp/en/attractions/detail_1005810.html,EN,EN,PRIVATED,37.0931619,140.5299687,
bc3ctsLioWCVVvA6QlvdP,https://www.tohokukanko.jp/en/attractions/detail_1006057.html,EN,EN,PRIVATED,37.5926328,140.3260914,
1t_muRnL7k9r-g_RVGX9x,https://www.tohokukanko.jp/en/attractions/detail_1006148.html,EN,EN,PRIVATED,37.0332003,140.508491,
qMU7gf7A4Li0Id0TM3UkP,https://www.tohokukanko.jp/en/attractions/detail_1006168.html,EN,EN,PRIVATED,39.777671949699325,140.93725204467773,
VuQBy0zoepL93oTZ0JKDA,https://www.tohokukanko.jp/en/attractions/detail_1006355.html,EN,EN,PRIVATED,36.9182112,140.4188719,
QwhWgB21RK1SXaTio-sM2,https://www.tohokukanko.jp/en/attractions/detail_1006409.html,EN,EN,PRIVATED,38.1191751,140.7234294,
SD23SN0paa8Ib3eb9ScQf,https://www.tohokukanko.jp/en/attractions/detail_1006748.html,EN,EN,PRIVATED,40.20722545003196,140.00059824445802,
Agq9_HjYPni7cE4EsLP1i,https://www.tohokukanko.jp/en/attractions/detail_1006826.html,EN,EN,PRIVATED,0,0,
JGYEx543qZtnGuOI5z6R7,https://www.tohokukanko.jp/en/attractions/detail_1006911.html,EN,EN,PRIVATED,0,0,
UZZ5NcmM250XRr7WLR2mC,https://www.tohokukanko.jp/en/attractions/detail_1007408.html,EN,EN,PRIVATED,0,0,
4MBXfVUBVwI_iWU1NcRC1,https://www.tohokukanko.jp/en/attractions/detail_1007525.html,EN,EN,PRIVATED,40.12196093323821,140.0364589691162,
RqTe8y9L3xhdT_QYWTlFs,https://www.tohokukanko.jp/en/attractions/detail_1007529.html,EN,EN,PRIVATED,40.096425083539444,139.9770212173462,
Yw4pty4bvWgO7NIG2F8Hp,https://www.tohokukanko.jp/en/attractions/detail_1007980.html,EN,EN,PRIVATED,39.415834,141.126624,
l_0AdW8LSjtABr3Fdw39S,https://www.tohokukanko.jp/en/attractions/detail_1008646.html,EN,EN,PRIVATED,37.8839607,139.3059398,
6h0_tguInxtgmJsQFVaO5,https://www.tohokukanko.jp/en/attractions/detail_1008785.html,EN,EN,PRIVATED,37.65896123859067,140.60005271085384,
JzK_58M353PhYAL1sFTI2,https://www.tohokukanko.jp/en/attractions/detail_1010110.html,EN,EN,PRIVATED,37.6752951,138.9130256,
J1jjTG9o111FbkJ1-IK5h,https://www.tohokukanko.jp/en/attractions/detail_1010158.html,EN,EN,PRIVATED,39.3862166,141.1181663,
vepa9u6Z3NBZC5Q-StLDk,https://www.tohokukanko.jp/en/attractions/detail_1010270.html,EN,EN,PRIVATED,39.597572,140.5610178,
UQLZfMBolyNeGZ6mRgYFz,https://www.tohokukanko.jp/en/attractions/detail_1010502.html,EN,EN,PRIVATED,38.04413074887872,140.8674973590393,
QVUVuVGYod9nsEwF-HYqE,https://www.tohokukanko.jp/en/attractions/detail_1010689.html,EN,EN,PRIVATED,37.9154828,139.2209422,
urFb40x-Vti3vxrvlGjuh,https://www.tohokukanko.jp/en/attractions/detail_1010706.html,EN,EN,PRIVATED,37.4988956,139.9251349,
RVKpbI7Zz09XQl2kLkPoI,https://www.tohokukanko.jp/en/attractions/detail_1010821.html,EN,EN,PRIVATED,37.4881543,139.945125,
bmcEs9pg1BUJZOxY7Nrzp,https://www.tohokukanko.jp/en/attractions/detail_1010851.html,EN,EN,PRIVATED,37.4976633,139.9276754,
QNbTR5_T3Zfd-wgDw_uHk,https://www.tohokukanko.jp/en/attractions/detail_1010893.html,EN,EN,PRIVATED,37.6879841,140.0710165,
mp91-cJtNuF2DqmzYMcte,https://www.tohokukanko.jp/en/attractions/detail_1010917.html,EN,EN,PRIVATED,40.6357618,141.1513287,
3m7MgGBbwlFCRLWLUyAkp,https://www.tohokukanko.jp/en/attractions/detail_1002446.html,EN,EN,PRIVATED,0,0,
EhCCw9pVFJcIqpACPs7VK,https://www.tohokukanko.jp/en/attractions/detail_1003432.html,EN,EN,PRIVATED,37.18585634003117,139.5269411802292,
VzOQL5Hx8TMmlQhdbVlsD,https://www.tohokukanko.jp/en/attractions/detail_1004847.html,EN,EN,PRIVATED,37.291876890751546,140.3560495376587,
qpWCrM3gJXoehR_nxToxP,https://www.tohokukanko.jp/en/attractions/detail_1006159.html,EN,EN,PRIVATED,0,0,
R_UpXvGVqYhhVlUXR0mG-,https://www.tohokukanko.jp/en/attractions/detail_1006222.html,EN,EN,PRIVATED,37.53267810000001,139.7243932,
Fkm-NitQtAVL87V3jUT64,https://www.tohokukanko.jp/en/attractions/detail_1006264.html,EN,EN,PRIVATED,37.3571327,139.5786728,
5HpH-kAXJTQWHFaK4qwKT,https://www.tohokukanko.jp/en/attractions/detail_1006717.html,EN,EN,PRIVATED,40.1768152,140.0015146,
Xpw8rtiCbb8sR0C4TwTzX,https://www.tohokukanko.jp/en/attractions/detail_1007360.html,EN,EN,PRIVATED,39.743585,140.686776,
9_ZGN1_j0-6PorU5jK1Px,https://www.tohokukanko.jp/en/attractions/detail_1007476.html,EN,EN,PRIVATED,0,0,
swpqP2H6VAHPzg89zCEgE,https://www.tohokukanko.jp/en/attractions/detail_1007576.html,EN,EN,PRIVATED,39.815626,140.58397,
biE6RWVX3jL9ZV94Lx-Y1,https://www.tohokukanko.jp/en/attractions/detail_1008741.html,EN,EN,PRIVATED,37.4842652,139.9590589,
Fm0BjsW0YUAT3EQmSw8KD,https://www.tohokukanko.jp/en/attractions/detail_1009887.html,EN,EN,PRIVATED,0,0,
l0JwghQyS4ziPp02L1Irl,https://www.tohokukanko.jp/en/attractions/detail_1009919.html,EN,EN,PRIVATED,0,0,
5O59Mndjgi-eiBg5lWEDE,https://www.tohokukanko.jp/en/attractions/detail_1009973.html,EN,EN,PRIVATED,0,0,
fQG1fV_P2GW2-Vs6SEUjD,https://www.tohokukanko.jp/en/attractions/detail_1010710.html,EN,EN,PRIVATED,38.892914,140.615477,
lOABbxJBY-pomlYN9mXFq,https://www.tohokukanko.jp/en/attractions/detail_1010867.html,EN,EN,PRIVATED,37.6840699,140.0747164,
azEIohrtml6_BUNSEafPg,https://www.tohokukanko.jp/en/attractions/detail_1005009.html,EN,EN,PRIVATED,0,0,
I82QAG5RIcchfyp1bl7Ju,https://www.tohokukanko.jp/en/attractions/detail_1007514.html,EN,EN,PRIVATED,0,0,
jSB8uPzWYrOgmp2Rdkuov,https://www.tohokukanko.jp/en/attractions/detail_1010074.html,EN,EN,PRIVATED,39.2995724,141.340712,
vmfe-EXwkG8t-4ku1F4y0,https://www.tohokukanko.jp/en/attractions/detail_1010360.html,EN,EN,PRIVATED,0,0,
4XKv9szxgh9QrMiqkL2C4,https://www.tohokukanko.jp/en/attractions/detail_1010378.html,EN,EN,PRIVATED,0,0,
Ptc0yDc5CxNjXYQF9GKhn,https://www.tohokukanko.jp/en/attractions/detail_1010554.html,EN,EN,PRIVATED,37.7523787,140.304965,
oxL7AgUSvh_PrOFVJxbrZ,https://www.tohokukanko.jp/en/attractions/detail_1010742.html,EN,EN,PRIVATED,38.892914,140.615477,
ROK3c3mOiadDE83-x4_MY,https://www.tohokukanko.jp/en/attractions/detail_1010766.html,EN,EN,PRIVATED,0,0,
xZtG-l04L4x1FlfXS_92_,https://www.tohokukanko.jp/en/attractions/detail_1010921.html,EN,EN,PRIVATED,40.6134111,141.2149617,
zjtDtc3CK3ky6MuEqpfb9,https://www.tohokukanko.jp/en/attractions/detail_1007665.html,EN,EN,PRIVATED,0,0,
ameMEjWBLtlysjziCwS0u,https://www.tohokukanko.jp/en/attractions/detail_1011640.html,EN,EN,PRIVATED,0,0,