content_id,content_category_id
hsPXinmxaikJIzs9zMXSZ,F72UQSSv5qnV6dGq2o8t-
hsPXinmxaikJIzs9zMXSZ,ncFeNw-5M4iGoDD-A8hBH
hsPXinmxaikJIzs9zMXSZ,Uzldz52slOyT_7tD9MSW3
hsPXinmxaikJIzs9zMXSZ,phlunt5HJ3fBcZXrezlHN
b8_sBVW0wNzD-37zEqGKU,ncFeNw-5M4iGoDD-A8hBH
b8_sBVW0wNzD-37zEqGKU,-Q1NyL2hihfCdselYbnjo
b8_sBVW0wNzD-37zEqGKU,iW3M5z9QsfI5jnVSJjr5j
pyQBrd0mM3u01nzXCDlzw,PFEwpbxaA9UrKET8fDnAt
pyQBrd0mM3u01nzXCDlzw,n0OLj1cQnnbM3n-2eOzCj
pyQBrd0mM3u01nzXCDlzw,phlunt5HJ3fBcZXrezlHN
gvhk6UwaVJnUfCF4RD8-d,F72UQSSv5qnV6dGq2o8t-
gvhk6UwaVJnUfCF4RD8-d,iW3M5z9QsfI5jnVSJjr5j
gvhk6UwaVJnUfCF4RD8-d,phlunt5HJ3fBcZXrezlHN
JnovVPpxlJykUTWsI6CA_,F72UQSSv5qnV6dGq2o8t-
JnovVPpxlJykUTWsI6CA_,PFEwpbxaA9UrKET8fDnAt
JnovVPpxlJykUTWsI6CA_,n0OLj1cQnnbM3n-2eOzCj
JnovVPpxlJykUTWsI6CA_,mE5Zf1AWhRKDQNHC_NsmV
XinELfZ32RUC82T6fsQps,F72UQSSv5qnV6dGq2o8t-
XinELfZ32RUC82T6fsQps,n0OLj1cQnnbM3n-2eOzCj
XinELfZ32RUC82T6fsQps,mE5Zf1AWhRKDQNHC_NsmV
XinELfZ32RUC82T6fsQps,L34snMa-YMz_jT9erQqe2
XinELfZ32RUC82T6fsQps,phlunt5HJ3fBcZXrezlHN
rtd5Jt_tSeqKGu22B7u-H,F72UQSSv5qnV6dGq2o8t-
rtd5Jt_tSeqKGu22B7u-H,iW3M5z9QsfI5jnVSJjr5j
rtd5Jt_tSeqKGu22B7u-H,L34snMa-YMz_jT9erQqe2
a4SeFlU-Nn8Cr3z8uK-WT,F72UQSSv5qnV6dGq2o8t-
a4SeFlU-Nn8Cr3z8uK-WT,L34snMa-YMz_jT9erQqe2
a4SeFlU-Nn8Cr3z8uK-WT,2bdRQFIcZXrYbhxeWeffc
a4SeFlU-Nn8Cr3z8uK-WT,iW3M5z9QsfI5jnVSJjr5j
OwoxCPldY8fRbHJcQAWH1,ncFeNw-5M4iGoDD-A8hBH
OwoxCPldY8fRbHJcQAWH1,F72UQSSv5qnV6dGq2o8t-
OwoxCPldY8fRbHJcQAWH1,phlunt5HJ3fBcZXrezlHN
OwoxCPldY8fRbHJcQAWH1,-Q1NyL2hihfCdselYbnjo
T7J21XKscujSBqS0BXQGv,F72UQSSv5qnV6dGq2o8t-
T7J21XKscujSBqS0BXQGv,iW3M5z9QsfI5jnVSJjr5j
T7J21XKscujSBqS0BXQGv,PFEwpbxaA9UrKET8fDnAt
T7J21XKscujSBqS0BXQGv,phlunt5HJ3fBcZXrezlHN
Q50KwAVVbnGEuSgeFQIqW,F72UQSSv5qnV6dGq2o8t-
Q50KwAVVbnGEuSgeFQIqW,n0OLj1cQnnbM3n-2eOzCj
Q50KwAVVbnGEuSgeFQIqW,mE5Zf1AWhRKDQNHC_NsmV
Q50KwAVVbnGEuSgeFQIqW,Uzldz52slOyT_7tD9MSW3
Q50KwAVVbnGEuSgeFQIqW,L34snMa-YMz_jT9erQqe2
Q50KwAVVbnGEuSgeFQIqW,2bdRQFIcZXrYbhxeWeffc
f-HUahOhc9zFE1WCh4AlW,PFEwpbxaA9UrKET8fDnAt
f-HUahOhc9zFE1WCh4AlW,F72UQSSv5qnV6dGq2o8t-
IoTd6X0nqpz8zzl-dWv_M,L34snMa-YMz_jT9erQqe2
IoTd6X0nqpz8zzl-dWv_M,iW3M5z9QsfI5jnVSJjr5j
IoTd6X0nqpz8zzl-dWv_M,phlunt5HJ3fBcZXrezlHN
DDKBjnMBTgXdrBGfx4Pzv,F72UQSSv5qnV6dGq2o8t-
DDKBjnMBTgXdrBGfx4Pzv,PFEwpbxaA9UrKET8fDnAt
OIRLPw8c_2KP5j5qXF8ho,ncFeNw-5M4iGoDD-A8hBH
OIRLPw8c_2KP5j5qXF8ho,iW3M5z9QsfI5jnVSJjr5j
OIRLPw8c_2KP5j5qXF8ho,F72UQSSv5qnV6dGq2o8t-
5Qh5hVGFk9HTWGktL7f7n,F72UQSSv5qnV6dGq2o8t-
5Qh5hVGFk9HTWGktL7f7n,iW3M5z9QsfI5jnVSJjr5j
5Qh5hVGFk9HTWGktL7f7n,ncFeNw-5M4iGoDD-A8hBH
5Qh5hVGFk9HTWGktL7f7n,phlunt5HJ3fBcZXrezlHN
f44w-UzL5qTCQqtEYQ1Zx,F72UQSSv5qnV6dGq2o8t-
f44w-UzL5qTCQqtEYQ1Zx,phlunt5HJ3fBcZXrezlHN
f44w-UzL5qTCQqtEYQ1Zx,iW3M5z9QsfI5jnVSJjr5j
o_QAGuxVKg_qLMMvRb1be,F72UQSSv5qnV6dGq2o8t-
o_QAGuxVKg_qLMMvRb1be,n0OLj1cQnnbM3n-2eOzCj
o_QAGuxVKg_qLMMvRb1be,2bdRQFIcZXrYbhxeWeffc
o_QAGuxVKg_qLMMvRb1be,PFEwpbxaA9UrKET8fDnAt
_SDJQH63ThGEebAp_zwgD,L34snMa-YMz_jT9erQqe2
_SDJQH63ThGEebAp_zwgD,iW3M5z9QsfI5jnVSJjr5j
_SDJQH63ThGEebAp_zwgD,ncFeNw-5M4iGoDD-A8hBH
_SDJQH63ThGEebAp_zwgD,phlunt5HJ3fBcZXrezlHN
dqf_4l-FDD8qylZTkad-l,F72UQSSv5qnV6dGq2o8t-
dqf_4l-FDD8qylZTkad-l,KcVqSqCqpBoUqNfNlAkE7
dqf_4l-FDD8qylZTkad-l,n0OLj1cQnnbM3n-2eOzCj
dqf_4l-FDD8qylZTkad-l,mE5Zf1AWhRKDQNHC_NsmV
dqf_4l-FDD8qylZTkad-l,L34snMa-YMz_jT9erQqe2
dqf_4l-FDD8qylZTkad-l,PFEwpbxaA9UrKET8fDnAt
dqf_4l-FDD8qylZTkad-l,iW3M5z9QsfI5jnVSJjr5j
6IklOW19yoqV7iLvnCqi9,F72UQSSv5qnV6dGq2o8t-
6IklOW19yoqV7iLvnCqi9,n0OLj1cQnnbM3n-2eOzCj
6IklOW19yoqV7iLvnCqi9,2bdRQFIcZXrYbhxeWeffc
6IklOW19yoqV7iLvnCqi9,PFEwpbxaA9UrKET8fDnAt
IPdkqkscgJwOUpTTqjSx8,F72UQSSv5qnV6dGq2o8t-
IPdkqkscgJwOUpTTqjSx8,phlunt5HJ3fBcZXrezlHN
PYynM-NN_DEXz_i11jxST,F72UQSSv5qnV6dGq2o8t-
PYynM-NN_DEXz_i11jxST,n0OLj1cQnnbM3n-2eOzCj
PYynM-NN_DEXz_i11jxST,phlunt5HJ3fBcZXrezlHN
PYynM-NN_DEXz_i11jxST,PFEwpbxaA9UrKET8fDnAt
PYynM-NN_DEXz_i11jxST,Uzldz52slOyT_7tD9MSW3
tDxbOvvtKGGi9ZHA04mpD,F72UQSSv5qnV6dGq2o8t-
tDxbOvvtKGGi9ZHA04mpD,L34snMa-YMz_jT9erQqe2
tDxbOvvtKGGi9ZHA04mpD,iW3M5z9QsfI5jnVSJjr5j
tDxbOvvtKGGi9ZHA04mpD,phlunt5HJ3fBcZXrezlHN
DHqwV6W73hqCAMsMNgizx,F72UQSSv5qnV6dGq2o8t-
DHqwV6W73hqCAMsMNgizx,n0OLj1cQnnbM3n-2eOzCj
DHqwV6W73hqCAMsMNgizx,2bdRQFIcZXrYbhxeWeffc
DHqwV6W73hqCAMsMNgizx,L34snMa-YMz_jT9erQqe2
eeLcZZ06ONiF0J9nV8Pry,F72UQSSv5qnV6dGq2o8t-
eeLcZZ06ONiF0J9nV8Pry,KcVqSqCqpBoUqNfNlAkE7
eeLcZZ06ONiF0J9nV8Pry,mE5Zf1AWhRKDQNHC_NsmV
eeLcZZ06ONiF0J9nV8Pry,L34snMa-YMz_jT9erQqe2
eeLcZZ06ONiF0J9nV8Pry,n0OLj1cQnnbM3n-2eOzCj
eeLcZZ06ONiF0J9nV8Pry,PFEwpbxaA9UrKET8fDnAt
ORVmqRHEekTJ6hrZrwb9M,F72UQSSv5qnV6dGq2o8t-
ORVmqRHEekTJ6hrZrwb9M,ncFeNw-5M4iGoDD-A8hBH
ORVmqRHEekTJ6hrZrwb9M,L34snMa-YMz_jT9erQqe2
ORVmqRHEekTJ6hrZrwb9M,phlunt5HJ3fBcZXrezlHN
ORVmqRHEekTJ6hrZrwb9M,PFEwpbxaA9UrKET8fDnAt
WAVhPMiQhhj93iVQsiPRo,F72UQSSv5qnV6dGq2o8t-
WAVhPMiQhhj93iVQsiPRo,iW3M5z9QsfI5jnVSJjr5j
WAVhPMiQhhj93iVQsiPRo,phlunt5HJ3fBcZXrezlHN
WAVhPMiQhhj93iVQsiPRo,-5F1wQ50bue4PA2khE3sM
_pDKyJBHrftq3VZGEeFow,F72UQSSv5qnV6dGq2o8t-
_pDKyJBHrftq3VZGEeFow,ncFeNw-5M4iGoDD-A8hBH
_pDKyJBHrftq3VZGEeFow,iW3M5z9QsfI5jnVSJjr5j
_pDKyJBHrftq3VZGEeFow,phlunt5HJ3fBcZXrezlHN
oTevqM5aoA3aZhKCpKzxR,l9bkiReXBvPDuJX6TdvDu
oTevqM5aoA3aZhKCpKzxR,phlunt5HJ3fBcZXrezlHN
-pwNJNULMa6G3aLRyZb1d,F72UQSSv5qnV6dGq2o8t-
-pwNJNULMa6G3aLRyZb1d,n0OLj1cQnnbM3n-2eOzCj
-pwNJNULMa6G3aLRyZb1d,mE5Zf1AWhRKDQNHC_NsmV
-pwNJNULMa6G3aLRyZb1d,L34snMa-YMz_jT9erQqe2
-pwNJNULMa6G3aLRyZb1d,2bdRQFIcZXrYbhxeWeffc
-pwNJNULMa6G3aLRyZb1d,Uzldz52slOyT_7tD9MSW3
Foka_ce8ydX2eFhy4Z4Jn,F72UQSSv5qnV6dGq2o8t-
Foka_ce8ydX2eFhy4Z4Jn,Uzldz52slOyT_7tD9MSW3
Foka_ce8ydX2eFhy4Z4Jn,L34snMa-YMz_jT9erQqe2
Foka_ce8ydX2eFhy4Z4Jn,hbMworHLCdna9k7lGwgWG
Z62PLICmbRo99qPaV-mKL,F72UQSSv5qnV6dGq2o8t-
Z62PLICmbRo99qPaV-mKL,PFEwpbxaA9UrKET8fDnAt
Z62PLICmbRo99qPaV-mKL,n0OLj1cQnnbM3n-2eOzCj
Z62PLICmbRo99qPaV-mKL,mE5Zf1AWhRKDQNHC_NsmV
UgJ6qn3Yc95AcMj4gL8Z3,F72UQSSv5qnV6dGq2o8t-
UgJ6qn3Yc95AcMj4gL8Z3,L34snMa-YMz_jT9erQqe2
UgJ6qn3Yc95AcMj4gL8Z3,iW3M5z9QsfI5jnVSJjr5j
88VJrWodfmnvs2l1ZJF5n,F72UQSSv5qnV6dGq2o8t-
88VJrWodfmnvs2l1ZJF5n,iW3M5z9QsfI5jnVSJjr5j
88VJrWodfmnvs2l1ZJF5n,-5F1wQ50bue4PA2khE3sM
WSdUNPknTftrRMvy-NMB8,F72UQSSv5qnV6dGq2o8t-
WSdUNPknTftrRMvy-NMB8,L34snMa-YMz_jT9erQqe2
WSdUNPknTftrRMvy-NMB8,iW3M5z9QsfI5jnVSJjr5j
WSdUNPknTftrRMvy-NMB8,2bdRQFIcZXrYbhxeWeffc
WSdUNPknTftrRMvy-NMB8,Uzldz52slOyT_7tD9MSW3
O2RVHyQzII9S8Fd7rUrEw,F72UQSSv5qnV6dGq2o8t-
O2RVHyQzII9S8Fd7rUrEw,KcVqSqCqpBoUqNfNlAkE7
O2RVHyQzII9S8Fd7rUrEw,n0OLj1cQnnbM3n-2eOzCj
O2RVHyQzII9S8Fd7rUrEw,mE5Zf1AWhRKDQNHC_NsmV
O2RVHyQzII9S8Fd7rUrEw,L34snMa-YMz_jT9erQqe2
O2RVHyQzII9S8Fd7rUrEw,PFEwpbxaA9UrKET8fDnAt
9A1W1GTLRxj91_QGZXQkW,F72UQSSv5qnV6dGq2o8t-
9A1W1GTLRxj91_QGZXQkW,phlunt5HJ3fBcZXrezlHN
9A1W1GTLRxj91_QGZXQkW,hbMworHLCdna9k7lGwgWG
Dhj6bBnsbEaFFQABWSD-4,F72UQSSv5qnV6dGq2o8t-
Dhj6bBnsbEaFFQABWSD-4,Uzldz52slOyT_7tD9MSW3
vC9o42BWkn3vu6BS3miXi,F72UQSSv5qnV6dGq2o8t-
vC9o42BWkn3vu6BS3miXi,phlunt5HJ3fBcZXrezlHN
vC9o42BWkn3vu6BS3miXi,ncFeNw-5M4iGoDD-A8hBH
-gYiQMa1SOw1Sz9U8aVeF,F72UQSSv5qnV6dGq2o8t-
-gYiQMa1SOw1Sz9U8aVeF,Uzldz52slOyT_7tD9MSW3
-gYiQMa1SOw1Sz9U8aVeF,phlunt5HJ3fBcZXrezlHN
1JAAhyoKy2yaZIrNXMY5S,Uzldz52slOyT_7tD9MSW3
1JAAhyoKy2yaZIrNXMY5S,phlunt5HJ3fBcZXrezlHN
ILXUfkEUsrUE-ks1TQ1hd,F72UQSSv5qnV6dGq2o8t-
ILXUfkEUsrUE-ks1TQ1hd,PFEwpbxaA9UrKET8fDnAt
ILXUfkEUsrUE-ks1TQ1hd,tqy6nsKbGDANBHHt7CQaG
RzLigzS_Owhi5Xe7zg-uQ,F72UQSSv5qnV6dGq2o8t-
RzLigzS_Owhi5Xe7zg-uQ,ncFeNw-5M4iGoDD-A8hBH
RzLigzS_Owhi5Xe7zg-uQ,iW3M5z9QsfI5jnVSJjr5j
RzLigzS_Owhi5Xe7zg-uQ,L34snMa-YMz_jT9erQqe2
NBu359kNNa2robq3V8_sX,ncFeNw-5M4iGoDD-A8hBH
NBu359kNNa2robq3V8_sX,F72UQSSv5qnV6dGq2o8t-
NBu359kNNa2robq3V8_sX,-Q1NyL2hihfCdselYbnjo
NBu359kNNa2robq3V8_sX,L34snMa-YMz_jT9erQqe2
xz7MUagSVPUtj0-LN4ge6,F72UQSSv5qnV6dGq2o8t-
xz7MUagSVPUtj0-LN4ge6,mE5Zf1AWhRKDQNHC_NsmV
qexAVsN2nuYEhUKaZ2VjE,L34snMa-YMz_jT9erQqe2
qexAVsN2nuYEhUKaZ2VjE,phlunt5HJ3fBcZXrezlHN
lj169rctlVbkrh9JwLUt2,F72UQSSv5qnV6dGq2o8t-
lj169rctlVbkrh9JwLUt2,n0OLj1cQnnbM3n-2eOzCj
lj169rctlVbkrh9JwLUt2,phlunt5HJ3fBcZXrezlHN
y7dEnRGfP3OuTErHPCymm,F72UQSSv5qnV6dGq2o8t-
y7dEnRGfP3OuTErHPCymm,KcVqSqCqpBoUqNfNlAkE7
y7dEnRGfP3OuTErHPCymm,mE5Zf1AWhRKDQNHC_NsmV
y7dEnRGfP3OuTErHPCymm,L34snMa-YMz_jT9erQqe2
oqSbHuPHSArjWTaniy5W3,F72UQSSv5qnV6dGq2o8t-
oqSbHuPHSArjWTaniy5W3,L34snMa-YMz_jT9erQqe2
oqSbHuPHSArjWTaniy5W3,iW3M5z9QsfI5jnVSJjr5j
RSgwcjQPSJP0C3yhupkfc,F72UQSSv5qnV6dGq2o8t-
RSgwcjQPSJP0C3yhupkfc,n0OLj1cQnnbM3n-2eOzCj
RSgwcjQPSJP0C3yhupkfc,2bdRQFIcZXrYbhxeWeffc
A2NJ-lK-9pZ30GdPPyfb_,F72UQSSv5qnV6dGq2o8t-
A2NJ-lK-9pZ30GdPPyfb_,KcVqSqCqpBoUqNfNlAkE7
A2NJ-lK-9pZ30GdPPyfb_,L34snMa-YMz_jT9erQqe2
A2NJ-lK-9pZ30GdPPyfb_,PFEwpbxaA9UrKET8fDnAt
A2NJ-lK-9pZ30GdPPyfb_,iW3M5z9QsfI5jnVSJjr5j
_wEh7ZR9oq7PDABfxgT5h,F72UQSSv5qnV6dGq2o8t-
_wEh7ZR9oq7PDABfxgT5h,n0OLj1cQnnbM3n-2eOzCj
_wEh7ZR9oq7PDABfxgT5h,iW3M5z9QsfI5jnVSJjr5j
_wEh7ZR9oq7PDABfxgT5h,phlunt5HJ3fBcZXrezlHN
_wEh7ZR9oq7PDABfxgT5h,PFEwpbxaA9UrKET8fDnAt
_wEh7ZR9oq7PDABfxgT5h,Uzldz52slOyT_7tD9MSW3
lp5hRsU3hmnNbWECdD4U0,F72UQSSv5qnV6dGq2o8t-
lp5hRsU3hmnNbWECdD4U0,L34snMa-YMz_jT9erQqe2
lp5hRsU3hmnNbWECdD4U0,iW3M5z9QsfI5jnVSJjr5j
lp5hRsU3hmnNbWECdD4U0,ncFeNw-5M4iGoDD-A8hBH
k38FJu9Y2MVZCj_cIR3RE,iW3M5z9QsfI5jnVSJjr5j
k38FJu9Y2MVZCj_cIR3RE,phlunt5HJ3fBcZXrezlHN
k38FJu9Y2MVZCj_cIR3RE,L34snMa-YMz_jT9erQqe2
jL459ritx-dHyjlDUEUHa,F72UQSSv5qnV6dGq2o8t-
jL459ritx-dHyjlDUEUHa,phlunt5HJ3fBcZXrezlHN
EovBnlXUcM2O71drK61K_,F72UQSSv5qnV6dGq2o8t-
EovBnlXUcM2O71drK61K_,iW3M5z9QsfI5jnVSJjr5j
EovBnlXUcM2O71drK61K_,-5F1wQ50bue4PA2khE3sM
EovBnlXUcM2O71drK61K_,ncFeNw-5M4iGoDD-A8hBH
5VEjlC3tKwitma0p2EdLt,iW3M5z9QsfI5jnVSJjr5j
5VEjlC3tKwitma0p2EdLt,phlunt5HJ3fBcZXrezlHN
5VEjlC3tKwitma0p2EdLt,PFEwpbxaA9UrKET8fDnAt
qizCxE-SFQQxGFfS1-RKH,F72UQSSv5qnV6dGq2o8t-
qizCxE-SFQQxGFfS1-RKH,iW3M5z9QsfI5jnVSJjr5j
qizCxE-SFQQxGFfS1-RKH,L34snMa-YMz_jT9erQqe2
qizCxE-SFQQxGFfS1-RKH,ncFeNw-5M4iGoDD-A8hBH
qizCxE-SFQQxGFfS1-RKH,phlunt5HJ3fBcZXrezlHN
FIWYpL964vnOUgoUG3wnr,L34snMa-YMz_jT9erQqe2
FIWYpL964vnOUgoUG3wnr,iW3M5z9QsfI5jnVSJjr5j
JtDsGHYQalhD8_Vdpqk8O,F72UQSSv5qnV6dGq2o8t-
JtDsGHYQalhD8_Vdpqk8O,L34snMa-YMz_jT9erQqe2
JtDsGHYQalhD8_Vdpqk8O,iW3M5z9QsfI5jnVSJjr5j
Ko8_qnrUI0c1VgrzMFymr,L34snMa-YMz_jT9erQqe2
Ko8_qnrUI0c1VgrzMFymr,iW3M5z9QsfI5jnVSJjr5j
Ko8_qnrUI0c1VgrzMFymr,F72UQSSv5qnV6dGq2o8t-
b0UdJnytFcJtxbBULZN8J,PFEwpbxaA9UrKET8fDnAt
b0UdJnytFcJtxbBULZN8J,n0OLj1cQnnbM3n-2eOzCj
b0UdJnytFcJtxbBULZN8J,phlunt5HJ3fBcZXrezlHN
ymGMw7bYLQPyvR7ZnQ5ww,ncFeNw-5M4iGoDD-A8hBH
ymGMw7bYLQPyvR7ZnQ5ww,phlunt5HJ3fBcZXrezlHN
ymGMw7bYLQPyvR7ZnQ5ww,-Q1NyL2hihfCdselYbnjo
vhQEY2QAGuxyhxUP1Pmcg,n0OLj1cQnnbM3n-2eOzCj
vhQEY2QAGuxyhxUP1Pmcg,mE5Zf1AWhRKDQNHC_NsmV
vhQEY2QAGuxyhxUP1Pmcg,F72UQSSv5qnV6dGq2o8t-
qJbXCZRW48d8EqmlDk4Dr,F72UQSSv5qnV6dGq2o8t-
qJbXCZRW48d8EqmlDk4Dr,n0OLj1cQnnbM3n-2eOzCj
qJbXCZRW48d8EqmlDk4Dr,2bdRQFIcZXrYbhxeWeffc
qJbXCZRW48d8EqmlDk4Dr,ncFeNw-5M4iGoDD-A8hBH
qJbXCZRW48d8EqmlDk4Dr,PFEwpbxaA9UrKET8fDnAt
qJbXCZRW48d8EqmlDk4Dr,-Q1NyL2hihfCdselYbnjo
NBnNO3xRo52EXQ0J_X6Ll,n0OLj1cQnnbM3n-2eOzCj
NBnNO3xRo52EXQ0J_X6Ll,mE5Zf1AWhRKDQNHC_NsmV
NBnNO3xRo52EXQ0J_X6Ll,F72UQSSv5qnV6dGq2o8t-
syi85epxxSvqfe46PNX03,F72UQSSv5qnV6dGq2o8t-
syi85epxxSvqfe46PNX03,iW3M5z9QsfI5jnVSJjr5j
syi85epxxSvqfe46PNX03,phlunt5HJ3fBcZXrezlHN
syi85epxxSvqfe46PNX03,Uzldz52slOyT_7tD9MSW3
mlosRuLghWfgjokybMiHN,F72UQSSv5qnV6dGq2o8t-
mlosRuLghWfgjokybMiHN,n0OLj1cQnnbM3n-2eOzCj
mlosRuLghWfgjokybMiHN,mE5Zf1AWhRKDQNHC_NsmV
mlosRuLghWfgjokybMiHN,2bdRQFIcZXrYbhxeWeffc
mlosRuLghWfgjokybMiHN,L34snMa-YMz_jT9erQqe2
oaAZ_sNXWUpXxVwBVBx7L,F72UQSSv5qnV6dGq2o8t-
oaAZ_sNXWUpXxVwBVBx7L,ncFeNw-5M4iGoDD-A8hBH
oaAZ_sNXWUpXxVwBVBx7L,iW3M5z9QsfI5jnVSJjr5j
oaAZ_sNXWUpXxVwBVBx7L,phlunt5HJ3fBcZXrezlHN
oaAZ_sNXWUpXxVwBVBx7L,Uzldz52slOyT_7tD9MSW3
qQrKfP9BEJ0cMe-R8K3uJ,F72UQSSv5qnV6dGq2o8t-
qQrKfP9BEJ0cMe-R8K3uJ,PFEwpbxaA9UrKET8fDnAt
qQrKfP9BEJ0cMe-R8K3uJ,-Q1NyL2hihfCdselYbnjo
VXJYjrB0rrK6swOJSnZ4-,F72UQSSv5qnV6dGq2o8t-
VXJYjrB0rrK6swOJSnZ4-,L34snMa-YMz_jT9erQqe2
VXJYjrB0rrK6swOJSnZ4-,iW3M5z9QsfI5jnVSJjr5j
VXJYjrB0rrK6swOJSnZ4-,phlunt5HJ3fBcZXrezlHN
VQ_UfDpmtBqxDRPdYPXKj,n0OLj1cQnnbM3n-2eOzCj
VQ_UfDpmtBqxDRPdYPXKj,mE5Zf1AWhRKDQNHC_NsmV
VQ_UfDpmtBqxDRPdYPXKj,2bdRQFIcZXrYbhxeWeffc
VQ_UfDpmtBqxDRPdYPXKj,L34snMa-YMz_jT9erQqe2
VQ_UfDpmtBqxDRPdYPXKj,phlunt5HJ3fBcZXrezlHN
VQ_UfDpmtBqxDRPdYPXKj,PFEwpbxaA9UrKET8fDnAt
L7k2lsdxUtWXCZCrMOm-t,mE5Zf1AWhRKDQNHC_NsmV
L7k2lsdxUtWXCZCrMOm-t,n0OLj1cQnnbM3n-2eOzCj
L7k2lsdxUtWXCZCrMOm-t,F72UQSSv5qnV6dGq2o8t-
XZLZb1ycXWsq4biMmgXJ8,n0OLj1cQnnbM3n-2eOzCj
XZLZb1ycXWsq4biMmgXJ8,2bdRQFIcZXrYbhxeWeffc
XZLZb1ycXWsq4biMmgXJ8,mE5Zf1AWhRKDQNHC_NsmV
XZLZb1ycXWsq4biMmgXJ8,F72UQSSv5qnV6dGq2o8t-
78iK296HlFIEHuN-D8zPo,F72UQSSv5qnV6dGq2o8t-
78iK296HlFIEHuN-D8zPo,Uzldz52slOyT_7tD9MSW3
78iK296HlFIEHuN-D8zPo,phlunt5HJ3fBcZXrezlHN
VDUvjrXRTTqya9-HvajB-,PFEwpbxaA9UrKET8fDnAt
VDUvjrXRTTqya9-HvajB-,Uzldz52slOyT_7tD9MSW3
VDUvjrXRTTqya9-HvajB-,phlunt5HJ3fBcZXrezlHN
lvPyYRqGx6n_XAQ_UWj80,ncFeNw-5M4iGoDD-A8hBH
lvPyYRqGx6n_XAQ_UWj80,iW3M5z9QsfI5jnVSJjr5j
lvPyYRqGx6n_XAQ_UWj80,phlunt5HJ3fBcZXrezlHN
lvPyYRqGx6n_XAQ_UWj80,-Q1NyL2hihfCdselYbnjo
TmGRW1BrXn6S1ovjTfjnm,F72UQSSv5qnV6dGq2o8t-
TmGRW1BrXn6S1ovjTfjnm,ncFeNw-5M4iGoDD-A8hBH
TmGRW1BrXn6S1ovjTfjnm,iW3M5z9QsfI5jnVSJjr5j
TmGRW1BrXn6S1ovjTfjnm,-Q1NyL2hihfCdselYbnjo
MrJsk11EO9tm2BWBd1vuT,2bdRQFIcZXrYbhxeWeffc
MrJsk11EO9tm2BWBd1vuT,L34snMa-YMz_jT9erQqe2
MrJsk11EO9tm2BWBd1vuT,n0OLj1cQnnbM3n-2eOzCj
uXnVxzzhKSJdOoCWPB9bI,F72UQSSv5qnV6dGq2o8t-
uXnVxzzhKSJdOoCWPB9bI,L34snMa-YMz_jT9erQqe2
uXnVxzzhKSJdOoCWPB9bI,iW3M5z9QsfI5jnVSJjr5j
pxvED-EqJ0ktPHLxIhCGG,PFEwpbxaA9UrKET8fDnAt
pxvED-EqJ0ktPHLxIhCGG,n0OLj1cQnnbM3n-2eOzCj
pxvED-EqJ0ktPHLxIhCGG,Uzldz52slOyT_7tD9MSW3
txQCJFglAsH2S1gcnJnwE,F72UQSSv5qnV6dGq2o8t-
txQCJFglAsH2S1gcnJnwE,Uzldz52slOyT_7tD9MSW3
txQCJFglAsH2S1gcnJnwE,phlunt5HJ3fBcZXrezlHN
s3Js9RCQjfJEvF6Wgjjn6,F72UQSSv5qnV6dGq2o8t-
s3Js9RCQjfJEvF6Wgjjn6,PFEwpbxaA9UrKET8fDnAt
s3Js9RCQjfJEvF6Wgjjn6,iW3M5z9QsfI5jnVSJjr5j
nfKLKoXZNmrrDkUspbT7U,F72UQSSv5qnV6dGq2o8t-
nfKLKoXZNmrrDkUspbT7U,L34snMa-YMz_jT9erQqe2
nfKLKoXZNmrrDkUspbT7U,iW3M5z9QsfI5jnVSJjr5j
nfKLKoXZNmrrDkUspbT7U,PFEwpbxaA9UrKET8fDnAt
5B6i8gmZFUR9BVmMWu6mk,F72UQSSv5qnV6dGq2o8t-
5B6i8gmZFUR9BVmMWu6mk,2bdRQFIcZXrYbhxeWeffc
5B6i8gmZFUR9BVmMWu6mk,PFEwpbxaA9UrKET8fDnAt
5B6i8gmZFUR9BVmMWu6mk,Uzldz52slOyT_7tD9MSW3
Ovys1T-zqPglk__71TpXO,F72UQSSv5qnV6dGq2o8t-
Ovys1T-zqPglk__71TpXO,iW3M5z9QsfI5jnVSJjr5j
Ovys1T-zqPglk__71TpXO,ncFeNw-5M4iGoDD-A8hBH
N8IDhtxQE12BxHzqicjHF,L34snMa-YMz_jT9erQqe2
N8IDhtxQE12BxHzqicjHF,iW3M5z9QsfI5jnVSJjr5j
N8IDhtxQE12BxHzqicjHF,phlunt5HJ3fBcZXrezlHN
WnHNa-sXk0S33VSpMC1u4,ncFeNw-5M4iGoDD-A8hBH
WnHNa-sXk0S33VSpMC1u4,iW3M5z9QsfI5jnVSJjr5j
WnHNa-sXk0S33VSpMC1u4,phlunt5HJ3fBcZXrezlHN
WnHNa-sXk0S33VSpMC1u4,Uzldz52slOyT_7tD9MSW3
eCExxVxKnjKCr0e_AwMDY,F72UQSSv5qnV6dGq2o8t-
eCExxVxKnjKCr0e_AwMDY,iW3M5z9QsfI5jnVSJjr5j
eCExxVxKnjKCr0e_AwMDY,ncFeNw-5M4iGoDD-A8hBH
ho60E0F8zr48z-uq2rKI4,F72UQSSv5qnV6dGq2o8t-
ho60E0F8zr48z-uq2rKI4,L34snMa-YMz_jT9erQqe2
ho60E0F8zr48z-uq2rKI4,iW3M5z9QsfI5jnVSJjr5j
ho60E0F8zr48z-uq2rKI4,l9bkiReXBvPDuJX6TdvDu
JwZgvjAaGf7-goRF9zTYz,ncFeNw-5M4iGoDD-A8hBH
JwZgvjAaGf7-goRF9zTYz,iW3M5z9QsfI5jnVSJjr5j
JwZgvjAaGf7-goRF9zTYz,Uzldz52slOyT_7tD9MSW3
JwZgvjAaGf7-goRF9zTYz,phlunt5HJ3fBcZXrezlHN
Uah87HCehb55B87ihh3EX,F72UQSSv5qnV6dGq2o8t-
Uah87HCehb55B87ihh3EX,PFEwpbxaA9UrKET8fDnAt
Uah87HCehb55B87ihh3EX,Uzldz52slOyT_7tD9MSW3
E-XtOcGKQBDQIrIJCd4Xm,F72UQSSv5qnV6dGq2o8t-
E-XtOcGKQBDQIrIJCd4Xm,ncFeNw-5M4iGoDD-A8hBH
E-XtOcGKQBDQIrIJCd4Xm,n0OLj1cQnnbM3n-2eOzCj
E-XtOcGKQBDQIrIJCd4Xm,mE5Zf1AWhRKDQNHC_NsmV
E-XtOcGKQBDQIrIJCd4Xm,iW3M5z9QsfI5jnVSJjr5j
XroyMFJTAPK0oELz3MpP5,F72UQSSv5qnV6dGq2o8t-
XroyMFJTAPK0oELz3MpP5,ncFeNw-5M4iGoDD-A8hBH
XroyMFJTAPK0oELz3MpP5,phlunt5HJ3fBcZXrezlHN
P3ZVb0VZhc8LkV8b2Xx0z,n0OLj1cQnnbM3n-2eOzCj
P3ZVb0VZhc8LkV8b2Xx0z,mE5Zf1AWhRKDQNHC_NsmV
P3ZVb0VZhc8LkV8b2Xx0z,F72UQSSv5qnV6dGq2o8t-
GF54M87Ko-gGgyq6pdgkH,F72UQSSv5qnV6dGq2o8t-
GF54M87Ko-gGgyq6pdgkH,2bdRQFIcZXrYbhxeWeffc
GF54M87Ko-gGgyq6pdgkH,L34snMa-YMz_jT9erQqe2
gyAKu-LheBMB-RbypzSIq,F72UQSSv5qnV6dGq2o8t-
gyAKu-LheBMB-RbypzSIq,PFEwpbxaA9UrKET8fDnAt
gyAKu-LheBMB-RbypzSIq,iW3M5z9QsfI5jnVSJjr5j
gyAKu-LheBMB-RbypzSIq,Uzldz52slOyT_7tD9MSW3
RNM1sBQPpQI_EdhHAJXJ5,F72UQSSv5qnV6dGq2o8t-
RNM1sBQPpQI_EdhHAJXJ5,L34snMa-YMz_jT9erQqe2
RNM1sBQPpQI_EdhHAJXJ5,2bdRQFIcZXrYbhxeWeffc
RNM1sBQPpQI_EdhHAJXJ5,iW3M5z9QsfI5jnVSJjr5j
RNM1sBQPpQI_EdhHAJXJ5,Uzldz52slOyT_7tD9MSW3
Vf5KSaPDYuxBHO7HQlHeT,F72UQSSv5qnV6dGq2o8t-
Vf5KSaPDYuxBHO7HQlHeT,phlunt5HJ3fBcZXrezlHN
Vf5KSaPDYuxBHO7HQlHeT,Uzldz52slOyT_7tD9MSW3
s04pEfEVew4ajX_J6wJVP,F72UQSSv5qnV6dGq2o8t-
s04pEfEVew4ajX_J6wJVP,iW3M5z9QsfI5jnVSJjr5j
s04pEfEVew4ajX_J6wJVP,ncFeNw-5M4iGoDD-A8hBH
s04pEfEVew4ajX_J6wJVP,-5F1wQ50bue4PA2khE3sM
VH57NVF6ScpOAwksgVg-0,phlunt5HJ3fBcZXrezlHN
VH57NVF6ScpOAwksgVg-0,Uzldz52slOyT_7tD9MSW3
fP0FlmRo6iyiPu2rIGpSB,F72UQSSv5qnV6dGq2o8t-
fP0FlmRo6iyiPu2rIGpSB,iW3M5z9QsfI5jnVSJjr5j
fP0FlmRo6iyiPu2rIGpSB,ncFeNw-5M4iGoDD-A8hBH
fP0FlmRo6iyiPu2rIGpSB,PFEwpbxaA9UrKET8fDnAt
RzwiK-5e3RwZEJbFP8GxT,F72UQSSv5qnV6dGq2o8t-
RzwiK-5e3RwZEJbFP8GxT,n0OLj1cQnnbM3n-2eOzCj
RzwiK-5e3RwZEJbFP8GxT,mE5Zf1AWhRKDQNHC_NsmV
ED6WLGfsgB34DMy2tjsZY,PFEwpbxaA9UrKET8fDnAt
ED6WLGfsgB34DMy2tjsZY,n0OLj1cQnnbM3n-2eOzCj
ED6WLGfsgB34DMy2tjsZY,F72UQSSv5qnV6dGq2o8t-
HK4fshYgfAnRvBn64uGS4,F72UQSSv5qnV6dGq2o8t-
HK4fshYgfAnRvBn64uGS4,ncFeNw-5M4iGoDD-A8hBH
HK4fshYgfAnRvBn64uGS4,phlunt5HJ3fBcZXrezlHN
HK4fshYgfAnRvBn64uGS4,Uzldz52slOyT_7tD9MSW3
V2DHriNHLXmZ70NAlF1-D,F72UQSSv5qnV6dGq2o8t-
V2DHriNHLXmZ70NAlF1-D,Uzldz52slOyT_7tD9MSW3
V2DHriNHLXmZ70NAlF1-D,PFEwpbxaA9UrKET8fDnAt
STI-CYKAhGm2I4N4WL3QU,F72UQSSv5qnV6dGq2o8t-
STI-CYKAhGm2I4N4WL3QU,ncFeNw-5M4iGoDD-A8hBH
STI-CYKAhGm2I4N4WL3QU,phlunt5HJ3fBcZXrezlHN
kh92wHGDk2VF-j_gXaVZa,F72UQSSv5qnV6dGq2o8t-
kh92wHGDk2VF-j_gXaVZa,ncFeNw-5M4iGoDD-A8hBH
kh92wHGDk2VF-j_gXaVZa,2bdRQFIcZXrYbhxeWeffc
kh92wHGDk2VF-j_gXaVZa,iW3M5z9QsfI5jnVSJjr5j
rRYq2uNCgxJeNrB_HDM5U,F72UQSSv5qnV6dGq2o8t-
rRYq2uNCgxJeNrB_HDM5U,n0OLj1cQnnbM3n-2eOzCj
rRYq2uNCgxJeNrB_HDM5U,2bdRQFIcZXrYbhxeWeffc
rRYq2uNCgxJeNrB_HDM5U,PFEwpbxaA9UrKET8fDnAt
rRYq2uNCgxJeNrB_HDM5U,iW3M5z9QsfI5jnVSJjr5j
iH7YncjnOJxXGw_W7-AmW,F72UQSSv5qnV6dGq2o8t-
iH7YncjnOJxXGw_W7-AmW,phlunt5HJ3fBcZXrezlHN
iH7YncjnOJxXGw_W7-AmW,ncFeNw-5M4iGoDD-A8hBH
Pcamhs72Brd6YS4al5nOf,F72UQSSv5qnV6dGq2o8t-
Pcamhs72Brd6YS4al5nOf,mE5Zf1AWhRKDQNHC_NsmV
Pcamhs72Brd6YS4al5nOf,WpkELU1QduAUsJRvAKneB
Pcamhs72Brd6YS4al5nOf,Uzldz52slOyT_7tD9MSW3
RX_LiisqM5k--rvClzDHp,F72UQSSv5qnV6dGq2o8t-
RX_LiisqM5k--rvClzDHp,n0OLj1cQnnbM3n-2eOzCj
RX_LiisqM5k--rvClzDHp,mE5Zf1AWhRKDQNHC_NsmV
RX_LiisqM5k--rvClzDHp,phlunt5HJ3fBcZXrezlHN
RX_LiisqM5k--rvClzDHp,Uzldz52slOyT_7tD9MSW3
_0SwaqCuxrUzCtLyXuEx7,F72UQSSv5qnV6dGq2o8t-
_0SwaqCuxrUzCtLyXuEx7,ncFeNw-5M4iGoDD-A8hBH
_0SwaqCuxrUzCtLyXuEx7,Uzldz52slOyT_7tD9MSW3
_0SwaqCuxrUzCtLyXuEx7,phlunt5HJ3fBcZXrezlHN
ZeD1OUyJ5M3rso26NlmO3,F72UQSSv5qnV6dGq2o8t-
ZeD1OUyJ5M3rso26NlmO3,phlunt5HJ3fBcZXrezlHN
ZeD1OUyJ5M3rso26NlmO3,PFEwpbxaA9UrKET8fDnAt
USsTB-a2bukthgq0ttKAt,n0OLj1cQnnbM3n-2eOzCj
USsTB-a2bukthgq0ttKAt,phlunt5HJ3fBcZXrezlHN
USsTB-a2bukthgq0ttKAt,PFEwpbxaA9UrKET8fDnAt
InJ-bAYJYIMhwCx0PqbO3,F72UQSSv5qnV6dGq2o8t-
InJ-bAYJYIMhwCx0PqbO3,iW3M5z9QsfI5jnVSJjr5j
InJ-bAYJYIMhwCx0PqbO3,L34snMa-YMz_jT9erQqe2
xrEuoRPgAI_EFr_E6aHUX,Uzldz52slOyT_7tD9MSW3
xrEuoRPgAI_EFr_E6aHUX,phlunt5HJ3fBcZXrezlHN
xrEuoRPgAI_EFr_E6aHUX,F72UQSSv5qnV6dGq2o8t-
ZG8bMH_XcBwZRsTqw7HZ0,F72UQSSv5qnV6dGq2o8t-
ZG8bMH_XcBwZRsTqw7HZ0,L34snMa-YMz_jT9erQqe2
ZG8bMH_XcBwZRsTqw7HZ0,iW3M5z9QsfI5jnVSJjr5j
s1gjSDiHg4ePdVYcy5hPa,F72UQSSv5qnV6dGq2o8t-
s1gjSDiHg4ePdVYcy5hPa,phlunt5HJ3fBcZXrezlHN
s1gjSDiHg4ePdVYcy5hPa,Uzldz52slOyT_7tD9MSW3
B2BHS-ESrTCesPIh8aVq6,F72UQSSv5qnV6dGq2o8t-
B2BHS-ESrTCesPIh8aVq6,Uzldz52slOyT_7tD9MSW3
B2BHS-ESrTCesPIh8aVq6,phlunt5HJ3fBcZXrezlHN
9q-Ih3XROkz9f8d0zmrIV,L34snMa-YMz_jT9erQqe2
9q-Ih3XROkz9f8d0zmrIV,F72UQSSv5qnV6dGq2o8t-
9q-Ih3XROkz9f8d0zmrIV,iW3M5z9QsfI5jnVSJjr5j
4cvkZJ-OlwcAaNlDEOC3c,F72UQSSv5qnV6dGq2o8t-
4cvkZJ-OlwcAaNlDEOC3c,n0OLj1cQnnbM3n-2eOzCj
4cvkZJ-OlwcAaNlDEOC3c,iW3M5z9QsfI5jnVSJjr5j
4cvkZJ-OlwcAaNlDEOC3c,phlunt5HJ3fBcZXrezlHN
ErVAPknQuo0sWhvBUJyOj,F72UQSSv5qnV6dGq2o8t-
ErVAPknQuo0sWhvBUJyOj,n0OLj1cQnnbM3n-2eOzCj
ErVAPknQuo0sWhvBUJyOj,2bdRQFIcZXrYbhxeWeffc
ErVAPknQuo0sWhvBUJyOj,PFEwpbxaA9UrKET8fDnAt
PiAfdAxDvGHTzB7ahRfMC,phlunt5HJ3fBcZXrezlHN
PiAfdAxDvGHTzB7ahRfMC,Uzldz52slOyT_7tD9MSW3
W4Hjnf2vgWN40sX0Xbemg,F72UQSSv5qnV6dGq2o8t-
W4Hjnf2vgWN40sX0Xbemg,n0OLj1cQnnbM3n-2eOzCj
W4Hjnf2vgWN40sX0Xbemg,mE5Zf1AWhRKDQNHC_NsmV
W4Hjnf2vgWN40sX0Xbemg,2bdRQFIcZXrYbhxeWeffc
pgdBN-GAPkY2gxf1pTnb_,F72UQSSv5qnV6dGq2o8t-
pgdBN-GAPkY2gxf1pTnb_,L34snMa-YMz_jT9erQqe2
pgdBN-GAPkY2gxf1pTnb_,iW3M5z9QsfI5jnVSJjr5j
niXDlVVf9v5Xe8gB3CpBs,Uzldz52slOyT_7tD9MSW3
niXDlVVf9v5Xe8gB3CpBs,n0OLj1cQnnbM3n-2eOzCj
s41VK5FsWOk1lz73puJXm,ncFeNw-5M4iGoDD-A8hBH
s41VK5FsWOk1lz73puJXm,F72UQSSv5qnV6dGq2o8t-
s41VK5FsWOk1lz73puJXm,iW3M5z9QsfI5jnVSJjr5j
Tq5P7fqsQGSFfse-Nornw,ncFeNw-5M4iGoDD-A8hBH
Tq5P7fqsQGSFfse-Nornw,F72UQSSv5qnV6dGq2o8t-
Tq5P7fqsQGSFfse-Nornw,L34snMa-YMz_jT9erQqe2
Tq5P7fqsQGSFfse-Nornw,mE5Zf1AWhRKDQNHC_NsmV
EVQeG61dgHEHITVdfMsGI,n0OLj1cQnnbM3n-2eOzCj
EVQeG61dgHEHITVdfMsGI,mE5Zf1AWhRKDQNHC_NsmV
EVQeG61dgHEHITVdfMsGI,phlunt5HJ3fBcZXrezlHN
o-wsrY01M2BrTdNmDsejS,F72UQSSv5qnV6dGq2o8t-
o-wsrY01M2BrTdNmDsejS,phlunt5HJ3fBcZXrezlHN
o-wsrY01M2BrTdNmDsejS,iW3M5z9QsfI5jnVSJjr5j
o-wsrY01M2BrTdNmDsejS,Uzldz52slOyT_7tD9MSW3
KyQfSs7A_Z4OQYfNmVsNx,F72UQSSv5qnV6dGq2o8t-
KyQfSs7A_Z4OQYfNmVsNx,PFEwpbxaA9UrKET8fDnAt
KyQfSs7A_Z4OQYfNmVsNx,n0OLj1cQnnbM3n-2eOzCj
DvoNUsAiHIsfYVD8QM_Ro,ncFeNw-5M4iGoDD-A8hBH
DvoNUsAiHIsfYVD8QM_Ro,Uzldz52slOyT_7tD9MSW3
DvoNUsAiHIsfYVD8QM_Ro,F72UQSSv5qnV6dGq2o8t-
6YNdyH-jyXElvEkOQR9d6,ncFeNw-5M4iGoDD-A8hBH
6YNdyH-jyXElvEkOQR9d6,L34snMa-YMz_jT9erQqe2
6YNdyH-jyXElvEkOQR9d6,-Q1NyL2hihfCdselYbnjo
6YNdyH-jyXElvEkOQR9d6,Uzldz52slOyT_7tD9MSW3
iSP3KtqmhQbg_8L4zmGfv,F72UQSSv5qnV6dGq2o8t-
iSP3KtqmhQbg_8L4zmGfv,ncFeNw-5M4iGoDD-A8hBH
iSP3KtqmhQbg_8L4zmGfv,n0OLj1cQnnbM3n-2eOzCj
iSP3KtqmhQbg_8L4zmGfv,iW3M5z9QsfI5jnVSJjr5j
8t_8vkCmUNn0mv0gbZpiG,ncFeNw-5M4iGoDD-A8hBH
8t_8vkCmUNn0mv0gbZpiG,iW3M5z9QsfI5jnVSJjr5j
8t_8vkCmUNn0mv0gbZpiG,F72UQSSv5qnV6dGq2o8t-
cngcQjE4jB2uvF0dDJMlf,F72UQSSv5qnV6dGq2o8t-
cngcQjE4jB2uvF0dDJMlf,Uzldz52slOyT_7tD9MSW3
cngcQjE4jB2uvF0dDJMlf,phlunt5HJ3fBcZXrezlHN
cngcQjE4jB2uvF0dDJMlf,PFEwpbxaA9UrKET8fDnAt
eoS-tzf6iMLGpOSLojxvB,F72UQSSv5qnV6dGq2o8t-
eoS-tzf6iMLGpOSLojxvB,mE5Zf1AWhRKDQNHC_NsmV
eoS-tzf6iMLGpOSLojxvB,L34snMa-YMz_jT9erQqe2
Py1PuREKogsvIL08mgo26,n0OLj1cQnnbM3n-2eOzCj
Py1PuREKogsvIL08mgo26,PFEwpbxaA9UrKET8fDnAt
cqYyL_DOCpRt0yujRcPb7,iW3M5z9QsfI5jnVSJjr5j
cqYyL_DOCpRt0yujRcPb7,phlunt5HJ3fBcZXrezlHN
cqYyL_DOCpRt0yujRcPb7,L34snMa-YMz_jT9erQqe2
td7_D84iwP1ef0EQ6qaBj,ncFeNw-5M4iGoDD-A8hBH
td7_D84iwP1ef0EQ6qaBj,F72UQSSv5qnV6dGq2o8t-
td7_D84iwP1ef0EQ6qaBj,iW3M5z9QsfI5jnVSJjr5j
bPrrk23JyYfprbBhkZ2Al,PFEwpbxaA9UrKET8fDnAt
bPrrk23JyYfprbBhkZ2Al,n0OLj1cQnnbM3n-2eOzCj
bPrrk23JyYfprbBhkZ2Al,phlunt5HJ3fBcZXrezlHN
QMfqpyDgeDIbjLnry_IPy,F72UQSSv5qnV6dGq2o8t-
QMfqpyDgeDIbjLnry_IPy,L34snMa-YMz_jT9erQqe2
QMfqpyDgeDIbjLnry_IPy,iW3M5z9QsfI5jnVSJjr5j
8-zE1vyN3pHn76W_-FWBq,F72UQSSv5qnV6dGq2o8t-
8-zE1vyN3pHn76W_-FWBq,ncFeNw-5M4iGoDD-A8hBH
8-zE1vyN3pHn76W_-FWBq,PFEwpbxaA9UrKET8fDnAt
T0ig8_GUq8RPzgtGNL24g,phlunt5HJ3fBcZXrezlHN
T0ig8_GUq8RPzgtGNL24g,iW3M5z9QsfI5jnVSJjr5j
T0ig8_GUq8RPzgtGNL24g,Uzldz52slOyT_7tD9MSW3
AmrKuFTNe9MeFdOh608JV,F72UQSSv5qnV6dGq2o8t-
AmrKuFTNe9MeFdOh608JV,n0OLj1cQnnbM3n-2eOzCj
AmrKuFTNe9MeFdOh608JV,iW3M5z9QsfI5jnVSJjr5j
AmrKuFTNe9MeFdOh608JV,mE5Zf1AWhRKDQNHC_NsmV
AmrKuFTNe9MeFdOh608JV,Uzldz52slOyT_7tD9MSW3
72WDjmdmDst6ap5scXBIJ,F72UQSSv5qnV6dGq2o8t-
72WDjmdmDst6ap5scXBIJ,iW3M5z9QsfI5jnVSJjr5j
72WDjmdmDst6ap5scXBIJ,n0OLj1cQnnbM3n-2eOzCj
2I08flomra8YLvqHXw_ID,F72UQSSv5qnV6dGq2o8t-
2I08flomra8YLvqHXw_ID,L34snMa-YMz_jT9erQqe2
2I08flomra8YLvqHXw_ID,iW3M5z9QsfI5jnVSJjr5j
H5ar-lM13-eOq8tuA2c0Z,Uzldz52slOyT_7tD9MSW3
H5ar-lM13-eOq8tuA2c0Z,phlunt5HJ3fBcZXrezlHN
gJSgIbyfskjV41WBng4A3,F72UQSSv5qnV6dGq2o8t-
gJSgIbyfskjV41WBng4A3,phlunt5HJ3fBcZXrezlHN
gJSgIbyfskjV41WBng4A3,PFEwpbxaA9UrKET8fDnAt
VCOxyok_pFERLJNPiofb8,iW3M5z9QsfI5jnVSJjr5j
VCOxyok_pFERLJNPiofb8,phlunt5HJ3fBcZXrezlHN
VCOxyok_pFERLJNPiofb8,PFEwpbxaA9UrKET8fDnAt
GBru4OxmEoYywzMRMI5P7,PFEwpbxaA9UrKET8fDnAt
GBru4OxmEoYywzMRMI5P7,phlunt5HJ3fBcZXrezlHN
GBru4OxmEoYywzMRMI5P7,n0OLj1cQnnbM3n-2eOzCj
Tt8M_v_SXI394w818Mure,F72UQSSv5qnV6dGq2o8t-
Tt8M_v_SXI394w818Mure,PFEwpbxaA9UrKET8fDnAt
Tt8M_v_SXI394w818Mure,L34snMa-YMz_jT9erQqe2
Tt8M_v_SXI394w818Mure,iW3M5z9QsfI5jnVSJjr5j
PPOuWlePAbnS56QsH-oqT,F72UQSSv5qnV6dGq2o8t-
PPOuWlePAbnS56QsH-oqT,phlunt5HJ3fBcZXrezlHN
eXf7QbeRIRKYy13o5WDDa,ncFeNw-5M4iGoDD-A8hBH
eXf7QbeRIRKYy13o5WDDa,iW3M5z9QsfI5jnVSJjr5j
eXf7QbeRIRKYy13o5WDDa,n0OLj1cQnnbM3n-2eOzCj
451CPM-v4FjtW9wlX08_q,F72UQSSv5qnV6dGq2o8t-
451CPM-v4FjtW9wlX08_q,Uzldz52slOyT_7tD9MSW3
451CPM-v4FjtW9wlX08_q,ncFeNw-5M4iGoDD-A8hBH
ftzhMicNL3RquTGLHPJAb,F72UQSSv5qnV6dGq2o8t-
ftzhMicNL3RquTGLHPJAb,ncFeNw-5M4iGoDD-A8hBH
ftzhMicNL3RquTGLHPJAb,Uzldz52slOyT_7tD9MSW3
ftzhMicNL3RquTGLHPJAb,phlunt5HJ3fBcZXrezlHN
BPRPG3KEnq6RQ8ZZ1T-Ry,F72UQSSv5qnV6dGq2o8t-
BPRPG3KEnq6RQ8ZZ1T-Ry,iW3M5z9QsfI5jnVSJjr5j
BPRPG3KEnq6RQ8ZZ1T-Ry,phlunt5HJ3fBcZXrezlHN
BPRPG3KEnq6RQ8ZZ1T-Ry,-Q1NyL2hihfCdselYbnjo
BPRPG3KEnq6RQ8ZZ1T-Ry,L34snMa-YMz_jT9erQqe2
Zd2X__-bOcgJUdxypVS6T,PFEwpbxaA9UrKET8fDnAt
Zd2X__-bOcgJUdxypVS6T,n0OLj1cQnnbM3n-2eOzCj
Zd2X__-bOcgJUdxypVS6T,F72UQSSv5qnV6dGq2o8t-
EKsu1mDPIG0LPGWqkxCc_,F72UQSSv5qnV6dGq2o8t-
EKsu1mDPIG0LPGWqkxCc_,L34snMa-YMz_jT9erQqe2
EKsu1mDPIG0LPGWqkxCc_,phlunt5HJ3fBcZXrezlHN
xJB2fKjF-C6jXAFC3VHH7,F72UQSSv5qnV6dGq2o8t-
xJB2fKjF-C6jXAFC3VHH7,ncFeNw-5M4iGoDD-A8hBH
xJB2fKjF-C6jXAFC3VHH7,L34snMa-YMz_jT9erQqe2
xJB2fKjF-C6jXAFC3VHH7,-Q1NyL2hihfCdselYbnjo
Bg3vapGCMYSl9mdG3T26K,F72UQSSv5qnV6dGq2o8t-
Bg3vapGCMYSl9mdG3T26K,phlunt5HJ3fBcZXrezlHN
Bg3vapGCMYSl9mdG3T26K,iW3M5z9QsfI5jnVSJjr5j
Ak5tiTpRnvsfdvHtmTHaU,F72UQSSv5qnV6dGq2o8t-
Ak5tiTpRnvsfdvHtmTHaU,iW3M5z9QsfI5jnVSJjr5j
uMUOTU_YHpbkghxnLhQiY,L34snMa-YMz_jT9erQqe2
uMUOTU_YHpbkghxnLhQiY,iW3M5z9QsfI5jnVSJjr5j
uMUOTU_YHpbkghxnLhQiY,F72UQSSv5qnV6dGq2o8t-
cXDGl5_J1jfsZg-8ESRSd,F72UQSSv5qnV6dGq2o8t-
cXDGl5_J1jfsZg-8ESRSd,L34snMa-YMz_jT9erQqe2
cXDGl5_J1jfsZg-8ESRSd,iW3M5z9QsfI5jnVSJjr5j
cXDGl5_J1jfsZg-8ESRSd,PFEwpbxaA9UrKET8fDnAt
4Fadep_joTyU3Gn2LHVV1,F72UQSSv5qnV6dGq2o8t-
4Fadep_joTyU3Gn2LHVV1,phlunt5HJ3fBcZXrezlHN
4Fadep_joTyU3Gn2LHVV1,iW3M5z9QsfI5jnVSJjr5j
fHZzMyFbVNYmyBunnSOsp,F72UQSSv5qnV6dGq2o8t-
fHZzMyFbVNYmyBunnSOsp,L34snMa-YMz_jT9erQqe2
fHZzMyFbVNYmyBunnSOsp,Uzldz52slOyT_7tD9MSW3
fHZzMyFbVNYmyBunnSOsp,iW3M5z9QsfI5jnVSJjr5j
fHZzMyFbVNYmyBunnSOsp,phlunt5HJ3fBcZXrezlHN
UCBwsNNOOzw0jfzk2O7Be,ncFeNw-5M4iGoDD-A8hBH
UCBwsNNOOzw0jfzk2O7Be,iW3M5z9QsfI5jnVSJjr5j
UCBwsNNOOzw0jfzk2O7Be,F72UQSSv5qnV6dGq2o8t-
qp6V3JDa1Getuw5rLKjCQ,F72UQSSv5qnV6dGq2o8t-
qp6V3JDa1Getuw5rLKjCQ,iW3M5z9QsfI5jnVSJjr5j
qp6V3JDa1Getuw5rLKjCQ,-Q1NyL2hihfCdselYbnjo
qp6V3JDa1Getuw5rLKjCQ,mE5Zf1AWhRKDQNHC_NsmV
LuSpMo6y1rqIdY4WYEeg3,F72UQSSv5qnV6dGq2o8t-
LuSpMo6y1rqIdY4WYEeg3,Uzldz52slOyT_7tD9MSW3
LuSpMo6y1rqIdY4WYEeg3,PFEwpbxaA9UrKET8fDnAt
Eqf4U3nAWcsHrrJAC82Sq,Uzldz52slOyT_7tD9MSW3
Eqf4U3nAWcsHrrJAC82Sq,phlunt5HJ3fBcZXrezlHN
6c3ZfqjyBX5Y4l8BpEvqR,F72UQSSv5qnV6dGq2o8t-
6c3ZfqjyBX5Y4l8BpEvqR,phlunt5HJ3fBcZXrezlHN
6c3ZfqjyBX5Y4l8BpEvqR,-5F1wQ50bue4PA2khE3sM
60MdQpDmEZJuc3YuK9_a-,F72UQSSv5qnV6dGq2o8t-
60MdQpDmEZJuc3YuK9_a-,n0OLj1cQnnbM3n-2eOzCj
60MdQpDmEZJuc3YuK9_a-,hbMworHLCdna9k7lGwgWG
yqsVRMKmNgrICy5SJcQBx,F72UQSSv5qnV6dGq2o8t-
yqsVRMKmNgrICy5SJcQBx,phlunt5HJ3fBcZXrezlHN
kv_VsRqb2ei92MLB13BEz,F72UQSSv5qnV6dGq2o8t-
kv_VsRqb2ei92MLB13BEz,L34snMa-YMz_jT9erQqe2
kv_VsRqb2ei92MLB13BEz,iW3M5z9QsfI5jnVSJjr5j
0yVFkla4l-DL4Qfb765xb,F72UQSSv5qnV6dGq2o8t-
0yVFkla4l-DL4Qfb765xb,iW3M5z9QsfI5jnVSJjr5j
0yVFkla4l-DL4Qfb765xb,phlunt5HJ3fBcZXrezlHN
0yVFkla4l-DL4Qfb765xb,Uzldz52slOyT_7tD9MSW3
rIv_8oRManZQJV4Cs16ao,F72UQSSv5qnV6dGq2o8t-
rIv_8oRManZQJV4Cs16ao,phlunt5HJ3fBcZXrezlHN
rIv_8oRManZQJV4Cs16ao,Uzldz52slOyT_7tD9MSW3
rIv_8oRManZQJV4Cs16ao,PFEwpbxaA9UrKET8fDnAt
rIv_8oRManZQJV4Cs16ao,l9bkiReXBvPDuJX6TdvDu
0xH20rrzttL_ilKMmDDxe,F72UQSSv5qnV6dGq2o8t-
0xH20rrzttL_ilKMmDDxe,ncFeNw-5M4iGoDD-A8hBH
0xH20rrzttL_ilKMmDDxe,-Q1NyL2hihfCdselYbnjo
0xH20rrzttL_ilKMmDDxe,Uzldz52slOyT_7tD9MSW3
jy_eccMAth0k4QEW849VZ,F72UQSSv5qnV6dGq2o8t-
jy_eccMAth0k4QEW849VZ,n0OLj1cQnnbM3n-2eOzCj
jy_eccMAth0k4QEW849VZ,phlunt5HJ3fBcZXrezlHN
zTbyzy0cWkWQrpA6Xde_C,F72UQSSv5qnV6dGq2o8t-
zTbyzy0cWkWQrpA6Xde_C,iW3M5z9QsfI5jnVSJjr5j
zTbyzy0cWkWQrpA6Xde_C,L34snMa-YMz_jT9erQqe2
zTbyzy0cWkWQrpA6Xde_C,phlunt5HJ3fBcZXrezlHN
olOFH6lenBoz1hOBtATFy,iW3M5z9QsfI5jnVSJjr5j
olOFH6lenBoz1hOBtATFy,phlunt5HJ3fBcZXrezlHN
olOFH6lenBoz1hOBtATFy,ncFeNw-5M4iGoDD-A8hBH
x_kR_L7qzTHfQCZ-bomhg,F72UQSSv5qnV6dGq2o8t-
x_kR_L7qzTHfQCZ-bomhg,phlunt5HJ3fBcZXrezlHN
x_kR_L7qzTHfQCZ-bomhg,hbMworHLCdna9k7lGwgWG
YNJRcZqjUMOmoHeIgerhs,F72UQSSv5qnV6dGq2o8t-
YNJRcZqjUMOmoHeIgerhs,n0OLj1cQnnbM3n-2eOzCj
YNJRcZqjUMOmoHeIgerhs,PFEwpbxaA9UrKET8fDnAt
PvDip-B8oTVecfD9rf_6n,F72UQSSv5qnV6dGq2o8t-
PvDip-B8oTVecfD9rf_6n,n0OLj1cQnnbM3n-2eOzCj
QEZp9JFvhf0ixRZUVaZEy,F72UQSSv5qnV6dGq2o8t-
QEZp9JFvhf0ixRZUVaZEy,phlunt5HJ3fBcZXrezlHN
QEZp9JFvhf0ixRZUVaZEy,WpkELU1QduAUsJRvAKneB
i6KwFzjnyX05D5ydwsuIq,F72UQSSv5qnV6dGq2o8t-
i6KwFzjnyX05D5ydwsuIq,KcVqSqCqpBoUqNfNlAkE7
i6KwFzjnyX05D5ydwsuIq,mE5Zf1AWhRKDQNHC_NsmV
i6KwFzjnyX05D5ydwsuIq,L34snMa-YMz_jT9erQqe2
i6KwFzjnyX05D5ydwsuIq,iW3M5z9QsfI5jnVSJjr5j
i6KwFzjnyX05D5ydwsuIq,PFEwpbxaA9UrKET8fDnAt
AmpP47pTco7JK4pjbkUEs,PFEwpbxaA9UrKET8fDnAt
AmpP47pTco7JK4pjbkUEs,Uzldz52slOyT_7tD9MSW3
AmpP47pTco7JK4pjbkUEs,L34snMa-YMz_jT9erQqe2
0g6nEQx07EMmiXyuKNpBW,F72UQSSv5qnV6dGq2o8t-
0g6nEQx07EMmiXyuKNpBW,L34snMa-YMz_jT9erQqe2
0g6nEQx07EMmiXyuKNpBW,iW3M5z9QsfI5jnVSJjr5j
YfNPZmj00u3fsHJrZ0hFl,F72UQSSv5qnV6dGq2o8t-
YfNPZmj00u3fsHJrZ0hFl,Uzldz52slOyT_7tD9MSW3
YfNPZmj00u3fsHJrZ0hFl,phlunt5HJ3fBcZXrezlHN
t43WQ8zGnd-YZwEt3ixc8,F72UQSSv5qnV6dGq2o8t-
t43WQ8zGnd-YZwEt3ixc8,iW3M5z9QsfI5jnVSJjr5j
t43WQ8zGnd-YZwEt3ixc8,phlunt5HJ3fBcZXrezlHN
t43WQ8zGnd-YZwEt3ixc8,L34snMa-YMz_jT9erQqe2
t1BmUwtugWYzxP_rtTwaI,F72UQSSv5qnV6dGq2o8t-
t1BmUwtugWYzxP_rtTwaI,L34snMa-YMz_jT9erQqe2
t1BmUwtugWYzxP_rtTwaI,iW3M5z9QsfI5jnVSJjr5j
2JFh2BSbEMWpRZ0-q6qad,F72UQSSv5qnV6dGq2o8t-
2JFh2BSbEMWpRZ0-q6qad,Uzldz52slOyT_7tD9MSW3
2JFh2BSbEMWpRZ0-q6qad,phlunt5HJ3fBcZXrezlHN
eD7R48sbxreB-AKWmGG4F,iW3M5z9QsfI5jnVSJjr5j
eD7R48sbxreB-AKWmGG4F,PFEwpbxaA9UrKET8fDnAt
eD7R48sbxreB-AKWmGG4F,F72UQSSv5qnV6dGq2o8t-
yBYks-NdDS67mpoTQQSAq,F72UQSSv5qnV6dGq2o8t-
yBYks-NdDS67mpoTQQSAq,L34snMa-YMz_jT9erQqe2
yBYks-NdDS67mpoTQQSAq,iW3M5z9QsfI5jnVSJjr5j
LQ28I3XBV0FgvVfp37ee9,F72UQSSv5qnV6dGq2o8t-
LQ28I3XBV0FgvVfp37ee9,PFEwpbxaA9UrKET8fDnAt
LQ28I3XBV0FgvVfp37ee9,L34snMa-YMz_jT9erQqe2
LQ28I3XBV0FgvVfp37ee9,iW3M5z9QsfI5jnVSJjr5j
GuQQdPzgVD_9tuvWr9rs9,mE5Zf1AWhRKDQNHC_NsmV
GuQQdPzgVD_9tuvWr9rs9,n0OLj1cQnnbM3n-2eOzCj
GuQQdPzgVD_9tuvWr9rs9,F72UQSSv5qnV6dGq2o8t-
ROq-0_jMno1v7V1L0mAg5,F72UQSSv5qnV6dGq2o8t-
ROq-0_jMno1v7V1L0mAg5,iW3M5z9QsfI5jnVSJjr5j
ROq-0_jMno1v7V1L0mAg5,2bdRQFIcZXrYbhxeWeffc
-9lIUnwkKlOvbJfNhop3D,F72UQSSv5qnV6dGq2o8t-
-9lIUnwkKlOvbJfNhop3D,KcVqSqCqpBoUqNfNlAkE7
-9lIUnwkKlOvbJfNhop3D,n0OLj1cQnnbM3n-2eOzCj
-9lIUnwkKlOvbJfNhop3D,mE5Zf1AWhRKDQNHC_NsmV
-9lIUnwkKlOvbJfNhop3D,L34snMa-YMz_jT9erQqe2
hBmmLhsB1y9bHWfHXXGb_,n0OLj1cQnnbM3n-2eOzCj
hBmmLhsB1y9bHWfHXXGb_,PFEwpbxaA9UrKET8fDnAt
hBmmLhsB1y9bHWfHXXGb_,L34snMa-YMz_jT9erQqe2
u9wRlK1Mx0jAdIpoLGxBt,n0OLj1cQnnbM3n-2eOzCj
u9wRlK1Mx0jAdIpoLGxBt,mE5Zf1AWhRKDQNHC_NsmV
u9wRlK1Mx0jAdIpoLGxBt,phlunt5HJ3fBcZXrezlHN
11u42bmX5uehrLgZjFKQ9,phlunt5HJ3fBcZXrezlHN
11u42bmX5uehrLgZjFKQ9,n0OLj1cQnnbM3n-2eOzCj
QBA0sPT5o-I1K1atHbZyp,F72UQSSv5qnV6dGq2o8t-
QBA0sPT5o-I1K1atHbZyp,L34snMa-YMz_jT9erQqe2
QBA0sPT5o-I1K1atHbZyp,iW3M5z9QsfI5jnVSJjr5j
QBA0sPT5o-I1K1atHbZyp,ncFeNw-5M4iGoDD-A8hBH
gJJD_sa5AT1OrhjC26uez,ncFeNw-5M4iGoDD-A8hBH
gJJD_sa5AT1OrhjC26uez,iW3M5z9QsfI5jnVSJjr5j
gJJD_sa5AT1OrhjC26uez,phlunt5HJ3fBcZXrezlHN
QJbOvdkHiNy0veJYcearL,F72UQSSv5qnV6dGq2o8t-
QJbOvdkHiNy0veJYcearL,Uzldz52slOyT_7tD9MSW3
QJbOvdkHiNy0veJYcearL,phlunt5HJ3fBcZXrezlHN
STbsWTl9_QiWLBMYjmc96,F72UQSSv5qnV6dGq2o8t-
STbsWTl9_QiWLBMYjmc96,L34snMa-YMz_jT9erQqe2
STbsWTl9_QiWLBMYjmc96,iW3M5z9QsfI5jnVSJjr5j
STbsWTl9_QiWLBMYjmc96,ncFeNw-5M4iGoDD-A8hBH
STbsWTl9_QiWLBMYjmc96,phlunt5HJ3fBcZXrezlHN
ywKW6WvUF-kS6iqoq3gGj,F72UQSSv5qnV6dGq2o8t-
ywKW6WvUF-kS6iqoq3gGj,ncFeNw-5M4iGoDD-A8hBH
ywKW6WvUF-kS6iqoq3gGj,iW3M5z9QsfI5jnVSJjr5j
ywKW6WvUF-kS6iqoq3gGj,L34snMa-YMz_jT9erQqe2
MvXXsFK_E-9eXTfm-z5qF,ncFeNw-5M4iGoDD-A8hBH
MvXXsFK_E-9eXTfm-z5qF,iW3M5z9QsfI5jnVSJjr5j
MvXXsFK_E-9eXTfm-z5qF,-Q1NyL2hihfCdselYbnjo
Cbh_G19Y1dTQFY9CpKjWw,iW3M5z9QsfI5jnVSJjr5j
Cbh_G19Y1dTQFY9CpKjWw,phlunt5HJ3fBcZXrezlHN
Cbh_G19Y1dTQFY9CpKjWw,-5F1wQ50bue4PA2khE3sM
mD2-sOIMC3ABqDZZvEPB1,F72UQSSv5qnV6dGq2o8t-
mD2-sOIMC3ABqDZZvEPB1,phlunt5HJ3fBcZXrezlHN
mD2-sOIMC3ABqDZZvEPB1,iW3M5z9QsfI5jnVSJjr5j
mD2-sOIMC3ABqDZZvEPB1,Uzldz52slOyT_7tD9MSW3
Jg8Sjx7sDMmFtAXucIovY,F72UQSSv5qnV6dGq2o8t-
Jg8Sjx7sDMmFtAXucIovY,n0OLj1cQnnbM3n-2eOzCj
Jg8Sjx7sDMmFtAXucIovY,hbMworHLCdna9k7lGwgWG
-eWKK4aWaSRDcuKUTisBn,F72UQSSv5qnV6dGq2o8t-
-eWKK4aWaSRDcuKUTisBn,PFEwpbxaA9UrKET8fDnAt
-eWKK4aWaSRDcuKUTisBn,n0OLj1cQnnbM3n-2eOzCj
TsRPwkQhsDou7IzEOHfVC,iW3M5z9QsfI5jnVSJjr5j
TsRPwkQhsDou7IzEOHfVC,l9bkiReXBvPDuJX6TdvDu
TsRPwkQhsDou7IzEOHfVC,ncFeNw-5M4iGoDD-A8hBH
w1pMfUWmDkBzY-c_Wvako,F72UQSSv5qnV6dGq2o8t-
w1pMfUWmDkBzY-c_Wvako,PFEwpbxaA9UrKET8fDnAt
w1pMfUWmDkBzY-c_Wvako,phlunt5HJ3fBcZXrezlHN
fTSI6D3mnRNSTkGbGmkJv,F72UQSSv5qnV6dGq2o8t-
fTSI6D3mnRNSTkGbGmkJv,L34snMa-YMz_jT9erQqe2
MmMPPXVI_5qJR4iA5yVgb,F72UQSSv5qnV6dGq2o8t-
MmMPPXVI_5qJR4iA5yVgb,mE5Zf1AWhRKDQNHC_NsmV
MmMPPXVI_5qJR4iA5yVgb,L34snMa-YMz_jT9erQqe2
MmMPPXVI_5qJR4iA5yVgb,Uzldz52slOyT_7tD9MSW3
sl6_4fMPx94bZRr_I8727,F72UQSSv5qnV6dGq2o8t-
sl6_4fMPx94bZRr_I8727,KcVqSqCqpBoUqNfNlAkE7
sl6_4fMPx94bZRr_I8727,n0OLj1cQnnbM3n-2eOzCj
sl6_4fMPx94bZRr_I8727,mE5Zf1AWhRKDQNHC_NsmV
sl6_4fMPx94bZRr_I8727,phlunt5HJ3fBcZXrezlHN
HF0RDzT0_yQ3me2RHQsek,F72UQSSv5qnV6dGq2o8t-
HF0RDzT0_yQ3me2RHQsek,iW3M5z9QsfI5jnVSJjr5j
HF0RDzT0_yQ3me2RHQsek,phlunt5HJ3fBcZXrezlHN
HF0RDzT0_yQ3me2RHQsek,-5F1wQ50bue4PA2khE3sM
HF0RDzT0_yQ3me2RHQsek,-Q1NyL2hihfCdselYbnjo
96P61L10MTKjsP9eWfvxr,F72UQSSv5qnV6dGq2o8t-
96P61L10MTKjsP9eWfvxr,iW3M5z9QsfI5jnVSJjr5j
96P61L10MTKjsP9eWfvxr,phlunt5HJ3fBcZXrezlHN
96P61L10MTKjsP9eWfvxr,ncFeNw-5M4iGoDD-A8hBH
5v2InXsTmwaiFwlvqqpXe,F72UQSSv5qnV6dGq2o8t-
5v2InXsTmwaiFwlvqqpXe,L34snMa-YMz_jT9erQqe2
5v2InXsTmwaiFwlvqqpXe,iW3M5z9QsfI5jnVSJjr5j
cTGCuwvNl1Xb3In6uiUwz,F72UQSSv5qnV6dGq2o8t-
cTGCuwvNl1Xb3In6uiUwz,n0OLj1cQnnbM3n-2eOzCj
cTGCuwvNl1Xb3In6uiUwz,2bdRQFIcZXrYbhxeWeffc
cTGCuwvNl1Xb3In6uiUwz,iW3M5z9QsfI5jnVSJjr5j
xPeTT4EV6E78CibXls-nY,F72UQSSv5qnV6dGq2o8t-
xPeTT4EV6E78CibXls-nY,ncFeNw-5M4iGoDD-A8hBH
xPeTT4EV6E78CibXls-nY,-Q1NyL2hihfCdselYbnjo
xPeTT4EV6E78CibXls-nY,Uzldz52slOyT_7tD9MSW3
5ULWtgQiQJR0A-3WXER7w,F72UQSSv5qnV6dGq2o8t-
5ULWtgQiQJR0A-3WXER7w,KcVqSqCqpBoUqNfNlAkE7
5ULWtgQiQJR0A-3WXER7w,L34snMa-YMz_jT9erQqe2
5ULWtgQiQJR0A-3WXER7w,mE5Zf1AWhRKDQNHC_NsmV
rk-6EGphtR5t5fesrkbjF,F72UQSSv5qnV6dGq2o8t-
rk-6EGphtR5t5fesrkbjF,iW3M5z9QsfI5jnVSJjr5j
rk-6EGphtR5t5fesrkbjF,L34snMa-YMz_jT9erQqe2
rk-6EGphtR5t5fesrkbjF,2bdRQFIcZXrYbhxeWeffc
LLXUJ45C6QUMapkAIFD-7,n0OLj1cQnnbM3n-2eOzCj
LLXUJ45C6QUMapkAIFD-7,mE5Zf1AWhRKDQNHC_NsmV
LLXUJ45C6QUMapkAIFD-7,phlunt5HJ3fBcZXrezlHN
6hHkovkbc2hjxQzQwjtv5,phlunt5HJ3fBcZXrezlHN
6hHkovkbc2hjxQzQwjtv5,tqy6nsKbGDANBHHt7CQaG
LS5gHIMQxwhHPrOKnhpUY,F72UQSSv5qnV6dGq2o8t-
LS5gHIMQxwhHPrOKnhpUY,mE5Zf1AWhRKDQNHC_NsmV
LS5gHIMQxwhHPrOKnhpUY,L34snMa-YMz_jT9erQqe2
LS5gHIMQxwhHPrOKnhpUY,iW3M5z9QsfI5jnVSJjr5j
cbcv1BhLExgrMfOJCf7YV,F72UQSSv5qnV6dGq2o8t-
cbcv1BhLExgrMfOJCf7YV,Uzldz52slOyT_7tD9MSW3
cbcv1BhLExgrMfOJCf7YV,PFEwpbxaA9UrKET8fDnAt
SNQuCrKb4rMu9aemxxTEv,l9bkiReXBvPDuJX6TdvDu
SNQuCrKb4rMu9aemxxTEv,F72UQSSv5qnV6dGq2o8t-
5C9C2UisVfZrcEkYE9v2P,ncFeNw-5M4iGoDD-A8hBH
5C9C2UisVfZrcEkYE9v2P,n0OLj1cQnnbM3n-2eOzCj
5C9C2UisVfZrcEkYE9v2P,mE5Zf1AWhRKDQNHC_NsmV
5C9C2UisVfZrcEkYE9v2P,Uzldz52slOyT_7tD9MSW3
C9-734L1cxFl_L-NrhoJA,F72UQSSv5qnV6dGq2o8t-
C9-734L1cxFl_L-NrhoJA,n0OLj1cQnnbM3n-2eOzCj
C9-734L1cxFl_L-NrhoJA,mE5Zf1AWhRKDQNHC_NsmV
C9-734L1cxFl_L-NrhoJA,2bdRQFIcZXrYbhxeWeffc
C9-734L1cxFl_L-NrhoJA,PFEwpbxaA9UrKET8fDnAt
C9-734L1cxFl_L-NrhoJA,L34snMa-YMz_jT9erQqe2
M25xkkufHbpjbkrAkm-Rt,F72UQSSv5qnV6dGq2o8t-
M25xkkufHbpjbkrAkm-Rt,phlunt5HJ3fBcZXrezlHN
M25xkkufHbpjbkrAkm-Rt,iW3M5z9QsfI5jnVSJjr5j
4U-iovBrlGQAsD_CqVCBa,Uzldz52slOyT_7tD9MSW3
4U-iovBrlGQAsD_CqVCBa,F72UQSSv5qnV6dGq2o8t-
XGQ5Qsb8qIfw8S2AURz5I,F72UQSSv5qnV6dGq2o8t-
XGQ5Qsb8qIfw8S2AURz5I,iW3M5z9QsfI5jnVSJjr5j
XGQ5Qsb8qIfw8S2AURz5I,-5F1wQ50bue4PA2khE3sM
1KguXd8B2ct0qaMwgMvzP,F72UQSSv5qnV6dGq2o8t-
1KguXd8B2ct0qaMwgMvzP,mE5Zf1AWhRKDQNHC_NsmV
1KguXd8B2ct0qaMwgMvzP,n0OLj1cQnnbM3n-2eOzCj
1KguXd8B2ct0qaMwgMvzP,phlunt5HJ3fBcZXrezlHN
1KguXd8B2ct0qaMwgMvzP,Uzldz52slOyT_7tD9MSW3
notIrD22oUfQr7vOWt-hQ,-Q1NyL2hihfCdselYbnjo
notIrD22oUfQr7vOWt-hQ,ncFeNw-5M4iGoDD-A8hBH
notIrD22oUfQr7vOWt-hQ,F72UQSSv5qnV6dGq2o8t-
d8mrA0gFAuHVbOgf4hdyk,Uzldz52slOyT_7tD9MSW3
d8mrA0gFAuHVbOgf4hdyk,phlunt5HJ3fBcZXrezlHN
d8mrA0gFAuHVbOgf4hdyk,PFEwpbxaA9UrKET8fDnAt
p6_W15OwRvTR4pMDULsht,ncFeNw-5M4iGoDD-A8hBH
p6_W15OwRvTR4pMDULsht,F72UQSSv5qnV6dGq2o8t-
p6_W15OwRvTR4pMDULsht,phlunt5HJ3fBcZXrezlHN
p6_W15OwRvTR4pMDULsht,tqy6nsKbGDANBHHt7CQaG
nDEvnGlPKHNc72Wka0Z1t,2bdRQFIcZXrYbhxeWeffc
nDEvnGlPKHNc72Wka0Z1t,phlunt5HJ3fBcZXrezlHN
nDEvnGlPKHNc72Wka0Z1t,PFEwpbxaA9UrKET8fDnAt
YXzMG68qSlrxXzQ7YzcnS,F72UQSSv5qnV6dGq2o8t-
YXzMG68qSlrxXzQ7YzcnS,Uzldz52slOyT_7tD9MSW3
YXzMG68qSlrxXzQ7YzcnS,phlunt5HJ3fBcZXrezlHN
QfvmqzH2dhNmdmfV7TGAp,F72UQSSv5qnV6dGq2o8t-
QfvmqzH2dhNmdmfV7TGAp,n0OLj1cQnnbM3n-2eOzCj
QfvmqzH2dhNmdmfV7TGAp,iW3M5z9QsfI5jnVSJjr5j
QfvmqzH2dhNmdmfV7TGAp,PFEwpbxaA9UrKET8fDnAt
1RV16On19X1fiEST3t5fV,Uzldz52slOyT_7tD9MSW3
1RV16On19X1fiEST3t5fV,iW3M5z9QsfI5jnVSJjr5j
1RV16On19X1fiEST3t5fV,phlunt5HJ3fBcZXrezlHN
xVw6uHC4sqmfZ3kYfI9u4,2bdRQFIcZXrYbhxeWeffc
xVw6uHC4sqmfZ3kYfI9u4,n0OLj1cQnnbM3n-2eOzCj
xVw6uHC4sqmfZ3kYfI9u4,mE5Zf1AWhRKDQNHC_NsmV
xVw6uHC4sqmfZ3kYfI9u4,PFEwpbxaA9UrKET8fDnAt
xVw6uHC4sqmfZ3kYfI9u4,iW3M5z9QsfI5jnVSJjr5j
DvUh4VI1xJ6Gg5csKrf1Q,F72UQSSv5qnV6dGq2o8t-
DvUh4VI1xJ6Gg5csKrf1Q,iW3M5z9QsfI5jnVSJjr5j
DvUh4VI1xJ6Gg5csKrf1Q,n0OLj1cQnnbM3n-2eOzCj
PLtUB_JaNwSWpPNBzteFL,F72UQSSv5qnV6dGq2o8t-
PLtUB_JaNwSWpPNBzteFL,n0OLj1cQnnbM3n-2eOzCj
PLtUB_JaNwSWpPNBzteFL,mE5Zf1AWhRKDQNHC_NsmV
PLtUB_JaNwSWpPNBzteFL,Uzldz52slOyT_7tD9MSW3
vrvSxscHLfmA1pv7yEUi2,ncFeNw-5M4iGoDD-A8hBH
vrvSxscHLfmA1pv7yEUi2,phlunt5HJ3fBcZXrezlHN
vrvSxscHLfmA1pv7yEUi2,-Q1NyL2hihfCdselYbnjo
vrvSxscHLfmA1pv7yEUi2,Uzldz52slOyT_7tD9MSW3
d8AKBwtpneNG9CV9U1DB8,F72UQSSv5qnV6dGq2o8t-
d8AKBwtpneNG9CV9U1DB8,L34snMa-YMz_jT9erQqe2
d8AKBwtpneNG9CV9U1DB8,iW3M5z9QsfI5jnVSJjr5j
OyaSBPvqSGSzTd8FYORBD,F72UQSSv5qnV6dGq2o8t-
OyaSBPvqSGSzTd8FYORBD,iW3M5z9QsfI5jnVSJjr5j
OyaSBPvqSGSzTd8FYORBD,mE5Zf1AWhRKDQNHC_NsmV
OyaSBPvqSGSzTd8FYORBD,L34snMa-YMz_jT9erQqe2
z7Xkp4ceWLYZFzFnH2w2X,F72UQSSv5qnV6dGq2o8t-
z7Xkp4ceWLYZFzFnH2w2X,mE5Zf1AWhRKDQNHC_NsmV
z7Xkp4ceWLYZFzFnH2w2X,L34snMa-YMz_jT9erQqe2
z7Xkp4ceWLYZFzFnH2w2X,2bdRQFIcZXrYbhxeWeffc
z7Xkp4ceWLYZFzFnH2w2X,iW3M5z9QsfI5jnVSJjr5j
_9Y8viLeAgiUCPs38jrii,F72UQSSv5qnV6dGq2o8t-
_9Y8viLeAgiUCPs38jrii,n0OLj1cQnnbM3n-2eOzCj
_9Y8viLeAgiUCPs38jrii,PFEwpbxaA9UrKET8fDnAt
V-OY_RJYIZLdtsw_0_6OR,F72UQSSv5qnV6dGq2o8t-
V-OY_RJYIZLdtsw_0_6OR,phlunt5HJ3fBcZXrezlHN
V-OY_RJYIZLdtsw_0_6OR,Uzldz52slOyT_7tD9MSW3
PaSKRyQFNgSVCwrC1-gzH,2bdRQFIcZXrYbhxeWeffc
PaSKRyQFNgSVCwrC1-gzH,n0OLj1cQnnbM3n-2eOzCj
PaSKRyQFNgSVCwrC1-gzH,PFEwpbxaA9UrKET8fDnAt
hnLIacQggyiNaYMMDxYj0,ncFeNw-5M4iGoDD-A8hBH
hnLIacQggyiNaYMMDxYj0,iW3M5z9QsfI5jnVSJjr5j
hnLIacQggyiNaYMMDxYj0,phlunt5HJ3fBcZXrezlHN
fBJneMlIgwrEJwjkX8Hzc,F72UQSSv5qnV6dGq2o8t-
fBJneMlIgwrEJwjkX8Hzc,phlunt5HJ3fBcZXrezlHN
fBJneMlIgwrEJwjkX8Hzc,tqy6nsKbGDANBHHt7CQaG
1qjlza1MKGrNoCCRNv_Ox,F72UQSSv5qnV6dGq2o8t-
1qjlza1MKGrNoCCRNv_Ox,iW3M5z9QsfI5jnVSJjr5j
1qjlza1MKGrNoCCRNv_Ox,L34snMa-YMz_jT9erQqe2
JPiT3qnxeb-HIuKdYftVN,F72UQSSv5qnV6dGq2o8t-
JPiT3qnxeb-HIuKdYftVN,iW3M5z9QsfI5jnVSJjr5j
JPiT3qnxeb-HIuKdYftVN,L34snMa-YMz_jT9erQqe2
HAPRIkDVDxkly8HmmFRn3,F72UQSSv5qnV6dGq2o8t-
HAPRIkDVDxkly8HmmFRn3,L34snMa-YMz_jT9erQqe2
HAPRIkDVDxkly8HmmFRn3,phlunt5HJ3fBcZXrezlHN
pRH-3kTnmtvRHx8fJGtir,F72UQSSv5qnV6dGq2o8t-
pRH-3kTnmtvRHx8fJGtir,Uzldz52slOyT_7tD9MSW3
pRH-3kTnmtvRHx8fJGtir,phlunt5HJ3fBcZXrezlHN
spY4hg30Q0fz00ZS_FQZw,F72UQSSv5qnV6dGq2o8t-
spY4hg30Q0fz00ZS_FQZw,iW3M5z9QsfI5jnVSJjr5j
spY4hg30Q0fz00ZS_FQZw,ncFeNw-5M4iGoDD-A8hBH
m57CbnKYcrMpe0U8wONWO,F72UQSSv5qnV6dGq2o8t-
m57CbnKYcrMpe0U8wONWO,mE5Zf1AWhRKDQNHC_NsmV
m57CbnKYcrMpe0U8wONWO,L34snMa-YMz_jT9erQqe2
m57CbnKYcrMpe0U8wONWO,PFEwpbxaA9UrKET8fDnAt
TTjo65MQ3USX0Gpbb3lFY,n0OLj1cQnnbM3n-2eOzCj
TTjo65MQ3USX0Gpbb3lFY,phlunt5HJ3fBcZXrezlHN
B2E2yT30HYfgtaTrH1ZSL,F72UQSSv5qnV6dGq2o8t-
B2E2yT30HYfgtaTrH1ZSL,n0OLj1cQnnbM3n-2eOzCj
B2E2yT30HYfgtaTrH1ZSL,mE5Zf1AWhRKDQNHC_NsmV
B2E2yT30HYfgtaTrH1ZSL,L34snMa-YMz_jT9erQqe2
hljHOxLOpmvuqfWY54_dM,phlunt5HJ3fBcZXrezlHN
hljHOxLOpmvuqfWY54_dM,Uzldz52slOyT_7tD9MSW3
5dS36QSc0HPje_yIRSdm1,PFEwpbxaA9UrKET8fDnAt
5dS36QSc0HPje_yIRSdm1,n0OLj1cQnnbM3n-2eOzCj
W3WUTNwXJ89vrkBVjS5fr,PFEwpbxaA9UrKET8fDnAt
W3WUTNwXJ89vrkBVjS5fr,n0OLj1cQnnbM3n-2eOzCj
W3WUTNwXJ89vrkBVjS5fr,phlunt5HJ3fBcZXrezlHN
W3WUTNwXJ89vrkBVjS5fr,Uzldz52slOyT_7tD9MSW3
W3WUTNwXJ89vrkBVjS5fr,ncFeNw-5M4iGoDD-A8hBH
-lAXDRESXLyyrXiu5afKY,ncFeNw-5M4iGoDD-A8hBH
-lAXDRESXLyyrXiu5afKY,phlunt5HJ3fBcZXrezlHN
-lAXDRESXLyyrXiu5afKY,n0OLj1cQnnbM3n-2eOzCj
cAbmkRYJ8W9vAk5whg6FK,mE5Zf1AWhRKDQNHC_NsmV
cAbmkRYJ8W9vAk5whg6FK,phlunt5HJ3fBcZXrezlHN
fxfy_3WWoAzghLf7YGdQc,F72UQSSv5qnV6dGq2o8t-
fxfy_3WWoAzghLf7YGdQc,phlunt5HJ3fBcZXrezlHN
zPgJ87jNkcT9xgiJWyh07,F72UQSSv5qnV6dGq2o8t-
zPgJ87jNkcT9xgiJWyh07,phlunt5HJ3fBcZXrezlHN
zPgJ87jNkcT9xgiJWyh07,tqy6nsKbGDANBHHt7CQaG
6UM4CyrqSEZXc3DSOiTrZ,F72UQSSv5qnV6dGq2o8t-
6UM4CyrqSEZXc3DSOiTrZ,mE5Zf1AWhRKDQNHC_NsmV
6UM4CyrqSEZXc3DSOiTrZ,L34snMa-YMz_jT9erQqe2
oR76FD6kbDIqKwnXZr63S,F72UQSSv5qnV6dGq2o8t-
oR76FD6kbDIqKwnXZr63S,phlunt5HJ3fBcZXrezlHN
oR76FD6kbDIqKwnXZr63S,iW3M5z9QsfI5jnVSJjr5j
ZINK7XKx6E_Dk7qBO1W8X,F72UQSSv5qnV6dGq2o8t-
ZINK7XKx6E_Dk7qBO1W8X,KcVqSqCqpBoUqNfNlAkE7
ZINK7XKx6E_Dk7qBO1W8X,n0OLj1cQnnbM3n-2eOzCj
ZINK7XKx6E_Dk7qBO1W8X,mE5Zf1AWhRKDQNHC_NsmV
ZINK7XKx6E_Dk7qBO1W8X,L34snMa-YMz_jT9erQqe2
ZINK7XKx6E_Dk7qBO1W8X,iW3M5z9QsfI5jnVSJjr5j
iqAfJh5y_X6gkMEglf237,ncFeNw-5M4iGoDD-A8hBH
iqAfJh5y_X6gkMEglf237,iW3M5z9QsfI5jnVSJjr5j
iqAfJh5y_X6gkMEglf237,Uzldz52slOyT_7tD9MSW3
L_IW94neJlZcNyqZjExxh,PFEwpbxaA9UrKET8fDnAt
L_IW94neJlZcNyqZjExxh,n0OLj1cQnnbM3n-2eOzCj
L_IW94neJlZcNyqZjExxh,Uzldz52slOyT_7tD9MSW3
wpHUE9lWTzFmSyyLIqxW9,iW3M5z9QsfI5jnVSJjr5j
wpHUE9lWTzFmSyyLIqxW9,phlunt5HJ3fBcZXrezlHN
lmEHqKQPer9lo8uZuGbCA,n0OLj1cQnnbM3n-2eOzCj
lmEHqKQPer9lo8uZuGbCA,2bdRQFIcZXrYbhxeWeffc
lmEHqKQPer9lo8uZuGbCA,phlunt5HJ3fBcZXrezlHN
LxKLKwEbDyNF_3E0i-WLf,F72UQSSv5qnV6dGq2o8t-
LxKLKwEbDyNF_3E0i-WLf,iW3M5z9QsfI5jnVSJjr5j
LxKLKwEbDyNF_3E0i-WLf,L34snMa-YMz_jT9erQqe2
Ahde6mJrSW2a8VHQfPg42,F72UQSSv5qnV6dGq2o8t-
Ahde6mJrSW2a8VHQfPg42,phlunt5HJ3fBcZXrezlHN
Ahde6mJrSW2a8VHQfPg42,Uzldz52slOyT_7tD9MSW3
6kZW2lbR1tMdHhPIj7Lnl,F72UQSSv5qnV6dGq2o8t-
6kZW2lbR1tMdHhPIj7Lnl,L34snMa-YMz_jT9erQqe2
6kZW2lbR1tMdHhPIj7Lnl,iW3M5z9QsfI5jnVSJjr5j
vyqCSe5S67EMJkPQzPbN1,ncFeNw-5M4iGoDD-A8hBH
vyqCSe5S67EMJkPQzPbN1,iW3M5z9QsfI5jnVSJjr5j
vyqCSe5S67EMJkPQzPbN1,Uzldz52slOyT_7tD9MSW3
vyqCSe5S67EMJkPQzPbN1,phlunt5HJ3fBcZXrezlHN
DM8s3RaXFJhoOMw9SUnE5,2bdRQFIcZXrYbhxeWeffc
DM8s3RaXFJhoOMw9SUnE5,n0OLj1cQnnbM3n-2eOzCj
DM8s3RaXFJhoOMw9SUnE5,-Q1NyL2hihfCdselYbnjo
DM8s3RaXFJhoOMw9SUnE5,ncFeNw-5M4iGoDD-A8hBH
DM8s3RaXFJhoOMw9SUnE5,phlunt5HJ3fBcZXrezlHN
bfrBlSjEBmQVMOb2zWfep,n0OLj1cQnnbM3n-2eOzCj
bfrBlSjEBmQVMOb2zWfep,2bdRQFIcZXrYbhxeWeffc
bfrBlSjEBmQVMOb2zWfep,PFEwpbxaA9UrKET8fDnAt
bfrBlSjEBmQVMOb2zWfep,phlunt5HJ3fBcZXrezlHN
kwUQzL6AvWw5iTnOdXsrA,n0OLj1cQnnbM3n-2eOzCj
kwUQzL6AvWw5iTnOdXsrA,PFEwpbxaA9UrKET8fDnAt
Q5jK4ASZAZ-ycM_SCryU4,F72UQSSv5qnV6dGq2o8t-
Q5jK4ASZAZ-ycM_SCryU4,n0OLj1cQnnbM3n-2eOzCj
Q5jK4ASZAZ-ycM_SCryU4,phlunt5HJ3fBcZXrezlHN
WHkBbiL4degohoMAlRRDf,F72UQSSv5qnV6dGq2o8t-
WHkBbiL4degohoMAlRRDf,iW3M5z9QsfI5jnVSJjr5j
WHkBbiL4degohoMAlRRDf,phlunt5HJ3fBcZXrezlHN
WHkBbiL4degohoMAlRRDf,PFEwpbxaA9UrKET8fDnAt
Pp1j6m6Ns2K3rbaUeBFY4,L34snMa-YMz_jT9erQqe2
Pp1j6m6Ns2K3rbaUeBFY4,iW3M5z9QsfI5jnVSJjr5j
Pp1j6m6Ns2K3rbaUeBFY4,F72UQSSv5qnV6dGq2o8t-
a_izplAE-n7iVXebysM5x,F72UQSSv5qnV6dGq2o8t-
a_izplAE-n7iVXebysM5x,Uzldz52slOyT_7tD9MSW3
a_izplAE-n7iVXebysM5x,phlunt5HJ3fBcZXrezlHN
a_izplAE-n7iVXebysM5x,l9bkiReXBvPDuJX6TdvDu
80HatsqzUlDCDu17vDi7H,iW3M5z9QsfI5jnVSJjr5j
80HatsqzUlDCDu17vDi7H,-Q1NyL2hihfCdselYbnjo
80HatsqzUlDCDu17vDi7H,ncFeNw-5M4iGoDD-A8hBH
UNRQMrxln5sh5PQkiyaE9,F72UQSSv5qnV6dGq2o8t-
UNRQMrxln5sh5PQkiyaE9,L34snMa-YMz_jT9erQqe2
UNRQMrxln5sh5PQkiyaE9,PFEwpbxaA9UrKET8fDnAt
UNRQMrxln5sh5PQkiyaE9,Uzldz52slOyT_7tD9MSW3
Q5DTI3mFZs8c0gcuRwvQo,F72UQSSv5qnV6dGq2o8t-
Q5DTI3mFZs8c0gcuRwvQo,iW3M5z9QsfI5jnVSJjr5j
Q5DTI3mFZs8c0gcuRwvQo,phlunt5HJ3fBcZXrezlHN
q-QUQWvaQI_adu2tWIYpc,F72UQSSv5qnV6dGq2o8t-
q-QUQWvaQI_adu2tWIYpc,iW3M5z9QsfI5jnVSJjr5j
q-QUQWvaQI_adu2tWIYpc,L34snMa-YMz_jT9erQqe2
5B0ek9wK7RcU7B4IT3PEs,F72UQSSv5qnV6dGq2o8t-
5B0ek9wK7RcU7B4IT3PEs,iW3M5z9QsfI5jnVSJjr5j
5B0ek9wK7RcU7B4IT3PEs,ncFeNw-5M4iGoDD-A8hBH
QDtTIlsktcVDBJiFfoynd,F72UQSSv5qnV6dGq2o8t-
QDtTIlsktcVDBJiFfoynd,iW3M5z9QsfI5jnVSJjr5j
QDtTIlsktcVDBJiFfoynd,L34snMa-YMz_jT9erQqe2
utx8fg1wvyYSMwm0s93wI,F72UQSSv5qnV6dGq2o8t-
utx8fg1wvyYSMwm0s93wI,iW3M5z9QsfI5jnVSJjr5j
utx8fg1wvyYSMwm0s93wI,phlunt5HJ3fBcZXrezlHN
9SaukEergPGFebpBns47G,Uzldz52slOyT_7tD9MSW3
9SaukEergPGFebpBns47G,phlunt5HJ3fBcZXrezlHN
S_1Mu3W5p30W3CHr7F3Ku,F72UQSSv5qnV6dGq2o8t-
S_1Mu3W5p30W3CHr7F3Ku,ncFeNw-5M4iGoDD-A8hBH
S_1Mu3W5p30W3CHr7F3Ku,iW3M5z9QsfI5jnVSJjr5j
S_1Mu3W5p30W3CHr7F3Ku,phlunt5HJ3fBcZXrezlHN
l4z9Ry7EW6oYiLDBRUfX-,n0OLj1cQnnbM3n-2eOzCj
l4z9Ry7EW6oYiLDBRUfX-,F72UQSSv5qnV6dGq2o8t-
S0HCDfTyA4hLR45IW5ysm,F72UQSSv5qnV6dGq2o8t-
S0HCDfTyA4hLR45IW5ysm,ncFeNw-5M4iGoDD-A8hBH
S0HCDfTyA4hLR45IW5ysm,iW3M5z9QsfI5jnVSJjr5j
b3O74zx5c_sOu0QQCQ-Xp,F72UQSSv5qnV6dGq2o8t-
b3O74zx5c_sOu0QQCQ-Xp,L34snMa-YMz_jT9erQqe2
b3O74zx5c_sOu0QQCQ-Xp,Uzldz52slOyT_7tD9MSW3
b3O74zx5c_sOu0QQCQ-Xp,phlunt5HJ3fBcZXrezlHN
YGALWhCCuIDwo7hGhUSPI,F72UQSSv5qnV6dGq2o8t-
YGALWhCCuIDwo7hGhUSPI,n0OLj1cQnnbM3n-2eOzCj
YGALWhCCuIDwo7hGhUSPI,L34snMa-YMz_jT9erQqe2
YGALWhCCuIDwo7hGhUSPI,-Q1NyL2hihfCdselYbnjo
tQKSySs7mata0pM_hGlTb,n0OLj1cQnnbM3n-2eOzCj
tQKSySs7mata0pM_hGlTb,PFEwpbxaA9UrKET8fDnAt
tQKSySs7mata0pM_hGlTb,2bdRQFIcZXrYbhxeWeffc
tQKSySs7mata0pM_hGlTb,L34snMa-YMz_jT9erQqe2
LUxBF1bCOL2xCpHcseQcK,n0OLj1cQnnbM3n-2eOzCj
LUxBF1bCOL2xCpHcseQcK,PFEwpbxaA9UrKET8fDnAt
LUxBF1bCOL2xCpHcseQcK,phlunt5HJ3fBcZXrezlHN
BWjWBjGldGMgCxifaINbA,F72UQSSv5qnV6dGq2o8t-
BWjWBjGldGMgCxifaINbA,n0OLj1cQnnbM3n-2eOzCj
BWjWBjGldGMgCxifaINbA,phlunt5HJ3fBcZXrezlHN
BWjWBjGldGMgCxifaINbA,Uzldz52slOyT_7tD9MSW3
LAdkWUyOdqJ7Hg2RI65El,F72UQSSv5qnV6dGq2o8t-
LAdkWUyOdqJ7Hg2RI65El,2bdRQFIcZXrYbhxeWeffc
LAdkWUyOdqJ7Hg2RI65El,iW3M5z9QsfI5jnVSJjr5j
LAdkWUyOdqJ7Hg2RI65El,L34snMa-YMz_jT9erQqe2
t2S2JWOEcRnpfaWE9tdMy,F72UQSSv5qnV6dGq2o8t-
t2S2JWOEcRnpfaWE9tdMy,phlunt5HJ3fBcZXrezlHN
t2S2JWOEcRnpfaWE9tdMy,ncFeNw-5M4iGoDD-A8hBH
t2S2JWOEcRnpfaWE9tdMy,Uzldz52slOyT_7tD9MSW3
swDP1SRzLcTys32uIIQ-D,n0OLj1cQnnbM3n-2eOzCj
swDP1SRzLcTys32uIIQ-D,mE5Zf1AWhRKDQNHC_NsmV
swDP1SRzLcTys32uIIQ-D,F72UQSSv5qnV6dGq2o8t-
xU206VHadZCD1BkBeozIt,F72UQSSv5qnV6dGq2o8t-
xU206VHadZCD1BkBeozIt,L34snMa-YMz_jT9erQqe2
xU206VHadZCD1BkBeozIt,iW3M5z9QsfI5jnVSJjr5j
F0dMFyIRF9xfQQPh_a607,F72UQSSv5qnV6dGq2o8t-
F0dMFyIRF9xfQQPh_a607,L34snMa-YMz_jT9erQqe2
F0dMFyIRF9xfQQPh_a607,n0OLj1cQnnbM3n-2eOzCj
gdO42asxJRBXJD5mFEJLK,F72UQSSv5qnV6dGq2o8t-
gdO42asxJRBXJD5mFEJLK,n0OLj1cQnnbM3n-2eOzCj
gdO42asxJRBXJD5mFEJLK,L34snMa-YMz_jT9erQqe2
gdO42asxJRBXJD5mFEJLK,Uzldz52slOyT_7tD9MSW3
gdO42asxJRBXJD5mFEJLK,iW3M5z9QsfI5jnVSJjr5j
TgIyeeUjpYYuyfo46xE1o,PFEwpbxaA9UrKET8fDnAt
TgIyeeUjpYYuyfo46xE1o,n0OLj1cQnnbM3n-2eOzCj
TgIyeeUjpYYuyfo46xE1o,mE5Zf1AWhRKDQNHC_NsmV
rSq4KFmDQwKEt6z_4vuTE,F72UQSSv5qnV6dGq2o8t-
rSq4KFmDQwKEt6z_4vuTE,n0OLj1cQnnbM3n-2eOzCj
rSq4KFmDQwKEt6z_4vuTE,phlunt5HJ3fBcZXrezlHN
rSq4KFmDQwKEt6z_4vuTE,tqy6nsKbGDANBHHt7CQaG
TYqaCLhmT1Kn6FZZNR9cN,F72UQSSv5qnV6dGq2o8t-
TYqaCLhmT1Kn6FZZNR9cN,n0OLj1cQnnbM3n-2eOzCj
TYqaCLhmT1Kn6FZZNR9cN,2bdRQFIcZXrYbhxeWeffc
TYqaCLhmT1Kn6FZZNR9cN,phlunt5HJ3fBcZXrezlHN
O4Kq1N8t9k9LqDSPgZdXY,F72UQSSv5qnV6dGq2o8t-
O4Kq1N8t9k9LqDSPgZdXY,iW3M5z9QsfI5jnVSJjr5j
O4Kq1N8t9k9LqDSPgZdXY,phlunt5HJ3fBcZXrezlHN
JFEPsUDTY3Mf5Bpro2jEN,F72UQSSv5qnV6dGq2o8t-
JFEPsUDTY3Mf5Bpro2jEN,Uzldz52slOyT_7tD9MSW3
JFEPsUDTY3Mf5Bpro2jEN,phlunt5HJ3fBcZXrezlHN
ATt8B5DeF-VWA13gSct0p,F72UQSSv5qnV6dGq2o8t-
ATt8B5DeF-VWA13gSct0p,n0OLj1cQnnbM3n-2eOzCj
ATt8B5DeF-VWA13gSct0p,L34snMa-YMz_jT9erQqe2
ATt8B5DeF-VWA13gSct0p,phlunt5HJ3fBcZXrezlHN
jeZ83kb-0jWe2LATNTdaN,F72UQSSv5qnV6dGq2o8t-
jeZ83kb-0jWe2LATNTdaN,mE5Zf1AWhRKDQNHC_NsmV
jeZ83kb-0jWe2LATNTdaN,phlunt5HJ3fBcZXrezlHN
UmzAiwgPHUW-wVEeqrIjc,Uzldz52slOyT_7tD9MSW3
UmzAiwgPHUW-wVEeqrIjc,phlunt5HJ3fBcZXrezlHN
PXjeOsrjvPAJDKzgbbkMo,PFEwpbxaA9UrKET8fDnAt
PXjeOsrjvPAJDKzgbbkMo,F72UQSSv5qnV6dGq2o8t-
EZitvgX7SZPJiMoTRWmDO,PFEwpbxaA9UrKET8fDnAt
EZitvgX7SZPJiMoTRWmDO,n0OLj1cQnnbM3n-2eOzCj
ijLoXoOFTQHAKtZxA8jRJ,F72UQSSv5qnV6dGq2o8t-
ijLoXoOFTQHAKtZxA8jRJ,KcVqSqCqpBoUqNfNlAkE7
ijLoXoOFTQHAKtZxA8jRJ,n0OLj1cQnnbM3n-2eOzCj
ijLoXoOFTQHAKtZxA8jRJ,mE5Zf1AWhRKDQNHC_NsmV
ijLoXoOFTQHAKtZxA8jRJ,L34snMa-YMz_jT9erQqe2
ijLoXoOFTQHAKtZxA8jRJ,phlunt5HJ3fBcZXrezlHN
oUN1-JjhbtxsIs0WrRPoe,F72UQSSv5qnV6dGq2o8t-
oUN1-JjhbtxsIs0WrRPoe,PFEwpbxaA9UrKET8fDnAt
oUN1-JjhbtxsIs0WrRPoe,iW3M5z9QsfI5jnVSJjr5j
oUN1-JjhbtxsIs0WrRPoe,-5F1wQ50bue4PA2khE3sM
ysLhcZX02hMXpkPlvjH-I,n0OLj1cQnnbM3n-2eOzCj
ysLhcZX02hMXpkPlvjH-I,mE5Zf1AWhRKDQNHC_NsmV
ysLhcZX02hMXpkPlvjH-I,phlunt5HJ3fBcZXrezlHN
5J1ALM58RoPq6TDGBZiUP,F72UQSSv5qnV6dGq2o8t-
5J1ALM58RoPq6TDGBZiUP,L34snMa-YMz_jT9erQqe2
5J1ALM58RoPq6TDGBZiUP,iW3M5z9QsfI5jnVSJjr5j
hDAk3SACuhSL5LU3g5uuv,F72UQSSv5qnV6dGq2o8t-
hDAk3SACuhSL5LU3g5uuv,iW3M5z9QsfI5jnVSJjr5j
hDAk3SACuhSL5LU3g5uuv,phlunt5HJ3fBcZXrezlHN
ybkTOP2V3zEpztLehFjpe,F72UQSSv5qnV6dGq2o8t-
ybkTOP2V3zEpztLehFjpe,iW3M5z9QsfI5jnVSJjr5j
ybkTOP2V3zEpztLehFjpe,phlunt5HJ3fBcZXrezlHN
ybkTOP2V3zEpztLehFjpe,Uzldz52slOyT_7tD9MSW3
fLsFqDx4smw8pm7VQqbEU,F72UQSSv5qnV6dGq2o8t-
fLsFqDx4smw8pm7VQqbEU,L34snMa-YMz_jT9erQqe2
fLsFqDx4smw8pm7VQqbEU,n0OLj1cQnnbM3n-2eOzCj
Lt4iUuAFoj4xGAJNklxRV,F72UQSSv5qnV6dGq2o8t-
Lt4iUuAFoj4xGAJNklxRV,ncFeNw-5M4iGoDD-A8hBH
Lt4iUuAFoj4xGAJNklxRV,iW3M5z9QsfI5jnVSJjr5j
Lt4iUuAFoj4xGAJNklxRV,phlunt5HJ3fBcZXrezlHN
vP4Y2fNafKrU7_e9d1CJs,F72UQSSv5qnV6dGq2o8t-
vP4Y2fNafKrU7_e9d1CJs,phlunt5HJ3fBcZXrezlHN
vP4Y2fNafKrU7_e9d1CJs,iW3M5z9QsfI5jnVSJjr5j
qIPybjMPOia-m7ipw42Q4,F72UQSSv5qnV6dGq2o8t-
qIPybjMPOia-m7ipw42Q4,Uzldz52slOyT_7tD9MSW3
10q46_DRkB8qJHFJOy1QO,F72UQSSv5qnV6dGq2o8t-
10q46_DRkB8qJHFJOy1QO,phlunt5HJ3fBcZXrezlHN
10q46_DRkB8qJHFJOy1QO,PFEwpbxaA9UrKET8fDnAt
10q46_DRkB8qJHFJOy1QO,WpkELU1QduAUsJRvAKneB
SMiuN5pfz4T0MEr_N-qO8,F72UQSSv5qnV6dGq2o8t-
SMiuN5pfz4T0MEr_N-qO8,phlunt5HJ3fBcZXrezlHN
SMiuN5pfz4T0MEr_N-qO8,Uzldz52slOyT_7tD9MSW3
x_c0qmNLXps6Dyql_awkh,F72UQSSv5qnV6dGq2o8t-
x_c0qmNLXps6Dyql_awkh,L34snMa-YMz_jT9erQqe2
x_c0qmNLXps6Dyql_awkh,iW3M5z9QsfI5jnVSJjr5j
b7_wOoTrVwJoyMYY-zvIg,mE5Zf1AWhRKDQNHC_NsmV
b7_wOoTrVwJoyMYY-zvIg,n0OLj1cQnnbM3n-2eOzCj
b7_wOoTrVwJoyMYY-zvIg,F72UQSSv5qnV6dGq2o8t-
WHImlXAGw42TKtqLW_MwX,F72UQSSv5qnV6dGq2o8t-
WHImlXAGw42TKtqLW_MwX,n0OLj1cQnnbM3n-2eOzCj
WHImlXAGw42TKtqLW_MwX,mE5Zf1AWhRKDQNHC_NsmV
WHImlXAGw42TKtqLW_MwX,L34snMa-YMz_jT9erQqe2
WHImlXAGw42TKtqLW_MwX,phlunt5HJ3fBcZXrezlHN
ggrEs4f5RdQkXFbvDYbjH,F72UQSSv5qnV6dGq2o8t-
ggrEs4f5RdQkXFbvDYbjH,L34snMa-YMz_jT9erQqe2
ggrEs4f5RdQkXFbvDYbjH,ncFeNw-5M4iGoDD-A8hBH
ggrEs4f5RdQkXFbvDYbjH,iW3M5z9QsfI5jnVSJjr5j
MyoUZ7HHNKCgsl3vHoI5s,ncFeNw-5M4iGoDD-A8hBH
MyoUZ7HHNKCgsl3vHoI5s,iW3M5z9QsfI5jnVSJjr5j
MyoUZ7HHNKCgsl3vHoI5s,Uzldz52slOyT_7tD9MSW3
MyoUZ7HHNKCgsl3vHoI5s,phlunt5HJ3fBcZXrezlHN
1nrvJAuuUySb0IQbjMrHV,n0OLj1cQnnbM3n-2eOzCj
1nrvJAuuUySb0IQbjMrHV,PFEwpbxaA9UrKET8fDnAt
1nrvJAuuUySb0IQbjMrHV,2bdRQFIcZXrYbhxeWeffc
FdnrCyrM-RNWUrnGzsE6P,F72UQSSv5qnV6dGq2o8t-
FdnrCyrM-RNWUrnGzsE6P,L34snMa-YMz_jT9erQqe2
FdnrCyrM-RNWUrnGzsE6P,n0OLj1cQnnbM3n-2eOzCj
E2uP_uSCt4gjwdWfBd781,n0OLj1cQnnbM3n-2eOzCj
E2uP_uSCt4gjwdWfBd781,PFEwpbxaA9UrKET8fDnAt
E2uP_uSCt4gjwdWfBd781,phlunt5HJ3fBcZXrezlHN
E2uP_uSCt4gjwdWfBd781,Uzldz52slOyT_7tD9MSW3
xMYoXHhAUB8KZQ1OjRErB,F72UQSSv5qnV6dGq2o8t-
xMYoXHhAUB8KZQ1OjRErB,phlunt5HJ3fBcZXrezlHN
xMYoXHhAUB8KZQ1OjRErB,n0OLj1cQnnbM3n-2eOzCj
a2uTa58x9i0_x2LBWHFdv,Uzldz52slOyT_7tD9MSW3
a2uTa58x9i0_x2LBWHFdv,PFEwpbxaA9UrKET8fDnAt
MPFqfwjX85apWRLcMIkbH,F72UQSSv5qnV6dGq2o8t-
MPFqfwjX85apWRLcMIkbH,L34snMa-YMz_jT9erQqe2
MPFqfwjX85apWRLcMIkbH,PFEwpbxaA9UrKET8fDnAt
FzTYhhcEtXpE64aY6ilbp,n0OLj1cQnnbM3n-2eOzCj
FzTYhhcEtXpE64aY6ilbp,mE5Zf1AWhRKDQNHC_NsmV
FzTYhhcEtXpE64aY6ilbp,phlunt5HJ3fBcZXrezlHN
nfScjkq96kyDe4_h3dsOK,Uzldz52slOyT_7tD9MSW3
nfScjkq96kyDe4_h3dsOK,phlunt5HJ3fBcZXrezlHN
xgE_uH5Ya3V5D0Fjl5WtS,F72UQSSv5qnV6dGq2o8t-
xgE_uH5Ya3V5D0Fjl5WtS,n0OLj1cQnnbM3n-2eOzCj
xgE_uH5Ya3V5D0Fjl5WtS,Uzldz52slOyT_7tD9MSW3
bR37iAbaiH7vC3Yd6NuKi,F72UQSSv5qnV6dGq2o8t-
bR37iAbaiH7vC3Yd6NuKi,iW3M5z9QsfI5jnVSJjr5j
bR37iAbaiH7vC3Yd6NuKi,phlunt5HJ3fBcZXrezlHN
6czZ6vvX2IS7HAfMvZ-DP,ncFeNw-5M4iGoDD-A8hBH
6czZ6vvX2IS7HAfMvZ-DP,-Q1NyL2hihfCdselYbnjo
6czZ6vvX2IS7HAfMvZ-DP,F72UQSSv5qnV6dGq2o8t-
rdIQp2N6IR4lT9fg9ow4P,n0OLj1cQnnbM3n-2eOzCj
rdIQp2N6IR4lT9fg9ow4P,mE5Zf1AWhRKDQNHC_NsmV
rdIQp2N6IR4lT9fg9ow4P,F72UQSSv5qnV6dGq2o8t-
ggE4284ub7pEeorkqJN_3,F72UQSSv5qnV6dGq2o8t-
ggE4284ub7pEeorkqJN_3,phlunt5HJ3fBcZXrezlHN
ggE4284ub7pEeorkqJN_3,PFEwpbxaA9UrKET8fDnAt
ggE4284ub7pEeorkqJN_3,l9bkiReXBvPDuJX6TdvDu
nhbEPV9rJD5bPBEnhykNt,F72UQSSv5qnV6dGq2o8t-
nhbEPV9rJD5bPBEnhykNt,L34snMa-YMz_jT9erQqe2
nhbEPV9rJD5bPBEnhykNt,iW3M5z9QsfI5jnVSJjr5j
1IuNkovsrAfP55c4CkdQP,mE5Zf1AWhRKDQNHC_NsmV
1IuNkovsrAfP55c4CkdQP,n0OLj1cQnnbM3n-2eOzCj
1IuNkovsrAfP55c4CkdQP,F72UQSSv5qnV6dGq2o8t-
1IuNkovsrAfP55c4CkdQP,PFEwpbxaA9UrKET8fDnAt
sKq8D3GeG74CyISNoM3qa,iW3M5z9QsfI5jnVSJjr5j
sKq8D3GeG74CyISNoM3qa,L34snMa-YMz_jT9erQqe2
sKq8D3GeG74CyISNoM3qa,phlunt5HJ3fBcZXrezlHN
fNp5HNJ0GdwBrSfdykRXp,F72UQSSv5qnV6dGq2o8t-
fNp5HNJ0GdwBrSfdykRXp,iW3M5z9QsfI5jnVSJjr5j
fNp5HNJ0GdwBrSfdykRXp,phlunt5HJ3fBcZXrezlHN
06yteRBU_6dAE3ag8hFt5,F72UQSSv5qnV6dGq2o8t-
06yteRBU_6dAE3ag8hFt5,iW3M5z9QsfI5jnVSJjr5j
06yteRBU_6dAE3ag8hFt5,-5F1wQ50bue4PA2khE3sM
wi9BmJuzrzWrbkE_bBvXG,iW3M5z9QsfI5jnVSJjr5j
wi9BmJuzrzWrbkE_bBvXG,phlunt5HJ3fBcZXrezlHN
ozXsTiPATtkj6FHMMvlzg,iW3M5z9QsfI5jnVSJjr5j
ozXsTiPATtkj6FHMMvlzg,phlunt5HJ3fBcZXrezlHN
BfnZeJt72uS_15DKRaIVL,iW3M5z9QsfI5jnVSJjr5j
BfnZeJt72uS_15DKRaIVL,phlunt5HJ3fBcZXrezlHN
9dpVSO4n2ze0RB0KS75A3,F72UQSSv5qnV6dGq2o8t-
9dpVSO4n2ze0RB0KS75A3,ncFeNw-5M4iGoDD-A8hBH
9dpVSO4n2ze0RB0KS75A3,iW3M5z9QsfI5jnVSJjr5j
9dpVSO4n2ze0RB0KS75A3,phlunt5HJ3fBcZXrezlHN
9dpVSO4n2ze0RB0KS75A3,Uzldz52slOyT_7tD9MSW3
2WH97mnGw6GJ3RQ6XMNXx,F72UQSSv5qnV6dGq2o8t-
2WH97mnGw6GJ3RQ6XMNXx,Uzldz52slOyT_7tD9MSW3
2WH97mnGw6GJ3RQ6XMNXx,-Q1NyL2hihfCdselYbnjo
2WH97mnGw6GJ3RQ6XMNXx,phlunt5HJ3fBcZXrezlHN
snqICESCCyd1uI9G2kHeB,n0OLj1cQnnbM3n-2eOzCj
snqICESCCyd1uI9G2kHeB,mE5Zf1AWhRKDQNHC_NsmV
snqICESCCyd1uI9G2kHeB,2bdRQFIcZXrYbhxeWeffc
snqICESCCyd1uI9G2kHeB,iW3M5z9QsfI5jnVSJjr5j
cI6OIC8e3Zt1r41B8KmHi,F72UQSSv5qnV6dGq2o8t-
cI6OIC8e3Zt1r41B8KmHi,iW3M5z9QsfI5jnVSJjr5j
cI6OIC8e3Zt1r41B8KmHi,L34snMa-YMz_jT9erQqe2
nKX98Q29yum-ZOgP0XYSx,F72UQSSv5qnV6dGq2o8t-
nKX98Q29yum-ZOgP0XYSx,iW3M5z9QsfI5jnVSJjr5j
nKX98Q29yum-ZOgP0XYSx,ncFeNw-5M4iGoDD-A8hBH
KD1z1R3V0Oq6aDYUMKLYl,F72UQSSv5qnV6dGq2o8t-
KD1z1R3V0Oq6aDYUMKLYl,mE5Zf1AWhRKDQNHC_NsmV
KD1z1R3V0Oq6aDYUMKLYl,n0OLj1cQnnbM3n-2eOzCj
lauccxsJmDnLhysCTeUs_,n0OLj1cQnnbM3n-2eOzCj
lauccxsJmDnLhysCTeUs_,PFEwpbxaA9UrKET8fDnAt
HG_T42VPr12pDg_TmnvlJ,F72UQSSv5qnV6dGq2o8t-
HG_T42VPr12pDg_TmnvlJ,n0OLj1cQnnbM3n-2eOzCj
HG_T42VPr12pDg_TmnvlJ,phlunt5HJ3fBcZXrezlHN
HG_T42VPr12pDg_TmnvlJ,Uzldz52slOyT_7tD9MSW3
6djDdxexDe6H4MfphcLOz,F72UQSSv5qnV6dGq2o8t-
6djDdxexDe6H4MfphcLOz,n0OLj1cQnnbM3n-2eOzCj
6djDdxexDe6H4MfphcLOz,Uzldz52slOyT_7tD9MSW3
6djDdxexDe6H4MfphcLOz,phlunt5HJ3fBcZXrezlHN
oMpMMpRrK4yuwq0-vimYY,F72UQSSv5qnV6dGq2o8t-
oMpMMpRrK4yuwq0-vimYY,Uzldz52slOyT_7tD9MSW3
oMpMMpRrK4yuwq0-vimYY,phlunt5HJ3fBcZXrezlHN
LaYtNkwY4fLP4v0kzZJnK,F72UQSSv5qnV6dGq2o8t-
LaYtNkwY4fLP4v0kzZJnK,n0OLj1cQnnbM3n-2eOzCj
LaYtNkwY4fLP4v0kzZJnK,mE5Zf1AWhRKDQNHC_NsmV
LaYtNkwY4fLP4v0kzZJnK,2bdRQFIcZXrYbhxeWeffc
LaYtNkwY4fLP4v0kzZJnK,L34snMa-YMz_jT9erQqe2
wdGf_kPW-09veTTVDDQoq,F72UQSSv5qnV6dGq2o8t-
wdGf_kPW-09veTTVDDQoq,n0OLj1cQnnbM3n-2eOzCj
DV5Rxf07OCDEfc4mMio4g,F72UQSSv5qnV6dGq2o8t-
DV5Rxf07OCDEfc4mMio4g,iW3M5z9QsfI5jnVSJjr5j
DV5Rxf07OCDEfc4mMio4g,phlunt5HJ3fBcZXrezlHN
ipJDtS5TZlyhR2vuYhSAF,F72UQSSv5qnV6dGq2o8t-
ipJDtS5TZlyhR2vuYhSAF,n0OLj1cQnnbM3n-2eOzCj
ipJDtS5TZlyhR2vuYhSAF,phlunt5HJ3fBcZXrezlHN
MVSdD7611OEEoB2ECDA5c,ncFeNw-5M4iGoDD-A8hBH
MVSdD7611OEEoB2ECDA5c,iW3M5z9QsfI5jnVSJjr5j
MVSdD7611OEEoB2ECDA5c,phlunt5HJ3fBcZXrezlHN
4lUTLkeGNZnN7khzhpY3u,F72UQSSv5qnV6dGq2o8t-
4lUTLkeGNZnN7khzhpY3u,L34snMa-YMz_jT9erQqe2
4lUTLkeGNZnN7khzhpY3u,iW3M5z9QsfI5jnVSJjr5j
lrG4JlWkvXMVnRQpc7EgX,F72UQSSv5qnV6dGq2o8t-
lrG4JlWkvXMVnRQpc7EgX,PFEwpbxaA9UrKET8fDnAt
OEwhlUeADmAudtsbbnjq6,L34snMa-YMz_jT9erQqe2
OEwhlUeADmAudtsbbnjq6,PFEwpbxaA9UrKET8fDnAt
OEwhlUeADmAudtsbbnjq6,n0OLj1cQnnbM3n-2eOzCj
Njpcu5FWlF6H6P7xyyusY,F72UQSSv5qnV6dGq2o8t-
Njpcu5FWlF6H6P7xyyusY,Uzldz52slOyT_7tD9MSW3
Njpcu5FWlF6H6P7xyyusY,phlunt5HJ3fBcZXrezlHN
TKpqHADbnjhm0bjcUq2Id,F72UQSSv5qnV6dGq2o8t-
TKpqHADbnjhm0bjcUq2Id,n0OLj1cQnnbM3n-2eOzCj
TKpqHADbnjhm0bjcUq2Id,mE5Zf1AWhRKDQNHC_NsmV
TKpqHADbnjhm0bjcUq2Id,L34snMa-YMz_jT9erQqe2
595wvzIL-oCfg5KxUz9MO,Uzldz52slOyT_7tD9MSW3
595wvzIL-oCfg5KxUz9MO,phlunt5HJ3fBcZXrezlHN
595wvzIL-oCfg5KxUz9MO,n0OLj1cQnnbM3n-2eOzCj
uPYbiApt0DeIjSNfJpwrl,ncFeNw-5M4iGoDD-A8hBH
uPYbiApt0DeIjSNfJpwrl,iW3M5z9QsfI5jnVSJjr5j
uPYbiApt0DeIjSNfJpwrl,phlunt5HJ3fBcZXrezlHN
NRO8q-PspikdBBX9kJ9W-,iW3M5z9QsfI5jnVSJjr5j
NRO8q-PspikdBBX9kJ9W-,phlunt5HJ3fBcZXrezlHN
NRO8q-PspikdBBX9kJ9W-,PFEwpbxaA9UrKET8fDnAt
yPBVpwtgrzJjeLkGASsMX,F72UQSSv5qnV6dGq2o8t-
yPBVpwtgrzJjeLkGASsMX,Uzldz52slOyT_7tD9MSW3
yPBVpwtgrzJjeLkGASsMX,PFEwpbxaA9UrKET8fDnAt
yQxtkMYZ2KJqEJhN-_Qbm,F72UQSSv5qnV6dGq2o8t-
yQxtkMYZ2KJqEJhN-_Qbm,phlunt5HJ3fBcZXrezlHN
HK8sGFdxu5bDQRINKi0ar,n0OLj1cQnnbM3n-2eOzCj
HK8sGFdxu5bDQRINKi0ar,L34snMa-YMz_jT9erQqe2
HK8sGFdxu5bDQRINKi0ar,iW3M5z9QsfI5jnVSJjr5j
nzdUJXBnxYDYALHquQS5J,F72UQSSv5qnV6dGq2o8t-
nzdUJXBnxYDYALHquQS5J,n0OLj1cQnnbM3n-2eOzCj
nzdUJXBnxYDYALHquQS5J,mE5Zf1AWhRKDQNHC_NsmV
nzdUJXBnxYDYALHquQS5J,2bdRQFIcZXrYbhxeWeffc
pdvNg-OZkwfjgttJ61YDs,F72UQSSv5qnV6dGq2o8t-
pdvNg-OZkwfjgttJ61YDs,iW3M5z9QsfI5jnVSJjr5j
pdvNg-OZkwfjgttJ61YDs,L34snMa-YMz_jT9erQqe2
hwX5dYaPP1VNv0zOaqlX-,F72UQSSv5qnV6dGq2o8t-
hwX5dYaPP1VNv0zOaqlX-,phlunt5HJ3fBcZXrezlHN
9yBLrYvFpo_vPGz4jJY_y,PFEwpbxaA9UrKET8fDnAt
9yBLrYvFpo_vPGz4jJY_y,n0OLj1cQnnbM3n-2eOzCj
9fQ87InpwExlNRq11nwvI,n0OLj1cQnnbM3n-2eOzCj
9fQ87InpwExlNRq11nwvI,2bdRQFIcZXrYbhxeWeffc
9fQ87InpwExlNRq11nwvI,phlunt5HJ3fBcZXrezlHN
O1anktxip6K5yuqQWy-50,F72UQSSv5qnV6dGq2o8t-
O1anktxip6K5yuqQWy-50,iW3M5z9QsfI5jnVSJjr5j
O1anktxip6K5yuqQWy-50,PFEwpbxaA9UrKET8fDnAt
NLZ3nGLVXT2NwCo3MWtfx,n0OLj1cQnnbM3n-2eOzCj
NLZ3nGLVXT2NwCo3MWtfx,mE5Zf1AWhRKDQNHC_NsmV
NLZ3nGLVXT2NwCo3MWtfx,phlunt5HJ3fBcZXrezlHN
NLZ3nGLVXT2NwCo3MWtfx,PFEwpbxaA9UrKET8fDnAt
tj2VgVAvOTFMXqa4pHLG4,F72UQSSv5qnV6dGq2o8t-
tj2VgVAvOTFMXqa4pHLG4,n0OLj1cQnnbM3n-2eOzCj
tj2VgVAvOTFMXqa4pHLG4,phlunt5HJ3fBcZXrezlHN
tj2VgVAvOTFMXqa4pHLG4,tqy6nsKbGDANBHHt7CQaG
WMllgSeR36pbQTf1Lsbgc,iW3M5z9QsfI5jnVSJjr5j
WMllgSeR36pbQTf1Lsbgc,phlunt5HJ3fBcZXrezlHN
WMllgSeR36pbQTf1Lsbgc,Uzldz52slOyT_7tD9MSW3
cg6sjOcaQweBY95agJwKR,F72UQSSv5qnV6dGq2o8t-
cg6sjOcaQweBY95agJwKR,iW3M5z9QsfI5jnVSJjr5j
cg6sjOcaQweBY95agJwKR,phlunt5HJ3fBcZXrezlHN
e73bF-eChL9hm0jyh5_z0,F72UQSSv5qnV6dGq2o8t-
e73bF-eChL9hm0jyh5_z0,phlunt5HJ3fBcZXrezlHN
e73bF-eChL9hm0jyh5_z0,tqy6nsKbGDANBHHt7CQaG
MbDpY8vLj0RjubkRaoyds,F72UQSSv5qnV6dGq2o8t-
MbDpY8vLj0RjubkRaoyds,iW3M5z9QsfI5jnVSJjr5j
MbDpY8vLj0RjubkRaoyds,ncFeNw-5M4iGoDD-A8hBH
MbDpY8vLj0RjubkRaoyds,phlunt5HJ3fBcZXrezlHN
vvLdDxp472KZAJCp87iay,F72UQSSv5qnV6dGq2o8t-
vvLdDxp472KZAJCp87iay,L34snMa-YMz_jT9erQqe2
vvLdDxp472KZAJCp87iay,iW3M5z9QsfI5jnVSJjr5j
vvLdDxp472KZAJCp87iay,Uzldz52slOyT_7tD9MSW3
vvLdDxp472KZAJCp87iay,ncFeNw-5M4iGoDD-A8hBH
vvLdDxp472KZAJCp87iay,PFEwpbxaA9UrKET8fDnAt
6mVWCE5IMzKzqc_oy-ydW,F72UQSSv5qnV6dGq2o8t-
6mVWCE5IMzKzqc_oy-ydW,KcVqSqCqpBoUqNfNlAkE7
6mVWCE5IMzKzqc_oy-ydW,mE5Zf1AWhRKDQNHC_NsmV
I472bYDOcZN6K2ih1u5cs,F72UQSSv5qnV6dGq2o8t-
I472bYDOcZN6K2ih1u5cs,ncFeNw-5M4iGoDD-A8hBH
I472bYDOcZN6K2ih1u5cs,iW3M5z9QsfI5jnVSJjr5j
iP3Vjp_abGldE9FiB_pwB,F72UQSSv5qnV6dGq2o8t-
iP3Vjp_abGldE9FiB_pwB,L34snMa-YMz_jT9erQqe2
iP3Vjp_abGldE9FiB_pwB,iW3M5z9QsfI5jnVSJjr5j
GuwbNdGsTnByQk6FfjXa6,F72UQSSv5qnV6dGq2o8t-
GuwbNdGsTnByQk6FfjXa6,phlunt5HJ3fBcZXrezlHN
GuwbNdGsTnByQk6FfjXa6,n0OLj1cQnnbM3n-2eOzCj
GuwbNdGsTnByQk6FfjXa6,Uzldz52slOyT_7tD9MSW3
VeEDyCib1Bok1GVNmpROf,F72UQSSv5qnV6dGq2o8t-
VeEDyCib1Bok1GVNmpROf,iW3M5z9QsfI5jnVSJjr5j
VeEDyCib1Bok1GVNmpROf,phlunt5HJ3fBcZXrezlHN
pnzPMl9jx4TPH6iqM69UM,F72UQSSv5qnV6dGq2o8t-
pnzPMl9jx4TPH6iqM69UM,phlunt5HJ3fBcZXrezlHN
pnzPMl9jx4TPH6iqM69UM,PFEwpbxaA9UrKET8fDnAt
XovVwhuDDFM8E1Lxw4Xkb,F72UQSSv5qnV6dGq2o8t-
XovVwhuDDFM8E1Lxw4Xkb,iW3M5z9QsfI5jnVSJjr5j
XovVwhuDDFM8E1Lxw4Xkb,-5F1wQ50bue4PA2khE3sM
lywZRn_9RkghMXbv0iMM7,F72UQSSv5qnV6dGq2o8t-
lywZRn_9RkghMXbv0iMM7,n0OLj1cQnnbM3n-2eOzCj
lywZRn_9RkghMXbv0iMM7,L34snMa-YMz_jT9erQqe2
lywZRn_9RkghMXbv0iMM7,phlunt5HJ3fBcZXrezlHN
2qbc0RWxJ3CMCYHjTI_eM,F72UQSSv5qnV6dGq2o8t-
2qbc0RWxJ3CMCYHjTI_eM,L34snMa-YMz_jT9erQqe2
2qbc0RWxJ3CMCYHjTI_eM,iW3M5z9QsfI5jnVSJjr5j
2qbc0RWxJ3CMCYHjTI_eM,phlunt5HJ3fBcZXrezlHN
NS5eSjLDJrK9-ho7IjQIh,F72UQSSv5qnV6dGq2o8t-
NS5eSjLDJrK9-ho7IjQIh,Uzldz52slOyT_7tD9MSW3
NS5eSjLDJrK9-ho7IjQIh,n0OLj1cQnnbM3n-2eOzCj
YE_fOuGBssB3GrI3fxZZ0,F72UQSSv5qnV6dGq2o8t-
YE_fOuGBssB3GrI3fxZZ0,n0OLj1cQnnbM3n-2eOzCj
YE_fOuGBssB3GrI3fxZZ0,2bdRQFIcZXrYbhxeWeffc
YE_fOuGBssB3GrI3fxZZ0,PFEwpbxaA9UrKET8fDnAt
DzpEihF64GRhGGQRMpEZn,iW3M5z9QsfI5jnVSJjr5j
DzpEihF64GRhGGQRMpEZn,phlunt5HJ3fBcZXrezlHN
QdytdI4lsKRoJU2I8MmTI,F72UQSSv5qnV6dGq2o8t-
QdytdI4lsKRoJU2I8MmTI,phlunt5HJ3fBcZXrezlHN
QdytdI4lsKRoJU2I8MmTI,tqy6nsKbGDANBHHt7CQaG
40Te_Oh2qOUODQtNe2FIE,F72UQSSv5qnV6dGq2o8t-
40Te_Oh2qOUODQtNe2FIE,iW3M5z9QsfI5jnVSJjr5j
40Te_Oh2qOUODQtNe2FIE,phlunt5HJ3fBcZXrezlHN
40Te_Oh2qOUODQtNe2FIE,Uzldz52slOyT_7tD9MSW3
jaR3sDMSgmyL9tuqd0h73,F72UQSSv5qnV6dGq2o8t-
jaR3sDMSgmyL9tuqd0h73,L34snMa-YMz_jT9erQqe2
jaR3sDMSgmyL9tuqd0h73,PFEwpbxaA9UrKET8fDnAt
jaR3sDMSgmyL9tuqd0h73,2bdRQFIcZXrYbhxeWeffc
dwHdmdXtHOmr6zS3EOsfo,F72UQSSv5qnV6dGq2o8t-
dwHdmdXtHOmr6zS3EOsfo,mE5Zf1AWhRKDQNHC_NsmV
dwHdmdXtHOmr6zS3EOsfo,n0OLj1cQnnbM3n-2eOzCj
dwHdmdXtHOmr6zS3EOsfo,L34snMa-YMz_jT9erQqe2
bnjEL4DZKhIE7vC4KiJ81,F72UQSSv5qnV6dGq2o8t-
bnjEL4DZKhIE7vC4KiJ81,n0OLj1cQnnbM3n-2eOzCj
bnjEL4DZKhIE7vC4KiJ81,mE5Zf1AWhRKDQNHC_NsmV
bnjEL4DZKhIE7vC4KiJ81,2bdRQFIcZXrYbhxeWeffc
eLdAmk_7HKi3lGw4Z4jI0,F72UQSSv5qnV6dGq2o8t-
eLdAmk_7HKi3lGw4Z4jI0,PFEwpbxaA9UrKET8fDnAt
eLdAmk_7HKi3lGw4Z4jI0,n0OLj1cQnnbM3n-2eOzCj
lAErpcnEmwnUSvCg9CG0L,PFEwpbxaA9UrKET8fDnAt
lAErpcnEmwnUSvCg9CG0L,n0OLj1cQnnbM3n-2eOzCj
q5dzytqx97nCLGFQiI6AY,F72UQSSv5qnV6dGq2o8t-
q5dzytqx97nCLGFQiI6AY,n0OLj1cQnnbM3n-2eOzCj
q5dzytqx97nCLGFQiI6AY,mE5Zf1AWhRKDQNHC_NsmV
q5dzytqx97nCLGFQiI6AY,Uzldz52slOyT_7tD9MSW3
NEAe3YmmBrV5Wa00zLes3,F72UQSSv5qnV6dGq2o8t-
NEAe3YmmBrV5Wa00zLes3,iW3M5z9QsfI5jnVSJjr5j
NEAe3YmmBrV5Wa00zLes3,L34snMa-YMz_jT9erQqe2
20shX0gM8dYxT33X4GLsR,F72UQSSv5qnV6dGq2o8t-
20shX0gM8dYxT33X4GLsR,Uzldz52slOyT_7tD9MSW3
20shX0gM8dYxT33X4GLsR,phlunt5HJ3fBcZXrezlHN
64o8cJ9mBXVNo2yRp7Yku,iW3M5z9QsfI5jnVSJjr5j
64o8cJ9mBXVNo2yRp7Yku,-5F1wQ50bue4PA2khE3sM
64o8cJ9mBXVNo2yRp7Yku,F72UQSSv5qnV6dGq2o8t-
RhkrEHAM0jxn3RnLS3fS6,F72UQSSv5qnV6dGq2o8t-
RhkrEHAM0jxn3RnLS3fS6,L34snMa-YMz_jT9erQqe2
RhkrEHAM0jxn3RnLS3fS6,iW3M5z9QsfI5jnVSJjr5j
RhkrEHAM0jxn3RnLS3fS6,phlunt5HJ3fBcZXrezlHN
RhkrEHAM0jxn3RnLS3fS6,-5F1wQ50bue4PA2khE3sM
CnZAMcFh-x1oNLbl3TDhe,F72UQSSv5qnV6dGq2o8t-
CnZAMcFh-x1oNLbl3TDhe,n0OLj1cQnnbM3n-2eOzCj
CnZAMcFh-x1oNLbl3TDhe,phlunt5HJ3fBcZXrezlHN
2DK0Io10A8GWMxdnMWVIh,F72UQSSv5qnV6dGq2o8t-
2DK0Io10A8GWMxdnMWVIh,n0OLj1cQnnbM3n-2eOzCj
2DK0Io10A8GWMxdnMWVIh,phlunt5HJ3fBcZXrezlHN
2DK0Io10A8GWMxdnMWVIh,hbMworHLCdna9k7lGwgWG
7nQ7gt1CnMO5cZeOWcyKz,F72UQSSv5qnV6dGq2o8t-
7nQ7gt1CnMO5cZeOWcyKz,n0OLj1cQnnbM3n-2eOzCj
7nQ7gt1CnMO5cZeOWcyKz,mE5Zf1AWhRKDQNHC_NsmV
7nQ7gt1CnMO5cZeOWcyKz,phlunt5HJ3fBcZXrezlHN
z5Ll7GCVA0peHTSIC574W,F72UQSSv5qnV6dGq2o8t-
z5Ll7GCVA0peHTSIC574W,L34snMa-YMz_jT9erQqe2
z5Ll7GCVA0peHTSIC574W,iW3M5z9QsfI5jnVSJjr5j
LGVRvXgRml6kV90y4q3tU,ncFeNw-5M4iGoDD-A8hBH
LGVRvXgRml6kV90y4q3tU,n0OLj1cQnnbM3n-2eOzCj
LGVRvXgRml6kV90y4q3tU,iW3M5z9QsfI5jnVSJjr5j
LGVRvXgRml6kV90y4q3tU,phlunt5HJ3fBcZXrezlHN
9ZK6nV3ODW_gCn7223uPJ,F72UQSSv5qnV6dGq2o8t-
9ZK6nV3ODW_gCn7223uPJ,n0OLj1cQnnbM3n-2eOzCj
9ZK6nV3ODW_gCn7223uPJ,mE5Zf1AWhRKDQNHC_NsmV
9ZK6nV3ODW_gCn7223uPJ,L34snMa-YMz_jT9erQqe2
Y_RqiDZtRnhqkBAwH06Gm,ncFeNw-5M4iGoDD-A8hBH
Y_RqiDZtRnhqkBAwH06Gm,PFEwpbxaA9UrKET8fDnAt
Y_RqiDZtRnhqkBAwH06Gm,-Q1NyL2hihfCdselYbnjo
eIG-J4ErZNWnFUFWawXZx,F72UQSSv5qnV6dGq2o8t-
eIG-J4ErZNWnFUFWawXZx,mE5Zf1AWhRKDQNHC_NsmV
eIG-J4ErZNWnFUFWawXZx,L34snMa-YMz_jT9erQqe2
eIG-J4ErZNWnFUFWawXZx,iW3M5z9QsfI5jnVSJjr5j
eIG-J4ErZNWnFUFWawXZx,2bdRQFIcZXrYbhxeWeffc
S_rUpvCq7t3UZB3nhXGb5,F72UQSSv5qnV6dGq2o8t-
S_rUpvCq7t3UZB3nhXGb5,n0OLj1cQnnbM3n-2eOzCj
S_rUpvCq7t3UZB3nhXGb5,phlunt5HJ3fBcZXrezlHN
kU4XwUR3q7Ojp4DuE_SNu,L34snMa-YMz_jT9erQqe2
kU4XwUR3q7Ojp4DuE_SNu,iW3M5z9QsfI5jnVSJjr5j
VnbztpXTGYr2nSy7CE-ld,F72UQSSv5qnV6dGq2o8t-
VnbztpXTGYr2nSy7CE-ld,n0OLj1cQnnbM3n-2eOzCj
va-CyRJDLKD0cq8tjOHvM,iW3M5z9QsfI5jnVSJjr5j
va-CyRJDLKD0cq8tjOHvM,phlunt5HJ3fBcZXrezlHN
va-CyRJDLKD0cq8tjOHvM,F72UQSSv5qnV6dGq2o8t-
UQP12ShQXrCUnBXjF4WWU,phlunt5HJ3fBcZXrezlHN
UQP12ShQXrCUnBXjF4WWU,Uzldz52slOyT_7tD9MSW3
FpbSrbse757VbhHCa_ICV,F72UQSSv5qnV6dGq2o8t-
FpbSrbse757VbhHCa_ICV,iW3M5z9QsfI5jnVSJjr5j
FpbSrbse757VbhHCa_ICV,phlunt5HJ3fBcZXrezlHN
NxabFLuz2daieh_Z9wmEx,F72UQSSv5qnV6dGq2o8t-
NxabFLuz2daieh_Z9wmEx,iW3M5z9QsfI5jnVSJjr5j
NxabFLuz2daieh_Z9wmEx,L34snMa-YMz_jT9erQqe2
NxabFLuz2daieh_Z9wmEx,2bdRQFIcZXrYbhxeWeffc
wnq9yQFsDUyybnSIXGM09,F72UQSSv5qnV6dGq2o8t-
wnq9yQFsDUyybnSIXGM09,n0OLj1cQnnbM3n-2eOzCj
wnq9yQFsDUyybnSIXGM09,phlunt5HJ3fBcZXrezlHN
wnq9yQFsDUyybnSIXGM09,tqy6nsKbGDANBHHt7CQaG
FZW4y7MCTHNQF87PCeb6K,F72UQSSv5qnV6dGq2o8t-
FZW4y7MCTHNQF87PCeb6K,L34snMa-YMz_jT9erQqe2
FZW4y7MCTHNQF87PCeb6K,PFEwpbxaA9UrKET8fDnAt
Djx1tAUwexyRAIKa49C1J,F72UQSSv5qnV6dGq2o8t-
Djx1tAUwexyRAIKa49C1J,n0OLj1cQnnbM3n-2eOzCj
Djx1tAUwexyRAIKa49C1J,mE5Zf1AWhRKDQNHC_NsmV
lDEry-CPsaNj4s7qKFa4Y,F72UQSSv5qnV6dGq2o8t-
lDEry-CPsaNj4s7qKFa4Y,iW3M5z9QsfI5jnVSJjr5j
lDEry-CPsaNj4s7qKFa4Y,L34snMa-YMz_jT9erQqe2
lDEry-CPsaNj4s7qKFa4Y,ncFeNw-5M4iGoDD-A8hBH
M_o1mJuZ1HWLr-7oEVkhb,n0OLj1cQnnbM3n-2eOzCj
M_o1mJuZ1HWLr-7oEVkhb,phlunt5HJ3fBcZXrezlHN
M_o1mJuZ1HWLr-7oEVkhb,F72UQSSv5qnV6dGq2o8t-
9ro5HRiBTH_jCW6-z6zwk,F72UQSSv5qnV6dGq2o8t-
9ro5HRiBTH_jCW6-z6zwk,phlunt5HJ3fBcZXrezlHN
wLPWs0bYcFF0TTb5E88gt,F72UQSSv5qnV6dGq2o8t-
wLPWs0bYcFF0TTb5E88gt,L34snMa-YMz_jT9erQqe2
wLPWs0bYcFF0TTb5E88gt,Uzldz52slOyT_7tD9MSW3
wLPWs0bYcFF0TTb5E88gt,phlunt5HJ3fBcZXrezlHN
sZRTV_B67EwiSCQykCvMt,F72UQSSv5qnV6dGq2o8t-
sZRTV_B67EwiSCQykCvMt,iW3M5z9QsfI5jnVSJjr5j
sZRTV_B67EwiSCQykCvMt,ncFeNw-5M4iGoDD-A8hBH
heLtSgYO19ZxbTp6shMoi,PFEwpbxaA9UrKET8fDnAt
heLtSgYO19ZxbTp6shMoi,n0OLj1cQnnbM3n-2eOzCj
heLtSgYO19ZxbTp6shMoi,L34snMa-YMz_jT9erQqe2
TiUois5xpMlLmsrhxLXhu,F72UQSSv5qnV6dGq2o8t-
TiUois5xpMlLmsrhxLXhu,PFEwpbxaA9UrKET8fDnAt
TiUois5xpMlLmsrhxLXhu,L34snMa-YMz_jT9erQqe2
-qSxWkhrddFM-y-pxxQVk,n0OLj1cQnnbM3n-2eOzCj
-qSxWkhrddFM-y-pxxQVk,PFEwpbxaA9UrKET8fDnAt
-qSxWkhrddFM-y-pxxQVk,2bdRQFIcZXrYbhxeWeffc
IoEdE9-HLVpIUD1GBu__K,n0OLj1cQnnbM3n-2eOzCj
IoEdE9-HLVpIUD1GBu__K,PFEwpbxaA9UrKET8fDnAt
KZRQ9AX_ZH_xZ0grMoTqd,n0OLj1cQnnbM3n-2eOzCj
KZRQ9AX_ZH_xZ0grMoTqd,PFEwpbxaA9UrKET8fDnAt
vE9sRKhqZlN3NigchACCR,phlunt5HJ3fBcZXrezlHN
vE9sRKhqZlN3NigchACCR,iW3M5z9QsfI5jnVSJjr5j
vE9sRKhqZlN3NigchACCR,n0OLj1cQnnbM3n-2eOzCj
vE9sRKhqZlN3NigchACCR,-Q1NyL2hihfCdselYbnjo
JrduDm_DaH9xFvh7IGkhv,phlunt5HJ3fBcZXrezlHN
JrduDm_DaH9xFvh7IGkhv,tqy6nsKbGDANBHHt7CQaG
-gdAP2l30rNkTeSGGpaaq,F72UQSSv5qnV6dGq2o8t-
-gdAP2l30rNkTeSGGpaaq,iW3M5z9QsfI5jnVSJjr5j
-gdAP2l30rNkTeSGGpaaq,L34snMa-YMz_jT9erQqe2
uIoEW3KPDNSSVEfnnZCxl,n0OLj1cQnnbM3n-2eOzCj
uIoEW3KPDNSSVEfnnZCxl,mE5Zf1AWhRKDQNHC_NsmV
uIoEW3KPDNSSVEfnnZCxl,F72UQSSv5qnV6dGq2o8t-
UPgCWVWvZRN2LrJ76Q8Oj,F72UQSSv5qnV6dGq2o8t-
UPgCWVWvZRN2LrJ76Q8Oj,Uzldz52slOyT_7tD9MSW3
UPgCWVWvZRN2LrJ76Q8Oj,phlunt5HJ3fBcZXrezlHN
tIkke8IXHrTJ7Uk2jUZa1,F72UQSSv5qnV6dGq2o8t-
tIkke8IXHrTJ7Uk2jUZa1,KcVqSqCqpBoUqNfNlAkE7
tIkke8IXHrTJ7Uk2jUZa1,mE5Zf1AWhRKDQNHC_NsmV
tIkke8IXHrTJ7Uk2jUZa1,L34snMa-YMz_jT9erQqe2
dPg77gex9WTkNGFQfFZHd,n0OLj1cQnnbM3n-2eOzCj
dPg77gex9WTkNGFQfFZHd,phlunt5HJ3fBcZXrezlHN
dPg77gex9WTkNGFQfFZHd,Uzldz52slOyT_7tD9MSW3
YpfpFG5ozJf5BTEIOEP8Y,F72UQSSv5qnV6dGq2o8t-
YpfpFG5ozJf5BTEIOEP8Y,ncFeNw-5M4iGoDD-A8hBH
YpfpFG5ozJf5BTEIOEP8Y,iW3M5z9QsfI5jnVSJjr5j
YpfpFG5ozJf5BTEIOEP8Y,phlunt5HJ3fBcZXrezlHN
eT7ceTtAz-tMRZEPdwaen,F72UQSSv5qnV6dGq2o8t-
eT7ceTtAz-tMRZEPdwaen,iW3M5z9QsfI5jnVSJjr5j
eT7ceTtAz-tMRZEPdwaen,phlunt5HJ3fBcZXrezlHN
xTXRDQNrbMgyFElskLqdp,n0OLj1cQnnbM3n-2eOzCj
xTXRDQNrbMgyFElskLqdp,F72UQSSv5qnV6dGq2o8t-
_1jrGIWPh7Bv8IJuEDw-9,ncFeNw-5M4iGoDD-A8hBH
_1jrGIWPh7Bv8IJuEDw-9,iW3M5z9QsfI5jnVSJjr5j
_1jrGIWPh7Bv8IJuEDw-9,Uzldz52slOyT_7tD9MSW3
ixo0aUA62uMV-9EJwP1O4,F72UQSSv5qnV6dGq2o8t-
ixo0aUA62uMV-9EJwP1O4,iW3M5z9QsfI5jnVSJjr5j
ixo0aUA62uMV-9EJwP1O4,ncFeNw-5M4iGoDD-A8hBH
ixo0aUA62uMV-9EJwP1O4,phlunt5HJ3fBcZXrezlHN
oBMAEk8cDWsmEtj9N0p8c,ncFeNw-5M4iGoDD-A8hBH
oBMAEk8cDWsmEtj9N0p8c,-Q1NyL2hihfCdselYbnjo
oBMAEk8cDWsmEtj9N0p8c,Uzldz52slOyT_7tD9MSW3
oBMAEk8cDWsmEtj9N0p8c,phlunt5HJ3fBcZXrezlHN
GE5VWGDGq780NSlXgW2Q-,F72UQSSv5qnV6dGq2o8t-
GE5VWGDGq780NSlXgW2Q-,ncFeNw-5M4iGoDD-A8hBH
GE5VWGDGq780NSlXgW2Q-,n0OLj1cQnnbM3n-2eOzCj
dhfjH5IDs0iEE4Y9FO5jv,iW3M5z9QsfI5jnVSJjr5j
dhfjH5IDs0iEE4Y9FO5jv,phlunt5HJ3fBcZXrezlHN
n4d1MXtXLS97uEcSGxvBa,phlunt5HJ3fBcZXrezlHN
n4d1MXtXLS97uEcSGxvBa,Uzldz52slOyT_7tD9MSW3
DrDGMYyJs7ytngmsnwz8D,PFEwpbxaA9UrKET8fDnAt
DrDGMYyJs7ytngmsnwz8D,n0OLj1cQnnbM3n-2eOzCj
K4Kb-lwfUPK7_aogwPJ-r,F72UQSSv5qnV6dGq2o8t-
K4Kb-lwfUPK7_aogwPJ-r,iW3M5z9QsfI5jnVSJjr5j
K4Kb-lwfUPK7_aogwPJ-r,L34snMa-YMz_jT9erQqe2
xJLDklNimzBYBwaJiCUqO,F72UQSSv5qnV6dGq2o8t-
xJLDklNimzBYBwaJiCUqO,phlunt5HJ3fBcZXrezlHN
xJLDklNimzBYBwaJiCUqO,iW3M5z9QsfI5jnVSJjr5j
mwOoY75oWspkVmn-wJoY0,L34snMa-YMz_jT9erQqe2
mwOoY75oWspkVmn-wJoY0,iW3M5z9QsfI5jnVSJjr5j
mwOoY75oWspkVmn-wJoY0,F72UQSSv5qnV6dGq2o8t-
WE9nlQ6QU9hIeOty6h04n,F72UQSSv5qnV6dGq2o8t-
WE9nlQ6QU9hIeOty6h04n,KcVqSqCqpBoUqNfNlAkE7
WE9nlQ6QU9hIeOty6h04n,n0OLj1cQnnbM3n-2eOzCj
WE9nlQ6QU9hIeOty6h04n,mE5Zf1AWhRKDQNHC_NsmV
WE9nlQ6QU9hIeOty6h04n,L34snMa-YMz_jT9erQqe2
WE9nlQ6QU9hIeOty6h04n,PFEwpbxaA9UrKET8fDnAt
-LSqKDU9ddIqzfWHFeaaa,F72UQSSv5qnV6dGq2o8t-
-LSqKDU9ddIqzfWHFeaaa,n0OLj1cQnnbM3n-2eOzCj
SvAoGHZDzV3cbQjtLpfKq,n0OLj1cQnnbM3n-2eOzCj
SvAoGHZDzV3cbQjtLpfKq,PFEwpbxaA9UrKET8fDnAt
VjHtj1X3NSTaFwbpbtVMc,n0OLj1cQnnbM3n-2eOzCj
VjHtj1X3NSTaFwbpbtVMc,mE5Zf1AWhRKDQNHC_NsmV
VjHtj1X3NSTaFwbpbtVMc,F72UQSSv5qnV6dGq2o8t-
-mo_oDENEDvafX9Dc2mqM,F72UQSSv5qnV6dGq2o8t-
-mo_oDENEDvafX9Dc2mqM,n0OLj1cQnnbM3n-2eOzCj
-mo_oDENEDvafX9Dc2mqM,mE5Zf1AWhRKDQNHC_NsmV
dP5zvyeaoWHdtkOl0iJoC,F72UQSSv5qnV6dGq2o8t-
dP5zvyeaoWHdtkOl0iJoC,-5F1wQ50bue4PA2khE3sM
dP5zvyeaoWHdtkOl0iJoC,iW3M5z9QsfI5jnVSJjr5j
TLag9MErQjL5B835389K8,F72UQSSv5qnV6dGq2o8t-
TLag9MErQjL5B835389K8,mE5Zf1AWhRKDQNHC_NsmV
TLag9MErQjL5B835389K8,L34snMa-YMz_jT9erQqe2
kUXWvmSS4ptbcLdUISVB8,F72UQSSv5qnV6dGq2o8t-
kUXWvmSS4ptbcLdUISVB8,iW3M5z9QsfI5jnVSJjr5j
kUXWvmSS4ptbcLdUISVB8,phlunt5HJ3fBcZXrezlHN
kUXWvmSS4ptbcLdUISVB8,PFEwpbxaA9UrKET8fDnAt
FhqrTvZ8AOqSx-INgbkvW,F72UQSSv5qnV6dGq2o8t-
FhqrTvZ8AOqSx-INgbkvW,phlunt5HJ3fBcZXrezlHN
FhqrTvZ8AOqSx-INgbkvW,L34snMa-YMz_jT9erQqe2
xNF6WJJVFMuMabb7wxUiD,phlunt5HJ3fBcZXrezlHN
xNF6WJJVFMuMabb7wxUiD,iW3M5z9QsfI5jnVSJjr5j
3Q3eHP-ehulTRhi5BT_XC,F72UQSSv5qnV6dGq2o8t-
3Q3eHP-ehulTRhi5BT_XC,iW3M5z9QsfI5jnVSJjr5j
3Q3eHP-ehulTRhi5BT_XC,phlunt5HJ3fBcZXrezlHN
3Q3eHP-ehulTRhi5BT_XC,-5F1wQ50bue4PA2khE3sM
3Q3eHP-ehulTRhi5BT_XC,ncFeNw-5M4iGoDD-A8hBH
8jcXt5NHLCfx4QCZFPVXi,L34snMa-YMz_jT9erQqe2
8jcXt5NHLCfx4QCZFPVXi,iW3M5z9QsfI5jnVSJjr5j
8jcXt5NHLCfx4QCZFPVXi,phlunt5HJ3fBcZXrezlHN
BIMOsCFkRJirKfw35tr5z,F72UQSSv5qnV6dGq2o8t-
BIMOsCFkRJirKfw35tr5z,n0OLj1cQnnbM3n-2eOzCj
BIMOsCFkRJirKfw35tr5z,L34snMa-YMz_jT9erQqe2
BIMOsCFkRJirKfw35tr5z,mE5Zf1AWhRKDQNHC_NsmV
ChN99NPPR-GrcKHwqNUPV,F72UQSSv5qnV6dGq2o8t-
ChN99NPPR-GrcKHwqNUPV,n0OLj1cQnnbM3n-2eOzCj
ChN99NPPR-GrcKHwqNUPV,mE5Zf1AWhRKDQNHC_NsmV
0rNkfwHJQC_9ttpntXs4a,F72UQSSv5qnV6dGq2o8t-
0rNkfwHJQC_9ttpntXs4a,ncFeNw-5M4iGoDD-A8hBH
0rNkfwHJQC_9ttpntXs4a,PFEwpbxaA9UrKET8fDnAt
2sMgvFc7kfwJ6KACeIowS,F72UQSSv5qnV6dGq2o8t-
2sMgvFc7kfwJ6KACeIowS,iW3M5z9QsfI5jnVSJjr5j
2sMgvFc7kfwJ6KACeIowS,L34snMa-YMz_jT9erQqe2
ntpNleyhV_l4Wq3c8qV12,F72UQSSv5qnV6dGq2o8t-
ntpNleyhV_l4Wq3c8qV12,L34snMa-YMz_jT9erQqe2
ntpNleyhV_l4Wq3c8qV12,iW3M5z9QsfI5jnVSJjr5j
0Cz4X6xvu5YG7JH3htLk1,F72UQSSv5qnV6dGq2o8t-
0Cz4X6xvu5YG7JH3htLk1,L34snMa-YMz_jT9erQqe2
0Cz4X6xvu5YG7JH3htLk1,phlunt5HJ3fBcZXrezlHN
j_9SaiHxZk5B2Ivd1qknx,PFEwpbxaA9UrKET8fDnAt
j_9SaiHxZk5B2Ivd1qknx,n0OLj1cQnnbM3n-2eOzCj
j_9SaiHxZk5B2Ivd1qknx,F72UQSSv5qnV6dGq2o8t-
8EzlcRvL5Me1ZkLSetzQq,PFEwpbxaA9UrKET8fDnAt
8EzlcRvL5Me1ZkLSetzQq,n0OLj1cQnnbM3n-2eOzCj
8EzlcRvL5Me1ZkLSetzQq,2bdRQFIcZXrYbhxeWeffc
F7TaifaiBWzwdAVNDXRv1,PFEwpbxaA9UrKET8fDnAt
F7TaifaiBWzwdAVNDXRv1,F72UQSSv5qnV6dGq2o8t-
C4iIaH7ChiaSaeCVjQf4u,F72UQSSv5qnV6dGq2o8t-
C4iIaH7ChiaSaeCVjQf4u,phlunt5HJ3fBcZXrezlHN
C4iIaH7ChiaSaeCVjQf4u,iW3M5z9QsfI5jnVSJjr5j
P1_ivaQdFQNB4JH9t6GOD,iW3M5z9QsfI5jnVSJjr5j
P1_ivaQdFQNB4JH9t6GOD,phlunt5HJ3fBcZXrezlHN
vWfOQMS67AWwETWXYwMJM,n0OLj1cQnnbM3n-2eOzCj
vWfOQMS67AWwETWXYwMJM,PFEwpbxaA9UrKET8fDnAt
TB1N379zgYqCnfM0UTzE9,F72UQSSv5qnV6dGq2o8t-
TB1N379zgYqCnfM0UTzE9,PFEwpbxaA9UrKET8fDnAt
TB1N379zgYqCnfM0UTzE9,L34snMa-YMz_jT9erQqe2
1Z1J2s2nzfLLRwCcTDbRD,F72UQSSv5qnV6dGq2o8t-
1Z1J2s2nzfLLRwCcTDbRD,n0OLj1cQnnbM3n-2eOzCj
1Z1J2s2nzfLLRwCcTDbRD,phlunt5HJ3fBcZXrezlHN
PIDXpdvW6jGv62auDWqCu,Uzldz52slOyT_7tD9MSW3
PIDXpdvW6jGv62auDWqCu,phlunt5HJ3fBcZXrezlHN
hs_xkAs7Wa5fIADOYqj00,phlunt5HJ3fBcZXrezlHN
hs_xkAs7Wa5fIADOYqj00,n0OLj1cQnnbM3n-2eOzCj
mjAvTCx07VW11eCjm4kyH,n0OLj1cQnnbM3n-2eOzCj
mjAvTCx07VW11eCjm4kyH,mE5Zf1AWhRKDQNHC_NsmV
mjAvTCx07VW11eCjm4kyH,F72UQSSv5qnV6dGq2o8t-
suJfc8IRLTDt0h5NYP-su,Uzldz52slOyT_7tD9MSW3
suJfc8IRLTDt0h5NYP-su,phlunt5HJ3fBcZXrezlHN
suJfc8IRLTDt0h5NYP-su,iW3M5z9QsfI5jnVSJjr5j
bmf6mDYcoA3zn66f3gLWo,n0OLj1cQnnbM3n-2eOzCj
bmf6mDYcoA3zn66f3gLWo,mE5Zf1AWhRKDQNHC_NsmV
bmf6mDYcoA3zn66f3gLWo,F72UQSSv5qnV6dGq2o8t-
ChTVVSHOXbhfBEZsxch-r,F72UQSSv5qnV6dGq2o8t-
ChTVVSHOXbhfBEZsxch-r,ncFeNw-5M4iGoDD-A8hBH
ChTVVSHOXbhfBEZsxch-r,L34snMa-YMz_jT9erQqe2
ChTVVSHOXbhfBEZsxch-r,Uzldz52slOyT_7tD9MSW3
ChTVVSHOXbhfBEZsxch-r,iW3M5z9QsfI5jnVSJjr5j
EzVnRc2SUr9ar16qVbtX4,F72UQSSv5qnV6dGq2o8t-
EzVnRc2SUr9ar16qVbtX4,phlunt5HJ3fBcZXrezlHN
EzVnRc2SUr9ar16qVbtX4,PFEwpbxaA9UrKET8fDnAt
jv__2ogAVxxVnnC7_XrQ_,PFEwpbxaA9UrKET8fDnAt
jv__2ogAVxxVnnC7_XrQ_,n0OLj1cQnnbM3n-2eOzCj
F1HiiyEN9p-HqfbCX8EQx,PFEwpbxaA9UrKET8fDnAt
F1HiiyEN9p-HqfbCX8EQx,n0OLj1cQnnbM3n-2eOzCj
tYE7CvhiNyTZdBzKiqyy_,PFEwpbxaA9UrKET8fDnAt
tYE7CvhiNyTZdBzKiqyy_,n0OLj1cQnnbM3n-2eOzCj
CO4-P6ANXekCfdmS8G8dP,phlunt5HJ3fBcZXrezlHN
CO4-P6ANXekCfdmS8G8dP,iW3M5z9QsfI5jnVSJjr5j
CO4-P6ANXekCfdmS8G8dP,F72UQSSv5qnV6dGq2o8t-
KbvCtVc8WC79ROlTx1A5n,F72UQSSv5qnV6dGq2o8t-
KbvCtVc8WC79ROlTx1A5n,iW3M5z9QsfI5jnVSJjr5j
y_2ctqMtdhBiUhEfteZlZ,Uzldz52slOyT_7tD9MSW3
y_2ctqMtdhBiUhEfteZlZ,phlunt5HJ3fBcZXrezlHN
y_2ctqMtdhBiUhEfteZlZ,n0OLj1cQnnbM3n-2eOzCj
pGntb5y1J9ezrE51DuM3Y,F72UQSSv5qnV6dGq2o8t-
pGntb5y1J9ezrE51DuM3Y,phlunt5HJ3fBcZXrezlHN
pGntb5y1J9ezrE51DuM3Y,Uzldz52slOyT_7tD9MSW3
r3o_6sBnCxbNfQRCupZ10,iW3M5z9QsfI5jnVSJjr5j
r3o_6sBnCxbNfQRCupZ10,phlunt5HJ3fBcZXrezlHN
r3o_6sBnCxbNfQRCupZ10,ncFeNw-5M4iGoDD-A8hBH
UrNMo4HaPitlju8Ut_5tM,F72UQSSv5qnV6dGq2o8t-
UrNMo4HaPitlju8Ut_5tM,n0OLj1cQnnbM3n-2eOzCj
UrNMo4HaPitlju8Ut_5tM,2bdRQFIcZXrYbhxeWeffc
WZtwC2L_tv9OL21rFf7Yi,n0OLj1cQnnbM3n-2eOzCj
WZtwC2L_tv9OL21rFf7Yi,phlunt5HJ3fBcZXrezlHN
WZtwC2L_tv9OL21rFf7Yi,iW3M5z9QsfI5jnVSJjr5j
wq9ZAA-Z3oA3_mWk13Plk,phlunt5HJ3fBcZXrezlHN
wq9ZAA-Z3oA3_mWk13Plk,tqy6nsKbGDANBHHt7CQaG
dGIGkzvfzb_mRWVGk6tEg,F72UQSSv5qnV6dGq2o8t-
dGIGkzvfzb_mRWVGk6tEg,mE5Zf1AWhRKDQNHC_NsmV
dGIGkzvfzb_mRWVGk6tEg,ncFeNw-5M4iGoDD-A8hBH
dGIGkzvfzb_mRWVGk6tEg,iW3M5z9QsfI5jnVSJjr5j
95jRNWMpCMsw3OEbtiIHc,n0OLj1cQnnbM3n-2eOzCj
95jRNWMpCMsw3OEbtiIHc,mE5Zf1AWhRKDQNHC_NsmV
95jRNWMpCMsw3OEbtiIHc,F72UQSSv5qnV6dGq2o8t-
ZKON59C-vxPzjm_4CNQDE,L34snMa-YMz_jT9erQqe2
ZKON59C-vxPzjm_4CNQDE,iW3M5z9QsfI5jnVSJjr5j
90mX5yzA1Lf2eq8ixEGY8,F72UQSSv5qnV6dGq2o8t-
90mX5yzA1Lf2eq8ixEGY8,mE5Zf1AWhRKDQNHC_NsmV
90mX5yzA1Lf2eq8ixEGY8,n0OLj1cQnnbM3n-2eOzCj
i0fJBU-QE4_SuIThKVUty,PFEwpbxaA9UrKET8fDnAt
i0fJBU-QE4_SuIThKVUty,n0OLj1cQnnbM3n-2eOzCj
3HGyJ-rani5TFSG2FBDnw,PFEwpbxaA9UrKET8fDnAt
3HGyJ-rani5TFSG2FBDnw,n0OLj1cQnnbM3n-2eOzCj
3HGyJ-rani5TFSG2FBDnw,F72UQSSv5qnV6dGq2o8t-
l81tTuJHiWm4nSTUzPAyk,L34snMa-YMz_jT9erQqe2
l81tTuJHiWm4nSTUzPAyk,iW3M5z9QsfI5jnVSJjr5j
l81tTuJHiWm4nSTUzPAyk,2bdRQFIcZXrYbhxeWeffc
bM-z3PYuMmQv6Pd9M_q_I,L34snMa-YMz_jT9erQqe2
bM-z3PYuMmQv6Pd9M_q_I,iW3M5z9QsfI5jnVSJjr5j
bM-z3PYuMmQv6Pd9M_q_I,n0OLj1cQnnbM3n-2eOzCj
bM-z3PYuMmQv6Pd9M_q_I,mE5Zf1AWhRKDQNHC_NsmV
_8zDgC6fvXdxMBQi1uU14,phlunt5HJ3fBcZXrezlHN
_8zDgC6fvXdxMBQi1uU14,n0OLj1cQnnbM3n-2eOzCj
1wl-eONCLYES-L9p-8fuu,n0OLj1cQnnbM3n-2eOzCj
1wl-eONCLYES-L9p-8fuu,mE5Zf1AWhRKDQNHC_NsmV
1wl-eONCLYES-L9p-8fuu,F72UQSSv5qnV6dGq2o8t-
XUQ2Qjx_jH6aLttWYP7BX,F72UQSSv5qnV6dGq2o8t-
XUQ2Qjx_jH6aLttWYP7BX,Uzldz52slOyT_7tD9MSW3
XUQ2Qjx_jH6aLttWYP7BX,phlunt5HJ3fBcZXrezlHN
sYS6VW4Iw6tylT90q6zUX,iW3M5z9QsfI5jnVSJjr5j
sYS6VW4Iw6tylT90q6zUX,phlunt5HJ3fBcZXrezlHN
sYS6VW4Iw6tylT90q6zUX,F72UQSSv5qnV6dGq2o8t-
clNFo8VrFfScaa4ccNmz2,Uzldz52slOyT_7tD9MSW3
clNFo8VrFfScaa4ccNmz2,iW3M5z9QsfI5jnVSJjr5j
clNFo8VrFfScaa4ccNmz2,L34snMa-YMz_jT9erQqe2
fFq_6Ae1aLy5hZOFi8YQA,F72UQSSv5qnV6dGq2o8t-
fFq_6Ae1aLy5hZOFi8YQA,PFEwpbxaA9UrKET8fDnAt
fFq_6Ae1aLy5hZOFi8YQA,iW3M5z9QsfI5jnVSJjr5j
e8kP0sncf2XD2IxXAwSYx,iW3M5z9QsfI5jnVSJjr5j
e8kP0sncf2XD2IxXAwSYx,phlunt5HJ3fBcZXrezlHN
e8kP0sncf2XD2IxXAwSYx,L34snMa-YMz_jT9erQqe2
e8kP0sncf2XD2IxXAwSYx,n0OLj1cQnnbM3n-2eOzCj
gKD3EnR8Js0qmq5w1K5_P,n0OLj1cQnnbM3n-2eOzCj
gKD3EnR8Js0qmq5w1K5_P,phlunt5HJ3fBcZXrezlHN
gKD3EnR8Js0qmq5w1K5_P,PFEwpbxaA9UrKET8fDnAt
gKD3EnR8Js0qmq5w1K5_P,Uzldz52slOyT_7tD9MSW3
vijFrqLLKhG7yTsNqdh7l,F72UQSSv5qnV6dGq2o8t-
vijFrqLLKhG7yTsNqdh7l,L34snMa-YMz_jT9erQqe2
vijFrqLLKhG7yTsNqdh7l,iW3M5z9QsfI5jnVSJjr5j
vijFrqLLKhG7yTsNqdh7l,phlunt5HJ3fBcZXrezlHN
KBBETHF3SLeThUqirUiuS,F72UQSSv5qnV6dGq2o8t-
KBBETHF3SLeThUqirUiuS,iW3M5z9QsfI5jnVSJjr5j
KBBETHF3SLeThUqirUiuS,ncFeNw-5M4iGoDD-A8hBH
Y9jm1xHdiGARB4NEfqe2V,n0OLj1cQnnbM3n-2eOzCj
Y9jm1xHdiGARB4NEfqe2V,mE5Zf1AWhRKDQNHC_NsmV
Y9jm1xHdiGARB4NEfqe2V,F72UQSSv5qnV6dGq2o8t-
4k4uThfb8EILj_L8-7nvD,n0OLj1cQnnbM3n-2eOzCj
4k4uThfb8EILj_L8-7nvD,mE5Zf1AWhRKDQNHC_NsmV
4k4uThfb8EILj_L8-7nvD,2bdRQFIcZXrYbhxeWeffc
4k4uThfb8EILj_L8-7nvD,F72UQSSv5qnV6dGq2o8t-
WClOLtA--otlc5EeaF33O,F72UQSSv5qnV6dGq2o8t-
WClOLtA--otlc5EeaF33O,n0OLj1cQnnbM3n-2eOzCj
WClOLtA--otlc5EeaF33O,Uzldz52slOyT_7tD9MSW3
WClOLtA--otlc5EeaF33O,phlunt5HJ3fBcZXrezlHN
WClOLtA--otlc5EeaF33O,mE5Zf1AWhRKDQNHC_NsmV
Ir0WQgjDiyOkg23roucln,n0OLj1cQnnbM3n-2eOzCj
Ir0WQgjDiyOkg23roucln,PFEwpbxaA9UrKET8fDnAt
HcRKkJK8Lyih2qHPSgtVb,F72UQSSv5qnV6dGq2o8t-
HcRKkJK8Lyih2qHPSgtVb,PFEwpbxaA9UrKET8fDnAt
HcRKkJK8Lyih2qHPSgtVb,n0OLj1cQnnbM3n-2eOzCj
HcRKkJK8Lyih2qHPSgtVb,mE5Zf1AWhRKDQNHC_NsmV
CLlxN772rYRkieUFYo0gJ,F72UQSSv5qnV6dGq2o8t-
CLlxN772rYRkieUFYo0gJ,phlunt5HJ3fBcZXrezlHN
CLlxN772rYRkieUFYo0gJ,PFEwpbxaA9UrKET8fDnAt
CLlxN772rYRkieUFYo0gJ,Uzldz52slOyT_7tD9MSW3
CLlxN772rYRkieUFYo0gJ,iW3M5z9QsfI5jnVSJjr5j
dCAn3SfZksEisMn0Eeqxa,F72UQSSv5qnV6dGq2o8t-
dCAn3SfZksEisMn0Eeqxa,Uzldz52slOyT_7tD9MSW3
dCAn3SfZksEisMn0Eeqxa,L34snMa-YMz_jT9erQqe2
XjkMmZn_L-UAnCMH8Erc4,n0OLj1cQnnbM3n-2eOzCj
XjkMmZn_L-UAnCMH8Erc4,mE5Zf1AWhRKDQNHC_NsmV
XjkMmZn_L-UAnCMH8Erc4,2bdRQFIcZXrYbhxeWeffc
XjkMmZn_L-UAnCMH8Erc4,PFEwpbxaA9UrKET8fDnAt
XjkMmZn_L-UAnCMH8Erc4,Uzldz52slOyT_7tD9MSW3
wg-DbpTlZ6pZbdhY1I-D0,Uzldz52slOyT_7tD9MSW3
wg-DbpTlZ6pZbdhY1I-D0,PFEwpbxaA9UrKET8fDnAt
Z2Pk_KmJe3l1AA7gFZ9YA,F72UQSSv5qnV6dGq2o8t-
Z2Pk_KmJe3l1AA7gFZ9YA,iW3M5z9QsfI5jnVSJjr5j
Z2Pk_KmJe3l1AA7gFZ9YA,phlunt5HJ3fBcZXrezlHN
Z2Pk_KmJe3l1AA7gFZ9YA,PFEwpbxaA9UrKET8fDnAt
J-8W47G6CT1jya7C5wpUp,F72UQSSv5qnV6dGq2o8t-
J-8W47G6CT1jya7C5wpUp,PFEwpbxaA9UrKET8fDnAt
J-8W47G6CT1jya7C5wpUp,iW3M5z9QsfI5jnVSJjr5j
J-8W47G6CT1jya7C5wpUp,Uzldz52slOyT_7tD9MSW3
ZZOGGdXQtllG_HyAqiUpP,F72UQSSv5qnV6dGq2o8t-
ZZOGGdXQtllG_HyAqiUpP,iW3M5z9QsfI5jnVSJjr5j
ZZOGGdXQtllG_HyAqiUpP,L34snMa-YMz_jT9erQqe2
Ty-RAOpc3y4jYgUEDzloZ,F72UQSSv5qnV6dGq2o8t-
Ty-RAOpc3y4jYgUEDzloZ,phlunt5HJ3fBcZXrezlHN
Ty-RAOpc3y4jYgUEDzloZ,PFEwpbxaA9UrKET8fDnAt
ecaPMsKm_V0wK7eedANK6,F72UQSSv5qnV6dGq2o8t-
ecaPMsKm_V0wK7eedANK6,iW3M5z9QsfI5jnVSJjr5j
ecaPMsKm_V0wK7eedANK6,PFEwpbxaA9UrKET8fDnAt
ecaPMsKm_V0wK7eedANK6,phlunt5HJ3fBcZXrezlHN
yo3ogmb6OJd3R5sL-BoI8,2bdRQFIcZXrYbhxeWeffc
yo3ogmb6OJd3R5sL-BoI8,PFEwpbxaA9UrKET8fDnAt
yo3ogmb6OJd3R5sL-BoI8,n0OLj1cQnnbM3n-2eOzCj
yo3ogmb6OJd3R5sL-BoI8,mE5Zf1AWhRKDQNHC_NsmV
4MaIse_F58-HMyMaJSY2C,F72UQSSv5qnV6dGq2o8t-
4MaIse_F58-HMyMaJSY2C,L34snMa-YMz_jT9erQqe2
4MaIse_F58-HMyMaJSY2C,iW3M5z9QsfI5jnVSJjr5j
jNwc1o7L_dsSqr27nCECS,Uzldz52slOyT_7tD9MSW3
jNwc1o7L_dsSqr27nCECS,phlunt5HJ3fBcZXrezlHN
jNwc1o7L_dsSqr27nCECS,n0OLj1cQnnbM3n-2eOzCj
MWkUnUlIk32AJ6ekggRPh,n0OLj1cQnnbM3n-2eOzCj
MWkUnUlIk32AJ6ekggRPh,phlunt5HJ3fBcZXrezlHN
eBVo4Q6LWeutHkQyD0SSq,phlunt5HJ3fBcZXrezlHN
eBVo4Q6LWeutHkQyD0SSq,L34snMa-YMz_jT9erQqe2
mGC4Q5YvrSNC7aPDf8H-f,F72UQSSv5qnV6dGq2o8t-
mGC4Q5YvrSNC7aPDf8H-f,n0OLj1cQnnbM3n-2eOzCj
mGC4Q5YvrSNC7aPDf8H-f,phlunt5HJ3fBcZXrezlHN
dotEFztEAIaqzzqNCoehp,F72UQSSv5qnV6dGq2o8t-
dotEFztEAIaqzzqNCoehp,n0OLj1cQnnbM3n-2eOzCj
dotEFztEAIaqzzqNCoehp,phlunt5HJ3fBcZXrezlHN
0LcKEiUW6FbTgQj0428c4,F72UQSSv5qnV6dGq2o8t-
0LcKEiUW6FbTgQj0428c4,L34snMa-YMz_jT9erQqe2
0LcKEiUW6FbTgQj0428c4,hbMworHLCdna9k7lGwgWG
0ay4ffdbBvkkOzMw8h49Y,F72UQSSv5qnV6dGq2o8t-
0ay4ffdbBvkkOzMw8h49Y,iW3M5z9QsfI5jnVSJjr5j
0ay4ffdbBvkkOzMw8h49Y,L34snMa-YMz_jT9erQqe2
0ay4ffdbBvkkOzMw8h49Y,2bdRQFIcZXrYbhxeWeffc
SVegox5Pml6yeosMIpSgB,F72UQSSv5qnV6dGq2o8t-
SVegox5Pml6yeosMIpSgB,2bdRQFIcZXrYbhxeWeffc
SVegox5Pml6yeosMIpSgB,L34snMa-YMz_jT9erQqe2
wXVjYla6utWo_aAT_d3sy,F72UQSSv5qnV6dGq2o8t-
wXVjYla6utWo_aAT_d3sy,n0OLj1cQnnbM3n-2eOzCj
wXVjYla6utWo_aAT_d3sy,mE5Zf1AWhRKDQNHC_NsmV
wXVjYla6utWo_aAT_d3sy,L34snMa-YMz_jT9erQqe2
qpUiRLBQckktCxX7FmODD,n0OLj1cQnnbM3n-2eOzCj
qpUiRLBQckktCxX7FmODD,mE5Zf1AWhRKDQNHC_NsmV
qpUiRLBQckktCxX7FmODD,F72UQSSv5qnV6dGq2o8t-
VpTHkXGiv1zpX0RU4-1v-,iW3M5z9QsfI5jnVSJjr5j
VpTHkXGiv1zpX0RU4-1v-,L34snMa-YMz_jT9erQqe2
VpTHkXGiv1zpX0RU4-1v-,F72UQSSv5qnV6dGq2o8t-
XT72rD99agFr0DbtLXGPK,F72UQSSv5qnV6dGq2o8t-
XT72rD99agFr0DbtLXGPK,n0OLj1cQnnbM3n-2eOzCj
XT72rD99agFr0DbtLXGPK,mE5Zf1AWhRKDQNHC_NsmV
XT72rD99agFr0DbtLXGPK,iW3M5z9QsfI5jnVSJjr5j
XT72rD99agFr0DbtLXGPK,phlunt5HJ3fBcZXrezlHN
oYcOdJ1bTOLxQ1ZML2NL4,Uzldz52slOyT_7tD9MSW3
oYcOdJ1bTOLxQ1ZML2NL4,iW3M5z9QsfI5jnVSJjr5j
oYcOdJ1bTOLxQ1ZML2NL4,phlunt5HJ3fBcZXrezlHN
8xR92ZdHl27v6XmJbYqfu,PFEwpbxaA9UrKET8fDnAt
8xR92ZdHl27v6XmJbYqfu,n0OLj1cQnnbM3n-2eOzCj
8xR92ZdHl27v6XmJbYqfu,F72UQSSv5qnV6dGq2o8t-
g8IAvaKPRQTmym__rucHH,phlunt5HJ3fBcZXrezlHN
g8IAvaKPRQTmym__rucHH,n0OLj1cQnnbM3n-2eOzCj
xNDkMDgiADEbJPH8z2jZC,F72UQSSv5qnV6dGq2o8t-
xNDkMDgiADEbJPH8z2jZC,phlunt5HJ3fBcZXrezlHN
xNDkMDgiADEbJPH8z2jZC,L34snMa-YMz_jT9erQqe2
wj8_vqbezecAhtC7tDce7,n0OLj1cQnnbM3n-2eOzCj
wj8_vqbezecAhtC7tDce7,mE5Zf1AWhRKDQNHC_NsmV
wj8_vqbezecAhtC7tDce7,F72UQSSv5qnV6dGq2o8t-
wj8_vqbezecAhtC7tDce7,Uzldz52slOyT_7tD9MSW3
Ype8i4qzBsUMCP5TfKerd,F72UQSSv5qnV6dGq2o8t-
Ype8i4qzBsUMCP5TfKerd,L34snMa-YMz_jT9erQqe2
Ype8i4qzBsUMCP5TfKerd,iW3M5z9QsfI5jnVSJjr5j
Ype8i4qzBsUMCP5TfKerd,phlunt5HJ3fBcZXrezlHN
Ype8i4qzBsUMCP5TfKerd,Uzldz52slOyT_7tD9MSW3
Ype8i4qzBsUMCP5TfKerd,ncFeNw-5M4iGoDD-A8hBH
HL0EO1brRsLqUO03k9QxV,n0OLj1cQnnbM3n-2eOzCj
HL0EO1brRsLqUO03k9QxV,mE5Zf1AWhRKDQNHC_NsmV
HL0EO1brRsLqUO03k9QxV,2bdRQFIcZXrYbhxeWeffc
xTsDjWtD7enYcxJuBBO86,L34snMa-YMz_jT9erQqe2
xTsDjWtD7enYcxJuBBO86,iW3M5z9QsfI5jnVSJjr5j
xTsDjWtD7enYcxJuBBO86,phlunt5HJ3fBcZXrezlHN
niJ3IPWHX--f-JT1ALHCi,F72UQSSv5qnV6dGq2o8t-
niJ3IPWHX--f-JT1ALHCi,ncFeNw-5M4iGoDD-A8hBH
niJ3IPWHX--f-JT1ALHCi,iW3M5z9QsfI5jnVSJjr5j
niJ3IPWHX--f-JT1ALHCi,PFEwpbxaA9UrKET8fDnAt
3NU73J3gKpkIxDRAB3dd0,F72UQSSv5qnV6dGq2o8t-
3NU73J3gKpkIxDRAB3dd0,ncFeNw-5M4iGoDD-A8hBH
3NU73J3gKpkIxDRAB3dd0,iW3M5z9QsfI5jnVSJjr5j
3NU73J3gKpkIxDRAB3dd0,Uzldz52slOyT_7tD9MSW3
9k9z4yrPUWJV68QbAAW53,n0OLj1cQnnbM3n-2eOzCj
9k9z4yrPUWJV68QbAAW53,mE5Zf1AWhRKDQNHC_NsmV
9k9z4yrPUWJV68QbAAW53,L34snMa-YMz_jT9erQqe2
Jo-p5-0KQctem89rMgfar,ncFeNw-5M4iGoDD-A8hBH
Jo-p5-0KQctem89rMgfar,iW3M5z9QsfI5jnVSJjr5j
Jo-p5-0KQctem89rMgfar,phlunt5HJ3fBcZXrezlHN
Jo-p5-0KQctem89rMgfar,Uzldz52slOyT_7tD9MSW3
ydtESEK8dJxkmjjypUZtc,L34snMa-YMz_jT9erQqe2
ydtESEK8dJxkmjjypUZtc,iW3M5z9QsfI5jnVSJjr5j
ydtESEK8dJxkmjjypUZtc,F72UQSSv5qnV6dGq2o8t-
2helg6aqlFAeO55s6y2sR,F72UQSSv5qnV6dGq2o8t-
2helg6aqlFAeO55s6y2sR,n0OLj1cQnnbM3n-2eOzCj
2helg6aqlFAeO55s6y2sR,phlunt5HJ3fBcZXrezlHN
2helg6aqlFAeO55s6y2sR,PFEwpbxaA9UrKET8fDnAt
2helg6aqlFAeO55s6y2sR,Uzldz52slOyT_7tD9MSW3
ri1S7QGRM3oGOE2nGd8gp,F72UQSSv5qnV6dGq2o8t-
ri1S7QGRM3oGOE2nGd8gp,mE5Zf1AWhRKDQNHC_NsmV
ri1S7QGRM3oGOE2nGd8gp,L34snMa-YMz_jT9erQqe2
c_L4TSaaxEgLXOfEAb41n,F72UQSSv5qnV6dGq2o8t-
c_L4TSaaxEgLXOfEAb41n,iW3M5z9QsfI5jnVSJjr5j
c_L4TSaaxEgLXOfEAb41n,L34snMa-YMz_jT9erQqe2
OPzXV1sxXo0AL_5jnAgH8,n0OLj1cQnnbM3n-2eOzCj
OPzXV1sxXo0AL_5jnAgH8,PFEwpbxaA9UrKET8fDnAt
OPzXV1sxXo0AL_5jnAgH8,2bdRQFIcZXrYbhxeWeffc
IHlTwQPX16egdBnTUDTwM,PFEwpbxaA9UrKET8fDnAt
IHlTwQPX16egdBnTUDTwM,Uzldz52slOyT_7tD9MSW3
IHlTwQPX16egdBnTUDTwM,n0OLj1cQnnbM3n-2eOzCj
WF4J4RR6btQxJlUFEMsFj,PFEwpbxaA9UrKET8fDnAt
WF4J4RR6btQxJlUFEMsFj,n0OLj1cQnnbM3n-2eOzCj
pQhh4Nx7dhPU1VEvqAtqe,F72UQSSv5qnV6dGq2o8t-
pQhh4Nx7dhPU1VEvqAtqe,PFEwpbxaA9UrKET8fDnAt
pQhh4Nx7dhPU1VEvqAtqe,n0OLj1cQnnbM3n-2eOzCj
A1SQFHYrL3Rabd3sFLykU,n0OLj1cQnnbM3n-2eOzCj
A1SQFHYrL3Rabd3sFLykU,PFEwpbxaA9UrKET8fDnAt
A1SQFHYrL3Rabd3sFLykU,2bdRQFIcZXrYbhxeWeffc
ED2ucQaBnXiZz9_2ZVnm8,n0OLj1cQnnbM3n-2eOzCj
ED2ucQaBnXiZz9_2ZVnm8,PFEwpbxaA9UrKET8fDnAt
ED2ucQaBnXiZz9_2ZVnm8,F72UQSSv5qnV6dGq2o8t-
ED2ucQaBnXiZz9_2ZVnm8,2bdRQFIcZXrYbhxeWeffc
y3Zc1i3auvMtcQR0jJSXt,n0OLj1cQnnbM3n-2eOzCj
y3Zc1i3auvMtcQR0jJSXt,2bdRQFIcZXrYbhxeWeffc
y3Zc1i3auvMtcQR0jJSXt,phlunt5HJ3fBcZXrezlHN
OJTAALkyAsyfq3J7hFYpu,iW3M5z9QsfI5jnVSJjr5j
OJTAALkyAsyfq3J7hFYpu,phlunt5HJ3fBcZXrezlHN
OJTAALkyAsyfq3J7hFYpu,Uzldz52slOyT_7tD9MSW3
arjnTyoDAlNuv1LdYfciQ,F72UQSSv5qnV6dGq2o8t-
arjnTyoDAlNuv1LdYfciQ,phlunt5HJ3fBcZXrezlHN
arjnTyoDAlNuv1LdYfciQ,iW3M5z9QsfI5jnVSJjr5j
SO5NMkkbG0JMwYOBJ5fVR,F72UQSSv5qnV6dGq2o8t-
SO5NMkkbG0JMwYOBJ5fVR,PFEwpbxaA9UrKET8fDnAt
SO5NMkkbG0JMwYOBJ5fVR,Uzldz52slOyT_7tD9MSW3
NyRbMiIXpaRBaen5_YEY4,F72UQSSv5qnV6dGq2o8t-
NyRbMiIXpaRBaen5_YEY4,Uzldz52slOyT_7tD9MSW3
NyRbMiIXpaRBaen5_YEY4,phlunt5HJ3fBcZXrezlHN
aU7o1Y87HZxzrnyi9VI7i,F72UQSSv5qnV6dGq2o8t-
aU7o1Y87HZxzrnyi9VI7i,n0OLj1cQnnbM3n-2eOzCj
aU7o1Y87HZxzrnyi9VI7i,mE5Zf1AWhRKDQNHC_NsmV
H3vEqrQUoTJm45creI6p7,F72UQSSv5qnV6dGq2o8t-
H3vEqrQUoTJm45creI6p7,iW3M5z9QsfI5jnVSJjr5j
H3vEqrQUoTJm45creI6p7,phlunt5HJ3fBcZXrezlHN
H3vEqrQUoTJm45creI6p7,-Q1NyL2hihfCdselYbnjo
Dza6xJkIKwFleHPsLNrXo,F72UQSSv5qnV6dGq2o8t-
Dza6xJkIKwFleHPsLNrXo,n0OLj1cQnnbM3n-2eOzCj
Dza6xJkIKwFleHPsLNrXo,L34snMa-YMz_jT9erQqe2
Dza6xJkIKwFleHPsLNrXo,2bdRQFIcZXrYbhxeWeffc
Dza6xJkIKwFleHPsLNrXo,PFEwpbxaA9UrKET8fDnAt
bF8q2F6QuUMb0Kmy9uR-G,F72UQSSv5qnV6dGq2o8t-
bF8q2F6QuUMb0Kmy9uR-G,n0OLj1cQnnbM3n-2eOzCj
bF8q2F6QuUMb0Kmy9uR-G,mE5Zf1AWhRKDQNHC_NsmV
bF8q2F6QuUMb0Kmy9uR-G,iW3M5z9QsfI5jnVSJjr5j
nysVyH2-7dR-uzpkdcaQJ,n0OLj1cQnnbM3n-2eOzCj
nysVyH2-7dR-uzpkdcaQJ,phlunt5HJ3fBcZXrezlHN
nysVyH2-7dR-uzpkdcaQJ,Uzldz52slOyT_7tD9MSW3
vfs_EubiZFQy7OFmgjaTL,F72UQSSv5qnV6dGq2o8t-
vfs_EubiZFQy7OFmgjaTL,Uzldz52slOyT_7tD9MSW3
vfs_EubiZFQy7OFmgjaTL,phlunt5HJ3fBcZXrezlHN
cU1FrLSH5b-O5Vs8iYqX2,F72UQSSv5qnV6dGq2o8t-
cU1FrLSH5b-O5Vs8iYqX2,KcVqSqCqpBoUqNfNlAkE7
cU1FrLSH5b-O5Vs8iYqX2,n0OLj1cQnnbM3n-2eOzCj
cU1FrLSH5b-O5Vs8iYqX2,mE5Zf1AWhRKDQNHC_NsmV
cU1FrLSH5b-O5Vs8iYqX2,phlunt5HJ3fBcZXrezlHN
Du-t6imPh822KZxZndgYT,iW3M5z9QsfI5jnVSJjr5j
Du-t6imPh822KZxZndgYT,phlunt5HJ3fBcZXrezlHN
Du-t6imPh822KZxZndgYT,-5F1wQ50bue4PA2khE3sM
0vzGV7ImMA3uKNrS_N2y8,n0OLj1cQnnbM3n-2eOzCj
0vzGV7ImMA3uKNrS_N2y8,mE5Zf1AWhRKDQNHC_NsmV
0vzGV7ImMA3uKNrS_N2y8,F72UQSSv5qnV6dGq2o8t-
6DVW26nH60ZpFS3gFUmMf,F72UQSSv5qnV6dGq2o8t-
6DVW26nH60ZpFS3gFUmMf,phlunt5HJ3fBcZXrezlHN
6DVW26nH60ZpFS3gFUmMf,hbMworHLCdna9k7lGwgWG
GCjqNlqf58S4jL6YX9DuS,L34snMa-YMz_jT9erQqe2
GCjqNlqf58S4jL6YX9DuS,iW3M5z9QsfI5jnVSJjr5j
GCjqNlqf58S4jL6YX9DuS,F72UQSSv5qnV6dGq2o8t-
4k9YdH-X2Q9cQH9Ihk0wR,iW3M5z9QsfI5jnVSJjr5j
4k9YdH-X2Q9cQH9Ihk0wR,phlunt5HJ3fBcZXrezlHN
_C8R6akTxJ8m_V71P_OF0,iW3M5z9QsfI5jnVSJjr5j
_C8R6akTxJ8m_V71P_OF0,phlunt5HJ3fBcZXrezlHN
_C8R6akTxJ8m_V71P_OF0,L34snMa-YMz_jT9erQqe2
AwydDZe-GUbMYHCwRTNcC,F72UQSSv5qnV6dGq2o8t-
AwydDZe-GUbMYHCwRTNcC,n0OLj1cQnnbM3n-2eOzCj
AwydDZe-GUbMYHCwRTNcC,Uzldz52slOyT_7tD9MSW3
_riJPCfl2V6nNh4dFAAXp,F72UQSSv5qnV6dGq2o8t-
_riJPCfl2V6nNh4dFAAXp,n0OLj1cQnnbM3n-2eOzCj
_riJPCfl2V6nNh4dFAAXp,mE5Zf1AWhRKDQNHC_NsmV
_riJPCfl2V6nNh4dFAAXp,phlunt5HJ3fBcZXrezlHN
_riJPCfl2V6nNh4dFAAXp,Uzldz52slOyT_7tD9MSW3
xHR9f-w2H2zgVFqXwZGBq,F72UQSSv5qnV6dGq2o8t-
xHR9f-w2H2zgVFqXwZGBq,iW3M5z9QsfI5jnVSJjr5j
xHR9f-w2H2zgVFqXwZGBq,phlunt5HJ3fBcZXrezlHN
mOiLMl-3gGwlyV3nIL5Z_,n0OLj1cQnnbM3n-2eOzCj
mOiLMl-3gGwlyV3nIL5Z_,PFEwpbxaA9UrKET8fDnAt
3bUGVJnNnKjG0ZL4lKmd5,F72UQSSv5qnV6dGq2o8t-
3bUGVJnNnKjG0ZL4lKmd5,L34snMa-YMz_jT9erQqe2
3bUGVJnNnKjG0ZL4lKmd5,iW3M5z9QsfI5jnVSJjr5j
3bUGVJnNnKjG0ZL4lKmd5,Uzldz52slOyT_7tD9MSW3
Vo8pZn8EF-U-Tns4yOXIF,n0OLj1cQnnbM3n-2eOzCj
Vo8pZn8EF-U-Tns4yOXIF,PFEwpbxaA9UrKET8fDnAt
-8PDi_G_HhjnrTWrJvDa3,n0OLj1cQnnbM3n-2eOzCj
-8PDi_G_HhjnrTWrJvDa3,phlunt5HJ3fBcZXrezlHN
_Uqyrh5WASze71RDz17v9,iW3M5z9QsfI5jnVSJjr5j
_Uqyrh5WASze71RDz17v9,phlunt5HJ3fBcZXrezlHN
uJyJuu-3-QvMPg1ps9uc3,F72UQSSv5qnV6dGq2o8t-
uJyJuu-3-QvMPg1ps9uc3,phlunt5HJ3fBcZXrezlHN
uJyJuu-3-QvMPg1ps9uc3,Uzldz52slOyT_7tD9MSW3
f0BI3Iv5yywAxz8GfR4c4,F72UQSSv5qnV6dGq2o8t-
f0BI3Iv5yywAxz8GfR4c4,Uzldz52slOyT_7tD9MSW3
f0BI3Iv5yywAxz8GfR4c4,phlunt5HJ3fBcZXrezlHN
a_Vd7pi20Q4iI2OkEBsk2,F72UQSSv5qnV6dGq2o8t-
a_Vd7pi20Q4iI2OkEBsk2,n0OLj1cQnnbM3n-2eOzCj
a_Vd7pi20Q4iI2OkEBsk2,L34snMa-YMz_jT9erQqe2
a_Vd7pi20Q4iI2OkEBsk2,Uzldz52slOyT_7tD9MSW3
vRNkx8kzizkuFV2wgUdZt,F72UQSSv5qnV6dGq2o8t-
vRNkx8kzizkuFV2wgUdZt,phlunt5HJ3fBcZXrezlHN
vRNkx8kzizkuFV2wgUdZt,Uzldz52slOyT_7tD9MSW3
gftzY1Is2w12IjLmSeZzs,n0OLj1cQnnbM3n-2eOzCj
gftzY1Is2w12IjLmSeZzs,mE5Zf1AWhRKDQNHC_NsmV
gftzY1Is2w12IjLmSeZzs,2bdRQFIcZXrYbhxeWeffc
gftzY1Is2w12IjLmSeZzs,L34snMa-YMz_jT9erQqe2
64eWyJqU_CU4gGJA5CKya,phlunt5HJ3fBcZXrezlHN
64eWyJqU_CU4gGJA5CKya,iW3M5z9QsfI5jnVSJjr5j
gftMOIefJ_3grdYuBpV1c,Uzldz52slOyT_7tD9MSW3
gftMOIefJ_3grdYuBpV1c,iW3M5z9QsfI5jnVSJjr5j
cAJTwHT_KjJNAwAbIfASp,F72UQSSv5qnV6dGq2o8t-
cAJTwHT_KjJNAwAbIfASp,n0OLj1cQnnbM3n-2eOzCj
cAJTwHT_KjJNAwAbIfASp,iW3M5z9QsfI5jnVSJjr5j
cAJTwHT_KjJNAwAbIfASp,L34snMa-YMz_jT9erQqe2
JppPRAFH_P5ETDdMEPNUb,F72UQSSv5qnV6dGq2o8t-
JppPRAFH_P5ETDdMEPNUb,n0OLj1cQnnbM3n-2eOzCj
JppPRAFH_P5ETDdMEPNUb,phlunt5HJ3fBcZXrezlHN
JppPRAFH_P5ETDdMEPNUb,Uzldz52slOyT_7tD9MSW3
mKQ06iLX3v2y_EN4j5-rF,F72UQSSv5qnV6dGq2o8t-
mKQ06iLX3v2y_EN4j5-rF,n0OLj1cQnnbM3n-2eOzCj
mKQ06iLX3v2y_EN4j5-rF,mE5Zf1AWhRKDQNHC_NsmV
mKQ06iLX3v2y_EN4j5-rF,L34snMa-YMz_jT9erQqe2
lFQa44oDAsCJOICcrh2SB,n0OLj1cQnnbM3n-2eOzCj
lFQa44oDAsCJOICcrh2SB,mE5Zf1AWhRKDQNHC_NsmV
lFQa44oDAsCJOICcrh2SB,F72UQSSv5qnV6dGq2o8t-
sZKYg1mUcuM2_CCOybkIt,n0OLj1cQnnbM3n-2eOzCj
sZKYg1mUcuM2_CCOybkIt,mE5Zf1AWhRKDQNHC_NsmV
sZKYg1mUcuM2_CCOybkIt,phlunt5HJ3fBcZXrezlHN
9u3DfcrVDfn1eRQ2vxg7Y,L34snMa-YMz_jT9erQqe2
9u3DfcrVDfn1eRQ2vxg7Y,iW3M5z9QsfI5jnVSJjr5j
9u3DfcrVDfn1eRQ2vxg7Y,phlunt5HJ3fBcZXrezlHN
iiaKZUlcuxCUxYL0e5T7c,iW3M5z9QsfI5jnVSJjr5j
iiaKZUlcuxCUxYL0e5T7c,-5F1wQ50bue4PA2khE3sM
iiaKZUlcuxCUxYL0e5T7c,F72UQSSv5qnV6dGq2o8t-
9HUa8gCsY_XvJjtAdr65b,F72UQSSv5qnV6dGq2o8t-
9HUa8gCsY_XvJjtAdr65b,n0OLj1cQnnbM3n-2eOzCj
9HUa8gCsY_XvJjtAdr65b,phlunt5HJ3fBcZXrezlHN
9HUa8gCsY_XvJjtAdr65b,Uzldz52slOyT_7tD9MSW3
Aguer-AVouJb8iyLJy8Lh,iW3M5z9QsfI5jnVSJjr5j
Aguer-AVouJb8iyLJy8Lh,phlunt5HJ3fBcZXrezlHN
Aguer-AVouJb8iyLJy8Lh,L34snMa-YMz_jT9erQqe2
POhUrXjZkw5HA_Ip9Nwjt,F72UQSSv5qnV6dGq2o8t-
POhUrXjZkw5HA_Ip9Nwjt,phlunt5HJ3fBcZXrezlHN
POhUrXjZkw5HA_Ip9Nwjt,Uzldz52slOyT_7tD9MSW3
ygZBL_npaOJLk-zvudNY9,L34snMa-YMz_jT9erQqe2
ygZBL_npaOJLk-zvudNY9,iW3M5z9QsfI5jnVSJjr5j
pCN2OEg9DWj1mmabYQUm-,F72UQSSv5qnV6dGq2o8t-
pCN2OEg9DWj1mmabYQUm-,PFEwpbxaA9UrKET8fDnAt
pCN2OEg9DWj1mmabYQUm-,Uzldz52slOyT_7tD9MSW3
mJ7WKoBOXqkJC2cHDXPh2,n0OLj1cQnnbM3n-2eOzCj
mJ7WKoBOXqkJC2cHDXPh2,mE5Zf1AWhRKDQNHC_NsmV
mJ7WKoBOXqkJC2cHDXPh2,PFEwpbxaA9UrKET8fDnAt
mJ7WKoBOXqkJC2cHDXPh2,Uzldz52slOyT_7tD9MSW3
HqUEpQTUQlTpLVtYtNXjn,F72UQSSv5qnV6dGq2o8t-
HqUEpQTUQlTpLVtYtNXjn,L34snMa-YMz_jT9erQqe2
HqUEpQTUQlTpLVtYtNXjn,iW3M5z9QsfI5jnVSJjr5j
hKxZ1MhbpC9P4lHQbS_hz,n0OLj1cQnnbM3n-2eOzCj
hKxZ1MhbpC9P4lHQbS_hz,phlunt5HJ3fBcZXrezlHN
hKxZ1MhbpC9P4lHQbS_hz,PFEwpbxaA9UrKET8fDnAt
hKxZ1MhbpC9P4lHQbS_hz,Uzldz52slOyT_7tD9MSW3
Una7X7LIwY54u1_uOcjnl,F72UQSSv5qnV6dGq2o8t-
Una7X7LIwY54u1_uOcjnl,PFEwpbxaA9UrKET8fDnAt
Una7X7LIwY54u1_uOcjnl,n0OLj1cQnnbM3n-2eOzCj
YxwphBwk8fyi1dGXVYSzw,n0OLj1cQnnbM3n-2eOzCj
YxwphBwk8fyi1dGXVYSzw,Uzldz52slOyT_7tD9MSW3
YxwphBwk8fyi1dGXVYSzw,phlunt5HJ3fBcZXrezlHN
0EEI2xo1-6EV-Zsi4yfxn,Uzldz52slOyT_7tD9MSW3
0EEI2xo1-6EV-Zsi4yfxn,F72UQSSv5qnV6dGq2o8t-
UK4EFNS110x-BDW5PjnE2,F72UQSSv5qnV6dGq2o8t-
UK4EFNS110x-BDW5PjnE2,mE5Zf1AWhRKDQNHC_NsmV
UK4EFNS110x-BDW5PjnE2,L34snMa-YMz_jT9erQqe2
UK4EFNS110x-BDW5PjnE2,iW3M5z9QsfI5jnVSJjr5j
g93mF8mJgaFZUVFzrvpAW,F72UQSSv5qnV6dGq2o8t-
g93mF8mJgaFZUVFzrvpAW,iW3M5z9QsfI5jnVSJjr5j
g93mF8mJgaFZUVFzrvpAW,L34snMa-YMz_jT9erQqe2
JYe5S7Rgqw_MlRXR4OTrK,F72UQSSv5qnV6dGq2o8t-
JYe5S7Rgqw_MlRXR4OTrK,PFEwpbxaA9UrKET8fDnAt
JYe5S7Rgqw_MlRXR4OTrK,L34snMa-YMz_jT9erQqe2
H9yU-y4AuAkLGbCrtgfbX,F72UQSSv5qnV6dGq2o8t-
H9yU-y4AuAkLGbCrtgfbX,iW3M5z9QsfI5jnVSJjr5j
H9yU-y4AuAkLGbCrtgfbX,phlunt5HJ3fBcZXrezlHN
H9yU-y4AuAkLGbCrtgfbX,L34snMa-YMz_jT9erQqe2
vJVwfXCklsJb1jjlx3R8l,-5F1wQ50bue4PA2khE3sM
vJVwfXCklsJb1jjlx3R8l,PFEwpbxaA9UrKET8fDnAt
tGrsoozGVeqszIXFPtSQ4,F72UQSSv5qnV6dGq2o8t-
tGrsoozGVeqszIXFPtSQ4,phlunt5HJ3fBcZXrezlHN
I3yVB6qreeFhOFs_3tiXP,F72UQSSv5qnV6dGq2o8t-
I3yVB6qreeFhOFs_3tiXP,phlunt5HJ3fBcZXrezlHN
I3yVB6qreeFhOFs_3tiXP,tqy6nsKbGDANBHHt7CQaG
EcV9VbROxMvBVJQdEAW_3,Uzldz52slOyT_7tD9MSW3
EcV9VbROxMvBVJQdEAW_3,phlunt5HJ3fBcZXrezlHN
iFBq1RfsJnz72ZVFoZ0w9,iW3M5z9QsfI5jnVSJjr5j
iFBq1RfsJnz72ZVFoZ0w9,phlunt5HJ3fBcZXrezlHN
9ErYxsffNGo2ztF6l6oQE,Uzldz52slOyT_7tD9MSW3
9ErYxsffNGo2ztF6l6oQE,phlunt5HJ3fBcZXrezlHN
KEnAzNOdLF2d_qhn9dV37,F72UQSSv5qnV6dGq2o8t-
KEnAzNOdLF2d_qhn9dV37,phlunt5HJ3fBcZXrezlHN
KEnAzNOdLF2d_qhn9dV37,tqy6nsKbGDANBHHt7CQaG
FHIa56q1h7iD9NNX4LLjt,F72UQSSv5qnV6dGq2o8t-
FHIa56q1h7iD9NNX4LLjt,phlunt5HJ3fBcZXrezlHN
FHIa56q1h7iD9NNX4LLjt,tqy6nsKbGDANBHHt7CQaG
dTxbg3sJK3OQNOpq7Y-DG,n0OLj1cQnnbM3n-2eOzCj
dTxbg3sJK3OQNOpq7Y-DG,Uzldz52slOyT_7tD9MSW3
dTxbg3sJK3OQNOpq7Y-DG,phlunt5HJ3fBcZXrezlHN
I7J89xc5eSv-W8kG4SHt1,L34snMa-YMz_jT9erQqe2
I7J89xc5eSv-W8kG4SHt1,phlunt5HJ3fBcZXrezlHN
7bzR3Vuq1HXRnL7VkjBlA,phlunt5HJ3fBcZXrezlHN
7bzR3Vuq1HXRnL7VkjBlA,iW3M5z9QsfI5jnVSJjr5j
oxBlSEiA_lJOf8qEJzrCE,iW3M5z9QsfI5jnVSJjr5j
oxBlSEiA_lJOf8qEJzrCE,phlunt5HJ3fBcZXrezlHN
-LM7yiW2Fm1lvSO1Yz2tB,Uzldz52slOyT_7tD9MSW3
-LM7yiW2Fm1lvSO1Yz2tB,phlunt5HJ3fBcZXrezlHN
l_y8s0ewMgaIcC8IzDtBH,phlunt5HJ3fBcZXrezlHN
l_y8s0ewMgaIcC8IzDtBH,Uzldz52slOyT_7tD9MSW3
wyF8SpWW2Zch5mLVpHq98,iW3M5z9QsfI5jnVSJjr5j
wyF8SpWW2Zch5mLVpHq98,phlunt5HJ3fBcZXrezlHN
Yjf4ZzIM94gofsscwZejq,F72UQSSv5qnV6dGq2o8t-
Yjf4ZzIM94gofsscwZejq,n0OLj1cQnnbM3n-2eOzCj
Yjf4ZzIM94gofsscwZejq,mE5Zf1AWhRKDQNHC_NsmV
Yjf4ZzIM94gofsscwZejq,2bdRQFIcZXrYbhxeWeffc
Yjf4ZzIM94gofsscwZejq,L34snMa-YMz_jT9erQqe2
X9yTo-RorTsUIRRWRP-Aw,F72UQSSv5qnV6dGq2o8t-
X9yTo-RorTsUIRRWRP-Aw,phlunt5HJ3fBcZXrezlHN
X9yTo-RorTsUIRRWRP-Aw,PFEwpbxaA9UrKET8fDnAt
gGNkpPkRf53fnHZcRS4BI,F72UQSSv5qnV6dGq2o8t-
gGNkpPkRf53fnHZcRS4BI,n0OLj1cQnnbM3n-2eOzCj
gGNkpPkRf53fnHZcRS4BI,L34snMa-YMz_jT9erQqe2
gGNkpPkRf53fnHZcRS4BI,Uzldz52slOyT_7tD9MSW3
ERKwHA1ncmIED1Hmh39F_,F72UQSSv5qnV6dGq2o8t-
ERKwHA1ncmIED1Hmh39F_,n0OLj1cQnnbM3n-2eOzCj
ERKwHA1ncmIED1Hmh39F_,phlunt5HJ3fBcZXrezlHN
ERKwHA1ncmIED1Hmh39F_,Uzldz52slOyT_7tD9MSW3
9VxFQQOgK85P1nkWQsVCO,L34snMa-YMz_jT9erQqe2
9VxFQQOgK85P1nkWQsVCO,iW3M5z9QsfI5jnVSJjr5j
9VxFQQOgK85P1nkWQsVCO,F72UQSSv5qnV6dGq2o8t-
9VxFQQOgK85P1nkWQsVCO,PFEwpbxaA9UrKET8fDnAt
eqGfQjQwiYrYcFhur4jJF,Uzldz52slOyT_7tD9MSW3
eqGfQjQwiYrYcFhur4jJF,phlunt5HJ3fBcZXrezlHN
eqGfQjQwiYrYcFhur4jJF,n0OLj1cQnnbM3n-2eOzCj
KgBgG9tdxg1ca2VhRlwPH,iW3M5z9QsfI5jnVSJjr5j
KgBgG9tdxg1ca2VhRlwPH,phlunt5HJ3fBcZXrezlHN
KgBgG9tdxg1ca2VhRlwPH,L34snMa-YMz_jT9erQqe2
jVT2ECWAmElhioeHN5XZb,Uzldz52slOyT_7tD9MSW3
jVT2ECWAmElhioeHN5XZb,phlunt5HJ3fBcZXrezlHN
UqsW3vLlB5YL4oVlw-Ml3,F72UQSSv5qnV6dGq2o8t-
UqsW3vLlB5YL4oVlw-Ml3,Uzldz52slOyT_7tD9MSW3
UqsW3vLlB5YL4oVlw-Ml3,phlunt5HJ3fBcZXrezlHN
6Ng2VQY5MwdhenAQVQ8iR,iW3M5z9QsfI5jnVSJjr5j
6Ng2VQY5MwdhenAQVQ8iR,phlunt5HJ3fBcZXrezlHN
6Ng2VQY5MwdhenAQVQ8iR,Uzldz52slOyT_7tD9MSW3
BzHQcvtws96xE8VS5C36Q,F72UQSSv5qnV6dGq2o8t-
BzHQcvtws96xE8VS5C36Q,PFEwpbxaA9UrKET8fDnAt
BzHQcvtws96xE8VS5C36Q,iW3M5z9QsfI5jnVSJjr5j
BzHQcvtws96xE8VS5C36Q,L34snMa-YMz_jT9erQqe2
JF5Q_2YSuK7X69kXLszsj,F72UQSSv5qnV6dGq2o8t-
JF5Q_2YSuK7X69kXLszsj,Uzldz52slOyT_7tD9MSW3
JF5Q_2YSuK7X69kXLszsj,phlunt5HJ3fBcZXrezlHN
dfefQMJkP-EsCJhouGVp9,F72UQSSv5qnV6dGq2o8t-
dfefQMJkP-EsCJhouGVp9,L34snMa-YMz_jT9erQqe2
dfefQMJkP-EsCJhouGVp9,iW3M5z9QsfI5jnVSJjr5j
SnLU3U44NHkNbq2vus_OZ,F72UQSSv5qnV6dGq2o8t-
SnLU3U44NHkNbq2vus_OZ,PFEwpbxaA9UrKET8fDnAt
SnLU3U44NHkNbq2vus_OZ,ncFeNw-5M4iGoDD-A8hBH
SnLU3U44NHkNbq2vus_OZ,Uzldz52slOyT_7tD9MSW3
OHlD6A324I0VP3OkWwNmV,F72UQSSv5qnV6dGq2o8t-
OHlD6A324I0VP3OkWwNmV,n0OLj1cQnnbM3n-2eOzCj
OHlD6A324I0VP3OkWwNmV,2bdRQFIcZXrYbhxeWeffc
OHlD6A324I0VP3OkWwNmV,L34snMa-YMz_jT9erQqe2
VckXCgt4yCeK1yN83w7de,iW3M5z9QsfI5jnVSJjr5j
VckXCgt4yCeK1yN83w7de,F72UQSSv5qnV6dGq2o8t-
TaYr00J3Z2oKsKGXrF2D_,F72UQSSv5qnV6dGq2o8t-
TaYr00J3Z2oKsKGXrF2D_,n0OLj1cQnnbM3n-2eOzCj
esjhtv40N1me-uud5fOmx,F72UQSSv5qnV6dGq2o8t-
esjhtv40N1me-uud5fOmx,n0OLj1cQnnbM3n-2eOzCj
esjhtv40N1me-uud5fOmx,mE5Zf1AWhRKDQNHC_NsmV
G_Rz4DaBqtRDPXhAJeP--,F72UQSSv5qnV6dGq2o8t-
G_Rz4DaBqtRDPXhAJeP--,mE5Zf1AWhRKDQNHC_NsmV
G_Rz4DaBqtRDPXhAJeP--,phlunt5HJ3fBcZXrezlHN
YxSj4xhbV6WKxmi5jgpfp,F72UQSSv5qnV6dGq2o8t-
YxSj4xhbV6WKxmi5jgpfp,ncFeNw-5M4iGoDD-A8hBH
YxSj4xhbV6WKxmi5jgpfp,phlunt5HJ3fBcZXrezlHN
K95wwhMoH_F9Mk_ksrJth,Uzldz52slOyT_7tD9MSW3
K95wwhMoH_F9Mk_ksrJth,phlunt5HJ3fBcZXrezlHN
3nvyI_eyWaoQtJqfvoCCQ,2bdRQFIcZXrYbhxeWeffc
3nvyI_eyWaoQtJqfvoCCQ,n0OLj1cQnnbM3n-2eOzCj
3nvyI_eyWaoQtJqfvoCCQ,F72UQSSv5qnV6dGq2o8t-
ns7SLCUYakqOePLOue6Vy,L34snMa-YMz_jT9erQqe2
ns7SLCUYakqOePLOue6Vy,iW3M5z9QsfI5jnVSJjr5j
ns7SLCUYakqOePLOue6Vy,phlunt5HJ3fBcZXrezlHN
fXDSp57WGPLPJJ36rYCeh,2bdRQFIcZXrYbhxeWeffc
fXDSp57WGPLPJJ36rYCeh,phlunt5HJ3fBcZXrezlHN
fXDSp57WGPLPJJ36rYCeh,-Q1NyL2hihfCdselYbnjo
fXDSp57WGPLPJJ36rYCeh,Uzldz52slOyT_7tD9MSW3
fXDSp57WGPLPJJ36rYCeh,ncFeNw-5M4iGoDD-A8hBH
c8xj_eK5t6UHbIBhVyutK,n0OLj1cQnnbM3n-2eOzCj
c8xj_eK5t6UHbIBhVyutK,mE5Zf1AWhRKDQNHC_NsmV
c8xj_eK5t6UHbIBhVyutK,phlunt5HJ3fBcZXrezlHN
MRR4TeYczK7BeyPknwqpP,mE5Zf1AWhRKDQNHC_NsmV
MRR4TeYczK7BeyPknwqpP,n0OLj1cQnnbM3n-2eOzCj
MRR4TeYczK7BeyPknwqpP,F72UQSSv5qnV6dGq2o8t-
kzesSa3SUbcOoEDV-Lb47,F72UQSSv5qnV6dGq2o8t-
kzesSa3SUbcOoEDV-Lb47,iW3M5z9QsfI5jnVSJjr5j
kzesSa3SUbcOoEDV-Lb47,phlunt5HJ3fBcZXrezlHN
0cWyzHzRlgnCCNOK0UXsH,F72UQSSv5qnV6dGq2o8t-
0cWyzHzRlgnCCNOK0UXsH,ncFeNw-5M4iGoDD-A8hBH
0cWyzHzRlgnCCNOK0UXsH,phlunt5HJ3fBcZXrezlHN
0cWyzHzRlgnCCNOK0UXsH,PFEwpbxaA9UrKET8fDnAt
0cWyzHzRlgnCCNOK0UXsH,Uzldz52slOyT_7tD9MSW3
eTPoFuAh9M6n0I4VDDxdv,ncFeNw-5M4iGoDD-A8hBH
eTPoFuAh9M6n0I4VDDxdv,iW3M5z9QsfI5jnVSJjr5j
eTPoFuAh9M6n0I4VDDxdv,L34snMa-YMz_jT9erQqe2
eTPoFuAh9M6n0I4VDDxdv,-Q1NyL2hihfCdselYbnjo
U4ch6Nm0HJrdrhPJK4emF,F72UQSSv5qnV6dGq2o8t-
U4ch6Nm0HJrdrhPJK4emF,PFEwpbxaA9UrKET8fDnAt
U4ch6Nm0HJrdrhPJK4emF,phlunt5HJ3fBcZXrezlHN
U4ch6Nm0HJrdrhPJK4emF,iW3M5z9QsfI5jnVSJjr5j
2QO7aEgrV6zX3fmZ8s4AJ,F72UQSSv5qnV6dGq2o8t-
2QO7aEgrV6zX3fmZ8s4AJ,L34snMa-YMz_jT9erQqe2
2QO7aEgrV6zX3fmZ8s4AJ,ncFeNw-5M4iGoDD-A8hBH
2QO7aEgrV6zX3fmZ8s4AJ,iW3M5z9QsfI5jnVSJjr5j
-SN5rhSs0Qx_Q7lp86AVZ,F72UQSSv5qnV6dGq2o8t-
-SN5rhSs0Qx_Q7lp86AVZ,iW3M5z9QsfI5jnVSJjr5j
-SN5rhSs0Qx_Q7lp86AVZ,ncFeNw-5M4iGoDD-A8hBH
-SN5rhSs0Qx_Q7lp86AVZ,-Q1NyL2hihfCdselYbnjo
-SN5rhSs0Qx_Q7lp86AVZ,Uzldz52slOyT_7tD9MSW3
oM3VkrUmh5sQYjenVKe-_,n0OLj1cQnnbM3n-2eOzCj
oM3VkrUmh5sQYjenVKe-_,F72UQSSv5qnV6dGq2o8t-
BIx21Dm8p9mXJfS8KdVOU,n0OLj1cQnnbM3n-2eOzCj
BIx21Dm8p9mXJfS8KdVOU,phlunt5HJ3fBcZXrezlHN
Ix49t-XKSyskFjFHFzYAR,iW3M5z9QsfI5jnVSJjr5j
Ix49t-XKSyskFjFHFzYAR,phlunt5HJ3fBcZXrezlHN
Ix49t-XKSyskFjFHFzYAR,ncFeNw-5M4iGoDD-A8hBH
KXVC1YgdTaJyFhzElMvmC,n0OLj1cQnnbM3n-2eOzCj
KXVC1YgdTaJyFhzElMvmC,PFEwpbxaA9UrKET8fDnAt
KXVC1YgdTaJyFhzElMvmC,phlunt5HJ3fBcZXrezlHN
B0BY1-w8hEji37gqLSgiv,n0OLj1cQnnbM3n-2eOzCj
B0BY1-w8hEji37gqLSgiv,PFEwpbxaA9UrKET8fDnAt
B0BY1-w8hEji37gqLSgiv,phlunt5HJ3fBcZXrezlHN
hvr-_pqzn-EBeDoZHab1y,phlunt5HJ3fBcZXrezlHN
hvr-_pqzn-EBeDoZHab1y,Uzldz52slOyT_7tD9MSW3
_D70hVl7cKB99_EsLiyXs,phlunt5HJ3fBcZXrezlHN
_D70hVl7cKB99_EsLiyXs,2bdRQFIcZXrYbhxeWeffc
_D70hVl7cKB99_EsLiyXs,iW3M5z9QsfI5jnVSJjr5j
_D70hVl7cKB99_EsLiyXs,n0OLj1cQnnbM3n-2eOzCj
-TNAv8NV_OnpqQViBf6_q,iW3M5z9QsfI5jnVSJjr5j
-TNAv8NV_OnpqQViBf6_q,phlunt5HJ3fBcZXrezlHN
Kv0ARSxKRDKll4SMIwaI2,F72UQSSv5qnV6dGq2o8t-
Kv0ARSxKRDKll4SMIwaI2,phlunt5HJ3fBcZXrezlHN
Kv0ARSxKRDKll4SMIwaI2,iW3M5z9QsfI5jnVSJjr5j
ace2b7lr3-_EtrXgTGLp3,n0OLj1cQnnbM3n-2eOzCj
ace2b7lr3-_EtrXgTGLp3,PFEwpbxaA9UrKET8fDnAt
1_xTpsQ04YHrdfQKGKOOY,F72UQSSv5qnV6dGq2o8t-
1_xTpsQ04YHrdfQKGKOOY,mE5Zf1AWhRKDQNHC_NsmV
1_xTpsQ04YHrdfQKGKOOY,n0OLj1cQnnbM3n-2eOzCj
xu6E0KBxSYdkGxflNC_zU,n0OLj1cQnnbM3n-2eOzCj
xu6E0KBxSYdkGxflNC_zU,mE5Zf1AWhRKDQNHC_NsmV
xu6E0KBxSYdkGxflNC_zU,iW3M5z9QsfI5jnVSJjr5j
m3mosTT7y5d08DhJpSdjk,iW3M5z9QsfI5jnVSJjr5j
m3mosTT7y5d08DhJpSdjk,phlunt5HJ3fBcZXrezlHN
m3mosTT7y5d08DhJpSdjk,L34snMa-YMz_jT9erQqe2
3kycJyAfAAcjr0sjvUFZa,iW3M5z9QsfI5jnVSJjr5j
3kycJyAfAAcjr0sjvUFZa,F72UQSSv5qnV6dGq2o8t-
dE6Fo2MpSnKlalg0RTkf5,n0OLj1cQnnbM3n-2eOzCj
dE6Fo2MpSnKlalg0RTkf5,PFEwpbxaA9UrKET8fDnAt
dE6Fo2MpSnKlalg0RTkf5,phlunt5HJ3fBcZXrezlHN
p8x-JIVvP5PL_tUbBSCSt,F72UQSSv5qnV6dGq2o8t-
p8x-JIVvP5PL_tUbBSCSt,n0OLj1cQnnbM3n-2eOzCj
p8x-JIVvP5PL_tUbBSCSt,phlunt5HJ3fBcZXrezlHN
p8x-JIVvP5PL_tUbBSCSt,Uzldz52slOyT_7tD9MSW3
DMc2XsfJDeSM5q0jjhyl9,n0OLj1cQnnbM3n-2eOzCj
DMc2XsfJDeSM5q0jjhyl9,mE5Zf1AWhRKDQNHC_NsmV
DMc2XsfJDeSM5q0jjhyl9,2bdRQFIcZXrYbhxeWeffc
DMc2XsfJDeSM5q0jjhyl9,phlunt5HJ3fBcZXrezlHN
WDftaMAygO7kvjogDunJr,iW3M5z9QsfI5jnVSJjr5j
WDftaMAygO7kvjogDunJr,phlunt5HJ3fBcZXrezlHN
WDftaMAygO7kvjogDunJr,-Q1NyL2hihfCdselYbnjo
42KEt3ueoqMYN9H8lmach,Uzldz52slOyT_7tD9MSW3
42KEt3ueoqMYN9H8lmach,n0OLj1cQnnbM3n-2eOzCj
Siod1gRTV3aUrxSRPshhx,F72UQSSv5qnV6dGq2o8t-
Siod1gRTV3aUrxSRPshhx,L34snMa-YMz_jT9erQqe2
Siod1gRTV3aUrxSRPshhx,iW3M5z9QsfI5jnVSJjr5j
RQWRzH4uL5yGmkWtrXEsk,F72UQSSv5qnV6dGq2o8t-
RQWRzH4uL5yGmkWtrXEsk,phlunt5HJ3fBcZXrezlHN
bDSm34X09Ac3FDDMiCaAB,F72UQSSv5qnV6dGq2o8t-
bDSm34X09Ac3FDDMiCaAB,PFEwpbxaA9UrKET8fDnAt
bDSm34X09Ac3FDDMiCaAB,phlunt5HJ3fBcZXrezlHN
ru6ntiy1UsZcHju6v8NwU,F72UQSSv5qnV6dGq2o8t-
ru6ntiy1UsZcHju6v8NwU,n0OLj1cQnnbM3n-2eOzCj
ru6ntiy1UsZcHju6v8NwU,phlunt5HJ3fBcZXrezlHN
ru6ntiy1UsZcHju6v8NwU,Uzldz52slOyT_7tD9MSW3
2Xg0w7qJMTJbz981W9QSB,iW3M5z9QsfI5jnVSJjr5j
2Xg0w7qJMTJbz981W9QSB,phlunt5HJ3fBcZXrezlHN
mdImL8pNGF4rpL_lPiyp1,F72UQSSv5qnV6dGq2o8t-
mdImL8pNGF4rpL_lPiyp1,phlunt5HJ3fBcZXrezlHN
mdImL8pNGF4rpL_lPiyp1,ncFeNw-5M4iGoDD-A8hBH
eKhUKWxr9BwNklMFD_lRw,F72UQSSv5qnV6dGq2o8t-
eKhUKWxr9BwNklMFD_lRw,phlunt5HJ3fBcZXrezlHN
eKhUKWxr9BwNklMFD_lRw,-Q1NyL2hihfCdselYbnjo
eKhUKWxr9BwNklMFD_lRw,ncFeNw-5M4iGoDD-A8hBH
eKhUKWxr9BwNklMFD_lRw,hbMworHLCdna9k7lGwgWG
QAuRjcOzIqMJL2bKIsFnf,F72UQSSv5qnV6dGq2o8t-
QAuRjcOzIqMJL2bKIsFnf,phlunt5HJ3fBcZXrezlHN
QAuRjcOzIqMJL2bKIsFnf,iW3M5z9QsfI5jnVSJjr5j
vNn-YIict4qQzpb3KCZNS,Uzldz52slOyT_7tD9MSW3
vNn-YIict4qQzpb3KCZNS,phlunt5HJ3fBcZXrezlHN
H00NljkTDqpnTDebRIN8P,iW3M5z9QsfI5jnVSJjr5j
H00NljkTDqpnTDebRIN8P,phlunt5HJ3fBcZXrezlHN
H00NljkTDqpnTDebRIN8P,F72UQSSv5qnV6dGq2o8t-
UeRXGRd9a1GCuNLQXuBWk,Uzldz52slOyT_7tD9MSW3
UeRXGRd9a1GCuNLQXuBWk,phlunt5HJ3fBcZXrezlHN
UeRXGRd9a1GCuNLQXuBWk,n0OLj1cQnnbM3n-2eOzCj
Uni6H6OnqI3ZB5ws9qH0H,F72UQSSv5qnV6dGq2o8t-
Uni6H6OnqI3ZB5ws9qH0H,phlunt5HJ3fBcZXrezlHN
Uni6H6OnqI3ZB5ws9qH0H,Uzldz52slOyT_7tD9MSW3
wAXnZquurYz4dBHS6eQfi,F72UQSSv5qnV6dGq2o8t-
wAXnZquurYz4dBHS6eQfi,n0OLj1cQnnbM3n-2eOzCj
wAXnZquurYz4dBHS6eQfi,2bdRQFIcZXrYbhxeWeffc
wAXnZquurYz4dBHS6eQfi,phlunt5HJ3fBcZXrezlHN
pzgmxDdHnkvUFYmuIIEVS,iW3M5z9QsfI5jnVSJjr5j
pzgmxDdHnkvUFYmuIIEVS,phlunt5HJ3fBcZXrezlHN
yoTP4RnJ9skjCRHzcEAu_,F72UQSSv5qnV6dGq2o8t-
yoTP4RnJ9skjCRHzcEAu_,iW3M5z9QsfI5jnVSJjr5j
yoTP4RnJ9skjCRHzcEAu_,phlunt5HJ3fBcZXrezlHN
UJ_FG0Uw3a_vt5zPLzMPs,F72UQSSv5qnV6dGq2o8t-
UJ_FG0Uw3a_vt5zPLzMPs,n0OLj1cQnnbM3n-2eOzCj
UJ_FG0Uw3a_vt5zPLzMPs,phlunt5HJ3fBcZXrezlHN
2_eCQdC_syyYis2kY1Kr1,ncFeNw-5M4iGoDD-A8hBH
2_eCQdC_syyYis2kY1Kr1,-Q1NyL2hihfCdselYbnjo
2_eCQdC_syyYis2kY1Kr1,Uzldz52slOyT_7tD9MSW3
ZXQGLvn3GOnPbqAMKq59S,F72UQSSv5qnV6dGq2o8t-
ZXQGLvn3GOnPbqAMKq59S,phlunt5HJ3fBcZXrezlHN
ddks4lkZ9OyCuRk7gKY4Y,F72UQSSv5qnV6dGq2o8t-
ddks4lkZ9OyCuRk7gKY4Y,KcVqSqCqpBoUqNfNlAkE7
ddks4lkZ9OyCuRk7gKY4Y,n0OLj1cQnnbM3n-2eOzCj
ddks4lkZ9OyCuRk7gKY4Y,mE5Zf1AWhRKDQNHC_NsmV
ddks4lkZ9OyCuRk7gKY4Y,L34snMa-YMz_jT9erQqe2
ddks4lkZ9OyCuRk7gKY4Y,PFEwpbxaA9UrKET8fDnAt
plxRr2ZyygCyTSam0b4-u,phlunt5HJ3fBcZXrezlHN
plxRr2ZyygCyTSam0b4-u,PFEwpbxaA9UrKET8fDnAt
plxRr2ZyygCyTSam0b4-u,Uzldz52slOyT_7tD9MSW3
YlHDMvHjVB2KC2GvNPOUp,F72UQSSv5qnV6dGq2o8t-
YlHDMvHjVB2KC2GvNPOUp,n0OLj1cQnnbM3n-2eOzCj
YlHDMvHjVB2KC2GvNPOUp,phlunt5HJ3fBcZXrezlHN
YlHDMvHjVB2KC2GvNPOUp,Uzldz52slOyT_7tD9MSW3
Hg8EnzANiv2g-4CY1pE9b,n0OLj1cQnnbM3n-2eOzCj
Hg8EnzANiv2g-4CY1pE9b,mE5Zf1AWhRKDQNHC_NsmV
Hg8EnzANiv2g-4CY1pE9b,2bdRQFIcZXrYbhxeWeffc
Hg8EnzANiv2g-4CY1pE9b,L34snMa-YMz_jT9erQqe2
Hg8EnzANiv2g-4CY1pE9b,iW3M5z9QsfI5jnVSJjr5j
Hg8EnzANiv2g-4CY1pE9b,phlunt5HJ3fBcZXrezlHN
Hg8EnzANiv2g-4CY1pE9b,PFEwpbxaA9UrKET8fDnAt
TcfGhBlQkv_GJer4PXdhj,n0OLj1cQnnbM3n-2eOzCj
TcfGhBlQkv_GJer4PXdhj,mE5Zf1AWhRKDQNHC_NsmV
TcfGhBlQkv_GJer4PXdhj,iW3M5z9QsfI5jnVSJjr5j
wqq7XNnW4RIEOmk7Id5bT,n0OLj1cQnnbM3n-2eOzCj
wqq7XNnW4RIEOmk7Id5bT,mE5Zf1AWhRKDQNHC_NsmV
wqq7XNnW4RIEOmk7Id5bT,F72UQSSv5qnV6dGq2o8t-
nPc0g9IPIWiU4Ac99x3Zw,n0OLj1cQnnbM3n-2eOzCj
nPc0g9IPIWiU4Ac99x3Zw,mE5Zf1AWhRKDQNHC_NsmV
nPc0g9IPIWiU4Ac99x3Zw,2bdRQFIcZXrYbhxeWeffc
nPc0g9IPIWiU4Ac99x3Zw,iW3M5z9QsfI5jnVSJjr5j
nPc0g9IPIWiU4Ac99x3Zw,phlunt5HJ3fBcZXrezlHN
HoWYHqOyfA8rt9U0pe6gt,F72UQSSv5qnV6dGq2o8t-
HoWYHqOyfA8rt9U0pe6gt,n0OLj1cQnnbM3n-2eOzCj
HoWYHqOyfA8rt9U0pe6gt,phlunt5HJ3fBcZXrezlHN
kkBEGU-kIg3cqxKyIDSro,F72UQSSv5qnV6dGq2o8t-
kkBEGU-kIg3cqxKyIDSro,n0OLj1cQnnbM3n-2eOzCj
kkBEGU-kIg3cqxKyIDSro,mE5Zf1AWhRKDQNHC_NsmV
kkBEGU-kIg3cqxKyIDSro,phlunt5HJ3fBcZXrezlHN
kkBEGU-kIg3cqxKyIDSro,PFEwpbxaA9UrKET8fDnAt
HRXiF6CN9yG4NcZntZ47x,F72UQSSv5qnV6dGq2o8t-
HRXiF6CN9yG4NcZntZ47x,PFEwpbxaA9UrKET8fDnAt
dqlIHF1Z0k7vnsRPsBR6a,PFEwpbxaA9UrKET8fDnAt
dqlIHF1Z0k7vnsRPsBR6a,n0OLj1cQnnbM3n-2eOzCj
dqlIHF1Z0k7vnsRPsBR6a,F72UQSSv5qnV6dGq2o8t-
SSNV2AvAEK9K48697Y6HD,iW3M5z9QsfI5jnVSJjr5j
SSNV2AvAEK9K48697Y6HD,phlunt5HJ3fBcZXrezlHN
SSNV2AvAEK9K48697Y6HD,Uzldz52slOyT_7tD9MSW3
Kh5BtYFw2yAu7bMCAc4pc,phlunt5HJ3fBcZXrezlHN
Kh5BtYFw2yAu7bMCAc4pc,n0OLj1cQnnbM3n-2eOzCj
Kh5BtYFw2yAu7bMCAc4pc,-5F1wQ50bue4PA2khE3sM
PhBiTA93nupyLLWoyN8ZS,-Q1NyL2hihfCdselYbnjo
PhBiTA93nupyLLWoyN8ZS,ncFeNw-5M4iGoDD-A8hBH
PhBiTA93nupyLLWoyN8ZS,Uzldz52slOyT_7tD9MSW3
YouCzU6mzHXQ2qEz6Almm,mE5Zf1AWhRKDQNHC_NsmV
YouCzU6mzHXQ2qEz6Almm,L34snMa-YMz_jT9erQqe2
0FPCmLnqxXCfwWSznCahv,F72UQSSv5qnV6dGq2o8t-
0FPCmLnqxXCfwWSznCahv,iW3M5z9QsfI5jnVSJjr5j
gPhnZ8h7TraDKwG7LffEO,F72UQSSv5qnV6dGq2o8t-
gPhnZ8h7TraDKwG7LffEO,Uzldz52slOyT_7tD9MSW3
gPhnZ8h7TraDKwG7LffEO,phlunt5HJ3fBcZXrezlHN
qGhhGS9sA_yX9TfXKy_DR,phlunt5HJ3fBcZXrezlHN
qGhhGS9sA_yX9TfXKy_DR,n0OLj1cQnnbM3n-2eOzCj
qGhhGS9sA_yX9TfXKy_DR,tqy6nsKbGDANBHHt7CQaG
YvdiEmhohenwQcuGJwZY6,ncFeNw-5M4iGoDD-A8hBH
YvdiEmhohenwQcuGJwZY6,F72UQSSv5qnV6dGq2o8t-
YvdiEmhohenwQcuGJwZY6,phlunt5HJ3fBcZXrezlHN
ql9qnJFElhl9lkqQ1jc2e,F72UQSSv5qnV6dGq2o8t-
ql9qnJFElhl9lkqQ1jc2e,n0OLj1cQnnbM3n-2eOzCj
YN9Ir2kkHIYA0kmi7FFLK,n0OLj1cQnnbM3n-2eOzCj
YN9Ir2kkHIYA0kmi7FFLK,tqy6nsKbGDANBHHt7CQaG
UGgepVsq0aGVZERW7l2I5,Uzldz52slOyT_7tD9MSW3
UGgepVsq0aGVZERW7l2I5,phlunt5HJ3fBcZXrezlHN
UGgepVsq0aGVZERW7l2I5,iW3M5z9QsfI5jnVSJjr5j
5szz-NY3qPjlqpBoHzqEz,Uzldz52slOyT_7tD9MSW3
5szz-NY3qPjlqpBoHzqEz,phlunt5HJ3fBcZXrezlHN
5szz-NY3qPjlqpBoHzqEz,n0OLj1cQnnbM3n-2eOzCj
OD_yqts2j03CClXVtCQmI,F72UQSSv5qnV6dGq2o8t-
OD_yqts2j03CClXVtCQmI,KcVqSqCqpBoUqNfNlAkE7
OD_yqts2j03CClXVtCQmI,mE5Zf1AWhRKDQNHC_NsmV
OD_yqts2j03CClXVtCQmI,PFEwpbxaA9UrKET8fDnAt
i6oYM8keaBMQeGfFjHFPj,phlunt5HJ3fBcZXrezlHN
i6oYM8keaBMQeGfFjHFPj,n0OLj1cQnnbM3n-2eOzCj
i6oYM8keaBMQeGfFjHFPj,iW3M5z9QsfI5jnVSJjr5j
MKzR4fENMAlNj5S6esCAe,phlunt5HJ3fBcZXrezlHN
MKzR4fENMAlNj5S6esCAe,tqy6nsKbGDANBHHt7CQaG
RMrcTVfeJl1WhGcP40x-z,n0OLj1cQnnbM3n-2eOzCj
RMrcTVfeJl1WhGcP40x-z,phlunt5HJ3fBcZXrezlHN
RMrcTVfeJl1WhGcP40x-z,tqy6nsKbGDANBHHt7CQaG
G_zOQvOjs_sMeGA_88rjq,F72UQSSv5qnV6dGq2o8t-
G_zOQvOjs_sMeGA_88rjq,iW3M5z9QsfI5jnVSJjr5j
G_zOQvOjs_sMeGA_88rjq,phlunt5HJ3fBcZXrezlHN
DZqiSeeSCsf3VXhifrdKW,n0OLj1cQnnbM3n-2eOzCj
DZqiSeeSCsf3VXhifrdKW,mE5Zf1AWhRKDQNHC_NsmV
DZqiSeeSCsf3VXhifrdKW,phlunt5HJ3fBcZXrezlHN
DZqiSeeSCsf3VXhifrdKW,Uzldz52slOyT_7tD9MSW3
Vfu6j85G4NfVsD6pSMKDE,phlunt5HJ3fBcZXrezlHN
Vfu6j85G4NfVsD6pSMKDE,PFEwpbxaA9UrKET8fDnAt
Vfu6j85G4NfVsD6pSMKDE,Uzldz52slOyT_7tD9MSW3
luS1QFWwfVtGWt_m0E4Tv,F72UQSSv5qnV6dGq2o8t-
luS1QFWwfVtGWt_m0E4Tv,Uzldz52slOyT_7tD9MSW3
luS1QFWwfVtGWt_m0E4Tv,n0OLj1cQnnbM3n-2eOzCj
nRGbfHVOrOI6mYustJcHB,phlunt5HJ3fBcZXrezlHN
nRGbfHVOrOI6mYustJcHB,tqy6nsKbGDANBHHt7CQaG
SOXWnYS-UAN8SPnDbkT7D,2bdRQFIcZXrYbhxeWeffc
SOXWnYS-UAN8SPnDbkT7D,n0OLj1cQnnbM3n-2eOzCj
SOXWnYS-UAN8SPnDbkT7D,mE5Zf1AWhRKDQNHC_NsmV
SOXWnYS-UAN8SPnDbkT7D,phlunt5HJ3fBcZXrezlHN
mk2BNA6GjN78ckDA5xCop,n0OLj1cQnnbM3n-2eOzCj
mk2BNA6GjN78ckDA5xCop,mE5Zf1AWhRKDQNHC_NsmV
mk2BNA6GjN78ckDA5xCop,F72UQSSv5qnV6dGq2o8t-
cy7YsokiPnhoRYJ_Mih53,F72UQSSv5qnV6dGq2o8t-
cy7YsokiPnhoRYJ_Mih53,n0OLj1cQnnbM3n-2eOzCj
cy7YsokiPnhoRYJ_Mih53,mE5Zf1AWhRKDQNHC_NsmV
cy7YsokiPnhoRYJ_Mih53,PFEwpbxaA9UrKET8fDnAt
HTPVmpIuLqsoWUb6JU6qH,F72UQSSv5qnV6dGq2o8t-
HTPVmpIuLqsoWUb6JU6qH,L34snMa-YMz_jT9erQqe2
HTPVmpIuLqsoWUb6JU6qH,iW3M5z9QsfI5jnVSJjr5j
HTPVmpIuLqsoWUb6JU6qH,Uzldz52slOyT_7tD9MSW3
ijaLKJBVFYtwYIM_rfU7a,F72UQSSv5qnV6dGq2o8t-
ijaLKJBVFYtwYIM_rfU7a,n0OLj1cQnnbM3n-2eOzCj
ijaLKJBVFYtwYIM_rfU7a,iW3M5z9QsfI5jnVSJjr5j
xLgDVij4GfUNzIqNMcj_3,iW3M5z9QsfI5jnVSJjr5j
xLgDVij4GfUNzIqNMcj_3,phlunt5HJ3fBcZXrezlHN
KReX0QdxS8qIwfar_o5Ef,PFEwpbxaA9UrKET8fDnAt
KReX0QdxS8qIwfar_o5Ef,n0OLj1cQnnbM3n-2eOzCj
KReX0QdxS8qIwfar_o5Ef,F72UQSSv5qnV6dGq2o8t-
bAzOqiv8CtTIk0afQj-5_,n0OLj1cQnnbM3n-2eOzCj
bAzOqiv8CtTIk0afQj-5_,PFEwpbxaA9UrKET8fDnAt
gBSyxdyGQ4KC3CfdyaUfd,iW3M5z9QsfI5jnVSJjr5j
gBSyxdyGQ4KC3CfdyaUfd,phlunt5HJ3fBcZXrezlHN
gBSyxdyGQ4KC3CfdyaUfd,ncFeNw-5M4iGoDD-A8hBH
aQxKq0bZ_KqOfZihuQslV,iW3M5z9QsfI5jnVSJjr5j
aQxKq0bZ_KqOfZihuQslV,phlunt5HJ3fBcZXrezlHN
T9I3sYRYu3uN5CUDyFirA,phlunt5HJ3fBcZXrezlHN
T9I3sYRYu3uN5CUDyFirA,-Q1NyL2hihfCdselYbnjo
T9I3sYRYu3uN5CUDyFirA,Uzldz52slOyT_7tD9MSW3
T9I3sYRYu3uN5CUDyFirA,ncFeNw-5M4iGoDD-A8hBH
T9I3sYRYu3uN5CUDyFirA,-5F1wQ50bue4PA2khE3sM
1yNII2RQ8qlbkiuQLJbrx,F72UQSSv5qnV6dGq2o8t-
1yNII2RQ8qlbkiuQLJbrx,PFEwpbxaA9UrKET8fDnAt
1yNII2RQ8qlbkiuQLJbrx,Uzldz52slOyT_7tD9MSW3
1yNII2RQ8qlbkiuQLJbrx,ncFeNw-5M4iGoDD-A8hBH
CJM8wjbsamsC8schTGwgK,F72UQSSv5qnV6dGq2o8t-
CJM8wjbsamsC8schTGwgK,n0OLj1cQnnbM3n-2eOzCj
mfg6xRKJt8R2DUl_ODuJ8,F72UQSSv5qnV6dGq2o8t-
mfg6xRKJt8R2DUl_ODuJ8,n0OLj1cQnnbM3n-2eOzCj
mfg6xRKJt8R2DUl_ODuJ8,iW3M5z9QsfI5jnVSJjr5j
mfg6xRKJt8R2DUl_ODuJ8,2bdRQFIcZXrYbhxeWeffc
mfg6xRKJt8R2DUl_ODuJ8,phlunt5HJ3fBcZXrezlHN
hpjjIZ6SGqH2iH1a2HSca,phlunt5HJ3fBcZXrezlHN
hpjjIZ6SGqH2iH1a2HSca,iW3M5z9QsfI5jnVSJjr5j
Ao_RB5ckY8hjK8nGet77J,2bdRQFIcZXrYbhxeWeffc
Ao_RB5ckY8hjK8nGet77J,n0OLj1cQnnbM3n-2eOzCj
Ao_RB5ckY8hjK8nGet77J,mE5Zf1AWhRKDQNHC_NsmV
Ao_RB5ckY8hjK8nGet77J,iW3M5z9QsfI5jnVSJjr5j
sKjqkZBxrmVWMP_un8Qly,F72UQSSv5qnV6dGq2o8t-
sKjqkZBxrmVWMP_un8Qly,n0OLj1cQnnbM3n-2eOzCj
sKjqkZBxrmVWMP_un8Qly,phlunt5HJ3fBcZXrezlHN
5nmtTVR_oujfvCOoCWFcc,F72UQSSv5qnV6dGq2o8t-
5nmtTVR_oujfvCOoCWFcc,KcVqSqCqpBoUqNfNlAkE7
5nmtTVR_oujfvCOoCWFcc,mE5Zf1AWhRKDQNHC_NsmV
5nmtTVR_oujfvCOoCWFcc,n0OLj1cQnnbM3n-2eOzCj
PJp2iISEMnjMzHinIR5bt,mE5Zf1AWhRKDQNHC_NsmV
PJp2iISEMnjMzHinIR5bt,n0OLj1cQnnbM3n-2eOzCj
DlG2uDHhzyql7uMQsS45P,n0OLj1cQnnbM3n-2eOzCj
DlG2uDHhzyql7uMQsS45P,mE5Zf1AWhRKDQNHC_NsmV
DlG2uDHhzyql7uMQsS45P,F72UQSSv5qnV6dGq2o8t-
7npFTzEVEbrKzArqvxtrA,iW3M5z9QsfI5jnVSJjr5j
7npFTzEVEbrKzArqvxtrA,L34snMa-YMz_jT9erQqe2
7npFTzEVEbrKzArqvxtrA,F72UQSSv5qnV6dGq2o8t-
IXk3HAbJidc0RgFEz36WX,2bdRQFIcZXrYbhxeWeffc
IXk3HAbJidc0RgFEz36WX,n0OLj1cQnnbM3n-2eOzCj
IXk3HAbJidc0RgFEz36WX,mE5Zf1AWhRKDQNHC_NsmV
OxZiEHmkOUST5-i2xmpwQ,n0OLj1cQnnbM3n-2eOzCj
OxZiEHmkOUST5-i2xmpwQ,PFEwpbxaA9UrKET8fDnAt
OxZiEHmkOUST5-i2xmpwQ,phlunt5HJ3fBcZXrezlHN
KZtDzVvJb4GZOW32B4b_A,iW3M5z9QsfI5jnVSJjr5j
KZtDzVvJb4GZOW32B4b_A,phlunt5HJ3fBcZXrezlHN
KZtDzVvJb4GZOW32B4b_A,L34snMa-YMz_jT9erQqe2
DahO3p8Vkg8RC2OCqqhKz,iW3M5z9QsfI5jnVSJjr5j
DahO3p8Vkg8RC2OCqqhKz,L34snMa-YMz_jT9erQqe2
cx8paMdJjqpdJ7ykEcc__,n0OLj1cQnnbM3n-2eOzCj
cx8paMdJjqpdJ7ykEcc__,2bdRQFIcZXrYbhxeWeffc
cx8paMdJjqpdJ7ykEcc__,L34snMa-YMz_jT9erQqe2
AIVFelJaqAiX82a5MpCjB,iW3M5z9QsfI5jnVSJjr5j
AIVFelJaqAiX82a5MpCjB,F72UQSSv5qnV6dGq2o8t-
2LwQTwETkDQunLFfYGUWT,F72UQSSv5qnV6dGq2o8t-
2LwQTwETkDQunLFfYGUWT,iW3M5z9QsfI5jnVSJjr5j
2LwQTwETkDQunLFfYGUWT,phlunt5HJ3fBcZXrezlHN
2LwQTwETkDQunLFfYGUWT,Uzldz52slOyT_7tD9MSW3
f_dnvM9Z1Qbg3lyGu39Fj,F72UQSSv5qnV6dGq2o8t-
f_dnvM9Z1Qbg3lyGu39Fj,phlunt5HJ3fBcZXrezlHN
f_dnvM9Z1Qbg3lyGu39Fj,ncFeNw-5M4iGoDD-A8hBH
f_dnvM9Z1Qbg3lyGu39Fj,iW3M5z9QsfI5jnVSJjr5j
BxwwTjl6PJLqJT02p_qBr,F72UQSSv5qnV6dGq2o8t-
BxwwTjl6PJLqJT02p_qBr,n0OLj1cQnnbM3n-2eOzCj
BxwwTjl6PJLqJT02p_qBr,phlunt5HJ3fBcZXrezlHN
Crr2IFz9Pj8gjbKheAbCp,iW3M5z9QsfI5jnVSJjr5j
Crr2IFz9Pj8gjbKheAbCp,phlunt5HJ3fBcZXrezlHN
Crr2IFz9Pj8gjbKheAbCp,L34snMa-YMz_jT9erQqe2
DTBiy36QfG0lJLjB0_oWe,n0OLj1cQnnbM3n-2eOzCj
DTBiy36QfG0lJLjB0_oWe,mE5Zf1AWhRKDQNHC_NsmV
DTBiy36QfG0lJLjB0_oWe,phlunt5HJ3fBcZXrezlHN
DTBiy36QfG0lJLjB0_oWe,Uzldz52slOyT_7tD9MSW3
jGMNNmuTr0qXDiFhnoBkr,-Q1NyL2hihfCdselYbnjo
jGMNNmuTr0qXDiFhnoBkr,ncFeNw-5M4iGoDD-A8hBH
jGMNNmuTr0qXDiFhnoBkr,iW3M5z9QsfI5jnVSJjr5j
jGMNNmuTr0qXDiFhnoBkr,Uzldz52slOyT_7tD9MSW3
jGMNNmuTr0qXDiFhnoBkr,PFEwpbxaA9UrKET8fDnAt
7OBle7edC-iZYIVD3lGNX,Uzldz52slOyT_7tD9MSW3
7OBle7edC-iZYIVD3lGNX,phlunt5HJ3fBcZXrezlHN
0-tOkiYd7xgr4443XLi48,F72UQSSv5qnV6dGq2o8t-
0-tOkiYd7xgr4443XLi48,L34snMa-YMz_jT9erQqe2
0-tOkiYd7xgr4443XLi48,phlunt5HJ3fBcZXrezlHN
uQLpqvo_AbbiLQ0nBcPxJ,iW3M5z9QsfI5jnVSJjr5j
uQLpqvo_AbbiLQ0nBcPxJ,phlunt5HJ3fBcZXrezlHN
uQLpqvo_AbbiLQ0nBcPxJ,Uzldz52slOyT_7tD9MSW3
O9FvMB7OTMb4LSv_V1VvN,ncFeNw-5M4iGoDD-A8hBH
O9FvMB7OTMb4LSv_V1VvN,L34snMa-YMz_jT9erQqe2
O9FvMB7OTMb4LSv_V1VvN,F72UQSSv5qnV6dGq2o8t-
1XhZlCv7dFBZspl3k9Vbe,2bdRQFIcZXrYbhxeWeffc
1XhZlCv7dFBZspl3k9Vbe,n0OLj1cQnnbM3n-2eOzCj
1XhZlCv7dFBZspl3k9Vbe,mE5Zf1AWhRKDQNHC_NsmV
EBBmCRJO38BzV3y9Na3xu,n0OLj1cQnnbM3n-2eOzCj
EBBmCRJO38BzV3y9Na3xu,mE5Zf1AWhRKDQNHC_NsmV
EBBmCRJO38BzV3y9Na3xu,F72UQSSv5qnV6dGq2o8t-
u2AQCVqQMAMwS96zQJDYP,n0OLj1cQnnbM3n-2eOzCj
u2AQCVqQMAMwS96zQJDYP,mE5Zf1AWhRKDQNHC_NsmV
u2AQCVqQMAMwS96zQJDYP,F72UQSSv5qnV6dGq2o8t-
ZdBANHP-ewmIFjlgXtKFr,F72UQSSv5qnV6dGq2o8t-
ZdBANHP-ewmIFjlgXtKFr,L34snMa-YMz_jT9erQqe2
ZdBANHP-ewmIFjlgXtKFr,iW3M5z9QsfI5jnVSJjr5j
WnWysbqplRvfi_i7pb9SU,F72UQSSv5qnV6dGq2o8t-
WnWysbqplRvfi_i7pb9SU,ncFeNw-5M4iGoDD-A8hBH
WnWysbqplRvfi_i7pb9SU,L34snMa-YMz_jT9erQqe2
WnWysbqplRvfi_i7pb9SU,Uzldz52slOyT_7tD9MSW3
1-VToU16Xq7O1VGMraR1d,iW3M5z9QsfI5jnVSJjr5j
1-VToU16Xq7O1VGMraR1d,phlunt5HJ3fBcZXrezlHN
1-VToU16Xq7O1VGMraR1d,F72UQSSv5qnV6dGq2o8t-
1-rEiGWjbvD2cBg7Rw228,phlunt5HJ3fBcZXrezlHN
1-rEiGWjbvD2cBg7Rw228,Uzldz52slOyT_7tD9MSW3
1-rEiGWjbvD2cBg7Rw228,n0OLj1cQnnbM3n-2eOzCj
4oZpSy6wTN9T1LqKcqN_z,Uzldz52slOyT_7tD9MSW3
4oZpSy6wTN9T1LqKcqN_z,phlunt5HJ3fBcZXrezlHN
C4fMyo7Ro60X36lQ_Dm9e,n0OLj1cQnnbM3n-2eOzCj
C4fMyo7Ro60X36lQ_Dm9e,mE5Zf1AWhRKDQNHC_NsmV
C4fMyo7Ro60X36lQ_Dm9e,phlunt5HJ3fBcZXrezlHN
C4fMyo7Ro60X36lQ_Dm9e,Uzldz52slOyT_7tD9MSW3
qgsjuz4izBTCFBv0rfPn7,F72UQSSv5qnV6dGq2o8t-
qgsjuz4izBTCFBv0rfPn7,n0OLj1cQnnbM3n-2eOzCj
qgsjuz4izBTCFBv0rfPn7,PFEwpbxaA9UrKET8fDnAt
VyiVZB96hfG2k0mnz4Fkw,F72UQSSv5qnV6dGq2o8t-
VyiVZB96hfG2k0mnz4Fkw,n0OLj1cQnnbM3n-2eOzCj
VyiVZB96hfG2k0mnz4Fkw,iW3M5z9QsfI5jnVSJjr5j
VyiVZB96hfG2k0mnz4Fkw,phlunt5HJ3fBcZXrezlHN
msSpQuAv_A_CCCJaS1rRA,F72UQSSv5qnV6dGq2o8t-
msSpQuAv_A_CCCJaS1rRA,PFEwpbxaA9UrKET8fDnAt
msSpQuAv_A_CCCJaS1rRA,phlunt5HJ3fBcZXrezlHN
msSpQuAv_A_CCCJaS1rRA,l9bkiReXBvPDuJX6TdvDu
1ESIjF_lsjv4arKhFBt5v,F72UQSSv5qnV6dGq2o8t-
1ESIjF_lsjv4arKhFBt5v,iW3M5z9QsfI5jnVSJjr5j
1ESIjF_lsjv4arKhFBt5v,PFEwpbxaA9UrKET8fDnAt
1ESIjF_lsjv4arKhFBt5v,-Q1NyL2hihfCdselYbnjo
U4v6kvOUTz-mXeHz2l-5Y,n0OLj1cQnnbM3n-2eOzCj
U4v6kvOUTz-mXeHz2l-5Y,PFEwpbxaA9UrKET8fDnAt
5SgSkKDGIOYpPt8_NQ-VJ,F72UQSSv5qnV6dGq2o8t-
5SgSkKDGIOYpPt8_NQ-VJ,L34snMa-YMz_jT9erQqe2
5SgSkKDGIOYpPt8_NQ-VJ,iW3M5z9QsfI5jnVSJjr5j
eonra6PEy3EcYvqMm1pzL,L34snMa-YMz_jT9erQqe2
eonra6PEy3EcYvqMm1pzL,iW3M5z9QsfI5jnVSJjr5j
WvG33kMEuahGnJfgnyrjN,F72UQSSv5qnV6dGq2o8t-
WvG33kMEuahGnJfgnyrjN,n0OLj1cQnnbM3n-2eOzCj
WvG33kMEuahGnJfgnyrjN,mE5Zf1AWhRKDQNHC_NsmV
m1TIcRvSox1kzCtat-iRx,F72UQSSv5qnV6dGq2o8t-
m1TIcRvSox1kzCtat-iRx,-Q1NyL2hihfCdselYbnjo
m1TIcRvSox1kzCtat-iRx,ncFeNw-5M4iGoDD-A8hBH
m1TIcRvSox1kzCtat-iRx,iW3M5z9QsfI5jnVSJjr5j
m1TIcRvSox1kzCtat-iRx,Uzldz52slOyT_7tD9MSW3
kYhOfA2q91qIbwWCluHi1,F72UQSSv5qnV6dGq2o8t-
kYhOfA2q91qIbwWCluHi1,phlunt5HJ3fBcZXrezlHN
kYhOfA2q91qIbwWCluHi1,iW3M5z9QsfI5jnVSJjr5j
2TX-XI5umB9_0ZFO5j8LO,F72UQSSv5qnV6dGq2o8t-
2TX-XI5umB9_0ZFO5j8LO,iW3M5z9QsfI5jnVSJjr5j
2TX-XI5umB9_0ZFO5j8LO,L34snMa-YMz_jT9erQqe2
7I7wMhb03oNvAT0bSoqv9,F72UQSSv5qnV6dGq2o8t-
7I7wMhb03oNvAT0bSoqv9,iW3M5z9QsfI5jnVSJjr5j
7I7wMhb03oNvAT0bSoqv9,phlunt5HJ3fBcZXrezlHN
GUxl5V0zTJpDXBvQQdJnR,iW3M5z9QsfI5jnVSJjr5j
GUxl5V0zTJpDXBvQQdJnR,phlunt5HJ3fBcZXrezlHN
GUxl5V0zTJpDXBvQQdJnR,l9bkiReXBvPDuJX6TdvDu
sSeyjoKMZ2_QQgabEM11I,n0OLj1cQnnbM3n-2eOzCj
sSeyjoKMZ2_QQgabEM11I,phlunt5HJ3fBcZXrezlHN
sSeyjoKMZ2_QQgabEM11I,PFEwpbxaA9UrKET8fDnAt
sSeyjoKMZ2_QQgabEM11I,2bdRQFIcZXrYbhxeWeffc
sSeyjoKMZ2_QQgabEM11I,Uzldz52slOyT_7tD9MSW3
iCXgd44Nw1xzciqxL8aNG,n0OLj1cQnnbM3n-2eOzCj
iCXgd44Nw1xzciqxL8aNG,mE5Zf1AWhRKDQNHC_NsmV
iCXgd44Nw1xzciqxL8aNG,phlunt5HJ3fBcZXrezlHN
U8fAC4nEQPrUNuYZzCUk4,F72UQSSv5qnV6dGq2o8t-
U8fAC4nEQPrUNuYZzCUk4,L34snMa-YMz_jT9erQqe2
U8fAC4nEQPrUNuYZzCUk4,l9bkiReXBvPDuJX6TdvDu
AUwR7UeXx96IkcL3FHXXz,phlunt5HJ3fBcZXrezlHN
AUwR7UeXx96IkcL3FHXXz,PFEwpbxaA9UrKET8fDnAt
AUwR7UeXx96IkcL3FHXXz,n0OLj1cQnnbM3n-2eOzCj
FWLWxYN0TUBaMz1Vdh69b,iW3M5z9QsfI5jnVSJjr5j
FWLWxYN0TUBaMz1Vdh69b,phlunt5HJ3fBcZXrezlHN
o-u_OGdlBCDYMzFzz9NXW,F72UQSSv5qnV6dGq2o8t-
o-u_OGdlBCDYMzFzz9NXW,phlunt5HJ3fBcZXrezlHN
o-u_OGdlBCDYMzFzz9NXW,-5F1wQ50bue4PA2khE3sM
ATqJhNkwKXrizJCiPpj3N,F72UQSSv5qnV6dGq2o8t-
ATqJhNkwKXrizJCiPpj3N,L34snMa-YMz_jT9erQqe2
ATqJhNkwKXrizJCiPpj3N,phlunt5HJ3fBcZXrezlHN
ogVyNOcQGyLmNtUiU5ZZN,F72UQSSv5qnV6dGq2o8t-
ogVyNOcQGyLmNtUiU5ZZN,n0OLj1cQnnbM3n-2eOzCj
ogVyNOcQGyLmNtUiU5ZZN,phlunt5HJ3fBcZXrezlHN
2gheHvNe8jtsIZD7sc-Cx,F72UQSSv5qnV6dGq2o8t-
2gheHvNe8jtsIZD7sc-Cx,Uzldz52slOyT_7tD9MSW3
2gheHvNe8jtsIZD7sc-Cx,iW3M5z9QsfI5jnVSJjr5j
gF9VZpiQ31wVNNoec_QDv,n0OLj1cQnnbM3n-2eOzCj
gF9VZpiQ31wVNNoec_QDv,mE5Zf1AWhRKDQNHC_NsmV
gF9VZpiQ31wVNNoec_QDv,2bdRQFIcZXrYbhxeWeffc
gF9VZpiQ31wVNNoec_QDv,L34snMa-YMz_jT9erQqe2
10LUIn2gQnXpbhzaJlRSy,n0OLj1cQnnbM3n-2eOzCj
10LUIn2gQnXpbhzaJlRSy,tqy6nsKbGDANBHHt7CQaG
njHW1-9SNlzhlviDqL69o,F72UQSSv5qnV6dGq2o8t-
njHW1-9SNlzhlviDqL69o,L34snMa-YMz_jT9erQqe2
njHW1-9SNlzhlviDqL69o,phlunt5HJ3fBcZXrezlHN
njHW1-9SNlzhlviDqL69o,hbMworHLCdna9k7lGwgWG
R_JjGIrQ2uTNje5OqKt3D,F72UQSSv5qnV6dGq2o8t-
R_JjGIrQ2uTNje5OqKt3D,phlunt5HJ3fBcZXrezlHN
R_JjGIrQ2uTNje5OqKt3D,Uzldz52slOyT_7tD9MSW3
jInWeaxAIHflzhd59a3Qz,F72UQSSv5qnV6dGq2o8t-
jInWeaxAIHflzhd59a3Qz,L34snMa-YMz_jT9erQqe2
jInWeaxAIHflzhd59a3Qz,iW3M5z9QsfI5jnVSJjr5j
w2LA_Y-lInOUjlh-GBcQU,n0OLj1cQnnbM3n-2eOzCj
w2LA_Y-lInOUjlh-GBcQU,phlunt5HJ3fBcZXrezlHN
w2LA_Y-lInOUjlh-GBcQU,iW3M5z9QsfI5jnVSJjr5j
l2IYQ7fPemwd9U6B2LkJN,F72UQSSv5qnV6dGq2o8t-
l2IYQ7fPemwd9U6B2LkJN,mE5Zf1AWhRKDQNHC_NsmV
l2IYQ7fPemwd9U6B2LkJN,phlunt5HJ3fBcZXrezlHN
dQVN4znxaCFbp0I8UojJH,iW3M5z9QsfI5jnVSJjr5j
dQVN4znxaCFbp0I8UojJH,phlunt5HJ3fBcZXrezlHN
PULX5I04XRm6pjs6dLvyd,F72UQSSv5qnV6dGq2o8t-
PULX5I04XRm6pjs6dLvyd,L34snMa-YMz_jT9erQqe2
PULX5I04XRm6pjs6dLvyd,iW3M5z9QsfI5jnVSJjr5j
XXWoSjtn_WVRDgGlw0uUV,F72UQSSv5qnV6dGq2o8t-
XXWoSjtn_WVRDgGlw0uUV,phlunt5HJ3fBcZXrezlHN
XXWoSjtn_WVRDgGlw0uUV,Uzldz52slOyT_7tD9MSW3
kGa-PlfNCZzPDMdZh2-IT,mE5Zf1AWhRKDQNHC_NsmV
kGa-PlfNCZzPDMdZh2-IT,n0OLj1cQnnbM3n-2eOzCj
kGa-PlfNCZzPDMdZh2-IT,F72UQSSv5qnV6dGq2o8t-
tsbQ3mFJEiJIZFz-j0pMh,F72UQSSv5qnV6dGq2o8t-
tsbQ3mFJEiJIZFz-j0pMh,n0OLj1cQnnbM3n-2eOzCj
tsbQ3mFJEiJIZFz-j0pMh,L34snMa-YMz_jT9erQqe2
441QN2aTJVsnrBTREHL2i,F72UQSSv5qnV6dGq2o8t-
441QN2aTJVsnrBTREHL2i,L34snMa-YMz_jT9erQqe2
441QN2aTJVsnrBTREHL2i,n0OLj1cQnnbM3n-2eOzCj
S_j34r2YF6rAxhTdDCCwY,F72UQSSv5qnV6dGq2o8t-
S_j34r2YF6rAxhTdDCCwY,Uzldz52slOyT_7tD9MSW3
S_j34r2YF6rAxhTdDCCwY,ncFeNw-5M4iGoDD-A8hBH
S_j34r2YF6rAxhTdDCCwY,L34snMa-YMz_jT9erQqe2
Owlud1sbPxLlYiBDDBr4r,PFEwpbxaA9UrKET8fDnAt
Owlud1sbPxLlYiBDDBr4r,F72UQSSv5qnV6dGq2o8t-
Owlud1sbPxLlYiBDDBr4r,iW3M5z9QsfI5jnVSJjr5j
jKYcMzx2qHifSfg2Npn-t,n0OLj1cQnnbM3n-2eOzCj
jKYcMzx2qHifSfg2Npn-t,mE5Zf1AWhRKDQNHC_NsmV
jKYcMzx2qHifSfg2Npn-t,phlunt5HJ3fBcZXrezlHN
sn7d2C0-L5MHqXkdFIwr8,F72UQSSv5qnV6dGq2o8t-
sn7d2C0-L5MHqXkdFIwr8,n0OLj1cQnnbM3n-2eOzCj
sn7d2C0-L5MHqXkdFIwr8,L34snMa-YMz_jT9erQqe2
yqdU2J-E88RUvUn5WwjOv,F72UQSSv5qnV6dGq2o8t-
yqdU2J-E88RUvUn5WwjOv,ncFeNw-5M4iGoDD-A8hBH
yqdU2J-E88RUvUn5WwjOv,Uzldz52slOyT_7tD9MSW3
yqdU2J-E88RUvUn5WwjOv,phlunt5HJ3fBcZXrezlHN
ItsOo8Eh1rKREPW8ZAvaw,iW3M5z9QsfI5jnVSJjr5j
ItsOo8Eh1rKREPW8ZAvaw,phlunt5HJ3fBcZXrezlHN
YklTzFI3_XQFIy9Q3Xlb9,Uzldz52slOyT_7tD9MSW3
YklTzFI3_XQFIy9Q3Xlb9,phlunt5HJ3fBcZXrezlHN
YklTzFI3_XQFIy9Q3Xlb9,n0OLj1cQnnbM3n-2eOzCj
mYCNyX5DmXJjY83AuBo6b,n0OLj1cQnnbM3n-2eOzCj
mYCNyX5DmXJjY83AuBo6b,2bdRQFIcZXrYbhxeWeffc
mYCNyX5DmXJjY83AuBo6b,L34snMa-YMz_jT9erQqe2
cqDE1f-DVa5_N7GbzVXRN,n0OLj1cQnnbM3n-2eOzCj
cqDE1f-DVa5_N7GbzVXRN,mE5Zf1AWhRKDQNHC_NsmV
cqDE1f-DVa5_N7GbzVXRN,L34snMa-YMz_jT9erQqe2
cqDE1f-DVa5_N7GbzVXRN,iW3M5z9QsfI5jnVSJjr5j
NC8MQMj_-BxhYcUIMF-lg,n0OLj1cQnnbM3n-2eOzCj
NC8MQMj_-BxhYcUIMF-lg,2bdRQFIcZXrYbhxeWeffc
NC8MQMj_-BxhYcUIMF-lg,L34snMa-YMz_jT9erQqe2
bYUTSf-NMCUSmdat2LWb1,ncFeNw-5M4iGoDD-A8hBH
bYUTSf-NMCUSmdat2LWb1,iW3M5z9QsfI5jnVSJjr5j
bYUTSf-NMCUSmdat2LWb1,F72UQSSv5qnV6dGq2o8t-
ztaMsrKAY3OI3qXGLznH9,2bdRQFIcZXrYbhxeWeffc
ztaMsrKAY3OI3qXGLznH9,n0OLj1cQnnbM3n-2eOzCj
ztaMsrKAY3OI3qXGLznH9,mE5Zf1AWhRKDQNHC_NsmV
64QsEF_YwZGce48FCFJ-6,F72UQSSv5qnV6dGq2o8t-
64QsEF_YwZGce48FCFJ-6,n0OLj1cQnnbM3n-2eOzCj
64QsEF_YwZGce48FCFJ-6,mE5Zf1AWhRKDQNHC_NsmV
64QsEF_YwZGce48FCFJ-6,PFEwpbxaA9UrKET8fDnAt
f3q4J1CxcXic_5VKFPd1-,phlunt5HJ3fBcZXrezlHN
f3q4J1CxcXic_5VKFPd1-,tqy6nsKbGDANBHHt7CQaG
f3q4J1CxcXic_5VKFPd1-,n0OLj1cQnnbM3n-2eOzCj
uZSNL7A6cLAZfZBj-XTAC,F72UQSSv5qnV6dGq2o8t-
uZSNL7A6cLAZfZBj-XTAC,iW3M5z9QsfI5jnVSJjr5j
uZSNL7A6cLAZfZBj-XTAC,Uzldz52slOyT_7tD9MSW3
icRj49xQlHuBPyXqKoCbN,-Q1NyL2hihfCdselYbnjo
icRj49xQlHuBPyXqKoCbN,phlunt5HJ3fBcZXrezlHN
icRj49xQlHuBPyXqKoCbN,n0OLj1cQnnbM3n-2eOzCj
1dXrn06xXfNJCXGwGkEMr,Uzldz52slOyT_7tD9MSW3
1dXrn06xXfNJCXGwGkEMr,phlunt5HJ3fBcZXrezlHN
iKTnnRM3NqiqSNBwschue,L34snMa-YMz_jT9erQqe2
iKTnnRM3NqiqSNBwschue,iW3M5z9QsfI5jnVSJjr5j
iKTnnRM3NqiqSNBwschue,F72UQSSv5qnV6dGq2o8t-
3_fgjTWQurtixkXZsDc1Y,L34snMa-YMz_jT9erQqe2
3_fgjTWQurtixkXZsDc1Y,iW3M5z9QsfI5jnVSJjr5j
3_fgjTWQurtixkXZsDc1Y,phlunt5HJ3fBcZXrezlHN
a86bVqNqjAlnVQfJdGcZU,F72UQSSv5qnV6dGq2o8t-
a86bVqNqjAlnVQfJdGcZU,n0OLj1cQnnbM3n-2eOzCj
a86bVqNqjAlnVQfJdGcZU,mE5Zf1AWhRKDQNHC_NsmV
a86bVqNqjAlnVQfJdGcZU,PFEwpbxaA9UrKET8fDnAt
gIdDGEdr3QQK0dltjmbqc,F72UQSSv5qnV6dGq2o8t-
gIdDGEdr3QQK0dltjmbqc,phlunt5HJ3fBcZXrezlHN
HCqR2YcndtGudAhHJlp9A,L34snMa-YMz_jT9erQqe2
HCqR2YcndtGudAhHJlp9A,iW3M5z9QsfI5jnVSJjr5j
HCqR2YcndtGudAhHJlp9A,ncFeNw-5M4iGoDD-A8hBH
RUOIR33p_hwheaq5XoUqm,F72UQSSv5qnV6dGq2o8t-
RUOIR33p_hwheaq5XoUqm,iW3M5z9QsfI5jnVSJjr5j
RUOIR33p_hwheaq5XoUqm,ncFeNw-5M4iGoDD-A8hBH
RUOIR33p_hwheaq5XoUqm,phlunt5HJ3fBcZXrezlHN
eW0-99UGM1qgmkYQrUxuB,Uzldz52slOyT_7tD9MSW3
eW0-99UGM1qgmkYQrUxuB,n0OLj1cQnnbM3n-2eOzCj
eW0-99UGM1qgmkYQrUxuB,mE5Zf1AWhRKDQNHC_NsmV
deFBhMXHpto8jRC5qeONQ,F72UQSSv5qnV6dGq2o8t-
deFBhMXHpto8jRC5qeONQ,n0OLj1cQnnbM3n-2eOzCj
deFBhMXHpto8jRC5qeONQ,L34snMa-YMz_jT9erQqe2
deFBhMXHpto8jRC5qeONQ,Uzldz52slOyT_7tD9MSW3
Q7O54Dk00PXqFedatDzJW,PFEwpbxaA9UrKET8fDnAt
Q7O54Dk00PXqFedatDzJW,n0OLj1cQnnbM3n-2eOzCj
KJsFJWoGi8xHjIgCFdVxA,L34snMa-YMz_jT9erQqe2
KJsFJWoGi8xHjIgCFdVxA,iW3M5z9QsfI5jnVSJjr5j
zPUU2aonTnmzXZG7oA4uo,F72UQSSv5qnV6dGq2o8t-
zPUU2aonTnmzXZG7oA4uo,Uzldz52slOyT_7tD9MSW3
zPUU2aonTnmzXZG7oA4uo,phlunt5HJ3fBcZXrezlHN
Ig0qIDO0qXiDSQCHMWNqQ,iW3M5z9QsfI5jnVSJjr5j
Ig0qIDO0qXiDSQCHMWNqQ,phlunt5HJ3fBcZXrezlHN
Ig0qIDO0qXiDSQCHMWNqQ,-Q1NyL2hihfCdselYbnjo
UGW-C1W17tGKMiQHwOMNS,iW3M5z9QsfI5jnVSJjr5j
UGW-C1W17tGKMiQHwOMNS,phlunt5HJ3fBcZXrezlHN
UGW-C1W17tGKMiQHwOMNS,Uzldz52slOyT_7tD9MSW3
BdV8OTViN5TQ1pxbbLuZ9,F72UQSSv5qnV6dGq2o8t-
BdV8OTViN5TQ1pxbbLuZ9,mE5Zf1AWhRKDQNHC_NsmV
BdV8OTViN5TQ1pxbbLuZ9,n0OLj1cQnnbM3n-2eOzCj
BdV8OTViN5TQ1pxbbLuZ9,L34snMa-YMz_jT9erQqe2
26kTuxYoPJP5ZjdmSRpHg,iW3M5z9QsfI5jnVSJjr5j
26kTuxYoPJP5ZjdmSRpHg,phlunt5HJ3fBcZXrezlHN
iYMW7tlgwxM_NxqRFemhY,F72UQSSv5qnV6dGq2o8t-
iYMW7tlgwxM_NxqRFemhY,iW3M5z9QsfI5jnVSJjr5j
iYMW7tlgwxM_NxqRFemhY,phlunt5HJ3fBcZXrezlHN
mBZy9vDZ767Hs5_W1VmUm,F72UQSSv5qnV6dGq2o8t-
mBZy9vDZ767Hs5_W1VmUm,phlunt5HJ3fBcZXrezlHN
mBZy9vDZ767Hs5_W1VmUm,PFEwpbxaA9UrKET8fDnAt
xuIHVMqckPFfqj2jMrf0i,F72UQSSv5qnV6dGq2o8t-
xuIHVMqckPFfqj2jMrf0i,n0OLj1cQnnbM3n-2eOzCj
xuIHVMqckPFfqj2jMrf0i,PFEwpbxaA9UrKET8fDnAt
f77VZVVrlekK0z5q87Wpv,F72UQSSv5qnV6dGq2o8t-
f77VZVVrlekK0z5q87Wpv,n0OLj1cQnnbM3n-2eOzCj
f77VZVVrlekK0z5q87Wpv,Uzldz52slOyT_7tD9MSW3
eCwpEgYIaOMHOKl4PfKyg,F72UQSSv5qnV6dGq2o8t-
eCwpEgYIaOMHOKl4PfKyg,L34snMa-YMz_jT9erQqe2
eCwpEgYIaOMHOKl4PfKyg,Uzldz52slOyT_7tD9MSW3
eCwpEgYIaOMHOKl4PfKyg,PFEwpbxaA9UrKET8fDnAt
oBY536znEqjcMOUZgzN_6,F72UQSSv5qnV6dGq2o8t-
oBY536znEqjcMOUZgzN_6,iW3M5z9QsfI5jnVSJjr5j
oBY536znEqjcMOUZgzN_6,L34snMa-YMz_jT9erQqe2
qgQeQuFNua8q6zEbv-x8U,F72UQSSv5qnV6dGq2o8t-
qgQeQuFNua8q6zEbv-x8U,phlunt5HJ3fBcZXrezlHN
qgQeQuFNua8q6zEbv-x8U,Uzldz52slOyT_7tD9MSW3
A34hK4p20syDJeoXrYa65,F72UQSSv5qnV6dGq2o8t-
A34hK4p20syDJeoXrYa65,mE5Zf1AWhRKDQNHC_NsmV
A34hK4p20syDJeoXrYa65,iW3M5z9QsfI5jnVSJjr5j
A34hK4p20syDJeoXrYa65,Uzldz52slOyT_7tD9MSW3
A34hK4p20syDJeoXrYa65,ncFeNw-5M4iGoDD-A8hBH
VbAnBGs-nfAohNcBX6Uis,iW3M5z9QsfI5jnVSJjr5j
VbAnBGs-nfAohNcBX6Uis,L34snMa-YMz_jT9erQqe2
VbAnBGs-nfAohNcBX6Uis,phlunt5HJ3fBcZXrezlHN
PnUvdAoA1G_JYamTcfX7M,L34snMa-YMz_jT9erQqe2
PnUvdAoA1G_JYamTcfX7M,iW3M5z9QsfI5jnVSJjr5j
PnUvdAoA1G_JYamTcfX7M,F72UQSSv5qnV6dGq2o8t-
xWf5t3ueLleIfFpGoNZUr,ncFeNw-5M4iGoDD-A8hBH
xWf5t3ueLleIfFpGoNZUr,L34snMa-YMz_jT9erQqe2
xWf5t3ueLleIfFpGoNZUr,2bdRQFIcZXrYbhxeWeffc
xWf5t3ueLleIfFpGoNZUr,Uzldz52slOyT_7tD9MSW3
sOPSwMrj3bEMSkY2i6Rsp,F72UQSSv5qnV6dGq2o8t-
sOPSwMrj3bEMSkY2i6Rsp,L34snMa-YMz_jT9erQqe2
sOPSwMrj3bEMSkY2i6Rsp,iW3M5z9QsfI5jnVSJjr5j
7onwhGAOcfxLOlQ_4OfR0,iW3M5z9QsfI5jnVSJjr5j
7onwhGAOcfxLOlQ_4OfR0,phlunt5HJ3fBcZXrezlHN
7onwhGAOcfxLOlQ_4OfR0,L34snMa-YMz_jT9erQqe2
K4RSZz8hJp0S8NK1LMM9c,F72UQSSv5qnV6dGq2o8t-
K4RSZz8hJp0S8NK1LMM9c,phlunt5HJ3fBcZXrezlHN
K4RSZz8hJp0S8NK1LMM9c,l9bkiReXBvPDuJX6TdvDu
QdUjCpqjLKy0GmO3mDLyU,phlunt5HJ3fBcZXrezlHN
QdUjCpqjLKy0GmO3mDLyU,tqy6nsKbGDANBHHt7CQaG
QdUjCpqjLKy0GmO3mDLyU,n0OLj1cQnnbM3n-2eOzCj
7z0IJOk0RjDv-ex3Xwdt4,n0OLj1cQnnbM3n-2eOzCj
7z0IJOk0RjDv-ex3Xwdt4,phlunt5HJ3fBcZXrezlHN
7z0IJOk0RjDv-ex3Xwdt4,Uzldz52slOyT_7tD9MSW3
7z0IJOk0RjDv-ex3Xwdt4,iW3M5z9QsfI5jnVSJjr5j
-ePo0USc2wG_Ac0_8VmIM,L34snMa-YMz_jT9erQqe2
-ePo0USc2wG_Ac0_8VmIM,Uzldz52slOyT_7tD9MSW3
-ePo0USc2wG_Ac0_8VmIM,phlunt5HJ3fBcZXrezlHN
mqTNYKoUyygbR_kuP9o7A,phlunt5HJ3fBcZXrezlHN
mqTNYKoUyygbR_kuP9o7A,PFEwpbxaA9UrKET8fDnAt
mqTNYKoUyygbR_kuP9o7A,ncFeNw-5M4iGoDD-A8hBH
mqTNYKoUyygbR_kuP9o7A,n0OLj1cQnnbM3n-2eOzCj
mqTNYKoUyygbR_kuP9o7A,mE5Zf1AWhRKDQNHC_NsmV
e8ECGRd_FNlKlMhvOEQkL,-Q1NyL2hihfCdselYbnjo
e8ECGRd_FNlKlMhvOEQkL,iW3M5z9QsfI5jnVSJjr5j
e8ECGRd_FNlKlMhvOEQkL,phlunt5HJ3fBcZXrezlHN
e8ECGRd_FNlKlMhvOEQkL,Uzldz52slOyT_7tD9MSW3
rSAK-42lYPkbUe0KP4gSU,iW3M5z9QsfI5jnVSJjr5j
rSAK-42lYPkbUe0KP4gSU,phlunt5HJ3fBcZXrezlHN
rSAK-42lYPkbUe0KP4gSU,F72UQSSv5qnV6dGq2o8t-
lwuwfXYD1D3p3n4PIKqIr,F72UQSSv5qnV6dGq2o8t-
lwuwfXYD1D3p3n4PIKqIr,n0OLj1cQnnbM3n-2eOzCj
lwuwfXYD1D3p3n4PIKqIr,hbMworHLCdna9k7lGwgWG
lI79CLGuFO4SoTx8M2B9t,n0OLj1cQnnbM3n-2eOzCj
lI79CLGuFO4SoTx8M2B9t,mE5Zf1AWhRKDQNHC_NsmV
lI79CLGuFO4SoTx8M2B9t,F72UQSSv5qnV6dGq2o8t-
s7b4bJ-6IWnKX-cSJl2GM,F72UQSSv5qnV6dGq2o8t-
s7b4bJ-6IWnKX-cSJl2GM,n0OLj1cQnnbM3n-2eOzCj
s7b4bJ-6IWnKX-cSJl2GM,L34snMa-YMz_jT9erQqe2
lBtW2TN5vNs2K-1eri_fX,F72UQSSv5qnV6dGq2o8t-
lBtW2TN5vNs2K-1eri_fX,iW3M5z9QsfI5jnVSJjr5j
lBtW2TN5vNs2K-1eri_fX,-5F1wQ50bue4PA2khE3sM
lBtW2TN5vNs2K-1eri_fX,ncFeNw-5M4iGoDD-A8hBH
TMnee1K8klbPBRr_3uZmC,F72UQSSv5qnV6dGq2o8t-
TMnee1K8klbPBRr_3uZmC,PFEwpbxaA9UrKET8fDnAt
TMnee1K8klbPBRr_3uZmC,Uzldz52slOyT_7tD9MSW3
XsHsZRxTJ6tXcYyE3PuM-,F72UQSSv5qnV6dGq2o8t-
XsHsZRxTJ6tXcYyE3PuM-,n0OLj1cQnnbM3n-2eOzCj
RfNIuy6r_MqZdSuH9ZSGy,F72UQSSv5qnV6dGq2o8t-
RfNIuy6r_MqZdSuH9ZSGy,iW3M5z9QsfI5jnVSJjr5j
RfNIuy6r_MqZdSuH9ZSGy,-Q1NyL2hihfCdselYbnjo
RfNIuy6r_MqZdSuH9ZSGy,ncFeNw-5M4iGoDD-A8hBH
RfNIuy6r_MqZdSuH9ZSGy,phlunt5HJ3fBcZXrezlHN
RfNIuy6r_MqZdSuH9ZSGy,-5F1wQ50bue4PA2khE3sM
jkEagjnAXwj_okP4X0wQZ,ncFeNw-5M4iGoDD-A8hBH
jkEagjnAXwj_okP4X0wQZ,L34snMa-YMz_jT9erQqe2
jkEagjnAXwj_okP4X0wQZ,iW3M5z9QsfI5jnVSJjr5j
xwodAAsrkuiGnEKEb0lJK,PFEwpbxaA9UrKET8fDnAt
xwodAAsrkuiGnEKEb0lJK,L34snMa-YMz_jT9erQqe2
xwodAAsrkuiGnEKEb0lJK,n0OLj1cQnnbM3n-2eOzCj
n2qmU_cygmKakY-7iZsvP,F72UQSSv5qnV6dGq2o8t-
n2qmU_cygmKakY-7iZsvP,n0OLj1cQnnbM3n-2eOzCj
n2qmU_cygmKakY-7iZsvP,iW3M5z9QsfI5jnVSJjr5j
n2qmU_cygmKakY-7iZsvP,Uzldz52slOyT_7tD9MSW3
LYJDj-3ihjg6yas8PnVf8,n0OLj1cQnnbM3n-2eOzCj
LYJDj-3ihjg6yas8PnVf8,F72UQSSv5qnV6dGq2o8t-
rDTkpE4FmGlC2tY7fJvuL,F72UQSSv5qnV6dGq2o8t-
rDTkpE4FmGlC2tY7fJvuL,n0OLj1cQnnbM3n-2eOzCj
rDTkpE4FmGlC2tY7fJvuL,phlunt5HJ3fBcZXrezlHN
rDTkpE4FmGlC2tY7fJvuL,Uzldz52slOyT_7tD9MSW3
LgmkKXFn8YPBrnx_jHNzZ,PFEwpbxaA9UrKET8fDnAt
LgmkKXFn8YPBrnx_jHNzZ,n0OLj1cQnnbM3n-2eOzCj
LgmkKXFn8YPBrnx_jHNzZ,iW3M5z9QsfI5jnVSJjr5j
eeEPXgpZj_tkWngVE36Wu,F72UQSSv5qnV6dGq2o8t-
eeEPXgpZj_tkWngVE36Wu,n0OLj1cQnnbM3n-2eOzCj
eeEPXgpZj_tkWngVE36Wu,Uzldz52slOyT_7tD9MSW3
eeEPXgpZj_tkWngVE36Wu,iW3M5z9QsfI5jnVSJjr5j
93Xm8FNTOvbIt9XzBsuFc,iW3M5z9QsfI5jnVSJjr5j
93Xm8FNTOvbIt9XzBsuFc,L34snMa-YMz_jT9erQqe2
93Xm8FNTOvbIt9XzBsuFc,F72UQSSv5qnV6dGq2o8t-
pljkyIi6rDMhDy1Nxjd7R,n0OLj1cQnnbM3n-2eOzCj
pljkyIi6rDMhDy1Nxjd7R,PFEwpbxaA9UrKET8fDnAt
pljkyIi6rDMhDy1Nxjd7R,F72UQSSv5qnV6dGq2o8t-
Vi7jWzlT6Qu1oHgybjCAD,ncFeNw-5M4iGoDD-A8hBH
Vi7jWzlT6Qu1oHgybjCAD,iW3M5z9QsfI5jnVSJjr5j
Vi7jWzlT6Qu1oHgybjCAD,-5F1wQ50bue4PA2khE3sM
F817M9Y_w8eYuWSxST1yt,F72UQSSv5qnV6dGq2o8t-
F817M9Y_w8eYuWSxST1yt,ncFeNw-5M4iGoDD-A8hBH
F817M9Y_w8eYuWSxST1yt,iW3M5z9QsfI5jnVSJjr5j
MLah-x7btKi_w_ZcMQm0p,n0OLj1cQnnbM3n-2eOzCj
MLah-x7btKi_w_ZcMQm0p,mE5Zf1AWhRKDQNHC_NsmV
MLah-x7btKi_w_ZcMQm0p,L34snMa-YMz_jT9erQqe2
cpvgyGQP-DGcAk2CM_hpk,phlunt5HJ3fBcZXrezlHN
cpvgyGQP-DGcAk2CM_hpk,F72UQSSv5qnV6dGq2o8t-
MPo5YhvAZ9wWXQYoPFLt6,iW3M5z9QsfI5jnVSJjr5j
MPo5YhvAZ9wWXQYoPFLt6,phlunt5HJ3fBcZXrezlHN
MPo5YhvAZ9wWXQYoPFLt6,Uzldz52slOyT_7tD9MSW3
RlqD3rWulOxknfScOir0S,-Q1NyL2hihfCdselYbnjo
RlqD3rWulOxknfScOir0S,Uzldz52slOyT_7tD9MSW3
RlqD3rWulOxknfScOir0S,phlunt5HJ3fBcZXrezlHN
RlqD3rWulOxknfScOir0S,iW3M5z9QsfI5jnVSJjr5j
ZFRo_3llthaC7CkTGoTuK,-Q1NyL2hihfCdselYbnjo
ZFRo_3llthaC7CkTGoTuK,ncFeNw-5M4iGoDD-A8hBH
ZFRo_3llthaC7CkTGoTuK,Uzldz52slOyT_7tD9MSW3
ZFRo_3llthaC7CkTGoTuK,iW3M5z9QsfI5jnVSJjr5j
O3i1j3mieC1rrMts_uGkf,n0OLj1cQnnbM3n-2eOzCj
O3i1j3mieC1rrMts_uGkf,mE5Zf1AWhRKDQNHC_NsmV
O3i1j3mieC1rrMts_uGkf,phlunt5HJ3fBcZXrezlHN
O3i1j3mieC1rrMts_uGkf,Uzldz52slOyT_7tD9MSW3
Pfwx0V5isiqmVr0Izesu7,n0OLj1cQnnbM3n-2eOzCj
Pfwx0V5isiqmVr0Izesu7,Uzldz52slOyT_7tD9MSW3
Pfwx0V5isiqmVr0Izesu7,phlunt5HJ3fBcZXrezlHN
re_ABxCmE7LWHWja8Zils,n0OLj1cQnnbM3n-2eOzCj
re_ABxCmE7LWHWja8Zils,phlunt5HJ3fBcZXrezlHN
re_ABxCmE7LWHWja8Zils,Uzldz52slOyT_7tD9MSW3
tM7Mq-cGJORof57G3fljr,iW3M5z9QsfI5jnVSJjr5j
tM7Mq-cGJORof57G3fljr,phlunt5HJ3fBcZXrezlHN
tM7Mq-cGJORof57G3fljr,n0OLj1cQnnbM3n-2eOzCj
tM7Mq-cGJORof57G3fljr,L34snMa-YMz_jT9erQqe2
tM7Mq-cGJORof57G3fljr,2bdRQFIcZXrYbhxeWeffc
ptNjid9-UX2mwGrYszeEo,iW3M5z9QsfI5jnVSJjr5j
ptNjid9-UX2mwGrYszeEo,phlunt5HJ3fBcZXrezlHN
ptNjid9-UX2mwGrYszeEo,Uzldz52slOyT_7tD9MSW3
O_md1--UFkfMFgGqIq2Il,mE5Zf1AWhRKDQNHC_NsmV
O_md1--UFkfMFgGqIq2Il,n0OLj1cQnnbM3n-2eOzCj
9lgZWbs6G0WpVXM_yX0-o,F72UQSSv5qnV6dGq2o8t-
9lgZWbs6G0WpVXM_yX0-o,mE5Zf1AWhRKDQNHC_NsmV
9lgZWbs6G0WpVXM_yX0-o,n0OLj1cQnnbM3n-2eOzCj
9lgZWbs6G0WpVXM_yX0-o,L34snMa-YMz_jT9erQqe2
gyTPtmyTLN5Dd4h0qGEgn,iW3M5z9QsfI5jnVSJjr5j
gyTPtmyTLN5Dd4h0qGEgn,phlunt5HJ3fBcZXrezlHN
gyTPtmyTLN5Dd4h0qGEgn,-5F1wQ50bue4PA2khE3sM
IUIDExdyq_EbCRcCbeGRr,L34snMa-YMz_jT9erQqe2
IUIDExdyq_EbCRcCbeGRr,phlunt5HJ3fBcZXrezlHN
IUIDExdyq_EbCRcCbeGRr,-Q1NyL2hihfCdselYbnjo
IUIDExdyq_EbCRcCbeGRr,ncFeNw-5M4iGoDD-A8hBH
IUIDExdyq_EbCRcCbeGRr,Uzldz52slOyT_7tD9MSW3
33G6fdyaiwr-r9J6JxCYF,F72UQSSv5qnV6dGq2o8t-
33G6fdyaiwr-r9J6JxCYF,phlunt5HJ3fBcZXrezlHN
33G6fdyaiwr-r9J6JxCYF,iW3M5z9QsfI5jnVSJjr5j
-uWfMzRqDUwDmHQePkiP-,F72UQSSv5qnV6dGq2o8t-
-uWfMzRqDUwDmHQePkiP-,n0OLj1cQnnbM3n-2eOzCj
-uWfMzRqDUwDmHQePkiP-,L34snMa-YMz_jT9erQqe2
-uWfMzRqDUwDmHQePkiP-,phlunt5HJ3fBcZXrezlHN
gZ6LPK2aFDS481CEgCcvX,iW3M5z9QsfI5jnVSJjr5j
gZ6LPK2aFDS481CEgCcvX,phlunt5HJ3fBcZXrezlHN
r87tVgVCRi7ivN5ozmvb4,n0OLj1cQnnbM3n-2eOzCj
r87tVgVCRi7ivN5ozmvb4,2bdRQFIcZXrYbhxeWeffc
r87tVgVCRi7ivN5ozmvb4,L34snMa-YMz_jT9erQqe2
2JbFE4zdZ6JGFUzM8NELF,F72UQSSv5qnV6dGq2o8t-
2JbFE4zdZ6JGFUzM8NELF,PFEwpbxaA9UrKET8fDnAt
2JbFE4zdZ6JGFUzM8NELF,iW3M5z9QsfI5jnVSJjr5j
Q8Fp3wKz3eYadG-Czf8oc,n0OLj1cQnnbM3n-2eOzCj
Q8Fp3wKz3eYadG-Czf8oc,phlunt5HJ3fBcZXrezlHN
Q8Fp3wKz3eYadG-Czf8oc,Uzldz52slOyT_7tD9MSW3
9JFNSgWXjO7nCdsvGd6dg,ncFeNw-5M4iGoDD-A8hBH
9JFNSgWXjO7nCdsvGd6dg,F72UQSSv5qnV6dGq2o8t-
9JFNSgWXjO7nCdsvGd6dg,Uzldz52slOyT_7tD9MSW3
9JFNSgWXjO7nCdsvGd6dg,iW3M5z9QsfI5jnVSJjr5j
QUZxZRC4I3pMKJhwBi83J,F72UQSSv5qnV6dGq2o8t-
QUZxZRC4I3pMKJhwBi83J,iW3M5z9QsfI5jnVSJjr5j
QUZxZRC4I3pMKJhwBi83J,-5F1wQ50bue4PA2khE3sM
aS8BXY2cmUsicZwNmadLv,F72UQSSv5qnV6dGq2o8t-
aS8BXY2cmUsicZwNmadLv,phlunt5HJ3fBcZXrezlHN
aS8BXY2cmUsicZwNmadLv,-Q1NyL2hihfCdselYbnjo
aS8BXY2cmUsicZwNmadLv,Uzldz52slOyT_7tD9MSW3
aS8BXY2cmUsicZwNmadLv,iW3M5z9QsfI5jnVSJjr5j
dijzOewtOnhOO7eZdELGh,F72UQSSv5qnV6dGq2o8t-
dijzOewtOnhOO7eZdELGh,KcVqSqCqpBoUqNfNlAkE7
dijzOewtOnhOO7eZdELGh,mE5Zf1AWhRKDQNHC_NsmV
dijzOewtOnhOO7eZdELGh,L34snMa-YMz_jT9erQqe2
DXcRIattpsFsCyGp2vLaE,n0OLj1cQnnbM3n-2eOzCj
DXcRIattpsFsCyGp2vLaE,mE5Zf1AWhRKDQNHC_NsmV
DXcRIattpsFsCyGp2vLaE,F72UQSSv5qnV6dGq2o8t-
54Klr_odsCSZsOiKF8rmt,n0OLj1cQnnbM3n-2eOzCj
54Klr_odsCSZsOiKF8rmt,PFEwpbxaA9UrKET8fDnAt
Rags0f5fZoII7Hejt4UcB,F72UQSSv5qnV6dGq2o8t-
Rags0f5fZoII7Hejt4UcB,Uzldz52slOyT_7tD9MSW3
Rags0f5fZoII7Hejt4UcB,phlunt5HJ3fBcZXrezlHN
3OIt-9kmXR8kYbfld0Z-C,F72UQSSv5qnV6dGq2o8t-
3OIt-9kmXR8kYbfld0Z-C,PFEwpbxaA9UrKET8fDnAt
3OIt-9kmXR8kYbfld0Z-C,iW3M5z9QsfI5jnVSJjr5j
3OIt-9kmXR8kYbfld0Z-C,L34snMa-YMz_jT9erQqe2
AaXYCUjxRyXGIWATCLbvt,F72UQSSv5qnV6dGq2o8t-
AaXYCUjxRyXGIWATCLbvt,n0OLj1cQnnbM3n-2eOzCj
AaXYCUjxRyXGIWATCLbvt,mE5Zf1AWhRKDQNHC_NsmV
AaXYCUjxRyXGIWATCLbvt,ncFeNw-5M4iGoDD-A8hBH
_R67lIx4Z5e7zd6L-gF92,ncFeNw-5M4iGoDD-A8hBH
_R67lIx4Z5e7zd6L-gF92,iW3M5z9QsfI5jnVSJjr5j
_R67lIx4Z5e7zd6L-gF92,phlunt5HJ3fBcZXrezlHN
X2ZVFIqfhO8x10XQjkDL5,-Q1NyL2hihfCdselYbnjo
X2ZVFIqfhO8x10XQjkDL5,iW3M5z9QsfI5jnVSJjr5j
X2ZVFIqfhO8x10XQjkDL5,phlunt5HJ3fBcZXrezlHN
r9IwcjHSEh39sPu7HUN2r,n0OLj1cQnnbM3n-2eOzCj
r9IwcjHSEh39sPu7HUN2r,mE5Zf1AWhRKDQNHC_NsmV
r9IwcjHSEh39sPu7HUN2r,F72UQSSv5qnV6dGq2o8t-
gZkndpZH--rRAuetObita,PFEwpbxaA9UrKET8fDnAt
gZkndpZH--rRAuetObita,n0OLj1cQnnbM3n-2eOzCj
gZkndpZH--rRAuetObita,mE5Zf1AWhRKDQNHC_NsmV
Hz3ZXIMuFPusOwouugQ0R,iW3M5z9QsfI5jnVSJjr5j
Hz3ZXIMuFPusOwouugQ0R,phlunt5HJ3fBcZXrezlHN
SXM1hCbKcNFx_I9depzwp,n0OLj1cQnnbM3n-2eOzCj
SXM1hCbKcNFx_I9depzwp,tqy6nsKbGDANBHHt7CQaG
OBeyMNb0RcwJMS4i2FTi6,F72UQSSv5qnV6dGq2o8t-
OBeyMNb0RcwJMS4i2FTi6,phlunt5HJ3fBcZXrezlHN
OBeyMNb0RcwJMS4i2FTi6,Uzldz52slOyT_7tD9MSW3
kmw0hLgEW7ksNV8qG46pC,F72UQSSv5qnV6dGq2o8t-
kmw0hLgEW7ksNV8qG46pC,phlunt5HJ3fBcZXrezlHN
kmw0hLgEW7ksNV8qG46pC,L34snMa-YMz_jT9erQqe2
RH9AR8n43Lu_v5ZEFxyio,iW3M5z9QsfI5jnVSJjr5j
RH9AR8n43Lu_v5ZEFxyio,phlunt5HJ3fBcZXrezlHN
RH9AR8n43Lu_v5ZEFxyio,Uzldz52slOyT_7tD9MSW3
7U-mFGZ9Z3lKJ4CWBon2O,ncFeNw-5M4iGoDD-A8hBH
7U-mFGZ9Z3lKJ4CWBon2O,iW3M5z9QsfI5jnVSJjr5j
7U-mFGZ9Z3lKJ4CWBon2O,-Q1NyL2hihfCdselYbnjo
C_ZkHXOdsQ2rBlW0CRqLX,iW3M5z9QsfI5jnVSJjr5j
C_ZkHXOdsQ2rBlW0CRqLX,phlunt5HJ3fBcZXrezlHN
C_ZkHXOdsQ2rBlW0CRqLX,Uzldz52slOyT_7tD9MSW3
_vcs_VpVmGXqeXyWQYCFx,n0OLj1cQnnbM3n-2eOzCj
_vcs_VpVmGXqeXyWQYCFx,mE5Zf1AWhRKDQNHC_NsmV
_vcs_VpVmGXqeXyWQYCFx,F72UQSSv5qnV6dGq2o8t-
qHJ9115jajxVVqO5wDIsA,F72UQSSv5qnV6dGq2o8t-
qHJ9115jajxVVqO5wDIsA,L34snMa-YMz_jT9erQqe2
qHJ9115jajxVVqO5wDIsA,phlunt5HJ3fBcZXrezlHN
q6MkZAoEHUN10KaTckroR,PFEwpbxaA9UrKET8fDnAt
q6MkZAoEHUN10KaTckroR,n0OLj1cQnnbM3n-2eOzCj
q6MkZAoEHUN10KaTckroR,iW3M5z9QsfI5jnVSJjr5j
fKTKX8mKQRzVBXO2tK3Fj,L34snMa-YMz_jT9erQqe2
fKTKX8mKQRzVBXO2tK3Fj,iW3M5z9QsfI5jnVSJjr5j
fKTKX8mKQRzVBXO2tK3Fj,phlunt5HJ3fBcZXrezlHN
k5nWIH-Qsm2VkaPTIhwcR,phlunt5HJ3fBcZXrezlHN
k5nWIH-Qsm2VkaPTIhwcR,PFEwpbxaA9UrKET8fDnAt
k5nWIH-Qsm2VkaPTIhwcR,n0OLj1cQnnbM3n-2eOzCj
yMa-ZxemlJIGPmhh_UBJK,Uzldz52slOyT_7tD9MSW3
yMa-ZxemlJIGPmhh_UBJK,phlunt5HJ3fBcZXrezlHN
hsFvRBxuW_4_CDE4lCEEx,iW3M5z9QsfI5jnVSJjr5j
hsFvRBxuW_4_CDE4lCEEx,L34snMa-YMz_jT9erQqe2
hsFvRBxuW_4_CDE4lCEEx,Uzldz52slOyT_7tD9MSW3
hsFvRBxuW_4_CDE4lCEEx,n0OLj1cQnnbM3n-2eOzCj
wgxQIi4HrLn0Wl3thOcha,n0OLj1cQnnbM3n-2eOzCj
wgxQIi4HrLn0Wl3thOcha,phlunt5HJ3fBcZXrezlHN
wgxQIi4HrLn0Wl3thOcha,L34snMa-YMz_jT9erQqe2
GS9_MAu1SD0c34b6_6zQw,F72UQSSv5qnV6dGq2o8t-
GS9_MAu1SD0c34b6_6zQw,iW3M5z9QsfI5jnVSJjr5j
GS9_MAu1SD0c34b6_6zQw,phlunt5HJ3fBcZXrezlHN
8odrM3bzPXX0tvBJf0UyX,Uzldz52slOyT_7tD9MSW3
8odrM3bzPXX0tvBJf0UyX,phlunt5HJ3fBcZXrezlHN
8odrM3bzPXX0tvBJf0UyX,n0OLj1cQnnbM3n-2eOzCj
vb2T0OEM-Ir4ZbDdzPgLb,iW3M5z9QsfI5jnVSJjr5j
vb2T0OEM-Ir4ZbDdzPgLb,phlunt5HJ3fBcZXrezlHN
vb2T0OEM-Ir4ZbDdzPgLb,Uzldz52slOyT_7tD9MSW3
NvzR-_FN3ptmY1UKUA78j,F72UQSSv5qnV6dGq2o8t-
NvzR-_FN3ptmY1UKUA78j,L34snMa-YMz_jT9erQqe2
NvzR-_FN3ptmY1UKUA78j,Uzldz52slOyT_7tD9MSW3
NvzR-_FN3ptmY1UKUA78j,phlunt5HJ3fBcZXrezlHN
fXTetn7T40MRIAOTIQvZE,F72UQSSv5qnV6dGq2o8t-
fXTetn7T40MRIAOTIQvZE,KcVqSqCqpBoUqNfNlAkE7
fXTetn7T40MRIAOTIQvZE,PFEwpbxaA9UrKET8fDnAt
fXTetn7T40MRIAOTIQvZE,mE5Zf1AWhRKDQNHC_NsmV
I7i3GPtAnwZYXsjKBym1-,2bdRQFIcZXrYbhxeWeffc
I7i3GPtAnwZYXsjKBym1-,n0OLj1cQnnbM3n-2eOzCj
I7i3GPtAnwZYXsjKBym1-,L34snMa-YMz_jT9erQqe2
ZpyXpuwTvTnQ5gvSv6zGT,iW3M5z9QsfI5jnVSJjr5j
ZpyXpuwTvTnQ5gvSv6zGT,phlunt5HJ3fBcZXrezlHN
ZpyXpuwTvTnQ5gvSv6zGT,l9bkiReXBvPDuJX6TdvDu
ZncBMkv3PXFu5y5UVCCvf,phlunt5HJ3fBcZXrezlHN
ZncBMkv3PXFu5y5UVCCvf,F72UQSSv5qnV6dGq2o8t-
OvUJMy8JdOIgLKtxsN2de,F72UQSSv5qnV6dGq2o8t-
OvUJMy8JdOIgLKtxsN2de,iW3M5z9QsfI5jnVSJjr5j
OvUJMy8JdOIgLKtxsN2de,phlunt5HJ3fBcZXrezlHN
EUY9LRlaY7A-MGf4awPgq,phlunt5HJ3fBcZXrezlHN
EUY9LRlaY7A-MGf4awPgq,Uzldz52slOyT_7tD9MSW3
Z10WOcBhZHZgyWh-rdvxo,iW3M5z9QsfI5jnVSJjr5j
Z10WOcBhZHZgyWh-rdvxo,phlunt5HJ3fBcZXrezlHN
Z10WOcBhZHZgyWh-rdvxo,L34snMa-YMz_jT9erQqe2
YsuUaUFhbff2y1TZP6hRj,n0OLj1cQnnbM3n-2eOzCj
YsuUaUFhbff2y1TZP6hRj,phlunt5HJ3fBcZXrezlHN
YsuUaUFhbff2y1TZP6hRj,L34snMa-YMz_jT9erQqe2
kbBUzUNhCOIQP6nVz4QOQ,F72UQSSv5qnV6dGq2o8t-
kbBUzUNhCOIQP6nVz4QOQ,phlunt5HJ3fBcZXrezlHN
kbBUzUNhCOIQP6nVz4QOQ,Uzldz52slOyT_7tD9MSW3
lI8l-Dn-rr45PKbot-Te3,F72UQSSv5qnV6dGq2o8t-
lI8l-Dn-rr45PKbot-Te3,iW3M5z9QsfI5jnVSJjr5j
lI8l-Dn-rr45PKbot-Te3,phlunt5HJ3fBcZXrezlHN
LVgp6QVrq1gHM8AeTsvg7,n0OLj1cQnnbM3n-2eOzCj
LVgp6QVrq1gHM8AeTsvg7,PFEwpbxaA9UrKET8fDnAt
LVgp6QVrq1gHM8AeTsvg7,phlunt5HJ3fBcZXrezlHN
MJeDndIsj7BqRIg-iCJr3,L34snMa-YMz_jT9erQqe2
MJeDndIsj7BqRIg-iCJr3,iW3M5z9QsfI5jnVSJjr5j
euFmqt4q-rqxqmIOVN4EL,iW3M5z9QsfI5jnVSJjr5j
euFmqt4q-rqxqmIOVN4EL,phlunt5HJ3fBcZXrezlHN
euFmqt4q-rqxqmIOVN4EL,L34snMa-YMz_jT9erQqe2
WIWb6DuoTC4MWG0kEo1aK,Uzldz52slOyT_7tD9MSW3
WIWb6DuoTC4MWG0kEo1aK,phlunt5HJ3fBcZXrezlHN
WIWb6DuoTC4MWG0kEo1aK,PFEwpbxaA9UrKET8fDnAt
_6xTqi6glh1EV_E-iNxd9,n0OLj1cQnnbM3n-2eOzCj
_6xTqi6glh1EV_E-iNxd9,L34snMa-YMz_jT9erQqe2
_6xTqi6glh1EV_E-iNxd9,phlunt5HJ3fBcZXrezlHN
_6xTqi6glh1EV_E-iNxd9,2bdRQFIcZXrYbhxeWeffc
_6xTqi6glh1EV_E-iNxd9,Uzldz52slOyT_7tD9MSW3
SLwOQsZYlv9_qB_vaWlUw,F72UQSSv5qnV6dGq2o8t-
SLwOQsZYlv9_qB_vaWlUw,iW3M5z9QsfI5jnVSJjr5j
SLwOQsZYlv9_qB_vaWlUw,phlunt5HJ3fBcZXrezlHN
SLwOQsZYlv9_qB_vaWlUw,-Q1NyL2hihfCdselYbnjo
SLwOQsZYlv9_qB_vaWlUw,ncFeNw-5M4iGoDD-A8hBH
SLwOQsZYlv9_qB_vaWlUw,Uzldz52slOyT_7tD9MSW3
bhM9f4QRYPM_LBzDyMvww,F72UQSSv5qnV6dGq2o8t-
bhM9f4QRYPM_LBzDyMvww,n0OLj1cQnnbM3n-2eOzCj
bhM9f4QRYPM_LBzDyMvww,L34snMa-YMz_jT9erQqe2
ExoUBJ2iHmDSfU2y6kW3d,iW3M5z9QsfI5jnVSJjr5j
ExoUBJ2iHmDSfU2y6kW3d,phlunt5HJ3fBcZXrezlHN
tLykE_ScSsZtEZUXjjPsT,n0OLj1cQnnbM3n-2eOzCj
tLykE_ScSsZtEZUXjjPsT,phlunt5HJ3fBcZXrezlHN
tLykE_ScSsZtEZUXjjPsT,tqy6nsKbGDANBHHt7CQaG
2BGK5UdyV_2kpmc9yTLe1,Uzldz52slOyT_7tD9MSW3
2BGK5UdyV_2kpmc9yTLe1,phlunt5HJ3fBcZXrezlHN
cnHu1nwlmuYehWSYMtw2q,n0OLj1cQnnbM3n-2eOzCj
cnHu1nwlmuYehWSYMtw2q,mE5Zf1AWhRKDQNHC_NsmV
cnHu1nwlmuYehWSYMtw2q,F72UQSSv5qnV6dGq2o8t-
85YBKyL5iCsNgVwrdCnJt,iW3M5z9QsfI5jnVSJjr5j
85YBKyL5iCsNgVwrdCnJt,L34snMa-YMz_jT9erQqe2
85YBKyL5iCsNgVwrdCnJt,F72UQSSv5qnV6dGq2o8t-
UV6OkNXKiZS_Bz0NVBoP3,F72UQSSv5qnV6dGq2o8t-
UV6OkNXKiZS_Bz0NVBoP3,iW3M5z9QsfI5jnVSJjr5j
UV6OkNXKiZS_Bz0NVBoP3,phlunt5HJ3fBcZXrezlHN
9Dw2U5-CKXBqp_eE4IBXR,ncFeNw-5M4iGoDD-A8hBH
9Dw2U5-CKXBqp_eE4IBXR,iW3M5z9QsfI5jnVSJjr5j
9Dw2U5-CKXBqp_eE4IBXR,n0OLj1cQnnbM3n-2eOzCj
m-5zWboEPpwExgW7cRkFR,Uzldz52slOyT_7tD9MSW3
m-5zWboEPpwExgW7cRkFR,phlunt5HJ3fBcZXrezlHN
0YBnJXlkH1Vtl62x2g1Cu,PFEwpbxaA9UrKET8fDnAt
0YBnJXlkH1Vtl62x2g1Cu,Uzldz52slOyT_7tD9MSW3
0YBnJXlkH1Vtl62x2g1Cu,n0OLj1cQnnbM3n-2eOzCj
VdUGR2HUIdiAJZq_DkZo5,n0OLj1cQnnbM3n-2eOzCj
VdUGR2HUIdiAJZq_DkZo5,2bdRQFIcZXrYbhxeWeffc
VdUGR2HUIdiAJZq_DkZo5,L34snMa-YMz_jT9erQqe2
-R9iIJ8WIKmSWwkG6_NcN,F72UQSSv5qnV6dGq2o8t-
-R9iIJ8WIKmSWwkG6_NcN,L34snMa-YMz_jT9erQqe2
-R9iIJ8WIKmSWwkG6_NcN,iW3M5z9QsfI5jnVSJjr5j
-R9iIJ8WIKmSWwkG6_NcN,ncFeNw-5M4iGoDD-A8hBH
wn138qTNkIZqLvVM9aexM,F72UQSSv5qnV6dGq2o8t-
wn138qTNkIZqLvVM9aexM,n0OLj1cQnnbM3n-2eOzCj
wn138qTNkIZqLvVM9aexM,L34snMa-YMz_jT9erQqe2
xvJ_5Ad1ZwrclsyXg_COM,F72UQSSv5qnV6dGq2o8t-
xvJ_5Ad1ZwrclsyXg_COM,iW3M5z9QsfI5jnVSJjr5j
xvJ_5Ad1ZwrclsyXg_COM,L34snMa-YMz_jT9erQqe2
xvJ_5Ad1ZwrclsyXg_COM,phlunt5HJ3fBcZXrezlHN
yagVe61COnhMHFzyB_9JL,L34snMa-YMz_jT9erQqe2
yagVe61COnhMHFzyB_9JL,iW3M5z9QsfI5jnVSJjr5j
00IGE030LjOTsLbEFLSsG,F72UQSSv5qnV6dGq2o8t-
00IGE030LjOTsLbEFLSsG,n0OLj1cQnnbM3n-2eOzCj
00IGE030LjOTsLbEFLSsG,phlunt5HJ3fBcZXrezlHN
ycoYLnlC0FWR3oIIIcvWi,F72UQSSv5qnV6dGq2o8t-
ycoYLnlC0FWR3oIIIcvWi,PFEwpbxaA9UrKET8fDnAt
ycoYLnlC0FWR3oIIIcvWi,iW3M5z9QsfI5jnVSJjr5j
KdxKeyLxLBjen_6Pgr6lq,n0OLj1cQnnbM3n-2eOzCj
KdxKeyLxLBjen_6Pgr6lq,tqy6nsKbGDANBHHt7CQaG
KdxKeyLxLBjen_6Pgr6lq,phlunt5HJ3fBcZXrezlHN
uR3CUp6C2qx4QdFoQ1GV_,n0OLj1cQnnbM3n-2eOzCj
uR3CUp6C2qx4QdFoQ1GV_,Uzldz52slOyT_7tD9MSW3
uR3CUp6C2qx4QdFoQ1GV_,phlunt5HJ3fBcZXrezlHN
LavH5Hcxc6MWOplX7jVeZ,F72UQSSv5qnV6dGq2o8t-
LavH5Hcxc6MWOplX7jVeZ,iW3M5z9QsfI5jnVSJjr5j
LavH5Hcxc6MWOplX7jVeZ,phlunt5HJ3fBcZXrezlHN
LavH5Hcxc6MWOplX7jVeZ,-5F1wQ50bue4PA2khE3sM
p1jobmyAvFeSIYVQgqclA,F72UQSSv5qnV6dGq2o8t-
p1jobmyAvFeSIYVQgqclA,phlunt5HJ3fBcZXrezlHN
p1jobmyAvFeSIYVQgqclA,iW3M5z9QsfI5jnVSJjr5j
9uYrRlfLgS-sxkGzKRTNf,-5F1wQ50bue4PA2khE3sM
9uYrRlfLgS-sxkGzKRTNf,iW3M5z9QsfI5jnVSJjr5j
fMyAJJ-Ht-vDbcNSe2BmE,Uzldz52slOyT_7tD9MSW3
fMyAJJ-Ht-vDbcNSe2BmE,n0OLj1cQnnbM3n-2eOzCj
QwsGl3IQqAF1W8yBzAr53,F72UQSSv5qnV6dGq2o8t-
QwsGl3IQqAF1W8yBzAr53,KcVqSqCqpBoUqNfNlAkE7
QwsGl3IQqAF1W8yBzAr53,mE5Zf1AWhRKDQNHC_NsmV
1274RDyd188idXUhnAv_M,iW3M5z9QsfI5jnVSJjr5j
1274RDyd188idXUhnAv_M,phlunt5HJ3fBcZXrezlHN
1274RDyd188idXUhnAv_M,Uzldz52slOyT_7tD9MSW3
9cqcPykwxt3173HynRwPm,phlunt5HJ3fBcZXrezlHN
9cqcPykwxt3173HynRwPm,n0OLj1cQnnbM3n-2eOzCj
0JKGvQRDNX8geZFRdLnfC,iW3M5z9QsfI5jnVSJjr5j
0JKGvQRDNX8geZFRdLnfC,phlunt5HJ3fBcZXrezlHN
0JKGvQRDNX8geZFRdLnfC,F72UQSSv5qnV6dGq2o8t-
0JKGvQRDNX8geZFRdLnfC,Uzldz52slOyT_7tD9MSW3
uvOcsfx42SERj3cSAH1mm,L34snMa-YMz_jT9erQqe2
uvOcsfx42SERj3cSAH1mm,iW3M5z9QsfI5jnVSJjr5j
uvOcsfx42SERj3cSAH1mm,phlunt5HJ3fBcZXrezlHN
uvOcsfx42SERj3cSAH1mm,-5F1wQ50bue4PA2khE3sM
14_pSEzI2bj-PokP39RNi,n0OLj1cQnnbM3n-2eOzCj
14_pSEzI2bj-PokP39RNi,phlunt5HJ3fBcZXrezlHN
14_pSEzI2bj-PokP39RNi,2bdRQFIcZXrYbhxeWeffc
14_pSEzI2bj-PokP39RNi,iW3M5z9QsfI5jnVSJjr5j
1BLKUvHtiPe7zHXyv2QBN,F72UQSSv5qnV6dGq2o8t-
1BLKUvHtiPe7zHXyv2QBN,phlunt5HJ3fBcZXrezlHN
1BLKUvHtiPe7zHXyv2QBN,-5F1wQ50bue4PA2khE3sM
EieCWihSzNuXqKw1lHprZ,2bdRQFIcZXrYbhxeWeffc
EieCWihSzNuXqKw1lHprZ,n0OLj1cQnnbM3n-2eOzCj
EieCWihSzNuXqKw1lHprZ,mE5Zf1AWhRKDQNHC_NsmV
nzn4RT6-bLiQ6kBfa3Qi6,F72UQSSv5qnV6dGq2o8t-
nzn4RT6-bLiQ6kBfa3Qi6,n0OLj1cQnnbM3n-2eOzCj
nzn4RT6-bLiQ6kBfa3Qi6,mE5Zf1AWhRKDQNHC_NsmV
1uNAT6sjZVRwvh0su6o4C,iW3M5z9QsfI5jnVSJjr5j
1uNAT6sjZVRwvh0su6o4C,L34snMa-YMz_jT9erQqe2
1uNAT6sjZVRwvh0su6o4C,F72UQSSv5qnV6dGq2o8t-
K8OtrbvxStaLA2Au8KuyQ,phlunt5HJ3fBcZXrezlHN
K8OtrbvxStaLA2Au8KuyQ,Uzldz52slOyT_7tD9MSW3
fsx0iIBnJ5wWQKw0lqvtJ,PFEwpbxaA9UrKET8fDnAt
fsx0iIBnJ5wWQKw0lqvtJ,n0OLj1cQnnbM3n-2eOzCj
fsx0iIBnJ5wWQKw0lqvtJ,iW3M5z9QsfI5jnVSJjr5j
BnQBIpf3ZprXvcGLL85ql,n0OLj1cQnnbM3n-2eOzCj
BnQBIpf3ZprXvcGLL85ql,PFEwpbxaA9UrKET8fDnAt
BnQBIpf3ZprXvcGLL85ql,phlunt5HJ3fBcZXrezlHN
BnQBIpf3ZprXvcGLL85ql,2bdRQFIcZXrYbhxeWeffc
WF-veiUZF6IaHYg1QvSY4,F72UQSSv5qnV6dGq2o8t-
WF-veiUZF6IaHYg1QvSY4,KcVqSqCqpBoUqNfNlAkE7
WF-veiUZF6IaHYg1QvSY4,mE5Zf1AWhRKDQNHC_NsmV
WF-veiUZF6IaHYg1QvSY4,L34snMa-YMz_jT9erQqe2
hT0AJ2YYw8WwlZqWqNAB1,phlunt5HJ3fBcZXrezlHN
hT0AJ2YYw8WwlZqWqNAB1,n0OLj1cQnnbM3n-2eOzCj
_o7Tz8J_pQ_EhBWlRywWt,iW3M5z9QsfI5jnVSJjr5j
_o7Tz8J_pQ_EhBWlRywWt,L34snMa-YMz_jT9erQqe2
_o7Tz8J_pQ_EhBWlRywWt,F72UQSSv5qnV6dGq2o8t-
4DL9WA5NHrcg0jsz8zhAa,n0OLj1cQnnbM3n-2eOzCj
4DL9WA5NHrcg0jsz8zhAa,mE5Zf1AWhRKDQNHC_NsmV
4DL9WA5NHrcg0jsz8zhAa,L34snMa-YMz_jT9erQqe2
B2NqyPDWtEMP5BqX8znSG,F72UQSSv5qnV6dGq2o8t-
B2NqyPDWtEMP5BqX8znSG,mE5Zf1AWhRKDQNHC_NsmV
B2NqyPDWtEMP5BqX8znSG,n0OLj1cQnnbM3n-2eOzCj
B2NqyPDWtEMP5BqX8znSG,Uzldz52slOyT_7tD9MSW3
Uk9yTG7LOC4BjdV-zo5fN,l9bkiReXBvPDuJX6TdvDu
Uk9yTG7LOC4BjdV-zo5fN,F72UQSSv5qnV6dGq2o8t-
9ahAClJL_O515QF0-EC6Q,F72UQSSv5qnV6dGq2o8t-
9ahAClJL_O515QF0-EC6Q,n0OLj1cQnnbM3n-2eOzCj
9ahAClJL_O515QF0-EC6Q,mE5Zf1AWhRKDQNHC_NsmV
9ahAClJL_O515QF0-EC6Q,iW3M5z9QsfI5jnVSJjr5j
yRA6N7exVSCRpX6HFBuQz,F72UQSSv5qnV6dGq2o8t-
yRA6N7exVSCRpX6HFBuQz,n0OLj1cQnnbM3n-2eOzCj
yRA6N7exVSCRpX6HFBuQz,Uzldz52slOyT_7tD9MSW3
yRA6N7exVSCRpX6HFBuQz,ncFeNw-5M4iGoDD-A8hBH
yRA6N7exVSCRpX6HFBuQz,PFEwpbxaA9UrKET8fDnAt
0KtkmVE3758E9ocrp-wEj,F72UQSSv5qnV6dGq2o8t-
0KtkmVE3758E9ocrp-wEj,n0OLj1cQnnbM3n-2eOzCj
0KtkmVE3758E9ocrp-wEj,phlunt5HJ3fBcZXrezlHN
W4J8Lvoabf65iUxvYXntw,n0OLj1cQnnbM3n-2eOzCj
W4J8Lvoabf65iUxvYXntw,mE5Zf1AWhRKDQNHC_NsmV
W4J8Lvoabf65iUxvYXntw,F72UQSSv5qnV6dGq2o8t-
f0svRDreHMuYrGSEwZ0_n,n0OLj1cQnnbM3n-2eOzCj
f0svRDreHMuYrGSEwZ0_n,mE5Zf1AWhRKDQNHC_NsmV
f0svRDreHMuYrGSEwZ0_n,F72UQSSv5qnV6dGq2o8t-
gD3tuAp_vkZ8RXQla0xuq,L34snMa-YMz_jT9erQqe2
gD3tuAp_vkZ8RXQla0xuq,iW3M5z9QsfI5jnVSJjr5j
gD3tuAp_vkZ8RXQla0xuq,phlunt5HJ3fBcZXrezlHN
qNDXTnvzkNZiLF7imP7Us,Uzldz52slOyT_7tD9MSW3
qNDXTnvzkNZiLF7imP7Us,F72UQSSv5qnV6dGq2o8t-
7rMunTdBVGlOJr1drLkRV,F72UQSSv5qnV6dGq2o8t-
7rMunTdBVGlOJr1drLkRV,PFEwpbxaA9UrKET8fDnAt
7rMunTdBVGlOJr1drLkRV,iW3M5z9QsfI5jnVSJjr5j
bpHp_RTHGJ5YAR4Jsy_DE,F72UQSSv5qnV6dGq2o8t-
bpHp_RTHGJ5YAR4Jsy_DE,PFEwpbxaA9UrKET8fDnAt
bpHp_RTHGJ5YAR4Jsy_DE,phlunt5HJ3fBcZXrezlHN
TfBkMkVPi8fiK2ggmYmxH,F72UQSSv5qnV6dGq2o8t-
TfBkMkVPi8fiK2ggmYmxH,n0OLj1cQnnbM3n-2eOzCj
1ZsI0xZP6hfdBm9WYRz_v,PFEwpbxaA9UrKET8fDnAt
1ZsI0xZP6hfdBm9WYRz_v,n0OLj1cQnnbM3n-2eOzCj
1ZsI0xZP6hfdBm9WYRz_v,Uzldz52slOyT_7tD9MSW3
SRyKpqzkVUSU22ncKcy4L,2bdRQFIcZXrYbhxeWeffc
SRyKpqzkVUSU22ncKcy4L,n0OLj1cQnnbM3n-2eOzCj
SRyKpqzkVUSU22ncKcy4L,mE5Zf1AWhRKDQNHC_NsmV
otjY8J7Q0fY5X5AdMtfjx,ncFeNw-5M4iGoDD-A8hBH
otjY8J7Q0fY5X5AdMtfjx,iW3M5z9QsfI5jnVSJjr5j
otjY8J7Q0fY5X5AdMtfjx,F72UQSSv5qnV6dGq2o8t-
reBd4QoW9Kng59JSz8xvy,iW3M5z9QsfI5jnVSJjr5j
reBd4QoW9Kng59JSz8xvy,L34snMa-YMz_jT9erQqe2
reBd4QoW9Kng59JSz8xvy,phlunt5HJ3fBcZXrezlHN
oIXA-YOiHoS_HBimBSXzt,F72UQSSv5qnV6dGq2o8t-
oIXA-YOiHoS_HBimBSXzt,n0OLj1cQnnbM3n-2eOzCj
oIXA-YOiHoS_HBimBSXzt,L34snMa-YMz_jT9erQqe2
k0JlCktBkc1EMymaUHety,n0OLj1cQnnbM3n-2eOzCj
k0JlCktBkc1EMymaUHety,PFEwpbxaA9UrKET8fDnAt
UlZmWAm8HEJfMlnwoisuR,L34snMa-YMz_jT9erQqe2
UlZmWAm8HEJfMlnwoisuR,iW3M5z9QsfI5jnVSJjr5j
-REoPGwwW6VsI6ZWzEM1Q,F72UQSSv5qnV6dGq2o8t-
-REoPGwwW6VsI6ZWzEM1Q,n0OLj1cQnnbM3n-2eOzCj
-REoPGwwW6VsI6ZWzEM1Q,Uzldz52slOyT_7tD9MSW3
NAoFtZ8xAmsDhBDKHO3Mr,phlunt5HJ3fBcZXrezlHN
NAoFtZ8xAmsDhBDKHO3Mr,tqy6nsKbGDANBHHt7CQaG
4gh5SMfFM460zy-FvgEZF,n0OLj1cQnnbM3n-2eOzCj
4gh5SMfFM460zy-FvgEZF,2bdRQFIcZXrYbhxeWeffc
4gh5SMfFM460zy-FvgEZF,phlunt5HJ3fBcZXrezlHN
4gh5SMfFM460zy-FvgEZF,Uzldz52slOyT_7tD9MSW3
GBzxi_4JmzG5H0HmSHwuU,n0OLj1cQnnbM3n-2eOzCj
GBzxi_4JmzG5H0HmSHwuU,mE5Zf1AWhRKDQNHC_NsmV
GBzxi_4JmzG5H0HmSHwuU,iW3M5z9QsfI5jnVSJjr5j
sqG0sx5K8V9tG52R10x2y,F72UQSSv5qnV6dGq2o8t-
sqG0sx5K8V9tG52R10x2y,phlunt5HJ3fBcZXrezlHN
sqG0sx5K8V9tG52R10x2y,Uzldz52slOyT_7tD9MSW3
QVD4PqhSMmjJD4KxP9m03,mE5Zf1AWhRKDQNHC_NsmV
QVD4PqhSMmjJD4KxP9m03,n0OLj1cQnnbM3n-2eOzCj
QVD4PqhSMmjJD4KxP9m03,F72UQSSv5qnV6dGq2o8t-
7TGNJqu6kJKiJHGIAReyt,F72UQSSv5qnV6dGq2o8t-
7TGNJqu6kJKiJHGIAReyt,Uzldz52slOyT_7tD9MSW3
7TGNJqu6kJKiJHGIAReyt,phlunt5HJ3fBcZXrezlHN
7TGNJqu6kJKiJHGIAReyt,iW3M5z9QsfI5jnVSJjr5j
g2DZDi-AFRfIaCXgneN8J,F72UQSSv5qnV6dGq2o8t-
g2DZDi-AFRfIaCXgneN8J,n0OLj1cQnnbM3n-2eOzCj
g2DZDi-AFRfIaCXgneN8J,Uzldz52slOyT_7tD9MSW3
g2DZDi-AFRfIaCXgneN8J,ncFeNw-5M4iGoDD-A8hBH
g2DZDi-AFRfIaCXgneN8J,PFEwpbxaA9UrKET8fDnAt
YO3DEH-dx0horPuQzGiLJ,F72UQSSv5qnV6dGq2o8t-
YO3DEH-dx0horPuQzGiLJ,n0OLj1cQnnbM3n-2eOzCj
YO3DEH-dx0horPuQzGiLJ,phlunt5HJ3fBcZXrezlHN
1ZruE2sHV7C0RMYbfOZYU,F72UQSSv5qnV6dGq2o8t-
1ZruE2sHV7C0RMYbfOZYU,-5F1wQ50bue4PA2khE3sM
1ZruE2sHV7C0RMYbfOZYU,phlunt5HJ3fBcZXrezlHN
3sYSs4F1iuu26zGR3DB8y,iW3M5z9QsfI5jnVSJjr5j
3sYSs4F1iuu26zGR3DB8y,phlunt5HJ3fBcZXrezlHN
3sYSs4F1iuu26zGR3DB8y,L34snMa-YMz_jT9erQqe2
uzSO__eCGZHvL5O759F8t,iW3M5z9QsfI5jnVSJjr5j
uzSO__eCGZHvL5O759F8t,phlunt5HJ3fBcZXrezlHN
uzSO__eCGZHvL5O759F8t,PFEwpbxaA9UrKET8fDnAt
ln3Evay6mosKFXAuMTrcG,phlunt5HJ3fBcZXrezlHN
ln3Evay6mosKFXAuMTrcG,Uzldz52slOyT_7tD9MSW3
aEUV3oGZEg9IhVxfn1tPc,phlunt5HJ3fBcZXrezlHN
aEUV3oGZEg9IhVxfn1tPc,n0OLj1cQnnbM3n-2eOzCj
CYaCWd8qaH_o6jGQywP0h,phlunt5HJ3fBcZXrezlHN
CYaCWd8qaH_o6jGQywP0h,Uzldz52slOyT_7tD9MSW3
U4_5AGaHXsOb3rT4e57-F,phlunt5HJ3fBcZXrezlHN
U4_5AGaHXsOb3rT4e57-F,n0OLj1cQnnbM3n-2eOzCj
U4_5AGaHXsOb3rT4e57-F,mE5Zf1AWhRKDQNHC_NsmV
02Nnvcw7BvmiWzMKSopWu,F72UQSSv5qnV6dGq2o8t-
02Nnvcw7BvmiWzMKSopWu,PFEwpbxaA9UrKET8fDnAt
02Nnvcw7BvmiWzMKSopWu,iW3M5z9QsfI5jnVSJjr5j
-Kqo8eP6ux1NEE4-7Y7gp,iW3M5z9QsfI5jnVSJjr5j
-Kqo8eP6ux1NEE4-7Y7gp,L34snMa-YMz_jT9erQqe2
8sw-SOzoqQLolMDhg838a,ncFeNw-5M4iGoDD-A8hBH
8sw-SOzoqQLolMDhg838a,L34snMa-YMz_jT9erQqe2
8sw-SOzoqQLolMDhg838a,Uzldz52slOyT_7tD9MSW3
8sw-SOzoqQLolMDhg838a,-Q1NyL2hihfCdselYbnjo
PfrpB20SFxh6y7FHi9bji,n0OLj1cQnnbM3n-2eOzCj
PfrpB20SFxh6y7FHi9bji,mE5Zf1AWhRKDQNHC_NsmV
PfrpB20SFxh6y7FHi9bji,L34snMa-YMz_jT9erQqe2
MLq46qtvAIQk34jYGpI5d,L34snMa-YMz_jT9erQqe2
MLq46qtvAIQk34jYGpI5d,n0OLj1cQnnbM3n-2eOzCj
MLq46qtvAIQk34jYGpI5d,phlunt5HJ3fBcZXrezlHN
Dk5dktQClbxDMBCRiwZiF,F72UQSSv5qnV6dGq2o8t-
Dk5dktQClbxDMBCRiwZiF,iW3M5z9QsfI5jnVSJjr5j
Dk5dktQClbxDMBCRiwZiF,phlunt5HJ3fBcZXrezlHN
lsoMpxZaEMJHk2Iq4ml_V,L34snMa-YMz_jT9erQqe2
lsoMpxZaEMJHk2Iq4ml_V,iW3M5z9QsfI5jnVSJjr5j
Qid-r-J-1W9MZUypVdML0,ncFeNw-5M4iGoDD-A8hBH
Qid-r-J-1W9MZUypVdML0,iW3M5z9QsfI5jnVSJjr5j
Qid-r-J-1W9MZUypVdML0,phlunt5HJ3fBcZXrezlHN
Qid-r-J-1W9MZUypVdML0,Uzldz52slOyT_7tD9MSW3
2zLonKTyd8SeyUMZD6sou,n0OLj1cQnnbM3n-2eOzCj
2zLonKTyd8SeyUMZD6sou,mE5Zf1AWhRKDQNHC_NsmV
2zLonKTyd8SeyUMZD6sou,L34snMa-YMz_jT9erQqe2
NgYswC1TMJo9RUGa_v8H1,n0OLj1cQnnbM3n-2eOzCj
NgYswC1TMJo9RUGa_v8H1,phlunt5HJ3fBcZXrezlHN
fY8tU4Nor24S_f-Sg_GAP,n0OLj1cQnnbM3n-2eOzCj
fY8tU4Nor24S_f-Sg_GAP,PFEwpbxaA9UrKET8fDnAt
fY8tU4Nor24S_f-Sg_GAP,phlunt5HJ3fBcZXrezlHN
fY8tU4Nor24S_f-Sg_GAP,Uzldz52slOyT_7tD9MSW3
fY8tU4Nor24S_f-Sg_GAP,l9bkiReXBvPDuJX6TdvDu
JSbLTvfkTi2xd_MrHjWR7,iW3M5z9QsfI5jnVSJjr5j
JSbLTvfkTi2xd_MrHjWR7,phlunt5HJ3fBcZXrezlHN
JSbLTvfkTi2xd_MrHjWR7,L34snMa-YMz_jT9erQqe2
ilnHCoZUg8eHlm3ms5hqf,iW3M5z9QsfI5jnVSJjr5j
ilnHCoZUg8eHlm3ms5hqf,phlunt5HJ3fBcZXrezlHN
ilnHCoZUg8eHlm3ms5hqf,-Q1NyL2hihfCdselYbnjo
ilnHCoZUg8eHlm3ms5hqf,Uzldz52slOyT_7tD9MSW3
s7OLHw3-4aZqxUBtGEln_,n0OLj1cQnnbM3n-2eOzCj
s7OLHw3-4aZqxUBtGEln_,mE5Zf1AWhRKDQNHC_NsmV
s7OLHw3-4aZqxUBtGEln_,2bdRQFIcZXrYbhxeWeffc
s7OLHw3-4aZqxUBtGEln_,L34snMa-YMz_jT9erQqe2
C-MomnNxODCHyL-l8LJ-W,PFEwpbxaA9UrKET8fDnAt
C-MomnNxODCHyL-l8LJ-W,F72UQSSv5qnV6dGq2o8t-
bmUAgzsnPc9e4frcc5bXq,phlunt5HJ3fBcZXrezlHN
bmUAgzsnPc9e4frcc5bXq,Uzldz52slOyT_7tD9MSW3
jlCb4jO-8gkAOzvVXZbhA,L34snMa-YMz_jT9erQqe2
jlCb4jO-8gkAOzvVXZbhA,iW3M5z9QsfI5jnVSJjr5j
9LsfKIqxYoninV0mgmRTX,F72UQSSv5qnV6dGq2o8t-
9LsfKIqxYoninV0mgmRTX,mE5Zf1AWhRKDQNHC_NsmV
9LsfKIqxYoninV0mgmRTX,ncFeNw-5M4iGoDD-A8hBH
9LsfKIqxYoninV0mgmRTX,Uzldz52slOyT_7tD9MSW3
QE4Amjh2wSTt33UbLKVBQ,phlunt5HJ3fBcZXrezlHN
QE4Amjh2wSTt33UbLKVBQ,iW3M5z9QsfI5jnVSJjr5j
AcLXyq1wlMihk7xMWg73R,ncFeNw-5M4iGoDD-A8hBH
AcLXyq1wlMihk7xMWg73R,iW3M5z9QsfI5jnVSJjr5j
_u9sKgxaRNQPsoQ83mhLZ,mE5Zf1AWhRKDQNHC_NsmV
_u9sKgxaRNQPsoQ83mhLZ,L34snMa-YMz_jT9erQqe2
_u9sKgxaRNQPsoQ83mhLZ,iW3M5z9QsfI5jnVSJjr5j
MRdA016daImL8JjS6ADHG,ncFeNw-5M4iGoDD-A8hBH
MRdA016daImL8JjS6ADHG,iW3M5z9QsfI5jnVSJjr5j
MRdA016daImL8JjS6ADHG,phlunt5HJ3fBcZXrezlHN
eFM6Jwe35oWoXFOWPwFc1,F72UQSSv5qnV6dGq2o8t-
eFM6Jwe35oWoXFOWPwFc1,phlunt5HJ3fBcZXrezlHN
QM8heN1JZoe8Qdne0Hx10,F72UQSSv5qnV6dGq2o8t-
QM8heN1JZoe8Qdne0Hx10,L34snMa-YMz_jT9erQqe2
QM8heN1JZoe8Qdne0Hx10,Uzldz52slOyT_7tD9MSW3
dO3NA18YKEYzuRy4ZkLG-,mE5Zf1AWhRKDQNHC_NsmV
dO3NA18YKEYzuRy4ZkLG-,n0OLj1cQnnbM3n-2eOzCj
dO3NA18YKEYzuRy4ZkLG-,L34snMa-YMz_jT9erQqe2
yAMtfX585JLc0PrEURmZN,F72UQSSv5qnV6dGq2o8t-
yAMtfX585JLc0PrEURmZN,n0OLj1cQnnbM3n-2eOzCj
a7hadBq-kMwmc9NVJXyBe,n0OLj1cQnnbM3n-2eOzCj
a7hadBq-kMwmc9NVJXyBe,phlunt5HJ3fBcZXrezlHN
tq-DRV9r43S0TYzWIlExg,Uzldz52slOyT_7tD9MSW3
tq-DRV9r43S0TYzWIlExg,iW3M5z9QsfI5jnVSJjr5j
8gMGv3d4P-dbyVeBs0T3F,2bdRQFIcZXrYbhxeWeffc
8gMGv3d4P-dbyVeBs0T3F,n0OLj1cQnnbM3n-2eOzCj
8gMGv3d4P-dbyVeBs0T3F,F72UQSSv5qnV6dGq2o8t-
rNdK4_e285cd6xwKvAHUf,n0OLj1cQnnbM3n-2eOzCj
rNdK4_e285cd6xwKvAHUf,PFEwpbxaA9UrKET8fDnAt
rNdK4_e285cd6xwKvAHUf,phlunt5HJ3fBcZXrezlHN
BFkg2FhWGu3V_pXRUivls,F72UQSSv5qnV6dGq2o8t-
BFkg2FhWGu3V_pXRUivls,n0OLj1cQnnbM3n-2eOzCj
BFkg2FhWGu3V_pXRUivls,PFEwpbxaA9UrKET8fDnAt
_Ke-KFHZmWTT8JDy-dSJV,F72UQSSv5qnV6dGq2o8t-
_Ke-KFHZmWTT8JDy-dSJV,L34snMa-YMz_jT9erQqe2
_Ke-KFHZmWTT8JDy-dSJV,phlunt5HJ3fBcZXrezlHN
VQ7KEvTBDDo2gmJZsFfsK,F72UQSSv5qnV6dGq2o8t-
VQ7KEvTBDDo2gmJZsFfsK,Uzldz52slOyT_7tD9MSW3
VQ7KEvTBDDo2gmJZsFfsK,phlunt5HJ3fBcZXrezlHN
23eUzMKZZnCq2yCmmGEz3,iW3M5z9QsfI5jnVSJjr5j
23eUzMKZZnCq2yCmmGEz3,F72UQSSv5qnV6dGq2o8t-
23eUzMKZZnCq2yCmmGEz3,phlunt5HJ3fBcZXrezlHN
aRIa3zAn1iwwE9Q6zx-no,F72UQSSv5qnV6dGq2o8t-
aRIa3zAn1iwwE9Q6zx-no,KcVqSqCqpBoUqNfNlAkE7
aRIa3zAn1iwwE9Q6zx-no,mE5Zf1AWhRKDQNHC_NsmV
aRIa3zAn1iwwE9Q6zx-no,L34snMa-YMz_jT9erQqe2
pHDIQZqKq-YHMt1ycZNc0,F72UQSSv5qnV6dGq2o8t-
pHDIQZqKq-YHMt1ycZNc0,iW3M5z9QsfI5jnVSJjr5j
pHDIQZqKq-YHMt1ycZNc0,phlunt5HJ3fBcZXrezlHN
pHDIQZqKq-YHMt1ycZNc0,-Q1NyL2hihfCdselYbnjo
pHDIQZqKq-YHMt1ycZNc0,-5F1wQ50bue4PA2khE3sM
uWg7DaVQiWnb0SlC1y7sl,F72UQSSv5qnV6dGq2o8t-
uWg7DaVQiWnb0SlC1y7sl,PFEwpbxaA9UrKET8fDnAt
uWg7DaVQiWnb0SlC1y7sl,n0OLj1cQnnbM3n-2eOzCj
uWg7DaVQiWnb0SlC1y7sl,mE5Zf1AWhRKDQNHC_NsmV
uWg7DaVQiWnb0SlC1y7sl,L34snMa-YMz_jT9erQqe2
YXQ3yk7wNP-6LVOOmAC-5,F72UQSSv5qnV6dGq2o8t-
YXQ3yk7wNP-6LVOOmAC-5,ncFeNw-5M4iGoDD-A8hBH
YXQ3yk7wNP-6LVOOmAC-5,phlunt5HJ3fBcZXrezlHN
YXQ3yk7wNP-6LVOOmAC-5,Uzldz52slOyT_7tD9MSW3
4UCOG1Dcy8g__X3x-A9-J,iW3M5z9QsfI5jnVSJjr5j
4UCOG1Dcy8g__X3x-A9-J,F72UQSSv5qnV6dGq2o8t-
4UCOG1Dcy8g__X3x-A9-J,phlunt5HJ3fBcZXrezlHN
0-TeYObRSHm6aBHdyUH2F,iW3M5z9QsfI5jnVSJjr5j
0-TeYObRSHm6aBHdyUH2F,L34snMa-YMz_jT9erQqe2
0-TeYObRSHm6aBHdyUH2F,F72UQSSv5qnV6dGq2o8t-
QraGZ_XMFWFGj1XPchRRg,PFEwpbxaA9UrKET8fDnAt
QraGZ_XMFWFGj1XPchRRg,F72UQSSv5qnV6dGq2o8t-
YQ8kYhqKFLrw7T7cD8hDz,n0OLj1cQnnbM3n-2eOzCj
YQ8kYhqKFLrw7T7cD8hDz,mE5Zf1AWhRKDQNHC_NsmV
YQ8kYhqKFLrw7T7cD8hDz,F72UQSSv5qnV6dGq2o8t-
yGPnWdeqtl93GOyrQ_5M2,n0OLj1cQnnbM3n-2eOzCj
yGPnWdeqtl93GOyrQ_5M2,mE5Zf1AWhRKDQNHC_NsmV
yGPnWdeqtl93GOyrQ_5M2,F72UQSSv5qnV6dGq2o8t-
XqcKR-ocbj8lnjTogahiD,2bdRQFIcZXrYbhxeWeffc
XqcKR-ocbj8lnjTogahiD,phlunt5HJ3fBcZXrezlHN
XqcKR-ocbj8lnjTogahiD,n0OLj1cQnnbM3n-2eOzCj
TibtJ1iwjOsaeoL95JIx6,Uzldz52slOyT_7tD9MSW3
TibtJ1iwjOsaeoL95JIx6,phlunt5HJ3fBcZXrezlHN
iHfC49C2CpYxCmtXTSIF7,iW3M5z9QsfI5jnVSJjr5j
iHfC49C2CpYxCmtXTSIF7,phlunt5HJ3fBcZXrezlHN
160p4v8WKs-ABe6qlnfhK,iW3M5z9QsfI5jnVSJjr5j
160p4v8WKs-ABe6qlnfhK,L34snMa-YMz_jT9erQqe2
160p4v8WKs-ABe6qlnfhK,F72UQSSv5qnV6dGq2o8t-
Tl6EZ3TQGOfi5Wl7YFqe0,iW3M5z9QsfI5jnVSJjr5j
Tl6EZ3TQGOfi5Wl7YFqe0,phlunt5HJ3fBcZXrezlHN
Tl6EZ3TQGOfi5Wl7YFqe0,-Q1NyL2hihfCdselYbnjo
Tl6EZ3TQGOfi5Wl7YFqe0,Uzldz52slOyT_7tD9MSW3
mbSbBYS-cUeGgLt6FUbqC,iW3M5z9QsfI5jnVSJjr5j
mbSbBYS-cUeGgLt6FUbqC,phlunt5HJ3fBcZXrezlHN
mbSbBYS-cUeGgLt6FUbqC,F72UQSSv5qnV6dGq2o8t-
Cli1ZS4hEnscTog3NqE9K,iW3M5z9QsfI5jnVSJjr5j
Cli1ZS4hEnscTog3NqE9K,phlunt5HJ3fBcZXrezlHN
B3AqLCnPvxn2ZK2-JZOlJ,L34snMa-YMz_jT9erQqe2
B3AqLCnPvxn2ZK2-JZOlJ,iW3M5z9QsfI5jnVSJjr5j
CqhcX8ODs1BM7uthOI5CV,F72UQSSv5qnV6dGq2o8t-
CqhcX8ODs1BM7uthOI5CV,phlunt5HJ3fBcZXrezlHN
yvGX00YTWmrquQ-uW_cAm,KcVqSqCqpBoUqNfNlAkE7
yvGX00YTWmrquQ-uW_cAm,mE5Zf1AWhRKDQNHC_NsmV
yvGX00YTWmrquQ-uW_cAm,n0OLj1cQnnbM3n-2eOzCj
yvGX00YTWmrquQ-uW_cAm,F72UQSSv5qnV6dGq2o8t-
-p3E_xdzn2bQ17btTJ7_2,n0OLj1cQnnbM3n-2eOzCj
-p3E_xdzn2bQ17btTJ7_2,mE5Zf1AWhRKDQNHC_NsmV
-p3E_xdzn2bQ17btTJ7_2,Uzldz52slOyT_7tD9MSW3
-p3E_xdzn2bQ17btTJ7_2,phlunt5HJ3fBcZXrezlHN
gNB_A_Q3ih7debDx0HL5v,L34snMa-YMz_jT9erQqe2
gNB_A_Q3ih7debDx0HL5v,iW3M5z9QsfI5jnVSJjr5j
vXcJBo1N6lyLBqGgWBQmT,Uzldz52slOyT_7tD9MSW3
vXcJBo1N6lyLBqGgWBQmT,phlunt5HJ3fBcZXrezlHN
YZdngPuxsxKwvlfWwEp4b,phlunt5HJ3fBcZXrezlHN
YZdngPuxsxKwvlfWwEp4b,F72UQSSv5qnV6dGq2o8t-
jQrC3m6qDqwIp75pbggUK,iW3M5z9QsfI5jnVSJjr5j
jQrC3m6qDqwIp75pbggUK,phlunt5HJ3fBcZXrezlHN
jQrC3m6qDqwIp75pbggUK,Uzldz52slOyT_7tD9MSW3
9p5M8I9to5dx-mBD7eH5I,F72UQSSv5qnV6dGq2o8t-
9p5M8I9to5dx-mBD7eH5I,iW3M5z9QsfI5jnVSJjr5j
9p5M8I9to5dx-mBD7eH5I,phlunt5HJ3fBcZXrezlHN
yEeHZAVK81C1-th1eVsPv,n0OLj1cQnnbM3n-2eOzCj
yEeHZAVK81C1-th1eVsPv,2bdRQFIcZXrYbhxeWeffc
yEeHZAVK81C1-th1eVsPv,L34snMa-YMz_jT9erQqe2
iPSdqFlckm7mVLiI99ZIz,iW3M5z9QsfI5jnVSJjr5j
iPSdqFlckm7mVLiI99ZIz,L34snMa-YMz_jT9erQqe2
iPSdqFlckm7mVLiI99ZIz,phlunt5HJ3fBcZXrezlHN
xuSfHfvirxSXQWFcyWZjA,n0OLj1cQnnbM3n-2eOzCj
xuSfHfvirxSXQWFcyWZjA,F72UQSSv5qnV6dGq2o8t-
63m6kNnxDPfw2Z8QUd2YN,Uzldz52slOyT_7tD9MSW3
63m6kNnxDPfw2Z8QUd2YN,F72UQSSv5qnV6dGq2o8t-
63m6kNnxDPfw2Z8QUd2YN,phlunt5HJ3fBcZXrezlHN
d7qaR8JuWLt7akeh6ro9u,iW3M5z9QsfI5jnVSJjr5j
d7qaR8JuWLt7akeh6ro9u,L34snMa-YMz_jT9erQqe2
d7qaR8JuWLt7akeh6ro9u,phlunt5HJ3fBcZXrezlHN
Yag_Ie-pGwsylAnO9dlo0,F72UQSSv5qnV6dGq2o8t-
Yag_Ie-pGwsylAnO9dlo0,mE5Zf1AWhRKDQNHC_NsmV
Yag_Ie-pGwsylAnO9dlo0,n0OLj1cQnnbM3n-2eOzCj
IpkeEt13ICh6UoM4FDk1z,L34snMa-YMz_jT9erQqe2
IpkeEt13ICh6UoM4FDk1z,iW3M5z9QsfI5jnVSJjr5j
HTQUpH6KVbEu1IWc15Yhj,iW3M5z9QsfI5jnVSJjr5j
HTQUpH6KVbEu1IWc15Yhj,phlunt5HJ3fBcZXrezlHN
OHQ5djhD6NDkebK7DwuHZ,iW3M5z9QsfI5jnVSJjr5j
OHQ5djhD6NDkebK7DwuHZ,phlunt5HJ3fBcZXrezlHN
OHQ5djhD6NDkebK7DwuHZ,L34snMa-YMz_jT9erQqe2
tKNTQRZFQ__KH4P7Af7qp,PFEwpbxaA9UrKET8fDnAt
tKNTQRZFQ__KH4P7Af7qp,n0OLj1cQnnbM3n-2eOzCj
c8Yr-rab5vzA-z6NIpSZz,F72UQSSv5qnV6dGq2o8t-
c8Yr-rab5vzA-z6NIpSZz,n0OLj1cQnnbM3n-2eOzCj
c8Yr-rab5vzA-z6NIpSZz,mE5Zf1AWhRKDQNHC_NsmV
c8Yr-rab5vzA-z6NIpSZz,phlunt5HJ3fBcZXrezlHN
8hj0U1xsIZu3-LaNww7kK,iW3M5z9QsfI5jnVSJjr5j
8hj0U1xsIZu3-LaNww7kK,phlunt5HJ3fBcZXrezlHN
8hj0U1xsIZu3-LaNww7kK,-Q1NyL2hihfCdselYbnjo
tKxh8HfdCzBtiJAJ1g3d3,n0OLj1cQnnbM3n-2eOzCj
tKxh8HfdCzBtiJAJ1g3d3,mE5Zf1AWhRKDQNHC_NsmV
tKxh8HfdCzBtiJAJ1g3d3,F72UQSSv5qnV6dGq2o8t-
8F71vVwXM8izPfurMB41F,n0OLj1cQnnbM3n-2eOzCj
8F71vVwXM8izPfurMB41F,mE5Zf1AWhRKDQNHC_NsmV
8F71vVwXM8izPfurMB41F,Uzldz52slOyT_7tD9MSW3
8F71vVwXM8izPfurMB41F,phlunt5HJ3fBcZXrezlHN
LjgXowK0VCJUIAoXwPSvB,Uzldz52slOyT_7tD9MSW3
LjgXowK0VCJUIAoXwPSvB,n0OLj1cQnnbM3n-2eOzCj
LjgXowK0VCJUIAoXwPSvB,phlunt5HJ3fBcZXrezlHN
UaXc36Gp8zAtXMh-Fez0b,F72UQSSv5qnV6dGq2o8t-
UaXc36Gp8zAtXMh-Fez0b,Uzldz52slOyT_7tD9MSW3
UaXc36Gp8zAtXMh-Fez0b,iW3M5z9QsfI5jnVSJjr5j
NcRwYf_2DLW6h5jDhoCsQ,iW3M5z9QsfI5jnVSJjr5j
NcRwYf_2DLW6h5jDhoCsQ,ncFeNw-5M4iGoDD-A8hBH
NcRwYf_2DLW6h5jDhoCsQ,F72UQSSv5qnV6dGq2o8t-
FDs8enQtZVm2b9xRpKyeZ,n0OLj1cQnnbM3n-2eOzCj
FDs8enQtZVm2b9xRpKyeZ,F72UQSSv5qnV6dGq2o8t-
NExoWCvlxJn6yfaEIXHGj,ncFeNw-5M4iGoDD-A8hBH
NExoWCvlxJn6yfaEIXHGj,iW3M5z9QsfI5jnVSJjr5j
NExoWCvlxJn6yfaEIXHGj,n0OLj1cQnnbM3n-2eOzCj
J9nXZRrLjMQW1aPLENWbf,2bdRQFIcZXrYbhxeWeffc
J9nXZRrLjMQW1aPLENWbf,n0OLj1cQnnbM3n-2eOzCj
J9nXZRrLjMQW1aPLENWbf,F72UQSSv5qnV6dGq2o8t-
49DxKcGpV1BHTquDIm-Ox,F72UQSSv5qnV6dGq2o8t-
49DxKcGpV1BHTquDIm-Ox,mE5Zf1AWhRKDQNHC_NsmV
49DxKcGpV1BHTquDIm-Ox,L34snMa-YMz_jT9erQqe2
-sZUriyeTOrvbpBzl6Ylr,phlunt5HJ3fBcZXrezlHN
-sZUriyeTOrvbpBzl6Ylr,Uzldz52slOyT_7tD9MSW3
-sZUriyeTOrvbpBzl6Ylr,iW3M5z9QsfI5jnVSJjr5j
M4o5vJMtUpiejpNYoUiOV,ncFeNw-5M4iGoDD-A8hBH
M4o5vJMtUpiejpNYoUiOV,-Q1NyL2hihfCdselYbnjo
M4o5vJMtUpiejpNYoUiOV,iW3M5z9QsfI5jnVSJjr5j
JRg5GPj3jXa21abQsgZat,F72UQSSv5qnV6dGq2o8t-
JRg5GPj3jXa21abQsgZat,iW3M5z9QsfI5jnVSJjr5j
JRg5GPj3jXa21abQsgZat,ncFeNw-5M4iGoDD-A8hBH
JRg5GPj3jXa21abQsgZat,-5F1wQ50bue4PA2khE3sM
8gKAErCLihnjXfRLeUh_x,n0OLj1cQnnbM3n-2eOzCj
8gKAErCLihnjXfRLeUh_x,mE5Zf1AWhRKDQNHC_NsmV
8gKAErCLihnjXfRLeUh_x,F72UQSSv5qnV6dGq2o8t-
8gKAErCLihnjXfRLeUh_x,phlunt5HJ3fBcZXrezlHN
51fLFq9Sq_YjdK5uPTXV9,iW3M5z9QsfI5jnVSJjr5j
51fLFq9Sq_YjdK5uPTXV9,L34snMa-YMz_jT9erQqe2
51fLFq9Sq_YjdK5uPTXV9,n0OLj1cQnnbM3n-2eOzCj
Dvn0OlvixioT4IkMvx_EW,ncFeNw-5M4iGoDD-A8hBH
Dvn0OlvixioT4IkMvx_EW,iW3M5z9QsfI5jnVSJjr5j
Dvn0OlvixioT4IkMvx_EW,F72UQSSv5qnV6dGq2o8t-
YHQ05nklE0rNXxStZajOX,n0OLj1cQnnbM3n-2eOzCj
YHQ05nklE0rNXxStZajOX,mE5Zf1AWhRKDQNHC_NsmV
YHQ05nklE0rNXxStZajOX,F72UQSSv5qnV6dGq2o8t-
ma2P4GmJwNJPaBQ5LlIQp,iW3M5z9QsfI5jnVSJjr5j
ma2P4GmJwNJPaBQ5LlIQp,phlunt5HJ3fBcZXrezlHN
olYThgTYGIhaSTQCj71pA,F72UQSSv5qnV6dGq2o8t-
olYThgTYGIhaSTQCj71pA,L34snMa-YMz_jT9erQqe2
1cd9zQ7M6e3CLmBsipPuc,n0OLj1cQnnbM3n-2eOzCj
1cd9zQ7M6e3CLmBsipPuc,mE5Zf1AWhRKDQNHC_NsmV
emwHMCfOYk9TWrnjSsGAD,n0OLj1cQnnbM3n-2eOzCj
emwHMCfOYk9TWrnjSsGAD,phlunt5HJ3fBcZXrezlHN
emwHMCfOYk9TWrnjSsGAD,tqy6nsKbGDANBHHt7CQaG
x4ICLAlVFLqYOrJ5Co3FQ,Uzldz52slOyT_7tD9MSW3
x4ICLAlVFLqYOrJ5Co3FQ,phlunt5HJ3fBcZXrezlHN
eFNf9YJwbHZZI_P2QSP30,n0OLj1cQnnbM3n-2eOzCj
eFNf9YJwbHZZI_P2QSP30,2bdRQFIcZXrYbhxeWeffc
eFNf9YJwbHZZI_P2QSP30,L34snMa-YMz_jT9erQqe2
imFLMi4tpdF6Vplkca6gb,iW3M5z9QsfI5jnVSJjr5j
imFLMi4tpdF6Vplkca6gb,phlunt5HJ3fBcZXrezlHN
imFLMi4tpdF6Vplkca6gb,F72UQSSv5qnV6dGq2o8t-
d2C8qCnrA8ESvCb2Jm1xG,F72UQSSv5qnV6dGq2o8t-
d2C8qCnrA8ESvCb2Jm1xG,n0OLj1cQnnbM3n-2eOzCj
d2C8qCnrA8ESvCb2Jm1xG,iW3M5z9QsfI5jnVSJjr5j
d2C8qCnrA8ESvCb2Jm1xG,Uzldz52slOyT_7tD9MSW3
L4-mlTGY7-7fUYww5ec-U,L34snMa-YMz_jT9erQqe2
L4-mlTGY7-7fUYww5ec-U,iW3M5z9QsfI5jnVSJjr5j
sZz3MKttKIremsmYzQOvi,F72UQSSv5qnV6dGq2o8t-
sZz3MKttKIremsmYzQOvi,L34snMa-YMz_jT9erQqe2
sZz3MKttKIremsmYzQOvi,iW3M5z9QsfI5jnVSJjr5j
-OyLC9nN8x77xE4GmG1Hf,PFEwpbxaA9UrKET8fDnAt
-OyLC9nN8x77xE4GmG1Hf,n0OLj1cQnnbM3n-2eOzCj
SFhspd4YX20BA110qIJhG,iW3M5z9QsfI5jnVSJjr5j
SFhspd4YX20BA110qIJhG,phlunt5HJ3fBcZXrezlHN
UGqJAonXtCzyo91aTO3hk,2bdRQFIcZXrYbhxeWeffc
UGqJAonXtCzyo91aTO3hk,n0OLj1cQnnbM3n-2eOzCj
UGqJAonXtCzyo91aTO3hk,L34snMa-YMz_jT9erQqe2
WrXkaWb9iVyjDKIbs6lSh,iW3M5z9QsfI5jnVSJjr5j
WrXkaWb9iVyjDKIbs6lSh,L34snMa-YMz_jT9erQqe2
AOWZj0GYB33hJdPcwatKc,n0OLj1cQnnbM3n-2eOzCj
AOWZj0GYB33hJdPcwatKc,2bdRQFIcZXrYbhxeWeffc
AOWZj0GYB33hJdPcwatKc,L34snMa-YMz_jT9erQqe2
sMv60XyK9_B4hfGTuxLnW,F72UQSSv5qnV6dGq2o8t-
sMv60XyK9_B4hfGTuxLnW,iW3M5z9QsfI5jnVSJjr5j
sMv60XyK9_B4hfGTuxLnW,Uzldz52slOyT_7tD9MSW3
n7jSXSsOItgjSMooee1qv,iW3M5z9QsfI5jnVSJjr5j
n7jSXSsOItgjSMooee1qv,F72UQSSv5qnV6dGq2o8t-
F70_ntxdZxTtygVNlFhFv,F72UQSSv5qnV6dGq2o8t-
F70_ntxdZxTtygVNlFhFv,PFEwpbxaA9UrKET8fDnAt
F70_ntxdZxTtygVNlFhFv,iW3M5z9QsfI5jnVSJjr5j
R-ClBYSFo8ua4fQ3Z-PT9,Uzldz52slOyT_7tD9MSW3
R-ClBYSFo8ua4fQ3Z-PT9,phlunt5HJ3fBcZXrezlHN
R-ClBYSFo8ua4fQ3Z-PT9,n0OLj1cQnnbM3n-2eOzCj
4zwTjNeJ3Y4StuiwtOjv2,Uzldz52slOyT_7tD9MSW3
4zwTjNeJ3Y4StuiwtOjv2,n0OLj1cQnnbM3n-2eOzCj
SabAjes47J06C9L2aoIMH,F72UQSSv5qnV6dGq2o8t-
SabAjes47J06C9L2aoIMH,n0OLj1cQnnbM3n-2eOzCj
SabAjes47J06C9L2aoIMH,Uzldz52slOyT_7tD9MSW3
pemO6Zl6xYLeGlb5QWZLp,F72UQSSv5qnV6dGq2o8t-
pemO6Zl6xYLeGlb5QWZLp,n0OLj1cQnnbM3n-2eOzCj
pemO6Zl6xYLeGlb5QWZLp,L34snMa-YMz_jT9erQqe2
pemO6Zl6xYLeGlb5QWZLp,Uzldz52slOyT_7tD9MSW3
mQUQxrnHIx4InURdEnzxr,iW3M5z9QsfI5jnVSJjr5j
mQUQxrnHIx4InURdEnzxr,F72UQSSv5qnV6dGq2o8t-
QtyFQ6GMYllMj7ygLqdw0,n0OLj1cQnnbM3n-2eOzCj
QtyFQ6GMYllMj7ygLqdw0,phlunt5HJ3fBcZXrezlHN
QtyFQ6GMYllMj7ygLqdw0,tqy6nsKbGDANBHHt7CQaG
6f--xwUb1qXqfyy8HxVL2,n0OLj1cQnnbM3n-2eOzCj
6f--xwUb1qXqfyy8HxVL2,PFEwpbxaA9UrKET8fDnAt
6f--xwUb1qXqfyy8HxVL2,phlunt5HJ3fBcZXrezlHN
UzrYKQCVKjV-6NXQg3I6S,F72UQSSv5qnV6dGq2o8t-
UzrYKQCVKjV-6NXQg3I6S,n0OLj1cQnnbM3n-2eOzCj
UzrYKQCVKjV-6NXQg3I6S,iW3M5z9QsfI5jnVSJjr5j
uClqqyr3ls0mpGdbarMAg,F72UQSSv5qnV6dGq2o8t-
uClqqyr3ls0mpGdbarMAg,L34snMa-YMz_jT9erQqe2
uClqqyr3ls0mpGdbarMAg,n0OLj1cQnnbM3n-2eOzCj
bEBNOlna7pjH1CxKtrh_V,n0OLj1cQnnbM3n-2eOzCj
bEBNOlna7pjH1CxKtrh_V,PFEwpbxaA9UrKET8fDnAt
bEBNOlna7pjH1CxKtrh_V,phlunt5HJ3fBcZXrezlHN
a26u-juyjtn8s_LOAcOAJ,2bdRQFIcZXrYbhxeWeffc
a26u-juyjtn8s_LOAcOAJ,n0OLj1cQnnbM3n-2eOzCj
a26u-juyjtn8s_LOAcOAJ,Uzldz52slOyT_7tD9MSW3
a26u-juyjtn8s_LOAcOAJ,phlunt5HJ3fBcZXrezlHN
yuSb7VgOBiY1Znj3ElwYQ,L34snMa-YMz_jT9erQqe2
yuSb7VgOBiY1Znj3ElwYQ,phlunt5HJ3fBcZXrezlHN
yuSb7VgOBiY1Znj3ElwYQ,Uzldz52slOyT_7tD9MSW3
QRNNxnzECfyAp045nyn6B,iW3M5z9QsfI5jnVSJjr5j
QRNNxnzECfyAp045nyn6B,L34snMa-YMz_jT9erQqe2
QRNNxnzECfyAp045nyn6B,phlunt5HJ3fBcZXrezlHN
Ic1376YXZ1SyHmG9lmRRM,n0OLj1cQnnbM3n-2eOzCj
Ic1376YXZ1SyHmG9lmRRM,mE5Zf1AWhRKDQNHC_NsmV
Ic1376YXZ1SyHmG9lmRRM,F72UQSSv5qnV6dGq2o8t-
nB0lu_0-DQDpgeCmcjVps,n0OLj1cQnnbM3n-2eOzCj
nB0lu_0-DQDpgeCmcjVps,PFEwpbxaA9UrKET8fDnAt
nB0lu_0-DQDpgeCmcjVps,Uzldz52slOyT_7tD9MSW3
7nAGZeYe-KWyeeACYWXuk,ncFeNw-5M4iGoDD-A8hBH
7nAGZeYe-KWyeeACYWXuk,iW3M5z9QsfI5jnVSJjr5j
7nAGZeYe-KWyeeACYWXuk,n0OLj1cQnnbM3n-2eOzCj
N9qwKaI8meOsYkm0iimZZ,ncFeNw-5M4iGoDD-A8hBH
N9qwKaI8meOsYkm0iimZZ,iW3M5z9QsfI5jnVSJjr5j
N9qwKaI8meOsYkm0iimZZ,F72UQSSv5qnV6dGq2o8t-
udFQKxrHksJ34JMBSAKeQ,F72UQSSv5qnV6dGq2o8t-
udFQKxrHksJ34JMBSAKeQ,Uzldz52slOyT_7tD9MSW3
udFQKxrHksJ34JMBSAKeQ,phlunt5HJ3fBcZXrezlHN
24IZQ0_ygh9QfekyJ-CYX,F72UQSSv5qnV6dGq2o8t-
24IZQ0_ygh9QfekyJ-CYX,n0OLj1cQnnbM3n-2eOzCj
24IZQ0_ygh9QfekyJ-CYX,Uzldz52slOyT_7tD9MSW3
ZRv_2_1Vle9BSi8Y8BVAk,n0OLj1cQnnbM3n-2eOzCj
ZRv_2_1Vle9BSi8Y8BVAk,mE5Zf1AWhRKDQNHC_NsmV
ZRv_2_1Vle9BSi8Y8BVAk,phlunt5HJ3fBcZXrezlHN
uoBlV_Reg1vP2pxUHFlU9,phlunt5HJ3fBcZXrezlHN
uoBlV_Reg1vP2pxUHFlU9,tqy6nsKbGDANBHHt7CQaG
uoBlV_Reg1vP2pxUHFlU9,n0OLj1cQnnbM3n-2eOzCj
BXVCSeCbv-SVsyob8D3Tk,F72UQSSv5qnV6dGq2o8t-
BXVCSeCbv-SVsyob8D3Tk,ncFeNw-5M4iGoDD-A8hBH
BXVCSeCbv-SVsyob8D3Tk,phlunt5HJ3fBcZXrezlHN
PoAiAZcSBY963REEhakJs,n0OLj1cQnnbM3n-2eOzCj
PoAiAZcSBY963REEhakJs,iW3M5z9QsfI5jnVSJjr5j
PoAiAZcSBY963REEhakJs,L34snMa-YMz_jT9erQqe2
a3KKx6XzTvv2jz8wyjrOc,ncFeNw-5M4iGoDD-A8hBH
a3KKx6XzTvv2jz8wyjrOc,iW3M5z9QsfI5jnVSJjr5j
a3KKx6XzTvv2jz8wyjrOc,phlunt5HJ3fBcZXrezlHN
LkbI7foYIx1hujT17uSla,iW3M5z9QsfI5jnVSJjr5j
LkbI7foYIx1hujT17uSla,phlunt5HJ3fBcZXrezlHN
2ORK0hR3u6kZn8Ie4X-gk,F72UQSSv5qnV6dGq2o8t-
2ORK0hR3u6kZn8Ie4X-gk,n0OLj1cQnnbM3n-2eOzCj
2ORK0hR3u6kZn8Ie4X-gk,mE5Zf1AWhRKDQNHC_NsmV
cOVwRUz5zo3lp_MqJ9TVy,F72UQSSv5qnV6dGq2o8t-
cOVwRUz5zo3lp_MqJ9TVy,n0OLj1cQnnbM3n-2eOzCj
cOVwRUz5zo3lp_MqJ9TVy,phlunt5HJ3fBcZXrezlHN
cOVwRUz5zo3lp_MqJ9TVy,mE5Zf1AWhRKDQNHC_NsmV
cOVwRUz5zo3lp_MqJ9TVy,2bdRQFIcZXrYbhxeWeffc
CV4RoFOyn-c2PivM3iPuT,phlunt5HJ3fBcZXrezlHN
CV4RoFOyn-c2PivM3iPuT,n0OLj1cQnnbM3n-2eOzCj
CV4RoFOyn-c2PivM3iPuT,mE5Zf1AWhRKDQNHC_NsmV
Ps_Q0eMzdfEUk-B-Ri_tj,n0OLj1cQnnbM3n-2eOzCj
Ps_Q0eMzdfEUk-B-Ri_tj,phlunt5HJ3fBcZXrezlHN
Ps_Q0eMzdfEUk-B-Ri_tj,iW3M5z9QsfI5jnVSJjr5j
Ps_Q0eMzdfEUk-B-Ri_tj,Uzldz52slOyT_7tD9MSW3
QLaMnwS0tAOGVMdGNSt-e,2bdRQFIcZXrYbhxeWeffc
QLaMnwS0tAOGVMdGNSt-e,n0OLj1cQnnbM3n-2eOzCj
QLaMnwS0tAOGVMdGNSt-e,mE5Zf1AWhRKDQNHC_NsmV
_lRydMfFKiEMu-0BdiE5B,F72UQSSv5qnV6dGq2o8t-
_lRydMfFKiEMu-0BdiE5B,L34snMa-YMz_jT9erQqe2
_lRydMfFKiEMu-0BdiE5B,iW3M5z9QsfI5jnVSJjr5j
wJ1YrYd3NyTYjjsGSbxHi,F72UQSSv5qnV6dGq2o8t-
wJ1YrYd3NyTYjjsGSbxHi,L34snMa-YMz_jT9erQqe2
wJ1YrYd3NyTYjjsGSbxHi,iW3M5z9QsfI5jnVSJjr5j
q329Ts9uAOmZhkwHAX6Zp,L34snMa-YMz_jT9erQqe2
q329Ts9uAOmZhkwHAX6Zp,iW3M5z9QsfI5jnVSJjr5j
890W0A82WRGJFC6IA8kuh,iW3M5z9QsfI5jnVSJjr5j
890W0A82WRGJFC6IA8kuh,F72UQSSv5qnV6dGq2o8t-
h1qy2olG5OXjZEsALIAZg,iW3M5z9QsfI5jnVSJjr5j
h1qy2olG5OXjZEsALIAZg,phlunt5HJ3fBcZXrezlHN
2d_MAd2FkUDhkRQ1AzBU8,phlunt5HJ3fBcZXrezlHN
2d_MAd2FkUDhkRQ1AzBU8,Uzldz52slOyT_7tD9MSW3
2d_MAd2FkUDhkRQ1AzBU8,n0OLj1cQnnbM3n-2eOzCj
AOO_9yHfKLR_Pj15CEGih,Uzldz52slOyT_7tD9MSW3
AOO_9yHfKLR_Pj15CEGih,phlunt5HJ3fBcZXrezlHN
AOO_9yHfKLR_Pj15CEGih,n0OLj1cQnnbM3n-2eOzCj
cimk7gAZAa-cjBkH0uFgc,phlunt5HJ3fBcZXrezlHN
cimk7gAZAa-cjBkH0uFgc,n0OLj1cQnnbM3n-2eOzCj
cimk7gAZAa-cjBkH0uFgc,mE5Zf1AWhRKDQNHC_NsmV
j__gQnIYITnLAjVL6ABtV,F72UQSSv5qnV6dGq2o8t-
j__gQnIYITnLAjVL6ABtV,iW3M5z9QsfI5jnVSJjr5j
j__gQnIYITnLAjVL6ABtV,-5F1wQ50bue4PA2khE3sM
nSaCkvr78LPK1bKSAFJ6h,iW3M5z9QsfI5jnVSJjr5j
nSaCkvr78LPK1bKSAFJ6h,phlunt5HJ3fBcZXrezlHN
Olaap5dAHTwHkcLHupmeT,Uzldz52slOyT_7tD9MSW3
Olaap5dAHTwHkcLHupmeT,n0OLj1cQnnbM3n-2eOzCj
qnf7e8G4899zahv1Zm3GF,F72UQSSv5qnV6dGq2o8t-
qnf7e8G4899zahv1Zm3GF,n0OLj1cQnnbM3n-2eOzCj
qnf7e8G4899zahv1Zm3GF,Uzldz52slOyT_7tD9MSW3
qnf7e8G4899zahv1Zm3GF,PFEwpbxaA9UrKET8fDnAt
CRcSO-AOAD7hIVmcEo4w0,tqy6nsKbGDANBHHt7CQaG
CRcSO-AOAD7hIVmcEo4w0,phlunt5HJ3fBcZXrezlHN
mpAzlwYOx_w40GOMeRiz0,L34snMa-YMz_jT9erQqe2
mpAzlwYOx_w40GOMeRiz0,iW3M5z9QsfI5jnVSJjr5j
V7hFTjXHwzI-LuOk69GXQ,F72UQSSv5qnV6dGq2o8t-
V7hFTjXHwzI-LuOk69GXQ,phlunt5HJ3fBcZXrezlHN
UPd0rsh-reHwTa2myu_BV,n0OLj1cQnnbM3n-2eOzCj
UPd0rsh-reHwTa2myu_BV,F72UQSSv5qnV6dGq2o8t-
UPd0rsh-reHwTa2myu_BV,phlunt5HJ3fBcZXrezlHN
HU2hEB2Jr7-vOPLB0h-qN,n0OLj1cQnnbM3n-2eOzCj
HU2hEB2Jr7-vOPLB0h-qN,mE5Zf1AWhRKDQNHC_NsmV
HU2hEB2Jr7-vOPLB0h-qN,2bdRQFIcZXrYbhxeWeffc
2OMVgcBX4U1uxtjChr1zA,n0OLj1cQnnbM3n-2eOzCj
2OMVgcBX4U1uxtjChr1zA,phlunt5HJ3fBcZXrezlHN
1Z0PZtV9rKxscTMS30Wl3,Uzldz52slOyT_7tD9MSW3
1Z0PZtV9rKxscTMS30Wl3,F72UQSSv5qnV6dGq2o8t-
ubxNUS_39KopJnGt3x-a9,Uzldz52slOyT_7tD9MSW3
ubxNUS_39KopJnGt3x-a9,phlunt5HJ3fBcZXrezlHN
ubxNUS_39KopJnGt3x-a9,iW3M5z9QsfI5jnVSJjr5j
Oz5cgIcIomyPnEMK7sCni,ncFeNw-5M4iGoDD-A8hBH
Oz5cgIcIomyPnEMK7sCni,iW3M5z9QsfI5jnVSJjr5j
Oz5cgIcIomyPnEMK7sCni,F72UQSSv5qnV6dGq2o8t-
cyqg-1yUyYSM2aYaBEQZA,F72UQSSv5qnV6dGq2o8t-
cyqg-1yUyYSM2aYaBEQZA,Uzldz52slOyT_7tD9MSW3
Bx0U9xMjF99Xb1VmnAuR0,L34snMa-YMz_jT9erQqe2
Bx0U9xMjF99Xb1VmnAuR0,iW3M5z9QsfI5jnVSJjr5j
Bx0U9xMjF99Xb1VmnAuR0,F72UQSSv5qnV6dGq2o8t-
pk2KfS61stamKNRAWA5cd,L34snMa-YMz_jT9erQqe2
pk2KfS61stamKNRAWA5cd,iW3M5z9QsfI5jnVSJjr5j
4XjyGzVhe6OtauZYTm_dd,F72UQSSv5qnV6dGq2o8t-
4XjyGzVhe6OtauZYTm_dd,KcVqSqCqpBoUqNfNlAkE7
4XjyGzVhe6OtauZYTm_dd,mE5Zf1AWhRKDQNHC_NsmV
4XjyGzVhe6OtauZYTm_dd,L34snMa-YMz_jT9erQqe2
t9odbcKG8n_rJZvUj1Npu,iW3M5z9QsfI5jnVSJjr5j
t9odbcKG8n_rJZvUj1Npu,L34snMa-YMz_jT9erQqe2
t9odbcKG8n_rJZvUj1Npu,F72UQSSv5qnV6dGq2o8t-
06L0T_ni1tan8yth_U6LM,F72UQSSv5qnV6dGq2o8t-
06L0T_ni1tan8yth_U6LM,tqy6nsKbGDANBHHt7CQaG
VNx8_c-CvIZG484GZ7_gO,2bdRQFIcZXrYbhxeWeffc
VNx8_c-CvIZG484GZ7_gO,n0OLj1cQnnbM3n-2eOzCj
VNx8_c-CvIZG484GZ7_gO,L34snMa-YMz_jT9erQqe2
9p1qnD51zcQ_olFN3HtkD,F72UQSSv5qnV6dGq2o8t-
9p1qnD51zcQ_olFN3HtkD,Uzldz52slOyT_7tD9MSW3
9p1qnD51zcQ_olFN3HtkD,phlunt5HJ3fBcZXrezlHN
I2b9EJb2KV7q5CAgxd_XC,F72UQSSv5qnV6dGq2o8t-
I2b9EJb2KV7q5CAgxd_XC,n0OLj1cQnnbM3n-2eOzCj
I2b9EJb2KV7q5CAgxd_XC,phlunt5HJ3fBcZXrezlHN
eUozGmrxqylBn9nX01flF,ncFeNw-5M4iGoDD-A8hBH
eUozGmrxqylBn9nX01flF,iW3M5z9QsfI5jnVSJjr5j
eUozGmrxqylBn9nX01flF,Uzldz52slOyT_7tD9MSW3
2DBpHW7MxTCE3-07LLec9,F72UQSSv5qnV6dGq2o8t-
2DBpHW7MxTCE3-07LLec9,n0OLj1cQnnbM3n-2eOzCj
2DBpHW7MxTCE3-07LLec9,iW3M5z9QsfI5jnVSJjr5j
2DBpHW7MxTCE3-07LLec9,Uzldz52slOyT_7tD9MSW3
NBvtsAcp-AYcwG2bOfJ9M,F72UQSSv5qnV6dGq2o8t-
NBvtsAcp-AYcwG2bOfJ9M,n0OLj1cQnnbM3n-2eOzCj
NBvtsAcp-AYcwG2bOfJ9M,iW3M5z9QsfI5jnVSJjr5j
NBvtsAcp-AYcwG2bOfJ9M,Uzldz52slOyT_7tD9MSW3
1WWoecy_xjqy8K0tgdh8U,phlunt5HJ3fBcZXrezlHN
1WWoecy_xjqy8K0tgdh8U,iW3M5z9QsfI5jnVSJjr5j
1WWoecy_xjqy8K0tgdh8U,L34snMa-YMz_jT9erQqe2
WY5qFtLvybcLJStyq1xfm,PFEwpbxaA9UrKET8fDnAt
WY5qFtLvybcLJStyq1xfm,iW3M5z9QsfI5jnVSJjr5j
WY5qFtLvybcLJStyq1xfm,phlunt5HJ3fBcZXrezlHN
IqQY51VX2C51T_qhe9CpE,PFEwpbxaA9UrKET8fDnAt
IqQY51VX2C51T_qhe9CpE,Uzldz52slOyT_7tD9MSW3
zTMLfEJJyNwg6TsID_81c,F72UQSSv5qnV6dGq2o8t-
zTMLfEJJyNwg6TsID_81c,n0OLj1cQnnbM3n-2eOzCj
QwYoCxWwpUoVc-7-j_XVc,iW3M5z9QsfI5jnVSJjr5j
QwYoCxWwpUoVc-7-j_XVc,phlunt5HJ3fBcZXrezlHN
o1pOkzFHFZnqX29yXJdvm,iW3M5z9QsfI5jnVSJjr5j
o1pOkzFHFZnqX29yXJdvm,phlunt5HJ3fBcZXrezlHN
VfUPDFvjUlB6o2hZYIC_P,L34snMa-YMz_jT9erQqe2
VfUPDFvjUlB6o2hZYIC_P,iW3M5z9QsfI5jnVSJjr5j
VfUPDFvjUlB6o2hZYIC_P,F72UQSSv5qnV6dGq2o8t-
2xJFCOn44rpetxmrEStcH,F72UQSSv5qnV6dGq2o8t-
2xJFCOn44rpetxmrEStcH,Uzldz52slOyT_7tD9MSW3
2xJFCOn44rpetxmrEStcH,iW3M5z9QsfI5jnVSJjr5j
sQmwcTjnr7Ispa08pM2DO,F72UQSSv5qnV6dGq2o8t-
sQmwcTjnr7Ispa08pM2DO,iW3M5z9QsfI5jnVSJjr5j
sQmwcTjnr7Ispa08pM2DO,phlunt5HJ3fBcZXrezlHN
sQmwcTjnr7Ispa08pM2DO,Uzldz52slOyT_7tD9MSW3
1PAHc8aSnKEblCcP5xT5e,iW3M5z9QsfI5jnVSJjr5j
1PAHc8aSnKEblCcP5xT5e,phlunt5HJ3fBcZXrezlHN
1PAHc8aSnKEblCcP5xT5e,L34snMa-YMz_jT9erQqe2
1PAHc8aSnKEblCcP5xT5e,Uzldz52slOyT_7tD9MSW3
6_XK1rPH10qWkEvQ_yV2L,F72UQSSv5qnV6dGq2o8t-
6_XK1rPH10qWkEvQ_yV2L,phlunt5HJ3fBcZXrezlHN
6_XK1rPH10qWkEvQ_yV2L,Uzldz52slOyT_7tD9MSW3
b_N7s0zgAt0zoOhuq-p9M,L34snMa-YMz_jT9erQqe2
b_N7s0zgAt0zoOhuq-p9M,n0OLj1cQnnbM3n-2eOzCj
b_N7s0zgAt0zoOhuq-p9M,PFEwpbxaA9UrKET8fDnAt
oNt_0cE-HXFEzBVld6ZqY,iW3M5z9QsfI5jnVSJjr5j
oNt_0cE-HXFEzBVld6ZqY,F72UQSSv5qnV6dGq2o8t-
oNt_0cE-HXFEzBVld6ZqY,PFEwpbxaA9UrKET8fDnAt
p5dBYJKkB2dljzO5kmaBH,PFEwpbxaA9UrKET8fDnAt
p5dBYJKkB2dljzO5kmaBH,phlunt5HJ3fBcZXrezlHN
p5dBYJKkB2dljzO5kmaBH,n0OLj1cQnnbM3n-2eOzCj
DMaTwmj-S_tnwbh2X2Bhu,iW3M5z9QsfI5jnVSJjr5j
DMaTwmj-S_tnwbh2X2Bhu,F72UQSSv5qnV6dGq2o8t-
5_NSbWD8y4VAYYGsNkRF_,F72UQSSv5qnV6dGq2o8t-
5_NSbWD8y4VAYYGsNkRF_,L34snMa-YMz_jT9erQqe2
5_NSbWD8y4VAYYGsNkRF_,phlunt5HJ3fBcZXrezlHN
ERcboF61FLy67AeqtcQes,-Q1NyL2hihfCdselYbnjo
ERcboF61FLy67AeqtcQes,Uzldz52slOyT_7tD9MSW3
ERcboF61FLy67AeqtcQes,iW3M5z9QsfI5jnVSJjr5j
8R1Usj1eGloRYnKpBYh3e,F72UQSSv5qnV6dGq2o8t-
8R1Usj1eGloRYnKpBYh3e,mE5Zf1AWhRKDQNHC_NsmV
8R1Usj1eGloRYnKpBYh3e,L34snMa-YMz_jT9erQqe2
ZRqtMIaNiHpGJfGcaMDYs,2bdRQFIcZXrYbhxeWeffc
ZRqtMIaNiHpGJfGcaMDYs,L34snMa-YMz_jT9erQqe2
ZRqtMIaNiHpGJfGcaMDYs,n0OLj1cQnnbM3n-2eOzCj
OIXfnmKs3CxrgAqr_Bsf6,n0OLj1cQnnbM3n-2eOzCj
OIXfnmKs3CxrgAqr_Bsf6,PFEwpbxaA9UrKET8fDnAt
OIXfnmKs3CxrgAqr_Bsf6,Uzldz52slOyT_7tD9MSW3
fqrnxkEwkl-wT29sCLEhi,n0OLj1cQnnbM3n-2eOzCj
fqrnxkEwkl-wT29sCLEhi,PFEwpbxaA9UrKET8fDnAt
fqrnxkEwkl-wT29sCLEhi,F72UQSSv5qnV6dGq2o8t-
9pMy-AP5d-6QXUcpK4g3i,n0OLj1cQnnbM3n-2eOzCj
9pMy-AP5d-6QXUcpK4g3i,PFEwpbxaA9UrKET8fDnAt
9pMy-AP5d-6QXUcpK4g3i,2bdRQFIcZXrYbhxeWeffc
kVHPJxICn4heXel7o64F1,n0OLj1cQnnbM3n-2eOzCj
kVHPJxICn4heXel7o64F1,2bdRQFIcZXrYbhxeWeffc
kVHPJxICn4heXel7o64F1,L34snMa-YMz_jT9erQqe2
VHS9UY3eL4vmetH2i6ZxB,Uzldz52slOyT_7tD9MSW3
VHS9UY3eL4vmetH2i6ZxB,n0OLj1cQnnbM3n-2eOzCj
R_onMsV1h858L1BWu3afo,n0OLj1cQnnbM3n-2eOzCj
R_onMsV1h858L1BWu3afo,mE5Zf1AWhRKDQNHC_NsmV
R_onMsV1h858L1BWu3afo,F72UQSSv5qnV6dGq2o8t-
WNSgiUEDU1fgl9tk3QOOh,iW3M5z9QsfI5jnVSJjr5j
WNSgiUEDU1fgl9tk3QOOh,L34snMa-YMz_jT9erQqe2
WNSgiUEDU1fgl9tk3QOOh,F72UQSSv5qnV6dGq2o8t-
tsgELHxzwYv2SaDSDvVA5,iW3M5z9QsfI5jnVSJjr5j
tsgELHxzwYv2SaDSDvVA5,L34snMa-YMz_jT9erQqe2
tsgELHxzwYv2SaDSDvVA5,F72UQSSv5qnV6dGq2o8t-
hMU9BY_F5HH2o911uezCJ,n0OLj1cQnnbM3n-2eOzCj
hMU9BY_F5HH2o911uezCJ,PFEwpbxaA9UrKET8fDnAt
5ttKRBd3FuFVi6tFWScky,F72UQSSv5qnV6dGq2o8t-
5ttKRBd3FuFVi6tFWScky,iW3M5z9QsfI5jnVSJjr5j
KkZJeuaDhRjlS6p94nvAx,n0OLj1cQnnbM3n-2eOzCj
KkZJeuaDhRjlS6p94nvAx,PFEwpbxaA9UrKET8fDnAt
KkZJeuaDhRjlS6p94nvAx,2bdRQFIcZXrYbhxeWeffc
6_seNbzfUXdAmh9LCarcN,n0OLj1cQnnbM3n-2eOzCj
6_seNbzfUXdAmh9LCarcN,PFEwpbxaA9UrKET8fDnAt
6_seNbzfUXdAmh9LCarcN,2bdRQFIcZXrYbhxeWeffc
tN_P-lz5bHRNVvfRyAVhs,PFEwpbxaA9UrKET8fDnAt
tN_P-lz5bHRNVvfRyAVhs,iW3M5z9QsfI5jnVSJjr5j
tN_P-lz5bHRNVvfRyAVhs,phlunt5HJ3fBcZXrezlHN
9ZwIIYYLMA-oUUtYDEsXT,PFEwpbxaA9UrKET8fDnAt
9ZwIIYYLMA-oUUtYDEsXT,n0OLj1cQnnbM3n-2eOzCj
LGZQZNHGVix894cPQHMQr,F72UQSSv5qnV6dGq2o8t-
LGZQZNHGVix894cPQHMQr,iW3M5z9QsfI5jnVSJjr5j
LGZQZNHGVix894cPQHMQr,phlunt5HJ3fBcZXrezlHN
AcbDNKhx4X5VU8a8CrdEO,iW3M5z9QsfI5jnVSJjr5j
AcbDNKhx4X5VU8a8CrdEO,-5F1wQ50bue4PA2khE3sM
AEody2YlJdGs23Y-Q4ZRL,F72UQSSv5qnV6dGq2o8t-
AEody2YlJdGs23Y-Q4ZRL,phlunt5HJ3fBcZXrezlHN
AEody2YlJdGs23Y-Q4ZRL,Uzldz52slOyT_7tD9MSW3
AEody2YlJdGs23Y-Q4ZRL,iW3M5z9QsfI5jnVSJjr5j
AEody2YlJdGs23Y-Q4ZRL,mE5Zf1AWhRKDQNHC_NsmV
1I0gYANIMsN5NWUcxCaQd,Uzldz52slOyT_7tD9MSW3
1I0gYANIMsN5NWUcxCaQd,phlunt5HJ3fBcZXrezlHN
evGT4GOrfLYytLkUVwItt,F72UQSSv5qnV6dGq2o8t-
evGT4GOrfLYytLkUVwItt,Uzldz52slOyT_7tD9MSW3
evGT4GOrfLYytLkUVwItt,phlunt5HJ3fBcZXrezlHN
tpfUMP1TRpCB-FtSdtwCt,n0OLj1cQnnbM3n-2eOzCj
tpfUMP1TRpCB-FtSdtwCt,PFEwpbxaA9UrKET8fDnAt
tpfUMP1TRpCB-FtSdtwCt,phlunt5HJ3fBcZXrezlHN
W6-ddWo4Za8Kr9pOb2sOy,2bdRQFIcZXrYbhxeWeffc
W6-ddWo4Za8Kr9pOb2sOy,n0OLj1cQnnbM3n-2eOzCj
W6-ddWo4Za8Kr9pOb2sOy,phlunt5HJ3fBcZXrezlHN
Qi1m-cLO49m01OsyuX2eu,F72UQSSv5qnV6dGq2o8t-
Qi1m-cLO49m01OsyuX2eu,PFEwpbxaA9UrKET8fDnAt
Qi1m-cLO49m01OsyuX2eu,iW3M5z9QsfI5jnVSJjr5j
lZVvJ2MVYIwkJ8dtdzJPn,2bdRQFIcZXrYbhxeWeffc
lZVvJ2MVYIwkJ8dtdzJPn,L34snMa-YMz_jT9erQqe2
lZVvJ2MVYIwkJ8dtdzJPn,n0OLj1cQnnbM3n-2eOzCj
GpZfD2n1AIpT01VnQo0UT,L34snMa-YMz_jT9erQqe2
GpZfD2n1AIpT01VnQo0UT,mE5Zf1AWhRKDQNHC_NsmV
GpZfD2n1AIpT01VnQo0UT,iW3M5z9QsfI5jnVSJjr5j
L3yrWhSZgtn7SDkDZFxNu,Uzldz52slOyT_7tD9MSW3
L3yrWhSZgtn7SDkDZFxNu,PFEwpbxaA9UrKET8fDnAt
L3yrWhSZgtn7SDkDZFxNu,phlunt5HJ3fBcZXrezlHN
VzLxn4IOGy5-vPmq8nAtX,F72UQSSv5qnV6dGq2o8t-
VzLxn4IOGy5-vPmq8nAtX,n0OLj1cQnnbM3n-2eOzCj
VzLxn4IOGy5-vPmq8nAtX,mE5Zf1AWhRKDQNHC_NsmV
VzLxn4IOGy5-vPmq8nAtX,iW3M5z9QsfI5jnVSJjr5j
YLi7PRqXgjCj_UJS-0B-g,Uzldz52slOyT_7tD9MSW3
YLi7PRqXgjCj_UJS-0B-g,phlunt5HJ3fBcZXrezlHN
YLi7PRqXgjCj_UJS-0B-g,PFEwpbxaA9UrKET8fDnAt
otJrggR_Se58BPWs8fyw-,n0OLj1cQnnbM3n-2eOzCj
otJrggR_Se58BPWs8fyw-,2bdRQFIcZXrYbhxeWeffc
otJrggR_Se58BPWs8fyw-,L34snMa-YMz_jT9erQqe2
Ko9_39V-2gtAW_JEL2x3S,F72UQSSv5qnV6dGq2o8t-
Ko9_39V-2gtAW_JEL2x3S,n0OLj1cQnnbM3n-2eOzCj
Ko9_39V-2gtAW_JEL2x3S,L34snMa-YMz_jT9erQqe2
EewYhm1QCOXEpXsIvPjGm,phlunt5HJ3fBcZXrezlHN
EewYhm1QCOXEpXsIvPjGm,tqy6nsKbGDANBHHt7CQaG
wo7nSPaUFO1kfjnDsQrQj,F72UQSSv5qnV6dGq2o8t-
wo7nSPaUFO1kfjnDsQrQj,n0OLj1cQnnbM3n-2eOzCj
wo7nSPaUFO1kfjnDsQrQj,Uzldz52slOyT_7tD9MSW3
EsEpcLv75chXJ6D5Ut4gD,phlunt5HJ3fBcZXrezlHN
EsEpcLv75chXJ6D5Ut4gD,WpkELU1QduAUsJRvAKneB
EsEpcLv75chXJ6D5Ut4gD,tqy6nsKbGDANBHHt7CQaG
66XrqNBcm6yrJggonBHP8,Uzldz52slOyT_7tD9MSW3
66XrqNBcm6yrJggonBHP8,phlunt5HJ3fBcZXrezlHN
lIrZO2vptkekgOACwYnhn,iW3M5z9QsfI5jnVSJjr5j
lIrZO2vptkekgOACwYnhn,phlunt5HJ3fBcZXrezlHN
PsILNe-EWkHmSu9HqGKnI,F72UQSSv5qnV6dGq2o8t-
PsILNe-EWkHmSu9HqGKnI,iW3M5z9QsfI5jnVSJjr5j
PsILNe-EWkHmSu9HqGKnI,phlunt5HJ3fBcZXrezlHN
Xv4ARH7SU_UwKmAnl53zq,PFEwpbxaA9UrKET8fDnAt
Xv4ARH7SU_UwKmAnl53zq,F72UQSSv5qnV6dGq2o8t-
BIAKiamZUy3cHmM5x1oj5,F72UQSSv5qnV6dGq2o8t-
BIAKiamZUy3cHmM5x1oj5,phlunt5HJ3fBcZXrezlHN
BIAKiamZUy3cHmM5x1oj5,hbMworHLCdna9k7lGwgWG
99cT4CRAds_7CkOrN4kcv,phlunt5HJ3fBcZXrezlHN
99cT4CRAds_7CkOrN4kcv,n0OLj1cQnnbM3n-2eOzCj
lcDbuVXzbsYA7yqNXWcje,iW3M5z9QsfI5jnVSJjr5j
lcDbuVXzbsYA7yqNXWcje,phlunt5HJ3fBcZXrezlHN
lcDbuVXzbsYA7yqNXWcje,F72UQSSv5qnV6dGq2o8t-
tKG4WSek1juLTTGTnj8av,L34snMa-YMz_jT9erQqe2
tKG4WSek1juLTTGTnj8av,iW3M5z9QsfI5jnVSJjr5j
tKG4WSek1juLTTGTnj8av,F72UQSSv5qnV6dGq2o8t-
1-EMfBXBVGUPDPjAi568b,n0OLj1cQnnbM3n-2eOzCj
1-EMfBXBVGUPDPjAi568b,phlunt5HJ3fBcZXrezlHN
YW288c1sudcbfU8hQFYvA,L34snMa-YMz_jT9erQqe2
YW288c1sudcbfU8hQFYvA,iW3M5z9QsfI5jnVSJjr5j
YW288c1sudcbfU8hQFYvA,phlunt5HJ3fBcZXrezlHN
ohBWk4lpPyxYxQtuvMJNN,n0OLj1cQnnbM3n-2eOzCj
ohBWk4lpPyxYxQtuvMJNN,mE5Zf1AWhRKDQNHC_NsmV
ohBWk4lpPyxYxQtuvMJNN,F72UQSSv5qnV6dGq2o8t-
zr_gBRIrE6vN7uu1QSeR9,F72UQSSv5qnV6dGq2o8t-
zr_gBRIrE6vN7uu1QSeR9,L34snMa-YMz_jT9erQqe2
zr_gBRIrE6vN7uu1QSeR9,mE5Zf1AWhRKDQNHC_NsmV
FWQ67A10dd4XYIXktwMQP,iW3M5z9QsfI5jnVSJjr5j
FWQ67A10dd4XYIXktwMQP,phlunt5HJ3fBcZXrezlHN
FWQ67A10dd4XYIXktwMQP,ncFeNw-5M4iGoDD-A8hBH
FWQ67A10dd4XYIXktwMQP,-5F1wQ50bue4PA2khE3sM
c4JuULx7JQ1K-es9zHb9h,n0OLj1cQnnbM3n-2eOzCj
c4JuULx7JQ1K-es9zHb9h,phlunt5HJ3fBcZXrezlHN
c4JuULx7JQ1K-es9zHb9h,2bdRQFIcZXrYbhxeWeffc
19jdY7KaEcS7l8W5CVBcE,F72UQSSv5qnV6dGq2o8t-
19jdY7KaEcS7l8W5CVBcE,n0OLj1cQnnbM3n-2eOzCj
7ozfDMQAJI_QYWOWFGAT4,iW3M5z9QsfI5jnVSJjr5j
7ozfDMQAJI_QYWOWFGAT4,L34snMa-YMz_jT9erQqe2
7ozfDMQAJI_QYWOWFGAT4,F72UQSSv5qnV6dGq2o8t-
HM7vKv2ARxpRJ5v2Ss_jy,n0OLj1cQnnbM3n-2eOzCj
HM7vKv2ARxpRJ5v2Ss_jy,phlunt5HJ3fBcZXrezlHN
HM7vKv2ARxpRJ5v2Ss_jy,2bdRQFIcZXrYbhxeWeffc
0uMc1Fx0YKHoCIdQBn5P2,n0OLj1cQnnbM3n-2eOzCj
0uMc1Fx0YKHoCIdQBn5P2,mE5Zf1AWhRKDQNHC_NsmV
0uMc1Fx0YKHoCIdQBn5P2,F72UQSSv5qnV6dGq2o8t-
1wmlF8rXsgBCeR5Wg-yys,F72UQSSv5qnV6dGq2o8t-
1wmlF8rXsgBCeR5Wg-yys,Uzldz52slOyT_7tD9MSW3
1wmlF8rXsgBCeR5Wg-yys,phlunt5HJ3fBcZXrezlHN
YJ0YWdakZzrNAQcyiVDQR,-5F1wQ50bue4PA2khE3sM
YJ0YWdakZzrNAQcyiVDQR,iW3M5z9QsfI5jnVSJjr5j
Kwc1lwsXqUN-KnuL18F9j,F72UQSSv5qnV6dGq2o8t-
Kwc1lwsXqUN-KnuL18F9j,n0OLj1cQnnbM3n-2eOzCj
Kwc1lwsXqUN-KnuL18F9j,iW3M5z9QsfI5jnVSJjr5j
Kwc1lwsXqUN-KnuL18F9j,Uzldz52slOyT_7tD9MSW3
Kwc1lwsXqUN-KnuL18F9j,ncFeNw-5M4iGoDD-A8hBH
vnQTg3ChIaz-YkbfUPjzm,Uzldz52slOyT_7tD9MSW3
vnQTg3ChIaz-YkbfUPjzm,L34snMa-YMz_jT9erQqe2
vnQTg3ChIaz-YkbfUPjzm,n0OLj1cQnnbM3n-2eOzCj
UDD-95uSrPKg0LpY9KqI8,ncFeNw-5M4iGoDD-A8hBH
UDD-95uSrPKg0LpY9KqI8,iW3M5z9QsfI5jnVSJjr5j
UDD-95uSrPKg0LpY9KqI8,F72UQSSv5qnV6dGq2o8t-
Mnv0ys2xpsUBTS-b9dQN4,PFEwpbxaA9UrKET8fDnAt
Mnv0ys2xpsUBTS-b9dQN4,n0OLj1cQnnbM3n-2eOzCj
Mnv0ys2xpsUBTS-b9dQN4,iW3M5z9QsfI5jnVSJjr5j
Mnv0ys2xpsUBTS-b9dQN4,Uzldz52slOyT_7tD9MSW3
jonO63yblnQhCUcFDNtrr,phlunt5HJ3fBcZXrezlHN
jonO63yblnQhCUcFDNtrr,tqy6nsKbGDANBHHt7CQaG
jonO63yblnQhCUcFDNtrr,n0OLj1cQnnbM3n-2eOzCj
NlmzFDaHOo5me1NVwLckj,n0OLj1cQnnbM3n-2eOzCj
NlmzFDaHOo5me1NVwLckj,mE5Zf1AWhRKDQNHC_NsmV
NlmzFDaHOo5me1NVwLckj,L34snMa-YMz_jT9erQqe2
NlmzFDaHOo5me1NVwLckj,phlunt5HJ3fBcZXrezlHN
mWqOH8mQkoGBB-i7Dlf_j,F72UQSSv5qnV6dGq2o8t-
mWqOH8mQkoGBB-i7Dlf_j,n0OLj1cQnnbM3n-2eOzCj
mWqOH8mQkoGBB-i7Dlf_j,Uzldz52slOyT_7tD9MSW3
mWqOH8mQkoGBB-i7Dlf_j,ncFeNw-5M4iGoDD-A8hBH
Vu9FYSSoesO2SoZtEUFov,ncFeNw-5M4iGoDD-A8hBH
Vu9FYSSoesO2SoZtEUFov,iW3M5z9QsfI5jnVSJjr5j
Vu9FYSSoesO2SoZtEUFov,L34snMa-YMz_jT9erQqe2
7Ogk8nmYXGCZMlYoPNEop,Uzldz52slOyT_7tD9MSW3
7Ogk8nmYXGCZMlYoPNEop,phlunt5HJ3fBcZXrezlHN
7Ogk8nmYXGCZMlYoPNEop,PFEwpbxaA9UrKET8fDnAt
2j30iE2hyRcU6ZrwRwEt4,F72UQSSv5qnV6dGq2o8t-
2j30iE2hyRcU6ZrwRwEt4,n0OLj1cQnnbM3n-2eOzCj
2j30iE2hyRcU6ZrwRwEt4,iW3M5z9QsfI5jnVSJjr5j
2j30iE2hyRcU6ZrwRwEt4,Uzldz52slOyT_7tD9MSW3
6nCgdRLbczzwiCV6lMChd,F72UQSSv5qnV6dGq2o8t-
6nCgdRLbczzwiCV6lMChd,n0OLj1cQnnbM3n-2eOzCj
6nCgdRLbczzwiCV6lMChd,phlunt5HJ3fBcZXrezlHN
8UTDhe8Tbk5-Z6qfwO_95,L34snMa-YMz_jT9erQqe2
8UTDhe8Tbk5-Z6qfwO_95,n0OLj1cQnnbM3n-2eOzCj
8UTDhe8Tbk5-Z6qfwO_95,F72UQSSv5qnV6dGq2o8t-
dmgYzorXw1jcgRNchd2z5,2bdRQFIcZXrYbhxeWeffc
dmgYzorXw1jcgRNchd2z5,n0OLj1cQnnbM3n-2eOzCj
dmgYzorXw1jcgRNchd2z5,L34snMa-YMz_jT9erQqe2
3t4THZkSfHaxu-EvTEmnc,Uzldz52slOyT_7tD9MSW3
3t4THZkSfHaxu-EvTEmnc,L34snMa-YMz_jT9erQqe2
3t4THZkSfHaxu-EvTEmnc,phlunt5HJ3fBcZXrezlHN
YhvEjZM7VNqhnuCEpATJ7,F72UQSSv5qnV6dGq2o8t-
YhvEjZM7VNqhnuCEpATJ7,n0OLj1cQnnbM3n-2eOzCj
YhvEjZM7VNqhnuCEpATJ7,mE5Zf1AWhRKDQNHC_NsmV
YhvEjZM7VNqhnuCEpATJ7,iW3M5z9QsfI5jnVSJjr5j
YhvEjZM7VNqhnuCEpATJ7,Uzldz52slOyT_7tD9MSW3
hqYPeduv4OHEz2XNHg9J5,L34snMa-YMz_jT9erQqe2
hqYPeduv4OHEz2XNHg9J5,iW3M5z9QsfI5jnVSJjr5j
hqYPeduv4OHEz2XNHg9J5,phlunt5HJ3fBcZXrezlHN
2xVaEeaSHNYGlh_uQdvL-,F72UQSSv5qnV6dGq2o8t-
2xVaEeaSHNYGlh_uQdvL-,n0OLj1cQnnbM3n-2eOzCj
2xVaEeaSHNYGlh_uQdvL-,mE5Zf1AWhRKDQNHC_NsmV
2xVaEeaSHNYGlh_uQdvL-,phlunt5HJ3fBcZXrezlHN
TfxtuQWDyUoY4w52jnxev,iW3M5z9QsfI5jnVSJjr5j
TfxtuQWDyUoY4w52jnxev,L34snMa-YMz_jT9erQqe2
TfxtuQWDyUoY4w52jnxev,F72UQSSv5qnV6dGq2o8t-
PuADP2hVlwhtTjnQnoIlr,F72UQSSv5qnV6dGq2o8t-
PuADP2hVlwhtTjnQnoIlr,Uzldz52slOyT_7tD9MSW3
PuADP2hVlwhtTjnQnoIlr,n0OLj1cQnnbM3n-2eOzCj
Pbjs7HFC46GdlWxySRkUi,L34snMa-YMz_jT9erQqe2
Pbjs7HFC46GdlWxySRkUi,n0OLj1cQnnbM3n-2eOzCj
Pbjs7HFC46GdlWxySRkUi,PFEwpbxaA9UrKET8fDnAt
x5_docqLLwF6h4BW-0Lt6,2bdRQFIcZXrYbhxeWeffc
x5_docqLLwF6h4BW-0Lt6,n0OLj1cQnnbM3n-2eOzCj
x5_docqLLwF6h4BW-0Lt6,mE5Zf1AWhRKDQNHC_NsmV
m6PsiYYVRduNnof7KadpO,F72UQSSv5qnV6dGq2o8t-
m6PsiYYVRduNnof7KadpO,iW3M5z9QsfI5jnVSJjr5j
m6PsiYYVRduNnof7KadpO,phlunt5HJ3fBcZXrezlHN
FmljldIkFBhA8AX37Gz9F,phlunt5HJ3fBcZXrezlHN
FmljldIkFBhA8AX37Gz9F,n0OLj1cQnnbM3n-2eOzCj
FmljldIkFBhA8AX37Gz9F,mE5Zf1AWhRKDQNHC_NsmV
vGNc4yMB2xfko7lyde2Zt,n0OLj1cQnnbM3n-2eOzCj
vGNc4yMB2xfko7lyde2Zt,PFEwpbxaA9UrKET8fDnAt
OnwXF9y2KiwUYjWmiVzr0,F72UQSSv5qnV6dGq2o8t-
OnwXF9y2KiwUYjWmiVzr0,n0OLj1cQnnbM3n-2eOzCj
OnwXF9y2KiwUYjWmiVzr0,iW3M5z9QsfI5jnVSJjr5j
5xy140uxoy8U2JRniD3Y8,L34snMa-YMz_jT9erQqe2
5xy140uxoy8U2JRniD3Y8,iW3M5z9QsfI5jnVSJjr5j
qh_6KPSQNYQl5-G9pPdNF,-Q1NyL2hihfCdselYbnjo
qh_6KPSQNYQl5-G9pPdNF,ncFeNw-5M4iGoDD-A8hBH
qh_6KPSQNYQl5-G9pPdNF,iW3M5z9QsfI5jnVSJjr5j
kaLut15nXzCXIjR8_MN_c,F72UQSSv5qnV6dGq2o8t-
kaLut15nXzCXIjR8_MN_c,l9bkiReXBvPDuJX6TdvDu
kaLut15nXzCXIjR8_MN_c,Uzldz52slOyT_7tD9MSW3
kaLut15nXzCXIjR8_MN_c,ncFeNw-5M4iGoDD-A8hBH
1bf2G5zOgmTfeZLB1MY1w,2bdRQFIcZXrYbhxeWeffc
1bf2G5zOgmTfeZLB1MY1w,n0OLj1cQnnbM3n-2eOzCj
0Ckd6qx-Vleno8ZkOLGsY,F72UQSSv5qnV6dGq2o8t-
0Ckd6qx-Vleno8ZkOLGsY,Uzldz52slOyT_7tD9MSW3
0Ckd6qx-Vleno8ZkOLGsY,phlunt5HJ3fBcZXrezlHN
Coa7pt_TZmquwl24wJBcO,F72UQSSv5qnV6dGq2o8t-
Coa7pt_TZmquwl24wJBcO,Uzldz52slOyT_7tD9MSW3
Coa7pt_TZmquwl24wJBcO,iW3M5z9QsfI5jnVSJjr5j
cz8MaUu-1YOGw130baLSv,F72UQSSv5qnV6dGq2o8t-
cz8MaUu-1YOGw130baLSv,iW3M5z9QsfI5jnVSJjr5j
cz8MaUu-1YOGw130baLSv,phlunt5HJ3fBcZXrezlHN
SYBMLYehCTH3SHwy08xnP,n0OLj1cQnnbM3n-2eOzCj
SYBMLYehCTH3SHwy08xnP,PFEwpbxaA9UrKET8fDnAt
tYNHdCnI-BvQpcpCAjdyD,F72UQSSv5qnV6dGq2o8t-
tYNHdCnI-BvQpcpCAjdyD,mE5Zf1AWhRKDQNHC_NsmV
tYNHdCnI-BvQpcpCAjdyD,n0OLj1cQnnbM3n-2eOzCj
l8vTwHik5Q7YYhjT0zybV,n0OLj1cQnnbM3n-2eOzCj
l8vTwHik5Q7YYhjT0zybV,F72UQSSv5qnV6dGq2o8t-
l8vTwHik5Q7YYhjT0zybV,hbMworHLCdna9k7lGwgWG
rpbOcR9x6hre5XmsY6hX3,ncFeNw-5M4iGoDD-A8hBH
rpbOcR9x6hre5XmsY6hX3,iW3M5z9QsfI5jnVSJjr5j
rpbOcR9x6hre5XmsY6hX3,phlunt5HJ3fBcZXrezlHN
r8UGPaHxtCbvyVFfyNmMh,F72UQSSv5qnV6dGq2o8t-
r8UGPaHxtCbvyVFfyNmMh,Uzldz52slOyT_7tD9MSW3
r8UGPaHxtCbvyVFfyNmMh,phlunt5HJ3fBcZXrezlHN
Z78l6gLwZpJzlQCCH3FRV,n0OLj1cQnnbM3n-2eOzCj
Z78l6gLwZpJzlQCCH3FRV,PFEwpbxaA9UrKET8fDnAt
Z78l6gLwZpJzlQCCH3FRV,2bdRQFIcZXrYbhxeWeffc
XkVIRUWcQKdULa8QDDn2C,PFEwpbxaA9UrKET8fDnAt
XkVIRUWcQKdULa8QDDn2C,F72UQSSv5qnV6dGq2o8t-
MJeowmEkggn4ZqN3cUUaa,iW3M5z9QsfI5jnVSJjr5j
MJeowmEkggn4ZqN3cUUaa,F72UQSSv5qnV6dGq2o8t-
nh9oPP_ZKCOPox41qvAHP,F72UQSSv5qnV6dGq2o8t-
nh9oPP_ZKCOPox41qvAHP,PFEwpbxaA9UrKET8fDnAt
nh9oPP_ZKCOPox41qvAHP,n0OLj1cQnnbM3n-2eOzCj
In3N33zoHCEmaw-BcpWxK,ncFeNw-5M4iGoDD-A8hBH
In3N33zoHCEmaw-BcpWxK,iW3M5z9QsfI5jnVSJjr5j
In3N33zoHCEmaw-BcpWxK,F72UQSSv5qnV6dGq2o8t-
I4HkQhqOWO6NBtoyN5AVG,PFEwpbxaA9UrKET8fDnAt
I4HkQhqOWO6NBtoyN5AVG,n0OLj1cQnnbM3n-2eOzCj
I4HkQhqOWO6NBtoyN5AVG,Uzldz52slOyT_7tD9MSW3
iZCJHZTp3bcwAUs35nB-_,L34snMa-YMz_jT9erQqe2
iZCJHZTp3bcwAUs35nB-_,n0OLj1cQnnbM3n-2eOzCj
iZCJHZTp3bcwAUs35nB-_,phlunt5HJ3fBcZXrezlHN
SIxtNDLGOYkVBk2dli8t8,F72UQSSv5qnV6dGq2o8t-
SIxtNDLGOYkVBk2dli8t8,n0OLj1cQnnbM3n-2eOzCj
SIxtNDLGOYkVBk2dli8t8,phlunt5HJ3fBcZXrezlHN
J1cIFXM5yK9H2IJeVgIIy,F72UQSSv5qnV6dGq2o8t-
J1cIFXM5yK9H2IJeVgIIy,Uzldz52slOyT_7tD9MSW3
J1cIFXM5yK9H2IJeVgIIy,iW3M5z9QsfI5jnVSJjr5j
TSxd9F-t3m8ZsCnoUgpui,F72UQSSv5qnV6dGq2o8t-
TSxd9F-t3m8ZsCnoUgpui,-Q1NyL2hihfCdselYbnjo
TSxd9F-t3m8ZsCnoUgpui,phlunt5HJ3fBcZXrezlHN
tleA85Lx2BiOZaaGIGY6S,F72UQSSv5qnV6dGq2o8t-
tleA85Lx2BiOZaaGIGY6S,ncFeNw-5M4iGoDD-A8hBH
tleA85Lx2BiOZaaGIGY6S,iW3M5z9QsfI5jnVSJjr5j
tleA85Lx2BiOZaaGIGY6S,phlunt5HJ3fBcZXrezlHN
44ahRSQdJcJbAZ9eKsVvW,iW3M5z9QsfI5jnVSJjr5j
44ahRSQdJcJbAZ9eKsVvW,L34snMa-YMz_jT9erQqe2
44ahRSQdJcJbAZ9eKsVvW,F72UQSSv5qnV6dGq2o8t-
C2F1tKSEfLy_gW4rl4Hum,F72UQSSv5qnV6dGq2o8t-
C2F1tKSEfLy_gW4rl4Hum,KcVqSqCqpBoUqNfNlAkE7
C2F1tKSEfLy_gW4rl4Hum,L34snMa-YMz_jT9erQqe2
C2F1tKSEfLy_gW4rl4Hum,mE5Zf1AWhRKDQNHC_NsmV
cmZVmVhLAqlccIZiaT3bj,n0OLj1cQnnbM3n-2eOzCj
cmZVmVhLAqlccIZiaT3bj,phlunt5HJ3fBcZXrezlHN
cmZVmVhLAqlccIZiaT3bj,L34snMa-YMz_jT9erQqe2
j7MzPWf5WJS8ZD8B8OKSC,L34snMa-YMz_jT9erQqe2
j7MzPWf5WJS8ZD8B8OKSC,phlunt5HJ3fBcZXrezlHN
Z1tEJpUlJThsVRb9cdg0Z,phlunt5HJ3fBcZXrezlHN
Z1tEJpUlJThsVRb9cdg0Z,Uzldz52slOyT_7tD9MSW3
Z1tEJpUlJThsVRb9cdg0Z,PFEwpbxaA9UrKET8fDnAt
DIZr4tuKdF2a83IJYk7a0,Uzldz52slOyT_7tD9MSW3
DIZr4tuKdF2a83IJYk7a0,n0OLj1cQnnbM3n-2eOzCj
DIZr4tuKdF2a83IJYk7a0,phlunt5HJ3fBcZXrezlHN
hhrKf0bnsuvTfZFKBUoxx,F72UQSSv5qnV6dGq2o8t-
hhrKf0bnsuvTfZFKBUoxx,Uzldz52slOyT_7tD9MSW3
hhrKf0bnsuvTfZFKBUoxx,n0OLj1cQnnbM3n-2eOzCj
tZmkELmOwFt0FPZXtQmft,n0OLj1cQnnbM3n-2eOzCj
tZmkELmOwFt0FPZXtQmft,mE5Zf1AWhRKDQNHC_NsmV
tZmkELmOwFt0FPZXtQmft,2bdRQFIcZXrYbhxeWeffc
tZmkELmOwFt0FPZXtQmft,L34snMa-YMz_jT9erQqe2
kJHJPtOOSB08ujW_R7C9N,Uzldz52slOyT_7tD9MSW3
kJHJPtOOSB08ujW_R7C9N,F72UQSSv5qnV6dGq2o8t-
goy-faNdjBOycKbmuyueJ,n0OLj1cQnnbM3n-2eOzCj
goy-faNdjBOycKbmuyueJ,mE5Zf1AWhRKDQNHC_NsmV
goy-faNdjBOycKbmuyueJ,F72UQSSv5qnV6dGq2o8t-
u5lo_OEvhheQayq06qc7O,F72UQSSv5qnV6dGq2o8t-
u5lo_OEvhheQayq06qc7O,n0OLj1cQnnbM3n-2eOzCj
u5lo_OEvhheQayq06qc7O,iW3M5z9QsfI5jnVSJjr5j
tEwoHx2UKw19ZxBiHFcGw,L34snMa-YMz_jT9erQqe2
tEwoHx2UKw19ZxBiHFcGw,iW3M5z9QsfI5jnVSJjr5j
tEwoHx2UKw19ZxBiHFcGw,n0OLj1cQnnbM3n-2eOzCj
QTn-ueLe4jARzRywWuwhb,mE5Zf1AWhRKDQNHC_NsmV
QTn-ueLe4jARzRywWuwhb,n0OLj1cQnnbM3n-2eOzCj
_jpk0tYmc0veGgrhYIqa1,F72UQSSv5qnV6dGq2o8t-
_jpk0tYmc0veGgrhYIqa1,iW3M5z9QsfI5jnVSJjr5j
_jpk0tYmc0veGgrhYIqa1,n0OLj1cQnnbM3n-2eOzCj
_jpk0tYmc0veGgrhYIqa1,Uzldz52slOyT_7tD9MSW3
_jpk0tYmc0veGgrhYIqa1,ncFeNw-5M4iGoDD-A8hBH
ZSSMDqMX5HtdmV6kBOhf7,Uzldz52slOyT_7tD9MSW3
ZSSMDqMX5HtdmV6kBOhf7,phlunt5HJ3fBcZXrezlHN
LZ-MpjNk9GciwPNhepwIE,n0OLj1cQnnbM3n-2eOzCj
LZ-MpjNk9GciwPNhepwIE,phlunt5HJ3fBcZXrezlHN
LZ-MpjNk9GciwPNhepwIE,tqy6nsKbGDANBHHt7CQaG
SO2NJaT9vvkacBEamPb-p,phlunt5HJ3fBcZXrezlHN
SO2NJaT9vvkacBEamPb-p,n0OLj1cQnnbM3n-2eOzCj
SO2NJaT9vvkacBEamPb-p,tqy6nsKbGDANBHHt7CQaG
Md8Mh0UwSBbbPUlfF0ftP,Uzldz52slOyT_7tD9MSW3
Md8Mh0UwSBbbPUlfF0ftP,n0OLj1cQnnbM3n-2eOzCj
nGidJ67Mg9UsJPEvyFnwk,F72UQSSv5qnV6dGq2o8t-
nGidJ67Mg9UsJPEvyFnwk,n0OLj1cQnnbM3n-2eOzCj
nGidJ67Mg9UsJPEvyFnwk,Uzldz52slOyT_7tD9MSW3
-N-1ZwI9I3zmQpfZ7_HOf,phlunt5HJ3fBcZXrezlHN
-N-1ZwI9I3zmQpfZ7_HOf,Uzldz52slOyT_7tD9MSW3
z_3Cuany-9erVkiMkVZRX,iW3M5z9QsfI5jnVSJjr5j
z_3Cuany-9erVkiMkVZRX,phlunt5HJ3fBcZXrezlHN
aLLXbyZBmOnC0F-ZUiS_I,L34snMa-YMz_jT9erQqe2
aLLXbyZBmOnC0F-ZUiS_I,iW3M5z9QsfI5jnVSJjr5j
r9ztkwQWmcMOXZII4zh7p,F72UQSSv5qnV6dGq2o8t-
r9ztkwQWmcMOXZII4zh7p,n0OLj1cQnnbM3n-2eOzCj
r9ztkwQWmcMOXZII4zh7p,phlunt5HJ3fBcZXrezlHN
7g0Et2iO_qqae7JrsTNF_,F72UQSSv5qnV6dGq2o8t-
7g0Et2iO_qqae7JrsTNF_,n0OLj1cQnnbM3n-2eOzCj
7g0Et2iO_qqae7JrsTNF_,iW3M5z9QsfI5jnVSJjr5j
7g0Et2iO_qqae7JrsTNF_,phlunt5HJ3fBcZXrezlHN
EoaTiepiJ1GCL5VFvVbnz,n0OLj1cQnnbM3n-2eOzCj
EoaTiepiJ1GCL5VFvVbnz,mE5Zf1AWhRKDQNHC_NsmV
EoaTiepiJ1GCL5VFvVbnz,F72UQSSv5qnV6dGq2o8t-
2BwXmteAiOTA54DUjj6fS,iW3M5z9QsfI5jnVSJjr5j
2BwXmteAiOTA54DUjj6fS,Uzldz52slOyT_7tD9MSW3
2BwXmteAiOTA54DUjj6fS,phlunt5HJ3fBcZXrezlHN
ugJjCiNe8inOT_-3y0Z0L,L34snMa-YMz_jT9erQqe2
ugJjCiNe8inOT_-3y0Z0L,iW3M5z9QsfI5jnVSJjr5j
ugJjCiNe8inOT_-3y0Z0L,phlunt5HJ3fBcZXrezlHN
NGjvGO9jZxoNtsqM0Yv19,F72UQSSv5qnV6dGq2o8t-
NGjvGO9jZxoNtsqM0Yv19,n0OLj1cQnnbM3n-2eOzCj
NGjvGO9jZxoNtsqM0Yv19,iW3M5z9QsfI5jnVSJjr5j
NGjvGO9jZxoNtsqM0Yv19,Uzldz52slOyT_7tD9MSW3
Wz52CiauWRYPX4u8XLEFJ,phlunt5HJ3fBcZXrezlHN
Wz52CiauWRYPX4u8XLEFJ,tqy6nsKbGDANBHHt7CQaG
Wz52CiauWRYPX4u8XLEFJ,n0OLj1cQnnbM3n-2eOzCj
qPNmEFwel4_6moBPMvmJv,n0OLj1cQnnbM3n-2eOzCj
qPNmEFwel4_6moBPMvmJv,phlunt5HJ3fBcZXrezlHN
qPNmEFwel4_6moBPMvmJv,tqy6nsKbGDANBHHt7CQaG
hbiu6RaGHpdAB_nOY5iN9,F72UQSSv5qnV6dGq2o8t-
hbiu6RaGHpdAB_nOY5iN9,Uzldz52slOyT_7tD9MSW3
hbiu6RaGHpdAB_nOY5iN9,mE5Zf1AWhRKDQNHC_NsmV
SqV8c85rSre3pdr8ZyjjX,F72UQSSv5qnV6dGq2o8t-
SqV8c85rSre3pdr8ZyjjX,n0OLj1cQnnbM3n-2eOzCj
SqV8c85rSre3pdr8ZyjjX,PFEwpbxaA9UrKET8fDnAt
SqV8c85rSre3pdr8ZyjjX,-5F1wQ50bue4PA2khE3sM
LPnMmt6lEEMpELIhjrL1v,F72UQSSv5qnV6dGq2o8t-
LPnMmt6lEEMpELIhjrL1v,n0OLj1cQnnbM3n-2eOzCj
LPnMmt6lEEMpELIhjrL1v,mE5Zf1AWhRKDQNHC_NsmV
LPnMmt6lEEMpELIhjrL1v,phlunt5HJ3fBcZXrezlHN
gMdXMLWA4owdZrlDwZI2l,n0OLj1cQnnbM3n-2eOzCj
gMdXMLWA4owdZrlDwZI2l,mE5Zf1AWhRKDQNHC_NsmV
gMdXMLWA4owdZrlDwZI2l,F72UQSSv5qnV6dGq2o8t-
QCSP2K2iRrBofBQ8G5t-c,ncFeNw-5M4iGoDD-A8hBH
QCSP2K2iRrBofBQ8G5t-c,iW3M5z9QsfI5jnVSJjr5j
QCSP2K2iRrBofBQ8G5t-c,F72UQSSv5qnV6dGq2o8t-
cRWz5TwKklnwixtjabRzy,tqy6nsKbGDANBHHt7CQaG
cRWz5TwKklnwixtjabRzy,n0OLj1cQnnbM3n-2eOzCj
LACMZQqIzmgvXdHRWVLFL,L34snMa-YMz_jT9erQqe2
LACMZQqIzmgvXdHRWVLFL,iW3M5z9QsfI5jnVSJjr5j
MGLRhD9PeLHNZ91awjWWb,iW3M5z9QsfI5jnVSJjr5j
MGLRhD9PeLHNZ91awjWWb,L34snMa-YMz_jT9erQqe2
MGLRhD9PeLHNZ91awjWWb,F72UQSSv5qnV6dGq2o8t-
xOX_zx9Wxz5SHVNswN1gj,n0OLj1cQnnbM3n-2eOzCj
xOX_zx9Wxz5SHVNswN1gj,phlunt5HJ3fBcZXrezlHN
xOX_zx9Wxz5SHVNswN1gj,tqy6nsKbGDANBHHt7CQaG
mTiB2gaMLZzv9CwbbBhpZ,tqy6nsKbGDANBHHt7CQaG
mTiB2gaMLZzv9CwbbBhpZ,n0OLj1cQnnbM3n-2eOzCj
mTiB2gaMLZzv9CwbbBhpZ,phlunt5HJ3fBcZXrezlHN
V1r58GTuzYWW-ZtvWVrYs,n0OLj1cQnnbM3n-2eOzCj
V1r58GTuzYWW-ZtvWVrYs,PFEwpbxaA9UrKET8fDnAt
V1r58GTuzYWW-ZtvWVrYs,F72UQSSv5qnV6dGq2o8t-
gLzEB772iN5eflVr_PQcz,F72UQSSv5qnV6dGq2o8t-
gLzEB772iN5eflVr_PQcz,iW3M5z9QsfI5jnVSJjr5j
gLzEB772iN5eflVr_PQcz,phlunt5HJ3fBcZXrezlHN
h9F0O3Uvy0C4Bv4Hc7rEb,iW3M5z9QsfI5jnVSJjr5j
h9F0O3Uvy0C4Bv4Hc7rEb,phlunt5HJ3fBcZXrezlHN
h9F0O3Uvy0C4Bv4Hc7rEb,-5F1wQ50bue4PA2khE3sM
auNSIFHBdDQoQn6y1kERM,Uzldz52slOyT_7tD9MSW3
auNSIFHBdDQoQn6y1kERM,phlunt5HJ3fBcZXrezlHN
auNSIFHBdDQoQn6y1kERM,F72UQSSv5qnV6dGq2o8t-
DMDTRHOPpmcNAJ44M9O0E,PFEwpbxaA9UrKET8fDnAt
DMDTRHOPpmcNAJ44M9O0E,Uzldz52slOyT_7tD9MSW3
DMDTRHOPpmcNAJ44M9O0E,iW3M5z9QsfI5jnVSJjr5j
xZWtV11pbC4ue4JqYRMNg,l9bkiReXBvPDuJX6TdvDu
xZWtV11pbC4ue4JqYRMNg,L34snMa-YMz_jT9erQqe2
xZWtV11pbC4ue4JqYRMNg,n0OLj1cQnnbM3n-2eOzCj
IyDVjPt8hkA--JiqkV6x-,Uzldz52slOyT_7tD9MSW3
IyDVjPt8hkA--JiqkV6x-,phlunt5HJ3fBcZXrezlHN
IyDVjPt8hkA--JiqkV6x-,L34snMa-YMz_jT9erQqe2
K0vxtaJfGSROOzCUZPo3s,F72UQSSv5qnV6dGq2o8t-
K0vxtaJfGSROOzCUZPo3s,n0OLj1cQnnbM3n-2eOzCj
K0vxtaJfGSROOzCUZPo3s,iW3M5z9QsfI5jnVSJjr5j
rxAuC5ilBXM6cOQ5qabu2,F72UQSSv5qnV6dGq2o8t-
rxAuC5ilBXM6cOQ5qabu2,iW3M5z9QsfI5jnVSJjr5j
Ckj3fvF9lFCh2mnNkwWfG,n0OLj1cQnnbM3n-2eOzCj
Ckj3fvF9lFCh2mnNkwWfG,mE5Zf1AWhRKDQNHC_NsmV
Ckj3fvF9lFCh2mnNkwWfG,F72UQSSv5qnV6dGq2o8t-
5DnNVOFlc4LYRRmrWtvVl,F72UQSSv5qnV6dGq2o8t-
5DnNVOFlc4LYRRmrWtvVl,KcVqSqCqpBoUqNfNlAkE7
5DnNVOFlc4LYRRmrWtvVl,mE5Zf1AWhRKDQNHC_NsmV
HsD9qGOcX3NV0evimayfW,Uzldz52slOyT_7tD9MSW3
HsD9qGOcX3NV0evimayfW,n0OLj1cQnnbM3n-2eOzCj
HsD9qGOcX3NV0evimayfW,phlunt5HJ3fBcZXrezlHN
7SdJgxxRN5oGZdztxFfic,-Q1NyL2hihfCdselYbnjo
7SdJgxxRN5oGZdztxFfic,ncFeNw-5M4iGoDD-A8hBH
7SdJgxxRN5oGZdztxFfic,phlunt5HJ3fBcZXrezlHN
7SdJgxxRN5oGZdztxFfic,2bdRQFIcZXrYbhxeWeffc
7SdJgxxRN5oGZdztxFfic,Uzldz52slOyT_7tD9MSW3
hk-SqQ4wVLO5o8f4OR-lR,n0OLj1cQnnbM3n-2eOzCj
hk-SqQ4wVLO5o8f4OR-lR,mE5Zf1AWhRKDQNHC_NsmV
hk-SqQ4wVLO5o8f4OR-lR,phlunt5HJ3fBcZXrezlHN
tkWiOP_tx0VpmHXrzEb-a,n0OLj1cQnnbM3n-2eOzCj
tkWiOP_tx0VpmHXrzEb-a,mE5Zf1AWhRKDQNHC_NsmV
tkWiOP_tx0VpmHXrzEb-a,F72UQSSv5qnV6dGq2o8t-
V44FPTfoIav3-i0bkltp4,L34snMa-YMz_jT9erQqe2
V44FPTfoIav3-i0bkltp4,iW3M5z9QsfI5jnVSJjr5j
V44FPTfoIav3-i0bkltp4,F72UQSSv5qnV6dGq2o8t-
rMIrJsa-3lOkGV95nZRZ3,n0OLj1cQnnbM3n-2eOzCj
rMIrJsa-3lOkGV95nZRZ3,F72UQSSv5qnV6dGq2o8t-
4-TVSNKVrJxl53aGbNUzB,F72UQSSv5qnV6dGq2o8t-
4-TVSNKVrJxl53aGbNUzB,n0OLj1cQnnbM3n-2eOzCj
4-TVSNKVrJxl53aGbNUzB,Uzldz52slOyT_7tD9MSW3
pjUmzZyO-h2B5G0hE1NeK,L34snMa-YMz_jT9erQqe2
pjUmzZyO-h2B5G0hE1NeK,iW3M5z9QsfI5jnVSJjr5j
kAcUOcVYhZS5GgNHJxxQm,iW3M5z9QsfI5jnVSJjr5j
kAcUOcVYhZS5GgNHJxxQm,phlunt5HJ3fBcZXrezlHN
kAcUOcVYhZS5GgNHJxxQm,-5F1wQ50bue4PA2khE3sM
sL-otPYQhH6huuvKeO5eQ,phlunt5HJ3fBcZXrezlHN
sL-otPYQhH6huuvKeO5eQ,-Q1NyL2hihfCdselYbnjo
sL-otPYQhH6huuvKeO5eQ,Uzldz52slOyT_7tD9MSW3
H_03cBIDpJ4zsNqmVI6LP,iW3M5z9QsfI5jnVSJjr5j
H_03cBIDpJ4zsNqmVI6LP,L34snMa-YMz_jT9erQqe2
wXqudJ2wqajj2X4VKyDcx,F72UQSSv5qnV6dGq2o8t-
wXqudJ2wqajj2X4VKyDcx,n0OLj1cQnnbM3n-2eOzCj
wXqudJ2wqajj2X4VKyDcx,L34snMa-YMz_jT9erQqe2
wXqudJ2wqajj2X4VKyDcx,Uzldz52slOyT_7tD9MSW3
2iBgXyCd8X_WKGYl-d7oh,F72UQSSv5qnV6dGq2o8t-
2iBgXyCd8X_WKGYl-d7oh,n0OLj1cQnnbM3n-2eOzCj
2iBgXyCd8X_WKGYl-d7oh,iW3M5z9QsfI5jnVSJjr5j
2iBgXyCd8X_WKGYl-d7oh,Uzldz52slOyT_7tD9MSW3
sgoqojl_AWwwQaQZJRfx5,n0OLj1cQnnbM3n-2eOzCj
sgoqojl_AWwwQaQZJRfx5,mE5Zf1AWhRKDQNHC_NsmV
sgoqojl_AWwwQaQZJRfx5,F72UQSSv5qnV6dGq2o8t-
osfA941sp3VjMv-SSnYwJ,L34snMa-YMz_jT9erQqe2
osfA941sp3VjMv-SSnYwJ,iW3M5z9QsfI5jnVSJjr5j
osfA941sp3VjMv-SSnYwJ,F72UQSSv5qnV6dGq2o8t-
5HrwIS5NV9Je0XxmsN_ey,Uzldz52slOyT_7tD9MSW3
5HrwIS5NV9Je0XxmsN_ey,iW3M5z9QsfI5jnVSJjr5j
5HrwIS5NV9Je0XxmsN_ey,n0OLj1cQnnbM3n-2eOzCj
4w1Rwd2wNEanlk2UVPR4m,phlunt5HJ3fBcZXrezlHN
4w1Rwd2wNEanlk2UVPR4m,tqy6nsKbGDANBHHt7CQaG
y4GBhdLiVUO4kxWdmQ5Y8,F72UQSSv5qnV6dGq2o8t-
y4GBhdLiVUO4kxWdmQ5Y8,n0OLj1cQnnbM3n-2eOzCj
y4GBhdLiVUO4kxWdmQ5Y8,mE5Zf1AWhRKDQNHC_NsmV
u74fxLCyTuvFxFofOVQ-r,-Q1NyL2hihfCdselYbnjo
u74fxLCyTuvFxFofOVQ-r,ncFeNw-5M4iGoDD-A8hBH
u74fxLCyTuvFxFofOVQ-r,iW3M5z9QsfI5jnVSJjr5j
54i0-Uuh8J3N31n5QdA_h,ncFeNw-5M4iGoDD-A8hBH
54i0-Uuh8J3N31n5QdA_h,iW3M5z9QsfI5jnVSJjr5j
54i0-Uuh8J3N31n5QdA_h,F72UQSSv5qnV6dGq2o8t-
GhPqQF7bPwI7PBgv_ks_H,phlunt5HJ3fBcZXrezlHN
GhPqQF7bPwI7PBgv_ks_H,tqy6nsKbGDANBHHt7CQaG
GhPqQF7bPwI7PBgv_ks_H,n0OLj1cQnnbM3n-2eOzCj
OYKx6__uCLYsXRJ-vnU4N,mE5Zf1AWhRKDQNHC_NsmV
OYKx6__uCLYsXRJ-vnU4N,n0OLj1cQnnbM3n-2eOzCj
OYKx6__uCLYsXRJ-vnU4N,F72UQSSv5qnV6dGq2o8t-
3-K1IUO49wSP7d974r5d9,F72UQSSv5qnV6dGq2o8t-
3-K1IUO49wSP7d974r5d9,n0OLj1cQnnbM3n-2eOzCj
3-K1IUO49wSP7d974r5d9,L34snMa-YMz_jT9erQqe2
3-K1IUO49wSP7d974r5d9,Uzldz52slOyT_7tD9MSW3
ODyBuEOxgPgRA-ncSm-3-,F72UQSSv5qnV6dGq2o8t-
ODyBuEOxgPgRA-ncSm-3-,n0OLj1cQnnbM3n-2eOzCj
ODyBuEOxgPgRA-ncSm-3-,phlunt5HJ3fBcZXrezlHN
ODyBuEOxgPgRA-ncSm-3-,Uzldz52slOyT_7tD9MSW3
DOjQcwRdfiU1pnw0Pny9b,Uzldz52slOyT_7tD9MSW3
DOjQcwRdfiU1pnw0Pny9b,F72UQSSv5qnV6dGq2o8t-
L7zdLgNGUhGb3JW4B_xzx,n0OLj1cQnnbM3n-2eOzCj
L7zdLgNGUhGb3JW4B_xzx,2bdRQFIcZXrYbhxeWeffc
L7zdLgNGUhGb3JW4B_xzx,mE5Zf1AWhRKDQNHC_NsmV
cVj-kZMkMyjATa5mROsM1,iW3M5z9QsfI5jnVSJjr5j
cVj-kZMkMyjATa5mROsM1,phlunt5HJ3fBcZXrezlHN
4ObXJ6opNsKXNaFBTwSMi,phlunt5HJ3fBcZXrezlHN
4ObXJ6opNsKXNaFBTwSMi,tqy6nsKbGDANBHHt7CQaG
mtn6Ier_sTRBHERVh3baO,Uzldz52slOyT_7tD9MSW3
mtn6Ier_sTRBHERVh3baO,iW3M5z9QsfI5jnVSJjr5j
mtn6Ier_sTRBHERVh3baO,F72UQSSv5qnV6dGq2o8t-
cZCLQkdjfwlYNX0_umNFl,F72UQSSv5qnV6dGq2o8t-
cZCLQkdjfwlYNX0_umNFl,iW3M5z9QsfI5jnVSJjr5j
cZCLQkdjfwlYNX0_umNFl,phlunt5HJ3fBcZXrezlHN
cZCLQkdjfwlYNX0_umNFl,Uzldz52slOyT_7tD9MSW3
dzJh6nLg4MA32ek7cOgi5,F72UQSSv5qnV6dGq2o8t-
dzJh6nLg4MA32ek7cOgi5,Uzldz52slOyT_7tD9MSW3
dzJh6nLg4MA32ek7cOgi5,n0OLj1cQnnbM3n-2eOzCj
Nns8FfKSkjSGGZJHoeB-R,Uzldz52slOyT_7tD9MSW3
Nns8FfKSkjSGGZJHoeB-R,phlunt5HJ3fBcZXrezlHN
gnCKkPi_ulzcTfu8ehdJE,F72UQSSv5qnV6dGq2o8t-
gnCKkPi_ulzcTfu8ehdJE,n0OLj1cQnnbM3n-2eOzCj
gnCKkPi_ulzcTfu8ehdJE,iW3M5z9QsfI5jnVSJjr5j
gnCKkPi_ulzcTfu8ehdJE,Uzldz52slOyT_7tD9MSW3
gnCKkPi_ulzcTfu8ehdJE,ncFeNw-5M4iGoDD-A8hBH
F0V4VASosKdsIdspvko27,F72UQSSv5qnV6dGq2o8t-
F0V4VASosKdsIdspvko27,n0OLj1cQnnbM3n-2eOzCj
F0V4VASosKdsIdspvko27,L34snMa-YMz_jT9erQqe2
pH-IX31cdkZgoYj--JNAn,F72UQSSv5qnV6dGq2o8t-
pH-IX31cdkZgoYj--JNAn,n0OLj1cQnnbM3n-2eOzCj
pH-IX31cdkZgoYj--JNAn,mE5Zf1AWhRKDQNHC_NsmV
pH-IX31cdkZgoYj--JNAn,iW3M5z9QsfI5jnVSJjr5j
pH-IX31cdkZgoYj--JNAn,phlunt5HJ3fBcZXrezlHN
G83tpO7Iaru2195DvwXM4,n0OLj1cQnnbM3n-2eOzCj
G83tpO7Iaru2195DvwXM4,mE5Zf1AWhRKDQNHC_NsmV
G83tpO7Iaru2195DvwXM4,F72UQSSv5qnV6dGq2o8t-
8wREQXemrtiXhzpLSDqv9,iW3M5z9QsfI5jnVSJjr5j
8wREQXemrtiXhzpLSDqv9,phlunt5HJ3fBcZXrezlHN
3FYn3hd__I1Ktezm7zGkH,F72UQSSv5qnV6dGq2o8t-
3FYn3hd__I1Ktezm7zGkH,n0OLj1cQnnbM3n-2eOzCj
3FYn3hd__I1Ktezm7zGkH,iW3M5z9QsfI5jnVSJjr5j
3FYn3hd__I1Ktezm7zGkH,Uzldz52slOyT_7tD9MSW3
cWUuJml8i8pGGnuElbXna,phlunt5HJ3fBcZXrezlHN
cWUuJml8i8pGGnuElbXna,iW3M5z9QsfI5jnVSJjr5j
lGnu7MFZvRrymG0q-XnTY,Uzldz52slOyT_7tD9MSW3
lGnu7MFZvRrymG0q-XnTY,phlunt5HJ3fBcZXrezlHN
dGCsLIyf7VvB1Yj0N-p9a,n0OLj1cQnnbM3n-2eOzCj
dGCsLIyf7VvB1Yj0N-p9a,PFEwpbxaA9UrKET8fDnAt
9Xp4mnWjTv_PFYjc8U-jU,n0OLj1cQnnbM3n-2eOzCj
9Xp4mnWjTv_PFYjc8U-jU,phlunt5HJ3fBcZXrezlHN
9Xp4mnWjTv_PFYjc8U-jU,tqy6nsKbGDANBHHt7CQaG
kHfwy7hPgF2_GgpXfKZBB,F72UQSSv5qnV6dGq2o8t-
kHfwy7hPgF2_GgpXfKZBB,n0OLj1cQnnbM3n-2eOzCj
kHfwy7hPgF2_GgpXfKZBB,iW3M5z9QsfI5jnVSJjr5j
5BU9ZAjC_ACLHDneno2MV,F72UQSSv5qnV6dGq2o8t-
5BU9ZAjC_ACLHDneno2MV,n0OLj1cQnnbM3n-2eOzCj
5BU9ZAjC_ACLHDneno2MV,iW3M5z9QsfI5jnVSJjr5j
5BU9ZAjC_ACLHDneno2MV,Uzldz52slOyT_7tD9MSW3
NhNOnXnktVA_r7MXeNO7T,F72UQSSv5qnV6dGq2o8t-
NhNOnXnktVA_r7MXeNO7T,n0OLj1cQnnbM3n-2eOzCj
nU7lhiGe8g-K3pyfxW4cL,F72UQSSv5qnV6dGq2o8t-
nU7lhiGe8g-K3pyfxW4cL,KcVqSqCqpBoUqNfNlAkE7
nU7lhiGe8g-K3pyfxW4cL,mE5Zf1AWhRKDQNHC_NsmV
nU7lhiGe8g-K3pyfxW4cL,L34snMa-YMz_jT9erQqe2
-iK7C272Sa-Q0KAqejTJq,F72UQSSv5qnV6dGq2o8t-
-iK7C272Sa-Q0KAqejTJq,Uzldz52slOyT_7tD9MSW3
-iK7C272Sa-Q0KAqejTJq,phlunt5HJ3fBcZXrezlHN
IDHoLi5_PZu4ScCtM50tg,Uzldz52slOyT_7tD9MSW3
IDHoLi5_PZu4ScCtM50tg,iW3M5z9QsfI5jnVSJjr5j
ukMU6OsRlY3zXqy6g2EVt,F72UQSSv5qnV6dGq2o8t-
ukMU6OsRlY3zXqy6g2EVt,n0OLj1cQnnbM3n-2eOzCj
ukMU6OsRlY3zXqy6g2EVt,L34snMa-YMz_jT9erQqe2
moTyo5K9AGE3vGAeg0Mak,F72UQSSv5qnV6dGq2o8t-
moTyo5K9AGE3vGAeg0Mak,iW3M5z9QsfI5jnVSJjr5j
moTyo5K9AGE3vGAeg0Mak,L34snMa-YMz_jT9erQqe2
iGIxC-kU22M7sxGjofde4,n0OLj1cQnnbM3n-2eOzCj
iGIxC-kU22M7sxGjofde4,2bdRQFIcZXrYbhxeWeffc
iGIxC-kU22M7sxGjofde4,mE5Zf1AWhRKDQNHC_NsmV
KR83c4VH6FRZ5ZiP3o5f2,2bdRQFIcZXrYbhxeWeffc
KR83c4VH6FRZ5ZiP3o5f2,n0OLj1cQnnbM3n-2eOzCj
KR83c4VH6FRZ5ZiP3o5f2,L34snMa-YMz_jT9erQqe2
shV4hR9-6KDN2Pk0EnwbT,Uzldz52slOyT_7tD9MSW3
shV4hR9-6KDN2Pk0EnwbT,n0OLj1cQnnbM3n-2eOzCj
-TWWX3vdhObS-3r0fuBSf,n0OLj1cQnnbM3n-2eOzCj
-TWWX3vdhObS-3r0fuBSf,mE5Zf1AWhRKDQNHC_NsmV
-TWWX3vdhObS-3r0fuBSf,F72UQSSv5qnV6dGq2o8t-
WLAM321zwf1D6jv3sfzc6,n0OLj1cQnnbM3n-2eOzCj
WLAM321zwf1D6jv3sfzc6,mE5Zf1AWhRKDQNHC_NsmV
WLAM321zwf1D6jv3sfzc6,F72UQSSv5qnV6dGq2o8t-
URwo8q3qTsPMt8VpnTQps,n0OLj1cQnnbM3n-2eOzCj
URwo8q3qTsPMt8VpnTQps,PFEwpbxaA9UrKET8fDnAt
URwo8q3qTsPMt8VpnTQps,tqy6nsKbGDANBHHt7CQaG
66Z1hOKzcwM3hAXQpGEa9,n0OLj1cQnnbM3n-2eOzCj
66Z1hOKzcwM3hAXQpGEa9,PFEwpbxaA9UrKET8fDnAt
mD4O3cjyas172pvkhl3KL,L34snMa-YMz_jT9erQqe2
mD4O3cjyas172pvkhl3KL,iW3M5z9QsfI5jnVSJjr5j
mD4O3cjyas172pvkhl3KL,phlunt5HJ3fBcZXrezlHN
rPKqGfAVsOD52KhD39xK_,PFEwpbxaA9UrKET8fDnAt
rPKqGfAVsOD52KhD39xK_,n0OLj1cQnnbM3n-2eOzCj
rPKqGfAVsOD52KhD39xK_,L34snMa-YMz_jT9erQqe2
ZZQ2sQtJZZLTrY-sfk73_,F72UQSSv5qnV6dGq2o8t-
ZZQ2sQtJZZLTrY-sfk73_,n0OLj1cQnnbM3n-2eOzCj
ZZQ2sQtJZZLTrY-sfk73_,L34snMa-YMz_jT9erQqe2
ZZQ2sQtJZZLTrY-sfk73_,Uzldz52slOyT_7tD9MSW3
vpU8qC9yFeGCDwA_6Fr8Q,F72UQSSv5qnV6dGq2o8t-
vpU8qC9yFeGCDwA_6Fr8Q,n0OLj1cQnnbM3n-2eOzCj
vpU8qC9yFeGCDwA_6Fr8Q,iW3M5z9QsfI5jnVSJjr5j
BHxa4hKSiteRahWEbenB0,phlunt5HJ3fBcZXrezlHN
BHxa4hKSiteRahWEbenB0,Uzldz52slOyT_7tD9MSW3
BHxa4hKSiteRahWEbenB0,n0OLj1cQnnbM3n-2eOzCj
GgmA4YpkW47OoDo9nXNtb,F72UQSSv5qnV6dGq2o8t-
GgmA4YpkW47OoDo9nXNtb,iW3M5z9QsfI5jnVSJjr5j
GgmA4YpkW47OoDo9nXNtb,n0OLj1cQnnbM3n-2eOzCj
ioukvd2RlC6TtS1kyDfRA,n0OLj1cQnnbM3n-2eOzCj
ioukvd2RlC6TtS1kyDfRA,phlunt5HJ3fBcZXrezlHN
ioukvd2RlC6TtS1kyDfRA,Uzldz52slOyT_7tD9MSW3
3121KvryGrkTBvXwfLR_g,F72UQSSv5qnV6dGq2o8t-
3121KvryGrkTBvXwfLR_g,iW3M5z9QsfI5jnVSJjr5j
3121KvryGrkTBvXwfLR_g,L34snMa-YMz_jT9erQqe2
H9o4Ccm0H5dQoBKAovxur,Uzldz52slOyT_7tD9MSW3
H9o4Ccm0H5dQoBKAovxur,phlunt5HJ3fBcZXrezlHN
H9o4Ccm0H5dQoBKAovxur,iW3M5z9QsfI5jnVSJjr5j
V-UkoP3giAwxBtUgNsMDM,F72UQSSv5qnV6dGq2o8t-
V-UkoP3giAwxBtUgNsMDM,WpkELU1QduAUsJRvAKneB
V-UkoP3giAwxBtUgNsMDM,phlunt5HJ3fBcZXrezlHN
fIHR_nPClq8nwYo5FbVYq,n0OLj1cQnnbM3n-2eOzCj
fIHR_nPClq8nwYo5FbVYq,2bdRQFIcZXrYbhxeWeffc
fIHR_nPClq8nwYo5FbVYq,F72UQSSv5qnV6dGq2o8t-
5bCv-fAcXBn7gBAW8EGMm,n0OLj1cQnnbM3n-2eOzCj
5bCv-fAcXBn7gBAW8EGMm,2bdRQFIcZXrYbhxeWeffc
5bCv-fAcXBn7gBAW8EGMm,PFEwpbxaA9UrKET8fDnAt
HJbanUYANgScxBEn1Kz8G,F72UQSSv5qnV6dGq2o8t-
HJbanUYANgScxBEn1Kz8G,phlunt5HJ3fBcZXrezlHN
HJbanUYANgScxBEn1Kz8G,Uzldz52slOyT_7tD9MSW3
HJbanUYANgScxBEn1Kz8G,iW3M5z9QsfI5jnVSJjr5j
zZNFW3_EH5vXNjNIe0FDf,F72UQSSv5qnV6dGq2o8t-
zZNFW3_EH5vXNjNIe0FDf,n0OLj1cQnnbM3n-2eOzCj
cGATuXkbp1L7lD6d4DVSS,n0OLj1cQnnbM3n-2eOzCj
cGATuXkbp1L7lD6d4DVSS,F72UQSSv5qnV6dGq2o8t-
8kqCpnN-mwquBOrnrKPO3,PFEwpbxaA9UrKET8fDnAt
8kqCpnN-mwquBOrnrKPO3,n0OLj1cQnnbM3n-2eOzCj
8kqCpnN-mwquBOrnrKPO3,iW3M5z9QsfI5jnVSJjr5j
l6gZLfmvUjWvP9sXctM7I,Uzldz52slOyT_7tD9MSW3
l6gZLfmvUjWvP9sXctM7I,n0OLj1cQnnbM3n-2eOzCj
l6gZLfmvUjWvP9sXctM7I,phlunt5HJ3fBcZXrezlHN
l6gZLfmvUjWvP9sXctM7I,F72UQSSv5qnV6dGq2o8t-
6VVOtEsH7Ege-ACFPpVEr,F72UQSSv5qnV6dGq2o8t-
6VVOtEsH7Ege-ACFPpVEr,n0OLj1cQnnbM3n-2eOzCj
6VVOtEsH7Ege-ACFPpVEr,L34snMa-YMz_jT9erQqe2
ypOkqx8q9NJOgXxMpC0mI,Uzldz52slOyT_7tD9MSW3
ypOkqx8q9NJOgXxMpC0mI,n0OLj1cQnnbM3n-2eOzCj
fOZQk3a9HDtnGkzD8mEHy,Uzldz52slOyT_7tD9MSW3
fOZQk3a9HDtnGkzD8mEHy,n0OLj1cQnnbM3n-2eOzCj
fOZQk3a9HDtnGkzD8mEHy,phlunt5HJ3fBcZXrezlHN
Dhu6hs_5QOQtsZ8wSmiWx,F72UQSSv5qnV6dGq2o8t-
Dhu6hs_5QOQtsZ8wSmiWx,Uzldz52slOyT_7tD9MSW3
Dhu6hs_5QOQtsZ8wSmiWx,phlunt5HJ3fBcZXrezlHN
8zdk2dXQJ7g1jHtJtCnJA,iW3M5z9QsfI5jnVSJjr5j
8zdk2dXQJ7g1jHtJtCnJA,phlunt5HJ3fBcZXrezlHN
2kknQJUH0yyYVWSY5_eeY,-Q1NyL2hihfCdselYbnjo
2kknQJUH0yyYVWSY5_eeY,ncFeNw-5M4iGoDD-A8hBH
2kknQJUH0yyYVWSY5_eeY,iW3M5z9QsfI5jnVSJjr5j
tyXgwk3ANaA3RbAaDZ51M,mE5Zf1AWhRKDQNHC_NsmV
tyXgwk3ANaA3RbAaDZ51M,F72UQSSv5qnV6dGq2o8t-
tyXgwk3ANaA3RbAaDZ51M,L34snMa-YMz_jT9erQqe2
2Ty4sZiwV57LdlDDt1GuC,F72UQSSv5qnV6dGq2o8t-
2Ty4sZiwV57LdlDDt1GuC,PFEwpbxaA9UrKET8fDnAt
2Ty4sZiwV57LdlDDt1GuC,iW3M5z9QsfI5jnVSJjr5j
2Ty4sZiwV57LdlDDt1GuC,2bdRQFIcZXrYbhxeWeffc
PhgCvDlJKj2rwaRbDT326,n0OLj1cQnnbM3n-2eOzCj
PhgCvDlJKj2rwaRbDT326,2bdRQFIcZXrYbhxeWeffc
PhgCvDlJKj2rwaRbDT326,L34snMa-YMz_jT9erQqe2
pfZGGBgJwJMPaFA853XS_,iW3M5z9QsfI5jnVSJjr5j
pfZGGBgJwJMPaFA853XS_,L34snMa-YMz_jT9erQqe2
pfZGGBgJwJMPaFA853XS_,F72UQSSv5qnV6dGq2o8t-
FeOkzcZQTfoMQ15OFWFzb,F72UQSSv5qnV6dGq2o8t-
FeOkzcZQTfoMQ15OFWFzb,n0OLj1cQnnbM3n-2eOzCj
FeOkzcZQTfoMQ15OFWFzb,mE5Zf1AWhRKDQNHC_NsmV
FeOkzcZQTfoMQ15OFWFzb,iW3M5z9QsfI5jnVSJjr5j
YXmjFo1WEXHqF-cCeqq2j,iW3M5z9QsfI5jnVSJjr5j
YXmjFo1WEXHqF-cCeqq2j,L34snMa-YMz_jT9erQqe2
YXmjFo1WEXHqF-cCeqq2j,phlunt5HJ3fBcZXrezlHN
N1ytq-4EPnsPh3GwCR8a1,F72UQSSv5qnV6dGq2o8t-
N1ytq-4EPnsPh3GwCR8a1,iW3M5z9QsfI5jnVSJjr5j
N1ytq-4EPnsPh3GwCR8a1,phlunt5HJ3fBcZXrezlHN
yGVJ0YqGGYKSbFqfR6eV8,F72UQSSv5qnV6dGq2o8t-
yGVJ0YqGGYKSbFqfR6eV8,n0OLj1cQnnbM3n-2eOzCj
yGVJ0YqGGYKSbFqfR6eV8,iW3M5z9QsfI5jnVSJjr5j
yGVJ0YqGGYKSbFqfR6eV8,Uzldz52slOyT_7tD9MSW3
yGVJ0YqGGYKSbFqfR6eV8,ncFeNw-5M4iGoDD-A8hBH
ahK8Z4xRU5At_0G5SA7Zd,n0OLj1cQnnbM3n-2eOzCj
ahK8Z4xRU5At_0G5SA7Zd,phlunt5HJ3fBcZXrezlHN
ahK8Z4xRU5At_0G5SA7Zd,Uzldz52slOyT_7tD9MSW3
246FmHIJFIoJXdfxEoD4K,F72UQSSv5qnV6dGq2o8t-
246FmHIJFIoJXdfxEoD4K,n0OLj1cQnnbM3n-2eOzCj
246FmHIJFIoJXdfxEoD4K,phlunt5HJ3fBcZXrezlHN
CqFlw5U5hyhgU2oZQXG8G,L34snMa-YMz_jT9erQqe2
CqFlw5U5hyhgU2oZQXG8G,iW3M5z9QsfI5jnVSJjr5j
4kAAiwtkfAd6ss8X_LGbb,Uzldz52slOyT_7tD9MSW3
4kAAiwtkfAd6ss8X_LGbb,phlunt5HJ3fBcZXrezlHN
ZH0nhzzJklac6Kj-jY7ED,PFEwpbxaA9UrKET8fDnAt
ZH0nhzzJklac6Kj-jY7ED,n0OLj1cQnnbM3n-2eOzCj
NrTANlXoKVyBeOElR2vr-,F72UQSSv5qnV6dGq2o8t-
NrTANlXoKVyBeOElR2vr-,n0OLj1cQnnbM3n-2eOzCj
NrTANlXoKVyBeOElR2vr-,iW3M5z9QsfI5jnVSJjr5j
NrTANlXoKVyBeOElR2vr-,Uzldz52slOyT_7tD9MSW3
L9XEqLX-GjU40_Ho2vLW5,n0OLj1cQnnbM3n-2eOzCj
L9XEqLX-GjU40_Ho2vLW5,mE5Zf1AWhRKDQNHC_NsmV
L9XEqLX-GjU40_Ho2vLW5,2bdRQFIcZXrYbhxeWeffc
L9XEqLX-GjU40_Ho2vLW5,L34snMa-YMz_jT9erQqe2
MUdb-GxL0bSiac6LVxzbl,F72UQSSv5qnV6dGq2o8t-
MUdb-GxL0bSiac6LVxzbl,n0OLj1cQnnbM3n-2eOzCj
MUdb-GxL0bSiac6LVxzbl,mE5Zf1AWhRKDQNHC_NsmV
MUdb-GxL0bSiac6LVxzbl,L34snMa-YMz_jT9erQqe2
35cudufOFHyd3gOb1rYTC,F72UQSSv5qnV6dGq2o8t-
35cudufOFHyd3gOb1rYTC,Uzldz52slOyT_7tD9MSW3
35cudufOFHyd3gOb1rYTC,iW3M5z9QsfI5jnVSJjr5j
tt8f_s__BKJJGKIjBqM9z,iW3M5z9QsfI5jnVSJjr5j
tt8f_s__BKJJGKIjBqM9z,L34snMa-YMz_jT9erQqe2
mySSIY7o2k64ugcCPCgRX,n0OLj1cQnnbM3n-2eOzCj
mySSIY7o2k64ugcCPCgRX,PFEwpbxaA9UrKET8fDnAt
mySSIY7o2k64ugcCPCgRX,2bdRQFIcZXrYbhxeWeffc
vrC4rvlzgojtwurC01SVz,2bdRQFIcZXrYbhxeWeffc
vrC4rvlzgojtwurC01SVz,Uzldz52slOyT_7tD9MSW3
vrC4rvlzgojtwurC01SVz,phlunt5HJ3fBcZXrezlHN
BnNyn4UdWLM_7VcLMQCmu,Uzldz52slOyT_7tD9MSW3
BnNyn4UdWLM_7VcLMQCmu,phlunt5HJ3fBcZXrezlHN
vbhFExAcD8o27ENkpVYYF,n0OLj1cQnnbM3n-2eOzCj
vbhFExAcD8o27ENkpVYYF,mE5Zf1AWhRKDQNHC_NsmV
vbhFExAcD8o27ENkpVYYF,phlunt5HJ3fBcZXrezlHN
vbhFExAcD8o27ENkpVYYF,Uzldz52slOyT_7tD9MSW3
wzUcyZqgTfkQ6m2Nm0eyD,L34snMa-YMz_jT9erQqe2
wzUcyZqgTfkQ6m2Nm0eyD,iW3M5z9QsfI5jnVSJjr5j
e-W4MGwwS7w59Pilh19Gz,iW3M5z9QsfI5jnVSJjr5j
e-W4MGwwS7w59Pilh19Gz,L34snMa-YMz_jT9erQqe2
e-W4MGwwS7w59Pilh19Gz,F72UQSSv5qnV6dGq2o8t-
yWFWwyK47pzwWXWBmyhWC,Uzldz52slOyT_7tD9MSW3
yWFWwyK47pzwWXWBmyhWC,F72UQSSv5qnV6dGq2o8t-
yWFWwyK47pzwWXWBmyhWC,phlunt5HJ3fBcZXrezlHN
savCCZWajqvAPrcn0oQqG,iW3M5z9QsfI5jnVSJjr5j
savCCZWajqvAPrcn0oQqG,L34snMa-YMz_jT9erQqe2
savCCZWajqvAPrcn0oQqG,phlunt5HJ3fBcZXrezlHN
Jaga5E9DkwCmEsx1TtFu4,F72UQSSv5qnV6dGq2o8t-
Jaga5E9DkwCmEsx1TtFu4,n0OLj1cQnnbM3n-2eOzCj
Jaga5E9DkwCmEsx1TtFu4,phlunt5HJ3fBcZXrezlHN
yHWx5WBpuI1fFjEqI1Ql-,n0OLj1cQnnbM3n-2eOzCj
yHWx5WBpuI1fFjEqI1Ql-,PFEwpbxaA9UrKET8fDnAt
zSjru9nHH7ck1ny1aNBjl,F72UQSSv5qnV6dGq2o8t-
zSjru9nHH7ck1ny1aNBjl,n0OLj1cQnnbM3n-2eOzCj
zSjru9nHH7ck1ny1aNBjl,iW3M5z9QsfI5jnVSJjr5j
tbeIrXeNJZKO7G253mg3R,F72UQSSv5qnV6dGq2o8t-
tbeIrXeNJZKO7G253mg3R,ncFeNw-5M4iGoDD-A8hBH
tbeIrXeNJZKO7G253mg3R,iW3M5z9QsfI5jnVSJjr5j
tbeIrXeNJZKO7G253mg3R,-5F1wQ50bue4PA2khE3sM
c8bz4XwLkgLuYoYoLZGz5,iW3M5z9QsfI5jnVSJjr5j
c8bz4XwLkgLuYoYoLZGz5,phlunt5HJ3fBcZXrezlHN
f9vOl0S2b1dMZOxnWk3bU,Uzldz52slOyT_7tD9MSW3
f9vOl0S2b1dMZOxnWk3bU,phlunt5HJ3fBcZXrezlHN
f9vOl0S2b1dMZOxnWk3bU,L34snMa-YMz_jT9erQqe2
oJh62TU3eQerdLN0jEmWX,Uzldz52slOyT_7tD9MSW3
oJh62TU3eQerdLN0jEmWX,phlunt5HJ3fBcZXrezlHN
nDMTjFLlVEn1cwSy5j3WE,ncFeNw-5M4iGoDD-A8hBH
nDMTjFLlVEn1cwSy5j3WE,phlunt5HJ3fBcZXrezlHN
nDMTjFLlVEn1cwSy5j3WE,iW3M5z9QsfI5jnVSJjr5j
fnhm85PuwphlJ1Lm6lAtX,Uzldz52slOyT_7tD9MSW3
fnhm85PuwphlJ1Lm6lAtX,phlunt5HJ3fBcZXrezlHN
3j33dTttR_PoeDZUh_BUQ,Uzldz52slOyT_7tD9MSW3
3j33dTttR_PoeDZUh_BUQ,phlunt5HJ3fBcZXrezlHN
xPaY4xop1ikGfBAmRZ3B7,ncFeNw-5M4iGoDD-A8hBH
xPaY4xop1ikGfBAmRZ3B7,Uzldz52slOyT_7tD9MSW3
xPaY4xop1ikGfBAmRZ3B7,iW3M5z9QsfI5jnVSJjr5j
HEu2XPGW2kY7Mh6TYHeVF,F72UQSSv5qnV6dGq2o8t-
HEu2XPGW2kY7Mh6TYHeVF,phlunt5HJ3fBcZXrezlHN
HEu2XPGW2kY7Mh6TYHeVF,Uzldz52slOyT_7tD9MSW3
T4fJSH87jmzGTwBX9szjc,iW3M5z9QsfI5jnVSJjr5j
T4fJSH87jmzGTwBX9szjc,-5F1wQ50bue4PA2khE3sM
T4fJSH87jmzGTwBX9szjc,F72UQSSv5qnV6dGq2o8t-
weju0N_koxDiVj00fE3PP,iW3M5z9QsfI5jnVSJjr5j
weju0N_koxDiVj00fE3PP,phlunt5HJ3fBcZXrezlHN
weju0N_koxDiVj00fE3PP,F72UQSSv5qnV6dGq2o8t-
sZJwR4b2l27CMkXMgdOxV,iW3M5z9QsfI5jnVSJjr5j
sZJwR4b2l27CMkXMgdOxV,ncFeNw-5M4iGoDD-A8hBH
sZJwR4b2l27CMkXMgdOxV,phlunt5HJ3fBcZXrezlHN
6eF9axU1svviD_gBseV68,iW3M5z9QsfI5jnVSJjr5j
6eF9axU1svviD_gBseV68,ncFeNw-5M4iGoDD-A8hBH
6eF9axU1svviD_gBseV68,phlunt5HJ3fBcZXrezlHN
gwlUvIEsGIGcDLmw-8QFI,phlunt5HJ3fBcZXrezlHN
gwlUvIEsGIGcDLmw-8QFI,n0OLj1cQnnbM3n-2eOzCj
gwlUvIEsGIGcDLmw-8QFI,tqy6nsKbGDANBHHt7CQaG
UKwXVJC9eMY0G9ou0FOyk,F72UQSSv5qnV6dGq2o8t-
UKwXVJC9eMY0G9ou0FOyk,iW3M5z9QsfI5jnVSJjr5j
UKwXVJC9eMY0G9ou0FOyk,Uzldz52slOyT_7tD9MSW3
jr1t0qV3nvOZ75fN1uVfy,iW3M5z9QsfI5jnVSJjr5j
jr1t0qV3nvOZ75fN1uVfy,ncFeNw-5M4iGoDD-A8hBH
jr1t0qV3nvOZ75fN1uVfy,phlunt5HJ3fBcZXrezlHN
c3w7wHRDW_20SYc7EMqCD,iW3M5z9QsfI5jnVSJjr5j
c3w7wHRDW_20SYc7EMqCD,phlunt5HJ3fBcZXrezlHN
c7PDaaKdh39n-l-3g30mo,iW3M5z9QsfI5jnVSJjr5j
c7PDaaKdh39n-l-3g30mo,phlunt5HJ3fBcZXrezlHN
glPSSnb34Z8QrkX1BlCIk,F72UQSSv5qnV6dGq2o8t-
glPSSnb34Z8QrkX1BlCIk,iW3M5z9QsfI5jnVSJjr5j
glPSSnb34Z8QrkX1BlCIk,phlunt5HJ3fBcZXrezlHN
sl_i3wUkU9HquSHkG2lEO,n0OLj1cQnnbM3n-2eOzCj
sl_i3wUkU9HquSHkG2lEO,phlunt5HJ3fBcZXrezlHN
sl_i3wUkU9HquSHkG2lEO,tqy6nsKbGDANBHHt7CQaG
sc7pLL2nBdkPU4xIStjaX,n0OLj1cQnnbM3n-2eOzCj
sc7pLL2nBdkPU4xIStjaX,F72UQSSv5qnV6dGq2o8t-
iQVnN-QDEvG81Qv7reVmk,n0OLj1cQnnbM3n-2eOzCj
iQVnN-QDEvG81Qv7reVmk,phlunt5HJ3fBcZXrezlHN
iQVnN-QDEvG81Qv7reVmk,tqy6nsKbGDANBHHt7CQaG
vfrTRgSLkVIwlOrsPYnZg,n0OLj1cQnnbM3n-2eOzCj
vfrTRgSLkVIwlOrsPYnZg,phlunt5HJ3fBcZXrezlHN
vfrTRgSLkVIwlOrsPYnZg,tqy6nsKbGDANBHHt7CQaG
OMAyOyT2MGt-ubwkjY_Hx,l9bkiReXBvPDuJX6TdvDu
OMAyOyT2MGt-ubwkjY_Hx,phlunt5HJ3fBcZXrezlHN
OMAyOyT2MGt-ubwkjY_Hx,F72UQSSv5qnV6dGq2o8t-
Tj6tz-0CFethYJFUf3JyM,phlunt5HJ3fBcZXrezlHN
Tj6tz-0CFethYJFUf3JyM,n0OLj1cQnnbM3n-2eOzCj
Tj6tz-0CFethYJFUf3JyM,tqy6nsKbGDANBHHt7CQaG
8Yy5BjDQ1kTlodytyin4l,phlunt5HJ3fBcZXrezlHN
8Yy5BjDQ1kTlodytyin4l,tqy6nsKbGDANBHHt7CQaG
8Yy5BjDQ1kTlodytyin4l,n0OLj1cQnnbM3n-2eOzCj
ljxzfOodQY_DCTr8eBwpY,F72UQSSv5qnV6dGq2o8t-
ljxzfOodQY_DCTr8eBwpY,phlunt5HJ3fBcZXrezlHN
ljxzfOodQY_DCTr8eBwpY,iW3M5z9QsfI5jnVSJjr5j
J4PT7mcKIIcxfqqptoopu,Uzldz52slOyT_7tD9MSW3
J4PT7mcKIIcxfqqptoopu,phlunt5HJ3fBcZXrezlHN
J4PT7mcKIIcxfqqptoopu,tqy6nsKbGDANBHHt7CQaG
6NzY7TlgI4vE1IN14gsTR,Uzldz52slOyT_7tD9MSW3
6NzY7TlgI4vE1IN14gsTR,F72UQSSv5qnV6dGq2o8t-
eQDD6jywDTP1caq6kDnV8,L34snMa-YMz_jT9erQqe2
eQDD6jywDTP1caq6kDnV8,iW3M5z9QsfI5jnVSJjr5j
tvN8a2KkXqYa0zVkj9TbV,F72UQSSv5qnV6dGq2o8t-
tvN8a2KkXqYa0zVkj9TbV,n0OLj1cQnnbM3n-2eOzCj
tvN8a2KkXqYa0zVkj9TbV,mE5Zf1AWhRKDQNHC_NsmV
tvN8a2KkXqYa0zVkj9TbV,iW3M5z9QsfI5jnVSJjr5j
tvN8a2KkXqYa0zVkj9TbV,Uzldz52slOyT_7tD9MSW3
dXq1IrduznP5Cqu33iSIT,F72UQSSv5qnV6dGq2o8t-
dXq1IrduznP5Cqu33iSIT,Uzldz52slOyT_7tD9MSW3
dXq1IrduznP5Cqu33iSIT,iW3M5z9QsfI5jnVSJjr5j
8AxeVeHPpF2w1k1kyqG1i,iW3M5z9QsfI5jnVSJjr5j
8AxeVeHPpF2w1k1kyqG1i,phlunt5HJ3fBcZXrezlHN
8AxeVeHPpF2w1k1kyqG1i,2bdRQFIcZXrYbhxeWeffc
23-Uvzwd2VKnLzZlGkBtH,phlunt5HJ3fBcZXrezlHN
23-Uvzwd2VKnLzZlGkBtH,Uzldz52slOyT_7tD9MSW3
OFGDQnzEZGV64gI1NCMc4,iW3M5z9QsfI5jnVSJjr5j
OFGDQnzEZGV64gI1NCMc4,phlunt5HJ3fBcZXrezlHN
OFGDQnzEZGV64gI1NCMc4,PFEwpbxaA9UrKET8fDnAt
LEtESLN1mEMFAivFTU26W,phlunt5HJ3fBcZXrezlHN
LEtESLN1mEMFAivFTU26W,PFEwpbxaA9UrKET8fDnAt
LEtESLN1mEMFAivFTU26W,n0OLj1cQnnbM3n-2eOzCj
RUKWRw962PAqLBO8qjCDf,mE5Zf1AWhRKDQNHC_NsmV
RUKWRw962PAqLBO8qjCDf,n0OLj1cQnnbM3n-2eOzCj
RUKWRw962PAqLBO8qjCDf,L34snMa-YMz_jT9erQqe2
MH8DpvbvPh7JaEcSOZ9x3,F72UQSSv5qnV6dGq2o8t-
MH8DpvbvPh7JaEcSOZ9x3,iW3M5z9QsfI5jnVSJjr5j
MH8DpvbvPh7JaEcSOZ9x3,L34snMa-YMz_jT9erQqe2
OZXRGLihWsde_-53tsdrC,F72UQSSv5qnV6dGq2o8t-
OZXRGLihWsde_-53tsdrC,n0OLj1cQnnbM3n-2eOzCj
OZXRGLihWsde_-53tsdrC,L34snMa-YMz_jT9erQqe2
ZZXHCKMoArI_Z6oLI828b,n0OLj1cQnnbM3n-2eOzCj
ZZXHCKMoArI_Z6oLI828b,phlunt5HJ3fBcZXrezlHN
ZZXHCKMoArI_Z6oLI828b,PFEwpbxaA9UrKET8fDnAt
6gNnCqieE69uEEdX5xgS5,iW3M5z9QsfI5jnVSJjr5j
6gNnCqieE69uEEdX5xgS5,L34snMa-YMz_jT9erQqe2
6gNnCqieE69uEEdX5xgS5,F72UQSSv5qnV6dGq2o8t-
HnuLUB6gFUx2QpuFwqwpG,F72UQSSv5qnV6dGq2o8t-
HnuLUB6gFUx2QpuFwqwpG,iW3M5z9QsfI5jnVSJjr5j
smYGB3p8j-JrTBkoWoOxG,iW3M5z9QsfI5jnVSJjr5j
smYGB3p8j-JrTBkoWoOxG,L34snMa-YMz_jT9erQqe2
smYGB3p8j-JrTBkoWoOxG,F72UQSSv5qnV6dGq2o8t-
S8JSh099231fAvPcP4h1x,L34snMa-YMz_jT9erQqe2
S8JSh099231fAvPcP4h1x,iW3M5z9QsfI5jnVSJjr5j
aeP1frnk_z-cGBdT_HlH2,Uzldz52slOyT_7tD9MSW3
aeP1frnk_z-cGBdT_HlH2,iW3M5z9QsfI5jnVSJjr5j
aeP1frnk_z-cGBdT_HlH2,phlunt5HJ3fBcZXrezlHN
m_DdEyt4wa5NJYEFNYp0f,n0OLj1cQnnbM3n-2eOzCj
m_DdEyt4wa5NJYEFNYp0f,mE5Zf1AWhRKDQNHC_NsmV
m_DdEyt4wa5NJYEFNYp0f,F72UQSSv5qnV6dGq2o8t-
m_DdEyt4wa5NJYEFNYp0f,2bdRQFIcZXrYbhxeWeffc
LW7EQDX3oDzxRwOgYgD7r,Uzldz52slOyT_7tD9MSW3
LW7EQDX3oDzxRwOgYgD7r,phlunt5HJ3fBcZXrezlHN
LW7EQDX3oDzxRwOgYgD7r,l9bkiReXBvPDuJX6TdvDu
bv5LKKsxpuXlmmX7WHe9G,iW3M5z9QsfI5jnVSJjr5j
bv5LKKsxpuXlmmX7WHe9G,phlunt5HJ3fBcZXrezlHN
bv5LKKsxpuXlmmX7WHe9G,L34snMa-YMz_jT9erQqe2
mhaHLK_PgevloNen9z70H,iW3M5z9QsfI5jnVSJjr5j
mhaHLK_PgevloNen9z70H,phlunt5HJ3fBcZXrezlHN
mhaHLK_PgevloNen9z70H,Uzldz52slOyT_7tD9MSW3
_aW632Psd_L-MtJGJDoRn,iW3M5z9QsfI5jnVSJjr5j
_aW632Psd_L-MtJGJDoRn,phlunt5HJ3fBcZXrezlHN
jokoLfU2VKlTF2BMoXh0u,iW3M5z9QsfI5jnVSJjr5j
jokoLfU2VKlTF2BMoXh0u,-Q1NyL2hihfCdselYbnjo
jokoLfU2VKlTF2BMoXh0u,phlunt5HJ3fBcZXrezlHN
pEr7JjUiHn9dU505TByh6,2bdRQFIcZXrYbhxeWeffc
pEr7JjUiHn9dU505TByh6,n0OLj1cQnnbM3n-2eOzCj
pEr7JjUiHn9dU505TByh6,mE5Zf1AWhRKDQNHC_NsmV
pEr7JjUiHn9dU505TByh6,L34snMa-YMz_jT9erQqe2
cDC2nnCRYbAZEvYIVcRT0,n0OLj1cQnnbM3n-2eOzCj
cDC2nnCRYbAZEvYIVcRT0,mE5Zf1AWhRKDQNHC_NsmV
cDC2nnCRYbAZEvYIVcRT0,F72UQSSv5qnV6dGq2o8t-
4_CJusXAGR39X6iKAR6KK,F72UQSSv5qnV6dGq2o8t-
4_CJusXAGR39X6iKAR6KK,n0OLj1cQnnbM3n-2eOzCj
4_CJusXAGR39X6iKAR6KK,mE5Zf1AWhRKDQNHC_NsmV
4_CJusXAGR39X6iKAR6KK,iW3M5z9QsfI5jnVSJjr5j
WzR2vap2ZrsWT_2sA0WIC,iW3M5z9QsfI5jnVSJjr5j
WzR2vap2ZrsWT_2sA0WIC,F72UQSSv5qnV6dGq2o8t-
G8P-becJkWSQJJXDStMoF,F72UQSSv5qnV6dGq2o8t-
G8P-becJkWSQJJXDStMoF,-5F1wQ50bue4PA2khE3sM
G8P-becJkWSQJJXDStMoF,PFEwpbxaA9UrKET8fDnAt
sgzaHx0tWSO6hbeIgZZtQ,n0OLj1cQnnbM3n-2eOzCj
sgzaHx0tWSO6hbeIgZZtQ,mE5Zf1AWhRKDQNHC_NsmV
sgzaHx0tWSO6hbeIgZZtQ,F72UQSSv5qnV6dGq2o8t-
Fsz41vBstJBSSErTXlOfE,n0OLj1cQnnbM3n-2eOzCj
Fsz41vBstJBSSErTXlOfE,tqy6nsKbGDANBHHt7CQaG
5wG5ubdK-s5Z5SMDMN-Ix,iW3M5z9QsfI5jnVSJjr5j
5wG5ubdK-s5Z5SMDMN-Ix,L34snMa-YMz_jT9erQqe2
5wG5ubdK-s5Z5SMDMN-Ix,phlunt5HJ3fBcZXrezlHN
cZ9ZlGyS0Twm2Flwmf62s,-Q1NyL2hihfCdselYbnjo
cZ9ZlGyS0Twm2Flwmf62s,n0OLj1cQnnbM3n-2eOzCj
cZ9ZlGyS0Twm2Flwmf62s,phlunt5HJ3fBcZXrezlHN
n5Patic0Fj2WYV1YAabXK,-Q1NyL2hihfCdselYbnjo
n5Patic0Fj2WYV1YAabXK,ncFeNw-5M4iGoDD-A8hBH
n5Patic0Fj2WYV1YAabXK,n0OLj1cQnnbM3n-2eOzCj
eZ3oFqUtntzrW6pSOSSFv,F72UQSSv5qnV6dGq2o8t-
eZ3oFqUtntzrW6pSOSSFv,iW3M5z9QsfI5jnVSJjr5j
eZ3oFqUtntzrW6pSOSSFv,L34snMa-YMz_jT9erQqe2
yz9Vgy1AtMCIYW36AhBMH,iW3M5z9QsfI5jnVSJjr5j
yz9Vgy1AtMCIYW36AhBMH,n0OLj1cQnnbM3n-2eOzCj
yz9Vgy1AtMCIYW36AhBMH,L34snMa-YMz_jT9erQqe2
_R2eMYt8CtKQcazKKDrR8,Uzldz52slOyT_7tD9MSW3
_R2eMYt8CtKQcazKKDrR8,phlunt5HJ3fBcZXrezlHN
_R2eMYt8CtKQcazKKDrR8,L34snMa-YMz_jT9erQqe2
bgBsC1yinm676Nm4zt_cl,F72UQSSv5qnV6dGq2o8t-
bgBsC1yinm676Nm4zt_cl,phlunt5HJ3fBcZXrezlHN
bgBsC1yinm676Nm4zt_cl,iW3M5z9QsfI5jnVSJjr5j
TLinlJJbTp0pGWi6_k0_w,n0OLj1cQnnbM3n-2eOzCj
TLinlJJbTp0pGWi6_k0_w,PFEwpbxaA9UrKET8fDnAt
MTy9L8-2Z1J3Y61YT0puV,iW3M5z9QsfI5jnVSJjr5j
MTy9L8-2Z1J3Y61YT0puV,-5F1wQ50bue4PA2khE3sM
iJdcGKfldxsMUJCH4R9Ax,-Q1NyL2hihfCdselYbnjo
iJdcGKfldxsMUJCH4R9Ax,n0OLj1cQnnbM3n-2eOzCj
iJdcGKfldxsMUJCH4R9Ax,L34snMa-YMz_jT9erQqe2
_FLGcelnXe8mbqYJ41Z_3,F72UQSSv5qnV6dGq2o8t-
_FLGcelnXe8mbqYJ41Z_3,mE5Zf1AWhRKDQNHC_NsmV
_FLGcelnXe8mbqYJ41Z_3,n0OLj1cQnnbM3n-2eOzCj
DHhyt6NJSodXQ4thtF9lO,n0OLj1cQnnbM3n-2eOzCj
DHhyt6NJSodXQ4thtF9lO,PFEwpbxaA9UrKET8fDnAt
LR1U02p2bx0jAfydnzRr1,F72UQSSv5qnV6dGq2o8t-
LR1U02p2bx0jAfydnzRr1,KcVqSqCqpBoUqNfNlAkE7
LR1U02p2bx0jAfydnzRr1,mE5Zf1AWhRKDQNHC_NsmV
7lkpuLlXNFD_FNgUmToak,Uzldz52slOyT_7tD9MSW3
7lkpuLlXNFD_FNgUmToak,phlunt5HJ3fBcZXrezlHN
7lkpuLlXNFD_FNgUmToak,n0OLj1cQnnbM3n-2eOzCj
ypqxWw9vF7l1Nq7BrbArw,F72UQSSv5qnV6dGq2o8t-
ypqxWw9vF7l1Nq7BrbArw,n0OLj1cQnnbM3n-2eOzCj
ypqxWw9vF7l1Nq7BrbArw,phlunt5HJ3fBcZXrezlHN
zQhH5FExwJZkPBjLq1gm0,F72UQSSv5qnV6dGq2o8t-
zQhH5FExwJZkPBjLq1gm0,L34snMa-YMz_jT9erQqe2
zQhH5FExwJZkPBjLq1gm0,n0OLj1cQnnbM3n-2eOzCj
3ax1jVdGlANflJQ-9jiP9,F72UQSSv5qnV6dGq2o8t-
3ax1jVdGlANflJQ-9jiP9,mE5Zf1AWhRKDQNHC_NsmV
3ax1jVdGlANflJQ-9jiP9,n0OLj1cQnnbM3n-2eOzCj
VZjKS0P45hvY8rzo01n56,F72UQSSv5qnV6dGq2o8t-
VZjKS0P45hvY8rzo01n56,n0OLj1cQnnbM3n-2eOzCj
D_4OBeFFBfD0WzxiCZJgD,F72UQSSv5qnV6dGq2o8t-
D_4OBeFFBfD0WzxiCZJgD,n0OLj1cQnnbM3n-2eOzCj
D_4OBeFFBfD0WzxiCZJgD,iW3M5z9QsfI5jnVSJjr5j
D_4OBeFFBfD0WzxiCZJgD,phlunt5HJ3fBcZXrezlHN
wrlFZkB2l-GmHR41XIeKW,n0OLj1cQnnbM3n-2eOzCj
wrlFZkB2l-GmHR41XIeKW,mE5Zf1AWhRKDQNHC_NsmV
wrlFZkB2l-GmHR41XIeKW,2bdRQFIcZXrYbhxeWeffc
wrlFZkB2l-GmHR41XIeKW,L34snMa-YMz_jT9erQqe2
ToWx7cSm2DZckS3uHCPV_,n0OLj1cQnnbM3n-2eOzCj
ToWx7cSm2DZckS3uHCPV_,mE5Zf1AWhRKDQNHC_NsmV
ToWx7cSm2DZckS3uHCPV_,F72UQSSv5qnV6dGq2o8t-
PurSpB-qpYkoONu-1dB5P,F72UQSSv5qnV6dGq2o8t-
PurSpB-qpYkoONu-1dB5P,iW3M5z9QsfI5jnVSJjr5j
PurSpB-qpYkoONu-1dB5P,phlunt5HJ3fBcZXrezlHN
HmZO-s8OEKYiQrevLQKVQ,iW3M5z9QsfI5jnVSJjr5j
HmZO-s8OEKYiQrevLQKVQ,PFEwpbxaA9UrKET8fDnAt
HmZO-s8OEKYiQrevLQKVQ,-5F1wQ50bue4PA2khE3sM
D9kqQmagrShFGJmmAhVVx,F72UQSSv5qnV6dGq2o8t-
D9kqQmagrShFGJmmAhVVx,mE5Zf1AWhRKDQNHC_NsmV
D9kqQmagrShFGJmmAhVVx,L34snMa-YMz_jT9erQqe2
OgJmYzeAysQGEVJebYbvr,ncFeNw-5M4iGoDD-A8hBH
OgJmYzeAysQGEVJebYbvr,-Q1NyL2hihfCdselYbnjo
OgJmYzeAysQGEVJebYbvr,iW3M5z9QsfI5jnVSJjr5j
bGfbOZOWEjKxVQhXnfene,Uzldz52slOyT_7tD9MSW3
bGfbOZOWEjKxVQhXnfene,phlunt5HJ3fBcZXrezlHN
v9WKmmjZpWc80PFVJSmPN,F72UQSSv5qnV6dGq2o8t-
v9WKmmjZpWc80PFVJSmPN,n0OLj1cQnnbM3n-2eOzCj
v9WKmmjZpWc80PFVJSmPN,mE5Zf1AWhRKDQNHC_NsmV
v9WKmmjZpWc80PFVJSmPN,iW3M5z9QsfI5jnVSJjr5j
v9WKmmjZpWc80PFVJSmPN,phlunt5HJ3fBcZXrezlHN
2yaCnWNj4uTFi5kmoGOFv,phlunt5HJ3fBcZXrezlHN
2yaCnWNj4uTFi5kmoGOFv,Uzldz52slOyT_7tD9MSW3
2yaCnWNj4uTFi5kmoGOFv,iW3M5z9QsfI5jnVSJjr5j
npiORsytNVOQ9Zep-X0fd,F72UQSSv5qnV6dGq2o8t-
npiORsytNVOQ9Zep-X0fd,ncFeNw-5M4iGoDD-A8hBH
npiORsytNVOQ9Zep-X0fd,phlunt5HJ3fBcZXrezlHN
UNyAKT6WxmGnJzfanPXpY,F72UQSSv5qnV6dGq2o8t-
UNyAKT6WxmGnJzfanPXpY,phlunt5HJ3fBcZXrezlHN
UNyAKT6WxmGnJzfanPXpY,iW3M5z9QsfI5jnVSJjr5j
NgrKIif3oUeNyAecdC0uQ,n0OLj1cQnnbM3n-2eOzCj
NgrKIif3oUeNyAecdC0uQ,phlunt5HJ3fBcZXrezlHN
hDOnGRQxzjQhgr6IMBmPi,F72UQSSv5qnV6dGq2o8t-
hDOnGRQxzjQhgr6IMBmPi,iW3M5z9QsfI5jnVSJjr5j
hDOnGRQxzjQhgr6IMBmPi,L34snMa-YMz_jT9erQqe2
g6MKhapJpfYmrbr3CysJe,iW3M5z9QsfI5jnVSJjr5j
g6MKhapJpfYmrbr3CysJe,L34snMa-YMz_jT9erQqe2
g6MKhapJpfYmrbr3CysJe,phlunt5HJ3fBcZXrezlHN
8oMBBbz17JQ9PRzzI8HZf,iW3M5z9QsfI5jnVSJjr5j
8oMBBbz17JQ9PRzzI8HZf,F72UQSSv5qnV6dGq2o8t-
8oMBBbz17JQ9PRzzI8HZf,L34snMa-YMz_jT9erQqe2
Ust3FPb5Q1g-LkaczNx9R,iW3M5z9QsfI5jnVSJjr5j
Ust3FPb5Q1g-LkaczNx9R,L34snMa-YMz_jT9erQqe2
Ust3FPb5Q1g-LkaczNx9R,phlunt5HJ3fBcZXrezlHN
o2Chleeg2kMBouau2Wsqm,iW3M5z9QsfI5jnVSJjr5j
o2Chleeg2kMBouau2Wsqm,L34snMa-YMz_jT9erQqe2
o2Chleeg2kMBouau2Wsqm,phlunt5HJ3fBcZXrezlHN
ox-0rTKnZ4swmpf1Raa1t,F72UQSSv5qnV6dGq2o8t-
ox-0rTKnZ4swmpf1Raa1t,Uzldz52slOyT_7tD9MSW3
ox-0rTKnZ4swmpf1Raa1t,phlunt5HJ3fBcZXrezlHN
lTB2_svE0pYOkg9lAgzIa,iW3M5z9QsfI5jnVSJjr5j
lTB2_svE0pYOkg9lAgzIa,phlunt5HJ3fBcZXrezlHN
lTB2_svE0pYOkg9lAgzIa,L34snMa-YMz_jT9erQqe2
0wVnz2TF6QUAGAR_efUqB,F72UQSSv5qnV6dGq2o8t-
0wVnz2TF6QUAGAR_efUqB,KcVqSqCqpBoUqNfNlAkE7
0wVnz2TF6QUAGAR_efUqB,n0OLj1cQnnbM3n-2eOzCj
0wVnz2TF6QUAGAR_efUqB,mE5Zf1AWhRKDQNHC_NsmV
0wVnz2TF6QUAGAR_efUqB,Uzldz52slOyT_7tD9MSW3
yZxSjKPwsS2-1xlEP_LAi,Uzldz52slOyT_7tD9MSW3
yZxSjKPwsS2-1xlEP_LAi,iW3M5z9QsfI5jnVSJjr5j
tlvXmSyYpECXZMApRWRxe,PFEwpbxaA9UrKET8fDnAt
tlvXmSyYpECXZMApRWRxe,n0OLj1cQnnbM3n-2eOzCj
tlvXmSyYpECXZMApRWRxe,Uzldz52slOyT_7tD9MSW3
J6xMM-qINzPZ-hiP2AGpn,F72UQSSv5qnV6dGq2o8t-
J6xMM-qINzPZ-hiP2AGpn,Uzldz52slOyT_7tD9MSW3
J6xMM-qINzPZ-hiP2AGpn,iW3M5z9QsfI5jnVSJjr5j
J6xMM-qINzPZ-hiP2AGpn,PFEwpbxaA9UrKET8fDnAt
GXJbrNOPYDc9FCQRAX8vQ,phlunt5HJ3fBcZXrezlHN
GXJbrNOPYDc9FCQRAX8vQ,iW3M5z9QsfI5jnVSJjr5j
2h0oWbsYgj3Lm0uR1-r9V,F72UQSSv5qnV6dGq2o8t-
2h0oWbsYgj3Lm0uR1-r9V,KcVqSqCqpBoUqNfNlAkE7
2h0oWbsYgj3Lm0uR1-r9V,mE5Zf1AWhRKDQNHC_NsmV
2h0oWbsYgj3Lm0uR1-r9V,L34snMa-YMz_jT9erQqe2
tPWeg-3oyTKEXF5AwLY2U,2bdRQFIcZXrYbhxeWeffc
tPWeg-3oyTKEXF5AwLY2U,n0OLj1cQnnbM3n-2eOzCj
tPWeg-3oyTKEXF5AwLY2U,mE5Zf1AWhRKDQNHC_NsmV
hFpl4v-CFZyFRCd_GhWir,F72UQSSv5qnV6dGq2o8t-
hFpl4v-CFZyFRCd_GhWir,n0OLj1cQnnbM3n-2eOzCj
hFpl4v-CFZyFRCd_GhWir,mE5Zf1AWhRKDQNHC_NsmV
pGFxvFsGhh5MUTOOkXUTL,Uzldz52slOyT_7tD9MSW3
pGFxvFsGhh5MUTOOkXUTL,L34snMa-YMz_jT9erQqe2
0pCzl7R12vKobLAh6fRgp,PFEwpbxaA9UrKET8fDnAt
0pCzl7R12vKobLAh6fRgp,n0OLj1cQnnbM3n-2eOzCj
sl7Azp-Pc950CM6pPpobt,F72UQSSv5qnV6dGq2o8t-
sl7Azp-Pc950CM6pPpobt,Uzldz52slOyT_7tD9MSW3
sl7Azp-Pc950CM6pPpobt,n0OLj1cQnnbM3n-2eOzCj
--I9isC7HUB2MJotbgeSk,F72UQSSv5qnV6dGq2o8t-
--I9isC7HUB2MJotbgeSk,n0OLj1cQnnbM3n-2eOzCj
--I9isC7HUB2MJotbgeSk,phlunt5HJ3fBcZXrezlHN
zolTNtO7BW68ynJUSiT3i,F72UQSSv5qnV6dGq2o8t-
zolTNtO7BW68ynJUSiT3i,KcVqSqCqpBoUqNfNlAkE7
zolTNtO7BW68ynJUSiT3i,mE5Zf1AWhRKDQNHC_NsmV
zolTNtO7BW68ynJUSiT3i,L34snMa-YMz_jT9erQqe2
bjv5wwZTKZWAOuXU5lFig,PFEwpbxaA9UrKET8fDnAt
bjv5wwZTKZWAOuXU5lFig,n0OLj1cQnnbM3n-2eOzCj
bjv5wwZTKZWAOuXU5lFig,Uzldz52slOyT_7tD9MSW3
I6gw0kFuBHsOT7MKNEcJV,F72UQSSv5qnV6dGq2o8t-
I6gw0kFuBHsOT7MKNEcJV,Uzldz52slOyT_7tD9MSW3
I6gw0kFuBHsOT7MKNEcJV,phlunt5HJ3fBcZXrezlHN
L3cJOGuraIXfr_97MuA3M,F72UQSSv5qnV6dGq2o8t-
L3cJOGuraIXfr_97MuA3M,KcVqSqCqpBoUqNfNlAkE7
L3cJOGuraIXfr_97MuA3M,mE5Zf1AWhRKDQNHC_NsmV
L3cJOGuraIXfr_97MuA3M,L34snMa-YMz_jT9erQqe2
rDw5vQ9BmlnXSGi-I1KTN,F72UQSSv5qnV6dGq2o8t-
rDw5vQ9BmlnXSGi-I1KTN,Uzldz52slOyT_7tD9MSW3
rDw5vQ9BmlnXSGi-I1KTN,-Q1NyL2hihfCdselYbnjo
cLngvfNfEDdX8vxsV4h5j,L34snMa-YMz_jT9erQqe2
cLngvfNfEDdX8vxsV4h5j,n0OLj1cQnnbM3n-2eOzCj
lcvhPjbiNuX51zCVAmJ0v,iW3M5z9QsfI5jnVSJjr5j
lcvhPjbiNuX51zCVAmJ0v,-5F1wQ50bue4PA2khE3sM
lcvhPjbiNuX51zCVAmJ0v,F72UQSSv5qnV6dGq2o8t-
ivStGGfb9nkr5BOg9xTcN,phlunt5HJ3fBcZXrezlHN
ivStGGfb9nkr5BOg9xTcN,n0OLj1cQnnbM3n-2eOzCj
AKo4KouO6haBNeuQNf4oM,n0OLj1cQnnbM3n-2eOzCj
AKo4KouO6haBNeuQNf4oM,PFEwpbxaA9UrKET8fDnAt
uGGsXbOXAiUAvC7de4yDB,n0OLj1cQnnbM3n-2eOzCj
uGGsXbOXAiUAvC7de4yDB,phlunt5HJ3fBcZXrezlHN
uGGsXbOXAiUAvC7de4yDB,tqy6nsKbGDANBHHt7CQaG
Vw2IJngCNSxapzs4xX5MG,iW3M5z9QsfI5jnVSJjr5j
Vw2IJngCNSxapzs4xX5MG,phlunt5HJ3fBcZXrezlHN
Vw2IJngCNSxapzs4xX5MG,Uzldz52slOyT_7tD9MSW3
lxtvcrS0EK4sK-B8UufK6,iW3M5z9QsfI5jnVSJjr5j
lxtvcrS0EK4sK-B8UufK6,phlunt5HJ3fBcZXrezlHN
_woYZqSYk5IBkzu10Vs6X,L34snMa-YMz_jT9erQqe2
_woYZqSYk5IBkzu10Vs6X,iW3M5z9QsfI5jnVSJjr5j
1zNL0uzdltDLIQ2pMrLC4,n0OLj1cQnnbM3n-2eOzCj
1zNL0uzdltDLIQ2pMrLC4,F72UQSSv5qnV6dGq2o8t-
-k_i1HG1z1VGMyi5botny,n0OLj1cQnnbM3n-2eOzCj
-k_i1HG1z1VGMyi5botny,phlunt5HJ3fBcZXrezlHN
ri2PK_uXJIQyLQwocRu3f,n0OLj1cQnnbM3n-2eOzCj
ri2PK_uXJIQyLQwocRu3f,2bdRQFIcZXrYbhxeWeffc
ri2PK_uXJIQyLQwocRu3f,F72UQSSv5qnV6dGq2o8t-
c7p_Zq6t7_CbMdcZglRQk,L34snMa-YMz_jT9erQqe2
c7p_Zq6t7_CbMdcZglRQk,iW3M5z9QsfI5jnVSJjr5j
c7p_Zq6t7_CbMdcZglRQk,phlunt5HJ3fBcZXrezlHN
mYNn6r_udf5J-rFZP-dVY,F72UQSSv5qnV6dGq2o8t-
mYNn6r_udf5J-rFZP-dVY,n0OLj1cQnnbM3n-2eOzCj
mYNn6r_udf5J-rFZP-dVY,phlunt5HJ3fBcZXrezlHN
GwEelOU-2NIFT56HnV5iJ,n0OLj1cQnnbM3n-2eOzCj
GwEelOU-2NIFT56HnV5iJ,F72UQSSv5qnV6dGq2o8t-
YWa8GHMUs5nb-fSpwwsdT,iW3M5z9QsfI5jnVSJjr5j
YWa8GHMUs5nb-fSpwwsdT,L34snMa-YMz_jT9erQqe2
YWa8GHMUs5nb-fSpwwsdT,F72UQSSv5qnV6dGq2o8t-
Q0RwAynyOZquNjHYo4g9X,PFEwpbxaA9UrKET8fDnAt
Q0RwAynyOZquNjHYo4g9X,F72UQSSv5qnV6dGq2o8t-
afDCvq-53wMyVB9GmxmSE,Uzldz52slOyT_7tD9MSW3
afDCvq-53wMyVB9GmxmSE,n0OLj1cQnnbM3n-2eOzCj
-BB_NvMOlfyNrb6pzmp1d,Uzldz52slOyT_7tD9MSW3
-BB_NvMOlfyNrb6pzmp1d,F72UQSSv5qnV6dGq2o8t-
AoVUdnPqXknSTHPHZ1FQc,F72UQSSv5qnV6dGq2o8t-
AoVUdnPqXknSTHPHZ1FQc,n0OLj1cQnnbM3n-2eOzCj
AoVUdnPqXknSTHPHZ1FQc,phlunt5HJ3fBcZXrezlHN
q80MoMEF1OUWtOM0I8pXx,F72UQSSv5qnV6dGq2o8t-
q80MoMEF1OUWtOM0I8pXx,n0OLj1cQnnbM3n-2eOzCj
q80MoMEF1OUWtOM0I8pXx,L34snMa-YMz_jT9erQqe2
NVS9A7OCAeIY2Smud7zlF,-Q1NyL2hihfCdselYbnjo
NVS9A7OCAeIY2Smud7zlF,Uzldz52slOyT_7tD9MSW3
NVS9A7OCAeIY2Smud7zlF,phlunt5HJ3fBcZXrezlHN
I8A2krZixvIP5fDcvLjfb,F72UQSSv5qnV6dGq2o8t-
I8A2krZixvIP5fDcvLjfb,iW3M5z9QsfI5jnVSJjr5j
jrHZJV0SKHWWXBLKiFHiu,F72UQSSv5qnV6dGq2o8t-
jrHZJV0SKHWWXBLKiFHiu,n0OLj1cQnnbM3n-2eOzCj
jrHZJV0SKHWWXBLKiFHiu,phlunt5HJ3fBcZXrezlHN
gcL1rr39-FOyv9garpA5e,Uzldz52slOyT_7tD9MSW3
gcL1rr39-FOyv9garpA5e,F72UQSSv5qnV6dGq2o8t-
x5rvYZY8AyxBtb7qoK3LE,F72UQSSv5qnV6dGq2o8t-
x5rvYZY8AyxBtb7qoK3LE,iW3M5z9QsfI5jnVSJjr5j
x5rvYZY8AyxBtb7qoK3LE,Uzldz52slOyT_7tD9MSW3
LEDOkVeuHkOUvHsGMGMq8,n0OLj1cQnnbM3n-2eOzCj
LEDOkVeuHkOUvHsGMGMq8,F72UQSSv5qnV6dGq2o8t-
hr8LJqcjgkvYf1d9rIbLK,ncFeNw-5M4iGoDD-A8hBH
hr8LJqcjgkvYf1d9rIbLK,iW3M5z9QsfI5jnVSJjr5j
hr8LJqcjgkvYf1d9rIbLK,phlunt5HJ3fBcZXrezlHN
eZ5_vw9X23RxoXhNEThRm,ncFeNw-5M4iGoDD-A8hBH
eZ5_vw9X23RxoXhNEThRm,iW3M5z9QsfI5jnVSJjr5j
eZ5_vw9X23RxoXhNEThRm,L34snMa-YMz_jT9erQqe2
_Xghli9JCV-g3P5rBNe3e,F72UQSSv5qnV6dGq2o8t-
_Xghli9JCV-g3P5rBNe3e,n0OLj1cQnnbM3n-2eOzCj
_Xghli9JCV-g3P5rBNe3e,iW3M5z9QsfI5jnVSJjr5j
_Xghli9JCV-g3P5rBNe3e,Uzldz52slOyT_7tD9MSW3
_Xghli9JCV-g3P5rBNe3e,ncFeNw-5M4iGoDD-A8hBH
VHZEwkAqR9YGKRFtSZ65I,F72UQSSv5qnV6dGq2o8t-
VHZEwkAqR9YGKRFtSZ65I,ncFeNw-5M4iGoDD-A8hBH
VHZEwkAqR9YGKRFtSZ65I,Uzldz52slOyT_7tD9MSW3
RWrUhd4unO4rWCg9Ek4pF,n0OLj1cQnnbM3n-2eOzCj
RWrUhd4unO4rWCg9Ek4pF,mE5Zf1AWhRKDQNHC_NsmV
RWrUhd4unO4rWCg9Ek4pF,phlunt5HJ3fBcZXrezlHN
xqUSJqk0wQlvTRGIGD7k5,tqy6nsKbGDANBHHt7CQaG
xqUSJqk0wQlvTRGIGD7k5,phlunt5HJ3fBcZXrezlHN
xqUSJqk0wQlvTRGIGD7k5,n0OLj1cQnnbM3n-2eOzCj
sf9IxDthZCPYCKsj4l_wf,-Q1NyL2hihfCdselYbnjo
sf9IxDthZCPYCKsj4l_wf,ncFeNw-5M4iGoDD-A8hBH
sf9IxDthZCPYCKsj4l_wf,n0OLj1cQnnbM3n-2eOzCj
_N2HoVL3fwNVw0IHL9cgz,ncFeNw-5M4iGoDD-A8hBH
_N2HoVL3fwNVw0IHL9cgz,F72UQSSv5qnV6dGq2o8t-
_N2HoVL3fwNVw0IHL9cgz,Uzldz52slOyT_7tD9MSW3
YlhoruGxrBpMcbCwDQR2W,n0OLj1cQnnbM3n-2eOzCj
YlhoruGxrBpMcbCwDQR2W,mE5Zf1AWhRKDQNHC_NsmV
YlhoruGxrBpMcbCwDQR2W,phlunt5HJ3fBcZXrezlHN
HVevteoqVRyofgScUx0Aw,Uzldz52slOyT_7tD9MSW3
HVevteoqVRyofgScUx0Aw,phlunt5HJ3fBcZXrezlHN
HVevteoqVRyofgScUx0Aw,n0OLj1cQnnbM3n-2eOzCj
Q1wqhxVKYPYi-tPg48sX3,F72UQSSv5qnV6dGq2o8t-
Q1wqhxVKYPYi-tPg48sX3,n0OLj1cQnnbM3n-2eOzCj
Q1wqhxVKYPYi-tPg48sX3,2bdRQFIcZXrYbhxeWeffc
Q1wqhxVKYPYi-tPg48sX3,L34snMa-YMz_jT9erQqe2
Q1wqhxVKYPYi-tPg48sX3,phlunt5HJ3fBcZXrezlHN
hBgVYqztm2uiZFKctzjoc,n0OLj1cQnnbM3n-2eOzCj
hBgVYqztm2uiZFKctzjoc,mE5Zf1AWhRKDQNHC_NsmV
R2gDpLqfpwQiX6xnFTUG2,F72UQSSv5qnV6dGq2o8t-
R2gDpLqfpwQiX6xnFTUG2,iW3M5z9QsfI5jnVSJjr5j
R2gDpLqfpwQiX6xnFTUG2,phlunt5HJ3fBcZXrezlHN
vq9OT8aCfQy7fYs_Yutgz,iW3M5z9QsfI5jnVSJjr5j
vq9OT8aCfQy7fYs_Yutgz,L34snMa-YMz_jT9erQqe2
vq9OT8aCfQy7fYs_Yutgz,F72UQSSv5qnV6dGq2o8t-
Z1PiSXJsNZMki0wIIE4OX,n0OLj1cQnnbM3n-2eOzCj
Z1PiSXJsNZMki0wIIE4OX,PFEwpbxaA9UrKET8fDnAt
IvVuuRQWTLCXrAIsBN4y4,iW3M5z9QsfI5jnVSJjr5j
IvVuuRQWTLCXrAIsBN4y4,F72UQSSv5qnV6dGq2o8t-
IvVuuRQWTLCXrAIsBN4y4,phlunt5HJ3fBcZXrezlHN
Bjl_dCDxpsNTcewdj8ZV4,n0OLj1cQnnbM3n-2eOzCj
Bjl_dCDxpsNTcewdj8ZV4,mE5Zf1AWhRKDQNHC_NsmV
Bjl_dCDxpsNTcewdj8ZV4,F72UQSSv5qnV6dGq2o8t-
ekXJqRhxE55n7wepQj6Gw,n0OLj1cQnnbM3n-2eOzCj
ekXJqRhxE55n7wepQj6Gw,mE5Zf1AWhRKDQNHC_NsmV
ekXJqRhxE55n7wepQj6Gw,2bdRQFIcZXrYbhxeWeffc
ekXJqRhxE55n7wepQj6Gw,L34snMa-YMz_jT9erQqe2
2cr9_Y1T9nm-7qoEidvAU,F72UQSSv5qnV6dGq2o8t-
2cr9_Y1T9nm-7qoEidvAU,n0OLj1cQnnbM3n-2eOzCj
2cr9_Y1T9nm-7qoEidvAU,L34snMa-YMz_jT9erQqe2
rtnb6c6GKN8BIa-BArdYq,Uzldz52slOyT_7tD9MSW3
rtnb6c6GKN8BIa-BArdYq,phlunt5HJ3fBcZXrezlHN
rtnb6c6GKN8BIa-BArdYq,n0OLj1cQnnbM3n-2eOzCj
qWIG_yDT30_CPyIom3G5v,Uzldz52slOyT_7tD9MSW3
qWIG_yDT30_CPyIom3G5v,F72UQSSv5qnV6dGq2o8t-
NSXhTgpbXV8olhXVqT1m5,F72UQSSv5qnV6dGq2o8t-
NSXhTgpbXV8olhXVqT1m5,n0OLj1cQnnbM3n-2eOzCj
NSXhTgpbXV8olhXVqT1m5,iW3M5z9QsfI5jnVSJjr5j
hEsO4Oeh4pYClvKjHc07E,PFEwpbxaA9UrKET8fDnAt
hEsO4Oeh4pYClvKjHc07E,Uzldz52slOyT_7tD9MSW3
hEsO4Oeh4pYClvKjHc07E,n0OLj1cQnnbM3n-2eOzCj
UYP7aTCYazT5GpnU5qGeQ,2bdRQFIcZXrYbhxeWeffc
UYP7aTCYazT5GpnU5qGeQ,n0OLj1cQnnbM3n-2eOzCj
UYP7aTCYazT5GpnU5qGeQ,mE5Zf1AWhRKDQNHC_NsmV
EceMUZDtV2YCAsGRQdb5d,PFEwpbxaA9UrKET8fDnAt
EceMUZDtV2YCAsGRQdb5d,n0OLj1cQnnbM3n-2eOzCj
EceMUZDtV2YCAsGRQdb5d,Uzldz52slOyT_7tD9MSW3
Wv_t8ZCDFhAe0ct6ZJsBu,F72UQSSv5qnV6dGq2o8t-
Wv_t8ZCDFhAe0ct6ZJsBu,n0OLj1cQnnbM3n-2eOzCj
Wv_t8ZCDFhAe0ct6ZJsBu,L34snMa-YMz_jT9erQqe2
Wv_t8ZCDFhAe0ct6ZJsBu,Uzldz52slOyT_7tD9MSW3
IgEv61Ao6DojJz1gXSbhD,PFEwpbxaA9UrKET8fDnAt
IgEv61Ao6DojJz1gXSbhD,-5F1wQ50bue4PA2khE3sM
IgEv61Ao6DojJz1gXSbhD,iW3M5z9QsfI5jnVSJjr5j
WXhrECJaenXtVNN7KSrAN,n0OLj1cQnnbM3n-2eOzCj
WXhrECJaenXtVNN7KSrAN,mE5Zf1AWhRKDQNHC_NsmV
WXhrECJaenXtVNN7KSrAN,phlunt5HJ3fBcZXrezlHN
8NtkjxFIG18FmYIQflAW9,phlunt5HJ3fBcZXrezlHN
8NtkjxFIG18FmYIQflAW9,n0OLj1cQnnbM3n-2eOzCj
_0tQhWnUbxX2EoQitDL_g,Uzldz52slOyT_7tD9MSW3
_0tQhWnUbxX2EoQitDL_g,phlunt5HJ3fBcZXrezlHN
gvKdLKwhplRPDgKqXLlTA,F72UQSSv5qnV6dGq2o8t-
gvKdLKwhplRPDgKqXLlTA,L34snMa-YMz_jT9erQqe2
gvKdLKwhplRPDgKqXLlTA,n0OLj1cQnnbM3n-2eOzCj
gvKdLKwhplRPDgKqXLlTA,Uzldz52slOyT_7tD9MSW3
kb_PMX9BvkcGBqD82drkH,n0OLj1cQnnbM3n-2eOzCj
kb_PMX9BvkcGBqD82drkH,mE5Zf1AWhRKDQNHC_NsmV
kb_PMX9BvkcGBqD82drkH,F72UQSSv5qnV6dGq2o8t-
MgFFz9SFth3_d-hHfUHLS,F72UQSSv5qnV6dGq2o8t-
MgFFz9SFth3_d-hHfUHLS,phlunt5HJ3fBcZXrezlHN
MgFFz9SFth3_d-hHfUHLS,ncFeNw-5M4iGoDD-A8hBH
AjknKwAz9aY6diaUqisZW,Uzldz52slOyT_7tD9MSW3
AjknKwAz9aY6diaUqisZW,phlunt5HJ3fBcZXrezlHN
w7qY6Mpc6y74mKjwAYnUt,F72UQSSv5qnV6dGq2o8t-
w7qY6Mpc6y74mKjwAYnUt,n0OLj1cQnnbM3n-2eOzCj
w7qY6Mpc6y74mKjwAYnUt,phlunt5HJ3fBcZXrezlHN
w7qY6Mpc6y74mKjwAYnUt,Uzldz52slOyT_7tD9MSW3
w7qY6Mpc6y74mKjwAYnUt,2bdRQFIcZXrYbhxeWeffc
IrXQk3J_aVcNaRd15FCsM,Uzldz52slOyT_7tD9MSW3
IrXQk3J_aVcNaRd15FCsM,phlunt5HJ3fBcZXrezlHN
lYHa3ocTA1aw_VPeppVLQ,Uzldz52slOyT_7tD9MSW3
lYHa3ocTA1aw_VPeppVLQ,phlunt5HJ3fBcZXrezlHN
lYHa3ocTA1aw_VPeppVLQ,n0OLj1cQnnbM3n-2eOzCj
gF2OnNfB7y9fNMnhPP9JN,iW3M5z9QsfI5jnVSJjr5j
gF2OnNfB7y9fNMnhPP9JN,L34snMa-YMz_jT9erQqe2
gF2OnNfB7y9fNMnhPP9JN,phlunt5HJ3fBcZXrezlHN
FP67DJTLk2wVFudB3lirv,-Q1NyL2hihfCdselYbnjo
FP67DJTLk2wVFudB3lirv,iW3M5z9QsfI5jnVSJjr5j
FP67DJTLk2wVFudB3lirv,phlunt5HJ3fBcZXrezlHN
FP67DJTLk2wVFudB3lirv,ncFeNw-5M4iGoDD-A8hBH
E80kW8-n4lOKbuPEESmDc,iW3M5z9QsfI5jnVSJjr5j
E80kW8-n4lOKbuPEESmDc,-5F1wQ50bue4PA2khE3sM
E80kW8-n4lOKbuPEESmDc,F72UQSSv5qnV6dGq2o8t-
aan6WYiAOlslp5x_7jS0p,n0OLj1cQnnbM3n-2eOzCj
aan6WYiAOlslp5x_7jS0p,PFEwpbxaA9UrKET8fDnAt
fQTx_CdFeInuaFjfIvL1F,F72UQSSv5qnV6dGq2o8t-
fQTx_CdFeInuaFjfIvL1F,n0OLj1cQnnbM3n-2eOzCj
fQTx_CdFeInuaFjfIvL1F,iW3M5z9QsfI5jnVSJjr5j
fQTx_CdFeInuaFjfIvL1F,Uzldz52slOyT_7tD9MSW3
fQTx_CdFeInuaFjfIvL1F,ncFeNw-5M4iGoDD-A8hBH
fQTx_CdFeInuaFjfIvL1F,PFEwpbxaA9UrKET8fDnAt
bMLKD0aNQiJnaXNj4H_GC,n0OLj1cQnnbM3n-2eOzCj
bMLKD0aNQiJnaXNj4H_GC,mE5Zf1AWhRKDQNHC_NsmV
bMLKD0aNQiJnaXNj4H_GC,F72UQSSv5qnV6dGq2o8t-
f3OMgb-Dn6jgA9vKasm2G,iW3M5z9QsfI5jnVSJjr5j
f3OMgb-Dn6jgA9vKasm2G,phlunt5HJ3fBcZXrezlHN
IiShqtY5NyK29e719_Lxu,n0OLj1cQnnbM3n-2eOzCj
IiShqtY5NyK29e719_Lxu,2bdRQFIcZXrYbhxeWeffc
IiShqtY5NyK29e719_Lxu,F72UQSSv5qnV6dGq2o8t-
x1cNPqpMM3voe5G0WvupJ,Uzldz52slOyT_7tD9MSW3
x1cNPqpMM3voe5G0WvupJ,n0OLj1cQnnbM3n-2eOzCj
r442ErS4XyTCACirrBbsV,Uzldz52slOyT_7tD9MSW3
r442ErS4XyTCACirrBbsV,phlunt5HJ3fBcZXrezlHN
oJJSwcE14RThvAdEkxT7C,n0OLj1cQnnbM3n-2eOzCj
oJJSwcE14RThvAdEkxT7C,2bdRQFIcZXrYbhxeWeffc
oJJSwcE14RThvAdEkxT7C,L34snMa-YMz_jT9erQqe2
bULafFZsEWEro_VSzw6_P,F72UQSSv5qnV6dGq2o8t-
bULafFZsEWEro_VSzw6_P,n0OLj1cQnnbM3n-2eOzCj
bULafFZsEWEro_VSzw6_P,L34snMa-YMz_jT9erQqe2
52A6sqeHc7FTgkf7Ql3F6,phlunt5HJ3fBcZXrezlHN
52A6sqeHc7FTgkf7Ql3F6,-5F1wQ50bue4PA2khE3sM
RG9ihw90hs3RpwCYiVYfI,n0OLj1cQnnbM3n-2eOzCj
RG9ihw90hs3RpwCYiVYfI,Uzldz52slOyT_7tD9MSW3
RG9ihw90hs3RpwCYiVYfI,PFEwpbxaA9UrKET8fDnAt
eOrp9Dnl3fsBBJnc-igIC,mE5Zf1AWhRKDQNHC_NsmV
eOrp9Dnl3fsBBJnc-igIC,F72UQSSv5qnV6dGq2o8t-
eOrp9Dnl3fsBBJnc-igIC,n0OLj1cQnnbM3n-2eOzCj
pip5LkZxbIZS790kl39tQ,n0OLj1cQnnbM3n-2eOzCj
pip5LkZxbIZS790kl39tQ,mE5Zf1AWhRKDQNHC_NsmV
pip5LkZxbIZS790kl39tQ,L34snMa-YMz_jT9erQqe2
pip5LkZxbIZS790kl39tQ,2bdRQFIcZXrYbhxeWeffc
NsYtq4R0mPHQz4xC_m9po,n0OLj1cQnnbM3n-2eOzCj
NsYtq4R0mPHQz4xC_m9po,phlunt5HJ3fBcZXrezlHN
NsYtq4R0mPHQz4xC_m9po,tqy6nsKbGDANBHHt7CQaG
MsRbMNimr0uRSeBIbyWDg,L34snMa-YMz_jT9erQqe2
MsRbMNimr0uRSeBIbyWDg,iW3M5z9QsfI5jnVSJjr5j
JzhYvOF9CLrLxkRgaAcLO,F72UQSSv5qnV6dGq2o8t-
JzhYvOF9CLrLxkRgaAcLO,iW3M5z9QsfI5jnVSJjr5j
JzhYvOF9CLrLxkRgaAcLO,phlunt5HJ3fBcZXrezlHN
rvpS4GuZQnBM_VUNPqAmZ,n0OLj1cQnnbM3n-2eOzCj
rvpS4GuZQnBM_VUNPqAmZ,phlunt5HJ3fBcZXrezlHN
ENVk2p9fSKsPOUU5yxhUC,F72UQSSv5qnV6dGq2o8t-
ENVk2p9fSKsPOUU5yxhUC,phlunt5HJ3fBcZXrezlHN
ENVk2p9fSKsPOUU5yxhUC,Uzldz52slOyT_7tD9MSW3
_U7Z7bCTdTm3DFAIHFCaf,l9bkiReXBvPDuJX6TdvDu
_U7Z7bCTdTm3DFAIHFCaf,F72UQSSv5qnV6dGq2o8t-
_U7Z7bCTdTm3DFAIHFCaf,phlunt5HJ3fBcZXrezlHN
Rt99Shm4SQ4nJLv4S3PEV,n0OLj1cQnnbM3n-2eOzCj
Rt99Shm4SQ4nJLv4S3PEV,Uzldz52slOyT_7tD9MSW3
Rt99Shm4SQ4nJLv4S3PEV,phlunt5HJ3fBcZXrezlHN
HgLo97ceabvLX6W4kIYI9,phlunt5HJ3fBcZXrezlHN
HgLo97ceabvLX6W4kIYI9,tqy6nsKbGDANBHHt7CQaG
HgLo97ceabvLX6W4kIYI9,n0OLj1cQnnbM3n-2eOzCj
ZniQM4H_2qToCfwbWxmkx,F72UQSSv5qnV6dGq2o8t-
ZniQM4H_2qToCfwbWxmkx,n0OLj1cQnnbM3n-2eOzCj
ZniQM4H_2qToCfwbWxmkx,phlunt5HJ3fBcZXrezlHN
ZniQM4H_2qToCfwbWxmkx,mE5Zf1AWhRKDQNHC_NsmV
9fcqXmCodQ6oXmzmbIGSy,L34snMa-YMz_jT9erQqe2
9fcqXmCodQ6oXmzmbIGSy,n0OLj1cQnnbM3n-2eOzCj
9fcqXmCodQ6oXmzmbIGSy,iW3M5z9QsfI5jnVSJjr5j
wzpb2BnQtfl0YekfFqS6s,n0OLj1cQnnbM3n-2eOzCj
wzpb2BnQtfl0YekfFqS6s,PFEwpbxaA9UrKET8fDnAt
evv-LI2Ez2wOvrywybFTS,L34snMa-YMz_jT9erQqe2
evv-LI2Ez2wOvrywybFTS,iW3M5z9QsfI5jnVSJjr5j
roUWcjYISBO-MjXP4g0Lx,L34snMa-YMz_jT9erQqe2
roUWcjYISBO-MjXP4g0Lx,iW3M5z9QsfI5jnVSJjr5j
55NA2tt4Y5xEXz2lcfz4L,n0OLj1cQnnbM3n-2eOzCj
55NA2tt4Y5xEXz2lcfz4L,mE5Zf1AWhRKDQNHC_NsmV
55NA2tt4Y5xEXz2lcfz4L,F72UQSSv5qnV6dGq2o8t-
CbaD_xemo0UhDE2gBG1mx,iW3M5z9QsfI5jnVSJjr5j
CbaD_xemo0UhDE2gBG1mx,phlunt5HJ3fBcZXrezlHN
NM6X5bEwCcq09BjwrIPZm,n0OLj1cQnnbM3n-2eOzCj
NM6X5bEwCcq09BjwrIPZm,phlunt5HJ3fBcZXrezlHN
NM6X5bEwCcq09BjwrIPZm,tqy6nsKbGDANBHHt7CQaG
NM6X5bEwCcq09BjwrIPZm,Uzldz52slOyT_7tD9MSW3
co8JsF8UFhXxXYWjoz9Mx,L34snMa-YMz_jT9erQqe2
co8JsF8UFhXxXYWjoz9Mx,phlunt5HJ3fBcZXrezlHN
co8JsF8UFhXxXYWjoz9Mx,iW3M5z9QsfI5jnVSJjr5j
JvTwQ48_PnsDawQeY6MfU,n0OLj1cQnnbM3n-2eOzCj
JvTwQ48_PnsDawQeY6MfU,F72UQSSv5qnV6dGq2o8t-
fS9bXtxgqz6M6GR28D_x0,phlunt5HJ3fBcZXrezlHN
fS9bXtxgqz6M6GR28D_x0,iW3M5z9QsfI5jnVSJjr5j
KhTbuHN7q2cI07o2c_BuV,F72UQSSv5qnV6dGq2o8t-
KhTbuHN7q2cI07o2c_BuV,phlunt5HJ3fBcZXrezlHN
KhTbuHN7q2cI07o2c_BuV,iW3M5z9QsfI5jnVSJjr5j
kl1f9BBQfToFS09sYJzAP,iW3M5z9QsfI5jnVSJjr5j
kl1f9BBQfToFS09sYJzAP,phlunt5HJ3fBcZXrezlHN
typD_xBilqZR-skJqxTNf,iW3M5z9QsfI5jnVSJjr5j
typD_xBilqZR-skJqxTNf,phlunt5HJ3fBcZXrezlHN
26Yf2bjZZqcORg0ijKaYd,F72UQSSv5qnV6dGq2o8t-
26Yf2bjZZqcORg0ijKaYd,iW3M5z9QsfI5jnVSJjr5j
26Yf2bjZZqcORg0ijKaYd,phlunt5HJ3fBcZXrezlHN
Vw76lyhUOJjJe4UfsVUI5,F72UQSSv5qnV6dGq2o8t-
Vw76lyhUOJjJe4UfsVUI5,Uzldz52slOyT_7tD9MSW3
Vw76lyhUOJjJe4UfsVUI5,phlunt5HJ3fBcZXrezlHN
_81qskWy5I-nC4qfNNy-Q,phlunt5HJ3fBcZXrezlHN
_81qskWy5I-nC4qfNNy-Q,n0OLj1cQnnbM3n-2eOzCj
_81qskWy5I-nC4qfNNy-Q,tqy6nsKbGDANBHHt7CQaG
ox7JrdTteu8hg7_D_A-d6,n0OLj1cQnnbM3n-2eOzCj
ox7JrdTteu8hg7_D_A-d6,2bdRQFIcZXrYbhxeWeffc
ox7JrdTteu8hg7_D_A-d6,L34snMa-YMz_jT9erQqe2
ZFVbKX6V0Ecg3_rnhbaOf,n0OLj1cQnnbM3n-2eOzCj
ZFVbKX6V0Ecg3_rnhbaOf,Uzldz52slOyT_7tD9MSW3
ZFVbKX6V0Ecg3_rnhbaOf,phlunt5HJ3fBcZXrezlHN
knAjcvf5t-aQai-f5NnLA,F72UQSSv5qnV6dGq2o8t-
knAjcvf5t-aQai-f5NnLA,n0OLj1cQnnbM3n-2eOzCj
knAjcvf5t-aQai-f5NnLA,phlunt5HJ3fBcZXrezlHN
knAjcvf5t-aQai-f5NnLA,Uzldz52slOyT_7tD9MSW3
UWD8khwzLv6lBOGqSETWn,F72UQSSv5qnV6dGq2o8t-
UWD8khwzLv6lBOGqSETWn,phlunt5HJ3fBcZXrezlHN
UWD8khwzLv6lBOGqSETWn,iW3M5z9QsfI5jnVSJjr5j
UWD8khwzLv6lBOGqSETWn,Uzldz52slOyT_7tD9MSW3
cDri-Od_Dio6-fpDug6k-,L34snMa-YMz_jT9erQqe2
cDri-Od_Dio6-fpDug6k-,iW3M5z9QsfI5jnVSJjr5j
cDri-Od_Dio6-fpDug6k-,F72UQSSv5qnV6dGq2o8t-
DWCHRRxdjuIajj9LAXm7q,Uzldz52slOyT_7tD9MSW3
DWCHRRxdjuIajj9LAXm7q,F72UQSSv5qnV6dGq2o8t-
Bn7rU4AmrXfGxqJ23FM1-,Uzldz52slOyT_7tD9MSW3
Bn7rU4AmrXfGxqJ23FM1-,n0OLj1cQnnbM3n-2eOzCj
Bn7rU4AmrXfGxqJ23FM1-,phlunt5HJ3fBcZXrezlHN
yX7B6MennTEjZJNuOUx3d,iW3M5z9QsfI5jnVSJjr5j
yX7B6MennTEjZJNuOUx3d,L34snMa-YMz_jT9erQqe2
yX7B6MennTEjZJNuOUx3d,F72UQSSv5qnV6dGq2o8t-
PH_8TMT5AnBScuIUmiOH3,F72UQSSv5qnV6dGq2o8t-
PH_8TMT5AnBScuIUmiOH3,iW3M5z9QsfI5jnVSJjr5j
_LqQsa7oIPpiNWlQHpEXZ,n0OLj1cQnnbM3n-2eOzCj
_LqQsa7oIPpiNWlQHpEXZ,mE5Zf1AWhRKDQNHC_NsmV
_LqQsa7oIPpiNWlQHpEXZ,F72UQSSv5qnV6dGq2o8t-
yRVM5_lp_KB3cdPk6cO10,F72UQSSv5qnV6dGq2o8t-
yRVM5_lp_KB3cdPk6cO10,L34snMa-YMz_jT9erQqe2
yRVM5_lp_KB3cdPk6cO10,phlunt5HJ3fBcZXrezlHN
sykSn1XftxycVD5Qs6uT5,phlunt5HJ3fBcZXrezlHN
sykSn1XftxycVD5Qs6uT5,Uzldz52slOyT_7tD9MSW3
sykSn1XftxycVD5Qs6uT5,tqy6nsKbGDANBHHt7CQaG
dT-IA-9-cmPRreexkcK7W,L34snMa-YMz_jT9erQqe2
dT-IA-9-cmPRreexkcK7W,iW3M5z9QsfI5jnVSJjr5j
dT-IA-9-cmPRreexkcK7W,F72UQSSv5qnV6dGq2o8t-
ycsmNiiW2RxGezsaxy5go,n0OLj1cQnnbM3n-2eOzCj
ycsmNiiW2RxGezsaxy5go,mE5Zf1AWhRKDQNHC_NsmV
ycsmNiiW2RxGezsaxy5go,F72UQSSv5qnV6dGq2o8t-
T67uClorcXjchSAjJJiUm,2bdRQFIcZXrYbhxeWeffc
T67uClorcXjchSAjJJiUm,n0OLj1cQnnbM3n-2eOzCj
T67uClorcXjchSAjJJiUm,mE5Zf1AWhRKDQNHC_NsmV
CJvOyiFgL4XPFhCugM9MN,Uzldz52slOyT_7tD9MSW3
CJvOyiFgL4XPFhCugM9MN,F72UQSSv5qnV6dGq2o8t-
lntSGtlFZ1QSPWwMRfeFQ,F72UQSSv5qnV6dGq2o8t-
lntSGtlFZ1QSPWwMRfeFQ,L34snMa-YMz_jT9erQqe2
lntSGtlFZ1QSPWwMRfeFQ,n0OLj1cQnnbM3n-2eOzCj
KJVyk6OxUAX6Db8Lnzh9o,phlunt5HJ3fBcZXrezlHN
KJVyk6OxUAX6Db8Lnzh9o,Uzldz52slOyT_7tD9MSW3
1CMkoc2fR_ENbQT23uqFs,iW3M5z9QsfI5jnVSJjr5j
1CMkoc2fR_ENbQT23uqFs,phlunt5HJ3fBcZXrezlHN
1CMkoc2fR_ENbQT23uqFs,L34snMa-YMz_jT9erQqe2
R-fLTdLLv5GofzxaGhQPF,mE5Zf1AWhRKDQNHC_NsmV
R-fLTdLLv5GofzxaGhQPF,n0OLj1cQnnbM3n-2eOzCj
R-fLTdLLv5GofzxaGhQPF,L34snMa-YMz_jT9erQqe2
FZv26hAia0KTyzn9Q8VLD,phlunt5HJ3fBcZXrezlHN
FZv26hAia0KTyzn9Q8VLD,iW3M5z9QsfI5jnVSJjr5j
JoQi1PjKzo9hAE7LLclLX,ncFeNw-5M4iGoDD-A8hBH
JoQi1PjKzo9hAE7LLclLX,iW3M5z9QsfI5jnVSJjr5j
JoQi1PjKzo9hAE7LLclLX,phlunt5HJ3fBcZXrezlHN
RvAjb7fgqy3R-Raw7LAd6,-Q1NyL2hihfCdselYbnjo
RvAjb7fgqy3R-Raw7LAd6,ncFeNw-5M4iGoDD-A8hBH
RvAjb7fgqy3R-Raw7LAd6,iW3M5z9QsfI5jnVSJjr5j
9q9lZzAcm6qBf0BCbLuSs,iW3M5z9QsfI5jnVSJjr5j
9q9lZzAcm6qBf0BCbLuSs,L34snMa-YMz_jT9erQqe2
9q9lZzAcm6qBf0BCbLuSs,F72UQSSv5qnV6dGq2o8t-
pBJnXm94U5cKJ35GXF2rL,iW3M5z9QsfI5jnVSJjr5j
pBJnXm94U5cKJ35GXF2rL,phlunt5HJ3fBcZXrezlHN
-M0OIGDgRr82xn1omg0Do,ncFeNw-5M4iGoDD-A8hBH
-M0OIGDgRr82xn1omg0Do,F72UQSSv5qnV6dGq2o8t-
-M0OIGDgRr82xn1omg0Do,iW3M5z9QsfI5jnVSJjr5j
n3JQUDEQLQuKnUbVDH0N8,L34snMa-YMz_jT9erQqe2
n3JQUDEQLQuKnUbVDH0N8,iW3M5z9QsfI5jnVSJjr5j
QQKg5xw1ZpF_eFcDTnro7,PFEwpbxaA9UrKET8fDnAt
QQKg5xw1ZpF_eFcDTnro7,iW3M5z9QsfI5jnVSJjr5j
QQKg5xw1ZpF_eFcDTnro7,Uzldz52slOyT_7tD9MSW3
mCK_XKs8M4o4_TAOIGS7M,Uzldz52slOyT_7tD9MSW3
mCK_XKs8M4o4_TAOIGS7M,n0OLj1cQnnbM3n-2eOzCj
mCK_XKs8M4o4_TAOIGS7M,phlunt5HJ3fBcZXrezlHN
USkJf2oumleOD2w8xoTDH,n0OLj1cQnnbM3n-2eOzCj
USkJf2oumleOD2w8xoTDH,PFEwpbxaA9UrKET8fDnAt
q6B5EAcRRTnEfj9raXJou,Uzldz52slOyT_7tD9MSW3
q6B5EAcRRTnEfj9raXJou,phlunt5HJ3fBcZXrezlHN
q6B5EAcRRTnEfj9raXJou,iW3M5z9QsfI5jnVSJjr5j
nAgBTnZuzfbzkocM2kxIO,Uzldz52slOyT_7tD9MSW3
nAgBTnZuzfbzkocM2kxIO,phlunt5HJ3fBcZXrezlHN
nAgBTnZuzfbzkocM2kxIO,n0OLj1cQnnbM3n-2eOzCj
gLjjlNBThadegyUncjMoB,F72UQSSv5qnV6dGq2o8t-
gLjjlNBThadegyUncjMoB,phlunt5HJ3fBcZXrezlHN
gLjjlNBThadegyUncjMoB,Uzldz52slOyT_7tD9MSW3
fLVIibnO9qyRXgm8CDBhF,iW3M5z9QsfI5jnVSJjr5j
fLVIibnO9qyRXgm8CDBhF,-5F1wQ50bue4PA2khE3sM
fLVIibnO9qyRXgm8CDBhF,F72UQSSv5qnV6dGq2o8t-
Fk6jhAvcs9SMzWZDL0z0g,F72UQSSv5qnV6dGq2o8t-
Fk6jhAvcs9SMzWZDL0z0g,n0OLj1cQnnbM3n-2eOzCj
Fk6jhAvcs9SMzWZDL0z0g,iW3M5z9QsfI5jnVSJjr5j
Fk6jhAvcs9SMzWZDL0z0g,Uzldz52slOyT_7tD9MSW3
yOL-8ksrxe6aB_-uDo7bp,n0OLj1cQnnbM3n-2eOzCj
yOL-8ksrxe6aB_-uDo7bp,phlunt5HJ3fBcZXrezlHN
V38zih90WB431JpVOMhc6,F72UQSSv5qnV6dGq2o8t-
V38zih90WB431JpVOMhc6,n0OLj1cQnnbM3n-2eOzCj
V38zih90WB431JpVOMhc6,mE5Zf1AWhRKDQNHC_NsmV
V38zih90WB431JpVOMhc6,iW3M5z9QsfI5jnVSJjr5j
hnegt8fbsStuYuy3iaRxd,iW3M5z9QsfI5jnVSJjr5j
hnegt8fbsStuYuy3iaRxd,phlunt5HJ3fBcZXrezlHN
hnegt8fbsStuYuy3iaRxd,Uzldz52slOyT_7tD9MSW3
ADjrdubMn2diSY6WHgJZW,F72UQSSv5qnV6dGq2o8t-
ADjrdubMn2diSY6WHgJZW,n0OLj1cQnnbM3n-2eOzCj
ADjrdubMn2diSY6WHgJZW,Uzldz52slOyT_7tD9MSW3
BG3H8ySV3ge--rSRJm743,n0OLj1cQnnbM3n-2eOzCj
BG3H8ySV3ge--rSRJm743,phlunt5HJ3fBcZXrezlHN
BG3H8ySV3ge--rSRJm743,tqy6nsKbGDANBHHt7CQaG
2fV6ZDCKFBeMAn4AOP8BU,n0OLj1cQnnbM3n-2eOzCj
2fV6ZDCKFBeMAn4AOP8BU,phlunt5HJ3fBcZXrezlHN
2fV6ZDCKFBeMAn4AOP8BU,Uzldz52slOyT_7tD9MSW3
OZ7btwynZRJxruqIbbOR_,n0OLj1cQnnbM3n-2eOzCj
OZ7btwynZRJxruqIbbOR_,phlunt5HJ3fBcZXrezlHN
OZ7btwynZRJxruqIbbOR_,L34snMa-YMz_jT9erQqe2
HkIZExibQ38wJZoS3PfVC,n0OLj1cQnnbM3n-2eOzCj
HkIZExibQ38wJZoS3PfVC,mE5Zf1AWhRKDQNHC_NsmV
HkIZExibQ38wJZoS3PfVC,F72UQSSv5qnV6dGq2o8t-
12ptvTSYjRIhyN7Df6_Ok,n0OLj1cQnnbM3n-2eOzCj
12ptvTSYjRIhyN7Df6_Ok,F72UQSSv5qnV6dGq2o8t-
0pJRc9cHneFRsyZprS_D_,n0OLj1cQnnbM3n-2eOzCj
0pJRc9cHneFRsyZprS_D_,PFEwpbxaA9UrKET8fDnAt
0pJRc9cHneFRsyZprS_D_,F72UQSSv5qnV6dGq2o8t-
D3b1Kdu7uyT4jstoyaiP6,n0OLj1cQnnbM3n-2eOzCj
D3b1Kdu7uyT4jstoyaiP6,mE5Zf1AWhRKDQNHC_NsmV
D3b1Kdu7uyT4jstoyaiP6,F72UQSSv5qnV6dGq2o8t-
Eog8GPd2geJeX7wu99Y-E,2bdRQFIcZXrYbhxeWeffc
Eog8GPd2geJeX7wu99Y-E,n0OLj1cQnnbM3n-2eOzCj
Eog8GPd2geJeX7wu99Y-E,mE5Zf1AWhRKDQNHC_NsmV
sou1OEEuF19S4qZ7Q8mU4,iW3M5z9QsfI5jnVSJjr5j
sou1OEEuF19S4qZ7Q8mU4,phlunt5HJ3fBcZXrezlHN
sou1OEEuF19S4qZ7Q8mU4,-Q1NyL2hihfCdselYbnjo
NIVMDwoFj4zsfSEbBpKwp,n0OLj1cQnnbM3n-2eOzCj
NIVMDwoFj4zsfSEbBpKwp,L34snMa-YMz_jT9erQqe2
NIVMDwoFj4zsfSEbBpKwp,2bdRQFIcZXrYbhxeWeffc
BNStuAJi3OikbEsEFyGK6,F72UQSSv5qnV6dGq2o8t-
BNStuAJi3OikbEsEFyGK6,n0OLj1cQnnbM3n-2eOzCj
BNStuAJi3OikbEsEFyGK6,L34snMa-YMz_jT9erQqe2
Job-_DwlpHWRqv3tH0jmW,Uzldz52slOyT_7tD9MSW3
Job-_DwlpHWRqv3tH0jmW,F72UQSSv5qnV6dGq2o8t-
NapaYQstzLMLR-vhHflPV,F72UQSSv5qnV6dGq2o8t-
NapaYQstzLMLR-vhHflPV,n0OLj1cQnnbM3n-2eOzCj
NapaYQstzLMLR-vhHflPV,L34snMa-YMz_jT9erQqe2
NapaYQstzLMLR-vhHflPV,Uzldz52slOyT_7tD9MSW3
tnuLHJMHa7TJiI-UHWy7X,Uzldz52slOyT_7tD9MSW3
tnuLHJMHa7TJiI-UHWy7X,phlunt5HJ3fBcZXrezlHN
tnuLHJMHa7TJiI-UHWy7X,L34snMa-YMz_jT9erQqe2
Q4jpCoDexF7cCP-WQqIwS,F72UQSSv5qnV6dGq2o8t-
Q4jpCoDexF7cCP-WQqIwS,n0OLj1cQnnbM3n-2eOzCj
Q4jpCoDexF7cCP-WQqIwS,iW3M5z9QsfI5jnVSJjr5j
Sav-_M7wGE0nnqCl9n8Y6,F72UQSSv5qnV6dGq2o8t-
Sav-_M7wGE0nnqCl9n8Y6,n0OLj1cQnnbM3n-2eOzCj
Sav-_M7wGE0nnqCl9n8Y6,iW3M5z9QsfI5jnVSJjr5j
Sav-_M7wGE0nnqCl9n8Y6,Uzldz52slOyT_7tD9MSW3
dpxUWQ2Y9EClSglWnXrAz,F72UQSSv5qnV6dGq2o8t-
dpxUWQ2Y9EClSglWnXrAz,Uzldz52slOyT_7tD9MSW3
dpxUWQ2Y9EClSglWnXrAz,phlunt5HJ3fBcZXrezlHN
dpxUWQ2Y9EClSglWnXrAz,iW3M5z9QsfI5jnVSJjr5j
um5mPNmHmTNaR20BxjEDy,2bdRQFIcZXrYbhxeWeffc
um5mPNmHmTNaR20BxjEDy,n0OLj1cQnnbM3n-2eOzCj
um5mPNmHmTNaR20BxjEDy,mE5Zf1AWhRKDQNHC_NsmV
6c6qAgVWEdKeUGhWHdXkY,F72UQSSv5qnV6dGq2o8t-
6c6qAgVWEdKeUGhWHdXkY,n0OLj1cQnnbM3n-2eOzCj
6c6qAgVWEdKeUGhWHdXkY,Uzldz52slOyT_7tD9MSW3
96dfzKyU3f5GRIv2qvUeG,L34snMa-YMz_jT9erQqe2
96dfzKyU3f5GRIv2qvUeG,iW3M5z9QsfI5jnVSJjr5j
Rf1CmrQZxciYuzXmTpWO4,L34snMa-YMz_jT9erQqe2
Rf1CmrQZxciYuzXmTpWO4,iW3M5z9QsfI5jnVSJjr5j
Rf1CmrQZxciYuzXmTpWO4,phlunt5HJ3fBcZXrezlHN
I06mgEMMyt_7Jw32t-B_z,iW3M5z9QsfI5jnVSJjr5j
I06mgEMMyt_7Jw32t-B_z,-5F1wQ50bue4PA2khE3sM
I06mgEMMyt_7Jw32t-B_z,F72UQSSv5qnV6dGq2o8t-
VJU9isX5w_Pwd3_Ej7TZ5,F72UQSSv5qnV6dGq2o8t-
VJU9isX5w_Pwd3_Ej7TZ5,n0OLj1cQnnbM3n-2eOzCj
VJU9isX5w_Pwd3_Ej7TZ5,iW3M5z9QsfI5jnVSJjr5j
VJU9isX5w_Pwd3_Ej7TZ5,Uzldz52slOyT_7tD9MSW3
rZBkuWv-fFNWro6uUQXAg,Uzldz52slOyT_7tD9MSW3
rZBkuWv-fFNWro6uUQXAg,phlunt5HJ3fBcZXrezlHN
WmtfaVkfYML75BbGriObU,iW3M5z9QsfI5jnVSJjr5j
WmtfaVkfYML75BbGriObU,phlunt5HJ3fBcZXrezlHN
WmtfaVkfYML75BbGriObU,L34snMa-YMz_jT9erQqe2
fsDgR_7QY4Zs3oZ3SDUME,n0OLj1cQnnbM3n-2eOzCj
fsDgR_7QY4Zs3oZ3SDUME,phlunt5HJ3fBcZXrezlHN
fsDgR_7QY4Zs3oZ3SDUME,iW3M5z9QsfI5jnVSJjr5j
uy5BqG4ekGa5ZEssvUcPN,F72UQSSv5qnV6dGq2o8t-
uy5BqG4ekGa5ZEssvUcPN,L34snMa-YMz_jT9erQqe2
uy5BqG4ekGa5ZEssvUcPN,PFEwpbxaA9UrKET8fDnAt
uy5BqG4ekGa5ZEssvUcPN,iW3M5z9QsfI5jnVSJjr5j
yjynx9-cfFqdkGLzkaVlx,PFEwpbxaA9UrKET8fDnAt
yjynx9-cfFqdkGLzkaVlx,n0OLj1cQnnbM3n-2eOzCj
yjynx9-cfFqdkGLzkaVlx,Uzldz52slOyT_7tD9MSW3
DS4RLOKh-nXEuF3vYk7o9,L34snMa-YMz_jT9erQqe2
DS4RLOKh-nXEuF3vYk7o9,iW3M5z9QsfI5jnVSJjr5j
DS4RLOKh-nXEuF3vYk7o9,F72UQSSv5qnV6dGq2o8t-
3JX5sTMI4yzz1WcehtlFm,PFEwpbxaA9UrKET8fDnAt
3JX5sTMI4yzz1WcehtlFm,n0OLj1cQnnbM3n-2eOzCj
gAYYgpZbnerQO-osYoGRp,L34snMa-YMz_jT9erQqe2
gAYYgpZbnerQO-osYoGRp,iW3M5z9QsfI5jnVSJjr5j
v4WrZ-uFv8-4aaOO_kOjs,L34snMa-YMz_jT9erQqe2
v4WrZ-uFv8-4aaOO_kOjs,n0OLj1cQnnbM3n-2eOzCj
v4WrZ-uFv8-4aaOO_kOjs,iW3M5z9QsfI5jnVSJjr5j
drgyPjuxntbjWM5_HSBKQ,L34snMa-YMz_jT9erQqe2
drgyPjuxntbjWM5_HSBKQ,n0OLj1cQnnbM3n-2eOzCj
drgyPjuxntbjWM5_HSBKQ,iW3M5z9QsfI5jnVSJjr5j
g5D9B9dY4SslqMc8WyW5Y,L34snMa-YMz_jT9erQqe2
g5D9B9dY4SslqMc8WyW5Y,iW3M5z9QsfI5jnVSJjr5j
129W8by43_447q8kcaFlq,L34snMa-YMz_jT9erQqe2
129W8by43_447q8kcaFlq,iW3M5z9QsfI5jnVSJjr5j
nlP5-W0yM41hLp90qmxGH,n0OLj1cQnnbM3n-2eOzCj
nlP5-W0yM41hLp90qmxGH,2bdRQFIcZXrYbhxeWeffc
nlP5-W0yM41hLp90qmxGH,L34snMa-YMz_jT9erQqe2
Hv-yN4L0C5vOQgvpLmW1j,iW3M5z9QsfI5jnVSJjr5j
Hv-yN4L0C5vOQgvpLmW1j,L34snMa-YMz_jT9erQqe2
OilGkVnXEx6ULHy443PsL,Uzldz52slOyT_7tD9MSW3
OilGkVnXEx6ULHy443PsL,phlunt5HJ3fBcZXrezlHN
PDJ64VR2Mer7G5Uo6vmJ6,PFEwpbxaA9UrKET8fDnAt
PDJ64VR2Mer7G5Uo6vmJ6,n0OLj1cQnnbM3n-2eOzCj
AApfk3d1ktiz8gR3OFtL1,2bdRQFIcZXrYbhxeWeffc
AApfk3d1ktiz8gR3OFtL1,n0OLj1cQnnbM3n-2eOzCj
AApfk3d1ktiz8gR3OFtL1,mE5Zf1AWhRKDQNHC_NsmV
xcaWQnFORGP50eIiVTi4N,F72UQSSv5qnV6dGq2o8t-
xcaWQnFORGP50eIiVTi4N,n0OLj1cQnnbM3n-2eOzCj
xcaWQnFORGP50eIiVTi4N,mE5Zf1AWhRKDQNHC_NsmV
xcaWQnFORGP50eIiVTi4N,L34snMa-YMz_jT9erQqe2
xcaWQnFORGP50eIiVTi4N,Uzldz52slOyT_7tD9MSW3
n08zOLEWWyRG3qXVzJ-xf,F72UQSSv5qnV6dGq2o8t-
n08zOLEWWyRG3qXVzJ-xf,phlunt5HJ3fBcZXrezlHN
n08zOLEWWyRG3qXVzJ-xf,L34snMa-YMz_jT9erQqe2
ry2j86dlVcnWE3QVomT6M,L34snMa-YMz_jT9erQqe2
ry2j86dlVcnWE3QVomT6M,iW3M5z9QsfI5jnVSJjr5j
ry2j86dlVcnWE3QVomT6M,phlunt5HJ3fBcZXrezlHN
3ANk2jdxH7VBxWf7qByNB,F72UQSSv5qnV6dGq2o8t-
3ANk2jdxH7VBxWf7qByNB,n0OLj1cQnnbM3n-2eOzCj
3ANk2jdxH7VBxWf7qByNB,mE5Zf1AWhRKDQNHC_NsmV
3ANk2jdxH7VBxWf7qByNB,2bdRQFIcZXrYbhxeWeffc
JyIJ_hqEIq2PHWFosvzkG,PFEwpbxaA9UrKET8fDnAt
JyIJ_hqEIq2PHWFosvzkG,n0OLj1cQnnbM3n-2eOzCj
JyIJ_hqEIq2PHWFosvzkG,Uzldz52slOyT_7tD9MSW3
4NFyWZsET7cH86aydmWxM,F72UQSSv5qnV6dGq2o8t-
4NFyWZsET7cH86aydmWxM,PFEwpbxaA9UrKET8fDnAt
4NFyWZsET7cH86aydmWxM,n0OLj1cQnnbM3n-2eOzCj
4NFyWZsET7cH86aydmWxM,mE5Zf1AWhRKDQNHC_NsmV
4NFyWZsET7cH86aydmWxM,L34snMa-YMz_jT9erQqe2
g7-0uf8YucV4sgSBdBL3R,L34snMa-YMz_jT9erQqe2
g7-0uf8YucV4sgSBdBL3R,iW3M5z9QsfI5jnVSJjr5j
GBxm3JL_PZL1IJ2ASxy1V,phlunt5HJ3fBcZXrezlHN
GBxm3JL_PZL1IJ2ASxy1V,-5F1wQ50bue4PA2khE3sM
GBxm3JL_PZL1IJ2ASxy1V,F72UQSSv5qnV6dGq2o8t-
FsLr1gZoTCeyTyKlUQQ09,iW3M5z9QsfI5jnVSJjr5j
FsLr1gZoTCeyTyKlUQQ09,phlunt5HJ3fBcZXrezlHN
FsLr1gZoTCeyTyKlUQQ09,-Q1NyL2hihfCdselYbnjo
8ZqVKcLjGPr1_W1ZodW6g,iW3M5z9QsfI5jnVSJjr5j
8ZqVKcLjGPr1_W1ZodW6g,L34snMa-YMz_jT9erQqe2
8ZqVKcLjGPr1_W1ZodW6g,F72UQSSv5qnV6dGq2o8t-
ZTvmIIa_X69Id38oYKBiG,iW3M5z9QsfI5jnVSJjr5j
ZTvmIIa_X69Id38oYKBiG,L34snMa-YMz_jT9erQqe2
ZTvmIIa_X69Id38oYKBiG,n0OLj1cQnnbM3n-2eOzCj
kK1hFSK8y8Qwo4eM0S-zO,Uzldz52slOyT_7tD9MSW3
kK1hFSK8y8Qwo4eM0S-zO,iW3M5z9QsfI5jnVSJjr5j
f-G_MUanJg3h9cHd_sn7C,Uzldz52slOyT_7tD9MSW3
f-G_MUanJg3h9cHd_sn7C,phlunt5HJ3fBcZXrezlHN
f-G_MUanJg3h9cHd_sn7C,F72UQSSv5qnV6dGq2o8t-
tihDvioLsDY8J2_f_ehDy,n0OLj1cQnnbM3n-2eOzCj
tihDvioLsDY8J2_f_ehDy,mE5Zf1AWhRKDQNHC_NsmV
tihDvioLsDY8J2_f_ehDy,F72UQSSv5qnV6dGq2o8t-
JBclAv9E_ItB2AbQWempt,PFEwpbxaA9UrKET8fDnAt
JBclAv9E_ItB2AbQWempt,n0OLj1cQnnbM3n-2eOzCj
JBclAv9E_ItB2AbQWempt,Uzldz52slOyT_7tD9MSW3
sHiZWC6GZ0_cTUJVa5EyY,F72UQSSv5qnV6dGq2o8t-
sHiZWC6GZ0_cTUJVa5EyY,n0OLj1cQnnbM3n-2eOzCj
sHiZWC6GZ0_cTUJVa5EyY,mE5Zf1AWhRKDQNHC_NsmV
sHiZWC6GZ0_cTUJVa5EyY,Uzldz52slOyT_7tD9MSW3
QdUOLZm9ur5OCZy_tzB2k,L34snMa-YMz_jT9erQqe2
QdUOLZm9ur5OCZy_tzB2k,iW3M5z9QsfI5jnVSJjr5j
QdUOLZm9ur5OCZy_tzB2k,PFEwpbxaA9UrKET8fDnAt
JKY5bLEvKb8fhJY1-MFaq,n0OLj1cQnnbM3n-2eOzCj
JKY5bLEvKb8fhJY1-MFaq,mE5Zf1AWhRKDQNHC_NsmV
JKY5bLEvKb8fhJY1-MFaq,F72UQSSv5qnV6dGq2o8t-
N3CI8p52BMKjR0S3wZX_Z,-Q1NyL2hihfCdselYbnjo
N3CI8p52BMKjR0S3wZX_Z,ncFeNw-5M4iGoDD-A8hBH
N3CI8p52BMKjR0S3wZX_Z,n0OLj1cQnnbM3n-2eOzCj
mLKP3eMK6_iVQ-Cs5yi_n,PFEwpbxaA9UrKET8fDnAt
mLKP3eMK6_iVQ-Cs5yi_n,n0OLj1cQnnbM3n-2eOzCj
mLKP3eMK6_iVQ-Cs5yi_n,Uzldz52slOyT_7tD9MSW3
io5M2bgZ_jyMrKqDrVrL8,F72UQSSv5qnV6dGq2o8t-
io5M2bgZ_jyMrKqDrVrL8,L34snMa-YMz_jT9erQqe2
io5M2bgZ_jyMrKqDrVrL8,n0OLj1cQnnbM3n-2eOzCj
io5M2bgZ_jyMrKqDrVrL8,Uzldz52slOyT_7tD9MSW3
io5M2bgZ_jyMrKqDrVrL8,ncFeNw-5M4iGoDD-A8hBH
zkbf_Fv0uFXv00W_Z-OIR,Uzldz52slOyT_7tD9MSW3
zkbf_Fv0uFXv00W_Z-OIR,phlunt5HJ3fBcZXrezlHN
piQEZrqRMFThJ4SjYYiTz,iW3M5z9QsfI5jnVSJjr5j
piQEZrqRMFThJ4SjYYiTz,L34snMa-YMz_jT9erQqe2
pa4_yGHAh9C1hFEMYLfke,F72UQSSv5qnV6dGq2o8t-
pa4_yGHAh9C1hFEMYLfke,iW3M5z9QsfI5jnVSJjr5j
pa4_yGHAh9C1hFEMYLfke,phlunt5HJ3fBcZXrezlHN
pa4_yGHAh9C1hFEMYLfke,-5F1wQ50bue4PA2khE3sM
AF1I1Jo7ViRLZfubM8yNy,F72UQSSv5qnV6dGq2o8t-
AF1I1Jo7ViRLZfubM8yNy,KcVqSqCqpBoUqNfNlAkE7
AF1I1Jo7ViRLZfubM8yNy,n0OLj1cQnnbM3n-2eOzCj
AF1I1Jo7ViRLZfubM8yNy,mE5Zf1AWhRKDQNHC_NsmV
AF1I1Jo7ViRLZfubM8yNy,L34snMa-YMz_jT9erQqe2
jwaCC6H9eksM5IN132e1U,F72UQSSv5qnV6dGq2o8t-
jwaCC6H9eksM5IN132e1U,n0OLj1cQnnbM3n-2eOzCj
jwaCC6H9eksM5IN132e1U,mE5Zf1AWhRKDQNHC_NsmV
jwaCC6H9eksM5IN132e1U,PFEwpbxaA9UrKET8fDnAt
K-GeazX0OczOAc8QI4_Y0,Uzldz52slOyT_7tD9MSW3
K-GeazX0OczOAc8QI4_Y0,phlunt5HJ3fBcZXrezlHN
K-GeazX0OczOAc8QI4_Y0,PFEwpbxaA9UrKET8fDnAt
S8pPtTx7nfQGp-Fq9CLUn,L34snMa-YMz_jT9erQqe2
S8pPtTx7nfQGp-Fq9CLUn,iW3M5z9QsfI5jnVSJjr5j
rluFbOZquad30j-D5cBJL,mE5Zf1AWhRKDQNHC_NsmV
rluFbOZquad30j-D5cBJL,n0OLj1cQnnbM3n-2eOzCj
rluFbOZquad30j-D5cBJL,L34snMa-YMz_jT9erQqe2
I99gWPXkSCLU3PaYHmgnP,F72UQSSv5qnV6dGq2o8t-
I99gWPXkSCLU3PaYHmgnP,n0OLj1cQnnbM3n-2eOzCj
I99gWPXkSCLU3PaYHmgnP,mE5Zf1AWhRKDQNHC_NsmV
n32FC2t1Vs0zWRuPFijSw,F72UQSSv5qnV6dGq2o8t-
n32FC2t1Vs0zWRuPFijSw,phlunt5HJ3fBcZXrezlHN
n32FC2t1Vs0zWRuPFijSw,iW3M5z9QsfI5jnVSJjr5j
_xNaaOhi-whtKFIy3u7GM,F72UQSSv5qnV6dGq2o8t-
_xNaaOhi-whtKFIy3u7GM,L34snMa-YMz_jT9erQqe2
_xNaaOhi-whtKFIy3u7GM,2bdRQFIcZXrYbhxeWeffc
6UpPdkuLVHzNTMMzwsnLw,F72UQSSv5qnV6dGq2o8t-
6UpPdkuLVHzNTMMzwsnLw,Uzldz52slOyT_7tD9MSW3
6UpPdkuLVHzNTMMzwsnLw,iW3M5z9QsfI5jnVSJjr5j
tc0d5XPGIIbRR3zr2I4gV,n0OLj1cQnnbM3n-2eOzCj
tc0d5XPGIIbRR3zr2I4gV,F72UQSSv5qnV6dGq2o8t-
m4tc7MTkGpRJI4oLY6RCW,F72UQSSv5qnV6dGq2o8t-
m4tc7MTkGpRJI4oLY6RCW,n0OLj1cQnnbM3n-2eOzCj
m4tc7MTkGpRJI4oLY6RCW,iW3M5z9QsfI5jnVSJjr5j
m4tc7MTkGpRJI4oLY6RCW,Uzldz52slOyT_7tD9MSW3
m4tc7MTkGpRJI4oLY6RCW,ncFeNw-5M4iGoDD-A8hBH
IA9gD3bASMQL2ZQ0oM4zp,L34snMa-YMz_jT9erQqe2
IA9gD3bASMQL2ZQ0oM4zp,iW3M5z9QsfI5jnVSJjr5j
7xADFzr-8cmpqXTQv--qt,iW3M5z9QsfI5jnVSJjr5j
7xADFzr-8cmpqXTQv--qt,L34snMa-YMz_jT9erQqe2
7xADFzr-8cmpqXTQv--qt,phlunt5HJ3fBcZXrezlHN
xP8fOjLVe1txZOIB2FPpQ,n0OLj1cQnnbM3n-2eOzCj
xP8fOjLVe1txZOIB2FPpQ,PFEwpbxaA9UrKET8fDnAt
JbHDVP877IcGyiSa7If8m,ncFeNw-5M4iGoDD-A8hBH
JbHDVP877IcGyiSa7If8m,iW3M5z9QsfI5jnVSJjr5j
JbHDVP877IcGyiSa7If8m,n0OLj1cQnnbM3n-2eOzCj
-UeMry6r8kfxGTScHagEX,n0OLj1cQnnbM3n-2eOzCj
-UeMry6r8kfxGTScHagEX,mE5Zf1AWhRKDQNHC_NsmV
-UeMry6r8kfxGTScHagEX,L34snMa-YMz_jT9erQqe2
XTi0ocY3EQlQxs6zz25vz,mE5Zf1AWhRKDQNHC_NsmV
XTi0ocY3EQlQxs6zz25vz,L34snMa-YMz_jT9erQqe2
a-GTkfkp1s75WZH5kCBPk,F72UQSSv5qnV6dGq2o8t-
a-GTkfkp1s75WZH5kCBPk,iW3M5z9QsfI5jnVSJjr5j
a-GTkfkp1s75WZH5kCBPk,phlunt5HJ3fBcZXrezlHN
OGl8ziaoT9lKkabnEnLUy,F72UQSSv5qnV6dGq2o8t-
OGl8ziaoT9lKkabnEnLUy,n0OLj1cQnnbM3n-2eOzCj
OGl8ziaoT9lKkabnEnLUy,phlunt5HJ3fBcZXrezlHN
ExYwFK8x2vvzbNly7D2Qn,F72UQSSv5qnV6dGq2o8t-
ExYwFK8x2vvzbNly7D2Qn,n0OLj1cQnnbM3n-2eOzCj
ExYwFK8x2vvzbNly7D2Qn,phlunt5HJ3fBcZXrezlHN
S05w2Juskun52icqmnFk7,n0OLj1cQnnbM3n-2eOzCj
S05w2Juskun52icqmnFk7,mE5Zf1AWhRKDQNHC_NsmV
S05w2Juskun52icqmnFk7,F72UQSSv5qnV6dGq2o8t-
L8lZAP20S5LtYT6GNfl5v,Uzldz52slOyT_7tD9MSW3
L8lZAP20S5LtYT6GNfl5v,phlunt5HJ3fBcZXrezlHN
yhhbm5W1x_cBGejn4jFlR,PFEwpbxaA9UrKET8fDnAt
yhhbm5W1x_cBGejn4jFlR,n0OLj1cQnnbM3n-2eOzCj
yhhbm5W1x_cBGejn4jFlR,Uzldz52slOyT_7tD9MSW3
2URf4nQjKiuIWXLwDCPFU,n0OLj1cQnnbM3n-2eOzCj
2URf4nQjKiuIWXLwDCPFU,PFEwpbxaA9UrKET8fDnAt
FRw4cbeMsegUYeicvvXed,PFEwpbxaA9UrKET8fDnAt
FRw4cbeMsegUYeicvvXed,F72UQSSv5qnV6dGq2o8t-
1kgv_9vW0fY3z_JyQ1hhL,F72UQSSv5qnV6dGq2o8t-
1kgv_9vW0fY3z_JyQ1hhL,Uzldz52slOyT_7tD9MSW3
PRhTjun_MaaYt2fMbGeO7,Uzldz52slOyT_7tD9MSW3
PRhTjun_MaaYt2fMbGeO7,phlunt5HJ3fBcZXrezlHN
PRhTjun_MaaYt2fMbGeO7,n0OLj1cQnnbM3n-2eOzCj
DyrFWdsjUdQcfyx2PAdYD,n0OLj1cQnnbM3n-2eOzCj
DyrFWdsjUdQcfyx2PAdYD,Uzldz52slOyT_7tD9MSW3
DyrFWdsjUdQcfyx2PAdYD,phlunt5HJ3fBcZXrezlHN
YG4qm62cgttki6Sx2K0Eb,F72UQSSv5qnV6dGq2o8t-
YG4qm62cgttki6Sx2K0Eb,n0OLj1cQnnbM3n-2eOzCj
YG4qm62cgttki6Sx2K0Eb,phlunt5HJ3fBcZXrezlHN
MDwxskj-sL5BqEQ-KCdzJ,F72UQSSv5qnV6dGq2o8t-
MDwxskj-sL5BqEQ-KCdzJ,n0OLj1cQnnbM3n-2eOzCj
Ekrrtbd8Wwt753RHEOGP8,phlunt5HJ3fBcZXrezlHN
Ekrrtbd8Wwt753RHEOGP8,iW3M5z9QsfI5jnVSJjr5j
Ekrrtbd8Wwt753RHEOGP8,F72UQSSv5qnV6dGq2o8t-
FCyaJXH9YLdEmijYpf4qe,n0OLj1cQnnbM3n-2eOzCj
FCyaJXH9YLdEmijYpf4qe,iW3M5z9QsfI5jnVSJjr5j
FCyaJXH9YLdEmijYpf4qe,L34snMa-YMz_jT9erQqe2
aMyxozurwHKe4eoDAG3-d,F72UQSSv5qnV6dGq2o8t-
aMyxozurwHKe4eoDAG3-d,iW3M5z9QsfI5jnVSJjr5j
_pdt-OB6l7a0bKvBqg4T8,L34snMa-YMz_jT9erQqe2
_pdt-OB6l7a0bKvBqg4T8,iW3M5z9QsfI5jnVSJjr5j
LFmninP_tzVAgZZ_HPe9I,mE5Zf1AWhRKDQNHC_NsmV
LFmninP_tzVAgZZ_HPe9I,F72UQSSv5qnV6dGq2o8t-
TT0DZdQuewTWwy5K-UeD0,phlunt5HJ3fBcZXrezlHN
TT0DZdQuewTWwy5K-UeD0,Uzldz52slOyT_7tD9MSW3
TT0DZdQuewTWwy5K-UeD0,n0OLj1cQnnbM3n-2eOzCj
DeHQIq7nfALyzthVpxdMo,F72UQSSv5qnV6dGq2o8t-
DeHQIq7nfALyzthVpxdMo,n0OLj1cQnnbM3n-2eOzCj
DeHQIq7nfALyzthVpxdMo,phlunt5HJ3fBcZXrezlHN
NUPR1FzNVun7czU7OC9VW,Uzldz52slOyT_7tD9MSW3
NUPR1FzNVun7czU7OC9VW,iW3M5z9QsfI5jnVSJjr5j
NUPR1FzNVun7czU7OC9VW,phlunt5HJ3fBcZXrezlHN
Vqg7sAkSvYJZAAGgH_JLU,PFEwpbxaA9UrKET8fDnAt
Vqg7sAkSvYJZAAGgH_JLU,Uzldz52slOyT_7tD9MSW3
Vqg7sAkSvYJZAAGgH_JLU,n0OLj1cQnnbM3n-2eOzCj
HTs-s_rgmq3sf-4yz3dWs,iW3M5z9QsfI5jnVSJjr5j
HTs-s_rgmq3sf-4yz3dWs,ncFeNw-5M4iGoDD-A8hBH
HTs-s_rgmq3sf-4yz3dWs,phlunt5HJ3fBcZXrezlHN
xyoYlSOvz__piPrhkEreN,iW3M5z9QsfI5jnVSJjr5j
xyoYlSOvz__piPrhkEreN,ncFeNw-5M4iGoDD-A8hBH
xyoYlSOvz__piPrhkEreN,phlunt5HJ3fBcZXrezlHN
bJUIpwaoATIMtQ__5TVIi,F72UQSSv5qnV6dGq2o8t-
bJUIpwaoATIMtQ__5TVIi,Uzldz52slOyT_7tD9MSW3
bJUIpwaoATIMtQ__5TVIi,phlunt5HJ3fBcZXrezlHN
c0JqAL-9oTn980aqPvJhu,iW3M5z9QsfI5jnVSJjr5j
c0JqAL-9oTn980aqPvJhu,phlunt5HJ3fBcZXrezlHN
c0JqAL-9oTn980aqPvJhu,F72UQSSv5qnV6dGq2o8t-
4pIFCrGfF4MWebkY4RcEr,F72UQSSv5qnV6dGq2o8t-
4pIFCrGfF4MWebkY4RcEr,mE5Zf1AWhRKDQNHC_NsmV
4pIFCrGfF4MWebkY4RcEr,n0OLj1cQnnbM3n-2eOzCj
eVMoKtbR5e-4nClzUFly-,n0OLj1cQnnbM3n-2eOzCj
eVMoKtbR5e-4nClzUFly-,F72UQSSv5qnV6dGq2o8t-
k6yC14opWCrO4EYVqO4Xa,F72UQSSv5qnV6dGq2o8t-
k6yC14opWCrO4EYVqO4Xa,Uzldz52slOyT_7tD9MSW3
k6yC14opWCrO4EYVqO4Xa,phlunt5HJ3fBcZXrezlHN
z7sTC4VPfd5jd_MQdumyu,n0OLj1cQnnbM3n-2eOzCj
z7sTC4VPfd5jd_MQdumyu,mE5Zf1AWhRKDQNHC_NsmV
z7sTC4VPfd5jd_MQdumyu,2bdRQFIcZXrYbhxeWeffc
z7sTC4VPfd5jd_MQdumyu,L34snMa-YMz_jT9erQqe2
uQ7rcvSStQTy7fqVC8saQ,iW3M5z9QsfI5jnVSJjr5j
uQ7rcvSStQTy7fqVC8saQ,phlunt5HJ3fBcZXrezlHN
v6M1iGzQD7XesJSW9cbXC,Uzldz52slOyT_7tD9MSW3
v6M1iGzQD7XesJSW9cbXC,F72UQSSv5qnV6dGq2o8t-
Vv_YBfmK5wRpb5_fJWVor,phlunt5HJ3fBcZXrezlHN
Vv_YBfmK5wRpb5_fJWVor,n0OLj1cQnnbM3n-2eOzCj
hD3z53BUo7bWXyBoxA75n,F72UQSSv5qnV6dGq2o8t-
hD3z53BUo7bWXyBoxA75n,n0OLj1cQnnbM3n-2eOzCj
hD3z53BUo7bWXyBoxA75n,phlunt5HJ3fBcZXrezlHN
BE6Ih0rZJe7oVrUlBWwx2,Uzldz52slOyT_7tD9MSW3
BE6Ih0rZJe7oVrUlBWwx2,phlunt5HJ3fBcZXrezlHN
BE6Ih0rZJe7oVrUlBWwx2,n0OLj1cQnnbM3n-2eOzCj
XQor3qSrjLS0QmYchg_-R,n0OLj1cQnnbM3n-2eOzCj
XQor3qSrjLS0QmYchg_-R,mE5Zf1AWhRKDQNHC_NsmV
XQor3qSrjLS0QmYchg_-R,F72UQSSv5qnV6dGq2o8t-
XulIRfSD-X2JNWfvLBdwZ,Uzldz52slOyT_7tD9MSW3
XulIRfSD-X2JNWfvLBdwZ,n0OLj1cQnnbM3n-2eOzCj
ZljhEiLghKtVg-Mt6pwKU,n0OLj1cQnnbM3n-2eOzCj
ZljhEiLghKtVg-Mt6pwKU,phlunt5HJ3fBcZXrezlHN
ZljhEiLghKtVg-Mt6pwKU,Uzldz52slOyT_7tD9MSW3
ryLY_8_srSDpqlpInGZoJ,L34snMa-YMz_jT9erQqe2
ryLY_8_srSDpqlpInGZoJ,iW3M5z9QsfI5jnVSJjr5j
JGMNYzjIGfIv049NXKbYl,Uzldz52slOyT_7tD9MSW3
JGMNYzjIGfIv049NXKbYl,F72UQSSv5qnV6dGq2o8t-
l93Vod6DD9FiQoL7ZywAF,F72UQSSv5qnV6dGq2o8t-
l93Vod6DD9FiQoL7ZywAF,mE5Zf1AWhRKDQNHC_NsmV
l93Vod6DD9FiQoL7ZywAF,n0OLj1cQnnbM3n-2eOzCj
l93Vod6DD9FiQoL7ZywAF,iW3M5z9QsfI5jnVSJjr5j
l93Vod6DD9FiQoL7ZywAF,phlunt5HJ3fBcZXrezlHN
YSkwXi6HYwx7wK4yvyut0,L34snMa-YMz_jT9erQqe2
YSkwXi6HYwx7wK4yvyut0,phlunt5HJ3fBcZXrezlHN
YSkwXi6HYwx7wK4yvyut0,PFEwpbxaA9UrKET8fDnAt
U9E0zLH77xWlyh18XTNuf,phlunt5HJ3fBcZXrezlHN
U9E0zLH77xWlyh18XTNuf,Uzldz52slOyT_7tD9MSW3
U9E0zLH77xWlyh18XTNuf,n0OLj1cQnnbM3n-2eOzCj
kufd6Y6cZEfGjCLwibZcj,n0OLj1cQnnbM3n-2eOzCj
kufd6Y6cZEfGjCLwibZcj,mE5Zf1AWhRKDQNHC_NsmV
kufd6Y6cZEfGjCLwibZcj,2bdRQFIcZXrYbhxeWeffc
l3X9bp6TWoYfklFshknHF,ncFeNw-5M4iGoDD-A8hBH
l3X9bp6TWoYfklFshknHF,iW3M5z9QsfI5jnVSJjr5j
l3X9bp6TWoYfklFshknHF,F72UQSSv5qnV6dGq2o8t-
yqSvvL3MRz0tPTgiHYTVZ,iW3M5z9QsfI5jnVSJjr5j
yqSvvL3MRz0tPTgiHYTVZ,phlunt5HJ3fBcZXrezlHN
ilTkQZ6Cc7t4Kd0xC193V,F72UQSSv5qnV6dGq2o8t-
ilTkQZ6Cc7t4Kd0xC193V,n0OLj1cQnnbM3n-2eOzCj
ilTkQZ6Cc7t4Kd0xC193V,mE5Zf1AWhRKDQNHC_NsmV
7B51KBWuw3uyDa8Z8Xncz,phlunt5HJ3fBcZXrezlHN
7B51KBWuw3uyDa8Z8Xncz,n0OLj1cQnnbM3n-2eOzCj
7B51KBWuw3uyDa8Z8Xncz,iW3M5z9QsfI5jnVSJjr5j
yxT5jHn9ZDyfvFlJoc9Co,iW3M5z9QsfI5jnVSJjr5j
yxT5jHn9ZDyfvFlJoc9Co,phlunt5HJ3fBcZXrezlHN
yxT5jHn9ZDyfvFlJoc9Co,Uzldz52slOyT_7tD9MSW3
yxT5jHn9ZDyfvFlJoc9Co,L34snMa-YMz_jT9erQqe2
p1OO-kfI_U5OlC70IK3a2,F72UQSSv5qnV6dGq2o8t-
p1OO-kfI_U5OlC70IK3a2,phlunt5HJ3fBcZXrezlHN
p1OO-kfI_U5OlC70IK3a2,Uzldz52slOyT_7tD9MSW3
p1OO-kfI_U5OlC70IK3a2,L34snMa-YMz_jT9erQqe2
wINoCbAhMsWfQRcTdObnO,F72UQSSv5qnV6dGq2o8t-
wINoCbAhMsWfQRcTdObnO,n0OLj1cQnnbM3n-2eOzCj
wINoCbAhMsWfQRcTdObnO,L34snMa-YMz_jT9erQqe2
wINoCbAhMsWfQRcTdObnO,Uzldz52slOyT_7tD9MSW3
5KmXt8a-LHEhwLPLImzsq,L34snMa-YMz_jT9erQqe2
5KmXt8a-LHEhwLPLImzsq,iW3M5z9QsfI5jnVSJjr5j
5KmXt8a-LHEhwLPLImzsq,phlunt5HJ3fBcZXrezlHN
29R3QIFqyJuHh0QgfnokG,F72UQSSv5qnV6dGq2o8t-
29R3QIFqyJuHh0QgfnokG,n0OLj1cQnnbM3n-2eOzCj
29R3QIFqyJuHh0QgfnokG,iW3M5z9QsfI5jnVSJjr5j
DJ1DvOUq1tzWqmDsDIrBv,L34snMa-YMz_jT9erQqe2
DJ1DvOUq1tzWqmDsDIrBv,iW3M5z9QsfI5jnVSJjr5j
88hMKNdnpUjGny59lcoWd,L34snMa-YMz_jT9erQqe2
88hMKNdnpUjGny59lcoWd,iW3M5z9QsfI5jnVSJjr5j
88hMKNdnpUjGny59lcoWd,phlunt5HJ3fBcZXrezlHN
xL-A_kiubnL0c86HqM8f7,F72UQSSv5qnV6dGq2o8t-
xL-A_kiubnL0c86HqM8f7,KcVqSqCqpBoUqNfNlAkE7
xL-A_kiubnL0c86HqM8f7,mE5Zf1AWhRKDQNHC_NsmV
iAuZMIy6g3uV0jPVxBZo1,2bdRQFIcZXrYbhxeWeffc
iAuZMIy6g3uV0jPVxBZo1,L34snMa-YMz_jT9erQqe2
iAuZMIy6g3uV0jPVxBZo1,n0OLj1cQnnbM3n-2eOzCj
jRrUO3TEK81h8-PvvQdb4,L34snMa-YMz_jT9erQqe2
jRrUO3TEK81h8-PvvQdb4,n0OLj1cQnnbM3n-2eOzCj
jRrUO3TEK81h8-PvvQdb4,iW3M5z9QsfI5jnVSJjr5j
JvkSoBLjt9gP7m4UveyZW,-Q1NyL2hihfCdselYbnjo
JvkSoBLjt9gP7m4UveyZW,iW3M5z9QsfI5jnVSJjr5j
JvkSoBLjt9gP7m4UveyZW,phlunt5HJ3fBcZXrezlHN
_p1ZrgnM-oCXEZVfDzKRt,Uzldz52slOyT_7tD9MSW3
_p1ZrgnM-oCXEZVfDzKRt,phlunt5HJ3fBcZXrezlHN
_p1ZrgnM-oCXEZVfDzKRt,L34snMa-YMz_jT9erQqe2
GZT5c9t8_95lHTPDrFbPI,F72UQSSv5qnV6dGq2o8t-
GZT5c9t8_95lHTPDrFbPI,n0OLj1cQnnbM3n-2eOzCj
GZT5c9t8_95lHTPDrFbPI,iW3M5z9QsfI5jnVSJjr5j
GZT5c9t8_95lHTPDrFbPI,Uzldz52slOyT_7tD9MSW3
aJOUyBFxgLeze1ZkQIB3a,L34snMa-YMz_jT9erQqe2
aJOUyBFxgLeze1ZkQIB3a,iW3M5z9QsfI5jnVSJjr5j
aJOUyBFxgLeze1ZkQIB3a,PFEwpbxaA9UrKET8fDnAt
wqYpkgC5b-BnjipRZ71W_,F72UQSSv5qnV6dGq2o8t-
wqYpkgC5b-BnjipRZ71W_,n0OLj1cQnnbM3n-2eOzCj
wqYpkgC5b-BnjipRZ71W_,iW3M5z9QsfI5jnVSJjr5j
wqYpkgC5b-BnjipRZ71W_,Uzldz52slOyT_7tD9MSW3
hLUAUBv0r6LUXCvWyQEtW,F72UQSSv5qnV6dGq2o8t-
hLUAUBv0r6LUXCvWyQEtW,n0OLj1cQnnbM3n-2eOzCj
hLUAUBv0r6LUXCvWyQEtW,iW3M5z9QsfI5jnVSJjr5j
QsK7aMhyK8fvwO41fsQAf,Uzldz52slOyT_7tD9MSW3
QsK7aMhyK8fvwO41fsQAf,n0OLj1cQnnbM3n-2eOzCj
QsK7aMhyK8fvwO41fsQAf,phlunt5HJ3fBcZXrezlHN
YAgO-TAyKEmdWPmS430to,ncFeNw-5M4iGoDD-A8hBH
YAgO-TAyKEmdWPmS430to,Uzldz52slOyT_7tD9MSW3
YAgO-TAyKEmdWPmS430to,phlunt5HJ3fBcZXrezlHN
BwMncF2DXlOj-eYU3MA8H,Uzldz52slOyT_7tD9MSW3
BwMncF2DXlOj-eYU3MA8H,iW3M5z9QsfI5jnVSJjr5j
BwMncF2DXlOj-eYU3MA8H,phlunt5HJ3fBcZXrezlHN
JUhDWEG3CLno16qVmxDEy,Uzldz52slOyT_7tD9MSW3
JUhDWEG3CLno16qVmxDEy,phlunt5HJ3fBcZXrezlHN
yD4U8BnBn1P4HZmW8Ic-T,PFEwpbxaA9UrKET8fDnAt
yD4U8BnBn1P4HZmW8Ic-T,n0OLj1cQnnbM3n-2eOzCj
yD4U8BnBn1P4HZmW8Ic-T,Uzldz52slOyT_7tD9MSW3
bOS6_BwOXI2VIa5OhJZWq,phlunt5HJ3fBcZXrezlHN
bOS6_BwOXI2VIa5OhJZWq,Uzldz52slOyT_7tD9MSW3
bOS6_BwOXI2VIa5OhJZWq,iW3M5z9QsfI5jnVSJjr5j
Y_mxQO9BoonChffFhPFlW,-Q1NyL2hihfCdselYbnjo
Y_mxQO9BoonChffFhPFlW,ncFeNw-5M4iGoDD-A8hBH
Y_mxQO9BoonChffFhPFlW,L34snMa-YMz_jT9erQqe2
zWX8DT5X0Mu-S4sNhzYq6,L34snMa-YMz_jT9erQqe2
zWX8DT5X0Mu-S4sNhzYq6,iW3M5z9QsfI5jnVSJjr5j
9koaBlO-upeR6NVwwBUks,F72UQSSv5qnV6dGq2o8t-
9koaBlO-upeR6NVwwBUks,Uzldz52slOyT_7tD9MSW3
9koaBlO-upeR6NVwwBUks,phlunt5HJ3fBcZXrezlHN
el8xAksMf-N0yV7KwExo3,Uzldz52slOyT_7tD9MSW3
el8xAksMf-N0yV7KwExo3,phlunt5HJ3fBcZXrezlHN
EM4ynByviuE9KgG8Oo0uz,phlunt5HJ3fBcZXrezlHN
EM4ynByviuE9KgG8Oo0uz,Uzldz52slOyT_7tD9MSW3
EM4ynByviuE9KgG8Oo0uz,L34snMa-YMz_jT9erQqe2
HupMQa_3mZ7yIPx_pjzy2,F72UQSSv5qnV6dGq2o8t-
HupMQa_3mZ7yIPx_pjzy2,n0OLj1cQnnbM3n-2eOzCj
HupMQa_3mZ7yIPx_pjzy2,phlunt5HJ3fBcZXrezlHN
HupMQa_3mZ7yIPx_pjzy2,Uzldz52slOyT_7tD9MSW3
kxnPE-TqCkSa5sNLWknsT,F72UQSSv5qnV6dGq2o8t-
kxnPE-TqCkSa5sNLWknsT,n0OLj1cQnnbM3n-2eOzCj
kxnPE-TqCkSa5sNLWknsT,iW3M5z9QsfI5jnVSJjr5j
kxnPE-TqCkSa5sNLWknsT,Uzldz52slOyT_7tD9MSW3
kxnPE-TqCkSa5sNLWknsT,ncFeNw-5M4iGoDD-A8hBH
sjZxDJNiq4nIopkrRHpDe,F72UQSSv5qnV6dGq2o8t-
sjZxDJNiq4nIopkrRHpDe,n0OLj1cQnnbM3n-2eOzCj
sjZxDJNiq4nIopkrRHpDe,iW3M5z9QsfI5jnVSJjr5j
sjZxDJNiq4nIopkrRHpDe,Uzldz52slOyT_7tD9MSW3
f6HaFiY2G6EV6jGt7RpYc,F72UQSSv5qnV6dGq2o8t-
f6HaFiY2G6EV6jGt7RpYc,n0OLj1cQnnbM3n-2eOzCj
f6HaFiY2G6EV6jGt7RpYc,iW3M5z9QsfI5jnVSJjr5j
f6HaFiY2G6EV6jGt7RpYc,Uzldz52slOyT_7tD9MSW3
a_1scYM3Z_4YUjfflz-qz,L34snMa-YMz_jT9erQqe2
a_1scYM3Z_4YUjfflz-qz,mE5Zf1AWhRKDQNHC_NsmV
a_1scYM3Z_4YUjfflz-qz,iW3M5z9QsfI5jnVSJjr5j
UtnZ26FlbbytA6OQkBlpw,mE5Zf1AWhRKDQNHC_NsmV
UtnZ26FlbbytA6OQkBlpw,L34snMa-YMz_jT9erQqe2
l7jS8YA6aDll8QjgRk27a,iW3M5z9QsfI5jnVSJjr5j
l7jS8YA6aDll8QjgRk27a,phlunt5HJ3fBcZXrezlHN
2MaQC6CZVsAT5jMliPThG,n0OLj1cQnnbM3n-2eOzCj
2MaQC6CZVsAT5jMliPThG,2bdRQFIcZXrYbhxeWeffc
2MaQC6CZVsAT5jMliPThG,L34snMa-YMz_jT9erQqe2
9CpuCrB2DUcCWYulslJA4,Uzldz52slOyT_7tD9MSW3
9CpuCrB2DUcCWYulslJA4,phlunt5HJ3fBcZXrezlHN
lZex81tWvRUfmiHkbFxN5,F72UQSSv5qnV6dGq2o8t-
lZex81tWvRUfmiHkbFxN5,n0OLj1cQnnbM3n-2eOzCj
RWKtvSM-vYszjy5wY0wAZ,n0OLj1cQnnbM3n-2eOzCj
RWKtvSM-vYszjy5wY0wAZ,phlunt5HJ3fBcZXrezlHN
RWKtvSM-vYszjy5wY0wAZ,tqy6nsKbGDANBHHt7CQaG
cOJGlyn2CyiwY6dUu7H2m,L34snMa-YMz_jT9erQqe2
cOJGlyn2CyiwY6dUu7H2m,n0OLj1cQnnbM3n-2eOzCj
cOJGlyn2CyiwY6dUu7H2m,iW3M5z9QsfI5jnVSJjr5j
nis9U682HPx90Mxa53VDF,phlunt5HJ3fBcZXrezlHN
nis9U682HPx90Mxa53VDF,iW3M5z9QsfI5jnVSJjr5j
nis9U682HPx90Mxa53VDF,l9bkiReXBvPDuJX6TdvDu
tFzuyOOd8luKGdIMYCGiA,F72UQSSv5qnV6dGq2o8t-
tFzuyOOd8luKGdIMYCGiA,iW3M5z9QsfI5jnVSJjr5j
MnKMzXpuV80cRbLBRuZ8d,phlunt5HJ3fBcZXrezlHN
MnKMzXpuV80cRbLBRuZ8d,Uzldz52slOyT_7tD9MSW3
MnKMzXpuV80cRbLBRuZ8d,n0OLj1cQnnbM3n-2eOzCj
PYh-24ovPOnpR4NfVelOi,L34snMa-YMz_jT9erQqe2
PYh-24ovPOnpR4NfVelOi,iW3M5z9QsfI5jnVSJjr5j
4fgCyrKW_d4tvMjBcIb_V,n0OLj1cQnnbM3n-2eOzCj
4fgCyrKW_d4tvMjBcIb_V,mE5Zf1AWhRKDQNHC_NsmV
4fgCyrKW_d4tvMjBcIb_V,F72UQSSv5qnV6dGq2o8t-
5osiM-BAvv9EaZyWL-Usi,PFEwpbxaA9UrKET8fDnAt
5osiM-BAvv9EaZyWL-Usi,phlunt5HJ3fBcZXrezlHN
5osiM-BAvv9EaZyWL-Usi,Uzldz52slOyT_7tD9MSW3
D5QbVPJZWTeuEe0fEkimf,n0OLj1cQnnbM3n-2eOzCj
D5QbVPJZWTeuEe0fEkimf,mE5Zf1AWhRKDQNHC_NsmV
D5QbVPJZWTeuEe0fEkimf,F72UQSSv5qnV6dGq2o8t-
jnTDaHk1IcOdni5j3ABCR,phlunt5HJ3fBcZXrezlHN
jnTDaHk1IcOdni5j3ABCR,tqy6nsKbGDANBHHt7CQaG
myp_ZuRcbKx758rNMCQfP,phlunt5HJ3fBcZXrezlHN
myp_ZuRcbKx758rNMCQfP,iW3M5z9QsfI5jnVSJjr5j
myp_ZuRcbKx758rNMCQfP,tqy6nsKbGDANBHHt7CQaG
L6IdubIA5Po_NlqcLWoQZ,L34snMa-YMz_jT9erQqe2
L6IdubIA5Po_NlqcLWoQZ,iW3M5z9QsfI5jnVSJjr5j
L6IdubIA5Po_NlqcLWoQZ,PFEwpbxaA9UrKET8fDnAt
WyT-4tutEGTTgTEhJH5qQ,iW3M5z9QsfI5jnVSJjr5j
WyT-4tutEGTTgTEhJH5qQ,phlunt5HJ3fBcZXrezlHN
WyT-4tutEGTTgTEhJH5qQ,n0OLj1cQnnbM3n-2eOzCj
SonyyGbDOyah1AMQG-Cns,F72UQSSv5qnV6dGq2o8t-
SonyyGbDOyah1AMQG-Cns,phlunt5HJ3fBcZXrezlHN
SonyyGbDOyah1AMQG-Cns,PFEwpbxaA9UrKET8fDnAt
dDJwAQ7EZvX8qrg5Xzbm5,iW3M5z9QsfI5jnVSJjr5j
dDJwAQ7EZvX8qrg5Xzbm5,F72UQSSv5qnV6dGq2o8t-
dDJwAQ7EZvX8qrg5Xzbm5,PFEwpbxaA9UrKET8fDnAt
rZRb8deEc1o5C9C0zfs1v,2bdRQFIcZXrYbhxeWeffc
rZRb8deEc1o5C9C0zfs1v,n0OLj1cQnnbM3n-2eOzCj
rZRb8deEc1o5C9C0zfs1v,mE5Zf1AWhRKDQNHC_NsmV
0UQldUCQTgwq0Fp_J1dgI,F72UQSSv5qnV6dGq2o8t-
0UQldUCQTgwq0Fp_J1dgI,PFEwpbxaA9UrKET8fDnAt
0UQldUCQTgwq0Fp_J1dgI,mE5Zf1AWhRKDQNHC_NsmV
g1vxlUFPVz8nkXPMx13yE,2bdRQFIcZXrYbhxeWeffc
g1vxlUFPVz8nkXPMx13yE,n0OLj1cQnnbM3n-2eOzCj
g1vxlUFPVz8nkXPMx13yE,L34snMa-YMz_jT9erQqe2
ncVXKF2rNY7uV8zTlLjbV,Uzldz52slOyT_7tD9MSW3
ncVXKF2rNY7uV8zTlLjbV,n0OLj1cQnnbM3n-2eOzCj
ncVXKF2rNY7uV8zTlLjbV,phlunt5HJ3fBcZXrezlHN
tQZWmzpTD3ulCS_aKekHc,L34snMa-YMz_jT9erQqe2
tQZWmzpTD3ulCS_aKekHc,F72UQSSv5qnV6dGq2o8t-
CUcimJZDDDvR6LhLsFvSo,L34snMa-YMz_jT9erQqe2
CUcimJZDDDvR6LhLsFvSo,iW3M5z9QsfI5jnVSJjr5j
LAnTx34W-iZ94eaILMS6j,Uzldz52slOyT_7tD9MSW3
LAnTx34W-iZ94eaILMS6j,iW3M5z9QsfI5jnVSJjr5j
cZ9NLoNmH3DfZkMyAVkMz,n0OLj1cQnnbM3n-2eOzCj
cZ9NLoNmH3DfZkMyAVkMz,mE5Zf1AWhRKDQNHC_NsmV
cZ9NLoNmH3DfZkMyAVkMz,F72UQSSv5qnV6dGq2o8t-
C2IyfENgSxVRTpiR5CQ72,F72UQSSv5qnV6dGq2o8t-
C2IyfENgSxVRTpiR5CQ72,n0OLj1cQnnbM3n-2eOzCj
C2IyfENgSxVRTpiR5CQ72,iW3M5z9QsfI5jnVSJjr5j
C2IyfENgSxVRTpiR5CQ72,Uzldz52slOyT_7tD9MSW3
EEAs1wKkGnDS8VRVTziD2,n0OLj1cQnnbM3n-2eOzCj
EEAs1wKkGnDS8VRVTziD2,phlunt5HJ3fBcZXrezlHN
EEAs1wKkGnDS8VRVTziD2,PFEwpbxaA9UrKET8fDnAt
_2rqEUBBxW49_W8hbluSo,iW3M5z9QsfI5jnVSJjr5j
_2rqEUBBxW49_W8hbluSo,-5F1wQ50bue4PA2khE3sM
-CA8j1XbfZPPW-uFkaJJy,L34snMa-YMz_jT9erQqe2
-CA8j1XbfZPPW-uFkaJJy,n0OLj1cQnnbM3n-2eOzCj
-CA8j1XbfZPPW-uFkaJJy,iW3M5z9QsfI5jnVSJjr5j
KNE3x2t3cUnyYVlWzym7d,F72UQSSv5qnV6dGq2o8t-
KNE3x2t3cUnyYVlWzym7d,phlunt5HJ3fBcZXrezlHN
KNE3x2t3cUnyYVlWzym7d,iW3M5z9QsfI5jnVSJjr5j
6GpinvtwXSa-9bMZOBK-c,Uzldz52slOyT_7tD9MSW3
6GpinvtwXSa-9bMZOBK-c,n0OLj1cQnnbM3n-2eOzCj
6GpinvtwXSa-9bMZOBK-c,phlunt5HJ3fBcZXrezlHN
Kz-ajPVKGjdAk5p2QtFZ4,F72UQSSv5qnV6dGq2o8t-
Kz-ajPVKGjdAk5p2QtFZ4,L34snMa-YMz_jT9erQqe2
Kz-ajPVKGjdAk5p2QtFZ4,Uzldz52slOyT_7tD9MSW3
TnTCXzV8XQOghdkNvqMRS,F72UQSSv5qnV6dGq2o8t-
TnTCXzV8XQOghdkNvqMRS,phlunt5HJ3fBcZXrezlHN
TnTCXzV8XQOghdkNvqMRS,Uzldz52slOyT_7tD9MSW3
KsEXMUD0SXpWxZ8EEkU_2,F72UQSSv5qnV6dGq2o8t-
KsEXMUD0SXpWxZ8EEkU_2,n0OLj1cQnnbM3n-2eOzCj
KsEXMUD0SXpWxZ8EEkU_2,L34snMa-YMz_jT9erQqe2
KsEXMUD0SXpWxZ8EEkU_2,Uzldz52slOyT_7tD9MSW3
PK6yzTHN-GvjZHvYjLz1_,F72UQSSv5qnV6dGq2o8t-
PK6yzTHN-GvjZHvYjLz1_,n0OLj1cQnnbM3n-2eOzCj
PK6yzTHN-GvjZHvYjLz1_,phlunt5HJ3fBcZXrezlHN
PK6yzTHN-GvjZHvYjLz1_,Uzldz52slOyT_7tD9MSW3
2VEcJe6xc_VodwS7S1MIQ,Uzldz52slOyT_7tD9MSW3
2VEcJe6xc_VodwS7S1MIQ,phlunt5HJ3fBcZXrezlHN
j8n-Y1ao29sDqs3Kkj9yJ,F72UQSSv5qnV6dGq2o8t-
j8n-Y1ao29sDqs3Kkj9yJ,L34snMa-YMz_jT9erQqe2
j8n-Y1ao29sDqs3Kkj9yJ,Uzldz52slOyT_7tD9MSW3
ZdL-ZylRg0nbFo2qRdKxU,L34snMa-YMz_jT9erQqe2
ZdL-ZylRg0nbFo2qRdKxU,Uzldz52slOyT_7tD9MSW3
ZdL-ZylRg0nbFo2qRdKxU,-Q1NyL2hihfCdselYbnjo
JCeXXmxBUhQjgvrC4cv3B,PFEwpbxaA9UrKET8fDnAt
JCeXXmxBUhQjgvrC4cv3B,Uzldz52slOyT_7tD9MSW3
JCeXXmxBUhQjgvrC4cv3B,n0OLj1cQnnbM3n-2eOzCj
V6ixgnszdgQHcF64epox_,iW3M5z9QsfI5jnVSJjr5j
V6ixgnszdgQHcF64epox_,L34snMa-YMz_jT9erQqe2
uYJk1LePHzmbctDvVXtDU,iW3M5z9QsfI5jnVSJjr5j
uYJk1LePHzmbctDvVXtDU,phlunt5HJ3fBcZXrezlHN
lVkgk2nTQZzzRMzLyf0tt,n0OLj1cQnnbM3n-2eOzCj
lVkgk2nTQZzzRMzLyf0tt,mE5Zf1AWhRKDQNHC_NsmV
lVkgk2nTQZzzRMzLyf0tt,F72UQSSv5qnV6dGq2o8t-
5kXWvMrHoKNXfkssnBH8_,2bdRQFIcZXrYbhxeWeffc
5kXWvMrHoKNXfkssnBH8_,n0OLj1cQnnbM3n-2eOzCj
5kXWvMrHoKNXfkssnBH8_,L34snMa-YMz_jT9erQqe2
NJSC470S4Kh59dyb8W97_,F72UQSSv5qnV6dGq2o8t-
NJSC470S4Kh59dyb8W97_,iW3M5z9QsfI5jnVSJjr5j
FU-z2LjdQad2gmJWw8hLt,F72UQSSv5qnV6dGq2o8t-
FU-z2LjdQad2gmJWw8hLt,n0OLj1cQnnbM3n-2eOzCj
FU-z2LjdQad2gmJWw8hLt,iW3M5z9QsfI5jnVSJjr5j
FU-z2LjdQad2gmJWw8hLt,Uzldz52slOyT_7tD9MSW3
60pcfRYKVjvrabO4nXAD4,ncFeNw-5M4iGoDD-A8hBH
60pcfRYKVjvrabO4nXAD4,F72UQSSv5qnV6dGq2o8t-
60pcfRYKVjvrabO4nXAD4,iW3M5z9QsfI5jnVSJjr5j
mx1M-OtlQ_GUyZxUHuV_z,L34snMa-YMz_jT9erQqe2
mx1M-OtlQ_GUyZxUHuV_z,iW3M5z9QsfI5jnVSJjr5j
mbdWsZvzhaYmhFyy_O75z,n0OLj1cQnnbM3n-2eOzCj
mbdWsZvzhaYmhFyy_O75z,mE5Zf1AWhRKDQNHC_NsmV
mbdWsZvzhaYmhFyy_O75z,F72UQSSv5qnV6dGq2o8t-
tHx66-4Jx2wcS0museBIN,F72UQSSv5qnV6dGq2o8t-
tHx66-4Jx2wcS0museBIN,ncFeNw-5M4iGoDD-A8hBH
tHx66-4Jx2wcS0museBIN,Uzldz52slOyT_7tD9MSW3
tHx66-4Jx2wcS0museBIN,n0OLj1cQnnbM3n-2eOzCj
qawOAZ_OXoJTqvCP01VxW,Uzldz52slOyT_7tD9MSW3
qawOAZ_OXoJTqvCP01VxW,phlunt5HJ3fBcZXrezlHN
2njHJQXupj-Efczj2yLcb,F72UQSSv5qnV6dGq2o8t-
2njHJQXupj-Efczj2yLcb,n0OLj1cQnnbM3n-2eOzCj
2njHJQXupj-Efczj2yLcb,mE5Zf1AWhRKDQNHC_NsmV
2njHJQXupj-Efczj2yLcb,iW3M5z9QsfI5jnVSJjr5j
2njHJQXupj-Efczj2yLcb,ncFeNw-5M4iGoDD-A8hBH
LkFI0Vj7L0l3-7ctsyKer,F72UQSSv5qnV6dGq2o8t-
LkFI0Vj7L0l3-7ctsyKer,L34snMa-YMz_jT9erQqe2
LkFI0Vj7L0l3-7ctsyKer,iW3M5z9QsfI5jnVSJjr5j
EVVIUCXp8twb06WBYLvIX,Uzldz52slOyT_7tD9MSW3
EVVIUCXp8twb06WBYLvIX,F72UQSSv5qnV6dGq2o8t-
FSlZgrcZKaYZ5GtMnDAJv,F72UQSSv5qnV6dGq2o8t-
FSlZgrcZKaYZ5GtMnDAJv,n0OLj1cQnnbM3n-2eOzCj
FSlZgrcZKaYZ5GtMnDAJv,iW3M5z9QsfI5jnVSJjr5j
d5cTEysMVSNXYOpHigwF5,F72UQSSv5qnV6dGq2o8t-
d5cTEysMVSNXYOpHigwF5,n0OLj1cQnnbM3n-2eOzCj
d5cTEysMVSNXYOpHigwF5,Uzldz52slOyT_7tD9MSW3
d5cTEysMVSNXYOpHigwF5,PFEwpbxaA9UrKET8fDnAt
0wsEbiD-QguGTGK44Ilsg,F72UQSSv5qnV6dGq2o8t-
0wsEbiD-QguGTGK44Ilsg,n0OLj1cQnnbM3n-2eOzCj
0wsEbiD-QguGTGK44Ilsg,L34snMa-YMz_jT9erQqe2
0wsEbiD-QguGTGK44Ilsg,Uzldz52slOyT_7tD9MSW3
KMbW-JO248S1k2U3gCtK0,F72UQSSv5qnV6dGq2o8t-
KMbW-JO248S1k2U3gCtK0,n0OLj1cQnnbM3n-2eOzCj
vNSmngKufmvvx8d6-LjIT,F72UQSSv5qnV6dGq2o8t-
vNSmngKufmvvx8d6-LjIT,Uzldz52slOyT_7tD9MSW3
vNSmngKufmvvx8d6-LjIT,n0OLj1cQnnbM3n-2eOzCj
2oKSGlBUjsEeEkYi1KiJg,PFEwpbxaA9UrKET8fDnAt
2oKSGlBUjsEeEkYi1KiJg,n0OLj1cQnnbM3n-2eOzCj
2oKSGlBUjsEeEkYi1KiJg,Uzldz52slOyT_7tD9MSW3
rr3QyVRuoDrl7kBvEse2x,Uzldz52slOyT_7tD9MSW3
rr3QyVRuoDrl7kBvEse2x,n0OLj1cQnnbM3n-2eOzCj
rr3QyVRuoDrl7kBvEse2x,phlunt5HJ3fBcZXrezlHN
8OZJOHVlo0a4yAMW_7_-6,F72UQSSv5qnV6dGq2o8t-
8OZJOHVlo0a4yAMW_7_-6,n0OLj1cQnnbM3n-2eOzCj
8OZJOHVlo0a4yAMW_7_-6,mE5Zf1AWhRKDQNHC_NsmV
U1n528bJz3oVsobAzG2gL,Uzldz52slOyT_7tD9MSW3
U1n528bJz3oVsobAzG2gL,phlunt5HJ3fBcZXrezlHN
XGuAPYwYzEiyEjU3yzpKR,ncFeNw-5M4iGoDD-A8hBH
XGuAPYwYzEiyEjU3yzpKR,iW3M5z9QsfI5jnVSJjr5j
XGuAPYwYzEiyEjU3yzpKR,n0OLj1cQnnbM3n-2eOzCj
vALwyzjj1cx_rNJguZDUr,2bdRQFIcZXrYbhxeWeffc
vALwyzjj1cx_rNJguZDUr,n0OLj1cQnnbM3n-2eOzCj
vALwyzjj1cx_rNJguZDUr,mE5Zf1AWhRKDQNHC_NsmV
vALwyzjj1cx_rNJguZDUr,L34snMa-YMz_jT9erQqe2
3P2Qh1OeTIJ8aNlofFvec,F72UQSSv5qnV6dGq2o8t-
3P2Qh1OeTIJ8aNlofFvec,n0OLj1cQnnbM3n-2eOzCj
3P2Qh1OeTIJ8aNlofFvec,mE5Zf1AWhRKDQNHC_NsmV
3P2Qh1OeTIJ8aNlofFvec,L34snMa-YMz_jT9erQqe2
U5vgn-tk26QfeJwqSKomE,Uzldz52slOyT_7tD9MSW3
U5vgn-tk26QfeJwqSKomE,F72UQSSv5qnV6dGq2o8t-
77CLW803r5mu5MRCUwwUg,iW3M5z9QsfI5jnVSJjr5j
77CLW803r5mu5MRCUwwUg,phlunt5HJ3fBcZXrezlHN
77CLW803r5mu5MRCUwwUg,n0OLj1cQnnbM3n-2eOzCj
N1b_70xVTa5kQIS9IYkGj,F72UQSSv5qnV6dGq2o8t-
N1b_70xVTa5kQIS9IYkGj,Uzldz52slOyT_7tD9MSW3
N1b_70xVTa5kQIS9IYkGj,phlunt5HJ3fBcZXrezlHN
BPKHnj6C6xDwhn4HA6TJP,Uzldz52slOyT_7tD9MSW3
BPKHnj6C6xDwhn4HA6TJP,n0OLj1cQnnbM3n-2eOzCj
h2_ozHEuZhPBWycoFH4Y9,F72UQSSv5qnV6dGq2o8t-
h2_ozHEuZhPBWycoFH4Y9,Uzldz52slOyT_7tD9MSW3
h2_ozHEuZhPBWycoFH4Y9,iW3M5z9QsfI5jnVSJjr5j
7LXEl-fa05iwAhOQDcsQo,phlunt5HJ3fBcZXrezlHN
7LXEl-fa05iwAhOQDcsQo,iW3M5z9QsfI5jnVSJjr5j
J8I-T-DITC60YSlVDpuUF,-Q1NyL2hihfCdselYbnjo
J8I-T-DITC60YSlVDpuUF,F72UQSSv5qnV6dGq2o8t-
yM5jRi3qHRLX3L3VZq8iA,iW3M5z9QsfI5jnVSJjr5j
yM5jRi3qHRLX3L3VZq8iA,L34snMa-YMz_jT9erQqe2
yM5jRi3qHRLX3L3VZq8iA,phlunt5HJ3fBcZXrezlHN
-mbHzSdQ_qEVBZObmRts1,L34snMa-YMz_jT9erQqe2
-mbHzSdQ_qEVBZObmRts1,iW3M5z9QsfI5jnVSJjr5j
-mbHzSdQ_qEVBZObmRts1,Uzldz52slOyT_7tD9MSW3
sltO5EAZhbr6oKn2lpCxf,F72UQSSv5qnV6dGq2o8t-
sltO5EAZhbr6oKn2lpCxf,L34snMa-YMz_jT9erQqe2
sltO5EAZhbr6oKn2lpCxf,PFEwpbxaA9UrKET8fDnAt
0YRh5Bb6KBFKeNZSRdBW6,n0OLj1cQnnbM3n-2eOzCj
0YRh5Bb6KBFKeNZSRdBW6,phlunt5HJ3fBcZXrezlHN
0YRh5Bb6KBFKeNZSRdBW6,Uzldz52slOyT_7tD9MSW3
0YRh5Bb6KBFKeNZSRdBW6,PFEwpbxaA9UrKET8fDnAt
xweBU8QFcGxZGbgf1jkQT,L34snMa-YMz_jT9erQqe2
xweBU8QFcGxZGbgf1jkQT,iW3M5z9QsfI5jnVSJjr5j
xweBU8QFcGxZGbgf1jkQT,phlunt5HJ3fBcZXrezlHN
A40k4ff6xXBj4jqgy9JDQ,iW3M5z9QsfI5jnVSJjr5j
A40k4ff6xXBj4jqgy9JDQ,phlunt5HJ3fBcZXrezlHN
A40k4ff6xXBj4jqgy9JDQ,L34snMa-YMz_jT9erQqe2
72WEmI1L_KKsz75oON4q1,F72UQSSv5qnV6dGq2o8t-
72WEmI1L_KKsz75oON4q1,WpkELU1QduAUsJRvAKneB
72WEmI1L_KKsz75oON4q1,phlunt5HJ3fBcZXrezlHN
jHMh9VpUKz_qfcQdhTirb,iW3M5z9QsfI5jnVSJjr5j
jHMh9VpUKz_qfcQdhTirb,phlunt5HJ3fBcZXrezlHN
eijIligdf43-jmtwb_n0C,iW3M5z9QsfI5jnVSJjr5j
eijIligdf43-jmtwb_n0C,phlunt5HJ3fBcZXrezlHN
JU9lYQEY5bDerXfVZjWch,iW3M5z9QsfI5jnVSJjr5j
JU9lYQEY5bDerXfVZjWch,F72UQSSv5qnV6dGq2o8t-
JU9lYQEY5bDerXfVZjWch,phlunt5HJ3fBcZXrezlHN
svP9y759GfLe1i3zXGBLM,n0OLj1cQnnbM3n-2eOzCj
svP9y759GfLe1i3zXGBLM,mE5Zf1AWhRKDQNHC_NsmV
svP9y759GfLe1i3zXGBLM,2bdRQFIcZXrYbhxeWeffc
CSN-lkeMOsPrCgo-nNU7n,F72UQSSv5qnV6dGq2o8t-
CSN-lkeMOsPrCgo-nNU7n,Uzldz52slOyT_7tD9MSW3
CSN-lkeMOsPrCgo-nNU7n,n0OLj1cQnnbM3n-2eOzCj
GwkjU4y00bb-njH70iPuD,iW3M5z9QsfI5jnVSJjr5j
GwkjU4y00bb-njH70iPuD,F72UQSSv5qnV6dGq2o8t-
GwkjU4y00bb-njH70iPuD,phlunt5HJ3fBcZXrezlHN
URhbcy_lLMqihVmbat7Xc,F72UQSSv5qnV6dGq2o8t-
URhbcy_lLMqihVmbat7Xc,L34snMa-YMz_jT9erQqe2
URhbcy_lLMqihVmbat7Xc,phlunt5HJ3fBcZXrezlHN
8lEXi496LE13euB2d5tXB,Uzldz52slOyT_7tD9MSW3
8lEXi496LE13euB2d5tXB,F72UQSSv5qnV6dGq2o8t-
vmq0cj6hnKPIval0NXxAN,n0OLj1cQnnbM3n-2eOzCj
vmq0cj6hnKPIval0NXxAN,PFEwpbxaA9UrKET8fDnAt
vmq0cj6hnKPIval0NXxAN,phlunt5HJ3fBcZXrezlHN
1lRKv5GK5r21pr_Mh8hz_,iW3M5z9QsfI5jnVSJjr5j
1lRKv5GK5r21pr_Mh8hz_,phlunt5HJ3fBcZXrezlHN
PVIR-t7Lf0QWgL44EyZrn,iW3M5z9QsfI5jnVSJjr5j
PVIR-t7Lf0QWgL44EyZrn,phlunt5HJ3fBcZXrezlHN
PVIR-t7Lf0QWgL44EyZrn,Uzldz52slOyT_7tD9MSW3
vSCgpfiLH5o6MV1xiqdKB,-Q1NyL2hihfCdselYbnjo
vSCgpfiLH5o6MV1xiqdKB,phlunt5HJ3fBcZXrezlHN
vSCgpfiLH5o6MV1xiqdKB,PFEwpbxaA9UrKET8fDnAt
0SRIQhZ1OwWrjKbQxVDL0,n0OLj1cQnnbM3n-2eOzCj
0SRIQhZ1OwWrjKbQxVDL0,mE5Zf1AWhRKDQNHC_NsmV
0SRIQhZ1OwWrjKbQxVDL0,Uzldz52slOyT_7tD9MSW3
0SRIQhZ1OwWrjKbQxVDL0,phlunt5HJ3fBcZXrezlHN
8Himyrzski3kQeo-ta3B1,n0OLj1cQnnbM3n-2eOzCj
8Himyrzski3kQeo-ta3B1,Uzldz52slOyT_7tD9MSW3
8Himyrzski3kQeo-ta3B1,phlunt5HJ3fBcZXrezlHN
nHve82QWDrV4cQDYY6P2S,phlunt5HJ3fBcZXrezlHN
nHve82QWDrV4cQDYY6P2S,Uzldz52slOyT_7tD9MSW3
K7XBXP_MyqOiy1u8GkuW7,F72UQSSv5qnV6dGq2o8t-
K7XBXP_MyqOiy1u8GkuW7,n0OLj1cQnnbM3n-2eOzCj
K7XBXP_MyqOiy1u8GkuW7,Uzldz52slOyT_7tD9MSW3
djk-hUMKlUmROakYBgvMz,F72UQSSv5qnV6dGq2o8t-
djk-hUMKlUmROakYBgvMz,Uzldz52slOyT_7tD9MSW3
djk-hUMKlUmROakYBgvMz,phlunt5HJ3fBcZXrezlHN
JbyK_eXodICyiC-1lrOXF,F72UQSSv5qnV6dGq2o8t-
JbyK_eXodICyiC-1lrOXF,L34snMa-YMz_jT9erQqe2
JbyK_eXodICyiC-1lrOXF,n0OLj1cQnnbM3n-2eOzCj
ZJkRmeV6wy4yqQYfgnwJf,L34snMa-YMz_jT9erQqe2
ZJkRmeV6wy4yqQYfgnwJf,iW3M5z9QsfI5jnVSJjr5j
ZJkRmeV6wy4yqQYfgnwJf,n0OLj1cQnnbM3n-2eOzCj
PQN9BgXzfdb-NyH2IoA1A,L34snMa-YMz_jT9erQqe2
PQN9BgXzfdb-NyH2IoA1A,iW3M5z9QsfI5jnVSJjr5j
PQN9BgXzfdb-NyH2IoA1A,F72UQSSv5qnV6dGq2o8t-
v-s5oss6ZzDN_G6KozkUb,iW3M5z9QsfI5jnVSJjr5j
v-s5oss6ZzDN_G6KozkUb,phlunt5HJ3fBcZXrezlHN
6GnZ6oYm6GxFMYOwhfffA,n0OLj1cQnnbM3n-2eOzCj
6GnZ6oYm6GxFMYOwhfffA,PFEwpbxaA9UrKET8fDnAt
6GnZ6oYm6GxFMYOwhfffA,phlunt5HJ3fBcZXrezlHN
qzsD0W4Wdx_hobloGx9gS,PFEwpbxaA9UrKET8fDnAt
qzsD0W4Wdx_hobloGx9gS,F72UQSSv5qnV6dGq2o8t-
qzsD0W4Wdx_hobloGx9gS,n0OLj1cQnnbM3n-2eOzCj
I10g_vK9oFxsEJ4H7mV6W,phlunt5HJ3fBcZXrezlHN
I10g_vK9oFxsEJ4H7mV6W,Uzldz52slOyT_7tD9MSW3
I10g_vK9oFxsEJ4H7mV6W,n0OLj1cQnnbM3n-2eOzCj
Veqh8O1z9G-FuropQNVyY,F72UQSSv5qnV6dGq2o8t-
Veqh8O1z9G-FuropQNVyY,n0OLj1cQnnbM3n-2eOzCj
Veqh8O1z9G-FuropQNVyY,iW3M5z9QsfI5jnVSJjr5j
Veqh8O1z9G-FuropQNVyY,Uzldz52slOyT_7tD9MSW3
Veqh8O1z9G-FuropQNVyY,ncFeNw-5M4iGoDD-A8hBH
35cKIkzZQmPVmQ4F92j89,Uzldz52slOyT_7tD9MSW3
35cKIkzZQmPVmQ4F92j89,phlunt5HJ3fBcZXrezlHN
lJY2VX8xXHESXjkutXyRB,Uzldz52slOyT_7tD9MSW3
lJY2VX8xXHESXjkutXyRB,F72UQSSv5qnV6dGq2o8t-
JOQTZXlyt3QTeQfZoUqiw,Uzldz52slOyT_7tD9MSW3
JOQTZXlyt3QTeQfZoUqiw,phlunt5HJ3fBcZXrezlHN
35YQPJZip9Wym50OcE6eF,F72UQSSv5qnV6dGq2o8t-
35YQPJZip9Wym50OcE6eF,n0OLj1cQnnbM3n-2eOzCj
35YQPJZip9Wym50OcE6eF,L34snMa-YMz_jT9erQqe2
35YQPJZip9Wym50OcE6eF,Uzldz52slOyT_7tD9MSW3
35YQPJZip9Wym50OcE6eF,ncFeNw-5M4iGoDD-A8hBH
9IrHEW7lStGcl87szSv0_,PFEwpbxaA9UrKET8fDnAt
9IrHEW7lStGcl87szSv0_,n0OLj1cQnnbM3n-2eOzCj
9IrHEW7lStGcl87szSv0_,iW3M5z9QsfI5jnVSJjr5j
Enx9GpHqugxQg4rYL8Tlb,PFEwpbxaA9UrKET8fDnAt
Enx9GpHqugxQg4rYL8Tlb,n0OLj1cQnnbM3n-2eOzCj
Enx9GpHqugxQg4rYL8Tlb,phlunt5HJ3fBcZXrezlHN
K4ZTAarRgx4LFYoNv_4OS,PFEwpbxaA9UrKET8fDnAt
K4ZTAarRgx4LFYoNv_4OS,L34snMa-YMz_jT9erQqe2
K4ZTAarRgx4LFYoNv_4OS,n0OLj1cQnnbM3n-2eOzCj
MyeC0ZPgdeYqD-gMwa8_f,iW3M5z9QsfI5jnVSJjr5j
MyeC0ZPgdeYqD-gMwa8_f,L34snMa-YMz_jT9erQqe2
MyeC0ZPgdeYqD-gMwa8_f,phlunt5HJ3fBcZXrezlHN
MyeC0ZPgdeYqD-gMwa8_f,ncFeNw-5M4iGoDD-A8hBH
yU1IcEvML2l7YFQjcnZO6,phlunt5HJ3fBcZXrezlHN
yU1IcEvML2l7YFQjcnZO6,Uzldz52slOyT_7tD9MSW3
yU1IcEvML2l7YFQjcnZO6,PFEwpbxaA9UrKET8fDnAt
PSXMk9hDmsxxGqZ7bTV38,n0OLj1cQnnbM3n-2eOzCj
PSXMk9hDmsxxGqZ7bTV38,mE5Zf1AWhRKDQNHC_NsmV
PSXMk9hDmsxxGqZ7bTV38,2bdRQFIcZXrYbhxeWeffc
TBOGDgWZtH5gQlOyDikcb,n0OLj1cQnnbM3n-2eOzCj
TBOGDgWZtH5gQlOyDikcb,mE5Zf1AWhRKDQNHC_NsmV
TBOGDgWZtH5gQlOyDikcb,F72UQSSv5qnV6dGq2o8t-
VnV1Sy2vL24Qz83Z1ukwI,n0OLj1cQnnbM3n-2eOzCj
VnV1Sy2vL24Qz83Z1ukwI,F72UQSSv5qnV6dGq2o8t-
mKCJTzbRavtv12iDPVRfd,Uzldz52slOyT_7tD9MSW3
mKCJTzbRavtv12iDPVRfd,ncFeNw-5M4iGoDD-A8hBH
mKCJTzbRavtv12iDPVRfd,F72UQSSv5qnV6dGq2o8t-
NS-5V1jX9DPxUebLsJ6Sd,Uzldz52slOyT_7tD9MSW3
NS-5V1jX9DPxUebLsJ6Sd,phlunt5HJ3fBcZXrezlHN
NS-5V1jX9DPxUebLsJ6Sd,tqy6nsKbGDANBHHt7CQaG
kAK_z1UiGtYAv6PRdSFH7,F72UQSSv5qnV6dGq2o8t-
kAK_z1UiGtYAv6PRdSFH7,n0OLj1cQnnbM3n-2eOzCj
kAK_z1UiGtYAv6PRdSFH7,phlunt5HJ3fBcZXrezlHN
XY3qpiRa97FqkYR8Xup6N,phlunt5HJ3fBcZXrezlHN
XY3qpiRa97FqkYR8Xup6N,tqy6nsKbGDANBHHt7CQaG
XY3qpiRa97FqkYR8Xup6N,n0OLj1cQnnbM3n-2eOzCj
NuNxNh6N9sDt3qBxcQkAI,2bdRQFIcZXrYbhxeWeffc
NuNxNh6N9sDt3qBxcQkAI,n0OLj1cQnnbM3n-2eOzCj
NuNxNh6N9sDt3qBxcQkAI,mE5Zf1AWhRKDQNHC_NsmV
9ENdsIOiCIGlGV5IcFeuj,phlunt5HJ3fBcZXrezlHN
9ENdsIOiCIGlGV5IcFeuj,tqy6nsKbGDANBHHt7CQaG
m7AqBHsMne2Ju8AmqpIzU,phlunt5HJ3fBcZXrezlHN
m7AqBHsMne2Ju8AmqpIzU,iW3M5z9QsfI5jnVSJjr5j
w-EyThyGz5zRAX2fiMkhL,F72UQSSv5qnV6dGq2o8t-
w-EyThyGz5zRAX2fiMkhL,n0OLj1cQnnbM3n-2eOzCj
w-EyThyGz5zRAX2fiMkhL,iW3M5z9QsfI5jnVSJjr5j
5kREbCKnCsjDgtqWZHvFK,F72UQSSv5qnV6dGq2o8t-
5kREbCKnCsjDgtqWZHvFK,n0OLj1cQnnbM3n-2eOzCj
5kREbCKnCsjDgtqWZHvFK,iW3M5z9QsfI5jnVSJjr5j
qoNLeaEA0SV4CAIRkiFZ8,n0OLj1cQnnbM3n-2eOzCj
qoNLeaEA0SV4CAIRkiFZ8,F72UQSSv5qnV6dGq2o8t-
nu-KL87K81bJqmlA6GPIu,Uzldz52slOyT_7tD9MSW3
nu-KL87K81bJqmlA6GPIu,n0OLj1cQnnbM3n-2eOzCj
nu-KL87K81bJqmlA6GPIu,iW3M5z9QsfI5jnVSJjr5j
NNbMRxqliB-s6uiKQPKkI,F72UQSSv5qnV6dGq2o8t-
NNbMRxqliB-s6uiKQPKkI,iW3M5z9QsfI5jnVSJjr5j
NNbMRxqliB-s6uiKQPKkI,L34snMa-YMz_jT9erQqe2
X3NA38VH4LmCAn3AoAdVo,F72UQSSv5qnV6dGq2o8t-
X3NA38VH4LmCAn3AoAdVo,iW3M5z9QsfI5jnVSJjr5j
X3NA38VH4LmCAn3AoAdVo,n0OLj1cQnnbM3n-2eOzCj
7rrERYCiQOVhn4y1yBLLC,PFEwpbxaA9UrKET8fDnAt
7rrERYCiQOVhn4y1yBLLC,n0OLj1cQnnbM3n-2eOzCj
7rrERYCiQOVhn4y1yBLLC,tqy6nsKbGDANBHHt7CQaG
VA4dtR9Uwj6ghL_Z5Cn6L,phlunt5HJ3fBcZXrezlHN
VA4dtR9Uwj6ghL_Z5Cn6L,n0OLj1cQnnbM3n-2eOzCj
VA4dtR9Uwj6ghL_Z5Cn6L,Uzldz52slOyT_7tD9MSW3
p1TSoM-oepi6eZiAbzVOh,phlunt5HJ3fBcZXrezlHN
p1TSoM-oepi6eZiAbzVOh,iW3M5z9QsfI5jnVSJjr5j
9Wc8K1j609PTfeV05FSGK,F72UQSSv5qnV6dGq2o8t-
9Wc8K1j609PTfeV05FSGK,phlunt5HJ3fBcZXrezlHN
9Wc8K1j609PTfeV05FSGK,tqy6nsKbGDANBHHt7CQaG
RQlwgw0bvXrMQU4q42nY1,iW3M5z9QsfI5jnVSJjr5j
RQlwgw0bvXrMQU4q42nY1,phlunt5HJ3fBcZXrezlHN
RQlwgw0bvXrMQU4q42nY1,-5F1wQ50bue4PA2khE3sM
Ue1YWMOgLfLEwTN7BX3xo,F72UQSSv5qnV6dGq2o8t-
Ue1YWMOgLfLEwTN7BX3xo,iW3M5z9QsfI5jnVSJjr5j
Ue1YWMOgLfLEwTN7BX3xo,phlunt5HJ3fBcZXrezlHN
dWLVHUnV-uX4-AQKr_DpD,n0OLj1cQnnbM3n-2eOzCj
dWLVHUnV-uX4-AQKr_DpD,2bdRQFIcZXrYbhxeWeffc
-8ZbyEjZHDXva_kiN4GiD,phlunt5HJ3fBcZXrezlHN
-8ZbyEjZHDXva_kiN4GiD,Uzldz52slOyT_7tD9MSW3
bfjt14wCyuO3YvX_meKBz,L34snMa-YMz_jT9erQqe2
bfjt14wCyuO3YvX_meKBz,iW3M5z9QsfI5jnVSJjr5j
bfjt14wCyuO3YvX_meKBz,PFEwpbxaA9UrKET8fDnAt
czyKnpoTDnLoE7Wpw7y9k,Uzldz52slOyT_7tD9MSW3
czyKnpoTDnLoE7Wpw7y9k,L34snMa-YMz_jT9erQqe2
B9eo6M5ffvlP4wRKc6idA,F72UQSSv5qnV6dGq2o8t-
B9eo6M5ffvlP4wRKc6idA,n0OLj1cQnnbM3n-2eOzCj
B9eo6M5ffvlP4wRKc6idA,iW3M5z9QsfI5jnVSJjr5j
xXmVcT6BVvznOP7psFPRv,L34snMa-YMz_jT9erQqe2
xXmVcT6BVvznOP7psFPRv,iW3M5z9QsfI5jnVSJjr5j
WzNRcaVm8YUFsP1Ab4CLz,F72UQSSv5qnV6dGq2o8t-
WzNRcaVm8YUFsP1Ab4CLz,Uzldz52slOyT_7tD9MSW3
b6yD-UXtDZ8jL7egziJRJ,n0OLj1cQnnbM3n-2eOzCj
b6yD-UXtDZ8jL7egziJRJ,PFEwpbxaA9UrKET8fDnAt
b6yD-UXtDZ8jL7egziJRJ,F72UQSSv5qnV6dGq2o8t-
yGX9Ht5MW4f8-yijA0qmZ,Uzldz52slOyT_7tD9MSW3
yGX9Ht5MW4f8-yijA0qmZ,phlunt5HJ3fBcZXrezlHN
yGX9Ht5MW4f8-yijA0qmZ,n0OLj1cQnnbM3n-2eOzCj
VaA2_-71iMBBEZwPZQ4Xu,F72UQSSv5qnV6dGq2o8t-
VaA2_-71iMBBEZwPZQ4Xu,Uzldz52slOyT_7tD9MSW3
VaA2_-71iMBBEZwPZQ4Xu,n0OLj1cQnnbM3n-2eOzCj
Yv8J5CydAE_WhefZ5wxa4,n0OLj1cQnnbM3n-2eOzCj
Yv8J5CydAE_WhefZ5wxa4,mE5Zf1AWhRKDQNHC_NsmV
Yv8J5CydAE_WhefZ5wxa4,F72UQSSv5qnV6dGq2o8t-
K4hjbUCUNITsVdo8IRAb6,iW3M5z9QsfI5jnVSJjr5j
K4hjbUCUNITsVdo8IRAb6,-5F1wQ50bue4PA2khE3sM
K4hjbUCUNITsVdo8IRAb6,L34snMa-YMz_jT9erQqe2
H6jkwHKHZ-VLxwleXyzF2,-Q1NyL2hihfCdselYbnjo
H6jkwHKHZ-VLxwleXyzF2,ncFeNw-5M4iGoDD-A8hBH
H6jkwHKHZ-VLxwleXyzF2,n0OLj1cQnnbM3n-2eOzCj
7BDas7bCrG3ey5vhtHXr3,n0OLj1cQnnbM3n-2eOzCj
7BDas7bCrG3ey5vhtHXr3,phlunt5HJ3fBcZXrezlHN
7BDas7bCrG3ey5vhtHXr3,tqy6nsKbGDANBHHt7CQaG
aOEF5Nbg2fWlRwq0lpnmS,phlunt5HJ3fBcZXrezlHN
aOEF5Nbg2fWlRwq0lpnmS,Uzldz52slOyT_7tD9MSW3
aOEF5Nbg2fWlRwq0lpnmS,n0OLj1cQnnbM3n-2eOzCj
-u3xU8J2qur9gEypeQiFv,F72UQSSv5qnV6dGq2o8t-
-u3xU8J2qur9gEypeQiFv,n0OLj1cQnnbM3n-2eOzCj
-u3xU8J2qur9gEypeQiFv,phlunt5HJ3fBcZXrezlHN
q-lv1JkDciXy6jCwvnPeX,F72UQSSv5qnV6dGq2o8t-
q-lv1JkDciXy6jCwvnPeX,iW3M5z9QsfI5jnVSJjr5j
q-lv1JkDciXy6jCwvnPeX,n0OLj1cQnnbM3n-2eOzCj
7PARNjjk0lLtQd3dM_uIl,phlunt5HJ3fBcZXrezlHN
7PARNjjk0lLtQd3dM_uIl,Uzldz52slOyT_7tD9MSW3
7PARNjjk0lLtQd3dM_uIl,iW3M5z9QsfI5jnVSJjr5j
A0Bj5s5uM6E6tC4-_7vXg,n0OLj1cQnnbM3n-2eOzCj
A0Bj5s5uM6E6tC4-_7vXg,mE5Zf1AWhRKDQNHC_NsmV
nIQG5GepGhmxBRnuDCOhH,n0OLj1cQnnbM3n-2eOzCj
nIQG5GepGhmxBRnuDCOhH,F72UQSSv5qnV6dGq2o8t-
ErApegeollxJOo6Zdvnz8,F72UQSSv5qnV6dGq2o8t-
ErApegeollxJOo6Zdvnz8,n0OLj1cQnnbM3n-2eOzCj
ErApegeollxJOo6Zdvnz8,iW3M5z9QsfI5jnVSJjr5j
ErApegeollxJOo6Zdvnz8,Uzldz52slOyT_7tD9MSW3
QTb7ECh1fbCa0m_xeaAGE,ncFeNw-5M4iGoDD-A8hBH
QTb7ECh1fbCa0m_xeaAGE,iW3M5z9QsfI5jnVSJjr5j
QTb7ECh1fbCa0m_xeaAGE,phlunt5HJ3fBcZXrezlHN
9enWuzLLMVxwTsypaqrv7,-Q1NyL2hihfCdselYbnjo
9enWuzLLMVxwTsypaqrv7,ncFeNw-5M4iGoDD-A8hBH
9enWuzLLMVxwTsypaqrv7,L34snMa-YMz_jT9erQqe2
EXiq69U0C8oTgzks-suS4,L34snMa-YMz_jT9erQqe2
EXiq69U0C8oTgzks-suS4,iW3M5z9QsfI5jnVSJjr5j
WgQSsfAd1PgX5L2D0oOS1,n0OLj1cQnnbM3n-2eOzCj
WgQSsfAd1PgX5L2D0oOS1,mE5Zf1AWhRKDQNHC_NsmV
WgQSsfAd1PgX5L2D0oOS1,F72UQSSv5qnV6dGq2o8t-
TfS4Gq4oeL2KE_0ZVkhm8,Uzldz52slOyT_7tD9MSW3
TfS4Gq4oeL2KE_0ZVkhm8,phlunt5HJ3fBcZXrezlHN
TfS4Gq4oeL2KE_0ZVkhm8,iW3M5z9QsfI5jnVSJjr5j
8oh6Ox8AUYhOLtaFZMZxs,n0OLj1cQnnbM3n-2eOzCj
8oh6Ox8AUYhOLtaFZMZxs,mE5Zf1AWhRKDQNHC_NsmV
8oh6Ox8AUYhOLtaFZMZxs,phlunt5HJ3fBcZXrezlHN
Ve89BJQXfelJRxE0rDEzz,F72UQSSv5qnV6dGq2o8t-
Ve89BJQXfelJRxE0rDEzz,iW3M5z9QsfI5jnVSJjr5j
Ve89BJQXfelJRxE0rDEzz,phlunt5HJ3fBcZXrezlHN
WWTYEVV_1iZfKD8dFhmA0,F72UQSSv5qnV6dGq2o8t-
WWTYEVV_1iZfKD8dFhmA0,n0OLj1cQnnbM3n-2eOzCj
WWTYEVV_1iZfKD8dFhmA0,phlunt5HJ3fBcZXrezlHN
WWTYEVV_1iZfKD8dFhmA0,Uzldz52slOyT_7tD9MSW3
_OkipD0Aojs2rdyHJro8e,ncFeNw-5M4iGoDD-A8hBH
_OkipD0Aojs2rdyHJro8e,L34snMa-YMz_jT9erQqe2
_OkipD0Aojs2rdyHJro8e,n0OLj1cQnnbM3n-2eOzCj
pPGF1PTYK2n09TGUaYb_I,L34snMa-YMz_jT9erQqe2
pPGF1PTYK2n09TGUaYb_I,iW3M5z9QsfI5jnVSJjr5j
zSQ0NMwJa40KbdbKFPaw7,F72UQSSv5qnV6dGq2o8t-
zSQ0NMwJa40KbdbKFPaw7,n0OLj1cQnnbM3n-2eOzCj
zSQ0NMwJa40KbdbKFPaw7,PFEwpbxaA9UrKET8fDnAt
e4UB3m2CciNjaDkeZipWm,phlunt5HJ3fBcZXrezlHN
e4UB3m2CciNjaDkeZipWm,tqy6nsKbGDANBHHt7CQaG
99y4hwoOk_3wB06hP6bfG,2bdRQFIcZXrYbhxeWeffc
99y4hwoOk_3wB06hP6bfG,n0OLj1cQnnbM3n-2eOzCj
99y4hwoOk_3wB06hP6bfG,mE5Zf1AWhRKDQNHC_NsmV
LU0aq9O_tlgylPAj7-QH0,n0OLj1cQnnbM3n-2eOzCj
LU0aq9O_tlgylPAj7-QH0,mE5Zf1AWhRKDQNHC_NsmV
LU0aq9O_tlgylPAj7-QH0,L34snMa-YMz_jT9erQqe2
lgSrMsb3tstgGEiQFmlB3,-Q1NyL2hihfCdselYbnjo
lgSrMsb3tstgGEiQFmlB3,ncFeNw-5M4iGoDD-A8hBH
lgSrMsb3tstgGEiQFmlB3,F72UQSSv5qnV6dGq2o8t-
Qgiadg2B5WNSANhCHYeLa,F72UQSSv5qnV6dGq2o8t-
Qgiadg2B5WNSANhCHYeLa,n0OLj1cQnnbM3n-2eOzCj
Qgiadg2B5WNSANhCHYeLa,mE5Zf1AWhRKDQNHC_NsmV
Qgiadg2B5WNSANhCHYeLa,iW3M5z9QsfI5jnVSJjr5j
Qgiadg2B5WNSANhCHYeLa,Uzldz52slOyT_7tD9MSW3
mvKutMow85YsZt2oKf48d,F72UQSSv5qnV6dGq2o8t-
mvKutMow85YsZt2oKf48d,iW3M5z9QsfI5jnVSJjr5j
mvKutMow85YsZt2oKf48d,n0OLj1cQnnbM3n-2eOzCj
HmbrI1GKyv6DaF5ZjFC-3,phlunt5HJ3fBcZXrezlHN
HmbrI1GKyv6DaF5ZjFC-3,n0OLj1cQnnbM3n-2eOzCj
a3UukpFf3UNckCt2lFd8Q,Uzldz52slOyT_7tD9MSW3
a3UukpFf3UNckCt2lFd8Q,iW3M5z9QsfI5jnVSJjr5j
a3UukpFf3UNckCt2lFd8Q,phlunt5HJ3fBcZXrezlHN
pT_mkUx6Thb3wy-qR1tGs,L34snMa-YMz_jT9erQqe2
pT_mkUx6Thb3wy-qR1tGs,iW3M5z9QsfI5jnVSJjr5j
pT_mkUx6Thb3wy-qR1tGs,F72UQSSv5qnV6dGq2o8t-
KUWqNVJYwUXw4FmgL41jp,PFEwpbxaA9UrKET8fDnAt
KUWqNVJYwUXw4FmgL41jp,n0OLj1cQnnbM3n-2eOzCj
93ebcXCOQc65WHq_rfiRC,F72UQSSv5qnV6dGq2o8t-
93ebcXCOQc65WHq_rfiRC,n0OLj1cQnnbM3n-2eOzCj
93ebcXCOQc65WHq_rfiRC,L34snMa-YMz_jT9erQqe2
93ebcXCOQc65WHq_rfiRC,Uzldz52slOyT_7tD9MSW3
eHo1RW24SWDCnQEo_3CL2,F72UQSSv5qnV6dGq2o8t-
eHo1RW24SWDCnQEo_3CL2,KcVqSqCqpBoUqNfNlAkE7
eHo1RW24SWDCnQEo_3CL2,mE5Zf1AWhRKDQNHC_NsmV
eHo1RW24SWDCnQEo_3CL2,L34snMa-YMz_jT9erQqe2
iJC5x4sRz7U4SM_RZ9KV7,n0OLj1cQnnbM3n-2eOzCj
iJC5x4sRz7U4SM_RZ9KV7,mE5Zf1AWhRKDQNHC_NsmV
iJC5x4sRz7U4SM_RZ9KV7,F72UQSSv5qnV6dGq2o8t-
iJC5x4sRz7U4SM_RZ9KV7,2bdRQFIcZXrYbhxeWeffc
hjcsa3wY_o17ZnOvHVexs,L34snMa-YMz_jT9erQqe2
hjcsa3wY_o17ZnOvHVexs,iW3M5z9QsfI5jnVSJjr5j
vBbuqPE1KUW7KDoPVCCYQ,PFEwpbxaA9UrKET8fDnAt
vBbuqPE1KUW7KDoPVCCYQ,Uzldz52slOyT_7tD9MSW3
a5R4uXqv-5HVttQ2nAZas,L34snMa-YMz_jT9erQqe2
a5R4uXqv-5HVttQ2nAZas,iW3M5z9QsfI5jnVSJjr5j
9ld2YPajIpuBYuO6txnJS,F72UQSSv5qnV6dGq2o8t-
9ld2YPajIpuBYuO6txnJS,ncFeNw-5M4iGoDD-A8hBH
9ld2YPajIpuBYuO6txnJS,n0OLj1cQnnbM3n-2eOzCj
xj0hNrdEYfHFwzhwcDsKZ,L34snMa-YMz_jT9erQqe2
xj0hNrdEYfHFwzhwcDsKZ,iW3M5z9QsfI5jnVSJjr5j
xj0hNrdEYfHFwzhwcDsKZ,F72UQSSv5qnV6dGq2o8t-
O7uhk9yk9ckwD2cvLtyAe,tqy6nsKbGDANBHHt7CQaG
O7uhk9yk9ckwD2cvLtyAe,phlunt5HJ3fBcZXrezlHN
O7uhk9yk9ckwD2cvLtyAe,n0OLj1cQnnbM3n-2eOzCj
blgbQCah6vagYMZQoc7Lb,2bdRQFIcZXrYbhxeWeffc
blgbQCah6vagYMZQoc7Lb,n0OLj1cQnnbM3n-2eOzCj
blgbQCah6vagYMZQoc7Lb,L34snMa-YMz_jT9erQqe2
6R7pV-idy1VTUQOjj-wTE,ncFeNw-5M4iGoDD-A8hBH
6R7pV-idy1VTUQOjj-wTE,iW3M5z9QsfI5jnVSJjr5j
6R7pV-idy1VTUQOjj-wTE,F72UQSSv5qnV6dGq2o8t-
1heyqGuL2s9IdgO9AEJRn,n0OLj1cQnnbM3n-2eOzCj
1heyqGuL2s9IdgO9AEJRn,phlunt5HJ3fBcZXrezlHN
RZbC5C2Oti1Vv1yJroYcH,n0OLj1cQnnbM3n-2eOzCj
RZbC5C2Oti1Vv1yJroYcH,mE5Zf1AWhRKDQNHC_NsmV
WPl3D4s0N33_-nHB5zSIa,F72UQSSv5qnV6dGq2o8t-
WPl3D4s0N33_-nHB5zSIa,n0OLj1cQnnbM3n-2eOzCj
WPl3D4s0N33_-nHB5zSIa,PFEwpbxaA9UrKET8fDnAt
9F5CFv-NaKyIhhY13_JsF,L34snMa-YMz_jT9erQqe2
9F5CFv-NaKyIhhY13_JsF,iW3M5z9QsfI5jnVSJjr5j
9F5CFv-NaKyIhhY13_JsF,Uzldz52slOyT_7tD9MSW3
Ed-OmZEjBEQRnMYWmiq6Q,PFEwpbxaA9UrKET8fDnAt
Ed-OmZEjBEQRnMYWmiq6Q,n0OLj1cQnnbM3n-2eOzCj
Ed-OmZEjBEQRnMYWmiq6Q,Uzldz52slOyT_7tD9MSW3
zrsArzWtUVt01akidWbkc,Uzldz52slOyT_7tD9MSW3
zrsArzWtUVt01akidWbkc,phlunt5HJ3fBcZXrezlHN
zrsArzWtUVt01akidWbkc,n0OLj1cQnnbM3n-2eOzCj
3j9BoIZGmSwVul-K95e0K,PFEwpbxaA9UrKET8fDnAt
3j9BoIZGmSwVul-K95e0K,iW3M5z9QsfI5jnVSJjr5j
3j9BoIZGmSwVul-K95e0K,phlunt5HJ3fBcZXrezlHN
m6WRpDpoOV-uhMuW4cA0y,F72UQSSv5qnV6dGq2o8t-
m6WRpDpoOV-uhMuW4cA0y,Uzldz52slOyT_7tD9MSW3
m6WRpDpoOV-uhMuW4cA0y,phlunt5HJ3fBcZXrezlHN
fy6kfYU99MW-lzGKpqOLp,F72UQSSv5qnV6dGq2o8t-
fy6kfYU99MW-lzGKpqOLp,n0OLj1cQnnbM3n-2eOzCj
fy6kfYU99MW-lzGKpqOLp,mE5Zf1AWhRKDQNHC_NsmV
xcaBgE3OiCpWr1Dbzr_ZN,F72UQSSv5qnV6dGq2o8t-
xcaBgE3OiCpWr1Dbzr_ZN,Uzldz52slOyT_7tD9MSW3
xcaBgE3OiCpWr1Dbzr_ZN,iW3M5z9QsfI5jnVSJjr5j
NFm1S8YgTk2yN3MW4i0FW,L34snMa-YMz_jT9erQqe2
NFm1S8YgTk2yN3MW4i0FW,iW3M5z9QsfI5jnVSJjr5j
fUk2CM3DAu86CDXvoV_7A,tqy6nsKbGDANBHHt7CQaG
fUk2CM3DAu86CDXvoV_7A,phlunt5HJ3fBcZXrezlHN
fUk2CM3DAu86CDXvoV_7A,PFEwpbxaA9UrKET8fDnAt
oAKaHIg01oaji6QGWp5-w,-Q1NyL2hihfCdselYbnjo
oAKaHIg01oaji6QGWp5-w,n0OLj1cQnnbM3n-2eOzCj
oAKaHIg01oaji6QGWp5-w,phlunt5HJ3fBcZXrezlHN
WASMCtk01zdUydpOolOy-,Uzldz52slOyT_7tD9MSW3
WASMCtk01zdUydpOolOy-,iW3M5z9QsfI5jnVSJjr5j
WASMCtk01zdUydpOolOy-,F72UQSSv5qnV6dGq2o8t-
b_kX1xUBd0rU1TcHOPoXg,F72UQSSv5qnV6dGq2o8t-
b_kX1xUBd0rU1TcHOPoXg,n0OLj1cQnnbM3n-2eOzCj
b_kX1xUBd0rU1TcHOPoXg,iW3M5z9QsfI5jnVSJjr5j
8qRLyfeCyLDDq96wozTPu,F72UQSSv5qnV6dGq2o8t-
8qRLyfeCyLDDq96wozTPu,PFEwpbxaA9UrKET8fDnAt
8qRLyfeCyLDDq96wozTPu,phlunt5HJ3fBcZXrezlHN
PXG1qoVGj_l7cUegrgKnx,ncFeNw-5M4iGoDD-A8hBH
PXG1qoVGj_l7cUegrgKnx,-Q1NyL2hihfCdselYbnjo
PXG1qoVGj_l7cUegrgKnx,iW3M5z9QsfI5jnVSJjr5j
bLB8Cs7SbXBrmF7FIzWxF,n0OLj1cQnnbM3n-2eOzCj
bLB8Cs7SbXBrmF7FIzWxF,mE5Zf1AWhRKDQNHC_NsmV
bLB8Cs7SbXBrmF7FIzWxF,F72UQSSv5qnV6dGq2o8t-
M7wGuqEKLlAqLPQRk6_DW,F72UQSSv5qnV6dGq2o8t-
M7wGuqEKLlAqLPQRk6_DW,-5F1wQ50bue4PA2khE3sM
M7wGuqEKLlAqLPQRk6_DW,n0OLj1cQnnbM3n-2eOzCj
YNKbfBjCDYw0lart6FKd_,n0OLj1cQnnbM3n-2eOzCj
YNKbfBjCDYw0lart6FKd_,mE5Zf1AWhRKDQNHC_NsmV
YNKbfBjCDYw0lart6FKd_,F72UQSSv5qnV6dGq2o8t-
34YXmiTmpwszS22NOhkeu,iW3M5z9QsfI5jnVSJjr5j
34YXmiTmpwszS22NOhkeu,phlunt5HJ3fBcZXrezlHN
cG8fuHZcjsqWMd9exd3rD,F72UQSSv5qnV6dGq2o8t-
cG8fuHZcjsqWMd9exd3rD,n0OLj1cQnnbM3n-2eOzCj
cG8fuHZcjsqWMd9exd3rD,iW3M5z9QsfI5jnVSJjr5j
cG8fuHZcjsqWMd9exd3rD,Uzldz52slOyT_7tD9MSW3
aoRDBtPhR5jhtxcOl_500,Uzldz52slOyT_7tD9MSW3
aoRDBtPhR5jhtxcOl_500,n0OLj1cQnnbM3n-2eOzCj
aoRDBtPhR5jhtxcOl_500,L34snMa-YMz_jT9erQqe2
78xppQgXfiQ50_bcRv5_N,F72UQSSv5qnV6dGq2o8t-
78xppQgXfiQ50_bcRv5_N,n0OLj1cQnnbM3n-2eOzCj
78xppQgXfiQ50_bcRv5_N,iW3M5z9QsfI5jnVSJjr5j
78xppQgXfiQ50_bcRv5_N,Uzldz52slOyT_7tD9MSW3
78xppQgXfiQ50_bcRv5_N,ncFeNw-5M4iGoDD-A8hBH
B0cpaOz6SeDIaAkHUXJEy,F72UQSSv5qnV6dGq2o8t-
B0cpaOz6SeDIaAkHUXJEy,L34snMa-YMz_jT9erQqe2
B0cpaOz6SeDIaAkHUXJEy,iW3M5z9QsfI5jnVSJjr5j
3WYJBVMxbVUynM2f8ZCmc,PFEwpbxaA9UrKET8fDnAt
3WYJBVMxbVUynM2f8ZCmc,n0OLj1cQnnbM3n-2eOzCj
3WYJBVMxbVUynM2f8ZCmc,F72UQSSv5qnV6dGq2o8t-
HX5DTGpoASqaWKn_fGcgO,n0OLj1cQnnbM3n-2eOzCj
HX5DTGpoASqaWKn_fGcgO,2bdRQFIcZXrYbhxeWeffc
HX5DTGpoASqaWKn_fGcgO,L34snMa-YMz_jT9erQqe2
jgzn2TrbQo2Rb8d2yaTq1,-Q1NyL2hihfCdselYbnjo
jgzn2TrbQo2Rb8d2yaTq1,iW3M5z9QsfI5jnVSJjr5j
jgzn2TrbQo2Rb8d2yaTq1,phlunt5HJ3fBcZXrezlHN
eofyGU1XhJTsYsYocrRfq,F72UQSSv5qnV6dGq2o8t-
eofyGU1XhJTsYsYocrRfq,Uzldz52slOyT_7tD9MSW3
eofyGU1XhJTsYsYocrRfq,iW3M5z9QsfI5jnVSJjr5j
uY_GLl0-sFUTQaCU_BIJS,F72UQSSv5qnV6dGq2o8t-
uY_GLl0-sFUTQaCU_BIJS,PFEwpbxaA9UrKET8fDnAt
uY_GLl0-sFUTQaCU_BIJS,iW3M5z9QsfI5jnVSJjr5j
HdSAWmEIwITG64uuik8Rc,iW3M5z9QsfI5jnVSJjr5j
HdSAWmEIwITG64uuik8Rc,phlunt5HJ3fBcZXrezlHN
HdSAWmEIwITG64uuik8Rc,n0OLj1cQnnbM3n-2eOzCj
VVzbXgVoPwUMWFF1kzDbP,n0OLj1cQnnbM3n-2eOzCj
VVzbXgVoPwUMWFF1kzDbP,PFEwpbxaA9UrKET8fDnAt
VVzbXgVoPwUMWFF1kzDbP,iW3M5z9QsfI5jnVSJjr5j
9JaAQnNSmbCuv-1a4QRgJ,phlunt5HJ3fBcZXrezlHN
9JaAQnNSmbCuv-1a4QRgJ,iW3M5z9QsfI5jnVSJjr5j
9JaAQnNSmbCuv-1a4QRgJ,n0OLj1cQnnbM3n-2eOzCj
-XajkqLoQYA0t7Kzh3yGN,phlunt5HJ3fBcZXrezlHN
-XajkqLoQYA0t7Kzh3yGN,n0OLj1cQnnbM3n-2eOzCj
mgBmbwI2CJLEYne6mSLTX,F72UQSSv5qnV6dGq2o8t-
mgBmbwI2CJLEYne6mSLTX,n0OLj1cQnnbM3n-2eOzCj
mgBmbwI2CJLEYne6mSLTX,iW3M5z9QsfI5jnVSJjr5j
mgBmbwI2CJLEYne6mSLTX,Uzldz52slOyT_7tD9MSW3
LHP6wGLwYp0qoaaQpV3gn,Uzldz52slOyT_7tD9MSW3
LHP6wGLwYp0qoaaQpV3gn,phlunt5HJ3fBcZXrezlHN
LHP6wGLwYp0qoaaQpV3gn,F72UQSSv5qnV6dGq2o8t-
DzBd1Bt3cSrPgLB_KJiuN,2bdRQFIcZXrYbhxeWeffc
DzBd1Bt3cSrPgLB_KJiuN,n0OLj1cQnnbM3n-2eOzCj
DzBd1Bt3cSrPgLB_KJiuN,mE5Zf1AWhRKDQNHC_NsmV
Hhq2jTMI5cBjtsq-3KXn8,F72UQSSv5qnV6dGq2o8t-
Hhq2jTMI5cBjtsq-3KXn8,n0OLj1cQnnbM3n-2eOzCj
Hhq2jTMI5cBjtsq-3KXn8,iW3M5z9QsfI5jnVSJjr5j
Hhq2jTMI5cBjtsq-3KXn8,Uzldz52slOyT_7tD9MSW3
Hhq2jTMI5cBjtsq-3KXn8,ncFeNw-5M4iGoDD-A8hBH
BosXRIQCVmVmcqjkIOvjg,PFEwpbxaA9UrKET8fDnAt
BosXRIQCVmVmcqjkIOvjg,n0OLj1cQnnbM3n-2eOzCj
BosXRIQCVmVmcqjkIOvjg,F72UQSSv5qnV6dGq2o8t-
-MFnXTdL5eip1DsJM3S2u,mE5Zf1AWhRKDQNHC_NsmV
-MFnXTdL5eip1DsJM3S2u,n0OLj1cQnnbM3n-2eOzCj
-MFnXTdL5eip1DsJM3S2u,L34snMa-YMz_jT9erQqe2
w75ymHvA_h_OwseH81Gx1,n0OLj1cQnnbM3n-2eOzCj
w75ymHvA_h_OwseH81Gx1,phlunt5HJ3fBcZXrezlHN
RXpnlx256cZ0kxX0P14Dv,F72UQSSv5qnV6dGq2o8t-
RXpnlx256cZ0kxX0P14Dv,n0OLj1cQnnbM3n-2eOzCj
RXpnlx256cZ0kxX0P14Dv,phlunt5HJ3fBcZXrezlHN
ho3ISqhI-EFkUVN8c8CyW,PFEwpbxaA9UrKET8fDnAt
ho3ISqhI-EFkUVN8c8CyW,tqy6nsKbGDANBHHt7CQaG
ho3ISqhI-EFkUVN8c8CyW,iW3M5z9QsfI5jnVSJjr5j
N8aSjzybeXOvcqkyCyLg_,F72UQSSv5qnV6dGq2o8t-
N8aSjzybeXOvcqkyCyLg_,phlunt5HJ3fBcZXrezlHN
N8aSjzybeXOvcqkyCyLg_,tqy6nsKbGDANBHHt7CQaG
XHHxoL3EUZJZbAaYeYx48,Uzldz52slOyT_7tD9MSW3
XHHxoL3EUZJZbAaYeYx48,phlunt5HJ3fBcZXrezlHN
geagIigZjt6hRGNQ-jYfM,n0OLj1cQnnbM3n-2eOzCj
geagIigZjt6hRGNQ-jYfM,F72UQSSv5qnV6dGq2o8t-
le3YyFS0OWZylKoFupgyy,ncFeNw-5M4iGoDD-A8hBH
le3YyFS0OWZylKoFupgyy,iW3M5z9QsfI5jnVSJjr5j
le3YyFS0OWZylKoFupgyy,phlunt5HJ3fBcZXrezlHN
jr6rAINY9mBaFpJwvEk47,Uzldz52slOyT_7tD9MSW3
jr6rAINY9mBaFpJwvEk47,phlunt5HJ3fBcZXrezlHN
jr6rAINY9mBaFpJwvEk47,L34snMa-YMz_jT9erQqe2
j95vvc-UZi3u9qgPlV2HC,F72UQSSv5qnV6dGq2o8t-
j95vvc-UZi3u9qgPlV2HC,n0OLj1cQnnbM3n-2eOzCj
j95vvc-UZi3u9qgPlV2HC,L34snMa-YMz_jT9erQqe2
85SLUGAL6xRJ_cuaI1oBc,F72UQSSv5qnV6dGq2o8t-
85SLUGAL6xRJ_cuaI1oBc,Uzldz52slOyT_7tD9MSW3
85SLUGAL6xRJ_cuaI1oBc,iW3M5z9QsfI5jnVSJjr5j
XbIKB6wsZAIC9Hyjsl0-p,F72UQSSv5qnV6dGq2o8t-
XbIKB6wsZAIC9Hyjsl0-p,phlunt5HJ3fBcZXrezlHN
tbzluNMzI-M0bILCmC-0w,n0OLj1cQnnbM3n-2eOzCj
tbzluNMzI-M0bILCmC-0w,mE5Zf1AWhRKDQNHC_NsmV
tbzluNMzI-M0bILCmC-0w,F72UQSSv5qnV6dGq2o8t-
FaX14qtbjwGP0rGgHjmpv,F72UQSSv5qnV6dGq2o8t-
FaX14qtbjwGP0rGgHjmpv,n0OLj1cQnnbM3n-2eOzCj
FaX14qtbjwGP0rGgHjmpv,iW3M5z9QsfI5jnVSJjr5j
FaX14qtbjwGP0rGgHjmpv,Uzldz52slOyT_7tD9MSW3
Tuwi0z75EnVp8NcK5dEff,F72UQSSv5qnV6dGq2o8t-
Tuwi0z75EnVp8NcK5dEff,mE5Zf1AWhRKDQNHC_NsmV
Tuwi0z75EnVp8NcK5dEff,phlunt5HJ3fBcZXrezlHN
AYRkPuaZTOqBKPQfTma8s,F72UQSSv5qnV6dGq2o8t-
AYRkPuaZTOqBKPQfTma8s,n0OLj1cQnnbM3n-2eOzCj
AYRkPuaZTOqBKPQfTma8s,iW3M5z9QsfI5jnVSJjr5j
AYRkPuaZTOqBKPQfTma8s,Uzldz52slOyT_7tD9MSW3
qCyvX79bPC0gOFzyqHjUl,F72UQSSv5qnV6dGq2o8t-
qCyvX79bPC0gOFzyqHjUl,iW3M5z9QsfI5jnVSJjr5j
qCyvX79bPC0gOFzyqHjUl,phlunt5HJ3fBcZXrezlHN
Xi4wuZpB3kTTKBI-Hfy1c,n0OLj1cQnnbM3n-2eOzCj
Xi4wuZpB3kTTKBI-Hfy1c,F72UQSSv5qnV6dGq2o8t-
tmqm5sl4k4uwJvAey1M_1,n0OLj1cQnnbM3n-2eOzCj
tmqm5sl4k4uwJvAey1M_1,F72UQSSv5qnV6dGq2o8t-
8uMESiYSIEpE64jS9_WLD,phlunt5HJ3fBcZXrezlHN
8uMESiYSIEpE64jS9_WLD,tqy6nsKbGDANBHHt7CQaG
lEJs-sy84JlBEI1elRPBa,Uzldz52slOyT_7tD9MSW3
lEJs-sy84JlBEI1elRPBa,F72UQSSv5qnV6dGq2o8t-
lEJs-sy84JlBEI1elRPBa,n0OLj1cQnnbM3n-2eOzCj
U8LcFMV4iAIX9OWnZKgp9,Uzldz52slOyT_7tD9MSW3
U8LcFMV4iAIX9OWnZKgp9,phlunt5HJ3fBcZXrezlHN
yDoQywjgSofsmQ0xNJb1C,F72UQSSv5qnV6dGq2o8t-
yDoQywjgSofsmQ0xNJb1C,n0OLj1cQnnbM3n-2eOzCj
yDoQywjgSofsmQ0xNJb1C,iW3M5z9QsfI5jnVSJjr5j
yDoQywjgSofsmQ0xNJb1C,Uzldz52slOyT_7tD9MSW3
1eYSpaDMBCT_p2uGRJNxh,L34snMa-YMz_jT9erQqe2
1eYSpaDMBCT_p2uGRJNxh,iW3M5z9QsfI5jnVSJjr5j
pe6Ubbh5eGeuNxaU8HOpJ,phlunt5HJ3fBcZXrezlHN
pe6Ubbh5eGeuNxaU8HOpJ,Uzldz52slOyT_7tD9MSW3
pe6Ubbh5eGeuNxaU8HOpJ,n0OLj1cQnnbM3n-2eOzCj
ld6h-pqDs7WXgVhuj5jhv,Uzldz52slOyT_7tD9MSW3
ld6h-pqDs7WXgVhuj5jhv,phlunt5HJ3fBcZXrezlHN
ld6h-pqDs7WXgVhuj5jhv,n0OLj1cQnnbM3n-2eOzCj
KN8i9HZfFT-RSMCDxhgZh,F72UQSSv5qnV6dGq2o8t-
KN8i9HZfFT-RSMCDxhgZh,phlunt5HJ3fBcZXrezlHN
KN8i9HZfFT-RSMCDxhgZh,n0OLj1cQnnbM3n-2eOzCj
YWtX0Jwg0_eDgj244v_RQ,F72UQSSv5qnV6dGq2o8t-
YWtX0Jwg0_eDgj244v_RQ,Uzldz52slOyT_7tD9MSW3
YWtX0Jwg0_eDgj244v_RQ,phlunt5HJ3fBcZXrezlHN
gXUKM3Jj2chspEMLwRAca,Uzldz52slOyT_7tD9MSW3
gXUKM3Jj2chspEMLwRAca,iW3M5z9QsfI5jnVSJjr5j
gXUKM3Jj2chspEMLwRAca,F72UQSSv5qnV6dGq2o8t-
DsiswoQazAl2hOCstCRyH,n0OLj1cQnnbM3n-2eOzCj
DsiswoQazAl2hOCstCRyH,mE5Zf1AWhRKDQNHC_NsmV
DsiswoQazAl2hOCstCRyH,phlunt5HJ3fBcZXrezlHN
2UgNLPo1Vmhm7QW1fYklK,iW3M5z9QsfI5jnVSJjr5j
2UgNLPo1Vmhm7QW1fYklK,L34snMa-YMz_jT9erQqe2
2UgNLPo1Vmhm7QW1fYklK,phlunt5HJ3fBcZXrezlHN
6U9YYIP5sAvo8huD2OF46,F72UQSSv5qnV6dGq2o8t-
6U9YYIP5sAvo8huD2OF46,KcVqSqCqpBoUqNfNlAkE7
6U9YYIP5sAvo8huD2OF46,L34snMa-YMz_jT9erQqe2
6U9YYIP5sAvo8huD2OF46,mE5Zf1AWhRKDQNHC_NsmV
a9Bvcj12jwKonEuX2cD7w,mE5Zf1AWhRKDQNHC_NsmV
a9Bvcj12jwKonEuX2cD7w,n0OLj1cQnnbM3n-2eOzCj
a9Bvcj12jwKonEuX2cD7w,F72UQSSv5qnV6dGq2o8t-
xMC22rN6L0vKzyE9bwt_e,n0OLj1cQnnbM3n-2eOzCj
xMC22rN6L0vKzyE9bwt_e,PFEwpbxaA9UrKET8fDnAt
xMC22rN6L0vKzyE9bwt_e,F72UQSSv5qnV6dGq2o8t-
XpctT-xRRCOpAy4F9LWCK,mE5Zf1AWhRKDQNHC_NsmV
XpctT-xRRCOpAy4F9LWCK,n0OLj1cQnnbM3n-2eOzCj
2-udLj3HW5SmhY0koYXK0,n0OLj1cQnnbM3n-2eOzCj
2-udLj3HW5SmhY0koYXK0,phlunt5HJ3fBcZXrezlHN
2-udLj3HW5SmhY0koYXK0,tqy6nsKbGDANBHHt7CQaG
BhywhEnqCeonlq_GHFWwA,phlunt5HJ3fBcZXrezlHN
BhywhEnqCeonlq_GHFWwA,tqy6nsKbGDANBHHt7CQaG
BhywhEnqCeonlq_GHFWwA,n0OLj1cQnnbM3n-2eOzCj
ZLoa62HivsBup4YorFuXT,F72UQSSv5qnV6dGq2o8t-
ZLoa62HivsBup4YorFuXT,n0OLj1cQnnbM3n-2eOzCj
ZLoa62HivsBup4YorFuXT,mE5Zf1AWhRKDQNHC_NsmV
ZLoa62HivsBup4YorFuXT,L34snMa-YMz_jT9erQqe2
ZLoa62HivsBup4YorFuXT,phlunt5HJ3fBcZXrezlHN
usqD7nfqHr2zejrJRO9NE,Uzldz52slOyT_7tD9MSW3
usqD7nfqHr2zejrJRO9NE,phlunt5HJ3fBcZXrezlHN
usqD7nfqHr2zejrJRO9NE,F72UQSSv5qnV6dGq2o8t-
EgYyK3PbWf6SUV_ea_H3s,n0OLj1cQnnbM3n-2eOzCj
EgYyK3PbWf6SUV_ea_H3s,PFEwpbxaA9UrKET8fDnAt
EgYyK3PbWf6SUV_ea_H3s,phlunt5HJ3fBcZXrezlHN
j1jkZJ529vcgSZq5KUH5I,L34snMa-YMz_jT9erQqe2
j1jkZJ529vcgSZq5KUH5I,iW3M5z9QsfI5jnVSJjr5j
j1jkZJ529vcgSZq5KUH5I,phlunt5HJ3fBcZXrezlHN
4hDKTq5Z8jRVXbrgeMelo,Uzldz52slOyT_7tD9MSW3
4hDKTq5Z8jRVXbrgeMelo,phlunt5HJ3fBcZXrezlHN
3yHO6lGEmoxkNWLmJgkMP,Uzldz52slOyT_7tD9MSW3
3yHO6lGEmoxkNWLmJgkMP,n0OLj1cQnnbM3n-2eOzCj
9-ECtdP4JPkgueLwY0he8,F72UQSSv5qnV6dGq2o8t-
9-ECtdP4JPkgueLwY0he8,n0OLj1cQnnbM3n-2eOzCj
9-ECtdP4JPkgueLwY0he8,mE5Zf1AWhRKDQNHC_NsmV
9-ECtdP4JPkgueLwY0he8,L34snMa-YMz_jT9erQqe2
9-ECtdP4JPkgueLwY0he8,Uzldz52slOyT_7tD9MSW3
DFdGB_aSZhqN1yPaHBvNA,n0OLj1cQnnbM3n-2eOzCj
DFdGB_aSZhqN1yPaHBvNA,mE5Zf1AWhRKDQNHC_NsmV
MrVcSnJEbTjC_WIoma2wH,iW3M5z9QsfI5jnVSJjr5j
MrVcSnJEbTjC_WIoma2wH,phlunt5HJ3fBcZXrezlHN
MrVcSnJEbTjC_WIoma2wH,PFEwpbxaA9UrKET8fDnAt
vDp6Nd5xus8PxpQxM5r5O,phlunt5HJ3fBcZXrezlHN
vDp6Nd5xus8PxpQxM5r5O,iW3M5z9QsfI5jnVSJjr5j
Iu4LXEFJqxCD3c81ne2gv,F72UQSSv5qnV6dGq2o8t-
Iu4LXEFJqxCD3c81ne2gv,n0OLj1cQnnbM3n-2eOzCj
Iu4LXEFJqxCD3c81ne2gv,iW3M5z9QsfI5jnVSJjr5j
Iu4LXEFJqxCD3c81ne2gv,phlunt5HJ3fBcZXrezlHN
tnfZX15vjUHV_hHXvXimM,phlunt5HJ3fBcZXrezlHN
tnfZX15vjUHV_hHXvXimM,PFEwpbxaA9UrKET8fDnAt
tnfZX15vjUHV_hHXvXimM,iW3M5z9QsfI5jnVSJjr5j
tnfZX15vjUHV_hHXvXimM,-5F1wQ50bue4PA2khE3sM
UyX-uoQvj0AR_NMa_EBXB,F72UQSSv5qnV6dGq2o8t-
UyX-uoQvj0AR_NMa_EBXB,iW3M5z9QsfI5jnVSJjr5j
UyX-uoQvj0AR_NMa_EBXB,phlunt5HJ3fBcZXrezlHN
qLxsI98XysE3kUunx2RLm,F72UQSSv5qnV6dGq2o8t-
qLxsI98XysE3kUunx2RLm,iW3M5z9QsfI5jnVSJjr5j
qLxsI98XysE3kUunx2RLm,phlunt5HJ3fBcZXrezlHN
DwF-k4VeWEee9n9kcKqoM,L34snMa-YMz_jT9erQqe2
DwF-k4VeWEee9n9kcKqoM,iW3M5z9QsfI5jnVSJjr5j
DwF-k4VeWEee9n9kcKqoM,n0OLj1cQnnbM3n-2eOzCj
b9VAWYP1Uce_Gz0LJoE2z,F72UQSSv5qnV6dGq2o8t-
b9VAWYP1Uce_Gz0LJoE2z,n0OLj1cQnnbM3n-2eOzCj
b9VAWYP1Uce_Gz0LJoE2z,phlunt5HJ3fBcZXrezlHN
uHbDa29xAV6cYYk_wxIux,Uzldz52slOyT_7tD9MSW3
uHbDa29xAV6cYYk_wxIux,phlunt5HJ3fBcZXrezlHN
V3Nj-53v75gVWshuEXbKQ,Uzldz52slOyT_7tD9MSW3
V3Nj-53v75gVWshuEXbKQ,n0OLj1cQnnbM3n-2eOzCj
Q2atObHUZnsK2JDSQpO8u,F72UQSSv5qnV6dGq2o8t-
Q2atObHUZnsK2JDSQpO8u,n0OLj1cQnnbM3n-2eOzCj
Q2atObHUZnsK2JDSQpO8u,iW3M5z9QsfI5jnVSJjr5j
Q2atObHUZnsK2JDSQpO8u,Uzldz52slOyT_7tD9MSW3
Fwg6mChDtmTz_crpjv8k9,F72UQSSv5qnV6dGq2o8t-
Fwg6mChDtmTz_crpjv8k9,n0OLj1cQnnbM3n-2eOzCj
Fwg6mChDtmTz_crpjv8k9,iW3M5z9QsfI5jnVSJjr5j
Fwg6mChDtmTz_crpjv8k9,Uzldz52slOyT_7tD9MSW3
ZVES3TDrOmz-R7mAMhc1S,Uzldz52slOyT_7tD9MSW3
ZVES3TDrOmz-R7mAMhc1S,F72UQSSv5qnV6dGq2o8t-
AotJXu1_EelSbNthBXlnD,F72UQSSv5qnV6dGq2o8t-
AotJXu1_EelSbNthBXlnD,Uzldz52slOyT_7tD9MSW3
AotJXu1_EelSbNthBXlnD,n0OLj1cQnnbM3n-2eOzCj
a2uOOgE-1G9EPprMJcXeZ,L34snMa-YMz_jT9erQqe2
a2uOOgE-1G9EPprMJcXeZ,iW3M5z9QsfI5jnVSJjr5j
JgIX7aFZgoE_eaq_S1HH3,L34snMa-YMz_jT9erQqe2
JgIX7aFZgoE_eaq_S1HH3,iW3M5z9QsfI5jnVSJjr5j
aZ1kqdd7k0_a4Ie8APm2n,F72UQSSv5qnV6dGq2o8t-
aZ1kqdd7k0_a4Ie8APm2n,Uzldz52slOyT_7tD9MSW3
QNe4Cmrla6mst8izAwwlh,F72UQSSv5qnV6dGq2o8t-
QNe4Cmrla6mst8izAwwlh,n0OLj1cQnnbM3n-2eOzCj
QNe4Cmrla6mst8izAwwlh,iW3M5z9QsfI5jnVSJjr5j
QNe4Cmrla6mst8izAwwlh,Uzldz52slOyT_7tD9MSW3
LmcshlQLcLX6vKPo4ZVtL,n0OLj1cQnnbM3n-2eOzCj
LmcshlQLcLX6vKPo4ZVtL,PFEwpbxaA9UrKET8fDnAt
LmcshlQLcLX6vKPo4ZVtL,F72UQSSv5qnV6dGq2o8t-
_otPD-Iwq2b-uJsb1vrzh,F72UQSSv5qnV6dGq2o8t-
_otPD-Iwq2b-uJsb1vrzh,n0OLj1cQnnbM3n-2eOzCj
_otPD-Iwq2b-uJsb1vrzh,iW3M5z9QsfI5jnVSJjr5j
_otPD-Iwq2b-uJsb1vrzh,Uzldz52slOyT_7tD9MSW3
vu4mwxoJgvTW-qKCGjqcz,Uzldz52slOyT_7tD9MSW3
vu4mwxoJgvTW-qKCGjqcz,F72UQSSv5qnV6dGq2o8t-
kiwXmqePn8PCQVzwM6KWg,L34snMa-YMz_jT9erQqe2
kiwXmqePn8PCQVzwM6KWg,iW3M5z9QsfI5jnVSJjr5j
zODR5NifVET8jyFQ2xZJ6,iW3M5z9QsfI5jnVSJjr5j
zODR5NifVET8jyFQ2xZJ6,L34snMa-YMz_jT9erQqe2
zODR5NifVET8jyFQ2xZJ6,phlunt5HJ3fBcZXrezlHN
B81Di7QkrsOkAUhv46ZPG,n0OLj1cQnnbM3n-2eOzCj
B81Di7QkrsOkAUhv46ZPG,Uzldz52slOyT_7tD9MSW3
zN_uF9bXWzStBhJEOFvzq,Uzldz52slOyT_7tD9MSW3
zN_uF9bXWzStBhJEOFvzq,n0OLj1cQnnbM3n-2eOzCj
zN_uF9bXWzStBhJEOFvzq,phlunt5HJ3fBcZXrezlHN
JE87JLvy-PAMRP1OrPUA8,F72UQSSv5qnV6dGq2o8t-
JE87JLvy-PAMRP1OrPUA8,mE5Zf1AWhRKDQNHC_NsmV
JE87JLvy-PAMRP1OrPUA8,L34snMa-YMz_jT9erQqe2
G7ONVGW7qdMe5ODrD4xyP,Uzldz52slOyT_7tD9MSW3
G7ONVGW7qdMe5ODrD4xyP,F72UQSSv5qnV6dGq2o8t-
G7ONVGW7qdMe5ODrD4xyP,n0OLj1cQnnbM3n-2eOzCj
c9ol3P55wl0c9AI0GUqGT,F72UQSSv5qnV6dGq2o8t-
c9ol3P55wl0c9AI0GUqGT,PFEwpbxaA9UrKET8fDnAt
c9ol3P55wl0c9AI0GUqGT,n0OLj1cQnnbM3n-2eOzCj
c9ol3P55wl0c9AI0GUqGT,mE5Zf1AWhRKDQNHC_NsmV
c9ol3P55wl0c9AI0GUqGT,L34snMa-YMz_jT9erQqe2
P5JkrxsGp_CUYkJGCkM9J,iW3M5z9QsfI5jnVSJjr5j
P5JkrxsGp_CUYkJGCkM9J,F72UQSSv5qnV6dGq2o8t-
s5cvH8JV-Bb2Xmc6kvv9s,n0OLj1cQnnbM3n-2eOzCj
s5cvH8JV-Bb2Xmc6kvv9s,mE5Zf1AWhRKDQNHC_NsmV
s5cvH8JV-Bb2Xmc6kvv9s,F72UQSSv5qnV6dGq2o8t-
yorrp0ZadUO3-tlA1yeCw,ncFeNw-5M4iGoDD-A8hBH
yorrp0ZadUO3-tlA1yeCw,iW3M5z9QsfI5jnVSJjr5j
yorrp0ZadUO3-tlA1yeCw,phlunt5HJ3fBcZXrezlHN
Anlqnu_tYJ7IJ-kG9c6WN,n0OLj1cQnnbM3n-2eOzCj
Anlqnu_tYJ7IJ-kG9c6WN,F72UQSSv5qnV6dGq2o8t-
sLZwkrNPDEEvQ9ysN3ARV,n0OLj1cQnnbM3n-2eOzCj
sLZwkrNPDEEvQ9ysN3ARV,mE5Zf1AWhRKDQNHC_NsmV
sLZwkrNPDEEvQ9ysN3ARV,2bdRQFIcZXrYbhxeWeffc
_xvp5CXgTR0txXARIsir2,n0OLj1cQnnbM3n-2eOzCj
_xvp5CXgTR0txXARIsir2,phlunt5HJ3fBcZXrezlHN
_xvp5CXgTR0txXARIsir2,Uzldz52slOyT_7tD9MSW3
JPoORpZYxEtpFPtAVSgsr,F72UQSSv5qnV6dGq2o8t-
JPoORpZYxEtpFPtAVSgsr,n0OLj1cQnnbM3n-2eOzCj
JPoORpZYxEtpFPtAVSgsr,mE5Zf1AWhRKDQNHC_NsmV
JPoORpZYxEtpFPtAVSgsr,iW3M5z9QsfI5jnVSJjr5j
FS7f1iIBBbsGnOZ1d-8A_,iW3M5z9QsfI5jnVSJjr5j
FS7f1iIBBbsGnOZ1d-8A_,phlunt5HJ3fBcZXrezlHN
FS7f1iIBBbsGnOZ1d-8A_,F72UQSSv5qnV6dGq2o8t-
qc47DJp6Fljd96q7Yxbjn,Uzldz52slOyT_7tD9MSW3
qc47DJp6Fljd96q7Yxbjn,phlunt5HJ3fBcZXrezlHN
9kAHCJlLD7CZfvDVeCilk,iW3M5z9QsfI5jnVSJjr5j
9kAHCJlLD7CZfvDVeCilk,-Q1NyL2hihfCdselYbnjo
9kAHCJlLD7CZfvDVeCilk,F72UQSSv5qnV6dGq2o8t-
0t8AJuKypmuJ2oWjuiNj-,PFEwpbxaA9UrKET8fDnAt
0t8AJuKypmuJ2oWjuiNj-,Uzldz52slOyT_7tD9MSW3
0t8AJuKypmuJ2oWjuiNj-,n0OLj1cQnnbM3n-2eOzCj
k7PF2DTQj-NtE4GJ0bpJl,n0OLj1cQnnbM3n-2eOzCj
k7PF2DTQj-NtE4GJ0bpJl,mE5Zf1AWhRKDQNHC_NsmV
k7PF2DTQj-NtE4GJ0bpJl,L34snMa-YMz_jT9erQqe2
k7PF2DTQj-NtE4GJ0bpJl,Uzldz52slOyT_7tD9MSW3
hP0ARtHLJ89j0LO2cOBg2,n0OLj1cQnnbM3n-2eOzCj
hP0ARtHLJ89j0LO2cOBg2,mE5Zf1AWhRKDQNHC_NsmV
hP0ARtHLJ89j0LO2cOBg2,F72UQSSv5qnV6dGq2o8t-
2-53KXQPSkUXnIwR_lne_,iW3M5z9QsfI5jnVSJjr5j
2-53KXQPSkUXnIwR_lne_,-5F1wQ50bue4PA2khE3sM
4lrVLhau5dY__cM1vDleW,F72UQSSv5qnV6dGq2o8t-
4lrVLhau5dY__cM1vDleW,Uzldz52slOyT_7tD9MSW3
4lrVLhau5dY__cM1vDleW,phlunt5HJ3fBcZXrezlHN
3dwjyqG9oRgP2u4gtpjRM,Uzldz52slOyT_7tD9MSW3
3dwjyqG9oRgP2u4gtpjRM,n0OLj1cQnnbM3n-2eOzCj
JCDiCSnQT8tAFXEEhsL_T,F72UQSSv5qnV6dGq2o8t-
JCDiCSnQT8tAFXEEhsL_T,n0OLj1cQnnbM3n-2eOzCj
JCDiCSnQT8tAFXEEhsL_T,mE5Zf1AWhRKDQNHC_NsmV
JCDiCSnQT8tAFXEEhsL_T,iW3M5z9QsfI5jnVSJjr5j
JCDiCSnQT8tAFXEEhsL_T,Uzldz52slOyT_7tD9MSW3
tYAoY6zNYvcJWzhnWfyaa,F72UQSSv5qnV6dGq2o8t-
tYAoY6zNYvcJWzhnWfyaa,n0OLj1cQnnbM3n-2eOzCj
tYAoY6zNYvcJWzhnWfyaa,iW3M5z9QsfI5jnVSJjr5j
tYAoY6zNYvcJWzhnWfyaa,Uzldz52slOyT_7tD9MSW3
dRwoFiyMvkxx6CPNW9Qkb,n0OLj1cQnnbM3n-2eOzCj
dRwoFiyMvkxx6CPNW9Qkb,mE5Zf1AWhRKDQNHC_NsmV
dRwoFiyMvkxx6CPNW9Qkb,F72UQSSv5qnV6dGq2o8t-
K0jQBz0ewUNyT3su13bYV,phlunt5HJ3fBcZXrezlHN
K0jQBz0ewUNyT3su13bYV,tqy6nsKbGDANBHHt7CQaG
YcQgGZZhNbCcR6xOx9xDr,iW3M5z9QsfI5jnVSJjr5j
YcQgGZZhNbCcR6xOx9xDr,L34snMa-YMz_jT9erQqe2
ShPExm9gaE50WUuyPxsQK,F72UQSSv5qnV6dGq2o8t-
ShPExm9gaE50WUuyPxsQK,n0OLj1cQnnbM3n-2eOzCj
ShPExm9gaE50WUuyPxsQK,mE5Zf1AWhRKDQNHC_NsmV
ShPExm9gaE50WUuyPxsQK,L34snMa-YMz_jT9erQqe2
ShPExm9gaE50WUuyPxsQK,iW3M5z9QsfI5jnVSJjr5j
2uYpbfVKUfiCMQ9KeJkEp,F72UQSSv5qnV6dGq2o8t-
2uYpbfVKUfiCMQ9KeJkEp,n0OLj1cQnnbM3n-2eOzCj
2uYpbfVKUfiCMQ9KeJkEp,iW3M5z9QsfI5jnVSJjr5j
2uYpbfVKUfiCMQ9KeJkEp,Uzldz52slOyT_7tD9MSW3
lpCOCLQUnsu1Lcz_-CXo8,L34snMa-YMz_jT9erQqe2
lpCOCLQUnsu1Lcz_-CXo8,n0OLj1cQnnbM3n-2eOzCj
lpCOCLQUnsu1Lcz_-CXo8,iW3M5z9QsfI5jnVSJjr5j
WBqhVlvTpCggbSdKpra8H,F72UQSSv5qnV6dGq2o8t-
WBqhVlvTpCggbSdKpra8H,n0OLj1cQnnbM3n-2eOzCj
WBqhVlvTpCggbSdKpra8H,mE5Zf1AWhRKDQNHC_NsmV
QGQj8Wi8f_HSa-87F9H12,F72UQSSv5qnV6dGq2o8t-
QGQj8Wi8f_HSa-87F9H12,n0OLj1cQnnbM3n-2eOzCj
QGQj8Wi8f_HSa-87F9H12,iW3M5z9QsfI5jnVSJjr5j
QGQj8Wi8f_HSa-87F9H12,Uzldz52slOyT_7tD9MSW3
2mDa8zItrH1T7-nJnffFE,F72UQSSv5qnV6dGq2o8t-
2mDa8zItrH1T7-nJnffFE,L34snMa-YMz_jT9erQqe2
2mDa8zItrH1T7-nJnffFE,iW3M5z9QsfI5jnVSJjr5j
D8etSFaKA0KK5B63FZx8U,F72UQSSv5qnV6dGq2o8t-
D8etSFaKA0KK5B63FZx8U,n0OLj1cQnnbM3n-2eOzCj
D8etSFaKA0KK5B63FZx8U,iW3M5z9QsfI5jnVSJjr5j
D8etSFaKA0KK5B63FZx8U,Uzldz52slOyT_7tD9MSW3
rjbLgPfnj2MWQTIh9BTmr,F72UQSSv5qnV6dGq2o8t-
rjbLgPfnj2MWQTIh9BTmr,n0OLj1cQnnbM3n-2eOzCj
rjbLgPfnj2MWQTIh9BTmr,L34snMa-YMz_jT9erQqe2
ntD_CJXuO1ZsUBZR2dRJZ,iW3M5z9QsfI5jnVSJjr5j
ntD_CJXuO1ZsUBZR2dRJZ,L34snMa-YMz_jT9erQqe2
6rzSqoYaEW7Rt4YGoXedv,PFEwpbxaA9UrKET8fDnAt
6rzSqoYaEW7Rt4YGoXedv,Uzldz52slOyT_7tD9MSW3
6rzSqoYaEW7Rt4YGoXedv,n0OLj1cQnnbM3n-2eOzCj
s4BPOlZO_ko0xSe3dOOaw,n0OLj1cQnnbM3n-2eOzCj
s4BPOlZO_ko0xSe3dOOaw,phlunt5HJ3fBcZXrezlHN
s4BPOlZO_ko0xSe3dOOaw,Uzldz52slOyT_7tD9MSW3
DVSfXWn9vbRelCWwqveM7,L34snMa-YMz_jT9erQqe2
DVSfXWn9vbRelCWwqveM7,iW3M5z9QsfI5jnVSJjr5j
DVSfXWn9vbRelCWwqveM7,F72UQSSv5qnV6dGq2o8t-
eFVZoLEIEpFz46b2J5245,n0OLj1cQnnbM3n-2eOzCj
eFVZoLEIEpFz46b2J5245,F72UQSSv5qnV6dGq2o8t-
-OmDy-mzwOhPvxErMKaQp,PFEwpbxaA9UrKET8fDnAt
-OmDy-mzwOhPvxErMKaQp,n0OLj1cQnnbM3n-2eOzCj
-OmDy-mzwOhPvxErMKaQp,Uzldz52slOyT_7tD9MSW3
fFK3LYjdpWqqo1VonLY6q,F72UQSSv5qnV6dGq2o8t-
fFK3LYjdpWqqo1VonLY6q,Uzldz52slOyT_7tD9MSW3
fFK3LYjdpWqqo1VonLY6q,iW3M5z9QsfI5jnVSJjr5j
RBXPQDb-kLgQlLNDCNO-i,iW3M5z9QsfI5jnVSJjr5j
RBXPQDb-kLgQlLNDCNO-i,phlunt5HJ3fBcZXrezlHN
RBXPQDb-kLgQlLNDCNO-i,L34snMa-YMz_jT9erQqe2
Gt4WDNh5WrvZZ9hscsQSp,Uzldz52slOyT_7tD9MSW3
Gt4WDNh5WrvZZ9hscsQSp,phlunt5HJ3fBcZXrezlHN
Gt4WDNh5WrvZZ9hscsQSp,n0OLj1cQnnbM3n-2eOzCj
MEdxa7wLbvjWs6vBgejdv,Uzldz52slOyT_7tD9MSW3
MEdxa7wLbvjWs6vBgejdv,F72UQSSv5qnV6dGq2o8t-
nAZJhrZVmQ138SDVAXbkk,Uzldz52slOyT_7tD9MSW3
nAZJhrZVmQ138SDVAXbkk,L34snMa-YMz_jT9erQqe2
nAZJhrZVmQ138SDVAXbkk,n0OLj1cQnnbM3n-2eOzCj
ePiDPZDb58UvTB9oUp9yk,F72UQSSv5qnV6dGq2o8t-
ePiDPZDb58UvTB9oUp9yk,iW3M5z9QsfI5jnVSJjr5j
ePiDPZDb58UvTB9oUp9yk,Uzldz52slOyT_7tD9MSW3
ePiDPZDb58UvTB9oUp9yk,ncFeNw-5M4iGoDD-A8hBH
DSOIp4ZNoQKbYDC6ZTrrx,Uzldz52slOyT_7tD9MSW3
DSOIp4ZNoQKbYDC6ZTrrx,PFEwpbxaA9UrKET8fDnAt
DSOIp4ZNoQKbYDC6ZTrrx,n0OLj1cQnnbM3n-2eOzCj
LeCUl_qMJzeoLpEzpSGmi,n0OLj1cQnnbM3n-2eOzCj
LeCUl_qMJzeoLpEzpSGmi,mE5Zf1AWhRKDQNHC_NsmV
LeCUl_qMJzeoLpEzpSGmi,L34snMa-YMz_jT9erQqe2
IOynt4RILwImKAOlDqbR0,F72UQSSv5qnV6dGq2o8t-
IOynt4RILwImKAOlDqbR0,Uzldz52slOyT_7tD9MSW3
IOynt4RILwImKAOlDqbR0,iW3M5z9QsfI5jnVSJjr5j
gFqa7vmNtubGEa26XtT8D,iW3M5z9QsfI5jnVSJjr5j
gFqa7vmNtubGEa26XtT8D,L34snMa-YMz_jT9erQqe2
0uiFUMx2n8n7kk32KjoBa,F72UQSSv5qnV6dGq2o8t-
0uiFUMx2n8n7kk32KjoBa,n0OLj1cQnnbM3n-2eOzCj
0uiFUMx2n8n7kk32KjoBa,mE5Zf1AWhRKDQNHC_NsmV
0uiFUMx2n8n7kk32KjoBa,L34snMa-YMz_jT9erQqe2
dd2DLCCsVn-Bf8SpO91Ez,phlunt5HJ3fBcZXrezlHN
dd2DLCCsVn-Bf8SpO91Ez,iW3M5z9QsfI5jnVSJjr5j
DMEpcExyIWusZCrffAJET,ncFeNw-5M4iGoDD-A8hBH
DMEpcExyIWusZCrffAJET,iW3M5z9QsfI5jnVSJjr5j
DMEpcExyIWusZCrffAJET,F72UQSSv5qnV6dGq2o8t-
X2nbFR2rsDYrfgeD2q3-3,Uzldz52slOyT_7tD9MSW3
X2nbFR2rsDYrfgeD2q3-3,phlunt5HJ3fBcZXrezlHN
X2nbFR2rsDYrfgeD2q3-3,n0OLj1cQnnbM3n-2eOzCj
4KHBkhTvXDnfIFrVJtj_8,iW3M5z9QsfI5jnVSJjr5j
4KHBkhTvXDnfIFrVJtj_8,L34snMa-YMz_jT9erQqe2
4KHBkhTvXDnfIFrVJtj_8,F72UQSSv5qnV6dGq2o8t-
XkOcsZa94Ivc4_C2e5PH-,F72UQSSv5qnV6dGq2o8t-
XkOcsZa94Ivc4_C2e5PH-,n0OLj1cQnnbM3n-2eOzCj
XkOcsZa94Ivc4_C2e5PH-,mE5Zf1AWhRKDQNHC_NsmV
XkOcsZa94Ivc4_C2e5PH-,L34snMa-YMz_jT9erQqe2
2zoXmRgvmv6c9jx1Yymhz,F72UQSSv5qnV6dGq2o8t-
2zoXmRgvmv6c9jx1Yymhz,Uzldz52slOyT_7tD9MSW3
2zoXmRgvmv6c9jx1Yymhz,phlunt5HJ3fBcZXrezlHN
ZatnK3mNqcvtt8cgbmUU_,F72UQSSv5qnV6dGq2o8t-
ZatnK3mNqcvtt8cgbmUU_,phlunt5HJ3fBcZXrezlHN
ZatnK3mNqcvtt8cgbmUU_,tqy6nsKbGDANBHHt7CQaG
LRUIaSp3LdUrFpIAlVVOz,Uzldz52slOyT_7tD9MSW3
LRUIaSp3LdUrFpIAlVVOz,F72UQSSv5qnV6dGq2o8t-
bs5vKDdPrWVHLFIJbSkJM,iW3M5z9QsfI5jnVSJjr5j
bs5vKDdPrWVHLFIJbSkJM,phlunt5HJ3fBcZXrezlHN
fwzNd0On5y10WAXoz8DH3,Uzldz52slOyT_7tD9MSW3
fwzNd0On5y10WAXoz8DH3,n0OLj1cQnnbM3n-2eOzCj
oOkeisBgMezx4DWkl6Gvw,iW3M5z9QsfI5jnVSJjr5j
oOkeisBgMezx4DWkl6Gvw,phlunt5HJ3fBcZXrezlHN
oOkeisBgMezx4DWkl6Gvw,L34snMa-YMz_jT9erQqe2
H63ie4DynSG2kiz1C1Qdz,F72UQSSv5qnV6dGq2o8t-
H63ie4DynSG2kiz1C1Qdz,n0OLj1cQnnbM3n-2eOzCj
LpGmLFY14K2B3NxNXfh5v,PFEwpbxaA9UrKET8fDnAt
LpGmLFY14K2B3NxNXfh5v,n0OLj1cQnnbM3n-2eOzCj
LpGmLFY14K2B3NxNXfh5v,Uzldz52slOyT_7tD9MSW3
7gZShsFVY2s1rcdZxUmJh,F72UQSSv5qnV6dGq2o8t-
7gZShsFVY2s1rcdZxUmJh,PFEwpbxaA9UrKET8fDnAt
g-pES9dZOKCNSDlwfDpB1,F72UQSSv5qnV6dGq2o8t-
g-pES9dZOKCNSDlwfDpB1,n0OLj1cQnnbM3n-2eOzCj
g-pES9dZOKCNSDlwfDpB1,iW3M5z9QsfI5jnVSJjr5j
g-pES9dZOKCNSDlwfDpB1,Uzldz52slOyT_7tD9MSW3
s8eRp2kRSR68D8czi3W6G,n0OLj1cQnnbM3n-2eOzCj
s8eRp2kRSR68D8czi3W6G,mE5Zf1AWhRKDQNHC_NsmV
s8eRp2kRSR68D8czi3W6G,F72UQSSv5qnV6dGq2o8t-
0_wyALeDwSJK4syjExfAV,F72UQSSv5qnV6dGq2o8t-
0_wyALeDwSJK4syjExfAV,n0OLj1cQnnbM3n-2eOzCj
0_wyALeDwSJK4syjExfAV,iW3M5z9QsfI5jnVSJjr5j
0_wyALeDwSJK4syjExfAV,Uzldz52slOyT_7tD9MSW3
RcmlVz61GcjSLP67NqCQ-,Uzldz52slOyT_7tD9MSW3
RcmlVz61GcjSLP67NqCQ-,F72UQSSv5qnV6dGq2o8t-
DBPGrVRL0-q9qFkD_Q_gy,n0OLj1cQnnbM3n-2eOzCj
DBPGrVRL0-q9qFkD_Q_gy,mE5Zf1AWhRKDQNHC_NsmV
DBPGrVRL0-q9qFkD_Q_gy,2bdRQFIcZXrYbhxeWeffc
DBPGrVRL0-q9qFkD_Q_gy,L34snMa-YMz_jT9erQqe2
gM60Spk9ypTMyZbFN2icE,phlunt5HJ3fBcZXrezlHN
gM60Spk9ypTMyZbFN2icE,tqy6nsKbGDANBHHt7CQaG
ghdxzGuvJ39RBFC5nnN1G,n0OLj1cQnnbM3n-2eOzCj
ghdxzGuvJ39RBFC5nnN1G,phlunt5HJ3fBcZXrezlHN
ghdxzGuvJ39RBFC5nnN1G,Uzldz52slOyT_7tD9MSW3
gfE95H0bDGQEToqTfUZEN,F72UQSSv5qnV6dGq2o8t-
gfE95H0bDGQEToqTfUZEN,n0OLj1cQnnbM3n-2eOzCj
gfE95H0bDGQEToqTfUZEN,iW3M5z9QsfI5jnVSJjr5j
erqFZmjSqgpwevBH0tcs8,F72UQSSv5qnV6dGq2o8t-
erqFZmjSqgpwevBH0tcs8,Uzldz52slOyT_7tD9MSW3
Z3KsCg03AYPuM0hjdW7Ep,phlunt5HJ3fBcZXrezlHN
Z3KsCg03AYPuM0hjdW7Ep,F72UQSSv5qnV6dGq2o8t-
Z3KsCg03AYPuM0hjdW7Ep,tqy6nsKbGDANBHHt7CQaG
0sqE-RNOd9o07r2CZj6c4,Uzldz52slOyT_7tD9MSW3
0sqE-RNOd9o07r2CZj6c4,phlunt5HJ3fBcZXrezlHN
SsY0x8zLhG1cdLm57LHqw,ncFeNw-5M4iGoDD-A8hBH
SsY0x8zLhG1cdLm57LHqw,phlunt5HJ3fBcZXrezlHN
0UsJ1DnTFXIigB5nhXpKQ,Uzldz52slOyT_7tD9MSW3
0UsJ1DnTFXIigB5nhXpKQ,PFEwpbxaA9UrKET8fDnAt
0UsJ1DnTFXIigB5nhXpKQ,n0OLj1cQnnbM3n-2eOzCj
ec1OXcUtPZAauTjg1drIW,L34snMa-YMz_jT9erQqe2
ec1OXcUtPZAauTjg1drIW,iW3M5z9QsfI5jnVSJjr5j
ec1OXcUtPZAauTjg1drIW,F72UQSSv5qnV6dGq2o8t-
4mZKwvzxRDSwttVnkL3uD,phlunt5HJ3fBcZXrezlHN
4mZKwvzxRDSwttVnkL3uD,F72UQSSv5qnV6dGq2o8t-
4mZKwvzxRDSwttVnkL3uD,n0OLj1cQnnbM3n-2eOzCj
fwPsD1jFuBURVPaCr7lMG,phlunt5HJ3fBcZXrezlHN
fwPsD1jFuBURVPaCr7lMG,iW3M5z9QsfI5jnVSJjr5j
-9yU52yEV2hOJOOoUbSow,iW3M5z9QsfI5jnVSJjr5j
-9yU52yEV2hOJOOoUbSow,F72UQSSv5qnV6dGq2o8t-
oKbyvTjTVwH3dNaJb0WJP,n0OLj1cQnnbM3n-2eOzCj
oKbyvTjTVwH3dNaJb0WJP,phlunt5HJ3fBcZXrezlHN
oKbyvTjTVwH3dNaJb0WJP,mE5Zf1AWhRKDQNHC_NsmV
DsRjiZWJpBPCJHWcN6MpF,F72UQSSv5qnV6dGq2o8t-
DsRjiZWJpBPCJHWcN6MpF,Uzldz52slOyT_7tD9MSW3
DsRjiZWJpBPCJHWcN6MpF,iW3M5z9QsfI5jnVSJjr5j
G9ZkSNS_jYuvYU8Def2fy,n0OLj1cQnnbM3n-2eOzCj
G9ZkSNS_jYuvYU8Def2fy,mE5Zf1AWhRKDQNHC_NsmV
G9ZkSNS_jYuvYU8Def2fy,2bdRQFIcZXrYbhxeWeffc
dB8AUL60zawc41E1sG7QA,L34snMa-YMz_jT9erQqe2
dB8AUL60zawc41E1sG7QA,PFEwpbxaA9UrKET8fDnAt
dB8AUL60zawc41E1sG7QA,n0OLj1cQnnbM3n-2eOzCj
qqzfCJqQ7KMsStTqGIkOm,L34snMa-YMz_jT9erQqe2
qqzfCJqQ7KMsStTqGIkOm,iW3M5z9QsfI5jnVSJjr5j
Q7og4-rrCfb-eRabirC09,n0OLj1cQnnbM3n-2eOzCj
Q7og4-rrCfb-eRabirC09,mE5Zf1AWhRKDQNHC_NsmV
Q7og4-rrCfb-eRabirC09,phlunt5HJ3fBcZXrezlHN
pCun4dmkjup2eng0qD1pE,L34snMa-YMz_jT9erQqe2
pCun4dmkjup2eng0qD1pE,iW3M5z9QsfI5jnVSJjr5j
RAMP1R-CWFY1Ti_R5oz3v,L34snMa-YMz_jT9erQqe2
RAMP1R-CWFY1Ti_R5oz3v,iW3M5z9QsfI5jnVSJjr5j
RAMP1R-CWFY1Ti_R5oz3v,phlunt5HJ3fBcZXrezlHN
uCQY06KXPPPwxlSUeOkYo,F72UQSSv5qnV6dGq2o8t-
uCQY06KXPPPwxlSUeOkYo,L34snMa-YMz_jT9erQqe2
uCQY06KXPPPwxlSUeOkYo,n0OLj1cQnnbM3n-2eOzCj
Oad0kiRufTYrsC1wVagJX,phlunt5HJ3fBcZXrezlHN
Oad0kiRufTYrsC1wVagJX,Uzldz52slOyT_7tD9MSW3
Oad0kiRufTYrsC1wVagJX,n0OLj1cQnnbM3n-2eOzCj
XCIlAou3y9_Z_nd8cqYwW,F72UQSSv5qnV6dGq2o8t-
XCIlAou3y9_Z_nd8cqYwW,KcVqSqCqpBoUqNfNlAkE7
XCIlAou3y9_Z_nd8cqYwW,n0OLj1cQnnbM3n-2eOzCj
XCIlAou3y9_Z_nd8cqYwW,mE5Zf1AWhRKDQNHC_NsmV
XCIlAou3y9_Z_nd8cqYwW,L34snMa-YMz_jT9erQqe2
XCIlAou3y9_Z_nd8cqYwW,Uzldz52slOyT_7tD9MSW3
MsTBWMBDcRWa-c_r5-FLB,PFEwpbxaA9UrKET8fDnAt
MsTBWMBDcRWa-c_r5-FLB,ncFeNw-5M4iGoDD-A8hBH
MsTBWMBDcRWa-c_r5-FLB,n0OLj1cQnnbM3n-2eOzCj
jNLCL08d7wQZk4AeExlmx,Uzldz52slOyT_7tD9MSW3
jNLCL08d7wQZk4AeExlmx,phlunt5HJ3fBcZXrezlHN
jNLCL08d7wQZk4AeExlmx,n0OLj1cQnnbM3n-2eOzCj
6QfXKD5c2ze9gMlsXV3I3,F72UQSSv5qnV6dGq2o8t-
6QfXKD5c2ze9gMlsXV3I3,phlunt5HJ3fBcZXrezlHN
6QfXKD5c2ze9gMlsXV3I3,l9bkiReXBvPDuJX6TdvDu
wYFWEfSxVLfWNOY0R9XV5,iW3M5z9QsfI5jnVSJjr5j
wYFWEfSxVLfWNOY0R9XV5,phlunt5HJ3fBcZXrezlHN
O0etPKSB_PjjFp6c4hWCG,F72UQSSv5qnV6dGq2o8t-
O0etPKSB_PjjFp6c4hWCG,phlunt5HJ3fBcZXrezlHN
KhOxHlM9MarrTX_Uoy-FF,phlunt5HJ3fBcZXrezlHN
KhOxHlM9MarrTX_Uoy-FF,Uzldz52slOyT_7tD9MSW3
VXjYAE1D89Nb9duVHXbNk,n0OLj1cQnnbM3n-2eOzCj
VXjYAE1D89Nb9duVHXbNk,mE5Zf1AWhRKDQNHC_NsmV
VXjYAE1D89Nb9duVHXbNk,F72UQSSv5qnV6dGq2o8t-
RhcuHTvJrMGwAAa2O7iFs,Uzldz52slOyT_7tD9MSW3
RhcuHTvJrMGwAAa2O7iFs,n0OLj1cQnnbM3n-2eOzCj
RhcuHTvJrMGwAAa2O7iFs,phlunt5HJ3fBcZXrezlHN
e5mGmGdNxSM7HmcRYNQCx,n0OLj1cQnnbM3n-2eOzCj
e5mGmGdNxSM7HmcRYNQCx,mE5Zf1AWhRKDQNHC_NsmV
e5mGmGdNxSM7HmcRYNQCx,PFEwpbxaA9UrKET8fDnAt
kqOlVRKdCzKJzAcL1st1e,L34snMa-YMz_jT9erQqe2
kqOlVRKdCzKJzAcL1st1e,n0OLj1cQnnbM3n-2eOzCj
kqOlVRKdCzKJzAcL1st1e,mE5Zf1AWhRKDQNHC_NsmV
A-tW48I2500T6RuQ_5ZIg,iW3M5z9QsfI5jnVSJjr5j
A-tW48I2500T6RuQ_5ZIg,phlunt5HJ3fBcZXrezlHN
A-tW48I2500T6RuQ_5ZIg,Uzldz52slOyT_7tD9MSW3
L3WAtQK1h0Wo3A6dMCSS9,iW3M5z9QsfI5jnVSJjr5j
L3WAtQK1h0Wo3A6dMCSS9,L34snMa-YMz_jT9erQqe2
L3WAtQK1h0Wo3A6dMCSS9,phlunt5HJ3fBcZXrezlHN
XkJNMDy1OdGXJrDbzlEB9,Uzldz52slOyT_7tD9MSW3
XkJNMDy1OdGXJrDbzlEB9,phlunt5HJ3fBcZXrezlHN
Mcjo5gcU2YkLhpE4AzuAi,iW3M5z9QsfI5jnVSJjr5j
Mcjo5gcU2YkLhpE4AzuAi,L34snMa-YMz_jT9erQqe2
Mcjo5gcU2YkLhpE4AzuAi,F72UQSSv5qnV6dGq2o8t-
Vml0Hhqmkt8wHO9IM_mMj,F72UQSSv5qnV6dGq2o8t-
Vml0Hhqmkt8wHO9IM_mMj,L34snMa-YMz_jT9erQqe2
Vml0Hhqmkt8wHO9IM_mMj,n0OLj1cQnnbM3n-2eOzCj
ug4NobQnW-ZJTyZGuURQK,L34snMa-YMz_jT9erQqe2
ug4NobQnW-ZJTyZGuURQK,F72UQSSv5qnV6dGq2o8t-
h2ezaBFmmTgvuiShDeI5j,Uzldz52slOyT_7tD9MSW3
h2ezaBFmmTgvuiShDeI5j,phlunt5HJ3fBcZXrezlHN
h2ezaBFmmTgvuiShDeI5j,L34snMa-YMz_jT9erQqe2
W4CfZ0x1FNED9ApBdbHhH,L34snMa-YMz_jT9erQqe2
W4CfZ0x1FNED9ApBdbHhH,iW3M5z9QsfI5jnVSJjr5j
W4CfZ0x1FNED9ApBdbHhH,phlunt5HJ3fBcZXrezlHN
10GuUb_vwwCczXZABSuk-,F72UQSSv5qnV6dGq2o8t-
10GuUb_vwwCczXZABSuk-,n0OLj1cQnnbM3n-2eOzCj
10GuUb_vwwCczXZABSuk-,Uzldz52slOyT_7tD9MSW3
0gc96AHWc8y8zpvAyRNZH,2bdRQFIcZXrYbhxeWeffc
0gc96AHWc8y8zpvAyRNZH,n0OLj1cQnnbM3n-2eOzCj
0gc96AHWc8y8zpvAyRNZH,mE5Zf1AWhRKDQNHC_NsmV
0ELiFCnd_fB7dHo_XKc-t,n0OLj1cQnnbM3n-2eOzCj
0ELiFCnd_fB7dHo_XKc-t,Uzldz52slOyT_7tD9MSW3
0ELiFCnd_fB7dHo_XKc-t,phlunt5HJ3fBcZXrezlHN
H66PhKhMvSQpB6eOZJqnM,F72UQSSv5qnV6dGq2o8t-
H66PhKhMvSQpB6eOZJqnM,n0OLj1cQnnbM3n-2eOzCj
H66PhKhMvSQpB6eOZJqnM,L34snMa-YMz_jT9erQqe2
H66PhKhMvSQpB6eOZJqnM,Uzldz52slOyT_7tD9MSW3
H66PhKhMvSQpB6eOZJqnM,PFEwpbxaA9UrKET8fDnAt
U3mxZr7G2L4tJnwWeuiJV,F72UQSSv5qnV6dGq2o8t-
U3mxZr7G2L4tJnwWeuiJV,n0OLj1cQnnbM3n-2eOzCj
U3mxZr7G2L4tJnwWeuiJV,iW3M5z9QsfI5jnVSJjr5j
U3mxZr7G2L4tJnwWeuiJV,Uzldz52slOyT_7tD9MSW3
Hlbpb3JiZmuyAh3ht3Z53,F72UQSSv5qnV6dGq2o8t-
Hlbpb3JiZmuyAh3ht3Z53,n0OLj1cQnnbM3n-2eOzCj
Hlbpb3JiZmuyAh3ht3Z53,iW3M5z9QsfI5jnVSJjr5j
WSjdh3_MsCCRwTR0yrXTh,F72UQSSv5qnV6dGq2o8t-
WSjdh3_MsCCRwTR0yrXTh,iW3M5z9QsfI5jnVSJjr5j
WSjdh3_MsCCRwTR0yrXTh,phlunt5HJ3fBcZXrezlHN
-ScZAjnWKsGZzBy1_ZWzw,F72UQSSv5qnV6dGq2o8t-
-ScZAjnWKsGZzBy1_ZWzw,phlunt5HJ3fBcZXrezlHN
-ScZAjnWKsGZzBy1_ZWzw,l9bkiReXBvPDuJX6TdvDu
gaSl4gFSPLiTMivZ_aQjk,Uzldz52slOyT_7tD9MSW3
gaSl4gFSPLiTMivZ_aQjk,phlunt5HJ3fBcZXrezlHN
XCPs9JJTWl3Fqd4dKhyUH,L34snMa-YMz_jT9erQqe2
XCPs9JJTWl3Fqd4dKhyUH,iW3M5z9QsfI5jnVSJjr5j
e_ilFluJBp8hp8C_rh8JN,iW3M5z9QsfI5jnVSJjr5j
e_ilFluJBp8hp8C_rh8JN,L34snMa-YMz_jT9erQqe2
e_ilFluJBp8hp8C_rh8JN,F72UQSSv5qnV6dGq2o8t-
3QfNQSdYzDOvez2kOuDD-,F72UQSSv5qnV6dGq2o8t-
3QfNQSdYzDOvez2kOuDD-,iW3M5z9QsfI5jnVSJjr5j
3QfNQSdYzDOvez2kOuDD-,n0OLj1cQnnbM3n-2eOzCj
LYO3WQs7pIIPc5eNl0Srj,iW3M5z9QsfI5jnVSJjr5j
LYO3WQs7pIIPc5eNl0Srj,phlunt5HJ3fBcZXrezlHN
4SjuLR3yH7AgW9hbBwK2c,n0OLj1cQnnbM3n-2eOzCj
4SjuLR3yH7AgW9hbBwK2c,F72UQSSv5qnV6dGq2o8t-
DeIc7FPP6Vz1t4Y6XQyuU,iW3M5z9QsfI5jnVSJjr5j
DeIc7FPP6Vz1t4Y6XQyuU,L34snMa-YMz_jT9erQqe2
DeIc7FPP6Vz1t4Y6XQyuU,F72UQSSv5qnV6dGq2o8t-
llJfKnG1mbNH-4ZWlJd7Q,iW3M5z9QsfI5jnVSJjr5j
llJfKnG1mbNH-4ZWlJd7Q,L34snMa-YMz_jT9erQqe2
llJfKnG1mbNH-4ZWlJd7Q,F72UQSSv5qnV6dGq2o8t-
lNiydcqsamQngNWlRKmJ1,iW3M5z9QsfI5jnVSJjr5j
lNiydcqsamQngNWlRKmJ1,L34snMa-YMz_jT9erQqe2
lNiydcqsamQngNWlRKmJ1,phlunt5HJ3fBcZXrezlHN
nN89rnUpQCFI-VTJDUWj7,F72UQSSv5qnV6dGq2o8t-
nN89rnUpQCFI-VTJDUWj7,iW3M5z9QsfI5jnVSJjr5j
nN89rnUpQCFI-VTJDUWj7,phlunt5HJ3fBcZXrezlHN
R3PBg3Op6laW1QZVVn89c,L34snMa-YMz_jT9erQqe2
R3PBg3Op6laW1QZVVn89c,iW3M5z9QsfI5jnVSJjr5j
R3PBg3Op6laW1QZVVn89c,n0OLj1cQnnbM3n-2eOzCj
zeVs4MyxIVtn-IPt0Rw2l,ncFeNw-5M4iGoDD-A8hBH
zeVs4MyxIVtn-IPt0Rw2l,iW3M5z9QsfI5jnVSJjr5j
zeVs4MyxIVtn-IPt0Rw2l,n0OLj1cQnnbM3n-2eOzCj
oTEszjFvlFSnt3ShcM3di,n0OLj1cQnnbM3n-2eOzCj
oTEszjFvlFSnt3ShcM3di,PFEwpbxaA9UrKET8fDnAt
n_j41lB-eW9n1Xl3tF5dY,Uzldz52slOyT_7tD9MSW3
n_j41lB-eW9n1Xl3tF5dY,F72UQSSv5qnV6dGq2o8t-
9ZzlUh0gPe3QoXTUSs4lp,F72UQSSv5qnV6dGq2o8t-
9ZzlUh0gPe3QoXTUSs4lp,KcVqSqCqpBoUqNfNlAkE7
9ZzlUh0gPe3QoXTUSs4lp,n0OLj1cQnnbM3n-2eOzCj
9ZzlUh0gPe3QoXTUSs4lp,mE5Zf1AWhRKDQNHC_NsmV
9ZzlUh0gPe3QoXTUSs4lp,iW3M5z9QsfI5jnVSJjr5j
9ZzlUh0gPe3QoXTUSs4lp,Uzldz52slOyT_7tD9MSW3
9ZzlUh0gPe3QoXTUSs4lp,ncFeNw-5M4iGoDD-A8hBH
9OAH0v9FbhrxsMOAGNuJB,F72UQSSv5qnV6dGq2o8t-
9OAH0v9FbhrxsMOAGNuJB,Uzldz52slOyT_7tD9MSW3
9OAH0v9FbhrxsMOAGNuJB,phlunt5HJ3fBcZXrezlHN
nTRcEt1Nys78uT72qzrbo,iW3M5z9QsfI5jnVSJjr5j
nTRcEt1Nys78uT72qzrbo,L34snMa-YMz_jT9erQqe2
nTRcEt1Nys78uT72qzrbo,phlunt5HJ3fBcZXrezlHN
8FVIHuecrpG3_Jc69Qljb,PFEwpbxaA9UrKET8fDnAt
8FVIHuecrpG3_Jc69Qljb,iW3M5z9QsfI5jnVSJjr5j
8FVIHuecrpG3_Jc69Qljb,n0OLj1cQnnbM3n-2eOzCj
tT4P997_XPQV68kTNVvWa,F72UQSSv5qnV6dGq2o8t-
tT4P997_XPQV68kTNVvWa,iW3M5z9QsfI5jnVSJjr5j
gScaBrGZY4jq7zQqpCj26,L34snMa-YMz_jT9erQqe2
gScaBrGZY4jq7zQqpCj26,iW3M5z9QsfI5jnVSJjr5j
-jdROsGndXyK-VEBLnNQh,Uzldz52slOyT_7tD9MSW3
-jdROsGndXyK-VEBLnNQh,F72UQSSv5qnV6dGq2o8t-
tprgM1mT4L4F_PbhuX9Sa,iW3M5z9QsfI5jnVSJjr5j
tprgM1mT4L4F_PbhuX9Sa,l9bkiReXBvPDuJX6TdvDu
tprgM1mT4L4F_PbhuX9Sa,F72UQSSv5qnV6dGq2o8t-
qPIYAe59fuDeA6iHKY_G0,F72UQSSv5qnV6dGq2o8t-
qPIYAe59fuDeA6iHKY_G0,iW3M5z9QsfI5jnVSJjr5j
qPIYAe59fuDeA6iHKY_G0,n0OLj1cQnnbM3n-2eOzCj
i9XcAAGSDdOjA_iJNPP2i,-Q1NyL2hihfCdselYbnjo
i9XcAAGSDdOjA_iJNPP2i,n0OLj1cQnnbM3n-2eOzCj
i9XcAAGSDdOjA_iJNPP2i,phlunt5HJ3fBcZXrezlHN
kKSybgUXroHiXqlc64MwB,ncFeNw-5M4iGoDD-A8hBH
kKSybgUXroHiXqlc64MwB,n0OLj1cQnnbM3n-2eOzCj
kKSybgUXroHiXqlc64MwB,Uzldz52slOyT_7tD9MSW3
vqoeKraM9NIMw79hM-UdL,Uzldz52slOyT_7tD9MSW3
vqoeKraM9NIMw79hM-UdL,iW3M5z9QsfI5jnVSJjr5j
GUWiyjOfegLzVNDOBbmEg,F72UQSSv5qnV6dGq2o8t-
GUWiyjOfegLzVNDOBbmEg,PFEwpbxaA9UrKET8fDnAt
GUWiyjOfegLzVNDOBbmEg,n0OLj1cQnnbM3n-2eOzCj
e7N1A6e0bo17qO__-ohME,mE5Zf1AWhRKDQNHC_NsmV
e7N1A6e0bo17qO__-ohME,PFEwpbxaA9UrKET8fDnAt
LnC08C4MioV3RUxRZeGtB,L34snMa-YMz_jT9erQqe2
LnC08C4MioV3RUxRZeGtB,iW3M5z9QsfI5jnVSJjr5j
LnC08C4MioV3RUxRZeGtB,phlunt5HJ3fBcZXrezlHN
hTQxRRVirf1zwkdlecsBV,n0OLj1cQnnbM3n-2eOzCj
hTQxRRVirf1zwkdlecsBV,mE5Zf1AWhRKDQNHC_NsmV
hTQxRRVirf1zwkdlecsBV,PFEwpbxaA9UrKET8fDnAt
N9QlQWu-yDtb6yoC1eqJC,-5F1wQ50bue4PA2khE3sM
N9QlQWu-yDtb6yoC1eqJC,phlunt5HJ3fBcZXrezlHN
N9QlQWu-yDtb6yoC1eqJC,F72UQSSv5qnV6dGq2o8t-
9CGevdERuXAxHTnRqZ0hi,n0OLj1cQnnbM3n-2eOzCj
9CGevdERuXAxHTnRqZ0hi,phlunt5HJ3fBcZXrezlHN
9CGevdERuXAxHTnRqZ0hi,tqy6nsKbGDANBHHt7CQaG
4o9oGU-5n2YM6S3qLVk5W,Uzldz52slOyT_7tD9MSW3
4o9oGU-5n2YM6S3qLVk5W,n0OLj1cQnnbM3n-2eOzCj
81xqoE2rGZsgLlp0mjAMS,F72UQSSv5qnV6dGq2o8t-
81xqoE2rGZsgLlp0mjAMS,n0OLj1cQnnbM3n-2eOzCj
81xqoE2rGZsgLlp0mjAMS,phlunt5HJ3fBcZXrezlHN
CwSQ0bUTrSyyMGaowB5qa,Uzldz52slOyT_7tD9MSW3
CwSQ0bUTrSyyMGaowB5qa,F72UQSSv5qnV6dGq2o8t-
90BCYWlNgquDYvQ3XHSJG,iW3M5z9QsfI5jnVSJjr5j
90BCYWlNgquDYvQ3XHSJG,phlunt5HJ3fBcZXrezlHN
37RtuCtAownQxpzKaB2GG,L34snMa-YMz_jT9erQqe2
37RtuCtAownQxpzKaB2GG,iW3M5z9QsfI5jnVSJjr5j
MCqnoy1snephZm_eULiWt,n0OLj1cQnnbM3n-2eOzCj
MCqnoy1snephZm_eULiWt,2bdRQFIcZXrYbhxeWeffc
MCqnoy1snephZm_eULiWt,L34snMa-YMz_jT9erQqe2
MCqnoy1snephZm_eULiWt,phlunt5HJ3fBcZXrezlHN
DBHFrthmiKfEuiYDK4yLj,F72UQSSv5qnV6dGq2o8t-
DBHFrthmiKfEuiYDK4yLj,n0OLj1cQnnbM3n-2eOzCj
DBHFrthmiKfEuiYDK4yLj,L34snMa-YMz_jT9erQqe2
DBHFrthmiKfEuiYDK4yLj,Uzldz52slOyT_7tD9MSW3
eDtYZLVjX4FazW9wh3PPZ,F72UQSSv5qnV6dGq2o8t-
eDtYZLVjX4FazW9wh3PPZ,Uzldz52slOyT_7tD9MSW3
eDtYZLVjX4FazW9wh3PPZ,phlunt5HJ3fBcZXrezlHN
lUxVtXIYUdgcPc55j5Yui,Uzldz52slOyT_7tD9MSW3
lUxVtXIYUdgcPc55j5Yui,phlunt5HJ3fBcZXrezlHN
lUxVtXIYUdgcPc55j5Yui,iW3M5z9QsfI5jnVSJjr5j
snIX0Sd1cIMvj0a5XvACU,F72UQSSv5qnV6dGq2o8t-
snIX0Sd1cIMvj0a5XvACU,iW3M5z9QsfI5jnVSJjr5j
snIX0Sd1cIMvj0a5XvACU,Uzldz52slOyT_7tD9MSW3
snIX0Sd1cIMvj0a5XvACU,ncFeNw-5M4iGoDD-A8hBH
tOj47WK4LwYgcIsgHbGVz,F72UQSSv5qnV6dGq2o8t-
tOj47WK4LwYgcIsgHbGVz,n0OLj1cQnnbM3n-2eOzCj
tOj47WK4LwYgcIsgHbGVz,L34snMa-YMz_jT9erQqe2
tOj47WK4LwYgcIsgHbGVz,ncFeNw-5M4iGoDD-A8hBH
tOj47WK4LwYgcIsgHbGVz,Uzldz52slOyT_7tD9MSW3
L_waXeIT8whOZDL2R6Xz3,iW3M5z9QsfI5jnVSJjr5j
L_waXeIT8whOZDL2R6Xz3,phlunt5HJ3fBcZXrezlHN
L_waXeIT8whOZDL2R6Xz3,F72UQSSv5qnV6dGq2o8t-
a1j78F02N-X3X5TnTvYhP,F72UQSSv5qnV6dGq2o8t-
a1j78F02N-X3X5TnTvYhP,n0OLj1cQnnbM3n-2eOzCj
a1j78F02N-X3X5TnTvYhP,PFEwpbxaA9UrKET8fDnAt
a1j78F02N-X3X5TnTvYhP,L34snMa-YMz_jT9erQqe2
l9zrN17zHtkFmX4bBtMG1,F72UQSSv5qnV6dGq2o8t-
l9zrN17zHtkFmX4bBtMG1,n0OLj1cQnnbM3n-2eOzCj
l9zrN17zHtkFmX4bBtMG1,L34snMa-YMz_jT9erQqe2
lPy0iWcbvv1uoQma5irag,F72UQSSv5qnV6dGq2o8t-
lPy0iWcbvv1uoQma5irag,mE5Zf1AWhRKDQNHC_NsmV
lPy0iWcbvv1uoQma5irag,n0OLj1cQnnbM3n-2eOzCj
lPy0iWcbvv1uoQma5irag,PFEwpbxaA9UrKET8fDnAt
8yvCQl09GpF2m-LsA81pi,n0OLj1cQnnbM3n-2eOzCj
8yvCQl09GpF2m-LsA81pi,F72UQSSv5qnV6dGq2o8t-
Zq7QscHYzR2HaLgL-Y61B,phlunt5HJ3fBcZXrezlHN
Zq7QscHYzR2HaLgL-Y61B,Uzldz52slOyT_7tD9MSW3
Ifo5xKlRZtJbB6UVxhCX5,n0OLj1cQnnbM3n-2eOzCj
Ifo5xKlRZtJbB6UVxhCX5,phlunt5HJ3fBcZXrezlHN
lOCCJILJtTPjYIqwPo8QN,L34snMa-YMz_jT9erQqe2
lOCCJILJtTPjYIqwPo8QN,iW3M5z9QsfI5jnVSJjr5j
lOCCJILJtTPjYIqwPo8QN,PFEwpbxaA9UrKET8fDnAt
OPC5pObTUxM1rl22ftSMw,F72UQSSv5qnV6dGq2o8t-
OPC5pObTUxM1rl22ftSMw,n0OLj1cQnnbM3n-2eOzCj
OPC5pObTUxM1rl22ftSMw,iW3M5z9QsfI5jnVSJjr5j
OPC5pObTUxM1rl22ftSMw,Uzldz52slOyT_7tD9MSW3
4xEWIe-tTH_Vfg-JXBTfS,F72UQSSv5qnV6dGq2o8t-
4xEWIe-tTH_Vfg-JXBTfS,n0OLj1cQnnbM3n-2eOzCj
4xEWIe-tTH_Vfg-JXBTfS,mE5Zf1AWhRKDQNHC_NsmV
4xEWIe-tTH_Vfg-JXBTfS,L34snMa-YMz_jT9erQqe2
4xEWIe-tTH_Vfg-JXBTfS,Uzldz52slOyT_7tD9MSW3
Q9ygTvXm1TtEWUaGWPKv7,n0OLj1cQnnbM3n-2eOzCj
Q9ygTvXm1TtEWUaGWPKv7,Uzldz52slOyT_7tD9MSW3
Q9ygTvXm1TtEWUaGWPKv7,phlunt5HJ3fBcZXrezlHN
DNsQCMJqC3Grf2y3nZ1iU,F72UQSSv5qnV6dGq2o8t-
DNsQCMJqC3Grf2y3nZ1iU,PFEwpbxaA9UrKET8fDnAt
DNsQCMJqC3Grf2y3nZ1iU,iW3M5z9QsfI5jnVSJjr5j
6qbDhYp8-9qPEEt65IBSU,2bdRQFIcZXrYbhxeWeffc
6qbDhYp8-9qPEEt65IBSU,n0OLj1cQnnbM3n-2eOzCj
6qbDhYp8-9qPEEt65IBSU,mE5Zf1AWhRKDQNHC_NsmV
6qbDhYp8-9qPEEt65IBSU,L34snMa-YMz_jT9erQqe2
tBq4GZiQuebeyyY1UUe0N,2bdRQFIcZXrYbhxeWeffc
tBq4GZiQuebeyyY1UUe0N,n0OLj1cQnnbM3n-2eOzCj
tBq4GZiQuebeyyY1UUe0N,L34snMa-YMz_jT9erQqe2
Bjaovi8KSpTMOz7DaLlej,PFEwpbxaA9UrKET8fDnAt
Bjaovi8KSpTMOz7DaLlej,n0OLj1cQnnbM3n-2eOzCj
6D-Ayoj6cti7E07Fa6buL,n0OLj1cQnnbM3n-2eOzCj
6D-Ayoj6cti7E07Fa6buL,2bdRQFIcZXrYbhxeWeffc
6D-Ayoj6cti7E07Fa6buL,L34snMa-YMz_jT9erQqe2
KEBk6qm-MvwtlKBXvWD5t,F72UQSSv5qnV6dGq2o8t-
KEBk6qm-MvwtlKBXvWD5t,n0OLj1cQnnbM3n-2eOzCj
KEBk6qm-MvwtlKBXvWD5t,phlunt5HJ3fBcZXrezlHN
t_XOEI0TyU9xE96b5Sudm,PFEwpbxaA9UrKET8fDnAt
t_XOEI0TyU9xE96b5Sudm,iW3M5z9QsfI5jnVSJjr5j
t_XOEI0TyU9xE96b5Sudm,F72UQSSv5qnV6dGq2o8t-
Q9IGOLdvCKPkbxwUY2GMF,F72UQSSv5qnV6dGq2o8t-
Q9IGOLdvCKPkbxwUY2GMF,phlunt5HJ3fBcZXrezlHN
Q9IGOLdvCKPkbxwUY2GMF,iW3M5z9QsfI5jnVSJjr5j
m0fZISIzMBdEpQuiS5dmj,F72UQSSv5qnV6dGq2o8t-
m0fZISIzMBdEpQuiS5dmj,iW3M5z9QsfI5jnVSJjr5j
m0fZISIzMBdEpQuiS5dmj,Uzldz52slOyT_7tD9MSW3
lBybRHuC0mfm3amO9HxUN,F72UQSSv5qnV6dGq2o8t-
lBybRHuC0mfm3amO9HxUN,mE5Zf1AWhRKDQNHC_NsmV
lBybRHuC0mfm3amO9HxUN,n0OLj1cQnnbM3n-2eOzCj
8qyzp9YYwQsATHVZjFYyF,iW3M5z9QsfI5jnVSJjr5j
8qyzp9YYwQsATHVZjFYyF,phlunt5HJ3fBcZXrezlHN
8qyzp9YYwQsATHVZjFYyF,L34snMa-YMz_jT9erQqe2
IOZDydIdB_oaM6huoQPLs,n0OLj1cQnnbM3n-2eOzCj
IOZDydIdB_oaM6huoQPLs,F72UQSSv5qnV6dGq2o8t-
wvcqKxSuXcVC8-nmsdLOI,L34snMa-YMz_jT9erQqe2
wvcqKxSuXcVC8-nmsdLOI,PFEwpbxaA9UrKET8fDnAt
wvcqKxSuXcVC8-nmsdLOI,iW3M5z9QsfI5jnVSJjr5j
tscl467A3_cghODVV79to,L34snMa-YMz_jT9erQqe2
tscl467A3_cghODVV79to,phlunt5HJ3fBcZXrezlHN
2oE18s5a2IEmMAjC35jGd,F72UQSSv5qnV6dGq2o8t-
2oE18s5a2IEmMAjC35jGd,n0OLj1cQnnbM3n-2eOzCj
2oE18s5a2IEmMAjC35jGd,mE5Zf1AWhRKDQNHC_NsmV
2oE18s5a2IEmMAjC35jGd,iW3M5z9QsfI5jnVSJjr5j
2oE18s5a2IEmMAjC35jGd,Uzldz52slOyT_7tD9MSW3
OzF1KpmcviBa4Z7VVdpgT,L34snMa-YMz_jT9erQqe2
OzF1KpmcviBa4Z7VVdpgT,n0OLj1cQnnbM3n-2eOzCj
OzF1KpmcviBa4Z7VVdpgT,mE5Zf1AWhRKDQNHC_NsmV
OzF1KpmcviBa4Z7VVdpgT,Uzldz52slOyT_7tD9MSW3
a5Zko40vwFnv672-wA7FQ,phlunt5HJ3fBcZXrezlHN
a5Zko40vwFnv672-wA7FQ,Uzldz52slOyT_7tD9MSW3
a5Zko40vwFnv672-wA7FQ,n0OLj1cQnnbM3n-2eOzCj
6QwiHYCHE3EkM1FLr4127,phlunt5HJ3fBcZXrezlHN
6QwiHYCHE3EkM1FLr4127,tqy6nsKbGDANBHHt7CQaG
qQpqS6uVYhbByKrrkuIpu,F72UQSSv5qnV6dGq2o8t-
qQpqS6uVYhbByKrrkuIpu,Uzldz52slOyT_7tD9MSW3
qQpqS6uVYhbByKrrkuIpu,iW3M5z9QsfI5jnVSJjr5j
CYoC-L8LyJrTeV5JTCH6z,PFEwpbxaA9UrKET8fDnAt
CYoC-L8LyJrTeV5JTCH6z,F72UQSSv5qnV6dGq2o8t-
TQGZFMQDOLaw5BifwPRPQ,n0OLj1cQnnbM3n-2eOzCj
TQGZFMQDOLaw5BifwPRPQ,mE5Zf1AWhRKDQNHC_NsmV
TQGZFMQDOLaw5BifwPRPQ,F72UQSSv5qnV6dGq2o8t-
-wnbWucBfdYK3819SO-sJ,F72UQSSv5qnV6dGq2o8t-
-wnbWucBfdYK3819SO-sJ,n0OLj1cQnnbM3n-2eOzCj
-wnbWucBfdYK3819SO-sJ,iW3M5z9QsfI5jnVSJjr5j
-wnbWucBfdYK3819SO-sJ,Uzldz52slOyT_7tD9MSW3
1u3Q-FeoD91Alr3aAdrnc,F72UQSSv5qnV6dGq2o8t-
1u3Q-FeoD91Alr3aAdrnc,L34snMa-YMz_jT9erQqe2
1u3Q-FeoD91Alr3aAdrnc,n0OLj1cQnnbM3n-2eOzCj
rnlMREiTCEgU570sS4UWL,Uzldz52slOyT_7tD9MSW3
rnlMREiTCEgU570sS4UWL,n0OLj1cQnnbM3n-2eOzCj
DmWJ53lnnXgrCJnr6ollv,F72UQSSv5qnV6dGq2o8t-
DmWJ53lnnXgrCJnr6ollv,mE5Zf1AWhRKDQNHC_NsmV
DmWJ53lnnXgrCJnr6ollv,n0OLj1cQnnbM3n-2eOzCj
DmWJ53lnnXgrCJnr6ollv,L34snMa-YMz_jT9erQqe2
OXXTcI_b93YmeVRpgb-11,n0OLj1cQnnbM3n-2eOzCj
OXXTcI_b93YmeVRpgb-11,2bdRQFIcZXrYbhxeWeffc
OXXTcI_b93YmeVRpgb-11,L34snMa-YMz_jT9erQqe2
puRGzyxS3r-KTeKw8dJx1,F72UQSSv5qnV6dGq2o8t-
puRGzyxS3r-KTeKw8dJx1,n0OLj1cQnnbM3n-2eOzCj
puRGzyxS3r-KTeKw8dJx1,iW3M5z9QsfI5jnVSJjr5j
puRGzyxS3r-KTeKw8dJx1,Uzldz52slOyT_7tD9MSW3
hr-2_vUFuSp-ELr1SQRw8,ncFeNw-5M4iGoDD-A8hBH
hr-2_vUFuSp-ELr1SQRw8,iW3M5z9QsfI5jnVSJjr5j
hr-2_vUFuSp-ELr1SQRw8,phlunt5HJ3fBcZXrezlHN
lbecEH8HSz7TrcIG3GHc_,n0OLj1cQnnbM3n-2eOzCj
lbecEH8HSz7TrcIG3GHc_,mE5Zf1AWhRKDQNHC_NsmV
lbecEH8HSz7TrcIG3GHc_,L34snMa-YMz_jT9erQqe2
DJKoDsw39pAkxehp1yuuH,F72UQSSv5qnV6dGq2o8t-
DJKoDsw39pAkxehp1yuuH,n0OLj1cQnnbM3n-2eOzCj
DJKoDsw39pAkxehp1yuuH,iW3M5z9QsfI5jnVSJjr5j
DJKoDsw39pAkxehp1yuuH,Uzldz52slOyT_7tD9MSW3
vHPXNCzRszF0n969EkUiQ,phlunt5HJ3fBcZXrezlHN
vHPXNCzRszF0n969EkUiQ,n0OLj1cQnnbM3n-2eOzCj
vHPXNCzRszF0n969EkUiQ,tqy6nsKbGDANBHHt7CQaG
mP4SxTcCob-h6a5pR75j8,L34snMa-YMz_jT9erQqe2
mP4SxTcCob-h6a5pR75j8,iW3M5z9QsfI5jnVSJjr5j
hssd97KzHvbQOKPegA4v8,Uzldz52slOyT_7tD9MSW3
hssd97KzHvbQOKPegA4v8,iW3M5z9QsfI5jnVSJjr5j
hssd97KzHvbQOKPegA4v8,phlunt5HJ3fBcZXrezlHN
1l0E4amesQSwKfzI5CH_V,Uzldz52slOyT_7tD9MSW3
1l0E4amesQSwKfzI5CH_V,phlunt5HJ3fBcZXrezlHN
sthmO4zK6TNE3Rnz3mAM4,F72UQSSv5qnV6dGq2o8t-
sthmO4zK6TNE3Rnz3mAM4,n0OLj1cQnnbM3n-2eOzCj
sthmO4zK6TNE3Rnz3mAM4,mE5Zf1AWhRKDQNHC_NsmV
sthmO4zK6TNE3Rnz3mAM4,L34snMa-YMz_jT9erQqe2
yT2gLmmQ5TIBKN1gAXFqS,F72UQSSv5qnV6dGq2o8t-
yT2gLmmQ5TIBKN1gAXFqS,n0OLj1cQnnbM3n-2eOzCj
yT2gLmmQ5TIBKN1gAXFqS,iW3M5z9QsfI5jnVSJjr5j
yT2gLmmQ5TIBKN1gAXFqS,Uzldz52slOyT_7tD9MSW3
fRX3ptZx3TrFmFXFE4hLM,F72UQSSv5qnV6dGq2o8t-
fRX3ptZx3TrFmFXFE4hLM,Uzldz52slOyT_7tD9MSW3
fRX3ptZx3TrFmFXFE4hLM,phlunt5HJ3fBcZXrezlHN
UFKYrsVrjuacD0RHsqe0E,n0OLj1cQnnbM3n-2eOzCj
UFKYrsVrjuacD0RHsqe0E,mE5Zf1AWhRKDQNHC_NsmV
UFKYrsVrjuacD0RHsqe0E,2bdRQFIcZXrYbhxeWeffc
UFKYrsVrjuacD0RHsqe0E,L34snMa-YMz_jT9erQqe2
KY2hVMQFxecAk-Nr0BtK1,F72UQSSv5qnV6dGq2o8t-
KY2hVMQFxecAk-Nr0BtK1,n0OLj1cQnnbM3n-2eOzCj
KY2hVMQFxecAk-Nr0BtK1,iW3M5z9QsfI5jnVSJjr5j
KY2hVMQFxecAk-Nr0BtK1,Uzldz52slOyT_7tD9MSW3
Fzl7pgd-fVtrBUmNZ3fkN,Uzldz52slOyT_7tD9MSW3
Fzl7pgd-fVtrBUmNZ3fkN,phlunt5HJ3fBcZXrezlHN
nAyLv7nWXnHh9tzfSb4Bq,n0OLj1cQnnbM3n-2eOzCj
nAyLv7nWXnHh9tzfSb4Bq,2bdRQFIcZXrYbhxeWeffc
nAyLv7nWXnHh9tzfSb4Bq,F72UQSSv5qnV6dGq2o8t-
N5CjuqW95qV2mGjUBPGmU,Uzldz52slOyT_7tD9MSW3
N5CjuqW95qV2mGjUBPGmU,n0OLj1cQnnbM3n-2eOzCj
N5CjuqW95qV2mGjUBPGmU,phlunt5HJ3fBcZXrezlHN
txd8E6CICTcfui3UQ4yei,iW3M5z9QsfI5jnVSJjr5j
txd8E6CICTcfui3UQ4yei,phlunt5HJ3fBcZXrezlHN
txd8E6CICTcfui3UQ4yei,Uzldz52slOyT_7tD9MSW3
gCv9Z_e7fjwfNEBEi7VuV,phlunt5HJ3fBcZXrezlHN
gCv9Z_e7fjwfNEBEi7VuV,PFEwpbxaA9UrKET8fDnAt
gCv9Z_e7fjwfNEBEi7VuV,n0OLj1cQnnbM3n-2eOzCj
6pGs3D6JcCH5XRnUGR-aD,phlunt5HJ3fBcZXrezlHN
6pGs3D6JcCH5XRnUGR-aD,iW3M5z9QsfI5jnVSJjr5j
6pGs3D6JcCH5XRnUGR-aD,Uzldz52slOyT_7tD9MSW3
uo8t1KpwXVrYP8Gu8I8M9,ncFeNw-5M4iGoDD-A8hBH
uo8t1KpwXVrYP8Gu8I8M9,iW3M5z9QsfI5jnVSJjr5j
uo8t1KpwXVrYP8Gu8I8M9,-Q1NyL2hihfCdselYbnjo
mv4k3eXeWeVL1lwReMkkU,Uzldz52slOyT_7tD9MSW3
mv4k3eXeWeVL1lwReMkkU,phlunt5HJ3fBcZXrezlHN
fH_MjHAN_Ycvu0GSvJfen,Uzldz52slOyT_7tD9MSW3
fH_MjHAN_Ycvu0GSvJfen,n0OLj1cQnnbM3n-2eOzCj
fH_MjHAN_Ycvu0GSvJfen,mE5Zf1AWhRKDQNHC_NsmV
oucUD3XF0OIdS3TqIaS7g,n0OLj1cQnnbM3n-2eOzCj
oucUD3XF0OIdS3TqIaS7g,2bdRQFIcZXrYbhxeWeffc
6lZEMt-1N8ZUV6uczbgHP,F72UQSSv5qnV6dGq2o8t-
6lZEMt-1N8ZUV6uczbgHP,n0OLj1cQnnbM3n-2eOzCj
6lZEMt-1N8ZUV6uczbgHP,phlunt5HJ3fBcZXrezlHN
8emuWvGC11iE8SUdy4pAA,F72UQSSv5qnV6dGq2o8t-
8emuWvGC11iE8SUdy4pAA,phlunt5HJ3fBcZXrezlHN
8emuWvGC11iE8SUdy4pAA,PFEwpbxaA9UrKET8fDnAt
5921K_q9hl4ENglJxZpZG,F72UQSSv5qnV6dGq2o8t-
5921K_q9hl4ENglJxZpZG,phlunt5HJ3fBcZXrezlHN
5921K_q9hl4ENglJxZpZG,iW3M5z9QsfI5jnVSJjr5j
5921K_q9hl4ENglJxZpZG,ncFeNw-5M4iGoDD-A8hBH
m5fXck-ojXn8Pj5xm-6dV,F72UQSSv5qnV6dGq2o8t-
m5fXck-ojXn8Pj5xm-6dV,iW3M5z9QsfI5jnVSJjr5j
m5fXck-ojXn8Pj5xm-6dV,PFEwpbxaA9UrKET8fDnAt
BoTXZ3NFIv9AbkxyH39t9,F72UQSSv5qnV6dGq2o8t-
BoTXZ3NFIv9AbkxyH39t9,Uzldz52slOyT_7tD9MSW3
BoTXZ3NFIv9AbkxyH39t9,iW3M5z9QsfI5jnVSJjr5j
JNnu9E7LS4faCsramYC8Y,F72UQSSv5qnV6dGq2o8t-
JNnu9E7LS4faCsramYC8Y,n0OLj1cQnnbM3n-2eOzCj
JNnu9E7LS4faCsramYC8Y,mE5Zf1AWhRKDQNHC_NsmV
YXsrmlIYIIBWkJpBPBQKH,n0OLj1cQnnbM3n-2eOzCj
YXsrmlIYIIBWkJpBPBQKH,phlunt5HJ3fBcZXrezlHN
YXsrmlIYIIBWkJpBPBQKH,PFEwpbxaA9UrKET8fDnAt
kZl3KMPFjYRsDS1uchjgq,F72UQSSv5qnV6dGq2o8t-
kZl3KMPFjYRsDS1uchjgq,L34snMa-YMz_jT9erQqe2
kZl3KMPFjYRsDS1uchjgq,phlunt5HJ3fBcZXrezlHN
7glQILZKf3EFQoSQ25x3V,F72UQSSv5qnV6dGq2o8t-
7glQILZKf3EFQoSQ25x3V,KcVqSqCqpBoUqNfNlAkE7
7glQILZKf3EFQoSQ25x3V,mE5Zf1AWhRKDQNHC_NsmV
7glQILZKf3EFQoSQ25x3V,n0OLj1cQnnbM3n-2eOzCj
CGx_wTcB9JRBg_wqkh6S4,phlunt5HJ3fBcZXrezlHN
CGx_wTcB9JRBg_wqkh6S4,tqy6nsKbGDANBHHt7CQaG
CGx_wTcB9JRBg_wqkh6S4,n0OLj1cQnnbM3n-2eOzCj
cdiVRm3VHLjYXJFSesRmW,phlunt5HJ3fBcZXrezlHN
cdiVRm3VHLjYXJFSesRmW,Uzldz52slOyT_7tD9MSW3
cdiVRm3VHLjYXJFSesRmW,iW3M5z9QsfI5jnVSJjr5j
TBPA7Ix1TJcu3z85LjrMz,iW3M5z9QsfI5jnVSJjr5j
TBPA7Ix1TJcu3z85LjrMz,F72UQSSv5qnV6dGq2o8t-
kslHdAvlrcVufPDcBtTUe,F72UQSSv5qnV6dGq2o8t-
kslHdAvlrcVufPDcBtTUe,n0OLj1cQnnbM3n-2eOzCj
kslHdAvlrcVufPDcBtTUe,L34snMa-YMz_jT9erQqe2
kslHdAvlrcVufPDcBtTUe,mE5Zf1AWhRKDQNHC_NsmV
IZAwbwmsXdczD-6rxJ6oy,phlunt5HJ3fBcZXrezlHN
IZAwbwmsXdczD-6rxJ6oy,tqy6nsKbGDANBHHt7CQaG
O-JIsoIeCE0G2G19xzosp,F72UQSSv5qnV6dGq2o8t-
O-JIsoIeCE0G2G19xzosp,n0OLj1cQnnbM3n-2eOzCj
O-JIsoIeCE0G2G19xzosp,L34snMa-YMz_jT9erQqe2
O-JIsoIeCE0G2G19xzosp,mE5Zf1AWhRKDQNHC_NsmV
O-JIsoIeCE0G2G19xzosp,PFEwpbxaA9UrKET8fDnAt
cIjTnG3EcrUvQn4HO1QW9,ncFeNw-5M4iGoDD-A8hBH
cIjTnG3EcrUvQn4HO1QW9,iW3M5z9QsfI5jnVSJjr5j
cIjTnG3EcrUvQn4HO1QW9,-Q1NyL2hihfCdselYbnjo
cIjTnG3EcrUvQn4HO1QW9,L34snMa-YMz_jT9erQqe2
l1NYmUa9MYUJtKz-MiB9H,F72UQSSv5qnV6dGq2o8t-
l1NYmUa9MYUJtKz-MiB9H,n0OLj1cQnnbM3n-2eOzCj
l1NYmUa9MYUJtKz-MiB9H,mE5Zf1AWhRKDQNHC_NsmV
l1NYmUa9MYUJtKz-MiB9H,phlunt5HJ3fBcZXrezlHN
XS5COwWh6pNSWIi6gbIPW,F72UQSSv5qnV6dGq2o8t-
XS5COwWh6pNSWIi6gbIPW,n0OLj1cQnnbM3n-2eOzCj
XS5COwWh6pNSWIi6gbIPW,iW3M5z9QsfI5jnVSJjr5j
XS5COwWh6pNSWIi6gbIPW,phlunt5HJ3fBcZXrezlHN
nx5crrtsbpiHqq11OKqxE,F72UQSSv5qnV6dGq2o8t-
nx5crrtsbpiHqq11OKqxE,phlunt5HJ3fBcZXrezlHN
nx5crrtsbpiHqq11OKqxE,n0OLj1cQnnbM3n-2eOzCj
wEJlQY9bQAiFfpaLt1DsH,iW3M5z9QsfI5jnVSJjr5j
wEJlQY9bQAiFfpaLt1DsH,phlunt5HJ3fBcZXrezlHN
wEJlQY9bQAiFfpaLt1DsH,L34snMa-YMz_jT9erQqe2
zDxdLOF7MWh8UaDpqjLCj,F72UQSSv5qnV6dGq2o8t-
zDxdLOF7MWh8UaDpqjLCj,L34snMa-YMz_jT9erQqe2
zDxdLOF7MWh8UaDpqjLCj,iW3M5z9QsfI5jnVSJjr5j
zDxdLOF7MWh8UaDpqjLCj,Uzldz52slOyT_7tD9MSW3
7iDxGH6ZlDQAlh2uKJBX1,F72UQSSv5qnV6dGq2o8t-
7iDxGH6ZlDQAlh2uKJBX1,mE5Zf1AWhRKDQNHC_NsmV
7iDxGH6ZlDQAlh2uKJBX1,iW3M5z9QsfI5jnVSJjr5j
2L4P7lqYvBmyTUgSEZ9UP,L34snMa-YMz_jT9erQqe2
2L4P7lqYvBmyTUgSEZ9UP,ncFeNw-5M4iGoDD-A8hBH
2L4P7lqYvBmyTUgSEZ9UP,n0OLj1cQnnbM3n-2eOzCj
OclHc5b8uT9fP8YvCcGoX,ncFeNw-5M4iGoDD-A8hBH
OclHc5b8uT9fP8YvCcGoX,iW3M5z9QsfI5jnVSJjr5j
OclHc5b8uT9fP8YvCcGoX,L34snMa-YMz_jT9erQqe2
ZIXH-4rpZcdGmy2F__4_j,n0OLj1cQnnbM3n-2eOzCj
ZIXH-4rpZcdGmy2F__4_j,mE5Zf1AWhRKDQNHC_NsmV
ZIXH-4rpZcdGmy2F__4_j,F72UQSSv5qnV6dGq2o8t-
-gWZcmfvXsGFYaJGZCv2B,phlunt5HJ3fBcZXrezlHN
-gWZcmfvXsGFYaJGZCv2B,n0OLj1cQnnbM3n-2eOzCj
-gWZcmfvXsGFYaJGZCv2B,mE5Zf1AWhRKDQNHC_NsmV
EWXZGgZM0N4uJ3D6PNzE-,F72UQSSv5qnV6dGq2o8t-
EWXZGgZM0N4uJ3D6PNzE-,Uzldz52slOyT_7tD9MSW3
DVs8lcFAr9HGrI8mzElCL,L34snMa-YMz_jT9erQqe2
DVs8lcFAr9HGrI8mzElCL,iW3M5z9QsfI5jnVSJjr5j
pJXMq_S9jmYAjJlVVXCp9,Uzldz52slOyT_7tD9MSW3
pJXMq_S9jmYAjJlVVXCp9,phlunt5HJ3fBcZXrezlHN
hSPwW9pdEnzzO6jCiv3vm,phlunt5HJ3fBcZXrezlHN
hSPwW9pdEnzzO6jCiv3vm,Uzldz52slOyT_7tD9MSW3
hSPwW9pdEnzzO6jCiv3vm,iW3M5z9QsfI5jnVSJjr5j
JUfejzOAuLmDrsxqqkk-g,L34snMa-YMz_jT9erQqe2
JUfejzOAuLmDrsxqqkk-g,iW3M5z9QsfI5jnVSJjr5j
eVjlw8TikumL13BS2nE85,L34snMa-YMz_jT9erQqe2
eVjlw8TikumL13BS2nE85,n0OLj1cQnnbM3n-2eOzCj
biXkYycFZJbREa79JGp3c,F72UQSSv5qnV6dGq2o8t-
biXkYycFZJbREa79JGp3c,PFEwpbxaA9UrKET8fDnAt
biXkYycFZJbREa79JGp3c,phlunt5HJ3fBcZXrezlHN
hjm7vAmyQhcUi1VO-A3bv,iW3M5z9QsfI5jnVSJjr5j
hjm7vAmyQhcUi1VO-A3bv,phlunt5HJ3fBcZXrezlHN
hjm7vAmyQhcUi1VO-A3bv,Uzldz52slOyT_7tD9MSW3
rLYVQOyLRLzhwsY7a9LkK,F72UQSSv5qnV6dGq2o8t-
rLYVQOyLRLzhwsY7a9LkK,n0OLj1cQnnbM3n-2eOzCj
rLYVQOyLRLzhwsY7a9LkK,mE5Zf1AWhRKDQNHC_NsmV
rLYVQOyLRLzhwsY7a9LkK,phlunt5HJ3fBcZXrezlHN
rLYVQOyLRLzhwsY7a9LkK,WpkELU1QduAUsJRvAKneB
EeKQwpYt7G6m2TB2FV96p,F72UQSSv5qnV6dGq2o8t-
EeKQwpYt7G6m2TB2FV96p,n0OLj1cQnnbM3n-2eOzCj
EeKQwpYt7G6m2TB2FV96p,mE5Zf1AWhRKDQNHC_NsmV
EeKQwpYt7G6m2TB2FV96p,phlunt5HJ3fBcZXrezlHN
EeKQwpYt7G6m2TB2FV96p,Uzldz52slOyT_7tD9MSW3
3Xb149fhMHp-VctWdk1yl,ncFeNw-5M4iGoDD-A8hBH
3Xb149fhMHp-VctWdk1yl,iW3M5z9QsfI5jnVSJjr5j
3Xb149fhMHp-VctWdk1yl,F72UQSSv5qnV6dGq2o8t-
yk8O7NqJb9lnev1zrleg4,PFEwpbxaA9UrKET8fDnAt
yk8O7NqJb9lnev1zrleg4,n0OLj1cQnnbM3n-2eOzCj
_jfjPKVcPZdOMwVrrAS2a,Uzldz52slOyT_7tD9MSW3
_jfjPKVcPZdOMwVrrAS2a,phlunt5HJ3fBcZXrezlHN
_jfjPKVcPZdOMwVrrAS2a,PFEwpbxaA9UrKET8fDnAt
voy_JZfmysW1OC9hfWd5W,PFEwpbxaA9UrKET8fDnAt
voy_JZfmysW1OC9hfWd5W,n0OLj1cQnnbM3n-2eOzCj
SgjmVDf93tQjFtbMBUPqr,iW3M5z9QsfI5jnVSJjr5j
SgjmVDf93tQjFtbMBUPqr,ncFeNw-5M4iGoDD-A8hBH
SgjmVDf93tQjFtbMBUPqr,phlunt5HJ3fBcZXrezlHN
_-T1796t2GZLMJohEFC8f,n0OLj1cQnnbM3n-2eOzCj
_-T1796t2GZLMJohEFC8f,2bdRQFIcZXrYbhxeWeffc
_-T1796t2GZLMJohEFC8f,PFEwpbxaA9UrKET8fDnAt
rQKJ2VEQpyYF9FgDkK3T4,Uzldz52slOyT_7tD9MSW3
rQKJ2VEQpyYF9FgDkK3T4,phlunt5HJ3fBcZXrezlHN
ZOu_xQKlDBux0E_nic2QZ,PFEwpbxaA9UrKET8fDnAt
ZOu_xQKlDBux0E_nic2QZ,n0OLj1cQnnbM3n-2eOzCj
oPJaEC-BPlxibuV0OiK2y,phlunt5HJ3fBcZXrezlHN
oPJaEC-BPlxibuV0OiK2y,tqy6nsKbGDANBHHt7CQaG
oPJaEC-BPlxibuV0OiK2y,n0OLj1cQnnbM3n-2eOzCj
51D5q1g8lhGoL9F1P8UXo,n0OLj1cQnnbM3n-2eOzCj
51D5q1g8lhGoL9F1P8UXo,mE5Zf1AWhRKDQNHC_NsmV
51D5q1g8lhGoL9F1P8UXo,L34snMa-YMz_jT9erQqe2
51D5q1g8lhGoL9F1P8UXo,Uzldz52slOyT_7tD9MSW3
51D5q1g8lhGoL9F1P8UXo,phlunt5HJ3fBcZXrezlHN
J0r303vjTF-bZsbdgePSq,iW3M5z9QsfI5jnVSJjr5j
J0r303vjTF-bZsbdgePSq,phlunt5HJ3fBcZXrezlHN
J0r303vjTF-bZsbdgePSq,L34snMa-YMz_jT9erQqe2
UgNkoCVhB5GcziDHHC_NK,phlunt5HJ3fBcZXrezlHN
UgNkoCVhB5GcziDHHC_NK,Uzldz52slOyT_7tD9MSW3
UgNkoCVhB5GcziDHHC_NK,n0OLj1cQnnbM3n-2eOzCj
LwdlKiFva67TyeQrx_Sf8,n0OLj1cQnnbM3n-2eOzCj
LwdlKiFva67TyeQrx_Sf8,phlunt5HJ3fBcZXrezlHN
LwdlKiFva67TyeQrx_Sf8,F72UQSSv5qnV6dGq2o8t-
zQbq1tb7R9xYDbt82o8Mv,-Q1NyL2hihfCdselYbnjo
zQbq1tb7R9xYDbt82o8Mv,ncFeNw-5M4iGoDD-A8hBH
zQbq1tb7R9xYDbt82o8Mv,iW3M5z9QsfI5jnVSJjr5j
0viyw_lDy93G4AH4NGzwm,F72UQSSv5qnV6dGq2o8t-
0viyw_lDy93G4AH4NGzwm,iW3M5z9QsfI5jnVSJjr5j
0viyw_lDy93G4AH4NGzwm,PFEwpbxaA9UrKET8fDnAt
0viyw_lDy93G4AH4NGzwm,Uzldz52slOyT_7tD9MSW3
dfEM12IG3cff9WJtAcjee,F72UQSSv5qnV6dGq2o8t-
dfEM12IG3cff9WJtAcjee,n0OLj1cQnnbM3n-2eOzCj
dfEM12IG3cff9WJtAcjee,L34snMa-YMz_jT9erQqe2
-WmP7BdMSVW1ERlchEdCw,F72UQSSv5qnV6dGq2o8t-
-WmP7BdMSVW1ERlchEdCw,n0OLj1cQnnbM3n-2eOzCj
-WmP7BdMSVW1ERlchEdCw,Uzldz52slOyT_7tD9MSW3
-WmP7BdMSVW1ERlchEdCw,phlunt5HJ3fBcZXrezlHN
cWIn23vaHn-ubAO1xXgFp,phlunt5HJ3fBcZXrezlHN
cWIn23vaHn-ubAO1xXgFp,PFEwpbxaA9UrKET8fDnAt
cWIn23vaHn-ubAO1xXgFp,-Q1NyL2hihfCdselYbnjo
8qC9ZxNf4nscvkV0iZysk,Uzldz52slOyT_7tD9MSW3
8qC9ZxNf4nscvkV0iZysk,L34snMa-YMz_jT9erQqe2
8qC9ZxNf4nscvkV0iZysk,phlunt5HJ3fBcZXrezlHN
5W5XLJouIWX764XCY4gJw,phlunt5HJ3fBcZXrezlHN
5W5XLJouIWX764XCY4gJw,iW3M5z9QsfI5jnVSJjr5j
5W5XLJouIWX764XCY4gJw,F72UQSSv5qnV6dGq2o8t-
1q6NxN4eJDmn7QrrDsd0c,n0OLj1cQnnbM3n-2eOzCj
1q6NxN4eJDmn7QrrDsd0c,mE5Zf1AWhRKDQNHC_NsmV
1q6NxN4eJDmn7QrrDsd0c,phlunt5HJ3fBcZXrezlHN
KctS5pzuOF97I3y19lPjA,iW3M5z9QsfI5jnVSJjr5j
KctS5pzuOF97I3y19lPjA,phlunt5HJ3fBcZXrezlHN
QRiFwC0KeqjjlRu_25Z2q,PFEwpbxaA9UrKET8fDnAt
QRiFwC0KeqjjlRu_25Z2q,F72UQSSv5qnV6dGq2o8t-
QRiFwC0KeqjjlRu_25Z2q,n0OLj1cQnnbM3n-2eOzCj
LplDsFycRXUnr1T1DR6rn,L34snMa-YMz_jT9erQqe2
LplDsFycRXUnr1T1DR6rn,iW3M5z9QsfI5jnVSJjr5j
LplDsFycRXUnr1T1DR6rn,n0OLj1cQnnbM3n-2eOzCj
rHiEJ_zMOt9uNOBUpuUdW,PFEwpbxaA9UrKET8fDnAt
rHiEJ_zMOt9uNOBUpuUdW,n0OLj1cQnnbM3n-2eOzCj
883hA2J18-qVZAzrH3bCs,phlunt5HJ3fBcZXrezlHN
883hA2J18-qVZAzrH3bCs,n0OLj1cQnnbM3n-2eOzCj
_Lw9uJdKfocyhFZ6KiF8u,iW3M5z9QsfI5jnVSJjr5j
_Lw9uJdKfocyhFZ6KiF8u,phlunt5HJ3fBcZXrezlHN
_Lw9uJdKfocyhFZ6KiF8u,-5F1wQ50bue4PA2khE3sM
iVo3oAXr8GOO8YEoZo-OI,n0OLj1cQnnbM3n-2eOzCj
iVo3oAXr8GOO8YEoZo-OI,phlunt5HJ3fBcZXrezlHN
iVo3oAXr8GOO8YEoZo-OI,PFEwpbxaA9UrKET8fDnAt
I_mvfYCXMK1LQIoe75yK5,iW3M5z9QsfI5jnVSJjr5j
I_mvfYCXMK1LQIoe75yK5,phlunt5HJ3fBcZXrezlHN
I_mvfYCXMK1LQIoe75yK5,PFEwpbxaA9UrKET8fDnAt
DR5HtaXqNo6ce6ybrPTXc,iW3M5z9QsfI5jnVSJjr5j
DR5HtaXqNo6ce6ybrPTXc,phlunt5HJ3fBcZXrezlHN
V916w4e7XxR4veINXI8zj,Uzldz52slOyT_7tD9MSW3
V916w4e7XxR4veINXI8zj,phlunt5HJ3fBcZXrezlHN
RLeVXHIadSycQiyHA5faQ,F72UQSSv5qnV6dGq2o8t-
RLeVXHIadSycQiyHA5faQ,n0OLj1cQnnbM3n-2eOzCj
RLeVXHIadSycQiyHA5faQ,iW3M5z9QsfI5jnVSJjr5j
RLeVXHIadSycQiyHA5faQ,Uzldz52slOyT_7tD9MSW3
-dFe-bxE2cAke9oNjkxlo,L34snMa-YMz_jT9erQqe2
-dFe-bxE2cAke9oNjkxlo,iW3M5z9QsfI5jnVSJjr5j
-dFe-bxE2cAke9oNjkxlo,n0OLj1cQnnbM3n-2eOzCj
n4CAgDSlqALCxRfslvr0L,F72UQSSv5qnV6dGq2o8t-
n4CAgDSlqALCxRfslvr0L,n0OLj1cQnnbM3n-2eOzCj
n4CAgDSlqALCxRfslvr0L,phlunt5HJ3fBcZXrezlHN
YS0CNKd3UsmGrlygtGeB6,F72UQSSv5qnV6dGq2o8t-
YS0CNKd3UsmGrlygtGeB6,L34snMa-YMz_jT9erQqe2
YS0CNKd3UsmGrlygtGeB6,n0OLj1cQnnbM3n-2eOzCj
XKYPbkkL61sz6ZAKio_8u,F72UQSSv5qnV6dGq2o8t-
XKYPbkkL61sz6ZAKio_8u,phlunt5HJ3fBcZXrezlHN
XKYPbkkL61sz6ZAKio_8u,L34snMa-YMz_jT9erQqe2
BtXzqMD66B0Rodj2RDAKe,n0OLj1cQnnbM3n-2eOzCj
BtXzqMD66B0Rodj2RDAKe,2bdRQFIcZXrYbhxeWeffc
BtXzqMD66B0Rodj2RDAKe,phlunt5HJ3fBcZXrezlHN
AstII7a_aeuuehKCJ6Jj8,n0OLj1cQnnbM3n-2eOzCj
AstII7a_aeuuehKCJ6Jj8,mE5Zf1AWhRKDQNHC_NsmV
AstII7a_aeuuehKCJ6Jj8,F72UQSSv5qnV6dGq2o8t-
JgURB7jTpQ7E0DkVxlCqM,F72UQSSv5qnV6dGq2o8t-
JgURB7jTpQ7E0DkVxlCqM,n0OLj1cQnnbM3n-2eOzCj
JgURB7jTpQ7E0DkVxlCqM,mE5Zf1AWhRKDQNHC_NsmV
JgURB7jTpQ7E0DkVxlCqM,Uzldz52slOyT_7tD9MSW3
gfloL93xWDoQxsl5XW0uf,n0OLj1cQnnbM3n-2eOzCj
gfloL93xWDoQxsl5XW0uf,mE5Zf1AWhRKDQNHC_NsmV
gfloL93xWDoQxsl5XW0uf,L34snMa-YMz_jT9erQqe2
gfloL93xWDoQxsl5XW0uf,phlunt5HJ3fBcZXrezlHN
WtCaUcdgdZ5rJjNNMwEWh,n0OLj1cQnnbM3n-2eOzCj
WtCaUcdgdZ5rJjNNMwEWh,PFEwpbxaA9UrKET8fDnAt
F67WehCuDanDSIG6AbvIr,L34snMa-YMz_jT9erQqe2
F67WehCuDanDSIG6AbvIr,iW3M5z9QsfI5jnVSJjr5j
vVXIs6BWTk-xwtLBtWbtE,ncFeNw-5M4iGoDD-A8hBH
vVXIs6BWTk-xwtLBtWbtE,iW3M5z9QsfI5jnVSJjr5j
vVXIs6BWTk-xwtLBtWbtE,n0OLj1cQnnbM3n-2eOzCj
UTBhOI8Mqp7-nPtOVfuuS,F72UQSSv5qnV6dGq2o8t-
UTBhOI8Mqp7-nPtOVfuuS,KcVqSqCqpBoUqNfNlAkE7
UTBhOI8Mqp7-nPtOVfuuS,mE5Zf1AWhRKDQNHC_NsmV
FNqHXf6xqw6nmQyCJ9G0O,F72UQSSv5qnV6dGq2o8t-
FNqHXf6xqw6nmQyCJ9G0O,L34snMa-YMz_jT9erQqe2
FNqHXf6xqw6nmQyCJ9G0O,2bdRQFIcZXrYbhxeWeffc
0nMhhJ5B9RAisyhIEo8Dp,iW3M5z9QsfI5jnVSJjr5j
0nMhhJ5B9RAisyhIEo8Dp,phlunt5HJ3fBcZXrezlHN
0nMhhJ5B9RAisyhIEo8Dp,F72UQSSv5qnV6dGq2o8t-
9XMjt26pwafuBF-DVdsFA,Uzldz52slOyT_7tD9MSW3
9XMjt26pwafuBF-DVdsFA,phlunt5HJ3fBcZXrezlHN
S03DO8Ti0QD2dyC7IVyW4,Uzldz52slOyT_7tD9MSW3
S03DO8Ti0QD2dyC7IVyW4,PFEwpbxaA9UrKET8fDnAt
ijKCrQOmjBc70IZYW74qX,L34snMa-YMz_jT9erQqe2
ijKCrQOmjBc70IZYW74qX,iW3M5z9QsfI5jnVSJjr5j
GbC7RdpKmexogefAfJWmt,F72UQSSv5qnV6dGq2o8t-
GbC7RdpKmexogefAfJWmt,PFEwpbxaA9UrKET8fDnAt
Y7u4l51sl3HpIxEDanYHK,2bdRQFIcZXrYbhxeWeffc
Y7u4l51sl3HpIxEDanYHK,n0OLj1cQnnbM3n-2eOzCj
Y7u4l51sl3HpIxEDanYHK,F72UQSSv5qnV6dGq2o8t-
xCRJHcz98daStdFzARLVO,n0OLj1cQnnbM3n-2eOzCj
xCRJHcz98daStdFzARLVO,PFEwpbxaA9UrKET8fDnAt
-pWN2TT-RpFL2a6T8Utxi,n0OLj1cQnnbM3n-2eOzCj
-pWN2TT-RpFL2a6T8Utxi,F72UQSSv5qnV6dGq2o8t-
u5xgXm2B_hu3JKqezQt2E,iW3M5z9QsfI5jnVSJjr5j
u5xgXm2B_hu3JKqezQt2E,Uzldz52slOyT_7tD9MSW3
u5xgXm2B_hu3JKqezQt2E,phlunt5HJ3fBcZXrezlHN
g5QpbgksohUBRiwfzHVdO,F72UQSSv5qnV6dGq2o8t-
g5QpbgksohUBRiwfzHVdO,n0OLj1cQnnbM3n-2eOzCj
g5QpbgksohUBRiwfzHVdO,phlunt5HJ3fBcZXrezlHN
0Vc2yaFZkD3XsB_ihCprB,iW3M5z9QsfI5jnVSJjr5j
0Vc2yaFZkD3XsB_ihCprB,phlunt5HJ3fBcZXrezlHN
0Vc2yaFZkD3XsB_ihCprB,-Q1NyL2hihfCdselYbnjo
0Vc2yaFZkD3XsB_ihCprB,Uzldz52slOyT_7tD9MSW3
w1zjw64VcrCuUMSf0Gy6T,phlunt5HJ3fBcZXrezlHN
w1zjw64VcrCuUMSf0Gy6T,ncFeNw-5M4iGoDD-A8hBH
h99wQ4vGpVg1Fq7_X4A7T,n0OLj1cQnnbM3n-2eOzCj
h99wQ4vGpVg1Fq7_X4A7T,phlunt5HJ3fBcZXrezlHN
h99wQ4vGpVg1Fq7_X4A7T,tqy6nsKbGDANBHHt7CQaG
xpfvx4LldiNfFoylGKtm7,L34snMa-YMz_jT9erQqe2
xpfvx4LldiNfFoylGKtm7,iW3M5z9QsfI5jnVSJjr5j
xpfvx4LldiNfFoylGKtm7,ncFeNw-5M4iGoDD-A8hBH
RfXJyk7bpz1KCfTzcKIBS,iW3M5z9QsfI5jnVSJjr5j
RfXJyk7bpz1KCfTzcKIBS,phlunt5HJ3fBcZXrezlHN
RfXJyk7bpz1KCfTzcKIBS,PFEwpbxaA9UrKET8fDnAt
kzIvwcvqwqFUetSK8CXj6,phlunt5HJ3fBcZXrezlHN
kzIvwcvqwqFUetSK8CXj6,tqy6nsKbGDANBHHt7CQaG
kzIvwcvqwqFUetSK8CXj6,n0OLj1cQnnbM3n-2eOzCj
bsy3IscoGmFBlj42-lQA6,n0OLj1cQnnbM3n-2eOzCj
bsy3IscoGmFBlj42-lQA6,2bdRQFIcZXrYbhxeWeffc
bsy3IscoGmFBlj42-lQA6,phlunt5HJ3fBcZXrezlHN
ygWj3p7oRpBJb7z5xqG8n,ncFeNw-5M4iGoDD-A8hBH
ygWj3p7oRpBJb7z5xqG8n,L34snMa-YMz_jT9erQqe2
ygWj3p7oRpBJb7z5xqG8n,Uzldz52slOyT_7tD9MSW3
JoNGYzJRd8vaFs3xvuBaE,iW3M5z9QsfI5jnVSJjr5j
JoNGYzJRd8vaFs3xvuBaE,L34snMa-YMz_jT9erQqe2
JoNGYzJRd8vaFs3xvuBaE,F72UQSSv5qnV6dGq2o8t-
7CqvyrORQ-iNXyOXQUneS,F72UQSSv5qnV6dGq2o8t-
7CqvyrORQ-iNXyOXQUneS,n0OLj1cQnnbM3n-2eOzCj
7CqvyrORQ-iNXyOXQUneS,iW3M5z9QsfI5jnVSJjr5j
7CqvyrORQ-iNXyOXQUneS,Uzldz52slOyT_7tD9MSW3
uA_5M2cObvLtY_dZguqQ6,L34snMa-YMz_jT9erQqe2
uA_5M2cObvLtY_dZguqQ6,iW3M5z9QsfI5jnVSJjr5j
uA_5M2cObvLtY_dZguqQ6,F72UQSSv5qnV6dGq2o8t-
9kLdHkzDUgdCl4pCEH8Ty,n0OLj1cQnnbM3n-2eOzCj
9kLdHkzDUgdCl4pCEH8Ty,PFEwpbxaA9UrKET8fDnAt
9kLdHkzDUgdCl4pCEH8Ty,F72UQSSv5qnV6dGq2o8t-
QaykqC6FBjrsUGp0_rxoe,PFEwpbxaA9UrKET8fDnAt
QaykqC6FBjrsUGp0_rxoe,n0OLj1cQnnbM3n-2eOzCj
DrCA-EPInnZ6OSCOKet3N,L34snMa-YMz_jT9erQqe2
DrCA-EPInnZ6OSCOKet3N,iW3M5z9QsfI5jnVSJjr5j
DrCA-EPInnZ6OSCOKet3N,ncFeNw-5M4iGoDD-A8hBH
DrCA-EPInnZ6OSCOKet3N,Uzldz52slOyT_7tD9MSW3
pZQ6zXg6T3rRpgm7ozY0Q,iW3M5z9QsfI5jnVSJjr5j
pZQ6zXg6T3rRpgm7ozY0Q,L34snMa-YMz_jT9erQqe2
YtdS0KgZ3WK4lgQCxsSR1,phlunt5HJ3fBcZXrezlHN
YtdS0KgZ3WK4lgQCxsSR1,Uzldz52slOyT_7tD9MSW3
YtdS0KgZ3WK4lgQCxsSR1,iW3M5z9QsfI5jnVSJjr5j
O8EDN0LDucnypMmqRtpEl,n0OLj1cQnnbM3n-2eOzCj
O8EDN0LDucnypMmqRtpEl,mE5Zf1AWhRKDQNHC_NsmV
p7fEtWbNTIFqWC2wnAmTL,F72UQSSv5qnV6dGq2o8t-
p7fEtWbNTIFqWC2wnAmTL,PFEwpbxaA9UrKET8fDnAt
p7fEtWbNTIFqWC2wnAmTL,n0OLj1cQnnbM3n-2eOzCj
TDYSr93bng2tmYSDFzam-,n0OLj1cQnnbM3n-2eOzCj
TDYSr93bng2tmYSDFzam-,PFEwpbxaA9UrKET8fDnAt
pba3pPsNC0StZElkOXIWs,mE5Zf1AWhRKDQNHC_NsmV
pba3pPsNC0StZElkOXIWs,n0OLj1cQnnbM3n-2eOzCj
pba3pPsNC0StZElkOXIWs,F72UQSSv5qnV6dGq2o8t-
A2jdhuFcAojoZi5tRXJqW,F72UQSSv5qnV6dGq2o8t-
A2jdhuFcAojoZi5tRXJqW,iW3M5z9QsfI5jnVSJjr5j
A2jdhuFcAojoZi5tRXJqW,phlunt5HJ3fBcZXrezlHN
zffQx1MHGRE_BsULsT3tr,2bdRQFIcZXrYbhxeWeffc
zffQx1MHGRE_BsULsT3tr,n0OLj1cQnnbM3n-2eOzCj
zffQx1MHGRE_BsULsT3tr,phlunt5HJ3fBcZXrezlHN
zffQx1MHGRE_BsULsT3tr,Uzldz52slOyT_7tD9MSW3
q1nhf4mroy0lDdYXG6MjS,Uzldz52slOyT_7tD9MSW3
q1nhf4mroy0lDdYXG6MjS,phlunt5HJ3fBcZXrezlHN
q1nhf4mroy0lDdYXG6MjS,n0OLj1cQnnbM3n-2eOzCj
MYYVFNMZGLiO3ar4ciLVv,F72UQSSv5qnV6dGq2o8t-
MYYVFNMZGLiO3ar4ciLVv,phlunt5HJ3fBcZXrezlHN
MYYVFNMZGLiO3ar4ciLVv,tqy6nsKbGDANBHHt7CQaG
KgmUTHhoC043A8lMfdIrC,phlunt5HJ3fBcZXrezlHN
KgmUTHhoC043A8lMfdIrC,n0OLj1cQnnbM3n-2eOzCj
8EIrO61F8s_FAqwnaOGJd,F72UQSSv5qnV6dGq2o8t-
8EIrO61F8s_FAqwnaOGJd,iW3M5z9QsfI5jnVSJjr5j
8EIrO61F8s_FAqwnaOGJd,phlunt5HJ3fBcZXrezlHN
EjEXhX5QhJmWvY22wVAnS,F72UQSSv5qnV6dGq2o8t-
EjEXhX5QhJmWvY22wVAnS,mE5Zf1AWhRKDQNHC_NsmV
EjEXhX5QhJmWvY22wVAnS,phlunt5HJ3fBcZXrezlHN
EjEXhX5QhJmWvY22wVAnS,Uzldz52slOyT_7tD9MSW3
HO97JtXlTsEPV8ecnLAFi,mE5Zf1AWhRKDQNHC_NsmV
HO97JtXlTsEPV8ecnLAFi,n0OLj1cQnnbM3n-2eOzCj
rYLpa-Mum5hy9xC9tDJ42,Uzldz52slOyT_7tD9MSW3
rYLpa-Mum5hy9xC9tDJ42,phlunt5HJ3fBcZXrezlHN
9VvYPdyOG5OiO-4XjS0mE,iW3M5z9QsfI5jnVSJjr5j
9VvYPdyOG5OiO-4XjS0mE,phlunt5HJ3fBcZXrezlHN
8f4D_NhWLkvVVZ-Q4vDdt,L34snMa-YMz_jT9erQqe2
8f4D_NhWLkvVVZ-Q4vDdt,iW3M5z9QsfI5jnVSJjr5j
8f4D_NhWLkvVVZ-Q4vDdt,PFEwpbxaA9UrKET8fDnAt
UaVvraUylFIN33yAGHB8T,F72UQSSv5qnV6dGq2o8t-
UaVvraUylFIN33yAGHB8T,ncFeNw-5M4iGoDD-A8hBH
UaVvraUylFIN33yAGHB8T,iW3M5z9QsfI5jnVSJjr5j
l8Qj9PMntTOLDdb18IGfG,F72UQSSv5qnV6dGq2o8t-
l8Qj9PMntTOLDdb18IGfG,Uzldz52slOyT_7tD9MSW3
l8Qj9PMntTOLDdb18IGfG,n0OLj1cQnnbM3n-2eOzCj
ZkrN319-qj7MQem7M6Hiy,F72UQSSv5qnV6dGq2o8t-
ZkrN319-qj7MQem7M6Hiy,n0OLj1cQnnbM3n-2eOzCj
ZkrN319-qj7MQem7M6Hiy,Uzldz52slOyT_7tD9MSW3
jzeJSgCpbbQI4q0UfV_0O,n0OLj1cQnnbM3n-2eOzCj
jzeJSgCpbbQI4q0UfV_0O,mE5Zf1AWhRKDQNHC_NsmV
jzeJSgCpbbQI4q0UfV_0O,F72UQSSv5qnV6dGq2o8t-
jYxHvxXBVn2ukwEhS0Pli,n0OLj1cQnnbM3n-2eOzCj
jYxHvxXBVn2ukwEhS0Pli,tqy6nsKbGDANBHHt7CQaG
jYxHvxXBVn2ukwEhS0Pli,Uzldz52slOyT_7tD9MSW3
hc3A173aq2RzEoBOMhoUN,F72UQSSv5qnV6dGq2o8t-
hc3A173aq2RzEoBOMhoUN,n0OLj1cQnnbM3n-2eOzCj
hc3A173aq2RzEoBOMhoUN,iW3M5z9QsfI5jnVSJjr5j
8DdLH9V4CcJGLqQxnYlmE,n0OLj1cQnnbM3n-2eOzCj
8DdLH9V4CcJGLqQxnYlmE,PFEwpbxaA9UrKET8fDnAt
x6XRjpxPy5FjecPLxP3w4,Uzldz52slOyT_7tD9MSW3
x6XRjpxPy5FjecPLxP3w4,phlunt5HJ3fBcZXrezlHN
KuCgt-eoFe6CmX4z6c7Dq,F72UQSSv5qnV6dGq2o8t-
KuCgt-eoFe6CmX4z6c7Dq,phlunt5HJ3fBcZXrezlHN
KuCgt-eoFe6CmX4z6c7Dq,iW3M5z9QsfI5jnVSJjr5j
5-4ZD9ZrRzoLUiHsI4FhK,iW3M5z9QsfI5jnVSJjr5j
5-4ZD9ZrRzoLUiHsI4FhK,phlunt5HJ3fBcZXrezlHN
uOJ9jlIRswv_MkkG6hA7m,F72UQSSv5qnV6dGq2o8t-
uOJ9jlIRswv_MkkG6hA7m,L34snMa-YMz_jT9erQqe2
uOJ9jlIRswv_MkkG6hA7m,n0OLj1cQnnbM3n-2eOzCj
gwZfNudVrD-7PZcxZamKB,iW3M5z9QsfI5jnVSJjr5j
gwZfNudVrD-7PZcxZamKB,phlunt5HJ3fBcZXrezlHN
vLKQZeMeRFBEl3-6w2Qol,F72UQSSv5qnV6dGq2o8t-
vLKQZeMeRFBEl3-6w2Qol,KcVqSqCqpBoUqNfNlAkE7
vLKQZeMeRFBEl3-6w2Qol,mE5Zf1AWhRKDQNHC_NsmV
vLKQZeMeRFBEl3-6w2Qol,L34snMa-YMz_jT9erQqe2
5CsCgIvfzS8QJfpCHd-Oc,Uzldz52slOyT_7tD9MSW3
5CsCgIvfzS8QJfpCHd-Oc,F72UQSSv5qnV6dGq2o8t-
NIfjJ0MaMJ3a5DPQQyPUW,L34snMa-YMz_jT9erQqe2
NIfjJ0MaMJ3a5DPQQyPUW,n0OLj1cQnnbM3n-2eOzCj
NIfjJ0MaMJ3a5DPQQyPUW,PFEwpbxaA9UrKET8fDnAt
KWI-hBFQC9-ybQA8d0RnX,L34snMa-YMz_jT9erQqe2
KWI-hBFQC9-ybQA8d0RnX,iW3M5z9QsfI5jnVSJjr5j
9EUHmZMmc3jVitAwY_M6z,ncFeNw-5M4iGoDD-A8hBH
9EUHmZMmc3jVitAwY_M6z,iW3M5z9QsfI5jnVSJjr5j
9EUHmZMmc3jVitAwY_M6z,phlunt5HJ3fBcZXrezlHN
4CLZFGGtIKpuDPl2YgLCl,F72UQSSv5qnV6dGq2o8t-
4CLZFGGtIKpuDPl2YgLCl,phlunt5HJ3fBcZXrezlHN
4CLZFGGtIKpuDPl2YgLCl,Uzldz52slOyT_7tD9MSW3
epn5QdT65kLomQzlD6VQp,iW3M5z9QsfI5jnVSJjr5j
epn5QdT65kLomQzlD6VQp,phlunt5HJ3fBcZXrezlHN
epn5QdT65kLomQzlD6VQp,ncFeNw-5M4iGoDD-A8hBH
BDpDY54w66HRk2KEIdQba,phlunt5HJ3fBcZXrezlHN
BDpDY54w66HRk2KEIdQba,tqy6nsKbGDANBHHt7CQaG
BDpDY54w66HRk2KEIdQba,n0OLj1cQnnbM3n-2eOzCj
6gaCdPk4doDThWUVol8di,iW3M5z9QsfI5jnVSJjr5j
6gaCdPk4doDThWUVol8di,L34snMa-YMz_jT9erQqe2
6gaCdPk4doDThWUVol8di,F72UQSSv5qnV6dGq2o8t-
wj2ig-yQNf3dpvo5-ITOC,F72UQSSv5qnV6dGq2o8t-
wj2ig-yQNf3dpvo5-ITOC,L34snMa-YMz_jT9erQqe2
wj2ig-yQNf3dpvo5-ITOC,mE5Zf1AWhRKDQNHC_NsmV
uq9winBhX8T4fKhFaeaWP,Uzldz52slOyT_7tD9MSW3
uq9winBhX8T4fKhFaeaWP,F72UQSSv5qnV6dGq2o8t-
c9XS8oK6X2X_yQTq4R5tP,ncFeNw-5M4iGoDD-A8hBH
c9XS8oK6X2X_yQTq4R5tP,iW3M5z9QsfI5jnVSJjr5j
c9XS8oK6X2X_yQTq4R5tP,F72UQSSv5qnV6dGq2o8t-
sgbaR7vVXSqNAnB6NuEXf,L34snMa-YMz_jT9erQqe2
sgbaR7vVXSqNAnB6NuEXf,n0OLj1cQnnbM3n-2eOzCj
sgbaR7vVXSqNAnB6NuEXf,iW3M5z9QsfI5jnVSJjr5j
5FojWcq8gQ3xCmNXP0J2i,iW3M5z9QsfI5jnVSJjr5j
5FojWcq8gQ3xCmNXP0J2i,phlunt5HJ3fBcZXrezlHN
5FojWcq8gQ3xCmNXP0J2i,F72UQSSv5qnV6dGq2o8t-
a7MGg4ZXmYfeHYJ6zQFIJ,iW3M5z9QsfI5jnVSJjr5j
a7MGg4ZXmYfeHYJ6zQFIJ,phlunt5HJ3fBcZXrezlHN
6uqpF9bybUCIvGVZQC0c0,F72UQSSv5qnV6dGq2o8t-
6uqpF9bybUCIvGVZQC0c0,L34snMa-YMz_jT9erQqe2
6uqpF9bybUCIvGVZQC0c0,iW3M5z9QsfI5jnVSJjr5j
pzfnz3XJzScBHptujmIDB,L34snMa-YMz_jT9erQqe2
pzfnz3XJzScBHptujmIDB,iW3M5z9QsfI5jnVSJjr5j
pzfnz3XJzScBHptujmIDB,F72UQSSv5qnV6dGq2o8t-
bY0PB4ArUs56-vuIZSJst,Uzldz52slOyT_7tD9MSW3
bY0PB4ArUs56-vuIZSJst,phlunt5HJ3fBcZXrezlHN
bY0PB4ArUs56-vuIZSJst,n0OLj1cQnnbM3n-2eOzCj
YhvZl4tKCNx9vp0LDR2iW,n0OLj1cQnnbM3n-2eOzCj
YhvZl4tKCNx9vp0LDR2iW,mE5Zf1AWhRKDQNHC_NsmV
YhvZl4tKCNx9vp0LDR2iW,2bdRQFIcZXrYbhxeWeffc
nPloaeda81XupLzSbY4id,F72UQSSv5qnV6dGq2o8t-
nPloaeda81XupLzSbY4id,Uzldz52slOyT_7tD9MSW3
nPloaeda81XupLzSbY4id,phlunt5HJ3fBcZXrezlHN
xF8DRZgXehZd0ezMoVnRm,-Q1NyL2hihfCdselYbnjo
xF8DRZgXehZd0ezMoVnRm,ncFeNw-5M4iGoDD-A8hBH
xF8DRZgXehZd0ezMoVnRm,iW3M5z9QsfI5jnVSJjr5j
ZHKPKkzHugY7fRLA4nGLH,L34snMa-YMz_jT9erQqe2
ZHKPKkzHugY7fRLA4nGLH,iW3M5z9QsfI5jnVSJjr5j
zRgvMZL-YfMCmSGFuENMm,F72UQSSv5qnV6dGq2o8t-
zRgvMZL-YfMCmSGFuENMm,ncFeNw-5M4iGoDD-A8hBH
zRgvMZL-YfMCmSGFuENMm,-Q1NyL2hihfCdselYbnjo
zRgvMZL-YfMCmSGFuENMm,Uzldz52slOyT_7tD9MSW3
zRgvMZL-YfMCmSGFuENMm,phlunt5HJ3fBcZXrezlHN
6s1Uwm2vztHlKrlL2sEvV,F72UQSSv5qnV6dGq2o8t-
6s1Uwm2vztHlKrlL2sEvV,ncFeNw-5M4iGoDD-A8hBH
6s1Uwm2vztHlKrlL2sEvV,Uzldz52slOyT_7tD9MSW3
6s1Uwm2vztHlKrlL2sEvV,phlunt5HJ3fBcZXrezlHN
Nli3b-7pFnqLMC7PecPan,iW3M5z9QsfI5jnVSJjr5j
Nli3b-7pFnqLMC7PecPan,F72UQSSv5qnV6dGq2o8t-
H9errwCr-c73xYLgNnCpg,iW3M5z9QsfI5jnVSJjr5j
H9errwCr-c73xYLgNnCpg,phlunt5HJ3fBcZXrezlHN
eSq9LaNLb15FL-KoRUaJC,F72UQSSv5qnV6dGq2o8t-
eSq9LaNLb15FL-KoRUaJC,n0OLj1cQnnbM3n-2eOzCj
eSq9LaNLb15FL-KoRUaJC,L34snMa-YMz_jT9erQqe2
eSq9LaNLb15FL-KoRUaJC,Uzldz52slOyT_7tD9MSW3
eSq9LaNLb15FL-KoRUaJC,PFEwpbxaA9UrKET8fDnAt
4KXJZeGRtWKZuYyqaGv7l,L34snMa-YMz_jT9erQqe2
4KXJZeGRtWKZuYyqaGv7l,iW3M5z9QsfI5jnVSJjr5j
4KXJZeGRtWKZuYyqaGv7l,phlunt5HJ3fBcZXrezlHN
y-hLy0FPbYiHPFeeEDEec,n0OLj1cQnnbM3n-2eOzCj
y-hLy0FPbYiHPFeeEDEec,F72UQSSv5qnV6dGq2o8t-
vTh89OIBGuEj5eQcI7w4H,iW3M5z9QsfI5jnVSJjr5j
vTh89OIBGuEj5eQcI7w4H,L34snMa-YMz_jT9erQqe2
qjVCjEjEtq9N7cSSYPgll,phlunt5HJ3fBcZXrezlHN
qjVCjEjEtq9N7cSSYPgll,Uzldz52slOyT_7tD9MSW3
qjVCjEjEtq9N7cSSYPgll,F72UQSSv5qnV6dGq2o8t-
78TfVSuvUVAuBlWV0geT4,mE5Zf1AWhRKDQNHC_NsmV
78TfVSuvUVAuBlWV0geT4,n0OLj1cQnnbM3n-2eOzCj
78TfVSuvUVAuBlWV0geT4,F72UQSSv5qnV6dGq2o8t-
v-gWAtVmVvtEeISPsmsxd,Uzldz52slOyT_7tD9MSW3
v-gWAtVmVvtEeISPsmsxd,-Q1NyL2hihfCdselYbnjo
0AZeFFyKMiZlM95x--ALA,F72UQSSv5qnV6dGq2o8t-
0AZeFFyKMiZlM95x--ALA,iW3M5z9QsfI5jnVSJjr5j
0AZeFFyKMiZlM95x--ALA,ncFeNw-5M4iGoDD-A8hBH
0AZeFFyKMiZlM95x--ALA,phlunt5HJ3fBcZXrezlHN
s1ix1hPJGWDcrhSxaDvTu,n0OLj1cQnnbM3n-2eOzCj
s1ix1hPJGWDcrhSxaDvTu,phlunt5HJ3fBcZXrezlHN
s1ix1hPJGWDcrhSxaDvTu,L34snMa-YMz_jT9erQqe2
s1ix1hPJGWDcrhSxaDvTu,Uzldz52slOyT_7tD9MSW3
KERcbxdgL490nLo2GD7Br,iW3M5z9QsfI5jnVSJjr5j
KERcbxdgL490nLo2GD7Br,phlunt5HJ3fBcZXrezlHN
KERcbxdgL490nLo2GD7Br,L34snMa-YMz_jT9erQqe2
6P-W0meC88X-qXf4Jumpz,phlunt5HJ3fBcZXrezlHN
6P-W0meC88X-qXf4Jumpz,tqy6nsKbGDANBHHt7CQaG
4NY6OWRVnJ8U4iUNGO2GK,F72UQSSv5qnV6dGq2o8t-
4NY6OWRVnJ8U4iUNGO2GK,n0OLj1cQnnbM3n-2eOzCj
4NY6OWRVnJ8U4iUNGO2GK,iW3M5z9QsfI5jnVSJjr5j
4NY6OWRVnJ8U4iUNGO2GK,Uzldz52slOyT_7tD9MSW3
gzRDy4w2IimC_TiFZ8eIk,n0OLj1cQnnbM3n-2eOzCj
gzRDy4w2IimC_TiFZ8eIk,mE5Zf1AWhRKDQNHC_NsmV
gzRDy4w2IimC_TiFZ8eIk,F72UQSSv5qnV6dGq2o8t-
lyzJX9jSl2e-NVJer-esm,L34snMa-YMz_jT9erQqe2
lyzJX9jSl2e-NVJer-esm,iW3M5z9QsfI5jnVSJjr5j
wqrXVbG0ibpZauoNysKyf,tqy6nsKbGDANBHHt7CQaG
wqrXVbG0ibpZauoNysKyf,phlunt5HJ3fBcZXrezlHN
wqrXVbG0ibpZauoNysKyf,n0OLj1cQnnbM3n-2eOzCj
c5CXWs51rgiloGy044f5Z,2bdRQFIcZXrYbhxeWeffc
c5CXWs51rgiloGy044f5Z,n0OLj1cQnnbM3n-2eOzCj
c5CXWs51rgiloGy044f5Z,L34snMa-YMz_jT9erQqe2
nxZiJBJ4R3iR7Y19hpFE_,PFEwpbxaA9UrKET8fDnAt
nxZiJBJ4R3iR7Y19hpFE_,-Q1NyL2hihfCdselYbnjo
nxZiJBJ4R3iR7Y19hpFE_,iW3M5z9QsfI5jnVSJjr5j
nxZiJBJ4R3iR7Y19hpFE_,phlunt5HJ3fBcZXrezlHN
nxZiJBJ4R3iR7Y19hpFE_,ncFeNw-5M4iGoDD-A8hBH
nxZiJBJ4R3iR7Y19hpFE_,-5F1wQ50bue4PA2khE3sM
wpwb5Pk8UMjU5hRa--pcc,F72UQSSv5qnV6dGq2o8t-
wpwb5Pk8UMjU5hRa--pcc,n0OLj1cQnnbM3n-2eOzCj
wpwb5Pk8UMjU5hRa--pcc,Uzldz52slOyT_7tD9MSW3
4UPY0hkGCLsml7ysb6ddi,F72UQSSv5qnV6dGq2o8t-
4UPY0hkGCLsml7ysb6ddi,n0OLj1cQnnbM3n-2eOzCj
4UPY0hkGCLsml7ysb6ddi,iW3M5z9QsfI5jnVSJjr5j
4UPY0hkGCLsml7ysb6ddi,Uzldz52slOyT_7tD9MSW3
nIh8mgPLwRoM4nOuTlXzg,F72UQSSv5qnV6dGq2o8t-
nIh8mgPLwRoM4nOuTlXzg,iW3M5z9QsfI5jnVSJjr5j
nIh8mgPLwRoM4nOuTlXzg,n0OLj1cQnnbM3n-2eOzCj
tjvZu-JuWNnWjKsh_3837,L34snMa-YMz_jT9erQqe2
tjvZu-JuWNnWjKsh_3837,mE5Zf1AWhRKDQNHC_NsmV
lXz5Xme7F7xgWiXnNSv6V,F72UQSSv5qnV6dGq2o8t-
lXz5Xme7F7xgWiXnNSv6V,Uzldz52slOyT_7tD9MSW3
lXz5Xme7F7xgWiXnNSv6V,n0OLj1cQnnbM3n-2eOzCj
sm9gWwBp4-Pch_EkLebth,n0OLj1cQnnbM3n-2eOzCj
sm9gWwBp4-Pch_EkLebth,phlunt5HJ3fBcZXrezlHN
rh0PFFmtmr1RuHtb1T730,n0OLj1cQnnbM3n-2eOzCj
rh0PFFmtmr1RuHtb1T730,F72UQSSv5qnV6dGq2o8t-
rh0PFFmtmr1RuHtb1T730,phlunt5HJ3fBcZXrezlHN
BT4dd5xDOjwQCVg7jQXc9,Uzldz52slOyT_7tD9MSW3
BT4dd5xDOjwQCVg7jQXc9,phlunt5HJ3fBcZXrezlHN
hPb9B_6nzkS73i9gtZuxB,Uzldz52slOyT_7tD9MSW3
hPb9B_6nzkS73i9gtZuxB,F72UQSSv5qnV6dGq2o8t-
Z-fWvHsvWGjQMlby64374,PFEwpbxaA9UrKET8fDnAt
Z-fWvHsvWGjQMlby64374,n0OLj1cQnnbM3n-2eOzCj
Z-fWvHsvWGjQMlby64374,L34snMa-YMz_jT9erQqe2
8xv5DZc6zIQ39eF6zdspo,F72UQSSv5qnV6dGq2o8t-
8xv5DZc6zIQ39eF6zdspo,iW3M5z9QsfI5jnVSJjr5j
8xv5DZc6zIQ39eF6zdspo,phlunt5HJ3fBcZXrezlHN
8xv5DZc6zIQ39eF6zdspo,ncFeNw-5M4iGoDD-A8hBH
ML_fvdYJ6FOouXYj6uIGV,Uzldz52slOyT_7tD9MSW3
ML_fvdYJ6FOouXYj6uIGV,n0OLj1cQnnbM3n-2eOzCj
ML_fvdYJ6FOouXYj6uIGV,phlunt5HJ3fBcZXrezlHN
Kb1WjxM5Tm7VNyzh1M69H,n0OLj1cQnnbM3n-2eOzCj
Kb1WjxM5Tm7VNyzh1M69H,PFEwpbxaA9UrKET8fDnAt
Bw1gbm6ZPx6QE5CyRVvgp,PFEwpbxaA9UrKET8fDnAt
Bw1gbm6ZPx6QE5CyRVvgp,F72UQSSv5qnV6dGq2o8t-
ZFxNvGDjoHrF_1DcJ-DXY,F72UQSSv5qnV6dGq2o8t-
ZFxNvGDjoHrF_1DcJ-DXY,Uzldz52slOyT_7tD9MSW3
ZFxNvGDjoHrF_1DcJ-DXY,phlunt5HJ3fBcZXrezlHN
9-UhFvx63_p6Svve8vr1D,ncFeNw-5M4iGoDD-A8hBH
9-UhFvx63_p6Svve8vr1D,-Q1NyL2hihfCdselYbnjo
9-UhFvx63_p6Svve8vr1D,Uzldz52slOyT_7tD9MSW3
9-UhFvx63_p6Svve8vr1D,iW3M5z9QsfI5jnVSJjr5j
qOw5Neh7ClSZpedDkPBNg,iW3M5z9QsfI5jnVSJjr5j
qOw5Neh7ClSZpedDkPBNg,L34snMa-YMz_jT9erQqe2
qOw5Neh7ClSZpedDkPBNg,phlunt5HJ3fBcZXrezlHN
8hHCjJXqt-VqS3OzB_GQG,Uzldz52slOyT_7tD9MSW3
8hHCjJXqt-VqS3OzB_GQG,phlunt5HJ3fBcZXrezlHN
8hHCjJXqt-VqS3OzB_GQG,F72UQSSv5qnV6dGq2o8t-
aJkZLrsqpMx2UJnPLuMZ9,n0OLj1cQnnbM3n-2eOzCj
aJkZLrsqpMx2UJnPLuMZ9,PFEwpbxaA9UrKET8fDnAt
aJkZLrsqpMx2UJnPLuMZ9,phlunt5HJ3fBcZXrezlHN
ElRSwvFdccn1AMYuU5rvG,iW3M5z9QsfI5jnVSJjr5j
ElRSwvFdccn1AMYuU5rvG,phlunt5HJ3fBcZXrezlHN
ElRSwvFdccn1AMYuU5rvG,tqy6nsKbGDANBHHt7CQaG
hleesu0rprQmYYEZR3YqJ,Uzldz52slOyT_7tD9MSW3
hleesu0rprQmYYEZR3YqJ,phlunt5HJ3fBcZXrezlHN
hleesu0rprQmYYEZR3YqJ,L34snMa-YMz_jT9erQqe2
xwu-u98wFrC_heOuuBO7z,F72UQSSv5qnV6dGq2o8t-
xwu-u98wFrC_heOuuBO7z,mE5Zf1AWhRKDQNHC_NsmV
xwu-u98wFrC_heOuuBO7z,L34snMa-YMz_jT9erQqe2
8B8014AChWWXQTcJXgmQ4,F72UQSSv5qnV6dGq2o8t-
8B8014AChWWXQTcJXgmQ4,n0OLj1cQnnbM3n-2eOzCj
8B8014AChWWXQTcJXgmQ4,2bdRQFIcZXrYbhxeWeffc
8B8014AChWWXQTcJXgmQ4,L34snMa-YMz_jT9erQqe2
t85fozzNjVxGrpNzaTmHv,PFEwpbxaA9UrKET8fDnAt
t85fozzNjVxGrpNzaTmHv,F72UQSSv5qnV6dGq2o8t-
iIqjmTgjaDGxeWt_ZNFBn,F72UQSSv5qnV6dGq2o8t-
iIqjmTgjaDGxeWt_ZNFBn,n0OLj1cQnnbM3n-2eOzCj
iIqjmTgjaDGxeWt_ZNFBn,iW3M5z9QsfI5jnVSJjr5j
iIqjmTgjaDGxeWt_ZNFBn,Uzldz52slOyT_7tD9MSW3
bj4TwEyghkmKYIDyaNY3Z,n0OLj1cQnnbM3n-2eOzCj
bj4TwEyghkmKYIDyaNY3Z,PFEwpbxaA9UrKET8fDnAt
bj4TwEyghkmKYIDyaNY3Z,2bdRQFIcZXrYbhxeWeffc
bj4TwEyghkmKYIDyaNY3Z,L34snMa-YMz_jT9erQqe2
MmI23xMi-LfjnZBpaqxRe,2bdRQFIcZXrYbhxeWeffc
MmI23xMi-LfjnZBpaqxRe,n0OLj1cQnnbM3n-2eOzCj
MmI23xMi-LfjnZBpaqxRe,mE5Zf1AWhRKDQNHC_NsmV
dliadglI0kRBUYa_v6FUb,L34snMa-YMz_jT9erQqe2
dliadglI0kRBUYa_v6FUb,2bdRQFIcZXrYbhxeWeffc
dliadglI0kRBUYa_v6FUb,iW3M5z9QsfI5jnVSJjr5j
HtcKT_T_SCT3SptzzSfwd,ncFeNw-5M4iGoDD-A8hBH
HtcKT_T_SCT3SptzzSfwd,iW3M5z9QsfI5jnVSJjr5j
HtcKT_T_SCT3SptzzSfwd,n0OLj1cQnnbM3n-2eOzCj
jTf-UEXUVNpbSULzGLwpw,ncFeNw-5M4iGoDD-A8hBH
jTf-UEXUVNpbSULzGLwpw,iW3M5z9QsfI5jnVSJjr5j
jTf-UEXUVNpbSULzGLwpw,n0OLj1cQnnbM3n-2eOzCj
RBXg2enRO0NuX8v7xKzTK,F72UQSSv5qnV6dGq2o8t-
RBXg2enRO0NuX8v7xKzTK,n0OLj1cQnnbM3n-2eOzCj
RBXg2enRO0NuX8v7xKzTK,iW3M5z9QsfI5jnVSJjr5j
RBXg2enRO0NuX8v7xKzTK,Uzldz52slOyT_7tD9MSW3
dS9AOsL8CvSPbV1U94dYO,F72UQSSv5qnV6dGq2o8t-
dS9AOsL8CvSPbV1U94dYO,phlunt5HJ3fBcZXrezlHN
QX3yvD1kRw-d7tUikOv8-,PFEwpbxaA9UrKET8fDnAt
QX3yvD1kRw-d7tUikOv8-,phlunt5HJ3fBcZXrezlHN
QX3yvD1kRw-d7tUikOv8-,iW3M5z9QsfI5jnVSJjr5j
YL--ND1M8q1ZkYrdlgj4c,F72UQSSv5qnV6dGq2o8t-
YL--ND1M8q1ZkYrdlgj4c,n0OLj1cQnnbM3n-2eOzCj
YL--ND1M8q1ZkYrdlgj4c,iW3M5z9QsfI5jnVSJjr5j
YL--ND1M8q1ZkYrdlgj4c,Uzldz52slOyT_7tD9MSW3
9ig4AgR2ermfzdIBcLmgV,n0OLj1cQnnbM3n-2eOzCj
9ig4AgR2ermfzdIBcLmgV,mE5Zf1AWhRKDQNHC_NsmV
9ig4AgR2ermfzdIBcLmgV,F72UQSSv5qnV6dGq2o8t-
4yYAchao_kfRZGPrS-6os,n0OLj1cQnnbM3n-2eOzCj
4yYAchao_kfRZGPrS-6os,mE5Zf1AWhRKDQNHC_NsmV
4yYAchao_kfRZGPrS-6os,F72UQSSv5qnV6dGq2o8t-
W4YelVjLp-bD4n-92m1bH,F72UQSSv5qnV6dGq2o8t-
W4YelVjLp-bD4n-92m1bH,mE5Zf1AWhRKDQNHC_NsmV
W4YelVjLp-bD4n-92m1bH,n0OLj1cQnnbM3n-2eOzCj
VcQCDirvLCatkMiYhePk5,Uzldz52slOyT_7tD9MSW3
VcQCDirvLCatkMiYhePk5,F72UQSSv5qnV6dGq2o8t-
kAWxpWhf9ydB32s9HfKA0,n0OLj1cQnnbM3n-2eOzCj
kAWxpWhf9ydB32s9HfKA0,tqy6nsKbGDANBHHt7CQaG
kAWxpWhf9ydB32s9HfKA0,phlunt5HJ3fBcZXrezlHN
qLPh5IMiuB0CLXZ1aQaxu,PFEwpbxaA9UrKET8fDnAt
qLPh5IMiuB0CLXZ1aQaxu,Uzldz52slOyT_7tD9MSW3
qLPh5IMiuB0CLXZ1aQaxu,n0OLj1cQnnbM3n-2eOzCj
yO2LIMKu5GAdM_Jq9hph-,Uzldz52slOyT_7tD9MSW3
yO2LIMKu5GAdM_Jq9hph-,phlunt5HJ3fBcZXrezlHN
yO2LIMKu5GAdM_Jq9hph-,iW3M5z9QsfI5jnVSJjr5j
TOaEiFdzcEUNddAjMdbaF,phlunt5HJ3fBcZXrezlHN
TOaEiFdzcEUNddAjMdbaF,iW3M5z9QsfI5jnVSJjr5j
TOaEiFdzcEUNddAjMdbaF,WpkELU1QduAUsJRvAKneB
GYJtBTqaXMl7tmRacbPoO,n0OLj1cQnnbM3n-2eOzCj
GYJtBTqaXMl7tmRacbPoO,mE5Zf1AWhRKDQNHC_NsmV
GYJtBTqaXMl7tmRacbPoO,F72UQSSv5qnV6dGq2o8t-
DjQUqnP3m1u272o6otURW,F72UQSSv5qnV6dGq2o8t-
DjQUqnP3m1u272o6otURW,phlunt5HJ3fBcZXrezlHN
DjQUqnP3m1u272o6otURW,Uzldz52slOyT_7tD9MSW3
boco4YlqsRd9HiebM-DVM,F72UQSSv5qnV6dGq2o8t-
boco4YlqsRd9HiebM-DVM,iW3M5z9QsfI5jnVSJjr5j
boco4YlqsRd9HiebM-DVM,phlunt5HJ3fBcZXrezlHN
QyY8eIP8seDB8MObHDbyL,n0OLj1cQnnbM3n-2eOzCj
QyY8eIP8seDB8MObHDbyL,2bdRQFIcZXrYbhxeWeffc
FotV0eyckxt430Vijju5l,n0OLj1cQnnbM3n-2eOzCj
FotV0eyckxt430Vijju5l,F72UQSSv5qnV6dGq2o8t-
eXduN2aJg97sO_nAW6Yop,F72UQSSv5qnV6dGq2o8t-
eXduN2aJg97sO_nAW6Yop,n0OLj1cQnnbM3n-2eOzCj
eXduN2aJg97sO_nAW6Yop,iW3M5z9QsfI5jnVSJjr5j
eXduN2aJg97sO_nAW6Yop,Uzldz52slOyT_7tD9MSW3
jUfkJHTVpUTXFHoJelKBY,L34snMa-YMz_jT9erQqe2
jUfkJHTVpUTXFHoJelKBY,iW3M5z9QsfI5jnVSJjr5j
JYssjmZ4fiG3XLW-Y10Cr,F72UQSSv5qnV6dGq2o8t-
JYssjmZ4fiG3XLW-Y10Cr,phlunt5HJ3fBcZXrezlHN
JYssjmZ4fiG3XLW-Y10Cr,Uzldz52slOyT_7tD9MSW3
PK3nRQR0xUe8u3SKChu2i,iW3M5z9QsfI5jnVSJjr5j
PK3nRQR0xUe8u3SKChu2i,phlunt5HJ3fBcZXrezlHN
PK3nRQR0xUe8u3SKChu2i,F72UQSSv5qnV6dGq2o8t-
uJ618osUI2zAEOJYLpxOw,L34snMa-YMz_jT9erQqe2
uJ618osUI2zAEOJYLpxOw,iW3M5z9QsfI5jnVSJjr5j
uJ618osUI2zAEOJYLpxOw,phlunt5HJ3fBcZXrezlHN
7Y7xfEU8YdqyeIahpEt7s,ncFeNw-5M4iGoDD-A8hBH
7Y7xfEU8YdqyeIahpEt7s,iW3M5z9QsfI5jnVSJjr5j
7Y7xfEU8YdqyeIahpEt7s,F72UQSSv5qnV6dGq2o8t-
bPwX9D6_ZSth4zflhDlOE,n0OLj1cQnnbM3n-2eOzCj
bPwX9D6_ZSth4zflhDlOE,mE5Zf1AWhRKDQNHC_NsmV
bPwX9D6_ZSth4zflhDlOE,F72UQSSv5qnV6dGq2o8t-
QKIh0WBZrGus4f9kfmSbE,n0OLj1cQnnbM3n-2eOzCj
QKIh0WBZrGus4f9kfmSbE,mE5Zf1AWhRKDQNHC_NsmV
QKIh0WBZrGus4f9kfmSbE,F72UQSSv5qnV6dGq2o8t-
cIi8KWeoocxrX-ceUNYfn,F72UQSSv5qnV6dGq2o8t-
cIi8KWeoocxrX-ceUNYfn,iW3M5z9QsfI5jnVSJjr5j
2QZCXlyoBYRZ2vmGjiOeF,L34snMa-YMz_jT9erQqe2
2QZCXlyoBYRZ2vmGjiOeF,n0OLj1cQnnbM3n-2eOzCj
2QZCXlyoBYRZ2vmGjiOeF,Uzldz52slOyT_7tD9MSW3
C07gtE7QAKfaAHbfcwhnH,n0OLj1cQnnbM3n-2eOzCj
C07gtE7QAKfaAHbfcwhnH,mE5Zf1AWhRKDQNHC_NsmV
C07gtE7QAKfaAHbfcwhnH,L34snMa-YMz_jT9erQqe2
9SLI0t8BgmtNyCHnfPlLk,F72UQSSv5qnV6dGq2o8t-
9SLI0t8BgmtNyCHnfPlLk,iW3M5z9QsfI5jnVSJjr5j
9SLI0t8BgmtNyCHnfPlLk,Uzldz52slOyT_7tD9MSW3
j0oTe9651pY0Pq3LLa-yO,ncFeNw-5M4iGoDD-A8hBH
j0oTe9651pY0Pq3LLa-yO,iW3M5z9QsfI5jnVSJjr5j
j0oTe9651pY0Pq3LLa-yO,n0OLj1cQnnbM3n-2eOzCj
wk8CDcKVieZaWBVbJptOl,L34snMa-YMz_jT9erQqe2
wk8CDcKVieZaWBVbJptOl,iW3M5z9QsfI5jnVSJjr5j
wk8CDcKVieZaWBVbJptOl,phlunt5HJ3fBcZXrezlHN
9yXp0szLPJtqMkn6k0VFp,n0OLj1cQnnbM3n-2eOzCj
9yXp0szLPJtqMkn6k0VFp,mE5Zf1AWhRKDQNHC_NsmV
9yXp0szLPJtqMkn6k0VFp,L34snMa-YMz_jT9erQqe2
nHPon5EV8JRq4rj5DjTSW,ncFeNw-5M4iGoDD-A8hBH
nHPon5EV8JRq4rj5DjTSW,iW3M5z9QsfI5jnVSJjr5j
nHPon5EV8JRq4rj5DjTSW,phlunt5HJ3fBcZXrezlHN
Ym2JgsJDgA9hkwYOnV5jv,iW3M5z9QsfI5jnVSJjr5j
Ym2JgsJDgA9hkwYOnV5jv,phlunt5HJ3fBcZXrezlHN
Ym2JgsJDgA9hkwYOnV5jv,-5F1wQ50bue4PA2khE3sM
cV6A3ZWdZa4uQ8zLaiUOJ,F72UQSSv5qnV6dGq2o8t-
cV6A3ZWdZa4uQ8zLaiUOJ,n0OLj1cQnnbM3n-2eOzCj
cV6A3ZWdZa4uQ8zLaiUOJ,phlunt5HJ3fBcZXrezlHN
I3NzF2j3yccmBZekovcfb,iW3M5z9QsfI5jnVSJjr5j
I3NzF2j3yccmBZekovcfb,phlunt5HJ3fBcZXrezlHN
MOiA59HiaGuGd89D-BUG5,F72UQSSv5qnV6dGq2o8t-
MOiA59HiaGuGd89D-BUG5,iW3M5z9QsfI5jnVSJjr5j
MOiA59HiaGuGd89D-BUG5,phlunt5HJ3fBcZXrezlHN
MOiA59HiaGuGd89D-BUG5,Uzldz52slOyT_7tD9MSW3
rGAkTApgMlYdY_TWpwG7y,n0OLj1cQnnbM3n-2eOzCj
rGAkTApgMlYdY_TWpwG7y,phlunt5HJ3fBcZXrezlHN
rGAkTApgMlYdY_TWpwG7y,tqy6nsKbGDANBHHt7CQaG
Ss4DqM-KH9G04aSIiYWs2,F72UQSSv5qnV6dGq2o8t-
Ss4DqM-KH9G04aSIiYWs2,n0OLj1cQnnbM3n-2eOzCj
Ss4DqM-KH9G04aSIiYWs2,L34snMa-YMz_jT9erQqe2
Ss4DqM-KH9G04aSIiYWs2,phlunt5HJ3fBcZXrezlHN
N8qjKlfl74UM45B8wGVmL,F72UQSSv5qnV6dGq2o8t-
N8qjKlfl74UM45B8wGVmL,iW3M5z9QsfI5jnVSJjr5j
N8qjKlfl74UM45B8wGVmL,phlunt5HJ3fBcZXrezlHN
GTQB3vqGCK9fA9CHy8dzH,F72UQSSv5qnV6dGq2o8t-
GTQB3vqGCK9fA9CHy8dzH,iW3M5z9QsfI5jnVSJjr5j
GTQB3vqGCK9fA9CHy8dzH,phlunt5HJ3fBcZXrezlHN
VJRDFUqLWlwIFcgQLvv28,F72UQSSv5qnV6dGq2o8t-
VJRDFUqLWlwIFcgQLvv28,iW3M5z9QsfI5jnVSJjr5j
VJRDFUqLWlwIFcgQLvv28,-5F1wQ50bue4PA2khE3sM
VJRDFUqLWlwIFcgQLvv28,ncFeNw-5M4iGoDD-A8hBH
v6CHGO114YAvScULAvBtb,phlunt5HJ3fBcZXrezlHN
v6CHGO114YAvScULAvBtb,n0OLj1cQnnbM3n-2eOzCj
v6CHGO114YAvScULAvBtb,tqy6nsKbGDANBHHt7CQaG
s4HPJ2KQUjJRCvTizuC7i,L34snMa-YMz_jT9erQqe2
s4HPJ2KQUjJRCvTizuC7i,iW3M5z9QsfI5jnVSJjr5j
jFBjF8dm-2yjZHPKFCUkc,ncFeNw-5M4iGoDD-A8hBH
jFBjF8dm-2yjZHPKFCUkc,iW3M5z9QsfI5jnVSJjr5j
jFBjF8dm-2yjZHPKFCUkc,phlunt5HJ3fBcZXrezlHN
z62QlSz5SvydAgfMFvvMM,n0OLj1cQnnbM3n-2eOzCj
z62QlSz5SvydAgfMFvvMM,F72UQSSv5qnV6dGq2o8t-
z62QlSz5SvydAgfMFvvMM,PFEwpbxaA9UrKET8fDnAt
ruasislOuMzOO_uDxAVdz,n0OLj1cQnnbM3n-2eOzCj
ruasislOuMzOO_uDxAVdz,phlunt5HJ3fBcZXrezlHN
ruasislOuMzOO_uDxAVdz,tqy6nsKbGDANBHHt7CQaG
zB8klmyMD0dPiLc8a04SZ,mE5Zf1AWhRKDQNHC_NsmV
zB8klmyMD0dPiLc8a04SZ,n0OLj1cQnnbM3n-2eOzCj
zB8klmyMD0dPiLc8a04SZ,F72UQSSv5qnV6dGq2o8t-
E0pPJT13OM8Q_RgyT3O1h,n0OLj1cQnnbM3n-2eOzCj
E0pPJT13OM8Q_RgyT3O1h,phlunt5HJ3fBcZXrezlHN
E0pPJT13OM8Q_RgyT3O1h,Uzldz52slOyT_7tD9MSW3
B6TGMOFHgXXk96Hwrmn1v,L34snMa-YMz_jT9erQqe2
B6TGMOFHgXXk96Hwrmn1v,iW3M5z9QsfI5jnVSJjr5j
2e7ntjv5HNBB5cD48QSXj,F72UQSSv5qnV6dGq2o8t-
2e7ntjv5HNBB5cD48QSXj,mE5Zf1AWhRKDQNHC_NsmV
2e7ntjv5HNBB5cD48QSXj,L34snMa-YMz_jT9erQqe2
FTCRzmDn5uEvSlAMgx5vI,F72UQSSv5qnV6dGq2o8t-
FTCRzmDn5uEvSlAMgx5vI,n0OLj1cQnnbM3n-2eOzCj
FTCRzmDn5uEvSlAMgx5vI,Uzldz52slOyT_7tD9MSW3
FTCRzmDn5uEvSlAMgx5vI,iW3M5z9QsfI5jnVSJjr5j
t6eyc54dxH5ughy0tXluZ,phlunt5HJ3fBcZXrezlHN
t6eyc54dxH5ughy0tXluZ,n0OLj1cQnnbM3n-2eOzCj
t6eyc54dxH5ughy0tXluZ,tqy6nsKbGDANBHHt7CQaG
D2_jM5vuJFzAFIN35z6c2,L34snMa-YMz_jT9erQqe2
D2_jM5vuJFzAFIN35z6c2,iW3M5z9QsfI5jnVSJjr5j
D2_jM5vuJFzAFIN35z6c2,phlunt5HJ3fBcZXrezlHN
HlkG0t0Qh540lzevLCEhy,F72UQSSv5qnV6dGq2o8t-
HlkG0t0Qh540lzevLCEhy,WpkELU1QduAUsJRvAKneB
HlkG0t0Qh540lzevLCEhy,iW3M5z9QsfI5jnVSJjr5j
8-xFQVPEFsuEcr2RdJkoi,ncFeNw-5M4iGoDD-A8hBH
8-xFQVPEFsuEcr2RdJkoi,iW3M5z9QsfI5jnVSJjr5j
8-xFQVPEFsuEcr2RdJkoi,F72UQSSv5qnV6dGq2o8t-
znazTpYP_bBmZkk85ocL0,F72UQSSv5qnV6dGq2o8t-
znazTpYP_bBmZkk85ocL0,PFEwpbxaA9UrKET8fDnAt
znazTpYP_bBmZkk85ocL0,Uzldz52slOyT_7tD9MSW3
O4uKhIT8ONkixYG2vCyB8,F72UQSSv5qnV6dGq2o8t-
O4uKhIT8ONkixYG2vCyB8,mE5Zf1AWhRKDQNHC_NsmV
O4uKhIT8ONkixYG2vCyB8,n0OLj1cQnnbM3n-2eOzCj
g7fYbQ9l1-WrumTbet0su,n0OLj1cQnnbM3n-2eOzCj
g7fYbQ9l1-WrumTbet0su,mE5Zf1AWhRKDQNHC_NsmV
g7fYbQ9l1-WrumTbet0su,F72UQSSv5qnV6dGq2o8t-
zS3_9I37hhkVSguadnl64,Uzldz52slOyT_7tD9MSW3
zS3_9I37hhkVSguadnl64,PFEwpbxaA9UrKET8fDnAt
zS3_9I37hhkVSguadnl64,phlunt5HJ3fBcZXrezlHN
fwvikRWsEUIEqaH0T2njV,n0OLj1cQnnbM3n-2eOzCj
fwvikRWsEUIEqaH0T2njV,mE5Zf1AWhRKDQNHC_NsmV
fwvikRWsEUIEqaH0T2njV,F72UQSSv5qnV6dGq2o8t-
b6TB3PccDRkHLlqSy9sED,Uzldz52slOyT_7tD9MSW3
b6TB3PccDRkHLlqSy9sED,phlunt5HJ3fBcZXrezlHN
xYLhtWWCsiw37M279ipmo,F72UQSSv5qnV6dGq2o8t-
xYLhtWWCsiw37M279ipmo,n0OLj1cQnnbM3n-2eOzCj
xYLhtWWCsiw37M279ipmo,iW3M5z9QsfI5jnVSJjr5j
xYLhtWWCsiw37M279ipmo,Uzldz52slOyT_7tD9MSW3
569hPSvsoTLHZRDrjWd2L,Uzldz52slOyT_7tD9MSW3
569hPSvsoTLHZRDrjWd2L,phlunt5HJ3fBcZXrezlHN
569hPSvsoTLHZRDrjWd2L,L34snMa-YMz_jT9erQqe2
Cmy0plr5CAgDNIjL8PI2m,Uzldz52slOyT_7tD9MSW3
Cmy0plr5CAgDNIjL8PI2m,n0OLj1cQnnbM3n-2eOzCj
l4QSAmPHMgaq_kmVBlRIE,n0OLj1cQnnbM3n-2eOzCj
l4QSAmPHMgaq_kmVBlRIE,phlunt5HJ3fBcZXrezlHN
l4QSAmPHMgaq_kmVBlRIE,mE5Zf1AWhRKDQNHC_NsmV
jIYOG5rFnHsoMZfY2a0JA,ncFeNw-5M4iGoDD-A8hBH
jIYOG5rFnHsoMZfY2a0JA,iW3M5z9QsfI5jnVSJjr5j
jIYOG5rFnHsoMZfY2a0JA,phlunt5HJ3fBcZXrezlHN
xiXkctaaUV3Q9dV1LFC08,2bdRQFIcZXrYbhxeWeffc
xiXkctaaUV3Q9dV1LFC08,n0OLj1cQnnbM3n-2eOzCj
xiXkctaaUV3Q9dV1LFC08,F72UQSSv5qnV6dGq2o8t-
B1i8k2SGE7FmavbIWOSP2,F72UQSSv5qnV6dGq2o8t-
B1i8k2SGE7FmavbIWOSP2,iW3M5z9QsfI5jnVSJjr5j
B1i8k2SGE7FmavbIWOSP2,phlunt5HJ3fBcZXrezlHN
NhzWd8HMHEFhYhMTupBjY,n0OLj1cQnnbM3n-2eOzCj
NhzWd8HMHEFhYhMTupBjY,2bdRQFIcZXrYbhxeWeffc
NhzWd8HMHEFhYhMTupBjY,F72UQSSv5qnV6dGq2o8t-
0fjZqWXdOX-AgUfeVMohU,n0OLj1cQnnbM3n-2eOzCj
0fjZqWXdOX-AgUfeVMohU,PFEwpbxaA9UrKET8fDnAt
0fjZqWXdOX-AgUfeVMohU,Uzldz52slOyT_7tD9MSW3
9OwO7b-9ryMQIEUU0rs8k,L34snMa-YMz_jT9erQqe2
9OwO7b-9ryMQIEUU0rs8k,iW3M5z9QsfI5jnVSJjr5j
9OwO7b-9ryMQIEUU0rs8k,Uzldz52slOyT_7tD9MSW3
2xwMfu-z6Nm-JAALaqBCT,F72UQSSv5qnV6dGq2o8t-
2xwMfu-z6Nm-JAALaqBCT,PFEwpbxaA9UrKET8fDnAt
2xwMfu-z6Nm-JAALaqBCT,iW3M5z9QsfI5jnVSJjr5j
J0sJU2Up8SNzLpk7YY-Pz,F72UQSSv5qnV6dGq2o8t-
J0sJU2Up8SNzLpk7YY-Pz,L34snMa-YMz_jT9erQqe2
J0sJU2Up8SNzLpk7YY-Pz,l9bkiReXBvPDuJX6TdvDu
hmPP99Xjr6TXny97GrWJ-,iW3M5z9QsfI5jnVSJjr5j
hmPP99Xjr6TXny97GrWJ-,F72UQSSv5qnV6dGq2o8t-
hmPP99Xjr6TXny97GrWJ-,ncFeNw-5M4iGoDD-A8hBH
h3oQyR0CD2BiFD2viy2h7,F72UQSSv5qnV6dGq2o8t-
h3oQyR0CD2BiFD2viy2h7,n0OLj1cQnnbM3n-2eOzCj
h3oQyR0CD2BiFD2viy2h7,mE5Zf1AWhRKDQNHC_NsmV
h3oQyR0CD2BiFD2viy2h7,L34snMa-YMz_jT9erQqe2
1-Spnvm7H6iJFshL6o1Y7,F72UQSSv5qnV6dGq2o8t-
1-Spnvm7H6iJFshL6o1Y7,n0OLj1cQnnbM3n-2eOzCj
1-Spnvm7H6iJFshL6o1Y7,iW3M5z9QsfI5jnVSJjr5j
1-Spnvm7H6iJFshL6o1Y7,Uzldz52slOyT_7tD9MSW3
pLgsxRis8hopcUEoAJ45u,F72UQSSv5qnV6dGq2o8t-
pLgsxRis8hopcUEoAJ45u,n0OLj1cQnnbM3n-2eOzCj
pLgsxRis8hopcUEoAJ45u,phlunt5HJ3fBcZXrezlHN
6zHtH_PtXxObT62J5OrwS,PFEwpbxaA9UrKET8fDnAt
6zHtH_PtXxObT62J5OrwS,F72UQSSv5qnV6dGq2o8t-
MUj_eWT_xpl8GBnx_kMF3,mE5Zf1AWhRKDQNHC_NsmV
MUj_eWT_xpl8GBnx_kMF3,n0OLj1cQnnbM3n-2eOzCj
MUj_eWT_xpl8GBnx_kMF3,F72UQSSv5qnV6dGq2o8t-
kjF3VHriWa3PkpOx0HOw0,F72UQSSv5qnV6dGq2o8t-
kjF3VHriWa3PkpOx0HOw0,n0OLj1cQnnbM3n-2eOzCj
kjF3VHriWa3PkpOx0HOw0,mE5Zf1AWhRKDQNHC_NsmV
QqCI1mcKOqVDLP4VvvNMk,F72UQSSv5qnV6dGq2o8t-
QqCI1mcKOqVDLP4VvvNMk,phlunt5HJ3fBcZXrezlHN
QqCI1mcKOqVDLP4VvvNMk,iW3M5z9QsfI5jnVSJjr5j
QqCI1mcKOqVDLP4VvvNMk,Uzldz52slOyT_7tD9MSW3
3dQIY8H7S-H-qvfA4s7MM,F72UQSSv5qnV6dGq2o8t-
3dQIY8H7S-H-qvfA4s7MM,n0OLj1cQnnbM3n-2eOzCj
3dQIY8H7S-H-qvfA4s7MM,iW3M5z9QsfI5jnVSJjr5j
3dQIY8H7S-H-qvfA4s7MM,Uzldz52slOyT_7tD9MSW3
wv08Tg00nSLt53W7mc7sr,phlunt5HJ3fBcZXrezlHN
wv08Tg00nSLt53W7mc7sr,iW3M5z9QsfI5jnVSJjr5j
Fdd4CShX4XFGFjGMg6tZO,F72UQSSv5qnV6dGq2o8t-
Fdd4CShX4XFGFjGMg6tZO,PFEwpbxaA9UrKET8fDnAt
Fdd4CShX4XFGFjGMg6tZO,iW3M5z9QsfI5jnVSJjr5j
18_X8TGFeeL9OoHIxxVbf,ncFeNw-5M4iGoDD-A8hBH
18_X8TGFeeL9OoHIxxVbf,F72UQSSv5qnV6dGq2o8t-
SkqRiswPAN8PlJn5rtSBa,F72UQSSv5qnV6dGq2o8t-
SkqRiswPAN8PlJn5rtSBa,phlunt5HJ3fBcZXrezlHN
SkqRiswPAN8PlJn5rtSBa,Uzldz52slOyT_7tD9MSW3
hZmiO20vWFTEZPBZ0Sa0j,PFEwpbxaA9UrKET8fDnAt
hZmiO20vWFTEZPBZ0Sa0j,iW3M5z9QsfI5jnVSJjr5j
hZmiO20vWFTEZPBZ0Sa0j,n0OLj1cQnnbM3n-2eOzCj
9in5eKjM951s_WkbDpWEQ,F72UQSSv5qnV6dGq2o8t-
9in5eKjM951s_WkbDpWEQ,iW3M5z9QsfI5jnVSJjr5j
9in5eKjM951s_WkbDpWEQ,phlunt5HJ3fBcZXrezlHN
XEFdXENG2Eg6mkMooCxY_,iW3M5z9QsfI5jnVSJjr5j
XEFdXENG2Eg6mkMooCxY_,phlunt5HJ3fBcZXrezlHN
XEFdXENG2Eg6mkMooCxY_,-5F1wQ50bue4PA2khE3sM
Jo2mlUDuowR2unGGkF6tc,L34snMa-YMz_jT9erQqe2
Jo2mlUDuowR2unGGkF6tc,iW3M5z9QsfI5jnVSJjr5j
enpRM6D9ceV__FzwcJyMt,iW3M5z9QsfI5jnVSJjr5j
enpRM6D9ceV__FzwcJyMt,L34snMa-YMz_jT9erQqe2
enpRM6D9ceV__FzwcJyMt,F72UQSSv5qnV6dGq2o8t-
YV97TeiYXOyB07L71fW9g,L34snMa-YMz_jT9erQqe2
YV97TeiYXOyB07L71fW9g,n0OLj1cQnnbM3n-2eOzCj
YV97TeiYXOyB07L71fW9g,Uzldz52slOyT_7tD9MSW3
Ok1rwsReWNLBVQHFS5lKS,PFEwpbxaA9UrKET8fDnAt
Ok1rwsReWNLBVQHFS5lKS,n0OLj1cQnnbM3n-2eOzCj
Ok1rwsReWNLBVQHFS5lKS,iW3M5z9QsfI5jnVSJjr5j
jRBcVFZbP9MVsEHHPcxJf,Uzldz52slOyT_7tD9MSW3
jRBcVFZbP9MVsEHHPcxJf,n0OLj1cQnnbM3n-2eOzCj
jRBcVFZbP9MVsEHHPcxJf,phlunt5HJ3fBcZXrezlHN
2e4f7TBwI0xXDg1IfXoHk,F72UQSSv5qnV6dGq2o8t-
2e4f7TBwI0xXDg1IfXoHk,phlunt5HJ3fBcZXrezlHN
2e4f7TBwI0xXDg1IfXoHk,Uzldz52slOyT_7tD9MSW3
2e4f7TBwI0xXDg1IfXoHk,iW3M5z9QsfI5jnVSJjr5j
2cn5J6S_UV4drjvUixs9x,F72UQSSv5qnV6dGq2o8t-
2cn5J6S_UV4drjvUixs9x,L34snMa-YMz_jT9erQqe2
2cn5J6S_UV4drjvUixs9x,n0OLj1cQnnbM3n-2eOzCj
x6UCdQ8HSSSlVG6-fF-0R,n0OLj1cQnnbM3n-2eOzCj
x6UCdQ8HSSSlVG6-fF-0R,mE5Zf1AWhRKDQNHC_NsmV
x6UCdQ8HSSSlVG6-fF-0R,F72UQSSv5qnV6dGq2o8t-
lSaa-MUJVUX7jKaCb69Qv,mE5Zf1AWhRKDQNHC_NsmV
lSaa-MUJVUX7jKaCb69Qv,L34snMa-YMz_jT9erQqe2
1PcBY7CLX7U9F_RHYcOw9,iW3M5z9QsfI5jnVSJjr5j
1PcBY7CLX7U9F_RHYcOw9,phlunt5HJ3fBcZXrezlHN
1PcBY7CLX7U9F_RHYcOw9,n0OLj1cQnnbM3n-2eOzCj
rlABk95c-gtp1ZbqUFL7M,iW3M5z9QsfI5jnVSJjr5j
rlABk95c-gtp1ZbqUFL7M,phlunt5HJ3fBcZXrezlHN
x2B5f7SEItVwH3GBuWMP9,L34snMa-YMz_jT9erQqe2
x2B5f7SEItVwH3GBuWMP9,iW3M5z9QsfI5jnVSJjr5j
x2B5f7SEItVwH3GBuWMP9,phlunt5HJ3fBcZXrezlHN
Bd1EW7QSjXLHrHQYdCb9-,Uzldz52slOyT_7tD9MSW3
Bd1EW7QSjXLHrHQYdCb9-,PFEwpbxaA9UrKET8fDnAt
Bd1EW7QSjXLHrHQYdCb9-,n0OLj1cQnnbM3n-2eOzCj
ej5vRPSu_3HMRna36Tbcv,F72UQSSv5qnV6dGq2o8t-
ej5vRPSu_3HMRna36Tbcv,phlunt5HJ3fBcZXrezlHN
ej5vRPSu_3HMRna36Tbcv,iW3M5z9QsfI5jnVSJjr5j
nGWOyGsKZVbD5cjt0fyrD,mE5Zf1AWhRKDQNHC_NsmV
nGWOyGsKZVbD5cjt0fyrD,n0OLj1cQnnbM3n-2eOzCj
nGWOyGsKZVbD5cjt0fyrD,L34snMa-YMz_jT9erQqe2
r2Yo8TszS_195czwZFJj_,F72UQSSv5qnV6dGq2o8t-
r2Yo8TszS_195czwZFJj_,Uzldz52slOyT_7tD9MSW3
r2Yo8TszS_195czwZFJj_,ncFeNw-5M4iGoDD-A8hBH
r2Yo8TszS_195czwZFJj_,n0OLj1cQnnbM3n-2eOzCj
VR9VQuiPklq5EoT3xThPq,n0OLj1cQnnbM3n-2eOzCj
VR9VQuiPklq5EoT3xThPq,mE5Zf1AWhRKDQNHC_NsmV
VR9VQuiPklq5EoT3xThPq,PFEwpbxaA9UrKET8fDnAt
NJHOQv8Jslaf7p3tw9LKs,2bdRQFIcZXrYbhxeWeffc
NJHOQv8Jslaf7p3tw9LKs,n0OLj1cQnnbM3n-2eOzCj
NJHOQv8Jslaf7p3tw9LKs,L34snMa-YMz_jT9erQqe2
ax_F537BOOuO_eOMknHau,F72UQSSv5qnV6dGq2o8t-
ax_F537BOOuO_eOMknHau,KcVqSqCqpBoUqNfNlAkE7
ax_F537BOOuO_eOMknHau,mE5Zf1AWhRKDQNHC_NsmV
ax_F537BOOuO_eOMknHau,n0OLj1cQnnbM3n-2eOzCj
NlO7ZNUvS9aJQG68bzimN,n0OLj1cQnnbM3n-2eOzCj
NlO7ZNUvS9aJQG68bzimN,mE5Zf1AWhRKDQNHC_NsmV
NlO7ZNUvS9aJQG68bzimN,F72UQSSv5qnV6dGq2o8t-
NlO7ZNUvS9aJQG68bzimN,Uzldz52slOyT_7tD9MSW3
AniuuNNeLkCVh5XsdR5yo,F72UQSSv5qnV6dGq2o8t-
AniuuNNeLkCVh5XsdR5yo,-Q1NyL2hihfCdselYbnjo
AniuuNNeLkCVh5XsdR5yo,Uzldz52slOyT_7tD9MSW3
F-XF7uaxrmZE3vjcsItNW,2bdRQFIcZXrYbhxeWeffc
F-XF7uaxrmZE3vjcsItNW,n0OLj1cQnnbM3n-2eOzCj
F-XF7uaxrmZE3vjcsItNW,L34snMa-YMz_jT9erQqe2
aD27HaTaoeseo2j_v4Pu1,F72UQSSv5qnV6dGq2o8t-
aD27HaTaoeseo2j_v4Pu1,n0OLj1cQnnbM3n-2eOzCj
aD27HaTaoeseo2j_v4Pu1,iW3M5z9QsfI5jnVSJjr5j
aD27HaTaoeseo2j_v4Pu1,Uzldz52slOyT_7tD9MSW3
iEQ2sVS6LpTjqnLvd0vRZ,F72UQSSv5qnV6dGq2o8t-
iEQ2sVS6LpTjqnLvd0vRZ,n0OLj1cQnnbM3n-2eOzCj
iEQ2sVS6LpTjqnLvd0vRZ,iW3M5z9QsfI5jnVSJjr5j
iEQ2sVS6LpTjqnLvd0vRZ,Uzldz52slOyT_7tD9MSW3
8EN8DwZYP39VUBu7Oka5h,ncFeNw-5M4iGoDD-A8hBH
8EN8DwZYP39VUBu7Oka5h,iW3M5z9QsfI5jnVSJjr5j
8EN8DwZYP39VUBu7Oka5h,phlunt5HJ3fBcZXrezlHN
QajXUue77m2r0VJkkulKe,n0OLj1cQnnbM3n-2eOzCj
QajXUue77m2r0VJkkulKe,mE5Zf1AWhRKDQNHC_NsmV
QajXUue77m2r0VJkkulKe,F72UQSSv5qnV6dGq2o8t-
i_6hzi09MANL1Llbyz95W,n0OLj1cQnnbM3n-2eOzCj
i_6hzi09MANL1Llbyz95W,F72UQSSv5qnV6dGq2o8t-
5eBczR23O49l8QXj6JURZ,PFEwpbxaA9UrKET8fDnAt
5eBczR23O49l8QXj6JURZ,n0OLj1cQnnbM3n-2eOzCj
CLU6tDGsIanij76E5Ql-3,F72UQSSv5qnV6dGq2o8t-
CLU6tDGsIanij76E5Ql-3,n0OLj1cQnnbM3n-2eOzCj
UmXlPeUn-Ka8X0xImJaYy,F72UQSSv5qnV6dGq2o8t-
UmXlPeUn-Ka8X0xImJaYy,PFEwpbxaA9UrKET8fDnAt
UmXlPeUn-Ka8X0xImJaYy,iW3M5z9QsfI5jnVSJjr5j
ir-MsxLPvQKFVhyY_lNO2,F72UQSSv5qnV6dGq2o8t-
ir-MsxLPvQKFVhyY_lNO2,n0OLj1cQnnbM3n-2eOzCj
ir-MsxLPvQKFVhyY_lNO2,phlunt5HJ3fBcZXrezlHN
DXWzHTv8AHyXDjASdSiaq,L34snMa-YMz_jT9erQqe2
DXWzHTv8AHyXDjASdSiaq,iW3M5z9QsfI5jnVSJjr5j
DXWzHTv8AHyXDjASdSiaq,n0OLj1cQnnbM3n-2eOzCj
FjoKN67rX-0kE83bYT1cY,n0OLj1cQnnbM3n-2eOzCj
FjoKN67rX-0kE83bYT1cY,mE5Zf1AWhRKDQNHC_NsmV
FjoKN67rX-0kE83bYT1cY,F72UQSSv5qnV6dGq2o8t-
KNSPEJ087gKHa147KqQoR,n0OLj1cQnnbM3n-2eOzCj
KNSPEJ087gKHa147KqQoR,phlunt5HJ3fBcZXrezlHN
KNSPEJ087gKHa147KqQoR,PFEwpbxaA9UrKET8fDnAt
VQ2ipkpmbXEfTKc6iqpbW,F72UQSSv5qnV6dGq2o8t-
VQ2ipkpmbXEfTKc6iqpbW,iW3M5z9QsfI5jnVSJjr5j
VQ2ipkpmbXEfTKc6iqpbW,n0OLj1cQnnbM3n-2eOzCj
gQrGYRbQrRUCJxLXpHv-q,n0OLj1cQnnbM3n-2eOzCj
gQrGYRbQrRUCJxLXpHv-q,phlunt5HJ3fBcZXrezlHN
PGK9QWzK9Km0RkRDaxlI5,Uzldz52slOyT_7tD9MSW3
PGK9QWzK9Km0RkRDaxlI5,iW3M5z9QsfI5jnVSJjr5j
PGK9QWzK9Km0RkRDaxlI5,F72UQSSv5qnV6dGq2o8t-
EbbmpPWAd4_vxGrJ2yufd,n0OLj1cQnnbM3n-2eOzCj
EbbmpPWAd4_vxGrJ2yufd,phlunt5HJ3fBcZXrezlHN
EbbmpPWAd4_vxGrJ2yufd,PFEwpbxaA9UrKET8fDnAt
AEvxDCZI53uWD_26sbEV5,F72UQSSv5qnV6dGq2o8t-
AEvxDCZI53uWD_26sbEV5,n0OLj1cQnnbM3n-2eOzCj
AEvxDCZI53uWD_26sbEV5,iW3M5z9QsfI5jnVSJjr5j
AEvxDCZI53uWD_26sbEV5,Uzldz52slOyT_7tD9MSW3
ExT0dmjWa3GJyWFPd9z1d,F72UQSSv5qnV6dGq2o8t-
ExT0dmjWa3GJyWFPd9z1d,n0OLj1cQnnbM3n-2eOzCj
ExT0dmjWa3GJyWFPd9z1d,iW3M5z9QsfI5jnVSJjr5j
DBF425r4-eLudS31gZz_E,iW3M5z9QsfI5jnVSJjr5j
DBF425r4-eLudS31gZz_E,-5F1wQ50bue4PA2khE3sM
DBF425r4-eLudS31gZz_E,F72UQSSv5qnV6dGq2o8t-
YjbFiaBbUpA89meuwr98R,iW3M5z9QsfI5jnVSJjr5j
YjbFiaBbUpA89meuwr98R,L34snMa-YMz_jT9erQqe2
YjbFiaBbUpA89meuwr98R,phlunt5HJ3fBcZXrezlHN
0xVIFsWCahQfOPWkALk0J,F72UQSSv5qnV6dGq2o8t-
0xVIFsWCahQfOPWkALk0J,n0OLj1cQnnbM3n-2eOzCj
0xVIFsWCahQfOPWkALk0J,iW3M5z9QsfI5jnVSJjr5j
0xVIFsWCahQfOPWkALk0J,Uzldz52slOyT_7tD9MSW3
C7dsvyvpCIGVYGvK9K9VM,Uzldz52slOyT_7tD9MSW3
C7dsvyvpCIGVYGvK9K9VM,iW3M5z9QsfI5jnVSJjr5j
C7dsvyvpCIGVYGvK9K9VM,phlunt5HJ3fBcZXrezlHN
TZC3VfvQhpKs2IKiBL4sw,F72UQSSv5qnV6dGq2o8t-
TZC3VfvQhpKs2IKiBL4sw,n0OLj1cQnnbM3n-2eOzCj
TZC3VfvQhpKs2IKiBL4sw,iW3M5z9QsfI5jnVSJjr5j
TZC3VfvQhpKs2IKiBL4sw,Uzldz52slOyT_7tD9MSW3
NQnIS_z67lSDxlf3NATS-,L34snMa-YMz_jT9erQqe2
NQnIS_z67lSDxlf3NATS-,iW3M5z9QsfI5jnVSJjr5j
NQnIS_z67lSDxlf3NATS-,PFEwpbxaA9UrKET8fDnAt
7_dBVvlxYzmtjG0Dtiepb,F72UQSSv5qnV6dGq2o8t-
7_dBVvlxYzmtjG0Dtiepb,L34snMa-YMz_jT9erQqe2
7_dBVvlxYzmtjG0Dtiepb,iW3M5z9QsfI5jnVSJjr5j
7_dBVvlxYzmtjG0Dtiepb,Uzldz52slOyT_7tD9MSW3
7_dBVvlxYzmtjG0Dtiepb,ncFeNw-5M4iGoDD-A8hBH
OhxekbR3Bgfx88eHelPj-,F72UQSSv5qnV6dGq2o8t-
OhxekbR3Bgfx88eHelPj-,n0OLj1cQnnbM3n-2eOzCj
OhxekbR3Bgfx88eHelPj-,iW3M5z9QsfI5jnVSJjr5j
QphJIWtfZrTnypxHZhh6m,F72UQSSv5qnV6dGq2o8t-
QphJIWtfZrTnypxHZhh6m,n0OLj1cQnnbM3n-2eOzCj
ouWsIZigGVZ8Q4uDGK8dY,PFEwpbxaA9UrKET8fDnAt
ouWsIZigGVZ8Q4uDGK8dY,Uzldz52slOyT_7tD9MSW3
w8g3QdB-_82Kg72Kp8CDX,n0OLj1cQnnbM3n-2eOzCj
w8g3QdB-_82Kg72Kp8CDX,mE5Zf1AWhRKDQNHC_NsmV
w8g3QdB-_82Kg72Kp8CDX,2bdRQFIcZXrYbhxeWeffc
w8g3QdB-_82Kg72Kp8CDX,iW3M5z9QsfI5jnVSJjr5j
c-xOYEDiC2fyuuqPQjc0P,n0OLj1cQnnbM3n-2eOzCj
c-xOYEDiC2fyuuqPQjc0P,mE5Zf1AWhRKDQNHC_NsmV
c-xOYEDiC2fyuuqPQjc0P,L34snMa-YMz_jT9erQqe2
FhcQjRcxLVAWc1JzJrthh,n0OLj1cQnnbM3n-2eOzCj
FhcQjRcxLVAWc1JzJrthh,mE5Zf1AWhRKDQNHC_NsmV
FhcQjRcxLVAWc1JzJrthh,phlunt5HJ3fBcZXrezlHN
LTk_VV7MhuxtY1GKmdrIX,F72UQSSv5qnV6dGq2o8t-
LTk_VV7MhuxtY1GKmdrIX,L34snMa-YMz_jT9erQqe2
LTk_VV7MhuxtY1GKmdrIX,n0OLj1cQnnbM3n-2eOzCj
LTk_VV7MhuxtY1GKmdrIX,Uzldz52slOyT_7tD9MSW3
osGdZovLnCeiFNHlpqZgQ,n0OLj1cQnnbM3n-2eOzCj
osGdZovLnCeiFNHlpqZgQ,mE5Zf1AWhRKDQNHC_NsmV
osGdZovLnCeiFNHlpqZgQ,F72UQSSv5qnV6dGq2o8t-
eAoPaeXiV3ED7wm6f0Z3E,PFEwpbxaA9UrKET8fDnAt
eAoPaeXiV3ED7wm6f0Z3E,tqy6nsKbGDANBHHt7CQaG
eAoPaeXiV3ED7wm6f0Z3E,Uzldz52slOyT_7tD9MSW3
mVpsYndSntTYF00ogoluZ,Uzldz52slOyT_7tD9MSW3
mVpsYndSntTYF00ogoluZ,phlunt5HJ3fBcZXrezlHN
mVpsYndSntTYF00ogoluZ,F72UQSSv5qnV6dGq2o8t-
7uiQmoBnO20MuH2l7jmjV,L34snMa-YMz_jT9erQqe2
7uiQmoBnO20MuH2l7jmjV,iW3M5z9QsfI5jnVSJjr5j
7uiQmoBnO20MuH2l7jmjV,phlunt5HJ3fBcZXrezlHN
hC-dIWHsHPZcKvjJA3eq-,n0OLj1cQnnbM3n-2eOzCj
hC-dIWHsHPZcKvjJA3eq-,mE5Zf1AWhRKDQNHC_NsmV
T59C8BG10JXzhQe1XuR5j,n0OLj1cQnnbM3n-2eOzCj
T59C8BG10JXzhQe1XuR5j,2bdRQFIcZXrYbhxeWeffc
bhuOMoIvfmrD14z0oloaA,F72UQSSv5qnV6dGq2o8t-
bhuOMoIvfmrD14z0oloaA,L34snMa-YMz_jT9erQqe2
bhuOMoIvfmrD14z0oloaA,iW3M5z9QsfI5jnVSJjr5j
ikf1_xK_AuNpUU1LUESRP,iW3M5z9QsfI5jnVSJjr5j
ikf1_xK_AuNpUU1LUESRP,L34snMa-YMz_jT9erQqe2
ikf1_xK_AuNpUU1LUESRP,F72UQSSv5qnV6dGq2o8t-
bSjqcJ1o3_THRErgnWfKd,F72UQSSv5qnV6dGq2o8t-
bSjqcJ1o3_THRErgnWfKd,L34snMa-YMz_jT9erQqe2
bSjqcJ1o3_THRErgnWfKd,n0OLj1cQnnbM3n-2eOzCj
IX-fygUeQxquKANcICYoh,PFEwpbxaA9UrKET8fDnAt
IX-fygUeQxquKANcICYoh,n0OLj1cQnnbM3n-2eOzCj
dZTc3JuNQ_jGsRRW2ryGm,PFEwpbxaA9UrKET8fDnAt
dZTc3JuNQ_jGsRRW2ryGm,L34snMa-YMz_jT9erQqe2
dZTc3JuNQ_jGsRRW2ryGm,iW3M5z9QsfI5jnVSJjr5j
fWZNrfSL1s6nQUJ20BUN8,iW3M5z9QsfI5jnVSJjr5j
fWZNrfSL1s6nQUJ20BUN8,L34snMa-YMz_jT9erQqe2
fWZNrfSL1s6nQUJ20BUN8,phlunt5HJ3fBcZXrezlHN
Sg6kLCBE8rO3XDJ8mpC-A,iW3M5z9QsfI5jnVSJjr5j
Sg6kLCBE8rO3XDJ8mpC-A,phlunt5HJ3fBcZXrezlHN
Sg6kLCBE8rO3XDJ8mpC-A,-5F1wQ50bue4PA2khE3sM
mEV-Cmo12lwxfCNOU9TJ4,F72UQSSv5qnV6dGq2o8t-
mEV-Cmo12lwxfCNOU9TJ4,n0OLj1cQnnbM3n-2eOzCj
mEV-Cmo12lwxfCNOU9TJ4,phlunt5HJ3fBcZXrezlHN
zAcypVBC6FweR7uEjgLHJ,ncFeNw-5M4iGoDD-A8hBH
zAcypVBC6FweR7uEjgLHJ,phlunt5HJ3fBcZXrezlHN
zAcypVBC6FweR7uEjgLHJ,iW3M5z9QsfI5jnVSJjr5j
WI4fyH9hjUCxFVH4eaNuF,F72UQSSv5qnV6dGq2o8t-
WI4fyH9hjUCxFVH4eaNuF,n0OLj1cQnnbM3n-2eOzCj
WI4fyH9hjUCxFVH4eaNuF,phlunt5HJ3fBcZXrezlHN
EfSo61uiobaWxGH8toZ1e,Uzldz52slOyT_7tD9MSW3
EfSo61uiobaWxGH8toZ1e,phlunt5HJ3fBcZXrezlHN
bYGAj2L_RfGbg-7USXN7d,iW3M5z9QsfI5jnVSJjr5j
bYGAj2L_RfGbg-7USXN7d,phlunt5HJ3fBcZXrezlHN
bYGAj2L_RfGbg-7USXN7d,Uzldz52slOyT_7tD9MSW3
hwFqxwLoh6IXidFvNKrYK,iW3M5z9QsfI5jnVSJjr5j
hwFqxwLoh6IXidFvNKrYK,phlunt5HJ3fBcZXrezlHN
3FFomvb9aFHnD2Cer4Q0c,mE5Zf1AWhRKDQNHC_NsmV
3FFomvb9aFHnD2Cer4Q0c,F72UQSSv5qnV6dGq2o8t-
3FFomvb9aFHnD2Cer4Q0c,L34snMa-YMz_jT9erQqe2
my6NkCimZ_6POywSqwTdd,Uzldz52slOyT_7tD9MSW3
my6NkCimZ_6POywSqwTdd,phlunt5HJ3fBcZXrezlHN
2mdQYld_KNzHnECVQvfmK,n0OLj1cQnnbM3n-2eOzCj
2mdQYld_KNzHnECVQvfmK,PFEwpbxaA9UrKET8fDnAt
2mdQYld_KNzHnECVQvfmK,Uzldz52slOyT_7tD9MSW3
MELcQ024lgD3VMZu7nh_9,Uzldz52slOyT_7tD9MSW3
MELcQ024lgD3VMZu7nh_9,phlunt5HJ3fBcZXrezlHN
9Z9n5G2TaEdfWW2F7FMUl,n0OLj1cQnnbM3n-2eOzCj
9Z9n5G2TaEdfWW2F7FMUl,phlunt5HJ3fBcZXrezlHN
9Z9n5G2TaEdfWW2F7FMUl,mE5Zf1AWhRKDQNHC_NsmV
kFMDuYhJ9jin19RjQxfLq,n0OLj1cQnnbM3n-2eOzCj
kFMDuYhJ9jin19RjQxfLq,mE5Zf1AWhRKDQNHC_NsmV
kFMDuYhJ9jin19RjQxfLq,F72UQSSv5qnV6dGq2o8t-
5NmusMeG0LlssReEB6Xoh,F72UQSSv5qnV6dGq2o8t-
5NmusMeG0LlssReEB6Xoh,L34snMa-YMz_jT9erQqe2
5NmusMeG0LlssReEB6Xoh,iW3M5z9QsfI5jnVSJjr5j
5NmusMeG0LlssReEB6Xoh,phlunt5HJ3fBcZXrezlHN
eldgup0di_DnxSYZK_Rqs,2bdRQFIcZXrYbhxeWeffc
eldgup0di_DnxSYZK_Rqs,n0OLj1cQnnbM3n-2eOzCj
eldgup0di_DnxSYZK_Rqs,mE5Zf1AWhRKDQNHC_NsmV
aFc-9O1N-HzNegmBGNh5U,n0OLj1cQnnbM3n-2eOzCj
aFc-9O1N-HzNegmBGNh5U,phlunt5HJ3fBcZXrezlHN
aFc-9O1N-HzNegmBGNh5U,Uzldz52slOyT_7tD9MSW3
a3uqgDGQUCICyMcXlDnFK,F72UQSSv5qnV6dGq2o8t-
a3uqgDGQUCICyMcXlDnFK,iW3M5z9QsfI5jnVSJjr5j
a3uqgDGQUCICyMcXlDnFK,-5F1wQ50bue4PA2khE3sM
qrXSzvQMxLWiAISVJ5V12,F72UQSSv5qnV6dGq2o8t-
qrXSzvQMxLWiAISVJ5V12,Uzldz52slOyT_7tD9MSW3
qrXSzvQMxLWiAISVJ5V12,phlunt5HJ3fBcZXrezlHN
qrXSzvQMxLWiAISVJ5V12,iW3M5z9QsfI5jnVSJjr5j
im6Yqcon8dFKdANy6JYG1,Uzldz52slOyT_7tD9MSW3
im6Yqcon8dFKdANy6JYG1,phlunt5HJ3fBcZXrezlHN
im6Yqcon8dFKdANy6JYG1,L34snMa-YMz_jT9erQqe2
1ZM30oZxoMXXz7PSB8ZzE,phlunt5HJ3fBcZXrezlHN
1ZM30oZxoMXXz7PSB8ZzE,iW3M5z9QsfI5jnVSJjr5j
7p5e43Jk19iuS-Wm9z9om,Uzldz52slOyT_7tD9MSW3
7p5e43Jk19iuS-Wm9z9om,iW3M5z9QsfI5jnVSJjr5j
7p5e43Jk19iuS-Wm9z9om,F72UQSSv5qnV6dGq2o8t-
cKRqSUvJrG8-Qyqsx-HtF,mE5Zf1AWhRKDQNHC_NsmV
cKRqSUvJrG8-Qyqsx-HtF,L34snMa-YMz_jT9erQqe2
cKRqSUvJrG8-Qyqsx-HtF,F72UQSSv5qnV6dGq2o8t-
lz8sGiWwdxcLm4tLA8Pni,Uzldz52slOyT_7tD9MSW3
lz8sGiWwdxcLm4tLA8Pni,F72UQSSv5qnV6dGq2o8t-
p_glXUObaRuavHHEJCy1S,L34snMa-YMz_jT9erQqe2
p_glXUObaRuavHHEJCy1S,iW3M5z9QsfI5jnVSJjr5j
p_glXUObaRuavHHEJCy1S,n0OLj1cQnnbM3n-2eOzCj
uvVPzWy_RDTfeiexy1Teg,L34snMa-YMz_jT9erQqe2
uvVPzWy_RDTfeiexy1Teg,iW3M5z9QsfI5jnVSJjr5j
nF2nVlP2UikvPAPG54zw0,F72UQSSv5qnV6dGq2o8t-
nF2nVlP2UikvPAPG54zw0,n0OLj1cQnnbM3n-2eOzCj
nF2nVlP2UikvPAPG54zw0,Uzldz52slOyT_7tD9MSW3
nF2nVlP2UikvPAPG54zw0,ncFeNw-5M4iGoDD-A8hBH
nF2nVlP2UikvPAPG54zw0,iW3M5z9QsfI5jnVSJjr5j
zWeImmioHrtkOeMQMKmC7,L34snMa-YMz_jT9erQqe2
zWeImmioHrtkOeMQMKmC7,iW3M5z9QsfI5jnVSJjr5j
ohQb0R5xNUjUER9o1o43e,Uzldz52slOyT_7tD9MSW3
ohQb0R5xNUjUER9o1o43e,phlunt5HJ3fBcZXrezlHN
NwuxCTtYYZ8EqL2pOh20f,Uzldz52slOyT_7tD9MSW3
NwuxCTtYYZ8EqL2pOh20f,phlunt5HJ3fBcZXrezlHN
NwuxCTtYYZ8EqL2pOh20f,L34snMa-YMz_jT9erQqe2
jVNPJpZmK5vu4eIP3QQgj,F72UQSSv5qnV6dGq2o8t-
jVNPJpZmK5vu4eIP3QQgj,n0OLj1cQnnbM3n-2eOzCj
jVNPJpZmK5vu4eIP3QQgj,iW3M5z9QsfI5jnVSJjr5j
jVNPJpZmK5vu4eIP3QQgj,Uzldz52slOyT_7tD9MSW3
zIpylBU3aIiyXuF3Vnzgk,phlunt5HJ3fBcZXrezlHN
zIpylBU3aIiyXuF3Vnzgk,iW3M5z9QsfI5jnVSJjr5j
p9xv-KNgElk7M9PNL2hr_,ncFeNw-5M4iGoDD-A8hBH
p9xv-KNgElk7M9PNL2hr_,iW3M5z9QsfI5jnVSJjr5j
p9xv-KNgElk7M9PNL2hr_,phlunt5HJ3fBcZXrezlHN
A2600oeKSEmjswNWel6VF,iW3M5z9QsfI5jnVSJjr5j
A2600oeKSEmjswNWel6VF,F72UQSSv5qnV6dGq2o8t-
SWE1PlWUjLl0eoRQPyLYc,F72UQSSv5qnV6dGq2o8t-
SWE1PlWUjLl0eoRQPyLYc,phlunt5HJ3fBcZXrezlHN
SWE1PlWUjLl0eoRQPyLYc,iW3M5z9QsfI5jnVSJjr5j
ZRG4OZ4BK9YoVf1zVOIMp,iW3M5z9QsfI5jnVSJjr5j
ZRG4OZ4BK9YoVf1zVOIMp,phlunt5HJ3fBcZXrezlHN
mT9JZgo3LW7QbpX3fTjta,iW3M5z9QsfI5jnVSJjr5j
mT9JZgo3LW7QbpX3fTjta,L34snMa-YMz_jT9erQqe2
jvW9KU0NufTcHyOveyDcY,F72UQSSv5qnV6dGq2o8t-
jvW9KU0NufTcHyOveyDcY,n0OLj1cQnnbM3n-2eOzCj
jvW9KU0NufTcHyOveyDcY,L34snMa-YMz_jT9erQqe2
jvW9KU0NufTcHyOveyDcY,Uzldz52slOyT_7tD9MSW3
AEnNrK5l8rbVCE3NnIYUL,n0OLj1cQnnbM3n-2eOzCj
AEnNrK5l8rbVCE3NnIYUL,2bdRQFIcZXrYbhxeWeffc
AEnNrK5l8rbVCE3NnIYUL,L34snMa-YMz_jT9erQqe2
V_0KLPaR5gX7CG3iwX1nR,F72UQSSv5qnV6dGq2o8t-
V_0KLPaR5gX7CG3iwX1nR,n0OLj1cQnnbM3n-2eOzCj
V_0KLPaR5gX7CG3iwX1nR,L34snMa-YMz_jT9erQqe2
V_0KLPaR5gX7CG3iwX1nR,Uzldz52slOyT_7tD9MSW3
59K-DIXSWvdKPQqjH5NEL,n0OLj1cQnnbM3n-2eOzCj
59K-DIXSWvdKPQqjH5NEL,phlunt5HJ3fBcZXrezlHN
59K-DIXSWvdKPQqjH5NEL,tqy6nsKbGDANBHHt7CQaG
ltI1_VpXkLM9oOOvTpuej,F72UQSSv5qnV6dGq2o8t-
ltI1_VpXkLM9oOOvTpuej,n0OLj1cQnnbM3n-2eOzCj
ltI1_VpXkLM9oOOvTpuej,Uzldz52slOyT_7tD9MSW3
qgi44i5Ud48MkcPkzsGHc,n0OLj1cQnnbM3n-2eOzCj
qgi44i5Ud48MkcPkzsGHc,mE5Zf1AWhRKDQNHC_NsmV
qgi44i5Ud48MkcPkzsGHc,L34snMa-YMz_jT9erQqe2
toLmGSHtG-Nzkz32dme44,n0OLj1cQnnbM3n-2eOzCj
toLmGSHtG-Nzkz32dme44,mE5Zf1AWhRKDQNHC_NsmV
toLmGSHtG-Nzkz32dme44,L34snMa-YMz_jT9erQqe2
toLmGSHtG-Nzkz32dme44,Uzldz52slOyT_7tD9MSW3
toLmGSHtG-Nzkz32dme44,ncFeNw-5M4iGoDD-A8hBH
Qe4uq7eLNhS7nMO479Okr,n0OLj1cQnnbM3n-2eOzCj
Qe4uq7eLNhS7nMO479Okr,mE5Zf1AWhRKDQNHC_NsmV
Qe4uq7eLNhS7nMO479Okr,F72UQSSv5qnV6dGq2o8t-
4v_ny4X7vdgwamd1OlCDQ,Uzldz52slOyT_7tD9MSW3
4v_ny4X7vdgwamd1OlCDQ,iW3M5z9QsfI5jnVSJjr5j
4v_ny4X7vdgwamd1OlCDQ,F72UQSSv5qnV6dGq2o8t-
WvTzQZFJR_wgoXuUE9l3d,iW3M5z9QsfI5jnVSJjr5j
WvTzQZFJR_wgoXuUE9l3d,L34snMa-YMz_jT9erQqe2
WvTzQZFJR_wgoXuUE9l3d,F72UQSSv5qnV6dGq2o8t-
LnXXgxM9Wj-RA4xUWxV8j,n0OLj1cQnnbM3n-2eOzCj
LnXXgxM9Wj-RA4xUWxV8j,mE5Zf1AWhRKDQNHC_NsmV
LnXXgxM9Wj-RA4xUWxV8j,2bdRQFIcZXrYbhxeWeffc
LnXXgxM9Wj-RA4xUWxV8j,iW3M5z9QsfI5jnVSJjr5j
c8XtkR8x1JJHq5OHsvTKl,iW3M5z9QsfI5jnVSJjr5j
c8XtkR8x1JJHq5OHsvTKl,F72UQSSv5qnV6dGq2o8t-
GUmOvsRSNsvKZ4kMY8dLE,L34snMa-YMz_jT9erQqe2
GUmOvsRSNsvKZ4kMY8dLE,n0OLj1cQnnbM3n-2eOzCj
27Fg6cdv93zEbBmySlTmg,iW3M5z9QsfI5jnVSJjr5j
27Fg6cdv93zEbBmySlTmg,F72UQSSv5qnV6dGq2o8t-
N_WPg_4TOzPSJ6CoIXzn3,F72UQSSv5qnV6dGq2o8t-
N_WPg_4TOzPSJ6CoIXzn3,n0OLj1cQnnbM3n-2eOzCj
N_WPg_4TOzPSJ6CoIXzn3,iW3M5z9QsfI5jnVSJjr5j
jYO0hFrhq_f9VvEwrbAmb,PFEwpbxaA9UrKET8fDnAt
jYO0hFrhq_f9VvEwrbAmb,iW3M5z9QsfI5jnVSJjr5j
5qj6yohLT-YdzNRL4kC2A,PFEwpbxaA9UrKET8fDnAt
5qj6yohLT-YdzNRL4kC2A,n0OLj1cQnnbM3n-2eOzCj
5qj6yohLT-YdzNRL4kC2A,Uzldz52slOyT_7tD9MSW3
PwoRLp9YBvLg-KKUqCZDl,F72UQSSv5qnV6dGq2o8t-
PwoRLp9YBvLg-KKUqCZDl,n0OLj1cQnnbM3n-2eOzCj
PwoRLp9YBvLg-KKUqCZDl,iW3M5z9QsfI5jnVSJjr5j
PwoRLp9YBvLg-KKUqCZDl,Uzldz52slOyT_7tD9MSW3
_9S7XwoRoDHiX6IwEJBBt,F72UQSSv5qnV6dGq2o8t-
_9S7XwoRoDHiX6IwEJBBt,n0OLj1cQnnbM3n-2eOzCj
_9S7XwoRoDHiX6IwEJBBt,iW3M5z9QsfI5jnVSJjr5j
_9S7XwoRoDHiX6IwEJBBt,Uzldz52slOyT_7tD9MSW3
VsXYL85oe4ASOFt9bEfV4,Uzldz52slOyT_7tD9MSW3
VsXYL85oe4ASOFt9bEfV4,n0OLj1cQnnbM3n-2eOzCj
VsXYL85oe4ASOFt9bEfV4,phlunt5HJ3fBcZXrezlHN
erXwUWlozP3sgGjouO7bm,Uzldz52slOyT_7tD9MSW3
erXwUWlozP3sgGjouO7bm,phlunt5HJ3fBcZXrezlHN
erXwUWlozP3sgGjouO7bm,F72UQSSv5qnV6dGq2o8t-
sFZh41VOVHUDKYFP_0Ch7,phlunt5HJ3fBcZXrezlHN
sFZh41VOVHUDKYFP_0Ch7,tqy6nsKbGDANBHHt7CQaG
0miv6y5dNUahPvtudr0jU,2bdRQFIcZXrYbhxeWeffc
0miv6y5dNUahPvtudr0jU,n0OLj1cQnnbM3n-2eOzCj
0miv6y5dNUahPvtudr0jU,mE5Zf1AWhRKDQNHC_NsmV
pYJ_sUCtHUxw56nRbgv7k,Uzldz52slOyT_7tD9MSW3
pYJ_sUCtHUxw56nRbgv7k,n0OLj1cQnnbM3n-2eOzCj
5O5801n0KWrmzOwBbkAk-,F72UQSSv5qnV6dGq2o8t-
5O5801n0KWrmzOwBbkAk-,KcVqSqCqpBoUqNfNlAkE7
5O5801n0KWrmzOwBbkAk-,n0OLj1cQnnbM3n-2eOzCj
5O5801n0KWrmzOwBbkAk-,mE5Zf1AWhRKDQNHC_NsmV
5O5801n0KWrmzOwBbkAk-,iW3M5z9QsfI5jnVSJjr5j
5O5801n0KWrmzOwBbkAk-,Uzldz52slOyT_7tD9MSW3
5O5801n0KWrmzOwBbkAk-,ncFeNw-5M4iGoDD-A8hBH
NcSopcnqoxXjRykwycaEN,F72UQSSv5qnV6dGq2o8t-
NcSopcnqoxXjRykwycaEN,KcVqSqCqpBoUqNfNlAkE7
NcSopcnqoxXjRykwycaEN,mE5Zf1AWhRKDQNHC_NsmV
NcSopcnqoxXjRykwycaEN,Uzldz52slOyT_7tD9MSW3
QjFL66homQFsisp5PgIp3,phlunt5HJ3fBcZXrezlHN
QjFL66homQFsisp5PgIp3,Uzldz52slOyT_7tD9MSW3
ZLD8W_IRtgUSITrjbfbG2,F72UQSSv5qnV6dGq2o8t-
ZLD8W_IRtgUSITrjbfbG2,ncFeNw-5M4iGoDD-A8hBH
ZLD8W_IRtgUSITrjbfbG2,phlunt5HJ3fBcZXrezlHN
3VmB4DyWjKsmEBlTJIw8c,F72UQSSv5qnV6dGq2o8t-
3VmB4DyWjKsmEBlTJIw8c,n0OLj1cQnnbM3n-2eOzCj
3VmB4DyWjKsmEBlTJIw8c,iW3M5z9QsfI5jnVSJjr5j
3VmB4DyWjKsmEBlTJIw8c,Uzldz52slOyT_7tD9MSW3
FMuB4opMry8YAz6yYnHy1,-Q1NyL2hihfCdselYbnjo
FMuB4opMry8YAz6yYnHy1,ncFeNw-5M4iGoDD-A8hBH
FMuB4opMry8YAz6yYnHy1,iW3M5z9QsfI5jnVSJjr5j
IuwH3taoOl_O6b7LoSN2z,iW3M5z9QsfI5jnVSJjr5j
IuwH3taoOl_O6b7LoSN2z,L34snMa-YMz_jT9erQqe2
IuwH3taoOl_O6b7LoSN2z,phlunt5HJ3fBcZXrezlHN
jt3Z53RrgM6X11aGs5-nR,F72UQSSv5qnV6dGq2o8t-
jt3Z53RrgM6X11aGs5-nR,n0OLj1cQnnbM3n-2eOzCj
jt3Z53RrgM6X11aGs5-nR,L34snMa-YMz_jT9erQqe2
jt3Z53RrgM6X11aGs5-nR,Uzldz52slOyT_7tD9MSW3
y-Mc2QRqTb_IpINsTPa5E,F72UQSSv5qnV6dGq2o8t-
y-Mc2QRqTb_IpINsTPa5E,n0OLj1cQnnbM3n-2eOzCj
y-Mc2QRqTb_IpINsTPa5E,phlunt5HJ3fBcZXrezlHN
UdyRmVHC6t1cH6nh9okCn,-Q1NyL2hihfCdselYbnjo
UdyRmVHC6t1cH6nh9okCn,iW3M5z9QsfI5jnVSJjr5j
UdyRmVHC6t1cH6nh9okCn,L34snMa-YMz_jT9erQqe2
UdyRmVHC6t1cH6nh9okCn,ncFeNw-5M4iGoDD-A8hBH
UdyRmVHC6t1cH6nh9okCn,Uzldz52slOyT_7tD9MSW3
IQ6lYOlE5UfNGPs4w643q,n0OLj1cQnnbM3n-2eOzCj
IQ6lYOlE5UfNGPs4w643q,phlunt5HJ3fBcZXrezlHN
IQ6lYOlE5UfNGPs4w643q,tqy6nsKbGDANBHHt7CQaG
whiUbNIyUiePP2xa0yFmL,F72UQSSv5qnV6dGq2o8t-
whiUbNIyUiePP2xa0yFmL,n0OLj1cQnnbM3n-2eOzCj
whiUbNIyUiePP2xa0yFmL,iW3M5z9QsfI5jnVSJjr5j
whiUbNIyUiePP2xa0yFmL,Uzldz52slOyT_7tD9MSW3
bm0gQV8WiuwtAEAanV8TC,n0OLj1cQnnbM3n-2eOzCj
bm0gQV8WiuwtAEAanV8TC,mE5Zf1AWhRKDQNHC_NsmV
bm0gQV8WiuwtAEAanV8TC,F72UQSSv5qnV6dGq2o8t-
XVFBQ-nO4He4pWCAbcRnS,L34snMa-YMz_jT9erQqe2
XVFBQ-nO4He4pWCAbcRnS,iW3M5z9QsfI5jnVSJjr5j
-EhqeXVxAFbV8QYKpH3cB,F72UQSSv5qnV6dGq2o8t-
-EhqeXVxAFbV8QYKpH3cB,Uzldz52slOyT_7tD9MSW3
-EhqeXVxAFbV8QYKpH3cB,phlunt5HJ3fBcZXrezlHN
bc3ctsLioWCVVvA6QlvdP,L34snMa-YMz_jT9erQqe2
bc3ctsLioWCVVvA6QlvdP,iW3M5z9QsfI5jnVSJjr5j
1t_muRnL7k9r-g_RVGX9x,F72UQSSv5qnV6dGq2o8t-
1t_muRnL7k9r-g_RVGX9x,n0OLj1cQnnbM3n-2eOzCj
1t_muRnL7k9r-g_RVGX9x,Uzldz52slOyT_7tD9MSW3
1t_muRnL7k9r-g_RVGX9x,PFEwpbxaA9UrKET8fDnAt
qMU7gf7A4Li0Id0TM3UkP,-5F1wQ50bue4PA2khE3sM
qMU7gf7A4Li0Id0TM3UkP,iW3M5z9QsfI5jnVSJjr5j
qMU7gf7A4Li0Id0TM3UkP,F72UQSSv5qnV6dGq2o8t-
VuQBy0zoepL93oTZ0JKDA,L34snMa-YMz_jT9erQqe2
VuQBy0zoepL93oTZ0JKDA,iW3M5z9QsfI5jnVSJjr5j
VuQBy0zoepL93oTZ0JKDA,n0OLj1cQnnbM3n-2eOzCj
QwhWgB21RK1SXaTio-sM2,n0OLj1cQnnbM3n-2eOzCj
QwhWgB21RK1SXaTio-sM2,mE5Zf1AWhRKDQNHC_NsmV
QwhWgB21RK1SXaTio-sM2,F72UQSSv5qnV6dGq2o8t-
SD23SN0paa8Ib3eb9ScQf,PFEwpbxaA9UrKET8fDnAt
SD23SN0paa8Ib3eb9ScQf,iW3M5z9QsfI5jnVSJjr5j
Agq9_HjYPni7cE4EsLP1i,F72UQSSv5qnV6dGq2o8t-
Agq9_HjYPni7cE4EsLP1i,n0OLj1cQnnbM3n-2eOzCj
Agq9_HjYPni7cE4EsLP1i,L34snMa-YMz_jT9erQqe2
Agq9_HjYPni7cE4EsLP1i,Uzldz52slOyT_7tD9MSW3
JGYEx543qZtnGuOI5z6R7,PFEwpbxaA9UrKET8fDnAt
JGYEx543qZtnGuOI5z6R7,n0OLj1cQnnbM3n-2eOzCj
JGYEx543qZtnGuOI5z6R7,F72UQSSv5qnV6dGq2o8t-
UZZ5NcmM250XRr7WLR2mC,L34snMa-YMz_jT9erQqe2
UZZ5NcmM250XRr7WLR2mC,iW3M5z9QsfI5jnVSJjr5j
UZZ5NcmM250XRr7WLR2mC,n0OLj1cQnnbM3n-2eOzCj
4MBXfVUBVwI_iWU1NcRC1,n0OLj1cQnnbM3n-2eOzCj
4MBXfVUBVwI_iWU1NcRC1,mE5Zf1AWhRKDQNHC_NsmV
4MBXfVUBVwI_iWU1NcRC1,F72UQSSv5qnV6dGq2o8t-
RqTe8y9L3xhdT_QYWTlFs,ncFeNw-5M4iGoDD-A8hBH
RqTe8y9L3xhdT_QYWTlFs,iW3M5z9QsfI5jnVSJjr5j
RqTe8y9L3xhdT_QYWTlFs,F72UQSSv5qnV6dGq2o8t-
Yw4pty4bvWgO7NIG2F8Hp,Uzldz52slOyT_7tD9MSW3
Yw4pty4bvWgO7NIG2F8Hp,phlunt5HJ3fBcZXrezlHN
Yw4pty4bvWgO7NIG2F8Hp,n0OLj1cQnnbM3n-2eOzCj
l_0AdW8LSjtABr3Fdw39S,phlunt5HJ3fBcZXrezlHN
l_0AdW8LSjtABr3Fdw39S,tqy6nsKbGDANBHHt7CQaG
6h0_tguInxtgmJsQFVaO5,L34snMa-YMz_jT9erQqe2
6h0_tguInxtgmJsQFVaO5,iW3M5z9QsfI5jnVSJjr5j
6h0_tguInxtgmJsQFVaO5,n0OLj1cQnnbM3n-2eOzCj
JzK_58M353PhYAL1sFTI2,Uzldz52slOyT_7tD9MSW3
JzK_58M353PhYAL1sFTI2,F72UQSSv5qnV6dGq2o8t-
J1jjTG9o111FbkJ1-IK5h,L34snMa-YMz_jT9erQqe2
J1jjTG9o111FbkJ1-IK5h,iW3M5z9QsfI5jnVSJjr5j
vepa9u6Z3NBZC5Q-StLDk,Uzldz52slOyT_7tD9MSW3
vepa9u6Z3NBZC5Q-StLDk,n0OLj1cQnnbM3n-2eOzCj
vepa9u6Z3NBZC5Q-StLDk,phlunt5HJ3fBcZXrezlHN
UQLZfMBolyNeGZ6mRgYFz,F72UQSSv5qnV6dGq2o8t-
UQLZfMBolyNeGZ6mRgYFz,n0OLj1cQnnbM3n-2eOzCj
UQLZfMBolyNeGZ6mRgYFz,iW3M5z9QsfI5jnVSJjr5j
UQLZfMBolyNeGZ6mRgYFz,Uzldz52slOyT_7tD9MSW3
UQLZfMBolyNeGZ6mRgYFz,ncFeNw-5M4iGoDD-A8hBH
QVUVuVGYod9nsEwF-HYqE,PFEwpbxaA9UrKET8fDnAt
QVUVuVGYod9nsEwF-HYqE,n0OLj1cQnnbM3n-2eOzCj
QVUVuVGYod9nsEwF-HYqE,Uzldz52slOyT_7tD9MSW3
urFb40x-Vti3vxrvlGjuh,Uzldz52slOyT_7tD9MSW3
urFb40x-Vti3vxrvlGjuh,phlunt5HJ3fBcZXrezlHN
RVKpbI7Zz09XQl2kLkPoI,Uzldz52slOyT_7tD9MSW3
RVKpbI7Zz09XQl2kLkPoI,phlunt5HJ3fBcZXrezlHN
bmcEs9pg1BUJZOxY7Nrzp,Uzldz52slOyT_7tD9MSW3
bmcEs9pg1BUJZOxY7Nrzp,F72UQSSv5qnV6dGq2o8t-
QNbTR5_T3Zfd-wgDw_uHk,iW3M5z9QsfI5jnVSJjr5j
QNbTR5_T3Zfd-wgDw_uHk,phlunt5HJ3fBcZXrezlHN
mp91-cJtNuF2DqmzYMcte,F72UQSSv5qnV6dGq2o8t-
mp91-cJtNuF2DqmzYMcte,n0OLj1cQnnbM3n-2eOzCj
mp91-cJtNuF2DqmzYMcte,iW3M5z9QsfI5jnVSJjr5j
mp91-cJtNuF2DqmzYMcte,Uzldz52slOyT_7tD9MSW3
3m7MgGBbwlFCRLWLUyAkp,n0OLj1cQnnbM3n-2eOzCj
3m7MgGBbwlFCRLWLUyAkp,2bdRQFIcZXrYbhxeWeffc
3m7MgGBbwlFCRLWLUyAkp,F72UQSSv5qnV6dGq2o8t-
EhCCw9pVFJcIqpACPs7VK,ncFeNw-5M4iGoDD-A8hBH
EhCCw9pVFJcIqpACPs7VK,iW3M5z9QsfI5jnVSJjr5j
EhCCw9pVFJcIqpACPs7VK,phlunt5HJ3fBcZXrezlHN
VzOQL5Hx8TMmlQhdbVlsD,n0OLj1cQnnbM3n-2eOzCj
VzOQL5Hx8TMmlQhdbVlsD,mE5Zf1AWhRKDQNHC_NsmV
VzOQL5Hx8TMmlQhdbVlsD,F72UQSSv5qnV6dGq2o8t-
qpWCrM3gJXoehR_nxToxP,Uzldz52slOyT_7tD9MSW3
qpWCrM3gJXoehR_nxToxP,PFEwpbxaA9UrKET8fDnAt
qpWCrM3gJXoehR_nxToxP,n0OLj1cQnnbM3n-2eOzCj
R_UpXvGVqYhhVlUXR0mG-,ncFeNw-5M4iGoDD-A8hBH
R_UpXvGVqYhhVlUXR0mG-,iW3M5z9QsfI5jnVSJjr5j
R_UpXvGVqYhhVlUXR0mG-,n0OLj1cQnnbM3n-2eOzCj
Fkm-NitQtAVL87V3jUT64,-Q1NyL2hihfCdselYbnjo
Fkm-NitQtAVL87V3jUT64,F72UQSSv5qnV6dGq2o8t-
Fkm-NitQtAVL87V3jUT64,iW3M5z9QsfI5jnVSJjr5j
5HpH-kAXJTQWHFaK4qwKT,n0OLj1cQnnbM3n-2eOzCj
5HpH-kAXJTQWHFaK4qwKT,mE5Zf1AWhRKDQNHC_NsmV
5HpH-kAXJTQWHFaK4qwKT,phlunt5HJ3fBcZXrezlHN
Xpw8rtiCbb8sR0C4TwTzX,F72UQSSv5qnV6dGq2o8t-
Xpw8rtiCbb8sR0C4TwTzX,iW3M5z9QsfI5jnVSJjr5j
Xpw8rtiCbb8sR0C4TwTzX,L34snMa-YMz_jT9erQqe2
9_ZGN1_j0-6PorU5jK1Px,L34snMa-YMz_jT9erQqe2
9_ZGN1_j0-6PorU5jK1Px,F72UQSSv5qnV6dGq2o8t-
swpqP2H6VAHPzg89zCEgE,F72UQSSv5qnV6dGq2o8t-
swpqP2H6VAHPzg89zCEgE,n0OLj1cQnnbM3n-2eOzCj
swpqP2H6VAHPzg89zCEgE,phlunt5HJ3fBcZXrezlHN
biE6RWVX3jL9ZV94Lx-Y1,mE5Zf1AWhRKDQNHC_NsmV
biE6RWVX3jL9ZV94Lx-Y1,n0OLj1cQnnbM3n-2eOzCj
biE6RWVX3jL9ZV94Lx-Y1,F72UQSSv5qnV6dGq2o8t-
Fm0BjsW0YUAT3EQmSw8KD,F72UQSSv5qnV6dGq2o8t-
Fm0BjsW0YUAT3EQmSw8KD,n0OLj1cQnnbM3n-2eOzCj
Fm0BjsW0YUAT3EQmSw8KD,L34snMa-YMz_jT9erQqe2
Fm0BjsW0YUAT3EQmSw8KD,Uzldz52slOyT_7tD9MSW3
l0JwghQyS4ziPp02L1Irl,F72UQSSv5qnV6dGq2o8t-
l0JwghQyS4ziPp02L1Irl,Uzldz52slOyT_7tD9MSW3
l0JwghQyS4ziPp02L1Irl,iW3M5z9QsfI5jnVSJjr5j
5O59Mndjgi-eiBg5lWEDE,L34snMa-YMz_jT9erQqe2
5O59Mndjgi-eiBg5lWEDE,iW3M5z9QsfI5jnVSJjr5j
fQG1fV_P2GW2-Vs6SEUjD,Uzldz52slOyT_7tD9MSW3
fQG1fV_P2GW2-Vs6SEUjD,phlunt5HJ3fBcZXrezlHN
lOABbxJBY-pomlYN9mXFq,L34snMa-YMz_jT9erQqe2
lOABbxJBY-pomlYN9mXFq,iW3M5z9QsfI5jnVSJjr5j
lOABbxJBY-pomlYN9mXFq,phlunt5HJ3fBcZXrezlHN
azEIohrtml6_BUNSEafPg,F72UQSSv5qnV6dGq2o8t-
azEIohrtml6_BUNSEafPg,Uzldz52slOyT_7tD9MSW3
azEIohrtml6_BUNSEafPg,n0OLj1cQnnbM3n-2eOzCj
I82QAG5RIcchfyp1bl7Ju,n0OLj1cQnnbM3n-2eOzCj
I82QAG5RIcchfyp1bl7Ju,iW3M5z9QsfI5jnVSJjr5j
I82QAG5RIcchfyp1bl7Ju,Uzldz52slOyT_7tD9MSW3
jSB8uPzWYrOgmp2Rdkuov,F72UQSSv5qnV6dGq2o8t-
jSB8uPzWYrOgmp2Rdkuov,n0OLj1cQnnbM3n-2eOzCj
jSB8uPzWYrOgmp2Rdkuov,iW3M5z9QsfI5jnVSJjr5j
jSB8uPzWYrOgmp2Rdkuov,Uzldz52slOyT_7tD9MSW3
vmfe-EXwkG8t-4ku1F4y0,n0OLj1cQnnbM3n-2eOzCj
vmfe-EXwkG8t-4ku1F4y0,F72UQSSv5qnV6dGq2o8t-
4XKv9szxgh9QrMiqkL2C4,F72UQSSv5qnV6dGq2o8t-
4XKv9szxgh9QrMiqkL2C4,phlunt5HJ3fBcZXrezlHN
4XKv9szxgh9QrMiqkL2C4,iW3M5z9QsfI5jnVSJjr5j
Ptc0yDc5CxNjXYQF9GKhn,iW3M5z9QsfI5jnVSJjr5j
Ptc0yDc5CxNjXYQF9GKhn,ncFeNw-5M4iGoDD-A8hBH
Ptc0yDc5CxNjXYQF9GKhn,phlunt5HJ3fBcZXrezlHN
oxL7AgUSvh_PrOFVJxbrZ,n0OLj1cQnnbM3n-2eOzCj
oxL7AgUSvh_PrOFVJxbrZ,mE5Zf1AWhRKDQNHC_NsmV
oxL7AgUSvh_PrOFVJxbrZ,F72UQSSv5qnV6dGq2o8t-
ROK3c3mOiadDE83-x4_MY,F72UQSSv5qnV6dGq2o8t-
ROK3c3mOiadDE83-x4_MY,L34snMa-YMz_jT9erQqe2
ROK3c3mOiadDE83-x4_MY,n0OLj1cQnnbM3n-2eOzCj
xZtG-l04L4x1FlfXS_92_,n0OLj1cQnnbM3n-2eOzCj
xZtG-l04L4x1FlfXS_92_,phlunt5HJ3fBcZXrezlHN
xZtG-l04L4x1FlfXS_92_,PFEwpbxaA9UrKET8fDnAt
zjtDtc3CK3ky6MuEqpfb9,Uzldz52slOyT_7tD9MSW3
zjtDtc3CK3ky6MuEqpfb9,n0OLj1cQnnbM3n-2eOzCj
ameMEjWBLtlysjziCwS0u,n0OLj1cQnnbM3n-2eOzCj
ameMEjWBLtlysjziCwS0u,phlunt5HJ3fBcZXrezlHN
ameMEjWBLtlysjziCwS0u,mE5Zf1AWhRKDQNHC_NsmV