id,type,content_id
L5XQbTnEUcQ02L5FKSL-p,SPOT,hsPXinmxaikJIzs9zMXSZ
aDgoSIHvjmxUZJ510RcSb,SPOT,b8_sBVW0wNzD-37zEqGKU
E84pQoBUqLlqSS5HDv048,SPOT,pyQBrd0mM3u01nzXCDlzw
rO6E8LjsTIny-z5SvafwE,SPOT,gvhk6UwaVJnUfCF4RD8-d
WfTwVyOJeEs6rDGnYGPaw,SPOT,JnovVPpxlJykUTWsI6CA_
pfaE5chafC9oBXoSv4ISU,SPOT,XinELfZ32RUC82T6fsQps
ZqSjlAuovYC0CtmUxbhoM,SPOT,rtd5Jt_tSeqKGu22B7u-H
P7pZbD5dJEDI_cOI9MjMF,SPOT,a4SeFlU-Nn8Cr3z8uK-WT
maHJM5dfCCcCUR4PhjU14,SPOT,OwoxCPldY8fRbHJcQAWH1
pVasPSEtQEwCZObkKCW0N,SPOT,T7J21XKscujSBqS0BXQGv
pHuhujpjugrKuIxEfdCgO,SPOT,Q50KwAVVbnGEuSgeFQIqW
vBCC3qwn9IzZic4h1mVgJ,SPOT,f-HUahOhc9zFE1WCh4AlW
jgioZd1N2yQ5iXPZPjje1,SPOT,IoTd6X0nqpz8zzl-dWv_M
RKMsHFv_Mrv_qPlj0QoJQ,SPOT,DDKBjnMBTgXdrBGfx4Pzv
CDl_dFfx6Hj3vjsfgwoml,SPOT,OIRLPw8c_2KP5j5qXF8ho
5s5L4EJTnot0s-amnsjVy,SPOT,5Qh5hVGFk9HTWGktL7f7n
cCBCd36rGEcwto88zsp9E,SPOT,f44w-UzL5qTCQqtEYQ1Zx
xADoBpgkjRpcPdZfeaEvg,SPOT,o_QAGuxVKg_qLMMvRb1be
xrJprub6T9Ta3tI1D-coo,SPOT,_SDJQH63ThGEebAp_zwgD
Gg2hOn7vJfAH7O7P_Qj4F,SPOT,dqf_4l-FDD8qylZTkad-l
Xm5rFkTGdyNIWACpW7jeu,SPOT,6IklOW19yoqV7iLvnCqi9
pcVyj5Y0L94eerRtaZzU2,SPOT,IPdkqkscgJwOUpTTqjSx8
TvGlmz1uIalr5lCuM58CG,SPOT,PYynM-NN_DEXz_i11jxST
7ekcf_N9PFa-aCO8CwrUx,SPOT,tDxbOvvtKGGi9ZHA04mpD
Zhf1HlD2pIT5tXKgDjbEY,SPOT,DHqwV6W73hqCAMsMNgizx
TBtZc_pP86Of-X8_xD-F8,SPOT,eeLcZZ06ONiF0J9nV8Pry
0afuLII4cRDjyMngW1_ln,SPOT,ORVmqRHEekTJ6hrZrwb9M
zqhr5uQMtAiDZ1Fgh0goh,SPOT,WAVhPMiQhhj93iVQsiPRo
O2wE0IQJOSDIU-yvY2KeO,SPOT,_pDKyJBHrftq3VZGEeFow
14akVw7PokwFeiToHJEJR,SPOT,oTevqM5aoA3aZhKCpKzxR
Q7XREjAxe37tjLHpixDUe,SPOT,-pwNJNULMa6G3aLRyZb1d
yQHqX0ooT3V1nuJMqHVEm,SPOT,Foka_ce8ydX2eFhy4Z4Jn
zpwIpnxN_-uzxovxIuQ1W,SPOT,Z62PLICmbRo99qPaV-mKL
JfTpCxS5gZygl5HsFwaH0,SPOT,UgJ6qn3Yc95AcMj4gL8Z3
xjYwq9bsDvsqvxkYMn3sx,SPOT,88VJrWodfmnvs2l1ZJF5n
5MBXgimevBB6Qli_dQ3q4,SPOT,WSdUNPknTftrRMvy-NMB8
fnXvuMj_HPpitU17GzCFU,SPOT,O2RVHyQzII9S8Fd7rUrEw
9pm2Jlkg6A3XiLj8k5b0A,SPOT,9A1W1GTLRxj91_QGZXQkW
NLVk3xOhi3sEgnm-cfXY_,SPOT,Dhj6bBnsbEaFFQABWSD-4
AF2Oi8V7eNuRaQ1nvQw6A,SPOT,vC9o42BWkn3vu6BS3miXi
OtQeVXvUxWyRh-PuJcdWF,SPOT,-gYiQMa1SOw1Sz9U8aVeF
8ubxThKQsGYnsJv6uyOt7,SPOT,1JAAhyoKy2yaZIrNXMY5S
f-dZdtbsNGdFrqUrKdAzr,SPOT,ILXUfkEUsrUE-ks1TQ1hd
Mvlgdw47rk2CSa1JwWg_l,SPOT,RzLigzS_Owhi5Xe7zg-uQ
eAQaLktxXPjsK5dIT-i1b,SPOT,NBu359kNNa2robq3V8_sX
1DoGRY6pTgHsoyH3ttrvO,SPOT,xz7MUagSVPUtj0-LN4ge6
hfHkCQx5fW_EQY_Tgj2OT,SPOT,qexAVsN2nuYEhUKaZ2VjE
au5d4yF_W8s6ZgyMWLvBg,SPOT,lj169rctlVbkrh9JwLUt2
bAz40yssSFOVH0AQl8pU2,SPOT,y7dEnRGfP3OuTErHPCymm
I98aGyMSsJK-YZWeKLueq,SPOT,oqSbHuPHSArjWTaniy5W3
DOGPBkL_z8BX3yz31v1t7,SPOT,RSgwcjQPSJP0C3yhupkfc
PVolOm9mZnUNdGIPhpk8p,SPOT,A2NJ-lK-9pZ30GdPPyfb_
hSSBHVdzhmAuLKWf0ESN7,SPOT,_wEh7ZR9oq7PDABfxgT5h
J6L7fVHTR9ZNj4i6Yvxlx,SPOT,lp5hRsU3hmnNbWECdD4U0
TcbsF_6zM2oxKhV_p8gmN,SPOT,k38FJu9Y2MVZCj_cIR3RE
VBcujeIh7Z1bzsLE7VVE0,SPOT,jL459ritx-dHyjlDUEUHa
4CL9XAWCvi35bfQMHu0s7,SPOT,EovBnlXUcM2O71drK61K_
c0ufVVONMPn_7UOt1lVDl,SPOT,5VEjlC3tKwitma0p2EdLt
yP8KoQNCt8goWsvqiyD_y,SPOT,qizCxE-SFQQxGFfS1-RKH
n4ZwzcRA4Em3l8vygqZPP,SPOT,FIWYpL964vnOUgoUG3wnr
No2z0dGv0ehNA7Vgfl_YP,SPOT,JtDsGHYQalhD8_Vdpqk8O
y9nH7aBkSI5p9vZLLNbn-,SPOT,Ko8_qnrUI0c1VgrzMFymr
p6vFKTTZEwImberApVYes,SPOT,b0UdJnytFcJtxbBULZN8J
cZiHgOnyNmOulElY0wwP8,SPOT,ymGMw7bYLQPyvR7ZnQ5ww
UzYicNk4Q9Cze36llhoMR,SPOT,vhQEY2QAGuxyhxUP1Pmcg
eH8I5suMi-gOwVswsuOX_,SPOT,qJbXCZRW48d8EqmlDk4Dr
vjZMF7Pw2vO40qFJrRgtN,SPOT,NBnNO3xRo52EXQ0J_X6Ll
v8rRLTblXyb49Qf9ahSNH,SPOT,syi85epxxSvqfe46PNX03
etN8CCzY_kWizrB0PQSp3,SPOT,mlosRuLghWfgjokybMiHN
g4mN0Mkpuhcznl7_4LnNE,SPOT,oaAZ_sNXWUpXxVwBVBx7L
STCJlCnd8Y6WfIa0VQn1X,SPOT,qQrKfP9BEJ0cMe-R8K3uJ
hJ61EAv0rE7TtYkeRnucD,SPOT,VXJYjrB0rrK6swOJSnZ4-
hTO1R3WWnW-I7FSVoYwMF,SPOT,VQ_UfDpmtBqxDRPdYPXKj
FZ7bYBF4KNMYMO614zF68,SPOT,L7k2lsdxUtWXCZCrMOm-t
yKTFycahOZ4XZXkXVAVIv,SPOT,XZLZb1ycXWsq4biMmgXJ8
Hr_1yOg9-FMRUdVa_nNTT,SPOT,78iK296HlFIEHuN-D8zPo
9gfEEWjHSZbxaCvApbZKi,SPOT,VDUvjrXRTTqya9-HvajB-
ER2ZEv_-Odv0gUylijIq_,SPOT,lvPyYRqGx6n_XAQ_UWj80
CCAOA93louWm5ArB7pedk,SPOT,TmGRW1BrXn6S1ovjTfjnm
wtoVtP1cyNZ4XT1pSVjdl,SPOT,MrJsk11EO9tm2BWBd1vuT
iPRpBDGuPIIlVh8lBwu-r,SPOT,uXnVxzzhKSJdOoCWPB9bI
vOk0tao_Clw6-hY_w_J3O,SPOT,pxvED-EqJ0ktPHLxIhCGG
2fCQ6fe5dSIg6Wb-DUE8H,SPOT,txQCJFglAsH2S1gcnJnwE
eCP9CXfQwjZpDd7hJQ9lA,SPOT,s3Js9RCQjfJEvF6Wgjjn6
MkbZ7Dy5fnIAGFqhSxaHt,SPOT,nfKLKoXZNmrrDkUspbT7U
cztghrLPpHs5gO78Y7irA,SPOT,5B6i8gmZFUR9BVmMWu6mk
NtJS26P0UEOHLLkcG1MYJ,SPOT,Ovys1T-zqPglk__71TpXO
6lrBehEE5Z6cJsMSBLkAL,SPOT,N8IDhtxQE12BxHzqicjHF
veF3zU08qR3a_YCqZJmji,SPOT,WnHNa-sXk0S33VSpMC1u4
1YFCFSmagDVwN5N_pJd8Q,SPOT,eCExxVxKnjKCr0e_AwMDY
YOZR1Zph8IaeNcTfcIPPy,SPOT,ho60E0F8zr48z-uq2rKI4
WHYZhLRzPPBpK60jgfY8O,SPOT,JwZgvjAaGf7-goRF9zTYz
zNpif_szieAk9bvxpBmRl,SPOT,Uah87HCehb55B87ihh3EX
Npf9wFQ43EbvYeR3ba6nL,SPOT,E-XtOcGKQBDQIrIJCd4Xm
gpfvyv4p6oYRGq3eP7rC3,SPOT,XroyMFJTAPK0oELz3MpP5
GiXIMEYyFRFafDVS6bE3W,SPOT,P3ZVb0VZhc8LkV8b2Xx0z
33Nk5zGUbaM6VyALjfrm0,SPOT,GF54M87Ko-gGgyq6pdgkH
HFYz4JOknRVFyL6xWAD72,SPOT,gyAKu-LheBMB-RbypzSIq
_-n1DrbVUsO61NgkVLamO,SPOT,RNM1sBQPpQI_EdhHAJXJ5
FeGzRSr6p-wkLugkgizwZ,SPOT,Vf5KSaPDYuxBHO7HQlHeT
fSkFmzE5ZYUJyYQSVM1c0,SPOT,s04pEfEVew4ajX_J6wJVP
YJxMAauy6rFPkRQMVLyS-,SPOT,VH57NVF6ScpOAwksgVg-0
dtpDSdxwrdgPgsGUVdJZa,SPOT,fP0FlmRo6iyiPu2rIGpSB
VFGl1KPVZvroP8YJx0zIf,SPOT,RzwiK-5e3RwZEJbFP8GxT
d2qcD_e7XaFczfw84cU3E,SPOT,ED6WLGfsgB34DMy2tjsZY
93oOL9z7uidZu-q0NjBPe,SPOT,HK4fshYgfAnRvBn64uGS4
goEP_eNL5KWOq3O11QoZA,SPOT,V2DHriNHLXmZ70NAlF1-D
21rKWargM3YoLu3JEF8mK,SPOT,STI-CYKAhGm2I4N4WL3QU
DLmWXlfRIcjw4JBkJgSb6,SPOT,kh92wHGDk2VF-j_gXaVZa
zGz4dlXHEAdTc8cm97f9x,SPOT,rRYq2uNCgxJeNrB_HDM5U
741lJn9KhD9XzbX0xOosS,SPOT,iH7YncjnOJxXGw_W7-AmW
J83tVS7KLJE5LzBsM8_8M,SPOT,Pcamhs72Brd6YS4al5nOf
p-G5-iYThmcFJbwqR_QMG,SPOT,RX_LiisqM5k--rvClzDHp
L1FsqAvXbEr-nqx1o1ZdZ,SPOT,_0SwaqCuxrUzCtLyXuEx7
POwk_aS72CTtYCBh9Sovd,SPOT,ZeD1OUyJ5M3rso26NlmO3
YvXQ_l_dtX5j1-7rEXCET,SPOT,USsTB-a2bukthgq0ttKAt
fXTp4ayK9MDX0uS3GoGJM,SPOT,InJ-bAYJYIMhwCx0PqbO3
Wl0JQ6EunePGDHwTgMdjL,SPOT,xrEuoRPgAI_EFr_E6aHUX
QJEQ9vA80NUMTBcskBQMl,SPOT,ZG8bMH_XcBwZRsTqw7HZ0
kJjhmKn37Z0ABQ4ggSJIE,SPOT,s1gjSDiHg4ePdVYcy5hPa
9nb9oW07LXeyHkXG_rLcV,SPOT,B2BHS-ESrTCesPIh8aVq6
_G0Vp2tF8N7yE5QY3u99H,SPOT,9q-Ih3XROkz9f8d0zmrIV
qp5x46hV1fMaj-DyQv_PU,SPOT,4cvkZJ-OlwcAaNlDEOC3c
hvNaYZIabjwFzUlfdh8_A,SPOT,ErVAPknQuo0sWhvBUJyOj
lzuPtSYqlLfIj-9E1dv2a,SPOT,PiAfdAxDvGHTzB7ahRfMC
Dp3_v-mRnL0j8MB4bRjkx,SPOT,W4Hjnf2vgWN40sX0Xbemg
EUm7NqBZurZkp2TXBNS--,SPOT,pgdBN-GAPkY2gxf1pTnb_
r6cmszJrBJpaOwkjMIXNW,SPOT,niXDlVVf9v5Xe8gB3CpBs
D-p7OpdF4gq66LaXOWMl5,SPOT,s41VK5FsWOk1lz73puJXm
AynulrjKYXiXlAKO2L-dD,SPOT,Tq5P7fqsQGSFfse-Nornw
3hgf1s8Upv5971ZuKTT6R,SPOT,EVQeG61dgHEHITVdfMsGI
ZWhqOuoTknM3HneaN_aJe,SPOT,o-wsrY01M2BrTdNmDsejS
Vbv5fSRTF1tTVWAFIHamB,SPOT,KyQfSs7A_Z4OQYfNmVsNx
HfJPsZMptNKsaaSLPSwH_,SPOT,DvoNUsAiHIsfYVD8QM_Ro
B3mHR67Qapyk9A1ymTBIF,SPOT,6YNdyH-jyXElvEkOQR9d6
EAKH9UIJWD-Hxi1JZlGF7,SPOT,iSP3KtqmhQbg_8L4zmGfv
B1qTHmxZ6iW0CCIbWUbPj,SPOT,8t_8vkCmUNn0mv0gbZpiG
KPPh7URee1vs4wIq2n4L8,SPOT,cngcQjE4jB2uvF0dDJMlf
12d2aNaoLPbeiZtXgO05D,SPOT,eoS-tzf6iMLGpOSLojxvB
fiiHEzzgSTMQ3LfvbHQx8,SPOT,Py1PuREKogsvIL08mgo26
vlIJu1OohIWoWU6QjOveO,SPOT,cqYyL_DOCpRt0yujRcPb7
CIVMd-bGBIA8VdU7ZPc7Z,SPOT,td7_D84iwP1ef0EQ6qaBj
YrdHsrTzOS_iGZWN_QPHk,SPOT,bPrrk23JyYfprbBhkZ2Al
83makvNRDgZ3kcD21e6Bw,SPOT,QMfqpyDgeDIbjLnry_IPy
Te9rNC5msdWlvhNsIU_L1,SPOT,8-zE1vyN3pHn76W_-FWBq
7sUj75Z_HcT-gWMEzmJ-u,SPOT,T0ig8_GUq8RPzgtGNL24g
LXgnKaGkdanWIchW9RwAD,SPOT,AmrKuFTNe9MeFdOh608JV
r7Bnqzc2NoUd5_lMobmsY,SPOT,72WDjmdmDst6ap5scXBIJ
A3fXQEu7G4vX4GRMYZ5mk,SPOT,2I08flomra8YLvqHXw_ID
s5U9HTcOV2_cJOpVftxpV,SPOT,H5ar-lM13-eOq8tuA2c0Z
MALZnz3jMPBgAAieMAdZB,SPOT,gJSgIbyfskjV41WBng4A3
Ng91nKGq2bWfVmz7b2gmy,SPOT,VCOxyok_pFERLJNPiofb8
3yfWY4ZgDa_0wkQPJTmiL,SPOT,GBru4OxmEoYywzMRMI5P7
RrEOBGeBxXsLufzms6ycH,SPOT,Tt8M_v_SXI394w818Mure
Ijb4WOB3AnT-KkR29HnO8,SPOT,PPOuWlePAbnS56QsH-oqT
WDdyH2Ke0dlI-ofP9PVf2,SPOT,eXf7QbeRIRKYy13o5WDDa
mK851NWGGgKnDP1iWZ2c0,SPOT,451CPM-v4FjtW9wlX08_q
cP3-2Kn4NW0rVY9lqYlp_,SPOT,ftzhMicNL3RquTGLHPJAb
d1G9CHmvGkxsFrdDR8DGj,SPOT,BPRPG3KEnq6RQ8ZZ1T-Ry
0bIAjGTCv8aAnaC-fIvJF,SPOT,Zd2X__-bOcgJUdxypVS6T
sqf5Aag63pzhZaEUmqgpx,SPOT,EKsu1mDPIG0LPGWqkxCc_
gww3lh-dDn-oCcrn1wPYN,SPOT,xJB2fKjF-C6jXAFC3VHH7
DOYnXy36efwh5cxssWE2D,SPOT,Bg3vapGCMYSl9mdG3T26K
pPYxn95UXUrVe-y-WOvcb,SPOT,Ak5tiTpRnvsfdvHtmTHaU
xASVMZXTmT4W_nQDNN2b-,SPOT,uMUOTU_YHpbkghxnLhQiY
vnktZSndEZ5RwEDzW-2Ff,SPOT,cXDGl5_J1jfsZg-8ESRSd
a3BZ3-ijpFeqErwRZYpqa,SPOT,4Fadep_joTyU3Gn2LHVV1
1lGdyAb_SJYDzMjqJsMRf,SPOT,fHZzMyFbVNYmyBunnSOsp
v_Vats_kY3PoPt95YJOiZ,SPOT,UCBwsNNOOzw0jfzk2O7Be
WFLSEOT3X2xoHYaPjH3i0,SPOT,qp6V3JDa1Getuw5rLKjCQ
Y9gs3J9dpOi2D2AqC7qLV,SPOT,LuSpMo6y1rqIdY4WYEeg3
kRZ-_hdHzfxnTVO00qgLP,SPOT,Eqf4U3nAWcsHrrJAC82Sq
1EmFLm_XUT7HC5SL33Zm1,SPOT,6c3ZfqjyBX5Y4l8BpEvqR
SCw58dB30e8AJ6plGOhVw,SPOT,60MdQpDmEZJuc3YuK9_a-
K3aye7mKWuUBasb1U0lA6,SPOT,yqsVRMKmNgrICy5SJcQBx
bSJerUKwCyGiBBKxRbjIu,SPOT,kv_VsRqb2ei92MLB13BEz
bLtee0XOlPVu7e9x-IcZ-,SPOT,0yVFkla4l-DL4Qfb765xb
K36hlccgemnSYt_7k2S-4,SPOT,rIv_8oRManZQJV4Cs16ao
EVZBjcQJOczhLeReglgJC,SPOT,0xH20rrzttL_ilKMmDDxe
524TDpa-bskzQjVVpqLw4,SPOT,jy_eccMAth0k4QEW849VZ
Ps2_k2QcdPENVdTVZ9nc4,SPOT,zTbyzy0cWkWQrpA6Xde_C
-ixlsxYtbBk9MLHv8Hnp7,SPOT,olOFH6lenBoz1hOBtATFy
ZNHDyDvar6Ri46O2zRRfA,SPOT,x_kR_L7qzTHfQCZ-bomhg
bV4PHWtEAXN-HlzzYfWF_,SPOT,YNJRcZqjUMOmoHeIgerhs
gMbd_uGTgnzLgiA0g--qr,SPOT,PvDip-B8oTVecfD9rf_6n
OgAZvHlI9Oqy5buRYN1-D,SPOT,QEZp9JFvhf0ixRZUVaZEy
z0W6TgyNdS5Ivw3qq0XoE,SPOT,i6KwFzjnyX05D5ydwsuIq
kcAAF6yBVTENeayEBa9TX,SPOT,AmpP47pTco7JK4pjbkUEs
Z8bsvbUAdMDM-GZcyW0o0,SPOT,0g6nEQx07EMmiXyuKNpBW
GoLvkvCXMKExFDgu_tLPN,SPOT,YfNPZmj00u3fsHJrZ0hFl
AkPnDzAKMD0yjRL3wJTV9,SPOT,t43WQ8zGnd-YZwEt3ixc8
dMFTyFqd0CBvUWI19toci,SPOT,t1BmUwtugWYzxP_rtTwaI
HUsdgr2-vk-MrB46g5gMg,SPOT,2JFh2BSbEMWpRZ0-q6qad
5OFSWh8iTnaipPgj-HxEb,SPOT,eD7R48sbxreB-AKWmGG4F
8MPyQgK2ztmytr7T63h9q,SPOT,yBYks-NdDS67mpoTQQSAq
7RYK2JWtJqWOSWb1L501S,SPOT,LQ28I3XBV0FgvVfp37ee9
SVikXKerRA78RBjablgk3,SPOT,GuQQdPzgVD_9tuvWr9rs9
MigD5ZIh0HTjgS38f8dzZ,SPOT,ROq-0_jMno1v7V1L0mAg5
jWwhzrzXOYVZciBMgIviy,SPOT,-9lIUnwkKlOvbJfNhop3D
ANec_wM1t5bH4IGuTUJD4,SPOT,hBmmLhsB1y9bHWfHXXGb_
2qupEFaA9swf_AK_dHmE7,SPOT,u9wRlK1Mx0jAdIpoLGxBt
vx6ahwWPlYvzjXBnW7yvL,SPOT,11u42bmX5uehrLgZjFKQ9
a6qnBM_-sCr5NbW52h4bl,SPOT,QBA0sPT5o-I1K1atHbZyp
5mEBW-eEMn_W1NcdBtd0S,SPOT,gJJD_sa5AT1OrhjC26uez
CQ7TxfdYbFUq0C8n0kKEE,SPOT,QJbOvdkHiNy0veJYcearL
ZBh5l6r-9cWzZq0UrPuuf,SPOT,STbsWTl9_QiWLBMYjmc96
OqgmUI1AG7pc3RLkEoJxv,SPOT,ywKW6WvUF-kS6iqoq3gGj
jD8gcvltndOAXI0T28T1e,SPOT,MvXXsFK_E-9eXTfm-z5qF
5VGP8XVG1tElcnDy_pnJi,SPOT,Cbh_G19Y1dTQFY9CpKjWw
l4p4Dru9m_L5m6YDU6aXY,SPOT,mD2-sOIMC3ABqDZZvEPB1
khTZBj-XOXIIW3Ly7wJNL,SPOT,Jg8Sjx7sDMmFtAXucIovY
Pbt8pGgb-fPARUgYW0yI0,SPOT,-eWKK4aWaSRDcuKUTisBn
0yuUPbMQHgaoOmCBgBqYL,SPOT,TsRPwkQhsDou7IzEOHfVC
4TZxySXt2ZaEQj9PiGlk4,SPOT,w1pMfUWmDkBzY-c_Wvako
IG-n1sbNj0cId71RLjxhe,SPOT,fTSI6D3mnRNSTkGbGmkJv
g8QTBFmehmCssHmt2dUH6,SPOT,MmMPPXVI_5qJR4iA5yVgb
7e7HrYBDf82DZpL2WRTKm,SPOT,sl6_4fMPx94bZRr_I8727
pWHjdgLlO3ZqygmiLF8xA,SPOT,HF0RDzT0_yQ3me2RHQsek
CXCuM9pi_xrQ9KgxjYpDd,SPOT,96P61L10MTKjsP9eWfvxr
xkVBPIbj6jUj0au0U9Fev,SPOT,5v2InXsTmwaiFwlvqqpXe
c88KmayVDqQpK1ZgR4lqb,SPOT,cTGCuwvNl1Xb3In6uiUwz
oTRsfWUmJ8DY4h7lqB-iq,SPOT,xPeTT4EV6E78CibXls-nY
FYZPXOccL51S8j7Xr4wkw,SPOT,5ULWtgQiQJR0A-3WXER7w
D1FdpFYCGNkPqjySumOuR,SPOT,rk-6EGphtR5t5fesrkbjF
2z1Zyb2O665XmNTd6Hc96,SPOT,LLXUJ45C6QUMapkAIFD-7
UN0cpksjQODR845S1L_Nl,SPOT,6hHkovkbc2hjxQzQwjtv5
_cGe0r6mA5t0_cttYr0k6,SPOT,LS5gHIMQxwhHPrOKnhpUY
u30dBd1wCWV1OvGbKzxyG,SPOT,cbcv1BhLExgrMfOJCf7YV
tFsJx3k0zRu6wqSKw-rFR,SPOT,SNQuCrKb4rMu9aemxxTEv
ia3m5MJgtsjU5DSWq89sx,SPOT,5C9C2UisVfZrcEkYE9v2P
BYrHxeWT91yOz2ITgOr9B,SPOT,C9-734L1cxFl_L-NrhoJA
WMByvffUsE4BKSvuDjHjx,SPOT,M25xkkufHbpjbkrAkm-Rt
jEfSaI62FsGcw3QGs0TrL,SPOT,4U-iovBrlGQAsD_CqVCBa
3Qrl6tcS9S5rFTc6ZFxwC,SPOT,XGQ5Qsb8qIfw8S2AURz5I
du-V4EXbcJxN_2FI_D-bc,SPOT,1KguXd8B2ct0qaMwgMvzP
4miZKCn83hWVZlwUaIbO4,SPOT,notIrD22oUfQr7vOWt-hQ
SpY5TjE6YhFD5O7wSJnII,SPOT,d8mrA0gFAuHVbOgf4hdyk
liyh_NFXryYI8w6HU8w0w,SPOT,p6_W15OwRvTR4pMDULsht
nFPBMt-k4GlILzI_Fmp6Q,SPOT,nDEvnGlPKHNc72Wka0Z1t
499ZaNS58dYXQZKk3FzfG,SPOT,YXzMG68qSlrxXzQ7YzcnS
aBh8Eswn_AR7FBF2Vk8ju,SPOT,QfvmqzH2dhNmdmfV7TGAp
aldB_SEsPpUgaGM1zLMV9,SPOT,1RV16On19X1fiEST3t5fV
bbenfiI9InSxNo36vF_3a,SPOT,xVw6uHC4sqmfZ3kYfI9u4
ebDf5nFqlWQo4tZLpyue0,SPOT,DvUh4VI1xJ6Gg5csKrf1Q
AJjYjK9d9NAbLJQpiVCTd,SPOT,PLtUB_JaNwSWpPNBzteFL
jeEPKgNZVPha7mp4ndCUy,SPOT,vrvSxscHLfmA1pv7yEUi2
hL1c2c3XgOTVA8vNN9HFx,SPOT,d8AKBwtpneNG9CV9U1DB8
JmlV_I0dWj6f7ms4EtrdU,SPOT,OyaSBPvqSGSzTd8FYORBD
PKpNleECrQTiCOCO0qcGZ,SPOT,z7Xkp4ceWLYZFzFnH2w2X
7YdAQ_5J6CDKzZUtgIVLT,SPOT,_9Y8viLeAgiUCPs38jrii
ouuQU-D4ihxA7t9TWAxKZ,SPOT,V-OY_RJYIZLdtsw_0_6OR
bUUmfIhVjqAJUgnRQF9SY,SPOT,PaSKRyQFNgSVCwrC1-gzH
GeCPm_sY_SteQDWrlRNvg,SPOT,hnLIacQggyiNaYMMDxYj0
1vwa4ZIY3Che6U5q2bSB4,SPOT,fBJneMlIgwrEJwjkX8Hzc
DngvmDCPCVDOWZS1iVJMv,SPOT,1qjlza1MKGrNoCCRNv_Ox
roKctr_KV8_F7B-z7bIV6,SPOT,JPiT3qnxeb-HIuKdYftVN
kZ7_tq9MKfxN_CPbIe9tv,SPOT,HAPRIkDVDxkly8HmmFRn3
6SohcZ57m9yH8yIWYTUsy,SPOT,pRH-3kTnmtvRHx8fJGtir
2uoLp8okw2h8eNPo3lNwy,SPOT,spY4hg30Q0fz00ZS_FQZw
z0Z1z8kggYFKrowGFzY3q,SPOT,m57CbnKYcrMpe0U8wONWO
ddK7hVxbeG0xlRbjft6wE,SPOT,TTjo65MQ3USX0Gpbb3lFY
k9CASg2a5cDpPbMqTfYol,SPOT,B2E2yT30HYfgtaTrH1ZSL
UpfCGIxM7mRkGsP9I8MGS,SPOT,hljHOxLOpmvuqfWY54_dM
rf68BmMsRB3oLb_ZCEeET,SPOT,5dS36QSc0HPje_yIRSdm1
-idc4Bh_kJ39cxzjmKsN0,SPOT,W3WUTNwXJ89vrkBVjS5fr
15atqB1I26AFVavgMuw5A,SPOT,-lAXDRESXLyyrXiu5afKY
-pc6G8AKI8AERkyBrZ5at,SPOT,cAbmkRYJ8W9vAk5whg6FK
j2LGbCoSiP8XTHQm5v_ZO,SPOT,fxfy_3WWoAzghLf7YGdQc
C2JF8mDdZdMfSjtrKpbU1,SPOT,zPgJ87jNkcT9xgiJWyh07
w4ODG4FZkRCenOBcRSSpE,SPOT,6UM4CyrqSEZXc3DSOiTrZ
5_s2gHaQux-Y6iavT0cev,SPOT,oR76FD6kbDIqKwnXZr63S
NgE6JeNfGkL-6aTRx9fgx,SPOT,ZINK7XKx6E_Dk7qBO1W8X
_2ceMTBMdv8AvtLwIjxB1,SPOT,iqAfJh5y_X6gkMEglf237
Y93jy-yyHGfxTryNS74xx,SPOT,L_IW94neJlZcNyqZjExxh
5cMlCklVQxF0syjX3senm,SPOT,wpHUE9lWTzFmSyyLIqxW9
X8gTZCxrzTUF009fEd-na,SPOT,lmEHqKQPer9lo8uZuGbCA
pjEidOFm2518o2mtOgB0a,SPOT,LxKLKwEbDyNF_3E0i-WLf
Y98bTKCAHTXe-ZBxf-RYX,SPOT,Ahde6mJrSW2a8VHQfPg42
S-SPxOYKhPSh8YCFVFnpG,SPOT,6kZW2lbR1tMdHhPIj7Lnl
sPg44dnP1ZegqEvYZu1xj,SPOT,vyqCSe5S67EMJkPQzPbN1
ifH5ZsfbInElwydfr4Lpn,SPOT,DM8s3RaXFJhoOMw9SUnE5
wdY9JVaLCX1cRe2_bwGs4,SPOT,bfrBlSjEBmQVMOb2zWfep
N6nOItxzLCK6sebaWAvpx,SPOT,kwUQzL6AvWw5iTnOdXsrA
knG6ZO0VxDfJA7mWUKF3x,SPOT,Q5jK4ASZAZ-ycM_SCryU4
VKx3EdK53IZ25xPxdfvWr,SPOT,WHkBbiL4degohoMAlRRDf
Az6vF3etm1YiLLr1olgu6,SPOT,Pp1j6m6Ns2K3rbaUeBFY4
JX8kbFCPIysgsT7g8C1zS,SPOT,a_izplAE-n7iVXebysM5x
NdIqQbZSm6av5O5Ino_1A,SPOT,80HatsqzUlDCDu17vDi7H
RVnHk4S3eldT8LIesH9FO,SPOT,UNRQMrxln5sh5PQkiyaE9
PaoYpjUHfCiAKIAZ-MKjf,SPOT,Q5DTI3mFZs8c0gcuRwvQo
jmraDWgFMTlURtUSqpL-E,SPOT,q-QUQWvaQI_adu2tWIYpc
MLQvtjcVnJ8_iFs48qSwC,SPOT,5B0ek9wK7RcU7B4IT3PEs
87B5GCFQsr6kiF1W3y6yL,SPOT,QDtTIlsktcVDBJiFfoynd
CFj0xl5JuJmEX_DBCiCf4,SPOT,utx8fg1wvyYSMwm0s93wI
rfPhoNyRcqBvDj7ozKd68,SPOT,9SaukEergPGFebpBns47G
HPN2j4TD60KSMoeSWcPto,SPOT,S_1Mu3W5p30W3CHr7F3Ku
2oM8I__SwX2n-utRUBK6Q,SPOT,l4z9Ry7EW6oYiLDBRUfX-
VPTk7WnV5YWKtu_mPjJPI,SPOT,S0HCDfTyA4hLR45IW5ysm
XBV8GisZlb1gGZefWm4fn,SPOT,b3O74zx5c_sOu0QQCQ-Xp
APH28IBw1TYl66AFQH7IG,SPOT,YGALWhCCuIDwo7hGhUSPI
RHRrpqgfJ24o1dcFq-Zmu,SPOT,tQKSySs7mata0pM_hGlTb
g0lspSDaQWVN1DSZi6Ddq,SPOT,LUxBF1bCOL2xCpHcseQcK
igutgt54ay3jHnK6313vL,SPOT,BWjWBjGldGMgCxifaINbA
_c1zsGd02VaQEpTDlHwcO,SPOT,LAdkWUyOdqJ7Hg2RI65El
o4tmgbsKtPvsumVQRaNGr,SPOT,t2S2JWOEcRnpfaWE9tdMy
q3QyYBPVFVwwnfWuIbdIx,SPOT,swDP1SRzLcTys32uIIQ-D
c8P7hT9xktcpkhDBDlECv,SPOT,xU206VHadZCD1BkBeozIt
Wyzs9gxmo1fxl5lVcsSHC,SPOT,F0dMFyIRF9xfQQPh_a607
-op-jefcgJz-P16KKowD5,SPOT,gdO42asxJRBXJD5mFEJLK
YVvMYBbWmlrPLW96PZF8J,SPOT,TgIyeeUjpYYuyfo46xE1o
a9Qao9qIdpPLYDfJMaMhc,SPOT,rSq4KFmDQwKEt6z_4vuTE
z3OnqrYB9FSNk1aABboBl,SPOT,TYqaCLhmT1Kn6FZZNR9cN
sKApy3s-_L4fWHQytgrH-,SPOT,O4Kq1N8t9k9LqDSPgZdXY
Dbuk3fqw4FU5W5cSBL3xw,SPOT,JFEPsUDTY3Mf5Bpro2jEN
YyQhYZyVr71Vg1Nm5ZKhP,SPOT,ATt8B5DeF-VWA13gSct0p
lZM9oibugPFHBtIZOyAyv,SPOT,jeZ83kb-0jWe2LATNTdaN
qaVWYOgnbP7_fEJR4i2Y3,SPOT,UmzAiwgPHUW-wVEeqrIjc
9sIjz9zsmj_M-Gb7wZ6-x,SPOT,PXjeOsrjvPAJDKzgbbkMo
m8-hr9tlNUOS0yMlZs4JY,SPOT,EZitvgX7SZPJiMoTRWmDO
zQIa71VtCsIJUSuw1rhXE,SPOT,ijLoXoOFTQHAKtZxA8jRJ
a73pQKOrXil83flWZJNgn,SPOT,oUN1-JjhbtxsIs0WrRPoe
GVuZAmDiHneSM-JBuGlZt,SPOT,ysLhcZX02hMXpkPlvjH-I
M9veAkGnI6cDCpE7nFjms,SPOT,5J1ALM58RoPq6TDGBZiUP
x3jh4g--ifWp74naM81Wr,SPOT,hDAk3SACuhSL5LU3g5uuv
0kEYL7orkMyGkIUC4PVlV,SPOT,ybkTOP2V3zEpztLehFjpe
oMBGJDVlbOhb9tmXanCir,SPOT,fLsFqDx4smw8pm7VQqbEU
SlWvXKwNHHY4nsdFQ7cG9,SPOT,Lt4iUuAFoj4xGAJNklxRV
A6IwLdE9H4z84-pxz9Cza,SPOT,vP4Y2fNafKrU7_e9d1CJs
kRFMH_65HeKncFVvo4gGK,SPOT,qIPybjMPOia-m7ipw42Q4
djvRpArcz-O9fWVbmLiBR,SPOT,10q46_DRkB8qJHFJOy1QO
1vHq7IOd_xYNPiTZtSgBx,SPOT,SMiuN5pfz4T0MEr_N-qO8
Ln9p-2t2omLVu1CUjsrF-,SPOT,x_c0qmNLXps6Dyql_awkh
xGIfcCK8QUZpXqHsyRAwf,SPOT,b7_wOoTrVwJoyMYY-zvIg
ttXxcdJ5kI_0umAroEqYl,SPOT,WHImlXAGw42TKtqLW_MwX
e-4SyTM9tZQGLDCye_4ae,SPOT,ggrEs4f5RdQkXFbvDYbjH
GWNfq79G4hrPxqMmf0-xN,SPOT,MyoUZ7HHNKCgsl3vHoI5s
ZPNkWJ1IN11I4L16YyY68,SPOT,1nrvJAuuUySb0IQbjMrHV
SW_nERfadFrooM0GjKi5-,SPOT,FdnrCyrM-RNWUrnGzsE6P
Bcf2fyygvwAUMv4_ovWxD,SPOT,E2uP_uSCt4gjwdWfBd781
6M43E2PTKHhlPuXjVcCGq,SPOT,xMYoXHhAUB8KZQ1OjRErB
_dau5VEY-jniNOa9ecTTo,SPOT,a2uTa58x9i0_x2LBWHFdv
zsZer-CePb6Up4zeSz68d,SPOT,MPFqfwjX85apWRLcMIkbH
kYiWPKfZKkDk8-_a2uGhd,SPOT,FzTYhhcEtXpE64aY6ilbp
a3fNU1appuDpfIm0Njo4U,SPOT,nfScjkq96kyDe4_h3dsOK
suq5ap45Dme4KdQhhEgQi,SPOT,xgE_uH5Ya3V5D0Fjl5WtS
85isOQi41SpSu4ssYqD4A,SPOT,bR37iAbaiH7vC3Yd6NuKi
6qI1FiaKerMnCpPx8JwzI,SPOT,6czZ6vvX2IS7HAfMvZ-DP
WXMWSe8fQzK81m742i6Bx,SPOT,rdIQp2N6IR4lT9fg9ow4P
nnZJheguVVsIKCUXTMZqs,SPOT,ggE4284ub7pEeorkqJN_3
451gjlzjgeF3-aWsSsq-B,SPOT,nhbEPV9rJD5bPBEnhykNt
T-DmoTogZYVdUpQz5I144,SPOT,1IuNkovsrAfP55c4CkdQP
k1vS3gn79eRWSPmBeAfTD,SPOT,sKq8D3GeG74CyISNoM3qa
ioTgAJWJrx8pkqY1N3M7V,SPOT,fNp5HNJ0GdwBrSfdykRXp
RnyY_-cEeFA5ARiptjLly,SPOT,06yteRBU_6dAE3ag8hFt5
COo8NRL2DHmeCB4vR9-GV,SPOT,wi9BmJuzrzWrbkE_bBvXG
sw_FxIo9EADN9LFbQl6xx,SPOT,ozXsTiPATtkj6FHMMvlzg
5zJjzzUKLf_ARu90KbO6v,SPOT,BfnZeJt72uS_15DKRaIVL
p6cxxjMRsLA3ZgngTChMB,SPOT,9dpVSO4n2ze0RB0KS75A3
56I5XMuOTId37KrGF7TOS,SPOT,2WH97mnGw6GJ3RQ6XMNXx
e5t73bMzbrvcta_V0ecTp,SPOT,snqICESCCyd1uI9G2kHeB
JJEmJZ5YPH2iBN9EgO1n0,SPOT,cI6OIC8e3Zt1r41B8KmHi
WcSmKumzAKJohg4-ZVO3M,SPOT,nKX98Q29yum-ZOgP0XYSx
Nh0HEJZaYG3tBdCgITZaK,SPOT,KD1z1R3V0Oq6aDYUMKLYl
i6QBrATX4sWN5xNEB42RB,SPOT,lauccxsJmDnLhysCTeUs_
wc5X8T-94TX59-89Wdcj6,SPOT,HG_T42VPr12pDg_TmnvlJ
X-1GeNLhrggXcqgFmO4bI,SPOT,6djDdxexDe6H4MfphcLOz
_1XexUgn6FDNGQWLfVoYA,SPOT,oMpMMpRrK4yuwq0-vimYY
TWP2icegqwarI_kZhdfMr,SPOT,LaYtNkwY4fLP4v0kzZJnK
J8IzH3OJpsbzKbcIoyqA3,SPOT,wdGf_kPW-09veTTVDDQoq
CUHAgPAuE-gqNvyfp-WWf,SPOT,DV5Rxf07OCDEfc4mMio4g
YzTV-GTB6997nx70nWXRt,SPOT,ipJDtS5TZlyhR2vuYhSAF
mUQ2M7b8lV9T21xq80KnZ,SPOT,MVSdD7611OEEoB2ECDA5c
0-ye8MZPAYIHTgBzenjzQ,SPOT,4lUTLkeGNZnN7khzhpY3u
jrM4NarpqKjtdghC3SB6q,SPOT,lrG4JlWkvXMVnRQpc7EgX
aml0TVAM4H9rrHdFvZt-m,SPOT,OEwhlUeADmAudtsbbnjq6
wiPW6kfyYGE-PFcugnIkg,SPOT,Njpcu5FWlF6H6P7xyyusY
YRNzUy0H8ApbVGjwXNmzf,SPOT,TKpqHADbnjhm0bjcUq2Id
TlCZy9MP1SHxkMcNByiTL,SPOT,595wvzIL-oCfg5KxUz9MO
Fp2pBGcjxd0gyf47o5Rsc,SPOT,uPYbiApt0DeIjSNfJpwrl
TfZG59Hsc_E4WUUmdOsn0,SPOT,NRO8q-PspikdBBX9kJ9W-
xXJoofYfS9QLg6bJ4HnXJ,SPOT,yPBVpwtgrzJjeLkGASsMX
kBtO8Wa_EcEYghw_3UWjf,SPOT,yQxtkMYZ2KJqEJhN-_Qbm
z0_eoRjt4zWa_PdaFeAZ7,SPOT,HK8sGFdxu5bDQRINKi0ar
O4Ae_CU4D1skam_twA-7g,SPOT,nzdUJXBnxYDYALHquQS5J
aE3mfsU-VQ2pplDU4LtmP,SPOT,pdvNg-OZkwfjgttJ61YDs
Ggl2SOYGoQpPNGs7EtNvJ,SPOT,hwX5dYaPP1VNv0zOaqlX-
q9-n8kb9xe6hquwz-E_t6,SPOT,9yBLrYvFpo_vPGz4jJY_y
F8QJPzQn4WcxpD_UgVlba,SPOT,9fQ87InpwExlNRq11nwvI
CElYWTmTf2sCS1o2Av4xR,SPOT,O1anktxip6K5yuqQWy-50
Wi2Mtwu2883v-CmmiWqRf,SPOT,NLZ3nGLVXT2NwCo3MWtfx
u9CW9VFHVUxPt9DPv2HWA,SPOT,tj2VgVAvOTFMXqa4pHLG4
EjG5qbkd-RqfYyDjrj3kV,SPOT,WMllgSeR36pbQTf1Lsbgc
GgeON4-T11QF44hZsy-hW,SPOT,cg6sjOcaQweBY95agJwKR
tIKVVEoV-rXPGAmpeXp1R,SPOT,e73bF-eChL9hm0jyh5_z0
eileysEx6Z9K-IGIaWmAZ,SPOT,MbDpY8vLj0RjubkRaoyds
KtqYuWPjZzjd4GyKWIt6O,SPOT,vvLdDxp472KZAJCp87iay
Vzj4Wes2l_ctBVjfaYgGR,SPOT,6mVWCE5IMzKzqc_oy-ydW
0YfgcKuSrk6RyJD6UbGQR,SPOT,I472bYDOcZN6K2ih1u5cs
TTCV3lYTHrlCh9yDdXKM5,SPOT,iP3Vjp_abGldE9FiB_pwB
L6bhB_ac21sxT-FtM2Fvd,SPOT,GuwbNdGsTnByQk6FfjXa6
nGJ-OZdm50VVkz-rfEoFu,SPOT,VeEDyCib1Bok1GVNmpROf
U9Xku4SnPWnI5AlpI8tWr,SPOT,pnzPMl9jx4TPH6iqM69UM
r_mK1iKMGcqT3EaOUSqnC,SPOT,XovVwhuDDFM8E1Lxw4Xkb
Ii9ANXFlgZvFCMqkUUKEg,SPOT,lywZRn_9RkghMXbv0iMM7
nFN9iMkEThU6dv7SUBvzw,SPOT,2qbc0RWxJ3CMCYHjTI_eM
BWfxy5ZqVmBVfxoT0R--1,SPOT,NS5eSjLDJrK9-ho7IjQIh
o7ZjMaBwSYwWaEhnTCXzt,SPOT,YE_fOuGBssB3GrI3fxZZ0
Emx8bhqQtJPJD40qkFcZ2,SPOT,DzpEihF64GRhGGQRMpEZn
lO5nX4-oFXOzw5qpg_0nG,SPOT,QdytdI4lsKRoJU2I8MmTI
UkkRRE3IwAkNF0IFm7k1r,SPOT,40Te_Oh2qOUODQtNe2FIE
Tn9nA-hwa65l2knKG0Kdt,SPOT,jaR3sDMSgmyL9tuqd0h73
t8hb6zvVFt0dLdSaDtFkF,SPOT,dwHdmdXtHOmr6zS3EOsfo
u23MNmwuPYFHyUdKpnc1h,SPOT,bnjEL4DZKhIE7vC4KiJ81
3wehFw2TQjrpClOS1pmyL,SPOT,eLdAmk_7HKi3lGw4Z4jI0
lKym8IhOWst7wVMjdcc_r,SPOT,lAErpcnEmwnUSvCg9CG0L
0Gv9T25z5m03T4dsf6GL0,SPOT,q5dzytqx97nCLGFQiI6AY
fp0XxzWrDHkjOa9M5dFUO,SPOT,NEAe3YmmBrV5Wa00zLes3
3KmwV_6WS4SyNLmmGnsKX,SPOT,20shX0gM8dYxT33X4GLsR
tsvFDSOv04g3AsTP5nENe,SPOT,64o8cJ9mBXVNo2yRp7Yku
e-3CzU0Q5Ulelnpvr_bjq,SPOT,RhkrEHAM0jxn3RnLS3fS6
FEhqqfbTOJ2YVIlcgmBwD,SPOT,CnZAMcFh-x1oNLbl3TDhe
sK1MC_doTbF3l4UNhNvx_,SPOT,2DK0Io10A8GWMxdnMWVIh
TUi0OJaU-PkMQ82hopNay,SPOT,7nQ7gt1CnMO5cZeOWcyKz
Nzp5yObwC8mw-EKzR6Iav,SPOT,z5Ll7GCVA0peHTSIC574W
m6cgC8ffyqXUeHE12T6gW,SPOT,LGVRvXgRml6kV90y4q3tU
W5CbPJmWI1WzUt2DiAWQ4,SPOT,9ZK6nV3ODW_gCn7223uPJ
ZkziPEwgIEtnafAfvWn7G,SPOT,Y_RqiDZtRnhqkBAwH06Gm
V55subHq2VnGofu0lS_N9,SPOT,eIG-J4ErZNWnFUFWawXZx
UY4kAOSmH5dSX-BnDU6wn,SPOT,S_rUpvCq7t3UZB3nhXGb5
zeY4Gikzm-hKJyVwp-UFl,SPOT,kU4XwUR3q7Ojp4DuE_SNu
aBSjMbjRxZSc76GzkuytO,SPOT,VnbztpXTGYr2nSy7CE-ld
-hK8gvpex953a9sKfd4Ru,SPOT,va-CyRJDLKD0cq8tjOHvM
PfwTKeArWDPhkRJRPtCbQ,SPOT,UQP12ShQXrCUnBXjF4WWU
8qUYRdDv153GKRf3nzr6j,SPOT,FpbSrbse757VbhHCa_ICV
j49_JeZtEpQShWBuNNLwX,SPOT,NxabFLuz2daieh_Z9wmEx
MTWMg0boN0S2VsR7gWQXs,SPOT,wnq9yQFsDUyybnSIXGM09
pCnVf2OkA35lsZgbe953C,SPOT,FZW4y7MCTHNQF87PCeb6K
-ZZMar7dE4hS7DHdLByzn,SPOT,Djx1tAUwexyRAIKa49C1J
KUcgciCg6RCK7c3JpCMZZ,SPOT,lDEry-CPsaNj4s7qKFa4Y
Vym-5uR59cIc7D2RBOaQ6,SPOT,M_o1mJuZ1HWLr-7oEVkhb
vXU7iVMEF8GhwlNRmeKyv,SPOT,9ro5HRiBTH_jCW6-z6zwk
iYMgyCf1e6XRsflqw_mRp,SPOT,wLPWs0bYcFF0TTb5E88gt
HPPzbSRR9rNrn7jvrJ-md,SPOT,sZRTV_B67EwiSCQykCvMt
l-u2hr5azBVDxBDNQbFtp,SPOT,heLtSgYO19ZxbTp6shMoi
1zPCuPtB2RrLWRyNHDPhI,SPOT,TiUois5xpMlLmsrhxLXhu
T34BYKlP-BkcdcCFd6hoY,SPOT,-qSxWkhrddFM-y-pxxQVk
-F8anFQLs9Nn-xcIyJQNR,SPOT,IoEdE9-HLVpIUD1GBu__K
PXlCXykC-8u09TDWRR8v-,SPOT,KZRQ9AX_ZH_xZ0grMoTqd
dBGvfPQjylyFu_UrIotby,SPOT,vE9sRKhqZlN3NigchACCR
KYYDjvRxt02G5d1hJhOGq,SPOT,JrduDm_DaH9xFvh7IGkhv
VRsbJKq7BxHY9_fr24RDw,SPOT,-gdAP2l30rNkTeSGGpaaq
rCiE_HviKKHBXTN6giN69,SPOT,uIoEW3KPDNSSVEfnnZCxl
aD0jyofxNK1WA-v9U81l8,SPOT,UPgCWVWvZRN2LrJ76Q8Oj
Yn6vAjdbONn1RYa48dpNp,SPOT,tIkke8IXHrTJ7Uk2jUZa1
k2hfJhpgcy5BxATGibTYU,SPOT,dPg77gex9WTkNGFQfFZHd
9iUUhi5pHyVmuyYDUAJwb,SPOT,YpfpFG5ozJf5BTEIOEP8Y
nRbtMRftl4Z4CicYkmB1v,SPOT,eT7ceTtAz-tMRZEPdwaen
443aVYJxYUwr3Sr3Z-S9o,SPOT,xTXRDQNrbMgyFElskLqdp
D-LzQ3p08plnMGPMhElYO,SPOT,_1jrGIWPh7Bv8IJuEDw-9
-7neq6BynH4cRcE7ccp5s,SPOT,ixo0aUA62uMV-9EJwP1O4
ERNm3PTwOcOPz-I7DiwJX,SPOT,oBMAEk8cDWsmEtj9N0p8c
4B1qaAwxHD96NfWGD4gzn,SPOT,GE5VWGDGq780NSlXgW2Q-
yTRMsDNCimeXa_W_TiW_4,SPOT,dhfjH5IDs0iEE4Y9FO5jv
fv7zFMoAHF109JQ7L3iIJ,SPOT,n4d1MXtXLS97uEcSGxvBa
QHAoFabN46hkoGLOamu2h,SPOT,DrDGMYyJs7ytngmsnwz8D
SPZzpoV4HRZfduIb8B9js,SPOT,K4Kb-lwfUPK7_aogwPJ-r
-qBM5jU7ruJgdJIO_6CpU,SPOT,xJLDklNimzBYBwaJiCUqO
TDmr5dvSa06AMdzbBzYDj,SPOT,mwOoY75oWspkVmn-wJoY0
hMStAvq99xavT8SaODYzA,SPOT,WE9nlQ6QU9hIeOty6h04n
fJ1AKPYZRepyt8xiP_Drf,SPOT,-LSqKDU9ddIqzfWHFeaaa
8G9v9WUta86s2dh90O7di,SPOT,SvAoGHZDzV3cbQjtLpfKq
X7alWM6eUrqzG5NFqrrP9,SPOT,VjHtj1X3NSTaFwbpbtVMc
YrnP8noMCyGmyQkIVnuTs,SPOT,-mo_oDENEDvafX9Dc2mqM
K8mSGwx1LbrUzsD82nd4C,SPOT,dP5zvyeaoWHdtkOl0iJoC
pfcfTKgIp2TNM8LGs8abA,SPOT,TLag9MErQjL5B835389K8
3zLYvpqh0lqli9-cKe1Er,SPOT,kUXWvmSS4ptbcLdUISVB8
qoz5dItc8J8EwkFGOdKmJ,SPOT,FhqrTvZ8AOqSx-INgbkvW
4wmFqlDbrTuNlKSoV5M7D,SPOT,xNF6WJJVFMuMabb7wxUiD
QSKQR5t8RphRokl4_YHHO,SPOT,3Q3eHP-ehulTRhi5BT_XC
9OpjebXe3EVAzGBbY8MGI,SPOT,8jcXt5NHLCfx4QCZFPVXi
D2hCRAy7KWqlCDIZansGF,SPOT,BIMOsCFkRJirKfw35tr5z
LYEH9cI_bB_gnIYpyPYXN,SPOT,ChN99NPPR-GrcKHwqNUPV
uPL69O2B3Wn1-MhEbScTY,SPOT,0rNkfwHJQC_9ttpntXs4a
aOrAZNJYdwbluoxq535f9,SPOT,2sMgvFc7kfwJ6KACeIowS
DynAPwR2ZC90KKO4Ue3ma,SPOT,ntpNleyhV_l4Wq3c8qV12
KSI5w8FnZBKvtTemTdGJd,SPOT,0Cz4X6xvu5YG7JH3htLk1
06-X7zHrybS8_GRZFI396,SPOT,j_9SaiHxZk5B2Ivd1qknx
5VMbCCTd5Gsv6622SFG9s,SPOT,8EzlcRvL5Me1ZkLSetzQq
n403SDqt5gNdhYapwHWpJ,SPOT,F7TaifaiBWzwdAVNDXRv1
qe2i5Mhp0dLCPH4k5pqBT,SPOT,C4iIaH7ChiaSaeCVjQf4u
-DEFDeQr6wbZKbbiGrPK3,SPOT,P1_ivaQdFQNB4JH9t6GOD
R5-2qY9o8RkqWssik1ZwW,SPOT,vWfOQMS67AWwETWXYwMJM
Mb-6rSxf0sDaFUI-lctBv,SPOT,TB1N379zgYqCnfM0UTzE9
nFuhtMrQGt65PgiEwad0x,SPOT,1Z1J2s2nzfLLRwCcTDbRD
QdteVv1_TNhV1tmLtWVTG,SPOT,PIDXpdvW6jGv62auDWqCu
AHbeVVQ6RstKcixQWRPKv,SPOT,hs_xkAs7Wa5fIADOYqj00
1B20QjyPHEeykiNB9LaX3,SPOT,mjAvTCx07VW11eCjm4kyH
iCPSYonKaGnt9svOwF7zP,SPOT,suJfc8IRLTDt0h5NYP-su
gbOtLz9uLSJQzcdekc80I,SPOT,bmf6mDYcoA3zn66f3gLWo
wMc9VuJ2VKkXIp3slWzMu,SPOT,ChTVVSHOXbhfBEZsxch-r
HmrOm6xo8KYk_wEAILRyc,SPOT,EzVnRc2SUr9ar16qVbtX4
GB0qqRq5InyD1guRncLZX,SPOT,jv__2ogAVxxVnnC7_XrQ_
jnotYdDfJNMkJLy0S7136,SPOT,F1HiiyEN9p-HqfbCX8EQx
GrBYHkCIweX3jkpQmQE6G,SPOT,tYE7CvhiNyTZdBzKiqyy_
X8KDNCJDAiu6KXm431bhb,SPOT,CO4-P6ANXekCfdmS8G8dP
gAZlvR1A2hoNla3e8lJjZ,SPOT,KbvCtVc8WC79ROlTx1A5n
E0iJgT8QDFRgQsoRj9MDx,SPOT,y_2ctqMtdhBiUhEfteZlZ
gH26zLzAiVLG69cVswdqZ,SPOT,pGntb5y1J9ezrE51DuM3Y
IQcR5YnUDrDr0lFT_9rl9,SPOT,r3o_6sBnCxbNfQRCupZ10
7MQg1-Y1TQ1ltmZnrSnNK,SPOT,UrNMo4HaPitlju8Ut_5tM
jpqy44PizvOmW1Hlp2rWw,SPOT,WZtwC2L_tv9OL21rFf7Yi
l88R6Qm3RT7lE5vEma7pp,SPOT,wq9ZAA-Z3oA3_mWk13Plk
O4vqdGJ3Z0tffKTt3Y8hm,SPOT,dGIGkzvfzb_mRWVGk6tEg
U1If-d33Azonv3QYQOkFs,SPOT,95jRNWMpCMsw3OEbtiIHc
u3Dvz6RyQHLAHbAuIvllS,SPOT,ZKON59C-vxPzjm_4CNQDE
fMrEP6cQ4xITjkRU5WyDl,SPOT,90mX5yzA1Lf2eq8ixEGY8
8a7PyCRb37AnsvhApBWjP,SPOT,i0fJBU-QE4_SuIThKVUty
TPvpJcMVt97wofQ4COm7M,SPOT,3HGyJ-rani5TFSG2FBDnw
RZkKvo5-6oYCdeuObQeuP,SPOT,l81tTuJHiWm4nSTUzPAyk
ZF4nWLd2JoLBmxVG0qlZY,SPOT,bM-z3PYuMmQv6Pd9M_q_I
qR4ORu0h5lTc4ELgjJO6R,SPOT,_8zDgC6fvXdxMBQi1uU14
BtKDOEC-hlGAsccwOE0iW,SPOT,1wl-eONCLYES-L9p-8fuu
d83U8i0cFpoJXLRC3Cf3a,SPOT,XUQ2Qjx_jH6aLttWYP7BX
n1Fj1PVfEoNFFlWzrxzCp,SPOT,sYS6VW4Iw6tylT90q6zUX
68bfgX2cFwgdUrVFX3mjN,SPOT,clNFo8VrFfScaa4ccNmz2
2WZVfG_GlL1m4c4nqicJ5,SPOT,fFq_6Ae1aLy5hZOFi8YQA
KGiaMlRdMRKJ3FqEVJE0S,SPOT,e8kP0sncf2XD2IxXAwSYx
ECnz_wc3xgT0pH9k3YIxm,SPOT,gKD3EnR8Js0qmq5w1K5_P
Nv_ox6s2_tEFv_xrTXIKw,SPOT,vijFrqLLKhG7yTsNqdh7l
i3oqCO3e3UjFgTGft-M88,SPOT,KBBETHF3SLeThUqirUiuS
KoVMLeMuW5WB52SuZ4ecm,SPOT,Y9jm1xHdiGARB4NEfqe2V
PreK6cwAAy5H77ENNQ4gh,SPOT,4k4uThfb8EILj_L8-7nvD
9dq4XSC37UGjfYbGq0l4C,SPOT,WClOLtA--otlc5EeaF33O
VXbd-eKxLldql0MebNi2J,SPOT,Ir0WQgjDiyOkg23roucln
jcon76Ly6BbCOd86qiaCG,SPOT,HcRKkJK8Lyih2qHPSgtVb
7ANaSysPiI_uzmR3-t_nt,SPOT,CLlxN772rYRkieUFYo0gJ
ppEMCKgYosqYpB3zzEUgW,SPOT,dCAn3SfZksEisMn0Eeqxa
MUBJWqw31CvjU8mf4R4LQ,SPOT,XjkMmZn_L-UAnCMH8Erc4
wrqRyk7wWVnVLAYOJaXJG,SPOT,wg-DbpTlZ6pZbdhY1I-D0
17RLuBxyLkEvZfZnBB7KY,SPOT,Z2Pk_KmJe3l1AA7gFZ9YA
8ElOMWs1SouIuHbuxYTj-,SPOT,J-8W47G6CT1jya7C5wpUp
4RjKD8dEsgFxaRWlckHjs,SPOT,ZZOGGdXQtllG_HyAqiUpP
oHvMgKA-HcIjF8BWKt6Q4,SPOT,Ty-RAOpc3y4jYgUEDzloZ
aOp69uYxFQfB8KcREfZXw,SPOT,ecaPMsKm_V0wK7eedANK6
5IiSBR5EyrlHvei6YazuA,SPOT,yo3ogmb6OJd3R5sL-BoI8
xDmXwzu-OcEAemO7hSinl,SPOT,4MaIse_F58-HMyMaJSY2C
1vDD60N9uqJxe8GgDWsKP,SPOT,jNwc1o7L_dsSqr27nCECS
dehZcFYXyiQD9eAYfUIAW,SPOT,MWkUnUlIk32AJ6ekggRPh
lNOFocnbsXIfEnhUJH0Ve,SPOT,eBVo4Q6LWeutHkQyD0SSq
r8tykn5GcVk2Rl_fzFprT,SPOT,mGC4Q5YvrSNC7aPDf8H-f
BpTKwyojRcwBpQnoyLDpw,SPOT,dotEFztEAIaqzzqNCoehp
v1ZMW2U6_BYjVwDEeQ48W,SPOT,0LcKEiUW6FbTgQj0428c4
9hrd30wlMlxVxDgCoPa_G,SPOT,0ay4ffdbBvkkOzMw8h49Y
gdCfM8gz9YqnlgFUFJFW4,SPOT,SVegox5Pml6yeosMIpSgB
xsPRy4eRpieodravKu6R9,SPOT,wXVjYla6utWo_aAT_d3sy
J-tRBLoEvX6SeXs7UxS5S,SPOT,qpUiRLBQckktCxX7FmODD
xjacRcHIxWSCNTe3A3SD-,SPOT,VpTHkXGiv1zpX0RU4-1v-
fXfZK8ZKeABSLhja4Jwlh,SPOT,XT72rD99agFr0DbtLXGPK
HVtCiCwkgCa4Yw9gP5btj,SPOT,oYcOdJ1bTOLxQ1ZML2NL4
K36KngZapOUD0Z_O2jA1n,SPOT,8xR92ZdHl27v6XmJbYqfu
FxICOKXPT8RmFnXkZCKt4,SPOT,g8IAvaKPRQTmym__rucHH
l-EcMlXtOKky8xg5_atpi,SPOT,xNDkMDgiADEbJPH8z2jZC
Cwexqq_-yMzcC6F2KZQl_,SPOT,wj8_vqbezecAhtC7tDce7
sPNCyjUlsAIsGPyyhP8d8,SPOT,Ype8i4qzBsUMCP5TfKerd
5QzRzK3u3rmt6w4edxIio,SPOT,HL0EO1brRsLqUO03k9QxV
B-uRppmSKKUDR3MC1kVjs,SPOT,xTsDjWtD7enYcxJuBBO86
SaOoFm8I9TzinYpPVHDjm,SPOT,niJ3IPWHX--f-JT1ALHCi
nvJ68AI6MsAh55i5aJ0Ia,SPOT,3NU73J3gKpkIxDRAB3dd0
X6lYn8YOOAV-h-1xRNHQ0,SPOT,9k9z4yrPUWJV68QbAAW53
AWzGduJC9sQBsuz9FWhJy,SPOT,Jo-p5-0KQctem89rMgfar
EyyZ7860THu9Dz7vW5j7r,SPOT,ydtESEK8dJxkmjjypUZtc
NYQv9F8yF02GAu3nYkxaj,SPOT,2helg6aqlFAeO55s6y2sR
DKSzHEqPTtHuOsWYGO_Ls,SPOT,ri1S7QGRM3oGOE2nGd8gp
6oiRrfXpmZriz1CWp6xBC,SPOT,c_L4TSaaxEgLXOfEAb41n
VEIuEjfM7X-bCfWyvwJgJ,SPOT,OPzXV1sxXo0AL_5jnAgH8
1x5q27HhgwKnkbATZtZP2,SPOT,IHlTwQPX16egdBnTUDTwM
RwwiBg189AcMHV16RM3Jd,SPOT,WF4J4RR6btQxJlUFEMsFj
pv5md08bw57RM-yviRTXr,SPOT,pQhh4Nx7dhPU1VEvqAtqe
q6u4LGA6aqkchipgOK_4H,SPOT,A1SQFHYrL3Rabd3sFLykU
FV7LGh3roBuJeLspZWLly,SPOT,ED2ucQaBnXiZz9_2ZVnm8
HcTZc3r4kLy1V2rD6EPmo,SPOT,y3Zc1i3auvMtcQR0jJSXt
6fUgEbMIjEC1Qzheg5AQC,SPOT,OJTAALkyAsyfq3J7hFYpu
SZAacm9vBnhph4aQIwwfT,SPOT,arjnTyoDAlNuv1LdYfciQ
FndeevXuZ2UzXXivb8TQm,SPOT,SO5NMkkbG0JMwYOBJ5fVR
AYx0QuzlncqBGrIN7Tn58,SPOT,NyRbMiIXpaRBaen5_YEY4
tou74gMxeiVzvvgre-8jY,SPOT,aU7o1Y87HZxzrnyi9VI7i
P3pp1H686YwzYbVGduyC2,SPOT,H3vEqrQUoTJm45creI6p7
y3GhdnXm6JbJwP6J6f92k,SPOT,Dza6xJkIKwFleHPsLNrXo
cb_SJjf4CLWx16_AGMFUf,SPOT,bF8q2F6QuUMb0Kmy9uR-G
UjZTsJp0JpLs4YS0Drk9c,SPOT,nysVyH2-7dR-uzpkdcaQJ
vaR7Y6sUP6NbGfR7O2CMk,SPOT,vfs_EubiZFQy7OFmgjaTL
vSSF6hH_vYIooxS3g8aut,SPOT,cU1FrLSH5b-O5Vs8iYqX2
JlU7lIAPjFs190bbyW4Xx,SPOT,Du-t6imPh822KZxZndgYT
ZDl7o-3iWXZmcXbeyMrwb,SPOT,0vzGV7ImMA3uKNrS_N2y8
8M-0ayFGSGwo7BDdp30nl,SPOT,6DVW26nH60ZpFS3gFUmMf
Nz5771igFQtQFtlEkPo6P,SPOT,GCjqNlqf58S4jL6YX9DuS
VakrWgumc14ouEkM39rob,SPOT,4k9YdH-X2Q9cQH9Ihk0wR
bFbsocqD52eApgJBUVCyi,SPOT,_C8R6akTxJ8m_V71P_OF0
eo9AfG5k-tHYWBf18BEGR,SPOT,AwydDZe-GUbMYHCwRTNcC
gLPJ7Gcx63BUeIBCrZy8a,SPOT,_riJPCfl2V6nNh4dFAAXp
d_zrAyKwRACtTLeSAwgR8,SPOT,xHR9f-w2H2zgVFqXwZGBq
fsoK6D50-iEnIHeGKOpFX,SPOT,mOiLMl-3gGwlyV3nIL5Z_
ZwUjQZ7uFaiLUd7q6GH3O,SPOT,3bUGVJnNnKjG0ZL4lKmd5
EHrlSBykZXhnCEU3Y68-O,SPOT,Vo8pZn8EF-U-Tns4yOXIF
52FZDbdCQPCunSJz9ySnM,SPOT,-8PDi_G_HhjnrTWrJvDa3
0IxesrpADbVVMHh-YNHlR,SPOT,_Uqyrh5WASze71RDz17v9
peTefY5P509CMzskk9HQ_,SPOT,uJyJuu-3-QvMPg1ps9uc3
usR4bmOPOzUk4gEC6Oqzk,SPOT,f0BI3Iv5yywAxz8GfR4c4
whl62WAjrQQCgu5CEdGOW,SPOT,a_Vd7pi20Q4iI2OkEBsk2
gVog3rnmNLvz2hqYcxwr6,SPOT,vRNkx8kzizkuFV2wgUdZt
gakglESV9nHIx5XnLYamF,SPOT,gftzY1Is2w12IjLmSeZzs
HqPvmIsG2XQDskOEC7nId,SPOT,64eWyJqU_CU4gGJA5CKya
0ARVD7YnbkkmBiVZKBOtW,SPOT,gftMOIefJ_3grdYuBpV1c
MQyB-EnrLqpvIVKQN4tAA,SPOT,cAJTwHT_KjJNAwAbIfASp
jkulaifyduSEg61wwmoCr,SPOT,JppPRAFH_P5ETDdMEPNUb
itclpXKkYjyciRBy7u7K3,SPOT,mKQ06iLX3v2y_EN4j5-rF
lOVpIgs-gXJmUA-nAVYJc,SPOT,lFQa44oDAsCJOICcrh2SB
8T5oe4kM6lJRp-ce6gSM7,SPOT,sZKYg1mUcuM2_CCOybkIt
ceqQDBhTEdupMV1qA7BE4,SPOT,9u3DfcrVDfn1eRQ2vxg7Y
xMGX-skWhFoEjatCMWJia,SPOT,iiaKZUlcuxCUxYL0e5T7c
wNxvaxyFc2-7Ce0qNvrtM,SPOT,9HUa8gCsY_XvJjtAdr65b
tItYbLjPybFFAhhH5uRZe,SPOT,Aguer-AVouJb8iyLJy8Lh
H0IJXHlGzoLqM_mhWco88,SPOT,POhUrXjZkw5HA_Ip9Nwjt
x6mvjmriAfjlB_d3I-N-C,SPOT,ygZBL_npaOJLk-zvudNY9
uCBwW-yyOh9YG3OynhaSc,SPOT,pCN2OEg9DWj1mmabYQUm-
epsxnIB0nLANlbQfVuB_-,SPOT,mJ7WKoBOXqkJC2cHDXPh2
jIqTGMsOeeD4wUa0q-5zO,SPOT,HqUEpQTUQlTpLVtYtNXjn
7yQevT_n59TVtJxsP0I_g,SPOT,hKxZ1MhbpC9P4lHQbS_hz
l2RnNNQKU-L9t6S_3BISw,SPOT,Una7X7LIwY54u1_uOcjnl
uL1HpWcj8YdGrO58WoVp3,SPOT,YxwphBwk8fyi1dGXVYSzw
5khvBbjW5o5EMBaCuEmuZ,SPOT,0EEI2xo1-6EV-Zsi4yfxn
x12F9TJkvZ-Yjs83OAbLi,SPOT,UK4EFNS110x-BDW5PjnE2
6x4yYugDI_eNeXBIqIVmu,SPOT,g93mF8mJgaFZUVFzrvpAW
hwgGsF66tWOEzmb-THMui,SPOT,JYe5S7Rgqw_MlRXR4OTrK
63jkGmpz36VVTzZMjkXIi,SPOT,H9yU-y4AuAkLGbCrtgfbX
fzYVxLVFHEl7bRluvSSGo,SPOT,vJVwfXCklsJb1jjlx3R8l
AJeYru3yMokzrcTqV58E8,SPOT,tGrsoozGVeqszIXFPtSQ4
yvqtKzevS7Fw89J_NLiq1,SPOT,I3yVB6qreeFhOFs_3tiXP
PxmuAwTuKWt8IR2Zhmwlj,SPOT,EcV9VbROxMvBVJQdEAW_3
HPx-5-7nMyV3StDI3rIKN,SPOT,iFBq1RfsJnz72ZVFoZ0w9
CC4myJk0dNzYeseahSPyk,SPOT,9ErYxsffNGo2ztF6l6oQE
lmTBYVLxnM_oGlMoYumFk,SPOT,KEnAzNOdLF2d_qhn9dV37
inhEVD5ndgxthM-31Zn2L,SPOT,FHIa56q1h7iD9NNX4LLjt
ez8uV9zdI0NHDikBz2MFa,SPOT,dTxbg3sJK3OQNOpq7Y-DG
tchOX3vHytTvfQnxzX3Lv,SPOT,I7J89xc5eSv-W8kG4SHt1
gG3kip0aXrI4ipUx5wWh0,SPOT,7bzR3Vuq1HXRnL7VkjBlA
vDB1ps3AkxWyGXd6-10DY,SPOT,oxBlSEiA_lJOf8qEJzrCE
M7GyUWvQietFQEvSUpQth,SPOT,-LM7yiW2Fm1lvSO1Yz2tB
EWBJdJDHIwAAIMp97n4KO,SPOT,l_y8s0ewMgaIcC8IzDtBH
hf6jX0yrEHYUZWSq_0rr-,SPOT,wyF8SpWW2Zch5mLVpHq98
UKmE6UX5ypBqiGakoNgO_,SPOT,Yjf4ZzIM94gofsscwZejq
I77rOuUUok5SwHJNNVcMV,SPOT,X9yTo-RorTsUIRRWRP-Aw
m5zVvPskWVSdoNAv0YglJ,SPOT,gGNkpPkRf53fnHZcRS4BI
5VoYImEfNCuZVQKEUUvtD,SPOT,ERKwHA1ncmIED1Hmh39F_
sJTC9vHwPaqsq6AtTwX7o,SPOT,9VxFQQOgK85P1nkWQsVCO
fnrCDVzzSVZIQwqFxenod,SPOT,eqGfQjQwiYrYcFhur4jJF
ze8dt0nWzE2SrFT3rr_0k,SPOT,KgBgG9tdxg1ca2VhRlwPH
72qNjvz5saR8MewShSULP,SPOT,jVT2ECWAmElhioeHN5XZb
O9R0vYcF6XveW1aNq9FMR,SPOT,UqsW3vLlB5YL4oVlw-Ml3
f7rLVOi0b5O5m98P0xslc,SPOT,6Ng2VQY5MwdhenAQVQ8iR
T2HMYdswBv6ILOsJ59FnL,SPOT,BzHQcvtws96xE8VS5C36Q
ZsHWmTZM0Q8tegsB7Kds8,SPOT,JF5Q_2YSuK7X69kXLszsj
LAlXV839HsDUtOBDpFDjf,SPOT,dfefQMJkP-EsCJhouGVp9
j5n_2MgyyD8rLMVu3Krch,SPOT,SnLU3U44NHkNbq2vus_OZ
czVgS1IptABH2N2rKjDr8,SPOT,OHlD6A324I0VP3OkWwNmV
mVvQEpllES40Xuw6Cta2z,SPOT,VckXCgt4yCeK1yN83w7de
FNrUo3G_3tnckAEKcK6dK,SPOT,TaYr00J3Z2oKsKGXrF2D_
WXFYQLkngochPxLK0Ee38,SPOT,esjhtv40N1me-uud5fOmx
xVVxQ9IuBD7tDM2eVtzKQ,SPOT,G_Rz4DaBqtRDPXhAJeP--
HikkZTiikrjjUCp04U8rz,SPOT,YxSj4xhbV6WKxmi5jgpfp
_dGigLmT0l5PuwIspXDb8,SPOT,K95wwhMoH_F9Mk_ksrJth
VaY9dDNB3wPxtro4LtdU9,SPOT,3nvyI_eyWaoQtJqfvoCCQ
zaKJWMrgcgJkmJYapKkSn,SPOT,ns7SLCUYakqOePLOue6Vy
1LRsN__URq-pNG90X8Y6X,SPOT,fXDSp57WGPLPJJ36rYCeh
_cM6NbsYK6NfCjbgUUDv9,SPOT,c8xj_eK5t6UHbIBhVyutK
Fv4W8zUa-coRoYAlOqkEe,SPOT,MRR4TeYczK7BeyPknwqpP
IQZPgr-Rozrri0rQLjN5g,SPOT,kzesSa3SUbcOoEDV-Lb47
UtRK09iPwq_ZPC6dz8y63,SPOT,0cWyzHzRlgnCCNOK0UXsH
COTYHZMXR0FfLa4bwoFv_,SPOT,eTPoFuAh9M6n0I4VDDxdv
Dtn15cbkD7rsyCEujGXX6,SPOT,U4ch6Nm0HJrdrhPJK4emF
PWcEdSnW48bGGkeYIDDVy,SPOT,2QO7aEgrV6zX3fmZ8s4AJ
W6qQspIznrFfeKhsHJp1f,SPOT,-SN5rhSs0Qx_Q7lp86AVZ
_rmCnSsbWHvtQ9ZPFMEMX,SPOT,oM3VkrUmh5sQYjenVKe-_
o92-49sSzXhI6DgP8ilNV,SPOT,BIx21Dm8p9mXJfS8KdVOU
k8H2ppvZxGQTWF857mZt2,SPOT,Ix49t-XKSyskFjFHFzYAR
pQ1edDhtl_kxeC-wuM_zD,SPOT,KXVC1YgdTaJyFhzElMvmC
1QEUddhutm2sGOutL2z_0,SPOT,B0BY1-w8hEji37gqLSgiv
s_XGW7mQ2vh-l8fXBuJbJ,SPOT,hvr-_pqzn-EBeDoZHab1y
YRg3CaHM6OcxtHOrq8Sdm,SPOT,_D70hVl7cKB99_EsLiyXs
AqfJMfrO1Edj0tx1-ek--,SPOT,-TNAv8NV_OnpqQViBf6_q
p-tkrrtAteezIVTstx7Vo,SPOT,Kv0ARSxKRDKll4SMIwaI2
H6RQd-4aXPWvrtIrk8YaM,SPOT,ace2b7lr3-_EtrXgTGLp3
50iMv4Xt2RRRVzuOWdxfM,SPOT,1_xTpsQ04YHrdfQKGKOOY
7B5XKUbwJ55UG3qyO4gQK,SPOT,xu6E0KBxSYdkGxflNC_zU
rLa7_55DoylVbeXPjBKW1,SPOT,m3mosTT7y5d08DhJpSdjk
0rh0q6UHB7kiZGkIsLxZI,SPOT,3kycJyAfAAcjr0sjvUFZa
YOFcKHTzHKQRaXceQcr3M,SPOT,dE6Fo2MpSnKlalg0RTkf5
gnXFHzcgUNndaMumVrbLs,SPOT,p8x-JIVvP5PL_tUbBSCSt
CblDimy1NtOIyCsuKJeoO,SPOT,DMc2XsfJDeSM5q0jjhyl9
SDKndhdw2_zvV_0eb6qSU,SPOT,WDftaMAygO7kvjogDunJr
ScbCAqSgFsPdqR_1cWq0x,SPOT,42KEt3ueoqMYN9H8lmach
vYI-QW7hHGQhEbYm7SBsY,SPOT,Siod1gRTV3aUrxSRPshhx
kYkWKNmWbAvPcfQNITtfC,SPOT,RQWRzH4uL5yGmkWtrXEsk
uHtsa1NWDDsp9CZgO4p93,SPOT,bDSm34X09Ac3FDDMiCaAB
S2m6soqJ_QPigUATKh2o6,SPOT,ru6ntiy1UsZcHju6v8NwU
0XjFMpDT-ENqRNtES1nah,SPOT,2Xg0w7qJMTJbz981W9QSB
hrIXwCbsS_icysXFgp0Vw,SPOT,mdImL8pNGF4rpL_lPiyp1
8k8Y2yEPW2XxguxmqTi4U,SPOT,eKhUKWxr9BwNklMFD_lRw
OGPgfGbbeRCx6SKkYXOiB,SPOT,QAuRjcOzIqMJL2bKIsFnf
sNN630X7yaolK_BwAUgqz,SPOT,vNn-YIict4qQzpb3KCZNS
_j3gMsTHfQUgRvmdGapIf,SPOT,H00NljkTDqpnTDebRIN8P
lj4pZWYZkr6bFLmh-rSwC,SPOT,UeRXGRd9a1GCuNLQXuBWk
rUNXWd_NykfEx1PbCj1qj,SPOT,Uni6H6OnqI3ZB5ws9qH0H
8fjLposXY7muaXGaKsUmY,SPOT,wAXnZquurYz4dBHS6eQfi
DEueSdLd1FkAmRt_ZcQ-z,SPOT,pzgmxDdHnkvUFYmuIIEVS
XOl9WxYoCQN8uBaCU_gPi,SPOT,yoTP4RnJ9skjCRHzcEAu_
MdwYhdu2L2HCVU-Nr33Dv,SPOT,UJ_FG0Uw3a_vt5zPLzMPs
jwfBTPjwkLul1x5G8ROds,SPOT,2_eCQdC_syyYis2kY1Kr1
MWSx9t6wQj9D_E7xL2muf,SPOT,ZXQGLvn3GOnPbqAMKq59S
d5MNh1J-Kmc6-9gwS406S,SPOT,ddks4lkZ9OyCuRk7gKY4Y
IucWUGq4V7t9Ai0sfVKcr,SPOT,plxRr2ZyygCyTSam0b4-u
Lv8tcQJfqgqae8Ju89RMg,SPOT,YlHDMvHjVB2KC2GvNPOUp
PuMACNjH1_Ga4QvJruhcw,SPOT,Hg8EnzANiv2g-4CY1pE9b
0OJ6P7p_s_fN8OJlt_wE_,SPOT,TcfGhBlQkv_GJer4PXdhj
SRLM-qSLe2z6kJ4J6i6Uw,SPOT,wqq7XNnW4RIEOmk7Id5bT
NsbPkU6o3UYL1Bu5tES7l,SPOT,nPc0g9IPIWiU4Ac99x3Zw
-5HoFBXTj3FoiwTDSPUfb,SPOT,HoWYHqOyfA8rt9U0pe6gt
7OLNQnbxSBP2xqe72Yluh,SPOT,kkBEGU-kIg3cqxKyIDSro
U5OhLE-J7TfG0zuC1Zf_C,SPOT,HRXiF6CN9yG4NcZntZ47x
adYrUz57zKlfvwbaNcIRE,SPOT,dqlIHF1Z0k7vnsRPsBR6a
IiI7scoBS3XFiTOMpjJWn,SPOT,SSNV2AvAEK9K48697Y6HD
JXN6IK3S4RVZIrQgVCn_5,SPOT,Kh5BtYFw2yAu7bMCAc4pc
XwlkNRbkUNRn4LJgJ7jFp,SPOT,PhBiTA93nupyLLWoyN8ZS
uj6XXIW6Gjtbdf0c9xbE3,SPOT,YouCzU6mzHXQ2qEz6Almm
oLtjomiGT8rwC9hp0mWVk,SPOT,0FPCmLnqxXCfwWSznCahv
qtMv-Me4g6PsuEzM0etid,SPOT,gPhnZ8h7TraDKwG7LffEO
9etsmSfBIH7KkWPxPGlGD,SPOT,qGhhGS9sA_yX9TfXKy_DR
zbL9Y0IwvuGOgtp9-075S,SPOT,YvdiEmhohenwQcuGJwZY6
m-9mf73oo_PBBu_eByjZJ,SPOT,ql9qnJFElhl9lkqQ1jc2e
D8GixWv77gSTwz3ae0p_E,SPOT,YN9Ir2kkHIYA0kmi7FFLK
U_Qbi4pkqxkr9PJW9oHbV,SPOT,UGgepVsq0aGVZERW7l2I5
DX3ATjD-ilS7zoYxiRowz,SPOT,5szz-NY3qPjlqpBoHzqEz
v2hOhZuFhV0ynABv1v4CW,SPOT,OD_yqts2j03CClXVtCQmI
N2DPiAg3crm-Mlg4UNRLy,SPOT,i6oYM8keaBMQeGfFjHFPj
R9JtxgyS-9LlYUvrwCrAs,SPOT,MKzR4fENMAlNj5S6esCAe
NeU2LZTG5h3ZSoARFUETa,SPOT,RMrcTVfeJl1WhGcP40x-z
HTdPoY4duMhBZWdM44wVT,SPOT,G_zOQvOjs_sMeGA_88rjq
gIJwsTpejF0y1NxnmHDWO,SPOT,DZqiSeeSCsf3VXhifrdKW
mbe0-Fsdsx5IsASXO43CQ,SPOT,Vfu6j85G4NfVsD6pSMKDE
LUlXt5bqDgnk1Y0sp2Yxs,SPOT,luS1QFWwfVtGWt_m0E4Tv
QG6Hum6CIDVFmpV4nHhtD,SPOT,nRGbfHVOrOI6mYustJcHB
BBrHaq80PiU-MU0ey5CHJ,SPOT,SOXWnYS-UAN8SPnDbkT7D
dIrgLpDL9Pi0Jxagj-4m0,SPOT,mk2BNA6GjN78ckDA5xCop
k7xHXyMnwyEshUEKbyraO,SPOT,cy7YsokiPnhoRYJ_Mih53
dOfK1XKD5pOkPgQGyYDZf,SPOT,HTPVmpIuLqsoWUb6JU6qH
lVITvB9knpRjaNLF1vj31,SPOT,ijaLKJBVFYtwYIM_rfU7a
GcQaamV-yqET7GzWiEtX9,SPOT,xLgDVij4GfUNzIqNMcj_3
ci_CGSUZXRKH7tjpKVnP-,SPOT,KReX0QdxS8qIwfar_o5Ef
XBO09YO5L57kPErkvWemw,SPOT,bAzOqiv8CtTIk0afQj-5_
I6JeDwxeuw538nD41xZKk,SPOT,gBSyxdyGQ4KC3CfdyaUfd
tAMLWDTFtHx_LCe1I3qkI,SPOT,aQxKq0bZ_KqOfZihuQslV
eBHtQQcAiaQTUc2D7AFdI,SPOT,T9I3sYRYu3uN5CUDyFirA
SDbRnyxhMeGIU43uiz7xw,SPOT,1yNII2RQ8qlbkiuQLJbrx
CR3tcStuo5Bj8sSfgZJ4Y,SPOT,CJM8wjbsamsC8schTGwgK
8J5VsLP_mx46UlQ4Pxhvi,SPOT,mfg6xRKJt8R2DUl_ODuJ8
UEAefgW86ukI4W1YaDo8_,SPOT,hpjjIZ6SGqH2iH1a2HSca
F2b2yfTuAYQItmhdA7qvb,SPOT,Ao_RB5ckY8hjK8nGet77J
7ymWIZO-VgHrdEAOICVeE,SPOT,sKjqkZBxrmVWMP_un8Qly
gNNSThxenFBJJ6HDsaRJJ,SPOT,5nmtTVR_oujfvCOoCWFcc
_iUG4NnLGPnj_mL6KlDMA,SPOT,PJp2iISEMnjMzHinIR5bt
I1iURnEBWa9XfFHU9fqOZ,SPOT,DlG2uDHhzyql7uMQsS45P
O5ACU5rI5NofIglhMfRRV,SPOT,7npFTzEVEbrKzArqvxtrA
zXwl2c5gqyNGPozMNzJlg,SPOT,IXk3HAbJidc0RgFEz36WX
bgfua2QfuQM5IohsHe1-M,SPOT,OxZiEHmkOUST5-i2xmpwQ
RjXhQbCzpIBhr53ve0cVC,SPOT,KZtDzVvJb4GZOW32B4b_A
GJWoex31wbamNYe7-v035,SPOT,DahO3p8Vkg8RC2OCqqhKz
86rYi_dYJy7GGLXrrkDd2,SPOT,cx8paMdJjqpdJ7ykEcc__
YAsuisWvlnLOoxPlYdK-d,SPOT,AIVFelJaqAiX82a5MpCjB
5vIfl_mx_Xcv__Su7aN29,SPOT,2LwQTwETkDQunLFfYGUWT
F3KajqDmdW2YfNe-oefiP,SPOT,f_dnvM9Z1Qbg3lyGu39Fj
Xrxoag7ErrJslQh1pxC8I,SPOT,BxwwTjl6PJLqJT02p_qBr
TMvSqhU2lRPq4RUaWqQNo,SPOT,Crr2IFz9Pj8gjbKheAbCp
mCMbUA-TJhXg8Kd2RRcNn,SPOT,DTBiy36QfG0lJLjB0_oWe
gxaRlPXswrp7O8DrGuclm,SPOT,jGMNNmuTr0qXDiFhnoBkr
Lo50bVJwhboKxPp_RUTtj,SPOT,7OBle7edC-iZYIVD3lGNX
SgtDy1wkqtXK8zZSKDE88,SPOT,0-tOkiYd7xgr4443XLi48
f7u-chflif4iks8_Cq0Ej,SPOT,uQLpqvo_AbbiLQ0nBcPxJ
JZmR_aMKalWjdx4cURfbn,SPOT,O9FvMB7OTMb4LSv_V1VvN
W9GmSM_miRossgDUE4F8p,SPOT,1XhZlCv7dFBZspl3k9Vbe
gUw4spPJEaJ0xcXwaNrxf,SPOT,EBBmCRJO38BzV3y9Na3xu
aI_wW-ymTwWI-a3zD2QpC,SPOT,u2AQCVqQMAMwS96zQJDYP
0syGBiTpfGy3Cici82fko,SPOT,ZdBANHP-ewmIFjlgXtKFr
uQqoMtKLUSTRBAfVRji0E,SPOT,WnWysbqplRvfi_i7pb9SU
t7LLjpFQNZeR2BQK3eIHH,SPOT,1-VToU16Xq7O1VGMraR1d
6BrQr-erZciINGwoFWYTl,SPOT,1-rEiGWjbvD2cBg7Rw228
kmL1ozyUj0eFqDvHIU7CZ,SPOT,4oZpSy6wTN9T1LqKcqN_z
6Px5lXAIoImHmq8-ZHrbI,SPOT,C4fMyo7Ro60X36lQ_Dm9e
nI6dReoN8mnKpJyA1eFFk,SPOT,qgsjuz4izBTCFBv0rfPn7
UDfd-fWBTwYkZ_XmxZDlN,SPOT,VyiVZB96hfG2k0mnz4Fkw
QnjzkLx1Jb8Ts5r2m8HV9,SPOT,msSpQuAv_A_CCCJaS1rRA
1bP7fVTPVbeDjCydTsZrA,SPOT,1ESIjF_lsjv4arKhFBt5v
QGETsWfyfcguHRq4SZoj_,SPOT,U4v6kvOUTz-mXeHz2l-5Y
z2oufzk7ENk22O-JdPfGR,SPOT,5SgSkKDGIOYpPt8_NQ-VJ
7NCihDfXe5qEvQMRxtEEL,SPOT,eonra6PEy3EcYvqMm1pzL
5vKu70AZCc5GnpNKCrx6Z,SPOT,WvG33kMEuahGnJfgnyrjN
KlDCd0kqrjD9Y4hX1Vbr3,SPOT,m1TIcRvSox1kzCtat-iRx
HdWUY18iragveqjjy0F9l,SPOT,kYhOfA2q91qIbwWCluHi1
P7SSoak0ZmOkiZeNLaGSd,SPOT,2TX-XI5umB9_0ZFO5j8LO
spEKx-wnxfACH3ljZ_Fqa,SPOT,7I7wMhb03oNvAT0bSoqv9
4-p9YXlZoTmD3YR7MESr1,SPOT,GUxl5V0zTJpDXBvQQdJnR
X8oL4v62ZT19ggk3t7qf3,SPOT,sSeyjoKMZ2_QQgabEM11I
fZS3tqgYC1CbJqP35ZLvO,SPOT,iCXgd44Nw1xzciqxL8aNG
jtm7_9hCW9EGJ-VfCP0Uu,SPOT,U8fAC4nEQPrUNuYZzCUk4
rzXFcKG4JyzJ1_MSH2WQk,SPOT,AUwR7UeXx96IkcL3FHXXz
Q5mxKcmmcnAXAVp-Mb-A8,SPOT,FWLWxYN0TUBaMz1Vdh69b
oq1Ig9xYFNmAITmoh32Ey,SPOT,o-u_OGdlBCDYMzFzz9NXW
Bd9JrSX_uleWmnIRtdl3C,SPOT,ATqJhNkwKXrizJCiPpj3N
0J_bLZbT4CZTRBg9Jn4d0,SPOT,ogVyNOcQGyLmNtUiU5ZZN
rnbtKColoo7qgWQ-Vlcw2,SPOT,2gheHvNe8jtsIZD7sc-Cx
K4Qu76pdJ7iRyxGS6HTju,SPOT,gF9VZpiQ31wVNNoec_QDv
a7Nfm5bz4GSDv4aaDJ3vV,SPOT,10LUIn2gQnXpbhzaJlRSy
l6Cdvy4Tjj2xftdOZrtrz,SPOT,njHW1-9SNlzhlviDqL69o
YUBv5pNuKzea94xHaIQe4,SPOT,R_JjGIrQ2uTNje5OqKt3D
0YRLteX1qb4KIlO4md2pY,SPOT,jInWeaxAIHflzhd59a3Qz
1Ww7MFJqCS8G_vToFKiky,SPOT,w2LA_Y-lInOUjlh-GBcQU
HCEdR7tLj1XyYtJxZgTCL,SPOT,l2IYQ7fPemwd9U6B2LkJN
o5XNy2Qfl1va1P3tTyBXm,SPOT,dQVN4znxaCFbp0I8UojJH
6jEKtT7wrIYtXI1CPBo81,SPOT,PULX5I04XRm6pjs6dLvyd
WibZ184cKKO1Di2EOwFOx,SPOT,XXWoSjtn_WVRDgGlw0uUV
qqkw6HKhH3fGrg-TpEol1,SPOT,kGa-PlfNCZzPDMdZh2-IT
4KmUkJtJy5Ld--swfpOs9,SPOT,tsbQ3mFJEiJIZFz-j0pMh
fE-G-hh3zxHxGX64C02rZ,SPOT,441QN2aTJVsnrBTREHL2i
lSE6WiQx4iCeqZwtISBXv,SPOT,S_j34r2YF6rAxhTdDCCwY
v-3RYhgni6BBcfUPszw_G,SPOT,Owlud1sbPxLlYiBDDBr4r
cb85Hg_tQx9LKYFOiT2-M,SPOT,jKYcMzx2qHifSfg2Npn-t
WKw_D-Hql7p0Kn4inXrWR,SPOT,sn7d2C0-L5MHqXkdFIwr8
EJCO90_J3kt0oPqZ3omyb,SPOT,yqdU2J-E88RUvUn5WwjOv
suRCvFFu_fgYFU0Faj4Y_,SPOT,ItsOo8Eh1rKREPW8ZAvaw
4VMZKK2hv326dE1v3RKE1,SPOT,YklTzFI3_XQFIy9Q3Xlb9
byq29MQNVc5QwSPZ2UMbv,SPOT,mYCNyX5DmXJjY83AuBo6b
Wp0Q2Gq4KQvDP2DnDHkcD,SPOT,cqDE1f-DVa5_N7GbzVXRN
zyyTWlpjzCzXcDlpdtQuj,SPOT,NC8MQMj_-BxhYcUIMF-lg
8vXi_bsKM5xqWyyd9qdek,SPOT,bYUTSf-NMCUSmdat2LWb1
4pv4AzZud45SDhlcFCbWX,SPOT,ztaMsrKAY3OI3qXGLznH9
ZoHRGXgHGm3CBC0ebxbAD,SPOT,64QsEF_YwZGce48FCFJ-6
iW7ijwQvlAI956omU9hXK,SPOT,f3q4J1CxcXic_5VKFPd1-
y5ZHOoZ3i5cUAftnZnNkI,SPOT,uZSNL7A6cLAZfZBj-XTAC
2kXtk_nE6v69Ce_vGqwc8,SPOT,icRj49xQlHuBPyXqKoCbN
ZJ86QecrQ20vuLOu6l9VK,SPOT,1dXrn06xXfNJCXGwGkEMr
i63wEcrWpYTt9d5Bjhow1,SPOT,iKTnnRM3NqiqSNBwschue
pB3nQkZypw0-IBdmMf1ft,SPOT,3_fgjTWQurtixkXZsDc1Y
zPAtuNjuEJ85XVq2N4-tU,SPOT,a86bVqNqjAlnVQfJdGcZU
hti-Jtf2gU_veqh6YdEQ9,SPOT,gIdDGEdr3QQK0dltjmbqc
g4brfrdrkGa-B_ZDbPonc,SPOT,HCqR2YcndtGudAhHJlp9A
bF7NA74sK4B87yJKRipVc,SPOT,RUOIR33p_hwheaq5XoUqm
5X5SzI3LB71pRNSnWizQy,SPOT,eW0-99UGM1qgmkYQrUxuB
3nsWbeaAEdCJ8MbWbl1V1,SPOT,deFBhMXHpto8jRC5qeONQ
UOo60G5pdM8EkgJ-wNkOD,SPOT,Q7O54Dk00PXqFedatDzJW
Lo2VaaTlvl4tgdIRg_spX,SPOT,KJsFJWoGi8xHjIgCFdVxA
lQwpWPin05LFKAyJ8xdLr,SPOT,zPUU2aonTnmzXZG7oA4uo
lJF0aaIIC4fHdWT2vob_0,SPOT,Ig0qIDO0qXiDSQCHMWNqQ
7_RuJLbdavMMPTsLavopb,SPOT,UGW-C1W17tGKMiQHwOMNS
FuF4hksuYX7tIgvepCnM5,SPOT,BdV8OTViN5TQ1pxbbLuZ9
l6_i18shUiCUBpdH-qhPM,SPOT,26kTuxYoPJP5ZjdmSRpHg
A6nZrCeIRwJcpJ6XWYkcX,SPOT,iYMW7tlgwxM_NxqRFemhY
2yCgVW_wMwEuhiqU77OeO,SPOT,mBZy9vDZ767Hs5_W1VmUm
xVGnWkTWoxwIX_o94wSQO,SPOT,xuIHVMqckPFfqj2jMrf0i
MXkErCpqSknOuuNDzAPJt,SPOT,f77VZVVrlekK0z5q87Wpv
QGwoWyE475usCEeaLSmUg,SPOT,eCwpEgYIaOMHOKl4PfKyg
wqlK5-piT-w7zc95e9mc9,SPOT,oBY536znEqjcMOUZgzN_6
I16JbYEtFu08AUjxG66g2,SPOT,qgQeQuFNua8q6zEbv-x8U
StUTIfPzgwi9pvUPdFySO,SPOT,A34hK4p20syDJeoXrYa65
rHQKFRz8bJPL43qI4ez-S,SPOT,VbAnBGs-nfAohNcBX6Uis
Qru22C7bGRDR1QqXyqVjX,SPOT,PnUvdAoA1G_JYamTcfX7M
YxvEOwyOGFWfx8PvCvGWF,SPOT,xWf5t3ueLleIfFpGoNZUr
wRKTK5UdiVL59VH2-DApo,SPOT,sOPSwMrj3bEMSkY2i6Rsp
vepBaTFP9etgB5_MjS4lH,SPOT,7onwhGAOcfxLOlQ_4OfR0
YYmXBGsBCbwPrm9ZPU-cg,SPOT,K4RSZz8hJp0S8NK1LMM9c
SF3ztoTN-OTRYrjCINmvl,SPOT,QdUjCpqjLKy0GmO3mDLyU
vDU1ddqX_IpwneeEx-4nv,SPOT,7z0IJOk0RjDv-ex3Xwdt4
DB2E7PZmuOxZn1OoWRV6y,SPOT,-ePo0USc2wG_Ac0_8VmIM
WKtvny4NOya_upV0P6tnj,SPOT,mqTNYKoUyygbR_kuP9o7A
mFIHL1-W0tIYajwwYRpcd,SPOT,e8ECGRd_FNlKlMhvOEQkL
nXW6LZ1nqCE4ukQYlwn3V,SPOT,rSAK-42lYPkbUe0KP4gSU
6B2tIy1XCLWhKZaJ6mUgV,SPOT,lwuwfXYD1D3p3n4PIKqIr
6DILp2mf3dMI_GdOfFiPF,SPOT,lI79CLGuFO4SoTx8M2B9t
XW-AXVfwwxWG-mu_z1GBb,SPOT,s7b4bJ-6IWnKX-cSJl2GM
3Zeks-JkfsLCxwuF15dOM,SPOT,lBtW2TN5vNs2K-1eri_fX
r9RfUAyNoYed4tyQW1lHc,SPOT,TMnee1K8klbPBRr_3uZmC
oaj0n-XPdFbou1zlYmTNr,SPOT,XsHsZRxTJ6tXcYyE3PuM-
O2aI_bkMkovLDrmQJt2VA,SPOT,RfNIuy6r_MqZdSuH9ZSGy
CFyC2m_32D5haobuFYO7H,SPOT,jkEagjnAXwj_okP4X0wQZ
OgmhTHYslrCcYWtIUw8qu,SPOT,xwodAAsrkuiGnEKEb0lJK
vjLmYWYcsbev548oyONxg,SPOT,n2qmU_cygmKakY-7iZsvP
Od77g51Toxdxi6WvCEH_2,SPOT,LYJDj-3ihjg6yas8PnVf8
jICYpGLuazwiDBzX-XMIt,SPOT,rDTkpE4FmGlC2tY7fJvuL
vhIaDxh8SkY3HDBRu9vId,SPOT,LgmkKXFn8YPBrnx_jHNzZ
2U1X0MNlzqGF_zkUUFSHA,SPOT,eeEPXgpZj_tkWngVE36Wu
bzn3ihWlrLy7ge-qBkndo,SPOT,93Xm8FNTOvbIt9XzBsuFc
l2inj6pYhrYPohJce7cGX,SPOT,pljkyIi6rDMhDy1Nxjd7R
ebZHZPy2GEPc5HuAd_zLP,SPOT,Vi7jWzlT6Qu1oHgybjCAD
b2X54wseEJctb1fuq6vXV,SPOT,F817M9Y_w8eYuWSxST1yt
qJsXwNJN8m8Yulaev05hx,SPOT,MLah-x7btKi_w_ZcMQm0p
FJsBgci2orO2zm97Eh3lg,SPOT,cpvgyGQP-DGcAk2CM_hpk
Hz6Wt7EDWTkNFvmuMo2B4,SPOT,MPo5YhvAZ9wWXQYoPFLt6
lgKZrirOVHj-b3s4yMibC,SPOT,RlqD3rWulOxknfScOir0S
n6a1u4VfTJVhrU0LCUawI,SPOT,ZFRo_3llthaC7CkTGoTuK
p8LyKgAVlzCp865KuKX-0,SPOT,O3i1j3mieC1rrMts_uGkf
xNGk9YmoUzjDbgNzTUnSQ,SPOT,Pfwx0V5isiqmVr0Izesu7
XNEDh67ZcQZ4Xv_Yxi3Ok,SPOT,re_ABxCmE7LWHWja8Zils
PAFkn6BIpjwR249Gc5XFH,SPOT,tM7Mq-cGJORof57G3fljr
UtcG_gIhl7upzsfMBWmEO,SPOT,ptNjid9-UX2mwGrYszeEo
VscQjgU_93V4A2cxgm3vu,SPOT,O_md1--UFkfMFgGqIq2Il
gPcGaXVENOH1GvSb13V4x,SPOT,9lgZWbs6G0WpVXM_yX0-o
jStZCfYx9jiPNcSZ1JTLd,SPOT,gyTPtmyTLN5Dd4h0qGEgn
hzU-A_BgVlCArTlZjaUTm,SPOT,IUIDExdyq_EbCRcCbeGRr
ck8wsNYwUGeVt8Efs7W6m,SPOT,33G6fdyaiwr-r9J6JxCYF
ZIdRWy12nMC3x80tnUGKR,SPOT,-uWfMzRqDUwDmHQePkiP-
sbuYjZIAFt_3_gkiT4voP,SPOT,gZ6LPK2aFDS481CEgCcvX
agCoJrLtwveY70NNXC_mT,SPOT,r87tVgVCRi7ivN5ozmvb4
MfpWoPJPZknqDxxHjua4z,SPOT,2JbFE4zdZ6JGFUzM8NELF
fvA_rYZvqK5_ksKB4W0FR,SPOT,Q8Fp3wKz3eYadG-Czf8oc
qdwZJ6CGwuL6Y-5cp73vl,SPOT,9JFNSgWXjO7nCdsvGd6dg
XZ50xhTBrlVU47gw5wsOw,SPOT,QUZxZRC4I3pMKJhwBi83J
SAinmUYH-OmyUeohPvkUD,SPOT,aS8BXY2cmUsicZwNmadLv
-Z800aFUh122vEb4kIbBm,SPOT,dijzOewtOnhOO7eZdELGh
qnHC8g6falAMEjQIvBA1r,SPOT,DXcRIattpsFsCyGp2vLaE
IK8U2w3HOItq7fRk2txe_,SPOT,54Klr_odsCSZsOiKF8rmt
RTAYrEj07tWGkvnPnewMT,SPOT,Rags0f5fZoII7Hejt4UcB
hRyjuI_ARSutHw_P9zCAB,SPOT,3OIt-9kmXR8kYbfld0Z-C
71eAnvLmCjGatUnk7SvjP,SPOT,AaXYCUjxRyXGIWATCLbvt
VaaYe35PCJlkD90yNf7D7,SPOT,_R67lIx4Z5e7zd6L-gF92
4bjNkIhGHPCmro8COI0F7,SPOT,X2ZVFIqfhO8x10XQjkDL5
P5jWfcZHLwByAXncmyqWJ,SPOT,r9IwcjHSEh39sPu7HUN2r
XYxqMLPuLLrLTzitXdBhq,SPOT,gZkndpZH--rRAuetObita
1xrpc-wYWUGLLqk5DnN0f,SPOT,Hz3ZXIMuFPusOwouugQ0R
MK6XPF2jUyiKJQ9rhPqlS,SPOT,SXM1hCbKcNFx_I9depzwp
OuLts_vi6lOaNpttefnD5,SPOT,OBeyMNb0RcwJMS4i2FTi6
B38CROW2ca_RXsH7A8tgp,SPOT,kmw0hLgEW7ksNV8qG46pC
1CqtqsxpZDvVAgXPbrTK3,SPOT,RH9AR8n43Lu_v5ZEFxyio
oPMPlImZ7oB9-YtKGzgWU,SPOT,7U-mFGZ9Z3lKJ4CWBon2O
aDrfQpD19cJtZD86qq6HX,SPOT,C_ZkHXOdsQ2rBlW0CRqLX
E0UTHjW1MqcrtAi795STs,SPOT,_vcs_VpVmGXqeXyWQYCFx
9qPY6Bx0IGX3kEQ7TOQu9,SPOT,qHJ9115jajxVVqO5wDIsA
aS3HVEKHpbUL-cB2uFA0w,SPOT,q6MkZAoEHUN10KaTckroR
yAIY1RE10vGUDe53EBz2j,SPOT,fKTKX8mKQRzVBXO2tK3Fj
ucVAZtyiWbBrwOTFeUPlS,SPOT,k5nWIH-Qsm2VkaPTIhwcR
huaD1CbHXAwy4x00rCskc,SPOT,yMa-ZxemlJIGPmhh_UBJK
OLfjUCYcjIX6oZp7rUpm8,SPOT,hsFvRBxuW_4_CDE4lCEEx
pCRXfzVVSXgdlnkuzsPYH,SPOT,wgxQIi4HrLn0Wl3thOcha
1Z_v0fzfot6CWxSScBosN,SPOT,GS9_MAu1SD0c34b6_6zQw
xaKMxKhV-54iC58F7tzk4,SPOT,8odrM3bzPXX0tvBJf0UyX
MTV2TlI5TWrVuQPEvEdJz,SPOT,vb2T0OEM-Ir4ZbDdzPgLb
1fp0heVKpTqNI1VR1zqAI,SPOT,NvzR-_FN3ptmY1UKUA78j
JCmCytdZZ1zQCJhcaK-MT,SPOT,fXTetn7T40MRIAOTIQvZE
XGcLv1I3pp9NF1BEkq0ZF,SPOT,I7i3GPtAnwZYXsjKBym1-
ogJMNcRBuaC6WdNYRuqrD,SPOT,ZpyXpuwTvTnQ5gvSv6zGT
D_pu0g5fAK_YCFhhI2L3J,SPOT,ZncBMkv3PXFu5y5UVCCvf
Kqrg0XrBPD4emL5u66DIH,SPOT,OvUJMy8JdOIgLKtxsN2de
MLKX4LzGpk6GbyUj_b9Pu,SPOT,EUY9LRlaY7A-MGf4awPgq
oh5MHP4SBCwXuVaSOqyhy,SPOT,Z10WOcBhZHZgyWh-rdvxo
1qiui9mzbLMPL66WViQLl,SPOT,YsuUaUFhbff2y1TZP6hRj
XupkVj0gaAEKPoTPtUn4i,SPOT,kbBUzUNhCOIQP6nVz4QOQ
qGWKjRO-XXSgtcez79OLY,SPOT,lI8l-Dn-rr45PKbot-Te3
VgXMD48mtJLoDiKIG8E9-,SPOT,LVgp6QVrq1gHM8AeTsvg7
yXwuzSQkXISLnZh4F4HvM,SPOT,MJeDndIsj7BqRIg-iCJr3
LdMC0JFQ-UrADWS4VD8ur,SPOT,euFmqt4q-rqxqmIOVN4EL
ejGFPhIm32NdYz-78w88o,SPOT,WIWb6DuoTC4MWG0kEo1aK
8l4lSIOU4iG0j6MVuWKkk,SPOT,_6xTqi6glh1EV_E-iNxd9
oIgGNUc9hpmBVzyC04oBi,SPOT,SLwOQsZYlv9_qB_vaWlUw
EICUaRq1iGaCS1usO05Vc,SPOT,bhM9f4QRYPM_LBzDyMvww
aE8ot4rkDYay56oHmhcth,SPOT,ExoUBJ2iHmDSfU2y6kW3d
3hSIElKmcb32n2FTj9dqi,SPOT,tLykE_ScSsZtEZUXjjPsT
Ndy0SDeunzP37QLEAhiaT,SPOT,2BGK5UdyV_2kpmc9yTLe1
ibAOE9xvV4wXwQFzsmvaB,SPOT,cnHu1nwlmuYehWSYMtw2q
kJFmcekxNk-3pQMt5ywHD,SPOT,85YBKyL5iCsNgVwrdCnJt
Rm_FmScsrXzMAP5a_UBPN,SPOT,UV6OkNXKiZS_Bz0NVBoP3
SN3tPIbec5fuJFlJvI-5A,SPOT,9Dw2U5-CKXBqp_eE4IBXR
Z2AajLjVXnJPBYb6bo1Jb,SPOT,m-5zWboEPpwExgW7cRkFR
Gz1cudXMFfNU5IhNsLv2P,SPOT,0YBnJXlkH1Vtl62x2g1Cu
30ssk3_osUaOZBnIKQI4Z,SPOT,VdUGR2HUIdiAJZq_DkZo5
vP3twIU7q4kMdoPXZfyob,SPOT,-R9iIJ8WIKmSWwkG6_NcN
smTdhKMaHUfKtrt8-RHGP,SPOT,wn138qTNkIZqLvVM9aexM
BRwE56t5-WeC1L5PpF0Lj,SPOT,xvJ_5Ad1ZwrclsyXg_COM
h6pkGiujruqYQhO--jnJQ,SPOT,yagVe61COnhMHFzyB_9JL
3IYovTc_LG0STGzQx0gac,SPOT,00IGE030LjOTsLbEFLSsG
kUelswcv-7PxfCiNSx6pD,SPOT,ycoYLnlC0FWR3oIIIcvWi
ZURmAKthaQGKGvDIb5adC,SPOT,KdxKeyLxLBjen_6Pgr6lq
62d5NDQt0m1NX-uf51uGk,SPOT,uR3CUp6C2qx4QdFoQ1GV_
mAYx3qgYG8O7ifgEipdOa,SPOT,LavH5Hcxc6MWOplX7jVeZ
3IkHpWIa-NuVhS3idGMZ3,SPOT,p1jobmyAvFeSIYVQgqclA
HAgI-mo7BpA0IoVFBbZwl,SPOT,9uYrRlfLgS-sxkGzKRTNf
CND-BZnki0tvRje4dEtGX,SPOT,fMyAJJ-Ht-vDbcNSe2BmE
9KBOQJGVUjHOZ6F4pvVWu,SPOT,QwsGl3IQqAF1W8yBzAr53
cPJ7ygBTaxi8ztMDWTMo2,SPOT,1274RDyd188idXUhnAv_M
KtIz6kVjY9SHL2DiMJmas,SPOT,9cqcPykwxt3173HynRwPm
JpgbLWMD6caAYPB5eim2D,SPOT,0JKGvQRDNX8geZFRdLnfC
ssAbWt5WyOyhLQgVISoVY,SPOT,uvOcsfx42SERj3cSAH1mm
8ZPprR6DujqunKclzRd6H,SPOT,14_pSEzI2bj-PokP39RNi
tdXIUXQd1aW66_SScqf4j,SPOT,1BLKUvHtiPe7zHXyv2QBN
535KVxb3U7MOgxB44jyaq,SPOT,EieCWihSzNuXqKw1lHprZ
DhJZ9_V4wyV2iDhz3z268,SPOT,nzn4RT6-bLiQ6kBfa3Qi6
Yzt98mez9eBb0DmJPhhS6,SPOT,1uNAT6sjZVRwvh0su6o4C
AKF0a5XElpmtuYwxTkSF8,SPOT,K8OtrbvxStaLA2Au8KuyQ
gn0Y2It9hmo-5133MK9Ap,SPOT,fsx0iIBnJ5wWQKw0lqvtJ
c3QZnqclP2sB-VSsGPzPg,SPOT,BnQBIpf3ZprXvcGLL85ql
Ql_7iXL1VQD0f7AnU4GSV,SPOT,WF-veiUZF6IaHYg1QvSY4
pp88sOAXCxTWpB-6pq-UY,SPOT,hT0AJ2YYw8WwlZqWqNAB1
YS7gQusDDD382ZDAXd_sP,SPOT,_o7Tz8J_pQ_EhBWlRywWt
LqEdKMDJt6PA0DG5o3DkK,SPOT,4DL9WA5NHrcg0jsz8zhAa
qXsOcIwI4TmyTI_t3NyQ2,SPOT,B2NqyPDWtEMP5BqX8znSG
1ShZEYSvCyKx42W_0Uk5W,SPOT,Uk9yTG7LOC4BjdV-zo5fN
TVtLPam8ss2QGlTlwjzMz,SPOT,9ahAClJL_O515QF0-EC6Q
4j6ffNGsHvYHGsm97j2Pm,SPOT,yRA6N7exVSCRpX6HFBuQz
q6ubdpPbNMvs_2wkdcdet,SPOT,0KtkmVE3758E9ocrp-wEj
2dchZonb7HE2u5LbKFKLL,SPOT,W4J8Lvoabf65iUxvYXntw
5W3sCtAkjvr3vSmoKGW_V,SPOT,f0svRDreHMuYrGSEwZ0_n
bu2-7YOi8gzaNy0rBCtPc,SPOT,gD3tuAp_vkZ8RXQla0xuq
qaPtwCjpHxEwcZ60aBRZQ,SPOT,qNDXTnvzkNZiLF7imP7Us
0FXnFGcpywC4FwKreR12c,SPOT,7rMunTdBVGlOJr1drLkRV
11GD3ip-pqpfPzeQ9FpXC,SPOT,bpHp_RTHGJ5YAR4Jsy_DE
q-lmUfmRWqkIQL8skam4N,SPOT,TfBkMkVPi8fiK2ggmYmxH
C1GEopMGv7oDKWjJ96BT2,SPOT,1ZsI0xZP6hfdBm9WYRz_v
dP3aD4wwcSWJOI5Z4DQcq,SPOT,SRyKpqzkVUSU22ncKcy4L
l567elLfclDUSLcU1STBQ,SPOT,otjY8J7Q0fY5X5AdMtfjx
sLFbzEgjvrCgnUtYrrkwJ,SPOT,reBd4QoW9Kng59JSz8xvy
FGSQL9IFrkjmHmSKcsMcj,SPOT,oIXA-YOiHoS_HBimBSXzt
Lm16pZmqk5zmbY8zQ_TPG,SPOT,k0JlCktBkc1EMymaUHety
SVyyun_S0qJTJpJQSz1Ps,SPOT,UlZmWAm8HEJfMlnwoisuR
hvIR2ZVUry_8393RIQNht,SPOT,-REoPGwwW6VsI6ZWzEM1Q
RVcsYeUVyOKZRxPdNLH2B,SPOT,NAoFtZ8xAmsDhBDKHO3Mr
kM_d8Cp-HeofyxyhAVOXL,SPOT,4gh5SMfFM460zy-FvgEZF
XwQcHXqYX3b5E8zZmW_Aq,SPOT,GBzxi_4JmzG5H0HmSHwuU
Es-B52jjcIoYOli3MvNAi,SPOT,sqG0sx5K8V9tG52R10x2y
MyQPx4tvHaCxmQAlBO5Sk,SPOT,QVD4PqhSMmjJD4KxP9m03
KM-s6R3FvAc72Iq-nsFE2,SPOT,7TGNJqu6kJKiJHGIAReyt
FEF36SPi9uqLp_Mkyn5Ws,SPOT,g2DZDi-AFRfIaCXgneN8J
YCxYCdnSdRLSSR55eJfRm,SPOT,YO3DEH-dx0horPuQzGiLJ
d3HnMoAMBcHh0oPH-gbyi,SPOT,1ZruE2sHV7C0RMYbfOZYU
s2dqueRuPXLqCzTB3gHQN,SPOT,3sYSs4F1iuu26zGR3DB8y
_SMctdFjPEjfh5mg7XMi6,SPOT,uzSO__eCGZHvL5O759F8t
szrDQkzNxpjjhYrqgGv0R,SPOT,ln3Evay6mosKFXAuMTrcG
Ex4YnLUPNYK_pehrlbls6,SPOT,aEUV3oGZEg9IhVxfn1tPc
cvjcejVoapu41D-2A_9a-,SPOT,CYaCWd8qaH_o6jGQywP0h
ZxA-J97K6zrEQCkiJx_1F,SPOT,U4_5AGaHXsOb3rT4e57-F
M2x3YsGi4YQYbuq5T4VL7,SPOT,02Nnvcw7BvmiWzMKSopWu
wUGVXyOAoNCEFxvhexhtu,SPOT,-Kqo8eP6ux1NEE4-7Y7gp
DVGSnvpsloUQVl14b1zc9,SPOT,8sw-SOzoqQLolMDhg838a
pV_GuZRfu34C7cpsElRKp,SPOT,PfrpB20SFxh6y7FHi9bji
rWshxjSiLxyLFopYfnAd2,SPOT,MLq46qtvAIQk34jYGpI5d
f_8GfKgqt7OB5xne-tNPv,SPOT,Dk5dktQClbxDMBCRiwZiF
g3OP6h-_6LOdoLJ4YyoL5,SPOT,lsoMpxZaEMJHk2Iq4ml_V
IQccFFauXECNr2TRpvEtM,SPOT,Qid-r-J-1W9MZUypVdML0
jJOwQjE0tNdVFTR2RGVp2,SPOT,2zLonKTyd8SeyUMZD6sou
Ac3Aa1zki7chE3SX5FMwj,SPOT,NgYswC1TMJo9RUGa_v8H1
beOD_0lMjnOZG4vt54mew,SPOT,fY8tU4Nor24S_f-Sg_GAP
CNOQhBALCAq5cWpTh9o6t,SPOT,JSbLTvfkTi2xd_MrHjWR7
9qsKQtnDmohkuswIEHHEU,SPOT,ilnHCoZUg8eHlm3ms5hqf
puzqoXs3qaN1ccUHczD-F,SPOT,s7OLHw3-4aZqxUBtGEln_
LgPXkqpKY8bVm4arxzxUF,SPOT,C-MomnNxODCHyL-l8LJ-W
Cw24nuiMcdXXVJ97YtseN,SPOT,bmUAgzsnPc9e4frcc5bXq
Xv0BOVwmNYs1xVpXvuo9T,SPOT,jlCb4jO-8gkAOzvVXZbhA
Hk9sIFuUI8nTVRK0wY4gJ,SPOT,9LsfKIqxYoninV0mgmRTX
DtJQ02MG2nOt5Voc8kqs-,SPOT,QE4Amjh2wSTt33UbLKVBQ
7HZ_dCR6ivbIE95_U6TZZ,SPOT,AcLXyq1wlMihk7xMWg73R
nIcU7k1MCQTd6ohlDcPzY,SPOT,_u9sKgxaRNQPsoQ83mhLZ
yLwQCbU4F3yC5IiRNgBJ6,SPOT,MRdA016daImL8JjS6ADHG
cZiucQbmWJ155jz8EfvB6,SPOT,eFM6Jwe35oWoXFOWPwFc1
EeX1E-K4RuqN4K0FQ09zc,SPOT,QM8heN1JZoe8Qdne0Hx10
ekMV1_y-_yscU7891E8ui,SPOT,dO3NA18YKEYzuRy4ZkLG-
24Uh8KO_WgFyuJvsGjSFu,SPOT,yAMtfX585JLc0PrEURmZN
iw5bbm2CBHEj6f7NWXA3W,SPOT,a7hadBq-kMwmc9NVJXyBe
W4CIkkzc3UbRMTMh-41eq,SPOT,tq-DRV9r43S0TYzWIlExg
c5eCBQpILxOm_XyXrONYB,SPOT,8gMGv3d4P-dbyVeBs0T3F
Pb5vOfksGwdTGBmGnY_Yp,SPOT,rNdK4_e285cd6xwKvAHUf
vPTlMdgir18URARL7Ls8B,SPOT,BFkg2FhWGu3V_pXRUivls
EP5FN8G63JKDQf-LIZLYn,SPOT,_Ke-KFHZmWTT8JDy-dSJV
V75S7jij-dibrXdmGYTnv,SPOT,VQ7KEvTBDDo2gmJZsFfsK
fZvpOHVHtVN6cC1QWy1cu,SPOT,23eUzMKZZnCq2yCmmGEz3
GqF-uOyLHLxDLwWLaVd9p,SPOT,aRIa3zAn1iwwE9Q6zx-no
sKfixd4a5mZXyiD2TI40P,SPOT,pHDIQZqKq-YHMt1ycZNc0
poaU7YxFaXz8TSDfZl84n,SPOT,uWg7DaVQiWnb0SlC1y7sl
1mvypbf7ym7rdBllxjRGM,SPOT,YXQ3yk7wNP-6LVOOmAC-5
7drWqvYiM3VVJBFTDgXp-,SPOT,4UCOG1Dcy8g__X3x-A9-J
7-DqT1YFxPB33b8SmlP5G,SPOT,0-TeYObRSHm6aBHdyUH2F
s7-eZfIPQpKgNbklin1yC,SPOT,QraGZ_XMFWFGj1XPchRRg
aha8DcnLWvU409GA1dhLr,SPOT,YQ8kYhqKFLrw7T7cD8hDz
-QuHrscvwjERZ4PfaPeDi,SPOT,yGPnWdeqtl93GOyrQ_5M2
J8yCPfyRh8u7ewoRmtvDW,SPOT,XqcKR-ocbj8lnjTogahiD
TLDnKE33mZVGHdWTn3GE-,SPOT,TibtJ1iwjOsaeoL95JIx6
B1FLgRqutkBvXoHY3WlrG,SPOT,iHfC49C2CpYxCmtXTSIF7
j1DTrc65CRiOVS87FG-8t,SPOT,160p4v8WKs-ABe6qlnfhK
5GQxifFlHhC4jUiVMYl94,SPOT,Tl6EZ3TQGOfi5Wl7YFqe0
A7OFqJCAp3BBLP2YDRfRa,SPOT,mbSbBYS-cUeGgLt6FUbqC
V1evC-RVBCMpP9Y0ATWK-,SPOT,Cli1ZS4hEnscTog3NqE9K
KsoulP3fpDn4W6CTMFC8J,SPOT,B3AqLCnPvxn2ZK2-JZOlJ
hyQxBQAkn_r_sRuC1U2k9,SPOT,CqhcX8ODs1BM7uthOI5CV
TzUR2Z_3zr7uMNjMBQSJB,SPOT,yvGX00YTWmrquQ-uW_cAm
z0oh73QFgQLYBknGdMy3o,SPOT,-p3E_xdzn2bQ17btTJ7_2
PLQd9rwldPYIVy8NMNqD_,SPOT,gNB_A_Q3ih7debDx0HL5v
BHLZM_xwRy__kCuN46iTE,SPOT,vXcJBo1N6lyLBqGgWBQmT
PDJvdsXG_foSFXqWRLMri,SPOT,YZdngPuxsxKwvlfWwEp4b
hZKy9ZfoPSlI-tJLzWR3G,SPOT,jQrC3m6qDqwIp75pbggUK
l8sWAhjdeQCG2Fe4Zs662,SPOT,9p5M8I9to5dx-mBD7eH5I
E81P2N2AOTlevm9WgWPK3,SPOT,yEeHZAVK81C1-th1eVsPv
YEGZp4sK-9vxldKDEKywv,SPOT,iPSdqFlckm7mVLiI99ZIz
Yn9DFxqNB8VHARdRMOtAv,SPOT,xuSfHfvirxSXQWFcyWZjA
JTDHVtp9oGDyCe3nEdLCJ,SPOT,63m6kNnxDPfw2Z8QUd2YN
7rkKOWT0sxVC28lrwqh1G,SPOT,d7qaR8JuWLt7akeh6ro9u
SP_3CTqgvSOKjj9bTrCT7,SPOT,Yag_Ie-pGwsylAnO9dlo0
ukno6G_IAHoChlpzT8V6T,SPOT,IpkeEt13ICh6UoM4FDk1z
M1Hmt80982B_io6LmYjL2,SPOT,HTQUpH6KVbEu1IWc15Yhj
HL1_XM7lajPhtpqZYE_cu,SPOT,OHQ5djhD6NDkebK7DwuHZ
2_ISZOD2Xi7jXDQVIMv2U,SPOT,tKNTQRZFQ__KH4P7Af7qp
9IDJ38-1TxVAz-ZNyrrI4,SPOT,c8Yr-rab5vzA-z6NIpSZz
Z8VE1zG3ZVR7xr4rrF9Kx,SPOT,8hj0U1xsIZu3-LaNww7kK
C_upnmiUTE15t9ZmAkpHd,SPOT,tKxh8HfdCzBtiJAJ1g3d3
7dpPIhDryhVQ9waAhbb10,SPOT,8F71vVwXM8izPfurMB41F
YTgYcJyFwsfrepwVnB-0_,SPOT,LjgXowK0VCJUIAoXwPSvB
OeaSH1123-6K4BeSSUAFL,SPOT,UaXc36Gp8zAtXMh-Fez0b
NFMwdnjBkrgkoVxU0_XYD,SPOT,NcRwYf_2DLW6h5jDhoCsQ
WDOzVmNkRzX37bfEO0p3q,SPOT,FDs8enQtZVm2b9xRpKyeZ
NM0j47PQIwR6Sfs5mrUAM,SPOT,NExoWCvlxJn6yfaEIXHGj
M19GGQSoLvymJVAbQAAPF,SPOT,J9nXZRrLjMQW1aPLENWbf
CEhbA23FzUKt49yIUOqbm,SPOT,49DxKcGpV1BHTquDIm-Ox
UDQiDFh2h7hEvGxPmy3O8,SPOT,-sZUriyeTOrvbpBzl6Ylr
arNyOfXJnJ3gpbYhpTxnj,SPOT,M4o5vJMtUpiejpNYoUiOV
OPbcBMtHlocFUQBK2VX3b,SPOT,JRg5GPj3jXa21abQsgZat
RulS5cQGcD8poS9gN4FBk,SPOT,8gKAErCLihnjXfRLeUh_x
vPDHPg9oEssEJw4KDesxX,SPOT,51fLFq9Sq_YjdK5uPTXV9
PM6PbKa_wCIyQrDhG8l9S,SPOT,Dvn0OlvixioT4IkMvx_EW
gvd7i5Ll1lG1NE-MXE9SG,SPOT,YHQ05nklE0rNXxStZajOX
ypniMd5DQMaSL16SXZFzF,SPOT,ma2P4GmJwNJPaBQ5LlIQp
MB4msYwm7Osh6IsJ0j-_e,SPOT,olYThgTYGIhaSTQCj71pA
Cnc4cTpG0rPAxw_9HLMH2,SPOT,1cd9zQ7M6e3CLmBsipPuc
ptLZwIL7L13D-BynRucPI,SPOT,emwHMCfOYk9TWrnjSsGAD
029uzVfZjNKf44ALNL0av,SPOT,x4ICLAlVFLqYOrJ5Co3FQ
wMsEijgrdIeLKudupKt10,SPOT,eFNf9YJwbHZZI_P2QSP30
0kitw3sFUEf1LHNp9H64n,SPOT,imFLMi4tpdF6Vplkca6gb
MPO0ytkAYAvDI9v86CEy6,SPOT,d2C8qCnrA8ESvCb2Jm1xG
eXxmapMGAeK65WOBO5GCb,SPOT,L4-mlTGY7-7fUYww5ec-U
cAlipAZ6MVuJCzVYfQcVU,SPOT,sZz3MKttKIremsmYzQOvi
mXx8Q9oVJb6faFOOqkLzd,SPOT,-OyLC9nN8x77xE4GmG1Hf
BFsaWWKiSmRb-4wwrfJWM,SPOT,SFhspd4YX20BA110qIJhG
pKbej-YNIT8JbaEqXLxF1,SPOT,UGqJAonXtCzyo91aTO3hk
xgG8LpSBUO7WHPihdDOBa,SPOT,WrXkaWb9iVyjDKIbs6lSh
XXDAr0S007vD0N0WgVpcz,SPOT,AOWZj0GYB33hJdPcwatKc
ey1VH5RerxZvQBWZf6AjC,SPOT,sMv60XyK9_B4hfGTuxLnW
lvBbDQBTltabhA90-cnnK,SPOT,n7jSXSsOItgjSMooee1qv
vbDhsNdUeIhv1w4Oix8mg,SPOT,F70_ntxdZxTtygVNlFhFv
TQvwRDrTpCo8sxqUdhVKM,SPOT,R-ClBYSFo8ua4fQ3Z-PT9
-m8_mjPJU0TbQsDlvoCn7,SPOT,4zwTjNeJ3Y4StuiwtOjv2
haa-YHjBwGzMEdAF6i6jO,SPOT,SabAjes47J06C9L2aoIMH
iH18fhago9WUIsUw0nvBF,SPOT,pemO6Zl6xYLeGlb5QWZLp
zRExYGLAiITgTA7taxHTF,SPOT,mQUQxrnHIx4InURdEnzxr
Z32k81tdWKPfc4u_kzCA9,SPOT,QtyFQ6GMYllMj7ygLqdw0
JzJUChz2R6Y6GQhCyskbO,SPOT,6f--xwUb1qXqfyy8HxVL2
aJwo7eUkV4E_igBudbeUQ,SPOT,UzrYKQCVKjV-6NXQg3I6S
9Q0lvtBbLe5dRuPkc0WBY,SPOT,uClqqyr3ls0mpGdbarMAg
2uvSRijDuFWlWGshS2tfP,SPOT,bEBNOlna7pjH1CxKtrh_V
4fOx_fU6ASwf7Y55Kcf8g,SPOT,a26u-juyjtn8s_LOAcOAJ
0n46rLovKew1wkNjz-KWj,SPOT,yuSb7VgOBiY1Znj3ElwYQ
VrSjbP7TFVny3zmvwG_hJ,SPOT,QRNNxnzECfyAp045nyn6B
JgtrG-lamX0fxitejB7e0,SPOT,Ic1376YXZ1SyHmG9lmRRM
EuzG1gSs0OCbg05Uampa5,SPOT,nB0lu_0-DQDpgeCmcjVps
NS57Fhf3E8Nt60Ykxr2Oc,SPOT,7nAGZeYe-KWyeeACYWXuk
xyd-m1StO_7srIP6_lQXT,SPOT,N9qwKaI8meOsYkm0iimZZ
qphpvP-9pSXkYtPrbN0ZN,SPOT,udFQKxrHksJ34JMBSAKeQ
OmYn7ItFviccxYMQJQWie,SPOT,24IZQ0_ygh9QfekyJ-CYX
nuvp8VLuoIG_llzC_xFVD,SPOT,ZRv_2_1Vle9BSi8Y8BVAk
ybmZn4XHfBD14Rxq9NSuF,SPOT,uoBlV_Reg1vP2pxUHFlU9
DbOVFNnzSKLraEufpLL7E,SPOT,BXVCSeCbv-SVsyob8D3Tk
ipC7-mBJElbLzQM3PsbyW,SPOT,PoAiAZcSBY963REEhakJs
9Kf_rwD-H-SUV3U111Ppw,SPOT,a3KKx6XzTvv2jz8wyjrOc
NOLYpXqlj_2JUoc0XE2hS,SPOT,LkbI7foYIx1hujT17uSla
cpgNS29dI4du-eOBqIbmW,SPOT,2ORK0hR3u6kZn8Ie4X-gk
AIdINFzTHqcOLBQ6wNERv,SPOT,cOVwRUz5zo3lp_MqJ9TVy
D5csBNGqFgQtH2coJduNw,SPOT,CV4RoFOyn-c2PivM3iPuT
2Rli6wdzoSd0EwK-6j0JU,SPOT,Ps_Q0eMzdfEUk-B-Ri_tj
8J1K9mLDRePPedcq1p0dP,SPOT,QLaMnwS0tAOGVMdGNSt-e
CDjk7Z978b7YRF9x7dJfK,SPOT,_lRydMfFKiEMu-0BdiE5B
g7X203aVdkhLft-GuBs0x,SPOT,wJ1YrYd3NyTYjjsGSbxHi
5zJRBb5WMRl9Epa-LPfeJ,SPOT,q329Ts9uAOmZhkwHAX6Zp
ldHcYp2KZ1UdcCQH4Ib4A,SPOT,890W0A82WRGJFC6IA8kuh
at7eNJ597-nluMdIof3vh,SPOT,h1qy2olG5OXjZEsALIAZg
AdMA4RZYyIRonn8D_Xnyl,SPOT,2d_MAd2FkUDhkRQ1AzBU8
PcRYRsa6w8ABE_bnogfLm,SPOT,AOO_9yHfKLR_Pj15CEGih
z_VdqyL56Xe-xo5RSWnGy,SPOT,cimk7gAZAa-cjBkH0uFgc
Kl6Ntpre4NYMkkepiZm00,SPOT,j__gQnIYITnLAjVL6ABtV
W0T8e6VaNg-T8cgVj-8mS,SPOT,nSaCkvr78LPK1bKSAFJ6h
xNymhCe_seiUMqgv6SpIf,SPOT,Olaap5dAHTwHkcLHupmeT
XzXbxlwjjv4vjaUuJszh1,SPOT,qnf7e8G4899zahv1Zm3GF
7HRbcliRokJCuaI4OCt3B,SPOT,CRcSO-AOAD7hIVmcEo4w0
p81DFG-5bGNTGZUvLHErS,SPOT,mpAzlwYOx_w40GOMeRiz0
zUSctthHliqBsmKQY6neo,SPOT,V7hFTjXHwzI-LuOk69GXQ
q3z9TT52VR9yBk04T_sD_,SPOT,UPd0rsh-reHwTa2myu_BV
WCGp_4qoatfhMRYqhu8Jd,SPOT,HU2hEB2Jr7-vOPLB0h-qN
4tu3Z1ylwMPofr4CHM1f7,SPOT,2OMVgcBX4U1uxtjChr1zA
r8p2QziovYHuyRl5yD5yJ,SPOT,1Z0PZtV9rKxscTMS30Wl3
Q58uUmBGilNIbUo-7sOv5,SPOT,ubxNUS_39KopJnGt3x-a9
w8AX6QUSIVJ9jyx9HC2PE,SPOT,Oz5cgIcIomyPnEMK7sCni
eBRylcYHT-35DULM9b4_x,SPOT,cyqg-1yUyYSM2aYaBEQZA
LqT1X1o5xentHQTAO-rMB,SPOT,Bx0U9xMjF99Xb1VmnAuR0
UBWW528BwKyXws-qd0J3g,SPOT,pk2KfS61stamKNRAWA5cd
5XDV7LFEk1GOR-sxYLGsG,SPOT,4XjyGzVhe6OtauZYTm_dd
VxEbZLSLoqccKm4H-GjiB,SPOT,t9odbcKG8n_rJZvUj1Npu
43tXueUA2aqTT8fyInpmP,SPOT,06L0T_ni1tan8yth_U6LM
I0mPLhqzQsc0YsWtiyffK,SPOT,VNx8_c-CvIZG484GZ7_gO
r14NHnK9A8OqVpL_GxJ-w,SPOT,9p1qnD51zcQ_olFN3HtkD
2TdYT8XruDNGDSxO6-j3z,SPOT,I2b9EJb2KV7q5CAgxd_XC
hpxGyqtdfRE67yrqZZVtb,SPOT,eUozGmrxqylBn9nX01flF
--RLBrEPMSyEskrjtQYqV,SPOT,2DBpHW7MxTCE3-07LLec9
p4BMj-7n0VlFtG588IL-m,SPOT,NBvtsAcp-AYcwG2bOfJ9M
nSLLUr0NVjGt-FelvqNq6,SPOT,1WWoecy_xjqy8K0tgdh8U
yKt-ahoNa72X0wSUOsbFd,SPOT,WY5qFtLvybcLJStyq1xfm
YrVP_qATvGB8Mf5D2JnYO,SPOT,IqQY51VX2C51T_qhe9CpE
7rudy9DIwryyK7j4uF57I,SPOT,zTMLfEJJyNwg6TsID_81c
_2DowXGZEntS-rnUDZgaX,SPOT,QwYoCxWwpUoVc-7-j_XVc
wy8LDkNGdvJluAtMklHfs,SPOT,o1pOkzFHFZnqX29yXJdvm
AywpeIfE5gDacscGyekRt,SPOT,VfUPDFvjUlB6o2hZYIC_P
rZganO1l0JxhRa10fW4hH,SPOT,2xJFCOn44rpetxmrEStcH
hrkmhBMUhJO0DF521Fn3l,SPOT,sQmwcTjnr7Ispa08pM2DO
Q8T3rl4ER-pc___SW8cWT,SPOT,1PAHc8aSnKEblCcP5xT5e
jUo8SlEA-0Ubhi-ho2DWB,SPOT,6_XK1rPH10qWkEvQ_yV2L
eSa9fqbhCrazilxEFPfwg,SPOT,b_N7s0zgAt0zoOhuq-p9M
YATT2flG26O0CJVTeLZV-,SPOT,oNt_0cE-HXFEzBVld6ZqY
XA5AWNPqNY0zlXzvA4wc2,SPOT,p5dBYJKkB2dljzO5kmaBH
5iuYTwMQyaFKggp9gZgmx,SPOT,DMaTwmj-S_tnwbh2X2Bhu
0zinGT11QyPKqWcZzh--E,SPOT,5_NSbWD8y4VAYYGsNkRF_
x8tBiGC2HNfw0j_AYZcYP,SPOT,ERcboF61FLy67AeqtcQes
B2nFAUnMywv4kMen-THPW,SPOT,8R1Usj1eGloRYnKpBYh3e
fbrg4vvm1nCdnrDo6GUZ3,SPOT,ZRqtMIaNiHpGJfGcaMDYs
n6IAE3yQv2rM8Wy9PrW3h,SPOT,OIXfnmKs3CxrgAqr_Bsf6
z8GOfUbYn0LaSgrccNf5P,SPOT,fqrnxkEwkl-wT29sCLEhi
libViI2wDsWTOOAxrpSOY,SPOT,9pMy-AP5d-6QXUcpK4g3i
6eC43EPXLoyM9YFI0XHDr,SPOT,kVHPJxICn4heXel7o64F1
Va-Fcgx30nJJe7N2yonaN,SPOT,VHS9UY3eL4vmetH2i6ZxB
bFBADswWWHQJOCfg-f749,SPOT,R_onMsV1h858L1BWu3afo
SoWnM7CAmpBcBruPmxkAd,SPOT,WNSgiUEDU1fgl9tk3QOOh
qEX9BK-WsGsZtJYwSgkxw,SPOT,tsgELHxzwYv2SaDSDvVA5
6gAvF4OFpe_LcF0_n1DDV,SPOT,hMU9BY_F5HH2o911uezCJ
IWRvv7llxtssqzNrHM4kZ,SPOT,5ttKRBd3FuFVi6tFWScky
kmfE9A4FoP4MjiHQvMQnz,SPOT,KkZJeuaDhRjlS6p94nvAx
U4E8lwypclym_gkRO1YYs,SPOT,6_seNbzfUXdAmh9LCarcN
7WAasRkfGIe1R7Pligy4C,SPOT,tN_P-lz5bHRNVvfRyAVhs
o6_GfkrkxQLrTHebIqLpe,SPOT,9ZwIIYYLMA-oUUtYDEsXT
offFg45Q4HR3pTluREWF7,SPOT,LGZQZNHGVix894cPQHMQr
WbrgpgnamEDxNnUm_9jSS,SPOT,AcbDNKhx4X5VU8a8CrdEO
ByDia9bh-6jfg6s4lew_U,SPOT,AEody2YlJdGs23Y-Q4ZRL
jFTDVHs9XSnFePgWtV0nV,SPOT,1I0gYANIMsN5NWUcxCaQd
5VAqXbAvhXqNSxQSM9CD2,SPOT,evGT4GOrfLYytLkUVwItt
Jn8rf8ZV_s5eP9MtuI4qf,SPOT,tpfUMP1TRpCB-FtSdtwCt
-JHe7_qv6Cquon4axgt-v,SPOT,W6-ddWo4Za8Kr9pOb2sOy
dsS2xHxgTREQkG11vIy78,SPOT,Qi1m-cLO49m01OsyuX2eu
euWjhYX_YibQ_XV8bfq8y,SPOT,lZVvJ2MVYIwkJ8dtdzJPn
aEai12zDNKHDaFf0x6gtA,SPOT,GpZfD2n1AIpT01VnQo0UT
bEvdSV9LOVI4_9nZxtgHs,SPOT,L3yrWhSZgtn7SDkDZFxNu
ybz4jEEaTnG-gm9DIOXWh,SPOT,VzLxn4IOGy5-vPmq8nAtX
wUPzsGPGhoxkzVZ8e37Ve,SPOT,YLi7PRqXgjCj_UJS-0B-g
UhB3FTMzqMkzICd0XPodR,SPOT,otJrggR_Se58BPWs8fyw-
FnuMvKoOOfEBIK9-Q6TzU,SPOT,Ko9_39V-2gtAW_JEL2x3S
w7ZpY3w-zlygs6ot01hgC,SPOT,EewYhm1QCOXEpXsIvPjGm
WHzNcby4Kpo3kTYJQ4C5H,SPOT,wo7nSPaUFO1kfjnDsQrQj
S8i1b6HT9qgdvsodujxZl,SPOT,EsEpcLv75chXJ6D5Ut4gD
nU89ZNL6Vqn1j0e_locHM,SPOT,66XrqNBcm6yrJggonBHP8
xUiZnyGE5INeZOPlBaxYk,SPOT,lIrZO2vptkekgOACwYnhn
QldsUFIeKoPOGT2ORfGac,SPOT,PsILNe-EWkHmSu9HqGKnI
iGkSLwoO7cNI9zi9aUCS7,SPOT,Xv4ARH7SU_UwKmAnl53zq
W0TRAQJYgts10QF17c6Fh,SPOT,BIAKiamZUy3cHmM5x1oj5
ogEgqKzN5MwGUeW-Tk4Uv,SPOT,99cT4CRAds_7CkOrN4kcv
xiV9odP6Xnm9edPnefkgu,SPOT,lcDbuVXzbsYA7yqNXWcje
unb7WlWd68fIRYTy3Fv2b,SPOT,tKG4WSek1juLTTGTnj8av
e7N2G4F33MV4T2eNdxzpn,SPOT,1-EMfBXBVGUPDPjAi568b
7tjx28dVjsEvBj1qNAwIz,SPOT,YW288c1sudcbfU8hQFYvA
o7AuLrl7P2jpTD7O5cKcx,SPOT,ohBWk4lpPyxYxQtuvMJNN
rZJMMmvV_FaD0PgqTtn-6,SPOT,zr_gBRIrE6vN7uu1QSeR9
iZGcoJ7MsD00ZDa99zDfK,SPOT,FWQ67A10dd4XYIXktwMQP
lRHTrVzDefw1Kc6du6HO6,SPOT,c4JuULx7JQ1K-es9zHb9h
eKMh87CX9-M61of-JHjCv,SPOT,19jdY7KaEcS7l8W5CVBcE
dImO8SP0e_lWV23AtFA6G,SPOT,7ozfDMQAJI_QYWOWFGAT4
wnGKGmZEd3UXpQ9tsEIwM,SPOT,HM7vKv2ARxpRJ5v2Ss_jy
ZX9_2CJODlpXbo3p253ox,SPOT,0uMc1Fx0YKHoCIdQBn5P2
HZeoeliyW5v6cqfCdQWjP,SPOT,1wmlF8rXsgBCeR5Wg-yys
pGpnOKtTIqyH1JVnvAzQW,SPOT,YJ0YWdakZzrNAQcyiVDQR
k3waJiY6VIwxQBeCyEFoL,SPOT,Kwc1lwsXqUN-KnuL18F9j
9CE2MNxLCt77C18u6zMUH,SPOT,vnQTg3ChIaz-YkbfUPjzm
ErYoWoSt2UkQhz-e_m-nu,SPOT,UDD-95uSrPKg0LpY9KqI8
IlrQeanBNJQEACbKxvTA4,SPOT,Mnv0ys2xpsUBTS-b9dQN4
yrHZKYLm3b7gMCxo1pwsU,SPOT,jonO63yblnQhCUcFDNtrr
J7V7hOa-GlpWYI3gQcxf8,SPOT,NlmzFDaHOo5me1NVwLckj
PTS9wEpJ-OGteFthJL6VZ,SPOT,mWqOH8mQkoGBB-i7Dlf_j
6v3x19RAFyqdp4nCeplc9,SPOT,Vu9FYSSoesO2SoZtEUFov
3k-N6D6dcZHlBh0B6lCZV,SPOT,7Ogk8nmYXGCZMlYoPNEop
cqHgkL-teUmjtTfjlwBz9,SPOT,2j30iE2hyRcU6ZrwRwEt4
TndiA3d48twxUXrNrA01N,SPOT,6nCgdRLbczzwiCV6lMChd
9QOGPDBkFo_hTLEnXxJtl,SPOT,8UTDhe8Tbk5-Z6qfwO_95
lXswQz9fKJAPmz96KvA92,SPOT,dmgYzorXw1jcgRNchd2z5
gs1T2lHftboOTNFqcKbvm,SPOT,3t4THZkSfHaxu-EvTEmnc
GDlqLKult_vTHHhjsW_FN,SPOT,YhvEjZM7VNqhnuCEpATJ7
Yw3Knp0bl2xH-EGVAMOvA,SPOT,hqYPeduv4OHEz2XNHg9J5
fp_VV6JWR_sNvmvnp7Acf,SPOT,2xVaEeaSHNYGlh_uQdvL-
jErUELjRWGq7gHBFBJa2K,SPOT,TfxtuQWDyUoY4w52jnxev
ZxYCsCk6rFEWBKYTJXIXn,SPOT,PuADP2hVlwhtTjnQnoIlr
gZv172eSKZudxfW7oKw62,SPOT,Pbjs7HFC46GdlWxySRkUi
p1HZaHoZBxldMMhSi72ud,SPOT,x5_docqLLwF6h4BW-0Lt6
9OwiNd5V4OUBnDHI01arY,SPOT,m6PsiYYVRduNnof7KadpO
hDy57z93QpeJQj_HWQc6p,SPOT,FmljldIkFBhA8AX37Gz9F
32ZwoZeE0K3auEYW8OrbL,SPOT,vGNc4yMB2xfko7lyde2Zt
sTYbIG-gjLdcnzZVQqR6w,SPOT,OnwXF9y2KiwUYjWmiVzr0
oeMi_3wokDCnG0XkjJnRh,SPOT,5xy140uxoy8U2JRniD3Y8
mG2fxMC4i0e7lsJULPM5q,SPOT,qh_6KPSQNYQl5-G9pPdNF
iT_RfahGu0P502kkhC6lc,SPOT,kaLut15nXzCXIjR8_MN_c
4P07v1EvMw8yO4m4yqAqv,SPOT,1bf2G5zOgmTfeZLB1MY1w
E95v_jsvjP54JOPq5yCkQ,SPOT,0Ckd6qx-Vleno8ZkOLGsY
7u4WRXou4MNm7WXV5PSAQ,SPOT,Coa7pt_TZmquwl24wJBcO
wUESHeaS0yyoKq5j5dhkI,SPOT,cz8MaUu-1YOGw130baLSv
QFX7ZWhyjdyIsEXvE9ac7,SPOT,SYBMLYehCTH3SHwy08xnP
hrrtDvyoxbcHtD1_sgzTZ,SPOT,tYNHdCnI-BvQpcpCAjdyD
PBU0hlpbBE9gadLb06GHL,SPOT,l8vTwHik5Q7YYhjT0zybV
b_mdEiIN4Gx-3s1rqfqsD,SPOT,rpbOcR9x6hre5XmsY6hX3
PoIaBb_iTXh3QnsIWp8gp,SPOT,r8UGPaHxtCbvyVFfyNmMh
LHeYDAG_UvKq8MD1ZdBSW,SPOT,Z78l6gLwZpJzlQCCH3FRV
cXmemwcbeqx6KHkXWLbSU,SPOT,XkVIRUWcQKdULa8QDDn2C
kwIoBDrhUSoaAqcMzanaf,SPOT,MJeowmEkggn4ZqN3cUUaa
gGj9yXrs7NGboM714qCZm,SPOT,nh9oPP_ZKCOPox41qvAHP
VBFF60T5H2C5hAa9BY0aZ,SPOT,In3N33zoHCEmaw-BcpWxK
7Rp8hmi1A4foeDQlo63TG,SPOT,I4HkQhqOWO6NBtoyN5AVG
NIgQ4F7_DF1lwyaCuFNro,SPOT,iZCJHZTp3bcwAUs35nB-_
I4rtJS9Ks9cNvDLtwB3X1,SPOT,SIxtNDLGOYkVBk2dli8t8
Vk5x-Y94mBwISwOfXe1AG,SPOT,J1cIFXM5yK9H2IJeVgIIy
LlBoCMCc6bPGA0WzE6Abq,SPOT,TSxd9F-t3m8ZsCnoUgpui
fwJCy7z32kkb420G1OaYI,SPOT,tleA85Lx2BiOZaaGIGY6S
FIp-JwH7sg1AXnfMDPcPH,SPOT,44ahRSQdJcJbAZ9eKsVvW
xaQwbdGIDhGN83F8Vgsg_,SPOT,C2F1tKSEfLy_gW4rl4Hum
M78BmUNYmDFZpkzSgB5Fz,SPOT,cmZVmVhLAqlccIZiaT3bj
ZYmR4_ybm9GFQoDaCYZzK,SPOT,j7MzPWf5WJS8ZD8B8OKSC
u6EV9kLV4xeiIg7d5gRyA,SPOT,Z1tEJpUlJThsVRb9cdg0Z
r3hvX4iUb0iq4pH1RqYll,SPOT,DIZr4tuKdF2a83IJYk7a0
dikHgZvIrAoHFBMeMeqjt,SPOT,hhrKf0bnsuvTfZFKBUoxx
mUJdXbKZqYT5uPi6n-msd,SPOT,tZmkELmOwFt0FPZXtQmft
bNUA4XM-vc2jUBabgfb3G,SPOT,kJHJPtOOSB08ujW_R7C9N
6fYT3gXKJhgWZ5n1lfSBa,SPOT,goy-faNdjBOycKbmuyueJ
QYoUZnvIT4cHnU9gEAOes,SPOT,u5lo_OEvhheQayq06qc7O
-cK3xSCsYm1S9cWDAWhYx,SPOT,tEwoHx2UKw19ZxBiHFcGw
yEAPUAjIjLGCK766zMaSr,SPOT,QTn-ueLe4jARzRywWuwhb
W-RJh1Zkp_TbuSHxELysy,SPOT,_jpk0tYmc0veGgrhYIqa1
o8vpJcNyBDRhkJSEODVE_,SPOT,ZSSMDqMX5HtdmV6kBOhf7
5ycFd_8nOABZXizAYpE8P,SPOT,LZ-MpjNk9GciwPNhepwIE
1ssQ-7XvI6-sCNfqqA7Ag,SPOT,SO2NJaT9vvkacBEamPb-p
VIbRd3z3fp-Qw8DetEUjP,SPOT,Md8Mh0UwSBbbPUlfF0ftP
l5brmslWP_BrVGW5jRCC0,SPOT,nGidJ67Mg9UsJPEvyFnwk
EYBygY-M_74p3M5vf8Dzz,SPOT,-N-1ZwI9I3zmQpfZ7_HOf
G-3fH5Rvu05MRznKuekTY,SPOT,z_3Cuany-9erVkiMkVZRX
TQgRr4lY76iDN85JwRT1Z,SPOT,aLLXbyZBmOnC0F-ZUiS_I
X9hoVeIlqOLvOuW0Yf3pv,SPOT,r9ztkwQWmcMOXZII4zh7p
yT04dOcma9PA5dOyh8cJ-,SPOT,7g0Et2iO_qqae7JrsTNF_
zpBRz2v0teZQx-uDLXkZf,SPOT,EoaTiepiJ1GCL5VFvVbnz
k9IvrRr8q81hS8hqltRn9,SPOT,2BwXmteAiOTA54DUjj6fS
akXeKY4vIPI7UAO2khYnq,SPOT,ugJjCiNe8inOT_-3y0Z0L
JTsyIHs1cps8AulfUyqpQ,SPOT,NGjvGO9jZxoNtsqM0Yv19
PUioVysMmo0gkVpLkF6Bm,SPOT,Wz52CiauWRYPX4u8XLEFJ
IyHuMW_Ftw6AmDTQXEAdm,SPOT,qPNmEFwel4_6moBPMvmJv
OqK39v-ei-S0UfrpO2E1B,SPOT,hbiu6RaGHpdAB_nOY5iN9
6ZsxrNmMtTv-RW-0flXpH,SPOT,SqV8c85rSre3pdr8ZyjjX
UtkXz4vtZ037GduLQfNNx,SPOT,LPnMmt6lEEMpELIhjrL1v
ZV0DcTcY0BYlukRLkdkJ1,SPOT,gMdXMLWA4owdZrlDwZI2l
c7oAkSMmtoIuwIZh0AWco,SPOT,QCSP2K2iRrBofBQ8G5t-c
hTK6SxnXj72fUCpuLzpZ0,SPOT,cRWz5TwKklnwixtjabRzy
ZNgteDxCJ3cGHMJY5J8aA,SPOT,LACMZQqIzmgvXdHRWVLFL
cpmO3-euUjyVMZqjfZvkc,SPOT,MGLRhD9PeLHNZ91awjWWb
UiLVgocLGmdCBTPds9zDO,SPOT,xOX_zx9Wxz5SHVNswN1gj
hC0ai7LCNDDtlGGQyGXmD,SPOT,mTiB2gaMLZzv9CwbbBhpZ
5ODlgaNsVWaC_3tGGEJJ5,SPOT,V1r58GTuzYWW-ZtvWVrYs
SEBpuHKn6Hh-Ph7BJxwAG,SPOT,gLzEB772iN5eflVr_PQcz
62yLe2e-tMlckUQF9_oVz,SPOT,h9F0O3Uvy0C4Bv4Hc7rEb
9bUQ3VDoyuSCKNnMO7XEM,SPOT,auNSIFHBdDQoQn6y1kERM
JWzO4rLRunSHNySiG2K8S,SPOT,DMDTRHOPpmcNAJ44M9O0E
SbOwvYMnGtY2WMFhBd08E,SPOT,xZWtV11pbC4ue4JqYRMNg
rorXMLuH0cdXUQN1ny97p,SPOT,IyDVjPt8hkA--JiqkV6x-
b3G0QmkCM0VJBOUuiNY08,SPOT,K0vxtaJfGSROOzCUZPo3s
ac3xEf2qgaOTnQgIJdBGV,SPOT,rxAuC5ilBXM6cOQ5qabu2
zaEWI75KUfU3_LJpwKemC,SPOT,Ckj3fvF9lFCh2mnNkwWfG
l3ZIDx7nmUR9LL6Az4Eq6,SPOT,5DnNVOFlc4LYRRmrWtvVl
U257JMhxWub50kQLFvnNv,SPOT,HsD9qGOcX3NV0evimayfW
av0w5hmjLOvua1eEGIKeO,SPOT,7SdJgxxRN5oGZdztxFfic
3d2aOKEft08fhNnW_sbm-,SPOT,hk-SqQ4wVLO5o8f4OR-lR
cOr8902D3l49ovw-ZclZZ,SPOT,tkWiOP_tx0VpmHXrzEb-a
0-HBhP32RHCg1utdDMPfK,SPOT,V44FPTfoIav3-i0bkltp4
gIpqldltzmL2u0oDDI88f,SPOT,rMIrJsa-3lOkGV95nZRZ3
Stxc6fjz-z6yiYi2Wtafq,SPOT,4-TVSNKVrJxl53aGbNUzB
VM8jeKJzWFl9wnY2bqixc,SPOT,pjUmzZyO-h2B5G0hE1NeK
b-v2EQu0XwnFGetXVO0yb,SPOT,kAcUOcVYhZS5GgNHJxxQm
DdNtZEZPb5xTVEy2LqnGm,SPOT,sL-otPYQhH6huuvKeO5eQ
hddZBtj2PnR1yQUL76s6z,SPOT,H_03cBIDpJ4zsNqmVI6LP
PH_m_o1Hy-iNibToDUUJq,SPOT,wXqudJ2wqajj2X4VKyDcx
qsPjF_gxBdHlRPE9ZBsyd,SPOT,2iBgXyCd8X_WKGYl-d7oh
59RiiKSEPeZsfDpJK31cU,SPOT,sgoqojl_AWwwQaQZJRfx5
do01C1lGCDoFkvBK60Vbb,SPOT,osfA941sp3VjMv-SSnYwJ
pvKrhqzKBOWJY49fe4-bE,SPOT,5HrwIS5NV9Je0XxmsN_ey
24fOJkZzHR7FCn2CjRRlG,SPOT,4w1Rwd2wNEanlk2UVPR4m
cKj5t9ltUjZQFu9QGmUAt,SPOT,y4GBhdLiVUO4kxWdmQ5Y8
KpykNKmv3f5pkhka9_00I,SPOT,u74fxLCyTuvFxFofOVQ-r
Qptel_-N43dQ611cnseLq,SPOT,54i0-Uuh8J3N31n5QdA_h
950t-bjzkp_pMo9WHQb6f,SPOT,GhPqQF7bPwI7PBgv_ks_H
hUWkWKK_IjLxq8-Kpi5jU,SPOT,OYKx6__uCLYsXRJ-vnU4N
qAwuqGwtX-DILWCgc_Dic,SPOT,3-K1IUO49wSP7d974r5d9
HoVC3wL2PR3vhHSaC3Cz-,SPOT,ODyBuEOxgPgRA-ncSm-3-
fM3wcM1YbD8E3TPlqGgMr,SPOT,DOjQcwRdfiU1pnw0Pny9b
2Hi-vz2ON2CVEDQJ0lqYE,SPOT,L7zdLgNGUhGb3JW4B_xzx
S3YuWrQUNo4VGtY_Sp-kZ,SPOT,cVj-kZMkMyjATa5mROsM1
xVbiEaru3ddVOHNQ8DU5k,SPOT,4ObXJ6opNsKXNaFBTwSMi
oO9GhF5RpSFPCe6tnwqhY,SPOT,mtn6Ier_sTRBHERVh3baO
j5OwNkRkWpTLDn6NivH_u,SPOT,cZCLQkdjfwlYNX0_umNFl
-8oC5irGdR8OXZ7gwFJeK,SPOT,dzJh6nLg4MA32ek7cOgi5
dh79PMwALynRq7lubNf2q,SPOT,Nns8FfKSkjSGGZJHoeB-R
K31Pqa3xBfUMj3ELF_ZuI,SPOT,gnCKkPi_ulzcTfu8ehdJE
KsJMttfLBi-OD2kHUqAwA,SPOT,F0V4VASosKdsIdspvko27
BHRWSWXqioWWkz3LFt2M1,SPOT,pH-IX31cdkZgoYj--JNAn
qMLe8T2sRIbJ29TZT5rCi,SPOT,G83tpO7Iaru2195DvwXM4
aDASh2ai8bA6HnJrmge19,SPOT,8wREQXemrtiXhzpLSDqv9
iey5FI9spSD-8DpoBuA1V,SPOT,3FYn3hd__I1Ktezm7zGkH
m0F4irjJSUjEx-32rvsq3,SPOT,cWUuJml8i8pGGnuElbXna
iyf8lydaHBcdqHuJ5fi2v,SPOT,lGnu7MFZvRrymG0q-XnTY
9F5H7OG7Ej4FwAI7Dzb84,SPOT,dGCsLIyf7VvB1Yj0N-p9a
eYWt6VMSgj9VpFJmptCzj,SPOT,9Xp4mnWjTv_PFYjc8U-jU
rNS0YMvY-NKAEX7KM1uUt,SPOT,kHfwy7hPgF2_GgpXfKZBB
U_g1TMG_rxPgbpTh6_e0b,SPOT,5BU9ZAjC_ACLHDneno2MV
IFZB8ST1_abMDOSDqzCM7,SPOT,NhNOnXnktVA_r7MXeNO7T
oANJ349zm7KfTlGWcz7hs,SPOT,nU7lhiGe8g-K3pyfxW4cL
GvrhG4VhIETTfC_vUS72Z,SPOT,-iK7C272Sa-Q0KAqejTJq
VViLp3cZaVxgZiP8PM-nA,SPOT,IDHoLi5_PZu4ScCtM50tg
w5J0fW1ghzpRW5-0rBsUo,SPOT,ukMU6OsRlY3zXqy6g2EVt
wWaxPelNiqNpTderqX7da,SPOT,moTyo5K9AGE3vGAeg0Mak
E8Tvg3QcND2J0HwLrJFsS,SPOT,iGIxC-kU22M7sxGjofde4
awOpe9waNoXfnRRy-TwnZ,SPOT,KR83c4VH6FRZ5ZiP3o5f2
MRQUajfhqIiQBZtlGyZCi,SPOT,shV4hR9-6KDN2Pk0EnwbT
X_Uq8mPpIJwwM2G4EcLUY,SPOT,-TWWX3vdhObS-3r0fuBSf
s8DJp7FAaY8h-fiougc0a,SPOT,WLAM321zwf1D6jv3sfzc6
0Ysd30BQICmPz3bhqZqrs,SPOT,URwo8q3qTsPMt8VpnTQps
m3Ric0tIB7EMcG0WS2VNd,SPOT,66Z1hOKzcwM3hAXQpGEa9
gaHfnEKmj2QFNHBT6L5uy,SPOT,mD4O3cjyas172pvkhl3KL
PCQK7ugYn4MJd4VqX77oZ,SPOT,rPKqGfAVsOD52KhD39xK_
t6bAX9fbSjZ69SsBa2zFb,SPOT,ZZQ2sQtJZZLTrY-sfk73_
w9hflUQIInTYwuZteFuip,SPOT,vpU8qC9yFeGCDwA_6Fr8Q
HZ7nznAyHovakYfltmYoP,SPOT,BHxa4hKSiteRahWEbenB0
2C5z_kg1x82gXaVmelTcI,SPOT,GgmA4YpkW47OoDo9nXNtb
JJewTjCRAIk-moVc9zxTx,SPOT,ioukvd2RlC6TtS1kyDfRA
7CVxQt4kUCFP4QiAwiasW,SPOT,3121KvryGrkTBvXwfLR_g
RDkwJb3bM2B3hAUTpH1bz,SPOT,H9o4Ccm0H5dQoBKAovxur
shPSC1aaAFV-OgAGPOJxX,SPOT,V-UkoP3giAwxBtUgNsMDM
_YC-fqoQ1eCKwjNIbhoy0,SPOT,fIHR_nPClq8nwYo5FbVYq
shFz7vAcMIz0Qwf9ulPkG,SPOT,5bCv-fAcXBn7gBAW8EGMm
W6BNuokKGrYBA5wib0ueR,SPOT,HJbanUYANgScxBEn1Kz8G
-dDRxJeOiT-ku6UfZ6ngd,SPOT,zZNFW3_EH5vXNjNIe0FDf
i0WMm6qNiG8VO8uJk62at,SPOT,cGATuXkbp1L7lD6d4DVSS
C2ULJu599h2K--U7_Puf9,SPOT,8kqCpnN-mwquBOrnrKPO3
mmPclxdFvkMayhwqMfywm,SPOT,l6gZLfmvUjWvP9sXctM7I
pwYbfv06DNPmY2P45WSAo,SPOT,6VVOtEsH7Ege-ACFPpVEr
xInS50SxJqhkQu8Z_LfVX,SPOT,ypOkqx8q9NJOgXxMpC0mI
MqEGadx2ZFLs34bYAbiFh,SPOT,fOZQk3a9HDtnGkzD8mEHy
P4u5fr0S5XPpIkJ5T1Nqt,SPOT,Dhu6hs_5QOQtsZ8wSmiWx
NmVCaOzoQt2mQXCg4vd31,SPOT,8zdk2dXQJ7g1jHtJtCnJA
xM4Ohq11IOL5mKxh6HJtQ,SPOT,2kknQJUH0yyYVWSY5_eeY
rgc8mqmudCzz-CV7ZFAFG,SPOT,tyXgwk3ANaA3RbAaDZ51M
xY57amUf0EtgJ7opyqMBE,SPOT,2Ty4sZiwV57LdlDDt1GuC
zBXgTPkEXGRu2PKOOIkvW,SPOT,PhgCvDlJKj2rwaRbDT326
_rdfKhcYX_hXDx7VcBcNF,SPOT,pfZGGBgJwJMPaFA853XS_
meLfG6thorA4O7exhvUjV,SPOT,FeOkzcZQTfoMQ15OFWFzb
wWfIsSwScB480neHeDrEc,SPOT,YXmjFo1WEXHqF-cCeqq2j
G1rgTu8FdVtHhdgj43W9m,SPOT,N1ytq-4EPnsPh3GwCR8a1
U9ZKA51NLV9QTsWpOHLVY,SPOT,yGVJ0YqGGYKSbFqfR6eV8
kCGOxogXhcqcvrEU0VESt,SPOT,ahK8Z4xRU5At_0G5SA7Zd
02--CI5dgNzqAGP3myKO5,SPOT,246FmHIJFIoJXdfxEoD4K
RvJe42zrAlqxaD8t3JUl7,SPOT,CqFlw5U5hyhgU2oZQXG8G
JF0y8KY8FOnBsZtHSSgtU,SPOT,4kAAiwtkfAd6ss8X_LGbb
uWVg6d9GDtT6JwYGk73V8,SPOT,ZH0nhzzJklac6Kj-jY7ED
Fk7DJi8EKOkk0HChKCaxY,SPOT,NrTANlXoKVyBeOElR2vr-
f6CGnAeuv3v7zgmU6kTdf,SPOT,L9XEqLX-GjU40_Ho2vLW5
9jogOJRyWzwpp_a2hlUJ8,SPOT,MUdb-GxL0bSiac6LVxzbl
FuSvgTFqmxFNS4hgJ_z05,SPOT,35cudufOFHyd3gOb1rYTC
Ppe6jEWJgSpksAlrewNMS,SPOT,tt8f_s__BKJJGKIjBqM9z
zhtLbrN_WXmp1Rm0s619i,SPOT,mySSIY7o2k64ugcCPCgRX
RhQ_3UaZRe5PL1r31Xj5-,SPOT,vrC4rvlzgojtwurC01SVz
C9ENjuyLw3tfs4Q8h-Crp,SPOT,BnNyn4UdWLM_7VcLMQCmu
qG6jcMAn2KNjf6CHzcaf7,SPOT,vbhFExAcD8o27ENkpVYYF
rydTRHk1TampBmqc6BY4C,SPOT,wzUcyZqgTfkQ6m2Nm0eyD
dE5QxedjSXq7lQ5oaJkMI,SPOT,e-W4MGwwS7w59Pilh19Gz
DnkYhoA2TRmIp6UMU4KSf,SPOT,yWFWwyK47pzwWXWBmyhWC
sGfoIc7xQnyu2dLQKhSrj,SPOT,savCCZWajqvAPrcn0oQqG
En52939NLQ58RopRheRzw,SPOT,Jaga5E9DkwCmEsx1TtFu4
8lkgL7wjQVEiXn6R6KXim,SPOT,yHWx5WBpuI1fFjEqI1Ql-
uwQ7wO0Dgpd4BsK_QNgeX,SPOT,zSjru9nHH7ck1ny1aNBjl
coL-ikY-8gRW0AYUKKdpv,SPOT,tbeIrXeNJZKO7G253mg3R
3Od85yzd4AypmBvpkEgXJ,SPOT,c8bz4XwLkgLuYoYoLZGz5
RuNbFnyjNhZsJR_cDpA3v,SPOT,f9vOl0S2b1dMZOxnWk3bU
rlgqEDBvL5YQdlRYZ5T4N,SPOT,oJh62TU3eQerdLN0jEmWX
Dz-2laEG2cGGVeitROPPj,SPOT,nDMTjFLlVEn1cwSy5j3WE
OuHgS2SeRRLguTV0hI-ks,SPOT,fnhm85PuwphlJ1Lm6lAtX
FSVjT0BhyQq7872o4xyLg,SPOT,3j33dTttR_PoeDZUh_BUQ
BNYeRt3pyOGqD6dq3ZojV,SPOT,xPaY4xop1ikGfBAmRZ3B7
mWeKXrORDuQi6gmMUu3u9,SPOT,HEu2XPGW2kY7Mh6TYHeVF
sp6xAGpa3zdMqYlzexbz9,SPOT,T4fJSH87jmzGTwBX9szjc
jsYuLAIRUGCV9vtBO9mKA,SPOT,weju0N_koxDiVj00fE3PP
zlFLYAy67V6tLC9xU0SRv,SPOT,sZJwR4b2l27CMkXMgdOxV
kb9W6IrFRu0HDBuEru1rD,SPOT,6eF9axU1svviD_gBseV68
VS14rmgkwMx0FrxVOPnow,SPOT,gwlUvIEsGIGcDLmw-8QFI
0pAIAbpcwxuXHhabKprI2,SPOT,UKwXVJC9eMY0G9ou0FOyk
Vg3J9VM2PWwzSNpWRLUDI,SPOT,jr1t0qV3nvOZ75fN1uVfy
-NgzFO8dsix5XckzxYESW,SPOT,c3w7wHRDW_20SYc7EMqCD
W0kVlNzaYeSURX0JHQNvF,SPOT,c7PDaaKdh39n-l-3g30mo
FAa8UID56ZOXuW3sS-VbE,SPOT,glPSSnb34Z8QrkX1BlCIk
hSmNDiuPgW5AP9UCt_jVf,SPOT,sl_i3wUkU9HquSHkG2lEO
jgWKjEQzamtmf7AQM8K8i,SPOT,sc7pLL2nBdkPU4xIStjaX
Bb_qMEg5K9QISVwJH2YdC,SPOT,iQVnN-QDEvG81Qv7reVmk
NOfkbwa1MxvunbNeYyFFK,SPOT,vfrTRgSLkVIwlOrsPYnZg
90szNnOgwC6HI6Ebmyxzc,SPOT,OMAyOyT2MGt-ubwkjY_Hx
2WGhcN_KPc4pmkXF0ZHXJ,SPOT,Tj6tz-0CFethYJFUf3JyM
cL7jjpDnVbFOO0-SAIa6A,SPOT,8Yy5BjDQ1kTlodytyin4l
06VEuy5_cxPha7xv7vdEm,SPOT,ljxzfOodQY_DCTr8eBwpY
tQFy4pAwD-q2qW3S0UTVP,SPOT,J4PT7mcKIIcxfqqptoopu
NpPopBztgG2JHDKBNCRjI,SPOT,6NzY7TlgI4vE1IN14gsTR
gw781iryHsGHNeigw7CwT,SPOT,eQDD6jywDTP1caq6kDnV8
XBNIMrkvvDdsDlh2s0zCT,SPOT,tvN8a2KkXqYa0zVkj9TbV
veAByQvL1rV8Yu4Op7FfE,SPOT,dXq1IrduznP5Cqu33iSIT
0ggI1_BeOCJw98xZdYd7K,SPOT,8AxeVeHPpF2w1k1kyqG1i
71-jNq6beZy9zKqp8rhTX,SPOT,23-Uvzwd2VKnLzZlGkBtH
Z4TQItJGDkiGTdM_qqqhL,SPOT,OFGDQnzEZGV64gI1NCMc4
8D20c2apPwcZJFaHO9roK,SPOT,LEtESLN1mEMFAivFTU26W
1nty3wNSz3SLhenF0pvLu,SPOT,RUKWRw962PAqLBO8qjCDf
2Q7byYlQLbBuygsR9cJ5y,SPOT,MH8DpvbvPh7JaEcSOZ9x3
5pvEivgNr8JxjA9WAwDq7,SPOT,OZXRGLihWsde_-53tsdrC
lC130Z7BHGX7dAhgKyDOz,SPOT,ZZXHCKMoArI_Z6oLI828b
jXp22qrg0Seya1Uo55n3f,SPOT,6gNnCqieE69uEEdX5xgS5
_TaldVkgK19VDCfn0q6nU,SPOT,HnuLUB6gFUx2QpuFwqwpG
pzCAalSMq-tZgCFPjjszA,SPOT,smYGB3p8j-JrTBkoWoOxG
yt3oK-rU7E0kkXKytWEKV,SPOT,S8JSh099231fAvPcP4h1x
e30Jv0d_IiRr7c8JTOgKv,SPOT,aeP1frnk_z-cGBdT_HlH2
pldATxVmhINDu2W9iX4S3,SPOT,m_DdEyt4wa5NJYEFNYp0f
Hp1WLYOS0T_vKvgjuyrv0,SPOT,LW7EQDX3oDzxRwOgYgD7r
s7MpN6qIXZ9Kx8RvMaJkp,SPOT,bv5LKKsxpuXlmmX7WHe9G
7V2EoiFgndLOSiY7Y5TM5,SPOT,mhaHLK_PgevloNen9z70H
oTHvGk3YQ8SLr_YRu52YC,SPOT,_aW632Psd_L-MtJGJDoRn
AEG4FXPfBae_582YIGPzR,SPOT,jokoLfU2VKlTF2BMoXh0u
BVLhRFf0UJzF8zwpL0YEF,SPOT,pEr7JjUiHn9dU505TByh6
5KWrehUQBSwu0dev539RR,SPOT,cDC2nnCRYbAZEvYIVcRT0
TG-umEuOrZLk_s25fCZC1,SPOT,4_CJusXAGR39X6iKAR6KK
_DmgXXwyGBl2GTz5E5uNA,SPOT,WzR2vap2ZrsWT_2sA0WIC
_57jJe3Jx8JJUCEBYXouk,SPOT,G8P-becJkWSQJJXDStMoF
vA-On_zrWLUiF-uEkO5lY,SPOT,sgzaHx0tWSO6hbeIgZZtQ
pRi2WfUHr5wo8Ipv21kTJ,SPOT,Fsz41vBstJBSSErTXlOfE
6ic-XDMHiiiyYF4H1nM9V,SPOT,5wG5ubdK-s5Z5SMDMN-Ix
HxT7QxeUUz_SzOXnZ16_j,SPOT,cZ9ZlGyS0Twm2Flwmf62s
N3nYQn_k6_PuzLkiQrgpw,SPOT,n5Patic0Fj2WYV1YAabXK
r6DsHjeTrQL4AN6CpDQdN,SPOT,eZ3oFqUtntzrW6pSOSSFv
r4lJjQ12crHjmSFdb_DuG,SPOT,yz9Vgy1AtMCIYW36AhBMH
fs61PkQQr5HSd_B3Lxfg3,SPOT,_R2eMYt8CtKQcazKKDrR8
EllJM859VctOc_Ik54nSg,SPOT,bgBsC1yinm676Nm4zt_cl
nbtfoCFVPsGztQH0Uu8It,SPOT,TLinlJJbTp0pGWi6_k0_w
dlYviDY67TOw83BNP624-,SPOT,MTy9L8-2Z1J3Y61YT0puV
6YMLbTKd-XVvIP6SS9qn6,SPOT,iJdcGKfldxsMUJCH4R9Ax
Mg7kNv5XXCXMeqKd0Mr9w,SPOT,_FLGcelnXe8mbqYJ41Z_3
dZf0YuaoQGkUR-CgzRfhW,SPOT,DHhyt6NJSodXQ4thtF9lO
P4HyuhZuuFdw8F3C8svqH,SPOT,LR1U02p2bx0jAfydnzRr1
pTxABlzjuFtwGvBT7MlpW,SPOT,7lkpuLlXNFD_FNgUmToak
wS-2Jq-E8fkRP_l_bhRAQ,SPOT,ypqxWw9vF7l1Nq7BrbArw
bCKpNsHhzxIRJt35xL40S,SPOT,zQhH5FExwJZkPBjLq1gm0
TIDXF5AXClntSgQcRMQzI,SPOT,3ax1jVdGlANflJQ-9jiP9
FuAmVi3287vLE73u2d1g6,SPOT,VZjKS0P45hvY8rzo01n56
OzhyuYSQBKJ9zPki4lmjI,SPOT,D_4OBeFFBfD0WzxiCZJgD
gR4HShwsoWaC5MY6J1CoV,SPOT,wrlFZkB2l-GmHR41XIeKW
wGOIgDX5niwx0nDdLFaN5,SPOT,ToWx7cSm2DZckS3uHCPV_
1oSua51VLyqu0SGcq9ftO,SPOT,PurSpB-qpYkoONu-1dB5P
JC6VW1SjOBK_kq-sD0pKc,SPOT,HmZO-s8OEKYiQrevLQKVQ
G_QYuyrg9Z7GN0SwS0DvZ,SPOT,D9kqQmagrShFGJmmAhVVx
maKhzrrfa-obVHY8bsH_p,SPOT,OgJmYzeAysQGEVJebYbvr
qBYaiZcO_Overw8il6neF,SPOT,bGfbOZOWEjKxVQhXnfene
lvGEHn7hbFvjfkxoXYNFS,SPOT,v9WKmmjZpWc80PFVJSmPN
gABUGI299vjeZqoBYSPwb,SPOT,2yaCnWNj4uTFi5kmoGOFv
xUNPbUStuzt074F9mAoR8,SPOT,npiORsytNVOQ9Zep-X0fd
_taHgRtbQTgrz2Ouoe_Mb,SPOT,UNyAKT6WxmGnJzfanPXpY
smYmAC21W7l7xJYmM4MjU,SPOT,NgrKIif3oUeNyAecdC0uQ
Mmm63hhHNXBVKeeW1uCSX,SPOT,hDOnGRQxzjQhgr6IMBmPi
R_Zg9asSmpt4bSdroitkI,SPOT,g6MKhapJpfYmrbr3CysJe
tCHT-z2C14-6PD29EIgr8,SPOT,8oMBBbz17JQ9PRzzI8HZf
y0dS44zZwdN_surG4j8fg,SPOT,Ust3FPb5Q1g-LkaczNx9R
9LCeH4oSmZsgCiTdBtN-r,SPOT,o2Chleeg2kMBouau2Wsqm
pWS_hp8ejhfnCQWcolVNt,SPOT,ox-0rTKnZ4swmpf1Raa1t
IR5a86WxKgW3nHxLlDwCd,SPOT,lTB2_svE0pYOkg9lAgzIa
6R4PDIEaAk4FsBLqpZjFM,SPOT,0wVnz2TF6QUAGAR_efUqB
bX7W7vLAlmk9K5lO5Ldzg,SPOT,yZxSjKPwsS2-1xlEP_LAi
OD1LXaKKSnGpqvmatyKP_,SPOT,tlvXmSyYpECXZMApRWRxe
aa6ytkzzlvIrt-PoqJotk,SPOT,J6xMM-qINzPZ-hiP2AGpn
N88-OAbQuhmMqzNHl_Kcc,SPOT,GXJbrNOPYDc9FCQRAX8vQ
azxQhIV8vMHvWO-XnMgXf,SPOT,2h0oWbsYgj3Lm0uR1-r9V
WNJ04kd5Ddd3Ks9YuLiOM,SPOT,tPWeg-3oyTKEXF5AwLY2U
uSBgeWQrnTS9VG8V2uIa4,SPOT,hFpl4v-CFZyFRCd_GhWir
v-U8lTbXEHqJnxavXkS7o,SPOT,pGFxvFsGhh5MUTOOkXUTL
QRGEw-mSpjYrsY6mdCzsv,SPOT,0pCzl7R12vKobLAh6fRgp
L1jwh8aM8srwfm87SMYae,SPOT,sl7Azp-Pc950CM6pPpobt
dI4r5VXJamO4A3UsnyTkV,SPOT,--I9isC7HUB2MJotbgeSk
diArJYMeuOxcnrp-oFoIR,SPOT,zolTNtO7BW68ynJUSiT3i
6KirMz5H_Zy-cOv1DrCDB,SPOT,bjv5wwZTKZWAOuXU5lFig
R37fv8TDrDIyjV6HZDzGw,SPOT,I6gw0kFuBHsOT7MKNEcJV
K9EXjNBC8CxNUSrdeZH0y,SPOT,L3cJOGuraIXfr_97MuA3M
wUZUEq_d2JS6Z01gqrBNK,SPOT,rDw5vQ9BmlnXSGi-I1KTN
pu6wLNgCVqqw9o0pEPGd1,SPOT,cLngvfNfEDdX8vxsV4h5j
JGDsn4B8fsE088E0n2Ujk,SPOT,lcvhPjbiNuX51zCVAmJ0v
mtElHl4xJB-QfUHNJgQH_,SPOT,ivStGGfb9nkr5BOg9xTcN
9JlD64ogGWPnLVnlSsc4o,SPOT,AKo4KouO6haBNeuQNf4oM
Nz6_Td9IGqXVZqooGEtHN,SPOT,uGGsXbOXAiUAvC7de4yDB
Ls_ECleKy6pTSOVHw9HEf,SPOT,Vw2IJngCNSxapzs4xX5MG
_4bW2dBVneA0J2CYW1HXm,SPOT,lxtvcrS0EK4sK-B8UufK6
c2rUnTpuY23MygsTvxUVN,SPOT,_woYZqSYk5IBkzu10Vs6X
Bi7cLA4WSigEGrwanI1AV,SPOT,1zNL0uzdltDLIQ2pMrLC4
ZsBwWe8Yg7tBU1cob6dRc,SPOT,-k_i1HG1z1VGMyi5botny
DfQwqoepQOiVa7ykDh4jH,SPOT,ri2PK_uXJIQyLQwocRu3f
R3oeeOXxMok23sggLKs3z,SPOT,c7p_Zq6t7_CbMdcZglRQk
0i8eQbRM518fgNJ5ST3ui,SPOT,mYNn6r_udf5J-rFZP-dVY
2BODt9Pxk4HAFx8ccpkjv,SPOT,GwEelOU-2NIFT56HnV5iJ
a3Gf-5E3TO_mrOO9ueWtA,SPOT,YWa8GHMUs5nb-fSpwwsdT
aHfe4TMvmAjsuNq14xD9A,SPOT,Q0RwAynyOZquNjHYo4g9X
Gs0idjtlPA1mZ9V61b-5m,SPOT,afDCvq-53wMyVB9GmxmSE
61_bYMqvxxgdNYRjzxmGf,SPOT,-BB_NvMOlfyNrb6pzmp1d
FKANNyC-koz_zRd6Uyx1J,SPOT,AoVUdnPqXknSTHPHZ1FQc
SYSmL7cQiJIH4uPdwpVbY,SPOT,q80MoMEF1OUWtOM0I8pXx
0XQyl5mKXrhlE2a0zkFk5,SPOT,NVS9A7OCAeIY2Smud7zlF
PtHEQrVj7bDsRYUpiwTLL,SPOT,I8A2krZixvIP5fDcvLjfb
_Rte-25x9YgwhKKkCr1ox,SPOT,jrHZJV0SKHWWXBLKiFHiu
5uEY5dDaOhGsb5DmUw6Xx,SPOT,gcL1rr39-FOyv9garpA5e
7_VeMfI-11KA4LGuJVOqY,SPOT,x5rvYZY8AyxBtb7qoK3LE
KM2iC3CZh3224eG3GED-R,SPOT,LEDOkVeuHkOUvHsGMGMq8
Hjk6jjgBy5oDSJKpS52ij,SPOT,hr8LJqcjgkvYf1d9rIbLK
9aSKWb1YzS3EEUlCNdAaP,SPOT,eZ5_vw9X23RxoXhNEThRm
5iOdt_XN-E4ysVC7q_t89,SPOT,_Xghli9JCV-g3P5rBNe3e
qB6-8udG1AWPaNDNcVUGc,SPOT,VHZEwkAqR9YGKRFtSZ65I
oWwTs6nviKzr2eAvCA3iH,SPOT,RWrUhd4unO4rWCg9Ek4pF
itOj7t9ioJaevwR1_XgvI,SPOT,xqUSJqk0wQlvTRGIGD7k5
qIbPTcSwB1qmPXequt-FD,SPOT,sf9IxDthZCPYCKsj4l_wf
FV1hnD2Fkao5gMxOzVBXs,SPOT,_N2HoVL3fwNVw0IHL9cgz
MayNZgY0kafwUuDH-36aQ,SPOT,YlhoruGxrBpMcbCwDQR2W
pExFVIbR9FfPj2IyFNI2z,SPOT,HVevteoqVRyofgScUx0Aw
SdbC863XWPVUNvAkJ5D34,SPOT,Q1wqhxVKYPYi-tPg48sX3
ewnd7kSYvZ4Sn-b5cIlVh,SPOT,hBgVYqztm2uiZFKctzjoc
REv_Yfe-zhsuQzHsQXK2_,SPOT,R2gDpLqfpwQiX6xnFTUG2
-3gwzhDL-74RP9qCwx0-i,SPOT,vq9OT8aCfQy7fYs_Yutgz
FvMl_kB45bR6HMWYEbSLj,SPOT,Z1PiSXJsNZMki0wIIE4OX
9v8UMTuNKyrdWx9RtiaOE,SPOT,IvVuuRQWTLCXrAIsBN4y4
HdIQu4byCcYv2L7D_j9Uj,SPOT,Bjl_dCDxpsNTcewdj8ZV4
flQdjQOgQphyIAvRpUols,SPOT,ekXJqRhxE55n7wepQj6Gw
lJ79K7P8mGUWF0osl0LmY,SPOT,2cr9_Y1T9nm-7qoEidvAU
1c7O4_XnthKkFBXJtNkw6,SPOT,rtnb6c6GKN8BIa-BArdYq
zGFVjTheQDi2E2PReELFu,SPOT,qWIG_yDT30_CPyIom3G5v
gwpWQWLwJiVBdopKDNTWd,SPOT,NSXhTgpbXV8olhXVqT1m5
HFhWYozxs99ifi-XdM1lH,SPOT,hEsO4Oeh4pYClvKjHc07E
jdkIl9WuLup4CgTKQj_Vf,SPOT,UYP7aTCYazT5GpnU5qGeQ
F9q0UulUpBQA3ZeJ1Btk7,SPOT,EceMUZDtV2YCAsGRQdb5d
zngVzyVu4NczgbzO47qea,SPOT,Wv_t8ZCDFhAe0ct6ZJsBu
QlsRPID0sUs3LkxlRvdIS,SPOT,IgEv61Ao6DojJz1gXSbhD
O2Un5Jfr3mhkycYF5G2Mc,SPOT,WXhrECJaenXtVNN7KSrAN
E8bJRfw6ButvHykxpQa1k,SPOT,8NtkjxFIG18FmYIQflAW9
7y5KO1KJVbVPKrQrlP-VL,SPOT,_0tQhWnUbxX2EoQitDL_g
YH6aOmFvBULuzZRSeoDr6,SPOT,gvKdLKwhplRPDgKqXLlTA
Z2oqbBDEGBFggHpCPwxz3,SPOT,kb_PMX9BvkcGBqD82drkH
_BCjuJxzt-mtb36CK_h3n,SPOT,MgFFz9SFth3_d-hHfUHLS
w7BOEG-bxVIwMcWt45msB,SPOT,AjknKwAz9aY6diaUqisZW
sum8LEldpHKM5nAd8dLwu,SPOT,w7qY6Mpc6y74mKjwAYnUt
m7ywQG8sjWq4dPAil1H_t,SPOT,IrXQk3J_aVcNaRd15FCsM
JxGLlQhPdI7TNFhdAv2VP,SPOT,lYHa3ocTA1aw_VPeppVLQ
dC0XDT0F29wNof4BRabr4,SPOT,gF2OnNfB7y9fNMnhPP9JN
ygAioSj2aXnGqp_KQiMCh,SPOT,FP67DJTLk2wVFudB3lirv
7dApVRH_b6FJNbpaig7tr,SPOT,E80kW8-n4lOKbuPEESmDc
PCh5Kb66GEOzjHc6Mqi2k,SPOT,aan6WYiAOlslp5x_7jS0p
KmttIdb48qhpvk_UFAqQW,SPOT,fQTx_CdFeInuaFjfIvL1F
CPENEk6MLIKpH4UAP3my3,SPOT,bMLKD0aNQiJnaXNj4H_GC
6Nwap0Fh2RBVzXwxzrksm,SPOT,f3OMgb-Dn6jgA9vKasm2G
sZVMJAs-98HSqiGvlNr3R,SPOT,IiShqtY5NyK29e719_Lxu
0xfG0gLwV_JxrYJxtc6Co,SPOT,x1cNPqpMM3voe5G0WvupJ
fx-CU26gM7MU1hn868_VN,SPOT,r442ErS4XyTCACirrBbsV
xIMwkDw9TseGCerQTMD7t,SPOT,oJJSwcE14RThvAdEkxT7C
AlwPOltg0J2Nh9PT4qUvg,SPOT,bULafFZsEWEro_VSzw6_P
AOejj1bvfGgRktTrHTkBS,SPOT,52A6sqeHc7FTgkf7Ql3F6
VwIwj7jIJk-tYWbLlyxg-,SPOT,RG9ihw90hs3RpwCYiVYfI
iIJrR6u0RDWKuascr4Zju,SPOT,eOrp9Dnl3fsBBJnc-igIC
D0aR7mFoj7gUJk2MjL5FO,SPOT,pip5LkZxbIZS790kl39tQ
zBhZA0HzmvKGBc_Ym-oqB,SPOT,NsYtq4R0mPHQz4xC_m9po
J6ZgfqvG57CFAxZR3MZ6J,SPOT,MsRbMNimr0uRSeBIbyWDg
X2ke8vvvcRXLBmUTCKiVH,SPOT,JzhYvOF9CLrLxkRgaAcLO
BFpcdrp8j1Iw4Cz5OIYtV,SPOT,rvpS4GuZQnBM_VUNPqAmZ
t2X7dqJ8LuzJZPeL0W9H0,SPOT,ENVk2p9fSKsPOUU5yxhUC
8UGZV6CZKEPnQvomTUH6P,SPOT,_U7Z7bCTdTm3DFAIHFCaf
VQhonXeLnRa-2ru5c1WNT,SPOT,Rt99Shm4SQ4nJLv4S3PEV
I95vo5Yt_yojNnXl0dyRr,SPOT,HgLo97ceabvLX6W4kIYI9
4DXVw5kQuP5YJgsrKJdPz,SPOT,ZniQM4H_2qToCfwbWxmkx
COPVvOg27eSXXQQJGZ-pr,SPOT,9fcqXmCodQ6oXmzmbIGSy
4T-Pdh17GR9yZUWO-CYGR,SPOT,wzpb2BnQtfl0YekfFqS6s
O0i7NxyGPCwR5tn9uYo5o,SPOT,evv-LI2Ez2wOvrywybFTS
RSOFsXMbI1eLQpQnsu5hr,SPOT,roUWcjYISBO-MjXP4g0Lx
zORvbsfV-Rbgi2mOqDlBP,SPOT,55NA2tt4Y5xEXz2lcfz4L
b1GQaq91NCNdeMC8uUZx_,SPOT,CbaD_xemo0UhDE2gBG1mx
8nI50zbZGE00o_oNgY0Xk,SPOT,NM6X5bEwCcq09BjwrIPZm
XAmfsWFjydvVhx2vvinhv,SPOT,co8JsF8UFhXxXYWjoz9Mx
z5ukl3Op0KJhQFySny5n7,SPOT,JvTwQ48_PnsDawQeY6MfU
gq9qII2xb7mIZAerHBZPs,SPOT,fS9bXtxgqz6M6GR28D_x0
uUdqeXodntjR-_C1GIYNf,SPOT,KhTbuHN7q2cI07o2c_BuV
ksVkcl4i7eXltG7VJkS0p,SPOT,kl1f9BBQfToFS09sYJzAP
xlzJl4ojO3lygAOB9nL7s,SPOT,typD_xBilqZR-skJqxTNf
E5hLal3IoAxu7D38SGLyo,SPOT,26Yf2bjZZqcORg0ijKaYd
SkAiJ1-6uPnRuw-e8kGmC,SPOT,Vw76lyhUOJjJe4UfsVUI5
JLa3FtsX-hAjuN4rAhJ1E,SPOT,_81qskWy5I-nC4qfNNy-Q
lxHAHkAflQ_W3z8FuXDLu,SPOT,ox7JrdTteu8hg7_D_A-d6
liqZSn0c-OPxykANQiWy4,SPOT,ZFVbKX6V0Ecg3_rnhbaOf
3ktPQRpJA4MB7_-KSsqTN,SPOT,knAjcvf5t-aQai-f5NnLA
_INGSVHfgSN2U099Eaase,SPOT,UWD8khwzLv6lBOGqSETWn
59k1wTPcSlT043PYK_XkW,SPOT,cDri-Od_Dio6-fpDug6k-
plLmvN5K5buPX3oihhEkm,SPOT,DWCHRRxdjuIajj9LAXm7q
SBuCdE3_Ap1FH3SgGBaBh,SPOT,Bn7rU4AmrXfGxqJ23FM1-
y0CGiVa2gnMpK4J-rcqIm,SPOT,yX7B6MennTEjZJNuOUx3d
Y-PEqbRuw3xFpRldag-k3,SPOT,PH_8TMT5AnBScuIUmiOH3
KYNMjjfccLd6S9WcGFsYl,SPOT,_LqQsa7oIPpiNWlQHpEXZ
QeDU9f0jqJUktvk0GoJDc,SPOT,yRVM5_lp_KB3cdPk6cO10
o7YR747DPj5hNolGrPdn5,SPOT,sykSn1XftxycVD5Qs6uT5
bl47Lq6P-kfCT7lnqDNoZ,SPOT,dT-IA-9-cmPRreexkcK7W
xeX8qUxhCcNJV59hzt_DY,SPOT,ycsmNiiW2RxGezsaxy5go
47PEEYrV9UadCm70G_sU9,SPOT,T67uClorcXjchSAjJJiUm
UktnZZdem3pVg1j9MP59V,SPOT,CJvOyiFgL4XPFhCugM9MN
xTHycfyMwXPGYBYxdpvO9,SPOT,lntSGtlFZ1QSPWwMRfeFQ
G8fd44tkn_67yZu4LjWzO,SPOT,KJVyk6OxUAX6Db8Lnzh9o
oEfXaXrfk5ebWdnxBoccq,SPOT,1CMkoc2fR_ENbQT23uqFs
L-0wpBQx1awWIJlFKspFt,SPOT,R-fLTdLLv5GofzxaGhQPF
8OOwAvl7ozBdkzSIl6HNc,SPOT,FZv26hAia0KTyzn9Q8VLD
8nHKeTQrZy0IlUHC2T_iq,SPOT,JoQi1PjKzo9hAE7LLclLX
k1iL571cJk5ANpK96Jfn1,SPOT,RvAjb7fgqy3R-Raw7LAd6
uJnupEisit-ngmwMS5yYU,SPOT,9q9lZzAcm6qBf0BCbLuSs
eFq7X4xONkCAC8TEskM-w,SPOT,pBJnXm94U5cKJ35GXF2rL
uWy2pRXsxQcbuCfs5v17M,SPOT,-M0OIGDgRr82xn1omg0Do
_VpqZ3_6NgpzBLgHhxv7-,SPOT,n3JQUDEQLQuKnUbVDH0N8
Lil5L0VFrv-mtXFbVRoU-,SPOT,QQKg5xw1ZpF_eFcDTnro7
fxKQKcWdUHsHAz9ydhWT2,SPOT,mCK_XKs8M4o4_TAOIGS7M
9ExHv6H_n4wQlqq6Lgzeo,SPOT,USkJf2oumleOD2w8xoTDH
XYEvBiGPQ-Pw-tLXUVIb8,SPOT,q6B5EAcRRTnEfj9raXJou
JML8uoI5g-0ibuHSxPF8F,SPOT,nAgBTnZuzfbzkocM2kxIO
60Xh79d6WmPdPf4vkedvL,SPOT,gLjjlNBThadegyUncjMoB
3bB2hXC_EpFDnQ7EpfMt9,SPOT,fLVIibnO9qyRXgm8CDBhF
yBEeTRW7ObcZJbgYssdXS,SPOT,Fk6jhAvcs9SMzWZDL0z0g
jHjwbVeNoFtdUWdYO2iUa,SPOT,yOL-8ksrxe6aB_-uDo7bp
xJFDriaQhKkN5Eak0U6pa,SPOT,V38zih90WB431JpVOMhc6
LoUSZLdWLfZgycqkCOjKe,SPOT,hnegt8fbsStuYuy3iaRxd
LvEmw4lw0v-fomw044nkG,SPOT,ADjrdubMn2diSY6WHgJZW
dnFTYVq-spwu1eFWoVOWo,SPOT,BG3H8ySV3ge--rSRJm743
w9JDhH6iatvdbWacWOCNE,SPOT,2fV6ZDCKFBeMAn4AOP8BU
8FGqhPPvDLfA7vbN63_ow,SPOT,OZ7btwynZRJxruqIbbOR_
xscuRi_TG2cZBPlftc8BB,SPOT,HkIZExibQ38wJZoS3PfVC
toy3VxzuoWQnMdqOawnpb,SPOT,12ptvTSYjRIhyN7Df6_Ok
nadp74leK8dCOkKe1xfOK,SPOT,0pJRc9cHneFRsyZprS_D_
QMjC5xhqluH8j1gcHlOQT,SPOT,D3b1Kdu7uyT4jstoyaiP6
zMah18Nt7f56TPLLvWDgA,SPOT,Eog8GPd2geJeX7wu99Y-E
JV_p3_Vlm-kdZP8h96YWh,SPOT,sou1OEEuF19S4qZ7Q8mU4
2nPRK4ZIDoxDDTsHiQEc9,SPOT,NIVMDwoFj4zsfSEbBpKwp
VlsBPCV344RWsN2an4pZ8,SPOT,BNStuAJi3OikbEsEFyGK6
0Nkzlafe_HijoUYD31Zlb,SPOT,Job-_DwlpHWRqv3tH0jmW
Sv4ujNVjY6grMeVIfnF4D,SPOT,NapaYQstzLMLR-vhHflPV
fCwffG1i_Oav_cr9HIbCK,SPOT,tnuLHJMHa7TJiI-UHWy7X
18CP7MreOShT10pv7P8mm,SPOT,Q4jpCoDexF7cCP-WQqIwS
k90NcnkIK3gNO9tO0J08F,SPOT,Sav-_M7wGE0nnqCl9n8Y6
oXNDp3mVWNCYrQv4NtK83,SPOT,dpxUWQ2Y9EClSglWnXrAz
S9DCAIDkfkF5VLEwzdiFy,SPOT,um5mPNmHmTNaR20BxjEDy
6FTtdlsU3ILMu_rhi-xqK,SPOT,6c6qAgVWEdKeUGhWHdXkY
r2uyG3F5VoFKZQxp4riWQ,SPOT,96dfzKyU3f5GRIv2qvUeG
LRA39MtRLgHE4gVELudbP,SPOT,Rf1CmrQZxciYuzXmTpWO4
HD15B82SEKm_2flJFboAV,SPOT,I06mgEMMyt_7Jw32t-B_z
msdzmJzJ6XZFsBEdW7b44,SPOT,VJU9isX5w_Pwd3_Ej7TZ5
3C7TJ9RvdORoYFFlVCfU7,SPOT,rZBkuWv-fFNWro6uUQXAg
fe7097NI0eyzgLSBR5llO,SPOT,WmtfaVkfYML75BbGriObU
-NBME5yukCRoClmvQzzUj,SPOT,fsDgR_7QY4Zs3oZ3SDUME
CyHinhWsYR-rJDBwItWoO,SPOT,uy5BqG4ekGa5ZEssvUcPN
gusfsGpI-RWxffbDAjKrG,SPOT,yjynx9-cfFqdkGLzkaVlx
rh_7A5svfq18KLUiRO-3g,SPOT,DS4RLOKh-nXEuF3vYk7o9
3R7nPoKXnhpPilO2idyal,SPOT,3JX5sTMI4yzz1WcehtlFm
mP0YFGTZyX-OPXxVbKLfN,SPOT,gAYYgpZbnerQO-osYoGRp
11pIeDhrV0iHPSNkL5CMQ,SPOT,v4WrZ-uFv8-4aaOO_kOjs
MX5CoMXytXUAF0nAtZvbv,SPOT,drgyPjuxntbjWM5_HSBKQ
wdEou1PjRloJNlRLBIiYf,SPOT,g5D9B9dY4SslqMc8WyW5Y
TauF4rsdZ8Jjk6EFobHUP,SPOT,129W8by43_447q8kcaFlq
yMKwHwef-xmy2TCPJYt7T,SPOT,nlP5-W0yM41hLp90qmxGH
0DnrI484W5nNY6MVVUsFz,SPOT,Hv-yN4L0C5vOQgvpLmW1j
d2nlZVvqjr8hRsrMaEb1p,SPOT,OilGkVnXEx6ULHy443PsL
ZPsiT3lmu6B8bcErCe9Tf,SPOT,PDJ64VR2Mer7G5Uo6vmJ6
yFBPgj-qKXf3GZNCfMBPg,SPOT,AApfk3d1ktiz8gR3OFtL1
-oj7itBT7aZgkdSd6MUOu,SPOT,xcaWQnFORGP50eIiVTi4N
B5YYvrDRhLcPo9qjrqpqe,SPOT,n08zOLEWWyRG3qXVzJ-xf
bVcqyS-u5DHwFA5s0EkNx,SPOT,ry2j86dlVcnWE3QVomT6M
xkzL_nMq_ZN0hf6_p8VPO,SPOT,3ANk2jdxH7VBxWf7qByNB
Wn0k9wxUqWrSprXqhBbLW,SPOT,JyIJ_hqEIq2PHWFosvzkG
qbTLv3JSgoPxe4keIYHzK,SPOT,4NFyWZsET7cH86aydmWxM
DEeYb38pc5ADtTAJPSMt5,SPOT,g7-0uf8YucV4sgSBdBL3R
1GW1wcHme9v1EBLHnZh7p,SPOT,GBxm3JL_PZL1IJ2ASxy1V
95woeDW4vQObcnmoCaFnv,SPOT,FsLr1gZoTCeyTyKlUQQ09
2v8O9UVbzJzpTymdQ0LXc,SPOT,8ZqVKcLjGPr1_W1ZodW6g
NleOGQgLxDhdOwuwhyh67,SPOT,ZTvmIIa_X69Id38oYKBiG
CuwX8U-G8g2HGpSmN8zML,SPOT,kK1hFSK8y8Qwo4eM0S-zO
hd38oA-LV1Js55SX3gSxG,SPOT,f-G_MUanJg3h9cHd_sn7C
K5aXbWosNNZMuy60vmBay,SPOT,tihDvioLsDY8J2_f_ehDy
5nL7oTr_8i7wZtLQiYw9F,SPOT,JBclAv9E_ItB2AbQWempt
881aTg94FoqaDVbWah6L2,SPOT,sHiZWC6GZ0_cTUJVa5EyY
IiJhFIN07ljNQKyDVWb1m,SPOT,QdUOLZm9ur5OCZy_tzB2k
hoVPzGT99UbZwhnfII5Ma,SPOT,JKY5bLEvKb8fhJY1-MFaq
5vGyFEFsvUygEEwAp184S,SPOT,N3CI8p52BMKjR0S3wZX_Z
wVHx4cuBhaxwQsZfKcYWX,SPOT,mLKP3eMK6_iVQ-Cs5yi_n
_eqtWy7yjf5xw45oT_x8N,SPOT,io5M2bgZ_jyMrKqDrVrL8
lXv8AvPMW14rC08cPgw5c,SPOT,zkbf_Fv0uFXv00W_Z-OIR
zebqyP5K0nPDf8wZm7wAI,SPOT,piQEZrqRMFThJ4SjYYiTz
1U8HPE3qc_X3otDcqng8L,SPOT,pa4_yGHAh9C1hFEMYLfke
PkEtxFfRoVx0EMHDgrmuT,SPOT,AF1I1Jo7ViRLZfubM8yNy
aa9C-sdmoNvx-LjghLNP_,SPOT,jwaCC6H9eksM5IN132e1U
CSbGhhPyJjfEDFoiTCUaF,SPOT,K-GeazX0OczOAc8QI4_Y0
quONSa9_ENsxf7sCTXbuV,SPOT,S8pPtTx7nfQGp-Fq9CLUn
McJAUyYwOvgP788qG6inp,SPOT,rluFbOZquad30j-D5cBJL
J2Pg0brevw9foB3SQvJvr,SPOT,I99gWPXkSCLU3PaYHmgnP
P_K-aurz4dLjWJsfqk9RD,SPOT,n32FC2t1Vs0zWRuPFijSw
vkyVQK5Z8T2AvdIYmdshk,SPOT,_xNaaOhi-whtKFIy3u7GM
C61gfQEIK8oYRRRN3wVbl,SPOT,6UpPdkuLVHzNTMMzwsnLw
sNBrqnVZ5EAJGB-YgJJ2i,SPOT,tc0d5XPGIIbRR3zr2I4gV
GN_1HaDamXOZGer4pK0sG,SPOT,m4tc7MTkGpRJI4oLY6RCW
OiWfw8nBhe23IqzYjScdv,SPOT,IA9gD3bASMQL2ZQ0oM4zp
jCqoa2xWcHU1r1_0TZRPJ,SPOT,7xADFzr-8cmpqXTQv--qt
IO-LB1xM-WoyduXtv1N19,SPOT,xP8fOjLVe1txZOIB2FPpQ
4Po5od943M-y271XdHSQ2,SPOT,JbHDVP877IcGyiSa7If8m
olViFGXAf-fsEM5HjZehH,SPOT,-UeMry6r8kfxGTScHagEX
n6sXtLPsD8BwENczYwPnn,SPOT,XTi0ocY3EQlQxs6zz25vz
yXSFDR4b3KR1mewkI-QiM,SPOT,a-GTkfkp1s75WZH5kCBPk
Aa_jD1x78VZcpHgvsk_zD,SPOT,OGl8ziaoT9lKkabnEnLUy
j4E8V8HNZjZbdWtMpAp9w,SPOT,ExYwFK8x2vvzbNly7D2Qn
f3ZCWVL6yN-JU6sWN3bFv,SPOT,S05w2Juskun52icqmnFk7
zx9DFg2TUp72O80N1dDUa,SPOT,L8lZAP20S5LtYT6GNfl5v
gRPYWtna1L2uc52lWpwkL,SPOT,yhhbm5W1x_cBGejn4jFlR
7caH6b9gF-PiJY-otG9cA,SPOT,2URf4nQjKiuIWXLwDCPFU
o3x-CVVzZOvj8urf4GLkD,SPOT,FRw4cbeMsegUYeicvvXed
49SAnqJRlU2nMkEdxVkyZ,SPOT,1kgv_9vW0fY3z_JyQ1hhL
8nT-yyiC_d-4xzoY1OPbv,SPOT,PRhTjun_MaaYt2fMbGeO7
-W6SUquseraytkFRj6g9d,SPOT,DyrFWdsjUdQcfyx2PAdYD
EjYyU3KUjbYTes_FQ3z-k,SPOT,YG4qm62cgttki6Sx2K0Eb
0z6FLEKye53kCx8D4QerJ,SPOT,MDwxskj-sL5BqEQ-KCdzJ
9K-pI8yFt2F69bN2azgW-,SPOT,Ekrrtbd8Wwt753RHEOGP8
4X1Qm4-09fpUXoFUimBoW,SPOT,FCyaJXH9YLdEmijYpf4qe
GuFzxp1CilALfSOxkCxR8,SPOT,aMyxozurwHKe4eoDAG3-d
8jYVb799zHKjYWPCdJrD_,SPOT,_pdt-OB6l7a0bKvBqg4T8
HDfPY2k56z9qU-SK8Gnvu,SPOT,LFmninP_tzVAgZZ_HPe9I
N47xsLHKO8HfUoLNesTes,SPOT,TT0DZdQuewTWwy5K-UeD0
wl-30lcoBXfEiVhCtmWpP,SPOT,DeHQIq7nfALyzthVpxdMo
BNuh4P3MvDks6E2dObjHa,SPOT,NUPR1FzNVun7czU7OC9VW
RNI1t-87oVVGhnuPxWlQv,SPOT,Vqg7sAkSvYJZAAGgH_JLU
GrDKyE2leNrjs1DaHwH4d,SPOT,HTs-s_rgmq3sf-4yz3dWs
hijtz5GQ2Ivn96VKrTaoZ,SPOT,xyoYlSOvz__piPrhkEreN
-jly3-Bap4Ef8JNTXddrf,SPOT,bJUIpwaoATIMtQ__5TVIi
1J5D4ZkN9tUQ1T6sQPwXd,SPOT,c0JqAL-9oTn980aqPvJhu
4hfKhdKGHB8cM5BpDhAJj,SPOT,4pIFCrGfF4MWebkY4RcEr
LojL_o-t3zTXgi916RV5a,SPOT,eVMoKtbR5e-4nClzUFly-
l8_J2kFzNYQOJNa2I8tEn,SPOT,k6yC14opWCrO4EYVqO4Xa
Dxon9sudoOAqDgeac3dVt,SPOT,z7sTC4VPfd5jd_MQdumyu
3yhsMCBt68sBmcfqGGGVg,SPOT,uQ7rcvSStQTy7fqVC8saQ
ANOs7Hr9sUYGy0HQoVwGu,SPOT,v6M1iGzQD7XesJSW9cbXC
VjDwo2BNKdsDCwnymrxAF,SPOT,Vv_YBfmK5wRpb5_fJWVor
HQcKdnWB212Cq0vDLl8Ds,SPOT,hD3z53BUo7bWXyBoxA75n
Foz2ShPyr9H_n0n0QJmri,SPOT,BE6Ih0rZJe7oVrUlBWwx2
YLEGeBU-PE7HghGvFH8Kp,SPOT,XQor3qSrjLS0QmYchg_-R
AqxtS2GqffZESU5edRcc6,SPOT,XulIRfSD-X2JNWfvLBdwZ
BWj1iJeQP_XWCckTZGD42,SPOT,ZljhEiLghKtVg-Mt6pwKU
QGXG-yoguIK8bPu9lDCpc,SPOT,ryLY_8_srSDpqlpInGZoJ
3GzPz_1NZ3QqxMbeky1JT,SPOT,JGMNYzjIGfIv049NXKbYl
dpAbnTj8TDAkYA4sCQnR8,SPOT,l93Vod6DD9FiQoL7ZywAF
lD1ZajryHHUzl9hGOkrfs,SPOT,YSkwXi6HYwx7wK4yvyut0
psJJi0Nok8dAv98IRTa6e,SPOT,U9E0zLH77xWlyh18XTNuf
Gdp3IsZgY2-qp-_u3YA6E,SPOT,kufd6Y6cZEfGjCLwibZcj
Cs4vYDColC_AOdj9qlzxp,SPOT,l3X9bp6TWoYfklFshknHF
EQwoXPuo4sYHA7VPuegR7,SPOT,yqSvvL3MRz0tPTgiHYTVZ
7wXwP0trcOPg6JPJsVpKg,SPOT,ilTkQZ6Cc7t4Kd0xC193V
XJWu6zEycT4ENB2UBZILR,SPOT,7B51KBWuw3uyDa8Z8Xncz
TxzsdLQY0ef3JA2flPRka,SPOT,yxT5jHn9ZDyfvFlJoc9Co
EOTDp0WwiWQbxrujjrtOM,SPOT,p1OO-kfI_U5OlC70IK3a2
3Wo9oGPkkz2-FIIA4Wc3x,SPOT,wINoCbAhMsWfQRcTdObnO
DxMZJq0eino7RPlCuC_84,SPOT,5KmXt8a-LHEhwLPLImzsq
AyKdGue9nMywa1L2V9YbV,SPOT,29R3QIFqyJuHh0QgfnokG
ktM60Pk1Z5fWToQMha2WC,SPOT,DJ1DvOUq1tzWqmDsDIrBv
jWE9G1sHhvpibMDX4J4Q7,SPOT,88hMKNdnpUjGny59lcoWd
PiPhu96WlpU3iJOx0Zyud,SPOT,xL-A_kiubnL0c86HqM8f7
dx-4LUnzsVRg5wE_h0CGd,SPOT,iAuZMIy6g3uV0jPVxBZo1
Bp9LJxcKvmnSgK4i_2UZ0,SPOT,jRrUO3TEK81h8-PvvQdb4
VtOxCowT-KjN-R2Uhnqth,SPOT,JvkSoBLjt9gP7m4UveyZW
8U0cGlsst0PPh5JCiHILO,SPOT,_p1ZrgnM-oCXEZVfDzKRt
_W6AupO6L3xr_8FzUF1qX,SPOT,GZT5c9t8_95lHTPDrFbPI
fn8Ujd6hg82PnO0HaFo8X,SPOT,aJOUyBFxgLeze1ZkQIB3a
kXutsp-tsAxp574gL31-j,SPOT,wqYpkgC5b-BnjipRZ71W_
GzX8vunwPZ1G9o2rVn7jp,SPOT,hLUAUBv0r6LUXCvWyQEtW
V2SkYA03gzAx43Lu9x0vF,SPOT,QsK7aMhyK8fvwO41fsQAf
YAjzaqAKgO7DA8ergE6fk,SPOT,YAgO-TAyKEmdWPmS430to
I5fMieSnv-HqDConzszTW,SPOT,BwMncF2DXlOj-eYU3MA8H
wpFZNBPX0xoO5CHoLXtF-,SPOT,JUhDWEG3CLno16qVmxDEy
jyWhiTZVX8jTYehXqGoN2,SPOT,yD4U8BnBn1P4HZmW8Ic-T
GQxB8GRM39JvTfmuGQyed,SPOT,bOS6_BwOXI2VIa5OhJZWq
My63UYsxQvRUaRo03P-t8,SPOT,Y_mxQO9BoonChffFhPFlW
Fi9dnuF-SbzDfmj2tR2Bq,SPOT,zWX8DT5X0Mu-S4sNhzYq6
VDbNI0qwWe5fgFMZfqW-G,SPOT,9koaBlO-upeR6NVwwBUks
2u7QCJLb_uQUXlLcEsuBe,SPOT,el8xAksMf-N0yV7KwExo3
uEAXXsbVy803aKLjaKVgd,SPOT,EM4ynByviuE9KgG8Oo0uz
7qLjMZ54ZFIcrGl2AP-Un,SPOT,HupMQa_3mZ7yIPx_pjzy2
4Chwt9o13w8wCcSJKUSYa,SPOT,kxnPE-TqCkSa5sNLWknsT
Ghs9Q2IsDUhVTl8RB9Cia,SPOT,sjZxDJNiq4nIopkrRHpDe
niKGLuN-K4OfAHSEJMkOZ,SPOT,f6HaFiY2G6EV6jGt7RpYc
kZFzC-0BHUPiBR8IgosGr,SPOT,a_1scYM3Z_4YUjfflz-qz
RkQ9IIt_pqC2ZrfxpiIyl,SPOT,UtnZ26FlbbytA6OQkBlpw
Kj1Bm2PsoTapMRD_Px1aX,SPOT,l7jS8YA6aDll8QjgRk27a
vLk1FX9bTgLck4-yDi3Kt,SPOT,2MaQC6CZVsAT5jMliPThG
2pzT4b30YZOks2_mNeqZX,SPOT,9CpuCrB2DUcCWYulslJA4
Oixz7vppZHQllWkrT4_Dd,SPOT,lZex81tWvRUfmiHkbFxN5
ecxIrvy3ztRvoN5MJGgJt,SPOT,RWKtvSM-vYszjy5wY0wAZ
Lqgc7Nxl9_8D7YSf3IAa_,SPOT,cOJGlyn2CyiwY6dUu7H2m
YVXpZaMLN3lW-e4LEZcoK,SPOT,nis9U682HPx90Mxa53VDF
E7nl_Tgu_hhoekjaq3qb3,SPOT,tFzuyOOd8luKGdIMYCGiA
yyyKfT_nXArrgZ5jXzwQf,SPOT,MnKMzXpuV80cRbLBRuZ8d
t6LcoZlMr0ZpEI2JZu7wj,SPOT,PYh-24ovPOnpR4NfVelOi
RXO_a_b0F2u6XVQeHHmjV,SPOT,4fgCyrKW_d4tvMjBcIb_V
_ApRwYIK-6jVB2HyKdccg,SPOT,5osiM-BAvv9EaZyWL-Usi
6lQDZz0bXXqqYV544MK64,SPOT,D5QbVPJZWTeuEe0fEkimf
kOF1EclnwJbCZO0C6ch9V,SPOT,jnTDaHk1IcOdni5j3ABCR
3nLgfqnRkmzyDzejcBFiQ,SPOT,myp_ZuRcbKx758rNMCQfP
jAxRCgUToVxwxQY2kg7Yj,SPOT,L6IdubIA5Po_NlqcLWoQZ
jNyrv1LPujwTN-5r7HuKw,SPOT,WyT-4tutEGTTgTEhJH5qQ
FH0Hn9q9EF-XL2ZUTYXfk,SPOT,SonyyGbDOyah1AMQG-Cns
SQw03x8ihmbREWOLgAPhL,SPOT,dDJwAQ7EZvX8qrg5Xzbm5
_-sZQGHU-pK-kpTuf635n,SPOT,rZRb8deEc1o5C9C0zfs1v
jYB_8jbROo6pQv9nA2AsU,SPOT,0UQldUCQTgwq0Fp_J1dgI
CXIsGztToVt3Ijt4qYDOn,SPOT,g1vxlUFPVz8nkXPMx13yE
FceKFn_H0v0ntR3SdFJ7r,SPOT,ncVXKF2rNY7uV8zTlLjbV
XFkcQGlQjY2bRh606yYpQ,SPOT,tQZWmzpTD3ulCS_aKekHc
JTb50yWd35KhJMOAYR_OK,SPOT,CUcimJZDDDvR6LhLsFvSo
KpRShcmAsmNItIwI_1J31,SPOT,LAnTx34W-iZ94eaILMS6j
RmV2od_l5s8JocWzLyPyx,SPOT,cZ9NLoNmH3DfZkMyAVkMz
tDNRGgdpr2_uyeBgDwA4Y,SPOT,C2IyfENgSxVRTpiR5CQ72
gGJzdRK8MqhvU9YeQBs26,SPOT,EEAs1wKkGnDS8VRVTziD2
2mQ1Um_vILz1Nxd5oYzJm,SPOT,_2rqEUBBxW49_W8hbluSo
bkTWxpfCXkX806qvoEuQj,SPOT,-CA8j1XbfZPPW-uFkaJJy
K6818L434hwcAFlL71qdQ,SPOT,KNE3x2t3cUnyYVlWzym7d
MY_JRLNKPE7C-kFap86xJ,SPOT,6GpinvtwXSa-9bMZOBK-c
_BEOsr8u-UwfZ0xy_4DX8,SPOT,Kz-ajPVKGjdAk5p2QtFZ4
_iOzWxoM8Uc2isjgoV-k4,SPOT,TnTCXzV8XQOghdkNvqMRS
1jlLjjzpLV--KlkHPoeAa,SPOT,KsEXMUD0SXpWxZ8EEkU_2
2sjMIgXLlmebg0GzI5USg,SPOT,PK6yzTHN-GvjZHvYjLz1_
tT7kpzqaZGynkXE0Qd65v,SPOT,2VEcJe6xc_VodwS7S1MIQ
5SCWqhUZTcAK011L-waNU,SPOT,j8n-Y1ao29sDqs3Kkj9yJ
O9JMyXy4GLCXv6_GepmQK,SPOT,ZdL-ZylRg0nbFo2qRdKxU
EkPYps_xWO1cAtc3vYNxo,SPOT,JCeXXmxBUhQjgvrC4cv3B
Ghgf4E0hRT1C5v_ckVqUD,SPOT,V6ixgnszdgQHcF64epox_
MVznSnl551bsT-PbwyDBP,SPOT,uYJk1LePHzmbctDvVXtDU
PQJf4YGPpxYp6FnQ4D2sF,SPOT,lVkgk2nTQZzzRMzLyf0tt
UV1kySCUqs_eT6ifHg2q8,SPOT,5kXWvMrHoKNXfkssnBH8_
31wAdP4RTKBKSNsVrY3Ij,SPOT,NJSC470S4Kh59dyb8W97_
NanumSX4496yA2XNM-OL9,SPOT,FU-z2LjdQad2gmJWw8hLt
TGtG5omkNnsKsM6WAKgM-,SPOT,60pcfRYKVjvrabO4nXAD4
rMRVLOWt4fP5mG7AtQQ9b,SPOT,mx1M-OtlQ_GUyZxUHuV_z
61I5S06xcYoCQfY8Fv9du,SPOT,mbdWsZvzhaYmhFyy_O75z
COCEjyI_Fk3kRKGdTRW0G,SPOT,tHx66-4Jx2wcS0museBIN
d63N7jiZT4v6IEbxgWWi3,SPOT,qawOAZ_OXoJTqvCP01VxW
_yiimjgtso67nmcWFbFip,SPOT,2njHJQXupj-Efczj2yLcb
ZskcAV_VnBwM7xf19wF8R,SPOT,LkFI0Vj7L0l3-7ctsyKer
IaDtJVFF2a1u5rXFxDuN3,SPOT,EVVIUCXp8twb06WBYLvIX
uwsqffBbe_e6exZfQ0rrI,SPOT,FSlZgrcZKaYZ5GtMnDAJv
h8Yc9sBQtJoPOSmaDNE9k,SPOT,d5cTEysMVSNXYOpHigwF5
VwxU4cXSZwDT4VdH3jRtk,SPOT,0wsEbiD-QguGTGK44Ilsg
zEjH_xH9laLZUtI2ANDuz,SPOT,KMbW-JO248S1k2U3gCtK0
M0DSyfMNBRnNg-3VqRaeC,SPOT,vNSmngKufmvvx8d6-LjIT
bCHueVEU5AlN9QLqA7L53,SPOT,2oKSGlBUjsEeEkYi1KiJg
EEi8fnNhMFYE5JiICHpOM,SPOT,rr3QyVRuoDrl7kBvEse2x
PNqntFj5ovOn2Y7xr9T58,SPOT,8OZJOHVlo0a4yAMW_7_-6
UunWSMZqyaq1qu4f2AqvZ,SPOT,U1n528bJz3oVsobAzG2gL
_u5AnMNGYvVviFd3p6xXC,SPOT,XGuAPYwYzEiyEjU3yzpKR
XB9dDJRobvcXTuyBb2Rxw,SPOT,vALwyzjj1cx_rNJguZDUr
RraL9WNDcwl_U3rqkyOxm,SPOT,3P2Qh1OeTIJ8aNlofFvec
lVKDbHCi5zWfRLY17IJDT,SPOT,U5vgn-tk26QfeJwqSKomE
GLYBsmZfJkThscnVA6LCA,SPOT,77CLW803r5mu5MRCUwwUg
_8hp1HpPuAnebPF6gbdB6,SPOT,N1b_70xVTa5kQIS9IYkGj
LoqHVR9CAnGA4IwM_flVd,SPOT,BPKHnj6C6xDwhn4HA6TJP
VAYqDOv8Ir6kdF7BcU9bI,SPOT,h2_ozHEuZhPBWycoFH4Y9
Iq1IHzevlqnWJam0rUL_b,SPOT,7LXEl-fa05iwAhOQDcsQo
ECNBzQ82ebSNc569rdZSH,SPOT,J8I-T-DITC60YSlVDpuUF
9ViR4wo8FbkVvASd7VRod,SPOT,yM5jRi3qHRLX3L3VZq8iA
26NMIsVGZNrNniBt77qkK,SPOT,-mbHzSdQ_qEVBZObmRts1
FctdG78-vgpJUNDf11ksz,SPOT,sltO5EAZhbr6oKn2lpCxf
wlaPbBJRUOQ5EBVQ2GrbT,SPOT,0YRh5Bb6KBFKeNZSRdBW6
uIjYGsZXdJeEeSB4EpuNJ,SPOT,xweBU8QFcGxZGbgf1jkQT
CAue0p0bqCLVGhLWM0I4v,SPOT,A40k4ff6xXBj4jqgy9JDQ
YSs5YPoClBn9-y2KryeM3,SPOT,72WEmI1L_KKsz75oON4q1
yeLkVEpMaizigKdhQkFik,SPOT,jHMh9VpUKz_qfcQdhTirb
kZnfQnlRTZekmGCxNkjwG,SPOT,eijIligdf43-jmtwb_n0C
X1XakyBn00ym7iN-kMmAB,SPOT,JU9lYQEY5bDerXfVZjWch
0O98TBYoWof3NX0DALX7C,SPOT,svP9y759GfLe1i3zXGBLM
WZJKx9l-TFiQDSQXbwSRi,SPOT,CSN-lkeMOsPrCgo-nNU7n
61GNZBRkuSrECh4K3uCjH,SPOT,GwkjU4y00bb-njH70iPuD
OjXQyCnGyjV3THoiV9ePR,SPOT,URhbcy_lLMqihVmbat7Xc
lEl2r7eoS59A3fOTjwa2b,SPOT,8lEXi496LE13euB2d5tXB
DsRpAnw1oB8Yh3eMTgAPP,SPOT,vmq0cj6hnKPIval0NXxAN
6LpdLlQY6Mv-3dTeocEl3,SPOT,1lRKv5GK5r21pr_Mh8hz_
PjEPInqg0N74tlhdvhZt5,SPOT,PVIR-t7Lf0QWgL44EyZrn
AuIE_H8X7Wgdoq-zlwXS_,SPOT,vSCgpfiLH5o6MV1xiqdKB
VJmOFy4zaqTMRj1ekxQPG,SPOT,0SRIQhZ1OwWrjKbQxVDL0
iuhqjiuGeMTNwMliZQRuW,SPOT,8Himyrzski3kQeo-ta3B1
wJnQUFdBhvB6n1RGzV5Qx,SPOT,nHve82QWDrV4cQDYY6P2S
laMUgYj0QBelr5hmunzga,SPOT,K7XBXP_MyqOiy1u8GkuW7
fWPLOOF0q2FQbr4ZjB5CQ,SPOT,djk-hUMKlUmROakYBgvMz
kwpN-fbTLxpHxaP9UV0fi,SPOT,JbyK_eXodICyiC-1lrOXF
KsNnOXwLfTqRKTo5ubKk0,SPOT,ZJkRmeV6wy4yqQYfgnwJf
19mjZUwtt0UndasHR3xNl,SPOT,PQN9BgXzfdb-NyH2IoA1A
aRmSVcq9KIiQD3jhKwdf9,SPOT,v-s5oss6ZzDN_G6KozkUb
FXJkP7Wqzudt234S_NV70,SPOT,6GnZ6oYm6GxFMYOwhfffA
K6tsjc-b5klUmnQs5HsJa,SPOT,qzsD0W4Wdx_hobloGx9gS
Cv1-LT2oAxxECZol1ZQ0i,SPOT,I10g_vK9oFxsEJ4H7mV6W
goHFfexbpX3fJY4tIfHA5,SPOT,Veqh8O1z9G-FuropQNVyY
ncD8tyELtsYVwmM4PtdU0,SPOT,35cKIkzZQmPVmQ4F92j89
yTMz4tR2lkCdrbisLd-K6,SPOT,lJY2VX8xXHESXjkutXyRB
_m4SpLSNaz3G9ULp1cG0v,SPOT,JOQTZXlyt3QTeQfZoUqiw
D4HpnNn6adJ85dDG8VEbU,SPOT,35YQPJZip9Wym50OcE6eF
DgWTlupJvTuSRsyVp8H0e,SPOT,9IrHEW7lStGcl87szSv0_
GncTdFhmDOAuBu_8F4qYe,SPOT,Enx9GpHqugxQg4rYL8Tlb
Md3S4Zyfphvel1SncVI3z,SPOT,K4ZTAarRgx4LFYoNv_4OS
HHDk5ngvq2dXKOvf0_tDm,SPOT,MyeC0ZPgdeYqD-gMwa8_f
pdgwAXb3kB6y2eYqWrfvt,SPOT,yU1IcEvML2l7YFQjcnZO6
Ghql6ziiiJdx5jPMsvoti,SPOT,PSXMk9hDmsxxGqZ7bTV38
H9wpXsAu-8AAhtat3K3hk,SPOT,TBOGDgWZtH5gQlOyDikcb
DXKXaqOPd-rNmyEbj6-f0,SPOT,VnV1Sy2vL24Qz83Z1ukwI
3mXLRk2V3xEbSAWzWabBe,SPOT,mKCJTzbRavtv12iDPVRfd
LVUWrod7pusnJRPveynXc,SPOT,NS-5V1jX9DPxUebLsJ6Sd
ToXOqXHoZuObvQlQ2cXcB,SPOT,kAK_z1UiGtYAv6PRdSFH7
R3jxCPWlXEV7D02ao-pU3,SPOT,XY3qpiRa97FqkYR8Xup6N
2Z3lFMT25QojlKLSe3ekx,SPOT,NuNxNh6N9sDt3qBxcQkAI
cFJie-04CFzqcN4OdntjA,SPOT,9ENdsIOiCIGlGV5IcFeuj
6KeMrcXflGVassc2Q3m-c,SPOT,m7AqBHsMne2Ju8AmqpIzU
2PUmIBcWuqautUzPWg2cP,SPOT,w-EyThyGz5zRAX2fiMkhL
Uax_kqZxGXXSxLL3iU9oF,SPOT,5kREbCKnCsjDgtqWZHvFK
b9cz8Wwt95SoIJWwOiNKU,SPOT,qoNLeaEA0SV4CAIRkiFZ8
_u4ACFvLQra53Up5IFCa2,SPOT,nu-KL87K81bJqmlA6GPIu
SzUJARnU6yclbhk4A4fPp,SPOT,NNbMRxqliB-s6uiKQPKkI
hurRzkN0VDcf1_xDJyhSf,SPOT,X3NA38VH4LmCAn3AoAdVo
EfW3BD7nNxq9dcKG7jUDu,SPOT,7rrERYCiQOVhn4y1yBLLC
16_LdRO433Rdy38DbhAsN,SPOT,VA4dtR9Uwj6ghL_Z5Cn6L
fDt8rZO37lJyODtglxki7,SPOT,p1TSoM-oepi6eZiAbzVOh
s72tudjDn7OehbvRODxiL,SPOT,9Wc8K1j609PTfeV05FSGK
NlPyR2Fw7Gh-HQ2ruEcRW,SPOT,RQlwgw0bvXrMQU4q42nY1
1f1khAm749sFUnSIyfM8M,SPOT,Ue1YWMOgLfLEwTN7BX3xo
2kL3IfFHh89Zt1rkd0Sxu,SPOT,dWLVHUnV-uX4-AQKr_DpD
SWYXlIoymenEfdrQdHoIM,SPOT,-8ZbyEjZHDXva_kiN4GiD
gr3gxghwLHhDk0m9oCN38,SPOT,bfjt14wCyuO3YvX_meKBz
gF66I0ic0GuuP9Ih9ECDP,SPOT,czyKnpoTDnLoE7Wpw7y9k
nlMI5zLRleIh3-iTJLW5w,SPOT,B9eo6M5ffvlP4wRKc6idA
pUXgiwdLn10G0AB0Xgw3I,SPOT,xXmVcT6BVvznOP7psFPRv
rkgpji75bmglV57itasZJ,SPOT,WzNRcaVm8YUFsP1Ab4CLz
Tt9tVApgHOsasNoUUZ3zY,SPOT,b6yD-UXtDZ8jL7egziJRJ
vw4yKEpkzi9pQwvMSut_K,SPOT,yGX9Ht5MW4f8-yijA0qmZ
0BSsbQKk2fuXY2nyhkjw0,SPOT,VaA2_-71iMBBEZwPZQ4Xu
dbxRTbC0XCXSGhH5KleDS,SPOT,Yv8J5CydAE_WhefZ5wxa4
1DCoJV6RUCPtazBhU4h2m,SPOT,K4hjbUCUNITsVdo8IRAb6
UIBjk-WMU86Uox_hMiTf-,SPOT,H6jkwHKHZ-VLxwleXyzF2
gEvxWvXxXDXRxvnI7FcpM,SPOT,7BDas7bCrG3ey5vhtHXr3
mG2WlLQfgNRnKceksk_Qm,SPOT,aOEF5Nbg2fWlRwq0lpnmS
ZT9tCah23wJJVUHUlRabd,SPOT,-u3xU8J2qur9gEypeQiFv
L0ra2V9-p6eeGDn_8nwmT,SPOT,q-lv1JkDciXy6jCwvnPeX
A1_PWQGifQ0PCd-8DphGv,SPOT,7PARNjjk0lLtQd3dM_uIl
pCtEfM6O_KQA-o45nFW04,SPOT,A0Bj5s5uM6E6tC4-_7vXg
dLd7GxvGY_Ls0uxRsIkMs,SPOT,nIQG5GepGhmxBRnuDCOhH
Yq91twdwgDoHrt-rFX1Rm,SPOT,ErApegeollxJOo6Zdvnz8
_rBIMN_PUod2CfwyUO7Ml,SPOT,QTb7ECh1fbCa0m_xeaAGE
9-vfHsABteIp1j39orOlw,SPOT,9enWuzLLMVxwTsypaqrv7
VmUutzl6EO7P0C6ZFjq6u,SPOT,EXiq69U0C8oTgzks-suS4
mu7HgiOJwmOXy5en1dAui,SPOT,WgQSsfAd1PgX5L2D0oOS1
fftMsYpbn8FtSFvpt2aYc,SPOT,TfS4Gq4oeL2KE_0ZVkhm8
nPlbradYAvktvAFTeDA7a,SPOT,8oh6Ox8AUYhOLtaFZMZxs
nw_aLz-Xmz1mlhAWfx4pk,SPOT,Ve89BJQXfelJRxE0rDEzz
BMt2RBS130fn-3_blgqsz,SPOT,WWTYEVV_1iZfKD8dFhmA0
XdIBhwnyb4bKTb5qOY97r,SPOT,_OkipD0Aojs2rdyHJro8e
JEhH1rGm5fV-mFpuubyA-,SPOT,pPGF1PTYK2n09TGUaYb_I
bBNWXkN_l7fblhbxuPsIu,SPOT,zSQ0NMwJa40KbdbKFPaw7
0lGD1fKprnTczhxNlzobT,SPOT,e4UB3m2CciNjaDkeZipWm
GBGmLmz5jMr4dmLGehTJd,SPOT,99y4hwoOk_3wB06hP6bfG
bvujMG-zQnqU7FNYAePNV,SPOT,LU0aq9O_tlgylPAj7-QH0
bw37gLWY465UwEj7YoTbJ,SPOT,lgSrMsb3tstgGEiQFmlB3
w_5He34iT0WWO5_7NlP7T,SPOT,Qgiadg2B5WNSANhCHYeLa
TSv4lfznQGrUk1dq9xqrj,SPOT,mvKutMow85YsZt2oKf48d
k0nUlgoeCCvo_t0L1RgHA,SPOT,HmbrI1GKyv6DaF5ZjFC-3
DMqrmpf7K5PhwnJYhAM5K,SPOT,a3UukpFf3UNckCt2lFd8Q
tTy6gAr4RGIY_KJTZqMe1,SPOT,pT_mkUx6Thb3wy-qR1tGs
M6XIenYLsf0k8l0_gURjs,SPOT,KUWqNVJYwUXw4FmgL41jp
JOT1ZW-hsnWrnhVELseEh,SPOT,93ebcXCOQc65WHq_rfiRC
pTQoGTbAFpkGiwIjgg3Ti,SPOT,eHo1RW24SWDCnQEo_3CL2
ayWHDbPngC5yLaj3-WNvK,SPOT,iJC5x4sRz7U4SM_RZ9KV7
gplWNr87YNnh7yrlCLJZE,SPOT,hjcsa3wY_o17ZnOvHVexs
nbNMeMVvXCbafbTFO1OAk,SPOT,vBbuqPE1KUW7KDoPVCCYQ
Tkgnstvqhf4essbHLm089,SPOT,a5R4uXqv-5HVttQ2nAZas
ouzTftDsejXx4Y8cKJzka,SPOT,9ld2YPajIpuBYuO6txnJS
1L_CsQxiqtW0DpC7M2RYB,SPOT,xj0hNrdEYfHFwzhwcDsKZ
_pAND7We9FqbTUVCJaGIC,SPOT,O7uhk9yk9ckwD2cvLtyAe
t6DE5-RJwmvgOC8-aMnmh,SPOT,blgbQCah6vagYMZQoc7Lb
ATFIciJ_OSgn12981POGO,SPOT,6R7pV-idy1VTUQOjj-wTE
M6AX4_8Ab2pLNSpGaRyvP,SPOT,1heyqGuL2s9IdgO9AEJRn
ToG8MXcwk2gl5y88IkBQq,SPOT,RZbC5C2Oti1Vv1yJroYcH
xrHS_mG8tx27eboAqBaMD,SPOT,WPl3D4s0N33_-nHB5zSIa
eeYrEIFMqHW9bmVRrCvtk,SPOT,9F5CFv-NaKyIhhY13_JsF
2RI3-0CLlp43YoBdEc39k,SPOT,Ed-OmZEjBEQRnMYWmiq6Q
N7_tOJWm3OujVAzL5y63E,SPOT,zrsArzWtUVt01akidWbkc
W9_fQ0h2m7JZZbGecXQZH,SPOT,3j9BoIZGmSwVul-K95e0K
iCgGQsfWdHCqzASqh3oRz,SPOT,m6WRpDpoOV-uhMuW4cA0y
HfF5urtc5_t6lmQz66Gm2,SPOT,fy6kfYU99MW-lzGKpqOLp
YFZGH4t1hpvViDVbA6RVi,SPOT,xcaBgE3OiCpWr1Dbzr_ZN
KWnulrfZhaiT6c7YLQXo4,SPOT,NFm1S8YgTk2yN3MW4i0FW
Z0yyWlGQLq_mjpL68SZjM,SPOT,fUk2CM3DAu86CDXvoV_7A
jW_aVBvxE2EMDvALniCmI,SPOT,oAKaHIg01oaji6QGWp5-w
GGCdta66931r9_OFn_yOA,SPOT,WASMCtk01zdUydpOolOy-
DbdNOlrNhoy2HPs96VH6Y,SPOT,b_kX1xUBd0rU1TcHOPoXg
Vd3rjx1FYKXTr28AkJK5L,SPOT,8qRLyfeCyLDDq96wozTPu
Y-KpG8qA_wzYi1986MN-4,SPOT,PXG1qoVGj_l7cUegrgKnx
hfPoXba6Z9Z9PLnKtnHQD,SPOT,bLB8Cs7SbXBrmF7FIzWxF
Y5NXr71YFoB9E9_a0WUOl,SPOT,M7wGuqEKLlAqLPQRk6_DW
KV9PkOl_xaxp97ENVrDVw,SPOT,YNKbfBjCDYw0lart6FKd_
5e290pT18AKypZpozxNZa,SPOT,34YXmiTmpwszS22NOhkeu
8nZFyZ6WKMdVVXSP7Lr0t,SPOT,cG8fuHZcjsqWMd9exd3rD
-A2VXSuvLxoxaER_0r0VJ,SPOT,aoRDBtPhR5jhtxcOl_500
TOzcxnfmJ3z_857KbixxG,SPOT,78xppQgXfiQ50_bcRv5_N
Qnv-zTAnzJUXzC7D9byoC,SPOT,B0cpaOz6SeDIaAkHUXJEy
DcNwlNTtiu5JMGzCaQyKw,SPOT,3WYJBVMxbVUynM2f8ZCmc
js6ZJgSe0-UIukfpH9Qrl,SPOT,HX5DTGpoASqaWKn_fGcgO
_DbsQVR1ivfkzN7Y_PSzk,SPOT,jgzn2TrbQo2Rb8d2yaTq1
yoh42C0o-pYlY8tjCf9tu,SPOT,eofyGU1XhJTsYsYocrRfq
wxhMFSuciGS4LdgzOcU1N,SPOT,uY_GLl0-sFUTQaCU_BIJS
rErG5pgwZAE2lCfpUm2S5,SPOT,HdSAWmEIwITG64uuik8Rc
xyGwjMmMf-naxsQ69-bto,SPOT,VVzbXgVoPwUMWFF1kzDbP
SbF8yWFX1MtZIu2xEKnnc,SPOT,9JaAQnNSmbCuv-1a4QRgJ
C6fJExT-k9qIRAbuvu3mZ,SPOT,-XajkqLoQYA0t7Kzh3yGN
N7TLJlHXUV6j3iO4PT7Fx,SPOT,mgBmbwI2CJLEYne6mSLTX
q6PMM9mAxo12hbvxpgv4h,SPOT,LHP6wGLwYp0qoaaQpV3gn
7WrMqkvaLsFY8-bFEtL0q,SPOT,DzBd1Bt3cSrPgLB_KJiuN
q-Wyz4DBtQtOTh-szO-Vc,SPOT,Hhq2jTMI5cBjtsq-3KXn8
O84ocsIXZSuvV94eVOI_X,SPOT,BosXRIQCVmVmcqjkIOvjg
-7kE_YniaFHWhv18CR-2b,SPOT,-MFnXTdL5eip1DsJM3S2u
n_TVeuijBfA5yH3SzMBDS,SPOT,w75ymHvA_h_OwseH81Gx1
YI-vUq8JsTpy_HeEEKJFe,SPOT,RXpnlx256cZ0kxX0P14Dv
FO4Ec9dVHcrqYUQBeBJYN,SPOT,ho3ISqhI-EFkUVN8c8CyW
55y8w5LvGe9DeddtOn9ar,SPOT,N8aSjzybeXOvcqkyCyLg_
K-e5qEP7YHBB4f5atmpWA,SPOT,XHHxoL3EUZJZbAaYeYx48
arFFvwbsLZ-kS8O6qu8QG,SPOT,geagIigZjt6hRGNQ-jYfM
_4y-W8So7tvhbCtxy8tVQ,SPOT,le3YyFS0OWZylKoFupgyy
rDQbyPoZ2569tDYy1k6Rt,SPOT,jr6rAINY9mBaFpJwvEk47
rKVsE-f4pCEatFydzGckP,SPOT,j95vvc-UZi3u9qgPlV2HC
rP20-4GQgp2wbyh74kQSz,SPOT,85SLUGAL6xRJ_cuaI1oBc
OxHdZN3ReH12WKh1iGXJv,SPOT,XbIKB6wsZAIC9Hyjsl0-p
LEpmHMvIdbB6dci6h0gLC,SPOT,tbzluNMzI-M0bILCmC-0w
lrIsJoguyozdtyivhHlMv,SPOT,FaX14qtbjwGP0rGgHjmpv
SqYUr2dmQeYrPD2ENC6Zc,SPOT,Tuwi0z75EnVp8NcK5dEff
BYkBWDWaEOVdRD2Ldl7pl,SPOT,AYRkPuaZTOqBKPQfTma8s
X32vo-Gs5D_xRnCGnoP1N,SPOT,qCyvX79bPC0gOFzyqHjUl
v1So3rgf-8Z25_uJ8BA1b,SPOT,Xi4wuZpB3kTTKBI-Hfy1c
0Ot7wEF04PbbNdwTk7f_L,SPOT,tmqm5sl4k4uwJvAey1M_1
7X7Xz8HpIXIRPRURpVvQl,SPOT,8uMESiYSIEpE64jS9_WLD
op2FBBUQ5Qa-kdqdeT20G,SPOT,lEJs-sy84JlBEI1elRPBa
xQBV33PdeEmQsDem07TKW,SPOT,U8LcFMV4iAIX9OWnZKgp9
mbbWl6xnpjnQa-tUGu0VT,SPOT,yDoQywjgSofsmQ0xNJb1C
yvvieZHnlMmcz41BsC8p9,SPOT,1eYSpaDMBCT_p2uGRJNxh
ODI3Hwfr00_sfe4_q-evi,SPOT,pe6Ubbh5eGeuNxaU8HOpJ
-gGIpFW-TjYsOF4KQMgD2,SPOT,ld6h-pqDs7WXgVhuj5jhv
RRON-N74UCmkhvUcx18tG,SPOT,KN8i9HZfFT-RSMCDxhgZh
nDU5tRrlZFDOj7E8W4Lc_,SPOT,YWtX0Jwg0_eDgj244v_RQ
AcnkBzB17zQF4NYuKpWh3,SPOT,gXUKM3Jj2chspEMLwRAca
U5YaozNIgwL7AxCM7zUnh,SPOT,DsiswoQazAl2hOCstCRyH
64d1Uw1kKOqE7BirEgIqN,SPOT,2UgNLPo1Vmhm7QW1fYklK
Mbo6W7wQ0G_QQqmv-ptKn,SPOT,6U9YYIP5sAvo8huD2OF46
rDQEentuvLJWo9WOwnr_X,SPOT,a9Bvcj12jwKonEuX2cD7w
sgojWuPf1A6mBGq5mIK34,SPOT,xMC22rN6L0vKzyE9bwt_e
nDeKaAfl06_7Zxb2RmkuP,SPOT,XpctT-xRRCOpAy4F9LWCK
nl96Xz29xkPLFFs3gf2-s,SPOT,2-udLj3HW5SmhY0koYXK0
IZ9PYCPUrCxgtwDPRjH9V,SPOT,BhywhEnqCeonlq_GHFWwA
0PiFh68cnRcZ_uA616JW9,SPOT,ZLoa62HivsBup4YorFuXT
4YaS9kGhUxiT_gW2yA6HD,SPOT,usqD7nfqHr2zejrJRO9NE
tHooq3XbJcIxJyPdZtUXN,SPOT,EgYyK3PbWf6SUV_ea_H3s
qkf9SQbJa4UMZShLydtme,SPOT,j1jkZJ529vcgSZq5KUH5I
ByCRbkAJb75paVF01viMc,SPOT,4hDKTq5Z8jRVXbrgeMelo
goySiV-m6xiq_mGDBzIAU,SPOT,3yHO6lGEmoxkNWLmJgkMP
bTbaDSTr1lz4RIXsAbidl,SPOT,9-ECtdP4JPkgueLwY0he8
9GqlD4ezsxKKB6OD7T0GN,SPOT,DFdGB_aSZhqN1yPaHBvNA
uapENVLGEepXzZ3VcSif1,SPOT,MrVcSnJEbTjC_WIoma2wH
_UxLwYJ4hJPIq-MfjQFEK,SPOT,vDp6Nd5xus8PxpQxM5r5O
DA0N58urm-Rmut1nIhMx5,SPOT,Iu4LXEFJqxCD3c81ne2gv
QB1y0CK_CYXBz4ykO1zgD,SPOT,tnfZX15vjUHV_hHXvXimM
obf-SN_lkPqrtpv0bnWmy,SPOT,UyX-uoQvj0AR_NMa_EBXB
xKGp9JPvj5hlV7mFQnlIx,SPOT,qLxsI98XysE3kUunx2RLm
jq75yaAnLge9blz1k680c,SPOT,DwF-k4VeWEee9n9kcKqoM
VQvMC77D6D1969RN4SfxV,SPOT,b9VAWYP1Uce_Gz0LJoE2z
bbycxFVkZnB0o9FJwBw87,SPOT,uHbDa29xAV6cYYk_wxIux
KSEUq8CaKFry5v_JGE0W3,SPOT,V3Nj-53v75gVWshuEXbKQ
IhQgBEFyr3ICjT5eJ5WDU,SPOT,Q2atObHUZnsK2JDSQpO8u
fQ2PnlMpMt5mwdLLVcZTe,SPOT,Fwg6mChDtmTz_crpjv8k9
Q5qMbgm8_oapZzNXwQ405,SPOT,ZVES3TDrOmz-R7mAMhc1S
kdjJgC3pJKSBeg-R6XCRj,SPOT,AotJXu1_EelSbNthBXlnD
Mt_Mv0RMvrgspmJ6LYfp6,SPOT,a2uOOgE-1G9EPprMJcXeZ
we_ZN23qM-i3RVeobUCmk,SPOT,JgIX7aFZgoE_eaq_S1HH3
vSj4Vbjj34BegSq7N361i,SPOT,aZ1kqdd7k0_a4Ie8APm2n
HobSHzZVOYfO7Lt9J4Aju,SPOT,QNe4Cmrla6mst8izAwwlh
uEUbfNf5JJqXUj_tjJWtu,SPOT,LmcshlQLcLX6vKPo4ZVtL
VZNX_5iPKFlNJTFiRP7Gl,SPOT,_otPD-Iwq2b-uJsb1vrzh
zCJDBFIS5-deJTQVbjAK0,SPOT,vu4mwxoJgvTW-qKCGjqcz
kbcslYkc4YOBZUp8tCLx7,SPOT,kiwXmqePn8PCQVzwM6KWg
8U9TD-KNJJyBL7YAbE11d,SPOT,zODR5NifVET8jyFQ2xZJ6
AM_WO_EZEEGRQAU_1g6ZT,SPOT,B81Di7QkrsOkAUhv46ZPG
2LMyB4aCAPXXS70Flbto9,SPOT,zN_uF9bXWzStBhJEOFvzq
8AuyYx_UYoDPlVIwsVkvg,SPOT,JE87JLvy-PAMRP1OrPUA8
s-_NQJlk-_KgoKGddL63g,SPOT,G7ONVGW7qdMe5ODrD4xyP
GBXZKC0hLPggHVp-0OBZv,SPOT,c9ol3P55wl0c9AI0GUqGT
c8ZGRFIttvd26TjkhHjgs,SPOT,P5JkrxsGp_CUYkJGCkM9J
P_7lvpQlujVaO3MCwtnAh,SPOT,s5cvH8JV-Bb2Xmc6kvv9s
xErKLSmxe_TxK5Fw7QulR,SPOT,yorrp0ZadUO3-tlA1yeCw
5857mZYPdDKzKnEnmicCm,SPOT,Anlqnu_tYJ7IJ-kG9c6WN
xST5XonomxHYAmeMzdq4r,SPOT,sLZwkrNPDEEvQ9ysN3ARV
tek8Jov7G76J9Ij0wkejO,SPOT,_xvp5CXgTR0txXARIsir2
LBTfSiD7ww9zk13i8zsW_,SPOT,JPoORpZYxEtpFPtAVSgsr
K4JDBrr-quDYVjLFkASEO,SPOT,FS7f1iIBBbsGnOZ1d-8A_
n7pzG0_5taIPwMctgCVF7,SPOT,qc47DJp6Fljd96q7Yxbjn
2TJHfXCOlUHDkDnWONJ3f,SPOT,9kAHCJlLD7CZfvDVeCilk
N4bT6tM83ftYXcGXdNVhv,SPOT,0t8AJuKypmuJ2oWjuiNj-
qT_8ZStyouMSvcfF8Q8KX,SPOT,k7PF2DTQj-NtE4GJ0bpJl
cTNytUYTQG3g2Z2NdZqns,SPOT,hP0ARtHLJ89j0LO2cOBg2
LjEMkZpkGnljX-lJxZjO7,SPOT,2-53KXQPSkUXnIwR_lne_
146mPTWZ9tM0f9xbAupLc,SPOT,4lrVLhau5dY__cM1vDleW
pKBwYbsXKPVrq2rVAQB-v,SPOT,3dwjyqG9oRgP2u4gtpjRM
2ggFr8drvwfhUYMVaAk7D,SPOT,JCDiCSnQT8tAFXEEhsL_T
EJPGJ_uJyfr1srl9kTgPF,SPOT,tYAoY6zNYvcJWzhnWfyaa
0W-pJiN6Q3BPhCX3_yDQy,SPOT,dRwoFiyMvkxx6CPNW9Qkb
MyfNyKt5xpJeTNWayDX1f,SPOT,K0jQBz0ewUNyT3su13bYV
dozEtYb1v6-EOgL4qS2fJ,SPOT,YcQgGZZhNbCcR6xOx9xDr
4BdgYI328oi4dzYULRQCk,SPOT,ShPExm9gaE50WUuyPxsQK
ChS3sEtG32xb6HopEe8mg,SPOT,2uYpbfVKUfiCMQ9KeJkEp
PXNnz8FvTU4GH-nKNFO6-,SPOT,lpCOCLQUnsu1Lcz_-CXo8
p9LiXKFVuvdE8seFdMydl,SPOT,WBqhVlvTpCggbSdKpra8H
HZ6D9T3USDsKdwyWAgemt,SPOT,QGQj8Wi8f_HSa-87F9H12
cpOVh1TfmnHfOJ01kH6Gc,SPOT,2mDa8zItrH1T7-nJnffFE
s1Phmi_HORdafJX8S4q6u,SPOT,D8etSFaKA0KK5B63FZx8U
CKvNbeEk0C5oPrZrN_uxe,SPOT,rjbLgPfnj2MWQTIh9BTmr
tX120_FAcBTdUoKu5JjDo,SPOT,ntD_CJXuO1ZsUBZR2dRJZ
M9zN7KXmAt6Gaa5FNkEOT,SPOT,6rzSqoYaEW7Rt4YGoXedv
UD1JIw3RLZ7vyJt9IRZqP,SPOT,s4BPOlZO_ko0xSe3dOOaw
znbUn71s6oUxnbOIFaRxC,SPOT,DVSfXWn9vbRelCWwqveM7
kFOzOTkRt_kOHg1qQ2SOS,SPOT,eFVZoLEIEpFz46b2J5245
DFtfqgY8MT9mM5bG8tmlL,SPOT,-OmDy-mzwOhPvxErMKaQp
LhAYbx4hzNdV_9yDUyDfN,SPOT,fFK3LYjdpWqqo1VonLY6q
RGHa45nJJYiwcgEqfp3Wj,SPOT,RBXPQDb-kLgQlLNDCNO-i
qfz8Ap55PxVkpp5535HIs,SPOT,Gt4WDNh5WrvZZ9hscsQSp
CVUFpAOSfR3PXsnkyWY94,SPOT,MEdxa7wLbvjWs6vBgejdv
XmcWbMPzd30J1_QML3Byo,SPOT,nAZJhrZVmQ138SDVAXbkk
_hBDzVUBU3KWHpJ5JWNB5,SPOT,ePiDPZDb58UvTB9oUp9yk
tj7R1Bp9Wic3BqHsYdnap,SPOT,DSOIp4ZNoQKbYDC6ZTrrx
c1LKY4pZnJqRPNWfX0lQs,SPOT,LeCUl_qMJzeoLpEzpSGmi
BjFLmTJNUYK_5Wbyu3EWP,SPOT,IOynt4RILwImKAOlDqbR0
HXrEtPUOKxCYkZ7vSynQk,SPOT,gFqa7vmNtubGEa26XtT8D
6yye7NtbJbav3DD72I3Fy,SPOT,0uiFUMx2n8n7kk32KjoBa
LxemODRNB8QGsYSg8jA3E,SPOT,dd2DLCCsVn-Bf8SpO91Ez
E1GF1nu-ZkJcXCjof3Db9,SPOT,DMEpcExyIWusZCrffAJET
n_WR1IG5GcumTbp_L333n,SPOT,X2nbFR2rsDYrfgeD2q3-3
u9XpIfNuo-_KMehmLLszo,SPOT,4KHBkhTvXDnfIFrVJtj_8
iLnXDDdIAOYXJIU1S-fRW,SPOT,XkOcsZa94Ivc4_C2e5PH-
tkJEOGlWZUlI5Wa-_bhgq,SPOT,2zoXmRgvmv6c9jx1Yymhz
E7l50ZNP3GN_UfLbrQ3Yz,SPOT,ZatnK3mNqcvtt8cgbmUU_
m80MevDG9Kwej-UyOpNTa,SPOT,LRUIaSp3LdUrFpIAlVVOz
xSMHATh9I-7gtUy2fREsJ,SPOT,bs5vKDdPrWVHLFIJbSkJM
BRSAmT6l2aW_nxQBXo9L8,SPOT,fwzNd0On5y10WAXoz8DH3
gVJ8Nlx9IvSYvVH6AzqGq,SPOT,oOkeisBgMezx4DWkl6Gvw
uP9kXy7sMr73_bzv0GNBu,SPOT,H63ie4DynSG2kiz1C1Qdz
BWPRWp3yxA5rUFToVQyFd,SPOT,LpGmLFY14K2B3NxNXfh5v
gxp2iWrsr2_au9HNSkSqH,SPOT,7gZShsFVY2s1rcdZxUmJh
_8xKIw7F-E2aKRj0HgAOJ,SPOT,g-pES9dZOKCNSDlwfDpB1
brknvHWOADZ5fBL2gRPbp,SPOT,s8eRp2kRSR68D8czi3W6G
GHBLjwJLHQ10Qui1Z2sek,SPOT,0_wyALeDwSJK4syjExfAV
Tnr-Kbrh_n6xXzA5AY6pO,SPOT,RcmlVz61GcjSLP67NqCQ-
oudt9jtQUFarwO7Hxduis,SPOT,DBPGrVRL0-q9qFkD_Q_gy
y3kKHKnH-nMcXIj1SXq6u,SPOT,gM60Spk9ypTMyZbFN2icE
r5Owiq4TdP5aYrqqTJkAt,SPOT,ghdxzGuvJ39RBFC5nnN1G
Fd_MQoSieRTfj61f8ELFr,SPOT,gfE95H0bDGQEToqTfUZEN
Y3vV4-UKCjN6Ws0PO-RHZ,SPOT,erqFZmjSqgpwevBH0tcs8
DY5mjcjokrkBGddvyYK_B,SPOT,Z3KsCg03AYPuM0hjdW7Ep
nMW_l_sYxwIV9FAnXJ4O6,SPOT,0sqE-RNOd9o07r2CZj6c4
R8aT7sXD8KCTDsXtH86Ms,SPOT,SsY0x8zLhG1cdLm57LHqw
N7McD4NjcwgCG75q9D8qd,SPOT,0UsJ1DnTFXIigB5nhXpKQ
39NbXNzJvi_8Mxg_yVIGZ,SPOT,ec1OXcUtPZAauTjg1drIW
m2KshDJwEZ_FRe7m4AHLr,SPOT,4mZKwvzxRDSwttVnkL3uD
57RssBdeYWiu4_caNzfFo,SPOT,fwPsD1jFuBURVPaCr7lMG
nje3dla8TYOPdYbFqx67j,SPOT,-9yU52yEV2hOJOOoUbSow
HjvySSm2wgqc6JP-W68cp,SPOT,oKbyvTjTVwH3dNaJb0WJP
4SyaQdOH7cx7gybheSuSV,SPOT,DsRjiZWJpBPCJHWcN6MpF
RSM7ZLH8_Oc45zFcEts7f,SPOT,G9ZkSNS_jYuvYU8Def2fy
7UDV3eaH5aXn8iopZ4xEu,SPOT,dB8AUL60zawc41E1sG7QA
g1kA6uLpYX7SLA6qaBQty,SPOT,qqzfCJqQ7KMsStTqGIkOm
NRpkBCVlN6VeOgoJUut6V,SPOT,Q7og4-rrCfb-eRabirC09
h_HHcUmZFwD0ZkgYuv6jR,SPOT,pCun4dmkjup2eng0qD1pE
rlAfQ-lpyLLGcZYjO1r-z,SPOT,RAMP1R-CWFY1Ti_R5oz3v
NH5Q9vc5fyoSXaij1V4ve,SPOT,uCQY06KXPPPwxlSUeOkYo
gTt8f1xVBOChR5dJ5L9d2,SPOT,Oad0kiRufTYrsC1wVagJX
XWZQdZy7HukG6EbI1aLk-,SPOT,XCIlAou3y9_Z_nd8cqYwW
yx-tv4Mag8Q4D7pAkwfwD,SPOT,MsTBWMBDcRWa-c_r5-FLB
BFbcgpS-1wcJ0e12NyuK8,SPOT,jNLCL08d7wQZk4AeExlmx
g7kjacE04_ylvOWgz7qXg,SPOT,6QfXKD5c2ze9gMlsXV3I3
19DRe6VVhI9vyA-E9SN7f,SPOT,wYFWEfSxVLfWNOY0R9XV5
7R8DVuaHBVmKBaEgZIfMB,SPOT,O0etPKSB_PjjFp6c4hWCG
B3KylYY4sSVw8Em9jTKNn,SPOT,KhOxHlM9MarrTX_Uoy-FF
duC-0pgk9OrlP6HRFoaYu,SPOT,VXjYAE1D89Nb9duVHXbNk
W0SV2AvQ_GedAqTtKVebD,SPOT,RhcuHTvJrMGwAAa2O7iFs
8C7x_KW3UA03cQnwMbQ8U,SPOT,e5mGmGdNxSM7HmcRYNQCx
_WlSz4JbXDD0ZP5oVbGW7,SPOT,kqOlVRKdCzKJzAcL1st1e
NFCX0tJyK2FsO-yLvyuQ-,SPOT,A-tW48I2500T6RuQ_5ZIg
su8aMExE8Fyk-_GaKAk0F,SPOT,L3WAtQK1h0Wo3A6dMCSS9
A3B-_ZG1aaXeMrL9TRVtM,SPOT,XkJNMDy1OdGXJrDbzlEB9
HUIkBX52y0stH1Y2CyuRj,SPOT,Mcjo5gcU2YkLhpE4AzuAi
R57i7BX0fqrAAj8-NyyU9,SPOT,Vml0Hhqmkt8wHO9IM_mMj
glNHxOXWUXQRuGynQaHVj,SPOT,ug4NobQnW-ZJTyZGuURQK
d4Ed2RKOyiLHc_VnF1qs5,SPOT,h2ezaBFmmTgvuiShDeI5j
kw5XuGGQUOCz6pMqSrrMP,SPOT,W4CfZ0x1FNED9ApBdbHhH
3Tj2i7VECmjuugOV0xG_c,SPOT,10GuUb_vwwCczXZABSuk-
v2KtAJCNSh4zkYCvH1EdI,SPOT,0gc96AHWc8y8zpvAyRNZH
Esa6_tWvAyoPWbYo_rJSS,SPOT,0ELiFCnd_fB7dHo_XKc-t
911UdWQaN0BXlB4loWWm0,SPOT,H66PhKhMvSQpB6eOZJqnM
8HspKwa427Is5M1oyc-V8,SPOT,U3mxZr7G2L4tJnwWeuiJV
MKgiMsEQ6npdPAwE9Y0v-,SPOT,Hlbpb3JiZmuyAh3ht3Z53
rcUhUj57fIo7YqcjvvuWN,SPOT,WSjdh3_MsCCRwTR0yrXTh
cDViIe0g9niyaXYPmxa_u,SPOT,-ScZAjnWKsGZzBy1_ZWzw
cTw8tJMiBjI9xcGgyguOG,SPOT,gaSl4gFSPLiTMivZ_aQjk
qmsaEzCMRwpfAMQw-m5hj,SPOT,XCPs9JJTWl3Fqd4dKhyUH
HbD9rxveV3H10GCkkb5Ta,SPOT,e_ilFluJBp8hp8C_rh8JN
yN25PYYKwVYuIKIr3Fvoz,SPOT,3QfNQSdYzDOvez2kOuDD-
Au16ErjD3tI91DQvM47Yw,SPOT,LYO3WQs7pIIPc5eNl0Srj
1Qm8JsFlksieEqswmDb0z,SPOT,4SjuLR3yH7AgW9hbBwK2c
n1zbpZOFopzvzfZeTfezt,SPOT,DeIc7FPP6Vz1t4Y6XQyuU
HMZFos1ZvW24Mtkf4uvCV,SPOT,llJfKnG1mbNH-4ZWlJd7Q
9Yt_0BRidatO1p6rmMRSN,SPOT,lNiydcqsamQngNWlRKmJ1
1onvBZHjiPs-Sh0jdbWcJ,SPOT,nN89rnUpQCFI-VTJDUWj7
UpaqXFKuMhSyGGa0XV05l,SPOT,R3PBg3Op6laW1QZVVn89c
lSU3iEqqecgSL_IXfYlHX,SPOT,zeVs4MyxIVtn-IPt0Rw2l
KEz8PEppjpkJsaPOK24iw,SPOT,oTEszjFvlFSnt3ShcM3di
TFKYNUo6qDbXfK-ksLNIo,SPOT,n_j41lB-eW9n1Xl3tF5dY
Wskee8JnvGxcZ_tunSUS0,SPOT,9ZzlUh0gPe3QoXTUSs4lp
rDz31RizYeigoXXHV9tQy,SPOT,9OAH0v9FbhrxsMOAGNuJB
2ratm9od4Ifsi7FVStwMn,SPOT,nTRcEt1Nys78uT72qzrbo
aRPaiPjmkCL3kDoqp2iiy,SPOT,8FVIHuecrpG3_Jc69Qljb
l-AE98bPG0KXptOzg7Obr,SPOT,tT4P997_XPQV68kTNVvWa
i5E9T1c4t88hxI-UbnZx2,SPOT,gScaBrGZY4jq7zQqpCj26
Ic6bDyss9J0tsNRD5R_Z9,SPOT,-jdROsGndXyK-VEBLnNQh
DzI5odorhxJKIHiQ5dQkD,SPOT,tprgM1mT4L4F_PbhuX9Sa
SoLcp-FPpP9lWAOTonwAY,SPOT,qPIYAe59fuDeA6iHKY_G0
KDrjLIVbKC065w6uJXOfe,SPOT,i9XcAAGSDdOjA_iJNPP2i
oluIBZBzTOver12sghOGk,SPOT,kKSybgUXroHiXqlc64MwB
frGH7nFJcWTA86w2Ue235,SPOT,vqoeKraM9NIMw79hM-UdL
MQTUxAKBdHxTi0QlFhf0b,SPOT,GUWiyjOfegLzVNDOBbmEg
5Xx1PzVJR8zwJIMBFXFY0,SPOT,e7N1A6e0bo17qO__-ohME
Dv9mS6hh3Kxgu6FrZsd0x,SPOT,LnC08C4MioV3RUxRZeGtB
GT3g6JOsdV66dpPxWVwso,SPOT,hTQxRRVirf1zwkdlecsBV
64wfZHMiAroLOhMJ7fYKw,SPOT,N9QlQWu-yDtb6yoC1eqJC
CDTp9edWVU3egeGX9qMBB,SPOT,9CGevdERuXAxHTnRqZ0hi
-VXZDgCbyWSwK8IOSM5r6,SPOT,4o9oGU-5n2YM6S3qLVk5W
MB0bC8tJq6Fn1lOcCmWl2,SPOT,81xqoE2rGZsgLlp0mjAMS
3JwtGJeUJHOEmKgGG93wa,SPOT,CwSQ0bUTrSyyMGaowB5qa
GGZzgZ6WfjblZ183omjg1,SPOT,90BCYWlNgquDYvQ3XHSJG
TZvLSG_JRH164q-AP7f9n,SPOT,37RtuCtAownQxpzKaB2GG
BQnZAskj9FatEpirtqfPk,SPOT,MCqnoy1snephZm_eULiWt
Q1CZsN4KYU3iDMS1xDvQb,SPOT,DBHFrthmiKfEuiYDK4yLj
NsCj4Qa7RzJ26Lmcf0kTo,SPOT,eDtYZLVjX4FazW9wh3PPZ
fZQsO3X0PoF0JZPBSabbT,SPOT,lUxVtXIYUdgcPc55j5Yui
5-EVR7P7jNp2b9MrO0fuE,SPOT,snIX0Sd1cIMvj0a5XvACU
zrmdWdH2CXIfjes_F2R-T,SPOT,tOj47WK4LwYgcIsgHbGVz
MrZl-BDrrpntm2oPbRUFp,SPOT,L_waXeIT8whOZDL2R6Xz3
yjRIOZyPeTsXb_48BhosU,SPOT,a1j78F02N-X3X5TnTvYhP
jsADsuF-scMx89DG-gdCo,SPOT,l9zrN17zHtkFmX4bBtMG1
PqEciU-wMzHzYHZIm-bEs,SPOT,lPy0iWcbvv1uoQma5irag
t6NdViR5Mr3KkI6Zc3U7k,SPOT,8yvCQl09GpF2m-LsA81pi
9SNr9UkdxBmeHHeP5pdlA,SPOT,Zq7QscHYzR2HaLgL-Y61B
CsXIsc60fYuH1LwJmT_1U,SPOT,Ifo5xKlRZtJbB6UVxhCX5
JK70r9HYeajwMI-VXLyet,SPOT,lOCCJILJtTPjYIqwPo8QN
LRBQ3UGl7xEAzxWE6hjpg,SPOT,OPC5pObTUxM1rl22ftSMw
_ds3MImjoss2b4lKrl5LF,SPOT,4xEWIe-tTH_Vfg-JXBTfS
4uW3mQ72dw9-rMtWAV4B3,SPOT,Q9ygTvXm1TtEWUaGWPKv7
2FRHBm2tjZH9NU2aWOpYP,SPOT,DNsQCMJqC3Grf2y3nZ1iU
X7rMsR7f1Ir-gNGDTUIdR,SPOT,6qbDhYp8-9qPEEt65IBSU
n0yP1iXzmT_ZwCC2p7fij,SPOT,tBq4GZiQuebeyyY1UUe0N
gh479fBtUM0o1CzdjsI-F,SPOT,Bjaovi8KSpTMOz7DaLlej
N7LTAOizlDc47RDPUJ0bg,SPOT,6D-Ayoj6cti7E07Fa6buL
JdtagAwutrc7x8hUe46kK,SPOT,KEBk6qm-MvwtlKBXvWD5t
DPDWmPEogs41SwjNnm7wE,SPOT,t_XOEI0TyU9xE96b5Sudm
wZx70OsJlW9drq3gA8FAA,SPOT,Q9IGOLdvCKPkbxwUY2GMF
oYx5hUr_fM-zpVv_ooPev,SPOT,m0fZISIzMBdEpQuiS5dmj
-YqVomTxUHBkAwbcTuLDV,SPOT,lBybRHuC0mfm3amO9HxUN
pGn7fuOaRESQwo0_us9LA,SPOT,8qyzp9YYwQsATHVZjFYyF
zFckifU0riKZEO__yPm5U,SPOT,IOZDydIdB_oaM6huoQPLs
CYJ_LmEVPf6KWushA42D8,SPOT,wvcqKxSuXcVC8-nmsdLOI
lxCC1B5HRqLDvOdO4o6CG,SPOT,tscl467A3_cghODVV79to
gC41vzWTuYqo_mM-P6obs,SPOT,2oE18s5a2IEmMAjC35jGd
lR4Ul7KaRTs3QVSD3LJ5-,SPOT,OzF1KpmcviBa4Z7VVdpgT
TGXAo6lvLMB0lSqO0nTQh,SPOT,a5Zko40vwFnv672-wA7FQ
-thCxhwJldoEiIL_seqr5,SPOT,6QwiHYCHE3EkM1FLr4127
W9HfVP8E76-D-_4QOjWjc,SPOT,qQpqS6uVYhbByKrrkuIpu
K2sRPP9tGepWfdrb9OUwb,SPOT,CYoC-L8LyJrTeV5JTCH6z
F_p_EWAn0ePgwybFzgiDO,SPOT,TQGZFMQDOLaw5BifwPRPQ
8C33OOWZhgAeuJPqJdnOZ,SPOT,-wnbWucBfdYK3819SO-sJ
5_2rDOWGy2lPmKKYuZjic,SPOT,1u3Q-FeoD91Alr3aAdrnc
6ejj0H8HmScmZg2Eo2aeL,SPOT,rnlMREiTCEgU570sS4UWL
8FpCxwvOH21FiWuKWFloD,SPOT,DmWJ53lnnXgrCJnr6ollv
D6bx1_L_6fyxN-nYzHcLI,SPOT,OXXTcI_b93YmeVRpgb-11
_Fo2V85q6DgpfLRz5f1n4,SPOT,puRGzyxS3r-KTeKw8dJx1
gZnBJvrmjSQmocdxEILqd,SPOT,hr-2_vUFuSp-ELr1SQRw8
eHqEG1sA6WV5PMIucad6G,SPOT,lbecEH8HSz7TrcIG3GHc_
84Zzhw7FwUmbHwbESzPGH,SPOT,DJKoDsw39pAkxehp1yuuH
Mx3tmPXJ7VRl7yrY659Xw,SPOT,vHPXNCzRszF0n969EkUiQ
-IzFsHaO1HIkEGweHztZG,SPOT,mP4SxTcCob-h6a5pR75j8
92CNqlzS2vvCPoWMdwnkS,SPOT,hssd97KzHvbQOKPegA4v8
F1Kx4u5EIGtAiKbJXBtOe,SPOT,1l0E4amesQSwKfzI5CH_V
XQRqQwiokq9YgEAz9BB6X,SPOT,sthmO4zK6TNE3Rnz3mAM4
HbtJbp4y9i6NQS8XyhgK4,SPOT,yT2gLmmQ5TIBKN1gAXFqS
qhCa842ZovnhG_0VPzHOA,SPOT,fRX3ptZx3TrFmFXFE4hLM
C4esI-p0CMBTZTIVkhNwz,SPOT,UFKYrsVrjuacD0RHsqe0E
ryZ7gTL2XlEARx58rXROQ,SPOT,KY2hVMQFxecAk-Nr0BtK1
0CcMBmA0H_9rA3QyFEbNv,SPOT,Fzl7pgd-fVtrBUmNZ3fkN
jznrBvX7BnUXoUoZR1CdZ,SPOT,nAyLv7nWXnHh9tzfSb4Bq
LvNDMWChRgDk7OKwK63bq,SPOT,N5CjuqW95qV2mGjUBPGmU
lDga8MnpkSLfEHT4QdU1w,SPOT,txd8E6CICTcfui3UQ4yei
6tsQN7aBpSlBYJsYAGDCb,SPOT,gCv9Z_e7fjwfNEBEi7VuV
PrTEIVqPKKBngELCo-l_C,SPOT,6pGs3D6JcCH5XRnUGR-aD
gHhUauu_MMbuL262k-Ddi,SPOT,uo8t1KpwXVrYP8Gu8I8M9
WtS3ZDnWoUS2ETNuIrjmK,SPOT,mv4k3eXeWeVL1lwReMkkU
aQEEq0NFjNt4fMO14rlGN,SPOT,fH_MjHAN_Ycvu0GSvJfen
DQZQZ-qKhOT3d1qLNCEKG,SPOT,oucUD3XF0OIdS3TqIaS7g
BWJQqazVqs4VVqynz8-FS,SPOT,6lZEMt-1N8ZUV6uczbgHP
3u-UyC9oI-8BYVSHJIRIA,SPOT,8emuWvGC11iE8SUdy4pAA
jNe-ie7EQ4AqRHF0PWcpT,SPOT,5921K_q9hl4ENglJxZpZG
HliqqrmpJYrDe94rqf_ON,SPOT,m5fXck-ojXn8Pj5xm-6dV
x3OdkmqkPzD6ev3dhhV1s,SPOT,BoTXZ3NFIv9AbkxyH39t9
jwCtiKBl6TIvFli2YiJZe,SPOT,JNnu9E7LS4faCsramYC8Y
TpvVWiwyJ8HSnLKfkrvTU,SPOT,YXsrmlIYIIBWkJpBPBQKH
LInhkmfxjN6tJbGUcq-A2,SPOT,kZl3KMPFjYRsDS1uchjgq
UESkUi-62qP02Z2O5t5Xo,SPOT,7glQILZKf3EFQoSQ25x3V
Th2955T7PCPzXHOQ-oq7q,SPOT,CGx_wTcB9JRBg_wqkh6S4
MuW7lKUydk41E4r-AkGBm,SPOT,cdiVRm3VHLjYXJFSesRmW
npWHQ2xdoO8Af9A__PBLW,SPOT,TBPA7Ix1TJcu3z85LjrMz
HSvt3hZhlbqVwyuAN16nJ,SPOT,kslHdAvlrcVufPDcBtTUe
ESbQlniYuCK8fyAV_pfSF,SPOT,IZAwbwmsXdczD-6rxJ6oy
HS8StAFBW2HC4tMu8Eqg6,SPOT,O-JIsoIeCE0G2G19xzosp
3ia849wn8GIfIZnDG1UNa,SPOT,cIjTnG3EcrUvQn4HO1QW9
KNsVeyPh7oFEdv74MquDk,SPOT,l1NYmUa9MYUJtKz-MiB9H
EWrze181jJvWcnoFlcNh5,SPOT,XS5COwWh6pNSWIi6gbIPW
v6clZ3PZ3rjyH-B6eitpc,SPOT,nx5crrtsbpiHqq11OKqxE
xfFVMOniHLBCTXUmBcafG,SPOT,wEJlQY9bQAiFfpaLt1DsH
6IFxWI2rWBNFIDyUzMlXF,SPOT,zDxdLOF7MWh8UaDpqjLCj
IB39tbI4bjhJfhCEBX-3M,SPOT,7iDxGH6ZlDQAlh2uKJBX1
th6lM7z4HxLpYRVamDsKa,SPOT,2L4P7lqYvBmyTUgSEZ9UP
3NesuidEB8WKDbtS52eo8,SPOT,OclHc5b8uT9fP8YvCcGoX
3TwyIz-rrJLFw8HwfGoCx,SPOT,ZIXH-4rpZcdGmy2F__4_j
q212cv2bUwCp8NEWTe7WU,SPOT,-gWZcmfvXsGFYaJGZCv2B
76JUylu2q1p_CMGyo3oot,SPOT,EWXZGgZM0N4uJ3D6PNzE-
bR6fbjbVPE0YvfyXpbO-0,SPOT,DVs8lcFAr9HGrI8mzElCL
ihYyDjFTQBBNRfT0RH4XQ,SPOT,pJXMq_S9jmYAjJlVVXCp9
mG9u7CneNNB576tFRafRw,SPOT,hSPwW9pdEnzzO6jCiv3vm
Xc6sge1MECs1wXYzb7BEC,SPOT,JUfejzOAuLmDrsxqqkk-g
Mj7ZrnKDYoU2JDmAg_1uR,SPOT,eVjlw8TikumL13BS2nE85
5DDQNI5jvAC7l8CX85OwR,SPOT,biXkYycFZJbREa79JGp3c
Wt2Grs3o5KGDVipVYHdJi,SPOT,hjm7vAmyQhcUi1VO-A3bv
bw0YrDc3Hip7_jCRpixb7,SPOT,rLYVQOyLRLzhwsY7a9LkK
jw43AhY0FnctJ5cAqbq63,SPOT,EeKQwpYt7G6m2TB2FV96p
w-UDRZsazwM5XY8XZJ91R,SPOT,3Xb149fhMHp-VctWdk1yl
9GNZ84NE6IOgfytSnErCW,SPOT,yk8O7NqJb9lnev1zrleg4
GKcEs49_zKKLSc4GQhbqY,SPOT,_jfjPKVcPZdOMwVrrAS2a
Zjbyi4xwwr2kIWV2k5Bmf,SPOT,voy_JZfmysW1OC9hfWd5W
eudT1cqtZJYsGuaeJ89Ht,SPOT,SgjmVDf93tQjFtbMBUPqr
xTR1o4iRVctErGk8-1kMS,SPOT,_-T1796t2GZLMJohEFC8f
gejYQv-8DEu6p23wunUby,SPOT,rQKJ2VEQpyYF9FgDkK3T4
JhdRFRfDf5c10d0_zdS4B,SPOT,ZOu_xQKlDBux0E_nic2QZ
FF0sM4CwHH1gIe_zJCbp0,SPOT,oPJaEC-BPlxibuV0OiK2y
leEGCffGYUoNQqTXjv-zc,SPOT,51D5q1g8lhGoL9F1P8UXo
uS1_x8IIerlDi4jVgN-DK,SPOT,J0r303vjTF-bZsbdgePSq
l8wVDntoqmIWt6l_Oy3SI,SPOT,UgNkoCVhB5GcziDHHC_NK
1P4NdNAJIGKOEf0SDDh79,SPOT,LwdlKiFva67TyeQrx_Sf8
XZu0RJJJwWDI-F1gATO5e,SPOT,zQbq1tb7R9xYDbt82o8Mv
aeP1P4EA7YDSsnyoCkejc,SPOT,0viyw_lDy93G4AH4NGzwm
3n8QIR2U1SLOBSyIOKgXK,SPOT,dfEM12IG3cff9WJtAcjee
K5rM5NbuzxwJHvbfcETBB,SPOT,-WmP7BdMSVW1ERlchEdCw
5mks1DHeByYKl-wylIwhy,SPOT,cWIn23vaHn-ubAO1xXgFp
Xa6_3w5ksycnZwfahTdC3,SPOT,8qC9ZxNf4nscvkV0iZysk
LkEzAR6HDg76eFH89tj3i,SPOT,5W5XLJouIWX764XCY4gJw
pkM5FhS2QTqf_EzBrQzzf,SPOT,1q6NxN4eJDmn7QrrDsd0c
cqQ2pEOb-yiU95FpdXMJw,SPOT,KctS5pzuOF97I3y19lPjA
a7LWV9abOxOynSzjB4l61,SPOT,QRiFwC0KeqjjlRu_25Z2q
hN5Ln9QZWHRnkSBfCADFl,SPOT,LplDsFycRXUnr1T1DR6rn
nNEgJbByRGvpohntj0sCa,SPOT,rHiEJ_zMOt9uNOBUpuUdW
aPnMqJRSf7AfuobxFpFfJ,SPOT,883hA2J18-qVZAzrH3bCs
yKHGN8nQqph1nxVJACEpu,SPOT,_Lw9uJdKfocyhFZ6KiF8u
EaSeKg36o64btyH-OGN-q,SPOT,iVo3oAXr8GOO8YEoZo-OI
oZBtZ6S5M0tAKqLQ_OFY4,SPOT,I_mvfYCXMK1LQIoe75yK5
9CX7ISZne6hJOmrKn2iga,SPOT,DR5HtaXqNo6ce6ybrPTXc
mOxNATEIvhCGMBj_MQ_zh,SPOT,V916w4e7XxR4veINXI8zj
NIuRaHQ2ZnDBZeMGsoeNf,SPOT,RLeVXHIadSycQiyHA5faQ
I2BB2_j1ITmUcTHRJ_Qw9,SPOT,-dFe-bxE2cAke9oNjkxlo
kHBzYiX2HwOeqgDUaNRZg,SPOT,n4CAgDSlqALCxRfslvr0L
9TaxpgBj2cv_juChc21Gq,SPOT,YS0CNKd3UsmGrlygtGeB6
XP5fOOk2LxDaDFI4fLm-E,SPOT,XKYPbkkL61sz6ZAKio_8u
cDstOkthre6WivBKMH8LP,SPOT,BtXzqMD66B0Rodj2RDAKe
bg3z8q2huHd8GmKCl_kdx,SPOT,AstII7a_aeuuehKCJ6Jj8
UC8FnVn39E5C5i-0Tas-g,SPOT,JgURB7jTpQ7E0DkVxlCqM
T7mVDWj2PGgb7tQVNP4dS,SPOT,gfloL93xWDoQxsl5XW0uf
5n5TEmwk-4vqSsjU8hitI,SPOT,WtCaUcdgdZ5rJjNNMwEWh
BR-Zdpma642FE3zaQx6SD,SPOT,F67WehCuDanDSIG6AbvIr
Hj9IAvqHl1_zzQpmFNsXD,SPOT,vVXIs6BWTk-xwtLBtWbtE
hQ3IEi-lEHBwDKTwfk2GO,SPOT,UTBhOI8Mqp7-nPtOVfuuS
M8RfQ1VIcS_xoeaINLhks,SPOT,FNqHXf6xqw6nmQyCJ9G0O
x5e3mWA4obj-uTx4i1CDW,SPOT,0nMhhJ5B9RAisyhIEo8Dp
OMiPNKKhdjdPPhQ60Ufyr,SPOT,9XMjt26pwafuBF-DVdsFA
rMgPyvT1o54x7NGvakYsk,SPOT,S03DO8Ti0QD2dyC7IVyW4
fsWuOUXDqJSpjYlLs8vOi,SPOT,ijKCrQOmjBc70IZYW74qX
DQX53mkJDDORD32neHMhz,SPOT,GbC7RdpKmexogefAfJWmt
LrgNJe1MtGePXyio6dBix,SPOT,Y7u4l51sl3HpIxEDanYHK
cxmiNEEMA8sNG9qVLRgm1,SPOT,xCRJHcz98daStdFzARLVO
Qtw2ZqNKxn5XEaMIQK5pq,SPOT,-pWN2TT-RpFL2a6T8Utxi
MHUlD6S2xjBCeCqinucKS,SPOT,u5xgXm2B_hu3JKqezQt2E
cudtuuTugjP84mmjVPFPy,SPOT,g5QpbgksohUBRiwfzHVdO
OaoKbFml8YUI5a90hXeJu,SPOT,0Vc2yaFZkD3XsB_ihCprB
946qJIOOcltRlb04r0SFl,SPOT,w1zjw64VcrCuUMSf0Gy6T
O10I-vg1OB53Q7SeXPTOd,SPOT,h99wQ4vGpVg1Fq7_X4A7T
rmjpm0-vN35oJEdHB3dfF,SPOT,xpfvx4LldiNfFoylGKtm7
mfoaZT5yAlt3Ze0XJq9KP,SPOT,RfXJyk7bpz1KCfTzcKIBS
uXwvDAIvSpB7y_eStUyO3,SPOT,kzIvwcvqwqFUetSK8CXj6
4_mFP7hgkxQvBVh1Qy-fO,SPOT,bsy3IscoGmFBlj42-lQA6
LrDhEfNGNdWcewRmg-OR3,SPOT,ygWj3p7oRpBJb7z5xqG8n
yPEnU3XF2rcJH4J76cQR4,SPOT,JoNGYzJRd8vaFs3xvuBaE
x9EwxgaxQNVYqYhGKWJyF,SPOT,7CqvyrORQ-iNXyOXQUneS
QUq1708w4hw7pFu9Csnlh,SPOT,uA_5M2cObvLtY_dZguqQ6
zwwsov3o9GFQteYmEHy5I,SPOT,9kLdHkzDUgdCl4pCEH8Ty
-65rSPs_CF_mvYqUrmRM3,SPOT,QaykqC6FBjrsUGp0_rxoe
I_p_aTUbOOP8YA-b-EPjy,SPOT,DrCA-EPInnZ6OSCOKet3N
Q_XudkfoxiKhQgBPQiXbQ,SPOT,pZQ6zXg6T3rRpgm7ozY0Q
aoUofWMe05XHNAn2Ensd0,SPOT,YtdS0KgZ3WK4lgQCxsSR1
dgN3U7yuKhp897G0LPhCf,SPOT,O8EDN0LDucnypMmqRtpEl
_PC9BADcMsWZWcGSukifH,SPOT,p7fEtWbNTIFqWC2wnAmTL
l1GunnZGADYQV1_zkPFnn,SPOT,TDYSr93bng2tmYSDFzam-
avjUdEWjFKaIWpv0W_OPJ,SPOT,pba3pPsNC0StZElkOXIWs
QaPPPiljk837kD_s4gmHF,SPOT,A2jdhuFcAojoZi5tRXJqW
4s8tjSsHv35nlIc_e1mrm,SPOT,zffQx1MHGRE_BsULsT3tr
G6T70Kk-J2DmZFvlzpKH8,SPOT,q1nhf4mroy0lDdYXG6MjS
s0qY6zt7tv_igweW6kO2o,SPOT,MYYVFNMZGLiO3ar4ciLVv
LJMtcFDIEzTr7cK8AGCA9,SPOT,KgmUTHhoC043A8lMfdIrC
YsUEcJ_JuPUWxOd9bC0w5,SPOT,8EIrO61F8s_FAqwnaOGJd
-XoAE4Jgy1XnNcbK3jOXP,SPOT,EjEXhX5QhJmWvY22wVAnS
mG-9c_7MoxU50TxnbwrLm,SPOT,HO97JtXlTsEPV8ecnLAFi
84yL4ncQrSI4AckDWsOCZ,SPOT,rYLpa-Mum5hy9xC9tDJ42
uGIc3h7ctU3OWUxai6mwh,SPOT,9VvYPdyOG5OiO-4XjS0mE
KeIRQbjRVLHrnyK164E9v,SPOT,8f4D_NhWLkvVVZ-Q4vDdt
JyC5NnBpovMBf0mI3J_Mf,SPOT,UaVvraUylFIN33yAGHB8T
7JZd7UWTFpX0ZIH_ec-f0,SPOT,l8Qj9PMntTOLDdb18IGfG
slpytIKMQY2Op_H1VoHaU,SPOT,ZkrN319-qj7MQem7M6Hiy
MjdiZ7EdBHXMzikTtXy4o,SPOT,jzeJSgCpbbQI4q0UfV_0O
QxLgG4Tf8s3MrK4hoijw-,SPOT,jYxHvxXBVn2ukwEhS0Pli
Jqjxwt8OQlBDEWI2L4mAo,SPOT,hc3A173aq2RzEoBOMhoUN
PgCddRKoJOh9CSzGUHBMQ,SPOT,8DdLH9V4CcJGLqQxnYlmE
oI53IBjjbk3pfKORuA9hD,SPOT,x6XRjpxPy5FjecPLxP3w4
mMIXgJFMpLMflYpd28k_i,SPOT,KuCgt-eoFe6CmX4z6c7Dq
tXomCDEuLMQgjwicDmwQx,SPOT,5-4ZD9ZrRzoLUiHsI4FhK
W3DBvyrTRuwniq_Mo_cUp,SPOT,uOJ9jlIRswv_MkkG6hA7m
tOFSjsgzT1nW1d9maP761,SPOT,gwZfNudVrD-7PZcxZamKB
7WuOLCFVq_uB6qKJbzuo3,SPOT,vLKQZeMeRFBEl3-6w2Qol
HQkh0u4898y-rfY_nFPok,SPOT,5CsCgIvfzS8QJfpCHd-Oc
WSelbjkZK6NGBcW4eJERx,SPOT,NIfjJ0MaMJ3a5DPQQyPUW
skVZcFlT5noBNuL_j8A_g,SPOT,KWI-hBFQC9-ybQA8d0RnX
apw7QQpgnuLasw-mbtcVI,SPOT,9EUHmZMmc3jVitAwY_M6z
OyDuIkxl2d8iIhtq8pIF2,SPOT,4CLZFGGtIKpuDPl2YgLCl
32GDBMyE0500EkeiINSJr,SPOT,epn5QdT65kLomQzlD6VQp
y9LXVBkFGBSRKnOs2qSAO,SPOT,BDpDY54w66HRk2KEIdQba
PRBQP5pNkHIstH6PzBZeO,SPOT,6gaCdPk4doDThWUVol8di
i8TDZu6ZgFrUjO5K_R7IN,SPOT,wj2ig-yQNf3dpvo5-ITOC
4C30oa2EVL-3miWL4_YcQ,SPOT,uq9winBhX8T4fKhFaeaWP
qRyqg_6y1QsAq4OLVCa9c,SPOT,c9XS8oK6X2X_yQTq4R5tP
Bedh0VKfUQ5kkkJgmSRh6,SPOT,sgbaR7vVXSqNAnB6NuEXf
30qT9AHhfmZ2iAOtxYew5,SPOT,5FojWcq8gQ3xCmNXP0J2i
ZNGcUx0E7VsA-kkg6ZSi7,SPOT,a7MGg4ZXmYfeHYJ6zQFIJ
yrYpE9xw6U_r3DN9NtSiz,SPOT,6uqpF9bybUCIvGVZQC0c0
KOONrkI41R4K3qTS5XryS,SPOT,pzfnz3XJzScBHptujmIDB
F-wEZfNosq_ppUrEJhaVE,SPOT,bY0PB4ArUs56-vuIZSJst
e_VXiXLCjLwb_FynSAu9y,SPOT,YhvZl4tKCNx9vp0LDR2iW
gTx2PrKH3_RELZXYj0NDF,SPOT,nPloaeda81XupLzSbY4id
UFyeDIyiyxUpUgHCDFeI6,SPOT,xF8DRZgXehZd0ezMoVnRm
pVHecyANv4h9E7iM3OtQm,SPOT,ZHKPKkzHugY7fRLA4nGLH
w-s0eZxv6xwTmPHiJMhRa,SPOT,zRgvMZL-YfMCmSGFuENMm
a4-Z29zotcrA5TrZ3iEoS,SPOT,6s1Uwm2vztHlKrlL2sEvV
mfE7FKyoEmy7d3H62hgJf,SPOT,Nli3b-7pFnqLMC7PecPan
tM096VmLdY0LGZ14Wwcaa,SPOT,H9errwCr-c73xYLgNnCpg
I7KTUrjAjS5BOuozJul5Z,SPOT,eSq9LaNLb15FL-KoRUaJC
vq1LNQAYE6MTEghhGURi6,SPOT,4KXJZeGRtWKZuYyqaGv7l
Q5iiouo-S_RgiHRHrKv3G,SPOT,y-hLy0FPbYiHPFeeEDEec
S9ziIjW3B4COeV7Ygk0F-,SPOT,vTh89OIBGuEj5eQcI7w4H
EP1J0XCVOIBk-0LbeCJSy,SPOT,qjVCjEjEtq9N7cSSYPgll
RufGBx6O_IfdlPwwoT46G,SPOT,78TfVSuvUVAuBlWV0geT4
nTthGDPB6BxRps6VL7X__,SPOT,v-gWAtVmVvtEeISPsmsxd
RCo2pofszSlqCU4BiHCco,SPOT,0AZeFFyKMiZlM95x--ALA
X5tpH_wpVSUewcRbdce9m,SPOT,s1ix1hPJGWDcrhSxaDvTu
vTuqdrc-NErOktSnIpbcP,SPOT,KERcbxdgL490nLo2GD7Br
Qq4nnul5LNnjMTb2Tv4x4,SPOT,6P-W0meC88X-qXf4Jumpz
ePLdIsCNsxG7cs5ZWj1rt,SPOT,4NY6OWRVnJ8U4iUNGO2GK
ylnceRb9yFMneAU7tbUEk,SPOT,gzRDy4w2IimC_TiFZ8eIk
_X0e1gtWv_F5UK9ef3dij,SPOT,lyzJX9jSl2e-NVJer-esm
sjaDAir4-5qN9AeXOzqiY,SPOT,wqrXVbG0ibpZauoNysKyf
RfHvDCLCpB4X0oNiWyIp7,SPOT,c5CXWs51rgiloGy044f5Z
k05OzRCM39G8KaSSBlCIz,SPOT,nxZiJBJ4R3iR7Y19hpFE_
OPveBRtBoa1efsVkO7tEX,SPOT,wpwb5Pk8UMjU5hRa--pcc
sKPkI_TkxODzqHHKY1AX1,SPOT,4UPY0hkGCLsml7ysb6ddi
syTi9mcBI9t_9CpRfvwlM,SPOT,nIh8mgPLwRoM4nOuTlXzg
f7344mnXXW28aOc7zbs9V,SPOT,tjvZu-JuWNnWjKsh_3837
9FfidRxEFbg4xkFB5i2fm,SPOT,lXz5Xme7F7xgWiXnNSv6V
PjNpworBZHNwesHqv1vvk,SPOT,sm9gWwBp4-Pch_EkLebth
3r_p2W92wE_Qo14soe5D8,SPOT,rh0PFFmtmr1RuHtb1T730
bJdR3_LzuQ3W47s03afoT,SPOT,BT4dd5xDOjwQCVg7jQXc9
M8TR2TsV05t3rq1tTpwi4,SPOT,hPb9B_6nzkS73i9gtZuxB
R4Aux4LsN5Vb7_WHLysW5,SPOT,Z-fWvHsvWGjQMlby64374
DC_u4goqtratgfSobBMYk,SPOT,8xv5DZc6zIQ39eF6zdspo
uEdxbt3h5HtJD_SDzlPKK,SPOT,ML_fvdYJ6FOouXYj6uIGV
agVhwAcyvDqUYEFTjl2Rg,SPOT,Kb1WjxM5Tm7VNyzh1M69H
zIp_cM3Q4OQ91DV7SaoIA,SPOT,Bw1gbm6ZPx6QE5CyRVvgp
s_75COnCgmBwvO1QCpZgt,SPOT,ZFxNvGDjoHrF_1DcJ-DXY
H00ixu4nEeVrk9c5sUflu,SPOT,9-UhFvx63_p6Svve8vr1D
mrMuwDvwzSQeEg5DqBPpB,SPOT,qOw5Neh7ClSZpedDkPBNg
gKB6hPGuwxqIkgXqqdBRh,SPOT,8hHCjJXqt-VqS3OzB_GQG
yvn4hdAxrDQb4Pgcrd77T,SPOT,aJkZLrsqpMx2UJnPLuMZ9
i1SZ4dD90WiU4i5fXVym7,SPOT,ElRSwvFdccn1AMYuU5rvG
FgvifQVvSa4ypusS6hkZE,SPOT,hleesu0rprQmYYEZR3YqJ
Y1BVPRwefq4y_6ByjsZpS,SPOT,xwu-u98wFrC_heOuuBO7z
pngBrxJep2cec_0Z-Ue_v,SPOT,8B8014AChWWXQTcJXgmQ4
n1V2uEKg4MmWxuwz9hxUV,SPOT,t85fozzNjVxGrpNzaTmHv
L7MUf87MiI4ssGbD77kBn,SPOT,iIqjmTgjaDGxeWt_ZNFBn
HtkjTVvjFFgh0VHmP7E8o,SPOT,bj4TwEyghkmKYIDyaNY3Z
BhRN1yEOPtlpPj_C1LJ4g,SPOT,MmI23xMi-LfjnZBpaqxRe
gQxUxFGKLkHyCTygiAqMV,SPOT,dliadglI0kRBUYa_v6FUb
dwXFwaC7ZyATFNR8TGV7w,SPOT,HtcKT_T_SCT3SptzzSfwd
aSa35Kn5CglTZT89JR7q0,SPOT,jTf-UEXUVNpbSULzGLwpw
Zv28uU8AF7-iP5cFoOSRU,SPOT,RBXg2enRO0NuX8v7xKzTK
48Y1TL9ij3-oUInDqyqyl,SPOT,dS9AOsL8CvSPbV1U94dYO
cZ5n_dy30ztrke7ik1PCG,SPOT,QX3yvD1kRw-d7tUikOv8-
fNmO-AxG0oCEImYVOgL6R,SPOT,YL--ND1M8q1ZkYrdlgj4c
9Tp2X_7v5WAdD0bVzao42,SPOT,9ig4AgR2ermfzdIBcLmgV
dIU5TUz3XLkIfuo-mJ4wF,SPOT,4yYAchao_kfRZGPrS-6os
LFglsN0RCWgkI1v4Ny8qR,SPOT,W4YelVjLp-bD4n-92m1bH
jaMFj29n5b129In6dDRDl,SPOT,VcQCDirvLCatkMiYhePk5
vIqhTK4uI8WHKH9GzR0b-,SPOT,kAWxpWhf9ydB32s9HfKA0
2VvGf2wUofepPrRXwH8i6,SPOT,qLPh5IMiuB0CLXZ1aQaxu
ejRVvjNiaMbY71qy3a8zI,SPOT,yO2LIMKu5GAdM_Jq9hph-
Ibxhp4BgKfbmAdXcCG9ZC,SPOT,TOaEiFdzcEUNddAjMdbaF
spSf44MyeB2a5BfBbNqTJ,SPOT,GYJtBTqaXMl7tmRacbPoO
8G27s97RsT04V0aSkQijq,SPOT,DjQUqnP3m1u272o6otURW
dRf3wKUNbvaAy4ImYYRI6,SPOT,boco4YlqsRd9HiebM-DVM
LT1vhh-eVOwPkFydjcwev,SPOT,QyY8eIP8seDB8MObHDbyL
qTy5yBUF6vweYuF0ysE_Y,SPOT,FotV0eyckxt430Vijju5l
ZmHgJR6Bmj95WHhFUPJT-,SPOT,eXduN2aJg97sO_nAW6Yop
y3-4DXBrvqg4aEa5SWTAO,SPOT,jUfkJHTVpUTXFHoJelKBY
VrpAlVRwCtSQQVa_IbX8K,SPOT,JYssjmZ4fiG3XLW-Y10Cr
t4xjY1M55RYmsbNq9pUnJ,SPOT,PK3nRQR0xUe8u3SKChu2i
ZtrgqlnMuqnFevqsUPXxW,SPOT,uJ618osUI2zAEOJYLpxOw
rU_yXlo-v9j4BN47voovb,SPOT,7Y7xfEU8YdqyeIahpEt7s
CKKfEJjhmyoJlco_sDoJN,SPOT,bPwX9D6_ZSth4zflhDlOE
8s7B4Tty34OXsinjFmtWC,SPOT,QKIh0WBZrGus4f9kfmSbE
zRTx2FjOYR2XzSZUtkm9b,SPOT,cIi8KWeoocxrX-ceUNYfn
psS-1-QtEGR9tkBqCHBWH,SPOT,2QZCXlyoBYRZ2vmGjiOeF
dOxFzYCh4ctz2vhi8cIzO,SPOT,C07gtE7QAKfaAHbfcwhnH
6DdcVAX8GYXf-lyCRjw0u,SPOT,9SLI0t8BgmtNyCHnfPlLk
NxBxPfssmWm4EMhQ8jeJp,SPOT,j0oTe9651pY0Pq3LLa-yO
v2w6ONYmJ8TTQNxnd-Xy_,SPOT,wk8CDcKVieZaWBVbJptOl
Oyx1sQ2vNbWx2RAiKFWTv,SPOT,9yXp0szLPJtqMkn6k0VFp
axY2kthMvZJChnUCfm3Sx,SPOT,nHPon5EV8JRq4rj5DjTSW
bZHOqgniMM20A5LkUkK6K,SPOT,Ym2JgsJDgA9hkwYOnV5jv
LDGEG_IebY6s5rB1ZJXI7,SPOT,cV6A3ZWdZa4uQ8zLaiUOJ
oihxeYRoIN5G5v1-pI-aa,SPOT,I3NzF2j3yccmBZekovcfb
FLRqPvrKY0bkZDAhx6wTt,SPOT,MOiA59HiaGuGd89D-BUG5
kBSiY7g1bQ9GtNcygOgJk,SPOT,rGAkTApgMlYdY_TWpwG7y
0mrNDoQ82IcvIe7OInAfC,SPOT,Ss4DqM-KH9G04aSIiYWs2
xXuq6VhCZ2yVjHkAcfenT,SPOT,N8qjKlfl74UM45B8wGVmL
OkAhBtNoxBEqHFXiZM-2F,SPOT,GTQB3vqGCK9fA9CHy8dzH
y0Dxclvh4RF2Ij0IPc2EO,SPOT,VJRDFUqLWlwIFcgQLvv28
rbTuMSwi5nHF8OIczwccK,SPOT,v6CHGO114YAvScULAvBtb
vD-rsvhD8aog4QZHChjKg,SPOT,s4HPJ2KQUjJRCvTizuC7i
FZfF7H5IHvOLpla6xP84w,SPOT,jFBjF8dm-2yjZHPKFCUkc
j2aarbgkiNngav5fakDZ3,SPOT,z62QlSz5SvydAgfMFvvMM
w0yyrZnoxPjOxIH1rHUUI,SPOT,ruasislOuMzOO_uDxAVdz
puhKeq-EvB4X4-savbNva,SPOT,zB8klmyMD0dPiLc8a04SZ
y6TS2YDIPgpm9rzCPWydc,SPOT,E0pPJT13OM8Q_RgyT3O1h
7XBcqO4ZCWOtpClvhRC2r,SPOT,B6TGMOFHgXXk96Hwrmn1v
QbbbqshIJ4IQVmAxy7Q1z,SPOT,2e7ntjv5HNBB5cD48QSXj
XsTRQuN1kaoVzpe-Iz1Tb,SPOT,FTCRzmDn5uEvSlAMgx5vI
k1s-FZf9q1T365Pm3725h,SPOT,t6eyc54dxH5ughy0tXluZ
ZSdDT8nYvU1B-OOO1rbBS,SPOT,D2_jM5vuJFzAFIN35z6c2
53PRL5edPPs3VBBVgruu9,SPOT,HlkG0t0Qh540lzevLCEhy
DS2aKfMvomgu-DJSkUJuc,SPOT,8-xFQVPEFsuEcr2RdJkoi
SADz1bO53jBWDnMhwADiD,SPOT,znazTpYP_bBmZkk85ocL0
NGbpdw_Q1zcf1SmPBEbE5,SPOT,O4uKhIT8ONkixYG2vCyB8
fyQ1dZt2AFYzbZKWCkmtH,SPOT,g7fYbQ9l1-WrumTbet0su
dJIQq4xDIQSt8qzvCln7L,SPOT,zS3_9I37hhkVSguadnl64
Nvc0HeCmfbufbLK5G37G0,SPOT,fwvikRWsEUIEqaH0T2njV
2PMso8vl0bipZIntsMrxC,SPOT,b6TB3PccDRkHLlqSy9sED
9wvz70K9VyIi2pUV8AlpH,SPOT,xYLhtWWCsiw37M279ipmo
juoFSFE5gTEtA7hhcmXxr,SPOT,569hPSvsoTLHZRDrjWd2L
6XhttdEcVlTYarvU-utYL,SPOT,Cmy0plr5CAgDNIjL8PI2m
n7lPyuFK6BG6m5q8FZiBU,SPOT,l4QSAmPHMgaq_kmVBlRIE
F_G15uCY4qmeIE9am4z4l,SPOT,jIYOG5rFnHsoMZfY2a0JA
3NG_msvkCREyHQlKTF-HT,SPOT,xiXkctaaUV3Q9dV1LFC08
yHT3nieEhr4_slTwtbqRR,SPOT,B1i8k2SGE7FmavbIWOSP2
2KPkG-c7ALYLQa8CgBRoe,SPOT,NhzWd8HMHEFhYhMTupBjY
wfeh9KEL1bJ9MuWL4OTXo,SPOT,0fjZqWXdOX-AgUfeVMohU
NamtqeCrTB7yaRODROjW1,SPOT,9OwO7b-9ryMQIEUU0rs8k
hfMSvvmzeRtfqRIZTDEix,SPOT,2xwMfu-z6Nm-JAALaqBCT
-hQY2z1VgzBBKkLm7s7PE,SPOT,J0sJU2Up8SNzLpk7YY-Pz
IlPIUHsdhDnyHhQQeSreb,SPOT,hmPP99Xjr6TXny97GrWJ-
tFqk5nv5vMC0kkQSBGaza,SPOT,h3oQyR0CD2BiFD2viy2h7
RiNpy3UlMfHGemBwLVizE,SPOT,1-Spnvm7H6iJFshL6o1Y7
xR7MHZdOUVRUryidXThmj,SPOT,pLgsxRis8hopcUEoAJ45u
_EyFVfzNX4Ni9drQaBzSH,SPOT,6zHtH_PtXxObT62J5OrwS
SDlt5uoE8-Acr6DaRuLoh,SPOT,MUj_eWT_xpl8GBnx_kMF3
_Knq1km0-dH59dcebui7x,SPOT,kjF3VHriWa3PkpOx0HOw0
4pha717fYixFSOzqfHrMp,SPOT,QqCI1mcKOqVDLP4VvvNMk
aXkWqw6TQlvT_cvFT96Pt,SPOT,3dQIY8H7S-H-qvfA4s7MM
rcvnnp_8apb73pu9Ux1bi,SPOT,wv08Tg00nSLt53W7mc7sr
-A7ICs9PGDq8dQVx4LLi5,SPOT,Fdd4CShX4XFGFjGMg6tZO
2Q7dAhlCYhY4K8OPTdoFi,SPOT,18_X8TGFeeL9OoHIxxVbf
xxBFVfMKdA5fDv9s9TegS,SPOT,SkqRiswPAN8PlJn5rtSBa
197YpbWebyJ6tmUkY3BE2,SPOT,hZmiO20vWFTEZPBZ0Sa0j
bJkpnuD6v7Y6kqw7_xfAq,SPOT,9in5eKjM951s_WkbDpWEQ
VR8EJEDCTBwgGMhkAg4X4,SPOT,XEFdXENG2Eg6mkMooCxY_
BbTsrUgv-uMlsYXj96aC5,SPOT,Jo2mlUDuowR2unGGkF6tc
Mtr887hv0xC84JZ5h2qpY,SPOT,enpRM6D9ceV__FzwcJyMt
m0kD8QRUB_EsE6mDluUjb,SPOT,YV97TeiYXOyB07L71fW9g
DO0CME9lnRZ90M-mtCKze,SPOT,Ok1rwsReWNLBVQHFS5lKS
_eliXASKpZLNWUDzeMHn_,SPOT,jRBcVFZbP9MVsEHHPcxJf
eKVSZffc9CBH4UKTTZn85,SPOT,2e4f7TBwI0xXDg1IfXoHk
v3LD-oku3D85WvyCfodKH,SPOT,2cn5J6S_UV4drjvUixs9x
X07OvzJaw5PnFKnEXrpIn,SPOT,x6UCdQ8HSSSlVG6-fF-0R
Jt1geZpkC2cABxoPDFNt2,SPOT,lSaa-MUJVUX7jKaCb69Qv
6fcK3NXWqagjdL4zbPPry,SPOT,1PcBY7CLX7U9F_RHYcOw9
be_8LkijHfwmrbA3sd3Lh,SPOT,rlABk95c-gtp1ZbqUFL7M
PIIam61v-wQK4aY7j08pc,SPOT,x2B5f7SEItVwH3GBuWMP9
pofwCz37A95XN9H1Gw3Op,SPOT,Bd1EW7QSjXLHrHQYdCb9-
R6Mh97DHbCphe0sK_A4He,SPOT,ej5vRPSu_3HMRna36Tbcv
VnSSFVgNslEd83bXfuKGI,SPOT,nGWOyGsKZVbD5cjt0fyrD
HyLIEMP3aDJAUgqpSg63V,SPOT,r2Yo8TszS_195czwZFJj_
Xue8To2mwYn4hS2CmeGex,SPOT,VR9VQuiPklq5EoT3xThPq
WD6FT6X1U8O8o4vm7aOW6,SPOT,NJHOQv8Jslaf7p3tw9LKs
F5F-IRr8LB5_YYHq2Z0aU,SPOT,ax_F537BOOuO_eOMknHau
VCyvlIGjfJ0E8lMGG_OZ_,SPOT,NlO7ZNUvS9aJQG68bzimN
eFkyYAK44Pxszx-j1VT42,SPOT,AniuuNNeLkCVh5XsdR5yo
5wKrRj-Klzvh-PcoUeTi2,SPOT,F-XF7uaxrmZE3vjcsItNW
maJ3PymPtfuhWT-vMX5nq,SPOT,aD27HaTaoeseo2j_v4Pu1
IiMhg5tXe0RDZHPKkOWFF,SPOT,iEQ2sVS6LpTjqnLvd0vRZ
d8GQAS8uNGK61R5KXWrDC,SPOT,8EN8DwZYP39VUBu7Oka5h
8N-BTwhDRZ6Nr4x2Pq_FG,SPOT,QajXUue77m2r0VJkkulKe
nUoeB0NOr2VvjmBONQlbD,SPOT,i_6hzi09MANL1Llbyz95W
iCgkcaEd02kREyaPpZAf3,SPOT,5eBczR23O49l8QXj6JURZ
20p1nkyQ6PKbhc4e24lGI,SPOT,CLU6tDGsIanij76E5Ql-3
RWOF3HPAyjtYjgUnvs9bI,SPOT,UmXlPeUn-Ka8X0xImJaYy
-0OZy0AlcLo47N2pCcPCM,SPOT,ir-MsxLPvQKFVhyY_lNO2
e10uj5Zoo-AeYXOwie0hn,SPOT,DXWzHTv8AHyXDjASdSiaq
tCFGxkR0DojOB1n8MAgwS,SPOT,FjoKN67rX-0kE83bYT1cY
Z8_xhEfp1UzOKcTda3501,SPOT,KNSPEJ087gKHa147KqQoR
x_G3I814MqJ1KSQEMij7Z,SPOT,VQ2ipkpmbXEfTKc6iqpbW
TXNZHHGxZ0SZ1WJoQiUxQ,SPOT,gQrGYRbQrRUCJxLXpHv-q
yApaxzX6wcijNOS6FpIUg,SPOT,PGK9QWzK9Km0RkRDaxlI5
P-pDcWU_FlHUUdP5PslBL,SPOT,EbbmpPWAd4_vxGrJ2yufd
btwWL2E0gRiBnmEjnr2Ds,SPOT,AEvxDCZI53uWD_26sbEV5
9LMUerQFfu053HzdYCHpd,SPOT,ExT0dmjWa3GJyWFPd9z1d
uBa62UbscY20Qm9Aneirf,SPOT,DBF425r4-eLudS31gZz_E
vM2fmidjgoRS58F3IWOKK,SPOT,YjbFiaBbUpA89meuwr98R
a95kx7OOxHFGhW4al3rP_,SPOT,0xVIFsWCahQfOPWkALk0J
MzaSBxFnAQgu4jNf1MzJJ,SPOT,C7dsvyvpCIGVYGvK9K9VM
YbiCRgbLEvT9Z2JUL47AG,SPOT,TZC3VfvQhpKs2IKiBL4sw
aePrlgo_aCuwTszQjBJjk,SPOT,NQnIS_z67lSDxlf3NATS-
0Y1kHrW0SzoJ1LJat5uQm,SPOT,7_dBVvlxYzmtjG0Dtiepb
8gR17hsTGIgZL_gN3Ww0_,SPOT,OhxekbR3Bgfx88eHelPj-
k3epIm7BQbNdf4Q1fgriD,SPOT,QphJIWtfZrTnypxHZhh6m
vTmKviZntkwTlLmpDAA0A,SPOT,ouWsIZigGVZ8Q4uDGK8dY
lOpyKbThElx1T9eZdvE41,SPOT,w8g3QdB-_82Kg72Kp8CDX
Ur5tRbhFh3p-NNsDfpwwU,SPOT,c-xOYEDiC2fyuuqPQjc0P
GmXfqsrxwUSFTTLcn1BJu,SPOT,FhcQjRcxLVAWc1JzJrthh
c59i_lzu6tUexKdj4fIWB,SPOT,LTk_VV7MhuxtY1GKmdrIX
A6iJFDZocZANB0pUbxqPd,SPOT,osGdZovLnCeiFNHlpqZgQ
X4uUwuYZsQgmLznOf-72v,SPOT,eAoPaeXiV3ED7wm6f0Z3E
t01JAmcMjmW_5Ngw-MEc_,SPOT,mVpsYndSntTYF00ogoluZ
6uxhbcON8PPZCmGGkPswA,SPOT,7uiQmoBnO20MuH2l7jmjV
5fCz8fGdGtCNiu9txd5M6,SPOT,hC-dIWHsHPZcKvjJA3eq-
QQaSujnGdK4vZ04uJpg4X,SPOT,T59C8BG10JXzhQe1XuR5j
UcZ8q0agdZKWWXbIQ0lle,SPOT,bhuOMoIvfmrD14z0oloaA
2Et5rZemFFg8oD8Uun4zj,SPOT,ikf1_xK_AuNpUU1LUESRP
kOkGMJo6WXlt9bJ2EeykK,SPOT,bSjqcJ1o3_THRErgnWfKd
nNx-ScNxpvb6_IO7por7v,SPOT,IX-fygUeQxquKANcICYoh
4P1Y4izmNnyZTYRObzbva,SPOT,dZTc3JuNQ_jGsRRW2ryGm
96lFibVw0UY0JrDJjxrxR,SPOT,fWZNrfSL1s6nQUJ20BUN8
y8k6ZnSa4ctLawDQ2n4PM,SPOT,Sg6kLCBE8rO3XDJ8mpC-A
3xuB7OZqJO-Hnmel8fwWq,SPOT,mEV-Cmo12lwxfCNOU9TJ4
bblBj72wZvA0OaqQp5yLQ,SPOT,zAcypVBC6FweR7uEjgLHJ
bvJsVty7G2DsD5HXuMjZf,SPOT,WI4fyH9hjUCxFVH4eaNuF
BHT7fOQtLBlsmA79opZtC,SPOT,EfSo61uiobaWxGH8toZ1e
MSHxqbOmOKQcK35QrDs8n,SPOT,bYGAj2L_RfGbg-7USXN7d
jVD7RGYu4CGIYuGdAffSP,SPOT,hwFqxwLoh6IXidFvNKrYK
_okug7utRfLyd6UAl6xh5,SPOT,3FFomvb9aFHnD2Cer4Q0c
K4MPHPbiWNBfgoNXEWV0O,SPOT,my6NkCimZ_6POywSqwTdd
K_LNBZlv-A7zQ9evC66gU,SPOT,2mdQYld_KNzHnECVQvfmK
9WaC5TbW0QEI9oiHPOz4R,SPOT,MELcQ024lgD3VMZu7nh_9
EJcaU1Au2vkRM7B5LLpmR,SPOT,9Z9n5G2TaEdfWW2F7FMUl
9cPhA-HB4wdWxMfkbePyj,SPOT,kFMDuYhJ9jin19RjQxfLq
IT254l9pYs7GKp9gZWrto,SPOT,5NmusMeG0LlssReEB6Xoh
UVJL-8Wp486jNQoQyBdhG,SPOT,eldgup0di_DnxSYZK_Rqs
_-j501XWwDU3zPfgv306C,SPOT,aFc-9O1N-HzNegmBGNh5U
ne9wLk91wTc2zZRYvw0xn,SPOT,a3uqgDGQUCICyMcXlDnFK
KKk8Bxo_xI7TKzI0o7r5L,SPOT,qrXSzvQMxLWiAISVJ5V12
syYrNvFSIE4R7NLu2-RTo,SPOT,im6Yqcon8dFKdANy6JYG1
NOfz3_INhMW0BB9xQVmlW,SPOT,1ZM30oZxoMXXz7PSB8ZzE
Du_vRBB5KgxI3kepLExRh,SPOT,7p5e43Jk19iuS-Wm9z9om
Bqdj-7nMtYzMIMSK5ODb0,SPOT,cKRqSUvJrG8-Qyqsx-HtF
5XVMW6alV7LLq6XAuqsJD,SPOT,lz8sGiWwdxcLm4tLA8Pni
YHca7-Oj6l8-dA87Tw4N5,SPOT,p_glXUObaRuavHHEJCy1S
EqyZtZhuDUzfEJrarXrvu,SPOT,uvVPzWy_RDTfeiexy1Teg
2Iq_Fr8qsRHD7kEwPADk7,SPOT,nF2nVlP2UikvPAPG54zw0
-JED_NwroBl5Dns7swvWe,SPOT,zWeImmioHrtkOeMQMKmC7
VmpFV2KXM67yPsEYpKYme,SPOT,ohQb0R5xNUjUER9o1o43e
HV-i4ghxw7AjR5HeYOlQ3,SPOT,NwuxCTtYYZ8EqL2pOh20f
tfEs8-ce7d6yLkJaNuWYj,SPOT,jVNPJpZmK5vu4eIP3QQgj
PuXxp6wIgfxAYRTMeN1DK,SPOT,zIpylBU3aIiyXuF3Vnzgk
gT800Z1nsOz47LcQLEmi4,SPOT,p9xv-KNgElk7M9PNL2hr_
9z8Q0Bgp0-5fb14-vkFcE,SPOT,A2600oeKSEmjswNWel6VF
8MD2hbdDgw8T-lN0BjJC2,SPOT,SWE1PlWUjLl0eoRQPyLYc
7kQhPoANnCJGUcAp3iWAe,SPOT,ZRG4OZ4BK9YoVf1zVOIMp
3qHfUfBrKLY5g4NoDelWv,SPOT,mT9JZgo3LW7QbpX3fTjta
wjT6Yp72mU7r3p0TSCrqx,SPOT,jvW9KU0NufTcHyOveyDcY
qn7SlQIeT1F6HJIcl2MAq,SPOT,AEnNrK5l8rbVCE3NnIYUL
z0YOJXzCbUohuFgTF6f1d,SPOT,V_0KLPaR5gX7CG3iwX1nR
UBWbHOeP-PR0J2sn6-k8U,SPOT,59K-DIXSWvdKPQqjH5NEL
tbJqNe8mj6l7Kvh5a1QfW,SPOT,ltI1_VpXkLM9oOOvTpuej
KL4WkgHDi9DwF3lJl5UFE,SPOT,qgi44i5Ud48MkcPkzsGHc
foOEbrytSUbA5s4SudtoT,SPOT,toLmGSHtG-Nzkz32dme44
k_7tglsetZf1kspb0q36Y,SPOT,Qe4uq7eLNhS7nMO479Okr
-toBR4EFYNQU24McEjrdW,SPOT,4v_ny4X7vdgwamd1OlCDQ
KfwdUtLMW1mILCXVOkn0d,SPOT,WvTzQZFJR_wgoXuUE9l3d
zhUOD1VxQxA5w7ETH9BUW,SPOT,LnXXgxM9Wj-RA4xUWxV8j
d4i7QooG20QAfGIdcMYle,SPOT,c8XtkR8x1JJHq5OHsvTKl
p56C5sfUyD68BXsSTSk7c,SPOT,GUmOvsRSNsvKZ4kMY8dLE
lWdnJrSgRJd5QOypeMC-b,SPOT,27Fg6cdv93zEbBmySlTmg
xZzwFbH1riXTSYdv-IzjD,SPOT,N_WPg_4TOzPSJ6CoIXzn3
CQVeUcCD0VlrQhkp2Ik_z,SPOT,jYO0hFrhq_f9VvEwrbAmb
HrpnsjHz3kThcA4aLV50g,SPOT,5qj6yohLT-YdzNRL4kC2A
oW4iFjXnmznJq5utyT-_V,SPOT,PwoRLp9YBvLg-KKUqCZDl
kfeu1Hv5kujK6v9JMcZdn,SPOT,_9S7XwoRoDHiX6IwEJBBt
IAsmu8FCuaRTlGZjhmwPx,SPOT,VsXYL85oe4ASOFt9bEfV4
MLo1Cp2SSpQgtaHpX-ggK,SPOT,erXwUWlozP3sgGjouO7bm
683s9v8quzucKEWoEQI-U,SPOT,sFZh41VOVHUDKYFP_0Ch7
-uqZMkdFdSP5pxheKrMd6,SPOT,0miv6y5dNUahPvtudr0jU
PnmcowHkmy7bjA2BG2lyq,SPOT,pYJ_sUCtHUxw56nRbgv7k
eFzGCSkxs9srl1DSQxGxI,SPOT,5O5801n0KWrmzOwBbkAk-
T8zNEGCJiZTJRwFYeIYfb,SPOT,NcSopcnqoxXjRykwycaEN
xnwgRnNFAH712ph4DAkMv,SPOT,QjFL66homQFsisp5PgIp3
oCv1FwTPueX0ZEkwQg0bQ,SPOT,ZLD8W_IRtgUSITrjbfbG2
JFb9idwen9rnONGxkMhhs,SPOT,3VmB4DyWjKsmEBlTJIw8c
cZjdzSKXH90HyX0GMBx_c,SPOT,FMuB4opMry8YAz6yYnHy1
IfUxtK6V2uT2PJLu6Xlj1,SPOT,IuwH3taoOl_O6b7LoSN2z
hK2ECU8pJIbw_pgoGLqey,SPOT,jt3Z53RrgM6X11aGs5-nR
f-fx1Co0EO8DU5Oi1tnvn,SPOT,y-Mc2QRqTb_IpINsTPa5E
EyGVTixYGCalUzMeyOd3a,SPOT,UdyRmVHC6t1cH6nh9okCn
C6lF25RhCPo3Cqj0ZCFxD,SPOT,IQ6lYOlE5UfNGPs4w643q
VXCw-5SIx2jKUy5aBUBtf,SPOT,whiUbNIyUiePP2xa0yFmL
mEkUTezUXj-GbqBHuHR8o,SPOT,bm0gQV8WiuwtAEAanV8TC
ELfBA6JbJwyT_ea4xy8xO,SPOT,XVFBQ-nO4He4pWCAbcRnS
pkUp4g2_XTbw1MjWwAw61,SPOT,-EhqeXVxAFbV8QYKpH3cB
3U2DxLwGoS76IVSZ-YvKJ,SPOT,bc3ctsLioWCVVvA6QlvdP
Tto5JBZ64_fW61wBbNXpL,SPOT,1t_muRnL7k9r-g_RVGX9x
YbYKaYnVAa5ogpp2uNhPi,SPOT,qMU7gf7A4Li0Id0TM3UkP
e6yJkEITcFZFHN7437sn9,SPOT,VuQBy0zoepL93oTZ0JKDA
se-TIXaNfs3NRz2urR4HT,SPOT,QwhWgB21RK1SXaTio-sM2
hkvk4c7TMU6v1dip1u7vf,SPOT,SD23SN0paa8Ib3eb9ScQf
UPOLnIGIbNu_E20dQHLC_,SPOT,Agq9_HjYPni7cE4EsLP1i
peFaAe5fyeC-V0O2ursGg,SPOT,JGYEx543qZtnGuOI5z6R7
XJouN4-xTkRjl9P4wSrLN,SPOT,UZZ5NcmM250XRr7WLR2mC
TwT8lcNs4aMJXMfN18HTE,SPOT,4MBXfVUBVwI_iWU1NcRC1
fv0U1N6f1OFhir25gX6Cs,SPOT,RqTe8y9L3xhdT_QYWTlFs
T9CHtaYn9OuS79tGtYOgw,SPOT,Yw4pty4bvWgO7NIG2F8Hp
8FWSEmwqTaImyRl3vYM8o,SPOT,l_0AdW8LSjtABr3Fdw39S
l7AySAJUO1lrAIXq-XARj,SPOT,6h0_tguInxtgmJsQFVaO5
0tRB3Mlm25mprMd4NPtMo,SPOT,JzK_58M353PhYAL1sFTI2
jJIcH4hoZZv_QMKCnaA79,SPOT,J1jjTG9o111FbkJ1-IK5h
N6bd6LVH39t4LOl51NwH9,SPOT,vepa9u6Z3NBZC5Q-StLDk
tdKUlw3wdJy1V0CVBd1dI,SPOT,UQLZfMBolyNeGZ6mRgYFz
79jD1pDascp3zGLFmbGXf,SPOT,QVUVuVGYod9nsEwF-HYqE
DTQGc79NwjphnZe2So7FS,SPOT,urFb40x-Vti3vxrvlGjuh
uPmvbJx57U3LlHN70cqEY,SPOT,RVKpbI7Zz09XQl2kLkPoI
FiMwp597fI9vMm3hAv4wx,SPOT,bmcEs9pg1BUJZOxY7Nrzp
7tMSh3ZZig4MvQvURDTK0,SPOT,QNbTR5_T3Zfd-wgDw_uHk
pqEdfXmien38CyHJ0hk20,SPOT,mp91-cJtNuF2DqmzYMcte
tHRacHR8reRGCqrh_J46B,SPOT,3m7MgGBbwlFCRLWLUyAkp
JTNjvK6tke5VD9R_HLnGM,SPOT,EhCCw9pVFJcIqpACPs7VK
BhBf8hd2A3nE2BTjCdcHd,SPOT,VzOQL5Hx8TMmlQhdbVlsD
LCzlhWOGqUmpD2QwaN_s5,SPOT,qpWCrM3gJXoehR_nxToxP
_JBg1NVG-DIcENrS3iAiu,SPOT,R_UpXvGVqYhhVlUXR0mG-
vpfA_sc_Aq6NW_KRqCuJc,SPOT,Fkm-NitQtAVL87V3jUT64
lGdmnoQilyMBEvwnMyOrd,SPOT,5HpH-kAXJTQWHFaK4qwKT
BdeNIFQFMEa5HfENRvbsB,SPOT,Xpw8rtiCbb8sR0C4TwTzX
h5er5pM6eH9WULML9u26t,SPOT,9_ZGN1_j0-6PorU5jK1Px
GEFZGPFto_iBT9ij6FmAE,SPOT,swpqP2H6VAHPzg89zCEgE
dXOFpLM6n2zmsAlSUHRwW,SPOT,biE6RWVX3jL9ZV94Lx-Y1
HJKTRZ0BKFLZTjj0kPCRk,SPOT,Fm0BjsW0YUAT3EQmSw8KD
_cSCK8xEfYwdU1BFlE1Wr,SPOT,l0JwghQyS4ziPp02L1Irl
Q1wDxHNoKl6uQvkCrka8V,SPOT,5O59Mndjgi-eiBg5lWEDE
KvP9tWUDlHEBE5Ynj4QXX,SPOT,fQG1fV_P2GW2-Vs6SEUjD
mCSdU5A6v8Zz4y9c07RVx,SPOT,lOABbxJBY-pomlYN9mXFq
ymZCp7vjPO0B--3GOKQXU,SPOT,azEIohrtml6_BUNSEafPg
DkrlYdoGptLv9tR6O1U25,SPOT,I82QAG5RIcchfyp1bl7Ju
ZYM88SccMk-FAjHdptw0v,SPOT,jSB8uPzWYrOgmp2Rdkuov
HhSfQ2tU58hKq5bISEGXV,SPOT,vmfe-EXwkG8t-4ku1F4y0
szheiUTXjggFFHASL4OkN,SPOT,4XKv9szxgh9QrMiqkL2C4
dceTpgyo6ZFw38qdLuEE9,SPOT,Ptc0yDc5CxNjXYQF9GKhn
k2GaRDND4IoUQ2CpQ11fp,SPOT,oxL7AgUSvh_PrOFVJxbrZ
RZWJXq1sIYMWwb0zNiwxm,SPOT,ROK3c3mOiadDE83-x4_MY
uPAtkD62p76wA2zmf4D0k,SPOT,xZtG-l04L4x1FlfXS_92_
fGijPPmIRgnLRNQTId0mE,SPOT,zjtDtc3CK3ky6MuEqpfb9
WCDVIxHRBBqWgKzdbtUGN,SPOT,ameMEjWBLtlysjziCwS0u