id,title,description,language,content_id
N_v724hGV24hscV9GFe_f,A Luxurious Shiga Escape With Superb Views and Cultural Charm,"If you're looking for a luxurious getaway, Shiga Prefecture is the perfect destination. The region's charm lies in the expansive views of Lake Biwa, the historical ambiance of Hikone Castle, and the exquisite taste of Omi Beef. Kamenoi Hotel Hikone serves as a comfortable onsen hotel overlooking Lake Biwa, conveniently located near the castle and local dining options. You can enjoy the stunning scenery of Lake Biwa by cycling along its shores or taking a scenic cruise. This immersive experience allows you to connect with nature and local life, making it an ideal starting point for your luxurious journey.",EN,MFDtvW-04JsLkeCD1_LTc
ppKpmI855HqlitBTFBNtj,贅沢な滋賀の逃避行：素晴らしい景色と文化的魅力,滋賀県で贅沢なひとときを過ごしたいなら、ここが最適です。滋賀の魅力は、琵琶湖の広大な景色、彦根城の歴史的な雰囲気、そして近江牛の味わいにあります。カメノイホテル彦根は、琵琶湖を見渡す温泉ホテルで、彦根城や地元の食事スポットへのアクセスも良好です。琵琶湖の美しい景色を自転車で楽しんだり、クルージングを楽しんだりすることができ、自然と地元の生活を体験できます。贅沢な旅の始まりにぴったりの場所です。,JA,MFDtvW-04JsLkeCD1_LTc
niKlWFq859smp03O76REr,How to Handle Illness Or Injury While Traveling in Japan,"Traveling is one of life's greatest pleasures, and Japan captivates visitors with its rich culture, delicious cuisine, and pop culture landmarks. However, accidents and unforeseen medical issues can occur while traveling. This guide details how to receive medical care in Japan, covering emergency contact numbers, how to see a doctor, and the importance of travel insurance. Equip yourself with this knowledge to enjoy Japan's ramen shops, shrines, and anime hotspots with peace of mind.",EN,RtKWJF2VshNEFBqHgvx8f
7rQDG7_bO0SJ0EHLgmmEU,日本での旅行中の病気や怪我への対処法,旅行は多くの人にとって人生の中で最も素晴らしい楽しみの一つです。日本はその豊かな文化や美味しい料理、ポップカルチャーの名所で旅行者を魅了しています。しかし、旅行中に事故や予期しない医療の問題が発生することもあります。このガイドでは、日本での医療を受ける方法について詳しく説明します。緊急時の連絡先や医者にかかる方法、軽い症状への対処法、旅行保険の重要性についても触れています。安心して日本のラーメン店や神社、アニメスポットを楽しむために、事前に知識を身につけておきましょう。,JA,RtKWJF2VshNEFBqHgvx8f
raAiMN8zHWJgIN6jhWRgT,"Hachinohe, Aomori: Japan’s Northern Frontier","Hachinohe, located in Aomori Prefecture, is known for its stunning natural landscapes, historic landmarks, and exceptional seafood. The Hachinohe Fishing Port boasts one of the highest catch volumes in Japan, offering fresh seafood like mackerel, flounder, and golden-eye snapper. The rich waters where cold and warm currents meet create firm fish with seasonal peak freshness. A must-try is the pickled mackerel, known for its rich flavor and gentle acidity, which can be enjoyed grilled or as sushi. Experience the delicious seafood of Hachinohe and immerse yourself in its culinary delights.",EN,o3VlAR1tD0LjUYNaVCjaG
Vlbz9-mXamU7qkrxkjuzi,八戸市、青森県：日本の北のフロンティア,青森県の北端に位置する八戸市は、太平洋に面した美しい自然景観と歴史的名所、そして素晴らしい海産物で知られています。八戸漁港は全国でも有数の漁獲量を誇り、特に鯖やヒラメ、金目鯛などの新鮮な海の幸を楽しむことができます。冷暖流が交わる豊かな海域で育まれた魚は、しっかりとした食感と季節ごとの新鮮さが魅力です。特に、米酢で漬け込まれたしめ鯖は、その豊かな風味と酸味が絶妙で、焼いても生で寿司にしても楽しめます。八戸の海の幸を味わいに、ぜひ訪れてみてください。,JA,o3VlAR1tD0LjUYNaVCjaG
kKmJ7c-MNsozYMUiiJ1nu,A Festive Escape at The Tokyo EDITION Hotels,"Spending winter in Tokyo offers a wealth of illuminations and seasonal displays, but this year, a unique holiday experience awaits at The Tokyo EDITION, Toranomon and Ginza. Stepping into these lobbies feels like entering a glowing winter gallery. Both hotels have unveiled their festive centerpiece, the DREAMLIGHT HOTEL, featuring sculptural Christmas tree installations created with renowned art director Yuni Yoshida. Miniature glowing guest rooms form the shape of a Christmas tree, inviting guests to explore. The Toranomon display runs until January 4, 2026, while Ginza's is available until December 25, 2025. Additionally, Toranomon offers a limited-time DREAMLIGHT HOTEL Afternoon Tea, featuring whimsical sweets inspired by the miniature room concept, perfect for a cozy winter afternoon overlooking the city.",EN,ilUwAxfDaSat7T5XNk-5a
Hvl2vSVHgFrcoZAnqTE25,東京エディションホテルでの祝祭の逃避,東京での冬は、イルミネーションや季節のディスプレイが豊富ですが、今年の特別な体験は東京エディション虎ノ門と銀座の2つのスタイリッシュなホテルの中にあります。これらのロビーに足を踏み入れると、まるで静かに輝く冬のギャラリーに入ったかのような感覚になります。両ホテルは、アートディレクターのユニ・ヨシダとデザインブランド130 One Thirtyとのコラボレーションによるクリスマスツリーのインスタレーション「DREAMLIGHT HOTEL」を発表しました。ミニチュアの客室が積み重なり、クリスマスツリーの形を形成しています。虎ノ門の展示は2026年1月4日まで、銀座の展示は2025年12月25日まで行われます。また、虎ノ門では、DREAMLIGHT HOTELアフタヌーンティーも楽しめ、ミニチュアの部屋をテーマにしたスイーツが提供されます。冬の午後にぴったりの体験です。,JA,ilUwAxfDaSat7T5XNk-5a
jHiLs2ey4IwJWfSObyLEE,A Journey Through Western Kyushu,"Western Kyushu, home to Nagasaki and Saga, is a vibrant region filled with breathtaking nature, rich history, and treasured art. From Nagasaki's Netherlands-inspired amusement park to Saga's porcelain-adorned shrine, there are countless attractions to explore. The picturesque islands of Nagasaki and the hidden pottery village in Saga, preserving Edo-period kilns, are must-visit spots. For accommodation, Hotel Lorelei in Sasebo offers convenience, being close to Arita, a quaint pottery town, and features natural hot springs and local cuisine. Experience the charm of Nagasaki and Saga and let them inspire your next adventure in Japan.",EN,qwjbCrJ9Unn1rZzcoftqK
-m4JmA450_PT7J7jMJzDz,西九州の旅,九州の西部に位置する長崎と佐賀は、息をのむような自然、豊かな歴史、貴重なアートが詰まった活気ある地域です。長崎のオランダ風の遊園地や、佐賀の陶磁器で飾られた神社など、訪れる人々を魅了するスポットが満載です。特に、長崎の美しい島々や、江戸時代の名窯が残る佐賀の隠れた陶芸村は、訪れる価値があります。宿泊には、佐世保にあるホテル・ローレライが便利で、アリタの陶器の町にも近く、温泉や地元料理を楽しむことができます。長崎と佐賀の魅力を体験し、次の日本の冒険をインスパイアされてみてはいかがでしょうか。,JA,qwjbCrJ9Unn1rZzcoftqK
IBIpJGagq6S2-vWv3RLJx,Spa Resort Hawaiians: A Tropical Escape with a Japanese Soul in Iwaki,"Spa Resort Hawaiians, located in Iwaki, Fukushima Prefecture, offers a tropical escape with swimsuit-friendly onsens, unique water parks, and fusion restaurants. This retreat beautifully blends Eastern and Western relaxation. Guests can enjoy both indoor and outdoor hot springs, including the Spring Park for family-friendly soaking and the Spa Garden PAREO surrounded by nature. For a taste of traditional Japan, the Edo Jowa Yoichi, the world's largest open-air bath modeled after Edo-period public bathhouses, provides an unforgettable experience. Enjoy a soothing time in the mineral-rich waters that promise relaxation and rejuvenation.",EN,g5VmRZr-1EpTIpm64utIY
2fWWZFGpFiJa5lpeoAE8J,スパリゾートハワイアンズ：いわきの日本の魂を持つトロピカルエスケープ,スパリゾートハワイアンズは、福島県いわき市に位置し、スイムウェアで楽しめる温泉やユニークなウォーターパーク、フュージョンレストランを提供するトロピカルなリゾートです。ここでは、東洋と西洋が融合したリラックスできる空間が広がっています。屋内外の温泉、スイムウェアで楽しめるスプリングパークや、自然に囲まれたスパガーデンパレオでのリラックス、江戸時代の公衆浴場を模した世界最大の露天風呂「江戸情話与一」など、様々な体験が待っています。家族や友人と一緒に、心地よい温泉で癒されるひとときをお楽しみください。,JA,g5VmRZr-1EpTIpm64utIY
Ebc1dNqkd-BkhS7n77aak,Bringing Shiga Prefecture to Tokyo: Events at Coco Shiga,"Shiga Prefecture is renowned for its beautiful freshwater Lake Biwa, the coastal capital of Otsu, and historic sites like Hikone Castle. Experience the culture of Shiga without leaving Tokyo at COCOSHIGA, a unique blend of a souvenir shop, sake bar, and Omi beef sukiyaki restaurant. With seasonal events like Omi tea tasting parties and local sake tastings, COCOSHIGA offers a delightful way to savor the flavors of Shiga. Discover the charm of Shiga right in the heart of Tokyo!",EN,zp-rNlp1ZWP8nIq9wsHnm
DNasf0jTmfO1qImQ15Vle,東京で滋賀県を体験：COCOSHIGAのイベント,滋賀県は、琵琶湖の美しい淡水や大津の海岸首都、彦根城などの名所で知られる地域です。東京にいながら滋賀の文化を楽しむことができるCOCOSHIGAは、土産物店、酒バー、そして近江牛すき焼きレストランが融合したスタイリッシュなスポットです。季節ごとに新しいイベントが開催され、近江茶の試飲会や地元の日本酒のテイスティングなど、滋賀の味を堪能できます。東京で滋賀の魅力を体験してみませんか？,JA,zp-rNlp1ZWP8nIq9wsHnm
JCNYbWspbQ39UzwHuyEh3,A Taste of Shiga at COCOSHIGA,"With Expo 2025 putting the international spotlight on Japan’s bustling Kansai region, there is no better time to visit Shiga prefecture. Located in Tokyo’s Nihonbashi area, COCOSHIGA offers a taste of Shiga through its souvenir store, sake tasting bar, and Omi beef sukiyaki restaurant, KAN KAN KAN. Omi beef, known for its marbling and melt-in-the-mouth texture, can be enjoyed in various styles, paired with locally produced sake. Experience the flavors and traditions of Shiga without leaving Tokyo, and you may find yourself eager to hop on the train west after your visit.",EN,_5rIH1tLRpxBn-ZYSIGlR
NYp_OH3swrc2xHhv4tCm5,滋賀の味をCOCOSHIGAで楽しむ,2025年の万博で国際的な注目を集める日本の関西地域において、滋賀県を訪れる絶好の機会です。東京の日本橋に位置する滋賀県の公式アンテナショップ、COCOSHIGAでは、滋賀の魅力を体験できます。ここでは、滋賀の特産品や工芸品を販売する店舗、酒の試飲バー、そして近江牛のすき焼きレストラン「KAN KAN KAN」が楽しめます。近江牛は日本の和牛の中でも特に優れた品種で、その豊かな風味ととろけるような食感が特徴です。すき焼きや和牛寿司など、滋賀の新鮮な食材と地元の酒と共に楽しむことができます。滋賀の文化と味を東京で手軽に体験し、訪問後には西へ向かう準備が整うことでしょう。,JA,_5rIH1tLRpxBn-ZYSIGlR
JTJXRiMl-Qnh0yDMQNerX,The Ultimate Guide to Japanese Head Spas in Japan,"When traveling in Japan, did you know there’s a way to incorporate wellness into your trip? Japan is filled with experiences that encourage you to slow down, like hot springs and tea ceremonies. One highlight is the Japanese head spa, a multi-step cleansing and nourishing process that prioritizes scalp health, hair care, and mental relaxation. In just one to two hours, you can feel utterly refreshed. This article will define a Japanese head spa, review the process, share benefits, cover average prices, and list tourist-friendly spa facilities. Discover the new you in Japan!",EN,yCInci1KQ7Pwfd3ZMvN3m
BnuWTq3yE-uieQFFXJV8l,日本のヘッドスパの究極ガイド,日本を訪れる際、観光に追われる中で、ウェルネスを取り入れる方法があることをご存知ですか？日本には、温泉や茶道のように、心を落ち着ける体験がたくさんあります。特に注目したいのが、日本のヘッドスパです。これは、スカルプの健康や髪のケア、心のリラクゼーションを重視した多段階のクレンジングと栄養補給のプロセスです。1時間から2時間のセッションで、心身ともにリフレッシュできるでしょう。この記事では、日本のヘッドスパの定義、プロセス、効果、平均価格、観光客に優しいスパ施設を紹介します。日本の新しい自分を見つけるために、ぜひ体験してみてください。,JA,yCInci1KQ7Pwfd3ZMvN3m
WtYw59zKrtmZ0J4q5x9Qz,Yakiniku Inoue Ginza,"In the heart of Ginza, Yakiniku Inoue invites guests to savor some of Tokyo’s finest Japanese Wagyu beef in ways both familiar and unexpected. Most famously, the instant-smoked yukhoe features raw Wagyu tartare crowned with a smoke-filled bubble that bursts theatrically at the table. The course menu is designed as a journey, guiding diners through creative, flavor-packed experiences. Highlights from the Special Course include A5-grade black Wagyu loin, Inoue’s original foie gras, and salt-grilled beef tongue. The warm lighting and rustic brickwork create a cozy atmosphere, contrasting with Ginza’s sleek streetscape. Whether in private rooms or the lively open dining area, Yakiniku Inoue is a stage for shared memories, where exceptional Wagyu, culinary artistry, and heartfelt hospitality come together for an unforgettable experience.",EN,yD1PwkmMNMwgW0gLv23pI
j985h2MR1kutJvjJRW3wX,焼肉いのうえ 銀座,銀座の中心に位置する焼肉いのうえでは、東京の最高級和牛を驚きと喜びの瞬間として楽しむことができます。特に有名な瞬間スモークユッケは、テーブルで劇的に弾ける煙の泡で飾られた生の和牛タルタルです。コースメニューは、創造的で風味豊かな体験を通じてゲストを導く旅のように設計されています。A5等級の黒和牛ロインやオリジナルフォアグラ、塩焼き牛タンなど、特別コースのハイライトは多彩です。温かい照明と素朴なレンガの壁が、銀座の洗練された街並みと対照的な居心地の良い雰囲気を演出します。プライベートルームやオープンダイニングエリアでの賑やかな雰囲気の中で、特別な思い出を共有する場として、焼肉いのうえは忘れられない体験を提供します。,JA,yD1PwkmMNMwgW0gLv23pI
yIDC8Jr7zIEsyFIqSgJOX,Transit Guide: JR Kansai Area Pass,"The JR Kansai Area Pass is a convenient and budget-friendly ticket for exploring western Japan. It allows unlimited travel on JR West trains within the Kansai region, connecting must-see destinations like Kyoto, Nara, Osaka, and Kobe. With this pass, you can enjoy the rich history, culture, and food of the Kansai area without the hassle of multiple tickets. Valid for one to four consecutive days, the pass also offers discounts at select attractions and shops, making it a great addition to your travel plans.",EN,WgjpkKMbkiaXugCuyZz1d
276Iyuf3T3_T-zkVaQ3cq,JR関西エリアパスのトランジットガイド,JR関西エリアパスは、西日本を探索するための便利でお得なチケットです。このパスを使えば、京都、奈良、大阪、神戸などの必見スポットを結ぶJR西日本の列車を無制限に利用できます。歴史、文化、食が詰まった関西地域を、チケットの心配なく楽しむことができます。パスは1日から4日間の連続利用が可能で、特定の観光地や店舗での割引も提供しています。旅行の計画にぜひ役立ててください。,JA,WgjpkKMbkiaXugCuyZz1d
ca8sZ9fR5R0Tf9-4-o2K8,Ski Among Snow Monsters at Ani Ski Resort,"Ani Ski Resort, located in the snow-laden interior of Akita Prefecture, offers steady powder and wide runs, making it a unique destination in Japan's ski scene. One of its most remarkable features is the formation of juhyo, or 'snow monsters', which occur under specific meteorological conditions. These towering white sculptures create an otherworldly landscape, especially stunning from mid-January to March. Visitors can reach this surreal sight via a 20-minute gondola ride, followed by a short walk to a viewing area. The resort also hosts nighttime illumination events during peak season, enhancing the magical atmosphere. With a selection of beginner-friendly courses, Ani Ski Resort is perfect for skiers of all levels.",EN,HtTQo3pyX7fLYIK4TjskZ
z28r1JDhGdTwFHZI3ziC6,雪のモンスターと共にスキーを楽しむ - アニスキーリゾート,アニスキーリゾートは秋田県の雪深い内陸に位置し、安定したパウダースノーと広々としたコースを提供しています。特に注目すべきは、ジュヒョウ（雪のモンスター）と呼ばれる自然現象で、特定の気象条件下でのみ形成されます。モリヨシ山の斜面に広がるこの幻想的な風景は、訪れる人々にとって忘れられない体験を提供します。1月中旬から3月にかけて最も美しい姿を見せ、ゴンドラでのアクセスも可能です。夜間のイルミネーションイベントもあり、特別な雰囲気を楽しむことができます。初心者向けのコースも充実しており、スキーを楽しむには最適な場所です。,JA,HtTQo3pyX7fLYIK4TjskZ
iDIwjxNHr3dt5YIRp60hX,Ghibli Museum: How To Get Tickets (2025 Guide),"The Ghibli Museum in Mitaka, Tokyo, is a must-visit for fans of Studio Ghibli's enchanting films. Tickets go on sale on the 10th of each month at 10 AM (Japan time) and are highly sought after, so it's essential to plan ahead. Tickets for your intended visit month are available the month before, making timely action crucial. The museum showcases beloved characters, sketches, and exhibits from the films, offering an unforgettable experience for Ghibli enthusiasts. Be sure to secure your tickets in advance for a magical visit.",EN,E9rULpY-CmwP8Ar6dQp4r
UTCKg2tGWlgQZyT4gMyUp,ジブリ美術館：チケットの取得方法（2025年ガイド）,東京の三鷹にあるジブリ美術館は、スタジオジブリの映画の魅力を体験できる場所です。チケットは毎月10日の午前10時（日本時間）に販売され、非常に人気があるため、早めに準備する必要があります。特に、訪問予定の月の前月にチケットが販売されるため、計画的に行動することが重要です。美術館では、映画のキャラクターやスケッチ、展示物を楽しむことができ、ジブリファンにはたまらないスポットです。訪れる際は、事前にチケットを確保して、素晴らしい体験をお楽しみください。,JA,E9rULpY-CmwP8Ar6dQp4r
mfk14X5hb2ggmrTi8WzAB,"Explore Kujukuri, Chiba and Beyond","Chiba Prefecture, blessed with a stunning coastline along the Pacific Ocean, is a paradise for outdoor enthusiasts and cultural explorers. Kujukuri Beach, the second longest beach in Japan, offers activities like surfing, stand-up paddleboarding, and horseback riding. The area is also famous for its delicious seafood, including local specialties like Peanut Monaka, a must-try treat. As a base to enjoy the seaside charms, Kamenoi Hotel Kujukuri provides ocean-view rooms, hot springs, and gourmet delights. With easy access from Tokyo, this family and pet-friendly hotel is perfect for all ages. Experience the coastal allure of Chiba!",EN,w7b6RFO9IbCgq8eMdhBHC
GWQvfm5KyaQZvCRBot_ET,九十九里、千葉とその先を探る,千葉県は太平洋に面した美しい海岸線を持ち、アウトドア愛好者や文化探求者にとっての楽園です。九十九里ビーチは日本で2番目に長いビーチで、サーフィンやスタンドアップパドルボード、乗馬などのアクティビティが楽しめます。また、新鮮な海の幸を使った料理も豊富で、特にピーナッツ最中は必見の地元名物です。海の魅力を満喫するための拠点として、亀の井ホテル九十九里は絶好の場所で、オーシャンビューの客室や温泉、グルメが楽しめます。東京からもアクセスが良く、家族やペット連れにも優しいホテルです。千葉の海辺の魅力をぜひ体験してみてください。,JA,w7b6RFO9IbCgq8eMdhBHC
IowSFRaLC0QOMgX2_3YbR,Japan Pottery Tour: Hands,"This exclusive Japanese pottery tour is perfect for pottery enthusiasts and lovers of Japanese culture. Over 11 days, led by expert ceramicist Emily Mallard, you will explore pottery villages, learning traditional techniques through hands-on workshops. Enjoy a tea ceremony, savor kaiseki meals, wear a kimono, and stay in authentic accommodations with onsen. The tour includes visits to renowned pottery sites like Mashiko, Bizen, Tamba, Hagi, and Arita, where you can experience the rich history and stunning architecture of these historical villages. Create personalized souvenirs and immerse yourself in Japan's vibrant cultural heritage.",EN,ojmVtW3366MnGgVFFcZrC
5PImtPRDEe5CvMk1w3POS,日本の陶芸ツアー：手,陶芸に情熱を注ぐ方や日本文化の愛好者に最適なこの特別な日本陶芸ツアーは、11日間にわたり、著名な陶芸家エミリー・マラードの指導のもと、陶芸村を巡ります。伝統的な技法を学びながら、陶芸の歴史を体感できるワークショップや、茶道、懐石料理、着物体験、温泉宿泊など、さまざまな日本の伝統文化を楽しむことができます。歴史的な陶芸村の美しい建築も魅力的です。陶芸の名所である益子、備前、丹波、萩、有田を訪れ、地元の職人による陶芸ワークショップや高級陶器のギャラリーを見学します。陶芸の深い歴史を感じながら、特別な思い出を作りましょう。,JA,ojmVtW3366MnGgVFFcZrC
0HpbG4d6YpFU3Nme88Nnr,GiGO Chofu,"For travelers eager to experience Japan's arcade culture, GiGO Chofu is a brand-new hotspot. Opened on July 15th, this arcade features three floors of fun with over 320 machines across 1,650 square meters. Just 15 minutes by train from Shinjuku, it's conveniently located right in front of Chofu Station's south exit, surrounded by shops and restaurants. The first and second floors offer casual play with crane games and family-friendly attractions, while the third floor caters to serious gamers with medal and rhythm games. To celebrate the grand opening, visitors who register for the GiGO app will receive a free GiGO Soda. Open daily from 10:00 to 23:30, GiGO Chofu is the perfect place to enjoy Japan's arcade culture.",EN,cGRjsxky9EsZBZDu2ru4B
xjt7drTxERavlGodV-lsm,GiGO調布,"日本のアーケード文化を体験したい旅行者にとって、GiGO調布は新たなホットスポットです。7月15日にオープンしたこのアーケードは、1,650平方メートルのスペースに320台以上のゲーム機を備えた3階建ての施設です。新宿から電車でわずか15分、調布駅南口の目の前に位置し、周辺にはショップやレストランも充実しています。1階と2階はクレーンゲームやインタラクティブなマシン、家族向けのアトラクションが揃い、3階ではメダルゲームやリズムゲーム、より本格的なゲームが楽しめます。オープンを記念して、GiGOアプリに登録した訪問者には無料のGiGOソーダがプレゼントされます。毎日10:00から23:30まで営業しており、アーケード文化を手軽に楽しむには最適な場所です。",JA,cGRjsxky9EsZBZDu2ru4B
m0T4eB5hwqb72monBTfr1,25 Authentic Activities in Minobu,"At Kakurinbo shukubo, a 550-year-old Buddhist temple lodge on Mt. Minobu, friendly priests and multilingual working holiday visa holders welcome you to explore 25 authentic experiences unique to Japan and Yamanashi prefecture. Recognized nationally for inbound travel, hospitality, and vegan cuisine, Kakurinbo guarantees exceptional quality and memorable experiences for all faiths and genders. The activities are mostly weatherproof, making them accessible year-round. Notably, helicopter tours of Mt. Fuji and Mt. Minobu offer breathtaking views and unforgettable memories, especially in January, February, and autumn. Plan your journey of discovery today!",EN,7PtLF5sv5WUyY_uQLJ8jC
ZPBBY9GsSIgqv8YrCxL5_,身延の25の本格的なアクティビティ,身延山にある550年の歴史を持つ覚林房宿坊では、フレンドリーな僧侶や多言語を話すワーキングホリデービザ保持者が出迎えてくれます。ここでは、日本や山梨県特有の25の本格的な体験を楽しむことができます。覚林房は、インバウンド旅行、ホスピタリティ、ビーガン料理で全国的な賞を受賞しており、質の高い思い出に残る体験が保証されています。すべての宗教や性別の方が歓迎されており、アクティビティは天候に左右されないものが多いです。特に、ヘリコプターでの富士山と身延山のツアーは、素晴らしい景色を楽しむことができ、一生の思い出になるでしょう。最良の景色は1月から2月、秋に見ることができます。新しい発見の旅を計画しましょう！,JA,7PtLF5sv5WUyY_uQLJ8jC
bfbu4Vy7waC-0hU06lPHD,Aichi Awaits: Seven Authentic Experiences Beyond Nagoya,"When thinking of Aichi Prefecture, Nagoya often comes to mind, but this region has so much more to offer. Beyond Nagoya lies a wealth of cultural, spiritual, and culinary experiences waiting to be explored. In Chita City, you can immerse yourself in a local craft beer brewing experience, paired with comforting dishes made from seasonal ingredients. Additionally, embark on a spiritual journey up sacred Mt. Horaiji, where you can visit historic temples and shrines while enjoying breathtaking views. Discover the deeper allure of Aichi and step into a journey that goes beyond typical sightseeing.",EN,mqHx7bkZ3skWx8seeRcgQ
lsw2LvLaKJnc-oTQju2WV,愛知が待っている：名古屋を超えた7つの本格的な体験,愛知県と言えば名古屋が思い浮かびますが、この地域にはそれ以上の魅力があります。名古屋を超えた愛知には、文化的、精神的、そして料理的な体験が待っています。例えば、知多市では地元のクラフトビールを醸造する体験ができ、温かみのある田舎の料理と共に楽しむことができます。また、心身を癒すための聖なる山、ホライジ山を登る旅もおすすめです。歴史的な寺院や神社を巡りながら、息をのむような景色を楽しむことができます。愛知の深い魅力を体験するための旅に出かけてみませんか？,JA,mqHx7bkZ3skWx8seeRcgQ
l72ktnhsyBprLPE5KvwhF,Suica 2026 and Beyond: What’s New and What’s Cool,"Since its launch in 2001, the Suica card has revolutionized train travel in Japan by replacing paper tickets with simple tap-to-pay convenience. JR East is preparing to evolve Suica into a comprehensive digital platform over the next 10 years, transcending transportation and payments. The new 'Suica app' will serve as a lifestyle companion, offering personalized services. By 2029, users can subscribe to monthly plans with discounts and exclusive coupons. Starting in spring 2027, the service area will expand to unify regions including Tokyo and Akita. The app will also support linking credit cards and bank accounts, as well as code payment functionality, enhancing user experience.",EN,AlvPxhbDH-b9PfLPznpaI
EfVyDwe5f7UwGkPHEC0PY,Suica 2026年以降の新機能と魅力,2001年の導入以来、Suicaカードは日本の鉄道旅行を革新し、紙の切符をシンプルなタップ決済に置き換えてきました。JR東日本は、今後10年間でSuicaを交通や決済を超えた包括的なデジタルプラットフォームへと進化させる準備を進めています。新しい「Suicaアプリ」がライフスタイルの伴侶として登場し、個別化されたサービスを提供します。2029年には月額プランのサブスクリプションが可能になり、最大50%の運賃割引や独占クーポンが提供されます。また、2027年春からはサービスエリアが拡大し、東京、長野、仙台、新潟、盛岡、青森、秋田が統一されます。新しいアプリでは、クレジットカードや銀行口座のリンク、コード決済機能もサポートされ、より便利でスマートな体験が実現します。,JA,AlvPxhbDH-b9PfLPznpaI
FTW4537KPWcWgfr_5NKXj,Mt. Fuji Hike 2025: New Safety Rules & Registration Guide,"In 2024, over 204,000 people hiked Mt. Fuji, but the increase in international tourists has led to serious issues like overcrowding and safety risks. Starting in 2025, Shizuoka Prefecture will implement new climbing regulations for the Fujinomiya, Gotemba, and Subashiri trails. These rules will require pre-registration, ensuring climbers are well-prepared with proper gear and planning. The regulations aim to promote safety and respect for the mountain's cultural significance. Visitors are encouraged to understand these new rules and prepare accordingly to enjoy the breathtaking beauty of Mt. Fuji responsibly.",EN,8RvcJBJNrnxJOtr5SY2lH
uuxemTcCT6p6VuZ5cPdmf,富士山ハイキング2025：新しい安全ルールと登録ガイド,"2024年には204,000人以上が富士山を登ったが、特に国際観光客の増加により、過密、準備不足、安全リスク、そして山の繊細な生態系への負担が深刻な問題となっている。2025年から、静岡県は富士山の富士宮、御殿場、須走りのトレイルに新しい登山規則を導入する。これにより、登山者の安全と環境保護が図られる。新しい規則は、事前登録を義務付け、登山者が適切な装備と計画を持つことを促進する。登山者は、山の文化的な重要性を尊重し、トレイルのマナーを守ることが求められる。これにより、より安全で倫理的、環境に配慮した登山体験が提供される。富士山の美しさを楽しむために、ぜひ新しいルールを理解し、準備を整えて訪れてほしい。",JA,8RvcJBJNrnxJOtr5SY2lH
kdxuWmrPQUx3O2l3aVzlK,I’m Donut?: Japan’s Viral Donut Sensation,"Japan's dessert trend, I’m donut?, has captivated sweet lovers since its 2022 debut. This unique donut specialty shop offers a Japanese twist on the classic treat, attracting long lines in Tokyo and beyond. In April 2025, it opened its first international location in Times Square, New York, where eager customers lined up before dawn. The shop features an open kitchen and minimalist design, offering exclusive flavors like PB&J and drinks made with Uji matcha from Kyoto. With its innovative flavors and Japanese ingredients, I’m donut? is a must-visit for food enthusiasts.",EN,hNyF2BQ5mm-GCcoxEI-EM
MD_cnoCQtF0nHD_9wRX_G,ドーナツ？: 日本のバイラルドーナツセンセーション,日本のデザートトレンドの中でも、I’m donut?は特に注目を集めています。2022年に登場したこのドーナツ専門店は、ユニークな日本風のドーナツを提供し、東京を中心に多くのファンを魅了しています。2025年4月にはニューヨークのタイムズスクエアに国際的なフラッグシップ店をオープンし、開店前から長蛇の列ができました。店内はオープンキッチンとミニマリストデザインで、ニューヨーク限定のPB&Jや日本の宇治抹茶を使ったドリンクも楽しめます。日本の食材を活かしたフレーバーが揃い、訪れる価値のあるスポットです。,JA,hNyF2BQ5mm-GCcoxEI-EM
DDS1tMyKRl6RWe-BQtg2Q,INDEN,"Founded in 1582, INDEN-YA is one of the few remaining practitioners of traditional Japanese leatherworking. With a history spanning over 400 years, the company has continuously evolved, creating practical products that blend meticulous craftsmanship with contemporary aesthetics. 'Inden' refers to deerskin leather decorated with lacquer or other materials, and Koshu Inden, developed in Kofu, was designated as a Traditional Craft Product in 1987. INDEN-YA promotes inden culture through stylish products like wallets, coin purses, and bags. During the Edo period, the company shifted focus from upper-class items to everyday goods, continuing to adapt through the Meiji era. Discover the rich history and unique products of INDEN-YA.",EN,eU0PZ5FRfk7aUb1ZYOvoK
KkoZ8k8OuhDG5_kvmV3IY,INDEN,1582年に設立されたINDEN-YAは、伝統的な日本の革細工を今に伝える数少ない職人の一つです。400年以上の歴史を持つこの会社は、時代と共に進化し続け、緻密な職人技と現代的な美学を融合させた実用的な製品を生み出しています。「印伝」とは、漆や他の素材で装飾された鹿革を指し、甲府市で発展した甲州印伝は1987年に伝統工芸品に指定されました。INDEN-YAは、財布や小銭入れ、アクセサリー、バッグなどのスタイリッシュな製品を通じて印伝文化を広めています。江戸時代には、上流階級向けから一般向けの日用品へとシフトし、明治時代にはライフスタイルに合った商品を生産しました。INDEN-YAの歴史を知り、伝統と現代が融合した製品をぜひ体験してください。,JA,eU0PZ5FRfk7aUb1ZYOvoK
qfMP9CJyqIamsihQZp1p8,"Takaharu: Where Legends, Culture, and Nature Coexist","Takaharu is a charming town located in southwestern Miyazaki Prefecture, offering captivating nature, rich cultural heritage, and culinary delights. In late February 2025, Sano Shrine hosted a unique event called 'Immersive Journey Through the Reminiscence of Takaharu,' showcasing the town's nationally designated cultural properties through digital imagery. Although the event has passed, visitors can still explore the cultural highlights and discover the town's wonders. Takaharu is about a one-hour drive from Miyazaki City and is partially home to Kirishima-Kinkowan National Park, known for its agricultural landscapes and mountainous surroundings. The town is also recognized as the birthplace of Japan's first emperor, Emperor Jimmu. Experience the rich legends and culture of Takaharu amidst its beautiful nature.",EN,tFfs4D7l4VTwWN5Ho0j97
j4sc-UlSPhTdWXpl-NUIq,高原：伝説、文化、自然が共存する場所,高原は宮崎県南部に位置する魅力的な町で、素晴らしい自然、豊かな文化遺産、そして美味しい料理が楽しめます。2025年2月下旬には、高原の佐野神社で「高原、記憶のイマーシブ」というユニークなイベントが開催され、町の国指定文化財をデジタルで紹介しました。このイベントは終了しましたが、今でも高原の文化的なハイライトを直接体験し、町の魅力を発見することができます。高原は宮崎市から車で約1時間の距離にあり、霧島・錦江湾国立公園の一部を含む小さな町です。農業の風景と山々に囲まれたこの地域は、日本の初代天皇である神武天皇の生誕地としても知られています。自然豊かな高原を訪れて、伝説と文化に触れてみてはいかがでしょうか。,JA,tFfs4D7l4VTwWN5Ho0j97
fonwb-sixuANFRnzoPCPJ,Transit Guide: JBL Pass,"The JBL Pass is a flat-rate bus ticket designed for foreign tourists and international students, allowing holders to ride up to three express buses per day for three, five, or seven days. It covers approximately 130 routes, providing access to popular destinations like Hida Takayama, Kanazawa, Kyoto, and Osaka. There are options for an all-days pass and a discounted Mon–Thu pass. The JBL Pass offers excellent cost-effectiveness for travelers, enabling them to create seemingly infinite itineraries while enjoying long-distance travel.",EN,xdxYawmftfuJwI9FWkmwF
3YDHwJwLRkx5VdTdwgTEX,トランジットガイド：JBLパス,JBLパスは、外国人観光客や留学生向けのフラットレートバスチケットで、3日、5日、または7日間、1日最大3本のエクスプレスバスに乗ることができます。約130のルートをカバーし、人気の観光地である飛騨高山、金沢、京都、大阪などへのアクセスが可能です。全日利用できるパスと、月曜から木曜の利用に特化した割引パスがあります。JBLパスは、旅行の目的地や好みに応じて、コストパフォーマンスに優れた選択肢です。長距離移動が可能で、無限の旅程を組むことができます。,JA,xdxYawmftfuJwI9FWkmwF
WA5fx2dtCOvpBbf14X2fD,Cherry Blossoms and Tuna Gourmet in Nachikatsuura,"Japan's cherry blossom season is approaching, transforming the landscapes into festive sceneries. Nachikatsuura, a lesser-known cherry blossom spot, offers not only stunning blooms but also rich historical heritage, rejuvenating hot springs, and some of the freshest tuna in the country. Kamenoi Hotel Nachi Katsuura serves as an excellent base for sightseeing, with easy access to local attractions. Cherry blossoms typically bloom from late March to early April, with Seigantoji being a must-see. Experience the visual and gastronomic delights of Nachikatsuura this spring.",EN,1ioYwXwedwQ9BwVSmcfY5
k8jLCQ7nycG_jYHu0e1Ew,南紀勝浦の桜とマグログルメ,日本の桜の季節が近づいています。この特別な時期、桜の花が日本の風景を華やかに彩ります。南紀勝浦は、あまり知られていない桜の名所で、歴史的な遺産や温泉、新鮮なマグロも楽しめます。勝浦の観光拠点として、亀の井ホテル南勝浦は最適で、周辺の名所へのアクセスも良好です。桜は通常、3月下旬から4月上旬に見頃を迎え、特に青岸渡寺の桜は見逃せません。美しい桜と美味しい食事を楽しむために、南紀勝浦を訪れてみてはいかがでしょうか。,JA,1ioYwXwedwQ9BwVSmcfY5
i1WbG1-iIG9b2EgWTZ5_2,"Create Your Own Adventure in Uchiko, Ehime Prefecture","After arriving in Matsuyama City, take a train southwest to Uchiko, a charming town known for its wax, kites, and retro townscape. Experience traditional Japanese candle-making, enjoy the Ikazaki Kite Battle Festival, and create gilded postcards at the Ikazaki Gilding Washi workshop. Uchiko offers a unique cultural experience where you can relax and immerse yourself in the local traditions.",EN,gyZ2UqxNcGzFBBhBujmtk
Pra-TpNaCVSydAKRy-t2z,愛媛県内子で自分だけの冒険を作ろう,愛媛県の松山市に到着したら、南西に向かう電車に乗って内子へ。内子は、ろうそく、凧、森林に囲まれた山々、レトロな街並み、海賊料理で知られる魅力的な町です。ここでは、伝統的な日本のろうそく作りを体験したり、風を感じる凧バトル祭りを楽しんだり、金箔を使った和紙のポストカード作りを体験できます。内子の文化に触れながら、ゆったりとした時間を過ごすことができる素晴らしい場所です。,JA,gyZ2UqxNcGzFBBhBujmtk
UXKOBg3X4PAVX2eb40RUv,Watanabe Sake Brewery,"Watanabe Sake Brewery, established in 1870, is a pioneer in promoting Gifu's traditional sake-making, surrounded by beautiful mountains and blessed with some of the purest water in Japan. Located in Hida's Furukawacho district, this historic brewery produces award-winning nihonshu, including the Hourai brand, which attracts customers worldwide. Visitors can enjoy a sake tasting plan, making it a must-visit destination in Hida Furukawa. Now in its ninth generation of owners, Watanabe Sake Brewery exports its sake globally while maintaining a loyal fanbase in Japan. The beautiful and historic brewery building is also a registered tangible cultural property.",EN,OrEULw9HhQB6G8vWGW2PZ
L2ZiIXuFWa7NBJttgO8GW,渡辺酒造,渡辺酒造は、1870年に設立され、岐阜県の伝統的な酒造りを推進する先駆者です。美しい山々に囲まれ、純粋な水源に恵まれた飛騨の古川町に位置し、歴史に根ざしたこの酒造は、世界中の顧客を魅了する「蓬莱」ブランドなどの受賞歴のある日本酒を生産しています。訪問者は酒の試飲プランを楽しむことができ、古川を訪れた際には必見のスポットです。現在、九代目のオーナーが経営を行い、国内外に酒を輸出し、地元のファンにも愛されています。美しく歴史的な酒造の建物は、登録有形文化財にも指定されています。,JA,OrEULw9HhQB6G8vWGW2PZ
PvTyq1JSKi0QF75oFyDhJ,Winter Views of Hida Furukawa,"Hida Furukawa is a small traditional town nestled in the beautiful hills of northern Gifu Prefecture, retaining much of its historic charm. In winter, the entire town is blanketed in snow, transforming it into a magical snowy landscape. The Shirakabe Dozogai, lined with old buildings, becomes even more enchanting as snow piles up, enhancing the town's atmosphere. Visitors can explore cozy cafes and stylish restaurants serving seasonal local cuisine. Additionally, nearby ski resorts offer courses for all skill levels, allowing for a fantastic winter sports experience without long wait times. Hida Furukawa in winter is a special experience worth visiting.",EN,FwwCOhVKIe750gYxX7TFl
IR-dE9ytf2MqYY6flmeA4,飛騨古川の冬の景色,飛騨古川は、岐阜県北部の美しい丘に位置する小さな伝統的な町で、歴史的な魅力を多く残しています。冬になると、町全体が雪に覆われ、魔法のような雪景色に変わります。古い建物が並ぶ白壁土蔵街では、雪が積もり、町の雰囲気を一層引き立てます。小さな運河や温かいカフェ、地元の季節料理を楽しめるレストランもあり、冬の散策にはぴったりです。また、近くのスキーリゾートでは、初心者から上級者まで楽しめるコースが揃っており、待ち時間なしで滑ることができます。飛騨古川の冬は、訪れる価値がある特別な体験です。,JA,FwwCOhVKIe750gYxX7TFl
Mv0Z8Kewh6xcPy3xmRN93,Best Places to See Cherry Blossoms in Japan,"Spring in Japan is a breathtaking spectacle as cherry blossoms transform the landscape with their soft pink and white hues. Discover 40 cherry blossom spots worth visiting in spring, including iconic locations like Chidorigafuchi and Nakameguro in Tokyo. Experience the lively atmosphere of Ueno Park with its 1,000 cherry trees, or enjoy a scenic stroll along the Sumida River. Don't miss the Nakameguro Sakura Festival, featuring food stalls and evening illuminations. With beautiful parks like Negishi Park in Kanagawa, spring is the perfect time to immerse yourself in the beauty of cherry blossoms.",EN,6DCdTKlZ-N-cDQKmXahDl
7OizaUXszExY9VcZqarOF,日本で桜を見るのに最適な場所,日本の春は、桜が柔らかなピンクと白の色合いで風景を変える息をのむような光景です。桜の季節が始まる春に訪れるべき40の桜スポットを紹介します。東京の千鳥ヶ淵や中目黒、上野公園など、桜の名所が揃い、賑やかな雰囲気の中で花見を楽しむことができます。特に中目黒では桜祭りが開催され、夜のライトアップも見逃せません。隅田川沿いの桜並木や、神奈川の根岸公園もおすすめです。春の訪れを感じながら、これらの美しいスポットで桜を楽しんでみてはいかがでしょうか。,JA,6DCdTKlZ-N-cDQKmXahDl
8WM-oFxDvRJsbUG0fuic6,Dragon Ball Store Tokyo,"Located on the first floor of Tokyo Station's Ichibangai, the Dragon Ball Store Tokyo is the world's first permanent store dedicated entirely to the Dragon Ball universe. A large statue of Son Goku and a dragon greets visitors, immersing them in the world created by Akira Toriyama. The store features exclusive items not available anywhere else, including the History Series and a newly illustrated cover art of Dragon Ball Volume 1. Additionally, replica cel-style art recreates memorable scenes from the series, along with lighter souvenir options like candy in a Four Star Ball case. If you're in Tokyo Station, this is a must-visit destination.",EN,leFeYPt3Eq4dZpxI1t4Ga
z0RuKGG_6fF8k6j8GQAsg,ドラゴンボールストア東京,東京駅の一番街に位置するドラゴンボールストア東京は、世界初のドラゴンボール専用の常設店舗です。店内には、孫悟空とドラゴンの大きな像が出迎え、訪れる人々をアキラ・トリヤマが創り出した世界に引き込みます。ここでは、他では手に入らない限定商品が揃い、特に「ヒストリーシリーズ」や新たに描かれたドラゴンボールの表紙アートが注目を集めています。また、思い出のシーンを再現したレプリカセルスタイルのアートや、四星球のケースに入ったキャンディなど、軽いお土産も豊富です。東京駅を訪れた際には、ぜひ立ち寄ってみてください。,JA,leFeYPt3Eq4dZpxI1t4Ga
WA-YSr7c2j_XGuY7LMH1Q,Rest & Relaxation in Nansatsu’s Traditional Inns & Temples,"Located at the southern tip of Kyushu Island, Kagoshima Prefecture is a haven for those seeking peace in nature. With beautiful beaches, mountains, and hiking trails, it attracts visitors from all over. Notably, Ibusuki Hakusuikan is a Japanese inn surrounded by aromatic pine trees, offering stunning views of Kagoshima Bay. The inn features traditional tatami floors and calming interiors, providing a perfect retreat. Guests can indulge in seasonal kaiseki cuisine while enjoying breathtaking views, making it an ideal spot for morning coffee or evening sake. Experience the unique charms of Nansatsu and immerse yourself in traditional Japanese culture.",EN,yJ7mSXAi_21L3eXke3sZW
a9_r6_ykZ3CufKGacqTHx,南薩摩の伝統的な宿と寺院での休息とリラクゼーション,南九州の鹿児島県に位置する南薩摩は、自然の中での平和を求める人々に最適な場所です。美しいビーチや山々、ハイキングコースが広がり、訪れる人々を魅了します。特に、伊集院の「いぶすき白水館」は、香り高い松の木々に囲まれ、鹿児島湾を見渡す絶好のロケーションにあります。伝統的な畳の床や落ち着いた色合いのインテリアが特徴の客室で、贅沢なひとときを過ごせます。季節ごとの食材を活かした懐石料理も楽しめ、朝のコーヒーや夕方の酒を楽しむための素晴らしい景色が広がっています。南薩摩の魅力を体験しに、ぜひ訪れてみてください。,JA,yJ7mSXAi_21L3eXke3sZW
pbZE6Nr-uceJMPTTyUCb5,Discover Hakodate: A Vibrant Port City in Hokkaido,"Hakodate is the perfect destination for adventurers seeking seafood, unique Japanese-Western culture, hot spring relaxation, and mesmerizing nature away from crowded tourist spots. Located in Hokkaido, Japan's northernmost prefecture, this port city is renowned for its high-quality seafood, picturesque cityscape, and breathtaking nature. As one of the first cities to reopen to international trade, Hakodate features numerous sites showcasing international influence, including the historic Motomachi district. Between sightseeing spots, rejuvenating hot springs and unparalleled seafood provide perfect ways to rest and recharge. The Hakodate Kokusai Hotel, conveniently located just 30 minutes from Hakodate Airport and 8 minutes from Hakodate Station, offers luxurious accommodations with stunning views of the port, delicious local seafood breakfasts, and healing hot spring baths. Experience the charm of Hakodate and start imagining your next trip to Japan.",EN,zh-qHzWfMbOd4zUCYzB_c
sr92tL14CLgyZ_lQHhVab,函館を発見する：北海道の活気ある港町,函館は、海鮮、独特の日本と西洋の文化、温泉でのリラクゼーション、そして人混みから離れた魅惑的な自然を求める冒険者に最適な場所です。北海道の最北端に位置し、三方を海に囲まれたこの港町は、高品質な海鮮、美しい市街地、そして息をのむような自然が魅力です。国際貿易が再開された最初の都市の一つである函館は、歴史的な元町地区など、国際的な影響を示す数多くの名所があります。市内の観光スポットの合間には、癒しの温泉や比類のない海鮮料理が、休息とリフレッシュの完璧な方法となります。函館国際ホテルは、函館空港からバスで30分、函館駅から徒歩8分の便利で豪華な宿泊施設で、港を見渡す素晴らしい景色とともに、地元の海鮮朝食や温泉を楽しむことができます。次の日本旅行を想像しながら、函館の魅力を体験してみてください。,JA,zh-qHzWfMbOd4zUCYzB_c
ofsNRgw5A8RiQhhRWTh9W,Photogenic Miyazaki: Relaxation and Discovery,"Miyazaki Prefecture is a place where mythology meets breathtaking natural scenery. Notably, the town of Takachiho is deeply connected to Japanese mythology, featuring the legend of Susanoo-no-Mikoto. To experience the charm of Miyazaki, visiting its photogenic spots is essential. As a rejuvenating accommodation, Phoenix Seagaia Resort offers luxurious stays overlooking the Pacific Ocean, complete with hot springs, gourmet cuisine, and various activities. This resort is suitable for all travelers, making it the perfect base for a unique Miyazaki getaway that combines cultural and natural exploration.",EN,H2ICjRG35pROORB2Exim2
Cfx9bHn1YZ0i5radZ-rqE,フォトジェニックな宮崎：リラクゼーションと発見,宮崎県は、神話と神秘的なスポットが出会う場所で、美しい自然景観が広がっています。特に、タカチホの町は日本の神話に深く結びついており、スサノオノミコトの伝説が語られています。宮崎の魅力を体験するには、フォトジェニックなスポットが豊富なこの地を訪れることが不可欠です。リフレッシュできる宿泊施設として、フェニックスシーガイアリゾートがあり、太平洋を望む贅沢な滞在を提供しています。温泉や美味しい料理、様々なアクティビティが揃い、すべての旅行者に適した宿泊先です。文化と自然の探求を組み合わせたユニークな宮崎のリゾート滞在を楽しんでみてください。,JA,H2ICjRG35pROORB2Exim2
8XZc7rmKyj1xecDHHH1Gg,"Wintertime Magic in Otaru, Hokkaido","Nestled in Hokkaido, Otaru is a charming port city facing the Sea of Japan, where breathtaking scenery meets artisanal traditions and local gastronomy. Winter transforms Otaru into a fairytale setting, with its famous canal and historical sites blanketed in snow. Stroll along the canal, illuminated by gas lamps at night, for a magical experience. For those seeking adventure, the picturesque mountains nearby offer excellent winter sports opportunities. Hotel Sonia Otaru, overlooking the canal, provides a perfect base with natural hot springs and exquisite cuisine, making it an ideal spot for your winter retreat.",EN,Dk74ZMwsYNUocbGhC9WcM
sQjH4qQ7gHLr6VrGY49Me,小樽の冬の魔法,北海道の小さな港町、小樽は日本海に面し、魅力的な雰囲気と息をのむような風景、職人の伝統と地元の美食が融合しています。特に冬の季節は、小樽の運河や歴史的な名所が雪に覆われ、まるでおとぎ話のような景色に変わります。運河沿いの散策や、夜のガス灯に照らされた幻想的な風景は、訪れる人々に特別な体験を提供します。また、冬のスポーツを楽しむための美しい山々も近くにあり、アクティブな体験も可能です。観光の拠点として、運河を望むホテルソニア小樽は、温泉や美味しい料理を提供し、冬のリトリートに最適な場所です。,JA,Dk74ZMwsYNUocbGhC9WcM
2zypC1GvciCvl4CZSinHx,"Explore Ako, Tatsuno, and Himeji with Ease From Kamenoi Hotel Ako","On the coast of Hyogo Prefecture, the towns of Ako, Tatsuno, and Himeji offer a journey that blends Japan’s natural beauty with its living history. Surrounded by the calm waters of the Seto Inland Sea, you can explore Ako’s legacy of the 47 Ronin, Tatsuno’s preserved merchant streets, and Himeji’s world-renowned castle. Discover local flavors that bring each destination’s story to life, making it a feast for both the eyes and palate. Stroll through Ako’s historical sites like Oishi Shrine and Kagaku-ji Temple, and experience the artistry of Ako Dan-tsu weaving. This region harmonizes natural beauty with cultural richness, making it a must-visit.",EN,EvZ287EMAlePxnZTQ0cvQ
d2-xKIAqmr-Il9dusMHLW,神戸のKamenoi Hotel Akoからの楽しいAko、辰野、姫路の探訪,兵庫県の海岸に位置するAko、辰野、姫路の町は、日本の自然美と歴史が融合した旅を提供します。穏やかな瀬戸内海の島々の水に囲まれ、漁村や風光明媚な岬が季節ごとに変わる海岸線と出会います。Akoの47士の伝説、辰野の保存された商人の街並みと醤油の伝統、姫路の世界的に有名な城など、文化と職人技の歴史を語る名所が点在しています。地元の味覚が各地の物語を生き生きとさせ、目だけでなく舌でも楽しめるエリアです。歴史が息づくAkoの街を散策し、Oishi ShrineやKagaku-ji Templeを訪れ、伝統的なAko Dan-tsuの工房で手作りのカーペットを体験してみてください。美しい自然と文化の豊かさが調和したこの地域をぜひ訪れてみてください。,JA,EvZ287EMAlePxnZTQ0cvQ
lZRFgFFpP2_j0rO3AUj6_,"Hotel NORD Otaru, Your Front","Otaru, a small port city in Hokkaido, captivates visitors with its seasonal charm. In spring, cherry blossoms adorn the city, making canal strolls a delightful experience. Hotel Nord Otaru serves as the perfect base to enjoy the beauty of the historic stone warehouses and glowing gas lamps along the canal. Visitors can explore Temiya Park for hanami (flower-viewing) and take the Mt. Tengu Ropeway for breathtaking views. Local cafes offer sakura-inspired sweets, and the renowned patisserie LeTAO's cheesecakes are a must-try. Spring in Otaru is a season filled with beauty and discovery.",EN,o5hdvY_x_sl4jcOQ1ezcK
HCLOaS0yDPwD4GpcJ6Epb,ホテルノルド小樽、あなたのフロント,小樽は四季折々の魅力を持つ北海道の小さな港町です。春には桜が咲き誇り、運河沿いの散策が楽しめます。ホテルノルド小樽は、歴史的な石造りの倉庫やガス灯が灯る運河の美しさを堪能できる絶好の拠点です。春の訪れと共に、テミヤ公園での花見や天狗山ロープウェイからの絶景を楽しむことができます。地元のカフェでは桜をテーマにしたスイーツも味わえ、特に有名なパティスリーLeTAOのチーズケーキは見逃せません。小樽の春は、美しさと発見に満ちた季節です。,JA,o5hdvY_x_sl4jcOQ1ezcK
VC8WExTqWDKGx9EWzyvKF,Brisk Stand Suidobashi,"BRISK STAND is a fast-casual burger chain originating from Kobe, now expanding across Tokyo. It won the 2025 Japan Burger Championship with its signature 'Cut Burger,' featuring a unique double-searing technique that enhances juiciness and flavor. Each burger is made with 100% domestic Japanese beef patties, seasoned with natural sea salt. The newly opened Suidobashi location boasts a refined Japanese aesthetic, providing a charming atmosphere while you wait for your meal. Conveniently located just a two-minute walk from JR Suidobashi Station.",EN,pmtQ0JGnc6Ged-TZfC9O-
PbC5la1qfWCFvL3BmYplz,ブリスクスタンド水道橋,ブリスクスタンドは、神戸発のファストカジュアルバーガーチェーンで、東京を中心に展開しています。2025年の日本バーガーチャンピオンシップで受賞した「カットバーガー」は、特製の二重焼き技法でジューシーさと香ばしさを引き出した一品です。全てのバーガーは100%国産の牛肉パティを使用し、自然の海塩で味付けされています。水道橋に新しくオープンした店舗は、洗練された和の美を取り入れた内装が特徴で、待っている間も楽しめる空間です。JR水道橋駅から徒歩2分の便利な立地にあります。,JA,pmtQ0JGnc6Ged-TZfC9O-
1A4CSpGYVuo7_0OZOapaE,"Winter Adventure in Akita, Japan","Akita, located in northern Honshu, is cherished for its breathtaking nature, rejuvenating hot springs, and rich cultural heritage. Winter is arguably the most magical season, as thick blankets of snow create a stunning landscape perfect for snow sports and sightseeing. The ski resorts in Akita are blessed with abundant powder snow, attracting adventurers from all over. The snow-covered Kakunodate Samurai District and Yokote Kamakura area offer picturesque spots that showcase history and culture. Additionally, winter is the prime onsen season, with Nyuto Onsen being a premier destination featuring open-air baths with charming winter views. With its combination of snow sports, sightseeing, and cozy accommodations, Akita is a must-visit for winter lovers.",EN,RNbBgRKE-9bUxqv300-7S
BJWzztnw9do3SvtThFh4r,秋田の冬の冒険,秋田は本州北部に位置し、息をのむような自然、癒しの温泉、豊かな文化遺産で愛されています。特に冬は、厚い雪に覆われた美しい景色が広がり、スノースポーツや観光に最適な時期です。秋田のスキーリゾートは豊富なパウダースノーに恵まれ、スキーやスノーボードを楽しむ人々を魅了します。また、雪に覆われた角館の武士町や横手のかまくらエリアは、歴史と文化を感じさせる美しいスポットです。寒い冬は温泉のベストシーズンでもあり、乳頭温泉郷は魅力的な景色を楽しめる露天風呂が揃った人気の温泉地です。スノースポーツ、観光、快適な宿泊施設が揃った秋田は、冬を愛する人々にとって見逃せない目的地です。,JA,RNbBgRKE-9bUxqv300-7S
DlXLjpmgZnAn3mcXqlPo3,One Full Day in Kamogawa From Kamenoi Hotel Kamogawa,"If your perfect weekend includes sand between your toes, the scent of sea salt in the air, and the thrill of discovering hidden sceneries, then Kamogawa might be exactly where you need to be. Staying at Kamenoi Hotel Kamogawa sets you up for a special experience. Start your day with the sunrise over the Pacific Ocean from the hotel's open-air bath, Tenku-no-Yu, followed by a relaxing breakfast. Then, head to Kamogawa Sea World, where you can watch orcas and dolphins perform up close, making it a highlight for families and solo travelers alike. For lunch, savor the local seafood with a delicious Oraga-don, a rice bowl featuring fresh fish.",EN,dqgMt_xYZsZLFvYV9idoF
LHBqAOhBKipDRg7thXQg-,鴨川の一日 - 亀の井ホテル鴨川から,鴨川での完璧な週末を過ごすなら、砂浜や海の香り、隠れた景色の発見が待っています。亀の井ホテル鴨川に宿泊すれば、特別な体験が待っています。朝は、ホテルの天空の湯で太平洋の朝日を楽しみ、リラックスした朝食を味わった後、鴨川シーワールドへ。ここでは、オルカやイルカのパフォーマンスを間近で観賞でき、教育と保護に焦点を当てた展示も魅力的です。昼食には、新鮮な魚を使った地元のオラガ丼を楽しみ、鴨川の海の恵みを堪能しましょう。,JA,dqgMt_xYZsZLFvYV9idoF
xDbfoOCkYnYd_6YC0mNeJ,Marie's Farm,"Marie's Farm in Uonuma City, Niigata Prefecture, offers a delightful blueberry picking experience from July to mid-September. With around 1,000 trees and 30 different varieties, visitors can freely sample the sweet and juicy berries grown in the region's soft water. The farm is family-friendly, with low trees and clean paths, making it easy for children to reach the fruit. It's a perfect spot to enjoy the natural beauty of Niigata while relaxing in the countryside during the summer.",EN,0SnxMfgS1FKO8HeKUtXfp
R-M8mU4RVtLBfHv-ENE4c,マリーの農場,"新潟県の魚沼市にあるマリーの農場は、7月から9月中旬までブルーベリー狩りを楽しむことができる場所です。約1,000本の木と30種類のブルーベリーが広がる美しい農場で、訪れる人々は自由に果実を味わえます。特に、魚沼の柔らかい水で育てられたブルーベリーは、甘くてジューシーで、清らかな味わいが特徴です。家族連れにも優しい設計で、子供たちも簡単に果実に手が届きます。自然の美しさを楽しみながら、リラックスした夏のひとときを過ごすのに最適な場所です。",JA,0SnxMfgS1FKO8HeKUtXfp
xi_0LcTjiaD11YLqRjSJ1,"Azumino, Japan’s Peaceful Highland Getaway","Nestled in a quiet corner of Nagano Prefecture, Azumino offers a slower pace of life with fresh air and stunning mountains. Known as 'Wasabi Town,' it features the impressive Daio Wasabi Farm, where visitors can explore the region's agricultural heritage. In spring and autumn, the Alps Azumino National Government Park showcases beautiful seasonal flowers and gentle hiking trails, perfect for families. Cultural gems like Hotaka Shrine and the Rokuzan Art Museum add to the charm, making Azumino a delightful destination for those seeking tranquility and unique experiences in nature and art.",EN,KnN_PUvWRYSVAEbxBDZVq
0Q2FDrW6WpHdHuRNgOmgY,安曇野、日本の静かな高原の隠れ家,長野県の静かな隅に位置する安曇野は、時間が少しゆっくり流れる場所です。新鮮な空気と近くの山々、そして至る所に魅力が広がっています。「わさびの町」として知られる安曇野では、ダイオわさび農場を訪れることで、地域の農業の魂を感じることができます。春や秋には、アルプス安曇野国営公園で美しい季節の花々やハイキングコースを楽しむことができ、家族連れにも最適です。また、穂高神社や六山美術館などの文化的なスポットも訪れる価値があります。自然と文化が調和した安曇野で、心安らぐひとときを過ごしてみませんか？,JA,KnN_PUvWRYSVAEbxBDZVq
bf9VoLvz2VaCErzhrYyVc,Transit Guide: Tokyo Subway Ticket,"Tokyo is well connected via its subway network, making it easy to explore the city's delicious eats, must-visit shops, and impressive sights. If you plan to take full advantage of Tokyo's metro, consider purchasing the Tokyo Subway Ticket. This discount pass provides unlimited access to all Tokyo Metro and Toei Subway lines for a flat rate. With options for 24, 48, and 72 hours, you are sure to find a pass that fits your itinerary. However, note that this pass does not cover JR Lines. The ticket is valid from the moment you insert it into an automatic ticket gate, with the expiry date printed on the back. Enjoy your experience navigating Tokyo's subway!",EN,aAIvUZkC7o4hd9CPzpYin
CsKVMVcPGRg92m4k2igYO,東京地下鉄チケットのトランジットガイド,東京は地下鉄ネットワークでしっかりとつながっており、街の美味しい食べ物や必見のショップ、印象的な観光地を簡単に探索できます。東京のメトロを最大限に活用する予定なら、東京地下鉄チケットの購入を検討してください。この割引パスは、東京メトロと都営地下鉄の全ての路線に無制限にアクセスできるフラットレートを提供します。24、48、72時間のオプションがあり、あなたの旅程に最適なパスを見つけることができます。ただし、このパスはJR線の利用には適用されません。チケットは自動改札機に挿入した時点から有効で、裏面に有効期限が印刷されます。東京の地下鉄を利用して、素晴らしい体験をお楽しみください。,JA,aAIvUZkC7o4hd9CPzpYin
WGhCXZ2QdkPPf05oL64lY,An Enriching Getaway in Ome City,"Located just 60–90 minutes from the hustle and bustle of Tokyo, Ome City is a haven of natural and cultural allure. With 63% of its area covered in forests, Ome boasts stunning natural treasures like Mitake Gorge, the Tama River, and Mt. Mitake. Outdoor activities such as hiking, fishing, canoeing, and rafting make it an ideal destination for friends, couples, families, or solo travelers. Additionally, cultural workshops offer insights into the region's heritage, including its famous indigo dyeing techniques. For accommodation, Kamenoi Hotel Ome, just a 15-minute walk from Ome Station, provides a tranquil retreat with traditional kaiseki cuisine and natural hot springs. Discover the endless possibilities that await you in Ome City!",EN,Iy-Ff7A_bmPzhPd4-fRy4
3fbCQvjXAxEACzM80WY2J,大自然と文化が魅力の青梅市,東京の喧騒から60〜90分の距離に位置する青梅市は、自然と文化が調和した癒しのスポットです。青梅市は63%が森林で、御岳渓谷や多摩川、御岳山などの自然の宝庫が広がっています。ハイキングや釣り、カヌー、ラフティングなど、アウトドアアクティビティが豊富で、友人やカップル、家族、または一人旅にも最適です。さらに、地域の伝統的な藍染め技術を学べる文化体験も充実しています。宿泊には、青梅駅から徒歩15分の亀の井ホテル青梅がオススメで、自然の静けさを感じながら、和食の懐石料理や温泉を楽しむことができます。青梅市での新しい発見をお楽しみください！,JA,Iy-Ff7A_bmPzhPd4-fRy4
P7pBfrQL-M5pYPyCBpkn-,Saidouji Temple,"Saidouji Temple, located in western Okayama Prefecture, is a tranquil temple known for its stunning approach lined with 78 white torii gates. Set against a lush landscape, visitors can enjoy peaceful walks and photo opportunities. In early summer, around 11,000 hydrangeas bloom, adding vibrant colors to the grounds, with early July being the prime time to visit. Additionally, approximately 5,000 irises can be appreciated. According to local legend, the temple was founded by Kukai, the influential monk who introduced Shingon Buddhism to Japan in the early 9th century. While it may not be as well-known as larger pilgrimage sites, its unique features and serene setting make it a rewarding discovery for those exploring rural Japan.",EN,9kbBuxugG2GnyVs5yY-nm
wbODlZcmvDRmc6W2h8-7M,西道寺,"西道寺は、岡山県の西部に位置する静かな寺院で、78本の白い鳥居が並ぶ美しいアプローチが特徴です。緑豊かな風景の中で、訪れる人々は静かな散策や写真撮影を楽しむことができます。特に初夏には、約11,000本のアジサイが咲き誇り、青や紫、ピンクの色合いが境内を彩ります。7月の初めが見頃です。また、5000本のアイリスも楽しめます。西道寺は、9世紀初頭に真言宗を日本に広めた高僧・空海によって創設されたと伝えられています。観光地としての知名度は低いですが、独自の魅力と静かな環境が、田舎の日本を探求する人々にとっての素晴らしい発見となるでしょう。",JA,9kbBuxugG2GnyVs5yY-nm
8n7_ksjjQhiEzF1zpndh3,What is a Manga Cafe?,"Manga cafes, or manga kissa, are a unique aspect of Japan's hospitality scene, offering a blend of comfort and entertainment. Visitors flock to these cafes for their extensive manga collections and tranquil environments. Established in Nagoya in 1979, the first manga cafe combined the relaxing atmosphere of a traditional cafe with the endless entertainment of manga. Over the years, these establishments have evolved to cater to both casual readers and overnight guests, making them a staple in Japanese cities and inspiring similar venues in South Korea, Taiwan, and beyond.",EN,gZqeZUcozwIkDT_0Z0wiK
DSCM6yN6HtFKQtMrQ3_5y,マンガカフェとは？,日本のユニークなホスピタリティの一環として、マンガカフェ（マンガ喫茶）は特別な存在です。訪れる人々は、広範なマンガコレクションと静かで快適な環境を求めてここに集まります。1979年に名古屋で初めて設立されたマンガカフェは、カフェのリラックスした雰囲気と無限のマンガのエンターテインメントを融合させた新しい社交空間を提供しています。これらのカフェは、読書を楽しむ人々や宿泊を希望する人々のために多様な機能を備えています。マンガカフェは日本の都市に欠かせない存在となり、韓国や台湾などでも同様の施設が誕生しています。,JA,gZqeZUcozwIkDT_0Z0wiK
xFbjqGu9Fx7R_Syvx436K,"70 Nations, One Amazing Meal","At the 2025 World Expo, Kura Sushi Osaka-Kansai Expo restaurant features a remarkable 135-meter-long revolving belt showcasing cuisines from 70 countries. With feedback and tastings from 25 embassies, the restaurant ensures cultural relevance, authentic textures, and deliciousness, providing a once-in-a-lifetime dining experience for thousands of gourmets daily. Celebrating the concept of 'Revolving Belt Unites the World,' Kura Sushi fosters a sense of friendly neighborhood, multicultural awareness, and appreciation for global diversity. Guests can order Japanese classics and world dishes through multilingual tablets on-site. If you're in Japan but can't visit the venue, check out nearby Kura Sushi restaurants, each offering one type of world cuisine until Expo 2025 ends.",EN,JeRmZLT97NUJET9LSUIVc
fMeU_DuW0ZW_9shVHZ_Lf,"70 Nations, One Amazing Meal",2025年のワールドエキスポで、70カ国の料理を楽しめる135メートルの回転ベルトを備えたKura Sushi Osaka-Kansai Expoレストランは、素晴らしい施設です。25の大使館からのフィードバックと試食により、文化的な関連性、真の食感、そして美味しさが保証され、毎日何千人ものグルメにとって一生に一度の食事体験が提供されます。「回転ベルトが世界をつなぐ」というコンセプトを祝うKura Sushiは、友好的な近隣意識、多文化理解、そして世界の多様性への感謝を育んでいます。日本の名物料理や世界の料理を、現地の多言語タブレットを通じて注文できます。日本にいるけれど会場に行けない場合は、全国の544店舗で1種類の世界料理を販売しています。,JA,JeRmZLT97NUJET9LSUIVc
28MIV2aDHC2cjAuhFGbx3,Vegan and Vegetarian Guide in Japan,"Japan is one of the most exciting places to visit, with so much to see, eat, and experience. However, for vegetarians, navigating the food scene can be intimidating. Many iconic dishes are centered around seafood or meat, and vegetarian options can be hard to find. Yet, Japan has a hidden world of plant-based food waiting to be discovered. This guide serves as your companion to exploring the city meat-free, offering insights on where to eat, shop, and explore without compromising your values or appetite. While being vegan or vegetarian in Japan comes with challenges, such as the prevalence of fish-based dashi in many dishes, the landscape is changing. More restaurants are providing English menus and catering to plant-based diets, making it easier to enjoy flavorful vegetarian meals across the country.",EN,zRQ4l5byYfDg5FKAgl_UL
tPk_CPI01D3n7oYAN71pS,日本におけるビーガンとベジタリアンガイド,日本は訪れるのに最も魅力的な場所の一つです。食べることや体験することがたくさんありますが、ベジタリアンにとっては食事が少し intimidating に感じるかもしれません。多くの日本の代表的な料理は海鮮や肉を基にしており、ベジタリアンオプションは必ずしも明確ではありません。しかし、日本には植物ベースの食べ物が隠れており、どこを探せば良いかを知れば、食事がずっと楽しくなります。このガイドは、肉を使わない方法で街をナビゲートするためのコンパニオンです。食事や買い物、探検を通じて、あなたの価値観や食欲を妥協することなく楽しむことができます。日本でのビーガンとベジタリアンの生活には独自の課題がありますが、準備をすれば、全国各地で風味豊かで満足のいくベジタリアン料理を楽しむことができます。,JA,zRQ4l5byYfDg5FKAgl_UL
_Etp0bVDVSx_K1jt6MbIm,Only in Japan: Vending Machines That Go Way Beyond Drinks,"In Japan, convenience is always within reach. With around four million vending machines scattered across the country, they offer more than just drinks; you can find hot meals, umbrellas, and rare collectibles. Japanese vending machines go beyond snacks, serving full hot meals like soba and curry at the push of a button. Popular in business districts and campuses, these machines combine speed and convenience. Dessert vending machines also provide treats like jarred cakes and ice cream. Japan's vending machines transform the simple act of shopping into a unique experience.",EN,UDTAOfSwTABrGZPdN7jlK
1vFurLUtDZXlZ5QFX2udw,日本だけの自動販売機：飲み物を超えた驚きの品々,日本では、便利さが常に手の届くところにあります。約400万台の自動販売機が全国に点在し、飲み物だけでなく、温かい食事や傘、珍しいコレクションまで提供しています。日本の自動販売機は、単なるスナックを超え、そばやカレーなどのフルホットミールをボタン一つで楽しめるのです。ビジネス街やキャンパスで人気のこれらの機械は、スピードと便利さを兼ね備えています。デザート自動販売機では、ジャーケーキやアイスクリームなども手に入ります。日本の自動販売機は、買い物をするというシンプルな行為をユニークな体験に変えています。,JA,UDTAOfSwTABrGZPdN7jlK
3nMUW4QGXkGsP3gVJiOKl,Skeleton Flowers in Japan,"Skeleton flowers, known as sankayou in Japanese, are unique flowers that become transparent after prolonged moisture. Native to mountainous regions in central and northern Japan, these flowers bloom between May and July. To see their ethereal transparent petals, specific conditions such as light rain, morning dew, and high humidity must align. Encountering these magical flowers is a rewarding experience, especially for plant enthusiasts.",EN,cJbyWgx1T0P-ZvTCLqEri
41ykcCzXDCO8KgGig-sOG,日本のスケルトンフラワー,スケルトンフラワー（サンカヨウ）は、湿気が長時間続くと透明になる特別な花です。日本の中央部や北部の山岳地帯、さらにはロシアのサハリンに自生しています。これらの花は、5月から7月にかけて咲き、透明な花びらを見るためには、軽い雨や朝露、霧、低温と高湿度が必要です。条件が整った時にのみ、その美しい姿を楽しむことができます。スケルトンフラワーを見に行く価値は十分にあり、特に植物愛好家には魅力的な体験です。,JA,cJbyWgx1T0P-ZvTCLqEri
afstm7sL6CpwoOs2pMXQs,"Cherry Blossoms, Onsen, and Tochigi Cuisine in Oku","As spring moves northward, Nikko becomes a breathtaking cherry blossom destination. Thanks to its high elevation, the sakura here bloom later than in Tokyo, extending the viewing season into May. The landscape bursts with color as cherry trees reflect in tranquil lakes and frame historical landmarks, such as the UNESCO World Heritage Site Nikko Toshogu Shrine. Amid this beauty, Kamenoi Hotel Oku-Nikko Yumoto, a traditional Ryokan, offers a quiet retreat in the Chuzenji-ko area. This hidden gem provides a peaceful escape from the crowds, with easy access to Nikko’s best cherry blossom spots and natural attractions. Whether you seek relaxation or adventure, it’s the perfect springtime getaway.",EN,qnb_4S8HHYHjW-2lscxjy
zHs5sMv80o1HUPqemzM2Y,奥日光の桜、温泉、そして栃木料理,春が北上するにつれ、日光は息をのむような桜の名所となります。高地に位置するため、ここでは桜が東京より遅く咲き、見頃が5月まで延びます。歴史的な名所である日光東照宮を背景に、静かな湖に映る桜の美しさが広がります。Kamenoi Hotel Oku-Nikko Yumotoは、奥日光の中禅寺湖エリアにある伝統的な旅館で、混雑から逃れた静かな隠れ家を提供します。リラックスや冒険を求める方に最適な春の getaway です。美しい桜の名所や自然の魅力を探索し、心温まる料理を楽しむことができます。,JA,qnb_4S8HHYHjW-2lscxjy
7hF1USPyz7r1uWQ753Yu6,Bokka no Sato,"Bokka no Sato is a family-friendly park located on the Hirugano Plateau in Gifu Prefecture, offering a delightful mix of nature, animal encounters, and local cuisine. At an elevation of 1,000 meters, the park showcases seasonal beauty with blooming tulips, lavender, and cosmos flowers from spring to autumn, while winter transforms the landscape into a snowy wonderland. Visitors can interact with sheep, alpacas, and rabbits, and even try milking Jersey cows, making it especially popular for families with young children. The park also features local flavors, including barbecue meals with Gifu's famous Hida beef and regional dishes like keichan chicken. With easy access and proximity to major Gifu attractions, Bokka no Sato is a perfect addition to your itinerary.",EN,9GxR1kYPsTOG2z2TXou0p
2FoYdgHDw4hlXNxA4rEnI,ボッカの里,"ボッカの里は岐阜県のひるがの高原に位置する家族向けの公園で、自然、動物とのふれあい、地元の食を楽しむことができます。標高1,000メートルにあり、春から秋にかけてはチューリップやラベンダー、コスモスの花畑が広がり、冬には雪に覆われた美しい景色が楽しめます。羊やアルパカ、ウサギと触れ合ったり、ジャージー牛の乳搾りを体験したりすることができ、特に小さな子供を連れた家族に人気です。また、岐阜の名物である飛騨牛のバーベキューや、地元料理のけいちゃん鶏を味わうことができ、ソフトクリームもおすすめです。アクセスも良好で、周辺の観光地への日帰り旅行に最適です。",JA,9GxR1kYPsTOG2z2TXou0p
4PjgNxf_wzbopSj2EDe4t,Garyu Sanso: An Architectural Masterpiece in Harmony with Nature,"Garyu Sanso is a stunning villa located in Ozu City along the Hiji River, transporting you to early twentieth-century Japan. The refined architecture harmonizes beautifully with lush nature, creating a tranquil atmosphere away from the modern world. This impressive structure is designated as a National Important Cultural Property, has received one star from the Michelin Green Guide Japan, and is listed among the '100 Dream Museums: The World’s Finest Architecture.' One of its notable features is the immaculate sukiya-style architecture, characterized by rustic simplicity and predominant use of wood. The interior continues this elegant design with Japanese elements, creating a peaceful ambience close to nature. Enchanting gardens inspire serenity in every season, with stone paths flanked by moss and trees, beautifully blending with the buildings and the Hiji River beyond.",EN,xJlmhtBOyz3qdc_jC8W8_
GXI6qIEkLfqpeZulhPkZF,臥龍山荘：自然と調和した建築の傑作,臥龍山荘は、愛媛県大洲市の肱川沿いに位置する美しい別荘で、20世紀初頭の日本へと誘います。洗練された建築と豊かな自然が見事に調和し、現代の喧騒から離れた静かな雰囲気を醸し出しています。この印象的な建物は国の重要文化財に指定され、ミシュラングリーンガイド日本から1つ星を受け、世界の優れた建築の「100の夢の博物館」にも選ばれています。臥龍山荘の特徴的な建築様式は、茶室に使われる数寄屋造りで、木材の使用と環境との調和が際立っています。内部は、障子や畳、季節のモチーフ、素敵な彫刻が施され、木の温かみが自然に近い穏やかな雰囲気を作り出しています。美しい庭園は四季折々の静けさを提供し、石の小道が苔に囲まれ、木々に囲まれた自然のオアシスを形成しています。,JA,xJlmhtBOyz3qdc_jC8W8_
JJKeoXBBtn2Wkqn-uBsWO,Mentai Park Tokoname,"Mentai Park Tokoname is a theme park dedicated to mentaiko, a flavorful Japanese delicacy. Operated by Kanefuku, visitors can learn about the production process and enjoy unique dishes featuring this beloved seafood. Highlights include a factory tour where fresh mentaiko is prepared, a direct sales shop for high-quality products, and the Mentai Museum with interactive exhibits. The food court offers a variety of dishes, including mentaiko soft serve ice cream. Admission is free, and various payment methods are accepted. Located just 10 minutes on foot from Tokoname Station, it's a must-visit for families and seafood enthusiasts.",EN,6z8EHZ5Ea3MUQTcI2aS34
_Itl0C8u0GtzcwQy3y51K,明太パーク常滑,明太パーク常滑は、味わい深い日本の珍味、明太子に特化したテーマパークです。カネフクが運営しており、訪れる人々は明太子の製造過程を学び、さまざまなユニークな料理を楽しむことができます。工場見学では、新鮮な明太子がどのように作られるかを間近で見ることができ、直売所では工場直送の高品質な明太子を購入できます。また、明太博物館では、インタラクティブな展示やゲームを通じて明太子の歴史や技術を学ぶことができ、家族連れやカップルにとって楽しい体験となります。フードコートでは、明太子を使った多彩な料理が楽しめ、特に明太子ソフトクリームは必見です。入場は無料で、様々な支払い方法が利用可能です。名鉄常滑線の常滑駅から徒歩10分の場所に位置しています。,JA,6z8EHZ5Ea3MUQTcI2aS34
lKFqlEv8cvmLzaNSGA8aJ,Railway Cycling: A Thrilling Outdoor Adventure,"Rail Mountain Bike Gattan-go in the Kamioka area offers an exciting adventure for thrill-seekers. Created to preserve the beautiful nature of the abandoned Kamioka Railway, which closed in 2006, this activity allows riders to enjoy side-by-side mountain bikes on well-maintained tracks. There are two courses available, with the Canyon Course recommended for those wanting a deeper nature experience. Utilizing electrically assisted bicycles, this activity is safe and suitable for beginners. After a safety briefing, groups set off under the guidance of a leader. The Canyon Course, measuring about three kilometers, takes riders through stunning forest scenery.",EN,OQjr07TKt7LqScE0yrBNL
1Ge1To1bathmB_HeED1lb,鉄道サイクリング：スリリングなアウトドアアドベンチャー,神岡エリアでのレールマウンテンバイク「ガッタンゴ」は、冒険を求める人々にとって刺激的な体験です。2006年に閉鎖された神岡鉄道の美しい自然を保存するために作られたこのアクティビティでは、サイドバイサイドのマウンテンバイクに乗り、整備されたレールの上を走ります。2つのコースがあり、特にキャニオンコースは自然を深く体験したい方におすすめです。電動アシスト付きの自転車で、初心者でも安心して楽しめます。安全装備が整った後、ガイドの指導のもと、グループで出発します。キャニオンコースは約3キロの長さで、森の中を進む素晴らしい体験が待っています。,JA,OQjr07TKt7LqScE0yrBNL
r0bruW6d3XrR5zND6TR-2,Lookout Points in Hida and Takayama,"Japan, home to roughly 125 million people, is surprisingly covered in rugged mountains, with the Hida region exemplifying this natural beauty. Recognized as a UNESCO World Heritage site, Hida offers stunning lookout points such as the Ogimachi Castle Observation Deck, which overlooks the famous Shirakawa-go, known for its well-preserved gassho-zukuri farmhouses. Anime fans will appreciate the Hida-Furukawa Station, where scenes from the film Your Name were inspired. Additionally, Mount Anbou provides majestic panoramas of Hida's mountainous landscape. These spots are a must-visit for breathtaking views.",EN,LqjQ3KBq0Geu35xpSutM_
b3WGoGecToumREuB3BxML,飛騨と高山の展望スポット,日本の約125百万人の人口の中で、国土の3分の2が険しい山々に覆われていることに驚くかもしれません。飛騨地域はその自然の美しさを象徴する場所であり、ユネスコの世界遺産にも登録されています。ここでは、荻町城展望台からの白川郷の美しい景色や、アニメ『君の名は。』の舞台となった飛騨古川駅の歩道橋からの風景を楽しむことができます。また、安房岳の山頂からは飛騨の壮大なパノラマを堪能できます。これらのスポットは、訪れる価値がある絶景を提供しています。,JA,LqjQ3KBq0Geu35xpSutM_
YXLXEWcx4HexfR6GiGWm2,Hida Mori no Megumi,"Hida Furukawa is renowned as a hub for medicinal herbs, surrounded by mountains and rivers that foster a deep connection to nature. Hida Mori no Megumi offers herb workshops, a comprehensive retail store, and free samples to drink, making it a one-stop destination for natural medicinal herbs said to relieve various ailments. Experience the gifts of nature and visit this unique place.",EN,87feLEysafZ2X7Uc2Svzk
vqImaykkNY2GD1mbg9sec,飛騨森の恵み,飛騨古川は、長年にわたり薬草の中心地として知られています。山と川に囲まれた飛騨地域は、自然環境と深く結びついており、薬草への関心が高まっています。飛騨森の恵みでは、ハーブワークショップや充実した小売店、試飲用の無料サンプルが提供されており、さまざまな病気を和らげるとされる自然の薬草を一箇所で楽しむことができます。自然の恵みを体験しに、ぜひ訪れてみてください。,JA,87feLEysafZ2X7Uc2Svzk
zldUipama04RT_lygR-fo,Mishima Japanese Candleshop,"Mishima Japanese Candleshop has been in business for over 240 years, run by its seventh-generation owner, Junji Mishima, and his son. The Japanese candles (Wa-rousoku) made here are entirely vegan and handmade using traditional methods. The ‘Kigake’ pure candles are 100% organic and plant-based, traditionally made for Buddhist temples, which forbids animal-based products. These candles are known for their unique features: a permanent flicker to the flame, slow-burning, little smoke, breeze resistance, and good at preventing wax from dripping. It's worth stopping by to see Mishima-san making the candles inside his shop, making it an ideal souvenir from Hida Furukawa.",EN,D9KP62kt_1fmmCBh2hUP4
jIxsfc9hYtKD-UENzcevv,三島和ろうそく店,三島和ろうそく店は240年以上の歴史を持ち、現在は7代目のオーナー、三島純司さんとその息子が運営しています。ここで作られる和ろうそく（和ろうそく）はすべて完全にビーガンで、伝統的な方法で手作りされています。特に「きがけ」純ろうそくは100%オーガニックで植物由来のワックスを使用しており、仏教寺院のために伝統的に作られてきました。これらの和ろうそくは、炎の常時揺らめき、遅い燃焼、少ない煙、風に強い、そしてワックスの垂れを防ぐ特性で知られています。三島さんが店内でろうそくを作る様子を見学するために立ち寄る価値があります。飛騨古川の理想的なお土産としても最適です。,JA,D9KP62kt_1fmmCBh2hUP4
5eWmdZkqNhqLrtMnGgdfH,Time Traveling on the Hitachi,"The Hitachi-no-kuni Long Trail offers a journey through Japan's timeless beauty, set in the picturesque northern Ibaraki Prefecture. This 320-kilometer loop trail traverses diverse terrains, including mountains, forests, and coastal areas, making it perfect for avid hikers and those seeking a peaceful retreat. Easily accessible from Tokyo in just 90 minutes via Hitachi Station, the trail invites you to experience local resources, history, and culture sustainably. Along the way, you will encounter traditional sceneries and unique attractions, particularly in the serene Hanazono Area, known for its religious history. Come and experience the soul of Hitachi.",EN,R9ycFmt-wlLViYUdDLZb-
MbEtuTmkuLQnxk5rSQx6w,日立の国を旅する,日立の国ロングトレイルは、茨城県北部の美しい風景の中を旅する、時を超えた日本の美を体験できる場所です。このトレイルは、山、森、海岸など多様な地形を横断し、全長320キロメートルのループ状になっています。ハイカーや静かなリトリートを求める人々に最適で、日立駅からは東京から90分でアクセス可能です。地元の資源、歴史、文化を活かした持続可能な旅を通じて、伝統的な風景やユニークな観光名所に出会うことができます。特に花園エリアは、宗教的な歴史を持ち、穏やかな雰囲気が漂っています。日立の国の魂を体験しに、ぜひ訪れてみてください。,JA,R9ycFmt-wlLViYUdDLZb-
Ek_LqQTfiLSRFvrylc_qf,"Three Charms to Experience in Fukui: Zen, Taste & Adventure","Fukui, a peaceful and nature-rich prefecture on Japan's northern coast, offers travelers an authentic glimpse into a quieter side of Japan. While major cities like Kyoto and Osaka attract crowds, Fukui invites you to reconnect with nature, indulge in exceptional local cuisine, and explore unique attractions without the tourist rush. Notably, Eihei-ji Temple, with its 800-year history, is a Zen temple cherished by Steve Jobs. Here, visitors can experience the gentle rhythm of Zen life and find tranquility in its serene environment. A highlight for many is ringing the temple's bell, a moment that resonates deeply as its sound carries into the surrounding forest.",EN,93wHveQL2MValdeDhmDPZ
5JPWkyDcK8jf5bXrHUucN,福井で体験する三つの魅力：禅、味、冒険,福井は、日本の北海岸に位置する自然豊かな静かな県で、旅行者に本物の日本の静かな側面を提供しています。京都や大阪のような大都市が観光客を引き寄せる中、福井は自然と再接続し、地元の料理を楽しみ、観光ラッシュのないユニークなアトラクションを探索する機会を提供します。特に、永平寺は、800年の歴史を持つ禅寺で、スティーブ・ジョブズが生前に愛した場所です。ここでは、禅の生活のリズムを体験し、静かな環境で心を落ち着けることができます。訪れる人々は、永平寺の鐘を鳴らすことで、周囲の森に響く深い感動を得ることができるでしょう。,JA,93wHveQL2MValdeDhmDPZ
Bonm2FqLmUzU_eHr6X6cP,"Traveling Japan: Safety tips App, Travel Insurance & More","Japan is known as one of the safest places in the world, attracting millions of travelers each year with peace of mind. However, being prepared makes every trip smoother. Japan prioritizes traveler safety, offering a variety of helpful tools. This article introduces two key resources for a safe and enjoyable experience: the Safety tips app, supervised by the Japan Tourism Agency, and travel insurance options. The app provides real-time disaster information, ensuring travelers are never uninformed during natural events like earthquakes and typhoons. With support for 15 languages, it bridges language gaps, making vital information accessible to all visitors.",EN,QVT-upyJcs3bvceJuLsWG
YpOpiBUbqZsmX1OpH58CM,日本旅行：安全対策アプリ、旅行保険など,日本は世界で最も安全な場所の一つとして知られ、毎年多くの旅行者が安心して訪れます。しかし、準備をすることで旅行がさらにスムーズになります。日本では旅行者の安全が重視されており、役立つツールが豊富にあります。この記事では、旅行者が安全で快適に過ごすための重要なリソースである「Safety tips」アプリと旅行保険の選択肢について紹介します。このアプリは、日本観光庁の監修のもとで作成され、リアルタイムの災害情報を提供します。地震や台風などの自然災害が発生する日本で、旅行者が情報に疎外されることがないようサポートします。アプリは15言語に対応しており、言語の壁を越えて情報を提供します。,JA,QVT-upyJcs3bvceJuLsWG
F2saZZjJYIbwsy2nFS-oJ,Adventure Travel For All In Chitose,"Chitose City, home to New Chitose International Airport, is an unexpected gem for soft adventure. Its pristine nature and accessibility allow you to enjoy Japan without Olympic stamina. Ideal for senior tourists, parents with young kids, conference attendees, or those seeking a low-stress escape, the outdoor activities here are delightful. Notably, Chitose River rafting offers entry-level adventure, inviting you to drift along crystal-clear waters surrounded by gentle nature. From spring to autumn, you may even witness wild salmon swimming upstream. Experience the beauty of Chitose's nature while exploring local culture.",EN,f6SyudEwh3aBh_zdua4u9
g_0E3Ck2TKbYij84RLZMx,千歳のすべての冒険旅行,新千歳空港のある千歳市は、ソフトアドベンチャーの意外な宝石です。手付かずの自然とアクセスの良さが魅力で、オリンピックのスタミナがなくても日本を楽しむことができます。シニア旅行者や小さな子供を連れた親、会議参加者、ストレスの少ない逃避行を求める住民に最適なアウトドアアクティビティが揃っています。特に千歳川のラフティングは、穏やかな自然の中でクリスタルクリアな水を漂う入門レベルの冒険です。春から秋にかけて、色とりどりの野生のサケが遡上する様子を目にするチャンスもあります。千歳の自然を満喫しながら、地元の文化を探求する素晴らしい機会です。,JA,f6SyudEwh3aBh_zdua4u9
XyiPtCD30EtAfrVE5JCIS,SHUNPUDOU: A Hidden Halal Restaurant in Asakusa,"Located just a few minutes’ walk from Asakusa’s iconic Sensoji Temple and Asakusa Station, SHUNPUDOU is a hidden gem nestled quietly in the bustle. This restaurant is renowned for its 100% Halal wagyu ramen and crispy beef cutlets that satisfy both the hearts and senses of its guests. Featuring a prayer space and purification facilities, SHUNPUDOU offers an inclusive Asakusa experience for travelers from around the world. Its signature menu item, “Halal Wagyu Ramen,” boasts a deeply flavorful soup paired with homemade noodles crafted by skilled artisans. The soup is made by slowly simmering halal chicken bones and aromatic vegetables for eight hours, producing a clear, golden broth. Each sip unfolds with layers of umami, making it a must-try when you visit Tokyo.",EN,i4XvL2K0l0CfkIc3F4J09
Bh8A4ueNGOVBqtwtckh_u,SHUNPUDOU: 浅草の隠れたハラールレストラン,浅草の象徴的な浅草寺や浅草駅から徒歩数分の場所に位置するSHUNPUDOUは、静かに隠れた宝石のようなレストランです。100%ハラールの和牛ラーメンとサクサクのビーフカツレツが評判で、訪れるゲストの心と感覚を満たします。祈りのスペースや浄化施設も完備しており、世界中の旅行者にとって包括的な体験を提供します。SHUNPUDOUは、安心して本格的なハラール料理を楽しみたい方や、リラックスした食事体験を求めるグループや家族、旅行中に祈りの時間を優先したいムスリム旅行者におすすめです。特に、スパイシーなスープのA5和牛ラーメンは、8時間かけて煮込まれたスープと自家製の麺が特徴で、最後の一滴まで楽しめる深い味わいです。浅草観光の際には、ぜひ訪れてみてください。,JA,i4XvL2K0l0CfkIc3F4J09
JXsRQJdnDQgP98Qmei-iS,A GranClass Journey to Aomori and Morioka,"The quote, 'It’s not the destination, it’s the journey,' perfectly encapsulates the essence of travel, especially when it comes to Japan's shinkansen. The GranClass, a premium shinkansen car, offers an unparalleled travel experience connecting Aomori and Morioka. With luxurious hospitality, seasonal cuisine, and spacious seating, this journey promises not just a destination but a memorable adventure. Join us as we explore the cultural highlights and culinary delights along the way.",EN,YdTgbyoVT3FIlYSz0v4Q7
4kPXIjA70Gsmfm6xFhdWc,A GranClass Journey to Aomori and Morioka,「目的地ではなく、旅が重要である」という言葉が示すように、旅行はその過程が特に意味深いものです。日本の新幹線、特にグランクラスは、旅の楽しさを体現しています。グランクラスは、東北や北海道、北陸、上越新幹線で運行される特別な車両で、贅沢なホスピタリティと季節の食材を活かした美味しい料理を提供します。青森県と岩手県の盛岡を結ぶこの旅では、素晴らしい料理と文化的なハイライトが待っています。さあ、旅に出かけましょう。,JA,YdTgbyoVT3FIlYSz0v4Q7
NVSBOU7LqHONJM9vo_4Pi,Explore Kochi’s Nature and Culture,"Kochi Prefecture, located on Shikoku Island, is rich in cultural and natural wonders. One of its highlights is the stunning Niyodo Blue, a beautiful hue found in the pristine waters of the Niyodo River, which has been recognized for its exceptional water quality. Visitors can enjoy outdoor activities like kayaking and standup paddleboarding while admiring the river's breathtaking colors. Kochi City offers a wealth of cultural experiences, including renowned castles, temples, and local cuisine. Stay at Kamenoi Hotel Kochi, where luxury meets nature, and discover the unique charm of this off-the-beaten-path destination.",EN,UA4VoPB_EUNkbBRxUI7GV
WVsA6yPsbk_uYfbYxFet9,高知の自然と文化を探る,高知県は四国に位置し、文化と自然の多様な魅力に満ちています。特に有名なのは、清らかな水を湛える仁淀川の美しい青、仁淀ブルーです。この川は日本の水質のベストに選ばれたこともあり、カヤックやスタンドアップパドルボードなどのアウトドアアクティビティを楽しむことができます。また、高知市には日本の名城や寺社、グルメが揃い、豊かな日本の体験が待っています。仁淀川のそばにある亀の井ホテル高知では、自然と贅沢が融合した滞在が楽しめます。高知の魅力をぜひ体験してみてください。,JA,UA4VoPB_EUNkbBRxUI7GV
z7-I9dK3TZ9J_67L3hTk-,"Unique Nansatsu: Sand Baths, Samurai, Katsuo & Green Tea","At the southern tip of Kyushu, Kagoshima Prefecture’s Nansatsu region offers an unexpectedly distinctive side of Japan, where dramatic natural beauty meets deep-rooted history and vibrant local culture. From rugged mountains and steaming hot springs to pristine coastlines and volcanic landscapes, every view feels like a postcard come to life. Nansatsu invites travelers to slow down and connect with the authentic spirit of the south. Experience the unique Ibusuki sunamushi onsen steam sand bath, a restorative ritual that blends natural healing with serene coastal views. Savor regional flavors like fresh katsuo and fragrant green tea, making every moment in this region uniquely Kagoshima.",EN,O8ToDtarONc0w3Ly8VJIr
jKSWbXa6H8FrkCg6uyw-H,ユニークな南薩摩：砂風呂、侍、鰹と緑茶,九州の南端、鹿児島県の南薩地域は、日本の意外に独特な一面を提供します。壮大な自然美と深い歴史、活気ある地元文化が融合したこの地域では、山々や温泉、海岸線、火山の風景が広がり、まるで絵葉書のような景色が楽しめます。南薩では、薩摩の侍の足跡を辿ったり、海辺でリラックスしたり、雄大な開聞岳を眺めたりすることができます。特に、伊豆の砂むし温泉は、世界中で唯一無二の体験を提供し、自然の癒しと南鹿児島の美しい景色を融合させた忘れられないひとときです。新鮮な鰹や香り高い緑茶など、地域の味覚も楽しめます。,JA,O8ToDtarONc0w3Ly8VJIr
IlXf3bBS5I8meBctOg-9v,Nansatsu’s Alcohol: A Gourmet Journey Steeped in Tradition,"When you think of alcohol in Japan, sake is likely the first beverage that pops into your mind. However, Japan's alcohol culture extends beyond this, especially in Nansatsu, Kagoshima Prefecture, where you can explore a variety of delicious spirits like shochu and whisky. This region boasts a warm climate, stunning coastlines, lush nature, and rejuvenating hot springs, making it a perfect destination for food and drink enthusiasts. Visit local distilleries and eateries to immerse yourself in the production processes and enjoy exquisite pairings of food and beverages. Embark on a journey through Nansatsu's rich alcohol heritage!",EN,xJjpjWDDQ0O472iZMMtXm
F5MK4k8jTmlDgDTuDhQLW,南薩摩の酒：伝統に根ざしたグルメの旅,日本の酒といえば、まず思い浮かぶのは日本酒ですが、実は日本の酒文化はそれだけにとどまりません。南薩摩、鹿児島県のこの地域では、焼酎やウイスキーなど、さまざまな美味しい酒が楽しめます。南薩摩は温暖な気候、美しい海岸、豊かな自然、温泉、新鮮な海の幸に恵まれ、酒文化が栄えています。地元の醸造所や飲食店を訪れ、焼酎やウイスキーの製造過程を体験しながら、絶品の料理と共に楽しむことができます。南薩摩の酒の旅に出かけてみませんか？,JA,xJjpjWDDQ0O472iZMMtXm
JdN2OZWRmQ0dPRpGibza6,"A Hidden Getaway in Yaizu, Shizuoka","Yaizu, located southwest of the iconic Mount Fuji, is a port city in Shizuoka Prefecture along Suruga Bay. This seaside town is an ideal weekend getaway from Tokyo, surrounded by natural beauty and offering mesmerizing views of Mount Fuji. Known for its fresh seafood, Yaizu boasts high-quality sushi and seafood rice bowls. The region is also famous for its tea culture, allowing visitors to sample delicious local varieties. After enjoying the stunning landscapes and indulging in premium seafood and tea, relax in the city's natural hot springs. At Kamenoi Hotel Yaizu, you can experience the best of the city, including views of Suruga Bay, traditional kaiseki cuisine, and soothing hot springs. Plan your unforgettable trip to Yaizu and Shizuoka Prefecture today!",EN,VJ9xIB1He9nPvquWm3gUg
oY6eNbLNDo7eLnWR1jYs5,静岡県焼津の隠れた隠れ家,焼津は富士山の南西に位置する静岡県の港町で、駿河湾に沿って広がっています。東京からの週末旅行に最適なこの海辺の街は、自然の美しさに囲まれ、富士山の素晴らしい景色を楽しむことができます。新鮮な海の幸が豊富な焼津では、寿司や海鮮丼を堪能でき、また静岡県の名産であるお茶文化にも触れることができます。温泉もあり、心身をリフレッシュするのにぴったりです。焼津の魅力を存分に味わえる亀の井ホテル焼津では、駿河湾の景色や伝統的な懐石料理、癒しの温泉を楽しむことができます。焼津と静岡県の素晴らしい体験を計画してみませんか？,JA,VJ9xIB1He9nPvquWm3gUg
g0ihPwFd0JogkleYAR4Fe,An Intellectual Journey Through Fujita Tsuguharu’s Legacy in Akita,"Tsuguharu Fujita, also known as Léonard Foujita, was a cosmopolitan painter who conquered the Paris art scene of the 1920s. A member of the École de Paris, he is celebrated for his refined technique and 'milky-white nudes.' However, some of his best works, including the monumental mural 'The Events of Akita,' remain hidden treasures in Japan. By the 1930s, Fujita sought depth beyond fame, finding inspiration in Akita's traditions and seasonal rhythms. Here, he painted not just the life of the region but also a chapter of his own journey.",EN,TZ5EotHPAdWvSI7qn_SSe
-jumWZ2byLYlxrTysOZYz,秋田における藤田嗣治の遺産を巡る知的旅,藤田嗣治、またの名をレオナール・フジタは、1920年代のパリ芸術界を席巻した国際的な画家です。彼はエコール・ド・パリの一員として、洗練された技術と「ミルキー・ホワイト・ヌード」で知られています。しかし、彼の傑作の一つである壁画『秋田の出来事』は、日本の秋田に隠れた宝物として存在しています。1930年代、藤田はパリの喧騒を離れ、秋田の伝統と季節のリズムに魅了され、地域の生活を描きながら自身の旅の一章を表現しました。彼の作品は、単なる名声を超えた深い意味を持っています。,JA,TZ5EotHPAdWvSI7qn_SSe
NVzD4zV7yeXx5oqTgrmeG,A Journey Through an Edo Castle Town From Art Hotel Narita,"Less than an hour from Narita, step back in time to the Edo period (1603-1868). A short trip brings you to the waterways of Sawara and the castle streets of Sakura, where Edo Japan remains remarkably intact. Both towns are relatively uncrowded, allowing for a relaxed journey. At the end of your trip, Art Hotel Narita welcomes you with open-air baths and traditional meals that make you linger. In Sawara, enjoy a tranquil boat tour with local guides sharing stories of its prosperous past. Don't miss the Sawara Grand Festival in July or October, where towering floats parade through narrow streets, showcasing the vibrant traditions of this charming town.",EN,mZX0nUFLo4aC7bJoY2bxa
EuJh1I5t8m79R-5K-iPzR,成田アートホテルからの江戸城下町の旅,成田からわずか1時間で、江戸時代（1603年から1868年）の世界に足を踏み入れましょう。成田から短い旅で、佐原の水路や桜の城下町に到着し、江戸時代の日本が見事に残っています。両町は比較的混雑しておらず、訪問者はリラックスしたゆったりとした旅を楽しむことができます。旅の終わりには、成田アートホテルが開放的な温泉と、思わず長居したくなるような伝統的な豊かな味わいの食事でお迎えします。佐原の小江戸では、伝統的なボートツアーがあり、地元のガイドが佐原の繁栄した過去の物語を語ります。7月や10月には、佐原の大祭りを見逃さないでください。浮き祭りの山車が狭い通りを進む様子は、佐原の伝統が今も生きていることを思い出させてくれます。,JA,mZX0nUFLo4aC7bJoY2bxa
o1XB8AJOLxdzDXQwsGd4L,12 Family,"Shibuya represents Tokyo's energy with its iconic Scramble Crossing, but it also offers a welcoming district full of family-friendly activities. Exploring Shibuya with kids is surprisingly easy, featuring green escapes, cultural spots, and playful dining options. Highlights include the statue of Hachiko, the loyal dog, and Shibuya Sky, which provides breathtaking 360-degree views of Tokyo. Families can enjoy the indoor observation space and the open-air deck at Shibuya Sky, where kids can roam safely while taking in the stunning scenery. In the evening, the illuminated walkway and light displays create a magical atmosphere, making it a perfect family destination.",EN,K8xrsGDxCCjwfLK67puNM
pKq6oAtOJ2TGoK9mbnqEz,12 Family,渋谷は、世界が一斉に動く伝説的なスクランブル交差点を抱える東京のエネルギーを象徴する場所です。しかし、このグローバルアイコンの背後には、家族向けのアクティビティが豊富な歓迎する地区があります。渋谷は子供と一緒に探索するのに驚くほど簡単で、緑の逃避場所、文化的なスポット、遊び心あふれる食事オプションがたくさんあります。ハチ公の像や渋谷スカイなど、子供と親が楽しめる12の家族向けアクティビティを紹介します。特に、渋谷スカイでは、東京の360度の絶景を楽しむことができ、子供たちが安全に遊び回れるオープンエアの展望デッキもあります。夜には、幻想的な光の演出が家族を魅了します。,JA,K8xrsGDxCCjwfLK67puNM
6_1UEfUINNcyTyH3N8ojt,Arima Onsen: One of Japan’s Oldest Hot Spring Towns,"Step away from your everyday life and enter an enchanting world where billowing hot spring steam meets narrow alleyways lined with traditional buildings. Located in Kobe, Arima Onsen is an esteemed hot spring resort in Japan. With over 1,000 years of history, this town offers two hot spring varieties, Kinsen and Ginsen, both rich in minerals and health benefits. In addition to relaxing hot spring facilities, Arima Onsen features delicious Japanese cuisine, traditional crafts, quaint souvenir shops, hiking trails, and beautiful historical sites. Its proximity to Kobe and Osaka makes it an excellent overnight trip for rejuvenation and exploration. Experience the unique charms of this prestigious hot spring resort and immerse yourself in the area's aesthetics, hospitality, and cuisine at Kamenoi Hotel Arima.",EN,gNAJrtKaIQ_sw9T_GTPCO
JRLm1AZVCM7-lSfiwGkZU,有馬温泉：日本最古の温泉街の一つ,"日常生活から離れ、伝統的な建物が並ぶ狭い路地と湯気が立ち上る温泉の魅力的な世界に足を踏み入れましょう。神戸に位置する有馬温泉は、日本で最も評価されている温泉リゾートの一つです。1,000年以上の歴史を感じることができるこの町では、金泉と銀泉という2種類の温泉が楽しめ、どちらも豊富なミネラルを含み、健康に多くの利点をもたらします。リラックスできる温泉施設に加え、美味しい日本料理や伝統工芸、素敵なお土産屋、ハイキングコース、歴史的文化的な名所も揃っています。神戸や大阪からのアクセスも良好で、リフレッシュと探検に最適な一泊旅行先です。豪華な有馬温泉旅館、亀の井ホテルで、地域の美しさやおもてなし、料理をさらに堪能してください。",JA,gNAJrtKaIQ_sw9T_GTPCO
l59_6OMVS8aPaNXE-ARfN,24,"Located in Shibuya Center-gai, 'Yaro Ramen' is a ramen shop that operates 24 hours a day. Its popular dish, 'Buta Yaro,' features tonkotsu ramen topped with a generous amount of char siu pork and stir-fried vegetables, showcasing the unique 'Yaro-style.' Unlike Jiro-style ramen, which uses boiled vegetables, Yaro Ramen's toppings are stir-fried, creating a hearty and satisfying bowl. The rich soup is simmered for over 18 hours to extract umami and is perfectly balanced with a secret soy sauce blend, ensuring you won't tire of the flavor even if you eat it daily. Experience the charm of Yaro Ramen for yourself!",EN,myifesNmZV7i61VssPxKL
M1sTerC01twXdumqoO8NG,24,渋谷センター街に位置する「やろうラーメン」は、24時間営業のラーメン店です。特に人気の「豚野郎」は、チャーシューと炒めた野菜がたっぷり乗ったトンコツラーメンで、独自のスタイルである「やろうスタイル」が特徴です。やろうスタイルは、煮た野菜ではなく炒めた野菜をトッピングに使用し、ボリューム満点の一杯を提供します。スープは18時間以上煮込まれた豚骨から作られ、秘伝の醤油ダレと絶妙に組み合わさり、毎日食べても飽きない味わいを実現しています。ぜひ一度、やろうラーメンの魅力を体験してみてください。,JA,myifesNmZV7i61VssPxKL
KS_K5iH2yRmIW1cesNong,"Awaji Island, Japan: A Hidden Gem in the Seto Inland Sea","Awaji Island, known as Awajishima in Japanese, is a mild-weathered destination located in the Seto Inland Sea between Honshu and Shikoku. With a legendary history, rich cultural attractions, breathtaking nature, and delectable cuisine, this island is an off-the-beaten-path retreat that offers new perspectives of Japan. According to Japan’s Creation Myth in the Kojiki, Awaji Island was the first island created by the deities Izanagi and Izanami. The impressive Akashi Kaikyo Bridge, linking the island to Kobe, is the world’s second longest suspension bridge. Culinary delights, such as beloved onions and high-quality Awaji beef, await visitors. Kamenoi Hotel Awajishima, located on the island’s northern end, encapsulates the island’s charms with ocean views, refreshing hot springs, spacious guest rooms, and regional dishes. Experience Awaji Island’s offerings and find inspiration for your next unforgettable adventure!",EN,xbFNlfQa4rEezAlFs5SDS
IapG55UPr_Hwc0LyfVdea,淡路島、日本：瀬戸内海の隠れた宝石,淡路島（あわじしま）は、本州と四国の間に位置する穏やかな気候の観光地です。伝説的な歴史、豊かな文化的魅力、息をのむような自然、そして地元の美味しい料理が楽しめるこの島は、日本の新たな視点を提供する隠れたリトリートです。淡路島は、古事記に描かれた日本の創造神話において、日本列島の最初の島として創造されたとされています。島の北端には、世界で2番目に長い吊り橋である明石海峡大橋があり、現代の驚異も体験できます。淡路島では、全国的に愛される玉ねぎや高品質の淡路牛などの美食も待っています。北端に位置する亀の井ホテル淡路島は、海の景色、爽やかな温泉、広々とした客室、地域の料理を楽しめる素晴らしい宿泊施設です。淡路島の魅力を体験し、次の忘れられない冒険のインスピレーションを得てください！,JA,xbFNlfQa4rEezAlFs5SDS
20kR76c4odIkl9ZUOn2DM,Nyuto Onsen Village and Its Seven Springs in Akita’s Mountains,"Nestled in the snowy mountains of Akita Prefecture, Nyuto Onsen Village feels like a fairytale retreat. Home to traditional hot spring inns dating back to the Edo period, this village lies at the base of Mount Nyuto, offering a long, snow-laden winter. Consistently ranked among Japan's top hot spring destinations, it is often regarded as a 'secret hot spring you must visit at least once in your life.' The village's signature milky white waters evoke a timeless, mystical image. Tsurunoyu Onsen, the oldest inn, retains its historic charm and offers a beloved local specialty—yamanoimo nabe (mountain yam hot pot)—perfect after a soak in the snow-covered onsen.",EN,z-FP1xJSXa6C83yh1HvKV
0u9X9l4BqrRyd6ZPFqHYe,秋田の山々にある乳頭温泉郷とその七つの湧き水,秋田県の雪に覆われた山々に隠れた乳頭温泉郷は、まるでおとぎ話のような静かな山の隠れ家です。この村には、江戸時代からゲストを迎えている伝統的な温泉宿が集まっています。乳頭山の麓に位置し、約600メートルの高地にあるこの村は、長い雪の季節を持つことで知られています。乳頭温泉郷は、日本の人気温泉地の一つとして常にランクインしており、特に日本の旅行者にとっては「一度は訪れるべき秘密の温泉」として知られています。村の特徴的な乳白色の湯は、訪れる人々に時を超えた神秘的なイメージを与えます。特に、最古の宿である鶴の湯温泉は、歴史的な魅力を保ちながら、温泉の後に楽しむ山の芋鍋が人気です。,JA,z-FP1xJSXa6C83yh1HvKV
L_U5AeZuOVM8WEoGY_lw9,Ann Fragrance Marks a New Chapter With Its New Atelier in Omotesando,"In 2025, Ann Fragrance opens its new atelier in the heart of Omotesando after three wonderful years in Harajuku. Known for its unique, customizable fragrances and the 'Belle Panacée' philosophy (beauty as a form of healing), the brand offers a space designed to make scent-making a personal experience. Located on the third floor of the Prosper Aoyama building, the atelier welcomes guests with a soft red glow at the entrance. Inside, the calming atmosphere features rich navy carpets and soft pink accents, along with a luminous booth for interaction with fragrance specialists. The highlight is the signature scent-blending sessions, where you can choose up to five notes from a curated selection of 37 fragrances. No prior perfume knowledge is needed, as specialists guide you through the process. Embark on a journey to discover your unique scent!",EN,1_WzHsq74OfpO2vl3OXZp
FVQ7V9AvGrPQ6yER16bBB,Ann Fragranceが表参道に新しいアトリエをオープン,2025年、Ann Fragranceは原宿での3年間を経て、表参道の中心に新しいアトリエをオープンします。ユニークでカスタマイズ可能な香水と「Belle Panacée」哲学（癒しの形としての美）で知られるこのブランドは、香り作りを個人的な体験にするためにデザインされた空間を提供します。新しいアトリエはプロスパー青山ビルの3階に位置し、柔らかな赤い光が入口でお出迎え。内部はシネマティックで落ち着いた雰囲気で、香りの専門家と対話できる明るいブースがあります。アトリエのハイライトは、香りのブレンドセッションで、37種類の香りから最大5つのノートを選ぶことができます。香水の知識がなくても、専門家がサポートしてくれるので安心です。自分だけの香りを見つける旅に出かけてみませんか？,JA,1_WzHsq74OfpO2vl3OXZp
V583wmYte9wvkg3yeo6LX,Miyoko Schinner: Japan Vegan Tour 2026,"Join renowned vegan chef Miyoko Schinner on a captivating 10-day tour across Japan, exploring seven prefectures filled with historical sites, time-honored traditions, and exquisite vegan cuisine. Experience local artisan workshops, high-end ryokan stays, and breathtaking landscapes, all during the stunning cherry blossom season. Highlights include a green tea farm visit, a traditional tea ceremony, a sake factory tour, and an exclusive geisha performance. This unique journey promises a stress-free immersion into Japanese culture and culinary delights. Book your spot today for an unforgettable experience!",EN,vcqhna5UmneXGzaTUuaiR
LvlGHqC1U58SkY4Sbl08N,宮子シンナー: 日本ヴィーガンツアー2026,宮子シンナーが案内する日本のグルメの魅力を発見する10日間のツアーです。7つの都道府県を巡り、歴史的な名所や伝統、そして美味しいヴィーガン料理を楽しむことができます。地元の職人によるワークショップや、絶景の中での宿泊を通じて、ストレスフリーな日本体験をお楽しみください。桜の季節に行われるこのツアーは、特別な体験を提供します。高級旅館での宿泊や、緑茶の試飲、味噌作りのワークショップなど、魅力的なアクティビティが盛りだくさんです。今すぐ予約して、忘れられない旅に出かけましょう。,JA,vcqhna5UmneXGzaTUuaiR
DOFcDfQrY9uAm_yM7W4Rs,SEGA Store Tokyo Opens in Shibuya PARCO,"The SEGA Store Tokyo has opened in Shibuya PARCO, blending nostalgia for beloved characters like Sonic the Hedgehog with excitement for current and future gaming, including franchises like Persona and Yakuza. This new flagship store, located on the sixth floor of Shibuya PARCO, aims to deliver the 'world of SEGA as an experience.' On opening day, SEGA executives and renowned artists shared their hopes of passing on the love of SEGA to new generations. The store features exclusive merchandise, including Sonic plush toys and items from the Persona series, making it a must-visit for fans and newcomers alike.",EN,3VcYqrZKm8sQB7dWi7-dl
6tGe5GBSSR3D0GCGiRSH-,SEGAストア東京が渋谷PARCOにオープン,渋谷PARCOにSEGAストア東京がオープンし、セガの人気キャラクターたち、特にソニック・ザ・ヘッジホッグへの懐かしさと、ペルソナや龍が如くなどの最新ゲームへの期待が融合しています。この新しいフラッグシップストアは、渋谷PARCOの6階に位置し、セガの世界を体験できる場所を提供します。オープニングデーには、セガの幹部や著名なアーティストが参加し、セガファンの愛を新しい世代に伝えることへの希望を語りました。ここでしか手に入らない限定商品も多数あり、特にソニックのぬいぐるみや、ペルソナシリーズのグッズが揃っています。セガファンならずとも訪れる価値のあるスポットです。,JA,3VcYqrZKm8sQB7dWi7-dl
t3BqoP-EXHsIb256dNC_x,Ultimate Japan Car Culture Journey,"In this unique tour, you’ll not only get to visit Tokyo Auto Salon 2026, showcasing the latest race cars and modified vehicles, but also dive into Japanese culture and attractions. Japan is a dream destination for car enthusiasts, featuring suped-up Subarus and modified Mitsubishis. Experience scenic drives to Hakone with breathtaking views of Mt. Fuji, visit Motegi Circuit and Fuji Speedway, and explore the Toyota Automobile Museum in Nagoya. With alternative attractions like hot springs and traditional villages available at every stop, this tour from January 9 to 18, 2026, is limited to 20 people, offering an exclusive glimpse into Japan's vibrant car culture.",EN,t3oykq15gbIcOA0mCPwem
KX5h2SeGyZYwUu5ssNZwH,究極の日本の車文化の旅,このユニークなツアーでは、東京オートサロン2026を訪れるだけでなく、日本の文化や観光名所を深く体験できます。スープアップされたスバルや改造された三菱など、車好きには夢のような日本。東京オートサロン2026では、専門のガイドと共に最新のレースカーやストリートリーガル車両を楽しみ、さらにモテギサーキットや富士スピードウェイを訪れ、絶景の富士山を背景にしたドライブを体験します。温泉町の箱根や名古屋のトヨタ自動車博物館も訪れ、伝統的な村や温泉、地元の工芸品も楽しめます。2026年1月9日から18日までの期間、20名限定のこのツアーで、日本の車文化を存分に味わいましょう。,JA,t3oykq15gbIcOA0mCPwem
l2DmhSwOh9xyiNbYQPlHQ,Driving in Japan: Guide to ETC for Highway Toll Gates,"Driving in Japan offers convenience and flexibility, especially on highways. The ETC (Electronic Toll Collection) system streamlines toll payments, making road travel smoother for locals and international visitors alike. An ETC card is a smart card used for automatic wireless payment of toll fees, allowing you to pass through toll gates without stopping, saving time and gas. Discounts are available during late-night hours and holidays, making it even more beneficial for travelers. With an ETC card, you can easily track your journey costs and enjoy a hassle-free driving experience on Japan's expressways.",EN,2W3H7DwRPmr2f-OlBAoF9
bnMuWgjeDXcNcuRlouBOZ,日本の高速道路におけるETCガイド,日本でのドライブは、高速道路を利用することで便利さと柔軟性を提供します。ETC（電子料金収受システム）は、料金所での支払いをスムーズにし、地元の人々や国際的な訪問者にとって快適な道路旅行を実現します。ETCカードは、自動的に料金を支払うためのスマートカードで、料金所で停止することなく通過できるため、時間を節約できます。特に、深夜や休日に利用することで、料金の割引も受けられます。ETCカードを持っていると、旅行のコストを簡単に追跡でき、手間を省くことができます。日本の高速道路を利用する際には、ETCカードを活用して、より快適なドライブを楽しんでください。,JA,2W3H7DwRPmr2f-OlBAoF9
Rqsfm69txYr5jqWu7Nt38,Capcom Tokyo,"For video game enthusiasts visiting Tokyo, the Capcom Store at Shibuya Parco is a must-see destination. Featuring exclusive merchandise from popular franchises like Monster Hunter, Resident Evil, and Street Fighter, the store offers a wide variety of items including apparel, accessories, collectible figures, plush toys, and home goods that are constantly changing. It’s a place where fans can celebrate their favorite characters and tap into the energy of Japan’s gaming culture. Conveniently located just five minutes on foot from Shibuya Station, there are also other Capcom store locations in Osaka, Kobe, and Sendai.",EN,XnP2_oaOjulYw01P4NIlz
Tt6mZIlYOo6NAJebwAfjU,カプコン東京,東京を訪れるゲームファンにとって、渋谷パルコ内のカプコンストアは必見のスポットです。モンスターハンター、バイオハザード、ストリートファイターなどの人気シリーズの限定商品が揃い、アパレルやアクセサリー、コレクターズフィギュア、ぬいぐるみ、ホームグッズなど多彩なアイテムが常に入れ替わります。ここでは、ファンが好きなキャラクターを祝うことができ、日本のゲーム文化のエネルギーを感じることができます。渋谷駅から徒歩5分の便利な立地にあり、他のカプコンストアも大阪、神戸、仙台にあります。,JA,XnP2_oaOjulYw01P4NIlz
w4fWU4uJUzWx5p_IEao3j,Kamenoi Hotel Atami,"Kamenoi Hotel Atami, nestled on a hill in Atami, Shizuoka Prefecture, offers breathtaking views of Sagami Bay and the cityscape. With diverse guest rooms ideal for families, couples, or friends, delicious cuisine, and hot springs, it provides a perfect escape from everyday life. The area is rich in cultural and natural attractions, making it an excellent base for exploring Atami's wonders. Reopened on March 20, 2025, after impressive renovations, the hotel showcases its commitment to quality and comfort. Wake up to stunning ocean views, explore local shrines and nature, and enjoy a relaxing evening with fresh seafood and hot spring baths in luxurious accommodations.",EN,6i71-WKmUqX9UByYGHhtD
kM0cUxVP1pCnnYKF79OFt,亀の井ホテル 熱海,亀の井ホテル 熱海は静岡県熱海の丘に位置し、相模湾の絶景と熱海の市街地を一望できる特別な空間を提供します。家族、カップル、友人に最適な多様な客室、美味しい料理、温泉が揃い、日常から離れてリラックスできる場所です。周辺には文化的・自然的な観光名所が多数あり、熱海の魅力を発見するための素晴らしい拠点となります。2025年3月20日にリニューアルオープンし、質と快適さへのこだわりを示しています。青い空と海に目覚め、神社や伝統芸術、海辺の自然を探索した後は、豪華な宿泊施設で新鮮な海の幸や温泉を楽しみ、リラックスした夜を過ごせます。,JA,6i71-WKmUqX9UByYGHhtD
q-6LyvXvXdMoDgw2Zw4vC,Ushikoi: Lean Meat Yakiniku Specialist,"Ushikoi is a lean meat yakiniku brand with six locations in Tokyo. Starting April 2025, they have revamped their menu for the first time in three years, introducing 19 new items. One highlight is the popular 'Peace Beef,' which has seen a price reduction to ¥800 (¥880 inc. tax) due to supply chain optimizations. This high-protein, low-fat cut is meticulously hand-trimmed and continues to attract repeat customers. Yuto Nagatomo, a current FC Tokyo player, was appointed as an official ambassador in 2023 to endorse the signature Peace Beef dish. Located just a ten-minute walk from Shinjuku Station, Ushikoi is a must-visit for meat lovers.",EN,7YRLukjGd8ClzikUtMKKq
GDTaeCznXCdIiIRt9wdUv,牛恋：赤身肉焼肉専門店,牛恋は赤身肉専門の焼肉ブランドで、東京に6店舗を展開しています。2025年4月から、3年ぶりにメニューを一新し、19種類の新メニューを追加しました。特に人気の「平和牛」は、供給チェーンの最適化により価格が800円（税込880円）に引き下げられ、高タンパク・低脂肪の肉質が特徴です。また、FC東京の選手である長友佑都が2023年に公式アンバサダーに就任し、平和牛を推奨しています。新宿駅から徒歩10分の場所に位置し、訪れる価値のあるお店です。,JA,7YRLukjGd8ClzikUtMKKq
pSD-KKtgGblEkFTtFrrkf,Famous Gyukatsu Restaurant Opening in Arashiyama,"On April 25, 2025, Japan's top gyukatsu restaurant will open its tenth location in Kyoto, near the famous Arashiyama Bamboo Grove. This new restaurant is conveniently located within walking distance from Arashiyama Station and Saga-Arashiyama Station, making it the perfect spot to savor authentic Japanese gyukatsu. Gyukatsu, a deep-fried beef cutlet, features a satisfyingly crunchy exterior and a tender interior, with options for various cuts of beef, including exquisite Japanese black wagyu. The two-story restaurant offers 66 seats, and dining on the second floor provides a stunning view of Arashiyama's lush bamboo scenery. If you're planning a trip to Arashiyama, don't miss the chance to enjoy a memorable meal here.",EN,IDiuD4TWk7TtF-1sBj7mQ
4b-sTbDOM9c1JANk5UIiO,嵐山にオープンする有名な牛カツレストラン,2025年4月25日、日本一の牛カツレストランが京都の嵐山竹林の近くに10店舗目をオープンします。この新しいレストランは、嵐山竹林や嵐山駅、嵯峨嵐山駅から徒歩で簡単にアクセスでき、正真正銘の日本の牛カツを楽しむのに最適なスポットです。牛カツは、パン粉をまぶして揚げた牛肉のカツで、外はサクサク、中は柔らかい食感が特徴です。さまざまな部位の牛肉を選ぶことができ、特に日本の黒毛和牛が絶品です。66席の2階建てのレストランからは、嵐山の美しい竹林を眺めながら食事を楽しむことができます。嵐山を訪れる際は、ぜひ立ち寄ってみてください。,JA,IDiuD4TWk7TtF-1sBj7mQ
AJM9aO8Xd2ciQ5v2y1xLC,Hoshino Resorts Nekoma Mountain,"Tucked away in the mountains of Fukushima Prefecture, Hoshino Resorts Nekoma Mountain is a rare spring destination where travelers can enjoy both deep powder and cherry blossoms in the same trip. With over 250 cm of snow still on the summit as of mid-April, it’s one of the few places in Japan where skiing continues all the way through early May. The resort’s seasonal campaign, 'Spring Nekoma,' offers free ski and snowboard rentals for both adults and children with a valid lift ticket, making it easy for first-timers. With 33 runs and 13 lifts, visitors can enjoy a relaxed skiing experience in soft spring snow. The surrounding area also features cherry blossom viewing spots, adding a unique layer to your spring ski trip.",EN,LG9tpHZNRmeWvbHl9FOou
H0kDYFeWMTXbCNmU9rJWn,星野リゾート 磐梯山,福島県の山々に隠れた星野リゾート磐梯山は、春に深いパウダースノーと桜を同時に楽しめる珍しいスポットです。4月中旬時点で250cm以上の雪が残っており、5月初旬までスキーが楽しめる数少ない場所の一つです。『スプリングネコマ』キャンペーンでは、リフト券を持っている大人と子供にスキーとスノーボードのレンタルが無料で提供され、初心者にも優しい環境が整っています。33本のコースと13基のリフトを備え、春の柔らかい雪と穏やかな気温の中で、リラックスしたスキー体験が楽しめます。周辺では桜の名所もあり、春のスキー旅行に特別な魅力を加えます。,JA,LG9tpHZNRmeWvbHl9FOou
pe13b2leH-z0bqXZEXnyZ,Mysterious Underwater Ruins,"Are you an adventure-seeker with a passion for history and diving? Get ready to explore one of the world's most mysterious underwater sites—Yonaguni! Diayatei East, a popular dive site on Yonaguni Island, is renowned for its dramatic underwater terrain. Surrounded by white sands, this location offers breathtaking natural beauty and a deep sense of mystery. The Yonaguni underwater ruins spark debate over whether they are remnants of an ancient civilization or natural formations. Features like step-like formations and carvings fuel theories of human construction, but their true origins remain uncertain. Discovered by local diver Kihachiro Aratake in 1986, the Yonaguni Monument is a must-visit for diving enthusiasts.",EN,x9OdSmQefzIIUTzVwFMcz
5thqPC4iHjhlqYSAgpBs2,神秘的な水中遺跡,冒険心旺盛で歴史とダイビングに情熱を持つあなたに、世界で最も神秘的な水中サイトの一つ、与那国島を探検する準備を整えましょう！与那国島の南側に位置するダイビングスポット、ディアヤテイ東は、劇的な水中地形で知られています。白い砂に囲まれたこの場所は、息をのむような自然の美しさと深い神秘を提供します。与那国の水中遺跡は、古代文明の遺跡か自然の産物か、意見が分かれています。ステップ状の形成や彫刻のような特徴は人間の手によるものかもしれませんが、その真の起源は不明です。1986年に地元のダイバー、荒武喜八郎によって発見された与那国モニュメントは、ダイビング愛好者にとって必見のスポットです。,JA,x9OdSmQefzIIUTzVwFMcz
WwurLPjvBeM08GrysXfcL,Spring in Japan: Your Seasonal Guide,"Spring in Japan is a time of breathtaking transformation. The cold grip of winter gives way to blooming flowers and longer, sun-drenched days. From March to May, the entire country comes alive with color, parks are filled with picnic-goers doing hanami (flower viewing), and cultural festivals unfold in every corner. This guide covers everything you need to make the most of your journey, from regional weather and what to wear to local events and seasonal foods worth seeking out. The cherry blossom season is a highlight of spring in Japan, making it a must-visit time.",EN,ZdolDtrCG_r_mVPpYSOC2
DyvH4HG4vnGFXLGsBOu2F,日本の春：季節のガイド,日本の春は、息をのむような変化の時期です。冬の寒さが去り、花が咲き、日が長くなります。3月から5月にかけて、全国各地が色とりどりに彩られ、公園では花見を楽しむ人々で賑わい、文化祭が各地で開催されます。このガイドでは、地域ごとの天候や服装、地元のイベント、春の季節の食べ物など、旅を最大限に楽しむための情報を提供します。特に、桜の季節は日本の春のハイライトであり、訪れる価値があります。,JA,ZdolDtrCG_r_mVPpYSOC2
vK3YYF4ttL6WTCPOo3l8x,Japan Travel Ideas: Must,"Japan is a dream destination for travelers, where history, landscape, and contemporary life intersect in unexpected ways. From the neon lights of Tokyo to the ancient temples of Kyoto and the breathtaking landscapes of Hokkaido, every corner reveals something unique. In Tokyo, visit the serene Meiji Jingu Shrine, shop in Harajuku, and experience the gaming arcades of Akihabara. Kyoto offers historical charm with the iconic Fushimi Inari Shrine and the Arashiyama Bamboo Forest. Osaka is a food lover's paradise, famous for street food like takoyaki and okonomiyaki, along with attractions like Universal Studios Japan.",EN,kq5f1sQyFkyBC0d8gXfKW
GeFv0dFCvckzODSpmXCwE,日本旅行アイデア: 必見,日本は旅行者にとって夢のような目的地であり、歴史、風景、現代生活が予想外の形で交差する場所です。東京のネオンの光、京都の古代寺院、北海道の息をのむような風景など、国の隅々には独自の魅力があります。東京では明治神宮を訪れ、原宿で最新のファッションを楽しみ、秋葉原のゲームアーケードで感覚を刺激される体験ができます。京都では、千本鳥居で知られる伏見稲荷大社や金閣寺を訪れ、嵐山の竹林を散策することができます。大阪では、道頓堀でたこ焼きやお好み焼きを味わい、ユニバーサル・スタジオ・ジャパンでスリリングなアトラクションを楽しむことができます。,JA,kq5f1sQyFkyBC0d8gXfKW
7SWOejINkBe1Oz7pvu1Ua,Mitsubishi Ichigokan Museum,"The Mitsubishi Ichigokan Museum, located in Tokyo's Marunouchi district, offers a unique focus on modern art from the late 19th to early 20th century. Just a two-minute walk from Tokyo Station, the museum showcases works by artists like Henri de Toulouse-Lautrec, Odilon Redon, and Félix Vallotton. Opened in 2010, it is housed in a faithful reconstruction of the original Mitsubishi Ichigokan building, an architectural landmark. The museum also features Café 1894 and Store 1894, providing visitors with a special experience. Admission fees vary by exhibition, so checking the official website before your visit is recommended.",EN,KTjUYYorB6v4r1bjQ3lPv
V9edAR-eQlX6tj3kXpVVC,三菱一号館美術館,三菱一号館美術館は、東京の丸の内地区に位置し、19世紀後半から20世紀初頭の現代美術に焦点を当てたユニークな美術館です。東京駅から徒歩わずか2分の距離にあり、トゥールーズ＝ロートレックやオディロン・ルドン、フェリックス・ヴァロットンなどの作品を展示しています。2010年にオープンしたこの美術館は、元の三菱一号館の忠実な再建物に収容されており、建築的なランドマークでもあります。カフェ1894やストア1894も併設されており、訪れる人々に特別な体験を提供しています。入館料は展示によって異なるため、訪問前に公式ウェブサイトで確認することをお勧めします。,JA,KTjUYYorB6v4r1bjQ3lPv
ug-1pI7Ia323VJ8MzsRNI,Ajidokoro Furukawa,"Ajidokoro Furukawa is a large machiya-style restaurant in the city center, located just over the road from Festival Square and its surrounding cultural landmarks. The downstairs restaurant serves a range of local classics: try from a selection of Hida jidori chicken dishes (like local Keichan), Hida ramen, Houba miso, Hida beef steak, or Okuhida Bokunen Soba. The wooden, traditional interior seats up to 44 people in the downstairs restaurant adjacent to a souvenir shop, with zashiki-style tatami seating upstairs available for larger groups. Outside seating provides a scenic rest point — it is also said to be an inspiration for the Your Name anime, where the main characters stopped to eat gohei-mochi (grilled rice cake with miso).",EN,4KP8QWn19epmvH0HzF_nd
C1RpNo8e1KyrgHOk6m3ZW,味処古川,味処古川は、祭り広場や周辺の文化的ランドマークからすぐの市中心部に位置する大きな町屋スタイルのレストランです。1階のレストランでは、飛騨地鶏料理（地元のけいちゃんなど）、飛騨ラーメン、ほうば味噌、飛騨牛ステーキ、奥飛騨蕎麦などの地元の名物料理を楽しめます。伝統的な木造の内装は、土産物店に隣接した1階のレストランで最大44人を収容でき、より大きなグループ向けには2階に座敷スタイルの畳席も用意されています。外の席は景色を楽しむ休憩スポットとしても最適で、アニメ『君の名は。』のインスピレーションとも言われており、主人公たちが食べた五平餅（味噌を塗った焼きおにぎり）を味わうことができます。,JA,4KP8QWn19epmvH0HzF_nd
MhomVfs0J55Gnq5-5OQHQ,Kaoru: Hida Beef Yakiniku,"Kaoru is a restaurant that celebrates Hida beef, a regional delicacy known for its exquisite marbling, tenderness, and flavor. Located just a 15-minute walk from Hida-Hosoe Station, Kaoru offers an excellent opportunity to enjoy high-quality Hida beef at reasonable prices. The cozy wooden interior features both Western and Japanese-style seating, with tatami floors for a traditional dining experience. The most popular menu items are beef sets that include meat, veggies, rice, and miso soup. Diners can enjoy an immersive experience by cooking their own meat and veggies on personal iron plates at each table. Kaoru's simple dishes highlight the quality of its ingredients, making it a perfect spot for foodies to savor Hida's famed beef.",EN,tbFteD6QxHgVe-b5MhJPm
oPpp6ceFuDuDS5YMTb6U-,香る: 飛騨牛焼肉,香るは、飛騨の名物である飛騨牛を楽しむためのレストランです。飛騨牛は、和牛の高品質なサブブランドで、特有の霜降りが特徴で、柔らかさと風味を引き立てます。香るは、リーズナブルな価格で飛騨牛の絶品を味わえる素晴らしいスポットです。飛騨細江駅から徒歩15分の距離にあり、居心地の良い木の内装が魅力です。人気メニューは、肉、野菜、ご飯、味噌汁を含む牛肉セットで、テーブルに設置された個人用の鉄板で自分で肉や野菜を焼くことができます。香るのシンプルな料理は、質の高い食材を引き立てており、食通にとって飛騨の名物牛肉を楽しむのに最適な場所です。,JA,tbFteD6QxHgVe-b5MhJPm
M3AZt1LgXhcXGq9fsZjxm,Hiking Mount Anbou,"If you're staying in the Hida area, a hike up Mount Anbou is highly recommended. Suitable for all levels, the summit can be reached in about 1–1.5 hours, offering plenty of beautiful nature along the way. The trailhead is just a 10-minute walk from the car park, where you follow the road past the cemetery and through a gate into the forest. After about 20 minutes, the dense forest opens up to reveal stunning views of Hida's landscape. At the top, take a well-deserved break under the azumaya-style gazebo and soak in the panoramic views, including the snow-capped Hakusan mountains. In spring, look out for cherry blossoms and the fragrant Japanese spicebush, making this hike a must-visit experience.",EN,mtGzp7r2m7RbkM8V9Cgcy
BFTkZEB6QQo1iGVwjgjs6,安房山のハイキング,飛騨エリアに滞在するなら、安房山の頂上へのハイキングはおすすめです。初心者から上級者まで楽しめるこのコースは、約1〜1.5時間で頂上に到達でき、途中で美しい自然を堪能できます。登山口は駐車場から徒歩10分の距離で、墓地を過ぎてゲートを通り、森林の小道を進むとすぐに見つかります。登山道を進むと、20分ほどで密林が開け、飛騨の美しい風景が見えてきます。頂上では、あずまやの下で休憩しながら、雪をかぶった白山の山々を背景に広がる飛騨の景色を楽しむことができます。特に、春には桜や香り高いクロンモジの花が見られ、訪れる価値があります。,JA,mtGzp7r2m7RbkM8V9Cgcy
okdeIZ8JIzSzZ4A8tXiK3,Yatsusankan Ryokan,"Yatsusankan Ryokan is a traditional Japanese ryokan, overlooking the Araki River and Honkoji just south of Hida’s central district. Registered as a Tangible Cultural Property, Yatsusankan has been running for about 160 years and invites guests to step back in time and experience its warm hospitality and authentic traditional Japanese interiors. Spacious public baths overlook a Japanese garden to create the perfect way to relax and unwind, with cask sake also available to drink and a special open-air ‘rose bath’ for women, or a cascading waterfall for men. Traditional Japanese kaiseki cuisine are finely prepared by head chef Akita-san, making skilful use of local vegetables and Hida beef to round out an authentic menu that reflects the Hida region in style. You can also enjoy other classics like Hida beef steak, sukiyaki, shabu-shabu or Hoba miso (miso/onion grilled on Magnolia leaf).",EN,qWTDRoisz1TDsPrVpR5rx
TAQ-VNE3_IB2st8cMMREf,八山館旅館,八山館旅館は、飛騨の中心地区の南に位置し、荒木川と本光寺を見渡す伝統的な日本の旅館です。約160年の歴史を持ち、登録された有形文化財として、訪れるゲストに温かいおもてなしと本格的な日本のインテリアを体験させます。広々とした公衆浴場は日本庭園を見渡し、リラックスするのに最適な場所です。女性のための特別なオープンエアの「バラ風呂」や、男性のための滝も用意されています。料理長の秋田さんが地元の野菜や飛騨牛を使った伝統的な懐石料理を提供し、飛騨地域のスタイルを反映した本格的なメニューを楽しめます。飛騨牛ステーキ、すき焼き、しゃぶしゃぶ、ホバ味噌などのクラシックな料理も味わえます。,JA,qWTDRoisz1TDsPrVpR5rx
-vQIRY9MtQdqGWj2Jp2py,A Guide to Tono City and Hanamaki City,"Japan is full of undiscovered destinations where preserved history and culture exist alongside local life. Two such hidden gems are Tono City and Hanamaki City in Iwate Prefecture. These neighboring cities act as gateways to different worlds—showcasing traditional customs, folktales, and long-running local businesses in communities free from crowds. You can immerse yourself in the regional cultures and interact with locals. This article introduces some of the cities’ prime activities, restaurants, and accommodations.",EN,9KFLZbUzfH_Qa3ZYrx-NI
8gRxX3Goznee1jS3nuYnS,遠野市と花巻市のガイド,日本には、保存された歴史と文化が地元の生活と共存する未発見の目的地がたくさんあります。その中でも、岩手県にある遠野市と花巻市は隠れた宝石です。これらの隣接する都市は、伝統的な習慣や民話、長年続く地元のビジネスを展示する異なる世界への入り口となっています。観光客の少ないコミュニティで、地域文化に浸り、地元の人々と交流することができます。この記事では、これらの都市の主なアクティビティ、レストラン、宿泊施設を紹介します。,JA,9KFLZbUzfH_Qa3ZYrx-NI
5jNkTPxcN9nXWjm7eRfsq,Spend the Day in Sapporo: Japan’s Northern Metropolis,"Sapporo, the capital of Hokkaido, is a captivating destination where the beauty of nature meets vibrant urban life. Notably, the Sapporo Clock Tower, built in 1878, is Japan's oldest clock tower and offers visitors a glimpse into the city's rich history. This wooden structure has been cherished by locals for over 145 years, and its hourly chime is a must-see. An ideal itinerary is available for experiencing Sapporo's attractions, delicious cuisine, and shopping spots, allowing you to enjoy the diverse allure of northern Japan.",EN,mOFOm6Ie0OIv18xiU47PH
sKYo_FCv0oulLcu_jTY0H,札幌での一日を過ごす：日本の北の大都市,北海道の中心都市、札幌はその美しい自然と活気ある都市生活が融合した魅力的な場所です。特に、札幌時計台は1878年に建てられた日本最古の時計塔で、訪れる人々に歴史を感じさせます。木造のこの建物は、145年以上にわたり地元の人々に愛され続けており、毎時鳴る鐘の音は必見です。札幌の魅力を体験するための理想的な旅程が用意されており、観光名所や美味しい料理、ショッピングスポットを通じて、北の日本の多様な魅力を楽しむことができます。,JA,mOFOm6Ie0OIv18xiU47PH
f0PU_djjPd1TYbs_ZcKWt,Sports Car Self Drive Tour Tokyo,"Tokyo at night is electric, but driving a 600 HP Nissan GTR R35 twin-turbo V6 through it is something else. At the end of October, I experienced a night that felt like a scene straight out of Tokyo Drift. The tour was arranged into two groups with eight cars in total, including GTRs, Skylines, and a Porsche. English- and German-speaking guides led the way, making everything smooth and enjoyable. My group consisted of just two cars: a couple from Italy in a beautiful Nissan Skyline and myself in the GTR. We made stops at iconic locations like Shibuya Crossing and Tokyo Tower, where tourists excitedly took photos of our cars. The GTR's engine roared to life, and the drive through Tokyo's illuminated streets was pure adrenaline, reminding me why I love cars.",EN,HtbhP_j_BnJlQNgs6Qp65
VChfoyuu6tl_yWQTVzVEx,スポーツカー自走ツアー東京,東京の夜は電気のように活気に満ちていますが、600馬力の日産GTR R35ツインターボV6でその中を走るのは別格です。10月の終わりに、まるで『東京ドリフト』のシーンのような夢のような夜を体験しました。このツアーは8台の車を2つのグループに分けて行われ、GTRやスカイライン、ポルシェが混在していました。英語とドイツ語を話すガイドが先導し、スムーズで楽しい体験を提供してくれました。私のグループは、イタリアからのカップルと私の2台だけで、もう1つのグループは主にリバティーウォークチューンのNissanとアジアからの観光客が運転するポルシェでした。シブヤ交差点や東京タワーでの写真撮影は、まるで映画のスターになったかのような気分でした。GTRのエンジン音とスムーズな加速は、車への愛を再確認させてくれました。,JA,HtbhP_j_BnJlQNgs6Qp65
MAJt--ZXlU27bJZqLCXbU,Year,"The Edo Kaido, a network of five major highways, was established during the Edo period to connect the capital with key regions across Japan. The Tokaido, in particular, is a fantastic route to explore in spring and autumn, where you can enjoy cherry blossoms and colorful leaves. Visit the charming town of Sakura, rich in historic architecture and picturesque nature, and immerse yourself in the allure of the Edo Kaido. Modern highways and railways now trace these historic routes, allowing you to discover Japan's beauty and cultural heritage in every season.",EN,QrAkcEkMYHxLdYWKpiYDL
XcjnlzB_C6HtXpA7JJ1gs,年,江戸時代の五大街道、江戸海道は、江戸と日本各地を結ぶ重要な交通路でした。特に東海道は、春の桜や秋の紅葉を楽しむのに最適な場所です。歴史的な建物や美しい自然が広がる桜の町を訪れ、江戸海道の魅力を体験してみてはいかがでしょうか。現代の高速道路や鉄道もこの歴史的なルートに沿って建設されており、四季折々の日本の美しさや文化遺産を探索することができます。,JA,QrAkcEkMYHxLdYWKpiYDL